step,param_name,weight_norm,delta_norm,rel_delta
200,tok_emb_E.weight,2.047821e+02,1.046748e+00,5.111521e-03
200,emb_resid_lut.weights,3.292830e+00,2.996247e+00,9.099307e-01
200,emb_resid_lut.log_soft_score_temp,6.964516e-01,3.304422e-03,4.744654e-03
200,emb_resid_lut.log_select_temp,6.964256e-01,3.278434e-03,4.707515e-03
200,unembedder.weight,1.046397e+02,8.415366e+00,8.042234e-02
200,layers.0.qk_lut.weights,1.891968e+00,1.601642e+00,8.465482e-01
200,layers.0.qk_lut.log_soft_score_temp,6.947941e-01,1.646876e-03,2.370309e-03
200,layers.0.qk_lut.log_select_temp,6.947230e-01,1.575828e-03,2.268282e-03
200,layers.0.v_lut.weights,2.513759e+00,2.054176e+00,8.171728e-01
200,layers.0.v_lut.log_soft_score_temp,6.954240e-01,2.276838e-03,3.274028e-03
200,layers.0.v_lut.log_select_temp,6.954044e-01,2.257228e-03,3.245921e-03
200,layers.0.out_proj.weights,5.598331e+00,4.835648e+00,8.637659e-01
200,layers.0.out_proj.log_soft_score_temp,6.939400e-01,7.928610e-04,1.142550e-03
200,layers.0.out_proj.log_select_temp,6.940252e-01,8.779764e-04,1.265050e-03
200,layers.0.residual_lut.weights,3.173595e+00,2.871853e+00,9.049211e-01
200,layers.0.residual_lut.log_soft_score_temp,6.958497e-01,2.702475e-03,3.883705e-03
200,layers.0.residual_lut.log_select_temp,6.960773e-01,2.930105e-03,4.209453e-03
200,layers.0.q_norm.weight,8.013950e+00,1.583280e-02,1.975655e-03
200,layers.0.q_norm.bias,9.398793e-03,9.398793e-03,1.000000e+00
200,layers.0.k_norm.weight,8.013529e+00,1.532120e-02,1.911916e-03
200,layers.0.k_norm.bias,1.136028e-02,1.136028e-02,1.000000e+00
200,layers.1.qk_lut.weights,1.860407e+00,1.563193e+00,8.402422e-01
200,layers.1.qk_lut.log_soft_score_temp,6.937658e-01,6.186366e-04,8.917081e-04
200,layers.1.qk_lut.log_select_temp,6.946055e-01,1.458347e-03,2.099532e-03
200,layers.1.v_lut.weights,2.374550e+00,1.881073e+00,7.921809e-01
200,layers.1.v_lut.log_soft_score_temp,6.950002e-01,1.852989e-03,2.666171e-03
200,layers.1.v_lut.log_select_temp,6.950631e-01,1.915872e-03,2.756400e-03
200,layers.1.out_proj.weights,6.319385e+00,5.652434e+00,8.944596e-01
200,layers.1.out_proj.log_soft_score_temp,6.915590e-01,1.588225e-03,2.296587e-03
200,layers.1.out_proj.log_select_temp,6.916907e-01,1.456499e-03,2.105709e-03
200,layers.1.residual_lut.weights,3.082229e+00,2.777808e+00,9.012335e-01
200,layers.1.residual_lut.log_soft_score_temp,6.938654e-01,7.182360e-04,1.035123e-03
200,layers.1.residual_lut.log_select_temp,6.949859e-01,1.838684e-03,2.645642e-03
200,layers.1.q_norm.weight,8.008813e+00,1.033004e-02,1.289834e-03
200,layers.1.q_norm.bias,7.380843e-03,7.380843e-03,1.000000e+00
200,layers.1.k_norm.weight,8.008612e+00,1.020197e-02,1.273875e-03
200,layers.1.k_norm.bias,1.110079e-02,1.110079e-02,1.000000e+00
200,layers.2.qk_lut.weights,1.890530e+00,1.595720e+00,8.440596e-01
200,layers.2.qk_lut.log_soft_score_temp,6.941602e-01,1.012981e-03,1.459290e-03
200,layers.2.qk_lut.log_select_temp,6.950989e-01,1.951754e-03,2.807880e-03
200,layers.2.v_lut.weights,2.456577e+00,1.984902e+00,8.079948e-01
200,layers.2.v_lut.log_soft_score_temp,6.946300e-01,1.482844e-03,2.134725e-03
200,layers.2.v_lut.log_select_temp,6.946843e-01,1.537085e-03,2.212638e-03
200,layers.2.out_proj.weights,6.873621e+00,6.252461e+00,9.096315e-01
200,layers.2.out_proj.log_soft_score_temp,6.919987e-01,1.148462e-03,1.659631e-03
200,layers.2.out_proj.log_select_temp,6.920470e-01,1.100183e-03,1.589751e-03
200,layers.2.residual_lut.weights,3.025635e+00,2.719115e+00,8.986926e-01
200,layers.2.residual_lut.log_soft_score_temp,6.924612e-01,6.859899e-04,9.906546e-04
200,layers.2.residual_lut.log_select_temp,6.934674e-01,3.201962e-04,4.617321e-04
200,layers.2.q_norm.weight,8.005881e+00,7.413249e-03,9.259754e-04
200,layers.2.q_norm.bias,4.597766e-03,4.597766e-03,1.000000e+00
200,layers.2.k_norm.weight,8.005761e+00,7.305887e-03,9.125787e-04
200,layers.2.k_norm.bias,8.197266e-03,8.197266e-03,1.000000e+00
200,layers.3.qk_lut.weights,1.903754e+00,1.610579e+00,8.460021e-01
200,layers.3.qk_lut.log_soft_score_temp,6.943778e-01,1.230597e-03,1.772231e-03
200,layers.3.qk_lut.log_select_temp,6.952011e-01,2.053916e-03,2.954421e-03
200,layers.3.v_lut.weights,2.516175e+00,2.057792e+00,8.178256e-01
200,layers.3.v_lut.log_soft_score_temp,6.944979e-01,1.350701e-03,1.944860e-03
200,layers.3.v_lut.log_select_temp,6.945425e-01,1.395345e-03,2.009013e-03
200,layers.3.out_proj.weights,7.730821e+00,7.179684e+00,9.287092e-01
200,layers.3.out_proj.log_soft_score_temp,6.919758e-01,1.171410e-03,1.692848e-03
200,layers.3.out_proj.log_select_temp,6.919962e-01,1.150966e-03,1.663254e-03
200,layers.3.residual_lut.weights,2.988999e+00,2.680313e+00,8.967260e-01
200,layers.3.residual_lut.log_soft_score_temp,6.918347e-01,1.312494e-03,1.897121e-03
200,layers.3.residual_lut.log_select_temp,6.925132e-01,6.339550e-04,9.154410e-04
200,layers.3.q_norm.weight,8.004450e+00,6.068617e-03,7.581554e-04
200,layers.3.q_norm.bias,4.642065e-03,4.642065e-03,1.000000e+00
200,layers.3.k_norm.weight,8.004187e+00,5.726597e-03,7.154502e-04
200,layers.3.k_norm.bias,7.065709e-03,7.065709e-03,1.000000e+00
200,layers.4.qk_lut.weights,1.908068e+00,1.615298e+00,8.465621e-01
200,layers.4.qk_lut.log_soft_score_temp,6.939375e-01,7.903576e-04,1.138946e-03
200,layers.4.qk_lut.log_select_temp,6.947451e-01,1.597881e-03,2.299953e-03
200,layers.4.v_lut.weights,2.628279e+00,2.192166e+00,8.340688e-01
200,layers.4.v_lut.log_soft_score_temp,6.943339e-01,1.186669e-03,1.709075e-03
200,layers.4.v_lut.log_select_temp,6.943664e-01,1.219213e-03,1.755864e-03
200,layers.4.out_proj.weights,8.455091e+00,7.951320e+00,9.404181e-01
200,layers.4.out_proj.log_soft_score_temp,6.923887e-01,7.585287e-04,1.095524e-03
200,layers.4.out_proj.log_select_temp,6.924006e-01,7.465482e-04,1.078203e-03
200,layers.4.residual_lut.weights,3.027860e+00,2.723881e+00,8.996059e-01
200,layers.4.residual_lut.log_soft_score_temp,6.915035e-01,1.643717e-03,2.377020e-03
200,layers.4.residual_lut.log_select_temp,6.919951e-01,1.152098e-03,1.664894e-03
200,layers.4.q_norm.weight,8.003899e+00,5.206234e-03,6.504623e-04
200,layers.4.q_norm.bias,3.875659e-03,3.875659e-03,1.000000e+00
200,layers.4.k_norm.weight,8.003633e+00,5.094785e-03,6.365591e-04
200,layers.4.k_norm.bias,6.558423e-03,6.558423e-03,1.000000e+00
200,layers.5.qk_lut.weights,1.951319e+00,1.664963e+00,8.532498e-01
200,layers.5.qk_lut.log_soft_score_temp,6.938529e-01,7.057190e-04,1.017102e-03
200,layers.5.qk_lut.log_select_temp,6.943750e-01,1.227856e-03,1.768289e-03
200,layers.5.v_lut.weights,2.799171e+00,2.395352e+00,8.557364e-01
200,layers.5.v_lut.log_soft_score_temp,6.940399e-01,8.926988e-04,1.286236e-03
200,layers.5.v_lut.log_select_temp,6.940784e-01,9.312034e-04,1.341640e-03
200,layers.5.out_proj.weights,1.011723e+01,9.699071e+00,9.586689e-01
200,layers.5.out_proj.log_soft_score_temp,6.925433e-01,6.038547e-04,8.719377e-04
200,layers.5.out_proj.log_select_temp,6.925555e-01,5.916953e-04,8.543652e-04
200,layers.5.residual_lut.weights,3.831527e+00,3.583079e+00,9.351568e-01
200,layers.5.residual_lut.log_soft_score_temp,6.915796e-01,1.567602e-03,2.266698e-03
200,layers.5.residual_lut.log_select_temp,6.921049e-01,1.042247e-03,1.505909e-03
200,layers.5.q_norm.weight,8.001394e+00,2.181850e-03,2.726837e-04
200,layers.5.q_norm.bias,2.180974e-03,2.180974e-03,1.000000e+00
200,layers.5.k_norm.weight,8.001289e+00,2.244591e-03,2.805287e-04
200,layers.5.k_norm.bias,3.054356e-03,3.054356e-03,1.000000e+00
200,ln_final.weight,1.967171e+01,7.579581e-02,3.853036e-03
200,ln_final.bias,7.293058e-02,7.293058e-02,1.000000e+00
400,tok_emb_E.weight,2.048681e+02,2.722864e+00,1.329081e-02
400,emb_resid_lut.weights,8.487887e+00,6.682233e+00,7.872670e-01
400,emb_resid_lut.log_soft_score_temp,7.077196e-01,1.126802e-02,1.592159e-02
400,emb_resid_lut.log_select_temp,7.076656e-01,1.123995e-02,1.588313e-02
400,unembedder.weight,1.072159e+02,1.815652e+01,1.693454e-01
400,layers.0.qk_lut.weights,4.737146e+00,3.906282e+00,8.246065e-01
400,layers.0.qk_lut.log_soft_score_temp,6.994252e-01,4.631162e-03,6.621382e-03
400,layers.0.qk_lut.log_select_temp,6.988268e-01,4.103780e-03,5.872385e-03
400,layers.0.v_lut.weights,6.559389e+00,5.627370e+00,8.579107e-01
400,layers.0.v_lut.log_soft_score_temp,7.047732e-01,9.349227e-03,1.326558e-02
400,layers.0.v_lut.log_select_temp,7.046512e-01,9.246826e-03,1.312256e-02
400,layers.0.out_proj.weights,1.386033e+01,1.236777e+01,8.923143e-01
400,layers.0.out_proj.log_soft_score_temp,7.038363e-01,9.896219e-03,1.406040e-02
400,layers.0.out_proj.log_select_temp,7.042722e-01,1.024705e-02,1.454985e-02
400,layers.0.residual_lut.weights,7.352253e+00,6.170678e+00,8.392907e-01
400,layers.0.residual_lut.log_soft_score_temp,6.970695e-01,1.219809e-03,1.749910e-03
400,layers.0.residual_lut.log_select_temp,7.029306e-01,6.853342e-03,9.749671e-03
400,layers.0.q_norm.weight,8.070336e+00,6.049090e-02,7.495461e-03
400,layers.0.q_norm.bias,4.550854e-02,3.655623e-02,8.032830e-01
400,layers.0.k_norm.weight,8.068770e+00,5.929641e-02,7.348878e-03
400,layers.0.k_norm.bias,5.296516e-02,4.266338e-02,8.054989e-01
400,layers.1.qk_lut.weights,4.781477e+00,4.175545e+00,8.732752e-01
400,layers.1.qk_lut.log_soft_score_temp,6.874744e-01,6.291389e-03,9.151452e-03
400,layers.1.qk_lut.log_select_temp,6.939578e-01,6.477237e-04,9.333762e-04
400,layers.1.v_lut.weights,6.086110e+00,5.372299e+00,8.827148e-01
400,layers.1.v_lut.log_soft_score_temp,7.025729e-01,7.572770e-03,1.077862e-02
400,layers.1.v_lut.log_select_temp,7.031912e-01,8.128107e-03,1.155889e-02
400,layers.1.out_proj.weights,1.638378e+01,1.474973e+01,9.002644e-01
400,layers.1.out_proj.log_soft_score_temp,6.840215e-01,7.537484e-03,1.101937e-02
400,layers.1.out_proj.log_select_temp,6.855047e-01,6.186008e-03,9.024021e-03
400,layers.1.residual_lut.weights,6.868110e+00,5.932488e+00,8.637730e-01
400,layers.1.residual_lut.log_soft_score_temp,6.836880e-01,1.017737e-02,1.488599e-02
400,layers.1.residual_lut.log_select_temp,6.883131e-01,6.672740e-03,9.694338e-03
400,layers.1.q_norm.weight,8.036841e+00,3.153730e-02,3.924091e-03
400,layers.1.q_norm.bias,2.793488e-02,2.080756e-02,7.448595e-01
400,layers.1.k_norm.weight,8.035540e+00,3.059360e-02,3.807287e-03
400,layers.1.k_norm.bias,4.269930e-02,3.234302e-02,7.574603e-01
400,layers.2.qk_lut.weights,4.819694e+00,4.200807e+00,8.715921e-01
400,layers.2.qk_lut.log_soft_score_temp,6.880130e-01,6.147146e-03,8.934637e-03
400,layers.2.qk_lut.log_select_temp,6.945593e-01,5.396008e-04,7.768967e-04
400,layers.2.v_lut.weights,6.273321e+00,5.512649e+00,8.787450e-01
400,layers.2.v_lut.log_soft_score_temp,7.014001e-01,6.770074e-03,9.652229e-03
400,layers.2.v_lut.log_select_temp,7.020098e-01,7.325530e-03,1.043508e-02
400,layers.2.out_proj.weights,1.740850e+01,1.551662e+01,8.913240e-01
400,layers.2.out_proj.log_soft_score_temp,6.853785e-01,6.620228e-03,9.659230e-03
400,layers.2.out_proj.log_select_temp,6.860539e-01,5.993128e-03,8.735652e-03
400,layers.2.residual_lut.weights,6.743489e+00,5.921928e+00,8.781698e-01
400,layers.2.residual_lut.log_soft_score_temp,6.817437e-01,1.071751e-02,1.572073e-02
400,layers.2.residual_lut.log_select_temp,6.841277e-01,9.339631e-03,1.365188e-02
400,layers.2.q_norm.weight,8.029585e+00,3.016040e-02,3.756160e-03
400,layers.2.q_norm.bias,2.592999e-02,2.159173e-02,8.326932e-01
400,layers.2.k_norm.weight,8.028591e+00,2.903978e-02,3.617046e-03
400,layers.2.k_norm.bias,3.720365e-02,2.975196e-02,7.997055e-01
400,layers.3.qk_lut.weights,4.815943e+00,4.209930e+00,8.741653e-01
400,layers.3.qk_lut.log_soft_score_temp,6.901901e-01,4.187703e-03,6.067464e-03
400,layers.3.qk_lut.log_select_temp,6.966181e-01,1.417041e-03,2.034172e-03
400,layers.3.v_lut.weights,6.418248e+00,5.645292e+00,8.795690e-01
400,layers.3.v_lut.log_soft_score_temp,6.999467e-01,5.448818e-03,7.784619e-03
400,layers.3.v_lut.log_select_temp,7.006984e-01,6.155908e-03,8.785389e-03
400,layers.3.out_proj.weights,1.951301e+01,1.723164e+01,8.830847e-01
400,layers.3.out_proj.log_soft_score_temp,6.854303e-01,6.545424e-03,9.549365e-03
400,layers.3.out_proj.log_select_temp,6.858501e-01,6.146073e-03,8.961248e-03
400,layers.3.residual_lut.weights,6.723382e+00,5.975153e+00,8.887125e-01
400,layers.3.residual_lut.log_soft_score_temp,6.809891e-01,1.084560e-02,1.592625e-02
400,layers.3.residual_lut.log_select_temp,6.825598e-01,9.953380e-03,1.458243e-02
400,layers.3.q_norm.weight,8.020073e+00,2.080829e-02,2.594527e-03
400,layers.3.q_norm.bias,1.712109e-02,1.279530e-02,7.473413e-01
400,layers.3.k_norm.weight,8.018626e+00,1.942105e-02,2.421992e-03
400,layers.3.k_norm.bias,2.879100e-02,2.239896e-02,7.779849e-01
400,layers.4.qk_lut.weights,4.891982e+00,4.297771e+00,8.785336e-01
400,layers.4.qk_lut.log_soft_score_temp,6.913192e-01,2.618372e-03,3.787502e-03
400,layers.4.qk_lut.log_select_temp,6.959831e-01,1.237988e-03,1.778762e-03
400,layers.4.v_lut.weights,6.801027e+00,5.991560e+00,8.809787e-01
400,layers.4.v_lut.log_soft_score_temp,6.971539e-01,2.820075e-03,4.045125e-03
400,layers.4.v_lut.log_select_temp,6.974128e-01,3.046453e-03,4.368220e-03
400,layers.4.out_proj.weights,2.065302e+01,1.773638e+01,8.587793e-01
400,layers.4.out_proj.log_soft_score_temp,6.874065e-01,4.982173e-03,7.247784e-03
400,layers.4.out_proj.log_select_temp,6.877733e-01,4.627287e-03,6.727925e-03
400,layers.4.residual_lut.weights,6.883823e+00,6.133454e+00,8.909953e-01
400,layers.4.residual_lut.log_soft_score_temp,6.808654e-01,1.063806e-02,1.562432e-02
400,layers.4.residual_lut.log_select_temp,6.822491e-01,9.746015e-03,1.428513e-02
400,layers.4.q_norm.weight,8.009799e+00,7.314438e-03,9.131862e-04
400,layers.4.q_norm.bias,8.511621e-03,5.132872e-03,6.030428e-01
400,layers.4.k_norm.weight,8.009254e+00,7.836219e-03,9.783956e-04
400,layers.4.k_norm.bias,1.652415e-02,1.056042e-02,6.390899e-01
400,layers.5.qk_lut.weights,5.047146e+00,4.445302e+00,8.807554e-01
400,layers.5.qk_lut.log_soft_score_temp,6.928301e-01,1.022756e-03,1.476200e-03
400,layers.5.qk_lut.log_select_temp,6.947750e-01,4.000068e-04,5.757357e-04
400,layers.5.v_lut.weights,7.235003e+00,6.341652e+00,8.765239e-01
400,layers.5.v_lut.log_soft_score_temp,6.965966e-01,2.556741e-03,3.670333e-03
400,layers.5.v_lut.log_select_temp,6.966687e-01,2.590358e-03,3.718207e-03
400,layers.5.out_proj.weights,2.873861e+01,2.330434e+01,8.109071e-01
400,layers.5.out_proj.log_soft_score_temp,6.904595e-01,2.083838e-03,3.018045e-03
400,layers.5.out_proj.log_select_temp,6.907474e-01,1.808107e-03,2.617609e-03
400,layers.5.residual_lut.weights,9.726226e+00,8.233396e+00,8.465149e-01
400,layers.5.residual_lut.log_soft_score_temp,6.824190e-01,9.160578e-03,1.342369e-02
400,layers.5.residual_lut.log_select_temp,6.841613e-01,7.943630e-03,1.161076e-02
400,layers.5.q_norm.weight,8.002797e+00,6.736312e-03,8.417447e-04
400,layers.5.q_norm.bias,4.584239e-03,3.765171e-03,8.213296e-01
400,layers.5.k_norm.weight,8.002462e+00,6.591178e-03,8.236438e-04
400,layers.5.k_norm.bias,9.837172e-03,8.064165e-03,8.197645e-01
400,ln_final.weight,1.988374e+01,2.120735e-01,1.066567e-02
400,ln_final.bias,2.777264e-01,2.053063e-01,7.392394e-01
600,tok_emb_E.weight,2.049651e+02,4.493558e+00,2.192353e-02
600,emb_resid_lut.weights,1.625536e+01,1.057112e+01,6.503157e-01
600,emb_resid_lut.log_soft_score_temp,7.255719e-01,1.785231e-02,2.460446e-02
600,emb_resid_lut.log_select_temp,7.254304e-01,1.776487e-02,2.448873e-02
600,unembedder.weight,1.116503e+02,1.754391e+01,1.571327e-01
600,layers.0.qk_lut.weights,8.520391e+00,5.938491e+00,6.969741e-01
600,layers.0.qk_lut.log_soft_score_temp,7.068197e-01,7.394493e-03,1.046164e-02
600,layers.0.qk_lut.log_select_temp,7.052929e-01,6.466150e-03,9.168035e-03
600,layers.0.v_lut.weights,1.217490e+01,9.120708e+00,7.491406e-01
600,layers.0.v_lut.log_soft_score_temp,7.221562e-01,1.738298e-02,2.407094e-02
600,layers.0.v_lut.log_select_temp,7.218632e-01,1.721191e-02,2.384374e-02
600,layers.0.out_proj.weights,2.550052e+01,2.034323e+01,7.977572e-01
600,layers.0.out_proj.log_soft_score_temp,7.221363e-01,1.830006e-02,2.534155e-02
600,layers.0.out_proj.log_select_temp,7.228760e-01,1.860380e-02,2.573581e-02
600,layers.0.residual_lut.weights,1.267916e+01,9.619882e+00,7.587160e-01
600,layers.0.residual_lut.log_soft_score_temp,6.865025e-01,1.056701e-02,1.539253e-02
600,layers.0.residual_lut.log_select_temp,7.003149e-01,2.615690e-03,3.735020e-03
600,layers.0.q_norm.weight,8.171691e+00,1.054746e-01,1.290731e-02
600,layers.0.q_norm.bias,1.102106e-01,6.516029e-02,5.912343e-01
600,layers.0.k_norm.weight,8.168315e+00,1.036638e-01,1.269097e-02
600,layers.0.k_norm.bias,1.291070e-01,7.735501e-02,5.991542e-01
600,layers.1.qk_lut.weights,8.677404e+00,6.624261e+00,7.633920e-01
600,layers.1.qk_lut.log_soft_score_temp,6.730984e-01,1.437604e-02,2.135801e-02
600,layers.1.qk_lut.log_select_temp,6.893005e-01,4.657328e-03,6.756601e-03
600,layers.1.v_lut.weights,1.143624e+01,9.020222e+00,7.887403e-01
600,layers.1.v_lut.log_soft_score_temp,7.149014e-01,1.232845e-02,1.724496e-02
600,layers.1.v_lut.log_select_temp,7.181944e-01,1.500326e-02,2.089025e-02
600,layers.1.out_proj.weights,2.921693e+01,2.324961e+01,7.957581e-01
600,layers.1.out_proj.log_soft_score_temp,6.744947e-01,9.526789e-03,1.412434e-02
600,layers.1.out_proj.log_select_temp,6.799114e-01,5.593240e-03,8.226425e-03
600,layers.1.residual_lut.weights,1.187379e+01,9.385745e+00,7.904590e-01
600,layers.1.residual_lut.log_soft_score_temp,6.679816e-01,1.570642e-02,2.351325e-02
600,layers.1.residual_lut.log_select_temp,6.759614e-01,1.235169e-02,1.827278e-02
600,layers.1.q_norm.weight,8.084171e+00,5.286591e-02,6.539435e-03
600,layers.1.q_norm.bias,6.122221e-02,3.352274e-02,5.475585e-01
600,layers.1.k_norm.weight,8.080633e+00,5.076775e-02,6.282645e-03
600,layers.1.k_norm.bias,9.288356e-02,5.093677e-02,5.483938e-01
600,layers.2.qk_lut.weights,8.653130e+00,6.603550e+00,7.631401e-01
600,layers.2.qk_lut.log_soft_score_temp,6.763108e-01,1.170224e-02,1.730305e-02
600,layers.2.qk_lut.log_select_temp,6.920276e-01,2.531767e-03,3.658477e-03
600,layers.2.v_lut.weights,1.166352e+01,9.082528e+00,7.787123e-01
600,layers.2.v_lut.log_soft_score_temp,7.142785e-01,1.287842e-02,1.802997e-02
600,layers.2.v_lut.log_select_temp,7.165524e-01,1.454258e-02,2.029521e-02
600,layers.2.out_proj.weights,3.028452e+01,2.371710e+01,7.831425e-01
600,layers.2.out_proj.log_soft_score_temp,6.787969e-01,6.581604e-03,9.695985e-03
600,layers.2.out_proj.log_select_temp,6.820773e-01,3.976583e-03,5.830107e-03
600,layers.2.residual_lut.weights,1.187624e+01,9.467063e+00,7.971433e-01
600,layers.2.residual_lut.log_soft_score_temp,6.668296e-01,1.491410e-02,2.236568e-02
600,layers.2.residual_lut.log_select_temp,6.729577e-01,1.117009e-02,1.659850e-02
600,layers.2.q_norm.weight,8.073956e+00,5.599726e-02,6.935541e-03
600,layers.2.q_norm.bias,6.737965e-02,4.181304e-02,6.205589e-01
600,layers.2.k_norm.weight,8.071829e+00,5.439884e-02,6.739345e-03
600,layers.2.k_norm.bias,9.051309e-02,5.449818e-02,6.021027e-01
600,layers.3.qk_lut.weights,8.693411e+00,6.660055e+00,7.661038e-01
600,layers.3.qk_lut.log_soft_score_temp,6.802525e-01,9.937584e-03,1.460867e-02
600,layers.3.qk_lut.log_select_temp,6.967252e-01,1.070499e-04,1.536473e-04
600,layers.3.v_lut.weights,1.166596e+01,9.039364e+00,7.748493e-01
600,layers.3.v_lut.log_soft_score_temp,7.094340e-01,9.487271e-03,1.337302e-02
600,layers.3.v_lut.log_select_temp,7.117414e-01,1.104295e-02,1.551540e-02
600,layers.3.out_proj.weights,3.376724e+01,2.601655e+01,7.704670e-01
600,layers.3.out_proj.log_soft_score_temp,6.752185e-01,1.021183e-02,1.512373e-02
600,layers.3.out_proj.log_select_temp,6.768929e-01,8.957207e-03,1.323283e-02
600,layers.3.residual_lut.weights,1.188018e+01,9.498056e+00,7.994874e-01
600,layers.3.residual_lut.log_soft_score_temp,6.656861e-01,1.530296e-02,2.298825e-02
600,layers.3.residual_lut.log_select_temp,6.704574e-01,1.210248e-02,1.805109e-02
600,layers.3.q_norm.weight,8.049232e+00,3.713164e-02,4.613067e-03
600,layers.3.q_norm.bias,3.879555e-02,2.198177e-02,5.666055e-01
600,layers.3.k_norm.weight,8.045562e+00,3.583527e-02,4.454042e-03
600,layers.3.k_norm.bias,6.913058e-02,4.088858e-02,5.914688e-01
600,layers.4.qk_lut.weights,8.788107e+00,6.709387e+00,7.634621e-01
600,layers.4.qk_lut.log_soft_score_temp,6.866947e-01,4.624486e-03,6.734414e-03
600,layers.4.qk_lut.log_select_temp,6.988484e-01,2.865374e-03,4.100137e-03
600,layers.4.v_lut.weights,1.236999e+01,9.581012e+00,7.745365e-01
600,layers.4.v_lut.log_soft_score_temp,7.021564e-01,5.002439e-03,7.124395e-03
600,layers.4.v_lut.log_select_temp,7.030490e-01,5.636156e-03,8.016732e-03
600,layers.4.out_proj.weights,3.547355e+01,2.692515e+01,7.590207e-01
600,layers.4.out_proj.log_soft_score_temp,6.797649e-01,7.641613e-03,1.124155e-02
600,layers.4.out_proj.log_select_temp,6.813244e-01,6.448984e-03,9.465366e-03
600,layers.4.residual_lut.weights,1.216761e+01,9.695105e+00,7.967961e-01
600,layers.4.residual_lut.log_soft_score_temp,6.662809e-01,1.458454e-02,2.188948e-02
600,layers.4.residual_lut.log_select_temp,6.707551e-01,1.149398e-02,1.713588e-02
600,layers.4.q_norm.weight,8.024430e+00,1.749509e-02,2.180229e-03
600,layers.4.q_norm.bias,1.685117e-02,8.981371e-03,5.329821e-01
600,layers.4.k_norm.weight,8.023519e+00,1.801279e-02,2.244999e-03
600,layers.4.k_norm.bias,3.341593e-02,1.775811e-02,5.314266e-01
600,layers.5.qk_lut.weights,9.051721e+00,6.915239e+00,7.639695e-01
600,layers.5.qk_lut.log_soft_score_temp,6.896156e-01,3.214538e-03,4.661348e-03
600,layers.5.qk_lut.log_select_temp,6.954091e-01,6.340146e-04,9.117146e-04
600,layers.5.v_lut.weights,1.302769e+01,9.906992e+00,7.604567e-01
600,layers.5.v_lut.log_soft_score_temp,7.006706e-01,4.073977e-03,5.814398e-03
600,layers.5.v_lut.log_select_temp,7.006767e-01,4.007995e-03,5.720177e-03
600,layers.5.out_proj.weights,5.084243e+01,3.437843e+01,6.761758e-01
600,layers.5.out_proj.log_soft_score_temp,6.886217e-01,1.837790e-03,2.668795e-03
600,layers.5.out_proj.log_select_temp,6.900731e-01,6.743073e-04,9.771535e-04
600,layers.5.residual_lut.weights,1.807228e+01,1.249974e+01,6.916527e-01
600,layers.5.residual_lut.log_soft_score_temp,6.736892e-01,8.729756e-03,1.295813e-02
600,layers.5.residual_lut.log_select_temp,6.781515e-01,6.009817e-03,8.862057e-03
600,layers.5.q_norm.weight,8.006933e+00,1.293482e-02,1.615452e-03
600,layers.5.q_norm.bias,1.083886e-02,7.853360e-03,7.245558e-01
600,layers.5.k_norm.weight,8.007196e+00,1.343245e-02,1.677548e-03
600,layers.5.k_norm.bias,2.150262e-02,1.375727e-02,6.397950e-01
600,ln_final.weight,2.021971e+01,3.361965e-01,1.662717e-02
600,ln_final.bias,5.270280e-01,2.497462e-01,4.738767e-01
800,tok_emb_E.weight,2.050866e+02,5.937281e+00,2.895011e-02
800,emb_resid_lut.weights,2.556463e+01,1.366568e+01,5.345542e-01
800,emb_resid_lut.log_soft_score_temp,7.489252e-01,2.335328e-02,3.118239e-02
800,emb_resid_lut.log_select_temp,7.486750e-01,2.324462e-02,3.104767e-02
800,unembedder.weight,1.168596e+02,1.665754e+01,1.425432e-01
800,layers.0.qk_lut.weights,1.315122e+01,8.059303e+00,6.128180e-01
800,layers.0.qk_lut.log_soft_score_temp,7.164622e-01,9.642482e-03,1.345847e-02
800,layers.0.qk_lut.log_select_temp,7.133259e-01,8.032978e-03,1.126130e-02
800,layers.0.v_lut.weights,1.894830e+01,1.251554e+01,6.605102e-01
800,layers.0.v_lut.log_soft_score_temp,7.461824e-01,2.402622e-02,3.219885e-02
800,layers.0.v_lut.log_select_temp,7.455328e-01,2.366960e-02,3.174857e-02
800,layers.0.out_proj.weights,3.955039e+01,2.817620e+01,7.124127e-01
800,layers.0.out_proj.log_soft_score_temp,7.452279e-01,2.309161e-02,3.098598e-02
800,layers.0.out_proj.log_select_temp,7.472171e-01,2.434105e-02,3.257560e-02
800,layers.0.residual_lut.weights,1.857424e+01,1.263412e+01,6.801959e-01
800,layers.0.residual_lut.log_soft_score_temp,6.715206e-01,1.498187e-02,2.231036e-02
800,layers.0.residual_lut.log_select_temp,6.925843e-01,7.730663e-03,1.116205e-02
800,layers.0.q_norm.weight,8.296233e+00,1.314821e-01,1.584841e-02
800,layers.0.q_norm.bias,1.925540e-01,8.279765e-02,4.299970e-01
800,layers.0.k_norm.weight,8.289484e+00,1.276796e-01,1.540260e-02
800,layers.0.k_norm.bias,2.279553e-01,9.998783e-02,4.386290e-01
800,layers.1.qk_lut.weights,1.337537e+01,9.065164e+00,6.777503e-01
800,layers.1.qk_lut.log_soft_score_temp,6.535705e-01,1.952785e-02,2.987872e-02
800,layers.1.qk_lut.log_select_temp,6.844643e-01,4.836202e-03,7.065674e-03
800,layers.1.v_lut.weights,1.781400e+01,1.243018e+01,6.977756e-01
800,layers.1.v_lut.log_soft_score_temp,7.262524e-01,1.135099e-02,1.562954e-02
800,layers.1.v_lut.log_select_temp,7.376474e-01,1.945299e-02,2.637166e-02
800,layers.1.out_proj.weights,4.350093e+01,3.066857e+01,7.050096e-01
800,layers.1.out_proj.log_soft_score_temp,6.627901e-01,1.170456e-02,1.765953e-02
800,layers.1.out_proj.log_select_temp,6.759332e-01,3.978193e-03,5.885482e-03
800,layers.1.residual_lut.weights,1.767175e+01,1.244672e+01,7.043285e-01
800,layers.1.residual_lut.log_soft_score_temp,6.484783e-01,1.950336e-02,3.007557e-02
800,layers.1.residual_lut.log_select_temp,6.622739e-01,1.368749e-02,2.066742e-02
800,layers.1.q_norm.weight,8.145213e+00,6.801368e-02,8.350141e-03
800,layers.1.q_norm.bias,1.035125e-01,4.266811e-02,4.122025e-01
800,layers.1.k_norm.weight,8.138474e+00,6.495768e-02,7.981556e-03
800,layers.1.k_norm.bias,1.552329e-01,6.417013e-02,4.133796e-01
800,layers.2.qk_lut.weights,1.330227e+01,8.996675e+00,6.763265e-01
800,layers.2.qk_lut.log_soft_score_temp,6.613293e-01,1.498151e-02,2.265363e-02
800,layers.2.qk_lut.log_select_temp,6.894619e-01,2.565622e-03,3.721195e-03
800,layers.2.v_lut.weights,1.811913e+01,1.251023e+01,6.904436e-01
800,layers.2.v_lut.log_soft_score_temp,7.304203e-01,1.614177e-02,2.209929e-02
800,layers.2.v_lut.log_select_temp,7.365737e-01,2.002132e-02,2.718169e-02
800,layers.2.out_proj.weights,4.458496e+01,3.104781e+01,6.963740e-01
800,layers.2.out_proj.log_soft_score_temp,6.716425e-01,7.154346e-03,1.065201e-02
800,layers.2.out_proj.log_select_temp,6.802258e-01,1.851439e-03,2.721801e-03
800,layers.2.residual_lut.weights,1.798704e+01,1.257218e+01,6.989578e-01
800,layers.2.residual_lut.log_soft_score_temp,6.516989e-01,1.513070e-02,2.321732e-02
800,layers.2.residual_lut.log_select_temp,6.642265e-01,8.731127e-03,1.314480e-02
800,layers.2.q_norm.weight,8.136410e+00,7.803267e-02,9.590553e-03
800,layers.2.q_norm.bias,1.264145e-01,5.934702e-02,4.694636e-01
800,layers.2.k_norm.weight,8.132256e+00,7.555033e-02,9.290205e-03
800,layers.2.k_norm.bias,1.640228e-01,7.528999e-02,4.590215e-01
800,layers.3.qk_lut.weights,1.332414e+01,9.019599e+00,6.769369e-01
800,layers.3.qk_lut.log_soft_score_temp,6.677065e-01,1.254600e-02,1.878970e-02
800,layers.3.qk_lut.log_select_temp,6.992736e-01,2.548397e-03,3.644348e-03
800,layers.3.v_lut.weights,1.792828e+01,1.231977e+01,6.871697e-01
800,layers.3.v_lut.log_soft_score_temp,7.236638e-01,1.422983e-02,1.966360e-02
800,layers.3.v_lut.log_select_temp,7.285291e-01,1.678771e-02,2.304329e-02
800,layers.3.out_proj.weights,4.918078e+01,3.373274e+01,6.858928e-01
800,layers.3.out_proj.log_soft_score_temp,6.598236e-01,1.539493e-02,2.333188e-02
800,layers.3.out_proj.log_select_temp,6.642180e-01,1.267493e-02,1.908248e-02
800,layers.3.residual_lut.weights,1.800894e+01,1.262997e+01,7.013166e-01
800,layers.3.residual_lut.log_soft_score_temp,6.497458e-01,1.594037e-02,2.453324e-02
800,layers.3.residual_lut.log_select_temp,6.603991e-01,1.005828e-02,1.523061e-02
800,layers.3.q_norm.weight,8.088145e+00,4.866128e-02,6.016371e-03
800,layers.3.q_norm.bias,6.623547e-02,2.780864e-02,4.198452e-01
800,layers.3.k_norm.weight,8.082268e+00,4.734182e-02,5.857492e-03
800,layers.3.k_norm.bias,1.202816e-01,5.237413e-02,4.354293e-01
800,layers.4.qk_lut.weights,1.350137e+01,9.091442e+00,6.733717e-01
800,layers.4.qk_lut.log_soft_score_temp,6.788878e-01,7.806838e-03,1.149945e-02
800,layers.4.qk_lut.log_select_temp,7.036538e-01,4.805386e-03,6.829191e-03
800,layers.4.v_lut.weights,1.890039e+01,1.295176e+01,6.852638e-01
800,layers.4.v_lut.log_soft_score_temp,7.105557e-01,8.399308e-03,1.182076e-02
800,layers.4.v_lut.log_select_temp,7.121093e-01,9.060264e-03,1.272314e-02
800,layers.4.out_proj.weights,5.054084e+01,3.368359e+01,6.664629e-01
800,layers.4.out_proj.log_soft_score_temp,6.691425e-01,1.062238e-02,1.587462e-02
800,layers.4.out_proj.log_select_temp,6.737944e-01,7.529914e-03,1.117539e-02
800,layers.4.residual_lut.weights,1.835759e+01,1.286115e+01,7.005905e-01
800,layers.4.residual_lut.log_soft_score_temp,6.508610e-01,1.541990e-02,2.369154e-02
800,layers.4.residual_lut.log_select_temp,6.606407e-01,1.011437e-02,1.530994e-02
800,layers.4.q_norm.weight,8.046184e+00,2.528284e-02,3.142215e-03
800,layers.4.q_norm.bias,2.754971e-02,1.121769e-02,4.071800e-01
800,layers.4.k_norm.weight,8.044556e+00,2.509658e-02,3.119697e-03
800,layers.4.k_norm.bias,5.371021e-02,2.146122e-02,3.995743e-01
800,layers.5.qk_lut.weights,1.377629e+01,9.244624e+00,6.710535e-01
800,layers.5.qk_lut.log_soft_score_temp,6.858096e-01,3.806055e-03,5.549725e-03
800,layers.5.qk_lut.log_select_temp,6.978691e-01,2.460003e-03,3.525021e-03
800,layers.5.v_lut.weights,1.963527e+01,1.298111e+01,6.611117e-01
800,layers.5.v_lut.log_soft_score_temp,7.072802e-01,6.609559e-03,9.345037e-03
800,layers.5.v_lut.log_select_temp,7.069523e-01,6.275594e-03,8.876969e-03
800,layers.5.out_proj.weights,7.315603e+01,4.276602e+01,5.845864e-01
800,layers.5.out_proj.log_soft_score_temp,6.864288e-01,2.192855e-03,3.194584e-03
800,layers.5.out_proj.log_select_temp,6.900774e-01,4.291534e-06,6.218918e-06
800,layers.5.residual_lut.weights,2.747247e+01,1.579074e+01,5.747843e-01
800,layers.5.residual_lut.log_soft_score_temp,6.652181e-01,8.471191e-03,1.273446e-02
800,layers.5.residual_lut.log_select_temp,6.730052e-01,5.146265e-03,7.646694e-03
800,layers.5.q_norm.weight,8.012677e+00,1.810581e-02,2.259646e-03
800,layers.5.q_norm.bias,1.975661e-02,1.029518e-02,5.211007e-01
800,layers.5.k_norm.weight,8.013252e+00,1.782008e-02,2.223826e-03
800,layers.5.k_norm.bias,3.687856e-02,1.888405e-02,5.120603e-01
800,ln_final.weight,2.066011e+01,4.419854e-01,2.139317e-02
800,ln_final.bias,7.031237e-01,1.778518e-01,2.529452e-01
1000,tok_emb_E.weight,2.052598e+02,7.148861e+00,3.482836e-02
1000,emb_resid_lut.weights,3.587857e+01,1.637031e+01,4.562699e-01
1000,emb_resid_lut.log_soft_score_temp,7.771847e-01,2.825946e-02,3.636131e-02
1000,emb_resid_lut.log_select_temp,7.769158e-01,2.824074e-02,3.634981e-02
1000,unembedder.weight,1.223704e+02,1.638245e+01,1.338760e-01
1000,layers.0.qk_lut.weights,1.847180e+01,1.018976e+01,5.516391e-01
1000,layers.0.qk_lut.log_soft_score_temp,7.267824e-01,1.032025e-02,1.419991e-02
1000,layers.0.qk_lut.log_select_temp,7.219145e-01,8.588612e-03,1.189699e-02
1000,layers.0.v_lut.weights,2.657177e+01,1.573384e+01,5.921264e-01
1000,layers.0.v_lut.log_soft_score_temp,7.744048e-01,2.822238e-02,3.644396e-02
1000,layers.0.v_lut.log_select_temp,7.734193e-01,2.788651e-02,3.605614e-02
1000,layers.0.out_proj.weights,5.541370e+01,3.562704e+01,6.429284e-01
1000,layers.0.out_proj.log_soft_score_temp,7.669853e-01,2.175736e-02,2.836738e-02
1000,layers.0.out_proj.log_select_temp,7.755744e-01,2.835733e-02,3.656300e-02
1000,layers.0.residual_lut.weights,2.497357e+01,1.549286e+01,6.203703e-01
1000,layers.0.residual_lut.log_soft_score_temp,6.549405e-01,1.658010e-02,2.531544e-02
1000,layers.0.residual_lut.log_select_temp,6.836285e-01,8.955777e-03,1.310036e-02
1000,layers.0.q_norm.weight,8.408597e+00,1.239412e-01,1.473982e-02
1000,layers.0.q_norm.bias,2.710093e-01,7.912039e-02,2.919472e-01
1000,layers.0.k_norm.weight,8.396859e+00,1.182990e-01,1.408848e-02
1000,layers.0.k_norm.bias,3.317954e-01,1.054712e-01,3.178802e-01
1000,layers.1.qk_lut.weights,1.871277e+01,1.139693e+01,6.090456e-01
1000,layers.1.qk_lut.log_soft_score_temp,6.326934e-01,2.087712e-02,3.299722e-02
1000,layers.1.qk_lut.log_select_temp,6.846935e-01,2.291799e-04,3.347189e-04
1000,layers.1.v_lut.weights,2.500821e+01,1.563548e+01,6.252140e-01
1000,layers.1.v_lut.log_soft_score_temp,7.444040e-01,1.815158e-02,2.438405e-02
1000,layers.1.v_lut.log_select_temp,7.639598e-01,2.631241e-02,3.444214e-02
1000,layers.1.out_proj.weights,5.892932e+01,3.749415e+01,6.362563e-01
1000,layers.1.out_proj.log_soft_score_temp,6.496977e-01,1.309240e-02,2.015152e-02
1000,layers.1.out_proj.log_select_temp,6.779380e-01,2.004802e-03,2.957206e-03
1000,layers.1.residual_lut.weights,2.416518e+01,1.529786e+01,6.330540e-01
1000,layers.1.residual_lut.log_soft_score_temp,6.295080e-01,1.897025e-02,3.013504e-02
1000,layers.1.residual_lut.log_select_temp,6.523867e-01,9.887218e-03,1.515546e-02
1000,layers.1.q_norm.weight,8.222124e+00,8.446870e-02,1.027334e-02
1000,layers.1.q_norm.bias,1.527341e-01,4.989616e-02,3.266863e-01
1000,layers.1.k_norm.weight,8.210929e+00,8.003951e-02,9.747924e-03
1000,layers.1.k_norm.bias,2.251257e-01,7.166121e-02,3.183165e-01
1000,layers.2.qk_lut.weights,1.859637e+01,1.130666e+01,6.080038e-01
1000,layers.2.qk_lut.log_soft_score_temp,6.461731e-01,1.515621e-02,2.345534e-02
1000,layers.2.qk_lut.log_select_temp,6.895624e-01,1.004338e-04,1.456486e-04
1000,layers.2.v_lut.weights,2.534103e+01,1.564873e+01,6.175256e-01
1000,layers.2.v_lut.log_soft_score_temp,7.541975e-01,2.377719e-02,3.152647e-02
1000,layers.2.v_lut.log_select_temp,7.641444e-01,2.757072e-02,3.608052e-02
1000,layers.2.out_proj.weights,6.030521e+01,3.814040e+01,6.324561e-01
1000,layers.2.out_proj.log_soft_score_temp,6.619231e-01,9.719431e-03,1.468363e-02
1000,layers.2.out_proj.log_select_temp,6.811322e-01,9.063482e-04,1.330650e-03
1000,layers.2.residual_lut.weights,2.491670e+01,1.547476e+01,6.210597e-01
1000,layers.2.residual_lut.log_soft_score_temp,6.400720e-01,1.162684e-02,1.816489e-02
1000,layers.2.residual_lut.log_select_temp,6.599402e-01,4.286289e-03,6.494966e-03
1000,layers.2.q_norm.weight,8.214249e+00,9.539572e-02,1.161344e-02
1000,layers.2.q_norm.bias,1.960664e-01,7.013899e-02,3.577308e-01
1000,layers.2.k_norm.weight,8.208179e+00,9.283692e-02,1.131029e-02
1000,layers.2.k_norm.bias,2.565687e-01,9.453666e-02,3.684653e-01
1000,layers.3.qk_lut.weights,1.858909e+01,1.131449e+01,6.086629e-01
1000,layers.3.qk_lut.log_soft_score_temp,6.562118e-01,1.149470e-02,1.751675e-02
1000,layers.3.qk_lut.log_select_temp,7.070674e-01,7.793844e-03,1.102277e-02
1000,layers.3.v_lut.weights,2.494285e+01,1.536142e+01,6.158647e-01
1000,layers.3.v_lut.log_soft_score_temp,7.438818e-01,2.021801e-02,2.717907e-02
1000,layers.3.v_lut.log_select_temp,7.519469e-01,2.341777e-02,3.114285e-02
1000,layers.3.out_proj.weights,6.558937e+01,4.071600e+01,6.207713e-01
1000,layers.3.out_proj.log_soft_score_temp,6.379508e-01,2.187276e-02,3.428596e-02
1000,layers.3.out_proj.log_select_temp,6.469480e-01,1.726997e-02,2.669452e-02
1000,layers.3.residual_lut.weights,2.495660e+01,1.559835e+01,6.250189e-01
1000,layers.3.residual_lut.log_soft_score_temp,6.371896e-01,1.255620e-02,1.970559e-02
1000,layers.3.residual_lut.log_select_temp,6.542518e-01,6.147265e-03,9.395871e-03
1000,layers.3.q_norm.weight,8.141240e+00,6.362356e-02,7.814971e-03
1000,layers.3.q_norm.bias,1.004329e-01,3.490087e-02,3.475044e-01
1000,layers.3.k_norm.weight,8.130997e+00,6.041059e-02,7.429665e-03
1000,layers.3.k_norm.bias,1.787015e-01,6.009955e-02,3.363126e-01
1000,layers.4.qk_lut.weights,1.885815e+01,1.141869e+01,6.055044e-01
1000,layers.4.qk_lut.log_soft_score_temp,6.775469e-01,1.340926e-03,1.979089e-03
1000,layers.4.qk_lut.log_select_temp,7.145165e-01,1.086271e-02,1.520288e-02
1000,layers.4.v_lut.weights,2.631119e+01,1.621467e+01,6.162654e-01
1000,layers.4.v_lut.log_soft_score_temp,7.243232e-01,1.376754e-02,1.900745e-02
1000,layers.4.v_lut.log_select_temp,7.251893e-01,1.308000e-02,1.803667e-02
1000,layers.4.out_proj.weights,6.679008e+01,4.080944e+01,6.110104e-01
1000,layers.4.out_proj.log_soft_score_temp,6.558603e-01,1.328218e-02,2.025154e-02
1000,layers.4.out_proj.log_select_temp,6.657901e-01,8.004367e-03,1.202236e-02
1000,layers.4.residual_lut.weights,2.532550e+01,1.585012e+01,6.258559e-01
1000,layers.4.residual_lut.log_soft_score_temp,6.362300e-01,1.463097e-02,2.299636e-02
1000,layers.4.residual_lut.log_select_temp,6.522901e-01,8.350611e-03,1.280199e-02
1000,layers.4.q_norm.weight,8.078353e+00,3.754476e-02,4.647577e-03
1000,layers.4.q_norm.bias,4.220222e-02,1.535159e-02,3.637626e-01
1000,layers.4.k_norm.weight,8.076198e+00,3.807619e-02,4.714619e-03
1000,layers.4.k_norm.bias,8.261107e-02,3.056685e-02,3.700091e-01
1000,layers.5.qk_lut.weights,1.914556e+01,1.153576e+01,6.025294e-01
1000,layers.5.qk_lut.log_soft_score_temp,6.850368e-01,7.727146e-04,1.127990e-03
1000,layers.5.qk_lut.log_select_temp,7.039356e-01,6.066561e-03,8.618062e-03
1000,layers.5.v_lut.weights,2.716614e+01,1.617310e+01,5.953405e-01
1000,layers.5.v_lut.log_soft_score_temp,7.192596e-01,1.197946e-02,1.665527e-02
1000,layers.5.v_lut.log_select_temp,7.182137e-01,1.126140e-02,1.567974e-02
1000,layers.5.out_proj.weights,9.600683e+01,5.203732e+01,5.420168e-01
1000,layers.5.out_proj.log_soft_score_temp,6.842657e-01,2.163172e-03,3.161304e-03
1000,layers.5.out_proj.log_select_temp,6.905909e-01,5.134940e-04,7.435575e-04
1000,layers.5.residual_lut.weights,3.735289e+01,1.898939e+01,5.083781e-01
1000,layers.5.residual_lut.log_soft_score_temp,6.576483e-01,7.569790e-03,1.151039e-02
1000,layers.5.residual_lut.log_select_temp,6.687698e-01,4.235387e-03,6.333101e-03
1000,layers.5.q_norm.weight,8.023257e+00,2.351558e-02,2.930926e-03
1000,layers.5.q_norm.bias,3.100894e-02,1.273263e-02,4.106116e-01
1000,layers.5.k_norm.weight,8.024251e+00,2.325846e-02,2.898520e-03
1000,layers.5.k_norm.bias,5.469856e-02,2.088314e-02,3.817859e-01
1000,ln_final.weight,2.119552e+01,5.392607e-01,2.544220e-02
1000,ln_final.bias,8.235685e-01,1.242164e-01,1.508271e-01
1200,tok_emb_E.weight,2.055097e+02,8.362828e+00,4.069310e-02
1200,emb_resid_lut.weights,4.689696e+01,1.900588e+01,4.052689e-01
1200,emb_resid_lut.log_soft_score_temp,8.106339e-01,3.344923e-02,4.126306e-02
1200,emb_resid_lut.log_select_temp,8.104956e-01,3.357983e-02,4.143123e-02
1200,unembedder.weight,1.282329e+02,1.682869e+01,1.312354e-01
1200,layers.0.qk_lut.weights,2.432642e+01,1.222710e+01,5.026263e-01
1200,layers.0.qk_lut.log_soft_score_temp,7.389688e-01,1.218641e-02,1.649110e-02
1200,layers.0.qk_lut.log_select_temp,7.317941e-01,9.879529e-03,1.350042e-02
1200,layers.0.v_lut.weights,3.481136e+01,1.887918e+01,5.423281e-01
1200,layers.0.v_lut.log_soft_score_temp,8.050775e-01,3.067267e-02,3.809903e-02
1200,layers.0.v_lut.log_select_temp,8.036262e-01,3.020698e-02,3.758834e-02
1200,layers.0.out_proj.weights,7.242859e+01,4.242566e+01,5.857585e-01
1200,layers.0.out_proj.log_soft_score_temp,7.623578e-01,4.627466e-03,6.069940e-03
1200,layers.0.out_proj.log_select_temp,7.989749e-01,2.340049e-02,2.928814e-02
1200,layers.0.residual_lut.weights,3.192654e+01,1.836451e+01,5.752114e-01
1200,layers.0.residual_lut.log_soft_score_temp,6.355796e-01,1.936084e-02,3.046171e-02
1200,layers.0.residual_lut.log_select_temp,6.726324e-01,1.099610e-02,1.634786e-02
1200,layers.0.q_norm.weight,8.497099e+00,1.003275e-01,1.180726e-02
1200,layers.0.q_norm.bias,3.352647e-01,6.510226e-02,1.941817e-01
1200,layers.0.k_norm.weight,8.479550e+00,9.362835e-02,1.104166e-02
1200,layers.0.k_norm.bias,4.289000e-01,9.960158e-02,2.322256e-01
1200,layers.1.qk_lut.weights,2.454087e+01,1.360895e+01,5.545421e-01
1200,layers.1.qk_lut.log_soft_score_temp,6.167665e-01,1.592696e-02,2.582332e-02
1200,layers.1.qk_lut.log_select_temp,6.927582e-01,8.064747e-03,1.164150e-02
1200,layers.1.v_lut.weights,3.290928e+01,1.867628e+01,5.675080e-01
1200,layers.1.v_lut.log_soft_score_temp,7.655243e-01,2.112031e-02,2.758934e-02
1200,layers.1.v_lut.log_select_temp,7.940898e-01,3.012997e-02,3.794277e-02
1200,layers.1.out_proj.weights,7.576039e+01,4.435440e+01,5.854563e-01
1200,layers.1.out_proj.log_soft_score_temp,6.344264e-01,1.527137e-02,2.407114e-02
1200,layers.1.out_proj.log_select_temp,6.917915e-01,1.385343e-02,2.002544e-02
1200,layers.1.residual_lut.weights,3.135548e+01,1.821745e+01,5.809973e-01
1200,layers.1.residual_lut.log_soft_score_temp,6.120547e-01,1.745331e-02,2.851594e-02
1200,layers.1.residual_lut.log_select_temp,6.465292e-01,5.857527e-03,9.059958e-03
1200,layers.1.q_norm.weight,8.310414e+00,9.592172e-02,1.154235e-02
1200,layers.1.q_norm.bias,2.082489e-01,5.612216e-02,2.694956e-01
1200,layers.1.k_norm.weight,8.293477e+00,9.009352e-02,1.086318e-02
1200,layers.1.k_norm.bias,3.000634e-01,7.726163e-02,2.574843e-01
1200,layers.2.qk_lut.weights,2.443770e+01,1.353888e+01,5.540159e-01
1200,layers.2.qk_lut.log_soft_score_temp,6.337146e-01,1.245850e-02,1.965949e-02
1200,layers.2.qk_lut.log_select_temp,6.961964e-01,6.633997e-03,9.528916e-03
1200,layers.2.v_lut.weights,3.328686e+01,1.885042e+01,5.663022e-01
1200,layers.2.v_lut.log_soft_score_temp,7.825412e-01,2.834368e-02,3.622005e-02
1200,layers.2.v_lut.log_select_temp,7.968559e-01,3.271145e-02,4.105064e-02
1200,layers.2.out_proj.weights,7.727266e+01,4.497369e+01,5.820129e-01
1200,layers.2.out_proj.log_soft_score_temp,6.473815e-01,1.454157e-02,2.246213e-02
1200,layers.2.out_proj.log_select_temp,6.857288e-01,4.596591e-03,6.703220e-03
1200,layers.2.residual_lut.weights,3.256925e+01,1.836704e+01,5.639379e-01
1200,layers.2.residual_lut.log_soft_score_temp,6.305754e-01,9.496629e-03,1.506026e-02
1200,layers.2.residual_lut.log_select_temp,6.597384e-01,2.018213e-04,3.059111e-04
1200,layers.2.q_norm.weight,8.308407e+00,1.112184e-01,1.338624e-02
1200,layers.2.q_norm.bias,2.725044e-01,7.733841e-02,2.838061e-01
1200,layers.2.k_norm.weight,8.298016e+00,1.055683e-01,1.272211e-02
1200,layers.2.k_norm.bias,3.623176e-01,1.078544e-01,2.976791e-01
1200,layers.3.qk_lut.weights,2.439095e+01,1.355581e+01,5.557720e-01
1200,layers.3.qk_lut.log_soft_score_temp,6.485975e-01,7.614255e-03,1.173957e-02
1200,layers.3.qk_lut.log_select_temp,7.225718e-01,1.550436e-02,2.145719e-02
1200,layers.3.v_lut.weights,3.278286e+01,1.860376e+01,5.674842e-01
1200,layers.3.v_lut.log_soft_score_temp,7.692426e-01,2.536076e-02,3.296849e-02
1200,layers.3.v_lut.log_select_temp,7.827178e-01,3.077090e-02,3.931289e-02
1200,layers.3.out_proj.weights,8.284568e+01,4.752586e+01,5.736673e-01
1200,layers.3.out_proj.log_soft_score_temp,6.107252e-01,2.722561e-02,4.457915e-02
1200,layers.3.out_proj.log_select_temp,6.284596e-01,1.848841e-02,2.941861e-02
1200,layers.3.residual_lut.weights,3.264476e+01,1.852625e+01,5.675106e-01
1200,layers.3.residual_lut.log_soft_score_temp,6.270107e-01,1.017886e-02,1.623396e-02
1200,layers.3.residual_lut.log_select_temp,6.513872e-01,2.864599e-03,4.397690e-03
1200,layers.3.q_norm.weight,8.210542e+00,7.701480e-02,9.379990e-03
1200,layers.3.q_norm.bias,1.353485e-01,3.604973e-02,2.663475e-01
1200,layers.3.k_norm.weight,8.196241e+00,7.529654e-02,9.186715e-03
1200,layers.3.k_norm.bias,2.390183e-01,6.388955e-02,2.672998e-01
1200,layers.4.qk_lut.weights,2.473763e+01,1.367916e+01,5.529695e-01
1200,layers.4.qk_lut.log_soft_score_temp,6.781967e-01,6.498098e-04,9.581436e-04
1200,layers.4.qk_lut.log_select_temp,7.281706e-01,1.365405e-02,1.875117e-02
1200,layers.4.v_lut.weights,3.448719e+01,1.952660e+01,5.661987e-01
1200,layers.4.v_lut.log_soft_score_temp,7.427412e-01,1.841801e-02,2.479735e-02
1200,layers.4.v_lut.log_select_temp,7.415836e-01,1.639432e-02,2.210717e-02
1200,layers.4.out_proj.weights,8.447444e+01,4.847673e+01,5.738626e-01
1200,layers.4.out_proj.log_soft_score_temp,6.372347e-01,1.862562e-02,2.922882e-02
1200,layers.4.out_proj.log_select_temp,6.575367e-01,8.253396e-03,1.255199e-02
1200,layers.4.residual_lut.weights,3.303394e+01,1.885625e+01,5.708144e-01
1200,layers.4.residual_lut.log_soft_score_temp,6.228743e-01,1.335573e-02,2.144210e-02
1200,layers.4.residual_lut.log_select_temp,6.464879e-01,5.802214e-03,8.974977e-03
1200,layers.4.q_norm.weight,8.121709e+00,5.104448e-02,6.284943e-03
1200,layers.4.q_norm.bias,6.146636e-02,2.038505e-02,3.316456e-01
1200,layers.4.k_norm.weight,8.118236e+00,5.090939e-02,6.270992e-03
1200,layers.4.k_norm.bias,1.168067e-01,3.611943e-02,3.092241e-01
1200,layers.5.qk_lut.weights,2.502257e+01,1.386559e+01,5.541233e-01
1200,layers.5.qk_lut.log_soft_score_temp,6.864467e-01,1.409888e-03,2.053893e-03
1200,layers.5.qk_lut.log_select_temp,7.121351e-01,8.199453e-03,1.151390e-02
1200,layers.5.v_lut.weights,3.533989e+01,1.926621e+01,5.451690e-01
1200,layers.5.v_lut.log_soft_score_temp,7.361757e-01,1.691604e-02,2.297826e-02
1200,layers.5.v_lut.log_select_temp,7.342411e-01,1.602739e-02,2.182851e-02
1200,layers.5.out_proj.weights,1.189692e+02,5.825600e+01,4.896728e-01
1200,layers.5.out_proj.log_soft_score_temp,6.805471e-01,3.718615e-03,5.464155e-03
1200,layers.5.out_proj.log_select_temp,6.911002e-01,5.093813e-04,7.370585e-04
1200,layers.5.residual_lut.weights,4.752507e+01,2.201974e+01,4.633289e-01
1200,layers.5.residual_lut.log_soft_score_temp,6.504378e-01,7.210493e-03,1.108560e-02
1200,layers.5.residual_lut.log_select_temp,6.653273e-01,3.442585e-03,5.174274e-03
1200,layers.5.q_norm.weight,8.031429e+00,3.011764e-02,3.749972e-03
1200,layers.5.q_norm.bias,4.217817e-02,1.222367e-02,2.898104e-01
1200,layers.5.k_norm.weight,8.033128e+00,2.941002e-02,3.661092e-03
1200,layers.5.k_norm.bias,7.503750e-02,2.288166e-02,3.049363e-01
1200,ln_final.weight,2.183322e+01,6.435229e-01,2.947449e-02
1200,ln_final.bias,9.195926e-01,1.030746e-01,1.120872e-01
1400,tok_emb_E.weight,2.058512e+02,9.608891e+00,4.667882e-02
1400,emb_resid_lut.weights,5.860449e+01,2.170491e+01,3.703626e-01
1400,emb_resid_lut.log_soft_score_temp,8.500118e-01,3.937793e-02,4.632633e-02
1400,emb_resid_lut.log_select_temp,8.502483e-01,3.975272e-02,4.675425e-02
1400,unembedder.weight,1.341850e+02,1.726110e+01,1.286366e-01
1400,layers.0.qk_lut.weights,3.073157e+01,1.439472e+01,4.684018e-01
1400,layers.0.qk_lut.log_soft_score_temp,7.502910e-01,1.132214e-02,1.509033e-02
1400,layers.0.qk_lut.log_select_temp,7.414420e-01,9.647906e-03,1.301235e-02
1400,layers.0.v_lut.weights,4.370618e+01,2.223675e+01,5.087781e-01
1400,layers.0.v_lut.log_soft_score_temp,8.377484e-01,3.267092e-02,3.899848e-02
1400,layers.0.v_lut.log_select_temp,8.367360e-01,3.310972e-02,3.957010e-02
1400,layers.0.out_proj.weights,9.067293e+01,4.949027e+01,5.458109e-01
1400,layers.0.out_proj.log_soft_score_temp,7.292696e-01,3.308821e-02,4.537171e-02
1400,layers.0.out_proj.log_select_temp,8.001800e-01,1.205087e-03,1.506020e-03
1400,layers.0.residual_lut.weights,3.950557e+01,2.141453e+01,5.420636e-01
1400,layers.0.residual_lut.log_soft_score_temp,6.117734e-01,2.380621e-02,3.891345e-02
1400,layers.0.residual_lut.log_select_temp,6.588208e-01,1.381159e-02,2.096410e-02
1400,layers.0.q_norm.weight,8.558224e+00,7.408206e-02,8.656243e-03
1400,layers.0.q_norm.bias,3.867243e-01,5.281159e-02,1.365613e-01
1400,layers.0.k_norm.weight,8.535810e+00,6.862763e-02,8.039967e-03
1400,layers.0.k_norm.bias,5.146494e-01,9.038851e-02,1.756312e-01
1400,layers.1.qk_lut.weights,3.092547e+01,1.589658e+01,5.140288e-01
1400,layers.1.qk_lut.log_soft_score_temp,6.014862e-01,1.528025e-02,2.540415e-02
1400,layers.1.qk_lut.log_select_temp,7.021891e-01,9.430945e-03,1.343078e-02
1400,layers.1.v_lut.weights,4.153102e+01,2.201718e+01,5.301381e-01
1400,layers.1.v_lut.log_soft_score_temp,7.800614e-01,1.453716e-02,1.863591e-02
1400,layers.1.v_lut.log_select_temp,8.255368e-01,3.144699e-02,3.809278e-02
1400,layers.1.out_proj.weights,9.402834e+01,5.146910e+01,5.473786e-01
1400,layers.1.out_proj.log_soft_score_temp,6.075881e-01,2.683824e-02,4.417177e-02
1400,layers.1.out_proj.log_select_temp,7.062173e-01,1.442581e-02,2.042688e-02
1400,layers.1.residual_lut.weights,3.920938e+01,2.129717e+01,5.431653e-01
1400,layers.1.residual_lut.log_soft_score_temp,5.944080e-01,1.764673e-02,2.968791e-02
1400,layers.1.residual_lut.log_select_temp,6.428244e-01,3.704846e-03,5.763388e-03
1400,layers.1.q_norm.weight,8.399524e+00,9.638031e-02,1.147450e-02
1400,layers.1.q_norm.bias,2.617481e-01,5.432231e-02,2.075366e-01
1400,layers.1.k_norm.weight,8.376623e+00,9.069590e-02,1.082726e-02
1400,layers.1.k_norm.bias,3.721506e-01,7.490638e-02,2.012797e-01
1400,layers.2.qk_lut.weights,3.084175e+01,1.597719e+01,5.180378e-01
1400,layers.2.qk_lut.log_soft_score_temp,6.150637e-01,1.865089e-02,3.032351e-02
1400,layers.2.qk_lut.log_select_temp,7.038892e-01,7.692814e-03,1.092901e-02
1400,layers.2.v_lut.weights,4.199157e+01,2.228665e+01,5.307410e-01
1400,layers.2.v_lut.log_soft_score_temp,8.117722e-01,2.923107e-02,3.600896e-02
1400,layers.2.v_lut.log_select_temp,8.347417e-01,3.788579e-02,4.538624e-02
1400,layers.2.out_proj.weights,9.581019e+01,5.247562e+01,5.477039e-01
1400,layers.2.out_proj.log_soft_score_temp,6.239153e-01,2.346629e-02,3.761134e-02
1400,layers.2.out_proj.log_select_temp,6.909125e-01,5.183697e-03,7.502682e-03
1400,layers.2.residual_lut.weights,4.085286e+01,2.141146e+01,5.241117e-01
1400,layers.2.residual_lut.log_soft_score_temp,6.208562e-01,9.719193e-03,1.565450e-02
1400,layers.2.residual_lut.log_select_temp,6.620870e-01,2.348602e-03,3.547271e-03
1400,layers.2.q_norm.weight,8.410699e+00,1.169866e-01,1.390926e-02
1400,layers.2.q_norm.bias,3.496116e-01,7.862268e-02,2.248858e-01
1400,layers.2.k_norm.weight,8.394069e+00,1.088982e-01,1.297324e-02
1400,layers.2.k_norm.bias,4.727229e-01,1.129812e-01,2.390009e-01
1400,layers.3.qk_lut.weights,3.072601e+01,1.595869e+01,5.193870e-01
1400,layers.3.qk_lut.log_soft_score_temp,6.324726e-01,1.612496e-02,2.549512e-02
1400,layers.3.qk_lut.log_select_temp,7.372994e-01,1.472765e-02,1.997513e-02
1400,layers.3.v_lut.weights,4.144635e+01,2.200738e+01,5.309847e-01
1400,layers.3.v_lut.log_soft_score_temp,7.953429e-01,2.610034e-02,3.281646e-02
1400,layers.3.v_lut.log_select_temp,8.185961e-01,3.587830e-02,4.382907e-02
1400,layers.3.out_proj.weights,1.012018e+02,5.448598e+01,5.383893e-01
1400,layers.3.out_proj.log_soft_score_temp,5.780354e-01,3.268987e-02,5.655341e-02
1400,layers.3.out_proj.log_select_temp,6.136659e-01,1.479375e-02,2.410718e-02
1400,layers.3.residual_lut.weights,4.099557e+01,2.157104e+01,5.261798e-01
1400,layers.3.residual_lut.log_soft_score_temp,6.167632e-01,1.024753e-02,1.661501e-02
1400,layers.3.residual_lut.log_select_temp,6.510812e-01,3.060102e-04,4.700032e-04
1400,layers.3.q_norm.weight,8.302947e+00,9.874911e-02,1.189326e-02
1400,layers.3.q_norm.bias,1.788417e-01,4.485849e-02,2.508279e-01
1400,layers.3.k_norm.weight,8.284447e+00,9.704501e-02,1.171412e-02
1400,layers.3.k_norm.bias,3.118689e-01,7.814769e-02,2.505787e-01
1400,layers.4.qk_lut.weights,3.119558e+01,1.604467e+01,5.143251e-01
1400,layers.4.qk_lut.log_soft_score_temp,6.763480e-01,1.848698e-03,2.733353e-03
1400,layers.4.qk_lut.log_select_temp,7.434844e-01,1.531386e-02,2.059742e-02
1400,layers.4.v_lut.weights,4.337723e+01,2.285342e+01,5.268529e-01
1400,layers.4.v_lut.log_soft_score_temp,7.674956e-01,2.475441e-02,3.225348e-02
1400,layers.4.v_lut.log_select_temp,7.632235e-01,2.163994e-02,2.835335e-02
1400,layers.4.out_proj.weights,1.037148e+02,5.613725e+01,5.412654e-01
1400,layers.4.out_proj.log_soft_score_temp,6.170750e-01,2.015966e-02,3.266971e-02
1400,layers.4.out_proj.log_select_temp,6.515102e-01,6.026506e-03,9.250057e-03
1400,layers.4.residual_lut.weights,4.148402e+01,2.194687e+01,5.290440e-01
1400,layers.4.residual_lut.log_soft_score_temp,6.098090e-01,1.306528e-02,2.142520e-02
1400,layers.4.residual_lut.log_select_temp,6.432345e-01,3.253400e-03,5.057876e-03
1400,layers.4.q_norm.weight,8.179023e+00,6.410937e-02,7.838268e-03
1400,layers.4.q_norm.bias,8.791769e-02,2.764529e-02,3.144451e-01
1400,layers.4.k_norm.weight,8.173819e+00,6.477965e-02,7.925261e-03
1400,layers.4.k_norm.bias,1.598162e-01,4.557351e-02,2.851621e-01
1400,layers.5.qk_lut.weights,3.143887e+01,1.624500e+01,5.167170e-01
1400,layers.5.qk_lut.log_soft_score_temp,6.883512e-01,1.904428e-03,2.766652e-03
1400,layers.5.qk_lut.log_select_temp,7.232401e-01,1.110500e-02,1.535452e-02
1400,layers.5.v_lut.weights,4.423260e+01,2.247312e+01,5.080670e-01
1400,layers.5.v_lut.log_soft_score_temp,7.574435e-01,2.126789e-02,2.807852e-02
1400,layers.5.v_lut.log_select_temp,7.540465e-01,1.980537e-02,2.626545e-02
1400,layers.5.out_proj.weights,1.422641e+02,6.646450e+01,4.671910e-01
1400,layers.5.out_proj.log_soft_score_temp,6.743348e-01,6.212234e-03,9.212389e-03
1400,layers.5.out_proj.log_select_temp,6.913851e-01,2.848506e-04,4.119999e-04
1400,layers.5.residual_lut.weights,5.816513e+01,2.505214e+01,4.307071e-01
1400,layers.5.residual_lut.log_soft_score_temp,6.418967e-01,8.541107e-03,1.330605e-02
1400,layers.5.residual_lut.log_select_temp,6.624696e-01,2.857625e-03,4.313595e-03
1400,layers.5.q_norm.weight,8.044245e+00,3.332235e-02,4.142383e-03
1400,layers.5.q_norm.bias,5.585698e-02,1.504633e-02,2.693724e-01
1400,layers.5.k_norm.weight,8.045552e+00,3.290815e-02,4.090229e-03
1400,layers.5.k_norm.bias,9.206472e-02,2.161599e-02,2.347912e-01
1400,ln_final.weight,2.256014e+01,7.357391e-01,3.261235e-02
1400,ln_final.bias,9.928956e-01,8.843197e-02,8.906472e-02
1600,tok_emb_E.weight,2.062966e+02,1.088926e+01,5.278447e-02
1600,emb_resid_lut.weights,7.097472e+01,2.444429e+01,3.444084e-01
1600,emb_resid_lut.log_soft_score_temp,8.943853e-01,4.437345e-02,4.961335e-02
1600,emb_resid_lut.log_select_temp,8.952926e-01,4.504430e-02,5.031238e-02
1600,unembedder.weight,1.400745e+02,1.791819e+01,1.279190e-01
1600,layers.0.qk_lut.weights,3.768328e+01,1.670140e+01,4.432044e-01
1600,layers.0.qk_lut.log_soft_score_temp,7.611068e-01,1.081586e-02,1.421070e-02
1600,layers.0.qk_lut.log_select_temp,7.512664e-01,9.824395e-03,1.307711e-02
1600,layers.0.v_lut.weights,5.327371e+01,2.577925e+01,4.839020e-01
1600,layers.0.v_lut.log_soft_score_temp,8.660351e-01,2.828670e-02,3.266230e-02
1600,layers.0.v_lut.log_select_temp,8.693879e-01,3.265190e-02,3.755735e-02
1600,layers.0.out_proj.weights,1.102062e+02,5.684929e+01,5.158449e-01
1600,layers.0.out_proj.log_soft_score_temp,6.818434e-01,4.742622e-02,6.955589e-02
1600,layers.0.out_proj.log_select_temp,7.752212e-01,2.495873e-02,3.219562e-02
1600,layers.0.residual_lut.weights,4.767709e+01,2.456543e+01,5.152460e-01
1600,layers.0.residual_lut.log_soft_score_temp,5.817137e-01,3.005970e-02,5.167438e-02
1600,layers.0.residual_lut.log_select_temp,6.397752e-01,1.904565e-02,2.976929e-02
1600,layers.0.q_norm.weight,8.601505e+00,5.471406e-02,6.360986e-03
1600,layers.0.q_norm.bias,4.274521e-01,4.222614e-02,9.878564e-02
1600,layers.0.k_norm.weight,8.574761e+00,4.998391e-02,5.829189e-03
1600,layers.0.k_norm.bias,5.916687e-01,8.150009e-02,1.377462e-01
1600,layers.1.qk_lut.weights,3.782522e+01,1.826159e+01,4.827887e-01
1600,layers.1.qk_lut.log_soft_score_temp,5.842418e-01,1.724440e-02,2.951586e-02
1600,layers.1.qk_lut.log_select_temp,7.132238e-01,1.103461e-02,1.547145e-02
1600,layers.1.v_lut.weights,5.081149e+01,2.538080e+01,4.995090e-01
1600,layers.1.v_lut.log_soft_score_temp,7.909355e-01,1.087409e-02,1.374839e-02
1600,layers.1.v_lut.log_select_temp,8.597026e-01,3.416580e-02,3.974142e-02
1600,layers.1.out_proj.weights,1.137719e+02,5.894371e+01,5.180869e-01
1600,layers.1.out_proj.log_soft_score_temp,5.669901e-01,4.059798e-02,7.160261e-02
1600,layers.1.out_proj.log_select_temp,7.149954e-01,8.778095e-03,1.227714e-02
1600,layers.1.residual_lut.weights,4.771962e+01,2.447249e+01,5.128393e-01
1600,layers.1.residual_lut.log_soft_score_temp,5.736880e-01,2.072001e-02,3.611720e-02
1600,layers.1.residual_lut.log_select_temp,6.394086e-01,3.415763e-03,5.342067e-03
1600,layers.1.q_norm.weight,8.487411e+00,9.431668e-02,1.111254e-02
1600,layers.1.q_norm.bias,3.107861e-01,5.009428e-02,1.611857e-01
1600,layers.1.k_norm.weight,8.457887e+00,8.904109e-02,1.052758e-02
1600,layers.1.k_norm.bias,4.377643e-01,6.948389e-02,1.587244e-01
1600,layers.2.qk_lut.weights,3.776592e+01,1.844715e+01,4.884603e-01
1600,layers.2.qk_lut.log_soft_score_temp,5.940760e-01,2.098763e-02,3.532819e-02
1600,layers.2.qk_lut.log_select_temp,7.128384e-01,8.949161e-03,1.255426e-02
1600,layers.2.v_lut.weights,5.134562e+01,2.587642e+01,5.039655e-01
1600,layers.2.v_lut.log_soft_score_temp,8.325295e-01,2.075732e-02,2.493283e-02
1600,layers.2.v_lut.log_select_temp,8.753245e-01,4.058290e-02,4.636326e-02
1600,layers.2.out_proj.weights,1.156225e+02,5.979876e+01,5.171896e-01
1600,layers.2.out_proj.log_soft_score_temp,5.865702e-01,3.734505e-02,6.366681e-02
1600,layers.2.out_proj.log_select_temp,6.880602e-01,2.852321e-03,4.145452e-03
1600,layers.2.residual_lut.weights,4.974307e+01,2.454815e+01,4.934990e-01
1600,layers.2.residual_lut.log_soft_score_temp,6.092464e-01,1.160979e-02,1.905599e-02
1600,layers.2.residual_lut.log_select_temp,6.664113e-01,4.324317e-03,6.488961e-03
1600,layers.2.q_norm.weight,8.510952e+00,1.125362e-01,1.322251e-02
1600,layers.2.q_norm.bias,4.208077e-01,7.266165e-02,1.726718e-01
1600,layers.2.k_norm.weight,8.487959e+00,1.034723e-01,1.219048e-02
1600,layers.2.k_norm.bias,5.786675e-01,1.083611e-01,1.872596e-01
1600,layers.3.qk_lut.weights,3.756533e+01,1.841409e+01,4.901886e-01
1600,layers.3.qk_lut.log_soft_score_temp,6.068845e-01,2.558810e-02,4.216304e-02
1600,layers.3.qk_lut.log_select_temp,7.488441e-01,1.154470e-02,1.541670e-02
1600,layers.3.v_lut.weights,5.086202e+01,2.549777e+01,5.013126e-01
1600,layers.3.v_lut.log_soft_score_temp,8.201714e-01,2.482843e-02,3.027225e-02
1600,layers.3.v_lut.log_select_temp,8.579079e-01,3.931183e-02,4.582290e-02
1600,layers.3.out_proj.weights,1.212129e+02,6.216286e+01,5.128404e-01
1600,layers.3.out_proj.log_soft_score_temp,5.390645e-01,3.897083e-02,7.229344e-02
1600,layers.3.out_proj.log_select_temp,6.049017e-01,8.764207e-03,1.448865e-02
1600,layers.3.residual_lut.weights,5.005339e+01,2.472022e+01,4.938770e-01
1600,layers.3.residual_lut.log_soft_score_temp,6.058399e-01,1.092327e-02,1.802996e-02
1600,layers.3.residual_lut.log_select_temp,6.528143e-01,1.733065e-03,2.654759e-03
1600,layers.3.q_norm.weight,8.418765e+00,1.226302e-01,1.456629e-02
1600,layers.3.q_norm.bias,2.215445e-01,4.532787e-02,2.045994e-01
1600,layers.3.k_norm.weight,8.395348e+00,1.202570e-01,1.432424e-02
1600,layers.3.k_norm.bias,3.851262e-01,8.153694e-02,2.117148e-01
1600,layers.4.qk_lut.weights,3.808950e+01,1.855791e+01,4.872185e-01
1600,layers.4.qk_lut.log_soft_score_temp,6.688645e-01,7.483542e-03,1.118843e-02
1600,layers.4.qk_lut.log_select_temp,7.595997e-01,1.611525e-02,2.121545e-02
1600,layers.4.v_lut.weights,5.296566e+01,2.640188e+01,4.984718e-01
1600,layers.4.v_lut.log_soft_score_temp,7.975852e-01,3.008956e-02,3.772582e-02
1600,layers.4.v_lut.log_select_temp,7.902263e-01,2.700281e-02,3.417098e-02
1600,layers.4.out_proj.weights,1.239899e+02,6.329287e+01,5.104679e-01
1600,layers.4.out_proj.log_soft_score_temp,5.875265e-01,2.954853e-02,5.029309e-02
1600,layers.4.out_proj.log_select_temp,6.445906e-01,6.919563e-03,1.073482e-02
1600,layers.4.residual_lut.weights,5.060702e+01,2.508104e+01,4.956039e-01
1600,layers.4.residual_lut.log_soft_score_temp,5.949088e-01,1.490021e-02,2.504621e-02
1600,layers.4.residual_lut.log_select_temp,6.416268e-01,1.607656e-03,2.505594e-03
1600,layers.4.q_norm.weight,8.251637e+00,8.293191e-02,1.005036e-02
1600,layers.4.q_norm.bias,1.186377e-01,3.172448e-02,2.674063e-01
1600,layers.4.k_norm.weight,8.242436e+00,7.908644e-02,9.595032e-03
1600,layers.4.k_norm.bias,2.139435e-01,5.660433e-02,2.645761e-01
1600,layers.5.qk_lut.weights,3.826030e+01,1.856794e+01,4.853057e-01
1600,layers.5.qk_lut.log_soft_score_temp,6.885993e-01,2.481341e-04,3.603462e-04
1600,layers.5.qk_lut.log_select_temp,7.348140e-01,1.157397e-02,1.575088e-02
1600,layers.5.v_lut.weights,5.384407e+01,2.586436e+01,4.803566e-01
1600,layers.5.v_lut.log_soft_score_temp,7.839863e-01,2.654272e-02,3.385611e-02
1600,layers.5.v_lut.log_select_temp,7.795603e-01,2.551377e-02,3.272841e-02
1600,layers.5.out_proj.weights,1.665453e+02,7.513179e+01,4.511191e-01
1600,layers.5.out_proj.log_soft_score_temp,6.642757e-01,1.005912e-02,1.514299e-02
1600,layers.5.out_proj.log_select_temp,6.942350e-01,2.849877e-03,4.105061e-03
1600,layers.5.residual_lut.weights,6.840021e+01,2.769776e+01,4.049368e-01
1600,layers.5.residual_lut.log_soft_score_temp,6.306601e-01,1.123655e-02,1.781712e-02
1600,layers.5.residual_lut.log_select_temp,6.601126e-01,2.357006e-03,3.570612e-03
1600,layers.5.q_norm.weight,8.064026e+00,4.551776e-02,5.644546e-03
1600,layers.5.q_norm.bias,7.112786e-02,1.800410e-02,2.531230e-01
1600,layers.5.k_norm.weight,8.064313e+00,4.596830e-02,5.700213e-03
1600,layers.5.k_norm.bias,1.160394e-01,2.809514e-02,2.421173e-01
1600,ln_final.weight,2.337819e+01,8.292698e-01,3.547195e-02
1600,ln_final.bias,1.051303e+00,8.465649e-02,8.052534e-02
1800,tok_emb_E.weight,2.067956e+02,1.147980e+01,5.551281e-02
1800,emb_resid_lut.weights,8.273757e+01,2.568717e+01,3.104656e-01
1800,emb_resid_lut.log_soft_score_temp,9.414825e-01,4.709721e-02,5.002452e-02
1800,emb_resid_lut.log_select_temp,9.435252e-01,4.823256e-02,5.111952e-02
1800,unembedder.weight,1.451709e+02,1.754952e+01,1.208887e-01
1800,layers.0.qk_lut.weights,4.437293e+01,1.781325e+01,4.014440e-01
1800,layers.0.qk_lut.log_soft_score_temp,7.723231e-01,1.121628e-02,1.452279e-02
1800,layers.0.qk_lut.log_select_temp,7.620218e-01,1.075548e-02,1.411440e-02
1800,layers.0.v_lut.weights,6.247300e+01,2.773573e+01,4.439634e-01
1800,layers.0.v_lut.log_soft_score_temp,8.763316e-01,1.029652e-02,1.174957e-02
1800,layers.0.v_lut.log_select_temp,8.941438e-01,2.475590e-02,2.768671e-02
1800,layers.0.out_proj.weights,1.289040e+02,6.046952e+01,4.691052e-01
1800,layers.0.out_proj.log_soft_score_temp,6.271871e-01,5.465627e-02,8.714507e-02
1800,layers.0.out_proj.log_select_temp,7.342512e-01,4.097003e-02,5.579838e-02
1800,layers.0.residual_lut.weights,5.552258e+01,2.627697e+01,4.732665e-01
1800,layers.0.residual_lut.log_soft_score_temp,5.452460e-01,3.646773e-02,6.688308e-02
1800,layers.0.residual_lut.log_select_temp,6.146629e-01,2.511227e-02,4.085536e-02
1800,layers.0.q_norm.weight,8.622900e+00,3.855689e-02,4.471453e-03
1800,layers.0.q_norm.bias,4.564508e-01,3.112064e-02,6.817962e-02
1800,layers.0.k_norm.weight,8.594251e+00,3.625856e-02,4.218932e-03
1800,layers.0.k_norm.bias,6.489414e-01,6.339453e-02,9.768915e-02
1800,layers.1.qk_lut.weights,4.448288e+01,1.946530e+01,4.375908e-01
1800,layers.1.qk_lut.log_soft_score_temp,5.658639e-01,1.837790e-02,3.247760e-02
1800,layers.1.qk_lut.log_select_temp,7.242495e-01,1.102573e-02,1.522366e-02
1800,layers.1.v_lut.weights,5.984262e+01,2.746292e+01,4.589192e-01
1800,layers.1.v_lut.log_soft_score_temp,7.850640e-01,5.871534e-03,7.479052e-03
1800,layers.1.v_lut.log_select_temp,8.891761e-01,2.947354e-02,3.314702e-02
1800,layers.1.out_proj.weights,1.328301e+02,6.274598e+01,4.723777e-01
1800,layers.1.out_proj.log_soft_score_temp,5.147415e-01,5.224866e-02,1.015047e-01
1800,layers.1.out_proj.log_select_temp,7.088170e-01,6.178379e-03,8.716466e-03
1800,layers.1.residual_lut.weights,5.596615e+01,2.627705e+01,4.695169e-01
1800,layers.1.residual_lut.log_soft_score_temp,5.517511e-01,2.193683e-02,3.975857e-02
1800,layers.1.residual_lut.log_select_temp,6.357814e-01,3.627181e-03,5.705076e-03
1800,layers.1.q_norm.weight,8.565040e+00,8.657621e-02,1.010809e-02
1800,layers.1.q_norm.bias,3.561575e-01,4.666682e-02,1.310286e-01
1800,layers.1.k_norm.weight,8.530985e+00,8.360465e-02,9.800117e-03
1800,layers.1.k_norm.bias,4.958837e-01,6.117345e-02,1.233625e-01
1800,layers.2.qk_lut.weights,4.444519e+01,1.971062e+01,4.434814e-01
1800,layers.2.qk_lut.log_soft_score_temp,5.698676e-01,2.420843e-02,4.248079e-02
1800,layers.2.qk_lut.log_select_temp,7.204106e-01,7.572293e-03,1.051108e-02
1800,layers.2.v_lut.weights,6.042149e+01,2.786396e+01,4.611598e-01
1800,layers.2.v_lut.log_soft_score_temp,8.324229e-01,1.066327e-04,1.280992e-04
1800,layers.2.v_lut.log_select_temp,9.121426e-01,3.681803e-02,4.036433e-02
1800,layers.2.out_proj.weights,1.348221e+02,6.369355e+01,4.724267e-01
1800,layers.2.out_proj.log_soft_score_temp,5.423468e-01,4.422337e-02,8.154075e-02
1800,layers.2.out_proj.log_select_temp,6.792406e-01,8.819580e-03,1.298447e-02
1800,layers.2.residual_lut.weights,5.831844e+01,2.634450e+01,4.517353e-01
1800,layers.2.residual_lut.log_soft_score_temp,5.943285e-01,1.491791e-02,2.510044e-02
1800,layers.2.residual_lut.log_select_temp,6.711510e-01,4.739642e-03,7.061961e-03
1800,layers.2.q_norm.weight,8.599154e+00,1.011850e-01,1.176685e-02
1800,layers.2.q_norm.bias,4.809514e-01,6.253964e-02,1.300332e-01
1800,layers.2.k_norm.weight,8.570696e+00,9.137104e-02,1.066087e-02
1800,layers.2.k_norm.bias,6.682794e-01,9.372446e-02,1.402474e-01
1800,layers.3.qk_lut.weights,4.412607e+01,1.962461e+01,4.447397e-01
1800,layers.3.qk_lut.log_soft_score_temp,5.757535e-01,3.113103e-02,5.407007e-02
1800,layers.3.qk_lut.log_select_temp,7.568941e-01,8.049905e-03,1.063545e-02
1800,layers.3.v_lut.weights,5.998056e+01,2.746953e+01,4.579738e-01
1800,layers.3.v_lut.log_soft_score_temp,8.407882e-01,2.061683e-02,2.452084e-02
1800,layers.3.v_lut.log_select_temp,8.978705e-01,3.996259e-02,4.450819e-02
1800,layers.3.out_proj.weights,1.405216e+02,6.540743e+01,4.654618e-01
1800,layers.3.out_proj.log_soft_score_temp,4.998523e-01,3.921223e-02,7.844763e-02
1800,layers.3.out_proj.log_select_temp,6.069626e-01,2.060890e-03,3.395416e-03
1800,layers.3.residual_lut.weights,5.885560e+01,2.648320e+01,4.499691e-01
1800,layers.3.residual_lut.log_soft_score_temp,5.937336e-01,1.210630e-02,2.039012e-02
1800,layers.3.residual_lut.log_select_temp,6.561992e-01,3.384888e-03,5.158324e-03
1800,layers.3.q_norm.weight,8.538910e+00,1.284716e-01,1.504543e-02
1800,layers.3.q_norm.bias,2.634033e-01,4.625499e-02,1.756052e-01
1800,layers.3.k_norm.weight,8.510806e+00,1.259749e-01,1.480176e-02
1800,layers.3.k_norm.bias,4.594705e-01,8.392807e-02,1.826626e-01
1800,layers.4.qk_lut.weights,4.478558e+01,1.978514e+01,4.417746e-01
1800,layers.4.qk_lut.log_soft_score_temp,6.593117e-01,9.552777e-03,1.448901e-02
1800,layers.4.qk_lut.log_select_temp,7.765498e-01,1.695007e-02,2.182741e-02
1800,layers.4.v_lut.weights,6.226612e+01,2.837888e+01,4.557676e-01
1800,layers.4.v_lut.log_soft_score_temp,8.334897e-01,3.590447e-02,4.307728e-02
1800,layers.4.v_lut.log_select_temp,8.242271e-01,3.400075e-02,4.125168e-02
1800,layers.4.out_proj.weights,1.435173e+02,6.659129e+01,4.639947e-01
1800,layers.4.out_proj.log_soft_score_temp,5.546121e-01,3.291440e-02,5.934670e-02
1800,layers.4.out_proj.log_select_temp,6.389553e-01,5.635321e-03,8.819586e-03
1800,layers.4.residual_lut.weights,5.948590e+01,2.681459e+01,4.507723e-01
1800,layers.4.residual_lut.log_soft_score_temp,5.765344e-01,1.837438e-02,3.187040e-02
1800,layers.4.residual_lut.log_select_temp,6.415908e-01,3.600121e-05,5.611241e-05
1800,layers.4.q_norm.weight,8.320621e+00,7.756355e-02,9.321847e-03
1800,layers.4.q_norm.bias,1.468205e-01,2.992824e-02,2.038425e-01
1800,layers.4.k_norm.weight,8.308561e+00,7.399830e-02,8.906271e-03
1800,layers.4.k_norm.bias,2.606357e-01,5.012634e-02,1.923234e-01
1800,layers.5.qk_lut.weights,4.488713e+01,1.981608e+01,4.414646e-01
1800,layers.5.qk_lut.log_soft_score_temp,6.861373e-01,2.461970e-03,3.588159e-03
1800,layers.5.qk_lut.log_select_temp,7.440799e-01,9.265900e-03,1.245283e-02
1800,layers.5.v_lut.weights,6.312963e+01,2.783094e+01,4.408539e-01
1800,layers.5.v_lut.log_soft_score_temp,8.123232e-01,2.833688e-02,3.488376e-02
1800,layers.5.v_lut.log_select_temp,8.081787e-01,2.861840e-02,3.541098e-02
1800,layers.5.out_proj.weights,1.910877e+02,8.079679e+01,4.228258e-01
1800,layers.5.out_proj.log_soft_score_temp,6.483971e-01,1.587862e-02,2.448903e-02
1800,layers.5.out_proj.log_select_temp,6.967351e-01,2.500176e-03,3.588417e-03
1800,layers.5.residual_lut.weights,7.803291e+01,2.944643e+01,3.773591e-01
1800,layers.5.residual_lut.log_soft_score_temp,6.183375e-01,1.232266e-02,1.992870e-02
1800,layers.5.residual_lut.log_select_temp,6.591246e-01,9.880662e-04,1.499058e-03
1800,layers.5.q_norm.weight,8.086614e+00,4.696464e-02,5.807701e-03
1800,layers.5.q_norm.bias,8.834146e-02,2.021553e-02,2.288340e-01
1800,layers.5.k_norm.weight,8.086938e+00,4.681047e-02,5.788405e-03
1800,layers.5.k_norm.bias,1.384552e-01,2.877292e-02,2.078139e-01
1800,ln_final.weight,2.423983e+01,8.733783e-01,3.603071e-02
1800,ln_final.bias,1.100607e+00,8.891575e-02,8.078791e-02
2000,tok_emb_E.weight,2.072893e+02,1.142340e+01,5.510849e-02
2000,emb_resid_lut.weights,9.289313e+01,2.551343e+01,2.746536e-01
2000,emb_resid_lut.log_soft_score_temp,9.892831e-01,4.780060e-02,4.831842e-02
2000,emb_resid_lut.log_select_temp,9.929283e-01,4.940313e-02,4.975498e-02
2000,unembedder.weight,1.495244e+02,1.674739e+01,1.120044e-01
2000,layers.0.qk_lut.weights,5.018220e+01,1.779892e+01,3.546860e-01
2000,layers.0.qk_lut.log_soft_score_temp,7.807097e-01,8.386612e-03,1.074229e-02
2000,layers.0.qk_lut.log_select_temp,7.698453e-01,7.823467e-03,1.016239e-02
2000,layers.0.v_lut.weights,7.047375e+01,2.789439e+01,3.958124e-01
2000,layers.0.v_lut.log_soft_score_temp,8.709947e-01,5.336940e-03,6.127409e-03
2000,layers.0.v_lut.log_select_temp,9.080367e-01,1.389295e-02,1.529999e-02
2000,layers.0.out_proj.weights,1.450414e+02,6.024737e+01,4.153804e-01
2000,layers.0.out_proj.log_soft_score_temp,5.713665e-01,5.582064e-02,9.769674e-02
2000,layers.0.out_proj.log_select_temp,6.888308e-01,4.542041e-02,6.593841e-02
2000,layers.0.residual_lut.weights,6.239671e+01,2.644955e+01,4.238934e-01
2000,layers.0.residual_lut.log_soft_score_temp,5.051765e-01,4.006946e-02,7.931774e-02
2000,layers.0.residual_lut.log_select_temp,5.853688e-01,2.929407e-02,5.004379e-02
2000,layers.0.q_norm.weight,8.635523e+00,2.833691e-02,3.281435e-03
2000,layers.0.q_norm.bias,4.803866e-01,2.666994e-02,5.551765e-02
2000,layers.0.k_norm.weight,8.605724e+00,2.646738e-02,3.075556e-03
2000,layers.0.k_norm.bias,6.952918e-01,5.197655e-02,7.475502e-02
2000,layers.1.qk_lut.weights,5.030973e+01,1.956046e+01,3.888007e-01
2000,layers.1.qk_lut.log_soft_score_temp,5.472807e-01,1.858318e-02,3.395548e-02
2000,layers.1.qk_lut.log_select_temp,7.395836e-01,1.533407e-02,2.073338e-02
2000,layers.1.v_lut.weights,6.772246e+01,2.764219e+01,4.081687e-01
2000,layers.1.v_lut.log_soft_score_temp,7.614912e-01,2.357274e-02,3.095603e-02
2000,layers.1.v_lut.log_select_temp,9.157864e-01,2.661026e-02,2.905727e-02
2000,layers.1.out_proj.weights,1.493926e+02,6.259944e+01,4.190264e-01
2000,layers.1.out_proj.log_soft_score_temp,4.600662e-01,5.467525e-02,1.188421e-01
2000,layers.1.out_proj.log_select_temp,6.864822e-01,2.233481e-02,3.253517e-02
2000,layers.1.residual_lut.weights,6.321071e+01,2.659250e+01,4.206961e-01
2000,layers.1.residual_lut.log_soft_score_temp,5.261310e-01,2.562016e-02,4.869541e-02
2000,layers.1.residual_lut.log_select_temp,6.309758e-01,4.805565e-03,7.616084e-03
2000,layers.1.q_norm.weight,8.635756e+00,7.915878e-02,9.166398e-03
2000,layers.1.q_norm.bias,3.920743e-01,3.781370e-02,9.644524e-02
2000,layers.1.k_norm.weight,8.598839e+00,7.678112e-02,8.929243e-03
2000,layers.1.k_norm.bias,5.447655e-01,5.400855e-02,9.914092e-02
2000,layers.2.qk_lut.weights,5.028710e+01,1.979551e+01,3.936499e-01
2000,layers.2.qk_lut.log_soft_score_temp,5.472491e-01,2.261853e-02,4.133133e-02
2000,layers.2.qk_lut.log_select_temp,7.306159e-01,1.020527e-02,1.396804e-02
2000,layers.2.v_lut.weights,6.835221e+01,2.823100e+01,4.130225e-01
2000,layers.2.v_lut.log_soft_score_temp,8.117694e-01,2.065355e-02,2.544263e-02
2000,layers.2.v_lut.log_select_temp,9.427472e-01,3.060466e-02,3.246327e-02
2000,layers.2.out_proj.weights,1.513609e+02,6.308844e+01,4.168080e-01
2000,layers.2.out_proj.log_soft_score_temp,4.939761e-01,4.837075e-02,9.792124e-02
2000,layers.2.out_proj.log_select_temp,6.634410e-01,1.579958e-02,2.381460e-02
2000,layers.2.residual_lut.weights,6.585779e+01,2.662347e+01,4.042570e-01
2000,layers.2.residual_lut.log_soft_score_temp,5.767605e-01,1.756799e-02,3.045977e-02
2000,layers.2.residual_lut.log_select_temp,6.765745e-01,5.423546e-03,8.016184e-03
2000,layers.2.q_norm.weight,8.673743e+00,8.470459e-02,9.765632e-03
2000,layers.2.q_norm.bias,5.306953e-01,5.220419e-02,9.836942e-02
2000,layers.2.k_norm.weight,8.641048e+00,7.724760e-02,8.939610e-03
2000,layers.2.k_norm.bias,7.433017e-01,7.872389e-02,1.059111e-01
2000,layers.3.qk_lut.weights,4.980771e+01,1.970327e+01,3.955867e-01
2000,layers.3.qk_lut.log_soft_score_temp,5.381013e-01,3.765213e-02,6.997220e-02
2000,layers.3.qk_lut.log_select_temp,7.611409e-01,4.246831e-03,5.579560e-03
2000,layers.3.v_lut.weights,6.799675e+01,2.769119e+01,4.072428e-01
2000,layers.3.v_lut.log_soft_score_temp,8.544586e-01,1.367044e-02,1.599895e-02
2000,layers.3.v_lut.log_select_temp,9.346051e-01,3.673464e-02,3.930499e-02
2000,layers.3.out_proj.weights,1.574361e+02,6.483888e+01,4.118425e-01
2000,layers.3.out_proj.log_soft_score_temp,4.622332e-01,3.761911e-02,8.138558e-02
2000,layers.3.out_proj.log_select_temp,6.195124e-01,1.254988e-02,2.025767e-02
2000,layers.3.residual_lut.weights,6.666177e+01,2.674813e+01,4.012515e-01
2000,layers.3.residual_lut.log_soft_score_temp,5.794359e-01,1.429772e-02,2.467525e-02
2000,layers.3.residual_lut.log_select_temp,6.606508e-01,4.451692e-03,6.738343e-03
2000,layers.3.q_norm.weight,8.662201e+00,1.346265e-01,1.554184e-02
2000,layers.3.q_norm.bias,3.044505e-01,4.561984e-02,1.498432e-01
2000,layers.3.k_norm.weight,8.629721e+00,1.330027e-01,1.541216e-02
2000,layers.3.k_norm.bias,5.329555e-01,8.612964e-02,1.616076e-01
2000,layers.4.qk_lut.weights,5.062807e+01,1.994505e+01,3.939523e-01
2000,layers.4.qk_lut.log_soft_score_temp,6.404449e-01,1.886678e-02,2.945886e-02
2000,layers.4.qk_lut.log_select_temp,7.862803e-01,9.730577e-03,1.237546e-02
2000,layers.4.v_lut.weights,7.038320e+01,2.858597e+01,4.061476e-01
2000,layers.4.v_lut.log_soft_score_temp,8.629979e-01,2.950829e-02,3.419277e-02
2000,layers.4.v_lut.log_select_temp,8.551640e-01,3.093690e-02,3.617657e-02
2000,layers.4.out_proj.weights,1.605397e+02,6.596497e+01,4.108949e-01
2000,layers.4.out_proj.log_soft_score_temp,5.211070e-01,3.350514e-02,6.429609e-02
2000,layers.4.out_proj.log_select_temp,6.384725e-01,4.827976e-04,7.561761e-04
2000,layers.4.residual_lut.weights,6.740565e+01,2.708505e+01,4.018216e-01
2000,layers.4.residual_lut.log_soft_score_temp,5.579429e-01,1.859146e-02,3.332144e-02
2000,layers.4.residual_lut.log_select_temp,6.439524e-01,2.361596e-03,3.667345e-03
2000,layers.4.q_norm.weight,8.390107e+00,7.577748e-02,9.031765e-03
2000,layers.4.q_norm.bias,1.707263e-01,2.627641e-02,1.539096e-01
2000,layers.4.k_norm.weight,8.375428e+00,7.369733e-02,8.799231e-03
2000,layers.4.k_norm.bias,3.048418e-01,4.772167e-02,1.565457e-01
2000,layers.5.qk_lut.weights,5.066922e+01,1.994090e+01,3.935506e-01
2000,layers.5.qk_lut.log_soft_score_temp,6.801561e-01,5.981266e-03,8.793962e-03
2000,layers.5.qk_lut.log_select_temp,7.529945e-01,8.914590e-03,1.183885e-02
2000,layers.5.v_lut.weights,7.127914e+01,2.819406e+01,3.955442e-01
2000,layers.5.v_lut.log_soft_score_temp,8.431383e-01,3.081518e-02,3.654819e-02
2000,layers.5.v_lut.log_select_temp,8.392354e-01,3.105676e-02,3.700602e-02
2000,layers.5.out_proj.weights,2.117544e+02,7.735757e+01,3.653174e-01
2000,layers.5.out_proj.log_soft_score_temp,6.319900e-01,1.640713e-02,2.596106e-02
2000,layers.5.out_proj.log_select_temp,7.027420e-01,6.006837e-03,8.547713e-03
2000,layers.5.residual_lut.weights,8.626142e+01,2.897921e+01,3.359464e-01
2000,layers.5.residual_lut.log_soft_score_temp,6.057078e-01,1.262963e-02,2.085102e-02
2000,layers.5.residual_lut.log_select_temp,6.607214e-01,1.596868e-03,2.416855e-03
2000,layers.5.q_norm.weight,8.106718e+00,4.581102e-02,5.650995e-03
2000,layers.5.q_norm.bias,9.773739e-02,1.309348e-02,1.339659e-01
2000,layers.5.k_norm.weight,8.107494e+00,4.630227e-02,5.711046e-03
2000,layers.5.k_norm.bias,1.561125e-01,2.586715e-02,1.656956e-01
2000,ln_final.weight,2.511071e+01,8.792973e-01,3.501682e-02
2000,ln_final.bias,1.147948e+00,9.249493e-02,8.057412e-02
2200,tok_emb_E.weight,2.077752e+02,1.134500e+01,5.460228e-02
2200,emb_resid_lut.weights,1.017948e+02,2.523430e+01,2.478937e-01
2200,emb_resid_lut.log_soft_score_temp,1.036483e+00,4.720032e-02,4.553891e-02
2200,emb_resid_lut.log_select_temp,1.042381e+00,4.945260e-02,4.744197e-02
2200,unembedder.weight,1.535110e+02,1.667719e+01,1.086384e-01
2200,layers.0.qk_lut.weights,5.542120e+01,1.781179e+01,3.213894e-01
2200,layers.0.qk_lut.log_soft_score_temp,7.886968e-01,7.987082e-03,1.012694e-02
2200,layers.0.qk_lut.log_select_temp,7.783837e-01,8.538365e-03,1.096935e-02
2200,layers.0.v_lut.weights,7.759883e+01,2.793663e+01,3.600135e-01
2200,layers.0.v_lut.log_soft_score_temp,8.542326e-01,1.676208e-02,1.962238e-02
2200,layers.0.v_lut.log_select_temp,9.165434e-01,8.506715e-03,9.281301e-03
2200,layers.0.out_proj.weights,1.593864e+02,5.994641e+01,3.761073e-01
2200,layers.0.out_proj.log_soft_score_temp,5.153097e-01,5.605680e-02,1.087827e-01
2200,layers.0.out_proj.log_select_temp,6.428251e-01,4.600573e-02,7.156803e-02
2200,layers.0.residual_lut.weights,6.860758e+01,2.658021e+01,3.874238e-01
2200,layers.0.residual_lut.log_soft_score_temp,4.634714e-01,4.170519e-02,8.998440e-02
2200,layers.0.residual_lut.log_select_temp,5.542002e-01,3.116864e-02,5.624076e-02
2200,layers.0.q_norm.weight,8.648341e+00,2.588652e-02,2.993236e-03
2200,layers.0.q_norm.bias,4.997451e-01,2.332264e-02,4.666907e-02
2200,layers.0.k_norm.weight,8.617766e+00,2.513277e-02,2.916390e-03
2200,layers.0.k_norm.bias,7.369383e-01,4.913090e-02,6.666895e-02
2200,layers.1.qk_lut.weights,5.550179e+01,1.951656e+01,3.516384e-01
2200,layers.1.qk_lut.log_soft_score_temp,5.284885e-01,1.879221e-02,3.555841e-02
2200,layers.1.qk_lut.log_select_temp,7.507297e-01,1.114613e-02,1.484706e-02
2200,layers.1.v_lut.weights,7.475999e+01,2.763982e+01,3.697141e-01
2200,layers.1.v_lut.log_soft_score_temp,7.289807e-01,3.251058e-02,4.459731e-02
2200,layers.1.v_lut.log_select_temp,9.361073e-01,2.032095e-02,2.170793e-02
2200,layers.1.out_proj.weights,1.641156e+02,6.219806e+01,3.789893e-01
2200,layers.1.out_proj.log_soft_score_temp,4.055078e-01,5.455843e-02,1.345435e-01
2200,layers.1.out_proj.log_select_temp,6.636392e-01,2.284294e-02,3.442072e-02
2200,layers.1.residual_lut.weights,6.975128e+01,2.680013e+01,3.842241e-01
2200,layers.1.residual_lut.log_soft_score_temp,4.987594e-01,2.737153e-02,5.487921e-02
2200,layers.1.residual_lut.log_select_temp,6.262234e-01,4.752457e-03,7.589076e-03
2200,layers.1.q_norm.weight,8.695992e+00,6.896077e-02,7.930179e-03
2200,layers.1.q_norm.bias,4.247687e-01,3.414793e-02,8.039184e-02
2200,layers.1.k_norm.weight,8.657203e+00,6.693950e-02,7.732231e-03
2200,layers.1.k_norm.bias,5.905872e-01,4.883447e-02,8.268800e-02
2200,layers.2.qk_lut.weights,5.552209e+01,1.980268e+01,3.566630e-01
2200,layers.2.qk_lut.log_soft_score_temp,5.243547e-01,2.289438e-02,4.366201e-02
2200,layers.2.qk_lut.log_select_temp,7.392161e-01,8.600175e-03,1.163418e-02
2200,layers.2.v_lut.weights,7.542526e+01,2.821485e+01,3.740769e-01
2200,layers.2.v_lut.log_soft_score_temp,7.812802e-01,3.048921e-02,3.902468e-02
2200,layers.2.v_lut.log_select_temp,9.662164e-01,2.346915e-02,2.428975e-02
2200,layers.2.out_proj.weights,1.660379e+02,6.260045e+01,3.770249e-01
2200,layers.2.out_proj.log_soft_score_temp,4.447546e-01,4.922146e-02,1.106710e-01
2200,layers.2.out_proj.log_select_temp,6.463638e-01,1.707721e-02,2.642043e-02
2200,layers.2.residual_lut.weights,7.266102e+01,2.683876e+01,3.693694e-01
2200,layers.2.residual_lut.log_soft_score_temp,5.564854e-01,2.027518e-02,3.643434e-02
2200,layers.2.residual_lut.log_select_temp,6.827906e-01,6.216049e-03,9.103888e-03
2200,layers.2.q_norm.weight,8.732722e+00,6.985618e-02,7.999359e-03
2200,layers.2.q_norm.bias,5.738252e-01,4.505002e-02,7.850827e-02
2200,layers.2.k_norm.weight,8.696848e+00,6.202324e-02,7.131692e-03
2200,layers.2.k_norm.bias,8.076504e-01,6.808540e-02,8.430059e-02
2200,layers.3.qk_lut.weights,5.492990e+01,1.976036e+01,3.597377e-01
2200,layers.3.qk_lut.log_soft_score_temp,4.952997e-01,4.280162e-02,8.641560e-02
2200,layers.3.qk_lut.log_select_temp,7.597892e-01,1.351655e-03,1.778986e-03
2200,layers.3.v_lut.weights,7.515601e+01,2.781948e+01,3.701565e-01
2200,layers.3.v_lut.log_soft_score_temp,8.585303e-01,4.071653e-03,4.742585e-03
2200,layers.3.v_lut.log_select_temp,9.645900e-01,2.998489e-02,3.108563e-02
2200,layers.3.out_proj.weights,1.726887e+02,6.420135e+01,3.717750e-01
2200,layers.3.out_proj.log_soft_score_temp,4.238620e-01,3.837115e-02,9.052744e-02
2200,layers.3.out_proj.log_select_temp,6.365412e-01,1.702875e-02,2.675200e-02
2200,layers.3.residual_lut.weights,7.383292e+01,2.697200e+01,3.653113e-01
2200,layers.3.residual_lut.log_soft_score_temp,5.645013e-01,1.493454e-02,2.645616e-02
2200,layers.3.residual_lut.log_select_temp,6.678917e-01,7.240832e-03,1.084133e-02
2200,layers.3.q_norm.weight,8.777748e+00,1.339615e-01,1.526148e-02
2200,layers.3.q_norm.bias,3.370409e-01,3.879981e-02,1.151190e-01
2200,layers.3.k_norm.weight,8.741590e+00,1.329460e-01,1.520845e-02
2200,layers.3.k_norm.bias,5.975345e-01,7.803705e-02,1.305984e-01
2200,layers.4.qk_lut.weights,5.582001e+01,1.985465e+01,3.556905e-01
2200,layers.4.qk_lut.log_soft_score_temp,6.214769e-01,1.896799e-02,3.052082e-02
2200,layers.4.qk_lut.log_select_temp,7.975060e-01,1.122570e-02,1.407601e-02
2200,layers.4.v_lut.weights,7.764680e+01,2.865364e+01,3.690253e-01
2200,layers.4.v_lut.log_soft_score_temp,8.891525e-01,2.615458e-02,2.941518e-02
2200,layers.4.v_lut.log_select_temp,8.855680e-01,3.040397e-02,3.433274e-02
2200,layers.4.out_proj.weights,1.755439e+02,6.503895e+01,3.704997e-01
2200,layers.4.out_proj.log_soft_score_temp,4.847996e-01,3.630736e-02,7.489149e-02
2200,layers.4.out_proj.log_select_temp,6.365789e-01,1.893580e-03,2.974619e-03
2200,layers.4.residual_lut.weights,7.458256e+01,2.723166e+01,3.651211e-01
2200,layers.4.residual_lut.log_soft_score_temp,5.376747e-01,2.026826e-02,3.769614e-02
2200,layers.4.residual_lut.log_select_temp,6.490274e-01,5.074978e-03,7.819358e-03
2200,layers.4.q_norm.weight,8.453583e+00,6.868558e-02,8.125026e-03
2200,layers.4.q_norm.bias,1.949024e-01,2.580832e-02,1.324166e-01
2200,layers.4.k_norm.weight,8.436611e+00,6.711428e-02,7.955123e-03
2200,layers.4.k_norm.bias,3.408006e-01,4.149996e-02,1.217720e-01
2200,layers.5.qk_lut.weights,5.580934e+01,1.988894e+01,3.563730e-01
2200,layers.5.qk_lut.log_soft_score_temp,6.705585e-01,9.597600e-03,1.431285e-02
2200,layers.5.qk_lut.log_select_temp,7.593850e-01,6.390512e-03,8.415378e-03
2200,layers.5.v_lut.weights,7.847874e+01,2.809456e+01,3.579895e-01
2200,layers.5.v_lut.log_soft_score_temp,8.698332e-01,2.669483e-02,3.068960e-02
2200,layers.5.v_lut.log_select_temp,8.679985e-01,2.876312e-02,3.313729e-02
2200,layers.5.out_proj.weights,2.298562e+02,7.567020e+01,3.292067e-01
2200,layers.5.out_proj.log_soft_score_temp,6.078526e-01,2.413732e-02,3.970916e-02
2200,layers.5.out_proj.log_select_temp,7.073717e-01,4.629731e-03,6.544976e-03
2200,layers.5.residual_lut.weights,9.359330e+01,2.894497e+01,3.092632e-01
2200,layers.5.residual_lut.log_soft_score_temp,5.917150e-01,1.399285e-02,2.364795e-02
2200,layers.5.residual_lut.log_select_temp,6.637529e-01,3.031433e-03,4.567111e-03
2200,layers.5.q_norm.weight,8.136559e+00,4.344154e-02,5.339056e-03
2200,layers.5.q_norm.bias,1.150781e-01,2.047361e-02,1.779106e-01
2200,layers.5.k_norm.weight,8.136147e+00,4.499799e-02,5.530627e-03
2200,layers.5.k_norm.bias,1.819005e-01,3.190792e-02,1.754141e-01
2200,ln_final.weight,2.597323e+01,8.693081e-01,3.346939e-02
2200,ln_final.bias,1.191788e+00,9.152455e-02,7.679598e-02
2400,tok_emb_E.weight,2.082529e+02,1.128874e+01,5.420687e-02
2400,emb_resid_lut.weights,1.097499e+02,2.502388e+01,2.280081e-01
2400,emb_resid_lut.log_soft_score_temp,1.080660e+00,4.417670e-02,4.087936e-02
2400,emb_resid_lut.log_select_temp,1.090145e+00,4.776359e-02,4.381399e-02
2400,unembedder.weight,1.569452e+02,1.630930e+01,1.039172e-01
2400,layers.0.qk_lut.weights,6.016996e+01,1.784465e+01,2.965708e-01
2400,layers.0.qk_lut.log_soft_score_temp,7.962031e-01,7.506251e-03,9.427559e-03
2400,layers.0.qk_lut.log_select_temp,7.868133e-01,8.429587e-03,1.071358e-02
2400,layers.0.v_lut.weights,8.408839e+01,2.789965e+01,3.317895e-01
2400,layers.0.v_lut.log_soft_score_temp,8.331897e-01,2.104294e-02,2.525589e-02
2400,layers.0.v_lut.log_select_temp,9.225116e-01,5.968213e-03,6.469526e-03
2400,layers.0.out_proj.weights,1.724144e+02,5.961708e+01,3.457779e-01
2400,layers.0.out_proj.log_soft_score_temp,4.591565e-01,5.615321e-02,1.222965e-01
2400,layers.0.out_proj.log_select_temp,5.973682e-01,4.545689e-02,7.609526e-02
2400,layers.0.residual_lut.weights,7.429464e+01,2.650772e+01,3.567918e-01
2400,layers.0.residual_lut.log_soft_score_temp,4.211067e-01,4.236463e-02,1.006031e-01
2400,layers.0.residual_lut.log_select_temp,5.220515e-01,3.214866e-02,6.158139e-02
2400,layers.0.q_norm.weight,8.657619e+00,2.327279e-02,2.688129e-03
2400,layers.0.q_norm.bias,5.171018e-01,2.088152e-02,4.038183e-02
2400,layers.0.k_norm.weight,8.625945e+00,2.230450e-02,2.585745e-03
2400,layers.0.k_norm.bias,7.745924e-01,4.486366e-02,5.791905e-02
2400,layers.1.qk_lut.weights,6.023539e+01,1.936679e+01,3.215185e-01
2400,layers.1.qk_lut.log_soft_score_temp,5.158867e-01,1.260179e-02,2.442744e-02
2400,layers.1.qk_lut.log_select_temp,7.653639e-01,1.463425e-02,1.912064e-02
2400,layers.1.v_lut.weights,8.114898e+01,2.761895e+01,3.403487e-01
2400,layers.1.v_lut.log_soft_score_temp,6.962816e-01,3.269905e-02,4.696239e-02
2400,layers.1.v_lut.log_select_temp,9.540108e-01,1.790351e-02,1.876657e-02
2400,layers.1.out_proj.weights,1.773841e+02,6.173461e+01,3.480278e-01
2400,layers.1.out_proj.log_soft_score_temp,3.502058e-01,5.530199e-02,1.579128e-01
2400,layers.1.out_proj.log_select_temp,6.396688e-01,2.397048e-02,3.747328e-02
2400,layers.1.residual_lut.weights,7.571761e+01,2.675915e+01,3.534072e-01
2400,layers.1.residual_lut.log_soft_score_temp,4.721177e-01,2.664176e-02,5.643033e-02
2400,layers.1.residual_lut.log_select_temp,6.232601e-01,2.963305e-03,4.754523e-03
2400,layers.1.q_norm.weight,8.749432e+00,6.352722e-02,7.260725e-03
2400,layers.1.q_norm.bias,4.512644e-01,2.887531e-02,6.398755e-02
2400,layers.1.k_norm.weight,8.707326e+00,6.223103e-02,7.146973e-03
2400,layers.1.k_norm.bias,6.261911e-01,3.995099e-02,6.380000e-02
2400,layers.2.qk_lut.weights,6.025811e+01,1.970485e+01,3.270075e-01
2400,layers.2.qk_lut.log_soft_score_temp,5.021855e-01,2.216917e-02,4.414538e-02
2400,layers.2.qk_lut.log_select_temp,7.470635e-01,7.847369e-03,1.050429e-02
2400,layers.2.v_lut.weights,8.183124e+01,2.816825e+01,3.442236e-01
2400,layers.2.v_lut.log_soft_score_temp,7.462463e-01,3.503382e-02,4.694673e-02
2400,layers.2.v_lut.log_select_temp,9.821722e-01,1.595581e-02,1.624543e-02
2400,layers.2.out_proj.weights,1.793652e+02,6.218909e+01,3.467176e-01
2400,layers.2.out_proj.log_soft_score_temp,3.938116e-01,5.094305e-02,1.293589e-01
2400,layers.2.out_proj.log_select_temp,6.267267e-01,1.963705e-02,3.133271e-02
2400,layers.2.residual_lut.weights,7.887886e+01,2.679011e+01,3.396362e-01
2400,layers.2.residual_lut.log_soft_score_temp,5.364603e-01,2.002501e-02,3.732804e-02
2400,layers.2.residual_lut.log_select_temp,6.912518e-01,8.461237e-03,1.224046e-02
2400,layers.2.q_norm.weight,8.785262e+00,5.879132e-02,6.692040e-03
2400,layers.2.q_norm.bias,6.063632e-01,3.617960e-02,5.966655e-02
2400,layers.2.k_norm.weight,8.746505e+00,5.450226e-02,6.231319e-03
2400,layers.2.k_norm.bias,8.550735e-01,5.250021e-02,6.139848e-02
2400,layers.3.qk_lut.weights,5.955427e+01,1.968193e+01,3.304873e-01
2400,layers.3.qk_lut.log_soft_score_temp,4.513902e-01,4.390946e-02,9.727605e-02
2400,layers.3.qk_lut.log_select_temp,7.610199e-01,1.230657e-03,1.617116e-03
2400,layers.3.v_lut.weights,8.162728e+01,2.776465e+01,3.401393e-01
2400,layers.3.v_lut.log_soft_score_temp,8.555763e-01,2.953947e-03,3.452581e-03
2400,layers.3.v_lut.log_select_temp,9.920628e-01,2.747279e-02,2.769260e-02
2400,layers.3.out_proj.weights,1.866467e+02,6.361951e+01,3.408553e-01
2400,layers.3.out_proj.log_soft_score_temp,3.872320e-01,3.663003e-02,9.459454e-02
2400,layers.3.out_proj.log_select_temp,6.567763e-01,2.023512e-02,3.080976e-02
2400,layers.3.residual_lut.weights,8.037617e+01,2.697503e+01,3.356098e-01
2400,layers.3.residual_lut.log_soft_score_temp,5.498719e-01,1.462942e-02,2.660515e-02
2400,layers.3.residual_lut.log_select_temp,6.772501e-01,9.358466e-03,1.381833e-02
2400,layers.3.q_norm.weight,8.888433e+00,1.313711e-01,1.478000e-02
2400,layers.3.q_norm.bias,3.639318e-01,3.562972e-02,9.790218e-02
2400,layers.3.k_norm.weight,8.848179e+00,1.295852e-01,1.464541e-02
2400,layers.3.k_norm.bias,6.571240e-01,7.162675e-02,1.090004e-01
2400,layers.4.qk_lut.weights,6.056306e+01,1.982164e+01,3.272893e-01
2400,layers.4.qk_lut.log_soft_score_temp,5.980620e-01,2.341491e-02,3.915131e-02
2400,layers.4.qk_lut.log_select_temp,8.032697e-01,5.763710e-03,7.175310e-03
2400,layers.4.v_lut.weights,8.423450e+01,2.854230e+01,3.388434e-01
2400,layers.4.v_lut.log_soft_score_temp,9.085718e-01,1.941931e-02,2.137345e-02
2400,layers.4.v_lut.log_select_temp,9.150820e-01,2.951407e-02,3.225293e-02
2400,layers.4.out_proj.weights,1.891436e+02,6.441325e+01,3.405521e-01
2400,layers.4.out_proj.log_soft_score_temp,4.484065e-01,3.639314e-02,8.116104e-02
2400,layers.4.out_proj.log_select_temp,6.366263e-01,4.738569e-05,7.443251e-05
2400,layers.4.residual_lut.weights,8.120257e+01,2.717352e+01,3.346387e-01
2400,layers.4.residual_lut.log_soft_score_temp,5.176455e-01,2.002919e-02,3.869287e-02
2400,layers.4.residual_lut.log_select_temp,6.570431e-01,8.015692e-03,1.219964e-02
2400,layers.4.q_norm.weight,8.516355e+00,6.944503e-02,8.154314e-03
2400,layers.4.q_norm.bias,2.167440e-01,2.506141e-02,1.156268e-01
2400,layers.4.k_norm.weight,8.497227e+00,6.690257e-02,7.873460e-03
2400,layers.4.k_norm.bias,3.783112e-01,4.341464e-02,1.147591e-01
2400,layers.5.qk_lut.weights,6.050750e+01,1.992624e+01,3.293184e-01
2400,layers.5.qk_lut.log_soft_score_temp,6.579289e-01,1.262957e-02,1.919595e-02
2400,layers.5.qk_lut.log_select_temp,7.635041e-01,4.119039e-03,5.394914e-03
2400,layers.5.v_lut.weights,8.500084e+01,2.801561e+01,3.295922e-01
2400,layers.5.v_lut.log_soft_score_temp,8.968651e-01,2.703190e-02,3.014043e-02
2400,layers.5.v_lut.log_select_temp,8.975275e-01,2.952898e-02,3.290036e-02
2400,layers.5.out_proj.weights,2.463581e+02,7.441507e+01,3.020606e-01
2400,layers.5.out_proj.log_soft_score_temp,5.838859e-01,2.396673e-02,4.104694e-02
2400,layers.5.out_proj.log_select_temp,7.167114e-01,9.339690e-03,1.303131e-02
2400,layers.5.residual_lut.weights,1.002597e+02,2.869561e+01,2.862130e-01
2400,layers.5.residual_lut.log_soft_score_temp,5.787137e-01,1.300132e-02,2.246590e-02
2400,layers.5.residual_lut.log_select_temp,6.693497e-01,5.596817e-03,8.361574e-03
2400,layers.5.q_norm.weight,8.161518e+00,4.593491e-02,5.628231e-03
2400,layers.5.q_norm.bias,1.305534e-01,2.012124e-02,1.541227e-01
2400,layers.5.k_norm.weight,8.159637e+00,4.696123e-02,5.755308e-03
2400,layers.5.k_norm.bias,2.014286e-01,3.055492e-02,1.516911e-01
2400,ln_final.weight,2.682930e+01,8.614116e-01,3.210712e-02
2400,ln_final.bias,1.232022e+00,9.098264e-02,7.384822e-02
2600,tok_emb_E.weight,2.087238e+02,1.121596e+01,5.373589e-02
2600,emb_resid_lut.weights,1.168930e+02,2.479121e+01,2.120846e-01
2600,emb_resid_lut.log_soft_score_temp,1.121447e+00,4.078722e-02,3.637016e-02
2600,emb_resid_lut.log_select_temp,1.136395e+00,4.625070e-02,4.069949e-02
2600,unembedder.weight,1.598027e+02,1.576936e+01,9.868014e-02
2600,layers.0.qk_lut.weights,6.456809e+01,1.779198e+01,2.755537e-01
2600,layers.0.qk_lut.log_soft_score_temp,8.021123e-01,5.909264e-03,7.367128e-03
2600,layers.0.qk_lut.log_select_temp,7.939961e-01,7.182837e-03,9.046438e-03
2600,layers.0.v_lut.weights,9.005303e+01,2.777838e+01,3.084669e-01
2600,layers.0.v_lut.log_soft_score_temp,8.128590e-01,2.033067e-02,2.501131e-02
2600,layers.0.v_lut.log_select_temp,9.266371e-01,4.125416e-03,4.452030e-03
2600,layers.0.out_proj.weights,1.843250e+02,5.925292e+01,3.214590e-01
2600,layers.0.out_proj.log_soft_score_temp,4.036109e-01,5.554557e-02,1.376216e-01
2600,layers.0.out_proj.log_select_temp,5.540702e-01,4.329795e-02,7.814523e-02
2600,layers.0.residual_lut.weights,7.947971e+01,2.640861e+01,3.322686e-01
2600,layers.0.residual_lut.log_soft_score_temp,3.790071e-01,4.209960e-02,1.110786e-01
2600,layers.0.residual_lut.log_select_temp,4.904073e-01,3.164417e-02,6.452629e-02
2600,layers.0.q_norm.weight,8.673288e+00,2.414261e-02,2.783559e-03
2600,layers.0.q_norm.bias,5.359936e-01,2.283579e-02,4.260459e-02
2600,layers.0.k_norm.weight,8.640426e+00,2.305166e-02,2.667885e-03
2600,layers.0.k_norm.bias,8.116037e-01,4.106534e-02,5.059778e-02
2600,layers.1.qk_lut.weights,6.460503e+01,1.930741e+01,2.988531e-01
2600,layers.1.qk_lut.log_soft_score_temp,5.000553e-01,1.583141e-02,3.165932e-02
2600,layers.1.qk_lut.log_select_temp,7.782646e-01,1.290071e-02,1.657625e-02
2600,layers.1.v_lut.weights,8.701869e+01,2.751128e+01,3.161537e-01
2600,layers.1.v_lut.log_soft_score_temp,6.623574e-01,3.392416e-02,5.121730e-02
2600,layers.1.v_lut.log_select_temp,9.671124e-01,1.310152e-02,1.354705e-02
2600,layers.1.out_proj.weights,1.895793e+02,6.138658e+01,3.238043e-01
2600,layers.1.out_proj.log_soft_score_temp,2.945746e-01,5.563119e-02,1.888526e-01
2600,layers.1.out_proj.log_select_temp,6.141748e-01,2.549398e-02,4.150932e-02
2600,layers.1.residual_lut.weights,8.123976e+01,2.668421e+01,3.284624e-01
2600,layers.1.residual_lut.log_soft_score_temp,4.466745e-01,2.544320e-02,5.696138e-02
2600,layers.1.residual_lut.log_select_temp,6.220826e-01,1.177490e-03,1.892819e-03
2600,layers.1.q_norm.weight,8.800807e+00,6.043930e-02,6.867472e-03
2600,layers.1.q_norm.bias,4.736509e-01,2.514017e-02,5.307743e-02
2600,layers.1.k_norm.weight,8.757437e+00,5.943959e-02,6.787328e-03
2600,layers.1.k_norm.bias,6.584803e-01,3.792713e-02,5.759798e-02
2600,layers.2.qk_lut.weights,6.464912e+01,1.968330e+01,3.044635e-01
2600,layers.2.qk_lut.log_soft_score_temp,4.807788e-01,2.140677e-02,4.452520e-02
2600,layers.2.qk_lut.log_select_temp,7.585019e-01,1.143843e-02,1.508029e-02
2600,layers.2.v_lut.weights,8.773400e+01,2.808966e+01,3.201685e-01
2600,layers.2.v_lut.log_soft_score_temp,7.073138e-01,3.893250e-02,5.504276e-02
2600,layers.2.v_lut.log_select_temp,9.914311e-01,9.258866e-03,9.338891e-03
2600,layers.2.out_proj.weights,1.916767e+02,6.196024e+01,3.232539e-01
2600,layers.2.out_proj.log_soft_score_temp,3.419345e-01,5.187711e-02,1.517165e-01
2600,layers.2.out_proj.log_select_temp,6.075891e-01,1.913768e-02,3.149774e-02
2600,layers.2.residual_lut.weights,8.462527e+01,2.670277e+01,3.155413e-01
2600,layers.2.residual_lut.log_soft_score_temp,5.166092e-01,1.985115e-02,3.842585e-02
2600,layers.2.residual_lut.log_select_temp,7.008691e-01,9.617269e-03,1.372192e-02
2600,layers.2.q_norm.weight,8.838288e+00,6.220935e-02,7.038620e-03
2600,layers.2.q_norm.bias,6.399177e-01,3.626203e-02,5.666671e-02
2600,layers.2.k_norm.weight,8.796914e+00,5.643820e-02,6.415682e-03
2600,layers.2.k_norm.bias,9.028056e-01,5.327965e-02,5.901565e-02
2600,layers.3.qk_lut.weights,6.381460e+01,1.957361e+01,3.067263e-01
2600,layers.3.qk_lut.log_soft_score_temp,4.113511e-01,4.003915e-02,9.733571e-02
2600,layers.3.qk_lut.log_select_temp,7.668860e-01,5.866110e-03,7.649260e-03
2600,layers.3.v_lut.weights,8.760758e+01,2.769283e+01,3.161009e-01
2600,layers.3.v_lut.log_soft_score_temp,8.466222e-01,8.954108e-03,1.057627e-02
2600,layers.3.v_lut.log_select_temp,1.012949e+00,2.088571e-02,2.061872e-02
2600,layers.3.out_proj.weights,1.997548e+02,6.325993e+01,3.166879e-01
2600,layers.3.out_proj.log_soft_score_temp,3.530166e-01,3.421542e-02,9.692298e-02
2600,layers.3.out_proj.log_select_temp,6.854212e-01,2.864486e-02,4.179162e-02
2600,layers.3.residual_lut.weights,8.653834e+01,2.691308e+01,3.109960e-01
2600,layers.3.residual_lut.log_soft_score_temp,5.370241e-01,1.284784e-02,2.392414e-02
2600,layers.3.residual_lut.log_select_temp,6.896074e-01,1.235729e-02,1.791932e-02
2600,layers.3.q_norm.weight,8.993291e+00,1.300909e-01,1.446532e-02
2600,layers.3.q_norm.bias,3.936735e-01,3.821120e-02,9.706317e-02
2600,layers.3.k_norm.weight,8.949794e+00,1.295642e-01,1.447678e-02
2600,layers.3.k_norm.bias,7.116018e-01,6.573150e-02,9.237119e-02
2600,layers.4.qk_lut.weights,6.494601e+01,1.976144e+01,3.042748e-01
2600,layers.4.qk_lut.log_soft_score_temp,5.710357e-01,2.702636e-02,4.732866e-02
2600,layers.4.qk_lut.log_select_temp,8.070932e-01,3.823459e-03,4.737320e-03
2600,layers.4.v_lut.weights,9.028992e+01,2.845189e+01,3.151170e-01
2600,layers.4.v_lut.log_soft_score_temp,9.272517e-01,1.867986e-02,2.014540e-02
2600,layers.4.v_lut.log_select_temp,9.465201e-01,3.143805e-02,3.321435e-02
2600,layers.4.out_proj.weights,2.017484e+02,6.390173e+01,3.167396e-01
2600,layers.4.out_proj.log_soft_score_temp,4.115024e-01,3.690404e-02,8.968121e-02
2600,layers.4.out_proj.log_select_temp,6.382891e-01,1.662791e-03,2.605075e-03
2600,layers.4.residual_lut.weights,8.737998e+01,2.712003e+01,3.103689e-01
2600,layers.4.residual_lut.log_soft_score_temp,4.995525e-01,1.809299e-02,3.621840e-02
2600,layers.4.residual_lut.log_select_temp,6.687019e-01,1.165885e-02,1.743504e-02
2600,layers.4.q_norm.weight,8.568007e+00,5.702953e-02,6.656101e-03
2600,layers.4.q_norm.bias,2.353251e-01,2.215807e-02,9.415941e-02
2600,layers.4.k_norm.weight,8.547049e+00,5.509619e-02,6.446224e-03
2600,layers.4.k_norm.bias,4.093058e-01,3.679975e-02,8.990773e-02
2600,layers.5.qk_lut.weights,6.479140e+01,1.978002e+01,3.052877e-01
2600,layers.5.qk_lut.log_soft_score_temp,6.434420e-01,1.448691e-02,2.251471e-02
2600,layers.5.qk_lut.log_select_temp,7.690170e-01,5.512893e-03,7.168754e-03
2600,layers.5.v_lut.weights,9.105948e+01,2.799147e+01,3.073976e-01
2600,layers.5.v_lut.log_soft_score_temp,9.223048e-01,2.543974e-02,2.758279e-02
2600,layers.5.v_lut.log_select_temp,9.258342e-01,2.830672e-02,3.057429e-02
2600,layers.5.out_proj.weights,2.607741e+02,7.175237e+01,2.751514e-01
2600,layers.5.out_proj.log_soft_score_temp,5.587457e-01,2.514023e-02,4.499404e-02
2600,layers.5.out_proj.log_select_temp,7.247328e-01,8.021355e-03,1.106802e-02
2600,layers.5.residual_lut.weights,1.065462e+02,2.843405e+01,2.668705e-01
2600,layers.5.residual_lut.log_soft_score_temp,5.665308e-01,1.218283e-02,2.150427e-02
2600,layers.5.residual_lut.log_select_temp,6.771336e-01,7.783949e-03,1.149544e-02
2600,layers.5.q_norm.weight,8.183142e+00,4.241895e-02,5.183700e-03
2600,layers.5.q_norm.bias,1.443831e-01,1.672831e-02,1.158606e-01
2600,layers.5.k_norm.weight,8.181087e+00,4.567168e-02,5.582593e-03
2600,layers.5.k_norm.bias,2.191326e-01,2.588663e-02,1.181323e-01
2600,ln_final.weight,2.767105e+01,8.464505e-01,3.058976e-02
2600,ln_final.bias,1.269215e+00,8.663772e-02,6.826085e-02
2800,tok_emb_E.weight,2.091847e+02,1.117057e+01,5.340050e-02
2800,emb_resid_lut.weights,1.234027e+02,2.456762e+01,1.990849e-01
2800,emb_resid_lut.log_soft_score_temp,1.156160e+00,3.471220e-02,3.002371e-02
2800,emb_resid_lut.log_select_temp,1.179223e+00,4.282796e-02,3.631879e-02
2800,unembedder.weight,1.623502e+02,1.548357e+01,9.537146e-02
2800,layers.0.qk_lut.weights,6.863474e+01,1.773830e+01,2.584449e-01
2800,layers.0.qk_lut.log_soft_score_temp,8.060138e-01,3.901422e-03,4.840391e-03
2800,layers.0.qk_lut.log_select_temp,7.997296e-01,5.733550e-03,7.169360e-03
2800,layers.0.v_lut.weights,9.559100e+01,2.764985e+01,2.892516e-01
2800,layers.0.v_lut.log_soft_score_temp,7.916088e-01,2.125025e-02,2.684438e-02
2800,layers.0.v_lut.log_select_temp,9.302808e-01,3.643751e-03,3.916829e-03
2800,layers.0.out_proj.weights,1.953496e+02,5.886975e+01,3.013559e-01
2800,layers.0.out_proj.log_soft_score_temp,3.487895e-01,5.482140e-02,1.571762e-01
2800,layers.0.out_proj.log_select_temp,5.148340e-01,3.923619e-02,7.621133e-02
2800,layers.0.residual_lut.weights,8.430893e+01,2.612172e+01,3.098334e-01
2800,layers.0.residual_lut.log_soft_score_temp,3.428720e-01,3.613511e-02,1.053895e-01
2800,layers.0.residual_lut.log_select_temp,4.655194e-01,2.488798e-02,5.346282e-02
2800,layers.0.q_norm.weight,8.676019e+00,2.093440e-02,2.412903e-03
2800,layers.0.q_norm.bias,5.531260e-01,2.061730e-02,3.727414e-02
2800,layers.0.k_norm.weight,8.642221e+00,2.085870e-02,2.413580e-03
2800,layers.0.k_norm.bias,8.437442e-01,3.801939e-02,4.506032e-02
2800,layers.1.qk_lut.weights,6.864283e+01,1.924202e+01,2.803210e-01
2800,layers.1.qk_lut.log_soft_score_temp,4.873976e-01,1.265776e-02,2.597010e-02
2800,layers.1.qk_lut.log_select_temp,7.906958e-01,1.243114e-02,1.572178e-02
2800,layers.1.v_lut.weights,9.245843e+01,2.732475e+01,2.955355e-01
2800,layers.1.v_lut.log_soft_score_temp,6.271152e-01,3.524220e-02,5.619733e-02
2800,layers.1.v_lut.log_select_temp,9.832417e-01,1.612937e-02,1.640428e-02
2800,layers.1.out_proj.weights,2.008433e+02,6.094456e+01,3.034434e-01
2800,layers.1.out_proj.log_soft_score_temp,2.393068e-01,5.526778e-02,2.309494e-01
2800,layers.1.out_proj.log_select_temp,5.901303e-01,2.404445e-02,4.074431e-02
2800,layers.1.residual_lut.weights,8.634888e+01,2.646266e+01,3.064621e-01
2800,layers.1.residual_lut.log_soft_score_temp,4.260354e-01,2.063906e-02,4.844447e-02
2800,layers.1.residual_lut.log_select_temp,6.242385e-01,2.155900e-03,3.453648e-03
2800,layers.1.q_norm.weight,8.850442e+00,5.791929e-02,6.544226e-03
2800,layers.1.q_norm.bias,4.980519e-01,2.702998e-02,5.427142e-02
2800,layers.1.k_norm.weight,8.804602e+00,5.712114e-02,6.487646e-03
2800,layers.1.k_norm.bias,6.934351e-01,3.854227e-02,5.558165e-02
2800,layers.2.qk_lut.weights,6.871564e+01,1.962248e+01,2.855606e-01
2800,layers.2.qk_lut.log_soft_score_temp,4.594182e-01,2.136052e-02,4.649471e-02
2800,layers.2.qk_lut.log_select_temp,7.678254e-01,9.323478e-03,1.214271e-02
2800,layers.2.v_lut.weights,9.318073e+01,2.794263e+01,2.998756e-01
2800,layers.2.v_lut.log_soft_score_temp,6.686463e-01,3.866756e-02,5.782962e-02
2800,layers.2.v_lut.log_select_temp,9.984263e-01,6.995261e-03,7.006286e-03
2800,layers.2.out_proj.weights,2.029878e+02,6.139584e+01,3.024607e-01
2800,layers.2.out_proj.log_soft_score_temp,2.886243e-01,5.331016e-02,1.847043e-01
2800,layers.2.out_proj.log_select_temp,5.845574e-01,2.303165e-02,3.940015e-02
2800,layers.2.residual_lut.weights,8.992841e+01,2.646600e+01,2.943007e-01
2800,layers.2.residual_lut.log_soft_score_temp,5.000808e-01,1.652837e-02,3.305139e-02
2800,layers.2.residual_lut.log_select_temp,7.120681e-01,1.119906e-02,1.572751e-02
2800,layers.2.q_norm.weight,8.882263e+00,5.122010e-02,5.766559e-03
2800,layers.2.q_norm.bias,6.660487e-01,2.985987e-02,4.483136e-02
2800,layers.2.k_norm.weight,8.839791e+00,4.867955e-02,5.506867e-03
2800,layers.2.k_norm.bias,9.409559e-01,4.354395e-02,4.627629e-02
2800,layers.3.qk_lut.weights,6.777079e+01,1.950253e+01,2.877720e-01
2800,layers.3.qk_lut.log_soft_score_temp,3.705579e-01,4.079321e-02,1.100859e-01
2800,layers.3.qk_lut.log_select_temp,7.725134e-01,5.627453e-03,7.284602e-03
2800,layers.3.v_lut.weights,9.314188e+01,2.762366e+01,2.965762e-01
2800,layers.3.v_lut.log_soft_score_temp,8.297563e-01,1.686591e-02,2.032634e-02
2800,layers.3.v_lut.log_select_temp,1.027959e+00,1.501083e-02,1.460256e-02
2800,layers.3.out_proj.weights,2.120157e+02,6.271965e+01,2.958255e-01
2800,layers.3.out_proj.log_soft_score_temp,3.171605e-01,3.585610e-02,1.130535e-01
2800,layers.3.out_proj.log_select_temp,7.138116e-01,2.839047e-02,3.977305e-02
2800,layers.3.residual_lut.weights,9.226397e+01,2.668454e+01,2.892195e-01
2800,layers.3.residual_lut.log_soft_score_temp,5.265390e-01,1.048511e-02,1.991327e-02
2800,layers.3.residual_lut.log_select_temp,7.030457e-01,1.343822e-02,1.911430e-02
2800,layers.3.q_norm.weight,9.094548e+00,1.223729e-01,1.345563e-02
2800,layers.3.q_norm.bias,4.212842e-01,3.713137e-02,8.813852e-02
2800,layers.3.k_norm.weight,9.047482e+00,1.212153e-01,1.339768e-02
2800,layers.3.k_norm.bias,7.598245e-01,5.927366e-02,7.800967e-02
2800,layers.4.qk_lut.weights,6.901141e+01,1.969359e+01,2.853671e-01
2800,layers.4.qk_lut.log_soft_score_temp,5.462120e-01,2.482367e-02,4.544694e-02
2800,layers.4.qk_lut.log_select_temp,8.130773e-01,5.984068e-03,7.359778e-03
2800,layers.4.v_lut.weights,9.590088e+01,2.838708e+01,2.960044e-01
2800,layers.4.v_lut.log_soft_score_temp,9.354064e-01,8.154690e-03,8.717805e-03
2800,layers.4.v_lut.log_select_temp,9.730156e-01,2.649552e-02,2.723031e-02
2800,layers.4.out_proj.weights,2.133781e+02,6.302760e+01,2.953799e-01
2800,layers.4.out_proj.log_soft_score_temp,3.747463e-01,3.675610e-02,9.808261e-02
2800,layers.4.out_proj.log_select_temp,6.405842e-01,2.295077e-03,3.582787e-03
2800,layers.4.residual_lut.weights,9.310512e+01,2.687071e+01,2.886062e-01
2800,layers.4.residual_lut.log_soft_score_temp,4.847332e-01,1.481929e-02,3.057206e-02
2800,layers.4.residual_lut.log_select_temp,6.812405e-01,1.253855e-02,1.840547e-02
2800,layers.4.q_norm.weight,8.613963e+00,5.199235e-02,6.035822e-03
2800,layers.4.q_norm.bias,2.505642e-01,1.928250e-02,7.695629e-02
2800,layers.4.k_norm.weight,8.591144e+00,5.035893e-02,5.861726e-03
2800,layers.4.k_norm.bias,4.393132e-01,3.382236e-02,7.698917e-02
2800,layers.5.qk_lut.weights,6.882886e+01,1.972292e+01,2.865502e-01
2800,layers.5.qk_lut.log_soft_score_temp,6.277227e-01,1.571929e-02,2.504178e-02
2800,layers.5.qk_lut.log_select_temp,7.723769e-01,3.359914e-03,4.350096e-03
2800,layers.5.v_lut.weights,9.676637e+01,2.781150e+01,2.874087e-01
2800,layers.5.v_lut.log_soft_score_temp,9.451245e-01,2.281970e-02,2.414465e-02
2800,layers.5.v_lut.log_select_temp,9.534855e-01,2.765125e-02,2.900018e-02
2800,layers.5.out_proj.weights,2.745161e+02,7.256253e+01,2.643289e-01
2800,layers.5.out_proj.log_soft_score_temp,5.369789e-01,2.176678e-02,4.053564e-02
2800,layers.5.out_proj.log_select_temp,7.399359e-01,1.520318e-02,2.054661e-02
2800,layers.5.residual_lut.weights,1.123866e+02,2.805210e+01,2.496035e-01
2800,layers.5.residual_lut.log_soft_score_temp,5.564629e-01,1.006794e-02,1.809274e-02
2800,layers.5.residual_lut.log_select_temp,6.861553e-01,9.021699e-03,1.314819e-02
2800,layers.5.q_norm.weight,8.201711e+00,4.445931e-02,5.420737e-03
2800,layers.5.q_norm.bias,1.579551e-01,1.761730e-02,1.115336e-01
2800,layers.5.k_norm.weight,8.200244e+00,4.255792e-02,5.189836e-03
2800,layers.5.k_norm.bias,2.350763e-01,2.486248e-02,1.057634e-01
2800,ln_final.weight,2.848316e+01,8.174686e-01,2.870007e-02
2800,ln_final.bias,1.297699e+00,7.735910e-02,5.961251e-02
3000,tok_emb_E.weight,2.096374e+02,1.109460e+01,5.292279e-02
3000,emb_resid_lut.weights,1.293763e+02,2.451454e+01,1.894824e-01
3000,emb_resid_lut.log_soft_score_temp,1.183322e+00,2.716267e-02,2.295459e-02
3000,emb_resid_lut.log_select_temp,1.218389e+00,3.916550e-02,3.214532e-02
3000,unembedder.weight,1.645067e+02,1.516414e+01,9.217947e-02
3000,layers.0.qk_lut.weights,7.242763e+01,1.757413e+01,2.426440e-01
3000,layers.0.qk_lut.log_soft_score_temp,8.092448e-01,3.231049e-03,3.992671e-03
3000,layers.0.qk_lut.log_select_temp,8.051743e-01,5.444646e-03,6.762071e-03
3000,layers.0.v_lut.weights,1.007607e+02,2.754900e+01,2.734100e-01
3000,layers.0.v_lut.log_soft_score_temp,7.719288e-01,1.967990e-02,2.549445e-02
3000,layers.0.v_lut.log_select_temp,9.335514e-01,3.270626e-03,3.503424e-03
3000,layers.0.out_proj.weights,2.056105e+02,5.851247e+01,2.845792e-01
3000,layers.0.out_proj.log_soft_score_temp,2.940648e-01,5.472475e-02,1.860976e-01
3000,layers.0.out_proj.log_select_temp,4.778169e-01,3.701717e-02,7.747145e-02
3000,layers.0.residual_lut.weights,8.889697e+01,2.618232e+01,2.945243e-01
3000,layers.0.residual_lut.log_soft_score_temp,3.062761e-01,3.659591e-02,1.194867e-01
3000,layers.0.residual_lut.log_select_temp,4.410150e-01,2.450439e-02,5.556363e-02
3000,layers.0.q_norm.weight,8.683699e+00,2.005245e-02,2.309207e-03
3000,layers.0.q_norm.bias,5.686375e-01,1.909683e-02,3.358349e-02
3000,layers.0.k_norm.weight,8.649232e+00,1.977400e-02,2.286214e-03
3000,layers.0.k_norm.bias,8.717334e-01,3.439484e-02,3.945569e-02
3000,layers.1.qk_lut.weights,7.240909e+01,1.912478e+01,2.641213e-01
3000,layers.1.qk_lut.log_soft_score_temp,4.737864e-01,1.361111e-02,2.872836e-02
3000,layers.1.qk_lut.log_select_temp,8.046648e-01,1.396900e-02,1.736003e-02
3000,layers.1.v_lut.weights,9.755405e+01,2.721945e+01,2.790191e-01
3000,layers.1.v_lut.log_soft_score_temp,5.904645e-01,3.665078e-02,6.207110e-02
3000,layers.1.v_lut.log_select_temp,9.969772e-01,1.373547e-02,1.377712e-02
3000,layers.1.out_proj.weights,2.113318e+02,6.050574e+01,2.863068e-01
3000,layers.1.out_proj.log_soft_score_temp,1.846341e-01,5.467276e-02,2.961142e-01
3000,layers.1.out_proj.log_select_temp,5.697091e-01,2.042127e-02,3.584508e-02
3000,layers.1.residual_lut.weights,9.119629e+01,2.654444e+01,2.910693e-01
3000,layers.1.residual_lut.log_soft_score_temp,4.025047e-01,2.353072e-02,5.846074e-02
3000,layers.1.residual_lut.log_select_temp,6.270775e-01,2.838969e-03,4.527302e-03
3000,layers.1.q_norm.weight,8.894046e+00,5.425958e-02,6.100664e-03
3000,layers.1.q_norm.bias,5.171694e-01,2.209791e-02,4.272856e-02
3000,layers.1.k_norm.weight,8.846058e+00,5.372141e-02,6.072920e-03
3000,layers.1.k_norm.bias,7.204200e-01,3.153859e-02,4.377806e-02
3000,layers.2.qk_lut.weights,7.254938e+01,1.956134e+01,2.696280e-01
3000,layers.2.qk_lut.log_soft_score_temp,4.382768e-01,2.114141e-02,4.823757e-02
3000,layers.2.qk_lut.log_select_temp,7.754729e-01,7.647574e-03,9.861819e-03
3000,layers.2.v_lut.weights,9.827797e+01,2.781564e+01,2.830302e-01
3000,layers.2.v_lut.log_soft_score_temp,6.287416e-01,3.990465e-02,6.346749e-02
3000,layers.2.v_lut.log_select_temp,1.005518e+00,7.091880e-03,7.052960e-03
3000,layers.2.out_proj.weights,2.135293e+02,6.097179e+01,2.855430e-01
3000,layers.2.out_proj.log_soft_score_temp,2.354374e-01,5.318694e-02,2.259069e-01
3000,layers.2.out_proj.log_select_temp,5.631879e-01,2.136952e-02,3.794385e-02
3000,layers.2.residual_lut.weights,9.494234e+01,2.660449e+01,2.802173e-01
3000,layers.2.residual_lut.log_soft_score_temp,4.813699e-01,1.871088e-02,3.887007e-02
3000,layers.2.residual_lut.log_select_temp,7.241761e-01,1.210797e-02,1.671965e-02
3000,layers.2.q_norm.weight,8.922051e+00,4.803016e-02,5.383309e-03
3000,layers.2.q_norm.bias,6.932505e-01,3.027253e-02,4.366752e-02
3000,layers.2.k_norm.weight,8.876719e+00,4.409258e-02,4.967216e-03
3000,layers.2.k_norm.bias,9.804021e-01,4.447380e-02,4.536282e-02
3000,layers.3.qk_lut.weights,7.146353e+01,1.946304e+01,2.723492e-01
3000,layers.3.qk_lut.log_soft_score_temp,3.324300e-01,3.812787e-02,1.146944e-01
3000,layers.3.qk_lut.log_select_temp,7.826008e-01,1.008731e-02,1.288947e-02
3000,layers.3.v_lut.weights,9.835313e+01,2.755909e+01,2.802055e-01
3000,layers.3.v_lut.log_soft_score_temp,8.072568e-01,2.249956e-02,2.787163e-02
3000,layers.3.v_lut.log_select_temp,1.038565e+00,1.060522e-02,1.021142e-02
3000,layers.3.out_proj.weights,2.236231e+02,6.235686e+01,2.788480e-01
3000,layers.3.out_proj.log_soft_score_temp,2.828037e-01,3.435680e-02,1.214864e-01
3000,layers.3.out_proj.log_select_temp,7.437699e-01,2.995831e-02,4.027900e-02
3000,layers.3.residual_lut.weights,9.771994e+01,2.678742e+01,2.741244e-01
3000,layers.3.residual_lut.log_soft_score_temp,5.145195e-01,1.201952e-02,2.336066e-02
3000,layers.3.residual_lut.log_select_temp,7.185092e-01,1.546353e-02,2.152169e-02
3000,layers.3.q_norm.weight,9.188923e+00,1.202732e-01,1.308893e-02
3000,layers.3.q_norm.bias,4.443817e-01,3.375655e-02,7.596297e-02
3000,layers.3.k_norm.weight,9.138945e+00,1.201130e-01,1.314299e-02
3000,layers.3.k_norm.bias,8.067428e-01,5.757678e-02,7.136944e-02
3000,layers.4.qk_lut.weights,7.280329e+01,1.963919e+01,2.697569e-01
3000,layers.4.qk_lut.log_soft_score_temp,5.205459e-01,2.566612e-02,4.930616e-02
3000,layers.4.qk_lut.log_select_temp,8.165724e-01,3.495097e-03,4.280205e-03
3000,layers.4.v_lut.weights,1.011591e+02,2.820695e+01,2.788376e-01
3000,layers.4.v_lut.log_soft_score_temp,9.391130e-01,3.706574e-03,3.946889e-03
3000,layers.4.v_lut.log_select_temp,9.988414e-01,2.582580e-02,2.585575e-02
3000,layers.4.out_proj.weights,2.242746e+02,6.266247e+01,2.794007e-01
3000,layers.4.out_proj.log_soft_score_temp,3.371061e-01,3.764021e-02,1.116569e-01
3000,layers.4.out_proj.log_select_temp,6.442479e-01,3.663778e-03,5.686907e-03
3000,layers.4.residual_lut.weights,9.857002e+01,2.697325e+01,2.736456e-01
3000,layers.4.residual_lut.log_soft_score_temp,4.684648e-01,1.626840e-02,3.472705e-02
3000,layers.4.residual_lut.log_select_temp,6.962016e-01,1.496106e-02,2.148956e-02
3000,layers.4.q_norm.weight,8.660421e+00,5.213615e-02,6.020048e-03
3000,layers.4.q_norm.bias,2.686259e-01,2.064541e-02,7.685562e-02
3000,layers.4.k_norm.weight,8.635192e+00,5.124783e-02,5.934765e-03
3000,layers.4.k_norm.bias,4.684476e-01,3.392659e-02,7.242345e-02
3000,layers.5.qk_lut.weights,7.253877e+01,1.955511e+01,2.695814e-01
3000,layers.5.qk_lut.log_soft_score_temp,6.090077e-01,1.871496e-02,3.073026e-02
3000,layers.5.qk_lut.log_select_temp,7.722763e-01,1.005530e-04,1.302034e-04
3000,layers.5.v_lut.weights,1.020072e+02,2.763560e+01,2.709180e-01
3000,layers.5.v_lut.log_soft_score_temp,9.694289e-01,2.430439e-02,2.507083e-02
3000,layers.5.v_lut.log_select_temp,9.826708e-01,2.918530e-02,2.969997e-02
3000,layers.5.out_proj.weights,2.876503e+02,7.190789e+01,2.499837e-01
3000,layers.5.out_proj.log_soft_score_temp,5.172530e-01,1.972592e-02,3.813592e-02
3000,layers.5.out_proj.log_select_temp,7.510614e-01,1.112545e-02,1.481296e-02
3000,layers.5.residual_lut.weights,1.179076e+02,2.805418e+01,2.379337e-01
3000,layers.5.residual_lut.log_soft_score_temp,5.458506e-01,1.061231e-02,1.944178e-02
3000,layers.5.residual_lut.log_select_temp,6.979900e-01,1.183468e-02,1.695537e-02
3000,layers.5.q_norm.weight,8.225631e+00,4.689088e-02,5.700581e-03
3000,layers.5.q_norm.bias,1.678398e-01,1.776104e-02,1.058214e-01
3000,layers.5.k_norm.weight,8.223660e+00,4.784035e-02,5.817404e-03
3000,layers.5.k_norm.bias,2.543207e-01,2.742269e-02,1.078272e-01
3000,ln_final.weight,2.928746e+01,8.076932e-01,2.757813e-02
3000,ln_final.bias,1.327688e+00,8.190541e-02,6.169027e-02
3200,tok_emb_E.weight,2.100860e+02,1.101547e+01,5.243318e-02
3200,emb_resid_lut.weights,1.349016e+02,2.433856e+01,1.804172e-01
3200,emb_resid_lut.log_soft_score_temp,1.202314e+00,1.899135e-02,1.579567e-02
3200,emb_resid_lut.log_select_temp,1.254031e+00,3.564250e-02,2.842234e-02
3200,unembedder.weight,1.664560e+02,1.498077e+01,8.999835e-02
3200,layers.0.qk_lut.weights,7.600182e+01,1.756160e+01,2.310682e-01
3200,layers.0.qk_lut.log_soft_score_temp,8.130615e-01,3.816724e-03,4.694262e-03
3200,layers.0.qk_lut.log_select_temp,8.115283e-01,6.354034e-03,7.829713e-03
3200,layers.0.v_lut.weights,1.056246e+02,2.735948e+01,2.590257e-01
3200,layers.0.v_lut.log_soft_score_temp,7.488536e-01,2.307528e-02,3.081415e-02
3200,layers.0.v_lut.log_select_temp,9.364172e-01,2.865791e-03,3.060379e-03
3200,layers.0.out_proj.weights,2.152323e+02,5.806368e+01,2.697721e-01
3200,layers.0.out_proj.log_soft_score_temp,2.395374e-01,5.452731e-02,2.276359e-01
3200,layers.0.out_proj.log_select_temp,4.431469e-01,3.467000e-02,7.823590e-02
3200,layers.0.residual_lut.weights,9.318839e+01,2.603099e+01,2.793373e-01
3200,layers.0.residual_lut.log_soft_score_temp,2.704625e-01,3.581363e-02,1.324163e-01
3200,layers.0.residual_lut.log_select_temp,4.175004e-01,2.351454e-02,5.632219e-02
3200,layers.0.q_norm.weight,8.687714e+00,2.125810e-02,2.446915e-03
3200,layers.0.q_norm.bias,5.839648e-01,1.875409e-02,3.211509e-02
3200,layers.0.k_norm.weight,8.652408e+00,1.958873e-02,2.263963e-03
3200,layers.0.k_norm.bias,9.026774e-01,3.653514e-02,4.047420e-02
3200,layers.1.qk_lut.weights,7.597211e+01,1.899377e+01,2.500098e-01
3200,layers.1.qk_lut.log_soft_score_temp,4.604324e-01,1.335409e-02,2.900338e-02
3200,layers.1.qk_lut.log_select_temp,8.166935e-01,1.202875e-02,1.472860e-02
3200,layers.1.v_lut.weights,1.023281e+02,2.706800e+01,2.645217e-01
3200,layers.1.v_lut.log_soft_score_temp,5.533771e-01,3.708738e-02,6.702009e-02
3200,layers.1.v_lut.log_select_temp,1.007575e+00,1.059771e-02,1.051803e-02
3200,layers.1.out_proj.weights,2.211403e+02,6.008458e+01,2.717035e-01
3200,layers.1.out_proj.log_soft_score_temp,1.303768e-01,5.425732e-02,4.161579e-01
3200,layers.1.out_proj.log_select_temp,5.476087e-01,2.210039e-02,4.035800e-02
3200,layers.1.residual_lut.weights,9.576200e+01,2.644501e+01,2.761535e-01
3200,layers.1.residual_lut.log_soft_score_temp,3.804725e-01,2.203220e-02,5.790747e-02
3200,layers.1.residual_lut.log_select_temp,6.325814e-01,5.503953e-03,8.700781e-03
3200,layers.1.q_norm.weight,8.930840e+00,4.742937e-02,5.310740e-03
3200,layers.1.q_norm.bias,5.350356e-01,2.026276e-02,3.787180e-02
3200,layers.1.k_norm.weight,8.881113e+00,4.624871e-02,5.207535e-03
3200,layers.1.k_norm.bias,7.468812e-01,3.117383e-02,4.173867e-02
3200,layers.2.qk_lut.weights,7.614933e+01,1.939713e+01,2.547250e-01
3200,layers.2.qk_lut.log_soft_score_temp,4.208270e-01,1.744986e-02,4.146563e-02
3200,layers.2.qk_lut.log_select_temp,7.863796e-01,1.090670e-02,1.386951e-02
3200,layers.2.v_lut.weights,1.030602e+02,2.762000e+01,2.679988e-01
3200,layers.2.v_lut.log_soft_score_temp,5.848364e-01,4.390520e-02,7.507261e-02
3200,layers.2.v_lut.log_select_temp,1.007681e+00,2.162814e-03,2.146328e-03
3200,layers.2.out_proj.weights,2.234202e+02,6.047454e+01,2.706763e-01
3200,layers.2.out_proj.log_soft_score_temp,1.833866e-01,5.205074e-02,2.838306e-01
3200,layers.2.out_proj.log_select_temp,5.453169e-01,1.787102e-02,3.277181e-02
3200,layers.2.residual_lut.weights,9.963379e+01,2.646057e+01,2.655782e-01
3200,layers.2.residual_lut.log_soft_score_temp,4.623208e-01,1.904911e-02,4.120322e-02
3200,layers.2.residual_lut.log_select_temp,7.378145e-01,1.363844e-02,1.848491e-02
3200,layers.2.q_norm.weight,8.956326e+00,4.146647e-02,4.629853e-03
3200,layers.2.q_norm.bias,7.132777e-01,2.453753e-02,3.440108e-02
3200,layers.2.k_norm.weight,8.908992e+00,3.785392e-02,4.248956e-03
3200,layers.2.k_norm.bias,1.011091e+00,3.549538e-02,3.510602e-02
3200,layers.3.qk_lut.weights,7.495108e+01,1.936991e+01,2.584340e-01
3200,layers.3.qk_lut.log_soft_score_temp,2.935742e-01,3.885576e-02,1.323541e-01
3200,layers.3.qk_lut.log_select_temp,7.959775e-01,1.337671e-02,1.680539e-02
3200,layers.3.v_lut.weights,1.032068e+02,2.741538e+01,2.656353e-01
3200,layers.3.v_lut.log_soft_score_temp,7.783368e-01,2.891994e-02,3.715607e-02
3200,layers.3.v_lut.log_select_temp,1.043893e+00,5.328059e-03,5.104030e-03
3200,layers.3.out_proj.weights,2.346243e+02,6.185746e+01,2.636448e-01
3200,layers.3.out_proj.log_soft_score_temp,2.415297e-01,4.127400e-02,1.708858e-01
3200,layers.3.out_proj.log_select_temp,7.725581e-01,2.878815e-02,3.726341e-02
3200,layers.3.residual_lut.weights,1.029026e+02,2.666117e+01,2.590913e-01
3200,layers.3.residual_lut.log_soft_score_temp,5.023929e-01,1.212656e-02,2.413761e-02
3200,layers.3.residual_lut.log_select_temp,7.355259e-01,1.701671e-02,2.313543e-02
3200,layers.3.q_norm.weight,9.274154e+00,1.085076e-01,1.170000e-02
3200,layers.3.q_norm.bias,4.698035e-01,3.742826e-02,7.966790e-02
3200,layers.3.k_norm.weight,9.221259e+00,1.073893e-01,1.164584e-02
3200,layers.3.k_norm.bias,8.498184e-01,5.320481e-02,6.260727e-02
3200,layers.4.qk_lut.weights,7.637652e+01,1.950916e+01,2.554340e-01
3200,layers.4.qk_lut.log_soft_score_temp,4.932689e-01,2.727699e-02,5.529842e-02
3200,layers.4.qk_lut.log_select_temp,8.191344e-01,2.561986e-03,3.127675e-03
3200,layers.4.v_lut.weights,1.061155e+02,2.803131e+01,2.641586e-01
3200,layers.4.v_lut.log_soft_score_temp,9.356504e-01,3.462553e-03,3.700691e-03
3200,layers.4.v_lut.log_select_temp,1.022023e+00,2.318132e-02,2.268180e-02
3200,layers.4.out_proj.weights,2.346341e+02,6.222462e+01,2.651985e-01
3200,layers.4.out_proj.log_soft_score_temp,3.015427e-01,3.556344e-02,1.179383e-01
3200,layers.4.out_proj.log_select_temp,6.526676e-01,8.419693e-03,1.290043e-02
3200,layers.4.residual_lut.weights,1.037671e+02,2.685696e+01,2.588197e-01
3200,layers.4.residual_lut.log_soft_score_temp,4.516393e-01,1.682553e-02,3.725435e-02
3200,layers.4.residual_lut.log_select_temp,7.144799e-01,1.827830e-02,2.558267e-02
3200,layers.4.q_norm.weight,8.705783e+00,5.004679e-02,5.748683e-03
3200,layers.4.q_norm.bias,2.840249e-01,1.960952e-02,6.904155e-02
3200,layers.4.k_norm.weight,8.679193e+00,4.941294e-02,5.693264e-03
3200,layers.4.k_norm.bias,4.937104e-01,3.211728e-02,6.505287e-02
3200,layers.5.qk_lut.weights,7.603744e+01,1.937694e+01,2.548342e-01
3200,layers.5.qk_lut.log_soft_score_temp,5.934095e-01,1.559824e-02,2.628579e-02
3200,layers.5.qk_lut.log_select_temp,7.753533e-01,3.076911e-03,3.968399e-03
3200,layers.5.v_lut.weights,1.069765e+02,2.768361e+01,2.587821e-01
3200,layers.5.v_lut.log_soft_score_temp,9.913237e-01,2.189481e-02,2.208644e-02
3200,layers.5.v_lut.log_select_temp,1.010269e+00,2.759802e-02,2.731751e-02
3200,layers.5.out_proj.weights,2.993208e+02,6.990823e+01,2.335562e-01
3200,layers.5.out_proj.log_soft_score_temp,4.946244e-01,2.262855e-02,4.574894e-02
3200,layers.5.out_proj.log_select_temp,7.622356e-01,1.117426e-02,1.465985e-02
3200,layers.5.residual_lut.weights,1.231345e+02,2.789456e+01,2.265373e-01
3200,layers.5.residual_lut.log_soft_score_temp,5.348459e-01,1.100463e-02,2.057532e-02
3200,layers.5.residual_lut.log_select_temp,7.110672e-01,1.307720e-02,1.839095e-02
3200,layers.5.q_norm.weight,8.248918e+00,4.045414e-02,4.904176e-03
3200,layers.5.q_norm.bias,1.828903e-01,1.916027e-02,1.047638e-01
3200,layers.5.k_norm.weight,8.245519e+00,4.033165e-02,4.891341e-03
3200,layers.5.k_norm.bias,2.699120e-01,2.130977e-02,7.895080e-02
3200,ln_final.weight,3.007736e+01,7.929646e-01,2.636417e-02
3200,ln_final.bias,1.356459e+00,7.974640e-02,5.879013e-02
3400,tok_emb_E.weight,2.105229e+02,1.091833e+01,5.186289e-02
3400,emb_resid_lut.weights,1.399819e+02,2.412528e+01,1.723456e-01
3400,emb_resid_lut.log_soft_score_temp,1.211864e+00,9.550214e-03,7.880600e-03
3400,emb_resid_lut.log_select_temp,1.284014e+00,2.998233e-02,2.335048e-02
3400,unembedder.weight,1.680857e+02,1.460182e+01,8.687132e-02
3400,layers.0.qk_lut.weights,7.938692e+01,1.745728e+01,2.199012e-01
3400,layers.0.qk_lut.log_soft_score_temp,8.161205e-01,3.058970e-03,3.748184e-03
3400,layers.0.qk_lut.log_select_temp,8.179642e-01,6.435871e-03,7.868157e-03
3400,layers.0.v_lut.weights,1.102128e+02,2.716185e+01,2.464491e-01
3400,layers.0.v_lut.log_soft_score_temp,7.279712e-01,2.088237e-02,2.868571e-02
3400,layers.0.v_lut.log_select_temp,9.411132e-01,4.695952e-03,4.989785e-03
3400,layers.0.out_proj.weights,2.242703e+02,5.762052e+01,2.569244e-01
3400,layers.0.out_proj.log_soft_score_temp,1.871031e-01,5.243433e-02,2.802429e-01
3400,layers.0.out_proj.log_select_temp,4.161255e-01,2.702141e-02,6.493572e-02
3400,layers.0.residual_lut.weights,9.720494e+01,2.578487e+01,2.652630e-01
3400,layers.0.residual_lut.log_soft_score_temp,2.371625e-01,3.330001e-02,1.404101e-01
3400,layers.0.residual_lut.log_select_temp,3.980166e-01,1.948386e-02,4.895239e-02
3400,layers.0.q_norm.weight,8.703775e+00,2.427923e-02,2.789505e-03
3400,layers.0.q_norm.bias,5.985231e-01,1.928805e-02,3.222608e-02
3400,layers.0.k_norm.weight,8.666670e+00,2.421375e-02,2.793893e-03
3400,layers.0.k_norm.bias,9.341932e-01,3.635101e-02,3.891166e-02
3400,layers.1.qk_lut.weights,7.934205e+01,1.892945e+01,2.385803e-01
3400,layers.1.qk_lut.log_soft_score_temp,4.491508e-01,1.128158e-02,2.511758e-02
3400,layers.1.qk_lut.log_select_temp,8.286577e-01,1.196420e-02,1.443805e-02
3400,layers.1.v_lut.weights,1.068145e+02,2.686582e+01,2.515185e-01
3400,layers.1.v_lut.log_soft_score_temp,5.208102e-01,3.256691e-02,6.253124e-02
3400,layers.1.v_lut.log_select_temp,1.021614e+00,1.403868e-02,1.374167e-02
3400,layers.1.out_proj.weights,2.303448e+02,5.962417e+01,2.588474e-01
3400,layers.1.out_proj.log_soft_score_temp,7.707237e-02,5.330438e-02,6.916146e-01
3400,layers.1.out_proj.log_select_temp,5.297375e-01,1.787120e-02,3.373596e-02
3400,layers.1.residual_lut.weights,1.000210e+02,2.619943e+01,2.619392e-01
3400,layers.1.residual_lut.log_soft_score_temp,3.598520e-01,2.062055e-02,5.730288e-02
3400,layers.1.residual_lut.log_select_temp,6.385774e-01,5.995989e-03,9.389604e-03
3400,layers.1.q_norm.weight,8.963104e+00,4.314586e-02,4.813718e-03
3400,layers.1.q_norm.bias,5.508163e-01,1.962552e-02,3.562989e-02
3400,layers.1.k_norm.weight,8.911817e+00,4.289968e-02,4.813798e-03
3400,layers.1.k_norm.bias,7.658386e-01,2.508820e-02,3.275912e-02
3400,layers.2.qk_lut.weights,7.950250e+01,1.923904e+01,2.419928e-01
3400,layers.2.qk_lut.log_soft_score_temp,4.049841e-01,1.584288e-02,3.911977e-02
3400,layers.2.qk_lut.log_select_temp,7.966466e-01,1.026696e-02,1.288772e-02
3400,layers.2.v_lut.weights,1.075585e+02,2.735548e+01,2.543313e-01
3400,layers.2.v_lut.log_soft_score_temp,5.446365e-01,4.019994e-02,7.381058e-02
3400,layers.2.v_lut.log_select_temp,1.011953e+00,4.272223e-03,4.221759e-03
3400,layers.2.out_proj.weights,2.327056e+02,5.998280e+01,2.577626e-01
3400,layers.2.out_proj.log_soft_score_temp,1.327548e-01,5.063185e-02,3.813938e-01
3400,layers.2.out_proj.log_select_temp,5.301881e-01,1.512879e-02,2.853476e-02
3400,layers.2.residual_lut.weights,1.040879e+02,2.626394e+01,2.523245e-01
3400,layers.2.residual_lut.log_soft_score_temp,4.467160e-01,1.560479e-02,3.493224e-02
3400,layers.2.residual_lut.log_select_temp,7.531980e-01,1.538348e-02,2.042422e-02
3400,layers.2.q_norm.weight,8.992379e+00,4.460437e-02,4.960241e-03
3400,layers.2.q_norm.bias,7.351608e-01,2.478289e-02,3.371084e-02
3400,layers.2.k_norm.weight,8.943672e+00,4.070340e-02,4.551083e-03
3400,layers.2.k_norm.bias,1.042724e+00,3.593239e-02,3.446011e-02
3400,layers.3.qk_lut.weights,7.822388e+01,1.910321e+01,2.442120e-01
3400,layers.3.qk_lut.log_soft_score_temp,2.573217e-01,3.625250e-02,1.408839e-01
3400,layers.3.qk_lut.log_select_temp,8.109749e-01,1.499742e-02,1.849308e-02
3400,layers.3.v_lut.weights,1.077842e+02,2.718863e+01,2.522506e-01
3400,layers.3.v_lut.log_soft_score_temp,7.499340e-01,2.840286e-02,3.787382e-02
3400,layers.3.v_lut.log_select_temp,1.049380e+00,5.487561e-03,5.229336e-03
3400,layers.3.out_proj.weights,2.452337e+02,6.146107e+01,2.506225e-01
3400,layers.3.out_proj.log_soft_score_temp,2.043957e-01,3.713398e-02,1.816769e-01
3400,layers.3.out_proj.log_select_temp,8.064866e-01,3.392851e-02,4.206953e-02
3400,layers.3.residual_lut.weights,1.078816e+02,2.649649e+01,2.456070e-01
3400,layers.3.residual_lut.log_soft_score_temp,4.921976e-01,1.019531e-02,2.071387e-02
3400,layers.3.residual_lut.log_select_temp,7.534686e-01,1.794267e-02,2.381342e-02
3400,layers.3.q_norm.weight,9.361551e+00,1.094915e-01,1.169588e-02
3400,layers.3.q_norm.bias,4.919242e-01,3.748360e-02,7.619792e-02
3400,layers.3.k_norm.weight,9.305245e+00,1.089913e-01,1.171289e-02
3400,layers.3.k_norm.bias,8.871865e-01,4.994786e-02,5.629917e-02
3400,layers.4.qk_lut.weights,7.975596e+01,1.937939e+01,2.429836e-01
3400,layers.4.qk_lut.log_soft_score_temp,4.693649e-01,2.390397e-02,5.092832e-02
3400,layers.4.qk_lut.log_select_temp,8.245176e-01,5.383253e-03,6.528973e-03
3400,layers.4.v_lut.weights,1.107693e+02,2.788591e+01,2.517477e-01
3400,layers.4.v_lut.log_soft_score_temp,9.243606e-01,1.128983e-02,1.221367e-02
3400,layers.4.v_lut.log_select_temp,1.041148e+00,1.912487e-02,1.836902e-02
3400,layers.4.out_proj.weights,2.443898e+02,6.168809e+01,2.524168e-01
3400,layers.4.out_proj.log_soft_score_temp,2.636862e-01,3.785649e-02,1.435665e-01
3400,layers.4.out_proj.log_select_temp,6.566776e-01,4.009962e-03,6.106440e-03
3400,layers.4.residual_lut.weights,1.087088e+02,2.664519e+01,2.451062e-01
3400,layers.4.residual_lut.log_soft_score_temp,4.381334e-01,1.350591e-02,3.082602e-02
3400,layers.4.residual_lut.log_select_temp,7.322362e-01,1.775634e-02,2.424947e-02
3400,layers.4.q_norm.weight,8.742785e+00,4.392615e-02,5.024274e-03
3400,layers.4.q_norm.bias,2.997750e-01,1.929538e-02,6.436619e-02
3400,layers.4.k_norm.weight,8.715573e+00,4.346518e-02,4.987070e-03
3400,layers.4.k_norm.bias,5.175281e-01,2.842046e-02,5.491579e-02
3400,layers.5.qk_lut.weights,7.936101e+01,1.939675e+01,2.444116e-01
3400,layers.5.qk_lut.log_soft_score_temp,5.747484e-01,1.866108e-02,3.246826e-02
3400,layers.5.qk_lut.log_select_temp,7.789254e-01,3.572106e-03,4.585942e-03
3400,layers.5.v_lut.weights,1.116646e+02,2.739940e+01,2.453722e-01
3400,layers.5.v_lut.log_soft_score_temp,1.009417e+00,1.809287e-02,1.792409e-02
3400,layers.5.v_lut.log_select_temp,1.035804e+00,2.553511e-02,2.465245e-02
3400,layers.5.out_proj.weights,3.106295e+02,6.986644e+01,2.249189e-01
3400,layers.5.out_proj.log_soft_score_temp,4.666973e-01,2.792716e-02,5.983999e-02
3400,layers.5.out_proj.log_select_temp,7.738163e-01,1.158065e-02,1.496563e-02
3400,layers.5.residual_lut.weights,1.281848e+02,2.761166e+01,2.154051e-01
3400,layers.5.residual_lut.log_soft_score_temp,5.257112e-01,9.134769e-03,1.737602e-02
3400,layers.5.residual_lut.log_select_temp,7.250230e-01,1.395583e-02,1.924881e-02
3400,layers.5.q_norm.weight,8.271865e+00,4.211361e-02,5.091186e-03
3400,layers.5.q_norm.bias,1.944527e-01,1.655704e-02,8.514686e-02
3400,layers.5.k_norm.weight,8.267314e+00,4.243508e-02,5.132874e-03
3400,layers.5.k_norm.bias,2.883399e-01,2.492321e-02,8.643690e-02
3400,ln_final.weight,3.085232e+01,7.777054e-01,2.520736e-02
3400,ln_final.bias,1.383297e+00,7.503016e-02,5.424011e-02
3600,tok_emb_E.weight,2.109509e+02,1.083910e+01,5.138212e-02
3600,emb_resid_lut.weights,1.446825e+02,2.393713e+01,1.654460e-01
3600,emb_resid_lut.log_soft_score_temp,1.212606e+00,7.420778e-04,6.119695e-04
3600,emb_resid_lut.log_select_temp,1.308387e+00,2.437353e-02,1.862869e-02
3600,unembedder.weight,1.695866e+02,1.451611e+01,8.559703e-02
3600,layers.0.qk_lut.weights,8.257402e+01,1.727741e+01,2.092355e-01
3600,layers.0.qk_lut.log_soft_score_temp,8.168629e-01,7.424355e-04,9.088862e-04
3600,layers.0.qk_lut.log_select_temp,8.217196e-01,3.755391e-03,4.570161e-03
3600,layers.0.v_lut.weights,1.145409e+02,2.696545e+01,2.354220e-01
3600,layers.0.v_lut.log_soft_score_temp,7.057472e-01,2.222401e-02,3.149004e-02
3600,layers.0.v_lut.log_select_temp,9.448658e-01,3.752589e-03,3.971558e-03
3600,layers.0.out_proj.weights,2.327641e+02,5.713390e+01,2.454584e-01
3600,layers.0.out_proj.log_soft_score_temp,1.343718e-01,5.273129e-02,3.924282e-01
3600,layers.0.out_proj.log_select_temp,3.889425e-01,2.718297e-02,6.988942e-02
3600,layers.0.residual_lut.weights,1.009735e+02,2.562787e+01,2.538080e-01
3600,layers.0.residual_lut.log_soft_score_temp,2.030537e-01,3.410876e-02,1.679790e-01
3600,layers.0.residual_lut.log_select_temp,3.774576e-01,2.055898e-02,5.446700e-02
3600,layers.0.q_norm.weight,8.713735e+00,2.083842e-02,2.391445e-03
3600,layers.0.q_norm.bias,6.161906e-01,2.078668e-02,3.373417e-02
3600,layers.0.k_norm.weight,8.675609e+00,2.016521e-02,2.324357e-03
3600,layers.0.k_norm.bias,9.709556e-01,4.129811e-02,4.253348e-02
3600,layers.1.qk_lut.weights,8.250542e+01,1.879547e+01,2.278089e-01
3600,layers.1.qk_lut.log_soft_score_temp,4.379828e-01,1.116800e-02,2.549873e-02
3600,layers.1.qk_lut.log_select_temp,8.424132e-01,1.375550e-02,1.632868e-02
3600,layers.1.v_lut.weights,1.110368e+02,2.660668e+01,2.396203e-01
3600,layers.1.v_lut.log_soft_score_temp,4.853839e-01,3.542626e-02,7.298606e-02
3600,layers.1.v_lut.log_select_temp,1.034987e+00,1.337361e-02,1.292153e-02
3600,layers.1.out_proj.weights,2.388458e+02,5.899523e+01,2.470013e-01
3600,layers.1.out_proj.log_soft_score_temp,2.401633e-02,5.305605e-02,2.209166e+00
3600,layers.1.out_proj.log_select_temp,5.092461e-01,2.049142e-02,4.023874e-02
3600,layers.1.residual_lut.weights,1.040619e+02,2.603776e+01,2.502142e-01
3600,layers.1.residual_lut.log_soft_score_temp,3.388461e-01,2.100584e-02,6.199227e-02
3600,layers.1.residual_lut.log_select_temp,6.465350e-01,7.957578e-03,1.230804e-02
3600,layers.1.q_norm.weight,9.002416e+00,4.953906e-02,5.502863e-03
3600,layers.1.q_norm.bias,5.690935e-01,2.073900e-02,3.644217e-02
3600,layers.1.k_norm.weight,8.949525e+00,4.957745e-02,5.539674e-03
3600,layers.1.k_norm.bias,7.863210e-01,2.545403e-02,3.237104e-02
3600,layers.2.qk_lut.weights,8.269423e+01,1.912456e+01,2.312683e-01
3600,layers.2.qk_lut.log_soft_score_temp,3.855701e-01,1.941401e-02,5.035144e-02
3600,layers.2.qk_lut.log_select_temp,8.035212e-01,6.874561e-03,8.555545e-03
3600,layers.2.v_lut.weights,1.117856e+02,2.722169e+01,2.435169e-01
3600,layers.2.v_lut.log_soft_score_temp,5.054640e-01,3.917253e-02,7.749817e-02
3600,layers.2.v_lut.log_select_temp,1.012242e+00,2.890825e-04,2.855863e-04
3600,layers.2.out_proj.weights,2.414904e+02,5.933730e+01,2.457129e-01
3600,layers.2.out_proj.log_soft_score_temp,8.116651e-02,5.158828e-02,6.355858e-01
3600,layers.2.out_proj.log_select_temp,5.189790e-01,1.120907e-02,2.159831e-02
3600,layers.2.residual_lut.weights,1.082917e+02,2.612182e+01,2.412173e-01
3600,layers.2.residual_lut.log_soft_score_temp,4.288513e-01,1.786473e-02,4.165718e-02
3600,layers.2.residual_lut.log_select_temp,7.690485e-01,1.585042e-02,2.061044e-02
3600,layers.2.q_norm.weight,9.028059e+00,4.419072e-02,4.894820e-03
3600,layers.2.q_norm.bias,7.547244e-01,2.271667e-02,3.009929e-02
3600,layers.2.k_norm.weight,8.978052e+00,4.182272e-02,4.658329e-03
3600,layers.2.k_norm.bias,1.072482e+00,3.564037e-02,3.323167e-02
3600,layers.3.qk_lut.weights,8.130077e+01,1.904554e+01,2.342602e-01
3600,layers.3.qk_lut.log_soft_score_temp,2.226794e-01,3.464238e-02,1.555707e-01
3600,layers.3.qk_lut.log_select_temp,8.279601e-01,1.698524e-02,2.051456e-02
3600,layers.3.v_lut.weights,1.121144e+02,2.710572e+01,2.417685e-01
3600,layers.3.v_lut.log_soft_score_temp,7.162393e-01,3.369468e-02,4.704389e-02
3600,layers.3.v_lut.log_select_temp,1.049935e+00,5.545616e-04,5.281867e-04
3600,layers.3.out_proj.weights,2.553644e+02,6.095964e+01,2.387162e-01
3600,layers.3.out_proj.log_soft_score_temp,1.664395e-01,3.795622e-02,2.280482e-01
3600,layers.3.out_proj.log_select_temp,8.394080e-01,3.292137e-02,3.921975e-02
3600,layers.3.residual_lut.weights,1.126217e+02,2.637486e+01,2.341900e-01
3600,layers.3.residual_lut.log_soft_score_temp,4.824017e-01,9.795845e-03,2.030640e-02
3600,layers.3.residual_lut.log_select_temp,7.736324e-01,2.016383e-02,2.606384e-02
3600,layers.3.q_norm.weight,9.445528e+00,1.027309e-01,1.087614e-02
3600,layers.3.q_norm.bias,5.166319e-01,3.676986e-02,7.117227e-02
3600,layers.3.k_norm.weight,9.386176e+00,1.011344e-01,1.077483e-02
3600,layers.3.k_norm.bias,9.277368e-01,5.065330e-02,5.459879e-02
3600,layers.4.qk_lut.weights,8.295909e+01,1.921589e+01,2.316310e-01
3600,layers.4.qk_lut.log_soft_score_temp,4.415569e-01,2.780807e-02,6.297732e-02
3600,layers.4.qk_lut.log_select_temp,8.268107e-01,2.293110e-03,2.773440e-03
3600,layers.4.v_lut.weights,1.151476e+02,2.772526e+01,2.407803e-01
3600,layers.4.v_lut.log_soft_score_temp,9.067894e-01,1.757121e-02,1.937739e-02
3600,layers.4.v_lut.log_select_temp,1.059956e+00,1.880801e-02,1.774415e-02
3600,layers.4.out_proj.weights,2.536516e+02,6.098099e+01,2.404124e-01
3600,layers.4.out_proj.log_soft_score_temp,2.275658e-01,3.612034e-02,1.587248e-01
3600,layers.4.out_proj.log_select_temp,6.687026e-01,1.202500e-02,1.798258e-02
3600,layers.4.residual_lut.weights,1.134726e+02,2.651222e+01,2.336443e-01
3600,layers.4.residual_lut.log_soft_score_temp,4.256398e-01,1.249355e-02,2.935240e-02
3600,layers.4.residual_lut.log_select_temp,7.522700e-01,2.003384e-02,2.663118e-02
3600,layers.4.q_norm.weight,8.777549e+00,4.097203e-02,4.667821e-03
3600,layers.4.q_norm.bias,3.124411e-01,1.614645e-02,5.167839e-02
3600,layers.4.k_norm.weight,8.748840e+00,4.053679e-02,4.633391e-03
3600,layers.4.k_norm.bias,5.411288e-01,2.927447e-02,5.409889e-02
3600,layers.5.qk_lut.weights,8.253143e+01,1.929449e+01,2.337836e-01
3600,layers.5.qk_lut.log_soft_score_temp,5.558524e-01,1.889604e-02,3.399472e-02
3600,layers.5.qk_lut.log_select_temp,7.806628e-01,1.737416e-03,2.225565e-03
3600,layers.5.v_lut.weights,1.160842e+02,2.712047e+01,2.336276e-01
3600,layers.5.v_lut.log_soft_score_temp,1.026740e+00,1.732385e-02,1.687267e-02
3600,layers.5.v_lut.log_select_temp,1.061574e+00,2.576959e-02,2.427490e-02
3600,layers.5.out_proj.weights,3.209897e+02,6.840376e+01,2.131026e-01
3600,layers.5.out_proj.log_soft_score_temp,4.396876e-01,2.700970e-02,6.142929e-02
3600,layers.5.out_proj.log_select_temp,7.871022e-01,1.328588e-02,1.687948e-02
3600,layers.5.residual_lut.weights,1.330163e+02,2.739506e+01,2.059527e-01
3600,layers.5.residual_lut.log_soft_score_temp,5.168315e-01,8.879721e-03,1.718108e-02
3600,layers.5.residual_lut.log_select_temp,7.409378e-01,1.591474e-02,2.147918e-02
3600,layers.5.q_norm.weight,8.292869e+00,3.403610e-02,4.104262e-03
3600,layers.5.q_norm.bias,2.045611e-01,1.739671e-02,8.504408e-02
3600,layers.5.k_norm.weight,8.288895e+00,3.705915e-02,4.470940e-03
3600,layers.5.k_norm.bias,3.015473e-01,2.093261e-02,6.941733e-02
3600,ln_final.weight,3.162048e+01,7.702955e-01,2.436065e-02
3600,ln_final.bias,1.412727e+00,7.596340e-02,5.377075e-02
3800,tok_emb_E.weight,2.113723e+02,1.075011e+01,5.085866e-02
3800,emb_resid_lut.weights,1.490786e+02,2.370956e+01,1.590407e-01
3800,emb_resid_lut.log_soft_score_temp,1.205994e+00,6.612062e-03,5.482667e-03
3800,emb_resid_lut.log_select_temp,1.327336e+00,1.894891e-02,1.427590e-02
3800,unembedder.weight,1.708515e+02,1.416039e+01,8.288126e-02
3800,layers.0.qk_lut.weights,8.559709e+01,1.711816e+01,1.999853e-01
3800,layers.0.qk_lut.log_soft_score_temp,8.181151e-01,1.252115e-03,1.530487e-03
3800,layers.0.qk_lut.log_select_temp,8.261480e-01,4.428387e-03,5.360283e-03
3800,layers.0.v_lut.weights,1.186528e+02,2.670963e+01,2.251074e-01
3800,layers.0.v_lut.log_soft_score_temp,6.842706e-01,2.147663e-02,3.138616e-02
3800,layers.0.v_lut.log_select_temp,9.489773e-01,4.111528e-03,4.332589e-03
3800,layers.0.out_proj.weights,2.408332e+02,5.657999e+01,2.349343e-01
3800,layers.0.out_proj.log_soft_score_temp,8.403012e-02,5.034171e-02,5.990912e-01
3800,layers.0.out_proj.log_select_temp,3.713512e-01,1.759136e-02,4.737122e-02
3800,layers.0.residual_lut.weights,1.045248e+02,2.538574e+01,2.428680e-01
3800,layers.0.residual_lut.log_soft_score_temp,1.748172e-01,2.823651e-02,1.615202e-01
3800,layers.0.residual_lut.log_select_temp,3.627158e-01,1.474181e-02,4.064286e-02
3800,layers.0.q_norm.weight,8.726961e+00,2.412856e-02,2.764830e-03
3800,layers.0.q_norm.bias,6.327906e-01,2.063621e-02,3.261143e-02
3800,layers.0.k_norm.weight,8.687428e+00,2.327255e-02,2.678877e-03
3800,layers.0.k_norm.bias,1.005591e+00,3.926690e-02,3.904857e-02
3800,layers.1.qk_lut.weights,8.550810e+01,1.865874e+01,2.182101e-01
3800,layers.1.qk_lut.log_soft_score_temp,4.253267e-01,1.265609e-02,2.975617e-02
3800,layers.1.qk_lut.log_select_temp,8.527514e-01,1.033813e-02,1.212326e-02
3800,layers.1.v_lut.weights,1.150200e+02,2.632913e+01,2.289092e-01
3800,layers.1.v_lut.log_soft_score_temp,4.527000e-01,3.268388e-02,7.219765e-02
3800,layers.1.v_lut.log_select_temp,1.046127e+00,1.114023e-02,1.064902e-02
3800,layers.1.out_proj.weights,2.468993e+02,5.846767e+01,2.368078e-01
3800,layers.1.out_proj.log_soft_score_temp,2.848946e-02,5.250578e-02,1.842990e+00
3800,layers.1.out_proj.log_select_temp,4.906212e-01,1.862487e-02,3.796182e-02
3800,layers.1.residual_lut.weights,1.078874e+02,2.581003e+01,2.392312e-01
3800,layers.1.residual_lut.log_soft_score_temp,3.208769e-01,1.796925e-02,5.600046e-02
3800,layers.1.residual_lut.log_select_temp,6.551729e-01,8.637965e-03,1.318425e-02
3800,layers.1.q_norm.weight,9.032461e+00,3.984473e-02,4.411282e-03
3800,layers.1.q_norm.bias,5.846265e-01,1.838718e-02,3.145116e-02
3800,layers.1.k_norm.weight,8.979005e+00,3.879040e-02,4.320122e-03
3800,layers.1.k_norm.bias,8.053067e-01,2.249635e-02,2.793513e-02
3800,layers.2.qk_lut.weights,8.573628e+01,1.894065e+01,2.209175e-01
3800,layers.2.qk_lut.log_soft_score_temp,3.674548e-01,1.811525e-02,4.929926e-02
3800,layers.2.qk_lut.log_select_temp,8.132734e-01,9.752214e-03,1.199131e-02
3800,layers.2.v_lut.weights,1.157859e+02,2.700047e+01,2.331932e-01
3800,layers.2.v_lut.log_soft_score_temp,4.679173e-01,3.754666e-02,8.024210e-02
3800,layers.2.v_lut.log_select_temp,1.012620e+00,3.780127e-04,3.733015e-04
3800,layers.2.out_proj.weights,2.496917e+02,5.877851e+01,2.354043e-01
3800,layers.2.out_proj.log_soft_score_temp,2.938025e-02,5.178625e-02,1.762621e+00
3800,layers.2.out_proj.log_select_temp,5.012721e-01,1.770693e-02,3.532399e-02
3800,layers.2.residual_lut.weights,1.122510e+02,2.590687e+01,2.307940e-01
3800,layers.2.residual_lut.log_soft_score_temp,4.115554e-01,1.729590e-02,4.202568e-02
3800,layers.2.residual_lut.log_select_temp,7.858691e-01,1.682061e-02,2.140383e-02
3800,layers.2.q_norm.weight,9.055560e+00,3.608915e-02,3.985303e-03
3800,layers.2.q_norm.bias,7.714939e-01,2.022934e-02,2.622099e-02
3800,layers.2.k_norm.weight,9.004422e+00,3.447131e-02,3.828264e-03
3800,layers.2.k_norm.bias,1.094098e+00,2.765925e-02,2.528040e-02
3800,layers.3.qk_lut.weights,8.422626e+01,1.890481e+01,2.244526e-01
3800,layers.3.qk_lut.log_soft_score_temp,1.911609e-01,3.151850e-02,1.648795e-01
3800,layers.3.qk_lut.log_select_temp,8.422322e-01,1.427203e-02,1.694549e-02
3800,layers.3.v_lut.weights,1.161966e+02,2.680083e+01,2.306508e-01
3800,layers.3.v_lut.log_soft_score_temp,6.814411e-01,3.479815e-02,5.106552e-02
3800,layers.3.v_lut.log_select_temp,1.050396e+00,4.614592e-04,4.393191e-04
3800,layers.3.out_proj.weights,2.650955e+02,6.025767e+01,2.273055e-01
3800,layers.3.out_proj.log_soft_score_temp,1.299572e-01,3.648229e-02,2.807254e-01
3800,layers.3.out_proj.log_select_temp,8.730759e-01,3.366792e-02,3.856242e-02
3800,layers.3.residual_lut.weights,1.171403e+02,2.614784e+01,2.232181e-01
3800,layers.3.residual_lut.log_soft_score_temp,4.731936e-01,9.208173e-03,1.945963e-02
3800,layers.3.residual_lut.log_select_temp,7.940186e-01,2.038616e-02,2.567466e-02
3800,layers.3.q_norm.weight,9.521815e+00,9.784718e-02,1.027611e-02
3800,layers.3.q_norm.bias,5.389978e-01,3.978454e-02,7.381206e-02
3800,layers.3.k_norm.weight,9.459286e+00,9.771147e-02,1.032969e-02
3800,layers.3.k_norm.bias,9.649613e-01,4.896989e-02,5.074804e-02
3800,layers.4.qk_lut.weights,8.596035e+01,1.912404e+01,2.224751e-01
3800,layers.4.qk_lut.log_soft_score_temp,4.205592e-01,2.099767e-02,4.992798e-02
3800,layers.4.qk_lut.log_select_temp,8.344955e-01,7.684827e-03,9.208949e-03
3800,layers.4.v_lut.weights,1.193224e+02,2.737005e+01,2.293790e-01
3800,layers.4.v_lut.log_soft_score_temp,8.891649e-01,1.762444e-02,1.982134e-02
3800,layers.4.v_lut.log_select_temp,1.076590e+00,1.663446e-02,1.545107e-02
3800,layers.4.out_proj.weights,2.623976e+02,6.027266e+01,2.296997e-01
3800,layers.4.out_proj.log_soft_score_temp,1.913234e-01,3.624240e-02,1.894300e-01
3800,layers.4.out_proj.log_select_temp,6.782415e-01,9.538889e-03,1.406415e-02
3800,layers.4.residual_lut.weights,1.179867e+02,2.626989e+01,2.226513e-01
3800,layers.4.residual_lut.log_soft_score_temp,4.131257e-01,1.251414e-02,3.029137e-02
3800,layers.4.residual_lut.log_select_temp,7.734299e-01,2.115989e-02,2.735851e-02
3800,layers.4.q_norm.weight,8.807893e+00,3.723203e-02,4.227121e-03
3800,layers.4.q_norm.bias,3.212275e-01,1.456141e-02,4.533051e-02
3800,layers.4.k_norm.weight,8.777422e+00,3.766588e-02,4.291224e-03
3800,layers.4.k_norm.bias,5.598878e-01,2.612422e-02,4.665975e-02
3800,layers.5.qk_lut.weights,8.547108e+01,1.910894e+01,2.235720e-01
3800,layers.5.qk_lut.log_soft_score_temp,5.374046e-01,1.844776e-02,3.432750e-02
3800,layers.5.qk_lut.log_select_temp,7.836786e-01,3.015816e-03,3.848282e-03
3800,layers.5.v_lut.weights,1.202477e+02,2.698592e+01,2.244194e-01
3800,layers.5.v_lut.log_soft_score_temp,1.041232e+00,1.449156e-02,1.391770e-02
3800,layers.5.v_lut.log_select_temp,1.085491e+00,2.391720e-02,2.203354e-02
3800,layers.5.out_proj.weights,3.307628e+02,6.670289e+01,2.016638e-01
3800,layers.5.out_proj.log_soft_score_temp,4.127682e-01,2.691942e-02,6.521682e-02
3800,layers.5.out_proj.log_select_temp,7.995190e-01,1.241684e-02,1.553039e-02
3800,layers.5.residual_lut.weights,1.376360e+02,2.712463e+01,1.970750e-01
3800,layers.5.residual_lut.log_soft_score_temp,5.089427e-01,7.888734e-03,1.550024e-02
3800,layers.5.residual_lut.log_select_temp,7.566660e-01,1.572824e-02,2.078623e-02
3800,layers.5.q_norm.weight,8.319860e+00,4.030000e-02,4.843832e-03
3800,layers.5.q_norm.bias,2.133722e-01,1.566925e-02,7.343623e-02
3800,layers.5.k_norm.weight,8.315146e+00,4.010074e-02,4.822614e-03
3800,layers.5.k_norm.bias,3.169987e-01,2.505795e-02,7.904748e-02
3800,ln_final.weight,3.236390e+01,7.454901e-01,2.303462e-02
3800,ln_final.bias,1.437040e+00,7.085782e-02,4.930816e-02
4000,tok_emb_E.weight,2.117840e+02,1.066663e+01,5.036561e-02
4000,emb_resid_lut.weights,1.531799e+02,2.365225e+01,1.544084e-01
4000,emb_resid_lut.log_soft_score_temp,1.192758e+00,1.323593e-02,1.109691e-02
4000,emb_resid_lut.log_select_temp,1.341110e+00,1.377428e-02,1.027080e-02
4000,unembedder.weight,1.718633e+02,1.399420e+01,8.142632e-02
4000,layers.0.qk_lut.weights,8.848170e+01,1.704801e+01,1.926727e-01
4000,layers.0.qk_lut.log_soft_score_temp,8.192560e-01,1.140952e-03,1.392669e-03
4000,layers.0.qk_lut.log_select_temp,8.305751e-01,4.427135e-03,5.330204e-03
4000,layers.0.v_lut.weights,1.225498e+02,2.658459e+01,2.169290e-01
4000,layers.0.v_lut.log_soft_score_temp,6.630458e-01,2.122474e-02,3.201097e-02
4000,layers.0.v_lut.log_select_temp,9.536647e-01,4.687428e-03,4.915174e-03
4000,layers.0.out_proj.weights,2.484440e+02,5.608221e+01,2.257338e-01
4000,layers.0.out_proj.log_soft_score_temp,3.402928e-02,5.000085e-02,1.469348e+00
4000,layers.0.out_proj.log_select_temp,3.531610e-01,1.819018e-02,5.150675e-02
4000,layers.0.residual_lut.weights,1.079302e+02,2.527925e+01,2.342185e-01
4000,layers.0.residual_lut.log_soft_score_temp,1.481550e-01,2.666216e-02,1.799612e-01
4000,layers.0.residual_lut.log_select_temp,3.514781e-01,1.123771e-02,3.197272e-02
4000,layers.0.q_norm.weight,8.736473e+00,1.867492e-02,2.137581e-03
4000,layers.0.q_norm.bias,6.471138e-01,1.909423e-02,2.950675e-02
4000,layers.0.k_norm.weight,8.696458e+00,1.897607e-02,2.182046e-03
4000,layers.0.k_norm.bias,1.033079e+00,3.337283e-02,3.230423e-02
4000,layers.1.qk_lut.weights,8.835463e+01,1.842914e+01,2.085814e-01
4000,layers.1.qk_lut.log_soft_score_temp,4.130716e-01,1.225510e-02,2.966823e-02
4000,layers.1.qk_lut.log_select_temp,8.629854e-01,1.023406e-02,1.185890e-02
4000,layers.1.v_lut.weights,1.188010e+02,2.614469e+01,2.200713e-01
4000,layers.1.v_lut.log_soft_score_temp,4.212589e-01,3.144118e-02,7.463625e-02
4000,layers.1.v_lut.log_select_temp,1.057124e+00,1.099610e-02,1.040191e-02
4000,layers.1.out_proj.weights,2.544860e+02,5.792452e+01,2.276138e-01
4000,layers.1.out_proj.log_soft_score_temp,7.981699e-02,5.132753e-02,6.430652e-01
4000,layers.1.out_proj.log_select_temp,4.738623e-01,1.675892e-02,3.536665e-02
4000,layers.1.residual_lut.weights,1.115309e+02,2.570267e+01,2.304534e-01
4000,layers.1.residual_lut.log_soft_score_temp,3.025671e-01,1.830977e-02,6.051475e-02
4000,layers.1.residual_lut.log_select_temp,6.648218e-01,9.648860e-03,1.451345e-02
4000,layers.1.q_norm.weight,9.060211e+00,3.780375e-02,4.172503e-03
4000,layers.1.q_norm.bias,5.983344e-01,1.752516e-02,2.928990e-02
4000,layers.1.k_norm.weight,9.006293e+00,3.759642e-02,4.174461e-03
4000,layers.1.k_norm.bias,8.217646e-01,2.301955e-02,2.801234e-02
4000,layers.2.qk_lut.weights,8.858738e+01,1.880148e+01,2.122365e-01
4000,layers.2.qk_lut.log_soft_score_temp,3.512457e-01,1.620916e-02,4.614763e-02
4000,layers.2.qk_lut.log_select_temp,8.229002e-01,9.626865e-03,1.169870e-02
4000,layers.2.v_lut.weights,1.195768e+02,2.669842e+01,2.232743e-01
4000,layers.2.v_lut.log_soft_score_temp,4.322211e-01,3.569624e-02,8.258792e-02
4000,layers.2.v_lut.log_select_temp,1.015798e+00,3.178000e-03,3.128574e-03
4000,layers.2.out_proj.weights,2.574478e+02,5.808537e+01,2.256200e-01
4000,layers.2.out_proj.log_soft_score_temp,2.079067e-02,5.017092e-02,2.413146e+00
4000,layers.2.out_proj.log_select_temp,4.880450e-01,1.322708e-02,2.710216e-02
4000,layers.2.residual_lut.weights,1.160320e+02,2.576456e+01,2.220470e-01
4000,layers.2.residual_lut.log_soft_score_temp,3.925631e-01,1.899233e-02,4.838034e-02
4000,layers.2.residual_lut.log_select_temp,8.027267e-01,1.685762e-02,2.100045e-02
4000,layers.2.q_norm.weight,9.084075e+00,3.628948e-02,3.994845e-03
4000,layers.2.q_norm.bias,7.887709e-01,2.029773e-02,2.573336e-02
4000,layers.2.k_norm.weight,9.031595e+00,3.459994e-02,3.830989e-03
4000,layers.2.k_norm.bias,1.119110e+00,2.992431e-02,2.673939e-02
4000,layers.3.qk_lut.weights,8.699248e+01,1.872885e+01,2.152928e-01
4000,layers.3.qk_lut.log_soft_score_temp,1.598358e-01,3.132509e-02,1.959830e-01
4000,layers.3.qk_lut.log_select_temp,8.569362e-01,1.470405e-02,1.715886e-02
4000,layers.3.v_lut.weights,1.200896e+02,2.658383e+01,2.213665e-01
4000,layers.3.v_lut.log_soft_score_temp,6.435444e-01,3.789675e-02,5.888755e-02
4000,layers.3.v_lut.log_select_temp,1.049455e+00,9.407997e-04,8.964647e-04
4000,layers.3.out_proj.weights,2.744890e+02,5.975690e+01,2.177024e-01
4000,layers.3.out_proj.log_soft_score_temp,9.615374e-02,3.380346e-02,3.515564e-01
4000,layers.3.out_proj.log_select_temp,9.042729e-01,3.119695e-02,3.449949e-02
4000,layers.3.residual_lut.weights,1.214787e+02,2.602812e+01,2.142607e-01
4000,layers.3.residual_lut.log_soft_score_temp,4.644781e-01,8.715451e-03,1.876396e-02
4000,layers.3.residual_lut.log_select_temp,8.162985e-01,2.227992e-02,2.729384e-02
4000,layers.3.q_norm.weight,9.595166e+00,9.344983e-02,9.739261e-03
4000,layers.3.q_norm.bias,5.652956e-01,4.066967e-02,7.194408e-02
4000,layers.3.k_norm.weight,9.529980e+00,9.245156e-02,9.701129e-03
4000,layers.3.k_norm.bias,1.001127e+00,4.802423e-02,4.797018e-02
4000,layers.4.qk_lut.weights,8.883253e+01,1.893461e+01,2.131496e-01
4000,layers.4.qk_lut.log_soft_score_temp,3.960837e-01,2.447549e-02,6.179372e-02
4000,layers.4.qk_lut.log_select_temp,8.414472e-01,6.951690e-03,8.261587e-03
4000,layers.4.v_lut.weights,1.232743e+02,2.711325e+01,2.199425e-01
4000,layers.4.v_lut.log_soft_score_temp,8.709914e-01,1.817352e-02,2.086532e-02
4000,layers.4.v_lut.log_select_temp,1.093994e+00,1.740396e-02,1.590864e-02
4000,layers.4.out_proj.weights,2.706933e+02,5.968128e+01,2.204757e-01
4000,layers.4.out_proj.log_soft_score_temp,1.544014e-01,3.692202e-02,2.391301e-01
4000,layers.4.out_proj.log_select_temp,6.863669e-01,8.125424e-03,1.183831e-02
4000,layers.4.residual_lut.weights,1.223504e+02,2.615189e+01,2.137458e-01
4000,layers.4.residual_lut.log_soft_score_temp,4.008892e-01,1.223645e-02,3.052326e-02
4000,layers.4.residual_lut.log_select_temp,7.972054e-01,2.377552e-02,2.982358e-02
4000,layers.4.q_norm.weight,8.838928e+00,3.719674e-02,4.208286e-03
4000,layers.4.q_norm.bias,3.324203e-01,1.668315e-02,5.018691e-02
4000,layers.4.k_norm.weight,8.807320e+00,3.639314e-02,4.132147e-03
4000,layers.4.k_norm.bias,5.799870e-01,2.750239e-02,4.741897e-02
4000,layers.5.qk_lut.weights,8.830818e+01,1.890546e+01,2.140850e-01
4000,layers.5.qk_lut.log_soft_score_temp,5.211955e-01,1.620907e-02,3.109978e-02
4000,layers.5.qk_lut.log_select_temp,7.885289e-01,4.850268e-03,6.151035e-03
4000,layers.5.v_lut.weights,1.242099e+02,2.676335e+01,2.154687e-01
4000,layers.5.v_lut.log_soft_score_temp,1.053667e+00,1.243484e-02,1.180149e-02
4000,layers.5.v_lut.log_select_temp,1.106832e+00,2.134120e-02,1.928134e-02
4000,layers.5.out_proj.weights,3.402117e+02,6.643935e+01,1.952883e-01
4000,layers.5.out_proj.log_soft_score_temp,3.893377e-01,2.343041e-02,6.018016e-02
4000,layers.5.out_proj.log_select_temp,8.149307e-01,1.541167e-02,1.891164e-02
4000,layers.5.residual_lut.weights,1.421401e+02,2.697643e+01,1.897877e-01
4000,layers.5.residual_lut.log_soft_score_temp,5.006312e-01,8.311510e-03,1.660206e-02
4000,layers.5.residual_lut.log_select_temp,7.744775e-01,1.781154e-02,2.299813e-02
4000,layers.5.q_norm.weight,8.344247e+00,3.441965e-02,4.124956e-03
4000,layers.5.q_norm.bias,2.257065e-01,1.744849e-02,7.730610e-02
4000,layers.5.k_norm.weight,8.338461e+00,3.593440e-02,4.309477e-03
4000,layers.5.k_norm.bias,3.310804e-01,2.369446e-02,7.156709e-02
4000,ln_final.weight,3.311010e+01,7.478992e-01,2.258825e-02
4000,ln_final.bias,1.462022e+00,7.052605e-02,4.823870e-02
4200,tok_emb_E.weight,2.121858e+02,1.055303e+01,4.973486e-02
4200,emb_resid_lut.weights,1.570008e+02,2.335621e+01,1.487649e-01
4200,emb_resid_lut.log_soft_score_temp,1.173855e+00,1.890314e-02,1.610347e-02
4200,emb_resid_lut.log_select_temp,1.350270e+00,9.159923e-03,6.783770e-03
4200,unembedder.weight,1.727275e+02,1.372562e+01,7.946402e-02
4200,layers.0.qk_lut.weights,9.120371e+01,1.690006e+01,1.853001e-01
4200,layers.0.qk_lut.log_soft_score_temp,8.179681e-01,1.287878e-03,1.574484e-03
4200,layers.0.qk_lut.log_select_temp,8.335201e-01,2.944946e-03,3.533144e-03
4200,layers.0.v_lut.weights,1.262386e+02,2.628106e+01,2.081857e-01
4200,layers.0.v_lut.log_soft_score_temp,6.460178e-01,1.702797e-02,2.635836e-02
4200,layers.0.v_lut.log_select_temp,9.582837e-01,4.619002e-03,4.820078e-03
4200,layers.0.out_proj.weights,2.556322e+02,5.545553e+01,2.169348e-01
4200,layers.0.out_proj.log_soft_score_temp,1.500604e-02,4.903531e-02,3.267706e+00
4200,layers.0.out_proj.log_select_temp,3.376018e-01,1.555914e-02,4.608724e-02
4200,layers.0.residual_lut.weights,1.110899e+02,2.493971e+01,2.245002e-01
4200,layers.0.residual_lut.log_soft_score_temp,1.188641e-01,2.929093e-02,2.464236e-01
4200,layers.0.residual_lut.log_select_temp,3.368439e-01,1.463416e-02,4.344494e-02
4200,layers.0.q_norm.weight,8.745301e+00,1.836411e-02,2.099883e-03
4200,layers.0.q_norm.bias,6.629344e-01,1.953015e-02,2.946015e-02
4200,layers.0.k_norm.weight,8.704396e+00,1.667998e-02,1.916271e-03
4200,layers.0.k_norm.bias,1.060351e+00,3.243225e-02,3.058633e-02
4200,layers.1.qk_lut.weights,9.105863e+01,1.835534e+01,2.015772e-01
4200,layers.1.qk_lut.log_soft_score_temp,3.998798e-01,1.319176e-02,3.298931e-02
4200,layers.1.qk_lut.log_select_temp,8.734431e-01,1.045769e-02,1.197295e-02
4200,layers.1.v_lut.weights,1.223724e+02,2.578348e+01,2.106969e-01
4200,layers.1.v_lut.log_soft_score_temp,3.897029e-01,3.155595e-02,8.097438e-02
4200,layers.1.v_lut.log_select_temp,1.066153e+00,9.029388e-03,8.469131e-03
4200,layers.1.out_proj.weights,2.615743e+02,5.720089e+01,2.186793e-01
4200,layers.1.out_proj.log_soft_score_temp,1.316200e-01,5.180306e-02,3.935803e-01
4200,layers.1.out_proj.log_select_temp,4.520271e-01,2.183521e-02,4.830509e-02
4200,layers.1.residual_lut.weights,1.149128e+02,2.540712e+01,2.210992e-01
4200,layers.1.residual_lut.log_soft_score_temp,2.808038e-01,2.176332e-02,7.750368e-02
4200,layers.1.residual_lut.log_select_temp,6.724270e-01,7.605195e-03,1.131007e-02
4200,layers.1.q_norm.weight,9.088172e+00,3.568099e-02,3.926091e-03
4200,layers.1.q_norm.bias,6.125671e-01,1.676146e-02,2.736264e-02
4200,layers.1.k_norm.weight,9.033158e+00,3.646402e-02,4.036686e-03
4200,layers.1.k_norm.bias,8.399758e-01,2.473786e-02,2.945068e-02
4200,layers.2.qk_lut.weights,9.132870e+01,1.857773e+01,2.034161e-01
4200,layers.2.qk_lut.log_soft_score_temp,3.351184e-01,1.612726e-02,4.812406e-02
4200,layers.2.qk_lut.log_select_temp,8.344132e-01,1.151294e-02,1.379764e-02
4200,layers.2.v_lut.weights,1.231558e+02,2.635502e+01,2.139973e-01
4200,layers.2.v_lut.log_soft_score_temp,3.960392e-01,3.618184e-02,9.135923e-02
4200,layers.2.v_lut.log_select_temp,1.020377e+00,4.578352e-03,4.486923e-03
4200,layers.2.out_proj.weights,2.647839e+02,5.741236e+01,2.168272e-01
4200,layers.2.out_proj.log_soft_score_temp,6.932823e-02,4.853756e-02,7.001125e-01
4200,layers.2.out_proj.log_select_temp,4.769280e-01,1.111701e-02,2.330962e-02
4200,layers.2.residual_lut.weights,1.195858e+02,2.550095e+01,2.132439e-01
4200,layers.2.residual_lut.log_soft_score_temp,3.748207e-01,1.774240e-02,4.733569e-02
4200,layers.2.residual_lut.log_select_temp,8.203282e-01,1.760155e-02,2.145672e-02
4200,layers.2.q_norm.weight,9.110410e+00,3.599928e-02,3.951444e-03
4200,layers.2.q_norm.bias,8.045761e-01,1.824789e-02,2.268013e-02
4200,layers.2.k_norm.weight,9.057295e+00,3.301165e-02,3.644758e-03
4200,layers.2.k_norm.bias,1.138154e+00,2.527688e-02,2.220867e-02
4200,layers.3.qk_lut.weights,8.963331e+01,1.857080e+01,2.071864e-01
4200,layers.3.qk_lut.log_soft_score_temp,1.290501e-01,3.078566e-02,2.385559e-01
4200,layers.3.qk_lut.log_select_temp,8.705021e-01,1.356590e-02,1.558399e-02
4200,layers.3.v_lut.weights,1.237612e+02,2.628774e+01,2.124070e-01
4200,layers.3.v_lut.log_soft_score_temp,6.053032e-01,3.824121e-02,6.317695e-02
4200,layers.3.v_lut.log_select_temp,1.047725e+00,1.729965e-03,1.651163e-03
4200,layers.3.out_proj.weights,2.835933e+02,5.909206e+01,2.083690e-01
4200,layers.3.out_proj.log_soft_score_temp,6.174152e-02,3.441221e-02,5.573593e-01
4200,layers.3.out_proj.log_select_temp,9.359260e-01,3.165311e-02,3.382010e-02
4200,layers.3.residual_lut.weights,1.256873e+02,2.580781e+01,2.053334e-01
4200,layers.3.residual_lut.log_soft_score_temp,4.582048e-01,6.273270e-03,1.369097e-02
4200,layers.3.residual_lut.log_select_temp,8.394815e-01,2.318305e-02,2.761591e-02
4200,layers.3.q_norm.weight,9.661120e+00,8.729693e-02,9.035902e-03
4200,layers.3.q_norm.bias,5.878916e-01,3.924833e-02,6.676117e-02
4200,layers.3.k_norm.weight,9.592745e+00,8.611629e-02,8.977232e-03
4200,layers.3.k_norm.bias,1.030955e+00,4.332054e-02,4.201981e-02
4200,layers.4.qk_lut.weights,9.154794e+01,1.871009e+01,2.043748e-01
4200,layers.4.qk_lut.log_soft_score_temp,3.726965e-01,2.338719e-02,6.275131e-02
4200,layers.4.qk_lut.log_select_temp,8.481045e-01,6.657243e-03,7.849555e-03
4200,layers.4.v_lut.weights,1.270284e+02,2.684391e+01,2.113221e-01
4200,layers.4.v_lut.log_soft_score_temp,8.465614e-01,2.443004e-02,2.885796e-02
4200,layers.4.v_lut.log_select_temp,1.105244e+00,1.124954e-02,1.017834e-02
4200,layers.4.out_proj.weights,2.786118e+02,5.900113e+01,2.117683e-01
4200,layers.4.out_proj.log_soft_score_temp,1.182658e-01,3.613558e-02,3.055453e-01
4200,layers.4.out_proj.log_select_temp,6.979229e-01,1.155603e-02,1.655774e-02
4200,layers.4.residual_lut.weights,1.265528e+02,2.594450e+01,2.050093e-01
4200,layers.4.residual_lut.log_soft_score_temp,3.909176e-01,9.971619e-03,2.550824e-02
4200,layers.4.residual_lut.log_select_temp,8.224185e-01,2.521306e-02,3.065722e-02
4200,layers.4.q_norm.weight,8.868805e+00,3.677428e-02,4.146475e-03
4200,layers.4.q_norm.bias,3.442441e-01,1.517276e-02,4.407558e-02
4200,layers.4.k_norm.weight,8.836027e+00,3.476303e-02,3.934238e-03
4200,layers.4.k_norm.bias,5.955982e-01,2.329838e-02,3.911761e-02
4200,layers.5.qk_lut.weights,9.099718e+01,1.870953e+01,2.056055e-01
4200,layers.5.qk_lut.log_soft_score_temp,5.042142e-01,1.698136e-02,3.367887e-02
4200,layers.5.qk_lut.log_select_temp,7.925478e-01,4.018903e-03,5.070865e-03
4200,layers.5.v_lut.weights,1.279837e+02,2.651010e+01,2.071366e-01
4200,layers.5.v_lut.log_soft_score_temp,1.064208e+00,1.054072e-02,9.904763e-03
4200,layers.5.v_lut.log_select_temp,1.127035e+00,2.020276e-02,1.792559e-02
4200,layers.5.out_proj.weights,3.490727e+02,6.519665e+01,1.867710e-01
4200,layers.5.out_proj.log_soft_score_temp,3.640069e-01,2.533084e-02,6.958890e-02
4200,layers.5.out_proj.log_select_temp,8.288577e-01,1.392698e-02,1.680262e-02
4200,layers.5.residual_lut.weights,1.464937e+02,2.663921e+01,1.818455e-01
4200,layers.5.residual_lut.log_soft_score_temp,4.936000e-01,7.031202e-03,1.424474e-02
4200,layers.5.residual_lut.log_select_temp,7.938027e-01,1.932520e-02,2.434509e-02
4200,layers.5.q_norm.weight,8.362773e+00,3.443556e-02,4.117721e-03
4200,layers.5.q_norm.bias,2.365823e-01,1.757573e-02,7.429012e-02
4200,layers.5.k_norm.weight,8.356847e+00,3.414236e-02,4.085555e-03
4200,layers.5.k_norm.bias,3.352496e-01,2.061975e-02,6.150567e-02
4200,ln_final.weight,3.384432e+01,7.359520e-01,2.174521e-02
4200,ln_final.bias,1.486592e+00,6.929592e-02,4.661395e-02
4400,tok_emb_E.weight,2.125816e+02,1.044447e+01,4.913157e-02
4400,emb_resid_lut.weights,1.606193e+02,2.312786e+01,1.439918e-01
4400,emb_resid_lut.log_soft_score_temp,1.154729e+00,1.912618e-02,1.656335e-02
4400,emb_resid_lut.log_select_temp,1.357070e+00,6.799936e-03,5.010748e-03
4400,unembedder.weight,1.733254e+02,1.349429e+01,7.785525e-02
4400,layers.0.qk_lut.weights,9.379411e+01,1.671087e+01,1.781654e-01
4400,layers.0.qk_lut.log_soft_score_temp,8.220958e-01,4.127681e-03,5.020925e-03
4400,layers.0.qk_lut.log_select_temp,8.402061e-01,6.686032e-03,7.957609e-03
4400,layers.0.v_lut.weights,1.297495e+02,2.598564e+01,2.002755e-01
4400,layers.0.v_lut.log_soft_score_temp,6.278719e-01,1.814598e-02,2.890077e-02
4400,layers.0.v_lut.log_select_temp,9.631136e-01,4.829884e-03,5.014864e-03
4400,layers.0.out_proj.weights,2.624634e+02,5.483805e+01,2.089360e-01
4400,layers.0.out_proj.log_soft_score_temp,6.101420e-02,4.600816e-02,7.540567e-01
4400,layers.0.out_proj.log_select_temp,3.267885e-01,1.081339e-02,3.308986e-02
4400,layers.0.residual_lut.weights,1.140208e+02,2.471267e+01,2.167382e-01
4400,layers.0.residual_lut.log_soft_score_temp,8.735555e-02,3.150857e-02,3.606934e-01
4400,layers.0.residual_lut.log_select_temp,3.184686e-01,1.837528e-02,5.769886e-02
4400,layers.0.q_norm.weight,8.755324e+00,2.034078e-02,2.323246e-03
4400,layers.0.q_norm.bias,6.745409e-01,1.648371e-02,2.443692e-02
4400,layers.0.k_norm.weight,8.713004e+00,2.018864e-02,2.317069e-03
4400,layers.0.k_norm.bias,1.089073e+00,3.467976e-02,3.184337e-02
4400,layers.1.qk_lut.weights,9.364117e+01,1.807087e+01,1.929800e-01
4400,layers.1.qk_lut.log_soft_score_temp,3.896324e-01,1.024738e-02,2.630012e-02
4400,layers.1.qk_lut.log_select_temp,8.840230e-01,1.057988e-02,1.196788e-02
4400,layers.1.v_lut.weights,1.257607e+02,2.551273e+01,2.028674e-01
4400,layers.1.v_lut.log_soft_score_temp,3.573321e-01,3.237078e-02,9.059016e-02
4400,layers.1.v_lut.log_select_temp,1.074199e+00,8.046389e-03,7.490592e-03
4400,layers.1.out_proj.weights,2.682292e+02,5.651057e+01,2.106801e-01
4400,layers.1.out_proj.log_soft_score_temp,1.822067e-01,5.058670e-02,2.776335e-01
4400,layers.1.out_proj.log_select_temp,4.337050e-01,1.832202e-02,4.224535e-02
4400,layers.1.residual_lut.weights,1.181359e+02,2.517517e+01,2.131036e-01
4400,layers.1.residual_lut.log_soft_score_temp,2.623159e-01,1.848790e-02,7.047954e-02
4400,layers.1.residual_lut.log_select_temp,6.821011e-01,9.674072e-03,1.418275e-02
4400,layers.1.q_norm.weight,9.111289e+00,3.303200e-02,3.625393e-03
4400,layers.1.q_norm.bias,6.229185e-01,1.385951e-02,2.224931e-02
4400,layers.1.k_norm.weight,9.055818e+00,3.088116e-02,3.410091e-03
4400,layers.1.k_norm.bias,8.557217e-01,2.199553e-02,2.570407e-02
4400,layers.2.qk_lut.weights,9.392675e+01,1.840563e+01,1.959573e-01
4400,layers.2.qk_lut.log_soft_score_temp,3.206151e-01,1.450336e-02,4.523605e-02
4400,layers.2.qk_lut.log_select_temp,8.425403e-01,8.127153e-03,9.646011e-03
4400,layers.2.v_lut.weights,1.265762e+02,2.603237e+01,2.056655e-01
4400,layers.2.v_lut.log_soft_score_temp,3.616853e-01,3.435388e-02,9.498279e-02
4400,layers.2.v_lut.log_select_temp,1.028539e+00,8.162260e-03,7.935781e-03
4400,layers.2.out_proj.weights,2.717456e+02,5.677858e+01,2.089402e-01
4400,layers.2.out_proj.log_soft_score_temp,1.189496e-01,4.962141e-02,4.171632e-01
4400,layers.2.out_proj.log_select_temp,4.658782e-01,1.104981e-02,2.371823e-02
4400,layers.2.residual_lut.weights,1.229836e+02,2.527094e+01,2.054821e-01
4400,layers.2.residual_lut.log_soft_score_temp,3.559624e-01,1.885828e-02,5.297830e-02
4400,layers.2.residual_lut.log_select_temp,8.382481e-01,1.791990e-02,2.137780e-02
4400,layers.2.q_norm.weight,9.135530e+00,3.273493e-02,3.583255e-03
4400,layers.2.q_norm.bias,8.203052e-01,1.993567e-02,2.430275e-02
4400,layers.2.k_norm.weight,9.081446e+00,3.181094e-02,3.502849e-03
4400,layers.2.k_norm.bias,1.162191e+00,2.867748e-02,2.467536e-02
4400,layers.3.qk_lut.weights,9.214303e+01,1.835904e+01,1.992450e-01
4400,layers.3.qk_lut.log_soft_score_temp,1.000647e-01,2.898537e-02,2.896661e-01
4400,layers.3.qk_lut.log_select_temp,8.882025e-01,1.770037e-02,1.992831e-02
4400,layers.3.v_lut.weights,1.272246e+02,2.602982e+01,2.045974e-01
4400,layers.3.v_lut.log_soft_score_temp,5.689498e-01,3.635335e-02,6.389553e-02
4400,layers.3.v_lut.log_select_temp,1.048166e+00,4.409552e-04,4.206919e-04
4400,layers.3.out_proj.weights,2.923253e+02,5.836211e+01,1.996478e-01
4400,layers.3.out_proj.log_soft_score_temp,2.448415e-02,3.725737e-02,1.521693e+00
4400,layers.3.out_proj.log_select_temp,9.669646e-01,3.103864e-02,3.209905e-02
4400,layers.3.residual_lut.weights,1.297149e+02,2.555805e+01,1.970325e-01
4400,layers.3.residual_lut.log_soft_score_temp,4.501829e-01,8.021921e-03,1.781925e-02
4400,layers.3.residual_lut.log_select_temp,8.635132e-01,2.403164e-02,2.783008e-02
4400,layers.3.q_norm.weight,9.726960e+00,8.360165e-02,8.594839e-03
4400,layers.3.q_norm.bias,6.153549e-01,4.119135e-02,6.693918e-02
4400,layers.3.k_norm.weight,9.655042e+00,8.299168e-02,8.595683e-03
4400,layers.3.k_norm.bias,1.064872e+00,4.486406e-02,4.213093e-02
4400,layers.4.qk_lut.weights,9.413432e+01,1.849121e+01,1.964343e-01
4400,layers.4.qk_lut.log_soft_score_temp,3.544513e-01,1.824525e-02,5.147464e-02
4400,layers.4.qk_lut.log_select_temp,8.562423e-01,8.137822e-03,9.504111e-03
4400,layers.4.v_lut.weights,1.305766e+02,2.656066e+01,2.034105e-01
4400,layers.4.v_lut.log_soft_score_temp,8.219888e-01,2.457261e-02,2.989410e-02
4400,layers.4.v_lut.log_select_temp,1.112064e+00,6.820202e-03,6.132923e-03
4400,layers.4.out_proj.weights,2.860868e+02,5.816608e+01,2.033162e-01
4400,layers.4.out_proj.log_soft_score_temp,8.368314e-02,3.458270e-02,4.132577e-01
4400,layers.4.out_proj.log_select_temp,7.111961e-01,1.327318e-02,1.866318e-02
4400,layers.4.residual_lut.weights,1.305796e+02,2.567912e+01,1.966549e-01
4400,layers.4.residual_lut.log_soft_score_temp,3.787637e-01,1.215386e-02,3.208825e-02
4400,layers.4.residual_lut.log_select_temp,8.466811e-01,2.426261e-02,2.865613e-02
4400,layers.4.q_norm.weight,8.897067e+00,3.543866e-02,3.983184e-03
4400,layers.4.q_norm.bias,3.563884e-01,1.552573e-02,4.356406e-02
4400,layers.4.k_norm.weight,8.863931e+00,3.583914e-02,4.043256e-03
4400,layers.4.k_norm.bias,6.141286e-01,2.529308e-02,4.118532e-02
4400,layers.5.qk_lut.weights,9.353478e+01,1.854048e+01,1.982202e-01
4400,layers.5.qk_lut.log_soft_score_temp,4.846073e-01,1.960686e-02,4.045927e-02
4400,layers.5.qk_lut.log_select_temp,7.958555e-01,3.307700e-03,4.156157e-03
4400,layers.5.v_lut.weights,1.315644e+02,2.619296e+01,1.990885e-01
4400,layers.5.v_lut.log_soft_score_temp,1.071450e+00,7.241964e-03,6.759035e-03
4400,layers.5.v_lut.log_select_temp,1.145492e+00,1.845729e-02,1.611298e-02
4400,layers.5.out_proj.weights,3.573643e+02,6.366078e+01,1.781397e-01
4400,layers.5.out_proj.log_soft_score_temp,3.396307e-01,2.437621e-02,7.177270e-02
4400,layers.5.out_proj.log_select_temp,8.432405e-01,1.438284e-02,1.705663e-02
4400,layers.5.residual_lut.weights,1.506913e+02,2.637897e+01,1.750530e-01
4400,layers.5.residual_lut.log_soft_score_temp,4.856035e-01,7.996470e-03,1.646707e-02
4400,layers.5.residual_lut.log_select_temp,8.136083e-01,1.980561e-02,2.434293e-02
4400,layers.5.q_norm.weight,8.382565e+00,3.521989e-02,4.201564e-03
4400,layers.5.q_norm.bias,2.467093e-01,1.682219e-02,6.818631e-02
4400,layers.5.k_norm.weight,8.375463e+00,3.483421e-02,4.159078e-03
4400,layers.5.k_norm.bias,3.500227e-01,2.322598e-02,6.635565e-02
4400,ln_final.weight,3.457096e+01,7.279283e-01,2.105606e-02
4400,ln_final.bias,1.511158e+00,6.781719e-02,4.487762e-02
4600,tok_emb_E.weight,2.129653e+02,1.032920e+01,4.850181e-02
4600,emb_resid_lut.weights,1.639956e+02,2.285302e+01,1.393514e-01
4600,emb_resid_lut.log_soft_score_temp,1.133979e+00,2.074993e-02,1.829834e-02
4600,emb_resid_lut.log_select_temp,1.358976e+00,1.906395e-03,1.402817e-03
4600,unembedder.weight,1.739251e+02,1.328535e+01,7.638550e-02
4600,layers.0.qk_lut.weights,9.626337e+01,1.657766e+01,1.722115e-01
4600,layers.0.qk_lut.log_soft_score_temp,8.221350e-01,3.921986e-05,4.770488e-05
4600,layers.0.qk_lut.log_select_temp,8.437725e-01,3.566384e-03,4.226713e-03
4600,layers.0.v_lut.weights,1.330848e+02,2.569950e+01,1.931062e-01
4600,layers.0.v_lut.log_soft_score_temp,6.099536e-01,1.791829e-02,2.937648e-02
4600,layers.0.v_lut.log_select_temp,9.688700e-01,5.756378e-03,5.941332e-03
4600,layers.0.out_proj.weights,2.689286e+02,5.416302e+01,2.014030e-01
4600,layers.0.out_proj.log_soft_score_temp,1.060487e-01,4.503449e-02,4.246586e-01
4600,layers.0.out_proj.log_select_temp,3.217012e-01,5.087227e-03,1.581351e-02
4600,layers.0.residual_lut.weights,1.168411e+02,2.448147e+01,2.095278e-01
4600,layers.0.residual_lut.log_soft_score_temp,5.885903e-02,2.849652e-02,4.841486e-01
4600,layers.0.residual_lut.log_select_temp,3.057413e-01,1.272732e-02,4.162774e-02
4600,layers.0.q_norm.weight,8.765620e+00,2.031053e-02,2.317067e-03
4600,layers.0.q_norm.bias,6.895251e-01,1.797169e-02,2.606387e-02
4600,layers.0.k_norm.weight,8.722604e+00,2.058566e-02,2.360036e-03
4600,layers.0.k_norm.bias,1.122034e+00,3.699750e-02,3.297359e-02
4600,layers.1.qk_lut.weights,9.611107e+01,1.793151e+01,1.865708e-01
4600,layers.1.qk_lut.log_soft_score_temp,3.756968e-01,1.393563e-02,3.709274e-02
4600,layers.1.qk_lut.log_select_temp,8.916374e-01,7.614374e-03,8.539765e-03
4600,layers.1.v_lut.weights,1.289721e+02,2.521371e+01,1.954973e-01
4600,layers.1.v_lut.log_soft_score_temp,3.281599e-01,2.917224e-02,8.889642e-02
4600,layers.1.v_lut.log_select_temp,1.086325e+00,1.212561e-02,1.116205e-02
4600,layers.1.out_proj.weights,2.745121e+02,5.581594e+01,2.033278e-01
4600,layers.1.out_proj.log_soft_score_temp,2.319988e-01,4.979207e-02,2.146221e-01
4600,layers.1.out_proj.log_select_temp,4.175394e-01,1.616558e-02,3.871630e-02
4600,layers.1.residual_lut.weights,1.212077e+02,2.495299e+01,2.058697e-01
4600,layers.1.residual_lut.log_soft_score_temp,2.441331e-01,1.818272e-02,7.447872e-02
4600,layers.1.residual_lut.log_select_temp,6.944972e-01,1.239616e-02,1.784911e-02
4600,layers.1.q_norm.weight,9.131357e+00,2.985366e-02,3.269356e-03
4600,layers.1.q_norm.bias,6.340593e-01,1.579585e-02,2.491227e-02
4600,layers.1.k_norm.weight,9.075883e+00,3.022577e-02,3.330339e-03
4600,layers.1.k_norm.bias,8.693073e-01,2.030087e-02,2.335293e-02
4600,layers.2.qk_lut.weights,9.639501e+01,1.816556e+01,1.884492e-01
4600,layers.2.qk_lut.log_soft_score_temp,3.084600e-01,1.215503e-02,3.940551e-02
4600,layers.2.qk_lut.log_select_temp,8.517252e-01,9.184897e-03,1.078387e-02
4600,layers.2.v_lut.weights,1.297834e+02,2.572954e+01,1.982498e-01
4600,layers.2.v_lut.log_soft_score_temp,3.296507e-01,3.203461e-02,9.717741e-02
4600,layers.2.v_lut.log_select_temp,1.034915e+00,6.376028e-03,6.160920e-03
4600,layers.2.out_proj.weights,2.783164e+02,5.600819e+01,2.012393e-01
4600,layers.2.out_proj.log_soft_score_temp,1.664644e-01,4.751475e-02,2.854349e-01
4600,layers.2.out_proj.log_select_temp,4.540738e-01,1.180437e-02,2.599659e-02
4600,layers.2.residual_lut.weights,1.262025e+02,2.502806e+01,1.983167e-01
4600,layers.2.residual_lut.log_soft_score_temp,3.365549e-01,1.940751e-02,5.766522e-02
4600,layers.2.residual_lut.log_select_temp,8.581371e-01,1.988894e-02,2.317688e-02
4600,layers.2.q_norm.weight,9.162560e+00,3.474070e-02,3.791593e-03
4600,layers.2.q_norm.bias,8.358659e-01,1.896123e-02,2.268454e-02
4600,layers.2.k_norm.weight,9.108013e+00,3.423227e-02,3.758478e-03
4600,layers.2.k_norm.bias,1.186062e+00,2.696469e-02,2.273464e-02
4600,layers.3.qk_lut.weights,9.452518e+01,1.809031e+01,1.913809e-01
4600,layers.3.qk_lut.log_soft_score_temp,7.671548e-02,2.334926e-02,3.043618e-01
4600,layers.3.qk_lut.log_select_temp,9.060502e-01,1.784772e-02,1.969838e-02
4600,layers.3.v_lut.weights,1.305226e+02,2.571142e+01,1.969883e-01
4600,layers.3.v_lut.log_soft_score_temp,5.330834e-01,3.586644e-02,6.728111e-02
4600,layers.3.v_lut.log_select_temp,1.051300e+00,3.133178e-03,2.980290e-03
4600,layers.3.out_proj.weights,3.007697e+02,5.775241e+01,1.920154e-01
4600,layers.3.out_proj.log_soft_score_temp,1.348357e-02,3.796773e-02,2.815851e+00
4600,layers.3.out_proj.log_select_temp,9.966118e-01,2.964717e-02,2.974796e-02
4600,layers.3.residual_lut.weights,1.335475e+02,2.536063e+01,1.898997e-01
4600,layers.3.residual_lut.log_soft_score_temp,4.412047e-01,8.978248e-03,2.034939e-02
4600,layers.3.residual_lut.log_select_temp,8.890528e-01,2.553964e-02,2.872679e-02
4600,layers.3.q_norm.weight,9.789043e+00,7.981239e-02,8.153236e-03
4600,layers.3.q_norm.bias,6.433668e-01,4.290896e-02,6.669439e-02
4600,layers.3.k_norm.weight,9.714083e+00,7.863410e-02,8.094856e-03
4600,layers.3.k_norm.bias,1.095044e+00,4.068020e-02,3.714937e-02
4600,layers.4.qk_lut.weights,9.659000e+01,1.840125e+01,1.905088e-01
4600,layers.4.qk_lut.log_soft_score_temp,3.319643e-01,2.248695e-02,6.773907e-02
4600,layers.4.qk_lut.log_select_temp,8.593996e-01,3.157258e-03,3.673795e-03
4600,layers.4.v_lut.weights,1.339474e+02,2.617000e+01,1.953752e-01
4600,layers.4.v_lut.log_soft_score_temp,7.952281e-01,2.676064e-02,3.365152e-02
4600,layers.4.v_lut.log_select_temp,1.117616e+00,5.552530e-03,4.968190e-03
4600,layers.4.out_proj.weights,2.933049e+02,5.751933e+01,1.961076e-01
4600,layers.4.out_proj.log_soft_score_temp,4.950820e-02,3.417495e-02,6.902886e-01
4600,layers.4.out_proj.log_select_temp,7.230560e-01,1.185989e-02,1.640245e-02
4600,layers.4.residual_lut.weights,1.344475e+02,2.546930e+01,1.894368e-01
4600,layers.4.residual_lut.log_soft_score_temp,3.665318e-01,1.223195e-02,3.337213e-02
4600,layers.4.residual_lut.log_select_temp,8.748667e-01,2.818555e-02,3.221696e-02
4600,layers.4.q_norm.weight,8.923493e+00,3.275025e-02,3.670115e-03
4600,layers.4.q_norm.bias,3.686096e-01,1.524353e-02,4.135413e-02
4600,layers.4.k_norm.weight,8.888973e+00,3.222962e-02,3.625798e-03
4600,layers.4.k_norm.bias,6.321701e-01,2.638182e-02,4.173216e-02
4600,layers.5.qk_lut.weights,9.598180e+01,1.834378e+01,1.911173e-01
4600,layers.5.qk_lut.log_soft_score_temp,4.688823e-01,1.572502e-02,3.353724e-02
4600,layers.5.qk_lut.log_select_temp,8.010448e-01,5.189300e-03,6.478164e-03
4600,layers.5.v_lut.weights,1.349749e+02,2.587120e+01,1.916742e-01
4600,layers.5.v_lut.log_soft_score_temp,1.080568e+00,9.118915e-03,8.438998e-03
4600,layers.5.v_lut.log_select_temp,1.165901e+00,2.040899e-02,1.750491e-02
4600,layers.5.out_proj.weights,3.651512e+02,6.317137e+01,1.730006e-01
4600,layers.5.out_proj.log_soft_score_temp,3.146980e-01,2.493268e-02,7.922733e-02
4600,layers.5.out_proj.log_select_temp,8.594911e-01,1.625055e-02,1.890718e-02
4600,layers.5.residual_lut.weights,1.547717e+02,2.616232e+01,1.690382e-01
4600,layers.5.residual_lut.log_soft_score_temp,4.781018e-01,7.501721e-03,1.569064e-02
4600,layers.5.residual_lut.log_select_temp,8.355892e-01,2.198082e-02,2.630578e-02
4600,layers.5.q_norm.weight,8.399204e+00,3.382831e-02,4.027561e-03
4600,layers.5.q_norm.bias,2.526878e-01,1.615918e-02,6.394918e-02
4600,layers.5.k_norm.weight,8.392089e+00,3.268779e-02,3.895072e-03
4600,layers.5.k_norm.bias,3.571257e-01,1.784608e-02,4.997142e-02
4600,ln_final.weight,3.528230e+01,7.125883e-01,2.019676e-02
4600,ln_final.bias,1.536974e+00,6.786326e-02,4.415382e-02
4800,tok_emb_E.weight,2.133379e+02,1.021527e+01,4.788307e-02
4800,emb_resid_lut.weights,1.671257e+02,2.259923e+01,1.352229e-01
4800,emb_resid_lut.log_soft_score_temp,1.108942e+00,2.503693e-02,2.257732e-02
4800,emb_resid_lut.log_select_temp,1.356616e+00,2.360106e-03,1.739700e-03
4800,unembedder.weight,1.743625e+02,1.310663e+01,7.516887e-02
4800,layers.0.qk_lut.weights,9.861426e+01,1.634005e+01,1.656966e-01
4800,layers.0.qk_lut.log_soft_score_temp,8.220780e-01,5.698204e-05,6.931464e-05
4800,layers.0.qk_lut.log_select_temp,8.476243e-01,3.851831e-03,4.544267e-03
4800,layers.0.v_lut.weights,1.362507e+02,2.540614e+01,1.864661e-01
4800,layers.0.v_lut.log_soft_score_temp,5.904854e-01,1.946819e-02,3.296980e-02
4800,layers.0.v_lut.log_select_temp,9.745827e-01,5.712748e-03,5.861737e-03
4800,layers.0.out_proj.weights,2.750314e+02,5.339497e+01,1.941413e-01
4800,layers.0.out_proj.log_soft_score_temp,1.516388e-01,4.559007e-02,3.006492e-01
4800,layers.0.out_proj.log_select_temp,3.149878e-01,6.713390e-03,2.131317e-02
4800,layers.0.residual_lut.weights,1.194898e+02,2.423008e+01,2.027795e-01
4800,layers.0.residual_lut.log_soft_score_temp,2.999834e-02,2.886068e-02,9.620759e-01
4800,layers.0.residual_lut.log_select_temp,2.929784e-01,1.276293e-02,4.356272e-02
4800,layers.0.q_norm.weight,8.774090e+00,1.863635e-02,2.124021e-03
4800,layers.0.q_norm.bias,6.996588e-01,1.547114e-02,2.211241e-02
4800,layers.0.k_norm.weight,8.730613e+00,1.823752e-02,2.088916e-03
4800,layers.0.k_norm.bias,1.146242e+00,3.314279e-02,2.891429e-02
4800,layers.1.qk_lut.weights,9.843893e+01,1.768975e+01,1.797028e-01
4800,layers.1.qk_lut.log_soft_score_temp,3.652195e-01,1.047730e-02,2.868769e-02
4800,layers.1.qk_lut.log_select_temp,9.004652e-01,8.827806e-03,9.803606e-03
4800,layers.1.v_lut.weights,1.319941e+02,2.483901e+01,1.881827e-01
4800,layers.1.v_lut.log_soft_score_temp,3.015748e-01,2.658510e-02,8.815426e-02
4800,layers.1.v_lut.log_select_temp,1.097876e+00,1.155066e-02,1.052092e-02
4800,layers.1.out_proj.weights,2.803995e+02,5.500202e+01,1.961559e-01
4800,layers.1.out_proj.log_soft_score_temp,2.809659e-01,4.896711e-02,1.742813e-01
4800,layers.1.out_proj.log_select_temp,4.025647e-01,1.497471e-02,3.719827e-02
4800,layers.1.residual_lut.weights,1.241200e+02,2.470849e+01,1.990693e-01
4800,layers.1.residual_lut.log_soft_score_temp,2.246610e-01,1.947218e-02,8.667363e-02
4800,layers.1.residual_lut.log_select_temp,7.077744e-01,1.327717e-02,1.875905e-02
4800,layers.1.q_norm.weight,9.147981e+00,2.677075e-02,2.926411e-03
4800,layers.1.q_norm.bias,6.437178e-01,1.421886e-02,2.208865e-02
4800,layers.1.k_norm.weight,9.091413e+00,2.671321e-02,2.938290e-03
4800,layers.1.k_norm.bias,8.813132e-01,1.994058e-02,2.262598e-02
4800,layers.2.qk_lut.weights,9.872838e+01,1.796675e+01,1.819816e-01
4800,layers.2.qk_lut.log_soft_score_temp,2.945921e-01,1.386794e-02,4.707508e-02
4800,layers.2.qk_lut.log_select_temp,8.601651e-01,8.439839e-03,9.811883e-03
4800,layers.2.v_lut.weights,1.328413e+02,2.539116e+01,1.911391e-01
4800,layers.2.v_lut.log_soft_score_temp,2.946922e-01,3.495851e-02,1.186272e-01
4800,layers.2.v_lut.log_select_temp,1.037351e+00,2.436161e-03,2.348444e-03
4800,layers.2.out_proj.weights,2.845687e+02,5.520832e+01,1.940070e-01
4800,layers.2.out_proj.log_soft_score_temp,2.138191e-01,4.735471e-02,2.214709e-01
4800,layers.2.out_proj.log_select_temp,4.477585e-01,6.315321e-03,1.410430e-02
4800,layers.2.residual_lut.weights,1.292941e+02,2.478202e+01,1.916716e-01
4800,layers.2.residual_lut.log_soft_score_temp,3.180060e-01,1.854891e-02,5.832880e-02
4800,layers.2.residual_lut.log_select_temp,8.803954e-01,2.225828e-02,2.528214e-02
4800,layers.2.q_norm.weight,9.184203e+00,3.337387e-02,3.633834e-03
4800,layers.2.q_norm.bias,8.490036e-01,1.747518e-02,2.058317e-02
4800,layers.2.k_norm.weight,9.128918e+00,3.013100e-02,3.300610e-03
4800,layers.2.k_norm.bias,1.204131e+00,2.382313e-02,1.978450e-02
4800,layers.3.qk_lut.weights,9.679563e+01,1.790094e+01,1.849354e-01
4800,layers.3.qk_lut.log_soft_score_temp,5.350846e-02,2.320702e-02,4.337075e-01
4800,layers.3.qk_lut.log_select_temp,9.228420e-01,1.679182e-02,1.819577e-02
4800,layers.3.v_lut.weights,1.336702e+02,2.541161e+01,1.901067e-01
4800,layers.3.v_lut.log_soft_score_temp,4.957070e-01,3.737637e-02,7.540013e-02
4800,layers.3.v_lut.log_select_temp,1.052459e+00,1.159668e-03,1.101865e-03
4800,layers.3.out_proj.weights,3.088588e+02,5.691170e+01,1.842645e-01
4800,layers.3.out_proj.log_soft_score_temp,5.370048e-02,4.021691e-02,7.489115e-01
4800,layers.3.out_proj.log_select_temp,1.024427e+00,2.781516e-02,2.715192e-02
4800,layers.3.residual_lut.weights,1.372115e+02,2.508662e+01,1.828317e-01
4800,layers.3.residual_lut.log_soft_score_temp,4.296684e-01,1.153627e-02,2.684924e-02
4800,layers.3.residual_lut.log_select_temp,9.159499e-01,2.689707e-02,2.936522e-02
4800,layers.3.q_norm.weight,9.843906e+00,7.234159e-02,7.348870e-03
4800,layers.3.q_norm.bias,6.694232e-01,4.030674e-02,6.021115e-02
4800,layers.3.k_norm.weight,9.766529e+00,7.177193e-02,7.348766e-03
4800,layers.3.k_norm.bias,1.119194e+00,3.479904e-02,3.109296e-02
4800,layers.4.qk_lut.weights,9.891158e+01,1.806773e+01,1.826655e-01
4800,layers.4.qk_lut.log_soft_score_temp,3.158290e-01,1.613531e-02,5.108874e-02
4800,layers.4.qk_lut.log_select_temp,8.691544e-01,9.754837e-03,1.122336e-02
4800,layers.4.v_lut.weights,1.371532e+02,2.587766e+01,1.886771e-01
4800,layers.4.v_lut.log_soft_score_temp,7.679287e-01,2.729940e-02,3.554940e-02
4800,layers.4.v_lut.log_select_temp,1.123579e+00,5.962729e-03,5.306907e-03
4800,layers.4.out_proj.weights,3.001488e+02,5.666855e+01,1.888015e-01
4800,layers.4.out_proj.log_soft_score_temp,1.603048e-02,3.347772e-02,2.088379e+00
4800,layers.4.out_proj.log_select_temp,7.355061e-01,1.245004e-02,1.692717e-02
4800,layers.4.residual_lut.weights,1.381617e+02,2.521203e+01,1.824821e-01
4800,layers.4.residual_lut.log_soft_score_temp,3.544187e-01,1.211312e-02,3.417744e-02
4800,layers.4.residual_lut.log_select_temp,9.028451e-01,2.797842e-02,3.098917e-02
4800,layers.4.q_norm.weight,8.953794e+00,3.519873e-02,3.931152e-03
4800,layers.4.q_norm.bias,3.803211e-01,1.623223e-02,4.268032e-02
4800,layers.4.k_norm.weight,8.918781e+00,3.518146e-02,3.944649e-03
4800,layers.4.k_norm.bias,6.480917e-01,2.224680e-02,3.432663e-02
4800,layers.5.qk_lut.weights,9.827615e+01,1.803971e+01,1.835614e-01
4800,layers.5.qk_lut.log_soft_score_temp,4.503279e-01,1.855439e-02,4.120195e-02
4800,layers.5.qk_lut.log_select_temp,8.046010e-01,3.556192e-03,4.419821e-03
4800,layers.5.v_lut.weights,1.381982e+02,2.549673e+01,1.844939e-01
4800,layers.5.v_lut.log_soft_score_temp,1.087680e+00,7.111430e-03,6.538165e-03
4800,layers.5.v_lut.log_select_temp,1.184907e+00,1.900625e-02,1.604029e-02
4800,layers.5.out_proj.weights,3.725817e+02,6.187559e+01,1.660725e-01
4800,layers.5.out_proj.log_soft_score_temp,2.882561e-01,2.644193e-02,9.173070e-02
4800,layers.5.out_proj.log_select_temp,8.773544e-01,1.786333e-02,2.036045e-02
4800,layers.5.residual_lut.weights,1.587040e+02,2.583200e+01,1.627685e-01
4800,layers.5.residual_lut.log_soft_score_temp,4.699829e-01,8.118957e-03,1.727501e-02
4800,layers.5.residual_lut.log_select_temp,8.596607e-01,2.407151e-02,2.800118e-02
4800,layers.5.q_norm.weight,8.423130e+00,3.685139e-02,4.375023e-03
4800,layers.5.q_norm.bias,2.675324e-01,1.993296e-02,7.450672e-02
4800,layers.5.k_norm.weight,8.415042e+00,3.551071e-02,4.219909e-03
4800,layers.5.k_norm.bias,3.724239e-01,2.277023e-02,6.114064e-02
4800,ln_final.weight,3.598675e+01,7.055071e-01,1.960464e-02
4800,ln_final.bias,1.563087e+00,6.914799e-02,4.423810e-02
5000,tok_emb_E.weight,2.136978e+02,1.006037e+01,4.707754e-02
5000,emb_resid_lut.weights,1.701172e+02,2.221567e+01,1.305903e-01
5000,emb_resid_lut.log_soft_score_temp,1.087118e+00,2.182376e-02,2.007488e-02
5000,emb_resid_lut.log_select_temp,1.356364e+00,2.524853e-04,1.861486e-04
5000,unembedder.weight,1.748681e+02,1.288571e+01,7.368818e-02
5000,layers.0.qk_lut.weights,1.008328e+02,1.612765e+01,1.599444e-01
5000,layers.0.qk_lut.log_soft_score_temp,8.224232e-01,3.451705e-04,4.196994e-04
5000,layers.0.qk_lut.log_select_temp,8.513651e-01,3.740847e-03,4.393940e-03
5000,layers.0.v_lut.weights,1.392652e+02,2.504681e+01,1.798498e-01
5000,layers.0.v_lut.log_soft_score_temp,5.730509e-01,1.743454e-02,3.042407e-02
5000,layers.0.v_lut.log_select_temp,9.800743e-01,5.491555e-03,5.603203e-03
5000,layers.0.out_proj.weights,2.808631e+02,5.270869e+01,1.876668e-01
5000,layers.0.out_proj.log_soft_score_temp,1.932206e-01,4.158179e-02,2.152038e-01
5000,layers.0.out_proj.log_select_temp,3.127947e-01,2.193093e-03,7.011286e-03
5000,layers.0.residual_lut.weights,1.219938e+02,2.382653e+01,1.953094e-01
5000,layers.0.residual_lut.log_soft_score_temp,2.662101e-03,2.733624e-02,1.026867e+01
5000,layers.0.residual_lut.log_select_temp,2.819574e-01,1.102099e-02,3.908742e-02
5000,layers.0.q_norm.weight,8.782582e+00,1.594417e-02,1.815430e-03
5000,layers.0.q_norm.bias,7.114639e-01,1.561452e-02,2.194703e-02
5000,layers.0.k_norm.weight,8.738100e+00,1.596495e-02,1.827050e-03
5000,layers.0.k_norm.bias,1.166531e+00,2.630325e-02,2.254826e-02
5000,layers.1.qk_lut.weights,1.006542e+02,1.743639e+01,1.732306e-01
5000,layers.1.qk_lut.log_soft_score_temp,3.535373e-01,1.168221e-02,3.304379e-02
5000,layers.1.qk_lut.log_select_temp,9.091201e-01,8.654892e-03,9.520076e-03
5000,layers.1.v_lut.weights,1.348856e+02,2.456401e+01,1.821099e-01
5000,layers.1.v_lut.log_soft_score_temp,2.717797e-01,2.979511e-02,1.096296e-01
5000,layers.1.v_lut.log_select_temp,1.108112e+00,1.023686e-02,9.238105e-03
5000,layers.1.out_proj.weights,2.859578e+02,5.424943e+01,1.897113e-01
5000,layers.1.out_proj.log_soft_score_temp,3.289877e-01,4.802179e-02,1.459683e-01
5000,layers.1.out_proj.log_select_temp,3.889318e-01,1.363289e-02,3.505214e-02
5000,layers.1.residual_lut.weights,1.268872e+02,2.433710e+01,1.918012e-01
5000,layers.1.residual_lut.log_soft_score_temp,2.088740e-01,1.578696e-02,7.558126e-02
5000,layers.1.residual_lut.log_select_temp,7.219822e-01,1.420778e-02,1.967885e-02
5000,layers.1.q_norm.weight,9.167019e+00,2.605403e-02,2.842149e-03
5000,layers.1.q_norm.bias,6.562981e-01,1.453333e-02,2.214440e-02
5000,layers.1.k_norm.weight,9.109569e+00,2.543982e-02,2.792648e-03
5000,layers.1.k_norm.bias,8.962633e-01,2.148283e-02,2.396933e-02
5000,layers.2.qk_lut.weights,1.009550e+02,1.771355e+01,1.754598e-01
5000,layers.2.qk_lut.log_soft_score_temp,2.810406e-01,1.355150e-02,4.821903e-02
5000,layers.2.qk_lut.log_select_temp,8.682409e-01,8.075833e-03,9.301374e-03
5000,layers.2.v_lut.weights,1.357367e+02,2.506570e+01,1.846641e-01
5000,layers.2.v_lut.log_soft_score_temp,2.637002e-01,3.099206e-02,1.175277e-01
5000,layers.2.v_lut.log_select_temp,1.045298e+00,7.946730e-03,7.602359e-03
5000,layers.2.out_proj.weights,2.904529e+02,5.451131e+01,1.876769e-01
5000,layers.2.out_proj.log_soft_score_temp,2.597297e-01,4.591061e-02,1.767630e-01
5000,layers.2.out_proj.log_select_temp,4.408049e-01,6.953627e-03,1.577484e-02
5000,layers.2.residual_lut.weights,1.322187e+02,2.442513e+01,1.847328e-01
5000,layers.2.residual_lut.log_soft_score_temp,2.990736e-01,1.893234e-02,6.330328e-02
5000,layers.2.residual_lut.log_select_temp,9.003949e-01,1.999956e-02,2.221199e-02
5000,layers.2.q_norm.weight,9.206997e+00,2.974476e-02,3.230669e-03
5000,layers.2.q_norm.bias,8.648702e-01,1.915616e-02,2.214918e-02
5000,layers.2.k_norm.weight,9.151098e+00,2.800326e-02,3.060098e-03
5000,layers.2.k_norm.bias,1.222305e+00,2.238049e-02,1.831007e-02
5000,layers.3.qk_lut.weights,9.894835e+01,1.766053e+01,1.784824e-01
5000,layers.3.qk_lut.log_soft_score_temp,3.305212e-02,2.045634e-02,6.189115e-01
5000,layers.3.qk_lut.log_select_temp,9.407971e-01,1.795506e-02,1.908495e-02
5000,layers.3.v_lut.weights,1.366277e+02,2.505033e+01,1.833474e-01
5000,layers.3.v_lut.log_soft_score_temp,4.598517e-01,3.585529e-02,7.797143e-02
5000,layers.3.v_lut.log_select_temp,1.056286e+00,3.826737e-03,3.622823e-03
5000,layers.3.out_proj.weights,3.166592e+02,5.612852e+01,1.772521e-01
5000,layers.3.out_proj.log_soft_score_temp,9.255434e-02,3.885386e-02,4.197951e-01
5000,layers.3.out_proj.log_select_temp,1.048163e+00,2.373600e-02,2.264533e-02
5000,layers.3.residual_lut.weights,1.406818e+02,2.475056e+01,1.759329e-01
5000,layers.3.residual_lut.log_soft_score_temp,4.178402e-01,1.182824e-02,2.830806e-02
5000,layers.3.residual_lut.log_select_temp,9.394591e-01,2.350920e-02,2.502419e-02
5000,layers.3.q_norm.weight,9.896226e+00,6.644390e-02,6.714064e-03
5000,layers.3.q_norm.bias,6.962888e-01,4.082394e-02,5.863076e-02
5000,layers.3.k_norm.weight,9.816140e+00,6.590184e-02,6.713620e-03
5000,layers.3.k_norm.bias,1.143663e+00,3.579877e-02,3.130185e-02
5000,layers.4.qk_lut.weights,1.011354e+02,1.787778e+01,1.767707e-01
5000,layers.4.qk_lut.log_soft_score_temp,2.985517e-01,1.727727e-02,5.787027e-02
5000,layers.4.qk_lut.log_select_temp,8.784037e-01,9.249270e-03,1.052964e-02
5000,layers.4.v_lut.weights,1.402014e+02,2.544912e+01,1.815183e-01
5000,layers.4.v_lut.log_soft_score_temp,7.449927e-01,2.293599e-02,3.078686e-02
5000,layers.4.v_lut.log_select_temp,1.129804e+00,6.224751e-03,5.509586e-03
5000,layers.4.out_proj.weights,3.067050e+02,5.585404e+01,1.821100e-01
5000,layers.4.out_proj.log_soft_score_temp,1.645319e-02,3.248367e-02,1.974308e+00
5000,layers.4.out_proj.log_select_temp,7.495503e-01,1.404423e-02,1.873687e-02
5000,layers.4.residual_lut.weights,1.417134e+02,2.485443e+01,1.753851e-01
5000,layers.4.residual_lut.log_soft_score_temp,3.413414e-01,1.307726e-02,3.831138e-02
5000,layers.4.residual_lut.log_select_temp,9.301897e-01,2.734464e-02,2.939685e-02
5000,layers.4.q_norm.weight,8.977534e+00,3.052888e-02,3.400586e-03
5000,layers.4.q_norm.bias,3.871668e-01,1.213572e-02,3.134494e-02
5000,layers.4.k_norm.weight,8.941365e+00,2.958930e-02,3.309260e-03
5000,layers.4.k_norm.bias,6.637629e-01,2.258803e-02,3.403027e-02
5000,layers.5.qk_lut.weights,1.004878e+02,1.782946e+01,1.774292e-01
5000,layers.5.qk_lut.log_soft_score_temp,4.339928e-01,1.633510e-02,3.763910e-02
5000,layers.5.qk_lut.log_select_temp,8.083782e-01,3.777206e-03,4.672573e-03
5000,layers.5.v_lut.weights,1.412310e+02,2.516772e+01,1.782026e-01
5000,layers.5.v_lut.log_soft_score_temp,1.089546e+00,1.866102e-03,1.712734e-03
5000,layers.5.v_lut.log_select_temp,1.199686e+00,1.477921e-02,1.231923e-02
5000,layers.5.out_proj.weights,3.796226e+02,6.097392e+01,1.606172e-01
5000,layers.5.out_proj.log_soft_score_temp,2.602963e-01,2.795979e-02,1.074153e-01
5000,layers.5.out_proj.log_select_temp,8.907265e-01,1.337212e-02,1.501260e-02
5000,layers.5.residual_lut.weights,1.624310e+02,2.547409e+01,1.568303e-01
5000,layers.5.residual_lut.log_soft_score_temp,4.619813e-01,8.001536e-03,1.732004e-02
5000,layers.5.residual_lut.log_select_temp,8.813080e-01,2.164733e-02,2.456273e-02
5000,layers.5.q_norm.weight,8.447184e+00,3.778990e-02,4.473669e-03
5000,layers.5.q_norm.bias,2.804237e-01,1.665358e-02,5.938720e-02
5000,layers.5.k_norm.weight,8.437488e+00,3.813039e-02,4.519164e-03
5000,layers.5.k_norm.bias,3.829592e-01,1.981463e-02,5.174084e-02
5000,ln_final.weight,3.666687e+01,6.813855e-01,1.858314e-02
5000,ln_final.bias,1.586238e+00,6.267446e-02,3.951138e-02
5200,tok_emb_E.weight,2.140506e+02,9.926785e+00,4.637588e-02
5200,emb_resid_lut.weights,1.729115e+02,2.193689e+01,1.268677e-01
5200,emb_resid_lut.log_soft_score_temp,1.066642e+00,2.047610e-02,1.919679e-02
5200,emb_resid_lut.log_select_temp,1.355001e+00,1.363158e-03,1.006020e-03
5200,unembedder.weight,1.752032e+02,1.261168e+01,7.198313e-02
5200,layers.0.qk_lut.weights,1.029660e+02,1.587352e+01,1.541627e-01
5200,layers.0.qk_lut.log_soft_score_temp,8.226345e-01,2.112985e-04,2.568558e-04
5200,layers.0.qk_lut.log_select_temp,8.547939e-01,3.428757e-03,4.011209e-03
5200,layers.0.v_lut.weights,1.421326e+02,2.473098e+01,1.739993e-01
5200,layers.0.v_lut.log_soft_score_temp,5.565573e-01,1.649356e-02,2.963497e-02
5200,layers.0.v_lut.log_select_temp,9.866040e-01,6.529689e-03,6.618348e-03
5200,layers.0.out_proj.weights,2.863691e+02,5.189382e+01,1.812131e-01
5200,layers.0.out_proj.log_soft_score_temp,2.353188e-01,4.209821e-02,1.788986e-01
5200,layers.0.out_proj.log_select_temp,3.115413e-01,1.253396e-03,4.023210e-03
5200,layers.0.residual_lut.weights,1.242984e+02,2.352086e+01,1.892290e-01
5200,layers.0.residual_lut.log_soft_score_temp,2.485610e-02,2.751820e-02,1.107101e+00
5200,layers.0.residual_lut.log_select_temp,2.683257e-01,1.363170e-02,5.080282e-02
5200,layers.0.q_norm.weight,8.791454e+00,1.789100e-02,2.035045e-03
5200,layers.0.q_norm.bias,7.217288e-01,1.426599e-02,1.976642e-02
5200,layers.0.k_norm.weight,8.745894e+00,1.666958e-02,1.905989e-03
5200,layers.0.k_norm.bias,1.190226e+00,2.940016e-02,2.470133e-02
5200,layers.1.qk_lut.weights,1.027672e+02,1.719921e+01,1.673608e-01
5200,layers.1.qk_lut.log_soft_score_temp,3.454383e-01,8.098960e-03,2.344546e-02
5200,layers.1.qk_lut.log_select_temp,9.198565e-01,1.073641e-02,1.167183e-02
5200,layers.1.v_lut.weights,1.376327e+02,2.414972e+01,1.754651e-01
5200,layers.1.v_lut.log_soft_score_temp,2.490107e-01,2.276900e-02,9.143786e-02
5200,layers.1.v_lut.log_select_temp,1.122416e+00,1.430380e-02,1.274376e-02
5200,layers.1.out_proj.weights,2.912236e+02,5.340070e+01,1.833667e-01
5200,layers.1.out_proj.log_soft_score_temp,3.756553e-01,4.666758e-02,1.242298e-01
5200,layers.1.out_proj.log_select_temp,3.777958e-01,1.113603e-02,2.947631e-02
5200,layers.1.residual_lut.weights,1.294804e+02,2.398764e+01,1.852607e-01
5200,layers.1.residual_lut.log_soft_score_temp,1.917362e-01,1.713783e-02,8.938233e-02
5200,layers.1.residual_lut.log_select_temp,7.338374e-01,1.185524e-02,1.615514e-02
5200,layers.1.q_norm.weight,9.181451e+00,2.324612e-02,2.531857e-03
5200,layers.1.q_norm.bias,6.647756e-01,1.381934e-02,2.078798e-02
5200,layers.1.k_norm.weight,9.123343e+00,2.317156e-02,2.539810e-03
5200,layers.1.k_norm.bias,9.097348e-01,1.971138e-02,2.166717e-02
5200,layers.2.qk_lut.weights,1.030814e+02,1.741421e+01,1.689366e-01
5200,layers.2.qk_lut.log_soft_score_temp,2.723978e-01,8.642763e-03,3.172846e-02
5200,layers.2.qk_lut.log_select_temp,8.785459e-01,1.030505e-02,1.172966e-02
5200,layers.2.v_lut.weights,1.384989e+02,2.465057e+01,1.779839e-01
5200,layers.2.v_lut.log_soft_score_temp,2.323575e-01,3.134270e-02,1.348900e-01
5200,layers.2.v_lut.log_select_temp,1.050329e+00,5.030751e-03,4.789693e-03
5200,layers.2.out_proj.weights,2.960005e+02,5.359240e+01,1.810551e-01
5200,layers.2.out_proj.log_soft_score_temp,3.036585e-01,4.392874e-02,1.446650e-01
5200,layers.2.out_proj.log_select_temp,4.337690e-01,7.035881e-03,1.622034e-02
5200,layers.2.residual_lut.weights,1.349886e+02,2.411158e+01,1.786195e-01
5200,layers.2.residual_lut.log_soft_score_temp,2.810636e-01,1.801005e-02,6.407820e-02
5200,layers.2.residual_lut.log_select_temp,9.199391e-01,1.954418e-02,2.124508e-02
5200,layers.2.q_norm.weight,9.222382e+00,2.740555e-02,2.971635e-03
5200,layers.2.q_norm.bias,8.731053e-01,1.442449e-02,1.652091e-02
5200,layers.2.k_norm.weight,9.165510e+00,2.515711e-02,2.744758e-03
5200,layers.2.k_norm.bias,1.235948e+00,1.991246e-02,1.611108e-02
5200,layers.3.qk_lut.weights,1.009926e+02,1.736260e+01,1.719195e-01
5200,layers.3.qk_lut.log_soft_score_temp,1.220539e-02,2.084673e-02,1.707994e+00
5200,layers.3.qk_lut.log_select_temp,9.556692e-01,1.487213e-02,1.556201e-02
5200,layers.3.v_lut.weights,1.394646e+02,2.471807e+01,1.772354e-01
5200,layers.3.v_lut.log_soft_score_temp,4.251176e-01,3.473413e-02,8.170476e-02
5200,layers.3.v_lut.log_select_temp,1.062104e+00,5.818248e-03,5.478038e-03
5200,layers.3.out_proj.weights,3.241037e+02,5.518378e+01,1.702658e-01
5200,layers.3.out_proj.log_soft_score_temp,1.317854e-01,3.923105e-02,2.976889e-01
5200,layers.3.out_proj.log_select_temp,1.069213e+00,2.104974e-02,1.968714e-02
5200,layers.3.residual_lut.weights,1.440177e+02,2.441082e+01,1.694987e-01
5200,layers.3.residual_lut.log_soft_score_temp,4.051779e-01,1.266226e-02,3.125112e-02
5200,layers.3.residual_lut.log_select_temp,9.650987e-01,2.563959e-02,2.656681e-02
5200,layers.3.q_norm.weight,9.945977e+00,6.267866e-02,6.301911e-03
5200,layers.3.q_norm.bias,7.200167e-01,3.561048e-02,4.945785e-02
5200,layers.3.k_norm.weight,9.864178e+00,6.151452e-02,6.236152e-03
5200,layers.3.k_norm.bias,1.165366e+00,3.196645e-02,2.743038e-02
5200,layers.4.qk_lut.weights,1.032588e+02,1.756285e+01,1.700857e-01
5200,layers.4.qk_lut.log_soft_score_temp,2.805368e-01,1.801491e-02,6.421584e-02
5200,layers.4.qk_lut.log_select_temp,8.866010e-01,8.197367e-03,9.245835e-03
5200,layers.4.v_lut.weights,1.431007e+02,2.508624e+01,1.753048e-01
5200,layers.4.v_lut.log_soft_score_temp,7.193943e-01,2.559847e-02,3.558336e-02
5200,layers.4.v_lut.log_select_temp,1.134345e+00,4.541039e-03,4.003227e-03
5200,layers.4.out_proj.weights,3.129838e+02,5.501294e+01,1.757693e-01
5200,layers.4.out_proj.log_soft_score_temp,4.540395e-02,2.895076e-02,6.376265e-01
5200,layers.4.out_proj.log_select_temp,7.674576e-01,1.790732e-02,2.333330e-02
5200,layers.4.residual_lut.weights,1.451275e+02,2.449732e+01,1.687986e-01
5200,layers.4.residual_lut.log_soft_score_temp,3.293800e-01,1.196140e-02,3.631490e-02
5200,layers.4.residual_lut.log_select_temp,9.590338e-01,2.884406e-02,3.007617e-02
5200,layers.4.q_norm.weight,9.003199e+00,3.234234e-02,3.592317e-03
5200,layers.4.q_norm.bias,3.948120e-01,1.328723e-02,3.365458e-02
5200,layers.4.k_norm.weight,8.965111e+00,3.165959e-02,3.531422e-03
5200,layers.4.k_norm.bias,6.797376e-01,2.041565e-02,3.003460e-02
5200,layers.5.qk_lut.weights,1.025543e+02,1.758493e+01,1.714695e-01
5200,layers.5.qk_lut.log_soft_score_temp,4.187710e-01,1.522183e-02,3.634883e-02
5200,layers.5.qk_lut.log_select_temp,8.154191e-01,7.040977e-03,8.634795e-03
5200,layers.5.v_lut.weights,1.441350e+02,2.486084e+01,1.724830e-01
5200,layers.5.v_lut.log_soft_score_temp,1.089739e+00,1.932383e-04,1.773252e-04
5200,layers.5.v_lut.log_select_temp,1.213957e+00,1.427031e-02,1.175520e-02
5200,layers.5.out_proj.weights,3.863146e+02,5.979203e+01,1.547755e-01
5200,layers.5.out_proj.log_soft_score_temp,2.363827e-01,2.391359e-02,1.011647e-01
5200,layers.5.out_proj.log_select_temp,9.048377e-01,1.411116e-02,1.559524e-02
5200,layers.5.residual_lut.weights,1.660657e+02,2.510765e+01,1.511910e-01
5200,layers.5.residual_lut.log_soft_score_temp,4.541143e-01,7.867038e-03,1.732392e-02
5200,layers.5.residual_lut.log_select_temp,9.043593e-01,2.305126e-02,2.548905e-02
5200,layers.5.q_norm.weight,8.468379e+00,3.103295e-02,3.664568e-03
5200,layers.5.q_norm.bias,2.896621e-01,1.395517e-02,4.817740e-02
5200,layers.5.k_norm.weight,8.458061e+00,3.136944e-02,3.708822e-03
5200,layers.5.k_norm.bias,3.930910e-01,2.058385e-02,5.236410e-02
5200,ln_final.weight,3.733657e+01,6.709022e-01,1.796903e-02
5200,ln_final.bias,1.609079e+00,6.113592e-02,3.799435e-02
5400,tok_emb_E.weight,2.143918e+02,9.797143e+00,4.569737e-02
5400,emb_resid_lut.weights,1.755725e+02,2.159591e+01,1.230029e-01
5400,emb_resid_lut.log_soft_score_temp,1.044588e+00,2.205360e-02,2.111224e-02
5400,emb_resid_lut.log_select_temp,1.354183e+00,8.177757e-04,6.038887e-04
5400,unembedder.weight,1.753411e+02,1.236132e+01,7.049871e-02
5400,layers.0.qk_lut.weights,1.049780e+02,1.572560e+01,1.497990e-01
5400,layers.0.qk_lut.log_soft_score_temp,8.251957e-01,2.561152e-03,3.103691e-03
5400,layers.0.qk_lut.log_select_temp,8.599896e-01,5.195737e-03,6.041627e-03
5400,layers.0.v_lut.weights,1.448481e+02,2.435709e+01,1.681562e-01
5400,layers.0.v_lut.log_soft_score_temp,5.398468e-01,1.671052e-02,3.095419e-02
5400,layers.0.v_lut.log_select_temp,9.912577e-01,4.653692e-03,4.694735e-03
5400,layers.0.out_proj.weights,2.915717e+02,5.106561e+01,1.751391e-01
5400,layers.0.out_proj.log_soft_score_temp,2.766912e-01,4.137243e-02,1.495257e-01
5400,layers.0.out_proj.log_select_temp,3.108923e-01,6.490648e-04,2.087748e-03
5400,layers.0.residual_lut.weights,1.265080e+02,2.311244e+01,1.826954e-01
5400,layers.0.residual_lut.log_soft_score_temp,4.599183e-02,2.113573e-02,4.595540e-01
5400,layers.0.residual_lut.log_select_temp,2.625923e-01,5.733371e-03,2.183373e-02
5400,layers.0.q_norm.weight,8.803132e+00,1.877950e-02,2.133275e-03
5400,layers.0.q_norm.bias,7.305764e-01,1.430244e-02,1.957692e-02
5400,layers.0.k_norm.weight,8.756687e+00,1.768976e-02,2.020143e-03
5400,layers.0.k_norm.bias,1.205569e+00,2.048062e-02,1.698834e-02
5400,layers.1.qk_lut.weights,1.047647e+02,1.695374e+01,1.618268e-01
5400,layers.1.qk_lut.log_soft_score_temp,3.370839e-01,8.354396e-03,2.478432e-02
5400,layers.1.qk_lut.log_select_temp,9.321467e-01,1.229018e-02,1.318481e-02
5400,layers.1.v_lut.weights,1.402344e+02,2.373643e+01,1.692625e-01
5400,layers.1.v_lut.log_soft_score_temp,2.278419e-01,2.116878e-02,9.290997e-02
5400,layers.1.v_lut.log_select_temp,1.137388e+00,1.497209e-02,1.316357e-02
5400,layers.1.out_proj.weights,2.961787e+02,5.250867e+01,1.772871e-01
5400,layers.1.out_proj.log_soft_score_temp,4.207603e-01,4.510504e-02,1.071989e-01
5400,layers.1.out_proj.log_select_temp,3.704342e-01,7.361591e-03,1.987287e-02
5400,layers.1.residual_lut.weights,1.319583e+02,2.359449e+01,1.788027e-01
5400,layers.1.residual_lut.log_soft_score_temp,1.773595e-01,1.437671e-02,8.105976e-02
5400,layers.1.residual_lut.log_select_temp,7.483446e-01,1.450717e-02,1.938569e-02
5400,layers.1.q_norm.weight,9.196829e+00,2.440287e-02,2.653400e-03
5400,layers.1.q_norm.bias,6.740413e-01,1.247184e-02,1.850308e-02
5400,layers.1.k_norm.weight,9.138851e+00,2.467503e-02,2.700015e-03
5400,layers.1.k_norm.bias,9.213590e-01,1.733399e-02,1.881351e-02
5400,layers.2.qk_lut.weights,1.051163e+02,1.713365e+01,1.629971e-01
5400,layers.2.qk_lut.log_soft_score_temp,2.631526e-01,9.245247e-03,3.513265e-02
5400,layers.2.qk_lut.log_select_temp,8.908914e-01,1.234549e-02,1.385746e-02
5400,layers.2.v_lut.weights,1.411224e+02,2.421102e+01,1.715605e-01
5400,layers.2.v_lut.log_soft_score_temp,2.061794e-01,2.617808e-02,1.269675e-01
5400,layers.2.v_lut.log_select_temp,1.062235e+00,1.190662e-02,1.120903e-02
5400,layers.2.out_proj.weights,3.012921e+02,5.270741e+01,1.749379e-01
5400,layers.2.out_proj.log_soft_score_temp,3.463170e-01,4.265857e-02,1.231778e-01
5400,layers.2.out_proj.log_select_temp,4.304746e-01,3.294379e-03,7.652899e-03
5400,layers.2.residual_lut.weights,1.376050e+02,2.371217e+01,1.723205e-01
5400,layers.2.residual_lut.log_soft_score_temp,2.633549e-01,1.770866e-02,6.724256e-02
5400,layers.2.residual_lut.log_select_temp,9.404814e-01,2.054232e-02,2.184235e-02
5400,layers.2.q_norm.weight,9.243030e+00,2.879990e-02,3.115851e-03
5400,layers.2.q_norm.bias,8.850104e-01,1.512163e-02,1.708639e-02
5400,layers.2.k_norm.weight,9.185236e+00,2.736699e-02,2.979455e-03
5400,layers.2.k_norm.bias,1.252530e+00,2.126812e-02,1.698012e-02
5400,layers.3.qk_lut.weights,1.029406e+02,1.713019e+01,1.664086e-01
5400,layers.3.qk_lut.log_soft_score_temp,4.428947e-03,1.663433e-02,3.755821e+00
5400,layers.3.qk_lut.log_select_temp,9.715726e-01,1.590335e-02,1.636867e-02
5400,layers.3.v_lut.weights,1.421308e+02,2.428436e+01,1.708593e-01
5400,layers.3.v_lut.log_soft_score_temp,3.919234e-01,3.319418e-02,8.469559e-02
5400,layers.3.v_lut.log_select_temp,1.068512e+00,6.407380e-03,5.996547e-03
5400,layers.3.out_proj.weights,3.312025e+02,5.430672e+01,1.639683e-01
5400,layers.3.out_proj.log_soft_score_temp,1.710728e-01,3.928737e-02,2.296530e-01
5400,layers.3.out_proj.log_select_temp,1.087787e+00,1.857400e-02,1.707504e-02
5400,layers.3.residual_lut.weights,1.471494e+02,2.399821e+01,1.630873e-01
5400,layers.3.residual_lut.log_soft_score_temp,3.911453e-01,1.403260e-02,3.587568e-02
5400,layers.3.residual_lut.log_select_temp,9.864788e-01,2.138013e-02,2.167317e-02
5400,layers.3.q_norm.weight,9.987892e+00,5.612627e-02,5.619431e-03
5400,layers.3.q_norm.bias,7.451511e-01,3.733535e-02,5.010440e-02
5400,layers.3.k_norm.weight,9.903588e+00,5.662329e-02,5.717452e-03
5400,layers.3.k_norm.bias,1.187473e+00,3.017245e-02,2.540895e-02
5400,layers.4.qk_lut.weights,1.052683e+02,1.734581e+01,1.647772e-01
5400,layers.4.qk_lut.log_soft_score_temp,2.671909e-01,1.334596e-02,4.994915e-02
5400,layers.4.qk_lut.log_select_temp,8.981373e-01,1.153630e-02,1.284470e-02
5400,layers.4.v_lut.weights,1.458607e+02,2.465072e+01,1.690017e-01
5400,layers.4.v_lut.log_soft_score_temp,6.940295e-01,2.536476e-02,3.654709e-02
5400,layers.4.v_lut.log_select_temp,1.137892e+00,3.546715e-03,3.116918e-03
5400,layers.4.out_proj.weights,3.189944e+02,5.404110e+01,1.694108e-01
5400,layers.4.out_proj.log_soft_score_temp,7.398028e-02,2.857633e-02,3.862696e-01
5400,layers.4.out_proj.log_select_temp,7.844782e-01,1.702064e-02,2.169677e-02
5400,layers.4.residual_lut.weights,1.483525e+02,2.409701e+01,1.624308e-01
5400,layers.4.residual_lut.log_soft_score_temp,3.159974e-01,1.338264e-02,4.235049e-02
5400,layers.4.residual_lut.log_select_temp,9.829267e-01,2.389288e-02,2.430790e-02
5400,layers.4.q_norm.weight,9.028091e+00,3.159881e-02,3.500054e-03
5400,layers.4.q_norm.bias,4.030260e-01,1.403967e-02,3.483565e-02
5400,layers.4.k_norm.weight,8.988859e+00,3.037890e-02,3.379617e-03
5400,layers.4.k_norm.bias,6.892096e-01,1.632172e-02,2.368179e-02
5400,layers.5.qk_lut.weights,1.045275e+02,1.726180e+01,1.651411e-01
5400,layers.5.qk_lut.log_soft_score_temp,4.022574e-01,1.651362e-02,4.105237e-02
5400,layers.5.qk_lut.log_select_temp,8.185260e-01,3.106833e-03,3.795643e-03
5400,layers.5.v_lut.weights,1.468864e+02,2.425103e+01,1.651006e-01
5400,layers.5.v_lut.log_soft_score_temp,1.090463e+00,7.240772e-04,6.640088e-04
5400,layers.5.v_lut.log_select_temp,1.226661e+00,1.270401e-02,1.035658e-02
5400,layers.5.out_proj.weights,3.927311e+02,5.876360e+01,1.496281e-01
5400,layers.5.out_proj.log_soft_score_temp,2.108632e-01,2.551952e-02,1.210241e-01
5400,layers.5.out_proj.log_select_temp,9.203490e-01,1.551133e-02,1.685375e-02
5400,layers.5.residual_lut.weights,1.695380e+02,2.467705e+01,1.455547e-01
5400,layers.5.residual_lut.log_soft_score_temp,4.439148e-01,1.019946e-02,2.297616e-02
5400,layers.5.residual_lut.log_select_temp,9.256307e-01,2.127141e-02,2.298045e-02
5400,layers.5.q_norm.weight,8.485301e+00,2.874504e-02,3.387628e-03
5400,layers.5.q_norm.bias,2.962542e-01,1.319867e-02,4.455183e-02
5400,layers.5.k_norm.weight,8.474690e+00,2.919585e-02,3.445064e-03
5400,layers.5.k_norm.bias,4.037309e-01,1.798503e-02,4.454707e-02
5400,ln_final.weight,3.800011e+01,6.647851e-01,1.749430e-02
5400,ln_final.bias,1.630800e+00,6.117593e-02,3.751283e-02
5600,tok_emb_E.weight,2.147261e+02,9.620463e+00,4.480343e-02
5600,emb_resid_lut.weights,1.780580e+02,2.127039e+01,1.194577e-01
5600,emb_resid_lut.log_soft_score_temp,1.019454e+00,2.513456e-02,2.465494e-02
5600,emb_resid_lut.log_select_temp,1.348197e+00,5.985737e-03,4.439808e-03
5600,unembedder.weight,1.755114e+02,1.207388e+01,6.879260e-02
5600,layers.0.qk_lut.weights,1.068757e+02,1.551324e+01,1.451522e-01
5600,layers.0.qk_lut.log_soft_score_temp,8.239689e-01,1.226783e-03,1.488870e-03
5600,layers.0.qk_lut.log_select_temp,8.619381e-01,1.948416e-03,2.260506e-03
5600,layers.0.v_lut.weights,1.474333e+02,2.393003e+01,1.623108e-01
5600,layers.0.v_lut.log_soft_score_temp,5.218833e-01,1.796347e-02,3.442047e-02
5600,layers.0.v_lut.log_select_temp,9.976918e-01,6.434083e-03,6.448969e-03
5600,layers.0.out_proj.weights,2.965005e+02,5.024237e+01,1.694512e-01
5600,layers.0.out_proj.log_soft_score_temp,3.148269e-01,3.813574e-02,1.211324e-01
5600,layers.0.out_proj.log_select_temp,3.113739e-01,4.816353e-04,1.546807e-03
5600,layers.0.residual_lut.weights,1.285991e+02,2.280686e+01,1.773486e-01
5600,layers.0.residual_lut.log_soft_score_temp,6.767567e-02,2.168384e-02,3.204082e-01
5600,layers.0.residual_lut.log_select_temp,2.573386e-01,5.253702e-03,2.041552e-02
5600,layers.0.q_norm.weight,8.812389e+00,2.190422e-02,2.485617e-03
5600,layers.0.q_norm.bias,7.440681e-01,1.668738e-02,2.242722e-02
5600,layers.0.k_norm.weight,8.764125e+00,2.180155e-02,2.487590e-03
5600,layers.0.k_norm.bias,1.232023e+00,3.017894e-02,2.449544e-02
5600,layers.1.qk_lut.weights,1.066774e+02,1.671644e+01,1.567008e-01
5600,layers.1.qk_lut.log_soft_score_temp,3.262829e-01,1.080099e-02,3.310313e-02
5600,layers.1.qk_lut.log_select_temp,9.417620e-01,9.615302e-03,1.020991e-02
5600,layers.1.v_lut.weights,1.427226e+02,2.341673e+01,1.640716e-01
5600,layers.1.v_lut.log_soft_score_temp,2.080273e-01,1.981463e-02,9.525013e-02
5600,layers.1.v_lut.log_select_temp,1.152614e+00,1.522565e-02,1.320967e-02
5600,layers.1.out_proj.weights,3.008639e+02,5.166485e+01,1.717217e-01
5600,layers.1.out_proj.log_soft_score_temp,4.634421e-01,4.268172e-02,9.209722e-02
5600,layers.1.out_proj.log_select_temp,3.655035e-01,4.930675e-03,1.349009e-02
5600,layers.1.residual_lut.weights,1.343056e+02,2.328042e+01,1.733391e-01
5600,layers.1.residual_lut.log_soft_score_temp,1.618884e-01,1.547107e-02,9.556628e-02
5600,layers.1.residual_lut.log_select_temp,7.644284e-01,1.608378e-02,2.104027e-02
5600,layers.1.q_norm.weight,9.213682e+00,2.427124e-02,2.634261e-03
5600,layers.1.q_norm.bias,6.843641e-01,1.268348e-02,1.853323e-02
5600,layers.1.k_norm.weight,9.155025e+00,2.456710e-02,2.683455e-03
5600,layers.1.k_norm.bias,9.338739e-01,1.826217e-02,1.955529e-02
5600,layers.2.qk_lut.weights,1.070299e+02,1.691666e+01,1.580555e-01
5600,layers.2.qk_lut.log_soft_score_temp,2.505060e-01,1.264659e-02,5.048417e-02
5600,layers.2.qk_lut.log_select_temp,8.984037e-01,7.512271e-03,8.361799e-03
5600,layers.2.v_lut.weights,1.436135e+02,2.381997e+01,1.658617e-01
5600,layers.2.v_lut.log_soft_score_temp,1.799398e-01,2.623959e-02,1.458243e-01
5600,layers.2.v_lut.log_select_temp,1.071524e+00,9.289026e-03,8.668984e-03
5600,layers.2.out_proj.weights,3.063076e+02,5.184512e+01,1.692583e-01
5600,layers.2.out_proj.log_soft_score_temp,3.890081e-01,4.269111e-02,1.097435e-01
5600,layers.2.out_proj.log_select_temp,4.263507e-01,4.123896e-03,9.672545e-03
5600,layers.2.residual_lut.weights,1.400904e+02,2.339551e+01,1.670029e-01
5600,layers.2.residual_lut.log_soft_score_temp,2.421352e-01,2.121978e-02,8.763608e-02
5600,layers.2.residual_lut.log_select_temp,9.602255e-01,1.974404e-02,2.056188e-02
5600,layers.2.q_norm.weight,9.262680e+00,2.972572e-02,3.209192e-03
5600,layers.2.q_norm.bias,8.956909e-01,1.416503e-02,1.581464e-02
5600,layers.2.k_norm.weight,9.203937e+00,2.834656e-02,3.079830e-03
5600,layers.2.k_norm.bias,1.269993e+00,2.326293e-02,1.831736e-02
5600,layers.3.qk_lut.weights,1.047848e+02,1.683576e+01,1.606699e-01
5600,layers.3.qk_lut.log_soft_score_temp,2.100767e-02,1.657873e-02,7.891748e-01
5600,layers.3.qk_lut.log_select_temp,9.867589e-01,1.518637e-02,1.539015e-02
5600,layers.3.v_lut.weights,1.446785e+02,2.388327e+01,1.650782e-01
5600,layers.3.v_lut.log_soft_score_temp,3.614098e-01,3.051355e-02,8.442923e-02
5600,layers.3.v_lut.log_select_temp,1.077769e+00,9.257436e-03,8.589443e-03
5600,layers.3.out_proj.weights,3.380475e+02,5.349021e+01,1.582328e-01
5600,layers.3.out_proj.log_soft_score_temp,2.092664e-01,3.819360e-02,1.825119e-01
5600,layers.3.out_proj.log_select_temp,1.104557e+00,1.677001e-02,1.518257e-02
5600,layers.3.residual_lut.weights,1.501428e+02,2.367610e+01,1.576906e-01
5600,layers.3.residual_lut.log_soft_score_temp,3.734627e-01,1.768261e-02,4.734774e-02
5600,layers.3.residual_lut.log_select_temp,1.011721e+00,2.524245e-02,2.495000e-02
5600,layers.3.q_norm.weight,1.002719e+01,5.415394e-02,5.400710e-03
5600,layers.3.q_norm.bias,7.697067e-01,3.564187e-02,4.630578e-02
5600,layers.3.k_norm.weight,9.941613e+00,5.620020e-02,5.653026e-03
5600,layers.3.k_norm.bias,1.210493e+00,3.172030e-02,2.620444e-02
5600,layers.4.qk_lut.weights,1.071637e+02,1.706632e+01,1.592548e-01
5600,layers.4.qk_lut.log_soft_score_temp,2.518340e-01,1.535684e-02,6.098000e-02
5600,layers.4.qk_lut.log_select_temp,9.063386e-01,8.201241e-03,9.048761e-03
5600,layers.4.v_lut.weights,1.484704e+02,2.425053e+01,1.633358e-01
5600,layers.4.v_lut.log_soft_score_temp,6.655182e-01,2.851135e-02,4.284082e-02
5600,layers.4.v_lut.log_select_temp,1.137855e+00,3.683567e-05,3.237291e-05
5600,layers.4.out_proj.weights,3.246860e+02,5.325140e+01,1.640089e-01
5600,layers.4.out_proj.log_soft_score_temp,1.044563e-01,3.047603e-02,2.917586e-01
5600,layers.4.out_proj.log_select_temp,7.988528e-01,1.437455e-02,1.799400e-02
5600,layers.4.residual_lut.weights,1.514547e+02,2.378417e+01,1.570382e-01
5600,layers.4.residual_lut.log_soft_score_temp,2.968880e-01,1.910940e-02,6.436569e-02
5600,layers.4.residual_lut.log_select_temp,1.010502e+00,2.757519e-02,2.728861e-02
5600,layers.4.q_norm.weight,9.047858e+00,2.647398e-02,2.925995e-03
5600,layers.4.q_norm.bias,4.090084e-01,1.159434e-02,2.834744e-02
5600,layers.4.k_norm.weight,9.007938e+00,2.533895e-02,2.812958e-03
5600,layers.4.k_norm.bias,7.013958e-01,2.397498e-02,3.418182e-02
5600,layers.5.qk_lut.weights,1.064092e+02,1.708262e+01,1.605370e-01
5600,layers.5.qk_lut.log_soft_score_temp,3.865039e-01,1.575345e-02,4.075883e-02
5600,layers.5.qk_lut.log_select_temp,8.217157e-01,3.189683e-03,3.881736e-03
5600,layers.5.v_lut.weights,1.494840e+02,2.407213e+01,1.610348e-01
5600,layers.5.v_lut.log_soft_score_temp,1.087241e+00,3.221989e-03,2.963453e-03
5600,layers.5.v_lut.log_select_temp,1.237792e+00,1.113117e-02,8.992762e-03
5600,layers.5.out_proj.weights,3.988486e+02,5.734605e+01,1.437790e-01
5600,layers.5.out_proj.log_soft_score_temp,1.868847e-01,2.397846e-02,1.283061e-01
5600,layers.5.out_proj.log_select_temp,9.376215e-01,1.727253e-02,1.842165e-02
5600,layers.5.residual_lut.weights,1.729015e+02,2.432835e+01,1.407064e-01
5600,layers.5.residual_lut.log_soft_score_temp,4.311033e-01,1.281157e-02,2.971810e-02
5600,layers.5.residual_lut.log_select_temp,9.503468e-01,2.471608e-02,2.600743e-02
5600,layers.5.q_norm.weight,8.503822e+00,2.839039e-02,3.338544e-03
5600,layers.5.q_norm.bias,3.089143e-01,1.749556e-02,5.663564e-02
5600,layers.5.k_norm.weight,8.492770e+00,3.206120e-02,3.775116e-03
5600,layers.5.k_norm.bias,4.135038e-01,2.116734e-02,5.119021e-02
5600,ln_final.weight,3.864795e+01,6.490518e-01,1.679395e-02
5600,ln_final.bias,1.657260e+00,6.297812e-02,3.800135e-02
5800,tok_emb_E.weight,2.150442e+02,9.465465e+00,4.401637e-02
5800,emb_resid_lut.weights,1.803964e+02,2.095065e+01,1.161367e-01
5800,emb_resid_lut.log_soft_score_temp,9.966115e-01,2.284211e-02,2.291977e-02
5800,emb_resid_lut.log_select_temp,1.343473e+00,4.724503e-03,3.516635e-03
5800,unembedder.weight,1.755932e+02,1.186525e+01,6.757236e-02
5800,layers.0.qk_lut.weights,1.086923e+02,1.522960e+01,1.401167e-01
5800,layers.0.qk_lut.log_soft_score_temp,8.242972e-01,3.283024e-04,3.982816e-04
5800,layers.0.qk_lut.log_select_temp,8.660014e-01,4.063368e-03,4.692103e-03
5800,layers.0.v_lut.weights,1.498889e+02,2.356468e+01,1.572143e-01
5800,layers.0.v_lut.log_soft_score_temp,5.085070e-01,1.337630e-02,2.630504e-02
5800,layers.0.v_lut.log_select_temp,1.006568e+00,8.875847e-03,8.817934e-03
5800,layers.0.out_proj.weights,3.011735e+02,4.934907e+01,1.638559e-01
5800,layers.0.out_proj.log_soft_score_temp,3.509180e-01,3.609103e-02,1.028475e-01
5800,layers.0.out_proj.log_select_temp,3.160165e-01,4.642606e-03,1.469102e-02
5800,layers.0.residual_lut.weights,1.305288e+02,2.243046e+01,1.718431e-01
5800,layers.0.residual_lut.log_soft_score_temp,9.050176e-02,2.282609e-02,2.522171e-01
5800,layers.0.residual_lut.log_select_temp,2.497990e-01,7.539570e-03,3.018254e-02
5800,layers.0.q_norm.weight,8.820308e+00,1.595872e-02,1.809315e-03
5800,layers.0.q_norm.bias,7.545863e-01,1.449564e-02,1.921004e-02
5800,layers.0.k_norm.weight,8.771549e+00,1.710383e-02,1.949922e-03
5800,layers.0.k_norm.bias,1.252023e+00,2.604271e-02,2.080051e-02
5800,layers.1.qk_lut.weights,1.084807e+02,1.632635e+01,1.505000e-01
5800,layers.1.qk_lut.log_soft_score_temp,3.180224e-01,8.260578e-03,2.597483e-02
5800,layers.1.qk_lut.log_select_temp,9.508254e-01,9.063423e-03,9.532163e-03
5800,layers.1.v_lut.weights,1.450425e+02,2.298795e+01,1.584911e-01
5800,layers.1.v_lut.log_soft_score_temp,1.821909e-01,2.583641e-02,1.418096e-01
5800,layers.1.v_lut.log_select_temp,1.162425e+00,9.810925e-03,8.440050e-03
5800,layers.1.out_proj.weights,3.052346e+02,5.071098e+01,1.661377e-01
5800,layers.1.out_proj.log_soft_score_temp,5.070227e-01,4.358062e-02,8.595399e-02
5800,layers.1.out_proj.log_select_temp,3.564806e-01,9.022981e-03,2.531128e-02
5800,layers.1.residual_lut.weights,1.365147e+02,2.287164e+01,1.675398e-01
5800,layers.1.residual_lut.log_soft_score_temp,1.465678e-01,1.532063e-02,1.045293e-01
5800,layers.1.residual_lut.log_select_temp,7.794727e-01,1.504433e-02,1.930065e-02
5800,layers.1.q_norm.weight,9.230591e+00,2.485902e-02,2.693113e-03
5800,layers.1.q_norm.bias,6.935487e-01,1.269092e-02,1.829852e-02
5800,layers.1.k_norm.weight,9.170954e+00,2.530921e-02,2.759715e-03
5800,layers.1.k_norm.bias,9.452416e-01,1.740446e-02,1.841271e-02
5800,layers.2.qk_lut.weights,1.088526e+02,1.656158e+01,1.521469e-01
5800,layers.2.qk_lut.log_soft_score_temp,2.424337e-01,8.072242e-03,3.329669e-02
5800,layers.2.qk_lut.log_select_temp,9.093387e-01,1.093501e-02,1.202523e-02
5800,layers.2.v_lut.weights,1.459491e+02,2.340248e+01,1.603468e-01
5800,layers.2.v_lut.log_soft_score_temp,1.542214e-01,2.571835e-02,1.667625e-01
5800,layers.2.v_lut.log_select_temp,1.085515e+00,1.399040e-02,1.288827e-02
5800,layers.2.out_proj.weights,3.110345e+02,5.089463e+01,1.636302e-01
5800,layers.2.out_proj.log_soft_score_temp,4.310075e-01,4.199940e-02,9.744470e-02
5800,layers.2.out_proj.log_select_temp,4.240318e-01,2.318919e-03,5.468738e-03
5800,layers.2.residual_lut.weights,1.424175e+02,2.300768e+01,1.615510e-01
5800,layers.2.residual_lut.log_soft_score_temp,2.226520e-01,1.948316e-02,8.750501e-02
5800,layers.2.residual_lut.log_select_temp,9.792338e-01,1.900834e-02,1.941144e-02
5800,layers.2.q_norm.weight,9.280751e+00,2.382123e-02,2.566736e-03
5800,layers.2.q_norm.bias,9.072062e-01,1.479986e-02,1.631367e-02
5800,layers.2.k_norm.weight,9.221407e+00,2.257018e-02,2.447585e-03
5800,layers.2.k_norm.bias,1.282115e+00,1.954850e-02,1.524707e-02
5800,layers.3.qk_lut.weights,1.065418e+02,1.658134e+01,1.556323e-01
5800,layers.3.qk_lut.log_soft_score_temp,3.651566e-02,1.550799e-02,4.246941e-01
5800,layers.3.qk_lut.log_select_temp,9.996024e-01,1.284349e-02,1.284860e-02
5800,layers.3.v_lut.weights,1.470970e+02,2.347924e+01,1.596174e-01
5800,layers.3.v_lut.log_soft_score_temp,3.303787e-01,3.103119e-02,9.392614e-02
5800,layers.3.v_lut.log_select_temp,1.087896e+00,1.012731e-02,9.309073e-03
5800,layers.3.out_proj.weights,3.445894e+02,5.241257e+01,1.521015e-01
5800,layers.3.out_proj.log_soft_score_temp,2.473926e-01,3.812622e-02,1.541122e-01
5800,layers.3.out_proj.log_select_temp,1.119219e+00,1.466203e-02,1.310023e-02
5800,layers.3.residual_lut.weights,1.529879e+02,2.328510e+01,1.522023e-01
5800,layers.3.residual_lut.log_soft_score_temp,3.568232e-01,1.663944e-02,4.663217e-02
5800,layers.3.residual_lut.log_select_temp,1.034582e+00,2.286029e-02,2.209617e-02
5800,layers.3.q_norm.weight,1.006632e+01,5.006749e-02,4.973764e-03
5800,layers.3.q_norm.bias,7.959718e-01,3.514353e-02,4.415173e-02
5800,layers.3.k_norm.weight,9.978421e+00,5.130805e-02,5.141901e-03
5800,layers.3.k_norm.bias,1.235729e+00,3.246014e-02,2.626801e-02
5800,layers.4.qk_lut.weights,1.089769e+02,1.673738e+01,1.535866e-01
5800,layers.4.qk_lut.log_soft_score_temp,2.381351e-01,1.369898e-02,5.752610e-02
5800,layers.4.qk_lut.log_select_temp,9.163781e-01,1.003957e-02,1.095570e-02
5800,layers.4.v_lut.weights,1.509525e+02,2.384866e+01,1.579878e-01
5800,layers.4.v_lut.log_soft_score_temp,6.409019e-01,2.461624e-02,3.840875e-02
5800,layers.4.v_lut.log_select_temp,1.139824e+00,1.969337e-03,1.727756e-03
5800,layers.4.out_proj.weights,3.301439e+02,5.211482e+01,1.578549e-01
5800,layers.4.out_proj.log_soft_score_temp,1.315541e-01,2.709779e-02,2.059821e-01
5800,layers.4.out_proj.log_select_temp,8.166574e-01,1.780456e-02,2.180175e-02
5800,layers.4.residual_lut.weights,1.544382e+02,2.335893e+01,1.512510e-01
5800,layers.4.residual_lut.log_soft_score_temp,2.813208e-01,1.556721e-02,5.533617e-02
5800,layers.4.residual_lut.log_select_temp,1.037642e+00,2.713978e-02,2.615526e-02
5800,layers.4.q_norm.weight,9.071712e+00,2.960986e-02,3.263977e-03
5800,layers.4.q_norm.bias,4.175260e-01,1.313810e-02,3.146655e-02
5800,layers.4.k_norm.weight,9.030602e+00,2.867981e-02,3.175846e-03
5800,layers.4.k_norm.bias,7.135605e-01,1.901705e-02,2.665093e-02
5800,layers.5.qk_lut.weights,1.082182e+02,1.669668e+01,1.542871e-01
5800,layers.5.qk_lut.log_soft_score_temp,3.767934e-01,9.710521e-03,2.577147e-02
5800,layers.5.qk_lut.log_select_temp,8.314815e-01,9.765804e-03,1.174507e-02
5800,layers.5.v_lut.weights,1.519908e+02,2.351645e+01,1.547228e-01
5800,layers.5.v_lut.log_soft_score_temp,1.082475e+00,4.766107e-03,4.402971e-03
5800,layers.5.v_lut.log_select_temp,1.247972e+00,1.018012e-02,8.157327e-03
5800,layers.5.out_proj.weights,4.046442e+02,5.670524e+01,1.401360e-01
5800,layers.5.out_proj.log_soft_score_temp,1.643547e-01,2.253005e-02,1.370819e-01
5800,layers.5.out_proj.log_select_temp,9.538757e-01,1.625413e-02,1.704009e-02
5800,layers.5.residual_lut.weights,1.761124e+02,2.391763e+01,1.358089e-01
5800,layers.5.residual_lut.log_soft_score_temp,4.183101e-01,1.279312e-02,3.058287e-02
5800,layers.5.residual_lut.log_select_temp,9.724299e-01,2.208310e-02,2.270920e-02
5800,layers.5.q_norm.weight,8.526629e+00,2.942812e-02,3.451320e-03
5800,layers.5.q_norm.bias,3.165690e-01,1.560950e-02,4.930838e-02
5800,layers.5.k_norm.weight,8.514974e+00,3.033153e-02,3.562140e-03
5800,layers.5.k_norm.bias,4.197330e-01,1.936664e-02,4.614039e-02
5800,ln_final.weight,3.927489e+01,6.281670e-01,1.599411e-02
5800,ln_final.bias,1.680500e+00,5.936965e-02,3.532856e-02
6000,tok_emb_E.weight,2.153533e+02,9.322196e+00,4.328793e-02
6000,emb_resid_lut.weights,1.826265e+02,2.055120e+01,1.125313e-01
6000,emb_resid_lut.log_soft_score_temp,9.744214e-01,2.219009e-02,2.277258e-02
6000,emb_resid_lut.log_select_temp,1.339593e+00,3.879309e-03,2.895885e-03
6000,unembedder.weight,1.756271e+02,1.154167e+01,6.571690e-02
6000,layers.0.qk_lut.weights,1.104133e+02,1.500424e+01,1.358916e-01
6000,layers.0.qk_lut.log_soft_score_temp,8.241687e-01,1.284480e-04,1.558516e-04
6000,layers.0.qk_lut.log_select_temp,8.686297e-01,2.628267e-03,3.025762e-03
6000,layers.0.v_lut.weights,1.522181e+02,2.315956e+01,1.521472e-01
6000,layers.0.v_lut.log_soft_score_temp,4.945220e-01,1.398498e-02,2.827979e-02
6000,layers.0.v_lut.log_select_temp,1.014123e+00,7.555366e-03,7.450147e-03
6000,layers.0.out_proj.weights,3.055641e+02,4.846182e+01,1.585979e-01
6000,layers.0.out_proj.log_soft_score_temp,3.848457e-01,3.392774e-02,8.815933e-02
6000,layers.0.out_proj.log_select_temp,3.204386e-01,4.422098e-03,1.380014e-02
6000,layers.0.residual_lut.weights,1.323263e+02,2.198726e+01,1.661595e-01
6000,layers.0.residual_lut.log_soft_score_temp,1.140330e-01,2.353122e-02,2.063545e-01
6000,layers.0.residual_lut.log_select_temp,2.411299e-01,8.669183e-03,3.595234e-02
6000,layers.0.q_norm.weight,8.828590e+00,1.627914e-02,1.843912e-03
6000,layers.0.q_norm.bias,7.641718e-01,1.556176e-02,2.036421e-02
6000,layers.0.k_norm.weight,8.778454e+00,1.614246e-02,1.838873e-03
6000,layers.0.k_norm.bias,1.272648e+00,2.834759e-02,2.227450e-02
6000,layers.1.qk_lut.weights,1.101922e+02,1.604043e+01,1.455677e-01
6000,layers.1.qk_lut.log_soft_score_temp,3.109239e-01,7.098466e-03,2.283024e-02
6000,layers.1.qk_lut.log_select_temp,9.593849e-01,8.559465e-03,8.921827e-03
6000,layers.1.v_lut.weights,1.472513e+02,2.244943e+01,1.524566e-01
6000,layers.1.v_lut.log_soft_score_temp,1.640061e-01,1.818472e-02,1.108783e-01
6000,layers.1.v_lut.log_select_temp,1.176171e+00,1.374567e-02,1.168680e-02
6000,layers.1.out_proj.weights,3.093615e+02,4.977005e+01,1.608799e-01
6000,layers.1.out_proj.log_soft_score_temp,5.478382e-01,4.081553e-02,7.450289e-02
6000,layers.1.out_proj.log_select_temp,3.540447e-01,2.435833e-03,6.880015e-03
6000,layers.1.residual_lut.weights,1.386286e+02,2.245293e+01,1.619647e-01
6000,layers.1.residual_lut.log_soft_score_temp,1.348648e-01,1.170294e-02,8.677533e-02
6000,layers.1.residual_lut.log_select_temp,7.974198e-01,1.794708e-02,2.250644e-02
6000,layers.1.q_norm.weight,9.242708e+00,1.966052e-02,2.127138e-03
6000,layers.1.q_norm.bias,7.009314e-01,1.144070e-02,1.632213e-02
6000,layers.1.k_norm.weight,9.183430e+00,1.945275e-02,2.118245e-03
6000,layers.1.k_norm.bias,9.550477e-01,1.645363e-02,1.722807e-02
6000,layers.2.qk_lut.weights,1.105819e+02,1.623663e+01,1.468290e-01
6000,layers.2.qk_lut.log_soft_score_temp,2.341441e-01,8.289665e-03,3.540412e-02
6000,layers.2.qk_lut.log_select_temp,9.184602e-01,9.121478e-03,9.931272e-03
6000,layers.2.v_lut.weights,1.481790e+02,2.288189e+01,1.544206e-01
6000,layers.2.v_lut.log_soft_score_temp,1.304858e-01,2.373563e-02,1.819020e-01
6000,layers.2.v_lut.log_select_temp,1.098868e+00,1.335323e-02,1.215181e-02
6000,layers.2.out_proj.weights,3.155207e+02,4.993995e+01,1.582779e-01
6000,layers.2.out_proj.log_soft_score_temp,4.703079e-01,3.930035e-02,8.356303e-02
6000,layers.2.out_proj.log_select_temp,4.252331e-01,1.201332e-03,2.825113e-03
6000,layers.2.residual_lut.weights,1.446357e+02,2.260946e+01,1.563200e-01
6000,layers.2.residual_lut.log_soft_score_temp,2.074662e-01,1.518582e-02,7.319660e-02
6000,layers.2.residual_lut.log_select_temp,9.995325e-01,2.029872e-02,2.030821e-02
6000,layers.2.q_norm.weight,9.302434e+00,2.971270e-02,3.194079e-03
6000,layers.2.q_norm.bias,9.192863e-01,1.542180e-02,1.677584e-02
6000,layers.2.k_norm.weight,9.242634e+00,2.792985e-02,3.021850e-03
6000,layers.2.k_norm.bias,1.295880e+00,1.885778e-02,1.455211e-02
6000,layers.3.qk_lut.weights,1.081994e+02,1.624271e+01,1.501184e-01
6000,layers.3.qk_lut.log_soft_score_temp,4.871596e-02,1.220030e-02,2.504375e-01
6000,layers.3.qk_lut.log_select_temp,1.013801e+00,1.419866e-02,1.400537e-02
6000,layers.3.v_lut.weights,1.493814e+02,2.302276e+01,1.541207e-01
6000,layers.3.v_lut.log_soft_score_temp,3.030350e-01,2.734366e-02,9.023268e-02
6000,layers.3.v_lut.log_select_temp,1.098354e+00,1.045752e-02,9.521081e-03
6000,layers.3.out_proj.weights,3.508336e+02,5.143515e+01,1.466084e-01
6000,layers.3.out_proj.log_soft_score_temp,2.853130e-01,3.792046e-02,1.329083e-01
6000,layers.3.out_proj.log_select_temp,1.132472e+00,1.325309e-02,1.170280e-02
6000,layers.3.residual_lut.weights,1.556712e+02,2.282439e+01,1.466192e-01
6000,layers.3.residual_lut.log_soft_score_temp,3.408557e-01,1.596752e-02,4.684539e-02
6000,layers.3.residual_lut.log_select_temp,1.055800e+00,2.121830e-02,2.009690e-02
6000,layers.3.q_norm.weight,1.009762e+01,4.629084e-02,4.584330e-03
6000,layers.3.q_norm.bias,8.184891e-01,3.243900e-02,3.963278e-02
6000,layers.3.k_norm.weight,1.000930e+01,4.705877e-02,4.701507e-03
6000,layers.3.k_norm.bias,1.249500e+00,2.422528e-02,1.938797e-02
6000,layers.4.qk_lut.weights,1.106993e+02,1.646771e+01,1.487608e-01
6000,layers.4.qk_lut.log_soft_score_temp,2.221268e-01,1.600830e-02,7.206832e-02
6000,layers.4.qk_lut.log_select_temp,9.236692e-01,7.291019e-03,7.893539e-03
6000,layers.4.v_lut.weights,1.533259e+02,2.332906e+01,1.521534e-01
6000,layers.4.v_lut.log_soft_score_temp,6.159081e-01,2.499378e-02,4.058036e-02
6000,layers.4.v_lut.log_select_temp,1.143701e+00,3.876567e-03,3.389494e-03
6000,layers.4.out_proj.weights,3.353658e+02,5.120973e+01,1.526981e-01
6000,layers.4.out_proj.log_soft_score_temp,1.535148e-01,2.196069e-02,1.430526e-01
6000,layers.4.out_proj.log_select_temp,8.359563e-01,1.929891e-02,2.308603e-02
6000,layers.4.residual_lut.weights,1.572642e+02,2.293186e+01,1.458174e-01
6000,layers.4.residual_lut.log_soft_score_temp,2.636668e-01,1.765397e-02,6.695562e-02
6000,layers.4.residual_lut.log_select_temp,1.062057e+00,2.441573e-02,2.298909e-02
6000,layers.4.q_norm.weight,9.088475e+00,2.368631e-02,2.606191e-03
6000,layers.4.q_norm.bias,4.238934e-01,1.198767e-02,2.827992e-02
6000,layers.4.k_norm.weight,9.046805e+00,2.359238e-02,2.607813e-03
6000,layers.4.k_norm.bias,7.204590e-01,1.481209e-02,2.055924e-02
6000,layers.5.qk_lut.weights,1.099041e+02,1.646723e+01,1.498327e-01
6000,layers.5.qk_lut.log_soft_score_temp,3.636459e-01,1.314744e-02,3.615452e-02
6000,layers.5.qk_lut.log_select_temp,8.377927e-01,6.311238e-03,7.533174e-03
6000,layers.5.v_lut.weights,1.543635e+02,2.306323e+01,1.494086e-01
6000,layers.5.v_lut.log_soft_score_temp,1.079412e+00,3.062963e-03,2.837622e-03
6000,layers.5.v_lut.log_select_temp,1.257924e+00,9.951949e-03,7.911408e-03
6000,layers.5.out_proj.weights,4.101349e+02,5.489692e+01,1.338509e-01
6000,layers.5.out_proj.log_soft_score_temp,1.410945e-01,2.326016e-02,1.648552e-01
6000,layers.5.out_proj.log_select_temp,9.691558e-01,1.528019e-02,1.576649e-02
6000,layers.5.residual_lut.weights,1.791343e+02,2.343726e+01,1.308363e-01
6000,layers.5.residual_lut.log_soft_score_temp,4.064363e-01,1.187387e-02,2.921460e-02
6000,layers.5.residual_lut.log_select_temp,9.921951e-01,1.976520e-02,1.992068e-02
6000,layers.5.q_norm.weight,8.543152e+00,2.940023e-02,3.441380e-03
6000,layers.5.q_norm.bias,3.253808e-01,1.745543e-02,5.364618e-02
6000,layers.5.k_norm.weight,8.531056e+00,2.880593e-02,3.376596e-03
6000,layers.5.k_norm.bias,4.289889e-01,1.948600e-02,4.542309e-02
6000,ln_final.weight,3.989033e+01,6.166720e-01,1.545919e-02
6000,ln_final.bias,1.702615e+00,5.744933e-02,3.374182e-02
6200,tok_emb_E.weight,2.156501e+02,9.133036e+00,4.235118e-02
6200,emb_resid_lut.weights,1.847490e+02,2.016748e+01,1.091615e-01
6200,emb_resid_lut.log_soft_score_temp,9.554941e-01,1.892734e-02,1.980895e-02
6200,emb_resid_lut.log_select_temp,1.338583e+00,1.010060e-03,7.545741e-04
6200,unembedder.weight,1.756157e+02,1.130925e+01,6.439776e-02
6200,layers.0.qk_lut.weights,1.120443e+02,1.470704e+01,1.312610e-01
6200,layers.0.qk_lut.log_soft_score_temp,8.240993e-01,6.943941e-05,8.426098e-05
6200,layers.0.qk_lut.log_select_temp,8.721856e-01,3.555894e-03,4.076992e-03
6200,layers.0.v_lut.weights,1.544272e+02,2.270792e+01,1.470461e-01
6200,layers.0.v_lut.log_soft_score_temp,4.803314e-01,1.419064e-02,2.954344e-02
6200,layers.0.v_lut.log_select_temp,1.019097e+00,4.974246e-03,4.881032e-03
6200,layers.0.out_proj.weights,3.097488e+02,4.749504e+01,1.533341e-01
6200,layers.0.out_proj.log_soft_score_temp,4.172907e-01,3.244504e-02,7.775165e-02
6200,layers.0.out_proj.log_select_temp,3.275604e-01,7.121772e-03,2.174186e-02
6200,layers.0.residual_lut.weights,1.340378e+02,2.158750e+01,1.610554e-01
6200,layers.0.residual_lut.log_soft_score_temp,1.350739e-01,2.104092e-02,1.557734e-01
6200,layers.0.residual_lut.log_select_temp,2.366278e-01,4.502043e-03,1.902584e-02
6200,layers.0.q_norm.weight,8.833781e+00,1.827624e-02,2.068904e-03
6200,layers.0.q_norm.bias,7.706831e-01,1.208379e-02,1.567933e-02
6200,layers.0.k_norm.weight,8.783415e+00,1.652234e-02,1.881084e-03
6200,layers.0.k_norm.bias,1.288003e+00,2.150820e-02,1.669887e-02
6200,layers.1.qk_lut.weights,1.118146e+02,1.581907e+01,1.414758e-01
6200,layers.1.qk_lut.log_soft_score_temp,3.019318e-01,8.992076e-03,2.978181e-02
6200,layers.1.qk_lut.log_select_temp,9.681105e-01,8.725643e-03,9.013065e-03
6200,layers.1.v_lut.weights,1.493463e+02,2.203781e+01,1.475618e-01
6200,layers.1.v_lut.log_soft_score_temp,1.456549e-01,1.835123e-02,1.259911e-01
6200,layers.1.v_lut.log_select_temp,1.189543e+00,1.337290e-02,1.124204e-02
6200,layers.1.out_proj.weights,3.132393e+02,4.877126e+01,1.556996e-01
6200,layers.1.out_proj.log_soft_score_temp,5.882145e-01,4.037625e-02,6.864205e-02
6200,layers.1.out_proj.log_select_temp,3.517114e-01,2.333373e-03,6.634340e-03
6200,layers.1.residual_lut.weights,1.406228e+02,2.209770e+01,1.571416e-01
6200,layers.1.residual_lut.log_soft_score_temp,1.240077e-01,1.085709e-02,8.755172e-02
6200,layers.1.residual_lut.log_select_temp,8.150821e-01,1.766235e-02,2.166941e-02
6200,layers.1.q_norm.weight,9.254681e+00,1.944038e-02,2.100600e-03
6200,layers.1.q_norm.bias,7.091137e-01,1.108328e-02,1.562977e-02
6200,layers.1.k_norm.weight,9.194926e+00,1.942403e-02,2.112473e-03
6200,layers.1.k_norm.bias,9.633821e-01,1.811199e-02,1.880042e-02
6200,layers.2.qk_lut.weights,1.122161e+02,1.597902e+01,1.423951e-01
6200,layers.2.qk_lut.log_soft_score_temp,2.239067e-01,1.023741e-02,4.572178e-02
6200,layers.2.qk_lut.log_select_temp,9.260231e-01,7.562876e-03,8.167049e-03
6200,layers.2.v_lut.weights,1.503054e+02,2.250325e+01,1.497169e-01
6200,layers.2.v_lut.log_soft_score_temp,1.092624e-01,2.122340e-02,1.942425e-01
6200,layers.2.v_lut.log_select_temp,1.110234e+00,1.136613e-02,1.023760e-02
6200,layers.2.out_proj.weights,3.197471e+02,4.893842e+01,1.530535e-01
6200,layers.2.out_proj.log_soft_score_temp,5.086226e-01,3.831470e-02,7.533032e-02
6200,layers.2.out_proj.log_select_temp,4.269266e-01,1.693487e-03,3.966694e-03
6200,layers.2.residual_lut.weights,1.467385e+02,2.222937e+01,1.514896e-01
6200,layers.2.residual_lut.log_soft_score_temp,1.903086e-01,1.715761e-02,9.015682e-02
6200,layers.2.residual_lut.log_select_temp,1.019569e+00,2.003652e-02,1.965195e-02
6200,layers.2.q_norm.weight,9.316366e+00,2.197855e-02,2.359133e-03
6200,layers.2.q_norm.bias,9.271465e-01,1.120650e-02,1.208709e-02
6200,layers.2.k_norm.weight,9.256319e+00,2.084127e-02,2.251573e-03
6200,layers.2.k_norm.bias,1.303634e+00,1.564182e-02,1.199863e-02
6200,layers.3.qk_lut.weights,1.097778e+02,1.589387e+01,1.447822e-01
6200,layers.3.qk_lut.log_soft_score_temp,6.193826e-02,1.322229e-02,2.134754e-01
6200,layers.3.qk_lut.log_select_temp,1.026896e+00,1.309454e-02,1.275158e-02
6200,layers.3.v_lut.weights,1.515451e+02,2.254633e+01,1.487763e-01
6200,layers.3.v_lut.log_soft_score_temp,2.761172e-01,2.691776e-02,9.748669e-02
6200,layers.3.v_lut.log_select_temp,1.108681e+00,1.032722e-02,9.314870e-03
6200,layers.3.out_proj.weights,3.567699e+02,5.034283e+01,1.411073e-01
6200,layers.3.out_proj.log_soft_score_temp,3.208246e-01,3.551158e-02,1.106885e-01
6200,layers.3.out_proj.log_select_temp,1.145958e+00,1.348615e-02,1.176845e-02
6200,layers.3.residual_lut.weights,1.581903e+02,2.245866e+01,1.419725e-01
6200,layers.3.residual_lut.log_soft_score_temp,3.209070e-01,1.994869e-02,6.216346e-02
6200,layers.3.residual_lut.log_select_temp,1.077140e+00,2.133977e-02,1.981152e-02
6200,layers.3.q_norm.weight,1.013292e+01,4.423701e-02,4.365672e-03
6200,layers.3.q_norm.bias,8.424950e-01,3.200074e-02,3.798330e-02
6200,layers.3.k_norm.weight,1.004233e+01,4.422697e-02,4.404054e-03
6200,layers.3.k_norm.bias,1.270829e+00,2.631393e-02,2.070611e-02
6200,layers.4.qk_lut.weights,1.123322e+02,1.607890e+01,1.431371e-01
6200,layers.4.qk_lut.log_soft_score_temp,2.108676e-01,1.125915e-02,5.339442e-02
6200,layers.4.qk_lut.log_select_temp,9.334915e-01,9.822309e-03,1.052212e-02
6200,layers.4.v_lut.weights,1.555434e+02,2.290410e+01,1.472521e-01
6200,layers.4.v_lut.log_soft_score_temp,5.929388e-01,2.296937e-02,3.873817e-02
6200,layers.4.v_lut.log_select_temp,1.148505e+00,4.804134e-03,4.182947e-03
6200,layers.4.out_proj.weights,3.403217e+02,5.008389e+01,1.471663e-01
6200,layers.4.out_proj.log_soft_score_temp,1.813923e-01,2.787754e-02,1.536864e-01
6200,layers.4.out_proj.log_select_temp,8.524673e-01,1.651102e-02,1.936851e-02
6200,layers.4.residual_lut.weights,1.599178e+02,2.254448e+01,1.409754e-01
6200,layers.4.residual_lut.log_soft_score_temp,2.441490e-01,1.951773e-02,7.994188e-02
6200,layers.4.residual_lut.log_select_temp,1.087156e+00,2.509892e-02,2.308676e-02
6200,layers.4.q_norm.weight,9.108370e+00,2.694819e-02,2.958619e-03
6200,layers.4.q_norm.bias,4.318254e-01,1.212637e-02,2.808165e-02
6200,layers.4.k_norm.weight,9.065881e+00,2.638998e-02,2.910912e-03
6200,layers.4.k_norm.bias,7.287139e-01,1.801912e-02,2.472730e-02
6200,layers.5.qk_lut.weights,1.115159e+02,1.608639e+01,1.442520e-01
6200,layers.5.qk_lut.log_soft_score_temp,3.523776e-01,1.126838e-02,3.197814e-02
6200,layers.5.qk_lut.log_select_temp,8.450271e-01,7.234395e-03,8.561139e-03
6200,layers.5.v_lut.weights,1.565763e+02,2.271009e+01,1.450417e-01
6200,layers.5.v_lut.log_soft_score_temp,1.073437e+00,5.975127e-03,5.566351e-03
6200,layers.5.v_lut.log_select_temp,1.264032e+00,6.107688e-03,4.831911e-03
6200,layers.5.out_proj.weights,4.153189e+02,5.383155e+01,1.296150e-01
6200,layers.5.out_proj.log_soft_score_temp,1.161629e-01,2.493165e-02,2.146267e-01
6200,layers.5.out_proj.log_select_temp,9.840943e-01,1.493841e-02,1.517986e-02
6200,layers.5.residual_lut.weights,1.820530e+02,2.306442e+01,1.266907e-01
6200,layers.5.residual_lut.log_soft_score_temp,3.939041e-01,1.253220e-02,3.181537e-02
6200,layers.5.residual_lut.log_select_temp,1.013860e+00,2.166528e-02,2.136909e-02
6200,layers.5.q_norm.weight,8.561303e+00,2.856725e-02,3.336787e-03
6200,layers.5.q_norm.bias,3.347172e-01,1.452764e-02,4.340274e-02
6200,layers.5.k_norm.weight,8.549111e+00,2.970240e-02,3.474326e-03
6200,layers.5.k_norm.bias,4.383411e-01,2.015557e-02,4.598148e-02
6200,ln_final.weight,4.049104e+01,6.020478e-01,1.486867e-02
6200,ln_final.bias,1.724967e+00,5.635545e-02,3.267045e-02
6400,tok_emb_E.weight,2.159344e+02,8.964138e+00,4.151324e-02
6400,emb_resid_lut.weights,1.867449e+02,1.980499e+01,1.060537e-01
6400,emb_resid_lut.log_soft_score_temp,9.365761e-01,1.891798e-02,2.019908e-02
6400,emb_resid_lut.log_select_temp,1.336826e+00,1.757741e-03,1.314862e-03
6400,unembedder.weight,1.754785e+02,1.103106e+01,6.286272e-02
6400,layers.0.qk_lut.weights,1.135863e+02,1.440588e+01,1.268276e-01
6400,layers.0.qk_lut.log_soft_score_temp,8.234512e-01,6.481409e-04,7.871030e-04
6400,layers.0.qk_lut.log_select_temp,8.749534e-01,2.767861e-03,3.163438e-03
6400,layers.0.v_lut.weights,1.565145e+02,2.228592e+01,1.423889e-01
6400,layers.0.v_lut.log_soft_score_temp,4.692495e-01,1.108187e-02,2.361617e-02
6400,layers.0.v_lut.log_select_temp,1.026155e+00,7.057309e-03,6.877433e-03
6400,layers.0.out_proj.weights,3.136762e+02,4.651992e+01,1.483055e-01
6400,layers.0.out_proj.log_soft_score_temp,4.476793e-01,3.038853e-02,6.788014e-02
6400,layers.0.out_proj.log_select_temp,3.334244e-01,5.864054e-03,1.758735e-02
6400,layers.0.residual_lut.weights,1.356216e+02,2.115733e+01,1.560026e-01
6400,layers.0.residual_lut.log_soft_score_temp,1.545595e-01,1.948556e-02,1.260716e-01
6400,layers.0.residual_lut.log_select_temp,2.320261e-01,4.601747e-03,1.983289e-02
6400,layers.0.q_norm.weight,8.843384e+00,1.859312e-02,2.102489e-03
6400,layers.0.q_norm.bias,7.833354e-01,1.684363e-02,2.150245e-02
6400,layers.0.k_norm.weight,8.791082e+00,1.802568e-02,2.050450e-03
6400,layers.0.k_norm.bias,1.309810e+00,2.803423e-02,2.140328e-02
6400,layers.1.qk_lut.weights,1.133419e+02,1.549699e+01,1.367279e-01
6400,layers.1.qk_lut.log_soft_score_temp,2.915719e-01,1.035991e-02,3.553124e-02
6400,layers.1.qk_lut.log_select_temp,9.738507e-01,5.740225e-03,5.894359e-03
6400,layers.1.v_lut.weights,1.513251e+02,2.159293e+01,1.426923e-01
6400,layers.1.v_lut.log_soft_score_temp,1.272887e-01,1.836623e-02,1.442880e-01
6400,layers.1.v_lut.log_select_temp,1.202748e+00,1.320469e-02,1.097877e-02
6400,layers.1.out_proj.weights,3.168788e+02,4.778506e+01,1.507992e-01
6400,layers.1.out_proj.log_soft_score_temp,6.274132e-01,3.919870e-02,6.247669e-02
6400,layers.1.out_proj.log_select_temp,3.486240e-01,3.087342e-03,8.855792e-03
6400,layers.1.residual_lut.weights,1.424628e+02,2.160906e+01,1.516821e-01
6400,layers.1.residual_lut.log_soft_score_temp,1.112431e-01,1.276468e-02,1.147458e-01
6400,layers.1.residual_lut.log_select_temp,8.310609e-01,1.597875e-02,1.922693e-02
6400,layers.1.q_norm.weight,9.268364e+00,2.270418e-02,2.449643e-03
6400,layers.1.q_norm.bias,7.156100e-01,1.150788e-02,1.608122e-02
6400,layers.1.k_norm.weight,9.208119e+00,2.227202e-02,2.418737e-03
6400,layers.1.k_norm.bias,9.733762e-01,1.642100e-02,1.687015e-02
6400,layers.2.qk_lut.weights,1.137719e+02,1.566509e+01,1.376886e-01
6400,layers.2.qk_lut.log_soft_score_temp,2.152589e-01,8.647740e-03,4.017366e-02
6400,layers.2.qk_lut.log_select_temp,9.367692e-01,1.074612e-02,1.147147e-02
6400,layers.2.v_lut.weights,1.523124e+02,2.208425e+01,1.449932e-01
6400,layers.2.v_lut.log_soft_score_temp,8.749741e-02,2.176501e-02,2.487503e-01
6400,layers.2.v_lut.log_select_temp,1.120229e+00,9.994745e-03,8.922057e-03
6400,layers.2.out_proj.weights,3.237192e+02,4.791024e+01,1.479994e-01
6400,layers.2.out_proj.log_soft_score_temp,5.469120e-01,3.828943e-02,7.001022e-02
6400,layers.2.out_proj.log_select_temp,4.296215e-01,2.694845e-03,6.272604e-03
6400,layers.2.residual_lut.weights,1.487234e+02,2.175889e+01,1.463044e-01
6400,layers.2.residual_lut.log_soft_score_temp,1.739958e-01,1.631276e-02,9.375378e-02
6400,layers.2.residual_lut.log_select_temp,1.041333e+00,2.176392e-02,2.090006e-02
6400,layers.2.q_norm.weight,9.329625e+00,2.030088e-02,2.175959e-03
6400,layers.2.q_norm.bias,9.351282e-01,1.106892e-02,1.183680e-02
6400,layers.2.k_norm.weight,9.269488e+00,2.028878e-02,2.188771e-03
6400,layers.2.k_norm.bias,1.313105e+00,1.556838e-02,1.185615e-02
6400,layers.3.qk_lut.weights,1.112729e+02,1.563231e+01,1.404862e-01
6400,layers.3.qk_lut.log_soft_score_temp,7.403644e-02,1.209819e-02,1.634085e-01
6400,layers.3.qk_lut.log_select_temp,1.040470e+00,1.357472e-02,1.304671e-02
6400,layers.3.v_lut.weights,1.535934e+02,2.213418e+01,1.441089e-01
6400,layers.3.v_lut.log_soft_score_temp,2.493026e-01,2.681462e-02,1.075585e-01
6400,layers.3.v_lut.log_select_temp,1.119868e+00,1.118660e-02,9.989216e-03
6400,layers.3.out_proj.weights,3.624396e+02,4.930707e+01,1.360422e-01
6400,layers.3.out_proj.log_soft_score_temp,3.565483e-01,3.572369e-02,1.001931e-01
6400,layers.3.out_proj.log_select_temp,1.157996e+00,1.203847e-02,1.039595e-02
6400,layers.3.residual_lut.weights,1.605989e+02,2.194806e+01,1.366638e-01
6400,layers.3.residual_lut.log_soft_score_temp,3.026156e-01,1.829147e-02,6.044459e-02
6400,layers.3.residual_lut.log_select_temp,1.098197e+00,2.105689e-02,1.917406e-02
6400,layers.3.q_norm.weight,1.016560e+01,4.445103e-02,4.372691e-03
6400,layers.3.q_norm.bias,8.649413e-01,3.113623e-02,3.599808e-02
6400,layers.3.k_norm.weight,1.007345e+01,4.530746e-02,4.497711e-03
6400,layers.3.k_norm.bias,1.285319e+00,2.470319e-02,1.921950e-02
6400,layers.4.qk_lut.weights,1.138675e+02,1.578571e+01,1.386323e-01
6400,layers.4.qk_lut.log_soft_score_temp,1.981402e-01,1.272739e-02,6.423429e-02
6400,layers.4.qk_lut.log_select_temp,9.423905e-01,8.899033e-03,9.443042e-03
6400,layers.4.v_lut.weights,1.576555e+02,2.241634e+01,1.421856e-01
6400,layers.4.v_lut.log_soft_score_temp,5.705240e-01,2.241474e-02,3.928799e-02
6400,layers.4.v_lut.log_select_temp,1.152448e+00,3.942847e-03,3.421281e-03
6400,layers.4.out_proj.weights,3.450033e+02,4.910426e+01,1.423298e-01
6400,layers.4.out_proj.log_soft_score_temp,2.064328e-01,2.504046e-02,1.213008e-01
6400,layers.4.out_proj.log_select_temp,8.698414e-01,1.737410e-02,1.997387e-02
6400,layers.4.residual_lut.weights,1.624473e+02,2.204866e+01,1.357281e-01
6400,layers.4.residual_lut.log_soft_score_temp,2.230827e-01,2.106632e-02,9.443279e-02
6400,layers.4.residual_lut.log_select_temp,1.109355e+00,2.219892e-02,2.001065e-02
6400,layers.4.q_norm.weight,9.124565e+00,2.359546e-02,2.585927e-03
6400,layers.4.q_norm.bias,4.357447e-01,1.010234e-02,2.318407e-02
6400,layers.4.k_norm.weight,9.081124e+00,2.244283e-02,2.471371e-03
6400,layers.4.k_norm.bias,7.412295e-01,1.776996e-02,2.397363e-02
6400,layers.5.qk_lut.weights,1.130374e+02,1.579426e+01,1.397260e-01
6400,layers.5.qk_lut.log_soft_score_temp,3.400262e-01,1.235139e-02,3.632483e-02
6400,layers.5.qk_lut.log_select_temp,8.502465e-01,5.219400e-03,6.138690e-03
6400,layers.5.v_lut.weights,1.587146e+02,2.223154e+01,1.400724e-01
6400,layers.5.v_lut.log_soft_score_temp,1.064706e+00,8.730650e-03,8.200054e-03
6400,layers.5.v_lut.log_select_temp,1.268216e+00,4.184008e-03,3.299129e-03
6400,layers.5.out_proj.weights,4.203405e+02,5.285682e+01,1.257476e-01
6400,layers.5.out_proj.log_soft_score_temp,9.711561e-02,1.904725e-02,1.961297e-01
6400,layers.5.out_proj.log_select_temp,1.001454e+00,1.735985e-02,1.733465e-02
6400,layers.5.residual_lut.weights,1.848426e+02,2.257226e+01,1.221162e-01
6400,layers.5.residual_lut.log_soft_score_temp,3.805126e-01,1.339149e-02,3.519330e-02
6400,layers.5.residual_lut.log_select_temp,1.033629e+00,1.976824e-02,1.912509e-02
6400,layers.5.q_norm.weight,8.575023e+00,2.590308e-02,3.020759e-03
6400,layers.5.q_norm.bias,3.414418e-01,1.316311e-02,3.855156e-02
6400,layers.5.k_norm.weight,8.563224e+00,2.615540e-02,3.054387e-03
6400,layers.5.k_norm.bias,4.484840e-01,1.911436e-02,4.261993e-02
6400,ln_final.weight,4.108089e+01,5.910727e-01,1.438802e-02
6400,ln_final.bias,1.747917e+00,5.558786e-02,3.180234e-02
6600,tok_emb_E.weight,2.162106e+02,8.784728e+00,4.063041e-02
6600,emb_resid_lut.weights,1.885969e+02,1.941443e+01,1.029414e-01
6600,emb_resid_lut.log_soft_score_temp,9.149439e-01,2.163225e-02,2.364326e-02
6600,emb_resid_lut.log_select_temp,1.331604e+00,5.221605e-03,3.921290e-03
6600,unembedder.weight,1.753074e+02,1.075910e+01,6.137274e-02
6600,layers.0.qk_lut.weights,1.150340e+02,1.410525e+01,1.226180e-01
6600,layers.0.qk_lut.log_soft_score_temp,8.247565e-01,1.305342e-03,1.582700e-03
6600,layers.0.qk_lut.log_select_temp,8.788719e-01,3.918469e-03,4.458521e-03
6600,layers.0.v_lut.weights,1.584903e+02,2.181528e+01,1.376442e-01
6600,layers.0.v_lut.log_soft_score_temp,4.562766e-01,1.297295e-02,2.843221e-02
6600,layers.0.v_lut.log_select_temp,1.033305e+00,7.150292e-03,6.919829e-03
6600,layers.0.out_proj.weights,3.173686e+02,4.553578e+01,1.434792e-01
6600,layers.0.out_proj.log_soft_score_temp,4.779043e-01,3.022498e-02,6.324484e-02
6600,layers.0.out_proj.log_select_temp,3.422133e-01,8.788854e-03,2.568239e-02
6600,layers.0.residual_lut.weights,1.371236e+02,2.069936e+01,1.509540e-01
6600,layers.0.residual_lut.log_soft_score_temp,1.714901e-01,1.693060e-02,9.872639e-02
6600,layers.0.residual_lut.log_select_temp,2.302085e-01,1.817569e-03,7.895317e-03
6600,layers.0.q_norm.weight,8.849966e+00,1.662916e-02,1.879009e-03
6600,layers.0.q_norm.bias,7.913467e-01,1.317015e-02,1.664271e-02
6600,layers.0.k_norm.weight,8.797165e+00,1.529788e-02,1.738956e-03
6600,layers.0.k_norm.bias,1.323312e+00,2.035342e-02,1.538066e-02
6600,layers.1.qk_lut.weights,1.148023e+02,1.512152e+01,1.317179e-01
6600,layers.1.qk_lut.log_soft_score_temp,2.852798e-01,6.292135e-03,2.205601e-02
6600,layers.1.qk_lut.log_select_temp,9.821754e-01,8.324623e-03,8.475699e-03
6600,layers.1.v_lut.weights,1.531935e+02,2.112846e+01,1.379202e-01
6600,layers.1.v_lut.log_soft_score_temp,1.108328e-01,1.645584e-02,1.484744e-01
6600,layers.1.v_lut.log_select_temp,1.217072e+00,1.432335e-02,1.176870e-02
6600,layers.1.out_proj.weights,3.202906e+02,4.670015e+01,1.458055e-01
6600,layers.1.out_proj.log_soft_score_temp,6.663403e-01,3.892714e-02,5.841931e-02
6600,layers.1.out_proj.log_select_temp,3.488047e-01,1.807213e-04,5.181159e-04
6600,layers.1.residual_lut.weights,1.442263e+02,2.116411e+01,1.467424e-01
6600,layers.1.residual_lut.log_soft_score_temp,9.881540e-02,1.242765e-02,1.257663e-01
6600,layers.1.residual_lut.log_select_temp,8.497691e-01,1.870823e-02,2.201566e-02
6600,layers.1.q_norm.weight,9.279854e+00,1.854283e-02,1.998181e-03
6600,layers.1.q_norm.bias,7.237085e-01,1.120343e-02,1.548059e-02
6600,layers.1.k_norm.weight,9.219583e+00,1.773612e-02,1.923744e-03
6600,layers.1.k_norm.bias,9.814612e-01,1.468115e-02,1.495846e-02
6600,layers.2.qk_lut.weights,1.152266e+02,1.532095e+01,1.329637e-01
6600,layers.2.qk_lut.log_soft_score_temp,2.060061e-01,9.252787e-03,4.491510e-02
6600,layers.2.qk_lut.log_select_temp,9.442285e-01,7.459283e-03,7.899871e-03
6600,layers.2.v_lut.weights,1.542193e+02,2.155196e+01,1.397487e-01
6600,layers.2.v_lut.log_soft_score_temp,7.343436e-02,1.406305e-02,1.915050e-01
6600,layers.2.v_lut.log_select_temp,1.135515e+00,1.528656e-02,1.346223e-02
6600,layers.2.out_proj.weights,3.274838e+02,4.687098e+01,1.431246e-01
6600,layers.2.out_proj.log_soft_score_temp,5.823941e-01,3.548205e-02,6.092447e-02
6600,layers.2.out_proj.log_select_temp,4.370907e-01,7.469207e-03,1.708846e-02
6600,layers.2.residual_lut.weights,1.505818e+02,2.131387e+01,1.415434e-01
6600,layers.2.residual_lut.log_soft_score_temp,1.571725e-01,1.682332e-02,1.070373e-01
6600,layers.2.residual_lut.log_select_temp,1.062787e+00,2.145374e-02,2.018631e-02
6600,layers.2.q_norm.weight,9.344756e+00,2.305640e-02,2.467309e-03
6600,layers.2.q_norm.bias,9.443116e-01,1.406284e-02,1.489216e-02
6600,layers.2.k_norm.weight,9.284208e+00,2.193944e-02,2.363093e-03
6600,layers.2.k_norm.bias,1.323572e+00,1.642509e-02,1.240967e-02
6600,layers.3.qk_lut.weights,1.126787e+02,1.530029e+01,1.357868e-01
6600,layers.3.qk_lut.log_soft_score_temp,8.599174e-02,1.195530e-02,1.390285e-01
6600,layers.3.qk_lut.log_select_temp,1.054110e+00,1.364005e-02,1.293986e-02
6600,layers.3.v_lut.weights,1.555293e+02,2.160567e+01,1.389171e-01
6600,layers.3.v_lut.log_soft_score_temp,2.253900e-01,2.391264e-02,1.060945e-01
6600,layers.3.v_lut.log_select_temp,1.131499e+00,1.163149e-02,1.027971e-02
6600,layers.3.out_proj.weights,3.678520e+02,4.824385e+01,1.311502e-01
6600,layers.3.out_proj.log_soft_score_temp,3.913778e-01,3.482953e-02,8.899208e-02
6600,layers.3.out_proj.log_select_temp,1.168938e+00,1.094139e-02,9.360110e-03
6600,layers.3.residual_lut.weights,1.628604e+02,2.153082e+01,1.322042e-01
6600,layers.3.residual_lut.log_soft_score_temp,2.844658e-01,1.814973e-02,6.380286e-02
6600,layers.3.residual_lut.log_select_temp,1.118336e+00,2.013922e-02,1.800820e-02
6600,layers.3.q_norm.weight,1.019034e+01,3.588782e-02,3.521749e-03
6600,layers.3.q_norm.bias,8.856269e-01,2.845975e-02,3.213515e-02
6600,layers.3.k_norm.weight,1.009763e+01,3.721526e-02,3.685543e-03
6600,layers.3.k_norm.bias,1.301533e+00,2.363219e-02,1.815719e-02
6600,layers.4.qk_lut.weights,1.153247e+02,1.540036e+01,1.335392e-01
6600,layers.4.qk_lut.log_soft_score_temp,1.879742e-01,1.016596e-02,5.408166e-02
6600,layers.4.qk_lut.log_select_temp,9.522799e-01,9.889424e-03,1.038500e-02
6600,layers.4.v_lut.weights,1.596382e+02,2.187041e+01,1.369999e-01
6600,layers.4.v_lut.log_soft_score_temp,5.480830e-01,2.244103e-02,4.094458e-02
6600,layers.4.v_lut.log_select_temp,1.155622e+00,3.174186e-03,2.746734e-03
6600,layers.4.out_proj.weights,3.494617e+02,4.798695e+01,1.373167e-01
6600,layers.4.out_proj.log_soft_score_temp,2.322831e-01,2.585031e-02,1.112880e-01
6600,layers.4.out_proj.log_select_temp,8.872039e-01,1.736253e-02,1.956995e-02
6600,layers.4.residual_lut.weights,1.648721e+02,2.161656e+01,1.311111e-01
6600,layers.4.residual_lut.log_soft_score_temp,2.055556e-01,1.752715e-02,8.526720e-02
6600,layers.4.residual_lut.log_select_temp,1.135061e+00,2.570570e-02,2.264697e-02
6600,layers.4.q_norm.weight,9.143481e+00,2.455259e-02,2.685256e-03
6600,layers.4.q_norm.bias,4.440721e-01,1.216844e-02,2.740193e-02
6600,layers.4.k_norm.weight,9.099207e+00,2.396045e-02,2.633245e-03
6600,layers.4.k_norm.bias,7.526920e-01,1.811605e-02,2.406834e-02
6600,layers.5.qk_lut.weights,1.144567e+02,1.547155e+01,1.351739e-01
6600,layers.5.qk_lut.log_soft_score_temp,3.270182e-01,1.300797e-02,3.977751e-02
6600,layers.5.qk_lut.log_select_temp,8.549867e-01,4.740179e-03,5.544155e-03
6600,layers.5.v_lut.weights,1.607197e+02,2.164941e+01,1.347030e-01
6600,layers.5.v_lut.log_soft_score_temp,1.055052e+00,9.654880e-03,9.151097e-03
6600,layers.5.v_lut.log_select_temp,1.272507e+00,4.290938e-03,3.372036e-03
6600,layers.5.out_proj.weights,4.250999e+02,5.187461e+01,1.220292e-01
6600,layers.5.out_proj.log_soft_score_temp,7.463393e-02,2.248168e-02,3.012260e-01
6600,layers.5.out_proj.log_select_temp,1.015041e+00,1.358676e-02,1.338543e-02
6600,layers.5.residual_lut.weights,1.875181e+02,2.208475e+01,1.177740e-01
6600,layers.5.residual_lut.log_soft_score_temp,3.662048e-01,1.430774e-02,3.907031e-02
6600,layers.5.residual_lut.log_select_temp,1.054659e+00,2.102995e-02,1.994006e-02
6600,layers.5.q_norm.weight,8.589894e+00,2.713043e-02,3.158412e-03
6600,layers.5.q_norm.bias,3.503206e-01,1.427663e-02,4.075304e-02
6600,layers.5.k_norm.weight,8.576883e+00,2.767802e-02,3.227049e-03
6600,layers.5.k_norm.bias,4.551750e-01,1.943652e-02,4.270120e-02
6600,ln_final.weight,4.165809e+01,5.786472e-01,1.389039e-02
6600,ln_final.bias,1.770987e+00,5.482708e-02,3.095849e-02
6800,tok_emb_E.weight,2.164714e+02,8.588454e+00,3.967477e-02
6800,emb_resid_lut.weights,1.903636e+02,1.897382e+01,9.967146e-02
6800,emb_resid_lut.log_soft_score_temp,8.977139e-01,1.722997e-02,1.919317e-02
6800,emb_resid_lut.log_select_temp,1.329941e+00,1.663327e-03,1.250678e-03
6800,unembedder.weight,1.751642e+02,1.047028e+01,5.977410e-02
6800,layers.0.qk_lut.weights,1.164169e+02,1.383401e+01,1.188317e-01
6800,layers.0.qk_lut.log_soft_score_temp,8.229321e-01,1.824379e-03,2.216925e-03
6800,layers.0.qk_lut.log_select_temp,8.803025e-01,1.430631e-03,1.625158e-03
6800,layers.0.v_lut.weights,1.603534e+02,2.135671e+01,1.331852e-01
6800,layers.0.v_lut.log_soft_score_temp,4.445280e-01,1.174852e-02,2.642920e-02
6800,layers.0.v_lut.log_select_temp,1.040031e+00,6.726027e-03,6.467141e-03
6800,layers.0.out_proj.weights,3.208390e+02,4.452296e+01,1.387704e-01
6800,layers.0.out_proj.log_soft_score_temp,5.040060e-01,2.610177e-02,5.178860e-02
6800,layers.0.out_proj.log_select_temp,3.512295e-01,9.016156e-03,2.567027e-02
6800,layers.0.residual_lut.weights,1.385316e+02,2.028929e+01,1.464596e-01
6800,layers.0.residual_lut.log_soft_score_temp,1.858864e-01,1.439635e-02,7.744705e-02
6800,layers.0.residual_lut.log_select_temp,2.304501e-01,2.416223e-04,1.048480e-03
6800,layers.0.q_norm.weight,8.856787e+00,1.453714e-02,1.641356e-03
6800,layers.0.q_norm.bias,7.981396e-01,1.128534e-02,1.413955e-02
6800,layers.0.k_norm.weight,8.803440e+00,1.487418e-02,1.689587e-03
6800,layers.0.k_norm.bias,1.337471e+00,2.051237e-02,1.533668e-02
6800,layers.1.qk_lut.weights,1.161917e+02,1.485460e+01,1.278456e-01
6800,layers.1.qk_lut.log_soft_score_temp,2.781359e-01,7.143915e-03,2.568498e-02
6800,layers.1.qk_lut.log_select_temp,9.900079e-01,7.832587e-03,7.911640e-03
6800,layers.1.v_lut.weights,1.549791e+02,2.066589e+01,1.333463e-01
6800,layers.1.v_lut.log_soft_score_temp,9.469517e-02,1.613767e-02,1.704171e-01
6800,layers.1.v_lut.log_select_temp,1.230982e+00,1.391089e-02,1.130064e-02
6800,layers.1.out_proj.weights,3.234933e+02,4.565348e+01,1.411265e-01
6800,layers.1.out_proj.log_soft_score_temp,7.017537e-01,3.541344e-02,5.046420e-02
6800,layers.1.out_proj.log_select_temp,3.525525e-01,3.747761e-03,1.063036e-02
6800,layers.1.residual_lut.weights,1.458787e+02,2.075018e+01,1.422427e-01
6800,layers.1.residual_lut.log_soft_score_temp,8.823361e-02,1.058179e-02,1.199293e-01
6800,layers.1.residual_lut.log_select_temp,8.691481e-01,1.937902e-02,2.229657e-02
6800,layers.1.q_norm.weight,9.291853e+00,1.945519e-02,2.093790e-03
6800,layers.1.q_norm.bias,7.316782e-01,1.171287e-02,1.600823e-02
6800,layers.1.k_norm.weight,9.231041e+00,2.024229e-02,2.192851e-03
6800,layers.1.k_norm.bias,9.883812e-01,1.626319e-02,1.645437e-02
6800,layers.2.qk_lut.weights,1.165989e+02,1.497040e+01,1.283923e-01
6800,layers.2.qk_lut.log_soft_score_temp,1.989760e-01,7.030159e-03,3.533170e-02
6800,layers.2.qk_lut.log_select_temp,9.543233e-01,1.009482e-02,1.057799e-02
6800,layers.2.v_lut.weights,1.560229e+02,2.106187e+01,1.349922e-01
6800,layers.2.v_lut.log_soft_score_temp,5.658381e-02,1.685055e-02,2.977980e-01
6800,layers.2.v_lut.log_select_temp,1.149353e+00,1.383734e-02,1.203924e-02
6800,layers.2.out_proj.weights,3.310580e+02,4.573645e+01,1.381524e-01
6800,layers.2.out_proj.log_soft_score_temp,6.164222e-01,3.402811e-02,5.520261e-02
6800,layers.2.out_proj.log_select_temp,4.440944e-01,7.003754e-03,1.577087e-02
6800,layers.2.residual_lut.weights,1.523410e+02,2.086661e+01,1.369730e-01
6800,layers.2.residual_lut.log_soft_score_temp,1.392826e-01,1.788990e-02,1.284432e-01
6800,layers.2.residual_lut.log_select_temp,1.084001e+00,2.121437e-02,1.957043e-02
6800,layers.2.q_norm.weight,9.359371e+00,2.323087e-02,2.482098e-03
6800,layers.2.q_norm.bias,9.533185e-01,1.289897e-02,1.353060e-02
6800,layers.2.k_norm.weight,9.298462e+00,2.190368e-02,2.355624e-03
6800,layers.2.k_norm.bias,1.333868e+00,1.689684e-02,1.266755e-02
6800,layers.3.qk_lut.weights,1.140142e+02,1.492720e+01,1.309240e-01
6800,layers.3.qk_lut.log_soft_score_temp,9.725932e-02,1.126758e-02,1.158509e-01
6800,layers.3.qk_lut.log_select_temp,1.066785e+00,1.267469e-02,1.188120e-02
6800,layers.3.v_lut.weights,1.573538e+02,2.114886e+01,1.344033e-01
6800,layers.3.v_lut.log_soft_score_temp,2.006865e-01,2.470347e-02,1.230948e-01
6800,layers.3.v_lut.log_select_temp,1.141792e+00,1.029253e-02,9.014368e-03
6800,layers.3.out_proj.weights,3.729323e+02,4.709867e+01,1.262928e-01
6800,layers.3.out_proj.log_soft_score_temp,4.258887e-01,3.451088e-02,8.103262e-02
6800,layers.3.out_proj.log_select_temp,1.176531e+00,7.593155e-03,6.453851e-03
6800,layers.3.residual_lut.weights,1.649657e+02,2.107004e+01,1.277238e-01
6800,layers.3.residual_lut.log_soft_score_temp,2.623847e-01,2.208117e-02,8.415571e-02
6800,layers.3.residual_lut.log_select_temp,1.136905e+00,1.856911e-02,1.633304e-02
6800,layers.3.q_norm.weight,1.021457e+01,3.240981e-02,3.172900e-03
6800,layers.3.q_norm.bias,9.052884e-01,2.701456e-02,2.984083e-02
6800,layers.3.k_norm.weight,1.012071e+01,3.434033e-02,3.393074e-03
6800,layers.3.k_norm.bias,1.314994e+00,2.178743e-02,1.656846e-02
6800,layers.4.qk_lut.weights,1.166923e+02,1.509575e+01,1.293637e-01
6800,layers.4.qk_lut.log_soft_score_temp,1.785782e-01,9.396031e-03,5.261578e-02
6800,layers.4.qk_lut.log_select_temp,9.637579e-01,1.147795e-02,1.190958e-02
6800,layers.4.v_lut.weights,1.615275e+02,2.141343e+01,1.325683e-01
6800,layers.4.v_lut.log_soft_score_temp,5.269533e-01,2.112967e-02,4.009780e-02
6800,layers.4.v_lut.log_select_temp,1.158691e+00,3.068805e-03,2.648511e-03
6800,layers.4.out_proj.weights,3.537487e+02,4.687866e+01,1.325197e-01
6800,layers.4.out_proj.log_soft_score_temp,2.555992e-01,2.331613e-02,9.122144e-02
6800,layers.4.out_proj.log_select_temp,9.049737e-01,1.776981e-02,1.963572e-02
6800,layers.4.residual_lut.weights,1.671487e+02,2.112916e+01,1.264093e-01
6800,layers.4.residual_lut.log_soft_score_temp,1.839412e-01,2.161439e-02,1.175071e-01
6800,layers.4.residual_lut.log_select_temp,1.157398e+00,2.233708e-02,1.929939e-02
6800,layers.4.q_norm.weight,9.158314e+00,2.165481e-02,2.364498e-03
6800,layers.4.q_norm.bias,4.497193e-01,1.126973e-02,2.505948e-02
6800,layers.4.k_norm.weight,9.113869e+00,2.140132e-02,2.348215e-03
6800,layers.4.k_norm.bias,7.610481e-01,1.597247e-02,2.098747e-02
6800,layers.5.qk_lut.weights,1.157980e+02,1.517766e+01,1.310702e-01
6800,layers.5.qk_lut.log_soft_score_temp,3.149006e-01,1.211756e-02,3.848060e-02
6800,layers.5.qk_lut.log_select_temp,8.609198e-01,5.933106e-03,6.891590e-03
6800,layers.5.v_lut.weights,1.625779e+02,2.118733e+01,1.303211e-01
6800,layers.5.v_lut.log_soft_score_temp,1.049549e+00,5.502939e-03,5.243148e-03
6800,layers.5.v_lut.log_select_temp,1.280167e+00,7.660389e-03,5.983898e-03
6800,layers.5.out_proj.weights,4.296447e+02,5.032974e+01,1.171427e-01
6800,layers.5.out_proj.log_soft_score_temp,5.374739e-02,2.088654e-02,3.886057e-01
6800,layers.5.out_proj.log_select_temp,1.027217e+00,1.217580e-02,1.185319e-02
6800,layers.5.residual_lut.weights,1.900527e+02,2.159761e+01,1.136401e-01
6800,layers.5.residual_lut.log_soft_score_temp,3.518606e-01,1.434419e-02,4.076667e-02
6800,layers.5.residual_lut.log_select_temp,1.073941e+00,1.928258e-02,1.795497e-02
6800,layers.5.q_norm.weight,8.612400e+00,2.913727e-02,3.383176e-03
6800,layers.5.q_norm.bias,3.637936e-01,1.736600e-02,4.773585e-02
6800,layers.5.k_norm.weight,8.598920e+00,2.949954e-02,3.430610e-03
6800,layers.5.k_norm.bias,4.636943e-01,1.577632e-02,3.402311e-02
6800,ln_final.weight,4.222225e+01,5.654674e-01,1.339264e-02
6800,ln_final.bias,1.794152e+00,5.524627e-02,3.079241e-02
7000,tok_emb_E.weight,2.167210e+02,8.403733e+00,3.877673e-02
7000,emb_resid_lut.weights,1.919831e+02,1.859080e+01,9.683559e-02
7000,emb_resid_lut.log_soft_score_temp,8.783584e-01,1.935554e-02,2.203603e-02
7000,emb_resid_lut.log_select_temp,1.325605e+00,4.335523e-03,3.270599e-03
7000,unembedder.weight,1.750314e+02,1.026792e+01,5.866332e-02
7000,layers.0.qk_lut.weights,1.176997e+02,1.352806e+01,1.149372e-01
7000,layers.0.qk_lut.log_soft_score_temp,8.247543e-01,1.822174e-03,2.209353e-03
7000,layers.0.qk_lut.log_select_temp,8.843471e-01,4.044533e-03,4.573468e-03
7000,layers.0.v_lut.weights,1.621201e+02,2.087683e+01,1.287739e-01
7000,layers.0.v_lut.log_soft_score_temp,4.336846e-01,1.084349e-02,2.500316e-02
7000,layers.0.v_lut.log_select_temp,1.046486e+00,6.455302e-03,6.168550e-03
7000,layers.0.out_proj.weights,3.241212e+02,4.347013e+01,1.341169e-01
7000,layers.0.out_proj.log_soft_score_temp,5.272471e-01,2.324104e-02,4.407999e-02
7000,layers.0.out_proj.log_select_temp,3.636627e-01,1.243326e-02,3.418899e-02
7000,layers.0.residual_lut.weights,1.398251e+02,1.985089e+01,1.419694e-01
7000,layers.0.residual_lut.log_soft_score_temp,2.003461e-01,1.445971e-02,7.217367e-02
7000,layers.0.residual_lut.log_select_temp,2.313284e-01,8.783042e-04,3.796785e-03
7000,layers.0.q_norm.weight,8.865337e+00,1.638359e-02,1.848050e-03
7000,layers.0.q_norm.bias,8.067985e-01,1.213930e-02,1.504626e-02
7000,layers.0.k_norm.weight,8.810580e+00,1.510133e-02,1.714000e-03
7000,layers.0.k_norm.bias,1.356567e+00,2.298323e-02,1.694220e-02
7000,layers.1.qk_lut.weights,1.174752e+02,1.448613e+01,1.233122e-01
7000,layers.1.qk_lut.log_soft_score_temp,2.704837e-01,7.652134e-03,2.829055e-02
7000,layers.1.qk_lut.log_select_temp,9.962697e-01,6.261766e-03,6.285212e-03
7000,layers.1.v_lut.weights,1.566582e+02,2.022000e+01,1.290708e-01
7000,layers.1.v_lut.log_soft_score_temp,7.746819e-02,1.722699e-02,2.223750e-01
7000,layers.1.v_lut.log_select_temp,1.242633e+00,1.165068e-02,9.375802e-03
7000,layers.1.out_proj.weights,3.264795e+02,4.461490e+01,1.366545e-01
7000,layers.1.out_proj.log_soft_score_temp,7.346170e-01,3.286326e-02,4.473523e-02
7000,layers.1.out_proj.log_select_temp,3.565997e-01,4.047155e-03,1.134930e-02
7000,layers.1.residual_lut.weights,1.474461e+02,2.025733e+01,1.373880e-01
7000,layers.1.residual_lut.log_soft_score_temp,7.686512e-02,1.136849e-02,1.479018e-01
7000,layers.1.residual_lut.log_select_temp,8.869951e-01,1.784700e-02,2.012074e-02
7000,layers.1.q_norm.weight,9.303968e+00,1.913894e-02,2.057073e-03
7000,layers.1.q_norm.bias,7.380322e-01,1.029523e-02,1.394957e-02
7000,layers.1.k_norm.weight,9.242838e+00,1.871809e-02,2.025145e-03
7000,layers.1.k_norm.bias,9.967858e-01,1.544480e-02,1.549460e-02
7000,layers.2.qk_lut.weights,1.179060e+02,1.461281e+01,1.239362e-01
7000,layers.2.qk_lut.log_soft_score_temp,1.927727e-01,6.203279e-03,3.217924e-02
7000,layers.2.qk_lut.log_select_temp,9.632913e-01,8.967996e-03,9.309744e-03
7000,layers.2.v_lut.weights,1.577228e+02,2.056798e+01,1.304058e-01
7000,layers.2.v_lut.log_soft_score_temp,4.030675e-02,1.627707e-02,4.038298e-01
7000,layers.2.v_lut.log_select_temp,1.162178e+00,1.282489e-02,1.103523e-02
7000,layers.2.out_proj.weights,3.343974e+02,4.467622e+01,1.336022e-01
7000,layers.2.out_proj.log_soft_score_temp,6.492445e-01,3.282231e-02,5.055462e-02
7000,layers.2.out_proj.log_select_temp,4.498202e-01,5.725801e-03,1.272909e-02
7000,layers.2.residual_lut.weights,1.540008e+02,2.034976e+01,1.321406e-01
7000,layers.2.residual_lut.log_soft_score_temp,1.246234e-01,1.465917e-02,1.176277e-01
7000,layers.2.residual_lut.log_select_temp,1.103458e+00,1.945686e-02,1.763263e-02
7000,layers.2.q_norm.weight,9.371747e+00,1.896159e-02,2.023271e-03
7000,layers.2.q_norm.bias,9.605255e-01,1.182448e-02,1.231043e-02
7000,layers.2.k_norm.weight,9.310424e+00,1.871516e-02,2.010130e-03
7000,layers.2.k_norm.bias,1.341955e+00,1.620367e-02,1.207467e-02
7000,layers.3.qk_lut.weights,1.152734e+02,1.462173e+01,1.268439e-01
7000,layers.3.qk_lut.log_soft_score_temp,1.087173e-01,1.145801e-02,1.053927e-01
7000,layers.3.qk_lut.log_select_temp,1.079638e+00,1.285279e-02,1.190472e-02
7000,layers.3.v_lut.weights,1.590576e+02,2.067020e+01,1.299542e-01
7000,layers.3.v_lut.log_soft_score_temp,1.767940e-01,2.389254e-02,1.351434e-01
7000,layers.3.v_lut.log_select_temp,1.152563e+00,1.077139e-02,9.345600e-03
7000,layers.3.out_proj.weights,3.778203e+02,4.598956e+01,1.217234e-01
7000,layers.3.out_proj.log_soft_score_temp,4.595629e-01,3.367415e-02,7.327431e-02
7000,layers.3.out_proj.log_select_temp,1.184471e+00,7.940412e-03,6.703760e-03
7000,layers.3.residual_lut.weights,1.669714e+02,2.058914e+01,1.233094e-01
7000,layers.3.residual_lut.log_soft_score_temp,2.423921e-01,1.999259e-02,8.248038e-02
7000,layers.3.residual_lut.log_select_temp,1.155629e+00,1.872408e-02,1.620251e-02
7000,layers.3.q_norm.weight,1.023845e+01,3.483197e-02,3.402076e-03
7000,layers.3.q_norm.bias,9.263896e-01,2.767726e-02,2.987648e-02
7000,layers.3.k_norm.weight,1.014428e+01,3.546479e-02,3.496038e-03
7000,layers.3.k_norm.bias,1.329394e+00,2.250423e-02,1.692819e-02
7000,layers.4.qk_lut.weights,1.179965e+02,1.480895e+01,1.255033e-01
7000,layers.4.qk_lut.log_soft_score_temp,1.684064e-01,1.017183e-02,6.040051e-02
7000,layers.4.qk_lut.log_select_temp,9.727932e-01,9.035289e-03,9.287986e-03
7000,layers.4.v_lut.weights,1.632745e+02,2.089899e+01,1.279991e-01
7000,layers.4.v_lut.log_soft_score_temp,5.098510e-01,1.710236e-02,3.354384e-02
7000,layers.4.v_lut.log_select_temp,1.165988e+00,7.297754e-03,6.258857e-03
7000,layers.4.out_proj.weights,3.577250e+02,4.578643e+01,1.279934e-01
7000,layers.4.out_proj.log_soft_score_temp,2.822562e-01,2.665696e-02,9.444241e-02
7000,layers.4.out_proj.log_select_temp,9.157732e-01,1.079947e-02,1.179273e-02
7000,layers.4.residual_lut.weights,1.693116e+02,2.065495e+01,1.219937e-01
7000,layers.4.residual_lut.log_soft_score_temp,1.639987e-01,1.994252e-02,1.216017e-01
7000,layers.4.residual_lut.log_select_temp,1.178639e+00,2.124059e-02,1.802129e-02
7000,layers.4.q_norm.weight,9.172325e+00,2.049524e-02,2.234465e-03
7000,layers.4.q_norm.bias,4.535994e-01,9.165098e-03,2.020527e-02
7000,layers.4.k_norm.weight,9.126196e+00,2.096114e-02,2.296810e-03
7000,layers.4.k_norm.bias,7.686046e-01,1.487592e-02,1.935445e-02
7000,layers.5.qk_lut.weights,1.170895e+02,1.473716e+01,1.258624e-01
7000,layers.5.qk_lut.log_soft_score_temp,3.065875e-01,8.313149e-03,2.711510e-02
7000,layers.5.qk_lut.log_select_temp,8.696696e-01,8.749843e-03,1.006111e-02
7000,layers.5.v_lut.weights,1.643693e+02,2.071704e+01,1.260396e-01
7000,layers.5.v_lut.log_soft_score_temp,1.040740e+00,8.808374e-03,8.463567e-03
7000,layers.5.v_lut.log_select_temp,1.284165e+00,3.997922e-03,3.113247e-03
7000,layers.5.out_proj.weights,4.339538e+02,4.917825e+01,1.133260e-01
7000,layers.5.out_proj.log_soft_score_temp,3.427260e-02,1.947479e-02,5.682319e-01
7000,layers.5.out_proj.log_select_temp,1.043352e+00,1.613545e-02,1.546501e-02
7000,layers.5.residual_lut.weights,1.924989e+02,2.110011e+01,1.096116e-01
7000,layers.5.residual_lut.log_soft_score_temp,3.369603e-01,1.490039e-02,4.422001e-02
7000,layers.5.residual_lut.log_select_temp,1.093434e+00,1.949275e-02,1.782709e-02
7000,layers.5.q_norm.weight,8.625460e+00,2.233325e-02,2.589224e-03
7000,layers.5.q_norm.bias,3.706682e-01,1.261916e-02,3.404437e-02
7000,layers.5.k_norm.weight,8.611694e+00,2.188769e-02,2.541624e-03
7000,layers.5.k_norm.bias,4.723946e-01,1.705416e-02,3.610152e-02
7000,ln_final.weight,4.276982e+01,5.488362e-01,1.283232e-02
7000,ln_final.bias,1.816193e+00,5.313613e-02,2.925687e-02
7200,tok_emb_E.weight,2.169590e+02,8.190793e+00,3.775272e-02
7200,emb_resid_lut.weights,1.935325e+02,1.816433e+01,9.385675e-02
7200,emb_resid_lut.log_soft_score_temp,8.617036e-01,1.665473e-02,1.932768e-02
7200,emb_resid_lut.log_select_temp,1.324900e+00,7.053614e-04,5.323885e-04
7200,unembedder.weight,1.748330e+02,1.000547e+01,5.722875e-02
7200,layers.0.qk_lut.weights,1.189351e+02,1.326442e+01,1.115265e-01
7200,layers.0.qk_lut.log_soft_score_temp,8.260115e-01,1.257241e-03,1.522062e-03
7200,layers.0.qk_lut.log_select_temp,8.877772e-01,3.430128e-03,3.863726e-03
7200,layers.0.v_lut.weights,1.637817e+02,2.037866e+01,1.244257e-01
7200,layers.0.v_lut.log_soft_score_temp,4.221885e-01,1.149604e-02,2.722963e-02
7200,layers.0.v_lut.log_select_temp,1.051967e+00,5.481124e-03,5.210356e-03
7200,layers.0.out_proj.weights,3.271985e+02,4.242284e+01,1.296548e-01
7200,layers.0.out_proj.log_soft_score_temp,5.512482e-01,2.400112e-02,4.353959e-02
7200,layers.0.out_proj.log_select_temp,3.749915e-01,1.132882e-02,3.021086e-02
7200,layers.0.residual_lut.weights,1.410544e+02,1.935113e+01,1.371891e-01
7200,layers.0.residual_lut.log_soft_score_temp,2.123311e-01,1.198499e-02,5.644481e-02
7200,layers.0.residual_lut.log_select_temp,2.361809e-01,4.852504e-03,2.054570e-02
7200,layers.0.q_norm.weight,8.871551e+00,1.687713e-02,1.902388e-03
7200,layers.0.q_norm.bias,8.148959e-01,1.180257e-02,1.448353e-02
7200,layers.0.k_norm.weight,8.816280e+00,1.584904e-02,1.797701e-03
7200,layers.0.k_norm.bias,1.367564e+00,1.655892e-02,1.210833e-02
7200,layers.1.qk_lut.weights,1.186966e+02,1.414050e+01,1.191314e-01
7200,layers.1.qk_lut.log_soft_score_temp,2.644008e-01,6.082952e-03,2.300656e-02
7200,layers.1.qk_lut.log_select_temp,1.004846e+00,8.576155e-03,8.534796e-03
7200,layers.1.v_lut.weights,1.582428e+02,1.968935e+01,1.244249e-01
7200,layers.1.v_lut.log_soft_score_temp,6.441883e-02,1.304936e-02,2.025705e-01
7200,layers.1.v_lut.log_select_temp,1.256938e+00,1.430488e-02,1.138073e-02
7200,layers.1.out_proj.weights,3.293034e+02,4.347826e+01,1.320310e-01
7200,layers.1.out_proj.log_soft_score_temp,7.672220e-01,3.260505e-02,4.249754e-02
7200,layers.1.out_proj.log_select_temp,3.633749e-01,6.775230e-03,1.864529e-02
7200,layers.1.residual_lut.weights,1.489211e+02,1.976970e+01,1.327529e-01
7200,layers.1.residual_lut.log_soft_score_temp,6.866900e-02,8.196123e-03,1.193570e-01
7200,layers.1.residual_lut.log_select_temp,9.057887e-01,1.879358e-02,2.074831e-02
7200,layers.1.q_norm.weight,9.312866e+00,1.474215e-02,1.582987e-03
7200,layers.1.q_norm.bias,7.435340e-01,9.266919e-03,1.246334e-02
7200,layers.1.k_norm.weight,9.251486e+00,1.580976e-02,1.708889e-03
7200,layers.1.k_norm.bias,1.003168e+00,1.316198e-02,1.312041e-02
7200,layers.2.qk_lut.weights,1.191564e+02,1.423676e+01,1.194796e-01
7200,layers.2.qk_lut.log_soft_score_temp,1.829195e-01,9.853214e-03,5.386640e-02
7200,layers.2.qk_lut.log_select_temp,9.702076e-01,6.916344e-03,7.128726e-03
7200,layers.2.v_lut.weights,1.593256e+02,2.007367e+01,1.259915e-01
7200,layers.2.v_lut.log_soft_score_temp,2.540673e-02,1.490002e-02,5.864596e-01
7200,layers.2.v_lut.log_select_temp,1.174076e+00,1.189840e-02,1.013427e-02
7200,layers.2.out_proj.weights,3.375202e+02,4.357580e+01,1.291058e-01
7200,layers.2.out_proj.log_soft_score_temp,6.805733e-01,3.132886e-02,4.603304e-02
7200,layers.2.out_proj.log_select_temp,4.561470e-01,6.326765e-03,1.387001e-02
7200,layers.2.residual_lut.weights,1.555521e+02,1.990226e+01,1.279459e-01
7200,layers.2.residual_lut.log_soft_score_temp,1.098868e-01,1.473662e-02,1.341073e-01
7200,layers.2.residual_lut.log_select_temp,1.119883e+00,1.642513e-02,1.466683e-02
7200,layers.2.q_norm.weight,9.382425e+00,1.893483e-02,2.018117e-03
7200,layers.2.q_norm.bias,9.666522e-01,9.757464e-03,1.009408e-02
7200,layers.2.k_norm.weight,9.320496e+00,1.787573e-02,1.917895e-03
7200,layers.2.k_norm.bias,1.348833e+00,1.406057e-02,1.042425e-02
7200,layers.3.qk_lut.weights,1.164566e+02,1.425997e+01,1.224488e-01
7200,layers.3.qk_lut.log_soft_score_temp,1.214813e-01,1.276399e-02,1.050696e-01
7200,layers.3.qk_lut.log_select_temp,1.089616e+00,9.978175e-03,9.157515e-03
7200,layers.3.v_lut.weights,1.606671e+02,2.014956e+01,1.254118e-01
7200,layers.3.v_lut.log_soft_score_temp,1.558844e-01,2.090958e-02,1.341352e-01
7200,layers.3.v_lut.log_select_temp,1.165744e+00,1.318061e-02,1.130661e-02
7200,layers.3.out_proj.weights,3.824230e+02,4.478455e+01,1.171074e-01
7200,layers.3.out_proj.log_soft_score_temp,4.914424e-01,3.187957e-02,6.486940e-02
7200,layers.3.out_proj.log_select_temp,1.196121e+00,1.164925e-02,9.739194e-03
7200,layers.3.residual_lut.weights,1.688767e+02,2.003815e+01,1.186555e-01
7200,layers.3.residual_lut.log_soft_score_temp,2.248272e-01,1.756483e-02,7.812592e-02
7200,layers.3.residual_lut.log_select_temp,1.173792e+00,1.816356e-02,1.547425e-02
7200,layers.3.q_norm.weight,1.026008e+01,3.008724e-02,2.932456e-03
7200,layers.3.q_norm.bias,9.461446e-01,2.566973e-02,2.713087e-02
7200,layers.3.k_norm.weight,1.016518e+01,3.079485e-02,3.029444e-03
7200,layers.3.k_norm.bias,1.344212e+00,2.248106e-02,1.672435e-02
7200,layers.4.qk_lut.weights,1.192127e+02,1.441357e+01,1.209063e-01
7200,layers.4.qk_lut.log_soft_score_temp,1.574274e-01,1.097901e-02,6.974017e-02
7200,layers.4.qk_lut.log_select_temp,9.818001e-01,9.006977e-03,9.173942e-03
7200,layers.4.v_lut.weights,1.649358e+02,2.035926e+01,1.234375e-01
7200,layers.4.v_lut.log_soft_score_temp,4.925578e-01,1.729321e-02,3.510901e-02
7200,layers.4.v_lut.log_select_temp,1.170854e+00,4.865885e-03,4.155842e-03
7200,layers.4.out_proj.weights,3.615033e+02,4.461797e+01,1.234234e-01
7200,layers.4.out_proj.log_soft_score_temp,3.059211e-01,2.366492e-02,7.735629e-02
7200,layers.4.out_proj.log_select_temp,9.296539e-01,1.388067e-02,1.493101e-02
7200,layers.4.residual_lut.weights,1.713276e+02,2.015399e+01,1.176342e-01
7200,layers.4.residual_lut.log_soft_score_temp,1.450973e-01,1.890139e-02,1.302670e-01
7200,layers.4.residual_lut.log_select_temp,1.197361e+00,1.872206e-02,1.563611e-02
7200,layers.4.q_norm.weight,9.190971e+00,2.144208e-02,2.332950e-03
7200,layers.4.q_norm.bias,4.612473e-01,1.197324e-02,2.595840e-02
7200,layers.4.k_norm.weight,9.144329e+00,2.179209e-02,2.383126e-03
7200,layers.4.k_norm.bias,7.781926e-01,1.638476e-02,2.105490e-02
7200,layers.5.qk_lut.weights,1.183084e+02,1.442121e+01,1.218950e-01
7200,layers.5.qk_lut.log_soft_score_temp,2.974059e-01,9.181559e-03,3.087215e-02
7200,layers.5.qk_lut.log_select_temp,8.764622e-01,6.792605e-03,7.750026e-03
7200,layers.5.v_lut.weights,1.660345e+02,2.020273e+01,1.216779e-01
7200,layers.5.v_lut.log_soft_score_temp,1.032837e+00,7.902861e-03,7.651602e-03
7200,layers.5.v_lut.log_select_temp,1.288345e+00,4.179835e-03,3.244345e-03
7200,layers.5.out_proj.weights,4.381087e+02,4.803907e+01,1.096510e-01
7200,layers.5.out_proj.log_soft_score_temp,1.404257e-02,2.023003e-02,1.440622e+00
7200,layers.5.out_proj.log_select_temp,1.056288e+00,1.293576e-02,1.224643e-02
7200,layers.5.residual_lut.weights,1.947941e+02,2.059877e+01,1.057464e-01
7200,layers.5.residual_lut.log_soft_score_temp,3.213410e-01,1.561928e-02,4.860656e-02
7200,layers.5.residual_lut.log_select_temp,1.111452e+00,1.801801e-02,1.621123e-02
7200,layers.5.q_norm.weight,8.639723e+00,2.402738e-02,2.781036e-03
7200,layers.5.q_norm.bias,3.791432e-01,1.326770e-02,3.499390e-02
7200,layers.5.k_norm.weight,8.625602e+00,2.457199e-02,2.848728e-03
7200,layers.5.k_norm.bias,4.791353e-01,1.738158e-02,3.627698e-02
7200,ln_final.weight,4.330128e+01,5.328510e-01,1.230566e-02
7200,ln_final.bias,1.839460e+00,5.145755e-02,2.797426e-02
7400,tok_emb_E.weight,2.171880e+02,8.019810e+00,3.692566e-02
7400,emb_resid_lut.weights,1.949633e+02,1.776503e+01,9.111988e-02
7400,emb_resid_lut.log_soft_score_temp,8.455747e-01,1.612890e-02,1.907448e-02
7400,emb_resid_lut.log_select_temp,1.322150e+00,2.750158e-03,2.080066e-03
7400,unembedder.weight,1.746280e+02,9.606150e+00,5.500923e-02
7400,layers.0.qk_lut.weights,1.200962e+02,1.292360e+01,1.076104e-01
7400,layers.0.qk_lut.log_soft_score_temp,8.264863e-01,4.747510e-04,5.744209e-04
7400,layers.0.qk_lut.log_select_temp,8.907005e-01,2.923250e-03,3.281968e-03
7400,layers.0.v_lut.weights,1.653389e+02,1.990126e+01,1.203665e-01
7400,layers.0.v_lut.log_soft_score_temp,4.118719e-01,1.031664e-02,2.504818e-02
7400,layers.0.v_lut.log_select_temp,1.058951e+00,6.984115e-03,6.595312e-03
7400,layers.0.out_proj.weights,3.300786e+02,4.137629e+01,1.253529e-01
7400,layers.0.out_proj.log_soft_score_temp,5.742518e-01,2.300364e-02,4.005845e-02
7400,layers.0.out_proj.log_select_temp,3.862835e-01,1.129195e-02,2.923229e-02
7400,layers.0.residual_lut.weights,1.421777e+02,1.888415e+01,1.328207e-01
7400,layers.0.residual_lut.log_soft_score_temp,2.256865e-01,1.335542e-02,5.917685e-02
7400,layers.0.residual_lut.log_select_temp,2.357823e-01,3.986210e-04,1.690631e-03
7400,layers.0.q_norm.weight,8.877608e+00,1.408985e-02,1.587122e-03
7400,layers.0.q_norm.bias,8.224715e-01,1.131420e-02,1.375634e-02
7400,layers.0.k_norm.weight,8.821758e+00,1.408816e-02,1.596978e-03
7400,layers.0.k_norm.bias,1.382540e+00,2.238766e-02,1.619314e-02
7400,layers.1.qk_lut.weights,1.198539e+02,1.382424e+01,1.153424e-01
7400,layers.1.qk_lut.log_soft_score_temp,2.564544e-01,7.946342e-03,3.098540e-02
7400,layers.1.qk_lut.log_select_temp,1.009873e+00,5.027413e-03,4.978262e-03
7400,layers.1.v_lut.weights,1.597220e+02,1.922619e+01,1.203729e-01
7400,layers.1.v_lut.log_soft_score_temp,5.207740e-02,1.234143e-02,2.369825e-01
7400,layers.1.v_lut.log_select_temp,1.268589e+00,1.165152e-02,9.184623e-03
7400,layers.1.out_proj.weights,3.318818e+02,4.233939e+01,1.275737e-01
7400,layers.1.out_proj.log_soft_score_temp,7.985235e-01,3.130144e-02,3.919915e-02
7400,layers.1.out_proj.log_select_temp,3.679450e-01,4.570067e-03,1.242052e-02
7400,layers.1.residual_lut.weights,1.502884e+02,1.926930e+01,1.282155e-01
7400,layers.1.residual_lut.log_soft_score_temp,5.929818e-02,9.370822e-03,1.580288e-01
7400,layers.1.residual_lut.log_select_temp,9.225275e-01,1.673877e-02,1.814447e-02
7400,layers.1.q_norm.weight,9.322234e+00,1.618016e-02,1.735653e-03
7400,layers.1.q_norm.bias,7.523211e-01,1.065089e-02,1.415737e-02
7400,layers.1.k_norm.weight,9.260482e+00,1.554390e-02,1.678520e-03
7400,layers.1.k_norm.bias,1.011971e+00,1.375152e-02,1.358885e-02
7400,layers.2.qk_lut.weights,1.203129e+02,1.390035e+01,1.155350e-01
7400,layers.2.qk_lut.log_soft_score_temp,1.753552e-01,7.564262e-03,4.313679e-02
7400,layers.2.qk_lut.log_select_temp,9.764246e-01,6.217003e-03,6.367110e-03
7400,layers.2.v_lut.weights,1.608351e+02,1.956138e+01,1.216239e-01
7400,layers.2.v_lut.log_soft_score_temp,1.102366e-02,1.438307e-02,1.304746e+00
7400,layers.2.v_lut.log_select_temp,1.186012e+00,1.193583e-02,1.006384e-02
7400,layers.2.out_proj.weights,3.404674e+02,4.245798e+01,1.247050e-01
7400,layers.2.out_proj.log_soft_score_temp,7.092229e-01,2.864957e-02,4.039572e-02
7400,layers.2.out_proj.log_select_temp,4.652806e-01,9.133577e-03,1.963026e-02
7400,layers.2.residual_lut.weights,1.570245e+02,1.942662e+01,1.237172e-01
7400,layers.2.residual_lut.log_soft_score_temp,9.674709e-02,1.313970e-02,1.358150e-01
7400,layers.2.residual_lut.log_select_temp,1.137779e+00,1.789606e-02,1.572894e-02
7400,layers.2.q_norm.weight,9.394612e+00,1.868914e-02,1.989346e-03
7400,layers.2.q_norm.bias,9.740614e-01,1.105344e-02,1.134778e-02
7400,layers.2.k_norm.weight,9.331752e+00,1.793975e-02,1.922442e-03
7400,layers.2.k_norm.bias,1.357588e+00,1.517560e-02,1.117835e-02
7400,layers.3.qk_lut.weights,1.175745e+02,1.389094e+01,1.181458e-01
7400,layers.3.qk_lut.log_soft_score_temp,1.300679e-01,8.586533e-03,6.601580e-02
7400,layers.3.qk_lut.log_select_temp,1.102439e+00,1.282299e-02,1.163147e-02
7400,layers.3.v_lut.weights,1.621983e+02,1.962975e+01,1.210231e-01
7400,layers.3.v_lut.log_soft_score_temp,1.364133e-01,1.947106e-02,1.427358e-01
7400,layers.3.v_lut.log_select_temp,1.179558e+00,1.381469e-02,1.171175e-02
7400,layers.3.out_proj.weights,3.868149e+02,4.360828e+01,1.127368e-01
7400,layers.3.out_proj.log_soft_score_temp,5.211556e-01,2.971315e-02,5.701398e-02
7400,layers.3.out_proj.log_select_temp,1.206273e+00,1.015258e-02,8.416483e-03
7400,layers.3.residual_lut.weights,1.706626e+02,1.955394e+01,1.145766e-01
7400,layers.3.residual_lut.log_soft_score_temp,2.053145e-01,1.951274e-02,9.503831e-02
7400,layers.3.residual_lut.log_select_temp,1.191563e+00,1.777053e-02,1.491363e-02
7400,layers.3.q_norm.weight,1.028316e+01,3.000979e-02,2.918344e-03
7400,layers.3.q_norm.bias,9.658111e-01,2.487320e-02,2.575369e-02
7400,layers.3.k_norm.weight,1.018707e+01,3.188467e-02,3.129916e-03
7400,layers.3.k_norm.bias,1.357132e+00,2.060501e-02,1.518276e-02
7400,layers.4.qk_lut.weights,1.203634e+02,1.411237e+01,1.172480e-01
7400,layers.4.qk_lut.log_soft_score_temp,1.488977e-01,8.529693e-03,5.728560e-02
7400,layers.4.qk_lut.log_select_temp,9.904734e-01,8.673251e-03,8.756672e-03
7400,layers.4.v_lut.weights,1.665055e+02,1.984161e+01,1.191649e-01
7400,layers.4.v_lut.log_soft_score_temp,4.757326e-01,1.682514e-02,3.536680e-02
7400,layers.4.v_lut.log_select_temp,1.176283e+00,5.428791e-03,4.615208e-03
7400,layers.4.out_proj.weights,3.650918e+02,4.346655e+01,1.190565e-01
7400,layers.4.out_proj.log_soft_score_temp,3.272073e-01,2.128622e-02,6.505423e-02
7400,layers.4.out_proj.log_select_temp,9.431454e-01,1.349151e-02,1.430481e-02
7400,layers.4.residual_lut.weights,1.732420e+02,1.965771e+01,1.134696e-01
7400,layers.4.residual_lut.log_soft_score_temp,1.246522e-01,2.044509e-02,1.640171e-01
7400,layers.4.residual_lut.log_select_temp,1.217759e+00,2.039790e-02,1.675037e-02
7400,layers.4.q_norm.weight,9.202628e+00,1.764120e-02,1.916974e-03
7400,layers.4.q_norm.bias,4.657777e-01,1.063815e-02,2.283954e-02
7400,layers.4.k_norm.weight,9.156184e+00,1.801101e-02,1.967087e-03
7400,layers.4.k_norm.bias,7.854306e-01,1.557761e-02,1.983321e-02
7400,layers.5.qk_lut.weights,1.194435e+02,1.405320e+01,1.176556e-01
7400,layers.5.qk_lut.log_soft_score_temp,2.878319e-01,9.573996e-03,3.326245e-02
7400,layers.5.qk_lut.log_select_temp,8.825443e-01,6.082118e-03,6.891572e-03
7400,layers.5.v_lut.weights,1.676190e+02,1.964355e+01,1.171916e-01
7400,layers.5.v_lut.log_soft_score_temp,1.021645e+00,1.119244e-02,1.095531e-02
7400,layers.5.v_lut.log_select_temp,1.290336e+00,1.991749e-03,1.543589e-03
7400,layers.5.out_proj.weights,4.419726e+02,4.643877e+01,1.050716e-01
7400,layers.5.out_proj.log_soft_score_temp,5.121400e-03,1.916397e-02,3.741939e+00
7400,layers.5.out_proj.log_select_temp,1.068901e+00,1.261294e-02,1.179992e-02
7400,layers.5.residual_lut.weights,1.969865e+02,2.007600e+01,1.019156e-01
7400,layers.5.residual_lut.log_soft_score_temp,3.055583e-01,1.578271e-02,5.165206e-02
7400,layers.5.residual_lut.log_select_temp,1.129022e+00,1.757002e-02,1.556216e-02
7400,layers.5.q_norm.weight,8.653112e+00,2.223754e-02,2.569890e-03
7400,layers.5.q_norm.bias,3.876739e-01,1.331937e-02,3.435716e-02
7400,layers.5.k_norm.weight,8.639376e+00,2.246066e-02,2.599801e-03
7400,layers.5.k_norm.bias,4.869049e-01,1.680120e-02,3.450611e-02
7400,ln_final.weight,4.381879e+01,5.188398e-01,1.184058e-02
7400,ln_final.bias,1.861452e+00,5.048445e-02,2.712100e-02
7600,tok_emb_E.weight,2.174061e+02,7.800536e+00,3.588002e-02
7600,emb_resid_lut.weights,1.963269e+02,1.727711e+01,8.800175e-02
7600,emb_resid_lut.log_soft_score_temp,8.299771e-01,1.559764e-02,1.879286e-02
7600,emb_resid_lut.log_select_temp,1.320353e+00,1.796603e-03,1.360699e-03
7600,unembedder.weight,1.743835e+02,9.435213e+00,5.410610e-02
7600,layers.0.qk_lut.weights,1.211708e+02,1.259522e+01,1.039460e-01
7600,layers.0.qk_lut.log_soft_score_temp,8.279831e-01,1.496792e-03,1.807757e-03
7600,layers.0.qk_lut.log_select_temp,8.946103e-01,3.909886e-03,4.370490e-03
7600,layers.0.v_lut.weights,1.668033e+02,1.938683e+01,1.162257e-01
7600,layers.0.v_lut.log_soft_score_temp,4.043056e-01,7.566303e-03,1.871432e-02
7600,layers.0.v_lut.log_select_temp,1.066177e+00,7.225156e-03,6.776697e-03
7600,layers.0.out_proj.weights,3.327745e+02,4.025141e+01,1.209570e-01
7600,layers.0.out_proj.log_soft_score_temp,5.933230e-01,1.907116e-02,3.214297e-02
7600,layers.0.out_proj.log_select_temp,3.987998e-01,1.251635e-02,3.138504e-02
7600,layers.0.residual_lut.weights,1.432129e+02,1.837421e+01,1.283000e-01
7600,layers.0.residual_lut.log_soft_score_temp,2.339241e-01,8.237556e-03,3.521465e-02
7600,layers.0.residual_lut.log_select_temp,2.409971e-01,5.214810e-03,2.163848e-02
7600,layers.0.q_norm.weight,8.888698e+00,1.723604e-02,1.939097e-03
7600,layers.0.q_norm.bias,8.306891e-01,1.234462e-02,1.486069e-02
7600,layers.0.k_norm.weight,8.832005e+00,1.703894e-02,1.929227e-03
7600,layers.0.k_norm.bias,1.395717e+00,1.991406e-02,1.426798e-02
7600,layers.1.qk_lut.weights,1.209335e+02,1.345909e+01,1.112933e-01
7600,layers.1.qk_lut.log_soft_score_temp,2.494661e-01,6.988361e-03,2.801327e-02
7600,layers.1.qk_lut.log_select_temp,1.015856e+00,5.982757e-03,5.889375e-03
7600,layers.1.v_lut.weights,1.611370e+02,1.867466e+01,1.158930e-01
7600,layers.1.v_lut.log_soft_score_temp,4.120998e-02,1.086741e-02,2.637083e-01
7600,layers.1.v_lut.log_select_temp,1.282117e+00,1.352751e-02,1.055092e-02
7600,layers.1.out_proj.weights,3.343326e+02,4.122161e+01,1.232952e-01
7600,layers.1.out_proj.log_soft_score_temp,8.279071e-01,2.938366e-02,3.549149e-02
7600,layers.1.out_proj.log_select_temp,3.785493e-01,1.060432e-02,2.801306e-02
7600,layers.1.residual_lut.weights,1.515653e+02,1.876714e+01,1.238221e-01
7600,layers.1.residual_lut.log_soft_score_temp,5.120118e-02,8.096993e-03,1.581407e-01
7600,layers.1.residual_lut.log_select_temp,9.390451e-01,1.651764e-02,1.758982e-02
7600,layers.1.q_norm.weight,9.335320e+00,1.901341e-02,2.036718e-03
7600,layers.1.q_norm.bias,7.577965e-01,8.984286e-03,1.185580e-02
7600,layers.1.k_norm.weight,9.272117e+00,1.815409e-02,1.957923e-03
7600,layers.1.k_norm.bias,1.021083e+00,1.467902e-02,1.437594e-02
7600,layers.2.qk_lut.weights,1.214128e+02,1.357309e+01,1.117929e-01
7600,layers.2.qk_lut.log_soft_score_temp,1.693215e-01,6.033748e-03,3.563487e-02
7600,layers.2.qk_lut.log_select_temp,9.847624e-01,8.337796e-03,8.466809e-03
7600,layers.2.v_lut.weights,1.622433e+02,1.903681e+01,1.173349e-01
7600,layers.2.v_lut.log_soft_score_temp,2.454144e-03,1.347780e-02,5.491854e+00
7600,layers.2.v_lut.log_select_temp,1.197167e+00,1.115513e-02,9.317939e-03
7600,layers.2.out_proj.weights,3.432014e+02,4.129511e+01,1.203233e-01
7600,layers.2.out_proj.log_soft_score_temp,7.379494e-01,2.872646e-02,3.892741e-02
7600,layers.2.out_proj.log_select_temp,4.736407e-01,8.360118e-03,1.765076e-02
7600,layers.2.residual_lut.weights,1.583816e+02,1.889609e+01,1.193073e-01
7600,layers.2.residual_lut.log_soft_score_temp,8.416481e-02,1.258228e-02,1.494957e-01
7600,layers.2.residual_lut.log_select_temp,1.155078e+00,1.729846e-02,1.497602e-02
7600,layers.2.q_norm.weight,9.407688e+00,1.756005e-02,1.866564e-03
7600,layers.2.q_norm.bias,9.806543e-01,9.826832e-03,1.002069e-02
7600,layers.2.k_norm.weight,9.345003e+00,1.900344e-02,2.033540e-03
7600,layers.2.k_norm.bias,1.365041e+00,1.341403e-02,9.826832e-03
7600,layers.3.qk_lut.weights,1.186125e+02,1.353291e+01,1.140935e-01
7600,layers.3.qk_lut.log_soft_score_temp,1.391709e-01,9.103075e-03,6.540931e-02
7600,layers.3.qk_lut.log_select_temp,1.113338e+00,1.089895e-02,9.789433e-03
7600,layers.3.v_lut.weights,1.636239e+02,1.907258e+01,1.165635e-01
7600,layers.3.v_lut.log_soft_score_temp,1.192731e-01,1.714020e-02,1.437055e-01
7600,layers.3.v_lut.log_select_temp,1.193835e+00,1.427710e-02,1.195902e-02
7600,layers.3.out_proj.weights,3.909256e+02,4.248266e+01,1.086720e-01
7600,layers.3.out_proj.log_soft_score_temp,5.505888e-01,2.943325e-02,5.345777e-02
7600,layers.3.out_proj.log_select_temp,1.215210e+00,8.937240e-03,7.354479e-03
7600,layers.3.residual_lut.weights,1.723286e+02,1.903867e+01,1.104788e-01
7600,layers.3.residual_lut.log_soft_score_temp,1.858767e-01,1.943776e-02,1.045734e-01
7600,layers.3.residual_lut.log_select_temp,1.209781e+00,1.821780e-02,1.505876e-02
7600,layers.3.q_norm.weight,1.030173e+01,2.837476e-02,2.754369e-03
7600,layers.3.q_norm.bias,9.846109e-01,2.304572e-02,2.340592e-02
7600,layers.3.k_norm.weight,1.020536e+01,2.878094e-02,2.820178e-03
7600,layers.3.k_norm.bias,1.369708e+00,1.948450e-02,1.422530e-02
7600,layers.4.qk_lut.weights,1.214487e+02,1.369029e+01,1.127249e-01
7600,layers.4.qk_lut.log_soft_score_temp,1.416478e-01,7.249877e-03,5.118242e-02
7600,layers.4.qk_lut.log_select_temp,1.001536e+00,1.106226e-02,1.104530e-02
7600,layers.4.v_lut.weights,1.679712e+02,1.931277e+01,1.149767e-01
7600,layers.4.v_lut.log_soft_score_temp,4.619561e-01,1.377648e-02,2.982205e-02
7600,layers.4.v_lut.log_select_temp,1.182975e+00,6.692052e-03,5.656968e-03
7600,layers.4.out_proj.weights,3.684916e+02,4.225941e+01,1.146822e-01
7600,layers.4.out_proj.log_soft_score_temp,3.464696e-01,1.926228e-02,5.559588e-02
7600,layers.4.out_proj.log_select_temp,9.595724e-01,1.642704e-02,1.711912e-02
7600,layers.4.residual_lut.weights,1.750209e+02,1.911632e+01,1.092231e-01
7600,layers.4.residual_lut.log_soft_score_temp,1.057743e-01,1.887791e-02,1.784735e-01
7600,layers.4.residual_lut.log_select_temp,1.237016e+00,1.925778e-02,1.556793e-02
7600,layers.4.q_norm.weight,9.218056e+00,2.093079e-02,2.270630e-03
7600,layers.4.q_norm.bias,4.719013e-01,1.096597e-02,2.323785e-02
7600,layers.4.k_norm.weight,9.171012e+00,2.147390e-02,2.341497e-03
7600,layers.4.k_norm.bias,7.907640e-01,1.424624e-02,1.801579e-02
7600,layers.5.qk_lut.weights,1.205135e+02,1.368565e+01,1.135612e-01
7600,layers.5.qk_lut.log_soft_score_temp,2.817143e-01,6.117582e-03,2.171555e-02
7600,layers.5.qk_lut.log_select_temp,8.912820e-01,8.737683e-03,9.803500e-03
7600,layers.5.v_lut.weights,1.690722e+02,1.917224e+01,1.133967e-01
7600,layers.5.v_lut.log_soft_score_temp,1.009635e+00,1.201034e-02,1.189573e-02
7600,layers.5.v_lut.log_select_temp,1.290885e+00,5.487204e-04,4.250729e-04
7600,layers.5.out_proj.weights,4.455803e+02,4.510555e+01,1.012288e-01
7600,layers.5.out_proj.log_soft_score_temp,2.117949e-02,1.605809e-02,7.581907e-01
7600,layers.5.out_proj.log_select_temp,1.082270e+00,1.336873e-02,1.235249e-02
7600,layers.5.residual_lut.weights,1.990773e+02,1.952092e+01,9.805700e-02
7600,layers.5.residual_lut.log_soft_score_temp,2.912484e-01,1.430982e-02,4.913270e-02
7600,layers.5.residual_lut.log_select_temp,1.147123e+00,1.810122e-02,1.577966e-02
7600,layers.5.q_norm.weight,8.669169e+00,2.295059e-02,2.647381e-03
7600,layers.5.q_norm.bias,3.926485e-01,1.228470e-02,3.128677e-02
7600,layers.5.k_norm.weight,8.654253e+00,2.224725e-02,2.570672e-03
7600,layers.5.k_norm.bias,4.945420e-01,1.536014e-02,3.105933e-02
7600,ln_final.weight,4.432056e+01,5.030444e-01,1.135014e-02
7600,ln_final.bias,1.882818e+00,4.634544e-02,2.461494e-02
7800,tok_emb_E.weight,2.176118e+02,7.583688e+00,3.484962e-02
7800,emb_resid_lut.weights,1.975821e+02,1.680157e+01,8.503593e-02
7800,emb_resid_lut.log_soft_score_temp,8.152640e-01,1.471311e-02,1.804705e-02
7800,emb_resid_lut.log_select_temp,1.318936e+00,1.417041e-03,1.074382e-03
7800,unembedder.weight,1.741230e+02,9.141317e+00,5.249919e-02
7800,layers.0.qk_lut.weights,1.221851e+02,1.228799e+01,1.005686e-01
7800,layers.0.qk_lut.log_soft_score_temp,8.282749e-01,2.918243e-04,3.523279e-04
7800,layers.0.qk_lut.log_select_temp,8.963823e-01,1.771927e-03,1.976754e-03
7800,layers.0.v_lut.weights,1.681706e+02,1.889252e+01,1.123414e-01
7800,layers.0.v_lut.log_soft_score_temp,3.949596e-01,9.345949e-03,2.366305e-02
7800,layers.0.v_lut.log_select_temp,1.072040e+00,5.863905e-03,5.469854e-03
7800,layers.0.out_proj.weights,3.352683e+02,3.915241e+01,1.167793e-01
7800,layers.0.out_proj.log_soft_score_temp,6.147559e-01,2.143288e-02,3.486405e-02
7800,layers.0.out_proj.log_select_temp,4.083085e-01,9.508640e-03,2.328788e-02
7800,layers.0.residual_lut.weights,1.441750e+02,1.788720e+01,1.240659e-01
7800,layers.0.residual_lut.log_soft_score_temp,2.437348e-01,9.810686e-03,4.025148e-02
7800,layers.0.residual_lut.log_select_temp,2.438996e-01,2.902448e-03,1.190018e-02
7800,layers.0.q_norm.weight,8.892645e+00,1.246681e-02,1.401923e-03
7800,layers.0.q_norm.bias,8.374952e-01,1.144208e-02,1.366226e-02
7800,layers.0.k_norm.weight,8.835443e+00,1.162022e-02,1.315182e-03
7800,layers.0.k_norm.bias,1.409983e+00,1.867980e-02,1.324824e-02
7800,layers.1.qk_lut.weights,1.219361e+02,1.310898e+01,1.075070e-01
7800,layers.1.qk_lut.log_soft_score_temp,2.439146e-01,5.551472e-03,2.275990e-02
7800,layers.1.qk_lut.log_select_temp,1.022566e+00,6.710410e-03,6.562322e-03
7800,layers.1.v_lut.weights,1.624550e+02,1.818156e+01,1.119175e-01
7800,layers.1.v_lut.log_soft_score_temp,2.854623e-02,1.266376e-02,4.436227e-01
7800,layers.1.v_lut.log_select_temp,1.292362e+00,1.024544e-02,7.927685e-03
7800,layers.1.out_proj.weights,3.366022e+02,4.007822e+01,1.190670e-01
7800,layers.1.out_proj.log_soft_score_temp,8.553591e-01,2.745193e-02,3.209404e-02
7800,layers.1.out_proj.log_select_temp,3.891656e-01,1.061630e-02,2.727965e-02
7800,layers.1.residual_lut.weights,1.527742e+02,1.828477e+01,1.196850e-01
7800,layers.1.residual_lut.log_soft_score_temp,4.213517e-02,9.066015e-03,2.151650e-01
7800,layers.1.residual_lut.log_select_temp,9.565573e-01,1.751214e-02,1.830747e-02
7800,layers.1.q_norm.weight,9.345297e+00,1.503459e-02,1.608787e-03
7800,layers.1.q_norm.bias,7.626750e-01,8.565485e-03,1.123084e-02
7800,layers.1.k_norm.weight,9.281861e+00,1.541977e-02,1.661280e-03
7800,layers.1.k_norm.bias,1.028575e+00,1.326127e-02,1.289286e-02
7800,layers.2.qk_lut.weights,1.224335e+02,1.317643e+01,1.076211e-01
7800,layers.2.qk_lut.log_soft_score_temp,1.611873e-01,8.134201e-03,5.046429e-02
7800,layers.2.qk_lut.log_select_temp,9.907276e-01,5.965173e-03,6.021002e-03
7800,layers.2.v_lut.weights,1.635924e+02,1.852668e+01,1.132490e-01
7800,layers.2.v_lut.log_soft_score_temp,1.477306e-02,1.231892e-02,8.338771e-01
7800,layers.2.v_lut.log_select_temp,1.210337e+00,1.316988e-02,1.088117e-02
7800,layers.2.out_proj.weights,3.457783e+02,4.016093e+01,1.161465e-01
7800,layers.2.out_proj.log_soft_score_temp,7.634872e-01,2.553779e-02,3.344888e-02
7800,layers.2.out_proj.log_select_temp,4.855717e-01,1.193103e-02,2.457110e-02
7800,layers.2.residual_lut.weights,1.596692e+02,1.838874e+01,1.151678e-01
7800,layers.2.residual_lut.log_soft_score_temp,7.139813e-02,1.276667e-02,1.788096e-01
7800,layers.2.residual_lut.log_select_temp,1.172267e+00,1.718950e-02,1.466347e-02
7800,layers.2.q_norm.weight,9.419765e+00,1.846782e-02,1.960540e-03
7800,layers.2.q_norm.bias,9.884915e-01,1.136466e-02,1.149697e-02
7800,layers.2.k_norm.weight,9.356333e+00,1.691282e-02,1.807633e-03
7800,layers.2.k_norm.bias,1.375503e+00,1.538564e-02,1.118547e-02
7800,layers.3.qk_lut.weights,1.195995e+02,1.320670e+01,1.104244e-01
7800,layers.3.qk_lut.log_soft_score_temp,1.475058e-01,8.334920e-03,5.650569e-02
7800,layers.3.qk_lut.log_select_temp,1.124630e+00,1.129162e-02,1.004030e-02
7800,layers.3.v_lut.weights,1.649709e+02,1.858902e+01,1.126806e-01
7800,layers.3.v_lut.log_soft_score_temp,1.014043e-01,1.786884e-02,1.762139e-01
7800,layers.3.v_lut.log_select_temp,1.206238e+00,1.240218e-02,1.028170e-02
7800,layers.3.out_proj.weights,3.948444e+02,4.131413e+01,1.046340e-01
7800,layers.3.out_proj.log_soft_score_temp,5.783398e-01,2.775097e-02,4.798385e-02
7800,layers.3.out_proj.log_select_temp,1.225269e+00,1.005900e-02,8.209622e-03
7800,layers.3.residual_lut.weights,1.738942e+02,1.852646e+01,1.065387e-01
7800,layers.3.residual_lut.log_soft_score_temp,1.675318e-01,1.834495e-02,1.095013e-01
7800,layers.3.residual_lut.log_select_temp,1.225516e+00,1.573479e-02,1.283932e-02
7800,layers.3.q_norm.weight,1.032260e+01,2.764866e-02,2.678460e-03
7800,layers.3.q_norm.bias,1.001941e+00,2.269617e-02,2.265221e-02
7800,layers.3.k_norm.weight,1.022515e+01,2.773726e-02,2.712651e-03
7800,layers.3.k_norm.bias,1.381308e+00,1.922790e-02,1.392007e-02
7800,layers.4.qk_lut.weights,1.224654e+02,1.331531e+01,1.087272e-01
7800,layers.4.qk_lut.log_soft_score_temp,1.328858e-01,8.761957e-03,6.593597e-02
7800,layers.4.qk_lut.log_select_temp,1.008804e+00,7.268548e-03,7.205113e-03
7800,layers.4.v_lut.weights,1.693444e+02,1.876355e+01,1.108011e-01
7800,layers.4.v_lut.log_soft_score_temp,4.455799e-01,1.637626e-02,3.675268e-02
7800,layers.4.v_lut.log_select_temp,1.187699e+00,4.723668e-03,3.977160e-03
7800,layers.4.out_proj.weights,3.716934e+02,4.112318e+01,1.106374e-01
7800,layers.4.out_proj.log_soft_score_temp,3.671744e-01,2.070484e-02,5.638964e-02
7800,layers.4.out_proj.log_select_temp,9.734718e-01,1.389933e-02,1.427810e-02
7800,layers.4.residual_lut.weights,1.767157e+02,1.861728e+01,1.053516e-01
7800,layers.4.residual_lut.log_soft_score_temp,8.911145e-02,1.666283e-02,1.869886e-01
7800,layers.4.residual_lut.log_select_temp,1.254720e+00,1.770365e-02,1.410964e-02
7800,layers.4.q_norm.weight,9.230000e+00,1.923052e-02,2.083480e-03
7800,layers.4.q_norm.bias,4.746965e-01,8.376246e-03,1.764548e-02
7800,layers.4.k_norm.weight,9.182281e+00,1.747492e-02,1.903113e-03
7800,layers.4.k_norm.bias,7.958099e-01,1.180539e-02,1.483444e-02
7800,layers.5.qk_lut.weights,1.215448e+02,1.336405e+01,1.099517e-01
7800,layers.5.qk_lut.log_soft_score_temp,2.742017e-01,7.512629e-03,2.739818e-02
7800,layers.5.qk_lut.log_select_temp,8.969224e-01,5.640388e-03,6.288601e-03
7800,layers.5.v_lut.weights,1.704504e+02,1.863997e+01,1.093572e-01
7800,layers.5.v_lut.log_soft_score_temp,9.996891e-01,9.945512e-03,9.948605e-03
7800,layers.5.v_lut.log_select_temp,1.292799e+00,1.913548e-03,1.480159e-03
7800,layers.5.out_proj.weights,4.489922e+02,4.373906e+01,9.741607e-02
7800,layers.5.out_proj.log_soft_score_temp,4.218088e-02,2.100138e-02,4.978887e-01
7800,layers.5.out_proj.log_select_temp,1.092766e+00,1.049650e-02,9.605439e-03
7800,layers.5.residual_lut.weights,2.010197e+02,1.902138e+01,9.462445e-02
7800,layers.5.residual_lut.log_soft_score_temp,2.767498e-01,1.449865e-02,5.238902e-02
7800,layers.5.residual_lut.log_select_temp,1.162970e+00,1.584721e-02,1.362649e-02
7800,layers.5.q_norm.weight,8.683989e+00,2.246235e-02,2.586640e-03
7800,layers.5.q_norm.bias,4.001036e-01,1.144690e-02,2.860984e-02
7800,layers.5.k_norm.weight,8.668421e+00,2.172845e-02,2.506622e-03
7800,layers.5.k_norm.bias,5.007527e-01,1.471311e-02,2.938198e-02
7800,ln_final.weight,4.480577e+01,4.865129e-01,1.085826e-02
7800,ln_final.bias,1.903933e+00,4.774945e-02,2.507937e-02
8000,tok_emb_E.weight,2.178091e+02,7.376389e+00,3.386631e-02
8000,emb_resid_lut.weights,1.987616e+02,1.638997e+01,8.246045e-02
8000,emb_resid_lut.log_soft_score_temp,7.996998e-01,1.556420e-02,1.946256e-02
8000,emb_resid_lut.log_select_temp,1.315475e+00,3.460526e-03,2.630628e-03
8000,unembedder.weight,1.739007e+02,8.879506e+00,5.106079e-02
8000,layers.0.qk_lut.weights,1.231274e+02,1.194698e+01,9.702936e-02
8000,layers.0.qk_lut.log_soft_score_temp,8.274290e-01,8.459091e-04,1.022334e-03
8000,layers.0.qk_lut.log_select_temp,8.981099e-01,1.727581e-03,1.923574e-03
8000,layers.0.v_lut.weights,1.694554e+02,1.834792e+01,1.082758e-01
8000,layers.0.v_lut.log_soft_score_temp,3.864091e-01,8.550525e-03,2.212817e-02
8000,layers.0.v_lut.log_select_temp,1.078039e+00,5.998731e-03,5.564483e-03
8000,layers.0.out_proj.weights,3.376230e+02,3.801844e+01,1.126062e-01
8000,layers.0.out_proj.log_soft_score_temp,6.331440e-01,1.838815e-02,2.904261e-02
8000,layers.0.out_proj.log_select_temp,4.207299e-01,1.242140e-02,2.952345e-02
8000,layers.0.residual_lut.weights,1.450705e+02,1.738433e+01,1.198337e-01
8000,layers.0.residual_lut.log_soft_score_temp,2.529688e-01,9.234011e-03,3.650257e-02
8000,layers.0.residual_lut.log_select_temp,2.478695e-01,3.969893e-03,1.601606e-02
8000,layers.0.q_norm.weight,8.897173e+00,1.209217e-02,1.359102e-03
8000,layers.0.q_norm.bias,8.437498e-01,9.690949e-03,1.148557e-02
8000,layers.0.k_norm.weight,8.839422e+00,1.128895e-02,1.277114e-03
8000,layers.0.k_norm.bias,1.424648e+00,1.931015e-02,1.355433e-02
8000,layers.1.qk_lut.weights,1.228855e+02,1.269438e+01,1.033025e-01
8000,layers.1.qk_lut.log_soft_score_temp,2.372984e-01,6.616220e-03,2.788144e-02
8000,layers.1.qk_lut.log_select_temp,1.027938e+00,5.371332e-03,5.225348e-03
8000,layers.1.v_lut.weights,1.636867e+02,1.763559e+01,1.077399e-01
8000,layers.1.v_lut.log_soft_score_temp,1.434000e-02,1.420623e-02,9.906718e-01
8000,layers.1.v_lut.log_select_temp,1.302716e+00,1.035380e-02,7.947858e-03
8000,layers.1.out_proj.weights,3.386628e+02,3.891147e+01,1.148974e-01
8000,layers.1.out_proj.log_soft_score_temp,8.820187e-01,2.665967e-02,3.022574e-02
8000,layers.1.out_proj.log_select_temp,3.963570e-01,7.191420e-03,1.814379e-02
8000,layers.1.residual_lut.weights,1.538803e+02,1.776198e+01,1.154273e-01
8000,layers.1.residual_lut.log_soft_score_temp,3.345831e-02,8.676860e-03,2.593335e-01
8000,layers.1.residual_lut.log_select_temp,9.722954e-01,1.573813e-02,1.618657e-02
8000,layers.1.q_norm.weight,9.356198e+00,1.490713e-02,1.593289e-03
8000,layers.1.q_norm.bias,7.683458e-01,9.777071e-03,1.272483e-02
8000,layers.1.k_norm.weight,9.292464e+00,1.449207e-02,1.559550e-03
8000,layers.1.k_norm.bias,1.034650e+00,1.209805e-02,1.169289e-02
8000,layers.2.qk_lut.weights,1.233905e+02,1.283604e+01,1.040277e-01
8000,layers.2.qk_lut.log_soft_score_temp,1.568859e-01,4.301369e-03,2.741718e-02
8000,layers.2.qk_lut.log_select_temp,9.996623e-01,8.934677e-03,8.937695e-03
8000,layers.2.v_lut.weights,1.648362e+02,1.795391e+01,1.089197e-01
8000,layers.2.v_lut.log_soft_score_temp,2.554504e-02,1.077197e-02,4.216856e-01
8000,layers.2.v_lut.log_select_temp,1.222246e+00,1.190877e-02,9.743353e-03
8000,layers.2.out_proj.weights,3.481760e+02,3.897608e+01,1.119436e-01
8000,layers.2.out_proj.log_soft_score_temp,7.882082e-01,2.472109e-02,3.136365e-02
8000,layers.2.out_proj.log_select_temp,4.966308e-01,1.105905e-02,2.226815e-02
8000,layers.2.residual_lut.weights,1.608484e+02,1.787500e+01,1.111295e-01
8000,layers.2.residual_lut.log_soft_score_temp,5.821884e-02,1.317929e-02,2.263751e-01
8000,layers.2.residual_lut.log_select_temp,1.187526e+00,1.525915e-02,1.284952e-02
8000,layers.2.q_norm.weight,9.430406e+00,1.739670e-02,1.844745e-03
8000,layers.2.q_norm.bias,9.950123e-01,1.111247e-02,1.116818e-02
8000,layers.2.k_norm.weight,9.366649e+00,1.650785e-02,1.762407e-03
8000,layers.2.k_norm.bias,1.380483e+00,1.221939e-02,8.851528e-03
8000,layers.3.qk_lut.weights,1.205257e+02,1.280072e+01,1.062075e-01
8000,layers.3.qk_lut.log_soft_score_temp,1.561228e-01,8.616969e-03,5.519353e-02
8000,layers.3.qk_lut.log_select_temp,1.134113e+00,9.483695e-03,8.362211e-03
8000,layers.3.v_lut.weights,1.662198e+02,1.802910e+01,1.084654e-01
8000,layers.3.v_lut.log_soft_score_temp,8.716387e-02,1.424041e-02,1.633751e-01
8000,layers.3.v_lut.log_select_temp,1.218766e+00,1.252842e-02,1.027959e-02
8000,layers.3.out_proj.weights,3.985448e+02,4.004147e+01,1.004692e-01
8000,layers.3.out_proj.log_soft_score_temp,6.051297e-01,2.678990e-02,4.427134e-02
8000,layers.3.out_proj.log_select_temp,1.234513e+00,9.243488e-03,7.487559e-03
8000,layers.3.residual_lut.weights,1.753512e+02,1.800986e+01,1.027074e-01
8000,layers.3.residual_lut.log_soft_score_temp,1.502058e-01,1.732597e-02,1.153482e-01
8000,layers.3.residual_lut.log_select_temp,1.241500e+00,1.598489e-02,1.287546e-02
8000,layers.3.q_norm.weight,1.033716e+01,2.353886e-02,2.277111e-03
8000,layers.3.q_norm.bias,1.018673e+00,2.138312e-02,2.099115e-02
8000,layers.3.k_norm.weight,1.023924e+01,2.617587e-02,2.556428e-03
8000,layers.3.k_norm.bias,1.394740e+00,2.085206e-02,1.495051e-02
8000,layers.4.qk_lut.weights,1.234273e+02,1.295639e+01,1.049718e-01
8000,layers.4.qk_lut.log_soft_score_temp,1.260043e-01,6.881535e-03,5.461349e-02
8000,layers.4.qk_lut.log_select_temp,1.018187e+00,9.382725e-03,9.215130e-03
8000,layers.4.v_lut.weights,1.706480e+02,1.827832e+01,1.071112e-01
8000,layers.4.v_lut.log_soft_score_temp,4.315874e-01,1.399252e-02,3.242106e-02
8000,layers.4.v_lut.log_select_temp,1.192999e+00,5.300403e-03,4.442922e-03
8000,layers.4.out_proj.weights,3.747254e+02,3.987622e+01,1.064145e-01
8000,layers.4.out_proj.log_soft_score_temp,3.844014e-01,1.722693e-02,4.481496e-02
8000,layers.4.out_proj.log_select_temp,9.881681e-01,1.469636e-02,1.487233e-02
8000,layers.4.residual_lut.weights,1.783132e+02,1.806685e+01,1.013209e-01
8000,layers.4.residual_lut.log_soft_score_temp,7.147995e-02,1.763150e-02,2.466636e-01
8000,layers.4.residual_lut.log_select_temp,1.272325e+00,1.760483e-02,1.383674e-02
8000,layers.4.q_norm.weight,9.245487e+00,2.016937e-02,2.181537e-03
8000,layers.4.q_norm.bias,4.793450e-01,9.424927e-03,1.966209e-02
8000,layers.4.k_norm.weight,9.196832e+00,2.022059e-02,2.198647e-03
8000,layers.4.k_norm.bias,8.042948e-01,1.359118e-02,1.689826e-02
8000,layers.5.qk_lut.weights,1.224854e+02,1.295468e+01,1.057652e-01
8000,layers.5.qk_lut.log_soft_score_temp,2.657125e-01,8.489192e-03,3.194878e-02
8000,layers.5.qk_lut.log_select_temp,9.024647e-01,5.542338e-03,6.141335e-03
8000,layers.5.v_lut.weights,1.717453e+02,1.807824e+01,1.052619e-01
8000,layers.5.v_lut.log_soft_score_temp,9.898444e-01,9.844661e-03,9.945665e-03
8000,layers.5.v_lut.log_select_temp,1.293699e+00,9.003878e-04,6.959793e-04
8000,layers.5.out_proj.weights,4.522635e+02,4.258380e+01,9.415705e-02
8000,layers.5.out_proj.log_soft_score_temp,5.927270e-02,1.709182e-02,2.883591e-01
8000,layers.5.out_proj.log_select_temp,1.105559e+00,1.279330e-02,1.157179e-02
8000,layers.5.residual_lut.weights,2.028892e+02,1.845394e+01,9.095576e-02
8000,layers.5.residual_lut.log_soft_score_temp,2.623328e-01,1.441696e-02,5.495676e-02
8000,layers.5.residual_lut.log_select_temp,1.179060e+00,1.608932e-02,1.364589e-02
8000,layers.5.q_norm.weight,8.697722e+00,1.903500e-02,2.188504e-03
8000,layers.5.q_norm.bias,4.080300e-01,1.227326e-02,3.007931e-02
8000,layers.5.k_norm.weight,8.682709e+00,2.064546e-02,2.377767e-03
8000,layers.5.k_norm.bias,5.041234e-01,1.490238e-02,2.956097e-02
8000,ln_final.weight,4.527801e+01,4.735486e-01,1.045869e-02
8000,ln_final.bias,1.923982e+00,4.486583e-02,2.331926e-02
8200,tok_emb_E.weight,2.179944e+02,7.170574e+00,3.289338e-02
8200,emb_resid_lut.weights,1.998612e+02,1.592269e+01,7.966872e-02
8200,emb_resid_lut.log_soft_score_temp,7.861654e-01,1.353437e-02,1.721567e-02
8200,emb_resid_lut.log_select_temp,1.313797e+00,1.678824e-03,1.277842e-03
8200,unembedder.weight,1.736529e+02,8.611579e+00,4.959076e-02
8200,layers.0.qk_lut.weights,1.240147e+02,1.159413e+01,9.348990e-02
8200,layers.0.qk_lut.log_soft_score_temp,8.275655e-01,1.364946e-04,1.649351e-04
8200,layers.0.qk_lut.log_select_temp,9.003248e-01,2.214968e-03,2.460188e-03
8200,layers.0.v_lut.weights,1.706558e+02,1.784225e+01,1.045511e-01
8200,layers.0.v_lut.log_soft_score_temp,3.788614e-01,7.547677e-03,1.992200e-02
8200,layers.0.v_lut.log_select_temp,1.083577e+00,5.537510e-03,5.110400e-03
8200,layers.0.out_proj.weights,3.398022e+02,3.693526e+01,1.086963e-01
8200,layers.0.out_proj.log_soft_score_temp,6.501370e-01,1.699299e-02,2.613755e-02
8200,layers.0.out_proj.log_select_temp,4.321936e-01,1.146373e-02,2.652453e-02
8200,layers.0.residual_lut.weights,1.458675e+02,1.688924e+01,1.157848e-01
8200,layers.0.residual_lut.log_soft_score_temp,2.636358e-01,1.066697e-02,4.046100e-02
8200,layers.0.residual_lut.log_select_temp,2.491891e-01,1.319677e-03,5.295883e-03
8200,layers.0.q_norm.weight,8.905291e+00,1.490248e-02,1.673442e-03
8200,layers.0.q_norm.bias,8.501256e-01,1.052285e-02,1.237799e-02
8200,layers.0.k_norm.weight,8.846730e+00,1.441336e-02,1.629230e-03
8200,layers.0.k_norm.bias,1.436169e+00,1.579866e-02,1.100056e-02
8200,layers.1.qk_lut.weights,1.237761e+02,1.237219e+01,9.995616e-02
8200,layers.1.qk_lut.log_soft_score_temp,2.304154e-01,6.882951e-03,2.987192e-02
8200,layers.1.qk_lut.log_select_temp,1.032655e+00,4.717469e-03,4.568291e-03
8200,layers.1.v_lut.weights,1.648408e+02,1.711936e+01,1.038539e-01
8200,layers.1.v_lut.log_soft_score_temp,4.685678e-03,9.654320e-03,2.060389e+00
8200,layers.1.v_lut.log_select_temp,1.314260e+00,1.154363e-02,8.783371e-03
8200,layers.1.out_proj.weights,3.405974e+02,3.777056e+01,1.108951e-01
8200,layers.1.out_proj.log_soft_score_temp,9.049344e-01,2.291566e-02,2.532301e-02
8200,layers.1.out_proj.log_select_temp,4.052957e-01,8.938700e-03,2.205476e-02
8200,layers.1.residual_lut.weights,1.549283e+02,1.726239e+01,1.114218e-01
8200,layers.1.residual_lut.log_soft_score_temp,2.599270e-02,7.465603e-03,2.872192e-01
8200,layers.1.residual_lut.log_select_temp,9.889886e-01,1.669323e-02,1.687910e-02
8200,layers.1.q_norm.weight,9.365175e+00,1.526216e-02,1.629671e-03
8200,layers.1.q_norm.bias,7.742456e-01,1.012282e-02,1.307443e-02
8200,layers.1.k_norm.weight,9.300449e+00,1.504311e-02,1.617461e-03
8200,layers.1.k_norm.bias,1.043782e+00,1.466932e-02,1.405401e-02
8200,layers.2.qk_lut.weights,1.242768e+02,1.239253e+01,9.971714e-02
8200,layers.2.qk_lut.log_soft_score_temp,1.521114e-01,4.774481e-03,3.138805e-02
8200,layers.2.qk_lut.log_select_temp,1.007595e+00,7.932663e-03,7.872869e-03
8200,layers.2.v_lut.weights,1.660058e+02,1.745414e+01,1.051417e-01
8200,layers.2.v_lut.log_soft_score_temp,3.709402e-02,1.154898e-02,3.113435e-01
8200,layers.2.v_lut.log_select_temp,1.234245e+00,1.199949e-02,9.722128e-03
8200,layers.2.out_proj.weights,3.504080e+02,3.781472e+01,1.079163e-01
8200,layers.2.out_proj.log_soft_score_temp,8.123613e-01,2.415305e-02,2.973191e-02
8200,layers.2.out_proj.log_select_temp,5.069041e-01,1.027337e-02,2.026688e-02
8200,layers.2.residual_lut.weights,1.619507e+02,1.736583e+01,1.072291e-01
8200,layers.2.residual_lut.log_soft_score_temp,4.522541e-02,1.299343e-02,2.873037e-01
8200,layers.2.residual_lut.log_select_temp,1.203679e+00,1.615238e-02,1.341918e-02
8200,layers.2.q_norm.weight,9.436098e+00,1.539649e-02,1.631659e-03
8200,layers.2.q_norm.bias,9.979941e-01,8.244934e-03,8.261507e-03
8200,layers.2.k_norm.weight,9.372797e+00,1.717928e-02,1.832887e-03
8200,layers.2.k_norm.bias,1.383239e+00,1.168036e-02,8.444207e-03
8200,layers.3.qk_lut.weights,1.213817e+02,1.243607e+01,1.024543e-01
8200,layers.3.qk_lut.log_soft_score_temp,1.636767e-01,7.553920e-03,4.615146e-02
8200,layers.3.qk_lut.log_select_temp,1.143306e+00,9.192348e-03,8.040149e-03
8200,layers.3.v_lut.weights,1.673898e+02,1.747729e+01,1.044107e-01
8200,layers.3.v_lut.log_soft_score_temp,7.125990e-02,1.590397e-02,2.231826e-01
8200,layers.3.v_lut.log_select_temp,1.230102e+00,1.133597e-02,9.215470e-03
8200,layers.3.out_proj.weights,4.020618e+02,3.883850e+01,9.659835e-02
8200,layers.3.out_proj.log_soft_score_temp,6.299027e-01,2.477300e-02,3.932830e-02
8200,layers.3.out_proj.log_select_temp,1.243050e+00,8.536696e-03,6.867543e-03
8200,layers.3.residual_lut.weights,1.767292e+02,1.748851e+01,9.895651e-02
8200,layers.3.residual_lut.log_soft_score_temp,1.357261e-01,1.447973e-02,1.066835e-01
8200,layers.3.residual_lut.log_select_temp,1.257224e+00,1.572311e-02,1.250622e-02
8200,layers.3.q_norm.weight,1.035545e+01,2.489936e-02,2.404469e-03
8200,layers.3.q_norm.bias,1.035423e+00,2.069311e-02,1.998518e-02
8200,layers.3.k_norm.weight,1.025691e+01,2.555298e-02,2.491294e-03
8200,layers.3.k_norm.bias,1.403965e+00,1.617075e-02,1.151791e-02
8200,layers.4.qk_lut.weights,1.243135e+02,1.257369e+01,1.011450e-01
8200,layers.4.qk_lut.log_soft_score_temp,1.186121e-01,7.392220e-03,6.232265e-02
8200,layers.4.qk_lut.log_select_temp,1.025450e+00,7.263184e-03,7.082922e-03
8200,layers.4.v_lut.weights,1.718522e+02,1.762074e+01,1.025343e-01
8200,layers.4.v_lut.log_soft_score_temp,4.191765e-01,1.241091e-02,2.960784e-02
8200,layers.4.v_lut.log_select_temp,1.198021e+00,5.021453e-03,4.191458e-03
8200,layers.4.out_proj.weights,3.775629e+02,3.859650e+01,1.022253e-01
8200,layers.4.out_proj.log_soft_score_temp,4.029427e-01,1.854134e-02,4.601482e-02
8200,layers.4.out_proj.log_select_temp,1.002471e+00,1.430321e-02,1.426795e-02
8200,layers.4.residual_lut.weights,1.798023e+02,1.754567e+01,9.758313e-02
8200,layers.4.residual_lut.log_soft_score_temp,5.390518e-02,1.757476e-02,3.260311e-01
8200,layers.4.residual_lut.log_select_temp,1.289082e+00,1.675677e-02,1.299900e-02
8200,layers.4.q_norm.weight,9.257459e+00,1.761938e-02,1.903263e-03
8200,layers.4.q_norm.bias,4.856004e-01,9.456039e-03,1.947288e-02
8200,layers.4.k_norm.weight,9.208218e+00,1.899593e-02,2.062932e-03
8200,layers.4.k_norm.bias,8.123519e-01,1.539468e-02,1.895075e-02
8200,layers.5.qk_lut.weights,1.233712e+02,1.248973e+01,1.012370e-01
8200,layers.5.qk_lut.log_soft_score_temp,2.574005e-01,8.312047e-03,3.229227e-02
8200,layers.5.qk_lut.log_select_temp,9.068983e-01,4.433513e-03,4.888655e-03
8200,layers.5.v_lut.weights,1.729487e+02,1.751111e+01,1.012503e-01
8200,layers.5.v_lut.log_soft_score_temp,9.825052e-01,7.339239e-03,7.469924e-03
8200,layers.5.v_lut.log_select_temp,1.295564e+00,1.864672e-03,1.439274e-03
8200,layers.5.out_proj.weights,4.553451e+02,4.113487e+01,9.033778e-02
8200,layers.5.out_proj.log_soft_score_temp,7.810257e-02,1.882987e-02,2.410916e-01
8200,layers.5.out_proj.log_select_temp,1.114635e+00,9.075880e-03,8.142467e-03
8200,layers.5.residual_lut.weights,2.046365e+02,1.790558e+01,8.749948e-02
8200,layers.5.residual_lut.log_soft_score_temp,2.486734e-01,1.365940e-02,5.492908e-02
8200,layers.5.residual_lut.log_select_temp,1.193204e+00,1.414430e-02,1.185405e-02
8200,layers.5.q_norm.weight,8.709661e+00,1.916183e-02,2.200066e-03
8200,layers.5.q_norm.bias,4.146169e-01,1.136593e-02,2.741308e-02
8200,layers.5.k_norm.weight,8.694287e+00,1.822391e-02,2.096079e-03
8200,layers.5.k_norm.bias,5.085984e-01,1.415563e-02,2.783263e-02
8200,ln_final.weight,4.573977e+01,4.629758e-01,1.012195e-02
8200,ln_final.bias,1.944515e+00,4.473501e-02,2.300574e-02
8400,tok_emb_E.weight,2.181680e+02,6.949926e+00,3.185585e-02
8400,emb_resid_lut.weights,2.008660e+02,1.545371e+01,7.693543e-02
8400,emb_resid_lut.log_soft_score_temp,7.731075e-01,1.305789e-02,1.689013e-02
8400,emb_resid_lut.log_select_temp,1.311233e+00,2.563596e-03,1.955103e-03
8400,unembedder.weight,1.734262e+02,8.377664e+00,4.830678e-02
8400,layers.0.qk_lut.weights,1.248357e+02,1.121061e+01,8.980291e-02
8400,layers.0.qk_lut.log_soft_score_temp,8.292706e-01,1.705110e-03,2.056156e-03
8400,layers.0.qk_lut.log_select_temp,9.038403e-01,3.515482e-03,3.889495e-03
8400,layers.0.v_lut.weights,1.717708e+02,1.726616e+01,1.005186e-01
8400,layers.0.v_lut.log_soft_score_temp,3.701215e-01,8.739948e-03,2.361373e-02
8400,layers.0.v_lut.log_select_temp,1.089554e+00,5.977631e-03,5.486308e-03
8400,layers.0.out_proj.weights,3.418149e+02,3.572126e+01,1.045047e-01
8400,layers.0.out_proj.log_soft_score_temp,6.668282e-01,1.669121e-02,2.503075e-02
8400,layers.0.out_proj.log_select_temp,4.439232e-01,1.172963e-02,2.642265e-02
8400,layers.0.residual_lut.weights,1.466018e+02,1.635806e+01,1.115816e-01
8400,layers.0.residual_lut.log_soft_score_temp,2.722975e-01,8.661717e-03,3.180976e-02
8400,layers.0.residual_lut.log_select_temp,2.526477e-01,3.458530e-03,1.368914e-02
8400,layers.0.q_norm.weight,8.910792e+00,1.391770e-02,1.561893e-03
8400,layers.0.q_norm.bias,8.563601e-01,1.054364e-02,1.231215e-02
8400,layers.0.k_norm.weight,8.851704e+00,1.295409e-02,1.463457e-03
8400,layers.0.k_norm.bias,1.448074e+00,1.607521e-02,1.110110e-02
8400,layers.1.qk_lut.weights,1.246037e+02,1.194859e+01,9.589270e-02
8400,layers.1.qk_lut.log_soft_score_temp,2.251028e-01,5.312651e-03,2.360100e-02
8400,layers.1.qk_lut.log_select_temp,1.038342e+00,5.686402e-03,5.476427e-03
8400,layers.1.v_lut.weights,1.659152e+02,1.657902e+01,9.992470e-02
8400,layers.1.v_lut.log_soft_score_temp,8.442399e-03,1.312808e-02,1.555017e+00
8400,layers.1.v_lut.log_select_temp,1.321975e+00,7.715464e-03,5.836314e-03
8400,layers.1.out_proj.weights,3.423829e+02,3.654486e+01,1.067368e-01
8400,layers.1.out_proj.log_soft_score_temp,9.291882e-01,2.425379e-02,2.610212e-02
8400,layers.1.out_proj.log_select_temp,4.144849e-01,9.189188e-03,2.217014e-02
8400,layers.1.residual_lut.weights,1.558863e+02,1.671491e+01,1.072250e-01
8400,layers.1.residual_lut.log_soft_score_temp,1.891681e-02,7.075896e-03,3.740534e-01
8400,layers.1.residual_lut.log_select_temp,1.005278e+00,1.628983e-02,1.620430e-02
8400,layers.1.q_norm.weight,9.373590e+00,1.454046e-02,1.551216e-03
8400,layers.1.q_norm.bias,7.801495e-01,9.118165e-03,1.168772e-02
8400,layers.1.k_norm.weight,9.308616e+00,1.476468e-02,1.586131e-03
8400,layers.1.k_norm.bias,1.050572e+00,1.231994e-02,1.172689e-02
8400,layers.2.qk_lut.weights,1.251318e+02,1.205845e+01,9.636598e-02
8400,layers.2.qk_lut.log_soft_score_temp,1.463138e-01,5.797625e-03,3.962459e-02
8400,layers.2.qk_lut.log_select_temp,1.014192e+00,6.596804e-03,6.504494e-03
8400,layers.2.v_lut.weights,1.670812e+02,1.684867e+01,1.008412e-01
8400,layers.2.v_lut.log_soft_score_temp,4.965618e-02,1.256216e-02,2.529827e-01
8400,layers.2.v_lut.log_select_temp,1.242398e+00,8.153200e-03,6.562469e-03
8400,layers.2.out_proj.weights,3.524555e+02,3.656041e+01,1.037306e-01
8400,layers.2.out_proj.log_soft_score_temp,8.357645e-01,2.340317e-02,2.800211e-02
8400,layers.2.out_proj.log_select_temp,5.148195e-01,7.915378e-03,1.537505e-02
8400,layers.2.residual_lut.weights,1.629693e+02,1.681674e+01,1.031896e-01
8400,layers.2.residual_lut.log_soft_score_temp,3.454591e-02,1.067949e-02,3.091392e-01
8400,layers.2.residual_lut.log_select_temp,1.220150e+00,1.647127e-02,1.349938e-02
8400,layers.2.q_norm.weight,9.447308e+00,1.748155e-02,1.850426e-03
8400,layers.2.q_norm.bias,1.005149e+00,9.785837e-03,9.735703e-03
8400,layers.2.k_norm.weight,9.383715e+00,1.596159e-02,1.700988e-03
8400,layers.2.k_norm.bias,1.392027e+00,1.417621e-02,1.018386e-02
8400,layers.3.qk_lut.weights,1.221777e+02,1.204048e+01,9.854893e-02
8400,layers.3.qk_lut.log_soft_score_temp,1.702449e-01,6.568164e-03,3.858068e-02
8400,layers.3.qk_lut.log_select_temp,1.152880e+00,9.574294e-03,8.304676e-03
8400,layers.3.v_lut.weights,1.684863e+02,1.696564e+01,1.006945e-01
8400,layers.3.v_lut.log_soft_score_temp,5.387454e-02,1.738536e-02,3.227008e-01
8400,layers.3.v_lut.log_select_temp,1.239535e+00,9.433270e-03,7.610327e-03
8400,layers.3.out_proj.weights,4.053816e+02,3.758418e+01,9.271309e-02
8400,layers.3.out_proj.log_soft_score_temp,6.523185e-01,2.241582e-02,3.436330e-02
8400,layers.3.out_proj.log_select_temp,1.254178e+00,1.112795e-02,8.872706e-03
8400,layers.3.residual_lut.weights,1.780199e+02,1.693255e+01,9.511602e-02
8400,layers.3.residual_lut.log_soft_score_temp,1.196032e-01,1.612291e-02,1.348033e-01
8400,layers.3.residual_lut.log_select_temp,1.274316e+00,1.709223e-02,1.341287e-02
8400,layers.3.q_norm.weight,1.036999e+01,2.373185e-02,2.288511e-03
8400,layers.3.q_norm.bias,1.050015e+00,1.910109e-02,1.819125e-02
8400,layers.3.k_norm.weight,1.027161e+01,2.357271e-02,2.294938e-03
8400,layers.3.k_norm.bias,1.413287e+00,1.893325e-02,1.339661e-02
8400,layers.4.qk_lut.weights,1.251342e+02,1.213835e+01,9.700265e-02
8400,layers.4.qk_lut.log_soft_score_temp,1.118734e-01,6.738655e-03,6.023463e-02
8400,layers.4.qk_lut.log_select_temp,1.032232e+00,6.782055e-03,6.570281e-03
8400,layers.4.v_lut.weights,1.729715e+02,1.707957e+01,9.874207e-02
8400,layers.4.v_lut.log_soft_score_temp,4.045826e-01,1.459387e-02,3.607142e-02
8400,layers.4.v_lut.log_select_temp,1.202909e+00,4.888892e-03,4.064223e-03
8400,layers.4.out_proj.weights,3.802363e+02,3.740664e+01,9.837735e-02
8400,layers.4.out_proj.log_soft_score_temp,4.200307e-01,1.708803e-02,4.068280e-02
8400,layers.4.out_proj.log_select_temp,1.016153e+00,1.368177e-02,1.346428e-02
8400,layers.4.residual_lut.weights,1.811982e+02,1.699862e+01,9.381231e-02
8400,layers.4.residual_lut.log_soft_score_temp,3.652112e-02,1.738406e-02,4.760003e-01
8400,layers.4.residual_lut.log_select_temp,1.306794e+00,1.771200e-02,1.355378e-02
8400,layers.4.q_norm.weight,9.267552e+00,1.565419e-02,1.689140e-03
8400,layers.4.q_norm.bias,4.887589e-01,7.930654e-03,1.622611e-02
8400,layers.4.k_norm.weight,9.218170e+00,1.610498e-02,1.747090e-03
8400,layers.4.k_norm.bias,8.177219e-01,1.179824e-02,1.442818e-02
8400,layers.5.qk_lut.weights,1.242051e+02,1.218496e+01,9.810356e-02
8400,layers.5.qk_lut.log_soft_score_temp,2.544100e-01,2.990454e-03,1.175447e-02
8400,layers.5.qk_lut.log_select_temp,9.166076e-01,9.709358e-03,1.059271e-02
8400,layers.5.v_lut.weights,1.740755e+02,1.697624e+01,9.752230e-02
8400,layers.5.v_lut.log_soft_score_temp,9.715332e-01,1.097196e-02,1.129345e-02
8400,layers.5.v_lut.log_select_temp,1.294640e+00,9.233952e-04,7.132445e-04
8400,layers.5.out_proj.weights,4.582491e+02,3.995597e+01,8.719270e-02
8400,layers.5.out_proj.log_soft_score_temp,9.531014e-02,1.720758e-02,1.805430e-01
8400,layers.5.out_proj.log_select_temp,1.124464e+00,9.828568e-03,8.740670e-03
8400,layers.5.residual_lut.weights,2.062934e+02,1.734365e+01,8.407270e-02
8400,layers.5.residual_lut.log_soft_score_temp,2.340648e-01,1.460858e-02,6.241252e-02
8400,layers.5.residual_lut.log_select_temp,1.209214e+00,1.600993e-02,1.323995e-02
8400,layers.5.q_norm.weight,8.722558e+00,1.851927e-02,2.123147e-03
8400,layers.5.q_norm.bias,4.177720e-01,9.815526e-03,2.349494e-02
8400,layers.5.k_norm.weight,8.706318e+00,1.775856e-02,2.039732e-03
8400,layers.5.k_norm.bias,5.152727e-01,1.347096e-02,2.614337e-02
8400,ln_final.weight,4.618735e+01,4.488539e-01,9.718113e-03
8400,ln_final.bias,1.965099e+00,4.415114e-02,2.246764e-02
8600,tok_emb_E.weight,2.183325e+02,6.727749e+00,3.081424e-02
8600,emb_resid_lut.weights,2.018162e+02,1.497633e+01,7.420777e-02
8600,emb_resid_lut.log_soft_score_temp,7.623942e-01,1.071334e-02,1.405223e-02
8600,emb_resid_lut.log_select_temp,1.310794e+00,4.395247e-04,3.353119e-04
8600,unembedder.weight,1.731623e+02,8.150794e+00,4.707026e-02
8600,layers.0.qk_lut.weights,1.256045e+02,1.092464e+01,8.697645e-02
8600,layers.0.qk_lut.log_soft_score_temp,8.296325e-01,3.618598e-04,4.361688e-04
8600,layers.0.qk_lut.log_select_temp,9.057877e-01,1.947403e-03,2.149955e-03
8600,layers.0.v_lut.weights,1.728080e+02,1.672985e+01,9.681177e-02
8600,layers.0.v_lut.log_soft_score_temp,3.646510e-01,5.470484e-03,1.500197e-02
8600,layers.0.v_lut.log_select_temp,1.096203e+00,6.648302e-03,6.064848e-03
8600,layers.0.out_proj.weights,3.436857e+02,3.458837e+01,1.006395e-01
8600,layers.0.out_proj.log_soft_score_temp,6.811215e-01,1.429331e-02,2.098497e-02
8600,layers.0.out_proj.log_select_temp,4.553838e-01,1.146060e-02,2.516691e-02
8600,layers.0.residual_lut.weights,1.472686e+02,1.584905e+01,1.076200e-01
8600,layers.0.residual_lut.log_soft_score_temp,2.794115e-01,7.113993e-03,2.546063e-02
8600,layers.0.residual_lut.log_select_temp,2.566024e-01,3.954768e-03,1.541204e-02
8600,layers.0.q_norm.weight,8.916599e+00,1.270526e-02,1.424900e-03
8600,layers.0.q_norm.bias,8.624460e-01,9.869258e-03,1.144333e-02
8600,layers.0.k_norm.weight,8.856827e+00,1.201081e-02,1.356107e-03
8600,layers.0.k_norm.bias,1.459815e+00,1.740056e-02,1.191970e-02
8600,layers.1.qk_lut.weights,1.253659e+02,1.162386e+01,9.271952e-02
8600,layers.1.qk_lut.log_soft_score_temp,2.199382e-01,5.164593e-03,2.348202e-02
8600,layers.1.qk_lut.log_select_temp,1.043539e+00,5.197644e-03,4.980784e-03
8600,layers.1.v_lut.weights,1.669089e+02,1.603947e+01,9.609715e-02
8600,layers.1.v_lut.log_soft_score_temp,1.919157e-02,1.074917e-02,5.600986e-01
8600,layers.1.v_lut.log_select_temp,1.330159e+00,8.183718e-03,6.152435e-03
8600,layers.1.out_proj.weights,3.439943e+02,3.537919e+01,1.028482e-01
8600,layers.1.out_proj.log_soft_score_temp,9.523399e-01,2.315170e-02,2.431033e-02
8600,layers.1.out_proj.log_select_temp,4.214621e-01,6.977260e-03,1.655489e-02
8600,layers.1.residual_lut.weights,1.567613e+02,1.618103e+01,1.032208e-01
8600,layers.1.residual_lut.log_soft_score_temp,1.114903e-02,7.767775e-03,6.967219e-01
8600,layers.1.residual_lut.log_select_temp,1.019315e+00,1.403677e-02,1.377079e-02
8600,layers.1.q_norm.weight,9.380330e+00,1.198436e-02,1.277605e-03
8600,layers.1.q_norm.bias,7.864203e-01,9.616646e-03,1.222838e-02
8600,layers.1.k_norm.weight,9.315205e+00,1.283659e-02,1.378026e-03
8600,layers.1.k_norm.bias,1.054983e+00,1.086550e-02,1.029922e-02
8600,layers.2.qk_lut.weights,1.259104e+02,1.169665e+01,9.289663e-02
8600,layers.2.qk_lut.log_soft_score_temp,1.397115e-01,6.602317e-03,4.725680e-02
8600,layers.2.qk_lut.log_select_temp,1.019841e+00,5.648971e-03,5.539071e-03
8600,layers.2.v_lut.weights,1.681035e+02,1.634790e+01,9.724907e-02
8600,layers.2.v_lut.log_soft_score_temp,5.907238e-02,9.416200e-03,1.594011e-01
8600,layers.2.v_lut.log_select_temp,1.252713e+00,1.031458e-02,8.233797e-03
8600,layers.2.out_proj.weights,3.543580e+02,3.544089e+01,1.000144e-01
8600,layers.2.out_proj.log_soft_score_temp,8.573447e-01,2.158028e-02,2.517106e-02
8600,layers.2.out_proj.log_select_temp,5.254314e-01,1.061189e-02,2.019653e-02
8600,layers.2.residual_lut.weights,1.639249e+02,1.630154e+01,9.944522e-02
8600,layers.2.residual_lut.log_soft_score_temp,2.366334e-02,1.088258e-02,4.598919e-01
8600,layers.2.residual_lut.log_select_temp,1.235639e+00,1.548958e-02,1.253568e-02
8600,layers.2.q_norm.weight,9.453320e+00,1.546868e-02,1.636323e-03
8600,layers.2.q_norm.bias,1.009853e+00,8.918013e-03,8.831004e-03
8600,layers.2.k_norm.weight,9.390678e+00,1.410365e-02,1.501878e-03
8600,layers.2.k_norm.bias,1.393471e+00,1.143464e-02,8.205872e-03
8600,layers.3.qk_lut.weights,1.229311e+02,1.166716e+01,9.490815e-02
8600,layers.3.qk_lut.log_soft_score_temp,1.768018e-01,6.556928e-03,3.708631e-02
8600,layers.3.qk_lut.log_select_temp,1.162120e+00,9.240150e-03,7.951115e-03
8600,layers.3.v_lut.weights,1.694984e+02,1.642763e+01,9.691908e-02
8600,layers.3.v_lut.log_soft_score_temp,3.937183e-02,1.450271e-02,3.683525e-01
8600,layers.3.v_lut.log_select_temp,1.248936e+00,9.401083e-03,7.527271e-03
8600,layers.3.out_proj.weights,4.084774e+02,3.635936e+01,8.901193e-02
8600,layers.3.out_proj.log_soft_score_temp,6.755900e-01,2.327150e-02,3.444619e-02
8600,layers.3.out_proj.log_select_temp,1.261092e+00,6.914258e-03,5.482755e-03
8600,layers.3.residual_lut.weights,1.792062e+02,1.640237e+01,9.152794e-02
8600,layers.3.residual_lut.log_soft_score_temp,1.042729e-01,1.533031e-02,1.470211e-01
8600,layers.3.residual_lut.log_select_temp,1.289583e+00,1.526725e-02,1.183891e-02
8600,layers.3.q_norm.weight,1.038652e+01,2.227051e-02,2.144173e-03
8600,layers.3.q_norm.bias,1.065116e+00,1.897290e-02,1.781300e-02
8600,layers.3.k_norm.weight,1.028813e+01,2.289339e-02,2.225223e-03
8600,layers.3.k_norm.bias,1.422463e+00,1.430284e-02,1.005499e-02
8600,layers.4.qk_lut.weights,1.259108e+02,1.179914e+01,9.371036e-02
8600,layers.4.qk_lut.log_soft_score_temp,1.065473e-01,5.326122e-03,4.998833e-02
8600,layers.4.qk_lut.log_select_temp,1.039538e+00,7.306218e-03,7.028329e-03
8600,layers.4.v_lut.weights,1.740161e+02,1.658026e+01,9.528001e-02
8600,layers.4.v_lut.log_soft_score_temp,3.940406e-01,1.054204e-02,2.675368e-02
8600,layers.4.v_lut.log_select_temp,1.209327e+00,6.417274e-03,5.306485e-03
8600,layers.4.out_proj.weights,3.827733e+02,3.621876e+01,9.462194e-02
8600,layers.4.out_proj.log_soft_score_temp,4.350354e-01,1.500469e-02,3.449074e-02
8600,layers.4.out_proj.log_select_temp,1.030430e+00,1.427674e-02,1.385513e-02
8600,layers.4.residual_lut.weights,1.825098e+02,1.646903e+01,9.023640e-02
8600,layers.4.residual_lut.log_soft_score_temp,1.893736e-02,1.758375e-02,9.285217e-01
8600,layers.4.residual_lut.log_select_temp,1.323704e+00,1.691079e-02,1.277535e-02
8600,layers.4.q_norm.weight,9.279973e+00,1.631510e-02,1.758098e-03
8600,layers.4.q_norm.bias,4.930325e-01,1.006432e-02,2.041309e-02
8600,layers.4.k_norm.weight,9.230196e+00,1.591551e-02,1.724287e-03
8600,layers.4.k_norm.bias,8.218224e-01,1.101374e-02,1.340161e-02
8600,layers.5.qk_lut.weights,1.249634e+02,1.179355e+01,9.437609e-02
8600,layers.5.qk_lut.log_soft_score_temp,2.464220e-01,7.988021e-03,3.241602e-02
8600,layers.5.qk_lut.log_select_temp,9.212242e-01,4.616559e-03,5.011330e-03
8600,layers.5.v_lut.weights,1.750859e+02,1.646553e+01,9.404263e-02
8600,layers.5.v_lut.log_soft_score_temp,9.618104e-01,9.722829e-03,1.010888e-02
8600,layers.5.v_lut.log_select_temp,1.294642e+00,1.430511e-06,1.104948e-06
8600,layers.5.out_proj.weights,4.609781e+02,3.851812e+01,8.355736e-02
8600,layers.5.out_proj.log_soft_score_temp,1.112371e-01,1.592696e-02,1.431803e-01
8600,layers.5.out_proj.log_select_temp,1.134548e+00,1.008403e-02,8.888152e-03
8600,layers.5.residual_lut.weights,2.078625e+02,1.678919e+01,8.077063e-02
8600,layers.5.residual_lut.log_soft_score_temp,2.206724e-01,1.339243e-02,6.068921e-02
8600,layers.5.residual_lut.log_select_temp,1.224030e+00,1.481616e-02,1.210441e-02
8600,layers.5.q_norm.weight,8.736757e+00,1.879056e-02,2.150747e-03
8600,layers.5.q_norm.bias,4.237183e-01,1.136349e-02,2.681851e-02
8600,layers.5.k_norm.weight,8.720174e+00,1.915264e-02,2.196360e-03
8600,layers.5.k_norm.bias,5.225402e-01,1.274751e-02,2.439527e-02
8600,ln_final.weight,4.662485e+01,4.387085e-01,9.409328e-03
8600,ln_final.bias,1.985622e+00,4.317058e-02,2.174158e-02
8800,tok_emb_E.weight,2.184865e+02,6.513949e+00,2.981397e-02
8800,emb_resid_lut.weights,2.026815e+02,1.451505e+01,7.161507e-02
8800,emb_resid_lut.log_soft_score_temp,7.507535e-01,1.164073e-02,1.550539e-02
8800,emb_resid_lut.log_select_temp,1.309305e+00,1.488209e-03,1.136640e-03
8800,unembedder.weight,1.729487e+02,7.805704e+00,4.513307e-02
8800,layers.0.qk_lut.weights,1.263240e+02,1.056139e+01,8.360557e-02
8800,layers.0.qk_lut.log_soft_score_temp,8.306406e-01,1.008093e-03,1.213634e-03
8800,layers.0.qk_lut.log_select_temp,9.082135e-01,2.425790e-03,2.670947e-03
8800,layers.0.v_lut.weights,1.737890e+02,1.621148e+01,9.328256e-02
8800,layers.0.v_lut.log_soft_score_temp,3.586381e-01,6.012857e-03,1.676580e-02
8800,layers.0.v_lut.log_select_temp,1.102550e+00,6.347656e-03,5.757249e-03
8800,layers.0.out_proj.weights,3.454477e+02,3.345263e+01,9.683848e-02
8800,layers.0.out_proj.log_soft_score_temp,6.899258e-01,8.804262e-03,1.276117e-02
8800,layers.0.out_proj.log_select_temp,4.694457e-01,1.406184e-02,2.995413e-02
8800,layers.0.residual_lut.weights,1.478844e+02,1.535148e+01,1.038073e-01
8800,layers.0.residual_lut.log_soft_score_temp,2.846458e-01,5.234331e-03,1.838893e-02
8800,layers.0.residual_lut.log_select_temp,2.631964e-01,6.593972e-03,2.505343e-02
8800,layers.0.q_norm.weight,8.920652e+00,1.127147e-02,1.263525e-03
8800,layers.0.q_norm.bias,8.680007e-01,1.045088e-02,1.204017e-02
8800,layers.0.k_norm.weight,8.860428e+00,1.066025e-02,1.203130e-03
8800,layers.0.k_norm.bias,1.469575e+00,1.392368e-02,9.474629e-03
8800,layers.1.qk_lut.weights,1.260796e+02,1.124477e+01,8.918788e-02
8800,layers.1.qk_lut.log_soft_score_temp,2.139045e-01,6.033689e-03,2.820740e-02
8800,layers.1.qk_lut.log_select_temp,1.047254e+00,3.714442e-03,3.546841e-03
8800,layers.1.v_lut.weights,1.678361e+02,1.555533e+01,9.268169e-02
8800,layers.1.v_lut.log_soft_score_temp,2.977090e-02,1.057933e-02,3.553581e-01
8800,layers.1.v_lut.log_select_temp,1.338485e+00,8.325458e-03,6.220063e-03
8800,layers.1.out_proj.weights,3.454759e+02,3.418156e+01,9.894050e-02
8800,layers.1.out_proj.log_soft_score_temp,9.732767e-01,2.093679e-02,2.151165e-02
8800,layers.1.out_proj.log_select_temp,4.288366e-01,7.374406e-03,1.719631e-02
8800,layers.1.residual_lut.weights,1.575941e+02,1.565671e+01,9.934829e-02
8800,layers.1.residual_lut.log_soft_score_temp,5.557865e-03,5.591168e-03,1.005992e+00
8800,layers.1.residual_lut.log_select_temp,1.035161e+00,1.584589e-02,1.530766e-02
8800,layers.1.q_norm.weight,9.387399e+00,1.354583e-02,1.442981e-03
8800,layers.1.q_norm.bias,7.904071e-01,8.958643e-03,1.133421e-02
8800,layers.1.k_norm.weight,9.322138e+00,1.323369e-02,1.419598e-03
8800,layers.1.k_norm.bias,1.060414e+00,1.156321e-02,1.090443e-02
8800,layers.2.qk_lut.weights,1.266333e+02,1.127089e+01,8.900415e-02
8800,layers.2.qk_lut.log_soft_score_temp,1.343301e-01,5.381376e-03,4.006083e-02
8800,layers.2.qk_lut.log_select_temp,1.025570e+00,5.728841e-03,5.586009e-03
8800,layers.2.v_lut.weights,1.690406e+02,1.582213e+01,9.359958e-02
8800,layers.2.v_lut.log_soft_score_temp,6.862893e-02,9.556554e-03,1.392496e-01
8800,layers.2.v_lut.log_select_temp,1.262401e+00,9.687781e-03,7.674094e-03
8800,layers.2.out_proj.weights,3.561098e+02,3.421883e+01,9.609069e-02
8800,layers.2.out_proj.log_soft_score_temp,8.794090e-01,2.206421e-02,2.508982e-02
8800,layers.2.out_proj.log_select_temp,5.349790e-01,9.547651e-03,1.784678e-02
8800,layers.2.residual_lut.weights,1.647918e+02,1.574423e+01,9.554013e-02
8800,layers.2.residual_lut.log_soft_score_temp,1.254819e-02,1.111515e-02,8.857971e-01
8800,layers.2.residual_lut.log_select_temp,1.249117e+00,1.347709e-02,1.078930e-02
8800,layers.2.q_norm.weight,9.462444e+00,1.356258e-02,1.433306e-03
8800,layers.2.q_norm.bias,1.013478e+00,7.597844e-03,7.496801e-03
8800,layers.2.k_norm.weight,9.399137e+00,1.272864e-02,1.354235e-03
8800,layers.2.k_norm.bias,1.400907e+00,1.437896e-02,1.026404e-02
8800,layers.3.qk_lut.weights,1.236253e+02,1.125238e+01,9.102006e-02
8800,layers.3.qk_lut.log_soft_score_temp,1.823827e-01,5.580842e-03,3.059963e-02
8800,layers.3.qk_lut.log_select_temp,1.170415e+00,8.295298e-03,7.087482e-03
8800,layers.3.v_lut.weights,1.704417e+02,1.588042e+01,9.317214e-02
8800,layers.3.v_lut.log_soft_score_temp,2.572808e-02,1.364375e-02,5.303056e-01
8800,layers.3.v_lut.log_select_temp,1.259212e+00,1.027524e-02,8.160062e-03
8800,layers.3.out_proj.weights,4.113945e+02,3.509420e+01,8.530546e-02
8800,layers.3.out_proj.log_soft_score_temp,6.979911e-01,2.240109e-02,3.209367e-02
8800,layers.3.out_proj.log_select_temp,1.268954e+00,7.862568e-03,6.196100e-03
8800,layers.3.residual_lut.weights,1.803148e+02,1.588445e+01,8.809286e-02
8800,layers.3.residual_lut.log_soft_score_temp,9.067588e-02,1.359698e-02,1.499515e-01
8800,layers.3.residual_lut.log_select_temp,1.302826e+00,1.324284e-02,1.016470e-02
8800,layers.3.q_norm.weight,1.040045e+01,2.078552e-02,1.998522e-03
8800,layers.3.q_norm.bias,1.078925e+00,1.749703e-02,1.621710e-02
8800,layers.3.k_norm.weight,1.030182e+01,2.048337e-02,1.988325e-03
8800,layers.3.k_norm.bias,1.430457e+00,1.514060e-02,1.058445e-02
8800,layers.4.qk_lut.weights,1.266301e+02,1.140305e+01,9.005006e-02
8800,layers.4.qk_lut.log_soft_score_temp,1.015890e-01,4.958279e-03,4.880723e-02
8800,layers.4.qk_lut.log_select_temp,1.045502e+00,5.963326e-03,5.703793e-03
8800,layers.4.v_lut.weights,1.749772e+02,1.599889e+01,9.143414e-02
8800,layers.4.v_lut.log_soft_score_temp,3.823097e-01,1.173082e-02,3.068407e-02
8800,layers.4.v_lut.log_select_temp,1.213400e+00,4.073620e-03,3.357194e-03
8800,layers.4.out_proj.weights,3.850886e+02,3.495488e+01,9.077100e-02
8800,layers.4.out_proj.log_soft_score_temp,4.525351e-01,1.749969e-02,3.867034e-02
8800,layers.4.out_proj.log_select_temp,1.041764e+00,1.133406e-02,1.087968e-02
8800,layers.4.residual_lut.weights,1.837053e+02,1.589936e+01,8.654817e-02
8800,layers.4.residual_lut.log_soft_score_temp,2.101901e-03,1.683546e-02,8.009638e+00
8800,layers.4.residual_lut.log_select_temp,1.337408e+00,1.370358e-02,1.024638e-02
8800,layers.4.q_norm.weight,9.285025e+00,1.295032e-02,1.394753e-03
8800,layers.4.q_norm.bias,4.942616e-01,6.852866e-03,1.386485e-02
8800,layers.4.k_norm.weight,9.234608e+00,1.299535e-02,1.407244e-03
8800,layers.4.k_norm.bias,8.261840e-01,1.221074e-02,1.477968e-02
8800,layers.5.qk_lut.weights,1.256841e+02,1.138266e+01,9.056564e-02
8800,layers.5.qk_lut.log_soft_score_temp,2.392756e-01,7.146388e-03,2.986676e-02
8800,layers.5.qk_lut.log_select_temp,9.263731e-01,5.148947e-03,5.558179e-03
8800,layers.5.v_lut.weights,1.760693e+02,1.583052e+01,8.991076e-02
8800,layers.5.v_lut.log_soft_score_temp,9.503549e-01,1.145554e-02,1.205396e-02
8800,layers.5.v_lut.log_select_temp,1.292625e+00,2.016664e-03,1.560130e-03
8800,layers.5.out_proj.weights,4.635387e+02,3.710104e+01,8.003871e-02
8800,layers.5.out_proj.log_soft_score_temp,1.232542e-01,1.201705e-02,9.749813e-02
8800,layers.5.out_proj.log_select_temp,1.146260e+00,1.171196e-02,1.021754e-02
8800,layers.5.residual_lut.weights,2.093453e+02,1.625726e+01,7.765766e-02
8800,layers.5.residual_lut.log_soft_score_temp,2.063431e-01,1.432928e-02,6.944396e-02
8800,layers.5.residual_lut.log_select_temp,1.238253e+00,1.422346e-02,1.148671e-02
8800,layers.5.q_norm.weight,8.746498e+00,1.487931e-02,1.701174e-03
8800,layers.5.q_norm.bias,4.283529e-01,9.392388e-03,2.192675e-02
8800,layers.5.k_norm.weight,8.728913e+00,1.514697e-02,1.735264e-03
8800,layers.5.k_norm.bias,5.279887e-01,1.195229e-02,2.263739e-02
8800,ln_final.weight,4.704370e+01,4.200070e-01,8.928017e-03
8800,ln_final.bias,2.004744e+00,4.105436e-02,2.047860e-02
9000,tok_emb_E.weight,2.186302e+02,6.294708e+00,2.879158e-02
9000,emb_resid_lut.weights,2.034874e+02,1.402596e+01,6.892790e-02
9000,emb_resid_lut.log_soft_score_temp,7.401015e-01,1.065195e-02,1.439255e-02
9000,emb_resid_lut.log_select_temp,1.308337e+00,9.682178e-04,7.400370e-04
9000,unembedder.weight,1.727154e+02,7.583838e+00,4.390945e-02
9000,layers.0.qk_lut.weights,1.269895e+02,1.022565e+01,8.052359e-02
9000,layers.0.qk_lut.log_soft_score_temp,8.318952e-01,1.254618e-03,1.508145e-03
9000,layers.0.qk_lut.log_select_temp,9.106799e-01,2.466440e-03,2.708350e-03
9000,layers.0.v_lut.weights,1.746928e+02,1.568066e+01,8.976137e-02
9000,layers.0.v_lut.log_soft_score_temp,3.521332e-01,6.504983e-03,1.847308e-02
9000,layers.0.v_lut.log_select_temp,1.107901e+00,5.350828e-03,4.829698e-03
9000,layers.0.out_proj.weights,3.470468e+02,3.232226e+01,9.313516e-02
9000,layers.0.out_proj.log_soft_score_temp,7.004225e-01,1.049668e-02,1.498621e-02
9000,layers.0.out_proj.log_select_temp,4.829475e-01,1.350185e-02,2.795718e-02
9000,layers.0.residual_lut.weights,1.484465e+02,1.482631e+01,9.987647e-02
9000,layers.0.residual_lut.log_soft_score_temp,2.883120e-01,3.666192e-03,1.271606e-02
9000,layers.0.residual_lut.log_select_temp,2.699471e-01,6.750733e-03,2.500761e-02
9000,layers.0.q_norm.weight,8.927839e+00,1.364129e-02,1.527949e-03
9000,layers.0.q_norm.bias,8.731747e-01,9.047040e-03,1.036109e-02
9000,layers.0.k_norm.weight,8.866875e+00,1.321460e-02,1.490334e-03
9000,layers.0.k_norm.bias,1.479538e+00,1.420147e-02,9.598588e-03
9000,layers.1.qk_lut.weights,1.267369e+02,1.080651e+01,8.526729e-02
9000,layers.1.qk_lut.log_soft_score_temp,2.099630e-01,3.941491e-03,1.877231e-02
9000,layers.1.qk_lut.log_select_temp,1.053205e+00,5.951524e-03,5.650868e-03
9000,layers.1.v_lut.weights,1.687104e+02,1.499756e+01,8.889529e-02
9000,layers.1.v_lut.log_soft_score_temp,3.789198e-02,8.121081e-03,2.143219e-01
9000,layers.1.v_lut.log_select_temp,1.348802e+00,1.031792e-02,7.649691e-03
9000,layers.1.out_proj.weights,3.468567e+02,3.299257e+01,9.511875e-02
9000,layers.1.out_proj.log_soft_score_temp,9.915736e-01,1.829696e-02,1.845244e-02
9000,layers.1.out_proj.log_select_temp,4.401140e-01,1.127741e-02,2.562383e-02
9000,layers.1.residual_lut.weights,1.583714e+02,1.512302e+01,9.549084e-02
9000,layers.1.residual_lut.log_soft_score_temp,1.434523e-03,4.123342e-03,2.874364e+00
9000,layers.1.residual_lut.log_select_temp,1.052459e+00,1.729774e-02,1.643555e-02
9000,layers.1.q_norm.weight,9.397121e+00,1.309881e-02,1.393918e-03
9000,layers.1.q_norm.bias,7.947182e-01,8.339282e-03,1.049338e-02
9000,layers.1.k_norm.weight,9.331578e+00,1.331123e-02,1.426471e-03
9000,layers.1.k_norm.bias,1.067026e+00,1.031452e-02,9.666601e-03
9000,layers.2.qk_lut.weights,1.273143e+02,1.089631e+01,8.558589e-02
9000,layers.2.qk_lut.log_soft_score_temp,1.286075e-01,5.722642e-03,4.449696e-02
9000,layers.2.qk_lut.log_select_temp,1.030479e+00,4.909635e-03,4.764419e-03
9000,layers.2.v_lut.weights,1.699215e+02,1.526267e+01,8.982186e-02
9000,layers.2.v_lut.log_soft_score_temp,7.623411e-02,7.605180e-03,9.976086e-02
9000,layers.2.v_lut.log_select_temp,1.274480e+00,1.207960e-02,9.478057e-03
9000,layers.2.out_proj.weights,3.577430e+02,3.303627e+01,9.234639e-02
9000,layers.2.out_proj.log_soft_score_temp,8.974725e-01,1.806355e-02,2.012713e-02
9000,layers.2.out_proj.log_select_temp,5.470734e-01,1.209432e-02,2.210731e-02
9000,layers.2.residual_lut.weights,1.656073e+02,1.521123e+01,9.185119e-02
9000,layers.2.residual_lut.log_soft_score_temp,1.906304e-03,1.064188e-02,5.582470e+00
9000,layers.2.residual_lut.log_select_temp,1.263600e+00,1.448309e-02,1.146177e-02
9000,layers.2.q_norm.weight,9.469014e+00,1.332825e-02,1.407565e-03
9000,layers.2.q_norm.bias,1.018750e+00,8.764388e-03,8.603082e-03
9000,layers.2.k_norm.weight,9.405713e+00,1.376078e-02,1.463024e-03
9000,layers.2.k_norm.bias,1.404183e+00,1.057941e-02,7.534206e-03
9000,layers.3.qk_lut.weights,1.242705e+02,1.086411e+01,8.742310e-02
9000,layers.3.qk_lut.log_soft_score_temp,1.884384e-01,6.055683e-03,3.213615e-02
9000,layers.3.qk_lut.log_select_temp,1.177193e+00,6.777406e-03,5.757261e-03
9000,layers.3.v_lut.weights,1.713101e+02,1.529264e+01,8.926876e-02
9000,layers.3.v_lut.log_soft_score_temp,1.335497e-02,1.237311e-02,9.264794e-01
9000,layers.3.v_lut.log_select_temp,1.269467e+00,1.025510e-02,8.078272e-03
9000,layers.3.out_proj.weights,4.140729e+02,3.386716e+01,8.179033e-02
9000,layers.3.out_proj.log_soft_score_temp,7.209854e-01,2.299422e-02,3.189277e-02
9000,layers.3.out_proj.log_select_temp,1.274383e+00,5.428791e-03,4.259936e-03
9000,layers.3.residual_lut.weights,1.813307e+02,1.533896e+01,8.459108e-02
9000,layers.3.residual_lut.log_soft_score_temp,7.595203e-02,1.472385e-02,1.938573e-01
9000,layers.3.residual_lut.log_select_temp,1.315597e+00,1.277065e-02,9.707119e-03
9000,layers.3.q_norm.weight,1.041150e+01,1.762616e-02,1.692952e-03
9000,layers.3.q_norm.bias,1.091643e+00,1.619411e-02,1.483462e-02
9000,layers.3.k_norm.weight,1.031235e+01,1.914157e-02,1.856180e-03
9000,layers.3.k_norm.bias,1.438914e+00,1.439711e-02,1.000554e-02
9000,layers.4.qk_lut.weights,1.273008e+02,1.103458e+01,8.668117e-02
9000,layers.4.qk_lut.log_soft_score_temp,9.290253e-02,8.686505e-03,9.350128e-02
9000,layers.4.qk_lut.log_select_temp,1.050893e+00,5.391359e-03,5.130264e-03
9000,layers.4.v_lut.weights,1.758720e+02,1.545525e+01,8.787781e-02
9000,layers.4.v_lut.log_soft_score_temp,3.706925e-01,1.161727e-02,3.133938e-02
9000,layers.4.v_lut.log_select_temp,1.217901e+00,4.500985e-03,3.695689e-03
9000,layers.4.out_proj.weights,3.872708e+02,3.370491e+01,8.703191e-02
9000,layers.4.out_proj.log_soft_score_temp,4.671674e-01,1.463228e-02,3.132129e-02
9000,layers.4.out_proj.log_select_temp,1.052971e+00,1.120746e-02,1.064365e-02
9000,layers.4.residual_lut.weights,1.848234e+02,1.539557e+01,8.329879e-02
9000,layers.4.residual_lut.log_soft_score_temp,1.322049e-02,1.532239e-02,1.158988e+00
9000,layers.4.residual_lut.log_select_temp,1.350884e+00,1.347566e-02,9.975439e-03
9000,layers.4.q_norm.weight,9.296437e+00,1.711429e-02,1.840951e-03
9000,layers.4.q_norm.bias,4.974399e-01,7.690926e-03,1.546101e-02
9000,layers.4.k_norm.weight,9.245772e+00,1.603918e-02,1.734759e-03
9000,layers.4.k_norm.bias,8.312784e-01,1.229650e-02,1.479228e-02
9000,layers.5.qk_lut.weights,1.263488e+02,1.095940e+01,8.673925e-02
9000,layers.5.qk_lut.log_soft_score_temp,2.321849e-01,7.090762e-03,3.053930e-02
9000,layers.5.qk_lut.log_select_temp,9.321184e-01,5.745232e-03,6.163629e-03
9000,layers.5.v_lut.weights,1.769547e+02,1.529763e+01,8.644939e-02
9000,layers.5.v_lut.log_soft_score_temp,9.407255e-01,9.629369e-03,1.023611e-02
9000,layers.5.v_lut.log_select_temp,1.292749e+00,1.240969e-04,9.599454e-05
9000,layers.5.out_proj.weights,4.659667e+02,3.579044e+01,7.680900e-02
9000,layers.5.out_proj.log_soft_score_temp,1.371479e-01,1.389374e-02,1.013048e-01
9000,layers.5.out_proj.log_select_temp,1.156642e+00,1.038265e-02,8.976544e-03
9000,layers.5.residual_lut.weights,2.107340e+02,1.568010e+01,7.440711e-02
9000,layers.5.residual_lut.log_soft_score_temp,1.935439e-01,1.279923e-02,6.613091e-02
9000,layers.5.residual_lut.log_select_temp,1.251539e+00,1.328588e-02,1.061563e-02
9000,layers.5.q_norm.weight,8.757824e+00,1.824725e-02,2.083537e-03
9000,layers.5.q_norm.bias,4.338233e-01,1.034015e-02,2.383493e-02
9000,layers.5.k_norm.weight,8.740456e+00,1.856538e-02,2.124075e-03
9000,layers.5.k_norm.bias,5.330472e-01,1.318531e-02,2.473572e-02
9000,ln_final.weight,4.745226e+01,4.096881e-01,8.633690e-03
9000,ln_final.bias,2.024306e+00,4.088794e-02,2.019850e-02
9200,tok_emb_E.weight,2.187643e+02,6.087234e+00,2.782554e-02
9200,emb_resid_lut.weights,2.042316e+02,1.355977e+01,6.639407e-02
9200,emb_resid_lut.log_soft_score_temp,7.300310e-01,1.007050e-02,1.379462e-02
9200,emb_resid_lut.log_select_temp,1.307501e+00,8.360147e-04,6.393989e-04
9200,unembedder.weight,1.724849e+02,7.263302e+00,4.210978e-02
9200,layers.0.qk_lut.weights,1.276030e+02,9.863090e+00,7.729515e-02
9200,layers.0.qk_lut.log_soft_score_temp,8.330577e-01,1.162529e-03,1.395496e-03
9200,layers.0.qk_lut.log_select_temp,9.131953e-01,2.515376e-03,2.754477e-03
9200,layers.0.v_lut.weights,1.755263e+02,1.511589e+01,8.611752e-02
9200,layers.0.v_lut.log_soft_score_temp,3.456017e-01,6.531447e-03,1.889877e-02
9200,layers.0.v_lut.log_select_temp,1.112455e+00,4.553795e-03,4.093465e-03
9200,layers.0.out_proj.weights,3.485385e+02,3.115494e+01,8.938736e-02
9200,layers.0.out_proj.log_soft_score_temp,7.107624e-01,1.033992e-02,1.454764e-02
9200,layers.0.out_proj.log_select_temp,4.962471e-01,1.329958e-02,2.680033e-02
9200,layers.0.residual_lut.weights,1.489499e+02,1.429623e+01,9.598010e-02
9200,layers.0.residual_lut.log_soft_score_temp,2.931901e-01,4.878104e-03,1.663802e-02
9200,layers.0.residual_lut.log_select_temp,2.765478e-01,6.600618e-03,2.386791e-02
9200,layers.0.q_norm.weight,8.934199e+00,1.171759e-02,1.311543e-03
9200,layers.0.q_norm.bias,8.766275e-01,8.538544e-03,9.740219e-03
9200,layers.0.k_norm.weight,8.872041e+00,1.050206e-02,1.183726e-03
9200,layers.0.k_norm.bias,1.490065e+00,1.550330e-02,1.040445e-02
9200,layers.1.qk_lut.weights,1.273418e+02,1.042335e+01,8.185332e-02
9200,layers.1.qk_lut.log_soft_score_temp,2.052803e-01,4.682720e-03,2.281135e-02
9200,layers.1.qk_lut.log_select_temp,1.056604e+00,3.399014e-03,3.216923e-03
9200,layers.1.v_lut.weights,1.695102e+02,1.445063e+01,8.524934e-02
9200,layers.1.v_lut.log_soft_score_temp,4.649398e-02,8.602001e-03,1.850132e-01
9200,layers.1.v_lut.log_select_temp,1.357173e+00,8.370638e-03,6.167701e-03
9200,layers.1.out_proj.weights,3.480840e+02,3.180375e+01,9.136806e-02
9200,layers.1.out_proj.log_soft_score_temp,1.011258e+00,1.968414e-02,1.946500e-02
9200,layers.1.out_proj.log_select_temp,4.493189e-01,9.204954e-03,2.048646e-02
9200,layers.1.residual_lut.weights,1.590732e+02,1.460751e+01,9.182887e-02
9200,layers.1.residual_lut.log_soft_score_temp,5.721840e-03,7.156363e-03,1.250710e+00
9200,layers.1.residual_lut.log_select_temp,1.067277e+00,1.481795e-02,1.388389e-02
9200,layers.1.q_norm.weight,9.402699e+00,1.221176e-02,1.298751e-03
9200,layers.1.q_norm.bias,8.006064e-01,8.993608e-03,1.123350e-02
9200,layers.1.k_norm.weight,9.336988e+00,1.239744e-02,1.327778e-03
9200,layers.1.k_norm.bias,1.072419e+00,1.064491e-02,9.926074e-03
9200,layers.2.qk_lut.weights,1.279304e+02,1.050931e+01,8.214866e-02
9200,layers.2.qk_lut.log_soft_score_temp,1.247765e-01,3.831014e-03,3.070302e-02
9200,layers.2.qk_lut.log_select_temp,1.037200e+00,6.720901e-03,6.479850e-03
9200,layers.2.v_lut.weights,1.707302e+02,1.472761e+01,8.626251e-02
9200,layers.2.v_lut.log_soft_score_temp,8.572491e-02,9.490795e-03,1.107122e-01
9200,layers.2.v_lut.log_select_temp,1.283110e+00,8.629322e-03,6.725320e-03
9200,layers.2.out_proj.weights,3.592372e+02,3.184012e+01,8.863258e-02
9200,layers.2.out_proj.log_soft_score_temp,9.162983e-01,1.882577e-02,2.054546e-02
9200,layers.2.out_proj.log_select_temp,5.564387e-01,9.365380e-03,1.683093e-02
9200,layers.2.residual_lut.weights,1.663561e+02,1.468921e+01,8.829981e-02
9200,layers.2.residual_lut.log_soft_score_temp,7.068491e-03,8.974795e-03,1.269690e+00
9200,layers.2.residual_lut.log_select_temp,1.278877e+00,1.527727e-02,1.194585e-02
9200,layers.2.q_norm.weight,9.477087e+00,1.447866e-02,1.527754e-03
9200,layers.2.q_norm.bias,1.022330e+00,7.060998e-03,6.906768e-03
9200,layers.2.k_norm.weight,9.414324e+00,1.394431e-02,1.481181e-03
9200,layers.2.k_norm.bias,1.405291e+00,1.073403e-02,7.638300e-03
9200,layers.3.qk_lut.weights,1.248621e+02,1.050800e+01,8.415682e-02
9200,layers.3.qk_lut.log_soft_score_temp,1.935540e-01,5.115658e-03,2.643013e-02
9200,layers.3.qk_lut.log_select_temp,1.184620e+00,7.427573e-03,6.270003e-03
9200,layers.3.v_lut.weights,1.721092e+02,1.477334e+01,8.583700e-02
9200,layers.3.v_lut.log_soft_score_temp,3.602219e-03,9.752755e-03,2.707430e+00
9200,layers.3.v_lut.log_select_temp,1.280182e+00,1.071572e-02,8.370465e-03
9200,layers.3.out_proj.weights,4.166337e+02,3.263792e+01,7.833721e-02
9200,layers.3.out_proj.log_soft_score_temp,7.408862e-01,1.990086e-02,2.686088e-02
9200,layers.3.out_proj.log_select_temp,1.282036e+00,7.652760e-03,5.969224e-03
9200,layers.3.residual_lut.weights,1.822613e+02,1.478108e+01,8.109827e-02
9200,layers.3.residual_lut.log_soft_score_temp,6.154492e-02,1.440711e-02,2.340909e-01
9200,layers.3.residual_lut.log_select_temp,1.326669e+00,1.107264e-02,8.346192e-03
9200,layers.3.q_norm.weight,1.042415e+01,1.659625e-02,1.592097e-03
9200,layers.3.q_norm.bias,1.103642e+00,1.528172e-02,1.384663e-02
9200,layers.3.k_norm.weight,1.032483e+01,1.839364e-02,1.781495e-03
9200,layers.3.k_norm.bias,1.444402e+00,1.199461e-02,8.304209e-03
9200,layers.4.qk_lut.weights,1.279091e+02,1.064393e+01,8.321479e-02
9200,layers.4.qk_lut.log_soft_score_temp,8.688573e-02,6.016798e-03,6.924956e-02
9200,layers.4.qk_lut.log_select_temp,1.057261e+00,6.368041e-03,6.023149e-03
9200,layers.4.v_lut.weights,1.766938e+02,1.487749e+01,8.419924e-02
9200,layers.4.v_lut.log_soft_score_temp,3.594837e-01,1.120877e-02,3.118020e-02
9200,layers.4.v_lut.log_select_temp,1.221536e+00,3.634214e-03,2.975120e-03
9200,layers.4.out_proj.weights,3.892944e+02,3.246970e+01,8.340653e-02
9200,layers.4.out_proj.log_soft_score_temp,4.814803e-01,1.431292e-02,2.972691e-02
9200,layers.4.out_proj.log_select_temp,1.063810e+00,1.083875e-02,1.018861e-02
9200,layers.4.residual_lut.weights,1.858622e+02,1.484723e+01,7.988301e-02
9200,layers.4.residual_lut.log_soft_score_temp,2.618413e-02,1.296364e-02,4.950954e-01
9200,layers.4.residual_lut.log_select_temp,1.364094e+00,1.321042e-02,9.684388e-03
9200,layers.4.q_norm.weight,9.305720e+00,1.467966e-02,1.577488e-03
9200,layers.4.q_norm.bias,5.000988e-01,7.469825e-03,1.493670e-02
9200,layers.4.k_norm.weight,9.254187e+00,1.432695e-02,1.548158e-03
9200,layers.4.k_norm.bias,8.358067e-01,1.106653e-02,1.324054e-02
9200,layers.5.qk_lut.weights,1.269557e+02,1.061183e+01,8.358692e-02
9200,layers.5.qk_lut.log_soft_score_temp,2.253853e-01,6.799564e-03,3.016862e-02
9200,layers.5.qk_lut.log_select_temp,9.369084e-01,4.790008e-03,5.112568e-03
9200,layers.5.v_lut.weights,1.777835e+02,1.476557e+01,8.305363e-02
9200,layers.5.v_lut.log_soft_score_temp,9.302341e-01,1.049137e-02,1.127820e-02
9200,layers.5.v_lut.log_select_temp,1.291272e+00,1.477718e-03,1.144390e-03
9200,layers.5.out_proj.weights,4.682472e+02,3.461846e+01,7.393202e-02
9200,layers.5.out_proj.log_soft_score_temp,1.500853e-01,1.293737e-02,8.620012e-02
9200,layers.5.out_proj.log_select_temp,1.168344e+00,1.170146e-02,1.001543e-02
9200,layers.5.residual_lut.weights,2.120282e+02,1.513554e+01,7.138458e-02
9200,layers.5.residual_lut.log_soft_score_temp,1.811169e-01,1.242699e-02,6.861307e-02
9200,layers.5.residual_lut.log_select_temp,1.263491e+00,1.195204e-02,9.459536e-03
9200,layers.5.q_norm.weight,8.766279e+00,1.692091e-02,1.930227e-03
9200,layers.5.q_norm.bias,4.385953e-01,1.032640e-02,2.354427e-02
9200,layers.5.k_norm.weight,8.748336e+00,1.545359e-02,1.766461e-03
9200,layers.5.k_norm.bias,5.347323e-01,9.194106e-03,1.719385e-02
9200,ln_final.weight,4.784546e+01,3.942861e-01,8.240826e-03
9200,ln_final.bias,2.042890e+00,3.835030e-02,1.877258e-02
9400,tok_emb_E.weight,2.188899e+02,5.859962e+00,2.677128e-02
9400,emb_resid_lut.weights,2.049402e+02,1.307307e+01,6.378971e-02
9400,emb_resid_lut.log_soft_score_temp,7.222469e-01,7.784069e-03,1.077757e-02
9400,emb_resid_lut.log_select_temp,1.309078e+00,1.577020e-03,1.204680e-03
9400,unembedder.weight,1.722325e+02,7.017911e+00,4.074672e-02
9400,layers.0.qk_lut.weights,1.281781e+02,9.489010e+00,7.402989e-02
9400,layers.0.qk_lut.log_soft_score_temp,8.343392e-01,1.281500e-03,1.535946e-03
9400,layers.0.qk_lut.log_select_temp,9.156411e-01,2.445757e-03,2.671087e-03
9400,layers.0.v_lut.weights,1.762949e+02,1.458868e+01,8.275158e-02
9400,layers.0.v_lut.log_soft_score_temp,3.407399e-01,4.861832e-03,1.426846e-02
9400,layers.0.v_lut.log_select_temp,1.117384e+00,4.929185e-03,4.411361e-03
9400,layers.0.out_proj.weights,3.499111e+02,3.000083e+01,8.573844e-02
9400,layers.0.out_proj.log_soft_score_temp,7.188771e-01,8.114696e-03,1.128802e-02
9400,layers.0.out_proj.log_select_temp,5.084037e-01,1.215661e-02,2.391132e-02
9400,layers.0.residual_lut.weights,1.494110e+02,1.377664e+01,9.220634e-02
9400,layers.0.residual_lut.log_soft_score_temp,2.963524e-01,3.162295e-03,1.067072e-02
9400,layers.0.residual_lut.log_select_temp,2.835130e-01,6.965280e-03,2.456776e-02
9400,layers.0.q_norm.weight,8.939657e+00,1.337104e-02,1.495699e-03
9400,layers.0.q_norm.bias,8.828077e-01,9.218709e-03,1.044249e-02
9400,layers.0.k_norm.weight,8.877132e+00,1.281645e-02,1.443760e-03
9400,layers.0.k_norm.bias,1.497819e+00,1.291424e-02,8.622030e-03
9400,layers.1.qk_lut.weights,1.279046e+02,1.007028e+01,7.873270e-02
9400,layers.1.qk_lut.log_soft_score_temp,2.020263e-01,3.253952e-03,1.610657e-02
9400,layers.1.qk_lut.log_select_temp,1.061934e+00,5.329967e-03,5.019112e-03
9400,layers.1.v_lut.weights,1.702407e+02,1.393994e+01,8.188375e-02
9400,layers.1.v_lut.log_soft_score_temp,5.806100e-02,1.156702e-02,1.992218e-01
9400,layers.1.v_lut.log_select_temp,1.363183e+00,6.010294e-03,4.409014e-03
9400,layers.1.out_proj.weights,3.491927e+02,3.062322e+01,8.769719e-02
9400,layers.1.out_proj.log_soft_score_temp,1.029873e+00,1.861489e-02,1.807494e-02
9400,layers.1.out_proj.log_select_temp,4.575080e-01,8.189112e-03,1.789938e-02
9400,layers.1.residual_lut.weights,1.597254e+02,1.404726e+01,8.794634e-02
9400,layers.1.residual_lut.log_soft_score_temp,9.591018e-03,3.869178e-03,4.034169e-01
9400,layers.1.residual_lut.log_select_temp,1.082691e+00,1.541376e-02,1.423653e-02
9400,layers.1.q_norm.weight,9.409830e+00,1.240119e-02,1.317897e-03
9400,layers.1.q_norm.bias,8.039820e-01,6.943719e-03,8.636661e-03
9400,layers.1.k_norm.weight,9.343878e+00,1.251347e-02,1.339215e-03
9400,layers.1.k_norm.bias,1.076723e+00,9.945843e-03,9.237141e-03
9400,layers.2.qk_lut.weights,1.285055e+02,1.013055e+01,7.883354e-02
9400,layers.2.qk_lut.log_soft_score_temp,1.199052e-01,4.871279e-03,4.062610e-02
9400,layers.2.qk_lut.log_select_temp,1.042258e+00,5.058169e-03,4.853086e-03
9400,layers.2.v_lut.weights,1.714754e+02,1.415184e+01,8.252990e-02
9400,layers.2.v_lut.log_soft_score_temp,9.434565e-02,8.620746e-03,9.137407e-02
9400,layers.2.v_lut.log_select_temp,1.292431e+00,9.321928e-03,7.212706e-03
9400,layers.2.out_proj.weights,3.606072e+02,3.063913e+01,8.496537e-02
9400,layers.2.out_proj.log_soft_score_temp,9.334462e-01,1.714790e-02,1.837053e-02
9400,layers.2.out_proj.log_select_temp,5.660353e-01,9.596586e-03,1.695404e-02
9400,layers.2.residual_lut.weights,1.670281e+02,1.414667e+01,8.469632e-02
9400,layers.2.residual_lut.log_soft_score_temp,1.679804e-02,9.729546e-03,5.792073e-01
9400,layers.2.residual_lut.log_select_temp,1.291543e+00,1.266563e-02,9.806591e-03
9400,layers.2.q_norm.weight,9.483637e+00,1.204038e-02,1.269595e-03
9400,layers.2.q_norm.bias,1.026401e+00,7.858863e-03,7.656718e-03
9400,layers.2.k_norm.weight,9.420927e+00,1.136420e-02,1.206271e-03
9400,layers.2.k_norm.bias,1.409027e+00,9.996289e-03,7.094463e-03
9400,layers.3.qk_lut.weights,1.254088e+02,1.008491e+01,8.041628e-02
9400,layers.3.qk_lut.log_soft_score_temp,1.983599e-01,4.805908e-03,2.422822e-02
9400,layers.3.qk_lut.log_select_temp,1.191165e+00,6.544828e-03,5.494476e-03
9400,layers.3.v_lut.weights,1.728564e+02,1.420876e+01,8.219978e-02
9400,layers.3.v_lut.log_soft_score_temp,8.899946e-03,1.250216e-02,1.404746e+00
9400,layers.3.v_lut.log_select_temp,1.289238e+00,9.055614e-03,7.024005e-03
9400,layers.3.out_proj.weights,4.190296e+02,3.141768e+01,7.497724e-02
9400,layers.3.out_proj.log_soft_score_temp,7.590821e-01,1.819587e-02,2.397088e-02
9400,layers.3.out_proj.log_select_temp,1.290747e+00,8.710623e-03,6.748515e-03
9400,layers.3.residual_lut.weights,1.831219e+02,1.423738e+01,7.774809e-02
9400,layers.3.residual_lut.log_soft_score_temp,4.752773e-02,1.401719e-02,2.949266e-01
9400,layers.3.residual_lut.log_select_temp,1.337271e+00,1.060200e-02,7.928083e-03
9400,layers.3.q_norm.weight,1.043490e+01,1.686738e-02,1.616439e-03
9400,layers.3.q_norm.bias,1.115005e+00,1.455006e-02,1.304933e-02
9400,layers.3.k_norm.weight,1.033494e+01,1.684155e-02,1.629574e-03
9400,layers.3.k_norm.bias,1.452513e+00,1.342046e-02,9.239475e-03
9400,layers.4.qk_lut.weights,1.284831e+02,1.025315e+01,7.980155e-02
9400,layers.4.qk_lut.log_soft_score_temp,8.192270e-02,4.963025e-03,6.058181e-02
9400,layers.4.qk_lut.log_select_temp,1.064509e+00,7.247686e-03,6.808480e-03
9400,layers.4.v_lut.weights,1.774487e+02,1.435301e+01,8.088540e-02
9400,layers.4.v_lut.log_soft_score_temp,3.501297e-01,9.353966e-03,2.671571e-02
9400,layers.4.v_lut.log_select_temp,1.225599e+00,4.063606e-03,3.315608e-03
9400,layers.4.out_proj.weights,3.912045e+02,3.123564e+01,7.984478e-02
9400,layers.4.out_proj.log_soft_score_temp,4.953593e-01,1.387894e-02,2.801793e-02
9400,layers.4.out_proj.log_select_temp,1.074014e+00,1.020360e-02,9.500437e-03
9400,layers.4.residual_lut.weights,1.868295e+02,1.428328e+01,7.645087e-02
9400,layers.4.residual_lut.log_soft_score_temp,3.889716e-02,1.271304e-02,3.268371e-01
9400,layers.4.residual_lut.log_select_temp,1.377419e+00,1.332486e-02,9.673787e-03
9400,layers.4.q_norm.weight,9.315461e+00,1.442405e-02,1.548399e-03
9400,layers.4.q_norm.bias,5.026097e-01,7.733447e-03,1.538659e-02
9400,layers.4.k_norm.weight,9.263674e+00,1.443984e-02,1.558759e-03
9400,layers.4.k_norm.bias,8.398070e-01,1.135299e-02,1.351857e-02
9400,layers.5.qk_lut.weights,1.275356e+02,1.023418e+01,8.024567e-02
9400,layers.5.qk_lut.log_soft_score_temp,2.195749e-01,5.810380e-03,2.646195e-02
9400,layers.5.qk_lut.log_select_temp,9.411216e-01,4.213214e-03,4.476801e-03
9400,layers.5.v_lut.weights,1.785418e+02,1.421151e+01,7.959767e-02
9400,layers.5.v_lut.log_soft_score_temp,9.197130e-01,1.052111e-02,1.143956e-02
9400,layers.5.v_lut.log_select_temp,1.289125e+00,2.146482e-03,1.665069e-03
9400,layers.5.out_proj.weights,4.703701e+02,3.314560e+01,7.046706e-02
9400,layers.5.out_proj.log_soft_score_temp,1.651027e-01,1.501746e-02,9.095831e-02
9400,layers.5.out_proj.log_select_temp,1.176270e+00,7.926226e-03,6.738440e-03
9400,layers.5.residual_lut.weights,2.132142e+02,1.456445e+01,6.830899e-02
9400,layers.5.residual_lut.log_soft_score_temp,1.684769e-01,1.263997e-02,7.502492e-02
9400,layers.5.residual_lut.log_select_temp,1.274114e+00,1.062226e-02,8.336982e-03
9400,layers.5.q_norm.weight,8.774367e+00,1.417472e-02,1.615470e-03
9400,layers.5.q_norm.bias,4.399944e-01,8.039162e-03,1.827106e-02
9400,layers.5.k_norm.weight,8.756526e+00,1.387532e-02,1.584570e-03
9400,layers.5.k_norm.bias,5.368760e-01,8.285541e-03,1.543288e-02
9400,ln_final.weight,4.822176e+01,3.773707e-01,7.825736e-03
9400,ln_final.bias,2.060610e+00,3.685482e-02,1.788539e-02
9600,tok_emb_E.weight,2.190072e+02,5.641164e+00,2.575790e-02
9600,emb_resid_lut.weights,2.055666e+02,1.260541e+01,6.132030e-02
9600,emb_resid_lut.log_soft_score_temp,7.141984e-01,8.048534e-03,1.126933e-02
9600,emb_resid_lut.log_select_temp,1.308603e+00,4.754066e-04,3.632933e-04
9600,unembedder.weight,1.720157e+02,6.747468e+00,3.922588e-02
9600,layers.0.qk_lut.weights,1.286965e+02,9.198120e+00,7.147143e-02
9600,layers.0.qk_lut.log_soft_score_temp,8.359026e-01,1.563370e-03,1.870278e-03
9600,layers.0.qk_lut.log_select_temp,9.182120e-01,2.570927e-03,2.799928e-03
9600,layers.0.v_lut.weights,1.770076e+02,1.402895e+01,7.925619e-02
9600,layers.0.v_lut.log_soft_score_temp,3.363295e-01,4.410386e-03,1.311329e-02
9600,layers.0.v_lut.log_select_temp,1.122216e+00,4.831433e-03,4.305263e-03
9600,layers.0.out_proj.weights,3.511633e+02,2.886431e+01,8.219625e-02
9600,layers.0.out_proj.log_soft_score_temp,7.269614e-01,8.084357e-03,1.112075e-02
9600,layers.0.out_proj.log_select_temp,5.219449e-01,1.354122e-02,2.594377e-02
9600,layers.0.residual_lut.weights,1.498265e+02,1.328689e+01,8.868188e-02
9600,layers.0.residual_lut.log_soft_score_temp,2.983546e-01,2.002209e-03,6.710838e-03
9600,layers.0.residual_lut.log_select_temp,2.905440e-01,7.030934e-03,2.419921e-02
9600,layers.0.q_norm.weight,8.944364e+00,1.054808e-02,1.179299e-03
9600,layers.0.q_norm.bias,8.837577e-01,7.805908e-03,8.832634e-03
9600,layers.0.k_norm.weight,8.881436e+00,1.042691e-02,1.174012e-03
9600,layers.0.k_norm.bias,1.502680e+00,1.279173e-02,8.512607e-03
9600,layers.1.qk_lut.weights,1.284252e+02,9.750299e+00,7.592202e-02
9600,layers.1.qk_lut.log_soft_score_temp,1.968096e-01,5.216718e-03,2.650642e-02
9600,layers.1.qk_lut.log_select_temp,1.065730e+00,3.795862e-03,3.561748e-03
9600,layers.1.v_lut.weights,1.709179e+02,1.343671e+01,7.861499e-02
9600,layers.1.v_lut.log_soft_score_temp,6.321600e-02,5.154997e-03,8.154576e-02
9600,layers.1.v_lut.log_select_temp,1.372436e+00,9.252191e-03,6.741439e-03
9600,layers.1.out_proj.weights,3.501987e+02,2.941509e+01,8.399543e-02
9600,layers.1.out_proj.log_soft_score_temp,1.044390e+00,1.451755e-02,1.390050e-02
9600,layers.1.out_proj.log_select_temp,4.682551e-01,1.074708e-02,2.295133e-02
9600,layers.1.residual_lut.weights,1.603210e+02,1.353789e+01,8.444243e-02
9600,layers.1.residual_lut.log_soft_score_temp,1.321832e-02,3.627306e-03,2.744150e-01
9600,layers.1.residual_lut.log_select_temp,1.096981e+00,1.429021e-02,1.302686e-02
9600,layers.1.q_norm.weight,9.413973e+00,1.138011e-02,1.208853e-03
9600,layers.1.q_norm.bias,8.082851e-01,7.601450e-03,9.404416e-03
9600,layers.1.k_norm.weight,9.347964e+00,1.174874e-02,1.256824e-03
9600,layers.1.k_norm.bias,1.081085e+00,9.843480e-03,9.105187e-03
9600,layers.2.qk_lut.weights,1.290342e+02,9.764005e+00,7.566991e-02
9600,layers.2.qk_lut.log_soft_score_temp,1.176287e-01,2.276435e-03,1.935272e-02
9600,layers.2.qk_lut.log_select_temp,1.049656e+00,7.397652e-03,7.047692e-03
9600,layers.2.v_lut.weights,1.721686e+02,1.365081e+01,7.928743e-02
9600,layers.2.v_lut.log_soft_score_temp,1.010866e-01,6.740965e-03,6.668504e-02
9600,layers.2.v_lut.log_select_temp,1.302203e+00,9.771585e-03,7.503888e-03
9600,layers.2.out_proj.weights,3.618556e+02,2.947310e+01,8.144990e-02
9600,layers.2.out_proj.log_soft_score_temp,9.497622e-01,1.631600e-02,1.717903e-02
9600,layers.2.out_proj.log_select_temp,5.766320e-01,1.059669e-02,1.837687e-02
9600,layers.2.residual_lut.weights,1.676436e+02,1.360857e+01,8.117564e-02
9600,layers.2.residual_lut.log_soft_score_temp,2.580007e-02,9.002035e-03,3.489151e-01
9600,layers.2.residual_lut.log_select_temp,1.303181e+00,1.163876e-02,8.931037e-03
9600,layers.2.q_norm.weight,9.491063e+00,1.257885e-02,1.325336e-03
9600,layers.2.q_norm.bias,1.029894e+00,7.643821e-03,7.421947e-03
9600,layers.2.k_norm.weight,9.428143e+00,1.238803e-02,1.313942e-03
9600,layers.2.k_norm.bias,1.413241e+00,1.076669e-02,7.618436e-03
9600,layers.3.qk_lut.weights,1.259184e+02,9.739858e+00,7.735053e-02
9600,layers.3.qk_lut.log_soft_score_temp,2.025493e-01,4.189357e-03,2.068315e-02
9600,layers.3.qk_lut.log_select_temp,1.197998e+00,6.832719e-03,5.703448e-03
9600,layers.3.v_lut.weights,1.735413e+02,1.366962e+01,7.876867e-02
9600,layers.3.v_lut.log_soft_score_temp,1.971271e-02,1.081276e-02,5.485174e-01
9600,layers.3.v_lut.log_select_temp,1.297735e+00,8.496523e-03,6.547196e-03
9600,layers.3.out_proj.weights,4.212623e+02,3.016660e+01,7.161001e-02
9600,layers.3.out_proj.log_soft_score_temp,7.765726e-01,1.749051e-02,2.252269e-02
9600,layers.3.out_proj.log_select_temp,1.297877e+00,7.130146e-03,5.493701e-03
9600,layers.3.residual_lut.weights,1.839226e+02,1.368353e+01,7.439829e-02
9600,layers.3.residual_lut.log_soft_score_temp,3.553913e-02,1.198861e-02,3.373354e-01
9600,layers.3.residual_lut.log_select_temp,1.349406e+00,1.213467e-02,8.992603e-03
9600,layers.3.q_norm.weight,1.044531e+01,1.478378e-02,1.415351e-03
9600,layers.3.q_norm.bias,1.126628e+00,1.435534e-02,1.274187e-02
9600,layers.3.k_norm.weight,1.034514e+01,1.656473e-02,1.601209e-03
9600,layers.3.k_norm.bias,1.459081e+00,1.311594e-02,8.989182e-03
9600,layers.4.qk_lut.weights,1.290148e+02,9.851534e+00,7.635973e-02
9600,layers.4.qk_lut.log_soft_score_temp,7.614551e-02,5.777195e-03,7.587047e-02
9600,layers.4.qk_lut.log_select_temp,1.070178e+00,5.668879e-03,5.297138e-03
9600,layers.4.v_lut.weights,1.781514e+02,1.380898e+01,7.751264e-02
9600,layers.4.v_lut.log_soft_score_temp,3.378153e-01,1.231441e-02,3.645308e-02
9600,layers.4.v_lut.log_select_temp,1.226730e+00,1.130342e-03,9.214276e-04
9600,layers.4.out_proj.weights,3.929700e+02,3.005654e+01,7.648559e-02
9600,layers.4.out_proj.log_soft_score_temp,5.086497e-01,1.329044e-02,2.612886e-02
9600,layers.4.out_proj.log_select_temp,1.083778e+00,9.764552e-03,9.009732e-03
9600,layers.4.residual_lut.weights,1.877231e+02,1.373258e+01,7.315339e-02
9600,layers.4.residual_lut.log_soft_score_temp,5.143687e-02,1.253970e-02,2.437882e-01
9600,layers.4.residual_lut.log_select_temp,1.389510e+00,1.209068e-02,8.701403e-03
9600,layers.4.q_norm.weight,9.322824e+00,1.247178e-02,1.337769e-03
9600,layers.4.q_norm.bias,5.054378e-01,7.860215e-03,1.555130e-02
9600,layers.4.k_norm.weight,9.270329e+00,1.275048e-02,1.375407e-03
9600,layers.4.k_norm.bias,8.426962e-01,1.022016e-02,1.212793e-02
9600,layers.5.qk_lut.weights,1.280469e+02,9.838240e+00,7.683312e-02
9600,layers.5.qk_lut.log_soft_score_temp,2.127473e-01,6.827623e-03,3.209264e-02
9600,layers.5.qk_lut.log_select_temp,9.449027e-01,3.781080e-03,4.001555e-03
9600,layers.5.v_lut.weights,1.792420e+02,1.364936e+01,7.615044e-02
9600,layers.5.v_lut.log_soft_score_temp,9.096013e-01,1.011169e-02,1.111662e-02
9600,layers.5.v_lut.log_select_temp,1.287449e+00,1.675963e-03,1.301771e-03
9600,layers.5.out_proj.weights,4.723739e+02,3.193238e+01,6.759980e-02
9600,layers.5.out_proj.log_soft_score_temp,1.756347e-01,1.053193e-02,5.996500e-02
9600,layers.5.out_proj.log_select_temp,1.185763e+00,9.493351e-03,8.006108e-03
9600,layers.5.residual_lut.weights,2.143544e+02,1.401384e+01,6.537697e-02
9600,layers.5.residual_lut.log_soft_score_temp,1.574473e-01,1.102966e-02,7.005304e-02
9600,layers.5.residual_lut.log_select_temp,1.285716e+00,1.160204e-02,9.023802e-03
9600,layers.5.q_norm.weight,8.781819e+00,1.510883e-02,1.720467e-03
9600,layers.5.q_norm.bias,4.447207e-01,8.449793e-03,1.900023e-02
9600,layers.5.k_norm.weight,8.762942e+00,1.455891e-02,1.661418e-03
9600,layers.5.k_norm.bias,5.384314e-01,1.048044e-02,1.946477e-02
9600,ln_final.weight,4.859012e+01,3.693365e-01,7.601062e-03
9600,ln_final.bias,2.077795e+00,3.622281e-02,1.743329e-02
9800,tok_emb_E.weight,2.191159e+02,5.424495e+00,2.475628e-02
9800,emb_resid_lut.weights,2.061234e+02,1.212801e+01,5.883861e-02
9800,emb_resid_lut.log_soft_score_temp,7.039732e-01,1.022524e-02,1.452504e-02
9800,emb_resid_lut.log_select_temp,1.306125e+00,2.478123e-03,1.897310e-03
9800,unembedder.weight,1.718083e+02,6.482178e+00,3.772914e-02
9800,layers.0.qk_lut.weights,1.291684e+02,8.815032e+00,6.824449e-02
9800,layers.0.qk_lut.log_soft_score_temp,8.365621e-01,6.595254e-04,7.883759e-04
9800,layers.0.qk_lut.log_select_temp,9.197932e-01,1.581192e-03,1.719073e-03
9800,layers.0.v_lut.weights,1.776622e+02,1.349812e+01,7.597629e-02
9800,layers.0.v_lut.log_soft_score_temp,3.330119e-01,3.317595e-03,9.962390e-03
9800,layers.0.v_lut.log_select_temp,1.127418e+00,5.202293e-03,4.614344e-03
9800,layers.0.out_proj.weights,3.523084e+02,2.772323e+01,7.869022e-02
9800,layers.0.out_proj.log_soft_score_temp,7.330101e-01,6.048679e-03,8.251836e-03
9800,layers.0.out_proj.log_select_temp,5.343799e-01,1.243496e-02,2.326989e-02
9800,layers.0.residual_lut.weights,1.501926e+02,1.275479e+01,8.492293e-02
9800,layers.0.residual_lut.log_soft_score_temp,3.016081e-01,3.253490e-03,1.078714e-02
9800,layers.0.residual_lut.log_select_temp,2.963958e-01,5.851865e-03,1.974341e-02
9800,layers.0.q_norm.weight,8.950711e+00,1.085066e-02,1.212268e-03
9800,layers.0.q_norm.bias,8.909274e-01,9.977953e-03,1.119951e-02
9800,layers.0.k_norm.weight,8.887078e+00,1.048153e-02,1.179412e-03
9800,layers.0.k_norm.bias,1.513040e+00,1.368602e-02,9.045380e-03
9800,layers.1.qk_lut.weights,1.289034e+02,9.323784e+00,7.233159e-02
9800,layers.1.qk_lut.log_soft_score_temp,1.921973e-01,4.612297e-03,2.399772e-02
9800,layers.1.qk_lut.log_select_temp,1.068465e+00,2.734661e-03,2.559430e-03
9800,layers.1.v_lut.weights,1.715534e+02,1.287792e+01,7.506652e-02
9800,layers.1.v_lut.log_soft_score_temp,6.976392e-02,6.547920e-03,9.385826e-02
9800,layers.1.v_lut.log_select_temp,1.380920e+00,8.484483e-03,6.144080e-03
9800,layers.1.out_proj.weights,3.511260e+02,2.827217e+01,8.051861e-02
9800,layers.1.out_proj.log_soft_score_temp,1.058546e+00,1.415563e-02,1.337271e-02
9800,layers.1.out_proj.log_select_temp,4.790539e-01,1.079878e-02,2.254189e-02
9800,layers.1.residual_lut.weights,1.608698e+02,1.299942e+01,8.080714e-02
9800,layers.1.residual_lut.log_soft_score_temp,1.752939e-02,4.311067e-03,2.459337e-01
9800,layers.1.residual_lut.log_select_temp,1.110554e+00,1.357317e-02,1.222198e-02
9800,layers.1.q_norm.weight,9.420551e+00,1.116640e-02,1.185324e-03
9800,layers.1.q_norm.bias,8.118125e-01,6.850793e-03,8.438885e-03
9800,layers.1.k_norm.weight,9.354399e+00,1.092614e-02,1.168022e-03
9800,layers.1.k_norm.bias,1.086438e+00,1.146251e-02,1.055054e-02
9800,layers.2.qk_lut.weights,1.295207e+02,9.374040e+00,7.237485e-02
9800,layers.2.qk_lut.log_soft_score_temp,1.127327e-01,4.896052e-03,4.343064e-02
9800,layers.2.qk_lut.log_select_temp,1.053811e+00,4.155040e-03,3.942870e-03
9800,layers.2.v_lut.weights,1.728010e+02,1.309844e+01,7.580068e-02
9800,layers.2.v_lut.log_soft_score_temp,1.087150e-01,7.628359e-03,7.016843e-02
9800,layers.2.v_lut.log_select_temp,1.310047e+00,7.843971e-03,5.987549e-03
9800,layers.2.out_proj.weights,3.630109e+02,2.828507e+01,7.791796e-02
9800,layers.2.out_proj.log_soft_score_temp,9.647604e-01,1.499826e-02,1.554609e-02
9800,layers.2.out_proj.log_select_temp,5.873958e-01,1.076382e-02,1.832465e-02
9800,layers.2.residual_lut.weights,1.682154e+02,1.308502e+01,7.778731e-02
9800,layers.2.residual_lut.log_soft_score_temp,3.440911e-02,8.609034e-03,2.501964e-01
9800,layers.2.residual_lut.log_select_temp,1.314395e+00,1.121342e-02,8.531244e-03
9800,layers.2.q_norm.weight,9.496313e+00,1.166937e-02,1.228831e-03
9800,layers.2.q_norm.bias,1.034083e+00,7.580206e-03,7.330362e-03
9800,layers.2.k_norm.weight,9.433239e+00,1.150577e-02,1.219705e-03
9800,layers.2.k_norm.bias,1.417775e+00,9.717211e-03,6.853845e-03
9800,layers.3.qk_lut.weights,1.263853e+02,9.360791e+00,7.406548e-02
9800,layers.3.qk_lut.log_soft_score_temp,2.070873e-01,4.537985e-03,2.191339e-02
9800,layers.3.qk_lut.log_select_temp,1.204529e+00,6.531000e-03,5.422037e-03
9800,layers.3.v_lut.weights,1.741676e+02,1.314385e+01,7.546667e-02
9800,layers.3.v_lut.log_soft_score_temp,2.796761e-02,8.254901e-03,2.951593e-01
9800,layers.3.v_lut.log_select_temp,1.307682e+00,9.946942e-03,7.606548e-03
9800,layers.3.out_proj.weights,4.233468e+02,2.896075e+01,6.840905e-02
9800,layers.3.out_proj.log_soft_score_temp,7.931888e-01,1.661617e-02,2.094856e-02
9800,layers.3.out_proj.log_select_temp,1.305234e+00,7.357359e-03,5.636812e-03
9800,layers.3.residual_lut.weights,1.846555e+02,1.315773e+01,7.125553e-02
9800,layers.3.residual_lut.log_soft_score_temp,2.335855e-02,1.218058e-02,5.214611e-01
9800,layers.3.residual_lut.log_select_temp,1.360490e+00,1.108432e-02,8.147297e-03
9800,layers.3.q_norm.weight,1.045440e+01,1.509866e-02,1.444240e-03
9800,layers.3.q_norm.bias,1.135214e+00,1.234130e-02,1.087134e-02
9800,layers.3.k_norm.weight,1.035385e+01,1.502095e-02,1.450761e-03
9800,layers.3.k_norm.bias,1.463992e+00,1.175316e-02,8.028158e-03
9800,layers.4.qk_lut.weights,1.294882e+02,9.527347e+00,7.357696e-02
9800,layers.4.qk_lut.log_soft_score_temp,7.058263e-02,5.562879e-03,7.881371e-02
9800,layers.4.qk_lut.log_select_temp,1.075276e+00,5.098701e-03,4.741758e-03
9800,layers.4.v_lut.weights,1.787843e+02,1.322331e+01,7.396234e-02
9800,layers.4.v_lut.log_soft_score_temp,3.292078e-01,8.607537e-03,2.614621e-02
9800,layers.4.v_lut.log_select_temp,1.230961e+00,4.231930e-03,3.437906e-03
9800,layers.4.out_proj.weights,3.945681e+02,2.884126e+01,7.309578e-02
9800,layers.4.out_proj.log_soft_score_temp,5.224135e-01,1.376379e-02,2.634654e-02
9800,layers.4.out_proj.log_select_temp,1.092687e+00,8.908391e-03,8.152741e-03
9800,layers.4.residual_lut.weights,1.885610e+02,1.322703e+01,7.014723e-02
9800,layers.4.residual_lut.log_soft_score_temp,6.181163e-02,1.037476e-02,1.678448e-01
9800,layers.4.residual_lut.log_select_temp,1.402712e+00,1.320219e-02,9.411905e-03
9800,layers.4.q_norm.weight,9.331553e+00,1.349407e-02,1.446069e-03
9800,layers.4.q_norm.bias,5.089890e-01,7.279804e-03,1.430248e-02
9800,layers.4.k_norm.weight,9.278857e+00,1.296276e-02,1.397021e-03
9800,layers.4.k_norm.bias,8.494426e-01,1.147020e-02,1.350320e-02
9800,layers.5.qk_lut.weights,1.285258e+02,9.433661e+00,7.339898e-02
9800,layers.5.qk_lut.log_soft_score_temp,2.086836e-01,4.063696e-03,1.947300e-02
9800,layers.5.qk_lut.log_select_temp,9.501814e-01,5.278766e-03,5.555535e-03
9800,layers.5.v_lut.weights,1.798924e+02,1.310723e+01,7.286148e-02
9800,layers.5.v_lut.log_soft_score_temp,8.994442e-01,1.015711e-02,1.129265e-02
9800,layers.5.v_lut.log_select_temp,1.285083e+00,2.365828e-03,1.840992e-03
9800,layers.5.out_proj.weights,4.742365e+02,3.054066e+01,6.439965e-02
9800,layers.5.out_proj.log_soft_score_temp,1.878168e-01,1.218218e-02,6.486201e-02
9800,layers.5.out_proj.log_select_temp,1.195316e+00,9.552956e-03,7.991989e-03
9800,layers.5.residual_lut.weights,2.154063e+02,1.345907e+01,6.248226e-02
9800,layers.5.residual_lut.log_soft_score_temp,1.471834e-01,1.026388e-02,6.973528e-02
9800,layers.5.residual_lut.log_select_temp,1.296211e+00,1.049495e-02,8.096637e-03
9800,layers.5.q_norm.weight,8.792992e+00,1.532542e-02,1.742913e-03
9800,layers.5.q_norm.bias,4.502035e-01,9.341007e-03,2.074841e-02
9800,layers.5.k_norm.weight,8.774020e+00,1.545402e-02,1.761338e-03
9800,layers.5.k_norm.bias,5.414904e-01,1.085626e-02,2.004885e-02
9800,ln_final.weight,4.894183e+01,3.526075e-01,7.204624e-03
9800,ln_final.bias,2.093935e+00,3.338633e-02,1.594431e-02
10000,tok_emb_E.weight,2.192179e+02,5.208177e+00,2.375799e-02
10000,emb_resid_lut.weights,2.066471e+02,1.166936e+01,5.646999e-02
10000,emb_resid_lut.log_soft_score_temp,6.968690e-01,7.104158e-03,1.019440e-02
10000,emb_resid_lut.log_select_temp,1.305722e+00,4.025698e-04,3.083120e-04
10000,unembedder.weight,1.716139e+02,6.238396e+00,3.635135e-02
10000,layers.0.qk_lut.weights,1.296170e+02,8.480608e+00,6.542819e-02
10000,layers.0.qk_lut.log_soft_score_temp,8.379056e-01,1.343548e-03,1.603460e-03
10000,layers.0.qk_lut.log_select_temp,9.223847e-01,2.591550e-03,2.809620e-03
10000,layers.0.v_lut.weights,1.782596e+02,1.297143e+01,7.276704e-02
10000,layers.0.v_lut.log_soft_score_temp,3.300737e-01,2.938211e-03,8.901682e-03
10000,layers.0.v_lut.log_select_temp,1.131872e+00,4.454255e-03,3.935299e-03
10000,layers.0.out_proj.weights,3.533585e+02,2.661379e+01,7.531670e-02
10000,layers.0.out_proj.log_soft_score_temp,7.395841e-01,6.573975e-03,8.888746e-03
10000,layers.0.out_proj.log_select_temp,5.470396e-01,1.265967e-02,2.314214e-02
10000,layers.0.residual_lut.weights,1.505213e+02,1.225866e+01,8.144140e-02
10000,layers.0.residual_lut.log_soft_score_temp,3.021291e-01,5.210638e-04,1.724639e-03
10000,layers.0.residual_lut.log_select_temp,3.053828e-01,8.986920e-03,2.942838e-02
10000,layers.0.q_norm.weight,8.957119e+00,1.148953e-02,1.282726e-03
10000,layers.0.q_norm.bias,8.944979e-01,8.907878e-03,9.958523e-03
10000,layers.0.k_norm.weight,8.892838e+00,1.072430e-02,1.205948e-03
10000,layers.0.k_norm.bias,1.520318e+00,9.815877e-03,6.456464e-03
10000,layers.1.qk_lut.weights,1.293496e+02,8.964449e+00,6.930401e-02
10000,layers.1.qk_lut.log_soft_score_temp,1.878942e-01,4.303157e-03,2.290203e-02
10000,layers.1.qk_lut.log_select_temp,1.072298e+00,3.833413e-03,3.574951e-03
10000,layers.1.v_lut.weights,1.721200e+02,1.236231e+01,7.182379e-02
10000,layers.1.v_lut.log_soft_score_temp,7.622427e-02,6.460354e-03,8.475454e-02
10000,layers.1.v_lut.log_select_temp,1.388089e+00,7.168531e-03,5.164318e-03
10000,layers.1.out_proj.weights,3.519511e+02,2.712370e+01,7.706667e-02
10000,layers.1.out_proj.log_soft_score_temp,1.072520e+00,1.397371e-02,1.302887e-02
10000,layers.1.out_proj.log_select_temp,4.879231e-01,8.869201e-03,1.817746e-02
10000,layers.1.residual_lut.weights,1.613613e+02,1.249399e+01,7.742868e-02
10000,layers.1.residual_lut.log_soft_score_temp,2.158604e-02,4.056646e-03,1.879292e-01
10000,layers.1.residual_lut.log_select_temp,1.123855e+00,1.330054e-02,1.183475e-02
10000,layers.1.q_norm.weight,9.427047e+00,1.048802e-02,1.112545e-03
10000,layers.1.q_norm.bias,8.154414e-01,6.654321e-03,8.160392e-03
10000,layers.1.k_norm.weight,9.360502e+00,1.036653e-02,1.107476e-03
10000,layers.1.k_norm.bias,1.092219e+00,9.471504e-03,8.671802e-03
10000,layers.2.qk_lut.weights,1.299653e+02,9.015319e+00,6.936711e-02
10000,layers.2.qk_lut.log_soft_score_temp,1.082574e-01,4.475318e-03,4.133961e-02
10000,layers.2.qk_lut.log_select_temp,1.058346e+00,4.534721e-03,4.284726e-03
10000,layers.2.v_lut.weights,1.733764e+02,1.256629e+01,7.247981e-02
10000,layers.2.v_lut.log_soft_score_temp,1.170124e-01,8.297421e-03,7.091062e-02
10000,layers.2.v_lut.log_select_temp,1.317128e+00,7.081270e-03,5.376295e-03
10000,layers.2.out_proj.weights,3.640412e+02,2.715085e+01,7.458181e-02
10000,layers.2.out_proj.log_soft_score_temp,9.800434e-01,1.528299e-02,1.559420e-02
10000,layers.2.out_proj.log_select_temp,5.967252e-01,9.329319e-03,1.563420e-02
10000,layers.2.residual_lut.weights,1.687320e+02,1.256915e+01,7.449176e-02
10000,layers.2.residual_lut.log_soft_score_temp,4.142826e-02,7.019151e-03,1.694291e-01
10000,layers.2.residual_lut.log_select_temp,1.326590e+00,1.219547e-02,9.193094e-03
10000,layers.2.q_norm.weight,9.503409e+00,1.119286e-02,1.177773e-03
10000,layers.2.q_norm.bias,1.037289e+00,7.291865e-03,7.029734e-03
10000,layers.2.k_norm.weight,9.440063e+00,1.088712e-02,1.153289e-03
10000,layers.2.k_norm.bias,1.423020e+00,9.328199e-03,6.555214e-03
10000,layers.3.qk_lut.weights,1.268064e+02,8.999321e+00,7.096897e-02
10000,layers.3.qk_lut.log_soft_score_temp,2.105892e-01,3.501922e-03,1.662916e-02
10000,layers.3.qk_lut.log_select_temp,1.211356e+00,6.826758e-03,5.635635e-03
10000,layers.3.v_lut.weights,1.747386e+02,1.262984e+01,7.227848e-02
10000,layers.3.v_lut.log_soft_score_temp,3.777566e-02,9.808049e-03,2.596394e-01
10000,layers.3.v_lut.log_select_temp,1.316037e+00,8.355021e-03,6.348624e-03
10000,layers.3.out_proj.weights,4.252679e+02,2.777620e+01,6.531458e-02
10000,layers.3.out_proj.log_soft_score_temp,8.097668e-01,1.657808e-02,2.047266e-02
10000,layers.3.out_proj.log_select_temp,1.310173e+00,4.938602e-03,3.769429e-03
10000,layers.3.residual_lut.weights,1.853182e+02,1.266088e+01,6.831966e-02
10000,layers.3.residual_lut.log_soft_score_temp,1.025679e-02,1.310176e-02,1.277374e+00
10000,layers.3.residual_lut.log_select_temp,1.370654e+00,1.016331e-02,7.414935e-03
10000,layers.3.q_norm.weight,1.046318e+01,1.455953e-02,1.391501e-03
10000,layers.3.q_norm.bias,1.145592e+00,1.346359e-02,1.175252e-02
10000,layers.3.k_norm.weight,1.036272e+01,1.526411e-02,1.472983e-03
10000,layers.3.k_norm.bias,1.469878e+00,1.142421e-02,7.772221e-03
10000,layers.4.qk_lut.weights,1.299280e+02,9.096197e+00,7.000953e-02
10000,layers.4.qk_lut.log_soft_score_temp,6.631169e-02,4.270934e-03,6.440694e-02
10000,layers.4.qk_lut.log_select_temp,1.081469e+00,6.193042e-03,5.726507e-03
10000,layers.4.v_lut.weights,1.793809e+02,1.269939e+01,7.079566e-02
10000,layers.4.v_lut.log_soft_score_temp,3.193782e-01,9.829551e-03,3.077715e-02
10000,layers.4.v_lut.log_select_temp,1.233012e+00,2.050161e-03,1.662727e-03
10000,layers.4.out_proj.weights,3.960854e+02,2.768773e+01,6.990342e-02
10000,layers.4.out_proj.log_soft_score_temp,5.361331e-01,1.371956e-02,2.558984e-02
10000,layers.4.out_proj.log_select_temp,1.101130e+00,8.443832e-03,7.668330e-03
10000,layers.4.residual_lut.weights,1.893193e+02,1.270289e+01,6.709770e-02
10000,layers.4.residual_lut.log_soft_score_temp,7.516039e-02,1.334876e-02,1.776037e-01
10000,layers.4.residual_lut.log_select_temp,1.413283e+00,1.057076e-02,7.479583e-03
10000,layers.4.q_norm.weight,9.339684e+00,1.154859e-02,1.236508e-03
10000,layers.4.q_norm.bias,5.112378e-01,7.245271e-03,1.417202e-02
10000,layers.4.k_norm.weight,9.286513e+00,1.221143e-02,1.314964e-03
10000,layers.4.k_norm.bias,8.516762e-01,7.288142e-03,8.557410e-03
10000,layers.5.qk_lut.weights,1.289710e+02,9.054590e+00,7.020641e-02
10000,layers.5.qk_lut.log_soft_score_temp,2.039240e-01,4.759640e-03,2.334027e-02
10000,layers.5.qk_lut.log_select_temp,9.548991e-01,4.717648e-03,4.940468e-03
10000,layers.5.v_lut.weights,1.804577e+02,1.259165e+01,6.977620e-02
10000,layers.5.v_lut.log_soft_score_temp,8.926731e-01,6.771088e-03,7.585181e-03
10000,layers.5.v_lut.log_select_temp,1.285568e+00,4.848242e-04,3.771283e-04
10000,layers.5.out_proj.weights,4.759430e+02,2.921876e+01,6.139130e-02
10000,layers.5.out_proj.log_soft_score_temp,1.984451e-01,1.062824e-02,5.355758e-02
10000,layers.5.out_proj.log_select_temp,1.203847e+00,8.530855e-03,7.086327e-03
10000,layers.5.residual_lut.weights,2.163806e+02,1.295019e+01,5.984911e-02
10000,layers.5.residual_lut.log_soft_score_temp,1.359356e-01,1.124783e-02,8.274382e-02
10000,layers.5.residual_lut.log_select_temp,1.305709e+00,9.498119e-03,7.274302e-03
10000,layers.5.q_norm.weight,8.804057e+00,1.519002e-02,1.725343e-03
10000,layers.5.q_norm.bias,4.580416e-01,1.171763e-02,2.558202e-02
10000,layers.5.k_norm.weight,8.784807e+00,1.465589e-02,1.668322e-03
10000,layers.5.k_norm.bias,5.462162e-01,1.133684e-02,2.075523e-02
10000,ln_final.weight,4.927762e+01,3.367639e-01,6.834013e-03
10000,ln_final.bias,2.110354e+00,3.332987e-02,1.579350e-02
10200,tok_emb_E.weight,2.193107e+02,4.993383e+00,2.276854e-02
10200,emb_resid_lut.weights,2.071378e+02,1.121414e+01,5.413853e-02
10200,emb_resid_lut.log_soft_score_temp,6.908292e-01,6.039858e-03,8.742911e-03
10200,emb_resid_lut.log_select_temp,1.306211e+00,4.886389e-04,3.740889e-04
10200,unembedder.weight,1.714026e+02,5.987740e+00,3.493378e-02
10200,layers.0.qk_lut.weights,1.300233e+02,8.151227e+00,6.269052e-02
10200,layers.0.qk_lut.log_soft_score_temp,8.383554e-01,4.497766e-04,5.364988e-04
10200,layers.0.qk_lut.log_select_temp,9.234126e-01,1.027882e-03,1.113134e-03
10200,layers.0.v_lut.weights,1.788086e+02,1.244867e+01,6.962006e-02
10200,layers.0.v_lut.log_soft_score_temp,3.269322e-01,3.141463e-03,9.608912e-03
10200,layers.0.v_lut.log_select_temp,1.135819e+00,3.947139e-03,3.475147e-03
10200,layers.0.out_proj.weights,3.543119e+02,2.550121e+01,7.197391e-02
10200,layers.0.out_proj.log_soft_score_temp,7.442870e-01,4.702866e-03,6.318620e-03
10200,layers.0.out_proj.log_select_temp,5.590878e-01,1.204818e-02,2.154972e-02
10200,layers.0.residual_lut.weights,1.508098e+02,1.175335e+01,7.793491e-02
10200,layers.0.residual_lut.log_soft_score_temp,3.020647e-01,6.449223e-05,2.135047e-04
10200,layers.0.residual_lut.log_select_temp,3.135191e-01,8.136302e-03,2.595154e-02
10200,layers.0.q_norm.weight,8.961697e+00,9.324764e-03,1.040513e-03
10200,layers.0.q_norm.bias,8.963728e-01,6.524156e-03,7.278396e-03
10200,layers.0.k_norm.weight,8.896628e+00,9.397494e-03,1.056298e-03
10200,layers.0.k_norm.bias,1.527587e+00,1.139891e-02,7.462033e-03
10200,layers.1.qk_lut.weights,1.297494e+02,8.595712e+00,6.624859e-02
10200,layers.1.qk_lut.log_soft_score_temp,1.844428e-01,3.451318e-03,1.871212e-02
10200,layers.1.qk_lut.log_select_temp,1.075798e+00,3.500104e-03,3.253495e-03
10200,layers.1.v_lut.weights,1.726479e+02,1.185009e+01,6.863736e-02
10200,layers.1.v_lut.log_soft_score_temp,8.300766e-02,6.783381e-03,8.171995e-02
10200,layers.1.v_lut.log_select_temp,1.394288e+00,6.199598e-03,4.446425e-03
10200,layers.1.out_proj.weights,3.526873e+02,2.596390e+01,7.361734e-02
10200,layers.1.out_proj.log_soft_score_temp,1.084678e+00,1.215816e-02,1.120900e-02
10200,layers.1.out_proj.log_select_temp,4.957992e-01,7.876158e-03,1.588578e-02
10200,layers.1.residual_lut.weights,1.618107e+02,1.198842e+01,7.408915e-02
10200,layers.1.residual_lut.log_soft_score_temp,2.541193e-02,3.825897e-03,1.505551e-01
10200,layers.1.residual_lut.log_select_temp,1.136153e+00,1.229858e-02,1.082476e-02
10200,layers.1.q_norm.weight,9.431255e+00,1.018289e-02,1.079696e-03
10200,layers.1.q_norm.bias,8.174188e-01,5.967495e-03,7.300413e-03
10200,layers.1.k_norm.weight,9.364895e+00,1.029153e-02,1.098948e-03
10200,layers.1.k_norm.bias,1.092709e+00,9.251569e-03,8.466637e-03
10200,layers.2.qk_lut.weights,1.303836e+02,8.640226e+00,6.626773e-02
10200,layers.2.qk_lut.log_soft_score_temp,1.037120e-01,4.545383e-03,4.382698e-02
10200,layers.2.qk_lut.log_select_temp,1.062202e+00,3.855944e-03,3.630143e-03
10200,layers.2.v_lut.weights,1.739000e+02,1.203599e+01,6.921213e-02
10200,layers.2.v_lut.log_soft_score_temp,1.261313e-01,9.118885e-03,7.229677e-02
10200,layers.2.v_lut.log_select_temp,1.322691e+00,5.562305e-03,4.205296e-03
10200,layers.2.out_proj.weights,3.649799e+02,2.597840e+01,7.117762e-02
10200,layers.2.out_proj.log_soft_score_temp,9.936267e-01,1.358330e-02,1.367043e-02
10200,layers.2.out_proj.log_select_temp,6.048786e-01,8.153439e-03,1.347946e-02
10200,layers.2.residual_lut.weights,1.692049e+02,1.204647e+01,7.119456e-02
10200,layers.2.residual_lut.log_soft_score_temp,4.882489e-02,7.396631e-03,1.514930e-01
10200,layers.2.residual_lut.log_select_temp,1.336310e+00,9.719610e-03,7.273471e-03
10200,layers.2.q_norm.weight,9.509451e+00,1.151805e-02,1.211221e-03
10200,layers.2.q_norm.bias,1.039856e+00,5.833380e-03,5.609797e-03
10200,layers.2.k_norm.weight,9.446204e+00,1.227546e-02,1.299513e-03
10200,layers.2.k_norm.bias,1.425526e+00,8.359153e-03,5.863908e-03
10200,layers.3.qk_lut.weights,1.271922e+02,8.594943e+00,6.757443e-02
10200,layers.3.qk_lut.log_soft_score_temp,2.142618e-01,3.672600e-03,1.714071e-02
10200,layers.3.qk_lut.log_select_temp,1.217711e+00,6.355286e-03,5.219043e-03
10200,layers.3.v_lut.weights,1.752661e+02,1.206399e+01,6.883241e-02
10200,layers.3.v_lut.log_soft_score_temp,4.693610e-02,9.160440e-03,1.951683e-01
10200,layers.3.v_lut.log_select_temp,1.323763e+00,7.725954e-03,5.836360e-03
10200,layers.3.out_proj.weights,4.270572e+02,2.660333e+01,6.229454e-02
10200,layers.3.out_proj.log_soft_score_temp,8.236805e-01,1.391369e-02,1.689210e-02
10200,layers.3.out_proj.log_select_temp,1.316575e+00,6.402612e-03,4.863081e-03
10200,layers.3.residual_lut.weights,1.859191e+02,1.211715e+01,6.517431e-02
10200,layers.3.residual_lut.log_soft_score_temp,1.765140e-03,1.202193e-02,6.810751e+00
10200,layers.3.residual_lut.log_select_temp,1.379554e+00,8.900285e-03,6.451568e-03
10200,layers.3.q_norm.weight,1.047255e+01,1.438096e-02,1.373205e-03
10200,layers.3.q_norm.bias,1.155692e+00,1.282970e-02,1.110131e-02
10200,layers.3.k_norm.weight,1.037160e+01,1.427608e-02,1.376459e-03
10200,layers.3.k_norm.bias,1.477202e+00,1.203889e-02,8.149796e-03
10200,layers.4.qk_lut.weights,1.303331e+02,8.701081e+00,6.676032e-02
10200,layers.4.qk_lut.log_soft_score_temp,6.163009e-02,4.681602e-03,7.596293e-02
10200,layers.4.qk_lut.log_select_temp,1.086119e+00,4.649162e-03,4.280529e-03
10200,layers.4.v_lut.weights,1.799169e+02,1.217249e+01,6.765620e-02
10200,layers.4.v_lut.log_soft_score_temp,3.097707e-01,9.607494e-03,3.101485e-02
10200,layers.4.v_lut.log_select_temp,1.235594e+00,2.582788e-03,2.090321e-03
10200,layers.4.out_proj.weights,3.974709e+02,2.650264e+01,6.667820e-02
10200,layers.4.out_proj.log_soft_score_temp,5.470339e-01,1.090086e-02,1.992720e-02
10200,layers.4.out_proj.log_select_temp,1.110303e+00,9.172320e-03,8.261098e-03
10200,layers.4.residual_lut.weights,1.900169e+02,1.215656e+01,6.397620e-02
10200,layers.4.residual_lut.log_soft_score_temp,8.745311e-02,1.229272e-02,1.405636e-01
10200,layers.4.residual_lut.log_select_temp,1.423378e+00,1.009500e-02,7.092286e-03
10200,layers.4.q_norm.weight,9.347792e+00,1.171536e-02,1.253276e-03
10200,layers.4.q_norm.bias,5.138192e-01,7.030149e-03,1.368214e-02
10200,layers.4.k_norm.weight,9.293836e+00,1.137470e-02,1.223897e-03
10200,layers.4.k_norm.bias,8.544845e-01,8.707676e-03,1.019056e-02
10200,layers.5.qk_lut.weights,1.293949e+02,8.726566e+00,6.744133e-02
10200,layers.5.qk_lut.log_soft_score_temp,1.998676e-01,4.056334e-03,2.029511e-02
10200,layers.5.qk_lut.log_select_temp,9.597355e-01,4.836380e-03,5.039285e-03
10200,layers.5.v_lut.weights,1.809959e+02,1.206615e+01,6.666530e-02
10200,layers.5.v_lut.log_soft_score_temp,8.853590e-01,7.314086e-03,8.261152e-03
10200,layers.5.v_lut.log_select_temp,1.285176e+00,3.917217e-04,3.048000e-04
10200,layers.5.out_proj.weights,4.775176e+02,2.799834e+01,5.863309e-02
10200,layers.5.out_proj.log_soft_score_temp,2.092194e-01,1.077436e-02,5.149789e-02
10200,layers.5.out_proj.log_select_temp,1.210568e+00,6.720304e-03,5.551367e-03
10200,layers.5.residual_lut.weights,2.172778e+02,1.239873e+01,5.706397e-02
10200,layers.5.residual_lut.log_soft_score_temp,1.257567e-01,1.017891e-02,8.094131e-02
10200,layers.5.residual_lut.log_select_temp,1.315349e+00,9.640455e-03,7.329198e-03
10200,layers.5.q_norm.weight,8.812598e+00,1.244510e-02,1.412194e-03
10200,layers.5.q_norm.bias,4.598409e-01,7.119492e-03,1.548251e-02
10200,layers.5.k_norm.weight,8.792916e+00,1.176155e-02,1.337617e-03
10200,layers.5.k_norm.bias,5.507390e-01,1.113866e-02,2.022494e-02
10200,ln_final.weight,4.960030e+01,3.236225e-01,6.524609e-03
10200,ln_final.bias,2.124997e+00,3.172645e-02,1.493011e-02
10400,tok_emb_E.weight,2.193963e+02,4.779057e+00,2.178276e-02
10400,emb_resid_lut.weights,2.075744e+02,1.074440e+01,5.176169e-02
10400,emb_resid_lut.log_soft_score_temp,6.840166e-01,6.812513e-03,9.959572e-03
10400,emb_resid_lut.log_select_temp,1.305902e+00,3.081560e-04,2.359717e-04
10400,unembedder.weight,1.712149e+02,5.778720e+00,3.375128e-02
10400,layers.0.qk_lut.weights,1.303842e+02,7.844839e+00,6.016712e-02
10400,layers.0.qk_lut.log_soft_score_temp,8.385754e-01,2.199411e-04,2.622795e-04
10400,layers.0.qk_lut.log_select_temp,9.243840e-01,9.713769e-04,1.050837e-03
10400,layers.0.v_lut.weights,1.793082e+02,1.192346e+01,6.649703e-02
10400,layers.0.v_lut.log_soft_score_temp,3.244987e-01,2.433479e-03,7.499193e-03
10400,layers.0.v_lut.log_select_temp,1.140168e+00,4.348636e-03,3.814031e-03
10400,layers.0.out_proj.weights,3.551781e+02,2.441003e+01,6.872617e-02
10400,layers.0.out_proj.log_soft_score_temp,7.489432e-01,4.656255e-03,6.217101e-03
10400,layers.0.out_proj.log_select_temp,5.701369e-01,1.104915e-02,1.937982e-02
10400,layers.0.residual_lut.weights,1.510658e+02,1.124178e+01,7.441647e-02
10400,layers.0.residual_lut.log_soft_score_temp,3.028810e-01,8.163452e-04,2.695267e-03
10400,layers.0.residual_lut.log_select_temp,3.204613e-01,6.942213e-03,2.166319e-02
10400,layers.0.q_norm.weight,8.967972e+00,1.042127e-02,1.162054e-03
10400,layers.0.q_norm.bias,9.020751e-01,8.935717e-03,9.905735e-03
10400,layers.0.k_norm.weight,8.902107e+00,9.683717e-03,1.087801e-03
10400,layers.0.k_norm.bias,1.534945e+00,1.119240e-02,7.291726e-03
10400,layers.1.qk_lut.weights,1.301089e+02,8.211323e+00,6.311117e-02
10400,layers.1.qk_lut.log_soft_score_temp,1.802534e-01,4.189491e-03,2.324224e-02
10400,layers.1.qk_lut.log_select_temp,1.078238e+00,2.439499e-03,2.262487e-03
10400,layers.1.v_lut.weights,1.731277e+02,1.131752e+01,6.537095e-02
10400,layers.1.v_lut.log_soft_score_temp,8.855145e-02,5.543798e-03,6.260539e-02
10400,layers.1.v_lut.log_select_temp,1.400349e+00,6.061196e-03,4.328346e-03
10400,layers.1.out_proj.weights,3.533392e+02,2.482973e+01,7.027163e-02
10400,layers.1.out_proj.log_soft_score_temp,1.095881e+00,1.120341e-02,1.022320e-02
10400,layers.1.out_proj.log_select_temp,5.053415e-01,9.542227e-03,1.888273e-02
10400,layers.1.residual_lut.weights,1.622226e+02,1.147141e+01,7.071401e-02
10400,layers.1.residual_lut.log_soft_score_temp,2.787169e-02,2.459753e-03,8.825276e-02
10400,layers.1.residual_lut.log_select_temp,1.148757e+00,1.260364e-02,1.097155e-02
10400,layers.1.q_norm.weight,9.438898e+00,1.035748e-02,1.097319e-03
10400,layers.1.q_norm.bias,8.221570e-01,7.134090e-03,8.677284e-03
10400,layers.1.k_norm.weight,9.371960e+00,1.022270e-02,1.090775e-03
10400,layers.1.k_norm.bias,1.099982e+00,1.051362e-02,9.557992e-03
10400,layers.2.qk_lut.weights,1.307597e+02,8.244127e+00,6.304790e-02
10400,layers.2.qk_lut.log_soft_score_temp,1.003125e-01,3.399514e-03,3.388924e-02
10400,layers.2.qk_lut.log_select_temp,1.066702e+00,4.500628e-03,4.219198e-03
10400,layers.2.v_lut.weights,1.743873e+02,1.152754e+01,6.610311e-02
10400,layers.2.v_lut.log_soft_score_temp,1.309334e-01,4.802167e-03,3.667640e-02
10400,layers.2.v_lut.log_select_temp,1.330422e+00,7.731557e-03,5.811356e-03
10400,layers.2.out_proj.weights,3.658416e+02,2.484638e+01,6.791569e-02
10400,layers.2.out_proj.log_soft_score_temp,1.005500e+00,1.187325e-02,1.180830e-02
10400,layers.2.out_proj.log_select_temp,6.143453e-01,9.466648e-03,1.540933e-02
10400,layers.2.residual_lut.weights,1.696251e+02,1.152823e+01,6.796303e-02
10400,layers.2.residual_lut.log_soft_score_temp,5.665411e-02,7.829223e-03,1.381934e-01
10400,layers.2.residual_lut.log_select_temp,1.345409e+00,9.099007e-03,6.763005e-03
10400,layers.2.q_norm.weight,9.515937e+00,1.109962e-02,1.166424e-03
10400,layers.2.q_norm.bias,1.043175e+00,5.702856e-03,5.466828e-03
10400,layers.2.k_norm.weight,9.452574e+00,9.422066e-03,9.967725e-04
10400,layers.2.k_norm.bias,1.429260e+00,7.321566e-03,5.122626e-03
10400,layers.3.qk_lut.weights,1.275482e+02,8.251600e+00,6.469396e-02
10400,layers.3.qk_lut.log_soft_score_temp,2.177320e-01,3.470182e-03,1.593786e-02
10400,layers.3.qk_lut.log_select_temp,1.223245e+00,5.533814e-03,4.523881e-03
10400,layers.3.v_lut.weights,1.757365e+02,1.157358e+01,6.585759e-02
10400,layers.3.v_lut.log_soft_score_temp,5.500566e-02,8.069564e-03,1.467042e-01
10400,layers.3.v_lut.log_select_temp,1.331154e+00,7.391095e-03,5.552398e-03
10400,layers.3.out_proj.weights,4.287200e+02,2.540370e+01,5.925476e-02
10400,layers.3.out_proj.log_soft_score_temp,8.382497e-01,1.456922e-02,1.738053e-02
10400,layers.3.out_proj.log_select_temp,1.321594e+00,5.018592e-03,3.797378e-03
10400,layers.3.residual_lut.weights,1.864830e+02,1.160988e+01,6.225704e-02
10400,layers.3.residual_lut.log_soft_score_temp,1.171343e-02,9.948285e-03,8.493062e-01
10400,layers.3.residual_lut.log_select_temp,1.389384e+00,9.829998e-03,7.075078e-03
10400,layers.3.q_norm.weight,1.048035e+01,1.404578e-02,1.340202e-03
10400,layers.3.q_norm.bias,1.165307e+00,1.201988e-02,1.031477e-02
10400,layers.3.k_norm.weight,1.037935e+01,1.521292e-02,1.465690e-03
10400,layers.3.k_norm.bias,1.482945e+00,1.104923e-02,7.450870e-03
10400,layers.4.qk_lut.weights,1.307066e+02,8.313046e+00,6.360083e-02
10400,layers.4.qk_lut.log_soft_score_temp,5.676768e-02,4.862417e-03,8.565467e-02
10400,layers.4.qk_lut.log_select_temp,1.090844e+00,4.725575e-03,4.332035e-03
10400,layers.4.v_lut.weights,1.804041e+02,1.163712e+01,6.450587e-02
10400,layers.4.v_lut.log_soft_score_temp,2.995259e-01,1.024485e-02,3.420354e-02
10400,layers.4.v_lut.log_select_temp,1.237108e+00,1.513243e-03,1.223210e-03
10400,layers.4.out_proj.weights,3.987411e+02,2.527945e+01,6.339817e-02
10400,layers.4.out_proj.log_soft_score_temp,5.595140e-01,1.248014e-02,2.230532e-02
10400,layers.4.out_proj.log_select_temp,1.118118e+00,7.815361e-03,6.989745e-03
10400,layers.4.residual_lut.weights,1.906614e+02,1.163990e+01,6.105012e-02
10400,layers.4.residual_lut.log_soft_score_temp,9.828020e-02,1.082709e-02,1.101655e-01
10400,layers.4.residual_lut.log_select_temp,1.434309e+00,1.093125e-02,7.621269e-03
10400,layers.4.q_norm.weight,9.356289e+00,1.259867e-02,1.346546e-03
10400,layers.4.q_norm.bias,5.160912e-01,6.533277e-03,1.265915e-02
10400,layers.4.k_norm.weight,9.301464e+00,1.142414e-02,1.228209e-03
10400,layers.4.k_norm.bias,8.580528e-01,9.064166e-03,1.056365e-02
10400,layers.5.qk_lut.weights,1.297550e+02,8.308449e+00,6.403181e-02
10400,layers.5.qk_lut.log_soft_score_temp,1.943410e-01,5.526632e-03,2.843781e-02
10400,layers.5.qk_lut.log_select_temp,9.631815e-01,3.446043e-03,3.577771e-03
10400,layers.5.v_lut.weights,1.814869e+02,1.148374e+01,6.327587e-02
10400,layers.5.v_lut.log_soft_score_temp,8.763598e-01,8.999228e-03,1.026887e-02
10400,layers.5.v_lut.log_select_temp,1.283452e+00,1.724124e-03,1.343349e-03
10400,layers.5.out_proj.weights,4.789886e+02,2.664292e+01,5.562329e-02
10400,layers.5.out_proj.log_soft_score_temp,2.193182e-01,1.009877e-02,4.604620e-02
10400,layers.5.out_proj.log_select_temp,1.218157e+00,7.589817e-03,6.230572e-03
10400,layers.5.residual_lut.weights,2.181119e+02,1.183812e+01,5.427545e-02
10400,layers.5.residual_lut.log_soft_score_temp,1.156330e-01,1.012362e-02,8.754952e-02
10400,layers.5.residual_lut.log_select_temp,1.323749e+00,8.399725e-03,6.345406e-03
10400,layers.5.q_norm.weight,8.821440e+00,1.276132e-02,1.446626e-03
10400,layers.5.q_norm.bias,4.648239e-01,8.847821e-03,1.903478e-02
10400,layers.5.k_norm.weight,8.801238e+00,1.302538e-02,1.479949e-03
10400,layers.5.k_norm.bias,5.534002e-01,8.875500e-03,1.603812e-02
10400,ln_final.weight,4.991283e+01,3.135136e-01,6.281222e-03
10400,ln_final.bias,2.140569e+00,3.092346e-02,1.444637e-02
10600,tok_emb_E.weight,2.194757e+02,4.566687e+00,2.080725e-02
10600,emb_resid_lut.weights,2.079745e+02,1.026992e+01,4.938067e-02
10600,emb_resid_lut.log_soft_score_temp,6.782274e-01,5.789280e-03,8.535898e-03
10600,emb_resid_lut.log_select_temp,1.305907e+00,4.529953e-06,3.468817e-06
10600,unembedder.weight,1.710323e+02,5.499935e+00,3.215728e-02
10600,layers.0.qk_lut.weights,1.307308e+02,7.498550e+00,5.735873e-02
10600,layers.0.qk_lut.log_soft_score_temp,8.399758e-01,1.400471e-03,1.667275e-03
10600,layers.0.qk_lut.log_select_temp,9.263884e-01,2.004385e-03,2.163655e-03
10600,layers.0.v_lut.weights,1.797596e+02,1.138655e+01,6.334319e-02
10600,layers.0.v_lut.log_soft_score_temp,3.209704e-01,3.528327e-03,1.099269e-02
10600,layers.0.v_lut.log_select_temp,1.144007e+00,3.839016e-03,3.355763e-03
10600,layers.0.out_proj.weights,3.559518e+02,2.329528e+01,6.544504e-02
10600,layers.0.out_proj.log_soft_score_temp,7.534063e-01,4.463077e-03,5.923864e-03
10600,layers.0.out_proj.log_select_temp,5.808057e-01,1.066881e-02,1.836899e-02
10600,layers.0.residual_lut.weights,1.512836e+02,1.074601e+01,7.103221e-02
10600,layers.0.residual_lut.log_soft_score_temp,3.030910e-01,2.100170e-04,6.929172e-04
10600,layers.0.residual_lut.log_select_temp,3.278685e-01,7.407188e-03,2.259195e-02
10600,layers.0.q_norm.weight,8.970336e+00,7.098984e-03,7.913844e-04
10600,layers.0.q_norm.bias,9.035549e-01,6.096088e-03,6.746782e-03
10600,layers.0.k_norm.weight,8.904400e+00,7.259125e-03,8.152290e-04
10600,layers.0.k_norm.bias,1.539017e+00,8.710809e-03,5.659982e-03
10600,layers.1.qk_lut.weights,1.304484e+02,7.877459e+00,6.038754e-02
10600,layers.1.qk_lut.log_soft_score_temp,1.766858e-01,3.567547e-03,2.019147e-02
10600,layers.1.qk_lut.log_select_temp,1.081038e+00,2.800703e-03,2.590752e-03
10600,layers.1.v_lut.weights,1.735560e+02,1.084981e+01,6.251476e-02
10600,layers.1.v_lut.log_soft_score_temp,9.570798e-02,7.156521e-03,7.477455e-02
10600,layers.1.v_lut.log_select_temp,1.405849e+00,5.499840e-03,3.912112e-03
10600,layers.1.out_proj.weights,3.539106e+02,2.370578e+01,6.698239e-02
10600,layers.1.out_proj.log_soft_score_temp,1.107369e+00,1.148832e-02,1.037442e-02
10600,layers.1.out_proj.log_select_temp,5.139120e-01,8.570492e-03,1.667697e-02
10600,layers.1.residual_lut.weights,1.625925e+02,1.094410e+01,6.731000e-02
10600,layers.1.residual_lut.log_soft_score_temp,3.153319e-02,3.661506e-03,1.161159e-01
10600,layers.1.residual_lut.log_select_temp,1.159447e+00,1.069021e-02,9.220096e-03
10600,layers.1.q_norm.weight,9.442982e+00,8.137862e-03,8.617895e-04
10600,layers.1.q_norm.bias,8.260390e-01,6.890595e-03,8.341731e-03
10600,layers.1.k_norm.weight,9.375874e+00,8.396531e-03,8.955466e-04
10600,layers.1.k_norm.bias,1.103210e+00,8.279537e-03,7.504950e-03
10600,layers.2.qk_lut.weights,1.311000e+02,7.918098e+00,6.039738e-02
10600,layers.2.qk_lut.log_soft_score_temp,9.738506e-02,2.927415e-03,3.006021e-02
10600,layers.2.qk_lut.log_select_temp,1.071002e+00,4.299641e-03,4.014597e-03
10600,layers.2.v_lut.weights,1.748293e+02,1.100644e+01,6.295534e-02
10600,layers.2.v_lut.log_soft_score_temp,1.362890e-01,5.355567e-03,3.929566e-02
10600,layers.2.v_lut.log_select_temp,1.337519e+00,7.096529e-03,5.305742e-03
10600,layers.2.out_proj.weights,3.666333e+02,2.370903e+01,6.466688e-02
10600,layers.2.out_proj.log_soft_score_temp,1.016144e+00,1.064408e-02,1.047497e-02
10600,layers.2.out_proj.log_select_temp,6.239393e-01,9.594083e-03,1.537663e-02
10600,layers.2.residual_lut.weights,1.700081e+02,1.100980e+01,6.476045e-02
10600,layers.2.residual_lut.log_soft_score_temp,6.218931e-02,5.535204e-03,8.900571e-02
10600,layers.2.residual_lut.log_select_temp,1.355865e+00,1.045609e-02,7.711746e-03
10600,layers.2.q_norm.weight,9.522828e+00,1.034315e-02,1.086143e-03
10600,layers.2.q_norm.bias,1.047676e+00,6.945163e-03,6.629113e-03
10600,layers.2.k_norm.weight,9.459640e+00,1.091995e-02,1.154372e-03
10600,layers.2.k_norm.bias,1.432586e+00,9.075886e-03,6.335318e-03
10600,layers.3.qk_lut.weights,1.278755e+02,7.893091e+00,6.172480e-02
10600,layers.3.qk_lut.log_soft_score_temp,2.212629e-01,3.530949e-03,1.595816e-02
10600,layers.3.qk_lut.log_select_temp,1.228169e+00,4.924655e-03,4.009752e-03
10600,layers.3.v_lut.weights,1.761681e+02,1.101207e+01,6.250886e-02
10600,layers.3.v_lut.log_soft_score_temp,6.363668e-02,8.631021e-03,1.356296e-01
10600,layers.3.v_lut.log_select_temp,1.337232e+00,6.077886e-03,4.545126e-03
10600,layers.3.out_proj.weights,4.302261e+02,2.424759e+01,5.636011e-02
10600,layers.3.out_proj.log_soft_score_temp,8.520600e-01,1.381028e-02,1.620810e-02
10600,layers.3.out_proj.log_select_temp,1.325765e+00,4.171014e-03,3.146119e-03
10600,layers.3.residual_lut.weights,1.869836e+02,1.107945e+01,5.925358e-02
10600,layers.3.residual_lut.log_soft_score_temp,2.162297e-02,9.909539e-03,4.582877e-01
10600,layers.3.residual_lut.log_select_temp,1.398802e+00,9.418368e-03,6.733167e-03
10600,layers.3.q_norm.weight,1.048992e+01,1.311664e-02,1.250404e-03
10600,layers.3.q_norm.bias,1.173200e+00,1.081938e-02,9.222111e-03
10600,layers.3.k_norm.weight,1.038917e+01,1.284445e-02,1.236331e-03
10600,layers.3.k_norm.bias,1.486971e+00,1.066700e-02,7.173641e-03
10600,layers.4.qk_lut.weights,1.310411e+02,7.990042e+00,6.097358e-02
10600,layers.4.qk_lut.log_soft_score_temp,5.244792e-02,4.319753e-03,8.236272e-02
10600,layers.4.qk_lut.log_select_temp,1.095248e+00,4.404187e-03,4.021177e-03
10600,layers.4.v_lut.weights,1.808460e+02,1.113069e+01,6.154788e-02
10600,layers.4.v_lut.log_soft_score_temp,2.916551e-01,7.870823e-03,2.698675e-02
10600,layers.4.v_lut.log_select_temp,1.239685e+00,2.577543e-03,2.079192e-03
10600,layers.4.out_proj.weights,3.999464e+02,2.415116e+01,6.038598e-02
10600,layers.4.out_proj.log_soft_score_temp,5.704408e-01,1.092678e-02,1.915498e-02
10600,layers.4.out_proj.log_select_temp,1.125801e+00,7.682443e-03,6.823982e-03
10600,layers.4.residual_lut.weights,1.912404e+02,1.111293e+01,5.810974e-02
10600,layers.4.residual_lut.log_soft_score_temp,1.078752e-01,9.594999e-03,8.894537e-02
10600,layers.4.residual_lut.log_select_temp,1.444307e+00,9.998560e-03,6.922737e-03
10600,layers.4.q_norm.weight,9.359289e+00,9.962583e-03,1.064459e-03
10600,layers.4.q_norm.bias,5.177230e-01,5.764851e-03,1.113501e-02
10600,layers.4.k_norm.weight,9.304489e+00,1.005232e-02,1.080373e-03
10600,layers.4.k_norm.bias,8.617866e-01,8.487823e-03,9.849101e-03
10600,layers.5.qk_lut.weights,1.300924e+02,7.969764e+00,6.126234e-02
10600,layers.5.qk_lut.log_soft_score_temp,1.890029e-01,5.338073e-03,2.824334e-02
10600,layers.5.qk_lut.log_select_temp,9.665603e-01,3.378808e-03,3.495704e-03
10600,layers.5.v_lut.weights,1.819308e+02,1.103712e+01,6.066658e-02
10600,layers.5.v_lut.log_soft_score_temp,8.668891e-01,9.470701e-03,1.092493e-02
10600,layers.5.v_lut.log_select_temp,1.280841e+00,2.611160e-03,2.038629e-03
10600,layers.5.out_proj.weights,4.803806e+02,2.558504e+01,5.325993e-02
10600,layers.5.out_proj.log_soft_score_temp,2.268409e-01,7.522672e-03,3.316277e-02
10600,layers.5.out_proj.log_select_temp,1.227287e+00,9.129167e-03,7.438496e-03
10600,layers.5.residual_lut.weights,2.188936e+02,1.133256e+01,5.177198e-02
10600,layers.5.residual_lut.log_soft_score_temp,1.058532e-01,9.779878e-03,9.239098e-02
10600,layers.5.residual_lut.log_select_temp,1.332896e+00,9.147525e-03,6.862892e-03
10600,layers.5.q_norm.weight,8.827565e+00,1.126602e-02,1.276232e-03
10600,layers.5.q_norm.bias,4.694417e-01,7.874429e-03,1.677403e-02
10600,layers.5.k_norm.weight,8.807061e+00,1.027047e-02,1.166163e-03
10600,layers.5.k_norm.bias,5.566061e-01,8.376744e-03,1.504968e-02
10600,ln_final.weight,5.020973e+01,2.977430e-01,5.929986e-03
10600,ln_final.bias,2.155461e+00,2.988081e-02,1.386284e-02
10800,tok_emb_E.weight,2.195490e+02,4.360079e+00,1.985926e-02
10800,emb_resid_lut.weights,2.083252e+02,9.839731e+00,4.723256e-02
10800,emb_resid_lut.log_soft_score_temp,6.720903e-01,6.137073e-03,9.131322e-03
10800,emb_resid_lut.log_select_temp,1.305031e+00,8.761883e-04,6.713928e-04
10800,unembedder.weight,1.708551e+02,5.240786e+00,3.067385e-02
10800,layers.0.qk_lut.weights,1.310368e+02,7.158498e+00,5.462968e-02
10800,layers.0.qk_lut.log_soft_score_temp,8.411689e-01,1.193106e-03,1.418391e-03
10800,layers.0.qk_lut.log_select_temp,9.281152e-01,1.726806e-03,1.860552e-03
10800,layers.0.v_lut.weights,1.801706e+02,1.088552e+01,6.041785e-02
10800,layers.0.v_lut.log_soft_score_temp,3.182373e-01,2.733111e-03,8.588281e-03
10800,layers.0.v_lut.log_select_temp,1.147673e+00,3.665805e-03,3.194121e-03
10800,layers.0.out_proj.weights,3.566517e+02,2.223413e+01,6.234131e-02
10800,layers.0.out_proj.log_soft_score_temp,7.570866e-01,3.680348e-03,4.861198e-03
10800,layers.0.out_proj.log_select_temp,5.910686e-01,1.026291e-02,1.736331e-02
10800,layers.0.residual_lut.weights,1.514815e+02,1.027400e+01,6.782344e-02
10800,layers.0.residual_lut.log_soft_score_temp,3.017637e-01,1.327366e-03,4.398693e-03
10800,layers.0.residual_lut.log_select_temp,3.355452e-01,7.676750e-03,2.287844e-02
10800,layers.0.q_norm.weight,8.974730e+00,9.822160e-03,1.094424e-03
10800,layers.0.q_norm.bias,9.092255e-01,8.118612e-03,8.929151e-03
10800,layers.0.k_norm.weight,8.908224e+00,9.368924e-03,1.051716e-03
10800,layers.0.k_norm.bias,1.546808e+00,1.165551e-02,7.535202e-03
10800,layers.1.qk_lut.weights,1.307522e+02,7.497028e+00,5.733767e-02
10800,layers.1.qk_lut.log_soft_score_temp,1.744883e-01,2.197489e-03,1.259390e-02
10800,layers.1.qk_lut.log_select_temp,1.084801e+00,3.762484e-03,3.468363e-03
10800,layers.1.v_lut.weights,1.739497e+02,1.034107e+01,5.944863e-02
10800,layers.1.v_lut.log_soft_score_temp,1.015318e-01,5.823843e-03,5.735978e-02
10800,layers.1.v_lut.log_select_temp,1.411824e+00,5.974293e-03,4.231614e-03
10800,layers.1.out_proj.weights,3.544239e+02,2.261195e+01,6.379916e-02
10800,layers.1.out_proj.log_soft_score_temp,1.117601e+00,1.023185e-02,9.155190e-03
10800,layers.1.out_proj.log_select_temp,5.235829e-01,9.670913e-03,1.847064e-02
10800,layers.1.residual_lut.weights,1.629236e+02,1.046682e+01,6.424372e-02
10800,layers.1.residual_lut.log_soft_score_temp,3.585976e-02,4.326563e-03,1.206523e-01
10800,layers.1.residual_lut.log_select_temp,1.169874e+00,1.042712e-02,8.913025e-03
10800,layers.1.q_norm.weight,9.448177e+00,1.011713e-02,1.070802e-03
10800,layers.1.q_norm.bias,8.269932e-01,5.287058e-03,6.393109e-03
10800,layers.1.k_norm.weight,9.381054e+00,1.064914e-02,1.135175e-03
10800,layers.1.k_norm.bias,1.105129e+00,6.984288e-03,6.319886e-03
10800,layers.2.qk_lut.weights,1.314150e+02,7.530797e+00,5.730545e-02
10800,layers.2.qk_lut.log_soft_score_temp,9.371741e-02,3.667645e-03,3.913515e-02
10800,layers.2.qk_lut.log_select_temp,1.074075e+00,3.072739e-03,2.860824e-03
10800,layers.2.v_lut.weights,1.752249e+02,1.049620e+01,5.990128e-02
10800,layers.2.v_lut.log_soft_score_temp,1.429285e-01,6.639436e-03,4.645286e-02
10800,layers.2.v_lut.log_select_temp,1.342828e+00,5.308867e-03,3.953498e-03
10800,layers.2.out_proj.weights,3.673214e+02,2.262273e+01,6.158839e-02
10800,layers.2.out_proj.log_soft_score_temp,1.027286e+00,1.114190e-02,1.084595e-02
10800,layers.2.out_proj.log_select_temp,6.312299e-01,7.290602e-03,1.154984e-02
10800,layers.2.residual_lut.weights,1.703453e+02,1.052901e+01,6.180977e-02
10800,layers.2.residual_lut.log_soft_score_temp,7.042550e-02,8.236181e-03,1.169489e-01
10800,layers.2.residual_lut.log_select_temp,1.363956e+00,8.091092e-03,5.932077e-03
10800,layers.2.q_norm.weight,9.525681e+00,9.547798e-03,1.002322e-03
10800,layers.2.q_norm.bias,1.048811e+00,6.002779e-03,5.723413e-03
10800,layers.2.k_norm.weight,9.462721e+00,9.432805e-03,9.968385e-04
10800,layers.2.k_norm.bias,1.433796e+00,6.253261e-03,4.361332e-03
10800,layers.3.qk_lut.weights,1.281661e+02,7.521100e+00,5.868242e-02
10800,layers.3.qk_lut.log_soft_score_temp,2.249299e-01,3.666982e-03,1.630278e-02
10800,layers.3.qk_lut.log_select_temp,1.232923e+00,4.753470e-03,3.855448e-03
10800,layers.3.v_lut.weights,1.765595e+02,1.052526e+01,5.961307e-02
10800,layers.3.v_lut.log_soft_score_temp,7.117926e-02,7.542580e-03,1.059660e-01
10800,layers.3.v_lut.log_select_temp,1.343137e+00,5.905390e-03,4.396715e-03
10800,layers.3.out_proj.weights,4.316281e+02,2.313544e+01,5.360041e-02
10800,layers.3.out_proj.log_soft_score_temp,8.654138e-01,1.335382e-02,1.543057e-02
10800,layers.3.out_proj.log_select_temp,1.330449e+00,4.683852e-03,3.520506e-03
10800,layers.3.residual_lut.weights,1.874470e+02,1.057738e+01,5.642865e-02
10800,layers.3.residual_lut.log_soft_score_temp,3.091123e-02,9.288263e-03,3.004818e-01
10800,layers.3.residual_lut.log_select_temp,1.408209e+00,9.406686e-03,6.679894e-03
10800,layers.3.q_norm.weight,1.049575e+01,1.166007e-02,1.110933e-03
10800,layers.3.q_norm.bias,1.181147e+00,1.023111e-02,8.662018e-03
10800,layers.3.k_norm.weight,1.039449e+01,1.226414e-02,1.179870e-03
10800,layers.3.k_norm.bias,1.493509e+00,1.008114e-02,6.749973e-03
10800,layers.4.qk_lut.weights,1.313459e+02,7.589773e+00,5.778462e-02
10800,layers.4.qk_lut.log_soft_score_temp,4.916162e-02,3.286306e-03,6.684698e-02
10800,layers.4.qk_lut.log_select_temp,1.099938e+00,4.689574e-03,4.263490e-03
10800,layers.4.v_lut.weights,1.812491e+02,1.058874e+01,5.842095e-02
10800,layers.4.v_lut.log_soft_score_temp,2.842077e-01,7.447332e-03,2.620383e-02
10800,layers.4.v_lut.log_select_temp,1.240873e+00,1.187682e-03,9.571344e-04
10800,layers.4.out_proj.weights,4.010433e+02,2.304077e+01,5.745207e-02
10800,layers.4.out_proj.log_soft_score_temp,5.801641e-01,9.723306e-03,1.675958e-02
10800,layers.4.out_proj.log_select_temp,1.133291e+00,7.490873e-03,6.609838e-03
10800,layers.4.residual_lut.weights,1.917799e+02,1.062937e+01,5.542486e-02
10800,layers.4.residual_lut.log_soft_score_temp,1.189572e-01,1.108202e-02,9.315968e-02
10800,layers.4.residual_lut.log_select_temp,1.454331e+00,1.002359e-02,6.892237e-03
10800,layers.4.q_norm.weight,9.366404e+00,9.680475e-03,1.033532e-03
10800,layers.4.q_norm.bias,5.183804e-01,5.143427e-03,9.922110e-03
10800,layers.4.k_norm.weight,9.311456e+00,1.005398e-02,1.079743e-03
10800,layers.4.k_norm.bias,8.648299e-01,7.331931e-03,8.477888e-03
10800,layers.5.qk_lut.weights,1.303997e+02,7.586141e+00,5.817604e-02
10800,layers.5.qk_lut.log_soft_score_temp,1.845109e-01,4.491970e-03,2.434528e-02
10800,layers.5.qk_lut.log_select_temp,9.706217e-01,4.061401e-03,4.184329e-03
10800,layers.5.v_lut.weights,1.823430e+02,1.048025e+01,5.747546e-02
10800,layers.5.v_lut.log_soft_score_temp,8.594239e-01,7.465184e-03,8.686265e-03
10800,layers.5.v_lut.log_select_temp,1.279763e+00,1.077652e-03,8.420712e-04
10800,layers.5.out_proj.weights,4.816701e+02,2.432585e+01,5.050313e-02
10800,layers.5.out_proj.log_soft_score_temp,2.345138e-01,7.672891e-03,3.271830e-02
10800,layers.5.out_proj.log_select_temp,1.233947e+00,6.660223e-03,5.397496e-03
10800,layers.5.residual_lut.weights,2.196105e+02,1.082729e+01,4.930226e-02
10800,layers.5.residual_lut.log_soft_score_temp,9.605552e-02,9.797655e-03,1.019999e-01
10800,layers.5.residual_lut.log_select_temp,1.340369e+00,7.472634e-03,5.575057e-03
10800,layers.5.q_norm.weight,8.833903e+00,1.096080e-02,1.240765e-03
10800,layers.5.q_norm.bias,4.726301e-01,6.775308e-03,1.433533e-02
10800,layers.5.k_norm.weight,8.813096e+00,1.047289e-02,1.188332e-03
10800,layers.5.k_norm.bias,5.600786e-01,9.446229e-03,1.686590e-02
10800,ln_final.weight,5.049485e+01,2.858913e-01,5.661791e-03
10800,ln_final.bias,2.170160e+00,2.917496e-02,1.344369e-02
11000,tok_emb_E.weight,2.196155e+02,4.157827e+00,1.893230e-02
11000,emb_resid_lut.weights,2.086448e+02,9.392290e+00,4.501569e-02
11000,emb_resid_lut.log_soft_score_temp,6.668155e-01,5.274773e-03,7.910393e-03
11000,emb_resid_lut.log_select_temp,1.305120e+00,8.881092e-05,6.804811e-05
11000,unembedder.weight,1.706793e+02,5.005019e+00,2.932412e-02
11000,layers.0.qk_lut.weights,1.313104e+02,6.856291e+00,5.221440e-02
11000,layers.0.qk_lut.log_soft_score_temp,8.433027e-01,2.133787e-03,2.530274e-03
11000,layers.0.qk_lut.log_select_temp,9.304658e-01,2.350628e-03,2.526292e-03
11000,layers.0.v_lut.weights,1.805444e+02,1.037169e+01,5.744676e-02
11000,layers.0.v_lut.log_soft_score_temp,3.164418e-01,1.795471e-03,5.673936e-03
11000,layers.0.v_lut.log_select_temp,1.151945e+00,4.271865e-03,3.708395e-03
11000,layers.0.out_proj.weights,3.572791e+02,2.118126e+01,5.928492e-02
11000,layers.0.out_proj.log_soft_score_temp,7.596982e-01,2.611578e-03,3.437651e-03
11000,layers.0.out_proj.log_select_temp,6.015260e-01,1.045734e-02,1.738468e-02
11000,layers.0.residual_lut.weights,1.516545e+02,9.794131e+00,6.458186e-02
11000,layers.0.residual_lut.log_soft_score_temp,2.993388e-01,2.424806e-03,8.100540e-03
11000,layers.0.residual_lut.log_select_temp,3.447147e-01,9.169489e-03,2.660023e-02
11000,layers.0.q_norm.weight,8.978375e+00,9.016328e-03,1.004227e-03
11000,layers.0.q_norm.bias,9.093462e-01,5.950818e-03,6.544062e-03
11000,layers.0.k_norm.weight,8.911381e+00,8.729345e-03,9.795727e-04
11000,layers.0.k_norm.bias,1.550748e+00,8.283657e-03,5.341716e-03
11000,layers.1.qk_lut.weights,1.310297e+02,7.142203e+00,5.450827e-02
11000,layers.1.qk_lut.log_soft_score_temp,1.712591e-01,3.229216e-03,1.885573e-02
11000,layers.1.qk_lut.log_select_temp,1.087386e+00,2.585053e-03,2.377310e-03
11000,layers.1.v_lut.weights,1.743073e+02,9.824635e+00,5.636389e-02
11000,layers.1.v_lut.log_soft_score_temp,1.078956e-01,6.363824e-03,5.898129e-02
11000,layers.1.v_lut.log_select_temp,1.416684e+00,4.860163e-03,3.430662e-03
11000,layers.1.out_proj.weights,3.548629e+02,2.152394e+01,6.065425e-02
11000,layers.1.out_proj.log_soft_score_temp,1.128098e+00,1.049650e-02,9.304599e-03
11000,layers.1.out_proj.log_select_temp,5.320846e-01,8.501768e-03,1.597822e-02
11000,layers.1.residual_lut.weights,1.632246e+02,9.975522e+00,6.111532e-02
11000,layers.1.residual_lut.log_soft_score_temp,3.654912e-02,6.893687e-04,1.886143e-02
11000,layers.1.residual_lut.log_select_temp,1.181738e+00,1.186395e-02,1.003941e-02
11000,layers.1.q_norm.weight,9.452203e+00,8.378414e-03,8.863980e-04
11000,layers.1.q_norm.bias,8.297527e-01,5.838107e-03,7.035960e-03
11000,layers.1.k_norm.weight,9.384830e+00,8.202652e-03,8.740331e-04
11000,layers.1.k_norm.bias,1.109186e+00,7.634368e-03,6.882856e-03
11000,layers.2.qk_lut.weights,1.316944e+02,7.184699e+00,5.455586e-02
11000,layers.2.qk_lut.log_soft_score_temp,9.122415e-02,2.493262e-03,2.733117e-02
11000,layers.2.qk_lut.log_select_temp,1.078333e+00,4.257917e-03,3.948613e-03
11000,layers.2.v_lut.weights,1.755874e+02,1.000497e+01,5.697999e-02
11000,layers.2.v_lut.log_soft_score_temp,1.496316e-01,6.703168e-03,4.479781e-02
11000,layers.2.v_lut.log_select_temp,1.347317e+00,4.489422e-03,3.332120e-03
11000,layers.2.out_proj.weights,3.679435e+02,2.152920e+01,5.851225e-02
11000,layers.2.out_proj.log_soft_score_temp,1.038689e+00,1.140273e-02,1.097800e-02
11000,layers.2.out_proj.log_select_temp,6.402007e-01,8.970797e-03,1.401248e-02
11000,layers.2.residual_lut.weights,1.706435e+02,1.003046e+01,5.878019e-02
11000,layers.2.residual_lut.log_soft_score_temp,7.749981e-02,7.074319e-03,9.128175e-02
11000,layers.2.residual_lut.log_select_temp,1.371811e+00,7.855058e-03,5.726049e-03
11000,layers.2.q_norm.weight,9.531523e+00,9.591077e-03,1.006248e-03
11000,layers.2.q_norm.bias,1.052426e+00,6.288245e-03,5.974998e-03
11000,layers.2.k_norm.weight,9.468621e+00,9.941237e-03,1.049914e-03
11000,layers.2.k_norm.bias,1.436489e+00,6.696027e-03,4.661382e-03
11000,layers.3.qk_lut.weights,1.284342e+02,7.184502e+00,5.593915e-02
11000,layers.3.qk_lut.log_soft_score_temp,2.276168e-01,2.686933e-03,1.180463e-02
11000,layers.3.qk_lut.log_select_temp,1.238243e+00,5.319953e-03,4.296373e-03
11000,layers.3.v_lut.weights,1.769214e+02,1.002561e+01,5.666702e-02
11000,layers.3.v_lut.log_soft_score_temp,7.793595e-02,6.756686e-03,8.669537e-02
11000,layers.3.v_lut.log_select_temp,1.349425e+00,6.288052e-03,4.659801e-03
11000,layers.3.out_proj.weights,4.329623e+02,2.203828e+01,5.090115e-02
11000,layers.3.out_proj.log_soft_score_temp,8.767177e-01,1.130384e-02,1.289337e-02
11000,layers.3.out_proj.log_select_temp,1.337098e+00,6.649137e-03,4.972812e-03
11000,layers.3.residual_lut.weights,1.878630e+02,1.007128e+01,5.360970e-02
11000,layers.3.residual_lut.log_soft_score_temp,4.102006e-02,1.010883e-02,2.464363e-01
11000,layers.3.residual_lut.log_select_temp,1.416721e+00,8.512020e-03,6.008255e-03
11000,layers.3.q_norm.weight,1.050323e+01,1.212781e-02,1.154674e-03
11000,layers.3.q_norm.bias,1.188566e+00,1.012769e-02,8.520931e-03
11000,layers.3.k_norm.weight,1.040186e+01,1.203309e-02,1.156821e-03
11000,layers.3.k_norm.bias,1.497257e+00,8.624477e-03,5.760186e-03
11000,layers.4.qk_lut.weights,1.316268e+02,7.262504e+00,5.517496e-02
11000,layers.4.qk_lut.log_soft_score_temp,4.579125e-02,3.370367e-03,7.360286e-02
11000,layers.4.qk_lut.log_select_temp,1.104276e+00,4.338503e-03,3.928820e-03
11000,layers.4.v_lut.weights,1.816137e+02,1.015116e+01,5.589423e-02
11000,layers.4.v_lut.log_soft_score_temp,2.765492e-01,7.658482e-03,2.769301e-02
11000,layers.4.v_lut.log_select_temp,1.242543e+00,1.669765e-03,1.343829e-03
11000,layers.4.out_proj.weights,4.020302e+02,2.192454e+01,5.453457e-02
11000,layers.4.out_proj.log_soft_score_temp,5.897163e-01,9.552121e-03,1.619783e-02
11000,layers.4.out_proj.log_select_temp,1.139709e+00,6.417513e-03,5.630835e-03
11000,layers.4.residual_lut.weights,1.922641e+02,1.010522e+01,5.255909e-02
11000,layers.4.residual_lut.log_soft_score_temp,1.290306e-01,1.007343e-02,7.807007e-02
11000,layers.4.residual_lut.log_select_temp,1.463221e+00,8.890510e-03,6.075984e-03
11000,layers.4.q_norm.weight,9.369451e+00,8.215359e-03,8.768240e-04
11000,layers.4.q_norm.bias,5.201502e-01,6.293967e-03,1.210029e-02
11000,layers.4.k_norm.weight,9.314115e+00,7.644992e-03,8.207965e-04
11000,layers.4.k_norm.bias,8.653894e-01,6.841243e-03,7.905393e-03
11000,layers.5.qk_lut.weights,1.306748e+02,7.285373e+00,5.575194e-02
11000,layers.5.qk_lut.log_soft_score_temp,1.803540e-01,4.156902e-03,2.304857e-02
11000,layers.5.qk_lut.log_select_temp,9.737309e-01,3.109157e-03,3.193035e-03
11000,layers.5.v_lut.weights,1.827055e+02,1.006216e+01,5.507310e-02
11000,layers.5.v_lut.log_soft_score_temp,8.531779e-01,6.246030e-03,7.320900e-03
11000,layers.5.v_lut.log_select_temp,1.279471e+00,2.926588e-04,2.287343e-04
11000,layers.5.out_proj.weights,4.828376e+02,2.312416e+01,4.789221e-02
11000,layers.5.out_proj.log_soft_score_temp,2.430412e-01,8.527428e-03,3.508635e-02
11000,layers.5.out_proj.log_select_temp,1.241372e+00,7.425308e-03,5.981533e-03
11000,layers.5.residual_lut.weights,2.202800e+02,1.030599e+01,4.678589e-02
11000,layers.5.residual_lut.log_soft_score_temp,8.665028e-02,9.405233e-03,1.085424e-01
11000,layers.5.residual_lut.log_select_temp,1.349352e+00,8.982658e-03,6.657018e-03
11000,layers.5.q_norm.weight,8.840160e+00,1.131339e-02,1.279772e-03
11000,layers.5.q_norm.bias,4.767024e-01,8.332766e-03,1.748002e-02
11000,layers.5.k_norm.weight,8.819845e+00,1.088584e-02,1.234244e-03
11000,layers.5.k_norm.bias,5.609160e-01,7.615745e-03,1.357734e-02
11000,ln_final.weight,5.076863e+01,2.746161e-01,5.409169e-03
11000,ln_final.bias,2.184692e+00,2.893305e-02,1.324354e-02
11200,tok_emb_E.weight,2.196766e+02,3.956552e+00,1.801080e-02
11200,emb_resid_lut.weights,2.089263e+02,8.952979e+00,4.285234e-02
11200,emb_resid_lut.log_soft_score_temp,6.622563e-01,4.559219e-03,6.884372e-03
11200,emb_resid_lut.log_select_temp,1.304961e+00,1.587868e-04,1.216793e-04
11200,unembedder.weight,1.705190e+02,4.743667e+00,2.781899e-02
11200,layers.0.qk_lut.weights,1.315569e+02,6.479245e+00,4.925051e-02
11200,layers.0.qk_lut.log_soft_score_temp,8.442922e-01,9.894371e-04,1.171913e-03
11200,layers.0.qk_lut.log_select_temp,9.319602e-01,1.494348e-03,1.603446e-03
11200,layers.0.v_lut.weights,1.808807e+02,9.891670e+00,5.468616e-02
11200,layers.0.v_lut.log_soft_score_temp,3.144673e-01,1.974523e-03,6.278945e-03
11200,layers.0.v_lut.log_select_temp,1.155154e+00,3.209233e-03,2.778187e-03
11200,layers.0.out_proj.weights,3.578457e+02,2.015155e+01,5.631350e-02
11200,layers.0.out_proj.log_soft_score_temp,7.624002e-01,2.701938e-03,3.543990e-03
11200,layers.0.out_proj.log_select_temp,6.117917e-01,1.026577e-02,1.677984e-02
11200,layers.0.residual_lut.weights,1.517972e+02,9.316744e+00,6.137626e-02
11200,layers.0.residual_lut.log_soft_score_temp,2.969035e-01,2.435356e-03,8.202519e-03
11200,layers.0.residual_lut.log_select_temp,3.529117e-01,8.196980e-03,2.322672e-02
11200,layers.0.q_norm.weight,8.984354e+00,9.894071e-03,1.101256e-03
11200,layers.0.q_norm.bias,9.153036e-01,7.909265e-03,8.641139e-03
11200,layers.0.k_norm.weight,8.916892e+00,1.009904e-02,1.132574e-03
11200,layers.0.k_norm.bias,1.557018e+00,9.508505e-03,6.106870e-03
11200,layers.1.qk_lut.weights,1.312722e+02,6.815311e+00,5.191738e-02
11200,layers.1.qk_lut.log_soft_score_temp,1.690139e-01,2.245232e-03,1.328431e-02
11200,layers.1.qk_lut.log_select_temp,1.090292e+00,2.906203e-03,2.665527e-03
11200,layers.1.v_lut.weights,1.746291e+02,9.350684e+00,5.354597e-02
11200,layers.1.v_lut.log_soft_score_temp,1.144889e-01,6.593242e-03,5.758849e-02
11200,layers.1.v_lut.log_select_temp,1.421008e+00,4.324675e-03,3.043384e-03
11200,layers.1.out_proj.weights,3.552319e+02,2.047278e+01,5.763216e-02
11200,layers.1.out_proj.log_soft_score_temp,1.137892e+00,9.794116e-03,8.607247e-03
11200,layers.1.out_proj.log_select_temp,5.410886e-01,9.003997e-03,1.664052e-02
11200,layers.1.residual_lut.weights,1.634902e+02,9.492161e+00,5.805949e-02
11200,layers.1.residual_lut.log_soft_score_temp,3.886523e-02,2.316110e-03,5.959336e-02
11200,layers.1.residual_lut.log_select_temp,1.192483e+00,1.074469e-02,9.010354e-03
11200,layers.1.q_norm.weight,9.456995e+00,8.573551e-03,9.065830e-04
11200,layers.1.q_norm.bias,8.330269e-01,5.599367e-03,6.721712e-03
11200,layers.1.k_norm.weight,9.389391e+00,8.686057e-03,9.250927e-04
11200,layers.1.k_norm.bias,1.112668e+00,6.664439e-03,5.989601e-03
11200,layers.2.qk_lut.weights,1.319480e+02,6.830812e+00,5.176895e-02
11200,layers.2.qk_lut.log_soft_score_temp,8.871221e-02,2.511941e-03,2.831562e-02
11200,layers.2.qk_lut.log_select_temp,1.081643e+00,3.309965e-03,3.060129e-03
11200,layers.2.v_lut.weights,1.759197e+02,9.514371e+00,5.408361e-02
11200,layers.2.v_lut.log_soft_score_temp,1.543958e-01,4.764184e-03,3.085695e-02
11200,layers.2.v_lut.log_select_temp,1.352942e+00,5.625367e-03,4.157876e-03
11200,layers.2.out_proj.weights,3.685081e+02,2.046968e+01,5.554744e-02
11200,layers.2.out_proj.log_soft_score_temp,1.047707e+00,9.018779e-03,8.608108e-03
11200,layers.2.out_proj.log_select_temp,6.488119e-01,8.611202e-03,1.327226e-02
11200,layers.2.residual_lut.weights,1.709058e+02,9.536492e+00,5.579969e-02
11200,layers.2.residual_lut.log_soft_score_temp,8.335395e-02,5.854137e-03,7.023227e-02
11200,layers.2.residual_lut.log_select_temp,1.380020e+00,8.208632e-03,5.948200e-03
11200,layers.2.q_norm.weight,9.536446e+00,9.325094e-03,9.778374e-04
11200,layers.2.q_norm.bias,1.054342e+00,5.168649e-03,4.902251e-03
11200,layers.2.k_norm.weight,9.473589e+00,8.567720e-03,9.043795e-04
11200,layers.2.k_norm.bias,1.438407e+00,6.877423e-03,4.781276e-03
11200,layers.3.qk_lut.weights,1.286754e+02,6.815827e+00,5.296915e-02
11200,layers.3.qk_lut.log_soft_score_temp,2.303776e-01,2.760783e-03,1.198373e-02
11200,layers.3.qk_lut.log_select_temp,1.243034e+00,4.791498e-03,3.854679e-03
11200,layers.3.v_lut.weights,1.772404e+02,9.534936e+00,5.379664e-02
11200,layers.3.v_lut.log_soft_score_temp,8.526378e-02,7.327832e-03,8.594308e-02
11200,layers.3.v_lut.log_select_temp,1.354704e+00,5.278707e-03,3.896577e-03
11200,layers.3.out_proj.weights,4.341806e+02,2.090592e+01,4.815028e-02
11200,layers.3.out_proj.log_soft_score_temp,8.893375e-01,1.261979e-02,1.419011e-02
11200,layers.3.out_proj.log_select_temp,1.341716e+00,4.618406e-03,3.442163e-03
11200,layers.3.residual_lut.weights,1.882321e+02,9.598443e+00,5.099258e-02
11200,layers.3.residual_lut.log_soft_score_temp,4.952065e-02,8.500587e-03,1.716574e-01
11200,layers.3.residual_lut.log_select_temp,1.424858e+00,8.136988e-03,5.710736e-03
11200,layers.3.q_norm.weight,1.051081e+01,1.119693e-02,1.065277e-03
11200,layers.3.q_norm.bias,1.196247e+00,9.862356e-03,8.244411e-03
11200,layers.3.k_norm.weight,1.040931e+01,1.240885e-02,1.192092e-03
11200,layers.3.k_norm.bias,1.500462e+00,8.483051e-03,5.653626e-03
11200,layers.4.qk_lut.weights,1.318795e+02,6.905622e+00,5.236311e-02
11200,layers.4.qk_lut.log_soft_score_temp,4.302676e-02,2.764486e-03,6.425038e-02
11200,layers.4.qk_lut.log_select_temp,1.108297e+00,4.020810e-03,3.627917e-03
11200,layers.4.v_lut.weights,1.819396e+02,9.594473e+00,5.273438e-02
11200,layers.4.v_lut.log_soft_score_temp,2.697964e-01,6.752878e-03,2.502954e-02
11200,layers.4.v_lut.log_select_temp,1.244331e+00,1.788020e-03,1.436933e-03
11200,layers.4.out_proj.weights,4.029419e+02,2.080472e+01,5.163205e-02
11200,layers.4.out_proj.log_soft_score_temp,5.980846e-01,8.368313e-03,1.399186e-02
11200,layers.4.out_proj.log_select_temp,1.147113e+00,7.404327e-03,6.454748e-03
11200,layers.4.residual_lut.weights,1.927075e+02,9.623765e+00,4.993974e-02
11200,layers.4.residual_lut.log_soft_score_temp,1.377617e-01,8.731022e-03,6.337774e-02
11200,layers.4.residual_lut.log_select_temp,1.472447e+00,9.225249e-03,6.265252e-03
11200,layers.4.q_norm.weight,9.375984e+00,1.011041e-02,1.078331e-03
11200,layers.4.q_norm.bias,5.225854e-01,5.599488e-03,1.071497e-02
11200,layers.4.k_norm.weight,9.320425e+00,1.020380e-02,1.094778e-03
11200,layers.4.k_norm.bias,8.680751e-01,8.496943e-03,9.788258e-03
11200,layers.5.qk_lut.weights,1.309247e+02,6.878029e+00,5.253425e-02
11200,layers.5.qk_lut.log_soft_score_temp,1.755316e-01,4.822448e-03,2.747339e-02
11200,layers.5.qk_lut.log_select_temp,9.766255e-01,2.894640e-03,2.963920e-03
11200,layers.5.v_lut.weights,1.830311e+02,9.542269e+00,5.213469e-02
11200,layers.5.v_lut.log_soft_score_temp,8.466920e-01,6.485939e-03,7.660329e-03
11200,layers.5.v_lut.log_select_temp,1.278404e+00,1.066446e-03,8.342011e-04
11200,layers.5.out_proj.weights,4.839066e+02,2.186682e+01,4.518810e-02
11200,layers.5.out_proj.log_soft_score_temp,2.508709e-01,7.829666e-03,3.120995e-02
11200,layers.5.out_proj.log_select_temp,1.247773e+00,6.400704e-03,5.129703e-03
11200,layers.5.residual_lut.weights,2.208908e+02,9.795396e+00,4.434497e-02
11200,layers.5.residual_lut.log_soft_score_temp,7.840847e-02,8.241810e-03,1.051138e-01
11200,layers.5.residual_lut.log_select_temp,1.357453e+00,8.100748e-03,5.967611e-03
11200,layers.5.q_norm.weight,8.847288e+00,1.086517e-02,1.228079e-03
11200,layers.5.q_norm.bias,4.804185e-01,6.103316e-03,1.270416e-02
11200,layers.5.k_norm.weight,8.826534e+00,1.011875e-02,1.146401e-03
11200,layers.5.k_norm.bias,5.643178e-01,7.294305e-03,1.292588e-02
11200,ln_final.weight,5.102948e+01,2.616317e-01,5.127070e-03
11200,ln_final.bias,2.197499e+00,2.577242e-02,1.172807e-02
11400,tok_emb_E.weight,2.197326e+02,3.759255e+00,1.710832e-02
11400,emb_resid_lut.weights,2.091814e+02,8.529135e+00,4.077387e-02
11400,emb_resid_lut.log_soft_score_temp,6.573391e-01,4.917204e-03,7.480468e-03
11400,emb_resid_lut.log_select_temp,1.304389e+00,5.718470e-04,4.384022e-04
11400,unembedder.weight,1.703579e+02,4.512726e+00,2.648968e-02
11400,layers.0.qk_lut.weights,1.317805e+02,6.194055e+00,4.700282e-02
11400,layers.0.qk_lut.log_soft_score_temp,8.461128e-01,1.820683e-03,2.151821e-03
11400,layers.0.qk_lut.log_select_temp,9.337384e-01,1.778185e-03,1.904372e-03
11400,layers.0.v_lut.weights,1.811848e+02,9.392459e+00,5.183911e-02
11400,layers.0.v_lut.log_soft_score_temp,3.133615e-01,1.105785e-03,3.528785e-03
11400,layers.0.v_lut.log_select_temp,1.158634e+00,3.480434e-03,3.003911e-03
11400,layers.0.out_proj.weights,3.583481e+02,1.913588e+01,5.340026e-02
11400,layers.0.out_proj.log_soft_score_temp,7.642696e-01,1.869440e-03,2.446048e-03
11400,layers.0.out_proj.log_select_temp,6.213753e-01,9.583592e-03,1.542319e-02
11400,layers.0.residual_lut.weights,1.519228e+02,8.871408e+00,5.839419e-02
11400,layers.0.residual_lut.log_soft_score_temp,2.939918e-01,2.911657e-03,9.903871e-03
11400,layers.0.residual_lut.log_select_temp,3.612920e-01,8.380324e-03,2.319543e-02
11400,layers.0.q_norm.weight,8.986758e+00,8.048167e-03,8.955584e-04
11400,layers.0.q_norm.bias,9.162340e-01,5.584784e-03,6.095369e-03
11400,layers.0.k_norm.weight,8.918775e+00,6.893867e-03,7.729612e-04
11400,layers.0.k_norm.bias,1.560415e+00,7.290264e-03,4.672002e-03
11400,layers.1.qk_lut.weights,1.314949e+02,6.464672e+00,4.916290e-02
11400,layers.1.qk_lut.log_soft_score_temp,1.670153e-01,1.998603e-03,1.196659e-02
11400,layers.1.qk_lut.log_select_temp,1.093008e+00,2.715349e-03,2.484291e-03
11400,layers.1.v_lut.weights,1.749236e+02,8.887027e+00,5.080519e-02
11400,layers.1.v_lut.log_soft_score_temp,1.184435e-01,3.954589e-03,3.338799e-02
11400,layers.1.v_lut.log_select_temp,1.426121e+00,5.112171e-03,3.584670e-03
11400,layers.1.out_proj.weights,3.555687e+02,1.942311e+01,5.462547e-02
11400,layers.1.out_proj.log_soft_score_temp,1.145147e+00,7.255197e-03,6.335602e-03
11400,layers.1.out_proj.log_select_temp,5.495216e-01,8.432925e-03,1.534594e-02
11400,layers.1.residual_lut.weights,1.637290e+02,9.014791e+00,5.505922e-02
11400,layers.1.residual_lut.log_soft_score_temp,4.203077e-02,3.165536e-03,7.531472e-02
11400,layers.1.residual_lut.log_select_temp,1.201849e+00,9.366393e-03,7.793319e-03
11400,layers.1.q_norm.weight,9.462475e+00,8.312607e-03,8.784813e-04
11400,layers.1.q_norm.bias,8.357028e-01,5.143751e-03,6.155000e-03
11400,layers.1.k_norm.weight,9.394742e+00,7.818541e-03,8.322251e-04
11400,layers.1.k_norm.bias,1.115738e+00,6.774087e-03,6.071398e-03
11400,layers.2.qk_lut.weights,1.321819e+02,6.494006e+00,4.912933e-02
11400,layers.2.qk_lut.log_soft_score_temp,8.525485e-02,3.457360e-03,4.055324e-02
11400,layers.2.qk_lut.log_select_temp,1.084496e+00,2.853513e-03,2.631188e-03
11400,layers.2.v_lut.weights,1.762086e+02,9.057029e+00,5.139947e-02
11400,layers.2.v_lut.log_soft_score_temp,1.599199e-01,5.524054e-03,3.454264e-02
11400,layers.2.v_lut.log_select_temp,1.357146e+00,4.203320e-03,3.097176e-03
11400,layers.2.out_proj.weights,3.690016e+02,1.945209e+01,5.271546e-02
11400,layers.2.out_proj.log_soft_score_temp,1.056644e+00,8.936882e-03,8.457796e-03
11400,layers.2.out_proj.log_select_temp,6.554912e-01,6.679296e-03,1.018976e-02
11400,layers.2.residual_lut.weights,1.711505e+02,9.065078e+00,5.296552e-02
11400,layers.2.residual_lut.log_soft_score_temp,8.769394e-02,4.339993e-03,4.949022e-02
11400,layers.2.residual_lut.log_select_temp,1.388929e+00,8.909106e-03,6.414372e-03
11400,layers.2.q_norm.weight,9.540410e+00,7.336581e-03,7.690006e-04
11400,layers.2.q_norm.bias,1.057959e+00,6.061200e-03,5.729145e-03
11400,layers.2.k_norm.weight,9.477740e+00,7.834036e-03,8.265721e-04
11400,layers.2.k_norm.bias,1.442500e+00,6.924054e-03,4.800036e-03
11400,layers.3.qk_lut.weights,1.288967e+02,6.497560e+00,5.040905e-02
11400,layers.3.qk_lut.log_soft_score_temp,2.324057e-01,2.028093e-03,8.726519e-03
11400,layers.3.qk_lut.log_select_temp,1.247336e+00,4.301310e-03,3.448398e-03
11400,layers.3.v_lut.weights,1.775253e+02,9.047365e+00,5.096382e-02
11400,layers.3.v_lut.log_soft_score_temp,9.100769e-02,5.743913e-03,6.311459e-02
11400,layers.3.v_lut.log_select_temp,1.360869e+00,6.165028e-03,4.530215e-03
11400,layers.3.out_proj.weights,4.353045e+02,1.984561e+01,4.559018e-02
11400,layers.3.out_proj.log_soft_score_temp,8.998367e-01,1.049924e-02,1.166794e-02
11400,layers.3.out_proj.log_select_temp,1.346466e+00,4.749537e-03,3.527410e-03
11400,layers.3.residual_lut.weights,1.885712e+02,9.108818e+00,4.830441e-02
11400,layers.3.residual_lut.log_soft_score_temp,5.730417e-02,7.783525e-03,1.358282e-01
11400,layers.3.residual_lut.log_select_temp,1.432015e+00,7.157564e-03,4.998245e-03
11400,layers.3.q_norm.weight,1.051827e+01,9.854979e-03,9.369390e-04
11400,layers.3.q_norm.bias,1.203522e+00,9.072631e-03,7.538399e-03
11400,layers.3.k_norm.weight,1.041644e+01,1.018577e-02,9.778557e-04
11400,layers.3.k_norm.bias,1.505789e+00,8.993397e-03,5.972548e-03
11400,layers.4.qk_lut.weights,1.320994e+02,6.565110e+00,4.969827e-02
11400,layers.4.qk_lut.log_soft_score_temp,4.038973e-02,2.637036e-03,6.528977e-02
11400,layers.4.qk_lut.log_select_temp,1.112334e+00,4.036307e-03,3.628684e-03
11400,layers.4.v_lut.weights,1.822378e+02,9.109072e+00,4.998455e-02
11400,layers.4.v_lut.log_soft_score_temp,2.631087e-01,6.687641e-03,2.541779e-02
11400,layers.4.v_lut.log_select_temp,1.245882e+00,1.551032e-03,1.244927e-03
11400,layers.4.out_proj.weights,4.037927e+02,1.977499e+01,4.897312e-02
11400,layers.4.out_proj.log_soft_score_temp,6.067483e-01,8.663774e-03,1.427902e-02
11400,layers.4.out_proj.log_select_temp,1.154083e+00,6.969452e-03,6.038953e-03
11400,layers.4.residual_lut.weights,1.931087e+02,9.135192e+00,4.730595e-02
11400,layers.4.residual_lut.log_soft_score_temp,1.456816e-01,7.919982e-03,5.436499e-02
11400,layers.4.residual_lut.log_select_temp,1.480111e+00,7.664561e-03,5.178368e-03
11400,layers.4.q_norm.weight,9.381461e+00,9.100290e-03,9.700291e-04
11400,layers.4.q_norm.bias,5.235485e-01,5.340571e-03,1.020072e-02
11400,layers.4.k_norm.weight,9.325436e+00,9.207488e-03,9.873521e-04
11400,layers.4.k_norm.bias,8.691364e-01,6.611339e-03,7.606791e-03
11400,layers.5.qk_lut.weights,1.311526e+02,6.562232e+00,5.003508e-02
11400,layers.5.qk_lut.log_soft_score_temp,1.714695e-01,4.062071e-03,2.368976e-02
11400,layers.5.qk_lut.log_select_temp,9.797174e-01,3.091872e-03,3.155881e-03
11400,layers.5.v_lut.weights,1.833218e+02,9.005812e+00,4.912569e-02
11400,layers.5.v_lut.log_soft_score_temp,8.396962e-01,6.995738e-03,8.331272e-03
11400,layers.5.v_lut.log_select_temp,1.276449e+00,1.955390e-03,1.531898e-03
11400,layers.5.out_proj.weights,4.848605e+02,2.079037e+01,4.287907e-02
11400,layers.5.out_proj.log_soft_score_temp,2.601214e-01,9.250581e-03,3.556255e-02
11400,layers.5.out_proj.log_select_temp,1.251817e+00,4.044533e-03,3.230929e-03
11400,layers.5.residual_lut.weights,2.214450e+02,9.306933e+00,4.202819e-02
11400,layers.5.residual_lut.log_soft_score_temp,7.008619e-02,8.322284e-03,1.187436e-01
11400,layers.5.residual_lut.log_select_temp,1.363648e+00,6.195903e-03,4.543622e-03
11400,layers.5.q_norm.weight,8.854271e+00,9.991238e-03,1.128409e-03
11400,layers.5.q_norm.bias,4.828191e-01,6.072602e-03,1.257738e-02
11400,layers.5.k_norm.weight,8.832788e+00,9.670863e-03,1.094882e-03
11400,layers.5.k_norm.bias,5.684065e-01,8.402842e-03,1.478316e-02
11400,ln_final.weight,5.127922e+01,2.503920e-01,4.882913e-03
11400,ln_final.bias,2.210136e+00,2.449428e-02,1.108270e-02
11600,tok_emb_E.weight,2.197824e+02,3.568093e+00,1.623467e-02
11600,emb_resid_lut.weights,2.094139e+02,8.118992e+00,3.877008e-02
11600,emb_resid_lut.log_soft_score_temp,6.534209e-01,3.918231e-03,5.996488e-03
11600,emb_resid_lut.log_select_temp,1.304738e+00,3.488064e-04,2.673383e-04
11600,unembedder.weight,1.702334e+02,4.292524e+00,2.521552e-02
11600,layers.0.qk_lut.weights,1.319877e+02,5.897935e+00,4.468550e-02
11600,layers.0.qk_lut.log_soft_score_temp,8.470762e-01,9.633303e-04,1.137242e-03
11600,layers.0.qk_lut.log_select_temp,9.348508e-01,1.112461e-03,1.189988e-03
11600,layers.0.v_lut.weights,1.814644e+02,8.914776e+00,4.912685e-02
11600,layers.0.v_lut.log_soft_score_temp,3.134392e-01,7.772446e-05,2.479730e-04
11600,layers.0.v_lut.log_select_temp,1.162812e+00,4.177928e-03,3.592952e-03
11600,layers.0.out_proj.weights,3.588124e+02,1.816745e+01,5.063217e-02
11600,layers.0.out_proj.log_soft_score_temp,7.640650e-01,2.046227e-04,2.678080e-04
11600,layers.0.out_proj.log_select_temp,6.317772e-01,1.040190e-02,1.646451e-02
11600,layers.0.residual_lut.weights,1.520200e+02,8.420556e+00,5.539112e-02
11600,layers.0.residual_lut.log_soft_score_temp,2.922651e-01,1.726717e-03,5.908049e-03
11600,layers.0.residual_lut.log_select_temp,3.686941e-01,7.402122e-03,2.007659e-02
11600,layers.0.q_norm.weight,8.990267e+00,8.155393e-03,9.071359e-04
11600,layers.0.q_norm.bias,9.186168e-01,5.610392e-03,6.107435e-03
11600,layers.0.k_norm.weight,8.922036e+00,7.977553e-03,8.941404e-04
11600,layers.0.k_norm.bias,1.564469e+00,8.593859e-03,5.493146e-03
11600,layers.1.qk_lut.weights,1.316979e+02,6.145515e+00,4.666374e-02
11600,layers.1.qk_lut.log_soft_score_temp,1.643665e-01,2.648801e-03,1.611521e-02
11600,layers.1.qk_lut.log_select_temp,1.095389e+00,2.380967e-03,2.173628e-03
11600,layers.1.v_lut.weights,1.751804e+02,8.424663e+00,4.809135e-02
11600,layers.1.v_lut.log_soft_score_temp,1.237355e-01,5.292051e-03,4.276905e-02
11600,layers.1.v_lut.log_select_temp,1.429360e+00,3.239155e-03,2.266158e-03
11600,layers.1.out_proj.weights,3.558436e+02,1.843163e+01,5.179699e-02
11600,layers.1.out_proj.log_soft_score_temp,1.153840e+00,8.692622e-03,7.533648e-03
11600,layers.1.out_proj.log_select_temp,5.564340e-01,6.912410e-03,1.242270e-02
11600,layers.1.residual_lut.weights,1.639461e+02,8.563853e+00,5.223580e-02
11600,layers.1.residual_lut.log_soft_score_temp,4.376978e-02,1.739006e-03,3.973076e-02
11600,layers.1.residual_lut.log_select_temp,1.210508e+00,8.658528e-03,7.152808e-03
11600,layers.1.q_norm.weight,9.464993e+00,6.440287e-03,6.804322e-04
11600,layers.1.q_norm.bias,8.386179e-01,5.589970e-03,6.665694e-03
11600,layers.1.k_norm.weight,9.397130e+00,6.780270e-03,7.215257e-04
11600,layers.1.k_norm.bias,1.118096e+00,5.736936e-03,5.130986e-03
11600,layers.2.qk_lut.weights,1.323944e+02,6.179074e+00,4.667173e-02
11600,layers.2.qk_lut.log_soft_score_temp,8.439571e-02,8.591339e-04,1.017983e-02
11600,layers.2.qk_lut.log_select_temp,1.088972e+00,4.476070e-03,4.110363e-03
11600,layers.2.v_lut.weights,1.764712e+02,8.563171e+00,4.852448e-02
11600,layers.2.v_lut.log_soft_score_temp,1.653612e-01,5.441353e-03,3.290586e-02
11600,layers.2.v_lut.log_select_temp,1.360615e+00,3.468990e-03,2.549576e-03
11600,layers.2.out_proj.weights,3.694287e+02,1.842549e+01,4.987563e-02
11600,layers.2.out_proj.log_soft_score_temp,1.065460e+00,8.815527e-03,8.273918e-03
11600,layers.2.out_proj.log_select_temp,6.617288e-01,6.237566e-03,9.426167e-03
11600,layers.2.residual_lut.weights,1.713640e+02,8.605450e+00,5.021738e-02
11600,layers.2.residual_lut.log_soft_score_temp,9.306603e-02,5.372085e-03,5.772337e-02
11600,layers.2.residual_lut.log_select_temp,1.396552e+00,7.622957e-03,5.458414e-03
11600,layers.2.q_norm.weight,9.544079e+00,7.748214e-03,8.118347e-04
11600,layers.2.q_norm.bias,1.058010e+00,5.440438e-03,5.142142e-03
11600,layers.2.k_norm.weight,9.481260e+00,7.311616e-03,7.711650e-04
11600,layers.2.k_norm.bias,1.443215e+00,5.278119e-03,3.657195e-03
11600,layers.3.qk_lut.weights,1.290912e+02,6.146504e+00,4.761366e-02
11600,layers.3.qk_lut.log_soft_score_temp,2.349077e-01,2.502024e-03,1.065109e-02
11600,layers.3.qk_lut.log_select_temp,1.251492e+00,4.156470e-03,3.321212e-03
11600,layers.3.v_lut.weights,1.777809e+02,8.583471e+00,4.828117e-02
11600,layers.3.v_lut.log_soft_score_temp,9.782249e-02,6.814800e-03,6.966496e-02
11600,layers.3.v_lut.log_select_temp,1.365404e+00,4.535198e-03,3.321507e-03
11600,layers.3.out_proj.weights,4.363429e+02,1.883331e+01,4.316172e-02
11600,layers.3.out_proj.log_soft_score_temp,9.101962e-01,1.035953e-02,1.138164e-02
11600,layers.3.out_proj.log_select_temp,1.351384e+00,4.917860e-03,3.639129e-03
11600,layers.3.residual_lut.weights,1.888749e+02,8.647543e+00,4.578451e-02
11600,layers.3.residual_lut.log_soft_score_temp,6.469692e-02,7.392749e-03,1.142674e-01
11600,layers.3.residual_lut.log_select_temp,1.438964e+00,6.948829e-03,4.829049e-03
11600,layers.3.q_norm.weight,1.052407e+01,9.653661e-03,9.172937e-04
11600,layers.3.q_norm.bias,1.208573e+00,8.104715e-03,6.706020e-03
11600,layers.3.k_norm.weight,1.042203e+01,9.840848e-03,9.442351e-04
11600,layers.3.k_norm.bias,1.510162e+00,8.001411e-03,5.298380e-03
11600,layers.4.qk_lut.weights,1.323064e+02,6.194768e+00,4.682139e-02
11600,layers.4.qk_lut.log_soft_score_temp,3.712175e-02,3.267981e-03,8.803414e-02
11600,layers.4.qk_lut.log_select_temp,1.115825e+00,3.491521e-03,3.129093e-03
11600,layers.4.v_lut.weights,1.825012e+02,8.650214e+00,4.739813e-02
11600,layers.4.v_lut.log_soft_score_temp,2.569247e-01,6.184071e-03,2.406959e-02
11600,layers.4.v_lut.log_select_temp,1.247443e+00,1.560926e-03,1.251301e-03
11600,layers.4.out_proj.weights,4.045591e+02,1.874228e+01,4.632765e-02
11600,layers.4.out_proj.log_soft_score_temp,6.151413e-01,8.392990e-03,1.364400e-02
11600,layers.4.out_proj.log_select_temp,1.159950e+00,5.867243e-03,5.058186e-03
11600,layers.4.residual_lut.weights,1.934742e+02,8.681553e+00,4.487190e-02
11600,layers.4.residual_lut.log_soft_score_temp,1.528832e-01,7.201597e-03,4.710521e-02
11600,layers.4.residual_lut.log_select_temp,1.488149e+00,8.038044e-03,5.401369e-03
11600,layers.4.q_norm.weight,9.386839e+00,8.575297e-03,9.135447e-04
11600,layers.4.q_norm.bias,5.263894e-01,5.604392e-03,1.064686e-02
11600,layers.4.k_norm.weight,9.330563e+00,8.298270e-03,8.893644e-04
11600,layers.4.k_norm.bias,8.726739e-01,6.936725e-03,7.948817e-03
11600,layers.5.qk_lut.weights,1.313561e+02,6.187393e+00,4.710395e-02
11600,layers.5.qk_lut.log_soft_score_temp,1.673990e-01,4.070476e-03,2.431600e-02
11600,layers.5.qk_lut.log_select_temp,9.826885e-01,2.971172e-03,3.023514e-03
11600,layers.5.v_lut.weights,1.835746e+02,8.619061e+00,4.695127e-02
11600,layers.5.v_lut.log_soft_score_temp,8.340135e-01,5.682707e-03,6.813687e-03
11600,layers.5.v_lut.log_select_temp,1.276168e+00,2.807379e-04,2.199850e-04
11600,layers.5.out_proj.weights,4.857533e+02,1.974914e+01,4.065673e-02
11600,layers.5.out_proj.log_soft_score_temp,2.685319e-01,8.410484e-03,3.132024e-02
11600,layers.5.out_proj.log_select_temp,1.255736e+00,3.919005e-03,3.120882e-03
11600,layers.5.residual_lut.weights,2.219569e+02,8.846096e+00,3.985502e-02
11600,layers.5.residual_lut.log_soft_score_temp,6.253879e-02,7.547401e-03,1.206835e-01
11600,layers.5.residual_lut.log_select_temp,1.370290e+00,6.641984e-03,4.847136e-03
11600,layers.5.q_norm.weight,8.860511e+00,1.016642e-02,1.147385e-03
11600,layers.5.q_norm.bias,4.853089e-01,5.254610e-03,1.082735e-02
11600,layers.5.k_norm.weight,8.838806e+00,1.074654e-02,1.215837e-03
11600,layers.5.k_norm.bias,5.698654e-01,6.243370e-03,1.095587e-02
11600,ln_final.weight,5.151504e+01,2.364649e-01,4.590212e-03
11600,ln_final.bias,2.221792e+00,2.390808e-02,1.076072e-02
11800,tok_emb_E.weight,2.198281e+02,3.383833e+00,1.539308e-02
11800,emb_resid_lut.weights,2.096143e+02,7.711027e+00,3.678674e-02
11800,emb_resid_lut.log_soft_score_temp,6.492360e-01,4.184902e-03,6.445887e-03
11800,emb_resid_lut.log_select_temp,1.304309e+00,4.285574e-04,3.285704e-04
11800,unembedder.weight,1.701059e+02,4.071283e+00,2.393382e-02
11800,layers.0.qk_lut.weights,1.321723e+02,5.611875e+00,4.245878e-02
11800,layers.0.qk_lut.log_soft_score_temp,8.487117e-01,1.635492e-03,1.927029e-03
11800,layers.0.qk_lut.log_select_temp,9.366124e-01,1.761615e-03,1.880837e-03
11800,layers.0.v_lut.weights,1.817101e+02,8.471565e+00,4.662134e-02
11800,layers.0.v_lut.log_soft_score_temp,3.124059e-01,1.033366e-03,3.307767e-03
11800,layers.0.v_lut.log_select_temp,1.166168e+00,3.355503e-03,2.877376e-03
11800,layers.0.out_proj.weights,3.592136e+02,1.721824e+01,4.793314e-02
11800,layers.0.out_proj.log_soft_score_temp,7.651965e-01,1.131535e-03,1.478750e-03
11800,layers.0.out_proj.log_select_temp,6.406239e-01,8.846641e-03,1.380941e-02
11800,layers.0.residual_lut.weights,1.521044e+02,7.988804e+00,5.252185e-02
11800,layers.0.residual_lut.log_soft_score_temp,2.896061e-01,2.659023e-03,9.181515e-03
11800,layers.0.residual_lut.log_select_temp,3.762762e-01,7.582098e-03,2.015035e-02
11800,layers.0.q_norm.weight,8.993017e+00,7.084835e-03,7.878152e-04
11800,layers.0.q_norm.bias,9.219610e-01,5.500967e-03,5.966594e-03
11800,layers.0.k_norm.weight,8.924602e+00,6.894417e-03,7.725181e-04
11800,layers.0.k_norm.bias,1.569435e+00,7.952276e-03,5.066966e-03
11800,layers.1.qk_lut.weights,1.318791e+02,5.853074e+00,4.438210e-02
11800,layers.1.qk_lut.log_soft_score_temp,1.623060e-01,2.060488e-03,1.269508e-02
11800,layers.1.qk_lut.log_select_temp,1.098064e+00,2.675056e-03,2.436158e-03
11800,layers.1.v_lut.weights,1.754139e+02,7.995425e+00,4.558033e-02
11800,layers.1.v_lut.log_soft_score_temp,1.275346e-01,3.799088e-03,2.978868e-02
11800,layers.1.v_lut.log_select_temp,1.433788e+00,4.428625e-03,3.088758e-03
11800,layers.1.out_proj.weights,3.560810e+02,1.746501e+01,4.904787e-02
11800,layers.1.out_proj.log_soft_score_temp,1.160710e+00,6.870389e-03,5.919126e-03
11800,layers.1.out_proj.log_select_temp,5.637107e-01,7.276714e-03,1.290860e-02
11800,layers.1.residual_lut.weights,1.641282e+02,8.119972e+00,4.947336e-02
11800,layers.1.residual_lut.log_soft_score_temp,4.608470e-02,2.314921e-03,5.023189e-02
11800,layers.1.residual_lut.log_select_temp,1.218937e+00,8.429527e-03,6.915473e-03
11800,layers.1.q_norm.weight,9.469790e+00,7.922450e-03,8.366025e-04
11800,layers.1.q_norm.bias,8.405166e-01,5.529329e-03,6.578489e-03
11800,layers.1.k_norm.weight,9.402053e+00,8.107734e-03,8.623366e-04
11800,layers.1.k_norm.bias,1.120319e+00,6.799993e-03,6.069692e-03
11800,layers.2.qk_lut.weights,1.325833e+02,5.868251e+00,4.426085e-02
11800,layers.2.qk_lut.log_soft_score_temp,8.210839e-02,2.287321e-03,2.785733e-02
11800,layers.2.qk_lut.log_select_temp,1.091515e+00,2.542734e-03,2.329546e-03
11800,layers.2.v_lut.weights,1.767135e+02,8.132967e+00,4.602347e-02
11800,layers.2.v_lut.log_soft_score_temp,1.696103e-01,4.249126e-03,2.505228e-02
11800,layers.2.v_lut.log_select_temp,1.364970e+00,4.355073e-03,3.190600e-03
11800,layers.2.out_proj.weights,3.698198e+02,1.746158e+01,4.721646e-02
11800,layers.2.out_proj.log_soft_score_temp,1.072895e+00,7.434964e-03,6.929817e-03
11800,layers.2.out_proj.log_select_temp,6.688091e-01,7.080317e-03,1.058645e-02
11800,layers.2.residual_lut.weights,1.715501e+02,8.159738e+00,4.756476e-02
11800,layers.2.residual_lut.log_soft_score_temp,9.798986e-02,4.923835e-03,5.024842e-02
11800,layers.2.residual_lut.log_select_temp,1.403796e+00,7.243991e-03,5.160288e-03
11800,layers.2.q_norm.weight,9.547632e+00,7.990603e-03,8.369199e-04
11800,layers.2.q_norm.bias,1.059785e+00,4.929798e-03,4.651698e-03
11800,layers.2.k_norm.weight,9.485044e+00,8.293245e-03,8.743497e-04
11800,layers.2.k_norm.bias,1.443100e+00,5.447072e-03,3.774562e-03
11800,layers.3.qk_lut.weights,1.292652e+02,5.830346e+00,4.510376e-02
11800,layers.3.qk_lut.log_soft_score_temp,2.377982e-01,2.890483e-03,1.215519e-02
11800,layers.3.qk_lut.log_select_temp,1.255041e+00,3.549218e-03,2.827969e-03
11800,layers.3.v_lut.weights,1.780095e+02,8.150556e+00,4.578720e-02
11800,layers.3.v_lut.log_soft_score_temp,1.035518e-01,5.729303e-03,5.532789e-02
11800,layers.3.v_lut.log_select_temp,1.369842e+00,4.438519e-03,3.240168e-03
11800,layers.3.out_proj.weights,4.372823e+02,1.781661e+01,4.074396e-02
11800,layers.3.out_proj.log_soft_score_temp,9.201226e-01,9.926319e-03,1.078804e-02
11800,layers.3.out_proj.log_select_temp,1.354916e+00,3.532171e-03,2.606930e-03
11800,layers.3.residual_lut.weights,1.891482e+02,8.211776e+00,4.341451e-02
11800,layers.3.residual_lut.log_soft_score_temp,7.215322e-02,7.456295e-03,1.033397e-01
11800,layers.3.residual_lut.log_select_temp,1.446097e+00,7.132530e-03,4.932263e-03
11800,layers.3.q_norm.weight,1.052919e+01,8.188865e-03,7.777298e-04
11800,layers.3.q_norm.bias,1.215264e+00,8.113691e-03,6.676486e-03
11800,layers.3.k_norm.weight,1.042764e+01,8.521116e-03,8.171664e-04
11800,layers.3.k_norm.bias,1.513186e+00,6.478571e-03,4.281411e-03
11800,layers.4.qk_lut.weights,1.324898e+02,5.895085e+00,4.449464e-02
11800,layers.4.qk_lut.log_soft_score_temp,3.326485e-02,3.856897e-03,1.159451e-01
11800,layers.4.qk_lut.log_select_temp,1.117975e+00,2.150178e-03,1.923279e-03
11800,layers.4.v_lut.weights,1.827377e+02,8.234994e+00,4.506456e-02
11800,layers.4.v_lut.log_soft_score_temp,2.504258e-01,6.498814e-03,2.595105e-02
11800,layers.4.v_lut.log_select_temp,1.248244e+00,8.016825e-04,6.422481e-04
11800,layers.4.out_proj.weights,4.052553e+02,1.774353e+01,4.378359e-02
11800,layers.4.out_proj.log_soft_score_temp,6.221071e-01,6.965756e-03,1.119704e-02
11800,layers.4.out_proj.log_select_temp,1.165065e+00,5.115032e-03,4.390340e-03
11800,layers.4.residual_lut.weights,1.938055e+02,8.231522e+00,4.247310e-02
11800,layers.4.residual_lut.log_soft_score_temp,1.603527e-01,7.469475e-03,4.658153e-02
11800,layers.4.residual_lut.log_select_temp,1.495436e+00,7.286906e-03,4.872763e-03
11800,layers.4.q_norm.weight,9.390812e+00,6.913322e-03,7.361793e-04
11800,layers.4.q_norm.bias,5.270810e-01,4.937616e-03,9.367852e-03
11800,layers.4.k_norm.weight,9.334540e+00,6.878546e-03,7.368918e-04
11800,layers.4.k_norm.bias,8.747789e-01,6.024977e-03,6.887429e-03
11800,layers.5.qk_lut.weights,1.315429e+02,5.900462e+00,4.485579e-02
11800,layers.5.qk_lut.log_soft_score_temp,1.643801e-01,3.018945e-03,1.836564e-02
11800,layers.5.qk_lut.log_select_temp,9.853871e-01,2.698541e-03,2.738559e-03
11800,layers.5.v_lut.weights,1.838141e+02,8.130702e+00,4.423328e-02
11800,layers.5.v_lut.log_soft_score_temp,8.275324e-01,6.481171e-03,7.831924e-03
11800,layers.5.v_lut.log_select_temp,1.274425e+00,1.743078e-03,1.367737e-03
11800,layers.5.out_proj.weights,4.865876e+02,1.861697e+01,3.826025e-02
11800,layers.5.out_proj.log_soft_score_temp,2.753586e-01,6.826669e-03,2.479192e-02
11800,layers.5.out_proj.log_select_temp,1.261649e+00,5.912781e-03,4.686549e-03
11800,layers.5.residual_lut.weights,2.224339e+02,8.376407e+00,3.765796e-02
11800,layers.5.residual_lut.log_soft_score_temp,5.551345e-02,7.025339e-03,1.265520e-01
11800,layers.5.residual_lut.log_select_temp,1.376455e+00,6.165028e-03,4.478916e-03
11800,layers.5.q_norm.weight,8.865600e+00,8.165631e-03,9.210467e-04
11800,layers.5.q_norm.bias,4.878176e-01,5.787143e-03,1.186333e-02
11800,layers.5.k_norm.weight,8.843462e+00,8.392152e-03,9.489669e-04
11800,layers.5.k_norm.bias,5.722236e-01,6.672557e-03,1.166075e-02
11800,ln_final.weight,5.173862e+01,2.242170e-01,4.333648e-03
11800,ln_final.bias,2.232782e+00,2.259921e-02,1.012155e-02
12000,tok_emb_E.weight,2.198697e+02,3.202178e+00,1.456398e-02
12000,emb_resid_lut.weights,2.097922e+02,7.299989e+00,3.479629e-02
12000,emb_resid_lut.log_soft_score_temp,6.457307e-01,3.505290e-03,5.428408e-03
12000,emb_resid_lut.log_select_temp,1.304267e+00,4.220009e-05,3.235540e-05
12000,unembedder.weight,1.699878e+02,3.880651e+00,2.282900e-02
12000,layers.0.qk_lut.weights,1.323371e+02,5.339428e+00,4.034717e-02
12000,layers.0.qk_lut.log_soft_score_temp,8.499151e-01,1.203477e-03,1.415997e-03
12000,layers.0.qk_lut.log_select_temp,9.380366e-01,1.424134e-03,1.518207e-03
12000,layers.0.v_lut.weights,1.819323e+02,8.003586e+00,4.399211e-02
12000,layers.0.v_lut.log_soft_score_temp,3.124885e-01,8.258224e-05,2.642729e-04
12000,layers.0.v_lut.log_select_temp,1.169631e+00,3.463387e-03,2.961094e-03
12000,layers.0.out_proj.weights,3.595677e+02,1.629283e+01,4.531228e-02
12000,layers.0.out_proj.log_soft_score_temp,7.648949e-01,3.015995e-04,3.943019e-04
12000,layers.0.out_proj.log_select_temp,6.493890e-01,8.765161e-03,1.349755e-02
12000,layers.0.residual_lut.weights,1.521763e+02,7.565095e+00,4.971270e-02
12000,layers.0.residual_lut.log_soft_score_temp,2.860596e-01,3.546476e-03,1.239768e-02
12000,layers.0.residual_lut.log_select_temp,3.839073e-01,7.631123e-03,1.987751e-02
12000,layers.0.q_norm.weight,8.996710e+00,6.670775e-03,7.414683e-04
12000,layers.0.q_norm.bias,9.221725e-01,4.630428e-03,5.021217e-03
12000,layers.0.k_norm.weight,8.927978e+00,6.330047e-03,7.090124e-04
12000,layers.0.k_norm.bias,1.571819e+00,6.417894e-03,4.083099e-03
12000,layers.1.qk_lut.weights,1.320429e+02,5.542021e+00,4.197138e-02
12000,layers.1.qk_lut.log_soft_score_temp,1.593809e-01,2.925068e-03,1.835269e-02
12000,layers.1.qk_lut.log_select_temp,1.099412e+00,1.348615e-03,1.226669e-03
12000,layers.1.v_lut.weights,1.756141e+02,7.568724e+00,4.309861e-02
12000,layers.1.v_lut.log_soft_score_temp,1.332662e-01,5.731553e-03,4.300831e-02
12000,layers.1.v_lut.log_select_temp,1.436535e+00,2.746463e-03,1.911867e-03
12000,layers.1.out_proj.weights,3.562666e+02,1.650511e+01,4.632798e-02
12000,layers.1.out_proj.log_soft_score_temp,1.167462e+00,6.752253e-03,5.783701e-03
12000,layers.1.out_proj.log_select_temp,5.702971e-01,6.586432e-03,1.154912e-02
12000,layers.1.residual_lut.weights,1.642933e+02,7.688569e+00,4.679784e-02
12000,layers.1.residual_lut.log_soft_score_temp,4.748002e-02,1.395322e-03,2.938757e-02
12000,layers.1.residual_lut.log_select_temp,1.227601e+00,8.664250e-03,7.057869e-03
12000,layers.1.q_norm.weight,9.472374e+00,6.494726e-03,6.856492e-04
12000,layers.1.q_norm.bias,8.431889e-01,5.886911e-03,6.981723e-03
12000,layers.1.k_norm.weight,9.404385e+00,6.635057e-03,7.055280e-04
12000,layers.1.k_norm.bias,1.123260e+00,5.946451e-03,5.293923e-03
12000,layers.2.qk_lut.weights,1.327617e+02,5.523232e+00,4.160259e-02
12000,layers.2.qk_lut.log_soft_score_temp,7.885366e-02,3.254734e-03,4.127562e-02
12000,layers.2.qk_lut.log_select_temp,1.093317e+00,1.802325e-03,1.648493e-03
12000,layers.2.v_lut.weights,1.769210e+02,7.679100e+00,4.340412e-02
12000,layers.2.v_lut.log_soft_score_temp,1.737833e-01,4.172966e-03,2.401247e-02
12000,layers.2.v_lut.log_select_temp,1.368610e+00,3.640652e-03,2.660108e-03
12000,layers.2.out_proj.weights,3.701529e+02,1.651823e+01,4.462543e-02
12000,layers.2.out_proj.log_soft_score_temp,1.080558e+00,7.663131e-03,7.091828e-03
12000,layers.2.out_proj.log_select_temp,6.749205e-01,6.111383e-03,9.054968e-03
12000,layers.2.residual_lut.weights,1.717056e+02,7.733962e+00,4.504200e-02
12000,layers.2.residual_lut.log_soft_score_temp,1.033582e-01,5.368367e-03,5.193942e-02
12000,layers.2.residual_lut.log_select_temp,1.409731e+00,5.935192e-03,4.210160e-03
12000,layers.2.q_norm.weight,9.551136e+00,6.982280e-03,7.310418e-04
12000,layers.2.q_norm.bias,1.063571e+00,6.011236e-03,5.651939e-03
12000,layers.2.k_norm.weight,9.488510e+00,6.386874e-03,6.731167e-04
12000,layers.2.k_norm.bias,1.446460e+00,6.199392e-03,4.285905e-03
12000,layers.3.qk_lut.weights,1.294237e+02,5.527110e+00,4.270555e-02
12000,layers.3.qk_lut.log_soft_score_temp,2.398121e-01,2.013907e-03,8.397853e-03
12000,layers.3.qk_lut.log_select_temp,1.258819e+00,3.777623e-03,3.000926e-03
12000,layers.3.v_lut.weights,1.782140e+02,7.704257e+00,4.323037e-02
12000,layers.3.v_lut.log_soft_score_temp,1.080846e-01,4.532807e-03,4.193758e-02
12000,layers.3.v_lut.log_select_temp,1.374658e+00,4.815102e-03,3.502765e-03
12000,layers.3.out_proj.weights,4.381448e+02,1.685118e+01,3.846029e-02
12000,layers.3.out_proj.log_soft_score_temp,9.287258e-01,8.603275e-03,9.263525e-03
12000,layers.3.out_proj.log_select_temp,1.359509e+00,4.593372e-03,3.378699e-03
12000,layers.3.residual_lut.weights,1.893883e+02,7.768752e+00,4.102024e-02
12000,layers.3.residual_lut.log_soft_score_temp,7.958304e-02,7.429823e-03,9.335938e-02
12000,layers.3.residual_lut.log_select_temp,1.451330e+00,5.233526e-03,3.606020e-03
12000,layers.3.q_norm.weight,1.053524e+01,9.186626e-03,8.719905e-04
12000,layers.3.q_norm.bias,1.221686e+00,8.304494e-03,6.797566e-03
12000,layers.3.k_norm.weight,1.043357e+01,9.653149e-03,9.252012e-04
12000,layers.3.k_norm.bias,1.515867e+00,6.717228e-03,4.431279e-03
12000,layers.4.qk_lut.weights,1.326482e+02,5.613813e+00,4.232107e-02
12000,layers.4.qk_lut.log_soft_score_temp,3.023072e-02,3.034128e-03,1.003657e-01
12000,layers.4.qk_lut.log_select_temp,1.120670e+00,2.695203e-03,2.404991e-03
12000,layers.4.v_lut.weights,1.829501e+02,7.769921e+00,4.247017e-02
12000,layers.4.v_lut.log_soft_score_temp,2.450598e-01,5.366012e-03,2.189674e-02
12000,layers.4.v_lut.log_select_temp,1.249770e+00,1.525402e-03,1.220547e-03
12000,layers.4.out_proj.weights,4.058957e+02,1.676929e+01,4.131429e-02
12000,layers.4.out_proj.log_soft_score_temp,6.284338e-01,6.326675e-03,1.006737e-02
12000,layers.4.out_proj.log_select_temp,1.170897e+00,5.831599e-03,4.980456e-03
12000,layers.4.residual_lut.weights,1.941003e+02,7.795199e+00,4.016067e-02
12000,layers.4.residual_lut.log_soft_score_temp,1.674655e-01,7.112801e-03,4.247323e-02
12000,layers.4.residual_lut.log_select_temp,1.501811e+00,6.374359e-03,4.244450e-03
12000,layers.4.q_norm.weight,9.395522e+00,7.298353e-03,7.767905e-04
12000,layers.4.q_norm.bias,5.283862e-01,4.955455e-03,9.378472e-03
12000,layers.4.k_norm.weight,9.339034e+00,7.302044e-03,7.818843e-04
12000,layers.4.k_norm.bias,8.762268e-01,6.382385e-03,7.283941e-03
12000,layers.5.qk_lut.weights,1.317039e+02,5.587092e+00,4.242162e-02
12000,layers.5.qk_lut.log_soft_score_temp,1.605625e-01,3.817633e-03,2.377662e-02
12000,layers.5.qk_lut.log_select_temp,9.878874e-01,2.500296e-03,2.530952e-03
12000,layers.5.v_lut.weights,1.840233e+02,7.704840e+00,4.186883e-02
12000,layers.5.v_lut.log_soft_score_temp,8.220517e-01,5.480647e-03,6.667035e-03
12000,layers.5.v_lut.log_select_temp,1.273278e+00,1.147509e-03,9.012242e-04
12000,layers.5.out_proj.weights,4.873720e+02,1.766925e+01,3.625414e-02
12000,layers.5.out_proj.log_soft_score_temp,2.814722e-01,6.113648e-03,2.172025e-02
12000,layers.5.out_proj.log_select_temp,1.267223e+00,5.573988e-03,4.398584e-03
12000,layers.5.residual_lut.weights,2.228646e+02,7.940070e+00,3.562732e-02
12000,layers.5.residual_lut.log_soft_score_temp,4.862327e-02,6.890178e-03,1.417054e-01
12000,layers.5.residual_lut.log_select_temp,1.382649e+00,6.193280e-03,4.479287e-03
12000,layers.5.q_norm.weight,8.871488e+00,8.333852e-03,9.393973e-04
12000,layers.5.q_norm.bias,4.906397e-01,5.445492e-03,1.109876e-02
12000,layers.5.k_norm.weight,8.849020e+00,8.400524e-03,9.493169e-04
12000,layers.5.k_norm.bias,5.758739e-01,7.592635e-03,1.318455e-02
12000,ln_final.weight,5.195078e+01,2.127686e-01,4.095582e-03
12000,ln_final.bias,2.244715e+00,2.257817e-02,1.005837e-02
12200,tok_emb_E.weight,2.199072e+02,3.029717e+00,1.377725e-02
12200,emb_resid_lut.weights,2.099618e+02,6.920603e+00,3.296124e-02
12200,emb_resid_lut.log_soft_score_temp,6.429940e-01,2.736628e-03,4.256071e-03
12200,emb_resid_lut.log_select_temp,1.305219e+00,9.516478e-04,7.291098e-04
12200,unembedder.weight,1.698750e+02,3.650919e+00,2.149180e-02
12200,layers.0.qk_lut.weights,1.324843e+02,5.039212e+00,3.803630e-02
12200,layers.0.qk_lut.log_soft_score_temp,8.506219e-01,7.067323e-04,8.308419e-04
12200,layers.0.qk_lut.log_select_temp,9.386311e-01,5.945563e-04,6.334292e-04
12200,layers.0.v_lut.weights,1.821305e+02,7.585087e+00,4.164644e-02
12200,layers.0.v_lut.log_soft_score_temp,3.128614e-01,3.728867e-04,1.191859e-03
12200,layers.0.v_lut.log_select_temp,1.173670e+00,4.038692e-03,3.441080e-03
12200,layers.0.out_proj.weights,3.598865e+02,1.539502e+01,4.277742e-02
12200,layers.0.out_proj.log_soft_score_temp,7.646139e-01,2.810359e-04,3.675527e-04
12200,layers.0.out_proj.log_select_temp,6.584204e-01,9.031415e-03,1.371679e-02
12200,layers.0.residual_lut.weights,1.522361e+02,7.151032e+00,4.697329e-02
12200,layers.0.residual_lut.log_soft_score_temp,2.824351e-01,3.624558e-03,1.283325e-02
12200,layers.0.residual_lut.log_select_temp,3.915558e-01,7.648468e-03,1.953353e-02
12200,layers.0.q_norm.weight,9.000469e+00,8.076527e-03,8.973451e-04
12200,layers.0.q_norm.bias,9.253964e-01,5.578123e-03,6.027819e-03
12200,layers.0.k_norm.weight,8.931398e+00,7.338816e-03,8.216872e-04
12200,layers.0.k_norm.bias,1.576377e+00,6.330162e-03,4.015640e-03
12200,layers.1.qk_lut.weights,1.321850e+02,5.237641e+00,3.962356e-02
12200,layers.1.qk_lut.log_soft_score_temp,1.577187e-01,1.662254e-03,1.053936e-02
12200,layers.1.qk_lut.log_select_temp,1.101616e+00,2.203703e-03,2.000428e-03
12200,layers.1.v_lut.weights,1.757975e+02,7.144635e+00,4.064128e-02
12200,layers.1.v_lut.log_soft_score_temp,1.380202e-01,4.754007e-03,3.444429e-02
12200,layers.1.v_lut.log_select_temp,1.438879e+00,2.343774e-03,1.628889e-03
12200,layers.1.out_proj.weights,3.564248e+02,1.560046e+01,4.376929e-02
12200,layers.1.out_proj.log_soft_score_temp,1.174932e+00,7.469773e-03,6.357621e-03
12200,layers.1.out_proj.log_select_temp,5.761476e-01,5.850494e-03,1.015451e-02
12200,layers.1.residual_lut.weights,1.644398e+02,7.280990e+00,4.427753e-02
12200,layers.1.residual_lut.log_soft_score_temp,4.930598e-02,1.825955e-03,3.703313e-02
12200,layers.1.residual_lut.log_select_temp,1.235492e+00,7.890582e-03,6.386591e-03
12200,layers.1.q_norm.weight,9.474957e+00,6.075000e-03,6.411639e-04
12200,layers.1.q_norm.bias,8.436876e-01,3.939967e-03,4.669936e-03
12200,layers.1.k_norm.weight,9.406697e+00,6.372901e-03,6.774855e-04
12200,layers.1.k_norm.bias,1.124138e+00,4.844198e-03,4.309256e-03
12200,layers.2.qk_lut.weights,1.329165e+02,5.234475e+00,3.938167e-02
12200,layers.2.qk_lut.log_soft_score_temp,7.740875e-02,1.444906e-03,1.866593e-02
12200,layers.2.qk_lut.log_select_temp,1.096690e+00,3.372908e-03,3.075534e-03
12200,layers.2.v_lut.weights,1.771028e+02,7.287055e+00,4.114590e-02
12200,layers.2.v_lut.log_soft_score_temp,1.778233e-01,4.040018e-03,2.271928e-02
12200,layers.2.v_lut.log_select_temp,1.372656e+00,4.045486e-03,2.947196e-03
12200,layers.2.out_proj.weights,3.704448e+02,1.560206e+01,4.211710e-02
12200,layers.2.out_proj.log_soft_score_temp,1.088706e+00,8.148074e-03,7.484182e-03
12200,layers.2.out_proj.log_select_temp,6.806881e-01,5.767584e-03,8.473167e-03
12200,layers.2.residual_lut.weights,1.718367e+02,7.315500e+00,4.257240e-02
12200,layers.2.residual_lut.log_soft_score_temp,1.088733e-01,5.515024e-03,5.065545e-02
12200,layers.2.residual_lut.log_select_temp,1.414698e+00,4.966855e-03,3.510895e-03
12200,layers.2.q_norm.weight,9.554625e+00,6.484656e-03,6.786929e-04
12200,layers.2.q_norm.bias,1.065422e+00,3.872117e-03,3.634351e-03
12200,layers.2.k_norm.weight,9.491933e+00,6.830520e-03,7.196132e-04
12200,layers.2.k_norm.bias,1.447569e+00,5.115386e-03,3.533776e-03
12200,layers.3.qk_lut.weights,1.295598e+02,5.221407e+00,4.030114e-02
12200,layers.3.qk_lut.log_soft_score_temp,2.423019e-01,2.489731e-03,1.027533e-02
12200,layers.3.qk_lut.log_select_temp,1.262335e+00,3.516316e-03,2.785565e-03
12200,layers.3.v_lut.weights,1.783983e+02,7.284874e+00,4.083488e-02
12200,layers.3.v_lut.log_soft_score_temp,1.131026e-01,5.017951e-03,4.436638e-02
12200,layers.3.v_lut.log_select_temp,1.379710e+00,5.052447e-03,3.661963e-03
12200,layers.3.out_proj.weights,4.389354e+02,1.589453e+01,3.621156e-02
12200,layers.3.out_proj.log_soft_score_temp,9.375125e-01,8.786619e-03,9.372269e-03
12200,layers.3.out_proj.log_select_temp,1.363333e+00,3.823280e-03,2.804364e-03
12200,layers.3.residual_lut.weights,1.895995e+02,7.351099e+00,3.877173e-02
12200,layers.3.residual_lut.log_soft_score_temp,8.649086e-02,6.907821e-03,7.986764e-02
12200,layers.3.residual_lut.log_select_temp,1.456409e+00,5.078673e-03,3.487120e-03
12200,layers.3.q_norm.weight,1.053973e+01,8.050407e-03,7.638151e-04
12200,layers.3.q_norm.bias,1.225948e+00,7.251432e-03,5.914959e-03
12200,layers.3.k_norm.weight,1.043794e+01,8.677806e-03,8.313714e-04
12200,layers.3.k_norm.bias,1.518471e+00,6.374065e-03,4.197687e-03
12200,layers.4.qk_lut.weights,1.327966e+02,5.292437e+00,3.985371e-02
12200,layers.4.qk_lut.log_soft_score_temp,2.753267e-02,2.698049e-03,9.799444e-02
12200,layers.4.qk_lut.log_select_temp,1.123492e+00,2.821207e-03,2.511106e-03
12200,layers.4.v_lut.weights,1.831382e+02,7.360380e+00,4.019031e-02
12200,layers.4.v_lut.log_soft_score_temp,2.401768e-01,4.883081e-03,2.033120e-02
12200,layers.4.v_lut.log_select_temp,1.251992e+00,2.222538e-03,1.775201e-03
12200,layers.4.out_proj.weights,4.064770e+02,1.584397e+01,3.897875e-02
12200,layers.4.out_proj.log_soft_score_temp,6.338359e-01,5.402088e-03,8.522850e-03
12200,layers.4.out_proj.log_select_temp,1.176497e+00,5.600452e-03,4.760277e-03
12200,layers.4.residual_lut.weights,1.943676e+02,7.375975e+00,3.794857e-02
12200,layers.4.residual_lut.log_soft_score_temp,1.743750e-01,6.909475e-03,3.962423e-02
12200,layers.4.residual_lut.log_select_temp,1.508030e+00,6.219864e-03,4.124495e-03
12200,layers.4.q_norm.weight,9.399507e+00,7.342913e-03,7.812019e-04
12200,layers.4.q_norm.bias,5.286499e-01,4.879283e-03,9.229705e-03
12200,layers.4.k_norm.weight,9.342996e+00,7.004123e-03,7.496656e-04
12200,layers.4.k_norm.bias,8.763298e-01,6.038538e-03,6.890714e-03
12200,layers.5.qk_lut.weights,1.318513e+02,5.260309e+00,3.989576e-02
12200,layers.5.qk_lut.log_soft_score_temp,1.575126e-01,3.049850e-03,1.936258e-02
12200,layers.5.qk_lut.log_select_temp,9.901636e-01,2.276182e-03,2.298794e-03
12200,layers.5.v_lut.weights,1.842050e+02,7.272266e+00,3.947921e-02
12200,layers.5.v_lut.log_soft_score_temp,8.169121e-01,5.139589e-03,6.291484e-03
12200,layers.5.v_lut.log_select_temp,1.272168e+00,1.109481e-03,8.721181e-04
12200,layers.5.out_proj.weights,4.880926e+02,1.664381e+01,3.409969e-02
12200,layers.5.out_proj.log_soft_score_temp,2.872285e-01,5.756229e-03,2.004059e-02
12200,layers.5.out_proj.log_select_temp,1.271904e+00,4.680872e-03,3.680209e-03
12200,layers.5.residual_lut.weights,2.232652e+02,7.496365e+00,3.357605e-02
12200,layers.5.residual_lut.log_soft_score_temp,4.213533e-02,6.487940e-03,1.539786e-01
12200,layers.5.residual_lut.log_select_temp,1.388041e+00,5.392671e-03,3.885094e-03
12200,layers.5.q_norm.weight,8.875062e+00,6.992431e-03,7.878741e-04
12200,layers.5.q_norm.bias,4.930981e-01,6.459658e-03,1.310015e-02
12200,layers.5.k_norm.weight,8.852708e+00,7.036244e-03,7.948127e-04
12200,layers.5.k_norm.bias,5.777933e-01,6.372195e-03,1.102850e-02
12200,ln_final.weight,5.215187e+01,2.016568e-01,3.866723e-03
12200,ln_final.bias,2.255142e+00,2.061041e-02,9.139294e-03
12400,tok_emb_E.weight,2.199408e+02,2.856371e+00,1.298700e-02
12400,emb_resid_lut.weights,2.101017e+02,6.548785e+00,3.116960e-02
12400,emb_resid_lut.log_soft_score_temp,6.400011e-01,2.992928e-03,4.676442e-03
12400,emb_resid_lut.log_select_temp,1.305207e+00,1.156330e-05,8.859361e-06
12400,unembedder.weight,1.697861e+02,3.468524e+00,2.042878e-02
12400,layers.0.qk_lut.weights,1.326196e+02,4.741145e+00,3.574996e-02
12400,layers.0.qk_lut.log_soft_score_temp,8.527519e-01,2.130032e-03,2.497833e-03
12400,layers.0.qk_lut.log_select_temp,9.407508e-01,2.119660e-03,2.253158e-03
12400,layers.0.v_lut.weights,1.823056e+02,7.165776e+00,3.930640e-02
12400,layers.0.v_lut.log_soft_score_temp,3.121362e-01,7.251203e-04,2.323089e-03
12400,layers.0.v_lut.log_select_temp,1.176078e+00,2.408504e-03,2.047912e-03
12400,layers.0.out_proj.weights,3.601550e+02,1.453592e+01,4.036020e-02
12400,layers.0.out_proj.log_soft_score_temp,7.649493e-01,3.354549e-04,4.385322e-04
12400,layers.0.out_proj.log_select_temp,6.663681e-01,7.947683e-03,1.192687e-02
12400,layers.0.residual_lut.weights,1.522784e+02,6.765841e+00,4.443073e-02
12400,layers.0.residual_lut.log_soft_score_temp,2.798344e-01,2.600670e-03,9.293603e-03
12400,layers.0.residual_lut.log_select_temp,3.981182e-01,6.562382e-03,1.648350e-02
12400,layers.0.q_norm.weight,9.003403e+00,5.796945e-03,6.438615e-04
12400,layers.0.q_norm.bias,9.264815e-01,4.460406e-03,4.814350e-03
12400,layers.0.k_norm.weight,8.933834e+00,5.615825e-03,6.286019e-04
12400,layers.0.k_norm.bias,1.580151e+00,6.043161e-03,3.824420e-03
12400,layers.1.qk_lut.weights,1.323146e+02,4.923991e+00,3.721426e-02
12400,layers.1.qk_lut.log_soft_score_temp,1.558077e-01,1.910910e-03,1.226454e-02
12400,layers.1.qk_lut.log_select_temp,1.103072e+00,1.456261e-03,1.320186e-03
12400,layers.1.v_lut.weights,1.759553e+02,6.746268e+00,3.834081e-02
12400,layers.1.v_lut.log_soft_score_temp,1.414523e-01,3.432110e-03,2.426338e-02
12400,layers.1.v_lut.log_select_temp,1.441643e+00,2.763987e-03,1.917248e-03
12400,layers.1.out_proj.weights,3.565487e+02,1.470840e+01,4.125215e-02
12400,layers.1.out_proj.log_soft_score_temp,1.180940e+00,6.007552e-03,5.087095e-03
12400,layers.1.out_proj.log_select_temp,5.823065e-01,6.158888e-03,1.057671e-02
12400,layers.1.residual_lut.weights,1.645664e+02,6.877230e+00,4.179000e-02
12400,layers.1.residual_lut.log_soft_score_temp,5.105657e-02,1.750592e-03,3.428731e-02
12400,layers.1.residual_lut.log_select_temp,1.243392e+00,7.899642e-03,6.353302e-03
12400,layers.1.q_norm.weight,9.479079e+00,6.555200e-03,6.915440e-04
12400,layers.1.q_norm.bias,8.457327e-01,4.077150e-03,4.820849e-03
12400,layers.1.k_norm.weight,9.410743e+00,6.738191e-03,7.160106e-04
12400,layers.1.k_norm.bias,1.125955e+00,5.838968e-03,5.185791e-03
12400,layers.2.qk_lut.weights,1.330553e+02,4.941022e+00,3.713512e-02
12400,layers.2.qk_lut.log_soft_score_temp,7.505007e-02,2.358682e-03,3.142812e-02
12400,layers.2.qk_lut.log_select_temp,1.098922e+00,2.231836e-03,2.030933e-03
12400,layers.2.v_lut.weights,1.772689e+02,6.876143e+00,3.878935e-02
12400,layers.2.v_lut.log_soft_score_temp,1.816741e-01,3.850803e-03,2.119621e-02
12400,layers.2.v_lut.log_select_temp,1.376673e+00,4.017115e-03,2.917988e-03
12400,layers.2.out_proj.weights,3.707066e+02,1.469853e+01,3.965005e-02
12400,layers.2.out_proj.log_soft_score_temp,1.095354e+00,6.647944e-03,6.069220e-03
12400,layers.2.out_proj.log_select_temp,6.865924e-01,5.904317e-03,8.599450e-03
12400,layers.2.residual_lut.weights,1.719570e+02,6.901820e+00,4.013689e-02
12400,layers.2.residual_lut.log_soft_score_temp,1.127920e-01,3.918789e-03,3.474349e-02
12400,layers.2.residual_lut.log_select_temp,1.420415e+00,5.717158e-03,4.024992e-03
12400,layers.2.q_norm.weight,9.557637e+00,5.555199e-03,5.812315e-04
12400,layers.2.q_norm.bias,1.066460e+00,4.057769e-03,3.804894e-03
12400,layers.2.k_norm.weight,9.494743e+00,5.282254e-03,5.563346e-04
12400,layers.2.k_norm.bias,1.450399e+00,5.931219e-03,4.089370e-03
12400,layers.3.qk_lut.weights,1.296867e+02,4.926287e+00,3.798607e-02
12400,layers.3.qk_lut.log_soft_score_temp,2.445008e-01,2.198920e-03,8.993508e-03
12400,layers.3.qk_lut.log_select_temp,1.265456e+00,3.120303e-03,2.465755e-03
12400,layers.3.v_lut.weights,1.785583e+02,6.873077e+00,3.849207e-02
12400,layers.3.v_lut.log_soft_score_temp,1.172108e-01,4.108220e-03,3.504985e-02
12400,layers.3.v_lut.log_select_temp,1.384804e+00,5.094290e-03,3.678708e-03
12400,layers.3.out_proj.weights,4.396725e+02,1.498881e+01,3.409085e-02
12400,layers.3.out_proj.log_soft_score_temp,9.450276e-01,7.515132e-03,7.952289e-03
12400,layers.3.out_proj.log_select_temp,1.366937e+00,3.604889e-03,2.637201e-03
12400,layers.3.residual_lut.weights,1.897901e+02,6.936007e+00,3.654568e-02
12400,layers.3.residual_lut.log_soft_score_temp,9.259457e-02,6.103709e-03,6.591865e-02
12400,layers.3.residual_lut.log_select_temp,1.462172e+00,5.762935e-03,3.941352e-03
12400,layers.3.q_norm.weight,1.054324e+01,7.346330e-03,6.967811e-04
12400,layers.3.q_norm.bias,1.230915e+00,6.732645e-03,5.469626e-03
12400,layers.3.k_norm.weight,1.044151e+01,7.361084e-03,7.049829e-04
12400,layers.3.k_norm.bias,1.521471e+00,6.464673e-03,4.248963e-03
12400,layers.4.qk_lut.weights,1.329310e+02,5.017381e+00,3.774426e-02
12400,layers.4.qk_lut.log_soft_score_temp,2.416142e-02,3.371257e-03,1.395306e-01
12400,layers.4.qk_lut.log_select_temp,1.125305e+00,1.813054e-03,1.611167e-03
12400,layers.4.v_lut.weights,1.833014e+02,6.913578e+00,3.771699e-02
12400,layers.4.v_lut.log_soft_score_temp,2.350972e-01,5.079538e-03,2.160612e-02
12400,layers.4.v_lut.log_select_temp,1.253500e+00,1.507640e-03,1.202744e-03
12400,layers.4.out_proj.weights,4.070144e+02,1.492952e+01,3.668058e-02
12400,layers.4.out_proj.log_soft_score_temp,6.393062e-01,5.470335e-03,8.556675e-03
12400,layers.4.out_proj.log_select_temp,1.182054e+00,5.557299e-03,4.701390e-03
12400,layers.4.residual_lut.weights,1.946125e+02,6.952145e+00,3.572301e-02
12400,layers.4.residual_lut.log_soft_score_temp,1.802553e-01,5.880326e-03,3.262220e-02
12400,layers.4.residual_lut.log_select_temp,1.514113e+00,6.082773e-03,4.017383e-03
12400,layers.4.q_norm.weight,9.402056e+00,5.195583e-03,5.526007e-04
12400,layers.4.q_norm.bias,5.301350e-01,4.387109e-03,8.275456e-03
12400,layers.4.k_norm.weight,9.345537e+00,5.235127e-03,5.601740e-04
12400,layers.4.k_norm.bias,8.782837e-01,6.310324e-03,7.184835e-03
12400,layers.5.qk_lut.weights,1.319872e+02,4.946493e+00,3.747706e-02
12400,layers.5.qk_lut.log_soft_score_temp,1.554254e-01,2.087221e-03,1.342908e-02
12400,layers.5.qk_lut.log_select_temp,9.934840e-01,3.320456e-03,3.342233e-03
12400,layers.5.v_lut.weights,1.843745e+02,6.862354e+00,3.721966e-02
12400,layers.5.v_lut.log_soft_score_temp,8.109267e-01,5.985439e-03,7.380986e-03
12400,layers.5.v_lut.log_select_temp,1.269908e+00,2.260566e-03,1.780103e-03
12400,layers.5.out_proj.weights,4.887437e+02,1.567078e+01,3.206338e-02
12400,layers.5.out_proj.log_soft_score_temp,2.921812e-01,4.952699e-03,1.695078e-02
12400,layers.5.out_proj.log_select_temp,1.276273e+00,4.368901e-03,3.423172e-03
12400,layers.5.residual_lut.weights,2.236281e+02,7.082015e+00,3.166871e-02
12400,layers.5.residual_lut.log_soft_score_temp,3.653876e-02,5.596571e-03,1.531680e-01
12400,layers.5.residual_lut.log_select_temp,1.392768e+00,4.727006e-03,3.393964e-03
12400,layers.5.q_norm.weight,8.880836e+00,7.977823e-03,8.983189e-04
12400,layers.5.q_norm.bias,4.954191e-01,5.198570e-03,1.049328e-02
12400,layers.5.k_norm.weight,8.858036e+00,7.313301e-03,8.256120e-04
12400,layers.5.k_norm.bias,5.785679e-01,5.285920e-03,9.136215e-03
12400,ln_final.weight,5.234293e+01,1.915786e-01,3.660067e-03
12400,ln_final.bias,2.265057e+00,1.979458e-02,8.739108e-03
12600,tok_emb_E.weight,2.199708e+02,2.698231e+00,1.226632e-02
12600,emb_resid_lut.weights,2.102350e+02,6.195408e+00,2.946896e-02
12600,emb_resid_lut.log_soft_score_temp,6.382735e-01,1.727581e-03,2.706647e-03
12600,emb_resid_lut.log_select_temp,1.306292e+00,1.084685e-03,8.303545e-04
12600,unembedder.weight,1.696751e+02,3.277319e+00,1.931526e-02
12600,layers.0.qk_lut.weights,1.327355e+02,4.513338e+00,3.400249e-02
12600,layers.0.qk_lut.log_soft_score_temp,8.536583e-01,9.064078e-04,1.061792e-03
12600,layers.0.qk_lut.log_select_temp,9.417841e-01,1.033366e-03,1.097243e-03
12600,layers.0.v_lut.weights,1.824623e+02,6.764432e+00,3.707304e-02
12600,layers.0.v_lut.log_soft_score_temp,3.127629e-01,6.266832e-04,2.003701e-03
12600,layers.0.v_lut.log_select_temp,1.179514e+00,3.435373e-03,2.912534e-03
12600,layers.0.out_proj.weights,3.604065e+02,1.372121e+01,3.807148e-02
12600,layers.0.out_proj.log_soft_score_temp,7.645813e-01,3.679991e-04,4.813080e-04
12600,layers.0.out_proj.log_select_temp,6.741995e-01,7.831395e-03,1.161584e-02
12600,layers.0.residual_lut.weights,1.523197e+02,6.394384e+00,4.198003e-02
12600,layers.0.residual_lut.log_soft_score_temp,2.751424e-01,4.692018e-03,1.705306e-02
12600,layers.0.residual_lut.log_select_temp,4.058823e-01,7.764131e-03,1.912902e-02
12600,layers.0.q_norm.weight,9.007407e+00,6.569923e-03,7.293912e-04
12600,layers.0.q_norm.bias,9.294496e-01,4.973806e-03,5.351346e-03
12600,layers.0.k_norm.weight,8.937664e+00,6.395322e-03,7.155474e-04
12600,layers.0.k_norm.bias,1.584627e+00,6.361073e-03,4.014241e-03
12600,layers.1.qk_lut.weights,1.324273e+02,4.672358e+00,3.528244e-02
12600,layers.1.qk_lut.log_soft_score_temp,1.539130e-01,1.894712e-03,1.231028e-02
12600,layers.1.qk_lut.log_select_temp,1.104428e+00,1.355886e-03,1.227682e-03
12600,layers.1.v_lut.weights,1.761002e+02,6.346341e+00,3.603823e-02
12600,layers.1.v_lut.log_soft_score_temp,1.448802e-01,3.427953e-03,2.366059e-02
12600,layers.1.v_lut.log_select_temp,1.444718e+00,3.075361e-03,2.128693e-03
12600,layers.1.out_proj.weights,3.566514e+02,1.387352e+01,3.889939e-02
12600,layers.1.out_proj.log_soft_score_temp,1.186549e+00,5.608916e-03,4.727085e-03
12600,layers.1.out_proj.log_select_temp,5.877572e-01,5.450726e-03,9.273770e-03
12600,layers.1.residual_lut.weights,1.646773e+02,6.490864e+00,3.941567e-02
12600,layers.1.residual_lut.log_soft_score_temp,5.278918e-02,1.732614e-03,3.282138e-02
12600,layers.1.residual_lut.log_select_temp,1.250917e+00,7.524967e-03,6.015563e-03
12600,layers.1.q_norm.weight,9.482356e+00,5.872325e-03,6.192897e-04
12600,layers.1.q_norm.bias,8.475499e-01,4.064007e-03,4.795006e-03
12600,layers.1.k_norm.weight,9.414112e+00,5.887327e-03,6.253725e-04
12600,layers.1.k_norm.bias,1.127531e+00,4.375861e-03,3.880924e-03
12600,layers.2.qk_lut.weights,1.331713e+02,4.693770e+00,3.524612e-02
12600,layers.2.qk_lut.log_soft_score_temp,7.351187e-02,1.538202e-03,2.092454e-02
12600,layers.2.qk_lut.log_select_temp,1.101347e+00,2.425075e-03,2.201917e-03
12600,layers.2.v_lut.weights,1.774241e+02,6.483355e+00,3.654156e-02
12600,layers.2.v_lut.log_soft_score_temp,1.865000e-01,4.825920e-03,2.587624e-02
12600,layers.2.v_lut.log_select_temp,1.378776e+00,2.103448e-03,1.525590e-03
12600,layers.2.out_proj.weights,3.709288e+02,1.388172e+01,3.742422e-02
12600,layers.2.out_proj.log_soft_score_temp,1.100997e+00,5.643487e-03,5.125795e-03
12600,layers.2.out_proj.log_select_temp,6.919170e-01,5.324602e-03,7.695435e-03
12600,layers.2.residual_lut.weights,1.720616e+02,6.519876e+00,3.789269e-02
12600,layers.2.residual_lut.log_soft_score_temp,1.165128e-01,3.720790e-03,3.193459e-02
12600,layers.2.residual_lut.log_select_temp,1.425765e+00,5.350232e-03,3.752534e-03
12600,layers.2.q_norm.weight,9.561080e+00,6.246325e-03,6.533074e-04
12600,layers.2.q_norm.bias,1.068125e+00,3.687952e-03,3.452734e-03
12600,layers.2.k_norm.weight,9.498000e+00,5.992781e-03,6.309519e-04
12600,layers.2.k_norm.bias,1.451512e+00,4.758499e-03,3.278306e-03
12600,layers.3.qk_lut.weights,1.297978e+02,4.646526e+00,3.579819e-02
12600,layers.3.qk_lut.log_soft_score_temp,2.459859e-01,1.485169e-03,6.037617e-03
12600,layers.3.qk_lut.log_select_temp,1.268656e+00,3.200889e-03,2.523054e-03
12600,layers.3.v_lut.weights,1.786988e+02,6.487045e+00,3.630157e-02
12600,layers.3.v_lut.log_soft_score_temp,1.215519e-01,4.341125e-03,3.571417e-02
12600,layers.3.v_lut.log_select_temp,1.388667e+00,3.862262e-03,2.781274e-03
12600,layers.3.out_proj.weights,4.403341e+02,1.414311e+01,3.211905e-02
12600,layers.3.out_proj.log_soft_score_temp,9.532457e-01,8.218110e-03,8.621187e-03
12600,layers.3.out_proj.log_select_temp,1.369385e+00,2.447486e-03,1.787289e-03
12600,layers.3.residual_lut.weights,1.899494e+02,6.551802e+00,3.449236e-02
12600,layers.3.residual_lut.log_soft_score_temp,9.904076e-02,6.446190e-03,6.508623e-02
12600,layers.3.residual_lut.log_select_temp,1.466251e+00,4.079103e-03,2.781995e-03
12600,layers.3.q_norm.weight,1.054669e+01,5.715671e-03,5.419399e-04
12600,layers.3.q_norm.bias,1.235634e+00,6.374997e-03,5.159291e-03
12600,layers.3.k_norm.weight,1.044503e+01,6.026311e-03,5.769547e-04
12600,layers.3.k_norm.bias,1.523884e+00,5.296490e-03,3.475652e-03
12600,layers.4.qk_lut.weights,1.330471e+02,4.723938e+00,3.550577e-02
12600,layers.4.qk_lut.log_soft_score_temp,2.165326e-02,2.508150e-03,1.158324e-01
12600,layers.4.qk_lut.log_select_temp,1.127683e+00,2.378702e-03,2.109371e-03
12600,layers.4.v_lut.weights,1.834526e+02,6.557818e+00,3.574666e-02
12600,layers.4.v_lut.log_soft_score_temp,2.309351e-01,4.162148e-03,1.802302e-02
12600,layers.4.v_lut.log_select_temp,1.255157e+00,1.657248e-03,1.320351e-03
12600,layers.4.out_proj.weights,4.074883e+02,1.407675e+01,3.454516e-02
12600,layers.4.out_proj.log_soft_score_temp,6.450429e-01,5.736709e-03,8.893530e-03
12600,layers.4.out_proj.log_select_temp,1.186174e+00,4.119754e-03,3.473144e-03
12600,layers.4.residual_lut.weights,1.948235e+02,6.568905e+00,3.371721e-02
12600,layers.4.residual_lut.log_soft_score_temp,1.863985e-01,6.143197e-03,3.295733e-02
12600,layers.4.residual_lut.log_select_temp,1.519206e+00,5.092621e-03,3.352160e-03
12600,layers.4.q_norm.weight,9.404226e+00,5.252602e-03,5.585363e-04
12600,layers.4.q_norm.bias,5.310665e-01,3.744110e-03,7.050171e-03
12600,layers.4.k_norm.weight,9.347629e+00,4.990344e-03,5.338620e-04
12600,layers.4.k_norm.bias,8.799213e-01,4.320721e-03,4.910349e-03
12600,layers.5.qk_lut.weights,1.320945e+02,4.677039e+00,3.540678e-02
12600,layers.5.qk_lut.log_soft_score_temp,1.531192e-01,2.306238e-03,1.506172e-02
12600,layers.5.qk_lut.log_select_temp,9.956639e-01,2.179861e-03,2.189354e-03
12600,layers.5.v_lut.weights,1.845268e+02,6.471842e+00,3.507264e-02
12600,layers.5.v_lut.log_soft_score_temp,8.051529e-01,5.773783e-03,7.171039e-03
12600,layers.5.v_lut.log_select_temp,1.267666e+00,2.241254e-03,1.768016e-03
12600,layers.5.out_proj.weights,4.893448e+02,1.481825e+01,3.028183e-02
12600,layers.5.out_proj.log_soft_score_temp,2.960967e-01,3.915548e-03,1.322388e-02
12600,layers.5.out_proj.log_select_temp,1.281140e+00,4.867196e-03,3.799113e-03
12600,layers.5.residual_lut.weights,2.239566e+02,6.685874e+00,2.985343e-02
12600,layers.5.residual_lut.log_soft_score_temp,3.123791e-02,5.300850e-03,1.696928e-01
12600,layers.5.residual_lut.log_select_temp,1.397262e+00,4.493117e-03,3.215660e-03
12600,layers.5.q_norm.weight,8.885029e+00,6.835737e-03,7.693545e-04
12600,layers.5.q_norm.bias,4.970647e-01,4.014280e-03,8.075971e-03
12600,layers.5.k_norm.weight,8.862166e+00,6.990936e-03,7.888518e-04
12600,layers.5.k_norm.bias,5.799973e-01,4.930091e-03,8.500196e-03
12600,ln_final.weight,5.252274e+01,1.802929e-01,3.432664e-03
12600,ln_final.bias,2.274998e+00,1.890151e-02,8.308364e-03
12800,tok_emb_E.weight,2.199991e+02,2.540019e+00,1.154559e-02
12800,emb_resid_lut.weights,2.103474e+02,5.853195e+00,2.782633e-02
12800,emb_resid_lut.log_soft_score_temp,6.361568e-01,2.116740e-03,3.327387e-03
12800,emb_resid_lut.log_select_temp,1.306909e+00,6.173849e-04,4.724008e-04
12800,unembedder.weight,1.695872e+02,3.090010e+00,1.822077e-02
12800,layers.0.qk_lut.weights,1.328359e+02,4.244452e+00,3.195261e-02
12800,layers.0.qk_lut.log_soft_score_temp,8.551397e-01,1.481414e-03,1.732365e-03
12800,layers.0.qk_lut.log_select_temp,9.430706e-01,1.286447e-03,1.364105e-03
12800,layers.0.v_lut.weights,1.826042e+02,6.375892e+00,3.491645e-02
12800,layers.0.v_lut.log_soft_score_temp,3.133427e-01,5.797446e-04,1.850194e-03
12800,layers.0.v_lut.log_select_temp,1.182410e+00,2.896667e-03,2.449798e-03
12800,layers.0.out_proj.weights,3.606231e+02,1.291436e+01,3.581125e-02
12800,layers.0.out_proj.log_soft_score_temp,7.627955e-01,1.785815e-03,2.341145e-03
12800,layers.0.out_proj.log_select_temp,6.820232e-01,7.823706e-03,1.147132e-02
12800,layers.0.residual_lut.weights,1.523492e+02,6.027615e+00,3.956448e-02
12800,layers.0.residual_lut.log_soft_score_temp,2.719499e-01,3.192514e-03,1.173935e-02
12800,layers.0.residual_lut.log_select_temp,4.123401e-01,6.457776e-03,1.566128e-02
12800,layers.0.q_norm.weight,9.009776e+00,5.307486e-03,5.890808e-04
12800,layers.0.q_norm.bias,9.312917e-01,4.355724e-03,4.677079e-03
12800,layers.0.k_norm.weight,8.939708e+00,4.975646e-03,5.565781e-04
12800,layers.0.k_norm.bias,1.588696e+00,6.037791e-03,3.800471e-03
12800,layers.1.qk_lut.weights,1.325322e+02,4.384948e+00,3.308591e-02
12800,layers.1.qk_lut.log_soft_score_temp,1.532596e-01,6.534010e-04,4.263360e-03
12800,layers.1.qk_lut.log_select_temp,1.106960e+00,2.531528e-03,2.286920e-03
12800,layers.1.v_lut.weights,1.762235e+02,6.006784e+00,3.408617e-02
12800,layers.1.v_lut.log_soft_score_temp,1.482494e-01,3.369167e-03,2.272635e-02
12800,layers.1.v_lut.log_select_temp,1.447364e+00,2.646208e-03,1.828295e-03
12800,layers.1.out_proj.weights,3.567256e+02,1.304987e+01,3.658239e-02
12800,layers.1.out_proj.log_soft_score_temp,1.191940e+00,5.391598e-03,4.523379e-03
12800,layers.1.out_proj.log_select_temp,5.925751e-01,4.817903e-03,8.130451e-03
12800,layers.1.residual_lut.weights,1.647724e+02,6.118315e+00,3.713193e-02
12800,layers.1.residual_lut.log_soft_score_temp,5.449242e-02,1.703240e-03,3.125646e-02
12800,layers.1.residual_lut.log_select_temp,1.257698e+00,6.780982e-03,5.391584e-03
12800,layers.1.q_norm.weight,9.484436e+00,4.645717e-03,4.898254e-04
12800,layers.1.q_norm.bias,8.489003e-01,3.055863e-03,3.599790e-03
12800,layers.1.k_norm.weight,9.416214e+00,4.520310e-03,4.800560e-04
12800,layers.1.k_norm.bias,1.128667e+00,4.769995e-03,4.226219e-03
12800,layers.2.qk_lut.weights,1.332780e+02,4.392595e+00,3.295813e-02
12800,layers.2.qk_lut.log_soft_score_temp,7.107077e-02,2.441101e-03,3.434747e-02
12800,layers.2.qk_lut.log_select_temp,1.102782e+00,1.434803e-03,1.301076e-03
12800,layers.2.v_lut.weights,1.775544e+02,6.090675e+00,3.430315e-02
12800,layers.2.v_lut.log_soft_score_temp,1.888073e-01,2.307296e-03,1.222037e-02
12800,layers.2.v_lut.log_select_temp,1.382288e+00,3.512025e-03,2.540732e-03
12800,layers.2.out_proj.weights,3.711114e+02,1.304428e+01,3.514924e-02
12800,layers.2.out_proj.log_soft_score_temp,1.106703e+00,5.705118e-03,5.155060e-03
12800,layers.2.out_proj.log_select_temp,6.970988e-01,5.181789e-03,7.433364e-03
12800,layers.2.residual_lut.weights,1.721444e+02,6.139211e+00,3.566314e-02
12800,layers.2.residual_lut.log_soft_score_temp,1.209202e-01,4.407361e-03,3.644851e-02
12800,layers.2.residual_lut.log_select_temp,1.430559e+00,4.794121e-03,3.351221e-03
12800,layers.2.q_norm.weight,9.562991e+00,5.023643e-03,5.253213e-04
12800,layers.2.q_norm.bias,1.069542e+00,3.798543e-03,3.551559e-03
12800,layers.2.k_norm.weight,9.499911e+00,4.889568e-03,5.146962e-04
12800,layers.2.k_norm.bias,1.452427e+00,5.525604e-03,3.804393e-03
12800,layers.3.qk_lut.weights,1.298934e+02,4.390764e+00,3.380284e-02
12800,layers.3.qk_lut.log_soft_score_temp,2.471390e-01,1.153082e-03,4.665721e-03
12800,layers.3.qk_lut.log_select_temp,1.271698e+00,3.041983e-03,2.392063e-03
12800,layers.3.v_lut.weights,1.788244e+02,6.118153e+00,3.421319e-02
12800,layers.3.v_lut.log_soft_score_temp,1.256352e-01,4.083306e-03,3.250128e-02
12800,layers.3.v_lut.log_select_temp,1.392119e+00,3.452539e-03,2.480060e-03
12800,layers.3.out_proj.weights,4.409382e+02,1.330014e+01,3.016328e-02
12800,layers.3.out_proj.log_soft_score_temp,9.602135e-01,6.967843e-03,7.256555e-03
12800,layers.3.out_proj.log_select_temp,1.372497e+00,3.112316e-03,2.267630e-03
12800,layers.3.residual_lut.weights,1.900909e+02,6.164669e+00,3.243012e-02
12800,layers.3.residual_lut.log_soft_score_temp,1.048134e-01,5.772680e-03,5.507576e-02
12800,layers.3.residual_lut.log_select_temp,1.470959e+00,4.708409e-03,3.200910e-03
12800,layers.3.q_norm.weight,1.055022e+01,6.081772e-03,5.764595e-04
12800,layers.3.q_norm.bias,1.239874e+00,6.181838e-03,4.985858e-03
12800,layers.3.k_norm.weight,1.044826e+01,6.837262e-03,6.543924e-04
12800,layers.3.k_norm.bias,1.526633e+00,6.769228e-03,4.434090e-03
12800,layers.4.qk_lut.weights,1.331499e+02,4.425456e+00,3.323666e-02
12800,layers.4.qk_lut.log_soft_score_temp,1.915375e-02,2.499515e-03,1.304974e-01
12800,layers.4.qk_lut.log_select_temp,1.129792e+00,2.108216e-03,1.866022e-03
12800,layers.4.v_lut.weights,1.835837e+02,6.136234e+00,3.342472e-02
12800,layers.4.v_lut.log_soft_score_temp,2.271463e-01,3.788754e-03,1.667980e-02
12800,layers.4.v_lut.log_select_temp,1.256666e+00,1.508594e-03,1.200473e-03
12800,layers.4.out_proj.weights,4.079285e+02,1.324248e+01,3.246275e-02
12800,layers.4.out_proj.log_soft_score_temp,6.493918e-01,4.348874e-03,6.696842e-03
12800,layers.4.out_proj.log_select_temp,1.191661e+00,5.487204e-03,4.604667e-03
12800,layers.4.residual_lut.weights,1.950149e+02,6.189373e+00,3.173796e-02
12800,layers.4.residual_lut.log_soft_score_temp,1.917873e-01,5.388826e-03,2.809792e-02
12800,layers.4.residual_lut.log_select_temp,1.524691e+00,5.484819e-03,3.597333e-03
12800,layers.4.q_norm.weight,9.407457e+00,5.570588e-03,5.921459e-04
12800,layers.4.q_norm.bias,5.325230e-01,4.008312e-03,7.527021e-03
12800,layers.4.k_norm.weight,9.350642e+00,6.295648e-03,6.732851e-04
12800,layers.4.k_norm.bias,8.813350e-01,4.530966e-03,5.141026e-03
12800,layers.5.qk_lut.weights,1.322039e+02,4.435217e+00,3.354831e-02
12800,layers.5.qk_lut.log_soft_score_temp,1.508441e-01,2.275050e-03,1.508212e-02
12800,layers.5.qk_lut.log_select_temp,9.973873e-01,1.723468e-03,1.727983e-03
12800,layers.5.v_lut.weights,1.846593e+02,6.109092e+00,3.308305e-02
12800,layers.5.v_lut.log_soft_score_temp,8.006140e-01,4.538894e-03,5.669266e-03
12800,layers.5.v_lut.log_select_temp,1.266751e+00,9.155273e-04,7.227367e-04
12800,layers.5.out_proj.weights,4.898983e+02,1.389589e+01,2.836484e-02
12800,layers.5.out_proj.log_soft_score_temp,3.001136e-01,4.016906e-03,1.338462e-02
12800,layers.5.out_proj.log_select_temp,1.285898e+00,4.757762e-03,3.699953e-03
12800,layers.5.residual_lut.weights,2.242637e+02,6.297260e+00,2.807971e-02
12800,layers.5.residual_lut.log_soft_score_temp,2.635426e-02,4.883653e-03,1.853079e-01
12800,layers.5.residual_lut.log_select_temp,1.402401e+00,5.139232e-03,3.664596e-03
12800,layers.5.q_norm.weight,8.890109e+00,6.715370e-03,7.553755e-04
12800,layers.5.q_norm.bias,4.992562e-01,4.230342e-03,8.473290e-03
12800,layers.5.k_norm.weight,8.866940e+00,6.476200e-03,7.303760e-04
12800,layers.5.k_norm.bias,5.818923e-01,5.808196e-03,9.981566e-03
12800,ln_final.weight,5.269339e+01,1.711319e-01,3.247693e-03
12800,ln_final.bias,2.284228e+00,1.804392e-02,7.899349e-03
13000,tok_emb_E.weight,2.200240e+02,2.391462e+00,1.086909e-02
13000,emb_resid_lut.weights,2.104445e+02,5.520199e+00,2.623114e-02
13000,emb_resid_lut.log_soft_score_temp,6.341997e-01,1.957059e-03,3.085872e-03
13000,emb_resid_lut.log_select_temp,1.307382e+00,4.730225e-04,3.618089e-04
13000,unembedder.weight,1.694884e+02,2.917313e+00,1.721246e-02
13000,layers.0.qk_lut.weights,1.329315e+02,4.007147e+00,3.014446e-02
13000,layers.0.qk_lut.log_soft_score_temp,8.564188e-01,1.279056e-03,1.493494e-03
13000,layers.0.qk_lut.log_select_temp,9.441615e-01,1.090944e-03,1.155463e-03
13000,layers.0.v_lut.weights,1.827268e+02,5.996212e+00,3.281517e-02
13000,layers.0.v_lut.log_soft_score_temp,3.146493e-01,1.306653e-03,4.152728e-03
13000,layers.0.v_lut.log_select_temp,1.185862e+00,3.451705e-03,2.910714e-03
13000,layers.0.out_proj.weights,3.608134e+02,1.215524e+01,3.368844e-02
13000,layers.0.out_proj.log_soft_score_temp,7.616212e-01,1.174331e-03,1.541883e-03
13000,layers.0.out_proj.log_select_temp,6.892780e-01,7.254779e-03,1.052519e-02
13000,layers.0.residual_lut.weights,1.523693e+02,5.676037e+00,3.725185e-02
13000,layers.0.residual_lut.log_soft_score_temp,2.684537e-01,3.496200e-03,1.302348e-02
13000,layers.0.residual_lut.log_select_temp,4.188434e-01,6.503284e-03,1.552677e-02
13000,layers.0.q_norm.weight,9.012062e+00,4.768881e-03,5.291664e-04
13000,layers.0.q_norm.bias,9.324592e-01,3.772442e-03,4.045691e-03
13000,layers.0.k_norm.weight,8.941855e+00,4.727386e-03,5.286807e-04
13000,layers.0.k_norm.bias,1.591207e+00,4.521016e-03,2.841249e-03
13000,layers.1.qk_lut.weights,1.326228e+02,4.157831e+00,3.135079e-02
13000,layers.1.qk_lut.log_soft_score_temp,1.512292e-01,2.030417e-03,1.342609e-02
13000,layers.1.qk_lut.log_select_temp,1.107680e+00,7.207394e-04,6.506745e-04
13000,layers.1.v_lut.weights,1.763383e+02,5.648815e+00,3.203397e-02
13000,layers.1.v_lut.log_soft_score_temp,1.513323e-01,3.082946e-03,2.037202e-02
13000,layers.1.v_lut.log_select_temp,1.449944e+00,2.579808e-03,1.779247e-03
13000,layers.1.out_proj.weights,3.567775e+02,1.228054e+01,3.442072e-02
13000,layers.1.out_proj.log_soft_score_temp,1.196852e+00,4.911661e-03,4.103817e-03
13000,layers.1.out_proj.log_select_temp,5.983430e-01,5.767882e-03,9.639758e-03
13000,layers.1.residual_lut.weights,1.648604e+02,5.756129e+00,3.491517e-02
13000,layers.1.residual_lut.log_soft_score_temp,5.442912e-02,6.330386e-05,1.163051e-03
13000,layers.1.residual_lut.log_select_temp,1.265092e+00,7.394314e-03,5.844883e-03
13000,layers.1.q_norm.weight,9.486545e+00,4.497676e-03,4.741111e-04
13000,layers.1.q_norm.bias,8.511003e-01,3.660222e-03,4.300576e-03
13000,layers.1.k_norm.weight,9.418295e+00,4.952448e-03,5.258328e-04
13000,layers.1.k_norm.bias,1.130623e+00,5.170246e-03,4.572918e-03
13000,layers.2.qk_lut.weights,1.333751e+02,4.150170e+00,3.111653e-02
13000,layers.2.qk_lut.log_soft_score_temp,6.970578e-02,1.364984e-03,1.958207e-02
13000,layers.2.qk_lut.log_select_temp,1.104655e+00,1.873374e-03,1.695890e-03
13000,layers.2.v_lut.weights,1.776711e+02,5.740694e+00,3.231080e-02
13000,layers.2.v_lut.log_soft_score_temp,1.921428e-01,3.335476e-03,1.735936e-02
13000,layers.2.v_lut.log_select_temp,1.385122e+00,2.833962e-03,2.046001e-03
13000,layers.2.out_proj.weights,3.712767e+02,1.228521e+01,3.308910e-02
13000,layers.2.out_proj.log_soft_score_temp,1.111883e+00,5.180717e-03,4.659407e-03
13000,layers.2.out_proj.log_select_temp,7.021825e-01,5.083680e-03,7.239828e-03
13000,layers.2.residual_lut.weights,1.722232e+02,5.779389e+00,3.355756e-02
13000,layers.2.residual_lut.log_soft_score_temp,1.230118e-01,2.091594e-03,1.700320e-02
13000,layers.2.residual_lut.log_select_temp,1.436040e+00,5.481005e-03,3.816749e-03
13000,layers.2.q_norm.weight,9.565248e+00,4.719630e-03,4.934142e-04
13000,layers.2.q_norm.bias,1.069851e+00,3.372828e-03,3.152614e-03
13000,layers.2.k_norm.weight,9.502141e+00,5.107737e-03,5.375354e-04
13000,layers.2.k_norm.bias,1.453799e+00,4.822256e-03,3.317003e-03
13000,layers.3.qk_lut.weights,1.299784e+02,4.134902e+00,3.181223e-02
13000,layers.3.qk_lut.log_soft_score_temp,2.479924e-01,8.533448e-04,3.441012e-03
13000,layers.3.qk_lut.log_select_temp,1.274855e+00,3.156781e-03,2.476188e-03
13000,layers.3.v_lut.weights,1.789308e+02,5.754127e+00,3.215838e-02
13000,layers.3.v_lut.log_soft_score_temp,1.296793e-01,4.044071e-03,3.118517e-02
13000,layers.3.v_lut.log_select_temp,1.395130e+00,3.010511e-03,2.157872e-03
13000,layers.3.out_proj.weights,4.414971e+02,1.250461e+01,2.832320e-02
13000,layers.3.out_proj.log_soft_score_temp,9.669498e-01,6.736279e-03,6.966523e-03
13000,layers.3.out_proj.log_select_temp,1.375352e+00,2.854347e-03,2.075358e-03
13000,layers.3.residual_lut.weights,1.902182e+02,5.800228e+00,3.049251e-02
13000,layers.3.residual_lut.log_soft_score_temp,1.097190e-01,4.905596e-03,4.471053e-02
13000,layers.3.residual_lut.log_select_temp,1.475688e+00,4.728913e-03,3.204547e-03
13000,layers.3.q_norm.weight,1.055461e+01,7.026135e-03,6.656934e-04
13000,layers.3.q_norm.bias,1.244163e+00,5.770903e-03,4.638383e-03
13000,layers.3.k_norm.weight,1.045271e+01,6.637217e-03,6.349759e-04
13000,layers.3.k_norm.bias,1.528624e+00,4.610647e-03,3.016207e-03
13000,layers.4.qk_lut.weights,1.332431e+02,4.162888e+00,3.124280e-02
13000,layers.4.qk_lut.log_soft_score_temp,1.875665e-02,3.971010e-04,2.117122e-02
13000,layers.4.qk_lut.log_select_temp,1.133099e+00,3.307581e-03,2.919057e-03
13000,layers.4.v_lut.weights,1.837025e+02,5.808399e+00,3.161852e-02
13000,layers.4.v_lut.log_soft_score_temp,2.238738e-01,3.272533e-03,1.461776e-02
13000,layers.4.v_lut.log_select_temp,1.257953e+00,1.287580e-03,1.023551e-03
13000,layers.4.out_proj.weights,4.083238e+02,1.246474e+01,3.052661e-02
13000,layers.4.out_proj.log_soft_score_temp,6.538677e-01,4.475951e-03,6.845347e-03
13000,layers.4.out_proj.log_select_temp,1.195913e+00,4.251361e-03,3.554909e-03
13000,layers.4.residual_lut.weights,1.951812e+02,5.825705e+00,2.984768e-02
13000,layers.4.residual_lut.log_soft_score_temp,1.969184e-01,5.131006e-03,2.605652e-02
13000,layers.4.residual_lut.log_select_temp,1.529110e+00,4.419208e-03,2.890052e-03
13000,layers.4.q_norm.weight,9.410001e+00,5.669219e-03,6.024675e-04
13000,layers.4.q_norm.bias,5.321071e-01,3.892500e-03,7.315258e-03
13000,layers.4.k_norm.weight,9.353025e+00,5.420464e-03,5.795412e-04
13000,layers.4.k_norm.bias,8.815944e-01,4.286897e-03,4.862664e-03
13000,layers.5.qk_lut.weights,1.323001e+02,4.157351e+00,3.142363e-02
13000,layers.5.qk_lut.log_soft_score_temp,1.494981e-01,1.345992e-03,9.003405e-03
13000,layers.5.qk_lut.log_select_temp,9.998789e-01,2.491534e-03,2.491836e-03
13000,layers.5.v_lut.weights,1.847709e+02,5.756969e+00,3.115734e-02
13000,layers.5.v_lut.log_soft_score_temp,7.960766e-01,4.537404e-03,5.699707e-03
13000,layers.5.v_lut.log_select_temp,1.265797e+00,9.533167e-04,7.531352e-04
13000,layers.5.out_proj.weights,4.904084e+02,1.304350e+01,2.659721e-02
13000,layers.5.out_proj.log_soft_score_temp,3.035918e-01,3.478140e-03,1.145663e-02
13000,layers.5.out_proj.log_select_temp,1.290027e+00,4.129648e-03,3.201209e-03
13000,layers.5.residual_lut.weights,2.245458e+02,5.929157e+00,2.640511e-02
13000,layers.5.residual_lut.log_soft_score_temp,2.081355e-02,5.540714e-03,2.662071e-01
13000,layers.5.residual_lut.log_select_temp,1.406709e+00,4.308343e-03,3.062711e-03
13000,layers.5.q_norm.weight,8.894281e+00,6.660518e-03,7.488540e-04
13000,layers.5.q_norm.bias,5.005826e-01,3.461145e-03,6.914232e-03
13000,layers.5.k_norm.weight,8.870851e+00,6.336828e-03,7.143428e-04
13000,layers.5.k_norm.bias,5.842853e-01,4.918083e-03,8.417263e-03
13000,ln_final.weight,5.285414e+01,1.612251e-01,3.050377e-03
13000,ln_final.bias,2.292915e+00,1.721610e-02,7.508392e-03
13200,tok_emb_E.weight,2.200466e+02,2.252791e+00,1.023779e-02
13200,emb_resid_lut.weights,2.105247e+02,5.215683e+00,2.477468e-02
13200,emb_resid_lut.log_soft_score_temp,6.319101e-01,2.289593e-03,3.623289e-03
13200,emb_resid_lut.log_select_temp,1.307237e+00,1.451969e-04,1.110716e-04
13200,unembedder.weight,1.694048e+02,2.741207e+00,1.618140e-02
13200,layers.0.qk_lut.weights,1.330088e+02,3.782952e+00,2.844136e-02
13200,layers.0.qk_lut.log_soft_score_temp,8.573108e-01,8.920431e-04,1.040513e-03
13200,layers.0.qk_lut.log_select_temp,9.449192e-01,7.576346e-04,8.017984e-04
13200,layers.0.v_lut.weights,1.828395e+02,5.656584e+00,3.093743e-02
13200,layers.0.v_lut.log_soft_score_temp,3.152579e-01,6.085634e-04,1.930367e-03
13200,layers.0.v_lut.log_select_temp,1.188408e+00,2.546072e-03,2.142422e-03
13200,layers.0.out_proj.weights,3.609815e+02,1.144908e+01,3.171652e-02
13200,layers.0.out_proj.log_soft_score_temp,7.595598e-01,2.061367e-03,2.713897e-03
13200,layers.0.out_proj.log_select_temp,6.965767e-01,7.298648e-03,1.047788e-02
13200,layers.0.residual_lut.weights,1.523828e+02,5.350260e+00,3.511066e-02
13200,layers.0.residual_lut.log_soft_score_temp,2.650909e-01,3.362715e-03,1.268514e-02
13200,layers.0.residual_lut.log_select_temp,4.250103e-01,6.166905e-03,1.451001e-02
13200,layers.0.q_norm.weight,9.014145e+00,4.978221e-03,5.522677e-04
13200,layers.0.q_norm.bias,9.347149e-01,4.488365e-03,4.801854e-03
13200,layers.0.k_norm.weight,8.943685e+00,4.633255e-03,5.180477e-04
13200,layers.0.k_norm.bias,1.594408e+00,5.085611e-03,3.189655e-03
13200,layers.1.qk_lut.weights,1.326980e+02,3.910840e+00,2.947174e-02
13200,layers.1.qk_lut.log_soft_score_temp,1.500399e-01,1.189366e-03,7.927001e-03
13200,layers.1.qk_lut.log_select_temp,1.109019e+00,1.338840e-03,1.207228e-03
13200,layers.1.v_lut.weights,1.764365e+02,5.315533e+00,3.012718e-02
13200,layers.1.v_lut.log_soft_score_temp,1.543403e-01,3.007993e-03,1.948935e-02
13200,layers.1.v_lut.log_select_temp,1.452132e+00,2.188087e-03,1.506810e-03
13200,layers.1.out_proj.weights,3.568180e+02,1.155296e+01,3.237774e-02
13200,layers.1.out_proj.log_soft_score_temp,1.201336e+00,4.483819e-03,3.732362e-03
13200,layers.1.out_proj.log_select_temp,6.033630e-01,5.019963e-03,8.319972e-03
13200,layers.1.residual_lut.weights,1.649343e+02,5.427610e+00,3.290770e-02
13200,layers.1.residual_lut.log_soft_score_temp,5.568575e-02,1.256634e-03,2.256652e-02
13200,layers.1.residual_lut.log_select_temp,1.271114e+00,6.021857e-03,4.737465e-03
13200,layers.1.q_norm.weight,9.488792e+00,4.753692e-03,5.009796e-04
13200,layers.1.q_norm.bias,8.523622e-01,3.478802e-03,4.081366e-03
13200,layers.1.k_norm.weight,9.420554e+00,4.338899e-03,4.605779e-04
13200,layers.1.k_norm.bias,1.132174e+00,4.430065e-03,3.912884e-03
13200,layers.2.qk_lut.weights,1.334663e+02,3.887287e+00,2.912561e-02
13200,layers.2.qk_lut.log_soft_score_temp,6.818089e-02,1.524895e-03,2.236544e-02
13200,layers.2.qk_lut.log_select_temp,1.106635e+00,1.979947e-03,1.789160e-03
13200,layers.2.v_lut.weights,1.777775e+02,5.408827e+00,3.042469e-02
13200,layers.2.v_lut.log_soft_score_temp,1.946447e-01,2.501905e-03,1.285370e-02
13200,layers.2.v_lut.log_select_temp,1.388385e+00,3.262162e-03,2.349610e-03
13200,layers.2.out_proj.weights,3.714161e+02,1.155307e+01,3.110547e-02
13200,layers.2.out_proj.log_soft_score_temp,1.116822e+00,4.939198e-03,4.422546e-03
13200,layers.2.out_proj.log_select_temp,7.071852e-01,5.002737e-03,7.074154e-03
13200,layers.2.residual_lut.weights,1.722919e+02,5.448076e+00,3.162119e-02
13200,layers.2.residual_lut.log_soft_score_temp,1.257740e-01,2.762251e-03,2.196201e-02
13200,layers.2.residual_lut.log_select_temp,1.440979e+00,4.939079e-03,3.427585e-03
13200,layers.2.q_norm.weight,9.567170e+00,4.705129e-03,4.917994e-04
13200,layers.2.q_norm.bias,1.071328e+00,3.351565e-03,3.128420e-03
13200,layers.2.k_norm.weight,9.504096e+00,4.487194e-03,4.721327e-04
13200,layers.2.k_norm.bias,1.454827e+00,4.914092e-03,3.377785e-03
13200,layers.3.qk_lut.weights,1.300562e+02,3.905774e+00,3.003143e-02
13200,layers.3.qk_lut.log_soft_score_temp,2.498502e-01,1.857847e-03,7.435843e-03
13200,layers.3.qk_lut.log_select_temp,1.276944e+00,2.088428e-03,1.635489e-03
13200,layers.3.v_lut.weights,1.790288e+02,5.426542e+00,3.031100e-02
13200,layers.3.v_lut.log_soft_score_temp,1.340461e-01,4.366800e-03,3.257686e-02
13200,layers.3.v_lut.log_select_temp,1.398283e+00,3.153801e-03,2.255481e-03
13200,layers.3.out_proj.weights,4.420094e+02,1.176425e+01,2.661537e-02
13200,layers.3.out_proj.log_soft_score_temp,9.729481e-01,5.998313e-03,6.165091e-03
13200,layers.3.out_proj.log_select_temp,1.378167e+00,2.815008e-03,2.042575e-03
13200,layers.3.residual_lut.weights,1.903336e+02,5.473477e+00,2.875729e-02
13200,layers.3.residual_lut.log_soft_score_temp,1.144043e-01,4.685283e-03,4.095372e-02
13200,layers.3.residual_lut.log_select_temp,1.480199e+00,4.510641e-03,3.047321e-03
13200,layers.3.q_norm.weight,1.055907e+01,6.960499e-03,6.591963e-04
13200,layers.3.q_norm.bias,1.248414e+00,5.243656e-03,4.200253e-03
13200,layers.3.k_norm.weight,1.045698e+01,6.856043e-03,6.556427e-04
13200,layers.3.k_norm.bias,1.531682e+00,6.655353e-03,4.345128e-03
13200,layers.4.qk_lut.weights,1.333266e+02,3.957331e+00,2.968147e-02
13200,layers.4.qk_lut.log_soft_score_temp,1.738153e-02,1.375116e-03,7.911365e-02
13200,layers.4.qk_lut.log_select_temp,1.135761e+00,2.662301e-03,2.344067e-03
13200,layers.4.v_lut.weights,1.838031e+02,5.444995e+00,2.962406e-02
13200,layers.4.v_lut.log_soft_score_temp,2.198390e-01,4.034773e-03,1.835331e-02
13200,layers.4.v_lut.log_select_temp,1.258445e+00,4.916191e-04,3.906560e-04
13200,layers.4.out_proj.weights,4.086778e+02,1.170817e+01,2.864891e-02
13200,layers.4.out_proj.log_soft_score_temp,6.579292e-01,4.061520e-03,6.173187e-03
13200,layers.4.out_proj.log_select_temp,1.199591e+00,3.678203e-03,3.066214e-03
13200,layers.4.residual_lut.weights,1.953365e+02,5.484453e+00,2.807694e-02
13200,layers.4.residual_lut.log_soft_score_temp,2.015581e-01,4.639745e-03,2.301939e-02
13200,layers.4.residual_lut.log_select_temp,1.534078e+00,4.968643e-03,3.238846e-03
13200,layers.4.q_norm.weight,9.413709e+00,6.075186e-03,6.453552e-04
13200,layers.4.q_norm.bias,5.340558e-01,4.041992e-03,7.568482e-03
13200,layers.4.k_norm.weight,9.356687e+00,6.363862e-03,6.801406e-04
13200,layers.4.k_norm.bias,8.829871e-01,4.176456e-03,4.729917e-03
13200,layers.5.qk_lut.weights,1.323828e+02,3.964134e+00,2.994449e-02
13200,layers.5.qk_lut.log_soft_score_temp,1.476016e-01,1.896545e-03,1.284909e-02
13200,layers.5.qk_lut.log_select_temp,1.001835e+00,1.956224e-03,1.952641e-03
13200,layers.5.v_lut.weights,1.848683e+02,5.432303e+00,2.938473e-02
13200,layers.5.v_lut.log_soft_score_temp,7.914456e-01,4.630983e-03,5.851296e-03
13200,layers.5.v_lut.log_select_temp,1.264618e+00,1.179457e-03,9.326585e-04
13200,layers.5.out_proj.weights,4.908579e+02,1.225369e+01,2.496383e-02
13200,layers.5.out_proj.log_soft_score_temp,3.073687e-01,3.776908e-03,1.228788e-02
13200,layers.5.out_proj.log_select_temp,1.293437e+00,3.409743e-03,2.636188e-03
13200,layers.5.residual_lut.weights,2.247886e+02,5.579946e+00,2.482308e-02
13200,layers.5.residual_lut.log_soft_score_temp,1.589066e-02,4.922882e-03,3.097971e-01
13200,layers.5.residual_lut.log_select_temp,1.410678e+00,3.968716e-03,2.813340e-03
13200,layers.5.q_norm.weight,8.898073e+00,5.671061e-03,6.373359e-04
13200,layers.5.q_norm.bias,5.020541e-01,3.692011e-03,7.353812e-03
13200,layers.5.k_norm.weight,8.874317e+00,5.801240e-03,6.537111e-04
13200,layers.5.k_norm.bias,5.851873e-01,4.311016e-03,7.366901e-03
13200,ln_final.weight,5.300575e+01,1.519878e-01,2.867384e-03
13200,ln_final.bias,2.300836e+00,1.597269e-02,6.942127e-03
13400,tok_emb_E.weight,2.200668e+02,2.119865e+00,9.632824e-03
13400,emb_resid_lut.weights,2.105938e+02,4.917207e+00,2.334925e-02
13400,emb_resid_lut.log_soft_score_temp,6.296408e-01,2.269387e-03,3.604257e-03
13400,emb_resid_lut.log_select_temp,1.307104e+00,1.325607e-04,1.014156e-04
13400,unembedder.weight,1.693152e+02,2.559906e+00,1.511917e-02
13400,layers.0.qk_lut.weights,1.330792e+02,3.566216e+00,2.679770e-02
13400,layers.0.qk_lut.log_soft_score_temp,8.584209e-01,1.110077e-03,1.293162e-03
13400,layers.0.qk_lut.log_select_temp,9.458145e-01,8.953810e-04,9.466771e-04
13400,layers.0.v_lut.weights,1.829377e+02,5.330426e+00,2.913794e-02
13400,layers.0.v_lut.log_soft_score_temp,3.155019e-01,2.440512e-04,7.735332e-04
13400,layers.0.v_lut.log_select_temp,1.190632e+00,2.224445e-03,1.868289e-03
13400,layers.0.out_proj.weights,3.611230e+02,1.077004e+01,2.982374e-02
13400,layers.0.out_proj.log_soft_score_temp,7.578639e-01,1.695871e-03,2.237699e-03
13400,layers.0.out_proj.log_select_temp,7.033997e-01,6.823063e-03,9.700122e-03
13400,layers.0.residual_lut.weights,1.523919e+02,5.042448e+00,3.308869e-02
13400,layers.0.residual_lut.log_soft_score_temp,2.609980e-01,4.092902e-03,1.568173e-02
13400,layers.0.residual_lut.log_select_temp,4.314900e-01,6.479740e-03,1.501713e-02
13400,layers.0.q_norm.weight,9.017372e+00,5.919176e-03,6.564191e-04
13400,layers.0.q_norm.bias,9.374304e-01,3.982626e-03,4.248450e-03
13400,layers.0.k_norm.weight,8.946743e+00,5.906808e-03,6.602188e-04
13400,layers.0.k_norm.bias,1.598689e+00,5.573713e-03,3.486428e-03
13400,layers.1.qk_lut.weights,1.327740e+02,3.688020e+00,2.777667e-02
13400,layers.1.qk_lut.log_soft_score_temp,1.482015e-01,1.838312e-03,1.240413e-02
13400,layers.1.qk_lut.log_select_temp,1.109715e+00,6.961823e-04,6.273521e-04
13400,layers.1.v_lut.weights,1.765269e+02,5.010460e+00,2.838354e-02
13400,layers.1.v_lut.log_soft_score_temp,1.564988e-01,2.158418e-03,1.379192e-02
13400,layers.1.v_lut.log_select_temp,1.454786e+00,2.653599e-03,1.824048e-03
13400,layers.1.out_proj.weights,3.568433e+02,1.087009e+01,3.046181e-02
13400,layers.1.out_proj.log_soft_score_temp,1.205344e+00,4.008174e-03,3.325337e-03
13400,layers.1.out_proj.log_select_temp,6.081031e-01,4.740119e-03,7.794927e-03
13400,layers.1.residual_lut.weights,1.649957e+02,5.108528e+00,3.096158e-02
13400,layers.1.residual_lut.log_soft_score_temp,5.718841e-02,1.502655e-03,2.627553e-02
13400,layers.1.residual_lut.log_select_temp,1.276193e+00,5.079031e-03,3.979831e-03
13400,layers.1.q_norm.weight,9.490840e+00,4.091399e-03,4.310892e-04
13400,layers.1.q_norm.bias,8.534151e-01,3.189321e-03,3.737128e-03
13400,layers.1.k_norm.weight,9.422292e+00,3.978937e-03,4.222897e-04
13400,layers.1.k_norm.bias,1.134049e+00,3.705124e-03,3.267163e-03
13400,layers.2.qk_lut.weights,1.335373e+02,3.678376e+00,2.754569e-02
13400,layers.2.qk_lut.log_soft_score_temp,6.714719e-02,1.033701e-03,1.539455e-02
13400,layers.2.qk_lut.log_select_temp,1.108984e+00,2.348900e-03,2.118065e-03
13400,layers.2.v_lut.weights,1.778682e+02,5.084230e+00,2.858425e-02
13400,layers.2.v_lut.log_soft_score_temp,1.978270e-01,3.182247e-03,1.608601e-02
13400,layers.2.v_lut.log_select_temp,1.390585e+00,2.200365e-03,1.582331e-03
13400,layers.2.out_proj.weights,3.715363e+02,1.086544e+01,2.924464e-02
13400,layers.2.out_proj.log_soft_score_temp,1.121702e+00,4.879475e-03,4.350063e-03
13400,layers.2.out_proj.log_select_temp,7.113370e-01,4.151762e-03,5.836561e-03
13400,layers.2.residual_lut.weights,1.723429e+02,5.133145e+00,2.978449e-02
13400,layers.2.residual_lut.log_soft_score_temp,1.289123e-01,3.138274e-03,2.434425e-02
13400,layers.2.residual_lut.log_select_temp,1.445011e+00,4.031539e-03,2.789971e-03
13400,layers.2.q_norm.weight,9.570210e+00,5.938337e-03,6.205022e-04
13400,layers.2.q_norm.bias,1.072410e+00,3.303861e-03,3.080782e-03
13400,layers.2.k_norm.weight,9.507098e+00,5.296703e-03,5.571314e-04
13400,layers.2.k_norm.bias,1.454980e+00,3.876860e-03,2.664545e-03
13400,layers.3.qk_lut.weights,1.301226e+02,3.669311e+00,2.819887e-02
13400,layers.3.qk_lut.log_soft_score_temp,2.514059e-01,1.555681e-03,6.187927e-03
13400,layers.3.qk_lut.log_select_temp,1.279256e+00,2.311945e-03,1.807258e-03
13400,layers.3.v_lut.weights,1.791144e+02,5.099667e+00,2.847155e-02
13400,layers.3.v_lut.log_soft_score_temp,1.378592e-01,3.813088e-03,2.765930e-02
13400,layers.3.v_lut.log_select_temp,1.401187e+00,2.904058e-03,2.072569e-03
13400,layers.3.out_proj.weights,4.424735e+02,1.105696e+01,2.498898e-02
13400,layers.3.out_proj.log_soft_score_temp,9.790065e-01,6.058395e-03,6.188309e-03
13400,layers.3.out_proj.log_select_temp,1.380960e+00,2.793074e-03,2.022560e-03
13400,layers.3.residual_lut.weights,1.904356e+02,5.153935e+00,2.706392e-02
13400,layers.3.residual_lut.log_soft_score_temp,1.188944e-01,4.490063e-03,3.776514e-02
13400,layers.3.residual_lut.log_select_temp,1.484254e+00,4.055262e-03,2.732188e-03
13400,layers.3.q_norm.weight,1.056106e+01,5.067261e-03,4.798061e-04
13400,layers.3.q_norm.bias,1.252351e+00,5.249090e-03,4.191388e-03
13400,layers.3.k_norm.weight,1.045928e+01,5.373516e-03,5.137559e-04
13400,layers.3.k_norm.bias,1.533467e+00,5.339966e-03,3.482282e-03
13400,layers.4.qk_lut.weights,1.333996e+02,3.709001e+00,2.780369e-02
13400,layers.4.qk_lut.log_soft_score_temp,1.508309e-02,2.298438e-03,1.523850e-01
13400,layers.4.qk_lut.log_select_temp,1.137110e+00,1.348853e-03,1.186211e-03
13400,layers.4.v_lut.weights,1.838953e+02,5.131122e+00,2.790240e-02
13400,layers.4.v_lut.log_soft_score_temp,2.155392e-01,4.299790e-03,1.994899e-02
13400,layers.4.v_lut.log_select_temp,1.258390e+00,5.531311e-05,4.395547e-05
13400,layers.4.out_proj.weights,4.090058e+02,1.102058e+01,2.694480e-02
13400,layers.4.out_proj.log_soft_score_temp,6.614940e-01,3.564715e-03,5.388886e-03
13400,layers.4.out_proj.log_select_temp,1.203958e+00,4.366994e-03,3.627198e-03
13400,layers.4.residual_lut.weights,1.954725e+02,5.172847e+00,2.646329e-02
13400,layers.4.residual_lut.log_soft_score_temp,2.059015e-01,4.343420e-03,2.109465e-02
13400,layers.4.residual_lut.log_select_temp,1.538171e+00,4.092813e-03,2.660830e-03
13400,layers.4.q_norm.weight,9.415421e+00,4.154384e-03,4.412318e-04
13400,layers.4.q_norm.bias,5.340363e-01,2.975855e-03,5.572382e-03
13400,layers.4.k_norm.weight,9.358165e+00,4.893733e-03,5.229373e-04
13400,layers.4.k_norm.bias,8.852581e-01,4.179898e-03,4.721671e-03
13400,layers.5.qk_lut.weights,1.324554e+02,3.678383e+00,2.777074e-02
13400,layers.5.qk_lut.log_soft_score_temp,1.448215e-01,2.780080e-03,1.919660e-02
13400,layers.5.qk_lut.log_select_temp,1.002849e+00,1.014233e-03,1.011351e-03
13400,layers.5.v_lut.weights,1.849577e+02,5.097235e+00,2.755893e-02
13400,layers.5.v_lut.log_soft_score_temp,7.874915e-01,3.954113e-03,5.021149e-03
13400,layers.5.v_lut.log_select_temp,1.263349e+00,1.268983e-03,1.004459e-03
13400,layers.5.out_proj.weights,4.912862e+02,1.153211e+01,2.347331e-02
13400,layers.5.out_proj.log_soft_score_temp,3.106700e-01,3.301293e-03,1.062637e-02
13400,layers.5.out_proj.log_select_temp,1.297035e+00,3.597736e-03,2.773816e-03
13400,layers.5.residual_lut.weights,2.250247e+02,5.255955e+00,2.335724e-02
13400,layers.5.residual_lut.log_soft_score_temp,1.121471e-02,4.675954e-03,4.169483e-01
13400,layers.5.residual_lut.log_select_temp,1.414681e+00,4.003167e-03,2.829731e-03
13400,layers.5.q_norm.weight,8.900677e+00,4.902349e-03,5.507839e-04
13400,layers.5.q_norm.bias,5.034277e-01,3.530463e-03,7.012850e-03
13400,layers.5.k_norm.weight,8.876714e+00,4.349994e-03,4.900455e-04
13400,layers.5.k_norm.bias,5.865729e-01,4.252447e-03,7.249648e-03
13400,ln_final.weight,5.314882e+01,1.434716e-01,2.699432e-03
13400,ln_final.bias,2.308593e+00,1.494598e-02,6.474067e-03
13600,tok_emb_E.weight,2.200852e+02,1.994903e+00,9.064230e-03
13600,emb_resid_lut.weights,2.106593e+02,4.627994e+00,2.196910e-02
13600,emb_resid_lut.log_soft_score_temp,6.283310e-01,1.309752e-03,2.084494e-03
13600,emb_resid_lut.log_select_temp,1.307599e+00,4.941225e-04,3.778855e-04
13600,unembedder.weight,1.692423e+02,2.411925e+00,1.425132e-02
13600,layers.0.qk_lut.weights,1.331423e+02,3.370222e+00,2.531294e-02
13600,layers.0.qk_lut.log_soft_score_temp,8.595853e-01,1.164377e-03,1.354580e-03
13600,layers.0.qk_lut.log_select_temp,9.468940e-01,1.079500e-03,1.140043e-03
13600,layers.0.v_lut.weights,1.830259e+02,5.006847e+00,2.735595e-02
13600,layers.0.v_lut.log_soft_score_temp,3.165241e-01,1.022190e-03,3.229422e-03
13600,layers.0.v_lut.log_select_temp,1.193061e+00,2.429008e-03,2.035946e-03
13600,layers.0.out_proj.weights,3.612544e+02,1.012990e+01,2.804090e-02
13600,layers.0.out_proj.log_soft_score_temp,7.563848e-01,1.479089e-03,1.955472e-03
13600,layers.0.out_proj.log_select_temp,7.093276e-01,5.927920e-03,8.357098e-03
13600,layers.0.residual_lut.weights,1.523946e+02,4.741123e+00,3.111083e-02
13600,layers.0.residual_lut.log_soft_score_temp,2.569930e-01,4.005015e-03,1.558414e-02
13600,layers.0.residual_lut.log_select_temp,4.375057e-01,6.015688e-03,1.374996e-02
13600,layers.0.q_norm.weight,9.020813e+00,5.297996e-03,5.873080e-04
13600,layers.0.q_norm.bias,9.396124e-01,4.159062e-03,4.426359e-03
13600,layers.0.k_norm.weight,8.949825e+00,4.868846e-03,5.440158e-04
13600,layers.0.k_norm.bias,1.602692e+00,5.065085e-03,3.160360e-03
13600,layers.1.qk_lut.weights,1.328401e+02,3.476658e+00,2.617174e-02
13600,layers.1.qk_lut.log_soft_score_temp,1.467457e-01,1.455888e-03,9.921167e-03
13600,layers.1.qk_lut.log_select_temp,1.110685e+00,9.692907e-04,8.726966e-04
13600,layers.1.v_lut.weights,1.766031e+02,4.712366e+00,2.668337e-02
13600,layers.1.v_lut.log_soft_score_temp,1.593780e-01,2.879262e-03,1.806561e-02
13600,layers.1.v_lut.log_select_temp,1.456614e+00,1.828074e-03,1.255017e-03
13600,layers.1.out_proj.weights,3.568521e+02,1.022011e+01,2.863963e-02
13600,layers.1.out_proj.log_soft_score_temp,1.209268e+00,3.924489e-03,3.245342e-03
13600,layers.1.out_proj.log_select_temp,6.122297e-01,4.126608e-03,6.740294e-03
13600,layers.1.residual_lut.weights,1.650513e+02,4.817053e+00,2.918520e-02
13600,layers.1.residual_lut.log_soft_score_temp,5.775644e-02,5.680323e-04,9.834960e-03
13600,layers.1.residual_lut.log_select_temp,1.281596e+00,5.403399e-03,4.216148e-03
13600,layers.1.q_norm.weight,9.492373e+00,3.325842e-03,3.503699e-04
13600,layers.1.q_norm.bias,8.544574e-01,2.768192e-03,3.239708e-03
13600,layers.1.k_norm.weight,9.423674e+00,3.569801e-03,3.788120e-04
13600,layers.1.k_norm.bias,1.135050e+00,3.758055e-03,3.310917e-03
13600,layers.2.qk_lut.weights,1.336018e+02,3.454715e+00,2.585830e-02
13600,layers.2.qk_lut.log_soft_score_temp,6.531565e-02,1.831539e-03,2.804135e-02
13600,layers.2.qk_lut.log_select_temp,1.110226e+00,1.241922e-03,1.118621e-03
13600,layers.2.v_lut.weights,1.779477e+02,4.810199e+00,2.703153e-02
13600,layers.2.v_lut.log_soft_score_temp,2.010061e-01,3.179163e-03,1.581625e-02
13600,layers.2.v_lut.log_select_temp,1.392043e+00,1.458168e-03,1.047502e-03
13600,layers.2.out_proj.weights,3.716416e+02,1.022177e+01,2.750438e-02
13600,layers.2.out_proj.log_soft_score_temp,1.125770e+00,4.068255e-03,3.613753e-03
13600,layers.2.out_proj.log_select_temp,7.157416e-01,4.404604e-03,6.153903e-03
13600,layers.2.residual_lut.weights,1.723925e+02,4.825146e+00,2.798930e-02
13600,layers.2.residual_lut.log_soft_score_temp,1.312079e-01,2.295539e-03,1.749544e-02
13600,layers.2.residual_lut.log_select_temp,1.449428e+00,4.417300e-03,3.047616e-03
13600,layers.2.q_norm.weight,9.573069e+00,5.852269e-03,6.113263e-04
13600,layers.2.q_norm.bias,1.073486e+00,3.132599e-03,2.918156e-03
13600,layers.2.k_norm.weight,9.509801e+00,5.634712e-03,5.925163e-04
13600,layers.2.k_norm.bias,1.455629e+00,4.030599e-03,2.768974e-03
13600,layers.3.qk_lut.weights,1.301858e+02,3.453609e+00,2.652831e-02
13600,layers.3.qk_lut.log_soft_score_temp,2.524601e-01,1.054227e-03,4.175817e-03
13600,layers.3.qk_lut.log_select_temp,1.282129e+00,2.873421e-03,2.241132e-03
13600,layers.3.v_lut.weights,1.791898e+02,4.801887e+00,2.679776e-02
13600,layers.3.v_lut.log_soft_score_temp,1.412602e-01,3.401011e-03,2.407622e-02
13600,layers.3.v_lut.log_select_temp,1.403741e+00,2.553821e-03,1.819296e-03
13600,layers.3.out_proj.weights,4.428905e+02,1.040439e+01,2.349202e-02
13600,layers.3.out_proj.log_soft_score_temp,9.844560e-01,5.449474e-03,5.535518e-03
13600,layers.3.out_proj.log_select_temp,1.382805e+00,1.845717e-03,1.334763e-03
13600,layers.3.residual_lut.weights,1.905236e+02,4.845961e+00,2.543496e-02
13600,layers.3.residual_lut.log_soft_score_temp,1.225973e-01,3.702894e-03,3.020372e-02
13600,layers.3.residual_lut.log_select_temp,1.488013e+00,3.758311e-03,2.525726e-03
13600,layers.3.q_norm.weight,1.056403e+01,5.009861e-03,4.742376e-04
13600,layers.3.q_norm.bias,1.256063e+00,5.516908e-03,4.392223e-03
13600,layers.3.k_norm.weight,1.046227e+01,5.494389e-03,5.251624e-04
13600,layers.3.k_norm.bias,1.534812e+00,4.328469e-03,2.820195e-03
13600,layers.4.qk_lut.weights,1.334627e+02,3.478014e+00,2.605981e-02
13600,layers.4.qk_lut.log_soft_score_temp,1.352276e-02,1.560338e-03,1.153861e-01
13600,layers.4.qk_lut.log_select_temp,1.138960e+00,1.849651e-03,1.623983e-03
13600,layers.4.v_lut.weights,1.839705e+02,4.823783e+00,2.622042e-02
13600,layers.4.v_lut.log_soft_score_temp,2.118504e-01,3.688842e-03,1.741249e-02
13600,layers.4.v_lut.log_select_temp,1.259500e+00,1.110673e-03,8.818362e-04
13600,layers.4.out_proj.weights,4.093002e+02,1.036190e+01,2.531613e-02
13600,layers.4.out_proj.log_soft_score_temp,6.659957e-01,4.501760e-03,6.759443e-03
13600,layers.4.out_proj.log_select_temp,1.207877e+00,3.919482e-03,3.244934e-03
13600,layers.4.residual_lut.weights,1.955936e+02,4.861652e+00,2.485588e-02
13600,layers.4.residual_lut.log_soft_score_temp,2.101817e-01,4.280210e-03,2.036433e-02
13600,layers.4.residual_lut.log_select_temp,1.541794e+00,3.622890e-03,2.349788e-03
13600,layers.4.q_norm.weight,9.417208e+00,4.396072e-03,4.668126e-04
13600,layers.4.q_norm.bias,5.348564e-01,2.738032e-03,5.119191e-03
13600,layers.4.k_norm.weight,9.359747e+00,4.275355e-03,4.567810e-04
13600,layers.4.k_norm.bias,8.858559e-01,3.044549e-03,3.436844e-03
13600,layers.5.qk_lut.weights,1.325290e+02,3.483280e+00,2.628316e-02
13600,layers.5.qk_lut.log_soft_score_temp,1.439441e-01,8.774400e-04,6.095701e-03
13600,layers.5.qk_lut.log_select_temp,1.005135e+00,2.285361e-03,2.273687e-03
13600,layers.5.v_lut.weights,1.850391e+02,4.783204e+00,2.584969e-02
13600,layers.5.v_lut.log_soft_score_temp,7.834247e-01,4.066825e-03,5.191086e-03
13600,layers.5.v_lut.log_select_temp,1.262077e+00,1.272202e-03,1.008022e-03
13600,layers.5.out_proj.weights,4.916802e+02,1.084910e+01,2.206535e-02
13600,layers.5.out_proj.log_soft_score_temp,3.140559e-01,3.385991e-03,1.078149e-02
13600,layers.5.out_proj.log_select_temp,1.300465e+00,3.429890e-03,2.637434e-03
13600,layers.5.residual_lut.weights,2.252343e+02,4.952353e+00,2.198756e-02
13600,layers.5.residual_lut.log_soft_score_temp,6.793482e-03,4.421228e-03,6.508044e-01
13600,layers.5.residual_lut.log_select_temp,1.417809e+00,3.128409e-03,2.206509e-03
13600,layers.5.q_norm.weight,8.902895e+00,4.381536e-03,4.921473e-04
13600,layers.5.q_norm.bias,5.047348e-01,4.024791e-03,7.974071e-03
13600,layers.5.k_norm.weight,8.878675e+00,4.502171e-03,5.070768e-04
13600,layers.5.k_norm.bias,5.875855e-01,4.189218e-03,7.129546e-03
13600,ln_final.weight,5.328283e+01,1.343968e-01,2.522329e-03
13600,ln_final.bias,2.315734e+00,1.418604e-02,6.125936e-03
13800,tok_emb_E.weight,2.201015e+02,1.880795e+00,8.545125e-03
13800,emb_resid_lut.weights,2.107128e+02,4.386623e+00,2.081802e-02
13800,emb_resid_lut.log_soft_score_temp,6.264638e-01,1.867235e-03,2.980595e-03
13800,emb_resid_lut.log_select_temp,1.307566e+00,3.242493e-05,2.479792e-05
13800,unembedder.weight,1.691718e+02,2.287384e+00,1.352108e-02
13800,layers.0.qk_lut.weights,1.332013e+02,3.206840e+00,2.407514e-02
13800,layers.0.qk_lut.log_soft_score_temp,8.607627e-01,1.177371e-03,1.367823e-03
13800,layers.0.qk_lut.log_select_temp,9.478366e-01,9.425282e-04,9.943995e-04
13800,layers.0.v_lut.weights,1.831047e+02,4.727053e+00,2.581612e-02
13800,layers.0.v_lut.log_soft_score_temp,3.172980e-01,7.738471e-04,2.438866e-03
13800,layers.0.v_lut.log_select_temp,1.195394e+00,2.332211e-03,1.950998e-03
13800,layers.0.out_proj.weights,3.613635e+02,9.540397e+00,2.640111e-02
13800,layers.0.out_proj.log_soft_score_temp,7.550007e-01,1.384199e-03,1.833374e-03
13800,layers.0.out_proj.log_select_temp,7.149155e-01,5.587876e-03,7.816135e-03
13800,layers.0.residual_lut.weights,1.523886e+02,4.478376e+00,2.938787e-02
13800,layers.0.residual_lut.log_soft_score_temp,2.543166e-01,2.676427e-03,1.052400e-02
13800,layers.0.residual_lut.log_select_temp,4.424439e-01,4.938215e-03,1.116122e-02
13800,layers.0.q_norm.weight,9.022254e+00,3.632743e-03,4.026426e-04
13800,layers.0.q_norm.bias,9.405630e-01,3.207442e-03,3.410130e-03
13800,layers.0.k_norm.weight,8.951054e+00,3.706057e-03,4.140358e-04
13800,layers.0.k_norm.bias,1.604264e+00,4.271601e-03,2.662654e-03
13800,layers.1.qk_lut.weights,1.328943e+02,3.276962e+00,2.465840e-02
13800,layers.1.qk_lut.log_soft_score_temp,1.464485e-01,2.971143e-04,2.028796e-03
13800,layers.1.qk_lut.log_select_temp,1.112215e+00,1.529932e-03,1.375573e-03
13800,layers.1.v_lut.weights,1.766673e+02,4.441217e+00,2.513888e-02
13800,layers.1.v_lut.log_soft_score_temp,1.620113e-01,2.633289e-03,1.625373e-02
13800,layers.1.v_lut.log_select_temp,1.457904e+00,1.290798e-03,8.853791e-04
13800,layers.1.out_proj.weights,3.568476e+02,9.618040e+00,2.695280e-02
13800,layers.1.out_proj.log_soft_score_temp,1.213369e+00,4.100919e-03,3.379778e-03
13800,layers.1.out_proj.log_select_temp,6.157380e-01,3.508270e-03,5.697667e-03
13800,layers.1.residual_lut.weights,1.650949e+02,4.541374e+00,2.750766e-02
13800,layers.1.residual_lut.log_soft_score_temp,5.867867e-02,9.222291e-04,1.571660e-02
13800,layers.1.residual_lut.log_select_temp,1.286850e+00,5.253553e-03,4.082492e-03
13800,layers.1.q_norm.weight,9.495207e+00,4.605388e-03,4.850224e-04
13800,layers.1.q_norm.bias,8.559226e-01,2.739914e-03,3.201123e-03
13800,layers.1.k_norm.weight,9.426565e+00,4.673475e-03,4.957771e-04
13800,layers.1.k_norm.bias,1.136225e+00,3.878118e-03,3.413159e-03
13800,layers.2.qk_lut.weights,1.336598e+02,3.272105e+00,2.448085e-02
13800,layers.2.qk_lut.log_soft_score_temp,6.373549e-02,1.580164e-03,2.479253e-02
13800,layers.2.qk_lut.log_select_temp,1.111585e+00,1.358628e-03,1.222245e-03
13800,layers.2.v_lut.weights,1.780189e+02,4.515808e+00,2.536702e-02
13800,layers.2.v_lut.log_soft_score_temp,2.032536e-01,2.247468e-03,1.105746e-02
13800,layers.2.v_lut.log_select_temp,1.393985e+00,1.941800e-03,1.392985e-03
13800,layers.2.out_proj.weights,3.717310e+02,9.612801e+00,2.585956e-02
13800,layers.2.out_proj.log_soft_score_temp,1.129629e+00,3.858685e-03,3.415888e-03
13800,layers.2.out_proj.log_select_temp,7.195750e-01,3.833473e-03,5.327412e-03
13800,layers.2.residual_lut.weights,1.724258e+02,4.553049e+00,2.640584e-02
13800,layers.2.residual_lut.log_soft_score_temp,1.345712e-01,3.363341e-03,2.499302e-02
13800,layers.2.residual_lut.log_select_temp,1.453049e+00,3.620982e-03,2.491989e-03
13800,layers.2.q_norm.weight,9.574727e+00,3.738828e-03,3.904893e-04
13800,layers.2.q_norm.bias,1.074189e+00,3.060392e-03,2.849026e-03
13800,layers.2.k_norm.weight,9.511508e+00,3.464255e-03,3.642172e-04
13800,layers.2.k_norm.bias,1.456295e+00,3.480043e-03,2.389654e-03
13800,layers.3.qk_lut.weights,1.302373e+02,3.278246e+00,2.517133e-02
13800,layers.3.qk_lut.log_soft_score_temp,2.534323e-01,9.721518e-04,3.835943e-03
13800,layers.3.qk_lut.log_select_temp,1.284254e+00,2.125263e-03,1.654862e-03
13800,layers.3.v_lut.weights,1.792518e+02,4.512075e+00,2.517171e-02
13800,layers.3.v_lut.log_soft_score_temp,1.440234e-01,2.763271e-03,1.918626e-02
13800,layers.3.v_lut.log_select_temp,1.406592e+00,2.851248e-03,2.027060e-03
13800,layers.3.out_proj.weights,4.432931e+02,9.779991e+00,2.206213e-02
13800,layers.3.out_proj.log_soft_score_temp,9.894491e-01,4.993141e-03,5.046384e-03
13800,layers.3.out_proj.log_select_temp,1.385654e+00,2.848625e-03,2.055798e-03
13800,layers.3.residual_lut.weights,1.906033e+02,4.564772e+00,2.394908e-02
13800,layers.3.residual_lut.log_soft_score_temp,1.264312e-01,3.833935e-03,3.032427e-02
13800,layers.3.residual_lut.log_select_temp,1.491828e+00,3.815174e-03,2.557382e-03
13800,layers.3.q_norm.weight,1.056758e+01,5.309800e-03,5.024611e-04
13800,layers.3.q_norm.bias,1.259302e+00,4.608979e-03,3.659947e-03
13800,layers.3.k_norm.weight,1.046575e+01,5.534557e-03,5.288258e-04
13800,layers.3.k_norm.bias,1.536507e+00,4.463227e-03,2.904787e-03
13800,layers.4.qk_lut.weights,1.335200e+02,3.280399e+00,2.456859e-02
13800,layers.4.qk_lut.log_soft_score_temp,1.191781e-02,1.604946e-03,1.346679e-01
13800,layers.4.qk_lut.log_select_temp,1.140497e+00,1.536846e-03,1.347523e-03
13800,layers.4.v_lut.weights,1.840391e+02,4.555087e+00,2.475065e-02
13800,layers.4.v_lut.log_soft_score_temp,2.080796e-01,3.770739e-03,1.812161e-02
13800,layers.4.v_lut.log_select_temp,1.259764e+00,2.641678e-04,2.096962e-04
13800,layers.4.out_proj.weights,4.095735e+02,9.746199e+00,2.379597e-02
13800,layers.4.out_proj.log_soft_score_temp,6.699524e-01,3.956676e-03,5.905906e-03
13800,layers.4.out_proj.log_select_temp,1.211256e+00,3.378510e-03,2.789262e-03
13800,layers.4.residual_lut.weights,1.957057e+02,4.577375e+00,2.338908e-02
13800,layers.4.residual_lut.log_soft_score_temp,2.140915e-01,3.909796e-03,1.826227e-02
13800,layers.4.residual_lut.log_select_temp,1.545857e+00,4.062772e-03,2.628168e-03
13800,layers.4.q_norm.weight,9.419240e+00,4.162113e-03,4.418735e-04
13800,layers.4.q_norm.bias,5.355851e-01,3.060306e-03,5.713949e-03
13800,layers.4.k_norm.weight,9.361514e+00,4.015229e-03,4.289081e-04
13800,layers.4.k_norm.bias,8.871905e-01,3.731649e-03,4.206142e-03
13800,layers.5.qk_lut.weights,1.325887e+02,3.272009e+00,2.467789e-02
13800,layers.5.qk_lut.log_soft_score_temp,1.413158e-01,2.628297e-03,1.859875e-02
13800,layers.5.qk_lut.log_select_temp,1.005590e+00,4.550219e-04,4.524925e-04
13800,layers.5.v_lut.weights,1.851084e+02,4.521272e+00,2.442500e-02
13800,layers.5.v_lut.log_soft_score_temp,7.801802e-01,3.244519e-03,4.158680e-03
13800,layers.5.v_lut.log_select_temp,1.261233e+00,8.440018e-04,6.691879e-04
13800,layers.5.out_proj.weights,4.920274e+02,1.021188e+01,2.075470e-02
13800,layers.5.out_proj.log_soft_score_temp,3.180577e-01,4.001766e-03,1.258189e-02
13800,layers.5.out_proj.log_select_temp,1.303082e+00,2.617002e-03,2.008317e-03
13800,layers.5.residual_lut.weights,2.254292e+02,4.652075e+00,2.063652e-02
13800,layers.5.residual_lut.log_soft_score_temp,2.764831e-03,4.028651e-03,1.457106e+00
13800,layers.5.residual_lut.log_select_temp,1.421696e+00,3.886342e-03,2.733596e-03
13800,layers.5.q_norm.weight,8.906391e+00,5.270131e-03,5.917247e-04
13800,layers.5.q_norm.bias,5.064860e-01,3.272120e-03,6.460435e-03
13800,layers.5.k_norm.weight,8.881961e+00,5.092874e-03,5.733952e-04
13800,layers.5.k_norm.bias,5.879413e-01,3.595534e-03,6.115464e-03
13800,ln_final.weight,5.340947e+01,1.270027e-01,2.377905e-03
13800,ln_final.bias,2.322632e+00,1.381774e-02,5.949173e-03
14000,tok_emb_E.weight,2.201163e+02,1.772376e+00,8.052000e-03
14000,emb_resid_lut.weights,2.107601e+02,4.130448e+00,1.959787e-02
14000,emb_resid_lut.log_soft_score_temp,6.248224e-01,1.641393e-03,2.626975e-03
14000,emb_resid_lut.log_select_temp,1.307612e+00,4.541874e-05,3.473412e-05
14000,unembedder.weight,1.691031e+02,2.159235e+00,1.276874e-02
14000,layers.0.qk_lut.weights,1.332494e+02,2.987211e+00,2.241819e-02
14000,layers.0.qk_lut.log_soft_score_temp,8.619208e-01,1.158118e-03,1.343648e-03
14000,layers.0.qk_lut.log_select_temp,9.487111e-01,8.745193e-04,9.217973e-04
14000,layers.0.v_lut.weights,1.831765e+02,4.463402e+00,2.436667e-02
14000,layers.0.v_lut.log_soft_score_temp,3.182616e-01,9.635985e-04,3.027694e-03
14000,layers.0.v_lut.log_select_temp,1.197824e+00,2.430439e-03,2.029045e-03
14000,layers.0.out_proj.weights,3.614617e+02,9.000397e+00,2.490000e-02
14000,layers.0.out_proj.log_soft_score_temp,7.529727e-01,2.027988e-03,2.693310e-03
14000,layers.0.out_proj.log_select_temp,7.205738e-01,5.658329e-03,7.852531e-03
14000,layers.0.residual_lut.weights,1.523881e+02,4.221278e+00,2.770083e-02
14000,layers.0.residual_lut.log_soft_score_temp,2.504458e-01,3.870755e-03,1.545546e-02
14000,layers.0.residual_lut.log_select_temp,4.480392e-01,5.595297e-03,1.248841e-02
14000,layers.0.q_norm.weight,9.024291e+00,3.970654e-03,4.399962e-04
14000,layers.0.q_norm.bias,9.418851e-01,3.475618e-03,3.690066e-03
14000,layers.0.k_norm.weight,8.952928e+00,3.897526e-03,4.353354e-04
14000,layers.0.k_norm.bias,1.606683e+00,4.383714e-03,2.728425e-03
14000,layers.1.qk_lut.weights,1.329430e+02,3.089311e+00,2.323786e-02
14000,layers.1.qk_lut.log_soft_score_temp,1.454013e-01,1.047239e-03,7.202403e-03
14000,layers.1.qk_lut.log_select_temp,1.113349e+00,1.134515e-03,1.019011e-03
14000,layers.1.v_lut.weights,1.767240e+02,4.195292e+00,2.373923e-02
14000,layers.1.v_lut.log_soft_score_temp,1.650808e-01,3.069535e-03,1.859413e-02
14000,layers.1.v_lut.log_select_temp,1.458538e+00,6.337166e-04,4.344875e-04
14000,layers.1.out_proj.weights,3.568329e+02,9.059575e+00,2.538885e-02
14000,layers.1.out_proj.log_soft_score_temp,1.216744e+00,3.374696e-03,2.773546e-03
14000,layers.1.out_proj.log_select_temp,6.188927e-01,3.154695e-03,5.097322e-03
14000,layers.1.residual_lut.weights,1.651399e+02,4.271997e+00,2.586896e-02
14000,layers.1.residual_lut.log_soft_score_temp,5.808453e-02,5.941391e-04,1.022887e-02
14000,layers.1.residual_lut.log_select_temp,1.292311e+00,5.461335e-03,4.226022e-03
14000,layers.1.q_norm.weight,9.496813e+00,4.176181e-03,4.397456e-04
14000,layers.1.q_norm.bias,8.562757e-01,2.696460e-03,3.149056e-03
14000,layers.1.k_norm.weight,9.428199e+00,4.125800e-03,4.376022e-04
14000,layers.1.k_norm.bias,1.137499e+00,3.955449e-03,3.477321e-03
14000,layers.2.qk_lut.weights,1.337174e+02,3.068086e+00,2.294456e-02
14000,layers.2.qk_lut.log_soft_score_temp,6.189474e-02,1.840748e-03,2.973997e-02
14000,layers.2.qk_lut.log_select_temp,1.112446e+00,8.617640e-04,7.746567e-04
14000,layers.2.v_lut.weights,1.780789e+02,4.250556e+00,2.386895e-02
14000,layers.2.v_lut.log_soft_score_temp,2.060846e-01,2.831027e-03,1.373721e-02
14000,layers.2.v_lut.log_select_temp,1.395341e+00,1.355767e-03,9.716389e-04
14000,layers.2.out_proj.weights,3.718025e+02,9.064205e+00,2.437909e-02
14000,layers.2.out_proj.log_soft_score_temp,1.133606e+00,3.976941e-03,3.508222e-03
14000,layers.2.out_proj.log_select_temp,7.229360e-01,3.360987e-03,4.649079e-03
14000,layers.2.residual_lut.weights,1.724564e+02,4.289371e+00,2.487221e-02
14000,layers.2.residual_lut.log_soft_score_temp,1.369161e-01,2.344877e-03,1.712638e-02
14000,layers.2.residual_lut.log_select_temp,1.456711e+00,3.662109e-03,2.513957e-03
14000,layers.2.q_norm.weight,9.576041e+00,3.464789e-03,3.618185e-04
14000,layers.2.q_norm.bias,1.074965e+00,2.442245e-03,2.271930e-03
14000,layers.2.k_norm.weight,9.512956e+00,3.635671e-03,3.821810e-04
14000,layers.2.k_norm.bias,1.457291e+00,3.218981e-03,2.208881e-03
14000,layers.3.qk_lut.weights,1.302825e+02,3.054475e+00,2.344501e-02
14000,layers.3.qk_lut.log_soft_score_temp,2.545960e-01,1.163691e-03,4.570737e-03
14000,layers.3.qk_lut.log_select_temp,1.285929e+00,1.674533e-03,1.302197e-03
14000,layers.3.v_lut.weights,1.793117e+02,4.245355e+00,2.367584e-02
14000,layers.3.v_lut.log_soft_score_temp,1.465873e-01,2.563834e-03,1.749015e-02
14000,layers.3.v_lut.log_select_temp,1.409338e+00,2.745390e-03,1.948000e-03
14000,layers.3.out_proj.weights,4.436556e+02,9.211497e+00,2.076272e-02
14000,layers.3.out_proj.log_soft_score_temp,9.940614e-01,4.612207e-03,4.639761e-03
14000,layers.3.out_proj.log_select_temp,1.387649e+00,1.994967e-03,1.437660e-03
14000,layers.3.residual_lut.weights,1.906680e+02,4.307463e+00,2.259142e-02
14000,layers.3.residual_lut.log_soft_score_temp,1.301819e-01,3.750652e-03,2.881086e-02
14000,layers.3.residual_lut.log_select_temp,1.494264e+00,2.436161e-03,1.630342e-03
14000,layers.3.q_norm.weight,1.057022e+01,3.984454e-03,3.769507e-04
14000,layers.3.q_norm.bias,1.262617e+00,4.198224e-03,3.325019e-03
14000,layers.3.k_norm.weight,1.046851e+01,4.365067e-03,4.169714e-04
14000,layers.3.k_norm.bias,1.538454e+00,4.215289e-03,2.739951e-03
14000,layers.4.qk_lut.weights,1.335720e+02,3.093874e+00,2.316260e-02
14000,layers.4.qk_lut.log_soft_score_temp,1.106478e-02,8.530254e-04,7.709372e-02
14000,layers.4.qk_lut.log_select_temp,1.142617e+00,2.119899e-03,1.855302e-03
14000,layers.4.v_lut.weights,1.840996e+02,4.296140e+00,2.333596e-02
14000,layers.4.v_lut.log_soft_score_temp,2.051498e-01,2.929881e-03,1.428167e-02
14000,layers.4.v_lut.log_select_temp,1.260907e+00,1.142979e-03,9.064731e-04
14000,layers.4.out_proj.weights,4.098246e+02,9.182358e+00,2.240558e-02
14000,layers.4.out_proj.log_soft_score_temp,6.729108e-01,2.958417e-03,4.396447e-03
14000,layers.4.out_proj.log_select_temp,1.214932e+00,3.676534e-03,3.026122e-03
14000,layers.4.residual_lut.weights,1.958066e+02,4.321872e+00,2.207214e-02
14000,layers.4.residual_lut.log_soft_score_temp,2.176391e-01,3.547624e-03,1.630049e-02
14000,layers.4.residual_lut.log_select_temp,1.549455e+00,3.597736e-03,2.321937e-03
14000,layers.4.q_norm.weight,9.422384e+00,4.783006e-03,5.076216e-04
14000,layers.4.q_norm.bias,5.365860e-01,2.772104e-03,5.166187e-03
14000,layers.4.k_norm.weight,9.364565e+00,4.565701e-03,4.875508e-04
14000,layers.4.k_norm.bias,8.880831e-01,3.161606e-03,3.560034e-03
14000,layers.5.qk_lut.weights,1.326417e+02,3.080281e+00,2.322257e-02
14000,layers.5.qk_lut.log_soft_score_temp,1.399255e-01,1.390249e-03,9.935633e-03
14000,layers.5.qk_lut.log_select_temp,1.007368e+00,1.778603e-03,1.765593e-03
14000,layers.5.v_lut.weights,1.851774e+02,4.270464e+00,2.306148e-02
14000,layers.5.v_lut.log_soft_score_temp,7.768059e-01,3.374219e-03,4.343709e-03
14000,layers.5.v_lut.log_select_temp,1.260332e+00,9.013414e-04,7.151622e-04
14000,layers.5.out_proj.weights,4.923643e+02,9.623754e+00,1.954600e-02
14000,layers.5.out_proj.log_soft_score_temp,3.207152e-01,2.657503e-03,8.286176e-03
14000,layers.5.out_proj.log_select_temp,1.306516e+00,3.434539e-03,2.628776e-03
14000,layers.5.residual_lut.weights,2.256081e+02,4.390129e+00,1.945909e-02
14000,layers.5.residual_lut.log_soft_score_temp,1.111719e-03,3.876550e-03,3.486988e+00
14000,layers.5.residual_lut.log_select_temp,1.425162e+00,3.466725e-03,2.432512e-03
14000,layers.5.q_norm.weight,8.908989e+00,4.215397e-03,4.731623e-04
14000,layers.5.q_norm.bias,5.077282e-01,3.108055e-03,6.121494e-03
14000,layers.5.k_norm.weight,8.884272e+00,4.437000e-03,4.994220e-04
14000,layers.5.k_norm.bias,5.890719e-01,2.954520e-03,5.015550e-03
14000,ln_final.weight,5.352948e+01,1.203168e-01,2.247674e-03
14000,ln_final.bias,2.329488e+00,1.309157e-02,5.619936e-03
14200,tok_emb_E.weight,2.201303e+02,1.671439e+00,7.592955e-03
14200,emb_resid_lut.weights,2.108075e+02,3.902218e+00,1.851081e-02
14200,emb_resid_lut.log_soft_score_temp,6.238033e-01,1.019061e-03,1.633625e-03
14200,emb_resid_lut.log_select_temp,1.308154e+00,5.422831e-04,4.145407e-04
14200,unembedder.weight,1.690322e+02,2.033663e+00,1.203122e-02
14200,layers.0.qk_lut.weights,1.332970e+02,2.837752e+00,2.128895e-02
14200,layers.0.qk_lut.log_soft_score_temp,8.630846e-01,1.163781e-03,1.348397e-03
14200,layers.0.qk_lut.log_select_temp,9.497398e-01,1.028657e-03,1.083094e-03
14200,layers.0.v_lut.weights,1.832375e+02,4.211038e+00,2.298131e-02
14200,layers.0.v_lut.log_soft_score_temp,3.188743e-01,6.127656e-04,1.921652e-03
14200,layers.0.v_lut.log_select_temp,1.199683e+00,1.858711e-03,1.549336e-03
14200,layers.0.out_proj.weights,3.615477e+02,8.499273e+00,2.350803e-02
14200,layers.0.out_proj.log_soft_score_temp,7.517225e-01,1.250207e-03,1.663124e-03
14200,layers.0.out_proj.log_select_temp,7.255968e-01,5.022943e-03,6.922499e-03
14200,layers.0.residual_lut.weights,1.523880e+02,3.984625e+00,2.614789e-02
14200,layers.0.residual_lut.log_soft_score_temp,2.464718e-01,3.974035e-03,1.612369e-02
14200,layers.0.residual_lut.log_select_temp,4.534443e-01,5.405068e-03,1.192003e-02
14200,layers.0.q_norm.weight,9.025885e+00,4.175662e-03,4.626319e-04
14200,layers.0.q_norm.bias,9.428701e-01,3.629225e-03,3.849125e-03
14200,layers.0.k_norm.weight,8.954305e+00,3.904558e-03,4.360537e-04
14200,layers.0.k_norm.bias,1.608816e+00,3.888108e-03,2.416751e-03
14200,layers.1.qk_lut.weights,1.329873e+02,2.919038e+00,2.194976e-02
14200,layers.1.qk_lut.log_soft_score_temp,1.443708e-01,1.030505e-03,7.137903e-03
14200,layers.1.qk_lut.log_select_temp,1.114488e+00,1.139164e-03,1.022141e-03
14200,layers.1.v_lut.weights,1.767791e+02,3.946615e+00,2.232512e-02
14200,layers.1.v_lut.log_soft_score_temp,1.663560e-01,1.275182e-03,7.665378e-03
14200,layers.1.v_lut.log_select_temp,1.460687e+00,2.149224e-03,1.471379e-03
14200,layers.1.out_proj.weights,3.568253e+02,8.561996e+00,2.399492e-02
14200,layers.1.out_proj.log_soft_score_temp,1.219029e+00,2.284765e-03,1.874251e-03
14200,layers.1.out_proj.log_select_temp,6.227447e-01,3.852069e-03,6.185631e-03
14200,layers.1.residual_lut.weights,1.651783e+02,4.036722e+00,2.443857e-02
14200,layers.1.residual_lut.log_soft_score_temp,5.850895e-02,4.244260e-04,7.254036e-03
14200,layers.1.residual_lut.log_select_temp,1.296842e+00,4.530430e-03,3.493434e-03
14200,layers.1.q_norm.weight,9.498820e+00,4.309687e-03,4.537076e-04
14200,layers.1.q_norm.bias,8.567544e-01,2.715186e-03,3.169153e-03
14200,layers.1.k_norm.weight,9.430129e+00,4.278605e-03,4.537165e-04
14200,layers.1.k_norm.bias,1.137986e+00,3.600315e-03,3.163761e-03
14200,layers.2.qk_lut.weights,1.337673e+02,2.913171e+00,2.177789e-02
14200,layers.2.qk_lut.log_soft_score_temp,6.089598e-02,9.987615e-04,1.640111e-02
14200,layers.2.qk_lut.log_select_temp,1.113864e+00,1.417398e-03,1.272506e-03
14200,layers.2.v_lut.weights,1.781339e+02,4.009455e+00,2.250810e-02
14200,layers.2.v_lut.log_soft_score_temp,2.081749e-01,2.090260e-03,1.004089e-02
14200,layers.2.v_lut.log_select_temp,1.396888e+00,1.547456e-03,1.107788e-03
14200,layers.2.out_proj.weights,3.718630e+02,8.562824e+00,2.302683e-02
14200,layers.2.out_proj.log_soft_score_temp,1.137416e+00,3.809690e-03,3.349427e-03
14200,layers.2.out_proj.log_select_temp,7.259859e-01,3.049850e-03,4.200978e-03
14200,layers.2.residual_lut.weights,1.724855e+02,4.053566e+00,2.350092e-02
14200,layers.2.residual_lut.log_soft_score_temp,1.389421e-01,2.026036e-03,1.458187e-02
14200,layers.2.residual_lut.log_select_temp,1.459865e+00,3.153801e-03,2.160337e-03
14200,layers.2.q_norm.weight,9.577155e+00,3.833209e-03,4.002451e-04
14200,layers.2.q_norm.bias,1.075284e+00,2.845607e-03,2.646377e-03
14200,layers.2.k_norm.weight,9.514050e+00,3.786416e-03,3.979815e-04
14200,layers.2.k_norm.bias,1.457960e+00,3.192206e-03,2.189501e-03
14200,layers.3.qk_lut.weights,1.303254e+02,2.911864e+00,2.234302e-02
14200,layers.3.qk_lut.log_soft_score_temp,2.555040e-01,9.080768e-04,3.554060e-03
14200,layers.3.qk_lut.log_select_temp,1.287853e+00,1.924157e-03,1.494081e-03
14200,layers.3.v_lut.weights,1.793646e+02,4.019078e+00,2.240731e-02
14200,layers.3.v_lut.log_soft_score_temp,1.490629e-01,2.475590e-03,1.660769e-02
14200,layers.3.v_lut.log_select_temp,1.411900e+00,2.562284e-03,1.814777e-03
14200,layers.3.out_proj.weights,4.439951e+02,8.699519e+00,1.959373e-02
14200,layers.3.out_proj.log_soft_score_temp,9.982064e-01,4.145026e-03,4.152474e-03
14200,layers.3.out_proj.log_select_temp,1.389930e+00,2.281189e-03,1.641226e-03
14200,layers.3.residual_lut.weights,1.907271e+02,4.072426e+00,2.135211e-02
14200,layers.3.residual_lut.log_soft_score_temp,1.333753e-01,3.193408e-03,2.394303e-02
14200,layers.3.residual_lut.log_select_temp,1.497035e+00,2.771497e-03,1.851323e-03
14200,layers.3.q_norm.weight,1.057312e+01,4.488939e-03,4.245614e-04
14200,layers.3.q_norm.bias,1.265456e+00,4.408685e-03,3.483870e-03
14200,layers.3.k_norm.weight,1.047141e+01,4.886765e-03,4.666769e-04
14200,layers.3.k_norm.bias,1.540573e+00,4.198635e-03,2.725372e-03
14200,layers.4.qk_lut.weights,1.336169e+02,2.924759e+00,2.188915e-02
14200,layers.4.qk_lut.log_soft_score_temp,9.909974e-03,1.154810e-03,1.165301e-01
14200,layers.4.qk_lut.log_select_temp,1.144316e+00,1.699567e-03,1.485225e-03
14200,layers.4.v_lut.weights,1.841527e+02,4.049513e+00,2.198997e-02
14200,layers.4.v_lut.log_soft_score_temp,2.021094e-01,3.040329e-03,1.504298e-02
14200,layers.4.v_lut.log_select_temp,1.261398e+00,4.901886e-04,3.886075e-04
14200,layers.4.out_proj.weights,4.100395e+02,8.678496e+00,2.116502e-02
14200,layers.4.out_proj.log_soft_score_temp,6.763800e-01,3.469169e-03,5.129024e-03
14200,layers.4.out_proj.log_select_temp,1.217132e+00,2.199531e-03,1.807142e-03
14200,layers.4.residual_lut.weights,1.958913e+02,4.078465e+00,2.082005e-02
14200,layers.4.residual_lut.log_soft_score_temp,2.211163e-01,3.477141e-03,1.572540e-02
14200,layers.4.residual_lut.log_select_temp,1.552459e+00,3.004193e-03,1.935119e-03
14200,layers.4.q_norm.weight,9.423585e+00,3.240165e-03,3.438357e-04
14200,layers.4.q_norm.bias,5.369697e-01,2.328865e-03,4.337051e-03
14200,layers.4.k_norm.weight,9.365706e+00,3.276114e-03,3.497989e-04
14200,layers.4.k_norm.bias,8.882772e-01,3.746961e-03,4.218233e-03
14200,layers.5.qk_lut.weights,1.326902e+02,2.900614e+00,2.186005e-02
14200,layers.5.qk_lut.log_soft_score_temp,1.381833e-01,1.742184e-03,1.260777e-02
14200,layers.5.qk_lut.log_select_temp,1.008288e+00,9.199381e-04,9.123761e-04
14200,layers.5.v_lut.weights,1.852307e+02,4.038945e+00,2.180494e-02
14200,layers.5.v_lut.log_soft_score_temp,7.739443e-01,2.861619e-03,3.697448e-03
14200,layers.5.v_lut.log_select_temp,1.259516e+00,8.152723e-04,6.472901e-04
14200,layers.5.out_proj.weights,4.926705e+02,9.090873e+00,1.845224e-02
14200,layers.5.out_proj.log_soft_score_temp,3.236824e-01,2.967209e-03,9.167036e-03
14200,layers.5.out_proj.log_select_temp,1.308882e+00,2.365589e-03,1.807336e-03
14200,layers.5.residual_lut.weights,2.257602e+02,4.144801e+00,1.835931e-02
14200,layers.5.residual_lut.log_soft_score_temp,5.119838e-03,4.008119e-03,7.828606e-01
14200,layers.5.residual_lut.log_select_temp,1.427315e+00,2.152801e-03,1.508287e-03
14200,layers.5.q_norm.weight,8.912070e+00,4.879659e-03,5.475337e-04
14200,layers.5.q_norm.bias,5.092678e-01,3.021799e-03,5.933614e-03
14200,layers.5.k_norm.weight,8.887239e+00,4.537944e-03,5.106134e-04
14200,layers.5.k_norm.bias,5.900124e-01,3.618562e-03,6.133026e-03
14200,ln_final.weight,5.364246e+01,1.132778e-01,2.111719e-03
14200,ln_final.bias,2.335513e+00,1.202819e-02,5.150129e-03
14400,tok_emb_E.weight,2.201427e+02,1.583205e+00,7.191723e-03
14400,emb_resid_lut.weights,2.108482e+02,3.705325e+00,1.757342e-02
14400,emb_resid_lut.log_soft_score_temp,6.230026e-01,8.007288e-04,1.285274e-03
14400,emb_resid_lut.log_select_temp,1.308654e+00,4.998446e-04,3.819533e-04
14400,unembedder.weight,1.689790e+02,1.940832e+00,1.148564e-02
14400,layers.0.qk_lut.weights,1.333379e+02,2.709535e+00,2.032081e-02
14400,layers.0.qk_lut.log_soft_score_temp,8.639059e-01,8.213520e-04,9.507424e-04
14400,layers.0.qk_lut.log_select_temp,9.502859e-01,5.461574e-04,5.747295e-04
14400,layers.0.v_lut.weights,1.832942e+02,3.982769e+00,2.172883e-02
14400,layers.0.v_lut.log_soft_score_temp,3.199015e-01,1.027137e-03,3.210792e-03
14400,layers.0.v_lut.log_select_temp,1.202044e+00,2.361536e-03,1.964600e-03
14400,layers.0.out_proj.weights,3.616254e+02,8.037379e+00,2.222570e-02
14400,layers.0.out_proj.log_soft_score_temp,7.495337e-01,2.188742e-03,2.920138e-03
14400,layers.0.out_proj.log_select_temp,7.308605e-01,5.263746e-03,7.202121e-03
14400,layers.0.residual_lut.weights,1.523827e+02,3.780254e+00,2.480764e-02
14400,layers.0.residual_lut.log_soft_score_temp,2.430650e-01,3.406778e-03,1.401591e-02
14400,layers.0.residual_lut.log_select_temp,4.583379e-01,4.893631e-03,1.067691e-02
14400,layers.0.q_norm.weight,9.028350e+00,4.632469e-03,5.131025e-04
14400,layers.0.q_norm.bias,9.451641e-01,3.477342e-03,3.679088e-03
14400,layers.0.k_norm.weight,8.956534e+00,4.531755e-03,5.059719e-04
14400,layers.0.k_norm.bias,1.611871e+00,4.234199e-03,2.626884e-03
14400,layers.1.qk_lut.weights,1.330306e+02,2.760238e+00,2.074890e-02
14400,layers.1.qk_lut.log_soft_score_temp,1.429201e-01,1.450732e-03,1.015066e-02
14400,layers.1.qk_lut.log_select_temp,1.114913e+00,4.247427e-04,3.809649e-04
14400,layers.1.v_lut.weights,1.768267e+02,3.740984e+00,2.115622e-02
14400,layers.1.v_lut.log_soft_score_temp,1.674595e-01,1.103461e-03,6.589419e-03
14400,layers.1.v_lut.log_select_temp,1.462913e+00,2.225399e-03,1.521211e-03
14400,layers.1.out_proj.weights,3.568076e+02,8.100763e+00,2.270345e-02
14400,layers.1.out_proj.log_soft_score_temp,1.221766e+00,2.737403e-03,2.240529e-03
14400,layers.1.out_proj.log_select_temp,6.262398e-01,3.495038e-03,5.580989e-03
14400,layers.1.residual_lut.weights,1.652097e+02,3.832345e+00,2.319685e-02
14400,layers.1.residual_lut.log_soft_score_temp,5.900409e-02,4.951321e-04,8.391488e-03
14400,layers.1.residual_lut.log_select_temp,1.301152e+00,4.310608e-03,3.312916e-03
14400,layers.1.q_norm.weight,9.500756e+00,3.254853e-03,3.425889e-04
14400,layers.1.q_norm.bias,8.579090e-01,2.599409e-03,3.029936e-03
14400,layers.1.k_norm.weight,9.431940e+00,3.469005e-03,3.677934e-04
14400,layers.1.k_norm.bias,1.138913e+00,2.862613e-03,2.513462e-03
14400,layers.2.qk_lut.weights,1.338095e+02,2.749255e+00,2.054603e-02
14400,layers.2.qk_lut.log_soft_score_temp,5.988788e-02,1.008093e-03,1.683301e-02
14400,layers.2.qk_lut.log_select_temp,1.115125e+00,1.260996e-03,1.130812e-03
14400,layers.2.v_lut.weights,1.781828e+02,3.799832e+00,2.132547e-02
14400,layers.2.v_lut.log_soft_score_temp,2.093580e-01,1.183137e-03,5.651263e-03
14400,layers.2.v_lut.log_select_temp,1.399482e+00,2.594352e-03,1.853794e-03
14400,layers.2.out_proj.weights,3.719123e+02,8.097507e+00,2.177262e-02
14400,layers.2.out_proj.log_soft_score_temp,1.140833e+00,3.417253e-03,2.995403e-03
14400,layers.2.out_proj.log_select_temp,7.294602e-01,3.474295e-03,4.762830e-03
14400,layers.2.residual_lut.weights,1.725070e+02,3.839450e+00,2.225678e-02
14400,layers.2.residual_lut.log_soft_score_temp,1.408708e-01,1.928687e-03,1.369118e-02
14400,layers.2.residual_lut.log_select_temp,1.463378e+00,3.512979e-03,2.400595e-03
14400,layers.2.q_norm.weight,9.579189e+00,3.772285e-03,3.938000e-04
14400,layers.2.q_norm.bias,1.076339e+00,3.491582e-03,3.243943e-03
14400,layers.2.k_norm.weight,9.516168e+00,3.940323e-03,4.140662e-04
14400,layers.2.k_norm.bias,1.458666e+00,2.806731e-03,1.924177e-03
14400,layers.3.qk_lut.weights,1.303619e+02,2.760481e+00,2.117552e-02
14400,layers.3.qk_lut.log_soft_score_temp,2.566726e-01,1.168579e-03,4.552799e-03
14400,layers.3.qk_lut.log_select_temp,1.289590e+00,1.736879e-03,1.346846e-03
14400,layers.3.v_lut.weights,1.794107e+02,3.814246e+00,2.125985e-02
14400,layers.3.v_lut.log_soft_score_temp,1.518624e-01,2.799481e-03,1.843433e-02
14400,layers.3.v_lut.log_select_temp,1.413924e+00,2.024174e-03,1.431600e-03
14400,layers.3.out_proj.weights,4.443025e+02,8.231478e+00,1.852674e-02
14400,layers.3.out_proj.log_soft_score_temp,1.002439e+00,4.232287e-03,4.221991e-03
14400,layers.3.out_proj.log_select_temp,1.391189e+00,1.259208e-03,9.051304e-04
14400,layers.3.residual_lut.weights,1.907767e+02,3.851752e+00,2.018984e-02
14400,layers.3.residual_lut.log_soft_score_temp,1.369012e-01,3.525972e-03,2.575559e-02
14400,layers.3.residual_lut.log_select_temp,1.499736e+00,2.700806e-03,1.800854e-03
14400,layers.3.q_norm.weight,1.057481e+01,4.124933e-03,3.900716e-04
14400,layers.3.q_norm.bias,1.268377e+00,4.173760e-03,3.290630e-03
14400,layers.3.k_norm.weight,1.047325e+01,4.332297e-03,4.136536e-04
14400,layers.3.k_norm.bias,1.541446e+00,3.554411e-03,2.305893e-03
14400,layers.4.qk_lut.weights,1.336598e+02,2.774266e+00,2.075618e-02
14400,layers.4.qk_lut.log_soft_score_temp,8.666339e-03,1.243635e-03,1.435018e-01
14400,layers.4.qk_lut.log_select_temp,1.145570e+00,1.253843e-03,1.094515e-03
14400,layers.4.v_lut.weights,1.842023e+02,3.839176e+00,2.084218e-02
14400,layers.4.v_lut.log_soft_score_temp,1.990820e-01,3.027424e-03,1.520692e-02
14400,layers.4.v_lut.log_select_temp,1.261582e+00,1.848936e-04,1.465569e-04
14400,layers.4.out_proj.weights,4.102495e+02,8.199583e+00,1.998682e-02
14400,layers.4.out_proj.log_soft_score_temp,6.793924e-01,3.012419e-03,4.433989e-03
14400,layers.4.out_proj.log_select_temp,1.220213e+00,3.081203e-03,2.525135e-03
14400,layers.4.residual_lut.weights,1.959690e+02,3.863994e+00,1.971737e-02
14400,layers.4.residual_lut.log_soft_score_temp,2.243409e-01,3.224567e-03,1.437351e-02
14400,layers.4.residual_lut.log_select_temp,1.555550e+00,3.090739e-03,1.986911e-03
14400,layers.4.q_norm.weight,9.424693e+00,3.796019e-03,4.027738e-04
14400,layers.4.q_norm.bias,5.370807e-01,2.855777e-03,5.317221e-03
14400,layers.4.k_norm.weight,9.366801e+00,3.853218e-03,4.113697e-04
14400,layers.4.k_norm.bias,8.882644e-01,3.713852e-03,4.181021e-03
14400,layers.5.qk_lut.weights,1.327322e+02,2.751788e+00,2.073188e-02
14400,layers.5.qk_lut.log_soft_score_temp,1.371369e-01,1.046404e-03,7.630361e-03
14400,layers.5.qk_lut.log_select_temp,1.009805e+00,1.517177e-03,1.502444e-03
14400,layers.5.v_lut.weights,1.852756e+02,3.828277e+00,2.066261e-02
14400,layers.5.v_lut.log_soft_score_temp,7.708448e-01,3.099561e-03,4.020992e-03
14400,layers.5.v_lut.log_select_temp,1.258590e+00,9.266138e-04,7.362319e-04
14400,layers.5.out_proj.weights,4.929622e+02,8.568951e+00,1.738257e-02
14400,layers.5.out_proj.log_soft_score_temp,3.262140e-01,2.531618e-03,7.760604e-03
14400,layers.5.out_proj.log_select_temp,1.311732e+00,2.849936e-03,2.172652e-03
14400,layers.5.residual_lut.weights,2.259146e+02,3.925009e+00,1.737386e-02
14400,layers.5.residual_lut.log_soft_score_temp,8.433328e-03,3.313490e-03,3.929042e-01
14400,layers.5.residual_lut.log_select_temp,1.430478e+00,3.162503e-03,2.210802e-03
14400,layers.5.q_norm.weight,8.914424e+00,3.651816e-03,4.096525e-04
14400,layers.5.q_norm.bias,5.103197e-01,3.077391e-03,6.030319e-03
14400,layers.5.k_norm.weight,8.889456e+00,4.615101e-03,5.191658e-04
14400,layers.5.k_norm.bias,5.909195e-01,3.085767e-03,5.221976e-03
14400,ln_final.weight,5.375012e+01,1.079439e-01,2.008255e-03
14400,ln_final.bias,2.341338e+00,1.130804e-02,4.829733e-03
14600,tok_emb_E.weight,2.201541e+02,1.502234e+00,6.823556e-03
14600,emb_resid_lut.weights,2.108810e+02,3.531874e+00,1.674819e-02
14600,emb_resid_lut.log_soft_score_temp,6.219158e-01,1.086771e-03,1.747458e-03
14600,emb_resid_lut.log_select_temp,1.308935e+00,2.814531e-04,2.150245e-04
14600,unembedder.weight,1.689204e+02,1.823270e+00,1.079367e-02
14600,layers.0.qk_lut.weights,1.333764e+02,2.551484e+00,1.912994e-02
14600,layers.0.qk_lut.log_soft_score_temp,8.649728e-01,1.066923e-03,1.233476e-03
14600,layers.0.qk_lut.log_select_temp,9.511070e-01,8.211136e-04,8.633241e-04
14600,layers.0.v_lut.weights,1.833459e+02,3.792440e+00,2.068461e-02
14600,layers.0.v_lut.log_soft_score_temp,3.207152e-01,8.137226e-04,2.537213e-03
14600,layers.0.v_lut.log_select_temp,1.203987e+00,1.942873e-03,1.613699e-03
14600,layers.0.out_proj.weights,3.616968e+02,7.635228e+00,2.110947e-02
14600,layers.0.out_proj.log_soft_score_temp,7.472383e-01,2.295375e-03,3.071811e-03
14600,layers.0.out_proj.log_select_temp,7.358108e-01,4.950225e-03,6.727579e-03
14600,layers.0.residual_lut.weights,1.523765e+02,3.596120e+00,2.360022e-02
14600,layers.0.residual_lut.log_soft_score_temp,2.396074e-01,3.457636e-03,1.443042e-02
14600,layers.0.residual_lut.log_select_temp,4.631845e-01,4.846573e-03,1.046359e-02
14600,layers.0.q_norm.weight,9.030089e+00,3.081467e-03,3.412444e-04
14600,layers.0.q_norm.bias,9.454063e-01,2.694800e-03,2.850415e-03
14600,layers.0.k_norm.weight,8.958119e+00,2.893060e-03,3.229539e-04
14600,layers.0.k_norm.bias,1.613856e+00,3.483507e-03,2.158499e-03
14600,layers.1.qk_lut.weights,1.330666e+02,2.626167e+00,1.973573e-02
14600,layers.1.qk_lut.log_soft_score_temp,1.421746e-01,7.454157e-04,5.242958e-03
14600,layers.1.qk_lut.log_select_temp,1.115869e+00,9.555817e-04,8.563568e-04
14600,layers.1.v_lut.weights,1.768658e+02,3.552887e+00,2.008804e-02
14600,layers.1.v_lut.log_soft_score_temp,1.698621e-01,2.402574e-03,1.414426e-02
14600,layers.1.v_lut.log_select_temp,1.463600e+00,6.874800e-04,4.697184e-04
14600,layers.1.out_proj.weights,3.567770e+02,7.689172e+00,2.155176e-02
14600,layers.1.out_proj.log_soft_score_temp,1.224957e+00,3.191352e-03,2.605276e-03
14600,layers.1.out_proj.log_select_temp,6.293514e-01,3.111660e-03,4.944234e-03
14600,layers.1.residual_lut.weights,1.652390e+02,3.639836e+00,2.202771e-02
14600,layers.1.residual_lut.log_soft_score_temp,5.912566e-02,1.215748e-04,2.056211e-03
14600,layers.1.residual_lut.log_select_temp,1.305497e+00,4.345059e-03,3.328279e-03
14600,layers.1.q_norm.weight,9.501578e+00,3.012637e-03,3.170670e-04
14600,layers.1.q_norm.bias,8.584141e-01,2.414027e-03,2.812194e-03
14600,layers.1.k_norm.weight,9.432902e+00,3.108894e-03,3.295798e-04
14600,layers.1.k_norm.bias,1.139421e+00,3.423410e-03,3.004517e-03
14600,layers.2.qk_lut.weights,1.338473e+02,2.599081e+00,1.941825e-02
14600,layers.2.qk_lut.log_soft_score_temp,5.868910e-02,1.198787e-03,2.042606e-02
14600,layers.2.qk_lut.log_select_temp,1.116123e+00,9.986162e-04,8.947185e-04
14600,layers.2.v_lut.weights,1.782294e+02,3.620128e+00,2.031162e-02
14600,layers.2.v_lut.log_soft_score_temp,2.103199e-01,9.618998e-04,4.573508e-03
14600,layers.2.v_lut.log_select_temp,1.401958e+00,2.475500e-03,1.765745e-03
14600,layers.2.out_proj.weights,3.719581e+02,7.682668e+00,2.065466e-02
14600,layers.2.out_proj.log_soft_score_temp,1.143442e+00,2.609372e-03,2.282032e-03
14600,layers.2.out_proj.log_select_temp,7.327058e-01,3.245592e-03,4.429598e-03
14600,layers.2.residual_lut.weights,1.725279e+02,3.653204e+00,2.117458e-02
14600,layers.2.residual_lut.log_soft_score_temp,1.420750e-01,1.204222e-03,8.475962e-03
14600,layers.2.residual_lut.log_select_temp,1.466907e+00,3.528714e-03,2.405548e-03
14600,layers.2.q_norm.weight,9.581065e+00,3.397394e-03,3.545946e-04
14600,layers.2.q_norm.bias,1.076847e+00,2.222449e-03,2.063849e-03
14600,layers.2.k_norm.weight,9.517971e+00,3.033486e-03,3.187114e-04
14600,layers.2.k_norm.bias,1.459767e+00,3.155342e-03,2.161538e-03
14600,layers.3.qk_lut.weights,1.303975e+02,2.617867e+00,2.007605e-02
14600,layers.3.qk_lut.log_soft_score_temp,2.573575e-01,6.848872e-04,2.661229e-03
14600,layers.3.qk_lut.log_select_temp,1.291653e+00,2.063036e-03,1.597206e-03
14600,layers.3.v_lut.weights,1.794541e+02,3.619166e+00,2.016765e-02
14600,layers.3.v_lut.log_soft_score_temp,1.539026e-01,2.040297e-03,1.325706e-02
14600,layers.3.v_lut.log_select_temp,1.416223e+00,2.299070e-03,1.623381e-03
14600,layers.3.out_proj.weights,4.445976e+02,7.807295e+00,1.756036e-02
14600,layers.3.out_proj.log_soft_score_temp,1.006428e+00,3.989339e-03,3.963859e-03
14600,layers.3.out_proj.log_select_temp,1.393443e+00,2.253652e-03,1.617326e-03
14600,layers.3.residual_lut.weights,1.908242e+02,3.669103e+00,1.922766e-02
14600,layers.3.residual_lut.log_soft_score_temp,1.398397e-01,2.938464e-03,2.101309e-02
14600,layers.3.residual_lut.log_select_temp,1.502734e+00,2.997875e-03,1.994947e-03
14600,layers.3.q_norm.weight,1.057850e+01,4.441847e-03,4.198940e-04
14600,layers.3.q_norm.bias,1.271125e+00,3.805642e-03,2.993916e-03
14600,layers.3.k_norm.weight,1.047698e+01,4.462556e-03,4.259389e-04
14600,layers.3.k_norm.bias,1.543311e+00,3.868479e-03,2.506611e-03
14600,layers.4.qk_lut.weights,1.336949e+02,2.630155e+00,1.967281e-02
14600,layers.4.qk_lut.log_soft_score_temp,7.339562e-03,1.326778e-03,1.807707e-01
14600,layers.4.qk_lut.log_select_temp,1.146527e+00,9.567738e-04,8.344974e-04
14600,layers.4.v_lut.weights,1.842470e+02,3.651947e+00,1.982093e-02
14600,layers.4.v_lut.log_soft_score_temp,1.962128e-01,2.869233e-03,1.462307e-02
14600,layers.4.v_lut.log_select_temp,1.262036e+00,4.534721e-04,3.593179e-04
14600,layers.4.out_proj.weights,4.104380e+02,7.779486e+00,1.895411e-02
14600,layers.4.out_proj.log_soft_score_temp,6.825026e-01,3.110170e-03,4.557009e-03
14600,layers.4.out_proj.log_select_temp,1.222664e+00,2.450824e-03,2.004495e-03
14600,layers.4.residual_lut.weights,1.960396e+02,3.670898e+00,1.872528e-02
14600,layers.4.residual_lut.log_soft_score_temp,2.279407e-01,3.599808e-03,1.579274e-02
14600,layers.4.residual_lut.log_select_temp,1.558472e+00,2.922535e-03,1.875256e-03
14600,layers.4.q_norm.weight,9.426214e+00,3.431267e-03,3.640132e-04
14600,layers.4.q_norm.bias,5.377281e-01,2.537662e-03,4.719229e-03
14600,layers.4.k_norm.weight,9.368230e+00,3.450477e-03,3.683168e-04
14600,layers.4.k_norm.bias,8.896720e-01,3.533146e-03,3.971290e-03
14600,layers.5.qk_lut.weights,1.327732e+02,2.605819e+00,1.962609e-02
14600,layers.5.qk_lut.log_soft_score_temp,1.353219e-01,1.815051e-03,1.341284e-02
14600,layers.5.qk_lut.log_select_temp,1.010467e+00,6.612539e-04,6.544045e-04
14600,layers.5.v_lut.weights,1.853222e+02,3.631920e+00,1.959787e-02
14600,layers.5.v_lut.log_soft_score_temp,7.674825e-01,3.362238e-03,4.380866e-03
14600,layers.5.v_lut.log_select_temp,1.257185e+00,1.404285e-03,1.117007e-03
14600,layers.5.out_proj.weights,4.932290e+02,8.138337e+00,1.650012e-02
14600,layers.5.out_proj.log_soft_score_temp,3.284210e-01,2.206951e-03,6.719885e-03
14600,layers.5.out_proj.log_select_temp,1.313999e+00,2.266645e-03,1.724998e-03
14600,layers.5.residual_lut.weights,2.260552e+02,3.735313e+00,1.652390e-02
14600,layers.5.residual_lut.log_soft_score_temp,1.181546e-02,3.382130e-03,2.862462e-01
14600,layers.5.residual_lut.log_select_temp,1.433165e+00,2.687097e-03,1.874939e-03
14600,layers.5.q_norm.weight,8.915764e+00,3.218482e-03,3.609879e-04
14600,layers.5.q_norm.bias,5.115874e-01,2.561351e-03,5.006673e-03
14600,layers.5.k_norm.weight,8.890653e+00,2.894481e-03,3.255645e-04
14600,layers.5.k_norm.bias,5.921996e-01,2.907161e-03,4.909089e-03
14600,ln_final.weight,5.385236e+01,1.025366e-01,1.904031e-03
14600,ln_final.bias,2.347372e+00,1.138009e-02,4.848012e-03
14800,tok_emb_E.weight,2.201645e+02,1.431804e+00,6.503337e-03
14800,emb_resid_lut.weights,2.109118e+02,3.368398e+00,1.597065e-02
14800,emb_resid_lut.log_soft_score_temp,6.214245e-01,4.913211e-04,7.906368e-04
14800,emb_resid_lut.log_select_temp,1.309547e+00,6.116629e-04,4.670798e-04
14800,unembedder.weight,1.688754e+02,1.753832e+00,1.038536e-02
14800,layers.0.qk_lut.weights,1.334115e+02,2.435360e+00,1.825449e-02
14800,layers.0.qk_lut.log_soft_score_temp,8.661191e-01,1.146257e-03,1.323440e-03
14800,layers.0.qk_lut.log_select_temp,9.519355e-01,8.284450e-04,8.702743e-04
14800,layers.0.v_lut.weights,1.833930e+02,3.607826e+00,1.967265e-02
14800,layers.0.v_lut.log_soft_score_temp,3.213906e-01,6.753802e-04,2.101431e-03
14800,layers.0.v_lut.log_select_temp,1.205562e+00,1.574993e-03,1.306439e-03
14800,layers.0.out_proj.weights,3.617585e+02,7.272062e+00,2.010198e-02
14800,layers.0.out_proj.log_soft_score_temp,7.453037e-01,1.934648e-03,2.595784e-03
14800,layers.0.out_proj.log_select_temp,7.405308e-01,4.720032e-03,6.373850e-03
14800,layers.0.residual_lut.weights,1.523702e+02,3.428998e+00,2.250438e-02
14800,layers.0.residual_lut.log_soft_score_temp,2.358501e-01,3.757283e-03,1.593081e-02
14800,layers.0.residual_lut.log_select_temp,4.681406e-01,4.956096e-03,1.058677e-02
14800,layers.0.q_norm.weight,9.032325e+00,3.501064e-03,3.876149e-04
14800,layers.0.q_norm.bias,9.466628e-01,2.792855e-03,2.950211e-03
14800,layers.0.k_norm.weight,8.960147e+00,3.446361e-03,3.846322e-04
14800,layers.0.k_norm.bias,1.616383e+00,3.319158e-03,2.053448e-03
14800,layers.1.qk_lut.weights,1.331022e+02,2.509046e+00,1.885051e-02
14800,layers.1.qk_lut.log_soft_score_temp,1.418019e-01,3.727376e-04,2.628580e-03
14800,layers.1.qk_lut.log_select_temp,1.117046e+00,1.177430e-03,1.054057e-03
14800,layers.1.v_lut.weights,1.769059e+02,3.396475e+00,1.919932e-02
14800,layers.1.v_lut.log_soft_score_temp,1.710310e-01,1.168981e-03,6.834907e-03
14800,layers.1.v_lut.log_select_temp,1.465337e+00,1.736522e-03,1.185067e-03
14800,layers.1.out_proj.weights,3.567522e+02,7.318650e+00,2.051466e-02
14800,layers.1.out_proj.log_soft_score_temp,1.227508e+00,2.550602e-03,2.077870e-03
14800,layers.1.out_proj.log_select_temp,6.325603e-01,3.208816e-03,5.072744e-03
14800,layers.1.residual_lut.weights,1.652639e+02,3.465968e+00,2.097232e-02
14800,layers.1.residual_lut.log_soft_score_temp,5.974334e-02,6.176755e-04,1.033882e-02
14800,layers.1.residual_lut.log_select_temp,1.309097e+00,3.600001e-03,2.749988e-03
14800,layers.1.q_norm.weight,9.502439e+00,3.131646e-03,3.295623e-04
14800,layers.1.q_norm.bias,8.589663e-01,2.698318e-03,3.141355e-03
14800,layers.1.k_norm.weight,9.433792e+00,3.075493e-03,3.260081e-04
14800,layers.1.k_norm.bias,1.139821e+00,2.974729e-03,2.609820e-03
14800,layers.2.qk_lut.weights,1.338846e+02,2.496420e+00,1.864605e-02
14800,layers.2.qk_lut.log_soft_score_temp,5.801093e-02,6.781667e-04,1.169033e-02
14800,layers.2.qk_lut.log_select_temp,1.117549e+00,1.425385e-03,1.275457e-03
14800,layers.2.v_lut.weights,1.782703e+02,3.445978e+00,1.933008e-02
14800,layers.2.v_lut.log_soft_score_temp,2.124661e-01,2.146199e-03,1.010137e-02
14800,layers.2.v_lut.log_select_temp,1.403237e+00,1.278520e-03,9.111220e-04
14800,layers.2.out_proj.weights,3.719943e+02,7.318917e+00,1.967481e-02
14800,layers.2.out_proj.log_soft_score_temp,1.146469e+00,3.027081e-03,2.640351e-03
14800,layers.2.out_proj.log_select_temp,7.352994e-01,2.593637e-03,3.527320e-03
14800,layers.2.residual_lut.weights,1.725416e+02,3.474442e+00,2.013684e-02
14800,layers.2.residual_lut.log_soft_score_temp,1.441196e-01,2.044603e-03,1.418685e-02
14800,layers.2.residual_lut.log_select_temp,1.469745e+00,2.838016e-03,1.930958e-03
14800,layers.2.q_norm.weight,9.582500e+00,3.371133e-03,3.518011e-04
14800,layers.2.q_norm.bias,1.077246e+00,2.092281e-03,1.942250e-03
14800,layers.2.k_norm.weight,9.519382e+00,3.229658e-03,3.392719e-04
14800,layers.2.k_norm.bias,1.460729e+00,3.255008e-03,2.228345e-03
14800,layers.3.qk_lut.weights,1.304303e+02,2.495260e+00,1.913098e-02
14800,layers.3.qk_lut.log_soft_score_temp,2.582726e-01,9.150803e-04,3.543079e-03
14800,layers.3.qk_lut.log_select_temp,1.293170e+00,1.517296e-03,1.173315e-03
14800,layers.3.v_lut.weights,1.794897e+02,3.462462e+00,1.929058e-02
14800,layers.3.v_lut.log_soft_score_temp,1.561256e-01,2.222940e-03,1.423815e-02
14800,layers.3.v_lut.log_select_temp,1.418230e+00,2.006650e-03,1.414897e-03
14800,layers.3.out_proj.weights,4.448716e+02,7.435030e+00,1.671275e-02
14800,layers.3.out_proj.log_soft_score_temp,1.010130e+00,3.701568e-03,3.664448e-03
14800,layers.3.out_proj.log_select_temp,1.395281e+00,1.838326e-03,1.317531e-03
14800,layers.3.residual_lut.weights,1.908643e+02,3.491107e+00,1.829104e-02
14800,layers.3.residual_lut.log_soft_score_temp,1.430428e-01,3.203094e-03,2.239256e-02
14800,layers.3.residual_lut.log_select_temp,1.505054e+00,2.319455e-03,1.541111e-03
14800,layers.3.q_norm.weight,1.058002e+01,3.387268e-03,3.201570e-04
14800,layers.3.q_norm.bias,1.273406e+00,3.682475e-03,2.891832e-03
14800,layers.3.k_norm.weight,1.047837e+01,3.668903e-03,3.501407e-04
14800,layers.3.k_norm.bias,1.544730e+00,3.701385e-03,2.396138e-03
14800,layers.4.qk_lut.weights,1.337285e+02,2.491674e+00,1.863233e-02
14800,layers.4.qk_lut.log_soft_score_temp,6.553523e-03,7.860390e-04,1.199415e-01
14800,layers.4.qk_lut.log_select_temp,1.148000e+00,1.473427e-03,1.283472e-03
14800,layers.4.v_lut.weights,1.842868e+02,3.479879e+00,1.888296e-02
14800,layers.4.v_lut.log_soft_score_temp,1.933887e-01,2.824068e-03,1.460307e-02
14800,layers.4.v_lut.log_select_temp,1.262527e+00,4.913807e-04,3.892040e-04
14800,layers.4.out_proj.weights,4.106174e+02,7.406951e+00,1.803857e-02
14800,layers.4.out_proj.log_soft_score_temp,6.847099e-01,2.207339e-03,3.223758e-03
14800,layers.4.out_proj.log_select_temp,1.225618e+00,2.953887e-03,2.410121e-03
14800,layers.4.residual_lut.weights,1.961049e+02,3.500973e+00,1.785255e-02
14800,layers.4.residual_lut.log_soft_score_temp,2.311080e-01,3.167316e-03,1.370492e-02
14800,layers.4.residual_lut.log_select_temp,1.561136e+00,2.663732e-03,1.706278e-03
14800,layers.4.q_norm.weight,9.427974e+00,3.238671e-03,3.435172e-04
14800,layers.4.q_norm.bias,5.385221e-01,2.421785e-03,4.497095e-03
14800,layers.4.k_norm.weight,9.369973e+00,3.336726e-03,3.561084e-04
14800,layers.4.k_norm.bias,8.895976e-01,2.617945e-03,2.942842e-03
14800,layers.5.qk_lut.weights,1.328092e+02,2.489429e+00,1.874440e-02
14800,layers.5.qk_lut.log_soft_score_temp,1.339989e-01,1.322985e-03,9.873102e-03
14800,layers.5.qk_lut.log_select_temp,1.011556e+00,1.089692e-03,1.077243e-03
14800,layers.5.v_lut.weights,1.853576e+02,3.459001e+00,1.866123e-02
14800,layers.5.v_lut.log_soft_score_temp,7.650145e-01,2.468050e-03,3.226148e-03
14800,layers.5.v_lut.log_select_temp,1.256774e+00,4.110336e-04,3.270545e-04
14800,layers.5.out_proj.weights,4.934665e+02,7.753274e+00,1.571185e-02
14800,layers.5.out_proj.log_soft_score_temp,3.311095e-01,2.688527e-03,8.119752e-03
14800,layers.5.out_proj.log_select_temp,1.315971e+00,1.972675e-03,1.499026e-03
14800,layers.5.residual_lut.weights,2.261877e+02,3.553497e+00,1.571039e-02
14800,layers.5.residual_lut.log_soft_score_temp,1.467540e-02,2.859943e-03,1.948800e-01
14800,layers.5.residual_lut.log_select_temp,1.436031e+00,2.866268e-03,1.995965e-03
14800,layers.5.q_norm.weight,8.918672e+00,4.316033e-03,4.839323e-04
14800,layers.5.q_norm.bias,5.126641e-01,2.575664e-03,5.024076e-03
14800,layers.5.k_norm.weight,8.893476e+00,4.547102e-03,5.112851e-04
14800,layers.5.k_norm.bias,5.929325e-01,2.977734e-03,5.022046e-03
14800,ln_final.weight,5.394939e+01,9.731172e-02,1.803759e-03
14800,ln_final.bias,2.352900e+00,1.092741e-02,4.644232e-03
15000,tok_emb_E.weight,2.201744e+02,1.367316e+00,6.210150e-03
15000,emb_resid_lut.weights,2.109392e+02,3.230195e+00,1.531339e-02
15000,emb_resid_lut.log_soft_score_temp,6.199379e-01,1.486599e-03,2.397981e-03
15000,emb_resid_lut.log_select_temp,1.309307e+00,2.402067e-04,1.834610e-04
15000,unembedder.weight,1.688356e+02,1.693218e+00,1.002880e-02
15000,layers.0.qk_lut.weights,1.334415e+02,2.342090e+00,1.755143e-02
15000,layers.0.qk_lut.log_soft_score_temp,8.668756e-01,7.565022e-04,8.726767e-04
15000,layers.0.qk_lut.log_select_temp,9.525002e-01,5.646944e-04,5.928549e-04
15000,layers.0.v_lut.weights,1.834352e+02,3.457518e+00,1.884872e-02
15000,layers.0.v_lut.log_soft_score_temp,3.224643e-01,1.073718e-03,3.329727e-03
15000,layers.0.v_lut.log_select_temp,1.207348e+00,1.785755e-03,1.479072e-03
15000,layers.0.out_proj.weights,3.618135e+02,6.970178e+00,1.926456e-02
15000,layers.0.out_proj.log_soft_score_temp,7.436109e-01,1.692832e-03,2.276502e-03
15000,layers.0.out_proj.log_select_temp,7.449948e-01,4.463971e-03,5.991949e-03
15000,layers.0.residual_lut.weights,1.523618e+02,3.287650e+00,2.157792e-02
15000,layers.0.residual_lut.log_soft_score_temp,2.326080e-01,3.242090e-03,1.393800e-02
15000,layers.0.residual_lut.log_select_temp,4.726265e-01,4.485875e-03,9.491375e-03
15000,layers.0.q_norm.weight,9.033909e+00,3.245931e-03,3.593053e-04
15000,layers.0.q_norm.bias,9.476288e-01,3.018316e-03,3.185125e-03
15000,layers.0.k_norm.weight,8.961567e+00,3.092264e-03,3.450584e-04
15000,layers.0.k_norm.bias,1.618398e+00,3.263709e-03,2.016630e-03
15000,layers.1.qk_lut.weights,1.331349e+02,2.398216e+00,1.801343e-02
15000,layers.1.qk_lut.log_soft_score_temp,1.407717e-01,1.030236e-03,7.318493e-03
15000,layers.1.qk_lut.log_select_temp,1.117628e+00,5.822182e-04,5.209408e-04
15000,layers.1.v_lut.weights,1.769383e+02,3.238756e+00,1.830444e-02
15000,layers.1.v_lut.log_soft_score_temp,1.724871e-01,1.456052e-03,8.441513e-03
15000,layers.1.v_lut.log_select_temp,1.466734e+00,1.396894e-03,9.523845e-04
15000,layers.1.out_proj.weights,3.567180e+02,7.007979e+00,1.964571e-02
15000,layers.1.out_proj.log_soft_score_temp,1.230205e+00,2.697110e-03,2.192407e-03
15000,layers.1.out_proj.log_select_temp,6.353943e-01,2.834082e-03,4.460351e-03
15000,layers.1.residual_lut.weights,1.652857e+02,3.321693e+00,2.009668e-02
15000,layers.1.residual_lut.log_soft_score_temp,5.992393e-02,1.805909e-04,3.013669e-03
15000,layers.1.residual_lut.log_select_temp,1.313071e+00,3.973961e-03,3.026463e-03
15000,layers.1.q_norm.weight,9.503955e+00,3.328566e-03,3.502296e-04
15000,layers.1.q_norm.bias,8.598584e-01,2.170190e-03,2.523892e-03
15000,layers.1.k_norm.weight,9.435164e+00,3.280995e-03,3.477411e-04
15000,layers.1.k_norm.bias,1.140778e+00,2.634633e-03,2.309506e-03
15000,layers.2.qk_lut.weights,1.339228e+02,2.388094e+00,1.783188e-02
15000,layers.2.qk_lut.log_soft_score_temp,5.690977e-02,1.101159e-03,1.934920e-02
15000,layers.2.qk_lut.log_select_temp,1.118468e+00,9.191036e-04,8.217524e-04
15000,layers.2.v_lut.weights,1.783068e+02,3.306116e+00,1.854173e-02
15000,layers.2.v_lut.log_soft_score_temp,2.145105e-01,2.044335e-03,9.530235e-03
15000,layers.2.v_lut.log_select_temp,1.404721e+00,1.484513e-03,1.056803e-03
15000,layers.2.out_proj.weights,3.720250e+02,7.005976e+00,1.883200e-02
15000,layers.2.out_proj.log_soft_score_temp,1.149217e+00,2.747655e-03,2.390893e-03
15000,layers.2.out_proj.log_select_temp,7.381549e-01,2.855480e-03,3.868402e-03
15000,layers.2.residual_lut.weights,1.725544e+02,3.329984e+00,1.929817e-02
15000,layers.2.residual_lut.log_soft_score_temp,1.457285e-01,1.608923e-03,1.104055e-02
15000,layers.2.residual_lut.log_select_temp,1.472559e+00,2.814531e-03,1.911319e-03
15000,layers.2.q_norm.weight,9.583727e+00,3.210048e-03,3.349477e-04
15000,layers.2.q_norm.bias,1.078437e+00,2.644946e-03,2.452572e-03
15000,layers.2.k_norm.weight,9.520720e+00,3.277416e-03,3.442403e-04
15000,layers.2.k_norm.bias,1.461147e+00,2.525053e-03,1.728130e-03
15000,layers.3.qk_lut.weights,1.304601e+02,2.387341e+00,1.829940e-02
15000,layers.3.qk_lut.log_soft_score_temp,2.590102e-01,7.376075e-04,2.847793e-03
15000,layers.3.qk_lut.log_select_temp,1.294615e+00,1.444817e-03,1.116020e-03
15000,layers.3.v_lut.weights,1.795254e+02,3.305573e+00,1.841284e-02
15000,layers.3.v_lut.log_soft_score_temp,1.579154e-01,1.789853e-03,1.133425e-02
15000,layers.3.v_lut.log_select_temp,1.420279e+00,2.048969e-03,1.442653e-03
15000,layers.3.out_proj.weights,4.451346e+02,7.118568e+00,1.599195e-02
15000,layers.3.out_proj.log_soft_score_temp,1.013257e+00,3.127575e-03,3.086655e-03
15000,layers.3.out_proj.log_select_temp,1.397151e+00,1.869440e-03,1.338037e-03
15000,layers.3.residual_lut.weights,1.909045e+02,3.341754e+00,1.750484e-02
15000,layers.3.residual_lut.log_soft_score_temp,1.458268e-01,2.784014e-03,1.909123e-02
15000,layers.3.residual_lut.log_select_temp,1.507702e+00,2.648711e-03,1.756787e-03
15000,layers.3.q_norm.weight,1.058222e+01,3.955647e-03,3.738012e-04
15000,layers.3.q_norm.bias,1.275669e+00,3.272803e-03,2.565559e-03
15000,layers.3.k_norm.weight,1.048049e+01,3.762194e-03,3.589712e-04
15000,layers.3.k_norm.bias,1.545821e+00,3.067210e-03,1.984195e-03
15000,layers.4.qk_lut.weights,1.337612e+02,2.399641e+00,1.793974e-02
15000,layers.4.qk_lut.log_soft_score_temp,4.728621e-03,1.824901e-03,3.859267e-01
15000,layers.4.qk_lut.log_select_temp,1.148559e+00,5.590916e-04,4.867763e-04
15000,layers.4.v_lut.weights,1.843234e+02,3.319634e+00,1.800984e-02
15000,layers.4.v_lut.log_soft_score_temp,1.911621e-01,2.226606e-03,1.164774e-02
15000,layers.4.v_lut.log_select_temp,1.263188e+00,6.610155e-04,5.232913e-04
15000,layers.4.out_proj.weights,4.107832e+02,7.096141e+00,1.727466e-02
15000,layers.4.out_proj.log_soft_score_temp,6.876191e-01,2.909243e-03,4.230893e-03
15000,layers.4.out_proj.log_select_temp,1.228183e+00,2.564907e-03,2.088376e-03
15000,layers.4.residual_lut.weights,1.961690e+02,3.343479e+00,1.704387e-02
15000,layers.4.residual_lut.log_soft_score_temp,2.337260e-01,2.618045e-03,1.120134e-02
15000,layers.4.residual_lut.log_select_temp,1.564062e+00,2.925873e-03,1.870689e-03
15000,layers.4.q_norm.weight,9.429658e+00,2.870543e-03,3.044164e-04
15000,layers.4.q_norm.bias,5.391046e-01,2.178205e-03,4.040413e-03
15000,layers.4.k_norm.weight,9.371572e+00,3.021479e-03,3.224089e-04
15000,layers.4.k_norm.bias,8.906881e-01,2.712208e-03,3.045070e-03
15000,layers.5.qk_lut.weights,1.328402e+02,2.404360e+00,1.809963e-02
15000,layers.5.qk_lut.log_soft_score_temp,1.326520e-01,1.346916e-03,1.015376e-02
15000,layers.5.qk_lut.log_select_temp,1.012477e+00,9.202957e-04,9.089550e-04
15000,layers.5.v_lut.weights,1.854010e+02,3.310698e+00,1.785696e-02
15000,layers.5.v_lut.log_soft_score_temp,7.621676e-01,2.846897e-03,3.735263e-03
15000,layers.5.v_lut.log_select_temp,1.255832e+00,9.422302e-04,7.502836e-04
15000,layers.5.out_proj.weights,4.937029e+02,7.419408e+00,1.502808e-02
15000,layers.5.out_proj.log_soft_score_temp,3.325272e-01,1.417696e-03,4.263400e-03
15000,layers.5.out_proj.log_select_temp,1.318811e+00,2.839684e-03,2.153216e-03
15000,layers.5.residual_lut.weights,2.263102e+02,3.403971e+00,1.504117e-02
15000,layers.5.residual_lut.log_soft_score_temp,1.797309e-02,3.297693e-03,1.834794e-01
15000,layers.5.residual_lut.log_select_temp,1.438572e+00,2.541304e-03,1.766546e-03
15000,layers.5.q_norm.weight,8.920459e+00,3.418323e-03,3.832003e-04
15000,layers.5.q_norm.bias,5.132910e-01,3.480417e-03,6.780592e-03
15000,layers.5.k_norm.weight,8.895042e+00,3.041504e-03,3.419325e-04
15000,layers.5.k_norm.bias,5.939413e-01,3.738014e-03,6.293575e-03
15000,ln_final.weight,5.404294e+01,9.379470e-02,1.735559e-03
15000,ln_final.bias,2.358397e+00,1.047074e-02,4.439769e-03
15200,tok_emb_E.weight,2.201839e+02,1.317909e+00,5.985491e-03
15200,emb_resid_lut.weights,2.109644e+02,3.106827e+00,1.472679e-02
15200,emb_resid_lut.log_soft_score_temp,6.191022e-01,8.357167e-04,1.349885e-03
15200,emb_resid_lut.log_select_temp,1.309612e+00,3.054142e-04,2.332097e-04
15200,unembedder.weight,1.687924e+02,1.623542e+00,9.618573e-03
15200,layers.0.qk_lut.weights,1.334702e+02,2.250294e+00,1.685991e-02
15200,layers.0.qk_lut.log_soft_score_temp,8.675945e-01,7.188916e-04,8.286033e-04
15200,layers.0.qk_lut.log_select_temp,9.530306e-01,5.304217e-04,5.565632e-04
15200,layers.0.v_lut.weights,1.834747e+02,3.324862e+00,1.812164e-02
15200,layers.0.v_lut.log_soft_score_temp,3.231648e-01,7.005036e-04,2.167636e-03
15200,layers.0.v_lut.log_select_temp,1.208921e+00,1.573324e-03,1.301428e-03
15200,layers.0.out_proj.weights,3.618632e+02,6.705124e+00,1.852945e-02
15200,layers.0.out_proj.log_soft_score_temp,7.418929e-01,1.717985e-03,2.315678e-03
15200,layers.0.out_proj.log_select_temp,7.492999e-01,4.305124e-03,5.745529e-03
15200,layers.0.residual_lut.weights,1.523529e+02,3.158526e+00,2.073164e-02
15200,layers.0.residual_lut.log_soft_score_temp,2.292009e-01,3.407106e-03,1.486515e-02
15200,layers.0.residual_lut.log_select_temp,4.771207e-01,4.494250e-03,9.419523e-03
15200,layers.0.q_norm.weight,9.034615e+00,3.165569e-03,3.503823e-04
15200,layers.0.q_norm.bias,9.485821e-01,2.367031e-03,2.495336e-03
15200,layers.0.k_norm.weight,8.962104e+00,2.775560e-03,3.096996e-04
15200,layers.0.k_norm.bias,1.620048e+00,3.369006e-03,2.079571e-03
15200,layers.1.qk_lut.weights,1.331608e+02,2.312315e+00,1.736484e-02
15200,layers.1.qk_lut.log_soft_score_temp,1.400440e-01,7.276535e-04,5.195891e-03
15200,layers.1.qk_lut.log_select_temp,1.118524e+00,8.956194e-04,8.007155e-04
15200,layers.1.v_lut.weights,1.769696e+02,3.118222e+00,1.762010e-02
15200,layers.1.v_lut.log_soft_score_temp,1.743508e-01,1.863673e-03,1.068922e-02
15200,layers.1.v_lut.log_select_temp,1.467644e+00,9.104013e-04,6.203148e-04
15200,layers.1.out_proj.weights,3.566831e+02,6.738161e+00,1.889117e-02
15200,layers.1.out_proj.log_soft_score_temp,1.232814e+00,2.608657e-03,2.116019e-03
15200,layers.1.out_proj.log_select_temp,6.379675e-01,2.573133e-03,4.033329e-03
15200,layers.1.residual_lut.weights,1.653045e+02,3.197452e+00,1.934280e-02
15200,layers.1.residual_lut.log_soft_score_temp,6.068868e-02,7.647499e-04,1.260120e-02
15200,layers.1.residual_lut.log_select_temp,1.316515e+00,3.443718e-03,2.615784e-03
15200,layers.1.q_norm.weight,9.505898e+00,3.237596e-03,3.405881e-04
15200,layers.1.q_norm.bias,8.604940e-01,1.861835e-03,2.163682e-03
15200,layers.1.k_norm.weight,9.437051e+00,3.367038e-03,3.567893e-04
15200,layers.1.k_norm.bias,1.141130e+00,2.747962e-03,2.408106e-03
15200,layers.2.qk_lut.weights,1.339571e+02,2.296940e+00,1.714684e-02
15200,layers.2.qk_lut.log_soft_score_temp,5.588045e-02,1.029316e-03,1.841997e-02
15200,layers.2.qk_lut.log_select_temp,1.119495e+00,1.027346e-03,9.176866e-04
15200,layers.2.v_lut.weights,1.783407e+02,3.162944e+00,1.773540e-02
15200,layers.2.v_lut.log_soft_score_temp,2.162424e-01,1.731932e-03,8.009217e-03
15200,layers.2.v_lut.log_select_temp,1.405959e+00,1.237750e-03,8.803601e-04
15200,layers.2.out_proj.weights,3.720528e+02,6.736331e+00,1.810585e-02
15200,layers.2.out_proj.log_soft_score_temp,1.152028e+00,2.810836e-03,2.439903e-03
15200,layers.2.out_proj.log_select_temp,7.409621e-01,2.807260e-03,3.788668e-03
15200,layers.2.residual_lut.weights,1.725649e+02,3.211861e+00,1.861248e-02
15200,layers.2.residual_lut.log_soft_score_temp,1.473584e-01,1.629815e-03,1.106021e-02
15200,layers.2.residual_lut.log_select_temp,1.475307e+00,2.747297e-03,1.862187e-03
15200,layers.2.q_norm.weight,9.584833e+00,2.753009e-03,2.872255e-04
15200,layers.2.q_norm.bias,1.079162e+00,2.180343e-03,2.020404e-03
15200,layers.2.k_norm.weight,9.521818e+00,2.718368e-03,2.854883e-04
15200,layers.2.k_norm.bias,1.461963e+00,3.051149e-03,2.087022e-03
15200,layers.3.qk_lut.weights,1.304856e+02,2.288084e+00,1.753515e-02
15200,layers.3.qk_lut.log_soft_score_temp,2.597940e-01,7.837713e-04,3.016896e-03
15200,layers.3.qk_lut.log_select_temp,1.296008e+00,1.393318e-03,1.075084e-03
15200,layers.3.v_lut.weights,1.795561e+02,3.178054e+00,1.769950e-02
15200,layers.3.v_lut.log_soft_score_temp,1.598669e-01,1.951471e-03,1.220685e-02
15200,layers.3.v_lut.log_select_temp,1.422176e+00,1.896858e-03,1.333772e-03
15200,layers.3.out_proj.weights,4.453831e+02,6.848212e+00,1.537600e-02
15200,layers.3.out_proj.log_soft_score_temp,1.016723e+00,3.465891e-03,3.408884e-03
15200,layers.3.out_proj.log_select_temp,1.398944e+00,1.793742e-03,1.282211e-03
15200,layers.3.residual_lut.weights,1.909373e+02,3.217493e+00,1.685105e-02
15200,layers.3.residual_lut.log_soft_score_temp,1.485933e-01,2.766445e-03,1.861757e-02
15200,layers.3.residual_lut.log_select_temp,1.510034e+00,2.332091e-03,1.544396e-03
15200,layers.3.q_norm.weight,1.058431e+01,3.719760e-03,3.514410e-04
15200,layers.3.q_norm.bias,1.278163e+00,3.488896e-03,2.729618e-03
15200,layers.3.k_norm.weight,1.048266e+01,3.851725e-03,3.674378e-04
15200,layers.3.k_norm.bias,1.546956e+00,2.848019e-03,1.841047e-03
15200,layers.4.qk_lut.weights,1.337916e+02,2.305404e+00,1.723130e-02
15200,layers.4.qk_lut.log_soft_score_temp,3.750293e-03,9.783285e-04,2.608672e-01
15200,layers.4.qk_lut.log_select_temp,1.149947e+00,1.387596e-03,1.206661e-03
15200,layers.4.v_lut.weights,1.843568e+02,3.194826e+00,1.732959e-02
15200,layers.4.v_lut.log_soft_score_temp,1.888617e-01,2.300352e-03,1.218008e-02
15200,layers.4.v_lut.log_select_temp,1.263652e+00,4.632473e-04,3.665942e-04
15200,layers.4.out_proj.weights,4.109496e+02,6.822358e+00,1.660145e-02
15200,layers.4.out_proj.log_soft_score_temp,6.895927e-01,1.973569e-03,2.861935e-03
15200,layers.4.out_proj.log_select_temp,1.231046e+00,2.863050e-03,2.325705e-03
15200,layers.4.residual_lut.weights,1.962298e+02,3.227456e+00,1.644733e-02
15200,layers.4.residual_lut.log_soft_score_temp,2.358508e-01,2.124742e-03,9.008839e-03
15200,layers.4.residual_lut.log_select_temp,1.567357e+00,3.295064e-03,2.102306e-03
15200,layers.4.q_norm.weight,9.430774e+00,2.599115e-03,2.755994e-04
15200,layers.4.q_norm.bias,5.388793e-01,2.003934e-03,3.718705e-03
15200,layers.4.k_norm.weight,9.372583e+00,2.583546e-03,2.756493e-04
15200,layers.4.k_norm.bias,8.906626e-01,2.289816e-03,2.570913e-03
15200,layers.5.qk_lut.weights,1.328745e+02,2.303520e+00,1.733605e-02
15200,layers.5.qk_lut.log_soft_score_temp,1.315327e-01,1.119301e-03,8.509678e-03
15200,layers.5.qk_lut.log_select_temp,1.013653e+00,1.176476e-03,1.160630e-03
15200,layers.5.v_lut.weights,1.854368e+02,3.167511e+00,1.708135e-02
15200,layers.5.v_lut.log_soft_score_temp,7.594292e-01,2.738416e-03,3.605888e-03
15200,layers.5.v_lut.log_select_temp,1.254894e+00,9.382963e-04,7.477098e-04
15200,layers.5.out_proj.weights,4.939290e+02,7.129174e+00,1.443360e-02
15200,layers.5.out_proj.log_soft_score_temp,3.340902e-01,1.562983e-03,4.678326e-03
15200,layers.5.out_proj.log_select_temp,1.321300e+00,2.488971e-03,1.883729e-03
15200,layers.5.residual_lut.weights,2.264295e+02,3.276476e+00,1.447018e-02
15200,layers.5.residual_lut.log_soft_score_temp,2.068444e-02,2.711345e-03,1.310814e-01
15200,layers.5.residual_lut.log_select_temp,1.441252e+00,2.679110e-03,1.858877e-03
15200,layers.5.q_norm.weight,8.922925e+00,3.707935e-03,4.155516e-04
15200,layers.5.q_norm.bias,5.141618e-01,2.601414e-03,5.059523e-03
15200,layers.5.k_norm.weight,8.897345e+00,3.488209e-03,3.920506e-04
15200,layers.5.k_norm.bias,5.942159e-01,2.850849e-03,4.797665e-03
15200,ln_final.weight,5.413307e+01,9.038061e-02,1.669601e-03
15200,ln_final.bias,2.363634e+00,9.788063e-03,4.141107e-03
15400,tok_emb_E.weight,2.201930e+02,1.278509e+00,5.806310e-03
15400,emb_resid_lut.weights,2.109881e+02,3.009355e+00,1.426315e-02
15400,emb_resid_lut.log_soft_score_temp,6.184854e-01,6.167889e-04,9.972570e-04
15400,emb_resid_lut.log_select_temp,1.310070e+00,4.576445e-04,3.493283e-04
15400,unembedder.weight,1.687432e+02,1.557510e+00,9.230060e-03
15400,layers.0.qk_lut.weights,1.334957e+02,2.182870e+00,1.635161e-02
15400,layers.0.qk_lut.log_soft_score_temp,8.685963e-01,1.001835e-03,1.153395e-03
15400,layers.0.qk_lut.log_select_temp,9.537945e-01,7.639527e-04,8.009615e-04
15400,layers.0.v_lut.weights,1.835125e+02,3.229437e+00,1.759792e-02
15400,layers.0.v_lut.log_soft_score_temp,3.239096e-01,7.447898e-04,2.299376e-03
15400,layers.0.v_lut.log_select_temp,1.210447e+00,1.525879e-03,1.260591e-03
15400,layers.0.out_proj.weights,3.619119e+02,6.501554e+00,1.796447e-02
15400,layers.0.out_proj.log_soft_score_temp,7.403638e-01,1.529038e-03,2.065252e-03
15400,layers.0.out_proj.log_select_temp,7.534174e-01,4.117548e-03,5.465162e-03
15400,layers.0.residual_lut.weights,1.523432e+02,3.065062e+00,2.011945e-02
15400,layers.0.residual_lut.log_soft_score_temp,2.257035e-01,3.497377e-03,1.549545e-02
15400,layers.0.residual_lut.log_select_temp,4.815574e-01,4.436672e-03,9.213173e-03
15400,layers.0.q_norm.weight,9.036993e+00,3.472983e-03,3.843074e-04
15400,layers.0.q_norm.bias,9.498641e-01,2.488786e-03,2.620150e-03
15400,layers.0.k_norm.weight,8.964174e+00,3.141520e-03,3.504528e-04
15400,layers.0.k_norm.bias,1.621956e+00,3.120429e-03,1.923868e-03
15400,layers.1.qk_lut.weights,1.331866e+02,2.232264e+00,1.676042e-02
15400,layers.1.qk_lut.log_soft_score_temp,1.393676e-01,6.764382e-04,4.853627e-03
15400,layers.1.qk_lut.log_select_temp,1.119159e+00,6.350279e-04,5.674153e-04
15400,layers.1.v_lut.weights,1.769989e+02,3.035879e+00,1.715197e-02
15400,layers.1.v_lut.log_soft_score_temp,1.751537e-01,8.029342e-04,4.584169e-03
15400,layers.1.v_lut.log_select_temp,1.469450e+00,1.806140e-03,1.229126e-03
15400,layers.1.out_proj.weights,3.566516e+02,6.535044e+00,1.832333e-02
15400,layers.1.out_proj.log_soft_score_temp,1.234820e+00,2.005816e-03,1.624379e-03
15400,layers.1.out_proj.log_select_temp,6.409575e-01,2.990007e-03,4.664908e-03
15400,layers.1.residual_lut.weights,1.653215e+02,3.100365e+00,1.875355e-02
15400,layers.1.residual_lut.log_soft_score_temp,6.105313e-02,3.644526e-04,5.969433e-03
15400,layers.1.residual_lut.log_select_temp,1.319794e+00,3.278852e-03,2.484367e-03
15400,layers.1.q_norm.weight,9.508366e+00,3.433601e-03,3.611137e-04
15400,layers.1.q_norm.bias,8.620759e-01,2.818624e-03,3.269577e-03
15400,layers.1.k_norm.weight,9.439460e+00,3.222747e-03,3.414122e-04
15400,layers.1.k_norm.bias,1.142188e+00,2.897975e-03,2.537213e-03
15400,layers.2.qk_lut.weights,1.339800e+02,2.233844e+00,1.667297e-02
15400,layers.2.qk_lut.log_soft_score_temp,5.521312e-02,6.673336e-04,1.208650e-02
15400,layers.2.qk_lut.log_select_temp,1.120688e+00,1.193047e-03,1.064566e-03
15400,layers.2.v_lut.weights,1.783744e+02,3.079135e+00,1.726221e-02
15400,layers.2.v_lut.log_soft_score_temp,2.174164e-01,1.174048e-03,5.399995e-03
15400,layers.2.v_lut.log_select_temp,1.407759e+00,1.800418e-03,1.278925e-03
15400,layers.2.out_proj.weights,3.720818e+02,6.537294e+00,1.756951e-02
15400,layers.2.out_proj.log_soft_score_temp,1.154317e+00,2.289176e-03,1.983143e-03
15400,layers.2.out_proj.log_select_temp,7.437461e-01,2.783954e-03,3.743151e-03
15400,layers.2.residual_lut.weights,1.725770e+02,3.107808e+00,1.800825e-02
15400,layers.2.residual_lut.log_soft_score_temp,1.485517e-01,1.193359e-03,8.033293e-03
15400,layers.2.residual_lut.log_select_temp,1.478174e+00,2.867222e-03,1.939705e-03
15400,layers.2.q_norm.weight,9.586557e+00,3.048418e-03,3.179888e-04
15400,layers.2.q_norm.bias,1.080221e+00,2.651721e-03,2.454794e-03
15400,layers.2.k_norm.weight,9.523537e+00,2.966820e-03,3.115250e-04
15400,layers.2.k_norm.bias,1.462727e+00,2.543232e-03,1.738692e-03
15400,layers.3.qk_lut.weights,1.305111e+02,2.220292e+00,1.701229e-02
15400,layers.3.qk_lut.log_soft_score_temp,2.605757e-01,7.817447e-04,3.000067e-03
15400,layers.3.qk_lut.log_select_temp,1.297373e+00,1.364589e-03,1.051809e-03
15400,layers.3.v_lut.weights,1.795870e+02,3.087463e+00,1.719201e-02
15400,layers.3.v_lut.log_soft_score_temp,1.624437e-01,2.576753e-03,1.586244e-02
15400,layers.3.v_lut.log_select_temp,1.423275e+00,1.099229e-03,7.723235e-04
15400,layers.3.out_proj.weights,4.456147e+02,6.629977e+00,1.487827e-02
15400,layers.3.out_proj.log_soft_score_temp,1.020191e+00,3.467679e-03,3.399050e-03
15400,layers.3.out_proj.log_select_temp,1.400286e+00,1.341462e-03,9.579916e-04
15400,layers.3.residual_lut.weights,1.909721e+02,3.119934e+00,1.633712e-02
15400,layers.3.residual_lut.log_soft_score_temp,1.509687e-01,2.375424e-03,1.573455e-02
15400,layers.3.residual_lut.log_select_temp,1.512429e+00,2.395153e-03,1.583646e-03
15400,layers.3.q_norm.weight,1.058636e+01,3.546970e-03,3.350510e-04
15400,layers.3.q_norm.bias,1.280463e+00,3.158931e-03,2.467022e-03
15400,layers.3.k_norm.weight,1.048473e+01,3.664879e-03,3.495446e-04
15400,layers.3.k_norm.bias,1.548450e+00,2.696994e-03,1.741738e-03
15400,layers.4.qk_lut.weights,1.338187e+02,2.253467e+00,1.683970e-02
15400,layers.4.qk_lut.log_soft_score_temp,2.905496e-03,8.447967e-04,2.907581e-01
15400,layers.4.qk_lut.log_select_temp,1.151171e+00,1.224279e-03,1.063508e-03
15400,layers.4.v_lut.weights,1.843887e+02,3.099454e+00,1.680935e-02
15400,layers.4.v_lut.log_soft_score_temp,1.865325e-01,2.329215e-03,1.248691e-02
15400,layers.4.v_lut.log_select_temp,1.263835e+00,1.831055e-04,1.448809e-04
15400,layers.4.out_proj.weights,4.110977e+02,6.609976e+00,1.607884e-02
15400,layers.4.out_proj.log_soft_score_temp,6.922395e-01,2.646744e-03,3.823452e-03
15400,layers.4.out_proj.log_select_temp,1.233165e+00,2.118707e-03,1.718105e-03
15400,layers.4.residual_lut.weights,1.962843e+02,3.125647e+00,1.592408e-02
15400,layers.4.residual_lut.log_soft_score_temp,2.383529e-01,2.502173e-03,1.049777e-02
15400,layers.4.residual_lut.log_select_temp,1.569813e+00,2.456546e-03,1.564865e-03
15400,layers.4.q_norm.weight,9.432238e+00,3.287516e-03,3.485404e-04
15400,layers.4.q_norm.bias,5.398258e-01,2.210508e-03,4.094855e-03
15400,layers.4.k_norm.weight,9.374077e+00,3.372991e-03,3.598211e-04
15400,layers.4.k_norm.bias,8.912048e-01,2.774103e-03,3.112756e-03
15400,layers.5.qk_lut.weights,1.329036e+02,2.230135e+00,1.678010e-02
15400,layers.5.qk_lut.log_soft_score_temp,1.306247e-01,9.080172e-04,6.951346e-03
15400,layers.5.qk_lut.log_select_temp,1.014930e+00,1.276493e-03,1.257716e-03
15400,layers.5.v_lut.weights,1.854745e+02,3.074924e+00,1.657869e-02
15400,layers.5.v_lut.log_soft_score_temp,7.564831e-01,2.946019e-03,3.894362e-03
15400,layers.5.v_lut.log_select_temp,1.253622e+00,1.271486e-03,1.014250e-03
15400,layers.5.out_proj.weights,4.941386e+02,6.924242e+00,1.401275e-02
15400,layers.5.out_proj.log_soft_score_temp,3.360185e-01,1.928270e-03,5.738583e-03
15400,layers.5.out_proj.log_select_temp,1.323506e+00,2.206326e-03,1.667031e-03
15400,layers.5.residual_lut.weights,2.265377e+02,3.174253e+00,1.401203e-02
15400,layers.5.residual_lut.log_soft_score_temp,2.333500e-02,2.650563e-03,1.135874e-01
15400,layers.5.residual_lut.log_select_temp,1.443152e+00,1.900911e-03,1.317194e-03
15400,layers.5.q_norm.weight,8.925270e+00,3.267912e-03,3.661415e-04
15400,layers.5.q_norm.bias,5.156221e-01,2.543049e-03,4.932002e-03
15400,layers.5.k_norm.weight,8.899478e+00,3.087469e-03,3.469269e-04
15400,layers.5.k_norm.bias,5.954834e-01,2.858432e-03,4.800187e-03
15400,ln_final.weight,5.422048e+01,8.764796e-02,1.616510e-03
15400,ln_final.bias,2.368311e+00,9.557518e-03,4.035584e-03
15600,tok_emb_E.weight,2.202014e+02,1.246570e+00,5.661047e-03
15600,emb_resid_lut.weights,2.110086e+02,2.937956e+00,1.392340e-02
15600,emb_resid_lut.log_soft_score_temp,6.174983e-01,9.870529e-04,1.598471e-03
15600,emb_resid_lut.log_select_temp,1.310136e+00,6.651878e-05,5.077242e-05
15600,unembedder.weight,1.686958e+02,1.515383e+00,8.982935e-03
15600,layers.0.qk_lut.weights,1.335237e+02,2.134838e+00,1.598845e-02
15600,layers.0.qk_lut.log_soft_score_temp,8.697008e-01,1.104534e-03,1.270016e-03
15600,layers.0.qk_lut.log_select_temp,9.546472e-01,8.526444e-04,8.931514e-04
15600,layers.0.v_lut.weights,1.835472e+02,3.152986e+00,1.717806e-02
15600,layers.0.v_lut.log_soft_score_temp,3.254260e-01,1.516432e-03,4.659835e-03
15600,layers.0.v_lut.log_select_temp,1.212636e+00,2.188325e-03,1.804602e-03
15600,layers.0.out_proj.weights,3.619538e+02,6.342916e+00,1.752410e-02
15600,layers.0.out_proj.log_soft_score_temp,7.387149e-01,1.648962e-03,2.232204e-03
15600,layers.0.out_proj.log_select_temp,7.574840e-01,4.066527e-03,5.368466e-03
15600,layers.0.residual_lut.weights,1.523341e+02,2.990390e+00,1.963047e-02
15600,layers.0.residual_lut.log_soft_score_temp,2.224531e-01,3.250450e-03,1.461184e-02
15600,layers.0.residual_lut.log_select_temp,4.857966e-01,4.239231e-03,8.726350e-03
15600,layers.0.q_norm.weight,9.037958e+00,2.601674e-03,2.878608e-04
15600,layers.0.q_norm.bias,9.504354e-01,2.645769e-03,2.783744e-03
15600,layers.0.k_norm.weight,8.965093e+00,2.416207e-03,2.695128e-04
15600,layers.0.k_norm.bias,1.623160e+00,2.235597e-03,1.377311e-03
15600,layers.1.qk_lut.weights,1.332112e+02,2.188385e+00,1.642793e-02
15600,layers.1.qk_lut.log_soft_score_temp,1.390168e-01,3.508031e-04,2.523459e-03
15600,layers.1.qk_lut.log_select_temp,1.120230e+00,1.070976e-03,9.560326e-04
15600,layers.1.v_lut.weights,1.770277e+02,2.954383e+00,1.668882e-02
15600,layers.1.v_lut.log_soft_score_temp,1.766351e-01,1.481399e-03,8.386775e-03
15600,layers.1.v_lut.log_select_temp,1.470434e+00,9.837151e-04,6.689964e-04
15600,layers.1.out_proj.weights,3.566190e+02,6.382638e+00,1.789764e-02
15600,layers.1.out_proj.log_soft_score_temp,1.237184e+00,2.364159e-03,1.910919e-03
15600,layers.1.out_proj.log_select_temp,6.436366e-01,2.679110e-03,4.162457e-03
15600,layers.1.residual_lut.weights,1.653411e+02,3.031179e+00,1.833288e-02
15600,layers.1.residual_lut.log_soft_score_temp,6.144226e-02,3.891289e-04,6.333246e-03
15600,layers.1.residual_lut.log_select_temp,1.323228e+00,3.434300e-03,2.595396e-03
15600,layers.1.q_norm.weight,9.509625e+00,2.620801e-03,2.755946e-04
15600,layers.1.q_norm.bias,8.622290e-01,2.373530e-03,2.752784e-03
15600,layers.1.k_norm.weight,9.440467e+00,2.579293e-03,2.732167e-04
15600,layers.1.k_norm.bias,1.143505e+00,2.509691e-03,2.194736e-03
15600,layers.2.qk_lut.weights,1.340101e+02,2.183857e+00,1.629622e-02
15600,layers.2.qk_lut.log_soft_score_temp,5.407559e-02,1.137529e-03,2.103590e-02
15600,layers.2.qk_lut.log_select_temp,1.121349e+00,6.603003e-04,5.888448e-04
15600,layers.2.v_lut.weights,1.784018e+02,3.023754e+00,1.694912e-02
15600,layers.2.v_lut.log_soft_score_temp,2.189880e-01,1.571536e-03,7.176358e-03
15600,layers.2.v_lut.log_select_temp,1.409184e+00,1.424313e-03,1.010736e-03
15600,layers.2.out_proj.weights,3.721069e+02,6.376725e+00,1.713681e-02
15600,layers.2.out_proj.log_soft_score_temp,1.157018e+00,2.701163e-03,2.334590e-03
15600,layers.2.out_proj.log_select_temp,7.464029e-01,2.656758e-03,3.559415e-03
15600,layers.2.residual_lut.weights,1.725879e+02,3.036671e+00,1.759493e-02
15600,layers.2.residual_lut.log_soft_score_temp,1.504125e-01,1.860783e-03,1.237120e-02
15600,layers.2.residual_lut.log_select_temp,1.480737e+00,2.563000e-03,1.730895e-03
15600,layers.2.q_norm.weight,9.587730e+00,3.149966e-03,3.285414e-04
15600,layers.2.q_norm.bias,1.081067e+00,2.134989e-03,1.974891e-03
15600,layers.2.k_norm.weight,9.524679e+00,3.197804e-03,3.357387e-04
15600,layers.2.k_norm.bias,1.463214e+00,3.085162e-03,2.108483e-03
15600,layers.3.qk_lut.weights,1.305368e+02,2.173673e+00,1.665181e-02
15600,layers.3.qk_lut.log_soft_score_temp,2.613730e-01,7.972419e-04,3.050208e-03
15600,layers.3.qk_lut.log_select_temp,1.298792e+00,1.419067e-03,1.092606e-03
15600,layers.3.v_lut.weights,1.796186e+02,3.010930e+00,1.676291e-02
15600,layers.3.v_lut.log_soft_score_temp,1.645596e-01,2.115905e-03,1.285799e-02
15600,layers.3.v_lut.log_select_temp,1.425002e+00,1.726627e-03,1.211667e-03
15600,layers.3.out_proj.weights,4.458376e+02,6.469386e+00,1.451063e-02
15600,layers.3.out_proj.log_soft_score_temp,1.023444e+00,3.252864e-03,3.178352e-03
15600,layers.3.out_proj.log_select_temp,1.401896e+00,1.609564e-03,1.148134e-03
15600,layers.3.residual_lut.weights,1.910017e+02,3.044828e+00,1.594137e-02
15600,layers.3.residual_lut.log_soft_score_temp,1.536265e-01,2.657846e-03,1.730069e-02
15600,layers.3.residual_lut.log_select_temp,1.514809e+00,2.379298e-03,1.570692e-03
15600,layers.3.q_norm.weight,1.058845e+01,3.422211e-03,3.232024e-04
15600,layers.3.q_norm.bias,1.282558e+00,2.820275e-03,2.198946e-03
15600,layers.3.k_norm.weight,1.048683e+01,3.449717e-03,3.289571e-04
15600,layers.3.k_norm.bias,1.549307e+00,2.934168e-03,1.893858e-03
15600,layers.4.qk_lut.weights,1.338467e+02,2.187220e+00,1.634123e-02
15600,layers.4.qk_lut.log_soft_score_temp,1.772600e-03,1.132896e-03,6.391157e-01
15600,layers.4.qk_lut.log_select_temp,1.152129e+00,9.580851e-04,8.315776e-04
15600,layers.4.v_lut.weights,1.844183e+02,3.037841e+00,1.647255e-02
15600,layers.4.v_lut.log_soft_score_temp,1.839022e-01,2.630338e-03,1.430292e-02
15600,layers.4.v_lut.log_select_temp,1.263828e+00,6.794930e-06,5.376467e-06
15600,layers.4.out_proj.weights,4.112446e+02,6.446872e+00,1.567649e-02
15600,layers.4.out_proj.log_soft_score_temp,6.948224e-01,2.582908e-03,3.717364e-03
15600,layers.4.out_proj.log_select_temp,1.235452e+00,2.287626e-03,1.851651e-03
15600,layers.4.residual_lut.weights,1.963368e+02,3.055176e+00,1.556089e-02
15600,layers.4.residual_lut.log_soft_score_temp,2.408239e-01,2.470970e-03,1.026049e-02
15600,layers.4.residual_lut.log_select_temp,1.572533e+00,2.719879e-03,1.729616e-03
15600,layers.4.q_norm.weight,9.433556e+00,2.744412e-03,2.909202e-04
15600,layers.4.q_norm.bias,5.404469e-01,2.169534e-03,4.014333e-03
15600,layers.4.k_norm.weight,9.375196e+00,2.490523e-03,2.656503e-04
15600,layers.4.k_norm.bias,8.918874e-01,2.430106e-03,2.724678e-03
15600,layers.5.qk_lut.weights,1.329369e+02,2.163882e+00,1.627752e-02
15600,layers.5.qk_lut.log_soft_score_temp,1.297343e-01,8.903891e-04,6.863176e-03
15600,layers.5.qk_lut.log_select_temp,1.016020e+00,1.090646e-03,1.073449e-03
15600,layers.5.v_lut.weights,1.855059e+02,3.016565e+00,1.626129e-02
15600,layers.5.v_lut.log_soft_score_temp,7.539465e-01,2.536595e-03,3.364423e-03
15600,layers.5.v_lut.log_select_temp,1.252655e+00,9.669065e-04,7.718855e-04
15600,layers.5.out_proj.weights,4.943395e+02,6.747904e+00,1.365034e-02
15600,layers.5.out_proj.log_soft_score_temp,3.375246e-01,1.506150e-03,4.462340e-03
15600,layers.5.out_proj.log_select_temp,1.326120e+00,2.614141e-03,1.971269e-03
15600,layers.5.residual_lut.weights,2.266433e+02,3.097421e+00,1.366650e-02
15600,layers.5.residual_lut.log_soft_score_temp,2.589901e-02,2.564009e-03,9.900028e-02
15600,layers.5.residual_lut.log_select_temp,1.445284e+00,2.131104e-03,1.474523e-03
15600,layers.5.q_norm.weight,8.927183e+00,3.372720e-03,3.778034e-04
15600,layers.5.q_norm.bias,5.163726e-01,2.319271e-03,4.491468e-03
15600,layers.5.k_norm.weight,8.901273e+00,3.347992e-03,3.761251e-04
15600,layers.5.k_norm.bias,5.962306e-01,2.853734e-03,4.786293e-03
15600,ln_final.weight,5.430557e+01,8.529456e-02,1.570641e-03
15600,ln_final.bias,2.372876e+00,8.935791e-03,3.765806e-03
15800,tok_emb_E.weight,2.202093e+02,1.227286e+00,5.573271e-03
15800,emb_resid_lut.weights,2.110269e+02,2.904469e+00,1.376350e-02
15800,emb_resid_lut.log_soft_score_temp,6.163664e-01,1.131952e-03,1.836492e-03
15800,emb_resid_lut.log_select_temp,1.309889e+00,2.475977e-04,1.890219e-04
15800,unembedder.weight,1.686492e+02,1.489012e+00,8.829051e-03
15800,layers.0.qk_lut.weights,1.335489e+02,2.116520e+00,1.584828e-02
15800,layers.0.qk_lut.log_soft_score_temp,8.710207e-01,1.319885e-03,1.515332e-03
15800,layers.0.qk_lut.log_select_temp,9.557837e-01,1.136482e-03,1.189058e-03
15800,layers.0.v_lut.weights,1.835827e+02,3.102277e+00,1.689853e-02
15800,layers.0.v_lut.log_soft_score_temp,3.261069e-01,6.808639e-04,2.087855e-03
15800,layers.0.v_lut.log_select_temp,1.214080e+00,1.444340e-03,1.189658e-03
15800,layers.0.out_proj.weights,3.619958e+02,6.241602e+00,1.724220e-02
15800,layers.0.out_proj.log_soft_score_temp,7.372499e-01,1.464963e-03,1.987064e-03
15800,layers.0.out_proj.log_select_temp,7.612210e-01,3.737032e-03,4.909261e-03
15800,layers.0.residual_lut.weights,1.523230e+02,2.951975e+00,1.937971e-02
15800,layers.0.residual_lut.log_soft_score_temp,2.193189e-01,3.134206e-03,1.429063e-02
15800,layers.0.residual_lut.log_select_temp,4.900014e-01,4.204810e-03,8.581219e-03
15800,layers.0.q_norm.weight,9.039781e+00,3.061355e-03,3.386536e-04
15800,layers.0.q_norm.bias,9.511236e-01,2.366859e-03,2.488487e-03
15800,layers.0.k_norm.weight,8.966720e+00,2.811369e-03,3.135337e-04
15800,layers.0.k_norm.bias,1.625043e+00,3.032770e-03,1.866270e-03
15800,layers.1.qk_lut.weights,1.332362e+02,2.148017e+00,1.612187e-02
15800,layers.1.qk_lut.log_soft_score_temp,1.383794e-01,6.374121e-04,4.606265e-03
15800,layers.1.qk_lut.log_select_temp,1.120937e+00,7.073879e-04,6.310683e-04
15800,layers.1.v_lut.weights,1.770553e+02,2.910401e+00,1.643781e-02
15800,layers.1.v_lut.log_soft_score_temp,1.781005e-01,1.465395e-03,8.227911e-03
15800,layers.1.v_lut.log_select_temp,1.471358e+00,9.238720e-04,6.279044e-04
15800,layers.1.out_proj.weights,3.565853e+02,6.274249e+00,1.759537e-02
15800,layers.1.out_proj.log_soft_score_temp,1.239369e+00,2.184868e-03,1.762888e-03
15800,layers.1.out_proj.log_select_temp,6.462845e-01,2.647877e-03,4.097076e-03
15800,layers.1.residual_lut.weights,1.653573e+02,2.981482e+00,1.803055e-02
15800,layers.1.residual_lut.log_soft_score_temp,6.212251e-02,6.802529e-04,1.095018e-02
15800,layers.1.residual_lut.log_select_temp,1.326471e+00,3.242970e-03,2.444810e-03
15800,layers.1.q_norm.weight,9.510746e+00,2.532524e-03,2.662803e-04
15800,layers.1.q_norm.bias,8.628285e-01,2.161593e-03,2.505241e-03
15800,layers.1.k_norm.weight,9.441515e+00,2.318823e-03,2.455986e-04
15800,layers.1.k_norm.bias,1.143986e+00,2.404804e-03,2.102126e-03
15800,layers.2.qk_lut.weights,1.340382e+02,2.136090e+00,1.593642e-02
15800,layers.2.qk_lut.log_soft_score_temp,5.360242e-02,4.731715e-04,8.827427e-03
15800,layers.2.qk_lut.log_select_temp,1.122541e+00,1.192927e-03,1.062702e-03
15800,layers.2.v_lut.weights,1.784301e+02,2.958450e+00,1.658044e-02
15800,layers.2.v_lut.log_soft_score_temp,2.208807e-01,1.892760e-03,8.569151e-03
15800,layers.2.v_lut.log_select_temp,1.410344e+00,1.160979e-03,8.231884e-04
15800,layers.2.out_proj.weights,3.721260e+02,6.269957e+00,1.684901e-02
15800,layers.2.out_proj.log_soft_score_temp,1.159928e+00,2.910018e-03,2.508792e-03
15800,layers.2.out_proj.log_select_temp,7.486199e-01,2.217054e-03,2.961522e-03
15800,layers.2.residual_lut.weights,1.725934e+02,2.985696e+00,1.729902e-02
15800,layers.2.residual_lut.log_soft_score_temp,1.524661e-01,2.053604e-03,1.346925e-02
15800,layers.2.residual_lut.log_select_temp,1.482668e+00,1.930714e-03,1.302189e-03
15800,layers.2.q_norm.weight,9.589376e+00,3.340398e-03,3.483437e-04
15800,layers.2.q_norm.bias,1.081228e+00,1.994612e-03,1.844766e-03
15800,layers.2.k_norm.weight,9.526347e+00,3.324538e-03,3.489835e-04
15800,layers.2.k_norm.bias,1.463554e+00,2.270429e-03,1.551312e-03
15800,layers.3.qk_lut.weights,1.305586e+02,2.134074e+00,1.634572e-02
15800,layers.3.qk_lut.log_soft_score_temp,2.619905e-01,6.175339e-04,2.357085e-03
15800,layers.3.qk_lut.log_select_temp,1.300308e+00,1.515985e-03,1.165866e-03
15800,layers.3.v_lut.weights,1.796445e+02,2.962469e+00,1.649073e-02
15800,layers.3.v_lut.log_soft_score_temp,1.664857e-01,1.926139e-03,1.156940e-02
15800,layers.3.v_lut.log_select_temp,1.426727e+00,1.724839e-03,1.208949e-03
15800,layers.3.out_proj.weights,4.460638e+02,6.370189e+00,1.428089e-02
15800,layers.3.out_proj.log_soft_score_temp,1.026631e+00,3.187895e-03,3.105199e-03
15800,layers.3.out_proj.log_select_temp,1.403244e+00,1.348734e-03,9.611541e-04
15800,layers.3.residual_lut.weights,1.910287e+02,2.996505e+00,1.568615e-02
15800,layers.3.residual_lut.log_soft_score_temp,1.567288e-01,3.102273e-03,1.979389e-02
15800,layers.3.residual_lut.log_select_temp,1.516483e+00,1.674175e-03,1.103986e-03
15800,layers.3.q_norm.weight,1.059036e+01,3.576273e-03,3.376914e-04
15800,layers.3.q_norm.bias,1.284977e+00,3.289534e-03,2.559995e-03
15800,layers.3.k_norm.weight,1.048873e+01,3.453661e-03,3.292735e-04
15800,layers.3.k_norm.bias,1.550652e+00,2.822769e-03,1.820376e-03
15800,layers.4.qk_lut.weights,1.338727e+02,2.148433e+00,1.604833e-02
15800,layers.4.qk_lut.log_soft_score_temp,3.729289e-04,1.399671e-03,3.753185e+00
15800,layers.4.qk_lut.log_select_temp,1.152764e+00,6.349087e-04,5.507706e-04
15800,layers.4.v_lut.weights,1.844466e+02,2.971839e+00,1.611219e-02
15800,layers.4.v_lut.log_soft_score_temp,1.810821e-01,2.820045e-03,1.557329e-02
15800,layers.4.v_lut.log_select_temp,1.263552e+00,2.757311e-04,2.182190e-04
15800,layers.4.out_proj.weights,4.113880e+02,6.340420e+00,1.541226e-02
15800,layers.4.out_proj.log_soft_score_temp,6.977865e-01,2.964139e-03,4.247917e-03
15800,layers.4.out_proj.log_select_temp,1.237793e+00,2.340674e-03,1.891007e-03
15800,layers.4.residual_lut.weights,1.963919e+02,3.003128e+00,1.529150e-02
15800,layers.4.residual_lut.log_soft_score_temp,2.429712e-01,2.147257e-03,8.837499e-03
15800,layers.4.residual_lut.log_select_temp,1.575397e+00,2.864122e-03,1.818032e-03
15800,layers.4.q_norm.weight,9.434564e+00,2.385434e-03,2.528399e-04
15800,layers.4.q_norm.bias,5.410629e-01,2.145553e-03,3.965440e-03
15800,layers.4.k_norm.weight,9.376097e+00,2.452007e-03,2.615168e-04
15800,layers.4.k_norm.bias,8.924651e-01,1.956706e-03,2.192473e-03
15800,layers.5.qk_lut.weights,1.329633e+02,2.152366e+00,1.618766e-02
15800,layers.5.qk_lut.log_soft_score_temp,1.289599e-01,7.743686e-04,6.004725e-03
15800,layers.5.qk_lut.log_select_temp,1.017184e+00,1.163483e-03,1.143827e-03
15800,layers.5.v_lut.weights,1.855318e+02,2.963689e+00,1.597402e-02
15800,layers.5.v_lut.log_soft_score_temp,7.520098e-01,1.936734e-03,2.575410e-03
15800,layers.5.v_lut.log_select_temp,1.252385e+00,2.707243e-04,2.161670e-04
15800,layers.5.out_proj.weights,4.945460e+02,6.648259e+00,1.344316e-02
15800,layers.5.out_proj.log_soft_score_temp,3.393166e-01,1.791984e-03,5.281156e-03
15800,layers.5.out_proj.log_select_temp,1.328234e+00,2.113342e-03,1.591092e-03
15800,layers.5.residual_lut.weights,2.267518e+02,3.047971e+00,1.344188e-02
15800,layers.5.residual_lut.log_soft_score_temp,2.827882e-02,2.379814e-03,8.415534e-02
15800,layers.5.residual_lut.log_select_temp,1.447920e+00,2.636433e-03,1.820841e-03
15800,layers.5.q_norm.weight,8.929331e+00,3.378707e-03,3.783831e-04
15800,layers.5.q_norm.bias,5.172471e-01,2.477840e-03,4.790437e-03
15800,layers.5.k_norm.weight,8.903306e+00,3.448823e-03,3.873643e-04
15800,layers.5.k_norm.bias,5.967212e-01,2.508902e-03,4.204480e-03
15800,ln_final.weight,5.438903e+01,8.369848e-02,1.538885e-03
15800,ln_final.bias,2.377831e+00,9.336159e-03,3.926333e-03
16000,tok_emb_E.weight,2.202171e+02,1.215539e+00,5.519730e-03
16000,emb_resid_lut.weights,2.110450e+02,2.872565e+00,1.361115e-02
16000,emb_resid_lut.log_soft_score_temp,6.153332e-01,1.033187e-03,1.679069e-03
16000,emb_resid_lut.log_select_temp,1.309865e+00,2.396107e-05,1.829278e-05
16000,unembedder.weight,1.686042e+02,1.487251e+00,8.820963e-03
16000,layers.0.qk_lut.weights,1.335730e+02,2.082028e+00,1.558720e-02
16000,layers.0.qk_lut.log_soft_score_temp,8.717013e-01,6.805658e-04,7.807328e-04
16000,layers.0.qk_lut.log_select_temp,9.562636e-01,4.799366e-04,5.018873e-04
16000,layers.0.v_lut.weights,1.836171e+02,3.067036e+00,1.670343e-02
16000,layers.0.v_lut.log_soft_score_temp,3.268054e-01,6.985366e-04,2.137470e-03
16000,layers.0.v_lut.log_select_temp,1.215476e+00,1.396179e-03,1.148669e-03
16000,layers.0.out_proj.weights,3.620360e+02,6.185041e+00,1.708405e-02
16000,layers.0.out_proj.log_soft_score_temp,7.356312e-01,1.618683e-03,2.200401e-03
16000,layers.0.out_proj.log_select_temp,7.651605e-01,3.939509e-03,5.148605e-03
16000,layers.0.residual_lut.weights,1.523139e+02,2.920628e+00,1.917506e-02
16000,layers.0.residual_lut.log_soft_score_temp,2.164459e-01,2.872959e-03,1.327333e-02
16000,layers.0.residual_lut.log_select_temp,4.938219e-01,3.820419e-03,7.736432e-03
16000,layers.0.q_norm.weight,9.041029e+00,2.974948e-03,3.290498e-04
16000,layers.0.q_norm.bias,9.518194e-01,2.484266e-03,2.610019e-03
16000,layers.0.k_norm.weight,8.967775e+00,3.103369e-03,3.460578e-04
16000,layers.0.k_norm.bias,1.626260e+00,3.446886e-03,2.119518e-03
16000,layers.1.qk_lut.weights,1.332598e+02,2.139510e+00,1.605519e-02
16000,layers.1.qk_lut.log_soft_score_temp,1.379498e-01,4.296005e-04,3.114181e-03
16000,layers.1.qk_lut.log_select_temp,1.121911e+00,9.734631e-04,8.676832e-04
16000,layers.1.v_lut.weights,1.770809e+02,2.888191e+00,1.631001e-02
16000,layers.1.v_lut.log_soft_score_temp,1.793291e-01,1.228586e-03,6.851013e-03
16000,layers.1.v_lut.log_select_temp,1.472756e+00,1.398325e-03,9.494613e-04
16000,layers.1.out_proj.weights,3.565488e+02,6.218238e+00,1.744007e-02
16000,layers.1.out_proj.log_soft_score_temp,1.241928e+00,2.559543e-03,2.060943e-03
16000,layers.1.out_proj.log_select_temp,6.486712e-01,2.386689e-03,3.679352e-03
16000,layers.1.residual_lut.weights,1.653737e+02,2.953031e+00,1.785672e-02
16000,layers.1.residual_lut.log_soft_score_temp,6.281416e-02,6.916486e-04,1.101103e-02
16000,layers.1.residual_lut.log_select_temp,1.329655e+00,3.183603e-03,2.394309e-03
16000,layers.1.q_norm.weight,9.511322e+00,1.918641e-03,2.017218e-04
16000,layers.1.q_norm.bias,8.631569e-01,2.168348e-03,2.512113e-03
16000,layers.1.k_norm.weight,9.442137e+00,2.141809e-03,2.268352e-04
16000,layers.1.k_norm.bias,1.144416e+00,1.908149e-03,1.667357e-03
16000,layers.2.qk_lut.weights,1.340683e+02,2.128650e+00,1.587736e-02
16000,layers.2.qk_lut.log_soft_score_temp,5.272973e-02,8.726865e-04,1.655018e-02
16000,layers.2.qk_lut.log_select_temp,1.123567e+00,1.025558e-03,9.127694e-04
16000,layers.2.v_lut.weights,1.784611e+02,2.939561e+00,1.647172e-02
16000,layers.2.v_lut.log_soft_score_temp,2.224915e-01,1.610816e-03,7.239895e-03
16000,layers.2.v_lut.log_select_temp,1.411622e+00,1.277089e-03,9.046965e-04
16000,layers.2.out_proj.weights,3.721497e+02,6.214079e+00,1.669780e-02
16000,layers.2.out_proj.log_soft_score_temp,1.162483e+00,2.554417e-03,2.197381e-03
16000,layers.2.out_proj.log_select_temp,7.512926e-01,2.672672e-03,3.557432e-03
16000,layers.2.residual_lut.weights,1.725982e+02,2.957641e+00,1.713599e-02
16000,layers.2.residual_lut.log_soft_score_temp,1.544894e-01,2.023280e-03,1.309656e-02
16000,layers.2.residual_lut.log_select_temp,1.484704e+00,2.035975e-03,1.371301e-03
16000,layers.2.q_norm.weight,9.590863e+00,2.770397e-03,2.888580e-04
16000,layers.2.q_norm.bias,1.081931e+00,2.085834e-03,1.927880e-03
16000,layers.2.k_norm.weight,9.527787e+00,2.686862e-03,2.820027e-04
16000,layers.2.k_norm.bias,1.464168e+00,2.316710e-03,1.582270e-03
16000,layers.3.qk_lut.weights,1.305808e+02,2.115388e+00,1.619984e-02
16000,layers.3.qk_lut.log_soft_score_temp,2.625822e-01,5.916655e-04,2.253259e-03
16000,layers.3.qk_lut.log_select_temp,1.301828e+00,1.519799e-03,1.167435e-03
16000,layers.3.v_lut.weights,1.796711e+02,2.929433e+00,1.630442e-02
16000,layers.3.v_lut.log_soft_score_temp,1.682029e-01,1.717195e-03,1.020907e-02
16000,layers.3.v_lut.log_select_temp,1.428252e+00,1.525521e-03,1.068104e-03
16000,layers.3.out_proj.weights,4.462849e+02,6.308184e+00,1.413488e-02
16000,layers.3.out_proj.log_soft_score_temp,1.029644e+00,3.013015e-03,2.926267e-03
16000,layers.3.out_proj.log_select_temp,1.404839e+00,1.594305e-03,1.134867e-03
16000,layers.3.residual_lut.weights,1.910558e+02,2.968820e+00,1.553902e-02
16000,layers.3.residual_lut.log_soft_score_temp,1.593610e-01,2.632231e-03,1.651740e-02
16000,layers.3.residual_lut.log_select_temp,1.518539e+00,2.056360e-03,1.354170e-03
16000,layers.3.q_norm.weight,1.059170e+01,2.800911e-03,2.644439e-04
16000,layers.3.q_norm.bias,1.286850e+00,3.081164e-03,2.394346e-03
16000,layers.3.k_norm.weight,1.049006e+01,3.206552e-03,3.056752e-04
16000,layers.3.k_norm.bias,1.551476e+00,3.096628e-03,1.995924e-03
16000,layers.4.qk_lut.weights,1.338979e+02,2.129565e+00,1.590439e-02
16000,layers.4.qk_lut.log_soft_score_temp,1.441962e-04,5.171251e-04,3.586260e+00
16000,layers.4.qk_lut.log_select_temp,1.154115e+00,1.350403e-03,1.170077e-03
16000,layers.4.v_lut.weights,1.844722e+02,2.958625e+00,1.603832e-02
16000,layers.4.v_lut.log_soft_score_temp,1.787157e-01,2.366424e-03,1.324127e-02
16000,layers.4.v_lut.log_select_temp,1.263501e+00,5.137920e-05,4.066416e-05
16000,layers.4.out_proj.weights,4.115262e+02,6.283789e+00,1.526947e-02
16000,layers.4.out_proj.log_soft_score_temp,7.006726e-01,2.886117e-03,4.119066e-03
16000,layers.4.out_proj.log_select_temp,1.239610e+00,1.816988e-03,1.465774e-03
16000,layers.4.residual_lut.weights,1.964430e+02,2.973511e+00,1.513676e-02
16000,layers.4.residual_lut.log_soft_score_temp,2.454779e-01,2.506733e-03,1.021164e-02
16000,layers.4.residual_lut.log_select_temp,1.577952e+00,2.554893e-03,1.619120e-03
16000,layers.4.q_norm.weight,9.435882e+00,2.853692e-03,3.024298e-04
16000,layers.4.q_norm.bias,5.408912e-01,2.056312e-03,3.801711e-03
16000,layers.4.k_norm.weight,9.377350e+00,3.065706e-03,3.269267e-04
16000,layers.4.k_norm.bias,8.931066e-01,2.776704e-03,3.109040e-03
16000,layers.5.qk_lut.weights,1.329893e+02,2.133594e+00,1.604335e-02
16000,layers.5.qk_lut.log_soft_score_temp,1.278861e-01,1.073793e-03,8.396476e-03
16000,layers.5.qk_lut.log_select_temp,1.018019e+00,8.356571e-04,8.208656e-04
16000,layers.5.v_lut.weights,1.855641e+02,2.925043e+00,1.576298e-02
16000,layers.5.v_lut.log_soft_score_temp,7.493474e-01,2.662361e-03,3.552905e-03
16000,layers.5.v_lut.log_select_temp,1.251274e+00,1.110673e-03,8.876337e-04
16000,layers.5.out_proj.weights,4.947489e+02,6.572483e+00,1.328448e-02
16000,layers.5.out_proj.log_soft_score_temp,3.409005e-01,1.583844e-03,4.646061e-03
16000,layers.5.out_proj.log_select_temp,1.330467e+00,2.233624e-03,1.678827e-03
16000,layers.5.residual_lut.weights,2.268555e+02,3.023915e+00,1.332970e-02
16000,layers.5.residual_lut.log_soft_score_temp,3.069062e-02,2.411792e-03,7.858402e-02
16000,layers.5.residual_lut.log_select_temp,1.449889e+00,1.968622e-03,1.357775e-03
16000,layers.5.q_norm.weight,8.930749e+00,2.920443e-03,3.270099e-04
16000,layers.5.q_norm.bias,5.181564e-01,2.366378e-03,4.566918e-03
16000,layers.5.k_norm.weight,8.904675e+00,3.002131e-03,3.371410e-04
16000,layers.5.k_norm.bias,5.975220e-01,2.449750e-03,4.099848e-03
16000,ln_final.weight,5.447150e+01,8.270647e-02,1.518344e-03
16000,ln_final.bias,2.382409e+00,9.178537e-03,3.852629e-03
