step,param_name,weight_norm,delta_norm,rel_delta
200,tok_emb_E.weight,2.048130e+02,4.316374e+00,2.107471e-02
200,emb_resid_lut.weights,1.288993e+01,1.281739e+01,9.943720e-01
200,emb_resid_lut.log_soft_score_temp,7.069557e-01,1.380849e-02,1.953233e-02
200,emb_resid_lut.log_select_temp,7.068992e-01,1.375198e-02,1.945395e-02
200,unembedder.weight,1.070449e+02,2.568841e+01,2.399779e-01
200,layers.0.qk_lut.weights,6.719870e+00,6.630404e+00,9.866864e-01
200,layers.0.qk_lut.log_soft_score_temp,6.989042e-01,5.757034e-03,8.237229e-03
200,layers.0.qk_lut.log_select_temp,6.978682e-01,4.720986e-03,6.764868e-03
200,layers.0.v_lut.weights,1.223195e+01,1.205969e+01,9.859171e-01
200,layers.0.v_lut.log_soft_score_temp,7.035856e-01,1.043838e-02,1.483598e-02
200,layers.0.v_lut.log_select_temp,7.035478e-01,1.040065e-02,1.478315e-02
200,layers.0.out_proj.weights,2.104853e+01,2.088016e+01,9.920006e-01
200,layers.0.out_proj.log_soft_score_temp,7.025955e-01,9.448349e-03,1.344778e-02
200,layers.0.out_proj.log_select_temp,7.029585e-01,9.811342e-03,1.395721e-02
200,layers.0.residual_lut.weights,1.129185e+01,1.122289e+01,9.938937e-01
200,layers.0.residual_lut.log_soft_score_temp,6.905043e-01,2.642930e-03,3.827536e-03
200,layers.0.residual_lut.log_select_temp,6.935600e-01,4.128218e-04,5.952214e-04
200,layers.0.q_norm.weight,8.045446e+00,5.543421e-02,6.890135e-03
200,layers.0.q_norm.bias,3.503383e-02,3.503383e-02,1.000000e+00
200,layers.0.k_norm.weight,8.042645e+00,5.220186e-02,6.490633e-03
200,layers.0.k_norm.bias,4.244585e-02,4.244585e-02,1.000000e+00
200,layers.1.qk_lut.weights,6.712975e+00,6.637372e+00,9.887377e-01
200,layers.1.qk_lut.log_soft_score_temp,6.885210e-01,4.626215e-03,6.719061e-03
200,layers.1.qk_lut.log_select_temp,6.950746e-01,1.927435e-03,2.772991e-03
200,layers.1.v_lut.weights,1.268188e+01,1.251614e+01,9.869310e-01
200,layers.1.v_lut.log_soft_score_temp,6.990028e-01,5.855620e-03,8.377105e-03
200,layers.1.v_lut.log_select_temp,6.992881e-01,6.140947e-03,8.781713e-03
200,layers.1.out_proj.weights,2.207573e+01,2.190309e+01,9.921797e-01
200,layers.1.out_proj.log_soft_score_temp,6.937837e-01,6.365180e-04,9.174589e-04
200,layers.1.out_proj.log_select_temp,6.943940e-01,1.246810e-03,1.795537e-03
200,layers.1.residual_lut.weights,1.139959e+01,1.133320e+01,9.941763e-01
200,layers.1.residual_lut.log_soft_score_temp,6.892538e-01,3.893375e-03,5.648682e-03
200,layers.1.residual_lut.log_select_temp,6.919248e-01,1.222432e-03,1.766712e-03
200,layers.1.q_norm.weight,8.027679e+00,3.929661e-02,4.895140e-03
200,layers.1.q_norm.bias,2.567183e-02,2.567183e-02,1.000000e+00
200,layers.1.k_norm.weight,8.026302e+00,3.771299e-02,4.698676e-03
200,layers.1.k_norm.bias,4.038616e-02,4.038616e-02,1.000000e+00
200,layers.2.qk_lut.weights,6.808938e+00,6.733195e+00,9.888760e-01
200,layers.2.qk_lut.log_soft_score_temp,6.884030e-01,4.744232e-03,6.891649e-03
200,layers.2.qk_lut.log_select_temp,6.928183e-01,3.288388e-04,4.746393e-04
200,layers.2.v_lut.weights,1.320668e+01,1.304769e+01,9.879612e-01
200,layers.2.v_lut.log_soft_score_temp,6.968790e-01,3.731847e-03,5.355086e-03
200,layers.2.v_lut.log_select_temp,6.976669e-01,4.519701e-03,6.478308e-03
200,layers.2.out_proj.weights,2.967531e+01,2.954261e+01,9.955284e-01
200,layers.2.out_proj.log_soft_score_temp,6.928887e-01,2.584457e-04,3.729975e-04
200,layers.2.out_proj.log_select_temp,6.930010e-01,1.461506e-04,2.108952e-04
200,layers.2.residual_lut.weights,1.245589e+01,1.239595e+01,9.951881e-01
200,layers.2.residual_lut.log_soft_score_temp,6.896104e-01,3.536761e-03,5.128636e-03
200,layers.2.residual_lut.log_select_temp,6.918357e-01,1.311481e-03,1.895654e-03
200,layers.2.q_norm.weight,8.014265e+00,2.646457e-02,3.302184e-03
200,layers.2.q_norm.bias,1.891617e-02,1.891617e-02,1.000000e+00
200,layers.2.k_norm.weight,8.012764e+00,2.497633e-02,3.117068e-03
200,layers.2.k_norm.bias,3.159889e-02,3.159889e-02,1.000000e+00
200,layers.3.qk_lut.weights,7.232302e+00,7.157490e+00,9.896559e-01
200,layers.3.qk_lut.log_soft_score_temp,6.932490e-01,1.018643e-04,1.469376e-04
200,layers.3.qk_lut.log_select_temp,6.947368e-01,1.589596e-03,2.288055e-03
200,layers.3.v_lut.weights,1.474312e+01,1.460120e+01,9.903733e-01
200,layers.3.v_lut.log_soft_score_temp,6.938223e-01,6.751418e-04,9.730759e-04
200,layers.3.v_lut.log_select_temp,6.939335e-01,7.863045e-04,1.133112e-03
200,layers.3.out_proj.weights,3.080895e+01,3.067930e+01,9.957916e-01
200,layers.3.out_proj.log_soft_score_temp,6.910529e-01,2.094269e-03,3.030548e-03
200,layers.3.out_proj.log_select_temp,6.911386e-01,2.008617e-03,2.906243e-03
200,layers.3.residual_lut.weights,1.474782e+01,1.469756e+01,9.965925e-01
200,layers.3.residual_lut.log_soft_score_temp,6.896554e-01,3.491819e-03,5.063136e-03
200,layers.3.residual_lut.log_select_temp,6.914719e-01,1.675248e-03,2.422728e-03
200,layers.3.q_norm.weight,7.990929e+00,1.087202e-02,1.360545e-03
200,layers.3.q_norm.bias,4.032525e-03,4.032525e-03,1.000000e+00
200,layers.3.k_norm.weight,7.991693e+00,1.050250e-02,1.314178e-03
200,layers.3.k_norm.bias,6.833679e-03,6.833679e-03,1.000000e+00
200,layers.4.qk_lut.weights,7.649847e+00,7.581262e+00,9.910345e-01
200,layers.4.qk_lut.log_soft_score_temp,6.940279e-01,8.807182e-04,1.268995e-03
200,layers.4.qk_lut.log_select_temp,6.949056e-01,1.758456e-03,2.530496e-03
200,layers.4.v_lut.weights,1.894193e+01,1.882987e+01,9.940837e-01
200,layers.4.v_lut.log_soft_score_temp,6.939025e-01,7.553101e-04,1.088496e-03
200,layers.4.v_lut.log_select_temp,6.939353e-01,7.880926e-04,1.135686e-03
200,layers.4.out_proj.weights,4.094227e+01,4.084281e+01,9.975706e-01
200,layers.4.out_proj.log_soft_score_temp,6.929300e-01,2.171397e-04,3.133646e-04
200,layers.4.out_proj.log_select_temp,6.930265e-01,1.206398e-04,1.740767e-04
200,layers.4.residual_lut.weights,1.955266e+01,1.951868e+01,9.982622e-01
200,layers.4.residual_lut.log_soft_score_temp,6.912794e-01,1.867771e-03,2.701905e-03
200,layers.4.residual_lut.log_select_temp,6.925008e-01,6.464124e-04,9.334464e-04
200,layers.4.q_norm.weight,8.008380e+00,1.697002e-02,2.119032e-03
200,layers.4.q_norm.bias,1.093511e-02,1.093511e-02,1.000000e+00
200,layers.4.k_norm.weight,8.007802e+00,1.621327e-02,2.024684e-03
200,layers.4.k_norm.bias,1.608887e-02,1.608887e-02,1.000000e+00
200,layers.5.qk_lut.weights,9.992629e+00,9.939841e+00,9.947173e-01
200,layers.5.qk_lut.log_soft_score_temp,6.928817e-01,2.654791e-04,3.831521e-04
200,layers.5.qk_lut.log_select_temp,6.935346e-01,3.874302e-04,5.586314e-04
200,layers.5.v_lut.weights,2.619215e+01,2.611099e+01,9.969015e-01
200,layers.5.v_lut.log_soft_score_temp,6.931968e-01,4.959106e-05,7.153966e-05
200,layers.5.v_lut.log_select_temp,6.932047e-01,5.751848e-05,8.297474e-05
200,layers.5.out_proj.weights,4.718203e+01,4.709442e+01,9.981432e-01
200,layers.5.out_proj.log_soft_score_temp,6.936073e-01,4.600883e-04,6.633267e-04
200,layers.5.out_proj.log_select_temp,6.937057e-01,5.584955e-04,8.050900e-04
200,layers.5.residual_lut.weights,2.235626e+01,2.232516e+01,9.986088e-01
200,layers.5.residual_lut.log_soft_score_temp,6.922395e-01,9.076595e-04,1.311193e-03
200,layers.5.residual_lut.log_select_temp,6.931901e-01,4.291534e-05,6.190992e-05
200,layers.5.q_norm.weight,8.004886e+00,1.480363e-02,1.849325e-03
200,layers.5.q_norm.bias,1.348844e-02,1.348844e-02,1.000000e+00
200,layers.5.k_norm.weight,8.005097e+00,1.480859e-02,1.849895e-03
200,layers.5.k_norm.bias,2.640350e-02,2.640350e-02,1.000000e+00
200,ln_final.weight,1.988038e+01,2.846198e-01,1.431661e-02
200,ln_final.bias,2.732706e-01,2.732706e-01,1.000000e+00
400,tok_emb_E.weight,2.050996e+02,1.099118e+01,5.358949e-02
400,emb_resid_lut.weights,3.449602e+01,2.752288e+01,7.978566e-01
400,emb_resid_lut.log_soft_score_temp,7.456816e-01,3.872591e-02,5.193358e-02
400,emb_resid_lut.log_select_temp,7.455091e-01,3.860998e-02,5.179008e-02
400,unembedder.weight,1.159774e+02,3.184809e+01,2.746060e-01
400,layers.0.qk_lut.weights,1.860110e+01,1.555445e+01,8.362110e-01
400,layers.0.qk_lut.log_soft_score_temp,7.123120e-01,1.340783e-02,1.882297e-02
400,layers.0.qk_lut.log_select_temp,7.060475e-01,8.179307e-03,1.158464e-02
400,layers.0.v_lut.weights,3.647937e+01,3.138319e+01,8.602997e-01
400,layers.0.v_lut.log_soft_score_temp,7.346694e-01,3.108382e-02,4.230995e-02
400,layers.0.v_lut.log_select_temp,7.337234e-01,3.017557e-02,4.112662e-02
400,layers.0.out_proj.weights,5.588832e+01,4.999659e+01,8.945804e-01
400,layers.0.out_proj.log_soft_score_temp,7.422426e-01,3.964704e-02,5.341521e-02
400,layers.0.out_proj.log_select_temp,7.434620e-01,4.050344e-02,5.447951e-02
400,layers.0.residual_lut.weights,2.672635e+01,2.352048e+01,8.800483e-01
400,layers.0.residual_lut.log_soft_score_temp,6.803946e-01,1.010960e-02,1.485844e-02
400,layers.0.residual_lut.log_select_temp,6.892508e-01,4.309177e-03,6.251973e-03
400,layers.0.q_norm.weight,8.180103e+00,1.663035e-01,2.033025e-02
400,layers.0.q_norm.bias,1.378788e-01,1.046293e-01,7.588500e-01
400,layers.0.k_norm.weight,8.169073e+00,1.569636e-01,1.921437e-02
400,layers.0.k_norm.bias,1.650413e-01,1.261266e-01,7.642121e-01
400,layers.1.qk_lut.weights,1.824349e+01,1.619608e+01,8.877729e-01
400,layers.1.qk_lut.log_soft_score_temp,6.601205e-01,2.840042e-02,4.302308e-02
400,layers.1.qk_lut.log_select_temp,6.910998e-01,3.974795e-03,5.751406e-03
400,layers.1.v_lut.weights,3.674878e+01,3.307411e+01,9.000056e-01
400,layers.1.v_lut.log_soft_score_temp,7.201686e-01,2.116579e-02,2.939005e-02
400,layers.1.v_lut.log_select_temp,7.246602e-01,2.537203e-02,3.501231e-02
400,layers.1.out_proj.weights,5.644777e+01,5.061502e+01,8.966700e-01
400,layers.1.out_proj.log_soft_score_temp,7.081329e-01,1.434922e-02,2.026346e-02
400,layers.1.out_proj.log_select_temp,7.115337e-01,1.713973e-02,2.408843e-02
400,layers.1.residual_lut.weights,2.701252e+01,2.381672e+01,8.816919e-01
400,layers.1.residual_lut.log_soft_score_temp,6.800352e-01,9.218574e-03,1.355602e-02
400,layers.1.residual_lut.log_select_temp,6.890551e-01,2.869606e-03,4.164552e-03
400,layers.1.q_norm.weight,8.133610e+00,1.256473e-01,1.544791e-02
400,layers.1.q_norm.bias,1.101869e-01,8.575576e-02,7.782755e-01
400,layers.1.k_norm.weight,8.128022e+00,1.204685e-01,1.482138e-02
400,layers.1.k_norm.bias,1.760320e-01,1.390765e-01,7.900640e-01
400,layers.2.qk_lut.weights,1.827819e+01,1.607946e+01,8.797073e-01
400,layers.2.qk_lut.log_soft_score_temp,6.653945e-01,2.300847e-02,3.457868e-02
400,layers.2.qk_lut.log_select_temp,6.941072e-01,1.288891e-03,1.856904e-03
400,layers.2.v_lut.weights,3.567462e+01,3.152063e+01,8.835588e-01
400,layers.2.v_lut.log_soft_score_temp,7.044569e-01,7.577896e-03,1.075708e-02
400,layers.2.v_lut.log_select_temp,7.089432e-01,1.127636e-02,1.590588e-02
400,layers.2.out_proj.weights,6.637441e+01,5.527501e+01,8.327758e-01
400,layers.2.out_proj.log_soft_score_temp,6.963853e-01,3.496528e-03,5.020967e-03
400,layers.2.out_proj.log_select_temp,6.977241e-01,4.723072e-03,6.769255e-03
400,layers.2.residual_lut.weights,2.725724e+01,2.368414e+01,8.689116e-01
400,layers.2.residual_lut.log_soft_score_temp,6.800123e-01,9.598076e-03,1.411456e-02
400,layers.2.residual_lut.log_select_temp,6.874948e-01,4.340887e-03,6.314065e-03
400,layers.2.q_norm.weight,8.072483e+00,8.035746e-02,9.954491e-03
400,layers.2.q_norm.bias,6.826352e-02,4.995183e-02,7.317500e-01
400,layers.2.k_norm.weight,8.065744e+00,7.823542e-02,9.699714e-03
400,layers.2.k_norm.bias,1.142687e-01,8.456143e-02,7.400229e-01
400,layers.3.qk_lut.weights,1.858545e+01,1.624900e+01,8.742862e-01
400,layers.3.qk_lut.log_soft_score_temp,6.923072e-01,9.418130e-04,1.360397e-03
400,layers.3.qk_lut.log_select_temp,7.035356e-01,8.798838e-03,1.250660e-02
400,layers.3.v_lut.weights,3.643387e+01,3.161781e+01,8.678138e-01
400,layers.3.v_lut.log_soft_score_temp,6.961393e-01,2.317011e-03,3.328373e-03
400,layers.3.v_lut.log_select_temp,6.964127e-01,2.479255e-03,3.560037e-03
400,layers.3.out_proj.weights,6.738678e+01,5.650729e+01,8.385516e-01
400,layers.3.out_proj.log_soft_score_temp,6.818418e-01,9.211123e-03,1.350918e-02
400,layers.3.out_proj.log_select_temp,6.834387e-01,7.699907e-03,1.126642e-02
400,layers.3.residual_lut.weights,2.868377e+01,2.375914e+01,8.283127e-01
400,layers.3.residual_lut.log_soft_score_temp,6.805770e-01,9.078383e-03,1.333925e-02
400,layers.3.residual_lut.log_select_temp,6.862175e-01,5.254388e-03,7.657029e-03
400,layers.3.q_norm.weight,8.000965e+00,2.251796e-02,2.814405e-03
400,layers.3.q_norm.bias,2.316333e-02,2.121923e-02,9.160698e-01
400,layers.3.k_norm.weight,8.002218e+00,2.542868e-02,3.177704e-03
400,layers.3.k_norm.bias,3.321231e-02,2.882683e-02,8.679562e-01
400,layers.4.qk_lut.weights,1.892239e+01,1.651471e+01,8.727601e-01
400,layers.4.qk_lut.log_soft_score_temp,6.888012e-01,5.226672e-03,7.588070e-03
400,layers.4.qk_lut.log_select_temp,6.968517e-01,1.946092e-03,2.792691e-03
400,layers.4.v_lut.weights,4.252118e+01,3.475008e+01,8.172417e-01
400,layers.4.v_lut.log_soft_score_temp,6.953178e-01,1.415312e-03,2.035490e-03
400,layers.4.v_lut.log_select_temp,6.953979e-01,1.462579e-03,2.103226e-03
400,layers.4.out_proj.weights,1.076077e+02,8.128202e+01,7.553553e-01
400,layers.4.out_proj.log_soft_score_temp,6.895737e-01,3.356338e-03,4.867264e-03
400,layers.4.out_proj.log_select_temp,6.906729e-01,2.353668e-03,3.407790e-03
400,layers.4.residual_lut.weights,4.726200e+01,3.533246e+01,7.475871e-01
400,layers.4.residual_lut.log_soft_score_temp,6.864134e-01,4.866004e-03,7.089028e-03
400,layers.4.residual_lut.log_select_temp,6.894909e-01,3.009915e-03,4.365417e-03
400,layers.4.q_norm.weight,8.032890e+00,5.036971e-02,6.270434e-03
400,layers.4.q_norm.bias,3.704218e-02,2.729629e-02,7.368975e-01
400,layers.4.k_norm.weight,8.029848e+00,4.906476e-02,6.110297e-03
400,layers.4.k_norm.bias,6.050005e-02,4.644669e-02,7.677133e-01
400,layers.5.qk_lut.weights,2.439890e+01,1.967700e+01,8.064710e-01
400,layers.5.qk_lut.log_soft_score_temp,6.935337e-01,6.520152e-04,9.401348e-04
400,layers.5.qk_lut.log_select_temp,6.949053e-01,1.370668e-03,1.972454e-03
400,layers.5.v_lut.weights,7.551684e+01,5.754950e+01,7.620751e-01
400,layers.5.v_lut.log_soft_score_temp,6.938260e-01,6.292462e-04,9.069222e-04
400,layers.5.v_lut.log_select_temp,6.936869e-01,4.822016e-04,6.951286e-04
400,layers.5.out_proj.weights,1.581328e+02,1.181877e+02,7.473948e-01
400,layers.5.out_proj.log_soft_score_temp,6.898981e-01,3.709197e-03,5.376442e-03
400,layers.5.out_proj.log_select_temp,6.903940e-01,3.311634e-03,4.796730e-03
400,layers.5.residual_lut.weights,7.506147e+01,5.623532e+01,7.491902e-01
400,layers.5.residual_lut.log_soft_score_temp,6.896045e-01,2.635002e-03,3.821034e-03
400,layers.5.residual_lut.log_select_temp,6.915439e-01,1.646161e-03,2.380414e-03
400,layers.5.q_norm.weight,8.005075e+00,2.544782e-02,3.178961e-03
400,layers.5.q_norm.bias,2.996908e-02,1.774524e-02,5.921183e-01
400,layers.5.k_norm.weight,8.006138e+00,2.584918e-02,3.228670e-03
400,layers.5.k_norm.bias,6.320918e-02,3.928038e-02,6.214348e-01
400,ln_final.weight,2.058499e+01,7.082718e-01,3.440720e-02
400,ln_final.bias,6.415569e-01,3.695041e-01,5.759491e-01
600,tok_emb_E.weight,2.056042e+02,1.237293e+01,6.017837e-02
600,emb_resid_lut.weights,5.569382e+01,3.187350e+01,5.722988e-01
600,emb_resid_lut.log_soft_score_temp,7.963116e-01,5.062997e-02,6.358061e-02
600,emb_resid_lut.log_select_temp,7.962413e-01,5.073220e-02,6.371460e-02
600,unembedder.weight,1.252182e+02,2.675957e+01,2.137036e-01
600,layers.0.qk_lut.weights,2.970275e+01,1.873767e+01,6.308394e-01
600,layers.0.qk_lut.log_soft_score_temp,7.287889e-01,1.647687e-02,2.260856e-02
600,layers.0.qk_lut.log_select_temp,7.175363e-01,1.148880e-02,1.601145e-02
600,layers.0.v_lut.weights,5.904864e+01,3.876069e+01,6.564197e-01
600,layers.0.v_lut.log_soft_score_temp,7.717131e-01,3.704375e-02,4.800197e-02
600,layers.0.v_lut.log_select_temp,7.714985e-01,3.777510e-02,4.896328e-02
600,layers.0.out_proj.weights,8.803867e+01,6.298858e+01,7.154650e-01
600,layers.0.out_proj.log_soft_score_temp,7.773499e-01,3.510731e-02,4.516282e-02
600,layers.0.out_proj.log_select_temp,7.886112e-01,4.514921e-02,5.725154e-02
600,layers.0.residual_lut.weights,4.097260e+01,2.902361e+01,7.083662e-01
600,layers.0.residual_lut.log_soft_score_temp,6.595498e-01,2.084482e-02,3.160461e-02
600,layers.0.residual_lut.log_select_temp,6.793151e-01,9.935677e-03,1.462602e-02
600,layers.0.q_norm.weight,8.311690e+00,1.618909e-01,1.947749e-02
600,layers.0.q_norm.bias,2.319261e-01,9.677263e-02,4.172563e-01
600,layers.0.k_norm.weight,8.293768e+00,1.540131e-01,1.856974e-02
600,layers.0.k_norm.bias,2.786864e-01,1.182217e-01,4.242106e-01
600,layers.1.qk_lut.weights,2.943618e+01,2.053462e+01,6.975981e-01
600,layers.1.qk_lut.log_soft_score_temp,6.180186e-01,4.210192e-02,6.812403e-02
600,layers.1.qk_lut.log_select_temp,6.849955e-01,6.104290e-03,8.911431e-03
600,layers.1.v_lut.weights,5.947004e+01,4.247902e+01,7.142929e-01
600,layers.1.v_lut.log_soft_score_temp,7.381838e-01,1.801521e-02,2.440477e-02
600,layers.1.v_lut.log_select_temp,7.615190e-01,3.685880e-02,4.840168e-02
600,layers.1.out_proj.weights,8.865446e+01,6.402490e+01,7.221848e-01
600,layers.1.out_proj.log_soft_score_temp,7.276244e-01,1.949149e-02,2.678785e-02
600,layers.1.out_proj.log_select_temp,7.396329e-01,2.809918e-02,3.799071e-02
600,layers.1.residual_lut.weights,4.209742e+01,2.959341e+01,7.029745e-01
600,layers.1.residual_lut.log_soft_score_temp,6.631582e-01,1.687706e-02,2.544952e-02
600,layers.1.residual_lut.log_select_temp,6.847513e-01,4.303873e-03,6.285308e-03
600,layers.1.q_norm.weight,8.265588e+00,1.514017e-01,1.831712e-02
600,layers.1.q_norm.bias,2.006307e-01,9.243941e-02,4.607440e-01
600,layers.1.k_norm.weight,8.254888e+00,1.455070e-01,1.762677e-02
600,layers.1.k_norm.bias,3.185396e-01,1.469914e-01,4.614541e-01
600,layers.2.qk_lut.weights,2.940239e+01,2.064590e+01,7.021846e-01
600,layers.2.qk_lut.log_soft_score_temp,6.254467e-01,3.994775e-02,6.387074e-02
600,layers.2.qk_lut.log_select_temp,6.951344e-01,1.027167e-03,1.477652e-03
600,layers.2.v_lut.weights,5.789589e+01,4.145737e+01,7.160676e-01
600,layers.2.v_lut.log_soft_score_temp,7.184854e-01,1.402849e-02,1.952509e-02
600,layers.2.v_lut.log_select_temp,7.356778e-01,2.673453e-02,3.634000e-02
600,layers.2.out_proj.weights,9.881933e+01,6.798640e+01,6.879868e-01
600,layers.2.out_proj.log_soft_score_temp,7.099237e-01,1.353842e-02,1.907025e-02
600,layers.2.out_proj.log_select_temp,7.171221e-01,1.939797e-02,2.704975e-02
600,layers.2.residual_lut.weights,4.241113e+01,2.983151e+01,7.033886e-01
600,layers.2.residual_lut.log_soft_score_temp,6.629989e-01,1.701349e-02,2.566142e-02
600,layers.2.residual_lut.log_select_temp,6.823319e-01,5.162895e-03,7.566544e-03
600,layers.2.q_norm.weight,8.172248e+00,1.217142e-01,1.489361e-02
600,layers.2.q_norm.bias,1.321171e-01,6.508131e-02,4.926034e-01
600,layers.2.k_norm.weight,8.156710e+00,1.150208e-01,1.410138e-02
600,layers.2.k_norm.bias,2.185420e-01,1.085557e-01,4.967271e-01
600,layers.3.qk_lut.weights,2.978458e+01,2.091555e+01,7.022276e-01
600,layers.3.qk_lut.log_soft_score_temp,6.779603e-01,1.434690e-02,2.116185e-02
600,layers.3.qk_lut.log_select_temp,7.115231e-01,7.987499e-03,1.122592e-02
600,layers.3.v_lut.weights,5.813062e+01,4.152000e+01,7.142535e-01
600,layers.3.v_lut.log_soft_score_temp,7.002332e-01,4.093826e-03,5.846375e-03
600,layers.3.v_lut.log_select_temp,7.011010e-01,4.688263e-03,6.687001e-03
600,layers.3.out_proj.weights,1.007095e+02,7.100491e+01,7.050466e-01
600,layers.3.out_proj.log_soft_score_temp,6.634606e-01,1.838124e-02,2.770510e-02
600,layers.3.out_proj.log_select_temp,6.709900e-01,1.244861e-02,1.855260e-02
600,layers.3.residual_lut.weights,4.290883e+01,3.011288e+01,7.017876e-01
600,layers.3.residual_lut.log_soft_score_temp,6.645968e-01,1.598018e-02,2.404493e-02
600,layers.3.residual_lut.log_select_temp,6.789331e-01,7.284403e-03,1.072919e-02
600,layers.3.q_norm.weight,8.037429e+00,4.816359e-02,5.992413e-03
600,layers.3.q_norm.bias,5.341710e-02,3.200090e-02,5.990760e-01
600,layers.3.k_norm.weight,8.037651e+00,4.807961e-02,5.981798e-03
600,layers.3.k_norm.bias,6.861333e-02,3.946172e-02,5.751319e-01
600,layers.4.qk_lut.weights,3.014134e+01,2.116165e+01,7.020806e-01
600,layers.4.qk_lut.log_soft_score_temp,6.685326e-01,2.026868e-02,3.031816e-02
600,layers.4.qk_lut.log_select_temp,7.001307e-01,3.278971e-03,4.683369e-03
600,layers.4.v_lut.weights,6.385315e+01,4.347880e+01,6.809187e-01
600,layers.4.v_lut.log_soft_score_temp,6.968194e-01,1.501560e-03,2.154877e-03
600,layers.4.v_lut.log_select_temp,6.975989e-01,2.201080e-03,3.155223e-03
600,layers.4.out_proj.weights,1.543455e+02,8.882369e+01,5.754861e-01
600,layers.4.out_proj.log_soft_score_temp,6.866826e-01,2.891123e-03,4.210276e-03
600,layers.4.out_proj.log_select_temp,6.911721e-01,4.992485e-04,7.223215e-04
600,layers.4.residual_lut.weights,6.814121e+01,3.769061e+01,5.531251e-01
600,layers.4.residual_lut.log_soft_score_temp,6.787220e-01,7.691383e-03,1.133216e-02
600,layers.4.residual_lut.log_select_temp,6.857742e-01,3.716648e-03,5.419638e-03
600,layers.4.q_norm.weight,8.083472e+00,7.367337e-02,9.114075e-03
600,layers.4.q_norm.bias,7.664877e-02,4.125964e-02,5.382948e-01
600,layers.4.k_norm.weight,8.079679e+00,7.561303e-02,9.358419e-03
600,layers.4.k_norm.bias,1.383800e-01,8.116389e-02,5.865289e-01
600,layers.5.qk_lut.weights,3.634198e+01,2.313074e+01,6.364743e-01
600,layers.5.qk_lut.log_soft_score_temp,6.943713e-01,8.375645e-04,1.206220e-03
600,layers.5.qk_lut.log_select_temp,6.983953e-01,3.490031e-03,4.997214e-03
600,layers.5.v_lut.weights,1.153372e+02,6.225455e+01,5.397613e-01
600,layers.5.v_lut.log_soft_score_temp,6.946439e-01,8.178353e-04,1.177345e-03
600,layers.5.v_lut.log_select_temp,6.944152e-01,7.283092e-04,1.048809e-03
600,layers.5.out_proj.weights,2.691390e+02,1.394705e+02,5.182099e-01
600,layers.5.out_proj.log_soft_score_temp,6.832048e-01,6.693244e-03,9.796834e-03
600,layers.5.out_proj.log_select_temp,6.857992e-01,4.594803e-03,6.699924e-03
600,layers.5.residual_lut.weights,1.302557e+02,6.495094e+01,4.986417e-01
600,layers.5.residual_lut.log_soft_score_temp,6.869375e-01,2.667069e-03,3.882551e-03
600,layers.5.residual_lut.log_select_temp,6.902665e-01,1.277447e-03,1.850657e-03
600,layers.5.q_norm.weight,8.015980e+00,2.932100e-02,3.657818e-03
600,layers.5.q_norm.bias,4.934265e-02,2.230359e-02,4.520144e-01
600,layers.5.k_norm.weight,8.017953e+00,3.091287e-02,3.855456e-03
600,layers.5.k_norm.bias,1.062569e-01,4.655638e-02,4.381494e-01
600,ln_final.weight,2.150839e+01,9.304966e-01,4.326203e-02
600,ln_final.bias,8.396732e-01,2.059657e-01,2.452927e-01
800,tok_emb_E.weight,2.060986e+02,1.150814e+01,5.583806e-02
800,emb_resid_lut.weights,7.096909e+01,2.922556e+01,4.118069e-01
800,emb_resid_lut.log_soft_score_temp,8.469256e-01,5.061400e-02,5.976204e-02
800,emb_resid_lut.log_select_temp,8.471672e-01,5.092585e-02,6.011311e-02
800,unembedder.weight,1.328968e+02,2.191490e+01,1.649016e-01
800,layers.0.qk_lut.weights,3.752713e+01,1.774522e+01,4.728638e-01
800,layers.0.qk_lut.log_soft_score_temp,7.434348e-01,1.464593e-02,1.970036e-02
800,layers.0.qk_lut.log_select_temp,7.291968e-01,1.166052e-02,1.599090e-02
800,layers.0.v_lut.weights,7.475326e+01,3.796538e+01,5.078759e-01
800,layers.0.v_lut.log_soft_score_temp,7.991510e-01,2.743787e-02,3.433377e-02
800,layers.0.v_lut.log_select_temp,8.039480e-01,3.244954e-02,4.036274e-02
800,layers.0.out_proj.weights,1.103025e+02,6.105231e+01,5.534991e-01
800,layers.0.out_proj.log_soft_score_temp,7.779068e-01,5.569458e-04,7.159544e-04
800,layers.0.out_proj.log_select_temp,8.210738e-01,3.246266e-02,3.953683e-02
800,layers.0.residual_lut.weights,5.051419e+01,2.797100e+01,5.537257e-01
800,layers.0.residual_lut.log_soft_score_temp,6.292255e-01,3.032434e-02,4.819312e-02
800,layers.0.residual_lut.log_select_temp,6.636467e-01,1.566845e-02,2.360963e-02
800,layers.0.q_norm.weight,8.395174e+00,1.044331e-01,1.243965e-02
800,layers.0.q_norm.bias,2.923912e-01,6.269541e-02,2.144230e-01
800,layers.0.k_norm.weight,8.371696e+00,9.827659e-02,1.173915e-02
800,layers.0.k_norm.bias,3.532697e-01,7.834861e-02,2.217813e-01
800,layers.1.qk_lut.weights,3.734421e+01,1.983409e+01,5.311156e-01
800,layers.1.qk_lut.log_soft_score_temp,5.786066e-01,3.941202e-02,6.811540e-02
800,layers.1.qk_lut.log_select_temp,6.837133e-01,1.282215e-03,1.875370e-03
800,layers.1.v_lut.weights,7.521698e+01,4.162524e+01,5.534022e-01
800,layers.1.v_lut.log_soft_score_temp,7.208818e-01,1.730204e-02,2.400121e-02
800,layers.1.v_lut.log_select_temp,7.919698e-01,3.045088e-02,3.844955e-02
800,layers.1.out_proj.weights,1.110902e+02,6.213912e+01,5.593571e-01
800,layers.1.out_proj.log_soft_score_temp,7.348617e-01,7.237256e-03,9.848460e-03
800,layers.1.out_proj.log_select_temp,7.655199e-01,2.588695e-02,3.381617e-02
800,layers.1.residual_lut.weights,5.238391e+01,2.841825e+01,5.424995e-01
800,layers.1.residual_lut.log_soft_score_temp,6.391828e-01,2.397537e-02,3.750941e-02
800,layers.1.residual_lut.log_select_temp,6.781374e-01,6.613910e-03,9.753054e-03
800,layers.1.q_norm.weight,8.373249e+00,1.172489e-01,1.400280e-02
800,layers.1.q_norm.bias,2.607015e-01,6.139150e-02,2.354858e-01
800,layers.1.k_norm.weight,8.358046e+00,1.135112e-01,1.358107e-02
800,layers.1.k_norm.bias,4.183488e-01,1.041520e-01,2.489597e-01
800,layers.2.qk_lut.weights,3.727898e+01,2.015692e+01,5.407046e-01
800,layers.2.qk_lut.log_soft_score_temp,5.816666e-01,4.378015e-02,7.526674e-02
800,layers.2.qk_lut.log_select_temp,6.961770e-01,1.042604e-03,1.497614e-03
800,layers.2.v_lut.weights,7.370626e+01,4.090881e+01,5.550249e-01
800,layers.2.v_lut.log_soft_score_temp,7.225040e-01,4.018545e-03,5.561970e-03
800,layers.2.v_lut.log_select_temp,7.659792e-01,3.030145e-02,3.955910e-02
800,layers.2.out_proj.weights,1.212846e+02,6.481107e+01,5.343718e-01
800,layers.2.out_proj.log_soft_score_temp,7.255770e-01,1.565331e-02,2.157361e-02
800,layers.2.out_proj.log_select_temp,7.435392e-01,2.641714e-02,3.552891e-02
800,layers.2.residual_lut.weights,5.306360e+01,2.872953e+01,5.414170e-01
800,layers.2.residual_lut.log_soft_score_temp,6.419767e-01,2.102220e-02,3.274605e-02
800,layers.2.residual_lut.log_select_temp,6.772870e-01,5.044878e-03,7.448655e-03
800,layers.2.q_norm.weight,8.269016e+00,1.082067e-01,1.308580e-02
800,layers.2.q_norm.bias,1.769296e-01,4.625729e-02,2.614446e-01
800,layers.2.k_norm.weight,8.246451e+00,1.042391e-01,1.264048e-02
800,layers.2.k_norm.bias,2.962811e-01,8.443656e-02,2.849880e-01
800,layers.3.qk_lut.weights,3.766475e+01,2.034337e+01,5.401171e-01
800,layers.3.qk_lut.log_soft_score_temp,6.538640e-01,2.409631e-02,3.685217e-02
800,layers.3.qk_lut.log_select_temp,7.180476e-01,6.524444e-03,9.086367e-03
800,layers.3.v_lut.weights,7.363722e+01,4.112666e+01,5.585037e-01
800,layers.3.v_lut.log_soft_score_temp,7.054596e-01,5.226433e-03,7.408551e-03
800,layers.3.v_lut.log_select_temp,7.080547e-01,6.953657e-03,9.820791e-03
800,layers.3.out_proj.weights,1.229391e+02,6.674994e+01,5.429513e-01
800,layers.3.out_proj.log_soft_score_temp,6.445083e-01,1.895225e-02,2.940575e-02
800,layers.3.out_proj.log_select_temp,6.631617e-01,7.828355e-03,1.180459e-02
800,layers.3.residual_lut.weights,5.321697e+01,2.918651e+01,5.484436e-01
800,layers.3.residual_lut.log_soft_score_temp,6.459734e-01,1.862341e-02,2.883000e-02
800,layers.3.residual_lut.log_select_temp,6.720744e-01,6.858766e-03,1.020537e-02
800,layers.3.q_norm.weight,8.087280e+00,5.529993e-02,6.837889e-03
800,layers.3.q_norm.bias,7.513500e-02,2.592517e-02,3.450479e-01
800,layers.3.k_norm.weight,8.085960e+00,5.419084e-02,6.701843e-03
800,layers.3.k_norm.bias,1.006714e-01,3.770624e-02,3.745478e-01
800,layers.4.qk_lut.weights,3.797025e+01,2.048369e+01,5.394668e-01
800,layers.4.qk_lut.log_soft_score_temp,6.476817e-01,2.085084e-02,3.219303e-02
800,layers.4.qk_lut.log_select_temp,7.012741e-01,1.143396e-03,1.630455e-03
800,layers.4.v_lut.weights,7.917637e+01,4.256652e+01,5.376164e-01
800,layers.4.v_lut.log_soft_score_temp,6.983277e-01,1.508296e-03,2.159868e-03
800,layers.4.v_lut.log_select_temp,7.005037e-01,2.904773e-03,4.146691e-03
800,layers.4.out_proj.weights,1.831858e+02,7.924259e+01,4.325804e-01
800,layers.4.out_proj.log_soft_score_temp,6.857033e-01,9.793043e-04,1.428175e-03
800,layers.4.out_proj.log_select_temp,6.975765e-01,6.404400e-03,9.180928e-03
800,layers.4.residual_lut.weights,8.152978e+01,3.399313e+01,4.169412e-01
800,layers.4.residual_lut.log_soft_score_temp,6.699566e-01,8.765459e-03,1.308362e-02
800,layers.4.residual_lut.log_select_temp,6.824977e-01,3.276467e-03,4.800701e-03
800,layers.4.q_norm.weight,8.144619e+00,8.082995e-02,9.924338e-03
800,layers.4.q_norm.bias,1.194790e-01,4.393006e-02,3.676802e-01
800,layers.4.k_norm.weight,8.138200e+00,7.970758e-02,9.794252e-03
800,layers.4.k_norm.bias,2.214096e-01,8.548123e-02,3.860772e-01
800,layers.5.qk_lut.weights,4.448133e+01,2.186059e+01,4.914554e-01
800,layers.5.qk_lut.log_soft_score_temp,6.926501e-01,1.721203e-03,2.484954e-03
800,layers.5.qk_lut.log_select_temp,7.019316e-01,3.536284e-03,5.037932e-03
800,layers.5.v_lut.weights,1.417697e+02,5.544340e+01,3.910808e-01
800,layers.5.v_lut.log_soft_score_temp,6.953918e-01,7.479787e-04,1.075622e-03
800,layers.5.v_lut.log_select_temp,6.951463e-01,7.310510e-04,1.051651e-03
800,layers.5.out_proj.weights,3.578477e+02,1.317757e+02,3.682452e-01
800,layers.5.out_proj.log_soft_score_temp,6.757008e-01,7.503986e-03,1.110549e-02
800,layers.5.out_proj.log_select_temp,6.825917e-01,3.207564e-03,4.699097e-03
800,layers.5.residual_lut.weights,1.768104e+02,5.994528e+01,3.390370e-01
800,layers.5.residual_lut.log_soft_score_temp,6.843546e-01,2.582848e-03,3.774137e-03
800,layers.5.residual_lut.log_select_temp,6.892865e-01,9.800196e-04,1.421788e-03
800,layers.5.q_norm.weight,8.026783e+00,3.564575e-02,4.440851e-03
800,layers.5.q_norm.bias,6.873319e-02,2.258958e-02,3.286562e-01
800,layers.5.k_norm.weight,8.029371e+00,3.623784e-02,4.513161e-03
800,layers.5.k_norm.bias,1.494723e-01,4.692967e-02,3.139690e-01
800,ln_final.weight,2.245877e+01,9.550563e-01,4.252487e-02
800,ln_final.bias,9.782919e-01,1.543978e-01,1.578239e-01
1000,tok_emb_E.weight,2.065645e+02,1.091562e+01,5.284363e-02
1000,emb_resid_lut.weights,8.299492e+01,2.721683e+01,3.279336e-01
1000,emb_resid_lut.log_soft_score_temp,8.972745e-01,5.034894e-02,5.611319e-02
1000,emb_resid_lut.log_select_temp,8.980374e-01,5.087018e-02,5.664595e-02
1000,unembedder.weight,1.391033e+02,1.878588e+01,1.350499e-01
1000,layers.0.qk_lut.weights,4.370398e+01,1.705812e+01,3.903104e-01
1000,layers.0.qk_lut.log_soft_score_temp,7.563783e-01,1.294345e-02,1.711240e-02
1000,layers.0.qk_lut.log_select_temp,7.418410e-01,1.264417e-02,1.704432e-02
1000,layers.0.v_lut.weights,8.701210e+01,3.714958e+01,4.269473e-01
1000,layers.0.v_lut.log_soft_score_temp,8.162803e-01,1.712930e-02,2.098458e-02
1000,layers.0.v_lut.log_select_temp,8.305842e-01,2.663612e-02,3.206914e-02
1000,layers.0.out_proj.weights,1.277061e+02,5.901648e+01,4.621272e-01
1000,layers.0.out_proj.log_soft_score_temp,7.493293e-01,2.857757e-02,3.813753e-02
1000,layers.0.out_proj.log_select_temp,8.399644e-01,1.889056e-02,2.248971e-02
1000,layers.0.residual_lut.weights,5.790457e+01,2.699671e+01,4.662276e-01
1000,layers.0.residual_lut.log_soft_score_temp,5.940992e-01,3.512633e-02,5.912536e-02
1000,layers.0.residual_lut.log_select_temp,6.447303e-01,1.891637e-02,2.933997e-02
1000,layers.0.q_norm.weight,8.458817e+00,7.644932e-02,9.037826e-03
1000,layers.0.q_norm.bias,3.367036e-01,4.563234e-02,1.355267e-01
1000,layers.0.k_norm.weight,8.431052e+00,7.176302e-02,8.511751e-03
1000,layers.0.k_norm.bias,4.072953e-01,5.740696e-02,1.409468e-01
1000,layers.1.qk_lut.weights,4.358879e+01,1.919647e+01,4.403993e-01
1000,layers.1.qk_lut.log_soft_score_temp,5.403706e-01,3.823596e-02,7.075877e-02
1000,layers.1.qk_lut.log_select_temp,6.843519e-01,6.386042e-04,9.331517e-04
1000,layers.1.v_lut.weights,8.746137e+01,4.052848e+01,4.633872e-01
1000,layers.1.v_lut.log_soft_score_temp,6.782493e-01,4.263246e-02,6.285662e-02
1000,layers.1.v_lut.log_select_temp,8.125601e-01,2.059025e-02,2.533997e-02
1000,layers.1.out_proj.weights,1.286052e+02,6.008462e+01,4.672022e-01
1000,layers.1.out_proj.log_soft_score_temp,7.247939e-01,1.006776e-02,1.389052e-02
1000,layers.1.out_proj.log_select_temp,7.860075e-01,2.048767e-02,2.606548e-02
1000,layers.1.residual_lut.weights,6.037238e+01,2.736615e+01,4.532893e-01
1000,layers.1.residual_lut.log_soft_score_temp,6.102981e-01,2.888471e-02,4.732885e-02
1000,layers.1.residual_lut.log_select_temp,6.701940e-01,7.943332e-03,1.185229e-02
1000,layers.1.q_norm.weight,8.457111e+00,9.006342e-02,1.064943e-02
1000,layers.1.q_norm.bias,3.047251e-01,4.525387e-02,1.485072e-01
1000,layers.1.k_norm.weight,8.438223e+00,8.739236e-02,1.035673e-02
1000,layers.1.k_norm.bias,4.923758e-01,7.804366e-02,1.585043e-01
1000,layers.2.qk_lut.weights,4.349010e+01,1.961264e+01,4.509680e-01
1000,layers.2.qk_lut.log_soft_score_temp,5.342976e-01,4.736894e-02,8.865647e-02
1000,layers.2.qk_lut.log_select_temp,6.969222e-01,7.452369e-04,1.069326e-03
1000,layers.2.v_lut.weights,8.615623e+01,3.995105e+01,4.637047e-01
1000,layers.2.v_lut.log_soft_score_temp,7.050614e-01,1.744252e-02,2.473901e-02
1000,layers.2.v_lut.log_select_temp,7.988580e-01,3.287882e-02,4.115727e-02
1000,layers.2.out_proj.weights,1.388252e+02,6.198600e+01,4.465039e-01
1000,layers.2.out_proj.log_soft_score_temp,7.384019e-01,1.282489e-02,1.736845e-02
1000,layers.2.out_proj.log_select_temp,7.720309e-01,2.849168e-02,3.690484e-02
1000,layers.2.residual_lut.weights,6.143877e+01,2.770649e+01,4.509610e-01
1000,layers.2.residual_lut.log_soft_score_temp,6.170945e-01,2.488214e-02,4.032144e-02
1000,layers.2.residual_lut.log_select_temp,6.725785e-01,4.708529e-03,7.000712e-03
1000,layers.2.q_norm.weight,8.363729e+00,1.036839e-01,1.239685e-02
1000,layers.2.q_norm.bias,2.099256e-01,3.647130e-02,1.737344e-01
1000,layers.2.k_norm.weight,8.336441e+00,1.018166e-01,1.221344e-02
1000,layers.2.k_norm.bias,3.564162e-01,7.061845e-02,1.981348e-01
1000,layers.3.qk_lut.weights,4.386142e+01,1.977969e+01,4.509588e-01
1000,layers.3.qk_lut.log_soft_score_temp,6.236047e-01,3.025931e-02,4.852322e-02
1000,layers.3.qk_lut.log_select_temp,7.203734e-01,2.325833e-03,3.228649e-03
1000,layers.3.v_lut.weights,8.594884e+01,4.005970e+01,4.660877e-01
1000,layers.3.v_lut.log_soft_score_temp,7.108282e-01,5.368590e-03,7.552585e-03
1000,layers.3.v_lut.log_select_temp,7.168788e-01,8.824170e-03,1.230915e-02
1000,layers.3.out_proj.weights,1.398163e+02,6.307501e+01,4.511279e-01
1000,layers.3.out_proj.log_soft_score_temp,6.308385e-01,1.366979e-02,2.166924e-02
1000,layers.3.out_proj.log_select_temp,6.628512e-01,3.104806e-04,4.684016e-04
1000,layers.3.residual_lut.weights,6.147805e+01,2.815516e+01,4.579710e-01
1000,layers.3.residual_lut.log_soft_score_temp,6.256640e-01,2.030939e-02,3.246054e-02
1000,layers.3.residual_lut.log_select_temp,6.662084e-01,5.865991e-03,8.805039e-03
1000,layers.3.q_norm.weight,8.148210e+00,6.616346e-02,8.120000e-03
1000,layers.3.q_norm.bias,9.967692e-02,2.808100e-02,2.817201e-01
1000,layers.3.k_norm.weight,8.144790e+00,6.375735e-02,7.827992e-03
1000,layers.3.k_norm.bias,1.367700e-01,4.122151e-02,3.013930e-01
1000,layers.4.qk_lut.weights,4.417558e+01,1.995144e+01,4.516395e-01
1000,layers.4.qk_lut.log_soft_score_temp,6.210411e-01,2.664065e-02,4.289677e-02
1000,layers.4.qk_lut.log_select_temp,6.986752e-01,2.598882e-03,3.719728e-03
1000,layers.4.v_lut.weights,9.127806e+01,4.129108e+01,4.523658e-01
1000,layers.4.v_lut.log_soft_score_temp,6.997601e-01,1.432478e-03,2.047099e-03
1000,layers.4.v_lut.log_select_temp,7.040372e-01,3.533542e-03,5.018970e-03
1000,layers.4.out_proj.weights,2.047173e+02,7.426054e+01,3.627467e-01
1000,layers.4.out_proj.log_soft_score_temp,6.850793e-01,6.239414e-04,9.107579e-04
1000,layers.4.out_proj.log_select_temp,7.062481e-01,8.671582e-03,1.227838e-02
1000,layers.4.residual_lut.weights,9.157179e+01,3.191244e+01,3.484964e-01
1000,layers.4.residual_lut.log_soft_score_temp,6.599577e-01,9.998858e-03,1.515076e-02
1000,layers.4.residual_lut.log_select_temp,6.796420e-01,2.855718e-03,4.201797e-03
1000,layers.4.q_norm.weight,8.208654e+00,7.676158e-02,9.351299e-03
1000,layers.4.q_norm.bias,1.581632e-01,3.979169e-02,2.515862e-01
1000,layers.4.k_norm.weight,8.201781e+00,7.846135e-02,9.566379e-03
1000,layers.4.k_norm.bias,2.949137e-01,7.718903e-02,2.617343e-01
1000,layers.5.qk_lut.weights,5.090439e+01,2.088869e+01,4.103513e-01
1000,layers.5.qk_lut.log_soft_score_temp,6.859329e-01,6.717145e-03,9.792715e-03
1000,layers.5.qk_lut.log_select_temp,7.044016e-01,2.470016e-03,3.506546e-03
1000,layers.5.v_lut.weights,1.617580e+02,5.137724e+01,3.176179e-01
1000,layers.5.v_lut.log_soft_score_temp,6.960864e-01,6.945729e-04,9.978257e-04
1000,layers.5.v_lut.log_select_temp,6.959432e-01,7.969141e-04,1.145085e-03
1000,layers.5.out_proj.weights,4.374090e+02,1.245633e+02,2.847755e-01
1000,layers.5.out_proj.log_soft_score_temp,6.660653e-01,9.635508e-03,1.446631e-02
1000,layers.5.out_proj.log_select_temp,6.793852e-01,3.206432e-03,4.719608e-03
1000,layers.5.residual_lut.weights,2.180920e+02,5.565894e+01,2.552085e-01
1000,layers.5.residual_lut.log_soft_score_temp,6.818435e-01,2.511144e-03,3.682874e-03
1000,layers.5.residual_lut.log_select_temp,6.885599e-01,7.265806e-04,1.055218e-03
1000,layers.5.q_norm.weight,8.043783e+00,3.305054e-02,4.108830e-03
1000,layers.5.q_norm.bias,8.504716e-02,1.892591e-02,2.225343e-01
1000,layers.5.k_norm.weight,8.046998e+00,3.285507e-02,4.082898e-03
1000,layers.5.k_norm.bias,1.838301e-01,4.200370e-02,2.284919e-01
1000,ln_final.weight,2.339024e+01,9.350147e-01,3.997456e-02
1000,ln_final.bias,1.085566e+00,1.294197e-01,1.192187e-01
1200,tok_emb_E.weight,2.069897e+02,1.038472e+01,5.017023e-02
1200,emb_resid_lut.weights,9.273158e+01,2.557231e+01,2.757670e-01
1200,emb_resid_lut.log_soft_score_temp,9.458411e-01,4.856664e-02,5.134757e-02
1200,emb_resid_lut.log_select_temp,9.473345e-01,4.929715e-02,5.203775e-02
1200,unembedder.weight,1.440089e+02,1.670293e+01,1.159854e-01
1200,layers.0.qk_lut.weights,4.873250e+01,1.630244e+01,3.345291e-01
1200,layers.0.qk_lut.log_soft_score_temp,7.684447e-01,1.206636e-02,1.570232e-02
1200,layers.0.qk_lut.log_select_temp,7.542078e-01,1.236689e-02,1.639719e-02
1200,layers.0.v_lut.weights,9.690505e+01,3.594228e+01,3.709021e-01
1200,layers.0.v_lut.log_soft_score_temp,8.248299e-01,8.549631e-03,1.036533e-02
1200,layers.0.v_lut.log_select_temp,8.520350e-01,2.145088e-02,2.517605e-02
1200,layers.0.out_proj.weights,1.417829e+02,5.641972e+01,3.979305e-01
1200,layers.0.out_proj.log_soft_score_temp,7.110215e-01,3.830779e-02,5.387711e-02
1200,layers.0.out_proj.log_select_temp,8.493676e-01,9.403169e-03,1.107079e-02
1200,layers.0.residual_lut.weights,6.387553e+01,2.583306e+01,4.044281e-01
1200,layers.0.residual_lut.log_soft_score_temp,5.572322e-01,3.686696e-02,6.616086e-02
1200,layers.0.residual_lut.log_select_temp,6.247181e-01,2.001226e-02,3.203407e-02
1200,layers.0.q_norm.weight,8.505512e+00,5.843556e-02,6.870316e-03
1200,layers.0.q_norm.bias,3.723521e-01,3.720407e-02,9.991637e-02
1200,layers.0.k_norm.weight,8.473936e+00,5.455199e-02,6.437621e-03
1200,layers.0.k_norm.bias,4.513195e-01,4.723513e-02,1.046601e-01
1200,layers.1.qk_lut.weights,4.868071e+01,1.837304e+01,3.774193e-01
1200,layers.1.qk_lut.log_soft_score_temp,5.019664e-01,3.840423e-02,7.650756e-02
1200,layers.1.qk_lut.log_select_temp,6.860358e-01,1.683891e-03,2.454523e-03
1200,layers.1.v_lut.weights,9.731879e+01,3.897964e+01,4.005356e-01
1200,layers.1.v_lut.log_soft_score_temp,6.290716e-01,4.917771e-02,7.817505e-02
1200,layers.1.v_lut.log_select_temp,8.179445e-01,5.384445e-03,6.582898e-03
1200,layers.1.out_proj.weights,1.426628e+02,5.740459e+01,4.023797e-01
1200,layers.1.out_proj.log_soft_score_temp,6.996356e-01,2.515835e-02,3.595921e-02
1200,layers.1.out_proj.log_select_temp,7.999867e-01,1.397914e-02,1.747421e-02
1200,layers.1.residual_lut.weights,6.676833e+01,2.617168e+01,3.919775e-01
1200,layers.1.residual_lut.log_soft_score_temp,5.785028e-01,3.179526e-02,5.496129e-02
1200,layers.1.residual_lut.log_select_temp,6.614900e-01,8.704066e-03,1.315827e-02
1200,layers.1.q_norm.weight,8.519961e+00,6.961398e-02,8.170692e-03
1200,layers.1.q_norm.bias,3.387373e-01,3.532685e-02,1.042898e-01
1200,layers.1.k_norm.weight,8.499309e+00,6.903759e-02,8.122730e-03
1200,layers.1.k_norm.bias,5.474927e-01,6.018062e-02,1.099204e-01
1200,layers.2.qk_lut.weights,4.852947e+01,1.873673e+01,3.860898e-01
1200,layers.2.qk_lut.log_soft_score_temp,4.868525e-01,4.744512e-02,9.745275e-02
1200,layers.2.qk_lut.log_select_temp,6.991590e-01,2.236724e-03,3.199164e-03
1200,layers.2.v_lut.weights,9.621202e+01,3.839114e+01,3.990265e-01
1200,layers.2.v_lut.log_soft_score_temp,6.722475e-01,3.281391e-02,4.881224e-02
1200,layers.2.v_lut.log_select_temp,8.248684e-01,2.601033e-02,3.153271e-02
1200,layers.2.out_proj.weights,1.532082e+02,5.899779e+01,3.850824e-01
1200,layers.2.out_proj.log_soft_score_temp,7.438877e-01,5.485773e-03,7.374464e-03
1200,layers.2.out_proj.log_select_temp,7.992752e-01,2.724427e-02,3.408622e-02
1200,layers.2.residual_lut.weights,6.825438e+01,2.644555e+01,3.874558e-01
1200,layers.2.residual_lut.log_soft_score_temp,5.897939e-01,2.730060e-02,4.628836e-02
1200,layers.2.residual_lut.log_select_temp,6.691411e-01,3.437400e-03,5.137033e-03
1200,layers.2.q_norm.weight,8.449422e+00,9.360740e-02,1.107856e-02
1200,layers.2.q_norm.bias,2.327073e-01,2.722583e-02,1.169960e-01
1200,layers.2.k_norm.weight,8.417115e+00,9.187076e-02,1.091476e-02
1200,layers.2.k_norm.bias,4.031202e-01,5.944682e-02,1.474667e-01
1200,layers.3.qk_lut.weights,4.892668e+01,1.894667e+01,3.872461e-01
1200,layers.3.qk_lut.log_soft_score_temp,5.919000e-01,3.170472e-02,5.356433e-02
1200,layers.3.qk_lut.log_select_temp,7.222147e-01,1.841307e-03,2.549528e-03
1200,layers.3.v_lut.weights,9.606858e+01,3.848529e+01,4.006023e-01
1200,layers.3.v_lut.log_soft_score_temp,7.153262e-01,4.498005e-03,6.288047e-03
1200,layers.3.v_lut.log_select_temp,7.278358e-01,1.095700e-02,1.505422e-02
1200,layers.3.out_proj.weights,1.535523e+02,5.982790e+01,3.896256e-01
1200,layers.3.out_proj.log_soft_score_temp,6.220621e-01,8.776367e-03,1.410850e-02
1200,layers.3.out_proj.log_select_temp,6.692890e-01,6.437778e-03,9.618832e-03
1200,layers.3.residual_lut.weights,6.834271e+01,2.692921e+01,3.940320e-01
1200,layers.3.residual_lut.log_soft_score_temp,6.039388e-01,2.172518e-02,3.597248e-02
1200,layers.3.residual_lut.log_select_temp,6.616535e-01,4.554927e-03,6.884159e-03
1200,layers.3.q_norm.weight,8.212987e+00,7.111561e-02,8.658922e-03
1200,layers.3.q_norm.bias,1.192939e-01,2.444931e-02,2.049503e-01
1200,layers.3.k_norm.weight,8.208300e+00,6.990489e-02,8.516367e-03
1200,layers.3.k_norm.bias,1.692524e-01,3.838275e-02,2.267781e-01
1200,layers.4.qk_lut.weights,4.924842e+01,1.906164e+01,3.870508e-01
1200,layers.4.qk_lut.log_soft_score_temp,5.960310e-01,2.501005e-02,4.196099e-02
1200,layers.4.qk_lut.log_select_temp,6.990960e-01,4.207492e-04,6.018475e-04
1200,layers.4.v_lut.weights,1.011938e+02,3.969952e+01,3.923119e-01
1200,layers.4.v_lut.log_soft_score_temp,7.003605e-01,6.003380e-04,8.571843e-04
1200,layers.4.v_lut.log_select_temp,7.079175e-01,3.880203e-03,5.481151e-03
1200,layers.4.out_proj.weights,2.208526e+02,6.779433e+01,3.069665e-01
1200,layers.4.out_proj.log_soft_score_temp,6.830506e-01,2.028704e-03,2.970063e-03
1200,layers.4.out_proj.log_select_temp,7.160489e-01,9.800792e-03,1.368732e-02
1200,layers.4.residual_lut.weights,9.962621e+01,3.001303e+01,3.012564e-01
1200,layers.4.residual_lut.log_soft_score_temp,6.488829e-01,1.107484e-02,1.706755e-02
1200,layers.4.residual_lut.log_select_temp,6.772878e-01,2.354264e-03,3.476018e-03
1200,layers.4.q_norm.weight,8.267187e+00,6.924534e-02,8.375925e-03
1200,layers.4.q_norm.bias,1.887540e-01,3.255409e-02,1.724683e-01
1200,layers.4.k_norm.weight,8.258973e+00,7.041604e-02,8.526004e-03
1200,layers.4.k_norm.bias,3.574275e-01,6.785560e-02,1.898444e-01
1200,layers.5.qk_lut.weights,5.616085e+01,1.996045e+01,3.554157e-01
1200,layers.5.qk_lut.log_soft_score_temp,6.769022e-01,9.030759e-03,1.334131e-02
1200,layers.5.qk_lut.log_select_temp,7.092689e-01,4.867256e-03,6.862356e-03
1200,layers.5.v_lut.weights,1.779584e+02,4.810561e+01,2.703195e-01
1200,layers.5.v_lut.log_soft_score_temp,6.969510e-01,8.645654e-04,1.240497e-03
1200,layers.5.v_lut.log_select_temp,6.969833e-01,1.040101e-03,1.492290e-03
1200,layers.5.out_proj.weights,5.057015e+02,1.156915e+02,2.287742e-01
1200,layers.5.out_proj.log_soft_score_temp,6.557224e-01,1.034290e-02,1.577328e-02
1200,layers.5.out_proj.log_select_temp,6.765313e-01,2.853930e-03,4.218474e-03
1200,layers.5.residual_lut.weights,2.550678e+02,5.152681e+01,2.020122e-01
1200,layers.5.residual_lut.log_soft_score_temp,6.792749e-01,2.568543e-03,3.781301e-03
1200,layers.5.residual_lut.log_select_temp,6.879790e-01,5.808473e-04,8.442805e-04
1200,layers.5.q_norm.weight,8.062405e+00,3.214486e-02,3.987007e-03
1200,layers.5.q_norm.bias,1.010171e-01,1.877419e-02,1.858515e-01
1200,layers.5.k_norm.weight,8.065166e+00,3.353160e-02,4.157584e-03
1200,layers.5.k_norm.bias,2.148973e-01,3.518417e-02,1.637255e-01
1200,ln_final.weight,2.428172e+01,8.942587e-01,3.682848e-02
1200,ln_final.bias,1.173957e+00,1.144433e-01,9.748512e-02
1400,tok_emb_E.weight,2.073667e+02,9.783837e+00,4.718134e-02
1400,emb_resid_lut.weights,1.006748e+02,2.384725e+01,2.368742e-01
1400,emb_resid_lut.log_soft_score_temp,9.933707e-01,4.752952e-02,4.784671e-02
1400,emb_resid_lut.log_select_temp,9.955370e-01,4.820251e-02,4.841860e-02
1400,unembedder.weight,1.480214e+02,1.522405e+01,1.028503e-01
1400,layers.0.qk_lut.weights,5.286216e+01,1.542297e+01,2.917582e-01
1400,layers.0.qk_lut.log_soft_score_temp,7.797018e-01,1.125717e-02,1.443779e-02
1400,layers.0.qk_lut.log_select_temp,7.666047e-01,1.239681e-02,1.617106e-02
1400,layers.0.v_lut.weights,1.049459e+02,3.414529e+01,3.253608e-01
1400,layers.0.v_lut.log_soft_score_temp,8.280094e-01,3.179491e-03,3.839921e-03
1400,layers.0.v_lut.log_select_temp,8.699215e-01,1.788646e-02,2.056100e-02
1400,layers.0.out_proj.weights,1.532576e+02,5.322671e+01,3.473021e-01
1400,layers.0.out_proj.log_soft_score_temp,6.694262e-01,4.159528e-02,6.213572e-02
1400,layers.0.out_proj.log_select_temp,8.535272e-01,4.159629e-03,4.873459e-03
1400,layers.0.residual_lut.weights,6.872855e+01,2.447139e+01,3.560586e-01
1400,layers.0.residual_lut.log_soft_score_temp,5.190998e-01,3.813237e-02,7.345864e-02
1400,layers.0.residual_lut.log_select_temp,6.036160e-01,2.110207e-02,3.495943e-02
1400,layers.0.q_norm.weight,8.547634e+00,4.928341e-02,5.765737e-03
1400,layers.0.q_norm.bias,3.992678e-01,2.939732e-02,7.362807e-02
1400,layers.0.k_norm.weight,8.513092e+00,4.549771e-02,5.344440e-03
1400,layers.0.k_norm.bias,4.848322e-01,3.583603e-02,7.391430e-02
1400,layers.1.qk_lut.weights,5.282936e+01,1.730429e+01,3.275505e-01
1400,layers.1.qk_lut.log_soft_score_temp,4.682421e-01,3.372428e-02,7.202316e-02
1400,layers.1.qk_lut.log_select_temp,6.909567e-01,4.920840e-03,7.121779e-03
1400,layers.1.v_lut.weights,1.052844e+02,3.690401e+01,3.505174e-01
1400,layers.1.v_lut.log_soft_score_temp,5.821438e-01,4.692775e-02,8.061195e-02
1400,layers.1.v_lut.log_select_temp,8.169371e-01,1.007438e-03,1.233189e-03
1400,layers.1.out_proj.weights,1.540470e+02,5.412755e+01,3.513703e-01
1400,layers.1.out_proj.log_soft_score_temp,6.637423e-01,3.589326e-02,5.407710e-02
1400,layers.1.out_proj.log_select_temp,8.074970e-01,7.510364e-03,9.300795e-03
1400,layers.1.residual_lut.weights,7.198473e+01,2.478165e+01,3.442626e-01
1400,layers.1.residual_lut.log_soft_score_temp,5.432200e-01,3.528279e-02,6.495119e-02
1400,layers.1.residual_lut.log_select_temp,6.523263e-01,9.163618e-03,1.404760e-02
1400,layers.1.q_norm.weight,8.577719e+00,6.220217e-02,7.251599e-03
1400,layers.1.q_norm.bias,3.668717e-01,2.980782e-02,8.124863e-02
1400,layers.1.k_norm.weight,8.555052e+00,6.110850e-02,7.142972e-03
1400,layers.1.k_norm.bias,5.960309e-01,5.254654e-02,8.816077e-02
1400,layers.2.qk_lut.weights,5.263150e+01,1.776189e+01,3.374764e-01
1400,layers.2.qk_lut.log_soft_score_temp,4.411075e-01,4.574507e-02,1.037051e-01
1400,layers.2.qk_lut.log_select_temp,7.007350e-01,1.576066e-03,2.249161e-03
1400,layers.2.v_lut.weights,1.043486e+02,3.639987e+01,3.488296e-01
1400,layers.2.v_lut.log_soft_score_temp,6.306578e-01,4.158974e-02,6.594660e-02
1400,layers.2.v_lut.log_select_temp,8.464867e-01,2.161837e-02,2.553893e-02
1400,layers.2.out_proj.weights,1.651148e+02,5.550824e+01,3.361796e-01
1400,layers.2.out_proj.log_soft_score_temp,7.438930e-01,5.364418e-06,7.211276e-06
1400,layers.2.out_proj.log_select_temp,8.271483e-01,2.787316e-02,3.369790e-02
1400,layers.2.residual_lut.weights,7.386349e+01,2.500522e+01,3.385329e-01
1400,layers.2.residual_lut.log_soft_score_temp,5.593650e-01,3.042895e-02,5.439909e-02
1400,layers.2.residual_lut.log_select_temp,6.667199e-01,2.421200e-03,3.631510e-03
1400,layers.2.q_norm.weight,8.538064e+00,9.619259e-02,1.126632e-02
1400,layers.2.q_norm.bias,2.523703e-01,2.667816e-02,1.057104e-01
1400,layers.2.k_norm.weight,8.501844e+00,9.500416e-02,1.117454e-02
1400,layers.2.k_norm.bias,4.419365e-01,5.146609e-02,1.164558e-01
1400,layers.3.qk_lut.weights,5.305954e+01,1.793071e+01,3.379357e-01
1400,layers.3.qk_lut.log_soft_score_temp,5.585825e-01,3.331751e-02,5.964653e-02
1400,layers.3.qk_lut.log_select_temp,7.222401e-01,2.545118e-05,3.523923e-05
1400,layers.3.v_lut.weights,1.042978e+02,3.636613e+01,3.486759e-01
1400,layers.3.v_lut.log_soft_score_temp,7.167159e-01,1.389682e-03,1.938958e-03
1400,layers.3.v_lut.log_select_temp,7.403780e-01,1.254213e-02,1.694017e-02
1400,layers.3.out_proj.weights,1.647437e+02,5.613984e+01,3.407709e-01
1400,layers.3.out_proj.log_soft_score_temp,6.121634e-01,9.898722e-03,1.617006e-02
1400,layers.3.out_proj.log_select_temp,6.787007e-01,9.411693e-03,1.386722e-02
1400,layers.3.residual_lut.weights,7.395989e+01,2.541232e+01,3.435959e-01
1400,layers.3.residual_lut.log_soft_score_temp,5.787401e-01,2.519876e-02,4.354072e-02
1400,layers.3.residual_lut.log_select_temp,6.576962e-01,3.957212e-03,6.016777e-03
1400,layers.3.q_norm.weight,8.281431e+00,7.555377e-02,9.123274e-03
1400,layers.3.q_norm.bias,1.431855e-01,2.769773e-02,1.934394e-01
1400,layers.3.k_norm.weight,8.274433e+00,7.267560e-02,8.783152e-03
1400,layers.3.k_norm.bias,1.962969e-01,3.401991e-02,1.733084e-01
1400,layers.4.qk_lut.weights,5.341751e+01,1.813343e+01,3.394661e-01
1400,layers.4.qk_lut.log_soft_score_temp,5.674053e-01,2.862567e-02,5.045012e-02
1400,layers.4.qk_lut.log_select_temp,6.973697e-01,1.726270e-03,2.475401e-03
1400,layers.4.v_lut.weights,1.092055e+02,3.743457e+01,3.427902e-01
1400,layers.4.v_lut.log_soft_score_temp,7.004167e-01,5.626678e-05,8.033329e-05
1400,layers.4.v_lut.log_select_temp,7.124172e-01,4.499793e-03,6.316233e-03
1400,layers.4.out_proj.weights,2.335193e+02,6.240339e+01,2.672301e-01
1400,layers.4.out_proj.log_soft_score_temp,6.776707e-01,5.379975e-03,7.938923e-03
1400,layers.4.out_proj.log_select_temp,7.272938e-01,1.124495e-02,1.546136e-02
1400,layers.4.residual_lut.weights,1.063139e+02,2.791496e+01,2.625712e-01
1400,layers.4.residual_lut.log_soft_score_temp,6.357875e-01,1.309538e-02,2.059710e-02
1400,layers.4.residual_lut.log_select_temp,6.752682e-01,2.019525e-03,2.990700e-03
1400,layers.4.q_norm.weight,8.315367e+00,5.779466e-02,6.950344e-03
1400,layers.4.q_norm.bias,2.178850e-01,3.163419e-02,1.451876e-01
1400,layers.4.k_norm.weight,8.306609e+00,5.935777e-02,7.145848e-03
1400,layers.4.k_norm.bias,4.134991e-01,5.974907e-02,1.444963e-01
1400,layers.5.qk_lut.weights,6.049811e+01,1.884522e+01,3.115010e-01
1400,layers.5.qk_lut.log_soft_score_temp,6.641469e-01,1.275527e-02,1.920550e-02
1400,layers.5.qk_lut.log_select_temp,7.126383e-01,3.369391e-03,4.728052e-03
1400,layers.5.v_lut.weights,1.915105e+02,4.449547e+01,2.323396e-01
1400,layers.5.v_lut.log_soft_score_temp,6.974614e-01,5.103946e-04,7.317890e-04
1400,layers.5.v_lut.log_select_temp,6.977319e-01,7.486343e-04,1.072954e-03
1400,layers.5.out_proj.weights,5.662363e+02,1.099351e+02,1.941506e-01
1400,layers.5.out_proj.log_soft_score_temp,6.455285e-01,1.019394e-02,1.579163e-02
1400,layers.5.out_proj.log_select_temp,6.755326e-01,9.987354e-04,1.478442e-03
1400,layers.5.residual_lut.weights,2.881872e+02,4.783618e+01,1.659899e-01
1400,layers.5.residual_lut.log_soft_score_temp,6.763875e-01,2.887428e-03,4.268896e-03
1400,layers.5.residual_lut.log_select_temp,6.874774e-01,5.016327e-04,7.296715e-04
1400,layers.5.q_norm.weight,8.076233e+00,2.597121e-02,3.215757e-03
1400,layers.5.q_norm.bias,1.096562e-01,1.302192e-02,1.187522e-01
1400,layers.5.k_norm.weight,8.078417e+00,2.830972e-02,3.504365e-03
1400,layers.5.k_norm.bias,2.378809e-01,3.304499e-02,1.389140e-01
1400,ln_final.weight,2.512631e+01,8.460970e-01,3.367374e-02
1400,ln_final.bias,1.255368e+00,1.136029e-01,9.049372e-02
1600,tok_emb_E.weight,2.076941e+02,9.110199e+00,4.386354e-02
1600,emb_resid_lut.weights,1.070979e+02,2.201257e+01,2.055369e-01
1600,emb_resid_lut.log_soft_score_temp,1.037678e+00,4.430711e-02,4.269833e-02
1600,emb_resid_lut.log_select_temp,1.040569e+00,4.503155e-02,4.327591e-02
1600,unembedder.weight,1.512683e+02,1.387986e+01,9.175651e-02
1600,layers.0.qk_lut.weights,5.621391e+01,1.439270e+01,2.560344e-01
1600,layers.0.qk_lut.log_soft_score_temp,7.888780e-01,9.176135e-03,1.163188e-02
1600,layers.0.qk_lut.log_select_temp,7.773954e-01,1.079071e-02,1.388059e-02
1600,layers.0.v_lut.weights,1.114359e+02,3.199343e+01,2.871017e-01
1600,layers.0.v_lut.log_soft_score_temp,8.281910e-01,1.816154e-04,2.192916e-04
1600,layers.0.v_lut.log_select_temp,8.866395e-01,1.671797e-02,1.885543e-02
1600,layers.0.out_proj.weights,1.625200e+02,4.949237e+01,3.045310e-01
1600,layers.0.out_proj.log_soft_score_temp,6.268682e-01,4.255795e-02,6.788979e-02
1600,layers.0.out_proj.log_select_temp,8.538058e-01,2.786517e-04,3.263643e-04
1600,layers.0.residual_lut.weights,7.261401e+01,2.282584e+01,3.143448e-01
1600,layers.0.residual_lut.log_soft_score_temp,4.804096e-01,3.869021e-02,8.053588e-02
1600,layers.0.residual_lut.log_select_temp,5.811458e-01,2.247018e-02,3.866530e-02
1600,layers.0.q_norm.weight,8.585182e+00,4.505587e-02,5.248097e-03
1600,layers.0.q_norm.bias,4.247014e-01,2.678012e-02,6.305635e-02
1600,layers.0.k_norm.weight,8.547693e+00,4.152536e-02,4.858078e-03
1600,layers.0.k_norm.bias,5.167734e-01,3.408600e-02,6.595928e-02
1600,layers.1.qk_lut.weights,5.621782e+01,1.615791e+01,2.874162e-01
1600,layers.1.qk_lut.log_soft_score_temp,4.387932e-01,2.944896e-02,6.711352e-02
1600,layers.1.qk_lut.log_select_temp,6.953936e-01,4.436970e-03,6.380515e-03
1600,layers.1.v_lut.weights,1.116811e+02,3.440837e+01,3.080948e-01
1600,layers.1.v_lut.log_soft_score_temp,5.380878e-01,4.405606e-02,8.187522e-02
1600,layers.1.v_lut.log_select_temp,8.113315e-01,5.605638e-03,6.909184e-03
1600,layers.1.out_proj.weights,1.631499e+02,5.037769e+01,3.087815e-01
1600,layers.1.out_proj.log_soft_score_temp,6.244146e-01,3.932774e-02,6.298338e-02
1600,layers.1.out_proj.log_select_temp,8.084197e-01,9.226799e-04,1.141338e-03
1600,layers.1.residual_lut.weights,7.611352e+01,2.309195e+01,3.033883e-01
1600,layers.1.residual_lut.log_soft_score_temp,5.062991e-01,3.692091e-02,7.292310e-02
1600,layers.1.residual_lut.log_select_temp,6.425377e-01,9.788692e-03,1.523443e-02
1600,layers.1.q_norm.weight,8.622338e+00,5.024835e-02,5.827694e-03
1600,layers.1.q_norm.bias,3.891700e-01,2.405618e-02,6.181408e-02
1600,layers.1.k_norm.weight,8.597918e+00,4.996164e-02,5.810900e-03
1600,layers.1.k_norm.bias,6.348981e-01,4.258156e-02,6.706833e-02
1600,layers.2.qk_lut.weights,5.596419e+01,1.656668e+01,2.960230e-01
1600,layers.2.qk_lut.log_soft_score_temp,3.988768e-01,4.223070e-02,1.058740e-01
1600,layers.2.qk_lut.log_select_temp,7.033339e-01,2.598822e-03,3.695005e-03
1600,layers.2.v_lut.weights,1.109358e+02,3.398755e+01,3.063713e-01
1600,layers.2.v_lut.log_soft_score_temp,5.884766e-01,4.218119e-02,7.167863e-02
1600,layers.2.v_lut.log_select_temp,8.593449e-01,1.285815e-02,1.496274e-02
1600,layers.2.out_proj.weights,1.749097e+02,5.157041e+01,2.948402e-01
1600,layers.2.out_proj.log_soft_score_temp,7.352918e-01,8.601248e-03,1.169773e-02
1600,layers.2.out_proj.log_select_temp,8.562086e-01,2.906024e-02,3.394061e-02
1600,layers.2.residual_lut.weights,7.845086e+01,2.330233e+01,2.970310e-01
1600,layers.2.residual_lut.log_soft_score_temp,5.273991e-01,3.196585e-02,6.061036e-02
1600,layers.2.residual_lut.log_select_temp,6.674793e-01,7.594228e-04,1.137747e-03
1600,layers.2.q_norm.weight,8.624591e+00,9.848265e-02,1.141882e-02
1600,layers.2.q_norm.bias,2.692094e-01,2.854738e-02,1.060415e-01
1600,layers.2.k_norm.weight,8.585075e+00,9.814218e-02,1.143172e-02
1600,layers.2.k_norm.bias,4.760708e-01,5.304790e-02,1.114286e-01
1600,layers.3.qk_lut.weights,5.638414e+01,1.670299e+01,2.962355e-01
1600,layers.3.qk_lut.log_soft_score_temp,5.269164e-01,3.166604e-02,6.009689e-02
1600,layers.3.qk_lut.log_select_temp,7.226585e-01,4.183054e-04,5.788425e-04
1600,layers.3.v_lut.weights,1.110228e+02,3.394891e+01,3.057832e-01
1600,layers.3.v_lut.log_soft_score_temp,7.152783e-01,1.437545e-03,2.009770e-03
1600,layers.3.v_lut.log_select_temp,7.534553e-01,1.307738e-02,1.735654e-02
1600,layers.3.out_proj.weights,1.738991e+02,5.194651e+01,2.987164e-01
1600,layers.3.out_proj.log_soft_score_temp,6.060758e-01,6.087601e-03,1.004429e-02
1600,layers.3.out_proj.log_select_temp,6.933643e-01,1.466364e-02,2.114853e-02
1600,layers.3.residual_lut.weights,7.860486e+01,2.370050e+01,3.015144e-01
1600,layers.3.residual_lut.log_soft_score_temp,5.511152e-01,2.762485e-02,5.012535e-02
1600,layers.3.residual_lut.log_select_temp,6.557982e-01,1.898050e-03,2.894260e-03
1600,layers.3.q_norm.weight,8.345430e+00,6.988604e-02,8.374168e-03
1600,layers.3.q_norm.bias,1.589647e-01,2.112997e-02,1.329224e-01
1600,layers.3.k_norm.weight,8.336198e+00,6.834612e-02,8.198716e-03
1600,layers.3.k_norm.bias,2.253057e-01,3.502066e-02,1.554362e-01
1600,layers.4.qk_lut.weights,5.680202e+01,1.684625e+01,2.965784e-01
1600,layers.4.qk_lut.log_soft_score_temp,5.376618e-01,2.974355e-02,5.532019e-02
1600,layers.4.qk_lut.log_select_temp,6.956648e-01,1.704931e-03,2.450794e-03
1600,layers.4.v_lut.weights,1.157563e+02,3.489208e+01,3.014271e-01
1600,layers.4.v_lut.log_soft_score_temp,6.984510e-01,1.965761e-03,2.814458e-03
1600,layers.4.v_lut.log_select_temp,7.179217e-01,5.504489e-03,7.667255e-03
1600,layers.4.out_proj.weights,2.434034e+02,5.689197e+01,2.337353e-01
1600,layers.4.out_proj.log_soft_score_temp,6.736264e-01,4.044235e-03,6.003676e-03
1600,layers.4.out_proj.log_select_temp,7.413402e-01,1.404637e-02,1.894727e-02
1600,layers.4.residual_lut.weights,1.119194e+02,2.586428e+01,2.310974e-01
1600,layers.4.residual_lut.log_soft_score_temp,6.207368e-01,1.505065e-02,2.424643e-02
1600,layers.4.residual_lut.log_select_temp,6.745338e-01,7.344484e-04,1.088824e-03
1600,layers.4.q_norm.weight,8.359828e+00,5.553736e-02,6.643362e-03
1600,layers.4.q_norm.bias,2.456215e-01,2.951863e-02,1.201793e-01
1600,layers.4.k_norm.weight,8.349348e+00,5.586723e-02,6.691209e-03
1600,layers.4.k_norm.bias,4.634318e-01,5.444333e-02,1.174786e-01
1600,layers.5.qk_lut.weights,6.402573e+01,1.753421e+01,2.738619e-01
1600,layers.5.qk_lut.log_soft_score_temp,6.452546e-01,1.889235e-02,2.927891e-02
1600,layers.5.qk_lut.log_select_temp,7.140569e-01,1.418650e-03,1.986747e-03
1600,layers.5.v_lut.weights,2.025659e+02,4.103939e+01,2.025978e-01
1600,layers.5.v_lut.log_soft_score_temp,6.981876e-01,7.262230e-04,1.040155e-03
1600,layers.5.v_lut.log_select_temp,6.989524e-01,1.220524e-03,1.746219e-03
1600,layers.5.out_proj.weights,6.196103e+02,9.932465e+01,1.603018e-01
1600,layers.5.out_proj.log_soft_score_temp,6.341761e-01,1.135242e-02,1.790105e-02
1600,layers.5.out_proj.log_select_temp,6.746665e-01,8.661151e-04,1.283768e-03
1600,layers.5.residual_lut.weights,3.179190e+02,4.360765e+01,1.371659e-01
1600,layers.5.residual_lut.log_soft_score_temp,6.731538e-01,3.233731e-03,4.803852e-03
1600,layers.5.residual_lut.log_select_temp,6.871837e-01,2.937317e-04,4.274428e-04
1600,layers.5.q_norm.weight,8.096879e+00,2.940316e-02,3.631420e-03
1600,layers.5.q_norm.bias,1.253429e-01,1.850271e-02,1.476168e-01
1600,layers.5.k_norm.weight,8.098723e+00,2.985836e-02,3.686798e-03
1600,layers.5.k_norm.bias,2.632225e-01,3.299754e-02,1.253599e-01
1600,ln_final.weight,2.591244e+01,7.867633e-01,3.036238e-02
1600,ln_final.bias,1.333636e+00,1.119539e-01,8.394635e-02
1800,tok_emb_E.weight,2.079696e+02,8.376266e+00,4.027639e-02
1800,emb_resid_lut.weights,1.122437e+02,2.011880e+01,1.792422e-01
1800,emb_resid_lut.log_soft_score_temp,1.078581e+00,4.090321e-02,3.792317e-02
1800,emb_resid_lut.log_select_temp,1.082299e+00,4.173052e-02,3.855729e-02
1800,unembedder.weight,1.537235e+02,1.237325e+01,8.049028e-02
1800,layers.0.qk_lut.weights,5.889361e+01,1.321506e+01,2.243887e-01
1800,layers.0.qk_lut.log_soft_score_temp,7.983907e-01,9.512782e-03,1.191495e-02
1800,layers.0.qk_lut.log_select_temp,7.887167e-01,1.132131e-02,1.435409e-02
1800,layers.0.v_lut.weights,1.165850e+02,2.942357e+01,2.523788e-01
1800,layers.0.v_lut.log_soft_score_temp,8.254560e-01,2.735078e-03,3.313415e-03
1800,layers.0.v_lut.log_select_temp,9.004920e-01,1.385248e-02,1.538323e-02
1800,layers.0.out_proj.weights,1.698521e+02,4.523337e+01,2.663104e-01
1800,layers.0.out_proj.log_soft_score_temp,5.871786e-01,3.968966e-02,6.759385e-02
1800,layers.0.out_proj.log_select_temp,8.549412e-01,1.135349e-03,1.327985e-03
1800,layers.0.residual_lut.weights,7.567935e+01,2.096286e+01,2.769958e-01
1800,layers.0.residual_lut.log_soft_score_temp,4.457405e-01,3.466910e-02,7.777866e-02
1800,layers.0.residual_lut.log_select_temp,5.643066e-01,1.683927e-02,2.984063e-02
1800,layers.0.q_norm.weight,8.617188e+00,3.770898e-02,4.376019e-03
1800,layers.0.q_norm.bias,4.451751e-01,2.133190e-02,4.791800e-02
1800,layers.0.k_norm.weight,8.577141e+00,3.547680e-02,4.136203e-03
1800,layers.0.k_norm.bias,5.432644e-01,2.872904e-02,5.288224e-02
1800,layers.1.qk_lut.weights,5.891017e+01,1.481569e+01,2.514963e-01
1800,layers.1.qk_lut.log_soft_score_temp,4.138143e-01,2.497885e-02,6.036245e-02
1800,layers.1.qk_lut.log_select_temp,7.015107e-01,6.117105e-03,8.719903e-03
1800,layers.1.v_lut.weights,1.167333e+02,3.153742e+01,2.701665e-01
1800,layers.1.v_lut.log_soft_score_temp,4.970988e-01,4.098895e-02,8.245634e-02
1800,layers.1.v_lut.log_select_temp,8.053771e-01,5.954325e-03,7.393214e-03
1800,layers.1.out_proj.weights,1.703220e+02,4.603048e+01,2.702557e-01
1800,layers.1.out_proj.log_soft_score_temp,5.864267e-01,3.798789e-02,6.477858e-02
1800,layers.1.out_proj.log_select_temp,8.067064e-01,1.713276e-03,2.123791e-03
1800,layers.1.residual_lut.weights,7.937001e+01,2.120575e+01,2.671758e-01
1800,layers.1.residual_lut.log_soft_score_temp,4.717386e-01,3.456050e-02,7.326197e-02
1800,layers.1.residual_lut.log_select_temp,6.367296e-01,5.808055e-03,9.121698e-03
1800,layers.1.q_norm.weight,8.660187e+00,4.426542e-02,5.111370e-03
1800,layers.1.q_norm.bias,4.073898e-01,1.950837e-02,4.788625e-02
1800,layers.1.k_norm.weight,8.634609e+00,4.396003e-02,5.091144e-03
1800,layers.1.k_norm.bias,6.664023e-01,3.507051e-02,5.262663e-02
1800,layers.2.qk_lut.weights,5.859496e+01,1.525294e+01,2.603115e-01
1800,layers.2.qk_lut.log_soft_score_temp,3.593301e-01,3.954661e-02,1.100565e-01
1800,layers.2.qk_lut.log_select_temp,7.072570e-01,3.923118e-03,5.546949e-03
1800,layers.2.v_lut.weights,1.161494e+02,3.112673e+01,2.679887e-01
1800,layers.2.v_lut.log_soft_score_temp,5.487859e-01,3.969067e-02,7.232451e-02
1800,layers.2.v_lut.log_select_temp,8.668535e-01,7.508576e-03,8.661874e-03
1800,layers.2.out_proj.weights,1.828806e+02,4.710803e+01,2.575890e-01
1800,layers.2.out_proj.log_soft_score_temp,7.205076e-01,1.478416e-02,2.051909e-02
1800,layers.2.out_proj.log_select_temp,8.834399e-01,2.723134e-02,3.082421e-02
1800,layers.2.residual_lut.weights,8.208548e+01,2.140114e+01,2.607177e-01
1800,layers.2.residual_lut.log_soft_score_temp,4.960313e-01,3.136778e-02,6.323749e-02
1800,layers.2.residual_lut.log_select_temp,6.711733e-01,3.693998e-03,5.503791e-03
1800,layers.2.q_norm.weight,8.708013e+00,9.612378e-02,1.103854e-02
1800,layers.2.q_norm.bias,2.817297e-01,2.482005e-02,8.809879e-02
1800,layers.2.k_norm.weight,8.665742e+00,9.584359e-02,1.106006e-02
1800,layers.2.k_norm.bias,5.042369e-01,4.505992e-02,8.936260e-02
1800,layers.3.qk_lut.weights,5.904100e+01,1.530863e+01,2.592881e-01
1800,layers.3.qk_lut.log_soft_score_temp,4.943253e-01,3.259110e-02,6.593048e-02
1800,layers.3.qk_lut.log_select_temp,7.217164e-01,9.420514e-04,1.305293e-03
1800,layers.3.v_lut.weights,1.163743e+02,3.102318e+01,2.665811e-01
1800,layers.3.v_lut.log_soft_score_temp,7.088615e-01,6.416798e-03,9.052258e-03
1800,layers.3.v_lut.log_select_temp,7.650323e-01,1.157695e-02,1.513263e-02
1800,layers.3.out_proj.weights,1.812051e+02,4.740196e+01,2.615929e-01
1800,layers.3.out_proj.log_soft_score_temp,5.988728e-01,7.203043e-03,1.202767e-02
1800,layers.3.out_proj.log_select_temp,7.090682e-01,1.570386e-02,2.214717e-02
1800,layers.3.residual_lut.weights,8.237443e+01,2.169802e+01,2.634072e-01
1800,layers.3.residual_lut.log_soft_score_temp,5.253460e-01,2.576923e-02,4.905193e-02
1800,layers.3.residual_lut.log_select_temp,6.573566e-01,1.558423e-03,2.370742e-03
1800,layers.3.q_norm.weight,8.402565e+00,6.461225e-02,7.689586e-03
1800,layers.3.q_norm.bias,1.749045e-01,2.217843e-02,1.268031e-01
1800,layers.3.k_norm.weight,8.391177e+00,6.334820e-02,7.549381e-03
1800,layers.3.k_norm.bias,2.483749e-01,3.093788e-02,1.245612e-01
1800,layers.4.qk_lut.weights,5.950742e+01,1.540770e+01,2.589206e-01
1800,layers.4.qk_lut.log_soft_score_temp,5.088865e-01,2.877533e-02,5.654569e-02
1800,layers.4.qk_lut.log_select_temp,6.952932e-01,3.715754e-04,5.344154e-04
1800,layers.4.v_lut.weights,1.209696e+02,3.190746e+01,2.637642e-01
1800,layers.4.v_lut.log_soft_score_temp,6.954951e-01,2.955854e-03,4.249999e-03
1800,layers.4.v_lut.log_select_temp,7.229277e-01,5.006015e-03,6.924641e-03
1800,layers.4.out_proj.weights,2.511241e+02,5.120205e+01,2.038914e-01
1800,layers.4.out_proj.log_soft_score_temp,6.689575e-01,4.668951e-03,6.979444e-03
1800,layers.4.out_proj.log_select_temp,7.557030e-01,1.436275e-02,1.900582e-02
1800,layers.4.residual_lut.weights,1.165657e+02,2.337173e+01,2.005026e-01
1800,layers.4.residual_lut.log_soft_score_temp,6.052456e-01,1.549125e-02,2.559498e-02
1800,layers.4.residual_lut.log_select_temp,6.747022e-01,1.683831e-04,2.495666e-04
1800,layers.4.q_norm.weight,8.398842e+00,4.554302e-02,5.422536e-03
1800,layers.4.q_norm.bias,2.670429e-01,2.328814e-02,8.720748e-02
1800,layers.4.k_norm.weight,8.386231e+00,4.520854e-02,5.390805e-03
1800,layers.4.k_norm.bias,5.026406e-01,4.256364e-02,8.468007e-02
1800,layers.5.qk_lut.weights,6.692952e+01,1.594261e+01,2.381999e-01
1800,layers.5.qk_lut.log_soft_score_temp,6.295242e-01,1.573032e-02,2.498763e-02
1800,layers.5.qk_lut.log_select_temp,7.173712e-01,3.314257e-03,4.620003e-03
1800,layers.5.v_lut.weights,2.116858e+02,3.686284e+01,1.741395e-01
1800,layers.5.v_lut.log_soft_score_temp,6.988142e-01,6.266236e-04,8.966956e-04
1800,layers.5.v_lut.log_select_temp,7.001603e-01,1.207888e-03,1.725159e-03
1800,layers.5.out_proj.weights,6.658431e+02,8.993293e+01,1.350662e-01
1800,layers.5.out_proj.log_soft_score_temp,6.239675e-01,1.020861e-02,1.636080e-02
1800,layers.5.out_proj.log_select_temp,6.748428e-01,1.763105e-04,2.612617e-04
1800,layers.5.residual_lut.weights,3.443856e+02,3.951974e+01,1.147543e-01
1800,layers.5.residual_lut.log_soft_score_temp,6.700225e-01,3.131211e-03,4.673292e-03
1800,layers.5.residual_lut.log_select_temp,6.870357e-01,1.479983e-04,2.154158e-04
1800,layers.5.q_norm.weight,8.112785e+00,2.532692e-02,3.121853e-03
1800,layers.5.q_norm.bias,1.355103e-01,1.360166e-02,1.003737e-01
1800,layers.5.k_norm.weight,8.114474e+00,2.556146e-02,3.150106e-03
1800,layers.5.k_norm.bias,2.844727e-01,2.547576e-02,8.955433e-02
1800,ln_final.weight,2.662925e+01,7.172906e-01,2.693620e-02
1800,ln_final.bias,1.402816e+00,1.047793e-01,7.469214e-02
2000,tok_emb_E.weight,2.081964e+02,7.579627e+00,3.640614e-02
2000,emb_resid_lut.weights,1.162861e+02,1.814684e+01,1.560534e-01
2000,emb_resid_lut.log_soft_score_temp,1.115114e+00,3.653336e-02,3.276198e-02
2000,emb_resid_lut.log_select_temp,1.119801e+00,3.750145e-02,3.348940e-02
2000,unembedder.weight,1.557392e+02,1.117214e+01,7.173620e-02
2000,layers.0.qk_lut.weights,6.099636e+01,1.197132e+01,1.962629e-01
2000,layers.0.qk_lut.log_soft_score_temp,8.078007e-01,9.409964e-03,1.164887e-02
2000,layers.0.qk_lut.log_select_temp,7.994886e-01,1.077193e-02,1.347353e-02
2000,layers.0.v_lut.weights,1.205687e+02,2.663968e+01,2.209502e-01
2000,layers.0.v_lut.log_soft_score_temp,8.227499e-01,2.706110e-03,3.289105e-03
2000,layers.0.v_lut.log_select_temp,9.143204e-01,1.382846e-02,1.512430e-02
2000,layers.0.out_proj.weights,1.755457e+02,4.074585e+01,2.321096e-01
2000,layers.0.out_proj.log_soft_score_temp,5.508191e-01,3.635949e-02,6.600986e-02
2000,layers.0.out_proj.log_select_temp,8.561729e-01,1.231670e-03,1.438577e-03
2000,layers.0.residual_lut.weights,7.803690e+01,1.892368e+01,2.424965e-01
2000,layers.0.residual_lut.log_soft_score_temp,4.144507e-01,3.128979e-02,7.549700e-02
2000,layers.0.residual_lut.log_select_temp,5.515934e-01,1.271319e-02,2.304813e-02
2000,layers.0.q_norm.weight,8.646642e+00,3.447988e-02,3.987661e-03
2000,layers.0.q_norm.bias,4.636447e-01,1.987959e-02,4.287678e-02
2000,layers.0.k_norm.weight,8.604033e+00,3.183644e-02,3.700176e-03
2000,layers.0.k_norm.bias,5.658545e-01,2.444598e-02,4.320189e-02
2000,layers.1.qk_lut.weights,6.100557e+01,1.338623e+01,2.194263e-01
2000,layers.1.qk_lut.log_soft_score_temp,3.892673e-01,2.454704e-02,6.305960e-02
2000,layers.1.qk_lut.log_select_temp,7.068146e-01,5.303919e-03,7.503975e-03
2000,layers.1.v_lut.weights,1.206404e+02,2.841744e+01,2.355550e-01
2000,layers.1.v_lut.log_soft_score_temp,4.606445e-01,3.645429e-02,7.913757e-02
2000,layers.1.v_lut.log_select_temp,8.031074e-01,2.269745e-03,2.826203e-03
2000,layers.1.out_proj.weights,1.758701e+02,4.147293e+01,2.358157e-01
2000,layers.1.out_proj.log_soft_score_temp,5.509611e-01,3.546560e-02,6.437042e-02
2000,layers.1.out_proj.log_select_temp,8.040919e-01,2.614498e-03,3.251492e-03
2000,layers.1.residual_lut.weights,8.189801e+01,1.914809e+01,2.338041e-01
2000,layers.1.residual_lut.log_soft_score_temp,4.393862e-01,3.235245e-02,7.363101e-02
2000,layers.1.residual_lut.log_select_temp,6.358055e-01,9.241104e-04,1.453448e-03
2000,layers.1.q_norm.weight,8.694802e+00,3.773288e-02,4.339705e-03
2000,layers.1.q_norm.bias,4.248080e-01,1.923345e-02,4.527563e-02
2000,layers.1.k_norm.weight,8.668278e+00,3.751927e-02,4.328342e-03
2000,layers.1.k_norm.bias,6.929502e-01,2.913063e-02,4.203856e-02
2000,layers.2.qk_lut.weights,6.065434e+01,1.376713e+01,2.269769e-01
2000,layers.2.qk_lut.log_soft_score_temp,3.223576e-01,3.697255e-02,1.146942e-01
2000,layers.2.qk_lut.log_select_temp,7.116846e-01,4.427612e-03,6.221312e-03
2000,layers.2.v_lut.weights,1.201913e+02,2.810478e+01,2.338337e-01
2000,layers.2.v_lut.log_soft_score_temp,5.127426e-01,3.604335e-02,7.029521e-02
2000,layers.2.v_lut.log_select_temp,8.696634e-01,2.809882e-03,3.231000e-03
2000,layers.2.out_proj.weights,1.892839e+02,4.241739e+01,2.240941e-01
2000,layers.2.out_proj.log_soft_score_temp,7.006173e-01,1.989031e-02,2.838969e-02
2000,layers.2.out_proj.log_select_temp,9.074836e-01,2.404374e-02,2.649496e-02
2000,layers.2.residual_lut.weights,8.495063e+01,1.934356e+01,2.277035e-01
2000,layers.2.residual_lut.log_soft_score_temp,4.661785e-01,2.985287e-02,6.403742e-02
2000,layers.2.residual_lut.log_select_temp,6.802374e-01,9.064019e-03,1.332479e-02
2000,layers.2.q_norm.weight,8.783579e+00,9.211861e-02,1.048759e-02
2000,layers.2.q_norm.bias,2.929624e-01,2.423766e-02,8.273299e-02
2000,layers.2.k_norm.weight,8.739281e+00,9.223589e-02,1.055417e-02
2000,layers.2.k_norm.bias,5.318241e-01,4.746388e-02,8.924733e-02
2000,layers.3.qk_lut.weights,6.112068e+01,1.388953e+01,2.272477e-01
2000,layers.3.qk_lut.log_soft_score_temp,4.663975e-01,2.792788e-02,5.987999e-02
2000,layers.3.qk_lut.log_select_temp,7.209273e-01,7.891059e-04,1.094571e-03
2000,layers.3.v_lut.weights,1.205737e+02,2.800945e+01,2.323014e-01
2000,layers.3.v_lut.log_soft_score_temp,6.971381e-01,1.172346e-02,1.681655e-02
2000,layers.3.v_lut.log_select_temp,7.772647e-01,1.223242e-02,1.573778e-02
2000,layers.3.out_proj.weights,1.869565e+02,4.248048e+01,2.272212e-01
2000,layers.3.out_proj.log_soft_score_temp,5.927309e-01,6.141841e-03,1.036194e-02
2000,layers.3.out_proj.log_select_temp,7.255398e-01,1.647162e-02,2.270258e-02
2000,layers.3.residual_lut.weights,8.537238e+01,1.962155e+01,2.298349e-01
2000,layers.3.residual_lut.log_soft_score_temp,4.997503e-01,2.559569e-02,5.121697e-02
2000,layers.3.residual_lut.log_select_temp,6.634715e-01,6.114900e-03,9.216522e-03
2000,layers.3.q_norm.weight,8.454247e+00,5.814054e-02,6.877081e-03
2000,layers.3.q_norm.bias,1.893319e-01,2.009313e-02,1.061265e-01
2000,layers.3.k_norm.weight,8.442193e+00,5.814005e-02,6.886842e-03
2000,layers.3.k_norm.bias,2.685800e-01,2.708523e-02,1.008460e-01
2000,layers.4.qk_lut.weights,6.162569e+01,1.394527e+01,2.262899e-01
2000,layers.4.qk_lut.log_soft_score_temp,4.840046e-01,2.488181e-02,5.140820e-02
2000,layers.4.qk_lut.log_select_temp,6.968473e-01,1.554132e-03,2.230232e-03
2000,layers.4.v_lut.weights,1.250419e+02,2.883088e+01,2.305698e-01
2000,layers.4.v_lut.log_soft_score_temp,6.910442e-01,4.450917e-03,6.440857e-03
2000,layers.4.v_lut.log_select_temp,7.285742e-01,5.646408e-03,7.749942e-03
2000,layers.4.out_proj.weights,2.571696e+02,4.575992e+01,1.779367e-01
2000,layers.4.out_proj.log_soft_score_temp,6.622343e-01,6.723166e-03,1.015225e-02
2000,layers.4.out_proj.log_select_temp,7.693942e-01,1.369125e-02,1.779484e-02
2000,layers.4.residual_lut.weights,1.203074e+02,2.100492e+01,1.745938e-01
2000,layers.4.residual_lut.log_soft_score_temp,5.889782e-01,1.626742e-02,2.761973e-02
2000,layers.4.residual_lut.log_select_temp,6.770193e-01,2.317131e-03,3.422547e-03
2000,layers.4.q_norm.weight,8.431221e+00,3.688119e-02,4.374360e-03
2000,layers.4.q_norm.bias,2.823517e-01,1.756074e-02,6.219455e-02
2000,layers.4.k_norm.weight,8.416992e+00,3.681859e-02,4.374317e-03
2000,layers.4.k_norm.bias,5.305246e-01,3.299265e-02,6.218873e-02
2000,layers.5.qk_lut.weights,6.916259e+01,1.432532e+01,2.071253e-01
2000,layers.5.qk_lut.log_soft_score_temp,6.130093e-01,1.651496e-02,2.694079e-02
2000,layers.5.qk_lut.log_select_temp,7.198962e-01,2.525032e-03,3.507494e-03
2000,layers.5.v_lut.weights,2.188507e+02,3.286716e+01,1.501807e-01
2000,layers.5.v_lut.log_soft_score_temp,6.997050e-01,8.907914e-04,1.273096e-03
2000,layers.5.v_lut.log_select_temp,7.017495e-01,1.589179e-03,2.264596e-03
2000,layers.5.out_proj.weights,7.063459e+02,7.986626e+01,1.130696e-01
2000,layers.5.out_proj.log_soft_score_temp,6.127408e-01,1.122665e-02,1.832203e-02
2000,layers.5.out_proj.log_select_temp,6.752664e-01,4.236102e-04,6.273231e-04
2000,layers.5.residual_lut.weights,3.674931e+02,3.499249e+01,9.521943e-02
2000,layers.5.residual_lut.log_soft_score_temp,6.665896e-01,3.432930e-03,5.149989e-03
2000,layers.5.residual_lut.log_select_temp,6.871213e-01,8.559227e-05,1.245665e-04
2000,layers.5.q_norm.weight,8.129003e+00,2.418589e-02,2.975259e-03
2000,layers.5.q_norm.bias,1.434258e-01,1.121705e-02,7.820804e-02
2000,layers.5.k_norm.weight,8.130775e+00,2.553861e-02,3.140981e-03
2000,layers.5.k_norm.bias,3.032215e-01,2.159015e-02,7.120257e-02
2000,ln_final.weight,2.727894e+01,6.499140e-01,2.382475e-02
2000,ln_final.bias,1.471604e+00,1.036167e-01,7.041072e-02
2200,tok_emb_E.weight,2.083729e+02,6.735902e+00,3.232620e-02
2200,emb_resid_lut.weights,1.193681e+02,1.608585e+01,1.347583e-01
2200,emb_resid_lut.log_soft_score_temp,1.146445e+00,3.133082e-02,2.732867e-02
2200,emb_resid_lut.log_select_temp,1.152571e+00,3.277028e-02,2.843233e-02
2200,unembedder.weight,1.573285e+02,9.929816e+00,6.311519e-02
2200,layers.0.qk_lut.weights,6.260996e+01,1.063283e+01,1.698265e-01
2200,layers.0.qk_lut.log_soft_score_temp,8.159404e-01,8.139729e-03,9.975887e-03
2200,layers.0.qk_lut.log_select_temp,8.083547e-01,8.866131e-03,1.096812e-02
2200,layers.0.v_lut.weights,1.235945e+02,2.370239e+01,1.917756e-01
2200,layers.0.v_lut.log_soft_score_temp,8.201621e-01,2.587736e-03,3.155151e-03
2200,layers.0.v_lut.log_select_temp,9.246913e-01,1.037091e-02,1.121554e-02
2200,layers.0.out_proj.weights,1.798881e+02,3.604139e+01,2.003545e-01
2200,layers.0.out_proj.log_soft_score_temp,5.190532e-01,3.176594e-02,6.119978e-02
2200,layers.0.out_proj.log_select_temp,8.613644e-01,5.191565e-03,6.027141e-03
2200,layers.0.residual_lut.weights,7.980504e+01,1.678881e+01,2.103729e-01
2200,layers.0.residual_lut.log_soft_score_temp,3.883824e-01,2.606836e-02,6.712035e-02
2200,layers.0.residual_lut.log_select_temp,5.468487e-01,4.744709e-03,8.676456e-03
2200,layers.0.q_norm.weight,8.672482e+00,2.993510e-02,3.451733e-03
2200,layers.0.q_norm.bias,4.794074e-01,1.672527e-02,3.488739e-02
2200,layers.0.k_norm.weight,8.627839e+00,2.835104e-02,3.285995e-03
2200,layers.0.k_norm.bias,5.851308e-01,2.091567e-02,3.574529e-02
2200,layers.1.qk_lut.weights,6.261600e+01,1.188501e+01,1.898079e-01
2200,layers.1.qk_lut.log_soft_score_temp,3.712944e-01,1.797289e-02,4.840603e-02
2200,layers.1.qk_lut.log_select_temp,7.119094e-01,5.094707e-03,7.156398e-03
2200,layers.1.v_lut.weights,1.235716e+02,2.520800e+01,2.039951e-01
2200,layers.1.v_lut.log_soft_score_temp,4.282205e-01,3.242403e-02,7.571807e-02
2200,layers.1.v_lut.log_select_temp,7.992329e-01,3.874481e-03,4.847749e-03
2200,layers.1.out_proj.weights,1.799828e+02,3.667299e+01,2.037582e-01
2200,layers.1.out_proj.log_soft_score_temp,5.193162e-01,3.164488e-02,6.093567e-02
2200,layers.1.out_proj.log_select_temp,7.979953e-01,6.096661e-03,7.639971e-03
2200,layers.1.residual_lut.weights,8.376082e+01,1.700500e+01,2.030186e-01
2200,layers.1.residual_lut.log_soft_score_temp,4.108279e-01,2.855825e-02,6.951391e-02
2200,layers.1.residual_lut.log_select_temp,6.376010e-01,1.795530e-03,2.816072e-03
2200,layers.1.q_norm.weight,8.719861e+00,2.880100e-02,3.302919e-03
2200,layers.1.q_norm.bias,4.358270e-01,1.345063e-02,3.086231e-02
2200,layers.1.k_norm.weight,8.692719e+00,2.833116e-02,3.259183e-03
2200,layers.1.k_norm.bias,7.140213e-01,2.564050e-02,3.591000e-02
2200,layers.2.qk_lut.weights,6.221079e+01,1.222916e+01,1.965762e-01
2200,layers.2.qk_lut.log_soft_score_temp,2.903419e-01,3.201571e-02,1.102690e-01
2200,layers.2.qk_lut.log_select_temp,7.161081e-01,4.423559e-03,6.177222e-03
2200,layers.2.v_lut.weights,1.232474e+02,2.494812e+01,2.024231e-01
2200,layers.2.v_lut.log_soft_score_temp,4.810945e-01,3.164810e-02,6.578354e-02
2200,layers.2.v_lut.log_select_temp,8.710074e-01,1.344025e-03,1.543070e-03
2200,layers.2.out_proj.weights,1.942759e+02,3.744175e+01,1.927246e-01
2200,layers.2.out_proj.log_soft_score_temp,6.804448e-01,2.017254e-02,2.964610e-02
2200,layers.2.out_proj.log_select_temp,9.291940e-01,2.171040e-02,2.336476e-02
2200,layers.2.residual_lut.weights,8.714140e+01,1.713852e+01,1.966748e-01
2200,layers.2.residual_lut.log_soft_score_temp,4.397841e-01,2.639440e-02,6.001672e-02
2200,layers.2.residual_lut.log_select_temp,6.914771e-01,1.123977e-02,1.625472e-02
2200,layers.2.q_norm.weight,8.850381e+00,8.273983e-02,9.348731e-03
2200,layers.2.q_norm.bias,3.050248e-01,2.364573e-02,7.752066e-02
2200,layers.2.k_norm.weight,8.804325e+00,8.193561e-02,9.306291e-03
2200,layers.2.k_norm.bias,5.539229e-01,3.738745e-02,6.749577e-02
2200,layers.3.qk_lut.weights,6.269625e+01,1.230273e+01,1.962275e-01
2200,layers.3.qk_lut.log_soft_score_temp,4.401870e-01,2.621046e-02,5.954391e-02
2200,layers.3.qk_lut.log_select_temp,7.213367e-01,4.093647e-04,5.675085e-04
2200,layers.3.v_lut.weights,1.237625e+02,2.475945e+01,2.000562e-01
2200,layers.3.v_lut.log_soft_score_temp,6.833174e-01,1.382065e-02,2.022581e-02
2200,layers.3.v_lut.log_select_temp,7.872722e-01,1.000750e-02,1.271161e-02
2200,layers.3.out_proj.weights,1.913804e+02,3.755382e+01,1.962261e-01
2200,layers.3.out_proj.log_soft_score_temp,5.885365e-01,4.194438e-03,7.126896e-03
2200,layers.3.out_proj.log_select_temp,7.412111e-01,1.567125e-02,2.114277e-02
2200,layers.3.residual_lut.weights,8.768303e+01,1.741239e+01,1.985834e-01
2200,layers.3.residual_lut.log_soft_score_temp,4.776438e-01,2.210647e-02,4.628233e-02
2200,layers.3.residual_lut.log_select_temp,6.713258e-01,7.854283e-03,1.169966e-02
2200,layers.3.q_norm.weight,8.496827e+00,4.920426e-02,5.790898e-03
2200,layers.3.q_norm.bias,2.017795e-01,1.554040e-02,7.701674e-02
2200,layers.3.k_norm.weight,8.484187e+00,4.895015e-02,5.769574e-03
2200,layers.3.k_norm.bias,2.865528e-01,2.327223e-02,8.121449e-02
2200,layers.4.qk_lut.weights,6.323874e+01,1.237917e+01,1.957530e-01
2200,layers.4.qk_lut.log_soft_score_temp,4.633282e-01,2.067646e-02,4.462596e-02
2200,layers.4.qk_lut.log_select_temp,6.982363e-01,1.389027e-03,1.989336e-03
2200,layers.4.v_lut.weights,1.281443e+02,2.553184e+01,1.992428e-01
2200,layers.4.v_lut.log_soft_score_temp,6.853647e-01,5.679548e-03,8.286899e-03
2200,layers.4.v_lut.log_select_temp,7.332733e-01,4.699171e-03,6.408484e-03
2200,layers.4.out_proj.weights,2.616889e+02,4.004937e+01,1.530419e-01
2200,layers.4.out_proj.log_soft_score_temp,6.536449e-01,8.589447e-03,1.314085e-02
2200,layers.4.out_proj.log_select_temp,7.816571e-01,1.226288e-02,1.568831e-02
2200,layers.4.residual_lut.weights,1.231582e+02,1.850385e+01,1.502445e-01
2200,layers.4.residual_lut.log_soft_score_temp,5.756946e-01,1.328361e-02,2.307406e-02
2200,layers.4.residual_lut.log_select_temp,6.805899e-01,3.570616e-03,5.246355e-03
2200,layers.4.q_norm.weight,8.454631e+00,2.912413e-02,3.444755e-03
2200,layers.4.q_norm.bias,2.960079e-01,1.576260e-02,5.325060e-02
2200,layers.4.k_norm.weight,8.439503e+00,2.984553e-02,3.536409e-03
2200,layers.4.k_norm.bias,5.552067e-01,2.765562e-02,4.981140e-02
2200,layers.5.qk_lut.weights,7.083273e+01,1.264275e+01,1.784874e-01
2200,layers.5.qk_lut.log_soft_score_temp,5.961439e-01,1.686537e-02,2.829077e-02
2200,layers.5.qk_lut.log_select_temp,7.217652e-01,1.868963e-03,2.589434e-03
2200,layers.5.v_lut.weights,2.244652e+02,2.875934e+01,1.281238e-01
2200,layers.5.v_lut.log_soft_score_temp,7.003459e-01,6.409287e-04,9.151602e-04
2200,layers.5.v_lut.log_select_temp,7.031236e-01,1.374125e-03,1.954316e-03
2200,layers.5.out_proj.weights,7.407028e+02,6.960641e+01,9.397346e-02
2200,layers.5.out_proj.log_soft_score_temp,6.037059e-01,9.034872e-03,1.496568e-02
2200,layers.5.out_proj.log_select_temp,6.754243e-01,1.579523e-04,2.338564e-04
2200,layers.5.residual_lut.weights,3.874081e+02,3.080750e+01,7.952210e-02
2200,layers.5.residual_lut.log_soft_score_temp,6.638291e-01,2.760530e-03,4.158494e-03
2200,layers.5.residual_lut.log_select_temp,6.873699e-01,2.486706e-04,3.617711e-04
2200,layers.5.q_norm.weight,8.142744e+00,1.893156e-02,2.324961e-03
2200,layers.5.q_norm.bias,1.523616e-01,1.266644e-02,8.313407e-02
2200,layers.5.k_norm.weight,8.144649e+00,1.934815e-02,2.375566e-03
2200,layers.5.k_norm.bias,3.171400e-01,1.812848e-02,5.716239e-02
2200,ln_final.weight,2.785206e+01,5.733103e-01,2.058413e-02
2200,ln_final.bias,1.529723e+00,8.860601e-02,5.792291e-02
2400,tok_emb_E.weight,2.085083e+02,5.883756e+00,2.821832e-02
2400,emb_resid_lut.weights,1.216878e+02,1.404384e+01,1.154088e-01
2400,emb_resid_lut.log_soft_score_temp,1.173728e+00,2.728271e-02,2.324450e-02
2400,emb_resid_lut.log_select_temp,1.181145e+00,2.857375e-02,2.419158e-02
2400,unembedder.weight,1.585725e+02,8.807837e+00,5.554455e-02
2400,layers.0.qk_lut.weights,6.380515e+01,9.335970e+00,1.463200e-01
2400,layers.0.qk_lut.log_soft_score_temp,8.217323e-01,5.791903e-03,7.048405e-03
2400,layers.0.qk_lut.log_select_temp,8.147476e-01,6.392837e-03,7.846402e-03
2400,layers.0.v_lut.weights,1.258107e+02,2.066756e+01,1.642750e-01
2400,layers.0.v_lut.log_soft_score_temp,8.188637e-01,1.298368e-03,1.585573e-03
2400,layers.0.v_lut.log_select_temp,9.350919e-01,1.040059e-02,1.112254e-02
2400,layers.0.out_proj.weights,1.830886e+02,3.127051e+01,1.707944e-01
2400,layers.0.out_proj.log_soft_score_temp,4.907287e-01,2.832443e-02,5.771911e-02
2400,layers.0.out_proj.log_select_temp,8.684643e-01,7.099867e-03,8.175197e-03
2400,layers.0.residual_lut.weights,8.107191e+01,1.463148e+01,1.804753e-01
2400,layers.0.residual_lut.log_soft_score_temp,3.663494e-01,2.203301e-02,6.014206e-02
2400,layers.0.residual_lut.log_select_temp,5.468174e-01,3.123283e-05,5.711748e-05
2400,layers.0.q_norm.weight,8.698177e+00,2.904448e-02,3.339145e-03
2400,layers.0.q_norm.bias,4.933702e-01,1.498638e-02,3.037553e-02
2400,layers.0.k_norm.weight,8.651418e+00,2.678365e-02,3.095869e-03
2400,layers.0.k_norm.bias,6.027150e-01,1.957300e-02,3.247472e-02
2400,layers.1.qk_lut.weights,6.379317e+01,1.033723e+01,1.620429e-01
2400,layers.1.qk_lut.log_soft_score_temp,3.557980e-01,1.549643e-02,4.355402e-02
2400,layers.1.qk_lut.log_select_temp,7.165685e-01,4.659116e-03,6.501983e-03
2400,layers.1.v_lut.weights,1.256977e+02,2.188813e+01,1.741331e-01
2400,layers.1.v_lut.log_soft_score_temp,4.004674e-01,2.775311e-02,6.930181e-02
2400,layers.1.v_lut.log_select_temp,7.977672e-01,1.465678e-03,1.837225e-03
2400,layers.1.out_proj.weights,1.829429e+02,3.181919e+01,1.739296e-01
2400,layers.1.out_proj.log_soft_score_temp,4.911398e-01,2.817637e-02,5.736934e-02
2400,layers.1.out_proj.log_select_temp,7.927599e-01,5.235374e-03,6.603984e-03
2400,layers.1.residual_lut.weights,8.509332e+01,1.482477e+01,1.742178e-01
2400,layers.1.residual_lut.log_soft_score_temp,3.854157e-01,2.541220e-02,6.593452e-02
2400,layers.1.residual_lut.log_select_temp,6.433778e-01,5.776763e-03,8.978804e-03
2400,layers.1.q_norm.weight,8.741656e+00,2.554635e-02,2.922370e-03
2400,layers.1.q_norm.bias,4.466536e-01,1.257044e-02,2.814361e-02
2400,layers.1.k_norm.weight,8.713646e+00,2.520159e-02,2.892198e-03
2400,layers.1.k_norm.bias,7.288035e-01,1.854960e-02,2.545213e-02
2400,layers.2.qk_lut.weights,6.334958e+01,1.065627e+01,1.682137e-01
2400,layers.2.qk_lut.log_soft_score_temp,2.621626e-01,2.817932e-02,1.074880e-01
2400,layers.2.qk_lut.log_select_temp,7.209188e-01,4.810631e-03,6.672917e-03
2400,layers.2.v_lut.weights,1.254639e+02,2.166501e+01,1.726793e-01
2400,layers.2.v_lut.log_soft_score_temp,4.528960e-01,2.819845e-02,6.226253e-02
2400,layers.2.v_lut.log_select_temp,8.708475e-01,1.599193e-04,1.836364e-04
2400,layers.2.out_proj.weights,1.980842e+02,3.249858e+01,1.640645e-01
2400,layers.2.out_proj.log_soft_score_temp,6.576782e-01,2.276659e-02,3.461661e-02
2400,layers.2.out_proj.log_select_temp,9.475195e-01,1.832551e-02,1.934051e-02
2400,layers.2.residual_lut.weights,8.875306e+01,1.492468e+01,1.681596e-01
2400,layers.2.residual_lut.log_soft_score_temp,4.156875e-01,2.409658e-02,5.796801e-02
2400,layers.2.residual_lut.log_select_temp,7.055206e-01,1.404345e-02,1.990509e-02
2400,layers.2.q_norm.weight,8.906144e+00,7.053598e-02,7.919923e-03
2400,layers.2.q_norm.bias,3.153884e-01,2.195638e-02,6.961696e-02
2400,layers.2.k_norm.weight,8.858953e+00,7.037171e-02,7.943569e-03
2400,layers.2.k_norm.bias,5.721169e-01,3.238774e-02,5.661035e-02
2400,layers.3.qk_lut.weights,6.386306e+01,1.071107e+01,1.677193e-01
2400,layers.3.qk_lut.log_soft_score_temp,4.170567e-01,2.313027e-02,5.546072e-02
2400,layers.3.qk_lut.log_select_temp,7.222892e-01,9.525418e-04,1.318782e-03
2400,layers.3.v_lut.weights,1.261194e+02,2.157345e+01,1.710558e-01
2400,layers.3.v_lut.log_soft_score_temp,6.669858e-01,1.633167e-02,2.448579e-02
2400,layers.3.v_lut.log_select_temp,7.951282e-01,7.856011e-03,9.880182e-03
2400,layers.3.out_proj.weights,1.946546e+02,3.251882e+01,1.670591e-01
2400,layers.3.out_proj.log_soft_score_temp,5.841336e-01,4.402936e-03,7.537549e-03
2400,layers.3.out_proj.log_select_temp,7.553031e-01,1.409209e-02,1.865753e-02
2400,layers.3.residual_lut.weights,8.942083e+01,1.513803e+01,1.692897e-01
2400,layers.3.residual_lut.log_soft_score_temp,4.572562e-01,2.038762e-02,4.458686e-02
2400,layers.3.residual_lut.log_select_temp,6.829189e-01,1.159310e-02,1.697581e-02
2400,layers.3.q_norm.weight,8.534557e+00,4.259672e-02,4.991087e-03
2400,layers.3.q_norm.bias,2.130075e-01,1.634133e-02,7.671718e-02
2400,layers.3.k_norm.weight,8.520712e+00,4.220849e-02,4.953635e-03
2400,layers.3.k_norm.bias,2.996126e-01,2.062934e-02,6.885341e-02
2400,layers.4.qk_lut.weights,6.443602e+01,1.078099e+01,1.673131e-01
2400,layers.4.qk_lut.log_soft_score_temp,4.438149e-01,1.951325e-02,4.396709e-02
2400,layers.4.qk_lut.log_select_temp,6.983013e-01,6.496906e-05,9.303872e-05
2400,layers.4.v_lut.weights,1.304712e+02,2.214917e+01,1.697629e-01
2400,layers.4.v_lut.log_soft_score_temp,6.792577e-01,6.106973e-03,8.990657e-03
2400,layers.4.v_lut.log_select_temp,7.377079e-01,4.434526e-03,6.011222e-03
2400,layers.4.out_proj.weights,2.650037e+02,3.450772e+01,1.302160e-01
2400,layers.4.out_proj.log_soft_score_temp,6.453474e-01,8.297443e-03,1.285733e-02
2400,layers.4.out_proj.log_select_temp,7.952899e-01,1.363283e-02,1.714197e-02
2400,layers.4.residual_lut.weights,1.253345e+02,1.601573e+01,1.277839e-01
2400,layers.4.residual_lut.log_soft_score_temp,5.625086e-01,1.318592e-02,2.344127e-02
2400,layers.4.residual_lut.log_select_temp,6.861771e-01,5.587161e-03,8.142447e-03
2400,layers.4.q_norm.weight,8.476525e+00,2.613815e-02,3.083592e-03
2400,layers.4.q_norm.bias,3.071970e-01,1.330266e-02,4.330334e-02
2400,layers.4.k_norm.weight,8.459641e+00,2.586601e-02,3.057577e-03
2400,layers.4.k_norm.bias,5.745499e-01,2.220710e-02,3.865129e-02
2400,layers.5.qk_lut.weights,7.206789e+01,1.099481e+01,1.525618e-01
2400,layers.5.qk_lut.log_soft_score_temp,5.793138e-01,1.683009e-02,2.905176e-02
2400,layers.5.qk_lut.log_select_temp,7.211575e-01,6.076694e-04,8.426306e-04
2400,layers.5.v_lut.weights,2.287787e+02,2.480055e+01,1.084041e-01
2400,layers.5.v_lut.log_soft_score_temp,7.004634e-01,1.174212e-04,1.676335e-04
2400,layers.5.v_lut.log_select_temp,7.041804e-01,1.056790e-03,1.500738e-03
2400,layers.5.out_proj.weights,7.696778e+02,6.035141e+01,7.841126e-02
2400,layers.5.out_proj.log_soft_score_temp,5.944487e-01,9.257197e-03,1.557274e-02
2400,layers.5.out_proj.log_select_temp,6.768026e-01,1.378238e-03,2.036396e-03
2400,layers.5.residual_lut.weights,4.045075e+02,2.662552e+01,6.582207e-02
2400,layers.5.residual_lut.log_soft_score_temp,6.610026e-01,2.826512e-03,4.276098e-03
2400,layers.5.residual_lut.log_select_temp,6.878600e-01,4.900098e-04,7.123685e-04
2400,layers.5.q_norm.weight,8.151052e+00,1.331163e-02,1.633118e-03
2400,layers.5.q_norm.bias,1.568848e-01,8.222397e-03,5.241041e-02
2400,layers.5.k_norm.weight,8.153025e+00,1.422081e-02,1.744238e-03
2400,layers.5.k_norm.bias,3.270359e-01,1.448634e-02,4.429587e-02
2400,ln_final.weight,2.835192e+01,5.000158e-01,1.763605e-02
2400,ln_final.bias,1.584278e+00,8.519024e-02,5.377229e-02
2600,tok_emb_E.weight,2.086080e+02,5.038424e+00,2.415259e-02
2600,emb_resid_lut.weights,1.233312e+02,1.203933e+01,9.761787e-02
2600,emb_resid_lut.log_soft_score_temp,1.195589e+00,2.186143e-02,1.828507e-02
2600,emb_resid_lut.log_select_temp,1.204861e+00,2.371597e-02,1.968358e-02
2600,unembedder.weight,1.595363e+02,7.491013e+00,4.695491e-02
2600,layers.0.qk_lut.weights,6.465535e+01,7.996878e+00,1.236847e-01
2600,layers.0.qk_lut.log_soft_score_temp,8.288829e-01,7.150531e-03,8.626708e-03
2600,layers.0.qk_lut.log_select_temp,8.221507e-01,7.403135e-03,9.004596e-03
2600,layers.0.v_lut.weights,1.273760e+02,1.771366e+01,1.390659e-01
2600,layers.0.v_lut.log_soft_score_temp,8.183780e-01,4.857183e-04,5.935133e-04
2600,layers.0.v_lut.log_select_temp,9.437339e-01,8.641958e-03,9.157198e-03
2600,layers.0.out_proj.weights,1.853504e+02,2.660437e+01,1.435356e-01
2600,layers.0.out_proj.log_soft_score_temp,4.667776e-01,2.395114e-02,5.131168e-02
2600,layers.0.out_proj.log_select_temp,8.775816e-01,9.117305e-03,1.038913e-02
2600,layers.0.residual_lut.weights,8.193240e+01,1.250679e+01,1.526476e-01
2600,layers.0.residual_lut.log_soft_score_temp,3.494821e-01,1.686725e-02,4.826356e-02
2600,layers.0.residual_lut.log_select_temp,5.505344e-01,3.716946e-03,6.751523e-03
2600,layers.0.q_norm.weight,8.720246e+00,2.474685e-02,2.837862e-03
2600,layers.0.q_norm.bias,5.058233e-01,1.336962e-02,2.643141e-02
2600,layers.0.k_norm.weight,8.671447e+00,2.327758e-02,2.684394e-03
2600,layers.0.k_norm.bias,6.175041e-01,1.623581e-02,2.629264e-02
2600,layers.1.qk_lut.weights,6.463147e+01,8.837474e+00,1.367364e-01
2600,layers.1.qk_lut.log_soft_score_temp,3.434199e-01,1.237804e-02,3.604344e-02
2600,layers.1.qk_lut.log_select_temp,7.221495e-01,5.581021e-03,7.728346e-03
2600,layers.1.v_lut.weights,1.271748e+02,1.860230e+01,1.462734e-01
2600,layers.1.v_lut.log_soft_score_temp,3.772110e-01,2.325639e-02,6.165353e-02
2600,layers.1.v_lut.log_select_temp,7.975557e-01,2.114773e-04,2.651567e-04
2600,layers.1.out_proj.weights,1.849942e+02,2.706274e+01,1.462897e-01
2600,layers.1.out_proj.log_soft_score_temp,4.671730e-01,2.396682e-02,5.130181e-02
2600,layers.1.out_proj.log_select_temp,7.875620e-01,5.197942e-03,6.600042e-03
2600,layers.1.residual_lut.weights,8.600643e+01,1.265349e+01,1.471226e-01
2600,layers.1.residual_lut.log_soft_score_temp,3.648743e-01,2.054143e-02,5.629728e-02
2600,layers.1.residual_lut.log_select_temp,6.515386e-01,8.160830e-03,1.252547e-02
2600,layers.1.q_norm.weight,8.762012e+00,2.300507e-02,2.625546e-03
2600,layers.1.q_norm.bias,4.548683e-01,1.038823e-02,2.283788e-02
2600,layers.1.k_norm.weight,8.733816e+00,2.273126e-02,2.602672e-03
2600,layers.1.k_norm.bias,7.402517e-01,1.420665e-02,1.919164e-02
2600,layers.2.qk_lut.weights,6.416187e+01,9.104094e+00,1.418926e-01
2600,layers.2.qk_lut.log_soft_score_temp,2.381003e-01,2.406228e-02,1.010594e-01
2600,layers.2.qk_lut.log_select_temp,7.267477e-01,5.828917e-03,8.020551e-03
2600,layers.2.v_lut.weights,1.270391e+02,1.844537e+01,1.451944e-01
2600,layers.2.v_lut.log_soft_score_temp,4.290285e-01,2.386749e-02,5.563147e-02
2600,layers.2.v_lut.log_select_temp,8.729025e-01,2.055049e-03,2.354271e-03
2600,layers.2.out_proj.weights,2.009419e+02,2.758570e+01,1.372820e-01
2600,layers.2.out_proj.log_soft_score_temp,6.396687e-01,1.800948e-02,2.815439e-02
2600,layers.2.out_proj.log_select_temp,9.630958e-01,1.557630e-02,1.617316e-02
2600,layers.2.residual_lut.weights,8.992103e+01,1.274740e+01,1.417622e-01
2600,layers.2.residual_lut.log_soft_score_temp,3.961822e-01,1.950526e-02,4.923306e-02
2600,layers.2.residual_lut.log_select_temp,7.201936e-01,1.467299e-02,2.037368e-02
2600,layers.2.q_norm.weight,8.954728e+00,6.311969e-02,7.048756e-03
2600,layers.2.q_norm.bias,3.249922e-01,1.901988e-02,5.852411e-02
2600,layers.2.k_norm.weight,8.907306e+00,6.306343e-02,7.079967e-03
2600,layers.2.k_norm.bias,5.889338e-01,2.923985e-02,4.964879e-02
2600,layers.3.qk_lut.weights,6.469000e+01,9.150918e+00,1.414580e-01
2600,layers.3.qk_lut.log_soft_score_temp,3.974590e-01,1.959777e-02,4.930765e-02
2600,layers.3.qk_lut.log_select_temp,7.241703e-01,1.881123e-03,2.597625e-03
2600,layers.3.v_lut.weights,1.278062e+02,1.831067e+01,1.432690e-01
2600,layers.3.v_lut.log_soft_score_temp,6.519932e-01,1.499254e-02,2.299493e-02
2600,layers.3.v_lut.log_select_temp,8.017423e-01,6.614029e-03,8.249571e-03
2600,layers.3.out_proj.weights,1.970109e+02,2.757007e+01,1.399419e-01
2600,layers.3.out_proj.log_soft_score_temp,5.812397e-01,2.893865e-03,4.978781e-03
2600,layers.3.out_proj.log_select_temp,7.682565e-01,1.295334e-02,1.686070e-02
2600,layers.3.residual_lut.weights,9.069016e+01,1.293590e+01,1.426384e-01
2600,layers.3.residual_lut.log_soft_score_temp,4.410224e-01,1.623380e-02,3.680947e-02
2600,layers.3.residual_lut.log_select_temp,6.953847e-01,1.246583e-02,1.792653e-02
2600,layers.3.q_norm.weight,8.566654e+00,3.850564e-02,4.494828e-03
2600,layers.3.q_norm.bias,2.227345e-01,1.263057e-02,5.670684e-02
2600,layers.3.k_norm.weight,8.552118e+00,3.798365e-02,4.441432e-03
2600,layers.3.k_norm.bias,3.131864e-01,1.831106e-02,5.846696e-02
2600,layers.4.qk_lut.weights,6.529031e+01,9.173141e+00,1.404977e-01
2600,layers.4.qk_lut.log_soft_score_temp,4.275232e-01,1.629171e-02,3.810719e-02
2600,layers.4.qk_lut.log_select_temp,6.996014e-01,1.300097e-03,1.858339e-03
2600,layers.4.v_lut.weights,1.320995e+02,1.884264e+01,1.426398e-01
2600,layers.4.v_lut.log_soft_score_temp,6.725945e-01,6.663203e-03,9.906717e-03
2600,layers.4.v_lut.log_select_temp,7.409610e-01,3.253102e-03,4.390383e-03
2600,layers.4.out_proj.weights,2.673843e+02,2.903795e+01,1.086000e-01
2600,layers.4.out_proj.log_soft_score_temp,6.382677e-01,7.079720e-03,1.109209e-02
2600,layers.4.out_proj.log_select_temp,8.056892e-01,1.039928e-02,1.290731e-02
2600,layers.4.residual_lut.weights,1.270165e+02,1.365574e+01,1.075115e-01
2600,layers.4.residual_lut.log_soft_score_temp,5.521305e-01,1.037818e-02,1.879661e-02
2600,layers.4.residual_lut.log_select_temp,6.930582e-01,6.881118e-03,9.928629e-03
2600,layers.4.q_norm.weight,8.490691e+00,1.775434e-02,2.091036e-03
2600,layers.4.q_norm.bias,3.156008e-01,1.020574e-02,3.233751e-02
2600,layers.4.k_norm.weight,8.473405e+00,1.735751e-02,2.048469e-03
2600,layers.4.k_norm.bias,5.894345e-01,1.771975e-02,3.006229e-02
2600,layers.5.qk_lut.weights,7.296453e+01,9.295241e+00,1.273940e-01
2600,layers.5.qk_lut.log_soft_score_temp,5.672830e-01,1.203084e-02,2.120783e-02
2600,layers.5.qk_lut.log_select_temp,7.223876e-01,1.230121e-03,1.702854e-03
2600,layers.5.v_lut.weights,2.320515e+02,2.104256e+01,9.068057e-02
2600,layers.5.v_lut.log_soft_score_temp,7.006192e-01,1.558065e-04,2.223841e-04
2600,layers.5.v_lut.log_select_temp,7.051989e-01,1.018465e-03,1.444223e-03
2600,layers.5.out_proj.weights,7.935511e+02,5.006997e+01,6.309609e-02
2600,layers.5.out_proj.log_soft_score_temp,5.884092e-01,6.039500e-03,1.026412e-02
2600,layers.5.out_proj.log_select_temp,6.785759e-01,1.773357e-03,2.613351e-03
2600,layers.5.residual_lut.weights,4.187178e+02,2.230036e+01,5.325869e-02
2600,layers.5.residual_lut.log_soft_score_temp,6.586869e-01,2.315640e-03,3.515540e-03
2600,layers.5.residual_lut.log_select_temp,6.884776e-01,6.176829e-04,8.971721e-04
2600,layers.5.q_norm.weight,8.162052e+00,1.416866e-02,1.735919e-03
2600,layers.5.q_norm.bias,1.620564e-01,8.543604e-03,5.271993e-02
2600,layers.5.k_norm.weight,8.164002e+00,1.501507e-02,1.839180e-03
2600,layers.5.k_norm.bias,3.373111e-01,1.465491e-02,4.344628e-02
2600,ln_final.weight,2.878038e+01,4.285861e-01,1.489161e-02
2600,ln_final.bias,1.634049e+00,7.468100e-02,4.570302e-02
2800,tok_emb_E.weight,2.086783e+02,4.225463e+00,2.024870e-02
2800,emb_resid_lut.weights,1.244734e+02,1.012027e+01,8.130473e-02
2800,emb_resid_lut.log_soft_score_temp,1.212743e+00,1.715398e-02,1.414477e-02
2800,emb_resid_lut.log_select_temp,1.224147e+00,1.928675e-02,1.575525e-02
2800,unembedder.weight,1.602416e+02,6.273381e+00,3.914952e-02
2800,layers.0.qk_lut.weights,6.524041e+01,6.707484e+00,1.028118e-01
2800,layers.0.qk_lut.log_soft_score_temp,8.339508e-01,5.067885e-03,6.076959e-03
2800,layers.0.qk_lut.log_select_temp,8.270359e-01,4.885197e-03,5.906874e-03
2800,layers.0.v_lut.weights,1.284288e+02,1.483258e+01,1.154927e-01
2800,layers.0.v_lut.log_soft_score_temp,8.185210e-01,1.429915e-04,1.746950e-04
2800,layers.0.v_lut.log_select_temp,9.504613e-01,6.727397e-03,7.078034e-03
2800,layers.0.out_proj.weights,1.868948e+02,2.214602e+01,1.184945e-01
2800,layers.0.out_proj.log_soft_score_temp,4.472423e-01,1.953527e-02,4.367939e-02
2800,layers.0.out_proj.log_select_temp,8.850949e-01,7.513344e-03,8.488744e-03
2800,layers.0.residual_lut.weights,8.251940e+01,1.045827e+01,1.267371e-01
2800,layers.0.residual_lut.log_soft_score_temp,3.395188e-01,9.963304e-03,2.934537e-02
2800,layers.0.residual_lut.log_select_temp,5.586907e-01,8.156359e-03,1.459906e-02
2800,layers.0.q_norm.weight,8.739876e+00,2.215802e-02,2.535278e-03
2800,layers.0.q_norm.bias,5.165600e-01,1.167890e-02,2.260899e-02
2800,layers.0.k_norm.weight,8.689264e+00,1.997783e-02,2.299140e-03
2800,layers.0.k_norm.bias,6.309621e-01,1.428174e-02,2.263486e-02
2800,layers.1.qk_lut.weights,6.521642e+01,7.386780e+00,1.132656e-01
2800,layers.1.qk_lut.log_soft_score_temp,3.326283e-01,1.079166e-02,3.244360e-02
2800,layers.1.qk_lut.log_select_temp,7.259207e-01,3.771186e-03,5.195039e-03
2800,layers.1.v_lut.weights,1.281508e+02,1.550649e+01,1.210019e-01
2800,layers.1.v_lut.log_soft_score_temp,3.574637e-01,1.974732e-02,5.524286e-02
2800,layers.1.v_lut.log_select_temp,7.972491e-01,3.066063e-04,3.845803e-04
2800,layers.1.out_proj.weights,1.863398e+02,2.248934e+01,1.206899e-01
2800,layers.1.out_proj.log_soft_score_temp,4.473418e-01,1.983121e-02,4.433123e-02
2800,layers.1.out_proj.log_select_temp,7.827417e-01,4.820228e-03,6.158133e-03
2800,layers.1.residual_lut.weights,8.659902e+01,1.057176e+01,1.220771e-01
2800,layers.1.residual_lut.log_soft_score_temp,3.488584e-01,1.601592e-02,4.590951e-02
2800,layers.1.residual_lut.log_select_temp,6.597373e-01,8.198678e-03,1.242719e-02
2800,layers.1.q_norm.weight,8.777411e+00,1.839296e-02,2.095487e-03
2800,layers.1.q_norm.bias,4.617167e-01,8.823021e-03,1.910916e-02
2800,layers.1.k_norm.weight,8.748760e+00,1.817938e-02,2.077938e-03
2800,layers.1.k_norm.bias,7.513408e-01,1.430962e-02,1.904545e-02
2800,layers.2.qk_lut.weights,6.471405e+01,7.616658e+00,1.176971e-01
2800,layers.2.qk_lut.log_soft_score_temp,2.179972e-01,2.010307e-02,9.221708e-02
2800,layers.2.qk_lut.log_select_temp,7.317306e-01,4.982889e-03,6.809731e-03
2800,layers.2.v_lut.weights,1.281073e+02,1.535367e+01,1.198500e-01
2800,layers.2.v_lut.log_soft_score_temp,4.092592e-01,1.976931e-02,4.830511e-02
2800,layers.2.v_lut.log_select_temp,8.735940e-01,6.914735e-04,7.915273e-04
2800,layers.2.out_proj.weights,2.029993e+02,2.296125e+01,1.131100e-01
2800,layers.2.out_proj.log_soft_score_temp,6.239366e-01,1.573211e-02,2.521428e-02
2800,layers.2.out_proj.log_select_temp,9.759783e-01,1.288247e-02,1.319955e-02
2800,layers.2.residual_lut.weights,9.073023e+01,1.065580e+01,1.174449e-01
2800,layers.2.residual_lut.log_soft_score_temp,3.801685e-01,1.601371e-02,4.212267e-02
2800,layers.2.residual_lut.log_select_temp,7.342310e-01,1.403743e-02,1.911855e-02
2800,layers.2.q_norm.weight,8.993669e+00,5.046708e-02,5.611401e-03
2800,layers.2.q_norm.bias,3.338209e-01,1.748323e-02,5.237309e-02
2800,layers.2.k_norm.weight,8.945731e+00,5.044504e-02,5.639007e-03
2800,layers.2.k_norm.bias,6.025202e-01,2.413554e-02,4.005764e-02
2800,layers.3.qk_lut.weights,6.525970e+01,7.644278e+00,1.171363e-01
2800,layers.3.qk_lut.log_soft_score_temp,3.806835e-01,1.677546e-02,4.406668e-02
2800,layers.3.qk_lut.log_select_temp,7.254456e-01,1.275241e-03,1.757873e-03
2800,layers.3.v_lut.weights,1.289644e+02,1.524595e+01,1.182183e-01
2800,layers.3.v_lut.log_soft_score_temp,6.380594e-01,1.393378e-02,2.183774e-02
2800,layers.3.v_lut.log_select_temp,8.060184e-01,4.276156e-03,5.305284e-03
2800,layers.3.out_proj.weights,1.986550e+02,2.288540e+01,1.152017e-01
2800,layers.3.out_proj.log_soft_score_temp,5.789982e-01,2.241492e-03,3.871329e-03
2800,layers.3.out_proj.log_select_temp,7.796550e-01,1.139849e-02,1.461992e-02
2800,layers.3.residual_lut.weights,9.157517e+01,1.079196e+01,1.178481e-01
2800,layers.3.residual_lut.log_soft_score_temp,4.284172e-01,1.260522e-02,2.942277e-02
2800,layers.3.residual_lut.log_select_temp,7.063428e-01,1.095802e-02,1.551374e-02
2800,layers.3.q_norm.weight,8.592464e+00,3.011410e-02,3.504711e-03
2800,layers.3.q_norm.bias,2.306105e-01,1.011570e-02,4.386485e-02
2800,layers.3.k_norm.weight,8.577480e+00,2.986908e-02,3.482268e-03
2800,layers.3.k_norm.bias,3.215911e-01,1.273981e-02,3.961494e-02
2800,layers.4.qk_lut.weights,6.588392e+01,7.653403e+00,1.161650e-01
2800,layers.4.qk_lut.log_soft_score_temp,4.144038e-01,1.311946e-02,3.165864e-02
2800,layers.4.qk_lut.log_select_temp,7.013230e-01,1.721621e-03,2.454818e-03
2800,layers.4.v_lut.weights,1.332262e+02,1.564579e+01,1.174378e-01
2800,layers.4.v_lut.log_soft_score_temp,6.668799e-01,5.714595e-03,8.569152e-03
2800,layers.4.v_lut.log_select_temp,7.441491e-01,3.188133e-03,4.284267e-03
2800,layers.4.out_proj.weights,2.690476e+02,2.404830e+01,8.938308e-02
2800,layers.4.out_proj.log_soft_score_temp,6.332234e-01,5.044341e-03,7.966132e-03
2800,layers.4.out_proj.log_select_temp,8.144747e-01,8.785486e-03,1.078669e-02
2800,layers.4.residual_lut.weights,1.282809e+02,1.136165e+01,8.856849e-02
2800,layers.4.residual_lut.log_soft_score_temp,5.442088e-01,7.921636e-03,1.455624e-02
2800,layers.4.residual_lut.log_select_temp,6.990309e-01,5.972683e-03,8.544234e-03
2800,layers.4.q_norm.weight,8.502051e+00,1.402723e-02,1.649865e-03
2800,layers.4.q_norm.bias,3.201092e-01,6.865880e-03,2.144855e-02
2800,layers.4.k_norm.weight,8.484600e+00,1.404865e-02,1.655782e-03
2800,layers.4.k_norm.bias,5.986825e-01,1.375161e-02,2.296978e-02
2800,layers.5.qk_lut.weights,7.362160e+01,7.767190e+00,1.055015e-01
2800,layers.5.qk_lut.log_soft_score_temp,5.578212e-01,9.461820e-03,1.696210e-02
2800,layers.5.qk_lut.log_select_temp,7.242764e-01,1.888752e-03,2.607778e-03
2800,layers.5.v_lut.weights,2.345486e+02,1.742502e+01,7.429171e-02
2800,layers.5.v_lut.log_soft_score_temp,7.009926e-01,3.734827e-04,5.327912e-04
2800,layers.5.v_lut.log_select_temp,7.063189e-01,1.119971e-03,1.585645e-03
2800,layers.5.out_proj.weights,8.127241e+02,4.150575e+01,5.106991e-02
2800,layers.5.out_proj.log_soft_score_temp,5.824134e-01,5.995870e-03,1.029487e-02
2800,layers.5.out_proj.log_select_temp,6.798877e-01,1.311719e-03,1.929318e-03
2800,layers.5.residual_lut.weights,4.301916e+02,1.847831e+01,4.295367e-02
2800,layers.5.residual_lut.log_soft_score_temp,6.570604e-01,1.626492e-03,2.475406e-03
2800,layers.5.residual_lut.log_select_temp,6.890933e-01,6.156564e-04,8.934296e-04
2800,layers.5.q_norm.weight,8.167606e+00,1.005819e-02,1.231473e-03
2800,layers.5.q_norm.bias,1.661517e-01,6.834562e-03,4.113447e-02
2800,layers.5.k_norm.weight,8.169994e+00,1.057636e-02,1.294537e-03
2800,layers.5.k_norm.bias,3.438631e-01,1.222820e-02,3.556124e-02
2800,ln_final.weight,2.913665e+01,3.563924e-01,1.223176e-02
2800,ln_final.bias,1.673418e+00,6.102687e-02,3.646839e-02
3000,tok_emb_E.weight,2.087269e+02,3.467149e+00,1.661094e-02
3000,emb_resid_lut.weights,1.252522e+02,8.324595e+00,6.646265e-02
3000,emb_resid_lut.log_soft_score_temp,1.226082e+00,1.333857e-02,1.087902e-02
3000,emb_resid_lut.log_select_temp,1.239568e+00,1.542068e-02,1.244036e-02
3000,unembedder.weight,1.607269e+02,5.116157e+00,3.183137e-02
3000,layers.0.qk_lut.weights,6.562556e+01,5.539713e+00,8.441395e-02
3000,layers.0.qk_lut.log_soft_score_temp,8.393210e-01,5.370259e-03,6.398338e-03
3000,layers.0.qk_lut.log_select_temp,8.319313e-01,4.895389e-03,5.884367e-03
3000,layers.0.v_lut.weights,1.291097e+02,1.219097e+01,9.442333e-02
3000,layers.0.v_lut.log_soft_score_temp,8.194575e-01,9.365082e-04,1.142839e-03
3000,layers.0.v_lut.log_select_temp,9.558299e-01,5.368590e-03,5.616680e-03
3000,layers.0.out_proj.weights,1.878916e+02,1.805110e+01,9.607188e-02
3000,layers.0.out_proj.log_soft_score_temp,4.314215e-01,1.582077e-02,3.667126e-02
3000,layers.0.out_proj.log_select_temp,8.922524e-01,7.157505e-03,8.021838e-03
3000,layers.0.residual_lut.weights,8.288321e+01,8.560577e+00,1.032848e-01
3000,layers.0.residual_lut.log_soft_score_temp,3.330466e-01,6.472260e-03,1.943350e-02
3000,layers.0.residual_lut.log_select_temp,5.673608e-01,8.670032e-03,1.528134e-02
3000,layers.0.q_norm.weight,8.754575e+00,1.644607e-02,1.878569e-03
3000,layers.0.q_norm.bias,5.242833e-01,8.420615e-03,1.606119e-02
3000,layers.0.k_norm.weight,8.702394e+00,1.510765e-02,1.736034e-03
3000,layers.0.k_norm.bias,6.406146e-01,1.056231e-02,1.648778e-02
3000,layers.1.qk_lut.weights,6.559930e+01,6.042632e+00,9.211428e-02
3000,layers.1.qk_lut.log_soft_score_temp,3.250904e-01,7.537842e-03,2.318691e-02
3000,layers.1.qk_lut.log_select_temp,7.294313e-01,3.510654e-03,4.812864e-03
3000,layers.1.v_lut.weights,1.287694e+02,1.261798e+01,9.798896e-02
3000,layers.1.v_lut.log_soft_score_temp,3.421034e-01,1.536030e-02,4.489957e-02
3000,layers.1.v_lut.log_select_temp,7.981503e-01,9.011626e-04,1.129064e-03
3000,layers.1.out_proj.weights,1.871698e+02,1.828534e+01,9.769387e-02
3000,layers.1.out_proj.log_soft_score_temp,4.310685e-01,1.627332e-02,3.775112e-02
3000,layers.1.out_proj.log_select_temp,7.792435e-01,3.498256e-03,4.489298e-03
3000,layers.1.residual_lut.weights,8.695775e+01,8.645637e+00,9.942342e-02
3000,layers.1.residual_lut.log_soft_score_temp,3.353550e-01,1.350334e-02,4.026581e-02
3000,layers.1.residual_lut.log_select_temp,6.684095e-01,8.672237e-03,1.297444e-02
3000,layers.1.q_norm.weight,8.789226e+00,1.362401e-02,1.550080e-03
3000,layers.1.q_norm.bias,4.668293e-01,6.743100e-03,1.444447e-02
3000,layers.1.k_norm.weight,8.760298e+00,1.355916e-02,1.547797e-03
3000,layers.1.k_norm.bias,7.591699e-01,1.027646e-02,1.353644e-02
3000,layers.2.qk_lut.weights,6.507315e+01,6.213387e+00,9.548311e-02
3000,layers.2.qk_lut.log_soft_score_temp,2.023353e-01,1.566195e-02,7.740596e-02
3000,layers.2.qk_lut.log_select_temp,7.371166e-01,5.385995e-03,7.306843e-03
3000,layers.2.v_lut.weights,1.287964e+02,1.250348e+01,9.707939e-02
3000,layers.2.v_lut.log_soft_score_temp,3.931178e-01,1.614147e-02,4.106015e-02
3000,layers.2.v_lut.log_select_temp,8.753666e-01,1.772642e-03,2.025028e-03
3000,layers.2.out_proj.weights,2.044397e+02,1.861922e+01,9.107439e-02
3000,layers.2.out_proj.log_soft_score_temp,6.110258e-01,1.291078e-02,2.112969e-02
3000,layers.2.out_proj.log_select_temp,9.862295e-01,1.025122e-02,1.039436e-02
3000,layers.2.residual_lut.weights,9.126649e+01,8.713820e+00,9.547665e-02
3000,layers.2.residual_lut.log_soft_score_temp,3.674621e-01,1.270646e-02,3.457897e-02
3000,layers.2.residual_lut.log_select_temp,7.467800e-01,1.254898e-02,1.680412e-02
3000,layers.2.q_norm.weight,9.026166e+00,4.081409e-02,4.521753e-03
3000,layers.2.q_norm.bias,3.416319e-01,1.514325e-02,4.432622e-02
3000,layers.2.k_norm.weight,8.977450e+00,4.035602e-02,4.495265e-03
3000,layers.2.k_norm.bias,6.127584e-01,1.762570e-02,2.876451e-02
3000,layers.3.qk_lut.weights,6.563839e+01,6.246829e+00,9.517035e-02
3000,layers.3.qk_lut.log_soft_score_temp,3.672117e-01,1.347184e-02,3.668686e-02
3000,layers.3.qk_lut.log_select_temp,7.261699e-01,7.243156e-04,9.974465e-04
3000,layers.3.v_lut.weights,1.297327e+02,1.243130e+01,9.582244e-02
3000,layers.3.v_lut.log_soft_score_temp,6.267939e-01,1.126552e-02,1.797324e-02
3000,layers.3.v_lut.log_select_temp,8.101881e-01,4.169703e-03,5.146586e-03
3000,layers.3.out_proj.weights,1.997726e+02,1.858728e+01,9.304219e-02
3000,layers.3.out_proj.log_soft_score_temp,5.776359e-01,1.362324e-03,2.358447e-03
3000,layers.3.out_proj.log_select_temp,7.894980e-01,9.843051e-03,1.246748e-02
3000,layers.3.residual_lut.weights,9.217722e+01,8.812047e+00,9.559896e-02
3000,layers.3.residual_lut.log_soft_score_temp,4.177123e-01,1.070485e-02,2.562731e-02
3000,layers.3.residual_lut.log_select_temp,7.174396e-01,1.109684e-02,1.546727e-02
3000,layers.3.q_norm.weight,8.613790e+00,2.498133e-02,2.900156e-03
3000,layers.3.q_norm.bias,2.369536e-01,9.541411e-03,4.026700e-02
3000,layers.3.k_norm.weight,8.598519e+00,2.459141e-02,2.859959e-03
3000,layers.3.k_norm.bias,3.303615e-01,1.198956e-02,3.629225e-02
3000,layers.4.qk_lut.weights,6.628394e+01,6.229393e+00,9.398043e-02
3000,layers.4.qk_lut.log_soft_score_temp,4.031938e-01,1.120999e-02,2.780300e-02
3000,layers.4.qk_lut.log_select_temp,7.021096e-01,7.866025e-04,1.120341e-03
3000,layers.4.v_lut.weights,1.339560e+02,1.276102e+01,9.526274e-02
3000,layers.4.v_lut.log_soft_score_temp,6.614947e-01,5.385160e-03,8.140897e-03
3000,layers.4.v_lut.log_select_temp,7.466848e-01,2.535760e-03,3.396025e-03
3000,layers.4.out_proj.weights,2.701747e+02,1.946935e+01,7.206210e-02
3000,layers.4.out_proj.log_soft_score_temp,6.276982e-01,5.525112e-03,8.802179e-03
3000,layers.4.out_proj.log_select_temp,8.221853e-01,7.710636e-03,9.378221e-03
3000,layers.4.residual_lut.weights,1.291780e+02,9.250155e+00,7.160782e-02
3000,layers.4.residual_lut.log_soft_score_temp,5.378270e-01,6.381810e-03,1.186592e-02
3000,layers.4.residual_lut.log_select_temp,7.052302e-01,6.199300e-03,8.790464e-03
3000,layers.4.q_norm.weight,8.510111e+00,1.095821e-02,1.287670e-03
3000,layers.4.q_norm.bias,3.247591e-01,6.485210e-03,1.996929e-02
3000,layers.4.k_norm.weight,8.492104e+00,1.081320e-02,1.273324e-03
3000,layers.4.k_norm.bias,6.080786e-01,1.118415e-02,1.839260e-02
3000,layers.5.qk_lut.weights,7.407354e+01,6.321689e+00,8.534341e-02
3000,layers.5.qk_lut.log_soft_score_temp,5.497189e-01,8.102298e-03,1.473898e-02
3000,layers.5.qk_lut.log_select_temp,7.249928e-01,7.164478e-04,9.882137e-04
3000,layers.5.v_lut.weights,2.364041e+02,1.420189e+01,6.007464e-02
3000,layers.5.v_lut.log_soft_score_temp,7.010157e-01,2.306700e-05,3.290511e-05
3000,layers.5.v_lut.log_select_temp,7.070997e-01,7.808805e-04,1.104343e-03
3000,layers.5.out_proj.weights,8.278734e+02,3.301993e+01,3.988524e-02
3000,layers.5.out_proj.log_soft_score_temp,5.796387e-01,2.774715e-03,4.786974e-03
3000,layers.5.out_proj.log_select_temp,6.826872e-01,2.799571e-03,4.100810e-03
3000,layers.5.residual_lut.weights,4.393625e+02,1.491389e+01,3.394438e-02
3000,layers.5.residual_lut.log_soft_score_temp,6.557156e-01,1.344800e-03,2.050889e-03
3000,layers.5.residual_lut.log_select_temp,6.897369e-01,6.436110e-04,9.331253e-04
3000,layers.5.q_norm.weight,8.173704e+00,8.607452e-03,1.053066e-03
3000,layers.5.q_norm.bias,1.683403e-01,6.192915e-03,3.678807e-02
3000,layers.5.k_norm.weight,8.175790e+00,9.135402e-03,1.117372e-03
3000,layers.5.k_norm.bias,3.482336e-01,7.960065e-03,2.285841e-02
3000,ln_final.weight,2.942752e+01,2.909639e-01,9.887477e-03
3000,ln_final.bias,1.707179e+00,5.232790e-02,3.065169e-02
3200,tok_emb_E.weight,2.087589e+02,2.780945e+00,1.332132e-02
3200,emb_resid_lut.weights,1.257647e+02,6.718443e+00,5.342073e-02
3200,emb_resid_lut.log_soft_score_temp,1.236809e+00,1.072669e-02,8.672879e-03
3200,emb_resid_lut.log_select_temp,1.251915e+00,1.234710e-02,9.862572e-03
3200,unembedder.weight,1.611094e+02,4.151099e+00,2.576571e-02
3200,layers.0.qk_lut.weights,6.587384e+01,4.480049e+00,6.800953e-02
3200,layers.0.qk_lut.log_soft_score_temp,8.430180e-01,3.696978e-03,4.385408e-03
3200,layers.0.qk_lut.log_select_temp,8.350754e-01,3.144145e-03,3.765103e-03
3200,layers.0.v_lut.weights,1.295363e+02,9.796224e+00,7.562534e-02
3200,layers.0.v_lut.log_soft_score_temp,8.215853e-01,2.127767e-03,2.589830e-03
3200,layers.0.v_lut.log_select_temp,9.609523e-01,5.122423e-03,5.330570e-03
3200,layers.0.out_proj.weights,1.885386e+02,1.439031e+01,7.632554e-02
3200,layers.0.out_proj.log_soft_score_temp,4.194137e-01,1.200786e-02,2.863012e-02
3200,layers.0.out_proj.log_select_temp,9.003582e-01,8.105755e-03,9.002811e-03
3200,layers.0.residual_lut.weights,8.310394e+01,6.859371e+00,8.253966e-02
3200,layers.0.residual_lut.log_soft_score_temp,3.307588e-01,2.287805e-03,6.916839e-03
3200,layers.0.residual_lut.log_select_temp,5.761223e-01,8.761525e-03,1.520775e-02
3200,layers.0.q_norm.weight,8.768994e+00,1.620812e-02,1.848344e-03
3200,layers.0.q_norm.bias,5.310714e-01,7.341233e-03,1.382344e-02
3200,layers.0.k_norm.weight,8.715313e+00,1.490482e-02,1.710188e-03
3200,layers.0.k_norm.bias,6.514815e-01,1.188648e-02,1.824531e-02
3200,layers.1.qk_lut.weights,6.584453e+01,4.843925e+00,7.356610e-02
3200,layers.1.qk_lut.log_soft_score_temp,3.191897e-01,5.900770e-03,1.848672e-02
3200,layers.1.qk_lut.log_select_temp,7.326267e-01,3.195405e-03,4.361573e-03
3200,layers.1.v_lut.weights,1.291409e+02,1.005316e+01,7.784643e-02
3200,layers.1.v_lut.log_soft_score_temp,3.295127e-01,1.259074e-02,3.821017e-02
3200,layers.1.v_lut.log_select_temp,7.989858e-01,8.354783e-04,1.045674e-03
3200,layers.1.out_proj.weights,1.876442e+02,1.456668e+01,7.762925e-02
3200,layers.1.out_proj.log_soft_score_temp,4.183364e-01,1.273206e-02,3.043498e-02
3200,layers.1.out_proj.log_select_temp,7.765075e-01,2.735972e-03,3.523433e-03
3200,layers.1.residual_lut.weights,8.716217e+01,6.926784e+00,7.947007e-02
3200,layers.1.residual_lut.log_soft_score_temp,3.251986e-01,1.015648e-02,3.123163e-02
3200,layers.1.residual_lut.log_select_temp,6.767228e-01,8.313239e-03,1.228456e-02
3200,layers.1.q_norm.weight,8.799717e+00,1.195335e-02,1.358379e-03
3200,layers.1.q_norm.bias,4.716827e-01,6.116669e-03,1.296776e-02
3200,layers.1.k_norm.weight,8.770507e+00,1.167858e-02,1.331574e-03
3200,layers.1.k_norm.bias,7.657822e-01,8.545012e-03,1.115854e-02
3200,layers.2.qk_lut.weights,6.529887e+01,4.964739e+00,7.603101e-02
3200,layers.2.qk_lut.log_soft_score_temp,1.896617e-01,1.267353e-02,6.682174e-02
3200,layers.2.qk_lut.log_select_temp,7.413778e-01,4.261255e-03,5.747751e-03
3200,layers.2.v_lut.weights,1.292189e+02,9.970387e+00,7.715888e-02
3200,layers.2.v_lut.log_soft_score_temp,3.801754e-01,1.294231e-02,3.404300e-02
3200,layers.2.v_lut.log_select_temp,8.757674e-01,4.007220e-04,4.575668e-04
3200,layers.2.out_proj.weights,2.054034e+02,1.482561e+01,7.217802e-02
3200,layers.2.out_proj.log_soft_score_temp,5.997799e-01,1.124591e-02,1.875006e-02
3200,layers.2.out_proj.log_select_temp,9.932721e-01,7.042527e-03,7.090230e-03
3200,layers.2.residual_lut.weights,9.159261e+01,6.971375e+00,7.611286e-02
3200,layers.2.residual_lut.log_soft_score_temp,3.570469e-01,1.041520e-02,2.917039e-02
3200,layers.2.residual_lut.log_select_temp,7.565138e-01,9.733856e-03,1.286673e-02
3200,layers.2.q_norm.weight,9.050470e+00,3.209613e-02,3.546349e-03
3200,layers.2.q_norm.bias,3.484859e-01,1.236280e-02,3.547576e-02
3200,layers.2.k_norm.weight,9.001508e+00,3.214047e-02,3.570566e-03
3200,layers.2.k_norm.bias,6.198695e-01,1.411666e-02,2.277360e-02
3200,layers.3.qk_lut.weights,6.587643e+01,4.989230e+00,7.573619e-02
3200,layers.3.qk_lut.log_soft_score_temp,3.567476e-01,1.046410e-02,2.933195e-02
3200,layers.3.qk_lut.log_select_temp,7.274578e-01,1.287937e-03,1.770463e-03
3200,layers.3.v_lut.weights,1.302168e+02,9.908503e+00,7.609237e-02
3200,layers.3.v_lut.log_soft_score_temp,6.167911e-01,1.000285e-02,1.621757e-02
3200,layers.3.v_lut.log_select_temp,8.126845e-01,2.496362e-03,3.071748e-03
3200,layers.3.out_proj.weights,2.004860e+02,1.476968e+01,7.366935e-02
3200,layers.3.out_proj.log_soft_score_temp,5.760925e-01,1.543343e-03,2.678985e-03
3200,layers.3.out_proj.log_select_temp,7.972598e-01,7.761776e-03,9.735567e-03
3200,layers.3.residual_lut.weights,9.256638e+01,7.039731e+00,7.605063e-02
3200,layers.3.residual_lut.log_soft_score_temp,4.094307e-01,8.281648e-03,2.022723e-02
3200,layers.3.residual_lut.log_select_temp,7.264310e-01,8.991361e-03,1.237745e-02
3200,layers.3.q_norm.weight,8.629132e+00,1.835278e-02,2.126840e-03
3200,layers.3.q_norm.bias,2.411695e-01,5.924903e-03,2.456739e-02
3200,layers.3.k_norm.weight,8.613618e+00,1.854331e-02,2.152790e-03
3200,layers.3.k_norm.bias,3.351841e-01,8.056979e-03,2.403748e-02
3200,layers.4.qk_lut.weights,6.654334e+01,4.989077e+00,7.497484e-02
3200,layers.4.qk_lut.log_soft_score_temp,3.955088e-01,7.685006e-03,1.943068e-02
3200,layers.4.qk_lut.log_select_temp,7.037152e-01,1.605570e-03,2.281563e-03
3200,layers.4.v_lut.weights,1.344285e+02,1.018476e+01,7.576340e-02
3200,layers.4.v_lut.log_soft_score_temp,6.564401e-01,5.054593e-03,7.700006e-03
3200,layers.4.v_lut.log_select_temp,7.482207e-01,1.535833e-03,2.052647e-03
3200,layers.4.out_proj.weights,2.709505e+02,1.545463e+01,5.703858e-02
3200,layers.4.out_proj.log_soft_score_temp,6.243399e-01,3.358305e-03,5.378968e-03
3200,layers.4.out_proj.log_select_temp,8.291387e-01,6.953359e-03,8.386243e-03
3200,layers.4.residual_lut.weights,1.298239e+02,7.414314e+00,5.711053e-02
3200,layers.4.residual_lut.log_soft_score_temp,5.331721e-01,4.654884e-03,8.730547e-03
3200,layers.4.residual_lut.log_select_temp,7.103970e-01,5.166829e-03,7.273157e-03
3200,layers.4.q_norm.weight,8.517663e+00,9.545902e-03,1.120718e-03
3200,layers.4.q_norm.bias,3.289811e-01,5.660303e-03,1.720555e-02
3200,layers.4.k_norm.weight,8.499036e+00,8.986113e-03,1.057310e-03
3200,layers.4.k_norm.bias,6.152194e-01,9.265929e-03,1.506118e-02
3200,layers.5.qk_lut.weights,7.437035e+01,5.075806e+00,6.825039e-02
3200,layers.5.qk_lut.log_soft_score_temp,5.426685e-01,7.050395e-03,1.299209e-02
3200,layers.5.qk_lut.log_select_temp,7.253448e-01,3.519654e-04,4.852388e-04
3200,layers.5.v_lut.weights,2.377946e+02,1.130196e+01,4.752823e-02
3200,layers.5.v_lut.log_soft_score_temp,7.008591e-01,1.565814e-04,2.234135e-04
3200,layers.5.v_lut.log_select_temp,7.075652e-01,4.654527e-04,6.578230e-04
3200,layers.5.out_proj.weights,8.395284e+02,2.614667e+01,3.114448e-02
3200,layers.5.out_proj.log_soft_score_temp,5.772277e-01,2.411008e-03,4.176875e-03
3200,layers.5.out_proj.log_select_temp,6.848605e-01,2.173245e-03,3.173267e-03
3200,layers.5.residual_lut.weights,4.465197e+02,1.185290e+01,2.654508e-02
3200,layers.5.residual_lut.log_soft_score_temp,6.547390e-01,9.766221e-04,1.491620e-03
3200,layers.5.residual_lut.log_select_temp,6.903600e-01,6.231070e-04,9.025826e-04
3200,layers.5.q_norm.weight,8.177939e+00,6.562755e-03,8.024950e-04
3200,layers.5.q_norm.bias,1.709417e-01,4.429718e-03,2.591363e-02
3200,layers.5.k_norm.weight,8.179893e+00,6.553827e-03,8.012119e-04
3200,layers.5.k_norm.bias,3.519045e-01,6.674733e-03,1.896745e-02
3200,ln_final.weight,2.965915e+01,2.317277e-01,7.813026e-03
3200,ln_final.bias,1.733997e+00,4.221172e-02,2.434359e-02
3400,tok_emb_E.weight,2.087798e+02,2.196918e+00,1.052265e-02
3400,emb_resid_lut.weights,1.260909e+02,5.325307e+00,4.223389e-02
3400,emb_resid_lut.log_soft_score_temp,1.244378e+00,7.569909e-03,6.083285e-03
3400,emb_resid_lut.log_select_temp,1.261260e+00,9.344578e-03,7.408925e-03
3400,unembedder.weight,1.613891e+02,3.299637e+00,2.044523e-02
3400,layers.0.qk_lut.weights,6.603040e+01,3.564507e+00,5.398282e-02
3400,layers.0.qk_lut.log_soft_score_temp,8.463762e-01,3.358185e-03,3.967722e-03
3400,layers.0.qk_lut.log_select_temp,8.380575e-01,2.982020e-03,3.558253e-03
3400,layers.0.v_lut.weights,1.297949e+02,7.747639e+00,5.969139e-02
3400,layers.0.v_lut.log_soft_score_temp,8.236920e-01,2.106726e-03,2.557662e-03
3400,layers.0.v_lut.log_select_temp,9.650475e-01,4.095197e-03,4.243518e-03
3400,layers.0.out_proj.weights,1.889352e+02,1.131702e+01,5.989896e-02
3400,layers.0.out_proj.log_soft_score_temp,4.103252e-01,9.088486e-03,2.214947e-02
3400,layers.0.out_proj.log_select_temp,9.074253e-01,7.067144e-03,7.788127e-03
3400,layers.0.residual_lut.weights,8.322659e+01,5.418739e+00,6.510827e-02
3400,layers.0.residual_lut.log_soft_score_temp,3.298178e-01,9.409785e-04,2.853026e-03
3400,layers.0.residual_lut.log_select_temp,5.832327e-01,7.110417e-03,1.219139e-02
3400,layers.0.q_norm.weight,8.780800e+00,1.254127e-02,1.428260e-03
3400,layers.0.q_norm.bias,5.362676e-01,5.895677e-03,1.099391e-02
3400,layers.0.k_norm.weight,8.726097e+00,1.159775e-02,1.329087e-03
3400,layers.0.k_norm.bias,6.579842e-01,7.294687e-03,1.108642e-02
3400,layers.1.qk_lut.weights,6.600407e+01,3.819900e+00,5.787371e-02
3400,layers.1.qk_lut.log_soft_score_temp,3.146133e-01,4.576385e-03,1.454606e-02
3400,layers.1.qk_lut.log_select_temp,7.350004e-01,2.373636e-03,3.229435e-03
3400,layers.1.v_lut.weights,1.293451e+02,7.912156e+00,6.117092e-02
3400,layers.1.v_lut.log_soft_score_temp,3.201183e-01,9.394348e-03,2.934649e-02
3400,layers.1.v_lut.log_select_temp,8.000774e-01,1.091659e-03,1.364442e-03
3400,layers.1.out_proj.weights,1.878908e+02,1.142697e+01,6.081707e-02
3400,layers.1.out_proj.log_soft_score_temp,4.081398e-01,1.019666e-02,2.498325e-02
3400,layers.1.out_proj.log_select_temp,7.731817e-01,3.325820e-03,4.301473e-03
3400,layers.1.residual_lut.weights,8.726175e+01,5.466570e+00,6.264567e-02
3400,layers.1.residual_lut.log_soft_score_temp,3.174040e-01,7.794589e-03,2.455731e-02
3400,layers.1.residual_lut.log_select_temp,6.831655e-01,6.442726e-03,9.430695e-03
3400,layers.1.q_norm.weight,8.806138e+00,8.273643e-03,9.395314e-04
3400,layers.1.q_norm.bias,4.739337e-01,4.091178e-03,8.632384e-03
3400,layers.1.k_norm.weight,8.776666e+00,7.836130e-03,8.928368e-04
3400,layers.1.k_norm.bias,7.703344e-01,6.763858e-03,8.780418e-03
3400,layers.2.qk_lut.weights,6.543185e+01,3.928487e+00,6.003937e-02
3400,layers.2.qk_lut.log_soft_score_temp,1.798821e-01,9.779677e-03,5.436716e-02
3400,layers.2.qk_lut.log_select_temp,7.451774e-01,3.799558e-03,5.098863e-03
3400,layers.2.v_lut.weights,1.294680e+02,7.824525e+00,6.043599e-02
3400,layers.2.v_lut.log_soft_score_temp,3.702634e-01,9.912044e-03,2.677025e-02
3400,layers.2.v_lut.log_select_temp,8.763990e-01,6.316304e-04,7.207110e-04
3400,layers.2.out_proj.weights,2.060772e+02,1.162417e+01,5.640687e-02
3400,layers.2.out_proj.log_soft_score_temp,5.910649e-01,8.714974e-03,1.474453e-02
3400,layers.2.out_proj.log_select_temp,9.995775e-01,6.305397e-03,6.308062e-03
3400,layers.2.residual_lut.weights,9.178833e+01,5.509596e+00,6.002501e-02
3400,layers.2.residual_lut.log_soft_score_temp,3.489928e-01,8.054107e-03,2.307815e-02
3400,layers.2.residual_lut.log_select_temp,7.645239e-01,8.010030e-03,1.047715e-02
3400,layers.2.q_norm.weight,9.070547e+00,2.596566e-02,2.862634e-03
3400,layers.2.q_norm.bias,3.537088e-01,1.026911e-02,2.903267e-02
3400,layers.2.k_norm.weight,9.021318e+00,2.586271e-02,2.866844e-03
3400,layers.2.k_norm.bias,6.271321e-01,1.258786e-02,2.007211e-02
3400,layers.3.qk_lut.weights,6.602442e+01,3.939651e+00,5.966960e-02
3400,layers.3.qk_lut.log_soft_score_temp,3.485854e-01,8.162200e-03,2.341521e-02
3400,layers.3.qk_lut.log_select_temp,7.290276e-01,1.569748e-03,2.153208e-03
3400,layers.3.v_lut.weights,1.305131e+02,7.771878e+00,5.954864e-02
3400,layers.3.v_lut.log_soft_score_temp,6.089957e-01,7.795393e-03,1.280041e-02
3400,layers.3.v_lut.log_select_temp,8.147408e-01,2.056301e-03,2.523871e-03
3400,layers.3.out_proj.weights,2.009411e+02,1.157567e+01,5.760725e-02
3400,layers.3.out_proj.log_soft_score_temp,5.750534e-01,1.039147e-03,1.807045e-03
3400,layers.3.out_proj.log_select_temp,8.037477e-01,6.487846e-03,8.071994e-03
3400,layers.3.residual_lut.weights,9.282452e+01,5.554346e+00,5.983706e-02
3400,layers.3.residual_lut.log_soft_score_temp,4.029506e-01,6.480038e-03,1.608147e-02
3400,layers.3.residual_lut.log_select_temp,7.344795e-01,8.048534e-03,1.095815e-02
3400,layers.3.q_norm.weight,8.641571e+00,1.518037e-02,1.756668e-03
3400,layers.3.q_norm.bias,2.441675e-01,5.410978e-03,2.216093e-02
3400,layers.3.k_norm.weight,8.625912e+00,1.528048e-02,1.771463e-03
3400,layers.3.k_norm.bias,3.394353e-01,8.510052e-03,2.507121e-02
3400,layers.4.qk_lut.weights,6.670068e+01,3.923640e+00,5.882460e-02
3400,layers.4.qk_lut.log_soft_score_temp,3.887452e-01,6.763548e-03,1.739841e-02
3400,layers.4.qk_lut.log_select_temp,7.049132e-01,1.197994e-03,1.699491e-03
3400,layers.4.v_lut.weights,1.347099e+02,7.988867e+00,5.930422e-02
3400,layers.4.v_lut.log_soft_score_temp,6.526274e-01,3.812730e-03,5.842124e-03
3400,layers.4.v_lut.log_select_temp,7.497358e-01,1.515150e-03,2.020912e-03
3400,layers.4.out_proj.weights,2.714541e+02,1.206784e+01,4.445628e-02
3400,layers.4.out_proj.log_soft_score_temp,6.213695e-01,2.970397e-03,4.780404e-03
3400,layers.4.out_proj.log_select_temp,8.342876e-01,5.148947e-03,6.171669e-03
3400,layers.4.residual_lut.weights,1.302843e+02,5.810906e+00,4.460174e-02
3400,layers.4.residual_lut.log_soft_score_temp,5.294341e-01,3.737986e-03,7.060342e-03
3400,layers.4.residual_lut.log_select_temp,7.153854e-01,4.988432e-03,6.973069e-03
3400,layers.4.q_norm.weight,8.524171e+00,7.890441e-03,9.256550e-04
3400,layers.4.q_norm.bias,3.316728e-01,4.148307e-03,1.250723e-02
3400,layers.4.k_norm.weight,8.505428e+00,8.070124e-03,9.488204e-04
3400,layers.4.k_norm.bias,6.188363e-01,7.096244e-03,1.146708e-02
3400,layers.5.qk_lut.weights,7.457633e+01,3.971108e+00,5.324891e-02
3400,layers.5.qk_lut.log_soft_score_temp,5.374296e-01,5.238891e-03,9.748051e-03
3400,layers.5.qk_lut.log_select_temp,7.256532e-01,3.084540e-04,4.250709e-04
3400,layers.5.v_lut.weights,2.387998e+02,8.816061e+00,3.691821e-02
3400,layers.5.v_lut.log_soft_score_temp,7.007871e-01,7.206202e-05,1.028301e-04
3400,layers.5.v_lut.log_select_temp,7.079791e-01,4.139543e-04,5.846984e-04
3400,layers.5.out_proj.weights,8.484334e+02,2.039780e+01,2.404173e-02
3400,layers.5.out_proj.log_soft_score_temp,5.756562e-01,1.571417e-03,2.729783e-03
3400,layers.5.out_proj.log_select_temp,6.875606e-01,2.700150e-03,3.927145e-03
3400,layers.5.residual_lut.weights,4.520547e+02,9.272883e+00,2.051275e-02
3400,layers.5.residual_lut.log_soft_score_temp,6.540121e-01,7.268786e-04,1.111415e-03
3400,layers.5.residual_lut.log_select_temp,6.908955e-01,5.354881e-04,7.750639e-04
3400,layers.5.q_norm.weight,8.182322e+00,5.958842e-03,7.282581e-04
3400,layers.5.q_norm.bias,1.724784e-01,3.484575e-03,2.020297e-02
3400,layers.5.k_norm.weight,8.184210e+00,6.019234e-03,7.354692e-04
3400,layers.5.k_norm.bias,3.555355e-01,6.126571e-03,1.723195e-02
3400,ln_final.weight,2.984276e+01,1.836784e-01,6.154873e-03
3400,ln_final.bias,1.756519e+00,3.446641e-02,1.962200e-02
3600,tok_emb_E.weight,2.087938e+02,1.737429e+00,8.321266e-03
3600,emb_resid_lut.weights,1.263041e+02,4.216017e+00,3.337989e-02
3600,emb_resid_lut.log_soft_score_temp,1.250174e+00,5.795240e-03,4.635548e-03
3600,emb_resid_lut.log_select_temp,1.268379e+00,7.119536e-03,5.613098e-03
3600,unembedder.weight,1.616048e+02,2.628639e+00,1.626585e-02
3600,layers.0.qk_lut.weights,6.612890e+01,2.839489e+00,4.293870e-02
3600,layers.0.qk_lut.log_soft_score_temp,8.491596e-01,2.783418e-03,3.277850e-03
3600,layers.0.qk_lut.log_select_temp,8.402750e-01,2.217531e-03,2.639054e-03
3600,layers.0.v_lut.weights,1.299488e+02,6.148442e+00,4.731436e-02
3600,layers.0.v_lut.log_soft_score_temp,8.256463e-01,1.954317e-03,2.367015e-03
3600,layers.0.v_lut.log_select_temp,9.681050e-01,3.057480e-03,3.158211e-03
3600,layers.0.out_proj.weights,1.891776e+02,8.920033e+00,4.715163e-02
3600,layers.0.out_proj.log_soft_score_temp,4.033637e-01,6.961495e-03,1.725860e-02
3600,layers.0.out_proj.log_select_temp,9.130076e-01,5.582213e-03,6.114093e-03
3600,layers.0.residual_lut.weights,8.328963e+01,4.280272e+00,5.139022e-02
3600,layers.0.residual_lut.log_soft_score_temp,3.297315e-01,8.630753e-05,2.617510e-04
3600,layers.0.residual_lut.log_select_temp,5.891722e-01,5.939543e-03,1.008117e-02
3600,layers.0.q_norm.weight,8.789243e+00,9.504216e-03,1.081346e-03
3600,layers.0.q_norm.bias,5.403668e-01,4.622407e-03,8.554202e-03
3600,layers.0.k_norm.weight,8.733788e+00,8.607657e-03,9.855582e-04
3600,layers.0.k_norm.bias,6.640463e-01,6.669059e-03,1.004306e-02
3600,layers.1.qk_lut.weights,6.609994e+01,3.025948e+00,4.577838e-02
3600,layers.1.qk_lut.log_soft_score_temp,3.113875e-01,3.225744e-03,1.035926e-02
3600,layers.1.qk_lut.log_select_temp,7.374248e-01,2.424419e-03,3.287683e-03
3600,layers.1.v_lut.weights,1.294596e+02,6.218489e+00,4.803420e-02
3600,layers.1.v_lut.log_soft_score_temp,3.125324e-01,7.585883e-03,2.427231e-02
3600,layers.1.v_lut.log_select_temp,8.010246e-01,9.471178e-04,1.182383e-03
3600,layers.1.out_proj.weights,1.880143e+02,8.978802e+00,4.775595e-02
3600,layers.1.out_proj.log_soft_score_temp,4.002389e-01,7.900894e-03,1.974045e-02
3600,layers.1.out_proj.log_select_temp,7.716492e-01,1.532495e-03,1.986000e-03
3600,layers.1.residual_lut.weights,8.730612e+01,4.315456e+00,4.942902e-02
3600,layers.1.residual_lut.log_soft_score_temp,3.116312e-01,5.772740e-03,1.852427e-02
3600,layers.1.residual_lut.log_select_temp,6.885319e-01,5.366385e-03,7.793953e-03
3600,layers.1.q_norm.weight,8.812563e+00,7.470041e-03,8.476582e-04
3600,layers.1.q_norm.bias,4.762895e-01,3.913323e-03,8.216270e-03
3600,layers.1.k_norm.weight,8.782806e+00,6.951309e-03,7.914678e-04
3600,layers.1.k_norm.bias,7.739031e-01,4.936444e-03,6.378634e-03
3600,layers.2.qk_lut.weights,6.551166e+01,3.092238e+00,4.720134e-02
3600,layers.2.qk_lut.log_soft_score_temp,1.721436e-01,7.738486e-03,4.495367e-02
3600,layers.2.qk_lut.log_select_temp,7.484578e-01,3.280461e-03,4.382960e-03
3600,layers.2.v_lut.weights,1.296158e+02,6.161271e+00,4.753488e-02
3600,layers.2.v_lut.log_soft_score_temp,3.626126e-01,7.650763e-03,2.109900e-02
3600,layers.2.v_lut.log_select_temp,8.774531e-01,1.054108e-03,1.201327e-03
3600,layers.2.out_proj.weights,2.065450e+02,9.129034e+00,4.419876e-02
3600,layers.2.out_proj.log_soft_score_temp,5.843195e-01,6.745398e-03,1.154402e-02
3600,layers.2.out_proj.log_select_temp,1.004562e+00,4.984677e-03,4.962039e-03
3600,layers.2.residual_lut.weights,9.191569e+01,4.343453e+00,4.725476e-02
3600,layers.2.residual_lut.log_soft_score_temp,3.430547e-01,5.938113e-03,1.730952e-02
3600,layers.2.residual_lut.log_select_temp,7.710738e-01,6.549895e-03,8.494511e-03
3600,layers.2.q_norm.weight,9.086396e+00,2.036897e-02,2.241699e-03
3600,layers.2.q_norm.bias,3.579353e-01,7.598231e-03,2.122795e-02
3600,layers.2.k_norm.weight,9.036720e+00,2.031841e-02,2.248427e-03
3600,layers.2.k_norm.bias,6.332580e-01,1.097504e-02,1.733108e-02
3600,layers.3.qk_lut.weights,6.611418e+01,3.095766e+00,4.682454e-02
3600,layers.3.qk_lut.log_soft_score_temp,3.421279e-01,6.457478e-03,1.887446e-02
3600,layers.3.qk_lut.log_select_temp,7.300453e-01,1.017690e-03,1.394009e-03
3600,layers.3.v_lut.weights,1.306990e+02,6.117449e+00,4.680564e-02
3600,layers.3.v_lut.log_soft_score_temp,6.025371e-01,6.458580e-03,1.071898e-02
3600,layers.3.v_lut.log_select_temp,8.161795e-01,1.438677e-03,1.762697e-03
3600,layers.3.out_proj.weights,2.012287e+02,9.093962e+00,4.519218e-02
3600,layers.3.out_proj.log_soft_score_temp,5.745198e-01,5.336404e-04,9.288460e-04
3600,layers.3.out_proj.log_select_temp,8.088982e-01,5.150497e-03,6.367300e-03
3600,layers.3.residual_lut.weights,9.299726e+01,4.384901e+00,4.715086e-02
3600,layers.3.residual_lut.log_soft_score_temp,3.986619e-01,4.288703e-03,1.075774e-02
3600,layers.3.residual_lut.log_select_temp,7.408702e-01,6.390750e-03,8.626005e-03
3600,layers.3.q_norm.weight,8.653214e+00,1.299259e-02,1.501476e-03
3600,layers.3.q_norm.bias,2.474391e-01,5.188495e-03,2.096878e-02
3600,layers.3.k_norm.weight,8.637374e+00,1.302854e-02,1.508391e-03
3600,layers.3.k_norm.bias,3.444441e-01,6.796081e-03,1.973057e-02
3600,layers.4.qk_lut.weights,6.680580e+01,3.106617e+00,4.650221e-02
3600,layers.4.qk_lut.log_soft_score_temp,3.835237e-01,5.221486e-03,1.361451e-02
3600,layers.4.qk_lut.log_select_temp,7.055858e-01,6.726384e-04,9.533049e-04
3600,layers.4.v_lut.weights,1.348855e+02,6.294269e+00,4.666379e-02
3600,layers.4.v_lut.log_soft_score_temp,6.491519e-01,3.475487e-03,5.353889e-03
3600,layers.4.v_lut.log_select_temp,7.513195e-01,1.583695e-03,2.107885e-03
3600,layers.4.out_proj.weights,2.717817e+02,9.439467e+00,3.473179e-02
3600,layers.4.out_proj.log_soft_score_temp,6.198266e-01,1.542985e-03,2.489383e-03
3600,layers.4.out_proj.log_select_temp,8.386692e-01,4.381597e-03,5.224464e-03
3600,layers.4.residual_lut.weights,1.306152e+02,4.574965e+00,3.502628e-02
3600,layers.4.residual_lut.log_soft_score_temp,5.268773e-01,2.556860e-03,4.852858e-03
3600,layers.4.residual_lut.log_select_temp,7.193644e-01,3.978968e-03,5.531227e-03
3600,layers.4.q_norm.weight,8.528717e+00,6.043598e-03,7.086174e-04
3600,layers.4.q_norm.bias,3.339924e-01,3.426904e-03,1.026043e-02
3600,layers.4.k_norm.weight,8.509852e+00,6.106467e-03,7.175762e-04
3600,layers.4.k_norm.bias,6.226764e-01,5.035562e-03,8.086965e-03
3600,layers.5.qk_lut.weights,7.471095e+01,3.142557e+00,4.206287e-02
3600,layers.5.qk_lut.log_soft_score_temp,5.332455e-01,4.184067e-03,7.846418e-03
3600,layers.5.qk_lut.log_select_temp,7.258623e-01,2.090335e-04,2.879796e-04
3600,layers.5.v_lut.weights,2.395206e+02,6.908474e+00,2.884292e-02
3600,layers.5.v_lut.log_soft_score_temp,7.008555e-01,6.842613e-05,9.763230e-05
3600,layers.5.v_lut.log_select_temp,7.084317e-01,4.525185e-04,6.387609e-04
3600,layers.5.out_proj.weights,8.552812e+02,1.593305e+01,1.862902e-02
3600,layers.5.out_proj.log_soft_score_temp,5.737494e-01,1.906812e-03,3.323423e-03
3600,layers.5.out_proj.log_select_temp,6.887578e-01,1.197219e-03,1.738229e-03
3600,layers.5.residual_lut.weights,4.563391e+02,7.264168e+00,1.591835e-02
3600,layers.5.residual_lut.log_soft_score_temp,6.535144e-01,4.976988e-04,7.615727e-04
3600,layers.5.residual_lut.log_select_temp,6.913016e-01,4.060864e-04,5.874230e-04
3600,layers.5.q_norm.weight,8.184816e+00,3.989305e-03,4.874031e-04
3600,layers.5.q_norm.bias,1.730086e-01,2.111788e-03,1.220626e-02
3600,layers.5.k_norm.weight,8.186571e+00,4.083229e-03,4.987715e-04
3600,layers.5.k_norm.bias,3.567329e-01,4.476355e-03,1.254820e-02
3600,ln_final.weight,2.998692e+01,1.442069e-01,4.808994e-03
3600,ln_final.bias,1.773932e+00,2.676186e-02,1.508619e-02
3800,tok_emb_E.weight,2.088035e+02,1.416980e+00,6.786191e-03
3800,emb_resid_lut.weights,1.264518e+02,3.463556e+00,2.739033e-02
3800,emb_resid_lut.log_soft_score_temp,1.254955e+00,4.781485e-03,3.810084e-03
3800,emb_resid_lut.log_select_temp,1.274133e+00,5.754113e-03,4.516100e-03
3800,unembedder.weight,1.617815e+02,2.155718e+00,1.332487e-02
3800,layers.0.qk_lut.weights,6.619374e+01,2.339504e+00,3.534329e-02
3800,layers.0.qk_lut.log_soft_score_temp,8.514373e-01,2.277672e-03,2.675091e-03
3800,layers.0.qk_lut.log_select_temp,8.420970e-01,1.822054e-03,2.163711e-03
3800,layers.0.v_lut.weights,1.300482e+02,5.021578e+00,3.861322e-02
3800,layers.0.v_lut.log_soft_score_temp,8.275091e-01,1.862764e-03,2.251050e-03
3800,layers.0.v_lut.log_select_temp,9.707025e-01,2.597511e-03,2.675908e-03
3800,layers.0.out_proj.weights,1.893399e+02,7.266818e+00,3.837974e-02
3800,layers.0.out_proj.log_soft_score_temp,3.978551e-01,5.508572e-03,1.384567e-02
3800,layers.0.out_proj.log_select_temp,9.178460e-01,4.838467e-03,5.271545e-03
3800,layers.0.residual_lut.weights,8.332955e+01,3.506052e+00,4.207454e-02
3800,layers.0.residual_lut.log_soft_score_temp,3.311349e-01,1.403481e-03,4.238395e-03
3800,layers.0.residual_lut.log_select_temp,5.946274e-01,5.455136e-03,9.174042e-03
3800,layers.0.q_norm.weight,8.797607e+00,9.313409e-03,1.058630e-03
3800,layers.0.q_norm.bias,5.442870e-01,4.482608e-03,8.235743e-03
3800,layers.0.k_norm.weight,8.741442e+00,8.704947e-03,9.958251e-04
3800,layers.0.k_norm.bias,6.691515e-01,5.786210e-03,8.647086e-03
3800,layers.1.qk_lut.weights,6.616134e+01,2.465510e+00,3.726512e-02
3800,layers.1.qk_lut.log_soft_score_temp,3.084444e-01,2.943188e-03,9.542039e-03
3800,layers.1.qk_lut.log_select_temp,7.390585e-01,1.633704e-03,2.210520e-03
3800,layers.1.v_lut.weights,1.295219e+02,5.063312e+00,3.909231e-02
3800,layers.1.v_lut.log_soft_score_temp,3.064378e-01,6.094635e-03,1.988865e-02
3800,layers.1.v_lut.log_select_temp,8.011522e-01,1.276731e-04,1.593619e-04
3800,layers.1.out_proj.weights,1.880702e+02,7.304157e+00,3.883739e-02
3800,layers.1.out_proj.log_soft_score_temp,3.938180e-01,6.420851e-03,1.630411e-02
3800,layers.1.out_proj.log_select_temp,7.699084e-01,1.740813e-03,2.261066e-03
3800,layers.1.residual_lut.weights,8.732010e+01,3.517935e+00,4.028780e-02
3800,layers.1.residual_lut.log_soft_score_temp,3.067932e-01,4.838079e-03,1.576984e-02
3800,layers.1.residual_lut.log_select_temp,6.929682e-01,4.436374e-03,6.401987e-03
3800,layers.1.q_norm.weight,8.818313e+00,6.464985e-03,7.331317e-04
3800,layers.1.q_norm.bias,4.785644e-01,3.214084e-03,6.716094e-03
3800,layers.1.k_norm.weight,8.788296e+00,6.319360e-03,7.190655e-04
3800,layers.1.k_norm.bias,7.771488e-01,4.523295e-03,5.820373e-03
3800,layers.2.qk_lut.weights,6.556617e+01,2.529137e+00,3.857381e-02
3800,layers.2.qk_lut.log_soft_score_temp,1.659431e-01,6.200433e-03,3.736480e-02
3800,layers.2.qk_lut.log_select_temp,7.509871e-01,2.529204e-03,3.367840e-03
3800,layers.2.v_lut.weights,1.297082e+02,5.012135e+00,3.864161e-02
3800,layers.2.v_lut.log_soft_score_temp,3.562652e-01,6.347418e-03,1.781655e-02
3800,layers.2.v_lut.log_select_temp,8.778896e-01,4.365444e-04,4.972657e-04
3800,layers.2.out_proj.weights,2.068854e+02,7.420020e+00,3.586536e-02
3800,layers.2.out_proj.log_soft_score_temp,5.785531e-01,5.766392e-03,9.966918e-03
3800,layers.2.out_proj.log_select_temp,1.008630e+00,4.067540e-03,4.032739e-03
3800,layers.2.residual_lut.weights,9.199866e+01,3.543101e+00,3.851252e-02
3800,layers.2.residual_lut.log_soft_score_temp,3.382135e-01,4.841179e-03,1.431397e-02
3800,layers.2.residual_lut.log_select_temp,7.766229e-01,5.549133e-03,7.145209e-03
3800,layers.2.q_norm.weight,9.099245e+00,1.618163e-02,1.778348e-03
3800,layers.2.q_norm.bias,3.612444e-01,6.478284e-03,1.793325e-02
3800,layers.2.k_norm.weight,9.049342e+00,1.620791e-02,1.791059e-03
3800,layers.2.k_norm.bias,6.370907e-01,7.726671e-03,1.212805e-02
3800,layers.3.qk_lut.weights,6.617088e+01,2.524133e+00,3.814568e-02
3800,layers.3.qk_lut.log_soft_score_temp,3.371661e-01,4.961818e-03,1.471624e-02
3800,layers.3.qk_lut.log_select_temp,7.312627e-01,1.217484e-03,1.664907e-03
3800,layers.3.v_lut.weights,1.308242e+02,4.978349e+00,3.805372e-02
3800,layers.3.v_lut.log_soft_score_temp,5.971363e-01,5.400836e-03,9.044563e-03
3800,layers.3.v_lut.log_select_temp,8.176334e-01,1.453936e-03,1.778225e-03
3800,layers.3.out_proj.weights,2.014372e+02,7.375551e+00,3.661463e-02
3800,layers.3.out_proj.log_soft_score_temp,5.745376e-01,1.788139e-05,3.112310e-05
3800,layers.3.out_proj.log_select_temp,8.132870e-01,4.388809e-03,5.396385e-03
3800,layers.3.residual_lut.weights,9.311332e+01,3.577040e+00,3.841598e-02
3800,layers.3.residual_lut.log_soft_score_temp,3.946623e-01,3.999621e-03,1.013429e-02
3800,layers.3.residual_lut.log_select_temp,7.462328e-01,5.362570e-03,7.186189e-03
3800,layers.3.q_norm.weight,8.661607e+00,1.059286e-02,1.222967e-03
3800,layers.3.q_norm.bias,2.491447e-01,3.143764e-03,1.261822e-02
3800,layers.3.k_norm.weight,8.645583e+00,1.051048e-02,1.215705e-03
3800,layers.3.k_norm.bias,3.469900e-01,4.300968e-03,1.239508e-02
3800,layers.4.qk_lut.weights,6.687786e+01,2.520125e+00,3.768250e-02
3800,layers.4.qk_lut.log_soft_score_temp,3.793356e-01,4.188150e-03,1.104075e-02
3800,layers.4.qk_lut.log_select_temp,7.064580e-01,8.721352e-04,1.234518e-03
3800,layers.4.v_lut.weights,1.349978e+02,5.108326e+00,3.784008e-02
3800,layers.4.v_lut.log_soft_score_temp,6.464434e-01,2.708554e-03,4.189933e-03
3800,layers.4.v_lut.log_select_temp,7.523192e-01,9.996891e-04,1.328810e-03
3800,layers.4.out_proj.weights,2.720103e+02,7.659588e+00,2.815919e-02
3800,layers.4.out_proj.log_soft_score_temp,6.183413e-01,1.485288e-03,2.402052e-03
3800,layers.4.out_proj.log_select_temp,8.423668e-01,3.697574e-03,4.389506e-03
3800,layers.4.residual_lut.weights,1.308614e+02,3.729246e+00,2.849768e-02
3800,layers.4.residual_lut.log_soft_score_temp,5.244735e-01,2.403736e-03,4.583141e-03
3800,layers.4.residual_lut.log_select_temp,7.228874e-01,3.522992e-03,4.873501e-03
3800,layers.4.q_norm.weight,8.532161e+00,4.521870e-03,5.299795e-04
3800,layers.4.q_norm.bias,3.353675e-01,2.404309e-03,7.169177e-03
3800,layers.4.k_norm.weight,8.512959e+00,4.473533e-03,5.254969e-04
3800,layers.4.k_norm.bias,6.250742e-01,3.789003e-03,6.061684e-03
3800,layers.5.qk_lut.weights,7.479618e+01,2.546409e+00,3.404464e-02
3800,layers.5.qk_lut.log_soft_score_temp,5.298553e-01,3.390253e-03,6.398450e-03
3800,layers.5.qk_lut.log_select_temp,7.259623e-01,1.000762e-04,1.378532e-04
3800,layers.5.v_lut.weights,2.400618e+02,5.616256e+00,2.339504e-02
3800,layers.5.v_lut.log_soft_score_temp,7.009282e-01,7.265806e-05,1.036598e-04
3800,layers.5.v_lut.log_select_temp,7.088297e-01,3.980398e-04,5.615451e-04
3800,layers.5.out_proj.weights,8.607548e+02,1.293256e+01,1.502467e-02
3800,layers.5.out_proj.log_soft_score_temp,5.728095e-01,9.399652e-04,1.640974e-03
3800,layers.5.out_proj.log_select_temp,6.902640e-01,1.506209e-03,2.182077e-03
3800,layers.5.residual_lut.weights,4.597696e+02,5.910248e+00,1.285480e-02
3800,layers.5.residual_lut.log_soft_score_temp,6.530946e-01,4.198551e-04,6.428703e-04
3800,layers.5.residual_lut.log_select_temp,6.917427e-01,4.411340e-04,6.377139e-04
3800,layers.5.q_norm.weight,8.187310e+00,3.552624e-03,4.339183e-04
3800,layers.5.q_norm.bias,1.740175e-01,2.231590e-03,1.282394e-02
3800,layers.5.k_norm.weight,8.188979e+00,3.352639e-03,4.094087e-04
3800,layers.5.k_norm.bias,3.586578e-01,3.035834e-03,8.464430e-03
3800,ln_final.weight,3.010423e+01,1.173526e-01,3.898211e-03
3800,ln_final.bias,1.788196e+00,2.232276e-02,1.248340e-02
4000,tok_emb_E.weight,2.088114e+02,1.252396e+00,5.997739e-03
4000,emb_resid_lut.weights,1.265648e+02,3.067915e+00,2.423987e-02
4000,emb_resid_lut.log_soft_score_temp,1.259078e+00,4.122853e-03,3.274502e-03
4000,emb_resid_lut.log_select_temp,1.279171e+00,5.037427e-03,3.938041e-03
4000,unembedder.weight,1.619240e+02,1.889892e+00,1.167148e-02
4000,layers.0.qk_lut.weights,6.624655e+01,2.076280e+00,3.134171e-02
4000,layers.0.qk_lut.log_soft_score_temp,8.533413e-01,1.904011e-03,2.231242e-03
4000,layers.0.qk_lut.log_select_temp,8.435643e-01,1.467288e-03,1.739390e-03
4000,layers.0.v_lut.weights,1.301216e+02,4.451144e+00,3.420757e-02
4000,layers.0.v_lut.log_soft_score_temp,8.293779e-01,1.868784e-03,2.253236e-03
4000,layers.0.v_lut.log_select_temp,9.730610e-01,2.358496e-03,2.423791e-03
4000,layers.0.out_proj.weights,1.894634e+02,6.420420e+00,3.388739e-02
4000,layers.0.out_proj.log_soft_score_temp,3.930931e-01,4.762053e-03,1.211432e-02
4000,layers.0.out_proj.log_select_temp,9.222664e-01,4.420400e-03,4.792975e-03
4000,layers.0.residual_lut.weights,8.336056e+01,3.093216e+00,3.710647e-02
4000,layers.0.residual_lut.log_soft_score_temp,3.329335e-01,1.798600e-03,5.402279e-03
4000,layers.0.residual_lut.log_select_temp,5.994830e-01,4.855573e-03,8.099602e-03
4000,layers.0.q_norm.weight,8.804569e+00,7.541127e-03,8.565015e-04
4000,layers.0.q_norm.bias,5.478773e-01,4.002706e-03,7.305844e-03
4000,layers.0.k_norm.weight,8.747620e+00,6.736692e-03,7.701172e-04
4000,layers.0.k_norm.bias,6.733350e-01,4.595216e-03,6.824562e-03
4000,layers.1.qk_lut.weights,6.620926e+01,2.185555e+00,3.300980e-02
4000,layers.1.qk_lut.log_soft_score_temp,3.061830e-01,2.261341e-03,7.385585e-03
4000,layers.1.qk_lut.log_select_temp,7.406924e-01,1.633942e-03,2.205966e-03
4000,layers.1.v_lut.weights,1.295664e+02,4.475727e+00,3.454390e-02
4000,layers.1.v_lut.log_soft_score_temp,3.011159e-01,5.321920e-03,1.767399e-02
4000,layers.1.v_lut.log_select_temp,8.018611e-01,7.088780e-04,8.840409e-04
4000,layers.1.out_proj.weights,1.881040e+02,6.451247e+00,3.429617e-02
4000,layers.1.out_proj.log_soft_score_temp,3.881746e-01,5.643457e-03,1.453845e-02
4000,layers.1.out_proj.log_select_temp,7.687125e-01,1.195848e-03,1.555650e-03
4000,layers.1.residual_lut.weights,8.732921e+01,3.112067e+00,3.563603e-02
4000,layers.1.residual_lut.log_soft_score_temp,3.031083e-01,3.684849e-03,1.215687e-02
4000,layers.1.residual_lut.log_select_temp,6.971057e-01,4.137456e-03,5.935192e-03
4000,layers.1.q_norm.weight,8.823056e+00,5.440793e-03,6.166563e-04
4000,layers.1.q_norm.bias,4.805303e-01,2.807629e-03,5.842773e-03
4000,layers.1.k_norm.weight,8.792985e+00,5.241619e-03,5.961137e-04
4000,layers.1.k_norm.bias,7.797522e-01,3.560429e-03,4.566104e-03
4000,layers.2.qk_lut.weights,6.560572e+01,2.235148e+00,3.406941e-02
4000,layers.2.qk_lut.log_soft_score_temp,1.604922e-01,5.450979e-03,3.396414e-02
4000,layers.2.qk_lut.log_select_temp,7.531479e-01,2.160847e-03,2.869087e-03
4000,layers.2.v_lut.weights,1.297763e+02,4.440108e+00,3.421355e-02
4000,layers.2.v_lut.log_soft_score_temp,3.507016e-01,5.563587e-03,1.586416e-02
4000,layers.2.v_lut.log_select_temp,8.785422e-01,6.525517e-04,7.427664e-04
4000,layers.2.out_proj.weights,2.071704e+02,6.548747e+00,3.161043e-02
4000,layers.2.out_proj.log_soft_score_temp,5.734668e-01,5.086362e-03,8.869498e-03
4000,layers.2.out_proj.log_select_temp,1.012273e+00,3.643274e-03,3.599103e-03
4000,layers.2.residual_lut.weights,9.206127e+01,3.131372e+00,3.401400e-02
4000,layers.2.residual_lut.log_soft_score_temp,3.341366e-01,4.076868e-03,1.220120e-02
4000,layers.2.residual_lut.log_select_temp,7.813994e-01,4.776478e-03,6.112723e-03
4000,layers.2.q_norm.weight,9.111070e+00,1.443234e-02,1.584045e-03
4000,layers.2.q_norm.bias,3.648870e-01,6.432442e-03,1.762858e-02
4000,layers.2.k_norm.weight,9.060962e+00,1.436615e-02,1.585500e-03
4000,layers.2.k_norm.bias,6.412724e-01,7.400022e-03,1.153959e-02
4000,layers.3.qk_lut.weights,6.621824e+01,2.237761e+00,3.379373e-02
4000,layers.3.qk_lut.log_soft_score_temp,3.325871e-01,4.578948e-03,1.376766e-02
4000,layers.3.qk_lut.log_select_temp,7.323272e-01,1.064420e-03,1.453476e-03
4000,layers.3.v_lut.weights,1.309204e+02,4.408366e+00,3.367212e-02
4000,layers.3.v_lut.log_soft_score_temp,5.922573e-01,4.878938e-03,8.237869e-03
4000,layers.3.v_lut.log_select_temp,8.185571e-01,9.236932e-04,1.128441e-03
4000,layers.3.out_proj.weights,2.015979e+02,6.517935e+00,3.233137e-02
4000,layers.3.out_proj.log_soft_score_temp,5.742974e-01,2.402663e-04,4.183657e-04
4000,layers.3.out_proj.log_select_temp,8.168923e-01,3.605366e-03,4.413514e-03
4000,layers.3.residual_lut.weights,9.320557e+01,3.160580e+00,3.390978e-02
4000,layers.3.residual_lut.log_soft_score_temp,3.914219e-01,3.240407e-03,8.278552e-03
4000,layers.3.residual_lut.log_select_temp,7.509059e-01,4.673123e-03,6.223314e-03
4000,layers.3.q_norm.weight,8.668615e+00,7.980953e-03,9.206722e-04
4000,layers.3.q_norm.bias,2.510712e-01,2.784237e-03,1.108943e-02
4000,layers.3.k_norm.weight,8.652536e+00,8.107396e-03,9.369964e-04
4000,layers.3.k_norm.bias,3.490490e-01,3.677803e-03,1.053664e-02
4000,layers.4.qk_lut.weights,6.693359e+01,2.236879e+00,3.341938e-02
4000,layers.4.qk_lut.log_soft_score_temp,3.755330e-01,3.802538e-03,1.012571e-02
4000,layers.4.qk_lut.log_select_temp,7.071548e-01,6.968379e-04,9.854107e-04
4000,layers.4.v_lut.weights,1.350901e+02,4.518215e+00,3.344592e-02
4000,layers.4.v_lut.log_soft_score_temp,6.439074e-01,2.535999e-03,3.938453e-03
4000,layers.4.v_lut.log_select_temp,7.528343e-01,5.150437e-04,6.841396e-04
4000,layers.4.out_proj.weights,2.721923e+02,6.783468e+00,2.492160e-02
4000,layers.4.out_proj.log_soft_score_temp,6.166645e-01,1.676798e-03,2.719141e-03
4000,layers.4.out_proj.log_select_temp,8.452940e-01,2.927184e-03,3.462918e-03
4000,layers.4.residual_lut.weights,1.310520e+02,3.292213e+00,2.512143e-02
4000,layers.4.residual_lut.log_soft_score_temp,5.226832e-01,1.790345e-03,3.425296e-03
4000,layers.4.residual_lut.log_select_temp,7.260075e-01,3.120065e-03,4.297566e-03
4000,layers.4.q_norm.weight,8.535188e+00,3.837250e-03,4.495800e-04
4000,layers.4.q_norm.bias,3.367386e-01,2.557466e-03,7.594813e-03
4000,layers.4.k_norm.weight,8.515884e+00,3.887444e-03,4.564932e-04
4000,layers.4.k_norm.bias,6.270290e-01,3.961289e-03,6.317554e-03
4000,layers.5.qk_lut.weights,7.487296e+01,2.248167e+00,3.002642e-02
4000,layers.5.qk_lut.log_soft_score_temp,5.271543e-01,2.700925e-03,5.123594e-03
4000,layers.5.qk_lut.log_select_temp,7.263378e-01,3.754497e-04,5.169078e-04
4000,layers.5.v_lut.weights,2.405310e+02,4.972970e+00,2.067496e-02
4000,layers.5.v_lut.log_soft_score_temp,7.008792e-01,4.893541e-05,6.982004e-05
4000,layers.5.v_lut.log_select_temp,7.090484e-01,2.187490e-04,3.085107e-04
4000,layers.5.out_proj.weights,8.655289e+02,1.142883e+01,1.320445e-02
4000,layers.5.out_proj.log_soft_score_temp,5.725739e-01,2.355576e-04,4.114011e-04
4000,layers.5.out_proj.log_select_temp,6.918620e-01,1.598001e-03,2.309710e-03
4000,layers.5.residual_lut.weights,4.627614e+02,5.207098e+00,1.125223e-02
4000,layers.5.residual_lut.log_soft_score_temp,6.528044e-01,2.902150e-04,4.445666e-04
4000,layers.5.residual_lut.log_select_temp,6.921229e-01,3.801584e-04,5.492644e-04
4000,layers.5.q_norm.weight,8.189225e+00,3.164593e-03,3.864337e-04
4000,layers.5.q_norm.bias,1.745245e-01,1.698694e-03,9.733269e-03
4000,layers.5.k_norm.weight,8.190801e+00,3.133349e-03,3.825449e-04
4000,layers.5.k_norm.bias,3.603930e-01,2.939946e-03,8.157612e-03
4000,ln_final.weight,3.020846e+01,1.042718e-01,3.451742e-03
4000,ln_final.bias,1.801406e+00,2.012102e-02,1.116962e-02
