step,param_name,weight_norm,delta_norm,rel_delta
200,tok_emb_E.weight,2.045014e+02,6.600480e+00,3.227597e-02
200,layers.0.q_lut.compress.weight,9.803461e+00,6.597029e-01,6.729286e-02
200,layers.0.q_lut.compress.bias,5.113710e-01,3.267441e-02,6.389569e-02
200,layers.0.q_lut.lut_batched.weights,2.669409e+00,2.657239e+00,9.954411e-01
200,layers.0.q_lut.lut_batched.log_soft_score_temp,7.025700e-01,9.422839e-03,1.341196e-02
200,layers.0.q_lut.lut_batched.log_select_temp,7.021807e-01,9.033501e-03,1.286492e-02
200,layers.0.k_lut.compress.weight,9.790365e+00,3.907573e-01,3.991243e-02
200,layers.0.k_lut.compress.bias,4.699905e-01,2.208147e-02,4.698280e-02
200,layers.0.k_lut.lut_batched.weights,2.622181e+00,2.609041e+00,9.949890e-01
200,layers.0.k_lut.lut_batched.log_soft_score_temp,7.011093e-01,7.962108e-03,1.135644e-02
200,layers.0.k_lut.lut_batched.log_select_temp,7.010700e-01,7.922828e-03,1.130105e-02
200,layers.0.v_lut.compress.weight,1.024091e+01,2.285065e+00,2.231311e-01
200,layers.0.v_lut.compress.bias,5.199775e-01,9.909318e-02,1.905721e-01
200,layers.0.v_lut.lut_batched.weights,5.414870e+00,5.387832e+00,9.950067e-01
200,layers.0.v_lut.lut_batched.log_soft_score_temp,7.072151e-01,1.406795e-02,1.989203e-02
200,layers.0.v_lut.lut_batched.log_select_temp,7.068697e-01,1.372254e-02,1.941311e-02
200,layers.0.out_proj.compress.weight,8.465710e+00,2.087873e+00,2.466271e-01
200,layers.0.out_proj.compress.bias,4.807131e-01,1.013555e-01,2.108441e-01
200,layers.0.out_proj.lut_batched.weights,1.891415e+00,1.855424e+00,9.809715e-01
200,layers.0.out_proj.lut_batched.log_soft_score_temp,7.072858e-01,1.413858e-02,1.998991e-02
200,layers.0.out_proj.lut_batched.log_select_temp,7.074194e-01,1.427221e-02,2.017504e-02
200,layers.0.out_proj.decompress.weight,1.159164e+01,1.980418e+00,1.708488e-01
200,layers.0.out_proj.decompress.bias,5.912734e-01,4.943376e-02,8.360558e-02
200,layers.0.q_norm.weight,8.087756e+00,8.825354e-02,1.091199e-02
200,layers.0.q_norm.bias,2.635319e-02,2.635319e-02,1.000000e+00
200,layers.0.k_norm.weight,8.087487e+00,8.795442e-02,1.087537e-02
200,layers.0.k_norm.bias,2.731484e-02,2.731484e-02,1.000000e+00
200,layers.0.ln_pre.weight,1.974740e+01,1.592477e-01,8.064238e-03
200,layers.0.ln_pre.bias,1.008387e-01,1.008387e-01,1.000000e+00
200,layers.1.q_lut.compress.weight,9.808983e+00,6.923807e-01,7.058639e-02
200,layers.1.q_lut.compress.bias,4.864184e-01,3.311282e-02,6.807476e-02
200,layers.1.q_lut.lut_batched.weights,3.409477e+00,3.406384e+00,9.990927e-01
200,layers.1.q_lut.lut_batched.log_soft_score_temp,7.056156e-01,1.246846e-02,1.767032e-02
200,layers.1.q_lut.lut_batched.log_select_temp,7.053582e-01,1.221102e-02,1.731181e-02
200,layers.1.k_lut.compress.weight,9.801924e+00,4.261705e-01,4.347825e-02
200,layers.1.k_lut.compress.bias,4.882990e-01,2.232067e-02,4.571108e-02
200,layers.1.k_lut.lut_batched.weights,3.521231e+00,3.518285e+00,9.991634e-01
200,layers.1.k_lut.lut_batched.log_soft_score_temp,6.989583e-01,5.811155e-03,8.314022e-03
200,layers.1.k_lut.lut_batched.log_select_temp,6.987458e-01,5.598605e-03,8.012363e-03
200,layers.1.v_lut.compress.weight,9.993883e+00,1.718957e+00,1.720010e-01
200,layers.1.v_lut.compress.bias,4.841388e-01,7.973190e-02,1.646881e-01
200,layers.1.v_lut.lut_batched.weights,5.310237e+00,5.283926e+00,9.950452e-01
200,layers.1.v_lut.lut_batched.log_soft_score_temp,7.081248e-01,1.497757e-02,2.115104e-02
200,layers.1.v_lut.lut_batched.log_select_temp,7.080908e-01,1.494366e-02,2.110416e-02
200,layers.1.out_proj.compress.weight,8.285693e+00,1.729343e+00,2.087143e-01
200,layers.1.out_proj.compress.bias,4.454499e-01,7.002271e-02,1.571955e-01
200,layers.1.out_proj.lut_batched.weights,1.783143e+00,1.746031e+00,9.791872e-01
200,layers.1.out_proj.lut_batched.log_soft_score_temp,7.067862e-01,1.363903e-02,1.929725e-02
200,layers.1.out_proj.lut_batched.log_select_temp,7.071055e-01,1.395833e-02,1.974010e-02
200,layers.1.out_proj.decompress.weight,1.143991e+01,1.474046e+00,1.288513e-01
200,layers.1.out_proj.decompress.bias,5.840693e-01,4.912483e-02,8.410787e-02
200,layers.1.q_norm.weight,8.065560e+00,6.792070e-02,8.421076e-03
200,layers.1.q_norm.bias,3.059454e-02,3.059454e-02,1.000000e+00
200,layers.1.k_norm.weight,8.065670e+00,6.818698e-02,8.453975e-03
200,layers.1.k_norm.bias,3.696127e-02,3.696127e-02,1.000000e+00
200,layers.1.ln_pre.weight,1.967315e+01,9.821388e-02,4.992282e-03
200,layers.1.ln_pre.bias,7.236846e-02,7.236846e-02,1.000000e+00
200,layers.2.q_lut.compress.weight,9.833679e+00,6.184804e-01,6.289410e-02
200,layers.2.q_lut.compress.bias,5.232769e-01,3.215048e-02,6.144067e-02
200,layers.2.q_lut.lut_batched.weights,4.430927e+00,4.438813e+00,1.001780e+00
200,layers.2.q_lut.lut_batched.log_soft_score_temp,7.009818e-01,7.834613e-03,1.117663e-02
200,layers.2.q_lut.lut_batched.log_select_temp,7.010639e-01,7.916689e-03,1.129239e-02
200,layers.2.k_lut.compress.weight,9.792762e+00,5.089509e-01,5.197216e-02
200,layers.2.k_lut.compress.bias,5.121773e-01,2.675411e-02,5.223603e-02
200,layers.2.k_lut.lut_batched.weights,4.576499e+00,4.584301e+00,1.001705e+00
200,layers.2.k_lut.lut_batched.log_soft_score_temp,7.000238e-01,6.876647e-03,9.823448e-03
200,layers.2.k_lut.lut_batched.log_select_temp,6.999020e-01,6.754816e-03,9.651088e-03
200,layers.2.v_lut.compress.weight,9.929626e+00,1.397797e+00,1.407704e-01
200,layers.2.v_lut.compress.bias,5.060650e-01,7.903477e-02,1.561751e-01
200,layers.2.v_lut.lut_batched.weights,6.839260e+00,6.819148e+00,9.970594e-01
200,layers.2.v_lut.lut_batched.log_soft_score_temp,7.033181e-01,1.017088e-02,1.446128e-02
200,layers.2.v_lut.lut_batched.log_select_temp,7.032279e-01,1.008075e-02,1.433497e-02
200,layers.2.out_proj.compress.weight,8.141540e+00,1.210263e+00,1.486529e-01
200,layers.2.out_proj.compress.bias,4.311568e-01,3.894907e-02,9.033621e-02
200,layers.2.out_proj.lut_batched.weights,1.312262e+00,1.260027e+00,9.601951e-01
200,layers.2.out_proj.lut_batched.log_soft_score_temp,6.996889e-01,6.541729e-03,9.349482e-03
200,layers.2.out_proj.lut_batched.log_select_temp,7.000058e-01,6.858587e-03,9.797901e-03
200,layers.2.out_proj.decompress.weight,1.139782e+01,1.245305e+00,1.092582e-01
200,layers.2.out_proj.decompress.bias,5.965665e-01,4.900420e-02,8.214374e-02
200,layers.2.q_norm.weight,8.064665e+00,6.614276e-02,8.201551e-03
200,layers.2.q_norm.bias,2.573055e-02,2.573055e-02,1.000000e+00
200,layers.2.k_norm.weight,8.064169e+00,6.563036e-02,8.138515e-03
200,layers.2.k_norm.bias,2.892751e-02,2.892751e-02,1.000000e+00
200,layers.2.ln_pre.weight,1.965563e+01,8.742621e-02,4.447896e-03
200,layers.2.ln_pre.bias,8.069213e-02,8.069213e-02,1.000000e+00
200,layers.3.q_lut.compress.weight,9.789676e+00,5.167668e-01,5.278692e-02
200,layers.3.q_lut.compress.bias,4.916913e-01,2.630620e-02,5.350145e-02
200,layers.3.q_lut.lut_batched.weights,5.199273e+00,5.213945e+00,1.002822e+00
200,layers.3.q_lut.lut_batched.log_soft_score_temp,6.992089e-01,6.061673e-03,8.669331e-03
200,layers.3.q_lut.lut_batched.log_select_temp,6.990945e-01,5.947292e-03,8.507136e-03
200,layers.3.k_lut.compress.weight,9.787391e+00,4.608317e-01,4.708422e-02
200,layers.3.k_lut.compress.bias,5.111358e-01,2.285180e-02,4.470790e-02
200,layers.3.k_lut.lut_batched.weights,5.331334e+00,5.338934e+00,1.001426e+00
200,layers.3.k_lut.lut_batched.log_soft_score_temp,6.994331e-01,6.285906e-03,8.987144e-03
200,layers.3.k_lut.lut_batched.log_select_temp,6.993717e-01,6.224513e-03,8.900150e-03
200,layers.3.v_lut.compress.weight,9.895148e+00,1.291955e+00,1.305645e-01
200,layers.3.v_lut.compress.bias,5.051147e-01,7.178487e-02,1.421160e-01
200,layers.3.v_lut.lut_batched.weights,7.066974e+00,7.048578e+00,9.973969e-01
200,layers.3.v_lut.lut_batched.log_soft_score_temp,7.028711e-01,9.723961e-03,1.383463e-02
200,layers.3.v_lut.lut_batched.log_select_temp,7.028344e-01,9.687245e-03,1.378311e-02
200,layers.3.out_proj.compress.weight,8.083458e+00,1.030982e+00,1.275422e-01
200,layers.3.out_proj.compress.bias,4.403029e-01,3.612697e-02,8.205026e-02
200,layers.3.out_proj.lut_batched.weights,1.194544e+00,1.138136e+00,9.527787e-01
200,layers.3.out_proj.lut_batched.log_soft_score_temp,6.960390e-01,2.891839e-03,4.154708e-03
200,layers.3.out_proj.lut_batched.log_select_temp,6.962084e-01,3.061175e-03,4.396924e-03
200,layers.3.out_proj.decompress.weight,1.137223e+01,1.126451e+00,9.905275e-02
200,layers.3.out_proj.decompress.bias,5.702736e-01,4.889429e-02,8.573830e-02
200,layers.3.q_norm.weight,8.036589e+00,4.180188e-02,5.201446e-03
200,layers.3.q_norm.bias,1.449051e-02,1.449051e-02,1.000000e+00
200,layers.3.k_norm.weight,8.036502e+00,4.160596e-02,5.177124e-03
200,layers.3.k_norm.bias,1.161670e-02,1.161670e-02,1.000000e+00
200,layers.3.ln_pre.weight,1.964143e+01,7.642844e-02,3.891185e-03
200,layers.3.ln_pre.bias,6.722864e-02,6.722864e-02,1.000000e+00
200,layers.4.q_lut.compress.weight,9.791553e+00,3.769835e-01,3.850089e-02
200,layers.4.q_lut.compress.bias,5.207859e-01,1.746975e-02,3.354498e-02
200,layers.4.q_lut.lut_batched.weights,5.775182e+00,5.796714e+00,1.003728e+00
200,layers.4.q_lut.lut_batched.log_soft_score_temp,6.979508e-01,4.803598e-03,6.882431e-03
200,layers.4.q_lut.lut_batched.log_select_temp,6.980576e-01,4.910409e-03,7.034390e-03
200,layers.4.k_lut.compress.weight,9.798621e+00,4.567119e-01,4.660981e-02
200,layers.4.k_lut.compress.bias,5.304446e-01,2.303603e-02,4.342778e-02
200,layers.4.k_lut.lut_batched.weights,6.241254e+00,6.258778e+00,1.002808e+00
200,layers.4.k_lut.lut_batched.log_soft_score_temp,6.962669e-01,3.119767e-03,4.480705e-03
200,layers.4.k_lut.lut_batched.log_select_temp,6.962283e-01,3.081083e-03,4.425392e-03
200,layers.4.v_lut.compress.weight,9.889036e+00,1.286390e+00,1.300825e-01
200,layers.4.v_lut.compress.bias,5.018176e-01,7.437195e-02,1.482051e-01
200,layers.4.v_lut.lut_batched.weights,7.762386e+00,7.745444e+00,9.978175e-01
200,layers.4.v_lut.lut_batched.log_soft_score_temp,7.018447e-01,8.697510e-03,1.239236e-02
200,layers.4.v_lut.lut_batched.log_select_temp,7.017734e-01,8.626223e-03,1.229203e-02
200,layers.4.out_proj.compress.weight,8.064417e+00,8.700737e-01,1.078905e-01
200,layers.4.out_proj.compress.bias,4.329503e-01,3.908584e-02,9.027788e-02
200,layers.4.out_proj.lut_batched.weights,1.170982e+00,1.113770e+00,9.511416e-01
200,layers.4.out_proj.lut_batched.log_soft_score_temp,6.950417e-01,1.894534e-03,2.725784e-03
200,layers.4.out_proj.lut_batched.log_select_temp,6.951445e-01,1.997292e-03,2.873204e-03
200,layers.4.out_proj.decompress.weight,1.135264e+01,1.011227e+00,8.907419e-02
200,layers.4.out_proj.decompress.bias,5.950062e-01,4.884281e-02,8.208789e-02
200,layers.4.q_norm.weight,8.019517e+00,2.386685e-02,2.976096e-03
200,layers.4.q_norm.bias,1.242122e-02,1.242122e-02,1.000000e+00
200,layers.4.k_norm.weight,8.020181e+00,2.388333e-02,2.977905e-03
200,layers.4.k_norm.bias,1.667443e-02,1.667443e-02,1.000000e+00
200,layers.4.ln_pre.weight,1.963627e+01,7.669614e-02,3.905841e-03
200,layers.4.ln_pre.bias,7.213677e-02,7.213677e-02,1.000000e+00
200,layers.5.q_lut.compress.weight,9.782324e+00,4.122401e-01,4.214133e-02
200,layers.5.q_lut.compress.bias,5.122602e-01,1.998876e-02,3.902072e-02
200,layers.5.q_lut.lut_batched.weights,6.222476e+00,6.249820e+00,1.004394e+00
200,layers.5.q_lut.lut_batched.log_soft_score_temp,6.974205e-01,4.273355e-03,6.127372e-03
200,layers.5.q_lut.lut_batched.log_select_temp,6.976502e-01,4.503012e-03,6.454541e-03
200,layers.5.k_lut.compress.weight,9.779060e+00,4.818230e-01,4.927089e-02
200,layers.5.k_lut.compress.bias,5.036868e-01,2.392846e-02,4.750663e-02
200,layers.5.k_lut.lut_batched.weights,6.533055e+00,6.550412e+00,1.002657e+00
200,layers.5.k_lut.lut_batched.log_soft_score_temp,6.976804e-01,4.533172e-03,6.497491e-03
200,layers.5.k_lut.lut_batched.log_select_temp,6.977829e-01,4.635692e-03,6.643459e-03
200,layers.5.v_lut.compress.weight,9.911242e+00,1.380029e+00,1.392388e-01
200,layers.5.v_lut.compress.bias,5.173912e-01,7.923996e-02,1.531529e-01
200,layers.5.v_lut.lut_batched.weights,8.162301e+00,8.146165e+00,9.980231e-01
200,layers.5.v_lut.lut_batched.log_soft_score_temp,7.028654e-01,9.718180e-03,1.382652e-02
200,layers.5.v_lut.lut_batched.log_select_temp,7.027824e-01,9.635210e-03,1.371009e-02
200,layers.5.out_proj.compress.weight,8.046142e+00,8.047134e-01,1.000123e-01
200,layers.5.out_proj.compress.bias,4.327444e-01,3.448148e-02,7.968095e-02
200,layers.5.out_proj.lut_batched.weights,1.089094e+00,1.026415e+00,9.424489e-01
200,layers.5.out_proj.lut_batched.log_soft_score_temp,6.948035e-01,1.656294e-03,2.383831e-03
200,layers.5.out_proj.lut_batched.log_select_temp,6.948909e-01,1.743734e-03,2.509363e-03
200,layers.5.out_proj.decompress.weight,1.136294e+01,1.024481e+00,9.015985e-02
200,layers.5.out_proj.decompress.bias,5.838599e-01,4.870212e-02,8.341406e-02
200,layers.5.q_norm.weight,8.036839e+00,4.022475e-02,5.005047e-03
200,layers.5.q_norm.bias,1.947628e-02,1.947628e-02,1.000000e+00
200,layers.5.k_norm.weight,8.036350e+00,3.954779e-02,4.921114e-03
200,layers.5.k_norm.bias,2.184008e-02,2.184008e-02,1.000000e+00
200,layers.5.ln_pre.weight,1.964152e+01,7.715684e-02,3.928251e-03
200,layers.5.ln_pre.bias,7.820401e-02,7.820401e-02,1.000000e+00
200,ln_final.weight,1.983425e+01,2.404658e-01,1.212376e-02
200,ln_final.bias,2.577281e-01,2.577281e-01,1.000000e+00
200,unembedder.weight,1.068696e+02,2.474706e+01,2.315631e-01
400,tok_emb_E.weight,2.048918e+02,1.552932e+01,7.579277e-02
400,layers.0.q_lut.compress.weight,9.854199e+00,1.115863e+00,1.132373e-01
400,layers.0.q_lut.compress.bias,5.065560e-01,4.664885e-02,9.209021e-02
400,layers.0.q_lut.lut_batched.weights,9.292008e+00,8.375767e+00,9.013947e-01
400,layers.0.q_lut.lut_batched.log_soft_score_temp,7.187527e-01,1.618266e-02,2.251492e-02
400,layers.0.q_lut.lut_batched.log_select_temp,7.157103e-01,1.352966e-02,1.890382e-02
400,layers.0.k_lut.compress.weight,9.797134e+00,7.809246e-01,7.970949e-02
400,layers.0.k_lut.compress.bias,4.690824e-01,2.715907e-02,5.789830e-02
400,layers.0.k_lut.lut_batched.weights,9.075873e+00,8.310164e+00,9.156325e-01
400,layers.0.k_lut.lut_batched.log_soft_score_temp,7.050896e-01,3.980279e-03,5.645069e-03
400,layers.0.k_lut.lut_batched.log_select_temp,7.053853e-01,4.315257e-03,6.117589e-03
400,layers.0.v_lut.compress.weight,1.035564e+01,9.717507e-01,9.383782e-02
400,layers.0.v_lut.compress.bias,5.200027e-01,2.639693e-02,5.076306e-02
400,layers.0.v_lut.lut_batched.weights,1.296629e+01,1.035420e+01,7.985476e-01
400,layers.0.v_lut.lut_batched.log_soft_score_temp,7.159793e-01,8.764207e-03,1.224087e-02
400,layers.0.v_lut.lut_batched.log_select_temp,7.132186e-01,6.348908e-03,8.901770e-03
400,layers.0.out_proj.compress.weight,8.569522e+00,7.554281e-01,8.815288e-02
400,layers.0.out_proj.compress.bias,4.860257e-01,1.600728e-02,3.293504e-02
400,layers.0.out_proj.lut_batched.weights,6.609915e+00,5.954348e+00,9.008206e-01
400,layers.0.out_proj.lut_batched.log_soft_score_temp,7.300000e-01,2.271420e-02,3.111534e-02
400,layers.0.out_proj.lut_batched.log_select_temp,7.299294e-01,2.251005e-02,3.083867e-02
400,layers.0.out_proj.decompress.weight,1.165376e+01,1.448323e+00,1.242794e-01
400,layers.0.out_proj.decompress.bias,5.853205e-01,1.489504e-02,2.544766e-02
400,layers.0.q_norm.weight,8.229956e+00,1.674289e-01,2.034384e-02
400,layers.0.q_norm.bias,9.610241e-02,8.611778e-02,8.961043e-01
400,layers.0.k_norm.weight,8.228904e+00,1.665289e-01,2.023707e-02
400,layers.0.k_norm.bias,8.227015e-02,6.934883e-02,8.429404e-01
400,layers.0.ln_pre.weight,1.979637e+01,7.659882e-02,3.869337e-03
400,layers.0.ln_pre.bias,1.108776e-01,4.813845e-02,4.341585e-01
400,layers.1.q_lut.compress.weight,9.825427e+00,1.072961e+00,1.092025e-01
400,layers.1.q_lut.compress.bias,4.853949e-01,2.253736e-02,4.643098e-02
400,layers.1.q_lut.lut_batched.weights,9.910975e+00,9.169078e+00,9.251439e-01
400,layers.1.q_lut.lut_batched.log_soft_score_temp,7.271487e-01,2.153301e-02,2.961294e-02
400,layers.1.q_lut.lut_batched.log_select_temp,7.336289e-01,2.827066e-02,3.853537e-02
400,layers.1.k_lut.compress.weight,9.797170e+00,7.818605e-01,7.980473e-02
400,layers.1.k_lut.compress.bias,4.878690e-01,2.963384e-02,6.074140e-02
400,layers.1.k_lut.lut_batched.weights,9.434317e+00,8.601261e+00,9.116994e-01
400,layers.1.k_lut.lut_batched.log_soft_score_temp,7.104868e-01,1.152843e-02,1.622610e-02
400,layers.1.k_lut.lut_batched.log_select_temp,7.169720e-01,1.822621e-02,2.542109e-02
400,layers.1.v_lut.compress.weight,1.002799e+01,9.088979e-01,9.063614e-02
400,layers.1.v_lut.compress.bias,4.826615e-01,1.961320e-02,4.063551e-02
400,layers.1.v_lut.lut_batched.weights,1.200410e+01,1.014287e+01,8.449506e-01
400,layers.1.v_lut.lut_batched.log_soft_score_temp,7.263416e-01,1.821685e-02,2.508028e-02
400,layers.1.v_lut.lut_batched.log_select_temp,7.240254e-01,1.593459e-02,2.200832e-02
400,layers.1.out_proj.compress.weight,8.469838e+00,1.034838e+00,1.221792e-01
400,layers.1.out_proj.compress.bias,4.476611e-01,1.359114e-02,3.036032e-02
400,layers.1.out_proj.lut_batched.weights,7.235027e+00,6.726139e+00,9.296633e-01
400,layers.1.out_proj.lut_batched.log_soft_score_temp,7.314762e-01,2.469003e-02,3.375370e-02
400,layers.1.out_proj.lut_batched.log_select_temp,7.325370e-01,2.543151e-02,3.471704e-02
400,layers.1.out_proj.decompress.weight,1.151194e+01,1.571966e+00,1.365510e-01
400,layers.1.out_proj.decompress.bias,5.813875e-01,1.580823e-02,2.719052e-02
400,layers.1.q_norm.weight,8.186417e+00,1.499034e-01,1.831124e-02
400,layers.1.q_norm.bias,1.071493e-01,8.399916e-02,7.839448e-01
400,layers.1.k_norm.weight,8.181879e+00,1.447292e-01,1.768899e-02
400,layers.1.k_norm.bias,1.487504e-01,1.234539e-01,8.299401e-01
400,layers.1.ln_pre.weight,1.970075e+01,6.437416e-02,3.267600e-03
400,layers.1.ln_pre.bias,7.710001e-02,2.142702e-02,2.779120e-01
400,layers.2.q_lut.compress.weight,9.843231e+00,9.678082e-01,9.832221e-02
400,layers.2.q_lut.compress.bias,5.253777e-01,2.625366e-02,4.997103e-02
400,layers.2.q_lut.lut_batched.weights,1.060162e+01,9.404027e+00,8.870369e-01
400,layers.2.q_lut.lut_batched.log_soft_score_temp,7.079971e-01,7.015347e-03,9.908723e-03
400,layers.2.q_lut.lut_batched.log_select_temp,7.119762e-01,1.091236e-02,1.532686e-02
400,layers.2.k_lut.compress.weight,9.783833e+00,7.432501e-01,7.596718e-02
400,layers.2.k_lut.compress.bias,5.125585e-01,2.956382e-02,5.767893e-02
400,layers.2.k_lut.lut_batched.weights,1.013425e+01,8.827051e+00,8.710119e-01
400,layers.2.k_lut.lut_batched.log_soft_score_temp,7.112056e-01,1.118177e-02,1.572228e-02
400,layers.2.k_lut.lut_batched.log_select_temp,7.209520e-01,2.105004e-02,2.919755e-02
400,layers.2.v_lut.compress.weight,9.939564e+00,8.579032e-01,8.631196e-02
400,layers.2.v_lut.compress.bias,5.060626e-01,2.098932e-02,4.147573e-02
400,layers.2.v_lut.lut_batched.weights,1.431444e+01,1.112606e+01,7.772616e-01
400,layers.2.v_lut.lut_batched.log_soft_score_temp,7.062162e-01,2.898097e-03,4.103697e-03
400,layers.2.v_lut.lut_batched.log_select_temp,7.057236e-01,2.495706e-03,3.536379e-03
400,layers.2.out_proj.compress.weight,8.239855e+00,8.505340e-01,1.032220e-01
400,layers.2.out_proj.compress.bias,4.278379e-01,1.349693e-02,3.154683e-02
400,layers.2.out_proj.lut_batched.weights,5.934943e+00,5.679579e+00,9.569728e-01
400,layers.2.out_proj.lut_batched.log_soft_score_temp,7.158775e-01,1.618856e-02,2.261359e-02
400,layers.2.out_proj.lut_batched.log_select_temp,7.190129e-01,1.900715e-02,2.643506e-02
400,layers.2.out_proj.decompress.weight,1.138860e+01,1.585380e+00,1.392077e-01
400,layers.2.out_proj.decompress.bias,5.922247e-01,1.666022e-02,2.813158e-02
400,layers.2.q_norm.weight,8.145419e+00,1.217957e-01,1.495266e-02
400,layers.2.q_norm.bias,7.569993e-02,6.084163e-02,8.037210e-01
400,layers.2.k_norm.weight,8.133981e+00,1.070678e-01,1.316303e-02
400,layers.2.k_norm.bias,1.012490e-01,8.610871e-02,8.504652e-01
400,layers.2.ln_pre.weight,1.967203e+01,4.994677e-02,2.538974e-03
400,layers.2.ln_pre.bias,9.589028e-02,3.084927e-02,3.217142e-01
400,layers.3.q_lut.compress.weight,9.803575e+00,1.029848e+00,1.050482e-01
400,layers.3.q_lut.compress.bias,4.910092e-01,3.367111e-02,6.857532e-02
400,layers.3.q_lut.lut_batched.weights,1.105231e+01,9.417965e+00,8.521264e-01
400,layers.3.q_lut.lut_batched.log_soft_score_temp,7.114366e-01,1.222777e-02,1.718744e-02
400,layers.3.q_lut.lut_batched.log_select_temp,7.199118e-01,2.081734e-02,2.891651e-02
400,layers.3.k_lut.compress.weight,9.785500e+00,7.643549e-01,7.811097e-02
400,layers.3.k_lut.compress.bias,5.131577e-01,3.195779e-02,6.227675e-02
400,layers.3.k_lut.lut_batched.weights,1.070334e+01,8.944598e+00,8.356829e-01
400,layers.3.k_lut.lut_batched.log_soft_score_temp,7.077181e-01,8.285046e-03,1.170670e-02
400,layers.3.k_lut.lut_batched.log_select_temp,7.104434e-01,1.107168e-02,1.558419e-02
400,layers.3.v_lut.compress.weight,9.907974e+00,8.228502e-01,8.304929e-02
400,layers.3.v_lut.compress.bias,5.037130e-01,2.264816e-02,4.496242e-02
400,layers.3.v_lut.lut_batched.weights,1.404318e+01,1.095839e+01,7.803354e-01
400,layers.3.v_lut.lut_batched.log_soft_score_temp,7.067116e-01,3.840506e-03,5.434332e-03
400,layers.3.v_lut.lut_batched.log_select_temp,7.058303e-01,2.995908e-03,4.244516e-03
400,layers.3.out_proj.compress.weight,8.191806e+00,9.139203e-01,1.115652e-01
400,layers.3.out_proj.compress.bias,4.387831e-01,9.505175e-03,2.166258e-02
400,layers.3.out_proj.lut_batched.weights,5.759943e+00,5.589274e+00,9.703697e-01
400,layers.3.out_proj.lut_batched.log_soft_score_temp,7.090446e-01,1.300561e-02,1.834245e-02
400,layers.3.out_proj.lut_batched.log_select_temp,7.131810e-01,1.697266e-02,2.379853e-02
400,layers.3.out_proj.decompress.weight,1.131472e+01,1.567016e+00,1.384935e-01
400,layers.3.out_proj.decompress.bias,5.673392e-01,1.699617e-02,2.995768e-02
400,layers.3.q_norm.weight,8.088758e+00,8.572465e-02,1.059800e-02
400,layers.3.q_norm.bias,5.924657e-02,5.481288e-02,9.251654e-01
400,layers.3.k_norm.weight,8.086196e+00,8.410864e-02,1.040151e-02
400,layers.3.k_norm.bias,8.999371e-02,8.728538e-02,9.699053e-01
400,layers.3.ln_pre.weight,1.965696e+01,5.118523e-02,2.603924e-03
400,layers.3.ln_pre.bias,8.467036e-02,3.022635e-02,3.569886e-01
400,layers.4.q_lut.compress.weight,9.806423e+00,1.018458e+00,1.038562e-01
400,layers.4.q_lut.compress.bias,5.264598e-01,3.323436e-02,6.312801e-02
400,layers.4.q_lut.lut_batched.weights,1.086853e+01,8.904121e+00,8.192570e-01
400,layers.4.q_lut.lut_batched.log_soft_score_temp,7.038051e-01,5.854309e-03,8.318082e-03
400,layers.4.q_lut.lut_batched.log_select_temp,7.092892e-01,1.123160e-02,1.583501e-02
400,layers.4.k_lut.compress.weight,9.790963e+00,7.517693e-01,7.678196e-02
400,layers.4.k_lut.compress.bias,5.299944e-01,2.822764e-02,5.326027e-02
400,layers.4.k_lut.lut_batched.weights,1.146859e+01,9.073338e+00,7.911471e-01
400,layers.4.k_lut.lut_batched.log_soft_score_temp,6.965942e-01,3.272891e-04,4.698418e-04
400,layers.4.k_lut.lut_batched.log_select_temp,6.999000e-01,3.671706e-03,5.246044e-03
400,layers.4.v_lut.compress.weight,9.887164e+00,7.741207e-01,7.829553e-02
400,layers.4.v_lut.compress.bias,5.037059e-01,2.171212e-02,4.310475e-02
400,layers.4.v_lut.lut_batched.weights,1.537401e+01,1.114831e+01,7.251401e-01
400,layers.4.v_lut.lut_batched.log_soft_score_temp,7.041636e-01,2.318919e-03,3.293153e-03
400,layers.4.v_lut.lut_batched.log_select_temp,7.036676e-01,1.894236e-03,2.691946e-03
400,layers.4.out_proj.compress.weight,8.093471e+00,8.298089e-01,1.025282e-01
400,layers.4.out_proj.compress.bias,4.276646e-01,1.007165e-02,2.355034e-02
400,layers.4.out_proj.lut_batched.weights,5.733589e+00,5.627101e+00,9.814273e-01
400,layers.4.out_proj.lut_batched.log_soft_score_temp,7.010790e-01,6.037295e-03,8.611433e-03
400,layers.4.out_proj.lut_batched.log_select_temp,7.055013e-01,1.035684e-02,1.468012e-02
400,layers.4.out_proj.decompress.weight,1.116337e+01,1.425809e+00,1.277221e-01
400,layers.4.out_proj.decompress.bias,5.907934e-01,1.731767e-02,2.931256e-02
400,layers.4.q_norm.weight,8.069729e+00,8.903404e-02,1.103309e-02
400,layers.4.q_norm.bias,5.360102e-02,4.701888e-02,8.772012e-01
400,layers.4.k_norm.weight,8.071312e+00,9.137807e-02,1.132134e-02
400,layers.4.k_norm.bias,1.170437e-01,1.065417e-01,9.102728e-01
400,layers.4.ln_pre.weight,1.964298e+01,4.578388e-02,2.330801e-03
400,layers.4.ln_pre.bias,8.627404e-02,2.825418e-02,3.274935e-01
400,layers.5.q_lut.compress.weight,9.788947e+00,9.214340e-01,9.413004e-02
400,layers.5.q_lut.compress.bias,5.141976e-01,2.754558e-02,5.357004e-02
400,layers.5.q_lut.lut_batched.weights,1.195139e+01,9.361037e+00,7.832592e-01
400,layers.5.q_lut.lut_batched.log_soft_score_temp,6.999667e-01,2.546191e-03,3.637589e-03
400,layers.5.q_lut.lut_batched.log_select_temp,7.019924e-01,4.342198e-03,6.185535e-03
400,layers.5.k_lut.compress.weight,9.770380e+00,7.149554e-01,7.317580e-02
400,layers.5.k_lut.compress.bias,5.059563e-01,3.249932e-02,6.423346e-02
400,layers.5.k_lut.lut_batched.weights,1.228484e+01,9.385987e+00,7.640303e-01
400,layers.5.k_lut.lut_batched.log_soft_score_temp,7.054144e-01,7.734060e-03,1.096385e-02
400,layers.5.k_lut.lut_batched.log_select_temp,7.080755e-01,1.029265e-02,1.453609e-02
400,layers.5.v_lut.compress.weight,9.906178e+00,6.862445e-01,6.927440e-02
400,layers.5.v_lut.compress.bias,5.179633e-01,2.063906e-02,3.984656e-02
400,layers.5.v_lut.lut_batched.weights,2.009303e+01,1.401316e+01,6.974140e-01
400,layers.5.v_lut.lut_batched.log_soft_score_temp,7.041630e-01,1.297653e-03,1.842830e-03
400,layers.5.v_lut.lut_batched.log_select_temp,7.039529e-01,1.170516e-03,1.662776e-03
400,layers.5.out_proj.compress.weight,8.012568e+00,6.149206e-01,7.674452e-02
400,layers.5.out_proj.compress.bias,4.238465e-01,1.238520e-02,2.922096e-02
400,layers.5.out_proj.lut_batched.weights,5.719024e+00,5.669539e+00,9.913473e-01
400,layers.5.out_proj.lut_batched.log_soft_score_temp,6.902190e-01,4.584491e-03,6.642082e-03
400,layers.5.out_proj.lut_batched.log_select_temp,6.936242e-01,1.266718e-03,1.826231e-03
400,layers.5.out_proj.decompress.weight,1.109809e+01,1.390873e+00,1.253255e-01
400,layers.5.out_proj.decompress.bias,5.798599e-01,1.744244e-02,3.008044e-02
400,layers.5.q_norm.weight,8.044470e+00,3.967520e-02,4.931985e-03
400,layers.5.q_norm.bias,3.333841e-02,2.608833e-02,7.825306e-01
400,layers.5.k_norm.weight,8.040399e+00,3.620386e-02,4.502745e-03
400,layers.5.k_norm.bias,5.157613e-02,4.267649e-02,8.274465e-01
400,layers.5.ln_pre.weight,1.964783e+01,4.207624e-02,2.141522e-03
400,layers.5.ln_pre.bias,9.160516e-02,2.333417e-02,2.547255e-01
400,ln_final.weight,2.057327e+01,7.418388e-01,3.605838e-02
400,ln_final.bias,7.516342e-01,4.962674e-01,6.602512e-01
400,unembedder.weight,1.158553e+02,3.359637e+01,2.899857e-01
600,tok_emb_E.weight,2.059227e+02,1.684562e+01,8.180555e-02
600,layers.0.q_lut.compress.weight,9.938979e+00,1.078859e+00,1.085483e-01
600,layers.0.q_lut.compress.bias,5.072002e-01,4.588804e-02,9.047323e-02
600,layers.0.q_lut.lut_batched.weights,1.515276e+01,1.000067e+01,6.599900e-01
600,layers.0.q_lut.lut_batched.log_soft_score_temp,7.507975e-01,3.204477e-02,4.268098e-02
600,layers.0.q_lut.lut_batched.log_select_temp,7.469635e-01,3.125316e-02,4.184028e-02
600,layers.0.k_lut.compress.weight,9.831044e+00,1.103882e+00,1.122853e-01
600,layers.0.k_lut.compress.bias,4.673905e-01,4.848628e-02,1.037383e-01
600,layers.0.k_lut.lut_batched.weights,1.497829e+01,1.045964e+01,6.983199e-01
600,layers.0.k_lut.lut_batched.log_soft_score_temp,7.092680e-01,4.178464e-03,5.891235e-03
600,layers.0.k_lut.lut_batched.log_select_temp,7.107123e-01,5.327046e-03,7.495362e-03
600,layers.0.v_lut.compress.weight,1.044291e+01,1.095497e+00,1.049035e-01
600,layers.0.v_lut.compress.bias,5.157881e-01,2.804734e-02,5.437765e-02
600,layers.0.v_lut.lut_batched.weights,1.953986e+01,1.159840e+01,5.935765e-01
600,layers.0.v_lut.lut_batched.log_soft_score_temp,7.263640e-01,1.038462e-02,1.429672e-02
600,layers.0.v_lut.lut_batched.log_select_temp,7.189758e-01,5.757153e-03,8.007437e-03
600,layers.0.out_proj.compress.weight,8.612366e+00,5.903533e-01,6.854717e-02
600,layers.0.out_proj.compress.bias,4.883598e-01,7.846366e-03,1.606677e-02
600,layers.0.out_proj.lut_batched.weights,1.107819e+01,7.921069e+00,7.150146e-01
600,layers.0.out_proj.lut_batched.log_soft_score_temp,7.503252e-01,2.032524e-02,2.708858e-02
600,layers.0.out_proj.lut_batched.log_select_temp,7.526050e-01,2.267551e-02,3.012937e-02
600,layers.0.out_proj.decompress.weight,1.159757e+01,1.235422e+00,1.065242e-01
600,layers.0.out_proj.decompress.bias,5.822299e-01,1.059011e-02,1.818888e-02
600,layers.0.q_norm.weight,8.400685e+00,1.992240e-01,2.371520e-02
600,layers.0.q_norm.bias,2.040200e-01,1.128740e-01,5.532496e-01
600,layers.0.k_norm.weight,8.400805e+00,1.992547e-01,2.371852e-02
600,layers.0.k_norm.bias,1.784335e-01,1.032873e-01,5.788562e-01
600,layers.0.ln_pre.weight,1.985904e+01,8.512041e-02,4.286230e-03
600,layers.0.ln_pre.bias,1.191107e-01,4.563369e-02,3.831200e-01
600,layers.1.q_lut.compress.weight,9.849675e+00,1.117758e+00,1.134817e-01
600,layers.1.q_lut.compress.bias,4.869578e-01,2.644685e-02,5.431035e-02
600,layers.1.q_lut.lut_batched.weights,1.570452e+01,1.135950e+01,7.233269e-01
600,layers.1.q_lut.lut_batched.log_soft_score_temp,7.383743e-01,1.122564e-02,1.520318e-02
600,layers.1.q_lut.lut_batched.log_select_temp,7.656534e-01,3.202456e-02,4.182645e-02
600,layers.1.k_lut.compress.weight,9.809370e+00,1.015295e+00,1.035025e-01
600,layers.1.k_lut.compress.bias,4.958907e-01,3.600097e-02,7.259861e-02
600,layers.1.k_lut.lut_batched.weights,1.515839e+01,1.110800e+01,7.327957e-01
600,layers.1.k_lut.lut_batched.log_soft_score_temp,7.093982e-01,1.088619e-03,1.534567e-03
600,layers.1.k_lut.lut_batched.log_select_temp,7.448103e-01,2.783829e-02,3.737635e-02
600,layers.1.v_lut.compress.weight,1.004950e+01,9.480853e-01,9.434151e-02
600,layers.1.v_lut.compress.bias,4.816033e-01,1.795608e-02,3.728397e-02
600,layers.1.v_lut.lut_batched.weights,1.761482e+01,1.177499e+01,6.684705e-01
600,layers.1.v_lut.lut_batched.log_soft_score_temp,7.432676e-01,1.692599e-02,2.277240e-02
600,layers.1.v_lut.lut_batched.log_select_temp,7.427936e-01,1.876819e-02,2.526703e-02
600,layers.1.out_proj.compress.weight,8.527121e+00,7.659763e-01,8.982824e-02
600,layers.1.out_proj.compress.bias,4.471979e-01,7.382447e-03,1.650823e-02
600,layers.1.out_proj.lut_batched.weights,1.108074e+01,7.981804e+00,7.203316e-01
600,layers.1.out_proj.lut_batched.log_soft_score_temp,7.522512e-01,2.077496e-02,2.761705e-02
600,layers.1.out_proj.lut_batched.log_select_temp,7.580288e-01,2.549177e-02,3.362903e-02
600,layers.1.out_proj.decompress.weight,1.136831e+01,1.322004e+00,1.162885e-01
600,layers.1.out_proj.decompress.bias,5.788788e-01,1.258508e-02,2.174044e-02
600,layers.1.q_norm.weight,8.295135e+00,1.332543e-01,1.606415e-02
600,layers.1.q_norm.bias,1.794654e-01,7.607894e-02,4.239197e-01
600,layers.1.k_norm.weight,8.282660e+00,1.229055e-01,1.483889e-02
600,layers.1.k_norm.bias,2.665029e-01,1.256543e-01,4.714931e-01
600,layers.1.ln_pre.weight,1.971776e+01,6.555878e-02,3.324859e-03
600,layers.1.ln_pre.bias,8.477418e-02,2.284321e-02,2.694595e-01
600,layers.2.q_lut.compress.weight,9.866362e+00,1.131207e+00,1.146529e-01
600,layers.2.q_lut.compress.bias,5.273377e-01,2.684601e-02,5.090857e-02
600,layers.2.q_lut.lut_batched.weights,1.617763e+01,1.153568e+01,7.130635e-01
600,layers.2.q_lut.lut_batched.log_soft_score_temp,7.101479e-01,2.150714e-03,3.028545e-03
600,layers.2.q_lut.lut_batched.log_select_temp,7.377190e-01,2.574277e-02,3.489509e-02
600,layers.2.k_lut.compress.weight,9.787087e+00,9.429250e-01,9.634378e-02
600,layers.2.k_lut.compress.bias,5.148751e-01,3.091146e-02,6.003682e-02
600,layers.2.k_lut.lut_batched.weights,1.557545e+01,1.123940e+01,7.216103e-01
600,layers.2.k_lut.lut_batched.log_soft_score_temp,7.027922e-01,8.413434e-03,1.197144e-02
600,layers.2.k_lut.lut_batched.log_select_temp,7.513546e-01,3.040254e-02,4.046364e-02
600,layers.2.v_lut.compress.weight,9.948014e+00,8.760338e-01,8.806118e-02
600,layers.2.v_lut.compress.bias,5.063251e-01,1.551189e-02,3.063622e-02
600,layers.2.v_lut.lut_batched.weights,1.990865e+01,1.227142e+01,6.163867e-01
600,layers.2.v_lut.lut_batched.log_soft_score_temp,7.119821e-01,5.765975e-03,8.098482e-03
600,layers.2.v_lut.lut_batched.log_select_temp,7.117313e-01,6.007612e-03,8.440843e-03
600,layers.2.out_proj.compress.weight,8.295238e+00,7.681335e-01,9.259932e-02
600,layers.2.out_proj.compress.bias,4.265499e-01,6.795305e-03,1.593086e-02
600,layers.2.out_proj.lut_batched.weights,9.501419e+00,7.514325e+00,7.908635e-01
600,layers.2.out_proj.lut_batched.log_soft_score_temp,7.332805e-01,1.740301e-02,2.373308e-02
600,layers.2.out_proj.lut_batched.log_select_temp,7.414883e-01,2.247542e-02,3.031123e-02
600,layers.2.out_proj.decompress.weight,1.119939e+01,1.389393e+00,1.240597e-01
600,layers.2.out_proj.decompress.bias,5.891476e-01,1.374706e-02,2.333381e-02
600,layers.2.q_norm.weight,8.235895e+00,1.226753e-01,1.489520e-02
600,layers.2.q_norm.bias,1.312733e-01,6.007335e-02,4.576205e-01
600,layers.2.k_norm.weight,8.216738e+00,1.124916e-01,1.369055e-02
600,layers.2.k_norm.bias,1.951024e-01,1.028064e-01,5.269358e-01
600,layers.2.ln_pre.weight,1.968842e+01,6.054281e-02,3.075046e-03
600,layers.2.ln_pre.bias,1.008378e-01,1.878002e-02,1.862399e-01
600,layers.3.q_lut.compress.weight,9.826004e+00,1.160939e+00,1.181496e-01
600,layers.3.q_lut.compress.bias,4.937671e-01,3.405532e-02,6.897040e-02
600,layers.3.q_lut.lut_batched.weights,1.677422e+01,1.186725e+01,7.074699e-01
600,layers.3.q_lut.lut_batched.log_soft_score_temp,7.025819e-01,8.854747e-03,1.260315e-02
600,layers.3.q_lut.lut_batched.log_select_temp,7.481368e-01,2.822500e-02,3.772706e-02
600,layers.3.k_lut.compress.weight,9.794374e+00,9.226041e-01,9.419735e-02
600,layers.3.k_lut.compress.bias,5.149645e-01,3.028229e-02,5.880462e-02
600,layers.3.k_lut.lut_batched.weights,1.603717e+01,1.133766e+01,7.069617e-01
600,layers.3.k_lut.lut_batched.log_soft_score_temp,7.123717e-01,4.653573e-03,6.532507e-03
600,layers.3.k_lut.lut_batched.log_select_temp,7.350607e-01,2.461731e-02,3.349018e-02
600,layers.3.v_lut.compress.weight,9.923367e+00,8.647425e-01,8.714205e-02
600,layers.3.v_lut.compress.bias,5.035865e-01,1.696723e-02,3.369279e-02
600,layers.3.v_lut.lut_batched.weights,1.934274e+01,1.220434e+01,6.309520e-01
600,layers.3.v_lut.lut_batched.log_soft_score_temp,7.133844e-01,6.672740e-03,9.353639e-03
600,layers.3.v_lut.lut_batched.log_select_temp,7.116850e-01,5.854666e-03,8.226485e-03
600,layers.3.out_proj.compress.weight,8.260947e+00,8.077701e-01,9.778178e-02
600,layers.3.out_proj.compress.bias,4.368345e-01,6.822242e-03,1.561745e-02
600,layers.3.out_proj.lut_batched.weights,8.848941e+00,7.227391e+00,8.167521e-01
600,layers.3.out_proj.lut_batched.log_soft_score_temp,7.190552e-01,1.001060e-02,1.392188e-02
600,layers.3.out_proj.lut_batched.log_select_temp,7.314092e-01,1.822817e-02,2.492199e-02
600,layers.3.out_proj.decompress.weight,1.101639e+01,1.500117e+00,1.361714e-01
600,layers.3.out_proj.decompress.bias,5.641252e-01,1.441964e-02,2.556107e-02
600,layers.3.q_norm.weight,8.123870e+00,6.317609e-02,7.776600e-03
600,layers.3.q_norm.bias,9.782036e-02,4.291533e-02,4.387158e-01
600,layers.3.k_norm.weight,8.116507e+00,5.765478e-02,7.103398e-03
600,layers.3.k_norm.bias,1.640572e-01,8.291946e-02,5.054301e-01
600,layers.3.ln_pre.weight,1.967141e+01,5.458643e-02,2.774913e-03
600,layers.3.ln_pre.bias,9.092421e-02,2.419035e-02,2.660496e-01
600,layers.4.q_lut.compress.weight,9.833103e+00,1.214967e+00,1.235588e-01
600,layers.4.q_lut.compress.bias,5.314340e-01,3.686093e-02,6.936126e-02
600,layers.4.q_lut.lut_batched.weights,1.605939e+01,1.131602e+01,7.046355e-01
600,layers.4.q_lut.lut_batched.log_soft_score_temp,6.970186e-01,6.786525e-03,9.736506e-03
600,layers.4.q_lut.lut_batched.log_select_temp,7.233052e-01,1.401597e-02,1.937768e-02
600,layers.4.k_lut.compress.weight,9.801317e+00,1.051802e+00,1.073123e-01
600,layers.4.k_lut.compress.bias,5.306761e-01,3.581232e-02,6.748433e-02
600,layers.4.k_lut.lut_batched.weights,1.630137e+01,1.112767e+01,6.826219e-01
600,layers.4.k_lut.lut_batched.log_soft_score_temp,6.923414e-01,4.252851e-03,6.142708e-03
600,layers.4.k_lut.lut_batched.log_select_temp,7.141607e-01,1.426071e-02,1.996849e-02
600,layers.4.v_lut.compress.weight,9.902700e+00,9.663316e-01,9.758264e-02
600,layers.4.v_lut.compress.bias,5.058671e-01,1.918403e-02,3.792306e-02
600,layers.4.v_lut.lut_batched.weights,2.012037e+01,1.209940e+01,6.013508e-01
600,layers.4.v_lut.lut_batched.log_soft_score_temp,7.104940e-01,6.330431e-03,8.909900e-03
600,layers.4.v_lut.lut_batched.log_select_temp,7.094966e-01,5.828977e-03,8.215651e-03
600,layers.4.out_proj.compress.weight,8.162252e+00,8.678210e-01,1.063213e-01
600,layers.4.out_proj.compress.bias,4.248903e-01,8.908885e-03,2.096749e-02
600,layers.4.out_proj.lut_batched.weights,8.911362e+00,7.368271e+00,8.268401e-01
600,layers.4.out_proj.lut_batched.log_soft_score_temp,7.105815e-01,9.502530e-03,1.337289e-02
600,layers.4.out_proj.lut_batched.log_select_temp,7.236219e-01,1.812059e-02,2.504151e-02
600,layers.4.out_proj.decompress.weight,1.082380e+01,1.518746e+00,1.403154e-01
600,layers.4.out_proj.decompress.bias,5.870831e-01,1.531931e-02,2.609393e-02
600,layers.4.q_norm.weight,8.128933e+00,8.780507e-02,1.080155e-02
600,layers.4.q_norm.bias,8.972263e-02,4.399987e-02,4.903988e-01
600,layers.4.k_norm.weight,8.129192e+00,9.035121e-02,1.111441e-02
600,layers.4.k_norm.bias,2.236019e-01,1.186067e-01,5.304370e-01
600,layers.4.ln_pre.weight,1.965119e+01,6.025612e-02,3.066283e-03
600,layers.4.ln_pre.bias,1.021701e-01,3.218076e-02,3.149723e-01
600,layers.5.q_lut.compress.weight,9.807304e+00,1.183900e+00,1.207162e-01
600,layers.5.q_lut.compress.bias,5.172378e-01,3.143429e-02,6.077337e-02
600,layers.5.q_lut.lut_batched.weights,1.683239e+01,1.137043e+01,6.755092e-01
600,layers.5.q_lut.lut_batched.log_soft_score_temp,6.970789e-01,2.887845e-03,4.142781e-03
600,layers.5.q_lut.lut_batched.log_select_temp,7.124086e-01,1.041621e-02,1.462112e-02
600,layers.5.k_lut.compress.weight,9.784543e+00,1.010525e+00,1.032777e-01
600,layers.5.k_lut.compress.bias,5.059646e-01,3.269856e-02,6.462619e-02
600,layers.5.k_lut.lut_batched.weights,1.695326e+01,1.120147e+01,6.607266e-01
600,layers.5.k_lut.lut_batched.log_soft_score_temp,7.058937e-01,4.792809e-04,6.789704e-04
600,layers.5.k_lut.lut_batched.log_select_temp,7.231884e-01,1.511288e-02,2.089757e-02
600,layers.5.v_lut.compress.weight,9.916858e+00,8.751094e-01,8.824463e-02
600,layers.5.v_lut.compress.bias,5.188286e-01,2.055724e-02,3.962240e-02
600,layers.5.v_lut.lut_batched.weights,2.427123e+01,1.228690e+01,5.062330e-01
600,layers.5.v_lut.lut_batched.log_soft_score_temp,7.086664e-01,4.503369e-03,6.354710e-03
600,layers.5.v_lut.lut_batched.log_select_temp,7.081001e-01,4.147232e-03,5.856843e-03
600,layers.5.out_proj.compress.weight,8.060535e+00,8.259339e-01,1.024664e-01
600,layers.5.out_proj.compress.bias,4.179638e-01,9.846885e-03,2.355918e-02
600,layers.5.out_proj.lut_batched.weights,8.660864e+00,7.259630e+00,8.382108e-01
600,layers.5.out_proj.lut_batched.log_soft_score_temp,6.961500e-01,5.931020e-03,8.519744e-03
600,layers.5.out_proj.lut_batched.log_select_temp,7.092903e-01,1.566607e-02,2.208696e-02
600,layers.5.out_proj.decompress.weight,1.067657e+01,1.545329e+00,1.447402e-01
600,layers.5.out_proj.decompress.bias,5.766234e-01,1.610271e-02,2.792587e-02
600,layers.5.q_norm.weight,8.069592e+00,4.351881e-02,5.392939e-03
600,layers.5.q_norm.bias,5.669226e-02,2.945098e-02,5.194886e-01
600,layers.5.k_norm.weight,8.061079e+00,4.041200e-02,5.013225e-03
600,layers.5.k_norm.bias,1.081886e-01,6.300345e-02,5.823481e-01
600,layers.5.ln_pre.weight,1.965745e+01,4.954556e-02,2.520447e-03
600,layers.5.ln_pre.bias,1.096301e-01,2.601693e-02,2.373156e-01
600,ln_final.weight,2.150920e+01,9.385837e-01,4.363638e-02
600,ln_final.bias,1.097109e+00,3.504407e-01,3.194219e-01
600,unembedder.weight,1.260045e+02,2.872470e+01,2.279656e-01
800,tok_emb_E.weight,2.072386e+02,1.525700e+01,7.362046e-02
800,layers.0.q_lut.compress.weight,1.001306e+01,9.773349e-01,9.760597e-02
800,layers.0.q_lut.compress.bias,5.105762e-01,3.992325e-02,7.819255e-02
800,layers.0.q_lut.lut_batched.weights,1.912019e+01,9.403642e+00,4.918173e-01
800,layers.0.q_lut.lut_batched.log_soft_score_temp,7.899209e-01,3.912348e-02,4.952834e-02
800,layers.0.q_lut.lut_batched.log_select_temp,7.880759e-01,4.111236e-02,5.216803e-02
800,layers.0.k_lut.compress.weight,9.872087e+00,1.110198e+00,1.124582e-01
800,layers.0.k_lut.compress.bias,4.677480e-01,4.933595e-02,1.054755e-01
800,layers.0.k_lut.lut_batched.weights,1.901901e+01,9.971631e+00,5.242981e-01
800,layers.0.k_lut.lut_batched.log_soft_score_temp,7.177320e-01,8.463919e-03,1.179259e-02
800,layers.0.k_lut.lut_batched.log_select_temp,7.226909e-01,1.197857e-02,1.657495e-02
800,layers.0.v_lut.compress.weight,1.051614e+01,1.030360e+00,9.797893e-02
800,layers.0.v_lut.compress.bias,5.161499e-01,3.174664e-02,6.150663e-02
800,layers.0.v_lut.lut_batched.weights,2.399064e+01,1.042264e+01,4.344459e-01
800,layers.0.v_lut.lut_batched.log_soft_score_temp,7.415892e-01,1.522529e-02,2.053063e-02
800,layers.0.v_lut.lut_batched.log_select_temp,7.270073e-01,8.031487e-03,1.104733e-02
800,layers.0.out_proj.compress.weight,8.637582e+00,5.352234e-01,6.196450e-02
800,layers.0.out_proj.compress.bias,4.899366e-01,7.857868e-03,1.603854e-02
800,layers.0.out_proj.lut_batched.weights,1.437940e+01,8.205462e+00,5.706400e-01
800,layers.0.out_proj.lut_batched.log_soft_score_temp,7.652670e-01,1.494181e-02,1.952496e-02
800,layers.0.out_proj.lut_batched.log_select_temp,7.752902e-01,2.268523e-02,2.926031e-02
800,layers.0.out_proj.decompress.weight,1.147613e+01,1.082243e+00,9.430384e-02
800,layers.0.out_proj.decompress.bias,5.782913e-01,1.015685e-02,1.756355e-02
800,layers.0.q_norm.weight,8.547409e+00,1.694221e-01,1.982146e-02
800,layers.0.q_norm.bias,2.937327e-01,9.224354e-02,3.140391e-01
800,layers.0.k_norm.weight,8.548088e+00,1.678671e-01,1.963797e-02
800,layers.0.k_norm.bias,2.596403e-01,8.632221e-02,3.324685e-01
800,layers.0.ln_pre.weight,1.991287e+01,7.542177e-02,3.787589e-03
800,layers.0.ln_pre.bias,1.355572e-01,4.286705e-02,3.162285e-01
800,layers.1.q_lut.compress.weight,9.872698e+00,1.031931e+00,1.045237e-01
800,layers.1.q_lut.compress.bias,4.871478e-01,2.654183e-02,5.448413e-02
800,layers.1.q_lut.lut_batched.weights,1.966144e+01,1.084337e+01,5.515041e-01
800,layers.1.q_lut.lut_batched.log_soft_score_temp,7.361258e-01,2.248466e-03,3.054459e-03
800,layers.1.q_lut.lut_batched.log_select_temp,7.966796e-01,3.102612e-02,3.894430e-02
800,layers.1.k_lut.compress.weight,9.826468e+00,9.917300e-01,1.009244e-01
800,layers.1.k_lut.compress.bias,4.983878e-01,3.226550e-02,6.473974e-02
800,layers.1.k_lut.lut_batched.weights,1.905234e+01,1.069090e+01,5.611332e-01
800,layers.1.k_lut.lut_batched.log_soft_score_temp,6.943434e-01,1.505476e-02,2.168201e-02
800,layers.1.k_lut.lut_batched.log_select_temp,7.676626e-01,2.285236e-02,2.976876e-02
800,layers.1.v_lut.compress.weight,1.006805e+01,9.004032e-01,8.943178e-02
800,layers.1.v_lut.compress.bias,4.809170e-01,1.617854e-02,3.364103e-02
800,layers.1.v_lut.lut_batched.weights,2.157999e+01,1.096017e+01,5.078854e-01
800,layers.1.v_lut.lut_batched.log_soft_score_temp,7.605374e-01,1.726985e-02,2.270743e-02
800,layers.1.v_lut.lut_batched.log_select_temp,7.673013e-01,2.450764e-02,3.194005e-02
800,layers.1.out_proj.compress.weight,8.580055e+00,7.009943e-01,8.170044e-02
800,layers.1.out_proj.compress.bias,4.467361e-01,7.003308e-03,1.567661e-02
800,layers.1.out_proj.lut_batched.weights,1.329698e+01,7.621146e+00,5.731486e-01
800,layers.1.out_proj.lut_batched.log_soft_score_temp,7.734367e-01,2.118546e-02,2.739133e-02
800,layers.1.out_proj.lut_batched.log_select_temp,7.888117e-01,3.078294e-02,3.902444e-02
800,layers.1.out_proj.decompress.weight,1.114745e+01,1.178819e+00,1.057479e-01
800,layers.1.out_proj.decompress.bias,5.769777e-01,1.085275e-02,1.880966e-02
800,layers.1.q_norm.weight,8.379060e+00,1.043644e-01,1.245539e-02
800,layers.1.q_norm.bias,2.383513e-01,6.131697e-02,2.572547e-01
800,layers.1.k_norm.weight,8.361874e+00,9.764754e-02,1.167771e-02
800,layers.1.k_norm.bias,3.659950e-01,1.056410e-01,2.886404e-01
800,layers.1.ln_pre.weight,1.972498e+01,5.656444e-02,2.867655e-03
800,layers.1.ln_pre.bias,8.864100e-02,1.888996e-02,2.131063e-01
800,layers.2.q_lut.compress.weight,9.890264e+00,1.082576e+00,1.094587e-01
800,layers.2.q_lut.compress.bias,5.268533e-01,2.722504e-02,5.167480e-02
800,layers.2.q_lut.lut_batched.weights,1.997296e+01,1.096070e+01,5.487769e-01
800,layers.2.q_lut.lut_batched.log_soft_score_temp,6.969726e-01,1.317525e-02,1.890354e-02
800,layers.2.q_lut.lut_batched.log_select_temp,7.655761e-01,2.785712e-02,3.638714e-02
800,layers.2.k_lut.compress.weight,9.798751e+00,9.677381e-01,9.876137e-02
800,layers.2.k_lut.compress.bias,5.142734e-01,3.121109e-02,6.068969e-02
800,layers.2.k_lut.lut_batched.weights,1.934998e+01,1.076586e+01,5.563758e-01
800,layers.2.k_lut.lut_batched.log_soft_score_temp,6.811171e-01,2.167505e-02,3.182279e-02
800,layers.2.k_lut.lut_batched.log_select_temp,7.764573e-01,2.510273e-02,3.232983e-02
800,layers.2.v_lut.compress.weight,9.964088e+00,8.564110e-01,8.594976e-02
800,layers.2.v_lut.compress.bias,5.059868e-01,1.579570e-02,3.121762e-02
800,layers.2.v_lut.lut_batched.weights,2.370187e+01,1.120279e+01,4.726542e-01
800,layers.2.v_lut.lut_batched.log_soft_score_temp,7.206026e-01,8.620501e-03,1.196290e-02
800,layers.2.v_lut.lut_batched.log_select_temp,7.227081e-01,1.097685e-02,1.518850e-02
800,layers.2.out_proj.compress.weight,8.367228e+00,7.002054e-01,8.368428e-02
800,layers.2.out_proj.compress.bias,4.261804e-01,6.347687e-03,1.489437e-02
800,layers.2.out_proj.lut_batched.weights,1.146775e+01,7.267363e+00,6.337218e-01
800,layers.2.out_proj.lut_batched.log_soft_score_temp,7.540049e-01,2.072442e-02,2.748578e-02
800,layers.2.out_proj.lut_batched.log_select_temp,7.703567e-01,2.886838e-02,3.747404e-02
800,layers.2.out_proj.decompress.weight,1.093965e+01,1.228983e+00,1.123420e-01
800,layers.2.out_proj.decompress.bias,5.865692e-01,1.156517e-02,1.971664e-02
800,layers.2.q_norm.weight,8.318402e+00,1.056968e-01,1.270638e-02
800,layers.2.q_norm.bias,1.815827e-01,5.449677e-02,3.001210e-01
800,layers.2.k_norm.weight,8.294458e+00,9.845966e-02,1.187054e-02
800,layers.2.k_norm.bias,2.881322e-01,1.009414e-01,3.503300e-01
800,layers.2.ln_pre.weight,1.969864e+01,5.604146e-02,2.844941e-03
800,layers.2.ln_pre.bias,1.046677e-01,1.984839e-02,1.896324e-01
800,layers.3.q_lut.compress.weight,9.848311e+00,1.098647e+00,1.115569e-01
800,layers.3.q_lut.compress.bias,4.967537e-01,3.289720e-02,6.622436e-02
800,layers.3.q_lut.lut_batched.weights,2.060692e+01,1.123864e+01,5.453820e-01
800,layers.3.q_lut.lut_batched.log_soft_score_temp,6.765811e-01,2.600080e-02,3.842968e-02
800,layers.3.q_lut.lut_batched.log_select_temp,7.731098e-01,2.497298e-02,3.230198e-02
800,layers.3.k_lut.compress.weight,9.803781e+00,9.112980e-01,9.295374e-02
800,layers.3.k_lut.compress.bias,5.205311e-01,3.031548e-02,5.823953e-02
800,layers.3.k_lut.lut_batched.weights,1.980165e+01,1.088039e+01,5.494690e-01
800,layers.3.k_lut.lut_batched.log_soft_score_temp,6.998731e-01,1.249856e-02,1.785832e-02
800,layers.3.k_lut.lut_batched.log_select_temp,7.606447e-01,2.558398e-02,3.363460e-02
800,layers.3.v_lut.compress.weight,9.935106e+00,7.915333e-01,7.967034e-02
800,layers.3.v_lut.compress.bias,5.038857e-01,1.453703e-02,2.884985e-02
800,layers.3.v_lut.lut_batched.weights,2.309243e+01,1.099649e+01,4.761944e-01
800,layers.3.v_lut.lut_batched.log_soft_score_temp,7.225634e-01,9.178996e-03,1.270338e-02
800,layers.3.v_lut.lut_batched.log_select_temp,7.218185e-01,1.013350e-02,1.403885e-02
800,layers.3.out_proj.compress.weight,8.337619e+00,7.446184e-01,8.930828e-02
800,layers.3.out_proj.compress.bias,4.345608e-01,7.546546e-03,1.736591e-02
800,layers.3.out_proj.lut_batched.weights,1.050992e+01,7.081466e+00,6.737887e-01
800,layers.3.out_proj.lut_batched.log_soft_score_temp,7.313985e-01,1.234329e-02,1.687628e-02
800,layers.3.out_proj.lut_batched.log_select_temp,7.530563e-01,2.164716e-02,2.874573e-02
800,layers.3.out_proj.decompress.weight,1.067990e+01,1.290093e+00,1.207963e-01
800,layers.3.out_proj.decompress.bias,5.616876e-01,1.240049e-02,2.207720e-02
800,layers.3.q_norm.weight,8.168257e+00,5.994701e-02,7.339022e-03
800,layers.3.q_norm.bias,1.346367e-01,4.111623e-02,3.053866e-01
800,layers.3.k_norm.weight,8.157696e+00,5.506043e-02,6.749507e-03
800,layers.3.k_norm.bias,2.239983e-01,6.766107e-02,3.020606e-01
800,layers.3.ln_pre.weight,1.968067e+01,5.084834e-02,2.583669e-03
800,layers.3.ln_pre.bias,9.825207e-02,2.164379e-02,2.202884e-01
800,layers.4.q_lut.compress.weight,9.852597e+00,1.127891e+00,1.144765e-01
800,layers.4.q_lut.compress.bias,5.383569e-01,3.170935e-02,5.890025e-02
800,layers.4.q_lut.lut_batched.weights,1.984672e+01,1.101730e+01,5.551194e-01
800,layers.4.q_lut.lut_batched.log_soft_score_temp,6.767454e-01,2.027315e-02,2.995683e-02
800,layers.4.q_lut.lut_batched.log_select_temp,7.397298e-01,1.642466e-02,2.220359e-02
800,layers.4.k_lut.compress.weight,9.814412e+00,1.001486e+00,1.020424e-01
800,layers.4.k_lut.compress.bias,5.305014e-01,3.506297e-02,6.609401e-02
800,layers.4.k_lut.lut_batched.weights,1.991947e+01,1.086171e+01,5.452813e-01
800,layers.4.k_lut.lut_batched.log_soft_score_temp,6.728314e-01,1.950997e-02,2.899682e-02
800,layers.4.k_lut.lut_batched.log_select_temp,7.386175e-01,2.445686e-02,3.311167e-02
800,layers.4.v_lut.compress.weight,9.918933e+00,8.606195e-01,8.676534e-02
800,layers.4.v_lut.compress.bias,5.084943e-01,1.556042e-02,3.060096e-02
800,layers.4.v_lut.lut_batched.weights,2.365024e+01,1.110145e+01,4.694014e-01
800,layers.4.v_lut.lut_batched.log_soft_score_temp,7.187482e-01,8.254170e-03,1.148409e-02
800,layers.4.v_lut.lut_batched.log_select_temp,7.189103e-01,9.413719e-03,1.309443e-02
800,layers.4.out_proj.compress.weight,8.227248e+00,7.151656e-01,8.692646e-02
800,layers.4.out_proj.compress.bias,4.229598e-01,6.959180e-03,1.645353e-02
800,layers.4.out_proj.lut_batched.weights,1.050042e+01,7.073966e+00,6.736842e-01
800,layers.4.out_proj.lut_batched.log_soft_score_temp,7.203508e-01,9.769261e-03,1.356181e-02
800,layers.4.out_proj.lut_batched.log_select_temp,7.446510e-01,2.102906e-02,2.824015e-02
800,layers.4.out_proj.decompress.weight,1.045843e+01,1.300075e+00,1.243089e-01
800,layers.4.out_proj.decompress.bias,5.844775e-01,1.355193e-02,2.318640e-02
800,layers.4.q_norm.weight,8.182635e+00,7.713361e-02,9.426500e-03
800,layers.4.q_norm.bias,1.186846e-01,3.528176e-02,2.972732e-01
800,layers.4.k_norm.weight,8.177165e+00,7.358385e-02,8.998699e-03
800,layers.4.k_norm.bias,2.941937e-01,8.345841e-02,2.836852e-01
800,layers.4.ln_pre.weight,1.965458e+01,5.683693e-02,2.891791e-03
800,layers.4.ln_pre.bias,1.184365e-01,2.881989e-02,2.433362e-01
800,layers.5.q_lut.compress.weight,9.826068e+00,1.139138e+00,1.159302e-01
800,layers.5.q_lut.compress.bias,5.184740e-01,3.726660e-02,7.187747e-02
800,layers.5.q_lut.lut_batched.weights,2.039408e+01,1.101583e+01,5.401484e-01
800,layers.5.q_lut.lut_batched.log_soft_score_temp,6.832196e-01,1.385927e-02,2.028524e-02
800,layers.5.q_lut.lut_batched.log_select_temp,7.255046e-01,1.309597e-02,1.805085e-02
800,layers.5.k_lut.compress.weight,9.796410e+00,9.855930e-01,1.006076e-01
800,layers.5.k_lut.compress.bias,5.072347e-01,3.097217e-02,6.106082e-02
800,layers.5.k_lut.lut_batched.weights,2.045097e+01,1.083896e+01,5.299976e-01
800,layers.5.k_lut.lut_batched.log_soft_score_temp,6.913371e-01,1.455659e-02,2.105570e-02
800,layers.5.k_lut.lut_batched.log_select_temp,7.437559e-01,2.056754e-02,2.765361e-02
800,layers.5.v_lut.compress.weight,9.929808e+00,8.367812e-01,8.426963e-02
800,layers.5.v_lut.compress.bias,5.198177e-01,1.553341e-02,2.988241e-02
800,layers.5.v_lut.lut_batched.weights,2.696549e+01,1.109533e+01,4.114640e-01
800,layers.5.v_lut.lut_batched.log_soft_score_temp,7.149277e-01,6.261349e-03,8.758016e-03
800,layers.5.v_lut.lut_batched.log_select_temp,7.143772e-01,6.277084e-03,8.786792e-03
800,layers.5.out_proj.compress.weight,8.145501e+00,7.595713e-01,9.325040e-02
800,layers.5.out_proj.compress.bias,4.133706e-01,9.767345e-03,2.362854e-02
800,layers.5.out_proj.lut_batched.weights,1.023306e+01,7.153046e+00,6.990137e-01
800,layers.5.out_proj.lut_batched.log_soft_score_temp,7.074392e-01,1.128924e-02,1.595789e-02
800,layers.5.out_proj.lut_batched.log_select_temp,7.299100e-01,2.061969e-02,2.824964e-02
800,layers.5.out_proj.decompress.weight,1.032500e+01,1.342996e+00,1.300723e-01
800,layers.5.out_proj.decompress.bias,5.735265e-01,1.527012e-02,2.662497e-02
800,layers.5.q_norm.weight,8.092600e+00,3.618708e-02,4.471626e-03
800,layers.5.q_norm.bias,8.065996e-02,2.745326e-02,3.403580e-01
800,layers.5.k_norm.weight,8.081731e+00,3.254759e-02,4.027304e-03
800,layers.5.k_norm.bias,1.469820e-01,4.575636e-02,3.113059e-01
800,layers.5.ln_pre.weight,1.966545e+01,5.181599e-02,2.634874e-03
800,layers.5.ln_pre.bias,1.275251e-01,2.527560e-02,1.982010e-01
800,ln_final.weight,2.243350e+01,9.259033e-01,4.127324e-02
800,ln_final.bias,1.334716e+00,2.535108e-01,1.899361e-01
800,unembedder.weight,1.343747e+02,2.348809e+01,1.747955e-01
1000,tok_emb_E.weight,2.086542e+02,1.407107e+01,6.743731e-02
1000,layers.0.q_lut.compress.weight,1.007449e+01,9.240759e-01,9.172433e-02
1000,layers.0.q_lut.compress.bias,5.144013e-01,4.269497e-02,8.299936e-02
1000,layers.0.q_lut.lut_batched.weights,2.219691e+01,8.953176e+00,4.033523e-01
1000,layers.0.q_lut.lut_batched.log_soft_score_temp,8.269085e-01,3.698760e-02,4.472998e-02
1000,layers.0.q_lut.lut_batched.log_select_temp,8.290063e-01,4.093039e-02,4.937284e-02
1000,layers.0.k_lut.compress.weight,9.911729e+00,1.065263e+00,1.074750e-01
1000,layers.0.k_lut.compress.bias,4.699003e-01,4.784079e-02,1.018105e-01
1000,layers.0.k_lut.lut_batched.weights,2.215149e+01,9.561934e+00,4.316609e-01
1000,layers.0.k_lut.lut_batched.log_soft_score_temp,7.296148e-01,1.188284e-02,1.628646e-02
1000,layers.0.k_lut.lut_batched.log_select_temp,7.401518e-01,1.746094e-02,2.359103e-02
1000,layers.0.v_lut.compress.weight,1.057697e+01,9.522861e-01,9.003395e-02
1000,layers.0.v_lut.compress.bias,5.173117e-01,3.136865e-02,6.063781e-02
1000,layers.0.v_lut.lut_batched.weights,2.740336e+01,9.594278e+00,3.501132e-01
1000,layers.0.v_lut.lut_batched.log_soft_score_temp,7.570004e-01,1.541120e-02,2.035824e-02
1000,layers.0.v_lut.lut_batched.log_select_temp,7.357051e-01,8.697808e-03,1.182241e-02
1000,layers.0.out_proj.compress.weight,8.655347e+00,5.022243e-01,5.802475e-02
1000,layers.0.out_proj.compress.bias,4.905082e-01,6.413408e-03,1.307503e-02
1000,layers.0.out_proj.lut_batched.weights,1.692567e+01,8.194066e+00,4.841206e-01
1000,layers.0.out_proj.lut_batched.log_soft_score_temp,7.769714e-01,1.170439e-02,1.506411e-02
1000,layers.0.out_proj.lut_batched.log_select_temp,7.975336e-01,2.224344e-02,2.789028e-02
1000,layers.0.out_proj.decompress.weight,1.132774e+01,9.508159e-01,8.393692e-02
1000,layers.0.out_proj.decompress.bias,5.751557e-01,9.085749e-03,1.579702e-02
1000,layers.0.q_norm.weight,8.670516e+00,1.417868e-01,1.635275e-02
1000,layers.0.q_norm.bias,3.633907e-01,7.205520e-02,1.982857e-01
1000,layers.0.k_norm.weight,8.671576e+00,1.411469e-01,1.627696e-02
1000,layers.0.k_norm.bias,3.253978e-01,7.121415e-02,2.188526e-01
1000,layers.0.ln_pre.weight,1.995875e+01,6.778527e-02,3.396269e-03
1000,layers.0.ln_pre.bias,1.472832e-01,4.010310e-02,2.722856e-01
1000,layers.1.q_lut.compress.weight,9.891484e+00,9.744681e-01,9.851586e-02
1000,layers.1.q_lut.compress.bias,4.879417e-01,2.653297e-02,5.437734e-02
1000,layers.1.q_lut.lut_batched.weights,2.270923e+01,1.035513e+01,4.559876e-01
1000,layers.1.q_lut.lut_batched.log_soft_score_temp,7.263336e-01,9.792209e-03,1.348170e-02
1000,layers.1.q_lut.lut_batched.log_select_temp,8.259529e-01,2.927333e-02,3.544189e-02
1000,layers.1.k_lut.compress.weight,9.841193e+00,9.557375e-01,9.711602e-02
1000,layers.1.k_lut.compress.bias,5.010251e-01,3.428822e-02,6.843612e-02
1000,layers.1.k_lut.lut_batched.weights,2.208005e+01,1.026883e+01,4.650730e-01
1000,layers.1.k_lut.lut_batched.log_soft_score_temp,6.685107e-01,2.583271e-02,3.864218e-02
1000,layers.1.k_lut.lut_batched.log_select_temp,7.864873e-01,1.882464e-02,2.393508e-02
1000,layers.1.v_lut.compress.weight,1.008227e+01,8.395199e-01,8.326696e-02
1000,layers.1.v_lut.compress.bias,4.806633e-01,1.569640e-02,3.265570e-02
1000,layers.1.v_lut.lut_batched.weights,2.465035e+01,1.025948e+01,4.162003e-01
1000,layers.1.v_lut.lut_batched.log_soft_score_temp,7.732092e-01,1.267171e-02,1.638846e-02
1000,layers.1.v_lut.lut_batched.log_select_temp,7.927835e-01,2.548224e-02,3.214274e-02
1000,layers.1.out_proj.compress.weight,8.615660e+00,6.397123e-01,7.424995e-02
1000,layers.1.out_proj.compress.bias,4.468253e-01,6.732986e-03,1.506850e-02
1000,layers.1.out_proj.lut_batched.weights,1.463307e+01,7.129305e+00,4.872051e-01
1000,layers.1.out_proj.lut_batched.log_soft_score_temp,7.873974e-01,1.396078e-02,1.773028e-02
1000,layers.1.out_proj.lut_batched.log_select_temp,8.170465e-01,2.823478e-02,3.455713e-02
1000,layers.1.out_proj.decompress.weight,1.088504e+01,1.070259e+00,9.832385e-02
1000,layers.1.out_proj.decompress.bias,5.743911e-01,9.660825e-03,1.681925e-02
1000,layers.1.q_norm.weight,8.445429e+00,7.847807e-02,9.292372e-03
1000,layers.1.q_norm.bias,2.861569e-01,4.975536e-02,1.738744e-01
1000,layers.1.k_norm.weight,8.423565e+00,7.351296e-02,8.727060e-03
1000,layers.1.k_norm.bias,4.507358e-01,9.013034e-02,1.999627e-01
1000,layers.1.ln_pre.weight,1.972657e+01,5.002084e-02,2.535708e-03
1000,layers.1.ln_pre.bias,9.174825e-02,1.783068e-02,1.943436e-01
1000,layers.2.q_lut.compress.weight,9.907528e+00,1.029480e+00,1.039089e-01
1000,layers.2.q_lut.compress.bias,5.285828e-01,2.831998e-02,5.357719e-02
1000,layers.2.q_lut.lut_batched.weights,2.296093e+01,1.050521e+01,4.575253e-01
1000,layers.2.q_lut.lut_batched.log_soft_score_temp,6.701178e-01,2.685481e-02,4.007476e-02
1000,layers.2.q_lut.lut_batched.log_select_temp,7.907603e-01,2.518421e-02,3.184810e-02
1000,layers.2.k_lut.compress.weight,9.808568e+00,9.458165e-01,9.642758e-02
1000,layers.2.k_lut.compress.bias,5.192043e-01,2.898756e-02,5.583075e-02
1000,layers.2.k_lut.lut_batched.weights,2.231694e+01,1.033484e+01,4.630939e-01
1000,layers.2.k_lut.lut_batched.log_soft_score_temp,6.494771e-01,3.163999e-02,4.871610e-02
1000,layers.2.k_lut.lut_batched.log_select_temp,7.957975e-01,1.934016e-02,2.430286e-02
1000,layers.2.v_lut.compress.weight,9.978843e+00,8.137055e-01,8.154307e-02
1000,layers.2.v_lut.compress.bias,5.058529e-01,1.286354e-02,2.542940e-02
1000,layers.2.v_lut.lut_batched.weights,2.670038e+01,1.044715e+01,3.912735e-01
1000,layers.2.v_lut.lut_batched.log_soft_score_temp,7.298416e-01,9.239018e-03,1.265893e-02
1000,layers.2.v_lut.lut_batched.log_select_temp,7.375063e-01,1.479822e-02,2.006522e-02
1000,layers.2.out_proj.compress.weight,8.433216e+00,6.492570e-01,7.698807e-02
1000,layers.2.out_proj.compress.bias,4.254866e-01,6.708188e-03,1.576592e-02
1000,layers.2.out_proj.lut_batched.weights,1.267405e+01,6.915656e+00,5.456546e-01
1000,layers.2.out_proj.lut_batched.log_soft_score_temp,7.752677e-01,2.126282e-02,2.742643e-02
1000,layers.2.out_proj.lut_batched.log_select_temp,8.032857e-01,3.292894e-02,4.099282e-02
1000,layers.2.out_proj.decompress.weight,1.064821e+01,1.125895e+00,1.057356e-01
1000,layers.2.out_proj.decompress.bias,5.833093e-01,1.073973e-02,1.841172e-02
1000,layers.2.q_norm.weight,8.399393e+00,9.794729e-02,1.166123e-02
1000,layers.2.q_norm.bias,2.257974e-01,4.695527e-02,2.079531e-01
1000,layers.2.k_norm.weight,8.370753e+00,9.091865e-02,1.086147e-02
1000,layers.2.k_norm.bias,3.714245e-01,8.775014e-02,2.362529e-01
1000,layers.2.ln_pre.weight,1.970123e+01,4.754005e-02,2.413050e-03
1000,layers.2.ln_pre.bias,1.097971e-01,1.805714e-02,1.644592e-01
1000,layers.3.q_lut.compress.weight,9.866788e+00,1.055990e+00,1.070247e-01
1000,layers.3.q_lut.compress.bias,4.999462e-01,3.404546e-02,6.809824e-02
1000,layers.3.q_lut.lut_batched.weights,2.358449e+01,1.070168e+01,4.537593e-01
1000,layers.3.q_lut.lut_batched.log_soft_score_temp,6.422412e-01,3.433990e-02,5.346886e-02
1000,layers.3.q_lut.lut_batched.log_select_temp,7.946067e-01,2.149689e-02,2.705350e-02
1000,layers.3.k_lut.compress.weight,9.810741e+00,8.772449e-01,8.941678e-02
1000,layers.3.k_lut.compress.bias,5.220078e-01,3.089976e-02,5.919405e-02
1000,layers.3.k_lut.lut_batched.weights,2.278683e+01,1.042543e+01,4.575199e-01
1000,layers.3.k_lut.lut_batched.log_soft_score_temp,6.804747e-01,1.939845e-02,2.850723e-02
1000,layers.3.k_lut.lut_batched.log_select_temp,7.819229e-01,2.127826e-02,2.721274e-02
1000,layers.3.v_lut.compress.weight,9.940528e+00,7.228997e-01,7.272246e-02
1000,layers.3.v_lut.compress.bias,5.037866e-01,1.279339e-02,2.539447e-02
1000,layers.3.v_lut.lut_batched.weights,2.597209e+01,1.018049e+01,3.919781e-01
1000,layers.3.v_lut.lut_batched.log_soft_score_temp,7.326345e-01,1.007110e-02,1.374642e-02
1000,layers.3.v_lut.lut_batched.log_select_temp,7.350392e-01,1.322067e-02,1.798634e-02
1000,layers.3.out_proj.compress.weight,8.400168e+00,6.832581e-01,8.133861e-02
1000,layers.3.out_proj.compress.bias,4.328753e-01,5.836599e-03,1.348333e-02
1000,layers.3.out_proj.lut_batched.weights,1.149394e+01,6.820742e+00,5.934209e-01
1000,layers.3.out_proj.lut_batched.log_soft_score_temp,7.454155e-01,1.401699e-02,1.880426e-02
1000,layers.3.out_proj.lut_batched.log_select_temp,7.792778e-01,2.622145e-02,3.364840e-02
1000,layers.3.out_proj.decompress.weight,1.033421e+01,1.195734e+00,1.157064e-01
1000,layers.3.out_proj.decompress.bias,5.590194e-01,1.199807e-02,2.146270e-02
1000,layers.3.q_norm.weight,8.207704e+00,5.127669e-02,6.247386e-03
1000,layers.3.q_norm.bias,1.662393e-01,3.509504e-02,2.111115e-01
1000,layers.3.k_norm.weight,8.194447e+00,4.716547e-02,5.755784e-03
1000,layers.3.k_norm.bias,2.741275e-01,5.609630e-02,2.046358e-01
1000,layers.3.ln_pre.weight,1.968459e+01,4.710345e-02,2.392910e-03
1000,layers.3.ln_pre.bias,1.072890e-01,1.883673e-02,1.755700e-01
1000,layers.4.q_lut.compress.weight,9.869815e+00,1.073984e+00,1.088150e-01
1000,layers.4.q_lut.compress.bias,5.426317e-01,3.606865e-02,6.646986e-02
1000,layers.4.q_lut.lut_batched.weights,2.286843e+01,1.059931e+01,4.634908e-01
1000,layers.4.q_lut.lut_batched.log_soft_score_temp,6.518966e-01,2.484882e-02,3.811773e-02
1000,layers.4.q_lut.lut_batched.log_select_temp,7.571692e-01,1.743942e-02,2.303240e-02
1000,layers.4.k_lut.compress.weight,9.823342e+00,9.516060e-01,9.687191e-02
1000,layers.4.k_lut.compress.bias,5.341464e-01,3.538919e-02,6.625373e-02
1000,layers.4.k_lut.lut_batched.weights,2.283348e+01,1.040761e+01,4.558048e-01
1000,layers.4.k_lut.lut_batched.log_soft_score_temp,6.455997e-01,2.723169e-02,4.218046e-02
1000,layers.4.k_lut.lut_batched.log_select_temp,7.589037e-01,2.028614e-02,2.673085e-02
1000,layers.4.v_lut.compress.weight,9.925573e+00,7.850875e-01,7.909745e-02
1000,layers.4.v_lut.compress.bias,5.093879e-01,1.444133e-02,2.835035e-02
1000,layers.4.v_lut.lut_batched.weights,2.644262e+01,1.024006e+01,3.872560e-01
1000,layers.4.v_lut.lut_batched.log_soft_score_temp,7.260488e-01,7.300556e-03,1.005519e-02
1000,layers.4.v_lut.lut_batched.log_select_temp,7.294331e-01,1.052272e-02,1.442589e-02
1000,layers.4.out_proj.compress.weight,8.272789e+00,6.594158e-01,7.970901e-02
1000,layers.4.out_proj.compress.bias,4.218467e-01,6.416938e-03,1.521154e-02
1000,layers.4.out_proj.lut_batched.weights,1.140860e+01,6.820889e+00,5.978724e-01
1000,layers.4.out_proj.lut_batched.log_soft_score_temp,7.286407e-01,8.289933e-03,1.137726e-02
1000,layers.4.out_proj.lut_batched.log_select_temp,7.672752e-01,2.262419e-02,2.948642e-02
1000,layers.4.out_proj.decompress.weight,1.007857e+01,1.195213e+00,1.185896e-01
1000,layers.4.out_proj.decompress.bias,5.818809e-01,1.425417e-02,2.449672e-02
1000,layers.4.q_norm.weight,8.227884e+00,6.122500e-02,7.441159e-03
1000,layers.4.q_norm.bias,1.485837e-01,3.265128e-02,2.197501e-01
1000,layers.4.k_norm.weight,8.218558e+00,5.946426e-02,7.235364e-03
1000,layers.4.k_norm.bias,3.625662e-01,7.554292e-02,2.083562e-01
1000,layers.4.ln_pre.weight,1.965344e+01,5.048725e-02,2.568876e-03
1000,layers.4.ln_pre.bias,1.374808e-01,2.727594e-02,1.983982e-01
1000,layers.5.q_lut.compress.weight,9.842196e+00,1.103708e+00,1.121404e-01
1000,layers.5.q_lut.compress.bias,5.219027e-01,3.297693e-02,6.318596e-02
1000,layers.5.q_lut.lut_batched.weights,2.328812e+01,1.062667e+01,4.563129e-01
1000,layers.5.q_lut.lut_batched.log_soft_score_temp,6.626877e-01,2.053195e-02,3.098285e-02
1000,layers.5.q_lut.lut_batched.log_select_temp,7.386370e-01,1.313239e-02,1.777923e-02
1000,layers.5.k_lut.compress.weight,9.805758e+00,9.499170e-01,9.687338e-02
1000,layers.5.k_lut.compress.bias,5.093415e-01,3.051670e-02,5.991402e-02
1000,layers.5.k_lut.lut_batched.weights,2.328973e+01,1.045194e+01,4.487788e-01
1000,layers.5.k_lut.lut_batched.log_soft_score_temp,6.652372e-01,2.609992e-02,3.923401e-02
1000,layers.5.k_lut.lut_batched.log_select_temp,7.644730e-01,2.071708e-02,2.709982e-02
1000,layers.5.v_lut.compress.weight,9.936132e+00,7.563727e-01,7.612345e-02
1000,layers.5.v_lut.compress.bias,5.209137e-01,1.316680e-02,2.527635e-02
1000,layers.5.v_lut.lut_batched.weights,2.935167e+01,1.026163e+01,3.496098e-01
1000,layers.5.v_lut.lut_batched.log_soft_score_temp,7.222419e-01,7.314205e-03,1.012708e-02
1000,layers.5.v_lut.lut_batched.log_select_temp,7.223350e-01,7.957757e-03,1.101671e-02
1000,layers.5.out_proj.compress.weight,8.217973e+00,6.892990e-01,8.387702e-02
1000,layers.5.out_proj.compress.bias,4.100779e-01,7.468813e-03,1.821316e-02
1000,layers.5.out_proj.lut_batched.weights,1.129438e+01,6.931702e+00,6.137299e-01
1000,layers.5.out_proj.lut_batched.log_soft_score_temp,7.192048e-01,1.176560e-02,1.635918e-02
1000,layers.5.out_proj.lut_batched.log_select_temp,7.525870e-01,2.267700e-02,3.013207e-02
1000,layers.5.out_proj.decompress.weight,1.001893e+01,1.201062e+00,1.198792e-01
1000,layers.5.out_proj.decompress.bias,5.688794e-01,1.751664e-02,3.079147e-02
1000,layers.5.q_norm.weight,8.107003e+00,3.005940e-02,3.707831e-03
1000,layers.5.q_norm.bias,9.929329e-02,2.295496e-02,2.311834e-01
1000,layers.5.k_norm.weight,8.095685e+00,2.905202e-02,3.588581e-03
1000,layers.5.k_norm.bias,1.720544e-01,3.505558e-02,2.037471e-01
1000,layers.5.ln_pre.weight,1.966893e+01,4.916269e-02,2.499511e-03
1000,layers.5.ln_pre.bias,1.411817e-01,1.982903e-02,1.404504e-01
1000,ln_final.weight,2.336175e+01,9.289628e-01,3.976427e-02
1000,ln_final.bias,1.532056e+00,2.243318e-01,1.464253e-01
1000,unembedder.weight,1.414117e+02,2.050503e+01,1.450023e-01
1200,tok_emb_E.weight,2.100418e+02,1.297194e+01,6.175885e-02
1200,layers.0.q_lut.compress.weight,1.012209e+01,8.840896e-01,8.734260e-02
1200,layers.0.q_lut.compress.bias,5.193483e-01,4.180982e-02,8.050440e-02
1200,layers.0.q_lut.lut_batched.weights,2.469088e+01,8.519323e+00,3.450393e-01
1200,layers.0.q_lut.lut_batched.log_soft_score_temp,8.588182e-01,3.190964e-02,3.715530e-02
1200,layers.0.q_lut.lut_batched.log_select_temp,8.674086e-01,3.840238e-02,4.427253e-02
1200,layers.0.k_lut.compress.weight,9.945745e+00,1.010110e+00,1.015621e-01
1200,layers.0.k_lut.compress.bias,4.715335e-01,4.837961e-02,1.026006e-01
1200,layers.0.k_lut.lut_batched.weights,2.469147e+01,9.055956e+00,3.667646e-01
1200,layers.0.k_lut.lut_batched.log_soft_score_temp,7.423140e-01,1.269919e-02,1.710757e-02
1200,layers.0.k_lut.lut_batched.log_select_temp,7.607420e-01,2.059019e-02,2.706592e-02
1200,layers.0.v_lut.compress.weight,1.062663e+01,8.696494e-01,8.183682e-02
1200,layers.0.v_lut.compress.bias,5.165542e-01,2.815846e-02,5.451211e-02
1200,layers.0.v_lut.lut_batched.weights,3.005542e+01,8.899383e+00,2.960991e-01
1200,layers.0.v_lut.lut_batched.log_soft_score_temp,7.711233e-01,1.412284e-02,1.831464e-02
1200,layers.0.v_lut.lut_batched.log_select_temp,7.441124e-01,8.407295e-03,1.129842e-02
1200,layers.0.out_proj.compress.weight,8.664250e+00,4.854774e-01,5.603224e-02
1200,layers.0.out_proj.compress.bias,4.906334e-01,6.725687e-03,1.370817e-02
1200,layers.0.out_proj.lut_batched.weights,1.881218e+01,7.726248e+00,4.107047e-01
1200,layers.0.out_proj.lut_batched.log_soft_score_temp,7.842031e-01,7.231653e-03,9.221658e-03
1200,layers.0.out_proj.lut_batched.log_select_temp,8.175252e-01,1.999158e-02,2.445377e-02
1200,layers.0.out_proj.decompress.weight,1.115386e+01,8.764032e-01,7.857398e-02
1200,layers.0.out_proj.decompress.bias,5.720595e-01,8.293526e-03,1.449766e-02
1200,layers.0.q_norm.weight,8.765270e+00,1.103644e-01,1.259110e-02
1200,layers.0.q_norm.bias,4.181510e-01,5.721776e-02,1.368352e-01
1200,layers.0.k_norm.weight,8.765561e+00,1.084866e-01,1.237646e-02
1200,layers.0.k_norm.bias,3.769598e-01,5.495701e-02,1.457901e-01
1200,layers.0.ln_pre.weight,1.999628e+01,5.849457e-02,2.925272e-03
1200,layers.0.ln_pre.bias,1.550708e-01,3.936981e-02,2.538828e-01
1200,layers.1.q_lut.compress.weight,9.905844e+00,9.285053e-01,9.373309e-02
1200,layers.1.q_lut.compress.bias,4.882595e-01,2.617587e-02,5.361057e-02
1200,layers.1.q_lut.lut_batched.weights,2.518656e+01,9.857607e+00,3.913836e-01
1200,layers.1.q_lut.lut_batched.log_soft_score_temp,7.081757e-01,1.815790e-02,2.564039e-02
1200,layers.1.q_lut.lut_batched.log_select_temp,8.508540e-01,2.490109e-02,2.926600e-02
1200,layers.1.k_lut.compress.weight,9.853892e+00,9.227583e-01,9.364405e-02
1200,layers.1.k_lut.compress.bias,5.073953e-01,3.082527e-02,6.075199e-02
1200,layers.1.k_lut.lut_batched.weights,2.451665e+01,9.723309e+00,3.966001e-01
1200,layers.1.k_lut.lut_batched.log_soft_score_temp,6.443453e-01,2.416539e-02,3.750379e-02
1200,layers.1.k_lut.lut_batched.log_select_temp,8.042825e-01,1.779526e-02,2.212564e-02
1200,layers.1.v_lut.compress.weight,1.008813e+01,8.008635e-01,7.938675e-02
1200,layers.1.v_lut.compress.bias,4.807237e-01,1.458680e-02,3.034342e-02
1200,layers.1.v_lut.lut_batched.weights,2.704729e+01,9.647906e+00,3.567050e-01
1200,layers.1.v_lut.lut_batched.log_soft_score_temp,7.765521e-01,3.342927e-03,4.304832e-03
1200,layers.1.v_lut.lut_batched.log_select_temp,8.148661e-01,2.208263e-02,2.709970e-02
1200,layers.1.out_proj.compress.weight,8.629066e+00,5.825063e-01,6.750514e-02
1200,layers.1.out_proj.compress.bias,4.463444e-01,5.833940e-03,1.307049e-02
1200,layers.1.out_proj.lut_batched.weights,1.540875e+01,6.649031e+00,4.315100e-01
1200,layers.1.out_proj.lut_batched.log_soft_score_temp,7.928644e-01,5.466998e-03,6.895249e-03
1200,layers.1.out_proj.lut_batched.log_select_temp,8.430009e-01,2.595437e-02,3.078806e-02
1200,layers.1.out_proj.decompress.weight,1.059986e+01,1.008319e+00,9.512569e-02
1200,layers.1.out_proj.decompress.bias,5.715529e-01,9.547350e-03,1.670423e-02
1200,layers.1.q_norm.weight,8.497180e+00,6.141787e-02,7.228030e-03
1200,layers.1.q_norm.bias,3.245430e-01,4.011891e-02,1.236166e-01
1200,layers.1.k_norm.weight,8.471847e+00,5.818988e-02,6.868618e-03
1200,layers.1.k_norm.bias,5.179830e-01,7.237776e-02,1.397300e-01
1200,layers.1.ln_pre.weight,1.972261e+01,4.433113e-02,2.247732e-03
1200,layers.1.ln_pre.bias,9.691910e-02,1.596356e-02,1.647101e-01
1200,layers.2.q_lut.compress.weight,9.920900e+00,9.884537e-01,9.963347e-02
1200,layers.2.q_lut.compress.bias,5.317438e-01,2.607596e-02,4.903857e-02
1200,layers.2.q_lut.lut_batched.weights,2.536723e+01,9.955770e+00,3.924658e-01
1200,layers.2.q_lut.lut_batched.log_soft_score_temp,6.448657e-01,2.525210e-02,3.915870e-02
1200,layers.2.q_lut.lut_batched.log_select_temp,8.128996e-01,2.213925e-02,2.723492e-02
1200,layers.2.k_lut.compress.weight,9.815248e+00,9.075224e-01,9.246046e-02
1200,layers.2.k_lut.compress.bias,5.222851e-01,3.148613e-02,6.028533e-02
1200,layers.2.k_lut.lut_batched.weights,2.471027e+01,9.804626e+00,3.967834e-01
1200,layers.2.k_lut.lut_batched.log_soft_score_temp,6.135064e-01,3.597075e-02,5.863142e-02
1200,layers.2.k_lut.lut_batched.log_select_temp,8.137050e-01,1.790750e-02,2.200736e-02
1200,layers.2.v_lut.compress.weight,9.987463e+00,7.728057e-01,7.737758e-02
1200,layers.2.v_lut.compress.bias,5.061164e-01,1.294465e-02,2.557643e-02
1200,layers.2.v_lut.lut_batched.weights,2.916605e+01,9.747076e+00,3.341926e-01
1200,layers.2.v_lut.lut_batched.log_soft_score_temp,7.375503e-01,7.708609e-03,1.045164e-02
1200,layers.2.v_lut.lut_batched.log_select_temp,7.553755e-01,1.786917e-02,2.365602e-02
1200,layers.2.out_proj.compress.weight,8.479276e+00,6.025468e-01,7.106111e-02
1200,layers.2.out_proj.compress.bias,4.250925e-01,5.612900e-03,1.320395e-02
1200,layers.2.out_proj.lut_batched.weights,1.342082e+01,6.528090e+00,4.864151e-01
1200,layers.2.out_proj.lut_batched.log_soft_score_temp,7.943097e-01,1.904202e-02,2.397303e-02
1200,layers.2.out_proj.lut_batched.log_select_temp,8.381134e-01,3.482777e-02,4.155496e-02
1200,layers.2.out_proj.decompress.weight,1.034991e+01,1.039359e+00,1.004220e-01
1200,layers.2.out_proj.decompress.bias,5.802326e-01,1.037050e-02,1.787301e-02
1200,layers.2.q_norm.weight,8.468108e+00,8.268512e-02,9.764297e-03
1200,layers.2.q_norm.bias,2.645293e-01,4.109408e-02,1.553479e-01
1200,layers.2.k_norm.weight,8.435565e+00,7.735178e-02,9.169721e-03
1200,layers.2.k_norm.bias,4.445668e-01,7.742701e-02,1.741628e-01
1200,layers.2.ln_pre.weight,1.969796e+01,4.365829e-02,2.216387e-03
1200,layers.2.ln_pre.bias,1.131286e-01,1.683042e-02,1.487724e-01
1200,layers.3.q_lut.compress.weight,9.880054e+00,1.007888e+00,1.020124e-01
1200,layers.3.q_lut.compress.bias,5.044326e-01,3.236495e-02,6.416110e-02
1200,layers.3.q_lut.lut_batched.weights,2.600038e+01,1.011254e+01,3.889382e-01
1200,layers.3.q_lut.lut_batched.log_soft_score_temp,6.088530e-01,3.338820e-02,5.483786e-02
1200,layers.3.q_lut.lut_batched.log_select_temp,8.101490e-01,1.554227e-02,1.918446e-02
1200,layers.3.k_lut.compress.weight,9.815087e+00,8.489044e-01,8.648974e-02
1200,layers.3.k_lut.compress.bias,5.241665e-01,3.050980e-02,5.820631e-02
1200,layers.3.k_lut.lut_batched.weights,2.523686e+01,9.908981e+00,3.926392e-01
1200,layers.3.k_lut.lut_batched.log_soft_score_temp,6.564990e-01,2.397567e-02,3.652050e-02
1200,layers.3.k_lut.lut_batched.log_select_temp,7.972382e-01,1.531529e-02,1.921044e-02
1200,layers.3.v_lut.compress.weight,9.941786e+00,6.999488e-01,7.040474e-02
1200,layers.3.v_lut.compress.bias,5.035595e-01,1.168698e-02,2.320874e-02
1200,layers.3.v_lut.lut_batched.weights,2.835933e+01,9.479795e+00,3.342744e-01
1200,layers.3.v_lut.lut_batched.log_soft_score_temp,7.423188e-01,9.684324e-03,1.304604e-02
1200,layers.3.v_lut.lut_batched.log_select_temp,7.510889e-01,1.604974e-02,2.136863e-02
1200,layers.3.out_proj.compress.weight,8.447238e+00,6.335075e-01,7.499582e-02
1200,layers.3.out_proj.compress.bias,4.315248e-01,5.433356e-03,1.259106e-02
1200,layers.3.out_proj.lut_batched.weights,1.213425e+01,6.504070e+00,5.360094e-01
1200,layers.3.out_proj.lut_batched.log_soft_score_temp,7.562239e-01,1.080835e-02,1.429253e-02
1200,layers.3.out_proj.lut_batched.log_select_temp,8.025151e-01,2.323735e-02,2.895565e-02
1200,layers.3.out_proj.decompress.weight,1.000840e+01,1.100486e+00,1.099562e-01
1200,layers.3.out_proj.decompress.bias,5.565155e-01,1.169269e-02,2.101054e-02
1200,layers.3.q_norm.weight,8.243526e+00,4.699933e-02,5.701362e-03
1200,layers.3.q_norm.bias,1.966585e-01,3.391936e-02,1.724785e-01
1200,layers.3.k_norm.weight,8.228133e+00,4.365628e-02,5.305734e-03
1200,layers.3.k_norm.bias,3.171871e-01,5.282708e-02,1.665486e-01
1200,layers.3.ln_pre.weight,1.968300e+01,4.298606e-02,2.183918e-03
1200,layers.3.ln_pre.bias,1.142861e-01,1.576240e-02,1.379206e-01
1200,layers.4.q_lut.compress.weight,9.883517e+00,1.025885e+00,1.037976e-01
1200,layers.4.q_lut.compress.bias,5.439419e-01,3.159838e-02,5.809146e-02
1200,layers.4.q_lut.lut_batched.weights,2.532948e+01,1.005715e+01,3.970532e-01
1200,layers.4.q_lut.lut_batched.log_soft_score_temp,6.228537e-01,2.904290e-02,4.662877e-02
1200,layers.4.q_lut.lut_batched.log_select_temp,7.721291e-01,1.495987e-02,1.937483e-02
1200,layers.4.k_lut.compress.weight,9.828971e+00,9.138066e-01,9.297073e-02
1200,layers.4.k_lut.compress.bias,5.377811e-01,3.314489e-02,6.163269e-02
1200,layers.4.k_lut.lut_batched.weights,2.522783e+01,9.931246e+00,3.936624e-01
1200,layers.4.k_lut.lut_batched.log_soft_score_temp,6.136174e-01,3.198230e-02,5.212092e-02
1200,layers.4.k_lut.lut_batched.log_select_temp,7.792756e-01,2.037191e-02,2.614212e-02
1200,layers.4.v_lut.compress.weight,9.930071e+00,7.482463e-01,7.535156e-02
1200,layers.4.v_lut.compress.bias,5.091546e-01,1.385454e-02,2.721086e-02
1200,layers.4.v_lut.lut_batched.weights,2.878055e+01,9.550772e+00,3.318482e-01
1200,layers.4.v_lut.lut_batched.log_soft_score_temp,7.327943e-01,6.745517e-03,9.205199e-03
1200,layers.4.v_lut.lut_batched.log_select_temp,7.419150e-01,1.248199e-02,1.682401e-02
1200,layers.4.out_proj.compress.weight,8.311686e+00,6.090505e-01,7.327641e-02
1200,layers.4.out_proj.compress.bias,4.203692e-01,6.156970e-03,1.464658e-02
1200,layers.4.out_proj.lut_batched.weights,1.200276e+01,6.506398e+00,5.420752e-01
1200,layers.4.out_proj.lut_batched.log_soft_score_temp,7.355452e-01,6.904423e-03,9.386811e-03
1200,layers.4.out_proj.lut_batched.log_select_temp,7.874664e-01,2.019125e-02,2.564078e-02
1200,layers.4.out_proj.decompress.weight,9.720959e+00,1.099305e+00,1.130861e-01
1200,layers.4.out_proj.decompress.bias,5.785336e-01,1.370207e-02,2.368413e-02
1200,layers.4.q_norm.weight,8.261517e+00,4.549489e-02,5.506845e-03
1200,layers.4.q_norm.bias,1.720727e-01,2.709123e-02,1.574406e-01
1200,layers.4.k_norm.weight,8.249003e+00,4.491268e-02,5.444619e-03
1200,layers.4.k_norm.bias,4.142514e-01,5.664781e-02,1.367474e-01
1200,layers.4.ln_pre.weight,1.964923e+01,4.996188e-02,2.542690e-03
1200,layers.4.ln_pre.bias,1.496423e-01,2.152841e-02,1.438658e-01
1200,layers.5.q_lut.compress.weight,9.850609e+00,1.041717e+00,1.057515e-01
1200,layers.5.q_lut.compress.bias,5.250587e-01,3.485387e-02,6.638091e-02
1200,layers.5.q_lut.lut_batched.weights,2.564280e+01,1.011333e+01,3.943925e-01
1200,layers.5.q_lut.lut_batched.log_soft_score_temp,6.380808e-01,2.460688e-02,3.856390e-02
1200,layers.5.q_lut.lut_batched.log_select_temp,7.496148e-01,1.097780e-02,1.464459e-02
1200,layers.5.k_lut.compress.weight,9.810316e+00,9.098240e-01,9.274155e-02
1200,layers.5.k_lut.compress.bias,5.130438e-01,3.227581e-02,6.291043e-02
1200,layers.5.k_lut.lut_batched.weights,2.561935e+01,9.943436e+00,3.881220e-01
1200,layers.5.k_lut.lut_batched.log_soft_score_temp,6.358308e-01,2.940637e-02,4.624873e-02
1200,layers.5.k_lut.lut_batched.log_select_temp,7.828580e-01,1.838499e-02,2.348445e-02
1200,layers.5.v_lut.compress.weight,9.937149e+00,6.927849e-01,6.971667e-02
1200,layers.5.v_lut.compress.bias,5.209950e-01,1.123402e-02,2.156263e-02
1200,layers.5.v_lut.lut_batched.weights,3.142237e+01,9.431872e+00,3.001642e-01
1200,layers.5.v_lut.lut_batched.log_soft_score_temp,7.286544e-01,6.412446e-03,8.800395e-03
1200,layers.5.v_lut.lut_batched.log_select_temp,7.305277e-01,8.192718e-03,1.121479e-02
1200,layers.5.out_proj.compress.weight,8.274724e+00,6.236587e-01,7.536913e-02
1200,layers.5.out_proj.compress.bias,4.081657e-01,6.007745e-03,1.471889e-02
1200,layers.5.out_proj.lut_batched.weights,1.212372e+01,6.634422e+00,5.472267e-01
1200,layers.5.out_proj.lut_batched.log_soft_score_temp,7.289640e-01,9.759188e-03,1.338775e-02
1200,layers.5.out_proj.lut_batched.log_select_temp,7.728613e-01,2.027434e-02,2.623283e-02
1200,layers.5.out_proj.decompress.weight,9.764482e+00,1.062294e+00,1.087916e-01
1200,layers.5.out_proj.decompress.bias,5.648965e-01,1.743687e-02,3.086738e-02
1200,layers.5.q_norm.weight,8.124235e+00,2.842903e-02,3.499286e-03
1200,layers.5.q_norm.bias,1.177622e-01,2.223668e-02,1.888270e-01
1200,layers.5.k_norm.weight,8.113432e+00,2.742132e-02,3.379744e-03
1200,layers.5.k_norm.bias,1.938474e-01,2.927297e-02,1.510104e-01
1200,layers.5.ln_pre.weight,1.966926e+01,4.322252e-02,2.197465e-03
1200,layers.5.ln_pre.bias,1.498998e-01,1.506443e-02,1.004967e-01
1200,ln_final.weight,2.425988e+01,8.986459e-01,3.704247e-02
1200,ln_final.bias,1.688852e+00,1.878214e-01,1.112124e-01
1200,unembedder.weight,1.474569e+02,1.835934e+01,1.245065e-01
1400,tok_emb_E.weight,2.113173e+02,1.186434e+01,5.614467e-02
1400,layers.0.q_lut.compress.weight,1.015664e+01,8.464469e-01,8.333927e-02
1400,layers.0.q_lut.compress.bias,5.194338e-01,3.878611e-02,7.466997e-02
1400,layers.0.q_lut.lut_batched.weights,2.672589e+01,8.037006e+00,3.007199e-01
1400,layers.0.q_lut.lut_batched.log_soft_score_temp,8.856162e-01,2.679801e-02,3.025917e-02
1400,layers.0.q_lut.lut_batched.log_select_temp,9.028313e-01,3.542262e-02,3.923504e-02
1400,layers.0.k_lut.compress.weight,9.973146e+00,9.610790e-01,9.636668e-02
1400,layers.0.k_lut.compress.bias,4.719949e-01,4.455636e-02,9.440009e-02
1400,layers.0.k_lut.lut_batched.weights,2.676085e+01,8.536784e+00,3.190027e-01
1400,layers.0.k_lut.lut_batched.log_soft_score_temp,7.536610e-01,1.134706e-02,1.505591e-02
1400,layers.0.k_lut.lut_batched.log_select_temp,7.800931e-01,1.935112e-02,2.480617e-02
1400,layers.0.v_lut.compress.weight,1.066847e+01,8.155076e-01,7.644088e-02
1400,layers.0.v_lut.compress.bias,5.141761e-01,2.941536e-02,5.720872e-02
1400,layers.0.v_lut.lut_batched.weights,3.219153e+01,8.216030e+00,2.552233e-01
1400,layers.0.v_lut.lut_batched.log_soft_score_temp,7.859685e-01,1.484519e-02,1.888777e-02
1400,layers.0.v_lut.lut_batched.log_select_temp,7.535893e-01,9.476960e-03,1.257576e-02
1400,layers.0.out_proj.compress.weight,8.671239e+00,4.703880e-01,5.424692e-02
1400,layers.0.out_proj.compress.bias,4.913186e-01,5.280240e-03,1.074708e-02
1400,layers.0.out_proj.lut_batched.weights,2.017161e+01,7.123080e+00,3.531240e-01
1400,layers.0.out_proj.lut_batched.log_soft_score_temp,7.899321e-01,5.729079e-03,7.252622e-03
1400,layers.0.out_proj.lut_batched.log_select_temp,8.362366e-01,1.871139e-02,2.237571e-02
1400,layers.0.out_proj.decompress.weight,1.097914e+01,8.080487e-01,7.359857e-02
1400,layers.0.out_proj.decompress.bias,5.681704e-01,7.581193e-03,1.334317e-02
1400,layers.0.q_norm.weight,8.844740e+00,9.288709e-02,1.050196e-02
1400,layers.0.q_norm.bias,4.607243e-01,4.555732e-02,9.888195e-02
1400,layers.0.k_norm.weight,8.844894e+00,9.186976e-02,1.038676e-02
1400,layers.0.k_norm.bias,4.217089e-01,4.923640e-02,1.167545e-01
1400,layers.0.ln_pre.weight,2.002707e+01,5.275542e-02,2.634206e-03
1400,layers.0.ln_pre.bias,1.613981e-01,3.539768e-02,2.193191e-01
1400,layers.1.q_lut.compress.weight,9.916729e+00,8.819464e-01,8.893521e-02
1400,layers.1.q_lut.compress.bias,4.886861e-01,2.581343e-02,5.282212e-02
1400,layers.1.q_lut.lut_batched.weights,2.719645e+01,9.234890e+00,3.395624e-01
1400,layers.1.q_lut.lut_batched.log_soft_score_temp,6.883723e-01,1.980346e-02,2.876854e-02
1400,layers.1.q_lut.lut_batched.log_select_temp,8.748878e-01,2.403378e-02,2.747071e-02
1400,layers.1.k_lut.compress.weight,9.861677e+00,8.758960e-01,8.881816e-02
1400,layers.1.k_lut.compress.bias,5.120005e-01,2.977811e-02,5.816032e-02
1400,layers.1.k_lut.lut_batched.weights,2.652301e+01,9.157966e+00,3.452838e-01
1400,layers.1.k_lut.lut_batched.log_soft_score_temp,6.194317e-01,2.491355e-02,4.022001e-02
1400,layers.1.k_lut.lut_batched.log_select_temp,8.178317e-01,1.354915e-02,1.656716e-02
1400,layers.1.v_lut.compress.weight,1.008909e+01,7.567544e-01,7.500718e-02
1400,layers.1.v_lut.compress.bias,4.811484e-01,1.308258e-02,2.719032e-02
1400,layers.1.v_lut.lut_batched.weights,2.899092e+01,8.977867e+00,3.096786e-01
1400,layers.1.v_lut.lut_batched.log_soft_score_temp,7.735466e-01,3.005505e-03,3.885357e-03
1400,layers.1.v_lut.lut_batched.log_select_temp,8.347317e-01,1.986557e-02,2.379875e-02
1400,layers.1.out_proj.compress.weight,8.632173e+00,5.517974e-01,6.392335e-02
1400,layers.1.out_proj.compress.bias,4.468122e-01,6.831132e-03,1.528860e-02
1400,layers.1.out_proj.lut_batched.weights,1.590005e+01,6.183130e+00,3.888749e-01
1400,layers.1.out_proj.lut_batched.log_soft_score_temp,7.940949e-01,1.230478e-03,1.549536e-03
1400,layers.1.out_proj.lut_batched.log_select_temp,8.691756e-01,2.617466e-02,3.011436e-02
1400,layers.1.out_proj.decompress.weight,1.032515e+01,9.276862e-01,8.984726e-02
1400,layers.1.out_proj.decompress.bias,5.694208e-01,8.561390e-03,1.503526e-02
1400,layers.1.q_norm.weight,8.543536e+00,5.403386e-02,6.324531e-03
1400,layers.1.q_norm.bias,3.597077e-01,3.673790e-02,1.021327e-01
1400,layers.1.k_norm.weight,8.515807e+00,5.197822e-02,6.103734e-03
1400,layers.1.k_norm.bias,5.758429e-01,6.096167e-02,1.058651e-01
1400,layers.1.ln_pre.weight,1.971543e+01,4.458303e-02,2.261327e-03
1400,layers.1.ln_pre.bias,9.932045e-02,1.515071e-02,1.525437e-01
1400,layers.2.q_lut.compress.weight,9.930500e+00,9.329125e-01,9.394416e-02
1400,layers.2.q_lut.compress.bias,5.349831e-01,2.865675e-02,5.356571e-02
1400,layers.2.q_lut.lut_batched.weights,2.737153e+01,9.378442e+00,3.426349e-01
1400,layers.2.q_lut.lut_batched.log_soft_score_temp,6.169280e-01,2.793771e-02,4.528521e-02
1400,layers.2.q_lut.lut_batched.log_select_temp,8.324693e-01,1.956969e-02,2.350801e-02
1400,layers.2.k_lut.compress.weight,9.820402e+00,8.701155e-01,8.860283e-02
1400,layers.2.k_lut.compress.bias,5.223067e-01,2.991676e-02,5.727815e-02
1400,layers.2.k_lut.lut_batched.weights,2.668713e+01,9.240094e+00,3.462379e-01
1400,layers.2.k_lut.lut_batched.log_soft_score_temp,5.799043e-01,3.360212e-02,5.794425e-02
1400,layers.2.k_lut.lut_batched.log_select_temp,8.289526e-01,1.524764e-02,1.839387e-02
1400,layers.2.v_lut.compress.weight,9.987204e+00,7.326072e-01,7.335459e-02
1400,layers.2.v_lut.compress.bias,5.051186e-01,1.294475e-02,2.562714e-02
1400,layers.2.v_lut.lut_batched.weights,3.112276e+01,9.025603e+00,2.900001e-01
1400,layers.2.v_lut.lut_batched.log_soft_score_temp,7.386670e-01,1.116753e-03,1.511849e-03
1400,layers.2.v_lut.lut_batched.log_select_temp,7.725610e-01,1.718545e-02,2.224478e-02
1400,layers.2.out_proj.compress.weight,8.505440e+00,5.628808e-01,6.617891e-02
1400,layers.2.out_proj.compress.bias,4.245138e-01,5.603003e-03,1.319864e-02
1400,layers.2.out_proj.lut_batched.weights,1.387961e+01,6.123209e+00,4.411658e-01
1400,layers.2.out_proj.lut_batched.log_soft_score_temp,8.052627e-01,1.095295e-02,1.360171e-02
1400,layers.2.out_proj.lut_batched.log_select_temp,8.684613e-01,3.034788e-02,3.494443e-02
1400,layers.2.out_proj.decompress.weight,1.006558e+01,9.618264e-01,9.555596e-02
1400,layers.2.out_proj.decompress.bias,5.778774e-01,9.564389e-03,1.655090e-02
1400,layers.2.q_norm.weight,8.522548e+00,6.432232e-02,7.547311e-03
1400,layers.2.q_norm.bias,2.955014e-01,3.300399e-02,1.116881e-01
1400,layers.2.k_norm.weight,8.487464e+00,6.040691e-02,7.117192e-03
1400,layers.2.k_norm.bias,5.058048e-01,6.451151e-02,1.275423e-01
1400,layers.2.ln_pre.weight,1.969043e+01,4.674825e-02,2.374161e-03
1400,layers.2.ln_pre.bias,1.168998e-01,1.679157e-02,1.436408e-01
1400,layers.3.q_lut.compress.weight,9.888062e+00,9.494898e-01,9.602384e-02
1400,layers.3.q_lut.compress.bias,5.025300e-01,3.326650e-02,6.619805e-02
1400,layers.3.q_lut.lut_batched.weights,2.800034e+01,9.531827e+00,3.404183e-01
1400,layers.3.q_lut.lut_batched.log_soft_score_temp,5.746564e-01,3.419662e-02,5.950794e-02
1400,layers.3.q_lut.lut_batched.log_select_temp,8.262888e-01,1.613986e-02,1.953296e-02
1400,layers.3.k_lut.compress.weight,9.815958e+00,8.202611e-01,8.356404e-02
1400,layers.3.k_lut.compress.bias,5.251891e-01,2.828806e-02,5.386261e-02
1400,layers.3.k_lut.lut_batched.weights,2.724795e+01,9.298018e+00,3.412373e-01
1400,layers.3.k_lut.lut_batched.log_soft_score_temp,6.285824e-01,2.791661e-02,4.441201e-02
1400,layers.3.k_lut.lut_batched.log_select_temp,8.134114e-01,1.617312e-02,1.988308e-02
1400,layers.3.v_lut.compress.weight,9.941045e+00,6.650674e-01,6.690116e-02
1400,layers.3.v_lut.compress.bias,5.025306e-01,1.089281e-02,2.167592e-02
1400,layers.3.v_lut.lut_batched.weights,3.033659e+01,8.838771e+00,2.913568e-01
1400,layers.3.v_lut.lut_batched.log_soft_score_temp,7.497844e-01,7.465541e-03,9.956918e-03
1400,layers.3.v_lut.lut_batched.log_select_temp,7.674239e-01,1.633495e-02,2.128544e-02
1400,layers.3.out_proj.compress.weight,8.479658e+00,5.804437e-01,6.845131e-02
1400,layers.3.out_proj.compress.bias,4.301791e-01,5.886933e-03,1.368484e-02
1400,layers.3.out_proj.lut_batched.weights,1.257094e+01,6.129990e+00,4.876319e-01
1400,layers.3.out_proj.lut_batched.log_soft_score_temp,7.648036e-01,8.579731e-03,1.121821e-02
1400,layers.3.out_proj.lut_batched.log_select_temp,8.246639e-01,2.214879e-02,2.685796e-02
1400,layers.3.out_proj.decompress.weight,9.713845e+00,9.983516e-01,1.027761e-01
1400,layers.3.out_proj.decompress.bias,5.541416e-01,1.103124e-02,1.990690e-02
1400,layers.3.q_norm.weight,8.277802e+00,4.151857e-02,5.015651e-03
1400,layers.3.q_norm.bias,2.187775e-01,2.549992e-02,1.165564e-01
1400,layers.3.k_norm.weight,8.260406e+00,3.893860e-02,4.713885e-03
1400,layers.3.k_norm.bias,3.578808e-01,4.684235e-02,1.308881e-01
1400,layers.3.ln_pre.weight,1.968115e+01,4.089337e-02,2.077794e-03
1400,layers.3.ln_pre.bias,1.209853e-01,1.518161e-02,1.254830e-01
1400,layers.4.q_lut.compress.weight,9.891745e+00,9.617884e-01,9.723142e-02
1400,layers.4.q_lut.compress.bias,5.472588e-01,3.210577e-02,5.866652e-02
1400,layers.4.q_lut.lut_batched.weights,2.734022e+01,9.455839e+00,3.458582e-01
1400,layers.4.q_lut.lut_batched.log_soft_score_temp,5.928520e-01,3.000170e-02,5.060572e-02
1400,layers.4.q_lut.lut_batched.log_select_temp,7.889513e-01,1.682222e-02,2.132225e-02
1400,layers.4.k_lut.compress.weight,9.832164e+00,8.764140e-01,8.913745e-02
1400,layers.4.k_lut.compress.bias,5.395626e-01,3.226833e-02,5.980462e-02
1400,layers.4.k_lut.lut_batched.weights,2.719040e+01,9.317328e+00,3.426697e-01
1400,layers.4.k_lut.lut_batched.log_soft_score_temp,5.837546e-01,2.986282e-02,5.115646e-02
1400,layers.4.k_lut.lut_batched.log_select_temp,7.953245e-01,1.604891e-02,2.017907e-02
1400,layers.4.v_lut.compress.weight,9.932885e+00,7.099594e-01,7.147565e-02
1400,layers.4.v_lut.compress.bias,5.110460e-01,1.328735e-02,2.600031e-02
1400,layers.4.v_lut.lut_batched.weights,3.074305e+01,8.903147e+00,2.895987e-01
1400,layers.4.v_lut.lut_batched.log_soft_score_temp,7.386162e-01,5.821884e-03,7.882150e-03
1400,layers.4.v_lut.lut_batched.log_select_temp,7.561643e-01,1.424921e-02,1.884406e-02
1400,layers.4.out_proj.compress.weight,8.347549e+00,5.731654e-01,6.866271e-02
1400,layers.4.out_proj.compress.bias,4.187301e-01,5.384688e-03,1.285957e-02
1400,layers.4.out_proj.lut_batched.weights,1.240863e+01,6.137729e+00,4.946339e-01
1400,layers.4.out_proj.lut_batched.log_soft_score_temp,7.434609e-01,7.915735e-03,1.064714e-02
1400,layers.4.out_proj.lut_batched.log_select_temp,8.094795e-01,2.201307e-02,2.719410e-02
1400,layers.4.out_proj.decompress.weight,9.406439e+00,1.008821e+00,1.072480e-01
1400,layers.4.out_proj.decompress.bias,5.746481e-01,1.297956e-02,2.258697e-02
1400,layers.4.q_norm.weight,8.298564e+00,4.488472e-02,5.408733e-03
1400,layers.4.q_norm.bias,1.930945e-01,2.362431e-02,1.223459e-01
1400,layers.4.k_norm.weight,8.283503e+00,4.382757e-02,5.290947e-03
1400,layers.4.k_norm.bias,4.571554e-01,4.784467e-02,1.046573e-01
1400,layers.4.ln_pre.weight,1.964386e+01,4.766966e-02,2.426695e-03
1400,layers.4.ln_pre.bias,1.619393e-01,2.174993e-02,1.343092e-01
1400,layers.5.q_lut.compress.weight,9.856293e+00,9.897011e-01,1.004131e-01
1400,layers.5.q_lut.compress.bias,5.248287e-01,3.179882e-02,6.058896e-02
1400,layers.5.q_lut.lut_batched.weights,2.759545e+01,9.535830e+00,3.455580e-01
1400,layers.5.q_lut.lut_batched.log_soft_score_temp,6.117020e-01,2.637875e-02,4.312353e-02
1400,layers.5.q_lut.lut_batched.log_select_temp,7.614221e-01,1.180732e-02,1.550693e-02
1400,layers.5.k_lut.compress.weight,9.810485e+00,8.680519e-01,8.848206e-02
1400,layers.5.k_lut.compress.bias,5.168544e-01,3.465019e-02,6.704053e-02
1400,layers.5.k_lut.lut_batched.weights,2.756653e+01,9.382920e+00,3.403737e-01
1400,layers.5.k_lut.lut_batched.log_soft_score_temp,6.057131e-01,3.011775e-02,4.972280e-02
1400,layers.5.k_lut.lut_batched.log_select_temp,7.939656e-01,1.110762e-02,1.399006e-02
1400,layers.5.v_lut.compress.weight,9.934947e+00,6.643794e-01,6.687296e-02
1400,layers.5.v_lut.compress.bias,5.217730e-01,1.167967e-02,2.238457e-02
1400,layers.5.v_lut.lut_batched.weights,3.320036e+01,8.792049e+00,2.648179e-01
1400,layers.5.v_lut.lut_batched.log_soft_score_temp,7.342328e-01,5.578458e-03,7.597669e-03
1400,layers.5.v_lut.lut_batched.log_select_temp,7.393394e-01,8.811712e-03,1.191836e-02
1400,layers.5.out_proj.compress.weight,8.315948e+00,5.756042e-01,6.921691e-02
1400,layers.5.out_proj.compress.bias,4.062669e-01,6.652409e-03,1.637448e-02
1400,layers.5.out_proj.lut_batched.weights,1.274730e+01,6.234956e+00,4.891197e-01
1400,layers.5.out_proj.lut_batched.log_soft_score_temp,7.377796e-01,8.815587e-03,1.194881e-02
1400,layers.5.out_proj.lut_batched.log_select_temp,7.929169e-01,2.005559e-02,2.529344e-02
1400,layers.5.out_proj.decompress.weight,9.550193e+00,9.457580e-01,9.903025e-02
1400,layers.5.out_proj.decompress.bias,5.616860e-01,1.666790e-02,2.967476e-02
1400,layers.5.q_norm.weight,8.140041e+00,2.646719e-02,3.251481e-03
1400,layers.5.q_norm.bias,1.300296e-01,1.567482e-02,1.205481e-01
1400,layers.5.k_norm.weight,8.128250e+00,2.796911e-02,3.440975e-03
1400,layers.5.k_norm.bias,2.110832e-01,2.341756e-02,1.109400e-01
1400,layers.5.ln_pre.weight,1.966653e+01,4.197280e-02,2.134225e-03
1400,layers.5.ln_pre.bias,1.592341e-01,1.478850e-02,9.287271e-02
1400,ln_final.weight,2.510289e+01,8.435450e-01,3.360350e-02
1400,ln_final.bias,1.811415e+00,1.575378e-01,8.696945e-02
1400,unembedder.weight,1.522862e+02,1.619954e+01,1.063756e-01
1600,tok_emb_E.weight,2.124420e+02,1.072848e+01,5.050077e-02
1600,layers.0.q_lut.compress.weight,1.018019e+01,7.935038e-01,7.794590e-02
1600,layers.0.q_lut.compress.bias,5.210476e-01,3.454314e-02,6.629556e-02
1600,layers.0.q_lut.lut_batched.weights,2.837521e+01,7.462107e+00,2.629798e-01
1600,layers.0.q_lut.lut_batched.log_soft_score_temp,9.043978e-01,1.878160e-02,2.076697e-02
1600,layers.0.q_lut.lut_batched.log_select_temp,9.323986e-01,2.956736e-02,3.171107e-02
1600,layers.0.k_lut.compress.weight,9.994163e+00,8.955673e-01,8.960904e-02
1600,layers.0.k_lut.compress.bias,4.731806e-01,4.217297e-02,8.912658e-02
1600,layers.0.k_lut.lut_batched.weights,2.842724e+01,7.902846e+00,2.780026e-01
1600,layers.0.k_lut.lut_batched.log_soft_score_temp,7.642556e-01,1.059461e-02,1.386265e-02
1600,layers.0.k_lut.lut_batched.log_select_temp,7.986699e-01,1.857680e-02,2.325967e-02
1600,layers.0.v_lut.compress.weight,1.070029e+01,7.576085e-01,7.080260e-02
1600,layers.0.v_lut.compress.bias,5.135045e-01,2.744030e-02,5.343731e-02
1600,layers.0.v_lut.lut_batched.weights,3.387921e+01,7.571818e+00,2.234945e-01
1600,layers.0.v_lut.lut_batched.log_soft_score_temp,8.009036e-01,1.493514e-02,1.864786e-02
1600,layers.0.v_lut.lut_batched.log_select_temp,7.635228e-01,9.933472e-03,1.301005e-02
1600,layers.0.out_proj.compress.weight,8.670868e+00,4.430117e-01,5.109196e-02
1600,layers.0.out_proj.compress.bias,4.912550e-01,5.915494e-03,1.204159e-02
1600,layers.0.out_proj.lut_batched.weights,2.101537e+01,6.535884e+00,3.110050e-01
1600,layers.0.out_proj.lut_batched.log_soft_score_temp,7.935374e-01,3.605247e-03,4.543260e-03
1600,layers.0.out_proj.lut_batched.log_select_temp,8.544446e-01,1.820797e-02,2.130971e-02
1600,layers.0.out_proj.decompress.weight,1.080460e+01,7.490995e-01,6.933154e-02
1600,layers.0.out_proj.decompress.bias,5.656848e-01,7.292600e-03,1.289163e-02
1600,layers.0.q_norm.weight,8.910222e+00,7.648454e-02,8.583909e-03
1600,layers.0.q_norm.bias,4.970965e-01,3.855084e-02,7.755203e-02
1600,layers.0.k_norm.weight,8.909853e+00,7.526243e-02,8.447102e-03
1600,layers.0.k_norm.bias,4.585681e-01,4.056527e-02,8.846074e-02
1600,layers.0.ln_pre.weight,2.005104e+01,5.049689e-02,2.518417e-03
1600,layers.0.ln_pre.bias,1.700988e-01,3.157343e-02,1.856182e-01
1600,layers.1.q_lut.compress.weight,9.922933e+00,8.207990e-01,8.271738e-02
1600,layers.1.q_lut.compress.bias,4.905562e-01,2.249132e-02,4.584860e-02
1600,layers.1.q_lut.lut_batched.weights,2.882439e+01,8.582227e+00,2.977419e-01
1600,layers.1.q_lut.lut_batched.log_soft_score_temp,6.688064e-01,1.956582e-02,2.925483e-02
1600,layers.1.q_lut.lut_batched.log_select_temp,8.953918e-01,2.050406e-02,2.289954e-02
1600,layers.1.k_lut.compress.weight,9.867462e+00,8.322909e-01,8.434701e-02
1600,layers.1.k_lut.compress.bias,5.151141e-01,2.949650e-02,5.726208e-02
1600,layers.1.k_lut.lut_batched.weights,2.813511e+01,8.486276e+00,3.016258e-01
1600,layers.1.k_lut.lut_batched.log_soft_score_temp,5.972047e-01,2.222705e-02,3.721848e-02
1600,layers.1.k_lut.lut_batched.log_select_temp,8.333672e-01,1.553547e-02,1.864181e-02
1600,layers.1.v_lut.compress.weight,1.008493e+01,7.146199e-01,7.086019e-02
1600,layers.1.v_lut.compress.bias,4.824089e-01,1.538327e-02,3.188845e-02
1600,layers.1.v_lut.lut_batched.weights,3.054407e+01,8.315462e+00,2.722448e-01
1600,layers.1.v_lut.lut_batched.log_soft_score_temp,7.654809e-01,8.065701e-03,1.053678e-02
1600,layers.1.v_lut.lut_batched.log_select_temp,8.526125e-01,1.788080e-02,2.097177e-02
1600,layers.1.out_proj.compress.weight,8.627772e+00,5.127655e-01,5.943197e-02
1600,layers.1.out_proj.compress.bias,4.460570e-01,6.602965e-03,1.480296e-02
1600,layers.1.out_proj.lut_batched.weights,1.620738e+01,5.717401e+00,3.527653e-01
1600,layers.1.out_proj.lut_batched.log_soft_score_temp,7.920069e-01,2.088010e-03,2.636354e-03
1600,layers.1.out_proj.lut_batched.log_select_temp,8.959156e-01,2.674001e-02,2.984658e-02
1600,layers.1.out_proj.decompress.weight,1.007803e+01,8.565053e-01,8.498740e-02
1600,layers.1.out_proj.decompress.bias,5.672950e-01,8.154382e-03,1.437415e-02
1600,layers.1.q_norm.weight,8.582625e+00,4.523356e-02,5.270363e-03
1600,layers.1.q_norm.bias,3.885343e-01,3.038599e-02,7.820671e-02
1600,layers.1.k_norm.weight,8.552600e+00,4.312282e-02,5.042072e-03
1600,layers.1.k_norm.bias,6.232046e-01,5.129039e-02,8.230105e-02
1600,layers.1.ln_pre.weight,1.970737e+01,4.076701e-02,2.068617e-03
1600,layers.1.ln_pre.bias,1.022004e-01,1.467026e-02,1.435441e-01
1600,layers.2.q_lut.compress.weight,9.932378e+00,8.768600e-01,8.828299e-02
1600,layers.2.q_lut.compress.bias,5.371414e-01,2.788659e-02,5.191667e-02
1600,layers.2.q_lut.lut_batched.weights,2.899718e+01,8.667698e+00,2.989152e-01
1600,layers.2.q_lut.lut_batched.log_soft_score_temp,5.889971e-01,2.793086e-02,4.742104e-02
1600,layers.2.q_lut.lut_batched.log_select_temp,8.491003e-01,1.663101e-02,1.958662e-02
1600,layers.2.k_lut.compress.weight,9.823153e+00,8.196018e-01,8.343571e-02
1600,layers.2.k_lut.compress.bias,5.209306e-01,2.712091e-02,5.206241e-02
1600,layers.2.k_lut.lut_batched.weights,2.829525e+01,8.590519e+00,3.036029e-01
1600,layers.2.k_lut.lut_batched.log_soft_score_temp,5.515265e-01,2.837777e-02,5.145314e-02
1600,layers.2.k_lut.lut_batched.log_select_temp,8.462847e-01,1.733208e-02,2.048020e-02
1600,layers.2.v_lut.compress.weight,9.984705e+00,7.082758e-01,7.093608e-02
1600,layers.2.v_lut.compress.bias,5.076938e-01,1.339805e-02,2.639003e-02
1600,layers.2.v_lut.lut_batched.weights,3.274166e+01,8.399438e+00,2.565367e-01
1600,layers.2.v_lut.lut_batched.log_soft_score_temp,7.352529e-01,3.414154e-03,4.643510e-03
1600,layers.2.v_lut.lut_batched.log_select_temp,7.893353e-01,1.677430e-02,2.125117e-02
1600,layers.2.out_proj.compress.weight,8.522450e+00,5.281871e-01,6.197597e-02
1600,layers.2.out_proj.compress.bias,4.239499e-01,6.040659e-03,1.424852e-02
1600,layers.2.out_proj.lut_batched.weights,1.422670e+01,5.703424e+00,4.008959e-01
1600,layers.2.out_proj.lut_batched.log_soft_score_temp,8.127573e-01,7.494569e-03,9.221165e-03
1600,layers.2.out_proj.lut_batched.log_select_temp,8.975526e-01,2.909130e-02,3.241180e-02
1600,layers.2.out_proj.decompress.weight,9.820379e+00,8.778634e-01,8.939201e-02
1600,layers.2.out_proj.decompress.bias,5.749378e-01,8.906200e-03,1.549072e-02
1600,layers.2.q_norm.weight,8.568632e+00,5.372410e-02,6.269858e-03
1600,layers.2.q_norm.bias,3.213477e-01,2.884605e-02,8.976584e-02
1600,layers.2.k_norm.weight,8.530729e+00,5.067818e-02,5.940662e-03
1600,layers.2.k_norm.bias,5.554733e-01,5.435243e-02,9.784886e-02
1600,layers.2.ln_pre.weight,1.968068e+01,4.254226e-02,2.161625e-03
1600,layers.2.ln_pre.bias,1.212516e-01,1.546518e-02,1.275461e-01
1600,layers.3.q_lut.compress.weight,9.890752e+00,8.884124e-01,8.982253e-02
1600,layers.3.q_lut.compress.bias,5.056630e-01,3.000795e-02,5.934376e-02
1600,layers.3.q_lut.lut_batched.weights,2.961668e+01,8.830997e+00,2.981765e-01
1600,layers.3.q_lut.lut_batched.log_soft_score_temp,5.427459e-01,3.191048e-02,5.879451e-02
1600,layers.3.q_lut.lut_batched.log_select_temp,8.406383e-01,1.434952e-02,1.706979e-02
1600,layers.3.k_lut.compress.weight,9.815853e+00,7.726082e-01,7.871025e-02
1600,layers.3.k_lut.compress.bias,5.292652e-01,2.845189e-02,5.375733e-02
1600,layers.3.k_lut.lut_batched.weights,2.889366e+01,8.688410e+00,3.007030e-01
1600,layers.3.k_lut.lut_batched.log_soft_score_temp,6.026294e-01,2.595305e-02,4.306636e-02
1600,layers.3.k_lut.lut_batched.log_select_temp,8.291504e-01,1.573908e-02,1.898218e-02
1600,layers.3.v_lut.compress.weight,9.937568e+00,6.380644e-01,6.420730e-02
1600,layers.3.v_lut.compress.bias,5.029356e-01,1.183256e-02,2.352699e-02
1600,layers.3.v_lut.lut_batched.weights,3.197057e+01,8.196369e+00,2.563724e-01
1600,layers.3.v_lut.lut_batched.log_soft_score_temp,7.547654e-01,4.981041e-03,6.599456e-03
1600,layers.3.v_lut.lut_batched.log_select_temp,7.842250e-01,1.680112e-02,2.142385e-02
1600,layers.3.out_proj.compress.weight,8.504666e+00,5.508235e-01,6.476721e-02
1600,layers.3.out_proj.compress.bias,4.285941e-01,5.477393e-03,1.277991e-02
1600,layers.3.out_proj.lut_batched.weights,1.287763e+01,5.708998e+00,4.433267e-01
1600,layers.3.out_proj.lut_batched.log_soft_score_temp,7.729649e-01,8.161306e-03,1.055844e-02
1600,layers.3.out_proj.lut_batched.log_select_temp,8.469016e-01,2.223766e-02,2.625767e-02
1600,layers.3.out_proj.decompress.weight,9.457203e+00,9.168412e-01,9.694634e-02
1600,layers.3.out_proj.decompress.bias,5.521348e-01,1.031880e-02,1.868891e-02
1600,layers.3.q_norm.weight,8.305213e+00,3.415100e-02,4.111995e-03
1600,layers.3.q_norm.bias,2.386047e-01,2.293578e-02,9.612459e-02
1600,layers.3.k_norm.weight,8.286113e+00,3.186045e-02,3.845042e-03
1600,layers.3.k_norm.bias,3.873921e-01,3.545383e-02,9.151924e-02
1600,layers.3.ln_pre.weight,1.967623e+01,3.785492e-02,1.923891e-03
1600,layers.3.ln_pre.bias,1.287935e-01,1.579795e-02,1.226610e-01
1600,layers.4.q_lut.compress.weight,9.894187e+00,9.036771e-01,9.133414e-02
1600,layers.4.q_lut.compress.bias,5.462056e-01,2.808141e-02,5.141179e-02
1600,layers.4.q_lut.lut_batched.weights,2.897470e+01,8.816949e+00,3.042982e-01
1600,layers.4.q_lut.lut_batched.log_soft_score_temp,5.620756e-01,3.077638e-02,5.475488e-02
1600,layers.4.q_lut.lut_batched.log_select_temp,8.056293e-01,1.667792e-02,2.070173e-02
1600,layers.4.k_lut.compress.weight,9.835402e+00,8.246260e-01,8.384263e-02
1600,layers.4.k_lut.compress.bias,5.429391e-01,2.936164e-02,5.407907e-02
1600,layers.4.k_lut.lut_batched.weights,2.878347e+01,8.698352e+00,3.021996e-01
1600,layers.4.k_lut.lut_batched.log_soft_score_temp,5.548670e-01,2.888757e-02,5.206215e-02
1600,layers.4.k_lut.lut_batched.log_select_temp,8.129228e-01,1.759827e-02,2.164815e-02
1600,layers.4.v_lut.compress.weight,9.934792e+00,6.932367e-01,6.977869e-02
1600,layers.4.v_lut.compress.bias,5.123710e-01,1.254725e-02,2.448860e-02
1600,layers.4.v_lut.lut_batched.weights,3.242061e+01,8.222671e+00,2.536248e-01
1600,layers.4.v_lut.lut_batched.log_soft_score_temp,7.425885e-01,3.972292e-03,5.349251e-03
1600,layers.4.v_lut.lut_batched.log_select_temp,7.729349e-01,1.677060e-02,2.169730e-02
1600,layers.4.out_proj.compress.weight,8.382483e+00,5.384620e-01,6.423658e-02
1600,layers.4.out_proj.compress.bias,4.175028e-01,6.563501e-03,1.572085e-02
1600,layers.4.out_proj.lut_batched.weights,1.272933e+01,5.757094e+00,4.522702e-01
1600,layers.4.out_proj.lut_batched.log_soft_score_temp,7.534173e-01,9.956419e-03,1.321501e-02
1600,layers.4.out_proj.lut_batched.log_select_temp,8.335968e-01,2.411729e-02,2.893160e-02
1600,layers.4.out_proj.decompress.weight,9.138646e+00,9.238002e-01,1.010872e-01
1600,layers.4.out_proj.decompress.bias,5.723014e-01,1.201800e-02,2.099942e-02
1600,layers.4.q_norm.weight,8.328938e+00,3.604315e-02,4.327461e-03
1600,layers.4.q_norm.bias,2.102053e-01,1.822230e-02,8.668810e-02
1600,layers.4.k_norm.weight,8.312121e+00,3.553254e-02,4.274786e-03
1600,layers.4.k_norm.bias,4.865648e-01,3.425766e-02,7.040718e-02
1600,layers.4.ln_pre.weight,1.963656e+01,4.422626e-02,2.252241e-03
1600,layers.4.ln_pre.bias,1.705110e-01,1.749713e-02,1.026159e-01
1600,layers.5.q_lut.compress.weight,9.856279e+00,9.091645e-01,9.224216e-02
1600,layers.5.q_lut.compress.bias,5.268055e-01,3.066973e-02,5.821833e-02
1600,layers.5.q_lut.lut_batched.weights,2.918580e+01,8.833701e+00,3.026712e-01
1600,layers.5.q_lut.lut_batched.log_soft_score_temp,5.840339e-01,2.766812e-02,4.737416e-02
1600,layers.5.q_lut.lut_batched.log_select_temp,7.728177e-01,1.139557e-02,1.474549e-02
1600,layers.5.k_lut.compress.weight,9.807245e+00,8.125073e-01,8.284766e-02
1600,layers.5.k_lut.compress.bias,5.165315e-01,3.011511e-02,5.830256e-02
1600,layers.5.k_lut.lut_batched.weights,2.914004e+01,8.735509e+00,2.997769e-01
1600,layers.5.k_lut.lut_batched.log_soft_score_temp,5.749363e-01,3.077674e-02,5.353069e-02
1600,layers.5.k_lut.lut_batched.log_select_temp,8.048022e-01,1.083660e-02,1.346492e-02
1600,layers.5.v_lut.compress.weight,9.931503e+00,6.331081e-01,6.374746e-02
1600,layers.5.v_lut.compress.bias,5.219636e-01,1.153525e-02,2.209971e-02
1600,layers.5.v_lut.lut_batched.weights,3.475709e+01,8.092878e+00,2.328411e-01
1600,layers.5.v_lut.lut_batched.log_soft_score_temp,7.387388e-01,4.505992e-03,6.099574e-03
1600,layers.5.v_lut.lut_batched.log_select_temp,7.487552e-01,9.415805e-03,1.257528e-02
1600,layers.5.out_proj.compress.weight,8.357276e+00,5.329735e-01,6.377359e-02
1600,layers.5.out_proj.compress.bias,4.052036e-01,5.873038e-03,1.449404e-02
1600,layers.5.out_proj.lut_batched.weights,1.328126e+01,5.819683e+00,4.381877e-01
1600,layers.5.out_proj.lut_batched.log_soft_score_temp,7.480575e-01,1.027793e-02,1.373949e-02
1600,layers.5.out_proj.lut_batched.log_select_temp,8.144764e-01,2.155948e-02,2.647035e-02
1600,layers.5.out_proj.decompress.weight,9.381043e+00,8.600984e-01,9.168473e-02
1600,layers.5.out_proj.decompress.bias,5.591186e-01,1.564367e-02,2.797916e-02
1600,layers.5.q_norm.weight,8.152363e+00,2.505402e-02,3.073221e-03
1600,layers.5.q_norm.bias,1.410385e-01,1.563751e-02,1.108741e-01
1600,layers.5.k_norm.weight,8.140695e+00,2.224353e-02,2.732387e-03
1600,layers.5.k_norm.bias,2.246483e-01,2.089559e-02,9.301469e-02
1600,layers.5.ln_pre.weight,1.966219e+01,3.565376e-02,1.813316e-03
1600,layers.5.ln_pre.bias,1.668805e-01,1.320308e-02,7.911694e-02
1600,ln_final.weight,2.587859e+01,7.762105e-01,2.999431e-02
1600,ln_final.bias,1.915843e+00,1.328471e-01,6.934137e-02
1600,unembedder.weight,1.563993e+02,1.469297e+01,9.394526e-02
1800,tok_emb_E.weight,2.134013e+02,9.640543e+00,4.517565e-02
1800,layers.0.q_lut.compress.weight,1.019379e+01,7.419178e-01,7.278138e-02
1800,layers.0.q_lut.compress.bias,5.252010e-01,3.293705e-02,6.271322e-02
1800,layers.0.q_lut.lut_batched.weights,2.968836e+01,6.837256e+00,2.303009e-01
1800,layers.0.q_lut.lut_batched.log_soft_score_temp,9.186769e-01,1.427913e-02,1.554314e-02
1800,layers.0.q_lut.lut_batched.log_select_temp,9.578741e-01,2.547550e-02,2.659588e-02
1800,layers.0.k_lut.compress.weight,1.000985e+01,8.291172e-01,8.283016e-02
1800,layers.0.k_lut.compress.bias,4.735807e-01,4.119636e-02,8.698910e-02
1800,layers.0.k_lut.lut_batched.weights,2.977046e+01,7.224371e+00,2.426692e-01
1800,layers.0.k_lut.lut_batched.log_soft_score_temp,7.783614e-01,1.410580e-02,1.812243e-02
1800,layers.0.k_lut.lut_batched.log_select_temp,8.200403e-01,2.137041e-02,2.606019e-02
1800,layers.0.v_lut.compress.weight,1.072576e+01,7.051766e-01,6.574606e-02
1800,layers.0.v_lut.compress.bias,5.155063e-01,2.476530e-02,4.804073e-02
1800,layers.0.v_lut.lut_batched.weights,3.523750e+01,6.896162e+00,1.957052e-01
1800,layers.0.v_lut.lut_batched.log_soft_score_temp,8.176497e-01,1.674610e-02,2.048078e-02
1800,layers.0.v_lut.lut_batched.log_select_temp,7.753005e-01,1.177770e-02,1.519114e-02
1800,layers.0.out_proj.compress.weight,8.672007e+00,4.171350e-01,4.810132e-02
1800,layers.0.out_proj.compress.bias,4.917674e-01,4.961537e-03,1.008920e-02
1800,layers.0.out_proj.lut_batched.weights,2.155157e+01,5.880269e+00,2.728464e-01
1800,layers.0.out_proj.lut_batched.log_soft_score_temp,7.976303e-01,4.092872e-03,5.131290e-03
1800,layers.0.out_proj.lut_batched.log_select_temp,8.736082e-01,1.916367e-02,2.193623e-02
1800,layers.0.out_proj.decompress.weight,1.064435e+01,6.855822e-01,6.440806e-02
1800,layers.0.out_proj.decompress.bias,5.626700e-01,7.447510e-03,1.323602e-02
1800,layers.0.q_norm.weight,8.971843e+00,7.145558e-02,7.964427e-03
1800,layers.0.q_norm.bias,5.317033e-01,3.674255e-02,6.910348e-02
1800,layers.0.k_norm.weight,8.971069e+00,6.974224e-02,7.774128e-03
1800,layers.0.k_norm.bias,4.913662e-01,3.652929e-02,7.434229e-02
1800,layers.0.ln_pre.weight,2.007254e+01,4.561962e-02,2.272738e-03
1800,layers.0.ln_pre.bias,1.785259e-01,3.101441e-02,1.737250e-01
1800,layers.1.q_lut.compress.weight,9.926105e+00,7.566157e-01,7.622483e-02
1800,layers.1.q_lut.compress.bias,4.900989e-01,2.284184e-02,4.660659e-02
1800,layers.1.q_lut.lut_batched.weights,3.013677e+01,7.868382e+00,2.610891e-01
1800,layers.1.q_lut.lut_batched.log_soft_score_temp,6.507161e-01,1.809031e-02,2.780061e-02
1800,layers.1.q_lut.lut_batched.log_select_temp,9.127399e-01,1.734805e-02,1.900657e-02
1800,layers.1.k_lut.compress.weight,9.867004e+00,7.765813e-01,7.870487e-02
1800,layers.1.k_lut.compress.bias,5.160875e-01,3.045192e-02,5.900534e-02
1800,layers.1.k_lut.lut_batched.weights,2.939725e+01,7.763557e+00,2.640913e-01
1800,layers.1.k_lut.lut_batched.log_soft_score_temp,5.751297e-01,2.207500e-02,3.838264e-02
1800,layers.1.k_lut.lut_batched.log_select_temp,8.459405e-01,1.257330e-02,1.486310e-02
1800,layers.1.v_lut.compress.weight,1.007797e+01,6.670949e-01,6.619339e-02
1800,layers.1.v_lut.compress.bias,4.825488e-01,1.394098e-02,2.889030e-02
1800,layers.1.v_lut.lut_batched.weights,3.179267e+01,7.599510e+00,2.390334e-01
1800,layers.1.v_lut.lut_batched.log_soft_score_temp,7.552690e-01,1.021188e-02,1.352086e-02
1800,layers.1.v_lut.lut_batched.log_select_temp,8.678076e-01,1.519507e-02,1.750972e-02
1800,layers.1.out_proj.compress.weight,8.619048e+00,4.693525e-01,5.445525e-02
1800,layers.1.out_proj.compress.bias,4.461504e-01,5.747598e-03,1.288265e-02
1800,layers.1.out_proj.lut_batched.weights,1.637205e+01,5.231170e+00,3.195183e-01
1800,layers.1.out_proj.lut_batched.log_soft_score_temp,7.873092e-01,4.697740e-03,5.966830e-03
1800,layers.1.out_proj.lut_batched.log_select_temp,9.180433e-01,2.212769e-02,2.410310e-02
1800,layers.1.out_proj.decompress.weight,9.859926e+00,7.773024e-01,7.883451e-02
1800,layers.1.out_proj.decompress.bias,5.644644e-01,8.658892e-03,1.534001e-02
1800,layers.1.q_norm.weight,8.614044e+00,3.767242e-02,4.373372e-03
1800,layers.1.q_norm.bias,4.128449e-01,2.550004e-02,6.176663e-02
1800,layers.1.k_norm.weight,8.581627e+00,3.507911e-02,4.087699e-03
1800,layers.1.k_norm.bias,6.635208e-01,4.316518e-02,6.505476e-02
1800,layers.1.ln_pre.weight,1.969871e+01,3.634258e-02,1.844922e-03
1800,layers.1.ln_pre.bias,1.072782e-01,1.393216e-02,1.298695e-01
1800,layers.2.q_lut.compress.weight,9.930978e+00,8.029246e-01,8.085051e-02
1800,layers.2.q_lut.compress.bias,5.399472e-01,2.556238e-02,4.734238e-02
1800,layers.2.q_lut.lut_batched.weights,3.029814e+01,7.948095e+00,2.623295e-01
1800,layers.2.q_lut.lut_batched.log_soft_score_temp,5.628849e-01,2.611220e-02,4.638994e-02
1800,layers.2.q_lut.lut_batched.log_select_temp,8.654879e-01,1.638764e-02,1.893457e-02
1800,layers.2.k_lut.compress.weight,9.820588e+00,7.669883e-01,7.810004e-02
1800,layers.2.k_lut.compress.bias,5.227222e-01,2.674165e-02,5.115844e-02
1800,layers.2.k_lut.lut_batched.weights,2.956910e+01,7.859601e+00,2.658045e-01
1800,layers.2.k_lut.lut_batched.log_soft_score_temp,5.245084e-01,2.701813e-02,5.151134e-02
1800,layers.2.k_lut.lut_batched.log_select_temp,8.598769e-01,1.359224e-02,1.580720e-02
1800,layers.2.v_lut.compress.weight,9.978754e+00,6.627108e-01,6.641218e-02
1800,layers.2.v_lut.compress.bias,5.074908e-01,1.409180e-02,2.776761e-02
1800,layers.2.v_lut.lut_batched.weights,3.402542e+01,7.651484e+00,2.248755e-01
1800,layers.2.v_lut.lut_batched.log_soft_score_temp,7.263592e-01,8.893609e-03,1.224409e-02
1800,layers.2.v_lut.lut_batched.log_select_temp,8.060240e-01,1.668870e-02,2.070497e-02
1800,layers.2.out_proj.compress.weight,8.530120e+00,4.895563e-01,5.739150e-02
1800,layers.2.out_proj.compress.bias,4.233195e-01,6.361412e-03,1.502745e-02
1800,layers.2.out_proj.lut_batched.weights,1.445476e+01,5.217286e+00,3.609389e-01
1800,layers.2.out_proj.lut_batched.log_soft_score_temp,8.168170e-01,4.059792e-03,4.970258e-03
1800,layers.2.out_proj.lut_batched.log_select_temp,9.241018e-01,2.654916e-02,2.872969e-02
1800,layers.2.out_proj.decompress.weight,9.606602e+00,8.017600e-01,8.345928e-02
1800,layers.2.out_proj.decompress.bias,5.718089e-01,9.824982e-03,1.718228e-02
1800,layers.2.q_norm.weight,8.610569e+00,4.911271e-02,5.703771e-03
1800,layers.2.q_norm.bias,3.454122e-01,2.634370e-02,7.626744e-02
1800,layers.2.k_norm.weight,8.570482e+00,4.678269e-02,5.458583e-03
1800,layers.2.k_norm.bias,5.983487e-01,4.577618e-02,7.650418e-02
1800,layers.2.ln_pre.weight,1.966858e+01,4.086548e-02,2.077703e-03
1800,layers.2.ln_pre.bias,1.245029e-01,1.650516e-02,1.325684e-01
1800,layers.3.q_lut.compress.weight,9.888021e+00,8.195896e-01,8.288712e-02
1800,layers.3.q_lut.compress.bias,5.079547e-01,2.869621e-02,5.649364e-02
1800,layers.3.q_lut.lut_batched.weights,3.089573e+01,8.097203e+00,2.620817e-01
1800,layers.3.q_lut.lut_batched.log_soft_score_temp,5.125033e-01,3.024262e-02,5.900962e-02
1800,layers.3.q_lut.lut_batched.log_select_temp,8.547682e-01,1.412988e-02,1.653065e-02
1800,layers.3.k_lut.compress.weight,9.813105e+00,7.208461e-01,7.345749e-02
1800,layers.3.k_lut.compress.bias,5.281897e-01,2.348354e-02,4.446043e-02
1800,layers.3.k_lut.lut_batched.weights,3.019364e+01,7.931490e+00,2.626875e-01
1800,layers.3.k_lut.lut_batched.log_soft_score_temp,5.786846e-01,2.394474e-02,4.137787e-02
1800,layers.3.k_lut.lut_batched.log_select_temp,8.453249e-01,1.617444e-02,1.913399e-02
1800,layers.3.v_lut.compress.weight,9.933535e+00,5.990875e-01,6.030960e-02
1800,layers.3.v_lut.compress.bias,5.035214e-01,1.138800e-02,2.261671e-02
1800,layers.3.v_lut.lut_batched.weights,3.333243e+01,7.439593e+00,2.231938e-01
1800,layers.3.v_lut.lut_batched.log_soft_score_temp,7.584118e-01,3.646433e-03,4.807986e-03
1800,layers.3.v_lut.lut_batched.log_select_temp,8.016816e-01,1.745665e-02,2.177504e-02
1800,layers.3.out_proj.compress.weight,8.525904e+00,5.042871e-01,5.914764e-02
1800,layers.3.out_proj.compress.bias,4.273472e-01,5.112259e-03,1.196278e-02
1800,layers.3.out_proj.lut_batched.weights,1.306966e+01,5.266609e+00,4.029645e-01
1800,layers.3.out_proj.lut_batched.log_soft_score_temp,7.809111e-01,7.946253e-03,1.017562e-02
1800,layers.3.out_proj.lut_batched.log_select_temp,8.682994e-01,2.139777e-02,2.464331e-02
1800,layers.3.out_proj.decompress.weight,9.240282e+00,8.310091e-01,8.993330e-02
1800,layers.3.out_proj.decompress.bias,5.505845e-01,1.017904e-02,1.848769e-02
1800,layers.3.q_norm.weight,8.334529e+00,3.484143e-02,4.180371e-03
1800,layers.3.q_norm.bias,2.564048e-01,1.961439e-02,7.649774e-02
1800,layers.3.k_norm.weight,8.314101e+00,3.267431e-02,3.929987e-03
1800,layers.3.k_norm.bias,4.185391e-01,3.443387e-02,8.227157e-02
1800,layers.3.ln_pre.weight,1.967172e+01,3.610278e-02,1.835263e-03
1800,layers.3.ln_pre.bias,1.310007e-01,1.377999e-02,1.051903e-01
1800,layers.4.q_lut.compress.weight,9.892488e+00,8.347547e-01,8.438268e-02
1800,layers.4.q_lut.compress.bias,5.457982e-01,2.907329e-02,5.326747e-02
1800,layers.4.q_lut.lut_batched.weights,3.026577e+01,8.044835e+00,2.658064e-01
1800,layers.4.q_lut.lut_batched.log_soft_score_temp,5.325228e-01,2.955282e-02,5.549587e-02
1800,layers.4.q_lut.lut_batched.log_select_temp,8.209884e-01,1.535910e-02,1.870807e-02
1800,layers.4.k_lut.compress.weight,9.831830e+00,7.720873e-01,7.852936e-02
1800,layers.4.k_lut.compress.bias,5.435685e-01,2.724635e-02,5.012496e-02
1800,layers.4.k_lut.lut_batched.weights,3.006004e+01,7.936884e+00,2.640344e-01
1800,layers.4.k_lut.lut_batched.log_soft_score_temp,5.275517e-01,2.731532e-02,5.177752e-02
1800,layers.4.k_lut.lut_batched.log_select_temp,8.282102e-01,1.528740e-02,1.845836e-02
1800,layers.4.v_lut.compress.weight,9.933586e+00,6.537815e-01,6.581525e-02
1800,layers.4.v_lut.compress.bias,5.121158e-01,1.249698e-02,2.440265e-02
1800,layers.4.v_lut.lut_batched.weights,3.381108e+01,7.493621e+00,2.216321e-01
1800,layers.4.v_lut.lut_batched.log_soft_score_temp,7.445710e-01,1.982570e-03,2.662701e-03
1800,layers.4.v_lut.lut_batched.log_select_temp,7.893744e-01,1.643956e-02,2.082606e-02
1800,layers.4.out_proj.compress.weight,8.416145e+00,4.998810e-01,5.939548e-02
1800,layers.4.out_proj.compress.bias,4.160612e-01,6.190389e-03,1.487856e-02
1800,layers.4.out_proj.lut_batched.weights,1.299035e+01,5.279212e+00,4.063948e-01
1800,layers.4.out_proj.lut_batched.log_soft_score_temp,7.645549e-01,1.113760e-02,1.456744e-02
1800,layers.4.out_proj.lut_batched.log_select_temp,8.582776e-01,2.468085e-02,2.875626e-02
1800,layers.4.out_proj.decompress.weight,8.922094e+00,8.326549e-01,9.332505e-02
1800,layers.4.out_proj.decompress.bias,5.704169e-01,1.121034e-02,1.965289e-02
1800,layers.4.q_norm.weight,8.356005e+00,3.333141e-02,3.988917e-03
1800,layers.4.q_norm.bias,2.244357e-01,1.745109e-02,7.775542e-02
1800,layers.4.k_norm.weight,8.337626e+00,3.142722e-02,3.769325e-03
1800,layers.4.k_norm.bias,5.109385e-01,2.834644e-02,5.547917e-02
1800,layers.4.ln_pre.weight,1.962880e+01,4.388097e-02,2.235540e-03
1800,layers.4.ln_pre.bias,1.765404e-01,1.521419e-02,8.617969e-02
1800,layers.5.q_lut.compress.weight,9.850622e+00,8.376533e-01,8.503558e-02
1800,layers.5.q_lut.compress.bias,5.303546e-01,2.885952e-02,5.441552e-02
1800,layers.5.q_lut.lut_batched.weights,3.045694e+01,8.079412e+00,2.652732e-01
1800,layers.5.q_lut.lut_batched.log_soft_score_temp,5.569292e-01,2.710468e-02,4.866808e-02
1800,layers.5.q_lut.lut_batched.log_select_temp,7.837940e-01,1.097637e-02,1.400416e-02
1800,layers.5.k_lut.compress.weight,9.802261e+00,7.521914e-01,7.673652e-02
1800,layers.5.k_lut.compress.bias,5.200818e-01,2.923003e-02,5.620276e-02
1800,layers.5.k_lut.lut_batched.weights,3.041407e+01,7.959042e+00,2.616895e-01
1800,layers.5.k_lut.lut_batched.log_soft_score_temp,5.467247e-01,2.821165e-02,5.160121e-02
1800,layers.5.k_lut.lut_batched.log_select_temp,8.135657e-01,8.763492e-03,1.077171e-02
1800,layers.5.v_lut.compress.weight,9.926912e+00,5.948402e-01,5.992197e-02
1800,layers.5.v_lut.compress.bias,5.222462e-01,1.006779e-02,1.927786e-02
1800,layers.5.v_lut.lut_batched.weights,3.602824e+01,7.385302e+00,2.049865e-01
1800,layers.5.v_lut.lut_batched.log_soft_score_temp,7.421616e-01,3.422797e-03,4.611929e-03
1800,layers.5.v_lut.lut_batched.log_select_temp,7.578171e-01,9.061873e-03,1.195786e-02
1800,layers.5.out_proj.compress.weight,8.391015e+00,4.907331e-01,5.848316e-02
1800,layers.5.out_proj.compress.bias,4.045286e-01,5.207542e-03,1.287311e-02
1800,layers.5.out_proj.lut_batched.weights,1.367634e+01,5.333222e+00,3.899597e-01
1800,layers.5.out_proj.lut_batched.log_soft_score_temp,7.570083e-01,8.950770e-03,1.182387e-02
1800,layers.5.out_proj.lut_batched.log_select_temp,8.340643e-01,1.958793e-02,2.348492e-02
1800,layers.5.out_proj.decompress.weight,9.241458e+00,7.693449e-01,8.324930e-02
1800,layers.5.out_proj.decompress.bias,5.569844e-01,1.361563e-02,2.444526e-02
1800,layers.5.q_norm.weight,8.170135e+00,2.715985e-02,3.324285e-03
1800,layers.5.q_norm.bias,1.532358e-01,1.604941e-02,1.047367e-01
1800,layers.5.k_norm.weight,8.158388e+00,2.525776e-02,3.095926e-03
1800,layers.5.k_norm.bias,2.404790e-01,2.101739e-02,8.739804e-02
1800,layers.5.ln_pre.weight,1.965717e+01,3.561169e-02,1.811639e-03
1800,layers.5.ln_pre.bias,1.720669e-01,1.080900e-02,6.281857e-02
1800,ln_final.weight,2.658819e+01,7.099824e-01,2.670292e-02
1800,ln_final.bias,2.002050e+00,1.153402e-01,5.761104e-02
1800,unembedder.weight,1.597796e+02,1.318615e+01,8.252713e-02
2000,tok_emb_E.weight,2.141955e+02,8.546208e+00,3.989910e-02
2000,layers.0.q_lut.compress.weight,1.020060e+01,6.788738e-01,6.655235e-02
2000,layers.0.q_lut.compress.bias,5.261824e-01,3.614239e-02,6.868796e-02
2000,layers.0.q_lut.lut_batched.weights,3.072574e+01,6.208638e+00,2.020663e-01
2000,layers.0.q_lut.lut_batched.log_soft_score_temp,9.314701e-01,1.279318e-02,1.373440e-02
2000,layers.0.q_lut.lut_batched.log_select_temp,9.822559e-01,2.438182e-02,2.482226e-02
2000,layers.0.k_lut.compress.weight,1.001847e+01,7.511089e-01,7.497245e-02
2000,layers.0.k_lut.compress.bias,4.790252e-01,3.548254e-02,7.407238e-02
2000,layers.0.k_lut.lut_batched.weights,3.081639e+01,6.512109e+00,2.113197e-01
2000,layers.0.k_lut.lut_batched.log_soft_score_temp,7.893335e-01,1.097208e-02,1.390044e-02
2000,layers.0.k_lut.lut_batched.log_select_temp,8.379020e-01,1.786166e-02,2.131713e-02
2000,layers.0.v_lut.compress.weight,1.074522e+01,6.432175e-01,5.986078e-02
2000,layers.0.v_lut.compress.bias,5.152274e-01,2.496835e-02,4.846084e-02
2000,layers.0.v_lut.lut_batched.weights,3.633490e+01,6.235171e+00,1.716028e-01
2000,layers.0.v_lut.lut_batched.log_soft_score_temp,8.348863e-01,1.723653e-02,2.064536e-02
2000,layers.0.v_lut.lut_batched.log_select_temp,7.879686e-01,1.266807e-02,1.607688e-02
2000,layers.0.out_proj.compress.weight,8.672082e+00,3.821912e-01,4.407145e-02
2000,layers.0.out_proj.compress.bias,4.915742e-01,5.126541e-03,1.042883e-02
2000,layers.0.out_proj.lut_batched.weights,2.183692e+01,5.220738e+00,2.390785e-01
2000,layers.0.out_proj.lut_batched.log_soft_score_temp,8.018405e-01,4.210234e-03,5.250712e-03
2000,layers.0.out_proj.lut_batched.log_select_temp,8.913257e-01,1.771748e-02,1.987767e-02
2000,layers.0.out_proj.decompress.weight,1.050036e+01,6.207116e-01,5.911338e-02
2000,layers.0.out_proj.decompress.bias,5.603840e-01,6.748400e-03,1.204246e-02
2000,layers.0.q_norm.weight,9.021276e+00,5.809951e-02,6.440276e-03
2000,layers.0.q_norm.bias,5.566151e-01,2.713711e-02,4.875381e-02
2000,layers.0.k_norm.weight,9.019961e+00,5.690252e-02,6.308510e-03
2000,layers.0.k_norm.bias,5.178828e-01,2.974889e-02,5.744330e-02
2000,layers.0.ln_pre.weight,2.009118e+01,4.144557e-02,2.062874e-03
2000,layers.0.ln_pre.bias,1.856917e-01,3.447970e-02,1.856825e-01
2000,layers.1.q_lut.compress.weight,9.924294e+00,6.953527e-01,7.006572e-02
2000,layers.1.q_lut.compress.bias,4.909369e-01,2.130922e-02,4.340521e-02
2000,layers.1.q_lut.lut_batched.weights,3.116452e+01,7.071978e+00,2.269240e-01
2000,layers.1.q_lut.lut_batched.log_soft_score_temp,6.340967e-01,1.661938e-02,2.620954e-02
2000,layers.1.q_lut.lut_batched.log_select_temp,9.301453e-01,1.740539e-02,1.871255e-02
2000,layers.1.k_lut.compress.weight,9.863385e+00,7.064227e-01,7.162071e-02
2000,layers.1.k_lut.compress.bias,5.185611e-01,2.590679e-02,4.995899e-02
2000,layers.1.k_lut.lut_batched.weights,3.040842e+01,7.009196e+00,2.305018e-01
2000,layers.1.k_lut.lut_batched.log_soft_score_temp,5.567628e-01,1.836687e-02,3.298869e-02
2000,layers.1.k_lut.lut_batched.log_select_temp,8.598888e-01,1.394832e-02,1.622108e-02
2000,layers.1.v_lut.compress.weight,1.006927e+01,6.153005e-01,6.110674e-02
2000,layers.1.v_lut.compress.bias,4.828778e-01,1.241531e-02,2.571108e-02
2000,layers.1.v_lut.lut_batched.weights,3.278485e+01,6.849269e+00,2.089157e-01
2000,layers.1.v_lut.lut_batched.log_soft_score_temp,7.437879e-01,1.148111e-02,1.543600e-02
2000,layers.1.v_lut.lut_batched.log_select_temp,8.831812e-01,1.537359e-02,1.740706e-02
2000,layers.1.out_proj.compress.weight,8.610411e+00,4.308434e-01,5.003750e-02
2000,layers.1.out_proj.compress.bias,4.459370e-01,6.698757e-03,1.502176e-02
2000,layers.1.out_proj.lut_batched.weights,1.647183e+01,4.719143e+00,2.864979e-01
2000,layers.1.out_proj.lut_batched.log_soft_score_temp,7.839131e-01,3.396094e-03,4.332233e-03
2000,layers.1.out_proj.lut_batched.log_select_temp,9.396430e-01,2.159977e-02,2.298721e-02
2000,layers.1.out_proj.decompress.weight,9.677320e+00,6.976268e-01,7.208885e-02
2000,layers.1.out_proj.decompress.bias,5.631363e-01,7.181788e-03,1.275320e-02
2000,layers.1.q_norm.weight,8.649518e+00,3.821836e-02,4.418554e-03
2000,layers.1.q_norm.bias,4.353376e-01,2.382929e-02,5.473750e-02
2000,layers.1.k_norm.weight,8.615223e+00,3.690123e-02,4.283259e-03
2000,layers.1.k_norm.bias,6.995953e-01,3.814838e-02,5.452922e-02
2000,layers.1.ln_pre.weight,1.969102e+01,3.492260e-02,1.773529e-03
2000,layers.1.ln_pre.bias,1.102630e-01,1.200340e-02,1.088616e-01
2000,layers.2.q_lut.compress.weight,9.926295e+00,7.309833e-01,7.364110e-02
2000,layers.2.q_lut.compress.bias,5.397564e-01,2.371834e-02,4.394267e-02
2000,layers.2.q_lut.lut_batched.weights,3.133245e+01,7.151208e+00,2.282365e-01
2000,layers.2.q_lut.lut_batched.log_soft_score_temp,5.412101e-01,2.167481e-02,4.004879e-02
2000,layers.2.q_lut.lut_batched.log_select_temp,8.816068e-01,1.611882e-02,1.828346e-02
2000,layers.2.k_lut.compress.weight,9.816424e+00,7.064239e-01,7.196346e-02
2000,layers.2.k_lut.compress.bias,5.237101e-01,2.611431e-02,4.986406e-02
2000,layers.2.k_lut.lut_batched.weights,3.057795e+01,7.110764e+00,2.325455e-01
2000,layers.2.k_lut.lut_batched.log_soft_score_temp,5.026693e-01,2.183902e-02,4.344610e-02
2000,layers.2.k_lut.lut_batched.log_select_temp,8.760081e-01,1.613116e-02,1.841440e-02
2000,layers.2.v_lut.compress.weight,9.970361e+00,6.121308e-01,6.139505e-02
2000,layers.2.v_lut.compress.bias,5.077399e-01,1.194459e-02,2.352501e-02
2000,layers.2.v_lut.lut_batched.weights,3.505036e+01,6.886242e+00,1.964671e-01
2000,layers.2.v_lut.lut_batched.log_soft_score_temp,7.168564e-01,9.502888e-03,1.325633e-02
2000,layers.2.v_lut.lut_batched.log_select_temp,8.207316e-01,1.470768e-02,1.792021e-02
2000,layers.2.out_proj.compress.weight,8.532983e+00,4.479229e-01,5.249312e-02
2000,layers.2.out_proj.compress.bias,4.227487e-01,5.449807e-03,1.289136e-02
2000,layers.2.out_proj.lut_batched.weights,1.459072e+01,4.716678e+00,3.232656e-01
2000,layers.2.out_proj.lut_batched.log_soft_score_temp,8.192927e-01,2.475619e-03,3.021654e-03
2000,layers.2.out_proj.lut_batched.log_select_temp,9.494642e-01,2.536243e-02,2.671236e-02
2000,layers.2.out_proj.decompress.weight,9.426627e+00,7.180805e-01,7.617576e-02
2000,layers.2.out_proj.decompress.bias,5.699492e-01,7.534879e-03,1.322026e-02
2000,layers.2.q_norm.weight,8.647615e+00,4.082723e-02,4.721212e-03
2000,layers.2.q_norm.bias,3.651520e-01,2.234259e-02,6.118709e-02
2000,layers.2.k_norm.weight,8.605936e+00,3.940955e-02,4.579345e-03
2000,layers.2.k_norm.bias,6.338636e-01,3.874559e-02,6.112607e-02
2000,layers.2.ln_pre.weight,1.965799e+01,3.768898e-02,1.917235e-03
2000,layers.2.ln_pre.bias,1.254303e-01,1.326064e-02,1.057211e-01
2000,layers.3.q_lut.compress.weight,9.884474e+00,7.535522e-01,7.623594e-02
2000,layers.3.q_lut.compress.bias,5.079919e-01,2.579781e-02,5.078391e-02
2000,layers.3.q_lut.lut_batched.weights,3.191686e+01,7.293469e+00,2.285146e-01
2000,layers.3.q_lut.lut_batched.log_soft_score_temp,4.877899e-01,2.471337e-02,5.066396e-02
2000,layers.3.q_lut.lut_batched.log_select_temp,8.699696e-01,1.520139e-02,1.747347e-02
2000,layers.3.k_lut.compress.weight,9.808677e+00,6.605326e-01,6.734166e-02
2000,layers.3.k_lut.compress.bias,5.331602e-01,2.485428e-02,4.661691e-02
2000,layers.3.k_lut.lut_batched.weights,3.122311e+01,7.154156e+00,2.291301e-01
2000,layers.3.k_lut.lut_batched.log_soft_score_temp,5.577368e-01,2.094781e-02,3.755860e-02
2000,layers.3.k_lut.lut_batched.log_select_temp,8.595302e-01,1.420534e-02,1.652686e-02
2000,layers.3.v_lut.compress.weight,9.926407e+00,5.527771e-01,5.568753e-02
2000,layers.3.v_lut.compress.bias,5.027696e-01,1.129073e-02,2.245706e-02
2000,layers.3.v_lut.lut_batched.weights,3.440831e+01,6.697891e+00,1.946591e-01
2000,layers.3.v_lut.lut_batched.log_soft_score_temp,7.582439e-01,1.679063e-04,2.214410e-04
2000,layers.3.v_lut.lut_batched.log_select_temp,8.175826e-01,1.590097e-02,1.944876e-02
2000,layers.3.out_proj.compress.weight,8.540261e+00,4.663173e-01,5.460223e-02
2000,layers.3.out_proj.compress.bias,4.263748e-01,4.755432e-03,1.115317e-02
2000,layers.3.out_proj.lut_batched.weights,1.317248e+01,4.776186e+00,3.625883e-01
2000,layers.3.out_proj.lut_batched.log_soft_score_temp,7.877110e-01,6.799817e-03,8.632376e-03
2000,layers.3.out_proj.lut_batched.log_select_temp,8.882756e-01,1.997626e-02,2.248881e-02
2000,layers.3.out_proj.decompress.weight,9.054650e+00,7.442132e-01,8.219127e-02
2000,layers.3.out_proj.decompress.bias,5.491855e-01,8.806851e-03,1.603620e-02
2000,layers.3.q_norm.weight,8.359493e+00,2.931157e-02,3.506382e-03
2000,layers.3.q_norm.bias,2.717878e-01,1.778217e-02,6.542668e-02
2000,layers.3.k_norm.weight,8.337780e+00,2.766442e-02,3.317959e-03
2000,layers.3.k_norm.bias,4.418173e-01,2.653735e-02,6.006408e-02
2000,layers.3.ln_pre.weight,1.966616e+01,3.385165e-02,1.721315e-03
2000,layers.3.ln_pre.bias,1.374397e-01,1.425907e-02,1.037478e-01
2000,layers.4.q_lut.compress.weight,9.885342e+00,7.616444e-01,7.704785e-02
2000,layers.4.q_lut.compress.bias,5.493221e-01,2.606909e-02,4.745683e-02
2000,layers.4.q_lut.lut_batched.weights,3.128069e+01,7.239644e+00,2.314413e-01
2000,layers.4.q_lut.lut_batched.log_soft_score_temp,5.063160e-01,2.620679e-02,5.175975e-02
2000,layers.4.q_lut.lut_batched.log_select_temp,8.344948e-01,1.350641e-02,1.618514e-02
2000,layers.4.k_lut.compress.weight,9.826908e+00,7.054272e-01,7.178527e-02
2000,layers.4.k_lut.compress.bias,5.475177e-01,2.551081e-02,4.659358e-02
2000,layers.4.k_lut.lut_batched.weights,3.105971e+01,7.190071e+00,2.314919e-01
2000,layers.4.k_lut.lut_batched.log_soft_score_temp,5.039111e-01,2.364063e-02,4.691429e-02
2000,layers.4.k_lut.lut_batched.log_select_temp,8.440155e-01,1.580536e-02,1.872639e-02
2000,layers.4.v_lut.compress.weight,9.928102e+00,6.050005e-01,6.093818e-02
2000,layers.4.v_lut.compress.bias,5.120670e-01,1.156016e-02,2.257548e-02
2000,layers.4.v_lut.lut_batched.weights,3.494608e+01,6.740426e+00,1.928808e-01
2000,layers.4.v_lut.lut_batched.log_soft_score_temp,7.445363e-01,3.468990e-05,4.659263e-05
2000,layers.4.v_lut.lut_batched.log_select_temp,8.053392e-01,1.596475e-02,1.982363e-02
2000,layers.4.out_proj.compress.weight,8.441669e+00,4.575194e-01,5.419774e-02
2000,layers.4.out_proj.compress.bias,4.156010e-01,5.699243e-03,1.371326e-02
2000,layers.4.out_proj.lut_batched.weights,1.316962e+01,4.795398e+00,3.641257e-01
2000,layers.4.out_proj.lut_batched.log_soft_score_temp,7.753423e-01,1.078737e-02,1.391304e-02
2000,layers.4.out_proj.lut_batched.log_select_temp,8.815011e-01,2.322346e-02,2.634536e-02
2000,layers.4.out_proj.decompress.weight,8.746951e+00,7.440262e-01,8.506120e-02
2000,layers.4.out_proj.decompress.bias,5.683268e-01,9.849525e-03,1.733074e-02
2000,layers.4.q_norm.weight,8.380677e+00,2.849868e-02,3.400523e-03
2000,layers.4.q_norm.bias,2.372624e-01,1.519245e-02,6.403226e-02
2000,layers.4.k_norm.weight,8.360631e+00,2.765705e-02,3.308010e-03
2000,layers.4.k_norm.bias,5.349850e-01,2.880519e-02,5.384299e-02
2000,layers.4.ln_pre.weight,1.962119e+01,3.857949e-02,1.966216e-03
2000,layers.4.ln_pre.bias,1.845326e-01,1.586723e-02,8.598606e-02
2000,layers.5.q_lut.compress.weight,9.842000e+00,7.590722e-01,7.712581e-02
2000,layers.5.q_lut.compress.bias,5.330654e-01,2.715455e-02,5.094038e-02
2000,layers.5.q_lut.lut_batched.weights,3.145408e+01,7.291534e+00,2.318152e-01
2000,layers.5.q_lut.lut_batched.log_soft_score_temp,5.334516e-01,2.347767e-02,4.401088e-02
2000,layers.5.q_lut.lut_batched.log_select_temp,7.949027e-01,1.110870e-02,1.397491e-02
2000,layers.5.k_lut.compress.weight,9.794179e+00,6.958037e-01,7.104258e-02
2000,layers.5.k_lut.compress.bias,5.208963e-01,2.621268e-02,5.032225e-02
2000,layers.5.k_lut.lut_batched.weights,3.139540e+01,7.216113e+00,2.298462e-01
2000,layers.5.k_lut.lut_batched.log_soft_score_temp,5.201646e-01,2.656007e-02,5.106089e-02
2000,layers.5.k_lut.lut_batched.log_select_temp,8.232762e-01,9.710491e-03,1.179494e-02
2000,layers.5.v_lut.compress.weight,9.920173e+00,5.436185e-01,5.479930e-02
2000,layers.5.v_lut.compress.bias,5.228964e-01,9.240096e-03,1.767099e-02
2000,layers.5.v_lut.lut_batched.weights,3.707151e+01,6.647751e+00,1.793224e-01
2000,layers.5.v_lut.lut_batched.log_soft_score_temp,7.454669e-01,3.305316e-03,4.433887e-03
2000,layers.5.v_lut.lut_batched.log_select_temp,7.683291e-01,1.051199e-02,1.368163e-02
2000,layers.5.out_proj.compress.weight,8.423402e+00,4.467192e-01,5.303311e-02
2000,layers.5.out_proj.compress.bias,4.031311e-01,5.809962e-03,1.441209e-02
2000,layers.5.out_proj.lut_batched.weights,1.398332e+01,4.846659e+00,3.466029e-01
2000,layers.5.out_proj.lut_batched.log_soft_score_temp,7.666112e-01,9.602904e-03,1.252643e-02
2000,layers.5.out_proj.lut_batched.log_select_temp,8.537191e-01,1.965475e-02,2.302250e-02
2000,layers.5.out_proj.decompress.weight,9.134559e+00,6.865057e-01,7.515478e-02
2000,layers.5.out_proj.decompress.bias,5.555015e-01,1.280310e-02,2.304782e-02
2000,layers.5.q_norm.weight,8.186337e+00,2.341872e-02,2.860709e-03
2000,layers.5.q_norm.bias,1.632369e-01,1.370377e-02,8.395018e-02
2000,layers.5.k_norm.weight,8.173601e+00,2.375091e-02,2.905808e-03
2000,layers.5.k_norm.bias,2.538236e-01,1.946785e-02,7.669835e-02
2000,layers.5.ln_pre.weight,1.965172e+01,3.033150e-02,1.543453e-03
2000,layers.5.ln_pre.bias,1.775650e-01,1.043056e-02,5.874221e-02
2000,ln_final.weight,2.722297e+01,6.351431e-01,2.333115e-02
2000,ln_final.bias,2.072985e+00,9.646011e-02,4.653198e-02
2000,unembedder.weight,1.625075e+02,1.172155e+01,7.212927e-02
2200,tok_emb_E.weight,2.148356e+02,7.456959e+00,3.471006e-02
2200,layers.0.q_lut.compress.weight,1.020162e+01,6.125941e-01,6.004869e-02
2200,layers.0.q_lut.compress.bias,5.261055e-01,3.009700e-02,5.720717e-02
2200,layers.0.q_lut.lut_batched.weights,3.151480e+01,5.533586e+00,1.755869e-01
2200,layers.0.q_lut.lut_batched.log_soft_score_temp,9.403184e-01,8.848310e-03,9.409908e-03
2200,layers.0.q_lut.lut_batched.log_select_temp,1.002121e+00,1.986492e-02,1.982288e-02
2200,layers.0.k_lut.compress.weight,1.002134e+01,6.704350e-01,6.690072e-02
2200,layers.0.k_lut.compress.bias,4.840429e-01,3.545240e-02,7.324228e-02
2200,layers.0.k_lut.lut_batched.weights,3.160888e+01,5.756747e+00,1.821243e-01
2200,layers.0.k_lut.lut_batched.log_soft_score_temp,8.000243e-01,1.069081e-02,1.336310e-02
2200,layers.0.k_lut.lut_batched.log_select_temp,8.540002e-01,1.609814e-02,1.885028e-02
2200,layers.0.v_lut.compress.weight,1.075778e+01,5.807932e-01,5.398822e-02
2200,layers.0.v_lut.compress.bias,5.158737e-01,2.206433e-02,4.277080e-02
2200,layers.0.v_lut.lut_batched.weights,3.718049e+01,5.541303e+00,1.490379e-01
2200,layers.0.v_lut.lut_batched.log_soft_score_temp,8.512560e-01,1.636976e-02,1.923013e-02
2200,layers.0.v_lut.lut_batched.log_select_temp,8.004820e-01,1.251340e-02,1.563233e-02
2200,layers.0.out_proj.compress.weight,8.670991e+00,3.479522e-01,4.012831e-02
2200,layers.0.out_proj.compress.bias,4.919543e-01,4.623373e-03,9.397973e-03
2200,layers.0.out_proj.lut_batched.weights,2.197715e+01,4.613886e+00,2.099401e-01
2200,layers.0.out_proj.lut_batched.log_soft_score_temp,8.063165e-01,4.476011e-03,5.551183e-03
2200,layers.0.out_proj.lut_batched.log_select_temp,9.079785e-01,1.665282e-02,1.834055e-02
2200,layers.0.out_proj.decompress.weight,1.037379e+01,5.579453e-01,5.378414e-02
2200,layers.0.out_proj.decompress.bias,5.582717e-01,6.019083e-03,1.078164e-02
2200,layers.0.q_norm.weight,9.062647e+00,4.788433e-02,5.283702e-03
2200,layers.0.q_norm.bias,5.805022e-01,2.566819e-02,4.421722e-02
2200,layers.0.k_norm.weight,9.060239e+00,4.661788e-02,5.145325e-03
2200,layers.0.k_norm.bias,5.416209e-01,2.659382e-02,4.910043e-02
2200,layers.0.ln_pre.weight,2.010609e+01,3.802682e-02,1.891309e-03
2200,layers.0.ln_pre.bias,1.904361e-01,2.849661e-02,1.496387e-01
2200,layers.1.q_lut.compress.weight,9.917901e+00,6.266026e-01,6.317896e-02
2200,layers.1.q_lut.compress.bias,4.912019e-01,2.041230e-02,4.155582e-02
2200,layers.1.q_lut.lut_batched.weights,3.195998e+01,6.272935e+00,1.962747e-01
2200,layers.1.q_lut.lut_batched.log_soft_score_temp,6.211119e-01,1.298481e-02,2.090575e-02
2200,layers.1.q_lut.lut_batched.log_select_temp,9.448504e-01,1.470518e-02,1.556350e-02
2200,layers.1.k_lut.compress.weight,9.858018e+00,6.367570e-01,6.459280e-02
2200,layers.1.k_lut.compress.bias,5.177229e-01,2.260284e-02,4.365818e-02
2200,layers.1.k_lut.lut_batched.weights,3.118209e+01,6.218092e+00,1.994123e-01
2200,layers.1.k_lut.lut_batched.log_soft_score_temp,5.431579e-01,1.360488e-02,2.504774e-02
2200,layers.1.k_lut.lut_batched.log_select_temp,8.729736e-01,1.308477e-02,1.498873e-02
2200,layers.1.v_lut.compress.weight,1.005798e+01,5.519967e-01,5.488148e-02
2200,layers.1.v_lut.compress.bias,4.828856e-01,1.200141e-02,2.485352e-02
2200,layers.1.v_lut.lut_batched.weights,3.354341e+01,6.059367e+00,1.806425e-01
2200,layers.1.v_lut.lut_batched.log_soft_score_temp,7.318666e-01,1.192129e-02,1.628888e-02
2200,layers.1.v_lut.lut_batched.log_select_temp,8.963881e-01,1.320690e-02,1.473346e-02
2200,layers.1.out_proj.compress.weight,8.598971e+00,3.856379e-01,4.484698e-02
2200,layers.1.out_proj.compress.bias,4.454024e-01,5.960044e-03,1.338125e-02
2200,layers.1.out_proj.lut_batched.weights,1.649239e+01,4.205544e+00,2.549990e-01
2200,layers.1.out_proj.lut_batched.log_soft_score_temp,7.793238e-01,4.589319e-03,5.888848e-03
2200,layers.1.out_proj.lut_batched.log_select_temp,9.594377e-01,1.979470e-02,2.063157e-02
2200,layers.1.out_proj.decompress.weight,9.524114e+00,6.213158e-01,6.523607e-02
2200,layers.1.out_proj.decompress.bias,5.617349e-01,6.418389e-03,1.142601e-02
2200,layers.1.q_norm.weight,8.675675e+00,2.959708e-02,3.411501e-03
2200,layers.1.q_norm.bias,4.535932e-01,1.953411e-02,4.306527e-02
2200,layers.1.k_norm.weight,8.639885e+00,2.842583e-02,3.290070e-03
2200,layers.1.k_norm.bias,7.296240e-01,3.201038e-02,4.387243e-02
2200,layers.1.ln_pre.weight,1.968426e+01,2.956013e-02,1.501714e-03
2200,layers.1.ln_pre.bias,1.125468e-01,1.147685e-02,1.019740e-01
2200,layers.2.q_lut.compress.weight,9.917808e+00,6.516434e-01,6.570438e-02
2200,layers.2.q_lut.compress.bias,5.407838e-01,2.158848e-02,3.992073e-02
2200,layers.2.q_lut.lut_batched.weights,3.211257e+01,6.346970e+00,1.976475e-01
2200,layers.2.q_lut.lut_batched.log_soft_score_temp,5.206617e-01,2.054846e-02,3.946606e-02
2200,layers.2.q_lut.lut_batched.log_select_temp,8.956192e-01,1.401240e-02,1.564549e-02
2200,layers.2.k_lut.compress.weight,9.807613e+00,6.234279e-01,6.356571e-02
2200,layers.2.k_lut.compress.bias,5.251585e-01,2.215746e-02,4.219196e-02
2200,layers.2.k_lut.lut_batched.weights,3.134527e+01,6.268024e+00,1.999672e-01
2200,layers.2.k_lut.lut_batched.log_soft_score_temp,4.821362e-01,2.053314e-02,4.258785e-02
2200,layers.2.k_lut.lut_batched.log_select_temp,8.883283e-01,1.232016e-02,1.386893e-02
2200,layers.2.v_lut.compress.weight,9.959505e+00,5.514870e-01,5.537294e-02
2200,layers.2.v_lut.compress.bias,5.070990e-01,1.141059e-02,2.250169e-02
2200,layers.2.v_lut.lut_batched.weights,3.585514e+01,6.106196e+00,1.703018e-01
2200,layers.2.v_lut.lut_batched.log_soft_score_temp,7.051938e-01,1.166260e-02,1.653815e-02
2200,layers.2.v_lut.lut_batched.log_select_temp,8.341911e-01,1.345944e-02,1.613473e-02
2200,layers.2.out_proj.compress.weight,8.533358e+00,4.043757e-01,4.738764e-02
2200,layers.2.out_proj.compress.bias,4.230374e-01,5.628127e-03,1.330409e-02
2200,layers.2.out_proj.lut_batched.weights,1.465668e+01,4.200057e+00,2.865627e-01
2200,layers.2.out_proj.lut_batched.log_soft_score_temp,8.217595e-01,2.466857e-03,3.001921e-03
2200,layers.2.out_proj.lut_batched.log_select_temp,9.720851e-01,2.262086e-02,2.327045e-02
2200,layers.2.out_proj.decompress.weight,9.277658e+00,6.319740e-01,6.811785e-02
2200,layers.2.out_proj.decompress.bias,5.689610e-01,6.779508e-03,1.191559e-02
2200,layers.2.q_norm.weight,8.676891e+00,3.343263e-02,3.853065e-03
2200,layers.2.q_norm.bias,3.821466e-01,1.866310e-02,4.883755e-02
2200,layers.2.k_norm.weight,8.633630e+00,3.184248e-02,3.688191e-03
2200,layers.2.k_norm.bias,6.659218e-01,3.439149e-02,5.164494e-02
2200,layers.2.ln_pre.weight,1.964782e+01,3.443770e-02,1.752749e-03
2200,layers.2.ln_pre.bias,1.278028e-01,1.315878e-02,1.029616e-01
2200,layers.3.q_lut.compress.weight,9.874442e+00,6.716217e-01,6.801616e-02
2200,layers.3.q_lut.compress.bias,5.062495e-01,2.308959e-02,4.560912e-02
2200,layers.3.q_lut.lut_batched.weights,3.268811e+01,6.436999e+00,1.969217e-01
2200,layers.3.q_lut.lut_batched.log_soft_score_temp,4.644223e-01,2.336761e-02,5.031544e-02
2200,layers.3.q_lut.lut_batched.log_select_temp,8.813703e-01,1.140070e-02,1.293520e-02
2200,layers.3.k_lut.compress.weight,9.800599e+00,5.918997e-01,6.039424e-02
2200,layers.3.k_lut.compress.bias,5.357502e-01,1.925224e-02,3.593511e-02
2200,layers.3.k_lut.lut_batched.weights,3.201650e+01,6.355685e+00,1.985128e-01
2200,layers.3.k_lut.lut_batched.log_soft_score_temp,5.396567e-01,1.808012e-02,3.350299e-02
2200,layers.3.k_lut.lut_batched.log_select_temp,8.714393e-01,1.190913e-02,1.366604e-02
2200,layers.3.v_lut.compress.weight,9.918203e+00,5.074943e-01,5.116797e-02
2200,layers.3.v_lut.compress.bias,5.024326e-01,1.041569e-02,2.073053e-02
2200,layers.3.v_lut.lut_batched.weights,3.526991e+01,5.943253e+00,1.685078e-01
2200,layers.3.v_lut.lut_batched.log_soft_score_temp,7.574332e-01,8.107424e-04,1.070381e-03
2200,layers.3.v_lut.lut_batched.log_select_temp,8.341470e-01,1.656443e-02,1.985792e-02
2200,layers.3.out_proj.compress.weight,8.553761e+00,4.166617e-01,4.871094e-02
2200,layers.3.out_proj.compress.bias,4.255445e-01,4.605073e-03,1.082160e-02
2200,layers.3.out_proj.lut_batched.weights,1.322621e+01,4.252191e+00,3.214974e-01
2200,layers.3.out_proj.lut_batched.log_soft_score_temp,7.949976e-01,7.286608e-03,9.165573e-03
2200,layers.3.out_proj.lut_batched.log_select_temp,9.067860e-01,1.851040e-02,2.041320e-02
2200,layers.3.out_proj.decompress.weight,8.906818e+00,6.581957e-01,7.389796e-02
2200,layers.3.out_proj.decompress.bias,5.479929e-01,7.416468e-03,1.353388e-02
2200,layers.3.q_norm.weight,8.383492e+00,2.775039e-02,3.310123e-03
2200,layers.3.q_norm.bias,2.872519e-01,1.691337e-02,5.887992e-02
2200,layers.3.k_norm.weight,8.360443e+00,2.674590e-02,3.199101e-03
2200,layers.3.k_norm.bias,4.634616e-01,2.432862e-02,5.249328e-02
2200,layers.3.ln_pre.weight,1.966046e+01,2.846243e-02,1.447699e-03
2200,layers.3.ln_pre.bias,1.405253e-01,1.090731e-02,7.761809e-02
2200,layers.4.q_lut.compress.weight,9.875496e+00,6.777645e-01,6.863094e-02
2200,layers.4.q_lut.compress.bias,5.498318e-01,2.395391e-02,4.356589e-02
2200,layers.4.q_lut.lut_batched.weights,3.206883e+01,6.436089e+00,2.006961e-01
2200,layers.4.q_lut.lut_batched.log_soft_score_temp,4.823642e-01,2.395180e-02,4.965501e-02
2200,layers.4.q_lut.lut_batched.log_select_temp,8.487053e-01,1.421052e-02,1.674377e-02
2200,layers.4.k_lut.compress.weight,9.817972e+00,6.386121e-01,6.504521e-02
2200,layers.4.k_lut.compress.bias,5.487165e-01,2.296995e-02,4.186124e-02
2200,layers.4.k_lut.lut_batched.weights,3.182678e+01,6.365851e+00,2.000156e-01
2200,layers.4.k_lut.lut_batched.log_soft_score_temp,4.829915e-01,2.091959e-02,4.331255e-02
2200,layers.4.k_lut.lut_batched.log_select_temp,8.570592e-01,1.304370e-02,1.521914e-02
2200,layers.4.v_lut.compress.weight,9.920459e+00,5.498616e-01,5.542703e-02
2200,layers.4.v_lut.compress.bias,5.121404e-01,1.158693e-02,2.262451e-02
2200,layers.4.v_lut.lut_batched.weights,3.584698e+01,5.980034e+00,1.668211e-01
2200,layers.4.v_lut.lut_batched.log_soft_score_temp,7.414289e-01,3.107429e-03,4.191135e-03
2200,layers.4.v_lut.lut_batched.log_select_temp,8.205065e-01,1.516736e-02,1.848536e-02
2200,layers.4.out_proj.compress.weight,8.463417e+00,4.125347e-01,4.874328e-02
2200,layers.4.out_proj.compress.bias,4.148886e-01,5.355743e-03,1.290887e-02
2200,layers.4.out_proj.lut_batched.weights,1.327579e+01,4.260559e+00,3.209270e-01
2200,layers.4.out_proj.lut_batched.log_soft_score_temp,7.853245e-01,9.982169e-03,1.271088e-02
2200,layers.4.out_proj.lut_batched.log_select_temp,9.024559e-01,2.095485e-02,2.321980e-02
2200,layers.4.out_proj.decompress.weight,8.603189e+00,6.562425e-01,7.627898e-02
2200,layers.4.out_proj.decompress.bias,5.672728e-01,8.178348e-03,1.441696e-02
2200,layers.4.q_norm.weight,8.401616e+00,2.606438e-02,3.102305e-03
2200,layers.4.q_norm.bias,2.471277e-01,1.339884e-02,5.421826e-02
2200,layers.4.k_norm.weight,8.380445e+00,2.673450e-02,3.190105e-03
2200,layers.4.k_norm.bias,5.505274e-01,2.185475e-02,3.969785e-02
2200,layers.4.ln_pre.weight,1.961266e+01,3.720098e-02,1.896784e-03
2200,layers.4.ln_pre.bias,1.926565e-01,1.598943e-02,8.299449e-02
2200,layers.5.q_lut.compress.weight,9.829170e+00,6.771902e-01,6.889597e-02
2200,layers.5.q_lut.compress.bias,5.343376e-01,2.413513e-02,4.516831e-02
2200,layers.5.q_lut.lut_batched.weights,3.219827e+01,6.446508e+00,2.002129e-01
2200,layers.5.q_lut.lut_batched.log_soft_score_temp,5.119342e-01,2.151734e-02,4.203145e-02
2200,layers.5.q_lut.lut_batched.log_select_temp,8.050435e-01,1.014078e-02,1.259656e-02
2200,layers.5.k_lut.compress.weight,9.784034e+00,6.171675e-01,6.307904e-02
2200,layers.5.k_lut.compress.bias,5.230250e-01,2.445949e-02,4.676544e-02
2200,layers.5.k_lut.lut_batched.weights,3.215051e+01,6.365589e+00,1.979934e-01
2200,layers.5.k_lut.lut_batched.log_soft_score_temp,4.970213e-01,2.314326e-02,4.656392e-02
2200,layers.5.k_lut.lut_batched.log_select_temp,8.329993e-01,9.723067e-03,1.167236e-02
2200,layers.5.v_lut.compress.weight,9.912035e+00,4.978451e-01,5.022632e-02
2200,layers.5.v_lut.compress.bias,5.231954e-01,8.975819e-03,1.715577e-02
2200,layers.5.v_lut.lut_batched.weights,3.788851e+01,5.894671e+00,1.555794e-01
2200,layers.5.v_lut.lut_batched.log_soft_score_temp,7.467931e-01,1.326144e-03,1.775785e-03
2200,layers.5.v_lut.lut_batched.log_select_temp,7.772860e-01,8.956909e-03,1.152331e-02
2200,layers.5.out_proj.compress.weight,8.446913e+00,4.079165e-01,4.829179e-02
2200,layers.5.out_proj.compress.bias,4.022273e-01,5.484384e-03,1.363504e-02
2200,layers.5.out_proj.lut_batched.weights,1.420516e+01,4.298254e+00,3.025841e-01
2200,layers.5.out_proj.lut_batched.log_soft_score_temp,7.741830e-01,7.571816e-03,9.780396e-03
2200,layers.5.out_proj.lut_batched.log_select_temp,8.702089e-01,1.648980e-02,1.894925e-02
2200,layers.5.out_proj.decompress.weight,9.048886e+00,6.081012e-01,6.720178e-02
2200,layers.5.out_proj.decompress.bias,5.541846e-01,1.072704e-02,1.935644e-02
2200,layers.5.q_norm.weight,8.201058e+00,2.387594e-02,2.911325e-03
2200,layers.5.q_norm.bias,1.711297e-01,1.185716e-02,6.928760e-02
2200,layers.5.k_norm.weight,8.188222e+00,2.246049e-02,2.743024e-03
2200,layers.5.k_norm.bias,2.650000e-01,1.754718e-02,6.621578e-02
2200,layers.5.ln_pre.weight,1.964653e+01,2.540237e-02,1.292970e-03
2200,layers.5.ln_pre.bias,1.843479e-01,1.050519e-02,5.698568e-02
2200,ln_final.weight,2.778035e+01,5.577062e-01,2.007556e-02
2200,ln_final.bias,2.127645e+00,7.826565e-02,3.678511e-02
2200,unembedder.weight,1.646883e+02,1.031764e+01,6.264949e-02
2400,tok_emb_E.weight,2.153349e+02,6.414847e+00,2.979010e-02
2400,layers.0.q_lut.compress.weight,1.019820e+01,5.415248e-01,5.310005e-02
2400,layers.0.q_lut.compress.bias,5.301186e-01,2.510954e-02,4.736589e-02
2400,layers.0.q_lut.lut_batched.weights,3.210530e+01,4.823931e+00,1.502534e-01
2400,layers.0.q_lut.lut_batched.log_soft_score_temp,9.469759e-01,6.657481e-03,7.030254e-03
2400,layers.0.q_lut.lut_batched.log_select_temp,1.017741e+00,1.562047e-02,1.534817e-02
2400,layers.0.k_lut.compress.weight,1.002176e+01,5.868005e-01,5.855262e-02
2400,layers.0.k_lut.compress.bias,4.870917e-01,2.858407e-02,5.868315e-02
2400,layers.0.k_lut.lut_batched.weights,3.219839e+01,5.033463e+00,1.563265e-01
2400,layers.0.k_lut.lut_batched.log_soft_score_temp,8.129007e-01,1.287633e-02,1.583998e-02
2400,layers.0.k_lut.lut_batched.log_select_temp,8.706774e-01,1.667720e-02,1.915428e-02
2400,layers.0.v_lut.compress.weight,1.076590e+01,5.149661e-01,4.783309e-02
2400,layers.0.v_lut.compress.bias,5.159657e-01,1.899994e-02,3.682403e-02
2400,layers.0.v_lut.lut_batched.weights,3.783380e+01,4.816994e+00,1.273199e-01
2400,layers.0.v_lut.lut_batched.log_soft_score_temp,8.681282e-01,1.687223e-02,1.943518e-02
2400,layers.0.v_lut.lut_batched.log_select_temp,8.138661e-01,1.338410e-02,1.644509e-02
2400,layers.0.out_proj.compress.weight,8.672394e+00,3.085407e-01,3.557734e-02
2400,layers.0.out_proj.compress.bias,4.921945e-01,4.182735e-03,8.498135e-03
2400,layers.0.out_proj.lut_batched.weights,2.204685e+01,4.000164e+00,1.814393e-01
2400,layers.0.out_proj.lut_batched.log_soft_score_temp,8.137138e-01,7.397294e-03,9.090781e-03
2400,layers.0.out_proj.lut_batched.log_select_temp,9.264875e-01,1.850897e-02,1.997757e-02
2400,layers.0.out_proj.decompress.weight,1.027006e+01,4.873453e-01,4.745302e-02
2400,layers.0.out_proj.decompress.bias,5.567011e-01,5.691356e-03,1.022336e-02
2400,layers.0.q_norm.weight,9.103057e+00,4.567524e-02,5.017571e-03
2400,layers.0.q_norm.bias,6.001698e-01,2.157905e-02,3.595491e-02
2400,layers.0.k_norm.weight,9.099889e+00,4.473310e-02,4.915786e-03
2400,layers.0.k_norm.bias,5.608734e-01,2.241612e-02,3.996646e-02
2400,layers.0.ln_pre.weight,2.011951e+01,3.196381e-02,1.588697e-03
2400,layers.0.ln_pre.bias,1.944585e-01,2.366962e-02,1.217207e-01
2400,layers.1.q_lut.compress.weight,9.909411e+00,5.473981e-01,5.524022e-02
2400,layers.1.q_lut.compress.bias,4.921512e-01,1.923850e-02,3.909064e-02
2400,layers.1.q_lut.lut_batched.weights,3.255329e+01,5.457011e+00,1.676332e-01
2400,layers.1.q_lut.lut_batched.log_soft_score_temp,6.095943e-01,1.151758e-02,1.889385e-02
2400,layers.1.q_lut.lut_batched.log_select_temp,9.596260e-01,1.477551e-02,1.539716e-02
2400,layers.1.k_lut.compress.weight,9.850398e+00,5.604973e-01,5.690098e-02
2400,layers.1.k_lut.compress.bias,5.192500e-01,2.000289e-02,3.852267e-02
2400,layers.1.k_lut.lut_batched.weights,3.175121e+01,5.377153e+00,1.693527e-01
2400,layers.1.k_lut.lut_batched.log_soft_score_temp,5.324970e-01,1.066089e-02,2.002056e-02
2400,layers.1.k_lut.lut_batched.log_select_temp,8.841599e-01,1.118630e-02,1.265190e-02
2400,layers.1.v_lut.compress.weight,1.004513e+01,4.900692e-01,4.878673e-02
2400,layers.1.v_lut.compress.bias,4.838147e-01,1.095085e-02,2.263438e-02
2400,layers.1.v_lut.lut_batched.weights,3.410708e+01,5.267493e+00,1.544399e-01
2400,layers.1.v_lut.lut_batched.log_soft_score_temp,7.206746e-01,1.119202e-02,1.552993e-02
2400,layers.1.v_lut.lut_batched.log_select_temp,9.094899e-01,1.310188e-02,1.440574e-02
2400,layers.1.out_proj.compress.weight,8.587403e+00,3.436267e-01,4.001521e-02
2400,layers.1.out_proj.compress.bias,4.454213e-01,5.410545e-03,1.214703e-02
2400,layers.1.out_proj.lut_batched.weights,1.645828e+01,3.668416e+00,2.228917e-01
2400,layers.1.out_proj.lut_batched.log_soft_score_temp,7.757207e-01,3.603041e-03,4.644766e-03
2400,layers.1.out_proj.lut_batched.log_select_temp,9.773950e-01,1.795727e-02,1.837258e-02
2400,layers.1.out_proj.decompress.weight,9.395132e+00,5.446106e-01,5.796731e-02
2400,layers.1.out_proj.decompress.bias,5.602996e-01,6.359695e-03,1.135053e-02
2400,layers.1.q_norm.weight,8.698442e+00,2.538068e-02,2.917842e-03
2400,layers.1.q_norm.bias,4.663257e-01,1.393542e-02,2.988345e-02
2400,layers.1.k_norm.weight,8.661428e+00,2.447500e-02,2.825747e-03
2400,layers.1.k_norm.bias,7.530127e-01,2.479608e-02,3.292916e-02
2400,layers.1.ln_pre.weight,1.967807e+01,2.661740e-02,1.352643e-03
2400,layers.1.ln_pre.bias,1.158273e-01,1.016119e-02,8.772710e-02
2400,layers.2.q_lut.compress.weight,9.907538e+00,5.743032e-01,5.796628e-02
2400,layers.2.q_lut.compress.bias,5.399560e-01,1.878275e-02,3.478571e-02
2400,layers.2.q_lut.lut_batched.weights,3.271100e+01,5.498885e+00,1.681051e-01
2400,layers.2.q_lut.lut_batched.log_soft_score_temp,5.042052e-01,1.645643e-02,3.263835e-02
2400,layers.2.q_lut.lut_batched.log_select_temp,9.098541e-01,1.423496e-02,1.564532e-02
2400,layers.2.k_lut.compress.weight,9.798779e+00,5.565614e-01,5.679905e-02
2400,layers.2.k_lut.compress.bias,5.254213e-01,2.063791e-02,3.927880e-02
2400,layers.2.k_lut.lut_batched.weights,3.192125e+01,5.454995e+00,1.708891e-01
2400,layers.2.k_lut.lut_batched.log_soft_score_temp,4.666232e-01,1.551300e-02,3.324525e-02
2400,layers.2.k_lut.lut_batched.log_select_temp,9.010751e-01,1.274681e-02,1.414623e-02
2400,layers.2.v_lut.compress.weight,9.946527e+00,4.945184e-01,4.971769e-02
2400,layers.2.v_lut.compress.bias,5.067956e-01,1.128439e-02,2.226615e-02
2400,layers.2.v_lut.lut_batched.weights,3.645538e+01,5.292484e+00,1.451770e-01
2400,layers.2.v_lut.lut_batched.log_soft_score_temp,6.939366e-01,1.125711e-02,1.622210e-02
2400,layers.2.v_lut.lut_batched.log_select_temp,8.465270e-01,1.233590e-02,1.457236e-02
2400,layers.2.out_proj.compress.weight,8.531688e+00,3.582210e-01,4.198712e-02
2400,layers.2.out_proj.compress.bias,4.221423e-01,5.368438e-03,1.271713e-02
2400,layers.2.out_proj.lut_batched.weights,1.467283e+01,3.675202e+00,2.504767e-01
2400,layers.2.out_proj.lut_batched.log_soft_score_temp,8.236044e-01,1.844883e-03,2.240011e-03
2400,layers.2.out_proj.lut_batched.log_select_temp,9.920250e-01,1.993990e-02,2.010020e-02
2400,layers.2.out_proj.decompress.weight,9.155969e+00,5.535208e-01,6.045464e-02
2400,layers.2.out_proj.decompress.bias,5.676401e-01,6.889149e-03,1.213647e-02
2400,layers.2.q_norm.weight,8.703584e+00,2.913810e-02,3.347828e-03
2400,layers.2.q_norm.bias,3.950484e-01,1.433120e-02,3.627708e-02
2400,layers.2.k_norm.weight,8.658800e+00,2.752881e-02,3.179287e-03
2400,layers.2.k_norm.bias,6.906710e-01,2.658892e-02,3.849723e-02
2400,layers.2.ln_pre.weight,1.963882e+01,3.120884e-02,1.589140e-03
2400,layers.2.ln_pre.bias,1.309290e-01,1.188192e-02,9.075083e-02
2400,layers.3.q_lut.compress.weight,9.863197e+00,5.920892e-01,6.003015e-02
2400,layers.3.q_lut.compress.bias,5.080853e-01,2.133917e-02,4.199918e-02
2400,layers.3.q_lut.lut_batched.weights,3.327535e+01,5.605376e+00,1.684543e-01
2400,layers.3.q_lut.lut_batched.log_soft_score_temp,4.447662e-01,1.965609e-02,4.419421e-02
2400,layers.3.q_lut.lut_batched.log_select_temp,8.933761e-01,1.200581e-02,1.343869e-02
2400,layers.3.k_lut.compress.weight,9.791213e+00,5.274061e-01,5.386525e-02
2400,layers.3.k_lut.compress.bias,5.358403e-01,1.881393e-02,3.511108e-02
2400,layers.3.k_lut.lut_batched.weights,3.261433e+01,5.505474e+00,1.688054e-01
2400,layers.3.k_lut.lut_batched.log_soft_score_temp,5.237539e-01,1.590282e-02,3.036315e-02
2400,layers.3.k_lut.lut_batched.log_select_temp,8.835734e-01,1.213408e-02,1.373296e-02
2400,layers.3.v_lut.compress.weight,9.907196e+00,4.526364e-01,4.568764e-02
2400,layers.3.v_lut.compress.bias,5.024720e-01,9.905248e-03,1.971303e-02
2400,layers.3.v_lut.lut_batched.weights,3.594832e+01,5.154965e+00,1.433993e-01
2400,layers.3.v_lut.lut_batched.log_soft_score_temp,7.546181e-01,2.815068e-03,3.730454e-03
2400,layers.3.v_lut.lut_batched.log_select_temp,8.489563e-01,1.480925e-02,1.744407e-02
2400,layers.3.out_proj.compress.weight,8.565535e+00,3.695167e-01,4.313995e-02
2400,layers.3.out_proj.compress.bias,4.250275e-01,4.484813e-03,1.055182e-02
2400,layers.3.out_proj.lut_batched.weights,1.324521e+01,3.731823e+00,2.817489e-01
2400,layers.3.out_proj.lut_batched.log_soft_score_temp,8.042614e-01,9.263873e-03,1.151848e-02
2400,layers.3.out_proj.lut_batched.log_select_temp,9.259663e-01,1.918030e-02,2.071382e-02
2400,layers.3.out_proj.decompress.weight,8.791038e+00,5.752748e-01,6.543878e-02
2400,layers.3.out_proj.decompress.bias,5.471485e-01,7.377120e-03,1.348285e-02
2400,layers.3.q_norm.weight,8.405186e+00,2.466144e-02,2.934074e-03
2400,layers.3.q_norm.bias,2.986045e-01,1.374537e-02,4.603203e-02
2400,layers.3.k_norm.weight,8.381353e+00,2.418368e-02,2.885415e-03
2400,layers.3.k_norm.bias,4.825582e-01,2.184526e-02,4.526969e-02
2400,layers.3.ln_pre.weight,1.965563e+01,2.588727e-02,1.317041e-03
2400,layers.3.ln_pre.bias,1.433517e-01,1.119068e-02,7.806447e-02
2400,layers.4.q_lut.compress.weight,9.863324e+00,5.922860e-01,6.004933e-02
2400,layers.4.q_lut.compress.bias,5.505339e-01,2.196772e-02,3.990258e-02
2400,layers.4.q_lut.lut_batched.weights,3.263649e+01,5.572175e+00,1.707345e-01
2400,layers.4.q_lut.lut_batched.log_soft_score_temp,4.604073e-01,2.195692e-02,4.769021e-02
2400,layers.4.q_lut.lut_batched.log_select_temp,8.610961e-01,1.239085e-02,1.438963e-02
2400,layers.4.k_lut.compress.weight,9.807847e+00,5.526803e-01,5.635083e-02
2400,layers.4.k_lut.compress.bias,5.494527e-01,2.038598e-02,3.710233e-02
2400,layers.4.k_lut.lut_batched.weights,3.238228e+01,5.520197e+00,1.704697e-01
2400,layers.4.k_lut.lut_batched.log_soft_score_temp,4.649714e-01,1.802006e-02,3.875521e-02
2400,layers.4.k_lut.lut_batched.log_select_temp,8.690223e-01,1.196301e-02,1.376606e-02
2400,layers.4.v_lut.compress.weight,9.910364e+00,4.863718e-01,4.907709e-02
2400,layers.4.v_lut.compress.bias,5.137159e-01,9.913220e-03,1.929709e-02
2400,layers.4.v_lut.lut_batched.weights,3.654811e+01,5.199527e+00,1.422653e-01
2400,layers.4.v_lut.lut_batched.log_soft_score_temp,7.374239e-01,4.005015e-03,5.431089e-03
2400,layers.4.v_lut.lut_batched.log_select_temp,8.339595e-01,1.345301e-02,1.613149e-02
2400,layers.4.out_proj.compress.weight,8.482327e+00,3.644399e-01,4.296461e-02
2400,layers.4.out_proj.compress.bias,4.146594e-01,4.926548e-03,1.188095e-02
2400,layers.4.out_proj.lut_batched.weights,1.333601e+01,3.734091e+00,2.800007e-01
2400,layers.4.out_proj.lut_batched.log_soft_score_temp,7.964724e-01,1.114798e-02,1.399669e-02
2400,layers.4.out_proj.lut_batched.log_select_temp,9.227586e-01,2.030265e-02,2.200213e-02
2400,layers.4.out_proj.decompress.weight,8.491342e+00,5.757972e-01,6.780992e-02
2400,layers.4.out_proj.decompress.bias,5.658625e-01,8.170294e-03,1.443865e-02
2400,layers.4.q_norm.weight,8.419772e+00,2.201756e-02,2.614983e-03
2400,layers.4.q_norm.bias,2.548383e-01,1.060077e-02,4.159803e-02
2400,layers.4.k_norm.weight,8.397949e+00,2.217720e-02,2.640787e-03
2400,layers.4.k_norm.bias,5.620881e-01,1.627715e-02,2.895837e-02
2400,layers.4.ln_pre.weight,1.960530e+01,2.897910e-02,1.478126e-03
2400,layers.4.ln_pre.bias,1.977590e-01,1.258638e-02,6.364505e-02
2400,layers.5.q_lut.compress.weight,9.815957e+00,5.899434e-01,6.010045e-02
2400,layers.5.q_lut.compress.bias,5.352720e-01,2.068146e-02,3.863728e-02
2400,layers.5.q_lut.lut_batched.weights,3.276785e+01,5.610036e+00,1.712055e-01
2400,layers.5.q_lut.lut_batched.log_soft_score_temp,4.943612e-01,1.757300e-02,3.554688e-02
2400,layers.5.q_lut.lut_batched.log_select_temp,8.146483e-01,9.604812e-03,1.179013e-02
2400,layers.5.k_lut.compress.weight,9.772231e+00,5.461333e-01,5.588625e-02
2400,layers.5.k_lut.compress.bias,5.232601e-01,2.102506e-02,4.018090e-02
2400,layers.5.k_lut.lut_batched.weights,3.270444e+01,5.533545e+00,1.691986e-01
2400,layers.5.k_lut.lut_batched.log_soft_score_temp,4.789381e-01,1.808321e-02,3.775689e-02
2400,layers.5.k_lut.lut_batched.log_select_temp,8.425975e-01,9.598255e-03,1.139127e-02
2400,layers.5.v_lut.compress.weight,9.902630e+00,4.405170e-01,4.448485e-02
2400,layers.5.v_lut.compress.bias,5.231792e-01,8.659933e-03,1.655252e-02
2400,layers.5.v_lut.lut_batched.weights,3.854886e+01,5.100969e+00,1.323248e-01
2400,layers.5.v_lut.lut_batched.log_soft_score_temp,7.472696e-01,4.765391e-04,6.377071e-04
2400,layers.5.v_lut.lut_batched.log_select_temp,7.855827e-01,8.296669e-03,1.056117e-02
2400,layers.5.out_proj.compress.weight,8.466402e+00,3.553308e-01,4.196951e-02
2400,layers.5.out_proj.compress.bias,4.013502e-01,5.186298e-03,1.292213e-02
2400,layers.5.out_proj.lut_batched.weights,1.435108e+01,3.770771e+00,2.627518e-01
2400,layers.5.out_proj.lut_batched.log_soft_score_temp,7.820510e-01,7.867992e-03,1.006071e-02
2400,layers.5.out_proj.lut_batched.log_select_temp,8.861164e-01,1.590753e-02,1.795196e-02
2400,layers.5.out_proj.decompress.weight,8.981719e+00,5.227831e-01,5.820524e-02
2400,layers.5.out_proj.decompress.bias,5.529483e-01,9.757551e-03,1.764641e-02
2400,layers.5.q_norm.weight,8.216398e+00,2.112272e-02,2.570801e-03
2400,layers.5.q_norm.bias,1.788034e-01,1.040117e-02,5.817095e-02
2400,layers.5.k_norm.weight,8.203199e+00,2.015900e-02,2.457456e-03
2400,layers.5.k_norm.bias,2.746648e-01,1.504344e-02,5.477017e-02
2400,layers.5.ln_pre.weight,1.964201e+01,2.412362e-02,1.228165e-03
2400,layers.5.ln_pre.bias,1.861098e-01,7.386829e-03,3.969070e-02
2400,ln_final.weight,2.826371e+01,4.836046e-01,1.711044e-02
2400,ln_final.bias,2.172454e+00,6.833061e-02,3.145319e-02
2400,unembedder.weight,1.664509e+02,9.008708e+00,5.412232e-02
2600,tok_emb_E.weight,2.157186e+02,5.439189e+00,2.521427e-02
2600,layers.0.q_lut.compress.weight,1.019228e+01,4.701149e-01,4.612458e-02
2600,layers.0.q_lut.compress.bias,5.281913e-01,2.295870e-02,4.346663e-02
2600,layers.0.q_lut.lut_batched.weights,3.251596e+01,4.137708e+00,1.272516e-01
2600,layers.0.q_lut.lut_batched.log_soft_score_temp,9.537027e-01,6.726861e-03,7.053415e-03
2600,layers.0.q_lut.lut_batched.log_select_temp,1.031248e+00,1.350653e-02,1.309727e-02
2600,layers.0.k_lut.compress.weight,1.001831e+01,5.068564e-01,5.059302e-02
2600,layers.0.k_lut.compress.bias,4.903732e-01,2.530647e-02,5.160655e-02
2600,layers.0.k_lut.lut_batched.weights,3.262311e+01,4.293900e+00,1.316214e-01
2600,layers.0.k_lut.lut_batched.log_soft_score_temp,8.238612e-01,1.096052e-02,1.330384e-02
2600,layers.0.k_lut.lut_batched.log_select_temp,8.848739e-01,1.419657e-02,1.604361e-02
2600,layers.0.v_lut.compress.weight,1.076990e+01,4.493929e-01,4.172675e-02
2600,layers.0.v_lut.compress.bias,5.166086e-01,1.914245e-02,3.705408e-02
2600,layers.0.v_lut.lut_batched.weights,3.832239e+01,4.132293e+00,1.078297e-01
2600,layers.0.v_lut.lut_batched.log_soft_score_temp,8.838098e-01,1.568156e-02,1.774314e-02
2600,layers.0.v_lut.lut_batched.log_select_temp,8.263295e-01,1.246345e-02,1.508291e-02
2600,layers.0.out_proj.compress.weight,8.672471e+00,2.703790e-01,3.117670e-02
2600,layers.0.out_proj.compress.bias,4.924038e-01,3.892538e-03,7.905174e-03
2600,layers.0.out_proj.lut_batched.weights,2.203436e+01,3.363280e+00,1.526380e-01
2600,layers.0.out_proj.lut_batched.log_soft_score_temp,8.206576e-01,6.943822e-03,8.461290e-03
2600,layers.0.out_proj.lut_batched.log_select_temp,9.428203e-01,1.633281e-02,1.732335e-02
2600,layers.0.out_proj.decompress.weight,1.018196e+01,4.284178e-01,4.207616e-02
2600,layers.0.out_proj.decompress.bias,5.552095e-01,4.949128e-03,8.913982e-03
2600,layers.0.q_norm.weight,9.137613e+00,3.881189e-02,4.247487e-03
2600,layers.0.q_norm.bias,6.167721e-01,1.769338e-02,2.868706e-02
2600,layers.0.k_norm.weight,9.133942e+00,3.808928e-02,4.170081e-03
2600,layers.0.k_norm.bias,5.766909e-01,1.846780e-02,3.202374e-02
2600,layers.0.ln_pre.weight,2.013157e+01,2.840061e-02,1.410750e-03
2600,layers.0.ln_pre.bias,1.985061e-01,2.358494e-02,1.188122e-01
2600,layers.1.q_lut.compress.weight,9.900251e+00,4.770746e-01,4.818813e-02
2600,layers.1.q_lut.compress.bias,4.911336e-01,1.630110e-02,3.319076e-02
2600,layers.1.q_lut.lut_batched.weights,3.298292e+01,4.634109e+00,1.405003e-01
2600,layers.1.q_lut.lut_batched.log_soft_score_temp,6.004024e-01,9.191930e-03,1.530962e-02
2600,layers.1.q_lut.lut_batched.log_select_temp,9.721333e-01,1.250732e-02,1.286585e-02
2600,layers.1.k_lut.compress.weight,9.840736e+00,4.827797e-01,4.905931e-02
2600,layers.1.k_lut.compress.bias,5.204728e-01,1.923884e-02,3.696415e-02
2600,layers.1.k_lut.lut_batched.weights,3.216161e+01,4.602980e+00,1.431203e-01
2600,layers.1.k_lut.lut_batched.log_soft_score_temp,5.255809e-01,6.916165e-03,1.315909e-02
2600,layers.1.k_lut.lut_batched.log_select_temp,8.955086e-01,1.134878e-02,1.267300e-02
2600,layers.1.v_lut.compress.weight,1.003237e+01,4.275063e-01,4.261271e-02
2600,layers.1.v_lut.compress.bias,4.836409e-01,1.061565e-02,2.194945e-02
2600,layers.1.v_lut.lut_batched.weights,3.453134e+01,4.501104e+00,1.303484e-01
2600,layers.1.v_lut.lut_batched.log_soft_score_temp,7.116932e-01,8.981407e-03,1.261977e-02
2600,layers.1.v_lut.lut_batched.log_select_temp,9.204757e-01,1.098573e-02,1.193484e-02
2600,layers.1.out_proj.compress.weight,8.577186e+00,2.985037e-01,3.480206e-02
2600,layers.1.out_proj.compress.bias,4.458289e-01,5.076818e-03,1.138737e-02
2600,layers.1.out_proj.lut_batched.weights,1.639063e+01,3.148217e+00,1.920742e-01
2600,layers.1.out_proj.lut_batched.log_soft_score_temp,7.739962e-01,1.724541e-03,2.228100e-03
2600,layers.1.out_proj.lut_batched.log_select_temp,9.931476e-01,1.575255e-02,1.586124e-02
2600,layers.1.out_proj.decompress.weight,9.291697e+00,4.674976e-01,5.031349e-02
2600,layers.1.out_proj.decompress.bias,5.593535e-01,5.351726e-03,9.567699e-03
2600,layers.1.q_norm.weight,8.720785e+00,2.466625e-02,2.828444e-03
2600,layers.1.q_norm.bias,4.801278e-01,1.479485e-02,3.081441e-02
2600,layers.1.k_norm.weight,8.682703e+00,2.337018e-02,2.691579e-03
2600,layers.1.k_norm.bias,7.737955e-01,2.316383e-02,2.993534e-02
2600,layers.1.ln_pre.weight,1.967384e+01,2.252289e-02,1.144814e-03
2600,layers.1.ln_pre.bias,1.174788e-01,9.442474e-03,8.037596e-02
2600,layers.2.q_lut.compress.weight,9.895455e+00,4.959159e-01,5.011552e-02
2600,layers.2.q_lut.compress.bias,5.395893e-01,1.799284e-02,3.334544e-02
2600,layers.2.q_lut.lut_batched.weights,3.313340e+01,4.688655e+00,1.415084e-01
2600,layers.2.q_lut.lut_batched.log_soft_score_temp,4.897318e-01,1.447344e-02,2.955381e-02
2600,layers.2.q_lut.lut_batched.log_select_temp,9.212828e-01,1.142871e-02,1.240522e-02
2600,layers.2.k_lut.compress.weight,9.788183e+00,4.816986e-01,4.921226e-02
2600,layers.2.k_lut.compress.bias,5.249106e-01,1.862992e-02,3.549161e-02
2600,layers.2.k_lut.lut_batched.weights,3.232824e+01,4.664713e+00,1.442922e-01
2600,layers.2.k_lut.lut_batched.log_soft_score_temp,4.528387e-01,1.378447e-02,3.044013e-02
2600,layers.2.k_lut.lut_batched.log_select_temp,9.128948e-01,1.181972e-02,1.294752e-02
2600,layers.2.v_lut.compress.weight,9.933193e+00,4.302433e-01,4.331369e-02
2600,layers.2.v_lut.compress.bias,5.061372e-01,1.001023e-02,1.977770e-02
2600,layers.2.v_lut.lut_batched.weights,3.690140e+01,4.511189e+00,1.222498e-01
2600,layers.2.v_lut.lut_batched.log_soft_score_temp,6.826854e-01,1.125127e-02,1.648090e-02
2600,layers.2.v_lut.lut_batched.log_select_temp,8.588609e-01,1.233393e-02,1.436080e-02
2600,layers.2.out_proj.compress.weight,8.528800e+00,3.098013e-01,3.632413e-02
2600,layers.2.out_proj.compress.bias,4.216250e-01,4.930631e-03,1.169435e-02
2600,layers.2.out_proj.lut_batched.weights,1.463770e+01,3.145253e+00,2.148734e-01
2600,layers.2.out_proj.lut_batched.log_soft_score_temp,8.254269e-01,1.822531e-03,2.207986e-03
2600,layers.2.out_proj.lut_batched.log_select_temp,1.009600e+00,1.757485e-02,1.740774e-02
2600,layers.2.out_proj.decompress.weight,9.057130e+00,4.759575e-01,5.255058e-02
2600,layers.2.out_proj.decompress.bias,5.664559e-01,5.553350e-03,9.803676e-03
2600,layers.2.q_norm.weight,8.729054e+00,2.711867e-02,3.106713e-03
2600,layers.2.q_norm.bias,4.079233e-01,1.462942e-02,3.586316e-02
2600,layers.2.k_norm.weight,8.682671e+00,2.557488e-02,2.945508e-03
2600,layers.2.k_norm.bias,7.108237e-01,2.207185e-02,3.105110e-02
2600,layers.2.ln_pre.weight,1.963123e+01,2.566803e-02,1.307510e-03
2600,layers.2.ln_pre.bias,1.326299e-01,1.174371e-02,8.854493e-02
2600,layers.3.q_lut.compress.weight,9.850943e+00,5.059100e-01,5.135651e-02
2600,layers.3.q_lut.compress.bias,5.084500e-01,1.918932e-02,3.774083e-02
2600,layers.3.q_lut.lut_batched.weights,3.368667e+01,4.780526e+00,1.419115e-01
2600,layers.3.q_lut.lut_batched.log_soft_score_temp,4.286601e-01,1.610610e-02,3.757312e-02
2600,layers.3.q_lut.lut_batched.log_select_temp,9.039924e-01,1.061624e-02,1.174373e-02
2600,layers.3.k_lut.compress.weight,9.779585e+00,4.513581e-01,4.615309e-02
2600,layers.3.k_lut.compress.bias,5.365104e-01,1.711484e-02,3.190030e-02
2600,layers.3.k_lut.lut_batched.weights,3.302607e+01,4.678150e+00,1.416502e-01
2600,layers.3.k_lut.lut_batched.log_soft_score_temp,5.106357e-01,1.311815e-02,2.568984e-02
2600,layers.3.k_lut.lut_batched.log_select_temp,8.934844e-01,9.911001e-03,1.109253e-02
2600,layers.3.v_lut.compress.weight,9.895762e+00,3.949809e-01,3.991415e-02
2600,layers.3.v_lut.compress.bias,5.019679e-01,8.690326e-03,1.731251e-02
2600,layers.3.v_lut.lut_batched.weights,3.644691e+01,4.391751e+00,1.204972e-01
2600,layers.3.v_lut.lut_batched.log_soft_score_temp,7.513822e-01,3.235936e-03,4.306645e-03
2600,layers.3.v_lut.lut_batched.log_select_temp,8.620009e-01,1.304466e-02,1.513299e-02
2600,layers.3.out_proj.compress.weight,8.574468e+00,3.216013e-01,3.750685e-02
2600,layers.3.out_proj.compress.bias,4.240563e-01,4.163878e-03,9.819162e-03
2600,layers.3.out_proj.lut_batched.weights,1.321519e+01,3.187314e+00,2.411856e-01
2600,layers.3.out_proj.lut_batched.log_soft_score_temp,8.115417e-01,7.280231e-03,8.970865e-03
2600,layers.3.out_proj.lut_batched.log_select_temp,9.416738e-01,1.570749e-02,1.668040e-02
2600,layers.3.out_proj.decompress.weight,8.697558e+00,4.945620e-01,5.686217e-02
2600,layers.3.out_proj.decompress.bias,5.463684e-01,5.914634e-03,1.082536e-02
2600,layers.3.q_norm.weight,8.425404e+00,2.379218e-02,2.823863e-03
2600,layers.3.q_norm.bias,3.082048e-01,1.147692e-02,3.723798e-02
2600,layers.3.k_norm.weight,8.400805e+00,2.261863e-02,2.692437e-03
2600,layers.3.k_norm.bias,4.964119e-01,1.614222e-02,3.251779e-02
2600,layers.3.ln_pre.weight,1.965084e+01,2.289752e-02,1.165218e-03
2600,layers.3.ln_pre.bias,1.461150e-01,9.168974e-03,6.275175e-02
2600,layers.4.q_lut.compress.weight,9.850211e+00,5.079813e-01,5.157060e-02
2600,layers.4.q_lut.compress.bias,5.521322e-01,1.833908e-02,3.321502e-02
2600,layers.4.q_lut.lut_batched.weights,3.304258e+01,4.759240e+00,1.440335e-01
2600,layers.4.q_lut.lut_batched.log_soft_score_temp,4.432383e-01,1.716897e-02,3.873530e-02
2600,layers.4.q_lut.lut_batched.log_select_temp,8.720494e-01,1.095325e-02,1.256035e-02
2600,layers.4.k_lut.compress.weight,9.795405e+00,4.770811e-01,4.870458e-02
2600,layers.4.k_lut.compress.bias,5.526245e-01,1.732147e-02,3.134401e-02
2600,layers.4.k_lut.lut_batched.weights,3.279227e+01,4.711585e+00,1.436797e-01
2600,layers.4.k_lut.lut_batched.log_soft_score_temp,4.513157e-01,1.365569e-02,3.025751e-02
2600,layers.4.k_lut.lut_batched.log_select_temp,8.800621e-01,1.103985e-02,1.254440e-02
2600,layers.4.v_lut.compress.weight,9.900052e+00,4.209930e-01,4.252432e-02
2600,layers.4.v_lut.compress.bias,5.137848e-01,9.685042e-03,1.885039e-02
2600,layers.4.v_lut.lut_batched.weights,3.708194e+01,4.411180e+00,1.189576e-01
2600,layers.4.v_lut.lut_batched.log_soft_score_temp,7.326720e-01,4.751921e-03,6.485741e-03
2600,layers.4.v_lut.lut_batched.log_select_temp,8.459754e-01,1.201588e-02,1.420358e-02
2600,layers.4.out_proj.compress.weight,8.496043e+00,3.121122e-01,3.673618e-02
2600,layers.4.out_proj.compress.bias,4.141846e-01,4.721241e-03,1.139888e-02
2600,layers.4.out_proj.lut_batched.weights,1.334185e+01,3.197450e+00,2.396557e-01
2600,layers.4.out_proj.lut_batched.log_soft_score_temp,8.063651e-01,9.892702e-03,1.226827e-02
2600,layers.4.out_proj.lut_batched.log_select_temp,9.405653e-01,1.780677e-02,1.893198e-02
2600,layers.4.out_proj.decompress.weight,8.401612e+00,4.920935e-01,5.857132e-02
2600,layers.4.out_proj.decompress.bias,5.650517e-01,6.763069e-03,1.196894e-02
2600,layers.4.q_norm.weight,8.435026e+00,1.852324e-02,2.195991e-03
2600,layers.4.q_norm.bias,2.611869e-01,9.763721e-03,3.738212e-02
2600,layers.4.k_norm.weight,8.412821e+00,1.827185e-02,2.171905e-03
2600,layers.4.k_norm.bias,5.720115e-01,1.393616e-02,2.436342e-02
2600,layers.4.ln_pre.weight,1.959943e+01,2.519750e-02,1.285624e-03
2600,layers.4.ln_pre.bias,2.044136e-01,1.241502e-02,6.073481e-02
2600,layers.5.q_lut.compress.weight,9.801457e+00,5.111305e-01,5.214841e-02
2600,layers.5.q_lut.compress.bias,5.369684e-01,1.773904e-02,3.303554e-02
2600,layers.5.q_lut.lut_batched.weights,3.316388e+01,4.784857e+00,1.442792e-01
2600,layers.5.q_lut.lut_batched.log_soft_score_temp,4.787706e-01,1.559058e-02,3.256377e-02
2600,layers.5.q_lut.lut_batched.log_select_temp,8.223075e-01,7.659137e-03,9.314201e-03
2600,layers.5.k_lut.compress.weight,9.759261e+00,4.727541e-01,4.844159e-02
2600,layers.5.k_lut.compress.bias,5.238557e-01,1.878835e-02,3.586550e-02
2600,layers.5.k_lut.lut_batched.weights,3.309058e+01,4.725539e+00,1.428062e-01
2600,layers.5.k_lut.lut_batched.log_soft_score_temp,4.615814e-01,1.735672e-02,3.760274e-02
2600,layers.5.k_lut.lut_batched.log_select_temp,8.507262e-01,8.128703e-03,9.555016e-03
2600,layers.5.v_lut.compress.weight,9.892631e+00,3.906698e-01,3.949099e-02
2600,layers.5.v_lut.compress.bias,5.231440e-01,7.392056e-03,1.413006e-02
2600,layers.5.v_lut.lut_batched.weights,3.907039e+01,4.366027e+00,1.117477e-01
2600,layers.5.v_lut.lut_batched.log_soft_score_temp,7.473292e-01,5.954504e-05,7.967713e-05
2600,layers.5.v_lut.lut_batched.log_select_temp,7.932443e-01,7.661641e-03,9.658614e-03
2600,layers.5.out_proj.compress.weight,8.485642e+00,3.140680e-01,3.701170e-02
2600,layers.5.out_proj.compress.bias,4.007016e-01,5.023380e-03,1.253646e-02
2600,layers.5.out_proj.lut_batched.weights,1.446206e+01,3.225547e+00,2.230352e-01
2600,layers.5.out_proj.lut_batched.log_soft_score_temp,7.902046e-01,8.153617e-03,1.031836e-02
2600,layers.5.out_proj.lut_batched.log_select_temp,9.012856e-01,1.516926e-02,1.683069e-02
2600,layers.5.out_proj.decompress.weight,8.934038e+00,4.595355e-01,5.143649e-02
2600,layers.5.out_proj.decompress.bias,5.523555e-01,7.801591e-03,1.412422e-02
2600,layers.5.q_norm.weight,8.232434e+00,2.193370e-02,2.664303e-03
2600,layers.5.q_norm.bias,1.862123e-01,9.935132e-03,5.335380e-02
2600,layers.5.k_norm.weight,8.219060e+00,2.061145e-02,2.507763e-03
2600,layers.5.k_norm.bias,2.835281e-01,1.287979e-02,4.542685e-02
2600,layers.5.ln_pre.weight,1.963765e+01,1.945286e-02,9.905904e-04
2600,layers.5.ln_pre.bias,1.886234e-01,6.838623e-03,3.625543e-02
2600,ln_final.weight,2.867787e+01,4.143593e-01,1.444875e-02
2600,ln_final.bias,2.209689e+00,5.867520e-02,2.655360e-02
2600,unembedder.weight,1.678163e+02,7.664235e+00,4.567038e-02
2800,tok_emb_E.weight,2.160044e+02,4.511202e+00,2.088477e-02
2800,layers.0.q_lut.compress.weight,1.018486e+01,3.973866e-01,3.901740e-02
2800,layers.0.q_lut.compress.bias,5.291744e-01,1.888020e-02,3.567859e-02
2800,layers.0.q_lut.lut_batched.weights,3.280191e+01,3.468786e+00,1.057495e-01
2800,layers.0.q_lut.lut_batched.log_soft_score_temp,9.604263e-01,6.723523e-03,7.000561e-03
2800,layers.0.q_lut.lut_batched.log_select_temp,1.043080e+00,1.183176e-02,1.134310e-02
2800,layers.0.k_lut.compress.weight,1.001343e+01,4.247006e-01,4.241312e-02
2800,layers.0.k_lut.compress.bias,4.931168e-01,2.189684e-02,4.440497e-02
2800,layers.0.k_lut.lut_batched.weights,3.291825e+01,3.591651e+00,1.091082e-01
2800,layers.0.k_lut.lut_batched.log_soft_score_temp,8.334404e-01,9.579182e-03,1.149354e-02
2800,layers.0.k_lut.lut_batched.log_select_temp,8.967077e-01,1.183373e-02,1.319686e-02
2800,layers.0.v_lut.compress.weight,1.077101e+01,3.834685e-01,3.560192e-02
2800,layers.0.v_lut.compress.bias,5.155947e-01,1.693440e-02,3.284441e-02
2800,layers.0.v_lut.lut_batched.weights,3.867502e+01,3.474258e+00,8.983209e-02
2800,layers.0.v_lut.lut_batched.log_soft_score_temp,8.977225e-01,1.391274e-02,1.549781e-02
2800,layers.0.v_lut.lut_batched.log_select_temp,8.374974e-01,1.116788e-02,1.333483e-02
2800,layers.0.out_proj.compress.weight,8.673091e+00,2.335308e-01,2.692590e-02
2800,layers.0.out_proj.compress.bias,4.921600e-01,3.502386e-03,7.116357e-03
2800,layers.0.out_proj.lut_batched.weights,2.198717e+01,2.797643e+00,1.272398e-01
2800,layers.0.out_proj.lut_batched.log_soft_score_temp,8.276821e-01,7.024527e-03,8.486986e-03
2800,layers.0.out_proj.lut_batched.log_select_temp,9.567062e-01,1.388586e-02,1.451423e-02
2800,layers.0.out_proj.decompress.weight,1.011263e+01,3.630585e-01,3.590149e-02
2800,layers.0.out_proj.decompress.bias,5.534968e-01,4.797077e-03,8.666855e-03
2800,layers.0.q_norm.weight,9.166184e+00,3.234746e-02,3.528999e-03
2800,layers.0.q_norm.bias,6.310926e-01,1.591785e-02,2.522268e-02
2800,layers.0.k_norm.weight,9.161608e+00,3.121259e-02,3.406890e-03
2800,layers.0.k_norm.bias,5.907896e-01,1.722484e-02,2.915562e-02
2800,layers.0.ln_pre.weight,2.014197e+01,2.507246e-02,1.244787e-03
2800,layers.0.ln_pre.bias,2.005171e-01,2.003580e-02,9.992061e-02
2800,layers.1.q_lut.compress.weight,9.891152e+00,4.073132e-01,4.117955e-02
2800,layers.1.q_lut.compress.bias,4.918116e-01,1.585070e-02,3.222921e-02
2800,layers.1.q_lut.lut_batched.weights,3.327966e+01,3.873392e+00,1.163891e-01
2800,layers.1.q_lut.lut_batched.log_soft_score_temp,5.943516e-01,6.050766e-03,1.018045e-02
2800,layers.1.q_lut.lut_batched.log_select_temp,9.831423e-01,1.100898e-02,1.119775e-02
2800,layers.1.k_lut.compress.weight,9.830147e+00,4.119089e-01,4.190262e-02
2800,layers.1.k_lut.compress.bias,5.206208e-01,1.647704e-02,3.164883e-02
2800,layers.1.k_lut.lut_batched.weights,3.245298e+01,3.848895e+00,1.185991e-01
2800,layers.1.k_lut.lut_batched.log_soft_score_temp,5.185405e-01,7.040381e-03,1.357730e-02
2800,layers.1.k_lut.lut_batched.log_select_temp,9.052290e-01,9.720325e-03,1.073797e-02
2800,layers.1.v_lut.compress.weight,1.002018e+01,3.648670e-01,3.641321e-02
2800,layers.1.v_lut.compress.bias,4.832326e-01,9.129528e-03,1.889262e-02
2800,layers.1.v_lut.lut_batched.weights,3.482560e+01,3.747412e+00,1.076051e-01
2800,layers.1.v_lut.lut_batched.log_soft_score_temp,7.048194e-01,6.873727e-03,9.752465e-03
2800,layers.1.v_lut.lut_batched.log_select_temp,9.307021e-01,1.022649e-02,1.098793e-02
2800,layers.1.out_proj.compress.weight,8.568868e+00,2.590249e-01,3.022860e-02
2800,layers.1.out_proj.compress.bias,4.458160e-01,4.760923e-03,1.067912e-02
2800,layers.1.out_proj.lut_batched.weights,1.630030e+01,2.639050e+00,1.619019e-01
2800,layers.1.out_proj.lut_batched.log_soft_score_temp,7.735444e-01,4.517436e-04,5.839918e-04
2800,layers.1.out_proj.lut_batched.log_select_temp,1.006854e+00,1.370662e-02,1.361332e-02
2800,layers.1.out_proj.decompress.weight,9.209819e+00,3.979051e-01,4.320444e-02
2800,layers.1.out_proj.decompress.bias,5.582727e-01,4.862135e-03,8.709247e-03
2800,layers.1.q_norm.weight,8.740316e+00,2.148282e-02,2.457899e-03
2800,layers.1.q_norm.bias,4.909887e-01,1.195001e-02,2.433867e-02
2800,layers.1.k_norm.weight,8.700966e+00,2.039307e-02,2.343771e-03
2800,layers.1.k_norm.bias,7.929879e-01,2.053871e-02,2.590041e-02
2800,layers.1.ln_pre.weight,1.967068e+01,1.868814e-02,9.500507e-04
2800,layers.1.ln_pre.bias,1.193654e-01,8.866957e-03,7.428415e-02
2800,layers.2.q_lut.compress.weight,9.883846e+00,4.199801e-01,4.249157e-02
2800,layers.2.q_lut.compress.bias,5.405803e-01,1.399808e-02,2.589454e-02
2800,layers.2.q_lut.lut_batched.weights,3.343799e+01,3.906354e+00,1.168238e-01
2800,layers.2.q_lut.lut_batched.log_soft_score_temp,4.792572e-01,1.047462e-02,2.185595e-02
2800,layers.2.q_lut.lut_batched.log_select_temp,9.315401e-01,1.025724e-02,1.101106e-02
2800,layers.2.k_lut.compress.weight,9.778008e+00,4.076484e-01,4.169033e-02
2800,layers.2.k_lut.compress.bias,5.257014e-01,1.663515e-02,3.164373e-02
2800,layers.2.k_lut.lut_batched.weights,3.261210e+01,3.879160e+00,1.189485e-01
2800,layers.2.k_lut.lut_batched.log_soft_score_temp,4.426986e-01,1.014009e-02,2.290518e-02
2800,layers.2.k_lut.lut_batched.log_select_temp,9.234047e-01,1.050991e-02,1.138169e-02
2800,layers.2.v_lut.compress.weight,9.920131e+00,3.641912e-01,3.671234e-02
2800,layers.2.v_lut.compress.bias,5.055797e-01,9.391735e-03,1.857617e-02
2800,layers.2.v_lut.lut_batched.weights,3.723284e+01,3.758404e+00,1.009432e-01
2800,layers.2.v_lut.lut_batched.log_soft_score_temp,6.727982e-01,9.887218e-03,1.469567e-02
2800,layers.2.v_lut.lut_batched.log_select_temp,8.690719e-01,1.021099e-02,1.174931e-02
2800,layers.2.out_proj.compress.weight,8.525043e+00,2.683856e-01,3.148203e-02
2800,layers.2.out_proj.compress.bias,4.217024e-01,3.826876e-03,9.074825e-03
2800,layers.2.out_proj.lut_batched.weights,1.457297e+01,2.641746e+00,1.812771e-01
2800,layers.2.out_proj.lut_batched.log_soft_score_temp,8.278207e-01,2.393782e-03,2.891667e-03
2800,layers.2.out_proj.lut_batched.log_select_temp,1.024564e+00,1.496387e-02,1.460511e-02
2800,layers.2.out_proj.decompress.weight,8.977962e+00,4.027728e-01,4.486239e-02
2800,layers.2.out_proj.decompress.bias,5.659184e-01,4.821213e-03,8.519272e-03
2800,layers.2.q_norm.weight,8.746158e+00,1.877515e-02,2.146674e-03
2800,layers.2.q_norm.bias,4.163480e-01,9.816120e-03,2.357672e-02
2800,layers.2.k_norm.weight,8.698968e+00,1.807543e-02,2.077882e-03
2800,layers.2.k_norm.bias,7.263796e-01,1.754764e-02,2.415767e-02
2800,layers.2.ln_pre.weight,1.962513e+01,2.234655e-02,1.138671e-03
2800,layers.2.ln_pre.bias,1.327567e-01,1.059553e-02,7.981168e-02
2800,layers.3.q_lut.compress.weight,9.838428e+00,4.230780e-01,4.300261e-02
2800,layers.3.q_lut.compress.bias,5.072949e-01,1.467979e-02,2.893738e-02
2800,layers.3.q_lut.lut_batched.weights,3.397129e+01,3.971085e+00,1.168953e-01
2800,layers.3.q_lut.lut_batched.log_soft_score_temp,4.156004e-01,1.305968e-02,3.142363e-02
2800,layers.3.q_lut.lut_batched.log_select_temp,9.138814e-01,9.889066e-03,1.082095e-02
2800,layers.3.k_lut.compress.weight,9.768018e+00,3.835742e-01,3.926837e-02
2800,layers.3.k_lut.compress.bias,5.377170e-01,1.463033e-02,2.720824e-02
2800,layers.3.k_lut.lut_batched.weights,3.331736e+01,3.907933e+00,1.172942e-01
2800,layers.3.k_lut.lut_batched.log_soft_score_temp,5.011429e-01,9.492815e-03,1.894233e-02
2800,layers.3.k_lut.lut_batched.log_select_temp,9.040188e-01,1.053441e-02,1.165286e-02
2800,layers.3.v_lut.compress.weight,9.884727e+00,3.382384e-01,3.421828e-02
2800,layers.3.v_lut.compress.bias,5.020203e-01,7.465720e-03,1.487135e-02
2800,layers.3.v_lut.lut_batched.weights,3.682050e+01,3.669941e+00,9.967113e-02
2800,layers.3.v_lut.lut_batched.log_soft_score_temp,7.479672e-01,3.414989e-03,4.565693e-03
2800,layers.3.v_lut.lut_batched.log_select_temp,8.733912e-01,1.139021e-02,1.304136e-02
2800,layers.3.out_proj.compress.weight,8.580846e+00,2.756729e-01,3.212654e-02
2800,layers.3.out_proj.compress.bias,4.235565e-01,3.927011e-03,9.271515e-03
2800,layers.3.out_proj.lut_batched.weights,1.316131e+01,2.678915e+00,2.035446e-01
2800,layers.3.out_proj.lut_batched.log_soft_score_temp,8.188114e-01,7.269681e-03,8.878334e-03
2800,layers.3.out_proj.lut_batched.log_select_temp,9.554617e-01,1.378793e-02,1.443064e-02
2800,layers.3.out_proj.decompress.weight,8.624251e+00,4.188343e-01,4.856472e-02
2800,layers.3.out_proj.decompress.bias,5.460684e-01,5.195338e-03,9.514079e-03
2800,layers.3.q_norm.weight,8.443745e+00,2.067752e-02,2.448857e-03
2800,layers.3.q_norm.bias,3.164959e-01,9.504149e-03,3.002930e-02
2800,layers.3.k_norm.weight,8.418517e+00,2.037071e-02,2.419750e-03
2800,layers.3.k_norm.bias,5.085508e-01,1.437695e-02,2.827043e-02
2800,layers.3.ln_pre.weight,1.964702e+01,1.944944e-02,9.899433e-04
2800,layers.3.ln_pre.bias,1.481405e-01,8.049991e-03,5.434025e-02
2800,layers.4.q_lut.compress.weight,9.836395e+00,4.327392e-01,4.399367e-02
2800,layers.4.q_lut.compress.bias,5.507255e-01,1.480342e-02,2.687986e-02
2800,layers.4.q_lut.lut_batched.weights,3.331990e+01,3.953633e+00,1.186568e-01
2800,layers.4.q_lut.lut_batched.log_soft_score_temp,4.285323e-01,1.470599e-02,3.431710e-02
2800,layers.4.q_lut.lut_batched.log_select_temp,8.816019e-01,9.552538e-03,1.083543e-02
2800,layers.4.k_lut.compress.weight,9.782595e+00,4.090957e-01,4.181873e-02
2800,layers.4.k_lut.compress.bias,5.503681e-01,1.661546e-02,3.018972e-02
2800,layers.4.k_lut.lut_batched.weights,3.306614e+01,3.928013e+00,1.187926e-01
2800,layers.4.k_lut.lut_batched.log_soft_score_temp,4.395583e-01,1.175746e-02,2.674836e-02
2800,layers.4.k_lut.lut_batched.log_select_temp,8.881137e-01,8.051634e-03,9.065994e-03
2800,layers.4.v_lut.compress.weight,9.889298e+00,3.659152e-01,3.700113e-02
2800,layers.4.v_lut.compress.bias,5.130897e-01,7.887865e-03,1.537327e-02
2800,layers.4.v_lut.lut_batched.weights,3.747821e+01,3.689060e+00,9.843213e-02
2800,layers.4.v_lut.lut_batched.log_soft_score_temp,7.269388e-01,5.733132e-03,7.886678e-03
2800,layers.4.v_lut.lut_batched.log_select_temp,8.565162e-01,1.054084e-02,1.230665e-02
2800,layers.4.out_proj.compress.weight,8.507483e+00,2.736221e-01,3.216252e-02
2800,layers.4.out_proj.compress.bias,4.140099e-01,4.512489e-03,1.089947e-02
2800,layers.4.out_proj.lut_batched.weights,1.332018e+01,2.684225e+00,2.015157e-01
2800,layers.4.out_proj.lut_batched.log_soft_score_temp,8.157480e-01,9.382904e-03,1.150221e-02
2800,layers.4.out_proj.lut_batched.log_select_temp,9.560262e-01,1.546085e-02,1.617199e-02
2800,layers.4.out_proj.decompress.weight,8.332245e+00,4.171165e-01,5.006051e-02
2800,layers.4.out_proj.decompress.bias,5.642252e-01,5.318551e-03,9.426291e-03
2800,layers.4.q_norm.weight,8.447281e+00,1.541527e-02,1.824880e-03
2800,layers.4.q_norm.bias,2.668331e-01,8.417840e-03,3.154721e-02
2800,layers.4.k_norm.weight,8.424530e+00,1.513609e-02,1.796669e-03
2800,layers.4.k_norm.bias,5.797283e-01,1.406845e-02,2.426731e-02
2800,layers.4.ln_pre.weight,1.959362e+01,2.331494e-02,1.189925e-03
2800,layers.4.ln_pre.bias,2.041061e-01,8.739123e-03,4.281657e-02
2800,layers.5.q_lut.compress.weight,9.786790e+00,4.305617e-01,4.399417e-02
2800,layers.5.q_lut.compress.bias,5.388212e-01,1.695122e-02,3.145982e-02
2800,layers.5.q_lut.lut_batched.weights,3.342320e+01,3.978620e+00,1.190377e-01
2800,layers.5.q_lut.lut_batched.log_soft_score_temp,4.662578e-01,1.251286e-02,2.683679e-02
2800,layers.5.q_lut.lut_batched.log_select_temp,8.301785e-01,7.871032e-03,9.481132e-03
2800,layers.5.k_lut.compress.weight,9.747211e+00,3.934813e-01,4.036860e-02
2800,layers.5.k_lut.compress.bias,5.251529e-01,1.527305e-02,2.908305e-02
2800,layers.5.k_lut.lut_batched.weights,3.336669e+01,3.943807e+00,1.181959e-01
2800,layers.5.k_lut.lut_batched.log_soft_score_temp,4.478986e-01,1.368278e-02,3.054884e-02
2800,layers.5.k_lut.lut_batched.log_select_temp,8.591563e-01,8.430004e-03,9.811957e-03
2800,layers.5.v_lut.compress.weight,9.882027e+00,3.298281e-01,3.337657e-02
2800,layers.5.v_lut.compress.bias,5.237656e-01,7.119440e-03,1.359280e-02
2800,layers.5.v_lut.lut_batched.weights,3.943090e+01,3.653621e+00,9.265884e-02
2800,layers.5.v_lut.lut_batched.log_soft_score_temp,7.471793e-01,1.498461e-04,2.005490e-04
2800,layers.5.v_lut.lut_batched.log_select_temp,7.998887e-01,6.644368e-03,8.306616e-03
2800,layers.5.out_proj.compress.weight,8.497643e+00,2.702070e-01,3.179787e-02
2800,layers.5.out_proj.compress.bias,4.004064e-01,4.507315e-03,1.125685e-02
2800,layers.5.out_proj.lut_batched.weights,1.451770e+01,2.712259e+00,1.868243e-01
2800,layers.5.out_proj.lut_batched.log_soft_score_temp,7.965200e-01,6.315351e-03,7.928678e-03
2800,layers.5.out_proj.lut_batched.log_select_temp,9.135578e-01,1.227218e-02,1.343339e-02
2800,layers.5.out_proj.decompress.weight,8.895499e+00,3.902449e-01,4.386992e-02
2800,layers.5.out_proj.decompress.bias,5.516965e-01,6.746958e-03,1.222947e-02
2800,layers.5.q_norm.weight,8.244023e+00,1.677708e-02,2.035060e-03
2800,layers.5.q_norm.bias,1.910567e-01,7.575130e-03,3.964859e-02
2800,layers.5.k_norm.weight,8.230458e+00,1.661032e-02,2.018153e-03
2800,layers.5.k_norm.bias,2.893286e-01,1.017289e-02,3.516034e-02
2800,layers.5.ln_pre.weight,1.963389e+01,1.746883e-02,8.897285e-04
2800,layers.5.ln_pre.bias,1.919972e-01,6.872240e-03,3.579343e-02
2800,ln_final.weight,2.902314e+01,3.454138e-01,1.190132e-02
2800,ln_final.bias,2.240045e+00,4.957233e-02,2.213006e-02
2800,unembedder.weight,1.687203e+02,6.278725e+00,3.721380e-02
3000,tok_emb_E.weight,2.162141e+02,3.665656e+00,1.695383e-02
3000,layers.0.q_lut.compress.weight,1.017698e+01,3.303370e-01,3.245923e-02
3000,layers.0.q_lut.compress.bias,5.294554e-01,1.684530e-02,3.181627e-02
3000,layers.0.q_lut.lut_batched.weights,3.299396e+01,2.865850e+00,8.685983e-02
3000,layers.0.q_lut.lut_batched.log_soft_score_temp,9.660568e-01,5.630553e-03,5.828387e-03
3000,layers.0.q_lut.lut_batched.log_select_temp,1.052330e+00,9.250522e-03,8.790513e-03
3000,layers.0.k_lut.compress.weight,1.000778e+01,3.519403e-01,3.516668e-02
3000,layers.0.k_lut.compress.bias,4.943924e-01,1.840447e-02,3.722645e-02
3000,layers.0.k_lut.lut_batched.weights,3.311076e+01,2.945874e+00,8.897030e-02
3000,layers.0.k_lut.lut_batched.log_soft_score_temp,8.419497e-01,8.509338e-03,1.010671e-02
3000,layers.0.k_lut.lut_batched.log_select_temp,9.066387e-01,9.931087e-03,1.095374e-02
3000,layers.0.v_lut.compress.weight,1.076999e+01,3.175161e-01,2.948156e-02
3000,layers.0.v_lut.compress.bias,5.149326e-01,1.355424e-02,2.632236e-02
3000,layers.0.v_lut.lut_batched.weights,3.892765e+01,2.856318e+00,7.337503e-02
3000,layers.0.v_lut.lut_batched.log_soft_score_temp,9.091344e-01,1.141185e-02,1.255243e-02
3000,layers.0.v_lut.lut_batched.log_select_temp,8.465589e-01,9.061515e-03,1.070394e-02
3000,layers.0.out_proj.compress.weight,8.673404e+00,1.962536e-01,2.262706e-02
3000,layers.0.out_proj.compress.bias,4.922898e-01,3.315952e-03,6.735773e-03
3000,layers.0.out_proj.lut_batched.weights,2.192883e+01,2.288642e+00,1.043668e-01
3000,layers.0.out_proj.lut_batched.log_soft_score_temp,8.344339e-01,6.751776e-03,8.091445e-03
3000,layers.0.out_proj.lut_batched.log_select_temp,9.688060e-01,1.209980e-02,1.248940e-02
3000,layers.0.out_proj.decompress.weight,1.005648e+01,3.009841e-01,2.992938e-02
3000,layers.0.out_proj.decompress.bias,5.529712e-01,3.801756e-03,6.875142e-03
3000,layers.0.q_norm.weight,9.190714e+00,2.750582e-02,2.992784e-03
3000,layers.0.q_norm.bias,6.423914e-01,1.294579e-02,2.015250e-02
3000,layers.0.k_norm.weight,9.185566e+00,2.652213e-02,2.887370e-03
3000,layers.0.k_norm.bias,6.012689e-01,1.289598e-02,2.144795e-02
3000,layers.0.ln_pre.weight,2.015050e+01,2.066946e-02,1.025754e-03
3000,layers.0.ln_pre.bias,2.042576e-01,1.686592e-02,8.257182e-02
3000,layers.1.q_lut.compress.weight,9.881347e+00,3.349782e-01,3.390005e-02
3000,layers.1.q_lut.compress.bias,4.929095e-01,1.304317e-02,2.646160e-02
3000,layers.1.q_lut.lut_batched.weights,3.347968e+01,3.158247e+00,9.433325e-02
3000,layers.1.q_lut.lut_batched.log_soft_score_temp,5.902856e-01,4.066050e-03,6.888276e-03
3000,layers.1.q_lut.lut_batched.log_select_temp,9.917492e-01,8.606911e-03,8.678516e-03
3000,layers.1.k_lut.compress.weight,9.820482e+00,3.381823e-01,3.443642e-02
3000,layers.1.k_lut.compress.bias,5.205038e-01,1.323895e-02,2.543487e-02
3000,layers.1.k_lut.lut_batched.weights,3.264202e+01,3.132485e+00,9.596479e-02
3000,layers.1.k_lut.lut_batched.log_soft_score_temp,5.150493e-01,3.491223e-03,6.778425e-03
3000,layers.1.k_lut.lut_batched.log_select_temp,9.133969e-01,8.167922e-03,8.942359e-03
3000,layers.1.v_lut.compress.weight,1.000858e+01,3.060409e-01,3.057787e-02
3000,layers.1.v_lut.compress.bias,4.832895e-01,7.619387e-03,1.576568e-02
3000,layers.1.v_lut.lut_batched.weights,3.503267e+01,3.073658e+00,8.773690e-02
3000,layers.1.v_lut.lut_batched.log_soft_score_temp,6.989899e-01,5.829513e-03,8.339910e-03
3000,layers.1.v_lut.lut_batched.log_select_temp,9.397150e-01,9.012878e-03,9.591076e-03
3000,layers.1.out_proj.compress.weight,8.560977e+00,2.168474e-01,2.532976e-02
3000,layers.1.out_proj.compress.bias,4.454347e-01,4.361569e-03,9.791713e-03
3000,layers.1.out_proj.lut_batched.weights,1.620022e+01,2.160342e+00,1.333526e-01
3000,layers.1.out_proj.lut_batched.log_soft_score_temp,7.742614e-01,7.169247e-04,9.259466e-04
3000,layers.1.out_proj.lut_batched.log_select_temp,1.018876e+00,1.202142e-02,1.179871e-02
3000,layers.1.out_proj.decompress.weight,9.145520e+00,3.275391e-01,3.581416e-02
3000,layers.1.out_proj.decompress.bias,5.576746e-01,3.891746e-03,6.978524e-03
3000,layers.1.q_norm.weight,8.755780e+00,1.659014e-02,1.894764e-03
3000,layers.1.q_norm.bias,4.978702e-01,8.443363e-03,1.695897e-02
3000,layers.1.k_norm.weight,8.715472e+00,1.558313e-02,1.787985e-03
3000,layers.1.k_norm.bias,8.062082e-01,1.450857e-02,1.799606e-02
3000,layers.1.ln_pre.weight,1.966839e+01,1.609971e-02,8.185576e-04
3000,layers.1.ln_pre.bias,1.211814e-01,7.215782e-03,5.954532e-02
3000,layers.2.q_lut.compress.weight,9.872851e+00,3.479658e-01,3.524471e-02
3000,layers.2.q_lut.compress.bias,5.404857e-01,1.255619e-02,2.323132e-02
3000,layers.2.q_lut.lut_batched.weights,3.364262e+01,3.185132e+00,9.467549e-02
3000,layers.2.q_lut.lut_batched.log_soft_score_temp,4.713231e-01,7.934093e-03,1.683366e-02
3000,layers.2.q_lut.lut_batched.log_select_temp,9.398912e-01,8.351088e-03,8.885165e-03
3000,layers.2.k_lut.compress.weight,9.767511e+00,3.350047e-01,3.429785e-02
3000,layers.2.k_lut.compress.bias,5.262259e-01,1.365410e-02,2.594722e-02
3000,layers.2.k_lut.lut_batched.weights,3.279279e+01,3.163443e+00,9.646765e-02
3000,layers.2.k_lut.lut_batched.log_soft_score_temp,4.354103e-01,7.288367e-03,1.673908e-02
3000,layers.2.k_lut.lut_batched.log_select_temp,9.320992e-01,8.694530e-03,9.327901e-03
3000,layers.2.v_lut.compress.weight,9.908298e+00,3.040220e-01,3.068357e-02
3000,layers.2.v_lut.compress.bias,5.051699e-01,8.545037e-03,1.691517e-02
3000,layers.2.v_lut.lut_batched.weights,3.746037e+01,3.066800e+00,8.186786e-02
3000,layers.2.v_lut.lut_batched.log_soft_score_temp,6.648249e-01,7.973254e-03,1.199301e-02
3000,layers.2.v_lut.lut_batched.log_select_temp,8.773618e-01,8.289933e-03,9.448705e-03
3000,layers.2.out_proj.compress.weight,8.522473e+00,2.239694e-01,2.627986e-02
3000,layers.2.out_proj.compress.bias,4.214413e-01,3.962846e-03,9.403081e-03
3000,layers.2.out_proj.lut_batched.weights,1.450354e+01,2.162464e+00,1.490990e-01
3000,layers.2.out_proj.lut_batched.log_soft_score_temp,8.308282e-01,3.007531e-03,3.619919e-03
3000,layers.2.out_proj.lut_batched.log_select_temp,1.036749e+00,1.218581e-02,1.175386e-02
3000,layers.2.out_proj.decompress.weight,8.918637e+00,3.316766e-01,3.718915e-02
3000,layers.2.out_proj.decompress.bias,5.650578e-01,4.046021e-03,7.160367e-03
3000,layers.2.q_norm.weight,8.761396e+00,1.692026e-02,1.931229e-03
3000,layers.2.q_norm.bias,4.235330e-01,8.470836e-03,2.000042e-02
3000,layers.2.k_norm.weight,8.713415e+00,1.609888e-02,1.847598e-03
3000,layers.2.k_norm.bias,7.400410e-01,1.518570e-02,2.052008e-02
3000,layers.2.ln_pre.weight,1.962034e+01,1.840218e-02,9.379132e-04
3000,layers.2.ln_pre.bias,1.338152e-01,9.085541e-03,6.789618e-02
3000,layers.3.q_lut.compress.weight,9.825711e+00,3.550862e-01,3.613847e-02
3000,layers.3.q_lut.compress.bias,5.085672e-01,1.367520e-02,2.688967e-02
3000,layers.3.q_lut.lut_batched.weights,3.416208e+01,3.251461e+00,9.517751e-02
3000,layers.3.q_lut.lut_batched.log_soft_score_temp,4.053731e-01,1.022735e-02,2.522948e-02
3000,layers.3.q_lut.lut_batched.log_select_temp,9.207240e-01,6.842554e-03,7.431710e-03
3000,layers.3.k_lut.compress.weight,9.757095e+00,3.212959e-01,3.292946e-02
3000,layers.3.k_lut.compress.bias,5.387906e-01,1.291559e-02,2.397144e-02
3000,layers.3.k_lut.lut_batched.weights,3.351050e+01,3.196270e+00,9.538117e-02
3000,layers.3.k_lut.lut_batched.log_soft_score_temp,4.936398e-01,7.503152e-03,1.519965e-02
3000,layers.3.k_lut.lut_batched.log_select_temp,9.112254e-01,7.206619e-03,7.908711e-03
3000,layers.3.v_lut.compress.weight,9.874106e+00,2.857734e-01,2.894170e-02
3000,layers.3.v_lut.compress.bias,5.024756e-01,6.988952e-03,1.390904e-02
3000,layers.3.v_lut.lut_batched.weights,3.708973e+01,2.994915e+00,8.074780e-02
3000,layers.3.v_lut.lut_batched.log_soft_score_temp,7.442675e-01,3.699720e-03,4.970955e-03
3000,layers.3.v_lut.lut_batched.log_select_temp,8.825247e-01,9.133577e-03,1.034937e-02
3000,layers.3.out_proj.compress.weight,8.584875e+00,2.291023e-01,2.668674e-02
3000,layers.3.out_proj.compress.bias,4.232989e-01,3.052986e-03,7.212366e-03
3000,layers.3.out_proj.lut_batched.weights,1.308808e+01,2.193933e+00,1.676283e-01
3000,layers.3.out_proj.lut_batched.log_soft_score_temp,8.246922e-01,5.880892e-03,7.131014e-03
3000,layers.3.out_proj.lut_batched.log_select_temp,9.665311e-01,1.106936e-02,1.145267e-02
3000,layers.3.out_proj.decompress.weight,8.567267e+00,3.448462e-01,4.025159e-02
3000,layers.3.out_proj.decompress.bias,5.456983e-01,4.392626e-03,8.049550e-03
3000,layers.3.q_norm.weight,8.456298e+00,1.444426e-02,1.708107e-03
3000,layers.3.q_norm.bias,3.221832e-01,6.860855e-03,2.129489e-02
3000,layers.3.k_norm.weight,8.430570e+00,1.401435e-02,1.662325e-03
3000,layers.3.k_norm.bias,5.176831e-01,1.085039e-02,2.095952e-02
3000,layers.3.ln_pre.weight,1.964369e+01,1.698205e-02,8.645043e-04
3000,layers.3.ln_pre.bias,1.498463e-01,7.397992e-03,4.937054e-02
3000,layers.4.q_lut.compress.weight,9.823193e+00,3.526946e-01,3.590428e-02
3000,layers.4.q_lut.compress.bias,5.515414e-01,1.224232e-02,2.219655e-02
3000,layers.4.q_lut.lut_batched.weights,3.350765e+01,3.235884e+00,9.657149e-02
3000,layers.4.q_lut.lut_batched.log_soft_score_temp,4.168166e-01,1.171571e-02,2.810759e-02
3000,layers.4.q_lut.lut_batched.log_select_temp,8.894779e-01,7.875979e-03,8.854609e-03
3000,layers.4.k_lut.compress.weight,9.771718e+00,3.358043e-01,3.436492e-02
3000,layers.4.k_lut.compress.bias,5.496919e-01,1.427395e-02,2.596718e-02
3000,layers.4.k_lut.lut_batched.weights,3.324340e+01,3.208402e+00,9.651246e-02
3000,layers.4.k_lut.lut_batched.log_soft_score_temp,4.307351e-01,8.823186e-03,2.048402e-02
3000,layers.4.k_lut.lut_batched.log_select_temp,8.959641e-01,7.850409e-03,8.761967e-03
3000,layers.4.v_lut.compress.weight,9.878467e+00,3.040884e-01,3.078295e-02
3000,layers.4.v_lut.compress.bias,5.128044e-01,7.390801e-03,1.441252e-02
3000,layers.4.v_lut.lut_batched.weights,3.776291e+01,3.003750e+00,7.954234e-02
3000,layers.4.v_lut.lut_batched.log_soft_score_temp,7.220703e-01,4.868567e-03,6.742511e-03
3000,layers.4.v_lut.lut_batched.log_select_temp,8.650617e-01,8.545458e-03,9.878438e-03
3000,layers.4.out_proj.compress.weight,8.515322e+00,2.265403e-01,2.660384e-02
3000,layers.4.out_proj.compress.bias,4.137116e-01,4.704494e-03,1.137143e-02
3000,layers.4.out_proj.lut_batched.weights,1.327435e+01,2.197122e+00,1.655164e-01
3000,layers.4.out_proj.lut_batched.log_soft_score_temp,8.234566e-01,7.708609e-03,9.361281e-03
3000,layers.4.out_proj.lut_batched.log_select_temp,9.686342e-01,1.260805e-02,1.301632e-02
3000,layers.4.out_proj.decompress.weight,8.279093e+00,3.428763e-01,4.141472e-02
3000,layers.4.out_proj.decompress.bias,5.636539e-01,4.831231e-03,8.571272e-03
3000,layers.4.q_norm.weight,8.459585e+00,1.478072e-02,1.747216e-03
3000,layers.4.q_norm.bias,2.706019e-01,5.825486e-03,2.152788e-02
3000,layers.4.k_norm.weight,8.436139e+00,1.440446e-02,1.707471e-03
3000,layers.4.k_norm.bias,5.850211e-01,8.086142e-03,1.382197e-02
3000,layers.4.ln_pre.weight,1.958914e+01,1.724553e-02,8.803619e-04
3000,layers.4.ln_pre.bias,2.067058e-01,8.178707e-03,3.956690e-02
3000,layers.5.q_lut.compress.weight,9.773052e+00,3.554291e-01,3.636828e-02
3000,layers.5.q_lut.compress.bias,5.396010e-01,1.361274e-02,2.522741e-02
3000,layers.5.q_lut.lut_batched.weights,3.359287e+01,3.251483e+00,9.679088e-02
3000,layers.5.q_lut.lut_batched.log_soft_score_temp,4.553255e-01,1.093233e-02,2.400992e-02
3000,layers.5.q_lut.lut_batched.log_select_temp,8.367119e-01,6.533444e-03,7.808475e-03
3000,layers.5.k_lut.compress.weight,9.735151e+00,3.300391e-01,3.390180e-02
3000,layers.5.k_lut.compress.bias,5.247069e-01,1.389449e-02,2.648047e-02
3000,layers.5.k_lut.lut_batched.weights,3.354153e+01,3.217602e+00,9.592891e-02
3000,layers.5.k_lut.lut_batched.log_soft_score_temp,4.375185e-01,1.038015e-02,2.372505e-02
3000,layers.5.k_lut.lut_batched.log_select_temp,8.650638e-01,5.907595e-03,6.829086e-03
3000,layers.5.v_lut.compress.weight,9.871909e+00,2.721244e-01,2.756553e-02
3000,layers.5.v_lut.compress.bias,5.233558e-01,5.840905e-03,1.116048e-02
3000,layers.5.v_lut.lut_batched.weights,3.968932e+01,2.964442e+00,7.469118e-02
3000,layers.5.v_lut.lut_batched.log_soft_score_temp,7.465687e-01,6.105900e-04,8.178617e-04
3000,layers.5.v_lut.lut_batched.log_select_temp,8.058069e-01,5.918264e-03,7.344519e-03
3000,layers.5.out_proj.compress.weight,8.505922e+00,2.243774e-01,2.637896e-02
3000,layers.5.out_proj.compress.bias,3.999087e-01,3.619970e-03,9.051991e-03
3000,layers.5.out_proj.lut_batched.weights,1.453431e+01,2.212746e+00,1.522430e-01
3000,layers.5.out_proj.lut_batched.log_soft_score_temp,8.020391e-01,5.519092e-03,6.881326e-03
3000,layers.5.out_proj.lut_batched.log_select_temp,9.240736e-01,1.051575e-02,1.137978e-02
3000,layers.5.out_proj.decompress.weight,8.864838e+00,3.254178e-01,3.670883e-02
3000,layers.5.out_proj.decompress.bias,5.513422e-01,5.860542e-03,1.062959e-02
3000,layers.5.q_norm.weight,8.255121e+00,1.458188e-02,1.766404e-03
3000,layers.5.q_norm.bias,1.954503e-01,7.179968e-03,3.673551e-02
3000,layers.5.k_norm.weight,8.241125e+00,1.456667e-02,1.767558e-03
3000,layers.5.k_norm.bias,2.954832e-01,9.174967e-03,3.105073e-02
3000,layers.5.ln_pre.weight,1.963034e+01,1.446823e-02,7.370338e-04
3000,layers.5.ln_pre.bias,1.933030e-01,5.105995e-03,2.641446e-02
3000,ln_final.weight,2.930449e+01,2.814537e-01,9.604457e-03
3000,ln_final.bias,2.264962e+00,4.151420e-02,1.832887e-02
3000,unembedder.weight,1.694967e+02,5.237430e+00,3.089989e-02
3200,tok_emb_E.weight,2.163638e+02,2.931989e+00,1.355120e-02
3200,layers.0.q_lut.compress.weight,1.016944e+01,2.679424e-01,2.634780e-02
3200,layers.0.q_lut.compress.bias,5.292329e-01,1.175366e-02,2.220886e-02
3200,layers.0.q_lut.lut_batched.weights,3.311786e+01,2.304834e+00,6.959489e-02
3200,layers.0.q_lut.lut_batched.log_soft_score_temp,9.708890e-01,4.832149e-03,4.977035e-03
3200,layers.0.q_lut.lut_batched.log_select_temp,1.059289e+00,6.959319e-03,6.569799e-03
3200,layers.0.k_lut.compress.weight,1.000187e+01,2.852376e-01,2.851844e-02
3200,layers.0.k_lut.compress.bias,4.950346e-01,1.468647e-02,2.966757e-02
3200,layers.0.k_lut.lut_batched.weights,3.323346e+01,2.365689e+00,7.118395e-02
3200,layers.0.k_lut.lut_batched.log_soft_score_temp,8.494280e-01,7.478297e-03,8.803921e-03
3200,layers.0.k_lut.lut_batched.log_select_temp,9.150926e-01,8.453906e-03,9.238306e-03
3200,layers.0.v_lut.compress.weight,1.076818e+01,2.594960e-01,2.409840e-02
3200,layers.0.v_lut.compress.bias,5.150495e-01,1.072226e-02,2.081792e-02
3200,layers.0.v_lut.lut_batched.weights,3.910522e+01,2.302213e+00,5.887228e-02
3200,layers.0.v_lut.lut_batched.log_soft_score_temp,9.192314e-01,1.009703e-02,1.098421e-02
3200,layers.0.v_lut.lut_batched.log_select_temp,8.546278e-01,8.068860e-03,9.441373e-03
3200,layers.0.out_proj.compress.weight,8.673885e+00,1.653955e-01,1.906822e-02
3200,layers.0.out_proj.compress.bias,4.923651e-01,3.247818e-03,6.596360e-03
3200,layers.0.out_proj.lut_batched.weights,2.185653e+01,1.824368e+00,8.347018e-02
3200,layers.0.out_proj.lut_batched.log_soft_score_temp,8.401009e-01,5.667031e-03,6.745655e-03
3200,layers.0.out_proj.lut_batched.log_select_temp,9.783934e-01,9.587467e-03,9.799194e-03
3200,layers.0.out_proj.decompress.weight,1.001313e+01,2.458719e-01,2.455496e-02
3200,layers.0.out_proj.decompress.bias,5.522013e-01,3.560774e-03,6.448327e-03
3200,layers.0.q_norm.weight,9.210320e+00,2.146809e-02,2.330874e-03
3200,layers.0.q_norm.bias,6.525319e-01,1.107517e-02,1.697261e-02
3200,layers.0.k_norm.weight,9.204767e+00,2.095919e-02,2.276993e-03
3200,layers.0.k_norm.bias,6.094653e-01,1.024782e-02,1.681444e-02
3200,layers.0.ln_pre.weight,2.015749e+01,1.717044e-02,8.518142e-04
3200,layers.0.ln_pre.bias,2.052343e-01,1.252004e-02,6.100365e-02
3200,layers.1.q_lut.compress.weight,9.872398e+00,2.723149e-01,2.758346e-02
3200,layers.1.q_lut.compress.bias,4.933875e-01,9.926799e-03,2.011968e-02
3200,layers.1.q_lut.lut_batched.weights,3.361065e+01,2.531392e+00,7.531518e-02
3200,layers.1.q_lut.lut_batched.log_soft_score_temp,5.872913e-01,2.994299e-03,5.098490e-03
3200,layers.1.q_lut.lut_batched.log_select_temp,9.988700e-01,7.120788e-03,7.128844e-03
3200,layers.1.k_lut.compress.weight,9.811595e+00,2.758906e-01,2.811883e-02
3200,layers.1.k_lut.compress.bias,5.206838e-01,1.192766e-02,2.290768e-02
3200,layers.1.k_lut.lut_batched.weights,3.276022e+01,2.510315e+00,7.662694e-02
3200,layers.1.k_lut.lut_batched.log_soft_score_temp,5.129904e-01,2.058864e-03,4.013454e-03
3200,layers.1.k_lut.lut_batched.log_select_temp,9.203377e-01,6.940842e-03,7.541625e-03
3200,layers.1.v_lut.compress.weight,9.998668e+00,2.486965e-01,2.487297e-02
3200,layers.1.v_lut.compress.bias,4.830064e-01,6.606714e-03,1.367831e-02
3200,layers.1.v_lut.lut_batched.weights,3.516932e+01,2.451441e+00,6.970396e-02
3200,layers.1.v_lut.lut_batched.log_soft_score_temp,6.954002e-01,3.589749e-03,5.162135e-03
3200,layers.1.v_lut.lut_batched.log_select_temp,9.469519e-01,7.236838e-03,7.642245e-03
3200,layers.1.out_proj.compress.weight,8.554762e+00,1.761174e-01,2.058706e-02
3200,layers.1.out_proj.compress.bias,4.454057e-01,3.809175e-03,8.552147e-03
3200,layers.1.out_proj.lut_batched.weights,1.610725e+01,1.732791e+00,1.075784e-01
3200,layers.1.out_proj.lut_batched.log_soft_score_temp,7.756686e-01,1.407206e-03,1.814185e-03
3200,layers.1.out_proj.lut_batched.log_select_temp,1.028582e+00,9.706616e-03,9.436889e-03
3200,layers.1.out_proj.decompress.weight,9.096474e+00,2.679297e-01,2.945423e-02
3200,layers.1.out_proj.decompress.bias,5.567961e-01,3.465686e-03,6.224335e-03
3200,layers.1.q_norm.weight,8.769143e+00,1.420496e-02,1.619880e-03
3200,layers.1.q_norm.bias,5.043017e-01,7.326132e-03,1.452728e-02
3200,layers.1.k_norm.weight,8.728151e+00,1.372186e-02,1.572138e-03
3200,layers.1.k_norm.bias,8.163273e-01,1.103234e-02,1.351461e-02
3200,layers.1.ln_pre.weight,1.966677e+01,1.381737e-02,7.025746e-04
3200,layers.1.ln_pre.bias,1.219892e-01,6.048268e-03,4.958034e-02
3200,layers.2.q_lut.compress.weight,9.862287e+00,2.796879e-01,2.835934e-02
3200,layers.2.q_lut.compress.bias,5.416797e-01,1.028856e-02,1.899381e-02
3200,layers.2.q_lut.lut_batched.weights,3.376838e+01,2.551084e+00,7.554652e-02
3200,layers.2.q_lut.lut_batched.log_soft_score_temp,4.639586e-01,7.364452e-03,1.587308e-02
3200,layers.2.q_lut.lut_batched.log_select_temp,9.468102e-01,6.919086e-03,7.307785e-03
3200,layers.2.k_lut.compress.weight,9.758477e+00,2.750774e-01,2.818856e-02
3200,layers.2.k_lut.compress.bias,5.260571e-01,1.165645e-02,2.215814e-02
3200,layers.2.k_lut.lut_batched.weights,3.291150e+01,2.533216e+00,7.697054e-02
3200,layers.2.k_lut.lut_batched.log_soft_score_temp,4.314318e-01,3.978491e-03,9.221599e-03
3200,layers.2.k_lut.lut_batched.log_select_temp,9.399564e-01,7.857144e-03,8.359052e-03
3200,layers.2.v_lut.compress.weight,9.897763e+00,2.491264e-01,2.516997e-02
3200,layers.2.v_lut.compress.bias,5.052944e-01,7.072729e-03,1.399724e-02
3200,layers.2.v_lut.lut_batched.weights,3.761540e+01,2.446293e+00,6.503435e-02
3200,layers.2.v_lut.lut_batched.log_soft_score_temp,6.584715e-01,6.353378e-03,9.648676e-03
3200,layers.2.v_lut.lut_batched.log_select_temp,8.843049e-01,6.943047e-03,7.851418e-03
3200,layers.2.out_proj.compress.weight,8.519030e+00,1.837648e-01,2.157109e-02
3200,layers.2.out_proj.compress.bias,4.214573e-01,3.957848e-03,9.390863e-03
3200,layers.2.out_proj.lut_batched.weights,1.442718e+01,1.734853e+00,1.202489e-01
3200,layers.2.out_proj.lut_batched.log_soft_score_temp,8.335062e-01,2.677977e-03,3.212906e-03
3200,layers.2.out_proj.lut_batched.log_select_temp,1.047044e+00,1.029444e-02,9.831906e-03
3200,layers.2.out_proj.decompress.weight,8.872327e+00,2.706862e-01,3.050904e-02
3200,layers.2.out_proj.decompress.bias,5.645034e-01,3.585312e-03,6.351267e-03
3200,layers.2.q_norm.weight,8.775525e+00,1.495138e-02,1.703759e-03
3200,layers.2.q_norm.bias,4.293516e-01,7.157234e-03,1.666986e-02
3200,layers.2.k_norm.weight,8.726717e+00,1.418168e-02,1.625088e-03
3200,layers.2.k_norm.bias,7.498496e-01,1.105407e-02,1.474172e-02
3200,layers.2.ln_pre.weight,1.961664e+01,1.457712e-02,7.430997e-04
3200,layers.2.ln_pre.bias,1.355076e-01,7.568480e-03,5.585280e-02
3200,layers.3.q_lut.compress.weight,9.815123e+00,2.829695e-01,2.882995e-02
3200,layers.3.q_lut.compress.bias,5.099897e-01,1.076114e-02,2.110069e-02
3200,layers.3.q_lut.lut_batched.weights,3.428054e+01,2.589884e+00,7.554970e-02
3200,layers.3.q_lut.lut_batched.log_soft_score_temp,3.974948e-01,7.878304e-03,1.981989e-02
3200,layers.3.q_lut.lut_batched.log_select_temp,9.272336e-01,6.509602e-03,7.020456e-03
3200,layers.3.k_lut.compress.weight,9.747080e+00,2.621491e-01,2.689514e-02
3200,layers.3.k_lut.compress.bias,5.391076e-01,9.532497e-03,1.768199e-02
3200,layers.3.k_lut.lut_batched.weights,3.363914e+01,2.555784e+00,7.597648e-02
3200,layers.3.k_lut.lut_batched.log_soft_score_temp,4.876044e-01,6.035388e-03,1.237763e-02
3200,layers.3.k_lut.lut_batched.log_select_temp,9.175639e-01,6.338418e-03,6.907876e-03
3200,layers.3.v_lut.compress.weight,9.864666e+00,2.315251e-01,2.347014e-02
3200,layers.3.v_lut.compress.bias,5.027020e-01,5.688591e-03,1.131603e-02
3200,layers.3.v_lut.lut_batched.weights,3.728213e+01,2.393843e+00,6.420887e-02
3200,layers.3.v_lut.lut_batched.log_soft_score_temp,7.414700e-01,2.797484e-03,3.772890e-03
3200,layers.3.v_lut.lut_batched.log_select_temp,8.903507e-01,7.825971e-03,8.789762e-03
3200,layers.3.out_proj.compress.weight,8.588957e+00,1.897397e-01,2.209112e-02
3200,layers.3.out_proj.compress.bias,4.232224e-01,2.772062e-03,6.549894e-03
3200,layers.3.out_proj.lut_batched.weights,1.302110e+01,1.759363e+00,1.351163e-01
3200,layers.3.out_proj.lut_batched.log_soft_score_temp,8.307030e-01,6.010771e-03,7.235764e-03
3200,layers.3.out_proj.lut_batched.log_select_temp,9.764249e-01,9.893775e-03,1.013265e-02
3200,layers.3.out_proj.decompress.weight,8.526491e+00,2.794225e-01,3.277110e-02
3200,layers.3.out_proj.decompress.bias,5.457479e-01,3.777655e-03,6.921979e-03
3200,layers.3.q_norm.weight,8.469383e+00,1.478818e-02,1.746075e-03
3200,layers.3.q_norm.bias,3.277831e-01,6.888807e-03,2.101636e-02
3200,layers.3.k_norm.weight,8.443321e+00,1.459758e-02,1.728891e-03
3200,layers.3.k_norm.bias,5.254996e-01,9.898282e-03,1.883594e-02
3200,layers.3.ln_pre.weight,1.964111e+01,1.374711e-02,6.999153e-04
3200,layers.3.ln_pre.bias,1.503211e-01,6.133470e-03,4.080245e-02
3200,layers.4.q_lut.compress.weight,9.811357e+00,2.879523e-01,2.934887e-02
3200,layers.4.q_lut.compress.bias,5.515122e-01,1.123749e-02,2.037578e-02
3200,layers.4.q_lut.lut_batched.weights,3.362627e+01,2.580654e+00,7.674516e-02
3200,layers.4.q_lut.lut_batched.log_soft_score_temp,4.073422e-01,9.474397e-03,2.325906e-02
3200,layers.4.q_lut.lut_batched.log_select_temp,8.958248e-01,6.346881e-03,7.084958e-03
3200,layers.4.k_lut.compress.weight,9.761299e+00,2.719229e-01,2.785725e-02
3200,layers.4.k_lut.compress.bias,5.501265e-01,1.133085e-02,2.059681e-02
3200,layers.4.k_lut.lut_batched.weights,3.335875e+01,2.547081e+00,7.635423e-02
3200,layers.4.k_lut.lut_batched.log_soft_score_temp,4.229920e-01,7.743090e-03,1.830552e-02
3200,layers.4.k_lut.lut_batched.log_select_temp,9.020017e-01,6.037533e-03,6.693483e-03
3200,layers.4.v_lut.compress.weight,9.868499e+00,2.449763e-01,2.482407e-02
3200,layers.4.v_lut.compress.bias,5.126553e-01,6.790048e-03,1.324486e-02
3200,layers.4.v_lut.lut_batched.weights,3.796878e+01,2.396024e+00,6.310510e-02
3200,layers.4.v_lut.lut_batched.log_soft_score_temp,7.180483e-01,4.021943e-03,5.601214e-03
3200,layers.4.v_lut.lut_batched.log_select_temp,8.724633e-01,7.401645e-03,8.483617e-03
3200,layers.4.out_proj.compress.weight,8.522502e+00,1.868586e-01,2.192532e-02
3200,layers.4.out_proj.compress.bias,4.132766e-01,3.635551e-03,8.796896e-03
3200,layers.4.out_proj.lut_batched.weights,1.323498e+01,1.761566e+00,1.330993e-01
3200,layers.4.out_proj.lut_batched.log_soft_score_temp,8.305764e-01,7.119775e-03,8.572089e-03
3200,layers.4.out_proj.lut_batched.log_select_temp,9.791244e-01,1.049018e-02,1.071384e-02
3200,layers.4.out_proj.decompress.weight,8.241672e+00,2.786441e-01,3.380918e-02
3200,layers.4.out_proj.decompress.bias,5.634533e-01,4.016864e-03,7.129010e-03
3200,layers.4.q_norm.weight,8.470545e+00,1.221122e-02,1.441610e-03
3200,layers.4.q_norm.bias,2.756204e-01,6.838615e-03,2.481172e-02
3200,layers.4.k_norm.weight,8.446720e+00,1.234549e-02,1.461573e-03
3200,layers.4.k_norm.bias,5.907025e-01,8.030373e-03,1.359461e-02
3200,layers.4.ln_pre.weight,1.958542e+01,1.420973e-02,7.255258e-04
3200,layers.4.ln_pre.bias,2.084849e-01,6.397882e-03,3.068751e-02
3200,layers.5.q_lut.compress.weight,9.760735e+00,2.837032e-01,2.906576e-02
3200,layers.5.q_lut.compress.bias,5.403878e-01,1.164518e-02,2.154966e-02
3200,layers.5.q_lut.lut_batched.weights,3.369711e+01,2.593434e+00,7.696309e-02
3200,layers.5.q_lut.lut_batched.log_soft_score_temp,4.471908e-01,8.134663e-03,1.819059e-02
3200,layers.5.q_lut.lut_batched.log_select_temp,8.412752e-01,4.563212e-03,5.424162e-03
3200,layers.5.k_lut.compress.weight,9.724294e+00,2.668396e-01,2.744051e-02
3200,layers.5.k_lut.compress.bias,5.264722e-01,1.091040e-02,2.072361e-02
3200,layers.5.k_lut.lut_batched.weights,3.364660e+01,2.551309e+00,7.582666e-02
3200,layers.5.k_lut.lut_batched.log_soft_score_temp,4.296772e-01,7.841229e-03,1.824911e-02
3200,layers.5.k_lut.lut_batched.log_select_temp,8.702603e-01,5.196452e-03,5.971147e-03
3200,layers.5.v_lut.compress.weight,9.862979e+00,2.221296e-01,2.252156e-02
3200,layers.5.v_lut.compress.bias,5.232769e-01,4.661561e-03,8.908402e-03
3200,layers.5.v_lut.lut_batched.weights,3.988292e+01,2.360429e+00,5.918396e-02
3200,layers.5.v_lut.lut_batched.log_soft_score_temp,7.458069e-01,7.618666e-04,1.021533e-03
3200,layers.5.v_lut.lut_batched.log_select_temp,8.103440e-01,4.537106e-03,5.598987e-03
3200,layers.5.out_proj.compress.weight,8.513005e+00,1.838656e-01,2.159820e-02
3200,layers.5.out_proj.compress.bias,3.997499e-01,3.495894e-03,8.745204e-03
3200,layers.5.out_proj.lut_batched.weights,1.453942e+01,1.769481e+00,1.217023e-01
3200,layers.5.out_proj.lut_batched.log_soft_score_temp,8.069335e-01,4.894435e-03,6.065475e-03
3200,layers.5.out_proj.lut_batched.log_select_temp,9.328707e-01,8.797109e-03,9.430149e-03
3200,layers.5.out_proj.decompress.weight,8.843120e+00,2.621523e-01,2.964478e-02
3200,layers.5.out_proj.decompress.bias,5.510400e-01,4.815057e-03,8.738126e-03
3200,layers.5.q_norm.weight,8.264327e+00,1.211915e-02,1.466442e-03
3200,layers.5.q_norm.bias,1.990450e-01,5.393171e-03,2.709523e-02
3200,layers.5.k_norm.weight,8.250122e+00,1.173792e-02,1.422757e-03
3200,layers.5.k_norm.bias,2.984645e-01,6.384007e-03,2.138950e-02
3200,layers.5.ln_pre.weight,1.962784e+01,1.192814e-02,6.077152e-04
3200,layers.5.ln_pre.bias,1.951594e-01,4.212646e-03,2.158567e-02
3200,ln_final.weight,2.952836e+01,2.239483e-01,7.584177e-03
3200,ln_final.bias,2.283428e+00,3.270987e-02,1.432490e-02
3200,unembedder.weight,1.701322e+02,4.276150e+00,2.513428e-02
3400,tok_emb_E.weight,2.164695e+02,2.297707e+00,1.061446e-02
3400,layers.0.q_lut.compress.weight,1.016263e+01,2.157148e-01,2.122629e-02
3400,layers.0.q_lut.compress.bias,5.290645e-01,1.136467e-02,2.148068e-02
3400,layers.0.q_lut.lut_batched.weights,3.319469e+01,1.837650e+00,5.535976e-02
3400,layers.0.q_lut.lut_batched.log_soft_score_temp,9.753708e-01,4.481852e-03,4.595024e-03
3400,layers.0.q_lut.lut_batched.log_select_temp,1.065138e+00,5.848527e-03,5.490863e-03
3400,layers.0.k_lut.compress.weight,9.996535e+00,2.264437e-01,2.265222e-02
3400,layers.0.k_lut.compress.bias,4.963939e-01,1.052606e-02,2.120506e-02
3400,layers.0.k_lut.lut_batched.weights,3.331034e+01,1.879082e+00,5.641138e-02
3400,layers.0.k_lut.lut_batched.log_soft_score_temp,8.558999e-01,6.471872e-03,7.561483e-03
3400,layers.0.k_lut.lut_batched.log_select_temp,9.220504e-01,6.957769e-03,7.545975e-03
3400,layers.0.v_lut.compress.weight,1.076626e+01,2.097027e-01,1.947778e-02
3400,layers.0.v_lut.compress.bias,5.150151e-01,8.533035e-03,1.656852e-02
3400,layers.0.v_lut.lut_batched.weights,3.922980e+01,1.829714e+00,4.664093e-02
3400,layers.0.v_lut.lut_batched.log_soft_score_temp,9.273670e-01,8.135557e-03,8.772748e-03
3400,layers.0.v_lut.lut_batched.log_select_temp,8.614435e-01,6.815672e-03,7.911920e-03
3400,layers.0.out_proj.compress.weight,8.674575e+00,1.334912e-01,1.538879e-02
3400,layers.0.out_proj.compress.bias,4.922190e-01,2.175514e-03,4.419810e-03
3400,layers.0.out_proj.lut_batched.weights,2.179671e+01,1.440945e+00,6.610834e-02
3400,layers.0.out_proj.lut_batched.log_soft_score_temp,8.456389e-01,5.537987e-03,6.548879e-03
3400,layers.0.out_proj.lut_batched.log_select_temp,9.865647e-01,8.171260e-03,8.282539e-03
3400,layers.0.out_proj.decompress.weight,9.980470e+00,2.003733e-01,2.007654e-02
3400,layers.0.out_proj.decompress.bias,5.518317e-01,2.919873e-03,5.291239e-03
3400,layers.0.q_norm.weight,9.227020e+00,1.836111e-02,1.989929e-03
3400,layers.0.q_norm.bias,6.592282e-01,8.033308e-03,1.218593e-02
3400,layers.0.k_norm.weight,9.221085e+00,1.788205e-02,1.939257e-03
3400,layers.0.k_norm.bias,6.163636e-01,8.386861e-03,1.360700e-02
3400,layers.0.ln_pre.weight,2.016352e+01,1.343211e-02,6.661587e-04
3400,layers.0.ln_pre.bias,2.061734e-01,1.082401e-02,5.249955e-02
3400,layers.1.q_lut.compress.weight,9.864655e+00,2.179040e-01,2.208937e-02
3400,layers.1.q_lut.compress.bias,4.925911e-01,8.765665e-03,1.779501e-02
3400,layers.1.q_lut.lut_batched.weights,3.369548e+01,1.994809e+00,5.920109e-02
3400,layers.1.q_lut.lut_batched.log_soft_score_temp,5.856825e-01,1.608789e-03,2.746862e-03
3400,layers.1.q_lut.lut_batched.log_select_temp,1.004733e+00,5.862772e-03,5.835156e-03
3400,layers.1.k_lut.compress.weight,9.804081e+00,2.216868e-01,2.261169e-02
3400,layers.1.k_lut.compress.bias,5.210691e-01,8.902299e-03,1.708468e-02
3400,layers.1.k_lut.lut_batched.weights,3.283877e+01,1.976120e+00,6.017644e-02
3400,layers.1.k_lut.lut_batched.log_soft_score_temp,5.121084e-01,8.820295e-04,1.722349e-03
3400,layers.1.k_lut.lut_batched.log_select_temp,9.261942e-01,5.856454e-03,6.323139e-03
3400,layers.1.v_lut.compress.weight,9.989994e+00,2.005402e-01,2.007411e-02
3400,layers.1.v_lut.compress.bias,4.834116e-01,5.357097e-03,1.108185e-02
3400,layers.1.v_lut.lut_batched.weights,3.525897e+01,1.939467e+00,5.500635e-02
3400,layers.1.v_lut.lut_batched.log_soft_score_temp,6.923454e-01,3.054738e-03,4.412159e-03
3400,layers.1.v_lut.lut_batched.log_select_temp,9.528258e-01,5.873919e-03,6.164735e-03
3400,layers.1.out_proj.compress.weight,8.549748e+00,1.426710e-01,1.668716e-02
3400,layers.1.out_proj.compress.bias,4.456510e-01,2.854179e-03,6.404515e-03
3400,layers.1.out_proj.lut_batched.weights,1.602317e+01,1.371594e+00,8.560063e-02
3400,layers.1.out_proj.lut_batched.log_soft_score_temp,7.772092e-01,1.540601e-03,1.982222e-03
3400,layers.1.out_proj.lut_batched.log_select_temp,1.036502e+00,7.920027e-03,7.641109e-03
3400,layers.1.out_proj.decompress.weight,9.058776e+00,2.152884e-01,2.376573e-02
3400,layers.1.out_proj.decompress.bias,5.565999e-01,3.278617e-03,5.890438e-03
3400,layers.1.q_norm.weight,8.779111e+00,1.078056e-02,1.227978e-03
3400,layers.1.q_norm.bias,5.096242e-01,6.097407e-03,1.196451e-02
3400,layers.1.k_norm.weight,8.737573e+00,1.037397e-02,1.187282e-03
3400,layers.1.k_norm.bias,8.251185e-01,9.462111e-03,1.146758e-02
3400,layers.1.ln_pre.weight,1.966572e+01,1.144382e-02,5.819170e-04
3400,layers.1.ln_pre.bias,1.231760e-01,5.301903e-03,4.304331e-02
3400,layers.2.q_lut.compress.weight,9.853714e+00,2.241749e-01,2.275029e-02
3400,layers.2.q_lut.compress.bias,5.413458e-01,8.751874e-03,1.616688e-02
3400,layers.2.q_lut.lut_batched.weights,3.385074e+01,2.009699e+00,5.936943e-02
3400,layers.2.q_lut.lut_batched.log_soft_score_temp,4.588572e-01,5.101383e-03,1.111758e-02
3400,layers.2.q_lut.lut_batched.log_select_temp,9.527470e-01,5.936742e-03,6.231184e-03
3400,layers.2.k_lut.compress.weight,9.750383e+00,2.206682e-01,2.263175e-02
3400,layers.2.k_lut.compress.bias,5.259528e-01,9.678006e-03,1.840090e-02
3400,layers.2.k_lut.lut_batched.weights,3.298512e+01,2.001604e+00,6.068203e-02
3400,layers.2.k_lut.lut_batched.log_soft_score_temp,4.277253e-01,3.706425e-03,8.665433e-03
3400,layers.2.k_lut.lut_batched.log_select_temp,9.461726e-01,6.216228e-03,6.569867e-03
3400,layers.2.v_lut.compress.weight,9.889232e+00,2.015076e-01,2.037647e-02
3400,layers.2.v_lut.compress.bias,5.058168e-01,5.679282e-03,1.122794e-02
3400,layers.2.v_lut.lut_batched.weights,3.773031e+01,1.932767e+00,5.122584e-02
3400,layers.2.v_lut.lut_batched.log_soft_score_temp,6.537304e-01,4.741132e-03,7.252427e-03
3400,layers.2.v_lut.lut_batched.log_select_temp,8.903849e-01,6.079972e-03,6.828476e-03
3400,layers.2.out_proj.compress.weight,8.517011e+00,1.484680e-01,1.743193e-02
3400,layers.2.out_proj.compress.bias,4.213583e-01,3.026808e-03,7.183455e-03
3400,layers.2.out_proj.lut_batched.weights,1.436143e+01,1.368715e+00,9.530492e-02
3400,layers.2.out_proj.lut_batched.log_soft_score_temp,8.361835e-01,2.677262e-03,3.201764e-03
3400,layers.2.out_proj.lut_batched.log_select_temp,1.055211e+00,8.166790e-03,7.739487e-03
3400,layers.2.out_proj.decompress.weight,8.837758e+00,2.180075e-01,2.466774e-02
3400,layers.2.out_proj.decompress.bias,5.644352e-01,3.317602e-03,5.877737e-03
3400,layers.2.q_norm.weight,8.785977e+00,1.141462e-02,1.299186e-03
3400,layers.2.q_norm.bias,4.335026e-01,5.305423e-03,1.223850e-02
3400,layers.2.k_norm.weight,8.736773e+00,1.109354e-02,1.269753e-03
3400,layers.2.k_norm.bias,7.572802e-01,8.492614e-03,1.121463e-02
3400,layers.2.ln_pre.weight,1.961399e+01,1.207198e-02,6.154779e-04
3400,layers.2.ln_pre.bias,1.354727e-01,6.297227e-03,4.648337e-02
3400,layers.3.q_lut.compress.weight,9.805825e+00,2.268670e-01,2.313595e-02
3400,layers.3.q_lut.compress.bias,5.084587e-01,9.686744e-03,1.905119e-02
3400,layers.3.q_lut.lut_batched.weights,3.435614e+01,2.039690e+00,5.936901e-02
3400,layers.3.q_lut.lut_batched.log_soft_score_temp,3.911559e-01,6.338865e-03,1.620547e-02
3400,layers.3.q_lut.lut_batched.log_select_temp,9.318660e-01,4.632473e-03,4.971179e-03
3400,layers.3.k_lut.compress.weight,9.738770e+00,2.109784e-01,2.166376e-02
3400,layers.3.k_lut.compress.bias,5.381924e-01,8.600495e-03,1.598034e-02
3400,layers.3.k_lut.lut_batched.weights,3.371728e+01,2.012472e+00,5.968668e-02
3400,layers.3.k_lut.lut_batched.log_soft_score_temp,4.830654e-01,4.538953e-03,9.396146e-03
3400,layers.3.k_lut.lut_batched.log_select_temp,9.226595e-01,5.095601e-03,5.522732e-03
3400,layers.3.v_lut.compress.weight,9.856750e+00,1.881947e-01,1.909297e-02
3400,layers.3.v_lut.compress.bias,5.028553e-01,5.179982e-03,1.030114e-02
3400,layers.3.v_lut.lut_batched.weights,3.741835e+01,1.885771e+00,5.039696e-02
3400,layers.3.v_lut.lut_batched.log_soft_score_temp,7.391157e-01,2.354264e-03,3.185244e-03
3400,layers.3.v_lut.lut_batched.log_select_temp,8.967978e-01,6.447077e-03,7.188997e-03
3400,layers.3.out_proj.compress.weight,8.591636e+00,1.519098e-01,1.768112e-02
3400,layers.3.out_proj.compress.bias,4.229910e-01,2.713907e-03,6.415992e-03
3400,layers.3.out_proj.lut_batched.weights,1.295688e+01,1.385339e+00,1.069191e-01
3400,layers.3.out_proj.lut_batched.log_soft_score_temp,8.353085e-01,4.605472e-03,5.513498e-03
3400,layers.3.out_proj.lut_batched.log_select_temp,9.840620e-01,7.637084e-03,7.760775e-03
3400,layers.3.out_proj.decompress.weight,8.495123e+00,2.239590e-01,2.636324e-02
3400,layers.3.out_proj.decompress.bias,5.452264e-01,3.513562e-03,6.444226e-03
3400,layers.3.q_norm.weight,8.478292e+00,1.010999e-02,1.192455e-03
3400,layers.3.q_norm.bias,3.329410e-01,5.899324e-03,1.771883e-02
3400,layers.3.k_norm.weight,8.451795e+00,9.753359e-03,1.153999e-03
3400,layers.3.k_norm.bias,5.318718e-01,7.640382e-03,1.436508e-02
3400,layers.3.ln_pre.weight,1.963909e+01,1.112020e-02,5.662277e-04
3400,layers.3.ln_pre.bias,1.511679e-01,4.859384e-03,3.214560e-02
3400,layers.4.q_lut.compress.weight,9.801432e+00,2.279586e-01,2.325768e-02
3400,layers.4.q_lut.compress.bias,5.524908e-01,1.011496e-02,1.830792e-02
3400,layers.4.q_lut.lut_batched.weights,3.369817e+01,2.029591e+00,6.022854e-02
3400,layers.4.q_lut.lut_batched.log_soft_score_temp,3.997947e-01,7.547498e-03,1.887843e-02
3400,layers.4.q_lut.lut_batched.log_select_temp,9.015816e-01,5.756855e-03,6.385284e-03
3400,layers.4.k_lut.compress.weight,9.751917e+00,2.196873e-01,2.252760e-02
3400,layers.4.k_lut.compress.bias,5.501747e-01,8.339402e-03,1.515774e-02
3400,layers.4.k_lut.lut_batched.weights,3.342646e+01,2.013595e+00,6.023954e-02
3400,layers.4.k_lut.lut_batched.log_soft_score_temp,4.165287e-01,6.463289e-03,1.551703e-02
3400,layers.4.k_lut.lut_batched.log_select_temp,9.067182e-01,4.716516e-03,5.201744e-03
3400,layers.4.v_lut.compress.weight,9.860367e+00,1.985892e-01,2.014015e-02
3400,layers.4.v_lut.compress.bias,5.126682e-01,5.110365e-03,9.968172e-03
3400,layers.4.v_lut.lut_batched.weights,3.811686e+01,1.888516e+00,4.954543e-02
3400,layers.4.v_lut.lut_batched.log_soft_score_temp,7.144341e-01,3.614187e-03,5.058811e-03
3400,layers.4.v_lut.lut_batched.log_select_temp,8.789580e-01,6.494701e-03,7.389091e-03
3400,layers.4.out_proj.compress.weight,8.528003e+00,1.497028e-01,1.755426e-02
3400,layers.4.out_proj.compress.bias,4.133232e-01,2.906603e-03,7.032277e-03
3400,layers.4.out_proj.lut_batched.weights,1.318903e+01,1.388327e+00,1.052638e-01
3400,layers.4.out_proj.lut_batched.log_soft_score_temp,8.366301e-01,6.053686e-03,7.235798e-03
3400,layers.4.out_proj.lut_batched.log_select_temp,9.877105e-01,8.586049e-03,8.692880e-03
3400,layers.4.out_proj.decompress.weight,8.213369e+00,2.232758e-01,2.718443e-02
3400,layers.4.out_proj.decompress.bias,5.631034e-01,3.735654e-03,6.634045e-03
3400,layers.4.q_norm.weight,8.478387e+00,9.361553e-03,1.104167e-03
3400,layers.4.q_norm.bias,2.780363e-01,3.889173e-03,1.398800e-02
3400,layers.4.k_norm.weight,8.454207e+00,8.980446e-03,1.062246e-03
3400,layers.4.k_norm.bias,5.947264e-01,6.176797e-03,1.038595e-02
3400,layers.4.ln_pre.weight,1.958269e+01,1.097754e-02,5.605735e-04
3400,layers.4.ln_pre.bias,2.098912e-01,6.073205e-03,2.893501e-02
3400,layers.5.q_lut.compress.weight,9.750360e+00,2.283483e-01,2.341947e-02
3400,layers.5.q_lut.compress.bias,5.409432e-01,8.360242e-03,1.545494e-02
3400,layers.5.q_lut.lut_batched.weights,3.375932e+01,2.037929e+00,6.036641e-02
3400,layers.5.q_lut.lut_batched.log_soft_score_temp,4.406582e-01,6.532580e-03,1.482460e-02
3400,layers.5.q_lut.lut_batched.log_select_temp,8.455302e-01,4.255056e-03,5.032412e-03
3400,layers.5.k_lut.compress.weight,9.714900e+00,2.130414e-01,2.192935e-02
3400,layers.5.k_lut.compress.bias,5.263566e-01,8.897808e-03,1.690453e-02
3400,layers.5.k_lut.lut_batched.weights,3.371096e+01,2.020108e+00,5.992437e-02
3400,layers.5.k_lut.lut_batched.log_soft_score_temp,4.229271e-01,6.750196e-03,1.596066e-02
3400,layers.5.k_lut.lut_batched.log_select_temp,8.747998e-01,4.539490e-03,5.189176e-03
3400,layers.5.v_lut.compress.weight,9.855247e+00,1.816913e-01,1.843600e-02
3400,layers.5.v_lut.compress.bias,5.233054e-01,4.248124e-03,8.117868e-03
3400,layers.5.v_lut.lut_batched.weights,4.002224e+01,1.878576e+00,4.693831e-02
3400,layers.5.v_lut.lut_batched.log_soft_score_temp,7.454572e-01,3.497005e-04,4.691087e-04
3400,layers.5.v_lut.lut_batched.log_select_temp,8.147941e-01,4.450083e-03,5.461604e-03
3400,layers.5.out_proj.compress.weight,8.519196e+00,1.505296e-01,1.766946e-02
3400,layers.5.out_proj.compress.bias,3.993664e-01,2.963405e-03,7.420265e-03
3400,layers.5.out_proj.lut_batched.weights,1.453536e+01,1.402448e+00,9.648525e-02
3400,layers.5.out_proj.lut_batched.log_soft_score_temp,8.116854e-01,4.751861e-03,5.854314e-03
3400,layers.5.out_proj.lut_batched.log_select_temp,9.404893e-01,7.618606e-03,8.100683e-03
3400,layers.5.out_proj.decompress.weight,8.828125e+00,2.124664e-01,2.406699e-02
3400,layers.5.out_proj.decompress.bias,5.509430e-01,4.440076e-03,8.059047e-03
3400,layers.5.q_norm.weight,8.273503e+00,1.169326e-02,1.413339e-03
3400,layers.5.q_norm.bias,2.011293e-01,3.660363e-03,1.819906e-02
3400,layers.5.k_norm.weight,8.258857e+00,1.141088e-02,1.381654e-03
3400,layers.5.k_norm.bias,3.017410e-01,5.299876e-03,1.756432e-02
3400,layers.5.ln_pre.weight,1.962582e+01,1.013972e-02,5.166518e-04
3400,layers.5.ln_pre.bias,1.966915e-01,3.652984e-03,1.857215e-02
3400,ln_final.weight,2.970473e+01,1.764446e-01,5.939951e-03
3400,ln_final.bias,2.297691e+00,2.596965e-02,1.130250e-02
3400,unembedder.weight,1.706129e+02,3.405395e+00,1.995977e-02
3600,tok_emb_E.weight,2.165450e+02,1.812488e+00,8.370031e-03
3600,layers.0.q_lut.compress.weight,1.015690e+01,1.745594e-01,1.718629e-02
3600,layers.0.q_lut.compress.bias,5.293675e-01,8.388728e-03,1.584670e-02
3600,layers.0.q_lut.lut_batched.weights,3.324196e+01,1.460084e+00,4.392291e-02
3600,layers.0.q_lut.lut_batched.log_soft_score_temp,9.788610e-01,3.490150e-03,3.565522e-03
3600,layers.0.q_lut.lut_batched.log_select_temp,1.069433e+00,4.295230e-03,4.016361e-03
3600,layers.0.k_lut.compress.weight,9.992149e+00,1.802678e-01,1.804094e-02
3600,layers.0.k_lut.compress.bias,4.964451e-01,8.994153e-03,1.811712e-02
3600,layers.0.k_lut.lut_batched.weights,3.335970e+01,1.488727e+00,4.462651e-02
3600,layers.0.k_lut.lut_batched.log_soft_score_temp,8.614746e-01,5.574703e-03,6.471118e-03
3600,layers.0.k_lut.lut_batched.log_select_temp,9.277834e-01,5.732954e-03,6.179194e-03
3600,layers.0.v_lut.compress.weight,1.076421e+01,1.690179e-01,1.570184e-02
3600,layers.0.v_lut.compress.bias,5.150494e-01,7.538558e-03,1.463657e-02
3600,layers.0.v_lut.lut_batched.weights,3.932090e+01,1.464383e+00,3.724184e-02
3600,layers.0.v_lut.lut_batched.log_soft_score_temp,9.340504e-01,6.683409e-03,7.155298e-03
3600,layers.0.v_lut.lut_batched.log_select_temp,8.670502e-01,5.606711e-03,6.466420e-03
3600,layers.0.out_proj.compress.weight,8.675392e+00,1.089151e-01,1.255449e-02
3600,layers.0.out_proj.compress.bias,4.918564e-01,2.009578e-03,4.085701e-03
3600,layers.0.out_proj.lut_batched.weights,2.173869e+01,1.139877e+00,5.243540e-02
3600,layers.0.out_proj.lut_batched.log_soft_score_temp,8.504309e-01,4.791975e-03,5.634761e-03
3600,layers.0.out_proj.lut_batched.log_select_temp,9.932334e-01,6.668746e-03,6.714178e-03
3600,layers.0.out_proj.decompress.weight,9.955206e+00,1.618172e-01,1.625453e-02
3600,layers.0.out_proj.decompress.bias,5.513678e-01,2.612593e-03,4.738385e-03
3600,layers.0.q_norm.weight,9.241109e+00,1.548133e-02,1.675268e-03
3600,layers.0.q_norm.bias,6.654967e-01,7.207266e-03,1.082990e-02
3600,layers.0.k_norm.weight,9.234883e+00,1.505340e-02,1.630058e-03
3600,layers.0.k_norm.bias,6.225773e-01,7.461670e-03,1.198513e-02
3600,layers.0.ln_pre.weight,2.016824e+01,1.072200e-02,5.316281e-04
3600,layers.0.ln_pre.bias,2.065221e-01,8.776913e-03,4.249866e-02
3600,layers.1.q_lut.compress.weight,9.858269e+00,1.750539e-01,1.775707e-02
3600,layers.1.q_lut.compress.bias,4.928492e-01,7.059208e-03,1.432326e-02
3600,layers.1.q_lut.lut_batched.weights,3.374957e+01,1.571982e+00,4.657783e-02
3600,layers.1.q_lut.lut_batched.log_soft_score_temp,5.846029e-01,1.079619e-03,1.846756e-03
3600,layers.1.q_lut.lut_batched.log_select_temp,1.009695e+00,4.962206e-03,4.914560e-03
3600,layers.1.k_lut.compress.weight,9.797895e+00,1.776849e-01,1.813501e-02
3600,layers.1.k_lut.compress.bias,5.205632e-01,7.762447e-03,1.491163e-02
3600,layers.1.k_lut.lut_batched.weights,3.288608e+01,1.566250e+00,4.762653e-02
3600,layers.1.k_lut.lut_batched.log_soft_score_temp,5.121164e-01,7.987022e-06,1.559611e-05
3600,layers.1.k_lut.lut_batched.log_select_temp,9.311982e-01,5.003989e-03,5.373710e-03
3600,layers.1.v_lut.compress.weight,9.983146e+00,1.625505e-01,1.628249e-02
3600,layers.1.v_lut.compress.bias,4.833564e-01,4.922365e-03,1.018372e-02
3600,layers.1.v_lut.lut_batched.weights,3.532491e+01,1.533133e+00,4.340092e-02
3600,layers.1.v_lut.lut_batched.log_soft_score_temp,6.905023e-01,1.843154e-03,2.669295e-03
3600,layers.1.v_lut.lut_batched.log_select_temp,9.583368e-01,5.510986e-03,5.750573e-03
3600,layers.1.out_proj.compress.weight,8.546376e+00,1.161515e-01,1.359073e-02
3600,layers.1.out_proj.compress.bias,4.454123e-01,2.579628e-03,5.791550e-03
3600,layers.1.out_proj.lut_batched.weights,1.595199e+01,1.083479e+00,6.792120e-02
3600,layers.1.out_proj.lut_batched.log_soft_score_temp,7.793809e-01,2.171695e-03,2.786436e-03
3600,layers.1.out_proj.lut_batched.log_select_temp,1.043113e+00,6.611109e-03,6.337862e-03
3600,layers.1.out_proj.decompress.weight,9.030746e+00,1.729565e-01,1.915196e-02
3600,layers.1.out_proj.decompress.bias,5.563355e-01,2.733391e-03,4.913207e-03
3600,layers.1.q_norm.weight,8.787935e+00,9.455395e-03,1.075952e-03
3600,layers.1.q_norm.bias,5.134566e-01,4.440042e-03,8.647355e-03
3600,layers.1.k_norm.weight,8.745969e+00,9.026873e-03,1.032118e-03
3600,layers.1.k_norm.bias,8.315611e-01,7.231839e-03,8.696702e-03
3600,layers.1.ln_pre.weight,1.966521e+01,9.174298e-03,4.665242e-04
3600,layers.1.ln_pre.bias,1.235238e-01,4.432346e-03,3.588253e-02
3600,layers.2.q_lut.compress.weight,9.846168e+00,1.761536e-01,1.789057e-02
3600,layers.2.q_lut.compress.bias,5.416302e-01,7.280735e-03,1.344226e-02
3600,layers.2.q_lut.lut_batched.weights,3.390681e+01,1.583352e+00,4.669717e-02
3600,layers.2.q_lut.lut_batched.log_soft_score_temp,4.550776e-01,3.779680e-03,8.305572e-03
3600,layers.2.q_lut.lut_batched.log_select_temp,9.570953e-01,4.348338e-03,4.543265e-03
3600,layers.2.k_lut.compress.weight,9.743655e+00,1.732491e-01,1.778071e-02
3600,layers.2.k_lut.compress.bias,5.262948e-01,7.382616e-03,1.402753e-02
3600,layers.2.k_lut.lut_batched.weights,3.303196e+01,1.577397e+00,4.775366e-02
3600,layers.2.k_lut.lut_batched.log_soft_score_temp,4.259793e-01,1.746088e-03,4.098998e-03
3600,layers.2.k_lut.lut_batched.log_select_temp,9.512182e-01,5.045652e-03,5.304411e-03
3600,layers.2.v_lut.compress.weight,9.881851e+00,1.627558e-01,1.647017e-02
3600,layers.2.v_lut.compress.bias,5.055416e-01,4.802775e-03,9.500256e-03
3600,layers.2.v_lut.lut_batched.weights,3.780538e+01,1.526652e+00,4.038186e-02
3600,layers.2.v_lut.lut_batched.log_soft_score_temp,6.501864e-01,3.543973e-03,5.450703e-03
3600,layers.2.v_lut.lut_batched.log_select_temp,8.954265e-01,5.041659e-03,5.630455e-03
3600,layers.2.out_proj.compress.weight,8.514793e+00,1.188142e-01,1.395386e-02
3600,layers.2.out_proj.compress.bias,4.213744e-01,2.740580e-03,6.503906e-03
3600,layers.2.out_proj.lut_batched.weights,1.429939e+01,1.083878e+00,7.579893e-02
3600,layers.2.out_proj.lut_batched.log_soft_score_temp,8.387434e-01,2.559960e-03,3.052137e-03
3600,layers.2.out_proj.lut_batched.log_select_temp,1.061900e+00,6.689548e-03,6.299602e-03
3600,layers.2.out_proj.decompress.weight,8.810737e+00,1.739985e-01,1.974847e-02
3600,layers.2.out_proj.decompress.bias,5.639120e-01,2.778937e-03,4.927963e-03
3600,layers.2.q_norm.weight,8.794285e+00,9.111221e-03,1.036039e-03
3600,layers.2.q_norm.bias,4.367695e-01,4.144266e-03,9.488452e-03
3600,layers.2.k_norm.weight,8.744603e+00,8.639339e-03,9.879624e-04
3600,layers.2.k_norm.bias,7.626943e-01,6.381385e-03,8.366898e-03
3600,layers.2.ln_pre.weight,1.961214e+01,9.964533e-03,5.080799e-04
3600,layers.2.ln_pre.bias,1.357759e-01,5.136749e-03,3.783256e-02
3600,layers.3.q_lut.compress.weight,9.798267e+00,1.796236e-01,1.833218e-02
3600,layers.3.q_lut.compress.bias,5.083426e-01,7.293545e-03,1.434770e-02
3600,layers.3.q_lut.lut_batched.weights,3.440354e+01,1.607377e+00,4.672128e-02
3600,layers.3.q_lut.lut_batched.log_soft_score_temp,3.865353e-01,4.620641e-03,1.195400e-02
3600,layers.3.q_lut.lut_batched.log_select_temp,9.363334e-01,4.467368e-03,4.771130e-03
3600,layers.3.k_lut.compress.weight,9.731795e+00,1.657238e-01,1.702911e-02
3600,layers.3.k_lut.compress.bias,5.383797e-01,6.922962e-03,1.285888e-02
3600,layers.3.k_lut.lut_batched.weights,3.376789e+01,1.584391e+00,4.692004e-02
3600,layers.3.k_lut.lut_batched.log_soft_score_temp,4.803563e-01,2.709091e-03,5.639752e-03
3600,layers.3.k_lut.lut_batched.log_select_temp,9.270077e-01,4.348218e-03,4.690596e-03
3600,layers.3.v_lut.compress.weight,9.849669e+00,1.511032e-01,1.534094e-02
3600,layers.3.v_lut.compress.bias,5.026426e-01,4.062915e-03,8.083109e-03
3600,layers.3.v_lut.lut_batched.weights,3.751106e+01,1.483958e+00,3.956055e-02
3600,layers.3.v_lut.lut_batched.log_soft_score_temp,7.366297e-01,2.486050e-03,3.374898e-03
3600,layers.3.v_lut.lut_batched.log_select_temp,9.019979e-01,5.200088e-03,5.765078e-03
3600,layers.3.out_proj.compress.weight,8.593524e+00,1.219461e-01,1.419046e-02
3600,layers.3.out_proj.compress.bias,4.230151e-01,2.174275e-03,5.139947e-03
3600,layers.3.out_proj.lut_batched.weights,1.289535e+01,1.096793e+00,8.505333e-02
3600,layers.3.out_proj.lut_batched.log_soft_score_temp,8.390461e-01,3.737628e-03,4.454616e-03
3600,layers.3.out_proj.lut_batched.log_select_temp,9.900772e-01,6.015241e-03,6.075527e-03
3600,layers.3.out_proj.decompress.weight,8.470688e+00,1.815000e-01,2.142683e-02
3600,layers.3.out_proj.decompress.bias,5.452439e-01,3.002645e-03,5.506976e-03
3600,layers.3.q_norm.weight,8.484594e+00,7.924600e-03,9.339986e-04
3600,layers.3.q_norm.bias,3.352452e-01,3.423813e-03,1.021286e-02
3600,layers.3.k_norm.weight,8.457927e+00,7.544667e-03,8.920233e-04
3600,layers.3.k_norm.bias,5.354239e-01,4.742277e-03,8.857051e-03
3600,layers.3.ln_pre.weight,1.963762e+01,8.410289e-03,4.282743e-04
3600,layers.3.ln_pre.bias,1.520818e-01,4.054216e-03,2.665812e-02
3600,layers.4.q_lut.compress.weight,9.793169e+00,1.814704e-01,1.853030e-02
3600,layers.4.q_lut.compress.bias,5.527161e-01,7.405924e-03,1.339915e-02
3600,layers.4.q_lut.lut_batched.weights,3.374173e+01,1.605468e+00,4.758109e-02
3600,layers.4.q_lut.lut_batched.log_soft_score_temp,3.944012e-01,5.393505e-03,1.367517e-02
3600,layers.4.q_lut.lut_batched.log_select_temp,9.058189e-01,4.237235e-03,4.677795e-03
3600,layers.4.k_lut.compress.weight,9.744316e+00,1.743561e-01,1.789311e-02
3600,layers.4.k_lut.compress.bias,5.497582e-01,7.389364e-03,1.344112e-02
3600,layers.4.k_lut.lut_batched.weights,3.346729e+01,1.592454e+00,4.758240e-02
3600,layers.4.k_lut.lut_batched.log_soft_score_temp,4.123876e-01,4.141062e-03,1.004167e-02
3600,layers.4.k_lut.lut_batched.log_select_temp,9.111173e-01,4.399061e-03,4.828205e-03
3600,layers.4.v_lut.compress.weight,9.853423e+00,1.591834e-01,1.615514e-02
3600,layers.4.v_lut.compress.bias,5.127001e-01,4.320690e-03,8.427325e-03
3600,layers.4.v_lut.lut_batched.weights,3.822295e+01,1.488832e+00,3.895126e-02
3600,layers.4.v_lut.lut_batched.log_soft_score_temp,7.116011e-01,2.833009e-03,3.981175e-03
3600,layers.4.v_lut.lut_batched.log_select_temp,8.837151e-01,4.757047e-03,5.383009e-03
3600,layers.4.out_proj.compress.weight,8.532483e+00,1.219605e-01,1.429368e-02
3600,layers.4.out_proj.compress.bias,4.133742e-01,2.743494e-03,6.636830e-03
3600,layers.4.out_proj.lut_batched.weights,1.314929e+01,1.097874e+00,8.349306e-02
3600,layers.4.out_proj.lut_batched.log_soft_score_temp,8.412331e-01,4.602969e-03,5.471692e-03
3600,layers.4.out_proj.lut_batched.log_select_temp,9.941629e-01,6.452382e-03,6.490266e-03
3600,layers.4.out_proj.decompress.weight,8.192338e+00,1.798765e-01,2.195668e-02
3600,layers.4.out_proj.decompress.bias,5.627673e-01,2.970528e-03,5.278430e-03
3600,layers.4.q_norm.weight,8.484071e+00,7.328869e-03,8.638387e-04
3600,layers.4.q_norm.bias,2.797883e-01,2.850810e-03,1.018917e-02
3600,layers.4.k_norm.weight,8.459683e+00,7.137296e-03,8.436836e-04
3600,layers.4.k_norm.bias,5.972477e-01,4.406792e-03,7.378500e-03
3600,layers.4.ln_pre.weight,1.958059e+01,9.462095e-03,4.832386e-04
3600,layers.4.ln_pre.bias,2.100065e-01,4.735400e-03,2.254883e-02
3600,layers.5.q_lut.compress.weight,9.741487e+00,1.824477e-01,1.872894e-02
3600,layers.5.q_lut.compress.bias,5.418651e-01,7.323944e-03,1.351618e-02
3600,layers.5.q_lut.lut_batched.weights,3.379739e+01,1.614418e+00,4.776753e-02
3600,layers.5.q_lut.lut_batched.log_soft_score_temp,4.356444e-01,5.013764e-03,1.150884e-02
3600,layers.5.q_lut.lut_batched.log_select_temp,8.492982e-01,3.767967e-03,4.436566e-03
3600,layers.5.k_lut.compress.weight,9.707037e+00,1.705708e-01,1.757187e-02
3600,layers.5.k_lut.compress.bias,5.263627e-01,6.793588e-03,1.290667e-02
3600,layers.5.k_lut.lut_batched.weights,3.374757e+01,1.594763e+00,4.725564e-02
3600,layers.5.k_lut.lut_batched.log_soft_score_temp,4.175648e-01,5.362213e-03,1.284163e-02
3600,layers.5.k_lut.lut_batched.log_select_temp,8.780206e-01,3.220797e-03,3.668247e-03
3600,layers.5.v_lut.compress.weight,9.848431e+00,1.460807e-01,1.483289e-02
3600,layers.5.v_lut.compress.bias,5.234524e-01,3.244956e-03,6.199143e-03
3600,layers.5.v_lut.lut_batched.weights,4.012305e+01,1.479339e+00,3.687004e-02
3600,layers.5.v_lut.lut_batched.log_soft_score_temp,7.449423e-01,5.148649e-04,6.911474e-04
3600,layers.5.v_lut.lut_batched.log_select_temp,8.181680e-01,3.373861e-03,4.123678e-03
3600,layers.5.out_proj.compress.weight,8.523801e+00,1.202306e-01,1.410528e-02
3600,layers.5.out_proj.compress.bias,3.996667e-01,2.476384e-03,6.196124e-03
3600,layers.5.out_proj.lut_batched.weights,1.452449e+01,1.106560e+00,7.618581e-02
3600,layers.5.out_proj.lut_batched.log_soft_score_temp,8.151902e-01,3.504813e-03,4.299380e-03
3600,layers.5.out_proj.lut_batched.log_select_temp,9.462559e-01,5.766630e-03,6.094155e-03
3600,layers.5.out_proj.decompress.weight,8.816438e+00,1.717965e-01,1.948593e-02
3600,layers.5.out_proj.decompress.bias,5.512440e-01,3.360808e-03,6.096771e-03
3600,layers.5.q_norm.weight,8.280086e+00,8.171152e-03,9.868439e-04
3600,layers.5.q_norm.bias,2.035978e-01,3.676631e-03,1.805830e-02
3600,layers.5.k_norm.weight,8.265187e+00,7.987751e-03,9.664331e-04
3600,layers.5.k_norm.bias,3.044623e-01,4.360488e-03,1.432193e-02
3600,layers.5.ln_pre.weight,1.962397e+01,7.532893e-03,3.838619e-04
3600,layers.5.ln_pre.bias,1.973397e-01,2.711861e-03,1.374210e-02
3600,ln_final.weight,2.984424e+01,1.395510e-01,4.675979e-03
3600,ln_final.bias,2.309303e+00,2.078907e-02,9.002315e-03
3600,unembedder.weight,1.709896e+02,2.679034e+00,1.566782e-02
3800,tok_emb_E.weight,2.166013e+02,1.477991e+00,6.823557e-03
3800,layers.0.q_lut.compress.weight,1.015206e+01,1.436469e-01,1.414953e-02
3800,layers.0.q_lut.compress.bias,5.296802e-01,7.229601e-03,1.364899e-02
3800,layers.0.q_lut.lut_batched.weights,3.327307e+01,1.205780e+00,3.623893e-02
3800,layers.0.q_lut.lut_batched.log_soft_score_temp,9.823932e-01,3.532231e-03,3.595537e-03
3800,layers.0.q_lut.lut_batched.log_select_temp,1.073365e+00,3.932238e-03,3.663466e-03
3800,layers.0.k_lut.compress.weight,9.988199e+00,1.481889e-01,1.483640e-02
3800,layers.0.k_lut.compress.bias,4.961054e-01,6.815399e-03,1.373780e-02
3800,layers.0.k_lut.lut_batched.weights,3.339177e+01,1.226111e+00,3.671896e-02
3800,layers.0.k_lut.lut_batched.log_soft_score_temp,8.657348e-01,4.260182e-03,4.920886e-03
3800,layers.0.k_lut.lut_batched.log_select_temp,9.321131e-01,4.329741e-03,4.645081e-03
3800,layers.0.v_lut.compress.weight,1.076217e+01,1.396864e-01,1.297938e-02
3800,layers.0.v_lut.compress.bias,5.146874e-01,5.970985e-03,1.160119e-02
3800,layers.0.v_lut.lut_batched.weights,3.938898e+01,1.201339e+00,3.049938e-02
3800,layers.0.v_lut.lut_batched.log_soft_score_temp,9.396222e-01,5.571783e-03,5.929812e-03
3800,layers.0.v_lut.lut_batched.log_select_temp,8.717596e-01,4.709423e-03,5.402203e-03
3800,layers.0.out_proj.compress.weight,8.675937e+00,9.216385e-02,1.062293e-02
3800,layers.0.out_proj.compress.bias,4.918817e-01,1.835048e-03,3.730669e-03
3800,layers.0.out_proj.lut_batched.weights,2.169056e+01,9.307335e-01,4.290961e-02
3800,layers.0.out_proj.lut_batched.log_soft_score_temp,8.547604e-01,4.329503e-03,5.065165e-03
3800,layers.0.out_proj.lut_batched.log_select_temp,9.988702e-01,5.636752e-03,5.643127e-03
3800,layers.0.out_proj.decompress.weight,9.935866e+00,1.341449e-01,1.350108e-02
3800,layers.0.out_proj.decompress.bias,5.510082e-01,2.318538e-03,4.207809e-03
3800,layers.0.q_norm.weight,9.253003e+00,1.298896e-02,1.403756e-03
3800,layers.0.q_norm.bias,6.710693e-01,6.135778e-03,9.143285e-03
3800,layers.0.k_norm.weight,9.246413e+00,1.250898e-02,1.352847e-03
3800,layers.0.k_norm.bias,6.274620e-01,5.992545e-03,9.550451e-03
3800,layers.0.ln_pre.weight,2.017210e+01,9.081002e-03,4.501763e-04
3800,layers.0.ln_pre.bias,2.068867e-01,7.264774e-03,3.511474e-02
3800,layers.1.q_lut.compress.weight,9.852725e+00,1.437871e-01,1.459363e-02
3800,layers.1.q_lut.compress.bias,4.929958e-01,5.870240e-03,1.190728e-02
3800,layers.1.q_lut.lut_batched.weights,3.378608e+01,1.285049e+00,3.803487e-02
3800,layers.1.q_lut.lut_batched.log_soft_score_temp,5.835738e-01,1.029134e-03,1.763503e-03
3800,layers.1.q_lut.lut_batched.log_select_temp,1.013488e+00,3.793120e-03,3.742639e-03
3800,layers.1.k_lut.compress.weight,9.792550e+00,1.449144e-01,1.479843e-02
3800,layers.1.k_lut.compress.bias,5.200559e-01,6.233640e-03,1.198648e-02
3800,layers.1.k_lut.lut_batched.weights,3.291748e+01,1.276635e+00,3.878289e-02
3800,layers.1.k_lut.lut_batched.log_soft_score_temp,5.119430e-01,1.733899e-04,3.386899e-04
3800,layers.1.k_lut.lut_batched.log_select_temp,9.349875e-01,3.789365e-03,4.052851e-03
3800,layers.1.v_lut.compress.weight,9.977223e+00,1.338340e-01,1.341395e-02
3800,layers.1.v_lut.compress.bias,4.832291e-01,4.066084e-03,8.414402e-03
3800,layers.1.v_lut.lut_batched.weights,3.537136e+01,1.254164e+00,3.545704e-02
3800,layers.1.v_lut.lut_batched.log_soft_score_temp,6.891836e-01,1.318693e-03,1.913413e-03
3800,layers.1.v_lut.lut_batched.log_select_temp,9.627660e-01,4.429221e-03,4.600517e-03
3800,layers.1.out_proj.compress.weight,8.543504e+00,9.670396e-02,1.131900e-02
3800,layers.1.out_proj.compress.bias,4.452406e-01,2.381970e-03,5.349849e-03
3800,layers.1.out_proj.lut_batched.weights,1.589172e+01,8.845790e-01,5.566289e-02
3800,layers.1.out_proj.lut_batched.log_soft_score_temp,7.816740e-01,2.293110e-03,2.933589e-03
3800,layers.1.out_proj.lut_batched.log_select_temp,1.048821e+00,5.707502e-03,5.441828e-03
3800,layers.1.out_proj.decompress.weight,9.008820e+00,1.429655e-01,1.586951e-02
3800,layers.1.out_proj.decompress.bias,5.562338e-01,2.370929e-03,4.262468e-03
3800,layers.1.q_norm.weight,8.795986e+00,8.626534e-03,9.807352e-04
3800,layers.1.q_norm.bias,5.181903e-01,5.300945e-03,1.022973e-02
3800,layers.1.k_norm.weight,8.753567e+00,8.224019e-03,9.395049e-04
3800,layers.1.k_norm.bias,8.378800e-01,7.146002e-03,8.528671e-03
3800,layers.1.ln_pre.weight,1.966484e+01,7.210187e-03,3.666538e-04
3800,layers.1.ln_pre.bias,1.236525e-01,3.777553e-03,3.054975e-02
3800,layers.2.q_lut.compress.weight,9.839957e+00,1.474018e-01,1.497992e-02
3800,layers.2.q_lut.compress.bias,5.412733e-01,5.845200e-03,1.079898e-02
3800,layers.2.q_lut.lut_batched.weights,3.394305e+01,1.298335e+00,3.825039e-02
3800,layers.2.q_lut.lut_batched.log_soft_score_temp,4.524579e-01,2.619684e-03,5.789895e-03
3800,layers.2.q_lut.lut_batched.log_select_temp,9.610508e-01,3.955483e-03,4.115790e-03
3800,layers.2.k_lut.compress.weight,9.738103e+00,1.438855e-01,1.477551e-02
3800,layers.2.k_lut.compress.bias,5.262107e-01,5.982265e-03,1.136857e-02
3800,layers.2.k_lut.lut_batched.weights,3.306481e+01,1.290450e+00,3.902790e-02
3800,layers.2.k_lut.lut_batched.log_soft_score_temp,4.241576e-01,1.821667e-03,4.294788e-03
3800,layers.2.k_lut.lut_batched.log_select_temp,9.552706e-01,4.052341e-03,4.242087e-03
3800,layers.2.v_lut.compress.weight,9.875275e+00,1.340622e-01,1.357554e-02
3800,layers.2.v_lut.compress.bias,5.053295e-01,4.626192e-03,9.154802e-03
3800,layers.2.v_lut.lut_batched.weights,3.786559e+01,1.238215e+00,3.270027e-02
3800,layers.2.v_lut.lut_batched.log_soft_score_temp,6.468117e-01,3.374696e-03,5.217431e-03
3800,layers.2.v_lut.lut_batched.log_select_temp,8.997170e-01,4.290521e-03,4.768745e-03
3800,layers.2.out_proj.compress.weight,8.513529e+00,9.912783e-02,1.164357e-02
3800,layers.2.out_proj.compress.bias,4.213279e-01,2.285939e-03,5.425557e-03
3800,layers.2.out_proj.lut_batched.weights,1.425134e+01,8.860183e-01,6.217089e-02
3800,layers.2.out_proj.lut_batched.log_soft_score_temp,8.413252e-01,2.581775e-03,3.068701e-03
3800,layers.2.out_proj.lut_batched.log_select_temp,1.067515e+00,5.614996e-03,5.259874e-03
3800,layers.2.out_proj.decompress.weight,8.790733e+00,1.449307e-01,1.648676e-02
3800,layers.2.out_proj.decompress.bias,5.639591e-01,2.433827e-03,4.315609e-03
3800,layers.2.q_norm.weight,8.800877e+00,7.153641e-03,8.128328e-04
3800,layers.2.q_norm.bias,4.393966e-01,3.339044e-03,7.599158e-03
3800,layers.2.k_norm.weight,8.750890e+00,6.908328e-03,7.894430e-04
3800,layers.2.k_norm.bias,7.663938e-01,4.664050e-03,6.085710e-03
3800,layers.2.ln_pre.weight,1.961057e+01,8.046226e-03,4.103005e-04
3800,layers.2.ln_pre.bias,1.360742e-01,4.547330e-03,3.341801e-02
3800,layers.3.q_lut.compress.weight,9.791796e+00,1.462565e-01,1.493664e-02
3800,layers.3.q_lut.compress.bias,5.086769e-01,5.962899e-03,1.172237e-02
3800,layers.3.q_lut.lut_batched.weights,3.443851e+01,1.309973e+00,3.803802e-02
3800,layers.3.q_lut.lut_batched.log_soft_score_temp,3.828788e-01,3.656417e-03,9.549802e-03
3800,layers.3.q_lut.lut_batched.log_select_temp,9.397784e-01,3.445029e-03,3.665789e-03
3800,layers.3.k_lut.compress.weight,9.725739e+00,1.380707e-01,1.419642e-02
3800,layers.3.k_lut.compress.bias,5.383728e-01,5.686305e-03,1.056202e-02
3800,layers.3.k_lut.lut_batched.weights,3.380251e+01,1.292780e+00,3.824509e-02
3800,layers.3.k_lut.lut_batched.log_soft_score_temp,4.778789e-01,2.477437e-03,5.184237e-03
3800,layers.3.k_lut.lut_batched.log_select_temp,9.304818e-01,3.474116e-03,3.733675e-03
3800,layers.3.v_lut.compress.weight,9.843933e+00,1.259820e-01,1.279794e-02
3800,layers.3.v_lut.compress.bias,5.021700e-01,3.548981e-03,7.067290e-03
3800,layers.3.v_lut.lut_batched.weights,3.758298e+01,1.210868e+00,3.221853e-02
3800,layers.3.v_lut.lut_batched.log_soft_score_temp,7.347307e-01,1.898944e-03,2.584545e-03
3800,layers.3.v_lut.lut_batched.log_select_temp,9.063467e-01,4.348874e-03,4.798245e-03
3800,layers.3.out_proj.compress.weight,8.595254e+00,1.026222e-01,1.193941e-02
3800,layers.3.out_proj.compress.bias,4.229774e-01,1.862023e-03,4.402181e-03
3800,layers.3.out_proj.lut_batched.weights,1.284683e+01,8.957128e-01,6.972249e-02
3800,layers.3.out_proj.lut_batched.log_soft_score_temp,8.427470e-01,3.700852e-03,4.391416e-03
3800,layers.3.out_proj.lut_batched.log_select_temp,9.954540e-01,5.376816e-03,5.401370e-03
3800,layers.3.out_proj.decompress.weight,8.452429e+00,1.487523e-01,1.759877e-02
3800,layers.3.out_proj.decompress.bias,5.450518e-01,2.654810e-03,4.870748e-03
3800,layers.3.q_norm.weight,8.490782e+00,6.896767e-03,8.122653e-04
3800,layers.3.q_norm.bias,3.375314e-01,3.001241e-03,8.891740e-03
3800,layers.3.k_norm.weight,8.463889e+00,6.603474e-03,7.801938e-04
3800,layers.3.k_norm.bias,5.388857e-01,4.469329e-03,8.293650e-03
3800,layers.3.ln_pre.weight,1.963639e+01,7.316664e-03,3.726074e-04
3800,layers.3.ln_pre.bias,1.524135e-01,3.788456e-03,2.485643e-02
3800,layers.4.q_lut.compress.weight,9.786183e+00,1.482018e-01,1.514398e-02
3800,layers.4.q_lut.compress.bias,5.517727e-01,6.370608e-03,1.154571e-02
3800,layers.4.q_lut.lut_batched.weights,3.377174e+01,1.306807e+00,3.869530e-02
3800,layers.4.q_lut.lut_batched.log_soft_score_temp,3.898890e-01,4.512191e-03,1.157301e-02
3800,layers.4.q_lut.lut_batched.log_select_temp,9.094513e-01,3.632426e-03,3.994085e-03
3800,layers.4.k_lut.compress.weight,9.737753e+00,1.432821e-01,1.471408e-02
3800,layers.4.k_lut.compress.bias,5.496150e-01,6.279833e-03,1.142588e-02
3800,layers.4.k_lut.lut_batched.weights,3.349655e+01,1.291199e+00,3.854723e-02
3800,layers.4.k_lut.lut_batched.log_soft_score_temp,4.085648e-01,3.822863e-03,9.356810e-03
3800,layers.4.k_lut.lut_batched.log_select_temp,9.138916e-01,2.774358e-03,3.035762e-03
3800,layers.4.v_lut.compress.weight,9.847184e+00,1.327589e-01,1.348191e-02
3800,layers.4.v_lut.compress.bias,5.129274e-01,3.603128e-03,7.024635e-03
3800,layers.4.v_lut.lut_batched.weights,3.829864e+01,1.216281e+00,3.175780e-02
3800,layers.4.v_lut.lut_batched.log_soft_score_temp,7.093009e-01,2.300262e-03,3.243000e-03
3800,layers.4.v_lut.lut_batched.log_select_temp,8.876086e-01,3.893554e-03,4.386566e-03
3800,layers.4.out_proj.compress.weight,8.535604e+00,9.983907e-02,1.169678e-02
3800,layers.4.out_proj.compress.bias,4.131971e-01,2.256671e-03,5.461487e-03
3800,layers.4.out_proj.lut_batched.weights,1.310886e+01,8.945585e-01,6.824073e-02
3800,layers.4.out_proj.lut_batched.log_soft_score_temp,8.452811e-01,4.048049e-03,4.788998e-03
3800,layers.4.out_proj.lut_batched.log_select_temp,9.997596e-01,5.596757e-03,5.598103e-03
3800,layers.4.out_proj.decompress.weight,8.174873e+00,1.477256e-01,1.807069e-02
3800,layers.4.out_proj.decompress.bias,5.626036e-01,2.730569e-03,4.853452e-03
3800,layers.4.q_norm.weight,8.489375e+00,6.171828e-03,7.270062e-04
3800,layers.4.q_norm.bias,2.813292e-01,2.642291e-03,9.392169e-03
3800,layers.4.k_norm.weight,8.464683e+00,6.043261e-03,7.139383e-04
3800,layers.4.k_norm.bias,6.001202e-01,4.761870e-03,7.934859e-03
3800,layers.4.ln_pre.weight,1.957867e+01,7.815192e-03,3.991687e-04
3800,layers.4.ln_pre.bias,2.110014e-01,4.037261e-03,1.913381e-02
3800,layers.5.q_lut.compress.weight,9.734185e+00,1.497343e-01,1.538232e-02
3800,layers.5.q_lut.compress.bias,5.420175e-01,5.997658e-03,1.106543e-02
3800,layers.5.q_lut.lut_batched.weights,3.382472e+01,1.309430e+00,3.871223e-02
3800,layers.5.q_lut.lut_batched.log_soft_score_temp,4.314929e-01,4.151523e-03,9.621301e-03
3800,layers.5.q_lut.lut_batched.log_select_temp,8.524654e-01,3.167212e-03,3.715356e-03
3800,layers.5.k_lut.compress.weight,9.700663e+00,1.435279e-01,1.479568e-02
3800,layers.5.k_lut.compress.bias,5.264201e-01,5.965527e-03,1.133226e-02
3800,layers.5.k_lut.lut_batched.weights,3.377168e+01,1.299710e+00,3.848521e-02
3800,layers.5.k_lut.lut_batched.log_soft_score_temp,4.135217e-01,4.043162e-03,9.777388e-03
3800,layers.5.k_lut.lut_batched.log_select_temp,8.812281e-01,3.207564e-03,3.639880e-03
3800,layers.5.v_lut.compress.weight,9.842933e+00,1.204499e-01,1.223719e-02
3800,layers.5.v_lut.compress.bias,5.236257e-01,2.658480e-03,5.077062e-03
3800,layers.5.v_lut.lut_batched.weights,4.019747e+01,1.201639e+00,2.989339e-02
3800,layers.5.v_lut.lut_batched.log_soft_score_temp,7.446789e-01,2.633929e-04,3.537000e-04
3800,layers.5.v_lut.lut_batched.log_select_temp,8.210312e-01,2.863169e-03,3.487284e-03
3800,layers.5.out_proj.compress.weight,8.527593e+00,1.005258e-01,1.178830e-02
3800,layers.5.out_proj.compress.bias,3.993519e-01,2.075249e-03,5.196541e-03
3800,layers.5.out_proj.lut_batched.weights,1.451811e+01,9.036002e-01,6.223954e-02
3800,layers.5.out_proj.lut_batched.log_soft_score_temp,8.182476e-01,3.057420e-03,3.736546e-03
3800,layers.5.out_proj.lut_batched.log_select_temp,9.511029e-01,4.846990e-03,5.096178e-03
3800,layers.5.out_proj.decompress.weight,8.807711e+00,1.424596e-01,1.617442e-02
3800,layers.5.out_proj.decompress.bias,5.509625e-01,3.117315e-03,5.657945e-03
3800,layers.5.q_norm.weight,8.285235e+00,6.772415e-03,8.174077e-04
3800,layers.5.q_norm.bias,2.051622e-01,2.963716e-03,1.444572e-02
3800,layers.5.k_norm.weight,8.270232e+00,6.756621e-03,8.169808e-04
3800,layers.5.k_norm.bias,3.068261e-01,3.829734e-03,1.248177e-02
3800,layers.5.ln_pre.weight,1.962278e+01,6.292505e-03,3.206735e-04
3800,layers.5.ln_pre.bias,1.980432e-01,2.133842e-03,1.077463e-02
3800,ln_final.weight,2.995753e+01,1.133228e-01,3.782782e-03
3800,ln_final.bias,2.318906e+00,1.729863e-02,7.459823e-03
3800,unembedder.weight,1.712842e+02,2.201823e+00,1.285480e-02
4000,tok_emb_E.weight,2.166489e+02,1.304089e+00,6.019365e-03
4000,layers.0.q_lut.compress.weight,1.014771e+01,1.272309e-01,1.253789e-02
4000,layers.0.q_lut.compress.bias,5.297928e-01,6.505106e-03,1.227858e-02
4000,layers.0.q_lut.lut_batched.weights,3.329576e+01,1.071865e+00,3.219223e-02
4000,layers.0.q_lut.lut_batched.log_soft_score_temp,9.858168e-01,3.423631e-03,3.472888e-03
4000,layers.0.q_lut.lut_batched.log_select_temp,1.076981e+00,3.615379e-03,3.356958e-03
4000,layers.0.k_lut.compress.weight,9.984519e+00,1.311139e-01,1.313172e-02
4000,layers.0.k_lut.compress.bias,4.969530e-01,6.248244e-03,1.257311e-02
4000,layers.0.k_lut.lut_batched.weights,3.341786e+01,1.082048e+00,3.237933e-02
4000,layers.0.k_lut.lut_batched.log_soft_score_temp,8.695023e-01,3.767550e-03,4.332996e-03
4000,layers.0.k_lut.lut_batched.log_select_temp,9.358704e-01,3.757298e-03,4.014763e-03
4000,layers.0.v_lut.compress.weight,1.076020e+01,1.238993e-01,1.151459e-02
4000,layers.0.v_lut.compress.bias,5.147181e-01,5.719489e-03,1.111189e-02
4000,layers.0.v_lut.lut_batched.weights,3.944639e+01,1.063194e+00,2.695289e-02
4000,layers.0.v_lut.lut_batched.log_soft_score_temp,9.445217e-01,4.899502e-03,5.187284e-03
4000,layers.0.v_lut.lut_batched.log_select_temp,8.758007e-01,4.041135e-03,4.614218e-03
4000,layers.0.out_proj.compress.weight,8.676736e+00,8.174905e-02,9.421637e-03
4000,layers.0.out_proj.compress.bias,4.916483e-01,1.911998e-03,3.888955e-03
4000,layers.0.out_proj.lut_batched.weights,2.164558e+01,8.209409e-01,3.792649e-02
4000,layers.0.out_proj.lut_batched.log_soft_score_temp,8.585868e-01,3.826380e-03,4.456602e-03
4000,layers.0.out_proj.lut_batched.log_select_temp,1.003822e+00,4.952013e-03,4.933158e-03
4000,layers.0.out_proj.decompress.weight,9.918741e+00,1.199777e-01,1.209606e-02
4000,layers.0.out_proj.decompress.bias,5.508524e-01,1.999338e-03,3.629535e-03
4000,layers.0.q_norm.weight,9.264120e+00,1.200399e-02,1.295751e-03
4000,layers.0.q_norm.bias,6.760587e-01,5.624526e-03,8.319583e-03
4000,layers.0.k_norm.weight,9.257365e+00,1.176996e-02,1.271416e-03
4000,layers.0.k_norm.bias,6.319603e-01,5.475381e-03,8.664121e-03
4000,layers.0.ln_pre.weight,2.017559e+01,8.211266e-03,4.069902e-04
4000,layers.0.ln_pre.bias,2.077931e-01,6.944211e-03,3.341888e-02
4000,layers.1.q_lut.compress.weight,9.847736e+00,1.291241e-01,1.311206e-02
4000,layers.1.q_lut.compress.bias,4.924859e-01,5.233438e-03,1.062657e-02
4000,layers.1.q_lut.lut_batched.weights,3.381718e+01,1.134906e+00,3.356003e-02
4000,layers.1.q_lut.lut_batched.log_soft_score_temp,5.832084e-01,3.653765e-04,6.264939e-04
4000,layers.1.q_lut.lut_batched.log_select_temp,1.016970e+00,3.482342e-03,3.424231e-03
4000,layers.1.k_lut.compress.weight,9.787585e+00,1.290308e-01,1.318311e-02
4000,layers.1.k_lut.compress.bias,5.198690e-01,5.678235e-03,1.092243e-02
4000,layers.1.k_lut.lut_batched.weights,3.294278e+01,1.129411e+00,3.428404e-02
4000,layers.1.k_lut.lut_batched.log_soft_score_temp,5.118356e-01,1.074076e-04,2.098478e-04
4000,layers.1.k_lut.lut_batched.log_select_temp,9.383958e-01,3.408253e-03,3.632000e-03
4000,layers.1.v_lut.compress.weight,9.971859e+00,1.196757e-01,1.200134e-02
4000,layers.1.v_lut.compress.bias,4.830320e-01,3.760920e-03,7.786068e-03
4000,layers.1.v_lut.lut_batched.weights,3.541088e+01,1.107038e+00,3.126265e-02
4000,layers.1.v_lut.lut_batched.log_soft_score_temp,6.880406e-01,1.143038e-03,1.661295e-03
4000,layers.1.v_lut.lut_batched.log_select_temp,9.667211e-01,3.955126e-03,4.091279e-03
4000,layers.1.out_proj.compress.weight,8.541013e+00,8.639324e-02,1.011511e-02
4000,layers.1.out_proj.compress.bias,4.450325e-01,2.076200e-03,4.665278e-03
4000,layers.1.out_proj.lut_batched.weights,1.583747e+01,7.835324e-01,4.947333e-02
4000,layers.1.out_proj.lut_batched.log_soft_score_temp,7.835097e-01,1.835704e-03,2.342924e-03
4000,layers.1.out_proj.lut_batched.log_select_temp,1.053633e+00,4.812241e-03,4.567283e-03
4000,layers.1.out_proj.decompress.weight,8.989621e+00,1.273842e-01,1.417014e-02
4000,layers.1.out_proj.decompress.bias,5.562203e-01,2.147136e-03,3.860226e-03
4000,layers.1.q_norm.weight,8.802696e+00,7.177387e-03,8.153623e-04
4000,layers.1.q_norm.bias,5.212861e-01,3.560135e-03,6.829522e-03
4000,layers.1.k_norm.weight,8.759913e+00,6.921931e-03,7.901825e-04
4000,layers.1.k_norm.bias,8.428903e-01,5.654411e-03,6.708359e-03
4000,layers.1.ln_pre.weight,1.966456e+01,6.639596e-03,3.376427e-04
4000,layers.1.ln_pre.bias,1.241978e-01,3.547154e-03,2.856053e-02
4000,layers.2.q_lut.compress.weight,9.834315e+00,1.294631e-01,1.316442e-02
4000,layers.2.q_lut.compress.bias,5.415235e-01,5.113209e-03,9.442267e-03
4000,layers.2.q_lut.lut_batched.weights,3.397181e+01,1.139023e+00,3.352847e-02
4000,layers.2.q_lut.lut_batched.log_soft_score_temp,4.499423e-01,2.515584e-03,5.590904e-03
4000,layers.2.q_lut.lut_batched.log_select_temp,9.642923e-01,3.241539e-03,3.361573e-03
4000,layers.2.k_lut.compress.weight,9.732743e+00,1.262149e-01,1.296807e-02
4000,layers.2.k_lut.compress.bias,5.255870e-01,5.608879e-03,1.067165e-02
4000,layers.2.k_lut.lut_batched.weights,3.308919e+01,1.133898e+00,3.426794e-02
4000,layers.2.k_lut.lut_batched.log_soft_score_temp,4.224254e-01,1.732230e-03,4.100678e-03
4000,layers.2.k_lut.lut_batched.log_select_temp,9.586166e-01,3.345966e-03,3.490412e-03
4000,layers.2.v_lut.compress.weight,9.869624e+00,1.195035e-01,1.210821e-02
4000,layers.2.v_lut.compress.bias,5.052558e-01,3.984011e-03,7.885138e-03
4000,layers.2.v_lut.lut_batched.weights,3.791740e+01,1.098805e+00,2.897891e-02
4000,layers.2.v_lut.lut_batched.log_soft_score_temp,6.445162e-01,2.295554e-03,3.561670e-03
4000,layers.2.v_lut.lut_batched.log_select_temp,9.032398e-01,3.522813e-03,3.900197e-03
4000,layers.2.out_proj.compress.weight,8.512264e+00,8.989659e-02,1.056083e-02
4000,layers.2.out_proj.compress.bias,4.212501e-01,2.080473e-03,4.938806e-03
4000,layers.2.out_proj.lut_batched.weights,1.420543e+01,7.814558e-01,5.501107e-02
4000,layers.2.out_proj.lut_batched.log_soft_score_temp,8.435000e-01,2.174795e-03,2.578298e-03
4000,layers.2.out_proj.lut_batched.log_select_temp,1.072372e+00,4.856467e-03,4.528716e-03
4000,layers.2.out_proj.decompress.weight,8.772860e+00,1.271926e-01,1.449842e-02
4000,layers.2.out_proj.decompress.bias,5.637532e-01,2.228443e-03,3.952870e-03
4000,layers.2.q_norm.weight,8.807345e+00,6.823748e-03,7.747792e-04
4000,layers.2.q_norm.bias,4.418997e-01,3.104588e-03,7.025549e-03
4000,layers.2.k_norm.weight,8.756992e+00,6.517388e-03,7.442496e-04
4000,layers.2.k_norm.bias,7.708026e-01,5.046551e-03,6.547138e-03
4000,layers.2.ln_pre.weight,1.960938e+01,6.941570e-03,3.539924e-04
4000,layers.2.ln_pre.bias,1.366933e-01,4.007899e-03,2.932038e-02
4000,layers.3.q_lut.compress.weight,9.785688e+00,1.308541e-01,1.337199e-02
4000,layers.3.q_lut.compress.bias,5.088686e-01,5.386951e-03,1.058613e-02
4000,layers.3.q_lut.lut_batched.weights,3.446356e+01,1.152556e+00,3.344274e-02
4000,layers.3.q_lut.lut_batched.log_soft_score_temp,3.797541e-01,3.124714e-03,8.228255e-03
4000,layers.3.q_lut.lut_batched.log_select_temp,9.426631e-01,2.884626e-03,3.060082e-03
4000,layers.3.k_lut.compress.weight,9.720078e+00,1.215311e-01,1.250310e-02
4000,layers.3.k_lut.compress.bias,5.383709e-01,5.275178e-03,9.798409e-03
4000,layers.3.k_lut.lut_batched.weights,3.383105e+01,1.141540e+00,3.374237e-02
4000,layers.3.k_lut.lut_batched.log_soft_score_temp,4.752944e-01,2.584487e-03,5.437655e-03
4000,layers.3.k_lut.lut_batched.log_select_temp,9.331571e-01,2.675354e-03,2.866992e-03
4000,layers.3.v_lut.compress.weight,9.838639e+00,1.095397e-01,1.113363e-02
4000,layers.3.v_lut.compress.bias,5.022120e-01,3.046442e-03,6.066046e-03
4000,layers.3.v_lut.lut_batched.weights,3.764497e+01,1.070004e+00,2.842357e-02
4000,layers.3.v_lut.lut_batched.log_soft_score_temp,7.328367e-01,1.894057e-03,2.584555e-03
4000,layers.3.v_lut.lut_batched.log_select_temp,9.100990e-01,3.752232e-03,4.122883e-03
4000,layers.3.out_proj.compress.weight,8.596681e+00,8.994227e-02,1.046244e-02
4000,layers.3.out_proj.compress.bias,4.227178e-01,1.676538e-03,3.966093e-03
4000,layers.3.out_proj.lut_batched.weights,1.280391e+01,7.908847e-01,6.176902e-02
4000,layers.3.out_proj.lut_batched.log_soft_score_temp,8.459116e-01,3.164649e-03,3.741111e-03
4000,layers.3.out_proj.lut_batched.log_select_temp,1.000071e+00,4.617274e-03,4.616945e-03
4000,layers.3.out_proj.decompress.weight,8.436479e+00,1.319505e-01,1.564047e-02
4000,layers.3.out_proj.decompress.bias,5.451528e-01,2.323689e-03,4.262454e-03
4000,layers.3.q_norm.weight,8.495552e+00,5.677512e-03,6.682923e-04
4000,layers.3.q_norm.bias,3.397501e-01,2.998972e-03,8.826994e-03
4000,layers.3.k_norm.weight,8.468518e+00,5.399495e-03,6.375962e-04
4000,layers.3.k_norm.bias,5.419104e-01,3.817790e-03,7.045057e-03
4000,layers.3.ln_pre.weight,1.963519e+01,6.509493e-03,3.315217e-04
4000,layers.3.ln_pre.bias,1.525934e-01,3.445955e-03,2.258259e-02
4000,layers.4.q_lut.compress.weight,9.780013e+00,1.321995e-01,1.351731e-02
4000,layers.4.q_lut.compress.bias,5.514992e-01,5.474742e-03,9.927016e-03
4000,layers.4.q_lut.lut_batched.weights,3.379375e+01,1.153203e+00,3.412474e-02
4000,layers.4.q_lut.lut_batched.log_soft_score_temp,3.858577e-01,4.031301e-03,1.044763e-02
4000,layers.4.q_lut.lut_batched.log_select_temp,9.126349e-01,3.183603e-03,3.488365e-03
4000,layers.4.k_lut.compress.weight,9.731830e+00,1.270454e-01,1.305463e-02
4000,layers.4.k_lut.compress.bias,5.503229e-01,5.467386e-03,9.934868e-03
4000,layers.4.k_lut.lut_batched.weights,3.351741e+01,1.144469e+00,3.414549e-02
4000,layers.4.k_lut.lut_batched.log_soft_score_temp,4.055586e-01,3.006160e-03,7.412394e-03
4000,layers.4.k_lut.lut_batched.log_select_temp,9.172199e-01,3.328264e-03,3.628643e-03
4000,layers.4.v_lut.compress.weight,9.841558e+00,1.148729e-01,1.167222e-02
4000,layers.4.v_lut.compress.bias,5.128140e-01,3.361768e-03,6.555530e-03
4000,layers.4.v_lut.lut_batched.weights,3.836702e+01,1.073447e+00,2.797837e-02
4000,layers.4.v_lut.lut_batched.log_soft_score_temp,7.070960e-01,2.204835e-03,3.118156e-03
4000,layers.4.v_lut.lut_batched.log_select_temp,8.910733e-01,3.464699e-03,3.888231e-03
4000,layers.4.out_proj.compress.weight,8.538153e+00,8.923449e-02,1.045126e-02
4000,layers.4.out_proj.compress.bias,4.131178e-01,1.957920e-03,4.739376e-03
4000,layers.4.out_proj.lut_batched.weights,1.307596e+01,7.888886e-01,6.033122e-02
4000,layers.4.out_proj.lut_batched.log_soft_score_temp,8.487756e-01,3.494442e-03,4.117038e-03
4000,layers.4.out_proj.lut_batched.log_select_temp,1.004562e+00,4.801929e-03,4.780124e-03
4000,layers.4.out_proj.decompress.weight,8.160669e+00,1.317138e-01,1.614007e-02
4000,layers.4.out_proj.decompress.bias,5.626076e-01,2.408990e-03,4.281830e-03
4000,layers.4.q_norm.weight,8.494592e+00,6.125350e-03,7.210883e-04
4000,layers.4.q_norm.bias,2.825231e-01,2.488241e-03,8.807212e-03
4000,layers.4.k_norm.weight,8.469660e+00,6.038780e-03,7.129897e-04
4000,layers.4.k_norm.bias,6.018827e-01,3.141610e-03,5.219638e-03
4000,layers.4.ln_pre.weight,1.957717e+01,7.295413e-03,3.726490e-04
4000,layers.4.ln_pre.bias,2.106249e-01,3.484711e-03,1.654463e-02
4000,layers.5.q_lut.compress.weight,9.727609e+00,1.319300e-01,1.356243e-02
4000,layers.5.q_lut.compress.bias,5.420107e-01,5.290919e-03,9.761652e-03
4000,layers.5.q_lut.lut_batched.weights,3.384364e+01,1.162168e+00,3.433934e-02
4000,layers.5.q_lut.lut_batched.log_soft_score_temp,4.279084e-01,3.584564e-03,8.376942e-03
4000,layers.5.q_lut.lut_batched.log_select_temp,8.553131e-01,2.847731e-03,3.329460e-03
4000,layers.5.k_lut.compress.weight,9.694522e+00,1.238465e-01,1.277489e-02
4000,layers.5.k_lut.compress.bias,5.263710e-01,4.897537e-03,9.304344e-03
4000,layers.5.k_lut.lut_batched.weights,3.379020e+01,1.144083e+00,3.385841e-02
4000,layers.5.k_lut.lut_batched.log_soft_score_temp,4.099529e-01,3.568769e-03,8.705313e-03
4000,layers.5.k_lut.lut_batched.log_select_temp,8.837389e-01,2.510726e-03,2.841028e-03
4000,layers.5.v_lut.compress.weight,9.837997e+00,1.078053e-01,1.095805e-02
4000,layers.5.v_lut.compress.bias,5.235143e-01,2.864467e-03,5.471612e-03
4000,layers.5.v_lut.lut_batched.weights,4.026163e+01,1.060249e+00,2.633399e-02
4000,layers.5.v_lut.lut_batched.log_soft_score_temp,7.443439e-01,3.350377e-04,4.501115e-04
4000,layers.5.v_lut.lut_batched.log_select_temp,8.237245e-01,2.693355e-03,3.269728e-03
4000,layers.5.out_proj.compress.weight,8.530488e+00,8.772587e-02,1.028380e-02
4000,layers.5.out_proj.compress.bias,3.994311e-01,1.943088e-03,4.864639e-03
4000,layers.5.out_proj.lut_batched.weights,1.450908e+01,7.981979e-01,5.501369e-02
4000,layers.5.out_proj.lut_batched.log_soft_score_temp,8.211701e-01,2.922475e-03,3.558916e-03
4000,layers.5.out_proj.lut_batched.log_select_temp,9.556221e-01,4.519224e-03,4.729091e-03
4000,layers.5.out_proj.decompress.weight,8.800150e+00,1.264099e-01,1.436451e-02
4000,layers.5.out_proj.decompress.bias,5.504802e-01,2.783926e-03,5.057269e-03
4000,layers.5.q_norm.weight,8.289983e+00,6.070673e-03,7.322902e-04
4000,layers.5.q_norm.bias,2.067970e-01,2.500856e-03,1.209329e-02
4000,layers.5.k_norm.weight,8.274828e+00,6.037991e-03,7.296818e-04
4000,layers.5.k_norm.bias,3.093795e-01,3.767611e-03,1.217796e-02
4000,layers.5.ln_pre.weight,1.962169e+01,6.149303e-03,3.133932e-04
4000,layers.5.ln_pre.bias,1.982186e-01,2.318730e-03,1.169784e-02
4000,ln_final.weight,3.005801e+01,1.005108e-01,3.343896e-03
4000,ln_final.bias,2.328529e+00,1.629087e-02,6.996206e-03
4000,unembedder.weight,1.715314e+02,1.919049e+00,1.118774e-02
