step,param_name,weight_norm,delta_norm,rel_delta
200,tok_emb_E.weight,8.357455e+01,6.354324e-01,7.603180e-03
200,unembedder.weight,1.053460e+02,1.549341e+01,1.470716e-01
200,layers.0.qkv_lut.weights,3.334040e+00,3.146652e+00,9.437954e-01
200,layers.0.qkv_lut.log_soft_score_temp,6.960080e-01,2.860785e-03,4.110276e-03
200,layers.0.qkv_lut.log_select_temp,6.954651e-01,2.317905e-03,3.332885e-03
200,layers.0.v_lut.weights,2.314853e+00,2.195018e+00,9.482320e-01
200,layers.0.v_lut.log_soft_score_temp,6.975025e-01,4.355311e-03,6.244152e-03
200,layers.0.v_lut.log_select_temp,6.974798e-01,4.332662e-03,6.211881e-03
200,layers.0.out_proj.weights,3.988097e+00,3.826697e+00,9.595297e-01
200,layers.0.out_proj.log_soft_score_temp,6.968992e-01,3.751993e-03,5.383839e-03
200,layers.0.out_proj.log_select_temp,6.973214e-01,4.174232e-03,5.986095e-03
200,layers.0.residual_lut.weights,3.599977e+00,3.480029e+00,9.666809e-01
200,layers.0.residual_lut.log_soft_score_temp,6.964561e-01,3.308952e-03,4.751127e-03
200,layers.0.residual_lut.log_select_temp,6.973577e-01,4.210472e-03,6.037751e-03
200,layers.0.q_norm.weight,8.018599e+00,2.061648e-02,2.571082e-03
200,layers.0.q_norm.bias,1.000777e-02,1.000777e-02,1.000000e+00
200,layers.0.k_norm.weight,8.018407e+00,2.022796e-02,2.522691e-03
200,layers.0.k_norm.bias,1.299997e-02,1.299997e-02,1.000000e+00
200,layers.0.ln_pre.weight,8.003471e+00,6.674322e-03,8.339284e-04
200,layers.0.ln_pre.bias,5.024496e-03,5.024496e-03,1.000000e+00
200,layers.0.ln_post.weight,8.006118e+00,9.159613e-03,1.144077e-03
200,layers.0.ln_post.bias,2.093194e-03,2.093194e-03,1.000000e+00
200,layers.1.qkv_lut.weights,3.359325e+00,3.190081e+00,9.496196e-01
200,layers.1.qkv_lut.log_soft_score_temp,6.890786e-01,4.068553e-03,5.904338e-03
200,layers.1.qkv_lut.log_select_temp,6.911639e-01,1.983285e-03,2.869486e-03
200,layers.1.v_lut.weights,2.211450e+00,2.090088e+00,9.451212e-01
200,layers.1.v_lut.log_soft_score_temp,6.976722e-01,4.525065e-03,6.485947e-03
200,layers.1.v_lut.log_select_temp,6.976884e-01,4.541218e-03,6.508949e-03
200,layers.1.out_proj.weights,3.957166e+00,3.789545e+00,9.576411e-01
200,layers.1.out_proj.log_soft_score_temp,6.949745e-01,1.827359e-03,2.629390e-03
200,layers.1.out_proj.log_select_temp,6.954511e-01,2.303958e-03,3.312897e-03
200,layers.1.residual_lut.weights,3.476712e+00,3.353651e+00,9.646040e-01
200,layers.1.residual_lut.log_soft_score_temp,6.941761e-01,1.028895e-03,1.482182e-03
200,layers.1.residual_lut.log_select_temp,6.957767e-01,2.629519e-03,3.779256e-03
200,layers.1.q_norm.weight,8.015840e+00,2.462878e-02,3.072514e-03
200,layers.1.q_norm.bias,1.689183e-02,1.689183e-02,1.000000e+00
200,layers.1.k_norm.weight,8.015456e+00,2.414147e-02,3.011865e-03
200,layers.1.k_norm.bias,2.302269e-02,2.302269e-02,1.000000e+00
200,layers.1.ln_pre.weight,8.000149e+00,4.986913e-03,6.233526e-04
200,layers.1.ln_pre.bias,3.473057e-03,3.473057e-03,1.000000e+00
200,layers.1.ln_post.weight,8.002410e+00,5.748469e-03,7.183422e-04
200,layers.1.ln_post.bias,1.751982e-03,1.751982e-03,1.000000e+00
200,layers.2.qkv_lut.weights,3.379499e+00,3.203965e+00,9.480591e-01
200,layers.2.qkv_lut.log_soft_score_temp,6.894983e-01,3.648877e-03,5.292076e-03
200,layers.2.qkv_lut.log_select_temp,6.920345e-01,1.112640e-03,1.607781e-03
200,layers.2.v_lut.weights,2.132459e+00,2.005679e+00,9.405473e-01
200,layers.2.v_lut.log_soft_score_temp,6.940414e-01,8.942485e-04,1.288466e-03
200,layers.2.v_lut.log_select_temp,6.940914e-01,9.441972e-04,1.360336e-03
200,layers.2.out_proj.weights,4.065023e+00,3.898069e+00,9.589292e-01
200,layers.2.out_proj.log_soft_score_temp,6.916075e-01,1.539648e-03,2.226187e-03
200,layers.2.out_proj.log_select_temp,6.917505e-01,1.396716e-03,2.019103e-03
200,layers.2.residual_lut.weights,3.409475e+00,3.286735e+00,9.640002e-01
200,layers.2.residual_lut.log_soft_score_temp,6.917352e-01,1.411974e-03,2.041207e-03
200,layers.2.residual_lut.log_select_temp,6.937413e-01,5.941391e-04,8.564274e-04
200,layers.2.q_norm.weight,8.006245e+00,1.285612e-02,1.605761e-03
200,layers.2.q_norm.bias,9.658470e-03,9.658470e-03,1.000000e+00
200,layers.2.k_norm.weight,8.005605e+00,1.280761e-02,1.599831e-03
200,layers.2.k_norm.bias,1.514684e-02,1.514684e-02,1.000000e+00
200,layers.2.ln_pre.weight,7.999322e+00,4.237416e-03,5.297219e-04
200,layers.2.ln_pre.bias,2.718905e-03,2.718905e-03,1.000000e+00
200,layers.2.ln_post.weight,7.999774e+00,6.234196e-03,7.792966e-04
200,layers.2.ln_post.bias,1.743308e-03,1.743308e-03,1.000000e+00
200,layers.3.qkv_lut.weights,3.364715e+00,3.188063e+00,9.474989e-01
200,layers.3.qkv_lut.log_soft_score_temp,6.902260e-01,2.921224e-03,4.232271e-03
200,layers.3.qkv_lut.log_select_temp,6.923204e-01,8.267760e-04,1.194210e-03
200,layers.3.v_lut.weights,2.195409e+00,2.071857e+00,9.437225e-01
200,layers.3.v_lut.log_soft_score_temp,6.950212e-01,1.873970e-03,2.696278e-03
200,layers.3.v_lut.log_select_temp,6.951076e-01,1.960456e-03,2.820364e-03
200,layers.3.out_proj.weights,4.289369e+00,4.128829e+00,9.625728e-01
200,layers.3.out_proj.log_soft_score_temp,6.925635e-01,5.836487e-04,8.427367e-04
200,layers.3.out_proj.log_select_temp,6.926602e-01,4.869699e-04,7.030430e-04
200,layers.3.residual_lut.weights,3.374064e+00,3.251038e+00,9.635377e-01
200,layers.3.residual_lut.log_soft_score_temp,6.901504e-01,2.996802e-03,4.342245e-03
200,layers.3.residual_lut.log_select_temp,6.919057e-01,1.241505e-03,1.794327e-03
200,layers.3.q_norm.weight,8.006659e+00,1.305284e-02,1.630249e-03
200,layers.3.q_norm.bias,8.749863e-03,8.749863e-03,1.000000e+00
200,layers.3.k_norm.weight,8.006271e+00,1.265012e-02,1.580027e-03
200,layers.3.k_norm.bias,1.627254e-02,1.627254e-02,1.000000e+00
200,layers.3.ln_pre.weight,7.999675e+00,4.602633e-03,5.753526e-04
200,layers.3.ln_pre.bias,2.230171e-03,2.230171e-03,1.000000e+00
200,layers.3.ln_post.weight,7.997721e+00,5.013170e-03,6.268248e-04
200,layers.3.ln_post.bias,1.869418e-03,1.869418e-03,1.000000e+00
200,layers.4.qkv_lut.weights,3.400314e+00,3.224666e+00,9.483435e-01
200,layers.4.qkv_lut.log_soft_score_temp,6.924535e-01,6.936789e-04,1.001770e-03
200,layers.4.qkv_lut.log_select_temp,6.944559e-01,1.308739e-03,1.884553e-03
200,layers.4.v_lut.weights,2.224362e+00,2.102712e+00,9.453103e-01
200,layers.4.v_lut.log_soft_score_temp,6.942164e-01,1.069188e-03,1.540137e-03
200,layers.4.v_lut.log_select_temp,6.942586e-01,1.111388e-03,1.600827e-03
200,layers.4.out_proj.weights,4.994093e+00,4.854867e+00,9.721219e-01
200,layers.4.out_proj.log_soft_score_temp,6.920721e-01,1.075089e-03,1.553435e-03
200,layers.4.out_proj.log_select_temp,6.921168e-01,1.030385e-03,1.488745e-03
200,layers.4.residual_lut.weights,3.391263e+00,3.269629e+00,9.641331e-01
200,layers.4.residual_lut.log_soft_score_temp,6.888542e-01,4.292965e-03,6.232037e-03
200,layers.4.residual_lut.log_select_temp,6.900266e-01,3.120542e-03,4.522349e-03
200,layers.4.q_norm.weight,8.003329e+00,7.706937e-03,9.629664e-04
200,layers.4.q_norm.bias,5.776272e-03,5.776272e-03,1.000000e+00
200,layers.4.k_norm.weight,8.002580e+00,6.930888e-03,8.660817e-04
200,layers.4.k_norm.bias,9.975117e-03,9.975117e-03,1.000000e+00
200,layers.4.ln_pre.weight,7.999674e+00,4.317391e-03,5.396958e-04
200,layers.4.ln_pre.bias,2.220484e-03,2.220484e-03,1.000000e+00
200,layers.4.ln_post.weight,7.996155e+00,5.579062e-03,6.977180e-04
200,layers.4.ln_post.bias,1.667482e-03,1.667482e-03,1.000000e+00
200,layers.5.qkv_lut.weights,3.574856e+00,3.410772e+00,9.541005e-01
200,layers.5.qkv_lut.log_soft_score_temp,6.934714e-01,3.242493e-04,4.675741e-04
200,layers.5.qkv_lut.log_select_temp,6.946164e-01,1.469254e-03,2.115203e-03
200,layers.5.v_lut.weights,2.404983e+00,2.293811e+00,9.537745e-01
200,layers.5.v_lut.log_soft_score_temp,6.939461e-01,7.988811e-04,1.151215e-03
200,layers.5.v_lut.log_select_temp,6.939219e-01,7.747412e-04,1.116467e-03
200,layers.5.out_proj.weights,7.940091e+00,7.852449e+00,9.889621e-01
200,layers.5.out_proj.log_soft_score_temp,6.930670e-01,8.022785e-05,1.157577e-04
200,layers.5.out_proj.log_select_temp,6.931149e-01,3.224611e-05,4.652347e-05
200,layers.5.residual_lut.weights,4.041701e+00,3.940719e+00,9.750150e-01
200,layers.5.residual_lut.log_soft_score_temp,6.879430e-01,5.204201e-03,7.564872e-03
200,layers.5.residual_lut.log_select_temp,6.884508e-01,4.696369e-03,6.821648e-03
200,layers.5.q_norm.weight,8.001684e+00,4.667513e-03,5.833163e-04
200,layers.5.q_norm.bias,3.843478e-03,3.843478e-03,1.000000e+00
200,layers.5.k_norm.weight,8.001727e+00,4.369544e-03,5.460751e-04
200,layers.5.k_norm.bias,4.391230e-03,4.391230e-03,1.000000e+00
200,layers.5.ln_pre.weight,7.999650e+00,4.605367e-03,5.756961e-04
200,layers.5.ln_pre.bias,3.207670e-03,3.207670e-03,1.000000e+00
200,layers.5.ln_post.weight,7.994102e+00,6.846482e-03,8.564417e-04
200,layers.5.ln_post.bias,1.526128e-03,1.526128e-03,1.000000e+00
200,ln_final.weight,1.974427e+01,1.483665e-01,7.514409e-03
200,ln_final.bias,1.439074e-01,1.439074e-01,1.000000e+00
400,tok_emb_E.weight,8.359615e+01,1.877816e+00,2.246295e-02
400,unembedder.weight,1.112823e+02,2.681535e+01,2.409669e-01
400,layers.0.qkv_lut.weights,9.147889e+00,7.941516e+00,8.681255e-01
400,layers.0.qkv_lut.log_soft_score_temp,7.032125e-01,7.204533e-03,1.024517e-02
400,layers.0.qkv_lut.log_select_temp,6.993932e-01,3.928065e-03,5.616391e-03
400,layers.0.v_lut.weights,6.090870e+00,5.185391e+00,8.513384e-01
400,layers.0.v_lut.log_soft_score_temp,7.143912e-01,1.688868e-02,2.364066e-02
400,layers.0.v_lut.log_select_temp,7.135645e-01,1.608467e-02,2.254130e-02
400,layers.0.out_proj.weights,1.047867e+01,9.173274e+00,8.754235e-01
400,layers.0.out_proj.log_soft_score_temp,7.143244e-01,1.742518e-02,2.439393e-02
400,layers.0.out_proj.log_select_temp,7.154424e-01,1.812100e-02,2.532839e-02
400,layers.0.residual_lut.weights,9.148250e+00,7.928319e+00,8.666488e-01
400,layers.0.residual_lut.log_soft_score_temp,7.062185e-01,9.762406e-03,1.382349e-02
400,layers.0.residual_lut.log_select_temp,7.100658e-01,1.270819e-02,1.789720e-02
400,layers.0.q_norm.weight,8.102095e+00,9.465196e-02,1.168241e-02
400,layers.0.q_norm.bias,7.180774e-02,6.337718e-02,8.825953e-01
400,layers.0.k_norm.weight,8.102004e+00,9.398924e-02,1.160074e-02
400,layers.0.k_norm.bias,8.714315e-02,7.699871e-02,8.835888e-01
400,layers.0.ln_pre.weight,8.013821e+00,1.573593e-02,1.963598e-03
400,layers.0.ln_pre.bias,1.336104e-02,1.117724e-02,8.365548e-01
400,layers.0.ln_post.weight,8.015321e+00,1.678867e-02,2.094573e-03
400,layers.0.ln_post.bias,7.285499e-03,6.194802e-03,8.502920e-01
400,layers.1.qkv_lut.weights,9.120333e+00,8.164771e+00,8.952273e-01
400,layers.1.qkv_lut.log_soft_score_temp,6.690513e-01,2.002734e-02,2.993394e-02
400,layers.1.qkv_lut.log_select_temp,6.752740e-01,1.588994e-02,2.353111e-02
400,layers.1.v_lut.weights,6.172429e+00,5.447473e+00,8.825494e-01
400,layers.1.v_lut.log_soft_score_temp,7.116649e-01,1.399267e-02,1.966188e-02
400,layers.1.v_lut.log_select_temp,7.122974e-01,1.460904e-02,2.050974e-02
400,layers.1.out_proj.weights,1.022130e+01,9.152293e+00,8.954141e-01
400,layers.1.out_proj.log_soft_score_temp,7.048779e-01,9.903371e-03,1.404977e-02
400,layers.1.out_proj.log_select_temp,7.073678e-01,1.191670e-02,1.684653e-02
400,layers.1.residual_lut.weights,8.994359e+00,7.886690e+00,8.768484e-01
400,layers.1.residual_lut.log_soft_score_temp,7.029206e-01,8.744478e-03,1.244021e-02
400,layers.1.residual_lut.log_select_temp,7.089201e-01,1.314336e-02,1.853998e-02
400,layers.1.q_norm.weight,8.060558e+00,7.141317e-02,8.859582e-03
400,layers.1.q_norm.bias,6.674848e-02,5.026351e-02,7.530285e-01
400,layers.1.k_norm.weight,8.058584e+00,6.978726e-02,8.659990e-03
400,layers.1.k_norm.bias,9.360651e-02,7.194673e-02,7.686082e-01
400,layers.1.ln_pre.weight,7.996749e+00,1.347634e-02,1.685227e-03
400,layers.1.ln_pre.bias,9.039698e-03,7.592767e-03,8.399360e-01
400,layers.1.ln_post.weight,8.008121e+00,1.356624e-02,1.694060e-03
400,layers.1.ln_post.bias,5.422551e-03,4.658381e-03,8.590755e-01
400,layers.2.qkv_lut.weights,9.064456e+00,8.167423e+00,9.010384e-01
400,layers.2.qkv_lut.log_soft_score_temp,6.744760e-01,1.502228e-02,2.227252e-02
400,layers.2.qkv_lut.log_select_temp,6.864264e-01,5.608141e-03,8.170055e-03
400,layers.2.v_lut.weights,5.830111e+00,5.209871e+00,8.936143e-01
400,layers.2.v_lut.log_soft_score_temp,7.025661e-01,8.524656e-03,1.213360e-02
400,layers.2.v_lut.log_select_temp,7.028449e-01,8.753538e-03,1.245444e-02
400,layers.2.out_proj.weights,1.034104e+01,9.329429e+00,9.021752e-01
400,layers.2.out_proj.log_soft_score_temp,6.878182e-01,3.789365e-03,5.509254e-03
400,layers.2.out_proj.log_select_temp,6.904675e-01,1.282930e-03,1.858060e-03
400,layers.2.residual_lut.weights,8.808867e+00,7.786009e+00,8.838831e-01
400,layers.2.residual_lut.log_soft_score_temp,6.923604e-01,6.251931e-04,9.029880e-04
400,layers.2.residual_lut.log_select_temp,7.025094e-01,8.768082e-03,1.248109e-02
400,layers.2.q_norm.weight,8.029232e+00,4.044531e-02,5.037257e-03
400,layers.2.q_norm.bias,3.352975e-02,2.467942e-02,7.360453e-01
400,layers.2.k_norm.weight,8.024937e+00,3.903063e-02,4.863668e-03
400,layers.2.k_norm.bias,5.507991e-02,4.195823e-02,7.617701e-01
400,layers.2.ln_pre.weight,7.997129e+00,1.427228e-02,1.784675e-03
400,layers.2.ln_pre.bias,7.541792e-03,6.767471e-03,8.973293e-01
400,layers.2.ln_post.weight,7.999777e+00,1.209294e-02,1.511660e-03
400,layers.2.ln_post.bias,5.502037e-03,4.858234e-03,8.829883e-01
400,layers.3.qkv_lut.weights,9.103885e+00,8.211877e+00,9.020190e-01
400,layers.3.qkv_lut.log_soft_score_temp,6.751860e-01,1.503998e-02,2.227532e-02
400,layers.3.qkv_lut.log_select_temp,6.840356e-01,8.284807e-03,1.211166e-02
400,layers.3.v_lut.weights,5.904725e+00,5.242722e+00,8.878859e-01
400,layers.3.v_lut.log_soft_score_temp,7.029623e-01,7.941186e-03,1.129675e-02
400,layers.3.v_lut.log_select_temp,7.032043e-01,8.096695e-03,1.151400e-02
400,layers.3.out_proj.weights,1.062254e+01,9.501238e+00,8.944409e-01
400,layers.3.out_proj.log_soft_score_temp,6.904591e-01,2.104461e-03,3.047916e-03
400,layers.3.out_proj.log_select_temp,6.921304e-01,5.297661e-04,7.654136e-04
400,layers.3.residual_lut.weights,8.717469e+00,7.751163e+00,8.891530e-01
400,layers.3.residual_lut.log_soft_score_temp,6.849835e-01,5.166888e-03,7.543084e-03
400,layers.3.residual_lut.log_select_temp,6.960563e-01,4.150629e-03,5.963065e-03
400,layers.3.q_norm.weight,8.020156e+00,3.898637e-02,4.861049e-03
400,layers.3.q_norm.bias,3.282586e-02,2.486632e-02,7.575221e-01
400,layers.3.k_norm.weight,8.018936e+00,3.903525e-02,4.867884e-03
400,layers.3.k_norm.bias,6.163011e-02,4.739113e-02,7.689607e-01
400,layers.3.ln_pre.weight,7.997575e+00,1.187988e-02,1.485436e-03
400,layers.3.ln_pre.bias,6.523489e-03,6.293358e-03,9.647227e-01
400,layers.3.ln_post.weight,7.995068e+00,1.108595e-02,1.386599e-03
400,layers.3.ln_post.bias,5.950902e-03,5.313122e-03,8.928263e-01
400,layers.4.qkv_lut.weights,9.160110e+00,8.265434e+00,9.023292e-01
400,layers.4.qkv_lut.log_soft_score_temp,6.834504e-01,9.003103e-03,1.317302e-02
400,layers.4.qkv_lut.log_select_temp,6.924503e-01,2.005637e-03,2.896434e-03
400,layers.4.v_lut.weights,5.901961e+00,5.200714e+00,8.811840e-01
400,layers.4.v_lut.log_soft_score_temp,7.011058e-01,6.889403e-03,9.826481e-03
400,layers.4.v_lut.log_select_temp,7.010033e-01,6.744742e-03,9.621556e-03
400,layers.4.out_proj.weights,1.137509e+01,1.001063e+01,8.800483e-01
400,layers.4.out_proj.log_soft_score_temp,6.877744e-01,4.297674e-03,6.248668e-03
400,layers.4.out_proj.log_select_temp,6.899573e-01,2.159476e-03,3.129869e-03
400,layers.4.residual_lut.weights,8.625707e+00,7.708361e+00,8.936498e-01
400,layers.4.residual_lut.log_soft_score_temp,6.763078e-01,1.254642e-02,1.855135e-02
400,layers.4.residual_lut.log_select_temp,6.857999e-01,4.226744e-03,6.163232e-03
400,layers.4.q_norm.weight,8.001391e+00,2.329393e-02,2.911235e-03
400,layers.4.q_norm.bias,1.872081e-02,1.434924e-02,7.664861e-01
400,layers.4.k_norm.weight,7.999130e+00,2.220367e-02,2.775760e-03
400,layers.4.k_norm.bias,3.204920e-02,2.386606e-02,7.446697e-01
400,layers.4.ln_pre.weight,7.998823e+00,1.175603e-02,1.469720e-03
400,layers.4.ln_pre.bias,6.015297e-03,5.490525e-03,9.127604e-01
400,layers.4.ln_post.weight,7.988689e+00,1.372392e-02,1.717919e-03
400,layers.4.ln_post.bias,5.295026e-03,5.003090e-03,9.448660e-01
400,layers.5.qkv_lut.weights,9.363036e+00,8.472860e+00,9.049266e-01
400,layers.5.qkv_lut.log_soft_score_temp,6.917983e-01,1.673102e-03,2.418483e-03
400,layers.5.qkv_lut.log_select_temp,6.952088e-01,5.923510e-04,8.520476e-04
400,layers.5.v_lut.weights,5.921365e+00,5.240708e+00,8.850506e-01
400,layers.5.v_lut.log_soft_score_temp,6.938072e-01,1.388788e-04,2.001692e-04
400,layers.5.v_lut.log_select_temp,6.935735e-01,3.483891e-04,5.023103e-04
400,layers.5.out_proj.weights,1.754558e+01,1.361310e+01,7.758705e-01
400,layers.5.out_proj.log_soft_score_temp,6.874543e-01,5.612671e-03,8.164429e-03
400,layers.5.out_proj.log_select_temp,6.877871e-01,5.327821e-03,7.746322e-03
400,layers.5.residual_lut.weights,9.009781e+00,7.788715e+00,8.644733e-01
400,layers.5.residual_lut.log_soft_score_temp,6.680748e-01,1.986814e-02,2.973939e-02
400,layers.5.residual_lut.log_select_temp,6.709574e-01,1.749343e-02,2.607234e-02
400,layers.5.q_norm.weight,8.001546e+00,1.490373e-02,1.862607e-03
400,layers.5.q_norm.bias,1.252614e-02,1.124975e-02,8.981023e-01
400,layers.5.k_norm.weight,8.000812e+00,1.495068e-02,1.868646e-03
400,layers.5.k_norm.bias,1.724248e-02,1.525421e-02,8.846880e-01
400,layers.5.ln_pre.weight,7.999777e+00,1.231045e-02,1.538850e-03
400,layers.5.ln_pre.bias,7.827681e-03,6.290329e-03,8.036006e-01
400,layers.5.ln_post.weight,7.978222e+00,2.013774e-02,2.524089e-03
400,layers.5.ln_post.bias,6.030540e-03,6.123952e-03,1.015490e+00
400,ln_final.weight,2.012460e+01,3.807282e-01,1.891855e-02
400,ln_final.bias,4.692207e-01,3.258447e-01,6.944380e-01
600,tok_emb_E.weight,8.365342e+01,2.934558e+00,3.507995e-02
600,unembedder.weight,1.223446e+02,3.092458e+01,2.527662e-01
600,layers.0.qkv_lut.weights,1.677392e+01,1.238041e+01,7.380747e-01
600,layers.0.qkv_lut.log_soft_score_temp,7.154551e-01,1.224262e-02,1.711165e-02
600,layers.0.qkv_lut.log_select_temp,7.048581e-01,5.464911e-03,7.753208e-03
600,layers.0.v_lut.weights,1.108634e+01,7.986124e+00,7.203568e-01
600,layers.0.v_lut.log_soft_score_temp,7.435056e-01,2.911443e-02,3.915831e-02
600,layers.0.v_lut.log_select_temp,7.405525e-01,2.698803e-02,3.644310e-02
600,layers.0.out_proj.weights,1.891719e+01,1.432295e+01,7.571395e-01
600,layers.0.out_proj.log_soft_score_temp,7.416525e-01,2.732819e-02,3.684770e-02
600,layers.0.out_proj.log_select_temp,7.444616e-01,2.901918e-02,3.898009e-02
600,layers.0.residual_lut.weights,1.648903e+01,1.241745e+01,7.530733e-01
600,layers.0.residual_lut.log_soft_score_temp,7.169459e-01,1.072735e-02,1.496256e-02
600,layers.0.residual_lut.log_select_temp,7.270886e-01,1.702273e-02,2.341218e-02
600,layers.0.q_norm.weight,8.225862e+00,1.426447e-01,1.734100e-02
600,layers.0.q_norm.bias,1.670891e-01,9.609336e-02,5.751024e-01
600,layers.0.k_norm.weight,8.226076e+00,1.422218e-01,1.728915e-02
600,layers.0.k_norm.bias,2.020952e-01,1.174486e-01,5.811549e-01
600,layers.0.ln_pre.weight,8.033578e+00,2.483243e-02,3.091080e-03
600,layers.0.ln_pre.bias,2.239402e-02,1.397305e-02,6.239635e-01
600,layers.0.ln_post.weight,8.025104e+00,2.246420e-02,2.799242e-03
600,layers.0.ln_post.bias,1.541292e-02,1.066067e-02,6.916710e-01
600,layers.1.qkv_lut.weights,1.667278e+01,1.306725e+01,7.837480e-01
600,layers.1.qkv_lut.log_soft_score_temp,6.378229e-01,3.122836e-02,4.896087e-02
600,layers.1.qkv_lut.log_select_temp,6.536027e-01,2.167124e-02,3.315659e-02
600,layers.1.v_lut.weights,1.134882e+01,8.575655e+00,7.556431e-01
600,layers.1.v_lut.log_soft_score_temp,7.355454e-01,2.388048e-02,3.246636e-02
600,layers.1.v_lut.log_select_temp,7.379429e-01,2.564543e-02,3.475260e-02
600,layers.1.out_proj.weights,1.858309e+01,1.465929e+01,7.888508e-01
600,layers.1.out_proj.log_soft_score_temp,7.233360e-01,1.845813e-02,2.551805e-02
600,layers.1.out_proj.log_select_temp,7.298336e-01,2.246577e-02,3.078204e-02
600,layers.1.residual_lut.weights,1.637691e+01,1.246389e+01,7.610650e-01
600,layers.1.residual_lut.log_soft_score_temp,7.175443e-01,1.462370e-02,2.038021e-02
600,layers.1.residual_lut.log_select_temp,7.319615e-01,2.304149e-02,3.147909e-02
600,layers.1.q_norm.weight,8.135767e+00,1.089452e-01,1.339089e-02
600,layers.1.q_norm.bias,1.439463e-01,7.788830e-02,5.410927e-01
600,layers.1.k_norm.weight,8.130913e+00,1.061046e-01,1.304953e-02
600,layers.1.k_norm.bias,2.052017e-01,1.135589e-01,5.534015e-01
600,layers.1.ln_pre.weight,7.990070e+00,2.109201e-02,2.639778e-03
600,layers.1.ln_pre.bias,1.762388e-02,1.166325e-02,6.617868e-01
600,layers.1.ln_post.weight,8.017707e+00,2.105396e-02,2.625933e-03
600,layers.1.ln_post.bias,1.090705e-02,7.824668e-03,7.173954e-01
600,layers.2.qkv_lut.weights,1.662205e+01,1.323453e+01,7.962029e-01
600,layers.2.qkv_lut.log_soft_score_temp,6.503890e-01,2.408701e-02,3.703478e-02
600,layers.2.qkv_lut.log_select_temp,6.835611e-01,2.865255e-03,4.191658e-03
600,layers.2.v_lut.weights,1.080833e+01,8.384103e+00,7.757076e-01
600,layers.2.v_lut.log_soft_score_temp,7.249345e-01,2.236837e-02,3.085572e-02
600,layers.2.v_lut.log_select_temp,7.263046e-01,2.345967e-02,3.230005e-02
600,layers.2.out_proj.weights,1.871355e+01,1.509846e+01,8.068195e-01
600,layers.2.out_proj.log_soft_score_temp,6.855354e-01,2.282798e-03,3.329950e-03
600,layers.2.out_proj.log_select_temp,6.948081e-01,4.340529e-03,6.247091e-03
600,layers.2.residual_lut.weights,1.603110e+01,1.239205e+01,7.730009e-01
600,layers.2.residual_lut.log_soft_score_temp,6.923952e-01,3.474951e-05,5.018739e-05
600,layers.2.residual_lut.log_select_temp,7.196342e-01,1.712477e-02,2.379650e-02
600,layers.2.q_norm.weight,8.079370e+00,7.020825e-02,8.689818e-03
600,layers.2.q_norm.bias,7.008480e-02,3.837594e-02,5.475644e-01
600,layers.2.k_norm.weight,8.068215e+00,6.784290e-02,8.408663e-03
600,layers.2.k_norm.bias,1.176013e-01,6.573486e-02,5.589638e-01
600,layers.2.ln_pre.weight,7.995462e+00,2.268230e-02,2.836897e-03
600,layers.2.ln_pre.bias,1.130819e-02,8.933039e-03,7.899618e-01
600,layers.2.ln_post.weight,7.999856e+00,1.854925e-02,2.318698e-03
600,layers.2.ln_post.bias,1.126386e-02,8.313128e-03,7.380357e-01
600,layers.3.qkv_lut.weights,1.666637e+01,1.330441e+01,7.982790e-01
600,layers.3.qkv_lut.log_soft_score_temp,6.506433e-01,2.454263e-02,3.772056e-02
600,layers.3.qkv_lut.log_select_temp,6.759902e-01,8.045435e-03,1.190170e-02
600,layers.3.v_lut.weights,1.090791e+01,8.419571e+00,7.718775e-01
600,layers.3.v_lut.log_soft_score_temp,7.237080e-01,2.074564e-02,2.866575e-02
600,layers.3.v_lut.log_select_temp,7.248816e-01,2.167732e-02,2.990463e-02
600,layers.3.out_proj.weights,1.910133e+01,1.524303e+01,7.980089e-01
600,layers.3.out_proj.log_soft_score_temp,6.913294e-01,8.703470e-04,1.258947e-03
600,layers.3.out_proj.log_select_temp,6.979543e-01,5.823851e-03,8.344172e-03
600,layers.3.residual_lut.weights,1.587344e+01,1.235348e+01,7.782482e-01
600,layers.3.residual_lut.log_soft_score_temp,6.759053e-01,9.078205e-03,1.343118e-02
600,layers.3.residual_lut.log_select_temp,7.073741e-01,1.131779e-02,1.599972e-02
600,layers.3.q_norm.weight,8.052257e+00,6.209581e-02,7.711603e-03
600,layers.3.q_norm.bias,7.461581e-02,4.296761e-02,5.758512e-01
600,layers.3.k_norm.weight,8.049161e+00,5.921886e-02,7.357147e-03
600,layers.3.k_norm.bias,1.409718e-01,8.264767e-02,5.862711e-01
600,layers.3.ln_pre.weight,7.994656e+00,1.972339e-02,2.467072e-03
600,layers.3.ln_pre.bias,1.312918e-02,9.885872e-03,7.529693e-01
600,layers.3.ln_post.weight,7.990772e+00,1.915373e-02,2.396982e-03
600,layers.3.ln_post.bias,1.051553e-02,7.347608e-03,6.987389e-01
600,layers.4.qkv_lut.weights,1.687730e+01,1.355608e+01,8.032142e-01
600,layers.4.qkv_lut.log_soft_score_temp,6.666172e-01,1.683325e-02,2.525174e-02
600,layers.4.qkv_lut.log_select_temp,6.886982e-01,3.752053e-03,5.448036e-03
600,layers.4.v_lut.weights,1.083302e+01,8.339643e+00,7.698353e-01
600,layers.4.v_lut.log_soft_score_temp,7.139284e-01,1.282263e-02,1.796066e-02
600,layers.4.v_lut.log_select_temp,7.140874e-01,1.308405e-02,1.832276e-02
600,layers.4.out_proj.weights,1.991324e+01,1.579168e+01,7.930241e-01
600,layers.4.out_proj.log_soft_score_temp,6.785940e-01,9.180427e-03,1.352860e-02
600,layers.4.out_proj.log_select_temp,6.856425e-01,4.314780e-03,6.293046e-03
600,layers.4.residual_lut.weights,1.563638e+01,1.231149e+01,7.873621e-01
600,layers.4.residual_lut.log_soft_score_temp,6.561317e-01,2.017605e-02,3.075000e-02
600,layers.4.residual_lut.log_select_temp,6.829832e-01,2.816737e-03,4.124167e-03
600,layers.4.q_norm.weight,7.996670e+00,3.223176e-02,4.030648e-03
600,layers.4.q_norm.bias,3.569162e-02,1.945750e-02,5.451561e-01
600,layers.4.k_norm.weight,7.993327e+00,3.226998e-02,4.037115e-03
600,layers.4.k_norm.bias,5.983984e-02,3.207687e-02,5.360453e-01
600,layers.4.ln_pre.weight,7.997497e+00,1.434471e-02,1.793650e-03
600,layers.4.ln_pre.bias,1.240674e-02,9.933765e-03,8.006747e-01
600,layers.4.ln_post.weight,7.978145e+00,2.026987e-02,2.540675e-03
600,layers.4.ln_post.bias,1.121086e-02,8.604417e-03,7.675075e-01
600,layers.5.qkv_lut.weights,1.691957e+01,1.361149e+01,8.044820e-01
600,layers.5.qkv_lut.log_soft_score_temp,6.868569e-01,4.941404e-03,7.194226e-03
600,layers.5.qkv_lut.log_select_temp,6.947355e-01,4.733205e-04,6.812960e-04
600,layers.5.v_lut.weights,1.074263e+01,8.553432e+00,7.962137e-01
600,layers.5.v_lut.log_soft_score_temp,6.999388e-01,6.131649e-03,8.760264e-03
600,layers.5.v_lut.log_select_temp,6.992913e-01,5.717814e-03,8.176583e-03
600,layers.5.out_proj.weights,2.771099e+01,2.001473e+01,7.222669e-01
600,layers.5.out_proj.log_soft_score_temp,6.705167e-01,1.693761e-02,2.526054e-02
600,layers.5.out_proj.log_select_temp,6.726472e-01,1.513994e-02,2.250799e-02
600,layers.5.residual_lut.weights,1.574707e+01,1.244863e+01,7.905363e-01
600,layers.5.residual_lut.log_soft_score_temp,6.403039e-01,2.777094e-02,4.337149e-02
600,layers.5.residual_lut.log_select_temp,6.534340e-01,1.752335e-02,2.681732e-02
600,layers.5.q_norm.weight,8.013795e+00,2.157489e-02,2.692219e-03
600,layers.5.q_norm.bias,2.832063e-02,2.152336e-02,7.599887e-01
600,layers.5.k_norm.weight,8.013879e+00,2.051923e-02,2.560462e-03
600,layers.5.k_norm.bias,3.344363e-02,2.193914e-02,6.560034e-01
600,layers.5.ln_pre.weight,8.000160e+00,1.952657e-02,2.440773e-03
600,layers.5.ln_pre.bias,1.362582e-02,1.166943e-02,8.564203e-01
600,layers.5.ln_post.weight,7.959522e+00,2.507491e-02,3.150303e-03
600,layers.5.ln_post.bias,1.033031e-02,7.879689e-03,7.627740e-01
600,ln_final.weight,2.070950e+01,5.862253e-01,2.830707e-02
600,ln_final.bias,7.811233e-01,3.133561e-01,4.011609e-01
800,tok_emb_E.weight,8.376184e+01,3.764148e+00,4.493870e-02
800,unembedder.weight,1.358873e+02,3.235675e+01,2.381146e-01
800,layers.0.qkv_lut.weights,2.586045e+01,1.689796e+01,6.534285e-01
800,layers.0.qkv_lut.log_soft_score_temp,7.360228e-01,2.056772e-02,2.794440e-02
800,layers.0.qkv_lut.log_select_temp,7.176004e-01,1.274234e-02,1.775687e-02
800,layers.0.v_lut.weights,1.702471e+01,1.073822e+01,6.307431e-01
800,layers.0.v_lut.log_soft_score_temp,7.848060e-01,4.130036e-02,5.262493e-02
800,layers.0.v_lut.log_select_temp,7.791493e-01,3.859675e-02,4.953704e-02
800,layers.0.out_proj.weights,2.890076e+01,1.946786e+01,6.736108e-01
800,layers.0.out_proj.log_soft_score_temp,7.742233e-01,3.257078e-02,4.206897e-02
800,layers.0.out_proj.log_select_temp,7.829556e-01,3.849405e-02,4.916505e-02
800,layers.0.residual_lut.weights,2.520014e+01,1.674549e+01,6.645001e-01
800,layers.0.residual_lut.log_soft_score_temp,7.280768e-01,1.113093e-02,1.528812e-02
800,layers.0.residual_lut.log_select_temp,7.503598e-01,2.327120e-02,3.101339e-02
800,layers.0.q_norm.weight,8.353033e+00,1.491597e-01,1.785695e-02
800,layers.0.q_norm.bias,2.692788e-01,1.031985e-01,3.832405e-01
800,layers.0.k_norm.weight,8.352600e+00,1.478706e-01,1.770354e-02
800,layers.0.k_norm.bias,3.259490e-01,1.278175e-01,3.921395e-01
800,layers.0.ln_pre.weight,8.061255e+00,3.434156e-02,4.260076e-03
800,layers.0.ln_pre.bias,2.586523e-02,1.586361e-02,6.133179e-01
800,layers.0.ln_post.weight,8.033903e+00,2.670083e-02,3.323519e-03
800,layers.0.ln_post.bias,2.279923e-02,1.279631e-02,5.612606e-01
800,layers.1.qkv_lut.weights,2.563576e+01,1.792514e+01,6.992242e-01
800,layers.1.qkv_lut.log_soft_score_temp,5.991499e-01,3.867304e-02,6.454653e-02
800,layers.1.qkv_lut.log_select_temp,6.346643e-01,1.893842e-02,2.984006e-02
800,layers.1.v_lut.weights,1.742826e+01,1.162095e+01,6.667878e-01
800,layers.1.v_lut.log_soft_score_temp,7.666134e-01,3.106803e-02,4.052633e-02
800,layers.1.v_lut.log_select_temp,7.744590e-01,3.651613e-02,4.715050e-02
800,layers.1.out_proj.weights,2.857765e+01,2.002590e+01,7.007537e-01
800,layers.1.out_proj.log_soft_score_temp,7.437665e-01,2.043045e-02,2.746890e-02
800,layers.1.out_proj.log_select_temp,7.614193e-01,3.158569e-02,4.148265e-02
800,layers.1.residual_lut.weights,2.514933e+01,1.684267e+01,6.697064e-01
800,layers.1.residual_lut.log_soft_score_temp,7.302649e-01,1.272064e-02,1.741922e-02
800,layers.1.residual_lut.log_select_temp,7.626458e-01,3.068423e-02,4.023392e-02
800,layers.1.q_norm.weight,8.216167e+00,1.210562e-01,1.473390e-02
800,layers.1.q_norm.bias,2.297351e-01,8.657097e-02,3.768296e-01
800,layers.1.k_norm.weight,8.206796e+00,1.173780e-01,1.430253e-02
800,layers.1.k_norm.bias,3.394925e-01,1.361293e-01,4.009788e-01
800,layers.1.ln_pre.weight,7.981380e+00,2.665696e-02,3.339894e-03
800,layers.1.ln_pre.bias,2.461254e-02,1.145519e-02,4.654210e-01
800,layers.1.ln_post.weight,8.024564e+00,2.651616e-02,3.304374e-03
800,layers.1.ln_post.bias,2.102495e-02,1.349212e-02,6.417197e-01
800,layers.2.qkv_lut.weights,2.562370e+01,1.824268e+01,7.119458e-01
800,layers.2.qkv_lut.log_soft_score_temp,6.177987e-01,3.259027e-02,5.275224e-02
800,layers.2.qkv_lut.log_select_temp,6.847329e-01,1.171708e-03,1.711190e-03
800,layers.2.v_lut.weights,1.676229e+01,1.141940e+01,6.812554e-01
800,layers.2.v_lut.log_soft_score_temp,7.603609e-01,3.542644e-02,4.659161e-02
800,layers.2.v_lut.log_select_temp,7.645788e-01,3.827423e-02,5.005923e-02
800,layers.2.out_proj.weights,2.861784e+01,2.063088e+01,7.209096e-01
800,layers.2.out_proj.log_soft_score_temp,6.813201e-01,4.215240e-03,6.186872e-03
800,layers.2.out_proj.log_select_temp,7.044931e-01,9.685040e-03,1.374753e-02
800,layers.2.residual_lut.weights,2.464208e+01,1.679455e+01,6.815394e-01
800,layers.2.residual_lut.log_soft_score_temp,6.868222e-01,5.572975e-03,8.114145e-03
800,layers.2.residual_lut.log_select_temp,7.438903e-01,2.425617e-02,3.260718e-02
800,layers.2.q_norm.weight,8.150549e+00,8.769301e-02,1.075915e-02
800,layers.2.q_norm.bias,1.176660e-01,4.927208e-02,4.187452e-01
800,layers.2.k_norm.weight,8.131703e+00,8.792596e-02,1.081274e-02
800,layers.2.k_norm.bias,1.960468e-01,8.364500e-02,4.266584e-01
800,layers.2.ln_pre.weight,7.992269e+00,2.639159e-02,3.302140e-03
800,layers.2.ln_pre.bias,2.026509e-02,1.382818e-02,6.823646e-01
800,layers.2.ln_post.weight,7.997332e+00,2.464657e-02,3.081849e-03
800,layers.2.ln_post.bias,1.939127e-02,1.117335e-02,5.762051e-01
800,layers.3.qkv_lut.weights,2.570016e+01,1.837008e+01,7.147844e-01
800,layers.3.qkv_lut.log_soft_score_temp,6.176072e-01,3.303611e-02,5.349049e-02
800,layers.3.qkv_lut.log_select_temp,6.699441e-01,6.046057e-03,9.024718e-03
800,layers.3.v_lut.weights,1.689646e+01,1.153242e+01,6.825346e-01
800,layers.3.v_lut.log_soft_score_temp,7.582875e-01,3.457958e-02,4.560219e-02
800,layers.3.v_lut.log_select_temp,7.617674e-01,3.688580e-02,4.842134e-02
800,layers.3.out_proj.weights,2.915430e+01,2.086470e+01,7.156648e-01
800,layers.3.out_proj.log_soft_score_temp,6.918959e-01,5.664825e-04,8.187396e-04
800,layers.3.out_proj.log_select_temp,7.087767e-01,1.082242e-02,1.526915e-02
800,layers.3.residual_lut.weights,2.440222e+01,1.680424e+01,6.886359e-01
800,layers.3.residual_lut.log_soft_score_temp,6.609152e-01,1.499009e-02,2.268081e-02
800,layers.3.residual_lut.log_select_temp,7.231072e-01,1.573306e-02,2.175758e-02
800,layers.3.q_norm.weight,8.099491e+00,7.837456e-02,9.676479e-03
800,layers.3.q_norm.bias,1.259570e-01,5.263433e-02,4.178753e-01
800,layers.3.k_norm.weight,8.092467e+00,7.460091e-02,9.218562e-03
800,layers.3.k_norm.bias,2.427568e-01,1.057340e-01,4.355552e-01
800,layers.3.ln_pre.weight,7.991724e+00,3.149338e-02,3.940750e-03
800,layers.3.ln_pre.bias,1.933368e-02,1.160455e-02,6.002244e-01
800,layers.3.ln_post.weight,7.984322e+00,2.531204e-02,3.170218e-03
800,layers.3.ln_post.bias,1.692855e-02,1.009798e-02,5.965058e-01
800,layers.4.qkv_lut.weights,2.607893e+01,1.877878e+01,7.200749e-01
800,layers.4.qkv_lut.log_soft_score_temp,6.422250e-01,2.439213e-02,3.798066e-02
800,layers.4.qkv_lut.log_select_temp,6.861841e-01,2.514124e-03,3.663920e-03
800,layers.4.v_lut.weights,1.676297e+01,1.144766e+01,6.829137e-01
800,layers.4.v_lut.log_soft_score_temp,7.341421e-01,2.021366e-02,2.753372e-02
800,layers.4.v_lut.log_select_temp,7.346623e-01,2.057493e-02,2.800597e-02
800,layers.4.out_proj.weights,3.026041e+01,2.180230e+01,7.204892e-01
800,layers.4.out_proj.log_soft_score_temp,6.601760e-01,1.841795e-02,2.789855e-02
800,layers.4.out_proj.log_select_temp,6.754888e-01,1.015377e-02,1.503174e-02
800,layers.4.residual_lut.weights,2.395745e+01,1.678086e+01,7.004441e-01
800,layers.4.residual_lut.log_soft_score_temp,6.271770e-01,2.895474e-02,4.616678e-02
800,layers.4.residual_lut.log_select_temp,6.801240e-01,2.859175e-03,4.203903e-03
800,layers.4.q_norm.weight,7.997089e+00,4.169670e-02,5.213985e-03
800,layers.4.q_norm.bias,6.070743e-02,2.819086e-02,4.643725e-01
800,layers.4.k_norm.weight,7.992879e+00,4.142049e-02,5.182174e-03
800,layers.4.k_norm.bias,9.838875e-02,4.174472e-02,4.242835e-01
800,layers.4.ln_pre.weight,7.995890e+00,2.001309e-02,2.502922e-03
800,layers.4.ln_pre.bias,1.778684e-02,9.720937e-03,5.465240e-01
800,layers.4.ln_post.weight,7.961419e+00,2.597744e-02,3.262916e-03
800,layers.4.ln_post.bias,1.566382e-02,9.911669e-03,6.327748e-01
800,layers.5.qkv_lut.weights,2.609322e+01,1.908657e+01,7.314761e-01
800,layers.5.qkv_lut.log_soft_score_temp,6.786526e-01,8.204281e-03,1.208907e-02
800,layers.5.qkv_lut.log_select_temp,6.936631e-01,1.072407e-03,1.546005e-03
800,layers.5.v_lut.weights,1.670796e+01,1.195618e+01,7.155975e-01
800,layers.5.v_lut.log_soft_score_temp,7.146581e-01,1.471931e-02,2.059629e-02
800,layers.5.v_lut.log_select_temp,7.136430e-01,1.435161e-02,2.011035e-02
800,layers.5.out_proj.weights,3.912486e+01,2.622174e+01,6.702066e-01
800,layers.5.out_proj.log_soft_score_temp,6.462021e-01,2.431452e-02,3.762681e-02
800,layers.5.out_proj.log_select_temp,6.525118e-01,2.013540e-02,3.085830e-02
800,layers.5.residual_lut.weights,2.391689e+01,1.697493e+01,7.097464e-01
800,layers.5.residual_lut.log_soft_score_temp,6.063843e-01,3.391963e-02,5.593752e-02
800,layers.5.residual_lut.log_select_temp,6.387815e-01,1.465249e-02,2.293819e-02
800,layers.5.q_norm.weight,8.023001e+00,3.162777e-02,3.942137e-03
800,layers.5.q_norm.bias,4.626686e-02,2.620408e-02,5.663682e-01
800,layers.5.k_norm.weight,8.023105e+00,2.766765e-02,3.448497e-03
800,layers.5.k_norm.bias,6.156924e-02,3.576316e-02,5.808609e-01
800,layers.5.ln_pre.weight,8.001154e+00,2.219307e-02,2.773734e-03
800,layers.5.ln_pre.bias,2.304443e-02,1.476359e-02,6.406576e-01
800,layers.5.ln_post.weight,7.936275e+00,3.155348e-02,3.975855e-03
800,layers.5.ln_post.bias,1.641400e-02,9.104890e-03,5.547028e-01
800,ln_final.weight,2.140671e+01,7.006661e-01,3.273115e-02
800,ln_final.bias,9.646363e-01,1.886874e-01,1.956047e-01
1000,tok_emb_E.weight,8.390398e+01,4.115081e+00,4.904512e-02
1000,unembedder.weight,1.489716e+02,3.107052e+01,2.085667e-01
1000,layers.0.qkv_lut.weights,3.428753e+01,1.912082e+01,5.576611e-01
1000,layers.0.qkv_lut.log_soft_score_temp,7.579765e-01,2.195370e-02,2.896356e-02
1000,layers.0.qkv_lut.log_select_temp,7.353132e-01,1.771283e-02,2.408882e-02
1000,layers.0.v_lut.weights,2.251406e+01,1.202168e+01,5.339632e-01
1000,layers.0.v_lut.log_soft_score_temp,8.311845e-01,4.637855e-02,5.579814e-02
1000,layers.0.v_lut.log_select_temp,8.237065e-01,4.455721e-02,5.409356e-02
1000,layers.0.out_proj.weights,3.805910e+01,2.168625e+01,5.698046e-01
1000,layers.0.out_proj.log_soft_score_temp,7.880726e-01,1.384932e-02,1.757366e-02
1000,layers.0.out_proj.log_select_temp,8.162733e-01,3.331769e-02,4.081682e-02
1000,layers.0.residual_lut.weights,3.320305e+01,1.856531e+01,5.591448e-01
1000,layers.0.residual_lut.log_soft_score_temp,7.322478e-01,4.171014e-03,5.696178e-03
1000,layers.0.residual_lut.log_select_temp,7.738276e-01,2.346784e-02,3.032696e-02
1000,layers.0.q_norm.weight,8.453822e+00,1.182774e-01,1.399100e-02
1000,layers.0.q_norm.bias,3.520682e-01,8.372359e-02,2.378050e-01
1000,layers.0.k_norm.weight,8.451972e+00,1.176834e-01,1.392378e-02
1000,layers.0.k_norm.bias,4.276850e-01,1.049256e-01,2.453339e-01
1000,layers.0.ln_pre.weight,8.087468e+00,3.240545e-02,4.006873e-03
1000,layers.0.ln_pre.bias,3.270101e-02,2.201186e-02,6.731248e-01
1000,layers.0.ln_post.weight,8.036119e+00,2.670700e-02,3.323371e-03
1000,layers.0.ln_post.bias,3.193654e-02,1.608842e-02,5.037621e-01
1000,layers.1.qkv_lut.weights,3.396641e+01,2.026579e+01,5.966420e-01
1000,layers.1.qkv_lut.log_soft_score_temp,5.562882e-01,4.286170e-02,7.704945e-02
1000,layers.1.qkv_lut.log_select_temp,6.171579e-01,1.750636e-02,2.836610e-02
1000,layers.1.v_lut.weights,2.301714e+01,1.304362e+01,5.666917e-01
1000,layers.1.v_lut.log_soft_score_temp,7.904588e-01,2.384537e-02,3.016650e-02
1000,layers.1.v_lut.log_select_temp,8.104373e-01,3.597826e-02,4.439364e-02
1000,layers.1.out_proj.weights,3.783776e+01,2.243625e+01,5.929593e-01
1000,layers.1.out_proj.log_soft_score_temp,7.484701e-01,4.703641e-03,6.284340e-03
1000,layers.1.out_proj.log_select_temp,7.929721e-01,3.155279e-02,3.979055e-02
1000,layers.1.residual_lut.weights,3.323381e+01,1.871245e+01,5.630546e-01
1000,layers.1.residual_lut.log_soft_score_temp,7.309446e-01,6.796718e-04,9.298540e-04
1000,layers.1.residual_lut.log_select_temp,7.948487e-01,3.220290e-02,4.051450e-02
1000,layers.1.q_norm.weight,8.278010e+00,9.185059e-02,1.109573e-02
1000,layers.1.q_norm.bias,2.984626e-01,6.970258e-02,2.335387e-01
1000,layers.1.k_norm.weight,8.265079e+00,8.941312e-02,1.081818e-02
1000,layers.1.k_norm.bias,4.615388e-01,1.248107e-01,2.704229e-01
1000,layers.1.ln_pre.weight,7.969825e+00,2.553256e-02,3.203654e-03
1000,layers.1.ln_pre.bias,3.169620e-02,1.332203e-02,4.203037e-01
1000,layers.1.ln_post.weight,8.025699e+00,2.794780e-02,3.482289e-03
1000,layers.1.ln_post.bias,2.473242e-02,1.045416e-02,4.226906e-01
1000,layers.2.qkv_lut.weights,3.398663e+01,2.063746e+01,6.072229e-01
1000,layers.2.qkv_lut.log_soft_score_temp,5.827752e-01,3.502351e-02,6.009780e-02
1000,layers.2.qkv_lut.log_select_temp,6.931844e-01,8.451581e-03,1.219240e-02
1000,layers.2.v_lut.weights,2.228724e+01,1.277760e+01,5.733147e-01
1000,layers.2.v_lut.log_soft_score_temp,8.000655e-01,3.970456e-02,4.962664e-02
1000,layers.2.v_lut.log_select_temp,8.095915e-01,4.501271e-02,5.559929e-02
1000,layers.2.out_proj.weights,3.780006e+01,2.309678e+01,6.110249e-01
1000,layers.2.out_proj.log_soft_score_temp,6.753490e-01,5.971134e-03,8.841553e-03
1000,layers.2.out_proj.log_select_temp,7.181607e-01,1.366758e-02,1.903137e-02
1000,layers.2.residual_lut.weights,3.257669e+01,1.870385e+01,5.741484e-01
1000,layers.2.residual_lut.log_soft_score_temp,6.659580e-01,2.086419e-02,3.132959e-02
1000,layers.2.residual_lut.log_select_temp,7.697614e-01,2.587110e-02,3.360924e-02
1000,layers.2.q_norm.weight,8.216429e+00,8.048727e-02,9.795894e-03
1000,layers.2.q_norm.bias,1.582271e-01,4.377547e-02,2.766623e-01
1000,layers.2.k_norm.weight,8.190906e+00,8.138252e-02,9.935717e-03
1000,layers.2.k_norm.bias,2.702492e-01,7.838072e-02,2.900313e-01
1000,layers.2.ln_pre.weight,7.989600e+00,2.963301e-02,3.708948e-03
1000,layers.2.ln_pre.bias,2.594757e-02,1.118325e-02,4.309941e-01
1000,layers.2.ln_post.weight,7.989678e+00,2.943349e-02,3.683939e-03
1000,layers.2.ln_post.bias,2.534590e-02,1.152058e-02,4.545343e-01
1000,layers.3.qkv_lut.weights,3.408058e+01,2.079906e+01,6.102908e-01
1000,layers.3.qkv_lut.log_soft_score_temp,5.790166e-01,3.859061e-02,6.664854e-02
1000,layers.3.qkv_lut.log_select_temp,6.686019e-01,1.342237e-03,2.007528e-03
1000,layers.3.v_lut.weights,2.244323e+01,1.293651e+01,5.764103e-01
1000,layers.3.v_lut.log_soft_score_temp,7.937433e-01,3.545576e-02,4.466905e-02
1000,layers.3.v_lut.log_select_temp,8.024689e-01,4.070145e-02,5.072028e-02
1000,layers.3.out_proj.weights,3.848412e+01,2.332557e+01,6.061088e-01
1000,layers.3.out_proj.log_soft_score_temp,6.943261e-01,2.430201e-03,3.500085e-03
1000,layers.3.out_proj.log_select_temp,7.252281e-01,1.645142e-02,2.268447e-02
1000,layers.3.residual_lut.weights,3.235473e+01,1.877486e+01,5.802819e-01
1000,layers.3.residual_lut.log_soft_score_temp,6.375013e-01,2.341390e-02,3.672761e-02
1000,layers.3.residual_lut.log_select_temp,7.442504e-01,2.114320e-02,2.840872e-02
1000,layers.3.q_norm.weight,8.152733e+00,7.534169e-02,9.241280e-03
1000,layers.3.q_norm.bias,1.777452e-01,5.394515e-02,3.034971e-01
1000,layers.3.k_norm.weight,8.141356e+00,7.149215e-02,8.781357e-03
1000,layers.3.k_norm.bias,3.530242e-01,1.141684e-01,3.234010e-01
1000,layers.3.ln_pre.weight,7.987487e+00,3.212825e-02,4.022322e-03
1000,layers.3.ln_pre.bias,2.617387e-02,1.390315e-02,5.311845e-01
1000,layers.3.ln_post.weight,7.975911e+00,2.868040e-02,3.595878e-03
1000,layers.3.ln_post.bias,2.620943e-02,1.301171e-02,4.964515e-01
1000,layers.4.qkv_lut.weights,3.451774e+01,2.113398e+01,6.122644e-01
1000,layers.4.qkv_lut.log_soft_score_temp,6.156545e-01,2.657050e-02,4.315813e-02
1000,layers.4.qkv_lut.log_select_temp,6.852529e-01,9.312034e-04,1.358919e-03
1000,layers.4.v_lut.weights,2.221763e+01,1.281911e+01,5.769793e-01
1000,layers.4.v_lut.log_soft_score_temp,7.578964e-01,2.375436e-02,3.134249e-02
1000,layers.4.v_lut.log_select_temp,7.589780e-01,2.431571e-02,3.203744e-02
1000,layers.4.out_proj.weights,3.959995e+01,2.422494e+01,6.117415e-01
1000,layers.4.out_proj.log_soft_score_temp,6.370513e-01,2.312469e-02,3.629958e-02
1000,layers.4.out_proj.log_select_temp,6.640288e-01,1.145995e-02,1.725821e-02
1000,layers.4.residual_lut.weights,3.164613e+01,1.879534e+01,5.939223e-01
1000,layers.4.residual_lut.log_soft_score_temp,5.913603e-01,3.581673e-02,6.056668e-02
1000,layers.4.residual_lut.log_select_temp,6.799708e-01,1.531839e-04,2.252802e-04
1000,layers.4.q_norm.weight,8.004167e+00,3.711949e-02,4.637521e-03
1000,layers.4.q_norm.bias,8.642474e-02,2.951042e-02,3.414580e-01
1000,layers.4.k_norm.weight,7.998721e+00,3.841446e-02,4.802575e-03
1000,layers.4.k_norm.bias,1.316647e-01,3.722518e-02,2.827271e-01
1000,layers.4.ln_pre.weight,7.994171e+00,2.255311e-02,2.821195e-03
1000,layers.4.ln_pre.bias,2.486086e-02,1.274108e-02,5.124954e-01
1000,layers.4.ln_post.weight,7.941123e+00,3.226083e-02,4.062503e-03
1000,layers.4.ln_post.bias,2.477541e-02,1.351593e-02,5.455379e-01
1000,layers.5.qkv_lut.weights,3.451077e+01,2.146401e+01,6.219510e-01
1000,layers.5.qkv_lut.log_soft_score_temp,6.707533e-01,7.899344e-03,1.177682e-02
1000,layers.5.qkv_lut.log_select_temp,6.943263e-01,6.632209e-04,9.552006e-04
1000,layers.5.v_lut.weights,2.228041e+01,1.366813e+01,6.134596e-01
1000,layers.5.v_lut.log_soft_score_temp,7.362202e-01,2.156210e-02,2.928757e-02
1000,layers.5.v_lut.log_select_temp,7.342527e-01,2.060974e-02,2.806900e-02
1000,layers.5.out_proj.weights,4.927855e+01,2.846912e+01,5.777183e-01
1000,layers.5.out_proj.log_soft_score_temp,6.201252e-01,2.607691e-02,4.205104e-02
1000,layers.5.out_proj.log_select_temp,6.337643e-01,1.874751e-02,2.958120e-02
1000,layers.5.residual_lut.weights,3.152685e+01,1.906129e+01,6.046051e-01
1000,layers.5.residual_lut.log_soft_score_temp,5.714989e-01,3.488541e-02,6.104195e-02
1000,layers.5.residual_lut.log_select_temp,6.325089e-01,6.272674e-03,9.917131e-03
1000,layers.5.q_norm.weight,8.034087e+00,2.992344e-02,3.724560e-03
1000,layers.5.q_norm.bias,5.950686e-02,2.303802e-02,3.871490e-01
1000,layers.5.k_norm.weight,8.034254e+00,3.057529e-02,3.805617e-03
1000,layers.5.k_norm.bias,8.002363e-02,2.934014e-02,3.666435e-01
1000,layers.5.ln_pre.weight,8.002578e+00,3.006374e-02,3.756758e-03
1000,layers.5.ln_pre.bias,2.976199e-02,1.666220e-02,5.598482e-01
1000,layers.5.ln_post.weight,7.913733e+00,3.240644e-02,4.094963e-03
1000,layers.5.ln_post.bias,2.245308e-02,9.884884e-03,4.402462e-01
1000,ln_final.weight,2.215507e+01,7.518398e-01,3.393533e-02
1000,ln_final.bias,1.072462e+00,1.242023e-01,1.158104e-01
1200,tok_emb_E.weight,8.404252e+01,4.015115e+00,4.777481e-02
1200,unembedder.weight,1.597744e+02,2.782089e+01,1.741260e-01
1200,layers.0.qkv_lut.weights,4.098404e+01,1.897262e+01,4.629271e-01
1200,layers.0.qkv_lut.log_soft_score_temp,7.780051e-01,2.002853e-02,2.574345e-02
1200,layers.0.qkv_lut.log_select_temp,7.547455e-01,1.943231e-02,2.574683e-02
1200,layers.0.v_lut.weights,2.684827e+01,1.197213e+01,4.459180e-01
1200,layers.0.v_lut.log_soft_score_temp,8.722348e-01,4.105026e-02,4.706331e-02
1200,layers.0.v_lut.log_select_temp,8.643571e-01,4.065055e-02,4.702981e-02
1200,layers.0.out_proj.weights,4.525404e+01,2.131343e+01,4.709730e-01
1200,layers.0.out_proj.log_soft_score_temp,7.765483e-01,1.152438e-02,1.484052e-02
1200,layers.0.out_proj.log_select_temp,8.393154e-01,2.304202e-02,2.745336e-02
1200,layers.0.residual_lut.weights,3.956291e+01,1.821141e+01,4.603154e-01
1200,layers.0.residual_lut.log_soft_score_temp,7.336535e-01,1.405716e-03,1.916049e-03
1200,layers.0.residual_lut.log_select_temp,7.967096e-01,2.288198e-02,2.872061e-02
1200,layers.0.q_norm.weight,8.520664e+00,8.180099e-02,9.600307e-03
1200,layers.0.q_norm.bias,4.143364e-01,6.351785e-02,1.533002e-01
1200,layers.0.k_norm.weight,8.518023e+00,8.250126e-02,9.685494e-03
1200,layers.0.k_norm.bias,5.057537e-01,8.152753e-02,1.612001e-01
1200,layers.0.ln_pre.weight,8.108101e+00,3.082375e-02,3.801600e-03
1200,layers.0.ln_pre.bias,3.466520e-02,2.123759e-02,6.126488e-01
1200,layers.0.ln_post.weight,8.037609e+00,2.350156e-02,2.923949e-03
1200,layers.0.ln_post.bias,3.991640e-02,1.570408e-02,3.934243e-01
1200,layers.1.qkv_lut.weights,4.056348e+01,2.012185e+01,4.960583e-01
1200,layers.1.qkv_lut.log_soft_score_temp,5.216170e-01,3.467119e-02,6.646867e-02
1200,layers.1.qkv_lut.log_select_temp,6.118466e-01,5.311310e-03,8.680787e-03
1200,layers.1.v_lut.weights,2.740213e+01,1.289341e+01,4.705260e-01
1200,layers.1.v_lut.log_soft_score_temp,8.002741e-01,9.815276e-03,1.226489e-02
1200,layers.1.v_lut.log_select_temp,8.383572e-01,2.791995e-02,3.330316e-02
1200,layers.1.out_proj.weights,4.509094e+01,2.207557e+01,4.895787e-01
1200,layers.1.out_proj.log_soft_score_temp,7.259393e-01,2.253079e-02,3.103675e-02
1200,layers.1.out_proj.log_select_temp,8.151674e-01,2.219528e-02,2.722788e-02
1200,layers.1.residual_lut.weights,3.956631e+01,1.832384e+01,4.631172e-01
1200,layers.1.residual_lut.log_soft_score_temp,7.174891e-01,1.345545e-02,1.875353e-02
1200,layers.1.residual_lut.log_select_temp,8.211033e-01,2.625459e-02,3.197478e-02
1200,layers.1.q_norm.weight,8.325789e+00,6.629575e-02,7.962698e-03
1200,layers.1.q_norm.bias,3.488126e-01,5.157711e-02,1.478648e-01
1200,layers.1.k_norm.weight,8.310113e+00,6.448421e-02,7.759727e-03
1200,layers.1.k_norm.bias,5.575635e-01,9.947007e-02,1.784013e-01
1200,layers.1.ln_pre.weight,7.959036e+00,2.603574e-02,3.271218e-03
1200,layers.1.ln_pre.bias,3.548018e-02,1.060484e-02,2.988946e-01
1200,layers.1.ln_post.weight,8.020900e+00,2.902799e-02,3.619044e-03
1200,layers.1.ln_post.bias,2.831070e-02,1.350886e-02,4.771644e-01
1200,layers.2.qkv_lut.weights,4.058950e+01,2.043521e+01,5.034605e-01
1200,layers.2.qkv_lut.log_soft_score_temp,5.520030e-01,3.077227e-02,5.574656e-02
1200,layers.2.qkv_lut.log_select_temp,7.031289e-01,9.944439e-03,1.414312e-02
1200,layers.2.v_lut.weights,2.669089e+01,1.259577e+01,4.719129e-01
1200,layers.2.v_lut.log_soft_score_temp,8.289238e-01,2.885830e-02,3.481418e-02
1200,layers.2.v_lut.log_select_temp,8.483862e-01,3.879470e-02,4.572764e-02
1200,layers.2.out_proj.weights,4.510574e+01,2.279412e+01,5.053484e-01
1200,layers.2.out_proj.log_soft_score_temp,6.684759e-01,6.873131e-03,1.028179e-02
1200,layers.2.out_proj.log_select_temp,7.369718e-01,1.881111e-02,2.552487e-02
1200,layers.2.residual_lut.weights,3.886619e+01,1.838705e+01,4.730859e-01
1200,layers.2.residual_lut.log_soft_score_temp,6.394983e-01,2.645969e-02,4.137571e-02
1200,layers.2.residual_lut.log_select_temp,7.943090e-01,2.454752e-02,3.090424e-02
1200,layers.2.q_norm.weight,8.285458e+00,7.768203e-02,9.375707e-03
1200,layers.2.q_norm.bias,1.959421e-01,4.100062e-02,2.092487e-01
1200,layers.2.k_norm.weight,8.253954e+00,7.757719e-02,9.398791e-03
1200,layers.2.k_norm.bias,3.401421e-01,7.516802e-02,2.209901e-01
1200,layers.2.ln_pre.weight,7.986177e+00,2.414860e-02,3.023799e-03
1200,layers.2.ln_pre.bias,2.918603e-02,1.012792e-02,3.470125e-01
1200,layers.2.ln_post.weight,7.980210e+00,2.848529e-02,3.569491e-03
1200,layers.2.ln_post.bias,3.054389e-02,1.137371e-02,3.723726e-01
1200,layers.3.qkv_lut.weights,4.070393e+01,2.064681e+01,5.072438e-01
1200,layers.3.qkv_lut.log_soft_score_temp,5.416389e-01,3.737772e-02,6.900855e-02
1200,layers.3.qkv_lut.log_select_temp,6.716468e-01,3.044903e-03,4.533489e-03
1200,layers.3.v_lut.weights,2.687595e+01,1.275281e+01,4.745063e-01
1200,layers.3.v_lut.log_soft_score_temp,8.258454e-01,3.210211e-02,3.887181e-02
1200,layers.3.v_lut.log_select_temp,8.424519e-01,3.998303e-02,4.746032e-02
1200,layers.3.out_proj.weights,4.588721e+01,2.291067e+01,4.992822e-01
1200,layers.3.out_proj.log_soft_score_temp,6.943310e-01,4.947186e-06,7.125111e-06
1200,layers.3.out_proj.log_select_temp,7.447231e-01,1.949495e-02,2.617745e-02
1200,layers.3.residual_lut.weights,3.865721e+01,1.846414e+01,4.776377e-01
1200,layers.3.residual_lut.log_soft_score_temp,6.130145e-01,2.448678e-02,3.994486e-02
1200,layers.3.residual_lut.log_select_temp,7.619166e-01,1.766622e-02,2.318656e-02
1200,layers.3.q_norm.weight,8.200745e+00,6.599721e-02,8.047709e-03
1200,layers.3.q_norm.bias,2.234431e-01,4.751275e-02,2.126392e-01
1200,layers.3.k_norm.weight,8.185390e+00,6.016384e-02,7.350150e-03
1200,layers.3.k_norm.bias,4.416031e-01,9.189790e-02,2.081007e-01
1200,layers.3.ln_pre.weight,7.983072e+00,3.312510e-02,4.149417e-03
1200,layers.3.ln_pre.bias,3.146763e-02,1.244672e-02,3.955403e-01
1200,layers.3.ln_post.weight,7.966292e+00,3.009503e-02,3.777796e-03
1200,layers.3.ln_post.bias,3.212592e-02,1.131664e-02,3.522589e-01
1200,layers.4.qkv_lut.weights,4.118587e+01,2.093885e+01,5.083989e-01
1200,layers.4.qkv_lut.log_soft_score_temp,5.885934e-01,2.706116e-02,4.597599e-02
1200,layers.4.qkv_lut.log_select_temp,6.848819e-01,3.709793e-04,5.416690e-04
1200,layers.4.v_lut.weights,2.657372e+01,1.261651e+01,4.747737e-01
1200,layers.4.v_lut.log_soft_score_temp,7.778779e-01,1.998150e-02,2.568720e-02
1200,layers.4.v_lut.log_select_temp,7.806991e-01,2.172107e-02,2.782258e-02
1200,layers.4.out_proj.weights,4.676683e+01,2.346193e+01,5.016789e-01
1200,layers.4.out_proj.log_soft_score_temp,6.128827e-01,2.416861e-02,3.943431e-02
1200,layers.4.out_proj.log_select_temp,6.529338e-01,1.109505e-02,1.699261e-02
1200,layers.4.residual_lut.weights,3.775007e+01,1.853641e+01,4.910298e-01
1200,layers.4.residual_lut.log_soft_score_temp,5.585816e-01,3.277868e-02,5.868199e-02
1200,layers.4.residual_lut.log_select_temp,6.845409e-01,4.570127e-03,6.676192e-03
1200,layers.4.q_norm.weight,8.009700e+00,3.424392e-02,4.275307e-03
1200,layers.4.q_norm.bias,1.085241e-01,2.879863e-02,2.653663e-01
1200,layers.4.k_norm.weight,8.001507e+00,3.942888e-02,4.927682e-03
1200,layers.4.k_norm.bias,1.610562e-01,3.783433e-02,2.349139e-01
1200,layers.4.ln_pre.weight,7.991755e+00,2.357967e-02,2.950499e-03
1200,layers.4.ln_pre.bias,2.673822e-02,1.095459e-02,4.096979e-01
1200,layers.4.ln_post.weight,7.921655e+00,2.975624e-02,3.756317e-03
1200,layers.4.ln_post.bias,3.163977e-02,1.206695e-02,3.813855e-01
1200,layers.5.qkv_lut.weights,4.117546e+01,2.135831e+01,5.187146e-01
1200,layers.5.qkv_lut.log_soft_score_temp,6.605778e-01,1.017547e-02,1.540389e-02
1200,layers.5.qkv_lut.log_select_temp,6.945525e-01,2.261996e-04,3.256768e-04
1200,layers.5.v_lut.weights,2.669894e+01,1.338706e+01,5.014080e-01
1200,layers.5.v_lut.log_soft_score_temp,7.538216e-01,1.760137e-02,2.334952e-02
1200,layers.5.v_lut.log_select_temp,7.522857e-01,1.803297e-02,2.397090e-02
1200,layers.5.out_proj.weights,5.638329e+01,2.559936e+01,4.540238e-01
1200,layers.5.out_proj.log_soft_score_temp,5.962967e-01,2.382857e-02,3.996092e-02
1200,layers.5.out_proj.log_select_temp,6.185914e-01,1.517284e-02,2.452805e-02
1200,layers.5.residual_lut.weights,3.760040e+01,1.884454e+01,5.011792e-01
1200,layers.5.residual_lut.log_soft_score_temp,5.421472e-01,2.935165e-02,5.413963e-02
1200,layers.5.residual_lut.log_select_temp,6.352235e-01,2.714634e-03,4.273510e-03
1200,layers.5.q_norm.weight,8.052511e+00,3.555514e-02,4.415410e-03
1200,layers.5.q_norm.bias,7.439543e-02,2.698061e-02,3.626650e-01
1200,layers.5.k_norm.weight,8.052557e+00,3.438531e-02,4.270111e-03
1200,layers.5.k_norm.bias,9.493853e-02,2.816835e-02,2.967009e-01
1200,layers.5.ln_pre.weight,8.003368e+00,2.426058e-02,3.031296e-03
1200,layers.5.ln_pre.bias,2.981241e-02,1.234640e-02,4.141361e-01
1200,layers.5.ln_post.weight,7.895302e+00,3.269646e-02,4.141254e-03
1200,layers.5.ln_post.bias,2.830683e-02,8.889752e-03,3.140497e-01
1200,ln_final.weight,2.288734e+01,7.357780e-01,3.214782e-02
1200,ln_final.bias,1.137680e+00,9.357798e-02,8.225334e-02
1400,tok_emb_E.weight,8.417878e+01,3.946760e+00,4.688545e-02
1400,unembedder.weight,1.680650e+02,2.464416e+01,1.466347e-01
1400,layers.0.qkv_lut.weights,4.664315e+01,1.884808e+01,4.040910e-01
1400,layers.0.qkv_lut.log_soft_score_temp,7.979109e-01,1.990587e-02,2.494748e-02
1400,layers.0.qkv_lut.log_select_temp,7.756138e-01,2.086830e-02,2.690553e-02
1400,layers.0.v_lut.weights,3.053317e+01,1.193509e+01,3.908893e-01
1400,layers.0.v_lut.log_soft_score_temp,9.110348e-01,3.880006e-02,4.258900e-02
1400,layers.0.v_lut.log_select_temp,9.053642e-01,4.100710e-02,4.529349e-02
1400,layers.0.out_proj.weights,5.129448e+01,2.103284e+01,4.100409e-01
1400,layers.0.out_proj.log_soft_score_temp,7.483554e-01,2.819288e-02,3.767311e-02
1400,layers.0.out_proj.log_select_temp,8.489550e-01,9.639621e-03,1.135469e-02
1400,layers.0.residual_lut.weights,4.495094e+01,1.789244e+01,3.980438e-01
1400,layers.0.residual_lut.log_soft_score_temp,7.328733e-01,7.802248e-04,1.064611e-03
1400,layers.0.residual_lut.log_select_temp,8.200213e-01,2.331167e-02,2.842813e-02
1400,layers.0.q_norm.weight,8.575352e+00,6.754404e-02,7.876533e-03
1400,layers.0.q_norm.bias,4.626348e-01,4.971581e-02,1.074623e-01
1400,layers.0.k_norm.weight,8.572760e+00,6.719411e-02,7.838096e-03
1400,layers.0.k_norm.bias,5.642549e-01,6.217872e-02,1.101962e-01
1400,layers.0.ln_pre.weight,8.124234e+00,2.610497e-02,3.213222e-03
1400,layers.0.ln_pre.bias,3.768805e-02,1.697529e-02,4.504155e-01
1400,layers.0.ln_post.weight,8.037997e+00,2.731020e-02,3.397637e-03
1400,layers.0.ln_post.bias,4.215789e-02,1.393887e-02,3.306350e-01
1400,layers.1.qkv_lut.weights,4.612441e+01,1.996700e+01,4.328945e-01
1400,layers.1.qkv_lut.log_soft_score_temp,4.907544e-01,3.086257e-02,6.288801e-02
1400,layers.1.qkv_lut.log_select_temp,6.106600e-01,1.186609e-03,1.943159e-03
1400,layers.1.v_lut.weights,3.109128e+01,1.282199e+01,4.123984e-01
1400,layers.1.v_lut.log_soft_score_temp,7.972391e-01,3.035009e-03,3.806899e-03
1400,layers.1.v_lut.log_select_temp,8.632872e-01,2.493000e-02,2.887799e-02
1400,layers.1.out_proj.weights,5.122257e+01,2.180732e+01,4.257365e-01
1400,layers.1.out_proj.log_soft_score_temp,6.905435e-01,3.539580e-02,5.125789e-02
1400,layers.1.out_proj.log_select_temp,8.284397e-01,1.327235e-02,1.602089e-02
1400,layers.1.residual_lut.weights,4.490872e+01,1.803093e+01,4.015018e-01
1400,layers.1.residual_lut.log_soft_score_temp,6.984016e-01,1.908755e-02,2.733034e-02
1400,layers.1.residual_lut.log_select_temp,8.437172e-01,2.261394e-02,2.680275e-02
1400,layers.1.q_norm.weight,8.358747e+00,4.591395e-02,5.492923e-03
1400,layers.1.q_norm.bias,3.860083e-01,3.932238e-02,1.018693e-01
1400,layers.1.k_norm.weight,8.340407e+00,4.491117e-02,5.384770e-03
1400,layers.1.k_norm.bias,6.346144e-01,8.166074e-02,1.286777e-01
1400,layers.1.ln_pre.weight,7.948071e+00,2.548563e-02,3.206518e-03
1400,layers.1.ln_pre.bias,3.872088e-02,1.215325e-02,3.138681e-01
1400,layers.1.ln_post.weight,8.014940e+00,2.386846e-02,2.977996e-03
1400,layers.1.ln_post.bias,3.176220e-02,1.424192e-02,4.483920e-01
1400,layers.2.qkv_lut.weights,4.618974e+01,2.030676e+01,4.396378e-01
1400,layers.2.qkv_lut.log_soft_score_temp,5.216461e-01,3.035682e-02,5.819429e-02
1400,layers.2.qkv_lut.log_select_temp,7.162407e-01,1.311183e-02,1.830646e-02
1400,layers.2.v_lut.weights,3.045377e+01,1.252541e+01,4.112927e-01
1400,layers.2.v_lut.log_soft_score_temp,8.498154e-01,2.089161e-02,2.458370e-02
1400,layers.2.v_lut.log_select_temp,8.849688e-01,3.658259e-02,4.133772e-02
1400,layers.2.out_proj.weights,5.133444e+01,2.251395e+01,4.385740e-01
1400,layers.2.out_proj.log_soft_score_temp,6.601053e-01,8.370578e-03,1.268067e-02
1400,layers.2.out_proj.log_select_temp,7.577053e-01,2.073354e-02,2.736359e-02
1400,layers.2.residual_lut.weights,4.417213e+01,1.811825e+01,4.101738e-01
1400,layers.2.residual_lut.log_soft_score_temp,6.108726e-01,2.862567e-02,4.686029e-02
1400,layers.2.residual_lut.log_select_temp,8.167188e-01,2.240980e-02,2.743882e-02
1400,layers.2.q_norm.weight,8.344309e+00,6.655430e-02,7.976011e-03
1400,layers.2.q_norm.bias,2.287380e-01,3.643717e-02,1.592965e-01
1400,layers.2.k_norm.weight,8.306939e+00,6.768699e-02,8.148247e-03
1400,layers.2.k_norm.bias,3.904598e-01,5.749236e-02,1.472427e-01
1400,layers.2.ln_pre.weight,7.982211e+00,2.211508e-02,2.770546e-03
1400,layers.2.ln_pre.bias,3.499574e-02,1.128141e-02,3.223653e-01
1400,layers.2.ln_post.weight,7.968654e+00,2.879677e-02,3.613756e-03
1400,layers.2.ln_post.bias,3.748531e-02,1.370574e-02,3.656296e-01
1400,layers.3.qkv_lut.weights,4.632153e+01,2.050605e+01,4.426894e-01
1400,layers.3.qkv_lut.log_soft_score_temp,5.048948e-01,3.674412e-02,7.277579e-02
1400,layers.3.qkv_lut.log_select_temp,6.816314e-01,9.984672e-03,1.464820e-02
1400,layers.3.v_lut.weights,3.066348e+01,1.267234e+01,4.132715e-01
1400,layers.3.v_lut.log_soft_score_temp,8.540034e-01,2.815801e-02,3.297178e-02
1400,layers.3.v_lut.log_select_temp,8.844128e-01,4.196090e-02,4.744492e-02
1400,layers.3.out_proj.weights,5.223648e+01,2.265402e+01,4.336819e-01
1400,layers.3.out_proj.log_soft_score_temp,6.928610e-01,1.470089e-03,2.121766e-03
1400,layers.3.out_proj.log_select_temp,7.664457e-01,2.172261e-02,2.834201e-02
1400,layers.3.residual_lut.weights,4.396342e+01,1.818129e+01,4.135549e-01
1400,layers.3.residual_lut.log_soft_score_temp,5.835972e-01,2.941734e-02,5.040692e-02
1400,layers.3.residual_lut.log_select_temp,7.786380e-01,1.672143e-02,2.147523e-02
1400,layers.3.q_norm.weight,8.233926e+00,4.531252e-02,5.503149e-03
1400,layers.3.q_norm.bias,2.547694e-01,3.446987e-02,1.352983e-01
1400,layers.3.k_norm.weight,8.215110e+00,4.582999e-02,5.578743e-03
1400,layers.3.k_norm.bias,5.058004e-01,7.040139e-02,1.391881e-01
1400,layers.3.ln_pre.weight,7.977154e+00,2.798463e-02,3.508097e-03
1400,layers.3.ln_pre.bias,3.422724e-02,1.237304e-02,3.614968e-01
1400,layers.3.ln_post.weight,7.953985e+00,2.986371e-02,3.754559e-03
1400,layers.3.ln_post.bias,3.743277e-02,1.232295e-02,3.292022e-01
1400,layers.4.qkv_lut.weights,4.684492e+01,2.070393e+01,4.419675e-01
1400,layers.4.qkv_lut.log_soft_score_temp,5.633240e-01,2.526933e-02,4.485754e-02
1400,layers.4.qkv_lut.log_select_temp,6.873274e-01,2.445519e-03,3.558012e-03
1400,layers.4.v_lut.weights,3.025121e+01,1.248548e+01,4.127265e-01
1400,layers.4.v_lut.log_soft_score_temp,7.988468e-01,2.096885e-02,2.624891e-02
1400,layers.4.v_lut.log_select_temp,8.037636e-01,2.306449e-02,2.869562e-02
1400,layers.4.out_proj.weights,5.277555e+01,2.312045e+01,4.380901e-01
1400,layers.4.out_proj.log_soft_score_temp,5.895770e-01,2.330571e-02,3.952955e-02
1400,layers.4.out_proj.log_select_temp,6.435876e-01,9.346128e-03,1.452192e-02
1400,layers.4.residual_lut.weights,4.290025e+01,1.829078e+01,4.263560e-01
1400,layers.4.residual_lut.log_soft_score_temp,5.263923e-01,3.218925e-02,6.115068e-02
1400,layers.4.residual_lut.log_select_temp,6.910291e-01,6.488204e-03,9.389190e-03
1400,layers.4.q_norm.weight,8.019448e+00,3.122416e-02,3.893554e-03
1400,layers.4.q_norm.bias,1.260084e-01,2.435225e-02,1.932589e-01
1400,layers.4.k_norm.weight,8.008520e+00,3.618136e-02,4.517858e-03
1400,layers.4.k_norm.bias,1.808189e-01,2.889356e-02,1.597928e-01
1400,layers.4.ln_pre.weight,7.989862e+00,2.369993e-02,2.966250e-03
1400,layers.4.ln_pre.bias,3.069811e-02,1.244696e-02,4.054634e-01
1400,layers.4.ln_post.weight,7.902874e+00,2.951587e-02,3.734828e-03
1400,layers.4.ln_post.bias,3.875757e-02,1.284440e-02,3.314036e-01
1400,layers.5.qkv_lut.weights,4.683338e+01,2.113594e+01,4.513008e-01
1400,layers.5.qkv_lut.log_soft_score_temp,6.488146e-01,1.176327e-02,1.813041e-02
1400,layers.5.qkv_lut.log_select_temp,6.938114e-01,7.410645e-04,1.068107e-03
1400,layers.5.v_lut.weights,3.045083e+01,1.324369e+01,4.349205e-01
1400,layers.5.v_lut.log_soft_score_temp,7.744784e-01,2.065682e-02,2.667192e-02
1400,layers.5.v_lut.log_select_temp,7.724910e-01,2.020532e-02,2.615606e-02
1400,layers.5.out_proj.weights,6.211279e+01,2.445917e+01,3.937864e-01
1400,layers.5.out_proj.log_soft_score_temp,5.841599e-01,1.213676e-02,2.077643e-02
1400,layers.5.out_proj.log_select_temp,6.146907e-01,3.900766e-03,6.345901e-03
1400,layers.5.residual_lut.weights,4.278896e+01,1.864923e+01,4.358422e-01
1400,layers.5.residual_lut.log_soft_score_temp,5.169916e-01,2.515566e-02,4.865778e-02
1400,layers.5.residual_lut.log_select_temp,6.434038e-01,8.180261e-03,1.271404e-02
1400,layers.5.q_norm.weight,8.073447e+00,3.801053e-02,4.708092e-03
1400,layers.5.q_norm.bias,8.681810e-02,2.666095e-02,3.070898e-01
1400,layers.5.k_norm.weight,8.073032e+00,3.566247e-02,4.417482e-03
1400,layers.5.k_norm.bias,1.120693e-01,3.211334e-02,2.865489e-01
1400,layers.5.ln_pre.weight,8.003409e+00,2.469443e-02,3.085489e-03
1400,layers.5.ln_pre.bias,3.463075e-02,1.268233e-02,3.662158e-01
1400,layers.5.ln_post.weight,7.879658e+00,2.701076e-02,3.427910e-03
1400,layers.5.ln_post.bias,3.420091e-02,1.163686e-02,3.402501e-01
1400,ln_final.weight,2.361239e+01,7.284297e-01,3.084947e-02
1400,ln_final.bias,1.178808e+00,8.000900e-02,6.787279e-02
1600,tok_emb_E.weight,8.431271e+01,3.880456e+00,4.602457e-02
1600,unembedder.weight,1.757639e+02,2.462861e+01,1.401232e-01
1600,layers.0.qkv_lut.weights,5.158482e+01,1.863388e+01,3.612279e-01
1600,layers.0.qkv_lut.log_soft_score_temp,8.188115e-01,2.090055e-02,2.552547e-02
1600,layers.0.qkv_lut.log_select_temp,7.994921e-01,2.387828e-02,2.986681e-02
1600,layers.0.v_lut.weights,3.375182e+01,1.179200e+01,3.493739e-01
1600,layers.0.v_lut.log_soft_score_temp,9.452828e-01,3.424799e-02,3.623042e-02
1600,layers.0.v_lut.log_select_temp,9.447237e-01,3.935957e-02,4.166252e-02
1600,layers.0.out_proj.weights,5.653106e+01,2.067297e+01,3.656922e-01
1600,layers.0.out_proj.log_soft_score_temp,7.105421e-01,3.781325e-02,5.321746e-02
1600,layers.0.out_proj.log_select_temp,8.533689e-01,4.413903e-03,5.172327e-03
1600,layers.0.residual_lut.weights,4.965452e+01,1.755171e+01,3.534766e-01
1600,layers.0.residual_lut.log_soft_score_temp,7.294616e-01,3.411770e-03,4.677107e-03
1600,layers.0.residual_lut.log_select_temp,8.457404e-01,2.571917e-02,3.041024e-02
1600,layers.0.q_norm.weight,8.633730e+00,6.932867e-02,8.029979e-03
1600,layers.0.q_norm.bias,5.105667e-01,4.970507e-02,9.735275e-02
1600,layers.0.k_norm.weight,8.629919e+00,6.791636e-02,7.869873e-03
1600,layers.0.k_norm.bias,6.191847e-01,5.897184e-02,9.524110e-02
1600,layers.0.ln_pre.weight,8.136365e+00,2.748627e-02,3.378200e-03
1600,layers.0.ln_pre.bias,3.786485e-02,1.872095e-02,4.944151e-01
1600,layers.0.ln_post.weight,8.037108e+00,2.422794e-02,3.014509e-03
1600,layers.0.ln_post.bias,4.650082e-02,1.506621e-02,3.239988e-01
1600,layers.1.qkv_lut.weights,5.099112e+01,1.974061e+01,3.871381e-01
1600,layers.1.qkv_lut.log_soft_score_temp,4.653148e-01,2.543959e-02,5.467178e-02
1600,layers.1.qkv_lut.log_select_temp,6.143962e-01,3.736198e-03,6.081089e-03
1600,layers.1.v_lut.weights,3.429940e+01,1.267121e+01,3.694296e-01
1600,layers.1.v_lut.log_soft_score_temp,7.901240e-01,7.115066e-03,9.004999e-03
1600,layers.1.v_lut.log_select_temp,8.858783e-01,2.259105e-02,2.550131e-02
1600,layers.1.out_proj.weights,5.655486e+01,2.145824e+01,3.794235e-01
1600,layers.1.out_proj.log_soft_score_temp,6.514339e-01,3.910965e-02,6.003625e-02
1600,layers.1.out_proj.log_select_temp,8.351654e-01,6.725729e-03,8.053169e-03
1600,layers.1.residual_lut.weights,4.952571e+01,1.769017e+01,3.571916e-01
1600,layers.1.residual_lut.log_soft_score_temp,6.731656e-01,2.523601e-02,3.748856e-02
1600,layers.1.residual_lut.log_select_temp,8.639935e-01,2.027631e-02,2.346813e-02
1600,layers.1.q_norm.weight,8.383603e+00,3.775637e-02,4.503597e-03
1600,layers.1.q_norm.bias,4.193525e-01,3.613212e-02,8.616169e-02
1600,layers.1.k_norm.weight,8.363669e+00,3.997859e-02,4.780030e-03
1600,layers.1.k_norm.bias,6.950203e-01,6.522271e-02,9.384289e-02
1600,layers.1.ln_pre.weight,7.939508e+00,2.236402e-02,2.816802e-03
1600,layers.1.ln_pre.bias,4.673852e-02,1.414551e-02,3.026522e-01
1600,layers.1.ln_post.weight,8.005652e+00,2.425962e-02,3.030311e-03
1600,layers.1.ln_post.bias,3.636325e-02,1.535570e-02,4.222862e-01
1600,layers.2.qkv_lut.weights,5.108409e+01,2.005632e+01,3.926139e-01
1600,layers.2.qkv_lut.log_soft_score_temp,4.929555e-01,2.869064e-02,5.820127e-02
1600,layers.2.qkv_lut.log_select_temp,7.322547e-01,1.601404e-02,2.186949e-02
1600,layers.2.v_lut.weights,3.373058e+01,1.231303e+01,3.650405e-01
1600,layers.2.v_lut.log_soft_score_temp,8.608639e-01,1.104856e-02,1.283426e-02
1600,layers.2.v_lut.log_select_temp,9.169796e-01,3.201079e-02,3.490895e-02
1600,layers.2.out_proj.weights,5.686191e+01,2.219422e+01,3.903180e-01
1600,layers.2.out_proj.log_soft_score_temp,6.475230e-01,1.258230e-02,1.943144e-02
1600,layers.2.out_proj.log_select_temp,7.767674e-01,1.906204e-02,2.454022e-02
1600,layers.2.residual_lut.weights,4.875704e+01,1.777198e+01,3.645008e-01
1600,layers.2.residual_lut.log_soft_score_temp,5.775055e-01,3.336710e-02,5.777797e-02
1600,layers.2.residual_lut.log_select_temp,8.335341e-01,1.681530e-02,2.017351e-02
1600,layers.2.q_norm.weight,8.397834e+00,5.884317e-02,7.006947e-03
1600,layers.2.q_norm.bias,2.586466e-01,3.270710e-02,1.264548e-01
1600,layers.2.k_norm.weight,8.355299e+00,5.981232e-02,7.158609e-03
1600,layers.2.k_norm.bias,4.375121e-01,5.326405e-02,1.217430e-01
1600,layers.2.ln_pre.weight,7.976096e+00,2.396256e-02,3.004296e-03
1600,layers.2.ln_pre.bias,3.865778e-02,1.077996e-02,2.788562e-01
1600,layers.2.ln_post.weight,7.954584e+00,2.718846e-02,3.417961e-03
1600,layers.2.ln_post.bias,4.424263e-02,1.415084e-02,3.198463e-01
1600,layers.3.qkv_lut.weights,5.121029e+01,2.024608e+01,3.953519e-01
1600,layers.3.qkv_lut.log_soft_score_temp,4.710309e-01,3.386387e-02,7.189310e-02
1600,layers.3.qkv_lut.log_select_temp,6.929221e-01,1.129067e-02,1.629428e-02
1600,layers.3.v_lut.weights,3.394617e+01,1.247340e+01,3.674464e-01
1600,layers.3.v_lut.log_soft_score_temp,8.729186e-01,1.891518e-02,2.166889e-02
1600,layers.3.v_lut.log_select_temp,9.230099e-01,3.859705e-02,4.181651e-02
1600,layers.3.out_proj.weights,5.783187e+01,2.227872e+01,3.852325e-01
1600,layers.3.out_proj.log_soft_score_temp,6.908956e-01,1.965344e-03,2.844632e-03
1600,layers.3.out_proj.log_select_temp,7.899202e-01,2.347451e-02,2.971758e-02
1600,layers.3.residual_lut.weights,4.861111e+01,1.790204e+01,3.682704e-01
1600,layers.3.residual_lut.log_soft_score_temp,5.538585e-01,2.973866e-02,5.369361e-02
1600,layers.3.residual_lut.log_select_temp,7.972685e-01,1.863045e-02,2.336784e-02
1600,layers.3.q_norm.weight,8.268445e+00,4.677431e-02,5.656966e-03
1600,layers.3.q_norm.bias,2.822002e-01,3.092213e-02,1.095752e-01
1600,layers.3.k_norm.weight,8.246886e+00,4.652568e-02,5.641606e-03
1600,layers.3.k_norm.bias,5.639126e-01,6.307101e-02,1.118454e-01
1600,layers.3.ln_pre.weight,7.971429e+00,2.810616e-02,3.525862e-03
1600,layers.3.ln_pre.bias,3.550451e-02,1.082008e-02,3.047523e-01
1600,layers.3.ln_post.weight,7.940547e+00,2.757488e-02,3.472667e-03
1600,layers.3.ln_post.bias,4.490272e-02,1.561973e-02,3.478571e-01
1600,layers.4.qkv_lut.weights,5.177143e+01,2.048947e+01,3.957678e-01
1600,layers.4.qkv_lut.log_soft_score_temp,5.378426e-01,2.548140e-02,4.737706e-02
1600,layers.4.qkv_lut.log_select_temp,6.898597e-01,2.532303e-03,3.670751e-03
1600,layers.4.v_lut.weights,3.346454e+01,1.230982e+01,3.678466e-01
1600,layers.4.v_lut.log_soft_score_temp,8.184523e-01,1.960552e-02,2.395438e-02
1600,layers.4.v_lut.log_select_temp,8.263934e-01,2.262980e-02,2.738381e-02
1600,layers.4.out_proj.weights,5.798286e+01,2.261534e+01,3.900349e-01
1600,layers.4.out_proj.log_soft_score_temp,5.670640e-01,2.251297e-02,3.970093e-02
1600,layers.4.out_proj.log_select_temp,6.366928e-01,6.894886e-03,1.082922e-02
1600,layers.4.residual_lut.weights,4.745244e+01,1.802262e+01,3.798037e-01
1600,layers.4.residual_lut.log_soft_score_temp,4.956889e-01,3.070340e-02,6.194085e-02
1600,layers.4.residual_lut.log_select_temp,7.029520e-01,1.192290e-02,1.696118e-02
1600,layers.4.q_norm.weight,8.034842e+00,3.630358e-02,4.518269e-03
1600,layers.4.q_norm.bias,1.422620e-01,2.431879e-02,1.709436e-01
1600,layers.4.k_norm.weight,8.021234e+00,3.687246e-02,4.596857e-03
1600,layers.4.k_norm.bias,2.068714e-01,3.208074e-02,1.550758e-01
1600,layers.4.ln_pre.weight,7.987030e+00,2.154168e-02,2.697083e-03
1600,layers.4.ln_pre.bias,3.377152e-02,1.045102e-02,3.094625e-01
1600,layers.4.ln_post.weight,7.886219e+00,2.822906e-02,3.579543e-03
1600,layers.4.ln_post.bias,4.712418e-02,1.337298e-02,2.837817e-01
1600,layers.5.qkv_lut.weights,5.177693e+01,2.086661e+01,4.030098e-01
1600,layers.5.qkv_lut.log_soft_score_temp,6.308472e-01,1.796740e-02,2.848139e-02
1600,layers.5.qkv_lut.log_select_temp,6.925938e-01,1.217604e-03,1.758034e-03
1600,layers.5.v_lut.weights,3.371420e+01,1.288975e+01,3.823241e-01
1600,layers.5.v_lut.log_soft_score_temp,7.959555e-01,2.147704e-02,2.698272e-02
1600,layers.5.v_lut.log_select_temp,7.942479e-01,2.175689e-02,2.739307e-02
1600,layers.5.out_proj.weights,6.702884e+01,2.370973e+01,3.537243e-01
1600,layers.5.out_proj.log_soft_score_temp,5.762492e-01,7.910669e-03,1.372786e-02
1600,layers.5.out_proj.log_select_temp,6.154859e-01,7.952452e-04,1.292061e-03
1600,layers.5.residual_lut.weights,4.739563e+01,1.834648e+01,3.870923e-01
1600,layers.5.residual_lut.log_soft_score_temp,4.958130e-01,2.117857e-02,4.271484e-02
1600,layers.5.residual_lut.log_select_temp,6.583269e-01,1.492310e-02,2.266822e-02
1600,layers.5.q_norm.weight,8.089034e+00,3.363004e-02,4.157486e-03
1600,layers.5.q_norm.bias,1.029283e-01,2.808736e-02,2.728828e-01
1600,layers.5.k_norm.weight,8.088348e+00,3.402568e-02,4.206753e-03
1600,layers.5.k_norm.bias,1.229224e-01,2.753389e-02,2.239941e-01
1600,layers.5.ln_pre.weight,8.001674e+00,2.204389e-02,2.754910e-03
1600,layers.5.ln_pre.bias,3.486355e-02,1.422880e-02,4.081281e-01
1600,layers.5.ln_post.weight,7.867557e+00,2.701951e-02,3.434294e-03
1600,layers.5.ln_post.bias,3.912939e-02,9.523520e-03,2.433853e-01
1600,ln_final.weight,2.432933e+01,7.200538e-01,2.959612e-02
1600,ln_final.bias,1.208826e+00,7.894764e-02,6.530937e-02
1800,tok_emb_E.weight,8.444152e+01,3.800270e+00,4.500476e-02
1800,unembedder.weight,1.823480e+02,2.324915e+01,1.274988e-01
1800,layers.0.qkv_lut.weights,5.598032e+01,1.830620e+01,3.270113e-01
1800,layers.0.qkv_lut.log_soft_score_temp,8.358202e-01,1.700872e-02,2.034974e-02
1800,layers.0.qkv_lut.log_select_temp,8.220515e-01,2.255940e-02,2.744281e-02
1800,layers.0.v_lut.weights,3.659921e+01,1.165132e+01,3.183490e-01
1800,layers.0.v_lut.log_soft_score_temp,9.761382e-01,3.085542e-02,3.160968e-02
1800,layers.0.v_lut.log_select_temp,9.841020e-01,3.937823e-02,4.001438e-02
1800,layers.0.out_proj.weights,6.118767e+01,2.033592e+01,3.323533e-01
1800,layers.0.out_proj.log_soft_score_temp,6.704952e-01,4.004693e-02,5.972739e-02
1800,layers.0.out_proj.log_select_temp,8.542882e-01,9.193420e-04,1.076150e-03
1800,layers.0.residual_lut.weights,5.386258e+01,1.724658e+01,3.201959e-01
1800,layers.0.residual_lut.log_soft_score_temp,7.235813e-01,5.880237e-03,8.126573e-03
1800,layers.0.residual_lut.log_select_temp,8.700940e-01,2.435356e-02,2.798958e-02
1800,layers.0.q_norm.weight,8.679476e+00,5.111639e-02,5.889341e-03
1800,layers.0.q_norm.bias,5.431010e-01,3.567415e-02,6.568605e-02
1800,layers.0.k_norm.weight,8.674554e+00,5.087044e-02,5.864330e-03
1800,layers.0.k_norm.bias,6.651675e-01,5.071373e-02,7.624204e-02
1800,layers.0.ln_pre.weight,8.145501e+00,2.612719e-02,3.207561e-03
1800,layers.0.ln_pre.bias,4.202700e-02,2.315282e-02,5.509035e-01
1800,layers.0.ln_post.weight,8.035321e+00,2.410857e-02,3.000325e-03
1800,layers.0.ln_post.bias,4.889024e-02,1.728632e-02,3.535740e-01
1800,layers.1.qkv_lut.weights,5.530620e+01,1.949522e+01,3.524961e-01
1800,layers.1.qkv_lut.log_soft_score_temp,4.419757e-01,2.333912e-02,5.280635e-02
1800,layers.1.qkv_lut.log_select_temp,6.218989e-01,7.502675e-03,1.206414e-02
1800,layers.1.v_lut.weights,3.714193e+01,1.248611e+01,3.361729e-01
1800,layers.1.v_lut.log_soft_score_temp,7.737992e-01,1.632476e-02,2.109689e-02
1800,layers.1.v_lut.log_select_temp,9.020525e-01,1.617420e-02,1.793044e-02
1800,layers.1.out_proj.weights,6.122755e+01,2.114384e+01,3.453322e-01
1800,layers.1.out_proj.log_soft_score_temp,6.058705e-01,4.556334e-02,7.520310e-02
1800,layers.1.out_proj.log_select_temp,8.342541e-01,9.113550e-04,1.092419e-03
1800,layers.1.residual_lut.weights,5.358963e+01,1.735891e+01,3.239229e-01
1800,layers.1.residual_lut.log_soft_score_temp,6.448113e-01,2.835423e-02,4.397291e-02
1800,layers.1.residual_lut.log_select_temp,8.794748e-01,1.548129e-02,1.760288e-02
1800,layers.1.q_norm.weight,8.409657e+00,3.572417e-02,4.247994e-03
1800,layers.1.q_norm.bias,4.487666e-01,3.246658e-02,7.234626e-02
1800,layers.1.k_norm.weight,8.387864e+00,3.667894e-02,4.372858e-03
1800,layers.1.k_norm.bias,7.526883e-01,6.241314e-02,8.292029e-02
1800,layers.1.ln_pre.weight,7.930813e+00,2.929673e-02,3.694039e-03
1800,layers.1.ln_pre.bias,4.643400e-02,1.426529e-02,3.072164e-01
1800,layers.1.ln_post.weight,7.995391e+00,2.529785e-02,3.164054e-03
1800,layers.1.ln_post.bias,4.028204e-02,1.663091e-02,4.128616e-01
1800,layers.2.qkv_lut.weights,5.542814e+01,1.974204e+01,3.561736e-01
1800,layers.2.qkv_lut.log_soft_score_temp,4.682063e-01,2.474925e-02,5.285971e-02
1800,layers.2.qkv_lut.log_select_temp,7.458019e-01,1.354718e-02,1.816458e-02
1800,layers.2.v_lut.weights,3.664709e+01,1.219386e+01,3.327375e-01
1800,layers.2.v_lut.log_soft_score_temp,8.624185e-01,1.554608e-03,1.802615e-03
1800,layers.2.v_lut.log_select_temp,9.449831e-01,2.800351e-02,2.963388e-02
1800,layers.2.out_proj.weights,6.179240e+01,2.177570e+01,3.524009e-01
1800,layers.2.out_proj.log_soft_score_temp,6.301553e-01,1.736766e-02,2.756092e-02
1800,layers.2.out_proj.log_select_temp,7.956297e-01,1.886231e-02,2.370739e-02
1800,layers.2.residual_lut.weights,5.288960e+01,1.749634e+01,3.308088e-01
1800,layers.2.residual_lut.log_soft_score_temp,5.476196e-01,2.988595e-02,5.457429e-02
1800,layers.2.residual_lut.log_select_temp,8.536730e-01,2.013892e-02,2.359091e-02
1800,layers.2.q_norm.weight,8.445527e+00,5.321731e-02,6.301243e-03
1800,layers.2.q_norm.bias,2.840650e-01,2.798116e-02,9.850268e-02
1800,layers.2.k_norm.weight,8.399045e+00,5.412339e-02,6.443993e-03
1800,layers.2.k_norm.bias,4.806328e-01,4.891331e-02,1.017686e-01
1800,layers.2.ln_pre.weight,7.970214e+00,1.990229e-02,2.497083e-03
1800,layers.2.ln_pre.bias,4.216263e-02,1.034786e-02,2.454272e-01
1800,layers.2.ln_post.weight,7.943611e+00,2.519079e-02,3.171201e-03
1800,layers.2.ln_post.bias,4.894811e-02,1.250215e-02,2.554163e-01
1800,layers.3.qkv_lut.weights,5.558025e+01,1.997608e+01,3.594098e-01
1800,layers.3.qkv_lut.log_soft_score_temp,4.397684e-01,3.126249e-02,7.108852e-02
1800,layers.3.qkv_lut.log_select_temp,7.075447e-01,1.462257e-02,2.066664e-02
1800,layers.3.v_lut.weights,3.686264e+01,1.231853e+01,3.341740e-01
1800,layers.3.v_lut.log_soft_score_temp,8.794200e-01,6.501377e-03,7.392801e-03
1800,layers.3.v_lut.log_select_temp,9.568089e-01,3.379899e-02,3.532471e-02
1800,layers.3.out_proj.weights,6.285427e+01,2.196511e+01,3.494610e-01
1800,layers.3.out_proj.log_soft_score_temp,6.815428e-01,9.352863e-03,1.372308e-02
1800,layers.3.out_proj.log_select_temp,8.115903e-01,2.167004e-02,2.670072e-02
1800,layers.3.residual_lut.weights,5.272541e+01,1.758668e+01,3.335522e-01
1800,layers.3.residual_lut.log_soft_score_temp,5.214691e-01,3.238940e-02,6.211183e-02
1800,layers.3.residual_lut.log_select_temp,8.142608e-01,1.699239e-02,2.086849e-02
1800,layers.3.q_norm.weight,8.298424e+00,3.901860e-02,4.701929e-03
1800,layers.3.q_norm.bias,3.093085e-01,3.092360e-02,9.997656e-02
1800,layers.3.k_norm.weight,8.274719e+00,3.862367e-02,4.667672e-03
1800,layers.3.k_norm.bias,6.149579e-01,5.776300e-02,9.393001e-02
1800,layers.3.ln_pre.weight,7.965560e+00,3.133254e-02,3.933501e-03
1800,layers.3.ln_pre.bias,4.051811e-02,1.365515e-02,3.370134e-01
1800,layers.3.ln_post.weight,7.926816e+00,2.629647e-02,3.317407e-03
1800,layers.3.ln_post.bias,5.253594e-02,1.334278e-02,2.539743e-01
1800,layers.4.qkv_lut.weights,5.614480e+01,2.020010e+01,3.597858e-01
1800,layers.4.qkv_lut.log_soft_score_temp,5.152650e-01,2.257764e-02,4.381754e-02
1800,layers.4.qkv_lut.log_select_temp,6.949186e-01,5.058825e-03,7.279738e-03
1800,layers.4.v_lut.weights,3.633322e+01,1.209650e+01,3.329323e-01
1800,layers.4.v_lut.log_soft_score_temp,8.351174e-01,1.666510e-02,1.995540e-02
1800,layers.4.v_lut.log_select_temp,8.474208e-01,2.102745e-02,2.481346e-02
1800,layers.4.out_proj.weights,6.267143e+01,2.229538e+01,3.557503e-01
1800,layers.4.out_proj.log_soft_score_temp,5.455312e-01,2.153283e-02,3.947131e-02
1800,layers.4.out_proj.log_select_temp,6.309508e-01,5.741954e-03,9.100478e-03
1800,layers.4.residual_lut.weights,5.150800e+01,1.768296e+01,3.433051e-01
1800,layers.4.residual_lut.log_soft_score_temp,4.674779e-01,2.821106e-02,6.034736e-02
1800,layers.4.residual_lut.log_select_temp,7.161375e-01,1.318550e-02,1.841197e-02
1800,layers.4.q_norm.weight,8.047625e+00,3.101115e-02,3.853454e-03
1800,layers.4.q_norm.bias,1.619028e-01,2.526223e-02,1.560333e-01
1800,layers.4.k_norm.weight,8.032291e+00,3.230069e-02,4.021354e-03
1800,layers.4.k_norm.bias,2.261209e-01,2.806552e-02,1.241173e-01
1800,layers.4.ln_pre.weight,7.984624e+00,2.243035e-02,2.809193e-03
1800,layers.4.ln_pre.bias,3.719195e-02,1.107152e-02,2.976860e-01
1800,layers.4.ln_post.weight,7.871963e+00,2.690716e-02,3.418101e-03
1800,layers.4.ln_post.bias,5.469419e-02,1.269911e-02,2.321839e-01
1800,layers.5.qkv_lut.weights,5.615543e+01,2.047296e+01,3.645767e-01
1800,layers.5.qkv_lut.log_soft_score_temp,6.143169e-01,1.653022e-02,2.690829e-02
1800,layers.5.qkv_lut.log_select_temp,6.924686e-01,1.251698e-04,1.807587e-04
1800,layers.5.v_lut.weights,3.667841e+01,1.260040e+01,3.435373e-01
1800,layers.5.v_lut.log_soft_score_temp,8.134753e-01,1.751983e-02,2.153702e-02
1800,layers.5.v_lut.log_select_temp,8.135405e-01,1.929259e-02,2.371436e-02
1800,layers.5.out_proj.weights,7.156776e+01,2.327473e+01,3.252125e-01
1800,layers.5.out_proj.log_soft_score_temp,5.735443e-01,2.704918e-03,4.716145e-03
1800,layers.5.out_proj.log_select_temp,6.218123e-01,6.326437e-03,1.017419e-02
1800,layers.5.residual_lut.weights,5.150166e+01,1.810219e+01,3.514874e-01
1800,layers.5.residual_lut.log_soft_score_temp,4.770620e-01,1.875094e-02,3.930503e-02
1800,layers.5.residual_lut.log_select_temp,6.752819e-01,1.695502e-02,2.510806e-02
1800,layers.5.q_norm.weight,8.105397e+00,4.007760e-02,4.944557e-03
1800,layers.5.q_norm.bias,1.213257e-01,2.930450e-02,2.415358e-01
1800,layers.5.k_norm.weight,8.104836e+00,3.726954e-02,4.598432e-03
1800,layers.5.k_norm.bias,1.315022e-01,2.591444e-02,1.970647e-01
1800,layers.5.ln_pre.weight,8.000751e+00,2.424036e-02,3.029760e-03
1800,layers.5.ln_pre.bias,3.655975e-02,1.195590e-02,3.270237e-01
1800,layers.5.ln_post.weight,7.856398e+00,2.430825e-02,3.094071e-03
1800,layers.5.ln_post.bias,4.487872e-02,8.941464e-03,1.992362e-01
1800,ln_final.weight,2.502379e+01,6.976126e-01,2.787798e-02
1800,ln_final.bias,1.225947e+00,7.554368e-02,6.162066e-02
2000,tok_emb_E.weight,8.456569e+01,3.736146e+00,4.418040e-02
2000,unembedder.weight,1.882786e+02,2.231697e+01,1.185316e-01
2000,layers.0.qkv_lut.weights,5.993340e+01,1.812221e+01,3.023724e-01
2000,layers.0.qkv_lut.log_soft_score_temp,8.521885e-01,1.636827e-02,1.920734e-02
2000,layers.0.qkv_lut.log_select_temp,8.456517e-01,2.360022e-02,2.790773e-02
2000,layers.0.v_lut.weights,3.914540e+01,1.148797e+01,2.934692e-01
2000,layers.0.v_lut.log_soft_score_temp,9.973069e-01,2.116871e-02,2.122587e-02
2000,layers.0.v_lut.log_select_temp,1.018340e+00,3.423840e-02,3.362176e-02
2000,layers.0.out_proj.weights,6.531608e+01,1.997535e+01,3.058259e-01
2000,layers.0.out_proj.log_soft_score_temp,6.280586e-01,4.243660e-02,6.756790e-02
2000,layers.0.out_proj.log_select_temp,8.496335e-01,4.654765e-03,5.478557e-03
2000,layers.0.residual_lut.weights,5.770958e+01,1.691332e+01,2.930765e-01
2000,layers.0.residual_lut.log_soft_score_temp,7.198140e-01,3.767312e-03,5.233729e-03
2000,layers.0.residual_lut.log_select_temp,8.945599e-01,2.446586e-02,2.734961e-02
2000,layers.0.q_norm.weight,8.715158e+00,4.490659e-02,5.152699e-03
2000,layers.0.q_norm.bias,5.741498e-01,3.346951e-02,5.829403e-02
2000,layers.0.k_norm.weight,8.708932e+00,4.396601e-02,5.048382e-03
2000,layers.0.k_norm.bias,7.036692e-01,4.221299e-02,5.998982e-02
2000,layers.0.ln_pre.weight,8.152466e+00,2.503449e-02,3.070787e-03
2000,layers.0.ln_pre.bias,4.188852e-02,2.313487e-02,5.522962e-01
2000,layers.0.ln_post.weight,8.034833e+00,2.325563e-02,2.894351e-03
2000,layers.0.ln_post.bias,5.191958e-02,1.364025e-02,2.627188e-01
2000,layers.1.qkv_lut.weights,5.919199e+01,1.916665e+01,3.238048e-01
2000,layers.1.qkv_lut.log_soft_score_temp,4.212140e-01,2.076167e-02,4.929007e-02
2000,layers.1.qkv_lut.log_select_temp,6.304411e-01,8.542240e-03,1.354962e-02
2000,layers.1.v_lut.weights,3.968756e+01,1.228827e+01,3.096252e-01
2000,layers.1.v_lut.log_soft_score_temp,7.547596e-01,1.903969e-02,2.522617e-02
2000,layers.1.v_lut.log_select_temp,9.163951e-01,1.434267e-02,1.565118e-02
2000,layers.1.out_proj.weights,6.541457e+01,2.069253e+01,3.163291e-01
2000,layers.1.out_proj.log_soft_score_temp,5.605925e-01,4.527801e-02,8.076813e-02
2000,layers.1.out_proj.log_select_temp,8.324468e-01,1.807272e-03,2.171037e-03
2000,layers.1.residual_lut.weights,5.725467e+01,1.701229e+01,2.971336e-01
2000,layers.1.residual_lut.log_soft_score_temp,6.162052e-01,2.860618e-02,4.642314e-02
2000,layers.1.residual_lut.log_select_temp,8.965791e-01,1.710427e-02,1.907726e-02
2000,layers.1.q_norm.weight,8.430961e+00,2.976379e-02,3.530296e-03
2000,layers.1.q_norm.bias,4.706620e-01,2.504382e-02,5.320978e-02
2000,layers.1.k_norm.weight,8.408048e+00,3.064565e-02,3.644800e-03
2000,layers.1.k_norm.bias,8.039081e-01,5.552735e-02,6.907176e-02
2000,layers.1.ln_pre.weight,7.921468e+00,2.807449e-02,3.544102e-03
2000,layers.1.ln_pre.bias,5.136881e-02,1.374409e-02,2.675571e-01
2000,layers.1.ln_post.weight,7.985619e+00,3.002696e-02,3.760129e-03
2000,layers.1.ln_post.bias,4.302784e-02,1.404825e-02,3.264922e-01
2000,layers.2.qkv_lut.weights,5.933485e+01,1.941578e+01,3.272238e-01
2000,layers.2.qkv_lut.log_soft_score_temp,4.422348e-01,2.597144e-02,5.872772e-02
2000,layers.2.qkv_lut.log_select_temp,7.630635e-01,1.726162e-02,2.262148e-02
2000,layers.2.v_lut.weights,3.925823e+01,1.191205e+01,3.034282e-01
2000,layers.2.v_lut.log_soft_score_temp,8.540502e-01,8.368373e-03,9.798456e-03
2000,layers.2.v_lut.log_select_temp,9.714208e-01,2.643764e-02,2.721544e-02
2000,layers.2.out_proj.weights,6.623200e+01,2.133755e+01,3.221637e-01
2000,layers.2.out_proj.log_soft_score_temp,6.114839e-01,1.867139e-02,3.053456e-02
2000,layers.2.out_proj.log_select_temp,8.150564e-01,1.942676e-02,2.383487e-02
2000,layers.2.residual_lut.weights,5.652783e+01,1.710776e+01,3.026432e-01
2000,layers.2.residual_lut.log_soft_score_temp,5.141180e-01,3.350157e-02,6.516318e-02
2000,layers.2.residual_lut.log_select_temp,8.680348e-01,1.436180e-02,1.654519e-02
2000,layers.2.q_norm.weight,8.494294e+00,5.636181e-02,6.635255e-03
2000,layers.2.q_norm.bias,3.056221e-01,2.694463e-02,8.816323e-02
2000,layers.2.k_norm.weight,8.445901e+00,5.514703e-02,6.529444e-03
2000,layers.2.k_norm.bias,5.198053e-01,4.487357e-02,8.632765e-02
2000,layers.2.ln_pre.weight,7.963935e+00,2.241662e-02,2.814767e-03
2000,layers.2.ln_pre.bias,4.516257e-02,8.165550e-03,1.808035e-01
2000,layers.2.ln_post.weight,7.929201e+00,2.766914e-02,3.489525e-03
2000,layers.2.ln_post.bias,5.702320e-02,1.707435e-02,2.994281e-01
2000,layers.3.qkv_lut.weights,5.947327e+01,1.967822e+01,3.308751e-01
2000,layers.3.qkv_lut.log_soft_score_temp,4.077689e-01,3.199950e-02,7.847459e-02
2000,layers.3.qkv_lut.log_select_temp,7.207506e-01,1.320589e-02,1.832241e-02
2000,layers.3.v_lut.weights,3.946595e+01,1.211406e+01,3.069498e-01
2000,layers.3.v_lut.log_soft_score_temp,8.728822e-01,6.537795e-03,7.489894e-03
2000,layers.3.v_lut.log_select_temp,9.858043e-01,2.899539e-02,2.941293e-02
2000,layers.3.out_proj.weights,6.739089e+01,2.150360e+01,3.190876e-01
2000,layers.3.out_proj.log_soft_score_temp,6.694668e-01,1.207596e-02,1.803818e-02
2000,layers.3.out_proj.log_select_temp,8.323637e-01,2.077347e-02,2.495720e-02
2000,layers.3.residual_lut.weights,5.639558e+01,1.726574e+01,3.061542e-01
2000,layers.3.residual_lut.log_soft_score_temp,4.885209e-01,3.294826e-02,6.744493e-02
2000,layers.3.residual_lut.log_select_temp,8.281282e-01,1.386732e-02,1.674538e-02
2000,layers.3.q_norm.weight,8.320239e+00,3.434535e-02,4.127928e-03
2000,layers.3.q_norm.bias,3.301934e-01,2.715975e-02,8.225407e-02
2000,layers.3.k_norm.weight,8.294312e+00,3.657253e-02,4.409350e-03
2000,layers.3.k_norm.bias,6.640349e-01,5.597541e-02,8.429589e-02
2000,layers.3.ln_pre.weight,7.957762e+00,2.451299e-02,3.080388e-03
2000,layers.3.ln_pre.bias,4.300517e-02,1.158034e-02,2.692779e-01
2000,layers.3.ln_post.weight,7.912834e+00,2.322587e-02,2.935216e-03
2000,layers.3.ln_post.bias,5.996008e-02,1.395933e-02,2.328103e-01
2000,layers.4.qkv_lut.weights,6.006792e+01,1.982258e+01,3.300027e-01
2000,layers.4.qkv_lut.log_soft_score_temp,4.929225e-01,2.234253e-02,4.532667e-02
2000,layers.4.qkv_lut.log_select_temp,7.014779e-01,6.559312e-03,9.350704e-03
2000,layers.4.v_lut.weights,3.891294e+01,1.183076e+01,3.040315e-01
2000,layers.4.v_lut.log_soft_score_temp,8.513733e-01,1.625586e-02,1.909369e-02
2000,layers.4.v_lut.log_select_temp,8.692936e-01,2.187276e-02,2.516153e-02
2000,layers.4.out_proj.weights,6.687325e+01,2.175465e+01,3.253117e-01
2000,layers.4.out_proj.log_soft_score_temp,5.268860e-01,1.864523e-02,3.538759e-02
2000,layers.4.out_proj.log_select_temp,6.285368e-01,2.414048e-03,3.840742e-03
2000,layers.4.residual_lut.weights,5.514343e+01,1.736364e+01,3.148814e-01
2000,layers.4.residual_lut.log_soft_score_temp,4.408744e-01,2.660352e-02,6.034263e-02
2000,layers.4.residual_lut.log_select_temp,7.301797e-01,1.404214e-02,1.923107e-02
2000,layers.4.q_norm.weight,8.061746e+00,3.292712e-02,4.084366e-03
2000,layers.4.q_norm.bias,1.743294e-01,2.130265e-02,1.221977e-01
2000,layers.4.k_norm.weight,8.043974e+00,3.725333e-02,4.631210e-03
2000,layers.4.k_norm.bias,2.410560e-01,2.661297e-02,1.104016e-01
2000,layers.4.ln_pre.weight,7.981771e+00,2.256213e-02,2.826707e-03
2000,layers.4.ln_pre.bias,3.718458e-02,8.821831e-03,2.372443e-01
2000,layers.4.ln_post.weight,7.856396e+00,2.532485e-02,3.223469e-03
2000,layers.4.ln_post.bias,6.253440e-02,1.302987e-02,2.083632e-01
2000,layers.5.qkv_lut.weights,6.011048e+01,2.010622e+01,3.344877e-01
2000,layers.5.qkv_lut.log_soft_score_temp,5.999230e-01,1.439393e-02,2.399295e-02
2000,layers.5.qkv_lut.log_select_temp,6.965942e-01,4.125535e-03,5.922438e-03
2000,layers.5.v_lut.weights,3.934150e+01,1.241336e+01,3.155284e-01
2000,layers.5.v_lut.log_soft_score_temp,8.335791e-01,2.010381e-02,2.411746e-02
2000,layers.5.v_lut.log_select_temp,8.350911e-01,2.155060e-02,2.580628e-02
2000,layers.5.out_proj.weights,7.571948e+01,2.269162e+01,2.996800e-01
2000,layers.5.out_proj.log_soft_score_temp,5.752347e-01,1.690388e-03,2.938605e-03
2000,layers.5.out_proj.log_select_temp,6.318809e-01,1.006854e-02,1.593423e-02
2000,layers.5.residual_lut.weights,5.523419e+01,1.769103e+01,3.202913e-01
2000,layers.5.residual_lut.log_soft_score_temp,4.621370e-01,1.492500e-02,3.229562e-02
2000,layers.5.residual_lut.log_select_temp,6.935787e-01,1.829684e-02,2.638033e-02
2000,layers.5.q_norm.weight,8.126971e+00,3.640648e-02,4.479711e-03
2000,layers.5.q_norm.bias,1.282673e-01,2.098143e-02,1.635758e-01
2000,layers.5.k_norm.weight,8.126018e+00,3.664444e-02,4.509520e-03
2000,layers.5.k_norm.bias,1.426748e-01,2.466045e-02,1.728437e-01
2000,layers.5.ln_pre.weight,8.000735e+00,1.891209e-02,2.363794e-03
2000,layers.5.ln_pre.bias,3.859500e-02,9.170493e-03,2.376083e-01
2000,layers.5.ln_post.weight,7.847445e+00,2.420022e-02,3.083834e-03
2000,layers.5.ln_post.bias,5.143716e-02,9.761186e-03,1.897692e-01
2000,ln_final.weight,2.571504e+01,6.940329e-01,2.698938e-02
2000,ln_final.bias,1.239697e+00,7.328357e-02,5.911409e-02
2200,tok_emb_E.weight,8.468717e+01,3.663436e+00,4.325846e-02
2200,unembedder.weight,1.929894e+02,2.123965e+01,1.100560e-01
2200,layers.0.qkv_lut.weights,6.349572e+01,1.778253e+01,2.800587e-01
2200,layers.0.qkv_lut.log_soft_score_temp,8.624668e-01,1.027828e-02,1.191731e-02
2200,layers.0.qkv_lut.log_select_temp,8.639871e-01,1.833540e-02,2.122185e-02
2200,layers.0.v_lut.weights,4.145125e+01,1.127160e+01,2.719242e-01
2200,layers.0.v_lut.log_soft_score_temp,1.011837e+00,1.452959e-02,1.435962e-02
2200,layers.0.v_lut.log_select_temp,1.049319e+00,3.097880e-02,2.952276e-02
2200,layers.0.out_proj.weights,6.904903e+01,1.955255e+01,2.831691e-01
2200,layers.0.out_proj.log_soft_score_temp,5.852103e-01,4.284829e-02,7.321861e-02
2200,layers.0.out_proj.log_select_temp,8.465022e-01,3.131211e-03,3.698999e-03
2200,layers.0.residual_lut.weights,6.118369e+01,1.651019e+01,2.698463e-01
2200,layers.0.residual_lut.log_soft_score_temp,7.132087e-01,6.605327e-03,9.261423e-03
2200,layers.0.residual_lut.log_select_temp,9.192306e-01,2.467072e-02,2.683845e-02
2200,layers.0.q_norm.weight,8.746906e+00,3.994944e-02,4.567265e-03
2200,layers.0.q_norm.bias,6.044642e-01,3.348679e-02,5.539912e-02
2200,layers.0.k_norm.weight,8.740063e+00,3.739480e-02,4.278550e-03
2200,layers.0.k_norm.bias,7.387303e-01,4.201947e-02,5.688067e-02
2200,layers.0.ln_pre.weight,8.157008e+00,2.405997e-02,2.949607e-03
2200,layers.0.ln_pre.bias,4.276613e-02,1.962229e-02,4.588279e-01
2200,layers.0.ln_post.weight,8.033412e+00,2.464368e-02,3.067648e-03
2200,layers.0.ln_post.bias,5.428698e-02,1.337810e-02,2.464329e-01
2200,layers.1.qkv_lut.weights,6.268478e+01,1.877248e+01,2.994743e-01
2200,layers.1.qkv_lut.log_soft_score_temp,4.046717e-01,1.654235e-02,4.087843e-02
2200,layers.1.qkv_lut.log_select_temp,6.406745e-01,1.023340e-02,1.597286e-02
2200,layers.1.v_lut.weights,4.196606e+01,1.205435e+01,2.872404e-01
2200,layers.1.v_lut.log_soft_score_temp,7.315574e-01,2.320218e-02,3.171615e-02
2200,layers.1.v_lut.log_select_temp,9.248154e-01,8.420289e-03,9.104832e-03
2200,layers.1.out_proj.weights,6.917225e+01,2.022902e+01,2.924441e-01
2200,layers.1.out_proj.log_soft_score_temp,5.156954e-01,4.489714e-02,8.706135e-02
2200,layers.1.out_proj.log_select_temp,8.280025e-01,4.444301e-03,5.367497e-03
2200,layers.1.residual_lut.weights,6.054047e+01,1.662523e+01,2.746135e-01
2200,layers.1.residual_lut.log_soft_score_temp,5.859810e-01,3.022420e-02,5.157882e-02
2200,layers.1.residual_lut.log_select_temp,9.116953e-01,1.511621e-02,1.658034e-02
2200,layers.1.q_norm.weight,8.453181e+00,3.312995e-02,3.919229e-03
2200,layers.1.q_norm.bias,4.947210e-01,2.724809e-02,5.507769e-02
2200,layers.1.k_norm.weight,8.428203e+00,3.145096e-02,3.731634e-03
2200,layers.1.k_norm.bias,8.526968e-01,5.255317e-02,6.163172e-02
2200,layers.1.ln_pre.weight,7.912960e+00,2.457935e-02,3.106215e-03
2200,layers.1.ln_pre.bias,5.542363e-02,1.440995e-02,2.599964e-01
2200,layers.1.ln_post.weight,7.975189e+00,2.402000e-02,3.011841e-03
2200,layers.1.ln_post.bias,4.448591e-02,1.618090e-02,3.637310e-01
2200,layers.2.qkv_lut.weights,6.286309e+01,1.900962e+01,3.023971e-01
2200,layers.2.qkv_lut.log_soft_score_temp,4.155057e-01,2.672911e-02,6.432910e-02
2200,layers.2.qkv_lut.log_select_temp,7.804376e-01,1.737404e-02,2.226192e-02
2200,layers.2.v_lut.weights,4.160862e+01,1.163715e+01,2.796812e-01
2200,layers.2.v_lut.log_soft_score_temp,8.391176e-01,1.493257e-02,1.779557e-02
2200,layers.2.v_lut.log_select_temp,9.930642e-01,2.164340e-02,2.179456e-02
2200,layers.2.out_proj.weights,7.018929e+01,2.085760e+01,2.971622e-01
2200,layers.2.out_proj.log_soft_score_temp,5.853376e-01,2.614629e-02,4.466874e-02
2200,layers.2.out_proj.log_select_temp,8.272960e-01,1.223958e-02,1.479467e-02
2200,layers.2.residual_lut.weights,5.979271e+01,1.672824e+01,2.797706e-01
2200,layers.2.residual_lut.log_soft_score_temp,4.805942e-01,3.352377e-02,6.975483e-02
2200,layers.2.residual_lut.log_select_temp,8.808810e-01,1.284623e-02,1.458339e-02
2200,layers.2.q_norm.weight,8.533814e+00,4.484208e-02,5.254635e-03
2200,layers.2.q_norm.bias,3.256457e-01,2.488730e-02,7.642449e-02
2200,layers.2.k_norm.weight,8.482643e+00,4.424426e-02,5.215858e-03
2200,layers.2.k_norm.bias,5.555232e-01,4.011441e-02,7.221015e-02
2200,layers.2.ln_pre.weight,7.958036e+00,1.963515e-02,2.467336e-03
2200,layers.2.ln_pre.bias,4.698342e-02,9.072661e-03,1.931035e-01
2200,layers.2.ln_post.weight,7.914918e+00,2.738468e-02,3.459882e-03
2200,layers.2.ln_post.bias,6.423129e-02,1.493540e-02,2.325253e-01
2200,layers.3.qkv_lut.weights,6.297049e+01,1.920695e+01,3.050151e-01
2200,layers.3.qkv_lut.log_soft_score_temp,3.782195e-01,2.954942e-02,7.812770e-02
2200,layers.3.qkv_lut.log_select_temp,7.344856e-01,1.373500e-02,1.870016e-02
2200,layers.3.v_lut.weights,4.185874e+01,1.181526e+01,2.822652e-01
2200,layers.3.v_lut.log_soft_score_temp,8.640381e-01,8.844078e-03,1.023575e-02
2200,layers.3.v_lut.log_select_temp,1.011519e+00,2.571470e-02,2.542186e-02
2200,layers.3.out_proj.weights,7.152123e+01,2.102129e+01,2.939167e-01
2200,layers.3.out_proj.log_soft_score_temp,6.534753e-01,1.599145e-02,2.447139e-02
2200,layers.3.out_proj.log_select_temp,8.533064e-01,2.094263e-02,2.454292e-02
2200,layers.3.residual_lut.weights,5.968666e+01,1.686435e+01,2.825481e-01
2200,layers.3.residual_lut.log_soft_score_temp,4.541946e-01,3.432623e-02,7.557603e-02
2200,layers.3.residual_lut.log_select_temp,8.414688e-01,1.334065e-02,1.585401e-02
2200,layers.3.q_norm.weight,8.345153e+00,3.433493e-02,4.114356e-03
2200,layers.3.q_norm.bias,3.517880e-01,2.556016e-02,7.265785e-02
2200,layers.3.k_norm.weight,8.316360e+00,3.363486e-02,4.044420e-03
2200,layers.3.k_norm.bias,7.028757e-01,4.651884e-02,6.618360e-02
2200,layers.3.ln_pre.weight,7.950504e+00,2.478918e-02,3.117938e-03
2200,layers.3.ln_pre.bias,4.516725e-02,1.213729e-02,2.687189e-01
2200,layers.3.ln_post.weight,7.897052e+00,2.720167e-02,3.444535e-03
2200,layers.3.ln_post.bias,6.782336e-02,1.372529e-02,2.023682e-01
2200,layers.4.qkv_lut.weights,6.360675e+01,1.934470e+01,3.041297e-01
2200,layers.4.qkv_lut.log_soft_score_temp,4.714073e-01,2.151513e-02,4.564021e-02
2200,layers.4.qkv_lut.log_select_temp,7.100267e-01,8.548856e-03,1.204019e-02
2200,layers.4.v_lut.weights,4.127568e+01,1.150251e+01,2.786753e-01
2200,layers.4.v_lut.log_soft_score_temp,8.685499e-01,1.717669e-02,1.977628e-02
2200,layers.4.v_lut.log_select_temp,8.916823e-01,2.238876e-02,2.510844e-02
2200,layers.4.out_proj.weights,7.076598e+01,2.132634e+01,3.013643e-01
2200,layers.4.out_proj.log_soft_score_temp,5.132195e-01,1.366651e-02,2.662898e-02
2200,layers.4.out_proj.log_select_temp,6.297927e-01,1.255929e-03,1.994195e-03
2200,layers.4.residual_lut.weights,5.839025e+01,1.698806e+01,2.909401e-01
2200,layers.4.residual_lut.log_soft_score_temp,4.131462e-01,2.772814e-02,6.711459e-02
2200,layers.4.residual_lut.log_select_temp,7.430676e-01,1.288790e-02,1.734418e-02
2200,layers.4.q_norm.weight,8.073155e+00,3.436163e-02,4.256283e-03
2200,layers.4.q_norm.bias,1.890766e-01,2.208604e-02,1.168100e-01
2200,layers.4.k_norm.weight,8.054237e+00,3.588652e-02,4.455608e-03
2200,layers.4.k_norm.bias,2.602437e-01,2.789390e-02,1.071838e-01
2200,layers.4.ln_pre.weight,7.979508e+00,1.695202e-02,2.124445e-03
2200,layers.4.ln_pre.bias,4.227746e-02,1.024373e-02,2.422976e-01
2200,layers.4.ln_post.weight,7.841009e+00,2.714442e-02,3.461853e-03
2200,layers.4.ln_post.bias,6.853314e-02,1.070026e-02,1.561326e-01
2200,layers.5.qkv_lut.weights,6.365482e+01,1.972383e+01,3.098561e-01
2200,layers.5.qkv_lut.log_soft_score_temp,5.797703e-01,2.015269e-02,3.475978e-02
2200,layers.5.qkv_lut.log_select_temp,6.968619e-01,2.676845e-04,3.841284e-04
2200,layers.5.v_lut.weights,4.179235e+01,1.210105e+01,2.895518e-01
2200,layers.5.v_lut.log_soft_score_temp,8.520573e-01,1.847821e-02,2.168659e-02
2200,layers.5.v_lut.log_select_temp,8.554127e-01,2.032161e-02,2.375650e-02
2200,layers.5.out_proj.weights,7.961412e+01,2.240034e+01,2.813615e-01
2200,layers.5.out_proj.log_soft_score_temp,5.785931e-01,3.358424e-03,5.804465e-03
2200,layers.5.out_proj.log_select_temp,6.446234e-01,1.274252e-02,1.976739e-02
2200,layers.5.residual_lut.weights,5.865329e+01,1.734128e+01,2.956573e-01
2200,layers.5.residual_lut.log_soft_score_temp,4.480511e-01,1.408592e-02,3.143820e-02
2200,layers.5.residual_lut.log_select_temp,7.127537e-01,1.917499e-02,2.690269e-02
2200,layers.5.q_norm.weight,8.150347e+00,4.218455e-02,5.175799e-03
2200,layers.5.q_norm.bias,1.420393e-01,3.070972e-02,2.162058e-01
2200,layers.5.k_norm.weight,8.149538e+00,4.199412e-02,5.152945e-03
2200,layers.5.k_norm.bias,1.593070e-01,3.024605e-02,1.898601e-01
2200,layers.5.ln_pre.weight,7.998661e+00,1.959240e-02,2.449460e-03
2200,layers.5.ln_pre.bias,4.174306e-02,1.083281e-02,2.595117e-01
2200,layers.5.ln_post.weight,7.839184e+00,2.003039e-02,2.555162e-03
2200,layers.5.ln_post.bias,5.423200e-02,8.723278e-03,1.608511e-01
2200,ln_final.weight,2.636697e+01,6.552864e-01,2.485255e-02
2200,ln_final.bias,1.246359e+00,6.758536e-02,5.422626e-02
2400,tok_emb_E.weight,8.480365e+01,3.570985e+00,4.210886e-02
2400,unembedder.weight,1.969675e+02,1.999893e+01,1.015342e-01
2400,layers.0.qkv_lut.weights,6.671034e+01,1.728352e+01,2.590831e-01
2400,layers.0.qkv_lut.log_soft_score_temp,8.723732e-01,9.906411e-03,1.135570e-02
2400,layers.0.qkv_lut.log_select_temp,8.834975e-01,1.951039e-02,2.208313e-02
2400,layers.0.v_lut.weights,4.352806e+01,1.102483e+01,2.532811e-01
2400,layers.0.v_lut.log_soft_score_temp,1.018434e+00,6.597281e-03,6.477869e-03
2400,layers.0.v_lut.log_select_temp,1.076879e+00,2.755964e-02,2.559214e-02
2400,layers.0.out_proj.weights,7.236646e+01,1.905689e+01,2.633388e-01
2400,layers.0.out_proj.log_soft_score_temp,5.419315e-01,4.327881e-02,7.986030e-02
2400,layers.0.out_proj.log_select_temp,8.395348e-01,6.967425e-03,8.299150e-03
2400,layers.0.residual_lut.weights,6.431297e+01,1.612202e+01,2.506807e-01
2400,layers.0.residual_lut.log_soft_score_temp,7.039359e-01,9.272814e-03,1.317281e-02
2400,layers.0.residual_lut.log_select_temp,9.408221e-01,2.159154e-02,2.294966e-02
2400,layers.0.q_norm.weight,8.772645e+00,3.107470e-02,3.542227e-03
2400,layers.0.q_norm.bias,6.263300e-01,2.557963e-02,4.084049e-02
2400,layers.0.k_norm.weight,8.765721e+00,3.265508e-02,3.725315e-03
2400,layers.0.k_norm.bias,7.677076e-01,3.564825e-02,4.643467e-02
2400,layers.0.ln_pre.weight,8.159833e+00,2.014286e-02,2.468539e-03
2400,layers.0.ln_pre.bias,4.175338e-02,2.005157e-02,4.802382e-01
2400,layers.0.ln_post.weight,8.029806e+00,2.297985e-02,2.861819e-03
2400,layers.0.ln_post.bias,5.736236e-02,1.382932e-02,2.410871e-01
2400,layers.1.qkv_lut.weights,6.585278e+01,1.833997e+01,2.784996e-01
2400,layers.1.qkv_lut.log_soft_score_temp,3.893033e-01,1.536837e-02,3.947660e-02
2400,layers.1.qkv_lut.log_select_temp,6.536207e-01,1.294619e-02,1.980688e-02
2400,layers.1.v_lut.weights,4.402030e+01,1.180083e+01,2.680769e-01
2400,layers.1.v_lut.log_soft_score_temp,7.053120e-01,2.624542e-02,3.721107e-02
2400,layers.1.v_lut.log_select_temp,9.316778e-01,6.862402e-03,7.365638e-03
2400,layers.1.out_proj.weights,7.253096e+01,1.972285e+01,2.719231e-01
2400,layers.1.out_proj.log_soft_score_temp,4.715511e-01,4.414427e-02,9.361503e-02
2400,layers.1.out_proj.log_select_temp,8.213821e-01,6.620407e-03,8.060082e-03
2400,layers.1.residual_lut.weights,6.348434e+01,1.622810e+01,2.556237e-01
2400,layers.1.residual_lut.log_soft_score_temp,5.569748e-01,2.900612e-02,5.207798e-02
2400,layers.1.residual_lut.log_select_temp,9.240407e-01,1.234537e-02,1.336021e-02
2400,layers.1.q_norm.weight,8.468270e+00,2.558920e-02,3.021774e-03
2400,layers.1.q_norm.bias,5.138925e-01,2.374314e-02,4.620254e-02
2400,layers.1.k_norm.weight,8.442859e+00,2.535377e-02,3.002983e-03
2400,layers.1.k_norm.bias,8.898998e-01,4.302621e-02,4.834949e-02
2400,layers.1.ln_pre.weight,7.904456e+00,2.542871e-02,3.217010e-03
2400,layers.1.ln_pre.bias,5.948808e-02,1.268817e-02,2.132892e-01
2400,layers.1.ln_post.weight,7.964117e+00,2.515386e-02,3.158399e-03
2400,layers.1.ln_post.bias,4.446912e-02,1.461711e-02,3.287025e-01
2400,layers.2.qkv_lut.weights,6.604570e+01,1.860146e+01,2.816452e-01
2400,layers.2.qkv_lut.log_soft_score_temp,3.900450e-01,2.546069e-02,6.527629e-02
2400,layers.2.qkv_lut.log_select_temp,7.988186e-01,1.838100e-02,2.301023e-02
2400,layers.2.v_lut.weights,4.374066e+01,1.140037e+01,2.606354e-01
2400,layers.2.v_lut.log_soft_score_temp,8.193463e-01,1.977128e-02,2.413055e-02
2400,layers.2.v_lut.log_select_temp,1.011116e+00,1.805222e-02,1.785375e-02
2400,layers.2.out_proj.weights,7.385666e+01,2.033446e+01,2.753233e-01
2400,layers.2.out_proj.log_soft_score_temp,5.581086e-01,2.722901e-02,4.878801e-02
2400,layers.2.out_proj.log_select_temp,8.429826e-01,1.568663e-02,1.860849e-02
2400,layers.2.residual_lut.weights,6.275035e+01,1.637178e+01,2.609034e-01
2400,layers.2.residual_lut.log_soft_score_temp,4.480803e-01,3.251398e-02,7.256284e-02
2400,layers.2.residual_lut.log_select_temp,8.958974e-01,1.501644e-02,1.676133e-02
2400,layers.2.q_norm.weight,8.568013e+00,4.100344e-02,4.785642e-03
2400,layers.2.q_norm.bias,3.427539e-01,2.163702e-02,6.312697e-02
2400,layers.2.k_norm.weight,8.514891e+00,4.055892e-02,4.763293e-03
2400,layers.2.k_norm.bias,5.866454e-01,3.863995e-02,6.586593e-02
2400,layers.2.ln_pre.weight,7.951332e+00,1.829672e-02,2.301089e-03
2400,layers.2.ln_pre.bias,4.883950e-02,8.726150e-03,1.786699e-01
2400,layers.2.ln_post.weight,7.901516e+00,2.455510e-02,3.107644e-03
2400,layers.2.ln_post.bias,6.729935e-02,1.478153e-02,2.196385e-01
2400,layers.3.qkv_lut.weights,6.615312e+01,1.882267e+01,2.845319e-01
2400,layers.3.qkv_lut.log_soft_score_temp,3.479909e-01,3.022864e-02,8.686620e-02
2400,layers.3.qkv_lut.log_select_temp,7.465703e-01,1.208472e-02,1.618699e-02
2400,layers.3.v_lut.weights,4.398907e+01,1.155519e+01,2.626831e-01
2400,layers.3.v_lut.log_soft_score_temp,8.459677e-01,1.807046e-02,2.136070e-02
2400,layers.3.v_lut.log_select_temp,1.031976e+00,2.045667e-02,1.982282e-02
2400,layers.3.out_proj.weights,7.531895e+01,2.044312e+01,2.714206e-01
2400,layers.3.out_proj.log_soft_score_temp,6.361189e-01,1.735640e-02,2.728483e-02
2400,layers.3.out_proj.log_select_temp,8.724048e-01,1.909846e-02,2.189174e-02
2400,layers.3.residual_lut.weights,6.265818e+01,1.646350e+01,2.627509e-01
2400,layers.3.residual_lut.log_soft_score_temp,4.217419e-01,3.245273e-02,7.694927e-02
2400,layers.3.residual_lut.log_select_temp,8.567718e-01,1.530302e-02,1.786125e-02
2400,layers.3.q_norm.weight,8.360764e+00,2.926551e-02,3.500339e-03
2400,layers.3.q_norm.bias,3.708819e-01,2.405225e-02,6.485150e-02
2400,layers.3.k_norm.weight,8.331119e+00,3.191807e-02,3.831187e-03
2400,layers.3.k_norm.bias,7.385062e-01,4.439403e-02,6.011328e-02
2400,layers.3.ln_pre.weight,7.942610e+00,2.487441e-02,3.131768e-03
2400,layers.3.ln_pre.bias,4.720083e-02,1.167530e-02,2.473538e-01
2400,layers.3.ln_post.weight,7.883152e+00,2.544195e-02,3.227383e-03
2400,layers.3.ln_post.bias,7.431572e-02,1.228479e-02,1.653055e-01
2400,layers.4.qkv_lut.weights,6.681293e+01,1.886079e+01,2.822926e-01
2400,layers.4.qkv_lut.log_soft_score_temp,4.468752e-01,2.453214e-02,5.489707e-02
2400,layers.4.qkv_lut.log_select_temp,7.184492e-01,8.422434e-03,1.172308e-02
2400,layers.4.v_lut.weights,4.339339e+01,1.128357e+01,2.600297e-01
2400,layers.4.v_lut.log_soft_score_temp,8.798476e-01,1.129770e-02,1.284052e-02
2400,layers.4.v_lut.log_select_temp,9.095966e-01,1.791430e-02,1.969477e-02
2400,layers.4.out_proj.weights,7.428004e+01,2.071087e+01,2.788214e-01
2400,layers.4.out_proj.log_soft_score_temp,5.008779e-01,1.234162e-02,2.463998e-02
2400,layers.4.out_proj.log_select_temp,6.328453e-01,3.052592e-03,4.823600e-03
2400,layers.4.residual_lut.weights,6.135632e+01,1.657816e+01,2.701947e-01
2400,layers.4.residual_lut.log_soft_score_temp,3.880731e-01,2.507311e-02,6.460924e-02
2400,layers.4.residual_lut.log_select_temp,7.587820e-01,1.571441e-02,2.071004e-02
2400,layers.4.q_norm.weight,8.089406e+00,3.153570e-02,3.898395e-03
2400,layers.4.q_norm.bias,2.048204e-01,2.270656e-02,1.108608e-01
2400,layers.4.k_norm.weight,8.068810e+00,3.549796e-02,4.399405e-03
2400,layers.4.k_norm.bias,2.748975e-01,2.760547e-02,1.004209e-01
2400,layers.4.ln_pre.weight,7.976972e+00,1.849156e-02,2.318117e-03
2400,layers.4.ln_pre.bias,4.502128e-02,8.439590e-03,1.874578e-01
2400,layers.4.ln_post.weight,7.827014e+00,2.758672e-02,3.524552e-03
2400,layers.4.ln_post.bias,7.554166e-02,1.371066e-02,1.814980e-01
2400,layers.5.qkv_lut.weights,6.684374e+01,1.918923e+01,2.870760e-01
2400,layers.5.qkv_lut.log_soft_score_temp,5.593211e-01,2.044922e-02,3.656079e-02
2400,layers.5.qkv_lut.log_select_temp,6.995060e-01,2.644181e-03,3.780069e-03
2400,layers.5.v_lut.weights,4.398509e+01,1.179110e+01,2.680703e-01
2400,layers.5.v_lut.log_soft_score_temp,8.661281e-01,1.407075e-02,1.624558e-02
2400,layers.5.v_lut.log_select_temp,8.725927e-01,1.718009e-02,1.968855e-02
2400,layers.5.out_proj.weights,8.318684e+01,2.152328e+01,2.587342e-01
2400,layers.5.out_proj.log_soft_score_temp,5.848936e-01,6.300509e-03,1.077206e-02
2400,layers.5.out_proj.log_select_temp,6.596107e-01,1.498735e-02,2.272151e-02
2400,layers.5.residual_lut.weights,6.177256e+01,1.693286e+01,2.741162e-01
2400,layers.5.residual_lut.log_soft_score_temp,4.366924e-01,1.135874e-02,2.601084e-02
2400,layers.5.residual_lut.log_select_temp,7.347367e-01,2.198297e-02,2.991952e-02
2400,layers.5.q_norm.weight,8.175672e+00,3.516596e-02,4.301293e-03
2400,layers.5.q_norm.bias,1.578149e-01,3.047491e-02,1.931055e-01
2400,layers.5.k_norm.weight,8.174967e+00,3.706856e-02,4.534398e-03
2400,layers.5.k_norm.bias,1.657782e-01,2.862248e-02,1.726552e-01
2400,layers.5.ln_pre.weight,7.997453e+00,1.775411e-02,2.219971e-03
2400,layers.5.ln_pre.bias,4.406028e-02,1.001881e-02,2.273888e-01
2400,layers.5.ln_post.weight,7.832163e+00,1.901799e-02,2.428191e-03
2400,layers.5.ln_post.bias,5.897222e-02,8.494711e-03,1.440460e-01
2400,ln_final.weight,2.702543e+01,6.614008e-01,2.447327e-02
2400,ln_final.bias,1.252029e+00,7.069886e-02,5.646745e-02
2600,tok_emb_E.weight,8.491242e+01,3.460528e+00,4.075408e-02
2600,unembedder.weight,2.007950e+02,1.975914e+01,9.840452e-02
2600,layers.0.qkv_lut.weights,6.962378e+01,1.683246e+01,2.417631e-01
2600,layers.0.qkv_lut.log_soft_score_temp,8.805709e-01,8.197784e-03,9.309624e-03
2600,layers.0.qkv_lut.log_select_temp,9.022664e-01,1.876885e-02,2.080189e-02
2600,layers.0.v_lut.weights,4.540543e+01,1.073579e+01,2.364429e-01
2600,layers.0.v_lut.log_soft_score_temp,1.018237e+00,1.963377e-04,1.928211e-04
2600,layers.0.v_lut.log_select_temp,1.102800e+00,2.592087e-02,2.350460e-02
2600,layers.0.out_proj.weights,7.535999e+01,1.851756e+01,2.457213e-01
2600,layers.0.out_proj.log_soft_score_temp,5.023545e-01,3.957701e-02,7.878302e-02
2600,layers.0.out_proj.log_select_temp,8.367448e-01,2.789974e-03,3.334319e-03
2600,layers.0.residual_lut.weights,6.716460e+01,1.566120e+01,2.331764e-01
2600,layers.0.residual_lut.log_soft_score_temp,6.931658e-01,1.077008e-02,1.553753e-02
2600,layers.0.residual_lut.log_select_temp,9.603394e-01,1.951730e-02,2.032334e-02
2600,layers.0.q_norm.weight,8.805932e+00,3.991340e-02,4.532559e-03
2600,layers.0.q_norm.bias,6.530020e-01,3.047078e-02,4.666261e-02
2600,layers.0.k_norm.weight,8.798235e+00,3.870310e-02,4.398961e-03
2600,layers.0.k_norm.bias,7.990457e-01,3.531311e-02,4.419410e-02
2600,layers.0.ln_pre.weight,8.160697e+00,1.913404e-02,2.344658e-03
2600,layers.0.ln_pre.bias,4.464663e-02,2.331905e-02,5.223024e-01
2600,layers.0.ln_post.weight,8.026993e+00,2.371424e-02,2.954311e-03
2600,layers.0.ln_post.bias,6.131495e-02,1.569438e-02,2.559634e-01
2600,layers.1.qkv_lut.weights,6.870744e+01,1.782822e+01,2.594802e-01
2600,layers.1.qkv_lut.log_soft_score_temp,3.756417e-01,1.366162e-02,3.636876e-02
2600,layers.1.qkv_lut.log_select_temp,6.649608e-01,1.134008e-02,1.705376e-02
2600,layers.1.v_lut.weights,4.586332e+01,1.144318e+01,2.495061e-01
2600,layers.1.v_lut.log_soft_score_temp,6.815299e-01,2.378207e-02,3.489513e-02
2600,layers.1.v_lut.log_select_temp,9.383178e-01,6.640017e-03,7.076512e-03
2600,layers.1.out_proj.weights,7.556317e+01,1.914674e+01,2.533872e-01
2600,layers.1.out_proj.log_soft_score_temp,4.280377e-01,4.351345e-02,1.016580e-01
2600,layers.1.out_proj.log_select_temp,8.158117e-01,5.570412e-03,6.828061e-03
2600,layers.1.residual_lut.weights,6.612291e+01,1.575024e+01,2.381964e-01
2600,layers.1.residual_lut.log_soft_score_temp,5.298542e-01,2.712059e-02,5.118500e-02
2600,layers.1.residual_lut.log_select_temp,9.339963e-01,9.955645e-03,1.065919e-02
2600,layers.1.q_norm.weight,8.482801e+00,2.457596e-02,2.897151e-03
2600,layers.1.q_norm.bias,5.291561e-01,2.054759e-02,3.883087e-02
2600,layers.1.k_norm.weight,8.456176e+00,2.362632e-02,2.793972e-03
2600,layers.1.k_norm.bias,9.241313e-01,3.843412e-02,4.158945e-02
2600,layers.1.ln_pre.weight,7.896600e+00,2.414038e-02,3.057060e-03
2600,layers.1.ln_pre.bias,6.105024e-02,1.520196e-02,2.490074e-01
2600,layers.1.ln_post.weight,7.953302e+00,2.499084e-02,3.142197e-03
2600,layers.1.ln_post.bias,4.790602e-02,1.550911e-02,3.237403e-01
2600,layers.2.qkv_lut.weights,6.891563e+01,1.807287e+01,2.622463e-01
2600,layers.2.qkv_lut.log_soft_score_temp,3.669090e-01,2.313602e-02,6.305656e-02
2600,layers.2.qkv_lut.log_select_temp,8.164347e-01,1.761615e-02,2.157693e-02
2600,layers.2.v_lut.weights,4.566680e+01,1.106124e+01,2.422163e-01
2600,layers.2.v_lut.log_soft_score_temp,7.963296e-01,2.301675e-02,2.890355e-02
2600,layers.2.v_lut.log_select_temp,1.026996e+00,1.587951e-02,1.546210e-02
2600,layers.2.out_proj.weights,7.720779e+01,1.973396e+01,2.555954e-01
2600,layers.2.out_proj.log_soft_score_temp,5.320483e-01,2.606028e-02,4.898104e-02
2600,layers.2.out_proj.log_select_temp,8.581153e-01,1.513267e-02,1.763477e-02
2600,layers.2.residual_lut.weights,6.541987e+01,1.587499e+01,2.426631e-01
2600,layers.2.residual_lut.log_soft_score_temp,4.191512e-01,2.892905e-02,6.901818e-02
2600,layers.2.residual_lut.log_select_temp,9.094298e-01,1.353234e-02,1.488003e-02
2600,layers.2.q_norm.weight,8.601319e+00,4.279875e-02,4.975836e-03
2600,layers.2.q_norm.bias,3.562879e-01,1.893734e-02,5.315179e-02
2600,layers.2.k_norm.weight,8.546049e+00,4.350350e-02,5.090481e-03
2600,layers.2.k_norm.bias,6.101425e-01,3.289250e-02,5.390953e-02
2600,layers.2.ln_pre.weight,7.945467e+00,1.591228e-02,2.002687e-03
2600,layers.2.ln_pre.bias,5.130329e-02,7.859812e-03,1.532029e-01
2600,layers.2.ln_post.weight,7.888721e+00,2.667616e-02,3.381558e-03
2600,layers.2.ln_post.bias,7.252876e-02,1.425097e-02,1.964872e-01
2600,layers.3.qkv_lut.weights,6.901586e+01,1.824215e+01,2.643182e-01
2600,layers.3.qkv_lut.log_soft_score_temp,3.234394e-01,2.455151e-02,7.590762e-02
2600,layers.3.qkv_lut.log_select_temp,7.648016e-01,1.823127e-02,2.383791e-02
2600,layers.3.v_lut.weights,4.589873e+01,1.119535e+01,2.439141e-01
2600,layers.3.v_lut.log_soft_score_temp,8.234476e-01,2.252001e-02,2.734844e-02
2600,layers.3.v_lut.log_select_temp,1.049742e+00,1.776648e-02,1.692461e-02
2600,layers.3.out_proj.weights,7.870778e+01,1.980511e+01,2.516284e-01
2600,layers.3.out_proj.log_soft_score_temp,6.155453e-01,2.057362e-02,3.342340e-02
2600,layers.3.out_proj.log_select_temp,8.878931e-01,1.548827e-02,1.744384e-02
2600,layers.3.residual_lut.weights,6.536164e+01,1.599388e+01,2.446983e-01
2600,layers.3.residual_lut.log_soft_score_temp,3.918628e-01,2.987906e-02,7.624878e-02
2600,layers.3.residual_lut.log_select_temp,8.708498e-01,1.407796e-02,1.616577e-02
2600,layers.3.q_norm.weight,8.385599e+00,3.521889e-02,4.199926e-03
2600,layers.3.q_norm.bias,3.821093e-01,1.792553e-02,4.691206e-02
2600,layers.3.k_norm.weight,8.353848e+00,3.661274e-02,4.382740e-03
2600,layers.3.k_norm.bias,7.668610e-01,3.452278e-02,4.501830e-02
2600,layers.3.ln_pre.weight,7.936303e+00,2.487319e-02,3.134103e-03
2600,layers.3.ln_pre.bias,5.038109e-02,1.230658e-02,2.442697e-01
2600,layers.3.ln_post.weight,7.869334e+00,2.412426e-02,3.065604e-03
2600,layers.3.ln_post.bias,7.839493e-02,1.082867e-02,1.381297e-01
2600,layers.4.qkv_lut.weights,6.972873e+01,1.834168e+01,2.630434e-01
2600,layers.4.qkv_lut.log_soft_score_temp,4.252661e-01,2.160904e-02,5.081298e-02
2600,layers.4.qkv_lut.log_select_temp,7.245986e-01,6.149471e-03,8.486727e-03
2600,layers.4.v_lut.weights,4.532416e+01,1.085085e+01,2.394054e-01
2600,layers.4.v_lut.log_soft_score_temp,8.922505e-01,1.240283e-02,1.390062e-02
2600,layers.4.v_lut.log_select_temp,9.282326e-01,1.863599e-02,2.007685e-02
2600,layers.4.out_proj.weights,7.743047e+01,2.003597e+01,2.587608e-01
2600,layers.4.out_proj.log_soft_score_temp,4.844710e-01,1.640686e-02,3.386552e-02
2600,layers.4.out_proj.log_select_temp,6.339395e-01,1.094222e-03,1.726067e-03
2600,layers.4.residual_lut.weights,6.402179e+01,1.613504e+01,2.520242e-01
2600,layers.4.residual_lut.log_soft_score_temp,3.629102e-01,2.516294e-02,6.933654e-02
2600,layers.4.residual_lut.log_select_temp,7.737064e-01,1.492447e-02,1.928957e-02
2600,layers.4.q_norm.weight,8.100787e+00,2.439858e-02,3.011877e-03
2600,layers.4.q_norm.bias,2.169473e-01,1.987766e-02,9.162433e-02
2600,layers.4.k_norm.weight,8.079239e+00,2.436481e-02,3.015731e-03
2600,layers.4.k_norm.bias,2.889455e-01,2.495002e-02,8.634853e-02
2600,layers.4.ln_pre.weight,7.974619e+00,1.647610e-02,2.066067e-03
2600,layers.4.ln_pre.bias,4.784663e-02,8.179516e-03,1.709528e-01
2600,layers.4.ln_post.weight,7.813187e+00,2.271128e-02,2.906789e-03
2600,layers.4.ln_post.bias,8.045572e-02,1.138140e-02,1.414617e-01
2600,layers.5.qkv_lut.weights,6.971758e+01,1.866042e+01,2.676573e-01
2600,layers.5.qkv_lut.log_soft_score_temp,5.381261e-01,2.119505e-02,3.938678e-02
2600,layers.5.qkv_lut.log_select_temp,7.005498e-01,1.043797e-03,1.489968e-03
2600,layers.5.v_lut.weights,4.595156e+01,1.140112e+01,2.481118e-01
2600,layers.5.v_lut.log_soft_score_temp,8.780014e-01,1.187330e-02,1.352310e-02
2600,layers.5.v_lut.log_select_temp,8.890413e-01,1.644856e-02,1.850145e-02
2600,layers.5.out_proj.weights,8.638235e+01,2.073810e+01,2.400734e-01
2600,layers.5.out_proj.log_soft_score_temp,5.904154e-01,5.521715e-03,9.352254e-03
2600,layers.5.out_proj.log_select_temp,6.752864e-01,1.567566e-02,2.321336e-02
2600,layers.5.residual_lut.weights,6.459400e+01,1.644039e+01,2.545189e-01
2600,layers.5.residual_lut.log_soft_score_temp,4.217804e-01,1.491195e-02,3.535477e-02
2600,layers.5.residual_lut.log_select_temp,7.571045e-01,2.236778e-02,2.954384e-02
2600,layers.5.q_norm.weight,8.203980e+00,4.193801e-02,5.111910e-03
2600,layers.5.q_norm.bias,1.761798e-01,2.705810e-02,1.535823e-01
2600,layers.5.k_norm.weight,8.202868e+00,4.235999e-02,5.164046e-03
2600,layers.5.k_norm.bias,1.791805e-01,2.717458e-02,1.516603e-01
2600,layers.5.ln_pre.weight,7.995952e+00,1.767192e-02,2.210108e-03
2600,layers.5.ln_pre.bias,4.471580e-02,8.100683e-03,1.811593e-01
2600,layers.5.ln_post.weight,7.824778e+00,1.963321e-02,2.509107e-03
2600,layers.5.ln_post.bias,6.397232e-02,8.670934e-03,1.355420e-01
2600,ln_final.weight,2.766317e+01,6.405132e-01,2.315400e-02
2600,ln_final.bias,1.256636e+00,6.675569e-02,5.312252e-02
2800,tok_emb_E.weight,8.501693e+01,3.360658e+00,3.952928e-02
2800,unembedder.weight,2.038437e+02,1.838043e+01,9.016923e-02
2800,layers.0.qkv_lut.weights,7.225230e+01,1.638055e+01,2.267132e-01
2800,layers.0.qkv_lut.log_soft_score_temp,8.865477e-01,5.976796e-03,6.741652e-03
2800,layers.0.qkv_lut.log_select_temp,9.209889e-01,1.872247e-02,2.032867e-02
2800,layers.0.v_lut.weights,4.709549e+01,1.041647e+01,2.211777e-01
2800,layers.0.v_lut.log_soft_score_temp,1.016237e+00,2.000928e-03,1.968959e-03
2800,layers.0.v_lut.log_select_temp,1.126891e+00,2.409089e-02,2.137820e-02
2800,layers.0.out_proj.weights,7.805741e+01,1.793178e+01,2.297255e-01
2800,layers.0.out_proj.log_soft_score_temp,4.633200e-01,3.903455e-02,8.424965e-02
2800,layers.0.out_proj.log_select_temp,8.342955e-01,2.449393e-03,2.935882e-03
2800,layers.0.residual_lut.weights,6.977282e+01,1.514702e+01,2.170906e-01
2800,layers.0.residual_lut.log_soft_score_temp,6.825991e-01,1.056665e-02,1.548003e-02
2800,layers.0.residual_lut.log_select_temp,9.817353e-01,2.139592e-02,2.179398e-02
2800,layers.0.q_norm.weight,8.836755e+00,3.569329e-02,4.039185e-03
2800,layers.0.q_norm.bias,6.708823e-01,2.179967e-02,3.249403e-02
2800,layers.0.k_norm.weight,8.828210e+00,3.510988e-02,3.977010e-03
2800,layers.0.k_norm.bias,8.263934e-01,3.353437e-02,4.057918e-02
2800,layers.0.ln_pre.weight,8.160377e+00,1.803086e-02,2.209562e-03
2800,layers.0.ln_pre.bias,3.919939e-02,1.949011e-02,4.972043e-01
2800,layers.0.ln_post.weight,8.023578e+00,2.256057e-02,2.811785e-03
2800,layers.0.ln_post.bias,6.351431e-02,1.335303e-02,2.102365e-01
2800,layers.1.qkv_lut.weights,7.126629e+01,1.731274e+01,2.429302e-01
2800,layers.1.qkv_lut.log_soft_score_temp,3.618695e-01,1.377225e-02,3.805861e-02
2800,layers.1.qkv_lut.log_select_temp,6.767805e-01,1.181972e-02,1.746463e-02
2800,layers.1.v_lut.weights,4.752662e+01,1.109839e+01,2.335194e-01
2800,layers.1.v_lut.log_soft_score_temp,6.565198e-01,2.501005e-02,3.809489e-02
2800,layers.1.v_lut.log_select_temp,9.427049e-01,4.387081e-03,4.653716e-03
2800,layers.1.out_proj.weights,7.828970e+01,1.857979e+01,2.373209e-01
2800,layers.1.out_proj.log_soft_score_temp,3.859837e-01,4.205400e-02,1.089528e-01
2800,layers.1.out_proj.log_select_temp,8.101563e-01,5.655348e-03,6.980564e-03
2800,layers.1.residual_lut.weights,6.847189e+01,1.527563e+01,2.230934e-01
2800,layers.1.residual_lut.log_soft_score_temp,5.018319e-01,2.802229e-02,5.583999e-02
2800,layers.1.residual_lut.log_select_temp,9.416891e-01,7.692754e-03,8.169102e-03
2800,layers.1.q_norm.weight,8.495486e+00,2.421341e-02,2.850151e-03
2800,layers.1.q_norm.bias,5.484235e-01,2.219416e-02,4.046902e-02
2800,layers.1.k_norm.weight,8.468354e+00,2.367709e-02,2.795950e-03
2800,layers.1.k_norm.bias,9.603654e-01,3.992609e-02,4.157385e-02
2800,layers.1.ln_pre.weight,7.888656e+00,2.292734e-02,2.906369e-03
2800,layers.1.ln_pre.bias,6.410051e-02,1.243045e-02,1.939213e-01
2800,layers.1.ln_post.weight,7.941120e+00,2.537631e-02,3.195559e-03
2800,layers.1.ln_post.bias,5.028025e-02,1.384880e-02,2.754323e-01
2800,layers.2.qkv_lut.weights,7.150659e+01,1.751075e+01,2.448830e-01
2800,layers.2.qkv_lut.log_soft_score_temp,3.433604e-01,2.354860e-02,6.858276e-02
2800,layers.2.qkv_lut.log_select_temp,8.304414e-01,1.400667e-02,1.686654e-02
2800,layers.2.v_lut.weights,4.741381e+01,1.070755e+01,2.258318e-01
2800,layers.2.v_lut.log_soft_score_temp,7.698774e-01,2.645218e-02,3.435896e-02
2800,layers.2.v_lut.log_select_temp,1.039143e+00,1.214755e-02,1.168996e-02
2800,layers.2.out_proj.weights,8.018020e+01,1.909036e+01,2.380932e-01
2800,layers.2.out_proj.log_soft_score_temp,5.038626e-01,2.818573e-02,5.593931e-02
2800,layers.2.out_proj.log_select_temp,8.699868e-01,1.187146e-02,1.364556e-02
2800,layers.2.residual_lut.weights,6.779028e+01,1.540331e+01,2.272201e-01
2800,layers.2.residual_lut.log_soft_score_temp,3.883718e-01,3.077939e-02,7.925238e-02
2800,layers.2.residual_lut.log_select_temp,9.203448e-01,1.091504e-02,1.185973e-02
2800,layers.2.q_norm.weight,8.628255e+00,3.482678e-02,4.036364e-03
2800,layers.2.q_norm.bias,3.719515e-01,2.195744e-02,5.903308e-02
2800,layers.2.k_norm.weight,8.571203e+00,3.688129e-02,4.302930e-03
2800,layers.2.k_norm.bias,6.313527e-01,3.042454e-02,4.818945e-02
2800,layers.2.ln_pre.weight,7.937461e+00,1.778430e-02,2.240553e-03
2800,layers.2.ln_pre.bias,5.280245e-02,6.478004e-03,1.226838e-01
2800,layers.2.ln_post.weight,7.875059e+00,2.578835e-02,3.274686e-03
2800,layers.2.ln_post.bias,8.162847e-02,1.457067e-02,1.784998e-01
2800,layers.3.qkv_lut.weights,7.161595e+01,1.768352e+01,2.469215e-01
2800,layers.3.qkv_lut.log_soft_score_temp,2.962743e-01,2.716503e-02,9.168876e-02
2800,layers.3.qkv_lut.log_select_temp,7.769129e-01,1.211137e-02,1.558909e-02
2800,layers.3.v_lut.weights,4.760661e+01,1.086310e+01,2.281848e-01
2800,layers.3.v_lut.log_soft_score_temp,7.970116e-01,2.643603e-02,3.316894e-02
2800,layers.3.v_lut.log_select_temp,1.062972e+00,1.322973e-02,1.244598e-02
2800,layers.3.out_proj.weights,8.179032e+01,1.920529e+01,2.348112e-01
2800,layers.3.out_proj.log_soft_score_temp,5.934633e-01,2.208203e-02,3.720876e-02
2800,layers.3.out_proj.log_select_temp,9.005337e-01,1.264060e-02,1.403678e-02
2800,layers.3.residual_lut.weights,6.775676e+01,1.550424e+01,2.288220e-01
2800,layers.3.residual_lut.log_soft_score_temp,3.610963e-01,3.076658e-02,8.520325e-02
2800,layers.3.residual_lut.log_select_temp,8.833669e-01,1.251709e-02,1.416976e-02
2800,layers.3.q_norm.weight,8.398365e+00,2.363263e-02,2.813956e-03
2800,layers.3.q_norm.bias,3.966190e-01,2.061198e-02,5.196921e-02
2800,layers.3.k_norm.weight,8.364469e+00,2.602871e-02,3.111818e-03
2800,layers.3.k_norm.bias,7.981571e-01,3.915304e-02,4.905430e-02
2800,layers.3.ln_pre.weight,7.928110e+00,2.629916e-02,3.317205e-03
2800,layers.3.ln_pre.bias,5.223304e-02,1.049105e-02,2.008509e-01
2800,layers.3.ln_post.weight,7.855097e+00,2.271750e-02,2.892072e-03
2800,layers.3.ln_post.bias,8.386767e-02,1.277714e-02,1.523489e-01
2800,layers.4.qkv_lut.weights,7.231959e+01,1.776537e+01,2.456508e-01
2800,layers.4.qkv_lut.log_soft_score_temp,4.056824e-01,1.958376e-02,4.827363e-02
2800,layers.4.qkv_lut.log_select_temp,7.339823e-01,9.383678e-03,1.278461e-02
2800,layers.4.v_lut.weights,4.706663e+01,1.053418e+01,2.238141e-01
2800,layers.4.v_lut.log_soft_score_temp,9.022451e-01,9.994626e-03,1.107751e-02
2800,layers.4.v_lut.log_select_temp,9.446576e-01,1.642495e-02,1.738720e-02
2800,layers.4.out_proj.weights,8.034370e+01,1.944809e+01,2.420612e-01
2800,layers.4.out_proj.log_soft_score_temp,4.732355e-01,1.123554e-02,2.374196e-02
2800,layers.4.out_proj.log_select_temp,6.380351e-01,4.095554e-03,6.419011e-03
2800,layers.4.residual_lut.weights,6.643120e+01,1.561872e+01,2.351112e-01
2800,layers.4.residual_lut.log_soft_score_temp,3.395324e-01,2.337778e-02,6.885286e-02
2800,layers.4.residual_lut.log_select_temp,7.901494e-01,1.644295e-02,2.080993e-02
2800,layers.4.q_norm.weight,8.114801e+00,3.168219e-02,3.904248e-03
2800,layers.4.q_norm.bias,2.302014e-01,2.317069e-02,1.006540e-01
2800,layers.4.k_norm.weight,8.091487e+00,3.320583e-02,4.103799e-03
2800,layers.4.k_norm.bias,2.993330e-01,2.317000e-02,7.740545e-02
2800,layers.4.ln_pre.weight,7.972143e+00,1.743555e-02,2.187059e-03
2800,layers.4.ln_pre.bias,5.279959e-02,1.024270e-02,1.939921e-01
2800,layers.4.ln_post.weight,7.800815e+00,2.398474e-02,3.074645e-03
2800,layers.4.ln_post.bias,8.893238e-02,1.342831e-02,1.509946e-01
2800,layers.5.qkv_lut.weights,7.233042e+01,1.814286e+01,2.508330e-01
2800,layers.5.qkv_lut.log_soft_score_temp,5.187204e-01,1.940566e-02,3.741064e-02
2800,layers.5.qkv_lut.log_select_temp,7.031287e-01,2.578855e-03,3.667685e-03
2800,layers.5.v_lut.weights,4.779984e+01,1.112102e+01,2.326581e-01
2800,layers.5.v_lut.log_soft_score_temp,8.868802e-01,8.878827e-03,1.001130e-02
2800,layers.5.v_lut.log_select_temp,9.028500e-01,1.380873e-02,1.529460e-02
2800,layers.5.out_proj.weights,8.939157e+01,2.018242e+01,2.257754e-01
2800,layers.5.out_proj.log_soft_score_temp,5.995670e-01,9.151638e-03,1.526374e-02
2800,layers.5.out_proj.log_select_temp,6.941259e-01,1.883948e-02,2.714130e-02
2800,layers.5.residual_lut.weights,6.719279e+01,1.597298e+01,2.377187e-01
2800,layers.5.residual_lut.log_soft_score_temp,4.103492e-01,1.143125e-02,2.785736e-02
2800,layers.5.residual_lut.log_select_temp,7.791036e-01,2.199918e-02,2.823653e-02
2800,layers.5.q_norm.weight,8.222902e+00,3.561494e-02,4.331189e-03
2800,layers.5.q_norm.bias,1.853297e-01,2.168891e-02,1.170288e-01
2800,layers.5.k_norm.weight,8.221126e+00,3.674217e-02,4.469238e-03
2800,layers.5.k_norm.bias,1.940801e-01,2.862275e-02,1.474790e-01
2800,layers.5.ln_pre.weight,7.993695e+00,1.525422e-02,1.908281e-03
2800,layers.5.ln_pre.bias,4.714840e-02,9.680298e-03,2.053155e-01
2800,layers.5.ln_post.weight,7.818631e+00,1.998951e-02,2.556650e-03
2800,layers.5.ln_post.bias,6.844825e-02,9.991200e-03,1.459672e-01
2800,ln_final.weight,2.828370e+01,6.233793e-01,2.204024e-02
2800,ln_final.bias,1.258952e+00,6.665976e-02,5.294863e-02
3000,tok_emb_E.weight,8.511225e+01,3.241165e+00,3.808106e-02
3000,unembedder.weight,2.064473e+02,1.771750e+01,8.582092e-02
3000,layers.0.qkv_lut.weights,7.461914e+01,1.574060e+01,2.109459e-01
3000,layers.0.qkv_lut.log_soft_score_temp,8.930724e-01,6.524682e-03,7.305882e-03
3000,layers.0.qkv_lut.log_select_temp,9.395696e-01,1.858073e-02,1.977579e-02
3000,layers.0.v_lut.weights,4.861681e+01,1.007615e+01,2.072564e-01
3000,layers.0.v_lut.log_soft_score_temp,1.008041e+00,8.195400e-03,8.130026e-03
3000,layers.0.v_lut.log_select_temp,1.147726e+00,2.083576e-02,1.815394e-02
3000,layers.0.out_proj.weights,8.044120e+01,1.728706e+01,2.149031e-01
3000,layers.0.out_proj.log_soft_score_temp,4.247662e-01,3.855374e-02,9.076462e-02
3000,layers.0.out_proj.log_select_temp,8.310080e-01,3.287435e-03,3.955960e-03
3000,layers.0.residual_lut.weights,7.211672e+01,1.460492e+01,2.025178e-01
3000,layers.0.residual_lut.log_soft_score_temp,6.720218e-01,1.057732e-02,1.573955e-02
3000,layers.0.residual_lut.log_select_temp,1.002818e+00,2.108240e-02,2.102316e-02
3000,layers.0.q_norm.weight,8.862209e+00,3.098680e-02,3.496510e-03
3000,layers.0.q_norm.bias,6.864941e-01,1.978552e-02,2.882111e-02
3000,layers.0.k_norm.weight,8.853135e+00,3.264008e-02,3.686839e-03
3000,layers.0.k_norm.bias,8.486995e-01,2.735377e-02,3.223021e-02
3000,layers.0.ln_pre.weight,8.159722e+00,2.160242e-02,2.647445e-03
3000,layers.0.ln_pre.bias,4.273101e-02,2.022224e-02,4.732451e-01
3000,layers.0.ln_post.weight,8.020304e+00,2.213893e-02,2.760360e-03
3000,layers.0.ln_post.bias,6.498890e-02,1.120263e-02,1.723776e-01
3000,layers.1.qkv_lut.weights,7.356831e+01,1.666382e+01,2.265081e-01
3000,layers.1.qkv_lut.log_soft_score_temp,3.512199e-01,1.064959e-02,3.032172e-02
3000,layers.1.qkv_lut.log_select_temp,6.898854e-01,1.310486e-02,1.899570e-02
3000,layers.1.v_lut.weights,4.902181e+01,1.070088e+01,2.182881e-01
3000,layers.1.v_lut.log_soft_score_temp,6.334565e-01,2.306330e-02,3.640866e-02
3000,layers.1.v_lut.log_select_temp,9.460506e-01,3.345728e-03,3.536521e-03
3000,layers.1.out_proj.weights,8.072002e+01,1.789237e+01,2.216596e-01
3000,layers.1.out_proj.log_soft_score_temp,3.452604e-01,4.072329e-02,1.179495e-01
3000,layers.1.out_proj.log_select_temp,8.044673e-01,5.689085e-03,7.071866e-03
3000,layers.1.residual_lut.weights,7.057955e+01,1.473332e+01,2.087477e-01
3000,layers.1.residual_lut.log_soft_score_temp,4.723186e-01,2.951330e-02,6.248599e-02
3000,layers.1.residual_lut.log_select_temp,9.512438e-01,9.554744e-03,1.004447e-02
3000,layers.1.q_norm.weight,8.505529e+00,2.237141e-02,2.630220e-03
3000,layers.1.q_norm.bias,5.578019e-01,1.640264e-02,2.940585e-02
3000,layers.1.k_norm.weight,8.477686e+00,2.215583e-02,2.613429e-03
3000,layers.1.k_norm.bias,9.907402e-01,3.544033e-02,3.577157e-02
3000,layers.1.ln_pre.weight,7.880776e+00,2.186358e-02,2.774292e-03
3000,layers.1.ln_pre.bias,6.593528e-02,1.136008e-02,1.722915e-01
3000,layers.1.ln_post.weight,7.929704e+00,2.243605e-02,2.829368e-03
3000,layers.1.ln_post.bias,5.503078e-02,1.516698e-02,2.756091e-01
3000,layers.2.qkv_lut.weights,7.382464e+01,1.689059e+01,2.287934e-01
3000,layers.2.qkv_lut.log_soft_score_temp,3.212546e-01,2.210581e-02,6.881089e-02
3000,layers.2.qkv_lut.log_select_temp,8.465153e-01,1.607388e-02,1.898830e-02
3000,layers.2.v_lut.weights,4.896829e+01,1.035962e+01,2.115577e-01
3000,layers.2.v_lut.log_soft_score_temp,7.458256e-01,2.405179e-02,3.224854e-02
3000,layers.2.v_lut.log_select_temp,1.050285e+00,1.114166e-02,1.060822e-02
3000,layers.2.out_proj.weights,8.289006e+01,1.837320e+01,2.216574e-01
3000,layers.2.out_proj.log_soft_score_temp,4.747889e-01,2.907372e-02,6.123504e-02
3000,layers.2.out_proj.log_select_temp,8.817888e-01,1.180202e-02,1.338418e-02
3000,layers.2.residual_lut.weights,6.991949e+01,1.482512e+01,2.120313e-01
3000,layers.2.residual_lut.log_soft_score_temp,3.581636e-01,3.020820e-02,8.434190e-02
3000,layers.2.residual_lut.log_select_temp,9.314441e-01,1.109928e-02,1.191620e-02
3000,layers.2.q_norm.weight,8.650151e+00,3.167088e-02,3.661309e-03
3000,layers.2.q_norm.bias,3.842936e-01,1.831771e-02,4.766592e-02
3000,layers.2.k_norm.weight,8.591385e+00,3.321750e-02,3.866373e-03
3000,layers.2.k_norm.bias,6.520949e-01,2.962455e-02,4.542982e-02
3000,layers.2.ln_pre.weight,7.930549e+00,1.797852e-02,2.266995e-03
3000,layers.2.ln_pre.bias,5.572632e-02,7.013532e-03,1.258567e-01
3000,layers.2.ln_post.weight,7.861736e+00,2.264857e-02,2.880861e-03
3000,layers.2.ln_post.bias,8.749451e-02,1.280174e-02,1.463148e-01
3000,layers.3.qkv_lut.weights,7.392107e+01,1.707170e+01,2.309450e-01
3000,layers.3.qkv_lut.log_soft_score_temp,2.695530e-01,2.672133e-02,9.913200e-02
3000,layers.3.qkv_lut.log_select_temp,7.908184e-01,1.390547e-02,1.758364e-02
3000,layers.3.v_lut.weights,4.917221e+01,1.048343e+01,2.131983e-01
3000,layers.3.v_lut.log_soft_score_temp,7.703936e-01,2.661800e-02,3.455117e-02
3000,layers.3.v_lut.log_select_temp,1.073274e+00,1.030254e-02,9.599170e-03
3000,layers.3.out_proj.weights,8.460396e+01,1.848293e+01,2.184641e-01
3000,layers.3.out_proj.log_soft_score_temp,5.713953e-01,2.206796e-02,3.862118e-02
3000,layers.3.out_proj.log_select_temp,9.159063e-01,1.537257e-02,1.678400e-02
3000,layers.3.residual_lut.weights,6.990612e+01,1.491142e+01,2.133063e-01
3000,layers.3.residual_lut.log_soft_score_temp,3.316595e-01,2.943680e-02,8.875609e-02
3000,layers.3.residual_lut.log_select_temp,8.955752e-01,1.220834e-02,1.363184e-02
3000,layers.3.q_norm.weight,8.414390e+00,3.048124e-02,3.622514e-03
3000,layers.3.q_norm.bias,4.110081e-01,2.087977e-02,5.080136e-02
3000,layers.3.k_norm.weight,8.379582e+00,3.147678e-02,3.756367e-03
3000,layers.3.k_norm.bias,8.242350e-01,3.779315e-02,4.585240e-02
3000,layers.3.ln_pre.weight,7.919919e+00,2.402472e-02,3.033455e-03
3000,layers.3.ln_pre.bias,5.414509e-02,9.999389e-03,1.846777e-01
3000,layers.3.ln_post.weight,7.840815e+00,2.538620e-02,3.237699e-03
3000,layers.3.ln_post.bias,8.986488e-02,1.242874e-02,1.383047e-01
3000,layers.4.qkv_lut.weights,7.466094e+01,1.713254e+01,2.294713e-01
3000,layers.4.qkv_lut.log_soft_score_temp,3.892292e-01,1.645321e-02,4.227126e-02
3000,layers.4.qkv_lut.log_select_temp,7.425733e-01,8.590996e-03,1.156922e-02
3000,layers.4.v_lut.weights,4.864787e+01,1.011349e+01,2.078916e-01
3000,layers.4.v_lut.log_soft_score_temp,9.130098e-01,1.076472e-02,1.179036e-02
3000,layers.4.v_lut.log_select_temp,9.636109e-01,1.895332e-02,1.966906e-02
3000,layers.4.out_proj.weights,8.299292e+01,1.867750e+01,2.250493e-01
3000,layers.4.out_proj.log_soft_score_temp,4.629888e-01,1.024669e-02,2.213163e-02
3000,layers.4.out_proj.log_select_temp,6.437736e-01,5.738556e-03,8.913935e-03
3000,layers.4.residual_lut.weights,6.861629e+01,1.506596e+01,2.195683e-01
3000,layers.4.residual_lut.log_soft_score_temp,3.155600e-01,2.397245e-02,7.596798e-02
3000,layers.4.residual_lut.log_select_temp,8.065514e-01,1.640201e-02,2.033597e-02
3000,layers.4.q_norm.weight,8.133559e+00,3.572564e-02,4.392375e-03
3000,layers.4.q_norm.bias,2.416593e-01,1.959591e-02,8.108902e-02
3000,layers.4.k_norm.weight,8.109336e+00,3.507934e-02,4.325797e-03
3000,layers.4.k_norm.bias,3.169377e-01,2.586379e-02,8.160530e-02
3000,layers.4.ln_pre.weight,7.969510e+00,1.550259e-02,1.945237e-03
3000,layers.4.ln_pre.bias,5.579697e-02,9.120883e-03,1.634656e-01
3000,layers.4.ln_post.weight,7.788004e+00,2.146627e-02,2.756326e-03
3000,layers.4.ln_post.bias,9.349537e-02,1.063349e-02,1.137328e-01
3000,layers.5.qkv_lut.weights,7.467639e+01,1.745410e+01,2.337298e-01
3000,layers.5.qkv_lut.log_soft_score_temp,5.023426e-01,1.637781e-02,3.260286e-02
3000,layers.5.qkv_lut.log_select_temp,7.067497e-01,3.621042e-03,5.123513e-03
3000,layers.5.v_lut.weights,4.945412e+01,1.067614e+01,2.158798e-01
3000,layers.5.v_lut.log_soft_score_temp,8.940454e-01,7.165194e-03,8.014351e-03
3000,layers.5.v_lut.log_select_temp,9.169094e-01,1.405936e-02,1.533343e-02
3000,layers.5.out_proj.weights,9.213334e+01,1.939277e+01,2.104859e-01
3000,layers.5.out_proj.log_soft_score_temp,6.073816e-01,7.814586e-03,1.286602e-02
3000,layers.5.out_proj.log_select_temp,7.112647e-01,1.713878e-02,2.409620e-02
3000,layers.5.residual_lut.weights,6.955064e+01,1.537609e+01,2.210777e-01
3000,layers.5.residual_lut.log_soft_score_temp,3.985426e-01,1.180661e-02,2.962446e-02
3000,layers.5.residual_lut.log_select_temp,7.999707e-01,2.086711e-02,2.608484e-02
3000,layers.5.q_norm.weight,8.246677e+00,3.790670e-02,4.596603e-03
3000,layers.5.q_norm.bias,1.953329e-01,2.276142e-02,1.165263e-01
3000,layers.5.k_norm.weight,8.244370e+00,3.812606e-02,4.624496e-03
3000,layers.5.k_norm.bias,2.075920e-01,2.567950e-02,1.237018e-01
3000,layers.5.ln_pre.weight,7.991915e+00,1.598403e-02,2.000025e-03
3000,layers.5.ln_pre.bias,4.932080e-02,8.904580e-03,1.805441e-01
3000,layers.5.ln_post.weight,7.811588e+00,1.966104e-02,2.516906e-03
3000,layers.5.ln_post.bias,7.345739e-02,9.927217e-03,1.351425e-01
3000,ln_final.weight,2.887622e+01,5.955167e-01,2.062308e-02
3000,ln_final.bias,1.262880e+00,5.810019e-02,4.600610e-02
3200,tok_emb_E.weight,8.520280e+01,3.123741e+00,3.666243e-02
3200,unembedder.weight,2.088533e+02,1.674808e+01,8.019066e-02
3200,layers.0.qkv_lut.weights,7.674619e+01,1.519491e+01,1.979891e-01
3200,layers.0.qkv_lut.log_soft_score_temp,8.937726e-01,7.001758e-04,7.833936e-04
3200,layers.0.qkv_lut.log_select_temp,9.523561e-01,1.278651e-02,1.342618e-02
3200,layers.0.v_lut.weights,4.997995e+01,9.707242e+00,1.942227e-01
3200,layers.0.v_lut.log_soft_score_temp,1.001024e+00,7.017255e-03,7.010077e-03
3200,layers.0.v_lut.log_select_temp,1.164512e+00,1.678562e-02,1.441430e-02
3200,layers.0.out_proj.weights,8.260650e+01,1.663716e+01,2.014026e-01
3200,layers.0.out_proj.log_soft_score_temp,3.908472e-01,3.391898e-02,8.678321e-02
3200,layers.0.out_proj.log_select_temp,8.304570e-01,5.509853e-04,6.634724e-04
3200,layers.0.residual_lut.weights,7.424303e+01,1.406057e+01,1.893857e-01
3200,layers.0.residual_lut.log_soft_score_temp,6.586573e-01,1.336449e-02,2.029051e-02
3200,layers.0.residual_lut.log_select_temp,1.021433e+00,1.861560e-02,1.822498e-02
3200,layers.0.q_norm.weight,8.886363e+00,3.176321e-02,3.574376e-03
3200,layers.0.q_norm.bias,7.074515e-01,2.369604e-02,3.349493e-02
3200,layers.0.k_norm.weight,8.876442e+00,3.026063e-02,3.409094e-03
3200,layers.0.k_norm.bias,8.744845e-01,3.022198e-02,3.455977e-02
3200,layers.0.ln_pre.weight,8.158789e+00,1.979833e-02,2.426626e-03
3200,layers.0.ln_pre.bias,4.004858e-02,1.836416e-02,4.585470e-01
3200,layers.0.ln_post.weight,8.015620e+00,2.013995e-02,2.512588e-03
3200,layers.0.ln_post.bias,6.647888e-02,1.053575e-02,1.584826e-01
3200,layers.1.qkv_lut.weights,7.564556e+01,1.608385e+01,2.126212e-01
3200,layers.1.qkv_lut.log_soft_score_temp,3.421736e-01,9.046257e-03,2.643762e-02
3200,layers.1.qkv_lut.log_select_temp,7.028887e-01,1.300329e-02,1.849979e-02
3200,layers.1.v_lut.weights,5.035009e+01,1.032127e+01,2.049900e-01
3200,layers.1.v_lut.log_soft_score_temp,6.100097e-01,2.344686e-02,3.843686e-02
3200,layers.1.v_lut.log_select_temp,9.500518e-01,4.001200e-03,4.211560e-03
3200,layers.1.out_proj.weights,8.288364e+01,1.719930e+01,2.075114e-01
3200,layers.1.out_proj.log_soft_score_temp,3.062214e-01,3.903902e-02,1.274863e-01
3200,layers.1.out_proj.log_select_temp,7.992098e-01,5.257487e-03,6.578357e-03
3200,layers.1.residual_lut.weights,7.247549e+01,1.419514e+01,1.958613e-01
3200,layers.1.residual_lut.log_soft_score_temp,4.466562e-01,2.566242e-02,5.745453e-02
3200,layers.1.residual_lut.log_select_temp,9.617946e-01,1.055080e-02,1.096991e-02
3200,layers.1.q_norm.weight,8.517148e+00,1.825606e-02,2.143447e-03
3200,layers.1.q_norm.bias,5.727199e-01,1.965134e-02,3.431231e-02
3200,layers.1.k_norm.weight,8.488835e+00,2.025797e-02,2.386425e-03
3200,layers.1.k_norm.bias,1.016677e+00,2.999896e-02,2.950688e-02
3200,layers.1.ln_pre.weight,7.874431e+00,1.961533e-02,2.491016e-03
3200,layers.1.ln_pre.bias,6.963567e-02,1.210217e-02,1.737927e-01
3200,layers.1.ln_post.weight,7.918815e+00,2.253062e-02,2.845201e-03
3200,layers.1.ln_post.bias,5.671893e-02,1.365031e-02,2.406658e-01
3200,layers.2.qkv_lut.weights,7.590499e+01,1.627051e+01,2.143536e-01
3200,layers.2.qkv_lut.log_soft_score_temp,2.977925e-01,2.346212e-02,7.878680e-02
3200,layers.2.qkv_lut.log_select_temp,8.605126e-01,1.399726e-02,1.626619e-02
3200,layers.2.v_lut.weights,5.036631e+01,9.985491e+00,1.982573e-01
3200,layers.2.v_lut.log_soft_score_temp,7.178395e-01,2.798611e-02,3.898658e-02
3200,layers.2.v_lut.log_select_temp,1.057274e+00,6.989360e-03,6.610734e-03
3200,layers.2.out_proj.weights,8.536025e+01,1.768771e+01,2.072125e-01
3200,layers.2.out_proj.log_soft_score_temp,4.473174e-01,2.747151e-02,6.141392e-02
3200,layers.2.out_proj.log_select_temp,8.923621e-01,1.057327e-02,1.184863e-02
3200,layers.2.residual_lut.weights,7.183107e+01,1.431183e+01,1.992429e-01
3200,layers.2.residual_lut.log_soft_score_temp,3.294505e-01,2.871308e-02,8.715444e-02
3200,layers.2.residual_lut.log_select_temp,9.433919e-01,1.194775e-02,1.266467e-02
3200,layers.2.q_norm.weight,8.676669e+00,3.490866e-02,4.023279e-03
3200,layers.2.q_norm.bias,3.966181e-01,1.715505e-02,4.325332e-02
3200,layers.2.k_norm.weight,8.615839e+00,3.490671e-02,4.051458e-03
3200,layers.2.k_norm.bias,6.726658e-01,2.807348e-02,4.173467e-02
3200,layers.2.ln_pre.weight,7.923210e+00,1.901584e-02,2.400018e-03
3200,layers.2.ln_pre.bias,5.915206e-02,8.525742e-03,1.441326e-01
3200,layers.2.ln_post.weight,7.848650e+00,2.300643e-02,2.931260e-03
3200,layers.2.ln_post.bias,9.462422e-02,1.374886e-02,1.452996e-01
3200,layers.3.qkv_lut.weights,7.601514e+01,1.645084e+01,2.164152e-01
3200,layers.3.qkv_lut.log_soft_score_temp,2.475796e-01,2.197342e-02,8.875294e-02
3200,layers.3.qkv_lut.log_select_temp,8.059362e-01,1.511782e-02,1.875809e-02
3200,layers.3.v_lut.weights,5.057294e+01,1.013031e+01,2.003109e-01
3200,layers.3.v_lut.log_soft_score_temp,7.432640e-01,2.712965e-02,3.650069e-02
3200,layers.3.v_lut.log_select_temp,1.084250e+00,1.097572e-02,1.012287e-02
3200,layers.3.out_proj.weights,8.708871e+01,1.775283e+01,2.038476e-01
3200,layers.3.out_proj.log_soft_score_temp,5.466830e-01,2.471238e-02,4.520423e-02
3200,layers.3.out_proj.log_select_temp,9.252115e-01,9.305298e-03,1.005748e-02
3200,layers.3.residual_lut.weights,7.185031e+01,1.440493e+01,2.004853e-01
3200,layers.3.residual_lut.log_soft_score_temp,3.026170e-01,2.904245e-02,9.597098e-02
3200,layers.3.residual_lut.log_select_temp,9.092092e-01,1.363397e-02,1.499541e-02
3200,layers.3.q_norm.weight,8.424216e+00,2.420952e-02,2.873801e-03
3200,layers.3.q_norm.bias,4.207199e-01,1.701687e-02,4.044703e-02
3200,layers.3.k_norm.weight,8.388211e+00,2.645681e-02,3.154047e-03
3200,layers.3.k_norm.bias,8.433379e-01,2.397059e-02,2.842347e-02
3200,layers.3.ln_pre.weight,7.913552e+00,1.870738e-02,2.363967e-03
3200,layers.3.ln_pre.bias,5.389128e-02,8.864827e-03,1.644946e-01
3200,layers.3.ln_post.weight,7.827211e+00,2.067528e-02,2.641462e-03
3200,layers.3.ln_post.bias,9.585428e-02,1.136839e-02,1.186008e-01
3200,layers.4.qkv_lut.weights,7.675246e+01,1.649830e+01,2.149546e-01
3200,layers.4.qkv_lut.log_soft_score_temp,3.698473e-01,1.938191e-02,5.240517e-02
3200,layers.4.qkv_lut.log_select_temp,7.519703e-01,9.396970e-03,1.249646e-02
3200,layers.4.v_lut.weights,5.005588e+01,9.805215e+00,1.958854e-01
3200,layers.4.v_lut.log_soft_score_temp,9.191605e-01,6.150723e-03,6.691674e-03
3200,layers.4.v_lut.log_select_temp,9.796063e-01,1.599538e-02,1.632838e-02
3200,layers.4.out_proj.weights,8.535066e+01,1.802057e+01,2.111356e-01
3200,layers.4.out_proj.log_soft_score_temp,4.497078e-01,1.328099e-02,2.953248e-02
3200,layers.4.out_proj.log_select_temp,6.462227e-01,2.449036e-03,3.789771e-03
3200,layers.4.residual_lut.weights,7.055432e+01,1.455957e+01,2.063598e-01
3200,layers.4.residual_lut.log_soft_score_temp,2.912627e-01,2.429721e-02,8.342024e-02
3200,layers.4.residual_lut.log_select_temp,8.219093e-01,1.535791e-02,1.868565e-02
3200,layers.4.q_norm.weight,8.140016e+00,2.466104e-02,3.029606e-03
3200,layers.4.q_norm.bias,2.533565e-01,1.927272e-02,7.606959e-02
3200,layers.4.k_norm.weight,8.115044e+00,2.630835e-02,3.241923e-03
3200,layers.4.k_norm.bias,3.265453e-01,1.990170e-02,6.094621e-02
3200,layers.4.ln_pre.weight,7.967485e+00,1.489959e-02,1.870049e-03
3200,layers.4.ln_pre.bias,5.774637e-02,8.653922e-03,1.498609e-01
3200,layers.4.ln_post.weight,7.775108e+00,2.172726e-02,2.794464e-03
3200,layers.4.ln_post.bias,9.995266e-02,1.133984e-02,1.134521e-01
3200,layers.5.qkv_lut.weights,7.680475e+01,1.680974e+01,2.188633e-01
3200,layers.5.qkv_lut.log_soft_score_temp,4.819542e-01,2.038842e-02,4.230366e-02
3200,layers.5.qkv_lut.log_select_temp,7.076378e-01,8.881092e-04,1.255034e-03
3200,layers.5.v_lut.weights,5.091797e+01,1.028430e+01,2.019778e-01
3200,layers.5.v_lut.log_soft_score_temp,9.033078e-01,9.262383e-03,1.025385e-02
3200,layers.5.v_lut.log_select_temp,9.307804e-01,1.387095e-02,1.490250e-02
3200,layers.5.out_proj.weights,9.468588e+01,1.864161e+01,1.968785e-01
3200,layers.5.out_proj.log_soft_score_temp,6.156992e-01,8.317649e-03,1.350927e-02
3200,layers.5.out_proj.log_select_temp,7.289907e-01,1.772600e-02,2.431582e-02
3200,layers.5.residual_lut.weights,7.167114e+01,1.483545e+01,2.069934e-01
3200,layers.5.residual_lut.log_soft_score_temp,3.852898e-01,1.325276e-02,3.439687e-02
3200,layers.5.residual_lut.log_select_temp,8.202173e-01,2.024651e-02,2.468432e-02
3200,layers.5.q_norm.weight,8.266945e+00,2.938017e-02,3.553933e-03
3200,layers.5.q_norm.bias,2.082248e-01,2.110409e-02,1.013524e-01
3200,layers.5.k_norm.weight,8.263225e+00,2.953066e-02,3.573745e-03
3200,layers.5.k_norm.bias,2.269776e-01,2.585050e-02,1.138901e-01
3200,layers.5.ln_pre.weight,7.990110e+00,1.939756e-02,2.427697e-03
3200,layers.5.ln_pre.bias,5.313589e-02,9.814971e-03,1.847145e-01
3200,layers.5.ln_post.weight,7.803937e+00,1.750101e-02,2.242587e-03
3200,layers.5.ln_post.bias,7.755157e-02,8.770677e-03,1.130948e-01
3200,ln_final.weight,2.944976e+01,5.762612e-01,1.956760e-02
3200,ln_final.bias,1.267762e+00,6.103598e-02,4.814468e-02
3400,tok_emb_E.weight,8.528474e+01,2.990149e+00,3.506077e-02
3400,unembedder.weight,2.108527e+02,1.607789e+01,7.625176e-02
3400,layers.0.qkv_lut.weights,7.864790e+01,1.461070e+01,1.857735e-01
3400,layers.0.qkv_lut.log_soft_score_temp,8.995773e-01,5.804658e-03,6.452651e-03
3400,layers.0.qkv_lut.log_select_temp,9.697751e-01,1.741898e-02,1.796188e-02
3400,layers.0.v_lut.weights,5.118667e+01,9.330555e+00,1.822849e-01
3400,layers.0.v_lut.log_soft_score_temp,9.893371e-01,1.168680e-02,1.181276e-02
3400,layers.0.v_lut.log_select_temp,1.179213e+00,1.470113e-02,1.246690e-02
3400,layers.0.out_proj.weights,8.448595e+01,1.592484e+01,1.884910e-01
3400,layers.0.out_proj.log_soft_score_temp,3.574205e-01,3.342676e-02,9.352224e-02
3400,layers.0.out_proj.log_select_temp,8.277164e-01,2.740622e-03,3.311063e-03
3400,layers.0.residual_lut.weights,7.615270e+01,1.346813e+01,1.768569e-01
3400,layers.0.residual_lut.log_soft_score_temp,6.466579e-01,1.199943e-02,1.855607e-02
3400,layers.0.residual_lut.log_select_temp,1.039194e+00,1.776040e-02,1.709055e-02
3400,layers.0.q_norm.weight,8.911739e+00,3.206166e-02,3.597688e-03
3400,layers.0.q_norm.bias,7.217952e-01,1.897621e-02,2.629030e-02
3400,layers.0.k_norm.weight,8.900908e+00,3.178367e-02,3.570834e-03
3400,layers.0.k_norm.bias,8.926605e-01,2.600719e-02,2.913447e-02
3400,layers.0.ln_pre.weight,8.158137e+00,2.213840e-02,2.713659e-03
3400,layers.0.ln_pre.bias,4.201605e-02,1.578198e-02,3.756179e-01
3400,layers.0.ln_post.weight,8.012222e+00,1.790901e-02,2.235211e-03
3400,layers.0.ln_post.bias,6.855270e-02,1.062648e-02,1.550118e-01
3400,layers.1.qkv_lut.weights,7.753257e+01,1.540557e+01,1.986981e-01
3400,layers.1.qkv_lut.log_soft_score_temp,3.354276e-01,6.746054e-03,2.011181e-02
3400,layers.1.qkv_lut.log_select_temp,7.180196e-01,1.513094e-02,2.107315e-02
3400,layers.1.v_lut.weights,5.154099e+01,9.867894e+00,1.914572e-01
3400,layers.1.v_lut.log_soft_score_temp,5.875448e-01,2.246487e-02,3.823516e-02
3400,layers.1.v_lut.log_select_temp,9.537345e-01,3.682613e-03,3.861256e-03
3400,layers.1.out_proj.weights,8.483215e+01,1.645879e+01,1.940159e-01
3400,layers.1.out_proj.log_soft_score_temp,2.699563e-01,3.626511e-02,1.343370e-01
3400,layers.1.out_proj.log_select_temp,7.967393e-01,2.470493e-03,3.100755e-03
3400,layers.1.residual_lut.weights,7.415040e+01,1.356316e+01,1.829142e-01
3400,layers.1.residual_lut.log_soft_score_temp,4.211778e-01,2.547839e-02,6.049319e-02
3400,layers.1.residual_lut.log_select_temp,9.701624e-01,8.367777e-03,8.625130e-03
3400,layers.1.q_norm.weight,8.530977e+00,2.224039e-02,2.607016e-03
3400,layers.1.q_norm.bias,5.836824e-01,1.671879e-02,2.864364e-02
3400,layers.1.k_norm.weight,8.501477e+00,2.269310e-02,2.669312e-03
3400,layers.1.k_norm.bias,1.041453e+00,2.983627e-02,2.864869e-02
3400,layers.1.ln_pre.weight,7.869335e+00,2.165912e-02,2.752344e-03
3400,layers.1.ln_pre.bias,7.225341e-02,1.278604e-02,1.769610e-01
3400,layers.1.ln_post.weight,7.908896e+00,2.170721e-02,2.744658e-03
3400,layers.1.ln_post.bias,5.915997e-02,1.449029e-02,2.449341e-01
3400,layers.2.qkv_lut.weights,7.774632e+01,1.556516e+01,2.002045e-01
3400,layers.2.qkv_lut.log_soft_score_temp,2.752984e-01,2.249405e-02,8.170787e-02
3400,layers.2.qkv_lut.log_select_temp,8.743461e-01,1.383358e-02,1.582163e-02
3400,layers.2.v_lut.weights,5.160547e+01,9.544265e+00,1.849468e-01
3400,layers.2.v_lut.log_soft_score_temp,6.905653e-01,2.727419e-02,3.949546e-02
3400,layers.2.v_lut.log_select_temp,1.063415e+00,6.140590e-03,5.774405e-03
3400,layers.2.out_proj.weights,8.756780e+01,1.689975e+01,1.929905e-01
3400,layers.2.out_proj.log_soft_score_temp,4.171261e-01,3.019130e-02,7.237932e-02
3400,layers.2.out_proj.log_select_temp,9.016605e-01,9.298444e-03,1.031258e-02
3400,layers.2.residual_lut.weights,7.351250e+01,1.368819e+01,1.862022e-01
3400,layers.2.residual_lut.log_soft_score_temp,3.036556e-01,2.579495e-02,8.494806e-02
3400,layers.2.residual_lut.log_select_temp,9.540263e-01,1.063448e-02,1.114695e-02
3400,layers.2.q_norm.weight,8.699704e+00,3.042444e-02,3.497181e-03
3400,layers.2.q_norm.bias,4.084721e-01,1.670076e-02,4.088591e-02
3400,layers.2.k_norm.weight,8.637180e+00,3.055166e-02,3.537227e-03
3400,layers.2.k_norm.bias,6.926716e-01,2.522504e-02,3.641703e-02
3400,layers.2.ln_pre.weight,7.915967e+00,1.390948e-02,1.757142e-03
3400,layers.2.ln_pre.bias,6.124546e-02,8.487029e-03,1.385740e-01
3400,layers.2.ln_post.weight,7.837964e+00,2.316147e-02,2.955037e-03
3400,layers.2.ln_post.bias,9.729555e-02,1.204474e-02,1.237954e-01
3400,layers.3.qkv_lut.weights,7.787789e+01,1.574274e+01,2.021465e-01
3400,layers.3.qkv_lut.log_soft_score_temp,2.269550e-01,2.062458e-02,9.087518e-02
3400,layers.3.qkv_lut.log_select_temp,8.204396e-01,1.450336e-02,1.767755e-02
3400,layers.3.v_lut.weights,5.182932e+01,9.672101e+00,1.866145e-01
3400,layers.3.v_lut.log_soft_score_temp,7.160049e-01,2.725905e-02,3.807104e-02
3400,layers.3.v_lut.log_select_temp,1.092820e+00,8.569479e-03,7.841623e-03
3400,layers.3.out_proj.weights,8.938760e+01,1.700947e+01,1.902889e-01
3400,layers.3.out_proj.log_soft_score_temp,5.257300e-01,2.095294e-02,3.985494e-02
3400,layers.3.out_proj.log_select_temp,9.366947e-01,1.148319e-02,1.225927e-02
3400,layers.3.residual_lut.weights,7.357719e+01,1.378585e+01,1.873658e-01
3400,layers.3.residual_lut.log_soft_score_temp,2.762004e-01,2.641666e-02,9.564310e-02
3400,layers.3.residual_lut.log_select_temp,9.227417e-01,1.353246e-02,1.466549e-02
3400,layers.3.q_norm.weight,8.434915e+00,1.966120e-02,2.330931e-03
3400,layers.3.q_norm.bias,4.275754e-01,1.443861e-02,3.376856e-02
3400,layers.3.k_norm.weight,8.397910e+00,2.291464e-02,2.728612e-03
3400,layers.3.k_norm.bias,8.639520e-01,2.754603e-02,3.188375e-02
3400,layers.3.ln_pre.weight,7.907044e+00,2.046632e-02,2.588365e-03
3400,layers.3.ln_pre.bias,5.558728e-02,1.045607e-02,1.881019e-01
3400,layers.3.ln_post.weight,7.815614e+00,2.095688e-02,2.681411e-03
3400,layers.3.ln_post.bias,1.005640e-01,1.098602e-02,1.092440e-01
3400,layers.4.qkv_lut.weights,7.865945e+01,1.585990e+01,2.016274e-01
3400,layers.4.qkv_lut.log_soft_score_temp,3.529546e-01,1.689270e-02,4.786084e-02
3400,layers.4.qkv_lut.log_select_temp,7.611495e-01,9.179235e-03,1.205970e-02
3400,layers.4.v_lut.weights,5.128832e+01,9.396334e+00,1.832061e-01
3400,layers.4.v_lut.log_soft_score_temp,9.202477e-01,1.087189e-03,1.181409e-03
3400,layers.4.v_lut.log_select_temp,9.921340e-01,1.252770e-02,1.262703e-02
3400,layers.4.out_proj.weights,8.748840e+01,1.723046e+01,1.969457e-01
3400,layers.4.out_proj.log_soft_score_temp,4.393069e-01,1.040092e-02,2.367575e-02
3400,layers.4.out_proj.log_select_temp,6.504256e-01,4.202902e-03,6.461773e-03
3400,layers.4.residual_lut.weights,7.231915e+01,1.390098e+01,1.922172e-01
3400,layers.4.residual_lut.log_soft_score_temp,2.699773e-01,2.128544e-02,7.884161e-02
3400,layers.4.residual_lut.log_select_temp,8.390228e-01,1.711351e-02,2.039695e-02
3400,layers.4.q_norm.weight,8.152230e+00,2.545496e-02,3.122454e-03
3400,layers.4.q_norm.bias,2.670455e-01,2.047069e-02,7.665620e-02
3400,layers.4.k_norm.weight,8.125875e+00,2.841192e-02,3.496475e-03
3400,layers.4.k_norm.bias,3.396435e-01,2.321571e-02,6.835317e-02
3400,layers.4.ln_pre.weight,7.964752e+00,1.528666e-02,1.919288e-03
3400,layers.4.ln_pre.bias,5.947784e-02,8.034368e-03,1.350817e-01
3400,layers.4.ln_post.weight,7.764608e+00,2.081472e-02,2.680718e-03
3400,layers.4.ln_post.bias,1.095334e-01,1.462009e-02,1.334761e-01
3400,layers.5.qkv_lut.weights,7.868385e+01,1.600415e+01,2.033981e-01
3400,layers.5.qkv_lut.log_soft_score_temp,4.668176e-01,1.513660e-02,3.242509e-02
3400,layers.5.qkv_lut.log_select_temp,7.139935e-01,6.355703e-03,8.901625e-03
3400,layers.5.v_lut.weights,5.222503e+01,9.816276e+00,1.879611e-01
3400,layers.5.v_lut.log_soft_score_temp,9.099815e-01,6.673753e-03,7.333943e-03
3400,layers.5.v_lut.log_select_temp,9.442295e-01,1.344913e-02,1.424350e-02
3400,layers.5.out_proj.weights,9.701016e+01,1.785149e+01,1.840167e-01
3400,layers.5.out_proj.log_soft_score_temp,6.234159e-01,7.716656e-03,1.237802e-02
3400,layers.5.out_proj.log_select_temp,7.457374e-01,1.674676e-02,2.245664e-02
3400,layers.5.residual_lut.weights,7.359239e+01,1.422571e+01,1.933041e-01
3400,layers.5.residual_lut.log_soft_score_temp,3.740022e-01,1.128766e-02,3.018073e-02
3400,layers.5.residual_lut.log_select_temp,8.384426e-01,1.822537e-02,2.173717e-02
3400,layers.5.q_norm.weight,8.286875e+00,3.334626e-02,4.023985e-03
3400,layers.5.q_norm.bias,2.167584e-01,1.814872e-02,8.372789e-02
3400,layers.5.k_norm.weight,8.282780e+00,3.256155e-02,3.931234e-03
3400,layers.5.k_norm.bias,2.343632e-01,1.838792e-02,7.845908e-02
3400,layers.5.ln_pre.weight,7.989398e+00,1.596197e-02,1.997894e-03
3400,layers.5.ln_pre.bias,5.561041e-02,8.517655e-03,1.531665e-01
3400,layers.5.ln_post.weight,7.797237e+00,1.683828e-02,2.159519e-03
3400,layers.5.ln_post.bias,8.092363e-02,9.135704e-03,1.128929e-01
3400,ln_final.weight,3.000854e+01,5.614296e-01,1.870900e-02
3400,ln_final.bias,1.272124e+00,5.793074e-02,4.553859e-02
3600,tok_emb_E.weight,8.536031e+01,2.856575e+00,3.346491e-02
3600,unembedder.weight,2.126749e+02,1.544135e+01,7.260541e-02
3600,layers.0.qkv_lut.weights,8.032673e+01,1.394759e+01,1.736357e-01
3600,layers.0.qkv_lut.log_soft_score_temp,8.998187e-01,2.413988e-04,2.682750e-04
3600,layers.0.qkv_lut.log_select_temp,9.809824e-01,1.120728e-02,1.142455e-02
3600,layers.0.v_lut.weights,5.227173e+01,8.919011e+00,1.706278e-01
3600,layers.0.v_lut.log_soft_score_temp,9.810420e-01,8.295059e-03,8.455356e-03
3600,layers.0.v_lut.log_select_temp,1.194292e+00,1.507878e-02,1.262571e-02
3600,layers.0.out_proj.weights,8.619480e+01,1.519259e+01,1.762588e-01
3600,layers.0.out_proj.log_soft_score_temp,3.263588e-01,3.106168e-02,9.517647e-02
3600,layers.0.out_proj.log_select_temp,8.300406e-01,2.324164e-03,2.800061e-03
3600,layers.0.residual_lut.weights,7.788729e+01,1.284662e+01,1.649386e-01
3600,layers.0.residual_lut.log_soft_score_temp,6.361358e-01,1.052207e-02,1.654060e-02
3600,layers.0.residual_lut.log_select_temp,1.057103e+00,1.790941e-02,1.694197e-02
3600,layers.0.q_norm.weight,8.933149e+00,2.796692e-02,3.130690e-03
3600,layers.0.q_norm.bias,7.399196e-01,2.186502e-02,2.955054e-02
3600,layers.0.k_norm.weight,8.921508e+00,2.629757e-02,2.947660e-03
3600,layers.0.k_norm.bias,9.115415e-01,2.418158e-02,2.652823e-02
3600,layers.0.ln_pre.weight,8.157441e+00,1.718767e-02,2.106993e-03
3600,layers.0.ln_pre.bias,4.068849e-02,1.774098e-02,4.360196e-01
3600,layers.0.ln_post.weight,8.008946e+00,1.770300e-02,2.210403e-03
3600,layers.0.ln_post.bias,7.068766e-02,1.045806e-02,1.479475e-01
3600,layers.1.qkv_lut.weights,7.918320e+01,1.468985e+01,1.855172e-01
3600,layers.1.qkv_lut.log_soft_score_temp,3.258337e-01,9.593815e-03,2.944390e-02
3600,layers.1.qkv_lut.log_select_temp,7.288334e-01,1.081377e-02,1.483710e-02
3600,layers.1.v_lut.weights,5.257600e+01,9.408116e+00,1.789432e-01
3600,layers.1.v_lut.log_soft_score_temp,5.682932e-01,1.925159e-02,3.387615e-02
3600,layers.1.v_lut.log_select_temp,9.573438e-01,3.609300e-03,3.770119e-03
3600,layers.1.out_proj.weights,8.652163e+01,1.566234e+01,1.810223e-01
3600,layers.1.out_proj.log_soft_score_temp,2.346950e-01,3.526127e-02,1.502430e-01
3600,layers.1.out_proj.log_select_temp,7.911267e-01,5.612552e-03,7.094378e-03
3600,layers.1.residual_lut.weights,7.564333e+01,1.293762e+01,1.710345e-01
3600,layers.1.residual_lut.log_soft_score_temp,3.977027e-01,2.347517e-02,5.902694e-02
3600,layers.1.residual_lut.log_select_temp,9.804736e-01,1.031125e-02,1.051660e-02
3600,layers.1.q_norm.weight,8.541018e+00,1.868483e-02,2.187659e-03
3600,layers.1.q_norm.bias,5.954609e-01,1.584573e-02,2.661086e-02
3600,layers.1.k_norm.weight,8.510780e+00,1.865797e-02,2.192275e-03
3600,layers.1.k_norm.bias,1.070333e+00,3.347722e-02,3.127738e-02
3600,layers.1.ln_pre.weight,7.863361e+00,1.804892e-02,2.295319e-03
3600,layers.1.ln_pre.bias,7.539458e-02,1.107182e-02,1.468517e-01
3600,layers.1.ln_post.weight,7.899971e+00,2.390762e-02,3.026293e-03
3600,layers.1.ln_post.bias,6.190041e-02,1.182338e-02,1.910065e-01
3600,layers.2.qkv_lut.weights,7.939130e+01,1.485613e+01,1.871255e-01
3600,layers.2.qkv_lut.log_soft_score_temp,2.536590e-01,2.163941e-02,8.530904e-02
3600,layers.2.qkv_lut.log_select_temp,8.868788e-01,1.253271e-02,1.413125e-02
3600,layers.2.v_lut.weights,5.271506e+01,9.083274e+00,1.723089e-01
3600,layers.2.v_lut.log_soft_score_temp,6.654889e-01,2.507639e-02,3.768115e-02
3600,layers.2.v_lut.log_select_temp,1.068999e+00,5.583882e-03,5.223469e-03
3600,layers.2.out_proj.weights,8.951131e+01,1.608637e+01,1.797133e-01
3600,layers.2.out_proj.log_soft_score_temp,3.889358e-01,2.819031e-02,7.248064e-02
3600,layers.2.out_proj.log_select_temp,9.074216e-01,5.761147e-03,6.348919e-03
3600,layers.2.residual_lut.weights,7.498727e+01,1.306933e+01,1.742873e-01
3600,layers.2.residual_lut.log_soft_score_temp,2.773233e-01,2.633226e-02,9.495147e-02
3600,layers.2.residual_lut.log_select_temp,9.626384e-01,8.612096e-03,8.946346e-03
3600,layers.2.q_norm.weight,8.722184e+00,2.991332e-02,3.429567e-03
3600,layers.2.q_norm.bias,4.165386e-01,1.375823e-02,3.302990e-02
3600,layers.2.k_norm.weight,8.658891e+00,3.016466e-02,3.483663e-03
3600,layers.2.k_norm.bias,7.088240e-01,2.233831e-02,3.151461e-02
3600,layers.2.ln_pre.weight,7.908835e+00,1.496661e-02,1.892391e-03
3600,layers.2.ln_pre.bias,6.385883e-02,6.639367e-03,1.039694e-01
3600,layers.2.ln_post.weight,7.825812e+00,2.372669e-02,3.031850e-03
3600,layers.2.ln_post.bias,1.042150e-01,1.400950e-02,1.344288e-01
3600,layers.3.qkv_lut.weights,7.954283e+01,1.502272e+01,1.888632e-01
3600,layers.3.qkv_lut.log_soft_score_temp,2.039477e-01,2.300729e-02,1.128097e-01
3600,layers.3.qkv_lut.log_select_temp,8.324259e-01,1.198632e-02,1.439926e-02
3600,layers.3.v_lut.weights,5.293314e+01,9.216576e+00,1.741173e-01
3600,layers.3.v_lut.log_soft_score_temp,6.883015e-01,2.770340e-02,4.024894e-02
3600,layers.3.v_lut.log_select_temp,1.096583e+00,3.763080e-03,3.431643e-03
3600,layers.3.out_proj.weights,9.139861e+01,1.613165e+01,1.764978e-01
3600,layers.3.out_proj.log_soft_score_temp,5.024487e-01,2.328128e-02,4.633562e-02
3600,layers.3.out_proj.log_select_temp,9.445155e-01,7.820785e-03,8.280208e-03
3600,layers.3.residual_lut.weights,7.509274e+01,1.313730e+01,1.749477e-01
3600,layers.3.residual_lut.log_soft_score_temp,2.491136e-01,2.708670e-02,1.087323e-01
3600,layers.3.residual_lut.log_select_temp,9.333475e-01,1.060581e-02,1.136320e-02
3600,layers.3.q_norm.weight,8.447119e+00,2.371510e-02,2.807478e-03
3600,layers.3.q_norm.bias,4.370944e-01,1.601081e-02,3.663010e-02
3600,layers.3.k_norm.weight,8.409008e+00,2.337610e-02,2.779888e-03
3600,layers.3.k_norm.bias,8.801410e-01,3.079384e-02,3.498740e-02
3600,layers.3.ln_pre.weight,7.899686e+00,2.304854e-02,2.917653e-03
3600,layers.3.ln_pre.bias,5.829825e-02,9.179541e-03,1.574583e-01
3600,layers.3.ln_post.weight,7.802591e+00,2.354817e-02,3.017994e-03
3600,layers.3.ln_post.bias,1.066532e-01,1.052937e-02,9.872526e-02
3600,layers.4.qkv_lut.weights,8.033490e+01,1.502531e+01,1.870334e-01
3600,layers.4.qkv_lut.log_soft_score_temp,3.349100e-01,1.804453e-02,5.387874e-02
3600,layers.4.qkv_lut.log_select_temp,7.680349e-01,6.885350e-03,8.964892e-03
3600,layers.4.v_lut.weights,5.242989e+01,8.901833e+00,1.697855e-01
3600,layers.4.v_lut.log_soft_score_temp,9.249894e-01,4.741669e-03,5.126187e-03
3600,layers.4.v_lut.log_select_temp,1.006855e+00,1.472068e-02,1.462046e-02
3600,layers.4.out_proj.weights,8.946256e+01,1.636524e+01,1.829283e-01
3600,layers.4.out_proj.log_soft_score_temp,4.327097e-01,6.597131e-03,1.524609e-02
3600,layers.4.out_proj.log_select_temp,6.582431e-01,7.817566e-03,1.187641e-02
3600,layers.4.residual_lut.weights,7.385734e+01,1.323710e+01,1.792252e-01
3600,layers.4.residual_lut.log_soft_score_temp,2.481114e-01,2.186590e-02,8.812938e-02
3600,layers.4.residual_lut.log_select_temp,8.544186e-01,1.539582e-02,1.801906e-02
3600,layers.4.q_norm.weight,8.164276e+00,2.473244e-02,3.029349e-03
3600,layers.4.q_norm.bias,2.760516e-01,1.950220e-02,7.064693e-02
3600,layers.4.k_norm.weight,8.137054e+00,2.436033e-02,2.993753e-03
3600,layers.4.k_norm.bias,3.460076e-01,1.941657e-02,5.611601e-02
3600,layers.4.ln_pre.weight,7.961876e+00,1.439024e-02,1.807393e-03
3600,layers.4.ln_pre.bias,6.151555e-02,6.649819e-03,1.080998e-01
3600,layers.4.ln_post.weight,7.753159e+00,2.019699e-02,2.605001e-03
3600,layers.4.ln_post.bias,1.162071e-01,1.029234e-02,8.856897e-02
3600,layers.5.qkv_lut.weights,8.033570e+01,1.528013e+01,1.902035e-01
3600,layers.5.qkv_lut.log_soft_score_temp,4.476668e-01,1.915079e-02,4.277913e-02
3600,layers.5.qkv_lut.log_select_temp,7.145709e-01,5.773306e-04,8.079403e-04
3600,layers.5.v_lut.weights,5.339055e+01,9.389154e+00,1.758580e-01
3600,layers.5.v_lut.log_soft_score_temp,9.139848e-01,4.003227e-03,4.379971e-03
3600,layers.5.v_lut.log_select_temp,9.547748e-01,1.054531e-02,1.104482e-02
3600,layers.5.out_proj.weights,9.912082e+01,1.696271e+01,1.711316e-01
3600,layers.5.out_proj.log_soft_score_temp,6.295537e-01,6.137788e-03,9.749428e-03
3600,layers.5.out_proj.log_select_temp,7.630739e-01,1.733649e-02,2.271928e-02
3600,layers.5.residual_lut.weights,7.531583e+01,1.354406e+01,1.798302e-01
3600,layers.5.residual_lut.log_soft_score_temp,3.624112e-01,1.159096e-02,3.198289e-02
3600,layers.5.residual_lut.log_select_temp,8.579319e-01,1.948929e-02,2.271659e-02
3600,layers.5.q_norm.weight,8.303223e+00,2.729800e-02,3.287639e-03
3600,layers.5.q_norm.bias,2.288774e-01,1.869575e-02,8.168455e-02
3600,layers.5.k_norm.weight,8.298428e+00,2.817125e-02,3.394770e-03
3600,layers.5.k_norm.bias,2.436652e-01,2.522608e-02,1.035276e-01
3600,layers.5.ln_pre.weight,7.987000e+00,1.486096e-02,1.860643e-03
3600,layers.5.ln_pre.bias,5.798166e-02,8.806149e-03,1.518782e-01
3600,layers.5.ln_post.weight,7.790924e+00,1.806591e-02,2.318841e-03
3600,layers.5.ln_post.bias,8.507918e-02,8.963048e-03,1.053495e-01
3600,ln_final.weight,3.054155e+01,5.354432e-01,1.753163e-02
3600,ln_final.bias,1.277519e+00,5.631656e-02,4.408276e-02
3800,tok_emb_E.weight,8.542854e+01,2.719155e+00,3.182958e-02
3800,unembedder.weight,2.143116e+02,1.473222e+01,6.874205e-02
3800,layers.0.qkv_lut.weights,8.182042e+01,1.323419e+01,1.617467e-01
3800,layers.0.qkv_lut.log_soft_score_temp,9.008444e-01,1.025736e-03,1.138639e-03
3800,layers.0.qkv_lut.log_select_temp,9.941506e-01,1.316822e-02,1.324570e-02
3800,layers.0.v_lut.weights,5.322685e+01,8.475193e+00,1.592278e-01
3800,layers.0.v_lut.log_soft_score_temp,9.693455e-01,1.169658e-02,1.206647e-02
3800,layers.0.v_lut.log_select_temp,1.208093e+00,1.380134e-02,1.142407e-02
3800,layers.0.out_proj.weights,8.769208e+01,1.442621e+01,1.645099e-01
3800,layers.0.out_proj.log_soft_score_temp,2.976018e-01,2.875695e-02,9.662892e-02
3800,layers.0.out_proj.log_select_temp,8.321562e-01,2.115607e-03,2.542320e-03
3800,layers.0.residual_lut.weights,7.944485e+01,1.222616e+01,1.538950e-01
3800,layers.0.residual_lut.log_soft_score_temp,6.239437e-01,1.219213e-02,1.954043e-02
3800,layers.0.residual_lut.log_select_temp,1.075483e+00,1.837957e-02,1.708960e-02
3800,layers.0.q_norm.weight,8.955827e+00,2.705121e-02,3.020515e-03
3800,layers.0.q_norm.bias,7.523805e-01,1.703993e-02,2.264802e-02
3800,layers.0.k_norm.weight,8.943014e+00,2.591402e-02,2.897683e-03
3800,layers.0.k_norm.bias,9.308301e-01,2.361585e-02,2.537074e-02
3800,layers.0.ln_pre.weight,8.155991e+00,1.823750e-02,2.236087e-03
3800,layers.0.ln_pre.bias,4.244220e-02,1.701566e-02,4.009137e-01
3800,layers.0.ln_post.weight,8.005722e+00,1.732877e-02,2.164549e-03
3800,layers.0.ln_post.bias,7.377237e-02,1.145382e-02,1.552590e-01
3800,layers.1.qkv_lut.weights,8.065689e+01,1.397156e+01,1.732222e-01
3800,layers.1.qkv_lut.log_soft_score_temp,3.173849e-01,8.448839e-03,2.662017e-02
3800,layers.1.qkv_lut.log_select_temp,7.398697e-01,1.103628e-02,1.491652e-02
3800,layers.1.v_lut.weights,5.349561e+01,8.960542e+00,1.675005e-01
3800,layers.1.v_lut.log_soft_score_temp,5.487945e-01,1.949871e-02,3.553007e-02
3800,layers.1.v_lut.log_select_temp,9.603521e-01,3.008366e-03,3.132565e-03
3800,layers.1.out_proj.weights,8.801073e+01,1.490410e+01,1.693441e-01
3800,layers.1.out_proj.log_soft_score_temp,2.016079e-01,3.308713e-02,1.641163e-01
3800,layers.1.out_proj.log_select_temp,7.875345e-01,3.592193e-03,4.561315e-03
3800,layers.1.residual_lut.weights,7.696257e+01,1.231736e+01,1.600435e-01
3800,layers.1.residual_lut.log_soft_score_temp,3.740932e-01,2.360943e-02,6.311108e-02
3800,layers.1.residual_lut.log_select_temp,9.920944e-01,1.162076e-02,1.171336e-02
3800,layers.1.q_norm.weight,8.547726e+00,1.536475e-02,1.797525e-03
3800,layers.1.q_norm.bias,6.045059e-01,1.469876e-02,2.431533e-02
3800,layers.1.k_norm.weight,8.516541e+00,1.411786e-02,1.657699e-03
3800,layers.1.k_norm.bias,1.090335e+00,2.496023e-02,2.289227e-02
3800,layers.1.ln_pre.weight,7.858217e+00,1.866806e-02,2.375611e-03
3800,layers.1.ln_pre.bias,7.693629e-02,1.123175e-02,1.459876e-01
3800,layers.1.ln_post.weight,7.891253e+00,1.851262e-02,2.345967e-03
3800,layers.1.ln_post.bias,6.196096e-02,1.264143e-02,2.040225e-01
3800,layers.2.qkv_lut.weights,8.084881e+01,1.412108e+01,1.746603e-01
3800,layers.2.qkv_lut.log_soft_score_temp,2.348298e-01,1.882917e-02,8.018217e-02
3800,layers.2.qkv_lut.log_select_temp,8.990340e-01,1.215512e-02,1.352020e-02
3800,layers.2.v_lut.weights,5.370670e+01,8.662521e+00,1.612931e-01
3800,layers.2.v_lut.log_soft_score_temp,6.412457e-01,2.424318e-02,3.780637e-02
3800,layers.2.v_lut.log_select_temp,1.074503e+00,5.503774e-03,5.122159e-03
3800,layers.2.out_proj.weights,9.124995e+01,1.525198e+01,1.671451e-01
3800,layers.2.out_proj.log_soft_score_temp,3.622384e-01,2.669734e-02,7.370101e-02
3800,layers.2.out_proj.log_select_temp,9.148237e-01,7.402003e-03,8.091180e-03
3800,layers.2.residual_lut.weights,7.628877e+01,1.242223e+01,1.628317e-01
3800,layers.2.residual_lut.log_soft_score_temp,2.521800e-01,2.514336e-02,9.970401e-02
3800,layers.2.residual_lut.log_select_temp,9.726593e-01,1.002091e-02,1.030259e-02
3800,layers.2.q_norm.weight,8.745934e+00,3.217911e-02,3.679323e-03
3800,layers.2.q_norm.bias,4.253401e-01,1.403356e-02,3.299374e-02
3800,layers.2.k_norm.weight,8.681293e+00,3.206078e-02,3.693089e-03
3800,layers.2.k_norm.bias,7.255399e-01,2.296188e-02,3.164799e-02
3800,layers.2.ln_pre.weight,7.901917e+00,1.508240e-02,1.908702e-03
3800,layers.2.ln_pre.bias,6.602073e-02,5.519433e-03,8.360151e-02
3800,layers.2.ln_post.weight,7.814969e+00,1.895426e-02,2.425379e-03
3800,layers.2.ln_post.bias,1.085955e-01,1.125330e-02,1.036258e-01
3800,layers.3.qkv_lut.weights,8.100787e+01,1.425259e+01,1.759408e-01
3800,layers.3.qkv_lut.log_soft_score_temp,1.839768e-01,1.997089e-02,1.085511e-01
3800,layers.3.qkv_lut.log_select_temp,8.452845e-01,1.285857e-02,1.521212e-02
3800,layers.3.v_lut.weights,5.391446e+01,8.742522e+00,1.621554e-01
3800,layers.3.v_lut.log_soft_score_temp,6.630554e-01,2.524608e-02,3.807537e-02
3800,layers.3.v_lut.log_select_temp,1.101553e+00,4.970789e-03,4.512526e-03
3800,layers.3.out_proj.weights,9.321132e+01,1.534238e+01,1.645978e-01
3800,layers.3.out_proj.log_soft_score_temp,4.820239e-01,2.042487e-02,4.237316e-02
3800,layers.3.out_proj.log_select_temp,9.542493e-01,9.733796e-03,1.020047e-02
3800,layers.3.residual_lut.weights,7.642967e+01,1.249047e+01,1.634244e-01
3800,layers.3.residual_lut.log_soft_score_temp,2.240083e-01,2.510533e-02,1.120732e-01
3800,layers.3.residual_lut.log_select_temp,9.443295e-01,1.098204e-02,1.162945e-02
3800,layers.3.q_norm.weight,8.459103e+00,2.268165e-02,2.681331e-03
3800,layers.3.q_norm.bias,4.475774e-01,1.736109e-02,3.878902e-02
3800,layers.3.k_norm.weight,8.420559e+00,2.230873e-02,2.649317e-03
3800,layers.3.k_norm.bias,8.948534e-01,2.252681e-02,2.517375e-02
3800,layers.3.ln_pre.weight,7.893582e+00,1.871745e-02,2.371224e-03
3800,layers.3.ln_pre.bias,6.005027e-02,8.303612e-03,1.382777e-01
3800,layers.3.ln_post.weight,7.790293e+00,1.861706e-02,2.389777e-03
3800,layers.3.ln_post.bias,1.125733e-01,1.047097e-02,9.301467e-02
3800,layers.4.qkv_lut.weights,8.180924e+01,1.430441e+01,1.748508e-01
3800,layers.4.qkv_lut.log_soft_score_temp,3.176838e-01,1.722625e-02,5.422451e-02
3800,layers.4.qkv_lut.log_select_temp,7.759549e-01,7.920027e-03,1.020681e-02
3800,layers.4.v_lut.weights,5.340677e+01,8.452855e+00,1.582731e-01
3800,layers.4.v_lut.log_soft_score_temp,9.256876e-01,6.981492e-04,7.541953e-04
3800,layers.4.v_lut.log_select_temp,1.018392e+00,1.153755e-02,1.132918e-02
3800,layers.4.out_proj.weights,9.118951e+01,1.550938e+01,1.700785e-01
3800,layers.4.out_proj.log_soft_score_temp,4.250911e-01,7.618636e-03,1.792236e-02
3800,layers.4.out_proj.log_select_temp,6.650429e-01,6.799757e-03,1.022454e-02
3800,layers.4.residual_lut.weights,7.522498e+01,1.260999e+01,1.676303e-01
3800,layers.4.residual_lut.log_soft_score_temp,2.281498e-01,1.996157e-02,8.749323e-02
3800,layers.4.residual_lut.log_select_temp,8.695326e-01,1.511395e-02,1.738169e-02
3800,layers.4.q_norm.weight,8.178798e+00,2.334856e-02,2.854767e-03
3800,layers.4.q_norm.bias,2.870860e-01,1.627518e-02,5.669094e-02
3800,layers.4.k_norm.weight,8.150986e+00,2.185211e-02,2.680916e-03
3800,layers.4.k_norm.bias,3.595249e-01,2.172726e-02,6.043325e-02
3800,layers.4.ln_pre.weight,7.959218e+00,1.183602e-02,1.487083e-03
3800,layers.4.ln_pre.bias,6.532799e-02,8.211595e-03,1.256980e-01
3800,layers.4.ln_post.weight,7.743207e+00,2.016947e-02,2.604796e-03
3800,layers.4.ln_post.bias,1.213650e-01,9.847218e-03,8.113722e-02
3800,layers.5.qkv_lut.weights,8.181373e+01,1.452389e+01,1.775239e-01
3800,layers.5.qkv_lut.log_soft_score_temp,4.345603e-01,1.310650e-02,3.016036e-02
3800,layers.5.qkv_lut.log_select_temp,7.214030e-01,6.832123e-03,9.470605e-03
3800,layers.5.v_lut.weights,5.442688e+01,8.892265e+00,1.633800e-01
3800,layers.5.v_lut.log_soft_score_temp,9.162859e-01,2.301157e-03,2.511396e-03
3800,layers.5.v_lut.log_select_temp,9.653711e-01,1.059633e-02,1.097644e-02
3800,layers.5.out_proj.weights,1.010138e+02,1.601671e+01,1.585596e-01
3800,layers.5.out_proj.log_soft_score_temp,6.359340e-01,6.380320e-03,1.003299e-02
3800,layers.5.out_proj.log_select_temp,7.795002e-01,1.642632e-02,2.107289e-02
3800,layers.5.residual_lut.weights,7.684123e+01,1.286941e+01,1.674805e-01
3800,layers.5.residual_lut.log_soft_score_temp,3.514991e-01,1.091215e-02,3.104461e-02
3800,layers.5.residual_lut.log_select_temp,8.765955e-01,1.866359e-02,2.129099e-02
3800,layers.5.q_norm.weight,8.322072e+00,2.890010e-02,3.472705e-03
3800,layers.5.q_norm.bias,2.348555e-01,1.923531e-02,8.190275e-02
3800,layers.5.k_norm.weight,8.317032e+00,2.795910e-02,3.361668e-03
3800,layers.5.k_norm.bias,2.509384e-01,2.125685e-02,8.470943e-02
3800,layers.5.ln_pre.weight,7.985491e+00,1.333191e-02,1.669516e-03
3800,layers.5.ln_pre.bias,6.002884e-02,8.547583e-03,1.423913e-01
3800,layers.5.ln_post.weight,7.785416e+00,1.608201e-02,2.065659e-03
3800,layers.5.ln_post.bias,8.818514e-02,7.956065e-03,9.022002e-02
3800,ln_final.weight,3.105524e+01,5.158622e-01,1.661112e-02
3800,ln_final.bias,1.283485e+00,5.390162e-02,4.199631e-02
4000,tok_emb_E.weight,8.548875e+01,2.570950e+00,3.007355e-02
4000,unembedder.weight,2.156936e+02,1.389078e+01,6.440053e-02
4000,layers.0.qkv_lut.weights,8.312701e+01,1.257776e+01,1.513077e-01
4000,layers.0.qkv_lut.log_soft_score_temp,9.011987e-01,3.542900e-04,3.931320e-04
4000,layers.0.qkv_lut.log_select_temp,1.004994e+00,1.084298e-02,1.078910e-02
4000,layers.0.v_lut.weights,5.406344e+01,8.027680e+00,1.484863e-01
4000,layers.0.v_lut.log_soft_score_temp,9.609734e-01,8.372068e-03,8.712071e-03
4000,layers.0.v_lut.log_select_temp,1.220272e+00,1.217842e-02,9.980091e-03
4000,layers.0.out_proj.weights,8.901057e+01,1.362348e+01,1.530546e-01
4000,layers.0.out_proj.log_soft_score_temp,2.711938e-01,2.640805e-02,9.737703e-02
4000,layers.0.out_proj.log_select_temp,8.359744e-01,3.818214e-03,4.567381e-03
4000,layers.0.residual_lut.weights,8.083908e+01,1.156142e+01,1.430177e-01
4000,layers.0.residual_lut.log_soft_score_temp,6.154465e-01,8.497179e-03,1.380653e-02
4000,layers.0.residual_lut.log_select_temp,1.093249e+00,1.776671e-02,1.625129e-02
4000,layers.0.q_norm.weight,8.975692e+00,2.443801e-02,2.722688e-03
4000,layers.0.q_norm.bias,7.656695e-01,1.867288e-02,2.438765e-02
4000,layers.0.k_norm.weight,8.962123e+00,2.384630e-02,2.660787e-03
4000,layers.0.k_norm.bias,9.459994e-01,1.981265e-02,2.094362e-02
4000,layers.0.ln_pre.weight,8.154889e+00,1.551807e-02,1.902916e-03
4000,layers.0.ln_pre.bias,4.238516e-02,1.774530e-02,4.186678e-01
4000,layers.0.ln_post.weight,8.003466e+00,1.556642e-02,1.944960e-03
4000,layers.0.ln_post.bias,7.754496e-02,1.093271e-02,1.409854e-01
4000,layers.1.qkv_lut.weights,8.191916e+01,1.318130e+01,1.609061e-01
4000,layers.1.qkv_lut.log_soft_score_temp,3.081150e-01,9.269893e-03,3.008582e-02
4000,layers.1.qkv_lut.log_select_temp,7.511168e-01,1.124716e-02,1.497391e-02
4000,layers.1.v_lut.weights,5.430355e+01,8.449539e+00,1.555983e-01
4000,layers.1.v_lut.log_soft_score_temp,5.302078e-01,1.858670e-02,3.505549e-02
4000,layers.1.v_lut.log_select_temp,9.643241e-01,3.971934e-03,4.118879e-03
4000,layers.1.out_proj.weights,8.932329e+01,1.405223e+01,1.573187e-01
4000,layers.1.out_proj.log_soft_score_temp,1.718892e-01,2.971861e-02,1.728939e-01
4000,layers.1.out_proj.log_select_temp,7.867019e-01,8.326769e-04,1.058440e-03
4000,layers.1.residual_lut.weights,7.813078e+01,1.163288e+01,1.488899e-01
4000,layers.1.residual_lut.log_soft_score_temp,3.544997e-01,1.959354e-02,5.527096e-02
4000,layers.1.residual_lut.log_select_temp,1.005055e+00,1.296020e-02,1.289502e-02
4000,layers.1.q_norm.weight,8.557406e+00,1.719922e-02,2.009863e-03
4000,layers.1.q_norm.bias,6.137400e-01,1.336828e-02,2.178167e-02
4000,layers.1.k_norm.weight,8.525572e+00,1.605368e-02,1.883004e-03
4000,layers.1.k_norm.bias,1.111900e+00,2.493015e-02,2.242122e-02
4000,layers.1.ln_pre.weight,7.852542e+00,1.526853e-02,1.944406e-03
4000,layers.1.ln_pre.bias,7.657641e-02,9.653636e-03,1.260654e-01
4000,layers.1.ln_post.weight,7.884075e+00,1.946397e-02,2.468771e-03
4000,layers.1.ln_post.bias,6.295798e-02,1.094350e-02,1.738222e-01
4000,layers.2.qkv_lut.weights,8.212206e+01,1.333644e+01,1.623978e-01
4000,layers.2.qkv_lut.log_soft_score_temp,2.155818e-01,1.924799e-02,8.928393e-02
4000,layers.2.qkv_lut.log_select_temp,9.108677e-01,1.183373e-02,1.299171e-02
4000,layers.2.v_lut.weights,5.455679e+01,8.157060e+00,1.495150e-01
4000,layers.2.v_lut.log_soft_score_temp,6.162792e-01,2.496648e-02,4.051163e-02
4000,layers.2.v_lut.log_select_temp,1.078377e+00,3.874540e-03,3.592936e-03
4000,layers.2.out_proj.weights,9.273479e+01,1.437554e+01,1.550178e-01
4000,layers.2.out_proj.log_soft_score_temp,3.355763e-01,2.666214e-02,7.945180e-02
4000,layers.2.out_proj.log_select_temp,9.167855e-01,1.961827e-03,2.139898e-03
4000,layers.2.residual_lut.weights,7.742491e+01,1.177007e+01,1.520191e-01
4000,layers.2.residual_lut.log_soft_score_temp,2.285641e-01,2.361591e-02,1.033229e-01
4000,layers.2.residual_lut.log_select_temp,9.832087e-01,1.054937e-02,1.072953e-02
4000,layers.2.q_norm.weight,8.761608e+00,2.429898e-02,2.773347e-03
4000,layers.2.q_norm.bias,4.350727e-01,1.404518e-02,3.228236e-02
4000,layers.2.k_norm.weight,8.695423e+00,2.477484e-02,2.849182e-03
4000,layers.2.k_norm.bias,7.394070e-01,1.922546e-02,2.600119e-02
4000,layers.2.ln_pre.weight,7.896398e+00,1.447168e-02,1.832694e-03
4000,layers.2.ln_pre.bias,6.835520e-02,6.820939e-03,9.978668e-02
4000,layers.2.ln_post.weight,7.805015e+00,1.763893e-02,2.259949e-03
4000,layers.2.ln_post.bias,1.143543e-01,1.280064e-02,1.119384e-01
4000,layers.3.qkv_lut.weights,8.229176e+01,1.347097e+01,1.636977e-01
4000,layers.3.qkv_lut.log_soft_score_temp,1.652618e-01,1.871504e-02,1.132448e-01
4000,layers.3.qkv_lut.log_select_temp,8.572766e-01,1.199216e-02,1.398867e-02
4000,layers.3.v_lut.weights,5.477332e+01,8.241740e+00,1.504700e-01
4000,layers.3.v_lut.log_soft_score_temp,6.399267e-01,2.312875e-02,3.614281e-02
4000,layers.3.v_lut.log_select_temp,1.103449e+00,1.895547e-03,1.717838e-03
4000,layers.3.out_proj.weights,9.481717e+01,1.448785e+01,1.527978e-01
4000,layers.3.out_proj.log_soft_score_temp,4.588785e-01,2.314535e-02,5.043894e-02
4000,layers.3.out_proj.log_select_temp,9.619429e-01,7.693529e-03,7.997907e-03
4000,layers.3.residual_lut.weights,7.758831e+01,1.181365e+01,1.522607e-01
4000,layers.3.residual_lut.log_soft_score_temp,2.006219e-01,2.338637e-02,1.165694e-01
4000,layers.3.residual_lut.log_select_temp,9.561337e-01,1.180416e-02,1.234573e-02
4000,layers.3.q_norm.weight,8.466992e+00,1.930290e-02,2.279782e-03
4000,layers.3.q_norm.bias,4.544494e-01,1.353068e-02,2.977380e-02
4000,layers.3.k_norm.weight,8.428288e+00,2.020654e-02,2.397467e-03
4000,layers.3.k_norm.bias,9.125158e-01,2.384373e-02,2.612966e-02
4000,layers.3.ln_pre.weight,7.887815e+00,1.890045e-02,2.396158e-03
4000,layers.3.ln_pre.bias,6.151159e-02,8.412801e-03,1.367677e-01
4000,layers.3.ln_post.weight,7.780186e+00,1.913513e-02,2.459469e-03
4000,layers.3.ln_post.bias,1.181489e-01,1.160454e-02,9.821967e-02
4000,layers.4.qkv_lut.weights,8.310997e+01,1.349070e+01,1.623235e-01
4000,layers.4.qkv_lut.log_soft_score_temp,3.028517e-01,1.483205e-02,4.897462e-02
4000,layers.4.qkv_lut.log_select_temp,7.836739e-01,7.718980e-03,9.849735e-03
4000,layers.4.v_lut.weights,5.429744e+01,7.966242e+00,1.467149e-01
4000,layers.4.v_lut.log_soft_score_temp,9.228793e-01,2.808273e-03,3.042947e-03
4000,layers.4.v_lut.log_select_temp,1.028067e+00,9.675145e-03,9.411003e-03
4000,layers.4.out_proj.weights,9.268671e+01,1.467717e+01,1.583525e-01
4000,layers.4.out_proj.log_soft_score_temp,4.162992e-01,8.791924e-03,2.111924e-02
4000,layers.4.out_proj.log_select_temp,6.703244e-01,5.281568e-03,7.879121e-03
4000,layers.4.residual_lut.weights,7.640723e+01,1.193764e+01,1.562371e-01
4000,layers.4.residual_lut.log_soft_score_temp,2.071763e-01,2.097356e-02,1.012354e-01
4000,layers.4.residual_lut.log_select_temp,8.824916e-01,1.295900e-02,1.468456e-02
4000,layers.4.q_norm.weight,8.187202e+00,2.135414e-02,2.608234e-03
4000,layers.4.q_norm.bias,2.914252e-01,1.217508e-02,4.177771e-02
4000,layers.4.k_norm.weight,8.158290e+00,2.126446e-02,2.606485e-03
4000,layers.4.k_norm.bias,3.652395e-01,2.030228e-02,5.558620e-02
4000,layers.4.ln_pre.weight,7.957041e+00,1.212271e-02,1.523520e-03
4000,layers.4.ln_pre.bias,6.615062e-02,5.550413e-03,8.390568e-02
4000,layers.4.ln_post.weight,7.732447e+00,2.046017e-02,2.646015e-03
4000,layers.4.ln_post.bias,1.255066e-01,8.632771e-03,6.878343e-02
4000,layers.5.qkv_lut.weights,8.310564e+01,1.372734e+01,1.651794e-01
4000,layers.5.qkv_lut.log_soft_score_temp,4.186929e-01,1.586738e-02,3.789743e-02
4000,layers.5.qkv_lut.log_select_temp,7.222208e-01,8.177757e-04,1.132307e-03
4000,layers.5.v_lut.weights,5.532843e+01,8.384087e+00,1.515331e-01
4000,layers.5.v_lut.log_soft_score_temp,9.167881e-01,5.021691e-04,5.477483e-04
4000,layers.5.v_lut.log_select_temp,9.722704e-01,6.899238e-03,7.096007e-03
4000,layers.5.out_proj.weights,1.027258e+02,1.519954e+01,1.479623e-01
4000,layers.5.out_proj.log_soft_score_temp,6.423711e-01,6.437123e-03,1.002088e-02
4000,layers.5.out_proj.log_select_temp,7.961625e-01,1.666230e-02,2.092826e-02
4000,layers.5.residual_lut.weights,7.816726e+01,1.218155e+01,1.558396e-01
4000,layers.5.residual_lut.log_soft_score_temp,3.379409e-01,1.355815e-02,4.011988e-02
4000,layers.5.residual_lut.log_select_temp,8.912882e-01,1.469272e-02,1.648482e-02
4000,layers.5.q_norm.weight,8.335426e+00,1.936878e-02,2.323670e-03
4000,layers.5.q_norm.bias,2.431759e-01,1.846915e-02,7.594978e-02
4000,layers.5.k_norm.weight,8.329717e+00,2.159774e-02,2.592854e-03
4000,layers.5.k_norm.bias,2.598983e-01,2.053455e-02,7.900992e-02
4000,layers.5.ln_pre.weight,7.983608e+00,1.324859e-02,1.659474e-03
4000,layers.5.ln_pre.bias,6.160878e-02,5.541834e-03,8.995202e-02
4000,layers.5.ln_post.weight,7.778258e+00,1.517615e-02,1.951099e-03
4000,layers.5.ln_post.bias,9.248204e-02,7.162354e-03,7.744590e-02
4000,ln_final.weight,3.153446e+01,4.814817e-01,1.526843e-02
4000,ln_final.bias,1.288411e+00,5.153508e-02,3.999894e-02
4200,tok_emb_E.weight,8.554228e+01,2.428751e+00,2.839240e-02
4200,unembedder.weight,2.169751e+02,1.294614e+01,5.966646e-02
4200,layers.0.qkv_lut.weights,8.427697e+01,1.183924e+01,1.404801e-01
4200,layers.0.qkv_lut.log_soft_score_temp,9.031615e-01,1.962781e-03,2.173234e-03
4200,layers.0.qkv_lut.log_select_temp,1.017180e+00,1.218605e-02,1.198023e-02
4200,layers.0.v_lut.weights,5.479074e+01,7.610381e+00,1.388990e-01
4200,layers.0.v_lut.log_soft_score_temp,9.522302e-01,8.743227e-03,9.181842e-03
4200,layers.0.v_lut.log_select_temp,1.230229e+00,9.957671e-03,8.094159e-03
4200,layers.0.out_proj.weights,9.011185e+01,1.284662e+01,1.425630e-01
4200,layers.0.out_proj.log_soft_score_temp,2.450339e-01,2.615993e-02,1.067605e-01
4200,layers.0.out_proj.log_select_temp,8.368279e-01,8.534789e-04,1.019898e-03
4200,layers.0.residual_lut.weights,8.206165e+01,1.089748e+01,1.327963e-01
4200,layers.0.residual_lut.log_soft_score_temp,6.051300e-01,1.031649e-02,1.704839e-02
4200,layers.0.residual_lut.log_select_temp,1.110336e+00,1.708639e-02,1.538849e-02
4200,layers.0.q_norm.weight,8.995302e+00,2.260795e-02,2.513307e-03
4200,layers.0.q_norm.bias,7.786412e-01,1.621377e-02,2.082316e-02
4200,layers.0.k_norm.weight,8.981448e+00,2.387235e-02,2.657963e-03
4200,layers.0.k_norm.bias,9.610369e-01,2.009205e-02,2.090664e-02
4200,layers.0.ln_pre.weight,8.153893e+00,1.698211e-02,2.082700e-03
4200,layers.0.ln_pre.bias,4.254262e-02,1.436186e-02,3.375876e-01
4200,layers.0.ln_post.weight,8.001236e+00,1.636587e-02,2.045418e-03
4200,layers.0.ln_post.bias,7.789807e-02,1.062011e-02,1.363334e-01
4200,layers.1.qkv_lut.weights,8.302957e+01,1.240103e+01,1.493568e-01
4200,layers.1.qkv_lut.log_soft_score_temp,3.050193e-01,3.095686e-03,1.014915e-02
4200,layers.1.qkv_lut.log_select_temp,7.647587e-01,1.364189e-02,1.783817e-02
4200,layers.1.v_lut.weights,5.500853e+01,7.924762e+00,1.440642e-01
4200,layers.1.v_lut.log_soft_score_temp,5.138823e-01,1.632547e-02,3.176889e-02
4200,layers.1.v_lut.log_select_temp,9.692347e-01,4.910648e-03,5.066521e-03
4200,layers.1.out_proj.weights,9.048139e+01,1.322001e+01,1.461075e-01
4200,layers.1.out_proj.log_soft_score_temp,1.438973e-01,2.799200e-02,1.945277e-01
4200,layers.1.out_proj.log_select_temp,7.874840e-01,7.821918e-04,9.932795e-04
4200,layers.1.residual_lut.weights,7.912621e+01,1.097999e+01,1.387656e-01
4200,layers.1.residual_lut.log_soft_score_temp,3.355378e-01,1.896194e-02,5.651208e-02
4200,layers.1.residual_lut.log_select_temp,1.014020e+00,8.965611e-03,8.841650e-03
4200,layers.1.q_norm.weight,8.567883e+00,1.728853e-02,2.017830e-03
4200,layers.1.q_norm.bias,6.234317e-01,1.356574e-02,2.175978e-02
4200,layers.1.k_norm.weight,8.535827e+00,1.714057e-02,2.008074e-03
4200,layers.1.k_norm.bias,1.130009e+00,2.234082e-02,1.977048e-02
4200,layers.1.ln_pre.weight,7.849114e+00,1.604840e-02,2.044612e-03
4200,layers.1.ln_pre.bias,8.020584e-02,1.046379e-02,1.304618e-01
4200,layers.1.ln_post.weight,7.876550e+00,1.473634e-02,1.870913e-03
4200,layers.1.ln_post.bias,6.574053e-02,1.295239e-02,1.970229e-01
4200,layers.2.qkv_lut.weights,8.323863e+01,1.257249e+01,1.510415e-01
4200,layers.2.qkv_lut.log_soft_score_temp,2.005800e-01,1.500188e-02,7.479250e-02
4200,layers.2.qkv_lut.log_select_temp,9.236538e-01,1.278609e-02,1.384295e-02
4200,layers.2.v_lut.weights,5.530427e+01,7.721247e+00,1.396139e-01
4200,layers.2.v_lut.log_soft_score_temp,5.922986e-01,2.398062e-02,4.048738e-02
4200,layers.2.v_lut.log_select_temp,1.080872e+00,2.494454e-03,2.307817e-03
4200,layers.2.out_proj.weights,9.410095e+01,1.357447e+01,1.442544e-01
4200,layers.2.out_proj.log_soft_score_temp,3.119890e-01,2.358732e-02,7.560304e-02
4200,layers.2.out_proj.log_select_temp,9.250950e-01,8.309543e-03,8.982367e-03
4200,layers.2.residual_lut.weights,7.840883e+01,1.105994e+01,1.410548e-01
4200,layers.2.residual_lut.log_soft_score_temp,2.076384e-01,2.092572e-02,1.007796e-01
4200,layers.2.residual_lut.log_select_temp,9.928667e-01,9.657979e-03,9.727367e-03
4200,layers.2.q_norm.weight,8.781325e+00,2.712521e-02,3.088966e-03
4200,layers.2.q_norm.bias,4.407316e-01,1.161932e-02,2.636372e-02
4200,layers.2.k_norm.weight,8.713368e+00,2.746408e-02,3.151947e-03
4200,layers.2.k_norm.bias,7.535836e-01,2.005033e-02,2.660665e-02
4200,layers.2.ln_pre.weight,7.890924e+00,1.344568e-02,1.703942e-03
4200,layers.2.ln_pre.bias,6.958066e-02,6.653501e-03,9.562285e-02
4200,layers.2.ln_post.weight,7.796086e+00,1.667396e-02,2.138761e-03
4200,layers.2.ln_post.bias,1.196225e-01,1.095917e-02,9.161466e-02
4200,layers.3.qkv_lut.weights,8.340841e+01,1.266364e+01,1.518269e-01
4200,layers.3.qkv_lut.log_soft_score_temp,1.490228e-01,1.623894e-02,1.089695e-01
4200,layers.3.qkv_lut.log_select_temp,8.680019e-01,1.072526e-02,1.235626e-02
4200,layers.3.v_lut.weights,5.551739e+01,7.764598e+00,1.398589e-01
4200,layers.3.v_lut.log_soft_score_temp,6.169767e-01,2.294999e-02,3.719751e-02
4200,layers.3.v_lut.log_select_temp,1.104448e+00,9.986162e-04,9.041771e-04
4200,layers.3.out_proj.weights,9.624836e+01,1.365550e+01,1.418777e-01
4200,layers.3.out_proj.log_soft_score_temp,4.388051e-01,2.007341e-02,4.574563e-02
4200,layers.3.out_proj.log_select_temp,9.706815e-01,8.738697e-03,9.002640e-03
4200,layers.3.residual_lut.weights,7.860558e+01,1.113367e+01,1.416397e-01
4200,layers.3.residual_lut.log_soft_score_temp,1.786452e-01,2.197678e-02,1.230192e-01
4200,layers.3.residual_lut.log_select_temp,9.671240e-01,1.099032e-02,1.136392e-02
4200,layers.3.q_norm.weight,8.478193e+00,2.009295e-02,2.369956e-03
4200,layers.3.q_norm.bias,4.585869e-01,1.217387e-02,2.654648e-02
4200,layers.3.k_norm.weight,8.438565e+00,1.961472e-02,2.324415e-03
4200,layers.3.k_norm.bias,9.260121e-01,2.050245e-02,2.214059e-02
4200,layers.3.ln_pre.weight,7.881836e+00,1.471807e-02,1.867341e-03
4200,layers.3.ln_pre.bias,6.213171e-02,6.746741e-03,1.085877e-01
4200,layers.3.ln_post.weight,7.770186e+00,1.947371e-02,2.506209e-03
4200,layers.3.ln_post.bias,1.224649e-01,9.751529e-03,7.962710e-02
4200,layers.4.qkv_lut.weights,8.423552e+01,1.273562e+01,1.511906e-01
4200,layers.4.qkv_lut.log_soft_score_temp,2.892162e-01,1.363558e-02,4.714666e-02
4200,layers.4.qkv_lut.log_select_temp,7.922888e-01,8.614957e-03,1.087351e-02
4200,layers.4.v_lut.weights,5.505431e+01,7.560356e+00,1.373254e-01
4200,layers.4.v_lut.log_soft_score_temp,9.207888e-01,2.090514e-03,2.270351e-03
4200,layers.4.v_lut.log_select_temp,1.038039e+00,9.972095e-03,9.606663e-03
4200,layers.4.out_proj.weights,9.407396e+01,1.382911e+01,1.470025e-01
4200,layers.4.out_proj.log_soft_score_temp,4.099812e-01,6.318003e-03,1.541047e-02
4200,layers.4.out_proj.log_select_temp,6.783648e-01,8.040309e-03,1.185249e-02
4200,layers.4.residual_lut.weights,7.746181e+01,1.124865e+01,1.452154e-01
4200,layers.4.residual_lut.log_soft_score_temp,1.906451e-01,1.653120e-02,8.671192e-02
4200,layers.4.residual_lut.log_select_temp,8.969840e-01,1.449239e-02,1.615680e-02
4200,layers.4.q_norm.weight,8.197377e+00,2.313619e-02,2.822389e-03
4200,layers.4.q_norm.bias,3.006237e-01,1.398598e-02,4.652320e-02
4200,layers.4.k_norm.weight,8.167212e+00,2.397813e-02,2.935902e-03
4200,layers.4.k_norm.bias,3.737811e-01,1.550069e-02,4.146996e-02
4200,layers.4.ln_pre.weight,7.954748e+00,1.113123e-02,1.399320e-03
4200,layers.4.ln_pre.bias,6.857443e-02,5.703808e-03,8.317689e-02
4200,layers.4.ln_post.weight,7.724722e+00,1.704635e-02,2.206727e-03
4200,layers.4.ln_post.bias,1.304817e-01,1.063690e-02,8.152024e-02
4200,layers.5.qkv_lut.weights,8.423822e+01,1.290496e+01,1.531961e-01
4200,layers.5.qkv_lut.log_soft_score_temp,4.049587e-01,1.373419e-02,3.391504e-02
4200,layers.5.qkv_lut.log_select_temp,7.261313e-01,3.910542e-03,5.385447e-03
4200,layers.5.v_lut.weights,5.612132e+01,7.948694e+00,1.416341e-01
4200,layers.5.v_lut.log_soft_score_temp,9.165443e-01,2.438426e-04,2.660456e-04
4200,layers.5.v_lut.log_select_temp,9.777721e-01,5.501688e-03,5.626759e-03
4200,layers.5.out_proj.weights,1.042036e+02,1.423630e+01,1.366201e-01
4200,layers.5.out_proj.log_soft_score_temp,6.453355e-01,2.964377e-03,4.593545e-03
4200,layers.5.out_proj.log_select_temp,8.093664e-01,1.320386e-02,1.631382e-02
4200,layers.5.residual_lut.weights,7.935523e+01,1.147938e+01,1.446582e-01
4200,layers.5.residual_lut.log_soft_score_temp,3.266556e-01,1.128531e-02,3.454802e-02
4200,layers.5.residual_lut.log_select_temp,9.060431e-01,1.475483e-02,1.628491e-02
4200,layers.5.q_norm.weight,8.351572e+00,2.506958e-02,3.001780e-03
4200,layers.5.q_norm.bias,2.530047e-01,1.757609e-02,6.946941e-02
4200,layers.5.k_norm.weight,8.347038e+00,2.501122e-02,2.996419e-03
4200,layers.5.k_norm.bias,2.739547e-01,2.172137e-02,7.928818e-02
4200,layers.5.ln_pre.weight,7.982295e+00,1.196313e-02,1.498708e-03
4200,layers.5.ln_pre.bias,6.278144e-02,6.954558e-03,1.107741e-01
4200,layers.5.ln_post.weight,7.771677e+00,1.505457e-02,1.937107e-03
4200,layers.5.ln_post.bias,9.592240e-02,6.623034e-03,6.904575e-02
4200,ln_final.weight,3.199313e+01,4.609140e-01,1.440666e-02
4200,ln_final.bias,1.295385e+00,4.828550e-02,3.727503e-02
4400,tok_emb_E.weight,8.559025e+01,2.271304e+00,2.653695e-02
4400,unembedder.weight,2.180392e+02,1.227965e+01,5.631853e-02
4400,layers.0.qkv_lut.weights,8.526665e+01,1.112220e+01,1.304401e-01
4400,layers.0.qkv_lut.log_soft_score_temp,9.023975e-01,7.639527e-04,8.465812e-04
4400,layers.0.qkv_lut.log_select_temp,1.024751e+00,7.571697e-03,7.388814e-03
4400,layers.0.v_lut.weights,5.542376e+01,7.171264e+00,1.293897e-01
4400,layers.0.v_lut.log_soft_score_temp,9.438261e-01,8.404076e-03,8.904263e-03
4400,layers.0.v_lut.log_select_temp,1.240045e+00,9.816051e-03,7.915881e-03
4400,layers.0.out_proj.weights,9.107903e+01,1.205028e+01,1.323058e-01
4400,layers.0.out_proj.log_soft_score_temp,2.217630e-01,2.327086e-02,1.049357e-01
4400,layers.0.out_proj.log_select_temp,8.392909e-01,2.463043e-03,2.934671e-03
4400,layers.0.residual_lut.weights,8.315025e+01,1.020988e+01,1.227883e-01
4400,layers.0.residual_lut.log_soft_score_temp,5.966125e-01,8.517504e-03,1.427644e-02
4400,layers.0.residual_lut.log_select_temp,1.126348e+00,1.601171e-02,1.421561e-02
4400,layers.0.q_norm.weight,9.012296e+00,2.187107e-02,2.426804e-03
4400,layers.0.q_norm.bias,7.902712e-01,1.501259e-02,1.899676e-02
4400,layers.0.k_norm.weight,8.997643e+00,2.074647e-02,2.305767e-03
4400,layers.0.k_norm.bias,9.758561e-01,1.952506e-02,2.000813e-02
4400,layers.0.ln_pre.weight,8.152478e+00,1.388029e-02,1.702585e-03
4400,layers.0.ln_pre.bias,4.355056e-02,1.464076e-02,3.361785e-01
4400,layers.0.ln_post.weight,7.999426e+00,1.576329e-02,1.970553e-03
4400,layers.0.ln_post.bias,7.835513e-02,8.170728e-03,1.042781e-01
4400,layers.1.qkv_lut.weights,8.398769e+01,1.165260e+01,1.387417e-01
4400,layers.1.qkv_lut.log_soft_score_temp,2.971594e-01,7.859945e-03,2.645027e-02
4400,layers.1.qkv_lut.log_select_temp,7.729706e-01,8.211911e-03,1.062383e-02
4400,layers.1.v_lut.weights,5.561128e+01,7.452192e+00,1.340050e-01
4400,layers.1.v_lut.log_soft_score_temp,4.975343e-01,1.634806e-02,3.285817e-02
4400,layers.1.v_lut.log_select_temp,9.722686e-01,3.033936e-03,3.120471e-03
4400,layers.1.out_proj.weights,9.144231e+01,1.239653e+01,1.355667e-01
4400,layers.1.out_proj.log_soft_score_temp,1.174787e-01,2.641854e-02,2.248794e-01
4400,layers.1.out_proj.log_select_temp,7.856793e-01,1.804769e-03,2.297081e-03
4400,layers.1.residual_lut.weights,7.996925e+01,1.030983e+01,1.289224e-01
4400,layers.1.residual_lut.log_soft_score_temp,3.167291e-01,1.880863e-02,5.938397e-02
4400,layers.1.residual_lut.log_select_temp,1.020998e+00,6.977558e-03,6.834058e-03
4400,layers.1.q_norm.weight,8.574841e+00,1.391378e-02,1.622628e-03
4400,layers.1.q_norm.bias,6.322312e-01,1.361606e-02,2.153651e-02
4400,layers.1.k_norm.weight,8.542103e+00,1.269574e-02,1.486255e-03
4400,layers.1.k_norm.bias,1.149169e+00,2.233535e-02,1.943609e-02
4400,layers.1.ln_pre.weight,7.844438e+00,1.634622e-02,2.083797e-03
4400,layers.1.ln_pre.bias,8.196978e-02,9.967874e-03,1.216043e-01
4400,layers.1.ln_post.weight,7.868836e+00,1.862770e-02,2.367275e-03
4400,layers.1.ln_post.bias,6.721966e-02,1.094037e-02,1.627555e-01
4400,layers.2.qkv_lut.weights,8.419902e+01,1.177505e+01,1.398478e-01
4400,layers.2.qkv_lut.log_soft_score_temp,1.865111e-01,1.406886e-02,7.543173e-02
4400,layers.2.qkv_lut.log_select_temp,9.349734e-01,1.131964e-02,1.210691e-02
4400,layers.2.v_lut.weights,5.594761e+01,7.178873e+00,1.283142e-01
4400,layers.2.v_lut.log_soft_score_temp,5.707594e-01,2.153921e-02,3.773781e-02
4400,layers.2.v_lut.log_select_temp,1.084307e+00,3.434896e-03,3.167828e-03
4400,layers.2.out_proj.weights,9.528951e+01,1.270223e+01,1.333015e-01
4400,layers.2.out_proj.log_soft_score_temp,2.908410e-01,2.114800e-02,7.271326e-02
4400,layers.2.out_proj.log_select_temp,9.311965e-01,6.101429e-03,6.552247e-03
4400,layers.2.residual_lut.weights,7.925823e+01,1.039114e+01,1.311049e-01
4400,layers.2.residual_lut.log_soft_score_temp,1.872431e-01,2.039526e-02,1.089240e-01
4400,layers.2.residual_lut.log_select_temp,1.002805e+00,9.938180e-03,9.910383e-03
4400,layers.2.q_norm.weight,8.794870e+00,2.027647e-02,2.305488e-03
4400,layers.2.q_norm.bias,4.467351e-01,1.092592e-02,2.445727e-02
4400,layers.2.k_norm.weight,8.726357e+00,2.121400e-02,2.431027e-03
4400,layers.2.k_norm.bias,7.609584e-01,1.609395e-02,2.114957e-02
4400,layers.2.ln_pre.weight,7.885532e+00,1.146171e-02,1.453511e-03
4400,layers.2.ln_pre.bias,7.164411e-02,6.110144e-03,8.528468e-02
4400,layers.2.ln_post.weight,7.787508e+00,1.466762e-02,1.883481e-03
4400,layers.2.ln_post.bias,1.247912e-01,1.055974e-02,8.461923e-02
4400,layers.3.qkv_lut.weights,8.437332e+01,1.187375e+01,1.407287e-01
4400,layers.3.qkv_lut.log_soft_score_temp,1.337881e-01,1.523472e-02,1.138720e-01
4400,layers.3.qkv_lut.log_select_temp,8.800254e-01,1.202351e-02,1.366268e-02
4400,layers.3.v_lut.weights,5.616327e+01,7.284605e+00,1.297041e-01
4400,layers.3.v_lut.log_soft_score_temp,5.937641e-01,2.321261e-02,3.909400e-02
4400,layers.3.v_lut.log_select_temp,1.103298e+00,1.150012e-03,1.042341e-03
4400,layers.3.out_proj.weights,9.750523e+01,1.276287e+01,1.308942e-01
4400,layers.3.out_proj.log_soft_score_temp,4.188359e-01,1.996920e-02,4.767785e-02
4400,layers.3.out_proj.log_select_temp,9.765539e-01,5.872369e-03,6.013359e-03
4400,layers.3.residual_lut.weights,7.946500e+01,1.047399e+01,1.318063e-01
4400,layers.3.residual_lut.log_soft_score_temp,1.569851e-01,2.166006e-02,1.379753e-01
4400,layers.3.residual_lut.log_select_temp,9.762782e-01,9.154201e-03,9.376631e-03
4400,layers.3.q_norm.weight,8.488048e+00,1.843731e-02,2.172150e-03
4400,layers.3.q_norm.bias,4.645025e-01,1.212589e-02,2.610511e-02
4400,layers.3.k_norm.weight,8.447893e+00,2.042785e-02,2.418100e-03
4400,layers.3.k_norm.bias,9.352128e-01,1.860086e-02,1.988944e-02
4400,layers.3.ln_pre.weight,7.876526e+00,1.488709e-02,1.890058e-03
4400,layers.3.ln_pre.bias,6.391837e-02,6.780615e-03,1.060824e-01
4400,layers.3.ln_post.weight,7.760137e+00,1.608954e-02,2.073358e-03
4400,layers.3.ln_post.bias,1.264623e-01,9.446356e-03,7.469699e-02
4400,layers.4.qkv_lut.weights,8.523533e+01,1.190149e+01,1.396309e-01
4400,layers.4.qkv_lut.log_soft_score_temp,2.765780e-01,1.263818e-02,4.569482e-02
4400,layers.4.qkv_lut.log_select_temp,7.998635e-01,7.574618e-03,9.469889e-03
4400,layers.4.v_lut.weights,5.573658e+01,7.024697e+00,1.260339e-01
4400,layers.4.v_lut.log_soft_score_temp,9.169866e-01,3.802180e-03,4.146386e-03
4400,layers.4.v_lut.log_select_temp,1.045810e+00,7.770419e-03,7.430050e-03
4400,layers.4.out_proj.weights,9.525500e+01,1.291347e+01,1.355673e-01
4400,layers.4.out_proj.log_soft_score_temp,4.029593e-01,7.021904e-03,1.742584e-02
4400,layers.4.out_proj.log_select_temp,6.849499e-01,6.585121e-03,9.614019e-03
4400,layers.4.residual_lut.weights,7.836272e+01,1.055191e+01,1.346547e-01
4400,layers.4.residual_lut.log_soft_score_temp,1.727318e-01,1.791330e-02,1.037059e-01
4400,layers.4.residual_lut.log_select_temp,9.092784e-01,1.229441e-02,1.352106e-02
4400,layers.4.q_norm.weight,8.202723e+00,1.764012e-02,2.150520e-03
4400,layers.4.q_norm.bias,3.063186e-01,1.303901e-02,4.256684e-02
4400,layers.4.k_norm.weight,8.173123e+00,1.607954e-02,1.967367e-03
4400,layers.4.k_norm.bias,3.778682e-01,1.348261e-02,3.568074e-02
4400,layers.4.ln_pre.weight,7.952823e+00,1.092197e-02,1.373345e-03
4400,layers.4.ln_pre.bias,7.005215e-02,6.686483e-03,9.545007e-02
4400,layers.4.ln_post.weight,7.715373e+00,1.495477e-02,1.938307e-03
4400,layers.4.ln_post.bias,1.359393e-01,8.961433e-03,6.592229e-02
4400,layers.5.qkv_lut.weights,8.520619e+01,1.204042e+01,1.413092e-01
4400,layers.5.qkv_lut.log_soft_score_temp,3.935096e-01,1.144910e-02,2.909484e-02
4400,layers.5.qkv_lut.log_select_temp,7.309945e-01,4.863203e-03,6.652858e-03
4400,layers.5.v_lut.weights,5.680025e+01,7.417708e+00,1.305929e-01
4400,layers.5.v_lut.log_soft_score_temp,9.165475e-01,3.218651e-06,3.511712e-06
4400,layers.5.v_lut.log_select_temp,9.844210e-01,6.648898e-03,6.754121e-03
4400,layers.5.out_proj.weights,1.055717e+02,1.336343e+01,1.265815e-01
4400,layers.5.out_proj.log_soft_score_temp,6.507533e-01,5.417824e-03,8.325465e-03
4400,layers.5.out_proj.log_select_temp,8.233575e-01,1.399106e-02,1.699269e-02
4400,layers.5.residual_lut.weights,8.040215e+01,1.073742e+01,1.335465e-01
4400,layers.5.residual_lut.log_soft_score_temp,3.160851e-01,1.057047e-02,3.344183e-02
4400,layers.5.residual_lut.log_select_temp,9.214566e-01,1.541358e-02,1.672741e-02
4400,layers.5.q_norm.weight,8.365868e+00,2.432976e-02,2.908218e-03
4400,layers.5.q_norm.bias,2.607726e-01,1.411138e-02,5.411372e-02
4400,layers.5.k_norm.weight,8.360932e+00,2.603345e-02,3.113701e-03
4400,layers.5.k_norm.bias,2.785225e-01,1.537482e-02,5.520137e-02
4400,layers.5.ln_pre.weight,7.980437e+00,1.249951e-02,1.566269e-03
4400,layers.5.ln_pre.bias,6.485149e-02,6.834249e-03,1.053831e-01
4400,layers.5.ln_post.weight,7.766779e+00,1.517352e-02,1.953644e-03
4400,layers.5.ln_post.bias,9.997215e-02,7.219589e-03,7.221600e-02
4400,ln_final.weight,3.242338e+01,4.320664e-01,1.332577e-02
4400,ln_final.bias,1.301890e+00,4.673152e-02,3.589512e-02
4600,tok_emb_E.weight,8.563238e+01,2.123231e+00,2.479473e-02
4600,unembedder.weight,2.190941e+02,1.117747e+01,5.101678e-02
4600,layers.0.qkv_lut.weights,8.611939e+01,1.038432e+01,1.205805e-01
4600,layers.0.qkv_lut.log_soft_score_temp,9.029586e-01,5.611181e-04,6.214217e-04
4600,layers.0.qkv_lut.log_select_temp,1.033233e+00,8.481622e-03,8.208819e-03
4600,layers.0.v_lut.weights,5.596803e+01,6.670454e+00,1.191833e-01
4600,layers.0.v_lut.log_soft_score_temp,9.384824e-01,5.343676e-03,5.693954e-03
4600,layers.0.v_lut.log_select_temp,1.249543e+00,9.497285e-03,7.600609e-03
4600,layers.0.out_proj.weights,9.188940e+01,1.122706e+01,1.221801e-01
4600,layers.0.out_proj.log_soft_score_temp,2.011780e-01,2.058502e-02,1.023224e-01
4600,layers.0.out_proj.log_select_temp,8.421645e-01,2.873540e-03,3.412089e-03
4600,layers.0.residual_lut.weights,8.408707e+01,9.546677e+00,1.135332e-01
4600,layers.0.residual_lut.log_soft_score_temp,5.863938e-01,1.021874e-02,1.742641e-02
4600,layers.0.residual_lut.log_select_temp,1.140374e+00,1.402617e-02,1.229962e-02
4600,layers.0.q_norm.weight,9.032415e+00,2.300863e-02,2.547340e-03
4600,layers.0.q_norm.bias,7.991029e-01,1.286164e-02,1.609510e-02
4600,layers.0.k_norm.weight,9.016948e+00,2.214529e-02,2.455963e-03
4600,layers.0.k_norm.bias,9.915519e-01,1.956444e-02,1.973113e-02
4600,layers.0.ln_pre.weight,8.151590e+00,1.385085e-02,1.699159e-03
4600,layers.0.ln_pre.bias,4.213144e-02,1.474552e-02,3.499885e-01
4600,layers.0.ln_post.weight,7.996967e+00,1.370085e-02,1.713256e-03
4600,layers.0.ln_post.bias,7.929734e-02,1.018994e-02,1.285029e-01
4600,layers.1.qkv_lut.weights,8.482192e+01,1.087911e+01,1.282582e-01
4600,layers.1.qkv_lut.log_soft_score_temp,2.930782e-01,4.081190e-03,1.392526e-02
4600,layers.1.qkv_lut.log_select_temp,7.846856e-01,1.171499e-02,1.492954e-02
4600,layers.1.v_lut.weights,5.613118e+01,6.963001e+00,1.240487e-01
4600,layers.1.v_lut.log_soft_score_temp,4.840092e-01,1.352504e-02,2.794376e-02
4600,layers.1.v_lut.log_select_temp,9.764779e-01,4.209280e-03,4.310676e-03
4600,layers.1.out_proj.weights,9.228670e+01,1.155523e+01,1.252101e-01
4600,layers.1.out_proj.log_soft_score_temp,9.391195e-02,2.356675e-02,2.509452e-01
4600,layers.1.out_proj.log_select_temp,7.870778e-01,1.398563e-03,1.776906e-03
4600,layers.1.residual_lut.weights,8.071363e+01,9.634807e+00,1.193703e-01
4600,layers.1.residual_lut.log_soft_score_temp,3.014360e-01,1.529315e-02,5.073433e-02
4600,layers.1.residual_lut.log_select_temp,1.030583e+00,9.585500e-03,9.301044e-03
4600,layers.1.q_norm.weight,8.581516e+00,1.272108e-02,1.482381e-03
4600,layers.1.q_norm.bias,6.366702e-01,9.628862e-03,1.512378e-02
4600,layers.1.k_norm.weight,8.548353e+00,1.234031e-02,1.443589e-03
4600,layers.1.k_norm.bias,1.160845e+00,1.751853e-02,1.509118e-02
4600,layers.1.ln_pre.weight,7.841162e+00,1.468691e-02,1.873053e-03
4600,layers.1.ln_pre.bias,8.576702e-02,9.605825e-03,1.119990e-01
4600,layers.1.ln_post.weight,7.862756e+00,1.461187e-02,1.858365e-03
4600,layers.1.ln_post.bias,6.983042e-02,9.888933e-03,1.416135e-01
4600,layers.2.qkv_lut.weights,8.502562e+01,1.098396e+01,1.291841e-01
4600,layers.2.qkv_lut.log_soft_score_temp,1.719599e-01,1.455121e-02,8.461977e-02
4600,layers.2.qkv_lut.log_select_temp,9.445905e-01,9.617090e-03,1.018123e-02
4600,layers.2.v_lut.weights,5.649805e+01,6.726206e+00,1.190520e-01
4600,layers.2.v_lut.log_soft_score_temp,5.503197e-01,2.043974e-02,3.714158e-02
4600,layers.2.v_lut.log_select_temp,1.084901e+00,5.944967e-04,5.479732e-04
4600,layers.2.out_proj.weights,9.627370e+01,1.181676e+01,1.227414e-01
4600,layers.2.out_proj.log_soft_score_temp,2.693840e-01,2.145696e-02,7.965193e-02
4600,layers.2.out_proj.log_select_temp,9.343156e-01,3.119111e-03,3.338391e-03
4600,layers.2.residual_lut.weights,7.996874e+01,9.719765e+00,1.215445e-01
4600,layers.2.residual_lut.log_soft_score_temp,1.685494e-01,1.869369e-02,1.109092e-01
4600,layers.2.residual_lut.log_select_temp,1.010211e+00,7.405758e-03,7.330905e-03
4600,layers.2.q_norm.weight,8.808411e+00,2.016751e-02,2.289574e-03
4600,layers.2.q_norm.bias,4.534316e-01,1.113371e-02,2.455432e-02
4600,layers.2.k_norm.weight,8.739172e+00,2.022998e-02,2.314862e-03
4600,layers.2.k_norm.bias,7.695968e-01,1.318325e-02,1.713008e-02
4600,layers.2.ln_pre.weight,7.880015e+00,1.230280e-02,1.561266e-03
4600,layers.2.ln_pre.bias,7.288294e-02,5.340513e-03,7.327522e-02
4600,layers.2.ln_post.weight,7.779176e+00,1.414800e-02,1.818702e-03
4600,layers.2.ln_post.bias,1.268463e-01,9.471194e-03,7.466672e-02
4600,layers.3.qkv_lut.weights,8.520280e+01,1.106261e+01,1.298386e-01
4600,layers.3.qkv_lut.log_soft_score_temp,1.184193e-01,1.536878e-02,1.297827e-01
4600,layers.3.qkv_lut.log_select_temp,8.903890e-01,1.036358e-02,1.163938e-02
4600,layers.3.v_lut.weights,5.672016e+01,6.780210e+00,1.195379e-01
4600,layers.3.v_lut.log_soft_score_temp,5.728999e-01,2.086413e-02,3.641845e-02
4600,layers.3.v_lut.log_select_temp,1.102696e+00,6.018877e-04,5.458330e-04
4600,layers.3.out_proj.weights,9.859557e+01,1.188391e+01,1.205319e-01
4600,layers.3.out_proj.log_soft_score_temp,4.007781e-01,1.805785e-02,4.505699e-02
4600,layers.3.out_proj.log_select_temp,9.822946e-01,5.740643e-03,5.844115e-03
4600,layers.3.residual_lut.weights,8.020285e+01,9.778375e+00,1.219205e-01
4600,layers.3.residual_lut.log_soft_score_temp,1.375801e-01,1.940501e-02,1.410452e-01
4600,layers.3.residual_lut.log_select_temp,9.852546e-01,8.976460e-03,9.110802e-03
4600,layers.3.q_norm.weight,8.493562e+00,1.588528e-02,1.870273e-03
4600,layers.3.q_norm.bias,4.735488e-01,1.317459e-02,2.782099e-02
4600,layers.3.k_norm.weight,8.453589e+00,1.489491e-02,1.761962e-03
4600,layers.3.k_norm.bias,9.469094e-01,1.712841e-02,1.808876e-02
4600,layers.3.ln_pre.weight,7.871279e+00,1.274774e-02,1.619526e-03
4600,layers.3.ln_pre.bias,6.744239e-02,7.503440e-03,1.112570e-01
4600,layers.3.ln_post.weight,7.751146e+00,1.440304e-02,1.858182e-03
4600,layers.3.ln_post.bias,1.291808e-01,7.624426e-03,5.902135e-02
4600,layers.4.qkv_lut.weights,8.607736e+01,1.108162e+01,1.287403e-01
4600,layers.4.qkv_lut.log_soft_score_temp,2.642207e-01,1.235726e-02,4.676872e-02
4600,layers.4.qkv_lut.log_select_temp,8.061435e-01,6.280065e-03,7.790256e-03
4600,layers.4.v_lut.weights,5.632010e+01,6.606342e+00,1.172999e-01
4600,layers.4.v_lut.log_soft_score_temp,9.135394e-01,3.447235e-03,3.773493e-03
4600,layers.4.v_lut.log_select_temp,1.053325e+00,7.515430e-03,7.134957e-03
4600,layers.4.out_proj.weights,9.631382e+01,1.204817e+01,1.250928e-01
4600,layers.4.out_proj.log_soft_score_temp,4.000068e-01,2.952486e-03,7.381091e-03
4600,layers.4.out_proj.log_select_temp,6.928005e-01,7.850647e-03,1.133176e-02
4600,layers.4.residual_lut.weights,7.912335e+01,9.859166e+00,1.246050e-01
4600,layers.4.residual_lut.log_soft_score_temp,1.562214e-01,1.651034e-02,1.056855e-01
4600,layers.4.residual_lut.log_select_temp,9.203538e-01,1.107538e-02,1.203383e-02
4600,layers.4.q_norm.weight,8.210291e+00,1.849538e-02,2.252706e-03
4600,layers.4.q_norm.bias,3.115194e-01,1.117478e-02,3.587185e-02
4600,layers.4.k_norm.weight,8.180297e+00,1.765156e-02,2.157814e-03
4600,layers.4.k_norm.bias,3.832346e-01,1.252852e-02,3.269151e-02
4600,layers.4.ln_pre.weight,7.950403e+00,1.001574e-02,1.259777e-03
4600,layers.4.ln_pre.bias,7.175186e-02,5.672079e-03,7.905131e-02
4600,layers.4.ln_post.weight,7.706847e+00,1.504866e-02,1.952634e-03
4600,layers.4.ln_post.bias,1.397837e-01,7.657641e-03,5.478208e-02
4600,layers.5.qkv_lut.weights,8.603791e+01,1.129970e+01,1.313340e-01
4600,layers.5.qkv_lut.log_soft_score_temp,3.812137e-01,1.229587e-02,3.225454e-02
4600,layers.5.qkv_lut.log_select_temp,7.334728e-01,2.478302e-03,3.378859e-03
4600,layers.5.v_lut.weights,5.738175e+01,6.946519e+00,1.210580e-01
4600,layers.5.v_lut.log_soft_score_temp,9.148300e-01,1.717448e-03,1.877341e-03
4600,layers.5.v_lut.log_select_temp,9.898715e-01,5.450547e-03,5.506317e-03
4600,layers.5.out_proj.weights,1.067630e+02,1.246820e+01,1.167839e-01
4600,layers.5.out_proj.log_soft_score_temp,6.551585e-01,4.405200e-03,6.723870e-03
4600,layers.5.out_proj.log_select_temp,8.366426e-01,1.328510e-02,1.587906e-02
4600,layers.5.residual_lut.weights,8.130537e+01,1.005917e+01,1.237209e-01
4600,layers.5.residual_lut.log_soft_score_temp,3.062198e-01,9.865373e-03,3.221665e-02
4600,layers.5.residual_lut.log_select_temp,9.353207e-01,1.386404e-02,1.482277e-02
4600,layers.5.q_norm.weight,8.379539e+00,2.150062e-02,2.565848e-03
4600,layers.5.q_norm.bias,2.680288e-01,1.411393e-02,5.265825e-02
4600,layers.5.k_norm.weight,8.374385e+00,2.187462e-02,2.612087e-03
4600,layers.5.k_norm.bias,2.840163e-01,1.519842e-02,5.351250e-02
4600,layers.5.ln_pre.weight,7.979056e+00,1.092248e-02,1.368893e-03
4600,layers.5.ln_pre.bias,6.634218e-02,6.180001e-03,9.315342e-02
4600,layers.5.ln_post.weight,7.761343e+00,1.185620e-02,1.527596e-03
4600,layers.5.ln_post.bias,1.037688e-01,8.104320e-03,7.809974e-02
4600,ln_final.weight,3.282844e+01,4.066629e-01,1.238752e-02
4600,ln_final.bias,1.309285e+00,4.132503e-02,3.156304e-02
4800,tok_emb_E.weight,8.566901e+01,1.985702e+00,2.317876e-02
4800,unembedder.weight,2.199374e+02,1.054951e+01,4.796599e-02
4800,layers.0.qkv_lut.weights,8.684060e+01,9.643357e+00,1.110466e-01
4800,layers.0.qkv_lut.log_soft_score_temp,9.038836e-01,9.250045e-04,1.023367e-03
4800,layers.0.qkv_lut.log_select_temp,1.041250e+00,8.017302e-03,7.699688e-03
4800,layers.0.v_lut.weights,5.642610e+01,6.207530e+00,1.100117e-01
4800,layers.0.v_lut.log_soft_score_temp,9.333114e-01,5.171001e-03,5.540488e-03
4800,layers.0.v_lut.log_select_temp,1.259241e+00,9.698510e-03,7.701869e-03
4800,layers.0.out_proj.weights,9.257239e+01,1.044720e+01,1.128544e-01
4800,layers.0.out_proj.log_soft_score_temp,1.819361e-01,1.924190e-02,1.057619e-01
4800,layers.0.out_proj.log_select_temp,8.453335e-01,3.169060e-03,3.748887e-03
4800,layers.0.residual_lut.weights,8.489017e+01,8.896054e+00,1.047949e-01
4800,layers.0.residual_lut.log_soft_score_temp,5.768071e-01,9.586692e-03,1.662027e-02
4800,layers.0.residual_lut.log_select_temp,1.154106e+00,1.373208e-02,1.189845e-02
4800,layers.0.q_norm.weight,9.051110e+00,2.294873e-02,2.535460e-03
4800,layers.0.q_norm.bias,8.106937e-01,1.380276e-02,1.702586e-02
4800,layers.0.k_norm.weight,9.034620e+00,2.203356e-02,2.438793e-03
4800,layers.0.k_norm.bias,1.004798e+00,1.718030e-02,1.709826e-02
4800,layers.0.ln_pre.weight,8.151166e+00,1.207566e-02,1.481464e-03
4800,layers.0.ln_pre.bias,4.196218e-02,1.100532e-02,2.622677e-01
4800,layers.0.ln_post.weight,7.994654e+00,1.374172e-02,1.718864e-03
4800,layers.0.ln_post.bias,8.095217e-02,8.413559e-03,1.039325e-01
4800,layers.1.qkv_lut.weights,8.552494e+01,1.007966e+01,1.178564e-01
4800,layers.1.qkv_lut.log_soft_score_temp,2.910876e-01,1.990616e-03,6.838548e-03
4800,layers.1.qkv_lut.log_select_temp,7.955127e-01,1.082712e-02,1.361025e-02
4800,layers.1.v_lut.weights,5.656644e+01,6.464143e+00,1.142752e-01
4800,layers.1.v_lut.log_soft_score_temp,4.700930e-01,1.391622e-02,2.960313e-02
4800,layers.1.v_lut.log_select_temp,9.792358e-01,2.757847e-03,2.816326e-03
4800,layers.1.out_proj.weights,9.298164e+01,1.072565e+01,1.153523e-01
4800,layers.1.out_proj.log_soft_score_temp,7.214358e-02,2.176838e-02,3.017369e-01
4800,layers.1.out_proj.log_select_temp,7.871045e-01,2.664328e-05,3.384973e-05
4800,layers.1.residual_lut.weights,8.132796e+01,8.946354e+00,1.100034e-01
4800,layers.1.residual_lut.log_soft_score_temp,2.874000e-01,1.403600e-02,4.883786e-02
4800,layers.1.residual_lut.log_select_temp,1.038535e+00,7.952213e-03,7.657142e-03
4800,layers.1.q_norm.weight,8.592592e+00,1.484513e-02,1.727666e-03
4800,layers.1.q_norm.bias,6.432123e-01,1.035105e-02,1.609275e-02
4800,layers.1.k_norm.weight,8.558728e+00,1.497026e-02,1.749122e-03
4800,layers.1.k_norm.bias,1.174453e+00,1.796571e-02,1.529708e-02
4800,layers.1.ln_pre.weight,7.838453e+00,1.360299e-02,1.735418e-03
4800,layers.1.ln_pre.bias,8.977429e-02,9.389576e-03,1.045909e-01
4800,layers.1.ln_post.weight,7.856908e+00,1.702830e-02,2.167303e-03
4800,layers.1.ln_post.bias,6.934343e-02,1.004301e-02,1.448301e-01
4800,layers.2.qkv_lut.weights,8.572749e+01,1.019998e+01,1.189815e-01
4800,layers.2.qkv_lut.log_soft_score_temp,1.575506e-01,1.440929e-02,9.145815e-02
4800,layers.2.qkv_lut.log_select_temp,9.528099e-01,8.219421e-03,8.626506e-03
4800,layers.2.v_lut.weights,5.696978e+01,6.219647e+00,1.091745e-01
4800,layers.2.v_lut.log_soft_score_temp,5.307795e-01,1.954013e-02,3.681402e-02
4800,layers.2.v_lut.log_select_temp,1.086953e+00,2.051473e-03,1.887362e-03
4800,layers.2.out_proj.weights,9.714292e+01,1.095953e+01,1.128186e-01
4800,layers.2.out_proj.log_soft_score_temp,2.487878e-01,2.059627e-02,8.278649e-02
4800,layers.2.out_proj.log_select_temp,9.386867e-01,4.371107e-03,4.656619e-03
4800,layers.2.residual_lut.weights,8.056532e+01,9.015728e+00,1.119058e-01
4800,layers.2.residual_lut.log_soft_score_temp,1.524871e-01,1.606227e-02,1.053353e-01
4800,layers.2.residual_lut.log_select_temp,1.018415e+00,8.204341e-03,8.055990e-03
4800,layers.2.q_norm.weight,8.824718e+00,2.145213e-02,2.430914e-03
4800,layers.2.q_norm.bias,4.578121e-01,1.019171e-02,2.226178e-02
4800,layers.2.k_norm.weight,8.754687e+00,2.115561e-02,2.416490e-03
4800,layers.2.k_norm.bias,7.800625e-01,1.560513e-02,2.000498e-02
4800,layers.2.ln_pre.weight,7.874834e+00,1.089958e-02,1.384103e-03
4800,layers.2.ln_pre.bias,7.383119e-02,5.804174e-03,7.861413e-02
4800,layers.2.ln_post.weight,7.772314e+00,1.386280e-02,1.783613e-03
4800,layers.2.ln_post.bias,1.305024e-01,9.860910e-03,7.556115e-02
4800,layers.3.qkv_lut.weights,8.591235e+01,1.025880e+01,1.194100e-01
4800,layers.3.qkv_lut.log_soft_score_temp,1.055441e-01,1.287526e-02,1.219894e-01
4800,layers.3.qkv_lut.log_select_temp,9.018286e-01,1.143968e-02,1.268498e-02
4800,layers.3.v_lut.weights,5.720149e+01,6.300048e+00,1.101378e-01
4800,layers.3.v_lut.log_soft_score_temp,5.540560e-01,1.884395e-02,3.401091e-02
4800,layers.3.v_lut.log_select_temp,1.103749e+00,1.052856e-03,9.538916e-04
4800,layers.3.out_proj.weights,9.954977e+01,1.100397e+01,1.105374e-01
4800,layers.3.out_proj.log_soft_score_temp,3.860623e-01,1.471576e-02,3.811758e-02
4800,layers.3.out_proj.log_select_temp,9.889157e-01,6.621182e-03,6.695395e-03
4800,layers.3.residual_lut.weights,8.081572e+01,9.093999e+00,1.125276e-01
4800,layers.3.residual_lut.log_soft_score_temp,1.189432e-01,1.863686e-02,1.566870e-01
4800,layers.3.residual_lut.log_select_temp,9.935448e-01,8.290112e-03,8.343974e-03
4800,layers.3.q_norm.weight,8.502763e+00,1.759859e-02,2.069749e-03
4800,layers.3.q_norm.bias,4.781056e-01,1.138518e-02,2.381310e-02
4800,layers.3.k_norm.weight,8.462407e+00,1.766805e-02,2.087827e-03
4800,layers.3.k_norm.bias,9.575831e-01,1.827089e-02,1.908022e-02
4800,layers.3.ln_pre.weight,7.866907e+00,1.222943e-02,1.554541e-03
4800,layers.3.ln_pre.bias,6.982163e-02,6.322268e-03,9.054885e-02
4800,layers.3.ln_post.weight,7.742594e+00,1.508328e-02,1.948091e-03
4800,layers.3.ln_post.bias,1.329339e-01,8.404435e-03,6.322264e-02
4800,layers.4.qkv_lut.weights,8.680112e+01,1.027696e+01,1.183966e-01
4800,layers.4.qkv_lut.log_soft_score_temp,2.520894e-01,1.213130e-02,4.812302e-02
4800,layers.4.qkv_lut.log_select_temp,8.109549e-01,4.811347e-03,5.932940e-03
4800,layers.4.v_lut.weights,5.682333e+01,6.089011e+00,1.071569e-01
4800,layers.4.v_lut.log_soft_score_temp,9.060563e-01,7.483065e-03,8.258941e-03
4800,layers.4.v_lut.log_select_temp,1.058841e+00,5.516171e-03,5.209629e-03
4800,layers.4.out_proj.weights,9.720520e+01,1.112859e+01,1.144855e-01
4800,layers.4.out_proj.log_soft_score_temp,3.959683e-01,4.038423e-03,1.019885e-02
4800,layers.4.out_proj.log_select_temp,6.995178e-01,6.717265e-03,9.602707e-03
4800,layers.4.residual_lut.weights,7.977171e+01,9.181880e+00,1.151020e-01
4800,layers.4.residual_lut.log_soft_score_temp,1.405878e-01,1.563367e-02,1.112022e-01
4800,layers.4.residual_lut.log_select_temp,9.310771e-01,1.072335e-02,1.151715e-02
4800,layers.4.q_norm.weight,8.221498e+00,1.780627e-02,2.165818e-03
4800,layers.4.q_norm.bias,3.196139e-01,1.306661e-02,4.088248e-02
4800,layers.4.k_norm.weight,8.190846e+00,1.736532e-02,2.120089e-03
4800,layers.4.k_norm.bias,3.919192e-01,1.495732e-02,3.816428e-02
4800,layers.4.ln_pre.weight,7.948023e+00,8.981072e-03,1.129976e-03
4800,layers.4.ln_pre.bias,7.222153e-02,4.842070e-03,6.704470e-02
4800,layers.4.ln_post.weight,7.699008e+00,1.475800e-02,1.916870e-03
4800,layers.4.ln_post.bias,1.438558e-01,7.436344e-03,5.169306e-02
4800,layers.5.qkv_lut.weights,8.675124e+01,1.045346e+01,1.204993e-01
4800,layers.5.qkv_lut.log_soft_score_temp,3.721296e-01,9.084165e-03,2.441130e-02
4800,layers.5.qkv_lut.log_select_temp,7.381755e-01,4.702628e-03,6.370610e-03
4800,layers.5.v_lut.weights,5.789168e+01,6.383493e+00,1.102662e-01
4800,layers.5.v_lut.log_soft_score_temp,9.126947e-01,2.135336e-03,2.339596e-03
4800,layers.5.v_lut.log_select_temp,9.942983e-01,4.426837e-03,4.452222e-03
4800,layers.5.out_proj.weights,1.078060e+02,1.150591e+01,1.067279e-01
4800,layers.5.out_proj.log_soft_score_temp,6.580530e-01,2.894521e-03,4.398613e-03
4800,layers.5.out_proj.log_select_temp,8.483112e-01,1.166862e-02,1.375512e-02
4800,layers.5.residual_lut.weights,8.208289e+01,9.348222e+00,1.138876e-01
4800,layers.5.residual_lut.log_soft_score_temp,2.967982e-01,9.421527e-03,3.174388e-02
4800,layers.5.residual_lut.log_select_temp,9.482153e-01,1.289463e-02,1.359884e-02
4800,layers.5.q_norm.weight,8.392735e+00,1.857896e-02,2.213695e-03
4800,layers.5.q_norm.bias,2.717396e-01,1.489514e-02,5.481402e-02
4800,layers.5.k_norm.weight,8.386896e+00,2.054863e-02,2.450088e-03
4800,layers.5.k_norm.bias,2.876196e-01,1.528103e-02,5.312930e-02
4800,layers.5.ln_pre.weight,7.978090e+00,1.003966e-02,1.258404e-03
4800,layers.5.ln_pre.bias,6.792690e-02,5.587621e-03,8.225933e-02
4800,layers.5.ln_post.weight,7.756872e+00,1.273819e-02,1.642181e-03
4800,layers.5.ln_post.bias,1.069815e-01,6.677505e-03,6.241735e-02
4800,ln_final.weight,3.320573e+01,3.788188e-01,1.140824e-02
4800,ln_final.bias,1.316220e+00,4.145690e-02,3.149693e-02
5000,tok_emb_E.weight,8.569972e+01,1.830974e+00,2.136499e-02
5000,unembedder.weight,2.206092e+02,9.519638e+00,4.315159e-02
5000,layers.0.qkv_lut.weights,8.745894e+01,8.903019e+00,1.017966e-01
5000,layers.0.qkv_lut.log_soft_score_temp,9.056026e-01,1.718938e-03,1.898116e-03
5000,layers.0.qkv_lut.log_select_temp,1.049239e+00,7.988930e-03,7.614022e-03
5000,layers.0.v_lut.weights,5.680833e+01,5.757703e+00,1.013532e-01
5000,layers.0.v_lut.log_soft_score_temp,9.285260e-01,4.785419e-03,5.153780e-03
5000,layers.0.v_lut.log_select_temp,1.267348e+00,8.106828e-03,6.396687e-03
5000,layers.0.out_proj.weights,9.314558e+01,9.649591e+00,1.035969e-01
5000,layers.0.out_proj.log_soft_score_temp,1.655645e-01,1.637162e-02,9.888367e-02
5000,layers.0.out_proj.log_select_temp,8.488620e-01,3.528476e-03,4.156713e-03
5000,layers.0.residual_lut.weights,8.556666e+01,8.175266e+00,9.554266e-02
5000,layers.0.residual_lut.log_soft_score_temp,5.657941e-01,1.101297e-02,1.946463e-02
5000,layers.0.residual_lut.log_select_temp,1.165088e+00,1.098239e-02,9.426234e-03
5000,layers.0.q_norm.weight,9.068357e+00,2.022012e-02,2.229745e-03
5000,layers.0.q_norm.bias,8.189400e-01,1.333846e-02,1.628747e-02
5000,layers.0.k_norm.weight,9.050806e+00,1.918939e-02,2.120185e-03
5000,layers.0.k_norm.bias,1.015334e+00,1.575881e-02,1.552082e-02
5000,layers.0.ln_pre.weight,8.150565e+00,1.362129e-02,1.671208e-03
5000,layers.0.ln_pre.bias,4.120369e-02,1.265720e-02,3.071861e-01
5000,layers.0.ln_post.weight,7.992214e+00,1.174244e-02,1.469235e-03
5000,layers.0.ln_post.bias,8.299515e-02,7.605156e-03,9.163374e-02
5000,layers.1.qkv_lut.weights,8.612103e+01,9.280201e+00,1.077577e-01
5000,layers.1.qkv_lut.log_soft_score_temp,2.888354e-01,2.252162e-03,7.797387e-03
5000,layers.1.qkv_lut.log_select_temp,8.047783e-01,9.265542e-03,1.151316e-02
5000,layers.1.v_lut.weights,5.692756e+01,5.945459e+00,1.044390e-01
5000,layers.1.v_lut.log_soft_score_temp,4.577492e-01,1.234376e-02,2.696621e-02
5000,layers.1.v_lut.log_select_temp,9.824724e-01,3.236651e-03,3.294394e-03
5000,layers.1.out_proj.weights,9.357220e+01,9.898146e+00,1.057808e-01
5000,layers.1.out_proj.log_soft_score_temp,5.215142e-02,1.999215e-02,3.833482e-01
5000,layers.1.out_proj.log_select_temp,7.885433e-01,1.438797e-03,1.824626e-03
5000,layers.1.residual_lut.weights,8.184035e+01,8.240193e+00,1.006862e-01
5000,layers.1.residual_lut.log_soft_score_temp,2.732406e-01,1.415941e-02,5.182031e-02
5000,layers.1.residual_lut.log_select_temp,1.045619e+00,7.083654e-03,6.774603e-03
5000,layers.1.q_norm.weight,8.601246e+00,1.391075e-02,1.617295e-03
5000,layers.1.q_norm.bias,6.497632e-01,1.003125e-02,1.543832e-02
5000,layers.1.k_norm.weight,8.566770e+00,1.377547e-02,1.608012e-03
5000,layers.1.k_norm.bias,1.185643e+00,1.451354e-02,1.224107e-02
5000,layers.1.ln_pre.weight,7.835382e+00,1.321726e-02,1.686868e-03
5000,layers.1.ln_pre.bias,9.308736e-02,7.982795e-03,8.575595e-02
5000,layers.1.ln_post.weight,7.851137e+00,1.324574e-02,1.687111e-03
5000,layers.1.ln_post.bias,7.080390e-02,7.357549e-03,1.039145e-01
5000,layers.2.qkv_lut.weights,8.631944e+01,9.388654e+00,1.087664e-01
5000,layers.2.qkv_lut.log_soft_score_temp,1.466054e-01,1.094525e-02,7.465788e-02
5000,layers.2.qkv_lut.log_select_temp,9.618649e-01,9.055018e-03,9.414023e-03
5000,layers.2.v_lut.weights,5.737058e+01,5.732821e+00,9.992616e-02
5000,layers.2.v_lut.log_soft_score_temp,5.137826e-01,1.699698e-02,3.308205e-02
5000,layers.2.v_lut.log_select_temp,1.089683e+00,2.730608e-03,2.505873e-03
5000,layers.2.out_proj.weights,9.789830e+01,1.010024e+01,1.031707e-01
5000,layers.2.out_proj.log_soft_score_temp,2.314968e-01,1.729095e-02,7.469196e-02
5000,layers.2.out_proj.log_select_temp,9.442571e-01,5.570412e-03,5.899253e-03
5000,layers.2.residual_lut.weights,8.106742e+01,8.311665e+00,1.025278e-01
5000,layers.2.residual_lut.log_soft_score_temp,1.370060e-01,1.548114e-02,1.129961e-01
5000,layers.2.residual_lut.log_select_temp,1.027292e+00,8.876801e-03,8.640973e-03
5000,layers.2.q_norm.weight,8.835553e+00,1.779534e-02,2.014061e-03
5000,layers.2.q_norm.bias,4.618763e-01,8.931238e-03,1.933686e-02
5000,layers.2.k_norm.weight,8.765618e+00,1.751067e-02,1.997653e-03
5000,layers.2.k_norm.bias,7.848482e-01,1.157448e-02,1.474741e-02
5000,layers.2.ln_pre.weight,7.870627e+00,1.014244e-02,1.288645e-03
5000,layers.2.ln_pre.bias,7.474792e-02,4.550256e-03,6.087468e-02
5000,layers.2.ln_post.weight,7.766100e+00,1.344576e-02,1.731340e-03
5000,layers.2.ln_post.bias,1.332915e-01,8.359360e-03,6.271489e-02
5000,layers.3.qkv_lut.weights,8.650813e+01,9.460452e+00,1.093591e-01
5000,layers.3.qkv_lut.log_soft_score_temp,9.320391e-02,1.234017e-02,1.323997e-01
5000,layers.3.qkv_lut.log_select_temp,9.110506e-01,9.221911e-03,1.012228e-02
5000,layers.3.v_lut.weights,5.760957e+01,5.786323e+00,1.004403e-01
5000,layers.3.v_lut.log_soft_score_temp,5.367484e-01,1.730758e-02,3.224524e-02
5000,layers.3.v_lut.log_select_temp,1.103492e+00,2.565384e-04,2.324787e-04
5000,layers.3.out_proj.weights,1.003566e+02,1.013050e+01,1.009450e-01
5000,layers.3.out_proj.log_soft_score_temp,3.713412e-01,1.472113e-02,3.964313e-02
5000,layers.3.out_proj.log_select_temp,9.931680e-01,4.252255e-03,4.281506e-03
5000,layers.3.residual_lut.weights,8.134148e+01,8.371739e+00,1.029209e-01
5000,layers.3.residual_lut.log_soft_score_temp,1.039645e-01,1.497874e-02,1.440755e-01
5000,layers.3.residual_lut.log_select_temp,1.002432e+00,8.886755e-03,8.865199e-03
5000,layers.3.q_norm.weight,8.512742e+00,1.733402e-02,2.036244e-03
5000,layers.3.q_norm.bias,4.822735e-01,1.165594e-02,2.416873e-02
5000,layers.3.k_norm.weight,8.471931e+00,1.809764e-02,2.136189e-03
5000,layers.3.k_norm.bias,9.646748e-01,1.540594e-02,1.597008e-02
5000,layers.3.ln_pre.weight,7.862380e+00,1.088299e-02,1.384185e-03
5000,layers.3.ln_pre.bias,7.104993e-02,6.401759e-03,9.010225e-02
5000,layers.3.ln_post.weight,7.735677e+00,1.246811e-02,1.611767e-03
5000,layers.3.ln_post.bias,1.375942e-01,7.958594e-03,5.784104e-02
5000,layers.4.qkv_lut.weights,8.741908e+01,9.474822e+00,1.083839e-01
5000,layers.4.qkv_lut.log_soft_score_temp,2.439086e-01,8.180782e-03,3.354036e-02
5000,layers.4.qkv_lut.log_select_temp,8.192955e-01,8.340597e-03,1.018021e-02
5000,layers.4.v_lut.weights,5.724082e+01,5.616565e+00,9.812167e-02
5000,layers.4.v_lut.log_soft_score_temp,8.986452e-01,7.411122e-03,8.246995e-03
5000,layers.4.v_lut.log_select_temp,1.063380e+00,4.538894e-03,4.268363e-03
5000,layers.4.out_proj.weights,9.797765e+01,1.026478e+01,1.047665e-01
5000,layers.4.out_proj.log_soft_score_temp,3.922407e-01,3.727674e-03,9.503539e-03
5000,layers.4.out_proj.log_select_temp,7.061383e-01,6.620526e-03,9.375679e-03
5000,layers.4.residual_lut.weights,8.033965e+01,8.443427e+00,1.050966e-01
5000,layers.4.residual_lut.log_soft_score_temp,1.278351e-01,1.275270e-02,9.975899e-02
5000,layers.4.residual_lut.log_select_temp,9.436501e-01,1.257294e-02,1.332374e-02
5000,layers.4.q_norm.weight,8.230292e+00,1.903415e-02,2.312695e-03
5000,layers.4.q_norm.bias,3.221684e-01,1.162092e-02,3.607095e-02
5000,layers.4.k_norm.weight,8.198867e+00,1.995134e-02,2.433427e-03
5000,layers.4.k_norm.bias,3.956614e-01,1.535160e-02,3.879983e-02
5000,layers.4.ln_pre.weight,7.946559e+00,9.594659e-03,1.207398e-03
5000,layers.4.ln_pre.bias,7.342643e-02,4.799613e-03,6.536629e-02
5000,layers.4.ln_post.weight,7.692974e+00,1.257806e-02,1.635006e-03
5000,layers.4.ln_post.bias,1.487871e-01,8.399222e-03,5.645126e-02
5000,layers.5.qkv_lut.weights,8.735716e+01,9.628522e+00,1.102202e-01
5000,layers.5.qkv_lut.log_soft_score_temp,3.618590e-01,1.027057e-02,2.838278e-02
5000,layers.5.qkv_lut.log_select_temp,7.409729e-01,2.797425e-03,3.775340e-03
5000,layers.5.v_lut.weights,5.831540e+01,5.918852e+00,1.014972e-01
5000,layers.5.v_lut.log_soft_score_temp,9.091772e-01,3.517509e-03,3.868892e-03
5000,layers.5.v_lut.log_select_temp,9.971489e-01,2.850533e-03,2.858683e-03
5000,layers.5.out_proj.weights,1.087225e+02,1.060097e+01,9.750483e-02
5000,layers.5.out_proj.log_soft_score_temp,6.613714e-01,3.318369e-03,5.017407e-03
5000,layers.5.out_proj.log_select_temp,8.594282e-01,1.111698e-02,1.293532e-02
5000,layers.5.residual_lut.weights,8.275607e+01,8.596430e+00,1.038767e-01
5000,layers.5.residual_lut.log_soft_score_temp,2.888742e-01,7.924050e-03,2.743080e-02
5000,layers.5.residual_lut.log_select_temp,9.607373e-01,1.252204e-02,1.303378e-02
5000,layers.5.q_norm.weight,8.403111e+00,1.759715e-02,2.094123e-03
5000,layers.5.q_norm.bias,2.763276e-01,1.280853e-02,4.635271e-02
5000,layers.5.k_norm.weight,8.397211e+00,1.787869e-02,2.129122e-03
5000,layers.5.k_norm.bias,2.917395e-01,1.391942e-02,4.771180e-02
5000,layers.5.ln_pre.weight,7.976923e+00,8.545689e-03,1.071301e-03
5000,layers.5.ln_pre.bias,6.981364e-02,5.461627e-03,7.823152e-02
5000,layers.5.ln_post.weight,7.752505e+00,1.191450e-02,1.536858e-03
5000,layers.5.ln_post.bias,1.094093e-01,6.170881e-03,5.640178e-02
5000,ln_final.weight,3.356049e+01,3.560991e-01,1.061066e-02
5000,ln_final.bias,1.322987e+00,3.768000e-02,2.848100e-02
5200,tok_emb_E.weight,8.572566e+01,1.682454e+00,1.962602e-02
5200,unembedder.weight,2.211857e+02,8.910141e+00,4.028353e-02
5200,layers.0.qkv_lut.weights,8.797327e+01,8.201034e+00,9.322188e-02
5200,layers.0.qkv_lut.log_soft_score_temp,9.080617e-01,2.459168e-03,2.708151e-03
5200,layers.0.qkv_lut.log_select_temp,1.056897e+00,7.658243e-03,7.245967e-03
5200,layers.0.v_lut.weights,5.712948e+01,5.297063e+00,9.272030e-02
5200,layers.0.v_lut.log_soft_score_temp,9.243025e-01,4.223526e-03,4.569419e-03
5200,layers.0.v_lut.log_select_temp,1.274023e+00,6.674767e-03,5.239127e-03
5200,layers.0.out_proj.weights,9.364046e+01,8.851814e+00,9.452980e-02
5200,layers.0.out_proj.log_soft_score_temp,1.512239e-01,1.434062e-02,9.483044e-02
5200,layers.0.out_proj.log_select_temp,8.537906e-01,4.928648e-03,5.772666e-03
5200,layers.0.residual_lut.weights,8.618572e+01,7.536407e+00,8.744380e-02
5200,layers.0.residual_lut.log_soft_score_temp,5.598182e-01,5.975902e-03,1.067472e-02
5200,layers.0.residual_lut.log_select_temp,1.177602e+00,1.251388e-02,1.062657e-02
5200,layers.0.q_norm.weight,9.081579e+00,1.695288e-02,1.866733e-03
5200,layers.0.q_norm.bias,8.252932e-01,1.072618e-02,1.299682e-02
5200,layers.0.k_norm.weight,9.063396e+00,1.621162e-02,1.788692e-03
5200,layers.0.k_norm.bias,1.024261e+00,1.211202e-02,1.182513e-02
5200,layers.0.ln_pre.weight,8.150049e+00,1.002441e-02,1.229981e-03
5200,layers.0.ln_pre.bias,4.201069e-02,1.028326e-02,2.447771e-01
5200,layers.0.ln_post.weight,7.991427e+00,1.138067e-02,1.424109e-03
5200,layers.0.ln_post.bias,8.259398e-02,7.489242e-03,9.067539e-02
5200,layers.1.qkv_lut.weights,8.661452e+01,8.532151e+00,9.850716e-02
5200,layers.1.qkv_lut.log_soft_score_temp,2.854116e-01,3.423780e-03,1.199594e-02
5200,layers.1.qkv_lut.log_select_temp,8.118693e-01,7.090986e-03,8.734147e-03
5200,layers.1.v_lut.weights,5.722443e+01,5.473574e+00,9.565100e-02
5200,layers.1.v_lut.log_soft_score_temp,4.476162e-01,1.013309e-02,2.263790e-02
5200,layers.1.v_lut.log_select_temp,9.854819e-01,3.009439e-03,3.053774e-03
5200,layers.1.out_proj.weights,9.404682e+01,9.078576e+00,9.653251e-02
5200,layers.1.out_proj.log_soft_score_temp,3.334153e-02,1.880989e-02,5.641580e-01
5200,layers.1.out_proj.log_select_temp,7.882381e-01,3.051758e-04,3.871619e-04
5200,layers.1.residual_lut.weights,8.226823e+01,7.606200e+00,9.245610e-02
5200,layers.1.residual_lut.log_soft_score_temp,2.616664e-01,1.157415e-02,4.423246e-02
5200,layers.1.residual_lut.log_select_temp,1.052351e+00,6.731987e-03,6.397092e-03
5200,layers.1.q_norm.weight,8.604906e+00,1.007834e-02,1.171231e-03
5200,layers.1.q_norm.bias,6.540081e-01,9.447257e-03,1.444517e-02
5200,layers.1.k_norm.weight,8.570225e+00,1.050441e-02,1.225686e-03
5200,layers.1.k_norm.bias,1.193713e+00,1.116463e-02,9.352857e-03
5200,layers.1.ln_pre.weight,7.832448e+00,1.115644e-02,1.424388e-03
5200,layers.1.ln_pre.bias,9.552073e-02,8.403981e-03,8.798070e-02
5200,layers.1.ln_post.weight,7.846828e+00,1.181261e-02,1.505399e-03
5200,layers.1.ln_post.bias,7.279118e-02,8.021273e-03,1.101957e-01
5200,layers.2.qkv_lut.weights,8.681564e+01,8.629406e+00,9.939921e-02
5200,layers.2.qkv_lut.log_soft_score_temp,1.373407e-01,9.264648e-03,6.745740e-02
5200,layers.2.qkv_lut.log_select_temp,9.699241e-01,8.059144e-03,8.309046e-03
5200,layers.2.v_lut.weights,5.770454e+01,5.281658e+00,9.152932e-02
5200,layers.2.v_lut.log_soft_score_temp,4.977156e-01,1.606700e-02,3.228149e-02
5200,layers.2.v_lut.log_select_temp,1.090328e+00,6.451607e-04,5.917123e-04
5200,layers.2.out_proj.weights,9.850785e+01,9.265326e+00,9.405672e-02
5200,layers.2.out_proj.log_soft_score_temp,2.150511e-01,1.644576e-02,7.647373e-02
5200,layers.2.out_proj.log_select_temp,9.471688e-01,2.911687e-03,3.074095e-03
5200,layers.2.residual_lut.weights,8.147991e+01,7.639980e+00,9.376520e-02
5200,layers.2.residual_lut.log_soft_score_temp,1.222675e-01,1.473846e-02,1.205427e-01
5200,layers.2.residual_lut.log_select_temp,1.033610e+00,6.318688e-03,6.113220e-03
5200,layers.2.q_norm.weight,8.845805e+00,1.483422e-02,1.676978e-03
5200,layers.2.q_norm.bias,4.661403e-01,7.857108e-03,1.685567e-02
5200,layers.2.k_norm.weight,8.775082e+00,1.495384e-02,1.704126e-03
5200,layers.2.k_norm.bias,7.900413e-01,1.249466e-02,1.581519e-02
5200,layers.2.ln_pre.weight,7.866633e+00,9.823787e-03,1.248792e-03
5200,layers.2.ln_pre.bias,7.621367e-02,3.691202e-03,4.843229e-02
5200,layers.2.ln_post.weight,7.759400e+00,1.223696e-02,1.577050e-03
5200,layers.2.ln_post.bias,1.359023e-01,7.763913e-03,5.712866e-02
5200,layers.3.qkv_lut.weights,8.701209e+01,8.673929e+00,9.968648e-02
5200,layers.3.qkv_lut.log_soft_score_temp,8.276682e-02,1.043709e-02,1.261024e-01
5200,layers.3.qkv_lut.log_select_temp,9.195698e-01,8.519292e-03,9.264431e-03
5200,layers.3.v_lut.weights,5.794073e+01,5.331181e+00,9.201094e-02
5200,layers.3.v_lut.log_soft_score_temp,5.197836e-01,1.696479e-02,3.263818e-02
5200,layers.3.v_lut.log_select_temp,1.102406e+00,1.085997e-03,9.851149e-04
5200,layers.3.out_proj.weights,1.010503e+02,9.290651e+00,9.194087e-02
5200,layers.3.out_proj.log_soft_score_temp,3.580592e-01,1.328197e-02,3.709434e-02
5200,layers.3.out_proj.log_select_temp,9.984635e-01,5.295515e-03,5.303664e-03
5200,layers.3.residual_lut.weights,8.176225e+01,7.689885e+00,9.405178e-02
5200,layers.3.residual_lut.log_soft_score_temp,8.923592e-02,1.472858e-02,1.650521e-01
5200,layers.3.residual_lut.log_select_temp,1.009496e+00,7.064342e-03,6.997892e-03
5200,layers.3.q_norm.weight,8.520417e+00,1.393402e-02,1.635369e-03
5200,layers.3.q_norm.bias,4.864913e-01,9.702337e-03,1.994350e-02
5200,layers.3.k_norm.weight,8.479138e+00,1.336267e-02,1.575947e-03
5200,layers.3.k_norm.bias,9.728137e-01,1.493161e-02,1.534889e-02
5200,layers.3.ln_pre.weight,7.858400e+00,1.209923e-02,1.539655e-03
5200,layers.3.ln_pre.bias,7.125182e-02,4.914911e-03,6.897945e-02
5200,layers.3.ln_post.weight,7.728635e+00,1.282293e-02,1.659146e-03
5200,layers.3.ln_post.bias,1.423546e-01,6.935663e-03,4.872103e-02
5200,layers.4.qkv_lut.weights,8.792683e+01,8.672814e+00,9.863672e-02
5200,layers.4.qkv_lut.log_soft_score_temp,2.349400e-01,8.968621e-03,3.817409e-02
5200,layers.4.qkv_lut.log_select_temp,8.240710e-01,4.775584e-03,5.795112e-03
5200,layers.4.v_lut.weights,5.759190e+01,5.126812e+00,8.901967e-02
5200,layers.4.v_lut.log_soft_score_temp,8.917987e-01,6.846428e-03,7.677100e-03
5200,layers.4.v_lut.log_select_temp,1.066182e+00,2.802014e-03,2.628082e-03
5200,layers.4.out_proj.weights,9.861582e+01,9.391754e+00,9.523577e-02
5200,layers.4.out_proj.log_soft_score_temp,3.877538e-01,4.486889e-03,1.157149e-02
5200,layers.4.out_proj.log_select_temp,7.110487e-01,4.910350e-03,6.905786e-03
5200,layers.4.residual_lut.weights,8.079259e+01,7.781003e+00,9.630837e-02
5200,layers.4.residual_lut.log_soft_score_temp,1.152665e-01,1.256854e-02,1.090390e-01
5200,layers.4.residual_lut.log_select_temp,9.526080e-01,8.957922e-03,9.403577e-03
5200,layers.4.q_norm.weight,8.232916e+00,1.393878e-02,1.693055e-03
5200,layers.4.q_norm.bias,3.276450e-01,1.075652e-02,3.282978e-02
5200,layers.4.k_norm.weight,8.201435e+00,1.429829e-02,1.743389e-03
5200,layers.4.k_norm.bias,3.976994e-01,1.110512e-02,2.792341e-02
5200,layers.4.ln_pre.weight,7.944915e+00,7.695077e-03,9.685536e-04
5200,layers.4.ln_pre.bias,7.425620e-02,4.322585e-03,5.821178e-02
5200,layers.4.ln_post.weight,7.686334e+00,1.068406e-02,1.390008e-03
5200,layers.4.ln_post.bias,1.511048e-01,5.948117e-03,3.936418e-02
5200,layers.5.qkv_lut.weights,8.786364e+01,8.802669e+00,1.001856e-01
5200,layers.5.qkv_lut.log_soft_score_temp,3.541415e-01,7.717460e-03,2.179202e-02
5200,layers.5.qkv_lut.log_select_temp,7.445180e-01,3.545105e-03,4.761612e-03
5200,layers.5.v_lut.weights,5.867055e+01,5.393291e+00,9.192501e-02
5200,layers.5.v_lut.log_soft_score_temp,9.060578e-01,3.119349e-03,3.442771e-03
5200,layers.5.v_lut.log_select_temp,9.995259e-01,2.377033e-03,2.378161e-03
5200,layers.5.out_proj.weights,1.094906e+02,9.715293e+00,8.873178e-02
5200,layers.5.out_proj.log_soft_score_temp,6.633058e-01,1.934350e-03,2.916226e-03
5200,layers.5.out_proj.log_select_temp,8.687652e-01,9.337008e-03,1.074745e-02
5200,layers.5.residual_lut.weights,8.331706e+01,7.908065e+00,9.491532e-02
5200,layers.5.residual_lut.log_soft_score_temp,2.799214e-01,8.952767e-03,3.198314e-02
5200,layers.5.residual_lut.log_select_temp,9.701319e-01,9.394526e-03,9.683762e-03
5200,layers.5.q_norm.weight,8.409570e+00,1.246665e-02,1.482437e-03
5200,layers.5.q_norm.bias,2.791969e-01,9.952775e-03,3.564787e-02
5200,layers.5.k_norm.weight,8.403623e+00,1.280494e-02,1.523740e-03
5200,layers.5.k_norm.bias,2.953598e-01,1.248984e-02,4.228687e-02
5200,layers.5.ln_pre.weight,7.975542e+00,9.472760e-03,1.187726e-03
5200,layers.5.ln_pre.bias,7.085619e-02,4.860476e-03,6.859635e-02
5200,layers.5.ln_post.weight,7.747849e+00,1.024006e-02,1.321665e-03
5200,layers.5.ln_post.bias,1.111841e-01,5.480063e-03,4.928817e-02
5200,ln_final.weight,3.388213e+01,3.228455e-01,9.528489e-03
5200,ln_final.bias,1.330159e+00,3.580754e-02,2.691975e-02
5400,tok_emb_E.weight,8.574788e+01,1.539231e+00,1.795066e-02
5400,unembedder.weight,2.218096e+02,8.304085e+00,3.743790e-02
5400,layers.0.qkv_lut.weights,8.840205e+01,7.510485e+00,8.495827e-02
5400,layers.0.qkv_lut.log_soft_score_temp,9.092071e-01,1.145363e-03,1.259738e-03
5400,layers.0.qkv_lut.log_select_temp,1.063866e+00,6.968737e-03,6.550389e-03
5400,layers.0.v_lut.weights,5.739424e+01,4.860746e+00,8.469048e-02
5400,layers.0.v_lut.log_soft_score_temp,9.216388e-01,2.663612e-03,2.890083e-03
5400,layers.0.v_lut.log_select_temp,1.281384e+00,7.361650e-03,5.745076e-03
5400,layers.0.out_proj.weights,9.401954e+01,8.111282e+00,8.627231e-02
5400,layers.0.out_proj.log_soft_score_temp,1.378956e-01,1.332821e-02,9.665432e-02
5400,layers.0.out_proj.log_select_temp,8.567428e-01,2.952158e-03,3.445793e-03
5400,layers.0.residual_lut.weights,8.669588e+01,6.893093e+00,7.950888e-02
5400,layers.0.residual_lut.log_soft_score_temp,5.520489e-01,7.769346e-03,1.407366e-02
5400,layers.0.residual_lut.log_select_temp,1.189149e+00,1.154745e-02,9.710677e-03
5400,layers.0.q_norm.weight,9.096823e+00,1.802744e-02,1.981729e-03
5400,layers.0.q_norm.bias,8.326207e-01,1.022239e-02,1.227736e-02
5400,layers.0.k_norm.weight,9.077761e+00,1.721088e-02,1.895939e-03
5400,layers.0.k_norm.bias,1.033685e+00,1.286531e-02,1.244606e-02
5400,layers.0.ln_pre.weight,8.149944e+00,8.152416e-03,1.000303e-03
5400,layers.0.ln_pre.bias,4.258275e-02,9.493168e-03,2.229346e-01
5400,layers.0.ln_post.weight,7.989933e+00,8.407977e-03,1.052321e-03
5400,layers.0.ln_post.bias,8.413021e-02,6.738860e-03,8.010035e-02
5400,layers.1.qkv_lut.weights,8.703043e+01,7.799882e+00,8.962247e-02
5400,layers.1.qkv_lut.log_soft_score_temp,2.834292e-01,1.982391e-03,6.994306e-03
5400,layers.1.qkv_lut.log_select_temp,8.196232e-01,7.753968e-03,9.460406e-03
5400,layers.1.v_lut.weights,5.746848e+01,4.994221e+00,8.690365e-02
5400,layers.1.v_lut.log_soft_score_temp,4.368472e-01,1.076898e-02,2.465160e-02
5400,layers.1.v_lut.log_select_temp,9.861358e-01,6.539822e-04,6.631765e-04
5400,layers.1.out_proj.weights,9.443416e+01,8.288722e+00,8.777250e-02
5400,layers.1.out_proj.log_soft_score_temp,1.636949e-02,1.697204e-02,1.036810e+00
5400,layers.1.out_proj.log_select_temp,7.886289e-01,3.907681e-04,4.955031e-04
5400,layers.1.residual_lut.weights,8.261336e+01,6.948625e+00,8.411019e-02
5400,layers.1.residual_lut.log_soft_score_temp,2.505895e-01,1.107696e-02,4.420360e-02
5400,layers.1.residual_lut.log_select_temp,1.057683e+00,5.331635e-03,5.040865e-03
5400,layers.1.q_norm.weight,8.611774e+00,1.080173e-02,1.254298e-03
5400,layers.1.q_norm.bias,6.574236e-01,8.506759e-03,1.293954e-02
5400,layers.1.k_norm.weight,8.576598e+00,1.012570e-02,1.180619e-03
5400,layers.1.k_norm.bias,1.203243e+00,1.271413e-02,1.056655e-02
5400,layers.1.ln_pre.weight,7.829945e+00,1.003456e-02,1.281562e-03
5400,layers.1.ln_pre.bias,9.893667e-02,8.420648e-03,8.511150e-02
5400,layers.1.ln_post.weight,7.842178e+00,1.015995e-02,1.295552e-03
5400,layers.1.ln_post.bias,7.403081e-02,7.659682e-03,1.034661e-01
5400,layers.2.qkv_lut.weights,8.722114e+01,7.876219e+00,9.030172e-02
5400,layers.2.qkv_lut.log_soft_score_temp,1.260730e-01,1.126775e-02,8.937484e-02
5400,layers.2.qkv_lut.log_select_temp,9.753160e-01,5.391896e-03,5.528358e-03
5400,layers.2.v_lut.weights,5.797800e+01,4.817455e+00,8.309109e-02
5400,layers.2.v_lut.log_soft_score_temp,4.839442e-01,1.377136e-02,2.845649e-02
5400,layers.2.v_lut.log_select_temp,1.093034e+00,2.705455e-03,2.475179e-03
5400,layers.2.out_proj.weights,9.905096e+01,8.456059e+00,8.537080e-02
5400,layers.2.out_proj.log_soft_score_temp,2.021106e-01,1.294041e-02,6.402635e-02
5400,layers.2.out_proj.log_select_temp,9.529561e-01,5.787313e-03,6.073011e-03
5400,layers.2.residual_lut.weights,8.181596e+01,7.020287e+00,8.580584e-02
5400,layers.2.residual_lut.log_soft_score_temp,1.099946e-01,1.227294e-02,1.115777e-01
5400,layers.2.residual_lut.log_select_temp,1.040004e+00,6.393790e-03,6.147850e-03
5400,layers.2.q_norm.weight,8.858732e+00,1.817456e-02,2.051598e-03
5400,layers.2.q_norm.bias,4.728247e-01,9.031807e-03,1.910181e-02
5400,layers.2.k_norm.weight,8.787306e+00,1.809426e-02,2.059136e-03
5400,layers.2.k_norm.bias,7.995163e-01,1.349756e-02,1.688216e-02
5400,layers.2.ln_pre.weight,7.862428e+00,8.660407e-03,1.101493e-03
5400,layers.2.ln_pre.bias,7.715871e-02,4.141214e-03,5.367138e-02
5400,layers.2.ln_post.weight,7.753722e+00,1.218266e-02,1.571201e-03
5400,layers.2.ln_post.bias,1.395214e-01,7.311678e-03,5.240541e-02
5400,layers.3.qkv_lut.weights,8.742889e+01,7.914371e+00,9.052353e-02
5400,layers.3.qkv_lut.log_soft_score_temp,7.285429e-02,9.912528e-03,1.360596e-01
5400,layers.3.qkv_lut.log_select_temp,9.268604e-01,7.290542e-03,7.865847e-03
5400,layers.3.v_lut.weights,5.821386e+01,4.850893e+00,8.332883e-02
5400,layers.3.v_lut.log_soft_score_temp,5.042329e-01,1.555067e-02,3.084026e-02
5400,layers.3.v_lut.log_select_temp,1.100884e+00,1.521945e-03,1.382475e-03
5400,layers.3.out_proj.weights,1.016337e+02,8.481726e+00,8.345391e-02
5400,layers.3.out_proj.log_soft_score_temp,3.453654e-01,1.269376e-02,3.675458e-02
5400,layers.3.out_proj.log_select_temp,1.002636e+00,4.172683e-03,4.161712e-03
5400,layers.3.residual_lut.weights,8.212050e+01,7.036117e+00,8.568040e-02
5400,layers.3.residual_lut.log_soft_score_temp,7.789102e-02,1.134490e-02,1.456510e-01
5400,layers.3.residual_lut.log_select_temp,1.016721e+00,7.225394e-03,7.106564e-03
5400,layers.3.q_norm.weight,8.525831e+00,1.435049e-02,1.683177e-03
5400,layers.3.q_norm.bias,4.887123e-01,7.145877e-03,1.462185e-02
5400,layers.3.k_norm.weight,8.484377e+00,1.415252e-02,1.668069e-03
5400,layers.3.k_norm.bias,9.795906e-01,1.216472e-02,1.241816e-02
5400,layers.3.ln_pre.weight,7.854410e+00,9.294828e-03,1.183390e-03
5400,layers.3.ln_pre.bias,7.186534e-02,5.340207e-03,7.430852e-02
5400,layers.3.ln_post.weight,7.722689e+00,1.023661e-02,1.325524e-03
5400,layers.3.ln_post.bias,1.464337e-01,6.929117e-03,4.731914e-02
5400,layers.4.qkv_lut.weights,8.835067e+01,7.915052e+00,8.958678e-02
5400,layers.4.qkv_lut.log_soft_score_temp,2.272198e-01,7.720217e-03,3.397687e-02
5400,layers.4.qkv_lut.log_select_temp,8.298440e-01,5.772948e-03,6.956667e-03
5400,layers.4.v_lut.weights,5.788938e+01,4.684057e+00,8.091393e-02
5400,layers.4.v_lut.log_soft_score_temp,8.857640e-01,6.034732e-03,6.813025e-03
5400,layers.4.v_lut.log_select_temp,1.068946e+00,2.763629e-03,2.585378e-03
5400,layers.4.out_proj.weights,9.917010e+01,8.604042e+00,8.676045e-02
5400,layers.4.out_proj.log_soft_score_temp,3.846386e-01,3.115177e-03,8.098972e-03
5400,layers.4.out_proj.log_select_temp,7.175992e-01,6.550491e-03,9.128343e-03
5400,layers.4.residual_lut.weights,8.117733e+01,7.101746e+00,8.748435e-02
5400,layers.4.residual_lut.log_soft_score_temp,1.046323e-01,1.063423e-02,1.016343e-01
5400,layers.4.residual_lut.log_select_temp,9.614586e-01,8.850574e-03,9.205362e-03
5400,layers.4.q_norm.weight,8.237499e+00,1.311292e-02,1.591858e-03
5400,layers.4.q_norm.bias,3.304799e-01,8.911306e-03,2.696475e-02
5400,layers.4.k_norm.weight,8.205522e+00,1.289211e-02,1.571150e-03
5400,layers.4.k_norm.bias,4.022906e-01,1.078831e-02,2.681720e-02
5400,layers.4.ln_pre.weight,7.943243e+00,6.742793e-03,8.488716e-04
5400,layers.4.ln_pre.bias,7.405505e-02,4.360610e-03,5.888336e-02
5400,layers.4.ln_post.weight,7.680819e+00,1.035629e-02,1.348331e-03
5400,layers.4.ln_post.bias,1.541686e-01,6.608831e-03,4.286754e-02
5400,layers.5.qkv_lut.weights,8.827322e+01,8.038464e+00,9.106344e-02
5400,layers.5.qkv_lut.log_soft_score_temp,3.459480e-01,8.193523e-03,2.368426e-02
5400,layers.5.qkv_lut.log_select_temp,7.475421e-01,3.024101e-03,4.045393e-03
5400,layers.5.v_lut.weights,5.896770e+01,4.958060e+00,8.408094e-02
5400,layers.5.v_lut.log_soft_score_temp,9.046670e-01,1.390874e-03,1.537444e-03
5400,layers.5.v_lut.log_select_temp,1.003561e+00,4.035592e-03,4.021270e-03
5400,layers.5.out_proj.weights,1.101655e+02,8.833019e+00,8.017952e-02
5400,layers.5.out_proj.log_soft_score_temp,6.659369e-01,2.631128e-03,3.951017e-03
5400,layers.5.out_proj.log_select_temp,8.782393e-01,9.474099e-03,1.078761e-02
5400,layers.5.residual_lut.weights,8.379183e+01,7.240568e+00,8.641138e-02
5400,layers.5.residual_lut.log_soft_score_temp,2.728914e-01,7.030040e-03,2.576131e-02
5400,layers.5.residual_lut.log_select_temp,9.796467e-01,9.514809e-03,9.712490e-03
5400,layers.5.q_norm.weight,8.421250e+00,1.631146e-02,1.936941e-03
5400,layers.5.q_norm.bias,2.834669e-01,1.073501e-02,3.787040e-02
5400,layers.5.k_norm.weight,8.415595e+00,1.659444e-02,1.971867e-03
5400,layers.5.k_norm.bias,3.005357e-01,1.212918e-02,4.035854e-02
5400,layers.5.ln_pre.weight,7.974357e+00,7.273770e-03,9.121451e-04
5400,layers.5.ln_pre.bias,7.158139e-02,5.667628e-03,7.917740e-02
5400,layers.5.ln_post.weight,7.743904e+00,9.574203e-03,1.236354e-03
5400,layers.5.ln_post.bias,1.129935e-01,5.356061e-03,4.740150e-02
5400,ln_final.weight,3.418081e+01,2.996927e-01,8.767863e-03
5400,ln_final.bias,1.337400e+00,3.360535e-02,2.512737e-02
5600,tok_emb_E.weight,8.576528e+01,1.401224e+00,1.633789e-02
5600,unembedder.weight,2.222699e+02,7.380889e+00,3.320687e-02
5600,layers.0.qkv_lut.weights,8.874931e+01,6.834017e+00,7.700360e-02
5600,layers.0.qkv_lut.log_soft_score_temp,9.119667e-01,2.759635e-03,3.026026e-03
5600,layers.0.qkv_lut.log_select_temp,1.070656e+00,6.789923e-03,6.341834e-03
5600,layers.0.v_lut.weights,5.761359e+01,4.428172e+00,7.685984e-02
5600,layers.0.v_lut.log_soft_score_temp,9.206447e-01,9.941459e-04,1.079837e-03
5600,layers.0.v_lut.log_select_temp,1.288226e+00,6.841540e-03,5.310824e-03
5600,layers.0.out_proj.weights,9.431525e+01,7.351378e+00,7.794475e-02
5600,layers.0.out_proj.log_soft_score_temp,1.265252e-01,1.137045e-02,8.986708e-02
5600,layers.0.out_proj.log_select_temp,8.606548e-01,3.911972e-03,4.545344e-03
5600,layers.0.residual_lut.weights,8.712000e+01,6.279225e+00,7.207559e-02
5600,layers.0.residual_lut.log_soft_score_temp,5.467195e-01,5.329370e-03,9.747907e-03
5600,layers.0.residual_lut.log_select_temp,1.198618e+00,9.468317e-03,7.899363e-03
5600,layers.0.q_norm.weight,9.110090e+00,1.528915e-02,1.678266e-03
5600,layers.0.q_norm.bias,8.372931e-01,7.585621e-03,9.059697e-03
5600,layers.0.k_norm.weight,9.090340e+00,1.494998e-02,1.644601e-03
5600,layers.0.k_norm.bias,1.040768e+00,1.127846e-02,1.083668e-02
5600,layers.0.ln_pre.weight,8.149910e+00,8.976836e-03,1.101464e-03
5600,layers.0.ln_pre.bias,4.059766e-02,8.962134e-03,2.207549e-01
5600,layers.0.ln_post.weight,7.988793e+00,7.853110e-03,9.830159e-04
5600,layers.0.ln_post.bias,8.421562e-02,6.460407e-03,7.671270e-02
5600,layers.1.qkv_lut.weights,8.737077e+01,7.055772e+00,8.075667e-02
5600,layers.1.qkv_lut.log_soft_score_temp,2.823617e-01,1.067489e-03,3.780574e-03
5600,layers.1.qkv_lut.log_select_temp,8.272768e-01,7.653594e-03,9.251551e-03
5600,layers.1.v_lut.weights,5.766603e+01,4.532705e+00,7.860268e-02
5600,layers.1.v_lut.log_soft_score_temp,4.291884e-01,7.658809e-03,1.784487e-02
5600,layers.1.v_lut.log_select_temp,9.896043e-01,3.468454e-03,3.504890e-03
5600,layers.1.out_proj.weights,9.475928e+01,7.496867e+00,7.911485e-02
5600,layers.1.out_proj.log_soft_score_temp,2.203568e-03,1.416592e-02,6.428629e+00
5600,layers.1.out_proj.log_select_temp,7.903510e-01,1.722097e-03,2.178902e-03
5600,layers.1.residual_lut.weights,8.290231e+01,6.319952e+00,7.623373e-02
5600,layers.1.residual_lut.log_soft_score_temp,2.421515e-01,8.437991e-03,3.484592e-02
5600,layers.1.residual_lut.log_select_temp,1.064430e+00,6.747246e-03,6.338835e-03
5600,layers.1.q_norm.weight,8.619608e+00,1.044707e-02,1.212013e-03
5600,layers.1.q_norm.bias,6.619662e-01,7.348263e-03,1.110066e-02
5600,layers.1.k_norm.weight,8.583991e+00,1.066705e-02,1.242668e-03
5600,layers.1.k_norm.bias,1.211812e+00,1.096226e-02,9.046176e-03
5600,layers.1.ln_pre.weight,7.828631e+00,9.818378e-03,1.254163e-03
5600,layers.1.ln_pre.bias,1.010493e-01,7.165500e-03,7.091093e-02
5600,layers.1.ln_post.weight,7.839099e+00,8.252155e-03,1.052692e-03
5600,layers.1.ln_post.bias,7.665987e-02,7.409266e-03,9.665117e-02
5600,layers.2.qkv_lut.weights,8.755688e+01,7.136481e+00,8.150680e-02
5600,layers.2.qkv_lut.log_soft_score_temp,1.178473e-01,8.225702e-03,6.979968e-02
5600,layers.2.qkv_lut.log_select_temp,9.830209e-01,7.704914e-03,7.837996e-03
5600,layers.2.v_lut.weights,5.819989e+01,4.352985e+00,7.479370e-02
5600,layers.2.v_lut.log_soft_score_temp,4.705936e-01,1.335058e-02,2.836965e-02
5600,layers.2.v_lut.log_select_temp,1.094128e+00,1.093984e-03,9.998683e-04
5600,layers.2.out_proj.weights,9.949249e+01,7.649570e+00,7.688591e-02
5600,layers.2.out_proj.log_soft_score_temp,1.887611e-01,1.334956e-02,7.072201e-02
5600,layers.2.out_proj.log_select_temp,9.575049e-01,4.548848e-03,4.750730e-03
5600,layers.2.residual_lut.weights,8.209879e+01,6.369825e+00,7.758732e-02
5600,layers.2.residual_lut.log_soft_score_temp,9.991320e-02,1.008139e-02,1.009015e-01
5600,layers.2.residual_lut.log_select_temp,1.047617e+00,7.612348e-03,7.266349e-03
5600,layers.2.q_norm.weight,8.869486e+00,1.594461e-02,1.797692e-03
5600,layers.2.q_norm.bias,4.740389e-01,6.230982e-03,1.314445e-02
5600,layers.2.k_norm.weight,8.797600e+00,1.614899e-02,1.835613e-03
5600,layers.2.k_norm.bias,8.021808e-01,9.868246e-03,1.230177e-02
5600,layers.2.ln_pre.weight,7.859098e+00,9.368478e-03,1.192055e-03
5600,layers.2.ln_pre.bias,7.805896e-02,3.431398e-03,4.395906e-02
5600,layers.2.ln_post.weight,7.749452e+00,1.103052e-02,1.423394e-03
5600,layers.2.ln_post.bias,1.414430e-01,6.164202e-03,4.358082e-02
5600,layers.3.qkv_lut.weights,8.776733e+01,7.187327e+00,8.189068e-02
5600,layers.3.qkv_lut.log_soft_score_temp,6.308077e-02,9.773523e-03,1.549367e-01
5600,layers.3.qkv_lut.log_select_temp,9.341358e-01,7.275403e-03,7.788378e-03
5600,layers.3.v_lut.weights,5.843898e+01,4.383038e+00,7.500195e-02
5600,layers.3.v_lut.log_soft_score_temp,4.910719e-01,1.316109e-02,2.680075e-02
5600,layers.3.v_lut.log_select_temp,1.100853e+00,3.123283e-05,2.837149e-05
5600,layers.3.out_proj.weights,1.021233e+02,7.691527e+00,7.531609e-02
5600,layers.3.out_proj.log_soft_score_temp,3.340707e-01,1.129475e-02,3.380947e-02
5600,layers.3.out_proj.log_select_temp,1.006000e+00,3.363967e-03,3.343903e-03
5600,layers.3.residual_lut.weights,8.241056e+01,6.400180e+00,7.766213e-02
5600,layers.3.residual_lut.log_soft_score_temp,6.635716e-02,1.153386e-02,1.738149e-01
5600,layers.3.residual_lut.log_select_temp,1.023644e+00,6.922841e-03,6.762938e-03
5600,layers.3.q_norm.weight,8.532155e+00,1.238940e-02,1.452083e-03
5600,layers.3.q_norm.bias,4.903276e-01,6.790478e-03,1.384886e-02
5600,layers.3.k_norm.weight,8.490355e+00,1.216251e-02,1.432509e-03
5600,layers.3.k_norm.bias,9.845383e-01,1.050799e-02,1.067301e-02
5600,layers.3.ln_pre.weight,7.851021e+00,8.396541e-03,1.069484e-03
5600,layers.3.ln_pre.bias,7.355031e-02,4.650971e-03,6.323524e-02
5600,layers.3.ln_post.weight,7.717498e+00,9.736958e-03,1.261673e-03
5600,layers.3.ln_post.bias,1.490736e-01,5.306239e-03,3.559475e-02
5600,layers.4.qkv_lut.weights,8.869778e+01,7.162181e+00,8.074815e-02
5600,layers.4.qkv_lut.log_soft_score_temp,2.197048e-01,7.514998e-03,3.420498e-02
5600,layers.4.qkv_lut.log_select_temp,8.352520e-01,5.407989e-03,6.474680e-03
5600,layers.4.v_lut.weights,5.812841e+01,4.247759e+00,7.307545e-02
5600,layers.4.v_lut.log_soft_score_temp,8.788745e-01,6.889462e-03,7.838960e-03
5600,layers.4.v_lut.log_select_temp,1.070371e+00,1.424909e-03,1.331229e-03
5600,layers.4.out_proj.weights,9.964630e+01,7.777094e+00,7.804699e-02
5600,layers.4.out_proj.log_soft_score_temp,3.822011e-01,2.437472e-03,6.377460e-03
5600,layers.4.out_proj.log_select_temp,7.236097e-01,6.010592e-03,8.306400e-03
5600,layers.4.residual_lut.weights,8.147462e+01,6.468725e+00,7.939558e-02
5600,layers.4.residual_lut.log_soft_score_temp,9.409793e-02,1.053436e-02,1.119510e-01
5600,layers.4.residual_lut.log_select_temp,9.688516e-01,7.393003e-03,7.630686e-03
5600,layers.4.q_norm.weight,8.242326e+00,1.316908e-02,1.597738e-03
5600,layers.4.q_norm.bias,3.352645e-01,8.871363e-03,2.646079e-02
5600,layers.4.k_norm.weight,8.210173e+00,1.334048e-02,1.624872e-03
5600,layers.4.k_norm.bias,4.055472e-01,1.031356e-02,2.543121e-02
5600,layers.4.ln_pre.weight,7.941720e+00,7.630101e-03,9.607618e-04
5600,layers.4.ln_pre.bias,7.476421e-02,3.220200e-03,4.307141e-02
5600,layers.4.ln_post.weight,7.675620e+00,9.000621e-03,1.172625e-03
5600,layers.4.ln_post.bias,1.569022e-01,5.237782e-03,3.338246e-02
5600,layers.5.qkv_lut.weights,8.860468e+01,7.297308e+00,8.235805e-02
5600,layers.5.qkv_lut.log_soft_score_temp,3.389878e-01,6.960243e-03,2.053243e-02
5600,layers.5.qkv_lut.log_select_temp,7.510564e-01,3.514290e-03,4.679129e-03
5600,layers.5.v_lut.weights,5.921495e+01,4.474868e+00,7.556991e-02
5600,layers.5.v_lut.log_soft_score_temp,9.012470e-01,3.419936e-03,3.794671e-03
5600,layers.5.v_lut.log_select_temp,1.005291e+00,1.729369e-03,1.720267e-03
5600,layers.5.out_proj.weights,1.107426e+02,8.005309e+00,7.228751e-02
5600,layers.5.out_proj.log_soft_score_temp,6.684771e-01,2.540231e-03,3.800026e-03
5600,layers.5.out_proj.log_select_temp,8.871647e-01,8.925438e-03,1.006063e-02
5600,layers.5.residual_lut.weights,8.418985e+01,6.581473e+00,7.817418e-02
5600,layers.5.residual_lut.log_soft_score_temp,2.665081e-01,6.383240e-03,2.395139e-02
5600,layers.5.residual_lut.log_select_temp,9.882066e-01,8.559942e-03,8.662098e-03
5600,layers.5.q_norm.weight,8.430809e+00,1.349443e-02,1.600609e-03
5600,layers.5.q_norm.bias,2.869686e-01,9.575218e-03,3.336678e-02
5600,layers.5.k_norm.weight,8.424982e+00,1.367971e-02,1.623708e-03
5600,layers.5.k_norm.bias,3.054734e-01,1.100464e-02,3.602486e-02
5600,layers.5.ln_pre.weight,7.973308e+00,5.912260e-03,7.415065e-04
5600,layers.5.ln_pre.bias,7.300200e-02,4.527889e-03,6.202418e-02
5600,layers.5.ln_post.weight,7.740393e+00,8.638954e-03,1.116087e-03
5600,layers.5.ln_post.bias,1.149141e-01,4.453253e-03,3.875288e-02
5600,ln_final.weight,3.445514e+01,2.752286e-01,7.988029e-03
5600,ln_final.bias,1.343105e+00,3.003847e-02,2.236495e-02
5800,tok_emb_E.weight,8.577929e+01,1.264182e+00,1.473761e-02
5800,unembedder.weight,2.225549e+02,6.498034e+00,2.919744e-02
5800,layers.0.qkv_lut.weights,8.903316e+01,6.166272e+00,6.925815e-02
5800,layers.0.qkv_lut.log_soft_score_temp,9.133621e-01,1.395345e-03,1.527702e-03
5800,layers.0.qkv_lut.log_select_temp,1.075870e+00,5.213737e-03,4.846067e-03
5800,layers.0.v_lut.weights,5.778903e+01,4.014522e+00,6.946857e-02
5800,layers.0.v_lut.log_soft_score_temp,9.205357e-01,1.090169e-04,1.184277e-04
5800,layers.0.v_lut.log_select_temp,1.294578e+00,6.352067e-03,4.906670e-03
5800,layers.0.out_proj.weights,9.455003e+01,6.660886e+00,7.044828e-02
5800,layers.0.out_proj.log_soft_score_temp,1.158175e-01,1.070769e-02,9.245314e-02
5800,layers.0.out_proj.log_select_temp,8.643970e-01,3.742218e-03,4.329282e-03
5800,layers.0.residual_lut.weights,8.747932e+01,5.691405e+00,6.506001e-02
5800,layers.0.residual_lut.log_soft_score_temp,5.422146e-01,4.504859e-03,8.308259e-03
5800,layers.0.residual_lut.log_select_temp,1.208585e+00,9.967327e-03,8.247104e-03
5800,layers.0.q_norm.weight,9.124015e+00,1.513895e-02,1.659242e-03
5800,layers.0.q_norm.bias,8.429043e-01,8.713371e-03,1.033732e-02
5800,layers.0.k_norm.weight,9.103607e+00,1.477854e-02,1.623372e-03
5800,layers.0.k_norm.bias,1.048551e+00,1.098183e-02,1.047334e-02
5800,layers.0.ln_pre.weight,8.150106e+00,6.680357e-03,8.196650e-04
5800,layers.0.ln_pre.bias,3.964315e-02,8.434203e-03,2.127531e-01
5800,layers.0.ln_post.weight,7.987788e+00,9.922333e-03,1.242188e-03
5800,layers.0.ln_post.bias,8.472224e-02,5.705783e-03,6.734694e-02
5800,layers.1.qkv_lut.weights,8.764799e+01,6.402050e+00,7.304276e-02
5800,layers.1.qkv_lut.log_soft_score_temp,2.805537e-01,1.808047e-03,6.444568e-03
5800,layers.1.qkv_lut.log_select_temp,8.330363e-01,5.759478e-03,6.913837e-03
5800,layers.1.v_lut.weights,5.782276e+01,4.108477e+00,7.105294e-02
5800,layers.1.v_lut.log_soft_score_temp,4.208093e-01,8.379072e-03,1.991180e-02
5800,layers.1.v_lut.log_select_temp,9.920145e-01,2.410233e-03,2.429635e-03
5800,layers.1.out_proj.weights,9.501157e+01,6.786291e+00,7.142594e-02
5800,layers.1.out_proj.log_soft_score_temp,1.081334e-02,1.301691e-02,1.203782e+00
5800,layers.1.out_proj.log_select_temp,7.916256e-01,1.274586e-03,1.610087e-03
5800,layers.1.residual_lut.weights,8.312907e+01,5.719835e+00,6.880668e-02
5800,layers.1.residual_lut.log_soft_score_temp,2.342027e-01,7.948726e-03,3.393951e-02
5800,layers.1.residual_lut.log_select_temp,1.069470e+00,5.039692e-03,4.712328e-03
5800,layers.1.q_norm.weight,8.624954e+00,8.611179e-03,9.984029e-04
5800,layers.1.q_norm.bias,6.672144e-01,8.072292e-03,1.209850e-02
5800,layers.1.k_norm.weight,8.589234e+00,8.486583e-03,9.880488e-04
5800,layers.1.k_norm.bias,1.219205e+00,1.081826e-02,8.873205e-03
5800,layers.1.ln_pre.weight,7.826904e+00,7.507346e-03,9.591718e-04
5800,layers.1.ln_pre.bias,1.024003e-01,6.304258e-03,6.156486e-02
5800,layers.1.ln_post.weight,7.835756e+00,8.683762e-03,1.108223e-03
5800,layers.1.ln_post.bias,7.619076e-02,4.816279e-03,6.321342e-02
5800,layers.2.qkv_lut.weights,8.782229e+01,6.444760e+00,7.338411e-02
5800,layers.2.qkv_lut.log_soft_score_temp,1.094367e-01,8.410551e-03,7.685309e-02
5800,layers.2.qkv_lut.log_select_temp,9.880319e-01,5.010962e-03,5.071661e-03
5800,layers.2.v_lut.weights,5.838394e+01,3.946582e+00,6.759705e-02
5800,layers.2.v_lut.log_soft_score_temp,4.583506e-01,1.224303e-02,2.671106e-02
5800,layers.2.v_lut.log_select_temp,1.095625e+00,1.496792e-03,1.366154e-03
5800,layers.2.out_proj.weights,9.986163e+01,6.915597e+00,6.925180e-02
5800,layers.2.out_proj.log_soft_score_temp,1.772668e-01,1.149426e-02,6.484160e-02
5800,layers.2.out_proj.log_select_temp,9.606873e-01,3.182411e-03,3.312640e-03
5800,layers.2.residual_lut.weights,8.231535e+01,5.763041e+00,7.001174e-02
5800,layers.2.residual_lut.log_soft_score_temp,8.919048e-02,1.072273e-02,1.202228e-01
5800,layers.2.residual_lut.log_select_temp,1.052951e+00,5.334020e-03,5.065783e-03
5800,layers.2.q_norm.weight,8.878676e+00,1.209619e-02,1.362386e-03
5800,layers.2.q_norm.bias,4.795228e-01,8.293454e-03,1.729522e-02
5800,layers.2.k_norm.weight,8.806210e+00,1.229423e-02,1.396087e-03
5800,layers.2.k_norm.bias,8.082154e-01,9.998551e-03,1.237115e-02
5800,layers.2.ln_pre.weight,7.855592e+00,7.951769e-03,1.012243e-03
5800,layers.2.ln_pre.bias,7.874811e-02,3.754043e-03,4.767154e-02
5800,layers.2.ln_post.weight,7.745285e+00,8.467203e-03,1.093207e-03
5800,layers.2.ln_post.bias,1.438250e-01,6.595867e-03,4.586037e-02
5800,layers.3.qkv_lut.weights,8.803876e+01,6.476030e+00,7.355885e-02
5800,layers.3.qkv_lut.log_soft_score_temp,5.470810e-02,8.372668e-03,1.530426e-01
5800,layers.3.qkv_lut.log_select_temp,9.411305e-01,6.994724e-03,7.432257e-03
5800,layers.3.v_lut.weights,5.862799e+01,3.980624e+00,6.789631e-02
5800,layers.3.v_lut.log_soft_score_temp,4.790770e-01,1.199484e-02,2.503739e-02
5800,layers.3.v_lut.log_select_temp,1.101058e+00,2.050400e-04,1.862209e-04
5800,layers.3.out_proj.weights,1.025479e+02,6.929646e+00,6.757473e-02
5800,layers.3.out_proj.log_soft_score_temp,3.237033e-01,1.036739e-02,3.202746e-02
5800,layers.3.out_proj.log_select_temp,1.010567e+00,4.566908e-03,4.519154e-03
5800,layers.3.residual_lut.weights,8.263302e+01,5.795428e+00,7.013453e-02
5800,layers.3.residual_lut.log_soft_score_temp,5.490299e-02,1.145417e-02,2.086256e-01
5800,layers.3.residual_lut.log_select_temp,1.028734e+00,5.089998e-03,4.947827e-03
5800,layers.3.q_norm.weight,8.540178e+00,1.283575e-02,1.502984e-03
5800,layers.3.q_norm.bias,4.925552e-01,6.876261e-03,1.396038e-02
5800,layers.3.k_norm.weight,8.497902e+00,1.339049e-02,1.575741e-03
5800,layers.3.k_norm.bias,9.902385e-01,1.148520e-02,1.159842e-02
5800,layers.3.ln_pre.weight,7.848110e+00,7.860024e-03,1.001518e-03
5800,layers.3.ln_pre.bias,7.378311e-02,5.256606e-03,7.124403e-02
5800,layers.3.ln_post.weight,7.712123e+00,9.839279e-03,1.275820e-03
5800,layers.3.ln_post.bias,1.515229e-01,5.641938e-03,3.723488e-02
5800,layers.4.qkv_lut.weights,8.898190e+01,6.486498e+00,7.289682e-02
5800,layers.4.qkv_lut.log_soft_score_temp,2.125316e-01,7.173210e-03,3.375127e-02
5800,layers.4.qkv_lut.log_select_temp,8.391078e-01,3.855824e-03,4.595148e-03
5800,layers.4.v_lut.weights,5.833426e+01,3.852561e+00,6.604285e-02
5800,layers.4.v_lut.log_soft_score_temp,8.730330e-01,5.841553e-03,6.691103e-03
5800,layers.4.v_lut.log_select_temp,1.071972e+00,1.601577e-03,1.494047e-03
5800,layers.4.out_proj.weights,1.000409e+02,7.020983e+00,7.018113e-02
5800,layers.4.out_proj.log_soft_score_temp,3.803914e-01,1.809686e-03,4.757432e-03
5800,layers.4.out_proj.log_select_temp,7.281859e-01,4.576147e-03,6.284311e-03
5800,layers.4.residual_lut.weights,8.173398e+01,5.844225e+00,7.150301e-02
5800,layers.4.residual_lut.log_soft_score_temp,8.523963e-02,8.858308e-03,1.039224e-01
5800,layers.4.residual_lut.log_select_temp,9.766837e-01,7.832170e-03,8.019146e-03
5800,layers.4.q_norm.weight,8.245731e+00,1.325543e-02,1.607550e-03
5800,layers.4.q_norm.bias,3.373007e-01,7.123538e-03,2.111925e-02
5800,layers.4.k_norm.weight,8.213528e+00,1.242274e-02,1.512473e-03
5800,layers.4.k_norm.bias,4.075953e-01,9.128262e-03,2.239541e-02
5800,layers.4.ln_pre.weight,7.940070e+00,6.544030e-03,8.241779e-04
5800,layers.4.ln_pre.bias,7.533805e-02,3.881361e-03,5.151927e-02
5800,layers.4.ln_post.weight,7.671244e+00,9.053713e-03,1.180214e-03
5800,layers.4.ln_post.bias,1.591652e-01,4.833807e-03,3.036974e-02
5800,layers.5.qkv_lut.weights,8.887815e+01,6.562433e+00,7.383629e-02
5800,layers.5.qkv_lut.log_soft_score_temp,3.318087e-01,7.179022e-03,2.163602e-02
5800,layers.5.qkv_lut.log_select_temp,7.533591e-01,2.302766e-03,3.056664e-03
5800,layers.5.v_lut.weights,5.941225e+01,4.077105e+00,6.862397e-02
5800,layers.5.v_lut.log_soft_score_temp,8.997072e-01,1.539826e-03,1.711475e-03
5800,layers.5.v_lut.log_select_temp,1.007959e+00,2.668619e-03,2.647546e-03
5800,layers.5.out_proj.weights,1.112382e+02,7.240266e+00,6.508794e-02
5800,layers.5.out_proj.log_soft_score_temp,6.713120e-01,2.834857e-03,4.222860e-03
5800,layers.5.out_proj.log_select_temp,8.960269e-01,8.862197e-03,9.890548e-03
5800,layers.5.residual_lut.weights,8.453194e+01,5.928873e+00,7.013766e-02
5800,layers.5.residual_lut.log_soft_score_temp,2.607928e-01,5.715340e-03,2.191525e-02
5800,layers.5.residual_lut.log_select_temp,9.969120e-01,8.705378e-03,8.732343e-03
5800,layers.5.q_norm.weight,8.439844e+00,1.316426e-02,1.559776e-03
5800,layers.5.q_norm.bias,2.898332e-01,9.042296e-03,3.119827e-02
5800,layers.5.k_norm.weight,8.434083e+00,1.301223e-02,1.542815e-03
5800,layers.5.k_norm.bias,3.094949e-01,1.183695e-02,3.824601e-02
5800,layers.5.ln_pre.weight,7.972216e+00,7.348852e-03,9.218079e-04
5800,layers.5.ln_pre.bias,7.339989e-02,3.967321e-03,5.405078e-02
5800,layers.5.ln_post.weight,7.737671e+00,7.546957e-03,9.753525e-04
5800,layers.5.ln_post.bias,1.178274e-01,5.620502e-03,4.770113e-02
5800,ln_final.weight,3.470293e+01,2.486258e-01,7.164402e-03
5800,ln_final.bias,1.349108e+00,2.723081e-02,2.018431e-02
6000,tok_emb_E.weight,8.579086e+01,1.140376e+00,1.329251e-02
6000,unembedder.weight,2.229462e+02,6.115940e+00,2.743235e-02
6000,layers.0.qkv_lut.weights,8.925898e+01,5.555303e+00,6.223803e-02
6000,layers.0.qkv_lut.log_soft_score_temp,9.162014e-01,2.839267e-03,3.098956e-03
6000,layers.0.qkv_lut.log_select_temp,1.081459e+00,5.588770e-03,5.167808e-03
6000,layers.0.v_lut.weights,5.792716e+01,3.625406e+00,6.258560e-02
6000,layers.0.v_lut.log_soft_score_temp,9.208466e-01,3.109574e-04,3.376864e-04
6000,layers.0.v_lut.log_select_temp,1.300990e+00,6.412506e-03,4.928942e-03
6000,layers.0.out_proj.weights,9.473549e+01,6.000279e+00,6.333718e-02
6000,layers.0.out_proj.log_soft_score_temp,1.068460e-01,8.971460e-03,8.396624e-02
6000,layers.0.out_proj.log_select_temp,8.677881e-01,3.391147e-03,3.907805e-03
6000,layers.0.residual_lut.weights,8.778775e+01,5.106101e+00,5.816416e-02
6000,layers.0.residual_lut.log_soft_score_temp,5.399809e-01,2.233744e-03,4.136709e-03
6000,layers.0.residual_lut.log_select_temp,1.217661e+00,9.076357e-03,7.453925e-03
6000,layers.0.q_norm.weight,9.133887e+00,1.213725e-02,1.328816e-03
6000,layers.0.q_norm.bias,8.482626e-01,7.585258e-03,8.942111e-03
6000,layers.0.k_norm.weight,9.113285e+00,1.165245e-02,1.278623e-03
6000,layers.0.k_norm.bias,1.053974e+00,7.649776e-03,7.258033e-03
6000,layers.0.ln_pre.weight,8.150214e+00,7.067165e-03,8.671141e-04
6000,layers.0.ln_pre.bias,4.040505e-02,8.097811e-03,2.004158e-01
6000,layers.0.ln_post.weight,7.987326e+00,7.095466e-03,8.883406e-04
6000,layers.0.ln_post.bias,8.487362e-02,5.192603e-03,6.118041e-02
6000,layers.1.qkv_lut.weights,8.787174e+01,5.750913e+00,6.544667e-02
6000,layers.1.qkv_lut.log_soft_score_temp,2.794524e-01,1.101315e-03,3.940976e-03
6000,layers.1.qkv_lut.log_select_temp,8.385299e-01,5.493581e-03,6.551444e-03
6000,layers.1.v_lut.weights,5.794762e+01,3.673009e+00,6.338498e-02
6000,layers.1.v_lut.log_soft_score_temp,4.136567e-01,7.152587e-03,1.729112e-02
6000,layers.1.v_lut.log_select_temp,9.934401e-01,1.425564e-03,1.434978e-03
6000,layers.1.out_proj.weights,9.521404e+01,6.085281e+00,6.391160e-02
6000,layers.1.out_proj.log_soft_score_temp,2.270383e-02,1.189049e-02,5.237217e-01
6000,layers.1.out_proj.log_select_temp,7.933683e-01,1.742721e-03,2.196610e-03
6000,layers.1.residual_lut.weights,8.330772e+01,5.139077e+00,6.168788e-02
6000,layers.1.residual_lut.log_soft_score_temp,2.259289e-01,8.273885e-03,3.662164e-02
6000,layers.1.residual_lut.log_select_temp,1.074722e+00,5.252004e-03,4.886850e-03
6000,layers.1.q_norm.weight,8.629502e+00,8.728681e-03,1.011493e-03
6000,layers.1.q_norm.bias,6.694985e-01,5.701018e-03,8.515357e-03
6000,layers.1.k_norm.weight,8.593597e+00,8.673155e-03,1.009258e-03
6000,layers.1.k_norm.bias,1.223528e+00,8.237143e-03,6.732286e-03
6000,layers.1.ln_pre.weight,7.825235e+00,7.479692e-03,9.558424e-04
6000,layers.1.ln_pre.bias,1.045109e-01,5.720523e-03,5.473615e-02
6000,layers.1.ln_post.weight,7.832586e+00,8.222870e-03,1.049828e-03
6000,layers.1.ln_post.bias,7.693498e-02,5.050099e-03,6.564114e-02
6000,layers.2.qkv_lut.weights,8.803770e+01,5.769290e+00,6.553204e-02
6000,layers.2.qkv_lut.log_soft_score_temp,1.020717e-01,7.364996e-03,7.215510e-02
6000,layers.2.qkv_lut.log_select_temp,9.932534e-01,5.221486e-03,5.256953e-03
6000,layers.2.v_lut.weights,5.852746e+01,3.542698e+00,6.053053e-02
6000,layers.2.v_lut.log_soft_score_temp,4.468414e-01,1.150915e-02,2.575668e-02
6000,layers.2.v_lut.log_select_temp,1.095731e+00,1.066923e-04,9.737088e-05
6000,layers.2.out_proj.weights,1.001423e+02,6.199606e+00,6.190798e-02
6000,layers.2.out_proj.log_soft_score_temp,1.660252e-01,1.124166e-02,6.771058e-02
6000,layers.2.out_proj.log_select_temp,9.620979e-01,1.410604e-03,1.466175e-03
6000,layers.2.residual_lut.weights,8.248069e+01,5.187239e+00,6.289035e-02
6000,layers.2.residual_lut.log_soft_score_temp,7.881700e-02,1.037348e-02,1.316148e-01
6000,layers.2.residual_lut.log_select_temp,1.058668e+00,5.717754e-03,5.400893e-03
6000,layers.2.q_norm.weight,8.886331e+00,1.199600e-02,1.349939e-03
6000,layers.2.q_norm.bias,4.807505e-01,5.845306e-03,1.215871e-02
6000,layers.2.k_norm.weight,8.813524e+00,1.158358e-02,1.314296e-03
6000,layers.2.k_norm.bias,8.121195e-01,7.772772e-03,9.570970e-03
6000,layers.2.ln_pre.weight,7.852450e+00,6.759633e-03,8.608310e-04
6000,layers.2.ln_pre.bias,7.930248e-02,3.474246e-03,4.381005e-02
6000,layers.2.ln_post.weight,7.741293e+00,7.984320e-03,1.031393e-03
6000,layers.2.ln_post.bias,1.458285e-01,5.933460e-03,4.068793e-02
6000,layers.3.qkv_lut.weights,8.825982e+01,5.819842e+00,6.593989e-02
6000,layers.3.qkv_lut.log_soft_score_temp,4.653654e-02,8.171555e-03,1.755944e-01
6000,layers.3.qkv_lut.log_select_temp,9.461707e-01,5.040228e-03,5.326975e-03
6000,layers.3.v_lut.weights,5.877756e+01,3.589323e+00,6.106620e-02
6000,layers.3.v_lut.log_soft_score_temp,4.686578e-01,1.041919e-02,2.223198e-02
6000,layers.3.v_lut.log_select_temp,1.100606e+00,4.516840e-04,4.103957e-04
6000,layers.3.out_proj.weights,1.028942e+02,6.220278e+00,6.045312e-02
6000,layers.3.out_proj.log_soft_score_temp,3.143231e-01,9.380162e-03,2.984242e-02
6000,layers.3.out_proj.log_select_temp,1.013637e+00,3.069520e-03,3.028225e-03
6000,layers.3.residual_lut.weights,8.280685e+01,5.206213e+00,6.287178e-02
6000,layers.3.residual_lut.log_soft_score_temp,4.505883e-02,9.844158e-03,2.184734e-01
6000,layers.3.residual_lut.log_select_temp,1.033799e+00,5.064964e-03,4.899370e-03
6000,layers.3.q_norm.weight,8.543550e+00,1.045974e-02,1.224285e-03
6000,layers.3.q_norm.bias,4.946165e-01,8.107376e-03,1.639124e-02
6000,layers.3.k_norm.weight,8.501243e+00,1.068872e-02,1.257313e-03
6000,layers.3.k_norm.bias,9.946373e-01,8.598277e-03,8.644636e-03
6000,layers.3.ln_pre.weight,7.845134e+00,7.591655e-03,9.676896e-04
6000,layers.3.ln_pre.bias,7.389757e-02,4.382031e-03,5.929871e-02
6000,layers.3.ln_post.weight,7.707484e+00,8.546238e-03,1.108823e-03
6000,layers.3.ln_post.bias,1.536940e-01,4.918303e-03,3.200063e-02
6000,layers.4.qkv_lut.weights,8.920776e+01,5.811065e+00,6.514080e-02
6000,layers.4.qkv_lut.log_soft_score_temp,2.050406e-01,7.491022e-03,3.653434e-02
6000,layers.4.qkv_lut.log_select_temp,8.420713e-01,2.963483e-03,3.519278e-03
6000,layers.4.v_lut.weights,5.849098e+01,3.459166e+00,5.914016e-02
6000,layers.4.v_lut.log_soft_score_temp,8.667160e-01,6.317019e-03,7.288454e-03
6000,layers.4.v_lut.log_select_temp,1.072849e+00,8.769035e-04,8.173594e-04
6000,layers.4.out_proj.weights,1.003585e+02,6.303534e+00,6.281016e-02
6000,layers.4.out_proj.log_soft_score_temp,3.776727e-01,2.718717e-03,7.198605e-03
6000,layers.4.out_proj.log_select_temp,7.320466e-01,3.860712e-03,5.273861e-03
6000,layers.4.residual_lut.weights,8.192709e+01,5.256669e+00,6.416277e-02
6000,layers.4.residual_lut.log_soft_score_temp,7.646281e-02,8.776814e-03,1.147854e-01
6000,layers.4.residual_lut.log_select_temp,9.829411e-01,6.257355e-03,6.365951e-03
6000,layers.4.q_norm.weight,8.249588e+00,9.588484e-03,1.162298e-03
6000,layers.4.q_norm.bias,3.405506e-01,6.674971e-03,1.960053e-02
6000,layers.4.k_norm.weight,8.217082e+00,9.858021e-03,1.199698e-03
6000,layers.4.k_norm.bias,4.095230e-01,7.111758e-03,1.736595e-02
6000,layers.4.ln_pre.weight,7.938370e+00,6.130705e-03,7.722876e-04
6000,layers.4.ln_pre.bias,7.533304e-02,3.377549e-03,4.483490e-02
6000,layers.4.ln_post.weight,7.666945e+00,8.057343e-03,1.050920e-03
6000,layers.4.ln_post.bias,1.618982e-01,5.588620e-03,3.451934e-02
6000,layers.5.qkv_lut.weights,8.909286e+01,5.887493e+00,6.608266e-02
6000,layers.5.qkv_lut.log_soft_score_temp,3.252563e-01,6.552458e-03,2.014552e-02
6000,layers.5.qkv_lut.log_select_temp,7.551079e-01,1.748741e-03,2.315882e-03
6000,layers.5.v_lut.weights,5.956850e+01,3.670192e+00,6.161297e-02
6000,layers.5.v_lut.log_soft_score_temp,8.968076e-01,2.899647e-03,3.233299e-03
6000,layers.5.v_lut.log_select_temp,1.009276e+00,1.316905e-03,1.304801e-03
6000,layers.5.out_proj.weights,1.116676e+02,6.487576e+00,5.809723e-02
6000,layers.5.out_proj.log_soft_score_temp,6.735324e-01,2.220392e-03,3.296638e-03
6000,layers.5.out_proj.log_select_temp,9.034514e-01,7.424533e-03,8.217966e-03
6000,layers.5.residual_lut.weights,8.480327e+01,5.357904e+00,6.318040e-02
6000,layers.5.residual_lut.log_soft_score_temp,2.550548e-01,5.737960e-03,2.249697e-02
6000,layers.5.residual_lut.log_select_temp,1.004168e+00,7.256031e-03,7.225913e-03
6000,layers.5.q_norm.weight,8.445335e+00,1.111970e-02,1.316668e-03
6000,layers.5.q_norm.bias,2.916261e-01,7.117497e-03,2.440624e-02
6000,layers.5.k_norm.weight,8.439743e+00,1.114568e-02,1.320619e-03
6000,layers.5.k_norm.bias,3.119462e-01,8.788508e-03,2.817316e-02
6000,layers.5.ln_pre.weight,7.971228e+00,6.211767e-03,7.792736e-04
6000,layers.5.ln_pre.bias,7.439482e-02,3.927093e-03,5.278719e-02
6000,layers.5.ln_post.weight,7.734893e+00,7.724767e-03,9.986908e-04
6000,layers.5.ln_post.bias,1.187898e-01,4.406203e-03,3.709244e-02
6000,ln_final.weight,3.492801e+01,2.256990e-01,6.461833e-03
6000,ln_final.bias,1.356073e+00,2.689176e-02,1.983061e-02
6200,tok_emb_E.weight,8.580013e+01,1.018169e+00,1.186675e-02
6200,unembedder.weight,2.232168e+02,5.453436e+00,2.443112e-02
6200,layers.0.qkv_lut.weights,8.944209e+01,4.986496e+00,5.575112e-02
6200,layers.0.qkv_lut.log_soft_score_temp,9.182934e-01,2.092004e-03,2.278143e-03
6200,layers.0.qkv_lut.log_select_temp,1.086390e+00,4.931927e-03,4.539737e-03
6200,layers.0.v_lut.weights,5.804333e+01,3.255491e+00,5.608725e-02
6200,layers.0.v_lut.log_soft_score_temp,9.227586e-01,1.911998e-03,2.072045e-03
6200,layers.0.v_lut.log_select_temp,1.307109e+00,6.118774e-03,4.681150e-03
6200,layers.0.out_proj.weights,9.489709e+01,5.364253e+00,5.652705e-02
6200,layers.0.out_proj.log_soft_score_temp,1.009262e-01,5.919889e-03,5.865564e-02
6200,layers.0.out_proj.log_select_temp,8.729799e-01,5.191803e-03,5.947219e-03
6200,layers.0.residual_lut.weights,8.805668e+01,4.585362e+00,5.207285e-02
6200,layers.0.residual_lut.log_soft_score_temp,5.385574e-01,1.423538e-03,2.643243e-03
6200,layers.0.residual_lut.log_select_temp,1.226588e+00,8.926868e-03,7.277803e-03
6200,layers.0.q_norm.weight,9.144643e+00,1.228040e-02,1.342907e-03
6200,layers.0.q_norm.bias,8.526170e-01,7.137951e-03,8.371814e-03
6200,layers.0.k_norm.weight,9.123453e+00,1.167872e-02,1.280077e-03
6200,layers.0.k_norm.bias,1.059701e+00,9.349301e-03,8.822580e-03
6200,layers.0.ln_pre.weight,8.150707e+00,7.188960e-03,8.820044e-04
6200,layers.0.ln_pre.bias,4.100762e-02,5.842553e-03,1.424748e-01
6200,layers.0.ln_post.weight,7.987041e+00,7.323060e-03,9.168678e-04
6200,layers.0.ln_post.bias,8.459134e-02,4.552303e-03,5.381523e-02
6200,layers.1.qkv_lut.weights,8.804720e+01,5.150325e+00,5.849505e-02
6200,layers.1.qkv_lut.log_soft_score_temp,2.807664e-01,1.314044e-03,4.680203e-03
6200,layers.1.qkv_lut.log_select_temp,8.451252e-01,6.595314e-03,7.803949e-03
6200,layers.1.v_lut.weights,5.803649e+01,3.294338e+00,5.676321e-02
6200,layers.1.v_lut.log_soft_score_temp,4.079475e-01,5.709171e-03,1.399487e-02
6200,layers.1.v_lut.log_select_temp,9.955755e-01,2.135396e-03,2.144886e-03
6200,layers.1.out_proj.weights,9.536163e+01,5.438326e+00,5.702845e-02
6200,layers.1.out_proj.log_soft_score_temp,3.344215e-02,1.073833e-02,3.211016e-01
6200,layers.1.out_proj.log_select_temp,7.940105e-01,6.421804e-04,8.087808e-04
6200,layers.1.residual_lut.weights,8.345252e+01,4.608444e+00,5.522234e-02
6200,layers.1.residual_lut.log_soft_score_temp,2.199860e-01,5.942836e-03,2.701461e-02
6200,layers.1.residual_lut.log_select_temp,1.079918e+00,5.195856e-03,4.811345e-03
6200,layers.1.q_norm.weight,8.634751e+00,8.304658e-03,9.617716e-04
6200,layers.1.q_norm.bias,6.705015e-01,5.329873e-03,7.949084e-03
6200,layers.1.k_norm.weight,8.598619e+00,8.075356e-03,9.391456e-04
6200,layers.1.k_norm.bias,1.227476e+00,8.224264e-03,6.700141e-03
6200,layers.1.ln_pre.weight,7.824693e+00,7.469872e-03,9.546537e-04
6200,layers.1.ln_pre.bias,1.068367e-01,5.267605e-03,4.930519e-02
6200,layers.1.ln_post.weight,7.830434e+00,6.660369e-03,8.505746e-04
6200,layers.1.ln_post.bias,7.784703e-02,5.359292e-03,6.884388e-02
6200,layers.2.qkv_lut.weights,8.820863e+01,5.164957e+00,5.855387e-02
6200,layers.2.qkv_lut.log_soft_score_temp,9.596623e-02,6.105490e-03,6.362123e-02
6200,layers.2.qkv_lut.log_select_temp,9.976355e-01,4.382133e-03,4.392520e-03
6200,layers.2.v_lut.weights,5.863743e+01,3.150687e+00,5.373167e-02
6200,layers.2.v_lut.log_soft_score_temp,4.368130e-01,1.002845e-02,2.295823e-02
6200,layers.2.v_lut.log_select_temp,1.095666e+00,6.556511e-05,5.984043e-05
6200,layers.2.out_proj.weights,1.003542e+02,5.528652e+00,5.509141e-02
6200,layers.2.out_proj.log_soft_score_temp,1.558117e-01,1.021351e-02,6.555036e-02
6200,layers.2.out_proj.log_select_temp,9.622060e-01,1.080632e-04,1.123078e-04
6200,layers.2.residual_lut.weights,8.260445e+01,4.647305e+00,5.625974e-02
6200,layers.2.residual_lut.log_soft_score_temp,7.082392e-02,7.993072e-03,1.128584e-01
6200,layers.2.residual_lut.log_select_temp,1.062566e+00,3.898025e-03,3.668500e-03
6200,layers.2.q_norm.weight,8.892347e+00,9.047195e-03,1.017414e-03
6200,layers.2.q_norm.bias,4.833820e-01,5.556657e-03,1.149538e-02
6200,layers.2.k_norm.weight,8.819271e+00,9.188935e-03,1.041915e-03
6200,layers.2.k_norm.bias,8.163612e-01,7.645603e-03,9.365466e-03
6200,layers.2.ln_pre.weight,7.849825e+00,6.201049e-03,7.899602e-04
6200,layers.2.ln_pre.bias,7.987884e-02,2.860543e-03,3.581102e-02
6200,layers.2.ln_post.weight,7.738050e+00,7.706290e-03,9.958956e-04
6200,layers.2.ln_post.bias,1.466819e-01,4.301074e-03,2.932247e-02
6200,layers.3.qkv_lut.weights,8.843482e+01,5.194511e+00,5.873830e-02
6200,layers.3.qkv_lut.log_soft_score_temp,4.034031e-02,6.196231e-03,1.535990e-01
6200,layers.3.qkv_lut.log_select_temp,9.512341e-01,5.063355e-03,5.322933e-03
6200,layers.3.v_lut.weights,5.889149e+01,3.204476e+00,5.441322e-02
6200,layers.3.v_lut.log_soft_score_temp,4.583677e-01,1.029009e-02,2.244941e-02
6200,layers.3.v_lut.log_select_temp,1.099184e+00,1.422048e-03,1.293730e-03
6200,layers.3.out_proj.weights,1.031820e+02,5.551050e+00,5.379862e-02
6200,layers.3.out_proj.log_soft_score_temp,3.061506e-01,8.172572e-03,2.669462e-02
6200,layers.3.out_proj.log_select_temp,1.016523e+00,2.886653e-03,2.839731e-03
6200,layers.3.residual_lut.weights,8.293925e+01,4.654077e+00,5.611429e-02
6200,layers.3.residual_lut.log_soft_score_temp,3.728586e-02,7.772975e-03,2.084698e-01
6200,layers.3.residual_lut.log_select_temp,1.037726e+00,3.927231e-03,3.784457e-03
6200,layers.3.q_norm.weight,8.545606e+00,7.670641e-03,8.976124e-04
6200,layers.3.q_norm.bias,4.965831e-01,5.268977e-03,1.061047e-02
6200,layers.3.k_norm.weight,8.503147e+00,7.868579e-03,9.253725e-04
6200,layers.3.k_norm.bias,9.976423e-01,7.424142e-03,7.441687e-03
6200,layers.3.ln_pre.weight,7.842639e+00,6.851223e-03,8.735864e-04
6200,layers.3.ln_pre.bias,7.402579e-02,3.501638e-03,4.730294e-02
6200,layers.3.ln_post.weight,7.703581e+00,6.433024e-03,8.350693e-04
6200,layers.3.ln_post.bias,1.558228e-01,4.373159e-03,2.806494e-02
6200,layers.4.qkv_lut.weights,8.939294e+01,5.198057e+00,5.814841e-02
6200,layers.4.qkv_lut.log_soft_score_temp,1.992293e-01,5.811289e-03,2.916885e-02
6200,layers.4.qkv_lut.log_select_temp,8.458130e-01,3.741741e-03,4.423840e-03
6200,layers.4.v_lut.weights,5.862139e+01,3.080309e+00,5.254582e-02
6200,layers.4.v_lut.log_soft_score_temp,8.613999e-01,5.316019e-03,6.171371e-03
6200,layers.4.v_lut.log_select_temp,1.073049e+00,1.994371e-04,1.858603e-04
6200,layers.4.out_proj.weights,1.006210e+02,5.609827e+00,5.575204e-02
6200,layers.4.out_proj.log_soft_score_temp,3.757880e-01,1.884729e-03,5.015404e-03
6200,layers.4.out_proj.log_select_temp,7.361081e-01,4.061520e-03,5.517559e-03
6200,layers.4.residual_lut.weights,8.208180e+01,4.699473e+00,5.725354e-02
6200,layers.4.residual_lut.log_soft_score_temp,6.959385e-02,6.868966e-03,9.870077e-02
6200,layers.4.residual_lut.log_select_temp,9.881212e-01,5.180061e-03,5.242334e-03
6200,layers.4.q_norm.weight,8.251126e+00,8.871964e-03,1.075243e-03
6200,layers.4.q_norm.bias,3.421472e-01,5.975420e-03,1.746447e-02
6200,layers.4.k_norm.weight,8.218485e+00,9.776911e-03,1.189624e-03
6200,layers.4.k_norm.bias,4.116425e-01,6.073296e-03,1.475381e-02
6200,layers.4.ln_pre.weight,7.937267e+00,5.081654e-03,6.402272e-04
6200,layers.4.ln_pre.bias,7.631716e-02,2.701182e-03,3.539417e-02
6200,layers.4.ln_post.weight,7.663362e+00,7.285848e-03,9.507378e-04
6200,layers.4.ln_post.bias,1.644575e-01,5.199448e-03,3.161576e-02
6200,layers.5.qkv_lut.weights,8.926705e+01,5.246773e+00,5.877614e-02
6200,layers.5.qkv_lut.log_soft_score_temp,3.208916e-01,4.364640e-03,1.360160e-02
6200,layers.5.qkv_lut.log_select_temp,7.576641e-01,2.556264e-03,3.373875e-03
6200,layers.5.v_lut.weights,5.969407e+01,3.259808e+00,5.460858e-02
6200,layers.5.v_lut.log_soft_score_temp,8.938444e-01,2.963126e-03,3.315035e-03
6200,layers.5.v_lut.log_select_temp,1.009591e+00,3.150702e-04,3.120769e-04
6200,layers.5.out_proj.weights,1.120120e+02,5.780172e+00,5.160316e-02
6200,layers.5.out_proj.log_soft_score_temp,6.740918e-01,5.594492e-04,8.299303e-04
6200,layers.5.out_proj.log_select_temp,9.087636e-01,5.312145e-03,5.845464e-03
6200,layers.5.residual_lut.weights,8.501648e+01,4.766840e+00,5.606961e-02
6200,layers.5.residual_lut.log_soft_score_temp,2.484691e-01,6.585777e-03,2.650542e-02
6200,layers.5.residual_lut.log_select_temp,1.010151e+00,5.982995e-03,5.922872e-03
6200,layers.5.q_norm.weight,8.449286e+00,7.761144e-03,9.185563e-04
6200,layers.5.q_norm.bias,2.927266e-01,7.046178e-03,2.407085e-02
6200,layers.5.k_norm.weight,8.443485e+00,8.250237e-03,9.771128e-04
6200,layers.5.k_norm.bias,3.130343e-01,7.470261e-03,2.386404e-02
6200,layers.5.ln_pre.weight,7.970344e+00,5.625352e-03,7.057854e-04
6200,layers.5.ln_pre.bias,7.485315e-02,3.901384e-03,5.212050e-02
6200,layers.5.ln_post.weight,7.731589e+00,7.531914e-03,9.741741e-04
6200,layers.5.ln_post.bias,1.207551e-01,4.345295e-03,3.598436e-02
6200,ln_final.weight,3.512784e+01,2.004680e-01,5.706814e-03
6200,ln_final.bias,1.361246e+00,2.254441e-02,1.656160e-02
6400,tok_emb_E.weight,8.580742e+01,9.114480e-01,1.062202e-02
6400,unembedder.weight,2.234884e+02,4.872298e+00,2.180112e-02
6400,layers.0.qkv_lut.weights,8.958707e+01,4.443508e+00,4.959988e-02
6400,layers.0.qkv_lut.log_soft_score_temp,9.208705e-01,2.577186e-03,2.798641e-03
6400,layers.0.qkv_lut.log_select_temp,1.090969e+00,4.578948e-03,4.197137e-03
6400,layers.0.v_lut.weights,5.813233e+01,2.903693e+00,4.994970e-02
6400,layers.0.v_lut.log_soft_score_temp,9.243296e-01,1.571000e-03,1.699610e-03
6400,layers.0.v_lut.log_select_temp,1.312486e+00,5.377173e-03,4.096936e-03
6400,layers.0.out_proj.weights,9.501276e+01,4.773745e+00,5.024319e-02
6400,layers.0.out_proj.log_soft_score_temp,9.549129e-02,5.434863e-03,5.691475e-02
6400,layers.0.out_proj.log_select_temp,8.769848e-01,4.004896e-03,4.566665e-03
6400,layers.0.residual_lut.weights,8.827261e+01,4.079643e+00,4.621640e-02
6400,layers.0.residual_lut.log_soft_score_temp,5.368981e-01,1.659274e-03,3.090482e-03
6400,layers.0.residual_lut.log_select_temp,1.233805e+00,7.217050e-03,5.849423e-03
6400,layers.0.q_norm.weight,9.153408e+00,1.099237e-02,1.200904e-03
6400,layers.0.q_norm.bias,8.563456e-01,6.228851e-03,7.273758e-03
6400,layers.0.k_norm.weight,9.131753e+00,1.028913e-02,1.126742e-03
6400,layers.0.k_norm.bias,1.064983e+00,7.657046e-03,7.189832e-03
6400,layers.0.ln_pre.weight,8.151158e+00,8.005085e-03,9.820795e-04
6400,layers.0.ln_pre.bias,4.134897e-02,6.375882e-03,1.541969e-01
6400,layers.0.ln_post.weight,7.986712e+00,6.816491e-03,8.534790e-04
6400,layers.0.ln_post.bias,8.487112e-02,4.541470e-03,5.351019e-02
6400,layers.1.qkv_lut.weights,8.819287e+01,4.563527e+00,5.174485e-02
6400,layers.1.qkv_lut.log_soft_score_temp,2.800106e-01,7.557869e-04,2.699136e-03
6400,layers.1.qkv_lut.log_select_temp,8.497904e-01,4.665196e-03,5.489820e-03
6400,layers.1.v_lut.weights,5.810582e+01,2.927446e+00,5.038129e-02
6400,layers.1.v_lut.log_soft_score_temp,4.020823e-01,5.865246e-03,1.458718e-02
6400,layers.1.v_lut.log_select_temp,9.967895e-01,1.214027e-03,1.217938e-03
6400,layers.1.out_proj.weights,9.546403e+01,4.829700e+00,5.059183e-02
6400,layers.1.out_proj.log_soft_score_temp,4.365553e-02,1.021338e-02,2.339538e-01
6400,layers.1.out_proj.log_select_temp,7.935983e-01,4.121661e-04,5.193637e-04
6400,layers.1.residual_lut.weights,8.356024e+01,4.096085e+00,4.901954e-02
6400,layers.1.residual_lut.log_soft_score_temp,2.135601e-01,6.425947e-03,3.008965e-02
6400,layers.1.residual_lut.log_select_temp,1.083342e+00,3.424406e-03,3.160965e-03
6400,layers.1.q_norm.weight,8.636826e+00,6.957645e-03,8.055789e-04
6400,layers.1.q_norm.bias,6.727191e-01,5.207652e-03,7.741198e-03
6400,layers.1.k_norm.weight,8.600665e+00,6.915894e-03,8.041116e-04
6400,layers.1.k_norm.bias,1.230954e+00,7.470794e-03,6.069109e-03
6400,layers.1.ln_pre.weight,7.823458e+00,6.677463e-03,8.535180e-04
6400,layers.1.ln_pre.bias,1.076051e-01,4.322226e-03,4.016750e-02
6400,layers.1.ln_post.weight,7.827996e+00,7.321480e-03,9.352942e-04
6400,layers.1.ln_post.bias,7.927680e-02,5.120506e-03,6.459022e-02
6400,layers.2.qkv_lut.weights,8.833963e+01,4.598205e+00,5.205144e-02
6400,layers.2.qkv_lut.log_soft_score_temp,9.091301e-02,5.053222e-03,5.558305e-02
6400,layers.2.qkv_lut.log_select_temp,1.002232e+00,4.596233e-03,4.585999e-03
6400,layers.2.v_lut.weights,5.872976e+01,2.810368e+00,4.785254e-02
6400,layers.2.v_lut.log_soft_score_temp,4.276739e-01,9.139121e-03,2.136937e-02
6400,layers.2.v_lut.log_select_temp,1.095626e+00,4.005432e-05,3.655840e-05
6400,layers.2.out_proj.weights,1.005596e+02,4.919782e+00,4.892403e-02
6400,layers.2.out_proj.log_soft_score_temp,1.479283e-01,7.883400e-03,5.329205e-02
6400,layers.2.out_proj.log_select_temp,9.655566e-01,3.350556e-03,3.470077e-03
6400,layers.2.residual_lut.weights,8.270646e+01,4.128117e+00,4.991287e-02
6400,layers.2.residual_lut.log_soft_score_temp,6.340756e-02,7.416360e-03,1.169633e-01
6400,layers.2.residual_lut.log_select_temp,1.066687e+00,4.120588e-03,3.862978e-03
6400,layers.2.q_norm.weight,8.899218e+00,1.191922e-02,1.339356e-03
6400,layers.2.q_norm.bias,4.843309e-01,4.105712e-03,8.477080e-03
6400,layers.2.k_norm.weight,8.825888e+00,1.177710e-02,1.334382e-03
6400,layers.2.k_norm.bias,8.181674e-01,6.218224e-03,7.600186e-03
6400,layers.2.ln_pre.weight,7.847633e+00,5.036496e-03,6.417853e-04
6400,layers.2.ln_pre.bias,8.028129e-02,2.111695e-03,2.630370e-02
6400,layers.2.ln_post.weight,7.734867e+00,6.485621e-03,8.384916e-04
6400,layers.2.ln_post.bias,1.483878e-01,4.683154e-03,3.156023e-02
6400,layers.3.qkv_lut.weights,8.856963e+01,4.602657e+00,5.196654e-02
6400,layers.3.qkv_lut.log_soft_score_temp,3.393580e-02,6.404512e-03,1.887243e-01
6400,layers.3.qkv_lut.log_select_temp,9.545701e-01,3.336012e-03,3.494780e-03
6400,layers.3.v_lut.weights,5.898849e+01,2.839072e+00,4.812926e-02
6400,layers.3.v_lut.log_soft_score_temp,4.494496e-01,8.918107e-03,1.984228e-02
6400,layers.3.v_lut.log_select_temp,1.098506e+00,6.785393e-04,6.176930e-04
6400,layers.3.out_proj.weights,1.034019e+02,4.923208e+00,4.761238e-02
6400,layers.3.out_proj.log_soft_score_temp,2.985266e-01,7.623971e-03,2.553867e-02
6400,layers.3.out_proj.log_select_temp,1.018582e+00,2.058744e-03,2.021187e-03
6400,layers.3.residual_lut.weights,8.304487e+01,4.149432e+00,4.996614e-02
6400,layers.3.residual_lut.log_soft_score_temp,2.953611e-02,7.749744e-03,2.623820e-01
6400,layers.3.residual_lut.log_select_temp,1.041782e+00,4.056096e-03,3.893420e-03
6400,layers.3.q_norm.weight,8.548470e+00,8.045776e-03,9.411948e-04
6400,layers.3.q_norm.bias,4.963771e-01,4.562256e-03,9.191108e-03
6400,layers.3.k_norm.weight,8.506012e+00,8.532392e-03,1.003101e-03
6400,layers.3.k_norm.bias,9.997622e-01,6.730600e-03,6.732201e-03
6400,layers.3.ln_pre.weight,7.840192e+00,6.343222e-03,8.090646e-04
6400,layers.3.ln_pre.bias,7.453647e-02,3.320304e-03,4.454603e-02
6400,layers.3.ln_post.weight,7.700016e+00,6.479024e-03,8.414300e-04
6400,layers.3.ln_post.bias,1.573720e-01,4.568603e-03,2.903060e-02
6400,layers.4.qkv_lut.weights,8.953391e+01,4.599328e+00,5.136967e-02
6400,layers.4.qkv_lut.log_soft_score_temp,1.941703e-01,5.058944e-03,2.605416e-02
6400,layers.4.qkv_lut.log_select_temp,8.484120e-01,2.598941e-03,3.063301e-03
6400,layers.4.v_lut.weights,5.872739e+01,2.739604e+00,4.664951e-02
6400,layers.4.v_lut.log_soft_score_temp,8.561594e-01,5.240500e-03,6.120939e-03
6400,layers.4.v_lut.log_select_temp,1.072786e+00,2.627373e-04,2.449111e-04
6400,layers.4.out_proj.weights,1.008257e+02,4.987327e+00,4.946485e-02
6400,layers.4.out_proj.log_soft_score_temp,3.737096e-01,2.078354e-03,5.561415e-03
6400,layers.4.out_proj.log_select_temp,7.390591e-01,2.950966e-03,3.992869e-03
6400,layers.4.residual_lut.weights,8.219949e+01,4.171453e+00,5.074792e-02
6400,layers.4.residual_lut.log_soft_score_temp,6.298044e-02,6.613404e-03,1.050073e-01
6400,layers.4.residual_lut.log_select_temp,9.931319e-01,5.010724e-03,5.045376e-03
6400,layers.4.q_norm.weight,8.253821e+00,8.247409e-03,9.992231e-04
6400,layers.4.q_norm.bias,3.443391e-01,5.079619e-03,1.475179e-02
6400,layers.4.k_norm.weight,8.221061e+00,7.853573e-03,9.552993e-04
6400,layers.4.k_norm.bias,4.143009e-01,5.868456e-03,1.416472e-02
6400,layers.4.ln_pre.weight,7.936209e+00,5.555280e-03,6.999916e-04
6400,layers.4.ln_pre.bias,7.676737e-02,2.848637e-03,3.710739e-02
6400,layers.4.ln_post.weight,7.659908e+00,6.615601e-03,8.636659e-04
6400,layers.4.ln_post.bias,1.659144e-01,3.894776e-03,2.347461e-02
6400,layers.5.qkv_lut.weights,8.940633e+01,4.667081e+00,5.220079e-02
6400,layers.5.qkv_lut.log_soft_score_temp,3.158901e-01,5.001515e-03,1.583308e-02
6400,layers.5.qkv_lut.log_select_temp,7.598066e-01,2.142429e-03,2.819704e-03
6400,layers.5.v_lut.weights,5.979443e+01,2.902450e+00,4.854048e-02
6400,layers.5.v_lut.log_soft_score_temp,8.912958e-01,2.548635e-03,2.859472e-03
6400,layers.5.v_lut.log_select_temp,1.010304e+00,7.125139e-04,7.052471e-04
6400,layers.5.out_proj.weights,1.123275e+02,5.140216e+00,4.576096e-02
6400,layers.5.out_proj.log_soft_score_temp,6.754971e-01,1.405239e-03,2.080304e-03
6400,layers.5.out_proj.log_select_temp,9.148764e-01,6.112814e-03,6.681574e-03
6400,layers.5.residual_lut.weights,8.518994e+01,4.256538e+00,4.996526e-02
6400,layers.5.residual_lut.log_soft_score_temp,2.435223e-01,4.946798e-03,2.031354e-02
6400,layers.5.residual_lut.log_select_temp,1.015460e+00,5.308986e-03,5.228158e-03
6400,layers.5.q_norm.weight,8.454951e+00,8.373742e-03,9.903951e-04
6400,layers.5.q_norm.bias,2.960714e-01,7.062500e-03,2.385405e-02
6400,layers.5.k_norm.weight,8.448897e+00,8.138124e-03,9.632173e-04
6400,layers.5.k_norm.bias,3.162967e-01,7.046580e-03,2.227839e-02
6400,layers.5.ln_pre.weight,7.969928e+00,4.771051e-03,5.986316e-04
6400,layers.5.ln_pre.bias,7.523337e-02,3.195558e-03,4.247527e-02
6400,layers.5.ln_post.weight,7.729140e+00,6.254798e-03,8.092488e-04
6400,layers.5.ln_post.bias,1.216031e-01,3.322487e-03,2.732238e-02
6400,ln_final.weight,3.530647e+01,1.791326e-01,5.073649e-03
6400,ln_final.bias,1.367159e+00,2.175301e-02,1.591111e-02
6600,tok_emb_E.weight,8.581379e+01,8.088038e-01,9.425103e-03
6600,unembedder.weight,2.237286e+02,4.374035e+00,1.955063e-02
6600,layers.0.qkv_lut.weights,8.969888e+01,3.951759e+00,4.405584e-02
6600,layers.0.qkv_lut.log_soft_score_temp,9.229150e-01,2.044439e-03,2.215198e-03
6600,layers.0.qkv_lut.log_select_temp,1.094766e+00,3.797054e-03,3.468369e-03
6600,layers.0.v_lut.weights,5.820111e+01,2.590273e+00,4.450557e-02
6600,layers.0.v_lut.log_soft_score_temp,9.257263e-01,1.396656e-03,1.508714e-03
6600,layers.0.v_lut.log_select_temp,1.317216e+00,4.729152e-03,3.590264e-03
6600,layers.0.out_proj.weights,9.509664e+01,4.236886e+00,4.455347e-02
6600,layers.0.out_proj.log_soft_score_temp,9.063916e-02,4.852131e-03,5.353239e-02
6600,layers.0.out_proj.log_select_temp,8.801383e-01,3.153503e-03,3.582963e-03
6600,layers.0.residual_lut.weights,8.844943e+01,3.643382e+00,4.119169e-02
6600,layers.0.residual_lut.log_soft_score_temp,5.355835e-01,1.314580e-03,2.454483e-03
6600,layers.0.residual_lut.log_select_temp,1.240407e+00,6.602049e-03,5.322484e-03
6600,layers.0.q_norm.weight,9.162314e+00,1.030100e-02,1.124279e-03
6600,layers.0.q_norm.bias,8.605236e-01,5.732630e-03,6.661793e-03
6600,layers.0.k_norm.weight,9.140059e+00,9.590792e-03,1.049314e-03
6600,layers.0.k_norm.bias,1.070512e+00,7.355845e-03,6.871336e-03
6600,layers.0.ln_pre.weight,8.151526e+00,5.415014e-03,6.642945e-04
6600,layers.0.ln_pre.bias,4.115776e-02,4.938978e-03,1.200012e-01
6600,layers.0.ln_post.weight,7.986523e+00,4.645068e-03,5.816133e-04
6600,layers.0.ln_post.bias,8.455536e-02,3.902861e-03,4.615746e-02
6600,layers.1.qkv_lut.weights,8.829747e+01,4.035701e+00,4.570574e-02
6600,layers.1.qkv_lut.log_soft_score_temp,2.786341e-01,1.376539e-03,4.940312e-03
6600,layers.1.qkv_lut.log_select_temp,8.529596e-01,3.169179e-03,3.715509e-03
6600,layers.1.v_lut.weights,5.815849e+01,2.591085e+00,4.455213e-02
6600,layers.1.v_lut.log_soft_score_temp,3.973788e-01,4.703462e-03,1.183622e-02
6600,layers.1.v_lut.log_select_temp,9.979116e-01,1.122057e-03,1.124406e-03
6600,layers.1.out_proj.weights,9.554623e+01,4.288520e+00,4.488425e-02
6600,layers.1.out_proj.log_soft_score_temp,5.200893e-02,8.353394e-03,1.606146e-01
6600,layers.1.out_proj.log_select_temp,7.942992e-01,7.008910e-04,8.824018e-04
6600,layers.1.residual_lut.weights,8.364732e+01,3.657630e+00,4.372681e-02
6600,layers.1.residual_lut.log_soft_score_temp,2.094519e-01,4.108220e-03,1.961415e-02
6600,layers.1.residual_lut.log_select_temp,1.087814e+00,4.472017e-03,4.111013e-03
6600,layers.1.q_norm.weight,8.640766e+00,5.958020e-03,6.895245e-04
6600,layers.1.q_norm.bias,6.744123e-01,4.429415e-03,6.567815e-03
6600,layers.1.k_norm.weight,8.604404e+00,6.042146e-03,7.022154e-04
6600,layers.1.k_norm.bias,1.236133e+00,6.775521e-03,5.481225e-03
6600,layers.1.ln_pre.weight,7.822330e+00,5.566465e-03,7.116122e-04
6600,layers.1.ln_pre.bias,1.080993e-01,3.873543e-03,3.583319e-02
6600,layers.1.ln_post.weight,7.826505e+00,5.678519e-03,7.255497e-04
6600,layers.1.ln_post.bias,7.916503e-02,4.371263e-03,5.521709e-02
6600,layers.2.qkv_lut.weights,8.844297e+01,4.060463e+00,4.591053e-02
6600,layers.2.qkv_lut.log_soft_score_temp,8.677769e-02,4.135326e-03,4.765425e-02
6600,layers.2.qkv_lut.log_select_temp,1.006433e+00,4.201293e-03,4.174439e-03
6600,layers.2.v_lut.weights,5.880120e+01,2.488027e+00,4.231252e-02
6600,layers.2.v_lut.log_soft_score_temp,4.200034e-01,7.670462e-03,1.826286e-02
6600,layers.2.v_lut.log_select_temp,1.096164e+00,5.383492e-04,4.911210e-04
6600,layers.2.out_proj.weights,1.007330e+02,4.347624e+00,4.315986e-02
6600,layers.2.out_proj.log_soft_score_temp,1.412348e-01,6.693438e-03,4.739226e-02
6600,layers.2.out_proj.log_select_temp,9.687467e-01,3.190100e-03,3.293018e-03
6600,layers.2.residual_lut.weights,8.278285e+01,3.677097e+00,4.441858e-02
6600,layers.2.residual_lut.log_soft_score_temp,5.704816e-02,6.359406e-03,1.114743e-01
6600,layers.2.residual_lut.log_select_temp,1.070958e+00,4.270673e-03,3.987714e-03
6600,layers.2.q_norm.weight,8.907121e+00,9.603816e-03,1.078218e-03
6600,layers.2.q_norm.bias,4.871637e-01,4.853833e-03,9.963454e-03
6600,layers.2.k_norm.weight,8.833653e+00,9.514086e-03,1.077027e-03
6600,layers.2.k_norm.bias,8.208925e-01,5.603910e-03,6.826606e-03
6600,layers.2.ln_pre.weight,7.845857e+00,4.789738e-03,6.104798e-04
6600,layers.2.ln_pre.bias,7.988323e-02,2.710992e-03,3.393693e-02
6600,layers.2.ln_post.weight,7.732266e+00,5.821878e-03,7.529330e-04
6600,layers.2.ln_post.bias,1.504450e-01,4.162414e-03,2.766735e-02
6600,layers.3.qkv_lut.weights,8.867388e+01,4.086812e+00,4.608812e-02
6600,layers.3.qkv_lut.log_soft_score_temp,2.860595e-02,5.329851e-03,1.863197e-01
6600,layers.3.qkv_lut.log_select_temp,9.580726e-01,3.502488e-03,3.655765e-03
6600,layers.3.v_lut.weights,5.905772e+01,2.518042e+00,4.263697e-02
6600,layers.3.v_lut.log_soft_score_temp,4.415371e-01,7.912576e-03,1.792053e-02
6600,layers.3.v_lut.log_select_temp,1.096851e+00,1.654387e-03,1.508305e-03
6600,layers.3.out_proj.weights,1.035845e+02,4.356658e+00,4.205898e-02
6600,layers.3.out_proj.log_soft_score_temp,2.914774e-01,7.049233e-03,2.418450e-02
6600,layers.3.out_proj.log_select_temp,1.019539e+00,9.574890e-04,9.391387e-04
6600,layers.3.residual_lut.weights,8.312162e+01,3.691327e+00,4.440875e-02
6600,layers.3.residual_lut.log_soft_score_temp,2.249967e-02,7.036440e-03,3.127352e-01
6600,layers.3.residual_lut.log_select_temp,1.045634e+00,3.851414e-03,3.683329e-03
6600,layers.3.q_norm.weight,8.552163e+00,6.927280e-03,8.100032e-04
6600,layers.3.q_norm.bias,4.980634e-01,5.050119e-03,1.013951e-02
6600,layers.3.k_norm.weight,8.509474e+00,6.977827e-03,8.200069e-04
6600,layers.3.k_norm.bias,1.003171e+00,5.812001e-03,5.793630e-03
6600,layers.3.ln_pre.weight,7.838091e+00,5.095416e-03,6.500838e-04
6600,layers.3.ln_pre.bias,7.444496e-02,3.257151e-03,4.375247e-02
6600,layers.3.ln_post.weight,7.697207e+00,6.479040e-03,8.417391e-04
6600,layers.3.ln_post.bias,1.595605e-01,3.885226e-03,2.434955e-02
6600,layers.4.qkv_lut.weights,8.964866e+01,4.076584e+00,4.547289e-02
6600,layers.4.qkv_lut.log_soft_score_temp,1.892538e-01,4.916504e-03,2.597836e-02
6600,layers.4.qkv_lut.log_select_temp,8.506869e-01,2.274930e-03,2.674228e-03
6600,layers.4.v_lut.weights,5.880689e+01,2.444778e+00,4.157298e-02
6600,layers.4.v_lut.log_soft_score_temp,8.509771e-01,5.182385e-03,6.089924e-03
6600,layers.4.v_lut.log_select_temp,1.072580e+00,2.064705e-04,1.924990e-04
6600,layers.4.out_proj.weights,1.010035e+02,4.412945e+00,4.369100e-02
6600,layers.4.out_proj.log_soft_score_temp,3.719684e-01,1.741201e-03,4.681044e-03
6600,layers.4.out_proj.log_select_temp,7.421887e-01,3.129601e-03,4.216719e-03
6600,layers.4.residual_lut.weights,8.229356e+01,3.717393e+00,4.517235e-02
6600,layers.4.residual_lut.log_soft_score_temp,5.677859e-02,6.201856e-03,1.092288e-01
6600,layers.4.residual_lut.log_select_temp,9.978442e-01,4.712284e-03,4.722464e-03
6600,layers.4.q_norm.weight,8.258453e+00,7.451595e-03,9.022991e-04
6600,layers.4.q_norm.bias,3.469539e-01,5.260884e-03,1.516307e-02
6600,layers.4.k_norm.weight,8.225310e+00,8.210007e-03,9.981395e-04
6600,layers.4.k_norm.bias,4.153379e-01,4.955336e-03,1.193086e-02
6600,layers.4.ln_pre.weight,7.935467e+00,4.652805e-03,5.863303e-04
6600,layers.4.ln_pre.bias,7.735170e-02,2.877827e-03,3.720445e-02
6600,layers.4.ln_post.weight,7.656810e+00,5.622322e-03,7.342903e-04
6600,layers.4.ln_post.bias,1.686009e-01,3.980780e-03,2.361068e-02
6600,layers.5.qkv_lut.weights,8.951360e+01,4.142142e+00,4.627388e-02
6600,layers.5.qkv_lut.log_soft_score_temp,3.113304e-01,4.559696e-03,1.464584e-02
6600,layers.5.qkv_lut.log_select_temp,7.609783e-01,1.171708e-03,1.539739e-03
6600,layers.5.v_lut.weights,5.987272e+01,2.584258e+00,4.316252e-02
6600,layers.5.v_lut.log_soft_score_temp,8.887152e-01,2.580583e-03,2.903723e-03
6600,layers.5.v_lut.log_select_temp,1.010529e+00,2.254248e-04,2.230759e-04
6600,layers.5.out_proj.weights,1.125572e+02,4.530957e+00,4.025470e-02
6600,layers.5.out_proj.log_soft_score_temp,6.750776e-01,4.194379e-04,6.213180e-04
6600,layers.5.out_proj.log_select_temp,9.191227e-01,4.246294e-03,4.619943e-03
6600,layers.5.residual_lut.weights,8.533627e+01,3.785727e+00,4.436246e-02
6600,layers.5.residual_lut.log_soft_score_temp,2.391072e-01,4.415080e-03,1.846486e-02
6600,layers.5.residual_lut.log_select_temp,1.020388e+00,4.927754e-03,4.829296e-03
6600,layers.5.q_norm.weight,8.458961e+00,7.049622e-03,8.333910e-04
6600,layers.5.q_norm.bias,2.987515e-01,6.543356e-03,2.190234e-02
6600,layers.5.k_norm.weight,8.452926e+00,6.738318e-03,7.971580e-04
6600,layers.5.k_norm.bias,3.189730e-01,7.563946e-03,2.371343e-02
6600,layers.5.ln_pre.weight,7.969230e+00,4.099604e-03,5.144291e-04
6600,layers.5.ln_pre.bias,7.631505e-02,3.021050e-03,3.958655e-02
6600,layers.5.ln_post.weight,7.727050e+00,5.492302e-03,7.107889e-04
6600,layers.5.ln_post.bias,1.230959e-01,3.303666e-03,2.683815e-02
6600,ln_final.weight,3.546677e+01,1.607344e-01,4.531971e-03
6600,ln_final.bias,1.371696e+00,1.895110e-02,1.381582e-02
6800,tok_emb_E.weight,8.581853e+01,7.174203e-01,8.359736e-03
6800,unembedder.weight,2.238854e+02,3.873386e+00,1.730075e-02
6800,layers.0.qkv_lut.weights,8.978734e+01,3.515433e+00,3.915288e-02
6800,layers.0.qkv_lut.log_soft_score_temp,9.250666e-01,2.151608e-03,2.325896e-03
6800,layers.0.qkv_lut.log_select_temp,1.098216e+00,3.449559e-03,3.141057e-03
6800,layers.0.v_lut.weights,5.825547e+01,2.296972e+00,3.942929e-02
6800,layers.0.v_lut.log_soft_score_temp,9.274650e-01,1.738667e-03,1.874645e-03
6800,layers.0.v_lut.log_select_temp,1.321407e+00,4.191041e-03,3.171651e-03
6800,layers.0.out_proj.weights,9.515329e+01,3.767366e+00,3.959260e-02
6800,layers.0.out_proj.log_soft_score_temp,8.598328e-02,4.655875e-03,5.414861e-02
6800,layers.0.out_proj.log_select_temp,8.824999e-01,2.361536e-03,2.675962e-03
6800,layers.0.residual_lut.weights,8.859515e+01,3.222734e+00,3.637596e-02
6800,layers.0.residual_lut.log_soft_score_temp,5.345140e-01,1.069546e-03,2.000969e-03
6800,layers.0.residual_lut.log_select_temp,1.246202e+00,5.794048e-03,4.649367e-03
6800,layers.0.q_norm.weight,9.171906e+00,1.080940e-02,1.178534e-03
6800,layers.0.q_norm.bias,8.632313e-01,5.755200e-03,6.667042e-03
6800,layers.0.k_norm.weight,9.149249e+00,1.073328e-02,1.173132e-03
6800,layers.0.k_norm.bias,1.074485e+00,6.938758e-03,6.457754e-03
6800,layers.0.ln_pre.weight,8.151927e+00,6.151098e-03,7.545576e-04
6800,layers.0.ln_pre.bias,4.282539e-02,5.941461e-03,1.387369e-01
6800,layers.0.ln_post.weight,7.986444e+00,4.733419e-03,5.926817e-04
6800,layers.0.ln_post.bias,8.430529e-02,3.588629e-03,4.256707e-02
6800,layers.1.qkv_lut.weights,8.838493e+01,3.584277e+00,4.055303e-02
6800,layers.1.qkv_lut.log_soft_score_temp,2.787457e-01,1.116097e-04,4.003997e-04
6800,layers.1.qkv_lut.log_select_temp,8.570296e-01,4.070044e-03,4.749012e-03
6800,layers.1.v_lut.weights,5.819999e+01,2.308707e+00,3.966850e-02
6800,layers.1.v_lut.log_soft_score_temp,3.932735e-01,4.105330e-03,1.043887e-02
6800,layers.1.v_lut.log_select_temp,9.990762e-01,1.164675e-03,1.165752e-03
6800,layers.1.out_proj.weights,9.561345e+01,3.805238e+00,3.979815e-02
6800,layers.1.out_proj.log_soft_score_temp,5.902798e-02,7.019058e-03,1.189107e-01
6800,layers.1.out_proj.log_select_temp,7.953584e-01,1.059234e-03,1.331770e-03
6800,layers.1.residual_lut.weights,8.371067e+01,3.235819e+00,3.865480e-02
6800,layers.1.residual_lut.log_soft_score_temp,2.052316e-01,4.220292e-03,2.056356e-02
6800,layers.1.residual_lut.log_select_temp,1.091088e+00,3.274202e-03,3.000860e-03
6800,layers.1.q_norm.weight,8.644788e+00,6.545197e-03,7.571264e-04
6800,layers.1.q_norm.bias,6.768720e-01,4.466812e-03,6.599197e-03
6800,layers.1.k_norm.weight,8.608189e+00,6.031508e-03,7.006709e-04
6800,layers.1.k_norm.bias,1.239596e+00,5.166763e-03,4.168104e-03
6800,layers.1.ln_pre.weight,7.821819e+00,5.024630e-03,6.423864e-04
6800,layers.1.ln_pre.bias,1.096860e-01,3.622269e-03,3.302398e-02
6800,layers.1.ln_post.weight,7.824983e+00,4.425427e-03,5.655511e-04
6800,layers.1.ln_post.bias,7.911885e-02,2.969315e-03,3.752980e-02
6800,layers.2.qkv_lut.weights,8.852345e+01,3.592974e+00,4.058782e-02
6800,layers.2.qkv_lut.log_soft_score_temp,8.196208e-02,4.815608e-03,5.875410e-02
6800,layers.2.qkv_lut.log_select_temp,1.009501e+00,3.068209e-03,3.039331e-03
6800,layers.2.v_lut.weights,5.885580e+01,2.208374e+00,3.752177e-02
6800,layers.2.v_lut.log_soft_score_temp,4.133950e-01,6.608397e-03,1.598567e-02
6800,layers.2.v_lut.log_select_temp,1.096597e+00,4.330873e-04,3.949375e-04
6800,layers.2.out_proj.weights,1.008662e+02,3.859364e+00,3.826221e-02
6800,layers.2.out_proj.log_soft_score_temp,1.351288e-01,6.106049e-03,4.518689e-02
6800,layers.2.out_proj.log_select_temp,9.708629e-01,2.116203e-03,2.179714e-03
6800,layers.2.residual_lut.weights,8.284032e+01,3.258529e+00,3.933506e-02
6800,layers.2.residual_lut.log_soft_score_temp,5.193195e-02,5.116202e-03,9.851741e-02
6800,layers.2.residual_lut.log_select_temp,1.074735e+00,3.777504e-03,3.514823e-03
6800,layers.2.q_norm.weight,8.911753e+00,7.466117e-03,8.377832e-04
6800,layers.2.q_norm.bias,4.895281e-01,4.987348e-03,1.018807e-02
6800,layers.2.k_norm.weight,8.838057e+00,7.316128e-03,8.277983e-04
6800,layers.2.k_norm.bias,8.239678e-01,5.062826e-03,6.144447e-03
6800,layers.2.ln_pre.weight,7.844144e+00,4.669191e-03,5.952454e-04
6800,layers.2.ln_pre.bias,8.010908e-02,2.385800e-03,2.978189e-02
6800,layers.2.ln_post.weight,7.730100e+00,4.855821e-03,6.281705e-04
6800,layers.2.ln_post.bias,1.509350e-01,3.209070e-03,2.126127e-02
6800,layers.3.qkv_lut.weights,8.875850e+01,3.612414e+00,4.069935e-02
6800,layers.3.qkv_lut.log_soft_score_temp,2.415278e-02,4.453171e-03,1.843751e-01
6800,layers.3.qkv_lut.log_select_temp,9.618775e-01,3.804922e-03,3.955724e-03
6800,layers.3.v_lut.weights,5.911642e+01,2.227328e+00,3.767697e-02
6800,layers.3.v_lut.log_soft_score_temp,4.348932e-01,6.643862e-03,1.527700e-02
6800,layers.3.v_lut.log_select_temp,1.096280e+00,5.707741e-04,5.206460e-04
6800,layers.3.out_proj.weights,1.037422e+02,3.866649e+00,3.727170e-02
6800,layers.3.out_proj.log_soft_score_temp,2.858791e-01,5.598247e-03,1.958257e-02
6800,layers.3.out_proj.log_select_temp,1.021493e+00,1.953244e-03,1.912147e-03
6800,layers.3.residual_lut.weights,8.317303e+01,3.269938e+00,3.931489e-02
6800,layers.3.residual_lut.log_soft_score_temp,1.638368e-02,6.115992e-03,3.732978e-01
6800,layers.3.residual_lut.log_select_temp,1.048368e+00,2.733707e-03,2.607585e-03
6800,layers.3.q_norm.weight,8.552998e+00,5.422367e-03,6.339727e-04
6800,layers.3.q_norm.bias,4.986586e-01,4.273516e-03,8.570024e-03
6800,layers.3.k_norm.weight,8.510344e+00,5.625953e-03,6.610724e-04
6800,layers.3.k_norm.bias,1.005046e+00,5.137686e-03,5.111892e-03
6800,layers.3.ln_pre.weight,7.836456e+00,4.254751e-03,5.429432e-04
6800,layers.3.ln_pre.bias,7.500232e-02,2.681840e-03,3.575676e-02
6800,layers.3.ln_post.weight,7.694314e+00,5.747013e-03,7.469169e-04
6800,layers.3.ln_post.bias,1.611683e-01,3.260092e-03,2.022788e-02
6800,layers.4.qkv_lut.weights,8.974265e+01,3.616880e+00,4.030280e-02
6800,layers.4.qkv_lut.log_soft_score_temp,1.852533e-01,4.000485e-03,2.159467e-02
6800,layers.4.qkv_lut.log_select_temp,8.526910e-01,2.004087e-03,2.350309e-03
6800,layers.4.v_lut.weights,5.887194e+01,2.166271e+00,3.679632e-02
6800,layers.4.v_lut.log_soft_score_temp,8.469677e-01,4.009366e-03,4.733789e-03
6800,layers.4.v_lut.log_select_temp,1.072595e+00,1.573563e-05,1.467061e-05
6800,layers.4.out_proj.weights,1.011503e+02,3.909579e+00,3.865118e-02
6800,layers.4.out_proj.log_soft_score_temp,3.709091e-01,1.059353e-03,2.856100e-03
6800,layers.4.out_proj.log_select_temp,7.455460e-01,3.357351e-03,4.503211e-03
6800,layers.4.residual_lut.weights,8.236651e+01,3.301013e+00,4.007712e-02
6800,layers.4.residual_lut.log_soft_score_temp,5.170144e-02,5.077146e-03,9.820125e-02
6800,layers.4.residual_lut.log_select_temp,1.002052e+00,4.207551e-03,4.198936e-03
6800,layers.4.q_norm.weight,8.259915e+00,5.095133e-03,6.168505e-04
6800,layers.4.q_norm.bias,3.494301e-01,5.234513e-03,1.498014e-02
6800,layers.4.k_norm.weight,8.226707e+00,5.080893e-03,6.176096e-04
6800,layers.4.k_norm.bias,4.164000e-01,4.904335e-03,1.177794e-02
6800,layers.4.ln_pre.weight,7.934722e+00,4.027600e-03,5.075919e-04
6800,layers.4.ln_pre.bias,7.736117e-02,2.599205e-03,3.359831e-02
6800,layers.4.ln_post.weight,7.654368e+00,5.710214e-03,7.460073e-04
6800,layers.4.ln_post.bias,1.701291e-01,3.045863e-03,1.790325e-02
6800,layers.5.qkv_lut.weights,8.959509e+01,3.644424e+00,4.067661e-02
6800,layers.5.qkv_lut.log_soft_score_temp,3.077416e-01,3.588825e-03,1.166181e-02
6800,layers.5.qkv_lut.log_select_temp,7.627448e-01,1.766562e-03,2.316060e-03
6800,layers.5.v_lut.weights,5.993625e+01,2.271623e+00,3.790066e-02
6800,layers.5.v_lut.log_soft_score_temp,8.867376e-01,1.977623e-03,2.230223e-03
6800,layers.5.v_lut.log_select_temp,1.011139e+00,6.095171e-04,6.028025e-04
6800,layers.5.out_proj.weights,1.127504e+02,4.012193e+00,3.558473e-02
6800,layers.5.out_proj.log_soft_score_temp,6.756263e-01,5.487204e-04,8.121654e-04
6800,layers.5.out_proj.log_select_temp,9.230248e-01,3.902137e-03,4.227554e-03
6800,layers.5.residual_lut.weights,8.545036e+01,3.342136e+00,3.911201e-02
6800,layers.5.residual_lut.log_soft_score_temp,2.353165e-01,3.790677e-03,1.610884e-02
6800,layers.5.residual_lut.log_select_temp,1.024865e+00,4.477382e-03,4.368752e-03
6800,layers.5.q_norm.weight,8.462087e+00,6.610577e-03,7.811994e-04
6800,layers.5.q_norm.bias,2.997729e-01,4.952683e-03,1.652145e-02
6800,layers.5.k_norm.weight,8.455853e+00,6.033306e-03,7.135066e-04
6800,layers.5.k_norm.bias,3.199912e-01,5.570128e-03,1.740713e-02
6800,layers.5.ln_pre.weight,7.968685e+00,4.442746e-03,5.575256e-04
6800,layers.5.ln_pre.bias,7.718252e-02,2.354915e-03,3.051098e-02
6800,layers.5.ln_post.weight,7.725060e+00,4.839972e-03,6.265286e-04
6800,layers.5.ln_post.bias,1.254296e-01,3.696079e-03,2.946736e-02
6800,ln_final.weight,3.560820e+01,1.417819e-01,3.981719e-03
6800,ln_final.bias,1.376249e+00,1.788821e-02,1.299780e-02
7000,tok_emb_E.weight,8.582195e+01,6.378583e-01,7.432344e-03
7000,unembedder.weight,2.240645e+02,3.380657e+00,1.508788e-02
7000,layers.0.qkv_lut.weights,8.985619e+01,3.118628e+00,3.470687e-02
7000,layers.0.qkv_lut.log_soft_score_temp,9.266133e-01,1.546741e-03,1.669241e-03
7000,layers.0.qkv_lut.log_select_temp,1.101037e+00,2.820969e-03,2.562102e-03
7000,layers.0.v_lut.weights,5.830095e+01,2.046196e+00,3.509712e-02
7000,layers.0.v_lut.log_soft_score_temp,9.293636e-01,1.898646e-03,2.042953e-03
7000,layers.0.v_lut.log_select_temp,1.325444e+00,4.036903e-03,3.045700e-03
7000,layers.0.out_proj.weights,9.520267e+01,3.344780e+00,3.513326e-02
7000,layers.0.out_proj.log_soft_score_temp,8.344569e-02,2.537593e-03,3.041012e-02
7000,layers.0.out_proj.log_select_temp,8.857347e-01,3.234863e-03,3.652181e-03
7000,layers.0.residual_lut.weights,8.871896e+01,2.862900e+00,3.226931e-02
7000,layers.0.residual_lut.log_soft_score_temp,5.341713e-01,3.426671e-04,6.414929e-04
7000,layers.0.residual_lut.log_select_temp,1.251768e+00,5.566001e-03,4.446513e-03
7000,layers.0.q_norm.weight,9.179984e+00,9.418252e-03,1.025955e-03
7000,layers.0.q_norm.bias,8.680879e-01,5.625165e-03,6.479948e-03
7000,layers.0.k_norm.weight,9.156874e+00,8.791411e-03,9.600887e-04
7000,layers.0.k_norm.bias,1.079255e+00,6.307848e-03,5.844630e-03
7000,layers.0.ln_pre.weight,8.152243e+00,4.374922e-03,5.366526e-04
7000,layers.0.ln_pre.bias,4.242320e-02,4.267814e-03,1.006009e-01
7000,layers.0.ln_post.weight,7.986277e+00,4.337482e-03,5.431169e-04
7000,layers.0.ln_post.bias,8.532108e-02,2.665897e-03,3.124546e-02
7000,layers.1.qkv_lut.weights,8.844862e+01,3.179790e+00,3.595070e-02
7000,layers.1.qkv_lut.log_soft_score_temp,2.783804e-01,3.653467e-04,1.312401e-03
7000,layers.1.qkv_lut.log_select_temp,8.602719e-01,3.242314e-03,3.768941e-03
7000,layers.1.v_lut.weights,5.822960e+01,2.047370e+00,3.516030e-02
7000,layers.1.v_lut.log_soft_score_temp,3.896730e-01,3.600538e-03,9.239896e-03
7000,layers.1.v_lut.log_select_temp,1.000261e+00,1.184464e-03,1.184155e-03
7000,layers.1.out_proj.weights,9.564859e+01,3.370274e+00,3.523600e-02
7000,layers.1.out_proj.log_soft_score_temp,6.545353e-02,6.425545e-03,9.816957e-02
7000,layers.1.out_proj.log_select_temp,7.953598e-01,1.430511e-06,1.798571e-06
7000,layers.1.residual_lut.weights,8.375378e+01,2.881801e+00,3.440801e-02
7000,layers.1.residual_lut.log_soft_score_temp,2.007947e-01,4.436895e-03,2.209668e-02
7000,layers.1.residual_lut.log_select_temp,1.093495e+00,2.406359e-03,2.200613e-03
7000,layers.1.q_norm.weight,8.648118e+00,4.919937e-03,5.689027e-04
7000,layers.1.q_norm.bias,6.788750e-01,3.284679e-03,4.838415e-03
7000,layers.1.k_norm.weight,8.611317e+00,5.259768e-03,6.107972e-04
7000,layers.1.k_norm.bias,1.242668e+00,4.657858e-03,3.748271e-03
7000,layers.1.ln_pre.weight,7.821220e+00,4.724940e-03,6.041180e-04
7000,layers.1.ln_pre.bias,1.102247e-01,3.591535e-03,3.258375e-02
7000,layers.1.ln_post.weight,7.823413e+00,5.158953e-03,6.594248e-04
7000,layers.1.ln_post.bias,7.946850e-02,3.610449e-03,4.543246e-02
7000,layers.2.qkv_lut.weights,8.858390e+01,3.193914e+00,3.605525e-02
7000,layers.2.qkv_lut.log_soft_score_temp,7.818794e-02,3.774136e-03,4.827006e-02
7000,layers.2.qkv_lut.log_select_temp,1.012648e+00,3.146648e-03,3.107347e-03
7000,layers.2.v_lut.weights,5.889989e+01,1.959919e+00,3.327543e-02
7000,layers.2.v_lut.log_soft_score_temp,4.070124e-01,6.382614e-03,1.568162e-02
7000,layers.2.v_lut.log_select_temp,1.096715e+00,1.181364e-04,1.077184e-04
7000,layers.2.out_proj.weights,1.009779e+02,3.422182e+00,3.389039e-02
7000,layers.2.out_proj.log_soft_score_temp,1.299325e-01,5.196273e-03,3.999210e-02
7000,layers.2.out_proj.log_select_temp,9.731228e-01,2.259910e-03,2.322328e-03
7000,layers.2.residual_lut.weights,8.287948e+01,2.896115e+00,3.494369e-02
7000,layers.2.residual_lut.log_soft_score_temp,4.680027e-02,5.131688e-03,1.096508e-01
7000,layers.2.residual_lut.log_select_temp,1.077504e+00,2.768517e-03,2.569380e-03
7000,layers.2.q_norm.weight,8.917467e+00,7.622014e-03,8.547286e-04
7000,layers.2.q_norm.bias,4.913844e-01,3.788844e-03,7.710549e-03
7000,layers.2.k_norm.weight,8.843289e+00,7.807258e-03,8.828454e-04
7000,layers.2.k_norm.bias,8.264269e-01,4.597375e-03,5.562954e-03
7000,layers.2.ln_pre.weight,7.842487e+00,4.121564e-03,5.255430e-04
7000,layers.2.ln_pre.bias,8.048542e-02,1.942532e-03,2.413521e-02
7000,layers.2.ln_post.weight,7.727939e+00,4.434472e-03,5.738234e-04
7000,layers.2.ln_post.bias,1.521852e-01,3.121623e-03,2.051200e-02
7000,layers.3.qkv_lut.weights,8.882493e+01,3.197677e+00,3.599977e-02
7000,layers.3.qkv_lut.log_soft_score_temp,2.076830e-02,3.384477e-03,1.629636e-01
7000,layers.3.qkv_lut.log_select_temp,9.650205e-01,3.143013e-03,3.256938e-03
7000,layers.3.v_lut.weights,5.915660e+01,1.974221e+00,3.337280e-02
7000,layers.3.v_lut.log_soft_score_temp,4.284374e-01,6.455779e-03,1.506820e-02
7000,layers.3.v_lut.log_select_temp,1.094826e+00,1.454711e-03,1.328715e-03
7000,layers.3.out_proj.weights,1.038630e+02,3.421417e+00,3.294163e-02
7000,layers.3.out_proj.log_soft_score_temp,2.807892e-01,5.089909e-03,1.812715e-02
7000,layers.3.out_proj.log_select_temp,1.022637e+00,1.144528e-03,1.119193e-03
7000,layers.3.residual_lut.weights,8.321327e+01,2.902763e+00,3.488341e-02
7000,layers.3.residual_lut.log_soft_score_temp,1.102764e-02,5.356044e-03,4.856927e-01
7000,layers.3.residual_lut.log_select_temp,1.050992e+00,2.624273e-03,2.496949e-03
7000,layers.3.q_norm.weight,8.555656e+00,5.437710e-03,6.355690e-04
7000,layers.3.q_norm.bias,5.002629e-01,3.704538e-03,7.405183e-03
7000,layers.3.k_norm.weight,8.513101e+00,5.583313e-03,6.558495e-04
7000,layers.3.k_norm.bias,1.006978e+00,4.793220e-03,4.760006e-03
7000,layers.3.ln_pre.weight,7.834864e+00,4.655875e-03,5.942510e-04
7000,layers.3.ln_pre.bias,7.513856e-02,1.969714e-03,2.621442e-02
7000,layers.3.ln_post.weight,7.691683e+00,4.634335e-03,6.025125e-04
7000,layers.3.ln_post.bias,1.621813e-01,3.350434e-03,2.065857e-02
7000,layers.4.qkv_lut.weights,8.981521e+01,3.208850e+00,3.572724e-02
7000,layers.4.qkv_lut.log_soft_score_temp,1.820467e-01,3.206670e-03,1.761455e-02
7000,layers.4.qkv_lut.log_select_temp,8.548372e-01,2.146184e-03,2.510635e-03
7000,layers.4.v_lut.weights,5.892428e+01,1.926903e+00,3.270135e-02
7000,layers.4.v_lut.log_soft_score_temp,8.428533e-01,4.114389e-03,4.881501e-03
7000,layers.4.v_lut.log_select_temp,1.072001e+00,5.941391e-04,5.542336e-04
7000,layers.4.out_proj.weights,1.012710e+02,3.455328e+00,3.411963e-02
7000,layers.4.out_proj.log_soft_score_temp,3.697849e-01,1.124173e-03,3.040074e-03
7000,layers.4.out_proj.log_select_temp,7.481307e-01,2.584696e-03,3.454872e-03
7000,layers.4.residual_lut.weights,8.242269e+01,2.926192e+00,3.550226e-02
7000,layers.4.residual_lut.log_soft_score_temp,4.682120e-02,4.880242e-03,1.042315e-01
7000,layers.4.residual_lut.log_select_temp,1.005923e+00,3.871560e-03,3.848763e-03
7000,layers.4.q_norm.weight,8.259293e+00,4.970819e-03,6.018456e-04
7000,layers.4.q_norm.bias,3.496042e-01,3.338875e-03,9.550444e-03
7000,layers.4.k_norm.weight,8.226186e+00,4.918547e-03,5.979134e-04
7000,layers.4.k_norm.bias,4.161871e-01,4.729138e-03,1.136301e-02
7000,layers.4.ln_pre.weight,7.934013e+00,3.453927e-03,4.353317e-04
7000,layers.4.ln_pre.bias,7.780255e-02,1.910739e-03,2.455882e-02
7000,layers.4.ln_post.weight,7.652113e+00,4.727361e-03,6.177850e-04
7000,layers.4.ln_post.bias,1.710254e-01,2.517539e-03,1.472027e-02
7000,layers.5.qkv_lut.weights,8.966218e+01,3.243459e+00,3.617421e-02
7000,layers.5.qkv_lut.log_soft_score_temp,3.046416e-01,3.100038e-03,1.017602e-02
7000,layers.5.qkv_lut.log_select_temp,7.641019e-01,1.357079e-03,1.776044e-03
7000,layers.5.v_lut.weights,5.998940e+01,2.026890e+00,3.378746e-02
7000,layers.5.v_lut.log_soft_score_temp,8.840920e-01,2.645612e-03,2.992462e-03
7000,layers.5.v_lut.log_select_temp,1.010840e+00,2.985001e-04,2.952989e-04
7000,layers.5.out_proj.weights,1.129311e+02,3.554539e+00,3.147529e-02
7000,layers.5.out_proj.log_soft_score_temp,6.761982e-01,5.719066e-04,8.457676e-04
7000,layers.5.out_proj.log_select_temp,9.270889e-01,4.064083e-03,4.383704e-03
7000,layers.5.residual_lut.weights,8.554869e+01,2.973878e+00,3.476241e-02
7000,layers.5.residual_lut.log_soft_score_temp,2.321099e-01,3.206566e-03,1.381486e-02
7000,layers.5.residual_lut.log_select_temp,1.029260e+00,4.395247e-03,4.270296e-03
7000,layers.5.q_norm.weight,8.465175e+00,6.252090e-03,7.385660e-04
7000,layers.5.q_norm.bias,3.015485e-01,4.885563e-03,1.620159e-02
7000,layers.5.k_norm.weight,8.458854e+00,6.106107e-03,7.218599e-04
7000,layers.5.k_norm.bias,3.226849e-01,5.879000e-03,1.821901e-02
7000,layers.5.ln_pre.weight,7.968208e+00,3.627803e-03,4.552846e-04
7000,layers.5.ln_pre.bias,7.734714e-02,2.372751e-03,3.067665e-02
7000,layers.5.ln_post.weight,7.723482e+00,4.398401e-03,5.694842e-04
7000,layers.5.ln_post.bias,1.266423e-01,2.657372e-03,2.098328e-02
7000,ln_final.weight,3.573353e+01,1.256532e-01,3.516395e-03
7000,ln_final.bias,1.380321e+00,1.635550e-02,1.184906e-02
7200,tok_emb_E.weight,8.582504e+01,5.667675e-01,6.603754e-03
7200,unembedder.weight,2.242160e+02,3.032882e+00,1.352661e-02
7200,layers.0.qkv_lut.weights,8.991286e+01,2.795856e+00,3.109517e-02
7200,layers.0.qkv_lut.log_soft_score_temp,9.283757e-01,1.762331e-03,1.898295e-03
7200,layers.0.qkv_lut.log_select_temp,1.103565e+00,2.527833e-03,2.290607e-03
7200,layers.0.v_lut.weights,5.833527e+01,1.825641e+00,3.129567e-02
7200,layers.0.v_lut.log_soft_score_temp,9.311926e-01,1.828969e-03,1.964114e-03
7200,layers.0.v_lut.log_select_temp,1.328877e+00,3.433824e-03,2.584003e-03
7200,layers.0.out_proj.weights,9.524020e+01,2.983393e+00,3.132494e-02
7200,layers.0.out_proj.log_soft_score_temp,8.116685e-02,2.278842e-03,2.807602e-02
7200,layers.0.out_proj.log_select_temp,8.888396e-01,3.104866e-03,3.493167e-03
7200,layers.0.residual_lut.weights,8.883087e+01,2.564993e+00,2.887502e-02
7200,layers.0.residual_lut.log_soft_score_temp,5.340185e-01,1.527667e-04,2.860701e-04
7200,layers.0.residual_lut.log_select_temp,1.256824e+00,5.056739e-03,4.023426e-03
7200,layers.0.q_norm.weight,9.186837e+00,7.652682e-03,8.330051e-04
7200,layers.0.q_norm.bias,8.700577e-01,4.363277e-03,5.014928e-03
7200,layers.0.k_norm.weight,9.163266e+00,7.186280e-03,7.842488e-04
7200,layers.0.k_norm.bias,1.082998e+00,4.964590e-03,4.584116e-03
7200,layers.0.ln_pre.weight,8.152533e+00,3.877549e-03,4.756251e-04
7200,layers.0.ln_pre.bias,4.172748e-02,3.761707e-03,9.014939e-02
7200,layers.0.ln_post.weight,7.986269e+00,4.049798e-03,5.070950e-04
7200,layers.0.ln_post.bias,8.526623e-02,2.760743e-03,3.237791e-02
7200,layers.1.qkv_lut.weights,8.850533e+01,2.839630e+00,3.208428e-02
7200,layers.1.qkv_lut.log_soft_score_temp,2.789104e-01,5.300343e-04,1.900375e-03
7200,layers.1.qkv_lut.log_select_temp,8.636899e-01,3.417969e-03,3.957403e-03
7200,layers.1.v_lut.weights,5.825003e+01,1.822368e+00,3.128527e-02
7200,layers.1.v_lut.log_soft_score_temp,3.860944e-01,3.578573e-03,9.268649e-03
7200,layers.1.v_lut.log_select_temp,1.000366e+00,1.052618e-04,1.052233e-04
7200,layers.1.out_proj.weights,9.567786e+01,2.999267e+00,3.134755e-02
7200,layers.1.out_proj.log_soft_score_temp,7.125850e-02,5.804971e-03,8.146356e-02
7200,layers.1.out_proj.log_select_temp,7.954619e-01,1.020432e-04,1.282816e-04
7200,layers.1.residual_lut.weights,8.379173e+01,2.575996e+00,3.074284e-02
7200,layers.1.residual_lut.log_soft_score_temp,1.974063e-01,3.388390e-03,1.716455e-02
7200,layers.1.residual_lut.log_select_temp,1.096182e+00,2.686977e-03,2.451216e-03
7200,layers.1.q_norm.weight,8.649525e+00,4.170383e-03,4.821517e-04
7200,layers.1.q_norm.bias,6.791992e-01,2.936751e-03,4.323844e-03
7200,layers.1.k_norm.weight,8.612766e+00,4.119309e-03,4.782795e-04
7200,layers.1.k_norm.bias,1.244286e+00,3.446747e-03,2.770060e-03
7200,layers.1.ln_pre.weight,7.820662e+00,3.232239e-03,4.132948e-04
7200,layers.1.ln_pre.bias,1.117216e-01,3.449825e-03,3.087877e-02
7200,layers.1.ln_post.weight,7.822127e+00,4.249601e-03,5.432794e-04
7200,layers.1.ln_post.bias,8.043184e-02,2.698242e-03,3.354693e-02
7200,layers.2.qkv_lut.weights,8.863396e+01,2.846843e+00,3.211910e-02
7200,layers.2.qkv_lut.log_soft_score_temp,7.492429e-02,3.263652e-03,4.355934e-02
7200,layers.2.qkv_lut.log_select_temp,1.015529e+00,2.880812e-03,2.836761e-03
7200,layers.2.v_lut.weights,5.893464e+01,1.748782e+00,2.967325e-02
7200,layers.2.v_lut.log_soft_score_temp,4.015240e-01,5.488425e-03,1.366899e-02
7200,layers.2.v_lut.log_select_temp,1.096812e+00,9.655952e-05,8.803655e-05
7200,layers.2.out_proj.weights,1.010659e+02,3.042759e+00,3.010668e-02
7200,layers.2.out_proj.log_soft_score_temp,1.248837e-01,5.048744e-03,4.042755e-02
7200,layers.2.out_proj.log_select_temp,9.744496e-01,1.326799e-03,1.361589e-03
7200,layers.2.residual_lut.weights,8.290845e+01,2.591033e+00,3.125174e-02
7200,layers.2.residual_lut.log_soft_score_temp,4.230319e-02,4.497074e-03,1.063058e-01
7200,layers.2.residual_lut.log_select_temp,1.079881e+00,2.377391e-03,2.201530e-03
7200,layers.2.q_norm.weight,8.921104e+00,6.421559e-03,7.198166e-04
7200,layers.2.q_norm.bias,4.912030e-01,3.435125e-03,6.993289e-03
7200,layers.2.k_norm.weight,8.846668e+00,6.331929e-03,7.157417e-04
7200,layers.2.k_norm.bias,8.268937e-01,3.018877e-03,3.650865e-03
7200,layers.2.ln_pre.weight,7.841136e+00,3.423330e-03,4.365860e-04
7200,layers.2.ln_pre.bias,8.088601e-02,1.827141e-03,2.258908e-02
7200,layers.2.ln_post.weight,7.725763e+00,4.642268e-03,6.008814e-04
7200,layers.2.ln_post.bias,1.540852e-01,3.335964e-03,2.165012e-02
7200,layers.3.qkv_lut.weights,8.887852e+01,2.853073e+00,3.210082e-02
7200,layers.3.qkv_lut.log_soft_score_temp,1.765743e-02,3.110873e-03,1.761792e-01
7200,layers.3.qkv_lut.log_select_temp,9.681479e-01,3.127337e-03,3.230226e-03
7200,layers.3.v_lut.weights,5.919086e+01,1.756558e+00,2.967617e-02
7200,layers.3.v_lut.log_soft_score_temp,4.229522e-01,5.485177e-03,1.296879e-02
7200,layers.3.v_lut.log_select_temp,1.093885e+00,9.411573e-04,8.603808e-04
7200,layers.3.out_proj.weights,1.039743e+02,3.046588e+00,2.930136e-02
7200,layers.3.out_proj.log_soft_score_temp,2.767141e-01,4.075110e-03,1.472679e-02
7200,layers.3.out_proj.log_select_temp,1.024385e+00,1.748085e-03,1.706472e-03
7200,layers.3.residual_lut.weights,8.324319e+01,2.594926e+00,3.117283e-02
7200,layers.3.residual_lut.log_soft_score_temp,6.182586e-03,4.845052e-03,7.836611e-01
7200,layers.3.residual_lut.log_select_temp,1.053617e+00,2.625585e-03,2.491972e-03
7200,layers.3.q_norm.weight,8.557406e+00,4.754772e-03,5.556324e-04
7200,layers.3.q_norm.bias,5.006384e-01,3.454485e-03,6.900159e-03
7200,layers.3.k_norm.weight,8.514733e+00,4.691251e-03,5.509569e-04
7200,layers.3.k_norm.bias,1.008186e+00,4.484464e-03,4.448054e-03
7200,layers.3.ln_pre.weight,7.833554e+00,3.569312e-03,4.556440e-04
7200,layers.3.ln_pre.bias,7.559313e-02,1.900465e-03,2.514072e-02
7200,layers.3.ln_post.weight,7.689751e+00,4.013346e-03,5.219084e-04
7200,layers.3.ln_post.bias,1.631249e-01,2.616702e-03,1.604110e-02
7200,layers.4.qkv_lut.weights,8.987234e+01,2.852985e+00,3.174486e-02
7200,layers.4.qkv_lut.log_soft_score_temp,1.792297e-01,2.816990e-03,1.571721e-02
7200,layers.4.qkv_lut.log_select_temp,8.568590e-01,2.021790e-03,2.359536e-03
7200,layers.4.v_lut.weights,5.896387e+01,1.715497e+00,2.909404e-02
7200,layers.4.v_lut.log_soft_score_temp,8.391581e-01,3.695250e-03,4.403520e-03
7200,layers.4.v_lut.log_select_temp,1.071524e+00,4.774332e-04,4.455647e-04
7200,layers.4.out_proj.weights,1.013671e+02,3.078805e+00,3.037284e-02
7200,layers.4.out_proj.log_soft_score_temp,3.680850e-01,1.699895e-03,4.618212e-03
7200,layers.4.out_proj.log_select_temp,7.500239e-01,1.893163e-03,2.524137e-03
7200,layers.4.residual_lut.weights,8.246484e+01,2.615767e+00,3.171979e-02
7200,layers.4.residual_lut.log_soft_score_temp,4.274612e-02,4.075084e-03,9.533226e-02
7200,layers.4.residual_lut.log_select_temp,1.009397e+00,3.473878e-03,3.441537e-03
7200,layers.4.q_norm.weight,8.260264e+00,4.738841e-03,5.736912e-04
7200,layers.4.q_norm.bias,3.508852e-01,3.897467e-03,1.110753e-02
7200,layers.4.k_norm.weight,8.227126e+00,4.546240e-03,5.525914e-04
7200,layers.4.k_norm.bias,4.172546e-01,4.062614e-03,9.736537e-03
7200,layers.4.ln_pre.weight,7.933341e+00,2.938031e-03,3.703397e-04
7200,layers.4.ln_pre.bias,7.812011e-02,2.038485e-03,2.609424e-02
7200,layers.4.ln_post.weight,7.650266e+00,4.129848e-03,5.398306e-04
7200,layers.4.ln_post.bias,1.724069e-01,2.539074e-03,1.472722e-02
7200,layers.5.qkv_lut.weights,8.970861e+01,2.882959e+00,3.213693e-02
7200,layers.5.qkv_lut.log_soft_score_temp,3.014955e-01,3.146082e-03,1.043492e-02
7200,layers.5.qkv_lut.log_select_temp,7.645280e-01,4.260540e-04,5.572772e-04
7200,layers.5.v_lut.weights,6.002925e+01,1.802707e+00,3.003047e-02
7200,layers.5.v_lut.log_soft_score_temp,8.821050e-01,1.986980e-03,2.252544e-03
7200,layers.5.v_lut.log_select_temp,1.010626e+00,2.139807e-04,2.117307e-04
7200,layers.5.out_proj.weights,1.130759e+02,3.168559e+00,2.802154e-02
7200,layers.5.out_proj.log_soft_score_temp,6.761346e-01,6.359816e-05,9.406138e-05
7200,layers.5.out_proj.log_select_temp,9.302240e-01,3.135085e-03,3.370247e-03
7200,layers.5.residual_lut.weights,8.562065e+01,2.653216e+00,3.098804e-02
7200,layers.5.residual_lut.log_soft_score_temp,2.289366e-01,3.173292e-03,1.386100e-02
7200,layers.5.residual_lut.log_select_temp,1.032219e+00,2.958655e-03,2.866306e-03
7200,layers.5.q_norm.weight,8.467711e+00,5.394553e-03,6.370733e-04
7200,layers.5.q_norm.bias,3.024470e-01,3.290903e-03,1.088092e-02
7200,layers.5.k_norm.weight,8.461640e+00,5.214517e-03,6.162536e-04
7200,layers.5.k_norm.bias,3.214112e-01,4.170005e-03,1.297405e-02
7200,layers.5.ln_pre.weight,7.967719e+00,3.401857e-03,4.269549e-04
7200,layers.5.ln_pre.bias,7.752325e-02,1.848319e-03,2.384212e-02
7200,layers.5.ln_post.weight,7.721669e+00,4.442091e-03,5.752760e-04
7200,layers.5.ln_post.bias,1.272555e-01,2.340514e-03,1.839224e-02
7200,ln_final.weight,3.584643e+01,1.131532e-01,3.156610e-03
7200,ln_final.bias,1.384220e+00,1.429607e-02,1.032789e-02
7400,tok_emb_E.weight,8.582747e+01,5.106804e-01,5.950082e-03
7400,unembedder.weight,2.243442e+02,2.729912e+00,1.216841e-02
7400,layers.0.qkv_lut.weights,8.995915e+01,2.522974e+00,2.804577e-02
7400,layers.0.qkv_lut.log_soft_score_temp,9.297996e-01,1.423955e-03,1.531464e-03
7400,layers.0.qkv_lut.log_select_temp,1.105788e+00,2.223253e-03,2.010560e-03
7400,layers.0.v_lut.weights,5.836411e+01,1.657106e+00,2.839256e-02
7400,layers.0.v_lut.log_soft_score_temp,9.334099e-01,2.217293e-03,2.375476e-03
7400,layers.0.v_lut.log_select_temp,1.332225e+00,3.347993e-03,2.513083e-03
7400,layers.0.out_proj.weights,9.526806e+01,2.698320e+00,2.832345e-02
7400,layers.0.out_proj.log_soft_score_temp,7.904536e-02,2.121493e-03,2.683894e-02
7400,layers.0.out_proj.log_select_temp,8.915906e-01,2.750993e-03,3.085489e-03
7400,layers.0.residual_lut.weights,8.891661e+01,2.309622e+00,2.597515e-02
7400,layers.0.residual_lut.log_soft_score_temp,5.328214e-01,1.197159e-03,2.246831e-03
7400,layers.0.residual_lut.log_select_temp,1.260896e+00,4.071593e-03,3.229127e-03
7400,layers.0.q_norm.weight,9.193605e+00,8.025275e-03,8.729192e-04
7400,layers.0.q_norm.bias,8.740334e-01,4.939515e-03,5.651403e-03
7400,layers.0.k_norm.weight,9.169666e+00,7.500064e-03,8.179212e-04
7400,layers.0.k_norm.bias,1.087492e+00,5.715684e-03,5.255837e-03
7400,layers.0.ln_pre.weight,8.152835e+00,3.609654e-03,4.427483e-04
7400,layers.0.ln_pre.bias,4.151661e-02,3.498458e-03,8.426647e-02
7400,layers.0.ln_post.weight,7.986048e+00,3.272508e-03,4.097781e-04
7400,layers.0.ln_post.bias,8.527442e-02,2.488990e-03,2.918800e-02
7400,layers.1.qkv_lut.weights,8.855023e+01,2.555125e+00,2.885509e-02
7400,layers.1.qkv_lut.log_soft_score_temp,2.788128e-01,9.760261e-05,3.500650e-04
7400,layers.1.qkv_lut.log_select_temp,8.663548e-01,2.664864e-03,3.075950e-03
7400,layers.1.v_lut.weights,5.826645e+01,1.649535e+00,2.831021e-02
7400,layers.1.v_lut.log_soft_score_temp,3.833153e-01,2.779126e-03,7.250236e-03
7400,layers.1.v_lut.log_select_temp,1.001242e+00,8.755922e-04,8.745065e-04
7400,layers.1.out_proj.weights,9.570337e+01,2.704288e+00,2.825698e-02
7400,layers.1.out_proj.log_soft_score_temp,7.633562e-02,5.077116e-03,6.651045e-02
7400,layers.1.out_proj.log_select_temp,7.960044e-01,5.425215e-04,6.815559e-04
7400,layers.1.residual_lut.weights,8.381721e+01,2.319865e+00,2.767766e-02
7400,layers.1.residual_lut.log_soft_score_temp,1.939210e-01,3.485307e-03,1.797282e-02
7400,layers.1.residual_lut.log_select_temp,1.098380e+00,2.198577e-03,2.001654e-03
7400,layers.1.q_norm.weight,8.651413e+00,3.703297e-03,4.280569e-04
7400,layers.1.q_norm.bias,6.804137e-01,3.036991e-03,4.463448e-03
7400,layers.1.k_norm.weight,8.614514e+00,3.780805e-03,4.388877e-04
7400,layers.1.k_norm.bias,1.246743e+00,3.623104e-03,2.906055e-03
7400,layers.1.ln_pre.weight,7.820246e+00,3.735309e-03,4.776460e-04
7400,layers.1.ln_pre.bias,1.126442e-01,3.003331e-03,2.666209e-02
7400,layers.1.ln_post.weight,7.820869e+00,3.679500e-03,4.704720e-04
7400,layers.1.ln_post.bias,8.094114e-02,2.756006e-03,3.404951e-02
7400,layers.2.qkv_lut.weights,8.867094e+01,2.557275e+00,2.884006e-02
7400,layers.2.qkv_lut.log_soft_score_temp,7.186897e-02,3.055319e-03,4.251235e-02
7400,layers.2.qkv_lut.log_select_temp,1.017834e+00,2.305269e-03,2.264878e-03
7400,layers.2.v_lut.weights,5.896286e+01,1.572715e+00,2.667297e-02
7400,layers.2.v_lut.log_soft_score_temp,3.965157e-01,5.008310e-03,1.263080e-02
7400,layers.2.v_lut.log_select_temp,1.096989e+00,1.767874e-04,1.611570e-04
7400,layers.2.out_proj.weights,1.011369e+02,2.741077e+00,2.710264e-02
7400,layers.2.out_proj.log_soft_score_temp,1.202180e-01,4.665710e-03,3.881040e-02
7400,layers.2.out_proj.log_select_temp,9.756385e-01,1.188934e-03,1.218621e-03
7400,layers.2.residual_lut.weights,8.292796e+01,2.329443e+00,2.808996e-02
7400,layers.2.residual_lut.log_soft_score_temp,3.835732e-02,3.945876e-03,1.028715e-01
7400,layers.2.residual_lut.log_select_temp,1.082173e+00,2.292156e-03,2.118105e-03
7400,layers.2.q_norm.weight,8.924310e+00,5.250499e-03,5.883367e-04
7400,layers.2.q_norm.bias,4.928252e-01,3.159880e-03,6.411766e-03
7400,layers.2.k_norm.weight,8.849865e+00,5.137311e-03,5.804960e-04
7400,layers.2.k_norm.bias,8.280035e-01,3.014380e-03,3.640540e-03
7400,layers.2.ln_pre.weight,7.839849e+00,3.369662e-03,4.298121e-04
7400,layers.2.ln_pre.bias,8.108860e-02,1.646454e-03,2.030439e-02
7400,layers.2.ln_post.weight,7.724065e+00,4.095823e-03,5.302678e-04
7400,layers.2.ln_post.bias,1.551506e-01,2.596257e-03,1.673379e-02
7400,layers.3.qkv_lut.weights,8.891879e+01,2.568126e+00,2.888171e-02
7400,layers.3.qkv_lut.log_soft_score_temp,1.413302e-02,3.524409e-03,2.493741e-01
7400,layers.3.qkv_lut.log_select_temp,9.703016e-01,2.153754e-03,2.219675e-03
7400,layers.3.v_lut.weights,5.922176e+01,1.589088e+00,2.683285e-02
7400,layers.3.v_lut.log_soft_score_temp,4.177080e-01,5.244225e-03,1.255476e-02
7400,layers.3.v_lut.log_select_temp,1.093127e+00,7.573366e-04,6.928165e-04
7400,layers.3.out_proj.weights,1.040664e+02,2.746361e+00,2.639047e-02
7400,layers.3.out_proj.log_soft_score_temp,2.730059e-01,3.708184e-03,1.358280e-02
7400,layers.3.out_proj.log_select_temp,1.025761e+00,1.376152e-03,1.341591e-03
7400,layers.3.residual_lut.weights,8.326882e+01,2.334330e+00,2.803366e-02
7400,layers.3.residual_lut.log_soft_score_temp,2.005262e-03,4.177324e-03,2.083181e+00
7400,layers.3.residual_lut.log_select_temp,1.056213e+00,2.595782e-03,2.457631e-03
7400,layers.3.q_norm.weight,8.560168e+00,5.412064e-03,6.322380e-04
7400,layers.3.q_norm.bias,5.025559e-01,3.452700e-03,6.870281e-03
7400,layers.3.k_norm.weight,8.517543e+00,5.230854e-03,6.141271e-04
7400,layers.3.k_norm.bias,1.009913e+00,3.788259e-03,3.751075e-03
7400,layers.3.ln_pre.weight,7.832237e+00,3.961425e-03,5.057846e-04
7400,layers.3.ln_pre.bias,7.577132e-02,2.215613e-03,2.924079e-02
7400,layers.3.ln_post.weight,7.687973e+00,3.657669e-03,4.757650e-04
7400,layers.3.ln_post.bias,1.644345e-01,2.441081e-03,1.484531e-02
7400,layers.4.qkv_lut.weights,8.991836e+01,2.569745e+00,2.857864e-02
7400,layers.4.qkv_lut.log_soft_score_temp,1.766606e-01,2.569079e-03,1.454246e-02
7400,layers.4.qkv_lut.log_select_temp,8.590975e-01,2.238572e-03,2.605725e-03
7400,layers.4.v_lut.weights,5.899833e+01,1.538868e+00,2.608325e-02
7400,layers.4.v_lut.log_soft_score_temp,8.358988e-01,3.259242e-03,3.899086e-03
7400,layers.4.v_lut.log_select_temp,1.071100e+00,4.233122e-04,3.952124e-04
7400,layers.4.out_proj.weights,1.014406e+02,2.772903e+00,2.733524e-02
7400,layers.4.out_proj.log_soft_score_temp,3.668833e-01,1.201749e-03,3.275562e-03
7400,layers.4.out_proj.log_select_temp,7.517300e-01,1.706123e-03,2.269596e-03
7400,layers.4.residual_lut.weights,8.250050e+01,2.355577e+00,2.855227e-02
7400,layers.4.residual_lut.log_soft_score_temp,3.922608e-02,3.520034e-03,8.973709e-02
7400,layers.4.residual_lut.log_select_temp,1.012482e+00,3.084421e-03,3.046397e-03
7400,layers.4.q_norm.weight,8.260595e+00,4.856093e-03,5.878623e-04
7400,layers.4.q_norm.bias,3.508970e-01,3.504989e-03,9.988654e-03
7400,layers.4.k_norm.weight,8.227568e+00,4.695053e-03,5.706489e-04
7400,layers.4.k_norm.bias,4.167055e-01,3.336483e-03,8.006812e-03
7400,layers.4.ln_pre.weight,7.932895e+00,2.605971e-03,3.285019e-04
7400,layers.4.ln_pre.bias,7.876680e-02,1.699517e-03,2.157657e-02
7400,layers.4.ln_post.weight,7.648578e+00,3.932741e-03,5.141795e-04
7400,layers.4.ln_post.bias,1.735576e-01,2.306999e-03,1.329241e-02
7400,layers.5.qkv_lut.weights,8.975094e+01,2.602721e+00,2.899938e-02
7400,layers.5.qkv_lut.log_soft_score_temp,2.988936e-01,2.601862e-03,8.704976e-03
7400,layers.5.qkv_lut.log_select_temp,7.654996e-01,9.716153e-04,1.269256e-03
7400,layers.5.v_lut.weights,6.006290e+01,1.636087e+00,2.723957e-02
7400,layers.5.v_lut.log_soft_score_temp,8.804929e-01,1.612127e-03,1.830937e-03
7400,layers.5.v_lut.log_select_temp,1.011123e+00,4.962683e-04,4.908091e-04
7400,layers.5.out_proj.weights,1.132077e+02,2.853184e+00,2.520309e-02
7400,layers.5.out_proj.log_soft_score_temp,6.765063e-01,3.716350e-04,5.493444e-04
7400,layers.5.out_proj.log_select_temp,9.332743e-01,3.050327e-03,3.268414e-03
7400,layers.5.residual_lut.weights,8.568719e+01,2.391030e+00,2.790417e-02
7400,layers.5.residual_lut.log_soft_score_temp,2.264688e-01,2.467796e-03,1.089685e-02
7400,layers.5.residual_lut.log_select_temp,1.035087e+00,2.867818e-03,2.770606e-03
7400,layers.5.q_norm.weight,8.468923e+00,3.763086e-03,4.443406e-04
7400,layers.5.q_norm.bias,3.030066e-01,3.406492e-03,1.124230e-02
7400,layers.5.k_norm.weight,8.462686e+00,4.023077e-03,4.753901e-04
7400,layers.5.k_norm.bias,3.233134e-01,5.143896e-03,1.590994e-02
7400,layers.5.ln_pre.weight,7.967386e+00,2.985158e-03,3.746722e-04
7400,layers.5.ln_pre.bias,7.798783e-02,1.857636e-03,2.381957e-02
7400,layers.5.ln_post.weight,7.720365e+00,3.208342e-03,4.155687e-04
7400,layers.5.ln_post.bias,1.278854e-01,2.238702e-03,1.750553e-02
7400,ln_final.weight,3.594807e+01,1.018680e-01,2.833756e-03
7400,ln_final.bias,1.387472e+00,1.236353e-02,8.910832e-03
7600,tok_emb_E.weight,8.582971e+01,4.696521e-01,5.471906e-03
7600,unembedder.weight,2.244581e+02,2.475399e+00,1.102833e-02
7600,layers.0.qkv_lut.weights,8.999659e+01,2.318085e+00,2.575748e-02
7600,layers.0.qkv_lut.log_soft_score_temp,9.310522e-01,1.252592e-03,1.345351e-03
7600,layers.0.qkv_lut.log_select_temp,1.107686e+00,1.898289e-03,1.713742e-03
7600,layers.0.v_lut.weights,5.838770e+01,1.519245e+00,2.601994e-02
7600,layers.0.v_lut.log_soft_score_temp,9.355117e-01,2.101839e-03,2.246726e-03
7600,layers.0.v_lut.log_select_temp,1.335425e+00,3.199220e-03,2.395657e-03
7600,layers.0.out_proj.weights,9.528840e+01,2.484770e+00,2.607631e-02
7600,layers.0.out_proj.log_soft_score_temp,7.724682e-02,1.798533e-03,2.328294e-02
7600,layers.0.out_proj.log_select_temp,8.941544e-01,2.563775e-03,2.867262e-03
7600,layers.0.residual_lut.weights,8.899525e+01,2.128479e+00,2.391677e-02
7600,layers.0.residual_lut.log_soft_score_temp,5.326397e-01,1.816750e-04,3.410842e-04
7600,layers.0.residual_lut.log_select_temp,1.264778e+00,3.881812e-03,3.069166e-03
7600,layers.0.q_norm.weight,9.198988e+00,6.602252e-03,7.177150e-04
7600,layers.0.q_norm.bias,8.764919e-01,4.050795e-03,4.621600e-03
7600,layers.0.k_norm.weight,9.174569e+00,6.032954e-03,6.575735e-04
7600,layers.0.k_norm.bias,1.089963e+00,3.703520e-03,3.397841e-03
7600,layers.0.ln_pre.weight,8.153092e+00,3.240617e-03,3.974709e-04
7600,layers.0.ln_pre.bias,4.109259e-02,2.983708e-03,7.260940e-02
7600,layers.0.ln_post.weight,7.986138e+00,3.227474e-03,4.041345e-04
7600,layers.0.ln_post.bias,8.514550e-02,2.318380e-03,2.722845e-02
7600,layers.1.qkv_lut.weights,8.858924e+01,2.344374e+00,2.646342e-02
7600,layers.1.qkv_lut.log_soft_score_temp,2.782253e-01,5.874634e-04,2.111466e-03
7600,layers.1.qkv_lut.log_select_temp,8.683861e-01,2.031326e-03,2.339197e-03
7600,layers.1.v_lut.weights,5.827860e+01,1.515638e+00,2.600676e-02
7600,layers.1.v_lut.log_soft_score_temp,3.803071e-01,3.008157e-03,7.909810e-03
7600,layers.1.v_lut.log_select_temp,1.001443e+00,2.018213e-04,2.015304e-04
7600,layers.1.out_proj.weights,9.571510e+01,2.486338e+00,2.597644e-02
7600,layers.1.out_proj.log_soft_score_temp,8.125141e-02,4.915796e-03,6.050106e-02
7600,layers.1.out_proj.log_select_temp,7.959096e-01,9.483099e-05,1.191479e-04
7600,layers.1.residual_lut.weights,8.383849e+01,2.135076e+00,2.546654e-02
7600,layers.1.residual_lut.log_soft_score_temp,1.910936e-01,2.827376e-03,1.479577e-02
7600,layers.1.residual_lut.log_select_temp,1.100689e+00,2.309203e-03,2.097961e-03
7600,layers.1.q_norm.weight,8.653290e+00,3.994465e-03,4.616123e-04
7600,layers.1.q_norm.bias,6.817062e-01,2.703552e-03,3.965861e-03
7600,layers.1.k_norm.weight,8.616356e+00,4.128911e-03,4.791945e-04
7600,layers.1.k_norm.bias,1.248715e+00,3.158315e-03,2.529253e-03
7600,layers.1.ln_pre.weight,7.819633e+00,3.211459e-03,4.106918e-04
7600,layers.1.ln_pre.bias,1.138294e-01,2.726552e-03,2.395297e-02
7600,layers.1.ln_post.weight,7.819954e+00,2.916124e-03,3.729081e-04
7600,layers.1.ln_post.bias,8.086018e-02,2.534814e-03,3.134812e-02
7600,layers.2.qkv_lut.weights,8.870365e+01,2.350498e+00,2.649833e-02
7600,layers.2.qkv_lut.log_soft_score_temp,6.854026e-02,3.328711e-03,4.856577e-02
7600,layers.2.qkv_lut.log_select_temp,1.019731e+00,1.896858e-03,1.860156e-03
7600,layers.2.v_lut.weights,5.898585e+01,1.448758e+00,2.456112e-02
7600,layers.2.v_lut.log_soft_score_temp,3.919174e-01,4.598290e-03,1.173280e-02
7600,layers.2.v_lut.log_select_temp,1.097013e+00,2.455711e-05,2.238543e-05
7600,layers.2.out_proj.weights,1.012027e+02,2.517697e+00,2.487777e-02
7600,layers.2.out_proj.log_soft_score_temp,1.158516e-01,4.366472e-03,3.769023e-02
7600,layers.2.out_proj.log_select_temp,9.769514e-01,1.312852e-03,1.343825e-03
7600,layers.2.residual_lut.weights,8.294349e+01,2.148890e+00,2.590788e-02
7600,layers.2.residual_lut.log_soft_score_temp,3.459802e-02,3.759298e-03,1.086565e-01
7600,layers.2.residual_lut.log_select_temp,1.084143e+00,1.969934e-03,1.817042e-03
7600,layers.2.q_norm.weight,8.927732e+00,5.473841e-03,6.131279e-04
7600,layers.2.q_norm.bias,4.936594e-01,2.939824e-03,5.955168e-03
7600,layers.2.k_norm.weight,8.853223e+00,5.381161e-03,6.078194e-04
7600,layers.2.k_norm.bias,8.294199e-01,3.874815e-03,4.671718e-03
7600,layers.2.ln_pre.weight,7.838517e+00,2.749236e-03,3.507342e-04
7600,layers.2.ln_pre.bias,8.142294e-02,1.691530e-03,2.077461e-02
7600,layers.2.ln_post.weight,7.722525e+00,3.802833e-03,4.924339e-04
7600,layers.2.ln_post.bias,1.559881e-01,2.214811e-03,1.419859e-02
7600,layers.3.qkv_lut.weights,8.895322e+01,2.353318e+00,2.645568e-02
7600,layers.3.qkv_lut.log_soft_score_temp,1.132193e-02,2.811088e-03,2.482870e-01
7600,layers.3.qkv_lut.log_select_temp,9.727891e-01,2.487481e-03,2.557061e-03
7600,layers.3.v_lut.weights,5.924727e+01,1.457023e+00,2.459224e-02
7600,layers.3.v_lut.log_soft_score_temp,4.130062e-01,4.701853e-03,1.138446e-02
7600,layers.3.v_lut.log_select_temp,1.092167e+00,9.597540e-04,8.787608e-04
7600,layers.3.out_proj.weights,1.041509e+02,2.522291e+00,2.421767e-02
7600,layers.3.out_proj.log_soft_score_temp,2.693118e-01,3.694117e-03,1.371688e-02
7600,layers.3.out_proj.log_select_temp,1.026879e+00,1.117706e-03,1.088450e-03
7600,layers.3.residual_lut.weights,8.329096e+01,2.155277e+00,2.587648e-02
7600,layers.3.residual_lut.log_soft_score_temp,1.565511e-03,3.570773e-03,2.280899e+00
7600,layers.3.residual_lut.log_select_temp,1.058735e+00,2.522230e-03,2.382305e-03
7600,layers.3.q_norm.weight,8.562495e+00,5.334925e-03,6.230573e-04
7600,layers.3.q_norm.bias,5.025957e-01,2.559285e-03,5.092134e-03
7600,layers.3.k_norm.weight,8.519955e+00,5.161894e-03,6.058593e-04
7600,layers.3.k_norm.bias,1.010589e+00,3.344499e-03,3.309456e-03
7600,layers.3.ln_pre.weight,7.831065e+00,3.193410e-03,4.077875e-04
7600,layers.3.ln_pre.bias,7.634208e-02,1.704243e-03,2.232377e-02
7600,layers.3.ln_post.weight,7.686469e+00,3.669781e-03,4.774339e-04
7600,layers.3.ln_post.bias,1.653989e-01,2.224910e-03,1.345178e-02
7600,layers.4.qkv_lut.weights,8.995586e+01,2.362483e+00,2.626269e-02
7600,layers.4.qkv_lut.log_soft_score_temp,1.740474e-01,2.613232e-03,1.501448e-02
7600,layers.4.qkv_lut.log_select_temp,8.608171e-01,1.719594e-03,1.997630e-03
7600,layers.4.v_lut.weights,5.902669e+01,1.427998e+00,2.419242e-02
7600,layers.4.v_lut.log_soft_score_temp,8.332680e-01,2.630830e-03,3.157243e-03
7600,layers.4.v_lut.log_select_temp,1.070994e+00,1.068115e-04,9.973124e-05
7600,layers.4.out_proj.weights,1.015227e+02,2.543543e+00,2.505393e-02
7600,layers.4.out_proj.log_soft_score_temp,3.665566e-01,3.267229e-04,8.913300e-04
7600,layers.4.out_proj.log_select_temp,7.539009e-01,2.170861e-03,2.879504e-03
7600,layers.4.residual_lut.weights,8.253179e+01,2.165973e+00,2.624411e-02
7600,layers.4.residual_lut.log_soft_score_temp,3.575592e-02,3.470160e-03,9.705134e-02
7600,layers.4.residual_lut.log_select_temp,1.015186e+00,2.704501e-03,2.664045e-03
7600,layers.4.q_norm.weight,8.261906e+00,3.931304e-03,4.758350e-04
7600,layers.4.q_norm.bias,3.518148e-01,2.992649e-03,8.506319e-03
7600,layers.4.k_norm.weight,8.228893e+00,4.065168e-03,4.940115e-04
7600,layers.4.k_norm.bias,4.181538e-01,4.045160e-03,9.673857e-03
7600,layers.4.ln_pre.weight,7.932269e+00,2.499060e-03,3.150499e-04
7600,layers.4.ln_pre.bias,7.852680e-02,1.421617e-03,1.810358e-02
7600,layers.4.ln_post.weight,7.646951e+00,3.168220e-03,4.143115e-04
7600,layers.4.ln_post.bias,1.746118e-01,2.283643e-03,1.307840e-02
7600,layers.5.qkv_lut.weights,8.978621e+01,2.379581e+00,2.650275e-02
7600,layers.5.qkv_lut.log_soft_score_temp,2.966190e-01,2.274603e-03,7.668431e-03
7600,layers.5.qkv_lut.log_select_temp,7.668109e-01,1.311302e-03,1.710072e-03
7600,layers.5.v_lut.weights,6.009365e+01,1.492862e+00,2.484226e-02
7600,layers.5.v_lut.log_soft_score_temp,8.783371e-01,2.155721e-03,2.454321e-03
7600,layers.5.v_lut.log_select_temp,1.010617e+00,5.055666e-04,5.002553e-04
7600,layers.5.out_proj.weights,1.133246e+02,2.620313e+00,2.312219e-02
7600,layers.5.out_proj.log_soft_score_temp,6.765588e-01,5.251169e-05,7.761586e-05
7600,layers.5.out_proj.log_select_temp,9.361448e-01,2.870440e-03,3.066236e-03
7600,layers.5.residual_lut.weights,8.574964e+01,2.199826e+00,2.565405e-02
7600,layers.5.residual_lut.log_soft_score_temp,2.241323e-01,2.336532e-03,1.042479e-02
7600,layers.5.residual_lut.log_select_temp,1.038258e+00,3.171444e-03,3.054581e-03
7600,layers.5.q_norm.weight,8.471189e+00,4.352312e-03,5.137782e-04
7600,layers.5.q_norm.bias,3.028871e-01,3.074870e-03,1.015187e-02
7600,layers.5.k_norm.weight,8.464932e+00,4.409639e-03,5.209302e-04
7600,layers.5.k_norm.bias,3.230056e-01,2.892036e-03,8.953518e-03
7600,layers.5.ln_pre.weight,7.966979e+00,2.660733e-03,3.339701e-04
7600,layers.5.ln_pre.bias,7.836775e-02,1.579869e-03,2.015969e-02
7600,layers.5.ln_post.weight,7.719297e+00,3.058781e-03,3.962512e-04
7600,layers.5.ln_post.bias,1.284338e-01,2.118563e-03,1.649536e-02
7600,ln_final.weight,3.604212e+01,9.426357e-02,2.615372e-03
7600,ln_final.bias,1.391368e+00,1.202939e-02,8.645728e-03
7800,tok_emb_E.weight,8.583154e+01,4.408090e-01,5.135746e-03
7800,unembedder.weight,2.245602e+02,2.330450e+00,1.037784e-02
7800,layers.0.qkv_lut.weights,9.003143e+01,2.171206e+00,2.411609e-02
7800,layers.0.qkv_lut.log_soft_score_temp,9.329333e-01,1.881063e-03,2.016289e-03
7800,layers.0.qkv_lut.log_select_temp,1.110000e+00,2.313495e-03,2.084230e-03
7800,layers.0.v_lut.weights,5.840827e+01,1.426750e+00,2.442719e-02
7800,layers.0.v_lut.log_soft_score_temp,9.373313e-01,1.819611e-03,1.941267e-03
7800,layers.0.v_lut.log_select_temp,1.338284e+00,2.859235e-03,2.136494e-03
7800,layers.0.out_proj.weights,9.530811e+01,2.329726e+00,2.444415e-02
7800,layers.0.out_proj.log_soft_score_temp,7.580241e-02,1.444414e-03,1.905499e-02
7800,layers.0.out_proj.log_select_temp,8.964094e-01,2.255023e-03,2.515617e-03
7800,layers.0.residual_lut.weights,8.907392e+01,1.999015e+00,2.244221e-02
7800,layers.0.residual_lut.log_soft_score_temp,5.331788e-01,5.391240e-04,1.011150e-03
7800,layers.0.residual_lut.log_select_temp,1.269057e+00,4.279256e-03,3.371997e-03
7800,layers.0.q_norm.weight,9.204800e+00,6.303824e-03,6.848410e-04
7800,layers.0.q_norm.bias,8.786485e-01,3.237216e-03,3.684313e-03
7800,layers.0.k_norm.weight,9.180074e+00,6.103422e-03,6.648554e-04
7800,layers.0.k_norm.bias,1.092452e+00,3.814137e-03,3.491353e-03
7800,layers.0.ln_pre.weight,8.153344e+00,3.227247e-03,3.958189e-04
7800,layers.0.ln_pre.bias,4.153059e-02,3.024801e-03,7.283310e-02
7800,layers.0.ln_post.weight,7.986308e+00,3.371382e-03,4.221453e-04
7800,layers.0.ln_post.bias,8.565389e-02,2.270357e-03,2.650618e-02
7800,layers.1.qkv_lut.weights,8.862028e+01,2.201957e+00,2.484710e-02
7800,layers.1.qkv_lut.log_soft_score_temp,2.780549e-01,1.704693e-04,6.130779e-04
7800,layers.1.qkv_lut.log_select_temp,8.705165e-01,2.130389e-03,2.447270e-03
7800,layers.1.v_lut.weights,5.828876e+01,1.422447e+00,2.440345e-02
7800,layers.1.v_lut.log_soft_score_temp,3.777076e-01,2.599537e-03,6.882407e-03
7800,layers.1.v_lut.log_select_temp,1.002052e+00,6.085634e-04,6.073172e-04
7800,layers.1.out_proj.weights,9.572476e+01,2.331859e+00,2.436004e-02
7800,layers.1.out_proj.log_soft_score_temp,8.562440e-02,4.372992e-03,5.107179e-02
7800,layers.1.out_proj.log_select_temp,7.959756e-01,6.598234e-05,8.289493e-05
7800,layers.1.residual_lut.weights,8.385811e+01,1.998441e+00,2.383122e-02
7800,layers.1.residual_lut.log_soft_score_temp,1.884973e-01,2.596259e-03,1.377345e-02
7800,layers.1.residual_lut.log_select_temp,1.102804e+00,2.114654e-03,1.917525e-03
7800,layers.1.q_norm.weight,8.655389e+00,3.083068e-03,3.562022e-04
7800,layers.1.q_norm.bias,6.831365e-01,2.738180e-03,4.008248e-03
7800,layers.1.k_norm.weight,8.618289e+00,3.084758e-03,3.579316e-04
7800,layers.1.k_norm.bias,1.250690e+00,2.980029e-03,2.382708e-03
7800,layers.1.ln_pre.weight,7.819136e+00,2.986829e-03,3.819896e-04
7800,layers.1.ln_pre.bias,1.148216e-01,2.632263e-03,2.292480e-02
7800,layers.1.ln_post.weight,7.818986e+00,3.288792e-03,4.206161e-04
7800,layers.1.ln_post.bias,8.144490e-02,2.585547e-03,3.174596e-02
7800,layers.2.qkv_lut.weights,8.873171e+01,2.203911e+00,2.483792e-02
7800,layers.2.qkv_lut.log_soft_score_temp,6.599416e-02,2.546102e-03,3.858071e-02
7800,layers.2.qkv_lut.log_select_temp,1.021747e+00,2.015710e-03,1.972808e-03
7800,layers.2.v_lut.weights,5.900672e+01,1.355159e+00,2.296618e-02
7800,layers.2.v_lut.log_soft_score_temp,3.877439e-01,4.173517e-03,1.076359e-02
7800,layers.2.v_lut.log_select_temp,1.097254e+00,2.410412e-04,2.196767e-04
7800,layers.2.out_proj.weights,1.012610e+02,2.360174e+00,2.330782e-02
7800,layers.2.out_proj.log_soft_score_temp,1.119317e-01,3.919840e-03,3.501992e-02
7800,layers.2.out_proj.log_select_temp,9.780740e-01,1.122653e-03,1.147821e-03
7800,layers.2.residual_lut.weights,8.295675e+01,2.015700e+00,2.429820e-02
7800,layers.2.residual_lut.log_soft_score_temp,3.117531e-02,3.422713e-03,1.097892e-01
7800,layers.2.residual_lut.log_select_temp,1.085926e+00,1.782775e-03,1.641709e-03
7800,layers.2.q_norm.weight,8.931305e+00,5.071841e-03,5.678723e-04
7800,layers.2.q_norm.bias,4.945847e-01,2.501181e-03,5.057134e-03
7800,layers.2.k_norm.weight,8.856572e+00,5.238494e-03,5.914810e-04
7800,layers.2.k_norm.bias,8.308929e-01,3.013046e-03,3.626275e-03
7800,layers.2.ln_pre.weight,7.837393e+00,2.686216e-03,3.427436e-04
7800,layers.2.ln_pre.bias,8.198007e-02,1.575124e-03,1.921349e-02
7800,layers.2.ln_post.weight,7.721003e+00,3.830796e-03,4.961526e-04
7800,layers.2.ln_post.bias,1.564549e-01,2.496058e-03,1.595385e-02
7800,layers.3.qkv_lut.weights,8.898567e+01,2.207763e+00,2.481032e-02
7800,layers.3.qkv_lut.log_soft_score_temp,8.338897e-03,2.983035e-03,3.577253e-01
7800,layers.3.qkv_lut.log_select_temp,9.745941e-01,1.805007e-03,1.852061e-03
7800,layers.3.v_lut.weights,5.926699e+01,1.366538e+00,2.305732e-02
7800,layers.3.v_lut.log_soft_score_temp,4.089229e-01,4.083276e-03,9.985442e-03
7800,layers.3.v_lut.log_select_temp,1.091608e+00,5.593300e-04,5.123908e-04
7800,layers.3.out_proj.weights,1.042225e+02,2.363308e+00,2.267562e-02
7800,layers.3.out_proj.log_soft_score_temp,2.657571e-01,3.554732e-03,1.337587e-02
7800,layers.3.out_proj.log_select_temp,1.027919e+00,1.039863e-03,1.011619e-03
7800,layers.3.residual_lut.weights,8.330381e+01,2.021006e+00,2.426067e-02
7800,layers.3.residual_lut.log_soft_score_temp,5.214631e-03,3.649119e-03,6.997848e-01
7800,layers.3.residual_lut.log_select_temp,1.060689e+00,1.953959e-03,1.842160e-03
7800,layers.3.q_norm.weight,8.564687e+00,4.059289e-03,4.739565e-04
7800,layers.3.q_norm.bias,5.040632e-01,2.892185e-03,5.737742e-03
7800,layers.3.k_norm.weight,8.521950e+00,4.124330e-03,4.839655e-04
7800,layers.3.k_norm.bias,1.012495e+00,3.306367e-03,3.265564e-03
7800,layers.3.ln_pre.weight,7.829784e+00,3.420664e-03,4.368785e-04
7800,layers.3.ln_pre.bias,7.678445e-02,1.802748e-03,2.347803e-02
7800,layers.3.ln_post.weight,7.684880e+00,3.496052e-03,4.549260e-04
7800,layers.3.ln_post.bias,1.659347e-01,2.267926e-03,1.366758e-02
7800,layers.4.qkv_lut.weights,8.999197e+01,2.211159e+00,2.457063e-02
7800,layers.4.qkv_lut.log_soft_score_temp,1.722151e-01,1.832217e-03,1.063912e-02
7800,layers.4.qkv_lut.log_select_temp,8.625889e-01,1.771748e-03,2.053989e-03
7800,layers.4.v_lut.weights,5.905448e+01,1.321998e+00,2.238607e-02
7800,layers.4.v_lut.log_soft_score_temp,8.302249e-01,3.043115e-03,3.665411e-03
7800,layers.4.v_lut.log_select_temp,1.070306e+00,6.880760e-04,6.428781e-04
7800,layers.4.out_proj.weights,1.015864e+02,2.385838e+00,2.348580e-02
7800,layers.4.out_proj.log_soft_score_temp,3.656969e-01,8.596480e-04,2.350712e-03
7800,layers.4.out_proj.log_select_temp,7.553976e-01,1.496673e-03,1.981305e-03
7800,layers.4.residual_lut.weights,8.255482e+01,2.036704e+00,2.467093e-02
7800,layers.4.residual_lut.log_soft_score_temp,3.244817e-02,3.307752e-03,1.019396e-01
7800,layers.4.residual_lut.log_select_temp,1.017646e+00,2.459884e-03,2.417229e-03
7800,layers.4.q_norm.weight,8.262455e+00,3.884372e-03,4.701233e-04
7800,layers.4.q_norm.bias,3.520916e-01,2.963889e-03,8.417951e-03
7800,layers.4.k_norm.weight,8.229467e+00,3.999524e-03,4.860003e-04
7800,layers.4.k_norm.bias,4.189883e-01,3.458093e-03,8.253435e-03
7800,layers.4.ln_pre.weight,7.931824e+00,2.388540e-03,3.011337e-04
7800,layers.4.ln_pre.bias,7.833812e-02,1.190800e-03,1.520077e-02
7800,layers.4.ln_post.weight,7.645260e+00,3.239218e-03,4.236897e-04
7800,layers.4.ln_post.bias,1.755889e-01,2.253012e-03,1.283118e-02
7800,layers.5.qkv_lut.weights,8.981660e+01,2.233890e+00,2.487168e-02
7800,layers.5.qkv_lut.log_soft_score_temp,2.938664e-01,2.752662e-03,9.367053e-03
7800,layers.5.qkv_lut.log_select_temp,7.672881e-01,4.772544e-04,6.220015e-04
7800,layers.5.v_lut.weights,6.012013e+01,1.403084e+00,2.333801e-02
7800,layers.5.v_lut.log_soft_score_temp,8.768328e-01,1.504362e-03,1.715677e-03
7800,layers.5.v_lut.log_select_temp,1.010720e+00,1.033545e-04,1.022582e-04
7800,layers.5.out_proj.weights,1.134387e+02,2.458393e+00,2.167155e-02
7800,layers.5.out_proj.log_soft_score_temp,6.772739e-01,7.150769e-04,1.055816e-03
7800,layers.5.out_proj.log_select_temp,9.390506e-01,2.905846e-03,3.094450e-03
7800,layers.5.residual_lut.weights,8.580199e+01,2.062371e+00,2.403640e-02
7800,layers.5.residual_lut.log_soft_score_temp,2.218503e-01,2.281994e-03,1.028619e-02
7800,layers.5.residual_lut.log_select_temp,1.040949e+00,2.690434e-03,2.584598e-03
7800,layers.5.q_norm.weight,8.473990e+00,4.218957e-03,4.978713e-04
7800,layers.5.q_norm.bias,3.040857e-01,3.227607e-03,1.061413e-02
7800,layers.5.k_norm.weight,8.467702e+00,4.385897e-03,5.179560e-04
7800,layers.5.k_norm.bias,3.241470e-01,4.040775e-03,1.246587e-02
7800,layers.5.ln_pre.weight,7.966461e+00,2.629761e-03,3.301040e-04
7800,layers.5.ln_pre.bias,7.833461e-02,1.402009e-03,1.789769e-02
7800,layers.5.ln_post.weight,7.718152e+00,3.120862e-03,4.043536e-04
7800,layers.5.ln_post.bias,1.291664e-01,2.279733e-03,1.764958e-02
7800,ln_final.weight,3.613062e+01,8.867794e-02,2.454371e-03
7800,ln_final.bias,1.394563e+00,1.167115e-02,8.369041e-03
8000,tok_emb_E.weight,8.583324e+01,4.257869e-01,4.960629e-03
8000,unembedder.weight,2.246543e+02,2.244016e+00,9.988753e-03
8000,layers.0.qkv_lut.weights,9.006348e+01,2.102404e+00,2.334358e-02
8000,layers.0.qkv_lut.log_soft_score_temp,9.343974e-01,1.464128e-03,1.566923e-03
8000,layers.0.qkv_lut.log_select_temp,1.111928e+00,1.928568e-03,1.734435e-03
8000,layers.0.v_lut.weights,5.842795e+01,1.378377e+00,2.359105e-02
8000,layers.0.v_lut.log_soft_score_temp,9.391997e-01,1.868367e-03,1.989318e-03
8000,layers.0.v_lut.log_select_temp,1.341139e+00,2.855659e-03,2.129278e-03
8000,layers.0.out_proj.weights,9.532506e+01,2.251206e+00,2.361610e-02
8000,layers.0.out_proj.log_soft_score_temp,7.437559e-02,1.426816e-03,1.918393e-02
8000,layers.0.out_proj.log_select_temp,8.989741e-01,2.564669e-03,2.852884e-03
8000,layers.0.residual_lut.weights,8.914808e+01,1.931489e+00,2.166608e-02
8000,layers.0.residual_lut.log_soft_score_temp,5.332663e-01,8.749962e-05,1.640824e-04
8000,layers.0.residual_lut.log_select_temp,1.273061e+00,4.004359e-03,3.145457e-03
8000,layers.0.q_norm.weight,9.209850e+00,5.927527e-03,6.436073e-04
8000,layers.0.q_norm.bias,8.807404e-01,3.422893e-03,3.886381e-03
8000,layers.0.k_norm.weight,9.184832e+00,5.639177e-03,6.139663e-04
8000,layers.0.k_norm.bias,1.095320e+00,4.135270e-03,3.775397e-03
8000,layers.0.ln_pre.weight,8.153691e+00,2.812908e-03,3.449858e-04
8000,layers.0.ln_pre.bias,4.157164e-02,2.295188e-03,5.521043e-02
8000,layers.0.ln_post.weight,7.986444e+00,2.918045e-03,3.653747e-04
8000,layers.0.ln_post.bias,8.569305e-02,2.309167e-03,2.694696e-02
8000,layers.1.qkv_lut.weights,8.865130e+01,2.128512e+00,2.400993e-02
8000,layers.1.qkv_lut.log_soft_score_temp,2.775701e-01,4.847944e-04,1.746566e-03
8000,layers.1.qkv_lut.log_select_temp,8.723992e-01,1.882672e-03,2.158040e-03
8000,layers.1.v_lut.weights,5.829918e+01,1.373891e+00,2.356622e-02
8000,layers.1.v_lut.log_soft_score_temp,3.756099e-01,2.097666e-03,5.584694e-03
8000,layers.1.v_lut.log_select_temp,1.002911e+00,8.589029e-04,8.564100e-04
8000,layers.1.out_proj.weights,9.573821e+01,2.253265e+00,2.353570e-02
8000,layers.1.out_proj.log_soft_score_temp,8.988920e-02,4.264794e-03,4.744501e-02
8000,layers.1.out_proj.log_select_temp,7.964905e-01,5.149245e-04,6.464917e-04
8000,layers.1.residual_lut.weights,8.387646e+01,1.940410e+00,2.313415e-02
8000,layers.1.residual_lut.log_soft_score_temp,1.860115e-01,2.485842e-03,1.336391e-02
8000,layers.1.residual_lut.log_select_temp,1.105052e+00,2.247930e-03,2.034230e-03
8000,layers.1.q_norm.weight,8.657446e+00,3.407308e-03,3.935697e-04
8000,layers.1.q_norm.bias,6.842991e-01,2.378752e-03,3.476188e-03
8000,layers.1.k_norm.weight,8.620243e+00,3.286009e-03,3.811968e-04
8000,layers.1.k_norm.bias,1.252124e+00,2.664828e-03,2.128246e-03
8000,layers.1.ln_pre.weight,7.818630e+00,2.471638e-03,3.161216e-04
8000,layers.1.ln_pre.bias,1.156265e-01,2.615144e-03,2.261718e-02
8000,layers.1.ln_post.weight,7.818163e+00,2.748883e-03,3.516021e-04
8000,layers.1.ln_post.bias,8.154999e-02,2.294640e-03,2.813783e-02
8000,layers.2.qkv_lut.weights,8.875745e+01,2.133049e+00,2.403233e-02
8000,layers.2.qkv_lut.log_soft_score_temp,6.349444e-02,2.499722e-03,3.936915e-02
8000,layers.2.qkv_lut.log_select_temp,1.023804e+00,2.057552e-03,2.009713e-03
8000,layers.2.v_lut.weights,5.902274e+01,1.314206e+00,2.226610e-02
8000,layers.2.v_lut.log_soft_score_temp,3.835373e-01,4.206598e-03,1.096790e-02
8000,layers.2.v_lut.log_select_temp,1.096842e+00,4.122257e-04,3.758297e-04
8000,layers.2.out_proj.weights,1.013133e+02,2.282111e+00,2.252529e-02
8000,layers.2.out_proj.log_soft_score_temp,1.079480e-01,3.983706e-03,3.690393e-02
8000,layers.2.out_proj.log_select_temp,9.792210e-01,1.147032e-03,1.171372e-03
8000,layers.2.residual_lut.weights,8.296911e+01,1.946333e+00,2.345852e-02
8000,layers.2.residual_lut.log_soft_score_temp,2.751306e-02,3.662247e-03,1.331094e-01
8000,layers.2.residual_lut.log_select_temp,1.088102e+00,2.176523e-03,2.000293e-03
8000,layers.2.q_norm.weight,8.934376e+00,4.303840e-03,4.817170e-04
8000,layers.2.q_norm.bias,4.964294e-01,2.852278e-03,5.745587e-03
8000,layers.2.k_norm.weight,8.859477e+00,4.028168e-03,4.546733e-04
8000,layers.2.k_norm.bias,8.325586e-01,3.007885e-03,3.612820e-03
8000,layers.2.ln_pre.weight,7.836416e+00,2.936294e-03,3.746986e-04
8000,layers.2.ln_pre.bias,8.253758e-02,1.708006e-03,2.069368e-02
8000,layers.2.ln_post.weight,7.719687e+00,3.255483e-03,4.217118e-04
8000,layers.2.ln_post.bias,1.576930e-01,2.574927e-03,1.632873e-02
8000,layers.3.qkv_lut.weights,8.901331e+01,2.143077e+00,2.407591e-02
8000,layers.3.qkv_lut.log_soft_score_temp,5.919010e-03,2.419888e-03,4.088332e-01
8000,layers.3.qkv_lut.log_select_temp,9.766762e-01,2.082050e-03,2.131771e-03
8000,layers.3.v_lut.weights,5.928577e+01,1.326851e+00,2.238060e-02
8000,layers.3.v_lut.log_soft_score_temp,4.045633e-01,4.359543e-03,1.077592e-02
8000,layers.3.v_lut.log_select_temp,1.090565e+00,1.043320e-03,9.566783e-04
8000,layers.3.out_proj.weights,1.042867e+02,2.289156e+00,2.195061e-02
8000,layers.3.out_proj.log_soft_score_temp,2.621401e-01,3.616989e-03,1.379792e-02
8000,layers.3.out_proj.log_select_temp,1.028427e+00,5.084276e-04,4.943738e-04
8000,layers.3.residual_lut.weights,8.331442e+01,1.954945e+00,2.346466e-02
8000,layers.3.residual_lut.log_soft_score_temp,9.039697e-03,3.825067e-03,4.231410e-01
8000,layers.3.residual_lut.log_select_temp,1.062366e+00,1.676798e-03,1.578362e-03
8000,layers.3.q_norm.weight,8.566106e+00,3.943382e-03,4.603471e-04
8000,layers.3.q_norm.bias,5.044211e-01,2.319964e-03,4.599261e-03
8000,layers.3.k_norm.weight,8.523366e+00,3.997073e-03,4.689548e-04
8000,layers.3.k_norm.bias,1.014067e+00,3.141521e-03,3.097943e-03
8000,layers.3.ln_pre.weight,7.828673e+00,2.747355e-03,3.509349e-04
8000,layers.3.ln_pre.bias,7.722983e-02,1.757320e-03,2.275442e-02
8000,layers.3.ln_post.weight,7.683158e+00,3.295831e-03,4.289683e-04
8000,layers.3.ln_post.bias,1.668945e-01,2.544573e-03,1.524659e-02
8000,layers.4.qkv_lut.weights,9.002197e+01,2.136651e+00,2.373477e-02
8000,layers.4.qkv_lut.log_soft_score_temp,1.694185e-01,2.796695e-03,1.650762e-02
8000,layers.4.qkv_lut.log_select_temp,8.636302e-01,1.041353e-03,1.205785e-03
8000,layers.4.v_lut.weights,5.907875e+01,1.290367e+00,2.184147e-02
8000,layers.4.v_lut.log_soft_score_temp,8.274743e-01,2.750576e-03,3.324062e-03
8000,layers.4.v_lut.log_select_temp,1.069913e+00,3.924370e-04,3.667933e-04
8000,layers.4.out_proj.weights,1.016444e+02,2.313052e+00,2.275633e-02
8000,layers.4.out_proj.log_soft_score_temp,3.649239e-01,7.730126e-04,2.118285e-03
8000,layers.4.out_proj.log_select_temp,7.570404e-01,1.642823e-03,2.170060e-03
8000,layers.4.residual_lut.weights,8.257428e+01,1.970945e+00,2.386875e-02
8000,layers.4.residual_lut.log_soft_score_temp,2.924479e-02,3.203375e-03,1.095366e-01
8000,layers.4.residual_lut.log_select_temp,1.019788e+00,2.142310e-03,2.100740e-03
8000,layers.4.q_norm.weight,8.263854e+00,3.348809e-03,4.052358e-04
8000,layers.4.q_norm.bias,3.535473e-01,2.679389e-03,7.578588e-03
8000,layers.4.k_norm.weight,8.230893e+00,3.309245e-03,4.020518e-04
8000,layers.4.k_norm.bias,4.192346e-01,3.070144e-03,7.323212e-03
8000,layers.4.ln_pre.weight,7.931292e+00,2.318687e-03,2.923466e-04
8000,layers.4.ln_pre.bias,7.841250e-02,1.352374e-03,1.724692e-02
8000,layers.4.ln_post.weight,7.643630e+00,3.041011e-03,3.978490e-04
8000,layers.4.ln_post.bias,1.768795e-01,2.126035e-03,1.201968e-02
8000,layers.5.qkv_lut.weights,8.984331e+01,2.166851e+00,2.411811e-02
8000,layers.5.qkv_lut.log_soft_score_temp,2.914242e-01,2.442211e-03,8.380262e-03
8000,layers.5.qkv_lut.log_select_temp,7.677978e-01,5.096197e-04,6.637421e-04
8000,layers.5.v_lut.weights,6.014219e+01,1.367631e+00,2.273997e-02
8000,layers.5.v_lut.log_soft_score_temp,8.750214e-01,1.811385e-03,2.070104e-03
8000,layers.5.v_lut.log_select_temp,1.010337e+00,3.837347e-04,3.798087e-04
8000,layers.5.out_proj.weights,1.135500e+02,2.382261e+00,2.097984e-02
8000,layers.5.out_proj.log_soft_score_temp,6.780100e-01,7.361174e-04,1.085703e-03
8000,layers.5.out_proj.log_select_temp,9.421180e-01,3.067434e-03,3.255891e-03
8000,layers.5.residual_lut.weights,8.585024e+01,2.000911e+00,2.330699e-02
8000,layers.5.residual_lut.log_soft_score_temp,2.193692e-01,2.481148e-03,1.131038e-02
8000,layers.5.residual_lut.log_select_temp,1.043517e+00,2.568007e-03,2.460915e-03
8000,layers.5.q_norm.weight,8.475632e+00,3.516576e-03,4.149043e-04
8000,layers.5.q_norm.bias,3.051897e-01,3.283441e-03,1.075869e-02
8000,layers.5.k_norm.weight,8.469392e+00,3.396939e-03,4.010842e-04
8000,layers.5.k_norm.bias,3.238533e-01,2.911162e-03,8.989136e-03
8000,layers.5.ln_pre.weight,7.966025e+00,2.338147e-03,2.935149e-04
8000,layers.5.ln_pre.bias,7.835906e-02,1.390033e-03,1.773928e-02
8000,layers.5.ln_post.weight,7.716990e+00,2.910833e-03,3.771980e-04
8000,layers.5.ln_post.bias,1.298344e-01,1.791062e-03,1.379497e-02
8000,ln_final.weight,3.621603e+01,8.559538e-02,2.363467e-03
8000,ln_final.bias,1.397755e+00,1.154278e-02,8.258083e-03
