step,param_name,weight_norm,delta_norm,rel_delta
200,tok_emb_E.weight,7.237645e+01,4.851256e-01,6.702810e-03
200,unembedder.weight,1.054088e+02,1.558235e+01,1.478278e-01
200,layers.0.qkv_lut.weights,1.997578e+00,1.919126e+00,9.607263e-01
200,layers.0.qkv_lut.log_soft_score_temp,6.913025e-01,1.844645e-03,2.668361e-03
200,layers.0.qkv_lut.log_select_temp,6.912035e-01,1.943648e-03,2.811976e-03
200,layers.0.v_lut.weights,1.833384e+00,1.759654e+00,9.597849e-01
200,layers.0.v_lut.log_soft_score_temp,6.961332e-01,2.986014e-03,4.289429e-03
200,layers.0.v_lut.log_select_temp,6.960980e-01,2.950847e-03,4.239126e-03
200,layers.0.out_proj.weights,1.929531e+00,1.797296e+00,9.314681e-01
200,layers.0.out_proj.log_soft_score_temp,6.961340e-01,2.986789e-03,4.290537e-03
200,layers.0.out_proj.log_select_temp,6.960998e-01,2.952635e-03,4.241684e-03
200,layers.0.residual_lut.weights,2.382389e+00,2.276991e+00,9.557599e-01
200,layers.0.residual_lut.log_soft_score_temp,6.989852e-01,5.838037e-03,8.352160e-03
200,layers.0.residual_lut.log_select_temp,6.990508e-01,5.903661e-03,8.445253e-03
200,layers.0.q_norm.weight,8.023259e+00,2.572791e-02,3.206665e-03
200,layers.0.q_norm.bias,1.509974e-02,1.509974e-02,1.000000e+00
200,layers.0.k_norm.weight,8.022886e+00,2.506342e-02,3.123990e-03
200,layers.0.k_norm.bias,1.848647e-02,1.848647e-02,1.000000e+00
200,layers.0.ln_e.weight,6.938715e+00,1.237936e-02,1.784099e-03
200,layers.0.ln_e.bias,8.535110e-03,8.535110e-03,1.000000e+00
200,layers.1.qkv_lut.weights,1.776767e+00,1.694595e+00,9.537521e-01
200,layers.1.qkv_lut.log_soft_score_temp,6.922569e-01,8.902550e-04,1.286018e-03
200,layers.1.qkv_lut.log_select_temp,6.947655e-01,1.618326e-03,2.329312e-03
200,layers.1.v_lut.weights,1.297748e+00,1.192829e+00,9.191530e-01
200,layers.1.v_lut.log_soft_score_temp,6.966349e-01,3.487766e-03,5.006590e-03
200,layers.1.v_lut.log_select_temp,6.965700e-01,3.422856e-03,4.913872e-03
200,layers.1.out_proj.weights,1.740347e+00,1.586063e+00,9.113490e-01
200,layers.1.out_proj.log_soft_score_temp,6.954004e-01,2.253234e-03,3.240197e-03
200,layers.1.out_proj.log_select_temp,6.954116e-01,2.264440e-03,3.256259e-03
200,layers.1.residual_lut.weights,1.847159e+00,1.719720e+00,9.310083e-01
200,layers.1.residual_lut.log_soft_score_temp,6.920445e-01,1.102686e-03,1.593374e-03
200,layers.1.residual_lut.log_select_temp,6.930143e-01,1.329184e-04,1.917974e-04
200,layers.1.q_norm.weight,8.010543e+00,1.463926e-02,1.827499e-03
200,layers.1.q_norm.bias,1.012584e-02,1.012584e-02,1.000000e+00
200,layers.1.k_norm.weight,8.010107e+00,1.382256e-02,1.725640e-03
200,layers.1.k_norm.bias,1.527569e-02,1.527569e-02,1.000000e+00
200,layers.1.ln_e.weight,6.926742e+00,4.464043e-03,6.444651e-04
200,layers.1.ln_e.bias,2.686629e-03,2.686629e-03,1.000000e+00
200,layers.2.qkv_lut.weights,1.566329e+00,1.470540e+00,9.388449e-01
200,layers.2.qkv_lut.log_soft_score_temp,6.930732e-01,7.396936e-05,1.067266e-04
200,layers.2.qkv_lut.log_select_temp,6.940442e-01,8.970499e-04,1.292497e-03
200,layers.2.v_lut.weights,1.034642e+00,8.993708e-01,8.692580e-01
200,layers.2.v_lut.log_soft_score_temp,6.946294e-01,1.482248e-03,2.133869e-03
200,layers.2.v_lut.log_select_temp,6.945869e-01,1.439691e-03,2.072729e-03
200,layers.2.out_proj.weights,9.403423e-01,5.998632e-01,6.379201e-01
200,layers.2.out_proj.log_soft_score_temp,6.944729e-01,1.325727e-03,1.908968e-03
200,layers.2.out_proj.log_select_temp,6.944817e-01,1.334488e-03,1.921560e-03
200,layers.2.residual_lut.weights,1.265552e+00,1.056976e+00,8.351900e-01
200,layers.2.residual_lut.log_soft_score_temp,6.880664e-01,5.080819e-03,7.384199e-03
200,layers.2.residual_lut.log_select_temp,6.885074e-01,4.639804e-03,6.738932e-03
200,layers.2.q_norm.weight,8.008225e+00,1.343533e-02,1.677691e-03
200,layers.2.q_norm.bias,1.159630e-02,1.159630e-02,1.000000e+00
200,layers.2.k_norm.weight,8.007657e+00,1.289515e-02,1.610353e-03
200,layers.2.k_norm.bias,1.329236e-02,1.329236e-02,1.000000e+00
200,layers.2.ln_e.weight,6.919168e+00,9.460595e-03,1.367303e-03
200,layers.2.ln_e.bias,2.013728e-03,2.013728e-03,1.000000e+00
200,layers.3.qkv_lut.weights,9.928759e-01,8.319023e-01,8.378713e-01
200,layers.3.qkv_lut.log_soft_score_temp,6.952945e-01,2.147317e-03,3.088356e-03
200,layers.3.qkv_lut.log_select_temp,6.952235e-01,2.076328e-03,2.986562e-03
200,layers.3.v_lut.weights,7.975496e-01,6.102806e-01,7.651946e-01
200,layers.3.v_lut.log_soft_score_temp,6.954278e-01,2.280593e-03,3.279410e-03
200,layers.3.v_lut.log_select_temp,6.953505e-01,2.203286e-03,3.168597e-03
200,layers.3.out_proj.weights,8.817229e-01,5.027559e-01,5.701971e-01
200,layers.3.out_proj.log_soft_score_temp,6.952404e-01,2.093256e-03,3.010837e-03
200,layers.3.out_proj.log_select_temp,6.952465e-01,2.099276e-03,3.019470e-03
200,layers.3.residual_lut.weights,1.219841e+00,1.002909e+00,8.221636e-01
200,layers.3.residual_lut.log_soft_score_temp,6.869715e-01,6.175637e-03,8.989655e-03
200,layers.3.residual_lut.log_select_temp,6.872950e-01,5.852222e-03,8.514863e-03
200,layers.3.q_norm.weight,8.003605e+00,6.011843e-03,7.511419e-04
200,layers.3.q_norm.bias,4.494366e-03,4.494366e-03,1.000000e+00
200,layers.3.k_norm.weight,8.003546e+00,5.935149e-03,7.415649e-04
200,layers.3.k_norm.bias,3.592832e-03,3.592832e-03,1.000000e+00
200,layers.3.ln_e.weight,6.916270e+00,1.219365e-02,1.763039e-03
200,layers.3.ln_e.bias,2.103990e-03,2.103990e-03,1.000000e+00
200,layers.4.qkv_lut.weights,9.439993e-01,7.730312e-01,8.188896e-01
200,layers.4.qkv_lut.log_soft_score_temp,6.946907e-01,1.543522e-03,2.221884e-03
200,layers.4.qkv_lut.log_select_temp,6.947671e-01,1.619875e-03,2.331537e-03
200,layers.4.v_lut.weights,8.249580e-01,6.472629e-01,7.846011e-01
200,layers.4.v_lut.log_soft_score_temp,6.946017e-01,1.454473e-03,2.093966e-03
200,layers.4.v_lut.log_select_temp,6.946665e-01,1.519322e-03,2.187125e-03
200,layers.4.out_proj.weights,8.764873e-01,4.949847e-01,5.647369e-01
200,layers.4.out_proj.log_soft_score_temp,6.957995e-01,2.652347e-03,3.811941e-03
200,layers.4.out_proj.log_select_temp,6.958007e-01,2.653480e-03,3.813563e-03
200,layers.4.residual_lut.weights,1.389815e+00,1.208575e+00,8.695941e-01
200,layers.4.residual_lut.log_soft_score_temp,6.869692e-01,6.177962e-03,8.993069e-03
200,layers.4.residual_lut.log_select_temp,6.873533e-01,5.793869e-03,8.429245e-03
200,layers.4.q_norm.weight,7.999922e+00,2.733282e-03,3.416636e-04
200,layers.4.q_norm.bias,3.660617e-03,3.660617e-03,1.000000e+00
200,layers.4.k_norm.weight,7.999941e+00,2.667425e-03,3.334306e-04
200,layers.4.k_norm.bias,1.885090e-03,1.885090e-03,1.000000e+00
200,layers.4.ln_e.weight,6.919650e+00,8.743615e-03,1.263592e-03
200,layers.4.ln_e.bias,1.452848e-03,1.452848e-03,1.000000e+00
200,layers.5.qkv_lut.weights,1.017011e+00,8.612497e-01,8.468437e-01
200,layers.5.qkv_lut.log_soft_score_temp,6.927853e-01,3.618598e-04,5.223260e-04
200,layers.5.qkv_lut.log_select_temp,6.943037e-01,1.156509e-03,1.665710e-03
200,layers.5.v_lut.weights,9.196064e-01,7.637398e-01,8.305072e-01
200,layers.5.v_lut.log_soft_score_temp,6.936342e-01,4.869699e-04,7.020559e-04
200,layers.5.v_lut.log_select_temp,6.947932e-01,1.645982e-03,2.369025e-03
200,layers.5.out_proj.weights,9.133509e-01,5.566862e-01,6.094986e-01
200,layers.5.out_proj.log_soft_score_temp,6.967412e-01,3.593981e-03,5.158273e-03
200,layers.5.out_proj.log_select_temp,6.967452e-01,3.597975e-03,5.163975e-03
200,layers.5.residual_lut.weights,1.340923e+00,1.151453e+00,8.587023e-01
200,layers.5.residual_lut.log_soft_score_temp,6.869999e-01,6.147325e-03,8.948073e-03
200,layers.5.residual_lut.log_select_temp,6.873527e-01,5.794466e-03,8.430119e-03
200,layers.5.q_norm.weight,8.000042e+00,2.237963e-03,2.797439e-04
200,layers.5.q_norm.bias,2.382964e-03,2.382964e-03,1.000000e+00
200,layers.5.k_norm.weight,8.000045e+00,2.502444e-03,3.128037e-04
200,layers.5.k_norm.bias,2.493033e-03,2.493033e-03,1.000000e+00
200,layers.5.ln_e.weight,6.916766e+00,1.183857e-02,1.711576e-03
200,layers.5.ln_e.bias,2.535204e-03,2.535204e-03,1.000000e+00
200,ln_final.weight,1.974273e+01,1.468507e-01,7.438216e-03
200,ln_final.bias,1.450942e-01,1.450942e-01,1.000000e+00
400,tok_emb_E.weight,7.233151e+01,1.599903e+00,2.211903e-02
400,unembedder.weight,1.112040e+02,2.629867e+01,2.364903e-01
400,layers.0.qkv_lut.weights,5.236407e+00,4.406569e+00,8.415252e-01
400,layers.0.qkv_lut.log_soft_score_temp,6.769547e-01,1.434779e-02,2.119461e-02
400,layers.0.qkv_lut.log_select_temp,6.765720e-01,1.463157e-02,2.162604e-02
400,layers.0.v_lut.weights,5.444630e+00,4.776137e+00,8.772198e-01
400,layers.0.v_lut.log_soft_score_temp,6.922447e-01,3.888488e-03,5.617216e-03
400,layers.0.v_lut.log_select_temp,6.914480e-01,4.649997e-03,6.725013e-03
400,layers.0.out_proj.weights,6.510927e+00,6.115059e+00,9.391994e-01
400,layers.0.out_proj.log_soft_score_temp,7.163568e-01,2.022278e-02,2.823004e-02
400,layers.0.out_proj.log_select_temp,7.161134e-01,2.001357e-02,2.794749e-02
400,layers.0.residual_lut.weights,8.240090e+00,7.339770e+00,8.907391e-01
400,layers.0.residual_lut.log_soft_score_temp,7.167184e-01,1.773316e-02,2.474215e-02
400,layers.0.residual_lut.log_select_temp,7.171001e-01,1.804930e-02,2.516985e-02
400,layers.0.q_norm.weight,8.116218e+00,1.093220e-01,1.346957e-02
400,layers.0.q_norm.bias,8.049173e-02,6.642397e-02,8.252273e-01
400,layers.0.k_norm.weight,8.112205e+00,1.055867e-01,1.301579e-02
400,layers.0.k_norm.bias,9.559911e-02,7.857224e-02,8.218929e-01
400,layers.0.ln_e.weight,6.962415e+00,2.608817e-02,3.747000e-03
400,layers.0.ln_e.bias,2.030888e-02,1.196393e-02,5.890984e-01
400,layers.1.qkv_lut.weights,5.196085e+00,4.730094e+00,9.103188e-01
400,layers.1.qkv_lut.log_soft_score_temp,6.756405e-01,1.661646e-02,2.459365e-02
400,layers.1.qkv_lut.log_select_temp,6.875271e-01,7.238448e-03,1.052824e-02
400,layers.1.v_lut.weights,4.654685e+00,4.344200e+00,9.332961e-01
400,layers.1.v_lut.log_soft_score_temp,7.121350e-01,1.550001e-02,2.176555e-02
400,layers.1.v_lut.log_select_temp,7.127032e-01,1.613313e-02,2.263653e-02
400,layers.1.out_proj.weights,6.400130e+00,6.049673e+00,9.452422e-01
400,layers.1.out_proj.log_soft_score_temp,7.115076e-01,1.610720e-02,2.263813e-02
400,layers.1.out_proj.log_select_temp,7.115735e-01,1.616192e-02,2.271293e-02
400,layers.1.residual_lut.weights,6.673087e+00,6.188886e+00,9.274397e-01
400,layers.1.residual_lut.log_soft_score_temp,6.989352e-01,6.890714e-03,9.858874e-03
400,layers.1.residual_lut.log_select_temp,7.030399e-01,1.002562e-02,1.426039e-02
400,layers.1.q_norm.weight,8.038870e+00,5.042607e-02,6.272780e-03
400,layers.1.q_norm.bias,3.991619e-02,3.058521e-02,7.662356e-01
400,layers.1.k_norm.weight,8.036283e+00,4.852764e-02,6.038568e-03
400,layers.1.k_norm.bias,6.547339e-02,5.186525e-02,7.921577e-01
400,layers.1.ln_e.weight,6.933369e+00,1.212746e-02,1.749143e-03
400,layers.1.ln_e.bias,9.127541e-03,6.595078e-03,7.225472e-01
400,layers.2.qkv_lut.weights,4.841979e+00,4.486692e+00,9.266238e-01
400,layers.2.qkv_lut.log_soft_score_temp,6.819218e-01,1.115143e-02,1.635295e-02
400,layers.2.qkv_lut.log_select_temp,6.875052e-01,6.538987e-03,9.511181e-03
400,layers.2.v_lut.weights,3.850843e+00,3.627464e+00,9.419920e-01
400,layers.2.v_lut.log_soft_score_temp,7.007329e-01,6.103456e-03,8.710104e-03
400,layers.2.v_lut.log_select_temp,7.017917e-01,7.204831e-03,1.026634e-02
400,layers.2.out_proj.weights,4.494083e+00,4.300203e+00,9.568588e-01
400,layers.2.out_proj.log_soft_score_temp,6.974000e-01,2.927065e-03,4.197111e-03
400,layers.2.out_proj.log_select_temp,6.974092e-01,2.927482e-03,4.197654e-03
400,layers.2.residual_lut.weights,4.459373e+00,4.260671e+00,9.554415e-01
400,layers.2.residual_lut.log_soft_score_temp,6.744968e-01,1.356953e-02,2.011801e-02
400,layers.2.residual_lut.log_select_temp,6.783826e-01,1.012480e-02,1.492492e-02
400,layers.2.q_norm.weight,8.021352e+00,4.536073e-02,5.654999e-03
400,layers.2.q_norm.bias,4.805426e-02,3.729618e-02,7.761265e-01
400,layers.2.k_norm.weight,8.016934e+00,4.046103e-02,5.046946e-03
400,layers.2.k_norm.bias,5.949211e-02,4.758888e-02,7.999192e-01
400,layers.2.ln_e.weight,6.903822e+00,1.728873e-02,2.504226e-03
400,layers.2.ln_e.bias,5.180717e-03,4.058834e-03,7.834501e-01
400,layers.3.qkv_lut.weights,3.122082e+00,2.869969e+00,9.192484e-01
400,layers.3.qkv_lut.log_soft_score_temp,6.996539e-01,4.359365e-03,6.230745e-03
400,layers.3.qkv_lut.log_select_temp,7.010076e-01,5.784094e-03,8.251115e-03
400,layers.3.v_lut.weights,2.580476e+00,2.313302e+00,8.964635e-01
400,layers.3.v_lut.log_soft_score_temp,6.998556e-01,4.427850e-03,6.326805e-03
400,layers.3.v_lut.log_select_temp,7.002481e-01,4.897654e-03,6.994169e-03
400,layers.3.out_proj.weights,2.224648e+00,1.835293e+00,8.249813e-01
400,layers.3.out_proj.log_soft_score_temp,7.011834e-01,5.942941e-03,8.475587e-03
400,layers.3.out_proj.log_select_temp,7.010233e-01,5.776823e-03,8.240557e-03
400,layers.3.residual_lut.weights,3.740023e+00,3.544105e+00,9.476158e-01
400,layers.3.residual_lut.log_soft_score_temp,6.673614e-01,1.961017e-02,2.938463e-02
400,layers.3.residual_lut.log_select_temp,6.690809e-01,1.821411e-02,2.722258e-02
400,layers.3.q_norm.weight,8.004554e+00,9.238027e-03,1.154096e-03
400,layers.3.q_norm.bias,1.092677e-02,8.548386e-03,7.823340e-01
400,layers.3.k_norm.weight,8.004560e+00,8.885479e-03,1.110052e-03
400,layers.3.k_norm.bias,1.364882e-02,1.126005e-02,8.249831e-01
400,layers.3.ln_e.weight,6.860704e+00,5.599428e-02,8.161594e-03
400,layers.3.ln_e.bias,1.605602e-02,1.480495e-02,9.220810e-01
400,layers.4.qkv_lut.weights,3.069284e+00,2.849386e+00,9.283554e-01
400,layers.4.qkv_lut.log_soft_score_temp,6.998767e-01,5.186021e-03,7.409907e-03
400,layers.4.qkv_lut.log_select_temp,7.048589e-01,1.009184e-02,1.431753e-02
400,layers.4.v_lut.weights,2.614042e+00,2.335254e+00,8.933496e-01
400,layers.4.v_lut.log_soft_score_temp,6.979516e-01,3.349960e-03,4.799702e-03
400,layers.4.v_lut.log_select_temp,7.046219e-01,9.955406e-03,1.412872e-02
400,layers.4.out_proj.weights,1.988536e+00,1.525136e+00,7.669645e-01
400,layers.4.out_proj.log_soft_score_temp,7.065075e-01,1.070797e-02,1.515621e-02
400,layers.4.out_proj.log_select_temp,7.064101e-01,1.060945e-02,1.501882e-02
400,layers.4.residual_lut.weights,3.978195e+00,3.738216e+00,9.396764e-01
400,layers.4.residual_lut.log_soft_score_temp,6.678469e-01,1.912230e-02,2.863276e-02
400,layers.4.residual_lut.log_select_temp,6.685433e-01,1.881003e-02,2.813585e-02
400,layers.4.q_norm.weight,8.010247e+00,1.989009e-02,2.483081e-03
400,layers.4.q_norm.bias,1.749106e-02,1.527984e-02,8.735797e-01
400,layers.4.k_norm.weight,8.010566e+00,2.051954e-02,2.561560e-03
400,layers.4.k_norm.bias,1.372820e-02,1.317860e-02,9.599659e-01
400,layers.4.ln_e.weight,6.909312e+00,1.651988e-02,2.390959e-03
400,layers.4.ln_e.bias,1.289982e-02,1.224010e-02,9.488578e-01
400,layers.5.qkv_lut.weights,2.896501e+00,2.614306e+00,9.025739e-01
400,layers.5.qkv_lut.log_soft_score_temp,6.921406e-01,6.447434e-04,9.315209e-04
400,layers.5.qkv_lut.log_select_temp,7.064474e-01,1.214367e-02,1.718978e-02
400,layers.5.v_lut.weights,2.647350e+00,2.316237e+00,8.749267e-01
400,layers.5.v_lut.log_soft_score_temp,6.936144e-01,1.972914e-05,2.844395e-05
400,layers.5.v_lut.log_select_temp,7.072713e-01,1.247811e-02,1.764261e-02
400,layers.5.out_proj.weights,2.177781e+00,1.704690e+00,7.827646e-01
400,layers.5.out_proj.log_soft_score_temp,7.099529e-01,1.321173e-02,1.860930e-02
400,layers.5.out_proj.log_select_temp,7.099954e-01,1.325023e-02,1.866242e-02
400,layers.5.residual_lut.weights,3.701866e+00,3.474565e+00,9.385983e-01
400,layers.5.residual_lut.log_soft_score_temp,6.672917e-01,1.970816e-02,2.953454e-02
400,layers.5.residual_lut.log_select_temp,6.693252e-01,1.802754e-02,2.693391e-02
400,layers.5.q_norm.weight,7.999387e+00,8.266129e-03,1.033345e-03
400,layers.5.q_norm.bias,7.666848e-03,6.917810e-03,9.023017e-01
400,layers.5.k_norm.weight,7.999505e+00,7.605135e-03,9.507007e-04
400,layers.5.k_norm.bias,5.984481e-03,5.527689e-03,9.236705e-01
400,layers.5.ln_e.weight,6.900766e+00,2.151140e-02,3.117248e-03
400,layers.5.ln_e.bias,1.705619e-02,1.567468e-02,9.190027e-01
400,ln_final.weight,2.010520e+01,3.632382e-01,1.806688e-02
400,ln_final.bias,4.442504e-01,2.995444e-01,6.742693e-01
600,tok_emb_E.weight,7.231203e+01,2.765452e+00,3.824332e-02
600,unembedder.weight,1.218878e+02,3.017165e+01,2.475363e-01
600,layers.0.qkv_lut.weights,9.516403e+00,6.685169e+00,7.024890e-01
600,layers.0.qkv_lut.log_soft_score_temp,6.512864e-01,2.566832e-02,3.941173e-02
600,layers.0.qkv_lut.log_select_temp,6.505933e-01,2.597862e-02,3.993067e-02
600,layers.0.v_lut.weights,9.917200e+00,6.825115e+00,6.882098e-01
600,layers.0.v_lut.log_soft_score_temp,6.773347e-01,1.490998e-02,2.201272e-02
600,layers.0.v_lut.log_select_temp,6.750578e-01,1.639020e-02,2.427970e-02
600,layers.0.out_proj.weights,1.233327e+01,9.895199e+00,8.023173e-01
600,layers.0.out_proj.log_soft_score_temp,7.528378e-01,3.648102e-02,4.845801e-02
600,layers.0.out_proj.log_select_temp,7.527602e-01,3.664678e-02,4.868321e-02
600,layers.0.residual_lut.weights,1.594828e+01,1.120232e+01,7.024156e-01
600,layers.0.residual_lut.log_soft_score_temp,7.384825e-01,2.176416e-02,2.947146e-02
600,layers.0.residual_lut.log_select_temp,7.397951e-01,2.269495e-02,3.067734e-02
600,layers.0.q_norm.weight,8.275480e+00,1.838693e-01,2.221856e-02
600,layers.0.q_norm.bias,1.883879e-01,1.089796e-01,5.784851e-01
600,layers.0.k_norm.weight,8.265461e+00,1.769575e-01,2.140927e-02
600,layers.0.k_norm.bias,2.198635e-01,1.264943e-01,5.753307e-01
600,layers.0.ln_e.weight,6.992962e+00,3.408482e-02,4.874161e-03
600,layers.0.ln_e.bias,3.157383e-02,1.163252e-02,3.684228e-01
600,layers.1.qkv_lut.weights,9.450044e+00,7.320167e+00,7.746172e-01
600,layers.1.qkv_lut.log_soft_score_temp,6.465238e-01,2.911669e-02,4.503576e-02
600,layers.1.qkv_lut.log_select_temp,6.726264e-01,1.490068e-02,2.215299e-02
600,layers.1.v_lut.weights,9.052120e+00,7.171091e+00,7.922002e-01
600,layers.1.v_lut.log_soft_score_temp,7.401211e-01,2.798617e-02,3.781296e-02
600,layers.1.v_lut.log_select_temp,7.431371e-01,3.043389e-02,4.095327e-02
600,layers.1.out_proj.weights,1.230930e+01,1.003714e+01,8.154109e-01
600,layers.1.out_proj.log_soft_score_temp,7.418976e-01,3.038996e-02,4.096248e-02
600,layers.1.out_proj.log_select_temp,7.425610e-01,3.098744e-02,4.173050e-02
600,layers.1.residual_lut.weights,1.322248e+01,1.010798e+01,7.644546e-01
600,layers.1.residual_lut.log_soft_score_temp,7.085582e-01,9.622991e-03,1.358109e-02
600,layers.1.residual_lut.log_select_temp,7.174163e-01,1.437640e-02,2.003914e-02
600,layers.1.q_norm.weight,8.091960e+00,7.696225e-02,9.510954e-03
600,layers.1.q_norm.bias,8.068473e-02,4.200226e-02,5.205726e-01
600,layers.1.k_norm.weight,8.087438e+00,7.570173e-02,9.360410e-03
600,layers.1.k_norm.bias,1.316692e-01,7.017555e-02,5.329687e-01
600,layers.1.ln_e.weight,6.944226e+00,1.809050e-02,2.605113e-03
600,layers.1.ln_e.bias,1.313839e-02,4.465125e-03,3.398531e-01
600,layers.2.qkv_lut.weights,9.199567e+00,7.436494e+00,8.083527e-01
600,layers.2.qkv_lut.log_soft_score_temp,6.623920e-01,1.952976e-02,2.948369e-02
600,layers.2.qkv_lut.log_select_temp,6.782386e-01,9.266615e-03,1.366276e-02
600,layers.2.v_lut.weights,7.944097e+00,6.502325e+00,8.185103e-01
600,layers.2.v_lut.log_soft_score_temp,7.118477e-01,1.111484e-02,1.561406e-02
600,layers.2.v_lut.log_select_temp,7.156868e-01,1.389509e-02,1.941505e-02
600,layers.2.out_proj.weights,9.727837e+00,8.161538e+00,8.389880e-01
600,layers.2.out_proj.log_soft_score_temp,7.130494e-01,1.564938e-02,2.194712e-02
600,layers.2.out_proj.log_select_temp,7.139280e-01,1.651883e-02,2.313795e-02
600,layers.2.residual_lut.weights,8.999734e+00,7.724348e+00,8.582862e-01
600,layers.2.residual_lut.log_soft_score_temp,6.643298e-01,1.016706e-02,1.530424e-02
600,layers.2.residual_lut.log_select_temp,6.744609e-01,3.921688e-03,5.814552e-03
600,layers.2.q_norm.weight,8.040739e+00,5.904705e-02,7.343486e-03
600,layers.2.q_norm.bias,9.350537e-02,4.625004e-02,4.946245e-01
600,layers.2.k_norm.weight,8.029250e+00,5.158415e-02,6.424529e-03
600,layers.2.k_norm.bias,1.212566e-01,6.505061e-02,5.364706e-01
600,layers.2.ln_e.weight,6.890607e+00,1.772052e-02,2.571692e-03
600,layers.2.ln_e.bias,8.822415e-03,5.749573e-03,6.517006e-01
600,layers.3.qkv_lut.weights,5.963521e+00,4.800120e+00,8.049137e-01
600,layers.3.qkv_lut.log_soft_score_temp,6.953347e-01,4.319191e-03,6.211672e-03
600,layers.3.qkv_lut.log_select_temp,7.022901e-01,1.282454e-03,1.826102e-03
600,layers.3.v_lut.weights,5.022515e+00,3.872035e+00,7.709356e-01
600,layers.3.v_lut.log_soft_score_temp,6.989129e-01,9.427071e-04,1.348819e-03
600,layers.3.v_lut.log_select_temp,7.023408e-01,2.092659e-03,2.979550e-03
600,layers.3.out_proj.weights,5.675311e+00,3.783931e+00,6.667355e-01
600,layers.3.out_proj.log_soft_score_temp,7.119359e-01,1.075250e-02,1.510318e-02
600,layers.3.out_proj.log_select_temp,7.111900e-01,1.016676e-02,1.429543e-02
600,layers.3.residual_lut.weights,6.687409e+00,5.735819e+00,8.577042e-01
600,layers.3.residual_lut.log_soft_score_temp,6.357746e-01,3.158683e-02,4.968243e-02
600,layers.3.residual_lut.log_select_temp,6.534014e-01,1.567942e-02,2.399661e-02
600,layers.3.q_norm.weight,7.998349e+00,2.408624e-02,3.011401e-03
600,layers.3.q_norm.bias,2.181070e-02,1.515365e-02,6.947804e-01
600,layers.3.k_norm.weight,7.998344e+00,2.432559e-02,3.041328e-03
600,layers.3.k_norm.bias,3.236699e-02,2.204786e-02,6.811833e-01
600,layers.3.ln_e.weight,6.778585e+00,8.345471e-02,1.231152e-02
600,layers.3.ln_e.bias,2.870237e-02,1.271986e-02,4.431642e-01
600,layers.4.qkv_lut.weights,5.523271e+00,4.321353e+00,7.823902e-01
600,layers.4.qkv_lut.log_soft_score_temp,7.035952e-01,3.718495e-03,5.284992e-03
600,layers.4.qkv_lut.log_select_temp,7.285831e-01,2.372420e-02,3.256210e-02
600,layers.4.v_lut.weights,4.732574e+00,3.461208e+00,7.313585e-01
600,layers.4.v_lut.log_soft_score_temp,6.984091e-01,4.575253e-04,6.550963e-04
600,layers.4.v_lut.log_select_temp,7.269955e-01,2.237362e-02,3.077545e-02
600,layers.4.out_proj.weights,4.698988e+00,2.944574e+00,6.266400e-01
600,layers.4.out_proj.log_soft_score_temp,7.261740e-01,1.966649e-02,2.708234e-02
600,layers.4.out_proj.log_select_temp,7.260066e-01,1.959652e-02,2.699220e-02
600,layers.4.residual_lut.weights,7.129564e+00,6.098767e+00,8.554194e-01
600,layers.4.residual_lut.log_soft_score_temp,6.356171e-01,3.222978e-02,5.070628e-02
600,layers.4.residual_lut.log_select_temp,6.412731e-01,2.727020e-02,4.252509e-02
600,layers.4.q_norm.weight,8.006643e+00,1.586991e-02,1.982093e-03
600,layers.4.q_norm.bias,2.665540e-02,1.495597e-02,5.610859e-01
600,layers.4.k_norm.weight,8.007453e+00,1.589443e-02,1.984954e-03
600,layers.4.k_norm.bias,2.969251e-02,2.120349e-02,7.141023e-01
600,layers.4.ln_e.weight,6.902207e+00,1.586620e-02,2.298715e-03
600,layers.4.ln_e.bias,2.758154e-02,1.528405e-02,5.541406e-01
600,layers.5.qkv_lut.weights,5.445332e+00,4.373243e+00,8.031178e-01
600,layers.5.qkv_lut.log_soft_score_temp,6.917683e-01,3.722310e-04,5.380862e-04
600,layers.5.qkv_lut.log_select_temp,7.302662e-01,2.381885e-02,3.261667e-02
600,layers.5.v_lut.weights,4.892203e+00,3.713324e+00,7.590289e-01
600,layers.5.v_lut.log_soft_score_temp,6.896902e-01,3.924251e-03,5.689875e-03
600,layers.5.v_lut.log_select_temp,7.293321e-01,2.206081e-02,3.024797e-02
600,layers.5.out_proj.weights,4.376012e+00,2.636292e+00,6.024417e-01
600,layers.5.out_proj.log_soft_score_temp,7.299655e-01,2.001262e-02,2.741584e-02
600,layers.5.out_proj.log_select_temp,7.295319e-01,1.953655e-02,2.677957e-02
600,layers.5.residual_lut.weights,6.525206e+00,5.592494e+00,8.570601e-01
600,layers.5.residual_lut.log_soft_score_temp,6.359103e-01,3.138143e-02,4.934883e-02
600,layers.5.residual_lut.log_select_temp,6.503147e-01,1.901042e-02,2.923265e-02
600,layers.5.q_norm.weight,7.991686e+00,2.061552e-02,2.579621e-03
600,layers.5.q_norm.bias,1.685541e-02,1.453434e-02,8.622955e-01
600,layers.5.k_norm.weight,7.992640e+00,1.925559e-02,2.409165e-03
600,layers.5.k_norm.bias,1.343226e-02,1.293813e-02,9.632130e-01
600,layers.5.ln_e.weight,6.889503e+00,1.389853e-02,2.017349e-03
600,layers.5.ln_e.bias,2.543839e-02,9.959702e-03,3.915226e-01
600,ln_final.weight,2.057243e+01,4.749553e-01,2.308698e-02
600,ln_final.bias,6.343294e-01,1.912132e-01,3.014414e-01
800,tok_emb_E.weight,7.235146e+01,3.768640e+00,5.208797e-02
800,unembedder.weight,1.347965e+02,3.123318e+01,2.317062e-01
800,layers.0.qkv_lut.weights,1.461895e+01,9.028259e+00,6.175726e-01
800,layers.0.qkv_lut.log_soft_score_temp,6.164842e-01,3.480226e-02,5.645280e-02
800,layers.0.qkv_lut.log_select_temp,6.154512e-01,3.514218e-02,5.709987e-02
800,layers.0.v_lut.weights,1.516086e+01,8.823807e+00,5.820122e-01
800,layers.0.v_lut.log_soft_score_temp,6.589104e-01,1.842433e-02,2.796182e-02
800,layers.0.v_lut.log_select_temp,6.544342e-01,2.062362e-02,3.151367e-02
800,layers.0.out_proj.weights,1.916699e+01,1.349230e+01,7.039338e-01
800,layers.0.out_proj.log_soft_score_temp,8.024618e-01,4.962403e-02,6.183974e-02
800,layers.0.out_proj.log_select_temp,8.030322e-01,5.027199e-02,6.260271e-02
800,layers.0.residual_lut.weights,2.506700e+01,1.435858e+01,5.728081e-01
800,layers.0.residual_lut.log_soft_score_temp,7.644487e-01,2.596617e-02,3.396718e-02
800,layers.0.residual_lut.log_select_temp,7.674754e-01,2.768034e-02,3.606674e-02
800,layers.0.q_norm.weight,8.475891e+00,2.286264e-01,2.697373e-02
800,layers.0.q_norm.bias,3.156683e-01,1.287205e-01,4.077713e-01
800,layers.0.k_norm.weight,8.455934e+00,2.172669e-01,2.569402e-02
800,layers.0.k_norm.bias,3.735544e-01,1.570491e-01,4.204183e-01
800,layers.0.ln_e.weight,7.027886e+00,4.039912e-02,5.748403e-03
800,layers.0.ln_e.bias,4.286983e-02,1.179247e-02,2.750763e-01
800,layers.1.qkv_lut.weights,1.440026e+01,9.703159e+00,6.738183e-01
800,layers.1.qkv_lut.log_soft_score_temp,6.070515e-01,3.947228e-02,6.502296e-02
800,layers.1.qkv_lut.log_select_temp,6.544880e-01,1.813841e-02,2.771389e-02
800,layers.1.v_lut.weights,1.417984e+01,9.589623e+00,6.762856e-01
800,layers.1.v_lut.log_soft_score_temp,7.770201e-01,3.689897e-02,4.748779e-02
800,layers.1.v_lut.log_select_temp,7.852470e-01,4.210997e-02,5.362639e-02
800,layers.1.out_proj.weights,1.922041e+01,1.384614e+01,7.203874e-01
800,layers.1.out_proj.log_soft_score_temp,7.782554e-01,3.635782e-02,4.671708e-02
800,layers.1.out_proj.log_select_temp,7.808415e-01,3.828055e-02,4.902473e-02
800,layers.1.residual_lut.weights,2.115070e+01,1.352296e+01,6.393624e-01
800,layers.1.residual_lut.log_soft_score_temp,7.213693e-01,1.281106e-02,1.775937e-02
800,layers.1.residual_lut.log_select_temp,7.360483e-01,1.863205e-02,2.531363e-02
800,layers.1.q_norm.weight,8.160468e+00,9.240218e-02,1.132315e-02
800,layers.1.q_norm.bias,1.308276e-01,5.196185e-02,3.971780e-01
800,layers.1.k_norm.weight,8.153460e+00,9.010387e-02,1.105100e-02
800,layers.1.k_norm.bias,2.140187e-01,8.726075e-02,4.077250e-01
800,layers.1.ln_e.weight,6.961568e+00,2.470588e-02,3.548896e-03
800,layers.1.ln_e.bias,1.761888e-02,5.064989e-03,2.874751e-01
800,layers.2.qkv_lut.weights,1.424203e+01,1.007739e+01,7.075808e-01
800,layers.2.qkv_lut.log_soft_score_temp,6.382920e-01,2.410001e-02,3.775702e-02
800,layers.2.qkv_lut.log_select_temp,6.684525e-01,9.786129e-03,1.463998e-02
800,layers.2.v_lut.weights,1.281089e+01,9.015672e+00,7.037508e-01
800,layers.2.v_lut.log_soft_score_temp,7.256301e-01,1.378238e-02,1.899367e-02
800,layers.2.v_lut.log_select_temp,7.324297e-01,1.674289e-02,2.285938e-02
800,layers.2.out_proj.weights,1.601089e+01,1.191764e+01,7.443456e-01
800,layers.2.out_proj.log_soft_score_temp,7.349380e-01,2.188867e-02,2.978302e-02
800,layers.2.out_proj.log_select_temp,7.382096e-01,2.428162e-02,3.289258e-02
800,layers.2.residual_lut.weights,1.494528e+01,1.142350e+01,7.643554e-01
800,layers.2.residual_lut.log_soft_score_temp,6.580911e-01,6.238639e-03,9.479902e-03
800,layers.2.residual_lut.log_select_temp,6.765773e-01,2.116382e-03,3.128072e-03
800,layers.2.q_norm.weight,8.068472e+00,7.275269e-02,9.016911e-03
800,layers.2.q_norm.bias,1.456762e-01,5.353734e-02,3.675091e-01
800,layers.2.k_norm.weight,8.046744e+00,6.291624e-02,7.818844e-03
800,layers.2.k_norm.bias,1.962380e-01,7.876273e-02,4.013634e-01
800,layers.2.ln_e.weight,6.882124e+00,1.791001e-02,2.602396e-03
800,layers.2.ln_e.bias,1.664175e-02,9.305861e-03,5.591877e-01
800,layers.3.qkv_lut.weights,9.572542e+00,6.989327e+00,7.301432e-01
800,layers.3.qkv_lut.log_soft_score_temp,6.915588e-01,3.775835e-03,5.459890e-03
800,layers.3.qkv_lut.log_select_temp,7.015201e-01,7.699132e-04,1.097493e-03
800,layers.3.v_lut.weights,7.740826e+00,5.151006e+00,6.654336e-01
800,layers.3.v_lut.log_soft_score_temp,6.960106e-01,2.902269e-03,4.169863e-03
800,layers.3.v_lut.log_select_temp,7.027707e-01,4.299283e-04,6.117618e-04
800,layers.3.out_proj.weights,9.937963e+00,4.733851e+00,4.763402e-01
800,layers.3.out_proj.log_soft_score_temp,7.199675e-01,8.031666e-03,1.115559e-02
800,layers.3.out_proj.log_select_temp,7.262047e-01,1.501465e-02,2.067550e-02
800,layers.3.residual_lut.weights,9.760756e+00,7.606892e+00,7.793344e-01
800,layers.3.residual_lut.log_soft_score_temp,6.010528e-01,3.472179e-02,5.776829e-02
800,layers.3.residual_lut.log_select_temp,6.394657e-01,1.393569e-02,2.179270e-02
800,layers.3.q_norm.weight,7.983908e+00,3.153472e-02,3.949786e-03
800,layers.3.q_norm.bias,3.277303e-02,1.725996e-02,5.266513e-01
800,layers.3.k_norm.weight,7.984056e+00,3.039655e-02,3.807157e-03
800,layers.3.k_norm.bias,5.141171e-02,2.509651e-02,4.881476e-01
800,layers.3.ln_e.weight,6.691650e+00,8.907656e-02,1.331160e-02
800,layers.3.ln_e.bias,4.176852e-02,1.314546e-02,3.147217e-01
800,layers.4.qkv_lut.weights,8.568933e+00,6.222595e+00,7.261809e-01
800,layers.4.qkv_lut.log_soft_score_temp,7.005451e-01,3.050148e-03,4.353965e-03
800,layers.4.qkv_lut.log_select_temp,7.509056e-01,2.232248e-02,2.972741e-02
800,layers.4.v_lut.weights,7.097889e+00,4.657669e+00,6.562047e-01
800,layers.4.v_lut.log_soft_score_temp,6.943657e-01,4.043460e-03,5.823243e-03
800,layers.4.v_lut.log_select_temp,7.484871e-01,2.149153e-02,2.871329e-02
800,layers.4.out_proj.weights,7.584222e+00,3.205582e+00,4.226646e-01
800,layers.4.out_proj.log_soft_score_temp,7.426644e-01,1.649040e-02,2.220438e-02
800,layers.4.out_proj.log_select_temp,7.435222e-01,1.751560e-02,2.355760e-02
800,layers.4.residual_lut.weights,1.034540e+01,7.959615e+00,7.693868e-01
800,layers.4.residual_lut.log_soft_score_temp,6.051440e-01,3.047317e-02,5.035690e-02
800,layers.4.residual_lut.log_select_temp,6.108653e-01,3.040779e-02,4.977822e-02
800,layers.4.q_norm.weight,7.979966e+00,3.369912e-02,4.222965e-03
800,layers.4.q_norm.bias,3.119947e-02,2.320545e-02,7.437769e-01
800,layers.4.k_norm.weight,7.979804e+00,3.562910e-02,4.464910e-03
800,layers.4.k_norm.bias,3.200151e-02,1.802272e-02,5.631836e-01
800,layers.4.ln_e.weight,6.893289e+00,2.704469e-02,3.923336e-03
800,layers.4.ln_e.bias,5.415813e-02,2.675276e-02,4.939749e-01
800,layers.5.qkv_lut.weights,8.478765e+00,6.156656e+00,7.261265e-01
800,layers.5.qkv_lut.log_soft_score_temp,6.915565e-01,2.118945e-04,3.064023e-04
800,layers.5.qkv_lut.log_select_temp,7.571248e-01,2.685857e-02,3.547443e-02
800,layers.5.v_lut.weights,7.317637e+00,4.863821e+00,6.646710e-01
800,layers.5.v_lut.log_soft_score_temp,6.876125e-01,2.077639e-03,3.021526e-03
800,layers.5.v_lut.log_select_temp,7.567236e-01,2.739149e-02,3.619749e-02
800,layers.5.out_proj.weights,7.043159e+00,3.182192e+00,4.518132e-01
800,layers.5.out_proj.log_soft_score_temp,7.508950e-01,2.092946e-02,2.787268e-02
800,layers.5.out_proj.log_select_temp,7.505209e-01,2.098894e-02,2.796583e-02
800,layers.5.residual_lut.weights,9.419250e+00,7.409089e+00,7.865901e-01
800,layers.5.residual_lut.log_soft_score_temp,6.013309e-01,3.457934e-02,5.750467e-02
800,layers.5.residual_lut.log_select_temp,6.298522e-01,2.046251e-02,3.248780e-02
800,layers.5.q_norm.weight,7.982512e+00,2.448486e-02,3.067312e-03
800,layers.5.q_norm.bias,2.712431e-02,2.332603e-02,8.599677e-01
800,layers.5.k_norm.weight,7.983652e+00,2.604820e-02,3.262693e-03
800,layers.5.k_norm.bias,2.412118e-02,1.679758e-02,6.963829e-01
800,layers.5.ln_e.weight,6.870977e+00,2.145426e-02,3.122447e-03
800,layers.5.ln_e.bias,3.837400e-02,1.385769e-02,3.611218e-01
800,ln_final.weight,2.102517e+01,4.742249e-01,2.255510e-02
800,ln_final.bias,6.958115e-01,6.449036e-02,9.268367e-02
1000,tok_emb_E.weight,7.245175e+01,4.195846e+00,5.791228e-02
1000,unembedder.weight,1.472949e+02,3.026542e+01,2.054750e-01
1000,layers.0.qkv_lut.weights,1.939458e+01,1.024657e+01,5.283211e-01
1000,layers.0.qkv_lut.log_soft_score_temp,5.819007e-01,3.458351e-02,5.943198e-02
1000,layers.0.qkv_lut.log_select_temp,5.806611e-01,3.479010e-02,5.991464e-02
1000,layers.0.v_lut.weights,2.009205e+01,9.877649e+00,4.916199e-01
1000,layers.0.v_lut.log_soft_score_temp,6.471265e-01,1.178390e-02,1.820957e-02
1000,layers.0.v_lut.log_select_temp,6.401751e-01,1.425910e-02,2.227375e-02
1000,layers.0.out_proj.weights,2.562714e+01,1.531422e+01,5.975783e-01
1000,layers.0.out_proj.log_soft_score_temp,8.587535e-01,5.629170e-02,6.555047e-02
1000,layers.0.out_proj.log_select_temp,8.602615e-01,5.722934e-02,6.652552e-02
1000,layers.0.residual_lut.weights,3.376483e+01,1.548726e+01,4.586801e-01
1000,layers.0.residual_lut.log_soft_score_temp,7.919636e-01,2.751493e-02,3.474267e-02
1000,layers.0.residual_lut.log_select_temp,7.977512e-01,3.027576e-02,3.795138e-02
1000,layers.0.q_norm.weight,8.651883e+00,1.968750e-01,2.275516e-02
1000,layers.0.q_norm.bias,4.213157e-01,1.076994e-01,2.556264e-01
1000,layers.0.k_norm.weight,8.620620e+00,1.846442e-01,2.141890e-02
1000,layers.0.k_norm.bias,5.105844e-01,1.414038e-01,2.769450e-01
1000,layers.0.ln_e.weight,7.059426e+00,3.654203e-02,5.176346e-03
1000,layers.0.ln_e.bias,5.135289e-02,9.068426e-03,1.765904e-01
1000,layers.1.qkv_lut.weights,1.908041e+01,1.092648e+01,5.726545e-01
1000,layers.1.qkv_lut.log_soft_score_temp,5.642016e-01,4.284990e-02,7.594785e-02
1000,layers.1.qkv_lut.log_select_temp,6.353375e-01,1.915050e-02,3.014224e-02
1000,layers.1.v_lut.weights,1.900670e+01,1.080776e+01,5.686290e-01
1000,layers.1.v_lut.log_soft_score_temp,8.080627e-01,3.104264e-02,3.841612e-02
1000,layers.1.v_lut.log_select_temp,8.283850e-01,4.313797e-02,5.207478e-02
1000,layers.1.out_proj.weights,2.569448e+01,1.569863e+01,6.109729e-01
1000,layers.1.out_proj.log_soft_score_temp,8.141240e-01,3.586859e-02,4.405789e-02
1000,layers.1.out_proj.log_select_temp,8.208380e-01,3.999645e-02,4.872636e-02
1000,layers.1.residual_lut.weights,2.903627e+01,1.500606e+01,5.168038e-01
1000,layers.1.residual_lut.log_soft_score_temp,7.366908e-01,1.532155e-02,2.079781e-02
1000,layers.1.residual_lut.log_select_temp,7.585558e-01,2.250743e-02,2.967142e-02
1000,layers.1.q_norm.weight,8.225355e+00,8.663063e-02,1.053214e-02
1000,layers.1.q_norm.bias,1.806217e-01,5.172070e-02,2.863481e-01
1000,layers.1.k_norm.weight,8.216839e+00,8.679415e-02,1.056296e-02
1000,layers.1.k_norm.bias,2.981589e-01,8.843059e-02,2.965888e-01
1000,layers.1.ln_e.weight,6.980531e+00,2.719516e-02,3.895858e-03
1000,layers.1.ln_e.bias,2.146788e-02,5.036364e-03,2.346000e-01
1000,layers.2.qkv_lut.weights,1.892395e+01,1.131390e+01,5.978617e-01
1000,layers.2.qkv_lut.log_soft_score_temp,6.070543e-01,3.123772e-02,5.145787e-02
1000,layers.2.qkv_lut.log_select_temp,6.566868e-01,1.176566e-02,1.791670e-02
1000,layers.2.v_lut.weights,1.739055e+01,1.017603e+01,5.851472e-01
1000,layers.2.v_lut.log_soft_score_temp,7.388338e-01,1.320368e-02,1.787098e-02
1000,layers.2.v_lut.log_select_temp,7.518319e-01,1.940221e-02,2.580657e-02
1000,layers.2.out_proj.weights,2.198137e+01,1.400078e+01,6.369384e-01
1000,layers.2.out_proj.log_soft_score_temp,7.558320e-01,2.089393e-02,2.764362e-02
1000,layers.2.out_proj.log_select_temp,7.623921e-01,2.418250e-02,3.171924e-02
1000,layers.2.residual_lut.weights,2.097354e+01,1.342602e+01,6.401407e-01
1000,layers.2.residual_lut.log_soft_score_temp,6.566517e-01,1.439452e-03,2.192109e-03
1000,layers.2.residual_lut.log_select_temp,6.857303e-01,9.153008e-03,1.334783e-02
1000,layers.2.q_norm.weight,8.084670e+00,5.568534e-02,6.887769e-03
1000,layers.2.q_norm.bias,1.890145e-01,4.428107e-02,2.342733e-01
1000,layers.2.k_norm.weight,8.056922e+00,4.917312e-02,6.103214e-03
1000,layers.2.k_norm.bias,2.552724e-01,6.301087e-02,2.468378e-01
1000,layers.2.ln_e.weight,6.882257e+00,1.763159e-02,2.561890e-03
1000,layers.2.ln_e.bias,2.720780e-02,1.135062e-02,4.171827e-01
1000,layers.3.qkv_lut.weights,1.303695e+01,8.292653e+00,6.360885e-01
1000,layers.3.qkv_lut.log_soft_score_temp,6.891944e-01,2.364397e-03,3.430668e-03
1000,layers.3.qkv_lut.log_select_temp,7.029039e-01,1.383722e-03,1.968579e-03
1000,layers.3.v_lut.weights,1.037303e+01,5.945500e+00,5.731690e-01
1000,layers.3.v_lut.log_soft_score_temp,6.943640e-01,1.646698e-03,2.371519e-03
1000,layers.3.v_lut.log_select_temp,7.033449e-01,5.741715e-04,8.163442e-04
1000,layers.3.out_proj.weights,1.382463e+01,4.642417e+00,3.358077e-01
1000,layers.3.out_proj.log_soft_score_temp,7.245803e-01,4.612744e-03,6.366091e-03
1000,layers.3.out_proj.log_select_temp,7.350227e-01,8.817971e-03,1.199687e-02
1000,layers.3.residual_lut.weights,1.228810e+01,8.667689e+00,7.053726e-01
1000,layers.3.residual_lut.log_soft_score_temp,5.691994e-01,3.185332e-02,5.596161e-02
1000,layers.3.residual_lut.log_select_temp,6.299772e-01,9.488523e-03,1.506169e-02
1000,layers.3.q_norm.weight,7.971016e+00,3.690699e-02,4.630148e-03
1000,layers.3.q_norm.bias,4.889542e-02,2.308037e-02,4.720355e-01
1000,layers.3.k_norm.weight,7.970908e+00,3.584332e-02,4.496768e-03
1000,layers.3.k_norm.bias,7.907694e-02,3.464132e-02,4.380711e-01
1000,layers.3.ln_e.weight,6.629951e+00,6.345010e-02,9.570222e-03
1000,layers.3.ln_e.bias,5.197696e-02,1.036861e-02,1.994846e-01
1000,layers.4.qkv_lut.weights,1.113393e+01,6.622686e+00,5.948201e-01
1000,layers.4.qkv_lut.log_soft_score_temp,6.939071e-01,6.637931e-03,9.566022e-03
1000,layers.4.qkv_lut.log_select_temp,7.701387e-01,1.923317e-02,2.497364e-02
1000,layers.4.v_lut.weights,9.118419e+00,4.897970e+00,5.371512e-01
1000,layers.4.v_lut.log_soft_score_temp,6.857224e-01,8.643329e-03,1.260471e-02
1000,layers.4.v_lut.log_select_temp,7.681858e-01,1.969874e-02,2.564320e-02
1000,layers.4.out_proj.weights,1.018999e+01,3.051590e+00,2.994694e-01
1000,layers.4.out_proj.log_soft_score_temp,7.502812e-01,7.616758e-03,1.015187e-02
1000,layers.4.out_proj.log_select_temp,7.659006e-01,2.237833e-02,2.921832e-02
1000,layers.4.residual_lut.weights,1.293431e+01,8.848763e+00,6.841310e-01
1000,layers.4.residual_lut.log_soft_score_temp,5.792567e-01,2.588725e-02,4.469046e-02
1000,layers.4.residual_lut.log_select_temp,5.889522e-01,2.191311e-02,3.720694e-02
1000,layers.4.q_norm.weight,7.962813e+00,2.755949e-02,3.461025e-03
1000,layers.4.q_norm.bias,3.377422e-02,1.868511e-02,5.532360e-01
1000,layers.4.k_norm.weight,7.963711e+00,2.311498e-02,2.902539e-03
1000,layers.4.k_norm.bias,4.063136e-02,2.154707e-02,5.303063e-01
1000,layers.4.ln_e.weight,6.886516e+00,1.945738e-02,2.825431e-03
1000,layers.4.ln_e.bias,7.296793e-02,1.918267e-02,2.628917e-01
1000,layers.5.qkv_lut.weights,1.121884e+01,6.793112e+00,6.055092e-01
1000,layers.5.qkv_lut.log_soft_score_temp,6.863199e-01,5.236506e-03,7.629833e-03
1000,layers.5.qkv_lut.log_select_temp,7.721789e-01,1.505417e-02,1.949570e-02
1000,layers.5.v_lut.weights,9.496897e+00,5.374144e+00,5.658842e-01
1000,layers.5.v_lut.log_soft_score_temp,6.777464e-01,9.866118e-03,1.455724e-02
1000,layers.5.v_lut.log_select_temp,7.715808e-01,1.485723e-02,1.925558e-02
1000,layers.5.out_proj.weights,8.754563e+00,2.488857e+00,2.842925e-01
1000,layers.5.out_proj.log_soft_score_temp,7.545137e-01,3.618777e-03,4.796171e-03
1000,layers.5.out_proj.log_select_temp,7.628775e-01,1.235658e-02,1.619733e-02
1000,layers.5.residual_lut.weights,1.167175e+01,8.084006e+00,6.926132e-01
1000,layers.5.residual_lut.log_soft_score_temp,5.796585e-01,2.167243e-02,3.738827e-02
1000,layers.5.residual_lut.log_select_temp,6.144445e-01,1.540774e-02,2.507589e-02
1000,layers.5.q_norm.weight,7.967776e+00,2.607428e-02,3.272466e-03
1000,layers.5.q_norm.bias,3.459312e-02,2.316654e-02,6.696863e-01
1000,layers.5.k_norm.weight,7.970137e+00,2.326138e-02,2.918567e-03
1000,layers.5.k_norm.bias,3.311261e-02,2.070777e-02,6.253741e-01
1000,layers.5.ln_e.weight,6.847664e+00,2.786314e-02,4.068999e-03
1000,layers.5.ln_e.bias,5.517557e-02,1.900995e-02,3.445357e-01
1000,ln_final.weight,2.146724e+01,4.691214e-01,2.185290e-02
1000,ln_final.bias,7.112692e-01,2.803297e-02,3.941260e-02
1200,tok_emb_E.weight,7.257632e+01,4.050176e+00,5.580575e-02
1200,unembedder.weight,1.577300e+02,2.788117e+01,1.767652e-01
1200,layers.0.qkv_lut.weights,2.323399e+01,1.030812e+01,4.436654e-01
1200,layers.0.qkv_lut.log_soft_score_temp,5.502104e-01,3.169030e-02,5.759670e-02
1200,layers.0.qkv_lut.log_select_temp,5.490293e-01,3.163177e-02,5.761399e-02
1200,layers.0.v_lut.weights,2.404893e+01,9.840305e+00,4.091785e-01
1200,layers.0.v_lut.log_soft_score_temp,6.486053e-01,1.478851e-03,2.280047e-03
1200,layers.0.v_lut.log_select_temp,6.401229e-01,5.221367e-05,8.156820e-05
1200,layers.0.out_proj.weights,3.082925e+01,1.532533e+01,4.971036e-01
1200,layers.0.out_proj.log_soft_score_temp,9.143418e-01,5.558830e-02,6.079598e-02
1200,layers.0.out_proj.log_select_temp,9.172060e-01,5.694455e-02,6.208479e-02
1200,layers.0.residual_lut.weights,4.116938e+01,1.509734e+01,3.667128e-01
1200,layers.0.residual_lut.log_soft_score_temp,8.199334e-01,2.796978e-02,3.411225e-02
1200,layers.0.residual_lut.log_select_temp,8.294959e-01,3.174472e-02,3.826989e-02
1200,layers.0.q_norm.weight,8.781258e+00,1.448514e-01,1.649552e-02
1200,layers.0.q_norm.bias,4.973660e-01,7.774922e-02,1.563219e-01
1200,layers.0.k_norm.weight,8.738792e+00,1.332840e-01,1.525199e-02
1200,layers.0.k_norm.bias,6.133501e-01,1.076229e-01,1.754673e-01
1200,layers.0.ln_e.weight,7.083030e+00,3.036164e-02,4.286532e-03
1200,layers.0.ln_e.bias,5.757939e-02,6.935611e-03,1.204530e-01
1200,layers.1.qkv_lut.weights,2.286309e+01,1.084821e+01,4.744859e-01
1200,layers.1.qkv_lut.log_soft_score_temp,5.268458e-01,3.735578e-02,7.090458e-02
1200,layers.1.qkv_lut.log_select_temp,6.232029e-01,1.213455e-02,1.947127e-02
1200,layers.1.v_lut.weights,2.288353e+01,1.067421e+01,4.664581e-01
1200,layers.1.v_lut.log_soft_score_temp,8.185646e-01,1.050186e-02,1.282961e-02
1200,layers.1.v_lut.log_select_temp,8.624840e-01,3.409904e-02,3.953585e-02
1200,layers.1.out_proj.weights,3.094440e+01,1.574314e+01,5.087559e-01
1200,layers.1.out_proj.log_soft_score_temp,8.480427e-01,3.391868e-02,3.999643e-02
1200,layers.1.out_proj.log_select_temp,8.621201e-01,4.128212e-02,4.788442e-02
1200,layers.1.residual_lut.weights,3.585278e+01,1.480283e+01,4.128781e-01
1200,layers.1.residual_lut.log_soft_score_temp,7.517201e-01,1.502925e-02,1.999315e-02
1200,layers.1.residual_lut.log_select_temp,7.828791e-01,2.432334e-02,3.106909e-02
1200,layers.1.q_norm.weight,8.280831e+00,7.075004e-02,8.543833e-03
1200,layers.1.q_norm.bias,2.201798e-01,4.104317e-02,1.864075e-01
1200,layers.1.k_norm.weight,8.270313e+00,6.984804e-02,8.445634e-03
1200,layers.1.k_norm.bias,3.743938e-01,7.893873e-02,2.108441e-01
1200,layers.1.ln_e.weight,6.996023e+00,2.457042e-02,3.512055e-03
1200,layers.1.ln_e.bias,2.361409e-02,3.810563e-03,1.613682e-01
1200,layers.2.qkv_lut.weights,2.264083e+01,1.124714e+01,4.967638e-01
1200,layers.2.qkv_lut.log_soft_score_temp,5.799116e-01,2.714270e-02,4.680490e-02
1200,layers.2.qkv_lut.log_select_temp,6.470786e-01,9.608269e-03,1.484869e-02
1200,layers.2.v_lut.weights,2.114398e+01,1.012778e+01,4.789912e-01
1200,layers.2.v_lut.log_soft_score_temp,7.505802e-01,1.174641e-02,1.564977e-02
1200,layers.2.v_lut.log_select_temp,7.702000e-01,1.836807e-02,2.384844e-02
1200,layers.2.out_proj.weights,2.686591e+01,1.434487e+01,5.339433e-01
1200,layers.2.out_proj.log_soft_score_temp,7.733685e-01,1.753652e-02,2.267551e-02
1200,layers.2.out_proj.log_select_temp,7.849507e-01,2.255863e-02,2.873891e-02
1200,layers.2.residual_lut.weights,2.632681e+01,1.391952e+01,5.287204e-01
1200,layers.2.residual_lut.log_soft_score_temp,6.575657e-01,9.140372e-04,1.390032e-03
1200,layers.2.residual_lut.log_select_temp,6.974331e-01,1.170278e-02,1.677978e-02
1200,layers.2.q_norm.weight,8.101101e+00,3.751608e-02,4.630985e-03
1200,layers.2.q_norm.bias,2.207989e-01,3.483001e-02,1.577454e-01
1200,layers.2.k_norm.weight,8.068446e+00,3.932811e-02,4.874311e-03
1200,layers.2.k_norm.bias,3.006062e-01,5.232306e-02,1.740585e-01
1200,layers.2.ln_e.weight,6.883828e+00,1.915698e-02,2.782897e-03
1200,layers.2.ln_e.bias,3.279495e-02,7.110113e-03,2.168051e-01
1200,layers.3.qkv_lut.weights,1.620810e+01,8.905753e+00,5.494631e-01
1200,layers.3.qkv_lut.log_soft_score_temp,6.816146e-01,7.579803e-03,1.112036e-02
1200,layers.3.qkv_lut.log_select_temp,7.025667e-01,3.371239e-04,4.798460e-04
1200,layers.3.v_lut.weights,1.291303e+01,6.425973e+00,4.976347e-01
1200,layers.3.v_lut.log_soft_score_temp,6.979100e-01,3.546000e-03,5.080884e-03
1200,layers.3.v_lut.log_select_temp,7.085400e-01,5.195141e-03,7.332177e-03
1200,layers.3.out_proj.weights,1.695193e+01,4.392910e+00,2.591393e-01
1200,layers.3.out_proj.log_soft_score_temp,7.310967e-01,6.516457e-03,8.913262e-03
1200,layers.3.out_proj.log_select_temp,7.438493e-01,8.826673e-03,1.186621e-02
1200,layers.3.residual_lut.weights,1.450199e+01,9.174494e+00,6.326370e-01
1200,layers.3.residual_lut.log_soft_score_temp,5.413885e-01,2.781093e-02,5.136964e-02
1200,layers.3.residual_lut.log_select_temp,6.210242e-01,8.953035e-03,1.441656e-02
1200,layers.3.q_norm.weight,7.978753e+00,3.609705e-02,4.524147e-03
1200,layers.3.q_norm.bias,6.915411e-02,2.679205e-02,3.874252e-01
1200,layers.3.k_norm.weight,7.976318e+00,3.449780e-02,4.325029e-03
1200,layers.3.k_norm.bias,1.106015e-01,3.582213e-02,3.238847e-01
1200,layers.3.ln_e.weight,6.585812e+00,4.568018e-02,6.936150e-03
1200,layers.3.ln_e.bias,6.312388e-02,1.145390e-02,1.814511e-01
1200,layers.4.qkv_lut.weights,1.334200e+01,6.865073e+00,5.145458e-01
1200,layers.4.qkv_lut.log_soft_score_temp,6.857458e-01,8.161306e-03,1.190136e-02
1200,layers.4.qkv_lut.log_select_temp,7.820979e-01,1.195920e-02,1.529117e-02
1200,layers.4.v_lut.weights,1.085908e+01,5.064673e+00,4.663999e-01
1200,layers.4.v_lut.log_soft_score_temp,6.752816e-01,1.044071e-02,1.546126e-02
1200,layers.4.v_lut.log_select_temp,7.788640e-01,1.067823e-02,1.371001e-02
1200,layers.4.out_proj.weights,1.289853e+01,3.195613e+00,2.477501e-01
1200,layers.4.out_proj.log_soft_score_temp,7.503843e-01,1.031756e-04,1.374971e-04
1200,layers.4.out_proj.log_select_temp,7.734886e-01,7.588089e-03,9.810213e-03
1200,layers.4.residual_lut.weights,1.502996e+01,9.594625e+00,6.383668e-01
1200,layers.4.residual_lut.log_soft_score_temp,5.530496e-01,2.620715e-02,4.738662e-02
1200,layers.4.residual_lut.log_select_temp,5.790897e-01,9.862483e-03,1.703101e-02
1200,layers.4.q_norm.weight,7.942900e+00,3.090550e-02,3.890959e-03
1200,layers.4.q_norm.bias,3.924567e-02,2.455136e-02,6.255815e-01
1200,layers.4.k_norm.weight,7.944622e+00,2.942264e-02,3.703467e-03
1200,layers.4.k_norm.bias,4.974649e-02,2.367903e-02,4.759938e-01
1200,layers.4.ln_e.weight,6.882554e+00,8.839170e-03,1.284286e-03
1200,layers.4.ln_e.bias,8.109006e-02,8.483503e-03,1.046183e-01
1200,layers.5.qkv_lut.weights,1.361720e+01,7.340026e+00,5.390262e-01
1200,layers.5.qkv_lut.log_soft_score_temp,6.824340e-01,3.885984e-03,5.694301e-03
1200,layers.5.qkv_lut.log_select_temp,7.877784e-01,1.559949e-02,1.980187e-02
1200,layers.5.v_lut.weights,1.151367e+01,5.837763e+00,5.070289e-01
1200,layers.5.v_lut.log_soft_score_temp,6.707615e-01,6.984949e-03,1.041346e-02
1200,layers.5.v_lut.log_select_temp,7.858074e-01,1.422662e-02,1.810446e-02
1200,layers.5.out_proj.weights,9.863241e+00,2.258165e+00,2.289475e-01
1200,layers.5.out_proj.log_soft_score_temp,7.553636e-01,8.499026e-04,1.125157e-03
1200,layers.5.out_proj.log_select_temp,7.747746e-01,1.189709e-02,1.535555e-02
1200,layers.5.residual_lut.weights,1.349846e+01,8.577806e+00,6.354655e-01
1200,layers.5.residual_lut.log_soft_score_temp,5.664327e-01,1.322585e-02,2.334938e-02
1200,layers.5.residual_lut.log_select_temp,6.069136e-01,7.530868e-03,1.240847e-02
1200,layers.5.q_norm.weight,7.959825e+00,3.149008e-02,3.956127e-03
1200,layers.5.q_norm.bias,4.498333e-02,2.832677e-02,6.297170e-01
1200,layers.5.k_norm.weight,7.962768e+00,3.263361e-02,4.098274e-03
1200,layers.5.k_norm.bias,5.030598e-02,3.267762e-02,6.495771e-01
1200,layers.5.ln_e.weight,6.820001e+00,2.798565e-02,4.103467e-03
1200,layers.5.ln_e.bias,6.248530e-02,7.750332e-03,1.240345e-01
1200,ln_final.weight,2.193441e+01,4.888116e-01,2.228515e-02
1200,ln_final.bias,7.154929e-01,2.909676e-02,4.066674e-02
1400,tok_emb_E.weight,7.272428e+01,3.936103e+00,5.412364e-02
1400,unembedder.weight,1.666937e+02,2.602341e+01,1.561152e-01
1400,layers.0.qkv_lut.weights,2.648476e+01,1.022020e+01,3.858898e-01
1400,layers.0.qkv_lut.log_soft_score_temp,5.264483e-01,2.376205e-02,4.513653e-02
1400,layers.0.qkv_lut.log_select_temp,5.258291e-01,2.320021e-02,4.412121e-02
1400,layers.0.v_lut.weights,2.736507e+01,9.815183e+00,3.586756e-01
1400,layers.0.v_lut.log_soft_score_temp,6.569244e-01,8.319080e-03,1.266368e-02
1400,layers.0.v_lut.log_select_temp,6.478184e-01,7.695556e-03,1.187919e-02
1400,layers.0.out_proj.weights,3.528971e+01,1.524406e+01,4.319690e-01
1400,layers.0.out_proj.log_soft_score_temp,9.659479e-01,5.160612e-02,5.342536e-02
1400,layers.0.out_proj.log_select_temp,9.721720e-01,5.496597e-02,5.653935e-02
1400,layers.0.residual_lut.weights,4.735454e+01,1.467785e+01,3.099564e-01
1400,layers.0.residual_lut.log_soft_score_temp,8.446739e-01,2.474052e-02,2.929002e-02
1400,layers.0.residual_lut.log_select_temp,8.599429e-01,3.044695e-02,3.540578e-02
1400,layers.0.q_norm.weight,8.862441e+00,9.171222e-02,1.034842e-02
1400,layers.0.q_norm.bias,5.489142e-01,5.359509e-02,9.763838e-02
1400,layers.0.k_norm.weight,8.811317e+00,8.357241e-02,9.484667e-03
1400,layers.0.k_norm.bias,6.897907e-01,8.130213e-02,1.178649e-01
1400,layers.0.ln_e.weight,7.095784e+00,1.965223e-02,2.769564e-03
1400,layers.0.ln_e.bias,6.108325e-02,4.360212e-03,7.138146e-02
1400,layers.1.qkv_lut.weights,2.610147e+01,1.073237e+01,4.111788e-01
1400,layers.1.qkv_lut.log_soft_score_temp,4.875446e-01,3.930122e-02,8.061051e-02
1400,layers.1.qkv_lut.log_select_temp,6.104053e-01,1.279765e-02,2.096583e-02
1400,layers.1.v_lut.weights,2.616681e+01,1.059249e+01,4.048064e-01
1400,layers.1.v_lut.log_soft_score_temp,8.079770e-01,1.058757e-02,1.310380e-02
1400,layers.1.v_lut.log_select_temp,8.858742e-01,2.339011e-02,2.640343e-02
1400,layers.1.out_proj.weights,3.539251e+01,1.565116e+01,4.422168e-01
1400,layers.1.out_proj.log_soft_score_temp,8.729109e-01,2.486825e-02,2.848887e-02
1400,layers.1.out_proj.log_select_temp,8.992742e-01,3.715408e-02,4.131563e-02
1400,layers.1.residual_lut.weights,4.167358e+01,1.454300e+01,3.489741e-01
1400,layers.1.residual_lut.log_soft_score_temp,7.618427e-01,1.012266e-02,1.328707e-02
1400,layers.1.residual_lut.log_select_temp,8.053621e-01,2.248299e-02,2.791662e-02
1400,layers.1.q_norm.weight,8.323971e+00,5.779120e-02,6.942745e-03
1400,layers.1.q_norm.bias,2.539516e-01,3.548541e-02,1.397330e-01
1400,layers.1.k_norm.weight,8.311161e+00,5.711121e-02,6.871629e-03
1400,layers.1.k_norm.bias,4.376053e-01,6.798127e-02,1.553484e-01
1400,layers.1.ln_e.weight,7.003706e+00,2.021852e-02,2.886831e-03
1400,layers.1.ln_e.bias,2.261297e-02,4.019904e-03,1.777698e-01
1400,layers.2.qkv_lut.weights,2.584650e+01,1.114690e+01,4.312732e-01
1400,layers.2.qkv_lut.log_soft_score_temp,5.501361e-01,2.977544e-02,5.412377e-02
1400,layers.2.qkv_lut.log_select_temp,6.368698e-01,1.020879e-02,1.602963e-02
1400,layers.2.v_lut.weights,2.434711e+01,1.006870e+01,4.135483e-01
1400,layers.2.v_lut.log_soft_score_temp,7.593421e-01,8.761883e-03,1.153878e-02
1400,layers.2.v_lut.log_select_temp,7.884344e-01,1.823449e-02,2.312747e-02
1400,layers.2.out_proj.weights,3.101841e+01,1.428769e+01,4.606196e-01
1400,layers.2.out_proj.log_soft_score_temp,7.879896e-01,1.462108e-02,1.855491e-02
1400,layers.2.out_proj.log_select_temp,8.052728e-01,2.032202e-02,2.523620e-02
1400,layers.2.residual_lut.weights,3.097288e+01,1.392456e+01,4.495727e-01
1400,layers.2.residual_lut.log_soft_score_temp,6.562468e-01,1.318932e-03,2.009810e-03
1400,layers.2.residual_lut.log_select_temp,7.064726e-01,9.039581e-03,1.279537e-02
1400,layers.2.q_norm.weight,8.109289e+00,2.803186e-02,3.456759e-03
1400,layers.2.q_norm.bias,2.442486e-01,2.538759e-02,1.039416e-01
1400,layers.2.k_norm.weight,8.074187e+00,2.643025e-02,3.273425e-03
1400,layers.2.k_norm.bias,3.368715e-01,4.420932e-02,1.312350e-01
1400,layers.2.ln_e.weight,6.883734e+00,1.608540e-02,2.336726e-03
1400,layers.2.ln_e.bias,3.569302e-02,4.888897e-03,1.369707e-01
1400,layers.3.qkv_lut.weights,1.907049e+01,9.292915e+00,4.872930e-01
1400,layers.3.qkv_lut.log_soft_score_temp,6.724117e-01,9.202898e-03,1.368640e-02
1400,layers.3.qkv_lut.log_select_temp,7.001045e-01,2.462268e-03,3.517001e-03
1400,layers.3.v_lut.weights,1.530166e+01,6.873121e+00,4.491749e-01
1400,layers.3.v_lut.log_soft_score_temp,7.031813e-01,5.271375e-03,7.496466e-03
1400,layers.3.v_lut.log_select_temp,7.145461e-01,6.006062e-03,8.405423e-03
1400,layers.3.out_proj.weights,1.926875e+01,4.444494e+00,2.306581e-01
1400,layers.3.out_proj.log_soft_score_temp,7.392949e-01,8.198142e-03,1.108914e-02
1400,layers.3.out_proj.log_select_temp,7.522547e-01,8.405328e-03,1.117351e-02
1400,layers.3.residual_lut.weights,1.634422e+01,9.465263e+00,5.791199e-01
1400,layers.3.residual_lut.log_soft_score_temp,5.164612e-01,2.492732e-02,4.826562e-02
1400,layers.3.residual_lut.log_select_temp,6.127329e-01,8.291304e-03,1.353168e-02
1400,layers.3.q_norm.weight,7.991691e+00,4.282960e-02,5.359267e-03
1400,layers.3.q_norm.bias,1.011167e-01,3.744204e-02,3.702854e-01
1400,layers.3.k_norm.weight,7.985681e+00,3.980254e-02,4.984238e-03
1400,layers.3.k_norm.bias,1.563917e-01,5.242666e-02,3.352267e-01
1400,layers.3.ln_e.weight,6.560658e+00,2.702581e-02,4.119375e-03
1400,layers.3.ln_e.bias,7.418533e-02,1.134227e-02,1.528910e-01
1400,layers.4.qkv_lut.weights,1.493117e+01,6.251365e+00,4.186788e-01
1400,layers.4.qkv_lut.log_soft_score_temp,6.779264e-01,7.819414e-03,1.153431e-02
1400,layers.4.qkv_lut.log_select_temp,7.921179e-01,1.001996e-02,1.264958e-02
1400,layers.4.v_lut.weights,1.222113e+01,4.858587e+00,3.975564e-01
1400,layers.4.v_lut.log_soft_score_temp,6.648905e-01,1.039118e-02,1.562840e-02
1400,layers.4.v_lut.log_select_temp,7.907022e-01,1.183820e-02,1.497175e-02
1400,layers.4.out_proj.weights,1.576354e+01,3.304473e+00,2.096276e-01
1400,layers.4.out_proj.log_soft_score_temp,7.482461e-01,2.138257e-03,2.857692e-03
1400,layers.4.out_proj.log_select_temp,7.767469e-01,3.258228e-03,4.194711e-03
1400,layers.4.residual_lut.weights,1.681921e+01,9.552377e+00,5.679445e-01
1400,layers.4.residual_lut.log_soft_score_temp,5.355707e-01,1.747882e-02,3.263588e-02
1400,layers.4.residual_lut.log_select_temp,5.737372e-01,5.352497e-03,9.329179e-03
1400,layers.4.q_norm.weight,7.925766e+00,2.939372e-02,3.708628e-03
1400,layers.4.q_norm.bias,4.141142e-02,2.341096e-02,5.653261e-01
1400,layers.4.k_norm.weight,7.928039e+00,2.944333e-02,3.713823e-03
1400,layers.4.k_norm.bias,5.963934e-02,2.475865e-02,4.151396e-01
1400,layers.4.ln_e.weight,6.879294e+00,5.518757e-03,8.022272e-04
1400,layers.4.ln_e.bias,8.574083e-02,4.966160e-03,5.792060e-02
1400,layers.5.qkv_lut.weights,1.531841e+01,6.589049e+00,4.301394e-01
1400,layers.5.qkv_lut.log_soft_score_temp,6.773374e-01,5.096555e-03,7.524396e-03
1400,layers.5.qkv_lut.log_select_temp,8.058083e-01,1.802987e-02,2.237489e-02
1400,layers.5.v_lut.weights,1.302709e+01,5.465139e+00,4.195212e-01
1400,layers.5.v_lut.log_soft_score_temp,6.599967e-01,1.076472e-02,1.631026e-02
1400,layers.5.v_lut.log_select_temp,8.083977e-01,2.259022e-02,2.794444e-02
1400,layers.5.out_proj.weights,1.057039e+01,1.994128e+00,1.886523e-01
1400,layers.5.out_proj.log_soft_score_temp,7.520269e-01,3.336728e-03,4.436979e-03
1400,layers.5.out_proj.log_select_temp,7.819744e-01,7.199824e-03,9.207238e-03
1400,layers.5.residual_lut.weights,1.503361e+01,8.750486e+00,5.820614e-01
1400,layers.5.residual_lut.log_soft_score_temp,5.578525e-01,8.580148e-03,1.538068e-02
1400,layers.5.residual_lut.log_select_temp,6.014703e-01,5.443335e-03,9.050047e-03
1400,layers.5.q_norm.weight,7.962510e+00,2.993267e-02,3.759201e-03
1400,layers.5.q_norm.bias,5.425808e-02,2.689865e-02,4.957537e-01
1400,layers.5.k_norm.weight,7.966744e+00,3.132034e-02,3.931385e-03
1400,layers.5.k_norm.bias,6.328674e-02,2.905270e-02,4.590646e-01
1400,layers.5.ln_e.weight,6.785170e+00,3.559472e-02,5.245959e-03
1400,layers.5.ln_e.bias,6.862417e-02,6.327644e-03,9.220722e-02
1400,ln_final.weight,2.243705e+01,5.203860e-01,2.319316e-02
1400,ln_final.bias,7.219870e-01,3.848932e-02,5.331027e-02
1600,tok_emb_E.weight,7.287627e+01,3.809057e+00,5.226746e-02
1600,unembedder.weight,1.748100e+02,2.510819e+01,1.436313e-01
1600,layers.0.qkv_lut.weights,2.933057e+01,1.021148e+01,3.481514e-01
1600,layers.0.qkv_lut.log_soft_score_temp,5.096786e-01,1.676971e-02,3.290251e-02
1600,layers.0.qkv_lut.log_select_temp,5.098462e-01,1.598287e-02,3.134841e-02
1600,layers.0.v_lut.weights,3.019920e+01,9.752513e+00,3.229395e-01
1600,layers.0.v_lut.log_soft_score_temp,6.717574e-01,1.483297e-02,2.208085e-02
1600,layers.0.v_lut.log_select_temp,6.623096e-01,1.449114e-02,2.187971e-02
1600,layers.0.out_proj.weights,3.918443e+01,1.511340e+01,3.856990e-01
1600,layers.0.out_proj.log_soft_score_temp,1.006697e+00,4.074937e-02,4.047828e-02
1600,layers.0.out_proj.log_select_temp,1.023627e+00,5.145478e-02,5.026713e-02
1600,layers.0.residual_lut.weights,5.282781e+01,1.444626e+01,2.734594e-01
1600,layers.0.residual_lut.log_soft_score_temp,8.686451e-01,2.397120e-02,2.759608e-02
1600,layers.0.residual_lut.log_select_temp,8.919675e-01,3.202468e-02,3.590342e-02
1600,layers.0.q_norm.weight,8.933767e+00,8.252294e-02,9.237193e-03
1600,layers.0.q_norm.bias,5.970521e-01,5.032765e-02,8.429357e-02
1600,layers.0.k_norm.weight,8.875068e+00,7.482783e-02,8.431241e-03
1600,layers.0.k_norm.bias,7.544642e-01,6.886838e-02,9.128118e-02
1600,layers.0.ln_e.weight,7.102208e+00,1.559355e-02,2.195592e-03
1600,layers.0.ln_e.bias,6.338882e-02,4.216145e-03,6.651245e-02
1600,layers.1.qkv_lut.weights,2.895646e+01,1.066645e+01,3.683616e-01
1600,layers.1.qkv_lut.log_soft_score_temp,4.490336e-01,3.851104e-02,8.576428e-02
1600,layers.1.qkv_lut.log_select_temp,5.995844e-01,1.082087e-02,1.804728e-02
1600,layers.1.v_lut.weights,2.898175e+01,1.047534e+01,3.614462e-01
1600,layers.1.v_lut.log_soft_score_temp,7.837755e-01,2.420151e-02,3.087812e-02
1600,layers.1.v_lut.log_select_temp,8.960868e-01,1.021266e-02,1.139695e-02
1600,layers.1.out_proj.weights,3.930328e+01,1.555537e+01,3.957778e-01
1600,layers.1.out_proj.log_soft_score_temp,8.868892e-01,1.397824e-02,1.576098e-02
1600,layers.1.out_proj.log_select_temp,9.337098e-01,3.443563e-02,3.688044e-02
1600,layers.1.residual_lut.weights,4.669308e+01,1.439427e+01,3.082742e-01
1600,layers.1.residual_lut.log_soft_score_temp,7.646388e-01,2.796113e-03,3.656777e-03
1600,layers.1.residual_lut.log_select_temp,8.254521e-01,2.008998e-02,2.433816e-02
1600,layers.1.q_norm.weight,8.357269e+00,4.536652e-02,5.428391e-03
1600,layers.1.q_norm.bias,2.808769e-01,2.877253e-02,1.024382e-01
1600,layers.1.k_norm.weight,8.342715e+00,4.419826e-02,5.297827e-03
1600,layers.1.k_norm.bias,4.930374e-01,5.849534e-02,1.186428e-01
1600,layers.1.ln_e.weight,7.004295e+00,1.780760e-02,2.542383e-03
1600,layers.1.ln_e.bias,2.239041e-02,3.860530e-03,1.724189e-01
1600,layers.2.qkv_lut.weights,2.862913e+01,1.102093e+01,3.849551e-01
1600,layers.2.qkv_lut.log_soft_score_temp,5.193176e-01,3.081852e-02,5.934426e-02
1600,layers.2.qkv_lut.log_select_temp,6.267752e-01,1.009458e-02,1.610559e-02
1600,layers.2.v_lut.weights,2.715932e+01,9.979335e+00,3.674368e-01
1600,layers.2.v_lut.log_soft_score_temp,7.623863e-01,3.044248e-03,3.993051e-03
1600,layers.2.v_lut.log_select_temp,8.056030e-01,1.716858e-02,2.131147e-02
1600,layers.2.out_proj.weights,3.471958e+01,1.432441e+01,4.125744e-01
1600,layers.2.out_proj.log_soft_score_temp,8.010734e-01,1.308382e-02,1.633286e-02
1600,layers.2.out_proj.log_select_temp,8.268599e-01,2.158713e-02,2.610737e-02
1600,layers.2.residual_lut.weights,3.509102e+01,1.396133e+01,3.978606e-01
1600,layers.2.residual_lut.log_soft_score_temp,6.535151e-01,2.731681e-03,4.179981e-03
1600,layers.2.residual_lut.log_select_temp,7.154214e-01,8.948743e-03,1.250835e-02
1600,layers.2.q_norm.weight,8.112259e+00,2.372689e-02,2.924819e-03
1600,layers.2.q_norm.bias,2.639030e-01,2.246093e-02,8.511055e-02
1600,layers.2.k_norm.weight,8.075674e+00,2.548902e-02,3.156271e-03
1600,layers.2.k_norm.bias,3.669751e-01,3.518045e-02,9.586606e-02
1600,layers.2.ln_e.weight,6.880943e+00,1.664251e-02,2.418637e-03
1600,layers.2.ln_e.bias,3.743361e-02,4.158472e-03,1.110893e-01
1600,layers.3.qkv_lut.weights,2.194223e+01,1.006209e+01,4.585720e-01
1600,layers.3.qkv_lut.log_soft_score_temp,6.727000e-01,2.882481e-04,4.284942e-04
1600,layers.3.qkv_lut.log_select_temp,7.051093e-01,5.004823e-03,7.097940e-03
1600,layers.3.v_lut.weights,1.771486e+01,7.560150e+00,4.267688e-01
1600,layers.3.v_lut.log_soft_score_temp,7.095330e-01,6.351709e-03,8.951957e-03
1600,layers.3.v_lut.log_select_temp,7.214086e-01,6.862521e-03,9.512669e-03
1600,layers.3.out_proj.weights,2.102018e+01,5.627379e+00,2.677131e-01
1600,layers.3.out_proj.log_soft_score_temp,7.491540e-01,9.859145e-03,1.316037e-02
1600,layers.3.out_proj.log_select_temp,7.619520e-01,9.697318e-03,1.272694e-02
1600,layers.3.residual_lut.weights,1.817778e+01,9.795575e+00,5.388763e-01
1600,layers.3.residual_lut.log_soft_score_temp,5.036539e-01,1.280731e-02,2.542879e-02
1600,layers.3.residual_lut.log_select_temp,6.054678e-01,7.265091e-03,1.199914e-02
1600,layers.3.q_norm.weight,8.007690e+00,3.605741e-02,4.502848e-03
1600,layers.3.q_norm.bias,1.275613e-01,3.115896e-02,2.442666e-01
1600,layers.3.k_norm.weight,8.000366e+00,2.989944e-02,3.737259e-03
1600,layers.3.k_norm.bias,1.826080e-01,3.472489e-02,1.901609e-01
1600,layers.3.ln_e.weight,6.545514e+00,2.342317e-02,3.578507e-03
1600,layers.3.ln_e.bias,8.645286e-02,1.245994e-02,1.441240e-01
1600,layers.4.qkv_lut.weights,1.625488e+01,5.925241e+00,3.645207e-01
1600,layers.4.qkv_lut.log_soft_score_temp,6.682669e-01,9.659529e-03,1.445460e-02
1600,layers.4.qkv_lut.log_select_temp,7.986026e-01,6.484747e-03,8.120117e-03
1600,layers.4.v_lut.weights,1.337698e+01,4.664088e+00,3.486654e-01
1600,layers.4.v_lut.log_soft_score_temp,6.466167e-01,1.827377e-02,2.826059e-02
1600,layers.4.v_lut.log_select_temp,7.973849e-01,6.682634e-03,8.380689e-03
1600,layers.4.out_proj.weights,1.896798e+01,3.643782e+00,1.921018e-01
1600,layers.4.out_proj.log_soft_score_temp,7.474874e-01,7.587075e-04,1.015010e-03
1600,layers.4.out_proj.log_select_temp,7.786404e-01,1.893580e-03,2.431905e-03
1600,layers.4.residual_lut.weights,1.827147e+01,9.960418e+00,5.451350e-01
1600,layers.4.residual_lut.log_soft_score_temp,5.182573e-01,1.731348e-02,3.340712e-02
1600,layers.4.residual_lut.log_select_temp,5.693819e-01,4.355311e-03,7.649192e-03
1600,layers.4.q_norm.weight,7.908294e+00,2.760161e-02,3.490210e-03
1600,layers.4.q_norm.bias,4.513759e-02,2.513968e-02,5.569567e-01
1600,layers.4.k_norm.weight,7.911654e+00,2.938337e-02,3.713935e-03
1600,layers.4.k_norm.bias,6.585540e-02,2.155393e-02,3.272917e-01
1600,layers.4.ln_e.weight,6.876353e+00,4.555736e-03,6.625222e-04
1600,layers.4.ln_e.bias,8.946572e-02,3.997392e-03,4.468071e-02
1600,layers.5.qkv_lut.weights,1.687419e+01,6.580721e+00,3.899875e-01
1600,layers.5.qkv_lut.log_soft_score_temp,6.716996e-01,5.637825e-03,8.393372e-03
1600,layers.5.qkv_lut.log_select_temp,8.206375e-01,1.482916e-02,1.807029e-02
1600,layers.5.v_lut.weights,1.437437e+01,5.453635e+00,3.794000e-01
1600,layers.5.v_lut.log_soft_score_temp,6.478012e-01,1.219553e-02,1.882603e-02
1600,layers.5.v_lut.log_select_temp,8.259593e-01,1.756167e-02,2.126215e-02
1600,layers.5.out_proj.weights,1.110489e+01,1.942030e+00,1.748807e-01
1600,layers.5.out_proj.log_soft_score_temp,7.445557e-01,7.471204e-03,1.003445e-02
1600,layers.5.out_proj.log_select_temp,7.835880e-01,1.613617e-03,2.059267e-03
1600,layers.5.residual_lut.weights,1.639423e+01,9.191851e+00,5.606758e-01
1600,layers.5.residual_lut.log_soft_score_temp,5.517287e-01,6.123841e-03,1.109937e-02
1600,layers.5.residual_lut.log_select_temp,5.974477e-01,4.022598e-03,6.732971e-03
1600,layers.5.q_norm.weight,7.953611e+00,2.824457e-02,3.551163e-03
1600,layers.5.q_norm.bias,6.076608e-02,2.202136e-02,3.623955e-01
1600,layers.5.k_norm.weight,7.958489e+00,2.609880e-02,3.279366e-03
1600,layers.5.k_norm.bias,7.117072e-02,2.196604e-02,3.086387e-01
1600,layers.5.ln_e.weight,6.745252e+00,4.103729e-02,6.083878e-03
1600,layers.5.ln_e.bias,7.300534e-02,4.727341e-03,6.475336e-02
1600,ln_final.weight,2.298601e+01,5.610028e-01,2.440627e-02
1600,ln_final.bias,7.294676e-01,4.963814e-02,6.804708e-02
1800,tok_emb_E.weight,7.303838e+01,3.687998e+00,5.049397e-02
1800,unembedder.weight,1.817760e+02,2.386999e+01,1.313154e-01
1800,layers.0.qkv_lut.weights,3.185086e+01,1.011004e+01,3.174181e-01
1800,layers.0.qkv_lut.log_soft_score_temp,4.991262e-01,1.055238e-02,2.114170e-02
1800,layers.0.qkv_lut.log_select_temp,5.002846e-01,9.561598e-03,1.911232e-02
1800,layers.0.v_lut.weights,3.268422e+01,9.619980e+00,2.943310e-01
1800,layers.0.v_lut.log_soft_score_temp,6.914491e-01,1.969171e-02,2.847889e-02
1800,layers.0.v_lut.log_select_temp,6.819097e-01,1.960009e-02,2.874295e-02
1800,layers.0.out_proj.weights,4.264760e+01,1.490432e+01,3.494761e-01
1800,layers.0.out_proj.log_soft_score_temp,1.021023e+00,1.432550e-02,1.403054e-02
1800,layers.0.out_proj.log_select_temp,1.067429e+00,4.380226e-02,4.103529e-02
1800,layers.0.residual_lut.weights,5.766196e+01,1.398595e+01,2.425508e-01
1800,layers.0.residual_lut.log_soft_score_temp,8.870982e-01,1.845306e-02,2.080160e-02
1800,layers.0.residual_lut.log_select_temp,9.205093e-01,2.854180e-02,3.100653e-02
1800,layers.0.q_norm.weight,8.984892e+00,5.625937e-02,6.261552e-03
1800,layers.0.q_norm.bias,6.275551e-01,3.356308e-02,5.348228e-02
1800,layers.0.k_norm.weight,8.921700e+00,5.394829e-02,6.046861e-03
1800,layers.0.k_norm.bias,8.002849e-01,5.268986e-02,6.583888e-02
1800,layers.0.ln_e.weight,7.103509e+00,1.214426e-02,1.709614e-03
1800,layers.0.ln_e.bias,6.384601e-02,3.644342e-03,5.708018e-02
1800,layers.1.qkv_lut.weights,3.145451e+01,1.052426e+01,3.345867e-01
1800,layers.1.qkv_lut.log_soft_score_temp,4.119069e-01,3.712669e-02,9.013370e-02
1800,layers.1.qkv_lut.log_select_temp,5.897794e-01,9.804964e-03,1.662480e-02
1800,layers.1.v_lut.weights,3.145388e+01,1.030318e+01,3.275647e-01
1800,layers.1.v_lut.log_soft_score_temp,7.534366e-01,3.033888e-02,4.026733e-02
1800,layers.1.v_lut.log_select_temp,8.993399e-01,3.253102e-03,3.617211e-03
1800,layers.1.out_proj.weights,4.277691e+01,1.527086e+01,3.569883e-01
1800,layers.1.out_proj.log_soft_score_temp,8.857916e-01,1.097560e-03,1.239072e-03
1800,layers.1.out_proj.log_select_temp,9.587607e-01,2.505094e-02,2.612846e-02
1800,layers.1.residual_lut.weights,5.122326e+01,1.396967e+01,2.727212e-01
1800,layers.1.residual_lut.log_soft_score_temp,7.648730e-01,2.341270e-04,3.060993e-04
1800,layers.1.residual_lut.log_select_temp,8.444719e-01,1.901984e-02,2.252276e-02
1800,layers.1.q_norm.weight,8.387273e+00,3.850897e-02,4.591357e-03
1800,layers.1.q_norm.bias,3.083757e-01,2.956825e-02,9.588383e-02
1800,layers.1.k_norm.weight,8.370901e+00,3.734821e-02,4.461671e-03
1800,layers.1.k_norm.bias,5.424332e-01,5.450983e-02,1.004913e-01
1800,layers.1.ln_e.weight,7.001430e+00,1.713995e-02,2.448064e-03
1800,layers.1.ln_e.bias,2.171803e-02,3.821111e-03,1.759419e-01
1800,layers.2.qkv_lut.weights,3.112137e+01,1.083312e+01,3.480928e-01
1800,layers.2.qkv_lut.log_soft_score_temp,4.889874e-01,3.033027e-02,6.202670e-02
1800,layers.2.qkv_lut.log_select_temp,6.164486e-01,1.032656e-02,1.675170e-02
1800,layers.2.v_lut.weights,2.965107e+01,9.787025e+00,3.300733e-01
1800,layers.2.v_lut.log_soft_score_temp,7.609649e-01,1.421452e-03,1.867960e-03
1800,layers.2.v_lut.log_select_temp,8.193437e-01,1.374066e-02,1.677032e-02
1800,layers.2.out_proj.weights,3.802613e+01,1.418625e+01,3.730658e-01
1800,layers.2.out_proj.log_soft_score_temp,8.102266e-01,9.153187e-03,1.129707e-02
1800,layers.2.out_proj.log_select_temp,8.459147e-01,1.905483e-02,2.252571e-02
1800,layers.2.residual_lut.weights,3.875064e+01,1.365664e+01,3.524236e-01
1800,layers.2.residual_lut.log_soft_score_temp,6.502017e-01,3.313422e-03,5.095991e-03
1800,layers.2.residual_lut.log_select_temp,7.236881e-01,8.266747e-03,1.142308e-02
1800,layers.2.q_norm.weight,8.122936e+00,2.637395e-02,3.246850e-03
1800,layers.2.q_norm.bias,2.852135e-01,2.462596e-02,8.634218e-02
1800,layers.2.k_norm.weight,8.084044e+00,2.516015e-02,3.112322e-03
1800,layers.2.k_norm.bias,3.990875e-01,3.777216e-02,9.464632e-02
1800,layers.2.ln_e.weight,6.877740e+00,1.811986e-02,2.634566e-03
1800,layers.2.ln_e.bias,3.704729e-02,4.414207e-03,1.191506e-01
1800,layers.3.qkv_lut.weights,2.458156e+01,1.018363e+01,4.142792e-01
1800,layers.3.qkv_lut.log_soft_score_temp,6.698977e-01,2.802253e-03,4.183105e-03
1800,layers.3.qkv_lut.log_select_temp,7.064945e-01,1.385212e-03,1.960683e-03
1800,layers.3.v_lut.weights,2.002446e+01,7.802667e+00,3.896568e-01
1800,layers.3.v_lut.log_soft_score_temp,7.143798e-01,4.846752e-03,6.784559e-03
1800,layers.3.v_lut.log_select_temp,7.265880e-01,5.179346e-03,7.128312e-03
1800,layers.3.out_proj.weights,2.272402e+01,6.935182e+00,3.051917e-01
1800,layers.3.out_proj.log_soft_score_temp,7.610753e-01,1.192129e-02,1.566374e-02
1800,layers.3.out_proj.log_select_temp,7.746776e-01,1.272565e-02,1.642703e-02
1800,layers.3.residual_lut.weights,2.002471e+01,1.006851e+01,5.028043e-01
1800,layers.3.residual_lut.log_soft_score_temp,4.968701e-01,6.783813e-03,1.365309e-02
1800,layers.3.residual_lut.log_select_temp,6.000598e-01,5.407989e-03,9.012417e-03
1800,layers.3.q_norm.weight,8.015743e+00,2.812449e-02,3.508656e-03
1800,layers.3.q_norm.bias,1.441163e-01,2.387177e-02,1.656424e-01
1800,layers.3.k_norm.weight,8.006450e+00,2.702348e-02,3.375214e-03
1800,layers.3.k_norm.bias,2.068786e-01,3.514666e-02,1.698903e-01
1800,layers.3.ln_e.weight,6.535028e+00,2.260535e-02,3.459105e-03
1800,layers.3.ln_e.bias,9.708294e-02,1.110615e-02,1.143986e-01
1800,layers.4.qkv_lut.weights,1.735627e+01,5.486722e+00,3.161234e-01
1800,layers.4.qkv_lut.log_soft_score_temp,6.578662e-01,1.040065e-02,1.580968e-02
1800,layers.4.qkv_lut.log_select_temp,8.100083e-01,1.140565e-02,1.408090e-02
1800,layers.4.v_lut.weights,1.439075e+01,4.460190e+00,3.099344e-01
1800,layers.4.v_lut.log_soft_score_temp,6.244465e-01,2.217025e-02,3.550384e-02
1800,layers.4.v_lut.log_select_temp,8.029139e-01,5.529046e-03,6.886225e-03
1800,layers.4.out_proj.weights,2.221407e+01,3.664972e+00,1.649843e-01
1800,layers.4.out_proj.log_soft_score_temp,7.472224e-01,2.650023e-04,3.546498e-04
1800,layers.4.out_proj.log_select_temp,7.810535e-01,2.413094e-03,3.089537e-03
1800,layers.4.residual_lut.weights,1.962038e+01,9.740373e+00,4.964416e-01
1800,layers.4.residual_lut.log_soft_score_temp,5.047702e-01,1.348710e-02,2.671929e-02
1800,layers.4.residual_lut.log_select_temp,5.658370e-01,3.544867e-03,6.264820e-03
1800,layers.4.q_norm.weight,7.894854e+00,2.708937e-02,3.431269e-03
1800,layers.4.q_norm.bias,4.752894e-02,2.594184e-02,5.458114e-01
1800,layers.4.k_norm.weight,7.898364e+00,2.597615e-02,3.288801e-03
1800,layers.4.k_norm.bias,6.629535e-02,2.133278e-02,3.217839e-01
1800,layers.4.ln_e.weight,6.874428e+00,3.708695e-03,5.394915e-04
1800,layers.4.ln_e.bias,9.261531e-02,3.478720e-03,3.756096e-02
1800,layers.5.qkv_lut.weights,1.830700e+01,6.649394e+00,3.632160e-01
1800,layers.5.qkv_lut.log_soft_score_temp,6.684821e-01,3.217518e-03,4.813171e-03
1800,layers.5.qkv_lut.log_select_temp,8.371552e-01,1.651776e-02,1.973082e-02
1800,layers.5.v_lut.weights,1.559055e+01,5.482541e+00,3.516580e-01
1800,layers.5.v_lut.log_soft_score_temp,6.378767e-01,9.924531e-03,1.555870e-02
1800,layers.5.v_lut.log_select_temp,8.446758e-01,1.871651e-02,2.215822e-02
1800,layers.5.out_proj.weights,1.149711e+01,1.821906e+00,1.584665e-01
1800,layers.5.out_proj.log_soft_score_temp,7.370943e-01,7.461429e-03,1.012276e-02
1800,layers.5.out_proj.log_select_temp,7.821500e-01,1.437962e-03,1.838473e-03
1800,layers.5.residual_lut.weights,1.772419e+01,9.130090e+00,5.151203e-01
1800,layers.5.residual_lut.log_soft_score_temp,5.474367e-01,4.292011e-03,7.840197e-03
1800,layers.5.residual_lut.log_select_temp,5.945748e-01,2.872884e-03,4.831830e-03
1800,layers.5.q_norm.weight,7.940403e+00,2.821437e-02,3.553266e-03
1800,layers.5.q_norm.bias,6.705392e-02,3.414314e-02,5.091893e-01
1800,layers.5.k_norm.weight,7.944169e+00,3.058654e-02,3.850188e-03
1800,layers.5.k_norm.bias,7.789338e-02,2.414417e-02,3.099644e-01
1800,layers.5.ln_e.weight,6.699294e+00,4.784623e-02,7.141981e-03
1800,layers.5.ln_e.bias,7.582890e-02,3.361598e-03,4.433136e-02
1800,ln_final.weight,2.352559e+01,5.514495e-01,2.344042e-02
1800,ln_final.bias,7.306652e-01,5.041052e-02,6.899264e-02
2000,tok_emb_E.weight,7.319576e+01,3.587285e+00,4.900947e-02
2000,unembedder.weight,1.880660e+02,2.310224e+01,1.228411e-01
2000,layers.0.qkv_lut.weights,3.411742e+01,9.954981e+00,2.917859e-01
2000,layers.0.qkv_lut.log_soft_score_temp,4.902734e-01,8.852869e-03,1.805701e-02
2000,layers.0.qkv_lut.log_select_temp,4.927633e-01,7.521331e-03,1.526358e-02
2000,layers.0.v_lut.weights,3.488773e+01,9.543664e+00,2.735536e-01
2000,layers.0.v_lut.log_soft_score_temp,7.128246e-01,2.137554e-02,2.998709e-02
2000,layers.0.v_lut.log_select_temp,7.034992e-01,2.158952e-02,3.068876e-02
2000,layers.0.out_proj.weights,4.577197e+01,1.471758e+01,3.215412e-01
2000,layers.0.out_proj.log_soft_score_temp,1.005541e+00,1.548159e-02,1.539628e-02
2000,layers.0.out_proj.log_select_temp,1.098716e+00,3.128660e-02,2.847561e-02
2000,layers.0.residual_lut.weights,6.195901e+01,1.376405e+01,2.221478e-01
2000,layers.0.residual_lut.log_soft_score_temp,9.005103e-01,1.341212e-02,1.489391e-02
2000,layers.0.residual_lut.log_select_temp,9.465116e-01,2.600223e-02,2.747164e-02
2000,layers.0.q_norm.weight,9.019171e+00,4.259543e-02,4.722765e-03
2000,layers.0.q_norm.bias,6.522034e-01,2.778386e-02,4.259999e-02
2000,layers.0.k_norm.weight,8.952092e+00,4.077495e-02,4.554795e-03
2000,layers.0.k_norm.bias,8.392077e-01,4.498899e-02,5.360889e-02
2000,layers.0.ln_e.weight,7.102015e+00,1.388450e-02,1.955008e-03
2000,layers.0.ln_e.bias,6.364717e-02,4.272667e-03,6.713051e-02
2000,layers.1.qkv_lut.weights,3.373564e+01,1.039186e+01,3.080380e-01
2000,layers.1.qkv_lut.log_soft_score_temp,3.799233e-01,3.198352e-02,8.418415e-02
2000,layers.1.qkv_lut.log_select_temp,5.846557e-01,5.123734e-03,8.763678e-03
2000,layers.1.v_lut.weights,3.366996e+01,1.018152e+01,3.023919e-01
2000,layers.1.v_lut.log_soft_score_temp,7.193584e-01,3.407818e-02,4.737302e-02
2000,layers.1.v_lut.log_select_temp,8.968090e-01,2.530932e-03,2.822153e-03
2000,layers.1.out_proj.weights,4.591073e+01,1.508447e+01,3.285609e-01
2000,layers.1.out_proj.log_soft_score_temp,8.765895e-01,9.202123e-03,1.049764e-02
2000,layers.1.out_proj.log_select_temp,9.813284e-01,2.256769e-02,2.299708e-02
2000,layers.1.residual_lut.weights,5.527913e+01,1.371854e+01,2.481685e-01
2000,layers.1.residual_lut.log_soft_score_temp,7.603580e-01,4.514933e-03,5.937903e-03
2000,layers.1.residual_lut.log_select_temp,8.611775e-01,1.670557e-02,1.939852e-02
2000,layers.1.q_norm.weight,8.409965e+00,2.934646e-02,3.489487e-03
2000,layers.1.q_norm.bias,3.268922e-01,2.197784e-02,6.723268e-02
2000,layers.1.k_norm.weight,8.392158e+00,3.182624e-02,3.792379e-03
2000,layers.1.k_norm.bias,5.786701e-01,3.939690e-02,6.808179e-02
2000,layers.1.ln_e.weight,6.995975e+00,1.692562e-02,2.419337e-03
2000,layers.1.ln_e.bias,2.011833e-02,5.209863e-03,2.589610e-01
2000,layers.2.qkv_lut.weights,3.337894e+01,1.073551e+01,3.216252e-01
2000,layers.2.qkv_lut.log_soft_score_temp,4.591264e-01,2.986094e-02,6.503861e-02
2000,layers.2.qkv_lut.log_select_temp,6.078126e-01,8.636057e-03,1.420842e-02
2000,layers.2.v_lut.weights,3.191063e+01,9.683328e+00,3.034515e-01
2000,layers.2.v_lut.log_soft_score_temp,7.568971e-01,4.067779e-03,5.374282e-03
2000,layers.2.v_lut.log_select_temp,8.316648e-01,1.232111e-02,1.481500e-02
2000,layers.2.out_proj.weights,4.101714e+01,1.399849e+01,3.412840e-01
2000,layers.2.out_proj.log_soft_score_temp,8.176237e-01,7.397175e-03,9.047163e-03
2000,layers.2.out_proj.log_select_temp,8.656400e-01,1.972526e-02,2.278691e-02
2000,layers.2.residual_lut.weights,4.212641e+01,1.351699e+01,3.208675e-01
2000,layers.2.residual_lut.log_soft_score_temp,6.471994e-01,3.002286e-03,4.638889e-03
2000,layers.2.residual_lut.log_select_temp,7.317799e-01,8.091807e-03,1.105771e-02
2000,layers.2.q_norm.weight,8.131999e+00,2.362524e-02,2.905219e-03
2000,layers.2.q_norm.bias,2.990059e-01,1.785306e-02,5.970804e-02
2000,layers.2.k_norm.weight,8.091681e+00,2.592847e-02,3.204337e-03
2000,layers.2.k_norm.bias,4.199989e-01,3.279655e-02,7.808722e-02
2000,layers.2.ln_e.weight,6.874143e+00,2.303177e-02,3.350493e-03
2000,layers.2.ln_e.bias,3.499526e-02,5.889348e-03,1.682899e-01
2000,layers.3.qkv_lut.weights,2.691438e+01,1.002637e+01,3.725284e-01
2000,layers.3.qkv_lut.log_soft_score_temp,6.643056e-01,5.592167e-03,8.418065e-03
2000,layers.3.qkv_lut.log_select_temp,7.058434e-01,6.510615e-04,9.223880e-04
2000,layers.3.v_lut.weights,2.215537e+01,7.757046e+00,3.501203e-01
2000,layers.3.v_lut.log_soft_score_temp,7.160908e-01,1.711011e-03,2.389377e-03
2000,layers.3.v_lut.log_select_temp,7.287956e-01,2.207696e-03,3.029239e-03
2000,layers.3.out_proj.weights,2.436696e+01,6.873737e+00,2.820925e-01
2000,layers.3.out_proj.log_soft_score_temp,7.657228e-01,4.647434e-03,6.069343e-03
2000,layers.3.out_proj.log_select_temp,7.809668e-01,6.289184e-03,8.053075e-03
2000,layers.3.residual_lut.weights,2.164061e+01,9.957227e+00,4.601177e-01
2000,layers.3.residual_lut.log_soft_score_temp,4.900050e-01,6.865114e-03,1.401029e-02
2000,layers.3.residual_lut.log_select_temp,5.902413e-01,9.818494e-03,1.663471e-02
2000,layers.3.q_norm.weight,8.027363e+00,2.593023e-02,3.230230e-03
2000,layers.3.q_norm.bias,1.498208e-01,1.530492e-02,1.021549e-01
2000,layers.3.k_norm.weight,8.019064e+00,2.647566e-02,3.301590e-03
2000,layers.3.k_norm.bias,2.233456e-01,2.891426e-02,1.294597e-01
2000,layers.3.ln_e.weight,6.521298e+00,2.338897e-02,3.586550e-03
2000,layers.3.ln_e.bias,1.037565e-01,7.209768e-03,6.948742e-02
2000,layers.4.qkv_lut.weights,1.822375e+01,5.058476e+00,2.775760e-01
2000,layers.4.qkv_lut.log_soft_score_temp,6.427529e-01,1.511335e-02,2.351347e-02
2000,layers.4.qkv_lut.log_select_temp,8.188782e-01,8.869886e-03,1.083175e-02
2000,layers.4.v_lut.weights,1.524212e+01,4.240833e+00,2.782311e-01
2000,layers.4.v_lut.log_soft_score_temp,6.005399e-01,2.390653e-02,3.980839e-02
2000,layers.4.v_lut.log_select_temp,8.067345e-01,3.820598e-03,4.735880e-03
2000,layers.4.out_proj.weights,2.479880e+01,3.035340e+00,1.223987e-01
2000,layers.4.out_proj.log_soft_score_temp,7.467710e-01,4.513264e-04,6.043705e-04
2000,layers.4.out_proj.log_select_temp,7.821730e-01,1.119494e-03,1.431262e-03
2000,layers.4.residual_lut.weights,2.084633e+01,9.492216e+00,4.553423e-01
2000,layers.4.residual_lut.log_soft_score_temp,4.917145e-01,1.305562e-02,2.655122e-02
2000,layers.4.residual_lut.log_select_temp,5.619839e-01,3.853083e-03,6.856215e-03
2000,layers.4.q_norm.weight,7.887449e+00,2.278566e-02,2.888851e-03
2000,layers.4.q_norm.bias,5.491558e-02,2.217831e-02,4.038618e-01
2000,layers.4.k_norm.weight,7.890602e+00,2.399102e-02,3.040455e-03
2000,layers.4.k_norm.bias,7.162712e-02,2.382745e-02,3.326596e-01
2000,layers.4.ln_e.weight,6.872405e+00,4.537109e-03,6.601923e-04
2000,layers.4.ln_e.bias,9.665984e-02,4.392764e-03,4.544560e-02
2000,layers.5.qkv_lut.weights,1.947013e+01,6.224237e+00,3.196813e-01
2000,layers.5.qkv_lut.log_soft_score_temp,6.683112e-01,1.708865e-04,2.556990e-04
2000,layers.5.qkv_lut.log_select_temp,8.508986e-01,1.374340e-02,1.615163e-02
2000,layers.5.v_lut.weights,1.663283e+01,5.216383e+00,3.136197e-01
2000,layers.5.v_lut.log_soft_score_temp,6.283019e-01,9.574771e-03,1.523912e-02
2000,layers.5.v_lut.log_select_temp,8.593503e-01,1.467443e-02,1.707619e-02
2000,layers.5.out_proj.weights,1.181193e+01,1.784629e+00,1.510869e-01
2000,layers.5.out_proj.log_soft_score_temp,7.307982e-01,6.296039e-03,8.615290e-03
2000,layers.5.out_proj.log_select_temp,7.823917e-01,2.416968e-04,3.089205e-04
2000,layers.5.residual_lut.weights,1.885532e+01,8.902128e+00,4.721283e-01
2000,layers.5.residual_lut.log_soft_score_temp,5.438848e-01,3.551841e-03,6.530502e-03
2000,layers.5.residual_lut.log_select_temp,5.921237e-01,2.451062e-03,4.139442e-03
2000,layers.5.q_norm.weight,7.933156e+00,2.971165e-02,3.745250e-03
2000,layers.5.q_norm.bias,7.798254e-02,2.863160e-02,3.671539e-01
2000,layers.5.k_norm.weight,7.938758e+00,2.888297e-02,3.638223e-03
2000,layers.5.k_norm.bias,9.036525e-02,2.918180e-02,3.229316e-01
2000,layers.5.ln_e.weight,6.649890e+00,5.186225e-02,7.798964e-03
2000,layers.5.ln_e.bias,7.822986e-02,3.377299e-03,4.317149e-02
2000,ln_final.weight,2.407705e+01,5.616340e-01,2.332652e-02
2000,ln_final.bias,7.352355e-01,5.503252e-02,7.485020e-02
2200,tok_emb_E.weight,7.336213e+01,3.492379e+00,4.760465e-02
2200,unembedder.weight,1.931671e+02,2.204274e+01,1.141123e-01
2200,layers.0.qkv_lut.weights,3.612790e+01,9.739015e+00,2.695705e-01
2200,layers.0.qkv_lut.log_soft_score_temp,4.881493e-01,2.124101e-03,4.351335e-03
2200,layers.0.qkv_lut.log_select_temp,4.923022e-01,4.610419e-04,9.365018e-04
2200,layers.0.v_lut.weights,3.684992e+01,9.360422e+00,2.540147e-01
2200,layers.0.v_lut.log_soft_score_temp,7.411593e-01,2.833468e-02,3.823021e-02
2200,layers.0.v_lut.log_select_temp,7.321261e-01,2.862686e-02,3.910100e-02
2200,layers.0.out_proj.weights,4.857298e+01,1.438237e+01,2.960983e-01
2200,layers.0.out_proj.log_soft_score_temp,9.741750e-01,3.136617e-02,3.219767e-02
2200,layers.0.out_proj.log_select_temp,1.121144e+00,2.242875e-02,2.000523e-02
2200,layers.0.residual_lut.weights,6.591515e+01,1.335186e+01,2.025613e-01
2200,layers.0.residual_lut.log_soft_score_temp,9.126040e-01,1.209366e-02,1.325182e-02
2200,layers.0.residual_lut.log_select_temp,9.720067e-01,2.549517e-02,2.622942e-02
2200,layers.0.q_norm.weight,9.058712e+00,4.705020e-02,5.193917e-03
2200,layers.0.q_norm.bias,6.795608e-01,3.009149e-02,4.428078e-02
2200,layers.0.k_norm.weight,8.987717e+00,4.283140e-02,4.765549e-03
2200,layers.0.k_norm.bias,8.791651e-01,4.483415e-02,5.099628e-02
2200,layers.0.ln_e.weight,7.099097e+00,1.460751e-02,2.057657e-03
2200,layers.0.ln_e.bias,6.365893e-02,3.756013e-03,5.900213e-02
2200,layers.1.qkv_lut.weights,3.578013e+01,1.013261e+01,2.831910e-01
2200,layers.1.qkv_lut.log_soft_score_temp,3.518632e-01,2.806014e-02,7.974729e-02
2200,layers.1.qkv_lut.log_select_temp,5.807919e-01,3.863811e-03,6.652661e-03
2200,layers.1.v_lut.weights,3.561976e+01,9.925680e+00,2.786566e-01
2200,layers.1.v_lut.log_soft_score_temp,6.830568e-01,3.630167e-02,5.314591e-02
2200,layers.1.v_lut.log_select_temp,8.891887e-01,7.620275e-03,8.569919e-03
2200,layers.1.out_proj.weights,4.871832e+01,1.474667e+01,3.026924e-01
2200,layers.1.out_proj.log_soft_score_temp,8.571500e-01,1.943946e-02,2.267918e-02
2200,layers.1.out_proj.log_select_temp,9.962492e-01,1.492077e-02,1.497695e-02
2200,layers.1.residual_lut.weights,5.891025e+01,1.324000e+01,2.247487e-01
2200,layers.1.residual_lut.log_soft_score_temp,7.514921e-01,8.865952e-03,1.179780e-02
2200,layers.1.residual_lut.log_select_temp,8.751072e-01,1.392972e-02,1.591773e-02
2200,layers.1.q_norm.weight,8.428437e+00,2.313422e-02,2.744782e-03
2200,layers.1.q_norm.bias,3.403060e-01,1.725306e-02,5.069867e-02
2200,layers.1.k_norm.weight,8.409245e+00,2.292028e-02,2.725605e-03
2200,layers.1.k_norm.bias,6.106645e-01,3.723852e-02,6.098033e-02
2200,layers.1.ln_e.weight,6.987483e+00,1.923456e-02,2.752716e-03
2200,layers.1.ln_e.bias,2.058072e-02,4.912002e-03,2.386701e-01
2200,layers.2.qkv_lut.weights,3.538194e+01,1.045165e+01,2.953949e-01
2200,layers.2.qkv_lut.log_soft_score_temp,4.337813e-01,2.534509e-02,5.842826e-02
2200,layers.2.qkv_lut.log_select_temp,6.027719e-01,5.040705e-03,8.362542e-03
2200,layers.2.v_lut.weights,3.386575e+01,9.454799e+00,2.791847e-01
2200,layers.2.v_lut.log_soft_score_temp,7.480229e-01,8.874178e-03,1.186351e-02
2200,layers.2.v_lut.log_select_temp,8.396422e-01,7.977366e-03,9.500912e-03
2200,layers.2.out_proj.weights,4.376443e+01,1.384934e+01,3.164520e-01
2200,layers.2.out_proj.log_soft_score_temp,8.206151e-01,2.991319e-03,3.645215e-03
2200,layers.2.out_proj.log_select_temp,8.820990e-01,1.645905e-02,1.865896e-02
2200,layers.2.residual_lut.weights,4.526171e+01,1.321877e+01,2.920519e-01
2200,layers.2.residual_lut.log_soft_score_temp,6.454374e-01,1.761973e-03,2.729890e-03
2200,layers.2.residual_lut.log_select_temp,7.407854e-01,9.005487e-03,1.215667e-02
2200,layers.2.q_norm.weight,8.149462e+00,2.646433e-02,3.247371e-03
2200,layers.2.q_norm.bias,3.149792e-01,2.028421e-02,6.439856e-02
2200,layers.2.k_norm.weight,8.107531e+00,2.673716e-02,3.297818e-03
2200,layers.2.k_norm.bias,4.443498e-01,3.145224e-02,7.078261e-02
2200,layers.2.ln_e.weight,6.872801e+00,1.559058e-02,2.268447e-03
2200,layers.2.ln_e.bias,3.631989e-02,3.652812e-03,1.005733e-01
2200,layers.3.qkv_lut.weights,2.909748e+01,1.010300e+01,3.472123e-01
2200,layers.3.qkv_lut.log_soft_score_temp,6.601745e-01,4.131019e-03,6.257465e-03
2200,layers.3.qkv_lut.log_select_temp,7.055849e-01,2.585649e-04,3.664548e-04
2200,layers.3.v_lut.weights,2.418747e+01,7.991178e+00,3.303850e-01
2200,layers.3.v_lut.log_soft_score_temp,7.186492e-01,2.558410e-03,3.560026e-03
2200,layers.3.v_lut.log_select_temp,7.316816e-01,2.885938e-03,3.944254e-03
2200,layers.3.out_proj.weights,2.605972e+01,7.741589e+00,2.970711e-01
2200,layers.3.out_proj.log_soft_score_temp,7.714213e-01,5.698562e-03,7.387094e-03
2200,layers.3.out_proj.log_select_temp,7.893149e-01,8.348048e-03,1.057632e-02
2200,layers.3.residual_lut.weights,2.317284e+01,9.977124e+00,4.305525e-01
2200,layers.3.residual_lut.log_soft_score_temp,4.848714e-01,5.133569e-03,1.058749e-02
2200,layers.3.residual_lut.log_select_temp,5.840388e-01,6.202519e-03,1.062005e-02
2200,layers.3.q_norm.weight,8.037333e+00,2.374169e-02,2.953926e-03
2200,layers.3.q_norm.bias,1.592502e-01,1.621279e-02,1.018070e-01
2200,layers.3.k_norm.weight,8.028361e+00,2.322388e-02,2.892730e-03
2200,layers.3.k_norm.bias,2.405356e-01,2.696800e-02,1.121165e-01
2200,layers.3.ln_e.weight,6.511125e+00,1.860995e-02,2.858177e-03
2200,layers.3.ln_e.bias,1.099622e-01,8.154109e-03,7.415373e-02
2200,layers.4.qkv_lut.weights,1.900897e+01,4.812742e+00,2.531826e-01
2200,layers.4.qkv_lut.log_soft_score_temp,6.327759e-01,9.976983e-03,1.576701e-02
2200,layers.4.qkv_lut.log_select_temp,8.240688e-01,5.190611e-03,6.298759e-03
2200,layers.4.v_lut.weights,1.600517e+01,4.015500e+00,2.508877e-01
2200,layers.4.v_lut.log_soft_score_temp,5.812172e-01,1.932269e-02,3.324522e-02
2200,layers.4.v_lut.log_select_temp,8.079581e-01,1.223624e-03,1.514464e-03
2200,layers.4.out_proj.weights,2.680517e+01,2.450885e+00,9.143329e-02
2200,layers.4.out_proj.log_soft_score_temp,7.477012e-01,9.301305e-04,1.243987e-03
2200,layers.4.out_proj.log_select_temp,7.851981e-01,3.025055e-03,3.852601e-03
2200,layers.4.residual_lut.weights,2.189340e+01,9.355468e+00,4.273192e-01
2200,layers.4.residual_lut.log_soft_score_temp,4.833054e-01,8.409142e-03,1.739923e-02
2200,layers.4.residual_lut.log_select_temp,5.594733e-01,2.510607e-03,4.487448e-03
2200,layers.4.q_norm.weight,7.871453e+00,2.710902e-02,3.443966e-03
2200,layers.4.q_norm.bias,6.123818e-02,2.592041e-02,4.232720e-01
2200,layers.4.k_norm.weight,7.874390e+00,2.627305e-02,3.336519e-03
2200,layers.4.k_norm.bias,7.563114e-02,2.157700e-02,2.852925e-01
2200,layers.4.ln_e.weight,6.871024e+00,3.167858e-03,4.610460e-04
2200,layers.4.ln_e.bias,9.929948e-02,3.069599e-03,3.091253e-02
2200,layers.5.qkv_lut.weights,2.060689e+01,6.349162e+00,3.081086e-01
2200,layers.5.qkv_lut.log_soft_score_temp,6.697018e-01,1.390636e-03,2.076500e-03
2200,layers.5.qkv_lut.log_select_temp,8.649651e-01,1.406646e-02,1.626246e-02
2200,layers.5.v_lut.weights,1.758152e+01,5.206040e+00,2.961087e-01
2200,layers.5.v_lut.log_soft_score_temp,6.223212e-01,5.980670e-03,9.610262e-03
2200,layers.5.v_lut.log_select_temp,8.743786e-01,1.502836e-02,1.718747e-02
2200,layers.5.out_proj.weights,1.208713e+01,1.685656e+00,1.394587e-01
2200,layers.5.out_proj.log_soft_score_temp,7.238117e-01,6.986499e-03,9.652370e-03
2200,layers.5.out_proj.log_select_temp,7.801174e-01,2.274334e-03,2.915375e-03
2200,layers.5.residual_lut.weights,1.976683e+01,8.714628e+00,4.408713e-01
2200,layers.5.residual_lut.log_soft_score_temp,5.407113e-01,3.173470e-03,5.869066e-03
2200,layers.5.residual_lut.log_select_temp,5.898419e-01,2.281845e-03,3.868570e-03
2200,layers.5.q_norm.weight,7.928880e+00,2.150662e-02,2.712441e-03
2200,layers.5.q_norm.bias,7.668452e-02,2.370812e-02,3.091644e-01
2200,layers.5.k_norm.weight,7.934762e+00,2.309966e-02,2.911198e-03
2200,layers.5.k_norm.bias,9.935328e-02,2.664883e-02,2.682229e-01
2200,layers.5.ln_e.weight,6.602672e+00,5.014507e-02,7.594664e-03
2200,layers.5.ln_e.bias,8.045778e-02,3.077538e-03,3.825035e-02
2200,ln_final.weight,2.459490e+01,5.285024e-01,2.148829e-02
2200,ln_final.bias,7.378960e-01,4.789214e-02,6.490365e-02
2400,tok_emb_E.weight,7.351943e+01,3.386920e+00,4.606837e-02
2400,unembedder.weight,1.976794e+02,2.093551e+01,1.059064e-01
2400,layers.0.qkv_lut.weights,3.799063e+01,9.564016e+00,2.517467e-01
2400,layers.0.qkv_lut.log_soft_score_temp,4.887045e-01,5.552173e-04,1.136100e-03
2400,layers.0.qkv_lut.log_select_temp,4.942845e-01,1.982242e-03,4.010326e-03
2400,layers.0.v_lut.weights,3.862732e+01,9.163066e+00,2.372172e-01
2400,layers.0.v_lut.log_soft_score_temp,7.686983e-01,2.753901e-02,3.582552e-02
2400,layers.0.v_lut.log_select_temp,7.597969e-01,2.767080e-02,3.641868e-02
2400,layers.0.out_proj.weights,5.111759e+01,1.406353e+01,2.751212e-01
2400,layers.0.out_proj.log_soft_score_temp,9.423757e-01,3.179932e-02,3.374378e-02
2400,layers.0.out_proj.log_select_temp,1.138581e+00,1.743650e-02,1.531424e-02
2400,layers.0.residual_lut.weights,6.956035e+01,1.300989e+01,1.870303e-01
2400,layers.0.residual_lut.log_soft_score_temp,9.216415e-01,9.037554e-03,9.805932e-03
2400,layers.0.residual_lut.log_select_temp,9.954166e-01,2.340990e-02,2.351769e-02
2400,layers.0.q_norm.weight,9.095130e+00,4.117945e-02,4.527637e-03
2400,layers.0.q_norm.bias,6.999732e-01,2.439102e-02,3.484565e-02
2400,layers.0.k_norm.weight,9.021467e+00,4.030414e-02,4.467582e-03
2400,layers.0.k_norm.bias,9.075966e-01,3.558719e-02,3.921036e-02
2400,layers.0.ln_e.weight,7.095439e+00,1.228564e-02,1.731485e-03
2400,layers.0.ln_e.bias,6.360395e-02,4.342148e-03,6.826853e-02
2400,layers.1.qkv_lut.weights,3.763784e+01,9.907540e+00,2.632335e-01
2400,layers.1.qkv_lut.log_soft_score_temp,3.253421e-01,2.652106e-02,8.151743e-02
2400,layers.1.qkv_lut.log_select_temp,5.797436e-01,1.048267e-03,1.808156e-03
2400,layers.1.v_lut.weights,3.739225e+01,9.678715e+00,2.588428e-01
2400,layers.1.v_lut.log_soft_score_temp,6.494977e-01,3.355908e-02,5.166929e-02
2400,layers.1.v_lut.log_select_temp,8.833815e-01,5.807161e-03,6.573786e-03
2400,layers.1.out_proj.weights,5.126488e+01,1.437988e+01,2.805016e-01
2400,layers.1.out_proj.log_soft_score_temp,8.358117e-01,2.133834e-02,2.553009e-02
2400,layers.1.out_proj.log_select_temp,1.008899e+00,1.264977e-02,1.253820e-02
2400,layers.1.residual_lut.weights,6.218292e+01,1.291245e+01,2.076527e-01
2400,layers.1.residual_lut.log_soft_score_temp,7.410042e-01,1.048785e-02,1.415357e-02
2400,layers.1.residual_lut.log_select_temp,8.878447e-01,1.273745e-02,1.434649e-02
2400,layers.1.q_norm.weight,8.444639e+00,2.531436e-02,2.997684e-03
2400,layers.1.q_norm.bias,3.578589e-01,1.989827e-02,5.560369e-02
2400,layers.1.k_norm.weight,8.424469e+00,2.609978e-02,3.098093e-03
2400,layers.1.k_norm.bias,6.397074e-01,3.410609e-02,5.331515e-02
2400,layers.1.ln_e.weight,6.978672e+00,1.664125e-02,2.384588e-03
2400,layers.1.ln_e.bias,2.015514e-02,5.905486e-03,2.930015e-01
2400,layers.2.qkv_lut.weights,3.723413e+01,1.019065e+01,2.736911e-01
2400,layers.2.qkv_lut.log_soft_score_temp,4.086792e-01,2.510211e-02,6.142252e-02
2400,layers.2.qkv_lut.log_select_temp,5.985407e-01,4.231155e-03,7.069118e-03
2400,layers.2.v_lut.weights,3.569991e+01,9.187779e+00,2.573615e-01
2400,layers.2.v_lut.log_soft_score_temp,7.383859e-01,9.636998e-03,1.305144e-02
2400,layers.2.v_lut.log_select_temp,8.473821e-01,7.739902e-03,9.133898e-03
2400,layers.2.out_proj.weights,4.626691e+01,1.357333e+01,2.933701e-01
2400,layers.2.out_proj.log_soft_score_temp,8.216415e-01,1.026452e-03,1.249269e-03
2400,layers.2.out_proj.log_select_temp,8.978260e-01,1.572698e-02,1.751674e-02
2400,layers.2.residual_lut.weights,4.807806e+01,1.295078e+01,2.693699e-01
2400,layers.2.residual_lut.log_soft_score_temp,6.427374e-01,2.700031e-03,4.200830e-03
2400,layers.2.residual_lut.log_select_temp,7.488755e-01,8.090079e-03,1.080297e-02
2400,layers.2.q_norm.weight,8.163157e+00,2.420107e-02,2.964670e-03
2400,layers.2.q_norm.bias,3.279074e-01,1.731559e-02,5.280634e-02
2400,layers.2.k_norm.weight,8.120419e+00,2.476267e-02,3.049432e-03
2400,layers.2.k_norm.bias,4.614492e-01,2.634537e-02,5.709268e-02
2400,layers.2.ln_e.weight,6.868664e+00,2.006569e-02,2.921338e-03
2400,layers.2.ln_e.bias,3.200581e-02,9.075601e-03,2.835610e-01
2400,layers.3.qkv_lut.weights,3.112074e+01,1.000487e+01,3.214854e-01
2400,layers.3.qkv_lut.log_soft_score_temp,6.566077e-01,3.566802e-03,5.432165e-03
2400,layers.3.qkv_lut.log_select_temp,7.056720e-01,8.714199e-05,1.234879e-04
2400,layers.3.v_lut.weights,2.602502e+01,7.968023e+00,3.061678e-01
2400,layers.3.v_lut.log_soft_score_temp,7.221681e-01,3.518879e-03,4.872660e-03
2400,layers.3.v_lut.log_select_temp,7.357533e-01,4.071712e-03,5.534073e-03
2400,layers.3.out_proj.weights,2.768907e+01,8.046229e+00,2.905922e-01
2400,layers.3.out_proj.log_soft_score_temp,7.765826e-01,5.161285e-03,6.646151e-03
2400,layers.3.out_proj.log_select_temp,7.982799e-01,8.965075e-03,1.123049e-02
2400,layers.3.residual_lut.weights,2.464907e+01,1.001746e+01,4.064030e-01
2400,layers.3.residual_lut.log_soft_score_temp,4.838076e-01,1.063824e-03,2.198857e-03
2400,layers.3.residual_lut.log_select_temp,5.842357e-01,1.969337e-04,3.370793e-04
2400,layers.3.q_norm.weight,8.044553e+00,2.498074e-02,3.105299e-03
2400,layers.3.q_norm.bias,1.746326e-01,2.141934e-02,1.226537e-01
2400,layers.3.k_norm.weight,8.034673e+00,2.388903e-02,2.973242e-03
2400,layers.3.k_norm.bias,2.566557e-01,2.665650e-02,1.038609e-01
2400,layers.3.ln_e.weight,6.508809e+00,1.508201e-02,2.317168e-03
2400,layers.3.ln_e.bias,1.106803e-01,5.130856e-03,4.635744e-02
2400,layers.4.qkv_lut.weights,1.958962e+01,4.145729e+00,2.116288e-01
2400,layers.4.qkv_lut.log_soft_score_temp,6.223275e-01,1.044840e-02,1.678922e-02
2400,layers.4.qkv_lut.log_select_temp,8.301888e-01,6.119967e-03,7.371777e-03
2400,layers.4.v_lut.weights,1.664896e+01,3.699921e+00,2.222314e-01
2400,layers.4.v_lut.log_soft_score_temp,5.621039e-01,1.911336e-02,3.400326e-02
2400,layers.4.v_lut.log_select_temp,8.107472e-01,2.789080e-03,3.440135e-03
2400,layers.4.out_proj.weights,2.905241e+01,2.687901e+00,9.251903e-02
2400,layers.4.out_proj.log_soft_score_temp,7.503443e-01,2.643108e-03,3.522528e-03
2400,layers.4.out_proj.log_select_temp,7.890316e-01,3.833532e-03,4.858528e-03
2400,layers.4.residual_lut.weights,2.282355e+01,9.132167e+00,4.001204e-01
2400,layers.4.residual_lut.log_soft_score_temp,4.768852e-01,6.420195e-03,1.346277e-02
2400,layers.4.residual_lut.log_select_temp,5.576072e-01,1.866162e-03,3.346732e-03
2400,layers.4.q_norm.weight,7.855739e+00,2.830132e-02,3.602630e-03
2400,layers.4.q_norm.bias,6.215343e-02,2.288746e-02,3.682413e-01
2400,layers.4.k_norm.weight,7.858907e+00,2.841787e-02,3.616008e-03
2400,layers.4.k_norm.bias,7.687534e-02,1.635898e-02,2.127987e-01
2400,layers.4.ln_e.weight,6.869514e+00,2.599354e-03,3.783898e-04
2400,layers.4.ln_e.bias,1.012010e-01,2.322523e-03,2.294961e-02
2400,layers.5.qkv_lut.weights,2.153365e+01,5.846012e+00,2.714826e-01
2400,layers.5.qkv_lut.log_soft_score_temp,6.657360e-01,3.965855e-03,5.957098e-03
2400,layers.5.qkv_lut.log_select_temp,8.846343e-01,1.966918e-02,2.223425e-02
2400,layers.5.v_lut.weights,1.837664e+01,4.993303e+00,2.717201e-01
2400,layers.5.v_lut.log_soft_score_temp,6.135191e-01,8.802116e-03,1.434693e-02
2400,layers.5.v_lut.log_select_temp,8.918865e-01,1.750791e-02,1.963020e-02
2400,layers.5.out_proj.weights,1.232347e+01,1.690893e+00,1.372092e-01
2400,layers.5.out_proj.log_soft_score_temp,7.138255e-01,9.986222e-03,1.398972e-02
2400,layers.5.out_proj.log_select_temp,7.779768e-01,2.140582e-03,2.751472e-03
2400,layers.5.residual_lut.weights,2.067598e+01,8.674053e+00,4.195232e-01
2400,layers.5.residual_lut.log_soft_score_temp,5.381263e-01,2.584994e-03,4.803693e-03
2400,layers.5.residual_lut.log_select_temp,5.879680e-01,1.873910e-03,3.187096e-03
2400,layers.5.q_norm.weight,7.910259e+00,3.587600e-02,4.535377e-03
2400,layers.5.q_norm.bias,7.216467e-02,2.608752e-02,3.614998e-01
2400,layers.5.k_norm.weight,7.915047e+00,3.512233e-02,4.437412e-03
2400,layers.5.k_norm.bias,1.031279e-01,2.743792e-02,2.660571e-01
2400,layers.5.ln_e.weight,6.546930e+00,5.861559e-02,8.953142e-03
2400,layers.5.ln_e.bias,8.221027e-02,2.477860e-03,3.014052e-02
2400,ln_final.weight,2.511657e+01,5.316203e-01,2.116612e-02
2400,ln_final.bias,7.399942e-01,4.888939e-02,6.606727e-02
2600,tok_emb_E.weight,7.367825e+01,3.250663e+00,4.411971e-02
2600,unembedder.weight,2.018471e+02,2.046691e+01,1.013981e-01
2600,layers.0.qkv_lut.weights,3.966510e+01,9.335047e+00,2.353466e-01
2600,layers.0.qkv_lut.log_soft_score_temp,4.907969e-01,2.092421e-03,4.263314e-03
2600,layers.0.qkv_lut.log_select_temp,4.979391e-01,3.654599e-03,7.339450e-03
2600,layers.0.v_lut.weights,4.023701e+01,8.920776e+00,2.217057e-01
2600,layers.0.v_lut.log_soft_score_temp,7.978784e-01,2.918005e-02,3.657205e-02
2600,layers.0.v_lut.log_select_temp,7.891437e-01,2.934688e-02,3.718826e-02
2600,layers.0.out_proj.weights,5.342220e+01,1.368536e+01,2.561735e-01
2600,layers.0.out_proj.log_soft_score_temp,9.082247e-01,3.415102e-02,3.760195e-02
2600,layers.0.out_proj.log_select_temp,1.148847e+00,1.026559e-02,8.935562e-03
2600,layers.0.residual_lut.weights,7.285084e+01,1.262881e+01,1.733516e-01
2600,layers.0.residual_lut.log_soft_score_temp,9.260292e-01,4.387677e-03,4.738162e-03
2600,layers.0.residual_lut.log_select_temp,1.015205e+00,1.978862e-02,1.949224e-02
2600,layers.0.q_norm.weight,9.129284e+00,3.857021e-02,4.224889e-03
2600,layers.0.q_norm.bias,7.185168e-01,2.160932e-02,3.007490e-02
2600,layers.0.k_norm.weight,9.053105e+00,3.568936e-02,3.942223e-03
2600,layers.0.k_norm.bias,9.372597e-01,3.632557e-02,3.875720e-02
2600,layers.0.ln_e.weight,7.090524e+00,1.429944e-02,2.016697e-03
2600,layers.0.ln_e.bias,6.326605e-02,4.169193e-03,6.589936e-02
2600,layers.1.qkv_lut.weights,3.932276e+01,9.661366e+00,2.456940e-01
2600,layers.1.qkv_lut.log_soft_score_temp,3.056426e-01,1.969957e-02,6.445298e-02
2600,layers.1.qkv_lut.log_select_temp,5.821719e-01,2.428234e-03,4.170991e-03
2600,layers.1.v_lut.weights,3.900557e+01,9.408998e+00,2.412219e-01
2600,layers.1.v_lut.log_soft_score_temp,6.170576e-01,3.244007e-02,5.257218e-02
2600,layers.1.v_lut.log_select_temp,8.787073e-01,4.674256e-03,5.319469e-03
2600,layers.1.out_proj.weights,5.357728e+01,1.400065e+01,2.613170e-01
2600,layers.1.out_proj.log_soft_score_temp,8.100310e-01,2.578068e-02,3.182678e-02
2600,layers.1.out_proj.log_select_temp,1.019013e+00,1.011419e-02,9.925478e-03
2600,layers.1.residual_lut.weights,6.518610e+01,1.255720e+01,1.926361e-01
2600,layers.1.residual_lut.log_soft_score_temp,7.297850e-01,1.121926e-02,1.537338e-02
2600,layers.1.residual_lut.log_select_temp,8.990850e-01,1.124036e-02,1.250200e-02
2600,layers.1.q_norm.weight,8.462811e+00,2.159427e-02,2.551667e-03
2600,layers.1.q_norm.bias,3.698007e-01,1.624514e-02,4.392944e-02
2600,layers.1.k_norm.weight,8.441340e+00,2.298699e-02,2.723145e-03
2600,layers.1.k_norm.bias,6.641760e-01,2.999799e-02,4.516572e-02
2600,layers.1.ln_e.weight,6.968621e+00,1.578172e-02,2.264684e-03
2600,layers.1.ln_e.bias,2.084456e-02,4.576601e-03,2.195585e-01
2600,layers.2.qkv_lut.weights,3.889031e+01,9.907946e+00,2.547664e-01
2600,layers.2.qkv_lut.log_soft_score_temp,3.851915e-01,2.348772e-02,6.097673e-02
2600,layers.2.qkv_lut.log_select_temp,5.950426e-01,3.498077e-03,5.878700e-03
2600,layers.2.v_lut.weights,3.733266e+01,8.937950e+00,2.394137e-01
2600,layers.2.v_lut.log_soft_score_temp,7.246888e-01,1.369709e-02,1.890065e-02
2600,layers.2.v_lut.log_select_temp,8.539408e-01,6.558716e-03,7.680528e-03
2600,layers.2.out_proj.weights,4.857265e+01,1.321199e+01,2.720047e-01
2600,layers.2.out_proj.log_soft_score_temp,8.184689e-01,3.172576e-03,3.876233e-03
2600,layers.2.out_proj.log_select_temp,9.103722e-01,1.254618e-02,1.378138e-02
2600,layers.2.residual_lut.weights,5.060164e+01,1.258903e+01,2.487870e-01
2600,layers.2.residual_lut.log_soft_score_temp,6.390532e-01,3.684163e-03,5.765033e-03
2600,layers.2.residual_lut.log_select_temp,7.567162e-01,7.840693e-03,1.036147e-02
2600,layers.2.q_norm.weight,8.175032e+00,2.140460e-02,2.618290e-03
2600,layers.2.q_norm.bias,3.407792e-01,1.753707e-02,5.146169e-02
2600,layers.2.k_norm.weight,8.131115e+00,2.175762e-02,2.675847e-03
2600,layers.2.k_norm.bias,4.789830e-01,2.595509e-02,5.418792e-02
2600,layers.2.ln_e.weight,6.864007e+00,1.743297e-02,2.539766e-03
2600,layers.2.ln_e.bias,3.222717e-02,3.822238e-03,1.186030e-01
2600,layers.3.qkv_lut.weights,3.293809e+01,9.697355e+00,2.944116e-01
2600,layers.3.qkv_lut.log_soft_score_temp,6.502276e-01,6.380141e-03,9.812165e-03
2600,layers.3.qkv_lut.log_select_temp,7.043207e-01,1.351357e-03,1.918667e-03
2600,layers.3.v_lut.weights,2.771322e+01,7.796974e+00,2.813449e-01
2600,layers.3.v_lut.log_soft_score_temp,7.239149e-01,1.746833e-03,2.413037e-03
2600,layers.3.v_lut.log_select_temp,7.381183e-01,2.364993e-03,3.204084e-03
2600,layers.3.out_proj.weights,2.932165e+01,8.195999e+00,2.795204e-01
2600,layers.3.out_proj.log_soft_score_temp,7.764738e-01,1.088381e-04,1.401697e-04
2600,layers.3.out_proj.log_select_temp,8.024101e-01,4.130125e-03,5.147150e-03
2600,layers.3.residual_lut.weights,2.607208e+01,1.013264e+01,3.886394e-01
2600,layers.3.residual_lut.log_soft_score_temp,4.810962e-01,2.711326e-03,5.635725e-03
2600,layers.3.residual_lut.log_select_temp,5.815533e-01,2.682447e-03,4.612557e-03
2600,layers.3.q_norm.weight,8.053150e+00,2.250239e-02,2.794234e-03
2600,layers.3.q_norm.bias,1.849812e-01,1.729803e-02,9.351237e-02
2600,layers.3.k_norm.weight,8.043614e+00,1.876237e-02,2.332579e-03
2600,layers.3.k_norm.bias,2.703882e-01,2.239896e-02,8.283999e-02
2600,layers.3.ln_e.weight,6.502373e+00,1.955771e-02,3.007780e-03
2600,layers.3.ln_e.bias,1.136456e-01,6.360529e-03,5.596811e-02
2600,layers.4.qkv_lut.weights,2.012009e+01,4.011603e+00,1.993830e-01
2600,layers.4.qkv_lut.log_soft_score_temp,6.120541e-01,1.027340e-02,1.678511e-02
2600,layers.4.qkv_lut.log_select_temp,8.345364e-01,4.347622e-03,5.209626e-03
2600,layers.4.v_lut.weights,1.724329e+01,3.547985e+00,2.057604e-01
2600,layers.4.v_lut.log_soft_score_temp,5.467344e-01,1.536947e-02,2.811141e-02
2600,layers.4.v_lut.log_select_temp,8.109540e-01,2.067685e-04,2.549695e-04
2600,layers.4.out_proj.weights,3.051346e+01,1.974680e+00,6.471506e-02
2600,layers.4.out_proj.log_soft_score_temp,7.517959e-01,1.451612e-03,1.930859e-03
2600,layers.4.out_proj.log_select_temp,7.925029e-01,3.471315e-03,4.380192e-03
2600,layers.4.residual_lut.weights,2.363941e+01,8.794697e+00,3.720353e-01
2600,layers.4.residual_lut.log_soft_score_temp,4.719283e-01,4.956901e-03,1.050350e-02
2600,layers.4.residual_lut.log_select_temp,5.562456e-01,1.361609e-03,2.447855e-03
2600,layers.4.q_norm.weight,7.850672e+00,2.425686e-02,3.089782e-03
2600,layers.4.q_norm.bias,6.547136e-02,2.513171e-02,3.838581e-01
2600,layers.4.k_norm.weight,7.853499e+00,1.964572e-02,2.501525e-03
2600,layers.4.k_norm.bias,8.226468e-02,1.923442e-02,2.338114e-01
2600,layers.4.ln_e.weight,6.868446e+00,2.121327e-03,3.088511e-04
2600,layers.4.ln_e.bias,1.024489e-01,1.985400e-03,1.937943e-02
2600,layers.5.qkv_lut.weights,2.234753e+01,5.542086e+00,2.479955e-01
2600,layers.5.qkv_lut.log_soft_score_temp,6.621072e-01,3.628731e-03,5.480579e-03
2600,layers.5.qkv_lut.log_select_temp,8.997669e-01,1.513267e-02,1.681843e-02
2600,layers.5.v_lut.weights,1.906574e+01,4.654062e+00,2.441060e-01
2600,layers.5.v_lut.log_soft_score_temp,6.077334e-01,5.785763e-03,9.520233e-03
2600,layers.5.v_lut.log_select_temp,9.073595e-01,1.547301e-02,1.705279e-02
2600,layers.5.out_proj.weights,1.252402e+01,1.626819e+00,1.298960e-01
2600,layers.5.out_proj.log_soft_score_temp,7.089186e-01,4.906893e-03,6.921659e-03
2600,layers.5.out_proj.log_select_temp,7.773107e-01,6.661415e-04,8.569823e-04
2600,layers.5.residual_lut.weights,2.137018e+01,8.513601e+00,3.983870e-01
2600,layers.5.residual_lut.log_soft_score_temp,5.359722e-01,2.154112e-03,4.019074e-03
2600,layers.5.residual_lut.log_select_temp,5.864456e-01,1.522422e-03,2.596016e-03
2600,layers.5.q_norm.weight,7.897780e+00,2.671549e-02,3.382658e-03
2600,layers.5.q_norm.bias,7.012686e-02,2.773240e-02,3.954604e-01
2600,layers.5.k_norm.weight,7.900912e+00,3.063025e-02,3.876799e-03
2600,layers.5.k_norm.bias,1.061058e-01,2.179828e-02,2.054390e-01
2600,layers.5.ln_e.weight,6.493094e+00,5.671187e-02,8.734182e-03
2600,layers.5.ln_e.bias,8.342651e-02,2.237704e-03,2.682245e-02
2600,ln_final.weight,2.562548e+01,5.178030e-01,2.020657e-02
2600,ln_final.bias,7.403758e-01,4.505068e-02,6.084841e-02
2800,tok_emb_E.weight,7.383159e+01,3.147255e+00,4.262748e-02
2800,unembedder.weight,2.053386e+02,1.939075e+01,9.443305e-02
2800,layers.0.qkv_lut.weights,4.116597e+01,9.081774e+00,2.206136e-01
2800,layers.0.qkv_lut.log_soft_score_temp,4.958795e-01,5.082577e-03,1.024962e-02
2800,layers.0.qkv_lut.log_select_temp,5.044906e-01,6.551474e-03,1.298632e-02
2800,layers.0.v_lut.weights,4.168772e+01,8.698598e+00,2.086609e-01
2800,layers.0.v_lut.log_soft_score_temp,8.280977e-01,3.021932e-02,3.649245e-02
2800,layers.0.v_lut.log_select_temp,8.196922e-01,3.054845e-02,3.726820e-02
2800,layers.0.out_proj.weights,5.549791e+01,1.328049e+01,2.392971e-01
2800,layers.0.out_proj.log_soft_score_temp,8.723336e-01,3.589112e-02,4.114380e-02
2800,layers.0.out_proj.log_select_temp,1.155595e+00,6.748915e-03,5.840205e-03
2800,layers.0.residual_lut.weights,7.583486e+01,1.223542e+01,1.613430e-01
2800,layers.0.residual_lut.log_soft_score_temp,9.280211e-01,1.991868e-03,2.146361e-03
2800,layers.0.residual_lut.log_select_temp,1.034243e+00,1.903749e-02,1.840717e-02
2800,layers.0.q_norm.weight,9.155877e+00,3.389367e-02,3.701849e-03
2800,layers.0.q_norm.bias,7.435769e-01,2.780696e-02,3.739621e-02
2800,layers.0.k_norm.weight,9.076467e+00,3.057820e-02,3.368954e-03
2800,layers.0.k_norm.bias,9.709138e-01,3.887787e-02,4.004256e-02
2800,layers.0.ln_e.weight,7.085660e+00,1.271936e-02,1.795084e-03
2800,layers.0.ln_e.bias,6.259573e-02,4.520301e-03,7.221421e-02
2800,layers.1.qkv_lut.weights,4.084182e+01,9.358281e+00,2.291348e-01
2800,layers.1.qkv_lut.log_soft_score_temp,2.854211e-01,2.022150e-02,7.084796e-02
2800,layers.1.qkv_lut.log_select_temp,5.827140e-01,5.421638e-04,9.304115e-04
2800,layers.1.v_lut.weights,4.043467e+01,9.146479e+00,2.262039e-01
2800,layers.1.v_lut.log_soft_score_temp,5.855437e-01,3.151393e-02,5.381995e-02
2800,layers.1.v_lut.log_select_temp,8.740442e-01,4.663110e-03,5.335096e-03
2800,layers.1.out_proj.weights,5.566872e+01,1.358003e+01,2.439436e-01
2800,layers.1.out_proj.log_soft_score_temp,7.847395e-01,2.529150e-02,3.222917e-02
2800,layers.1.out_proj.log_select_temp,1.028892e+00,9.878516e-03,9.601124e-03
2800,layers.1.residual_lut.weights,6.786398e+01,1.218722e+01,1.795830e-01
2800,layers.1.residual_lut.log_soft_score_temp,7.161691e-01,1.361591e-02,1.901214e-02
2800,layers.1.residual_lut.log_select_temp,9.073722e-01,8.287191e-03,9.133177e-03
2800,layers.1.q_norm.weight,8.484728e+00,2.825297e-02,3.329862e-03
2800,layers.1.q_norm.bias,3.840004e-01,1.860042e-02,4.843854e-02
2800,layers.1.k_norm.weight,8.462378e+00,2.725861e-02,3.221152e-03
2800,layers.1.k_norm.bias,6.923746e-01,3.375956e-02,4.875910e-02
2800,layers.1.ln_e.weight,6.956913e+00,1.567269e-02,2.252823e-03
2800,layers.1.ln_e.bias,2.218054e-02,5.063225e-03,2.282733e-01
2800,layers.2.qkv_lut.weights,4.039071e+01,9.657927e+00,2.391126e-01
2800,layers.2.qkv_lut.log_soft_score_temp,3.633385e-01,2.185303e-02,6.014510e-02
2800,layers.2.qkv_lut.log_select_temp,5.933177e-01,1.724958e-03,2.907310e-03
2800,layers.2.v_lut.weights,3.881455e+01,8.683537e+00,2.237186e-01
2800,layers.2.v_lut.log_soft_score_temp,7.080387e-01,1.665014e-02,2.351586e-02
2800,layers.2.v_lut.log_select_temp,8.556409e-01,1.700103e-03,1.986936e-03
2800,layers.2.out_proj.weights,5.068713e+01,1.291036e+01,2.547069e-01
2800,layers.2.out_proj.log_soft_score_temp,8.126295e-01,5.839467e-03,7.185891e-03
2800,layers.2.out_proj.log_select_temp,9.220598e-01,1.168764e-02,1.267557e-02
2800,layers.2.residual_lut.weights,5.303252e+01,1.216029e+01,2.292987e-01
2800,layers.2.residual_lut.log_soft_score_temp,6.371672e-01,1.886070e-03,2.960086e-03
2800,layers.2.residual_lut.log_select_temp,7.665318e-01,9.815574e-03,1.280518e-02
2800,layers.2.q_norm.weight,8.188511e+00,2.342956e-02,2.861273e-03
2800,layers.2.q_norm.bias,3.505433e-01,1.357784e-02,3.873369e-02
2800,layers.2.k_norm.weight,8.143847e+00,2.276882e-02,2.795830e-03
2800,layers.2.k_norm.bias,5.007150e-01,2.892889e-02,5.777516e-02
2800,layers.2.ln_e.weight,6.861719e+00,1.782739e-02,2.598094e-03
2800,layers.2.ln_e.bias,3.224053e-02,4.404300e-03,1.366075e-01
2800,layers.3.qkv_lut.weights,3.456186e+01,9.527040e+00,2.756519e-01
2800,layers.3.qkv_lut.log_soft_score_temp,6.435045e-01,6.723106e-03,1.044764e-02
2800,layers.3.qkv_lut.log_select_temp,7.029980e-01,1.322687e-03,1.881494e-03
2800,layers.3.v_lut.weights,2.924419e+01,7.704233e+00,2.634449e-01
2800,layers.3.v_lut.log_soft_score_temp,7.278219e-01,3.906965e-03,5.368024e-03
2800,layers.3.v_lut.log_select_temp,7.425501e-01,4.431844e-03,5.968410e-03
2800,layers.3.out_proj.weights,3.083699e+01,8.481211e+00,2.750337e-01
2800,layers.3.out_proj.log_soft_score_temp,7.752694e-01,1.204312e-03,1.553411e-03
2800,layers.3.out_proj.log_select_temp,8.070599e-01,4.649818e-03,5.761429e-03
2800,layers.3.residual_lut.weights,2.754046e+01,1.035716e+01,3.760705e-01
2800,layers.3.residual_lut.log_soft_score_temp,4.822616e-01,1.165390e-03,2.416510e-03
2800,layers.3.residual_lut.log_select_temp,5.847347e-01,3.181398e-03,5.440755e-03
2800,layers.3.q_norm.weight,8.062729e+00,2.149776e-02,2.666313e-03
2800,layers.3.q_norm.bias,1.948023e-01,1.661398e-02,8.528639e-02
2800,layers.3.k_norm.weight,8.052671e+00,1.988697e-02,2.469612e-03
2800,layers.3.k_norm.bias,2.838900e-01,2.288647e-02,8.061740e-02
2800,layers.3.ln_e.weight,6.505027e+00,1.519583e-02,2.336013e-03
2800,layers.3.ln_e.bias,1.075438e-01,1.137266e-02,1.057491e-01
2800,layers.4.qkv_lut.weights,2.057242e+01,3.715099e+00,1.805864e-01
2800,layers.4.qkv_lut.log_soft_score_temp,6.058899e-01,6.164253e-03,1.017388e-02
2800,layers.4.qkv_lut.log_select_temp,8.380693e-01,3.532946e-03,4.215577e-03
2800,layers.4.v_lut.weights,1.776875e+01,3.427474e+00,1.928933e-01
2800,layers.4.v_lut.log_soft_score_temp,5.324298e-01,1.430458e-02,2.686660e-02
2800,layers.4.v_lut.log_select_temp,8.094547e-01,1.499295e-03,1.852229e-03
2800,layers.4.out_proj.weights,3.157195e+01,1.625547e+00,5.148706e-02
2800,layers.4.out_proj.log_soft_score_temp,7.543357e-01,2.539814e-03,3.366954e-03
2800,layers.4.out_proj.log_select_temp,7.967372e-01,4.234254e-03,5.314493e-03
2800,layers.4.residual_lut.weights,2.436219e+01,8.693312e+00,3.568362e-01
2800,layers.4.residual_lut.log_soft_score_temp,4.677874e-01,4.140913e-03,8.852127e-03
2800,layers.4.residual_lut.log_select_temp,5.549862e-01,1.259387e-03,2.269221e-03
2800,layers.4.q_norm.weight,7.844162e+00,2.420970e-02,3.086334e-03
2800,layers.4.q_norm.bias,6.527533e-02,1.686279e-02,2.583332e-01
2800,layers.4.k_norm.weight,7.848091e+00,2.477785e-02,3.157182e-03
2800,layers.4.k_norm.bias,8.218939e-02,1.418093e-02,1.725397e-01
2800,layers.4.ln_e.weight,6.867486e+00,1.992067e-03,2.900722e-04
2800,layers.4.ln_e.bias,1.037271e-01,1.893208e-03,1.825182e-02
2800,layers.5.qkv_lut.weights,2.310508e+01,5.449038e+00,2.358372e-01
2800,layers.5.qkv_lut.log_soft_score_temp,6.574026e-01,4.704654e-03,7.156428e-03
2800,layers.5.qkv_lut.log_select_temp,9.135616e-01,1.379472e-02,1.509993e-02
2800,layers.5.v_lut.weights,1.973641e+01,4.662065e+00,2.362165e-01
2800,layers.5.v_lut.log_soft_score_temp,5.977973e-01,9.936035e-03,1.662108e-02
2800,layers.5.v_lut.log_select_temp,9.312601e-01,2.390057e-02,2.566476e-02
2800,layers.5.out_proj.weights,1.271070e+01,1.573644e+00,1.238047e-01
2800,layers.5.out_proj.log_soft_score_temp,7.002269e-01,8.691728e-03,1.241273e-02
2800,layers.5.out_proj.log_select_temp,7.741225e-01,3.188133e-03,4.118383e-03
2800,layers.5.residual_lut.weights,2.199274e+01,8.386719e+00,3.813403e-01
2800,layers.5.residual_lut.log_soft_score_temp,5.338143e-01,2.157986e-03,4.042579e-03
2800,layers.5.residual_lut.log_select_temp,5.848441e-01,1.601517e-03,2.738366e-03
2800,layers.5.q_norm.weight,7.883058e+00,2.965388e-02,3.761723e-03
2800,layers.5.q_norm.bias,6.819820e-02,2.407309e-02,3.529873e-01
2800,layers.5.k_norm.weight,7.886018e+00,3.141006e-02,3.983007e-03
2800,layers.5.k_norm.bias,1.102738e-01,2.003423e-02,1.816772e-01
2800,layers.5.ln_e.weight,6.436263e+00,6.017168e-02,9.348853e-03
2800,layers.5.ln_e.bias,8.483905e-02,2.008508e-03,2.367434e-02
2800,ln_final.weight,2.613377e+01,5.166860e-01,1.977081e-02
2800,ln_final.bias,7.409278e-01,4.706626e-02,6.352341e-02
3000,tok_emb_E.weight,7.397801e+01,3.010989e+00,4.070113e-02
3000,unembedder.weight,2.085371e+02,1.893795e+01,9.081336e-02
3000,layers.0.qkv_lut.weights,4.252284e+01,8.781982e+00,2.065239e-01
3000,layers.0.qkv_lut.log_soft_score_temp,5.002403e-01,4.360855e-03,8.717519e-03
3000,layers.0.qkv_lut.log_select_temp,5.099413e-01,5.450726e-03,1.068893e-02
3000,layers.0.v_lut.weights,4.300294e+01,8.404179e+00,1.954326e-01
3000,layers.0.v_lut.log_soft_score_temp,8.580203e-01,2.992260e-02,3.487401e-02
3000,layers.0.v_lut.log_select_temp,8.497810e-01,3.008884e-02,3.540776e-02
3000,layers.0.out_proj.weights,5.738923e+01,1.282984e+01,2.235583e-01
3000,layers.0.out_proj.log_soft_score_temp,8.391872e-01,3.314638e-02,3.949820e-02
3000,layers.0.out_proj.log_select_temp,1.160397e+00,4.801273e-03,4.137614e-03
3000,layers.0.residual_lut.weights,7.858638e+01,1.184195e+01,1.506871e-01
3000,layers.0.residual_lut.log_soft_score_temp,9.273313e-01,6.898046e-04,7.438599e-04
3000,layers.0.residual_lut.log_select_temp,1.053532e+00,1.928973e-02,1.830958e-02
3000,layers.0.q_norm.weight,9.181503e+00,2.966890e-02,3.231378e-03
3000,layers.0.q_norm.bias,7.574301e-01,1.946576e-02,2.569975e-02
3000,layers.0.k_norm.weight,9.099545e+00,2.852232e-02,3.134478e-03
3000,layers.0.k_norm.bias,9.943307e-01,2.934449e-02,2.951180e-02
3000,layers.0.ln_e.weight,7.079872e+00,1.216266e-02,1.717921e-03
3000,layers.0.ln_e.bias,6.071896e-02,4.017945e-03,6.617282e-02
3000,layers.1.qkv_lut.weights,4.220412e+01,9.051781e+00,2.144762e-01
3000,layers.1.qkv_lut.log_soft_score_temp,2.668093e-01,1.861176e-02,6.975678e-02
3000,layers.1.qkv_lut.log_select_temp,5.853322e-01,2.618194e-03,4.473004e-03
3000,layers.1.v_lut.weights,4.174556e+01,8.855515e+00,2.121307e-01
3000,layers.1.v_lut.log_soft_score_temp,5.567423e-01,2.880138e-02,5.173198e-02
3000,layers.1.v_lut.log_select_temp,8.707593e-01,3.284872e-03,3.772422e-03
3000,layers.1.out_proj.weights,5.755790e+01,1.311266e+01,2.278169e-01
3000,layers.1.out_proj.log_soft_score_temp,7.567076e-01,2.803189e-02,3.704454e-02
3000,layers.1.out_proj.log_select_temp,1.035997e+00,7.105350e-03,6.858466e-03
3000,layers.1.residual_lut.weights,7.025282e+01,1.178701e+01,1.677798e-01
3000,layers.1.residual_lut.log_soft_score_temp,6.985688e-01,1.760030e-02,2.519480e-02
3000,layers.1.residual_lut.log_select_temp,9.140323e-01,6.660044e-03,7.286443e-03
3000,layers.1.q_norm.weight,8.502828e+00,2.353469e-02,2.767866e-03
3000,layers.1.q_norm.bias,3.961338e-01,1.648999e-02,4.162733e-02
3000,layers.1.k_norm.weight,8.478977e+00,2.321030e-02,2.737393e-03
3000,layers.1.k_norm.bias,7.156553e-01,2.756439e-02,3.851629e-02
3000,layers.1.ln_e.weight,6.944201e+00,1.716088e-02,2.471254e-03
3000,layers.1.ln_e.bias,2.500863e-02,5.656363e-03,2.261764e-01
3000,layers.2.qkv_lut.weights,4.174121e+01,9.289291e+00,2.225449e-01
3000,layers.2.qkv_lut.log_soft_score_temp,3.427559e-01,2.058256e-02,6.005019e-02
3000,layers.2.qkv_lut.log_select_temp,5.912477e-01,2.069950e-03,3.500986e-03
3000,layers.2.v_lut.weights,4.015780e+01,8.367476e+00,2.083649e-01
3000,layers.2.v_lut.log_soft_score_temp,6.913770e-01,1.666170e-02,2.409930e-02
3000,layers.2.v_lut.log_select_temp,8.593061e-01,3.665209e-03,4.265312e-03
3000,layers.2.out_proj.weights,5.262215e+01,1.248589e+01,2.372745e-01
3000,layers.2.out_proj.log_soft_score_temp,8.047909e-01,7.838547e-03,9.739856e-03
3000,layers.2.out_proj.log_select_temp,9.333957e-01,1.133591e-02,1.214481e-02
3000,layers.2.residual_lut.weights,5.512487e+01,1.183044e+01,2.146116e-01
3000,layers.2.residual_lut.log_soft_score_temp,6.321946e-01,4.972577e-03,7.865580e-03
3000,layers.2.residual_lut.log_select_temp,7.739344e-01,7.402599e-03,9.564892e-03
3000,layers.2.q_norm.weight,8.203148e+00,2.350858e-02,2.865800e-03
3000,layers.2.q_norm.bias,3.587612e-01,1.316875e-02,3.670617e-02
3000,layers.2.k_norm.weight,8.157760e+00,2.485737e-02,3.047082e-03
3000,layers.2.k_norm.bias,5.141755e-01,2.113539e-02,4.110539e-02
3000,layers.2.ln_e.weight,6.854694e+00,1.664523e-02,2.428296e-03
3000,layers.2.ln_e.bias,3.174364e-02,5.875720e-03,1.850991e-01
3000,layers.3.qkv_lut.weights,3.600185e+01,9.105387e+00,2.529144e-01
3000,layers.3.qkv_lut.log_soft_score_temp,6.381093e-01,5.395234e-03,8.455031e-03
3000,layers.3.qkv_lut.log_select_temp,7.022417e-01,7.562637e-04,1.076928e-03
3000,layers.3.v_lut.weights,3.063628e+01,7.483073e+00,2.442553e-01
3000,layers.3.v_lut.log_soft_score_temp,7.312542e-01,3.432333e-03,4.693762e-03
3000,layers.3.v_lut.log_select_temp,7.458804e-01,3.330231e-03,4.464832e-03
3000,layers.3.out_proj.weights,3.218418e+01,8.182364e+00,2.542356e-01
3000,layers.3.out_proj.log_soft_score_temp,7.724204e-01,2.849042e-03,3.688461e-03
3000,layers.3.out_proj.log_select_temp,8.098643e-01,2.804399e-03,3.462801e-03
3000,layers.3.residual_lut.weights,2.893465e+01,1.025804e+01,3.545245e-01
3000,layers.3.residual_lut.log_soft_score_temp,4.822246e-01,3.701448e-05,7.675777e-05
3000,layers.3.residual_lut.log_select_temp,5.866410e-01,1.906276e-03,3.249476e-03
3000,layers.3.q_norm.weight,8.068245e+00,2.425219e-02,3.005882e-03
3000,layers.3.q_norm.bias,2.056020e-01,1.658439e-02,8.066259e-02
3000,layers.3.k_norm.weight,8.058877e+00,2.170602e-02,2.693430e-03
3000,layers.3.k_norm.bias,2.954649e-01,2.027908e-02,6.863448e-02
3000,layers.3.ln_e.weight,6.503927e+00,1.377144e-02,2.117404e-03
3000,layers.3.ln_e.bias,9.876426e-02,1.300445e-02,1.316716e-01
3000,layers.4.qkv_lut.weights,2.098038e+01,3.509434e+00,1.672722e-01
3000,layers.4.qkv_lut.log_soft_score_temp,5.945808e-01,1.130909e-02,1.902027e-02
3000,layers.4.qkv_lut.log_select_temp,8.362498e-01,1.819491e-03,2.175775e-03
3000,layers.4.v_lut.weights,1.823371e+01,3.230288e+00,1.771602e-01
3000,layers.4.v_lut.log_soft_score_temp,5.200039e-01,1.242590e-02,2.389578e-02
3000,layers.4.v_lut.log_select_temp,8.083749e-01,1.079738e-03,1.335690e-03
3000,layers.4.out_proj.weights,3.250365e+01,1.525591e+00,4.693598e-02
3000,layers.4.out_proj.log_soft_score_temp,7.565519e-01,2.216220e-03,2.929369e-03
3000,layers.4.out_proj.log_select_temp,7.992758e-01,2.538621e-03,3.176152e-03
3000,layers.4.residual_lut.weights,2.494037e+01,8.306872e+00,3.330693e-01
3000,layers.4.residual_lut.log_soft_score_temp,4.639661e-01,3.821254e-03,8.236062e-03
3000,layers.4.residual_lut.log_select_temp,5.538234e-01,1.162767e-03,2.099527e-03
3000,layers.4.q_norm.weight,7.829003e+00,2.473493e-02,3.159397e-03
3000,layers.4.q_norm.bias,6.762291e-02,1.576669e-02,2.331560e-01
3000,layers.4.k_norm.weight,7.833754e+00,2.341678e-02,2.989215e-03
3000,layers.4.k_norm.bias,8.662298e-02,1.463308e-02,1.689284e-01
3000,layers.4.ln_e.weight,6.866214e+00,2.366404e-03,3.446447e-04
3000,layers.4.ln_e.bias,1.048837e-01,2.113416e-03,2.015009e-02
3000,layers.5.qkv_lut.weights,2.371746e+01,5.012232e+00,2.113309e-01
3000,layers.5.qkv_lut.log_soft_score_temp,6.531996e-01,4.203022e-03,6.434514e-03
3000,layers.5.qkv_lut.log_select_temp,9.262986e-01,1.273692e-02,1.375034e-02
3000,layers.5.v_lut.weights,2.029737e+01,4.242048e+00,2.089949e-01
3000,layers.5.v_lut.log_soft_score_temp,5.920047e-01,5.792677e-03,9.784851e-03
3000,layers.5.v_lut.log_select_temp,9.458934e-01,1.463330e-02,1.547035e-02
3000,layers.5.out_proj.weights,1.289372e+01,1.498131e+00,1.161908e-01
3000,layers.5.out_proj.log_soft_score_temp,6.899629e-01,1.026404e-02,1.487622e-02
3000,layers.5.out_proj.log_select_temp,7.721441e-01,1.978457e-03,2.562290e-03
3000,layers.5.residual_lut.weights,2.252721e+01,7.985559e+00,3.544851e-01
3000,layers.5.residual_lut.log_soft_score_temp,5.316330e-01,2.181232e-03,4.102890e-03
3000,layers.5.residual_lut.log_select_temp,5.832261e-01,1.617968e-03,2.774170e-03
3000,layers.5.q_norm.weight,7.871256e+00,2.750157e-02,3.493924e-03
3000,layers.5.q_norm.bias,6.993348e-02,2.247282e-02,3.213457e-01
3000,layers.5.k_norm.weight,7.874345e+00,2.676289e-02,3.398745e-03
3000,layers.5.k_norm.bias,1.149150e-01,2.240866e-02,1.950021e-01
3000,layers.5.ln_e.weight,6.373963e+00,6.585483e-02,1.033185e-02
3000,layers.5.ln_e.bias,8.629094e-02,2.344799e-03,2.717318e-02
3000,ln_final.weight,2.662563e+01,4.981866e-01,1.871080e-02
3000,ln_final.bias,7.459342e-01,4.547699e-02,6.096649e-02
3200,tok_emb_E.weight,7.412118e+01,2.892181e+00,3.901963e-02
3200,unembedder.weight,2.114606e+02,1.787939e+01,8.455188e-02
3200,layers.0.qkv_lut.weights,4.374476e+01,8.466295e+00,1.935385e-01
3200,layers.0.qkv_lut.log_soft_score_temp,5.107674e-01,1.052707e-02,2.061031e-02
3200,layers.0.qkv_lut.log_select_temp,5.216385e-01,1.169723e-02,2.242402e-02
3200,layers.0.v_lut.weights,4.416850e+01,8.102425e+00,1.834435e-01
3200,layers.0.v_lut.log_soft_score_temp,8.880358e-01,3.001547e-02,3.379984e-02
3200,layers.0.v_lut.log_select_temp,8.798633e-01,3.008223e-02,3.418966e-02
3200,layers.0.out_proj.weights,5.909199e+01,1.232906e+01,2.086419e-01
3200,layers.0.out_proj.log_soft_score_temp,8.089039e-01,3.028333e-02,3.743749e-02
3200,layers.0.out_proj.log_select_temp,1.169245e+00,8.847952e-03,7.567237e-03
3200,layers.0.residual_lut.weights,8.111795e+01,1.136387e+01,1.400907e-01
3200,layers.0.residual_lut.log_soft_score_temp,9.244984e-01,2.832830e-03,3.064180e-03
3200,layers.0.residual_lut.log_select_temp,1.071208e+00,1.767504e-02,1.650011e-02
3200,layers.0.q_norm.weight,9.213287e+00,3.668760e-02,3.982031e-03
3200,layers.0.q_norm.bias,7.761691e-01,2.305654e-02,2.970556e-02
3200,layers.0.k_norm.weight,9.128619e+00,3.497393e-02,3.831240e-03
3200,layers.0.k_norm.bias,1.022895e+00,3.564246e-02,3.484470e-02
3200,layers.0.ln_e.weight,7.074580e+00,1.322566e-02,1.869463e-03
3200,layers.0.ln_e.bias,6.068788e-02,4.362283e-03,7.188064e-02
3200,layers.1.qkv_lut.weights,4.344928e+01,8.738577e+00,2.011213e-01
3200,layers.1.qkv_lut.log_soft_score_temp,2.515411e-01,1.526818e-02,6.069853e-02
3200,layers.1.qkv_lut.log_select_temp,5.902587e-01,4.926443e-03,8.346245e-03
3200,layers.1.v_lut.weights,4.292833e+01,8.488422e+00,1.977348e-01
3200,layers.1.v_lut.log_soft_score_temp,5.303081e-01,2.643424e-02,4.984696e-02
3200,layers.1.v_lut.log_select_temp,8.677972e-01,2.962112e-03,3.413369e-03
3200,layers.1.out_proj.weights,5.924856e+01,1.260250e+01,2.127056e-01
3200,layers.1.out_proj.log_soft_score_temp,7.303630e-01,2.634460e-02,3.607055e-02
3200,layers.1.out_proj.log_select_temp,1.043638e+00,7.641077e-03,7.321577e-03
3200,layers.1.residual_lut.weights,7.245453e+01,1.132848e+01,1.563529e-01
3200,layers.1.residual_lut.log_soft_score_temp,6.807610e-01,1.780772e-02,2.615855e-02
3200,layers.1.residual_lut.log_select_temp,9.202744e-01,6.242096e-03,6.782865e-03
3200,layers.1.q_norm.weight,8.518678e+00,1.917577e-02,2.251027e-03
3200,layers.1.q_norm.bias,4.073617e-01,1.388137e-02,3.407628e-02
3200,layers.1.k_norm.weight,8.494038e+00,1.947806e-02,2.293145e-03
3200,layers.1.k_norm.bias,7.402231e-01,2.679656e-02,3.620066e-02
3200,layers.1.ln_e.weight,6.932189e+00,1.852886e-02,2.672873e-03
3200,layers.1.ln_e.bias,2.694884e-02,4.813476e-03,1.786154e-01
3200,layers.2.qkv_lut.weights,4.293760e+01,8.927130e+00,2.079094e-01
3200,layers.2.qkv_lut.log_soft_score_temp,3.214892e-01,2.126673e-02,6.615068e-02
3200,layers.2.qkv_lut.log_select_temp,5.899453e-01,1.302421e-03,2.207698e-03
3200,layers.2.v_lut.weights,4.137238e+01,8.061862e+00,1.948610e-01
3200,layers.2.v_lut.log_soft_score_temp,6.750828e-01,1.629418e-02,2.413657e-02
3200,layers.2.v_lut.log_select_temp,8.617422e-01,2.436101e-03,2.826949e-03
3200,layers.2.out_proj.weights,5.436029e+01,1.200880e+01,2.209113e-01
3200,layers.2.out_proj.log_soft_score_temp,7.953022e-01,9.488761e-03,1.193101e-02
3200,layers.2.out_proj.log_select_temp,9.420433e-01,8.647561e-03,9.179579e-03
3200,layers.2.residual_lut.weights,5.707418e+01,1.139489e+01,1.996504e-01
3200,layers.2.residual_lut.log_soft_score_temp,6.292211e-01,2.973497e-03,4.725679e-03
3200,layers.2.residual_lut.log_select_temp,7.819638e-01,8.029401e-03,1.026825e-02
3200,layers.2.q_norm.weight,8.211555e+00,1.829121e-02,2.227496e-03
3200,layers.2.q_norm.bias,3.663319e-01,1.330261e-02,3.631299e-02
3200,layers.2.k_norm.weight,8.165847e+00,1.914437e-02,2.344444e-03
3200,layers.2.k_norm.bias,5.250406e-01,1.927180e-02,3.670535e-02
3200,layers.2.ln_e.weight,6.850978e+00,1.630739e-02,2.380300e-03
3200,layers.2.ln_e.bias,3.288411e-02,4.881506e-03,1.484458e-01
3200,layers.3.qkv_lut.weights,3.735741e+01,8.877495e+00,2.376368e-01
3200,layers.3.qkv_lut.log_soft_score_temp,6.314428e-01,6.666422e-03,1.055744e-02
3200,layers.3.qkv_lut.log_select_temp,7.011153e-01,1.126409e-03,1.606595e-03
3200,layers.3.v_lut.weights,3.192196e+01,7.279386e+00,2.280369e-01
3200,layers.3.v_lut.log_soft_score_temp,7.357250e-01,4.470766e-03,6.076680e-03
3200,layers.3.v_lut.log_select_temp,7.508269e-01,4.946530e-03,6.588110e-03
3200,layers.3.out_proj.weights,3.345999e+01,8.117858e+00,2.426139e-01
3200,layers.3.out_proj.log_soft_score_temp,7.702284e-01,2.192020e-03,2.845936e-03
3200,layers.3.out_proj.log_select_temp,8.139645e-01,4.100263e-03,5.037398e-03
3200,layers.3.residual_lut.weights,3.021161e+01,1.002341e+01,3.317737e-01
3200,layers.3.residual_lut.log_soft_score_temp,4.835036e-01,1.278967e-03,2.645206e-03
3200,layers.3.residual_lut.log_select_temp,5.911418e-01,4.500806e-03,7.613751e-03
3200,layers.3.q_norm.weight,8.072433e+00,1.962305e-02,2.430872e-03
3200,layers.3.q_norm.bias,2.120543e-01,1.630783e-02,7.690403e-02
3200,layers.3.k_norm.weight,8.063035e+00,2.069508e-02,2.566662e-03
3200,layers.3.k_norm.bias,3.031428e-01,1.935138e-02,6.383585e-02
3200,layers.3.ln_e.weight,6.507148e+00,1.339447e-02,2.058425e-03
3200,layers.3.ln_e.bias,9.320053e-02,1.156214e-02,1.240566e-01
3200,layers.4.qkv_lut.weights,2.134241e+01,3.473724e+00,1.627615e-01
3200,layers.4.qkv_lut.log_soft_score_temp,5.855957e-01,8.985102e-03,1.534353e-02
3200,layers.4.qkv_lut.log_select_temp,8.343254e-01,1.924455e-03,2.306600e-03
3200,layers.4.v_lut.weights,1.866030e+01,3.114736e+00,1.669178e-01
3200,layers.4.v_lut.log_soft_score_temp,5.096542e-01,1.034969e-02,2.030728e-02
3200,layers.4.v_lut.log_select_temp,8.054145e-01,2.960443e-03,3.675677e-03
3200,layers.4.out_proj.weights,3.325451e+01,1.378623e+00,4.145674e-02
3200,layers.4.out_proj.log_soft_score_temp,7.584720e-01,1.920104e-03,2.531542e-03
3200,layers.4.out_proj.log_select_temp,8.017104e-01,2.434552e-03,3.036697e-03
3200,layers.4.residual_lut.weights,2.549918e+01,8.040280e+00,3.153153e-01
3200,layers.4.residual_lut.log_soft_score_temp,4.603446e-01,3.621489e-03,7.866908e-03
3200,layers.4.residual_lut.log_select_temp,5.525844e-01,1.239061e-03,2.242303e-03
3200,layers.4.q_norm.weight,7.824642e+00,1.978619e-02,2.528702e-03
3200,layers.4.q_norm.bias,7.101947e-02,1.933900e-02,2.723057e-01
3200,layers.4.k_norm.weight,7.829655e+00,1.641272e-02,2.096225e-03
3200,layers.4.k_norm.bias,9.177595e-02,1.646335e-02,1.793863e-01
3200,layers.4.ln_e.weight,6.865263e+00,2.260199e-03,3.292224e-04
3200,layers.4.ln_e.bias,1.062184e-01,2.155274e-03,2.029096e-02
3200,layers.5.qkv_lut.weights,2.428763e+01,4.838767e+00,1.992276e-01
3200,layers.5.qkv_lut.log_soft_score_temp,6.484931e-01,4.706502e-03,7.257598e-03
3200,layers.5.qkv_lut.log_select_temp,9.357576e-01,9.459019e-03,1.010841e-02
3200,layers.5.v_lut.weights,2.080138e+01,4.208211e+00,2.023044e-01
3200,layers.5.v_lut.log_soft_score_temp,5.844307e-01,7.573962e-03,1.295956e-02
3200,layers.5.v_lut.log_select_temp,9.566572e-01,1.076376e-02,1.125143e-02
3200,layers.5.out_proj.weights,1.307279e+01,1.467202e+00,1.122333e-01
3200,layers.5.out_proj.log_soft_score_temp,6.832933e-01,6.669581e-03,9.760934e-03
3200,layers.5.out_proj.log_select_temp,7.695175e-01,2.626538e-03,3.413227e-03
3200,layers.5.residual_lut.weights,2.305173e+01,7.841674e+00,3.401772e-01
3200,layers.5.residual_lut.log_soft_score_temp,5.293361e-01,2.296925e-03,4.339256e-03
3200,layers.5.residual_lut.log_select_temp,5.815063e-01,1.719832e-03,2.957548e-03
3200,layers.5.q_norm.weight,7.871299e+00,2.289171e-02,2.908250e-03
3200,layers.5.q_norm.bias,7.522793e-02,2.684546e-02,3.568549e-01
3200,layers.5.k_norm.weight,7.874230e+00,2.215491e-02,2.813597e-03
3200,layers.5.k_norm.bias,1.227553e-01,1.972881e-02,1.607166e-01
3200,layers.5.ln_e.weight,6.312399e+00,6.532608e-02,1.034885e-02
3200,layers.5.ln_e.bias,8.797189e-02,2.617234e-03,2.975080e-02
3200,ln_final.weight,2.710482e+01,4.855550e-01,1.791397e-02
3200,ln_final.bias,7.520100e-01,4.303308e-02,5.722408e-02
3400,tok_emb_E.weight,7.425781e+01,2.763652e+00,3.721698e-02
3400,unembedder.weight,2.140137e+02,1.721198e+01,8.042468e-02
3400,layers.0.qkv_lut.weights,4.484270e+01,8.157675e+00,1.819176e-01
3400,layers.0.qkv_lut.log_soft_score_temp,5.192952e-01,8.527815e-03,1.642190e-02
3400,layers.0.qkv_lut.log_select_temp,5.314685e-01,9.829998e-03,1.849592e-02
3400,layers.0.v_lut.weights,4.523046e+01,7.795457e+00,1.723497e-01
3400,layers.0.v_lut.log_soft_score_temp,9.186476e-01,3.061181e-02,3.332269e-02
3400,layers.0.v_lut.log_select_temp,9.106830e-01,3.081971e-02,3.384242e-02
3400,layers.0.out_proj.weights,6.060958e+01,1.182233e+01,1.950571e-01
3400,layers.0.out_proj.log_soft_score_temp,7.808943e-01,2.800953e-02,3.586853e-02
3400,layers.0.out_proj.log_select_temp,1.180128e+00,1.088309e-02,9.221962e-03
3400,layers.0.residual_lut.weights,8.340079e+01,1.090901e+01,1.308023e-01
3400,layers.0.residual_lut.log_soft_score_temp,9.201973e-01,4.301131e-03,4.674140e-03
3400,layers.0.residual_lut.log_select_temp,1.086820e+00,1.561248e-02,1.436529e-02
3400,layers.0.q_norm.weight,9.241396e+00,3.127079e-02,3.383773e-03
3400,layers.0.q_norm.bias,7.901477e-01,1.711333e-02,2.165840e-02
3400,layers.0.k_norm.weight,9.154119e+00,2.916047e-02,3.185503e-03
3400,layers.0.k_norm.bias,1.045852e+00,2.816715e-02,2.693225e-02
3400,layers.0.ln_e.weight,7.068755e+00,1.137552e-02,1.609268e-03
3400,layers.0.ln_e.bias,5.951010e-02,4.410802e-03,7.411855e-02
3400,layers.1.qkv_lut.weights,4.455428e+01,8.382534e+00,1.881421e-01
3400,layers.1.qkv_lut.log_soft_score_temp,2.365467e-01,1.499444e-02,6.338893e-02
3400,layers.1.qkv_lut.log_select_temp,5.943034e-01,4.044712e-03,6.805803e-03
3400,layers.1.v_lut.weights,4.400587e+01,8.149892e+00,1.852001e-01
3400,layers.1.v_lut.log_soft_score_temp,5.072510e-01,2.305710e-02,4.545502e-02
3400,layers.1.v_lut.log_select_temp,8.676122e-01,1.850128e-04,2.132437e-04
3400,layers.1.out_proj.weights,6.077316e+01,1.207301e+01,1.986570e-01
3400,layers.1.out_proj.log_soft_score_temp,7.058278e-01,2.453518e-02,3.476086e-02
3400,layers.1.out_proj.log_select_temp,1.049893e+00,6.255031e-03,5.957778e-03
3400,layers.1.residual_lut.weights,7.439525e+01,1.086573e+01,1.460541e-01
3400,layers.1.residual_lut.log_soft_score_temp,6.629487e-01,1.781231e-02,2.686831e-02
3400,layers.1.residual_lut.log_select_temp,9.250389e-01,4.764557e-03,5.150656e-03
3400,layers.1.q_norm.weight,8.538412e+00,2.559444e-02,2.997564e-03
3400,layers.1.q_norm.bias,4.195899e-01,1.547058e-02,3.687072e-02
3400,layers.1.k_norm.weight,8.512929e+00,2.494976e-02,2.930808e-03
3400,layers.1.k_norm.bias,7.610834e-01,2.476233e-02,3.253563e-02
3400,layers.1.ln_e.weight,6.919240e+00,1.789748e-02,2.586625e-03
3400,layers.1.ln_e.bias,3.017610e-02,5.406775e-03,1.791741e-01
3400,layers.2.qkv_lut.weights,4.402134e+01,8.524941e+00,1.936547e-01
3400,layers.2.qkv_lut.log_soft_score_temp,3.027807e-01,1.870850e-02,6.178894e-02
3400,layers.2.qkv_lut.log_select_temp,5.885130e-01,1.432359e-03,2.433862e-03
3400,layers.2.v_lut.weights,4.248459e+01,7.751757e+00,1.824604e-01
3400,layers.2.v_lut.log_soft_score_temp,6.604465e-01,1.463628e-02,2.216119e-02
3400,layers.2.v_lut.log_select_temp,8.647034e-01,2.961218e-03,3.424548e-03
3400,layers.2.out_proj.weights,5.593961e+01,1.151005e+01,2.057585e-01
3400,layers.2.out_proj.log_soft_score_temp,7.868229e-01,8.479238e-03,1.077655e-02
3400,layers.2.out_proj.log_select_temp,9.520389e-01,9.995639e-03,1.049919e-02
3400,layers.2.residual_lut.weights,5.879568e+01,1.092977e+01,1.858941e-01
3400,layers.2.residual_lut.log_soft_score_temp,6.253171e-01,3.903985e-03,6.243209e-03
3400,layers.2.residual_lut.log_select_temp,7.898450e-01,7.881224e-03,9.978191e-03
3400,layers.2.q_norm.weight,8.221431e+00,2.024317e-02,2.462245e-03
3400,layers.2.q_norm.bias,3.737949e-01,1.299571e-02,3.476696e-02
3400,layers.2.k_norm.weight,8.175151e+00,2.082635e-02,2.547518e-03
3400,layers.2.k_norm.bias,5.372311e-01,2.151498e-02,4.004789e-02
3400,layers.2.ln_e.weight,6.846350e+00,1.367575e-02,1.997525e-03
3400,layers.2.ln_e.bias,3.241030e-02,5.826477e-03,1.797724e-01
3400,layers.3.qkv_lut.weights,3.855003e+01,8.550602e+00,2.218053e-01
3400,layers.3.qkv_lut.log_soft_score_temp,6.256319e-01,5.810916e-03,9.288075e-03
3400,layers.3.qkv_lut.log_select_temp,7.005304e-01,5.849004e-04,8.349393e-04
3400,layers.3.v_lut.weights,3.303738e+01,7.069903e+00,2.139971e-01
3400,layers.3.v_lut.log_soft_score_temp,7.399927e-01,4.267752e-03,5.767289e-03
3400,layers.3.v_lut.log_select_temp,7.554564e-01,4.629552e-03,6.128153e-03
3400,layers.3.out_proj.weights,3.465239e+01,8.010926e+00,2.311796e-01
3400,layers.3.out_proj.log_soft_score_temp,7.640581e-01,6.170273e-03,8.075659e-03
3400,layers.3.out_proj.log_select_temp,8.158352e-01,1.870632e-03,2.292905e-03
3400,layers.3.residual_lut.weights,3.141051e+01,9.883752e+00,3.146638e-01
3400,layers.3.residual_lut.log_soft_score_temp,4.856802e-01,2.176583e-03,4.481515e-03
3400,layers.3.residual_lut.log_select_temp,5.969043e-01,5.762517e-03,9.654006e-03
3400,layers.3.q_norm.weight,8.072993e+00,1.868027e-02,2.313921e-03
3400,layers.3.q_norm.bias,2.187674e-01,1.587271e-02,7.255521e-02
3400,layers.3.k_norm.weight,8.064489e+00,1.879820e-02,2.330985e-03
3400,layers.3.k_norm.bias,3.085021e-01,1.786641e-02,5.791341e-02
3400,layers.3.ln_e.weight,6.512721e+00,1.618716e-02,2.485468e-03
3400,layers.3.ln_e.bias,8.425573e-02,1.643840e-02,1.951013e-01
3400,layers.4.qkv_lut.weights,2.167779e+01,3.216472e+00,1.483764e-01
3400,layers.4.qkv_lut.log_soft_score_temp,5.787128e-01,6.882846e-03,1.189337e-02
3400,layers.4.qkv_lut.log_select_temp,8.356999e-01,1.374483e-03,1.644709e-03
3400,layers.4.v_lut.weights,1.903290e+01,2.999990e+00,1.576213e-01
3400,layers.4.v_lut.log_soft_score_temp,5.029591e-01,6.695151e-03,1.331152e-02
3400,layers.4.v_lut.log_select_temp,8.086548e-01,3.240287e-03,4.007009e-03
3400,layers.4.out_proj.weights,3.379369e+01,1.183877e+00,3.503249e-02
3400,layers.4.out_proj.log_soft_score_temp,7.601734e-01,1.701415e-03,2.238193e-03
3400,layers.4.out_proj.log_select_temp,8.044469e-01,2.736568e-03,3.401801e-03
3400,layers.4.residual_lut.weights,2.594892e+01,7.686066e+00,2.961998e-01
3400,layers.4.residual_lut.log_soft_score_temp,4.575744e-01,2.770245e-03,6.054196e-03
3400,layers.4.residual_lut.log_select_temp,5.517924e-01,7.919669e-04,1.435262e-03
3400,layers.4.q_norm.weight,7.816748e+00,2.014915e-02,2.577690e-03
3400,layers.4.q_norm.bias,7.162148e-02,1.653878e-02,2.309193e-01
3400,layers.4.k_norm.weight,7.821970e+00,1.971834e-02,2.520892e-03
3400,layers.4.k_norm.bias,9.245501e-02,1.346098e-02,1.455949e-01
3400,layers.4.ln_e.weight,6.864415e+00,2.214428e-03,3.225953e-04
3400,layers.4.ln_e.bias,1.069411e-01,2.100487e-03,1.964154e-02
3400,layers.5.qkv_lut.weights,2.476820e+01,4.527701e+00,1.828030e-01
3400,layers.5.qkv_lut.log_soft_score_temp,6.438802e-01,4.612863e-03,7.164164e-03
3400,layers.5.qkv_lut.log_select_temp,9.413868e-01,5.629241e-03,5.979733e-03
3400,layers.5.v_lut.weights,2.122847e+01,3.891967e+00,1.833371e-01
3400,layers.5.v_lut.log_soft_score_temp,5.785168e-01,5.913854e-03,1.022244e-02
3400,layers.5.v_lut.log_select_temp,9.653683e-01,8.711159e-03,9.023664e-03
3400,layers.5.out_proj.weights,1.321105e+01,1.378923e+00,1.043765e-01
3400,layers.5.out_proj.log_soft_score_temp,6.787608e-01,4.532516e-03,6.677634e-03
3400,layers.5.out_proj.log_select_temp,7.683087e-01,1.208842e-03,1.573380e-03
3400,layers.5.residual_lut.weights,2.341957e+01,7.574121e+00,3.234099e-01
3400,layers.5.residual_lut.log_soft_score_temp,5.275682e-01,1.767874e-03,3.350986e-03
3400,layers.5.residual_lut.log_select_temp,5.802188e-01,1.287460e-03,2.218922e-03
3400,layers.5.q_norm.weight,7.873434e+00,2.153647e-02,2.735334e-03
3400,layers.5.q_norm.bias,7.705246e-02,1.979687e-02,2.569272e-01
3400,layers.5.k_norm.weight,7.876598e+00,2.068085e-02,2.625607e-03
3400,layers.5.k_norm.bias,1.248193e-01,1.933180e-02,1.548783e-01
3400,layers.5.ln_e.weight,6.251170e+00,6.544854e-02,1.046981e-02
3400,layers.5.ln_e.bias,8.894484e-02,2.430399e-03,2.732479e-02
3400,ln_final.weight,2.757854e+01,4.790952e-01,1.737203e-02
3400,ln_final.bias,7.581680e-01,4.363171e-02,5.754887e-02
3600,tok_emb_E.weight,7.438423e+01,2.628876e+00,3.534185e-02
3600,unembedder.weight,2.163246e+02,1.647446e+01,7.615620e-02
3600,layers.0.qkv_lut.weights,4.581853e+01,7.770750e+00,1.695984e-01
3600,layers.0.qkv_lut.log_soft_score_temp,5.293628e-01,1.006758e-02,1.901830e-02
3600,layers.0.qkv_lut.log_select_temp,5.426930e-01,1.122451e-02,2.068298e-02
3600,layers.0.v_lut.weights,4.617241e+01,7.457611e+00,1.615166e-01
3600,layers.0.v_lut.log_soft_score_temp,9.481172e-01,2.946961e-02,3.108224e-02
3600,layers.0.v_lut.log_select_temp,9.402932e-01,2.961022e-02,3.149041e-02
3600,layers.0.out_proj.weights,6.196555e+01,1.127645e+01,1.819794e-01
3600,layers.0.out_proj.log_soft_score_temp,7.524837e-01,2.841061e-02,3.775578e-02
3600,layers.0.out_proj.log_select_temp,1.187998e+00,7.870436e-03,6.624956e-03
3600,layers.0.residual_lut.weights,8.543315e+01,1.041750e+01,1.219374e-01
3600,layers.0.residual_lut.log_soft_score_temp,9.135749e-01,6.622434e-03,7.248923e-03
3600,layers.0.residual_lut.log_select_temp,1.101568e+00,1.474786e-02,1.338806e-02
3600,layers.0.q_norm.weight,9.266337e+00,2.850092e-02,3.075748e-03
3600,layers.0.q_norm.bias,8.025239e-01,1.763837e-02,2.197863e-02
3600,layers.0.k_norm.weight,9.176884e+00,2.719116e-02,2.963006e-03
3600,layers.0.k_norm.bias,1.067170e+00,2.605018e-02,2.441053e-02
3600,layers.0.ln_e.weight,7.062737e+00,1.044034e-02,1.478229e-03
3600,layers.0.ln_e.bias,5.832300e-02,3.848700e-03,6.598940e-02
3600,layers.1.qkv_lut.weights,4.553109e+01,7.980121e+00,1.752675e-01
3600,layers.1.qkv_lut.log_soft_score_temp,2.233267e-01,1.321997e-02,5.919564e-02
3600,layers.1.qkv_lut.log_select_temp,5.982963e-01,3.992975e-03,6.673908e-03
3600,layers.1.v_lut.weights,4.497062e+01,7.777126e+00,1.729379e-01
3600,layers.1.v_lut.log_soft_score_temp,4.833052e-01,2.394572e-02,4.954575e-02
3600,layers.1.v_lut.log_select_temp,8.666348e-01,9.773970e-04,1.127807e-03
3600,layers.1.out_proj.weights,6.212863e+01,1.152580e+01,1.855152e-01
3600,layers.1.out_proj.log_soft_score_temp,6.814449e-01,2.438289e-02,3.578116e-02
3600,layers.1.out_proj.log_select_temp,1.056918e+00,7.024527e-03,6.646238e-03
3600,layers.1.residual_lut.weights,7.609286e+01,1.043378e+01,1.371191e-01
3600,layers.1.residual_lut.log_soft_score_temp,6.421551e-01,2.079368e-02,3.238108e-02
3600,layers.1.residual_lut.log_select_temp,9.273074e-01,2.268434e-03,2.446259e-03
3600,layers.1.q_norm.weight,8.554870e+00,1.996737e-02,2.334035e-03
3600,layers.1.q_norm.bias,4.313459e-01,1.415975e-02,3.282689e-02
3600,layers.1.k_norm.weight,8.528522e+00,1.894773e-02,2.221690e-03
3600,layers.1.k_norm.bias,7.817325e-01,2.452356e-02,3.137079e-02
3600,layers.1.ln_e.weight,6.905338e+00,1.835827e-02,2.658562e-03
3600,layers.1.ln_e.bias,3.386733e-02,5.206598e-03,1.537351e-01
3600,layers.2.qkv_lut.weights,4.499784e+01,8.200830e+00,1.822494e-01
3600,layers.2.qkv_lut.log_soft_score_temp,2.867348e-01,1.604587e-02,5.596066e-02
3600,layers.2.qkv_lut.log_select_temp,5.889772e-01,4.642606e-04,7.882488e-04
3600,layers.2.v_lut.weights,4.345624e+01,7.398280e+00,1.702467e-01
3600,layers.2.v_lut.log_soft_score_temp,6.435890e-01,1.685750e-02,2.619297e-02
3600,layers.2.v_lut.log_select_temp,8.658248e-01,1.121402e-03,1.295183e-03
3600,layers.2.out_proj.weights,5.738239e+01,1.102367e+01,1.921090e-01
3600,layers.2.out_proj.log_soft_score_temp,7.760771e-01,1.074582e-02,1.384633e-02
3600,layers.2.out_proj.log_select_temp,9.606835e-01,8.644581e-03,8.998365e-03
3600,layers.2.residual_lut.weights,6.035819e+01,1.047918e+01,1.736165e-01
3600,layers.2.residual_lut.log_soft_score_temp,6.205364e-01,4.780650e-03,7.704060e-03
3600,layers.2.residual_lut.log_select_temp,7.975312e-01,7.686198e-03,9.637489e-03
3600,layers.2.q_norm.weight,8.233525e+00,2.008704e-02,2.439664e-03
3600,layers.2.q_norm.bias,3.801359e-01,1.312267e-02,3.452100e-02
3600,layers.2.k_norm.weight,8.186609e+00,2.041384e-02,2.493565e-03
3600,layers.2.k_norm.bias,5.466873e-01,1.630381e-02,2.982292e-02
3600,layers.2.ln_e.weight,6.840895e+00,1.257880e-02,1.838765e-03
3600,layers.2.ln_e.bias,3.386370e-02,6.287050e-03,1.856575e-01
3600,layers.3.qkv_lut.weights,3.962177e+01,8.154050e+00,2.057972e-01
3600,layers.3.qkv_lut.log_soft_score_temp,6.192385e-01,6.393433e-03,1.032467e-02
3600,layers.3.qkv_lut.log_select_temp,6.992715e-01,1.258910e-03,1.800316e-03
3600,layers.3.v_lut.weights,3.411912e+01,6.803008e+00,1.993899e-01
3600,layers.3.v_lut.log_soft_score_temp,7.429783e-01,2.985597e-03,4.018417e-03
3600,layers.3.v_lut.log_select_temp,7.590422e-01,3.585756e-03,4.724053e-03
3600,layers.3.out_proj.weights,3.576471e+01,7.760723e+00,2.169939e-01
3600,layers.3.out_proj.log_soft_score_temp,7.579706e-01,6.087482e-03,8.031290e-03
3600,layers.3.out_proj.log_select_temp,8.187773e-01,2.942145e-03,3.593339e-03
3600,layers.3.residual_lut.weights,3.252175e+01,9.679147e+00,2.976207e-01
3600,layers.3.residual_lut.log_soft_score_temp,4.881258e-01,2.445608e-03,5.010201e-03
3600,layers.3.residual_lut.log_select_temp,6.031505e-01,6.246269e-03,1.035607e-02
3600,layers.3.q_norm.weight,8.078278e+00,1.652932e-02,2.046144e-03
3600,layers.3.q_norm.bias,2.246602e-01,1.058869e-02,4.713200e-02
3600,layers.3.k_norm.weight,8.069792e+00,1.794940e-02,2.224270e-03
3600,layers.3.k_norm.bias,3.200106e-01,1.723456e-02,5.385622e-02
3600,layers.3.ln_e.weight,6.519310e+00,1.458587e-02,2.237333e-03
3600,layers.3.ln_e.bias,7.795476e-02,1.186837e-02,1.522469e-01
3600,layers.4.qkv_lut.weights,2.198113e+01,3.116423e+00,1.417772e-01
3600,layers.4.qkv_lut.log_soft_score_temp,5.727034e-01,6.009459e-03,1.049315e-02
3600,layers.4.qkv_lut.log_select_temp,8.359356e-01,2.357364e-04,2.820030e-04
3600,layers.4.v_lut.weights,1.939592e+01,2.832434e+00,1.460325e-01
3600,layers.4.v_lut.log_soft_score_temp,4.919351e-01,1.102397e-02,2.240940e-02
3600,layers.4.v_lut.log_select_temp,8.055642e-01,3.090620e-03,3.836591e-03
3600,layers.4.out_proj.weights,3.426181e+01,1.134869e+00,3.312345e-02
3600,layers.4.out_proj.log_soft_score_temp,7.617400e-01,1.566589e-03,2.056593e-03
3600,layers.4.out_proj.log_select_temp,8.067216e-01,2.274692e-03,2.819674e-03
3600,layers.4.residual_lut.weights,2.631428e+01,7.391750e+00,2.809026e-01
3600,layers.4.residual_lut.log_soft_score_temp,4.550654e-01,2.508998e-03,5.513489e-03
3600,layers.4.residual_lut.log_select_temp,5.510585e-01,7.338524e-04,1.331714e-03
3600,layers.4.q_norm.weight,7.818554e+00,2.057758e-02,2.631890e-03
3600,layers.4.q_norm.bias,7.022983e-02,1.628576e-02,2.318924e-01
3600,layers.4.k_norm.weight,7.824281e+00,1.908702e-02,2.439459e-03
3600,layers.4.k_norm.bias,9.579857e-02,1.682314e-02,1.756096e-01
3600,layers.4.ln_e.weight,6.863547e+00,1.831315e-03,2.668176e-04
3600,layers.4.ln_e.bias,1.076198e-01,1.692700e-03,1.572851e-02
3600,layers.5.qkv_lut.weights,2.517579e+01,4.321152e+00,1.716392e-01
3600,layers.5.qkv_lut.log_soft_score_temp,6.406012e-01,3.278971e-03,5.118583e-03
3600,layers.5.qkv_lut.log_select_temp,9.500126e-01,8.625805e-03,9.079674e-03
3600,layers.5.v_lut.weights,2.158199e+01,3.670511e+00,1.700729e-01
3600,layers.5.v_lut.log_soft_score_temp,5.755006e-01,3.016233e-03,5.241060e-03
3600,layers.5.v_lut.log_select_temp,9.724085e-01,7.040203e-03,7.239964e-03
3600,layers.5.out_proj.weights,1.334534e+01,1.307885e+00,9.800309e-02
3600,layers.5.out_proj.log_soft_score_temp,6.716347e-01,7.126033e-03,1.060998e-02
3600,layers.5.out_proj.log_select_temp,7.656403e-01,2.668381e-03,3.485162e-03
3600,layers.5.residual_lut.weights,2.375884e+01,7.183571e+00,3.023536e-01
3600,layers.5.residual_lut.log_soft_score_temp,5.258435e-01,1.724720e-03,3.279911e-03
3600,layers.5.residual_lut.log_select_temp,5.789595e-01,1.259327e-03,2.175156e-03
3600,layers.5.q_norm.weight,7.875468e+00,2.479646e-02,3.148570e-03
3600,layers.5.q_norm.bias,8.216546e-02,2.516126e-02,3.062267e-01
3600,layers.5.k_norm.weight,7.879776e+00,2.462103e-02,3.124585e-03
3600,layers.5.k_norm.bias,1.333523e-01,2.290883e-02,1.717918e-01
3600,layers.5.ln_e.weight,6.192106e+00,6.278869e-02,1.014012e-02
3600,layers.5.ln_e.bias,8.993915e-02,1.906648e-03,2.119931e-02
3600,ln_final.weight,2.803629e+01,4.622343e-01,1.648700e-02
3600,ln_final.bias,7.652534e-01,4.157110e-02,5.432331e-02
3800,tok_emb_E.weight,7.450613e+01,2.499264e+00,3.354440e-02
3800,unembedder.weight,2.184893e+02,1.579227e+01,7.227936e-02
3800,layers.0.qkv_lut.weights,4.668245e+01,7.383853e+00,1.581719e-01
3800,layers.0.qkv_lut.log_soft_score_temp,5.381958e-01,8.833051e-03,1.641234e-02
3800,layers.0.qkv_lut.log_select_temp,5.525831e-01,9.890079e-03,1.789790e-02
3800,layers.0.v_lut.weights,4.701144e+01,7.113997e+00,1.513248e-01
3800,layers.0.v_lut.log_soft_score_temp,9.758693e-01,2.775210e-02,2.843834e-02
3800,layers.0.v_lut.log_select_temp,9.681472e-01,2.785403e-02,2.877044e-02
3800,layers.0.out_proj.weights,6.316682e+01,1.072338e+01,1.697629e-01
3800,layers.0.out_proj.log_soft_score_temp,7.276379e-01,2.484578e-02,3.414580e-02
3800,layers.0.out_proj.log_select_temp,1.194898e+00,6.899357e-03,5.774015e-03
3800,layers.0.residual_lut.weights,8.733803e+01,9.889397e+00,1.132313e-01
3800,layers.0.residual_lut.log_soft_score_temp,9.082856e-01,5.289257e-03,5.823341e-03
3800,layers.0.residual_lut.log_select_temp,1.114988e+00,1.341975e-02,1.203578e-02
3800,layers.0.q_norm.weight,9.291096e+00,2.850941e-02,3.068466e-03
3800,layers.0.q_norm.bias,8.137745e-01,1.764277e-02,2.168017e-02
3800,layers.0.k_norm.weight,9.200158e+00,2.769801e-02,3.010602e-03
3800,layers.0.k_norm.bias,1.084917e+00,2.157838e-02,1.988944e-02
3800,layers.0.ln_e.weight,7.058563e+00,1.199431e-02,1.699257e-03
3800,layers.0.ln_e.bias,5.820046e-02,3.881612e-03,6.669383e-02
3800,layers.1.qkv_lut.weights,4.641968e+01,7.612522e+00,1.639934e-01
3800,layers.1.qkv_lut.log_soft_score_temp,2.116949e-01,1.163183e-02,5.494621e-02
3800,layers.1.qkv_lut.log_select_temp,6.040018e-01,5.705416e-03,9.446026e-03
3800,layers.1.v_lut.weights,4.583636e+01,7.396031e+00,1.613573e-01
3800,layers.1.v_lut.log_soft_score_temp,4.656906e-01,1.761466e-02,3.782482e-02
3800,layers.1.v_lut.log_select_temp,8.693615e-01,2.726734e-03,3.136478e-03
3800,layers.1.out_proj.weights,6.333210e+01,1.095249e+01,1.729374e-01
3800,layers.1.out_proj.log_soft_score_temp,6.591178e-01,2.232713e-02,3.387426e-02
3800,layers.1.out_proj.log_select_temp,1.064223e+00,7.305384e-03,6.864523e-03
3800,layers.1.residual_lut.weights,7.761331e+01,9.827394e+00,1.266199e-01
3800,layers.1.residual_lut.log_soft_score_temp,6.253567e-01,1.679832e-02,2.686198e-02
3800,layers.1.residual_lut.log_select_temp,9.302782e-01,2.970874e-03,3.193533e-03
3800,layers.1.q_norm.weight,8.575658e+00,2.456498e-02,2.864501e-03
3800,layers.1.q_norm.bias,4.408971e-01,1.400595e-02,3.176694e-02
3800,layers.1.k_norm.weight,8.548601e+00,2.385594e-02,2.790625e-03
3800,layers.1.k_norm.bias,8.001926e-01,2.382535e-02,2.977452e-02
3800,layers.1.ln_e.weight,6.892893e+00,1.604887e-02,2.328322e-03
3800,layers.1.ln_e.bias,3.694881e-02,4.723049e-03,1.278268e-01
3800,layers.2.qkv_lut.weights,4.586001e+01,7.758511e+00,1.691781e-01
3800,layers.2.qkv_lut.log_soft_score_temp,2.737539e-01,1.298088e-02,4.741805e-02
3800,layers.2.qkv_lut.log_select_temp,5.901919e-01,1.214683e-03,2.058115e-03
3800,layers.2.v_lut.weights,4.431195e+01,6.967289e+00,1.572327e-01
3800,layers.2.v_lut.log_soft_score_temp,6.296750e-01,1.391399e-02,2.209710e-02
3800,layers.2.v_lut.log_select_temp,8.668210e-01,9.961724e-04,1.149225e-03
3800,layers.2.out_proj.weights,5.870613e+01,1.049111e+01,1.787055e-01
3800,layers.2.out_proj.log_soft_score_temp,7.658530e-01,1.022404e-02,1.334988e-02
3800,layers.2.out_proj.log_select_temp,9.682111e-01,7.527530e-03,7.774679e-03
3800,layers.2.residual_lut.weights,6.172774e+01,9.907416e+00,1.605019e-01
3800,layers.2.residual_lut.log_soft_score_temp,6.167039e-01,3.832519e-03,6.214520e-03
3800,layers.2.residual_lut.log_select_temp,8.042955e-01,6.764293e-03,8.410209e-03
3800,layers.2.q_norm.weight,8.247685e+00,2.088052e-02,2.531682e-03
3800,layers.2.q_norm.bias,3.884788e-01,1.333488e-02,3.432590e-02
3800,layers.2.k_norm.weight,8.200361e+00,2.016509e-02,2.459049e-03
3800,layers.2.k_norm.bias,5.581180e-01,1.767165e-02,3.166293e-02
3800,layers.2.ln_e.weight,6.835733e+00,1.546703e-02,2.262673e-03
3800,layers.2.ln_e.bias,3.590788e-02,4.665853e-03,1.299395e-01
3800,layers.3.qkv_lut.weights,4.054951e+01,7.758842e+00,1.913424e-01
3800,layers.3.qkv_lut.log_soft_score_temp,6.134869e-01,5.751610e-03,9.375278e-03
3800,layers.3.qkv_lut.log_select_temp,6.982296e-01,1.041889e-03,1.492187e-03
3800,layers.3.v_lut.weights,3.501241e+01,6.427083e+00,1.835659e-01
3800,layers.3.v_lut.log_soft_score_temp,7.454386e-01,2.460241e-03,3.300394e-03
3800,layers.3.v_lut.log_select_temp,7.620645e-01,3.022254e-03,3.965876e-03
3800,layers.3.out_proj.weights,3.673283e+01,7.440609e+00,2.025602e-01
3800,layers.3.out_proj.log_soft_score_temp,7.513092e-01,6.661475e-03,8.866489e-03
3800,layers.3.out_proj.log_select_temp,8.203607e-01,1.583397e-03,1.930123e-03
3800,layers.3.residual_lut.weights,3.345582e+01,9.196454e+00,2.748835e-01
3800,layers.3.residual_lut.log_soft_score_temp,4.906149e-01,2.489120e-03,5.073470e-03
3800,layers.3.residual_lut.log_select_temp,6.087643e-01,5.613744e-03,9.221540e-03
3800,layers.3.q_norm.weight,8.084665e+00,1.891312e-02,2.339381e-03
3800,layers.3.q_norm.bias,2.351549e-01,1.557385e-02,6.622806e-02
3800,layers.3.k_norm.weight,8.077170e+00,1.841083e-02,2.279366e-03
3800,layers.3.k_norm.bias,3.289581e-01,1.506719e-02,4.580276e-02
3800,layers.3.ln_e.weight,6.525664e+00,1.337915e-02,2.050236e-03
3800,layers.3.ln_e.bias,7.520130e-02,1.490687e-02,1.982262e-01
3800,layers.4.qkv_lut.weights,2.222648e+01,2.837632e+00,1.276690e-01
3800,layers.4.qkv_lut.log_soft_score_temp,5.616500e-01,1.105338e-02,1.968020e-02
3800,layers.4.qkv_lut.log_select_temp,8.323302e-01,3.605425e-03,4.331725e-03
3800,layers.4.v_lut.weights,1.966793e+01,2.663395e+00,1.354182e-01
3800,layers.4.v_lut.log_soft_score_temp,4.831752e-01,8.759916e-03,1.812990e-02
3800,layers.4.v_lut.log_select_temp,8.043724e-01,1.191795e-03,1.481646e-03
3800,layers.4.out_proj.weights,3.462941e+01,1.043955e+00,3.014648e-02
3800,layers.4.out_proj.log_soft_score_temp,7.639749e-01,2.234876e-03,2.925327e-03
3800,layers.4.out_proj.log_select_temp,8.098094e-01,3.087819e-03,3.813019e-03
3800,layers.4.residual_lut.weights,2.660402e+01,7.245998e+00,2.723648e-01
3800,layers.4.residual_lut.log_soft_score_temp,4.531071e-01,1.958311e-03,4.321960e-03
3800,layers.4.residual_lut.log_select_temp,5.504759e-01,5.826354e-04,1.058421e-03
3800,layers.4.q_norm.weight,7.804662e+00,2.193901e-02,2.811013e-03
3800,layers.4.q_norm.bias,7.110365e-02,1.325480e-02,1.864151e-01
3800,layers.4.k_norm.weight,7.810158e+00,1.974492e-02,2.528107e-03
3800,layers.4.k_norm.bias,1.000991e-01,1.637932e-02,1.636310e-01
3800,layers.4.ln_e.weight,6.862692e+00,1.786156e-03,2.602704e-04
3800,layers.4.ln_e.bias,1.081967e-01,1.664016e-03,1.537954e-02
3800,layers.5.qkv_lut.weights,2.562238e+01,4.439515e+00,1.732671e-01
3800,layers.5.qkv_lut.log_soft_score_temp,6.392216e-01,1.379609e-03,2.158264e-03
3800,layers.5.qkv_lut.log_select_temp,9.572677e-01,7.255077e-03,7.578943e-03
3800,layers.5.v_lut.weights,2.201984e+01,3.886632e+00,1.765059e-01
3800,layers.5.v_lut.log_soft_score_temp,5.726728e-01,2.827764e-03,4.937834e-03
3800,layers.5.v_lut.log_select_temp,9.794111e-01,7.002532e-03,7.149738e-03
3800,layers.5.out_proj.weights,1.346937e+01,1.276105e+00,9.474129e-02
3800,layers.5.out_proj.log_soft_score_temp,6.666756e-01,4.959106e-03,7.438560e-03
3800,layers.5.out_proj.log_select_temp,7.638053e-01,1.834989e-03,2.402430e-03
3800,layers.5.residual_lut.weights,2.401946e+01,6.961697e+00,2.898356e-01
3800,layers.5.residual_lut.log_soft_score_temp,5.243461e-01,1.497447e-03,2.855838e-03
3800,layers.5.residual_lut.log_select_temp,5.778718e-01,1.087666e-03,1.882192e-03
3800,layers.5.q_norm.weight,7.870872e+00,2.191179e-02,2.783909e-03
3800,layers.5.q_norm.bias,8.759040e-02,2.241138e-02,2.558657e-01
3800,layers.5.k_norm.weight,7.875912e+00,2.118570e-02,2.689936e-03
3800,layers.5.k_norm.bias,1.404542e-01,1.994211e-02,1.419830e-01
3800,layers.5.ln_e.weight,6.131245e+00,6.510042e-02,1.061782e-02
3800,layers.5.ln_e.bias,9.078098e-02,1.719728e-03,1.894371e-02
3800,ln_final.weight,2.847536e+01,4.436482e-01,1.558007e-02
3800,ln_final.bias,7.699342e-01,3.824535e-02,4.967353e-02
4000,tok_emb_E.weight,7.461696e+01,2.358305e+00,3.160548e-02
4000,unembedder.weight,2.203158e+02,1.467160e+01,6.659348e-02
4000,layers.0.qkv_lut.weights,4.743333e+01,7.032207e+00,1.482546e-01
4000,layers.0.qkv_lut.log_soft_score_temp,5.465307e-01,8.334875e-03,1.525052e-02
4000,layers.0.qkv_lut.log_select_temp,5.618880e-01,9.304941e-03,1.656013e-02
4000,layers.0.v_lut.weights,4.774091e+01,6.766533e+00,1.417345e-01
4000,layers.0.v_lut.log_soft_score_temp,1.004354e+00,2.848423e-02,2.836076e-02
4000,layers.0.v_lut.log_select_temp,9.967602e-01,2.861297e-02,2.870597e-02
4000,layers.0.out_proj.weights,6.422409e+01,1.015436e+01,1.581082e-01
4000,layers.0.out_proj.log_soft_score_temp,7.051008e-01,2.253711e-02,3.196296e-02
4000,layers.0.out_proj.log_select_temp,1.204586e+00,9.688139e-03,8.042715e-03
4000,layers.0.residual_lut.weights,8.901840e+01,9.364925e+00,1.052021e-01
4000,layers.0.residual_lut.log_soft_score_temp,9.020209e-01,6.264746e-03,6.945234e-03
4000,layers.0.residual_lut.log_select_temp,1.127266e+00,1.227856e-02,1.089233e-02
4000,layers.0.q_norm.weight,9.308735e+00,2.255493e-02,2.422986e-03
4000,layers.0.q_norm.bias,8.258992e-01,1.667150e-02,2.018587e-02
4000,layers.0.k_norm.weight,9.215325e+00,2.072089e-02,2.248525e-03
4000,layers.0.k_norm.bias,1.103144e+00,2.387623e-02,2.164380e-02
4000,layers.0.ln_e.weight,7.053652e+00,9.005332e-03,1.276691e-03
4000,layers.0.ln_e.bias,5.733792e-02,4.894821e-03,8.536795e-02
4000,layers.1.qkv_lut.weights,4.719564e+01,7.230677e+00,1.532065e-01
4000,layers.1.qkv_lut.log_soft_score_temp,2.016244e-01,1.007049e-02,4.994677e-02
4000,layers.1.qkv_lut.log_select_temp,6.097253e-01,5.723536e-03,9.387073e-03
4000,layers.1.v_lut.weights,4.659386e+01,6.982078e+00,1.498497e-01
4000,layers.1.v_lut.log_soft_score_temp,4.470454e-01,1.864514e-02,4.170748e-02
4000,layers.1.v_lut.log_select_temp,8.700157e-01,6.542206e-04,7.519641e-04
4000,layers.1.out_proj.weights,6.439523e+01,1.036152e+01,1.609051e-01
4000,layers.1.out_proj.log_soft_score_temp,6.372701e-01,2.184772e-02,3.428330e-02
4000,layers.1.out_proj.log_select_temp,1.070435e+00,6.211758e-03,5.803023e-03
4000,layers.1.residual_lut.weights,7.895260e+01,9.327509e+00,1.181406e-01
4000,layers.1.residual_lut.log_soft_score_temp,6.075742e-01,1.778257e-02,2.926815e-02
4000,layers.1.residual_lut.log_select_temp,9.318024e-01,1.524150e-03,1.635701e-03
4000,layers.1.q_norm.weight,8.592020e+00,1.900214e-02,2.211604e-03
4000,layers.1.q_norm.bias,4.507850e-01,1.351786e-02,2.998737e-02
4000,layers.1.k_norm.weight,8.564339e+00,1.893309e-02,2.210689e-03
4000,layers.1.k_norm.bias,8.156395e-01,1.964380e-02,2.408392e-02
4000,layers.1.ln_e.weight,6.879958e+00,1.596781e-02,2.320917e-03
4000,layers.1.ln_e.bias,3.999723e-02,5.256225e-03,1.314147e-01
4000,layers.2.qkv_lut.weights,4.660614e+01,7.363006e+00,1.579836e-01
4000,layers.2.qkv_lut.log_soft_score_temp,2.594472e-01,1.430675e-02,5.514322e-02
4000,layers.2.qkv_lut.log_select_temp,5.913879e-01,1.195967e-03,2.022306e-03
4000,layers.2.v_lut.weights,4.508103e+01,6.591326e+00,1.462106e-01
4000,layers.2.v_lut.log_soft_score_temp,6.150187e-01,1.465631e-02,2.383067e-02
4000,layers.2.v_lut.log_select_temp,8.679098e-01,1.088798e-03,1.254506e-03
4000,layers.2.out_proj.weights,5.983289e+01,9.901268e+00,1.654820e-01
4000,layers.2.out_proj.log_soft_score_temp,7.552554e-01,1.059765e-02,1.403187e-02
4000,layers.2.out_proj.log_select_temp,9.752311e-01,7.020056e-03,7.198351e-03
4000,layers.2.residual_lut.weights,6.293694e+01,9.391998e+00,1.492287e-01
4000,layers.2.residual_lut.log_soft_score_temp,6.135288e-01,3.175080e-03,5.175111e-03
4000,layers.2.residual_lut.log_select_temp,8.114377e-01,7.142186e-03,8.801891e-03
4000,layers.2.q_norm.weight,8.257442e+00,1.826955e-02,2.212495e-03
4000,layers.2.q_norm.bias,3.941438e-01,9.781921e-03,2.481815e-02
4000,layers.2.k_norm.weight,8.209920e+00,1.862535e-02,2.268640e-03
4000,layers.2.k_norm.bias,5.661522e-01,1.441897e-02,2.546836e-02
4000,layers.2.ln_e.weight,6.831037e+00,1.493585e-02,2.186469e-03
4000,layers.2.ln_e.bias,3.666415e-02,4.202703e-03,1.146271e-01
4000,layers.3.qkv_lut.weights,4.134921e+01,7.349022e+00,1.777307e-01
4000,layers.3.qkv_lut.log_soft_score_temp,6.086545e-01,4.832387e-03,7.939458e-03
4000,layers.3.qkv_lut.log_select_temp,6.977583e-01,4.713535e-04,6.755256e-04
4000,layers.3.v_lut.weights,3.579272e+01,6.126935e+00,1.711782e-01
4000,layers.3.v_lut.log_soft_score_temp,7.488807e-01,3.442168e-03,4.596417e-03
4000,layers.3.v_lut.log_select_temp,7.658653e-01,3.800809e-03,4.962765e-03
4000,layers.3.out_proj.weights,3.760441e+01,7.083665e+00,1.883732e-01
4000,layers.3.out_proj.log_soft_score_temp,7.451994e-01,6.109715e-03,8.198764e-03
4000,layers.3.out_proj.log_select_temp,8.221646e-01,1.803875e-03,2.194056e-03
4000,layers.3.residual_lut.weights,3.432294e+01,8.697498e+00,2.534019e-01
4000,layers.3.residual_lut.log_soft_score_temp,4.934577e-01,2.842814e-03,5.761008e-03
4000,layers.3.residual_lut.log_select_temp,6.150761e-01,6.311774e-03,1.026178e-02
4000,layers.3.q_norm.weight,8.088208e+00,1.647682e-02,2.037140e-03
4000,layers.3.q_norm.bias,2.387097e-01,1.332072e-02,5.580302e-02
4000,layers.3.k_norm.weight,8.080329e+00,1.839495e-02,2.276511e-03
4000,layers.3.k_norm.bias,3.326924e-01,1.330402e-02,3.998896e-02
4000,layers.3.ln_e.weight,6.532689e+00,1.324483e-02,2.027470e-03
4000,layers.3.ln_e.bias,7.227740e-02,1.474712e-02,2.040350e-01
4000,layers.4.qkv_lut.weights,2.244218e+01,2.604606e+00,1.160585e-01
4000,layers.4.qkv_lut.log_soft_score_temp,5.547937e-01,6.856322e-03,1.235833e-02
4000,layers.4.qkv_lut.log_select_temp,8.297102e-01,2.619982e-03,3.157707e-03
4000,layers.4.v_lut.weights,1.992866e+01,2.486766e+00,1.247834e-01
4000,layers.4.v_lut.log_soft_score_temp,4.756832e-01,7.492036e-03,1.575005e-02
4000,layers.4.v_lut.log_select_temp,8.007959e-01,3.576458e-03,4.466129e-03
4000,layers.4.out_proj.weights,3.496693e+01,9.733037e-01,2.783497e-02
4000,layers.4.out_proj.log_soft_score_temp,7.645049e-01,5.300045e-04,6.932650e-04
4000,layers.4.out_proj.log_select_temp,8.113319e-01,1.522481e-03,1.876521e-03
4000,layers.4.residual_lut.weights,2.683864e+01,6.860392e+00,2.556162e-01
4000,layers.4.residual_lut.log_soft_score_temp,4.511219e-01,1.985222e-03,4.400634e-03
4000,layers.4.residual_lut.log_select_temp,5.498376e-01,6.383061e-04,1.160899e-03
4000,layers.4.q_norm.weight,7.791894e+00,1.918901e-02,2.462689e-03
4000,layers.4.q_norm.bias,7.203975e-02,1.435646e-02,1.992853e-01
4000,layers.4.k_norm.weight,7.797435e+00,2.011603e-02,2.579827e-03
4000,layers.4.k_norm.bias,1.047155e-01,1.536991e-02,1.467779e-01
4000,layers.4.ln_e.weight,6.861855e+00,1.976672e-03,2.880668e-04
4000,layers.4.ln_e.bias,1.088787e-01,1.819141e-03,1.670796e-02
4000,layers.5.qkv_lut.weights,2.598641e+01,4.042963e+00,1.555799e-01
4000,layers.5.qkv_lut.log_soft_score_temp,6.360438e-01,3.177762e-03,4.996137e-03
4000,layers.5.qkv_lut.log_select_temp,9.647689e-01,7.501245e-03,7.775172e-03
4000,layers.5.v_lut.weights,2.234614e+01,3.483848e+00,1.559038e-01
4000,layers.5.v_lut.log_soft_score_temp,5.677730e-01,4.899859e-03,8.629962e-03
4000,layers.5.v_lut.log_select_temp,9.845249e-01,5.113840e-03,5.194221e-03
4000,layers.5.out_proj.weights,1.359052e+01,1.173289e+00,8.633141e-02
4000,layers.5.out_proj.log_soft_score_temp,6.593747e-01,7.300913e-03,1.107248e-02
4000,layers.5.out_proj.log_select_temp,7.605108e-01,3.294528e-03,4.331993e-03
4000,layers.5.residual_lut.weights,2.417436e+01,6.599467e+00,2.729945e-01
4000,layers.5.residual_lut.log_soft_score_temp,5.228007e-01,1.545370e-03,2.955944e-03
4000,layers.5.residual_lut.log_select_temp,5.767212e-01,1.150608e-03,1.995085e-03
4000,layers.5.q_norm.weight,7.869018e+00,1.795133e-02,2.281267e-03
4000,layers.5.q_norm.bias,9.275664e-02,2.184850e-02,2.355464e-01
4000,layers.5.k_norm.weight,7.873815e+00,1.726542e-02,2.192764e-03
4000,layers.5.k_norm.bias,1.434157e-01,1.493995e-02,1.041724e-01
4000,layers.5.ln_e.weight,6.071141e+00,6.399867e-02,1.054146e-02
4000,layers.5.ln_e.bias,9.177258e-02,1.740387e-03,1.896413e-02
4000,ln_final.weight,2.889084e+01,4.197544e-01,1.452898e-02
4000,ln_final.bias,7.764872e-01,3.526632e-02,4.541777e-02
4200,tok_emb_E.weight,7.471967e+01,2.222392e+00,2.974307e-02
4200,unembedder.weight,2.220803e+02,1.367797e+01,6.159019e-02
4200,layers.0.qkv_lut.weights,4.810049e+01,6.640995e+00,1.380650e-01
4200,layers.0.qkv_lut.log_soft_score_temp,5.527020e-01,6.171227e-03,1.116556e-02
4200,layers.0.qkv_lut.log_select_temp,5.689094e-01,7.021368e-03,1.234180e-02
4200,layers.0.v_lut.weights,4.838209e+01,6.404549e+00,1.323744e-01
4200,layers.0.v_lut.log_soft_score_temp,1.030130e+00,2.577686e-02,2.502291e-02
4200,layers.0.v_lut.log_select_temp,1.022527e+00,2.576643e-02,2.519879e-02
4200,layers.0.out_proj.weights,6.515793e+01,9.571214e+00,1.468925e-01
4200,layers.0.out_proj.log_soft_score_temp,6.828662e-01,2.223462e-02,3.256072e-02
4200,layers.0.out_proj.log_select_temp,1.213097e+00,8.511186e-03,7.016081e-03
4200,layers.0.residual_lut.weights,9.051294e+01,8.836984e+00,9.763227e-02
4200,layers.0.residual_lut.log_soft_score_temp,8.944196e-01,7.601261e-03,8.498540e-03
4200,layers.0.residual_lut.log_select_temp,1.137964e+00,1.069736e-02,9.400446e-03
4200,layers.0.q_norm.weight,9.324178e+00,2.002296e-02,2.147423e-03
4200,layers.0.q_norm.bias,8.347507e-01,1.301976e-02,1.559719e-02
4200,layers.0.k_norm.weight,9.229514e+00,1.988034e-02,2.153996e-03
4200,layers.0.k_norm.bias,1.115102e+00,1.808193e-02,1.621549e-02
4200,layers.0.ln_e.weight,7.048766e+00,1.177299e-02,1.670221e-03
4200,layers.0.ln_e.bias,5.637287e-02,4.198667e-03,7.448028e-02
4200,layers.1.qkv_lut.weights,4.787019e+01,6.809387e+00,1.422469e-01
4200,layers.1.qkv_lut.log_soft_score_temp,1.922912e-01,9.333253e-03,4.853709e-02
4200,layers.1.qkv_lut.log_select_temp,6.159005e-01,6.175160e-03,1.002623e-02
4200,layers.1.v_lut.weights,4.726509e+01,6.615058e+00,1.399565e-01
4200,layers.1.v_lut.log_soft_score_temp,4.312217e-01,1.582378e-02,3.669524e-02
4200,layers.1.v_lut.log_select_temp,8.726463e-01,2.630532e-03,3.014431e-03
4200,layers.1.out_proj.weights,6.533560e+01,9.762939e+00,1.494276e-01
4200,layers.1.out_proj.log_soft_score_temp,6.174595e-01,1.981062e-02,3.208408e-02
4200,layers.1.out_proj.log_select_temp,1.078247e+00,7.811904e-03,7.245006e-03
4200,layers.1.residual_lut.weights,8.016018e+01,8.778525e+00,1.095123e-01
4200,layers.1.residual_lut.log_soft_score_temp,5.919542e-01,1.561993e-02,2.638706e-02
4200,layers.1.residual_lut.log_select_temp,9.335904e-01,1.787961e-03,1.915145e-03
4200,layers.1.q_norm.weight,8.605398e+00,1.607211e-02,1.867677e-03
4200,layers.1.q_norm.bias,4.579039e-01,1.054669e-02,2.303254e-02
4200,layers.1.k_norm.weight,8.577397e+00,1.670759e-02,1.947862e-03
4200,layers.1.k_norm.bias,8.309342e-01,1.894334e-02,2.279764e-02
4200,layers.1.ln_e.weight,6.868325e+00,1.513304e-02,2.203308e-03
4200,layers.1.ln_e.bias,4.287934e-02,4.463334e-03,1.040906e-01
4200,layers.2.qkv_lut.weights,4.728800e+01,6.940614e+00,1.467733e-01
4200,layers.2.qkv_lut.log_soft_score_temp,2.469973e-01,1.244986e-02,5.040484e-02
4200,layers.2.qkv_lut.log_select_temp,5.936190e-01,2.231121e-03,3.758507e-03
4200,layers.2.v_lut.weights,4.575576e+01,6.257035e+00,1.367486e-01
4200,layers.2.v_lut.log_soft_score_temp,5.995463e-01,1.547241e-02,2.580687e-02
4200,layers.2.v_lut.log_select_temp,8.669395e-01,9.703040e-04,1.119229e-03
4200,layers.2.out_proj.weights,6.083625e+01,9.344951e+00,1.536083e-01
4200,layers.2.out_proj.log_soft_score_temp,7.452239e-01,1.003146e-02,1.346100e-02
4200,layers.2.out_proj.log_select_temp,9.818867e-01,6.655574e-03,6.778352e-03
4200,layers.2.residual_lut.weights,6.403678e+01,8.853947e+00,1.382635e-01
4200,layers.2.residual_lut.log_soft_score_temp,6.105099e-01,3.018975e-03,4.945006e-03
4200,layers.2.residual_lut.log_select_temp,8.177901e-01,6.352425e-03,7.767794e-03
4200,layers.2.q_norm.weight,8.269683e+00,1.846607e-02,2.232985e-03
4200,layers.2.q_norm.bias,3.979810e-01,8.176674e-03,2.054539e-02
4200,layers.2.k_norm.weight,8.221518e+00,1.853672e-02,2.254659e-03
4200,layers.2.k_norm.bias,5.760751e-01,1.689263e-02,2.932366e-02
4200,layers.2.ln_e.weight,6.826408e+00,1.292329e-02,1.893132e-03
4200,layers.2.ln_e.bias,3.841400e-02,3.138856e-03,8.171125e-02
4200,layers.3.qkv_lut.weights,4.207890e+01,6.940145e+00,1.649317e-01
4200,layers.3.qkv_lut.log_soft_score_temp,6.038336e-01,4.820883e-03,7.983794e-03
4200,layers.3.qkv_lut.log_select_temp,6.967643e-01,9.939671e-04,1.426547e-03
4200,layers.3.v_lut.weights,3.653237e+01,5.821898e+00,1.593627e-01
4200,layers.3.v_lut.log_soft_score_temp,7.506548e-01,1.774073e-03,2.363367e-03
4200,layers.3.v_lut.log_select_temp,7.683324e-01,2.467155e-03,3.211052e-03
4200,layers.3.out_proj.weights,3.836516e+01,6.732403e+00,1.754822e-01
4200,layers.3.out_proj.log_soft_score_temp,7.390066e-01,6.192863e-03,8.379984e-03
4200,layers.3.out_proj.log_select_temp,8.236271e-01,1.462460e-03,1.775633e-03
4200,layers.3.residual_lut.weights,3.506750e+01,8.322107e+00,2.373168e-01
4200,layers.3.residual_lut.log_soft_score_temp,4.960913e-01,2.633601e-03,5.308703e-03
4200,layers.3.residual_lut.log_select_temp,6.207479e-01,5.671799e-03,9.137042e-03
4200,layers.3.q_norm.weight,8.086066e+00,1.243049e-02,1.537273e-03
4200,layers.3.q_norm.bias,2.403251e-01,9.680755e-03,4.028191e-02
4200,layers.3.k_norm.weight,8.078519e+00,1.338598e-02,1.656985e-03
4200,layers.3.k_norm.bias,3.357457e-01,1.438949e-02,4.285832e-02
4200,layers.3.ln_e.weight,6.540461e+00,1.343994e-02,2.054892e-03
4200,layers.3.ln_e.bias,7.233585e-02,1.662393e-02,2.298160e-01
4200,layers.4.qkv_lut.weights,2.264563e+01,2.550861e+00,1.126425e-01
4200,layers.4.qkv_lut.log_soft_score_temp,5.521522e-01,2.641499e-03,4.784006e-03
4200,layers.4.qkv_lut.log_select_temp,8.300886e-01,3.784299e-04,4.558910e-04
4200,layers.4.v_lut.weights,2.016390e+01,2.334940e+00,1.157980e-01
4200,layers.4.v_lut.log_soft_score_temp,4.713215e-01,4.361659e-03,9.254106e-03
4200,layers.4.v_lut.log_select_temp,8.000619e-01,7.340312e-04,9.174680e-04
4200,layers.4.out_proj.weights,3.526810e+01,9.019227e-01,2.557333e-02
4200,layers.4.out_proj.log_soft_score_temp,7.654007e-01,8.957982e-04,1.170365e-03
4200,layers.4.out_proj.log_select_temp,8.126756e-01,1.343668e-03,1.653387e-03
4200,layers.4.residual_lut.weights,2.703324e+01,6.374428e+00,2.357996e-01
4200,layers.4.residual_lut.log_soft_score_temp,4.493815e-01,1.740366e-03,3.872803e-03
4200,layers.4.residual_lut.log_select_temp,5.493203e-01,5.172491e-04,9.416165e-04
4200,layers.4.q_norm.weight,7.783772e+00,1.443609e-02,1.854639e-03
4200,layers.4.q_norm.bias,7.012971e-02,1.324598e-02,1.888782e-01
4200,layers.4.k_norm.weight,7.788960e+00,1.601822e-02,2.056529e-03
4200,layers.4.k_norm.bias,1.053905e-01,1.328924e-02,1.260953e-01
4200,layers.4.ln_e.weight,6.861232e+00,1.687639e-03,2.459673e-04
4200,layers.4.ln_e.bias,1.093713e-01,1.616991e-03,1.478441e-02
4200,layers.5.qkv_lut.weights,2.630878e+01,3.758704e+00,1.428688e-01
4200,layers.5.qkv_lut.log_soft_score_temp,6.324574e-01,3.586471e-03,5.670692e-03
4200,layers.5.qkv_lut.log_select_temp,9.712961e-01,6.527185e-03,6.720078e-03
4200,layers.5.v_lut.weights,2.260513e+01,3.212553e+00,1.421161e-01
4200,layers.5.v_lut.log_soft_score_temp,5.628191e-01,4.953921e-03,8.801978e-03
4200,layers.5.v_lut.log_select_temp,9.898358e-01,5.310893e-03,5.365428e-03
4200,layers.5.out_proj.weights,1.367843e+01,1.141293e+00,8.343740e-02
4200,layers.5.out_proj.log_soft_score_temp,6.551378e-01,4.236937e-03,6.467245e-03
4200,layers.5.out_proj.log_select_temp,7.587008e-01,1.809955e-03,2.385597e-03
4200,layers.5.residual_lut.weights,2.433833e+01,6.181617e+00,2.539870e-01
4200,layers.5.residual_lut.log_soft_score_temp,5.214607e-01,1.340032e-03,2.569766e-03
4200,layers.5.residual_lut.log_select_temp,5.757352e-01,9.859800e-04,1.712558e-03
4200,layers.5.q_norm.weight,7.862710e+00,2.034689e-02,2.587770e-03
4200,layers.5.q_norm.bias,8.817358e-02,2.025988e-02,2.297726e-01
4200,layers.5.k_norm.weight,7.866364e+00,2.168494e-02,2.756666e-03
4200,layers.5.k_norm.bias,1.369376e-01,1.769390e-02,1.292115e-01
4200,layers.5.ln_e.weight,6.013301e+00,6.210655e-02,1.032820e-02
4200,layers.5.ln_e.bias,9.250741e-02,1.440886e-03,1.557590e-02
4200,ln_final.weight,2.928918e+01,4.022154e-01,1.373256e-02
4200,ln_final.bias,7.840816e-01,3.528477e-02,4.500140e-02
4400,tok_emb_E.weight,7.481564e+01,2.071460e+00,2.768753e-02
4400,unembedder.weight,2.236047e+02,1.294033e+01,5.787146e-02
4400,layers.0.qkv_lut.weights,4.866964e+01,6.239706e+00,1.282053e-01
4400,layers.0.qkv_lut.log_soft_score_temp,5.603207e-01,7.618785e-03,1.359719e-02
4400,layers.0.qkv_lut.log_select_temp,5.773549e-01,8.445501e-03,1.462792e-02
4400,layers.0.v_lut.weights,4.893939e+01,6.018395e+00,1.229765e-01
4400,layers.0.v_lut.log_soft_score_temp,1.055450e+00,2.531934e-02,2.398915e-02
4400,layers.0.v_lut.log_select_temp,1.047937e+00,2.541053e-02,2.424815e-02
4400,layers.0.out_proj.weights,6.598139e+01,8.973507e+00,1.360006e-01
4400,layers.0.out_proj.log_soft_score_temp,6.650793e-01,1.778692e-02,2.674406e-02
4400,layers.0.out_proj.log_select_temp,1.225822e+00,1.272476e-02,1.038059e-02
4400,layers.0.residual_lut.weights,9.183713e+01,8.289326e+00,9.026116e-02
4400,layers.0.residual_lut.log_soft_score_temp,8.863207e-01,8.098900e-03,9.137663e-03
4400,layers.0.residual_lut.log_select_temp,1.147463e+00,9.499073e-03,8.278329e-03
4400,layers.0.q_norm.weight,9.346368e+00,2.615624e-02,2.798546e-03
4400,layers.0.q_norm.bias,8.456229e-01,1.552820e-02,1.836304e-02
4400,layers.0.k_norm.weight,9.249152e+00,2.409723e-02,2.605345e-03
4400,layers.0.k_norm.bias,1.130975e+00,2.093265e-02,1.850850e-02
4400,layers.0.ln_e.weight,7.044601e+00,1.143740e-02,1.623569e-03
4400,layers.0.ln_e.bias,5.652807e-02,3.310632e-03,5.856616e-02
4400,layers.1.qkv_lut.weights,4.845611e+01,6.402525e+00,1.321304e-01
4400,layers.1.qkv_lut.log_soft_score_temp,1.854616e-01,6.829515e-03,3.682441e-02
4400,layers.1.qkv_lut.log_select_temp,6.213641e-01,5.463660e-03,8.793008e-03
4400,layers.1.v_lut.weights,4.784459e+01,6.192933e+00,1.294385e-01
4400,layers.1.v_lut.log_soft_score_temp,4.157825e-01,1.543921e-02,3.713291e-02
4400,layers.1.v_lut.log_select_temp,8.759102e-01,3.263891e-03,3.726285e-03
4400,layers.1.out_proj.weights,6.615160e+01,9.141205e+00,1.381857e-01
4400,layers.1.out_proj.log_soft_score_temp,5.982677e-01,1.919174e-02,3.207885e-02
4400,layers.1.out_proj.log_select_temp,1.085632e+00,7.385015e-03,6.802505e-03
4400,layers.1.residual_lut.weights,8.121278e+01,8.278626e+00,1.019375e-01
4400,layers.1.residual_lut.log_soft_score_temp,5.770929e-01,1.486129e-02,2.575198e-02
4400,layers.1.residual_lut.log_select_temp,9.352663e-01,1.675963e-03,1.791964e-03
4400,layers.1.q_norm.weight,8.622068e+00,1.923215e-02,2.230572e-03
4400,layers.1.q_norm.bias,4.651678e-01,9.435792e-03,2.028471e-02
4400,layers.1.k_norm.weight,8.593028e+00,1.884709e-02,2.193300e-03
4400,layers.1.k_norm.bias,8.445343e-01,1.710866e-02,2.025810e-02
4400,layers.1.ln_e.weight,6.856880e+00,1.420533e-02,2.071689e-03
4400,layers.1.ln_e.bias,4.640445e-02,4.553422e-03,9.812470e-02
4400,layers.2.qkv_lut.weights,4.785496e+01,6.509507e+00,1.360257e-01
4400,layers.2.qkv_lut.log_soft_score_temp,2.355865e-01,1.141080e-02,4.843572e-02
4400,layers.2.qkv_lut.log_select_temp,5.965511e-01,2.932072e-03,4.915039e-03
4400,layers.2.v_lut.weights,4.634261e+01,5.834461e+00,1.258984e-01
4400,layers.2.v_lut.log_soft_score_temp,5.850673e-01,1.447904e-02,2.474765e-02
4400,layers.2.v_lut.log_select_temp,8.662816e-01,6.579161e-04,7.594714e-04
4400,layers.2.out_proj.weights,6.175129e+01,8.798915e+00,1.424896e-01
4400,layers.2.out_proj.log_soft_score_temp,7.355269e-01,9.697020e-03,1.318377e-02
4400,layers.2.out_proj.log_select_temp,9.876365e-01,5.749822e-03,5.821799e-03
4400,layers.2.residual_lut.weights,6.500720e+01,8.351820e+00,1.284753e-01
4400,layers.2.residual_lut.log_soft_score_temp,6.075023e-01,3.007591e-03,4.950748e-03
4400,layers.2.residual_lut.log_select_temp,8.245856e-01,6.795526e-03,8.241140e-03
4400,layers.2.q_norm.weight,8.281915e+00,1.824986e-02,2.203580e-03
4400,layers.2.q_norm.bias,4.055975e-01,1.081878e-02,2.667368e-02
4400,layers.2.k_norm.weight,8.233202e+00,1.789445e-02,2.173449e-03
4400,layers.2.k_norm.bias,5.845473e-01,1.261607e-02,2.158262e-02
4400,layers.2.ln_e.weight,6.823421e+00,1.218700e-02,1.786055e-03
4400,layers.2.ln_e.bias,4.196120e-02,5.576572e-03,1.328983e-01
4400,layers.3.qkv_lut.weights,4.267866e+01,6.509851e+00,1.525317e-01
4400,layers.3.qkv_lut.log_soft_score_temp,5.992928e-01,4.540801e-03,7.576932e-03
4400,layers.3.qkv_lut.log_select_temp,6.964620e-01,3.022552e-04,4.339865e-04
4400,layers.3.v_lut.weights,3.712673e+01,5.437066e+00,1.464461e-01
4400,layers.3.v_lut.log_soft_score_temp,7.531646e-01,2.509832e-03,3.332382e-03
4400,layers.3.v_lut.log_select_temp,7.712845e-01,2.952039e-03,3.827433e-03
4400,layers.3.out_proj.weights,3.903867e+01,6.302332e+00,1.614382e-01
4400,layers.3.out_proj.log_soft_score_temp,7.319985e-01,7.008076e-03,9.573894e-03
4400,layers.3.out_proj.log_select_temp,8.247036e-01,1.076579e-03,1.305413e-03
4400,layers.3.residual_lut.weights,3.571945e+01,7.785472e+00,2.179617e-01
4400,layers.3.residual_lut.log_soft_score_temp,4.998018e-01,3.710479e-03,7.423900e-03
4400,layers.3.residual_lut.log_select_temp,6.283132e-01,7.565379e-03,1.204078e-02
4400,layers.3.q_norm.weight,8.090645e+00,1.141893e-02,1.411374e-03
4400,layers.3.q_norm.bias,2.428385e-01,1.127911e-02,4.644693e-02
4400,layers.3.k_norm.weight,8.082486e+00,1.315488e-02,1.627578e-03
4400,layers.3.k_norm.bias,3.390071e-01,1.195594e-02,3.526753e-02
4400,layers.3.ln_e.weight,6.550072e+00,1.483997e-02,2.265620e-03
4400,layers.3.ln_e.bias,7.482792e-02,1.351026e-02,1.805511e-01
4400,layers.4.qkv_lut.weights,2.281257e+01,2.321070e+00,1.017452e-01
4400,layers.4.qkv_lut.log_soft_score_temp,5.471559e-01,4.996240e-03,9.131291e-03
4400,layers.4.qkv_lut.log_select_temp,8.288119e-01,1.276672e-03,1.540364e-03
4400,layers.4.v_lut.weights,2.034904e+01,2.138930e+00,1.051121e-01
4400,layers.4.v_lut.log_soft_score_temp,4.660846e-01,5.236864e-03,1.123587e-02
4400,layers.4.v_lut.log_select_temp,7.983071e-01,1.754820e-03,2.198177e-03
4400,layers.4.out_proj.weights,3.549786e+01,8.324392e-01,2.345041e-02
4400,layers.4.out_proj.log_soft_score_temp,7.661247e-01,7.240176e-04,9.450388e-04
4400,layers.4.out_proj.log_select_temp,8.138456e-01,1.170039e-03,1.437667e-03
4400,layers.4.residual_lut.weights,2.716479e+01,6.153168e+00,2.265126e-01
4400,layers.4.residual_lut.log_soft_score_temp,4.479432e-01,1.438349e-03,3.211009e-03
4400,layers.4.residual_lut.log_select_temp,5.488372e-01,4.831553e-04,8.803253e-04
4400,layers.4.q_norm.weight,7.775665e+00,1.565625e-02,2.013493e-03
4400,layers.4.q_norm.bias,6.803916e-02,1.170589e-02,1.720464e-01
4400,layers.4.k_norm.weight,7.780988e+00,1.490731e-02,1.915864e-03
4400,layers.4.k_norm.bias,1.044702e-01,1.213129e-02,1.161220e-01
4400,layers.4.ln_e.weight,6.860616e+00,1.349324e-03,1.966768e-04
4400,layers.4.ln_e.bias,1.098922e-01,1.248121e-03,1.135768e-02
4400,layers.5.qkv_lut.weights,2.659040e+01,3.639286e+00,1.368647e-01
4400,layers.5.qkv_lut.log_soft_score_temp,6.301293e-01,2.328098e-03,3.694635e-03
4400,layers.5.qkv_lut.log_select_temp,9.760934e-01,4.797220e-03,4.914715e-03
4400,layers.5.v_lut.weights,2.285285e+01,3.122582e+00,1.366386e-01
4400,layers.5.v_lut.log_soft_score_temp,5.585129e-01,4.306138e-03,7.710005e-03
4400,layers.5.v_lut.log_select_temp,9.953923e-01,5.556524e-03,5.582245e-03
4400,layers.5.out_proj.weights,1.375706e+01,1.055348e+00,7.671317e-02
4400,layers.5.out_proj.log_soft_score_temp,6.516211e-01,3.516674e-03,5.396808e-03
4400,layers.5.out_proj.log_select_temp,7.576080e-01,1.092851e-03,1.442502e-03
4400,layers.5.residual_lut.weights,2.446657e+01,5.936331e+00,2.426303e-01
4400,layers.5.residual_lut.log_soft_score_temp,5.202485e-01,1.212120e-03,2.329887e-03
4400,layers.5.residual_lut.log_select_temp,5.748238e-01,9.114146e-04,1.585555e-03
4400,layers.5.q_norm.weight,7.866346e+00,1.997405e-02,2.539178e-03
4400,layers.5.q_norm.bias,9.459446e-02,2.070121e-02,2.188416e-01
4400,layers.5.k_norm.weight,7.870512e+00,1.991224e-02,2.529980e-03
4400,layers.5.k_norm.bias,1.448579e-01,1.850755e-02,1.277635e-01
4400,layers.5.ln_e.weight,5.959365e+00,5.781081e-02,9.700833e-03
4400,layers.5.ln_e.bias,9.329109e-02,1.523466e-03,1.633025e-02
4400,ln_final.weight,2.966819e+01,3.822659e-01,1.288471e-02
4400,ln_final.bias,7.905492e-01,3.259883e-02,4.123567e-02
4600,tok_emb_E.weight,7.490256e+01,1.937210e+00,2.586306e-02
4600,unembedder.weight,2.251010e+02,1.191521e+01,5.293274e-02
4600,layers.0.qkv_lut.weights,4.915985e+01,5.853541e+00,1.190716e-01
4600,layers.0.qkv_lut.log_soft_score_temp,5.675732e-01,7.252514e-03,1.277811e-02
4600,layers.0.qkv_lut.log_select_temp,5.853003e-01,7.945418e-03,1.357494e-02
4600,layers.0.v_lut.weights,4.942904e+01,5.629111e+00,1.138827e-01
4600,layers.0.v_lut.log_soft_score_temp,1.079178e+00,2.372825e-02,2.198734e-02
4600,layers.0.v_lut.log_select_temp,1.071734e+00,2.379704e-02,2.220423e-02
4600,layers.0.out_proj.weights,6.668444e+01,8.385784e+00,1.257532e-01
4600,layers.0.out_proj.log_soft_score_temp,6.476911e-01,1.738822e-02,2.684648e-02
4600,layers.0.out_proj.log_select_temp,1.235659e+00,9.837270e-03,7.961153e-03
4600,layers.0.residual_lut.weights,9.301720e+01,7.801241e+00,8.386880e-02
4600,layers.0.residual_lut.log_soft_score_temp,8.770335e-01,9.287179e-03,1.058931e-02
4600,layers.0.residual_lut.log_select_temp,1.157904e+00,1.044106e-02,9.017214e-03
4600,layers.0.q_norm.weight,9.364610e+00,2.145058e-02,2.290601e-03
4600,layers.0.q_norm.bias,8.562226e-01,1.437920e-02,1.679377e-02
4600,layers.0.k_norm.weight,9.266148e+00,2.025780e-02,2.186216e-03
4600,layers.0.k_norm.bias,1.145193e+00,1.920975e-02,1.677426e-02
4600,layers.0.ln_e.weight,7.039840e+00,9.816089e-03,1.394362e-03
4600,layers.0.ln_e.bias,5.552976e-02,4.278166e-03,7.704276e-02
4600,layers.1.qkv_lut.weights,4.896809e+01,5.993114e+00,1.223882e-01
4600,layers.1.qkv_lut.log_soft_score_temp,1.782036e-01,7.258058e-03,4.072902e-02
4600,layers.1.qkv_lut.log_select_temp,6.261163e-01,4.752219e-03,7.589993e-03
4600,layers.1.v_lut.weights,4.836991e+01,5.789506e+00,1.196923e-01
4600,layers.1.v_lut.log_soft_score_temp,4.025575e-01,1.322496e-02,3.285235e-02
4600,layers.1.v_lut.log_select_temp,8.778413e-01,1.931131e-03,2.199863e-03
4600,layers.1.out_proj.weights,6.684880e+01,8.536529e+00,1.276991e-01
4600,layers.1.out_proj.log_soft_score_temp,5.806052e-01,1.766253e-02,3.042089e-02
4600,layers.1.out_proj.log_select_temp,1.093509e+00,7.877469e-03,7.203843e-03
4600,layers.1.residual_lut.weights,8.207681e+01,7.782916e+00,9.482479e-02
4600,layers.1.residual_lut.log_soft_score_temp,5.579349e-01,1.915801e-02,3.433735e-02
4600,layers.1.residual_lut.log_select_temp,9.340082e-01,1.258075e-03,1.346964e-03
4600,layers.1.q_norm.weight,8.636113e+00,1.723170e-02,1.995308e-03
4600,layers.1.q_norm.bias,4.731689e-01,1.089591e-02,2.302752e-02
4600,layers.1.k_norm.weight,8.606165e+00,1.595488e-02,1.853889e-03
4600,layers.1.k_norm.bias,8.596187e-01,1.935402e-02,2.251466e-02
4600,layers.1.ln_e.weight,6.844479e+00,1.508117e-02,2.203406e-03
4600,layers.1.ln_e.bias,4.995655e-02,4.396072e-03,8.799791e-02
4600,layers.2.qkv_lut.weights,4.834383e+01,6.104837e+00,1.262796e-01
4600,layers.2.qkv_lut.log_soft_score_temp,2.239133e-01,1.167320e-02,5.213266e-02
4600,layers.2.qkv_lut.log_select_temp,5.987501e-01,2.198994e-03,3.672641e-03
4600,layers.2.v_lut.weights,4.686721e+01,5.517809e+00,1.177328e-01
4600,layers.2.v_lut.log_soft_score_temp,5.706383e-01,1.442897e-02,2.528567e-02
4600,layers.2.v_lut.log_select_temp,8.646933e-01,1.588225e-03,1.836750e-03
4600,layers.2.out_proj.weights,6.254023e+01,8.204922e+00,1.311943e-01
4600,layers.2.out_proj.log_soft_score_temp,7.243922e-01,1.113474e-02,1.537115e-02
4600,layers.2.out_proj.log_select_temp,9.947218e-01,7.085323e-03,7.122919e-03
4600,layers.2.residual_lut.weights,6.578928e+01,7.864931e+00,1.195473e-01
4600,layers.2.residual_lut.log_soft_score_temp,6.032359e-01,4.266381e-03,7.072492e-03
4600,layers.2.residual_lut.log_select_temp,8.309402e-01,6.354570e-03,7.647446e-03
4600,layers.2.q_norm.weight,8.289912e+00,1.461315e-02,1.762763e-03
4600,layers.2.q_norm.bias,4.081580e-01,9.552854e-03,2.340480e-02
4600,layers.2.k_norm.weight,8.240296e+00,1.501734e-02,1.822428e-03
4600,layers.2.k_norm.bias,5.901409e-01,1.182236e-02,2.003312e-02
4600,layers.2.ln_e.weight,6.818565e+00,1.060219e-02,1.554900e-03
4600,layers.2.ln_e.bias,4.290777e-02,2.999546e-03,6.990684e-02
4600,layers.3.qkv_lut.weights,4.323067e+01,6.097726e+00,1.410509e-01
4600,layers.3.qkv_lut.log_soft_score_temp,5.936504e-01,5.642414e-03,9.504608e-03
4600,layers.3.qkv_lut.log_select_temp,6.953286e-01,1.133442e-03,1.630081e-03
4600,layers.3.v_lut.weights,3.764249e+01,5.122202e+00,1.360750e-01
4600,layers.3.v_lut.log_soft_score_temp,7.548581e-01,1.693428e-03,2.243372e-03
4600,layers.3.v_lut.log_select_temp,7.737437e-01,2.459288e-03,3.178427e-03
4600,layers.3.out_proj.weights,3.961586e+01,5.971457e+00,1.507340e-01
4600,layers.3.out_proj.log_soft_score_temp,7.249074e-01,7.091105e-03,9.782084e-03
4600,layers.3.out_proj.log_select_temp,8.247206e-01,1.698732e-05,2.059767e-05
4600,layers.3.residual_lut.weights,3.629898e+01,7.414198e+00,2.042536e-01
4600,layers.3.residual_lut.log_soft_score_temp,5.037833e-01,3.981501e-03,7.903202e-03
4600,layers.3.residual_lut.log_select_temp,6.357151e-01,7.401884e-03,1.164340e-02
4600,layers.3.q_norm.weight,8.093764e+00,1.313187e-02,1.622467e-03
4600,layers.3.q_norm.bias,2.444875e-01,1.075523e-02,4.399093e-02
4600,layers.3.k_norm.weight,8.086557e+00,1.378836e-02,1.705097e-03
4600,layers.3.k_norm.bias,3.397784e-01,1.220073e-02,3.590790e-02
4600,layers.3.ln_e.weight,6.559288e+00,1.405364e-02,2.142556e-03
4600,layers.3.ln_e.bias,7.942015e-02,1.586075e-02,1.997069e-01
4600,layers.4.qkv_lut.weights,2.296460e+01,2.225844e+00,9.692501e-02
4600,layers.4.qkv_lut.log_soft_score_temp,5.460920e-01,1.063943e-03,1.948285e-03
4600,layers.4.qkv_lut.log_select_temp,8.304833e-01,1.671374e-03,2.012532e-03
4600,layers.4.v_lut.weights,2.050417e+01,2.021013e+00,9.856592e-02
4600,layers.4.v_lut.log_soft_score_temp,4.628043e-01,3.280312e-03,7.087902e-03
4600,layers.4.v_lut.log_select_temp,7.970238e-01,1.283288e-03,1.610100e-03
4600,layers.4.out_proj.weights,3.572526e+01,7.990801e-01,2.236737e-02
4600,layers.4.out_proj.log_soft_score_temp,7.662188e-01,9.405613e-05,1.227536e-04
4600,layers.4.out_proj.log_select_temp,8.143660e-01,5.204082e-04,6.390347e-04
4600,layers.4.residual_lut.weights,2.720872e+01,5.663785e+00,2.081606e-01
4600,layers.4.residual_lut.log_soft_score_temp,4.464530e-01,1.490176e-03,3.337811e-03
4600,layers.4.residual_lut.log_select_temp,5.483471e-01,4.900694e-04,8.937211e-04
4600,layers.4.q_norm.weight,7.772537e+00,1.279988e-02,1.646809e-03
4600,layers.4.q_norm.bias,6.848800e-02,1.240364e-02,1.811067e-01
4600,layers.4.k_norm.weight,7.777603e+00,1.162378e-02,1.494520e-03
4600,layers.4.k_norm.bias,1.067380e-01,1.144345e-02,1.072106e-01
4600,layers.4.ln_e.weight,6.860099e+00,1.430539e-03,2.085304e-04
4600,layers.4.ln_e.bias,1.104116e-01,1.373807e-03,1.244259e-02
4600,layers.5.qkv_lut.weights,2.683393e+01,3.278311e+00,1.221704e-01
4600,layers.5.qkv_lut.log_soft_score_temp,6.282286e-01,1.900673e-03,3.025448e-03
4600,layers.5.qkv_lut.log_select_temp,9.791000e-01,3.006697e-03,3.070878e-03
4600,layers.5.v_lut.weights,2.307904e+01,2.771328e+00,1.200799e-01
4600,layers.5.v_lut.log_soft_score_temp,5.578876e-01,6.253719e-04,1.120964e-03
4600,layers.5.v_lut.log_select_temp,1.002388e+00,6.996036e-03,6.979366e-03
4600,layers.5.out_proj.weights,1.383624e+01,9.550149e-01,6.902271e-02
4600,layers.5.out_proj.log_soft_score_temp,6.492146e-01,2.406538e-03,3.706845e-03
4600,layers.5.out_proj.log_select_temp,7.570419e-01,5.660653e-04,7.477331e-04
4600,layers.5.residual_lut.weights,2.449070e+01,5.531551e+00,2.258633e-01
4600,layers.5.residual_lut.log_soft_score_temp,5.191088e-01,1.139760e-03,2.195609e-03
4600,layers.5.residual_lut.log_select_temp,5.739724e-01,8.513927e-04,1.483334e-03
4600,layers.5.q_norm.weight,7.868429e+00,1.412383e-02,1.795000e-03
4600,layers.5.q_norm.bias,9.473405e-02,1.353061e-02,1.428274e-01
4600,layers.5.k_norm.weight,7.872826e+00,1.252437e-02,1.590836e-03
4600,layers.5.k_norm.bias,1.467876e-01,1.407354e-02,9.587687e-02
4600,layers.5.ln_e.weight,5.907006e+00,5.577269e-02,9.441786e-03
4600,layers.5.ln_e.bias,9.403057e-02,1.273108e-03,1.353930e-02
4600,ln_final.weight,3.003240e+01,3.663400e-01,1.219816e-02
4600,ln_final.bias,8.001859e-01,3.311809e-02,4.138799e-02
4800,tok_emb_E.weight,7.497971e+01,1.799086e+00,2.399431e-02
4800,unembedder.weight,2.264103e+02,1.114497e+01,4.922466e-02
4800,layers.0.qkv_lut.weights,4.958316e+01,5.453131e+00,1.099795e-01
4800,layers.0.qkv_lut.log_soft_score_temp,5.759614e-01,8.388102e-03,1.456365e-02
4800,layers.0.qkv_lut.log_select_temp,5.943530e-01,9.052694e-03,1.523117e-02
4800,layers.0.v_lut.weights,4.983866e+01,5.244221e+00,1.052240e-01
4800,layers.0.v_lut.log_soft_score_temp,1.100402e+00,2.122378e-02,1.928730e-02
4800,layers.0.v_lut.log_select_temp,1.092944e+00,2.121019e-02,1.940647e-02
4800,layers.0.out_proj.weights,6.728626e+01,7.787309e+00,1.157340e-01
4800,layers.0.out_proj.log_soft_score_temp,6.345079e-01,1.318318e-02,2.077701e-02
4800,layers.0.out_proj.log_select_temp,1.244437e+00,8.777976e-03,7.053774e-03
4800,layers.0.residual_lut.weights,9.400664e+01,7.221939e+00,7.682371e-02
4800,layers.0.residual_lut.log_soft_score_temp,8.685935e-01,8.440018e-03,9.716879e-03
4800,layers.0.residual_lut.log_select_temp,1.166074e+00,8.170485e-03,7.006832e-03
4800,layers.0.q_norm.weight,9.390045e+00,2.761290e-02,2.940657e-03
4800,layers.0.q_norm.bias,8.676736e-01,1.437101e-02,1.656269e-02
4800,layers.0.k_norm.weight,9.289428e+00,2.555135e-02,2.750584e-03
4800,layers.0.k_norm.bias,1.163088e+00,2.050832e-02,1.763264e-02
4800,layers.0.ln_e.weight,7.036260e+00,8.931293e-03,1.269324e-03
4800,layers.0.ln_e.bias,5.549996e-02,3.358507e-03,6.051368e-02
4800,layers.1.qkv_lut.weights,4.940083e+01,5.572030e+00,1.127922e-01
4800,layers.1.qkv_lut.log_soft_score_temp,1.722183e-01,5.985260e-03,3.475391e-02
4800,layers.1.qkv_lut.log_select_temp,6.309378e-01,4.821420e-03,7.641673e-03
4800,layers.1.v_lut.weights,4.880695e+01,5.386137e+00,1.103559e-01
4800,layers.1.v_lut.log_soft_score_temp,3.902394e-01,1.231807e-02,3.156543e-02
4800,layers.1.v_lut.log_select_temp,8.807220e-01,2.880752e-03,3.270898e-03
4800,layers.1.out_proj.weights,6.745187e+01,7.920190e+00,1.174199e-01
4800,layers.1.out_proj.log_soft_score_temp,5.645213e-01,1.608396e-02,2.849132e-02
4800,layers.1.out_proj.log_select_temp,1.101027e+00,7.517457e-03,6.827679e-03
4800,layers.1.residual_lut.weights,8.284767e+01,7.198432e+00,8.688756e-02
4800,layers.1.residual_lut.log_soft_score_temp,5.431736e-01,1.476133e-02,2.717608e-02
4800,layers.1.residual_lut.log_select_temp,9.341900e-01,1.817942e-04,1.946008e-04
4800,layers.1.q_norm.weight,8.649235e+00,1.583967e-02,1.831338e-03
4800,layers.1.q_norm.bias,4.797581e-01,9.801181e-03,2.042942e-02
4800,layers.1.k_norm.weight,8.618786e+00,1.585811e-02,1.839947e-03
4800,layers.1.k_norm.bias,8.725606e-01,1.678723e-02,1.923904e-02
4800,layers.1.ln_e.weight,6.833880e+00,1.371922e-02,2.007530e-03
4800,layers.1.ln_e.bias,5.335070e-02,4.518559e-03,8.469540e-02
4800,layers.2.qkv_lut.weights,4.877402e+01,5.625584e+00,1.153397e-01
4800,layers.2.qkv_lut.log_soft_score_temp,2.146337e-01,9.279639e-03,4.323477e-02
4800,layers.2.qkv_lut.log_select_temp,6.016639e-01,2.913833e-03,4.842958e-03
4800,layers.2.v_lut.weights,4.731133e+01,5.101779e+00,1.078342e-01
4800,layers.2.v_lut.log_soft_score_temp,5.584443e-01,1.219398e-02,2.183562e-02
4800,layers.2.v_lut.log_select_temp,8.639565e-01,7.368326e-04,8.528585e-04
4800,layers.2.out_proj.weights,6.323335e+01,7.636658e+00,1.207695e-01
4800,layers.2.out_proj.log_soft_score_temp,7.145188e-01,9.873390e-03,1.381824e-02
4800,layers.2.out_proj.log_select_temp,1.000036e+00,5.314052e-03,5.313861e-03
4800,layers.2.residual_lut.weights,6.647894e+01,7.278793e+00,1.094902e-01
4800,layers.2.residual_lut.log_soft_score_temp,5.997446e-01,3.491342e-03,5.821382e-03
4800,layers.2.residual_lut.log_select_temp,8.366441e-01,5.703866e-03,6.817555e-03
4800,layers.2.q_norm.weight,8.301921e+00,1.569188e-02,1.890150e-03
4800,layers.2.q_norm.bias,4.120940e-01,7.955527e-03,1.930513e-02
4800,layers.2.k_norm.weight,8.251756e+00,1.688501e-02,2.046232e-03
4800,layers.2.k_norm.bias,5.964898e-01,1.176918e-02,1.973073e-02
4800,layers.2.ln_e.weight,6.814213e+00,1.302275e-02,1.911116e-03
4800,layers.2.ln_e.bias,4.502492e-02,3.643591e-03,8.092388e-02
4800,layers.3.qkv_lut.weights,4.370459e+01,5.713918e+00,1.307395e-01
4800,layers.3.qkv_lut.log_soft_score_temp,5.894265e-01,4.223943e-03,7.166191e-03
4800,layers.3.qkv_lut.log_select_temp,6.951805e-01,1.481175e-04,2.130634e-04
4800,layers.3.v_lut.weights,3.812167e+01,4.791876e+00,1.256995e-01
4800,layers.3.v_lut.log_soft_score_temp,7.586570e-01,3.798902e-03,5.007404e-03
4800,layers.3.v_lut.log_select_temp,7.778908e-01,4.147053e-03,5.331150e-03
4800,layers.3.out_proj.weights,4.012639e+01,5.637138e+00,1.404846e-01
4800,layers.3.out_proj.log_soft_score_temp,7.188255e-01,6.081879e-03,8.460856e-03
4800,layers.3.out_proj.log_select_temp,8.264341e-01,1.713455e-03,2.073311e-03
4800,layers.3.residual_lut.weights,3.681081e+01,6.882528e+00,1.869703e-01
4800,layers.3.residual_lut.log_soft_score_temp,5.079781e-01,4.194796e-03,8.257829e-03
4800,layers.3.residual_lut.log_select_temp,6.432708e-01,7.555664e-03,1.174570e-02
4800,layers.3.q_norm.weight,8.098506e+00,1.570026e-02,1.938661e-03
4800,layers.3.q_norm.bias,2.485887e-01,9.748584e-03,3.921572e-02
4800,layers.3.k_norm.weight,8.091632e+00,1.518682e-02,1.876855e-03
4800,layers.3.k_norm.bias,3.427827e-01,8.855457e-03,2.583403e-02
4800,layers.3.ln_e.weight,6.568911e+00,1.443977e-02,2.198199e-03
4800,layers.3.ln_e.bias,8.851884e-02,1.458085e-02,1.647203e-01
4800,layers.4.qkv_lut.weights,2.309301e+01,2.040684e+00,8.836802e-02
4800,layers.4.qkv_lut.log_soft_score_temp,5.445745e-01,1.517475e-03,2.786533e-03
4800,layers.4.qkv_lut.log_select_temp,8.307776e-01,2.943277e-04,3.542798e-04
4800,layers.4.v_lut.weights,2.063699e+01,1.892531e+00,9.170579e-02
4800,layers.4.v_lut.log_soft_score_temp,4.601812e-01,2.623081e-03,5.700105e-03
4800,layers.4.v_lut.log_select_temp,7.964523e-01,5.714297e-04,7.174688e-04
4800,layers.4.out_proj.weights,3.590383e+01,7.338338e-01,2.043888e-02
4800,layers.4.out_proj.log_soft_score_temp,7.667383e-01,5.195141e-04,6.775638e-04
4800,layers.4.out_proj.log_select_temp,8.149731e-01,6.070733e-04,7.448998e-04
4800,layers.4.residual_lut.weights,2.728020e+01,5.296821e+00,1.941636e-01
4800,layers.4.residual_lut.log_soft_score_temp,4.454169e-01,1.036108e-03,2.326152e-03
4800,layers.4.residual_lut.log_select_temp,5.481006e-01,2.465248e-04,4.497802e-04
4800,layers.4.q_norm.weight,7.769323e+00,1.062326e-02,1.367334e-03
4800,layers.4.q_norm.bias,6.676024e-02,1.015100e-02,1.520515e-01
4800,layers.4.k_norm.weight,7.774529e+00,1.064832e-02,1.369642e-03
4800,layers.4.k_norm.bias,1.067235e-01,9.272209e-03,8.688067e-02
4800,layers.4.ln_e.weight,6.859968e+00,1.237073e-03,1.803323e-04
4800,layers.4.ln_e.bias,1.105920e-01,1.284789e-03,1.161738e-02
4800,layers.5.qkv_lut.weights,2.703877e+01,3.038250e+00,1.123664e-01
4800,layers.5.qkv_lut.log_soft_score_temp,6.260057e-01,2.222896e-03,3.550919e-03
4800,layers.5.qkv_lut.log_select_temp,9.825741e-01,3.474057e-03,3.535669e-03
4800,layers.5.v_lut.weights,2.325773e+01,2.632763e+00,1.131995e-01
4800,layers.5.v_lut.log_soft_score_temp,5.555143e-01,2.373278e-03,4.272218e-03
4800,layers.5.v_lut.log_select_temp,1.009454e+00,7.065535e-03,6.999363e-03
4800,layers.5.out_proj.weights,1.389630e+01,9.089133e-01,6.540687e-02
4800,layers.5.out_proj.log_soft_score_temp,6.457062e-01,3.508329e-03,5.433321e-03
4800,layers.5.out_proj.log_select_temp,7.550504e-01,1.991510e-03,2.637586e-03
4800,layers.5.residual_lut.weights,2.453061e+01,5.027699e+00,2.049561e-01
4800,layers.5.residual_lut.log_soft_score_temp,5.183004e-01,8.084178e-04,1.559748e-03
4800,layers.5.residual_lut.log_select_temp,5.734214e-01,5.509853e-04,9.608733e-04
4800,layers.5.q_norm.weight,7.868602e+00,1.247785e-02,1.585777e-03
4800,layers.5.q_norm.bias,9.778822e-02,1.324292e-02,1.354245e-01
4800,layers.5.k_norm.weight,7.872756e+00,1.305862e-02,1.658710e-03
4800,layers.5.k_norm.bias,1.481251e-01,1.427602e-02,9.637813e-02
4800,layers.5.ln_e.weight,5.855870e+00,5.496382e-02,9.386106e-03
4800,layers.5.ln_e.bias,9.429006e-02,1.379602e-03,1.463147e-02
4800,ln_final.weight,3.036972e+01,3.397158e-01,1.118601e-02
4800,ln_final.bias,8.069526e-01,3.095376e-02,3.835884e-02
5000,tok_emb_E.weight,7.505052e+01,1.659745e+00,2.211504e-02
5000,unembedder.weight,2.275117e+02,1.005119e+01,4.417876e-02
5000,layers.0.qkv_lut.weights,4.994251e+01,5.039193e+00,1.008999e-01
5000,layers.0.qkv_lut.log_soft_score_temp,5.843169e-01,8.355558e-03,1.429970e-02
5000,layers.0.qkv_lut.log_select_temp,6.033781e-01,9.025097e-03,1.495761e-02
5000,layers.0.v_lut.weights,5.018744e+01,4.857968e+00,9.679651e-02
5000,layers.0.v_lut.log_soft_score_temp,1.121120e+00,2.071786e-02,1.847962e-02
5000,layers.0.v_lut.log_select_temp,1.113759e+00,2.081501e-02,1.868897e-02
5000,layers.0.out_proj.weights,6.779549e+01,7.174786e+00,1.058298e-01
5000,layers.0.out_proj.log_soft_score_temp,6.220378e-01,1.247007e-02,2.004712e-02
5000,layers.0.out_proj.log_select_temp,1.254184e+00,9.747148e-03,7.771705e-03
5000,layers.0.residual_lut.weights,9.491473e+01,6.688929e+00,7.047303e-02
5000,layers.0.residual_lut.log_soft_score_temp,8.610516e-01,7.541955e-03,8.759005e-03
5000,layers.0.residual_lut.log_select_temp,1.174181e+00,8.106828e-03,6.904240e-03
5000,layers.0.q_norm.weight,9.407372e+00,2.107277e-02,2.240027e-03
5000,layers.0.q_norm.bias,8.758559e-01,1.196167e-02,1.365712e-02
5000,layers.0.k_norm.weight,9.305152e+00,1.932333e-02,2.076627e-03
5000,layers.0.k_norm.bias,1.175887e+00,1.528155e-02,1.299577e-02
5000,layers.0.ln_e.weight,7.033670e+00,6.885393e-03,9.789189e-04
5000,layers.0.ln_e.bias,5.475169e-02,3.470622e-03,6.338839e-02
5000,layers.1.qkv_lut.weights,4.977445e+01,5.128356e+00,1.030319e-01
5000,layers.1.qkv_lut.log_soft_score_temp,1.689854e-01,3.232971e-03,1.913166e-02
5000,layers.1.qkv_lut.log_select_temp,6.373659e-01,6.428182e-03,1.008554e-02
5000,layers.1.v_lut.weights,4.918398e+01,4.958731e+00,1.008200e-01
5000,layers.1.v_lut.log_soft_score_temp,3.797233e-01,1.051608e-02,2.769405e-02
5000,layers.1.v_lut.log_select_temp,8.851230e-01,4.400969e-03,4.972155e-03
5000,layers.1.out_proj.weights,6.796719e+01,7.307936e+00,1.075215e-01
5000,layers.1.out_proj.log_soft_score_temp,5.499291e-01,1.459211e-02,2.653453e-02
5000,layers.1.out_proj.log_select_temp,1.108283e+00,7.255912e-03,6.546987e-03
5000,layers.1.residual_lut.weights,8.352491e+01,6.652950e+00,7.965228e-02
5000,layers.1.residual_lut.log_soft_score_temp,5.286962e-01,1.447743e-02,2.738327e-02
5000,layers.1.residual_lut.log_select_temp,9.342639e-01,7.390976e-05,7.911015e-05
5000,layers.1.q_norm.weight,8.661913e+00,1.463300e-02,1.689350e-03
5000,layers.1.q_norm.bias,4.857953e-01,9.498152e-03,1.955176e-02
5000,layers.1.k_norm.weight,8.631053e+00,1.470056e-02,1.703218e-03
5000,layers.1.k_norm.bias,8.810386e-01,1.229630e-02,1.395659e-02
5000,layers.1.ln_e.weight,6.824126e+00,1.287887e-02,1.887256e-03
5000,layers.1.ln_e.bias,5.597299e-02,3.702723e-03,6.615196e-02
5000,layers.2.qkv_lut.weights,4.912639e+01,5.216484e+00,1.061850e-01
5000,layers.2.qkv_lut.log_soft_score_temp,2.066108e-01,8.022919e-03,3.883108e-02
5000,layers.2.qkv_lut.log_select_temp,6.047933e-01,3.129363e-03,5.174269e-03
5000,layers.2.v_lut.weights,4.769975e+01,4.710058e+00,9.874387e-02
5000,layers.2.v_lut.log_soft_score_temp,5.479257e-01,1.051867e-02,1.919726e-02
5000,layers.2.v_lut.log_select_temp,8.646883e-01,7.317662e-04,8.462775e-04
5000,layers.2.out_proj.weights,6.383298e+01,7.031014e+00,1.101470e-01
5000,layers.2.out_proj.log_soft_score_temp,7.052591e-01,9.259701e-03,1.312950e-02
5000,layers.2.out_proj.log_select_temp,1.005942e+00,5.905867e-03,5.870983e-03
5000,layers.2.residual_lut.weights,6.709222e+01,6.716127e+00,1.001029e-01
5000,layers.2.residual_lut.log_soft_score_temp,5.960767e-01,3.667891e-03,6.153388e-03
5000,layers.2.residual_lut.log_select_temp,8.422229e-01,5.578816e-03,6.623919e-03
5000,layers.2.q_norm.weight,8.313491e+00,1.657757e-02,1.994056e-03
5000,layers.2.q_norm.bias,4.183232e-01,9.095746e-03,2.174335e-02
5000,layers.2.k_norm.weight,8.262468e+00,1.643554e-02,1.989181e-03
5000,layers.2.k_norm.bias,6.018347e-01,1.067571e-02,1.773861e-02
5000,layers.2.ln_e.weight,6.810295e+00,1.006182e-02,1.477443e-03
5000,layers.2.ln_e.bias,4.657700e-02,3.217353e-03,6.907599e-02
5000,layers.3.qkv_lut.weights,4.412385e+01,5.240812e+00,1.187750e-01
5000,layers.3.qkv_lut.log_soft_score_temp,5.856044e-01,3.822029e-03,6.526639e-03
5000,layers.3.qkv_lut.log_select_temp,6.953278e-01,1.472831e-04,2.118182e-04
5000,layers.3.v_lut.weights,3.853284e+01,4.412653e+00,1.145167e-01
5000,layers.3.v_lut.log_soft_score_temp,7.597488e-01,1.091838e-03,1.437104e-03
5000,layers.3.v_lut.log_select_temp,7.798792e-01,1.988351e-03,2.549563e-03
5000,layers.3.out_proj.weights,4.054644e+01,5.203949e+00,1.283454e-01
5000,layers.3.out_proj.log_soft_score_temp,7.138300e-01,4.995525e-03,6.998200e-03
5000,layers.3.out_proj.log_select_temp,8.283772e-01,1.943111e-03,2.345684e-03
5000,layers.3.residual_lut.weights,3.725193e+01,6.392768e+00,1.716090e-01
5000,layers.3.residual_lut.log_soft_score_temp,5.123817e-01,4.403591e-03,8.594357e-03
5000,layers.3.residual_lut.log_select_temp,6.509454e-01,7.674634e-03,1.178998e-02
5000,layers.3.q_norm.weight,8.098659e+00,9.248226e-03,1.141945e-03
5000,layers.3.q_norm.bias,2.512954e-01,7.899849e-03,3.143650e-02
5000,layers.3.k_norm.weight,8.091900e+00,8.839317e-03,1.092366e-03
5000,layers.3.k_norm.bias,3.467614e-01,1.119373e-02,3.228078e-02
5000,layers.3.ln_e.weight,6.577912e+00,1.230290e-02,1.870335e-03
5000,layers.3.ln_e.bias,9.554636e-02,1.233139e-02,1.290618e-01
5000,layers.4.qkv_lut.weights,2.320622e+01,1.994703e+00,8.595552e-02
5000,layers.4.qkv_lut.log_soft_score_temp,5.443444e-01,2.300739e-04,4.226624e-04
5000,layers.4.qkv_lut.log_select_temp,8.322056e-01,1.427948e-03,1.715860e-03
5000,layers.4.v_lut.weights,2.076193e+01,1.745397e+00,8.406719e-02
5000,layers.4.v_lut.log_soft_score_temp,4.574838e-01,2.697438e-03,5.896248e-03
5000,layers.4.v_lut.log_select_temp,7.959629e-01,4.894733e-04,6.149449e-04
5000,layers.4.out_proj.weights,3.607479e+01,6.722291e-01,1.863432e-02
5000,layers.4.out_proj.log_soft_score_temp,7.668678e-01,1.294613e-04,1.688183e-04
5000,layers.4.out_proj.log_select_temp,8.154447e-01,4.715919e-04,5.783249e-04
5000,layers.4.residual_lut.weights,2.729706e+01,5.017636e+00,1.838160e-01
5000,layers.4.residual_lut.log_soft_score_temp,4.441886e-01,1.228273e-03,2.765206e-03
5000,layers.4.residual_lut.log_select_temp,5.475899e-01,5.106926e-04,9.326187e-04
5000,layers.4.q_norm.weight,7.768836e+00,1.026125e-02,1.320821e-03
5000,layers.4.q_norm.bias,6.670455e-02,1.049026e-02,1.572646e-01
5000,layers.4.k_norm.weight,7.773860e+00,1.075882e-02,1.383974e-03
5000,layers.4.k_norm.bias,1.053914e-01,9.385421e-03,8.905302e-02
5000,layers.4.ln_e.weight,6.859331e+00,1.542295e-03,2.248463e-04
5000,layers.4.ln_e.bias,1.112096e-01,1.481002e-03,1.331721e-02
5000,layers.5.qkv_lut.weights,2.722464e+01,2.908341e+00,1.068275e-01
5000,layers.5.qkv_lut.log_soft_score_temp,6.240475e-01,1.958191e-03,3.137888e-03
5000,layers.5.qkv_lut.log_select_temp,9.864507e-01,3.876626e-03,3.929873e-03
5000,layers.5.v_lut.weights,2.341780e+01,2.470456e+00,1.054948e-01
5000,layers.5.v_lut.log_soft_score_temp,5.508185e-01,4.695773e-03,8.525082e-03
5000,layers.5.v_lut.log_select_temp,1.014926e+00,5.472183e-03,5.391706e-03
5000,layers.5.out_proj.weights,1.396735e+01,8.294430e-01,5.938442e-02
5000,layers.5.out_proj.log_soft_score_temp,6.427909e-01,2.915323e-03,4.535414e-03
5000,layers.5.out_proj.log_select_temp,7.528056e-01,2.244830e-03,2.981952e-03
5000,layers.5.residual_lut.weights,2.450333e+01,4.721516e+00,1.926888e-01
5000,layers.5.residual_lut.log_soft_score_temp,5.172644e-01,1.035929e-03,2.002706e-03
5000,layers.5.residual_lut.log_select_temp,5.726177e-01,8.037090e-04,1.403570e-03
5000,layers.5.q_norm.weight,7.863523e+00,1.133967e-02,1.442060e-03
5000,layers.5.q_norm.bias,9.692591e-02,1.361425e-02,1.404604e-01
5000,layers.5.k_norm.weight,7.868133e+00,1.152168e-02,1.464348e-03
5000,layers.5.k_norm.bias,1.486559e-01,1.210037e-02,8.139849e-02
5000,layers.5.ln_e.weight,5.808753e+00,5.062427e-02,8.715171e-03
5000,layers.5.ln_e.bias,9.520791e-02,1.676090e-03,1.760453e-02
5000,ln_final.weight,3.069067e+01,3.228161e-01,1.051838e-02
5000,ln_final.bias,8.154541e-01,2.887812e-02,3.541354e-02
5200,tok_emb_E.weight,7.511217e+01,1.520779e+00,2.024678e-02
5200,unembedder.weight,2.285642e+02,9.464568e+00,4.140879e-02
5200,layers.0.qkv_lut.weights,5.024171e+01,4.657424e+00,9.270035e-02
5200,layers.0.qkv_lut.log_soft_score_temp,5.899485e-01,5.631566e-03,9.545861e-03
5200,layers.0.qkv_lut.log_select_temp,6.094800e-01,6.101906e-03,1.001166e-02
5200,layers.0.v_lut.weights,5.047721e+01,4.470608e+00,8.856685e-02
5200,layers.0.v_lut.log_soft_score_temp,1.139324e+00,1.820409e-02,1.597798e-02
5200,layers.0.v_lut.log_select_temp,1.132055e+00,1.829541e-02,1.616124e-02
5200,layers.0.out_proj.weights,6.822318e+01,6.607164e+00,9.684633e-02
5200,layers.0.out_proj.log_soft_score_temp,6.112854e-01,1.075238e-02,1.758979e-02
5200,layers.0.out_proj.log_select_temp,1.262646e+00,8.462071e-03,6.701855e-03
5200,layers.0.residual_lut.weights,9.570773e+01,6.168312e+00,6.444946e-02
5200,layers.0.residual_lut.log_soft_score_temp,8.534716e-01,7.579923e-03,8.881282e-03
5200,layers.0.residual_lut.log_select_temp,1.182148e+00,7.966876e-03,6.739323e-03
5200,layers.0.q_norm.weight,9.420539e+00,1.597510e-02,1.695774e-03
5200,layers.0.q_norm.bias,8.822474e-01,9.047211e-03,1.025473e-02
5200,layers.0.k_norm.weight,9.317307e+00,1.510913e-02,1.621620e-03
5200,layers.0.k_norm.bias,1.185757e+00,1.371995e-02,1.157062e-02
5200,layers.0.ln_e.weight,7.031044e+00,7.490460e-03,1.065341e-03
5200,layers.0.ln_e.bias,5.487438e-02,3.152038e-03,5.744097e-02
5200,layers.1.qkv_lut.weights,5.008893e+01,4.752691e+00,9.488507e-02
5200,layers.1.qkv_lut.log_soft_score_temp,1.656162e-01,3.369182e-03,2.034332e-02
5200,layers.1.qkv_lut.log_select_temp,6.431844e-01,5.818486e-03,9.046373e-03
5200,layers.1.v_lut.weights,4.950607e+01,4.569035e+00,9.229242e-02
5200,layers.1.v_lut.log_soft_score_temp,3.703579e-01,9.365410e-03,2.528746e-02
5200,layers.1.v_lut.log_select_temp,8.888625e-01,3.739476e-03,4.207036e-03
5200,layers.1.out_proj.weights,6.840008e+01,6.715737e+00,9.818318e-02
5200,layers.1.out_proj.log_soft_score_temp,5.361847e-01,1.374441e-02,2.563373e-02
5200,layers.1.out_proj.log_select_temp,1.115076e+00,6.793857e-03,6.092727e-03
5200,layers.1.residual_lut.weights,8.407352e+01,6.114191e+00,7.272433e-02
5200,layers.1.residual_lut.log_soft_score_temp,5.137649e-01,1.493132e-02,2.906256e-02
5200,layers.1.residual_lut.log_select_temp,9.335670e-01,6.969571e-04,7.465529e-04
5200,layers.1.q_norm.weight,8.671527e+00,1.211498e-02,1.397099e-03
5200,layers.1.q_norm.bias,4.893835e-01,7.035387e-03,1.437602e-02
5200,layers.1.k_norm.weight,8.640318e+00,1.159568e-02,1.342043e-03
5200,layers.1.k_norm.bias,8.872212e-01,9.645299e-03,1.087136e-02
5200,layers.1.ln_e.weight,6.814209e+00,1.283447e-02,1.883487e-03
5200,layers.1.ln_e.bias,5.916028e-02,3.953240e-03,6.682253e-02
5200,layers.2.qkv_lut.weights,4.942565e+01,4.796732e+00,9.704946e-02
5200,layers.2.qkv_lut.log_soft_score_temp,1.989512e-01,7.659540e-03,3.849958e-02
5200,layers.2.qkv_lut.log_select_temp,6.076781e-01,2.884865e-03,4.747357e-03
5200,layers.2.v_lut.weights,4.801822e+01,4.331332e+00,9.020183e-02
5200,layers.2.v_lut.log_soft_score_temp,5.374950e-01,1.043069e-02,1.940612e-02
5200,layers.2.v_lut.log_select_temp,8.649667e-01,2.784133e-04,3.218775e-04
5200,layers.2.out_proj.weights,6.434399e+01,6.477010e+00,1.006622e-01
5200,layers.2.out_proj.log_soft_score_temp,6.970914e-01,8.167684e-03,1.171681e-02
5200,layers.2.out_proj.log_select_temp,1.011894e+00,5.952597e-03,5.882627e-03
5200,layers.2.residual_lut.weights,6.756593e+01,6.201842e+00,9.178948e-02
5200,layers.2.residual_lut.log_soft_score_temp,5.925679e-01,3.508806e-03,5.921358e-03
5200,layers.2.residual_lut.log_select_temp,8.471379e-01,4.915059e-03,5.801958e-03
5200,layers.2.q_norm.weight,8.320625e+00,1.152080e-02,1.384607e-03
5200,layers.2.q_norm.bias,4.216450e-01,8.024258e-03,1.903084e-02
5200,layers.2.k_norm.weight,8.269336e+00,1.176021e-02,1.422146e-03
5200,layers.2.k_norm.bias,6.055081e-01,1.167220e-02,1.927670e-02
5200,layers.2.ln_e.weight,6.806408e+00,8.175186e-03,1.201101e-03
5200,layers.2.ln_e.bias,4.795494e-02,2.694234e-03,5.618261e-02
5200,layers.3.qkv_lut.weights,4.446617e+01,4.786908e+00,1.076528e-01
5200,layers.3.qkv_lut.log_soft_score_temp,5.819028e-01,3.701627e-03,6.361247e-03
5200,layers.3.qkv_lut.log_select_temp,6.950260e-01,3.017783e-04,4.341972e-04
5200,layers.3.v_lut.weights,3.890167e+01,4.068330e+00,1.045798e-01
5200,layers.3.v_lut.log_soft_score_temp,7.603863e-01,6.374717e-04,8.383524e-04
5200,layers.3.v_lut.log_select_temp,7.812995e-01,1.420379e-03,1.817969e-03
5200,layers.3.out_proj.weights,4.090276e+01,4.701932e+00,1.149539e-01
5200,layers.3.out_proj.log_soft_score_temp,7.074047e-01,6.425321e-03,9.082950e-03
5200,layers.3.out_proj.log_select_temp,8.283204e-01,5.680323e-05,6.857640e-05
5200,layers.3.residual_lut.weights,3.760770e+01,5.908860e+00,1.571183e-01
5200,layers.3.residual_lut.log_soft_score_temp,5.156679e-01,3.286242e-03,6.372788e-03
5200,layers.3.residual_lut.log_select_temp,6.567402e-01,5.794764e-03,8.823525e-03
5200,layers.3.q_norm.weight,8.098678e+00,1.115084e-02,1.376872e-03
5200,layers.3.q_norm.bias,2.525518e-01,7.963466e-03,3.153201e-02
5200,layers.3.k_norm.weight,8.091991e+00,1.017754e-02,1.257730e-03
5200,layers.3.k_norm.bias,3.493732e-01,1.012638e-02,2.898442e-02
5200,layers.3.ln_e.weight,6.585036e+00,1.041509e-02,1.581630e-03
5200,layers.3.ln_e.bias,1.029827e-01,1.161475e-02,1.127835e-01
5200,layers.4.qkv_lut.weights,2.330101e+01,1.835895e+00,7.879035e-02
5200,layers.4.qkv_lut.log_soft_score_temp,5.428621e-01,1.482308e-03,2.730542e-03
5200,layers.4.qkv_lut.log_select_temp,8.322276e-01,2.205372e-05,2.649962e-05
5200,layers.4.v_lut.weights,2.087239e+01,1.627752e+00,7.798589e-02
5200,layers.4.v_lut.log_soft_score_temp,4.558266e-01,1.657218e-03,3.635632e-03
5200,layers.4.v_lut.log_select_temp,7.958474e-01,1.154542e-04,1.450708e-04
5200,layers.4.out_proj.weights,3.620626e+01,6.253669e-01,1.727234e-02
5200,layers.4.out_proj.log_soft_score_temp,7.671082e-01,2.404451e-04,3.134436e-04
5200,layers.4.out_proj.log_select_temp,8.159512e-01,5.065203e-04,6.207727e-04
5200,layers.4.residual_lut.weights,2.726431e+01,4.549322e+00,1.668600e-01
5200,layers.4.residual_lut.log_soft_score_temp,4.434489e-01,7.396638e-04,1.667980e-03
5200,layers.4.residual_lut.log_select_temp,5.474237e-01,1.662374e-04,3.036722e-04
5200,layers.4.q_norm.weight,7.768372e+00,8.310943e-03,1.069844e-03
5200,layers.4.q_norm.bias,6.859132e-02,1.098826e-02,1.601989e-01
5200,layers.4.k_norm.weight,7.773423e+00,9.515484e-03,1.224105e-03
5200,layers.4.k_norm.bias,1.043760e-01,9.192517e-03,8.807119e-02
5200,layers.4.ln_e.weight,6.859097e+00,1.253969e-03,1.828184e-04
5200,layers.4.ln_e.bias,1.113181e-01,1.240796e-03,1.114640e-02
5200,layers.5.qkv_lut.weights,2.735966e+01,2.567817e+00,9.385410e-02
5200,layers.5.qkv_lut.log_soft_score_temp,6.235666e-01,4.808903e-04,7.711931e-04
5200,layers.5.qkv_lut.log_select_temp,9.903379e-01,3.887177e-03,3.925101e-03
5200,layers.5.v_lut.weights,2.353822e+01,2.207918e+00,9.380140e-02
5200,layers.5.v_lut.log_soft_score_temp,5.476278e-01,3.190696e-03,5.826396e-03
5200,layers.5.v_lut.log_select_temp,1.018376e+00,3.449440e-03,3.387198e-03
5200,layers.5.out_proj.weights,1.400634e+01,7.374397e-01,5.265043e-02
5200,layers.5.out_proj.log_soft_score_temp,6.408527e-01,1.938164e-03,3.024352e-03
5200,layers.5.out_proj.log_select_temp,7.517585e-01,1.047134e-03,1.392913e-03
5200,layers.5.residual_lut.weights,2.446590e+01,4.400779e+00,1.798739e-01
5200,layers.5.residual_lut.log_soft_score_temp,5.166247e-01,6.396770e-04,1.238185e-03
5200,layers.5.residual_lut.log_select_temp,5.721878e-01,4.299283e-04,7.513762e-04
5200,layers.5.q_norm.weight,7.862780e+00,1.134636e-02,1.443047e-03
5200,layers.5.q_norm.bias,9.617544e-02,1.091909e-02,1.135330e-01
5200,layers.5.k_norm.weight,7.867300e+00,1.114572e-02,1.416715e-03
5200,layers.5.k_norm.bias,1.486728e-01,9.576150e-03,6.441090e-02
5200,layers.5.ln_e.weight,5.766892e+00,4.526324e-02,7.848809e-03
5200,layers.5.ln_e.bias,9.542024e-02,1.272550e-03,1.333627e-02
5200,ln_final.weight,3.098295e+01,2.939907e-01,9.488788e-03
5200,ln_final.bias,8.232637e-01,2.762719e-02,3.355813e-02
5400,tok_emb_E.weight,7.516595e+01,1.390863e+00,1.850390e-02
5400,unembedder.weight,2.295490e+02,8.698754e+00,3.789498e-02
5400,layers.0.qkv_lut.weights,5.049566e+01,4.255705e+00,8.427863e-02
5400,layers.0.qkv_lut.log_soft_score_temp,5.961148e-01,6.166279e-03,1.034411e-02
5400,layers.0.qkv_lut.log_select_temp,6.160691e-01,6.589115e-03,1.069541e-02
5400,layers.0.v_lut.weights,5.071872e+01,4.108859e+00,8.101268e-02
5400,layers.0.v_lut.log_soft_score_temp,1.155716e+00,1.639187e-02,1.418331e-02
5400,layers.0.v_lut.log_select_temp,1.148488e+00,1.643324e-02,1.430859e-02
5400,layers.0.out_proj.weights,6.858390e+01,6.037561e+00,8.803175e-02
5400,layers.0.out_proj.log_soft_score_temp,6.016694e-01,9.616017e-03,1.598223e-02
5400,layers.0.out_proj.log_select_temp,1.271165e+00,8.519173e-03,6.701861e-03
5400,layers.0.residual_lut.weights,9.638977e+01,5.677657e+00,5.890310e-02
5400,layers.0.residual_lut.log_soft_score_temp,8.458431e-01,7.628560e-03,9.018883e-03
5400,layers.0.residual_lut.log_select_temp,1.189317e+00,7.168889e-03,6.027737e-03
5400,layers.0.q_norm.weight,9.437365e+00,1.936168e-02,2.051599e-03
5400,layers.0.q_norm.bias,8.899663e-01,1.091583e-02,1.226544e-02
5400,layers.0.k_norm.weight,9.333251e+00,1.877386e-02,2.011503e-03
5400,layers.0.k_norm.bias,1.196663e+00,1.311408e-02,1.095888e-02
5400,layers.0.ln_e.weight,7.028699e+00,6.908504e-03,9.828993e-04
5400,layers.0.ln_e.bias,5.517423e-02,2.625488e-03,4.758541e-02
5400,layers.1.qkv_lut.weights,5.035700e+01,4.327494e+00,8.593629e-02
5400,layers.1.qkv_lut.log_soft_score_temp,1.619958e-01,3.620386e-03,2.234864e-02
5400,layers.1.qkv_lut.log_select_temp,6.478153e-01,4.630923e-03,7.148524e-03
5400,layers.1.v_lut.weights,4.978458e+01,4.196224e+00,8.428763e-02
5400,layers.1.v_lut.log_soft_score_temp,3.624960e-01,7.861942e-03,2.168836e-02
5400,layers.1.v_lut.log_select_temp,8.922449e-01,3.382444e-03,3.790937e-03
5400,layers.1.out_proj.weights,6.876194e+01,6.131071e+00,8.916372e-02
5400,layers.1.out_proj.log_soft_score_temp,5.238947e-01,1.229006e-02,2.345903e-02
5400,layers.1.out_proj.log_select_temp,1.121666e+00,6.590009e-03,5.875195e-03
5400,layers.1.residual_lut.weights,8.452725e+01,5.624108e+00,6.653604e-02
5400,layers.1.residual_lut.log_soft_score_temp,4.998109e-01,1.395398e-02,2.791853e-02
5400,layers.1.residual_lut.log_select_temp,9.320403e-01,1.526654e-03,1.637970e-03
5400,layers.1.q_norm.weight,8.684138e+00,1.478834e-02,1.702914e-03
5400,layers.1.q_norm.bias,4.956264e-01,8.841999e-03,1.784005e-02
5400,layers.1.k_norm.weight,8.652295e+00,1.385317e-02,1.601097e-03
5400,layers.1.k_norm.bias,8.977786e-01,1.294728e-02,1.442146e-02
5400,layers.1.ln_e.weight,6.805001e+00,1.116979e-02,1.641409e-03
5400,layers.1.ln_e.bias,6.132529e-02,3.437900e-03,5.606008e-02
5400,layers.2.qkv_lut.weights,4.967764e+01,4.376144e+00,8.809082e-02
5400,layers.2.qkv_lut.log_soft_score_temp,1.914135e-01,7.537693e-03,3.937910e-02
5400,layers.2.qkv_lut.log_select_temp,6.103907e-01,2.712607e-03,4.444051e-03
5400,layers.2.v_lut.weights,4.829861e+01,3.983301e+00,8.247237e-02
5400,layers.2.v_lut.log_soft_score_temp,5.273035e-01,1.019144e-02,1.932747e-02
5400,layers.2.v_lut.log_select_temp,8.644705e-01,4.962087e-04,5.740030e-04
5400,layers.2.out_proj.weights,6.478623e+01,5.910358e+00,9.122862e-02
5400,layers.2.out_proj.log_soft_score_temp,6.888716e-01,8.219779e-03,1.193224e-02
5400,layers.2.out_proj.log_select_temp,1.018277e+00,6.382823e-03,6.268257e-03
5400,layers.2.residual_lut.weights,6.802099e+01,5.701318e+00,8.381705e-02
5400,layers.2.residual_lut.log_soft_score_temp,5.894833e-01,3.084540e-03,5.232617e-03
5400,layers.2.residual_lut.log_select_temp,8.523579e-01,5.219936e-03,6.124114e-03
5400,layers.2.q_norm.weight,8.327902e+00,1.132121e-02,1.359432e-03
5400,layers.2.q_norm.bias,4.232244e-01,6.462013e-03,1.526853e-02
5400,layers.2.k_norm.weight,8.276000e+00,1.125419e-02,1.359859e-03
5400,layers.2.k_norm.bias,6.091591e-01,1.077156e-02,1.768267e-02
5400,layers.2.ln_e.weight,6.803287e+00,7.547431e-03,1.109380e-03
5400,layers.2.ln_e.bias,5.030930e-02,4.213502e-03,8.375194e-02
5400,layers.3.qkv_lut.weights,4.474480e+01,4.397821e+00,9.828677e-02
5400,layers.3.qkv_lut.log_soft_score_temp,5.778011e-01,4.101694e-03,7.098798e-03
5400,layers.3.qkv_lut.log_select_temp,6.944973e-01,5.286932e-04,7.612603e-04
5400,layers.3.v_lut.weights,3.918903e+01,3.714566e+00,9.478585e-02
5400,layers.3.v_lut.log_soft_score_temp,7.622644e-01,1.878083e-03,2.463821e-03
5400,layers.3.v_lut.log_select_temp,7.837834e-01,2.483904e-03,3.169121e-03
5400,layers.3.out_proj.weights,4.121106e+01,4.367289e+00,1.059737e-01
5400,layers.3.out_proj.log_soft_score_temp,7.009012e-01,6.503522e-03,9.278801e-03
5400,layers.3.out_proj.log_select_temp,8.290154e-01,6.949902e-04,8.383320e-04
5400,layers.3.residual_lut.weights,3.791279e+01,5.441059e+00,1.435151e-01
5400,layers.3.residual_lut.log_soft_score_temp,5.201098e-01,4.441857e-03,8.540230e-03
5400,layers.3.residual_lut.log_select_temp,6.643608e-01,7.620573e-03,1.147053e-02
5400,layers.3.q_norm.weight,8.100336e+00,1.382931e-02,1.707252e-03
5400,layers.3.q_norm.bias,2.550409e-01,7.815740e-03,3.064504e-02
5400,layers.3.k_norm.weight,8.093539e+00,1.243585e-02,1.536516e-03
5400,layers.3.k_norm.bias,3.536674e-01,1.009521e-02,2.854436e-02
5400,layers.3.ln_e.weight,6.593413e+00,1.144592e-02,1.735963e-03
5400,layers.3.ln_e.bias,1.093198e-01,9.503616e-03,8.693405e-02
5400,layers.4.qkv_lut.weights,2.337652e+01,1.600881e+00,6.848244e-02
5400,layers.4.qkv_lut.log_soft_score_temp,5.419414e-01,9.207129e-04,1.698916e-03
5400,layers.4.qkv_lut.log_select_temp,8.321291e-01,9.858608e-05,1.184745e-04
5400,layers.4.v_lut.weights,2.095119e+01,1.461692e+00,6.976652e-02
5400,layers.4.v_lut.log_soft_score_temp,4.551386e-01,6.879568e-04,1.511532e-03
5400,layers.4.v_lut.log_select_temp,7.958931e-01,4.571676e-05,5.744083e-05
5400,layers.4.out_proj.weights,3.632074e+01,5.708764e-01,1.571764e-02
5400,layers.4.out_proj.log_soft_score_temp,7.670851e-01,2.306700e-05,3.007097e-05
5400,layers.4.out_proj.log_select_temp,8.160456e-01,9.435415e-05,1.156236e-04
5400,layers.4.residual_lut.weights,2.720689e+01,4.273904e+00,1.570890e-01
5400,layers.4.residual_lut.log_soft_score_temp,4.426169e-01,8.320212e-04,1.879777e-03
5400,layers.4.residual_lut.log_select_temp,5.470888e-01,3.348589e-04,6.120741e-04
5400,layers.4.q_norm.weight,7.763480e+00,1.022990e-02,1.317695e-03
5400,layers.4.q_norm.bias,6.763676e-02,1.099786e-02,1.626019e-01
5400,layers.4.k_norm.weight,7.768538e+00,1.012232e-02,1.302989e-03
5400,layers.4.k_norm.bias,1.022922e-01,1.074373e-02,1.050299e-01
5400,layers.4.ln_e.weight,6.858708e+00,1.205793e-03,1.758047e-04
5400,layers.4.ln_e.bias,1.117258e-01,1.170513e-03,1.047666e-02
5400,layers.5.qkv_lut.weights,2.748986e+01,2.428507e+00,8.834190e-02
5400,layers.5.qkv_lut.log_soft_score_temp,6.223825e-01,1.184106e-03,1.902537e-03
5400,layers.5.qkv_lut.log_select_temp,9.929675e-01,2.629578e-03,2.648202e-03
5400,layers.5.v_lut.weights,2.364353e+01,2.074174e+00,8.772694e-02
5400,layers.5.v_lut.log_soft_score_temp,5.456935e-01,1.934290e-03,3.544645e-03
5400,layers.5.v_lut.log_select_temp,1.021413e+00,3.037691e-03,2.974008e-03
5400,layers.5.out_proj.weights,1.405270e+01,6.841457e-01,4.868427e-02
5400,layers.5.out_proj.log_soft_score_temp,6.382197e-01,2.633035e-03,4.125594e-03
5400,layers.5.out_proj.log_select_temp,7.506402e-01,1.118302e-03,1.489798e-03
5400,layers.5.residual_lut.weights,2.440946e+01,4.012576e+00,1.643861e-01
5400,layers.5.residual_lut.log_soft_score_temp,5.158816e-01,7.431507e-04,1.440545e-03
5400,layers.5.residual_lut.log_select_temp,5.716276e-01,5.602241e-04,9.800508e-04
5400,layers.5.q_norm.weight,7.861309e+00,1.210445e-02,1.539750e-03
5400,layers.5.q_norm.bias,9.364682e-02,1.290026e-02,1.377544e-01
5400,layers.5.k_norm.weight,7.865855e+00,1.074175e-02,1.365618e-03
5400,layers.5.k_norm.bias,1.484854e-01,1.039078e-02,6.997845e-02
5400,layers.5.ln_e.weight,5.726500e+00,4.375303e-02,7.640449e-03
5400,layers.5.ln_e.bias,9.601703e-02,1.372144e-03,1.429063e-02
5400,ln_final.weight,3.126001e+01,2.783856e-01,8.905485e-03
5400,ln_final.bias,8.332566e-01,2.779017e-02,3.335128e-02
5600,tok_emb_E.weight,7.521455e+01,1.263254e+00,1.679535e-02
5600,unembedder.weight,2.303456e+02,7.758766e+00,3.368315e-02
5600,layers.0.qkv_lut.weights,5.069973e+01,3.878880e+00,7.650692e-02
5600,layers.0.qkv_lut.log_soft_score_temp,6.016945e-01,5.579770e-03,9.273426e-03
5600,layers.0.qkv_lut.log_select_temp,6.220351e-01,5.965948e-03,9.591015e-03
5600,layers.0.v_lut.weights,5.092591e+01,3.742226e+00,7.348373e-02
5600,layers.0.v_lut.log_soft_score_temp,1.171214e+00,1.549804e-02,1.323246e-02
5600,layers.0.v_lut.log_select_temp,1.164017e+00,1.552868e-02,1.334060e-02
5600,layers.0.out_proj.weights,6.887775e+01,5.488528e+00,7.968506e-02
5600,layers.0.out_proj.log_soft_score_temp,5.948520e-01,6.817460e-03,1.146077e-02
5600,layers.0.out_proj.log_select_temp,1.280246e+00,9.080887e-03,7.093079e-03
5600,layers.0.residual_lut.weights,9.697031e+01,5.141257e+00,5.301888e-02
5600,layers.0.residual_lut.log_soft_score_temp,8.396084e-01,6.234705e-03,7.425730e-03
5600,layers.0.residual_lut.log_select_temp,1.195202e+00,5.885601e-03,4.924355e-03
5600,layers.0.q_norm.weight,9.451509e+00,1.564744e-02,1.655550e-03
5600,layers.0.q_norm.bias,8.949336e-01,8.476488e-03,9.471640e-03
5600,layers.0.k_norm.weight,9.346322e+00,1.471898e-02,1.574842e-03
5600,layers.0.k_norm.bias,1.205371e+00,1.266039e-02,1.050331e-02
5600,layers.0.ln_e.weight,7.026537e+00,6.427716e-03,9.147772e-04
5600,layers.0.ln_e.bias,5.478006e-02,2.543491e-03,4.643096e-02
5600,layers.1.qkv_lut.weights,5.057589e+01,3.971186e+00,7.851935e-02
5600,layers.1.qkv_lut.log_soft_score_temp,1.599645e-01,2.031267e-03,1.269823e-02
5600,layers.1.qkv_lut.log_select_temp,6.530553e-01,5.239964e-03,8.023767e-03
5600,layers.1.v_lut.weights,5.001335e+01,3.802316e+00,7.602601e-02
5600,layers.1.v_lut.log_soft_score_temp,3.559948e-01,6.501228e-03,1.826214e-02
5600,layers.1.v_lut.log_select_temp,8.955736e-01,3.328681e-03,3.716814e-03
5600,layers.1.out_proj.weights,6.906493e+01,5.567204e+00,8.060826e-02
5600,layers.1.out_proj.log_soft_score_temp,5.122270e-01,1.166767e-02,2.277832e-02
5600,layers.1.out_proj.log_select_temp,1.128814e+00,7.147789e-03,6.332122e-03
5600,layers.1.residual_lut.weights,8.491222e+01,5.126493e+00,6.037404e-02
5600,layers.1.residual_lut.log_soft_score_temp,4.876718e-01,1.213908e-02,2.489191e-02
5600,layers.1.residual_lut.log_select_temp,9.311414e-01,8.988976e-04,9.653718e-04
5600,layers.1.q_norm.weight,8.696187e+00,1.356196e-02,1.559529e-03
5600,layers.1.q_norm.bias,5.012336e-01,7.422316e-03,1.480810e-02
5600,layers.1.k_norm.weight,8.663710e+00,1.312597e-02,1.515052e-03
5600,layers.1.k_norm.bias,9.061642e-01,1.022662e-02,1.128562e-02
5600,layers.1.ln_e.weight,6.796850e+00,1.022526e-02,1.504412e-03
5600,layers.1.ln_e.bias,6.345957e-02,2.931746e-03,4.619864e-02
5600,layers.2.qkv_lut.weights,4.988643e+01,3.997021e+00,8.012241e-02
5600,layers.2.qkv_lut.log_soft_score_temp,1.854208e-01,5.992740e-03,3.231968e-02
5600,layers.2.qkv_lut.log_select_temp,6.130008e-01,2.610087e-03,4.257886e-03
5600,layers.2.v_lut.weights,4.852493e+01,3.610870e+00,7.441268e-02
5600,layers.2.v_lut.log_soft_score_temp,5.192384e-01,8.065164e-03,1.553268e-02
5600,layers.2.v_lut.log_select_temp,8.647400e-01,2.694726e-04,3.116227e-04
5600,layers.2.out_proj.weights,6.514914e+01,5.368917e+00,8.240965e-02
5600,layers.2.out_proj.log_soft_score_temp,6.813416e-01,7.530034e-03,1.105177e-02
5600,layers.2.out_proj.log_select_temp,1.022456e+00,4.178524e-03,4.086753e-03
5600,layers.2.residual_lut.weights,6.838876e+01,5.229525e+00,7.646761e-02
5600,layers.2.residual_lut.log_soft_score_temp,5.869689e-01,2.514422e-03,4.283740e-03
5600,layers.2.residual_lut.log_select_temp,8.578910e-01,5.533159e-03,6.449722e-03
5600,layers.2.q_norm.weight,8.339261e+00,1.364487e-02,1.636220e-03
5600,layers.2.q_norm.bias,4.259509e-01,6.783677e-03,1.592596e-02
5600,layers.2.k_norm.weight,8.286752e+00,1.357221e-02,1.637821e-03
5600,layers.2.k_norm.bias,6.127521e-01,7.227386e-03,1.179496e-02
5600,layers.2.ln_e.weight,6.800510e+00,6.923099e-03,1.018026e-03
5600,layers.2.ln_e.bias,5.066466e-02,2.453260e-03,4.842153e-02
5600,layers.3.qkv_lut.weights,4.497379e+01,4.014036e+00,8.925279e-02
5600,layers.3.qkv_lut.log_soft_score_temp,5.744722e-01,3.328919e-03,5.794744e-03
5600,layers.3.qkv_lut.log_select_temp,6.946646e-01,1.673102e-04,2.408504e-04
5600,layers.3.v_lut.weights,3.942525e+01,3.369760e+00,8.547212e-02
5600,layers.3.v_lut.log_soft_score_temp,7.614621e-01,8.022785e-04,1.053603e-03
5600,layers.3.v_lut.log_select_temp,7.844476e-01,6.641150e-04,8.466021e-04
5600,layers.3.out_proj.weights,4.144513e+01,3.911846e+00,9.438614e-02
5600,layers.3.out_proj.log_soft_score_temp,6.962398e-01,4.661322e-03,6.694994e-03
5600,layers.3.out_proj.log_select_temp,8.296459e-01,6.305575e-04,7.600321e-04
5600,layers.3.residual_lut.weights,3.814584e+01,4.905126e+00,1.285887e-01
5600,layers.3.residual_lut.log_soft_score_temp,5.236519e-01,3.542125e-03,6.764275e-03
5600,layers.3.residual_lut.log_select_temp,6.703591e-01,5.998373e-03,8.947999e-03
5600,layers.3.q_norm.weight,8.100181e+00,8.106684e-03,1.000803e-03
5600,layers.3.q_norm.bias,2.577601e-01,7.915231e-03,3.070774e-02
5600,layers.3.k_norm.weight,8.093499e+00,7.989980e-03,9.872096e-04
5600,layers.3.k_norm.bias,3.562742e-01,9.897937e-03,2.778179e-02
5600,layers.3.ln_e.weight,6.599728e+00,8.944912e-03,1.355346e-03
5600,layers.3.ln_e.bias,1.161593e-01,8.982182e-03,7.732641e-02
5600,layers.4.qkv_lut.weights,2.343817e+01,1.480644e+00,6.317232e-02
5600,layers.4.qkv_lut.log_soft_score_temp,5.419117e-01,2.968311e-05,5.477481e-05
5600,layers.4.qkv_lut.log_select_temp,8.324913e-01,3.622174e-04,4.351006e-04
5600,layers.4.v_lut.weights,2.101695e+01,1.321216e+00,6.286432e-02
5600,layers.4.v_lut.log_soft_score_temp,4.539889e-01,1.149774e-03,2.532603e-03
5600,layers.4.v_lut.log_select_temp,7.959619e-01,6.872416e-05,8.634102e-05
5600,layers.4.out_proj.weights,3.640442e+01,5.178160e-01,1.422399e-02
5600,layers.4.out_proj.log_soft_score_temp,7.673224e-01,2.372265e-04,3.091614e-04
5600,layers.4.out_proj.log_select_temp,8.163877e-01,3.421307e-04,4.190787e-04
5600,layers.4.residual_lut.weights,2.712866e+01,3.937288e+00,1.451339e-01
5600,layers.4.residual_lut.log_soft_score_temp,4.420550e-01,5.618632e-04,1.271025e-03
5600,layers.4.residual_lut.log_select_temp,5.469125e-01,1.763105e-04,3.223743e-04
5600,layers.4.q_norm.weight,7.763816e+00,8.726678e-03,1.124019e-03
5600,layers.4.q_norm.bias,6.819955e-02,9.217397e-03,1.351534e-01
5600,layers.4.k_norm.weight,7.768760e+00,7.889892e-03,1.015592e-03
5600,layers.4.k_norm.bias,1.006410e-01,7.683014e-03,7.634079e-02
5600,layers.4.ln_e.weight,6.858490e+00,1.039801e-03,1.516078e-04
5600,layers.4.ln_e.bias,1.119020e-01,1.028150e-03,9.187952e-03
5600,layers.5.qkv_lut.weights,2.760137e+01,2.270514e+00,8.226091e-02
5600,layers.5.qkv_lut.log_soft_score_temp,6.222019e-01,1.806617e-04,2.903586e-04
5600,layers.5.qkv_lut.log_select_temp,9.956431e-01,2.675593e-03,2.687301e-03
5600,layers.5.v_lut.weights,2.373261e+01,1.920682e+00,8.093008e-02
5600,layers.5.v_lut.log_soft_score_temp,5.449293e-01,7.641912e-04,1.402367e-03
5600,layers.5.v_lut.log_select_temp,1.024040e+00,2.626896e-03,2.565228e-03
5600,layers.5.out_proj.weights,1.407983e+01,6.065180e-01,4.307708e-02
5600,layers.5.out_proj.log_soft_score_temp,6.351071e-01,3.112614e-03,4.900928e-03
5600,layers.5.out_proj.log_select_temp,7.487640e-01,1.876175e-03,2.505697e-03
5600,layers.5.residual_lut.weights,2.433920e+01,3.696853e+00,1.518889e-01
5600,layers.5.residual_lut.log_soft_score_temp,5.153732e-01,5.084276e-04,9.865233e-04
5600,layers.5.residual_lut.log_select_temp,5.712712e-01,3.563762e-04,6.238301e-04
5600,layers.5.q_norm.weight,7.863004e+00,1.030244e-02,1.310242e-03
5600,layers.5.q_norm.bias,9.699225e-02,1.027262e-02,1.059118e-01
5600,layers.5.k_norm.weight,7.867656e+00,9.922340e-03,1.261156e-03
5600,layers.5.k_norm.bias,1.500107e-01,9.143925e-03,6.095517e-02
5600,layers.5.ln_e.weight,5.688830e+00,4.062390e-02,7.140993e-03
5600,layers.5.ln_e.bias,9.625757e-02,9.682177e-04,1.005861e-02
5600,ln_final.weight,3.151474e+01,2.558930e-01,8.119788e-03
5600,ln_final.bias,8.409436e-01,2.501069e-02,2.974123e-02
5800,tok_emb_E.weight,7.525514e+01,1.144932e+00,1.521400e-02
5800,unembedder.weight,2.309566e+02,6.870126e+00,2.974639e-02
5800,layers.0.qkv_lut.weights,5.086454e+01,3.509643e+00,6.899980e-02
5800,layers.0.qkv_lut.log_soft_score_temp,6.070040e-01,5.309522e-03,8.747095e-03
5800,layers.0.qkv_lut.log_select_temp,6.276516e-01,5.616546e-03,8.948508e-03
5800,layers.0.v_lut.weights,5.108813e+01,3.399993e+00,6.655152e-02
5800,layers.0.v_lut.log_soft_score_temp,1.185003e+00,1.378906e-02,1.163631e-02
5800,layers.0.v_lut.log_select_temp,1.177847e+00,1.383066e-02,1.174232e-02
5800,layers.0.out_proj.weights,6.912386e+01,4.961852e+00,7.178205e-02
5800,layers.0.out_proj.log_soft_score_temp,5.891548e-01,5.697131e-03,9.670007e-03
5800,layers.0.out_proj.log_select_temp,1.288964e+00,8.718252e-03,6.763765e-03
5800,layers.0.residual_lut.weights,9.745020e+01,4.656638e+00,4.778480e-02
5800,layers.0.residual_lut.log_soft_score_temp,8.332044e-01,6.403923e-03,7.685896e-03
5800,layers.0.residual_lut.log_select_temp,1.200303e+00,5.100846e-03,4.249632e-03
5800,layers.0.q_norm.weight,9.464160e+00,1.496392e-02,1.581114e-03
5800,layers.0.q_norm.bias,9.014322e-01,9.738431e-03,1.080329e-02
5800,layers.0.k_norm.weight,9.358458e+00,1.432794e-02,1.531015e-03
5800,layers.0.k_norm.bias,1.213787e+00,1.108850e-02,9.135461e-03
5800,layers.0.ln_e.weight,7.024367e+00,5.066482e-03,7.212725e-04
5800,layers.0.ln_e.bias,5.456737e-02,2.672775e-03,4.898120e-02
5800,layers.1.qkv_lut.weights,5.075357e+01,3.592099e+00,7.077529e-02
5800,layers.1.qkv_lut.log_soft_score_temp,1.577746e-01,2.189934e-03,1.388015e-02
5800,layers.1.qkv_lut.log_select_temp,6.575460e-01,4.490733e-03,6.829534e-03
5800,layers.1.v_lut.weights,5.019786e+01,3.436562e+00,6.846032e-02
5800,layers.1.v_lut.log_soft_score_temp,3.499080e-01,6.086797e-03,1.739542e-02
5800,layers.1.v_lut.log_select_temp,8.989744e-01,3.400803e-03,3.782980e-03
5800,layers.1.out_proj.weights,6.931292e+01,5.020111e+00,7.242677e-02
5800,layers.1.out_proj.log_soft_score_temp,5.014990e-01,1.072800e-02,2.139187e-02
5800,layers.1.out_proj.log_select_temp,1.135106e+00,6.292224e-03,5.543290e-03
5800,layers.1.residual_lut.weights,8.524360e+01,4.646756e+00,5.451150e-02
5800,layers.1.residual_lut.log_soft_score_temp,4.766274e-01,1.104441e-02,2.317201e-02
5800,layers.1.residual_lut.log_select_temp,9.304007e-01,7.407665e-04,7.961801e-04
5800,layers.1.q_norm.weight,8.706816e+00,1.226332e-02,1.408474e-03
5800,layers.1.q_norm.bias,5.051815e-01,7.190948e-03,1.423439e-02
5800,layers.1.k_norm.weight,8.674022e+00,1.200323e-02,1.383814e-03
5800,layers.1.k_norm.bias,9.130859e-01,1.005424e-02,1.101128e-02
5800,layers.1.ln_e.weight,6.789485e+00,8.881969e-03,1.308195e-03
5800,layers.1.ln_e.bias,6.600198e-02,3.129170e-03,4.741025e-02
5800,layers.2.qkv_lut.weights,5.005173e+01,3.604553e+00,7.201655e-02
5800,layers.2.qkv_lut.log_soft_score_temp,1.795164e-01,5.904377e-03,3.289045e-02
5800,layers.2.qkv_lut.log_select_temp,6.149865e-01,1.985729e-03,3.228898e-03
5800,layers.2.v_lut.weights,4.871212e+01,3.269042e+00,6.710941e-02
5800,layers.2.v_lut.log_soft_score_temp,5.115812e-01,7.657170e-03,1.496765e-02
5800,layers.2.v_lut.log_select_temp,8.647116e-01,2.831221e-05,3.274179e-05
5800,layers.2.out_proj.weights,6.545650e+01,4.826763e+00,7.374000e-02
5800,layers.2.out_proj.log_soft_score_temp,6.747921e-01,6.549537e-03,9.706008e-03
5800,layers.2.out_proj.log_select_temp,1.027335e+00,4.879594e-03,4.749758e-03
5800,layers.2.residual_lut.weights,6.867416e+01,4.682173e+00,6.817954e-02
5800,layers.2.residual_lut.log_soft_score_temp,5.842577e-01,2.711177e-03,4.640378e-03
5800,layers.2.residual_lut.log_select_temp,8.621351e-01,4.244089e-03,4.922766e-03
5800,layers.2.q_norm.weight,8.347052e+00,1.035832e-02,1.240955e-03
5800,layers.2.q_norm.bias,4.294086e-01,6.503976e-03,1.514636e-02
5800,layers.2.k_norm.weight,8.293938e+00,1.023125e-02,1.233582e-03
5800,layers.2.k_norm.bias,6.176139e-01,8.110275e-03,1.313163e-02
5800,layers.2.ln_e.weight,6.797817e+00,6.283994e-03,9.244135e-04
5800,layers.2.ln_e.bias,5.211022e-02,2.160661e-03,4.146329e-02
5800,layers.3.qkv_lut.weights,4.515917e+01,3.633416e+00,8.045798e-02
5800,layers.3.qkv_lut.log_soft_score_temp,5.711626e-01,3.309548e-03,5.794405e-03
5800,layers.3.qkv_lut.log_select_temp,6.945476e-01,1.170039e-04,1.684606e-04
5800,layers.3.v_lut.weights,3.961930e+01,3.074982e+00,7.761324e-02
5800,layers.3.v_lut.log_soft_score_temp,7.621504e-01,6.883144e-04,9.031215e-04
5800,layers.3.v_lut.log_select_temp,7.861537e-01,1.706123e-03,2.170216e-03
5800,layers.3.out_proj.weights,4.164959e+01,3.593626e+00,8.628238e-02
5800,layers.3.out_proj.log_soft_score_temp,6.924701e-01,3.769696e-03,5.443839e-03
5800,layers.3.out_proj.log_select_temp,8.318523e-01,2.206385e-03,2.652376e-03
5800,layers.3.residual_lut.weights,3.835651e+01,4.524602e+00,1.179618e-01
5800,layers.3.residual_lut.log_soft_score_temp,5.273299e-01,3.678024e-03,6.974806e-03
5800,layers.3.residual_lut.log_select_temp,6.763686e-01,6.009459e-03,8.884888e-03
5800,layers.3.q_norm.weight,8.101502e+00,9.884337e-03,1.220062e-03
5800,layers.3.q_norm.bias,2.603087e-01,7.270645e-03,2.793085e-02
5800,layers.3.k_norm.weight,8.094929e+00,1.074238e-02,1.327050e-03
5800,layers.3.k_norm.bias,3.571736e-01,9.407750e-03,2.633944e-02
5800,layers.3.ln_e.weight,6.605879e+00,8.501559e-03,1.286969e-03
5800,layers.3.ln_e.bias,1.218758e-01,7.347136e-03,6.028378e-02
5800,layers.4.qkv_lut.weights,2.348504e+01,1.324502e+00,5.639769e-02
5800,layers.4.qkv_lut.log_soft_score_temp,5.421962e-01,2.844334e-04,5.245950e-04
5800,layers.4.qkv_lut.log_select_temp,8.336183e-01,1.127064e-03,1.352015e-03
5800,layers.4.v_lut.weights,2.106353e+01,1.184279e+00,5.622413e-02
5800,layers.4.v_lut.log_soft_score_temp,4.537829e-01,2.059042e-04,4.537505e-04
5800,layers.4.v_lut.log_select_temp,7.965180e-01,5.561113e-04,6.981780e-04
5800,layers.4.out_proj.weights,3.647763e+01,4.785618e-01,1.311932e-02
5800,layers.4.out_proj.log_soft_score_temp,7.674764e-01,1.540780e-04,2.007593e-04
5800,layers.4.out_proj.log_select_temp,8.168429e-01,4.551411e-04,5.571954e-04
5800,layers.4.residual_lut.weights,2.704843e+01,3.486107e+00,1.288839e-01
5800,layers.4.residual_lut.log_soft_score_temp,4.415621e-01,4.929304e-04,1.116333e-03
5800,layers.4.residual_lut.log_select_temp,5.467513e-01,1.611710e-04,2.947793e-04
5800,layers.4.q_norm.weight,7.760166e+00,9.125113e-03,1.175892e-03
5800,layers.4.q_norm.bias,6.884270e-02,6.808216e-03,9.889525e-02
5800,layers.4.k_norm.weight,7.765424e+00,7.967777e-03,1.026058e-03
5800,layers.4.k_norm.bias,9.845275e-02,7.572814e-03,7.691825e-02
5800,layers.4.ln_e.weight,6.858236e+00,1.113045e-03,1.622932e-04
5800,layers.4.ln_e.bias,1.120722e-01,1.089755e-03,9.723692e-03
5800,layers.5.qkv_lut.weights,2.769141e+01,1.977650e+00,7.141743e-02
5800,layers.5.qkv_lut.log_soft_score_temp,6.213064e-01,8.955002e-04,1.441318e-03
5800,layers.5.qkv_lut.log_select_temp,9.977004e-01,2.057314e-03,2.062056e-03
5800,layers.5.v_lut.weights,2.380969e+01,1.702109e+00,7.148809e-02
5800,layers.5.v_lut.log_soft_score_temp,5.440097e-01,9.196401e-04,1.690485e-03
5800,layers.5.v_lut.log_select_temp,1.026713e+00,2.672791e-03,2.603251e-03
5800,layers.5.out_proj.weights,1.410652e+01,5.492907e-01,3.893877e-02
5800,layers.5.out_proj.log_soft_score_temp,6.334787e-01,1.628399e-03,2.570566e-03
5800,layers.5.out_proj.log_select_temp,7.482333e-01,5.306602e-04,7.092175e-04
5800,layers.5.residual_lut.weights,2.425280e+01,3.288048e+00,1.355740e-01
5800,layers.5.residual_lut.log_soft_score_temp,5.149396e-01,4.335642e-04,8.419709e-04
5800,layers.5.residual_lut.log_select_temp,5.709621e-01,3.090501e-04,5.412795e-04
5800,layers.5.q_norm.weight,7.861738e+00,8.330089e-03,1.059573e-03
5800,layers.5.q_norm.bias,9.923032e-02,9.677422e-03,9.752485e-02
5800,layers.5.k_norm.weight,7.866448e+00,8.711134e-03,1.107378e-03
5800,layers.5.k_norm.bias,1.522973e-01,9.249065e-03,6.073033e-02
5800,layers.5.ln_e.weight,5.656571e+00,3.535962e-02,6.251069e-03
5800,layers.5.ln_e.bias,9.648839e-02,9.237865e-04,9.574069e-03
5800,ln_final.weight,3.174429e+01,2.305487e-01,7.262682e-03
5800,ln_final.bias,8.486264e-01,2.306237e-02,2.717612e-02
6000,tok_emb_E.weight,7.528996e+01,1.025496e+00,1.362063e-02
6000,unembedder.weight,2.315825e+02,6.356691e+00,2.744893e-02
6000,layers.0.qkv_lut.weights,5.100300e+01,3.172092e+00,6.219422e-02
6000,layers.0.qkv_lut.log_soft_score_temp,6.124256e-01,5.421519e-03,8.852536e-03
6000,layers.0.qkv_lut.log_select_temp,6.334104e-01,5.758762e-03,9.091676e-03
6000,layers.0.v_lut.weights,5.122031e+01,3.056911e+00,5.968162e-02
6000,layers.0.v_lut.log_soft_score_temp,1.197528e+00,1.252508e-02,1.045912e-02
6000,layers.0.v_lut.log_select_temp,1.190379e+00,1.253164e-02,1.052744e-02
6000,layers.0.out_proj.weights,6.932654e+01,4.464872e+00,6.440351e-02
6000,layers.0.out_proj.log_soft_score_temp,5.857348e-01,3.420055e-03,5.838914e-03
6000,layers.0.out_proj.log_select_temp,1.297002e+00,8.037806e-03,6.197218e-03
6000,layers.0.residual_lut.weights,9.788090e+01,4.216688e+00,4.307979e-02
6000,layers.0.residual_lut.log_soft_score_temp,8.289164e-01,4.288077e-03,5.173112e-03
6000,layers.0.residual_lut.log_select_temp,1.206538e+00,6.234407e-03,5.167189e-03
6000,layers.0.q_norm.weight,9.474306e+00,1.234286e-02,1.302772e-03
6000,layers.0.q_norm.bias,9.044518e-01,5.956478e-03,6.585733e-03
6000,layers.0.k_norm.weight,9.367401e+00,1.160272e-02,1.238628e-03
6000,layers.0.k_norm.bias,1.220887e+00,8.757644e-03,7.173179e-03
6000,layers.0.ln_e.weight,7.023216e+00,5.485273e-03,7.810201e-04
6000,layers.0.ln_e.bias,5.483209e-02,2.569201e-03,4.685579e-02
6000,layers.1.qkv_lut.weights,5.089188e+01,3.217674e+00,6.322570e-02
6000,layers.1.qkv_lut.log_soft_score_temp,1.559730e-01,1.801535e-03,1.155030e-02
6000,layers.1.qkv_lut.log_select_temp,6.614590e-01,3.912926e-03,5.915599e-03
6000,layers.1.v_lut.weights,5.035512e+01,3.096283e+00,6.148894e-02
6000,layers.1.v_lut.log_soft_score_temp,3.443104e-01,5.597532e-03,1.625722e-02
6000,layers.1.v_lut.log_select_temp,9.016685e-01,2.694130e-03,2.987938e-03
6000,layers.1.out_proj.weights,6.951431e+01,4.515313e+00,6.495516e-02
6000,layers.1.out_proj.log_soft_score_temp,4.924999e-01,8.999139e-03,1.827237e-02
6000,layers.1.out_proj.log_select_temp,1.140977e+00,5.870342e-03,5.145015e-03
6000,layers.1.residual_lut.weights,8.549434e+01,4.202283e+00,4.915277e-02
6000,layers.1.residual_lut.log_soft_score_temp,4.655845e-01,1.104283e-02,2.371821e-02
6000,layers.1.residual_lut.log_select_temp,9.283892e-01,2.011478e-03,2.166632e-03
6000,layers.1.q_norm.weight,8.714989e+00,9.682039e-03,1.110964e-03
6000,layers.1.q_norm.bias,5.077802e-01,5.166870e-03,1.017541e-02
6000,layers.1.k_norm.weight,8.681775e+00,9.296530e-03,1.070810e-03
6000,layers.1.k_norm.bias,9.191675e-01,8.976616e-03,9.766028e-03
6000,layers.1.ln_e.weight,6.782038e+00,9.215054e-03,1.358744e-03
6000,layers.1.ln_e.bias,6.818307e-02,2.875650e-03,4.217542e-02
6000,layers.2.qkv_lut.weights,5.018341e+01,3.252776e+00,6.481775e-02
6000,layers.2.qkv_lut.log_soft_score_temp,1.752139e-01,4.302546e-03,2.455597e-02
6000,layers.2.qkv_lut.log_select_temp,6.177114e-01,2.724886e-03,4.411260e-03
6000,layers.2.v_lut.weights,4.886064e+01,2.951792e+00,6.041247e-02
6000,layers.2.v_lut.log_soft_score_temp,5.042895e-01,7.291675e-03,1.445930e-02
6000,layers.2.v_lut.log_select_temp,8.646770e-01,3.468990e-05,4.011892e-05
6000,layers.2.out_proj.weights,6.572319e+01,4.351993e+00,6.621700e-02
6000,layers.2.out_proj.log_soft_score_temp,6.685309e-01,6.261110e-03,9.365476e-03
6000,layers.2.out_proj.log_select_temp,1.032529e+00,5.193353e-03,5.029742e-03
6000,layers.2.residual_lut.weights,6.890164e+01,4.242962e+00,6.157998e-02
6000,layers.2.residual_lut.log_soft_score_temp,5.811584e-01,3.099322e-03,5.333008e-03
6000,layers.2.residual_lut.log_select_temp,8.657522e-01,3.617048e-03,4.177926e-03
6000,layers.2.q_norm.weight,8.352548e+00,1.033749e-02,1.237645e-03
6000,layers.2.q_norm.bias,4.301127e-01,5.120960e-03,1.190609e-02
6000,layers.2.k_norm.weight,8.299668e+00,1.025434e-02,1.235512e-03
6000,layers.2.k_norm.bias,6.188605e-01,6.502552e-03,1.050730e-02
6000,layers.2.ln_e.weight,6.794561e+00,7.168438e-03,1.055026e-03
6000,layers.2.ln_e.bias,5.405762e-02,2.801524e-03,5.182478e-02
6000,layers.3.qkv_lut.weights,4.531199e+01,3.244283e+00,7.159877e-02
6000,layers.3.qkv_lut.log_soft_score_temp,5.685221e-01,2.640545e-03,4.644578e-03
6000,layers.3.qkv_lut.log_select_temp,6.944950e-01,5.263090e-05,7.578298e-05
6000,layers.3.v_lut.weights,3.977953e+01,2.762429e+00,6.944346e-02
6000,layers.3.v_lut.log_soft_score_temp,7.622380e-01,8.755922e-05,1.148712e-04
6000,layers.3.v_lut.log_select_temp,7.869001e-01,7.464290e-04,9.485689e-04
6000,layers.3.out_proj.weights,4.181189e+01,3.200918e+00,7.655521e-02
6000,layers.3.out_proj.log_soft_score_temp,6.873891e-01,5.081058e-03,7.391822e-03
6000,layers.3.out_proj.log_select_temp,8.322898e-01,4.374981e-04,5.256559e-04
6000,layers.3.residual_lut.weights,3.852750e+01,4.024864e+00,1.044673e-01
6000,layers.3.residual_lut.log_soft_score_temp,5.307715e-01,3.441572e-03,6.484094e-03
6000,layers.3.residual_lut.log_select_temp,6.821649e-01,5.796313e-03,8.496939e-03
6000,layers.3.q_norm.weight,8.103791e+00,9.019216e-03,1.112962e-03
6000,layers.3.q_norm.bias,2.604504e-01,5.364919e-03,2.059862e-02
6000,layers.3.k_norm.weight,8.097219e+00,8.634686e-03,1.066377e-03
6000,layers.3.k_norm.bias,3.585348e-01,6.809212e-03,1.899177e-02
6000,layers.3.ln_e.weight,6.611922e+00,8.797660e-03,1.330575e-03
6000,layers.3.ln_e.bias,1.287835e-01,8.502318e-03,6.602025e-02
6000,layers.4.qkv_lut.weights,2.352273e+01,1.203724e+00,5.117279e-02
6000,layers.4.qkv_lut.log_soft_score_temp,5.428354e-01,6.392002e-04,1.177521e-03
6000,layers.4.qkv_lut.log_select_temp,8.349584e-01,1.340091e-03,1.604980e-03
6000,layers.4.v_lut.weights,2.109970e+01,1.057166e+00,5.010339e-02
6000,layers.4.v_lut.log_soft_score_temp,4.537544e-01,2.858043e-05,6.298656e-05
6000,layers.4.v_lut.log_select_temp,7.973162e-01,7.982254e-04,1.001140e-03
6000,layers.4.out_proj.weights,3.653641e+01,4.360691e-01,1.193519e-02
6000,layers.4.out_proj.log_soft_score_temp,7.672415e-01,2.349615e-04,3.062419e-04
6000,layers.4.out_proj.log_select_temp,8.167864e-01,5.644560e-05,6.910693e-05
6000,layers.4.residual_lut.weights,2.695789e+01,3.223401e+00,1.195717e-01
6000,layers.4.residual_lut.log_soft_score_temp,4.411736e-01,3.885329e-04,8.806803e-04
6000,layers.4.residual_lut.log_select_temp,5.466408e-01,1.105070e-04,2.021565e-04
6000,layers.4.q_norm.weight,7.762544e+00,7.254388e-03,9.345374e-04
6000,layers.4.q_norm.bias,6.920898e-02,7.019922e-03,1.014308e-01
6000,layers.4.k_norm.weight,7.767718e+00,7.812819e-03,1.005806e-03
6000,layers.4.k_norm.bias,9.878338e-02,6.925671e-03,7.010968e-02
6000,layers.4.ln_e.weight,6.858152e+00,9.614442e-04,1.401900e-04
6000,layers.4.ln_e.bias,1.121779e-01,9.606291e-04,8.563441e-03
6000,layers.5.qkv_lut.weights,2.776146e+01,1.824209e+00,6.571013e-02
6000,layers.5.qkv_lut.log_soft_score_temp,6.211236e-01,1.827478e-04,2.942214e-04
6000,layers.5.qkv_lut.log_select_temp,9.988202e-01,1.119792e-03,1.121115e-03
6000,layers.5.v_lut.weights,2.387583e+01,1.567780e+00,6.566391e-02
6000,layers.5.v_lut.log_soft_score_temp,5.442140e-01,2.043247e-04,3.754492e-04
6000,layers.5.v_lut.log_select_temp,1.029166e+00,2.452970e-03,2.383454e-03
6000,layers.5.out_proj.weights,1.412985e+01,4.786655e-01,3.387619e-02
6000,layers.5.out_proj.log_soft_score_temp,6.323809e-01,1.097798e-03,1.735976e-03
6000,layers.5.out_proj.log_select_temp,7.472504e-01,9.828806e-04,1.315330e-03
6000,layers.5.residual_lut.weights,2.414227e+01,3.022336e+00,1.251886e-01
6000,layers.5.residual_lut.log_soft_score_temp,5.145887e-01,3.508925e-04,6.818893e-04
6000,layers.5.residual_lut.log_select_temp,5.707153e-01,2.468228e-04,4.324798e-04
6000,layers.5.q_norm.weight,7.863121e+00,7.765952e-03,9.876425e-04
6000,layers.5.q_norm.bias,1.008039e-01,7.701125e-03,7.639711e-02
6000,layers.5.k_norm.weight,7.867915e+00,7.681125e-03,9.762592e-04
6000,layers.5.k_norm.bias,1.522578e-01,8.838784e-03,5.805143e-02
6000,layers.5.ln_e.weight,5.628870e+00,3.024204e-02,5.372666e-03
6000,layers.5.ln_e.bias,9.665408e-02,8.602910e-04,8.900721e-03
6000,ln_final.weight,3.195568e+01,2.122341e-01,6.641512e-03
6000,ln_final.bias,8.573109e-01,2.250246e-02,2.624772e-02
6200,tok_emb_E.weight,7.532017e+01,9.158199e-01,1.215903e-02
6200,unembedder.weight,2.321326e+02,5.696614e+00,2.454034e-02
6200,layers.0.qkv_lut.weights,5.110664e+01,2.845951e+00,5.568652e-02
6200,layers.0.qkv_lut.log_soft_score_temp,6.159331e-01,3.507495e-03,5.694604e-03
6200,layers.0.qkv_lut.log_select_temp,6.371926e-01,3.782213e-03,5.935745e-03
6200,layers.0.v_lut.weights,5.133076e+01,2.757133e+00,5.371308e-02
6200,layers.0.v_lut.log_soft_score_temp,1.208652e+00,1.112473e-02,9.204242e-03
6200,layers.0.v_lut.log_select_temp,1.201546e+00,1.116669e-02,9.293605e-03
6200,layers.0.out_proj.weights,6.949266e+01,4.005198e+00,5.763483e-02
6200,layers.0.out_proj.log_soft_score_temp,5.823168e-01,3.418028e-03,5.869706e-03
6200,layers.0.out_proj.log_select_temp,1.304531e+00,7.529020e-03,5.771437e-03
6200,layers.0.residual_lut.weights,9.824423e+01,3.805246e+00,3.873251e-02
6200,layers.0.residual_lut.log_soft_score_temp,8.251199e-01,3.796518e-03,4.601171e-03
6200,layers.0.residual_lut.log_select_temp,1.211900e+00,5.361915e-03,4.424389e-03
6200,layers.0.q_norm.weight,9.484963e+00,1.211655e-02,1.277449e-03
6200,layers.0.q_norm.bias,9.093590e-01,7.347361e-03,8.079714e-03
6200,layers.0.k_norm.weight,9.377285e+00,1.140908e-02,1.216672e-03
6200,layers.0.k_norm.bias,1.228733e+00,9.538373e-03,7.762773e-03
6200,layers.0.ln_e.weight,7.022266e+00,4.881304e-03,6.951180e-04
6200,layers.0.ln_e.bias,5.394571e-02,2.446740e-03,4.535560e-02
6200,layers.1.qkv_lut.weights,5.100427e+01,2.906393e+00,5.698332e-02
6200,layers.1.qkv_lut.log_soft_score_temp,1.542221e-01,1.750946e-03,1.135341e-02
6200,layers.1.qkv_lut.log_select_temp,6.647235e-01,3.264487e-03,4.911045e-03
6200,layers.1.v_lut.weights,5.048140e+01,2.774418e+00,5.495922e-02
6200,layers.1.v_lut.log_soft_score_temp,3.395152e-01,4.795223e-03,1.412374e-02
6200,layers.1.v_lut.log_select_temp,9.042991e-01,2.630591e-03,2.908984e-03
6200,layers.1.out_proj.weights,6.967970e+01,4.044089e+00,5.803827e-02
6200,layers.1.out_proj.log_soft_score_temp,4.846152e-01,7.884622e-03,1.626986e-02
6200,layers.1.out_proj.log_select_temp,1.146556e+00,5.579472e-03,4.866287e-03
6200,layers.1.residual_lut.weights,8.570295e+01,3.766559e+00,4.394900e-02
6200,layers.1.residual_lut.log_soft_score_temp,4.556728e-01,9.911776e-03,2.175196e-02
6200,layers.1.residual_lut.log_select_temp,9.269522e-01,1.437008e-03,1.550251e-03
6200,layers.1.q_norm.weight,8.723028e+00,9.732723e-03,1.115751e-03
6200,layers.1.q_norm.bias,5.113963e-01,6.163076e-03,1.205147e-02
6200,layers.1.k_norm.weight,8.689454e+00,9.395480e-03,1.081251e-03
6200,layers.1.k_norm.bias,9.242821e-01,7.266290e-03,7.861549e-03
6200,layers.1.ln_e.weight,6.775452e+00,8.137962e-03,1.201095e-03
6200,layers.1.ln_e.bias,7.065377e-02,2.950328e-03,4.175754e-02
6200,layers.2.qkv_lut.weights,5.028765e+01,2.912664e+00,5.792008e-02
6200,layers.2.qkv_lut.log_soft_score_temp,1.701404e-01,5.073428e-03,2.981906e-02
6200,layers.2.qkv_lut.log_select_temp,6.194146e-01,1.703143e-03,2.749601e-03
6200,layers.2.v_lut.weights,4.898568e+01,2.646540e+00,5.402681e-02
6200,layers.2.v_lut.log_soft_score_temp,4.969462e-01,7.343322e-03,1.477690e-02
6200,layers.2.v_lut.log_select_temp,8.639030e-01,7.739067e-04,8.958259e-04
6200,layers.2.out_proj.weights,6.593451e+01,3.878427e+00,5.882241e-02
6200,layers.2.out_proj.log_soft_score_temp,6.626365e-01,5.894423e-03,8.895409e-03
6200,layers.2.out_proj.log_select_temp,1.036972e+00,4.443407e-03,4.284982e-03
6200,layers.2.residual_lut.weights,6.909222e+01,3.785833e+00,5.479391e-02
6200,layers.2.residual_lut.log_soft_score_temp,5.783497e-01,2.808690e-03,4.856387e-03
6200,layers.2.residual_lut.log_select_temp,8.698852e-01,4.133046e-03,4.751254e-03
6200,layers.2.q_norm.weight,8.359745e+00,9.318308e-03,1.114664e-03
6200,layers.2.q_norm.bias,4.339636e-01,5.362885e-03,1.235791e-02
6200,layers.2.k_norm.weight,8.306140e+00,9.242190e-03,1.112694e-03
6200,layers.2.k_norm.bias,6.225429e-01,6.832089e-03,1.097449e-02
6200,layers.2.ln_e.weight,6.791929e+00,6.486671e-03,9.550557e-04
6200,layers.2.ln_e.bias,5.503159e-02,2.150893e-03,3.908469e-02
6200,layers.3.qkv_lut.weights,4.544205e+01,2.926981e+00,6.441130e-02
6200,layers.3.qkv_lut.log_soft_score_temp,5.659994e-01,2.522647e-03,4.456979e-03
6200,layers.3.qkv_lut.log_select_temp,6.945774e-01,8.243322e-05,1.186811e-04
6200,layers.3.v_lut.weights,3.990497e+01,2.482403e+00,6.220786e-02
6200,layers.3.v_lut.log_soft_score_temp,7.625161e-01,2.781153e-04,3.647336e-04
6200,layers.3.v_lut.log_select_temp,7.879323e-01,1.032233e-03,1.310053e-03
6200,layers.3.out_proj.weights,4.194676e+01,2.879333e+00,6.864255e-02
6200,layers.3.out_proj.log_soft_score_temp,6.838766e-01,3.512442e-03,5.136076e-03
6200,layers.3.out_proj.log_select_temp,8.335217e-01,1.231909e-03,1.477956e-03
6200,layers.3.residual_lut.weights,3.865651e+01,3.621757e+00,9.369076e-02
6200,layers.3.residual_lut.log_soft_score_temp,5.337098e-01,2.938271e-03,5.505372e-03
6200,layers.3.residual_lut.log_select_temp,6.875006e-01,5.335689e-03,7.760995e-03
6200,layers.3.q_norm.weight,8.104634e+00,7.937525e-03,9.793811e-04
6200,layers.3.q_norm.bias,2.603237e-01,5.863037e-03,2.252210e-02
6200,layers.3.k_norm.weight,8.098426e+00,7.694609e-03,9.501363e-04
6200,layers.3.k_norm.bias,3.582507e-01,6.922307e-03,1.932252e-02
6200,layers.3.ln_e.weight,6.616606e+00,7.657665e-03,1.157340e-03
6200,layers.3.ln_e.bias,1.341547e-01,6.830582e-03,5.091572e-02
6200,layers.4.qkv_lut.weights,2.355128e+01,1.060869e+00,4.504507e-02
6200,layers.4.qkv_lut.log_soft_score_temp,5.427544e-01,8.100271e-05,1.492438e-04
6200,layers.4.qkv_lut.log_select_temp,8.355642e-01,6.057620e-04,7.249736e-04
6200,layers.4.v_lut.weights,2.112918e+01,9.641053e-01,4.562909e-02
6200,layers.4.v_lut.log_soft_score_temp,4.538440e-01,8.967519e-05,1.975903e-04
6200,layers.4.v_lut.log_select_temp,7.979441e-01,6.278753e-04,7.868663e-04
6200,layers.4.out_proj.weights,3.658275e+01,3.857118e-01,1.054354e-02
6200,layers.4.out_proj.log_soft_score_temp,7.672003e-01,4.118681e-05,5.368456e-05
6200,layers.4.out_proj.log_select_temp,8.169752e-01,1.887679e-04,2.310571e-04
6200,layers.4.residual_lut.weights,2.686162e+01,2.896634e+00,1.078354e-01
6200,layers.4.residual_lut.log_soft_score_temp,4.409595e-01,2.141297e-04,4.855995e-04
6200,layers.4.residual_lut.log_select_temp,5.466665e-01,2.568960e-05,4.699319e-05
6200,layers.4.q_norm.weight,7.760821e+00,6.719252e-03,8.657914e-04
6200,layers.4.q_norm.bias,7.011627e-02,6.954204e-03,9.918102e-02
6200,layers.4.k_norm.weight,7.765891e+00,6.011556e-03,7.740974e-04
6200,layers.4.k_norm.bias,9.745901e-02,6.926757e-03,7.107354e-02
6200,layers.4.ln_e.weight,6.858145e+00,1.163169e-03,1.696040e-04
6200,layers.4.ln_e.bias,1.120866e-01,1.164552e-03,1.038976e-02
6200,layers.5.qkv_lut.weights,2.781418e+01,1.653274e+00,5.943997e-02
6200,layers.5.qkv_lut.log_soft_score_temp,6.208117e-01,3.119111e-04,5.024247e-04
6200,layers.5.qkv_lut.log_select_temp,1.000533e+00,1.712561e-03,1.711649e-03
6200,layers.5.v_lut.weights,2.392341e+01,1.410744e+00,5.896916e-02
6200,layers.5.v_lut.log_soft_score_temp,5.436334e-01,5.806088e-04,1.068015e-03
6200,layers.5.v_lut.log_select_temp,1.031615e+00,2.449155e-03,2.374098e-03
6200,layers.5.out_proj.weights,1.414057e+01,4.421332e-01,3.126700e-02
6200,layers.5.out_proj.log_soft_score_temp,6.303276e-01,2.053320e-03,3.257545e-03
6200,layers.5.out_proj.log_select_temp,7.460178e-01,1.232624e-03,1.652272e-03
6200,layers.5.residual_lut.weights,2.403481e+01,2.696608e+00,1.121959e-01
6200,layers.5.residual_lut.log_soft_score_temp,5.144244e-01,1.643300e-04,3.194444e-04
6200,layers.5.residual_lut.log_select_temp,5.706446e-01,7.075071e-05,1.239839e-04
6200,layers.5.q_norm.weight,7.865277e+00,6.789866e-03,8.632710e-04
6200,layers.5.q_norm.bias,1.015026e-01,7.343324e-03,7.234616e-02
6200,layers.5.k_norm.weight,7.870517e+00,7.432641e-03,9.443651e-04
6200,layers.5.k_norm.bias,1.545621e-01,7.353980e-03,4.757946e-02
6200,layers.5.ln_e.weight,5.603467e+00,2.779241e-02,4.959859e-03
6200,layers.5.ln_e.bias,9.649589e-02,9.920941e-04,1.028121e-02
6200,ln_final.weight,3.214406e+01,1.891477e-01,5.884375e-03
6200,ln_final.bias,8.646717e-01,2.065715e-02,2.389017e-02
6400,tok_emb_E.weight,7.534533e+01,8.182441e-01,1.085992e-02
6400,unembedder.weight,2.326357e+02,5.078674e+00,2.183101e-02
6400,layers.0.qkv_lut.weights,5.118855e+01,2.551138e+00,4.983807e-02
6400,layers.0.qkv_lut.log_soft_score_temp,6.190480e-01,3.114939e-03,5.031821e-03
6400,layers.0.qkv_lut.log_select_temp,6.406061e-01,3.413498e-03,5.328545e-03
6400,layers.0.v_lut.weights,5.141786e+01,2.461355e+00,4.786966e-02
6400,layers.0.v_lut.log_soft_score_temp,1.218090e+00,9.437323e-03,7.747641e-03
6400,layers.0.v_lut.log_select_temp,1.211013e+00,9.467244e-03,7.817624e-03
6400,layers.0.out_proj.weights,6.962083e+01,3.557959e+00,5.110481e-02
6400,layers.0.out_proj.log_soft_score_temp,5.793249e-01,2.991855e-03,5.164382e-03
6400,layers.0.out_proj.log_select_temp,1.310703e+00,6.172061e-03,4.708969e-03
6400,layers.0.residual_lut.weights,9.852792e+01,3.387872e+00,3.438489e-02
6400,layers.0.residual_lut.log_soft_score_temp,8.204982e-01,4.621625e-03,5.632706e-03
6400,layers.0.residual_lut.log_select_temp,1.216078e+00,4.178524e-03,3.436066e-03
6400,layers.0.q_norm.weight,9.495644e+00,1.199707e-02,1.263429e-03
6400,layers.0.q_norm.bias,9.144711e-01,6.834221e-03,7.473414e-03
6400,layers.0.k_norm.weight,9.387065e+00,1.100777e-02,1.172653e-03
6400,layers.0.k_norm.bias,1.236545e+00,8.920482e-03,7.214039e-03
6400,layers.0.ln_e.weight,7.021078e+00,5.362839e-03,7.638200e-04
6400,layers.0.ln_e.bias,5.456769e-02,2.251513e-03,4.126092e-02
6400,layers.1.qkv_lut.weights,5.110286e+01,2.584267e+00,5.056991e-02
6400,layers.1.qkv_lut.log_soft_score_temp,1.543822e-01,1.600683e-04,1.036831e-03
6400,layers.1.qkv_lut.log_select_temp,6.689795e-01,4.256070e-03,6.362033e-03
6400,layers.1.v_lut.weights,5.057913e+01,2.457137e+00,4.858005e-02
6400,layers.1.v_lut.log_soft_score_temp,3.348750e-01,4.640251e-03,1.385667e-02
6400,layers.1.v_lut.log_select_temp,9.061911e-01,1.891971e-03,2.087827e-03
6400,layers.1.out_proj.weights,6.980897e+01,3.588859e+00,5.140971e-02
6400,layers.1.out_proj.log_soft_score_temp,4.771606e-01,7.454604e-03,1.562284e-02
6400,layers.1.out_proj.log_select_temp,1.151520e+00,4.964113e-03,4.310921e-03
6400,layers.1.residual_lut.weights,8.587222e+01,3.369036e+00,3.923313e-02
6400,layers.1.residual_lut.log_soft_score_temp,4.461599e-01,9.512872e-03,2.132166e-02
6400,layers.1.residual_lut.log_select_temp,9.253111e-01,1.641095e-03,1.773560e-03
6400,layers.1.q_norm.weight,8.730135e+00,8.520224e-03,9.759556e-04
6400,layers.1.q_norm.bias,5.138006e-01,5.079024e-03,9.885204e-03
6400,layers.1.k_norm.weight,8.696266e+00,8.422863e-03,9.685608e-04
6400,layers.1.k_norm.bias,9.290674e-01,7.030088e-03,7.566822e-03
6400,layers.1.ln_e.weight,6.769561e+00,7.313333e-03,1.080326e-03
6400,layers.1.ln_e.bias,7.231729e-02,2.195672e-03,3.036164e-02
6400,layers.2.qkv_lut.weights,5.037306e+01,2.597125e+00,5.155782e-02
6400,layers.2.qkv_lut.log_soft_score_temp,1.659037e-01,4.236758e-03,2.553745e-02
6400,layers.2.qkv_lut.log_select_temp,6.210828e-01,1.668274e-03,2.686074e-03
6400,layers.2.v_lut.weights,4.908395e+01,2.354212e+00,4.796296e-02
6400,layers.2.v_lut.log_soft_score_temp,4.909654e-01,5.980790e-03,1.218169e-02
6400,layers.2.v_lut.log_select_temp,8.636957e-01,2.073646e-04,2.400898e-04
6400,layers.2.out_proj.weights,6.611793e+01,3.449569e+00,5.217297e-02
6400,layers.2.out_proj.log_soft_score_temp,6.573375e-01,5.298972e-03,8.061265e-03
6400,layers.2.out_proj.log_select_temp,1.041700e+00,4.728436e-03,4.539152e-03
6400,layers.2.residual_lut.weights,6.926116e+01,3.403855e+00,4.914522e-02
6400,layers.2.residual_lut.log_soft_score_temp,5.760133e-01,2.336442e-03,4.056230e-03
6400,layers.2.residual_lut.log_select_temp,8.738056e-01,3.920376e-03,4.486554e-03
6400,layers.2.q_norm.weight,8.366069e+00,8.748685e-03,1.045734e-03
6400,layers.2.q_norm.bias,4.368864e-01,5.102986e-03,1.168035e-02
6400,layers.2.k_norm.weight,8.311845e+00,8.283573e-03,9.965986e-04
6400,layers.2.k_norm.bias,6.254238e-01,5.620279e-03,8.986352e-03
6400,layers.2.ln_e.weight,6.790197e+00,4.823261e-03,7.103272e-04
6400,layers.2.ln_e.bias,5.631685e-02,1.854298e-03,3.292617e-02
6400,layers.3.qkv_lut.weights,4.553345e+01,2.567048e+00,5.637718e-02
6400,layers.3.qkv_lut.log_soft_score_temp,5.634536e-01,2.545834e-03,4.518266e-03
6400,layers.3.qkv_lut.log_select_temp,6.944945e-01,8.291006e-05,1.193819e-04
6400,layers.3.v_lut.weights,4.000510e+01,2.184758e+00,5.461198e-02
6400,layers.3.v_lut.log_soft_score_temp,7.631466e-01,6.304979e-04,8.261820e-04
6400,layers.3.v_lut.log_select_temp,7.892990e-01,1.366675e-03,1.731505e-03
6400,layers.3.out_proj.weights,4.205772e+01,2.530929e+00,6.017750e-02
6400,layers.3.out_proj.log_soft_score_temp,6.804227e-01,3.453970e-03,5.076212e-03
6400,layers.3.out_proj.log_select_temp,8.340876e-01,5.658865e-04,6.784497e-04
6400,layers.3.residual_lut.weights,3.875631e+01,3.219124e+00,8.306066e-02
6400,layers.3.residual_lut.log_soft_score_temp,5.364692e-01,2.759457e-03,5.143737e-03
6400,layers.3.residual_lut.log_select_temp,6.921635e-01,4.662931e-03,6.736748e-03
6400,layers.3.q_norm.weight,8.106125e+00,7.363473e-03,9.083838e-04
6400,layers.3.q_norm.bias,2.613576e-01,5.819059e-03,2.226474e-02
6400,layers.3.k_norm.weight,8.099746e+00,7.437523e-03,9.182415e-04
6400,layers.3.k_norm.bias,3.599546e-01,7.559848e-03,2.100222e-02
6400,layers.3.ln_e.weight,6.620969e+00,6.387421e-03,9.647260e-04
6400,layers.3.ln_e.bias,1.393222e-01,5.753593e-03,4.129703e-02
6400,layers.4.qkv_lut.weights,2.356988e+01,9.460520e-01,4.013818e-02
6400,layers.4.qkv_lut.log_soft_score_temp,5.437508e-01,9.964108e-04,1.832477e-03
6400,layers.4.qkv_lut.log_select_temp,8.369663e-01,1.402080e-03,1.675193e-03
6400,layers.4.v_lut.weights,2.115583e+01,8.529860e-01,4.031919e-02
6400,layers.4.v_lut.log_soft_score_temp,4.555577e-01,1.713634e-03,3.761617e-03
6400,layers.4.v_lut.log_select_temp,8.000817e-01,2.137661e-03,2.671803e-03
6400,layers.4.out_proj.weights,3.662809e+01,3.445768e-01,9.407447e-03
6400,layers.4.out_proj.log_soft_score_temp,7.672324e-01,3.212690e-05,4.187376e-05
6400,layers.4.out_proj.log_select_temp,8.172143e-01,2.390742e-04,2.925478e-04
6400,layers.4.residual_lut.weights,2.676518e+01,2.562911e+00,9.575541e-02
6400,layers.4.residual_lut.log_soft_score_temp,4.406371e-01,3.223121e-04,7.314683e-04
6400,layers.4.residual_lut.log_select_temp,5.465645e-01,1.020432e-04,1.866992e-04
6400,layers.4.q_norm.weight,7.763319e+00,6.804561e-03,8.765014e-04
6400,layers.4.q_norm.bias,7.186460e-02,5.568618e-03,7.748764e-02
6400,layers.4.k_norm.weight,7.768132e+00,6.927548e-03,8.917907e-04
6400,layers.4.k_norm.bias,9.722576e-02,5.138374e-03,5.284992e-02
6400,layers.4.ln_e.weight,6.858039e+00,1.210087e-03,1.764480e-04
6400,layers.4.ln_e.bias,1.121939e-01,1.206144e-03,1.075054e-02
6400,layers.5.qkv_lut.weights,2.785681e+01,1.438558e+00,5.164117e-02
6400,layers.5.qkv_lut.log_soft_score_temp,6.211730e-01,3.613234e-04,5.816791e-04
6400,layers.5.qkv_lut.log_select_temp,1.001825e+00,1.292467e-03,1.290112e-03
6400,layers.5.v_lut.weights,2.395292e+01,1.196759e+00,4.996297e-02
6400,layers.5.v_lut.log_soft_score_temp,5.433272e-01,3.062487e-04,5.636543e-04
6400,layers.5.v_lut.log_select_temp,1.033268e+00,1.652598e-03,1.599390e-03
6400,layers.5.out_proj.weights,1.415410e+01,3.834299e-01,2.708966e-02
6400,layers.5.out_proj.log_soft_score_temp,6.285723e-01,1.755297e-03,2.792514e-03
6400,layers.5.out_proj.log_select_temp,7.451743e-01,8.434653e-04,1.131903e-03
6400,layers.5.residual_lut.weights,2.393069e+01,2.423249e+00,1.012612e-01
6400,layers.5.residual_lut.log_soft_score_temp,5.141692e-01,2.551675e-04,4.962714e-04
6400,layers.5.residual_lut.log_select_temp,5.704635e-01,1.810789e-04,3.174242e-04
6400,layers.5.q_norm.weight,7.863306e+00,6.360550e-03,8.088901e-04
6400,layers.5.q_norm.bias,1.014354e-01,7.033365e-03,6.933836e-02
6400,layers.5.k_norm.weight,7.868679e+00,5.967503e-03,7.583869e-04
6400,layers.5.k_norm.bias,1.545189e-01,6.393943e-03,4.137969e-02
6400,layers.5.ln_e.weight,5.581748e+00,2.396082e-02,4.292708e-03
6400,layers.5.ln_e.bias,9.666889e-02,9.521786e-04,9.849897e-03
6400,ln_final.weight,3.231350e+01,1.700598e-01,5.262810e-03
6400,ln_final.bias,8.729528e-01,1.992852e-02,2.282887e-02
6600,tok_emb_E.weight,7.536728e+01,7.237405e-01,9.602847e-03
6600,unembedder.weight,2.331014e+02,4.528398e+00,1.942673e-02
6600,layers.0.qkv_lut.weights,5.125377e+01,2.264562e+00,4.418333e-02
6600,layers.0.qkv_lut.log_soft_score_temp,6.224086e-01,3.360569e-03,5.399298e-03
6600,layers.0.qkv_lut.log_select_temp,6.441754e-01,3.569245e-03,5.540798e-03
6600,layers.0.v_lut.weights,5.148573e+01,2.192762e+00,4.258972e-02
6600,layers.0.v_lut.log_soft_score_temp,1.226534e+00,8.443952e-03,6.884402e-03
6600,layers.0.v_lut.log_select_temp,1.219491e+00,8.478045e-03,6.952118e-03
6600,layers.0.out_proj.weights,6.972479e+01,3.163021e+00,4.536437e-02
6600,layers.0.out_proj.log_soft_score_temp,5.780557e-01,1.269162e-03,2.195570e-03
6600,layers.0.out_proj.log_select_temp,1.316942e+00,6.239057e-03,4.737532e-03
6600,layers.0.residual_lut.weights,9.876939e+01,3.008321e+00,3.045803e-02
6600,layers.0.residual_lut.log_soft_score_temp,8.163291e-01,4.169106e-03,5.107139e-03
6600,layers.0.residual_lut.log_select_temp,1.219727e+00,3.648877e-03,2.991553e-03
6600,layers.0.q_norm.weight,9.504728e+00,1.007906e-02,1.060425e-03
6600,layers.0.q_norm.bias,9.176607e-01,5.345678e-03,5.825332e-03
6600,layers.0.k_norm.weight,9.395524e+00,9.491931e-03,1.010261e-03
6600,layers.0.k_norm.bias,1.241043e+00,6.334624e-03,5.104274e-03
6600,layers.0.ln_e.weight,7.019993e+00,3.550075e-03,5.057093e-04
6600,layers.0.ln_e.bias,5.420499e-02,1.968723e-03,3.631997e-02
6600,layers.1.qkv_lut.weights,5.117584e+01,2.304324e+00,4.502758e-02
6600,layers.1.qkv_lut.log_soft_score_temp,1.536692e-01,7.129908e-04,4.639777e-03
6600,layers.1.qkv_lut.log_select_temp,6.718417e-01,2.862215e-03,4.260252e-03
6600,layers.1.v_lut.weights,5.066216e+01,2.197526e+00,4.337608e-02
6600,layers.1.v_lut.log_soft_score_temp,3.307036e-01,4.171342e-03,1.261354e-02
6600,layers.1.v_lut.log_select_temp,9.080136e-01,1.822472e-03,2.007097e-03
6600,layers.1.out_proj.weights,6.991341e+01,3.194429e+00,4.569122e-02
6600,layers.1.out_proj.log_soft_score_temp,4.707641e-01,6.396562e-03,1.358762e-02
6600,layers.1.out_proj.log_select_temp,1.156261e+00,4.741073e-03,4.100347e-03
6600,layers.1.residual_lut.weights,8.601654e+01,3.002820e+00,3.490979e-02
6600,layers.1.residual_lut.log_soft_score_temp,4.377860e-01,8.373886e-03,1.912781e-02
6600,layers.1.residual_lut.log_select_temp,9.241171e-01,1.194000e-03,1.292044e-03
6600,layers.1.q_norm.weight,8.736119e+00,7.093127e-03,8.119311e-04
6600,layers.1.q_norm.bias,5.160698e-01,4.234934e-03,8.206127e-03
6600,layers.1.k_norm.weight,8.702050e+00,7.058252e-03,8.111022e-04
6600,layers.1.k_norm.bias,9.338326e-01,6.576953e-03,7.042967e-03
6600,layers.1.ln_e.weight,6.764442e+00,6.545949e-03,9.676997e-04
6600,layers.1.ln_e.bias,7.378478e-02,2.213570e-03,3.000035e-02
6600,layers.2.qkv_lut.weights,5.043991e+01,2.303038e+00,4.565904e-02
6600,layers.2.qkv_lut.log_soft_score_temp,1.622489e-01,3.654778e-03,2.252575e-02
6600,layers.2.qkv_lut.log_select_temp,6.229410e-01,1.858175e-03,2.982906e-03
6600,layers.2.v_lut.weights,4.916371e+01,2.093697e+00,4.258623e-02
6600,layers.2.v_lut.log_soft_score_temp,4.854245e-01,5.540907e-03,1.141456e-02
6600,layers.2.v_lut.log_select_temp,8.632194e-01,4.763007e-04,5.517725e-04
6600,layers.2.out_proj.weights,6.627258e+01,3.064651e+00,4.624313e-02
6600,layers.2.out_proj.log_soft_score_temp,6.527137e-01,4.623890e-03,7.084102e-03
6600,layers.2.out_proj.log_select_temp,1.045678e+00,3.977180e-03,3.803447e-03
6600,layers.2.residual_lut.weights,6.939577e+01,3.015904e+00,4.345948e-02
6600,layers.2.residual_lut.log_soft_score_temp,5.738606e-01,2.152681e-03,3.751227e-03
6600,layers.2.residual_lut.log_select_temp,8.771326e-01,3.327012e-03,3.793055e-03
6600,layers.2.q_norm.weight,8.372085e+00,7.844019e-03,9.369254e-04
6600,layers.2.q_norm.bias,4.378441e-01,3.614538e-03,8.255309e-03
6600,layers.2.k_norm.weight,8.317231e+00,7.276285e-03,8.748446e-04
6600,layers.2.k_norm.bias,6.281336e-01,4.911149e-03,7.818638e-03
6600,layers.2.ln_e.weight,6.788435e+00,4.796825e-03,7.066172e-04
6600,layers.2.ln_e.bias,5.808881e-02,2.581446e-03,4.443965e-02
6600,layers.3.qkv_lut.weights,4.560714e+01,2.305976e+00,5.056174e-02
6600,layers.3.qkv_lut.log_soft_score_temp,5.621079e-01,1.345694e-03,2.394014e-03
6600,layers.3.qkv_lut.log_select_temp,6.948841e-01,3.896356e-04,5.607202e-04
6600,layers.3.v_lut.weights,4.009776e+01,1.970411e+00,4.914018e-02
6600,layers.3.v_lut.log_soft_score_temp,7.634463e-01,2.996922e-04,3.925517e-04
6600,layers.3.v_lut.log_select_temp,7.902654e-01,9.664297e-04,1.222918e-03
6600,layers.3.out_proj.weights,4.213631e+01,2.301683e+00,5.462471e-02
6600,layers.3.out_proj.log_soft_score_temp,6.773030e-01,3.119648e-03,4.605985e-03
6600,layers.3.out_proj.log_select_temp,8.349375e-01,8.499026e-04,1.017924e-03
6600,layers.3.residual_lut.weights,3.884889e+01,2.894335e+00,7.450239e-02
6600,layers.3.residual_lut.log_soft_score_temp,5.393754e-01,2.906203e-03,5.388090e-03
6600,layers.3.residual_lut.log_select_temp,6.966887e-01,4.525185e-03,6.495275e-03
6600,layers.3.q_norm.weight,8.108370e+00,5.652234e-03,6.970864e-04
6600,layers.3.q_norm.bias,2.614443e-01,4.195887e-03,1.604888e-02
6600,layers.3.k_norm.weight,8.101911e+00,6.110515e-03,7.542067e-04
6600,layers.3.k_norm.bias,3.596917e-01,4.522211e-03,1.257246e-02
6600,layers.3.ln_e.weight,6.625369e+00,5.754373e-03,8.685363e-04
6600,layers.3.ln_e.bias,1.429526e-01,4.706853e-03,3.292596e-02
6600,layers.4.qkv_lut.weights,2.358645e+01,8.896946e-01,3.772058e-02
6600,layers.4.qkv_lut.log_soft_score_temp,5.449854e-01,1.234591e-03,2.265365e-03
6600,layers.4.qkv_lut.log_select_temp,8.383827e-01,1.416445e-03,1.689497e-03
6600,layers.4.v_lut.weights,2.117463e+01,7.651263e-01,3.613411e-02
6600,layers.4.v_lut.log_soft_score_temp,4.566193e-01,1.061618e-03,2.324953e-03
6600,layers.4.v_lut.log_select_temp,8.015056e-01,1.423895e-03,1.776526e-03
6600,layers.4.out_proj.weights,3.666187e+01,3.153925e-01,8.602740e-03
6600,layers.4.out_proj.log_soft_score_temp,7.672697e-01,3.725290e-05,4.855256e-05
6600,layers.4.out_proj.log_select_temp,8.174222e-01,2.079010e-04,2.543374e-04
6600,layers.4.residual_lut.weights,2.666770e+01,2.304750e+00,8.642475e-02
6600,layers.4.residual_lut.log_soft_score_temp,4.403229e-01,3.142059e-04,7.135806e-04
6600,layers.4.residual_lut.log_select_temp,5.464058e-01,1.586676e-04,2.903841e-04
6600,layers.4.q_norm.weight,7.765517e+00,6.480168e-03,8.344798e-04
6600,layers.4.q_norm.bias,7.166374e-02,5.070030e-03,7.074749e-02
6600,layers.4.k_norm.weight,7.770480e+00,6.520164e-03,8.390942e-04
6600,layers.4.k_norm.bias,9.765813e-02,4.005160e-03,4.101205e-02
6600,layers.4.ln_e.weight,6.857950e+00,7.055518e-04,1.028809e-04
6600,layers.4.ln_e.bias,1.124079e-01,7.072236e-04,6.291582e-03
6600,layers.5.qkv_lut.weights,2.788818e+01,1.305292e+00,4.680447e-02
6600,layers.5.qkv_lut.log_soft_score_temp,6.219057e-01,7.326603e-04,1.178089e-03
6600,layers.5.qkv_lut.log_select_temp,1.003413e+00,1.587987e-03,1.582585e-03
6600,layers.5.v_lut.weights,2.398364e+01,1.097152e+00,4.574586e-02
6600,layers.5.v_lut.log_soft_score_temp,5.425342e-01,7.929802e-04,1.461623e-03
6600,layers.5.v_lut.log_select_temp,1.033688e+00,4.208088e-04,4.070944e-04
6600,layers.5.out_proj.weights,1.416928e+01,3.362177e-01,2.372864e-02
6600,layers.5.out_proj.log_soft_score_temp,6.275873e-01,9.850264e-04,1.569545e-03
6600,layers.5.out_proj.log_select_temp,7.446068e-01,5.675554e-04,7.622217e-04
6600,layers.5.residual_lut.weights,2.383452e+01,2.124248e+00,8.912482e-02
6600,layers.5.residual_lut.log_soft_score_temp,5.138930e-01,2.762079e-04,5.374814e-04
6600,layers.5.residual_lut.log_select_temp,5.702437e-01,2.197623e-04,3.853832e-04
6600,layers.5.q_norm.weight,7.865071e+00,5.849819e-03,7.437720e-04
6600,layers.5.q_norm.bias,1.014555e-01,5.302542e-03,5.226470e-02
6600,layers.5.k_norm.weight,7.870544e+00,5.625628e-03,7.147699e-04
6600,layers.5.k_norm.bias,1.552547e-01,5.754390e-03,3.706420e-02
6600,layers.5.ln_e.weight,5.563118e+00,2.029973e-02,3.648985e-03
6600,layers.5.ln_e.bias,9.695896e-02,8.456814e-04,8.722056e-03
6600,ln_final.weight,3.246689e+01,1.538622e-01,4.739049e-03
6600,ln_final.bias,8.814946e-01,1.848600e-02,2.097120e-02
6800,tok_emb_E.weight,7.538657e+01,6.437118e-01,8.538813e-03
6800,unembedder.weight,2.334609e+02,4.059802e+00,1.738964e-02
6800,layers.0.qkv_lut.weights,5.130760e+01,2.019558e+00,3.936177e-02
6800,layers.0.qkv_lut.log_soft_score_temp,6.253244e-01,2.915859e-03,4.662954e-03
6800,layers.0.qkv_lut.log_select_temp,6.472632e-01,3.087819e-03,4.770577e-03
6800,layers.0.v_lut.weights,5.154150e+01,1.950022e+00,3.783402e-02
6800,layers.0.v_lut.log_soft_score_temp,1.233870e+00,7.336020e-03,5.945539e-03
6800,layers.0.v_lut.log_select_temp,1.226844e+00,7.352710e-03,5.993192e-03
6800,layers.0.out_proj.weights,6.980804e+01,2.808885e+00,4.023727e-02
6800,layers.0.out_proj.log_soft_score_temp,5.769364e-01,1.119375e-03,1.940206e-03
6800,layers.0.out_proj.log_select_temp,1.322421e+00,5.478263e-03,4.142603e-03
6800,layers.0.residual_lut.weights,9.897294e+01,2.685594e+00,2.713463e-02
6800,layers.0.residual_lut.log_soft_score_temp,8.133387e-01,2.990425e-03,3.676727e-03
6800,layers.0.residual_lut.log_select_temp,1.223675e+00,3.948450e-03,3.226714e-03
6800,layers.0.q_norm.weight,9.515303e+00,1.144503e-02,1.202802e-03
6800,layers.0.q_norm.bias,9.217690e-01,5.796654e-03,6.288619e-03
6800,layers.0.k_norm.weight,9.405270e+00,1.081929e-02,1.150343e-03
6800,layers.0.k_norm.bias,1.247245e+00,7.482261e-03,5.999030e-03
6800,layers.0.ln_e.weight,7.019302e+00,2.927552e-03,4.170716e-04
6800,layers.0.ln_e.bias,5.416941e-02,1.604798e-03,2.962554e-02
6800,layers.1.qkv_lut.weights,5.123719e+01,2.045032e+00,3.991303e-02
6800,layers.1.qkv_lut.log_soft_score_temp,1.533606e-01,3.085732e-04,2.012076e-03
6800,layers.1.qkv_lut.log_select_temp,6.750969e-01,3.255129e-03,4.821721e-03
6800,layers.1.v_lut.weights,5.072656e+01,1.948881e+00,3.841934e-02
6800,layers.1.v_lut.log_soft_score_temp,3.274199e-01,3.283739e-03,1.002914e-02
6800,layers.1.v_lut.log_select_temp,9.096989e-01,1.685321e-03,1.852614e-03
6800,layers.1.out_proj.weights,6.999799e+01,2.826472e+00,4.037933e-02
6800,layers.1.out_proj.log_soft_score_temp,4.647653e-01,5.998790e-03,1.290714e-02
6800,layers.1.out_proj.log_select_temp,1.160116e+00,3.854871e-03,3.322831e-03
6800,layers.1.residual_lut.weights,8.612514e+01,2.663162e+00,3.092200e-02
6800,layers.1.residual_lut.log_soft_score_temp,4.302480e-01,7.538021e-03,1.752018e-02
6800,layers.1.residual_lut.log_select_temp,9.227061e-01,1.410961e-03,1.529156e-03
6800,layers.1.q_norm.weight,8.743663e+00,8.432940e-03,9.644630e-04
6800,layers.1.q_norm.bias,5.193089e-01,4.489862e-03,8.645841e-03
6800,layers.1.k_norm.weight,8.709366e+00,8.114170e-03,9.316603e-04
6800,layers.1.k_norm.bias,9.384781e-01,5.911177e-03,6.298684e-03
6800,layers.1.ln_e.weight,6.759742e+00,5.854954e-03,8.661505e-04
6800,layers.1.ln_e.bias,7.506706e-02,1.952472e-03,2.600971e-02
6800,layers.2.qkv_lut.weights,5.049502e+01,2.048963e+00,4.057752e-02
6800,layers.2.qkv_lut.log_soft_score_temp,1.589026e-01,3.346339e-03,2.105906e-02
6800,layers.2.qkv_lut.log_select_temp,6.246496e-01,1.708627e-03,2.735336e-03
6800,layers.2.v_lut.weights,4.922949e+01,1.859599e+00,3.777408e-02
6800,layers.2.v_lut.log_soft_score_temp,4.805523e-01,4.872173e-03,1.013869e-02
6800,layers.2.v_lut.log_select_temp,8.627923e-01,4.270673e-04,4.949827e-04
6800,layers.2.out_proj.weights,6.640228e+01,2.712796e+00,4.085396e-02
6800,layers.2.out_proj.log_soft_score_temp,6.485901e-01,4.123509e-03,6.357650e-03
6800,layers.2.out_proj.log_select_temp,1.049629e+00,3.951550e-03,3.764710e-03
6800,layers.2.residual_lut.weights,6.948215e+01,2.697867e+00,3.882820e-02
6800,layers.2.residual_lut.log_soft_score_temp,5.715176e-01,2.342939e-03,4.099505e-03
6800,layers.2.residual_lut.log_select_temp,8.802059e-01,3.073275e-03,3.491541e-03
6800,layers.2.q_norm.weight,8.377259e+00,7.053661e-03,8.420011e-04
6800,layers.2.q_norm.bias,4.386359e-01,3.825028e-03,8.720282e-03
6800,layers.2.k_norm.weight,8.322314e+00,6.974182e-03,8.380099e-04
6800,layers.2.k_norm.bias,6.290025e-01,4.863507e-03,7.732094e-03
6800,layers.2.ln_e.weight,6.786397e+00,3.878153e-03,5.714598e-04
6800,layers.2.ln_e.bias,5.895995e-02,1.472247e-03,2.497030e-02
6800,layers.3.qkv_lut.weights,4.566378e+01,2.041534e+00,4.470795e-02
6800,layers.3.qkv_lut.log_soft_score_temp,5.602291e-01,1.878858e-03,3.353731e-03
6800,layers.3.qkv_lut.log_select_temp,6.947536e-01,1.305342e-04,1.878856e-04
6800,layers.3.v_lut.weights,4.017130e+01,1.754092e+00,4.366531e-02
6800,layers.3.v_lut.log_soft_score_temp,7.633198e-01,1.264215e-04,1.656205e-04
6800,layers.3.v_lut.log_select_temp,7.908648e-01,5.993247e-04,7.578093e-04
6800,layers.3.out_proj.weights,4.220307e+01,2.026950e+00,4.802850e-02
6800,layers.3.out_proj.log_soft_score_temp,6.742380e-01,3.064990e-03,4.545858e-03
6800,layers.3.out_proj.log_select_temp,8.354408e-01,5.032420e-04,6.023671e-04
6800,layers.3.residual_lut.weights,3.891138e+01,2.588764e+00,6.652974e-02
6800,layers.3.residual_lut.log_soft_score_temp,5.421543e-01,2.778888e-03,5.125640e-03
6800,layers.3.residual_lut.log_select_temp,7.010725e-01,4.383802e-03,6.252994e-03
6800,layers.3.q_norm.weight,8.107902e+00,5.678111e-03,7.003182e-04
6800,layers.3.q_norm.bias,2.633409e-01,4.360615e-03,1.655882e-02
6800,layers.3.k_norm.weight,8.101542e+00,5.418381e-03,6.688085e-04
6800,layers.3.k_norm.bias,3.608176e-01,4.224840e-03,1.170907e-02
6800,layers.3.ln_e.weight,6.629375e+00,5.539006e-03,8.355246e-04
6800,layers.3.ln_e.bias,1.466614e-01,4.802978e-03,3.274874e-02
6800,layers.4.qkv_lut.weights,2.360060e+01,7.931215e-01,3.360599e-02
6800,layers.4.qkv_lut.log_soft_score_temp,5.461629e-01,1.177549e-03,2.156041e-03
6800,layers.4.qkv_lut.log_select_temp,8.401069e-01,1.724184e-03,2.052338e-03
6800,layers.4.v_lut.weights,2.119261e+01,6.763681e-01,3.191528e-02
6800,layers.4.v_lut.log_soft_score_temp,4.579637e-01,1.344413e-03,2.935631e-03
6800,layers.4.v_lut.log_select_temp,8.033717e-01,1.866102e-03,2.322838e-03
6800,layers.4.out_proj.weights,3.668342e+01,2.782212e-01,7.584386e-03
6800,layers.4.out_proj.log_soft_score_temp,7.674478e-01,1.780987e-04,2.320662e-04
6800,layers.4.out_proj.log_select_temp,8.176891e-01,2.669692e-04,3.264923e-04
6800,layers.4.residual_lut.weights,2.657501e+01,2.074809e+00,7.807368e-02
6800,layers.4.residual_lut.log_soft_score_temp,4.402285e-01,9.444356e-05,2.145330e-04
6800,layers.4.residual_lut.log_select_temp,5.464298e-01,2.396107e-05,4.385022e-05
6800,layers.4.q_norm.weight,7.766549e+00,4.865119e-03,6.264197e-04
6800,layers.4.q_norm.bias,7.185972e-02,4.638247e-03,6.454586e-02
6800,layers.4.k_norm.weight,7.771413e+00,4.843481e-03,6.232433e-04
6800,layers.4.k_norm.bias,9.828705e-02,4.706930e-03,4.788962e-02
6800,layers.4.ln_e.weight,6.858039e+00,6.682510e-04,9.744053e-05
6800,layers.4.ln_e.bias,1.123417e-01,6.770404e-04,6.026617e-03
6800,layers.5.qkv_lut.weights,2.791461e+01,1.195040e+00,4.281055e-02
6800,layers.5.qkv_lut.log_soft_score_temp,6.217564e-01,1.493096e-04,2.401417e-04
6800,layers.5.qkv_lut.log_select_temp,1.004343e+00,9.300709e-04,9.260488e-04
6800,layers.5.v_lut.weights,2.400624e+01,9.905018e-01,4.126017e-02
6800,layers.5.v_lut.log_soft_score_temp,5.421729e-01,3.612638e-04,6.663257e-04
6800,layers.5.v_lut.log_select_temp,1.034359e+00,6.704330e-04,6.481629e-04
6800,layers.5.out_proj.weights,1.417063e+01,3.127421e-01,2.206974e-02
6800,layers.5.out_proj.log_soft_score_temp,6.267930e-01,7.942319e-04,1.267136e-03
6800,layers.5.out_proj.log_select_temp,7.439696e-01,6.371737e-04,8.564512e-04
6800,layers.5.residual_lut.weights,2.374275e+01,1.892908e+00,7.972572e-02
6800,layers.5.residual_lut.log_soft_score_temp,5.138258e-01,6.723404e-05,1.308499e-04
6800,layers.5.residual_lut.log_select_temp,5.702283e-01,1.543760e-05,2.707267e-05
6800,layers.5.q_norm.weight,7.866823e+00,6.299668e-03,8.007893e-04
6800,layers.5.q_norm.bias,1.015365e-01,5.829533e-03,5.741320e-02
6800,layers.5.k_norm.weight,7.872218e+00,5.914309e-03,7.512888e-04
6800,layers.5.k_norm.bias,1.579004e-01,5.843282e-03,3.700612e-02
6800,layers.5.ln_e.weight,5.547471e+00,1.757506e-02,3.168121e-03
6800,layers.5.ln_e.bias,9.684046e-02,8.212788e-04,8.480741e-03
6800,ln_final.weight,3.260127e+01,1.348464e-01,4.136231e-03
6800,ln_final.bias,8.884657e-01,1.673010e-02,1.883033e-02
7000,tok_emb_E.weight,7.540258e+01,5.702607e-01,7.562880e-03
7000,unembedder.weight,2.338094e+02,3.545879e+00,1.516568e-02
7000,layers.0.qkv_lut.weights,5.134951e+01,1.795123e+00,3.495892e-02
7000,layers.0.qkv_lut.log_soft_score_temp,6.283595e-01,3.035069e-03,4.830147e-03
7000,layers.0.qkv_lut.log_select_temp,6.504016e-01,3.138423e-03,4.825362e-03
7000,layers.0.v_lut.weights,5.158934e+01,1.735657e+00,3.364372e-02
7000,layers.0.v_lut.log_soft_score_temp,1.240501e+00,6.631613e-03,5.345913e-03
7000,layers.0.v_lut.log_select_temp,1.233496e+00,6.652474e-03,5.393186e-03
7000,layers.0.out_proj.weights,6.987762e+01,2.494406e+00,3.569678e-02
7000,layers.0.out_proj.log_soft_score_temp,5.778099e-01,8.735061e-04,1.511753e-03
7000,layers.0.out_proj.log_select_temp,1.328178e+00,5.757451e-03,4.334849e-03
7000,layers.0.residual_lut.weights,9.915219e+01,2.391200e+00,2.411646e-02
7000,layers.0.residual_lut.log_soft_score_temp,8.105106e-01,2.828062e-03,3.489234e-03
7000,layers.0.residual_lut.log_select_temp,1.226957e+00,3.281593e-03,2.674579e-03
7000,layers.0.q_norm.weight,9.524181e+00,9.545049e-03,1.002191e-03
7000,layers.0.q_norm.bias,9.247543e-01,4.381320e-03,4.737820e-03
7000,layers.0.k_norm.weight,9.413557e+00,8.931579e-03,9.487996e-04
7000,layers.0.k_norm.bias,1.252013e+00,5.903150e-03,4.714928e-03
7000,layers.0.ln_e.weight,7.018458e+00,3.423659e-03,4.878079e-04
7000,layers.0.ln_e.bias,5.400766e-02,1.939913e-03,3.591922e-02
7000,layers.1.qkv_lut.weights,5.128273e+01,1.814447e+00,3.538125e-02
7000,layers.1.qkv_lut.log_soft_score_temp,1.524567e-01,9.039193e-04,5.929024e-03
7000,layers.1.qkv_lut.log_select_temp,6.774133e-01,2.316415e-03,3.419501e-03
7000,layers.1.v_lut.weights,5.078420e+01,1.723641e+00,3.394049e-02
7000,layers.1.v_lut.log_soft_score_temp,3.249520e-01,2.467871e-03,7.594570e-03
7000,layers.1.v_lut.log_select_temp,9.117074e-01,2.008498e-03,2.203007e-03
7000,layers.1.out_proj.weights,7.006584e+01,2.501020e+00,3.569528e-02
7000,layers.1.out_proj.log_soft_score_temp,4.597447e-01,5.020618e-03,1.092045e-02
7000,layers.1.out_proj.log_select_temp,1.163903e+00,3.786325e-03,3.253129e-03
7000,layers.1.residual_lut.weights,8.621266e+01,2.373182e+00,2.752707e-02
7000,layers.1.residual_lut.log_soft_score_temp,4.235533e-01,6.694704e-03,1.580605e-02
7000,layers.1.residual_lut.log_select_temp,9.213472e-01,1.358926e-03,1.474934e-03
7000,layers.1.q_norm.weight,8.748832e+00,6.280110e-03,7.178227e-04
7000,layers.1.q_norm.bias,5.212751e-01,3.169487e-03,6.080259e-03
7000,layers.1.k_norm.weight,8.714453e+00,6.174457e-03,7.085306e-04
7000,layers.1.k_norm.bias,9.414898e-01,5.064432e-03,5.379168e-03
7000,layers.1.ln_e.weight,6.755747e+00,5.343037e-03,7.908876e-04
7000,layers.1.ln_e.bias,7.637558e-02,1.967801e-03,2.576479e-02
7000,layers.2.qkv_lut.weights,5.053499e+01,1.811280e+00,3.584209e-02
7000,layers.2.qkv_lut.log_soft_score_temp,1.567426e-01,2.159938e-03,1.378016e-02
7000,layers.2.qkv_lut.log_select_temp,6.264086e-01,1.758993e-03,2.808059e-03
7000,layers.2.v_lut.weights,4.928048e+01,1.646329e+00,3.340733e-02
7000,layers.2.v_lut.log_soft_score_temp,4.761015e-01,4.450798e-03,9.348422e-03
7000,layers.2.v_lut.log_select_temp,8.626017e-01,1.906157e-04,2.209776e-04
7000,layers.2.out_proj.weights,6.650589e+01,2.396824e+00,3.603927e-02
7000,layers.2.out_proj.log_soft_score_temp,6.449068e-01,3.683388e-03,5.711505e-03
7000,layers.2.out_proj.log_select_temp,1.053027e+00,3.397346e-03,3.226268e-03
7000,layers.2.residual_lut.weights,6.956438e+01,2.392125e+00,3.438721e-02
7000,layers.2.residual_lut.log_soft_score_temp,5.695758e-01,1.941860e-03,3.409309e-03
7000,layers.2.residual_lut.log_select_temp,8.829406e-01,2.734721e-03,3.097287e-03
7000,layers.2.q_norm.weight,8.381460e+00,5.919345e-03,7.062427e-04
7000,layers.2.q_norm.bias,4.395389e-01,3.458741e-03,7.869021e-03
7000,layers.2.k_norm.weight,8.326321e+00,5.901471e-03,7.087729e-04
7000,layers.2.k_norm.bias,6.304462e-01,3.877422e-03,6.150282e-03
7000,layers.2.ln_e.weight,6.784800e+00,3.735685e-03,5.505963e-04
7000,layers.2.ln_e.bias,5.969714e-02,1.453552e-03,2.434878e-02
7000,layers.3.qkv_lut.weights,4.570642e+01,1.796202e+00,3.929868e-02
7000,layers.3.qkv_lut.log_soft_score_temp,5.588087e-01,1.420319e-03,2.541691e-03
7000,layers.3.qkv_lut.log_select_temp,6.949915e-01,2.378821e-04,3.422807e-04
7000,layers.3.v_lut.weights,4.022386e+01,1.546556e+00,3.844873e-02
7000,layers.3.v_lut.log_soft_score_temp,7.630466e-01,2.732873e-04,3.581528e-04
7000,layers.3.v_lut.log_select_temp,7.912539e-01,3.891587e-04,4.918253e-04
7000,layers.3.out_proj.weights,4.225266e+01,1.784388e+00,4.223137e-02
7000,layers.3.out_proj.log_soft_score_temp,6.716270e-01,2.610981e-03,3.887547e-03
7000,layers.3.out_proj.log_select_temp,8.361279e-01,6.871819e-04,8.218622e-04
7000,layers.3.residual_lut.weights,3.895486e+01,2.276401e+00,5.843691e-02
7000,layers.3.residual_lut.log_soft_score_temp,5.443565e-01,2.202213e-03,4.045534e-03
7000,layers.3.residual_lut.log_select_temp,7.046657e-01,3.593206e-03,5.099164e-03
7000,layers.3.q_norm.weight,8.109949e+00,5.045482e-03,6.221349e-04
7000,layers.3.q_norm.bias,2.648531e-01,3.364617e-03,1.270371e-02
7000,layers.3.k_norm.weight,8.103711e+00,4.914379e-03,6.064356e-04
7000,layers.3.k_norm.bias,3.611309e-01,3.751380e-03,1.038787e-02
7000,layers.3.ln_e.weight,6.632579e+00,5.135972e-03,7.743551e-04
7000,layers.3.ln_e.bias,1.505749e-01,4.808498e-03,3.193426e-02
7000,layers.4.qkv_lut.weights,2.360914e+01,7.185190e-01,3.043393e-02
7000,layers.4.qkv_lut.log_soft_score_temp,5.477361e-01,1.573205e-03,2.872195e-03
7000,layers.4.qkv_lut.log_select_temp,8.420997e-01,1.992822e-03,2.366491e-03
7000,layers.4.v_lut.weights,2.120315e+01,6.095491e-01,2.874804e-02
7000,layers.4.v_lut.log_soft_score_temp,4.593570e-01,1.393288e-03,3.033128e-03
7000,layers.4.v_lut.log_select_temp,8.049123e-01,1.540542e-03,1.913925e-03
7000,layers.4.out_proj.weights,3.670120e+01,2.524597e-01,6.878785e-03
7000,layers.4.out_proj.log_soft_score_temp,7.675855e-01,1.377463e-04,1.794541e-04
7000,layers.4.out_proj.log_select_temp,8.179102e-01,2.210736e-04,2.702908e-04
7000,layers.4.residual_lut.weights,2.648736e+01,1.861143e+00,7.026531e-02
7000,layers.4.residual_lut.log_soft_score_temp,4.400979e-01,1.305938e-04,2.967380e-04
7000,layers.4.residual_lut.log_select_temp,5.463877e-01,4.208088e-05,7.701652e-05
7000,layers.4.q_norm.weight,7.766650e+00,4.053421e-03,5.219009e-04
7000,layers.4.q_norm.bias,7.237783e-02,3.288244e-03,4.543165e-02
7000,layers.4.k_norm.weight,7.771564e+00,4.159635e-03,5.352378e-04
7000,layers.4.k_norm.bias,9.822228e-02,3.601142e-03,3.666318e-02
7000,layers.4.ln_e.weight,6.857989e+00,7.184449e-04,1.047603e-04
7000,layers.4.ln_e.bias,1.123860e-01,7.183471e-04,6.391787e-03
7000,layers.5.qkv_lut.weights,2.793659e+01,1.037446e+00,3.713572e-02
7000,layers.5.qkv_lut.log_soft_score_temp,6.217217e-01,3.463030e-05,5.570064e-05
7000,layers.5.qkv_lut.log_select_temp,1.005223e+00,8.794069e-04,8.748379e-04
7000,layers.5.v_lut.weights,2.402549e+01,8.701637e-01,3.621835e-02
7000,layers.5.v_lut.log_soft_score_temp,5.424700e-01,2.971292e-04,5.477338e-04
7000,layers.5.v_lut.log_select_temp,1.035500e+00,1.141310e-03,1.102182e-03
7000,layers.5.out_proj.weights,1.417574e+01,2.647971e-01,1.867960e-02
7000,layers.5.out_proj.log_soft_score_temp,6.261829e-01,6.101131e-04,9.743369e-04
7000,layers.5.out_proj.log_select_temp,7.434745e-01,4.950762e-04,6.658953e-04
7000,layers.5.residual_lut.weights,2.365654e+01,1.677115e+00,7.089436e-02
7000,layers.5.residual_lut.log_soft_score_temp,5.137224e-01,1.033545e-04,2.011874e-04
7000,layers.5.residual_lut.log_select_temp,5.701609e-01,6.741285e-05,1.182348e-04
7000,layers.5.q_norm.weight,7.867908e+00,4.359345e-03,5.540666e-04
7000,layers.5.q_norm.bias,1.021070e-01,3.805571e-03,3.727041e-02
7000,layers.5.k_norm.weight,7.873168e+00,4.450697e-03,5.652995e-04
7000,layers.5.k_norm.bias,1.581139e-01,4.128370e-03,2.611010e-02
7000,layers.5.ln_e.weight,5.534801e+00,1.434413e-02,2.591625e-03
7000,layers.5.ln_e.bias,9.689935e-02,6.577514e-04,6.787985e-03
7000,ln_final.weight,3.272141e+01,1.205881e-01,3.685297e-03
7000,ln_final.bias,8.953116e-01,1.487044e-02,1.660924e-02
7200,tok_emb_E.weight,7.541695e+01,5.084773e-01,6.742215e-03
7200,unembedder.weight,2.341109e+02,3.183620e+00,1.359877e-02
7200,layers.0.qkv_lut.weights,5.138229e+01,1.610495e+00,3.134339e-02
7200,layers.0.qkv_lut.log_soft_score_temp,6.303578e-01,1.998305e-03,3.170113e-03
7200,layers.0.qkv_lut.log_select_temp,6.525236e-01,2.122045e-03,3.252058e-03
7200,layers.0.v_lut.weights,5.162627e+01,1.553799e+00,3.009707e-02
7200,layers.0.v_lut.log_soft_score_temp,1.246271e+00,5.769730e-03,4.629594e-03
7200,layers.0.v_lut.log_select_temp,1.239272e+00,5.775690e-03,4.660551e-03
7200,layers.0.out_proj.weights,6.993552e+01,2.222569e+00,3.178027e-02
7200,layers.0.out_proj.log_soft_score_temp,5.774809e-01,3.289580e-04,5.696431e-04
7200,layers.0.out_proj.log_select_temp,1.332676e+00,4.498243e-03,3.375346e-03
7200,layers.0.residual_lut.weights,9.931133e+01,2.140305e+00,2.155147e-02
7200,layers.0.residual_lut.log_soft_score_temp,8.088676e-01,1.643002e-03,2.031237e-03
7200,layers.0.residual_lut.log_select_temp,1.230515e+00,3.557682e-03,2.891215e-03
7200,layers.0.q_norm.weight,9.530306e+00,6.732563e-03,7.064372e-04
7200,layers.0.q_norm.bias,9.267243e-01,3.712754e-03,4.006320e-03
7200,layers.0.k_norm.weight,9.419385e+00,6.503872e-03,6.904773e-04
7200,layers.0.k_norm.bias,1.255247e+00,4.889246e-03,3.895046e-03
7200,layers.0.ln_e.weight,7.018096e+00,3.119991e-03,4.445637e-04
7200,layers.0.ln_e.bias,5.448072e-02,1.935969e-03,3.553494e-02
7200,layers.1.qkv_lut.weights,5.132327e+01,1.623910e+00,3.164082e-02
7200,layers.1.qkv_lut.log_soft_score_temp,1.524973e-01,4.063547e-05,2.664668e-04
7200,layers.1.qkv_lut.log_select_temp,6.799271e-01,2.513826e-03,3.697199e-03
7200,layers.1.v_lut.weights,5.083056e+01,1.545268e+00,3.040037e-02
7200,layers.1.v_lut.log_soft_score_temp,3.226935e-01,2.258539e-03,6.999024e-03
7200,layers.1.v_lut.log_select_temp,9.135535e-01,1.846135e-03,2.020828e-03
7200,layers.1.out_proj.weights,7.011967e+01,2.235755e+00,3.188486e-02
7200,layers.1.out_proj.log_soft_score_temp,4.553592e-01,4.385471e-03,9.630796e-03
7200,layers.1.out_proj.log_select_temp,1.167012e+00,3.109217e-03,2.664255e-03
7200,layers.1.residual_lut.weights,8.628306e+01,2.128614e+00,2.467013e-02
7200,layers.1.residual_lut.log_soft_score_temp,4.175231e-01,6.030232e-03,1.444287e-02
7200,layers.1.residual_lut.log_select_temp,9.200429e-01,1.304269e-03,1.417617e-03
7200,layers.1.q_norm.weight,8.753284e+00,5.234458e-03,5.979993e-04
7200,layers.1.q_norm.bias,5.225930e-01,3.297504e-03,6.309889e-03
7200,layers.1.k_norm.weight,8.718748e+00,5.086292e-03,5.833741e-04
7200,layers.1.k_norm.bias,9.439919e-01,3.752127e-03,3.974745e-03
7200,layers.1.ln_e.weight,6.752249e+00,4.833878e-03,7.158916e-04
7200,layers.1.ln_e.bias,7.756909e-02,1.664386e-03,2.145682e-02
7200,layers.2.qkv_lut.weights,5.057058e+01,1.617954e+00,3.199397e-02
7200,layers.2.qkv_lut.log_soft_score_temp,1.547527e-01,1.989961e-03,1.285897e-02
7200,layers.2.qkv_lut.log_select_temp,6.279828e-01,1.574159e-03,2.506691e-03
7200,layers.2.v_lut.weights,4.932289e+01,1.466382e+00,2.973026e-02
7200,layers.2.v_lut.log_soft_score_temp,4.723432e-01,3.758281e-03,7.956675e-03
7200,layers.2.v_lut.log_select_temp,8.622775e-01,3.241897e-04,3.759691e-04
7200,layers.2.out_proj.weights,6.659621e+01,2.139932e+00,3.213294e-02
7200,layers.2.out_proj.log_soft_score_temp,6.413527e-01,3.554106e-03,5.541578e-03
7200,layers.2.out_proj.log_select_temp,1.056193e+00,3.166914e-03,2.998422e-03
7200,layers.2.residual_lut.weights,6.962485e+01,2.138969e+00,3.072135e-02
7200,layers.2.residual_lut.log_soft_score_temp,5.677819e-01,1.793921e-03,3.159525e-03
7200,layers.2.residual_lut.log_select_temp,8.853077e-01,2.367139e-03,2.673803e-03
7200,layers.2.q_norm.weight,8.384689e+00,4.695859e-03,5.600516e-04
7200,layers.2.q_norm.bias,4.404472e-01,2.874797e-03,6.526995e-03
7200,layers.2.k_norm.weight,8.329464e+00,4.630566e-03,5.559261e-04
7200,layers.2.k_norm.bias,6.315919e-01,3.784323e-03,5.991721e-03
7200,layers.2.ln_e.weight,6.783329e+00,2.627508e-03,3.873479e-04
7200,layers.2.ln_e.bias,5.970648e-02,1.051927e-03,1.761830e-02
7200,layers.3.qkv_lut.weights,4.575003e+01,1.602249e+00,3.502182e-02
7200,layers.3.qkv_lut.log_soft_score_temp,5.573430e-01,1.465738e-03,2.629867e-03
7200,layers.3.qkv_lut.log_select_temp,6.948426e-01,1.488924e-04,2.142822e-04
7200,layers.3.v_lut.weights,4.026963e+01,1.384218e+00,3.437375e-02
7200,layers.3.v_lut.log_soft_score_temp,7.631477e-01,1.011491e-04,1.325419e-04
7200,layers.3.v_lut.log_select_temp,7.917021e-01,4.481673e-04,5.660808e-04
7200,layers.3.out_proj.weights,4.229355e+01,1.598334e+00,3.779144e-02
7200,layers.3.out_proj.log_soft_score_temp,6.697526e-01,1.874447e-03,2.798715e-03
7200,layers.3.out_proj.log_select_temp,8.370394e-01,9.114146e-04,1.088855e-03
7200,layers.3.residual_lut.weights,3.900184e+01,2.031512e+00,5.208758e-02
7200,layers.3.residual_lut.log_soft_score_temp,5.465038e-01,2.147317e-03,3.929189e-03
7200,layers.3.residual_lut.log_select_temp,7.079760e-01,3.310263e-03,4.675672e-03
7200,layers.3.q_norm.weight,8.109933e+00,3.915977e-03,4.828618e-04
7200,layers.3.q_norm.bias,2.658905e-01,3.274420e-03,1.231492e-02
7200,layers.3.k_norm.weight,8.103580e+00,3.790274e-03,4.677284e-04
7200,layers.3.k_norm.bias,3.619633e-01,2.665458e-03,7.363890e-03
7200,layers.3.ln_e.weight,6.635527e+00,4.139914e-03,6.239013e-04
7200,layers.3.ln_e.bias,1.534140e-01,3.852138e-03,2.510942e-02
7200,layers.4.qkv_lut.weights,2.362090e+01,6.512100e-01,2.756923e-02
7200,layers.4.qkv_lut.log_soft_score_temp,5.480773e-01,3.411770e-04,6.224980e-04
7200,layers.4.qkv_lut.log_select_temp,8.426987e-01,5.989671e-04,7.107725e-04
7200,layers.4.v_lut.weights,2.121517e+01,5.488902e-01,2.587253e-02
7200,layers.4.v_lut.log_soft_score_temp,4.595930e-01,2.360344e-04,5.135726e-04
7200,layers.4.v_lut.log_select_temp,8.053038e-01,3.914833e-04,4.861312e-04
7200,layers.4.out_proj.weights,3.671564e+01,2.278721e-01,6.206406e-03
7200,layers.4.out_proj.log_soft_score_temp,7.677125e-01,1.270175e-04,1.654493e-04
7200,layers.4.out_proj.log_select_temp,8.181198e-01,2.096295e-04,2.562333e-04
7200,layers.4.residual_lut.weights,2.639953e+01,1.676493e+00,6.350465e-02
7200,layers.4.residual_lut.log_soft_score_temp,4.400416e-01,5.629659e-05,1.279347e-04
7200,layers.4.residual_lut.log_select_temp,5.464162e-01,2.849102e-05,5.214161e-05
7200,layers.4.q_norm.weight,7.766801e+00,3.962828e-03,5.102265e-04
7200,layers.4.q_norm.bias,7.259428e-02,3.945235e-03,5.434637e-02
7200,layers.4.k_norm.weight,7.771711e+00,4.035137e-03,5.192083e-04
7200,layers.4.k_norm.bias,9.822527e-02,3.269429e-03,3.328501e-02
7200,layers.4.ln_e.weight,6.857971e+00,7.357895e-04,1.072897e-04
7200,layers.4.ln_e.bias,1.123235e-01,7.337336e-04,6.532324e-03
7200,layers.5.qkv_lut.weights,2.795418e+01,9.682541e-01,3.463718e-02
7200,layers.5.qkv_lut.log_soft_score_temp,6.212661e-01,4.556179e-04,7.333699e-04
7200,layers.5.qkv_lut.log_select_temp,1.004773e+00,4.500151e-04,4.478775e-04
7200,layers.5.v_lut.weights,2.403885e+01,7.946619e-01,3.305741e-02
7200,layers.5.v_lut.log_soft_score_temp,5.423166e-01,1.534820e-04,2.830118e-04
7200,layers.5.v_lut.log_select_temp,1.035863e+00,3.627539e-04,3.501949e-04
7200,layers.5.out_proj.weights,1.417592e+01,2.419909e-01,1.707056e-02
7200,layers.5.out_proj.log_soft_score_temp,6.253722e-01,8.107424e-04,1.296416e-03
7200,layers.5.out_proj.log_select_temp,7.431797e-01,2.948046e-04,3.966800e-04
7200,layers.5.residual_lut.weights,2.357893e+01,1.519457e+00,6.444131e-02
7200,layers.5.residual_lut.log_soft_score_temp,5.136780e-01,4.446507e-05,8.656214e-05
7200,layers.5.residual_lut.log_select_temp,5.701493e-01,1.156330e-05,2.028118e-05
7200,layers.5.q_norm.weight,7.867661e+00,4.686258e-03,5.956355e-04
7200,layers.5.q_norm.bias,1.022802e-01,4.489757e-03,4.389664e-02
7200,layers.5.k_norm.weight,7.872920e+00,5.000755e-03,6.351842e-04
7200,layers.5.k_norm.bias,1.587568e-01,4.216176e-03,2.655745e-02
7200,layers.5.ln_e.weight,5.522697e+00,1.353567e-02,2.450917e-03
7200,layers.5.ln_e.bias,9.681318e-02,7.352808e-04,7.594842e-03
7200,ln_final.weight,3.282980e+01,1.087259e-01,3.311806e-03
7200,ln_final.bias,9.012532e-01,1.376038e-02,1.526805e-02
7400,tok_emb_E.weight,7.542909e+01,4.587048e-01,6.081272e-03
7400,unembedder.weight,2.343894e+02,2.843520e+00,1.213161e-02
7400,layers.0.qkv_lut.weights,5.141121e+01,1.465922e+00,2.851367e-02
7400,layers.0.qkv_lut.log_soft_score_temp,6.319629e-01,1.605093e-03,2.539854e-03
7400,layers.0.qkv_lut.log_select_temp,6.542268e-01,1.703143e-03,2.603292e-03
7400,layers.0.v_lut.weights,5.165665e+01,1.409242e+00,2.728095e-02
7400,layers.0.v_lut.log_soft_score_temp,1.251319e+00,5.047441e-03,4.033697e-03
7400,layers.0.v_lut.log_select_temp,1.244336e+00,5.063891e-03,4.069554e-03
7400,layers.0.out_proj.weights,6.998325e+01,2.012354e+00,2.875479e-02
7400,layers.0.out_proj.log_soft_score_temp,5.777299e-01,2.489686e-04,4.309429e-04
7400,layers.0.out_proj.log_select_temp,1.336906e+00,4.229665e-03,3.163771e-03
7400,layers.0.residual_lut.weights,9.943952e+01,1.936484e+00,1.947399e-02
7400,layers.0.residual_lut.log_soft_score_temp,8.068256e-01,2.041996e-03,2.530901e-03
7400,layers.0.residual_lut.log_select_temp,1.233372e+00,2.857447e-03,2.316776e-03
7400,layers.0.q_norm.weight,9.536373e+00,6.680333e-03,7.005108e-04
7400,layers.0.q_norm.bias,9.291258e-01,3.970244e-03,4.273097e-03
7400,layers.0.k_norm.weight,9.425067e+00,6.426203e-03,6.818204e-04
7400,layers.0.k_norm.bias,1.258737e+00,4.485840e-03,3.563762e-03
7400,layers.0.ln_e.weight,7.017731e+00,2.040383e-03,2.907468e-04
7400,layers.0.ln_e.bias,5.415607e-02,1.421827e-03,2.625425e-02
7400,layers.1.qkv_lut.weights,5.135649e+01,1.464735e+00,2.852094e-02
7400,layers.1.qkv_lut.log_soft_score_temp,1.525715e-01,7.420778e-05,4.863803e-04
7400,layers.1.qkv_lut.log_select_temp,6.823589e-01,2.431810e-03,3.563828e-03
7400,layers.1.v_lut.weights,5.087028e+01,1.394204e+00,2.740704e-02
7400,layers.1.v_lut.log_soft_score_temp,3.204296e-01,2.263844e-03,7.065027e-03
7400,layers.1.v_lut.log_select_temp,9.148647e-01,1.311183e-03,1.433199e-03
7400,layers.1.out_proj.weights,7.016558e+01,2.012304e+00,2.867936e-02
7400,layers.1.out_proj.log_soft_score_temp,4.515807e-01,3.778458e-03,8.367181e-03
7400,layers.1.out_proj.log_select_temp,1.170253e+00,3.241301e-03,2.769743e-03
7400,layers.1.residual_lut.weights,8.634744e+01,1.929594e+00,2.234686e-02
7400,layers.1.residual_lut.log_soft_score_temp,4.120001e-01,5.522996e-03,1.340533e-02
7400,layers.1.residual_lut.log_select_temp,9.189224e-01,1.120567e-03,1.219436e-03
7400,layers.1.q_norm.weight,8.758693e+00,6.066614e-03,6.926392e-04
7400,layers.1.q_norm.bias,5.244825e-01,3.156593e-03,6.018490e-03
7400,layers.1.k_norm.weight,8.723905e+00,5.739539e-03,6.579094e-04
7400,layers.1.k_norm.bias,9.470479e-01,4.053635e-03,4.280285e-03
7400,layers.1.ln_e.weight,6.748729e+00,4.390429e-03,6.505564e-04
7400,layers.1.ln_e.bias,7.881171e-02,1.728226e-03,2.192855e-02
7400,layers.2.qkv_lut.weights,5.059615e+01,1.460342e+00,2.886272e-02
7400,layers.2.qkv_lut.log_soft_score_temp,1.522757e-01,2.477020e-03,1.626668e-02
7400,layers.2.qkv_lut.log_select_temp,6.287900e-01,8.072257e-04,1.283776e-03
7400,layers.2.v_lut.weights,4.935946e+01,1.333510e+00,2.701630e-02
7400,layers.2.v_lut.log_soft_score_temp,4.685316e-01,3.811657e-03,8.135327e-03
7400,layers.2.v_lut.log_select_temp,8.618209e-01,4.565716e-04,5.297755e-04
7400,layers.2.out_proj.weights,6.667178e+01,1.925303e+00,2.887732e-02
7400,layers.2.out_proj.log_soft_score_temp,6.378677e-01,3.484905e-03,5.463366e-03
7400,layers.2.out_proj.log_select_temp,1.058853e+00,2.659082e-03,2.511287e-03
7400,layers.2.residual_lut.weights,6.968098e+01,1.930122e+00,2.769941e-02
7400,layers.2.residual_lut.log_soft_score_temp,5.662517e-01,1.530170e-03,2.702280e-03
7400,layers.2.residual_lut.log_select_temp,8.874274e-01,2.119720e-03,2.388612e-03
7400,layers.2.q_norm.weight,8.388189e+00,4.391766e-03,5.235654e-04
7400,layers.2.q_norm.bias,4.417261e-01,2.545887e-03,5.763496e-03
7400,layers.2.k_norm.weight,8.332552e+00,4.410677e-03,5.293309e-04
7400,layers.2.k_norm.bias,6.336911e-01,3.657993e-03,5.772518e-03
7400,layers.2.ln_e.weight,6.782126e+00,2.766453e-03,4.079036e-04
7400,layers.2.ln_e.bias,6.047700e-02,1.266854e-03,2.094770e-02
7400,layers.3.qkv_lut.weights,4.578342e+01,1.447721e+00,3.162107e-02
7400,layers.3.qkv_lut.log_soft_score_temp,5.562695e-01,1.073480e-03,1.929783e-03
7400,layers.3.qkv_lut.log_select_temp,6.950296e-01,1.870394e-04,2.691099e-04
7400,layers.3.v_lut.weights,4.031084e+01,1.244775e+00,3.087941e-02
7400,layers.3.v_lut.log_soft_score_temp,7.636399e-01,4.921556e-04,6.444865e-04
7400,layers.3.v_lut.log_select_temp,7.925706e-01,8.684993e-04,1.095801e-03
7400,layers.3.out_proj.weights,4.233097e+01,1.442905e+00,3.408628e-02
7400,layers.3.out_proj.log_soft_score_temp,6.683738e-01,1.378834e-03,2.062969e-03
7400,layers.3.out_proj.log_select_temp,8.378821e-01,8.427501e-04,1.005810e-03
7400,layers.3.residual_lut.weights,3.903746e+01,1.847094e+00,4.731593e-02
7400,layers.3.residual_lut.log_soft_score_temp,5.483793e-01,1.875460e-03,3.420005e-03
7400,layers.3.residual_lut.log_select_temp,7.109478e-01,2.971768e-03,4.180010e-03
7400,layers.3.q_norm.weight,8.110865e+00,3.074257e-03,3.790296e-04
7400,layers.3.q_norm.bias,2.670802e-01,2.993180e-03,1.120705e-02
7400,layers.3.k_norm.weight,8.104335e+00,3.902410e-03,4.815213e-04
7400,layers.3.k_norm.bias,3.634020e-01,4.023335e-03,1.107131e-02
7400,layers.3.ln_e.weight,6.638097e+00,3.458522e-03,5.210110e-04
7400,layers.3.ln_e.bias,1.554447e-01,2.429039e-03,1.562638e-02
7400,layers.4.qkv_lut.weights,2.362553e+01,5.812507e-01,2.460265e-02
7400,layers.4.qkv_lut.log_soft_score_temp,5.489129e-01,8.356571e-04,1.522386e-03
7400,layers.4.qkv_lut.log_select_temp,8.437761e-01,1.077414e-03,1.276895e-03
7400,layers.4.v_lut.weights,2.122202e+01,4.944929e-01,2.330093e-02
7400,layers.4.v_lut.log_soft_score_temp,4.607303e-01,1.137257e-03,2.468378e-03
7400,layers.4.v_lut.log_select_temp,8.065947e-01,1.290917e-03,1.600454e-03
7400,layers.4.out_proj.weights,3.672516e+01,2.067301e-01,5.629114e-03
7400,layers.4.out_proj.log_soft_score_temp,7.677222e-01,9.655952e-06,1.257740e-05
7400,layers.4.out_proj.log_select_temp,8.182576e-01,1.377463e-04,1.683410e-04
7400,layers.4.residual_lut.weights,2.632127e+01,1.521512e+00,5.780541e-02
7400,layers.4.residual_lut.log_soft_score_temp,4.399914e-01,5.018711e-05,1.140638e-04
7400,layers.4.residual_lut.log_select_temp,5.464166e-01,4.768372e-07,8.726622e-07
7400,layers.4.q_norm.weight,7.767768e+00,3.708670e-03,4.774435e-04
7400,layers.4.q_norm.bias,7.366561e-02,3.815204e-03,5.179084e-02
7400,layers.4.k_norm.weight,7.772841e+00,3.910508e-03,5.030988e-04
7400,layers.4.k_norm.bias,9.841511e-02,3.660649e-03,3.719600e-02
7400,layers.4.ln_e.weight,6.857961e+00,5.824964e-04,8.493726e-05
7400,layers.4.ln_e.bias,1.123109e-01,5.822721e-04,5.184466e-03
7400,layers.5.qkv_lut.weights,2.797139e+01,8.639841e-01,3.088813e-02
7400,layers.5.qkv_lut.log_soft_score_temp,6.217410e-01,4.748702e-04,7.637750e-04
7400,layers.5.qkv_lut.log_select_temp,1.005363e+00,5.900860e-04,5.869384e-04
7400,layers.5.v_lut.weights,2.405129e+01,7.181820e-01,2.986044e-02
7400,layers.5.v_lut.log_soft_score_temp,5.424348e-01,1.182556e-04,2.180089e-04
7400,layers.5.v_lut.log_select_temp,1.036359e+00,4.965067e-04,4.790873e-04
7400,layers.5.out_proj.weights,1.417812e+01,2.152453e-01,1.518152e-02
7400,layers.5.out_proj.log_soft_score_temp,6.251723e-01,1.999140e-04,3.197742e-04
7400,layers.5.out_proj.log_select_temp,7.430235e-01,1.562834e-04,2.103344e-04
7400,layers.5.residual_lut.weights,2.350052e+01,1.383937e+00,5.888963e-02
7400,layers.5.residual_lut.log_soft_score_temp,5.136297e-01,4.822016e-05,9.388116e-05
7400,layers.5.residual_lut.log_select_temp,5.701243e-01,2.503395e-05,4.390964e-05
7400,layers.5.q_norm.weight,7.865829e+00,5.471209e-03,6.955667e-04
7400,layers.5.q_norm.bias,1.002645e-01,4.236574e-03,4.225400e-02
7400,layers.5.k_norm.weight,7.870845e+00,5.366145e-03,6.817749e-04
7400,layers.5.k_norm.bias,1.570068e-01,3.521711e-03,2.243031e-02
7400,layers.5.ln_e.weight,5.513084e+00,1.106613e-02,2.007248e-03
7400,layers.5.ln_e.bias,9.680110e-02,6.350616e-04,6.560479e-03
7400,ln_final.weight,3.292805e+01,9.856405e-02,2.993316e-03
7400,ln_final.bias,9.074423e-01,1.275781e-02,1.405909e-02
7600,tok_emb_E.weight,7.544021e+01,4.199415e-01,5.566547e-03
7600,unembedder.weight,2.346395e+02,2.628296e+00,1.120142e-02
7600,layers.0.qkv_lut.weights,5.143391e+01,1.343900e+00,2.612869e-02
7600,layers.0.qkv_lut.log_soft_score_temp,6.334565e-01,1.493573e-03,2.357815e-03
7600,layers.0.qkv_lut.log_select_temp,6.558370e-01,1.610219e-03,2.455213e-03
7600,layers.0.v_lut.weights,5.168171e+01,1.286580e+00,2.489430e-02
7600,layers.0.v_lut.log_soft_score_temp,1.255952e+00,4.632950e-03,3.688797e-03
7600,layers.0.v_lut.log_select_temp,1.248977e+00,4.641652e-03,3.716362e-03
7600,layers.0.out_proj.weights,7.002309e+01,1.845541e+00,2.635618e-02
7600,layers.0.out_proj.log_soft_score_temp,5.780860e-01,3.561378e-04,6.160636e-04
7600,layers.0.out_proj.log_select_temp,1.340695e+00,3.788590e-03,2.825842e-03
7600,layers.0.residual_lut.weights,9.955650e+01,1.782044e+00,1.789983e-02
7600,layers.0.residual_lut.log_soft_score_temp,8.053459e-01,1.479745e-03,1.837403e-03
7600,layers.0.residual_lut.log_select_temp,1.235989e+00,2.617002e-03,2.117334e-03
7600,layers.0.q_norm.weight,9.542648e+00,7.197904e-03,7.542879e-04
7600,layers.0.q_norm.bias,9.326445e-01,4.483948e-03,4.807779e-03
7600,layers.0.k_norm.weight,9.430875e+00,6.762152e-03,7.170227e-04
7600,layers.0.k_norm.bias,1.264029e+00,5.872053e-03,4.645504e-03
7600,layers.0.ln_e.weight,7.017337e+00,2.139881e-03,3.049420e-04
7600,layers.0.ln_e.bias,5.423100e-02,1.478228e-03,2.725800e-02
7600,layers.1.qkv_lut.weights,5.138702e+01,1.345140e+00,2.617664e-02
7600,layers.1.qkv_lut.log_soft_score_temp,1.524113e-01,1.602024e-04,1.051119e-03
7600,layers.1.qkv_lut.log_select_temp,6.842305e-01,1.871586e-03,2.735315e-03
7600,layers.1.v_lut.weights,5.090530e+01,1.278468e+00,2.511463e-02
7600,layers.1.v_lut.log_soft_score_temp,3.181907e-01,2.238959e-03,7.036533e-03
7600,layers.1.v_lut.log_select_temp,9.159876e-01,1.122832e-03,1.225816e-03
7600,layers.1.out_proj.weights,7.020449e+01,1.845713e+00,2.629052e-02
7600,layers.1.out_proj.log_soft_score_temp,4.477711e-01,3.809661e-03,8.508054e-03
7600,layers.1.out_proj.log_select_temp,1.173254e+00,3.000498e-03,2.557416e-03
7600,layers.1.residual_lut.weights,8.639731e+01,1.764698e+00,2.042538e-02
7600,layers.1.residual_lut.log_soft_score_temp,4.069373e-01,5.062759e-03,1.244113e-02
7600,layers.1.residual_lut.log_select_temp,9.176768e-01,1.245558e-03,1.357295e-03
7600,layers.1.q_norm.weight,8.762057e+00,4.137105e-03,4.721614e-04
7600,layers.1.q_norm.bias,5.259280e-01,2.732093e-03,5.194805e-03
7600,layers.1.k_norm.weight,8.727157e+00,4.077234e-03,4.671893e-04
7600,layers.1.k_norm.bias,9.487122e-01,3.609057e-03,3.804164e-03
7600,layers.1.ln_e.weight,6.745586e+00,3.797750e-03,5.629978e-04
7600,layers.1.ln_e.bias,7.978258e-02,1.396726e-03,1.750665e-02
7600,layers.2.qkv_lut.weights,5.062014e+01,1.343396e+00,2.653877e-02
7600,layers.2.qkv_lut.log_soft_score_temp,1.507940e-01,1.481622e-03,9.825472e-03
7600,layers.2.qkv_lut.log_select_temp,6.304651e-01,1.675069e-03,2.656879e-03
7600,layers.2.v_lut.weights,4.939018e+01,1.222072e+00,2.474323e-02
7600,layers.2.v_lut.log_soft_score_temp,4.650781e-01,3.453493e-03,7.425620e-03
7600,layers.2.v_lut.log_select_temp,8.614327e-01,3.882051e-04,4.506505e-04
7600,layers.2.out_proj.weights,6.674339e+01,1.773734e+00,2.657543e-02
7600,layers.2.out_proj.log_soft_score_temp,6.353002e-01,2.567530e-03,4.041443e-03
7600,layers.2.out_proj.log_select_temp,1.061700e+00,2.847314e-03,2.681844e-03
7600,layers.2.residual_lut.weights,6.973267e+01,1.770379e+00,2.538808e-02
7600,layers.2.residual_lut.log_soft_score_temp,5.648592e-01,1.392484e-03,2.465187e-03
7600,layers.2.residual_lut.log_select_temp,8.898064e-01,2.379000e-03,2.673615e-03
7600,layers.2.q_norm.weight,8.391008e+00,4.892203e-03,5.830293e-04
7600,layers.2.q_norm.bias,4.422375e-01,2.309797e-03,5.222978e-03
7600,layers.2.k_norm.weight,8.335432e+00,4.880509e-03,5.855137e-04
7600,layers.2.k_norm.bias,6.344729e-01,3.378837e-03,5.325424e-03
7600,layers.2.ln_e.weight,6.781075e+00,2.869938e-03,4.232276e-04
7600,layers.2.ln_e.bias,6.094842e-02,1.251139e-03,2.052784e-02
7600,layers.3.qkv_lut.weights,4.580870e+01,1.347349e+00,2.941251e-02
7600,layers.3.qkv_lut.log_soft_score_temp,5.551820e-01,1.087546e-03,1.958901e-03
7600,layers.3.qkv_lut.log_select_temp,6.951784e-01,1.488328e-04,2.140929e-04
7600,layers.3.v_lut.weights,4.034594e+01,1.162112e+00,2.880369e-02
7600,layers.3.v_lut.log_soft_score_temp,7.636652e-01,2.533197e-05,3.317157e-05
7600,layers.3.v_lut.log_select_temp,7.932271e-01,6.565452e-04,8.276887e-04
7600,layers.3.out_proj.weights,4.236210e+01,1.334029e+00,3.149109e-02
7600,layers.3.out_proj.log_soft_score_temp,6.669888e-01,1.384974e-03,2.076457e-03
7600,layers.3.out_proj.log_select_temp,8.387477e-01,8.656383e-04,1.032060e-03
7600,layers.3.residual_lut.weights,3.906541e+01,1.705883e+00,4.366736e-02
7600,layers.3.residual_lut.log_soft_score_temp,5.501071e-01,1.727760e-03,3.140770e-03
7600,layers.3.residual_lut.log_select_temp,7.138844e-01,2.936602e-03,4.113554e-03
7600,layers.3.q_norm.weight,8.112588e+00,4.904635e-03,6.045710e-04
7600,layers.3.q_norm.bias,2.679598e-01,3.031068e-03,1.131165e-02
7600,layers.3.k_norm.weight,8.106017e+00,4.685635e-03,5.780441e-04
7600,layers.3.k_norm.bias,3.642474e-01,3.283160e-03,9.013544e-03
7600,layers.3.ln_e.weight,6.640030e+00,3.159583e-03,4.758386e-04
7600,layers.3.ln_e.bias,1.578719e-01,2.663191e-03,1.686931e-02
7600,layers.4.qkv_lut.weights,2.363160e+01,5.486606e-01,2.321725e-02
7600,layers.4.qkv_lut.log_soft_score_temp,5.494910e-01,5.780458e-04,1.051966e-03
7600,layers.4.qkv_lut.log_select_temp,8.446532e-01,8.770823e-04,1.038393e-03
7600,layers.4.v_lut.weights,2.122943e+01,4.665188e-01,2.197510e-02
7600,layers.4.v_lut.log_soft_score_temp,4.613067e-01,5.764067e-04,1.249509e-03
7600,layers.4.v_lut.log_select_temp,8.073663e-01,7.715821e-04,9.556780e-04
7600,layers.4.out_proj.weights,3.673146e+01,1.963108e-01,5.344486e-03
7600,layers.4.out_proj.log_soft_score_temp,7.680047e-01,2.824664e-04,3.677926e-04
7600,layers.4.out_proj.log_select_temp,8.185413e-01,2.837181e-04,3.466143e-04
7600,layers.4.residual_lut.weights,2.624312e+01,1.413043e+00,5.384435e-02
7600,layers.4.residual_lut.log_soft_score_temp,4.399304e-01,6.100535e-05,1.386705e-04
7600,layers.4.residual_lut.log_select_temp,5.463921e-01,2.455711e-05,4.494412e-05
7600,layers.4.q_norm.weight,7.768358e+00,3.872090e-03,4.984438e-04
7600,layers.4.q_norm.bias,7.392868e-02,2.764729e-03,3.739724e-02
7600,layers.4.k_norm.weight,7.773506e+00,3.824744e-03,4.920231e-04
7600,layers.4.k_norm.bias,9.775528e-02,2.472409e-03,2.529182e-02
7600,layers.4.ln_e.weight,6.857914e+00,5.590135e-04,8.151363e-05
7600,layers.4.ln_e.bias,1.123357e-01,5.624052e-04,5.006470e-03
7600,layers.5.qkv_lut.weights,2.798524e+01,8.233170e-01,2.941968e-02
7600,layers.5.qkv_lut.log_soft_score_temp,6.217174e-01,2.360344e-05,3.796490e-05
7600,layers.5.qkv_lut.log_select_temp,1.005105e+00,2.578497e-04,2.565401e-04
7600,layers.5.v_lut.weights,2.406330e+01,6.751312e-01,2.805647e-02
7600,layers.5.v_lut.log_soft_score_temp,5.430400e-01,6.051660e-04,1.114404e-03
7600,layers.5.v_lut.log_select_temp,1.036655e+00,2.952814e-04,2.848407e-04
7600,layers.5.out_proj.weights,1.418079e+01,1.988764e-01,1.402436e-02
7600,layers.5.out_proj.log_soft_score_temp,6.249213e-01,2.509952e-04,4.016429e-04
7600,layers.5.out_proj.log_select_temp,7.429233e-01,1.001358e-04,1.347862e-04
7600,layers.5.residual_lut.weights,2.342426e+01,1.263502e+00,5.393989e-02
7600,layers.5.residual_lut.log_soft_score_temp,5.135662e-01,6.353855e-05,1.237203e-04
7600,layers.5.residual_lut.log_select_temp,5.700811e-01,4.315376e-05,7.569758e-05
7600,layers.5.q_norm.weight,7.866354e+00,3.619694e-03,4.601489e-04
7600,layers.5.q_norm.bias,1.007292e-01,3.703195e-03,3.676385e-02
7600,layers.5.k_norm.weight,7.871513e+00,3.819367e-03,4.852138e-04
7600,layers.5.k_norm.bias,1.567885e-01,3.361560e-03,2.144009e-02
7600,layers.5.ln_e.weight,5.503908e+00,1.037583e-02,1.885175e-03
7600,layers.5.ln_e.bias,9.684045e-02,4.898724e-04,5.058552e-03
7600,ln_final.weight,3.301791e+01,9.014302e-02,2.730125e-03
7600,ln_final.bias,9.130452e-01,1.162869e-02,1.273616e-02
7800,tok_emb_E.weight,7.545048e+01,3.956948e-01,5.244430e-03
7800,unembedder.weight,2.348669e+02,2.453657e+00,1.044701e-02
7800,layers.0.qkv_lut.weights,5.145522e+01,1.258246e+00,2.445322e-02
7800,layers.0.qkv_lut.log_soft_score_temp,6.352084e-01,1.751959e-03,2.758086e-03
7800,layers.0.qkv_lut.log_select_temp,6.576676e-01,1.830637e-03,2.783530e-03
7800,layers.0.v_lut.weights,5.170441e+01,1.217331e+00,2.354405e-02
7800,layers.0.v_lut.log_soft_score_temp,1.260349e+00,4.397511e-03,3.489122e-03
7800,layers.0.v_lut.log_select_temp,1.253378e+00,4.400373e-03,3.510811e-03
7800,layers.0.out_proj.weights,7.006231e+01,1.737344e+00,2.479713e-02
7800,layers.0.out_proj.log_soft_score_temp,5.791845e-01,1.098454e-03,1.896553e-03
7800,layers.0.out_proj.log_select_temp,1.344790e+00,4.095316e-03,3.045320e-03
7800,layers.0.residual_lut.weights,9.967134e+01,1.675502e+00,1.681027e-02
7800,layers.0.residual_lut.log_soft_score_temp,8.043247e-01,1.021206e-03,1.269644e-03
7800,layers.0.residual_lut.log_select_temp,1.238878e+00,2.889276e-03,2.332170e-03
7800,layers.0.q_norm.weight,9.547153e+00,5.288776e-03,5.539637e-04
7800,layers.0.q_norm.bias,9.340186e-01,3.066199e-03,3.282803e-03
7800,layers.0.k_norm.weight,9.435062e+00,4.924318e-03,5.219168e-04
7800,layers.0.k_norm.bias,1.266121e+00,3.778100e-03,2.983997e-03
7800,layers.0.ln_e.weight,7.017157e+00,2.214538e-03,3.155890e-04
7800,layers.0.ln_e.bias,5.430632e-02,1.523998e-03,2.806300e-02
7800,layers.1.qkv_lut.weights,5.141417e+01,1.269012e+00,2.468215e-02
7800,layers.1.qkv_lut.log_soft_score_temp,1.521114e-01,2.999008e-04,1.971586e-03
7800,layers.1.qkv_lut.log_select_temp,6.859765e-01,1.745999e-03,2.545275e-03
7800,layers.1.v_lut.weights,5.093777e+01,1.201375e+00,2.358516e-02
7800,layers.1.v_lut.log_soft_score_temp,3.164349e-01,1.755774e-03,5.548611e-03
7800,layers.1.v_lut.log_select_temp,9.171304e-01,1.142800e-03,1.246060e-03
7800,layers.1.out_proj.weights,7.024072e+01,1.733343e+00,2.467718e-02
7800,layers.1.out_proj.log_soft_score_temp,4.443145e-01,3.456533e-03,7.779473e-03
7800,layers.1.out_proj.log_select_temp,1.176103e+00,2.849698e-03,2.423000e-03
7800,layers.1.residual_lut.weights,8.643793e+01,1.660692e+00,1.921254e-02
7800,layers.1.residual_lut.log_soft_score_temp,4.022850e-01,4.652351e-03,1.156482e-02
7800,layers.1.residual_lut.log_select_temp,9.162867e-01,1.390100e-03,1.517101e-03
7800,layers.1.q_norm.weight,8.766133e+00,4.736440e-03,5.403112e-04
7800,layers.1.q_norm.bias,5.274671e-01,2.602582e-03,4.934112e-03
7800,layers.1.k_norm.weight,8.731002e+00,4.591084e-03,5.258370e-04
7800,layers.1.k_norm.bias,9.513113e-01,3.717019e-03,3.907258e-03
7800,layers.1.ln_e.weight,6.742461e+00,3.564064e-03,5.285998e-04
7800,layers.1.ln_e.bias,8.064108e-02,1.430348e-03,1.773721e-02
7800,layers.2.qkv_lut.weights,5.064071e+01,1.259328e+00,2.486790e-02
7800,layers.2.qkv_lut.log_soft_score_temp,1.492082e-01,1.585811e-03,1.062818e-02
7800,layers.2.qkv_lut.log_select_temp,6.317195e-01,1.254439e-03,1.985754e-03
7800,layers.2.v_lut.weights,4.941967e+01,1.148562e+00,2.324098e-02
7800,layers.2.v_lut.log_soft_score_temp,4.620910e-01,2.987117e-03,6.464347e-03
7800,layers.2.v_lut.log_select_temp,8.611571e-01,2.756119e-04,3.200483e-04
7800,layers.2.out_proj.weights,6.680230e+01,1.662172e+00,2.488196e-02
7800,layers.2.out_proj.log_soft_score_temp,6.325364e-01,2.763867e-03,4.369500e-03
7800,layers.2.out_proj.log_select_temp,1.064342e+00,2.641678e-03,2.481983e-03
7800,layers.2.residual_lut.weights,6.977828e+01,1.670022e+00,2.393326e-02
7800,layers.2.residual_lut.log_soft_score_temp,5.635101e-01,1.349092e-03,2.394086e-03
7800,layers.2.residual_lut.log_select_temp,8.918037e-01,1.997232e-03,2.239543e-03
7800,layers.2.q_norm.weight,8.394648e+00,4.590488e-03,5.468351e-04
7800,layers.2.q_norm.bias,4.428317e-01,2.261318e-03,5.106496e-03
7800,layers.2.k_norm.weight,8.338834e+00,4.298092e-03,5.154309e-04
7800,layers.2.k_norm.bias,6.358227e-01,3.496982e-03,5.499933e-03
7800,layers.2.ln_e.weight,6.779930e+00,3.114991e-03,4.594430e-04
7800,layers.2.ln_e.bias,6.189178e-02,1.409127e-03,2.276760e-02
7800,layers.3.qkv_lut.weights,4.583274e+01,1.248772e+00,2.724628e-02
7800,layers.3.qkv_lut.log_soft_score_temp,5.544389e-01,7.430315e-04,1.340150e-03
7800,layers.3.qkv_lut.log_select_temp,6.953971e-01,2.186894e-04,3.144814e-04
7800,layers.3.v_lut.weights,4.037979e+01,1.082660e+00,2.681192e-02
7800,layers.3.v_lut.log_soft_score_temp,7.635815e-01,8.374453e-05,1.096733e-04
7800,layers.3.v_lut.log_select_temp,7.935113e-01,2.841949e-04,3.581486e-04
7800,layers.3.out_proj.weights,4.238691e+01,1.247229e+00,2.942487e-02
7800,layers.3.out_proj.log_soft_score_temp,6.659077e-01,1.081109e-03,1.623512e-03
7800,layers.3.out_proj.log_select_temp,8.397734e-01,1.025677e-03,1.221373e-03
7800,layers.3.residual_lut.weights,3.909072e+01,1.600791e+00,4.095067e-02
7800,layers.3.residual_lut.log_soft_score_temp,5.516717e-01,1.564682e-03,2.836255e-03
7800,layers.3.residual_lut.log_select_temp,7.164648e-01,2.580464e-03,3.601662e-03
7800,layers.3.q_norm.weight,8.113110e+00,2.849505e-03,3.512223e-04
7800,layers.3.q_norm.bias,2.686631e-01,2.456248e-03,9.142484e-03
7800,layers.3.k_norm.weight,8.106508e+00,2.612500e-03,3.222719e-04
7800,layers.3.k_norm.bias,3.646998e-01,1.963936e-03,5.385075e-03
7800,layers.3.ln_e.weight,6.642125e+00,3.233893e-03,4.868763e-04
7800,layers.3.ln_e.bias,1.597555e-01,2.467585e-03,1.544601e-02
7800,layers.4.qkv_lut.weights,2.363277e+01,5.291439e-01,2.239026e-02
7800,layers.4.qkv_lut.log_soft_score_temp,5.505456e-01,1.054645e-03,1.915635e-03
7800,layers.4.qkv_lut.log_select_temp,8.457563e-01,1.103103e-03,1.304280e-03
7800,layers.4.v_lut.weights,2.123494e+01,4.563724e-01,2.149158e-02
7800,layers.4.v_lut.log_soft_score_temp,4.628584e-01,1.551747e-03,3.352531e-03
7800,layers.4.v_lut.log_select_temp,8.089865e-01,1.620293e-03,2.002867e-03
7800,layers.4.out_proj.weights,3.673434e+01,1.825783e-01,4.970235e-03
7800,layers.4.out_proj.log_soft_score_temp,7.681262e-01,1.215935e-04,1.582988e-04
7800,layers.4.out_proj.log_select_temp,8.187470e-01,2.057552e-04,2.513050e-04
7800,layers.4.residual_lut.weights,2.617113e+01,1.320696e+00,5.046387e-02
7800,layers.4.residual_lut.log_soft_score_temp,4.399575e-01,2.706051e-05,6.150710e-05
7800,layers.4.residual_lut.log_select_temp,5.464446e-01,5.251169e-05,9.609701e-05
7800,layers.4.q_norm.weight,7.769652e+00,3.878861e-03,4.992323e-04
7800,layers.4.q_norm.bias,7.412727e-02,2.991092e-03,4.035077e-02
7800,layers.4.k_norm.weight,7.774775e+00,3.697304e-03,4.755513e-04
7800,layers.4.k_norm.bias,9.822281e-02,2.602672e-03,2.649764e-02
7800,layers.4.ln_e.weight,6.857989e+00,4.482087e-04,6.535571e-05
7800,layers.4.ln_e.bias,1.122526e-01,4.490824e-04,4.000641e-03
7800,layers.5.qkv_lut.weights,2.799931e+01,7.815061e-01,2.791162e-02
7800,layers.5.qkv_lut.log_soft_score_temp,6.217493e-01,3.194809e-05,5.138420e-05
7800,layers.5.qkv_lut.log_select_temp,1.005276e+00,1.708269e-04,1.699304e-04
7800,layers.5.v_lut.weights,2.407473e+01,6.454588e-01,2.681064e-02
7800,layers.5.v_lut.log_soft_score_temp,5.433757e-01,3.357530e-04,6.179020e-04
7800,layers.5.v_lut.log_select_temp,1.036950e+00,2.956390e-04,2.851043e-04
7800,layers.5.out_proj.weights,1.417721e+01,1.844464e-01,1.301006e-02
7800,layers.5.out_proj.log_soft_score_temp,6.248332e-01,8.809566e-05,1.409907e-04
7800,layers.5.out_proj.log_select_temp,7.428955e-01,2.777576e-05,3.738852e-05
7800,layers.5.residual_lut.weights,2.335847e+01,1.191017e+00,5.098866e-02
7800,layers.5.residual_lut.log_soft_score_temp,5.135906e-01,2.443790e-05,4.758246e-05
7800,layers.5.residual_lut.log_select_temp,5.701231e-01,4.196167e-05,7.360107e-05
7800,layers.5.q_norm.weight,7.866280e+00,2.842041e-03,3.612942e-04
7800,layers.5.q_norm.bias,1.006446e-01,3.149239e-03,3.129070e-02
7800,layers.5.k_norm.weight,7.871342e+00,3.084301e-03,3.918393e-04
7800,layers.5.k_norm.bias,1.574769e-01,2.653570e-03,1.685054e-02
7800,layers.5.ln_e.weight,5.495290e+00,9.752502e-03,1.774702e-03
7800,layers.5.ln_e.bias,9.669637e-02,7.312326e-04,7.562152e-03
7800,ln_final.weight,3.310278e+01,8.516317e-02,2.572689e-03
7800,ln_final.bias,9.179825e-01,1.086534e-02,1.183610e-02
8000,tok_emb_E.weight,7.546065e+01,3.817661e-01,5.059141e-03
8000,unembedder.weight,2.350870e+02,2.347325e+00,9.984920e-03
8000,layers.0.qkv_lut.weights,5.147607e+01,1.218111e+00,2.366363e-02
8000,layers.0.qkv_lut.log_soft_score_temp,6.369123e-01,1.703918e-03,2.675279e-03
8000,layers.0.qkv_lut.log_select_temp,6.594765e-01,1.808822e-03,2.742815e-03
8000,layers.0.v_lut.weights,5.172652e+01,1.176339e+00,2.274150e-02
8000,layers.0.v_lut.log_soft_score_temp,1.264558e+00,4.208684e-03,3.328187e-03
8000,layers.0.v_lut.log_select_temp,1.257613e+00,4.234910e-03,3.367420e-03
8000,layers.0.out_proj.weights,7.009706e+01,1.678512e+00,2.394553e-02
8000,layers.0.out_proj.log_soft_score_temp,5.800947e-01,9.102225e-04,1.569093e-03
8000,layers.0.out_proj.log_select_temp,1.348397e+00,3.607392e-03,2.675319e-03
8000,layers.0.residual_lut.weights,9.977334e+01,1.624131e+00,1.627821e-02
8000,layers.0.residual_lut.log_soft_score_temp,8.030553e-01,1.269400e-03,1.580713e-03
8000,layers.0.residual_lut.log_select_temp,1.241475e+00,2.596617e-03,2.091558e-03
8000,layers.0.q_norm.weight,9.552682e+00,6.163142e-03,6.451740e-04
8000,layers.0.q_norm.bias,9.360905e-01,3.240551e-03,3.461792e-03
8000,layers.0.k_norm.weight,9.440310e+00,6.020760e-03,6.377714e-04
8000,layers.0.k_norm.bias,1.269064e+00,3.635859e-03,2.864992e-03
8000,layers.0.ln_e.weight,7.016770e+00,2.033157e-03,2.897568e-04
8000,layers.0.ln_e.bias,5.433332e-02,1.283091e-03,2.361519e-02
8000,layers.1.qkv_lut.weights,5.143697e+01,1.228567e+00,2.388491e-02
8000,layers.1.qkv_lut.log_soft_score_temp,1.518394e-01,2.719909e-04,1.791306e-03
8000,layers.1.qkv_lut.log_select_temp,6.875817e-01,1.605153e-03,2.334491e-03
8000,layers.1.v_lut.weights,5.096769e+01,1.164777e+00,2.285324e-02
8000,layers.1.v_lut.log_soft_score_temp,3.149949e-01,1.439989e-03,4.571466e-03
8000,layers.1.v_lut.log_select_temp,9.188880e-01,1.757681e-03,1.912835e-03
8000,layers.1.out_proj.weights,7.027471e+01,1.681397e+00,2.392606e-02
8000,layers.1.out_proj.log_soft_score_temp,4.409379e-01,3.376633e-03,7.657842e-03
8000,layers.1.out_proj.log_select_temp,1.179257e+00,3.153324e-03,2.673993e-03
8000,layers.1.residual_lut.weights,8.647636e+01,1.617899e+00,1.870915e-02
8000,layers.1.residual_lut.log_soft_score_temp,3.975802e-01,4.704714e-03,1.183337e-02
8000,layers.1.residual_lut.log_select_temp,9.150227e-01,1.263976e-03,1.381360e-03
8000,layers.1.q_norm.weight,8.770052e+00,4.368666e-03,4.981346e-04
8000,layers.1.q_norm.bias,5.287858e-01,2.195111e-03,4.151230e-03
8000,layers.1.k_norm.weight,8.734706e+00,4.150188e-03,4.751376e-04
8000,layers.1.k_norm.bias,9.535173e-01,3.162629e-03,3.316803e-03
8000,layers.1.ln_e.weight,6.739584e+00,3.418241e-03,5.071887e-04
8000,layers.1.ln_e.bias,8.160748e-02,1.313188e-03,1.609151e-02
8000,layers.2.qkv_lut.weights,5.066211e+01,1.222911e+00,2.413856e-02
8000,layers.2.qkv_lut.log_soft_score_temp,1.474767e-01,1.731470e-03,1.174063e-02
8000,layers.2.qkv_lut.log_select_temp,6.329461e-01,1.226544e-03,1.937834e-03
8000,layers.2.v_lut.weights,4.944535e+01,1.110368e+00,2.245648e-02
8000,layers.2.v_lut.log_soft_score_temp,4.590582e-01,3.032744e-03,6.606447e-03
8000,layers.2.v_lut.log_select_temp,8.610240e-01,1.330972e-04,1.545801e-04
8000,layers.2.out_proj.weights,6.686509e+01,1.606540e+00,2.402658e-02
8000,layers.2.out_proj.log_soft_score_temp,6.301784e-01,2.357960e-03,3.741734e-03
8000,layers.2.out_proj.log_select_temp,1.066996e+00,2.654910e-03,2.488209e-03
8000,layers.2.residual_lut.weights,6.981377e+01,1.618116e+00,2.317761e-02
8000,layers.2.residual_lut.log_soft_score_temp,5.618481e-01,1.662016e-03,2.958123e-03
8000,layers.2.residual_lut.log_select_temp,8.934848e-01,1.681089e-03,1.881498e-03
8000,layers.2.q_norm.weight,8.397575e+00,3.928852e-03,4.678555e-04
8000,layers.2.q_norm.bias,4.433473e-01,1.944921e-03,4.386902e-03
8000,layers.2.k_norm.weight,8.341619e+00,3.795832e-03,4.550474e-04
8000,layers.2.k_norm.bias,6.365281e-01,2.613594e-03,4.106015e-03
8000,layers.2.ln_e.weight,6.778693e+00,2.503479e-03,3.693159e-04
8000,layers.2.ln_e.bias,6.281349e-02,1.377507e-03,2.193011e-02
8000,layers.3.qkv_lut.weights,4.585441e+01,1.213573e+00,2.646579e-02
8000,layers.3.qkv_lut.log_soft_score_temp,5.534088e-01,1.030147e-03,1.861458e-03
8000,layers.3.qkv_lut.log_select_temp,6.955084e-01,1.112819e-04,1.600008e-04
8000,layers.3.v_lut.weights,4.041449e+01,1.053306e+00,2.606259e-02
8000,layers.3.v_lut.log_soft_score_temp,7.636142e-01,3.278255e-05,4.293078e-05
8000,layers.3.v_lut.log_select_temp,7.940718e-01,5.604625e-04,7.058083e-04
8000,layers.3.out_proj.weights,4.241168e+01,1.206832e+00,2.845519e-02
8000,layers.3.out_proj.log_soft_score_temp,6.644176e-01,1.490057e-03,2.242650e-03
8000,layers.3.out_proj.log_select_temp,8.405998e-01,8.264184e-04,9.831294e-04
8000,layers.3.residual_lut.weights,3.912032e+01,1.547641e+00,3.956104e-02
8000,layers.3.residual_lut.log_soft_score_temp,5.536007e-01,1.928926e-03,3.484327e-03
8000,layers.3.residual_lut.log_select_temp,7.194069e-01,2.942085e-03,4.089598e-03
8000,layers.3.q_norm.weight,8.114571e+00,3.912692e-03,4.821810e-04
8000,layers.3.q_norm.bias,2.697869e-01,3.166720e-03,1.173786e-02
8000,layers.3.k_norm.weight,8.107915e+00,3.606040e-03,4.447555e-04
8000,layers.3.k_norm.bias,3.656067e-01,3.312674e-03,9.060757e-03
8000,layers.3.ln_e.weight,6.644544e+00,3.438707e-03,5.175235e-04
8000,layers.3.ln_e.bias,1.623840e-01,3.121826e-03,1.922495e-02
8000,layers.4.qkv_lut.weights,2.363773e+01,5.182977e-01,2.192671e-02
8000,layers.4.qkv_lut.log_soft_score_temp,5.516750e-01,1.129389e-03,2.047199e-03
8000,layers.4.qkv_lut.log_select_temp,8.470480e-01,1.291692e-03,1.524934e-03
8000,layers.4.v_lut.weights,2.124077e+01,4.381266e-01,2.062668e-02
8000,layers.4.v_lut.log_soft_score_temp,4.641597e-01,1.301289e-03,2.803536e-03
8000,layers.4.v_lut.log_select_temp,8.103940e-01,1.407504e-03,1.736814e-03
8000,layers.4.out_proj.weights,3.673720e+01,1.792701e-01,4.879798e-03
8000,layers.4.out_proj.log_soft_score_temp,7.683057e-01,1.794100e-04,2.335138e-04
8000,layers.4.out_proj.log_select_temp,8.189802e-01,2.331734e-04,2.847118e-04
8000,layers.4.residual_lut.weights,2.610403e+01,1.275395e+00,4.885817e-02
8000,layers.4.residual_lut.log_soft_score_temp,4.399482e-01,9.268522e-06,2.106730e-05
8000,layers.4.residual_lut.log_select_temp,5.464553e-01,1.072884e-05,1.963351e-05
8000,layers.4.q_norm.weight,7.769859e+00,2.788624e-03,3.589027e-04
8000,layers.4.q_norm.bias,7.441235e-02,2.873845e-03,3.862053e-02
8000,layers.4.k_norm.weight,7.775036e+00,2.811669e-03,3.616278e-04
8000,layers.4.k_norm.bias,9.832860e-02,2.487566e-03,2.529850e-02
8000,layers.4.ln_e.weight,6.858025e+00,6.113881e-04,8.914930e-05
8000,layers.4.ln_e.bias,1.122336e-01,6.137671e-04,5.468655e-03
8000,layers.5.qkv_lut.weights,2.800702e+01,7.431917e-01,2.653591e-02
8000,layers.5.qkv_lut.log_soft_score_temp,6.216065e-01,1.428127e-04,2.297478e-04
8000,layers.5.qkv_lut.log_select_temp,1.005234e+00,4.136562e-05,4.115023e-05
8000,layers.5.v_lut.weights,2.408326e+01,6.084896e-01,2.526608e-02
8000,layers.5.v_lut.log_soft_score_temp,5.435404e-01,1.646280e-04,3.028810e-04
8000,layers.5.v_lut.log_select_temp,1.036982e+00,3.147125e-05,3.034890e-05
8000,layers.5.out_proj.weights,1.417948e+01,1.771724e-01,1.249498e-02
8000,layers.5.out_proj.log_soft_score_temp,6.245991e-01,2.340674e-04,3.747483e-04
8000,layers.5.out_proj.log_select_temp,7.428899e-01,5.662441e-06,7.622181e-06
8000,layers.5.residual_lut.weights,2.328694e+01,1.134456e+00,4.871639e-02
8000,layers.5.residual_lut.log_soft_score_temp,5.135717e-01,1.895428e-05,3.690678e-05
8000,layers.5.residual_lut.log_select_temp,5.701209e-01,2.205372e-06,3.868253e-06
8000,layers.5.q_norm.weight,7.867861e+00,3.381903e-03,4.298377e-04
8000,layers.5.q_norm.bias,1.015053e-01,2.902854e-03,2.859806e-02
8000,layers.5.k_norm.weight,7.872908e+00,3.548729e-03,4.507521e-04
8000,layers.5.k_norm.bias,1.584565e-01,3.089612e-03,1.949816e-02
8000,layers.5.ln_e.weight,5.487385e+00,8.978914e-03,1.636283e-03
8000,layers.5.ln_e.bias,9.664174e-02,6.607442e-04,6.837048e-03
8000,ln_final.weight,3.318456e+01,8.206799e-02,2.473078e-03
8000,ln_final.bias,9.235148e-01,1.121896e-02,1.214811e-02
