step,param_name,weight_norm,delta_norm,rel_delta
200,tok_emb_E.weight,7.239003e+01,5.900210e-01,8.150584e-03
200,unembedder.weight,1.054288e+02,1.563624e+01,1.483109e-01
200,layers.0.qkv_lut.weights,1.954090e+00,1.870749e+00,9.573504e-01
200,layers.0.qkv_lut.log_soft_score_temp,6.947860e-01,1.638770e-03,2.358669e-03
200,layers.0.qkv_lut.log_select_temp,6.947621e-01,1.614928e-03,2.324433e-03
200,layers.0.v_lut.weights,1.659876e+00,1.578188e+00,9.507871e-01
200,layers.0.v_lut.log_soft_score_temp,6.966027e-01,3.455520e-03,4.960532e-03
200,layers.0.v_lut.log_select_temp,6.965976e-01,3.450453e-03,4.953295e-03
200,layers.0.out_proj.weights,1.859319e+00,1.719032e+00,9.245491e-01
200,layers.0.out_proj.log_soft_score_temp,6.981780e-01,5.030811e-03,7.205628e-03
200,layers.0.out_proj.log_select_temp,6.981995e-01,5.052269e-03,7.236139e-03
200,layers.0.residual_lut.weights,2.516972e+00,2.415183e+00,9.595592e-01
200,layers.0.residual_lut.log_soft_score_temp,6.993786e-01,6.231368e-03,8.909864e-03
200,layers.0.residual_lut.log_select_temp,6.994302e-01,6.283045e-03,8.983090e-03
200,layers.0.q_norm.weight,8.015308e+00,1.636893e-02,2.042208e-03
200,layers.0.q_norm.bias,8.518888e-03,8.518888e-03,1.000000e+00
200,layers.0.k_norm.weight,8.014973e+00,1.597850e-02,1.993582e-03
200,layers.0.k_norm.bias,1.009456e-02,1.009456e-02,1.000000e+00
200,layers.0.ln_e.weight,6.933899e+00,7.373332e-03,1.063375e-03
200,layers.0.ln_e.bias,4.570245e-03,4.570245e-03,1.000000e+00
200,layers.1.qkv_lut.weights,1.733982e+00,1.648580e+00,9.507479e-01
200,layers.1.qkv_lut.log_soft_score_temp,6.914250e-01,1.722157e-03,2.490736e-03
200,layers.1.qkv_lut.log_select_temp,6.928372e-01,3.099442e-04,4.473549e-04
200,layers.1.v_lut.weights,1.272128e+00,1.165094e+00,9.158620e-01
200,layers.1.v_lut.log_soft_score_temp,6.965698e-01,3.422618e-03,4.913532e-03
200,layers.1.v_lut.log_select_temp,6.967449e-01,3.597736e-03,5.163635e-03
200,layers.1.out_proj.weights,1.543242e+00,1.366468e+00,8.854529e-01
200,layers.1.out_proj.log_soft_score_temp,6.983811e-01,5.233884e-03,7.494309e-03
200,layers.1.out_proj.log_select_temp,6.983843e-01,5.237103e-03,7.498884e-03
200,layers.1.residual_lut.weights,1.781149e+00,1.638946e+00,9.201626e-01
200,layers.1.residual_lut.log_soft_score_temp,6.946400e-01,1.492858e-03,2.149110e-03
200,layers.1.residual_lut.log_select_temp,6.950520e-01,1.904786e-03,2.740494e-03
200,layers.1.q_norm.weight,8.009646e+00,1.378248e-02,1.720735e-03
200,layers.1.q_norm.bias,7.587286e-03,7.587286e-03,1.000000e+00
200,layers.1.k_norm.weight,8.009223e+00,1.325803e-02,1.655346e-03
200,layers.1.k_norm.bias,1.328111e-02,1.328111e-02,1.000000e+00
200,layers.1.ln_e.weight,6.928376e+00,3.877655e-03,5.596774e-04
200,layers.1.ln_e.bias,2.161490e-03,2.161490e-03,1.000000e+00
200,layers.2.qkv_lut.weights,1.527744e+00,1.427761e+00,9.345554e-01
200,layers.2.qkv_lut.log_soft_score_temp,6.926621e-01,4.850626e-04,7.002875e-04
200,layers.2.qkv_lut.log_select_temp,6.933272e-01,1.800656e-04,2.597123e-04
200,layers.2.v_lut.weights,9.305555e-01,7.767372e-01,8.347028e-01
200,layers.2.v_lut.log_soft_score_temp,6.951455e-01,1.998305e-03,2.874658e-03
200,layers.2.v_lut.log_select_temp,6.951412e-01,1.994014e-03,2.868502e-03
200,layers.2.out_proj.weights,1.208801e+00,9.683772e-01,8.011055e-01
200,layers.2.out_proj.log_soft_score_temp,6.937428e-01,5.956292e-04,8.585735e-04
200,layers.2.out_proj.log_select_temp,6.937420e-01,5.947948e-04,8.573717e-04
200,layers.2.residual_lut.weights,1.214452e+00,9.945568e-01,8.189347e-01
200,layers.2.residual_lut.log_soft_score_temp,6.875061e-01,5.641043e-03,8.205080e-03
200,layers.2.residual_lut.log_select_temp,6.874200e-01,5.727232e-03,8.331489e-03
200,layers.2.q_norm.weight,8.001087e+00,5.485965e-03,6.856524e-04
200,layers.2.q_norm.bias,5.166064e-03,5.166064e-03,1.000000e+00
200,layers.2.k_norm.weight,8.000871e+00,5.141041e-03,6.425602e-04
200,layers.2.k_norm.bias,8.112305e-03,8.112305e-03,1.000000e+00
200,layers.2.ln_e.weight,6.924620e+00,4.614480e-03,6.663875e-04
200,layers.2.ln_e.bias,2.123957e-03,2.123957e-03,1.000000e+00
200,layers.3.qkv_lut.weights,1.029998e+00,8.745964e-01,8.491243e-01
200,layers.3.qkv_lut.log_soft_score_temp,6.934249e-01,2.776980e-04,4.004731e-04
200,layers.3.qkv_lut.log_select_temp,6.933507e-01,2.035499e-04,2.935742e-04
200,layers.3.v_lut.weights,7.461144e-01,5.427167e-01,7.273907e-01
200,layers.3.v_lut.log_soft_score_temp,6.923135e-01,8.336902e-04,1.204209e-03
200,layers.3.v_lut.log_select_temp,6.922457e-01,9.015203e-04,1.302313e-03
200,layers.3.out_proj.weights,9.267008e-01,5.799453e-01,6.258171e-01
200,layers.3.out_proj.log_soft_score_temp,6.929734e-01,1.738071e-04,2.508136e-04
200,layers.3.out_proj.log_select_temp,6.929777e-01,1.694560e-04,2.445331e-04
200,layers.3.residual_lut.weights,9.291077e-01,5.985022e-01,6.441687e-01
200,layers.3.residual_lut.log_soft_score_temp,6.885151e-01,4.632056e-03,6.727602e-03
200,layers.3.residual_lut.log_select_temp,6.885105e-01,4.636705e-03,6.734400e-03
200,layers.3.q_norm.weight,7.999135e+00,5.371172e-03,6.714691e-04
200,layers.3.q_norm.bias,3.487405e-03,3.487405e-03,1.000000e+00
200,layers.3.k_norm.weight,7.999235e+00,5.405817e-03,6.757917e-04
200,layers.3.k_norm.bias,3.702196e-03,3.702196e-03,1.000000e+00
200,layers.3.ln_e.weight,6.924511e+00,5.778593e-03,8.345127e-04
200,layers.3.ln_e.bias,2.436257e-03,2.436257e-03,1.000000e+00
200,layers.4.qkv_lut.weights,8.672603e-01,6.780752e-01,7.818589e-01
200,layers.4.qkv_lut.log_soft_score_temp,6.958054e-01,2.658188e-03,3.820304e-03
200,layers.4.qkv_lut.log_select_temp,6.958996e-01,2.752423e-03,3.955202e-03
200,layers.4.v_lut.weights,7.224206e-01,5.093148e-01,7.050115e-01
200,layers.4.v_lut.log_soft_score_temp,6.953987e-01,2.251565e-03,3.237805e-03
200,layers.4.v_lut.log_select_temp,6.954903e-01,2.343118e-03,3.369016e-03
200,layers.4.out_proj.weights,1.119455e+00,8.546012e-01,7.634083e-01
200,layers.4.out_proj.log_soft_score_temp,6.943989e-01,1.251757e-03,1.802648e-03
200,layers.4.out_proj.log_select_temp,6.944022e-01,1.254976e-03,1.807275e-03
200,layers.4.residual_lut.weights,1.204819e+00,9.793707e-01,8.128777e-01
200,layers.4.residual_lut.log_soft_score_temp,6.874265e-01,5.720675e-03,8.321871e-03
200,layers.4.residual_lut.log_select_temp,6.872609e-01,5.886257e-03,8.564806e-03
200,layers.4.q_norm.weight,8.003439e+00,6.438456e-03,8.044612e-04
200,layers.4.q_norm.bias,5.309668e-03,5.309668e-03,1.000000e+00
200,layers.4.k_norm.weight,8.003678e+00,6.646587e-03,8.304415e-04
200,layers.4.k_norm.bias,3.416194e-03,3.416194e-03,1.000000e+00
200,layers.4.ln_e.weight,6.924964e+00,4.903367e-03,7.080712e-04
200,layers.4.ln_e.bias,3.125393e-03,3.125393e-03,1.000000e+00
200,layers.5.qkv_lut.weights,9.139635e-01,7.356862e-01,8.049404e-01
200,layers.5.qkv_lut.log_soft_score_temp,6.936733e-01,5.260706e-04,7.583839e-04
200,layers.5.qkv_lut.log_select_temp,6.934424e-01,2.952218e-04,4.257337e-04
200,layers.5.v_lut.weights,8.046029e-01,6.206992e-01,7.714355e-01
200,layers.5.v_lut.log_soft_score_temp,6.928119e-01,3.352761e-04,4.839353e-04
200,layers.5.v_lut.log_select_temp,6.924415e-01,7.057190e-04,1.019175e-03
200,layers.5.out_proj.weights,1.063102e+00,7.794135e-01,7.331503e-01
200,layers.5.out_proj.log_soft_score_temp,6.911771e-01,1.970112e-03,2.850373e-03
200,layers.5.out_proj.log_select_temp,6.911651e-01,1.982033e-03,2.867670e-03
200,layers.5.residual_lut.weights,1.009448e+00,7.167774e-01,7.100689e-01
200,layers.5.residual_lut.log_soft_score_temp,6.879737e-01,5.173504e-03,7.519916e-03
200,layers.5.residual_lut.log_select_temp,6.876697e-01,5.477488e-03,7.965289e-03
200,layers.5.q_norm.weight,7.999148e+00,2.624479e-03,3.280948e-04
200,layers.5.q_norm.bias,2.475061e-03,2.475061e-03,1.000000e+00
200,layers.5.k_norm.weight,7.999135e+00,2.815411e-03,3.519644e-04
200,layers.5.k_norm.bias,2.286433e-03,2.286433e-03,1.000000e+00
200,layers.5.ln_e.weight,6.924680e+00,5.489766e-03,7.927826e-04
200,layers.5.ln_e.bias,3.375327e-03,3.375327e-03,1.000000e+00
200,ln_final.weight,1.974241e+01,1.465458e-01,7.422894e-03
200,ln_final.bias,1.455420e-01,1.455420e-01,1.000000e+00
400,tok_emb_E.weight,7.241012e+01,1.705060e+00,2.354727e-02
400,unembedder.weight,1.112022e+02,2.617519e+01,2.353838e-01
400,layers.0.qkv_lut.weights,5.072965e+00,4.207810e+00,8.294577e-01
400,layers.0.qkv_lut.log_soft_score_temp,7.066140e-01,1.182801e-02,1.673899e-02
400,layers.0.qkv_lut.log_select_temp,7.064383e-01,1.167619e-02,1.652825e-02
400,layers.0.v_lut.weights,5.277755e+00,4.740477e+00,8.981994e-01
400,layers.0.v_lut.log_soft_score_temp,7.143821e-01,1.777941e-02,2.488782e-02
400,layers.0.v_lut.log_select_temp,7.143131e-01,1.771545e-02,2.480069e-02
400,layers.0.out_proj.weights,6.366727e+00,5.916346e+00,9.292602e-01
400,layers.0.out_proj.log_soft_score_temp,7.196913e-01,2.151334e-02,2.989246e-02
400,layers.0.out_proj.log_select_temp,7.197337e-01,2.153420e-02,2.991969e-02
400,layers.0.residual_lut.weights,8.257987e+00,7.282489e+00,8.818722e-01
400,layers.0.residual_lut.log_soft_score_temp,7.168936e-01,1.751506e-02,2.443189e-02
400,layers.0.residual_lut.log_select_temp,7.174515e-01,1.802129e-02,2.511847e-02
400,layers.0.q_norm.weight,8.105160e+00,1.040618e-01,1.283895e-02
400,layers.0.q_norm.bias,7.743782e-02,6.995313e-02,9.033458e-01
400,layers.0.k_norm.weight,8.102824e+00,1.018596e-01,1.257088e-02
400,layers.0.k_norm.bias,8.675126e-02,7.828295e-02,9.023840e-01
400,layers.0.ln_e.weight,6.944737e+00,1.474122e-02,2.122646e-03
400,layers.0.ln_e.bias,9.615755e-03,5.169949e-03,5.376541e-01
400,layers.1.qkv_lut.weights,5.142253e+00,4.660365e+00,9.062884e-01
400,layers.1.qkv_lut.log_soft_score_temp,6.740351e-01,1.738989e-02,2.579968e-02
400,layers.1.qkv_lut.log_select_temp,6.792645e-01,1.357269e-02,1.998145e-02
400,layers.1.v_lut.weights,4.699939e+00,4.395108e+00,9.351415e-01
400,layers.1.v_lut.log_soft_score_temp,7.075670e-01,1.099718e-02,1.554224e-02
400,layers.1.v_lut.log_select_temp,7.091408e-01,1.239592e-02,1.748019e-02
400,layers.1.out_proj.weights,6.209594e+00,5.893756e+00,9.491371e-01
400,layers.1.out_proj.log_soft_score_temp,7.185129e-01,2.013183e-02,2.801874e-02
400,layers.1.out_proj.log_select_temp,7.185853e-01,2.020097e-02,2.811214e-02
400,layers.1.residual_lut.weights,6.815068e+00,6.320826e+00,9.274781e-01
400,layers.1.residual_lut.log_soft_score_temp,7.047755e-01,1.013547e-02,1.438114e-02
400,layers.1.residual_lut.log_select_temp,7.077139e-01,1.266193e-02,1.789132e-02
400,layers.1.q_norm.weight,8.049386e+00,5.697668e-02,7.078388e-03
400,layers.1.q_norm.bias,3.539671e-02,2.872468e-02,8.115069e-01
400,layers.1.k_norm.weight,8.045310e+00,5.315861e-02,6.607403e-03
400,layers.1.k_norm.bias,5.648444e-02,4.603230e-02,8.149554e-01
400,layers.1.ln_e.weight,6.932053e+00,8.890138e-03,1.282468e-03
400,layers.1.ln_e.bias,4.734246e-03,2.806143e-03,5.927329e-01
400,layers.2.qkv_lut.weights,4.900161e+00,4.525787e+00,9.235996e-01
400,layers.2.qkv_lut.log_soft_score_temp,6.873530e-01,5.309165e-03,7.724073e-03
400,layers.2.qkv_lut.log_select_temp,6.910324e-01,2.294898e-03,3.320970e-03
400,layers.2.v_lut.weights,4.077527e+00,3.893827e+00,9.549483e-01
400,layers.2.v_lut.log_soft_score_temp,7.023163e-01,7.170856e-03,1.021029e-02
400,layers.2.v_lut.log_select_temp,7.029562e-01,7.815003e-03,1.111734e-02
400,layers.2.out_proj.weights,4.954401e+00,4.708409e+00,9.503487e-01
400,layers.2.out_proj.log_soft_score_temp,7.016330e-01,7.890224e-03,1.124551e-02
400,layers.2.out_proj.log_select_temp,7.017300e-01,7.987976e-03,1.138326e-02
400,layers.2.residual_lut.weights,4.550514e+00,4.334751e+00,9.525848e-01
400,layers.2.residual_lut.log_soft_score_temp,6.756385e-01,1.186764e-02,1.756508e-02
400,layers.2.residual_lut.log_select_temp,6.769442e-01,1.047575e-02,1.547506e-02
400,layers.2.q_norm.weight,7.999043e+00,1.781749e-02,2.227452e-03
400,layers.2.q_norm.bias,1.584396e-02,1.252595e-02,7.905822e-01
400,layers.2.k_norm.weight,7.998112e+00,1.724206e-02,2.155767e-03
400,layers.2.k_norm.bias,2.821947e-02,2.177751e-02,7.717191e-01
400,layers.2.ln_e.weight,6.920480e+00,7.792031e-03,1.125938e-03
400,layers.2.ln_e.bias,4.950515e-03,3.281753e-03,6.629116e-01
400,layers.3.qkv_lut.weights,3.206489e+00,2.977175e+00,9.284843e-01
400,layers.3.qkv_lut.log_soft_score_temp,6.972798e-01,3.854930e-03,5.528527e-03
400,layers.3.qkv_lut.log_select_temp,6.983079e-01,4.957139e-03,7.098788e-03
400,layers.3.v_lut.weights,2.356531e+00,2.148345e+00,9.116556e-01
400,layers.3.v_lut.log_soft_score_temp,6.969724e-01,4.658878e-03,6.684451e-03
400,layers.3.v_lut.log_select_temp,6.967828e-01,4.537165e-03,6.511592e-03
400,layers.3.out_proj.weights,2.004495e+00,1.610584e+00,8.034864e-01
400,layers.3.out_proj.log_soft_score_temp,6.963785e-01,3.405094e-03,4.889718e-03
400,layers.3.out_proj.log_select_temp,6.964169e-01,3.439128e-03,4.938319e-03
400,layers.3.residual_lut.weights,1.446109e+00,1.103041e+00,7.627649e-01
400,layers.3.residual_lut.log_soft_score_temp,6.796542e-01,8.860946e-03,1.303743e-02
400,layers.3.residual_lut.log_select_temp,6.796052e-01,8.905292e-03,1.310363e-02
400,layers.3.q_norm.weight,8.002040e+00,1.732456e-02,2.165019e-03
400,layers.3.q_norm.bias,1.384724e-02,1.203910e-02,8.694226e-01
400,layers.3.k_norm.weight,8.001341e+00,1.881976e-02,2.352076e-03
400,layers.3.k_norm.bias,2.139245e-02,2.021195e-02,9.448171e-01
400,layers.3.ln_e.weight,6.918020e+00,1.793320e-02,2.592244e-03
400,layers.3.ln_e.bias,1.068649e-02,8.371310e-03,7.833543e-01
400,layers.4.qkv_lut.weights,1.685884e+00,1.461378e+00,8.668320e-01
400,layers.4.qkv_lut.log_soft_score_temp,7.021474e-01,6.342053e-03,9.032367e-03
400,layers.4.qkv_lut.log_select_temp,7.025340e-01,6.634414e-03,9.443549e-03
400,layers.4.v_lut.weights,1.377518e+00,1.076015e+00,7.811264e-01
400,layers.4.v_lut.log_soft_score_temp,7.005594e-01,5.160630e-03,7.366442e-03
400,layers.4.v_lut.log_select_temp,6.996406e-01,4.150271e-03,5.932005e-03
400,layers.4.out_proj.weights,2.015040e+00,1.494086e+00,7.414673e-01
400,layers.4.out_proj.log_soft_score_temp,6.897061e-01,4.692793e-03,6.804047e-03
400,layers.4.out_proj.log_select_temp,6.898345e-01,4.567683e-03,6.621418e-03
400,layers.4.residual_lut.weights,1.637628e+00,1.099231e+00,6.712336e-01
400,layers.4.residual_lut.log_soft_score_temp,6.760475e-01,1.137900e-02,1.683166e-02
400,layers.4.residual_lut.log_select_temp,6.754139e-01,1.184702e-02,1.754038e-02
400,layers.4.q_norm.weight,8.007737e+00,1.210304e-02,1.511418e-03
400,layers.4.q_norm.bias,1.317084e-02,1.387134e-02,1.053186e+00
400,layers.4.k_norm.weight,8.008756e+00,1.305914e-02,1.630608e-03
400,layers.4.k_norm.bias,1.364237e-02,1.261895e-02,9.249822e-01
400,layers.4.ln_e.weight,6.917275e+00,1.955017e-02,2.826282e-03
400,layers.4.ln_e.bias,1.186020e-02,9.488516e-03,8.000299e-01
400,layers.5.qkv_lut.weights,1.314953e+00,9.705836e-01,7.381130e-01
400,layers.5.qkv_lut.log_soft_score_temp,6.958297e-01,2.156496e-03,3.099172e-03
400,layers.5.qkv_lut.log_select_temp,6.949596e-01,1.517236e-03,2.183200e-03
400,layers.5.v_lut.weights,1.330784e+00,1.100501e+00,8.269568e-01
400,layers.5.v_lut.log_soft_score_temp,6.968126e-01,4.000664e-03,5.741377e-03
400,layers.5.v_lut.log_select_temp,6.960555e-01,3.614068e-03,5.192212e-03
400,layers.5.out_proj.weights,2.114437e+00,1.787828e+00,8.455337e-01
400,layers.5.out_proj.log_soft_score_temp,6.866692e-01,4.507840e-03,6.564791e-03
400,layers.5.out_proj.log_select_temp,6.867571e-01,4.408062e-03,6.418662e-03
400,layers.5.residual_lut.weights,1.767639e+00,1.414447e+00,8.001904e-01
400,layers.5.residual_lut.log_soft_score_temp,6.704969e-01,1.747674e-02,2.606535e-02
400,layers.5.residual_lut.log_select_temp,6.702694e-01,1.740032e-02,2.596020e-02
400,layers.5.q_norm.weight,7.999080e+00,4.047415e-03,5.059851e-04
400,layers.5.q_norm.bias,5.150053e-03,4.179673e-03,8.115787e-01
400,layers.5.k_norm.weight,7.999210e+00,3.938050e-03,4.923048e-04
400,layers.5.k_norm.bias,5.308865e-03,4.988966e-03,9.397425e-01
400,layers.5.ln_e.weight,6.915160e+00,1.579064e-02,2.283482e-03
400,layers.5.ln_e.bias,1.126747e-02,9.274781e-03,8.231470e-01
400,ln_final.weight,2.010311e+01,3.615465e-01,1.798461e-02
400,ln_final.bias,4.458435e-01,3.006638e-01,6.743708e-01
600,tok_emb_E.weight,7.247736e+01,2.789758e+00,3.849145e-02
600,unembedder.weight,1.218521e+02,3.013412e+01,2.473009e-01
600,layers.0.qkv_lut.weights,9.300893e+00,6.447999e+00,6.932666e-01
600,layers.0.qkv_lut.log_soft_score_temp,7.354154e-01,2.880144e-02,3.916350e-02
600,layers.0.qkv_lut.log_select_temp,7.350382e-01,2.859986e-02,3.890935e-02
600,layers.0.v_lut.weights,9.540709e+00,6.827922e+00,7.156620e-01
600,layers.0.v_lut.log_soft_score_temp,7.499220e-01,3.553987e-02,4.739142e-02
600,layers.0.v_lut.log_select_temp,7.497578e-01,3.544474e-02,4.727491e-02
600,layers.0.out_proj.weights,1.216416e+01,9.594717e+00,7.887692e-01
600,layers.0.out_proj.log_soft_score_temp,7.564149e-01,3.672361e-02,4.854956e-02
600,layers.0.out_proj.log_select_temp,7.565219e-01,3.678828e-02,4.862818e-02
600,layers.0.residual_lut.weights,1.543531e+01,1.075556e+01,6.968150e-01
600,layers.0.residual_lut.log_soft_score_temp,7.403494e-01,2.345574e-02,3.168199e-02
600,layers.0.residual_lut.log_select_temp,7.426261e-01,2.517456e-02,3.389937e-02
600,layers.0.q_norm.weight,8.247043e+00,1.643154e-01,1.992417e-02
600,layers.0.q_norm.bias,1.894218e-01,1.127836e-01,5.954098e-01
600,layers.0.k_norm.weight,8.241596e+00,1.612560e-01,1.956612e-02
600,layers.0.k_norm.bias,2.075910e-01,1.234400e-01,5.946310e-01
600,layers.0.ln_e.weight,6.957147e+00,2.017941e-02,2.900530e-03
600,layers.0.ln_e.bias,1.436255e-02,4.989125e-03,3.473704e-01
600,layers.1.qkv_lut.weights,9.453717e+00,7.247319e+00,7.666105e-01
600,layers.1.qkv_lut.log_soft_score_temp,6.429966e-01,3.103852e-02,4.827167e-02
600,layers.1.qkv_lut.log_select_temp,6.531368e-01,2.612776e-02,4.000350e-02
600,layers.1.v_lut.weights,9.142735e+00,7.273115e+00,7.955075e-01
600,layers.1.v_lut.log_soft_score_temp,7.237491e-01,1.618212e-02,2.235875e-02
600,layers.1.v_lut.log_select_temp,7.307866e-01,2.164578e-02,2.961984e-02
600,layers.1.out_proj.weights,1.224997e+01,9.984651e+00,8.150754e-01
600,layers.1.out_proj.log_soft_score_temp,7.519035e-01,3.339058e-02,4.440807e-02
600,layers.1.out_proj.log_select_temp,7.521983e-01,3.361303e-02,4.468639e-02
600,layers.1.residual_lut.weights,1.319986e+01,9.880608e+00,7.485386e-01
600,layers.1.residual_lut.log_soft_score_temp,7.137454e-01,8.969903e-03,1.256737e-02
600,layers.1.residual_lut.log_select_temp,7.240253e-01,1.631141e-02,2.252878e-02
600,layers.1.q_norm.weight,8.115344e+00,9.288068e-02,1.144507e-02
600,layers.1.q_norm.bias,7.917210e-02,4.510236e-02,5.696749e-01
600,layers.1.k_norm.weight,8.104956e+00,8.589222e-02,1.059749e-02
600,layers.1.k_norm.bias,1.269643e-01,7.390943e-02,5.821275e-01
600,layers.1.ln_e.weight,6.935228e+00,1.435804e-02,2.070305e-03
600,layers.1.ln_e.bias,6.711216e-03,2.497634e-03,3.721582e-01
600,layers.2.qkv_lut.weights,9.168673e+00,7.280213e+00,7.940313e-01
600,layers.2.qkv_lut.log_soft_score_temp,6.664280e-01,2.092499e-02,3.139872e-02
600,layers.2.qkv_lut.log_select_temp,6.763703e-01,1.466203e-02,2.167751e-02
600,layers.2.v_lut.weights,8.178273e+00,6.600630e+00,8.070933e-01
600,layers.2.v_lut.log_soft_score_temp,7.200896e-01,1.777327e-02,2.468203e-02
600,layers.2.v_lut.log_select_temp,7.223023e-01,1.934612e-02,2.678396e-02
600,layers.2.out_proj.weights,1.069876e+01,8.988942e+00,8.401857e-01
600,layers.2.out_proj.log_soft_score_temp,7.183627e-01,1.672965e-02,2.328859e-02
600,layers.2.out_proj.log_select_temp,7.189245e-01,1.719457e-02,2.391707e-02
600,layers.2.residual_lut.weights,1.010626e+01,8.570627e+00,8.480513e-01
600,layers.2.residual_lut.log_soft_score_temp,6.678219e-01,7.816613e-03,1.170464e-02
600,layers.2.residual_lut.log_select_temp,6.720837e-01,4.860520e-03,7.232017e-03
600,layers.2.q_norm.weight,8.000637e+00,2.649323e-02,3.311390e-03
600,layers.2.q_norm.bias,3.112118e-02,1.835119e-02,5.896688e-01
600,layers.2.k_norm.weight,7.999241e+00,2.477188e-02,3.096779e-03
600,layers.2.k_norm.bias,5.512511e-02,3.217239e-02,5.836250e-01
600,layers.2.ln_e.weight,6.916849e+00,8.757175e-03,1.266064e-03
600,layers.2.ln_e.bias,8.025226e-03,4.010950e-03,4.997927e-01
600,layers.3.qkv_lut.weights,6.695320e+00,5.633592e+00,8.414223e-01
600,layers.3.qkv_lut.log_soft_score_temp,7.014543e-01,4.174531e-03,5.951251e-03
600,layers.3.qkv_lut.log_select_temp,7.038057e-01,5.497813e-03,7.811550e-03
600,layers.3.v_lut.weights,4.831896e+00,3.874877e+00,8.019371e-01
600,layers.3.v_lut.log_soft_score_temp,7.018942e-01,4.921794e-03,7.012160e-03
600,layers.3.v_lut.log_select_temp,7.019737e-01,5.190849e-03,7.394650e-03
600,layers.3.out_proj.weights,4.541416e+00,3.609893e+00,7.948828e-01
600,layers.3.out_proj.log_soft_score_temp,7.011588e-01,4.780293e-03,6.817703e-03
600,layers.3.out_proj.log_select_temp,7.014404e-01,5.023539e-03,7.161748e-03
600,layers.3.residual_lut.weights,3.812379e+00,3.497358e+00,9.173689e-01
600,layers.3.residual_lut.log_soft_score_temp,6.733348e-01,6.319344e-03,9.385143e-03
600,layers.3.residual_lut.log_select_temp,6.727968e-01,6.808400e-03,1.011955e-02
600,layers.3.q_norm.weight,8.008830e+00,2.273570e-02,2.838829e-03
600,layers.3.q_norm.bias,2.670784e-02,1.874066e-02,7.016911e-01
600,layers.3.k_norm.weight,8.006379e+00,2.342063e-02,2.925246e-03
600,layers.3.k_norm.bias,4.260008e-02,2.727360e-02,6.402242e-01
600,layers.3.ln_e.weight,6.911732e+00,2.102879e-02,3.042478e-03
600,layers.3.ln_e.bias,2.080026e-02,1.049732e-02,5.046727e-01
600,layers.4.qkv_lut.weights,2.928351e+00,2.214802e+00,7.563306e-01
600,layers.4.qkv_lut.log_soft_score_temp,7.105213e-01,8.373916e-03,1.178559e-02
600,layers.4.qkv_lut.log_select_temp,7.101237e-01,7.589698e-03,1.068785e-02
600,layers.4.v_lut.weights,2.331676e+00,1.555927e+00,6.673000e-01
600,layers.4.v_lut.log_soft_score_temp,7.102346e-01,9.675264e-03,1.362263e-02
600,layers.4.v_lut.log_select_temp,7.085198e-01,8.879185e-03,1.253202e-02
600,layers.4.out_proj.weights,3.640142e+00,2.323973e+00,6.384291e-01
600,layers.4.out_proj.log_soft_score_temp,6.934265e-01,3.720343e-03,5.365159e-03
600,layers.4.out_proj.log_select_temp,6.962793e-01,6.444871e-03,9.256158e-03
600,layers.4.residual_lut.weights,2.248913e+00,1.549059e+00,6.888036e-01
600,layers.4.residual_lut.log_soft_score_temp,6.657811e-01,1.026636e-02,1.542003e-02
600,layers.4.residual_lut.log_select_temp,6.661454e-01,9.268463e-03,1.391357e-02
600,layers.4.q_norm.weight,8.017495e+00,1.606010e-02,2.003132e-03
600,layers.4.q_norm.bias,2.451830e-02,1.876765e-02,7.654550e-01
600,layers.4.k_norm.weight,8.017413e+00,1.836297e-02,2.290386e-03
600,layers.4.k_norm.bias,2.654833e-02,1.972332e-02,7.429212e-01
600,layers.4.ln_e.weight,6.909032e+00,2.509211e-02,3.631784e-03
600,layers.4.ln_e.bias,2.307789e-02,1.244279e-02,5.391651e-01
600,layers.5.qkv_lut.weights,1.874857e+00,1.175622e+00,6.270465e-01
600,layers.5.qkv_lut.log_soft_score_temp,7.039783e-01,8.148551e-03,1.157500e-02
600,layers.5.qkv_lut.log_select_temp,7.034220e-01,8.462369e-03,1.203029e-02
600,layers.5.v_lut.weights,2.085855e+00,1.267734e+00,6.077766e-01
600,layers.5.v_lut.log_soft_score_temp,7.064000e-01,9.587467e-03,1.357229e-02
600,layers.5.v_lut.log_select_temp,7.060776e-01,1.002204e-02,1.419397e-02
600,layers.5.out_proj.weights,3.561169e+00,2.010861e+00,5.646632e-01
600,layers.5.out_proj.log_soft_score_temp,6.893829e-01,2.713621e-03,3.936304e-03
600,layers.5.out_proj.log_select_temp,6.911330e-01,4.375875e-03,6.331452e-03
600,layers.5.residual_lut.weights,2.274338e+00,1.440578e+00,6.334056e-01
600,layers.5.residual_lut.log_soft_score_temp,6.561169e-01,1.438004e-02,2.191688e-02
600,layers.5.residual_lut.log_select_temp,6.568978e-01,1.337159e-02,2.035566e-02
600,layers.5.q_norm.weight,7.998873e+00,8.406338e-03,1.050940e-03
600,layers.5.q_norm.bias,1.041860e-02,8.878168e-03,8.521458e-01
600,layers.5.k_norm.weight,7.999278e+00,7.462082e-03,9.328445e-04
600,layers.5.k_norm.bias,7.236497e-03,6.886950e-03,9.516966e-01
600,layers.5.ln_e.weight,6.903129e+00,2.640549e-02,3.825149e-03
600,layers.5.ln_e.bias,2.085546e-02,1.072450e-02,5.142299e-01
600,ln_final.weight,2.059552e+01,4.980867e-01,2.418423e-02
600,ln_final.bias,6.702655e-01,2.255093e-01,3.364477e-01
800,tok_emb_E.weight,7.261438e+01,3.582976e+00,4.934251e-02
800,unembedder.weight,1.349676e+02,3.136490e+01,2.323884e-01
800,layers.0.qkv_lut.weights,1.436753e+01,8.761380e+00,6.098040e-01
800,layers.0.qkv_lut.log_soft_score_temp,7.778562e-01,4.244077e-02,5.456121e-02
800,layers.0.qkv_lut.log_select_temp,7.772045e-01,4.216635e-02,5.425387e-02
800,layers.0.v_lut.weights,1.455833e+01,8.987518e+00,6.173453e-01
800,layers.0.v_lut.log_soft_score_temp,8.021959e-01,5.227393e-02,6.516355e-02
800,layers.0.v_lut.log_select_temp,8.019958e-01,5.223799e-02,6.513499e-02
800,layers.0.out_proj.weights,1.900814e+01,1.314236e+01,6.914069e-01
800,layers.0.out_proj.log_soft_score_temp,8.056236e-01,4.920864e-02,6.108143e-02
800,layers.0.out_proj.log_select_temp,8.059459e-01,4.942393e-02,6.132413e-02
800,layers.0.residual_lut.weights,2.347178e+01,1.347061e+01,5.739067e-01
800,layers.0.residual_lut.log_soft_score_temp,7.655006e-01,2.515125e-02,3.285595e-02
800,layers.0.residual_lut.log_select_temp,7.714950e-01,2.886891e-02,3.741944e-02
800,layers.0.q_norm.weight,8.417944e+00,1.969112e-01,2.339185e-02
800,layers.0.q_norm.bias,3.216783e-01,1.333116e-01,4.144253e-01
800,layers.0.k_norm.weight,8.405847e+00,1.903946e-01,2.265026e-02
800,layers.0.k_norm.bias,3.507437e-01,1.456279e-01,4.151973e-01
800,layers.0.ln_e.weight,6.966959e+00,2.309676e-02,3.315184e-03
800,layers.0.ln_e.bias,1.913306e-02,5.359941e-03,2.801403e-01
800,layers.1.qkv_lut.weights,1.451031e+01,9.676005e+00,6.668365e-01
800,layers.1.qkv_lut.log_soft_score_temp,5.988439e-01,4.415274e-02,7.372996e-02
800,layers.1.qkv_lut.log_select_temp,6.157454e-01,3.739142e-02,6.072547e-02
800,layers.1.v_lut.weights,1.425046e+01,9.788428e+00,6.868850e-01
800,layers.1.v_lut.log_soft_score_temp,7.312768e-01,7.527709e-03,1.029393e-02
800,layers.1.v_lut.log_select_temp,7.522684e-01,2.148181e-02,2.855605e-02
800,layers.1.out_proj.weights,1.926415e+01,1.365330e+01,7.087413e-01
800,layers.1.out_proj.log_soft_score_temp,7.940534e-01,4.214990e-02,5.308195e-02
800,layers.1.out_proj.log_select_temp,7.951295e-01,4.293120e-02,5.399271e-02
800,layers.1.residual_lut.weights,2.066191e+01,1.294938e+01,6.267272e-01
800,layers.1.residual_lut.log_soft_score_temp,7.201496e-01,6.404221e-03,8.892903e-03
800,layers.1.residual_lut.log_select_temp,7.430488e-01,1.902354e-02,2.560200e-02
800,layers.1.q_norm.weight,8.187744e+00,1.127939e-01,1.377594e-02
800,layers.1.q_norm.bias,1.327609e-01,5.522865e-02,4.160009e-01
800,layers.1.k_norm.weight,8.171988e+00,1.067014e-01,1.305697e-02
800,layers.1.k_norm.bias,2.156595e-01,9.224606e-02,4.277393e-01
800,layers.1.ln_e.weight,6.937702e+00,1.906046e-02,2.747373e-03
800,layers.1.ln_e.bias,8.665927e-03,3.521511e-03,4.063628e-01
800,layers.2.qkv_lut.weights,1.418292e+01,9.848674e+00,6.944037e-01
800,layers.2.qkv_lut.log_soft_score_temp,6.335250e-01,3.290302e-02,5.193642e-02
800,layers.2.qkv_lut.log_select_temp,6.537423e-01,2.262801e-02,3.461304e-02
800,layers.2.v_lut.weights,1.295154e+01,8.956108e+00,6.915090e-01
800,layers.2.v_lut.log_soft_score_temp,7.447906e-01,2.470094e-02,3.316495e-02
800,layers.2.v_lut.log_select_temp,7.501125e-01,2.781022e-02,3.707473e-02
800,layers.2.out_proj.weights,1.732467e+01,1.260672e+01,7.276748e-01
800,layers.2.out_proj.log_soft_score_temp,7.414546e-01,2.309191e-02,3.114407e-02
800,layers.2.out_proj.log_select_temp,7.430235e-01,2.409899e-02,3.243369e-02
800,layers.2.residual_lut.weights,1.658465e+01,1.182626e+01,7.130843e-01
800,layers.2.residual_lut.log_soft_score_temp,6.611641e-01,6.657779e-03,1.006978e-02
800,layers.2.residual_lut.log_select_temp,6.691582e-01,2.925456e-03,4.371844e-03
800,layers.2.q_norm.weight,8.011179e+00,3.345159e-02,4.175614e-03
800,layers.2.q_norm.bias,5.335943e-02,2.422730e-02,4.540396e-01
800,layers.2.k_norm.weight,8.008511e+00,3.308696e-02,4.131474e-03
800,layers.2.k_norm.bias,8.971825e-02,3.887820e-02,4.333366e-01
800,layers.2.ln_e.weight,6.914868e+00,1.028347e-02,1.487154e-03
800,layers.2.ln_e.bias,1.134457e-02,5.737268e-03,5.057280e-01
800,layers.3.qkv_lut.weights,1.093291e+01,8.105968e+00,7.414283e-01
800,layers.3.qkv_lut.log_soft_score_temp,6.932744e-01,8.179963e-03,1.179903e-02
800,layers.3.qkv_lut.log_select_temp,6.992118e-01,4.593849e-03,6.570039e-03
800,layers.3.v_lut.weights,7.972848e+00,5.777054e+00,7.245910e-01
800,layers.3.v_lut.log_soft_score_temp,7.089680e-01,7.073820e-03,9.977629e-03
800,layers.3.v_lut.log_select_temp,7.087827e-01,6.808996e-03,9.606606e-03
800,layers.3.out_proj.weights,7.635312e+00,5.309776e+00,6.954236e-01
800,layers.3.out_proj.log_soft_score_temp,7.034068e-01,2.247989e-03,3.195860e-03
800,layers.3.out_proj.log_select_temp,7.040462e-01,2.605796e-03,3.701172e-03
800,layers.3.residual_lut.weights,6.373551e+00,4.831547e+00,7.580620e-01
800,layers.3.residual_lut.log_soft_score_temp,6.688841e-01,4.450738e-03,6.653976e-03
800,layers.3.residual_lut.log_select_temp,6.675228e-01,5.273938e-03,7.900761e-03
800,layers.3.q_norm.weight,8.017897e+00,2.610528e-02,3.255876e-03
800,layers.3.q_norm.bias,4.220719e-02,2.179850e-02,5.164640e-01
800,layers.3.k_norm.weight,8.015352e+00,2.631538e-02,3.283122e-03
800,layers.3.k_norm.bias,7.373156e-02,3.697161e-02,5.014354e-01
800,layers.3.ln_e.weight,6.906507e+00,2.133086e-02,3.088516e-03
800,layers.3.ln_e.bias,3.112618e-02,1.120402e-02,3.599549e-01
800,layers.4.qkv_lut.weights,4.441113e+00,3.093142e+00,6.964790e-01
800,layers.4.qkv_lut.log_soft_score_temp,7.189001e-01,8.378804e-03,1.165503e-02
800,layers.4.qkv_lut.log_select_temp,7.190376e-01,8.913875e-03,1.239695e-02
800,layers.4.v_lut.weights,3.370814e+00,1.955400e+00,5.800973e-01
800,layers.4.v_lut.log_soft_score_temp,7.148891e-01,4.654467e-03,6.510754e-03
800,layers.4.v_lut.log_select_temp,7.130474e-01,4.527628e-03,6.349688e-03
800,layers.4.out_proj.weights,5.291162e+00,2.716461e+00,5.133959e-01
800,layers.4.out_proj.log_soft_score_temp,6.977718e-01,4.345357e-03,6.227476e-03
800,layers.4.out_proj.log_select_temp,7.035139e-01,7.234514e-03,1.028340e-02
800,layers.4.residual_lut.weights,3.279592e+00,2.362225e+00,7.202803e-01
800,layers.4.residual_lut.log_soft_score_temp,6.565018e-01,9.279370e-03,1.413457e-02
800,layers.4.residual_lut.log_select_temp,6.581645e-01,7.980943e-03,1.212606e-02
800,layers.4.q_norm.weight,8.020545e+00,1.776298e-02,2.214685e-03
800,layers.4.q_norm.bias,3.381789e-02,1.640728e-02,4.851658e-01
800,layers.4.k_norm.weight,8.020189e+00,1.976820e-02,2.464804e-03
800,layers.4.k_norm.bias,3.612290e-02,2.021685e-02,5.596687e-01
800,layers.4.ln_e.weight,6.896106e+00,3.451095e-02,5.004411e-03
800,layers.4.ln_e.bias,3.605847e-02,1.736362e-02,4.815405e-01
800,layers.5.qkv_lut.weights,2.558003e+00,1.270078e+00,4.965118e-01
800,layers.5.qkv_lut.log_soft_score_temp,7.173600e-01,1.338166e-02,1.865404e-02
800,layers.5.qkv_lut.log_select_temp,7.179309e-01,1.450890e-02,2.020933e-02
800,layers.5.v_lut.weights,2.992126e+00,1.429256e+00,4.776724e-01
800,layers.5.v_lut.log_soft_score_temp,7.204579e-01,1.405787e-02,1.951242e-02
800,layers.5.v_lut.log_select_temp,7.218273e-01,1.574975e-02,2.181928e-02
800,layers.5.out_proj.weights,4.623591e+00,1.732572e+00,3.747242e-01
800,layers.5.out_proj.log_soft_score_temp,7.001123e-01,1.072949e-02,1.532539e-02
800,layers.5.out_proj.log_select_temp,7.068471e-01,1.571411e-02,2.223127e-02
800,layers.5.residual_lut.weights,2.718861e+00,1.538948e+00,5.660266e-01
800,layers.5.residual_lut.log_soft_score_temp,6.500909e-01,6.025970e-03,9.269426e-03
800,layers.5.residual_lut.log_select_temp,6.518968e-01,5.000949e-03,7.671381e-03
800,layers.5.q_norm.weight,7.998316e+00,1.117744e-02,1.397474e-03
800,layers.5.q_norm.bias,1.385810e-02,9.276489e-03,6.693912e-01
800,layers.5.k_norm.weight,7.999062e+00,1.067418e-02,1.334429e-03
800,layers.5.k_norm.bias,1.224287e-02,9.026559e-03,7.372908e-01
800,layers.5.ln_e.weight,6.890141e+00,3.217623e-02,4.669894e-03
800,layers.5.ln_e.bias,3.129029e-02,1.112322e-02,3.554847e-01
800,ln_final.weight,2.110479e+01,5.219144e-01,2.472967e-02
800,ln_final.bias,7.789865e-01,1.109803e-01,1.424676e-01
1000,tok_emb_E.weight,7.279272e+01,3.896344e+00,5.352656e-02
1000,unembedder.weight,1.481599e+02,3.046255e+01,2.056059e-01
1000,layers.0.qkv_lut.weights,1.920249e+01,1.007456e+01,5.246487e-01
1000,layers.0.qkv_lut.log_soft_score_temp,8.267130e-01,4.885679e-02,5.909765e-02
1000,layers.0.qkv_lut.log_select_temp,8.256142e-01,4.840970e-02,5.863477e-02
1000,layers.0.v_lut.weights,1.934062e+01,1.018592e+01,5.266596e-01
1000,layers.0.v_lut.log_soft_score_temp,8.607689e-01,5.857295e-02,6.804724e-02
1000,layers.0.v_lut.log_select_temp,8.605158e-01,5.852002e-02,6.800574e-02
1000,layers.0.out_proj.weights,2.549299e+01,1.493294e+01,5.857666e-01
1000,layers.0.out_proj.log_soft_score_temp,8.583596e-01,5.273604e-02,6.143817e-02
1000,layers.0.out_proj.log_select_temp,8.591906e-01,5.324477e-02,6.197084e-02
1000,layers.0.residual_lut.weights,3.066422e+01,1.438598e+01,4.691456e-01
1000,layers.0.residual_lut.log_soft_score_temp,7.833115e-01,1.781088e-02,2.273793e-02
1000,layers.0.residual_lut.log_select_temp,7.960963e-01,2.460134e-02,3.090247e-02
1000,layers.0.q_norm.weight,8.548049e+00,1.568427e-01,1.834836e-02
1000,layers.0.q_norm.bias,4.272918e-01,1.066547e-01,2.496063e-01
1000,layers.0.k_norm.weight,8.528074e+00,1.489846e-01,1.746990e-02
1000,layers.0.k_norm.bias,4.714675e-01,1.240983e-01,2.632170e-01
1000,layers.0.ln_e.weight,6.972410e+00,1.866005e-02,2.676270e-03
1000,layers.0.ln_e.bias,2.288780e-02,4.798285e-03,2.096438e-01
1000,layers.1.qkv_lut.weights,1.927059e+01,1.090686e+01,5.659848e-01
1000,layers.1.qkv_lut.log_soft_score_temp,5.518890e-01,4.695487e-02,8.508028e-02
1000,layers.1.qkv_lut.log_select_temp,5.779700e-01,3.777534e-02,6.535864e-02
1000,layers.1.v_lut.weights,1.895949e+01,1.099949e+01,5.801575e-01
1000,layers.1.v_lut.log_soft_score_temp,7.138396e-01,1.743722e-02,2.442736e-02
1000,layers.1.v_lut.log_select_temp,7.534295e-01,1.161098e-03,1.541084e-03
1000,layers.1.out_proj.weights,2.583312e+01,1.552094e+01,6.008156e-01
1000,layers.1.out_proj.log_soft_score_temp,8.297107e-01,3.565735e-02,4.297564e-02
1000,layers.1.out_proj.log_select_temp,8.341568e-01,3.902733e-02,4.678657e-02
1000,layers.1.residual_lut.weights,2.743918e+01,1.394921e+01,5.083683e-01
1000,layers.1.residual_lut.log_soft_score_temp,7.141150e-01,6.034672e-03,8.450561e-03
1000,layers.1.residual_lut.log_select_temp,7.545516e-01,1.150280e-02,1.524455e-02
1000,layers.1.q_norm.weight,8.237234e+00,8.701167e-02,1.056321e-02
1000,layers.1.q_norm.bias,1.785136e-01,4.682704e-02,2.623165e-01
1000,layers.1.k_norm.weight,8.216907e+00,8.269811e-02,1.006439e-02
1000,layers.1.k_norm.bias,2.974647e-01,8.492675e-02,2.855019e-01
1000,layers.1.ln_e.weight,6.934720e+00,1.990603e-02,2.870489e-03
1000,layers.1.ln_e.bias,9.726619e-03,4.140168e-03,4.256534e-01
1000,layers.2.qkv_lut.weights,1.889704e+01,1.105691e+01,5.851134e-01
1000,layers.2.qkv_lut.log_soft_score_temp,5.934948e-01,4.003018e-02,6.744825e-02
1000,layers.2.qkv_lut.log_select_temp,6.244003e-01,2.934206e-02,4.699238e-02
1000,layers.2.v_lut.weights,1.749090e+01,1.017912e+01,5.819667e-01
1000,layers.2.v_lut.log_soft_score_temp,7.657796e-01,2.098900e-02,2.740867e-02
1000,layers.2.v_lut.log_select_temp,7.767407e-01,2.662820e-02,3.428196e-02
1000,layers.2.out_proj.weights,2.363736e+01,1.457333e+01,6.165377e-01
1000,layers.2.out_proj.log_soft_score_temp,7.625251e-01,2.107054e-02,2.763258e-02
1000,layers.2.out_proj.log_select_temp,7.667319e-01,2.370840e-02,3.092137e-02
1000,layers.2.residual_lut.weights,2.304839e+01,1.367953e+01,5.935138e-01
1000,layers.2.residual_lut.log_soft_score_temp,6.556240e-01,5.540073e-03,8.450076e-03
1000,layers.2.residual_lut.log_select_temp,6.687459e-01,4.123449e-04,6.165944e-04
1000,layers.2.q_norm.weight,8.014988e+00,3.545220e-02,4.423238e-03
1000,layers.2.q_norm.bias,7.635833e-02,2.593571e-02,3.396579e-01
1000,layers.2.k_norm.weight,8.011055e+00,3.497784e-02,4.366196e-03
1000,layers.2.k_norm.bias,1.230477e-01,4.019569e-02,3.266675e-01
1000,layers.2.ln_e.weight,6.912626e+00,1.221906e-02,1.767644e-03
1000,layers.2.ln_e.bias,1.319849e-02,4.184083e-03,3.170124e-01
1000,layers.3.qkv_lut.weights,1.540841e+01,9.978332e+00,6.475899e-01
1000,layers.3.qkv_lut.log_soft_score_temp,6.834663e-01,9.808064e-03,1.435047e-02
1000,layers.3.qkv_lut.log_select_temp,6.940584e-01,5.153418e-03,7.425049e-03
1000,layers.3.v_lut.weights,1.148611e+01,7.355851e+00,6.404127e-01
1000,layers.3.v_lut.log_soft_score_temp,7.155949e-01,6.626964e-03,9.260775e-03
1000,layers.3.v_lut.log_select_temp,7.153326e-01,6.549954e-03,9.156516e-03
1000,layers.3.out_proj.weights,1.115916e+01,7.230214e+00,6.479174e-01
1000,layers.3.out_proj.log_soft_score_temp,7.057342e-01,2.327442e-03,3.297902e-03
1000,layers.3.out_proj.log_select_temp,7.064506e-01,2.404451e-03,3.403566e-03
1000,layers.3.residual_lut.weights,9.087317e+00,6.211682e+00,6.835552e-01
1000,layers.3.residual_lut.log_soft_score_temp,6.673850e-01,1.499116e-03,2.246254e-03
1000,layers.3.residual_lut.log_select_temp,6.657834e-01,1.739442e-03,2.612625e-03
1000,layers.3.q_norm.weight,8.020543e+00,3.188640e-02,3.975591e-03
1000,layers.3.q_norm.bias,5.747731e-02,2.178613e-02,3.790388e-01
1000,layers.3.k_norm.weight,8.019104e+00,3.103975e-02,3.870726e-03
1000,layers.3.k_norm.bias,9.458631e-02,3.237239e-02,3.422524e-01
1000,layers.3.ln_e.weight,6.905123e+00,1.737798e-02,2.516679e-03
1000,layers.3.ln_e.bias,4.292635e-02,1.365950e-02,3.182079e-01
1000,layers.4.qkv_lut.weights,5.691502e+00,3.118132e+00,5.478575e-01
1000,layers.4.qkv_lut.log_soft_score_temp,7.225124e-01,3.612280e-03,4.999609e-03
1000,layers.4.qkv_lut.log_select_temp,7.232216e-01,4.184008e-03,5.785236e-03
1000,layers.4.v_lut.weights,4.256526e+00,2.014554e+00,4.732858e-01
1000,layers.4.v_lut.log_soft_score_temp,7.204286e-01,5.539477e-03,7.689141e-03
1000,layers.4.v_lut.log_select_temp,7.188276e-01,5.780220e-03,8.041177e-03
1000,layers.4.out_proj.weights,6.137385e+00,2.186307e+00,3.562278e-01
1000,layers.4.out_proj.log_soft_score_temp,7.068959e-01,9.124041e-03,1.290719e-02
1000,layers.4.out_proj.log_select_temp,7.129555e-01,9.441614e-03,1.324292e-02
1000,layers.4.residual_lut.weights,3.686512e+00,1.656719e+00,4.494002e-01
1000,layers.4.residual_lut.log_soft_score_temp,6.551461e-01,1.355648e-03,2.069230e-03
1000,layers.4.residual_lut.log_select_temp,6.570352e-01,1.129270e-03,1.718735e-03
1000,layers.4.q_norm.weight,8.010627e+00,2.156450e-02,2.691987e-03
1000,layers.4.q_norm.bias,3.909159e-02,1.961078e-02,5.016623e-01
1000,layers.4.k_norm.weight,8.009336e+00,2.588079e-02,3.231328e-03
1000,layers.4.k_norm.bias,4.132134e-02,2.463637e-02,5.962144e-01
1000,layers.4.ln_e.weight,6.888743e+00,2.950478e-02,4.283042e-03
1000,layers.4.ln_e.bias,4.872546e-02,1.454160e-02,2.984394e-01
1000,layers.5.qkv_lut.weights,3.005135e+00,8.987726e-01,2.990790e-01
1000,layers.5.qkv_lut.log_soft_score_temp,7.313912e-01,1.403123e-02,1.918430e-02
1000,layers.5.qkv_lut.log_select_temp,7.326053e-01,1.467443e-02,2.003046e-02
1000,layers.5.v_lut.weights,3.652932e+00,1.062851e+00,2.909583e-01
1000,layers.5.v_lut.log_soft_score_temp,7.378500e-01,1.739204e-02,2.357124e-02
1000,layers.5.v_lut.log_select_temp,7.417193e-01,1.989198e-02,2.681874e-02
1000,layers.5.out_proj.weights,5.088200e+00,1.063150e+00,2.089442e-01
1000,layers.5.out_proj.log_soft_score_temp,7.143266e-01,1.421428e-02,1.989885e-02
1000,layers.5.out_proj.log_select_temp,7.245259e-01,1.767886e-02,2.440059e-02
1000,layers.5.residual_lut.weights,2.921462e+00,1.166498e+00,3.992857e-01
1000,layers.5.residual_lut.log_soft_score_temp,6.481857e-01,1.905262e-03,2.939378e-03
1000,layers.5.residual_lut.log_select_temp,6.505396e-01,1.357198e-03,2.086265e-03
1000,layers.5.q_norm.weight,7.996127e+00,9.912969e-03,1.239721e-03
1000,layers.5.q_norm.bias,1.468360e-02,7.105098e-03,4.838797e-01
1000,layers.5.k_norm.weight,7.996878e+00,9.121787e-03,1.140668e-03
1000,layers.5.k_norm.bias,1.256745e-02,6.585664e-03,5.240253e-01
1000,layers.5.ln_e.weight,6.880804e+00,2.532709e-02,3.680833e-03
1000,layers.5.ln_e.bias,3.883800e-02,8.541388e-03,2.199235e-01
1000,ln_final.weight,2.161338e+01,5.228102e-01,2.418919e-02
1000,ln_final.bias,8.362502e-01,6.203503e-02,7.418238e-02
1200,tok_emb_E.weight,7.297211e+01,3.782007e+00,5.182811e-02
1200,unembedder.weight,1.593916e+02,2.776633e+01,1.742020e-01
1200,layers.0.qkv_lut.weights,2.306589e+01,1.011190e+01,4.383921e-01
1200,layers.0.qkv_lut.log_soft_score_temp,8.758349e-01,4.912198e-02,5.608588e-02
1200,layers.0.qkv_lut.log_select_temp,8.745572e-01,4.894298e-02,5.596316e-02
1200,layers.0.v_lut.weights,2.317278e+01,1.015515e+01,4.382361e-01
1200,layers.0.v_lut.log_soft_score_temp,9.183361e-01,5.756724e-02,6.268646e-02
1200,layers.0.v_lut.log_select_temp,9.180483e-01,5.753243e-02,6.266820e-02
1200,layers.0.out_proj.weights,3.072112e+01,1.489755e+01,4.849287e-01
1200,layers.0.out_proj.log_soft_score_temp,9.074236e-01,4.906398e-02,5.406954e-02
1200,layers.0.out_proj.log_select_temp,9.093068e-01,5.011612e-02,5.511465e-02
1200,layers.0.residual_lut.weights,3.641712e+01,1.389364e+01,3.815141e-01
1200,layers.0.residual_lut.log_soft_score_temp,7.942452e-01,1.093370e-02,1.376615e-02
1200,layers.0.residual_lut.log_select_temp,8.169112e-01,2.081490e-02,2.548000e-02
1200,layers.0.q_norm.weight,8.639597e+00,1.142548e-01,1.322455e-02
1200,layers.0.q_norm.bias,5.045193e-01,7.828980e-02,1.551770e-01
1200,layers.0.k_norm.weight,8.613544e+00,1.080662e-01,1.254608e-02
1200,layers.0.k_norm.bias,5.584821e-01,9.068113e-02,1.623707e-01
1200,layers.0.ln_e.weight,6.974372e+00,1.747079e-02,2.504999e-03
1200,layers.0.ln_e.bias,2.600519e-02,5.105230e-03,1.963158e-01
1200,layers.1.qkv_lut.weights,2.308342e+01,1.089536e+01,4.719994e-01
1200,layers.1.qkv_lut.log_soft_score_temp,5.096823e-01,4.220670e-02,8.280983e-02
1200,layers.1.qkv_lut.log_select_temp,5.476315e-01,3.033853e-02,5.539953e-02
1200,layers.1.v_lut.weights,2.269775e+01,1.094566e+01,4.822353e-01
1200,layers.1.v_lut.log_soft_score_temp,6.842323e-01,2.960730e-02,4.327083e-02
1200,layers.1.v_lut.log_select_temp,7.423376e-01,1.109189e-02,1.494184e-02
1200,layers.1.out_proj.weights,3.110048e+01,1.548963e+01,4.980513e-01
1200,layers.1.out_proj.log_soft_score_temp,8.454139e-01,1.570320e-02,1.857457e-02
1200,layers.1.out_proj.log_select_temp,8.584136e-01,2.425677e-02,2.825767e-02
1200,layers.1.residual_lut.weights,3.295512e+01,1.351538e+01,4.101147e-01
1200,layers.1.residual_lut.log_soft_score_temp,7.019170e-01,1.219797e-02,1.737808e-02
1200,layers.1.residual_lut.log_select_temp,7.615314e-01,6.979704e-03,9.165353e-03
1200,layers.1.q_norm.weight,8.273027e+00,6.759756e-02,8.170837e-03
1200,layers.1.q_norm.bias,2.125276e-01,3.578942e-02,1.683990e-01
1200,layers.1.k_norm.weight,8.249569e+00,6.468531e-02,7.841054e-03
1200,layers.1.k_norm.bias,3.645703e-01,6.930672e-02,1.901052e-01
1200,layers.1.ln_e.weight,6.930330e+00,2.059977e-02,2.972408e-03
1200,layers.1.ln_e.bias,1.165824e-02,4.719235e-03,4.047981e-01
1200,layers.2.qkv_lut.weights,2.265355e+01,1.097016e+01,4.842576e-01
1200,layers.2.qkv_lut.log_soft_score_temp,5.564921e-01,3.700268e-02,6.649274e-02
1200,layers.2.qkv_lut.log_select_temp,5.991430e-01,2.525729e-02,4.215570e-02
1200,layers.2.v_lut.weights,2.126447e+01,1.016002e+01,4.777933e-01
1200,layers.2.v_lut.log_soft_score_temp,7.823966e-01,1.661700e-02,2.123859e-02
1200,layers.2.v_lut.log_select_temp,7.994704e-01,2.272969e-02,2.843094e-02
1200,layers.2.out_proj.weights,2.878750e+01,1.478633e+01,5.136373e-01
1200,layers.2.out_proj.log_soft_score_temp,7.752340e-01,1.270884e-02,1.639356e-02
1200,layers.2.out_proj.log_select_temp,7.839533e-01,1.722139e-02,2.196737e-02
1200,layers.2.residual_lut.weights,2.841103e+01,1.348067e+01,4.744872e-01
1200,layers.2.residual_lut.log_soft_score_temp,6.514159e-01,4.208088e-03,6.459909e-03
1200,layers.2.residual_lut.log_select_temp,6.707762e-01,2.030373e-03,3.026900e-03
1200,layers.2.q_norm.weight,8.016033e+00,2.219517e-02,2.768847e-03
1200,layers.2.q_norm.bias,9.205107e-02,1.964995e-02,2.134679e-01
1200,layers.2.k_norm.weight,8.011456e+00,2.308851e-02,2.881938e-03
1200,layers.2.k_norm.bias,1.500023e-01,3.146217e-02,2.097447e-01
1200,layers.2.ln_e.weight,6.911680e+00,1.233750e-02,1.785022e-03
1200,layers.2.ln_e.bias,1.594238e-02,4.419865e-03,2.772399e-01
1200,layers.3.qkv_lut.weights,1.904815e+01,1.022768e+01,5.369384e-01
1200,layers.3.qkv_lut.log_soft_score_temp,6.754673e-01,7.999003e-03,1.184218e-02
1200,layers.3.qkv_lut.log_select_temp,6.900712e-01,3.987253e-03,5.778031e-03
1200,layers.3.v_lut.weights,1.444272e+01,7.738472e+00,5.358044e-01
1200,layers.3.v_lut.log_soft_score_temp,7.185675e-01,2.972543e-03,4.136763e-03
1200,layers.3.v_lut.log_select_temp,7.194575e-01,4.124880e-03,5.733320e-03
1200,layers.3.out_proj.weights,1.414891e+01,7.596363e+00,5.368868e-01
1200,layers.3.out_proj.log_soft_score_temp,7.051208e-01,6.133914e-04,8.699097e-04
1200,layers.3.out_proj.log_select_temp,7.063962e-01,5.441904e-05,7.703756e-05
1200,layers.3.residual_lut.weights,1.138667e+01,6.457870e+00,5.671432e-01
1200,layers.3.residual_lut.log_soft_score_temp,6.640264e-01,3.358603e-03,5.057935e-03
1200,layers.3.residual_lut.log_select_temp,6.626070e-01,3.176451e-03,4.793869e-03
1200,layers.3.q_norm.weight,8.029693e+00,2.762999e-02,3.440978e-03
1200,layers.3.q_norm.bias,7.026756e-02,1.990955e-02,2.833392e-01
1200,layers.3.k_norm.weight,8.029382e+00,3.211267e-02,3.999395e-03
1200,layers.3.k_norm.bias,1.258808e-01,4.408846e-02,3.502398e-01
1200,layers.3.ln_e.weight,6.902484e+00,1.175723e-02,1.703333e-03
1200,layers.3.ln_e.bias,4.808002e-02,7.146792e-03,1.486437e-01
1200,layers.4.qkv_lut.weights,6.821528e+00,3.448228e+00,5.054921e-01
1200,layers.4.qkv_lut.log_soft_score_temp,7.284057e-01,5.893290e-03,8.090670e-03
1200,layers.4.qkv_lut.log_select_temp,7.295148e-01,6.293237e-03,8.626606e-03
1200,layers.4.v_lut.weights,5.101622e+00,2.085758e+00,4.088421e-01
1200,layers.4.v_lut.log_soft_score_temp,7.248499e-01,4.421294e-03,6.099599e-03
1200,layers.4.v_lut.log_select_temp,7.223112e-01,3.483593e-03,4.822843e-03
1200,layers.4.out_proj.weights,6.798880e+00,2.187464e+00,3.217388e-01
1200,layers.4.out_proj.log_soft_score_temp,7.107120e-01,3.816068e-03,5.369360e-03
1200,layers.4.out_proj.log_select_temp,7.175179e-01,4.562438e-03,6.358639e-03
1200,layers.4.residual_lut.weights,4.172728e+00,1.940126e+00,4.649538e-01
1200,layers.4.residual_lut.log_soft_score_temp,6.549677e-01,1.784563e-04,2.724658e-04
1200,layers.4.residual_lut.log_select_temp,6.566873e-01,3.479719e-04,5.298899e-04
1200,layers.4.q_norm.weight,8.009946e+00,2.987824e-02,3.730143e-03
1200,layers.4.q_norm.bias,5.134473e-02,3.106620e-02,6.050514e-01
1200,layers.4.k_norm.weight,8.011922e+00,2.330950e-02,2.909352e-03
1200,layers.4.k_norm.bias,3.869804e-02,2.196802e-02,5.676779e-01
1200,layers.4.ln_e.weight,6.882486e+00,2.377542e-02,3.454481e-03
1200,layers.4.ln_e.bias,5.717178e-02,9.434700e-03,1.650237e-01
1200,layers.5.qkv_lut.weights,3.293447e+00,6.760128e-01,2.052599e-01
1200,layers.5.qkv_lut.log_soft_score_temp,7.419637e-01,1.057255e-02,1.424942e-02
1200,layers.5.qkv_lut.log_select_temp,7.442623e-01,1.165694e-02,1.566241e-02
1200,layers.5.v_lut.weights,4.090651e+00,8.352129e-01,2.041761e-01
1200,layers.5.v_lut.log_soft_score_temp,7.486838e-01,1.083386e-02,1.447054e-02
1200,layers.5.v_lut.log_select_temp,7.542018e-01,1.248252e-02,1.655064e-02
1200,layers.5.out_proj.weights,5.496870e+00,9.272217e-01,1.686818e-01
1200,layers.5.out_proj.log_soft_score_temp,7.312277e-01,1.690108e-02,2.311329e-02
1200,layers.5.out_proj.log_select_temp,7.439604e-01,1.943451e-02,2.612304e-02
1200,layers.5.residual_lut.weights,3.074833e+00,9.923216e-01,3.227238e-01
1200,layers.5.residual_lut.log_soft_score_temp,6.462945e-01,1.891136e-03,2.926121e-03
1200,layers.5.residual_lut.log_select_temp,6.479883e-01,2.551317e-03,3.937289e-03
1200,layers.5.q_norm.weight,7.996287e+00,4.821534e-03,6.029716e-04
1200,layers.5.q_norm.bias,1.515850e-02,4.479515e-03,2.955117e-01
1200,layers.5.k_norm.weight,7.997069e+00,5.036288e-03,6.297667e-04
1200,layers.5.k_norm.bias,1.383256e-02,4.102229e-03,2.965632e-01
1200,layers.5.ln_e.weight,6.873181e+00,2.109769e-02,3.069567e-03
1200,layers.5.ln_e.bias,4.428669e-02,6.829184e-03,1.542040e-01
1200,ln_final.weight,2.212606e+01,5.229234e-01,2.363382e-02
1200,ln_final.bias,8.765415e-01,4.917320e-02,5.609912e-02
1400,tok_emb_E.weight,7.315260e+01,3.705009e+00,5.064768e-02
1400,unembedder.weight,1.689235e+02,2.570203e+01,1.521519e-01
1400,layers.0.qkv_lut.weights,2.630888e+01,1.011800e+01,3.845849e-01
1400,layers.0.qkv_lut.log_soft_score_temp,9.218746e-01,4.603964e-02,4.994133e-02
1400,layers.0.qkv_lut.log_select_temp,9.203004e-01,4.574323e-02,4.970467e-02
1400,layers.0.v_lut.weights,2.637121e+01,1.008687e+01,3.824957e-01
1400,layers.0.v_lut.log_soft_score_temp,9.754375e-01,5.710137e-02,5.853924e-02
1400,layers.0.v_lut.log_select_temp,9.750966e-01,5.704838e-02,5.850536e-02
1400,layers.0.out_proj.weights,3.516206e+01,1.476383e+01,4.198795e-01
1400,layers.0.out_proj.log_soft_score_temp,9.440718e-01,3.664815e-02,3.881925e-02
1400,layers.0.out_proj.log_select_temp,9.495947e-01,4.028797e-02,4.242649e-02
1400,layers.0.residual_lut.weights,4.110469e+01,1.324903e+01,3.223239e-01
1400,layers.0.residual_lut.log_soft_score_temp,8.014657e-01,7.220566e-03,9.009201e-03
1400,layers.0.residual_lut.log_select_temp,8.327142e-01,1.580298e-02,1.897768e-02
1400,layers.0.q_norm.weight,8.709103e+00,8.377629e-02,9.619394e-03
1400,layers.0.q_norm.bias,5.622908e-01,5.948991e-02,1.057992e-01
1400,layers.0.k_norm.weight,8.677850e+00,7.956354e-02,9.168578e-03
1400,layers.0.k_norm.bias,6.275481e-01,7.308915e-02,1.164678e-01
1400,layers.0.ln_e.weight,6.974626e+00,1.375484e-02,1.972126e-03
1400,layers.0.ln_e.bias,2.856389e-02,4.357310e-03,1.525461e-01
1400,layers.1.qkv_lut.weights,2.629499e+01,1.070067e+01,4.069469e-01
1400,layers.1.qkv_lut.log_soft_score_temp,4.730611e-01,3.662121e-02,7.741329e-02
1400,layers.1.qkv_lut.log_select_temp,5.241206e-01,2.351087e-02,4.485775e-02
1400,layers.1.v_lut.weights,2.588366e+01,1.079643e+01,4.171136e-01
1400,layers.1.v_lut.log_soft_score_temp,6.566415e-01,2.759081e-02,4.201808e-02
1400,layers.1.v_lut.log_select_temp,7.343115e-01,8.026123e-03,1.093013e-02
1400,layers.1.out_proj.weights,3.561554e+01,1.541092e+01,4.327022e-01
1400,layers.1.out_proj.log_soft_score_temp,8.487077e-01,3.293812e-03,3.880974e-03
1400,layers.1.out_proj.log_select_temp,8.714674e-01,1.305377e-02,1.497908e-02
1400,layers.1.residual_lut.weights,3.747928e+01,1.287209e+01,3.434454e-01
1400,layers.1.residual_lut.log_soft_score_temp,6.916677e-01,1.024926e-02,1.481818e-02
1400,layers.1.residual_lut.log_select_temp,7.666972e-01,5.165875e-03,6.737829e-03
1400,layers.1.q_norm.weight,8.297778e+00,4.947185e-02,5.962060e-03
1400,layers.1.q_norm.bias,2.406888e-01,2.997150e-02,1.245239e-01
1400,layers.1.k_norm.weight,8.271574e+00,4.714743e-02,5.699935e-03
1400,layers.1.k_norm.bias,4.153126e-01,5.630778e-02,1.355793e-01
1400,layers.1.ln_e.weight,6.924893e+00,2.110212e-02,3.047284e-03
1400,layers.1.ln_e.bias,1.338610e-02,4.440287e-03,3.317087e-01
1400,layers.2.qkv_lut.weights,2.589851e+01,1.083996e+01,4.185551e-01
1400,layers.2.qkv_lut.log_soft_score_temp,5.208838e-01,3.560829e-02,6.836130e-02
1400,layers.2.qkv_lut.log_select_temp,5.770737e-01,2.206928e-02,3.824343e-02
1400,layers.2.v_lut.weights,2.445286e+01,1.006738e+01,4.117056e-01
1400,layers.2.v_lut.log_soft_score_temp,7.908958e-01,8.499265e-03,1.074638e-02
1400,layers.2.v_lut.log_select_temp,8.170683e-01,1.759791e-02,2.153787e-02
1400,layers.2.out_proj.weights,3.325374e+01,1.484425e+01,4.463936e-01
1400,layers.2.out_proj.log_soft_score_temp,7.843186e-01,9.084582e-03,1.158277e-02
1400,layers.2.out_proj.log_select_temp,7.982070e-01,1.425368e-02,1.785712e-02
1400,layers.2.residual_lut.weights,3.304193e+01,1.327831e+01,4.018622e-01
1400,layers.2.residual_lut.log_soft_score_temp,6.482168e-01,3.199100e-03,4.935232e-03
1400,layers.2.residual_lut.log_select_temp,6.736932e-01,2.916932e-03,4.329763e-03
1400,layers.2.q_norm.weight,8.021667e+00,2.332013e-02,2.907143e-03
1400,layers.2.q_norm.bias,1.116053e-01,2.241068e-02,2.008030e-01
1400,layers.2.k_norm.weight,8.016297e+00,2.512223e-02,3.133895e-03
1400,layers.2.k_norm.bias,1.728673e-01,2.932964e-02,1.696656e-01
1400,layers.2.ln_e.weight,6.910262e+00,1.433162e-02,2.073962e-03
1400,layers.2.ln_e.bias,1.808183e-02,5.331752e-03,2.948679e-01
1400,layers.3.qkv_lut.weights,2.225321e+01,1.051205e+01,4.723835e-01
1400,layers.3.qkv_lut.log_soft_score_temp,6.629669e-01,1.250041e-02,1.885525e-02
1400,layers.3.qkv_lut.log_select_temp,6.833529e-01,6.718278e-03,9.831345e-03
1400,layers.3.v_lut.weights,1.714068e+01,8.185606e+00,4.775544e-01
1400,layers.3.v_lut.log_soft_score_temp,7.246175e-01,6.049991e-03,8.349220e-03
1400,layers.3.v_lut.log_select_temp,7.254897e-01,6.032169e-03,8.314617e-03
1400,layers.3.out_proj.weights,1.687501e+01,8.255407e+00,4.892090e-01
1400,layers.3.out_proj.log_soft_score_temp,7.050141e-01,1.066923e-04,1.513336e-04
1400,layers.3.out_proj.log_select_temp,7.068352e-01,4.389882e-04,6.210616e-04
1400,layers.3.residual_lut.weights,1.348867e+01,6.758362e+00,5.010398e-01
1400,layers.3.residual_lut.log_soft_score_temp,6.616749e-01,2.351463e-03,3.553804e-03
1400,layers.3.residual_lut.log_select_temp,6.614957e-01,1.111269e-03,1.679934e-03
1400,layers.3.q_norm.weight,8.037394e+00,2.097587e-02,2.609785e-03
1400,layers.3.q_norm.bias,7.563942e-02,1.520837e-02,2.010641e-01
1400,layers.3.k_norm.weight,8.036932e+00,2.229738e-02,2.774365e-03
1400,layers.3.k_norm.bias,1.320987e-01,2.527655e-02,1.913459e-01
1400,layers.3.ln_e.weight,6.900621e+00,1.034339e-02,1.498907e-03
1400,layers.3.ln_e.bias,5.148815e-02,6.538934e-03,1.269988e-01
1400,layers.4.qkv_lut.weights,7.664402e+00,2.934861e+00,3.829211e-01
1400,layers.4.qkv_lut.log_soft_score_temp,7.309274e-01,2.521694e-03,3.449992e-03
1400,layers.4.qkv_lut.log_select_temp,7.302182e-01,7.033348e-04,9.631845e-04
1400,layers.4.v_lut.weights,5.815848e+00,1.952724e+00,3.357592e-01
1400,layers.4.v_lut.log_soft_score_temp,7.281817e-01,3.331840e-03,4.575561e-03
1400,layers.4.v_lut.log_select_temp,7.252986e-01,2.987385e-03,4.118834e-03
1400,layers.4.out_proj.weights,7.263789e+00,1.919788e+00,2.642956e-01
1400,layers.4.out_proj.log_soft_score_temp,7.149798e-01,4.267871e-03,5.969219e-03
1400,layers.4.out_proj.log_select_temp,7.220724e-01,4.554451e-03,6.307471e-03
1400,layers.4.residual_lut.weights,4.456214e+00,1.604659e+00,3.600946e-01
1400,layers.4.residual_lut.log_soft_score_temp,6.552431e-01,2.754331e-04,4.203525e-04
1400,layers.4.residual_lut.log_select_temp,6.567845e-01,9.727478e-05,1.481076e-04
1400,layers.4.q_norm.weight,8.011482e+00,2.765559e-02,3.451994e-03
1400,layers.4.q_norm.bias,6.650530e-02,2.427798e-02,3.650533e-01
1400,layers.4.k_norm.weight,8.013490e+00,2.532694e-02,3.160538e-03
1400,layers.4.k_norm.bias,4.623473e-02,1.681467e-02,3.636805e-01
1400,layers.4.ln_e.weight,6.876044e+00,1.948627e-02,2.833936e-03
1400,layers.4.ln_e.bias,6.021808e-02,6.211367e-03,1.031479e-01
1400,layers.5.qkv_lut.weights,3.495692e+00,4.171661e-01,1.193372e-01
1400,layers.5.qkv_lut.log_soft_score_temp,7.511831e-01,9.219348e-03,1.227310e-02
1400,layers.5.qkv_lut.log_select_temp,7.536547e-01,9.392440e-03,1.246252e-02
1400,layers.5.v_lut.weights,4.391819e+00,5.496027e-01,1.251424e-01
1400,layers.5.v_lut.log_soft_score_temp,7.602769e-01,1.159304e-02,1.524845e-02
1400,layers.5.v_lut.log_select_temp,7.663347e-01,1.213288e-02,1.583235e-02
1400,layers.5.out_proj.weights,5.670156e+00,5.812352e-01,1.025078e-01
1400,layers.5.out_proj.log_soft_score_temp,7.466681e-01,1.544040e-02,2.067907e-02
1400,layers.5.out_proj.log_select_temp,7.638174e-01,1.985693e-02,2.599696e-02
1400,layers.5.residual_lut.weights,3.150800e+00,7.499879e-01,2.380309e-01
1400,layers.5.residual_lut.log_soft_score_temp,6.459417e-01,3.527999e-04,5.461791e-04
1400,layers.5.residual_lut.log_select_temp,6.470047e-01,9.836555e-04,1.520322e-03
1400,layers.5.q_norm.weight,7.993367e+00,4.901010e-03,6.131346e-04
1400,layers.5.q_norm.bias,1.431675e-02,3.725455e-03,2.602165e-01
1400,layers.5.k_norm.weight,7.994098e+00,4.866681e-03,6.087842e-04
1400,layers.5.k_norm.bias,1.274246e-02,3.977229e-03,3.121241e-01
1400,layers.5.ln_e.weight,6.866701e+00,2.248151e-02,3.273990e-03
1400,layers.5.ln_e.bias,4.759503e-02,4.830173e-03,1.014848e-01
1400,ln_final.weight,2.260136e+01,4.896217e-01,2.166338e-02
1400,ln_final.bias,8.940044e-01,3.280418e-02,3.669353e-02
1600,tok_emb_E.weight,7.332407e+01,3.617070e+00,4.932992e-02
1600,unembedder.weight,1.773910e+02,2.443652e+01,1.377551e-01
1600,layers.0.qkv_lut.weights,2.916985e+01,1.004452e+01,3.443460e-01
1600,layers.0.qkv_lut.log_soft_score_temp,9.652154e-01,4.334080e-02,4.490273e-02
1600,layers.0.qkv_lut.log_select_temp,9.632521e-01,4.295170e-02,4.459030e-02
1600,layers.0.v_lut.weights,2.916253e+01,1.001905e+01,3.435591e-01
1600,layers.0.v_lut.log_soft_score_temp,1.031124e+00,5.568606e-02,5.400522e-02
1600,layers.0.v_lut.log_select_temp,1.030727e+00,5.563074e-02,5.397232e-02
1600,layers.0.out_proj.weights,3.908049e+01,1.467688e+01,3.755553e-01
1600,layers.0.out_proj.log_soft_score_temp,9.639511e-01,1.987934e-02,2.062277e-02
1600,layers.0.out_proj.log_select_temp,9.777620e-01,2.816725e-02,2.880788e-02
1600,layers.0.residual_lut.weights,4.533704e+01,1.306868e+01,2.882561e-01
1600,layers.0.residual_lut.log_soft_score_temp,8.060939e-01,4.628122e-03,5.741418e-03
1600,layers.0.residual_lut.log_select_temp,8.483805e-01,1.566631e-02,1.846613e-02
1600,layers.0.q_norm.weight,8.760385e+00,6.640894e-02,7.580596e-03
1600,layers.0.q_norm.bias,6.081209e-01,4.720150e-02,7.761860e-02
1600,layers.0.k_norm.weight,8.725232e+00,6.363162e-02,7.292828e-03
1600,layers.0.k_norm.bias,6.812556e-01,5.780236e-02,8.484680e-02
1600,layers.0.ln_e.weight,6.973170e+00,1.518564e-02,2.177723e-03
1600,layers.0.ln_e.bias,3.027409e-02,3.870617e-03,1.278525e-01
1600,layers.1.qkv_lut.weights,2.910728e+01,1.059348e+01,3.639459e-01
1600,layers.1.qkv_lut.log_soft_score_temp,4.393719e-01,3.368923e-02,7.667590e-02
1600,layers.1.qkv_lut.log_select_temp,5.059492e-01,1.817143e-02,3.591552e-02
1600,layers.1.v_lut.weights,2.867379e+01,1.071814e+01,3.737958e-01
1600,layers.1.v_lut.log_soft_score_temp,6.298923e-01,2.674919e-02,4.246630e-02
1600,layers.1.v_lut.log_select_temp,7.241674e-01,1.014411e-02,1.400797e-02
1600,layers.1.out_proj.weights,3.959756e+01,1.528045e+01,3.858937e-01
1600,layers.1.out_proj.log_soft_score_temp,8.362899e-01,1.241779e-02,1.484867e-02
1600,layers.1.out_proj.log_select_temp,8.734683e-01,2.000988e-03,2.290853e-03
1600,layers.1.residual_lut.weights,4.152741e+01,1.272342e+01,3.063861e-01
1600,layers.1.residual_lut.log_soft_score_temp,6.754726e-01,1.619518e-02,2.397607e-02
1600,layers.1.residual_lut.log_select_temp,7.685161e-01,1.818895e-03,2.366763e-03
1600,layers.1.q_norm.weight,8.310419e+00,3.524528e-02,4.241095e-03
1600,layers.1.q_norm.bias,2.610168e-01,2.249578e-02,8.618518e-02
1600,layers.1.k_norm.weight,8.283409e+00,3.536803e-02,4.269743e-03
1600,layers.1.k_norm.bias,4.572216e-01,4.723820e-02,1.033158e-01
1600,layers.1.ln_e.weight,6.917982e+00,1.746840e-02,2.525072e-03
1600,layers.1.ln_e.bias,1.549807e-02,5.413442e-03,3.492977e-01
1600,layers.2.qkv_lut.weights,2.873023e+01,1.075063e+01,3.741923e-01
1600,layers.2.qkv_lut.log_soft_score_temp,4.883140e-01,3.256977e-02,6.669840e-02
1600,layers.2.qkv_lut.log_select_temp,5.601032e-01,1.697052e-02,3.029891e-02
1600,layers.2.v_lut.weights,2.723781e+01,9.937532e+00,3.648432e-01
1600,layers.2.v_lut.log_soft_score_temp,7.923460e-01,1.450181e-03,1.830237e-03
1600,layers.2.v_lut.log_select_temp,8.286700e-01,1.160169e-02,1.400037e-02
1600,layers.2.out_proj.weights,3.716586e+01,1.468186e+01,3.950363e-01
1600,layers.2.out_proj.log_soft_score_temp,7.883295e-01,4.010916e-03,5.087867e-03
1600,layers.2.out_proj.log_select_temp,8.079504e-01,9.743392e-03,1.205939e-02
1600,layers.2.residual_lut.weights,3.716022e+01,1.328496e+01,3.575047e-01
1600,layers.2.residual_lut.log_soft_score_temp,6.437385e-01,4.478335e-03,6.956762e-03
1600,layers.2.residual_lut.log_select_temp,6.758794e-01,2.186179e-03,3.234570e-03
1600,layers.2.q_norm.weight,8.026505e+00,1.724699e-02,2.148755e-03
1600,layers.2.q_norm.bias,1.234586e-01,2.016460e-02,1.633309e-01
1600,layers.2.k_norm.weight,8.020384e+00,1.900108e-02,2.369099e-03
1600,layers.2.k_norm.bias,1.940412e-01,2.811703e-02,1.449024e-01
1600,layers.2.ln_e.weight,6.909337e+00,1.172397e-02,1.696829e-03
1600,layers.2.ln_e.bias,1.909340e-02,3.772103e-03,1.975605e-01
1600,layers.3.qkv_lut.weights,2.512472e+01,1.055036e+01,4.199196e-01
1600,layers.3.qkv_lut.log_soft_score_temp,6.549847e-01,7.982194e-03,1.218684e-02
1600,layers.3.qkv_lut.log_select_temp,6.804391e-01,2.913833e-03,4.282283e-03
1600,layers.3.v_lut.weights,1.977134e+01,8.556076e+00,4.327514e-01
1600,layers.3.v_lut.log_soft_score_temp,7.313968e-01,6.779313e-03,9.268995e-03
1600,layers.3.v_lut.log_select_temp,7.326398e-01,7.150114e-03,9.759385e-03
1600,layers.3.out_proj.weights,1.966713e+01,9.078154e+00,4.615902e-01
1600,layers.3.out_proj.log_soft_score_temp,7.040029e-01,1.011252e-03,1.436432e-03
1600,layers.3.out_proj.log_select_temp,7.074515e-01,6.163120e-04,8.711721e-04
1600,layers.3.residual_lut.weights,1.578140e+01,7.456577e+00,4.724915e-01
1600,layers.3.residual_lut.log_soft_score_temp,6.608578e-01,8.171201e-04,1.236454e-03
1600,layers.3.residual_lut.log_select_temp,6.614991e-01,3.397465e-06,5.136008e-06
1600,layers.3.q_norm.weight,8.039046e+00,2.433458e-02,3.027048e-03
1600,layers.3.q_norm.bias,8.487505e-02,1.798989e-02,2.119573e-01
1600,layers.3.k_norm.weight,8.038595e+00,2.606772e-02,3.242820e-03
1600,layers.3.k_norm.bias,1.494559e-01,2.917452e-02,1.952048e-01
1600,layers.3.ln_e.weight,6.899797e+00,9.494806e-03,1.376099e-03
1600,layers.3.ln_e.bias,5.448341e-02,5.137764e-03,9.429962e-02
1600,layers.4.qkv_lut.weights,8.511618e+00,3.441155e+00,4.042892e-01
1600,layers.4.qkv_lut.log_soft_score_temp,7.293515e-01,1.575947e-03,2.160751e-03
1600,layers.4.qkv_lut.log_select_temp,7.277225e-01,2.495706e-03,3.429475e-03
1600,layers.4.v_lut.weights,6.441651e+00,2.242312e+00,3.480959e-01
1600,layers.4.v_lut.log_soft_score_temp,7.280385e-01,1.431704e-04,1.966522e-04
1600,layers.4.v_lut.log_select_temp,7.250355e-01,2.630353e-04,3.627895e-04
1600,layers.4.out_proj.weights,7.788049e+00,1.985896e+00,2.549927e-01
1600,layers.4.out_proj.log_soft_score_temp,7.181593e-01,3.179491e-03,4.427277e-03
1600,layers.4.out_proj.log_select_temp,7.257030e-01,3.630638e-03,5.002926e-03
1600,layers.4.residual_lut.weights,4.768371e+00,1.695750e+00,3.556247e-01
1600,layers.4.residual_lut.log_soft_score_temp,6.550992e-01,1.438856e-04,2.196394e-04
1600,layers.4.residual_lut.log_select_temp,6.562752e-01,5.093217e-04,7.760794e-04
1600,layers.4.q_norm.weight,8.015780e+00,2.492115e-02,3.109011e-03
1600,layers.4.q_norm.bias,7.183127e-02,2.113659e-02,2.942533e-01
1600,layers.4.k_norm.weight,8.018551e+00,2.322134e-02,2.895952e-03
1600,layers.4.k_norm.bias,5.479127e-02,2.131403e-02,3.890042e-01
1600,layers.4.ln_e.weight,6.867515e+00,2.649600e-02,3.858164e-03
1600,layers.4.ln_e.bias,6.415270e-02,6.693704e-03,1.043402e-01
1600,layers.5.qkv_lut.weights,3.697450e+00,3.764551e-01,1.018148e-01
1600,layers.5.qkv_lut.log_soft_score_temp,7.597518e-01,8.568704e-03,1.127829e-02
1600,layers.5.qkv_lut.log_select_temp,7.630204e-01,9.365678e-03,1.227448e-02
1600,layers.5.v_lut.weights,4.702307e+00,5.448795e-01,1.158749e-01
1600,layers.5.v_lut.log_soft_score_temp,7.704908e-01,1.021391e-02,1.325637e-02
1600,layers.5.v_lut.log_select_temp,7.779095e-01,1.157480e-02,1.487937e-02
1600,layers.5.out_proj.weights,5.899193e+00,6.550529e-01,1.110411e-01
1600,layers.5.out_proj.log_soft_score_temp,7.593334e-01,1.266533e-02,1.667954e-02
1600,layers.5.out_proj.log_select_temp,7.767386e-01,1.292127e-02,1.663529e-02
1600,layers.5.residual_lut.weights,3.218156e+00,7.348628e-01,2.283490e-01
1600,layers.5.residual_lut.log_soft_score_temp,6.455904e-01,3.513694e-04,5.442606e-04
1600,layers.5.residual_lut.log_select_temp,6.457927e-01,1.212001e-03,1.876765e-03
1600,layers.5.q_norm.weight,7.992719e+00,1.859151e-03,2.326056e-04
1600,layers.5.q_norm.bias,1.405970e-02,1.275167e-03,9.069663e-02
1600,layers.5.k_norm.weight,7.993444e+00,1.667941e-03,2.086637e-04
1600,layers.5.k_norm.bias,1.252989e-02,1.313249e-03,1.048093e-01
1600,layers.5.ln_e.weight,6.859854e+00,2.212040e-02,3.224617e-03
1600,layers.5.ln_e.bias,5.175962e-02,5.748404e-03,1.110596e-01
1600,ln_final.weight,2.311675e+01,5.256665e-01,2.273964e-02
1600,ln_final.bias,9.099822e-01,3.998784e-02,4.394354e-02
1800,tok_emb_E.weight,7.348856e+01,3.544947e+00,4.823808e-02
1800,unembedder.weight,1.844111e+02,2.290344e+01,1.241977e-01
1800,layers.0.qkv_lut.weights,3.171800e+01,1.002142e+01,3.159537e-01
1800,layers.0.qkv_lut.log_soft_score_temp,1.004950e+00,3.973478e-02,3.953906e-02
1800,layers.0.qkv_lut.log_select_temp,1.002515e+00,3.926283e-02,3.916433e-02
1800,layers.0.v_lut.weights,3.163934e+01,9.879911e+00,3.122667e-01
1800,layers.0.v_lut.log_soft_score_temp,1.085297e+00,5.417395e-02,4.991622e-02
1800,layers.0.v_lut.log_select_temp,1.084809e+00,5.408204e-02,4.985395e-02
1800,layers.0.out_proj.weights,4.257122e+01,1.447783e+01,3.400849e-01
1800,layers.0.out_proj.log_soft_score_temp,9.684658e-01,4.514694e-03,4.661697e-03
1800,layers.0.out_proj.log_select_temp,9.931544e-01,1.539242e-02,1.549852e-02
1800,layers.0.residual_lut.weights,4.914089e+01,1.267820e+01,2.579969e-01
1800,layers.0.residual_lut.log_soft_score_temp,8.098211e-01,3.727198e-03,4.602495e-03
1800,layers.0.residual_lut.log_select_temp,8.635157e-01,1.513517e-02,1.752738e-02
1800,layers.0.q_norm.weight,8.807616e+00,5.953405e-02,6.759383e-03
1800,layers.0.q_norm.bias,6.510450e-01,4.521985e-02,6.945733e-02
1800,layers.0.k_norm.weight,8.768535e+00,5.418928e-02,6.179970e-03
1800,layers.0.k_norm.bias,7.287598e-01,5.196787e-02,7.131002e-02
1800,layers.0.ln_e.weight,6.971884e+00,1.375471e-02,1.972882e-03
1800,layers.0.ln_e.bias,3.248753e-02,5.272381e-03,1.622894e-01
1800,layers.1.qkv_lut.weights,3.164099e+01,1.044532e+01,3.301200e-01
1800,layers.1.qkv_lut.log_soft_score_temp,4.134057e-01,2.596617e-02,6.281038e-02
1800,layers.1.qkv_lut.log_select_temp,4.957392e-01,1.021001e-02,2.059552e-02
1800,layers.1.v_lut.weights,3.114878e+01,1.047972e+01,3.364406e-01
1800,layers.1.v_lut.log_soft_score_temp,6.001310e-01,2.976125e-02,4.959126e-02
1800,layers.1.v_lut.log_select_temp,7.099752e-01,1.419216e-02,1.998966e-02
1800,layers.1.out_proj.weights,4.311192e+01,1.500418e+01,3.480286e-01
1800,layers.1.out_proj.log_soft_score_temp,8.191665e-01,1.712346e-02,2.090352e-02
1800,layers.1.out_proj.log_select_temp,8.700423e-01,3.426015e-03,3.937757e-03
1800,layers.1.residual_lut.weights,4.515936e+01,1.238516e+01,2.742546e-01
1800,layers.1.residual_lut.log_soft_score_temp,6.588461e-01,1.662642e-02,2.523566e-02
1800,layers.1.residual_lut.log_select_temp,7.697770e-01,1.260877e-03,1.637977e-03
1800,layers.1.q_norm.weight,8.324505e+00,3.518515e-02,4.226696e-03
1800,layers.1.q_norm.bias,2.785904e-01,2.152659e-02,7.726966e-02
1800,layers.1.k_norm.weight,8.295982e+00,3.386467e-02,4.082056e-03
1800,layers.1.k_norm.bias,4.902834e-01,3.843787e-02,7.839930e-02
1800,layers.1.ln_e.weight,6.910922e+00,1.876831e-02,2.715746e-03
1800,layers.1.ln_e.bias,1.712518e-02,4.859551e-03,2.837664e-01
1800,layers.2.qkv_lut.weights,3.126167e+01,1.051619e+01,3.363924e-01
1800,layers.2.qkv_lut.log_soft_score_temp,4.574448e-01,3.086922e-02,6.748184e-02
1800,layers.2.qkv_lut.log_select_temp,5.448517e-01,1.525152e-02,2.799205e-02
1800,layers.2.v_lut.weights,2.977394e+01,9.721343e+00,3.265051e-01
1800,layers.2.v_lut.log_soft_score_temp,7.950861e-01,2.740085e-03,3.446275e-03
1800,layers.2.v_lut.log_select_temp,8.421572e-01,1.348722e-02,1.601508e-02
1800,layers.2.out_proj.weights,4.066685e+01,1.449405e+01,3.564095e-01
1800,layers.2.out_proj.log_soft_score_temp,7.897137e-01,1.384258e-03,1.752861e-03
1800,layers.2.out_proj.log_select_temp,8.163444e-01,8.394063e-03,1.028250e-02
1800,layers.2.residual_lut.weights,4.095372e+01,1.296656e+01,3.166149e-01
1800,layers.2.residual_lut.log_soft_score_temp,6.408262e-01,2.912283e-03,4.544575e-03
1800,layers.2.residual_lut.log_select_temp,6.797604e-01,3.881037e-03,5.709419e-03
1800,layers.2.q_norm.weight,8.035121e+00,1.722384e-02,2.143569e-03
1800,layers.2.q_norm.bias,1.356489e-01,1.708581e-02,1.259562e-01
1800,layers.2.k_norm.weight,8.027955e+00,1.934550e-02,2.409767e-03
1800,layers.2.k_norm.bias,2.118858e-01,2.464101e-02,1.162938e-01
1800,layers.2.ln_e.weight,6.908391e+00,1.325096e-02,1.918096e-03
1800,layers.2.ln_e.bias,1.990049e-02,3.632127e-03,1.825144e-01
1800,layers.3.qkv_lut.weights,2.766850e+01,1.034324e+01,3.738273e-01
1800,layers.3.qkv_lut.log_soft_score_temp,6.404562e-01,1.452851e-02,2.268463e-02
1800,layers.3.qkv_lut.log_select_temp,6.702343e-01,1.020473e-02,1.522562e-02
1800,layers.3.v_lut.weights,2.210269e+01,8.391469e+00,3.796583e-01
1800,layers.3.v_lut.log_soft_score_temp,7.393919e-01,7.995069e-03,1.081303e-02
1800,layers.3.v_lut.log_select_temp,7.415207e-01,8.880913e-03,1.197662e-02
1800,layers.3.out_proj.weights,2.233332e+01,9.387551e+00,4.203384e-01
1800,layers.3.out_proj.log_soft_score_temp,7.042035e-01,2.006888e-04,2.849870e-04
1800,layers.3.out_proj.log_select_temp,7.093750e-01,1.923501e-03,2.711544e-03
1800,layers.3.residual_lut.weights,1.783914e+01,7.729270e+00,4.332759e-01
1800,layers.3.residual_lut.log_soft_score_temp,6.572124e-01,3.645420e-03,5.546792e-03
1800,layers.3.residual_lut.log_select_temp,6.593651e-01,2.133965e-03,3.236394e-03
1800,layers.3.q_norm.weight,8.033834e+00,2.121414e-02,2.640600e-03
1800,layers.3.q_norm.bias,8.971233e-02,2.095064e-02,2.335314e-01
1800,layers.3.k_norm.weight,8.034313e+00,2.258109e-02,2.810582e-03
1800,layers.3.k_norm.bias,1.604211e-01,2.280954e-02,1.421854e-01
1800,layers.3.ln_e.weight,6.897121e+00,1.127076e-02,1.634125e-03
1800,layers.3.ln_e.bias,5.777103e-02,5.282164e-03,9.143275e-02
1800,layers.4.qkv_lut.weights,9.523422e+00,3.680869e+00,3.865070e-01
1800,layers.4.qkv_lut.log_soft_score_temp,7.301219e-01,7.703900e-04,1.055153e-03
1800,layers.4.qkv_lut.log_select_temp,7.291818e-01,1.459360e-03,2.001367e-03
1800,layers.4.v_lut.weights,7.165015e+00,2.553724e+00,3.564158e-01
1800,layers.4.v_lut.log_soft_score_temp,7.323582e-01,4.319608e-03,5.898218e-03
1800,layers.4.v_lut.log_select_temp,7.292722e-01,4.236639e-03,5.809406e-03
1800,layers.4.out_proj.weights,8.380525e+00,2.259464e+00,2.696089e-01
1800,layers.4.out_proj.log_soft_score_temp,7.200741e-01,1.914799e-03,2.659170e-03
1800,layers.4.out_proj.log_select_temp,7.279721e-01,2.269149e-03,3.117082e-03
1800,layers.4.residual_lut.weights,5.107663e+00,1.802450e+00,3.528913e-01
1800,layers.4.residual_lut.log_soft_score_temp,6.558492e-01,7.499456e-04,1.143473e-03
1800,layers.4.residual_lut.log_select_temp,6.566535e-01,3.783107e-04,5.761192e-04
1800,layers.4.q_norm.weight,8.022875e+00,1.748584e-02,2.179498e-03
1800,layers.4.q_norm.bias,7.776523e-02,2.061404e-02,2.650804e-01
1800,layers.4.k_norm.weight,8.024421e+00,1.998259e-02,2.490222e-03
1800,layers.4.k_norm.bias,5.688412e-02,1.981749e-02,3.483835e-01
1800,layers.4.ln_e.weight,6.863252e+00,2.082019e-02,3.033575e-03
1800,layers.4.ln_e.bias,6.849884e-02,8.420273e-03,1.229258e-01
1800,layers.5.qkv_lut.weights,3.928317e+00,4.746339e-01,1.208237e-01
1800,layers.5.qkv_lut.log_soft_score_temp,7.689965e-01,9.244680e-03,1.202175e-02
1800,layers.5.qkv_lut.log_select_temp,7.727871e-01,9.766698e-03,1.263828e-02
1800,layers.5.v_lut.weights,5.060632e+00,6.638140e-01,1.311722e-01
1800,layers.5.v_lut.log_soft_score_temp,7.796919e-01,9.201169e-03,1.180103e-02
1800,layers.5.v_lut.log_select_temp,7.885998e-01,1.069027e-02,1.355602e-02
1800,layers.5.out_proj.weights,6.094318e+00,6.144717e-01,1.008270e-01
1800,layers.5.out_proj.log_soft_score_temp,7.715259e-01,1.219243e-02,1.580301e-02
1800,layers.5.out_proj.log_select_temp,7.886651e-01,1.192647e-02,1.512235e-02
1800,layers.5.residual_lut.weights,3.298739e+00,8.136694e-01,2.466607e-01
1800,layers.5.residual_lut.log_soft_score_temp,6.453534e-01,2.369881e-04,3.672222e-04
1800,layers.5.residual_lut.log_select_temp,6.445997e-01,1.192987e-03,1.850741e-03
1800,layers.5.q_norm.weight,7.993104e+00,2.386229e-03,2.985360e-04
1800,layers.5.q_norm.bias,1.430664e-02,1.706111e-03,1.192531e-01
1800,layers.5.k_norm.weight,7.993823e+00,2.829640e-03,3.539784e-04
1800,layers.5.k_norm.bias,1.248383e-02,1.360173e-03,1.089548e-01
1800,layers.5.ln_e.weight,6.853250e+00,2.156641e-02,3.146888e-03
1800,layers.5.ln_e.bias,5.520060e-02,4.454305e-03,8.069306e-02
1800,ln_final.weight,2.361976e+01,5.137208e-01,2.174962e-02
1800,ln_final.bias,9.181675e-01,3.847545e-02,4.190461e-02
2000,tok_emb_E.weight,7.364111e+01,3.460236e+00,4.698783e-02
2000,unembedder.weight,1.911156e+02,2.250547e+01,1.177585e-01
2000,layers.0.qkv_lut.weights,3.399195e+01,9.900772e+00,2.912681e-01
2000,layers.0.qkv_lut.log_soft_score_temp,1.045696e+00,4.074609e-02,3.896551e-02
2000,layers.0.qkv_lut.log_select_temp,1.042990e+00,4.047501e-02,3.880671e-02
2000,layers.0.v_lut.weights,3.385236e+01,9.743856e+00,2.878339e-01
2000,layers.0.v_lut.log_soft_score_temp,1.136855e+00,5.155718e-02,4.535073e-02
2000,layers.0.v_lut.log_select_temp,1.136276e+00,5.146682e-02,4.529429e-02
2000,layers.0.out_proj.weights,4.570784e+01,1.428367e+01,3.124994e-01
2000,layers.0.out_proj.log_soft_score_temp,9.649546e-01,3.511250e-03,3.638772e-03
2000,layers.0.out_proj.log_select_temp,1.002658e+00,9.503722e-03,9.478527e-03
2000,layers.0.residual_lut.weights,5.264463e+01,1.266591e+01,2.405927e-01
2000,layers.0.residual_lut.log_soft_score_temp,8.098387e-01,1.758337e-05,2.171219e-05
2000,layers.0.residual_lut.log_select_temp,8.783251e-01,1.480943e-02,1.686099e-02
2000,layers.0.q_norm.weight,8.838185e+00,4.312056e-02,4.878892e-03
2000,layers.0.q_norm.bias,6.815013e-01,3.388233e-02,4.971719e-02
2000,layers.0.k_norm.weight,8.796205e+00,3.909351e-02,4.444361e-03
2000,layers.0.k_norm.bias,7.683640e-01,4.553905e-02,5.926755e-02
2000,layers.0.ln_e.weight,6.969766e+00,1.464127e-02,2.100683e-03
2000,layers.0.ln_e.bias,3.476931e-02,4.798910e-03,1.380214e-01
2000,layers.1.qkv_lut.weights,3.393829e+01,1.024820e+01,3.019658e-01
2000,layers.1.qkv_lut.log_soft_score_temp,3.903954e-01,2.301025e-02,5.894089e-02
2000,layers.1.qkv_lut.log_select_temp,4.884695e-01,7.269710e-03,1.488263e-02
2000,layers.1.v_lut.weights,3.338800e+01,1.030810e+01,3.087367e-01
2000,layers.1.v_lut.log_soft_score_temp,5.747566e-01,2.537447e-02,4.414821e-02
2000,layers.1.v_lut.log_select_temp,7.005526e-01,9.422600e-03,1.345024e-02
2000,layers.1.out_proj.weights,4.630002e+01,1.484798e+01,3.206905e-01
2000,layers.1.out_proj.log_soft_score_temp,7.999151e-01,1.925135e-02,2.406674e-02
2000,layers.1.out_proj.log_select_temp,8.668783e-01,3.163993e-03,3.649870e-03
2000,layers.1.residual_lut.weights,4.851878e+01,1.244526e+01,2.565041e-01
2000,layers.1.residual_lut.log_soft_score_temp,6.355355e-01,2.331066e-02,3.667877e-02
2000,layers.1.residual_lut.log_select_temp,7.691662e-01,6.107688e-04,7.940661e-04
2000,layers.1.q_norm.weight,8.345770e+00,3.266467e-02,3.913920e-03
2000,layers.1.q_norm.bias,2.959169e-01,2.115021e-02,7.147350e-02
2000,layers.1.k_norm.weight,8.315830e+00,3.133864e-02,3.768552e-03
2000,layers.1.k_norm.bias,5.294644e-01,4.381400e-02,8.275155e-02
2000,layers.1.ln_e.weight,6.902704e+00,2.022270e-02,2.929678e-03
2000,layers.1.ln_e.bias,1.931577e-02,5.384551e-03,2.787645e-01
2000,layers.2.qkv_lut.weights,3.355966e+01,1.043469e+01,3.109295e-01
2000,layers.2.qkv_lut.log_soft_score_temp,4.250982e-01,3.234664e-02,7.609215e-02
2000,layers.2.qkv_lut.log_select_temp,5.279824e-01,1.686925e-02,3.195040e-02
2000,layers.2.v_lut.weights,3.208282e+01,9.630129e+00,3.001647e-01
2000,layers.2.v_lut.log_soft_score_temp,7.882892e-01,6.796896e-03,8.622339e-03
2000,layers.2.v_lut.log_select_temp,8.489347e-01,6.777465e-03,7.983494e-03
2000,layers.2.out_proj.weights,4.391252e+01,1.445237e+01,3.291173e-01
2000,layers.2.out_proj.log_soft_score_temp,7.861979e-01,3.515840e-03,4.471952e-03
2000,layers.2.out_proj.log_select_temp,8.213027e-01,4.958272e-03,6.037082e-03
2000,layers.2.residual_lut.weights,4.458646e+01,1.309110e+01,2.936115e-01
2000,layers.2.residual_lut.log_soft_score_temp,6.357774e-01,5.048871e-03,7.941256e-03
2000,layers.2.residual_lut.log_select_temp,6.834193e-01,3.658891e-03,5.353801e-03
2000,layers.2.q_norm.weight,8.048597e+00,2.299038e-02,2.856445e-03
2000,layers.2.q_norm.bias,1.474101e-01,1.504060e-02,1.020323e-01
2000,layers.2.k_norm.weight,8.040678e+00,2.279877e-02,2.835429e-03
2000,layers.2.k_norm.bias,2.310635e-01,2.647084e-02,1.145609e-01
2000,layers.2.ln_e.weight,6.906718e+00,1.466343e-02,2.123067e-03
2000,layers.2.ln_e.bias,2.175080e-02,4.709756e-03,2.165326e-01
2000,layers.3.qkv_lut.weights,3.003316e+01,1.040454e+01,3.464352e-01
2000,layers.3.qkv_lut.log_soft_score_temp,6.315658e-01,8.890390e-03,1.407674e-02
2000,layers.3.qkv_lut.log_select_temp,6.675041e-01,2.730250e-03,4.090238e-03
2000,layers.3.v_lut.weights,2.429694e+01,8.584780e+00,3.533277e-01
2000,layers.3.v_lut.log_soft_score_temp,7.452782e-01,5.886316e-03,7.898147e-03
2000,layers.3.v_lut.log_select_temp,7.476735e-01,6.152809e-03,8.229272e-03
2000,layers.3.out_proj.weights,2.498491e+01,9.936868e+00,3.977148e-01
2000,layers.3.out_proj.log_soft_score_temp,6.992735e-01,4.930019e-03,7.050202e-03
2000,layers.3.out_proj.log_select_temp,7.072082e-01,2.166867e-03,3.063974e-03
2000,layers.3.residual_lut.weights,1.984176e+01,7.992043e+00,4.027889e-01
2000,layers.3.residual_lut.log_soft_score_temp,6.516604e-01,5.551934e-03,8.519674e-03
2000,layers.3.residual_lut.log_select_temp,6.558556e-01,3.509521e-03,5.351058e-03
2000,layers.3.q_norm.weight,8.031982e+00,2.157415e-02,2.686031e-03
2000,layers.3.q_norm.bias,9.515940e-02,1.641842e-02,1.725359e-01
2000,layers.3.k_norm.weight,8.032174e+00,1.952279e-02,2.430573e-03
2000,layers.3.k_norm.bias,1.718803e-01,2.683499e-02,1.561260e-01
2000,layers.3.ln_e.weight,6.895447e+00,8.558658e-03,1.241204e-03
2000,layers.3.ln_e.bias,5.904418e-02,5.564174e-03,9.423746e-02
2000,layers.4.qkv_lut.weights,1.069046e+01,4.324962e+00,4.045627e-01
2000,layers.4.qkv_lut.log_soft_score_temp,7.315842e-01,1.462340e-03,1.998868e-03
2000,layers.4.qkv_lut.log_select_temp,7.306964e-01,1.514614e-03,2.072836e-03
2000,layers.4.v_lut.weights,7.856266e+00,2.772751e+00,3.529349e-01
2000,layers.4.v_lut.log_soft_score_temp,7.323454e-01,1.275539e-05,1.741718e-05
2000,layers.4.v_lut.log_select_temp,7.298290e-01,5.568266e-04,7.629549e-04
2000,layers.4.out_proj.weights,9.028719e+00,2.585244e+00,2.863356e-01
2000,layers.4.out_proj.log_soft_score_temp,7.197452e-01,3.289580e-04,4.570479e-04
2000,layers.4.out_proj.log_select_temp,7.288666e-01,8.944869e-04,1.227230e-03
2000,layers.4.residual_lut.weights,5.577519e+00,2.199660e+00,3.943796e-01
2000,layers.4.residual_lut.log_soft_score_temp,6.562436e-01,3.944039e-04,6.010024e-04
2000,layers.4.residual_lut.log_select_temp,6.563931e-01,2.604127e-04,3.967328e-04
2000,layers.4.q_norm.weight,8.021802e+00,2.572227e-02,3.206546e-03
2000,layers.4.q_norm.bias,7.610518e-02,2.669423e-02,3.507545e-01
2000,layers.4.k_norm.weight,8.021359e+00,2.443461e-02,3.046193e-03
2000,layers.4.k_norm.bias,6.254831e-02,2.334409e-02,3.732170e-01
2000,layers.4.ln_e.weight,6.857660e+00,2.095036e-02,3.055031e-03
2000,layers.4.ln_e.bias,7.177112e-02,7.472391e-03,1.041142e-01
2000,layers.5.qkv_lut.weights,4.096878e+00,3.478596e-01,8.490846e-02
2000,layers.5.qkv_lut.log_soft_score_temp,7.754826e-01,6.486118e-03,8.363976e-03
2000,layers.5.qkv_lut.log_select_temp,7.800357e-01,7.248640e-03,9.292703e-03
2000,layers.5.v_lut.weights,5.314013e+00,4.825003e-01,9.079772e-02
2000,layers.5.v_lut.log_soft_score_temp,7.907242e-01,1.103222e-02,1.395205e-02
2000,layers.5.v_lut.log_select_temp,8.006174e-01,1.201761e-02,1.501043e-02
2000,layers.5.out_proj.weights,6.342797e+00,5.515391e-01,8.695518e-02
2000,layers.5.out_proj.log_soft_score_temp,7.823979e-01,1.087201e-02,1.389575e-02
2000,layers.5.out_proj.log_select_temp,8.002918e-01,1.162666e-02,1.452803e-02
2000,layers.5.residual_lut.weights,3.380437e+00,7.758158e-01,2.295016e-01
2000,layers.5.residual_lut.log_soft_score_temp,6.440700e-01,1.283407e-03,1.992652e-03
2000,layers.5.residual_lut.log_select_temp,6.427567e-01,1.842976e-03,2.867299e-03
2000,layers.5.q_norm.weight,7.993693e+00,2.129672e-03,2.664191e-04
2000,layers.5.q_norm.bias,1.449641e-02,1.495186e-03,1.031418e-01
2000,layers.5.k_norm.weight,7.994434e+00,2.321418e-03,2.903793e-04
2000,layers.5.k_norm.bias,1.270938e-02,1.515353e-03,1.192311e-01
2000,layers.5.ln_e.weight,6.848346e+00,1.456081e-02,2.126180e-03
2000,layers.5.ln_e.bias,5.779286e-02,4.248995e-03,7.352112e-02
2000,ln_final.weight,2.417374e+01,5.602956e-01,2.317786e-02
2000,ln_final.bias,9.310327e-01,5.364940e-02,5.762355e-02
2200,tok_emb_E.weight,7.378778e+01,3.387432e+00,4.590776e-02
2200,unembedder.weight,1.966144e+02,2.120332e+01,1.078422e-01
2200,layers.0.qkv_lut.weights,3.602161e+01,9.621119e+00,2.670930e-01
2200,layers.0.qkv_lut.log_soft_score_temp,1.084094e+00,3.839767e-02,3.541914e-02
2200,layers.0.qkv_lut.log_select_temp,1.081142e+00,3.815186e-02,3.528849e-02
2200,layers.0.v_lut.weights,3.585359e+01,9.579337e+00,2.671793e-01
2200,layers.0.v_lut.log_soft_score_temp,1.187699e+00,5.084419e-02,4.280899e-02
2200,layers.0.v_lut.log_select_temp,1.187054e+00,5.077791e-02,4.277641e-02
2200,layers.0.out_proj.weights,4.854610e+01,1.395394e+01,2.874369e-01
2200,layers.0.out_proj.log_soft_score_temp,9.571404e-01,7.814109e-03,8.164015e-03
2200,layers.0.out_proj.log_select_temp,1.006667e+00,4.009008e-03,3.982457e-03
2200,layers.0.residual_lut.weights,5.581813e+01,1.233498e+01,2.209852e-01
2200,layers.0.residual_lut.log_soft_score_temp,8.080086e-01,1.830041e-03,2.264879e-03
2200,layers.0.residual_lut.log_select_temp,8.909941e-01,1.266897e-02,1.421891e-02
2200,layers.0.q_norm.weight,8.873711e+00,4.560791e-02,5.139666e-03
2200,layers.0.q_norm.bias,7.168237e-01,3.718867e-02,5.187980e-02
2200,layers.0.k_norm.weight,8.829217e+00,4.258386e-02,4.823062e-03
2200,layers.0.k_norm.bias,8.078926e-01,4.440373e-02,5.496241e-02
2200,layers.0.ln_e.weight,6.967272e+00,1.664426e-02,2.388921e-03
2200,layers.0.ln_e.bias,3.587813e-02,5.028814e-03,1.401637e-01
2200,layers.1.qkv_lut.weights,3.599341e+01,1.003816e+01,2.788888e-01
2200,layers.1.qkv_lut.log_soft_score_temp,3.696907e-01,2.070469e-02,5.600542e-02
2200,layers.1.qkv_lut.log_select_temp,4.819590e-01,6.510466e-03,1.350834e-02
2200,layers.1.v_lut.weights,3.540197e+01,1.005076e+01,2.839040e-01
2200,layers.1.v_lut.log_soft_score_temp,5.548946e-01,1.986194e-02,3.579407e-02
2200,layers.1.v_lut.log_select_temp,6.985701e-01,1.982570e-03,2.838040e-03
2200,layers.1.out_proj.weights,4.917357e+01,1.446596e+01,2.941816e-01
2200,layers.1.out_proj.log_soft_score_temp,7.750275e-01,2.488768e-02,3.211200e-02
2200,layers.1.out_proj.log_select_temp,8.566624e-01,1.021594e-02,1.192528e-02
2200,layers.1.residual_lut.weights,5.151181e+01,1.199696e+01,2.328972e-01
2200,layers.1.residual_lut.log_soft_score_temp,6.123948e-01,2.314073e-02,3.778727e-02
2200,layers.1.residual_lut.log_select_temp,7.667212e-01,2.445042e-03,3.188959e-03
2200,layers.1.q_norm.weight,8.364728e+00,2.891983e-02,3.457354e-03
2200,layers.1.q_norm.bias,3.135402e-01,2.007060e-02,6.401284e-02
2200,layers.1.k_norm.weight,8.333775e+00,2.831428e-02,3.397534e-03
2200,layers.1.k_norm.bias,5.610641e-01,3.599944e-02,6.416278e-02
2200,layers.1.ln_e.weight,6.893093e+00,1.929184e-02,2.798721e-03
2200,layers.1.ln_e.bias,2.136134e-02,4.675324e-03,2.188685e-01
2200,layers.2.qkv_lut.weights,3.561197e+01,1.010885e+01,2.838610e-01
2200,layers.2.qkv_lut.log_soft_score_temp,3.958864e-01,2.921182e-02,7.378839e-02
2200,layers.2.qkv_lut.log_select_temp,5.154892e-01,1.249325e-02,2.423572e-02
2200,layers.2.v_lut.weights,3.415358e+01,9.377783e+00,2.745768e-01
2200,layers.2.v_lut.log_soft_score_temp,7.784751e-01,9.814084e-03,1.260680e-02
2200,layers.2.v_lut.log_select_temp,8.517452e-01,2.810538e-03,3.299740e-03
2200,layers.2.out_proj.weights,4.682941e+01,1.409579e+01,3.010030e-01
2200,layers.2.out_proj.log_soft_score_temp,7.807164e-01,5.481482e-03,7.021092e-03
2200,layers.2.out_proj.log_select_temp,8.245852e-01,3.282487e-03,3.980774e-03
2200,layers.2.residual_lut.weights,4.785873e+01,1.264192e+01,2.641508e-01
2200,layers.2.residual_lut.log_soft_score_temp,6.311777e-01,4.599690e-03,7.287473e-03
2200,layers.2.residual_lut.log_select_temp,6.874823e-01,4.063010e-03,5.909985e-03
2200,layers.2.q_norm.weight,8.062123e+00,2.176439e-02,2.699585e-03
2200,layers.2.q_norm.bias,1.571465e-01,1.453257e-02,9.247781e-02
2200,layers.2.k_norm.weight,8.053613e+00,2.210426e-02,2.744639e-03
2200,layers.2.k_norm.bias,2.470466e-01,2.178996e-02,8.820180e-02
2200,layers.2.ln_e.weight,6.905202e+00,1.311009e-02,1.898581e-03
2200,layers.2.ln_e.bias,2.282910e-02,4.517904e-03,1.979011e-01
2200,layers.3.qkv_lut.weights,3.216008e+01,1.025850e+01,3.189824e-01
2200,layers.3.qkv_lut.log_soft_score_temp,6.188462e-01,1.271963e-02,2.055378e-02
2200,layers.3.qkv_lut.log_select_temp,6.614957e-01,6.008387e-03,9.083032e-03
2200,layers.3.v_lut.weights,2.632005e+01,8.487259e+00,3.224636e-01
2200,layers.3.v_lut.log_soft_score_temp,7.510343e-01,5.756080e-03,7.664204e-03
2200,layers.3.v_lut.log_select_temp,7.537391e-01,6.065547e-03,8.047278e-03
2200,layers.3.out_proj.weights,2.731239e+01,9.882470e+00,3.618311e-01
2200,layers.3.out_proj.log_soft_score_temp,6.956674e-01,3.606141e-03,5.183714e-03
2200,layers.3.out_proj.log_select_temp,7.074819e-01,2.737641e-04,3.869557e-04
2200,layers.3.residual_lut.weights,2.176942e+01,8.288704e+00,3.807499e-01
2200,layers.3.residual_lut.log_soft_score_temp,6.488485e-01,2.811968e-03,4.333783e-03
2200,layers.3.residual_lut.log_select_temp,6.550362e-01,8.194447e-04,1.250991e-03
2200,layers.3.q_norm.weight,8.026125e+00,2.337064e-02,2.911821e-03
2200,layers.3.q_norm.bias,1.009449e-01,1.890731e-02,1.873032e-01
2200,layers.3.k_norm.weight,8.027211e+00,2.333739e-02,2.907285e-03
2200,layers.3.k_norm.bias,1.793118e-01,2.247532e-02,1.253421e-01
2200,layers.3.ln_e.weight,6.893151e+00,9.947267e-03,1.443065e-03
2200,layers.3.ln_e.bias,5.973554e-02,4.090598e-03,6.847847e-02
2200,layers.4.qkv_lut.weights,1.187759e+01,4.494243e+00,3.783802e-01
2200,layers.4.qkv_lut.log_soft_score_temp,7.323897e-01,8.055568e-04,1.099902e-03
2200,layers.4.qkv_lut.log_select_temp,7.304948e-01,2.016425e-04,2.760355e-04
2200,layers.4.v_lut.weights,8.635105e+00,3.023500e+00,3.501405e-01
2200,layers.4.v_lut.log_soft_score_temp,7.336287e-01,1.283288e-03,1.749234e-03
2200,layers.4.v_lut.log_select_temp,7.301052e-01,2.762079e-04,3.783125e-04
2200,layers.4.out_proj.weights,9.593789e+00,2.576539e+00,2.685632e-01
2200,layers.4.out_proj.log_soft_score_temp,7.208374e-01,1.092196e-03,1.515176e-03
2200,layers.4.out_proj.log_select_temp,7.300307e-01,1.164079e-03,1.594561e-03
2200,layers.4.residual_lut.weights,5.989067e+00,2.288647e+00,3.821375e-01
2200,layers.4.residual_lut.log_soft_score_temp,6.566927e-01,4.491806e-04,6.840042e-04
2200,layers.4.residual_lut.log_select_temp,6.566784e-01,2.852678e-04,4.344103e-04
2200,layers.4.q_norm.weight,8.026971e+00,2.134845e-02,2.659590e-03
2200,layers.4.q_norm.bias,7.759348e-02,1.993598e-02,2.569286e-01
2200,layers.4.k_norm.weight,8.026170e+00,2.246694e-02,2.799211e-03
2200,layers.4.k_norm.bias,6.985828e-02,1.989238e-02,2.847533e-01
2200,layers.4.ln_e.weight,6.853700e+00,1.714932e-02,2.502199e-03
2200,layers.4.ln_e.bias,7.506368e-02,7.219234e-03,9.617480e-02
2200,layers.5.qkv_lut.weights,4.249436e+00,3.104110e-01,7.304756e-02
2200,layers.5.qkv_lut.log_soft_score_temp,7.831159e-01,7.633269e-03,9.747305e-03
2200,layers.5.qkv_lut.log_select_temp,7.893977e-01,9.361982e-03,1.185965e-02
2200,layers.5.v_lut.weights,5.544283e+00,4.033546e-01,7.275145e-02
2200,layers.5.v_lut.log_soft_score_temp,8.006586e-01,9.934425e-03,1.240782e-02
2200,layers.5.v_lut.log_select_temp,8.116074e-01,1.098996e-02,1.354099e-02
2200,layers.5.out_proj.weights,6.412540e+00,5.270630e-01,8.219254e-02
2200,layers.5.out_proj.log_soft_score_temp,7.933145e-01,1.091659e-02,1.376074e-02
2200,layers.5.out_proj.log_select_temp,8.117391e-01,1.144731e-02,1.410220e-02
2200,layers.5.residual_lut.weights,3.436993e+00,6.807485e-01,1.980652e-01
2200,layers.5.residual_lut.log_soft_score_temp,6.447471e-01,6.771088e-04,1.050193e-03
2200,layers.5.residual_lut.log_select_temp,6.429626e-01,2.059340e-04,3.202893e-04
2200,layers.5.q_norm.weight,7.993021e+00,2.164664e-03,2.708192e-04
2200,layers.5.q_norm.bias,1.457195e-02,1.352162e-03,9.279210e-02
2200,layers.5.k_norm.weight,7.993805e+00,1.882085e-03,2.354429e-04
2200,layers.5.k_norm.bias,1.215728e-02,1.770334e-03,1.456192e-01
2200,layers.5.ln_e.weight,6.845005e+00,1.031922e-02,1.507555e-03
2200,layers.5.ln_e.bias,6.043800e-02,4.593418e-03,7.600214e-02
2200,ln_final.weight,2.469650e+01,5.292553e-01,2.143037e-02
2200,ln_final.bias,9.389662e-01,4.619506e-02,4.919779e-02
2400,tok_emb_E.weight,7.392257e+01,3.294224e+00,4.456317e-02
2400,unembedder.weight,2.014358e+02,2.026163e+01,1.005860e-01
2400,layers.0.qkv_lut.weights,3.788033e+01,9.525797e+00,2.514708e-01
2400,layers.0.qkv_lut.log_soft_score_temp,1.113710e+00,2.961612e-02,2.659231e-02
2400,layers.0.qkv_lut.log_select_temp,1.110203e+00,2.906072e-02,2.617605e-02
2400,layers.0.v_lut.weights,3.767118e+01,9.384538e+00,2.491171e-01
2400,layers.0.v_lut.log_soft_score_temp,1.235777e+00,4.807842e-02,3.890541e-02
2400,layers.0.v_lut.log_select_temp,1.235074e+00,4.802012e-02,3.888035e-02
2400,layers.0.out_proj.weights,5.114961e+01,1.366694e+01,2.671953e-01
2400,layers.0.out_proj.log_soft_score_temp,9.437983e-01,1.334214e-02,1.413665e-02
2400,layers.0.out_proj.log_select_temp,1.008323e+00,1.656175e-03,1.642504e-03
2400,layers.0.residual_lut.weights,5.871619e+01,1.192607e+01,2.031139e-01
2400,layers.0.residual_lut.log_soft_score_temp,8.068747e-01,1.133919e-03,1.405322e-03
2400,layers.0.residual_lut.log_select_temp,9.029172e-01,1.192313e-02,1.320512e-02
2400,layers.0.q_norm.weight,8.895173e+00,3.361592e-02,3.779119e-03
2400,layers.0.q_norm.bias,7.388648e-01,2.485630e-02,3.364119e-02
2400,layers.0.k_norm.weight,8.848708e+00,3.249145e-02,3.671886e-03
2400,layers.0.k_norm.bias,8.375403e-01,3.642025e-02,4.348477e-02
2400,layers.0.ln_e.weight,6.965884e+00,1.386311e-02,1.990143e-03
2400,layers.0.ln_e.bias,3.959502e-02,6.195735e-03,1.564776e-01
2400,layers.1.qkv_lut.weights,3.786382e+01,9.832497e+00,2.596805e-01
2400,layers.1.qkv_lut.log_soft_score_temp,3.521590e-01,1.753175e-02,4.978363e-02
2400,layers.1.qkv_lut.log_select_temp,4.787640e-01,3.194988e-03,6.673408e-03
2400,layers.1.v_lut.weights,3.723277e+01,9.862612e+00,2.648906e-01
2400,layers.1.v_lut.log_soft_score_temp,5.341547e-01,2.073991e-02,3.882754e-02
2400,layers.1.v_lut.log_select_temp,6.933621e-01,5.207956e-03,7.511163e-03
2400,layers.1.out_proj.weights,5.177414e+01,1.412226e+01,2.727667e-01
2400,layers.1.out_proj.log_soft_score_temp,7.541691e-01,2.085835e-02,2.765739e-02
2400,layers.1.out_proj.log_select_temp,8.512239e-01,5.438507e-03,6.389044e-03
2400,layers.1.residual_lut.weights,5.414013e+01,1.153086e+01,2.129817e-01
2400,layers.1.residual_lut.log_soft_score_temp,5.911403e-01,2.125442e-02,3.595495e-02
2400,layers.1.residual_lut.log_select_temp,7.642066e-01,2.514601e-03,3.290472e-03
2400,layers.1.q_norm.weight,8.376710e+00,2.068590e-02,2.469454e-03
2400,layers.1.q_norm.bias,3.244218e-01,1.579008e-02,4.867147e-02
2400,layers.1.k_norm.weight,8.344440e+00,1.858038e-02,2.226678e-03
2400,layers.1.k_norm.bias,5.862961e-01,3.098587e-02,5.285021e-02
2400,layers.1.ln_e.weight,6.883882e+00,1.919393e-02,2.788242e-03
2400,layers.1.ln_e.bias,2.360909e-02,5.637006e-03,2.387642e-01
2400,layers.2.qkv_lut.weights,3.748223e+01,9.873883e+00,2.634284e-01
2400,layers.2.qkv_lut.log_soft_score_temp,3.681308e-01,2.775553e-02,7.539583e-02
2400,layers.2.qkv_lut.log_select_temp,5.042617e-01,1.122749e-02,2.226520e-02
2400,layers.2.v_lut.weights,3.601956e+01,9.179107e+00,2.548367e-01
2400,layers.2.v_lut.log_soft_score_temp,7.666010e-01,1.187408e-02,1.548926e-02
2400,layers.2.v_lut.log_select_temp,8.523360e-01,5.908012e-04,6.931553e-04
2400,layers.2.out_proj.weights,4.946187e+01,1.375172e+01,2.780267e-01
2400,layers.2.out_proj.log_soft_score_temp,7.752453e-01,5.471110e-03,7.057263e-03
2400,layers.2.out_proj.log_select_temp,8.279030e-01,3.317833e-03,4.007514e-03
2400,layers.2.residual_lut.weights,5.076997e+01,1.222393e+01,2.407709e-01
2400,layers.2.residual_lut.log_soft_score_temp,6.276960e-01,3.481686e-03,5.546771e-03
2400,layers.2.residual_lut.log_select_temp,6.921085e-01,4.626215e-03,6.684233e-03
2400,layers.2.q_norm.weight,8.077663e+00,2.052107e-02,2.540472e-03
2400,layers.2.q_norm.bias,1.698836e-01,1.655632e-02,9.745685e-02
2400,layers.2.k_norm.weight,8.068695e+00,2.188469e-02,2.712296e-03
2400,layers.2.k_norm.bias,2.614580e-01,2.333509e-02,8.924985e-02
2400,layers.2.ln_e.weight,6.903648e+00,1.119339e-02,1.621373e-03
2400,layers.2.ln_e.bias,2.384629e-02,3.582165e-03,1.502190e-01
2400,layers.3.qkv_lut.weights,3.408445e+01,1.001891e+01,2.939438e-01
2400,layers.3.qkv_lut.log_soft_score_temp,6.074754e-01,1.137078e-02,1.871809e-02
2400,layers.3.qkv_lut.log_select_temp,6.554942e-01,6.001472e-03,9.155645e-03
2400,layers.3.v_lut.weights,2.810381e+01,8.290595e+00,2.949989e-01
2400,layers.3.v_lut.log_soft_score_temp,7.549796e-01,3.945351e-03,5.225771e-03
2400,layers.3.v_lut.log_select_temp,7.581710e-01,4.431903e-03,5.845520e-03
2400,layers.3.out_proj.weights,2.947901e+01,9.700057e+00,3.290496e-01
2400,layers.3.out_proj.log_soft_score_temp,6.900465e-01,5.620897e-03,8.145678e-03
2400,layers.3.out_proj.log_select_temp,7.058679e-01,1.613975e-03,2.286511e-03
2400,layers.3.residual_lut.weights,2.353510e+01,8.163583e+00,3.468684e-01
2400,layers.3.residual_lut.log_soft_score_temp,6.448188e-01,4.029632e-03,6.249246e-03
2400,layers.3.residual_lut.log_select_temp,6.540917e-01,9.444952e-04,1.443980e-03
2400,layers.3.q_norm.weight,8.020389e+00,2.094981e-02,2.612069e-03
2400,layers.3.q_norm.bias,1.101480e-01,2.137466e-02,1.940539e-01
2400,layers.3.k_norm.weight,8.023005e+00,2.194055e-02,2.734704e-03
2400,layers.3.k_norm.bias,1.893855e-01,2.504114e-02,1.322231e-01
2400,layers.3.ln_e.weight,6.891547e+00,1.092397e-02,1.585126e-03
2400,layers.3.ln_e.bias,6.139483e-02,5.803759e-03,9.453172e-02
2400,layers.4.qkv_lut.weights,1.297092e+01,4.739950e+00,3.654290e-01
2400,layers.4.qkv_lut.log_soft_score_temp,7.336833e-01,1.293540e-03,1.763077e-03
2400,layers.4.qkv_lut.log_select_temp,7.330141e-01,2.519310e-03,3.436918e-03
2400,layers.4.v_lut.weights,9.342741e+00,3.153338e+00,3.375174e-01
2400,layers.4.v_lut.log_soft_score_temp,7.344968e-01,8.680820e-04,1.181873e-03
2400,layers.4.v_lut.log_select_temp,7.305568e-01,4.516244e-04,6.181920e-04
2400,layers.4.out_proj.weights,1.003108e+01,2.613588e+00,2.605491e-01
2400,layers.4.out_proj.log_soft_score_temp,7.209569e-01,1.195073e-04,1.657621e-04
2400,layers.4.out_proj.log_select_temp,7.310077e-01,9.769797e-04,1.336484e-03
2400,layers.4.residual_lut.weights,6.312043e+00,2.110562e+00,3.343707e-01
2400,layers.4.residual_lut.log_soft_score_temp,6.597933e-01,3.100514e-03,4.699221e-03
2400,layers.4.residual_lut.log_select_temp,6.598417e-01,3.163338e-03,4.794086e-03
2400,layers.4.q_norm.weight,8.036096e+00,2.312852e-02,2.878079e-03
2400,layers.4.q_norm.bias,8.411485e-02,2.080239e-02,2.473094e-01
2400,layers.4.k_norm.weight,8.035013e+00,2.428323e-02,3.022177e-03
2400,layers.4.k_norm.bias,7.376887e-02,2.664736e-02,3.612277e-01
2400,layers.4.ln_e.weight,6.851706e+00,1.602645e-02,2.339046e-03
2400,layers.4.ln_e.bias,8.038692e-02,7.915951e-03,9.847312e-02
2400,layers.5.qkv_lut.weights,4.400671e+00,3.126224e-01,7.103970e-02
2400,layers.5.qkv_lut.log_soft_score_temp,7.896290e-01,6.513178e-03,8.248403e-03
2400,layers.5.qkv_lut.log_select_temp,7.968803e-01,7.482588e-03,9.389852e-03
2400,layers.5.v_lut.weights,5.770885e+00,3.960893e-01,6.863580e-02
2400,layers.5.v_lut.log_soft_score_temp,8.075983e-01,6.939709e-03,8.593021e-03
2400,layers.5.v_lut.log_select_temp,8.192782e-01,7.670820e-03,9.362900e-03
2400,layers.5.out_proj.weights,6.609139e+00,5.227295e-01,7.909191e-02
2400,layers.5.out_proj.log_soft_score_temp,8.031797e-01,9.865224e-03,1.228271e-02
2400,layers.5.out_proj.log_select_temp,8.229844e-01,1.124531e-02,1.366406e-02
2400,layers.5.residual_lut.weights,3.488255e+00,6.265016e-01,1.796032e-01
2400,layers.5.residual_lut.log_soft_score_temp,6.442435e-01,5.035400e-04,7.815989e-04
2400,layers.5.residual_lut.log_select_temp,6.423328e-01,6.298423e-04,9.805545e-04
2400,layers.5.q_norm.weight,7.992552e+00,2.734962e-03,3.421888e-04
2400,layers.5.q_norm.bias,1.472051e-02,1.879054e-03,1.276487e-01
2400,layers.5.k_norm.weight,7.993323e+00,2.713337e-03,3.394504e-04
2400,layers.5.k_norm.bias,1.235199e-02,1.924506e-03,1.558053e-01
2400,layers.5.ln_e.weight,6.840759e+00,1.332433e-02,1.947786e-03
2400,layers.5.ln_e.bias,6.341886e-02,4.593033e-03,7.242377e-02
2400,ln_final.weight,2.521239e+01,5.240397e-01,2.078501e-02
2400,ln_final.bias,9.419255e-01,4.589598e-02,4.872570e-02
2600,tok_emb_E.weight,7.404424e+01,3.183135e+00,4.298964e-02
2600,unembedder.weight,2.058053e+02,1.940440e+01,9.428525e-02
2600,layers.0.qkv_lut.weights,3.956437e+01,9.237266e+00,2.334744e-01
2600,layers.0.qkv_lut.log_soft_score_temp,1.144209e+00,3.049862e-02,2.665477e-02
2600,layers.0.qkv_lut.log_select_temp,1.140417e+00,3.021443e-02,2.649419e-02
2600,layers.0.v_lut.weights,3.930572e+01,9.132182e+00,2.323372e-01
2600,layers.0.v_lut.log_soft_score_temp,1.281902e+00,4.612458e-02,3.598136e-02
2600,layers.0.v_lut.log_select_temp,1.281072e+00,4.599750e-02,3.590548e-02
2600,layers.0.out_proj.weights,5.347630e+01,1.330918e+01,2.488800e-01
2600,layers.0.out_proj.log_soft_score_temp,9.276608e-01,1.613754e-02,1.739595e-02
2600,layers.0.out_proj.log_select_temp,1.005459e+00,2.864480e-03,2.848928e-03
2600,layers.0.residual_lut.weights,6.128096e+01,1.156424e+01,1.887085e-01
2600,layers.0.residual_lut.log_soft_score_temp,8.032123e-01,3.662348e-03,4.559626e-03
2600,layers.0.residual_lut.log_select_temp,9.127014e-01,9.784162e-03,1.072000e-02
2600,layers.0.q_norm.weight,8.917696e+00,3.196650e-02,3.584615e-03
2600,layers.0.q_norm.bias,7.565919e-01,2.202511e-02,2.911095e-02
2600,layers.0.k_norm.weight,8.869318e+00,2.999910e-02,3.382346e-03
2600,layers.0.k_norm.bias,8.573168e-01,2.647800e-02,3.088473e-02
2600,layers.0.ln_e.weight,6.962998e+00,1.141255e-02,1.639029e-03
2600,layers.0.ln_e.bias,4.137282e-02,5.460702e-03,1.319877e-01
2600,layers.1.qkv_lut.weights,3.955427e+01,9.608329e+00,2.429151e-01
2600,layers.1.qkv_lut.log_soft_score_temp,3.348677e-01,1.729134e-02,5.163633e-02
2600,layers.1.qkv_lut.log_select_temp,4.753509e-01,3.413171e-03,7.180319e-03
2600,layers.1.v_lut.weights,3.889888e+01,9.564272e+00,2.458752e-01
2600,layers.1.v_lut.log_soft_score_temp,5.142580e-01,1.989669e-02,3.869008e-02
2600,layers.1.v_lut.log_select_temp,6.903182e-01,3.043890e-03,4.409401e-03
2600,layers.1.out_proj.weights,5.413731e+01,1.371814e+01,2.533953e-01
2600,layers.1.out_proj.log_soft_score_temp,7.312570e-01,2.291209e-02,3.133247e-02
2600,layers.1.out_proj.log_select_temp,8.433034e-01,7.920444e-03,9.392164e-03
2600,layers.1.residual_lut.weights,5.649600e+01,1.121579e+01,1.985236e-01
2600,layers.1.residual_lut.log_soft_score_temp,5.699211e-01,2.121925e-02,3.723192e-02
2600,layers.1.residual_lut.log_select_temp,7.615839e-01,2.622724e-03,3.443775e-03
2600,layers.1.q_norm.weight,8.388530e+00,2.127709e-02,2.536451e-03
2600,layers.1.q_norm.bias,3.377009e-01,1.668653e-02,4.941215e-02
2600,layers.1.k_norm.weight,8.355841e+00,2.210438e-02,2.645380e-03
2600,layers.1.k_norm.bias,6.121235e-01,3.225871e-02,5.269968e-02
2600,layers.1.ln_e.weight,6.874201e+00,1.619296e-02,2.355614e-03
2600,layers.1.ln_e.bias,2.565241e-02,4.849337e-03,1.890402e-01
2600,layers.2.qkv_lut.weights,3.914696e+01,9.589729e+00,2.449674e-01
2600,layers.2.qkv_lut.log_soft_score_temp,3.426807e-01,2.545014e-02,7.426780e-02
2600,layers.2.qkv_lut.log_select_temp,4.967259e-01,7.535815e-03,1.517097e-02
2600,layers.2.v_lut.weights,3.771060e+01,8.908834e+00,2.362422e-01
2600,layers.2.v_lut.log_soft_score_temp,7.533758e-01,1.322520e-02,1.755458e-02
2600,layers.2.v_lut.log_select_temp,8.523533e-01,1.728535e-05,2.027956e-05
2600,layers.2.out_proj.weights,5.185627e+01,1.339677e+01,2.583443e-01
2600,layers.2.out_proj.log_soft_score_temp,7.657869e-01,9.458423e-03,1.235125e-02
2600,layers.2.out_proj.log_select_temp,8.280458e-01,1.427531e-04,1.723976e-04
2600,layers.2.residual_lut.weights,5.345420e+01,1.195673e+01,2.236817e-01
2600,layers.2.residual_lut.log_soft_score_temp,6.243705e-01,3.325522e-03,5.326200e-03
2600,layers.2.residual_lut.log_select_temp,6.969953e-01,4.886746e-03,7.011162e-03
2600,layers.2.q_norm.weight,8.093915e+00,2.234764e-02,2.761042e-03
2600,layers.2.q_norm.bias,1.785648e-01,1.497474e-02,8.386163e-02
2600,layers.2.k_norm.weight,8.085164e+00,2.241736e-02,2.772654e-03
2600,layers.2.k_norm.bias,2.766881e-01,2.084004e-02,7.531959e-02
2600,layers.2.ln_e.weight,6.902277e+00,1.261785e-02,1.828071e-03
2600,layers.2.ln_e.bias,2.453839e-02,3.093099e-03,1.260515e-01
2600,layers.3.qkv_lut.weights,3.584447e+01,9.684867e+00,2.701914e-01
2600,layers.3.qkv_lut.log_soft_score_temp,5.981652e-01,9.310246e-03,1.556467e-02
2600,layers.3.qkv_lut.log_select_temp,6.517881e-01,3.706098e-03,5.686047e-03
2600,layers.3.v_lut.weights,2.981272e+01,8.149749e+00,2.733648e-01
2600,layers.3.v_lut.log_soft_score_temp,7.578601e-01,2.880454e-03,3.800773e-03
2600,layers.3.v_lut.log_select_temp,7.620819e-01,3.910899e-03,5.131862e-03
2600,layers.3.out_proj.weights,3.145569e+01,9.734153e+00,3.094560e-01
2600,layers.3.out_proj.log_soft_score_temp,6.814283e-01,8.618236e-03,1.264731e-02
2600,layers.3.out_proj.log_select_temp,7.017505e-01,4.117489e-03,5.867454e-03
2600,layers.3.residual_lut.weights,2.518314e+01,8.214414e+00,3.261870e-01
2600,layers.3.residual_lut.log_soft_score_temp,6.429858e-01,1.833022e-03,2.850796e-03
2600,layers.3.residual_lut.log_select_temp,6.546233e-01,5.316138e-04,8.120912e-04
2600,layers.3.q_norm.weight,8.024023e+00,2.326057e-02,2.898866e-03
2600,layers.3.q_norm.bias,1.196030e-01,1.786516e-02,1.493706e-01
2600,layers.3.k_norm.weight,8.026734e+00,2.155820e-02,2.685799e-03
2600,layers.3.k_norm.bias,1.960916e-01,1.799555e-02,9.177110e-02
2600,layers.3.ln_e.weight,6.890847e+00,9.081570e-03,1.317918e-03
2600,layers.3.ln_e.bias,6.308272e-02,5.174587e-03,8.202861e-02
2600,layers.4.qkv_lut.weights,1.405594e+01,4.788150e+00,3.406497e-01
2600,layers.4.qkv_lut.log_soft_score_temp,7.373275e-01,3.644168e-03,4.942402e-03
2600,layers.4.qkv_lut.log_select_temp,7.364511e-01,3.437042e-03,4.667034e-03
2600,layers.4.v_lut.weights,1.008391e+01,3.211876e+00,3.185150e-01
2600,layers.4.v_lut.log_soft_score_temp,7.375780e-01,3.081262e-03,4.177541e-03
2600,layers.4.v_lut.log_select_temp,7.332212e-01,2.664328e-03,3.633730e-03
2600,layers.4.out_proj.weights,1.058952e+01,2.666333e+00,2.517898e-01
2600,layers.4.out_proj.log_soft_score_temp,7.198001e-01,1.156747e-03,1.607040e-03
2600,layers.4.out_proj.log_select_temp,7.306293e-01,3.783703e-04,5.178690e-04
2600,layers.4.residual_lut.weights,6.663197e+00,2.268451e+00,3.404449e-01
2600,layers.4.residual_lut.log_soft_score_temp,6.611007e-01,1.307428e-03,1.977653e-03
2600,layers.4.residual_lut.log_select_temp,6.615573e-01,1.715600e-03,2.593276e-03
2600,layers.4.q_norm.weight,8.038395e+00,2.549531e-02,3.171691e-03
2600,layers.4.q_norm.bias,9.223686e-02,2.694142e-02,2.920895e-01
2600,layers.4.k_norm.weight,8.037307e+00,1.793844e-02,2.231896e-03
2600,layers.4.k_norm.bias,7.073501e-02,2.088040e-02,2.951919e-01
2600,layers.4.ln_e.weight,6.850352e+00,1.361305e-02,1.987204e-03
2600,layers.4.ln_e.bias,8.574608e-02,6.850136e-03,7.988862e-02
2600,layers.5.qkv_lut.weights,4.538315e+00,2.921058e-01,6.436436e-02
2600,layers.5.qkv_lut.log_soft_score_temp,7.930368e-01,3.407776e-03,4.297122e-03
2600,layers.5.qkv_lut.log_select_temp,8.012422e-01,4.361868e-03,5.443882e-03
2600,layers.5.v_lut.weights,5.972209e+00,3.814408e-01,6.386930e-02
2600,layers.5.v_lut.log_soft_score_temp,8.124862e-01,4.887938e-03,6.016026e-03
2600,layers.5.v_lut.log_select_temp,8.255187e-01,6.240487e-03,7.559474e-03
2600,layers.5.out_proj.weights,6.717404e+00,4.606482e-01,6.857533e-02
2600,layers.5.out_proj.log_soft_score_temp,8.134041e-01,1.022446e-02,1.256996e-02
2600,layers.5.out_proj.log_select_temp,8.347166e-01,1.173216e-02,1.405526e-02
2600,layers.5.residual_lut.weights,3.517296e+00,6.062790e-01,1.723707e-01
2600,layers.5.residual_lut.log_soft_score_temp,6.450257e-01,7.821918e-04,1.212652e-03
2600,layers.5.residual_lut.log_select_temp,6.426942e-01,3.613830e-04,5.622938e-04
2600,layers.5.q_norm.weight,7.992287e+00,1.874705e-03,2.345643e-04
2600,layers.5.q_norm.bias,1.499302e-02,1.434758e-03,9.569506e-02
2600,layers.5.k_norm.weight,7.993074e+00,1.618185e-03,2.024484e-04
2600,layers.5.k_norm.bias,1.238136e-02,1.606649e-03,1.297636e-01
2600,layers.5.ln_e.weight,6.836274e+00,1.531961e-02,2.240929e-03
2600,layers.5.ln_e.bias,6.644338e-02,4.702287e-03,7.077133e-02
2600,ln_final.weight,2.572729e+01,5.219196e-01,2.028661e-02
2600,ln_final.bias,9.457717e-01,4.416780e-02,4.670027e-02
2800,tok_emb_E.weight,7.415925e+01,3.086837e+00,4.162444e-02
2800,unembedder.weight,2.096180e+02,1.866096e+01,8.902365e-02
2800,layers.0.qkv_lut.weights,4.107087e+01,9.034732e+00,2.199791e-01
2800,layers.0.qkv_lut.log_soft_score_temp,1.171070e+00,2.686119e-02,2.293731e-02
2800,layers.0.qkv_lut.log_select_temp,1.166868e+00,2.645075e-02,2.266817e-02
2800,layers.0.v_lut.weights,4.076723e+01,8.868901e+00,2.175497e-01
2800,layers.0.v_lut.log_soft_score_temp,1.325050e+00,4.314768e-02,3.256307e-02
2800,layers.0.v_lut.log_select_temp,1.324158e+00,4.308653e-02,3.253880e-02
2800,layers.0.out_proj.weights,5.558940e+01,1.286423e+01,2.314152e-01
2800,layers.0.out_proj.log_soft_score_temp,9.152468e-01,1.241398e-02,1.356353e-02
2800,layers.0.out_proj.log_select_temp,1.005541e+00,8.177757e-05,8.132697e-05
2800,layers.0.residual_lut.weights,6.362430e+01,1.118994e+01,1.758752e-01
2800,layers.0.residual_lut.log_soft_score_temp,7.993943e-01,3.818035e-03,4.776160e-03
2800,layers.0.residual_lut.log_select_temp,9.224232e-01,9.721875e-03,1.053950e-02
2800,layers.0.q_norm.weight,8.942782e+00,3.436566e-02,3.842837e-03
2800,layers.0.q_norm.bias,7.805781e-01,2.724733e-02,3.490660e-02
2800,layers.0.k_norm.weight,8.892805e+00,3.308143e-02,3.720022e-03
2800,layers.0.k_norm.bias,8.835161e-01,3.246306e-02,3.674304e-02
2800,layers.0.ln_e.weight,6.960926e+00,1.284718e-02,1.845614e-03
2800,layers.0.ln_e.bias,4.485616e-02,6.621854e-03,1.476242e-01
2800,layers.1.qkv_lut.weights,4.111449e+01,9.329620e+00,2.269181e-01
2800,layers.1.qkv_lut.log_soft_score_temp,3.265198e-01,8.347869e-03,2.556620e-02
2800,layers.1.qkv_lut.log_select_temp,4.792067e-01,3.855884e-03,8.046389e-03
2800,layers.1.v_lut.weights,4.040296e+01,9.287473e+00,2.298711e-01
2800,layers.1.v_lut.log_soft_score_temp,4.978395e-01,1.641849e-02,3.297948e-02
2800,layers.1.v_lut.log_select_temp,6.880281e-01,2.290130e-03,3.328541e-03
2800,layers.1.out_proj.weights,5.628156e+01,1.329003e+01,2.361347e-01
2800,layers.1.out_proj.log_soft_score_temp,7.117988e-01,1.945823e-02,2.733671e-02
2800,layers.1.out_proj.log_select_temp,8.396911e-01,3.612339e-03,4.301986e-03
2800,layers.1.residual_lut.weights,5.865048e+01,1.090436e+01,1.859210e-01
2800,layers.1.residual_lut.log_soft_score_temp,5.496489e-01,2.027220e-02,3.688208e-02
2800,layers.1.residual_lut.log_select_temp,7.594510e-01,2.132833e-03,2.808388e-03
2800,layers.1.q_norm.weight,8.402632e+00,2.652631e-02,3.156905e-03
2800,layers.1.q_norm.bias,3.475553e-01,1.402616e-02,4.035663e-02
2800,layers.1.k_norm.weight,8.368389e+00,2.534663e-02,3.028854e-03
2800,layers.1.k_norm.bias,6.337153e-01,2.835664e-02,4.474665e-02
2800,layers.1.ln_e.weight,6.865910e+00,1.686776e-02,2.456741e-03
2800,layers.1.ln_e.bias,2.857259e-02,4.686744e-03,1.640294e-01
2800,layers.2.qkv_lut.weights,4.067741e+01,9.317200e+00,2.290509e-01
2800,layers.2.qkv_lut.log_soft_score_temp,3.241452e-01,1.853549e-02,5.718269e-02
2800,layers.2.qkv_lut.log_select_temp,4.946574e-01,2.068430e-03,4.181541e-03
2800,layers.2.v_lut.weights,3.927600e+01,8.632505e+00,2.197909e-01
2800,layers.2.v_lut.log_soft_score_temp,7.388554e-01,1.452041e-02,1.965257e-02
2800,layers.2.v_lut.log_select_temp,8.499581e-01,2.395213e-03,2.818036e-03
2800,layers.2.out_proj.weights,5.403517e+01,1.301793e+01,2.409158e-01
2800,layers.2.out_proj.log_soft_score_temp,7.553921e-01,1.039475e-02,1.376074e-02
2800,layers.2.out_proj.log_select_temp,8.269122e-01,1.133621e-03,1.370908e-03
2800,layers.2.residual_lut.weights,5.590399e+01,1.157436e+01,2.070399e-01
2800,layers.2.residual_lut.log_soft_score_temp,6.216369e-01,2.733588e-03,4.397404e-03
2800,layers.2.residual_lut.log_select_temp,7.026302e-01,5.634964e-03,8.019814e-03
2800,layers.2.q_norm.weight,8.110763e+00,2.429494e-02,2.995396e-03
2800,layers.2.q_norm.bias,1.875440e-01,1.320087e-02,7.038815e-02
2800,layers.2.k_norm.weight,8.101564e+00,2.602334e-02,3.212138e-03
2800,layers.2.k_norm.bias,2.914725e-01,2.157663e-02,7.402631e-02
2800,layers.2.ln_e.weight,6.901433e+00,9.236852e-03,1.338396e-03
2800,layers.2.ln_e.bias,2.635895e-02,4.296063e-03,1.629831e-01
2800,layers.3.qkv_lut.weights,3.741647e+01,9.431834e+00,2.520770e-01
2800,layers.3.qkv_lut.log_soft_score_temp,5.871919e-01,1.097322e-02,1.868761e-02
2800,layers.3.qkv_lut.log_select_temp,6.453576e-01,6.430507e-03,9.964253e-03
2800,layers.3.v_lut.weights,3.128015e+01,7.924188e+00,2.533296e-01
2800,layers.3.v_lut.log_soft_score_temp,7.624879e-01,4.627824e-03,6.069374e-03
2800,layers.3.v_lut.log_select_temp,7.671811e-01,5.099237e-03,6.646719e-03
2800,layers.3.out_proj.weights,3.333072e+01,9.523505e+00,2.857276e-01
2800,layers.3.out_proj.log_soft_score_temp,6.666145e-01,1.481378e-02,2.222241e-02
2800,layers.3.out_proj.log_select_temp,6.921515e-01,9.598970e-03,1.386831e-02
2800,layers.3.residual_lut.weights,2.668633e+01,8.039014e+00,3.012409e-01
2800,layers.3.residual_lut.log_soft_score_temp,6.395935e-01,3.392279e-03,5.303805e-03
2800,layers.3.residual_lut.log_select_temp,6.535164e-01,1.106858e-03,1.693696e-03
2800,layers.3.q_norm.weight,8.024453e+00,2.242803e-02,2.794961e-03
2800,layers.3.q_norm.bias,1.283067e-01,1.787830e-02,1.393403e-01
2800,layers.3.k_norm.weight,8.028493e+00,2.180666e-02,2.716159e-03
2800,layers.3.k_norm.bias,2.117506e-01,2.607683e-02,1.231488e-01
2800,layers.3.ln_e.weight,6.890124e+00,1.085276e-02,1.575118e-03
2800,layers.3.ln_e.bias,6.420943e-02,8.428046e-03,1.312587e-01
2800,layers.4.qkv_lut.weights,1.505976e+01,4.859002e+00,3.226479e-01
2800,layers.4.qkv_lut.log_soft_score_temp,7.406910e-01,3.363550e-03,4.541097e-03
2800,layers.4.qkv_lut.log_select_temp,7.411430e-01,4.691839e-03,6.330545e-03
2800,layers.4.v_lut.weights,1.077804e+01,3.148244e+00,2.920981e-01
2800,layers.4.v_lut.log_soft_score_temp,7.396483e-01,2.070308e-03,2.799043e-03
2800,layers.4.v_lut.log_select_temp,7.348613e-01,1.640141e-03,2.231906e-03
2800,layers.4.out_proj.weights,1.110443e+01,2.674650e+00,2.408634e-01
2800,layers.4.out_proj.log_soft_score_temp,7.202738e-01,4.736781e-04,6.576362e-04
2800,layers.4.out_proj.log_select_temp,7.313374e-01,7.080436e-04,9.681490e-04
2800,layers.4.residual_lut.weights,7.047404e+00,2.340418e+00,3.320964e-01
2800,layers.4.residual_lut.log_soft_score_temp,6.621787e-01,1.078010e-03,1.627974e-03
2800,layers.4.residual_lut.log_select_temp,6.627404e-01,1.183093e-03,1.785152e-03
2800,layers.4.q_norm.weight,8.038192e+00,1.926595e-02,2.396802e-03
2800,layers.4.q_norm.bias,9.288934e-02,1.765972e-02,1.901157e-01
2800,layers.4.k_norm.weight,8.037591e+00,1.993896e-02,2.480713e-03
2800,layers.4.k_norm.bias,7.463152e-02,2.787472e-02,3.734980e-01
2800,layers.4.ln_e.weight,6.846748e+00,1.480595e-02,2.162480e-03
2800,layers.4.ln_e.bias,8.881949e-02,6.050756e-03,6.812419e-02
2800,layers.5.qkv_lut.weights,4.657724e+00,2.680306e-01,5.754540e-02
2800,layers.5.qkv_lut.log_soft_score_temp,7.971538e-01,4.116952e-03,5.164565e-03
2800,layers.5.qkv_lut.log_select_temp,8.061954e-01,4.953265e-03,6.144001e-03
2800,layers.5.v_lut.weights,6.146798e+00,3.330965e-01,5.419026e-02
2800,layers.5.v_lut.log_soft_score_temp,8.183474e-01,5.861163e-03,7.162194e-03
2800,layers.5.v_lut.log_select_temp,8.325853e-01,7.066607e-03,8.487548e-03
2800,layers.5.out_proj.weights,6.822882e+00,4.622476e-01,6.774961e-02
2800,layers.5.out_proj.log_soft_score_temp,8.233923e-01,9.988189e-03,1.213053e-02
2800,layers.5.out_proj.log_select_temp,8.454906e-01,1.077402e-02,1.274292e-02
2800,layers.5.residual_lut.weights,3.559496e+00,5.972269e-01,1.677841e-01
2800,layers.5.residual_lut.log_soft_score_temp,6.452760e-01,2.502203e-04,3.877725e-04
2800,layers.5.residual_lut.log_select_temp,6.425678e-01,1.264215e-04,1.967442e-04
2800,layers.5.q_norm.weight,7.991886e+00,1.927415e-03,2.411715e-04
2800,layers.5.q_norm.bias,1.490386e-02,1.519487e-03,1.019526e-01
2800,layers.5.k_norm.weight,7.992682e+00,2.208501e-03,2.763154e-04
2800,layers.5.k_norm.bias,1.293724e-02,1.505946e-03,1.164040e-01
2800,layers.5.ln_e.weight,6.830670e+00,1.905336e-02,2.789384e-03
2800,layers.5.ln_e.bias,6.897091e-02,4.482546e-03,6.499184e-02
2800,ln_final.weight,2.623404e+01,5.132951e-01,1.956599e-02
2800,ln_final.bias,9.474102e-01,4.567247e-02,4.820770e-02
3000,tok_emb_E.weight,7.426267e+01,2.968572e+00,3.997394e-02
3000,unembedder.weight,2.128669e+02,1.791901e+01,8.417945e-02
3000,layers.0.qkv_lut.weights,4.245236e+01,8.715145e+00,2.052924e-01
3000,layers.0.qkv_lut.log_soft_score_temp,1.193633e+00,2.256286e-02,1.890268e-02
3000,layers.0.qkv_lut.log_select_temp,1.188837e+00,2.196968e-02,1.847997e-02
3000,layers.0.v_lut.weights,4.208858e+01,8.575752e+00,2.037548e-01
3000,layers.0.v_lut.log_soft_score_temp,1.365620e+00,4.057038e-02,2.970840e-02
3000,layers.0.v_lut.log_select_temp,1.364662e+00,4.050326e-02,2.968008e-02
3000,layers.0.out_proj.weights,5.749890e+01,1.243669e+01,2.162945e-01
3000,layers.0.out_proj.log_soft_score_temp,9.076408e-01,7.606030e-03,8.380000e-03
3000,layers.0.out_proj.log_select_temp,1.009203e+00,3.662348e-03,3.628951e-03
3000,layers.0.residual_lut.weights,6.582103e+01,1.076633e+01,1.635698e-01
3000,layers.0.residual_lut.log_soft_score_temp,7.996256e-01,2.312660e-04,2.892179e-04
3000,layers.0.residual_lut.log_select_temp,9.337999e-01,1.137668e-02,1.218321e-02
3000,layers.0.q_norm.weight,8.961497e+00,2.631345e-02,2.936278e-03
3000,layers.0.q_norm.bias,7.977098e-01,2.097197e-02,2.629022e-02
3000,layers.0.k_norm.weight,8.909393e+00,2.541016e-02,2.852064e-03
3000,layers.0.k_norm.bias,9.064690e-01,2.873834e-02,3.170361e-02
3000,layers.0.ln_e.weight,6.959244e+00,1.278103e-02,1.836554e-03
3000,layers.0.ln_e.bias,4.785907e-02,5.707340e-03,1.192531e-01
3000,layers.1.qkv_lut.weights,4.250368e+01,9.002653e+00,2.118088e-01
3000,layers.1.qkv_lut.log_soft_score_temp,3.124490e-01,1.407075e-02,4.503374e-02
3000,layers.1.qkv_lut.log_select_temp,4.803190e-01,1.112282e-03,2.315716e-03
3000,layers.1.v_lut.weights,4.177429e+01,8.968897e+00,2.146990e-01
3000,layers.1.v_lut.log_soft_score_temp,4.825714e-01,1.526815e-02,3.163915e-02
3000,layers.1.v_lut.log_select_temp,6.864721e-01,1.556039e-03,2.266718e-03
3000,layers.1.out_proj.weights,5.821107e+01,1.284970e+01,2.207432e-01
3000,layers.1.out_proj.log_soft_score_temp,6.936681e-01,1.813066e-02,2.613737e-02
3000,layers.1.out_proj.log_select_temp,8.364831e-01,3.208041e-03,3.835154e-03
3000,layers.1.residual_lut.weights,6.054804e+01,1.040573e+01,1.718591e-01
3000,layers.1.residual_lut.log_soft_score_temp,5.327594e-01,1.688945e-02,3.170184e-02
3000,layers.1.residual_lut.log_select_temp,7.589699e-01,4.811287e-04,6.339233e-04
3000,layers.1.q_norm.weight,8.413854e+00,2.010459e-02,2.389462e-03
3000,layers.1.q_norm.bias,3.576531e-01,1.335333e-02,3.733599e-02
3000,layers.1.k_norm.weight,8.378760e+00,1.986020e-02,2.370303e-03
3000,layers.1.k_norm.bias,6.544727e-01,2.453145e-02,3.748276e-02
3000,layers.1.ln_e.weight,6.857946e+00,1.461829e-02,2.131584e-03
3000,layers.1.ln_e.bias,3.133664e-02,5.274370e-03,1.683132e-01
3000,layers.2.qkv_lut.weights,4.204831e+01,9.002814e+00,2.141064e-01
3000,layers.2.qkv_lut.log_soft_score_temp,3.058587e-01,1.828653e-02,5.978750e-02
3000,layers.2.qkv_lut.log_select_temp,4.917580e-01,2.899468e-03,5.896128e-03
3000,layers.2.v_lut.weights,4.067649e+01,8.320667e+00,2.045572e-01
3000,layers.2.v_lut.log_soft_score_temp,7.219318e-01,1.692367e-02,2.344220e-02
3000,layers.2.v_lut.log_select_temp,8.457533e-01,4.204810e-03,4.971674e-03
3000,layers.2.out_proj.weights,5.603187e+01,1.254551e+01,2.238995e-01
3000,layers.2.out_proj.log_soft_score_temp,7.430113e-01,1.238084e-02,1.666306e-02
3000,layers.2.out_proj.log_select_temp,8.242589e-01,2.653301e-03,3.219014e-03
3000,layers.2.residual_lut.weights,5.805994e+01,1.111538e+01,1.914466e-01
3000,layers.2.residual_lut.log_soft_score_temp,6.180615e-01,3.575385e-03,5.784836e-03
3000,layers.2.residual_lut.log_select_temp,7.062752e-01,3.644943e-03,5.160798e-03
3000,layers.2.q_norm.weight,8.122437e+00,1.846188e-02,2.272948e-03
3000,layers.2.q_norm.bias,1.982834e-01,1.494156e-02,7.535455e-02
3000,layers.2.k_norm.weight,8.112741e+00,1.957615e-02,2.413013e-03
3000,layers.2.k_norm.bias,3.049063e-01,2.043595e-02,6.702372e-02
3000,layers.2.ln_e.weight,6.899771e+00,1.205168e-02,1.746679e-03
3000,layers.2.ln_e.bias,2.728049e-02,3.690952e-03,1.352964e-01
3000,layers.3.qkv_lut.weights,3.886181e+01,9.121967e+00,2.347283e-01
3000,layers.3.qkv_lut.log_soft_score_temp,5.749790e-01,1.221293e-02,2.124066e-02
3000,layers.3.qkv_lut.log_select_temp,6.393153e-01,6.042302e-03,9.451208e-03
3000,layers.3.v_lut.weights,3.267702e+01,7.738454e+00,2.368164e-01
3000,layers.3.v_lut.log_soft_score_temp,7.680631e-01,5.575180e-03,7.258753e-03
3000,layers.3.v_lut.log_select_temp,7.740974e-01,6.916285e-03,8.934644e-03
3000,layers.3.out_proj.weights,3.504031e+01,9.524459e+00,2.718144e-01
3000,layers.3.out_proj.log_soft_score_temp,6.559157e-01,1.069880e-02,1.631124e-02
3000,layers.3.out_proj.log_select_temp,6.861940e-01,5.957484e-03,8.681924e-03
3000,layers.3.residual_lut.weights,2.804871e+01,7.921049e+00,2.824033e-01
3000,layers.3.residual_lut.log_soft_score_temp,6.374900e-01,2.103508e-03,3.299671e-03
3000,layers.3.residual_lut.log_select_temp,6.535328e-01,1.639128e-05,2.508103e-05
3000,layers.3.q_norm.weight,8.026100e+00,2.098977e-02,2.615189e-03
3000,layers.3.q_norm.bias,1.310966e-01,1.266810e-02,9.663174e-02
3000,layers.3.k_norm.weight,8.029737e+00,2.246375e-02,2.797569e-03
3000,layers.3.k_norm.bias,2.224998e-01,2.235468e-02,1.004706e-01
3000,layers.3.ln_e.weight,6.888941e+00,8.749067e-03,1.270016e-03
3000,layers.3.ln_e.bias,6.410239e-02,5.571347e-03,8.691325e-02
3000,layers.4.qkv_lut.weights,1.593844e+01,4.805710e+00,3.015169e-01
3000,layers.4.qkv_lut.log_soft_score_temp,7.445096e-01,3.818572e-03,5.128976e-03
3000,layers.4.qkv_lut.log_select_temp,7.463331e-01,5.190134e-03,6.954179e-03
3000,layers.4.v_lut.weights,1.139108e+01,3.295967e+00,2.893462e-01
3000,layers.4.v_lut.log_soft_score_temp,7.420509e-01,2.402544e-03,3.237708e-03
3000,layers.4.v_lut.log_select_temp,7.372931e-01,2.431810e-03,3.298295e-03
3000,layers.4.out_proj.weights,1.155057e+01,2.747290e+00,2.378489e-01
3000,layers.4.out_proj.log_soft_score_temp,7.223360e-01,2.062201e-03,2.854906e-03
3000,layers.4.out_proj.log_select_temp,7.334669e-01,2.129495e-03,2.903328e-03
3000,layers.4.residual_lut.weights,7.406010e+00,2.315801e+00,3.126921e-01
3000,layers.4.residual_lut.log_soft_score_temp,6.648723e-01,2.693594e-03,4.051295e-03
3000,layers.4.residual_lut.log_select_temp,6.658137e-01,3.073275e-03,4.615818e-03
3000,layers.4.q_norm.weight,8.041049e+00,1.711879e-02,2.128925e-03
3000,layers.4.q_norm.bias,9.731844e-02,1.685162e-02,1.731595e-01
3000,layers.4.k_norm.weight,8.041149e+00,1.618010e-02,2.012163e-03
3000,layers.4.k_norm.bias,7.726994e-02,1.953478e-02,2.528121e-01
3000,layers.4.ln_e.weight,6.844637e+00,1.313834e-02,1.919509e-03
3000,layers.4.ln_e.bias,9.256388e-02,5.881516e-03,6.354008e-02
3000,layers.5.qkv_lut.weights,4.761332e+00,1.948841e-01,4.093059e-02
3000,layers.5.qkv_lut.log_soft_score_temp,8.013386e-01,4.184783e-03,5.222240e-03
3000,layers.5.qkv_lut.log_select_temp,8.116509e-01,5.455434e-03,6.721405e-03
3000,layers.5.v_lut.weights,6.298626e+00,2.529563e-01,4.016055e-02
3000,layers.5.v_lut.log_soft_score_temp,8.243731e-01,6.025732e-03,7.309471e-03
3000,layers.5.v_lut.log_select_temp,8.389918e-01,6.406486e-03,7.635934e-03
3000,layers.5.out_proj.weights,6.990342e+00,4.307409e-01,6.161943e-02
3000,layers.5.out_proj.log_soft_score_temp,8.303798e-01,6.987512e-03,8.414838e-03
3000,layers.5.out_proj.log_select_temp,8.531750e-01,7.684469e-03,9.006908e-03
3000,layers.5.residual_lut.weights,3.602539e+00,5.755414e-01,1.597600e-01
3000,layers.5.residual_lut.log_soft_score_temp,6.440676e-01,1.208365e-03,1.876146e-03
3000,layers.5.residual_lut.log_select_temp,6.413114e-01,1.256347e-03,1.959028e-03
3000,layers.5.q_norm.weight,7.991554e+00,1.217965e-03,1.524065e-04
3000,layers.5.q_norm.bias,1.477503e-02,8.200124e-04,5.549987e-02
3000,layers.5.k_norm.weight,7.992342e+00,1.656230e-03,2.072271e-04
3000,layers.5.k_norm.bias,1.313843e-02,1.010220e-03,7.689047e-02
3000,layers.5.ln_e.weight,6.825802e+00,1.503900e-02,2.203258e-03
3000,layers.5.ln_e.bias,6.991182e-02,3.923526e-03,5.612107e-02
3000,ln_final.weight,2.671260e+01,4.865568e-01,1.821450e-02
3000,ln_final.bias,9.493808e-01,3.909797e-02,4.118260e-02
3200,tok_emb_E.weight,7.435619e+01,2.843997e+00,3.824829e-02
3200,unembedder.weight,2.158474e+02,1.688832e+01,7.824194e-02
3200,layers.0.qkv_lut.weights,4.368317e+01,8.459222e+00,1.936494e-01
3200,layers.0.qkv_lut.log_soft_score_temp,1.211787e+00,1.815379e-02,1.498101e-02
3200,layers.0.qkv_lut.log_select_temp,1.206586e+00,1.774848e-02,1.470967e-02
3200,layers.0.v_lut.weights,4.327149e+01,8.260719e+00,1.909044e-01
3200,layers.0.v_lut.log_soft_score_temp,1.401928e+00,3.630853e-02,2.589899e-02
3200,layers.0.v_lut.log_select_temp,1.400737e+00,3.607523e-02,2.575447e-02
3200,layers.0.out_proj.weights,5.922602e+01,1.197307e+01,2.021589e-01
3200,layers.0.out_proj.log_soft_score_temp,8.953559e-01,1.228487e-02,1.372066e-02
3200,layers.0.out_proj.log_select_temp,1.010162e+00,9.593964e-04,9.497447e-04
3200,layers.0.residual_lut.weights,6.782360e+01,1.045463e+01,1.541444e-01
3200,layers.0.residual_lut.log_soft_score_temp,7.971659e-01,2.459645e-03,3.085487e-03
3200,layers.0.residual_lut.log_select_temp,9.440559e-01,1.025593e-02,1.086369e-02
3200,layers.0.q_norm.weight,8.977129e+00,2.742722e-02,3.055233e-03
3200,layers.0.q_norm.bias,8.146691e-01,2.105714e-02,2.584748e-02
3200,layers.0.k_norm.weight,8.922958e+00,2.709992e-02,3.037101e-03
3200,layers.0.k_norm.bias,9.277810e-01,2.836968e-02,3.057799e-02
3200,layers.0.ln_e.weight,6.957922e+00,1.159492e-02,1.666435e-03
3200,layers.0.ln_e.bias,4.821582e-02,4.893659e-03,1.014949e-01
3200,layers.1.qkv_lut.weights,4.372428e+01,8.631636e+00,1.974106e-01
3200,layers.1.qkv_lut.log_soft_score_temp,3.011827e-01,1.126629e-02,3.740683e-02
3200,layers.1.qkv_lut.log_select_temp,4.810407e-01,7.216930e-04,1.500274e-03
3200,layers.1.v_lut.weights,4.301001e+01,8.641118e+00,2.009095e-01
3200,layers.1.v_lut.log_soft_score_temp,4.707263e-01,1.184511e-02,2.516348e-02
3200,layers.1.v_lut.log_select_temp,6.883309e-01,1.858830e-03,2.700490e-03
3200,layers.1.out_proj.weights,5.994536e+01,1.235946e+01,2.061787e-01
3200,layers.1.out_proj.log_soft_score_temp,6.734987e-01,2.016944e-02,2.994725e-02
3200,layers.1.out_proj.log_select_temp,8.330058e-01,3.477216e-03,4.174299e-03
3200,layers.1.residual_lut.weights,6.229775e+01,1.007765e+01,1.617658e-01
3200,layers.1.residual_lut.log_soft_score_temp,5.137054e-01,1.905406e-02,3.709141e-02
3200,layers.1.residual_lut.log_select_temp,7.563900e-01,2.579927e-03,3.410843e-03
3200,layers.1.q_norm.weight,8.435014e+00,2.849643e-02,3.378350e-03
3200,layers.1.q_norm.bias,3.725820e-01,1.811270e-02,4.861401e-02
3200,layers.1.k_norm.weight,8.398991e+00,2.840163e-02,3.381553e-03
3200,layers.1.k_norm.bias,6.837073e-01,3.594250e-02,5.257001e-02
3200,layers.1.ln_e.weight,6.849674e+00,1.419530e-02,2.072406e-03
3200,layers.1.ln_e.bias,3.402175e-02,4.693064e-03,1.379431e-01
3200,layers.2.qkv_lut.weights,4.327758e+01,8.658674e+00,2.000730e-01
3200,layers.2.qkv_lut.log_soft_score_temp,2.914132e-01,1.444551e-02,4.957056e-02
3200,layers.2.qkv_lut.log_select_temp,4.926545e-01,8.965135e-04,1.819761e-03
3200,layers.2.v_lut.weights,4.193900e+01,8.010861e+00,1.910122e-01
3200,layers.2.v_lut.log_soft_score_temp,7.031138e-01,1.881796e-02,2.676375e-02
3200,layers.2.v_lut.log_select_temp,8.398356e-01,5.917728e-03,7.046293e-03
3200,layers.2.out_proj.weights,5.783108e+01,1.209319e+01,2.091123e-01
3200,layers.2.out_proj.log_soft_score_temp,7.299789e-01,1.303238e-02,1.785309e-02
3200,layers.2.out_proj.log_select_temp,8.220067e-01,2.252162e-03,2.739834e-03
3200,layers.2.residual_lut.weights,6.006161e+01,1.075846e+01,1.791238e-01
3200,layers.2.residual_lut.log_soft_score_temp,6.147938e-01,3.267646e-03,5.315027e-03
3200,layers.2.residual_lut.log_select_temp,7.103637e-01,4.088521e-03,5.755532e-03
3200,layers.2.q_norm.weight,8.136285e+00,2.045194e-02,2.513671e-03
3200,layers.2.q_norm.bias,2.030256e-01,1.072078e-02,5.280506e-02
3200,layers.2.k_norm.weight,8.126472e+00,2.014041e-02,2.478371e-03
3200,layers.2.k_norm.bias,3.171108e-01,1.796635e-02,5.665637e-02
3200,layers.2.ln_e.weight,6.898608e+00,1.005779e-02,1.457944e-03
3200,layers.2.ln_e.bias,2.714505e-02,3.539387e-03,1.303880e-01
3200,layers.3.qkv_lut.weights,4.014560e+01,8.795329e+00,2.190858e-01
3200,layers.3.qkv_lut.log_soft_score_temp,5.606781e-01,1.430094e-02,2.550651e-02
3200,layers.3.qkv_lut.log_select_temp,6.297724e-01,9.542882e-03,1.515291e-02
3200,layers.3.v_lut.weights,3.391440e+01,7.393209e+00,2.179962e-01
3200,layers.3.v_lut.log_soft_score_temp,7.709659e-01,2.902865e-03,3.765232e-03
3200,layers.3.v_lut.log_select_temp,7.778502e-01,3.752828e-03,4.824615e-03
3200,layers.3.out_proj.weights,3.659407e+01,9.238912e+00,2.524702e-01
3200,layers.3.out_proj.log_soft_score_temp,6.475369e-01,8.378744e-03,1.293941e-02
3200,layers.3.out_proj.log_select_temp,6.828713e-01,3.322721e-03,4.865808e-03
3200,layers.3.residual_lut.weights,2.937042e+01,7.798014e+00,2.655057e-01
3200,layers.3.residual_lut.log_soft_score_temp,6.351126e-01,2.377391e-03,3.743259e-03
3200,layers.3.residual_lut.log_select_temp,6.533157e-01,2.171397e-04,3.323657e-04
3200,layers.3.q_norm.weight,8.024312e+00,1.952189e-02,2.432843e-03
3200,layers.3.q_norm.bias,1.386968e-01,1.669675e-02,1.203831e-01
3200,layers.3.k_norm.weight,8.027946e+00,1.991134e-02,2.480254e-03
3200,layers.3.k_norm.bias,2.312817e-01,1.902001e-02,8.223742e-02
3200,layers.3.ln_e.weight,6.888469e+00,9.131993e-03,1.325693e-03
3200,layers.3.ln_e.bias,6.394133e-02,5.544047e-03,8.670522e-02
3200,layers.4.qkv_lut.weights,1.686895e+01,4.871339e+00,2.887754e-01
3200,layers.4.qkv_lut.log_soft_score_temp,7.456573e-01,1.147747e-03,1.539242e-03
3200,layers.4.qkv_lut.log_select_temp,7.472670e-01,9.338856e-04,1.249735e-03
3200,layers.4.v_lut.weights,1.202910e+01,3.336636e+00,2.773804e-01
3200,layers.4.v_lut.log_soft_score_temp,7.436764e-01,1.625478e-03,2.185733e-03
3200,layers.4.v_lut.log_select_temp,7.388157e-01,1.522601e-03,2.060867e-03
3200,layers.4.out_proj.weights,1.201387e+01,2.779847e+00,2.313865e-01
3200,layers.4.out_proj.log_soft_score_temp,7.240003e-01,1.664281e-03,2.298730e-03
3200,layers.4.out_proj.log_select_temp,7.348226e-01,1.355767e-03,1.845027e-03
3200,layers.4.residual_lut.weights,7.731746e+00,2.424688e+00,3.136016e-01
3200,layers.4.residual_lut.log_soft_score_temp,6.671221e-01,2.249837e-03,3.372451e-03
3200,layers.4.residual_lut.log_select_temp,6.682413e-01,2.427578e-03,3.632787e-03
3200,layers.4.q_norm.weight,8.045724e+00,2.084632e-02,2.590982e-03
3200,layers.4.q_norm.bias,9.798119e-02,1.405463e-02,1.434422e-01
3200,layers.4.k_norm.weight,8.045235e+00,1.913336e-02,2.378223e-03
3200,layers.4.k_norm.bias,8.086658e-02,1.613268e-02,1.994975e-01
3200,layers.4.ln_e.weight,6.842556e+00,1.087959e-02,1.589990e-03
3200,layers.4.ln_e.bias,9.583322e-02,5.737449e-03,5.986910e-02
3200,layers.5.qkv_lut.weights,4.845381e+00,1.592422e-01,3.286475e-02
3200,layers.5.qkv_lut.log_soft_score_temp,8.046123e-01,3.273785e-03,4.068773e-03
3200,layers.5.qkv_lut.log_select_temp,8.157454e-01,4.094481e-03,5.019313e-03
3200,layers.5.v_lut.weights,6.421875e+00,2.164731e-01,3.370872e-02
3200,layers.5.v_lut.log_soft_score_temp,8.287677e-01,4.394591e-03,5.302560e-03
3200,layers.5.v_lut.log_select_temp,8.437520e-01,4.760265e-03,5.641782e-03
3200,layers.5.out_proj.weights,7.156615e+00,4.273348e-01,5.971185e-02
3200,layers.5.out_proj.log_soft_score_temp,8.367788e-01,6.398976e-03,7.647153e-03
3200,layers.5.out_proj.log_select_temp,8.601800e-01,7.004917e-03,8.143548e-03
3200,layers.5.residual_lut.weights,3.638749e+00,5.393699e-01,1.482295e-01
3200,layers.5.residual_lut.log_soft_score_temp,6.434795e-01,5.880594e-04,9.138743e-04
3200,layers.5.residual_lut.log_select_temp,6.405618e-01,7.496476e-04,1.170297e-03
3200,layers.5.q_norm.weight,7.991778e+00,7.271448e-04,9.098661e-05
3200,layers.5.q_norm.bias,1.496446e-02,5.252690e-04,3.510111e-02
3200,layers.5.k_norm.weight,7.992564e+00,8.906347e-04,1.114329e-04
3200,layers.5.k_norm.bias,1.317301e-02,6.875081e-04,5.219066e-02
3200,layers.5.ln_e.weight,6.822083e+00,1.435784e-02,2.104612e-03
3200,layers.5.ln_e.bias,7.182147e-02,3.988259e-03,5.553017e-02
3200,ln_final.weight,2.719818e+01,4.916905e-01,1.807806e-02
3200,ln_final.bias,9.526786e-01,4.136408e-02,4.341871e-02
3400,tok_emb_E.weight,7.444012e+01,2.723928e+00,3.659221e-02
3400,unembedder.weight,2.183462e+02,1.631898e+01,7.473901e-02
3400,layers.0.qkv_lut.weights,4.477948e+01,8.113594e+00,1.811900e-01
3400,layers.0.qkv_lut.log_soft_score_temp,1.228509e+00,1.672232e-02,1.361189e-02
3400,layers.0.qkv_lut.log_select_temp,1.222948e+00,1.636183e-02,1.337901e-02
3400,layers.0.v_lut.weights,4.432814e+01,7.952373e+00,1.793978e-01
3400,layers.0.v_lut.log_soft_score_temp,1.435605e+00,3.367674e-02,2.345822e-02
3400,layers.0.v_lut.log_select_temp,1.434304e+00,3.356707e-02,2.340304e-02
3400,layers.0.out_proj.weights,6.077117e+01,1.147077e+01,1.887534e-01
3400,layers.0.out_proj.log_soft_score_temp,8.869116e-01,8.444309e-03,9.521027e-03
3400,layers.0.out_proj.log_select_temp,1.012867e+00,2.704501e-03,2.670145e-03
3400,layers.0.residual_lut.weights,6.959869e+01,9.950993e+00,1.429767e-01
3400,layers.0.residual_lut.log_soft_score_temp,7.954455e-01,1.720428e-03,2.162849e-03
3400,layers.0.residual_lut.log_select_temp,9.534283e-01,9.372473e-03,9.830286e-03
3400,layers.0.q_norm.weight,8.988310e+00,1.921785e-02,2.138094e-03
3400,layers.0.q_norm.bias,8.277372e-01,1.741362e-02,2.103762e-02
3400,layers.0.k_norm.weight,8.932786e+00,1.884281e-02,2.109398e-03
3400,layers.0.k_norm.bias,9.434587e-01,2.200552e-02,2.332431e-02
3400,layers.0.ln_e.weight,6.956601e+00,1.100886e-02,1.582506e-03
3400,layers.0.ln_e.bias,5.102706e-02,5.468946e-03,1.071774e-01
3400,layers.1.qkv_lut.weights,4.483017e+01,8.289694e+00,1.849133e-01
3400,layers.1.qkv_lut.log_soft_score_temp,2.947858e-01,6.396919e-03,2.170023e-02
3400,layers.1.qkv_lut.log_select_temp,4.871215e-01,6.080776e-03,1.248308e-02
3400,layers.1.v_lut.weights,4.412981e+01,8.275946e+00,1.875364e-01
3400,layers.1.v_lut.log_soft_score_temp,4.587593e-01,1.196694e-02,2.608545e-02
3400,layers.1.v_lut.log_select_temp,6.895341e-01,1.203179e-03,1.744916e-03
3400,layers.1.out_proj.weights,6.150615e+01,1.181281e+01,1.920590e-01
3400,layers.1.out_proj.log_soft_score_temp,6.574292e-01,1.606947e-02,2.444289e-02
3400,layers.1.out_proj.log_select_temp,8.314611e-01,1.544714e-03,1.857831e-03
3400,layers.1.residual_lut.weights,6.387117e+01,9.532128e+00,1.492399e-01
3400,layers.1.residual_lut.log_soft_score_temp,4.990162e-01,1.468918e-02,2.943627e-02
3400,layers.1.residual_lut.log_select_temp,7.559605e-01,4.294515e-04,5.680872e-04
3400,layers.1.q_norm.weight,8.448031e+00,2.113239e-02,2.501458e-03
3400,layers.1.q_norm.bias,3.787835e-01,1.169876e-02,3.088507e-02
3400,layers.1.k_norm.weight,8.411282e+00,2.122938e-02,2.523917e-03
3400,layers.1.k_norm.bias,7.026999e-01,2.282994e-02,3.248889e-02
3400,layers.1.ln_e.weight,6.842270e+00,1.374863e-02,2.009367e-03
3400,layers.1.ln_e.bias,3.698967e-02,5.157331e-03,1.394263e-01
3400,layers.2.qkv_lut.weights,4.439946e+01,8.329026e+00,1.875929e-01
3400,layers.2.qkv_lut.log_soft_score_temp,2.738079e-01,1.760522e-02,6.429768e-02
3400,layers.2.qkv_lut.log_select_temp,4.895761e-01,3.078341e-03,6.287769e-03
3400,layers.2.v_lut.weights,4.307429e+01,7.682623e+00,1.783575e-01
3400,layers.2.v_lut.log_soft_score_temp,6.856233e-01,1.749045e-02,2.551028e-02
3400,layers.2.v_lut.log_select_temp,8.339139e-01,5.921662e-03,7.101047e-03
3400,layers.2.out_proj.weights,5.941705e+01,1.157574e+01,1.948219e-01
3400,layers.2.out_proj.log_soft_score_temp,7.158319e-01,1.414704e-02,1.976308e-02
3400,layers.2.out_proj.log_select_temp,8.163410e-01,5.665660e-03,6.940310e-03
3400,layers.2.residual_lut.weights,6.177446e+01,1.019375e+01,1.650156e-01
3400,layers.2.residual_lut.log_soft_score_temp,6.126049e-01,2.188981e-03,3.573234e-03
3400,layers.2.residual_lut.log_select_temp,7.145201e-01,4.156411e-03,5.817066e-03
3400,layers.2.q_norm.weight,8.147271e+00,1.612964e-02,1.979760e-03
3400,layers.2.q_norm.bias,2.124377e-01,1.424817e-02,6.706985e-02
3400,layers.2.k_norm.weight,8.137836e+00,1.746851e-02,2.146580e-03
3400,layers.2.k_norm.bias,3.226792e-01,1.658632e-02,5.140187e-02
3400,layers.2.ln_e.weight,6.897192e+00,9.821288e-03,1.423955e-03
3400,layers.2.ln_e.bias,2.938890e-02,4.598072e-03,1.564561e-01
3400,layers.3.qkv_lut.weights,4.127382e+01,8.355577e+00,2.024426e-01
3400,layers.3.qkv_lut.log_soft_score_temp,5.506540e-01,1.002407e-02,1.820394e-02
3400,layers.3.qkv_lut.log_select_temp,6.244510e-01,5.321443e-03,8.521795e-03
3400,layers.3.v_lut.weights,3.503052e+01,7.157214e+00,2.043137e-01
3400,layers.3.v_lut.log_soft_score_temp,7.752571e-01,4.291117e-03,5.535090e-03
3400,layers.3.v_lut.log_select_temp,7.833063e-01,5.456090e-03,6.965462e-03
3400,layers.3.out_proj.weights,3.801332e+01,9.056119e+00,2.382354e-01
3400,layers.3.out_proj.log_soft_score_temp,6.392614e-01,8.275568e-03,1.294552e-02
3400,layers.3.out_proj.log_select_temp,6.789256e-01,3.945708e-03,5.811695e-03
3400,layers.3.residual_lut.weights,3.059001e+01,7.559302e+00,2.471167e-01
3400,layers.3.residual_lut.log_soft_score_temp,6.336359e-01,1.476705e-03,2.330526e-03
3400,layers.3.residual_lut.log_select_temp,6.546613e-01,1.345634e-03,2.055467e-03
3400,layers.3.q_norm.weight,8.022090e+00,1.917092e-02,2.389766e-03
3400,layers.3.q_norm.bias,1.421033e-01,1.291732e-02,9.090090e-02
3400,layers.3.k_norm.weight,8.024808e+00,2.384147e-02,2.970971e-03
3400,layers.3.k_norm.bias,2.379303e-01,1.655911e-02,6.959646e-02
3400,layers.3.ln_e.weight,6.887459e+00,9.641287e-03,1.399832e-03
3400,layers.3.ln_e.bias,6.368925e-02,5.417304e-03,8.505837e-02
3400,layers.4.qkv_lut.weights,1.767391e+01,4.797633e+00,2.714528e-01
3400,layers.4.qkv_lut.log_soft_score_temp,7.411979e-01,4.459441e-03,6.016532e-03
3400,layers.4.qkv_lut.log_select_temp,7.433926e-01,3.874362e-03,5.211730e-03
3400,layers.4.v_lut.weights,1.265123e+01,3.309172e+00,2.615693e-01
3400,layers.4.v_lut.log_soft_score_temp,7.419861e-01,1.690269e-03,2.278033e-03
3400,layers.4.v_lut.log_select_temp,7.369751e-01,1.840651e-03,2.497576e-03
3400,layers.4.out_proj.weights,1.249414e+01,2.764532e+00,2.212663e-01
3400,layers.4.out_proj.log_soft_score_temp,7.217466e-01,2.253711e-03,3.122580e-03
3400,layers.4.out_proj.log_select_temp,7.332848e-01,1.537859e-03,2.097220e-03
3400,layers.4.residual_lut.weights,8.088159e+00,2.459554e+00,3.040932e-01
3400,layers.4.residual_lut.log_soft_score_temp,6.678748e-01,7.526278e-04,1.126900e-03
3400,layers.4.residual_lut.log_select_temp,6.688263e-01,5.850792e-04,8.747849e-04
3400,layers.4.q_norm.weight,8.036952e+00,2.221985e-02,2.764711e-03
3400,layers.4.q_norm.bias,9.578249e-02,1.957236e-02,2.043418e-01
3400,layers.4.k_norm.weight,8.037161e+00,1.980123e-02,2.463710e-03
3400,layers.4.k_norm.bias,8.285327e-02,1.715906e-02,2.071018e-01
3400,layers.4.ln_e.weight,6.840807e+00,1.410482e-02,2.061865e-03
3400,layers.4.ln_e.bias,1.005253e-01,7.811757e-03,7.770934e-02
3400,layers.5.qkv_lut.weights,4.914941e+00,1.462156e-01,2.974921e-02
3400,layers.5.qkv_lut.log_soft_score_temp,8.070013e-01,2.388954e-03,2.960285e-03
3400,layers.5.qkv_lut.log_select_temp,8.184472e-01,2.701879e-03,3.301225e-03
3400,layers.5.v_lut.weights,6.523826e+00,1.912099e-01,2.930948e-02
3400,layers.5.v_lut.log_soft_score_temp,8.314288e-01,2.661109e-03,3.200646e-03
3400,layers.5.v_lut.log_select_temp,8.467396e-01,2.987564e-03,3.528315e-03
3400,layers.5.out_proj.weights,7.262334e+00,3.627193e-01,4.994528e-02
3400,layers.5.out_proj.log_soft_score_temp,8.407070e-01,3.928185e-03,4.672477e-03
3400,layers.5.out_proj.log_select_temp,8.643677e-01,4.187703e-03,4.844817e-03
3400,layers.5.residual_lut.weights,3.663914e+00,4.567009e-01,1.246484e-01
3400,layers.5.residual_lut.log_soft_score_temp,6.429363e-01,5.432367e-04,8.449309e-04
3400,layers.5.residual_lut.log_select_temp,6.392388e-01,1.322925e-03,2.069532e-03
3400,layers.5.q_norm.weight,7.991875e+00,6.356940e-04,7.954253e-05
3400,layers.5.q_norm.bias,1.499920e-02,6.086584e-04,4.057940e-02
3400,layers.5.k_norm.weight,7.992661e+00,8.244152e-04,1.031465e-04
3400,layers.5.k_norm.bias,1.330260e-02,6.488581e-04,4.877680e-02
3400,layers.5.ln_e.weight,6.819426e+00,1.045258e-02,1.532765e-03
3400,layers.5.ln_e.bias,7.287542e-02,3.583548e-03,4.917362e-02
3400,ln_final.weight,2.766173e+01,4.705581e-01,1.701116e-02
3400,ln_final.bias,9.553013e-01,3.901209e-02,4.083747e-02
3600,tok_emb_E.weight,7.451727e+01,2.591118e+00,3.477205e-02
3600,unembedder.weight,2.205245e+02,1.541856e+01,6.991767e-02
3600,layers.0.qkv_lut.weights,4.575107e+01,7.789785e+00,1.702645e-01
3600,layers.0.qkv_lut.log_soft_score_temp,1.246310e+00,1.780069e-02,1.428272e-02
3600,layers.0.qkv_lut.log_select_temp,1.240353e+00,1.740563e-02,1.403280e-02
3600,layers.0.v_lut.weights,4.527110e+01,7.600332e+00,1.678849e-01
3600,layers.0.v_lut.log_soft_score_temp,1.463008e+00,2.740276e-02,1.873042e-02
3600,layers.0.v_lut.log_select_temp,1.461556e+00,2.725244e-02,1.864618e-02
3600,layers.0.out_proj.weights,6.214701e+01,1.095604e+01,1.762924e-01
3600,layers.0.out_proj.log_soft_score_temp,8.778368e-01,9.074807e-03,1.033769e-02
3600,layers.0.out_proj.log_select_temp,1.015722e+00,2.854943e-03,2.810753e-03
3600,layers.0.residual_lut.weights,7.120354e+01,9.561524e+00,1.342844e-01
3600,layers.0.residual_lut.log_soft_score_temp,7.928119e-01,2.633631e-03,3.321887e-03
3600,layers.0.residual_lut.log_select_temp,9.621704e-01,8.742094e-03,9.085806e-03
3600,layers.0.q_norm.weight,9.009636e+00,2.590766e-02,2.875550e-03
3600,layers.0.q_norm.bias,8.424393e-01,1.943372e-02,2.306839e-02
3600,layers.0.k_norm.weight,8.951296e+00,2.420593e-02,2.704181e-03
3600,layers.0.k_norm.bias,9.622748e-01,2.467899e-02,2.564651e-02
3600,layers.0.ln_e.weight,6.955178e+00,1.010889e-02,1.453433e-03
3600,layers.0.ln_e.bias,5.360237e-02,4.927059e-03,9.191869e-02
3600,layers.1.qkv_lut.weights,4.582796e+01,7.954335e+00,1.735695e-01
3600,layers.1.qkv_lut.log_soft_score_temp,2.878652e-01,6.920606e-03,2.404113e-02
3600,layers.1.qkv_lut.log_select_temp,4.906051e-01,3.483593e-03,7.100606e-03
3600,layers.1.v_lut.weights,4.513831e+01,7.881764e+00,1.746136e-01
3600,layers.1.v_lut.log_soft_score_temp,4.488764e-01,9.882987e-03,2.201717e-02
3600,layers.1.v_lut.log_select_temp,6.916915e-01,2.157390e-03,3.119006e-03
3600,layers.1.out_proj.weights,6.290334e+01,1.127981e+01,1.793197e-01
3600,layers.1.out_proj.log_soft_score_temp,6.430340e-01,1.439524e-02,2.238643e-02
3600,layers.1.out_proj.log_select_temp,8.322040e-01,7.429123e-04,8.927045e-04
3600,layers.1.residual_lut.weights,6.524272e+01,9.239471e+00,1.416169e-01
3600,layers.1.residual_lut.log_soft_score_temp,4.822868e-01,1.672935e-02,3.468756e-02
3600,layers.1.residual_lut.log_select_temp,7.542853e-01,1.675248e-03,2.220974e-03
3600,layers.1.q_norm.weight,8.455683e+00,1.598795e-02,1.890793e-03
3600,layers.1.q_norm.bias,3.858658e-01,1.133286e-02,2.936996e-02
3600,layers.1.k_norm.weight,8.418580e+00,1.554791e-02,1.846856e-03
3600,layers.1.k_norm.bias,7.142222e-01,1.709529e-02,2.393553e-02
3600,layers.1.ln_e.weight,6.834840e+00,1.643863e-02,2.405123e-03
3600,layers.1.ln_e.bias,3.941917e-02,4.065928e-03,1.031459e-01
3600,layers.2.qkv_lut.weights,4.538869e+01,7.903361e+00,1.741262e-01
3600,layers.2.qkv_lut.log_soft_score_temp,2.566323e-01,1.717561e-02,6.692693e-02
3600,layers.2.qkv_lut.log_select_temp,4.873160e-01,2.260089e-03,4.637830e-03
3600,layers.2.v_lut.weights,4.410899e+01,7.345568e+00,1.665322e-01
3600,layers.2.v_lut.log_soft_score_temp,6.683267e-01,1.729667e-02,2.588056e-02
3600,layers.2.v_lut.log_select_temp,8.272164e-01,6.697476e-03,8.096401e-03
3600,layers.2.out_proj.weights,6.087101e+01,1.105054e+01,1.815403e-01
3600,layers.2.out_proj.log_soft_score_temp,7.052733e-01,1.055861e-02,1.497094e-02
3600,layers.2.out_proj.log_select_temp,8.150562e-01,1.284838e-03,1.576379e-03
3600,layers.2.residual_lut.weights,6.341090e+01,9.824614e+00,1.549357e-01
3600,layers.2.residual_lut.log_soft_score_temp,6.092891e-01,3.315747e-03,5.441993e-03
3600,layers.2.residual_lut.log_select_temp,7.188784e-01,4.358351e-03,6.062710e-03
3600,layers.2.q_norm.weight,8.158945e+00,1.725091e-02,2.114356e-03
3600,layers.2.q_norm.bias,2.157064e-01,9.545710e-03,4.425326e-02
3600,layers.2.k_norm.weight,8.148892e+00,1.843994e-02,2.262876e-03
3600,layers.2.k_norm.bias,3.301814e-01,1.501558e-02,4.547675e-02
3600,layers.2.ln_e.weight,6.895470e+00,9.294922e-03,1.347975e-03
3600,layers.2.ln_e.bias,3.134449e-02,4.691924e-03,1.496890e-01
3600,layers.3.qkv_lut.weights,4.232194e+01,8.057239e+00,1.903797e-01
3600,layers.3.qkv_lut.log_soft_score_temp,5.393911e-01,1.126289e-02,2.088076e-02
3600,layers.3.qkv_lut.log_select_temp,6.178427e-01,6.608307e-03,1.069578e-02
3600,layers.3.v_lut.weights,3.607889e+01,6.847497e+00,1.897923e-01
3600,layers.3.v_lut.log_soft_score_temp,7.765749e-01,1.317799e-03,1.696938e-03
3600,layers.3.v_lut.log_select_temp,7.856626e-01,2.356291e-03,2.999113e-03
3600,layers.3.out_proj.weights,3.935677e+01,8.743764e+00,2.221667e-01
3600,layers.3.out_proj.log_soft_score_temp,6.289790e-01,1.028234e-02,1.634766e-02
3600,layers.3.out_proj.log_select_temp,6.744049e-01,4.520655e-03,6.703176e-03
3600,layers.3.residual_lut.weights,3.167187e+01,7.349223e+00,2.320426e-01
3600,layers.3.residual_lut.log_soft_score_temp,6.292943e-01,4.341662e-03,6.899255e-03
3600,layers.3.residual_lut.log_select_temp,6.533729e-01,1.288414e-03,1.971943e-03
3600,layers.3.q_norm.weight,8.026533e+00,1.515423e-02,1.888017e-03
3600,layers.3.q_norm.bias,1.483174e-01,1.246358e-02,8.403318e-02
3600,layers.3.k_norm.weight,8.029535e+00,1.677735e-02,2.089455e-03
3600,layers.3.k_norm.bias,2.448573e-01,1.733493e-02,7.079604e-02
3600,layers.3.ln_e.weight,6.886188e+00,6.935718e-03,1.007193e-03
3600,layers.3.ln_e.bias,6.337913e-02,4.834562e-03,7.628003e-02
3600,layers.4.qkv_lut.weights,1.844952e+01,4.759058e+00,2.579503e-01
3600,layers.4.qkv_lut.log_soft_score_temp,7.448116e-01,3.613710e-03,4.851845e-03
3600,layers.4.qkv_lut.log_select_temp,7.467973e-01,3.404677e-03,4.559037e-03
3600,layers.4.v_lut.weights,1.323508e+01,3.361180e+00,2.539600e-01
3600,layers.4.v_lut.log_soft_score_temp,7.436307e-01,1.644611e-03,2.211597e-03
3600,layers.4.v_lut.log_select_temp,7.388318e-01,1.856685e-03,2.513001e-03
3600,layers.4.out_proj.weights,1.289350e+01,2.699419e+00,2.093628e-01
3600,layers.4.out_proj.log_soft_score_temp,7.227445e-01,9.979010e-04,1.380711e-03
3600,layers.4.out_proj.log_select_temp,7.343950e-01,1.110196e-03,1.511715e-03
3600,layers.4.residual_lut.weights,8.397750e+00,2.303958e+00,2.743543e-01
3600,layers.4.residual_lut.log_soft_score_temp,6.695364e-01,1.661658e-03,2.481804e-03
3600,layers.4.residual_lut.log_select_temp,6.705827e-01,1.756310e-03,2.619081e-03
3600,layers.4.q_norm.weight,8.049481e+00,2.445242e-02,3.037763e-03
3600,layers.4.q_norm.bias,1.041520e-01,2.509151e-02,2.409124e-01
3600,layers.4.k_norm.weight,8.050941e+00,2.219171e-02,2.756412e-03
3600,layers.4.k_norm.bias,8.953256e-02,2.287048e-02,2.554431e-01
3600,layers.4.ln_e.weight,6.840553e+00,6.708189e-03,9.806500e-04
3600,layers.4.ln_e.bias,1.028098e-01,4.957869e-03,4.822368e-02
3600,layers.5.qkv_lut.weights,4.977738e+00,1.388991e-01,2.790405e-02
3600,layers.5.qkv_lut.log_soft_score_temp,8.101020e-01,3.100693e-03,3.827534e-03
3600,layers.5.qkv_lut.log_select_temp,8.221641e-01,3.716886e-03,4.520857e-03
3600,layers.5.v_lut.weights,6.617331e+00,1.882748e-01,2.845177e-02
3600,layers.5.v_lut.log_soft_score_temp,8.352068e-01,3.777981e-03,4.523408e-03
3600,layers.5.v_lut.log_select_temp,8.508890e-01,4.149437e-03,4.876590e-03
3600,layers.5.out_proj.weights,7.326430e+00,3.420711e-01,4.669000e-02
3600,layers.5.out_proj.log_soft_score_temp,8.467913e-01,6.084263e-03,7.185080e-03
3600,layers.5.out_proj.log_select_temp,8.702642e-01,5.896568e-03,6.775607e-03
3600,layers.5.residual_lut.weights,3.682713e+00,4.692762e-01,1.274267e-01
3600,layers.5.residual_lut.log_soft_score_temp,6.431910e-01,2.547503e-04,3.960725e-04
3600,layers.5.residual_lut.log_select_temp,6.388482e-01,3.905892e-04,6.113960e-04
3600,layers.5.q_norm.weight,7.992043e+00,7.036322e-04,8.804159e-05
3600,layers.5.q_norm.bias,1.514636e-02,5.592565e-04,3.692350e-02
3600,layers.5.k_norm.weight,7.992828e+00,6.522340e-04,8.160240e-05
3600,layers.5.k_norm.bias,1.338889e-02,4.553639e-04,3.401057e-02
3600,layers.5.ln_e.weight,6.816664e+00,9.974926e-03,1.463315e-03
3600,layers.5.ln_e.bias,7.510243e-02,3.908585e-03,5.204340e-02
3600,ln_final.weight,2.812154e+01,4.647065e-01,1.652493e-02
3600,ln_final.bias,9.588225e-01,3.891709e-02,4.058841e-02
3800,tok_emb_E.weight,7.458554e+01,2.465897e+00,3.306133e-02
3800,unembedder.weight,2.225434e+02,1.505569e+01,6.765281e-02
3800,layers.0.qkv_lut.weights,4.661579e+01,7.419906e+00,1.591715e-01
3800,layers.0.qkv_lut.log_soft_score_temp,1.259647e+00,1.333725e-02,1.058809e-02
3800,layers.0.qkv_lut.log_select_temp,1.253405e+00,1.305163e-02,1.041294e-02
3800,layers.0.v_lut.weights,4.610085e+01,7.242150e+00,1.570937e-01
3800,layers.0.v_lut.log_soft_score_temp,1.488357e+00,2.534926e-02,1.703170e-02
3800,layers.0.v_lut.log_select_temp,1.486992e+00,2.543616e-02,1.710578e-02
3800,layers.0.out_proj.weights,6.337738e+01,1.045216e+01,1.649194e-01
3800,layers.0.out_proj.log_soft_score_temp,8.669103e-01,1.092649e-02,1.260394e-02
3800,layers.0.out_proj.log_select_temp,1.016253e+00,5.310774e-04,5.225839e-04
3800,layers.0.residual_lut.weights,7.265630e+01,9.197680e+00,1.265916e-01
3800,layers.0.residual_lut.log_soft_score_temp,7.907528e-01,2.059042e-03,2.603901e-03
3800,layers.0.residual_lut.log_select_temp,9.725044e-01,1.033401e-02,1.062619e-02
3800,layers.0.q_norm.weight,9.026434e+00,2.325442e-02,2.576258e-03
3800,layers.0.q_norm.bias,8.552066e-01,1.737872e-02,2.032108e-02
3800,layers.0.k_norm.weight,8.966610e+00,2.129576e-02,2.375007e-03
3800,layers.0.k_norm.bias,9.798973e-01,2.202628e-02,2.247815e-02
3800,layers.0.ln_e.weight,6.954378e+00,1.167105e-02,1.678231e-03
3800,layers.0.ln_e.bias,5.588687e-02,4.543930e-03,8.130585e-02
3800,layers.1.qkv_lut.weights,4.673058e+01,7.586131e+00,1.623376e-01
3800,layers.1.qkv_lut.log_soft_score_temp,2.799133e-01,7.951915e-03,2.840849e-02
3800,layers.1.qkv_lut.log_select_temp,4.930911e-01,2.486050e-03,5.041766e-03
3800,layers.1.v_lut.weights,4.603482e+01,7.522092e+00,1.634001e-01
3800,layers.1.v_lut.log_soft_score_temp,4.390547e-01,9.821683e-03,2.237007e-02
3800,layers.1.v_lut.log_select_temp,6.937516e-01,2.060115e-03,2.969529e-03
3800,layers.1.out_proj.weights,6.414973e+01,1.073912e+01,1.674071e-01
3800,layers.1.out_proj.log_soft_score_temp,6.295612e-01,1.347280e-02,2.140030e-02
3800,layers.1.out_proj.log_select_temp,8.335145e-01,1.310408e-03,1.572148e-03
3800,layers.1.residual_lut.weights,6.646618e+01,8.823257e+00,1.327481e-01
3800,layers.1.residual_lut.log_soft_score_temp,4.656883e-01,1.659858e-02,3.564312e-02
3800,layers.1.residual_lut.log_select_temp,7.526680e-01,1.617312e-03,2.148773e-03
3800,layers.1.q_norm.weight,8.468384e+00,1.696153e-02,2.002925e-03
3800,layers.1.q_norm.bias,3.932020e-01,1.171055e-02,2.978252e-02
3800,layers.1.k_norm.weight,8.430551e+00,1.674206e-02,1.985880e-03
3800,layers.1.k_norm.bias,7.309309e-01,2.104247e-02,2.878859e-02
3800,layers.1.ln_e.weight,6.827746e+00,1.356677e-02,1.987005e-03
3800,layers.1.ln_e.bias,4.294177e-02,5.300271e-03,1.234293e-01
3800,layers.2.qkv_lut.weights,4.627260e+01,7.520461e+00,1.625251e-01
3800,layers.2.qkv_lut.log_soft_score_temp,2.399646e-01,1.666772e-02,6.945909e-02
3800,layers.2.qkv_lut.log_select_temp,4.832629e-01,4.053116e-03,8.386979e-03
3800,layers.2.v_lut.weights,4.503124e+01,6.956097e+00,1.544727e-01
3800,layers.2.v_lut.log_soft_score_temp,6.524106e-01,1.591605e-02,2.439575e-02
3800,layers.2.v_lut.log_select_temp,8.236875e-01,3.528953e-03,4.284334e-03
3800,layers.2.out_proj.weights,6.219683e+01,1.051494e+01,1.690592e-01
3800,layers.2.out_proj.log_soft_score_temp,6.968031e-01,8.470178e-03,1.215577e-02
3800,layers.2.out_proj.log_select_temp,8.158361e-01,7.799268e-04,9.559846e-04
3800,layers.2.residual_lut.weights,6.491795e+01,9.417825e+00,1.450727e-01
3800,layers.2.residual_lut.log_soft_score_temp,6.061848e-01,3.104329e-03,5.121094e-03
3800,layers.2.residual_lut.log_select_temp,7.236537e-01,4.775286e-03,6.598855e-03
3800,layers.2.q_norm.weight,8.171897e+00,1.836425e-02,2.247244e-03
3800,layers.2.q_norm.bias,2.237633e-01,1.173016e-02,5.242218e-02
3800,layers.2.k_norm.weight,8.160843e+00,1.862165e-02,2.281829e-03
3800,layers.2.k_norm.bias,3.411492e-01,1.616456e-02,4.738266e-02
3800,layers.2.ln_e.weight,6.894326e+00,8.671514e-03,1.257775e-03
3800,layers.2.ln_e.bias,3.121784e-02,2.679985e-03,8.584787e-02
3800,layers.3.qkv_lut.weights,4.319986e+01,7.614298e+00,1.762575e-01
3800,layers.3.qkv_lut.log_soft_score_temp,5.292371e-01,1.015401e-02,1.918612e-02
3800,layers.3.qkv_lut.log_select_temp,6.129339e-01,4.908741e-03,8.008596e-03
3800,layers.3.v_lut.weights,3.698659e+01,6.569530e+00,1.776192e-01
3800,layers.3.v_lut.log_soft_score_temp,7.766506e-01,7.575750e-05,9.754387e-05
3800,layers.3.v_lut.log_select_temp,7.872490e-01,1.586437e-03,2.015166e-03
3800,layers.3.out_proj.weights,4.052672e+01,8.225362e+00,2.029614e-01
3800,layers.3.out_proj.log_soft_score_temp,6.169999e-01,1.197910e-02,1.941508e-02
3800,layers.3.out_proj.log_select_temp,6.679742e-01,6.430745e-03,9.627236e-03
3800,layers.3.residual_lut.weights,3.263554e+01,6.983839e+00,2.139949e-01
3800,layers.3.residual_lut.log_soft_score_temp,6.270275e-01,2.266765e-03,3.615096e-03
3800,layers.3.residual_lut.log_select_temp,6.537427e-01,3.698468e-04,5.657376e-04
3800,layers.3.q_norm.weight,8.026789e+00,1.145482e-02,1.427074e-03
3800,layers.3.q_norm.bias,1.516144e-01,1.207052e-02,7.961326e-02
3800,layers.3.k_norm.weight,8.029657e+00,1.160022e-02,1.444672e-03
3800,layers.3.k_norm.bias,2.530639e-01,1.923592e-02,7.601210e-02
3800,layers.3.ln_e.weight,6.885266e+00,7.659200e-03,1.112404e-03
3800,layers.3.ln_e.bias,6.255886e-02,4.643963e-03,7.423349e-02
3800,layers.4.qkv_lut.weights,1.909156e+01,4.630640e+00,2.425491e-01
3800,layers.4.qkv_lut.log_soft_score_temp,7.425201e-01,2.291501e-03,3.086113e-03
3800,layers.4.qkv_lut.log_select_temp,7.451249e-01,1.672447e-03,2.244519e-03
3800,layers.4.v_lut.weights,1.375047e+01,3.237363e+00,2.354366e-01
3800,layers.4.v_lut.log_soft_score_temp,7.448206e-01,1.189888e-03,1.597549e-03
3800,layers.4.v_lut.log_select_temp,7.397265e-01,8.947253e-04,1.209535e-03
3800,layers.4.out_proj.weights,1.328647e+01,2.687964e+00,2.023084e-01
3800,layers.4.out_proj.log_soft_score_temp,7.231036e-01,3.591180e-04,4.966342e-04
3800,layers.4.out_proj.log_select_temp,7.353793e-01,9.843111e-04,1.338508e-03
3800,layers.4.residual_lut.weights,8.657350e+00,2.216649e+00,2.560425e-01
3800,layers.4.residual_lut.log_soft_score_temp,6.704519e-01,9.154677e-04,1.365449e-03
3800,layers.4.residual_lut.log_select_temp,6.718002e-01,1.217544e-03,1.812360e-03
3800,layers.4.q_norm.weight,8.049124e+00,1.599918e-02,1.987692e-03
3800,layers.4.q_norm.bias,1.046670e-01,1.368194e-02,1.307187e-01
3800,layers.4.k_norm.weight,8.050606e+00,1.686931e-02,2.095409e-03
3800,layers.4.k_norm.bias,9.371916e-02,1.815064e-02,1.936705e-01
3800,layers.4.ln_e.weight,6.839413e+00,9.426707e-03,1.378292e-03
3800,layers.4.ln_e.bias,1.058078e-01,6.046446e-03,5.714553e-02
3800,layers.5.qkv_lut.weights,5.011786e+00,1.180989e-01,2.356425e-02
3800,layers.5.qkv_lut.log_soft_score_temp,8.114699e-01,1.367927e-03,1.685739e-03
3800,layers.5.qkv_lut.log_select_temp,8.238635e-01,1.699388e-03,2.062706e-03
3800,layers.5.v_lut.weights,6.666573e+00,1.527912e-01,2.291900e-02
3800,layers.5.v_lut.log_soft_score_temp,8.365178e-01,1.310945e-03,1.567145e-03
3800,layers.5.v_lut.log_select_temp,8.524383e-01,1.549304e-03,1.817496e-03
3800,layers.5.out_proj.weights,7.339620e+00,3.356547e-01,4.573190e-02
3800,layers.5.out_proj.log_soft_score_temp,8.495613e-01,2.770007e-03,3.260514e-03
3800,layers.5.out_proj.log_select_temp,8.728573e-01,2.593100e-03,2.970818e-03
3800,layers.5.residual_lut.weights,3.703848e+00,4.774628e-01,1.289099e-01
3800,layers.5.residual_lut.log_soft_score_temp,6.436560e-01,4.649758e-04,7.223980e-04
3800,layers.5.residual_lut.log_select_temp,6.390561e-01,2.078414e-04,3.252319e-04
3800,layers.5.q_norm.weight,7.992180e+00,6.526161e-04,8.165683e-05
3800,layers.5.q_norm.bias,1.524663e-02,5.922589e-04,3.884523e-02
3800,layers.5.k_norm.weight,7.992957e+00,7.812137e-04,9.773776e-05
3800,layers.5.k_norm.bias,1.341263e-02,5.401111e-04,4.026883e-02
3800,layers.5.ln_e.weight,6.815374e+00,7.849436e-03,1.151725e-03
3800,layers.5.ln_e.bias,7.704220e-02,3.621183e-03,4.700259e-02
3800,ln_final.weight,2.856854e+01,4.511558e-01,1.579205e-02
3800,ln_final.bias,9.626625e-01,3.912527e-02,4.064277e-02
4000,tok_emb_E.weight,7.464807e+01,2.329166e+00,3.120196e-02
4000,unembedder.weight,2.242877e+02,1.396790e+01,6.227671e-02
4000,layers.0.qkv_lut.weights,4.736713e+01,6.952125e+00,1.467711e-01
4000,layers.0.qkv_lut.log_soft_score_temp,1.273655e+00,1.400816e-02,1.099840e-02
4000,layers.0.qkv_lut.log_select_temp,1.267074e+00,1.366949e-02,1.078823e-02
4000,layers.0.v_lut.weights,4.683786e+01,6.851089e+00,1.462724e-01
4000,layers.0.v_lut.log_soft_score_temp,1.508582e+00,2.022493e-02,1.340658e-02
4000,layers.0.v_lut.log_select_temp,1.507180e+00,2.018774e-02,1.339437e-02
4000,layers.0.out_proj.weights,6.447173e+01,9.827931e+00,1.524378e-01
4000,layers.0.out_proj.log_soft_score_temp,8.605736e-01,6.336689e-03,7.363332e-03
4000,layers.0.out_proj.log_select_temp,1.021320e+00,5.066752e-03,4.960986e-03
4000,layers.0.residual_lut.weights,7.394441e+01,8.677915e+00,1.173573e-01
4000,layers.0.residual_lut.log_soft_score_temp,7.886055e-01,2.147317e-03,2.722929e-03
4000,layers.0.residual_lut.log_select_temp,9.819146e-01,9.410203e-03,9.583524e-03
4000,layers.0.q_norm.weight,9.039028e+00,1.930552e-02,2.135796e-03
4000,layers.0.q_norm.bias,8.643420e-01,1.386850e-02,1.604515e-02
4000,layers.0.k_norm.weight,8.977416e+00,1.751460e-02,1.950962e-03
4000,layers.0.k_norm.bias,9.907436e-01,2.113039e-02,2.132781e-02
4000,layers.0.ln_e.weight,6.953868e+00,8.107534e-03,1.165903e-03
4000,layers.0.ln_e.bias,5.745471e-02,4.373071e-03,7.611336e-02
4000,layers.1.qkv_lut.weights,4.750891e+01,7.176794e+00,1.510621e-01
4000,layers.1.qkv_lut.log_soft_score_temp,2.773242e-01,2.589077e-03,9.335920e-03
4000,layers.1.qkv_lut.log_select_temp,5.005292e-01,7.438093e-03,1.486046e-02
4000,layers.1.v_lut.weights,4.681860e+01,7.116061e+00,1.519922e-01
4000,layers.1.v_lut.log_soft_score_temp,4.316254e-01,7.429272e-03,1.721231e-02
4000,layers.1.v_lut.log_select_temp,6.970440e-01,3.292441e-03,4.723434e-03
4000,layers.1.out_proj.weights,6.524113e+01,1.015440e+01,1.556442e-01
4000,layers.1.out_proj.log_soft_score_temp,6.146512e-01,1.490998e-02,2.425763e-02
4000,layers.1.out_proj.log_select_temp,8.328031e-01,7.113814e-04,8.542013e-04
4000,layers.1.residual_lut.weights,6.754581e+01,8.322528e+00,1.232131e-01
4000,layers.1.residual_lut.log_soft_score_temp,4.499055e-01,1.578274e-02,3.508013e-02
4000,layers.1.residual_lut.log_select_temp,7.507790e-01,1.888990e-03,2.516041e-03
4000,layers.1.q_norm.weight,8.480003e+00,1.759411e-02,2.074776e-03
4000,layers.1.q_norm.bias,4.021786e-01,1.184791e-02,2.945932e-02
4000,layers.1.k_norm.weight,8.441275e+00,1.683306e-02,1.994138e-03
4000,layers.1.k_norm.bias,7.460486e-01,1.956386e-02,2.622331e-02
4000,layers.1.ln_e.weight,6.821271e+00,1.106580e-02,1.622249e-03
4000,layers.1.ln_e.bias,4.529065e-02,4.310665e-03,9.517783e-02
4000,layers.2.qkv_lut.weights,4.705050e+01,7.127714e+00,1.514907e-01
4000,layers.2.qkv_lut.log_soft_score_temp,2.279209e-01,1.204368e-02,5.284151e-02
4000,layers.2.qkv_lut.log_select_temp,4.838465e-01,5.835295e-04,1.206022e-03
4000,layers.2.v_lut.weights,4.585109e+01,6.599459e+00,1.439325e-01
4000,layers.2.v_lut.log_soft_score_temp,6.358362e-01,1.657444e-02,2.606716e-02
4000,layers.2.v_lut.log_select_temp,8.170152e-01,6.672263e-03,8.166633e-03
4000,layers.2.out_proj.weights,6.335434e+01,9.959546e+00,1.572038e-01
4000,layers.2.out_proj.log_soft_score_temp,6.870773e-01,9.725749e-03,1.415525e-02
4000,layers.2.out_proj.log_select_temp,8.137710e-01,2.065122e-03,2.537719e-03
4000,layers.2.residual_lut.weights,6.620867e+01,8.900045e+00,1.344242e-01
4000,layers.2.residual_lut.log_soft_score_temp,6.021402e-01,4.044533e-03,6.716928e-03
4000,layers.2.residual_lut.log_select_temp,7.269648e-01,3.311038e-03,4.554606e-03
4000,layers.2.q_norm.weight,8.186257e+00,1.927763e-02,2.354877e-03
4000,layers.2.q_norm.bias,2.292231e-01,1.140403e-02,4.975081e-02
4000,layers.2.k_norm.weight,8.174793e+00,1.892131e-02,2.314592e-03
4000,layers.2.k_norm.bias,3.502552e-01,1.530570e-02,4.369871e-02
4000,layers.2.ln_e.weight,6.892304e+00,8.684821e-03,1.260075e-03
4000,layers.2.ln_e.bias,3.193324e-02,3.425637e-03,1.072749e-01
4000,layers.3.qkv_lut.weights,4.402277e+01,7.171309e+00,1.629000e-01
4000,layers.3.qkv_lut.log_soft_score_temp,5.223701e-01,6.866992e-03,1.314584e-02
4000,layers.3.qkv_lut.log_select_temp,6.103255e-01,2.608478e-03,4.273913e-03
4000,layers.3.v_lut.weights,3.784311e+01,6.174050e+00,1.631486e-01
4000,layers.3.v_lut.log_soft_score_temp,7.776575e-01,1.006901e-03,1.294788e-03
4000,layers.3.v_lut.log_select_temp,7.894098e-01,2.160788e-03,2.737219e-03
4000,layers.3.out_proj.weights,4.156460e+01,7.852194e+00,1.889154e-01
4000,layers.3.out_proj.log_soft_score_temp,6.063136e-01,1.068628e-02,1.762500e-02
4000,layers.3.out_proj.log_select_temp,6.616384e-01,6.335735e-03,9.575827e-03
4000,layers.3.residual_lut.weights,3.350882e+01,6.663249e+00,1.988506e-01
4000,layers.3.residual_lut.log_soft_score_temp,6.251523e-01,1.875162e-03,2.999528e-03
4000,layers.3.residual_lut.log_select_temp,6.547827e-01,1.039982e-03,1.588285e-03
4000,layers.3.q_norm.weight,8.028359e+00,1.303449e-02,1.623556e-03
4000,layers.3.q_norm.bias,1.543240e-01,1.038208e-02,6.727458e-02
4000,layers.3.k_norm.weight,8.031239e+00,1.276202e-02,1.589047e-03
4000,layers.3.k_norm.bias,2.520892e-01,1.177676e-02,4.671665e-02
4000,layers.3.ln_e.weight,6.884406e+00,7.527492e-03,1.093412e-03
4000,layers.3.ln_e.bias,6.227175e-02,5.338394e-03,8.572738e-02
4000,layers.4.qkv_lut.weights,1.974222e+01,4.321541e+00,2.188985e-01
4000,layers.4.qkv_lut.log_soft_score_temp,7.439778e-01,1.457751e-03,1.959401e-03
4000,layers.4.qkv_lut.log_select_temp,7.468752e-01,1.750350e-03,2.343564e-03
4000,layers.4.v_lut.weights,1.421157e+01,3.079341e+00,2.166785e-01
4000,layers.4.v_lut.log_soft_score_temp,7.448515e-01,3.093481e-05,4.153151e-05
4000,layers.4.v_lut.log_select_temp,7.400598e-01,3.333092e-04,4.503814e-04
4000,layers.4.out_proj.weights,1.359387e+01,2.485612e+00,1.828480e-01
4000,layers.4.out_proj.log_soft_score_temp,7.236840e-01,5.803704e-04,8.019667e-04
4000,layers.4.out_proj.log_select_temp,7.360374e-01,6.580949e-04,8.941053e-04
4000,layers.4.residual_lut.weights,8.867730e+00,2.072445e+00,2.337064e-01
4000,layers.4.residual_lut.log_soft_score_temp,6.721482e-01,1.696289e-03,2.523683e-03
4000,layers.4.residual_lut.log_select_temp,6.741153e-01,2.315104e-03,3.434285e-03
4000,layers.4.q_norm.weight,8.050882e+00,1.276851e-02,1.585976e-03
4000,layers.4.q_norm.bias,1.058056e-01,1.474246e-02,1.393353e-01
4000,layers.4.k_norm.weight,8.052628e+00,1.063936e-02,1.321228e-03
4000,layers.4.k_norm.bias,9.903964e-02,1.659846e-02,1.675941e-01
4000,layers.4.ln_e.weight,6.839274e+00,6.521396e-03,9.535216e-04
4000,layers.4.ln_e.bias,1.082653e-01,4.403545e-03,4.067367e-02
4000,layers.5.qkv_lut.weights,5.052545e+00,1.006861e-01,1.992780e-02
4000,layers.5.qkv_lut.log_soft_score_temp,8.131549e-01,1.684964e-03,2.072131e-03
4000,layers.5.qkv_lut.log_select_temp,8.258877e-01,2.024174e-03,2.450907e-03
4000,layers.5.v_lut.weights,6.725622e+00,1.331020e-01,1.979028e-02
4000,layers.5.v_lut.log_soft_score_temp,8.386072e-01,2.089441e-03,2.491561e-03
4000,layers.5.v_lut.log_select_temp,8.546988e-01,2.260506e-03,2.644798e-03
4000,layers.5.out_proj.weights,7.327452e+00,3.037592e-01,4.145495e-02
4000,layers.5.out_proj.log_soft_score_temp,8.523505e-01,2.789259e-03,3.272432e-03
4000,layers.5.out_proj.log_select_temp,8.756967e-01,2.839327e-03,3.242363e-03
4000,layers.5.residual_lut.weights,3.714202e+00,4.331512e-01,1.166203e-01
4000,layers.5.residual_lut.log_soft_score_temp,6.441876e-01,5.315542e-04,8.251544e-04
4000,layers.5.residual_lut.log_select_temp,6.392518e-01,1.956820e-04,3.061111e-04
4000,layers.5.q_norm.weight,7.992174e+00,6.526873e-04,8.166580e-05
4000,layers.5.q_norm.bias,1.518796e-02,4.597745e-04,3.027230e-02
4000,layers.5.k_norm.weight,7.992950e+00,6.041555e-04,7.558604e-05
4000,layers.5.k_norm.bias,1.340373e-02,4.560967e-04,3.402761e-02
4000,layers.5.ln_e.weight,6.813301e+00,7.471575e-03,1.096616e-03
4000,layers.5.ln_e.bias,7.827599e-02,3.193980e-03,4.080408e-02
4000,ln_final.weight,2.899527e+01,4.306344e-01,1.485189e-02
4000,ln_final.bias,9.670613e-01,3.643688e-02,3.767794e-02
4200,tok_emb_E.weight,7.470282e+01,2.191534e+00,2.933669e-02
4200,unembedder.weight,2.258917e+02,1.309377e+01,5.796481e-02
4200,layers.0.qkv_lut.weights,4.803463e+01,6.612417e+00,1.376594e-01
4200,layers.0.qkv_lut.log_soft_score_temp,1.284945e+00,1.128960e-02,8.786057e-03
4200,layers.0.qkv_lut.log_select_temp,1.278186e+00,1.111162e-02,8.693270e-03
4200,layers.0.v_lut.weights,4.749091e+01,6.459259e+00,1.360104e-01
4200,layers.0.v_lut.log_soft_score_temp,1.528929e+00,2.034640e-02,1.330762e-02
4200,layers.0.v_lut.log_select_temp,1.527459e+00,2.027833e-02,1.327587e-02
4200,layers.0.out_proj.weights,6.543237e+01,9.277208e+00,1.417832e-01
4200,layers.0.out_proj.log_soft_score_temp,8.564383e-01,4.135251e-03,4.828428e-03
4200,layers.0.out_proj.log_select_temp,1.026427e+00,5.107760e-03,4.976251e-03
4200,layers.0.residual_lut.weights,7.505791e+01,8.214738e+00,1.094453e-01
4200,layers.0.residual_lut.log_soft_score_temp,7.853242e-01,3.281355e-03,4.178345e-03
4200,layers.0.residual_lut.log_select_temp,9.891989e-01,7.284284e-03,7.363821e-03
4200,layers.0.q_norm.weight,9.053117e+00,1.903243e-02,2.102307e-03
4200,layers.0.q_norm.bias,8.755605e-01,1.610728e-02,1.839654e-02
4200,layers.0.k_norm.weight,8.990157e+00,1.841592e-02,2.048453e-03
4200,layers.0.k_norm.bias,1.003179e+00,1.732436e-02,1.726946e-02
4200,layers.0.ln_e.weight,6.952448e+00,8.661592e-03,1.245833e-03
4200,layers.0.ln_e.bias,5.905657e-02,4.859246e-03,8.228121e-02
4200,layers.1.qkv_lut.weights,4.820323e+01,6.772371e+00,1.404962e-01
4200,layers.1.qkv_lut.log_soft_score_temp,2.749405e-01,2.383709e-03,8.669908e-03
4200,layers.1.qkv_lut.log_select_temp,5.068538e-01,6.324530e-03,1.247802e-02
4200,layers.1.v_lut.weights,4.750575e+01,6.694759e+00,1.409252e-01
4200,layers.1.v_lut.log_soft_score_temp,4.269285e-01,4.696876e-03,1.100155e-02
4200,layers.1.v_lut.log_select_temp,7.023287e-01,5.284667e-03,7.524493e-03
4200,layers.1.out_proj.weights,6.620432e+01,9.564583e+00,1.444707e-01
4200,layers.1.out_proj.log_soft_score_temp,6.038185e-01,1.083273e-02,1.794037e-02
4200,layers.1.out_proj.log_select_temp,8.349946e-01,2.191544e-03,2.624620e-03
4200,layers.1.residual_lut.weights,6.850624e+01,7.889736e+00,1.151681e-01
4200,layers.1.residual_lut.log_soft_score_temp,4.364999e-01,1.340565e-02,3.071170e-02
4200,layers.1.residual_lut.log_select_temp,7.501918e-01,5.871654e-04,7.826870e-04
4200,layers.1.q_norm.weight,8.491479e+00,1.541310e-02,1.815125e-03
4200,layers.1.q_norm.bias,4.072845e-01,1.028218e-02,2.524570e-02
4200,layers.1.k_norm.weight,8.452560e+00,1.554190e-02,1.838721e-03
4200,layers.1.k_norm.bias,7.599514e-01,1.863575e-02,2.452229e-02
4200,layers.1.ln_e.weight,6.815249e+00,1.170094e-02,1.716876e-03
4200,layers.1.ln_e.bias,4.825382e-02,4.269054e-03,8.847079e-02
4200,layers.2.qkv_lut.weights,4.775016e+01,6.732988e+00,1.410045e-01
4200,layers.2.qkv_lut.log_soft_score_temp,2.171049e-01,1.081605e-02,4.981948e-02
4200,layers.2.qkv_lut.log_select_temp,4.847713e-01,9.247959e-04,1.907695e-03
4200,layers.2.v_lut.weights,4.658189e+01,6.266326e+00,1.345228e-01
4200,layers.2.v_lut.log_soft_score_temp,6.204380e-01,1.539814e-02,2.481818e-02
4200,layers.2.v_lut.log_select_temp,8.116587e-01,5.356491e-03,6.599437e-03
4200,layers.2.out_proj.weights,6.437936e+01,9.392677e+00,1.458958e-01
4200,layers.2.out_proj.log_soft_score_temp,6.799369e-01,7.140398e-03,1.050156e-02
4200,layers.2.out_proj.log_select_temp,8.154595e-01,1.688480e-03,2.070588e-03
4200,layers.2.residual_lut.weights,6.744880e+01,8.436542e+00,1.250807e-01
4200,layers.2.residual_lut.log_soft_score_temp,6.009095e-01,1.230717e-03,2.048090e-03
4200,layers.2.residual_lut.log_select_temp,7.327520e-01,5.787253e-03,7.897970e-03
4200,layers.2.q_norm.weight,8.196405e+00,1.825717e-02,2.227460e-03
4200,layers.2.q_norm.bias,2.323787e-01,1.071225e-02,4.609826e-02
4200,layers.2.k_norm.weight,8.184403e+00,1.824217e-02,2.228895e-03
4200,layers.2.k_norm.bias,3.571680e-01,1.327060e-02,3.715506e-02
4200,layers.2.ln_e.weight,6.891492e+00,9.817233e-03,1.424544e-03
4200,layers.2.ln_e.bias,3.428007e-02,4.026263e-03,1.174520e-01
4200,layers.3.qkv_lut.weights,4.474535e+01,6.807820e+00,1.521459e-01
4200,layers.3.qkv_lut.log_soft_score_temp,5.114938e-01,1.087630e-02,2.126379e-02
4200,layers.3.qkv_lut.log_select_temp,6.037000e-01,6.625414e-03,1.097468e-02
4200,layers.3.v_lut.weights,3.854187e+01,5.856525e+00,1.519523e-01
4200,layers.3.v_lut.log_soft_score_temp,7.763656e-01,1.291871e-03,1.663998e-03
4200,layers.3.v_lut.log_select_temp,7.893805e-01,2.932549e-05,3.715000e-05
4200,layers.3.out_proj.weights,4.248593e+01,7.392729e+00,1.740042e-01
4200,layers.3.out_proj.log_soft_score_temp,5.961922e-01,1.012146e-02,1.697685e-02
4200,layers.3.out_proj.log_select_temp,6.565672e-01,5.071282e-03,7.723936e-03
4200,layers.3.residual_lut.weights,3.432816e+01,6.320032e+00,1.841063e-01
4200,layers.3.residual_lut.log_soft_score_temp,6.228918e-01,2.260506e-03,3.629051e-03
4200,layers.3.residual_lut.log_select_temp,6.552261e-01,4.433393e-04,6.766205e-04
4200,layers.3.q_norm.weight,8.024699e+00,1.236804e-02,1.541246e-03
4200,layers.3.q_norm.bias,1.588415e-01,1.202172e-02,7.568373e-02
4200,layers.3.k_norm.weight,8.026479e+00,1.389231e-02,1.730810e-03
4200,layers.3.k_norm.bias,2.556944e-01,1.821103e-02,7.122185e-02
4200,layers.3.ln_e.weight,6.883662e+00,7.668361e-03,1.113994e-03
4200,layers.3.ln_e.bias,6.039958e-02,4.404455e-03,7.292194e-02
4200,layers.4.qkv_lut.weights,2.032378e+01,4.324571e+00,2.127837e-01
4200,layers.4.qkv_lut.log_soft_score_temp,7.436746e-01,3.032088e-04,4.077170e-04
4200,layers.4.qkv_lut.log_select_temp,7.469400e-01,6.479025e-05,8.674090e-05
4200,layers.4.v_lut.weights,1.463189e+01,3.039860e+00,2.077557e-01
4200,layers.4.v_lut.log_soft_score_temp,7.479917e-01,3.140211e-03,4.198190e-03
4200,layers.4.v_lut.log_select_temp,7.431775e-01,3.117681e-03,4.195069e-03
4200,layers.4.out_proj.weights,1.395360e+01,2.494760e+00,1.787897e-01
4200,layers.4.out_proj.log_soft_score_temp,7.245355e-01,8.515120e-04,1.175252e-03
4200,layers.4.out_proj.log_select_temp,7.365099e-01,4.724860e-04,6.415203e-04
4200,layers.4.residual_lut.weights,9.094441e+00,2.015176e+00,2.215833e-01
4200,layers.4.residual_lut.log_soft_score_temp,6.714562e-01,6.919503e-04,1.030522e-03
4200,layers.4.residual_lut.log_select_temp,6.737339e-01,3.813505e-04,5.660254e-04
4200,layers.4.q_norm.weight,8.056732e+00,1.751011e-02,2.173351e-03
4200,layers.4.q_norm.bias,1.037247e-01,1.616590e-02,1.558539e-01
4200,layers.4.k_norm.weight,8.058048e+00,1.609431e-02,1.997297e-03
4200,layers.4.k_norm.bias,1.032475e-01,1.462380e-02,1.416383e-01
4200,layers.4.ln_e.weight,6.838449e+00,5.284272e-03,7.727295e-04
4200,layers.4.ln_e.bias,1.091370e-01,4.000101e-03,3.665212e-02
4200,layers.5.qkv_lut.weights,5.094110e+00,9.508933e-02,1.866652e-02
4200,layers.5.qkv_lut.log_soft_score_temp,8.148987e-01,1.743853e-03,2.139963e-03
4200,layers.5.qkv_lut.log_select_temp,8.279073e-01,2.019584e-03,2.439385e-03
4200,layers.5.v_lut.weights,6.786432e+00,1.300035e-01,1.915639e-02
4200,layers.5.v_lut.log_soft_score_temp,8.405663e-01,1.959085e-03,2.330673e-03
4200,layers.5.v_lut.log_select_temp,8.568839e-01,2.185047e-03,2.549992e-03
4200,layers.5.out_proj.weights,7.350503e+00,3.401763e-01,4.627932e-02
4200,layers.5.out_proj.log_soft_score_temp,8.554006e-01,3.050029e-03,3.565615e-03
4200,layers.5.out_proj.log_select_temp,8.787913e-01,3.094614e-03,3.521443e-03
4200,layers.5.residual_lut.weights,3.732355e+00,4.767262e-01,1.277280e-01
4200,layers.5.residual_lut.log_soft_score_temp,6.448987e-01,7.111430e-04,1.102720e-03
4200,layers.5.residual_lut.log_select_temp,6.395998e-01,3.480315e-04,5.441395e-04
4200,layers.5.q_norm.weight,7.992099e+00,3.153329e-04,3.945558e-05
4200,layers.5.q_norm.bias,1.516429e-02,2.743462e-04,1.809160e-02
4200,layers.5.k_norm.weight,7.992877e+00,3.867241e-04,4.838359e-05
4200,layers.5.k_norm.bias,1.338674e-02,2.433391e-04,1.817763e-02
4200,layers.5.ln_e.weight,6.810878e+00,1.077166e-02,1.581538e-03
4200,layers.5.ln_e.bias,7.996308e-02,3.923416e-03,4.906535e-02
4200,ln_final.weight,2.940205e+01,4.104313e-01,1.395928e-02
4200,ln_final.bias,9.715496e-01,3.499184e-02,3.601653e-02
4400,tok_emb_E.weight,7.474992e+01,2.046050e+00,2.737193e-02
4400,unembedder.weight,2.272751e+02,1.246502e+01,5.484548e-02
4400,layers.0.qkv_lut.weights,4.859976e+01,6.198776e+00,1.275475e-01
4400,layers.0.qkv_lut.log_soft_score_temp,1.296686e+00,1.174164e-02,9.055112e-03
4400,layers.0.qkv_lut.log_select_temp,1.289639e+00,1.145303e-02,8.880804e-03
4400,layers.0.v_lut.weights,4.804012e+01,6.073283e+00,1.264211e-01
4400,layers.0.v_lut.log_soft_score_temp,1.545210e+00,1.628172e-02,1.053690e-02
4400,layers.0.v_lut.log_select_temp,1.543636e+00,1.617742e-02,1.048007e-02
4400,layers.0.out_proj.weights,6.626699e+01,8.698320e+00,1.312617e-01
4400,layers.0.out_proj.log_soft_score_temp,8.543064e-01,2.131939e-03,2.495520e-03
4400,layers.0.out_proj.log_select_temp,1.032565e+00,6.137848e-03,5.944271e-03
4400,layers.0.residual_lut.weights,7.605849e+01,7.685493e+00,1.010471e-01
4400,layers.0.residual_lut.log_soft_score_temp,7.837832e-01,1.540959e-03,1.966052e-03
4400,layers.0.residual_lut.log_select_temp,9.975445e-01,8.345604e-03,8.366147e-03
4400,layers.0.q_norm.weight,9.061771e+00,1.565441e-02,1.727522e-03
4400,layers.0.q_norm.bias,8.832749e-01,1.060162e-02,1.200263e-02
4400,layers.0.k_norm.weight,8.998043e+00,1.316553e-02,1.463155e-03
4400,layers.0.k_norm.bias,1.012141e+00,1.610952e-02,1.591627e-02
4400,layers.0.ln_e.weight,6.952105e+00,9.122362e-03,1.312173e-03
4400,layers.0.ln_e.bias,6.081517e-02,3.722786e-03,6.121477e-02
4400,layers.1.qkv_lut.weights,4.880327e+01,6.330404e+00,1.297127e-01
4400,layers.1.qkv_lut.log_soft_score_temp,2.707120e-01,4.228503e-03,1.561993e-02
4400,layers.1.qkv_lut.log_select_temp,5.105682e-01,3.714442e-03,7.275115e-03
4400,layers.1.v_lut.weights,4.811499e+01,6.296179e+00,1.308569e-01
4400,layers.1.v_lut.log_soft_score_temp,4.198426e-01,7.085890e-03,1.687749e-02
4400,layers.1.v_lut.log_select_temp,7.042344e-01,1.905680e-03,2.706031e-03
4400,layers.1.out_proj.weights,6.704408e+01,8.967638e+00,1.337573e-01
4400,layers.1.out_proj.log_soft_score_temp,5.939972e-01,9.821236e-03,1.653414e-02
4400,layers.1.out_proj.log_select_temp,8.381735e-01,3.178895e-03,3.792645e-03
4400,layers.1.residual_lut.weights,6.932742e+01,7.418578e+00,1.070078e-01
4400,layers.1.residual_lut.log_soft_score_temp,4.228241e-01,1.367581e-02,3.234397e-02
4400,layers.1.residual_lut.log_select_temp,7.492562e-01,9.356141e-04,1.248724e-03
4400,layers.1.q_norm.weight,8.500679e+00,1.482529e-02,1.744012e-03
4400,layers.1.q_norm.bias,4.125839e-01,1.013309e-02,2.456007e-02
4400,layers.1.k_norm.weight,8.461292e+00,1.400489e-02,1.655171e-03
4400,layers.1.k_norm.bias,7.700641e-01,1.612926e-02,2.094535e-02
4400,layers.1.ln_e.weight,6.809585e+00,9.429595e-03,1.384753e-03
4400,layers.1.ln_e.bias,5.035489e-02,3.920610e-03,7.785956e-02
4400,layers.2.qkv_lut.weights,4.834560e+01,6.339674e+00,1.311324e-01
4400,layers.2.qkv_lut.log_soft_score_temp,2.076366e-01,9.468243e-03,4.560006e-02
4400,layers.2.qkv_lut.log_select_temp,4.868955e-01,2.124280e-03,4.362907e-03
4400,layers.2.v_lut.weights,4.723174e+01,5.853387e+00,1.239291e-01
4400,layers.2.v_lut.log_soft_score_temp,6.098827e-01,1.055539e-02,1.730724e-02
4400,layers.2.v_lut.log_select_temp,8.099623e-01,1.696408e-03,2.094428e-03
4400,layers.2.out_proj.weights,6.528094e+01,8.857209e+00,1.356783e-01
4400,layers.2.out_proj.log_soft_score_temp,6.728774e-01,7.059574e-03,1.049162e-02
4400,layers.2.out_proj.log_select_temp,8.158104e-01,3.508925e-04,4.301153e-04
4400,layers.2.residual_lut.weights,6.849524e+01,7.891572e+00,1.152134e-01
4400,layers.2.residual_lut.log_soft_score_temp,5.985430e-01,2.366543e-03,3.953839e-03
4400,layers.2.residual_lut.log_select_temp,7.371129e-01,4.360914e-03,5.916209e-03
4400,layers.2.q_norm.weight,8.206274e+00,1.604826e-02,1.955609e-03
4400,layers.2.q_norm.bias,2.366174e-01,8.917307e-03,3.768661e-02
4400,layers.2.k_norm.weight,8.193531e+00,1.574796e-02,1.921999e-03
4400,layers.2.k_norm.bias,3.647127e-01,1.297839e-02,3.558525e-02
4400,layers.2.ln_e.weight,6.891242e+00,8.019065e-03,1.163660e-03
4400,layers.2.ln_e.bias,3.344269e-02,3.316613e-03,9.917303e-02
4400,layers.3.qkv_lut.weights,4.538128e+01,6.352997e+00,1.399916e-01
4400,layers.3.qkv_lut.log_soft_score_temp,5.068216e-01,4.672170e-03,9.218568e-03
4400,layers.3.qkv_lut.log_select_temp,6.028686e-01,8.314252e-04,1.379115e-03
4400,layers.3.v_lut.weights,3.917263e+01,5.498731e+00,1.403718e-01
4400,layers.3.v_lut.log_soft_score_temp,7.781198e-01,1.754165e-03,2.254363e-03
4400,layers.3.v_lut.log_select_temp,7.923356e-01,2.955139e-03,3.729655e-03
4400,layers.3.out_proj.weights,4.328772e+01,7.024991e+00,1.622860e-01
4400,layers.3.out_proj.log_soft_score_temp,5.865523e-01,9.639859e-03,1.643478e-02
4400,layers.3.out_proj.log_select_temp,6.515127e-01,5.054414e-03,7.757967e-03
4400,layers.3.residual_lut.weights,3.502668e+01,6.060541e+00,1.730264e-01
4400,layers.3.residual_lut.log_soft_score_temp,6.216107e-01,1.281142e-03,2.061004e-03
4400,layers.3.residual_lut.log_select_temp,6.561590e-01,9.329319e-04,1.421808e-03
4400,layers.3.q_norm.weight,8.025935e+00,1.183867e-02,1.475052e-03
4400,layers.3.q_norm.bias,1.631143e-01,1.241682e-02,7.612340e-02
4400,layers.3.k_norm.weight,8.028445e+00,1.159384e-02,1.444095e-03
4400,layers.3.k_norm.bias,2.588526e-01,1.234408e-02,4.768767e-02
4400,layers.3.ln_e.weight,6.883666e+00,6.435805e-03,9.349386e-04
4400,layers.3.ln_e.bias,6.090682e-02,5.082592e-03,8.344866e-02
4400,layers.4.qkv_lut.weights,2.084199e+01,4.011289e+00,1.924619e-01
4400,layers.4.qkv_lut.log_soft_score_temp,7.454354e-01,1.760721e-03,2.362004e-03
4400,layers.4.qkv_lut.log_select_temp,7.484154e-01,1.475334e-03,1.971277e-03
4400,layers.4.v_lut.weights,1.497949e+01,2.845031e+00,1.899285e-01
4400,layers.4.v_lut.log_soft_score_temp,7.465266e-01,1.465142e-03,1.962612e-03
4400,layers.4.v_lut.log_select_temp,7.415452e-01,1.632273e-03,2.201178e-03
4400,layers.4.out_proj.weights,1.425066e+01,2.388494e+00,1.676058e-01
4400,layers.4.out_proj.log_soft_score_temp,7.236530e-01,8.825064e-04,1.219516e-03
4400,layers.4.out_proj.log_select_temp,7.359978e-01,5.120635e-04,6.957405e-04
4400,layers.4.residual_lut.weights,9.294622e+00,1.922281e+00,2.068165e-01
4400,layers.4.residual_lut.log_soft_score_temp,6.715664e-01,1.101494e-04,1.640186e-04
4400,layers.4.residual_lut.log_select_temp,6.745425e-01,8.085966e-04,1.198733e-03
4400,layers.4.q_norm.weight,8.062099e+00,1.545847e-02,1.917425e-03
4400,layers.4.q_norm.bias,1.015752e-01,1.326703e-02,1.306129e-01
4400,layers.4.k_norm.weight,8.062098e+00,1.362445e-02,1.689939e-03
4400,layers.4.k_norm.bias,1.091735e-01,1.610001e-02,1.474718e-01
4400,layers.4.ln_e.weight,6.837127e+00,5.564247e-03,8.138282e-04
4400,layers.4.ln_e.bias,1.094112e-01,3.024567e-03,2.764403e-02
4400,layers.5.qkv_lut.weights,5.124225e+00,8.470194e-02,1.652971e-02
4400,layers.5.qkv_lut.log_soft_score_temp,8.158908e-01,9.920597e-04,1.215922e-03
4400,layers.5.qkv_lut.log_select_temp,8.291447e-01,1.237392e-03,1.492372e-03
4400,layers.5.v_lut.weights,6.830335e+00,1.152356e-01,1.687115e-02
4400,layers.5.v_lut.log_soft_score_temp,8.416367e-01,1.070440e-03,1.271855e-03
4400,layers.5.v_lut.log_select_temp,8.581795e-01,1.295626e-03,1.509738e-03
4400,layers.5.out_proj.weights,7.367513e+00,2.670668e-01,3.624925e-02
4400,layers.5.out_proj.log_soft_score_temp,8.571185e-01,1.717925e-03,2.004303e-03
4400,layers.5.out_proj.log_select_temp,8.804472e-01,1.655936e-03,1.880790e-03
4400,layers.5.residual_lut.weights,3.736895e+00,3.662965e-01,9.802162e-02
4400,layers.5.residual_lut.log_soft_score_temp,6.453478e-01,4.490614e-04,6.958440e-04
4400,layers.5.residual_lut.log_select_temp,6.398227e-01,2.228618e-04,3.483180e-04
4400,layers.5.q_norm.weight,7.991917e+00,5.068143e-04,6.341587e-05
4400,layers.5.q_norm.bias,1.504604e-02,2.543174e-04,1.690261e-02
4400,layers.5.k_norm.weight,7.992693e+00,5.044178e-04,6.310986e-05
4400,layers.5.k_norm.bias,1.331624e-02,3.052619e-04,2.292403e-02
4400,layers.5.ln_e.weight,6.809491e+00,6.940246e-03,1.019202e-03
4400,layers.5.ln_e.bias,8.126206e-02,2.772817e-03,3.412191e-02
4400,ln_final.weight,2.978545e+01,3.868289e-01,1.298718e-02
4400,ln_final.bias,9.752411e-01,3.104861e-02,3.183686e-02
4600,tok_emb_E.weight,7.479069e+01,1.911514e+00,2.555819e-02
4600,unembedder.weight,2.286621e+02,1.143443e+01,5.000578e-02
4600,layers.0.qkv_lut.weights,4.908504e+01,5.823435e+00,1.186397e-01
4600,layers.0.qkv_lut.log_soft_score_temp,1.306605e+00,9.919167e-03,7.591555e-03
4600,layers.0.qkv_lut.log_select_temp,1.299627e+00,9.987473e-03,7.684879e-03
4600,layers.0.v_lut.weights,4.851134e+01,5.666029e+00,1.167980e-01
4600,layers.0.v_lut.log_soft_score_temp,1.559486e+00,1.427543e-02,9.153936e-03
4600,layers.0.v_lut.log_select_temp,1.557988e+00,1.435208e-02,9.211934e-03
4600,layers.0.out_proj.weights,6.699046e+01,8.139685e+00,1.215051e-01
4600,layers.0.out_proj.log_soft_score_temp,8.493645e-01,4.941940e-03,5.818398e-03
4600,layers.0.out_proj.log_select_temp,1.036668e+00,4.102349e-03,3.957247e-03
4600,layers.0.residual_lut.weights,7.693056e+01,7.241375e+00,9.412871e-02
4600,layers.0.residual_lut.log_soft_score_temp,7.826272e-01,1.156032e-03,1.477117e-03
4600,layers.0.residual_lut.log_select_temp,1.005748e+00,8.203030e-03,8.156152e-03
4600,layers.0.q_norm.weight,9.076854e+00,2.024803e-02,2.230732e-03
4600,layers.0.q_norm.bias,8.925771e-01,1.426518e-02,1.598201e-02
4600,layers.0.k_norm.weight,9.011334e+00,1.842903e-02,2.045094e-03
4600,layers.0.k_norm.bias,1.023751e+00,1.553824e-02,1.517776e-02
4600,layers.0.ln_e.weight,6.951552e+00,8.187886e-03,1.177850e-03
4600,layers.0.ln_e.bias,6.314924e-02,4.287207e-03,6.789008e-02
4600,layers.1.qkv_lut.weights,4.931640e+01,5.960701e+00,1.208665e-01
4600,layers.1.qkv_lut.log_soft_score_temp,2.657887e-01,4.923284e-03,1.852330e-02
4600,layers.1.qkv_lut.log_select_temp,5.132521e-01,2.683878e-03,5.229161e-03
4600,layers.1.v_lut.weights,4.864249e+01,5.867414e+00,1.206232e-01
4600,layers.1.v_lut.log_soft_score_temp,4.161186e-01,3.724068e-03,8.949537e-03
4600,layers.1.v_lut.log_select_temp,7.093232e-01,5.088806e-03,7.174172e-03
4600,layers.1.out_proj.weights,6.776937e+01,8.358045e+00,1.233307e-01
4600,layers.1.out_proj.log_soft_score_temp,5.832658e-01,1.073140e-02,1.839881e-02
4600,layers.1.out_proj.log_select_temp,8.397983e-01,1.624763e-03,1.934706e-03
4600,layers.1.residual_lut.weights,7.001501e+01,6.947808e+00,9.923312e-02
4600,layers.1.residual_lut.log_soft_score_temp,4.094552e-01,1.336887e-02,3.265040e-02
4600,layers.1.residual_lut.log_select_temp,7.484254e-01,8.307695e-04,1.110023e-03
4600,layers.1.q_norm.weight,8.509323e+00,1.297137e-02,1.524372e-03
4600,layers.1.q_norm.bias,4.173527e-01,9.585430e-03,2.296722e-02
4600,layers.1.k_norm.weight,8.469813e+00,1.325039e-02,1.564425e-03
4600,layers.1.k_norm.bias,7.816780e-01,1.623567e-02,2.077028e-02
4600,layers.1.ln_e.weight,6.803633e+00,1.035725e-02,1.522311e-03
4600,layers.1.ln_e.bias,5.236122e-02,3.886687e-03,7.422835e-02
4600,layers.2.qkv_lut.weights,4.886101e+01,5.917455e+00,1.211079e-01
4600,layers.2.qkv_lut.log_soft_score_temp,1.958677e-01,1.176891e-02,6.008600e-02
4600,layers.2.qkv_lut.log_select_temp,4.860026e-01,8.929670e-04,1.837371e-03
4600,layers.2.v_lut.weights,4.779466e+01,5.475460e+00,1.145622e-01
4600,layers.2.v_lut.log_soft_score_temp,5.982578e-01,1.162487e-02,1.943121e-02
4600,layers.2.v_lut.log_select_temp,8.070043e-01,2.958000e-03,3.665407e-03
4600,layers.2.out_proj.weights,6.606211e+01,8.220327e+00,1.244333e-01
4600,layers.2.out_proj.log_soft_score_temp,6.687696e-01,4.107773e-03,6.142285e-03
4600,layers.2.out_proj.log_select_temp,8.191212e-01,3.310800e-03,4.041892e-03
4600,layers.2.residual_lut.weights,6.944423e+01,7.376621e+00,1.062237e-01
4600,layers.2.residual_lut.log_soft_score_temp,5.961471e-01,2.395928e-03,4.019022e-03
4600,layers.2.residual_lut.log_select_temp,7.416564e-01,4.543424e-03,6.126050e-03
4600,layers.2.q_norm.weight,8.216429e+00,1.431164e-02,1.741832e-03
4600,layers.2.q_norm.bias,2.412999e-01,9.483671e-03,3.930242e-02
4600,layers.2.k_norm.weight,8.203131e+00,1.499809e-02,1.828338e-03
4600,layers.2.k_norm.bias,3.727347e-01,1.307803e-02,3.508669e-02
4600,layers.2.ln_e.weight,6.889938e+00,6.490778e-03,9.420663e-04
4600,layers.2.ln_e.bias,3.426833e-02,2.926350e-03,8.539517e-02
4600,layers.3.qkv_lut.weights,4.593257e+01,5.967147e+00,1.299110e-01
4600,layers.3.qkv_lut.log_soft_score_temp,5.013506e-01,5.471051e-03,1.091262e-02
4600,layers.3.qkv_lut.log_select_temp,6.006257e-01,2.242923e-03,3.734310e-03
4600,layers.3.v_lut.weights,3.973174e+01,5.115175e+00,1.287428e-01
4600,layers.3.v_lut.log_soft_score_temp,7.778350e-01,2.848506e-04,3.662096e-04
4600,layers.3.v_lut.log_select_temp,7.929729e-01,6.372333e-04,8.036003e-04
4600,layers.3.out_proj.weights,4.399953e+01,6.561408e+00,1.491245e-01
4600,layers.3.out_proj.log_soft_score_temp,5.770343e-01,9.518027e-03,1.649473e-02
4600,layers.3.out_proj.log_select_temp,6.464117e-01,5.101025e-03,7.891294e-03
4600,layers.3.residual_lut.weights,3.560235e+01,5.639499e+00,1.584024e-01
4600,layers.3.residual_lut.log_soft_score_temp,6.200026e-01,1.608074e-03,2.593656e-03
4600,layers.3.residual_lut.log_select_temp,6.567025e-01,5.435348e-04,8.276727e-04
4600,layers.3.q_norm.weight,8.027356e+00,1.187983e-02,1.479918e-03
4600,layers.3.q_norm.bias,1.642644e-01,9.271032e-03,5.643968e-02
4600,layers.3.k_norm.weight,8.030104e+00,1.183877e-02,1.474299e-03
4600,layers.3.k_norm.bias,2.633078e-01,1.227187e-02,4.660657e-02
4600,layers.3.ln_e.weight,6.883375e+00,7.548836e-03,1.096677e-03
4600,layers.3.ln_e.bias,6.211019e-02,4.315528e-03,6.948179e-02
4600,layers.4.qkv_lut.weights,2.130837e+01,3.871259e+00,1.816778e-01
4600,layers.4.qkv_lut.log_soft_score_temp,7.447840e-01,6.513596e-04,8.745617e-04
4600,layers.4.qkv_lut.log_select_temp,7.480380e-01,3.773570e-04,5.044624e-04
4600,layers.4.v_lut.weights,1.534811e+01,2.758883e+00,1.797539e-01
4600,layers.4.v_lut.log_soft_score_temp,7.485040e-01,1.977444e-03,2.641861e-03
4600,layers.4.v_lut.log_select_temp,7.434092e-01,1.863956e-03,2.507309e-03
4600,layers.4.out_proj.weights,1.447639e+01,2.246952e+00,1.552149e-01
4600,layers.4.out_proj.log_soft_score_temp,7.232901e-01,3.628731e-04,5.016978e-04
4600,layers.4.out_proj.log_select_temp,7.359645e-01,3.325939e-05,4.519157e-05
4600,layers.4.residual_lut.weights,9.474759e+00,1.881433e+00,1.985732e-01
4600,layers.4.residual_lut.log_soft_score_temp,6.728181e-01,1.251698e-03,1.860380e-03
4600,layers.4.residual_lut.log_select_temp,6.762104e-01,1.667857e-03,2.466477e-03
4600,layers.4.q_norm.weight,8.062203e+00,1.405131e-02,1.742862e-03
4600,layers.4.q_norm.bias,1.024630e-01,1.329618e-02,1.297657e-01
4600,layers.4.k_norm.weight,8.062799e+00,1.283400e-02,1.591755e-03
4600,layers.4.k_norm.bias,1.103890e-01,1.294998e-02,1.173122e-01
4600,layers.4.ln_e.weight,6.837016e+00,6.025244e-03,8.812681e-04
4600,layers.4.ln_e.bias,1.105420e-01,3.828068e-03,3.462999e-02
4600,layers.5.qkv_lut.weights,5.157150e+00,8.074360e-02,1.565663e-02
4600,layers.5.qkv_lut.log_soft_score_temp,8.181576e-01,2.266765e-03,2.770572e-03
4600,layers.5.qkv_lut.log_select_temp,8.317822e-01,2.637565e-03,3.170980e-03
4600,layers.5.v_lut.weights,6.878672e+00,1.082740e-01,1.574053e-02
4600,layers.5.v_lut.log_soft_score_temp,8.439829e-01,2.346158e-03,2.779864e-03
4600,layers.5.v_lut.log_select_temp,8.608450e-01,2.665460e-03,3.096330e-03
4600,layers.5.out_proj.weights,7.402675e+00,2.730000e-01,3.687857e-02
4600,layers.5.out_proj.log_soft_score_temp,8.608962e-01,3.777683e-03,4.388082e-03
4600,layers.5.out_proj.log_select_temp,8.838137e-01,3.366470e-03,3.809027e-03
4600,layers.5.residual_lut.weights,3.747578e+00,3.542123e-01,9.451765e-02
4600,layers.5.residual_lut.log_soft_score_temp,6.456380e-01,2.902150e-04,4.495011e-04
4600,layers.5.residual_lut.log_select_temp,6.398114e-01,1.126528e-05,1.760719e-05
4600,layers.5.q_norm.weight,7.991873e+00,3.753937e-04,4.697194e-05
4600,layers.5.q_norm.bias,1.504584e-02,2.629804e-04,1.747862e-02
4600,layers.5.k_norm.weight,7.992650e+00,3.230560e-04,4.041914e-05
4600,layers.5.k_norm.bias,1.326802e-02,2.720154e-04,2.050158e-02
4600,layers.5.ln_e.weight,6.807096e+00,9.711034e-03,1.426604e-03
4600,layers.5.ln_e.bias,8.233397e-02,3.139914e-03,3.813631e-02
4600,ln_final.weight,3.015130e+01,3.685540e-01,1.222348e-02
4600,ln_final.bias,9.795995e-01,3.100772e-02,3.165346e-02
4800,tok_emb_E.weight,7.482762e+01,1.779978e+00,2.378772e-02
4800,unembedder.weight,2.298389e+02,1.072752e+01,4.667410e-02
4800,layers.0.qkv_lut.weights,4.950229e+01,5.389804e+00,1.088799e-01
4800,layers.0.qkv_lut.log_soft_score_temp,1.314519e+00,7.913470e-03,6.020051e-03
4800,layers.0.qkv_lut.log_select_temp,1.307220e+00,7.593155e-03,5.808629e-03
4800,layers.0.v_lut.weights,4.890671e+01,5.270345e+00,1.077632e-01
4800,layers.0.v_lut.log_soft_score_temp,1.572195e+00,1.270914e-02,8.083693e-03
4800,layers.0.v_lut.log_select_temp,1.570690e+00,1.270199e-02,8.086884e-03
4800,layers.0.out_proj.weights,6.760649e+01,7.559885e+00,1.118219e-01
4800,layers.0.out_proj.log_soft_score_temp,8.477479e-01,1.616538e-03,1.906861e-03
4800,layers.0.out_proj.log_select_temp,1.042450e+00,5.782008e-03,5.546559e-03
4800,layers.0.residual_lut.weights,7.764980e+01,6.738923e+00,8.678610e-02
4800,layers.0.residual_lut.log_soft_score_temp,7.799830e-01,2.644122e-03,3.389973e-03
4800,layers.0.residual_lut.log_select_temp,1.012552e+00,6.804109e-03,6.719764e-03
4800,layers.0.q_norm.weight,9.091020e+00,1.889540e-02,2.078469e-03
4800,layers.0.q_norm.bias,9.042484e-01,1.467610e-02,1.623016e-02
4800,layers.0.k_norm.weight,9.023835e+00,1.913633e-02,2.120642e-03
4800,layers.0.k_norm.bias,1.038986e+00,1.812937e-02,1.744911e-02
4800,layers.0.ln_e.weight,6.950664e+00,7.237328e-03,1.041243e-03
4800,layers.0.ln_e.bias,6.443471e-02,3.832935e-03,5.948557e-02
4800,layers.1.qkv_lut.weights,4.975214e+01,5.557019e+00,1.116941e-01
4800,layers.1.qkv_lut.log_soft_score_temp,2.654885e-01,3.002584e-04,1.130966e-03
4800,layers.1.qkv_lut.log_select_temp,5.191320e-01,5.879939e-03,1.132648e-02
4800,layers.1.v_lut.weights,4.909371e+01,5.465948e+00,1.113370e-01
4800,layers.1.v_lut.log_soft_score_temp,4.097074e-01,6.411165e-03,1.564816e-02
4800,layers.1.v_lut.log_select_temp,7.108620e-01,1.538873e-03,2.164798e-03
4800,layers.1.out_proj.weights,6.839079e+01,7.764429e+00,1.135303e-01
4800,layers.1.out_proj.log_soft_score_temp,5.746236e-01,8.642197e-03,1.503975e-02
4800,layers.1.out_proj.log_select_temp,8.430195e-01,3.221214e-03,3.821043e-03
4800,layers.1.residual_lut.weights,7.062464e+01,6.468537e+00,9.159037e-02
4800,layers.1.residual_lut.log_soft_score_temp,3.979059e-01,1.154923e-02,2.902504e-02
4800,layers.1.residual_lut.log_select_temp,7.484340e-01,8.583069e-06,1.146804e-05
4800,layers.1.q_norm.weight,8.518626e+00,1.236300e-02,1.451290e-03
4800,layers.1.q_norm.bias,4.203013e-01,9.035067e-03,2.149664e-02
4800,layers.1.k_norm.weight,8.478737e+00,1.189114e-02,1.402466e-03
4800,layers.1.k_norm.bias,7.904564e-01,1.359053e-02,1.719327e-02
4800,layers.1.ln_e.weight,6.799666e+00,9.499799e-03,1.397098e-03
4800,layers.1.ln_e.bias,5.543637e-02,4.854113e-03,8.756188e-02
4800,layers.2.qkv_lut.weights,4.931240e+01,5.512321e+00,1.117836e-01
4800,layers.2.qkv_lut.log_soft_score_temp,1.890709e-01,6.796867e-03,3.594878e-02
4800,layers.2.qkv_lut.log_select_temp,4.882769e-01,2.274364e-03,4.657939e-03
4800,layers.2.v_lut.weights,4.827735e+01,5.083579e+00,1.052995e-01
4800,layers.2.v_lut.log_soft_score_temp,5.852615e-01,1.299626e-02,2.220590e-02
4800,layers.2.v_lut.log_select_temp,8.017748e-01,5.229533e-03,6.522446e-03
4800,layers.2.out_proj.weights,6.673942e+01,7.620450e+00,1.141822e-01
4800,layers.2.out_proj.log_soft_score_temp,6.615401e-01,7.229507e-03,1.092830e-02
4800,layers.2.out_proj.log_select_temp,8.190943e-01,2.688169e-05,3.281880e-05
4800,layers.2.residual_lut.weights,7.025613e+01,6.912651e+00,9.839215e-02
4800,layers.2.residual_lut.log_soft_score_temp,5.939717e-01,2.175331e-03,3.662348e-03
4800,layers.2.residual_lut.log_select_temp,7.462464e-01,4.590034e-03,6.150830e-03
4800,layers.2.q_norm.weight,8.226634e+00,1.371112e-02,1.666674e-03
4800,layers.2.q_norm.bias,2.452167e-01,9.080897e-03,3.703213e-02
4800,layers.2.k_norm.weight,8.212843e+00,1.374642e-02,1.673771e-03
4800,layers.2.k_norm.bias,3.784334e-01,1.134518e-02,2.997932e-02
4800,layers.2.ln_e.weight,6.889026e+00,7.333878e-03,1.064574e-03
4800,layers.2.ln_e.bias,3.450762e-02,2.868779e-03,8.313465e-02
4800,layers.3.qkv_lut.weights,4.638028e+01,5.498007e+00,1.185419e-01
4800,layers.3.qkv_lut.log_soft_score_temp,4.933048e-01,8.045763e-03,1.630992e-02
4800,layers.3.qkv_lut.log_select_temp,5.961634e-01,4.462302e-03,7.485031e-03
4800,layers.3.v_lut.weights,4.021424e+01,4.793121e+00,1.191897e-01
4800,layers.3.v_lut.log_soft_score_temp,7.793933e-01,1.558304e-03,1.999381e-03
4800,layers.3.v_lut.log_select_temp,7.950743e-01,2.101481e-03,2.643125e-03
4800,layers.3.out_proj.weights,4.460860e+01,6.224627e+00,1.395387e-01
4800,layers.3.out_proj.log_soft_score_temp,5.685416e-01,8.492708e-03,1.493771e-02
4800,layers.3.out_proj.log_select_temp,6.416875e-01,4.724205e-03,7.362158e-03
4800,layers.3.residual_lut.weights,3.614291e+01,5.369686e+00,1.485682e-01
4800,layers.3.residual_lut.log_soft_score_temp,6.186344e-01,1.368225e-03,2.211685e-03
4800,layers.3.residual_lut.log_select_temp,6.576553e-01,9.527802e-04,1.448753e-03
4800,layers.3.q_norm.weight,8.032389e+00,1.270451e-02,1.581661e-03
4800,layers.3.q_norm.bias,1.666956e-01,1.037793e-02,6.225680e-02
4800,layers.3.k_norm.weight,8.034221e+00,1.377563e-02,1.714619e-03
4800,layers.3.k_norm.bias,2.686483e-01,1.482884e-02,5.519795e-02
4800,layers.3.ln_e.weight,6.882793e+00,6.190838e-03,8.994660e-04
4800,layers.3.ln_e.bias,6.158836e-02,3.942418e-03,6.401240e-02
4800,layers.4.qkv_lut.weights,2.169730e+01,3.652586e+00,1.683429e-01
4800,layers.4.qkv_lut.log_soft_score_temp,7.449954e-01,2.114177e-04,2.837839e-04
4800,layers.4.qkv_lut.log_select_temp,7.489232e-01,8.852482e-04,1.182028e-03
4800,layers.4.v_lut.weights,1.565129e+01,2.593921e+00,1.657321e-01
4800,layers.4.v_lut.log_soft_score_temp,7.507461e-01,2.242029e-03,2.986401e-03
4800,layers.4.v_lut.log_select_temp,7.455701e-01,2.160966e-03,2.898408e-03
4800,layers.4.out_proj.weights,1.473301e+01,2.220044e+00,1.506850e-01
4800,layers.4.out_proj.log_soft_score_temp,7.227551e-01,5.349517e-04,7.401562e-04
4800,layers.4.out_proj.log_select_temp,7.357670e-01,1.975298e-04,2.684679e-04
4800,layers.4.residual_lut.weights,9.639101e+00,1.916845e+00,1.988614e-01
4800,layers.4.residual_lut.log_soft_score_temp,6.726888e-01,1.292229e-04,1.920990e-04
4800,layers.4.residual_lut.log_select_temp,6.767213e-01,5.109310e-04,7.550095e-04
4800,layers.4.q_norm.weight,8.062186e+00,1.326756e-02,1.645653e-03
4800,layers.4.q_norm.bias,1.019035e-01,1.111399e-02,1.090639e-01
4800,layers.4.k_norm.weight,8.062577e+00,1.392183e-02,1.726722e-03
4800,layers.4.k_norm.bias,1.118391e-01,1.558466e-02,1.393490e-01
4800,layers.4.ln_e.weight,6.836494e+00,5.615356e-03,8.213795e-04
4800,layers.4.ln_e.bias,1.109911e-01,5.046099e-03,4.546402e-02
4800,layers.5.qkv_lut.weights,5.174534e+00,7.453428e-02,1.440406e-02
4800,layers.5.qkv_lut.log_soft_score_temp,8.190709e-01,9.133816e-04,1.115143e-03
4800,layers.5.qkv_lut.log_select_temp,8.329001e-01,1.117885e-03,1.342160e-03
4800,layers.5.v_lut.weights,6.903768e+00,1.002330e-01,1.451860e-02
4800,layers.5.v_lut.log_soft_score_temp,8.449800e-01,9.971261e-04,1.180059e-03
4800,layers.5.v_lut.log_select_temp,8.620151e-01,1.170158e-03,1.357469e-03
4800,layers.5.out_proj.weights,7.432084e+00,2.856671e-01,3.843701e-02
4800,layers.5.out_proj.log_soft_score_temp,8.629589e-01,2.062738e-03,2.390308e-03
4800,layers.5.out_proj.log_select_temp,8.857442e-01,1.930475e-03,2.179495e-03
4800,layers.5.residual_lut.weights,3.753115e+00,3.297307e-01,8.785520e-02
4800,layers.5.residual_lut.log_soft_score_temp,6.462330e-01,5.950332e-04,9.207718e-04
4800,layers.5.residual_lut.log_select_temp,6.400555e-01,2.441406e-04,3.814366e-04
4800,layers.5.q_norm.weight,7.991791e+00,4.039854e-04,5.055004e-05
4800,layers.5.q_norm.bias,1.500357e-02,2.213187e-04,1.475107e-02
4800,layers.5.k_norm.weight,7.992567e+00,3.100403e-04,3.879107e-05
4800,layers.5.k_norm.bias,1.326760e-02,3.155656e-04,2.378468e-02
4800,layers.5.ln_e.weight,6.806079e+00,7.490676e-03,1.100586e-03
4800,layers.5.ln_e.bias,8.385266e-02,3.208188e-03,3.825983e-02
4800,ln_final.weight,3.049599e+01,3.470479e-01,1.138012e-02
4800,ln_final.bias,9.846363e-01,3.023507e-02,3.070684e-02
5000,tok_emb_E.weight,7.485870e+01,1.636668e+00,2.186343e-02
5000,unembedder.weight,2.307860e+02,9.563988e+00,4.144093e-02
5000,layers.0.qkv_lut.weights,4.985881e+01,4.991950e+00,1.001217e-01
5000,layers.0.qkv_lut.log_soft_score_temp,1.322199e+00,7.680655e-03,5.808998e-03
5000,layers.0.qkv_lut.log_select_temp,1.314731e+00,7.510781e-03,5.712791e-03
5000,layers.0.v_lut.weights,4.925373e+01,4.885285e+00,9.918610e-02
5000,layers.0.v_lut.log_soft_score_temp,1.583192e+00,1.099753e-02,6.946429e-03
5000,layers.0.v_lut.log_select_temp,1.581739e+00,1.104927e-02,6.985519e-03
5000,layers.0.out_proj.weights,6.813670e+01,6.964843e+00,1.022187e-01
5000,layers.0.out_proj.log_soft_score_temp,8.480645e-01,3.166199e-04,3.733441e-04
5000,layers.0.out_proj.log_select_temp,1.049906e+00,7.456422e-03,7.101990e-03
5000,layers.0.residual_lut.weights,7.831175e+01,6.253294e+00,7.985128e-02
5000,layers.0.residual_lut.log_soft_score_temp,7.797385e-01,2.445579e-04,3.136409e-04
5000,layers.0.residual_lut.log_select_temp,1.020993e+00,8.441567e-03,8.267995e-03
5000,layers.0.q_norm.weight,9.104737e+00,1.673379e-02,1.837922e-03
5000,layers.0.q_norm.bias,9.134134e-01,1.378902e-02,1.509614e-02
5000,layers.0.k_norm.weight,9.036070e+00,1.562063e-02,1.728697e-03
5000,layers.0.k_norm.bias,1.051406e+00,1.613230e-02,1.534354e-02
5000,layers.0.ln_e.weight,6.950256e+00,8.261236e-03,1.188623e-03
5000,layers.0.ln_e.bias,6.545908e-02,3.356303e-03,5.127330e-02
5000,layers.1.qkv_lut.weights,5.012335e+01,5.124856e+00,1.022449e-01
5000,layers.1.qkv_lut.log_soft_score_temp,2.640712e-01,1.417309e-03,5.367148e-03
5000,layers.1.qkv_lut.log_select_temp,5.239652e-01,4.833221e-03,9.224317e-03
5000,layers.1.v_lut.weights,4.949402e+01,5.048286e+00,1.019979e-01
5000,layers.1.v_lut.log_soft_score_temp,4.057131e-01,3.994316e-03,9.845174e-03
5000,layers.1.v_lut.log_select_temp,7.146980e-01,3.835976e-03,5.367268e-03
5000,layers.1.out_proj.weights,6.892278e+01,7.180142e+00,1.041766e-01
5000,layers.1.out_proj.log_soft_score_temp,5.681040e-01,6.519675e-03,1.147620e-02
5000,layers.1.out_proj.log_select_temp,8.477468e-01,4.727364e-03,5.576386e-03
5000,layers.1.residual_lut.weights,7.113937e+01,6.007682e+00,8.444947e-02
5000,layers.1.residual_lut.log_soft_score_temp,3.856289e-01,1.227704e-02,3.183640e-02
5000,layers.1.residual_lut.log_select_temp,7.475698e-01,8.642077e-04,1.156023e-03
5000,layers.1.q_norm.weight,8.528976e+00,1.292961e-02,1.515963e-03
5000,layers.1.q_norm.bias,4.242036e-01,7.277614e-03,1.715594e-02
5000,layers.1.k_norm.weight,8.488935e+00,1.302331e-02,1.534151e-03
5000,layers.1.k_norm.bias,7.982358e-01,1.311316e-02,1.642767e-02
5000,layers.1.ln_e.weight,6.795169e+00,9.658593e-03,1.421391e-03
5000,layers.1.ln_e.bias,5.713625e-02,3.648438e-03,6.385506e-02
5000,layers.2.qkv_lut.weights,4.969130e+01,5.126458e+00,1.031661e-01
5000,layers.2.qkv_lut.log_soft_score_temp,1.817525e-01,7.318348e-03,4.026546e-02
5000,layers.2.qkv_lut.log_select_temp,4.903164e-01,2.039462e-03,4.159482e-03
5000,layers.2.v_lut.weights,4.870029e+01,4.736304e+00,9.725411e-02
5000,layers.2.v_lut.log_soft_score_temp,5.753660e-01,9.895563e-03,1.719873e-02
5000,layers.2.v_lut.log_select_temp,7.990301e-01,2.744734e-03,3.435083e-03
5000,layers.2.out_proj.weights,6.733595e+01,7.069168e+00,1.049836e-01
5000,layers.2.out_proj.log_soft_score_temp,6.556441e-01,5.895972e-03,8.992641e-03
5000,layers.2.out_proj.log_select_temp,8.199458e-01,8.515120e-04,1.038498e-03
5000,layers.2.residual_lut.weights,7.092503e+01,6.361639e+00,8.969525e-02
5000,layers.2.residual_lut.log_soft_score_temp,5.913771e-01,2.594650e-03,4.387471e-03
5000,layers.2.residual_lut.log_select_temp,7.507648e-01,4.518390e-03,6.018383e-03
5000,layers.2.q_norm.weight,8.236770e+00,1.495970e-02,1.816210e-03
5000,layers.2.q_norm.bias,2.496566e-01,9.186600e-03,3.679695e-02
5000,layers.2.k_norm.weight,8.222674e+00,1.505198e-02,1.830545e-03
5000,layers.2.k_norm.bias,3.835538e-01,1.141134e-02,2.975160e-02
5000,layers.2.ln_e.weight,6.888060e+00,7.619834e-03,1.106238e-03
5000,layers.2.ln_e.bias,3.534894e-02,2.851142e-03,8.065708e-02
5000,layers.3.qkv_lut.weights,4.677943e+01,5.086753e+00,1.087391e-01
5000,layers.3.qkv_lut.log_soft_score_temp,4.889336e-01,4.371226e-03,8.940326e-03
5000,layers.3.qkv_lut.log_select_temp,5.946702e-01,1.493216e-03,2.510998e-03
5000,layers.3.v_lut.weights,4.063988e+01,4.418839e+00,1.087316e-01
5000,layers.3.v_lut.log_soft_score_temp,7.792326e-01,1.606941e-04,2.062210e-04
5000,layers.3.v_lut.log_select_temp,7.956364e-01,5.620718e-04,7.064430e-04
5000,layers.3.out_proj.weights,4.511831e+01,5.752308e+00,1.274939e-01
5000,layers.3.out_proj.log_soft_score_temp,5.630788e-01,5.462766e-03,9.701600e-03
5000,layers.3.out_proj.log_select_temp,6.408912e-01,7.963181e-04,1.242517e-03
5000,layers.3.residual_lut.weights,3.660991e+01,4.990965e+00,1.363283e-01
5000,layers.3.residual_lut.log_soft_score_temp,6.184645e-01,1.698732e-04,2.746693e-04
5000,layers.3.residual_lut.log_select_temp,6.593362e-01,1.680911e-03,2.549398e-03
5000,layers.3.q_norm.weight,8.030756e+00,1.055931e-02,1.314858e-03
5000,layers.3.q_norm.bias,1.692115e-01,9.183698e-03,5.427349e-02
5000,layers.3.k_norm.weight,8.032229e+00,1.152732e-02,1.435134e-03
5000,layers.3.k_norm.bias,2.699123e-01,1.006962e-02,3.730701e-02
5000,layers.3.ln_e.weight,6.883621e+00,5.851777e-03,8.501016e-04
5000,layers.3.ln_e.bias,6.154664e-02,4.963159e-03,8.064062e-02
5000,layers.4.qkv_lut.weights,2.205396e+01,3.389575e+00,1.536946e-01
5000,layers.4.qkv_lut.log_soft_score_temp,7.434459e-01,1.549482e-03,2.084190e-03
5000,layers.4.qkv_lut.log_select_temp,7.475156e-01,1.407683e-03,1.883149e-03
5000,layers.4.v_lut.weights,1.591407e+01,2.390347e+00,1.502033e-01
5000,layers.4.v_lut.log_soft_score_temp,7.514287e-01,6.825924e-04,9.083928e-04
5000,layers.4.v_lut.log_select_temp,7.460802e-01,5.100369e-04,6.836222e-04
5000,layers.4.out_proj.weights,1.490684e+01,2.017559e+00,1.353445e-01
5000,layers.4.out_proj.log_soft_score_temp,7.222359e-01,5.192757e-04,7.189835e-04
5000,layers.4.out_proj.log_select_temp,7.353088e-01,4.581809e-04,6.231136e-04
5000,layers.4.residual_lut.weights,9.759244e+00,1.740775e+00,1.783720e-01
5000,layers.4.residual_lut.log_soft_score_temp,6.737693e-01,1.080453e-03,1.603595e-03
5000,layers.4.residual_lut.log_select_temp,6.783848e-01,1.663506e-03,2.452157e-03
5000,layers.4.q_norm.weight,8.065702e+00,1.141123e-02,1.414785e-03
5000,layers.4.q_norm.bias,1.042865e-01,1.016359e-02,9.745838e-02
5000,layers.4.k_norm.weight,8.065679e+00,1.205262e-02,1.494310e-03
5000,layers.4.k_norm.bias,1.138384e-01,1.220580e-02,1.072204e-01
5000,layers.4.ln_e.weight,6.835830e+00,5.059076e-03,7.400822e-04
5000,layers.4.ln_e.bias,1.117861e-01,3.479844e-03,3.112948e-02
5000,layers.5.qkv_lut.weights,5.195023e+00,6.867758e-02,1.321988e-02
5000,layers.5.qkv_lut.log_soft_score_temp,8.202953e-01,1.224339e-03,1.492559e-03
5000,layers.5.qkv_lut.log_select_temp,8.344209e-01,1.520753e-03,1.822525e-03
5000,layers.5.v_lut.weights,6.933459e+00,9.169783e-02,1.322541e-02
5000,layers.5.v_lut.log_soft_score_temp,8.465425e-01,1.562476e-03,1.845715e-03
5000,layers.5.v_lut.log_select_temp,8.638058e-01,1.790643e-03,2.072969e-03
5000,layers.5.out_proj.weights,7.473616e+00,2.161622e-01,2.892338e-02
5000,layers.5.out_proj.log_soft_score_temp,8.657866e-01,2.827704e-03,3.266052e-03
5000,layers.5.out_proj.log_select_temp,8.883978e-01,2.653658e-03,2.987016e-03
5000,layers.5.residual_lut.weights,3.761399e+00,3.128380e-01,8.317065e-02
5000,layers.5.residual_lut.log_soft_score_temp,6.462542e-01,2.121925e-05,3.283422e-05
5000,layers.5.residual_lut.log_select_temp,6.399469e-01,1.086593e-04,1.697942e-04
5000,layers.5.q_norm.weight,7.991686e+00,4.077949e-04,5.102739e-05
5000,layers.5.q_norm.bias,1.499002e-02,2.519017e-04,1.680463e-02
5000,layers.5.k_norm.weight,7.992463e+00,5.002000e-04,6.258396e-05
5000,layers.5.k_norm.bias,1.322076e-02,2.884080e-04,2.181478e-02
5000,layers.5.ln_e.weight,6.805054e+00,4.759012e-03,6.993349e-04
5000,layers.5.ln_e.bias,8.455759e-02,2.169221e-03,2.565377e-02
5000,ln_final.weight,3.082542e+01,3.312859e-01,1.074716e-02
5000,ln_final.bias,9.899767e-01,2.943979e-02,2.973786e-02
5200,tok_emb_E.weight,7.488566e+01,1.502582e+00,2.006502e-02
5200,unembedder.weight,2.316798e+02,9.247750e+00,3.991608e-02
5200,layers.0.qkv_lut.weights,5.015936e+01,4.617025e+00,9.204713e-02
5200,layers.0.qkv_lut.log_soft_score_temp,1.327255e+00,5.055666e-03,3.809114e-03
5200,layers.0.qkv_lut.log_select_temp,1.319762e+00,5.031347e-03,3.812314e-03
5200,layers.0.v_lut.weights,4.954971e+01,4.495688e+00,9.073086e-02
5200,layers.0.v_lut.log_soft_score_temp,1.593982e+00,1.078963e-02,6.768980e-03
5200,layers.0.v_lut.log_select_temp,1.592569e+00,1.083004e-02,6.800360e-03
5200,layers.0.out_proj.weights,6.859202e+01,6.410402e+00,9.345696e-02
5200,layers.0.out_proj.log_soft_score_temp,8.494478e-01,1.383245e-03,1.628405e-03
5200,layers.0.out_proj.log_select_temp,1.056644e+00,6.737709e-03,6.376519e-03
5200,layers.0.residual_lut.weights,7.887096e+01,5.711453e+00,7.241516e-02
5200,layers.0.residual_lut.log_soft_score_temp,7.795699e-01,1.686215e-04,2.163007e-04
5200,layers.0.residual_lut.log_select_temp,1.027225e+00,6.231546e-03,6.066390e-03
5200,layers.0.q_norm.weight,9.112167e+00,1.213076e-02,1.331270e-03
5200,layers.0.q_norm.bias,9.168868e-01,8.362663e-03,9.120715e-03
5200,layers.0.k_norm.weight,9.043011e+00,1.220272e-02,1.349409e-03
5200,layers.0.k_norm.bias,1.057372e+00,1.166333e-02,1.103049e-02
5200,layers.0.ln_e.weight,6.950364e+00,7.106568e-03,1.022474e-03
5200,layers.0.ln_e.bias,6.701882e-02,3.327018e-03,4.964303e-02
5200,layers.1.qkv_lut.weights,5.043364e+01,4.723992e+00,9.366749e-02
5200,layers.1.qkv_lut.log_soft_score_temp,2.617778e-01,2.293348e-03,8.760667e-03
5200,layers.1.qkv_lut.log_select_temp,5.269096e-01,2.944350e-03,5.587961e-03
5200,layers.1.v_lut.weights,4.981857e+01,4.639886e+00,9.313568e-02
5200,layers.1.v_lut.log_soft_score_temp,4.043660e-01,1.347095e-03,3.331375e-03
5200,layers.1.v_lut.log_select_temp,7.196086e-01,4.910588e-03,6.823971e-03
5200,layers.1.out_proj.weights,6.937449e+01,6.594547e+00,9.505724e-02
5200,layers.1.out_proj.log_soft_score_temp,5.601307e-01,7.973313e-03,1.423474e-02
5200,layers.1.out_proj.log_select_temp,8.493674e-01,1.620591e-03,1.907997e-03
5200,layers.1.residual_lut.weights,7.157453e+01,5.452421e+00,7.617822e-02
5200,layers.1.residual_lut.log_soft_score_temp,3.776588e-01,7.970154e-03,2.110412e-02
5200,layers.1.residual_lut.log_select_temp,7.479202e-01,3.504157e-04,4.685202e-04
5200,layers.1.q_norm.weight,8.533436e+00,8.225967e-03,9.639690e-04
5200,layers.1.q_norm.bias,4.273236e-01,8.557533e-03,2.002588e-02
5200,layers.1.k_norm.weight,8.493292e+00,8.334917e-03,9.813529e-04
5200,layers.1.k_norm.bias,8.024200e-01,9.644423e-03,1.201917e-02
5200,layers.1.ln_e.weight,6.791428e+00,8.776632e-03,1.292310e-03
5200,layers.1.ln_e.bias,5.818689e-02,3.091616e-03,5.313252e-02
5200,layers.2.qkv_lut.weights,5.001236e+01,4.688211e+00,9.374104e-02
5200,layers.2.qkv_lut.log_soft_score_temp,1.772094e-01,4.543111e-03,2.563696e-02
5200,layers.2.qkv_lut.log_select_temp,4.936475e-01,3.331095e-03,6.747923e-03
5200,layers.2.v_lut.weights,4.905468e+01,4.329992e+00,8.826869e-02
5200,layers.2.v_lut.log_soft_score_temp,5.650339e-01,1.033205e-02,1.828571e-02
5200,layers.2.v_lut.log_select_temp,7.954817e-01,3.548384e-03,4.460673e-03
5200,layers.2.out_proj.weights,6.783841e+01,6.488972e+00,9.565337e-02
5200,layers.2.out_proj.log_soft_score_temp,6.523954e-01,3.248692e-03,4.979636e-03
5200,layers.2.out_proj.log_select_temp,8.235236e-01,3.577769e-03,4.344464e-03
5200,layers.2.residual_lut.weights,7.147749e+01,5.804387e+00,8.120580e-02
5200,layers.2.residual_lut.log_soft_score_temp,5.896755e-01,1.701534e-03,2.885542e-03
5200,layers.2.residual_lut.log_select_temp,7.535119e-01,2.747118e-03,3.645753e-03
5200,layers.2.q_norm.weight,8.244790e+00,1.288763e-02,1.563124e-03
5200,layers.2.q_norm.bias,2.513885e-01,6.398146e-03,2.545123e-02
5200,layers.2.k_norm.weight,8.230136e+00,1.262569e-02,1.534080e-03
5200,layers.2.k_norm.bias,3.877608e-01,1.074736e-02,2.771647e-02
5200,layers.2.ln_e.weight,6.886420e+00,6.294263e-03,9.140109e-04
5200,layers.2.ln_e.bias,3.704753e-02,3.067062e-03,8.278721e-02
5200,layers.3.qkv_lut.weights,4.711654e+01,4.692316e+00,9.958958e-02
5200,layers.3.qkv_lut.log_soft_score_temp,4.840772e-01,4.856408e-03,1.003230e-02
5200,layers.3.qkv_lut.log_select_temp,5.927804e-01,1.889765e-03,3.187968e-03
5200,layers.3.v_lut.weights,4.100234e+01,4.069433e+00,9.924880e-02
5200,layers.3.v_lut.log_soft_score_temp,7.794250e-01,1.924634e-04,2.469300e-04
5200,layers.3.v_lut.log_select_temp,7.967270e-01,1.090586e-03,1.368833e-03
5200,layers.3.out_proj.weights,4.555973e+01,5.317779e+00,1.167210e-01
5200,layers.3.out_proj.log_soft_score_temp,5.550183e-01,8.060515e-03,1.452297e-02
5200,layers.3.out_proj.log_select_temp,6.363159e-01,4.575312e-03,7.190316e-03
5200,layers.3.residual_lut.weights,3.700306e+01,4.576648e+00,1.236830e-01
5200,layers.3.residual_lut.log_soft_score_temp,6.183422e-01,1.223087e-04,1.978010e-04
5200,layers.3.residual_lut.log_select_temp,6.607962e-01,1.460016e-03,2.209480e-03
5200,layers.3.q_norm.weight,8.032628e+00,1.022131e-02,1.272473e-03
5200,layers.3.q_norm.bias,1.721974e-01,7.568000e-03,4.394957e-02
5200,layers.3.k_norm.weight,8.033798e+00,1.095738e-02,1.363910e-03
5200,layers.3.k_norm.bias,2.731835e-01,1.002087e-02,3.668184e-02
5200,layers.3.ln_e.weight,6.883759e+00,5.280131e-03,7.670418e-04
5200,layers.3.ln_e.bias,6.182986e-02,3.816519e-03,6.172615e-02
5200,layers.4.qkv_lut.weights,2.236870e+01,3.229697e+00,1.443847e-01
5200,layers.4.qkv_lut.log_soft_score_temp,7.435130e-01,6.705523e-05,9.018703e-05
5200,layers.4.qkv_lut.log_select_temp,7.480730e-01,5.574226e-04,7.451447e-04
5200,layers.4.v_lut.weights,1.618503e+01,2.263102e+00,1.398269e-01
5200,layers.4.v_lut.log_soft_score_temp,7.519017e-01,4.730821e-04,6.291807e-04
5200,layers.4.v_lut.log_select_temp,7.465905e-01,5.103350e-04,6.835541e-04
5200,layers.4.out_proj.weights,1.508343e+01,1.903989e+00,1.262305e-01
5200,layers.4.out_proj.log_soft_score_temp,7.241069e-01,1.871049e-03,2.583941e-03
5200,layers.4.out_proj.log_select_temp,7.370247e-01,1.715899e-03,2.328142e-03
5200,layers.4.residual_lut.weights,9.883613e+00,1.589717e+00,1.608437e-01
5200,layers.4.residual_lut.log_soft_score_temp,6.742508e-01,4.814863e-04,7.141057e-04
5200,layers.4.residual_lut.log_select_temp,6.795396e-01,1.154780e-03,1.699357e-03
5200,layers.4.q_norm.weight,8.069916e+00,1.266437e-02,1.569332e-03
5200,layers.4.q_norm.bias,1.053923e-01,1.139233e-02,1.080945e-01
5200,layers.4.k_norm.weight,8.069654e+00,1.348089e-02,1.670566e-03
5200,layers.4.k_norm.bias,1.158566e-01,1.379555e-02,1.190743e-01
5200,layers.4.ln_e.weight,6.836075e+00,4.637522e-03,6.783895e-04
5200,layers.4.ln_e.bias,1.111932e-01,3.164922e-03,2.846327e-02
5200,layers.5.qkv_lut.weights,5.211299e+00,5.554280e-02,1.065815e-02
5200,layers.5.qkv_lut.log_soft_score_temp,8.211313e-01,8.360147e-04,1.018126e-03
5200,layers.5.qkv_lut.log_select_temp,8.355799e-01,1.159012e-03,1.387075e-03
5200,layers.5.v_lut.weights,6.957663e+00,7.391243e-02,1.062317e-02
5200,layers.5.v_lut.log_soft_score_temp,8.477934e-01,1.250923e-03,1.475504e-03
5200,layers.5.v_lut.log_select_temp,8.652185e-01,1.412690e-03,1.632755e-03
5200,layers.5.out_proj.weights,7.491645e+00,1.893582e-01,2.527591e-02
5200,layers.5.out_proj.log_soft_score_temp,8.677474e-01,1.960754e-03,2.259591e-03
5200,layers.5.out_proj.log_select_temp,8.902419e-01,1.844108e-03,2.071469e-03
5200,layers.5.residual_lut.weights,3.765196e+00,2.504829e-01,6.652587e-02
5200,layers.5.residual_lut.log_soft_score_temp,6.465945e-01,3.402829e-04,5.262694e-04
5200,layers.5.residual_lut.log_select_temp,6.400571e-01,1.102686e-04,1.722793e-04
5200,layers.5.q_norm.weight,7.991736e+00,2.347240e-04,2.937084e-05
5200,layers.5.q_norm.bias,1.500839e-02,2.104640e-04,1.402309e-02
5200,layers.5.k_norm.weight,7.992511e+00,2.425906e-04,3.035224e-05
5200,layers.5.k_norm.bias,1.319709e-02,2.165058e-04,1.640557e-02
5200,layers.5.ln_e.weight,6.804480e+00,3.266772e-03,4.800914e-04
5200,layers.5.ln_e.bias,8.549137e-02,2.112285e-03,2.470758e-02
5200,ln_final.weight,3.111526e+01,2.923417e-01,9.395445e-03
5200,ln_final.bias,9.937559e-01,2.381558e-02,2.396522e-02
5400,tok_emb_E.weight,7.490842e+01,1.369380e+00,1.828073e-02
5400,unembedder.weight,2.325638e+02,8.461268e+00,3.638257e-02
5400,layers.0.qkv_lut.weights,5.039952e+01,4.176577e+00,8.286938e-02
5400,layers.0.qkv_lut.log_soft_score_temp,1.332019e+00,4.763484e-03,3.576139e-03
5400,layers.0.qkv_lut.log_select_temp,1.324370e+00,4.608512e-03,3.479776e-03
5400,layers.0.v_lut.weights,4.979184e+01,4.106975e+00,8.248289e-02
5400,layers.0.v_lut.log_soft_score_temp,1.602847e+00,8.864641e-03,5.530561e-03
5400,layers.0.v_lut.log_select_temp,1.601421e+00,8.851767e-03,5.527445e-03
5400,layers.0.out_proj.weights,6.897386e+01,5.850979e+00,8.482893e-02
5400,layers.0.out_proj.log_soft_score_temp,8.511212e-01,1.673400e-03,1.966113e-03
5400,layers.0.out_proj.log_select_temp,1.063527e+00,6.883740e-03,6.472555e-03
5400,layers.0.residual_lut.weights,7.933800e+01,5.267467e+00,6.639275e-02
5400,layers.0.residual_lut.log_soft_score_temp,7.795175e-01,5.233288e-05,6.713496e-05
5400,layers.0.residual_lut.log_select_temp,1.033224e+00,5.999446e-03,5.806529e-03
5400,layers.0.q_norm.weight,9.122145e+00,1.347145e-02,1.476785e-03
5400,layers.0.q_norm.bias,9.218525e-01,9.193189e-03,9.972515e-03
5400,layers.0.k_norm.weight,9.051205e+00,1.206194e-02,1.332634e-03
5400,layers.0.k_norm.bias,1.066276e+00,1.256272e-02,1.178187e-02
5400,layers.0.ln_e.weight,6.950352e+00,6.839601e-03,9.840655e-04
5400,layers.0.ln_e.bias,6.795689e-02,2.611153e-03,3.842367e-02
5400,layers.1.qkv_lut.weights,5.070100e+01,4.325894e+00,8.532167e-02
5400,layers.1.qkv_lut.log_soft_score_temp,2.603948e-01,1.383066e-03,5.311421e-03
5400,layers.1.qkv_lut.log_select_temp,5.299869e-01,3.077269e-03,5.806311e-03
5400,layers.1.v_lut.weights,5.009438e+01,4.228251e+00,8.440570e-02
5400,layers.1.v_lut.log_soft_score_temp,4.042761e-01,8.988380e-05,2.223327e-04
5400,layers.1.v_lut.log_select_temp,7.239838e-01,4.375160e-03,6.043174e-03
5400,layers.1.out_proj.weights,6.974789e+01,6.013416e+00,8.621647e-02
5400,layers.1.out_proj.log_soft_score_temp,5.545040e-01,5.626678e-03,1.014723e-02
5400,layers.1.out_proj.log_select_temp,8.529543e-01,3.586888e-03,4.205252e-03
5400,layers.1.residual_lut.weights,7.194833e+01,5.035946e+00,6.999393e-02
5400,layers.1.residual_lut.log_soft_score_temp,3.699140e-01,7.744759e-03,2.093665e-02
5400,layers.1.residual_lut.log_select_temp,7.483863e-01,4.660487e-04,6.227382e-04
5400,layers.1.q_norm.weight,8.541147e+00,1.142346e-02,1.337462e-03
5400,layers.1.q_norm.bias,4.305448e-01,6.764463e-03,1.571140e-02
5400,layers.1.k_norm.weight,8.500638e+00,1.030983e-02,1.212830e-03
5400,layers.1.k_norm.bias,8.106592e-01,1.050042e-02,1.295294e-02
5400,layers.1.ln_e.weight,6.788242e+00,7.146347e-03,1.052754e-03
5400,layers.1.ln_e.bias,6.019741e-02,3.136321e-03,5.210061e-02
5400,layers.2.qkv_lut.weights,5.027336e+01,4.285783e+00,8.524959e-02
5400,layers.2.qkv_lut.log_soft_score_temp,1.710477e-01,6.161720e-03,3.602340e-02
5400,layers.2.qkv_lut.log_select_temp,4.950567e-01,1.409233e-03,2.846608e-03
5400,layers.2.v_lut.weights,4.935271e+01,3.960711e+00,8.025316e-02
5400,layers.2.v_lut.log_soft_score_temp,5.551776e-01,9.856284e-03,1.775339e-02
5400,layers.2.v_lut.log_select_temp,7.911582e-01,4.323483e-03,5.464751e-03
5400,layers.2.out_proj.weights,6.825880e+01,5.908440e+00,8.655939e-02
5400,layers.2.out_proj.log_soft_score_temp,6.501960e-01,2.199411e-03,3.382690e-03
5400,layers.2.out_proj.log_select_temp,8.268172e-01,3.293574e-03,3.983437e-03
5400,layers.2.residual_lut.weights,7.199689e+01,5.348375e+00,7.428620e-02
5400,layers.2.residual_lut.log_soft_score_temp,5.882721e-01,1.403451e-03,2.385717e-03
5400,layers.2.residual_lut.log_select_temp,7.570740e-01,3.562093e-03,4.705079e-03
5400,layers.2.q_norm.weight,8.253039e+00,1.268380e-02,1.536864e-03
5400,layers.2.q_norm.bias,2.557168e-01,6.917564e-03,2.705166e-02
5400,layers.2.k_norm.weight,8.238312e+00,1.260015e-02,1.529458e-03
5400,layers.2.k_norm.bias,3.930622e-01,1.077304e-02,2.740797e-02
5400,layers.2.ln_e.weight,6.885959e+00,5.029673e-03,7.304245e-04
5400,layers.2.ln_e.bias,3.741264e-02,2.181988e-03,5.832220e-02
5400,layers.3.qkv_lut.weights,4.739394e+01,4.306698e+00,9.087023e-02
5400,layers.3.qkv_lut.log_soft_score_temp,4.793578e-01,4.719377e-03,9.845206e-03
5400,layers.3.qkv_lut.log_select_temp,5.903586e-01,2.421796e-03,4.102246e-03
5400,layers.3.v_lut.weights,4.129214e+01,3.708064e+00,8.980071e-02
5400,layers.3.v_lut.log_soft_score_temp,7.790947e-01,3.303289e-04,4.239907e-04
5400,layers.3.v_lut.log_select_temp,7.969900e-01,2.629757e-04,3.299611e-04
5400,layers.3.out_proj.weights,4.595041e+01,4.886382e+00,1.063403e-01
5400,layers.3.out_proj.log_soft_score_temp,5.491696e-01,5.848706e-03,1.065009e-02
5400,layers.3.out_proj.log_select_temp,6.338417e-01,2.474189e-03,3.903481e-03
5400,layers.3.residual_lut.weights,3.732811e+01,4.209219e+00,1.127627e-01
5400,layers.3.residual_lut.log_soft_score_temp,6.177757e-01,5.664825e-04,9.169712e-04
5400,layers.3.residual_lut.log_select_temp,6.618809e-01,1.084626e-03,1.638702e-03
5400,layers.3.q_norm.weight,8.033649e+00,6.798472e-03,8.462495e-04
5400,layers.3.q_norm.bias,1.748907e-01,8.359629e-03,4.779917e-02
5400,layers.3.k_norm.weight,8.034472e+00,7.679791e-03,9.558551e-04
5400,layers.3.k_norm.bias,2.774788e-01,9.272966e-03,3.341864e-02
5400,layers.3.ln_e.weight,6.883849e+00,4.533853e-03,6.586218e-04
5400,layers.3.ln_e.bias,6.205723e-02,3.062092e-03,4.934304e-02
5400,layers.4.qkv_lut.weights,2.261567e+01,2.960475e+00,1.309037e-01
5400,layers.4.qkv_lut.log_soft_score_temp,7.442852e-01,7.721782e-04,1.037476e-03
5400,layers.4.qkv_lut.log_select_temp,7.493745e-01,1.301527e-03,1.736818e-03
5400,layers.4.v_lut.weights,1.636845e+01,2.076829e+00,1.268800e-01
5400,layers.4.v_lut.log_soft_score_temp,7.521337e-01,2.319217e-04,3.083517e-04
5400,layers.4.v_lut.log_select_temp,7.467682e-01,1.776814e-04,2.379339e-04
5400,layers.4.out_proj.weights,1.526800e+01,1.812152e+00,1.186896e-01
5400,layers.4.out_proj.log_soft_score_temp,7.233832e-01,7.237196e-04,1.000465e-03
5400,layers.4.out_proj.log_select_temp,7.366168e-01,4.079342e-04,5.537943e-04
5400,layers.4.residual_lut.weights,1.000493e+01,1.584425e+00,1.583644e-01
5400,layers.4.residual_lut.log_soft_score_temp,6.743079e-01,5.710125e-05,8.468127e-05
5400,layers.4.residual_lut.log_select_temp,6.797519e-01,2.122521e-04,3.122494e-04
5400,layers.4.q_norm.weight,8.075798e+00,1.114514e-02,1.380066e-03
5400,layers.4.q_norm.bias,1.081213e-01,9.285569e-03,8.588100e-02
5400,layers.4.k_norm.weight,8.075666e+00,1.148687e-02,1.422405e-03
5400,layers.4.k_norm.bias,1.160560e-01,9.267895e-03,7.985709e-02
5400,layers.4.ln_e.weight,6.836202e+00,3.649846e-03,5.338997e-04
5400,layers.4.ln_e.bias,1.116773e-01,3.337936e-03,2.988913e-02
5400,layers.5.qkv_lut.weights,5.222731e+00,5.818341e-02,1.114042e-02
5400,layers.5.qkv_lut.log_soft_score_temp,8.216946e-01,5.632639e-04,6.854906e-04
5400,layers.5.qkv_lut.log_select_temp,8.363937e-01,8.138418e-04,9.730367e-04
5400,layers.5.v_lut.weights,6.973949e+00,7.515153e-02,1.077604e-02
5400,layers.5.v_lut.log_soft_score_temp,8.486314e-01,8.379817e-04,9.874508e-04
5400,layers.5.v_lut.log_select_temp,8.662325e-01,1.014054e-03,1.170649e-03
5400,layers.5.out_proj.weights,7.512878e+00,1.785296e-01,2.376314e-02
5400,layers.5.out_proj.log_soft_score_temp,8.690886e-01,1.341283e-03,1.543322e-03
5400,layers.5.out_proj.log_select_temp,8.915670e-01,1.325071e-03,1.486227e-03
5400,layers.5.residual_lut.weights,3.766413e+00,2.334172e-01,6.197334e-02
5400,layers.5.residual_lut.log_soft_score_temp,6.471995e-01,6.049275e-04,9.346849e-04
5400,layers.5.residual_lut.log_select_temp,6.402195e-01,1.623631e-04,2.536053e-04
5400,layers.5.q_norm.weight,7.991681e+00,3.188859e-04,3.990224e-05
5400,layers.5.q_norm.bias,1.498142e-02,2.614932e-04,1.745449e-02
5400,layers.5.k_norm.weight,7.992456e+00,4.459551e-04,5.579701e-05
5400,layers.5.k_norm.bias,1.323167e-02,2.616470e-04,1.977430e-02
5400,layers.5.ln_e.weight,6.803843e+00,3.356687e-03,4.933516e-04
5400,layers.5.ln_e.bias,8.629715e-02,1.883850e-03,2.182981e-02
5400,ln_final.weight,3.139127e+01,2.777553e-01,8.848170e-03
5400,ln_final.bias,9.986106e-01,2.411481e-02,2.414836e-02
5600,tok_emb_E.weight,7.492759e+01,1.246240e+00,1.663259e-02
5600,unembedder.weight,2.332641e+02,7.519454e+00,3.223579e-02
5600,layers.0.qkv_lut.weights,5.060634e+01,3.822358e+00,7.553120e-02
5600,layers.0.qkv_lut.log_soft_score_temp,1.338046e+00,6.027460e-03,4.504673e-03
5600,layers.0.qkv_lut.log_select_temp,1.330258e+00,5.887985e-03,4.426197e-03
5600,layers.0.v_lut.weights,4.997810e+01,3.751348e+00,7.505983e-02
5600,layers.0.v_lut.log_soft_score_temp,1.610158e+00,7.311225e-03,4.540688e-03
5600,layers.0.v_lut.log_select_temp,1.608832e+00,7.411122e-03,4.606523e-03
5600,layers.0.out_proj.weights,6.927943e+01,5.332656e+00,7.697315e-02
5600,layers.0.out_proj.log_soft_score_temp,8.531013e-01,1.980126e-03,2.321091e-03
5600,layers.0.out_proj.log_select_temp,1.070213e+00,6.685972e-03,6.247326e-03
5600,layers.0.residual_lut.weights,7.972295e+01,4.810708e+00,6.034283e-02
5600,layers.0.residual_lut.log_soft_score_temp,7.792262e-01,2.913475e-04,3.738934e-04
5600,layers.0.residual_lut.log_select_temp,1.038191e+00,4.966974e-03,4.784258e-03
5600,layers.0.q_norm.weight,9.133678e+00,1.446214e-02,1.583386e-03
5600,layers.0.q_norm.bias,9.284125e-01,8.544642e-03,9.203497e-03
5600,layers.0.k_norm.weight,9.061746e+00,1.346581e-02,1.486006e-03
5600,layers.0.k_norm.bias,1.071220e+00,8.333079e-03,7.779055e-03
5600,layers.0.ln_e.weight,6.950140e+00,5.092235e-03,7.326809e-04
5600,layers.0.ln_e.bias,6.991436e-02,3.561993e-03,5.094795e-02
5600,layers.1.qkv_lut.weights,5.091490e+01,3.934494e+00,7.727587e-02
5600,layers.1.qkv_lut.log_soft_score_temp,2.602718e-01,1.229346e-04,4.723315e-04
5600,layers.1.qkv_lut.log_select_temp,5.339074e-01,3.920496e-03,7.343026e-03
5600,layers.1.v_lut.weights,5.032397e+01,3.851594e+00,7.653597e-02
5600,layers.1.v_lut.log_soft_score_temp,4.030485e-01,1.227587e-03,3.045756e-03
5600,layers.1.v_lut.log_select_temp,7.277051e-01,3.721297e-03,5.113743e-03
5600,layers.1.out_proj.weights,7.005901e+01,5.471038e+00,7.809186e-02
5600,layers.1.out_proj.log_soft_score_temp,5.494860e-01,5.017936e-03,9.132054e-03
5600,layers.1.out_proj.log_select_temp,8.564759e-01,3.521562e-03,4.111688e-03
5600,layers.1.residual_lut.weights,7.225394e+01,4.607618e+00,6.376979e-02
5600,layers.1.residual_lut.log_soft_score_temp,3.638758e-01,6.038189e-03,1.659409e-02
5600,layers.1.residual_lut.log_select_temp,7.501707e-01,1.784444e-03,2.378717e-03
5600,layers.1.q_norm.weight,8.549476e+00,1.068014e-02,1.249216e-03
5600,layers.1.q_norm.bias,4.347562e-01,7.467299e-03,1.717583e-02
5600,layers.1.k_norm.weight,8.508429e+00,1.023098e-02,1.202452e-03
5600,layers.1.k_norm.bias,8.168365e-01,9.523609e-03,1.165914e-02
5600,layers.1.ln_e.weight,6.785627e+00,7.603539e-03,1.120536e-03
5600,layers.1.ln_e.bias,6.158776e-02,2.910540e-03,4.725841e-02
5600,layers.2.qkv_lut.weights,5.049293e+01,3.920372e+00,7.764201e-02
5600,layers.2.qkv_lut.log_soft_score_temp,1.654733e-01,5.574405e-03,3.368765e-02
5600,layers.2.qkv_lut.log_select_temp,4.964683e-01,1.411557e-03,2.843197e-03
5600,layers.2.v_lut.weights,4.960385e+01,3.606842e+00,7.271294e-02
5600,layers.2.v_lut.log_soft_score_temp,5.468758e-01,8.301795e-03,1.518040e-02
5600,layers.2.v_lut.log_select_temp,7.883768e-01,2.781391e-03,3.527997e-03
5600,layers.2.out_proj.weights,6.860943e+01,5.392825e+00,7.860180e-02
5600,layers.2.out_proj.log_soft_score_temp,6.486219e-01,1.574159e-03,2.426928e-03
5600,layers.2.out_proj.log_select_temp,8.302853e-01,3.468156e-03,4.177065e-03
5600,layers.2.residual_lut.weights,7.243565e+01,4.899433e+00,6.763842e-02
5600,layers.2.residual_lut.log_soft_score_temp,5.868326e-01,1.439512e-03,2.453020e-03
5600,layers.2.residual_lut.log_select_temp,7.600289e-01,2.954900e-03,3.887879e-03
5600,layers.2.q_norm.weight,8.262165e+00,1.199162e-02,1.451390e-03
5600,layers.2.q_norm.bias,2.592375e-01,5.814905e-03,2.243080e-02
5600,layers.2.k_norm.weight,8.247180e+00,1.169310e-02,1.417830e-03
5600,layers.2.k_norm.bias,3.981896e-01,1.025584e-02,2.575617e-02
5600,layers.2.ln_e.weight,6.885149e+00,5.794253e-03,8.415582e-04
5600,layers.2.ln_e.bias,3.793662e-02,2.097168e-03,5.528085e-02
5600,layers.3.qkv_lut.weights,4.763367e+01,3.931560e+00,8.253742e-02
5600,layers.3.qkv_lut.log_soft_score_temp,4.765055e-01,2.852350e-03,5.985976e-03
5600,layers.3.qkv_lut.log_select_temp,5.896713e-01,6.873012e-04,1.165567e-03
5600,layers.3.v_lut.weights,4.154746e+01,3.406649e+00,8.199415e-02
5600,layers.3.v_lut.log_soft_score_temp,7.788794e-01,2.152920e-04,2.764125e-04
5600,layers.3.v_lut.log_select_temp,7.977146e-01,7.246137e-04,9.083621e-04
5600,layers.3.out_proj.weights,4.627120e+01,4.432922e+00,9.580305e-02
5600,layers.3.out_proj.log_soft_score_temp,5.445663e-01,4.603267e-03,8.453087e-03
5600,layers.3.out_proj.log_select_temp,6.325707e-01,1.270950e-03,2.009182e-03
5600,layers.3.residual_lut.weights,3.762167e+01,3.814182e+00,1.013826e-01
5600,layers.3.residual_lut.log_soft_score_temp,6.171200e-01,6.557107e-04,1.062533e-03
5600,layers.3.residual_lut.log_select_temp,6.627965e-01,9.156466e-04,1.381490e-03
5600,layers.3.q_norm.weight,8.034740e+00,6.798055e-03,8.460827e-04
5600,layers.3.q_norm.bias,1.760707e-01,6.511624e-03,3.698299e-02
5600,layers.3.k_norm.weight,8.035723e+00,7.321202e-03,9.110820e-04
5600,layers.3.k_norm.bias,2.764883e-01,8.069976e-03,2.918741e-02
5600,layers.3.ln_e.weight,6.883382e+00,4.439873e-03,6.450133e-04
5600,layers.3.ln_e.bias,6.080870e-02,2.798238e-03,4.601707e-02
5600,layers.4.qkv_lut.weights,2.286139e+01,2.699779e+00,1.180934e-01
5600,layers.4.qkv_lut.log_soft_score_temp,7.454058e-01,1.120627e-03,1.503378e-03
5600,layers.4.qkv_lut.log_select_temp,7.504022e-01,1.027703e-03,1.369537e-03
5600,layers.4.v_lut.weights,1.653175e+01,1.918417e+00,1.160444e-01
5600,layers.4.v_lut.log_soft_score_temp,7.534274e-01,1.293719e-03,1.717111e-03
5600,layers.4.v_lut.log_select_temp,7.482305e-01,1.462340e-03,1.954398e-03
5600,layers.4.out_proj.weights,1.541637e+01,1.708233e+00,1.108064e-01
5600,layers.4.out_proj.log_soft_score_temp,7.236259e-01,2.427101e-04,3.354083e-04
5600,layers.4.out_proj.log_select_temp,7.369941e-01,3.773570e-04,5.120217e-04
5600,layers.4.residual_lut.weights,1.010216e+01,1.446838e+00,1.432206e-01
5600,layers.4.residual_lut.log_soft_score_temp,6.749102e-01,6.023049e-04,8.924223e-04
5600,layers.4.residual_lut.log_select_temp,6.808336e-01,1.081765e-03,1.588883e-03
5600,layers.4.q_norm.weight,8.077668e+00,8.169409e-03,1.011357e-03
5600,layers.4.q_norm.bias,1.069401e-01,9.241022e-03,8.641305e-02
5600,layers.4.k_norm.weight,8.077727e+00,8.544682e-03,1.057808e-03
5600,layers.4.k_norm.bias,1.170819e-01,8.262491e-03,7.057017e-02
5600,layers.4.ln_e.weight,6.836917e+00,4.393550e-03,6.426214e-04
5600,layers.4.ln_e.bias,1.123272e-01,3.867722e-03,3.443265e-02
5600,layers.5.qkv_lut.weights,5.232770e+00,5.238814e-02,1.001155e-02
5600,layers.5.qkv_lut.log_soft_score_temp,8.221486e-01,4.540086e-04,5.522221e-04
5600,layers.5.qkv_lut.log_select_temp,8.369828e-01,5.891323e-04,7.038762e-04
5600,layers.5.v_lut.weights,6.988940e+00,6.993198e-02,1.000609e-02
5600,layers.5.v_lut.log_soft_score_temp,8.492095e-01,5.781054e-04,6.807572e-04
5600,layers.5.v_lut.log_select_temp,8.668863e-01,6.538033e-04,7.541973e-04
5600,layers.5.out_proj.weights,7.530602e+00,1.702981e-01,2.261414e-02
5600,layers.5.out_proj.log_soft_score_temp,8.699642e-01,8.755922e-04,1.006469e-03
5600,layers.5.out_proj.log_select_temp,8.923967e-01,8.297563e-04,9.298065e-04
5600,layers.5.residual_lut.weights,3.770272e+00,2.482665e-01,6.584844e-02
5600,layers.5.residual_lut.log_soft_score_temp,6.476320e-01,4.325509e-04,6.678961e-04
5600,layers.5.residual_lut.log_select_temp,6.403428e-01,1.232624e-04,1.924944e-04
5600,layers.5.q_norm.weight,7.991756e+00,3.233348e-04,4.045854e-05
5600,layers.5.q_norm.bias,1.505385e-02,2.445948e-04,1.624799e-02
5600,layers.5.k_norm.weight,7.992533e+00,3.486896e-04,4.362692e-05
5600,layers.5.k_norm.bias,1.331837e-02,2.305402e-04,1.730993e-02
5600,layers.5.ln_e.weight,6.803442e+00,2.839272e-03,4.173288e-04
5600,layers.5.ln_e.bias,8.688769e-02,1.901274e-03,2.188197e-02
5600,ln_final.weight,3.164611e+01,2.562347e-01,8.096880e-03
5600,ln_final.bias,1.003373e+00,2.193342e-02,2.185968e-02
5800,tok_emb_E.weight,7.494338e+01,1.123339e+00,1.498916e-02
5800,unembedder.weight,2.337292e+02,6.608411e+00,2.827380e-02
5800,layers.0.qkv_lut.weights,5.077324e+01,3.470939e+00,6.836157e-02
5800,layers.0.qkv_lut.log_soft_score_temp,1.341134e+00,3.088117e-03,2.302616e-03
5800,layers.0.qkv_lut.log_select_temp,1.333162e+00,2.903581e-03,2.177965e-03
5800,layers.0.v_lut.weights,5.013873e+01,3.383855e+00,6.748985e-02
5800,layers.0.v_lut.log_soft_score_temp,1.616279e+00,6.120920e-03,3.787045e-03
5800,layers.0.v_lut.log_select_temp,1.614849e+00,6.016493e-03,3.725732e-03
5800,layers.0.out_proj.weights,6.954086e+01,4.820288e+00,6.931590e-02
5800,layers.0.out_proj.log_soft_score_temp,8.565965e-01,3.495216e-03,4.080353e-03
5800,layers.0.out_proj.log_select_temp,1.077534e+00,7.320285e-03,6.793555e-03
5800,layers.0.residual_lut.weights,8.004675e+01,4.346559e+00,5.430026e-02
5800,layers.0.residual_lut.log_soft_score_temp,7.796262e-01,4.000068e-04,5.130751e-04
5800,layers.0.residual_lut.log_select_temp,1.042933e+00,4.741430e-03,4.546248e-03
5800,layers.0.q_norm.weight,9.143768e+00,1.190425e-02,1.301898e-03
5800,layers.0.q_norm.bias,9.334916e-01,7.897227e-03,8.459880e-03
5800,layers.0.k_norm.weight,9.070680e+00,1.130660e-02,1.246500e-03
5800,layers.0.k_norm.bias,1.078241e+00,9.730993e-03,9.024875e-03
5800,layers.0.ln_e.weight,6.950292e+00,5.352889e-03,7.701675e-04
5800,layers.0.ln_e.bias,7.075118e-02,2.619249e-03,3.702057e-02
5800,layers.1.qkv_lut.weights,5.109589e+01,3.574793e+00,6.996244e-02
5800,layers.1.qkv_lut.log_soft_score_temp,2.611276e-01,8.558035e-04,3.277338e-03
5800,layers.1.qkv_lut.log_select_temp,5.379121e-01,4.004717e-03,7.444928e-03
5800,layers.1.v_lut.weights,5.051818e+01,3.492680e+00,6.913708e-02
5800,layers.1.v_lut.log_soft_score_temp,4.016708e-01,1.377732e-03,3.430002e-03
5800,layers.1.v_lut.log_select_temp,7.302747e-01,2.569616e-03,3.518698e-03
5800,layers.1.out_proj.weights,7.031709e+01,4.945685e+00,7.033405e-02
5800,layers.1.out_proj.log_soft_score_temp,5.448066e-01,4.679441e-03,8.589179e-03
5800,layers.1.out_proj.log_select_temp,8.588647e-01,2.388775e-03,2.781318e-03
5800,layers.1.residual_lut.weights,7.249758e+01,4.165942e+00,5.746319e-02
5800,layers.1.residual_lut.log_soft_score_temp,3.582486e-01,5.627245e-03,1.570765e-02
5800,layers.1.residual_lut.log_select_temp,7.511653e-01,9.945631e-04,1.324027e-03
5800,layers.1.q_norm.weight,8.554955e+00,8.008900e-03,9.361709e-04
5800,layers.1.q_norm.bias,4.378428e-01,6.351789e-03,1.450701e-02
5800,layers.1.k_norm.weight,8.513724e+00,8.202676e-03,9.634650e-04
5800,layers.1.k_norm.bias,8.219984e-01,7.927939e-03,9.644714e-03
5800,layers.1.ln_e.weight,6.783061e+00,6.441989e-03,9.497171e-04
5800,layers.1.ln_e.bias,6.348217e-02,2.941757e-03,4.633990e-02
5800,layers.2.qkv_lut.weights,5.067045e+01,3.541325e+00,6.988934e-02
5800,layers.2.qkv_lut.log_soft_score_temp,1.615362e-01,3.937051e-03,2.437256e-02
5800,layers.2.qkv_lut.log_select_temp,4.985317e-01,2.063423e-03,4.139001e-03
5800,layers.2.v_lut.weights,4.980648e+01,3.259340e+00,6.544007e-02
5800,layers.2.v_lut.log_soft_score_temp,5.397801e-01,7.095754e-03,1.314564e-02
5800,layers.2.v_lut.log_select_temp,7.858286e-01,2.548158e-03,3.242638e-03
5800,layers.2.out_proj.weights,6.891085e+01,4.855273e+00,7.045730e-02
5800,layers.2.out_proj.log_soft_score_temp,6.467941e-01,1.827776e-03,2.825902e-03
5800,layers.2.out_proj.log_select_temp,8.327804e-01,2.495110e-03,2.996120e-03
5800,layers.2.residual_lut.weights,7.280854e+01,4.366927e+00,5.997823e-02
5800,layers.2.residual_lut.log_soft_score_temp,5.857967e-01,1.035869e-03,1.768308e-03
5800,layers.2.residual_lut.log_select_temp,7.628612e-01,2.832294e-03,3.712725e-03
5800,layers.2.q_norm.weight,8.270676e+00,1.084802e-02,1.311624e-03
5800,layers.2.q_norm.bias,2.609020e-01,6.061844e-03,2.323418e-02
5800,layers.2.k_norm.weight,8.255256e+00,1.092926e-02,1.323915e-03
5800,layers.2.k_norm.bias,4.019630e-01,8.353057e-03,2.078066e-02
5800,layers.2.ln_e.weight,6.884804e+00,4.900115e-03,7.117291e-04
5800,layers.2.ln_e.bias,3.841615e-02,2.256024e-03,5.872592e-02
5800,layers.3.qkv_lut.weights,4.783419e+01,3.543353e+00,7.407575e-02
5800,layers.3.qkv_lut.log_soft_score_temp,4.723002e-01,4.205287e-03,8.903843e-03
5800,layers.3.qkv_lut.log_select_temp,5.877274e-01,1.943886e-03,3.307462e-03
5800,layers.3.v_lut.weights,4.175988e+01,3.057615e+00,7.321896e-02
5800,layers.3.v_lut.log_soft_score_temp,7.784924e-01,3.870130e-04,4.971313e-04
5800,layers.3.v_lut.log_select_temp,7.980853e-01,3.706813e-04,4.644633e-04
5800,layers.3.out_proj.weights,4.654528e+01,4.009624e+00,8.614457e-02
5800,layers.3.out_proj.log_soft_score_temp,5.391381e-01,5.428195e-03,1.006828e-02
5800,layers.3.out_proj.log_select_temp,6.297430e-01,2.827764e-03,4.490346e-03
5800,layers.3.residual_lut.weights,3.786261e+01,3.477412e+00,9.184289e-02
5800,layers.3.residual_lut.log_soft_score_temp,6.169940e-01,1.260638e-04,2.043194e-04
5800,layers.3.residual_lut.log_select_temp,6.640397e-01,1.243234e-03,1.872228e-03
5800,layers.3.q_norm.weight,8.035113e+00,8.289325e-03,1.031638e-03
5800,layers.3.q_norm.bias,1.777999e-01,5.861531e-03,3.296701e-02
5800,layers.3.k_norm.weight,8.035895e+00,9.354932e-03,1.164143e-03
5800,layers.3.k_norm.bias,2.782488e-01,7.348949e-03,2.641143e-02
5800,layers.3.ln_e.weight,6.883410e+00,4.500139e-03,6.537659e-04
5800,layers.3.ln_e.bias,6.055580e-02,2.531959e-03,4.181199e-02
5800,layers.4.qkv_lut.weights,2.303218e+01,2.434121e+00,1.056835e-01
5800,layers.4.qkv_lut.log_soft_score_temp,7.451183e-01,2.875328e-04,3.858888e-04
5800,layers.4.qkv_lut.log_select_temp,7.504029e-01,7.152557e-07,9.531622e-07
5800,layers.4.v_lut.weights,1.666935e+01,1.712608e+00,1.027399e-01
5800,layers.4.v_lut.log_soft_score_temp,7.520837e-01,1.343668e-03,1.786593e-03
5800,layers.4.v_lut.log_select_temp,7.468882e-01,1.342356e-03,1.797265e-03
5800,layers.4.out_proj.weights,1.552415e+01,1.525340e+00,9.825593e-02
5800,layers.4.out_proj.log_soft_score_temp,7.231882e-01,4.377365e-04,6.052872e-04
5800,layers.4.out_proj.log_select_temp,7.370103e-01,1.615286e-05,2.191673e-05
5800,layers.4.residual_lut.weights,1.018106e+01,1.290060e+00,1.267118e-01
5800,layers.4.residual_lut.log_soft_score_temp,6.749240e-01,1.376867e-05,2.040033e-05
5800,layers.4.residual_lut.log_select_temp,6.812298e-01,3.961325e-04,5.814961e-04
5800,layers.4.q_norm.weight,8.078447e+00,8.186789e-03,1.013411e-03
5800,layers.4.q_norm.bias,1.054882e-01,7.215621e-03,6.840216e-02
5800,layers.4.k_norm.weight,8.078509e+00,7.016217e-03,8.685040e-04
5800,layers.4.k_norm.bias,1.193303e-01,7.631148e-03,6.394981e-02
5800,layers.4.ln_e.weight,6.837044e+00,2.482358e-03,3.630747e-04
5800,layers.4.ln_e.bias,1.122984e-01,2.546773e-03,2.267863e-02
5800,layers.5.qkv_lut.weights,5.242875e+00,4.448898e-02,8.485608e-03
5800,layers.5.qkv_lut.log_soft_score_temp,8.226039e-01,4.553795e-04,5.535829e-04
5800,layers.5.qkv_lut.log_select_temp,8.375814e-01,5.985498e-04,7.146169e-04
5800,layers.5.v_lut.weights,7.003901e+00,5.977086e-02,8.533938e-03
5800,layers.5.v_lut.log_soft_score_temp,8.498352e-01,6.257296e-04,7.362952e-04
5800,layers.5.v_lut.log_select_temp,8.675693e-01,6.829500e-04,7.871994e-04
5800,layers.5.out_proj.weights,7.551090e+00,1.648028e-01,2.182504e-02
5800,layers.5.out_proj.log_soft_score_temp,8.707874e-01,8.231401e-04,9.452826e-04
5800,layers.5.out_proj.log_select_temp,8.931211e-01,7.243156e-04,8.109938e-04
5800,layers.5.residual_lut.weights,3.775140e+00,2.129829e-01,5.641722e-02
5800,layers.5.residual_lut.log_soft_score_temp,6.476447e-01,1.269579e-05,1.960302e-05
5800,layers.5.residual_lut.log_select_temp,6.402643e-01,7.849932e-05,1.226046e-04
5800,layers.5.q_norm.weight,7.991692e+00,2.261060e-04,2.829263e-05
5800,layers.5.q_norm.bias,1.504117e-02,1.309805e-04,8.708131e-03
5800,layers.5.k_norm.weight,7.992469e+00,2.084628e-04,2.608240e-05
5800,layers.5.k_norm.bias,1.326841e-02,1.618661e-04,1.219935e-02
5800,layers.5.ln_e.weight,6.802545e+00,3.363851e-03,4.944989e-04
5800,layers.5.ln_e.bias,8.715201e-02,1.867504e-03,2.142813e-02
5800,ln_final.weight,3.187340e+01,2.287513e-01,7.176873e-03
5800,ln_final.bias,1.006837e+00,1.865495e-02,1.852827e-02
6000,tok_emb_E.weight,7.495693e+01,1.011435e+00,1.349355e-02
6000,unembedder.weight,2.342527e+02,6.172943e+00,2.635164e-02
6000,layers.0.qkv_lut.weights,5.090295e+01,3.145972e+00,6.180332e-02
6000,layers.0.qkv_lut.log_soft_score_temp,1.344519e+00,3.385186e-03,2.517767e-03
6000,layers.0.qkv_lut.log_select_temp,1.336469e+00,3.307343e-03,2.474687e-03
6000,layers.0.v_lut.weights,5.027083e+01,3.046064e+00,6.059308e-02
6000,layers.0.v_lut.log_soft_score_temp,1.623098e+00,6.819010e-03,4.201232e-03
6000,layers.0.v_lut.log_select_temp,1.621680e+00,6.830931e-03,4.212257e-03
6000,layers.0.out_proj.weights,6.975208e+01,4.341419e+00,6.224072e-02
6000,layers.0.out_proj.log_soft_score_temp,8.594429e-01,2.846420e-03,3.311936e-03
6000,layers.0.out_proj.log_select_temp,1.083621e+00,6.087303e-03,5.617557e-03
6000,layers.0.residual_lut.weights,8.032092e+01,3.957954e+00,4.927675e-02
6000,layers.0.residual_lut.log_soft_score_temp,7.805731e-01,9.468794e-04,1.213057e-03
6000,layers.0.residual_lut.log_select_temp,1.048170e+00,5.237460e-03,4.996765e-03
6000,layers.0.q_norm.weight,9.153403e+00,1.240050e-02,1.354742e-03
6000,layers.0.q_norm.bias,9.382210e-01,7.417285e-03,7.905691e-03
6000,layers.0.k_norm.weight,9.079275e+00,1.138061e-02,1.253472e-03
6000,layers.0.k_norm.bias,1.082456e+00,7.917619e-03,7.314495e-03
6000,layers.0.ln_e.weight,6.950760e+00,5.552873e-03,7.988871e-04
6000,layers.0.ln_e.bias,7.193257e-02,2.918668e-03,4.057505e-02
6000,layers.1.qkv_lut.weights,5.123766e+01,3.198613e+00,6.242700e-02
6000,layers.1.qkv_lut.log_soft_score_temp,2.618009e-01,6.732643e-04,2.571665e-03
6000,layers.1.qkv_lut.log_select_temp,5.416039e-01,3.691852e-03,6.816517e-03
6000,layers.1.v_lut.weights,5.067898e+01,3.131998e+00,6.180073e-02
6000,layers.1.v_lut.log_soft_score_temp,4.006076e-01,1.063228e-03,2.654038e-03
6000,layers.1.v_lut.log_select_temp,7.329333e-01,2.658665e-03,3.627431e-03
6000,layers.1.out_proj.weights,7.052680e+01,4.454233e+00,6.315660e-02
6000,layers.1.out_proj.log_soft_score_temp,5.423212e-01,2.485394e-03,4.582883e-03
6000,layers.1.out_proj.log_select_temp,8.627193e-01,3.854632e-03,4.468003e-03
6000,layers.1.residual_lut.weights,7.269950e+01,3.786970e+00,5.209073e-02
6000,layers.1.residual_lut.log_soft_score_temp,3.514999e-01,6.748706e-03,1.919974e-02
6000,layers.1.residual_lut.log_select_temp,7.513676e-01,2.023578e-04,2.693193e-04
6000,layers.1.q_norm.weight,8.561646e+00,8.971338e-03,1.047852e-03
6000,layers.1.q_norm.bias,4.400795e-01,5.478377e-03,1.244861e-02
6000,layers.1.k_norm.weight,8.520195e+00,9.033733e-03,1.060273e-03
6000,layers.1.k_norm.bias,8.270029e-01,8.844400e-03,1.069452e-02
6000,layers.1.ln_e.weight,6.780304e+00,4.600336e-03,6.784851e-04
6000,layers.1.ln_e.bias,6.429087e-02,2.853026e-03,4.437685e-02
6000,layers.2.qkv_lut.weights,5.081402e+01,3.184706e+00,6.267376e-02
6000,layers.2.qkv_lut.log_soft_score_temp,1.576690e-01,3.867239e-03,2.452758e-02
6000,layers.2.qkv_lut.log_select_temp,5.002441e-01,1.712382e-03,3.423093e-03
6000,layers.2.v_lut.weights,4.998911e+01,2.952110e+00,5.905507e-02
6000,layers.2.v_lut.log_soft_score_temp,5.328216e-01,6.958485e-03,1.305969e-02
6000,layers.2.v_lut.log_select_temp,7.826539e-01,3.174722e-03,4.056355e-03
6000,layers.2.out_proj.weights,6.916388e+01,4.351207e+00,6.291155e-02
6000,layers.2.out_proj.log_soft_score_temp,6.464869e-01,3.072023e-04,4.751873e-04
6000,layers.2.out_proj.log_select_temp,8.369157e-01,4.135251e-03,4.941061e-03
6000,layers.2.residual_lut.weights,7.309914e+01,3.993147e+00,5.462646e-02
6000,layers.2.residual_lut.log_soft_score_temp,5.841707e-01,1.626015e-03,2.783458e-03
6000,layers.2.residual_lut.log_select_temp,7.656046e-01,2.743363e-03,3.583264e-03
6000,layers.2.q_norm.weight,8.277348e+00,9.145712e-03,1.104908e-03
6000,layers.2.q_norm.bias,2.627340e-01,5.703816e-03,2.170947e-02
6000,layers.2.k_norm.weight,8.261607e+00,9.060425e-03,1.096690e-03
6000,layers.2.k_norm.bias,4.046240e-01,7.178722e-03,1.774171e-02
6000,layers.2.ln_e.weight,6.884075e+00,5.227907e-03,7.594203e-04
6000,layers.2.ln_e.bias,3.893901e-02,2.017365e-03,5.180832e-02
6000,layers.3.qkv_lut.weights,4.798072e+01,3.172042e+00,6.611076e-02
6000,layers.3.qkv_lut.log_soft_score_temp,4.700440e-01,2.256215e-03,4.800008e-03
6000,layers.3.qkv_lut.log_select_temp,5.873610e-01,3.664494e-04,6.238912e-04
6000,layers.3.v_lut.weights,4.194570e+01,2.751244e+00,6.559060e-02
6000,layers.3.v_lut.log_soft_score_temp,7.786080e-01,1.155734e-04,1.484359e-04
6000,layers.3.v_lut.log_select_temp,7.989551e-01,8.698702e-04,1.088760e-03
6000,layers.3.out_proj.weights,4.677574e+01,3.604861e+00,7.706690e-02
6000,layers.3.out_proj.log_soft_score_temp,5.349228e-01,4.215300e-03,7.880202e-03
6000,layers.3.out_proj.log_select_temp,6.281174e-01,1.625597e-03,2.588047e-03
6000,layers.3.residual_lut.weights,3.808265e+01,3.129992e+00,8.218945e-02
6000,layers.3.residual_lut.log_soft_score_temp,6.160945e-01,8.994937e-04,1.459993e-03
6000,layers.3.residual_lut.log_select_temp,6.648442e-01,8.044243e-04,1.209944e-03
6000,layers.3.q_norm.weight,8.037790e+00,7.228802e-03,8.993520e-04
6000,layers.3.q_norm.bias,1.792978e-01,7.003853e-03,3.906269e-02
6000,layers.3.k_norm.weight,8.038316e+00,8.243633e-03,1.025542e-03
6000,layers.3.k_norm.bias,2.797577e-01,7.838610e-03,2.801928e-02
6000,layers.3.ln_e.weight,6.883454e+00,4.238314e-03,6.157249e-04
6000,layers.3.ln_e.bias,5.991541e-02,2.977400e-03,4.969340e-02
6000,layers.4.qkv_lut.weights,2.319158e+01,2.250654e+00,9.704617e-02
6000,layers.4.qkv_lut.log_soft_score_temp,7.455747e-01,4.564524e-04,6.122155e-04
6000,layers.4.qkv_lut.log_select_temp,7.511417e-01,7.387400e-04,9.834895e-04
6000,layers.4.v_lut.weights,1.680164e+01,1.579141e+00,9.398736e-02
6000,layers.4.v_lut.log_soft_score_temp,7.533153e-01,1.231611e-03,1.634921e-03
6000,layers.4.v_lut.log_select_temp,7.480866e-01,1.198471e-03,1.602048e-03
6000,layers.4.out_proj.weights,1.564080e+01,1.412645e+00,9.031795e-02
6000,layers.4.out_proj.log_soft_score_temp,7.232666e-01,7.843971e-05,1.084520e-04
6000,layers.4.out_proj.log_select_temp,7.372261e-01,2.158284e-04,2.927574e-04
6000,layers.4.residual_lut.weights,1.026167e+01,1.256714e+00,1.224669e-01
6000,layers.4.residual_lut.log_soft_score_temp,6.747739e-01,1.500845e-04,2.224219e-04
6000,layers.4.residual_lut.log_select_temp,6.815398e-01,3.100634e-04,4.549453e-04
6000,layers.4.q_norm.weight,8.082348e+00,7.887457e-03,9.758869e-04
6000,layers.4.q_norm.bias,1.055404e-01,6.412956e-03,6.076304e-02
6000,layers.4.k_norm.weight,8.082375e+00,7.692167e-03,9.517211e-04
6000,layers.4.k_norm.bias,1.205858e-01,7.721560e-03,6.403372e-02
6000,layers.4.ln_e.weight,6.837396e+00,3.064482e-03,4.481944e-04
6000,layers.4.ln_e.bias,1.117539e-01,2.643566e-03,2.365525e-02
6000,layers.5.qkv_lut.weights,5.249894e+00,4.222798e-02,8.043587e-03
6000,layers.5.qkv_lut.log_soft_score_temp,8.229881e-01,3.841519e-04,4.667770e-04
6000,layers.5.qkv_lut.log_select_temp,8.380512e-01,4.698038e-04,5.605908e-04
6000,layers.5.v_lut.weights,7.014034e+00,5.634745e-02,8.033530e-03
6000,layers.5.v_lut.log_soft_score_temp,8.503788e-01,5.435348e-04,6.391678e-04
6000,layers.5.v_lut.log_select_temp,8.681877e-01,6.184578e-04,7.123549e-04
6000,layers.5.out_proj.weights,7.577497e+00,1.595138e-01,2.105099e-02
6000,layers.5.out_proj.log_soft_score_temp,8.716423e-01,8.549094e-04,9.808031e-04
6000,layers.5.out_proj.log_select_temp,8.939635e-01,8.423924e-04,9.423119e-04
6000,layers.5.residual_lut.weights,3.778523e+00,2.000862e-01,5.295355e-02
6000,layers.5.residual_lut.log_soft_score_temp,6.473278e-01,3.169179e-04,4.895787e-04
6000,layers.5.residual_lut.log_select_temp,6.399575e-01,3.067851e-04,4.793836e-04
6000,layers.5.q_norm.weight,7.991714e+00,2.011272e-04,2.516697e-05
6000,layers.5.q_norm.bias,1.507327e-02,1.209686e-04,8.025370e-03
6000,layers.5.k_norm.weight,7.992491e+00,2.227536e-04,2.787036e-05
6000,layers.5.k_norm.bias,1.323275e-02,1.226823e-04,9.271113e-03
6000,layers.5.ln_e.weight,6.801746e+00,2.627871e-03,3.863525e-04
6000,layers.5.ln_e.bias,8.709221e-02,1.767712e-03,2.029701e-02
6000,ln_final.weight,3.208378e+01,2.112859e-01,6.585443e-03
6000,ln_final.bias,1.011300e+00,1.880963e-02,1.859945e-02
6200,tok_emb_E.weight,7.496823e+01,9.015531e-01,1.202580e-02
6200,unembedder.weight,2.346866e+02,5.546151e+00,2.363216e-02
6200,layers.0.qkv_lut.weights,5.101315e+01,2.796628e+00,5.482171e-02
6200,layers.0.qkv_lut.log_soft_score_temp,1.347953e+00,3.434062e-03,2.547612e-03
6200,layers.0.qkv_lut.log_select_temp,1.339833e+00,3.363848e-03,2.510647e-03
6200,layers.0.v_lut.weights,5.037380e+01,2.730642e+00,5.420759e-02
6200,layers.0.v_lut.log_soft_score_temp,1.628296e+00,5.197883e-03,3.192223e-03
6200,layers.0.v_lut.log_select_temp,1.626825e+00,5.145788e-03,3.163086e-03
6200,layers.0.out_proj.weights,6.992288e+01,3.890205e+00,5.563566e-02
6200,layers.0.out_proj.log_soft_score_temp,8.623917e-01,2.948761e-03,3.419283e-03
6200,layers.0.out_proj.log_select_temp,1.089163e+00,5.541682e-03,5.088021e-03
6200,layers.0.residual_lut.weights,8.055289e+01,3.543969e+00,4.399556e-02
6200,layers.0.residual_lut.log_soft_score_temp,7.822009e-01,1.627862e-03,2.081131e-03
6200,layers.0.residual_lut.log_select_temp,1.053212e+00,5.042315e-03,4.787557e-03
6200,layers.0.q_norm.weight,9.158310e+00,7.635671e-03,8.337423e-04
6200,layers.0.q_norm.bias,9.408885e-01,5.440614e-03,5.782421e-03
6200,layers.0.k_norm.weight,9.083799e+00,7.351492e-03,8.092971e-04
6200,layers.0.k_norm.bias,1.086779e+00,6.879576e-03,6.330246e-03
6200,layers.0.ln_e.weight,6.951219e+00,4.471156e-03,6.432191e-04
6200,layers.0.ln_e.bias,7.244200e-02,2.347670e-03,3.240758e-02
6200,layers.1.qkv_lut.weights,5.135587e+01,2.904277e+00,5.655199e-02
6200,layers.1.qkv_lut.log_soft_score_temp,2.619576e-01,1.567304e-04,5.983045e-04
6200,layers.1.qkv_lut.log_select_temp,5.444673e-01,2.863348e-03,5.258989e-03
6200,layers.1.v_lut.weights,5.080566e+01,2.817039e+00,5.544733e-02
6200,layers.1.v_lut.log_soft_score_temp,4.005759e-01,3.167987e-05,7.908581e-05
6200,layers.1.v_lut.log_select_temp,7.362651e-01,3.331721e-03,4.525165e-03
6200,layers.1.out_proj.weights,7.069882e+01,3.981113e+00,5.631088e-02
6200,layers.1.out_proj.log_soft_score_temp,5.393586e-01,2.962649e-03,5.492912e-03
6200,layers.1.out_proj.log_select_temp,8.653710e-01,2.651691e-03,3.064225e-03
6200,layers.1.residual_lut.weights,7.284296e+01,3.400650e+00,4.668467e-02
6200,layers.1.residual_lut.log_soft_score_temp,3.451373e-01,6.362528e-03,1.843477e-02
6200,layers.1.residual_lut.log_select_temp,7.506537e-01,7.139444e-04,9.510970e-04
6200,layers.1.q_norm.weight,8.566292e+00,7.038868e-03,8.216936e-04
6200,layers.1.q_norm.bias,4.419651e-01,4.604294e-03,1.041778e-02
6200,layers.1.k_norm.weight,8.524616e+00,7.302859e-03,8.566789e-04
6200,layers.1.k_norm.bias,8.302230e-01,5.932882e-03,7.146131e-03
6200,layers.1.ln_e.weight,6.777554e+00,5.335847e-03,7.872821e-04
6200,layers.1.ln_e.bias,6.533601e-02,2.197761e-03,3.363783e-02
6200,layers.2.qkv_lut.weights,5.093457e+01,2.867164e+00,5.629113e-02
6200,layers.2.qkv_lut.log_soft_score_temp,1.538691e-01,3.799856e-03,2.469538e-02
6200,layers.2.qkv_lut.log_select_temp,5.008993e-01,6.552339e-04,1.308115e-03
6200,layers.2.v_lut.weights,5.013700e+01,2.620996e+00,5.227668e-02
6200,layers.2.v_lut.log_soft_score_temp,5.260606e-01,6.760955e-03,1.285204e-02
6200,layers.2.v_lut.log_select_temp,7.793564e-01,3.297567e-03,4.231142e-03
6200,layers.2.out_proj.weights,6.936206e+01,3.900006e+00,5.622679e-02
6200,layers.2.out_proj.log_soft_score_temp,6.448780e-01,1.608908e-03,2.494903e-03
6200,layers.2.out_proj.log_select_temp,8.396329e-01,2.717257e-03,3.236243e-03
6200,layers.2.residual_lut.weights,7.335391e+01,3.553473e+00,4.844285e-02
6200,layers.2.residual_lut.log_soft_score_temp,5.835786e-01,5.921125e-04,1.014623e-03
6200,layers.2.residual_lut.log_select_temp,7.684576e-01,2.853036e-03,3.712678e-03
6200,layers.2.q_norm.weight,8.283218e+00,7.610881e-03,9.188314e-04
6200,layers.2.q_norm.bias,2.645973e-01,4.426652e-03,1.672977e-02
6200,layers.2.k_norm.weight,8.267330e+00,7.463220e-03,9.027364e-04
6200,layers.2.k_norm.bias,4.092240e-01,7.600434e-03,1.857280e-02
6200,layers.2.ln_e.weight,6.883629e+00,4.215987e-03,6.124658e-04
6200,layers.2.ln_e.bias,3.836605e-02,1.770391e-03,4.614474e-02
6200,layers.3.qkv_lut.weights,4.810364e+01,2.843632e+00,5.911470e-02
6200,layers.3.qkv_lut.log_soft_score_temp,4.682957e-01,1.748234e-03,3.733184e-03
6200,layers.3.qkv_lut.log_select_temp,5.869476e-01,4.134178e-04,7.043522e-04
6200,layers.3.v_lut.weights,4.209007e+01,2.448998e+00,5.818470e-02
6200,layers.3.v_lut.log_soft_score_temp,7.767203e-01,1.887679e-03,2.430320e-03
6200,layers.3.v_lut.log_select_temp,7.976620e-01,1.293182e-03,1.621216e-03
6200,layers.3.out_proj.weights,4.695086e+01,3.243274e+00,6.907805e-02
6200,layers.3.out_proj.log_soft_score_temp,5.323172e-01,2.605617e-03,4.894858e-03
6200,layers.3.out_proj.log_select_temp,6.278744e-01,2.430081e-04,3.870331e-04
6200,layers.3.residual_lut.weights,3.824241e+01,2.824404e+00,7.385527e-02
6200,layers.3.residual_lut.log_soft_score_temp,6.160156e-01,7.891655e-05,1.281080e-04
6200,layers.3.residual_lut.log_select_temp,6.661558e-01,1.311660e-03,1.968999e-03
6200,layers.3.q_norm.weight,8.037236e+00,5.796455e-03,7.212000e-04
6200,layers.3.q_norm.bias,1.797326e-01,4.671172e-03,2.598957e-02
6200,layers.3.k_norm.weight,8.037970e+00,5.412731e-03,6.733953e-04
6200,layers.3.k_norm.bias,2.805731e-01,6.853989e-03,2.442853e-02
6200,layers.3.ln_e.weight,6.883584e+00,3.931291e-03,5.711110e-04
6200,layers.3.ln_e.bias,5.988972e-02,2.690651e-03,4.492676e-02
6200,layers.4.qkv_lut.weights,2.331721e+01,2.051562e+00,8.798486e-02
6200,layers.4.qkv_lut.log_soft_score_temp,7.462311e-01,6.563663e-04,8.795752e-04
6200,layers.4.qkv_lut.log_select_temp,7.522551e-01,1.113474e-03,1.480182e-03
6200,layers.4.v_lut.weights,1.689622e+01,1.449868e+00,8.581019e-02
6200,layers.4.v_lut.log_soft_score_temp,7.537568e-01,4.414320e-04,5.856425e-04
6200,layers.4.v_lut.log_select_temp,7.486170e-01,5.303621e-04,7.084559e-04
6200,layers.4.out_proj.weights,1.573201e+01,1.303672e+00,8.286752e-02
6200,layers.4.out_proj.log_soft_score_temp,7.232462e-01,2.044439e-05,2.826754e-05
6200,layers.4.out_proj.log_select_temp,7.372357e-01,9.596348e-06,1.301666e-05
6200,layers.4.residual_lut.weights,1.032077e+01,1.118321e+00,1.083564e-01
6200,layers.4.residual_lut.log_soft_score_temp,6.754092e-01,6.353259e-04,9.406533e-04
6200,layers.4.residual_lut.log_select_temp,6.823522e-01,8.124113e-04,1.190604e-03
6200,layers.4.q_norm.weight,8.083241e+00,6.699208e-03,8.287774e-04
6200,layers.4.q_norm.bias,1.058165e-01,8.253405e-03,7.799730e-02
6200,layers.4.k_norm.weight,8.083470e+00,6.420521e-03,7.942777e-04
6200,layers.4.k_norm.bias,1.186889e-01,8.123803e-03,6.844620e-02
6200,layers.4.ln_e.weight,6.837559e+00,2.056229e-03,3.007256e-04
6200,layers.4.ln_e.bias,1.118467e-01,2.439754e-03,2.181338e-02
6200,layers.5.qkv_lut.weights,5.254252e+00,3.742103e-02,7.122046e-03
6200,layers.5.qkv_lut.log_soft_score_temp,8.231351e-01,1.469851e-04,1.785674e-04
6200,layers.5.qkv_lut.log_select_temp,8.382344e-01,1.831651e-04,2.185130e-04
6200,layers.5.v_lut.weights,7.020399e+00,4.860530e-02,6.923439e-03
6200,layers.5.v_lut.log_soft_score_temp,8.505682e-01,1.894236e-04,2.227024e-04
6200,layers.5.v_lut.log_select_temp,8.684114e-01,2.236962e-04,2.575925e-04
6200,layers.5.out_proj.weights,7.577375e+00,1.357601e-01,1.791650e-02
6200,layers.5.out_proj.log_soft_score_temp,8.720366e-01,3.942847e-04,4.521424e-04
6200,layers.5.out_proj.log_select_temp,8.942176e-01,2.540946e-04,2.841530e-04
6200,layers.5.residual_lut.weights,3.781346e+00,1.869372e-01,4.943668e-02
6200,layers.5.residual_lut.log_soft_score_temp,6.475784e-01,2.506375e-04,3.870381e-04
6200,layers.5.residual_lut.log_select_temp,6.400616e-01,1.040697e-04,1.625933e-04
6200,layers.5.q_norm.weight,7.991652e+00,2.324140e-04,2.908210e-05
6200,layers.5.q_norm.bias,1.501772e-02,1.556303e-04,1.036311e-02
6200,layers.5.k_norm.weight,7.992430e+00,2.171367e-04,2.716780e-05
6200,layers.5.k_norm.bias,1.321799e-02,1.554845e-04,1.176309e-02
6200,layers.5.ln_e.weight,6.801390e+00,2.134204e-03,3.137894e-04
6200,layers.5.ln_e.bias,8.761518e-02,1.522550e-03,1.737770e-02
6200,ln_final.weight,3.227158e+01,1.886633e-01,5.846111e-03
6200,ln_final.bias,1.015414e+00,1.687659e-02,1.662040e-02
6400,tok_emb_E.weight,7.497803e+01,8.031099e-01,1.071127e-02
6400,unembedder.weight,2.350619e+02,4.999453e+00,2.126866e-02
6400,layers.0.qkv_lut.weights,5.109626e+01,2.535556e+00,4.962311e-02
6400,layers.0.qkv_lut.log_soft_score_temp,1.353291e+00,5.337954e-03,3.944423e-03
6400,layers.0.qkv_lut.log_select_temp,1.345130e+00,5.296826e-03,3.937780e-03
6400,layers.0.v_lut.weights,5.045564e+01,2.445150e+00,4.846138e-02
6400,layers.0.v_lut.log_soft_score_temp,1.632751e+00,4.454970e-03,2.728506e-03
6400,layers.0.v_lut.log_select_temp,1.631265e+00,4.439235e-03,2.721345e-03
6400,layers.0.out_proj.weights,7.006552e+01,3.462025e+00,4.941125e-02
6400,layers.0.out_proj.log_soft_score_temp,8.661928e-01,3.801048e-03,4.388224e-03
6400,layers.0.out_proj.log_select_temp,1.094900e+00,5.737662e-03,5.240351e-03
6400,layers.0.residual_lut.weights,8.073420e+01,3.181274e+00,3.940429e-02
6400,layers.0.residual_lut.log_soft_score_temp,7.842084e-01,2.007484e-03,2.559886e-03
6400,layers.0.residual_lut.log_select_temp,1.058267e+00,5.054832e-03,4.776517e-03
6400,layers.0.q_norm.weight,9.164767e+00,8.104521e-03,8.843128e-04
6400,layers.0.q_norm.bias,9.433979e-01,4.836364e-03,5.126537e-03
6400,layers.0.k_norm.weight,9.089754e+00,7.828644e-03,8.612603e-04
6400,layers.0.k_norm.bias,1.090129e+00,6.285287e-03,5.765636e-03
6400,layers.0.ln_e.weight,6.951457e+00,4.397233e-03,6.325627e-04
6400,layers.0.ln_e.bias,7.370691e-02,2.527089e-03,3.428565e-02
6400,layers.1.qkv_lut.weights,5.145267e+01,2.587021e+00,5.027963e-02
6400,layers.1.qkv_lut.log_soft_score_temp,2.626635e-01,7.058978e-04,2.687460e-03
6400,layers.1.qkv_lut.log_select_temp,5.473889e-01,2.921641e-03,5.337413e-03
6400,layers.1.v_lut.weights,5.091141e+01,2.499750e+00,4.910000e-02
6400,layers.1.v_lut.log_soft_score_temp,4.010754e-01,4.995167e-04,1.245443e-03
6400,layers.1.v_lut.log_select_temp,7.393970e-01,3.131986e-03,4.235864e-03
6400,layers.1.out_proj.weights,7.083503e+01,3.534848e+00,4.990254e-02
6400,layers.1.out_proj.log_soft_score_temp,5.373795e-01,1.979053e-03,3.682785e-03
6400,layers.1.out_proj.log_select_temp,8.682900e-01,2.919018e-03,3.361801e-03
6400,layers.1.residual_lut.weights,7.297546e+01,3.054095e+00,4.185098e-02
6400,layers.1.residual_lut.log_soft_score_temp,3.391339e-01,6.003380e-03,1.770209e-02
6400,layers.1.residual_lut.log_select_temp,7.507246e-01,7.086992e-05,9.440203e-05
6400,layers.1.q_norm.weight,8.572736e+00,8.428599e-03,9.831866e-04
6400,layers.1.q_norm.bias,4.444115e-01,4.555922e-03,1.025158e-02
6400,layers.1.k_norm.weight,8.530808e+00,8.296542e-03,9.725388e-04
6400,layers.1.k_norm.bias,8.347575e-01,7.064399e-03,8.462816e-03
6400,layers.1.ln_e.weight,6.775663e+00,4.405168e-03,6.501457e-04
6400,layers.1.ln_e.bias,6.642757e-02,2.397503e-03,3.609198e-02
6400,layers.2.qkv_lut.weights,5.102923e+01,2.536607e+00,4.970889e-02
6400,layers.2.qkv_lut.log_soft_score_temp,1.506935e-01,3.175661e-03,2.107365e-02
6400,layers.2.qkv_lut.log_select_temp,5.023039e-01,1.404583e-03,2.796282e-03
6400,layers.2.v_lut.weights,5.024955e+01,2.334831e+00,4.646471e-02
6400,layers.2.v_lut.log_soft_score_temp,5.214583e-01,4.602373e-03,8.825965e-03
6400,layers.2.v_lut.log_select_temp,7.779670e-01,1.389384e-03,1.785917e-03
6400,layers.2.out_proj.weights,6.953645e+01,3.465704e+00,4.984010e-02
6400,layers.2.out_proj.log_soft_score_temp,6.439127e-01,9.652972e-04,1.499112e-03
6400,layers.2.out_proj.log_select_temp,8.421797e-01,2.546787e-03,3.024043e-03
6400,layers.2.residual_lut.weights,7.356541e+01,3.204114e+00,4.355463e-02
6400,layers.2.residual_lut.log_soft_score_temp,5.823280e-01,1.250625e-03,2.147629e-03
6400,layers.2.residual_lut.log_select_temp,7.707334e-01,2.275825e-03,2.952804e-03
6400,layers.2.q_norm.weight,8.289149e+00,7.643498e-03,9.221089e-04
6400,layers.2.q_norm.bias,2.660200e-01,3.832311e-03,1.440610e-02
6400,layers.2.k_norm.weight,8.273037e+00,7.439434e-03,8.992385e-04
6400,layers.2.k_norm.bias,4.125968e-01,6.134544e-03,1.486813e-02
6400,layers.2.ln_e.weight,6.882933e+00,3.473770e-03,5.046933e-04
6400,layers.2.ln_e.bias,3.932017e-02,1.861735e-03,4.734808e-02
6400,layers.3.qkv_lut.weights,4.820612e+01,2.505012e+00,5.196461e-02
6400,layers.3.qkv_lut.log_soft_score_temp,4.655733e-01,2.722412e-03,5.847441e-03
6400,layers.3.qkv_lut.log_select_temp,5.857724e-01,1.175165e-03,2.006181e-03
6400,layers.3.v_lut.weights,4.221363e+01,2.188682e+00,5.184775e-02
6400,layers.3.v_lut.log_soft_score_temp,7.758473e-01,8.729696e-04,1.125182e-03
6400,layers.3.v_lut.log_select_temp,7.973400e-01,3.219843e-04,4.038231e-04
6400,layers.3.out_proj.weights,4.711382e+01,2.864033e+00,6.078966e-02
6400,layers.3.out_proj.log_soft_score_temp,5.298710e-01,2.446234e-03,4.616660e-03
6400,layers.3.out_proj.log_select_temp,6.276025e-01,2.718568e-04,4.331671e-04
6400,layers.3.residual_lut.weights,3.836982e+01,2.526972e+00,6.585831e-02
6400,layers.3.residual_lut.log_soft_score_temp,6.152458e-01,7.697940e-04,1.251198e-03
6400,layers.3.residual_lut.log_select_temp,6.666914e-01,5.356073e-04,8.033812e-04
6400,layers.3.q_norm.weight,8.036922e+00,6.461835e-03,8.040187e-04
6400,layers.3.q_norm.bias,1.807416e-01,4.984099e-03,2.757583e-02
6400,layers.3.k_norm.weight,8.037456e+00,6.636656e-03,8.257161e-04
6400,layers.3.k_norm.bias,2.808558e-01,4.578233e-03,1.630101e-02
6400,layers.3.ln_e.weight,6.883288e+00,2.944122e-03,4.277202e-04
6400,layers.3.ln_e.bias,5.918820e-02,1.971615e-03,3.331096e-02
6400,layers.4.qkv_lut.weights,2.343086e+01,1.832664e+00,7.821581e-02
6400,layers.4.qkv_lut.log_soft_score_temp,7.445276e-01,1.703501e-03,2.288029e-03
6400,layers.4.qkv_lut.log_select_temp,7.511934e-01,1.061738e-03,1.413401e-03
6400,layers.4.v_lut.weights,1.697253e+01,1.282273e+00,7.554992e-02
6400,layers.4.v_lut.log_soft_score_temp,7.533861e-01,3.706813e-04,4.920204e-04
6400,layers.4.v_lut.log_select_temp,7.483526e-01,2.643466e-04,3.532380e-04
6400,layers.4.out_proj.weights,1.581357e+01,1.142092e+00,7.222231e-02
6400,layers.4.out_proj.log_soft_score_temp,7.225542e-01,6.919503e-04,9.576449e-04
6400,layers.4.out_proj.log_select_temp,7.367300e-01,5.056858e-04,6.863923e-04
6400,layers.4.residual_lut.weights,1.037086e+01,1.013222e+00,9.769888e-02
6400,layers.4.residual_lut.log_soft_score_temp,6.754087e-01,5.364418e-07,7.942477e-07
6400,layers.4.residual_lut.log_select_temp,6.824706e-01,1.183748e-04,1.734504e-04
6400,layers.4.q_norm.weight,8.085689e+00,5.918331e-03,7.319514e-04
6400,layers.4.q_norm.bias,1.087088e-01,7.393051e-03,6.800782e-02
6400,layers.4.k_norm.weight,8.086100e+00,6.416946e-03,7.935774e-04
6400,layers.4.k_norm.bias,1.198189e-01,6.355043e-03,5.303873e-02
6400,layers.4.ln_e.weight,6.837713e+00,2.421505e-03,3.541395e-04
6400,layers.4.ln_e.bias,1.113833e-01,2.118827e-03,1.902284e-02
6400,layers.5.qkv_lut.weights,5.258685e+00,3.286882e-02,6.250388e-03
6400,layers.5.qkv_lut.log_soft_score_temp,8.234807e-01,3.456473e-04,4.197394e-04
6400,layers.5.qkv_lut.log_select_temp,8.387260e-01,4.916787e-04,5.862209e-04
6400,layers.5.v_lut.weights,7.027247e+00,4.644767e-02,6.609654e-03
6400,layers.5.v_lut.log_soft_score_temp,8.510476e-01,4.794598e-04,5.633759e-04
6400,layers.5.v_lut.log_select_temp,8.689596e-01,5.481839e-04,6.308509e-04
6400,layers.5.out_proj.weights,7.604275e+00,1.229581e-01,1.616960e-02
6400,layers.5.out_proj.log_soft_score_temp,8.727413e-01,7.047057e-04,8.074623e-04
6400,layers.5.out_proj.log_select_temp,8.948238e-01,6.062388e-04,6.774952e-04
6400,layers.5.residual_lut.weights,3.785312e+00,1.592923e-01,4.208168e-02
6400,layers.5.residual_lut.log_soft_score_temp,6.474161e-01,1.623631e-04,2.507863e-04
6400,layers.5.residual_lut.log_select_temp,6.399230e-01,1.385808e-04,2.165586e-04
6400,layers.5.q_norm.weight,7.991680e+00,1.455338e-04,1.821066e-05
6400,layers.5.q_norm.bias,1.504819e-02,9.026800e-05,5.998595e-03
6400,layers.5.k_norm.weight,7.992458e+00,1.549334e-04,1.938495e-05
6400,layers.5.k_norm.bias,1.323452e-02,7.301533e-05,5.517038e-03
6400,layers.5.ln_e.weight,6.801051e+00,1.618404e-03,2.379637e-04
6400,layers.5.ln_e.bias,8.781380e-02,1.261637e-03,1.436718e-02
6400,ln_final.weight,3.244015e+01,1.692479e-01,5.217235e-03
6400,ln_final.bias,1.019682e+00,1.569487e-02,1.539193e-02
6600,tok_emb_E.weight,7.498581e+01,7.130474e-01,9.509098e-03
6600,unembedder.weight,2.354365e+02,4.416903e+00,1.876049e-02
6600,layers.0.qkv_lut.weights,5.116138e+01,2.230145e+00,4.359041e-02
6600,layers.0.qkv_lut.log_soft_score_temp,1.355933e+00,2.641678e-03,1.948236e-03
6600,layers.0.qkv_lut.log_select_temp,1.347680e+00,2.550364e-03,1.892410e-03
6600,layers.0.v_lut.weights,5.051785e+01,2.162544e+00,4.280752e-02
6600,layers.0.v_lut.log_soft_score_temp,1.636570e+00,3.819227e-03,2.333678e-03
6600,layers.0.v_lut.log_select_temp,1.635025e+00,3.760457e-03,2.299938e-03
6600,layers.0.out_proj.weights,7.017831e+01,3.074246e+00,4.380621e-02
6600,layers.0.out_proj.log_soft_score_temp,8.689559e-01,2.763093e-03,3.179785e-03
6600,layers.0.out_proj.log_select_temp,1.099529e+00,4.628301e-03,4.209350e-03
6600,layers.0.residual_lut.weights,8.087669e+01,2.851863e+00,3.526186e-02
6600,layers.0.residual_lut.log_soft_score_temp,7.860371e-01,1.828671e-03,2.326443e-03
6600,layers.0.residual_lut.log_select_temp,1.062598e+00,4.330516e-03,4.075405e-03
6600,layers.0.q_norm.weight,9.169518e+00,7.300205e-03,7.961384e-04
6600,layers.0.q_norm.bias,9.468722e-01,5.132463e-03,5.420439e-03
6600,layers.0.k_norm.weight,9.093799e+00,6.744123e-03,7.416178e-04
6600,layers.0.k_norm.bias,1.094739e+00,7.286157e-03,6.655614e-03
6600,layers.0.ln_e.weight,6.951964e+00,3.953042e-03,5.686223e-04
6600,layers.0.ln_e.bias,7.440543e-02,2.388300e-03,3.209846e-02
6600,layers.1.qkv_lut.weights,5.151919e+01,2.299158e+00,4.462722e-02
6600,layers.1.qkv_lut.log_soft_score_temp,2.631798e-01,5.162954e-04,1.961759e-03
6600,layers.1.qkv_lut.log_select_temp,5.502121e-01,2.823174e-03,5.131065e-03
6600,layers.1.v_lut.weights,5.099953e+01,2.234251e+00,4.380924e-02
6600,layers.1.v_lut.log_soft_score_temp,4.024237e-01,1.348317e-03,3.350490e-03
6600,layers.1.v_lut.log_select_temp,7.434472e-01,4.050195e-03,5.447858e-03
6600,layers.1.out_proj.weights,7.094383e+01,3.152975e+00,4.444326e-02
6600,layers.1.out_proj.log_soft_score_temp,5.352877e-01,2.091765e-03,3.907740e-03
6600,layers.1.out_proj.log_select_temp,8.708224e-01,2.532363e-03,2.908013e-03
6600,layers.1.residual_lut.weights,7.307600e+01,2.743927e+00,3.754896e-02
6600,layers.1.residual_lut.log_soft_score_temp,3.348151e-01,4.318863e-03,1.289925e-02
6600,layers.1.residual_lut.log_select_temp,7.513819e-01,6.573200e-04,8.748149e-04
6600,layers.1.q_norm.weight,8.577362e+00,6.460826e-03,7.532417e-04
6600,layers.1.q_norm.bias,4.468503e-01,4.782269e-03,1.070217e-02
6600,layers.1.k_norm.weight,8.535248e+00,6.659277e-03,7.802090e-04
6600,layers.1.k_norm.bias,8.387017e-01,6.676368e-03,7.960361e-03
6600,layers.1.ln_e.weight,6.773962e+00,3.396183e-03,5.013584e-04
6600,layers.1.ln_e.bias,6.704082e-02,2.252893e-03,3.360480e-02
6600,layers.2.qkv_lut.weights,5.110846e+01,2.268736e+00,4.439062e-02
6600,layers.2.qkv_lut.log_soft_score_temp,1.482602e-01,2.433240e-03,1.641196e-02
6600,layers.2.qkv_lut.log_select_temp,5.035461e-01,1.242220e-03,2.466945e-03
6600,layers.2.v_lut.weights,5.034542e+01,2.092514e+00,4.156314e-02
6600,layers.2.v_lut.log_soft_score_temp,5.165849e-01,4.873395e-03,9.433871e-03
6600,layers.2.v_lut.log_select_temp,7.756391e-01,2.327859e-03,3.001215e-03
6600,layers.2.out_proj.weights,6.967640e+01,3.071908e+00,4.408821e-02
6600,layers.2.out_proj.log_soft_score_temp,6.440518e-01,1.391172e-04,2.160032e-04
6600,layers.2.out_proj.log_select_temp,8.452653e-01,3.085554e-03,3.650397e-03
6600,layers.2.residual_lut.weights,7.374812e+01,2.860754e+00,3.879087e-02
6600,layers.2.residual_lut.log_soft_score_temp,5.814896e-01,8.383989e-04,1.441813e-03
6600,layers.2.residual_lut.log_select_temp,7.733569e-01,2.623439e-03,3.392275e-03
6600,layers.2.q_norm.weight,8.294485e+00,7.394905e-03,8.915448e-04
6600,layers.2.q_norm.bias,2.681195e-01,4.481065e-03,1.671294e-02
6600,layers.2.k_norm.weight,8.278322e+00,7.175455e-03,8.667765e-04
6600,layers.2.k_norm.bias,4.150129e-01,5.677411e-03,1.368008e-02
6600,layers.2.ln_e.weight,6.882706e+00,3.140040e-03,4.562218e-04
6600,layers.2.ln_e.bias,3.979542e-02,1.533599e-03,3.853708e-02
6600,layers.3.qkv_lut.weights,4.829794e+01,2.248600e+00,4.655685e-02
6600,layers.3.qkv_lut.log_soft_score_temp,4.641028e-01,1.470476e-03,3.168428e-03
6600,layers.3.qkv_lut.log_select_temp,5.855945e-01,1.779199e-04,3.038278e-04
6600,layers.3.v_lut.weights,4.231139e+01,1.947724e+00,4.603310e-02
6600,layers.3.v_lut.log_soft_score_temp,7.765709e-01,7.236004e-04,9.317892e-04
6600,layers.3.v_lut.log_select_temp,7.984007e-01,1.060724e-03,1.328561e-03
6600,layers.3.out_proj.weights,4.723476e+01,2.572891e+00,5.447029e-02
6600,layers.3.out_proj.log_soft_score_temp,5.271578e-01,2.713144e-03,5.146739e-03
6600,layers.3.out_proj.log_select_temp,6.269382e-01,6.643534e-04,1.059679e-03
6600,layers.3.residual_lut.weights,3.849308e+01,2.285876e+00,5.938408e-02
6600,layers.3.residual_lut.log_soft_score_temp,6.155818e-01,3.359914e-04,5.458111e-04
6600,layers.3.residual_lut.log_select_temp,6.682386e-01,1.547158e-03,2.315278e-03
6600,layers.3.q_norm.weight,8.039942e+00,5.175857e-03,6.437680e-04
6600,layers.3.q_norm.bias,1.808668e-01,4.079881e-03,2.255738e-02
6600,layers.3.k_norm.weight,8.040267e+00,5.152754e-03,6.408685e-04
6600,layers.3.k_norm.bias,2.812800e-01,5.624252e-03,1.999520e-02
6600,layers.3.ln_e.weight,6.883452e+00,2.506299e-03,3.641050e-04
6600,layers.3.ln_e.bias,5.860887e-02,1.645446e-03,2.807503e-02
6600,layers.4.qkv_lut.weights,2.352927e+01,1.626508e+00,6.912699e-02
6600,layers.4.qkv_lut.log_soft_score_temp,7.446636e-01,1.360178e-04,1.826567e-04
6600,layers.4.qkv_lut.log_select_temp,7.516729e-01,4.795194e-04,6.379362e-04
6600,layers.4.v_lut.weights,1.705658e+01,1.163633e+00,6.822194e-02
6600,layers.4.v_lut.log_soft_score_temp,7.538913e-01,5.052090e-04,6.701350e-04
6600,layers.4.v_lut.log_select_temp,7.489415e-01,5.888939e-04,7.863015e-04
6600,layers.4.out_proj.weights,1.587204e+01,1.088344e+00,6.856988e-02
6600,layers.4.out_proj.log_soft_score_temp,7.235644e-01,1.010180e-03,1.396116e-03
6600,layers.4.out_proj.log_select_temp,7.377757e-01,1.045704e-03,1.417374e-03
6600,layers.4.residual_lut.weights,1.041900e+01,9.433961e-01,9.054572e-02
6600,layers.4.residual_lut.log_soft_score_temp,6.758022e-01,3.935099e-04,5.822856e-04
6600,layers.4.residual_lut.log_select_temp,6.831129e-01,6.422400e-04,9.401668e-04
6600,layers.4.q_norm.weight,8.089391e+00,7.467748e-03,9.231533e-04
6600,layers.4.q_norm.bias,1.097325e-01,5.490609e-03,5.003628e-02
6600,layers.4.k_norm.weight,8.089684e+00,7.446819e-03,9.205326e-04
6600,layers.4.k_norm.bias,1.200473e-01,5.527277e-03,4.604247e-02
6600,layers.4.ln_e.weight,6.838033e+00,3.068076e-03,4.486781e-04
6600,layers.4.ln_e.bias,1.107859e-01,2.563810e-03,2.314203e-02
6600,layers.5.qkv_lut.weights,5.262297e+00,3.880482e-02,7.374122e-03
6600,layers.5.qkv_lut.log_soft_score_temp,8.237708e-01,2.900362e-04,3.520836e-04
6600,layers.5.qkv_lut.log_select_temp,8.390760e-01,3.499389e-04,4.170527e-04
6600,layers.5.v_lut.weights,7.032141e+00,4.699204e-02,6.682466e-03
6600,layers.5.v_lut.log_soft_score_temp,8.513037e-01,2.560616e-04,3.007876e-04
6600,layers.5.v_lut.log_select_temp,8.692601e-01,3.004670e-04,3.456584e-04
6600,layers.5.out_proj.weights,7.623014e+00,1.245533e-01,1.633911e-02
6600,layers.5.out_proj.log_soft_score_temp,8.732595e-01,5.182028e-04,5.934121e-04
6600,layers.5.out_proj.log_select_temp,8.952765e-01,4.527569e-04,5.057173e-04
6600,layers.5.residual_lut.weights,3.786092e+00,1.517584e-01,4.008312e-02
6600,layers.5.residual_lut.log_soft_score_temp,6.471719e-01,2.441406e-04,3.772423e-04
6600,layers.5.residual_lut.log_select_temp,6.397397e-01,1.832843e-04,2.864982e-04
6600,layers.5.q_norm.weight,7.991709e+00,2.701423e-04,3.380282e-05
6600,layers.5.q_norm.bias,1.505344e-02,2.187065e-04,1.452867e-02
6600,layers.5.k_norm.weight,7.992486e+00,2.853846e-04,3.570661e-05
6600,layers.5.k_norm.bias,1.322182e-02,2.126834e-04,1.608579e-02
6600,layers.5.ln_e.weight,6.800505e+00,1.666052e-03,2.449894e-04
6600,layers.5.ln_e.bias,8.771710e-02,1.318424e-03,1.503041e-02
6600,ln_final.weight,3.259203e+01,1.523971e-01,4.675900e-03
6600,ln_final.bias,1.023419e+00,1.420365e-02,1.387863e-02
6800,tok_emb_E.weight,7.499215e+01,6.331384e-01,8.442729e-03
6800,unembedder.weight,2.357192e+02,3.951125e+00,1.676200e-02
6800,layers.0.qkv_lut.weights,5.121338e+01,1.998501e+00,3.902303e-02
6800,layers.0.qkv_lut.log_soft_score_temp,1.358475e+00,2.542138e-03,1.871317e-03
6800,layers.0.qkv_lut.log_select_temp,1.350217e+00,2.536535e-03,1.878613e-03
6800,layers.0.v_lut.weights,5.057166e+01,1.932563e+00,3.821434e-02
6800,layers.0.v_lut.log_soft_score_temp,1.639680e+00,3.110051e-03,1.896743e-03
6800,layers.0.v_lut.log_select_temp,1.638071e+00,3.045678e-03,1.859308e-03
6800,layers.0.out_proj.weights,7.027057e+01,2.738150e+00,3.896582e-02
6800,layers.0.out_proj.log_soft_score_temp,8.733072e-01,4.351318e-03,4.982574e-03
6800,layers.0.out_proj.log_select_temp,1.104971e+00,5.442500e-03,4.925468e-03
6800,layers.0.residual_lut.weights,8.099487e+01,2.533092e+00,3.127472e-02
6800,layers.0.residual_lut.log_soft_score_temp,7.883494e-01,2.312362e-03,2.933169e-03
6800,layers.0.residual_lut.log_select_temp,1.067043e+00,4.444957e-03,4.165678e-03
6800,layers.0.q_norm.weight,9.176064e+00,7.457561e-03,8.127190e-04
6800,layers.0.q_norm.bias,9.501798e-01,4.522513e-03,4.759639e-03
6800,layers.0.k_norm.weight,9.099730e+00,6.885866e-03,7.567109e-04
6800,layers.0.k_norm.bias,1.098459e+00,5.340791e-03,4.862075e-03
6800,layers.0.ln_e.weight,6.952376e+00,3.388987e-03,4.874574e-04
6800,layers.0.ln_e.bias,7.512084e-02,2.292697e-03,3.052012e-02
6800,layers.1.qkv_lut.weights,5.157685e+01,2.035088e+00,3.945739e-02
6800,layers.1.qkv_lut.log_soft_score_temp,2.619400e-01,1.239836e-03,4.733284e-03
6800,layers.1.qkv_lut.log_select_temp,5.511202e-01,9.080768e-04,1.647693e-03
6800,layers.1.v_lut.weights,5.106615e+01,1.965151e+00,3.848246e-02
6800,layers.1.v_lut.log_soft_score_temp,4.024749e-01,5.123019e-05,1.272879e-04
6800,layers.1.v_lut.log_select_temp,7.454041e-01,1.956820e-03,2.625181e-03
6800,layers.1.out_proj.weights,7.102962e+01,2.790020e+00,3.927966e-02
6800,layers.1.out_proj.log_soft_score_temp,5.347959e-01,4.917979e-04,9.195992e-04
6800,layers.1.out_proj.log_select_temp,8.742329e-01,3.410578e-03,3.901223e-03
6800,layers.1.residual_lut.weights,7.315438e+01,2.447578e+00,3.345772e-02
6800,layers.1.residual_lut.log_soft_score_temp,3.306658e-01,4.149258e-03,1.254819e-02
6800,layers.1.residual_lut.log_select_temp,7.517493e-01,3.674626e-04,4.888101e-04
6800,layers.1.q_norm.weight,8.582241e+00,6.189979e-03,7.212544e-04
6800,layers.1.q_norm.bias,4.484681e-01,3.842569e-03,8.568211e-03
6800,layers.1.k_norm.weight,8.540047e+00,6.226545e-03,7.290996e-04
6800,layers.1.k_norm.bias,8.416418e-01,4.917389e-03,5.842615e-03
6800,layers.1.ln_e.weight,6.772432e+00,3.744374e-03,5.528846e-04
6800,layers.1.ln_e.bias,6.832925e-02,2.004000e-03,2.932859e-02
6800,layers.2.qkv_lut.weights,5.116846e+01,2.022546e+00,3.952719e-02
6800,layers.2.qkv_lut.log_soft_score_temp,1.457500e-01,2.510205e-03,1.722267e-02
6800,layers.2.qkv_lut.log_select_temp,5.044391e-01,8.929372e-04,1.770159e-03
6800,layers.2.v_lut.weights,5.042092e+01,1.851937e+00,3.672954e-02
6800,layers.2.v_lut.log_soft_score_temp,5.129148e-01,3.670037e-03,7.155256e-03
6800,layers.2.v_lut.log_select_temp,7.741668e-01,1.472354e-03,1.901856e-03
6800,layers.2.out_proj.weights,6.978963e+01,2.733824e+00,3.917235e-02
6800,layers.2.out_proj.log_soft_score_temp,6.433154e-01,7.363558e-04,1.144626e-03
6800,layers.2.out_proj.log_select_temp,8.472940e-01,2.028704e-03,2.394333e-03
6800,layers.2.residual_lut.weights,7.388748e+01,2.543262e+00,3.442075e-02
6800,layers.2.residual_lut.log_soft_score_temp,5.807740e-01,7.155538e-04,1.232069e-03
6800,layers.2.residual_lut.log_select_temp,7.758950e-01,2.538145e-03,3.271248e-03
6800,layers.2.q_norm.weight,8.299041e+00,6.032967e-03,7.269476e-04
6800,layers.2.q_norm.bias,2.692909e-01,3.934170e-03,1.460937e-02
6800,layers.2.k_norm.weight,8.282703e+00,5.862184e-03,7.077622e-04
6800,layers.2.k_norm.bias,4.175296e-01,5.238317e-03,1.254598e-02
6800,layers.2.ln_e.weight,6.882586e+00,2.827720e-03,4.108514e-04
6800,layers.2.ln_e.bias,3.990256e-02,1.239001e-03,3.105066e-02
6800,layers.3.qkv_lut.weights,4.836238e+01,1.985060e+00,4.104554e-02
6800,layers.3.qkv_lut.log_soft_score_temp,4.624830e-01,1.619846e-03,3.502498e-03
6800,layers.3.qkv_lut.log_select_temp,5.849615e-01,6.329417e-04,1.082023e-03
6800,layers.3.v_lut.weights,4.239920e+01,1.736077e+00,4.094597e-02
6800,layers.3.v_lut.log_soft_score_temp,7.758524e-01,7.185340e-04,9.261220e-04
6800,layers.3.v_lut.log_select_temp,7.981268e-01,2.739429e-04,3.432324e-04
6800,layers.3.out_proj.weights,4.733115e+01,2.270439e+00,4.796924e-02
6800,layers.3.out_proj.log_soft_score_temp,5.262284e-01,9.294152e-04,1.766182e-03
6800,layers.3.out_proj.log_select_temp,6.274354e-01,4.972219e-04,7.924672e-04
6800,layers.3.residual_lut.weights,3.859574e+01,2.042610e+00,5.292319e-02
6800,layers.3.residual_lut.log_soft_score_temp,6.157119e-01,1.301169e-04,2.113276e-04
6800,layers.3.residual_lut.log_select_temp,6.697544e-01,1.515865e-03,2.263315e-03
6800,layers.3.q_norm.weight,8.039899e+00,3.519654e-03,4.377734e-04
6800,layers.3.q_norm.bias,1.817724e-01,3.882045e-03,2.135663e-02
6800,layers.3.k_norm.weight,8.040260e+00,3.913007e-03,4.866767e-04
6800,layers.3.k_norm.bias,2.804287e-01,5.463829e-03,1.948384e-02
6800,layers.3.ln_e.weight,6.883638e+00,2.591769e-03,3.765115e-04
6800,layers.3.ln_e.bias,5.880915e-02,2.094022e-03,3.560707e-02
6800,layers.4.qkv_lut.weights,2.359763e+01,1.443907e+00,6.118864e-02
6800,layers.4.qkv_lut.log_soft_score_temp,7.445210e-01,1.426339e-04,1.915781e-04
6800,layers.4.qkv_lut.log_select_temp,7.516387e-01,3.427267e-05,4.559727e-05
6800,layers.4.v_lut.weights,1.710962e+01,1.041805e+00,6.089002e-02
6800,layers.4.v_lut.log_soft_score_temp,7.545751e-01,6.838441e-04,9.062637e-04
6800,layers.4.v_lut.log_select_temp,7.496551e-01,7.135868e-04,9.518868e-04
6800,layers.4.out_proj.weights,1.591978e+01,9.541707e-01,5.993616e-02
6800,layers.4.out_proj.log_soft_score_temp,7.238315e-01,2.671480e-04,3.690749e-04
6800,layers.4.out_proj.log_select_temp,7.381912e-01,4.155040e-04,5.628677e-04
6800,layers.4.residual_lut.weights,1.045535e+01,8.348920e-01,7.985307e-02
6800,layers.4.residual_lut.log_soft_score_temp,6.764656e-01,6.633997e-04,9.806851e-04
6800,layers.4.residual_lut.log_select_temp,6.842018e-01,1.088917e-03,1.591515e-03
6800,layers.4.q_norm.weight,8.091526e+00,4.702483e-03,5.811614e-04
6800,layers.4.q_norm.bias,1.100266e-01,4.434777e-03,4.030641e-02
6800,layers.4.k_norm.weight,8.091702e+00,4.653673e-03,5.751167e-04
6800,layers.4.k_norm.bias,1.190997e-01,3.616488e-03,3.036521e-02
6800,layers.4.ln_e.weight,6.838474e+00,2.159107e-03,3.157293e-04
6800,layers.4.ln_e.bias,1.106756e-01,1.888092e-03,1.705970e-02
6800,layers.5.qkv_lut.weights,5.262433e+00,3.331561e-02,6.330838e-03
6800,layers.5.qkv_lut.log_soft_score_temp,8.236863e-01,8.445978e-05,1.025388e-04
6800,layers.5.qkv_lut.log_select_temp,8.389989e-01,7.706881e-05,9.185805e-05
6800,layers.5.v_lut.weights,7.032560e+00,3.886456e-02,5.526375e-03
6800,layers.5.v_lut.log_soft_score_temp,8.513043e-01,5.960464e-07,7.001568e-07
6800,layers.5.v_lut.log_select_temp,8.692648e-01,4.768372e-06,5.485522e-06
6800,layers.5.out_proj.weights,7.622146e+00,1.118197e-01,1.467037e-02
6800,layers.5.out_proj.log_soft_score_temp,8.733664e-01,1.068711e-04,1.223669e-04
6800,layers.5.out_proj.log_select_temp,8.953289e-01,5.239248e-05,5.851758e-05
6800,layers.5.residual_lut.weights,3.787879e+00,1.349509e-01,3.562703e-02
6800,layers.5.residual_lut.log_soft_score_temp,6.473292e-01,1.572371e-04,2.429012e-04
6800,layers.5.residual_lut.log_select_temp,6.397971e-01,5.739927e-05,8.971481e-05
6800,layers.5.q_norm.weight,7.991738e+00,2.784804e-04,3.484604e-05
6800,layers.5.q_norm.bias,1.503324e-02,1.545373e-04,1.027971e-02
6800,layers.5.k_norm.weight,7.992516e+00,2.488233e-04,3.113203e-05
6800,layers.5.k_norm.bias,1.322168e-02,1.764250e-04,1.334361e-02
6800,layers.5.ln_e.weight,6.800476e+00,1.401283e-03,2.060566e-04
6800,layers.5.ln_e.bias,8.792370e-02,1.298493e-03,1.476840e-02
6800,ln_final.weight,3.272631e+01,1.347391e-01,4.117150e-03
6800,ln_final.bias,1.027442e+00,1.404336e-02,1.366828e-02
7000,tok_emb_E.weight,7.499791e+01,5.615214e-01,7.487160e-03
7000,unembedder.weight,2.360078e+02,3.502819e+00,1.484196e-02
7000,layers.0.qkv_lut.weights,5.125788e+01,1.780014e+00,3.472664e-02
7000,layers.0.qkv_lut.log_soft_score_temp,1.360323e+00,1.848221e-03,1.358663e-03
7000,layers.0.qkv_lut.log_select_temp,1.351943e+00,1.725912e-03,1.276616e-03
7000,layers.0.v_lut.weights,5.061486e+01,1.716174e+00,3.390652e-02
7000,layers.0.v_lut.log_soft_score_temp,1.643765e+00,4.085302e-03,2.485332e-03
7000,layers.0.v_lut.log_select_temp,1.642083e+00,4.012108e-03,2.443304e-03
7000,layers.0.out_proj.weights,7.034327e+01,2.421203e+00,3.441983e-02
7000,layers.0.out_proj.log_soft_score_temp,8.773341e-01,4.026890e-03,4.589916e-03
7000,layers.0.out_proj.log_select_temp,1.109791e+00,4.819751e-03,4.342936e-03
7000,layers.0.residual_lut.weights,8.108584e+01,2.249923e+00,2.774743e-02
7000,layers.0.residual_lut.log_soft_score_temp,7.900882e-01,1.738727e-03,2.200675e-03
7000,layers.0.residual_lut.log_select_temp,1.070689e+00,3.646493e-03,3.405744e-03
7000,layers.0.q_norm.weight,9.181867e+00,6.621343e-03,7.211326e-04
7000,layers.0.q_norm.bias,9.529930e-01,4.363562e-03,4.578798e-03
7000,layers.0.k_norm.weight,9.105000e+00,6.331382e-03,6.953743e-04
7000,layers.0.k_norm.bias,1.101864e+00,5.319389e-03,4.827629e-03
7000,layers.0.ln_e.weight,6.952910e+00,3.028635e-03,4.355924e-04
7000,layers.0.ln_e.bias,7.583759e-02,1.961233e-03,2.586097e-02
7000,layers.1.qkv_lut.weights,5.162442e+01,1.795194e+00,3.477412e-02
7000,layers.1.qkv_lut.log_soft_score_temp,2.620263e-01,8.630753e-05,3.293850e-04
7000,layers.1.qkv_lut.log_select_temp,5.528606e-01,1.740396e-03,3.147984e-03
7000,layers.1.v_lut.weights,5.112051e+01,1.739451e+00,3.402648e-02
7000,layers.1.v_lut.log_soft_score_temp,4.042546e-01,1.779646e-03,4.402289e-03
7000,layers.1.v_lut.log_select_temp,7.486566e-01,3.252506e-03,4.344457e-03
7000,layers.1.out_proj.weights,7.110026e+01,2.470474e+00,3.474634e-02
7000,layers.1.out_proj.log_soft_score_temp,5.331997e-01,1.596212e-03,2.993648e-03
7000,layers.1.out_proj.log_select_temp,8.759818e-01,1.748860e-03,1.996457e-03
7000,layers.1.residual_lut.weights,7.321428e+01,2.179310e+00,2.976618e-02
7000,layers.1.residual_lut.log_soft_score_temp,3.268732e-01,3.792614e-03,1.160271e-02
7000,layers.1.residual_lut.log_select_temp,7.522197e-01,4.703403e-04,6.252698e-04
7000,layers.1.q_norm.weight,8.585555e+00,5.271445e-03,6.139900e-04
7000,layers.1.q_norm.bias,4.504386e-01,4.238066e-03,9.408754e-03
7000,layers.1.k_norm.weight,8.543262e+00,5.043298e-03,5.903247e-04
7000,layers.1.k_norm.bias,8.444359e-01,4.317428e-03,5.112796e-03
7000,layers.1.ln_e.weight,6.771065e+00,3.374849e-03,4.984222e-04
7000,layers.1.ln_e.bias,6.866957e-02,1.334844e-03,1.943865e-02
7000,layers.2.qkv_lut.weights,5.121227e+01,1.789786e+00,3.494839e-02
7000,layers.2.qkv_lut.log_soft_score_temp,1.432387e-01,2.511337e-03,1.753254e-02
7000,layers.2.qkv_lut.log_select_temp,5.047170e-01,2.779365e-04,5.506778e-04
7000,layers.2.v_lut.weights,5.048471e+01,1.644013e+00,3.256457e-02
7000,layers.2.v_lut.log_soft_score_temp,5.090261e-01,3.888726e-03,7.639542e-03
7000,layers.2.v_lut.log_select_temp,7.723601e-01,1.806676e-03,2.339163e-03
7000,layers.2.out_proj.weights,6.987869e+01,2.423834e+00,3.468631e-02
7000,layers.2.out_proj.log_soft_score_temp,6.417417e-01,1.573741e-03,2.452297e-03
7000,layers.2.out_proj.log_select_temp,8.480714e-01,7.774234e-04,9.166957e-04
7000,layers.2.residual_lut.weights,7.401178e+01,2.257019e+00,3.049540e-02
7000,layers.2.residual_lut.log_soft_score_temp,5.798728e-01,9.011626e-04,1.554069e-03
7000,layers.2.residual_lut.log_select_temp,7.777151e-01,1.820147e-03,2.340378e-03
7000,layers.2.q_norm.weight,8.301535e+00,4.100720e-03,4.939713e-04
7000,layers.2.q_norm.bias,2.705349e-01,3.026718e-03,1.118790e-02
7000,layers.2.k_norm.weight,8.285044e+00,4.017899e-03,4.849581e-04
7000,layers.2.k_norm.bias,4.182831e-01,3.750424e-03,8.966233e-03
7000,layers.2.ln_e.weight,6.882258e+00,2.506852e-03,3.642485e-04
7000,layers.2.ln_e.bias,4.074459e-02,1.833808e-03,4.500741e-02
7000,layers.3.qkv_lut.weights,4.842166e+01,1.766792e+00,3.648765e-02
7000,layers.3.qkv_lut.log_soft_score_temp,4.609938e-01,1.489162e-03,3.230331e-03
7000,layers.3.qkv_lut.log_select_temp,5.842985e-01,6.630421e-04,1.134766e-03
7000,layers.3.v_lut.weights,4.245976e+01,1.535212e+00,3.615686e-02
7000,layers.3.v_lut.log_soft_score_temp,7.752967e-01,5.556345e-04,7.166733e-04
7000,layers.3.v_lut.log_select_temp,7.979591e-01,1.676679e-04,2.101209e-04
7000,layers.3.out_proj.weights,4.740631e+01,2.015198e+00,4.250908e-02
7000,layers.3.out_proj.log_soft_score_temp,5.229505e-01,3.277898e-03,6.268084e-03
7000,layers.3.out_proj.log_select_temp,6.257952e-01,1.640141e-03,2.620891e-03
7000,layers.3.residual_lut.weights,3.867976e+01,1.799576e+00,4.652499e-02
7000,layers.3.residual_lut.log_soft_score_temp,6.157485e-01,3.665686e-05,5.953219e-05
7000,layers.3.residual_lut.log_select_temp,6.708207e-01,1.066208e-03,1.589408e-03
7000,layers.3.q_norm.weight,8.039961e+00,4.101449e-03,5.101330e-04
7000,layers.3.q_norm.bias,1.825884e-01,2.674879e-03,1.464978e-02
7000,layers.3.k_norm.weight,8.040477e+00,4.311680e-03,5.362468e-04
7000,layers.3.k_norm.bias,2.810917e-01,3.968273e-03,1.411736e-02
7000,layers.3.ln_e.weight,6.883733e+00,1.933866e-03,2.809328e-04
7000,layers.3.ln_e.bias,5.870840e-02,1.804223e-03,3.073194e-02
7000,layers.4.qkv_lut.weights,2.364809e+01,1.292836e+00,5.466978e-02
7000,layers.4.qkv_lut.log_soft_score_temp,7.450194e-01,4.984736e-04,6.690747e-04
7000,layers.4.qkv_lut.log_select_temp,7.522376e-01,5.989075e-04,7.961680e-04
7000,layers.4.v_lut.weights,1.716686e+01,9.177096e-01,5.345822e-02
7000,layers.4.v_lut.log_soft_score_temp,7.551564e-01,5.812645e-04,7.697273e-04
7000,layers.4.v_lut.log_select_temp,7.503797e-01,7.246137e-04,9.656626e-04
7000,layers.4.out_proj.weights,1.595927e+01,8.577722e-01,5.374758e-02
7000,layers.4.out_proj.log_soft_score_temp,7.240015e-01,1.699924e-04,2.347957e-04
7000,layers.4.out_proj.log_select_temp,7.384931e-01,3.018975e-04,4.088021e-04
7000,layers.4.residual_lut.weights,1.049048e+01,7.820130e-01,7.454501e-02
7000,layers.4.residual_lut.log_soft_score_temp,6.773195e-01,8.539557e-04,1.260787e-03
7000,layers.4.residual_lut.log_select_temp,6.849926e-01,7.908344e-04,1.154515e-03
7000,layers.4.q_norm.weight,8.094008e+00,4.024551e-03,4.972259e-04
7000,layers.4.q_norm.bias,1.105525e-01,4.610209e-03,4.170155e-02
7000,layers.4.k_norm.weight,8.094314e+00,4.107716e-03,5.074817e-04
7000,layers.4.k_norm.bias,1.198973e-01,3.917081e-03,3.267029e-02
7000,layers.4.ln_e.weight,6.838975e+00,2.526434e-03,3.694170e-04
7000,layers.4.ln_e.bias,1.102547e-01,1.779390e-03,1.613890e-02
7000,layers.5.qkv_lut.weights,5.264761e+00,3.771032e-02,7.162778e-03
7000,layers.5.qkv_lut.log_soft_score_temp,8.237791e-01,9.280443e-05,1.126569e-04
7000,layers.5.qkv_lut.log_select_temp,8.390898e-01,9.083748e-05,1.082572e-04
7000,layers.5.v_lut.weights,7.035740e+00,4.300353e-02,6.112155e-03
7000,layers.5.v_lut.log_soft_score_temp,8.514705e-01,1.662374e-04,1.952356e-04
7000,layers.5.v_lut.log_select_temp,8.694476e-01,1.828074e-04,2.102570e-04
7000,layers.5.out_proj.weights,7.629397e+00,9.198662e-02,1.205687e-02
7000,layers.5.out_proj.log_soft_score_temp,8.735435e-01,1.771450e-04,2.027890e-04
7000,layers.5.out_proj.log_select_temp,8.955319e-01,2.029538e-04,2.266294e-04
7000,layers.5.residual_lut.weights,3.789451e+00,1.199850e-01,3.166291e-02
7000,layers.5.residual_lut.log_soft_score_temp,6.472625e-01,6.663799e-05,1.029536e-04
7000,layers.5.residual_lut.log_select_temp,6.396951e-01,1.019835e-04,1.594252e-04
7000,layers.5.q_norm.weight,7.991772e+00,2.977099e-04,3.725205e-05
7000,layers.5.q_norm.bias,1.501281e-02,2.124028e-04,1.414811e-02
7000,layers.5.k_norm.weight,7.992550e+00,2.980717e-04,3.729369e-05
7000,layers.5.k_norm.bias,1.318410e-02,2.182789e-04,1.655623e-02
7000,layers.5.ln_e.weight,6.800159e+00,1.117026e-03,1.642647e-04
7000,layers.5.ln_e.bias,8.790749e-02,1.038825e-03,1.181726e-02
7000,ln_final.weight,3.284583e+01,1.199265e-01,3.651193e-03
7000,ln_final.bias,1.030740e+00,1.175742e-02,1.140677e-02
7200,tok_emb_E.weight,7.500243e+01,4.994014e-01,6.658470e-03
7200,unembedder.weight,2.362524e+02,3.109895e+00,1.316344e-02
7200,layers.0.qkv_lut.weights,5.129165e+01,1.587347e+00,3.094748e-02
7200,layers.0.qkv_lut.log_soft_score_temp,1.362794e+00,2.470255e-03,1.812640e-03
7200,layers.0.qkv_lut.log_select_temp,1.354324e+00,2.381682e-03,1.758576e-03
7200,layers.0.v_lut.weights,5.065019e+01,1.533760e+00,3.028142e-02
7200,layers.0.v_lut.log_soft_score_temp,1.646857e+00,3.091931e-03,1.877474e-03
7200,layers.0.v_lut.log_select_temp,1.645154e+00,3.071547e-03,1.867026e-03
7200,layers.0.out_proj.weights,7.040621e+01,2.161685e+00,3.070305e-02
7200,layers.0.out_proj.log_soft_score_temp,8.805339e-01,3.199875e-03,3.634017e-03
7200,layers.0.out_proj.log_select_temp,1.113813e+00,4.021883e-03,3.610915e-03
7200,layers.0.residual_lut.weights,8.117464e+01,2.027559e+00,2.497774e-02
7200,layers.0.residual_lut.log_soft_score_temp,7.921278e-01,2.039671e-03,2.574926e-03
7200,layers.0.residual_lut.log_select_temp,1.074295e+00,3.605604e-03,3.356252e-03
7200,layers.0.q_norm.weight,9.186751e+00,6.130543e-03,6.673244e-04
7200,layers.0.q_norm.bias,9.556008e-01,4.111779e-03,4.302821e-03
7200,layers.0.k_norm.weight,9.109507e+00,5.721870e-03,6.281208e-04
7200,layers.0.k_norm.bias,1.104338e+00,4.269756e-03,3.866349e-03
7200,layers.0.ln_e.weight,6.953370e+00,2.648975e-03,3.809628e-04
7200,layers.0.ln_e.bias,7.644587e-02,1.679777e-03,2.197342e-02
7200,layers.1.qkv_lut.weights,5.166936e+01,1.622682e+00,3.140511e-02
7200,layers.1.qkv_lut.log_soft_score_temp,2.632481e-01,1.221776e-03,4.641159e-03
7200,layers.1.qkv_lut.log_select_temp,5.552674e-01,2.406836e-03,4.334552e-03
7200,layers.1.v_lut.weights,5.117036e+01,1.563578e+00,3.055631e-02
7200,layers.1.v_lut.log_soft_score_temp,4.053401e-01,1.085520e-03,2.678047e-03
7200,layers.1.v_lut.log_select_temp,7.510263e-01,2.369761e-03,3.155364e-03
7200,layers.1.out_proj.weights,7.115882e+01,2.212668e+00,3.109479e-02
7200,layers.1.out_proj.log_soft_score_temp,5.323292e-01,8.705258e-04,1.635315e-03
7200,layers.1.out_proj.log_select_temp,8.782563e-01,2.274454e-03,2.589738e-03
7200,layers.1.residual_lut.weights,7.326288e+01,1.951389e+00,2.663544e-02
7200,layers.1.residual_lut.log_soft_score_temp,3.233374e-01,3.535777e-03,1.093526e-02
7200,layers.1.residual_lut.log_select_temp,7.523106e-01,9.089708e-05,1.208239e-04
7200,layers.1.q_norm.weight,8.589164e+00,5.120805e-03,5.961936e-04
7200,layers.1.q_norm.bias,4.509559e-01,2.782916e-03,6.171149e-03
7200,layers.1.k_norm.weight,8.546770e+00,4.822445e-03,5.642418e-04
7200,layers.1.k_norm.bias,8.468209e-01,4.166991e-03,4.920746e-03
7200,layers.1.ln_e.weight,6.769869e+00,3.287018e-03,4.855364e-04
7200,layers.1.ln_e.bias,6.927162e-02,1.551767e-03,2.240120e-02
7200,layers.2.qkv_lut.weights,5.125225e+01,1.592888e+00,3.107938e-02
7200,layers.2.qkv_lut.log_soft_score_temp,1.420451e-01,1.193568e-03,8.402740e-03
7200,layers.2.qkv_lut.log_select_temp,5.059428e-01,1.225829e-03,2.422861e-03
7200,layers.2.v_lut.weights,5.053827e+01,1.466772e+00,2.902299e-02
7200,layers.2.v_lut.log_soft_score_temp,5.055533e-01,3.472805e-03,6.869315e-03
7200,layers.2.v_lut.log_select_temp,7.709770e-01,1.383066e-03,1.793914e-03
7200,layers.2.out_proj.weights,6.995681e+01,2.164960e+00,3.094710e-02
7200,layers.2.out_proj.log_soft_score_temp,6.410616e-01,6.800890e-04,1.060879e-03
7200,layers.2.out_proj.log_select_temp,8.496920e-01,1.620591e-03,1.907268e-03
7200,layers.2.residual_lut.weights,7.412173e+01,2.031135e+00,2.740270e-02
7200,layers.2.residual_lut.log_soft_score_temp,5.794916e-01,3.812313e-04,6.578720e-04
7200,layers.2.residual_lut.log_select_temp,7.799364e-01,2.221227e-03,2.847959e-03
7200,layers.2.q_norm.weight,8.305034e+00,5.118935e-03,6.163654e-04
7200,layers.2.q_norm.bias,2.710834e-01,2.677565e-03,9.877272e-03
7200,layers.2.k_norm.weight,8.288475e+00,5.064093e-03,6.109801e-04
7200,layers.2.k_norm.bias,4.186618e-01,2.909835e-03,6.950324e-03
7200,layers.2.ln_e.weight,6.882087e+00,2.760707e-03,4.011439e-04
7200,layers.2.ln_e.bias,4.099061e-02,1.346238e-03,3.284259e-02
7200,layers.3.qkv_lut.weights,4.847163e+01,1.569268e+00,3.237499e-02
7200,layers.3.qkv_lut.log_soft_score_temp,4.600176e-01,9.762645e-04,2.122233e-03
7200,layers.3.qkv_lut.log_select_temp,5.841625e-01,1.360178e-04,2.328424e-04
7200,layers.3.v_lut.weights,4.251683e+01,1.366803e+00,3.214734e-02
7200,layers.3.v_lut.log_soft_score_temp,7.745191e-01,7.776022e-04,1.003981e-03
7200,layers.3.v_lut.log_select_temp,7.975883e-01,3.707409e-04,4.648274e-04
7200,layers.3.out_proj.weights,4.747949e+01,1.798713e+00,3.788400e-02
7200,layers.3.out_proj.log_soft_score_temp,5.210835e-01,1.867056e-03,3.583026e-03
7200,layers.3.out_proj.log_select_temp,6.252437e-01,5.515218e-04,8.820909e-04
7200,layers.3.residual_lut.weights,3.874004e+01,1.608567e+00,4.152209e-02
7200,layers.3.residual_lut.log_soft_score_temp,6.152991e-01,4.494190e-04,7.304074e-04
7200,layers.3.residual_lut.log_select_temp,6.713603e-01,5.396605e-04,8.038313e-04
7200,layers.3.q_norm.weight,8.040183e+00,3.193357e-03,3.971746e-04
7200,layers.3.q_norm.bias,1.826277e-01,3.044809e-03,1.667221e-02
7200,layers.3.k_norm.weight,8.040563e+00,3.364402e-03,4.184287e-04
7200,layers.3.k_norm.bias,2.812340e-01,3.900302e-03,1.386853e-02
7200,layers.3.ln_e.weight,6.883648e+00,2.301125e-03,3.342886e-04
7200,layers.3.ln_e.bias,5.837562e-02,1.587679e-03,2.719763e-02
7200,layers.4.qkv_lut.weights,2.369912e+01,1.165299e+00,4.917056e-02
7200,layers.4.qkv_lut.log_soft_score_temp,7.449372e-01,8.225441e-05,1.104179e-04
7200,layers.4.qkv_lut.log_select_temp,7.522082e-01,2.932549e-05,3.898586e-05
7200,layers.4.v_lut.weights,1.721184e+01,8.372297e-01,4.864265e-02
7200,layers.4.v_lut.log_soft_score_temp,7.557025e-01,5.460978e-04,7.226359e-04
7200,layers.4.v_lut.log_select_temp,7.510529e-01,6.731749e-04,8.963082e-04
7200,layers.4.out_proj.weights,1.599982e+01,7.901706e-01,4.938623e-02
7200,layers.4.out_proj.log_soft_score_temp,7.243251e-01,3.235340e-04,4.466696e-04
7200,layers.4.out_proj.log_select_temp,7.388469e-01,3.537536e-04,4.787914e-04
7200,layers.4.residual_lut.weights,1.051395e+01,6.942404e-01,6.603040e-02
7200,layers.4.residual_lut.log_soft_score_temp,6.777076e-01,3.880858e-04,5.726450e-04
7200,layers.4.residual_lut.log_select_temp,6.856025e-01,6.098747e-04,8.895457e-04
7200,layers.4.q_norm.weight,8.095474e+00,3.530225e-03,4.360739e-04
7200,layers.4.q_norm.bias,1.110534e-01,4.472069e-03,4.026953e-02
7200,layers.4.k_norm.weight,8.095627e+00,3.663395e-03,4.525153e-04
7200,layers.4.k_norm.bias,1.213533e-01,4.482125e-03,3.693453e-02
7200,layers.4.ln_e.weight,6.839193e+00,1.813223e-03,2.651224e-04
7200,layers.4.ln_e.bias,1.100791e-01,1.526366e-03,1.386608e-02
7200,layers.5.qkv_lut.weights,5.265251e+00,3.547809e-02,6.738158e-03
7200,layers.5.qkv_lut.log_soft_score_temp,8.238220e-01,4.285574e-05,5.202063e-05
7200,layers.5.qkv_lut.log_select_temp,8.391161e-01,2.634525e-05,3.139643e-05
7200,layers.5.v_lut.weights,7.036690e+00,4.416355e-02,6.276182e-03
7200,layers.5.v_lut.log_soft_score_temp,8.516951e-01,2.245307e-04,2.636280e-04
7200,layers.5.v_lut.log_select_temp,8.696826e-01,2.349019e-04,2.701007e-04
7200,layers.5.out_proj.weights,7.634849e+00,8.008851e-02,1.048986e-02
7200,layers.5.out_proj.log_soft_score_temp,8.737953e-01,2.517700e-04,2.881339e-04
7200,layers.5.out_proj.log_select_temp,8.958123e-01,2.803802e-04,3.129900e-04
7200,layers.5.residual_lut.weights,3.791342e+00,1.119613e-01,2.953079e-02
7200,layers.5.residual_lut.log_soft_score_temp,6.470479e-01,2.145767e-04,3.316241e-04
7200,layers.5.residual_lut.log_select_temp,6.394942e-01,2.009273e-04,3.141972e-04
7200,layers.5.q_norm.weight,7.991828e+00,2.267471e-04,2.837236e-05
7200,layers.5.q_norm.bias,1.504827e-02,1.547387e-04,1.028283e-02
7200,layers.5.k_norm.weight,7.992606e+00,2.321212e-04,2.904199e-05
7200,layers.5.k_norm.bias,1.322687e-02,1.777560e-04,1.343900e-02
7200,layers.5.ln_e.weight,6.799825e+00,9.821445e-04,1.444367e-04
7200,layers.5.ln_e.bias,8.781098e-02,9.049362e-04,1.030550e-02
7200,ln_final.weight,3.295421e+01,1.086944e-01,3.298346e-03
7200,ln_final.bias,1.034425e+00,1.144064e-02,1.105990e-02
7400,tok_emb_E.weight,7.500626e+01,4.499392e-01,5.998688e-03
7400,unembedder.weight,2.364586e+02,2.756094e+00,1.165572e-02
7400,layers.0.qkv_lut.weights,5.131915e+01,1.429727e+00,2.785952e-02
7400,layers.0.qkv_lut.log_soft_score_temp,1.364111e+00,1.317739e-03,9.660058e-04
7400,layers.0.qkv_lut.log_select_temp,1.355615e+00,1.290917e-03,9.522741e-04
7400,layers.0.v_lut.weights,5.067782e+01,1.385350e+00,2.733641e-02
7400,layers.0.v_lut.log_soft_score_temp,1.649159e+00,2.301455e-03,1.395533e-03
7400,layers.0.v_lut.log_select_temp,1.647398e+00,2.243638e-03,1.361928e-03
7400,layers.0.out_proj.weights,7.045945e+01,1.961534e+00,2.783919e-02
7400,layers.0.out_proj.log_soft_score_temp,8.842286e-01,3.694654e-03,4.178392e-03
7400,layers.0.out_proj.log_select_temp,1.118140e+00,4.327655e-03,3.870404e-03
7400,layers.0.residual_lut.weights,8.123872e+01,1.836803e+00,2.260994e-02
7400,layers.0.residual_lut.log_soft_score_temp,7.942409e-01,2.113044e-03,2.660458e-03
7400,layers.0.residual_lut.log_select_temp,1.077517e+00,3.222227e-03,2.990419e-03
7400,layers.0.q_norm.weight,9.191383e+00,5.532722e-03,6.019467e-04
7400,layers.0.q_norm.bias,9.570432e-01,2.730877e-03,2.853452e-03
7400,layers.0.k_norm.weight,9.113595e+00,5.070914e-03,5.564120e-04
7400,layers.0.k_norm.bias,1.106479e+00,4.045895e-03,3.656548e-03
7400,layers.0.ln_e.weight,6.953863e+00,2.679955e-03,3.853908e-04
7400,layers.0.ln_e.bias,7.648572e-02,1.308611e-03,1.710922e-02
7400,layers.1.qkv_lut.weights,5.170134e+01,1.474448e+00,2.851856e-02
7400,layers.1.qkv_lut.log_soft_score_temp,2.638185e-01,5.704761e-04,2.162381e-03
7400,layers.1.qkv_lut.log_select_temp,5.568352e-01,1.567841e-03,2.815627e-03
7400,layers.1.v_lut.weights,5.120944e+01,1.416028e+00,2.765169e-02
7400,layers.1.v_lut.log_soft_score_temp,4.058708e-01,5.306900e-04,1.307534e-03
7400,layers.1.v_lut.log_select_temp,7.527339e-01,1.707613e-03,2.268549e-03
7400,layers.1.out_proj.weights,7.121004e+01,2.000022e+00,2.808624e-02
7400,layers.1.out_proj.log_soft_score_temp,5.314410e-01,8.882284e-04,1.671359e-03
7400,layers.1.out_proj.log_select_temp,8.802090e-01,1.952708e-03,2.218459e-03
7400,layers.1.residual_lut.weights,7.330885e+01,1.771403e+00,2.416356e-02
7400,layers.1.residual_lut.log_soft_score_temp,3.209709e-01,2.366543e-03,7.373076e-03
7400,layers.1.residual_lut.log_select_temp,7.532374e-01,9.267926e-04,1.230412e-03
7400,layers.1.q_norm.weight,8.592180e+00,4.211674e-03,4.901753e-04
7400,layers.1.q_norm.bias,4.519607e-01,3.127909e-03,6.920755e-03
7400,layers.1.k_norm.weight,8.549537e+00,3.912692e-03,4.576496e-04
7400,layers.1.k_norm.bias,8.488669e-01,4.378143e-03,5.157632e-03
7400,layers.1.ln_e.weight,6.768981e+00,2.987453e-03,4.413446e-04
7400,layers.1.ln_e.bias,6.976501e-02,1.590197e-03,2.279362e-02
7400,layers.2.qkv_lut.weights,5.128680e+01,1.445306e+00,2.818085e-02
7400,layers.2.qkv_lut.log_soft_score_temp,1.400693e-01,1.975790e-03,1.410580e-02
7400,layers.2.qkv_lut.log_select_temp,5.062631e-01,3.203154e-04,6.327053e-04
7400,layers.2.v_lut.weights,5.058350e+01,1.326683e+00,2.622758e-02
7400,layers.2.v_lut.log_soft_score_temp,5.029851e-01,2.568245e-03,5.106006e-03
7400,layers.2.v_lut.log_select_temp,7.700720e-01,9.049773e-04,1.175185e-03
7400,layers.2.out_proj.weights,7.002534e+01,1.950245e+00,2.785057e-02
7400,layers.2.out_proj.log_soft_score_temp,6.401055e-01,9.561181e-04,1.493688e-03
7400,layers.2.out_proj.log_select_temp,8.508227e-01,1.130760e-03,1.329019e-03
7400,layers.2.residual_lut.weights,7.421447e+01,1.818604e+00,2.450472e-02
7400,layers.2.residual_lut.log_soft_score_temp,5.789113e-01,5.803108e-04,1.002417e-03
7400,layers.2.residual_lut.log_select_temp,7.817428e-01,1.806438e-03,2.310783e-03
7400,layers.2.q_norm.weight,8.308368e+00,4.312908e-03,5.191041e-04
7400,layers.2.q_norm.bias,2.720260e-01,2.949906e-03,1.084420e-02
7400,layers.2.k_norm.weight,8.291638e+00,4.416833e-03,5.326852e-04
7400,layers.2.k_norm.bias,4.199587e-01,3.344067e-03,7.962847e-03
7400,layers.2.ln_e.weight,6.881783e+00,2.299716e-03,3.341745e-04
7400,layers.2.ln_e.bias,4.114373e-02,1.182740e-03,2.874654e-02
7400,layers.3.qkv_lut.weights,4.850819e+01,1.418402e+00,2.924046e-02
7400,layers.3.qkv_lut.log_soft_score_temp,4.589590e-01,1.058578e-03,2.306477e-03
7400,layers.3.qkv_lut.log_select_temp,5.839681e-01,1.943707e-04,3.328448e-04
7400,layers.3.v_lut.weights,4.256647e+01,1.251739e+00,2.940669e-02
7400,layers.3.v_lut.log_soft_score_temp,7.745300e-01,1.084805e-05,1.400597e-05
7400,layers.3.v_lut.log_select_temp,7.979566e-01,3.682971e-04,4.615503e-04
7400,layers.3.out_proj.weights,4.754145e+01,1.623234e+00,3.414354e-02
7400,layers.3.out_proj.log_soft_score_temp,5.197584e-01,1.325071e-03,2.549398e-03
7400,layers.3.out_proj.log_select_temp,6.251875e-01,5.620718e-05,8.990451e-05
7400,layers.3.residual_lut.weights,3.879536e+01,1.450732e+00,3.739446e-02
7400,layers.3.residual_lut.log_soft_score_temp,6.150183e-01,2.807975e-04,4.565677e-04
7400,layers.3.residual_lut.log_select_temp,6.720288e-01,6.684661e-04,9.946986e-04
7400,layers.3.q_norm.weight,8.042498e+00,4.100569e-03,5.098626e-04
7400,layers.3.q_norm.bias,1.827231e-01,2.606307e-03,1.426369e-02
7400,layers.3.k_norm.weight,8.042827e+00,3.621485e-03,4.502751e-04
7400,layers.3.k_norm.bias,2.815942e-01,3.457269e-03,1.227749e-02
7400,layers.3.ln_e.weight,6.883497e+00,2.049826e-03,2.977884e-04
7400,layers.3.ln_e.bias,5.828442e-02,1.469665e-03,2.521540e-02
7400,layers.4.qkv_lut.weights,2.373254e+01,1.041486e+00,4.388430e-02
7400,layers.4.qkv_lut.log_soft_score_temp,7.445992e-01,3.380179e-04,4.539596e-04
7400,layers.4.qkv_lut.log_select_temp,7.520719e-01,1.363158e-04,1.812537e-04
7400,layers.4.v_lut.weights,1.725581e+01,7.439806e-01,4.311479e-02
7400,layers.4.v_lut.log_soft_score_temp,7.560505e-01,3.480315e-04,4.603284e-04
7400,layers.4.v_lut.log_select_temp,7.515341e-01,4.811883e-04,6.402747e-04
7400,layers.4.out_proj.weights,1.602790e+01,6.983218e-01,4.356913e-02
7400,layers.4.out_proj.log_soft_score_temp,7.252709e-01,9.458661e-04,1.304156e-03
7400,layers.4.out_proj.log_select_temp,7.396117e-01,7.647872e-04,1.034039e-03
7400,layers.4.residual_lut.weights,1.054224e+01,6.215528e-01,5.895832e-02
7400,layers.4.residual_lut.log_soft_score_temp,6.779413e-01,2.336502e-04,3.446467e-04
7400,layers.4.residual_lut.log_select_temp,6.857456e-01,1.431108e-04,2.086937e-04
7400,layers.4.q_norm.weight,8.097116e+00,3.944414e-03,4.871382e-04
7400,layers.4.q_norm.bias,1.116232e-01,2.684288e-03,2.404776e-02
7400,layers.4.k_norm.weight,8.097373e+00,3.697114e-03,4.565819e-04
7400,layers.4.k_norm.bias,1.214459e-01,3.924888e-03,3.231799e-02
7400,layers.4.ln_e.weight,6.839499e+00,1.862850e-03,2.723665e-04
7400,layers.4.ln_e.bias,1.097128e-01,1.616464e-03,1.473359e-02
7400,layers.5.qkv_lut.weights,5.266361e+00,3.465414e-02,6.580281e-03
7400,layers.5.qkv_lut.log_soft_score_temp,8.237897e-01,3.230572e-05,3.921598e-05
7400,layers.5.qkv_lut.log_select_temp,8.390856e-01,3.051758e-05,3.637004e-05
7400,layers.5.v_lut.weights,7.037889e+00,3.963295e-02,5.631369e-03
7400,layers.5.v_lut.log_soft_score_temp,8.515626e-01,1.324415e-04,1.555276e-04
7400,layers.5.v_lut.log_select_temp,8.695217e-01,1.608133e-04,1.849446e-04
7400,layers.5.out_proj.weights,7.622527e+00,8.859041e-02,1.162218e-02
7400,layers.5.out_proj.log_soft_score_temp,8.738329e-01,3.761053e-05,4.304087e-05
7400,layers.5.out_proj.log_select_temp,8.958545e-01,4.220009e-05,4.710596e-05
7400,layers.5.residual_lut.weights,3.791098e+00,1.016515e-01,2.681322e-02
7400,layers.5.residual_lut.log_soft_score_temp,6.472816e-01,2.336502e-04,3.609715e-04
7400,layers.5.residual_lut.log_select_temp,6.396341e-01,1.398921e-04,2.187065e-04
7400,layers.5.q_norm.weight,7.991832e+00,3.288782e-04,4.115179e-05
7400,layers.5.q_norm.bias,1.509900e-02,1.405339e-04,9.307499e-03
7400,layers.5.k_norm.weight,7.992609e+00,3.143526e-04,3.933041e-05
7400,layers.5.k_norm.bias,1.317990e-02,2.246128e-04,1.704207e-02
7400,layers.5.ln_e.weight,6.799961e+00,9.583552e-04,1.409354e-04
7400,layers.5.ln_e.bias,8.785570e-02,1.022736e-03,1.164109e-02
7400,ln_final.weight,3.305150e+01,9.759572e-02,2.952838e-03
7400,ln_final.bias,1.037482e+00,9.647818e-03,9.299262e-03
7600,tok_emb_E.weight,7.500993e+01,4.123096e-01,5.496734e-03
7600,unembedder.weight,2.366588e+02,2.555850e+00,1.079972e-02
7600,layers.0.qkv_lut.weights,5.134171e+01,1.302327e+00,2.536587e-02
7600,layers.0.qkv_lut.log_soft_score_temp,1.365406e+00,1.294732e-03,9.482395e-04
7600,layers.0.qkv_lut.log_select_temp,1.356833e+00,1.218081e-03,8.977377e-04
7600,layers.0.v_lut.weights,5.070231e+01,1.274850e+00,2.514382e-02
7600,layers.0.v_lut.log_soft_score_temp,1.651318e+00,2.159238e-03,1.307585e-03
7600,layers.0.v_lut.log_select_temp,1.649516e+00,2.118111e-03,1.284080e-03
7600,layers.0.out_proj.weights,7.050458e+01,1.800698e+00,2.554016e-02
7600,layers.0.out_proj.log_soft_score_temp,8.881429e-01,3.914297e-03,4.407283e-03
7600,layers.0.out_proj.log_select_temp,1.122479e+00,4.338145e-03,3.864791e-03
7600,layers.0.residual_lut.weights,8.129623e+01,1.696468e+00,2.086773e-02
7600,layers.0.residual_lut.log_soft_score_temp,7.964297e-01,2.188802e-03,2.748267e-03
7600,layers.0.residual_lut.log_select_temp,1.080691e+00,3.174067e-03,2.937071e-03
7600,layers.0.q_norm.weight,9.195718e+00,5.037211e-03,5.477779e-04
7600,layers.0.q_norm.bias,9.595333e-01,3.611950e-03,3.764278e-03
7600,layers.0.k_norm.weight,9.117642e+00,4.850691e-03,5.320116e-04
7600,layers.0.k_norm.bias,1.108941e+00,3.771692e-03,3.401165e-03
7600,layers.0.ln_e.weight,6.954372e+00,2.662813e-03,3.828977e-04
7600,layers.0.ln_e.bias,7.727083e-02,1.483952e-03,1.920456e-02
7600,layers.1.qkv_lut.weights,5.172813e+01,1.334371e+00,2.579585e-02
7600,layers.1.qkv_lut.log_soft_score_temp,2.648281e-01,1.009613e-03,3.812334e-03
7600,layers.1.qkv_lut.log_select_temp,5.588819e-01,2.046645e-03,3.662034e-03
7600,layers.1.v_lut.weights,5.124230e+01,1.289937e+00,2.517329e-02
7600,layers.1.v_lut.log_soft_score_temp,4.070056e-01,1.134813e-03,2.788199e-03
7600,layers.1.v_lut.log_select_temp,7.551191e-01,2.385199e-03,3.158706e-03
7600,layers.1.out_proj.weights,7.125217e+01,1.836697e+00,2.577741e-02
7600,layers.1.out_proj.log_soft_score_temp,5.304644e-01,9.765625e-04,1.840958e-03
7600,layers.1.out_proj.log_select_temp,8.818894e-01,1.680434e-03,1.905493e-03
7600,layers.1.residual_lut.weights,7.334298e+01,1.619222e+00,2.207740e-02
7600,layers.1.residual_lut.log_soft_score_temp,3.184026e-01,2.568305e-03,8.066218e-03
7600,layers.1.residual_lut.log_select_temp,7.538034e-01,5.660653e-04,7.509455e-04
7600,layers.1.q_norm.weight,8.594989e+00,3.805529e-03,4.427614e-04
7600,layers.1.q_norm.bias,4.528241e-01,2.077075e-03,4.586936e-03
7600,layers.1.k_norm.weight,8.552358e+00,4.060605e-03,4.747936e-04
7600,layers.1.k_norm.bias,8.510876e-01,3.823290e-03,4.492241e-03
7600,layers.1.ln_e.weight,6.768065e+00,2.297933e-03,3.395259e-04
7600,layers.1.ln_e.bias,7.022210e-02,1.629729e-03,2.320820e-02
7600,layers.2.qkv_lut.weights,5.131198e+01,1.329830e+00,2.591655e-02
7600,layers.2.qkv_lut.log_soft_score_temp,1.392718e-01,7.974952e-04,5.726178e-03
7600,layers.2.qkv_lut.log_select_temp,5.076501e-01,1.386940e-03,2.732080e-03
7600,layers.2.v_lut.weights,5.062327e+01,1.219777e+00,2.409519e-02
7600,layers.2.v_lut.log_soft_score_temp,5.003343e-01,2.650797e-03,5.298053e-03
7600,layers.2.v_lut.log_select_temp,7.690557e-01,1.016378e-03,1.321593e-03
7600,layers.2.out_proj.weights,7.008339e+01,1.794182e+00,2.560067e-02
7600,layers.2.out_proj.log_soft_score_temp,6.401979e-01,9.244680e-05,1.444035e-04
7600,layers.2.out_proj.log_select_temp,8.527431e-01,1.920402e-03,2.252029e-03
7600,layers.2.residual_lut.weights,7.429305e+01,1.682450e+00,2.264613e-02
7600,layers.2.residual_lut.log_soft_score_temp,5.782588e-01,6.525517e-04,1.128477e-03
7600,layers.2.residual_lut.log_select_temp,7.833659e-01,1.623094e-03,2.071949e-03
7600,layers.2.q_norm.weight,8.311076e+00,5.192489e-03,6.247673e-04
7600,layers.2.q_norm.bias,2.724936e-01,2.595125e-03,9.523619e-03
7600,layers.2.k_norm.weight,8.294192e+00,5.154683e-03,6.214810e-04
7600,layers.2.k_norm.bias,4.207504e-01,2.797198e-03,6.648117e-03
7600,layers.2.ln_e.weight,6.881577e+00,2.097671e-03,3.048241e-04
7600,layers.2.ln_e.bias,4.133990e-02,9.651072e-04,2.334566e-02
7600,layers.3.qkv_lut.weights,4.854153e+01,1.302424e+00,2.683112e-02
7600,layers.3.qkv_lut.log_soft_score_temp,4.582288e-01,7.301867e-04,1.593498e-03
7600,layers.3.qkv_lut.log_select_temp,5.839185e-01,4.959106e-05,8.492806e-05
7600,layers.3.v_lut.weights,4.260938e+01,1.144798e+00,2.686727e-02
7600,layers.3.v_lut.log_soft_score_temp,7.742199e-01,3.101230e-04,4.005619e-04
7600,layers.3.v_lut.log_select_temp,7.979394e-01,1.728535e-05,2.166248e-05
7600,layers.3.out_proj.weights,4.759521e+01,1.492944e+00,3.136753e-02
7600,layers.3.out_proj.log_soft_score_temp,5.187998e-01,9.586215e-04,1.847768e-03
7600,layers.3.out_proj.log_select_temp,6.252570e-01,6.949902e-05,1.111527e-04
7600,layers.3.residual_lut.weights,3.886278e+01,1.342052e+00,3.453310e-02
7600,layers.3.residual_lut.log_soft_score_temp,6.149344e-01,8.392334e-05,1.364753e-04
7600,layers.3.residual_lut.log_select_temp,6.728920e-01,8.631945e-04,1.282813e-03
7600,layers.3.q_norm.weight,8.044032e+00,3.195497e-03,3.972507e-04
7600,layers.3.q_norm.bias,1.834187e-01,2.162688e-03,1.179099e-02
7600,layers.3.k_norm.weight,8.044170e+00,3.637047e-03,4.521345e-04
7600,layers.3.k_norm.bias,2.825300e-01,3.169671e-03,1.121888e-02
7600,layers.3.ln_e.weight,6.883580e+00,2.299714e-03,3.340869e-04
7600,layers.3.ln_e.bias,5.784940e-02,1.714540e-03,2.963799e-02
7600,layers.4.qkv_lut.weights,2.376706e+01,9.639691e-01,4.055904e-02
7600,layers.4.qkv_lut.log_soft_score_temp,7.436901e-01,9.090304e-04,1.222324e-03
7600,layers.4.qkv_lut.log_select_temp,7.513633e-01,7.085800e-04,9.430591e-04
7600,layers.4.v_lut.weights,1.728968e+01,6.986700e-01,4.040966e-02
7600,layers.4.v_lut.log_soft_score_temp,7.561488e-01,9.822845e-05,1.299063e-04
7600,layers.4.v_lut.log_select_temp,7.516397e-01,1.056194e-04,1.405187e-04
7600,layers.4.out_proj.weights,1.605430e+01,6.558104e-01,4.084952e-02
7600,layers.4.out_proj.log_soft_score_temp,7.259862e-01,7.152557e-04,9.852195e-04
7600,layers.4.out_proj.log_select_temp,7.403306e-01,7.188916e-04,9.710414e-04
7600,layers.4.residual_lut.weights,1.056026e+01,6.001517e-01,5.683112e-02
7600,layers.4.residual_lut.log_soft_score_temp,6.779613e-01,2.002716e-05,2.954027e-05
7600,layers.4.residual_lut.log_select_temp,6.858182e-01,7.259846e-05,1.058567e-04
7600,layers.4.q_norm.weight,8.097391e+00,3.037732e-03,3.751495e-04
7600,layers.4.q_norm.bias,1.113423e-01,2.602183e-03,2.337102e-02
7600,layers.4.k_norm.weight,8.097687e+00,2.732225e-03,3.374081e-04
7600,layers.4.k_norm.bias,1.215655e-01,3.161747e-03,2.600859e-02
7600,layers.4.ln_e.weight,6.839699e+00,1.677949e-03,2.453250e-04
7600,layers.4.ln_e.bias,1.093841e-01,1.433178e-03,1.310225e-02
7600,layers.5.qkv_lut.weights,5.267481e+00,3.388247e-02,6.432386e-03
7600,layers.5.qkv_lut.log_soft_score_temp,8.239094e-01,1.197457e-04,1.453385e-04
7600,layers.5.qkv_lut.log_select_temp,8.392305e-01,1.449585e-04,1.727279e-04
7600,layers.5.v_lut.weights,7.039230e+00,3.595586e-02,5.107925e-03
7600,layers.5.v_lut.log_soft_score_temp,8.515278e-01,3.480911e-05,4.087842e-05
7600,layers.5.v_lut.log_select_temp,8.695199e-01,1.788139e-06,2.056467e-06
7600,layers.5.out_proj.weights,7.626485e+00,7.233604e-02,9.484846e-03
7600,layers.5.out_proj.log_soft_score_temp,8.739884e-01,1.555681e-04,1.779979e-04
7600,layers.5.out_proj.log_select_temp,8.960204e-01,1.659393e-04,1.851959e-04
7600,layers.5.residual_lut.weights,3.790417e+00,1.031185e-01,2.720506e-02
7600,layers.5.residual_lut.log_soft_score_temp,6.473031e-01,2.151728e-05,3.324142e-05
7600,layers.5.residual_lut.log_select_temp,6.396731e-01,3.898144e-05,6.093963e-05
7600,layers.5.q_norm.weight,7.991838e+00,2.824937e-04,3.534777e-05
7600,layers.5.q_norm.bias,1.505618e-02,2.101943e-04,1.396067e-02
7600,layers.5.k_norm.weight,7.992617e+00,2.378901e-04,2.976373e-05
7600,layers.5.k_norm.bias,1.319533e-02,2.376675e-04,1.801149e-02
7600,layers.5.ln_e.weight,6.799856e+00,8.838868e-04,1.299861e-04
7600,layers.5.ln_e.bias,8.793546e-02,7.971127e-04,9.064747e-03
7600,ln_final.weight,3.314172e+01,9.047756e-02,2.730020e-03
7600,ln_final.bias,1.040413e+00,9.488279e-03,9.119727e-03
7800,tok_emb_E.weight,7.501293e+01,3.881059e-01,5.173854e-03
7800,unembedder.weight,2.368378e+02,2.388434e+00,1.008468e-02
7800,layers.0.qkv_lut.weights,5.136387e+01,1.237013e+00,2.408333e-02
7800,layers.0.qkv_lut.log_soft_score_temp,1.366716e+00,1.309633e-03,9.582338e-04
7800,layers.0.qkv_lut.log_select_temp,1.358135e+00,1.301527e-03,9.583193e-04
7800,layers.0.v_lut.weights,5.072149e+01,1.198933e+00,2.363757e-02
7800,layers.0.v_lut.log_soft_score_temp,1.653286e+00,1.967788e-03,1.190229e-03
7800,layers.0.v_lut.log_select_temp,1.651426e+00,1.909494e-03,1.156270e-03
7800,layers.0.out_proj.weights,7.054304e+01,1.698254e+00,2.407401e-02
7800,layers.0.out_proj.log_soft_score_temp,8.910615e-01,2.918601e-03,3.275420e-03
7800,layers.0.out_proj.log_select_temp,1.125911e+00,3.432512e-03,3.048653e-03
7800,layers.0.residual_lut.weights,8.135069e+01,1.601971e+00,1.969217e-02
7800,layers.0.residual_lut.log_soft_score_temp,7.985361e-01,2.106369e-03,2.637788e-03
7800,layers.0.residual_lut.log_select_temp,1.083670e+00,2.978921e-03,2.748919e-03
7800,layers.0.q_norm.weight,9.200134e+00,5.085649e-03,5.527799e-04
7800,layers.0.q_norm.bias,9.612930e-01,3.056010e-03,3.179062e-03
7800,layers.0.k_norm.weight,9.121658e+00,4.701321e-03,5.154021e-04
7800,layers.0.k_norm.bias,1.111408e+00,3.267517e-03,2.939980e-03
7800,layers.0.ln_e.weight,6.954816e+00,2.346914e-03,3.374516e-04
7800,layers.0.ln_e.bias,7.788668e-02,1.444797e-03,1.854999e-02
7800,layers.1.qkv_lut.weights,5.175193e+01,1.256757e+00,2.428426e-02
7800,layers.1.qkv_lut.log_soft_score_temp,2.658252e-01,9.970367e-04,3.750723e-03
7800,layers.1.qkv_lut.log_select_temp,5.607924e-01,1.910567e-03,3.406906e-03
7800,layers.1.v_lut.weights,5.127388e+01,1.211220e+00,2.362256e-02
7800,layers.1.v_lut.log_soft_score_temp,4.078928e-01,8.871555e-04,2.174972e-03
7800,layers.1.v_lut.log_select_temp,7.571232e-01,2.004027e-03,2.646897e-03
7800,layers.1.out_proj.weights,7.129026e+01,1.719180e+00,2.411521e-02
7800,layers.1.out_proj.log_soft_score_temp,5.296167e-01,8.477569e-04,1.600699e-03
7800,layers.1.out_proj.log_select_temp,8.834673e-01,1.577854e-03,1.785979e-03
7800,layers.1.residual_lut.weights,7.337351e+01,1.533893e+00,2.090527e-02
7800,layers.1.residual_lut.log_soft_score_temp,3.160276e-01,2.375036e-03,7.515283e-03
7800,layers.1.residual_lut.log_select_temp,7.541563e-01,3.528595e-04,4.678864e-04
7800,layers.1.q_norm.weight,8.598473e+00,4.375209e-03,5.088356e-04
7800,layers.1.q_norm.bias,4.543229e-01,2.794411e-03,6.150715e-03
7800,layers.1.k_norm.weight,8.555706e+00,4.197440e-03,4.906013e-04
7800,layers.1.k_norm.bias,8.537388e-01,3.540464e-03,4.147010e-03
7800,layers.1.ln_e.weight,6.767165e+00,2.526715e-03,3.733787e-04
7800,layers.1.ln_e.bias,7.081223e-02,1.522041e-03,2.149403e-02
7800,layers.2.qkv_lut.weights,5.133945e+01,1.252808e+00,2.440244e-02
7800,layers.2.qkv_lut.log_soft_score_temp,1.377595e-01,1.512364e-03,1.097829e-02
7800,layers.2.qkv_lut.log_select_temp,5.080191e-01,3.690124e-04,7.263750e-04
7800,layers.2.v_lut.weights,5.065900e+01,1.138916e+00,2.248200e-02
7800,layers.2.v_lut.log_soft_score_temp,4.978520e-01,2.482235e-03,4.985890e-03
7800,layers.2.v_lut.log_select_temp,7.681318e-01,9.238720e-04,1.202752e-03
7800,layers.2.out_proj.weights,7.013454e+01,1.672969e+00,2.385371e-02
7800,layers.2.out_proj.log_soft_score_temp,6.408656e-01,6.676912e-04,1.041858e-03
7800,layers.2.out_proj.log_select_temp,8.550251e-01,2.281964e-03,2.668885e-03
7800,layers.2.residual_lut.weights,7.437686e+01,1.579549e+00,2.123710e-02
7800,layers.2.residual_lut.log_soft_score_temp,5.780060e-01,2.527833e-04,4.373368e-04
7800,layers.2.residual_lut.log_select_temp,7.851545e-01,1.788557e-03,2.277968e-03
7800,layers.2.q_norm.weight,8.315372e+00,5.080571e-03,6.109854e-04
7800,layers.2.q_norm.bias,2.740557e-01,2.755678e-03,1.005517e-02
7800,layers.2.k_norm.weight,8.298393e+00,4.896176e-03,5.900149e-04
7800,layers.2.k_norm.bias,4.225730e-01,2.790164e-03,6.602797e-03
7800,layers.2.ln_e.weight,6.881459e+00,1.550139e-03,2.252631e-04
7800,layers.2.ln_e.bias,4.156416e-02,1.169745e-03,2.814313e-02
7800,layers.3.qkv_lut.weights,4.856908e+01,1.224933e+00,2.522042e-02
7800,layers.3.qkv_lut.log_soft_score_temp,4.567978e-01,1.430959e-03,3.132586e-03
7800,layers.3.qkv_lut.log_select_temp,5.832866e-01,6.318688e-04,1.083290e-03
7800,layers.3.v_lut.weights,4.264722e+01,1.069513e+00,2.507814e-02
7800,layers.3.v_lut.log_soft_score_temp,7.738702e-01,3.497005e-04,4.518852e-04
7800,layers.3.v_lut.log_select_temp,7.979086e-01,3.075600e-05,3.854576e-05
7800,layers.3.out_proj.weights,4.763953e+01,1.404450e+00,2.948077e-02
7800,layers.3.out_proj.log_soft_score_temp,5.177586e-01,1.041174e-03,2.010925e-03
7800,layers.3.out_proj.log_select_temp,6.250625e-01,1.944900e-04,3.111528e-04
7800,layers.3.residual_lut.weights,3.891210e+01,1.264073e+00,3.248536e-02
7800,layers.3.residual_lut.log_soft_score_temp,6.151063e-01,1.719594e-04,2.795604e-04
7800,layers.3.residual_lut.log_select_temp,6.738865e-01,9.945035e-04,1.475773e-03
7800,layers.3.q_norm.weight,8.044674e+00,2.777550e-03,3.452657e-04
7800,layers.3.q_norm.bias,1.844269e-01,2.326950e-03,1.261719e-02
7800,layers.3.k_norm.weight,8.044827e+00,2.868402e-03,3.565524e-04
7800,layers.3.k_norm.bias,2.832485e-01,2.692944e-03,9.507357e-03
7800,layers.3.ln_e.weight,6.883601e+00,1.909265e-03,2.773643e-04
7800,layers.3.ln_e.bias,5.814323e-02,1.210722e-03,2.082309e-02
7800,layers.4.qkv_lut.weights,2.379524e+01,8.962508e-01,3.766513e-02
7800,layers.4.qkv_lut.log_soft_score_temp,7.436771e-01,1.299381e-05,1.747238e-05
7800,layers.4.qkv_lut.log_select_temp,7.515132e-01,1.499057e-04,1.994718e-04
7800,layers.4.v_lut.weights,1.731439e+01,6.555710e-01,3.786279e-02
7800,layers.4.v_lut.log_soft_score_temp,7.567232e-01,5.744696e-04,7.591541e-04
7800,layers.4.v_lut.log_select_temp,7.522349e-01,5.952120e-04,7.912581e-04
7800,layers.4.out_proj.weights,1.607013e+01,6.072910e-01,3.779006e-02
7800,layers.4.out_proj.log_soft_score_temp,7.262680e-01,2.818108e-04,3.880259e-04
7800,layers.4.out_proj.log_select_temp,7.406507e-01,3.201365e-04,4.322369e-04
7800,layers.4.residual_lut.weights,1.057377e+01,5.499087e-01,5.200687e-02
7800,layers.4.residual_lut.log_soft_score_temp,6.784332e-01,4.718900e-04,6.955585e-04
7800,layers.4.residual_lut.log_select_temp,6.864198e-01,6.016493e-04,8.765033e-04
7800,layers.4.q_norm.weight,8.098165e+00,2.205325e-03,2.723240e-04
7800,layers.4.q_norm.bias,1.105307e-01,2.473082e-03,2.237462e-02
7800,layers.4.k_norm.weight,8.098372e+00,2.446556e-03,3.021046e-04
7800,layers.4.k_norm.bias,1.216947e-01,2.873275e-03,2.361053e-02
7800,layers.4.ln_e.weight,6.839858e+00,1.623775e-03,2.373990e-04
7800,layers.4.ln_e.bias,1.092410e-01,1.271010e-03,1.163491e-02
7800,layers.5.qkv_lut.weights,5.266078e+00,3.423630e-02,6.501291e-03
7800,layers.5.qkv_lut.log_soft_score_temp,8.237171e-01,1.922846e-04,2.334352e-04
7800,layers.5.qkv_lut.log_select_temp,8.389927e-01,2.378225e-04,2.834620e-04
7800,layers.5.v_lut.weights,7.037654e+00,3.557972e-02,5.055622e-03
7800,layers.5.v_lut.log_soft_score_temp,8.514788e-01,4.899502e-05,5.754109e-05
7800,layers.5.v_lut.log_select_temp,8.694409e-01,7.909536e-05,9.097268e-05
7800,layers.5.out_proj.weights,7.614813e+00,9.549486e-02,1.254067e-02
7800,layers.5.out_proj.log_soft_score_temp,8.737312e-01,2.572536e-04,2.944311e-04
7800,layers.5.out_proj.log_select_temp,8.957329e-01,2.874732e-04,3.209363e-04
7800,layers.5.residual_lut.weights,3.790985e+00,1.008484e-01,2.660217e-02
7800,layers.5.residual_lut.log_soft_score_temp,6.475664e-01,2.633333e-04,4.066507e-04
7800,layers.5.residual_lut.log_select_temp,6.398127e-01,1.396537e-04,2.182728e-04
7800,layers.5.q_norm.weight,7.991936e+00,2.812607e-04,3.519306e-05
7800,layers.5.q_norm.bias,1.513768e-02,2.606772e-04,1.722043e-02
7800,layers.5.k_norm.weight,7.992715e+00,2.889702e-04,3.615420e-05
7800,layers.5.k_norm.bias,1.324969e-02,1.773246e-04,1.338330e-02
7800,layers.5.ln_e.weight,6.799978e+00,1.183131e-03,1.739904e-04
7800,layers.5.ln_e.bias,8.809363e-02,1.152116e-03,1.307831e-02
7800,ln_final.weight,3.322669e+01,8.521721e-02,2.564721e-03
7800,ln_final.bias,1.043081e+00,9.063944e-03,8.689591e-03
8000,tok_emb_E.weight,7.501618e+01,3.748471e-01,4.996883e-03
8000,unembedder.weight,2.369912e+02,2.274072e+00,9.595597e-03
8000,layers.0.qkv_lut.weights,5.138217e+01,1.199306e+00,2.334089e-02
8000,layers.0.qkv_lut.log_soft_score_temp,1.368003e+00,1.287699e-03,9.412979e-04
8000,layers.0.qkv_lut.log_select_temp,1.359382e+00,1.247287e-03,9.175394e-04
8000,layers.0.v_lut.weights,5.074184e+01,1.155857e+00,2.277917e-02
8000,layers.0.v_lut.log_soft_score_temp,1.655825e+00,2.539635e-03,1.533758e-03
8000,layers.0.v_lut.log_select_temp,1.653936e+00,2.509952e-03,1.517563e-03
8000,layers.0.out_proj.weights,7.058121e+01,1.638978e+00,2.322117e-02
8000,layers.0.out_proj.log_soft_score_temp,8.942362e-01,3.174722e-03,3.550205e-03
8000,layers.0.out_proj.log_select_temp,1.129522e+00,3.610730e-03,3.196689e-03
8000,layers.0.residual_lut.weights,8.139956e+01,1.546926e+00,1.900411e-02
8000,layers.0.residual_lut.log_soft_score_temp,8.006138e-01,2.077758e-03,2.595207e-03
8000,layers.0.residual_lut.log_select_temp,1.086565e+00,2.894640e-03,2.664029e-03
8000,layers.0.q_norm.weight,9.204615e+00,5.221110e-03,5.672274e-04
8000,layers.0.q_norm.bias,9.634241e-01,3.185603e-03,3.306543e-03
8000,layers.0.k_norm.weight,9.125643e+00,4.729924e-03,5.183114e-04
8000,layers.0.k_norm.bias,1.114049e+00,3.923503e-03,3.521840e-03
8000,layers.0.ln_e.weight,6.955382e+00,2.486683e-03,3.575193e-04
8000,layers.0.ln_e.bias,7.816365e-02,1.231940e-03,1.576103e-02
8000,layers.1.qkv_lut.weights,5.177493e+01,1.223685e+00,2.363470e-02
8000,layers.1.qkv_lut.log_soft_score_temp,2.663089e-01,4.837513e-04,1.816504e-03
8000,layers.1.qkv_lut.log_select_temp,5.622556e-01,1.463175e-03,2.602330e-03
8000,layers.1.v_lut.weights,5.130421e+01,1.179645e+00,2.299314e-02
8000,layers.1.v_lut.log_soft_score_temp,4.082015e-01,3.087223e-04,7.562987e-04
8000,layers.1.v_lut.log_select_temp,7.585819e-01,1.458704e-03,1.922936e-03
8000,layers.1.out_proj.weights,7.132711e+01,1.666125e+00,2.335894e-02
8000,layers.1.out_proj.log_soft_score_temp,5.285546e-01,1.062036e-03,2.009320e-03
8000,layers.1.out_proj.log_select_temp,8.848256e-01,1.358390e-03,1.535206e-03
8000,layers.1.residual_lut.weights,7.340514e+01,1.490912e+00,2.031073e-02
8000,layers.1.residual_lut.log_soft_score_temp,3.138680e-01,2.159536e-03,6.880395e-03
8000,layers.1.residual_lut.log_select_temp,7.547147e-01,5.583763e-04,7.398509e-04
8000,layers.1.q_norm.weight,8.601363e+00,3.741083e-03,4.349408e-04
8000,layers.1.q_norm.bias,4.549841e-01,2.498811e-03,5.492084e-03
8000,layers.1.k_norm.weight,8.558423e+00,3.447984e-03,4.028760e-04
8000,layers.1.k_norm.bias,8.555385e-01,3.295610e-03,3.852088e-03
8000,layers.1.ln_e.weight,6.766439e+00,2.491609e-03,3.682305e-04
8000,layers.1.ln_e.bias,7.112247e-02,1.270888e-03,1.786901e-02
8000,layers.2.qkv_lut.weights,5.136117e+01,1.202844e+00,2.341933e-02
8000,layers.2.qkv_lut.log_soft_score_temp,1.362891e-01,1.470312e-03,1.078818e-02
8000,layers.2.qkv_lut.log_select_temp,5.085127e-01,4.936457e-04,9.707636e-04
8000,layers.2.v_lut.weights,5.069599e+01,1.103419e+00,2.176542e-02
8000,layers.2.v_lut.log_soft_score_temp,4.953616e-01,2.490431e-03,5.027501e-03
8000,layers.2.v_lut.log_select_temp,7.670488e-01,1.083016e-03,1.411926e-03
8000,layers.2.out_proj.weights,7.019125e+01,1.625467e+00,2.315769e-02
8000,layers.2.out_proj.log_soft_score_temp,6.413601e-01,4.944801e-04,7.709867e-04
8000,layers.2.out_proj.log_select_temp,8.570332e-01,2.008080e-03,2.343060e-03
8000,layers.2.residual_lut.weights,7.444736e+01,1.542815e+00,2.072357e-02
8000,layers.2.residual_lut.log_soft_score_temp,5.772549e-01,7.510781e-04,1.301120e-03
8000,layers.2.residual_lut.log_select_temp,7.863175e-01,1.163065e-03,1.479129e-03
8000,layers.2.q_norm.weight,8.318227e+00,3.752500e-03,4.511178e-04
8000,layers.2.q_norm.bias,2.749608e-01,2.484004e-03,9.034027e-03
8000,layers.2.k_norm.weight,8.301098e+00,3.695827e-03,4.452215e-04
8000,layers.2.k_norm.bias,4.240346e-01,2.896358e-03,6.830475e-03
8000,layers.2.ln_e.weight,6.881190e+00,1.622740e-03,2.358226e-04
8000,layers.2.ln_e.bias,4.175764e-02,9.957014e-04,2.384477e-02
8000,layers.3.qkv_lut.weights,4.859917e+01,1.182963e+00,2.434121e-02
8000,layers.3.qkv_lut.log_soft_score_temp,4.556513e-01,1.146525e-03,2.516234e-03
8000,layers.3.qkv_lut.log_select_temp,5.827958e-01,4.908442e-04,8.422234e-04
8000,layers.3.v_lut.weights,4.268961e+01,1.046760e+00,2.452026e-02
8000,layers.3.v_lut.log_soft_score_temp,7.736843e-01,1.858473e-04,2.402107e-04
8000,layers.3.v_lut.log_select_temp,7.980076e-01,9.900331e-05,1.240631e-04
8000,layers.3.out_proj.weights,4.768950e+01,1.365356e+00,2.863013e-02
8000,layers.3.out_proj.log_soft_score_temp,5.169557e-01,8.028746e-04,1.553082e-03
8000,layers.3.out_proj.log_select_temp,6.251278e-01,6.526709e-05,1.044060e-04
8000,layers.3.residual_lut.weights,3.895414e+01,1.224607e+00,3.143713e-02
8000,layers.3.residual_lut.log_soft_score_temp,6.148893e-01,2.170801e-04,3.530394e-04
8000,layers.3.residual_lut.log_select_temp,6.744667e-01,5.802512e-04,8.603111e-04
8000,layers.3.q_norm.weight,8.044970e+00,2.974513e-03,3.697358e-04
8000,layers.3.q_norm.bias,1.842928e-01,2.738999e-03,1.486221e-02
8000,layers.3.k_norm.weight,8.045021e+00,2.615345e-03,3.250887e-04
8000,layers.3.k_norm.bias,2.837200e-01,3.130035e-03,1.103213e-02
8000,layers.3.ln_e.weight,6.883635e+00,2.054938e-03,2.985251e-04
8000,layers.3.ln_e.bias,5.770835e-02,1.242354e-03,2.152815e-02
8000,layers.4.qkv_lut.weights,2.382102e+01,8.599190e-01,3.609917e-02
8000,layers.4.qkv_lut.log_soft_score_temp,7.435344e-01,1.426935e-04,1.919125e-04
8000,layers.4.qkv_lut.log_select_temp,7.516013e-01,8.803606e-05,1.171313e-04
8000,layers.4.v_lut.weights,1.734559e+01,6.262980e-01,3.610704e-02
8000,layers.4.v_lut.log_soft_score_temp,7.564269e-01,2.963543e-04,3.917818e-04
8000,layers.4.v_lut.log_select_temp,7.519677e-01,2.672672e-04,3.554238e-04
8000,layers.4.out_proj.weights,1.609992e+01,5.935124e-01,3.686430e-02
8000,layers.4.out_proj.log_soft_score_temp,7.266880e-01,4.199743e-04,5.779294e-04
8000,layers.4.out_proj.log_select_temp,7.409597e-01,3.089905e-04,4.170139e-04
8000,layers.4.residual_lut.weights,1.058660e+01,5.503815e-01,5.198848e-02
8000,layers.4.residual_lut.log_soft_score_temp,6.785135e-01,8.034706e-05,1.184163e-04
8000,layers.4.residual_lut.log_select_temp,6.866739e-01,2.540350e-04,3.699500e-04
8000,layers.4.q_norm.weight,8.099335e+00,2.902030e-03,3.583047e-04
8000,layers.4.q_norm.bias,1.104856e-01,2.198039e-03,1.989435e-02
8000,layers.4.k_norm.weight,8.099511e+00,3.200156e-03,3.951049e-04
8000,layers.4.k_norm.bias,1.221071e-01,2.679524e-03,2.194405e-02
8000,layers.4.ln_e.weight,6.840413e+00,1.729554e-03,2.528436e-04
8000,layers.4.ln_e.bias,1.090740e-01,1.361714e-03,1.248432e-02
8000,layers.5.qkv_lut.weights,5.265196e+00,3.465351e-02,6.581619e-03
8000,layers.5.qkv_lut.log_soft_score_temp,8.235908e-01,1.263022e-04,1.533556e-04
8000,layers.5.qkv_lut.log_select_temp,8.388747e-01,1.180172e-04,1.406851e-04
8000,layers.5.v_lut.weights,7.036356e+00,3.626761e-02,5.154317e-03
8000,layers.5.v_lut.log_soft_score_temp,8.514385e-01,4.035234e-05,4.739314e-05
8000,layers.5.v_lut.log_select_temp,8.693953e-01,4.553795e-05,5.237888e-05
8000,layers.5.out_proj.weights,7.615630e+00,8.514189e-02,1.117989e-02
8000,layers.5.out_proj.log_soft_score_temp,8.736570e-01,7.414818e-05,8.487104e-05
8000,layers.5.out_proj.log_select_temp,8.956649e-01,6.800890e-05,7.593119e-05
8000,layers.5.residual_lut.weights,3.790428e+00,8.899925e-02,2.348000e-02
8000,layers.5.residual_lut.log_soft_score_temp,6.476459e-01,7.945299e-05,1.226797e-04
8000,layers.5.residual_lut.log_select_temp,6.398389e-01,2.622604e-05,4.098851e-05
8000,layers.5.q_norm.weight,7.991958e+00,3.356207e-04,4.199480e-05
8000,layers.5.q_norm.bias,1.518537e-02,2.190269e-04,1.442354e-02
8000,layers.5.k_norm.weight,7.992737e+00,3.184155e-04,3.983811e-05
8000,layers.5.k_norm.bias,1.324443e-02,2.213897e-04,1.671569e-02
8000,layers.5.ln_e.weight,6.799938e+00,1.052422e-03,1.547694e-04
8000,layers.5.ln_e.bias,8.817799e-02,1.030048e-03,1.168146e-02
8000,ln_final.weight,3.330844e+01,8.198305e-02,2.461330e-03
8000,ln_final.bias,1.046093e+00,8.947694e-03,8.553441e-03
