step,param_name,weight_norm,delta_norm,rel_delta
200,tok_emb_E.weight,8.357407e+01,6.378589e-01,7.632258e-03
200,unembedder.weight,1.053449e+02,1.547964e+01,1.469424e-01
200,layers.0.qk_lut.weights,3.566287e+00,3.412896e+00,9.569886e-01
200,layers.0.qk_lut.log_soft_score_temp,6.969475e-01,3.800273e-03,5.452740e-03
200,layers.0.qk_lut.log_select_temp,6.961140e-01,2.966821e-03,4.261976e-03
200,layers.0.v_lut.weights,2.580200e+00,2.450177e+00,9.496071e-01
200,layers.0.v_lut.log_soft_score_temp,6.984382e-01,5.291045e-03,7.575537e-03
200,layers.0.v_lut.log_select_temp,6.983337e-01,5.186558e-03,7.427047e-03
200,layers.0.out_proj.weights,4.472414e+00,4.337044e+00,9.697323e-01
200,layers.0.out_proj.log_soft_score_temp,6.971593e-01,4.012167e-03,5.755022e-03
200,layers.0.out_proj.log_select_temp,6.974843e-01,4.337072e-03,6.218165e-03
200,layers.0.residual_lut.weights,6.179782e+00,6.028990e+00,9.755990e-01
200,layers.0.residual_lut.log_soft_score_temp,6.967648e-01,3.617585e-03,5.191974e-03
200,layers.0.residual_lut.log_select_temp,6.973155e-01,4.168332e-03,5.977684e-03
200,layers.0.q_norm.weight,8.020964e+00,2.376997e-02,2.963481e-03
200,layers.0.q_norm.bias,1.466341e-02,1.466341e-02,1.000000e+00
200,layers.0.k_norm.weight,8.020470e+00,2.301167e-02,2.869117e-03
200,layers.0.k_norm.bias,1.688824e-02,1.688824e-02,1.000000e+00
200,layers.1.qk_lut.weights,3.483589e+00,3.334636e+00,9.572415e-01
200,layers.1.qk_lut.log_soft_score_temp,6.904529e-01,2.694309e-03,3.902234e-03
200,layers.1.qk_lut.log_select_temp,6.922061e-01,9.410977e-04,1.359563e-03
200,layers.1.v_lut.weights,2.662570e+00,2.538588e+00,9.534351e-01
200,layers.1.v_lut.log_soft_score_temp,6.973103e-01,4.163146e-03,5.970292e-03
200,layers.1.v_lut.log_select_temp,6.975856e-01,4.438460e-03,6.362602e-03
200,layers.1.out_proj.weights,4.489589e+00,4.345710e+00,9.679527e-01
200,layers.1.out_proj.log_soft_score_temp,6.945629e-01,1.415670e-03,2.038217e-03
200,layers.1.out_proj.log_select_temp,6.948395e-01,1.692295e-03,2.435519e-03
200,layers.1.residual_lut.weights,6.008992e+00,5.854061e+00,9.742167e-01
200,layers.1.residual_lut.log_soft_score_temp,6.956523e-01,2.505124e-03,3.601115e-03
200,layers.1.residual_lut.log_select_temp,6.964183e-01,3.271163e-03,4.697123e-03
200,layers.1.q_norm.weight,8.016148e+00,2.246466e-02,2.802426e-03
200,layers.1.q_norm.bias,1.334289e-02,1.334289e-02,1.000000e+00
200,layers.1.k_norm.weight,8.015828e+00,2.213007e-02,2.760797e-03
200,layers.1.k_norm.bias,2.016476e-02,2.016476e-02,1.000000e+00
200,layers.2.qk_lut.weights,3.507783e+00,3.355327e+00,9.565376e-01
200,layers.2.qk_lut.log_soft_score_temp,6.938478e-01,7.006526e-04,1.009807e-03
200,layers.2.qk_lut.log_select_temp,6.953208e-01,2.173662e-03,3.126128e-03
200,layers.2.v_lut.weights,2.598206e+00,2.469407e+00,9.504275e-01
200,layers.2.v_lut.log_soft_score_temp,6.950431e-01,1.895905e-03,2.727751e-03
200,layers.2.v_lut.log_select_temp,6.950276e-01,1.880407e-03,2.705515e-03
200,layers.2.out_proj.weights,4.664709e+00,4.524076e+00,9.698516e-01
200,layers.2.out_proj.log_soft_score_temp,6.920140e-01,1.133144e-03,1.637458e-03
200,layers.2.out_proj.log_select_temp,6.921961e-01,9.510517e-04,1.373963e-03
200,layers.2.residual_lut.weights,5.903357e+00,5.747459e+00,9.735918e-01
200,layers.2.residual_lut.log_soft_score_temp,6.939891e-01,8.419156e-04,1.213154e-03
200,layers.2.residual_lut.log_select_temp,6.950349e-01,1.887739e-03,2.716034e-03
200,layers.2.q_norm.weight,8.004040e+00,9.939832e-03,1.241852e-03
200,layers.2.q_norm.bias,7.426604e-03,7.426604e-03,1.000000e+00
200,layers.2.k_norm.weight,8.003262e+00,9.663363e-03,1.207428e-03
200,layers.2.k_norm.bias,1.076092e-02,1.076092e-02,1.000000e+00
200,layers.3.qk_lut.weights,3.536749e+00,3.384590e+00,9.569779e-01
200,layers.3.qk_lut.log_soft_score_temp,6.925454e-01,6.018281e-04,8.690089e-04
200,layers.3.qk_lut.log_select_temp,6.939439e-01,7.966757e-04,1.148041e-03
200,layers.3.v_lut.weights,2.646542e+00,2.519966e+00,9.521732e-01
200,layers.3.v_lut.log_soft_score_temp,6.947001e-01,1.552939e-03,2.235410e-03
200,layers.3.v_lut.log_select_temp,6.947184e-01,1.571178e-03,2.261605e-03
200,layers.3.out_proj.weights,5.304238e+00,5.177013e+00,9.760145e-01
200,layers.3.out_proj.log_soft_score_temp,6.925323e-01,6.148815e-04,8.878741e-04
200,layers.3.out_proj.log_select_temp,6.926392e-01,5.079508e-04,7.333555e-04
200,layers.3.residual_lut.weights,5.911805e+00,5.756195e+00,9.736782e-01
200,layers.3.residual_lut.log_soft_score_temp,6.925678e-01,5.794168e-04,8.366210e-04
200,layers.3.residual_lut.log_select_temp,6.936007e-01,4.535317e-04,6.538802e-04
200,layers.3.q_norm.weight,8.000009e+00,7.826105e-03,9.782620e-04
200,layers.3.q_norm.bias,6.316699e-03,6.316699e-03,1.000000e+00
200,layers.3.k_norm.weight,7.999320e+00,7.458462e-03,9.323871e-04
200,layers.3.k_norm.bias,1.048926e-02,1.048926e-02,1.000000e+00
200,layers.4.qk_lut.weights,3.458378e+00,3.301319e+00,9.545861e-01
200,layers.4.qk_lut.log_soft_score_temp,6.938929e-01,7.457137e-04,1.074681e-03
200,layers.4.qk_lut.log_select_temp,6.946942e-01,1.546979e-03,2.226849e-03
200,layers.4.v_lut.weights,2.699582e+00,2.574342e+00,9.536074e-01
200,layers.4.v_lut.log_soft_score_temp,6.942883e-01,1.141071e-03,1.643512e-03
200,layers.4.v_lut.log_select_temp,6.942942e-01,1.147032e-03,1.652083e-03
200,layers.4.out_proj.weights,5.831763e+00,5.715002e+00,9.799785e-01
200,layers.4.out_proj.log_soft_score_temp,6.924450e-01,7.021427e-04,1.014005e-03
200,layers.4.out_proj.log_select_temp,6.924986e-01,6.485581e-04,9.365479e-04
200,layers.4.residual_lut.weights,6.051280e+00,5.900969e+00,9.751604e-01
200,layers.4.residual_lut.log_soft_score_temp,6.911873e-01,1.959920e-03,2.835585e-03
200,layers.4.residual_lut.log_select_temp,6.921431e-01,1.004040e-03,1.450625e-03
200,layers.4.q_norm.weight,7.998037e+00,6.394317e-03,7.994858e-04
200,layers.4.q_norm.bias,5.068337e-03,5.068337e-03,1.000000e+00
200,layers.4.k_norm.weight,7.998030e+00,6.334061e-03,7.919526e-04
200,layers.4.k_norm.bias,6.733348e-03,6.733348e-03,1.000000e+00
200,layers.5.qk_lut.weights,3.489679e+00,3.338501e+00,9.566785e-01
200,layers.5.qk_lut.log_soft_score_temp,6.940215e-01,8.742809e-04,1.259732e-03
200,layers.5.qk_lut.log_select_temp,6.946248e-01,1.477659e-03,2.127276e-03
200,layers.5.v_lut.weights,2.871765e+00,2.756055e+00,9.597079e-01
200,layers.5.v_lut.log_soft_score_temp,6.949386e-01,1.791418e-03,2.577807e-03
200,layers.5.v_lut.log_select_temp,6.949060e-01,1.758814e-03,2.531010e-03
200,layers.5.out_proj.weights,7.082242e+00,6.984263e+00,9.861656e-01
200,layers.5.out_proj.log_soft_score_temp,6.934674e-01,3.201962e-04,4.617321e-04
200,layers.5.out_proj.log_select_temp,6.935172e-01,3.700256e-04,5.335493e-04
200,layers.5.residual_lut.weights,6.772760e+00,6.639838e+00,9.803739e-01
200,layers.5.residual_lut.log_soft_score_temp,6.902083e-01,2.938867e-03,4.257941e-03
200,layers.5.residual_lut.log_select_temp,6.909427e-01,2.204478e-03,3.190536e-03
200,layers.5.q_norm.weight,8.004896e+00,8.861620e-03,1.107025e-03
200,layers.5.q_norm.bias,6.502496e-03,6.502496e-03,1.000000e+00
200,layers.5.k_norm.weight,8.004648e+00,8.530673e-03,1.065715e-03
200,layers.5.k_norm.bias,1.026975e-02,1.026975e-02,1.000000e+00
200,ln_final.weight,1.974478e+01,1.488742e-01,7.539928e-03
200,ln_final.bias,1.438077e-01,1.438077e-01,1.000000e+00
400,tok_emb_E.weight,8.359251e+01,1.890969e+00,2.262127e-02
400,unembedder.weight,1.113339e+02,2.700522e+01,2.425606e-01
400,layers.0.qk_lut.weights,9.605444e+00,8.049386e+00,8.380025e-01
400,layers.0.qk_lut.log_soft_score_temp,7.074743e-01,1.052684e-02,1.487946e-02
400,layers.0.qk_lut.log_select_temp,7.030855e-01,6.971478e-03,9.915549e-03
400,layers.0.v_lut.weights,7.273375e+00,6.217365e+00,8.548116e-01
400,layers.0.v_lut.log_soft_score_temp,7.174507e-01,1.901251e-02,2.650009e-02
400,layers.0.v_lut.log_select_temp,7.164645e-01,1.813078e-02,2.530590e-02
400,layers.0.out_proj.weights,1.173601e+01,1.024762e+01,8.731779e-01
400,layers.0.out_proj.log_soft_score_temp,7.153599e-01,1.820058e-02,2.544254e-02
400,layers.0.out_proj.log_select_temp,7.162061e-01,1.872182e-02,2.614027e-02
400,layers.0.residual_lut.weights,1.462474e+01,1.251595e+01,8.558064e-01
400,layers.0.residual_lut.log_soft_score_temp,7.079104e-01,1.114559e-02,1.574435e-02
400,layers.0.residual_lut.log_select_temp,7.100965e-01,1.278096e-02,1.799891e-02
400,layers.0.q_norm.weight,8.105114e+00,9.725820e-02,1.199961e-02
400,layers.0.q_norm.bias,7.240080e-02,5.872472e-02,8.111060e-01
400,layers.0.k_norm.weight,8.103442e+00,9.563475e-02,1.180174e-02
400,layers.0.k_norm.bias,8.529497e-02,6.982981e-02,8.186861e-01
400,layers.1.qk_lut.weights,9.389755e+00,8.216064e+00,8.750030e-01
400,layers.1.qk_lut.log_soft_score_temp,6.786182e-01,1.183468e-02,1.743938e-02
400,layers.1.qk_lut.log_select_temp,6.852072e-01,6.998837e-03,1.021419e-02
400,layers.1.v_lut.weights,7.411525e+00,6.530068e+00,8.810694e-01
400,layers.1.v_lut.log_soft_score_temp,7.103474e-01,1.303709e-02,1.835311e-02
400,layers.1.v_lut.log_select_temp,7.120244e-01,1.443875e-02,2.027845e-02
400,layers.1.out_proj.weights,1.155087e+01,1.023921e+01,8.864444e-01
400,layers.1.out_proj.log_soft_score_temp,7.036609e-01,9.098053e-03,1.292960e-02
400,layers.1.out_proj.log_select_temp,7.056671e-01,1.082760e-02,1.534378e-02
400,layers.1.residual_lut.weights,1.435037e+01,1.234757e+01,8.604356e-01
400,layers.1.residual_lut.log_soft_score_temp,7.044075e-01,8.755207e-03,1.242918e-02
400,layers.1.residual_lut.log_select_temp,7.080844e-01,1.166606e-02,1.647552e-02
400,layers.1.q_norm.weight,8.052706e+00,5.628842e-02,6.990001e-03
400,layers.1.q_norm.bias,4.680220e-02,3.376960e-02,7.215387e-01
400,layers.1.k_norm.weight,8.051500e+00,5.500709e-02,6.831905e-03
400,layers.1.k_norm.bias,7.495049e-02,5.605660e-02,7.479151e-01
400,layers.2.qk_lut.weights,9.389865e+00,8.268076e+00,8.805319e-01
400,layers.2.qk_lut.log_soft_score_temp,6.913051e-01,2.542734e-03,3.678165e-03
400,layers.2.qk_lut.log_select_temp,6.982667e-01,2.945900e-03,4.218875e-03
400,layers.2.v_lut.weights,7.108953e+00,6.314206e+00,8.882047e-01
400,layers.2.v_lut.log_soft_score_temp,7.071034e-01,1.206034e-02,1.705598e-02
400,layers.2.v_lut.log_select_temp,7.081823e-01,1.315475e-02,1.857536e-02
400,layers.2.out_proj.weights,1.185719e+01,1.058981e+01,8.931135e-01
400,layers.2.out_proj.log_soft_score_temp,6.924089e-01,3.948808e-04,5.702999e-04
400,layers.2.out_proj.log_select_temp,6.944887e-01,2.292573e-03,3.301095e-03
400,layers.2.residual_lut.weights,1.409995e+01,1.223264e+01,8.675659e-01
400,layers.2.residual_lut.log_soft_score_temp,6.968979e-01,2.908826e-03,4.173963e-03
400,layers.2.residual_lut.log_select_temp,7.028186e-01,7.783651e-03,1.107491e-02
400,layers.2.q_norm.weight,8.034246e+00,4.320570e-02,5.377692e-03
400,layers.2.q_norm.bias,3.972566e-02,3.278533e-02,8.252934e-01
400,layers.2.k_norm.weight,8.030918e+00,4.188037e-02,5.214892e-03
400,layers.2.k_norm.bias,6.011270e-02,5.070507e-02,8.435001e-01
400,layers.3.qk_lut.weights,9.528462e+00,8.410542e+00,8.826757e-01
400,layers.3.qk_lut.log_soft_score_temp,6.878082e-01,4.737198e-03,6.887383e-03
400,layers.3.qk_lut.log_select_temp,6.943932e-01,4.493594e-04,6.471253e-04
400,layers.3.v_lut.weights,7.140260e+00,6.308638e+00,8.835305e-01
400,layers.3.v_lut.log_soft_score_temp,7.003368e-01,5.636632e-03,8.048460e-03
400,layers.3.v_lut.log_select_temp,7.005086e-01,5.790234e-03,8.265757e-03
400,layers.3.out_proj.weights,1.264009e+01,1.111100e+01,8.790285e-01
400,layers.3.out_proj.log_soft_score_temp,6.882206e-01,4.311740e-03,6.265056e-03
400,layers.3.out_proj.log_select_temp,6.899819e-01,2.657354e-03,3.851339e-03
400,layers.3.residual_lut.weights,1.390644e+01,1.211905e+01,8.714707e-01
400,layers.3.residual_lut.log_soft_score_temp,6.863165e-01,6.251276e-03,9.108444e-03
400,layers.3.residual_lut.log_select_temp,6.932895e-01,3.111959e-04,4.488685e-04
400,layers.3.q_norm.weight,8.007475e+00,2.065034e-02,2.578883e-03
400,layers.3.q_norm.bias,2.172012e-02,1.606142e-02,7.394719e-01
400,layers.3.k_norm.weight,8.006501e+00,2.005672e-02,2.505055e-03
400,layers.3.k_norm.bias,4.665891e-02,3.839727e-02,8.229355e-01
400,layers.4.qk_lut.weights,9.620865e+00,8.540941e+00,8.877519e-01
400,layers.4.qk_lut.log_soft_score_temp,6.939143e-01,2.139807e-05,3.083676e-05
400,layers.4.qk_lut.log_select_temp,6.968602e-01,2.166033e-03,3.108275e-03
400,layers.4.v_lut.weights,7.151682e+00,6.306032e+00,8.817551e-01
400,layers.4.v_lut.log_soft_score_temp,6.979369e-01,3.648639e-03,5.227749e-03
400,layers.4.v_lut.log_select_temp,6.980041e-01,3.709853e-03,5.314944e-03
400,layers.4.out_proj.weights,1.342765e+01,1.165227e+01,8.677816e-01
400,layers.4.out_proj.log_soft_score_temp,6.853142e-01,7.130802e-03,1.040516e-02
400,layers.4.out_proj.log_select_temp,6.862885e-01,6.210089e-03,9.048801e-03
400,layers.4.residual_lut.weights,1.388198e+01,1.212158e+01,8.731875e-01
400,layers.4.residual_lut.log_soft_score_temp,6.788351e-01,1.235217e-02,1.819613e-02
400,layers.4.residual_lut.log_select_temp,6.851848e-01,6.958306e-03,1.015537e-02
400,layers.4.q_norm.weight,7.998087e+00,1.672608e-02,2.091260e-03
400,layers.4.q_norm.bias,1.557063e-02,1.143307e-02,7.342714e-01
400,layers.4.k_norm.weight,7.997213e+00,1.614941e-02,2.019380e-03
400,layers.4.k_norm.bias,2.246128e-02,1.709744e-02,7.611960e-01
400,layers.5.qk_lut.weights,9.642582e+00,8.613380e+00,8.932649e-01
400,layers.5.qk_lut.log_soft_score_temp,6.913201e-01,2.701402e-03,3.907599e-03
400,layers.5.qk_lut.log_select_temp,6.941571e-01,4.677176e-04,6.737922e-04
400,layers.5.v_lut.weights,7.531638e+00,6.620867e+00,8.790741e-01
400,layers.5.v_lut.log_soft_score_temp,7.000047e-01,5.066097e-03,7.237233e-03
400,layers.5.v_lut.log_select_temp,7.003045e-01,5.398512e-03,7.708806e-03
400,layers.5.out_proj.weights,1.640466e+01,1.343370e+01,8.188952e-01
400,layers.5.out_proj.log_soft_score_temp,6.924003e-01,1.067042e-03,1.541077e-03
400,layers.5.out_proj.log_select_temp,6.928771e-01,6.401539e-04,9.239069e-04
400,layers.5.residual_lut.weights,1.429564e+01,1.223570e+01,8.559039e-01
400,layers.5.residual_lut.log_soft_score_temp,6.745626e-01,1.564574e-02,2.319391e-02
400,layers.5.residual_lut.log_select_temp,6.790575e-01,1.188523e-02,1.750253e-02
400,layers.5.q_norm.weight,8.016443e+00,2.766377e-02,3.450878e-03
400,layers.5.q_norm.bias,2.094965e-02,1.530308e-02,7.304696e-01
400,layers.5.k_norm.weight,8.015298e+00,2.793999e-02,3.485833e-03
400,layers.5.k_norm.bias,4.110894e-02,3.196783e-02,7.776369e-01
400,ln_final.weight,2.012980e+01,3.853411e-01,1.914282e-02
400,ln_final.bias,4.740876e-01,3.307093e-01,6.975700e-01
600,tok_emb_E.weight,8.365015e+01,2.911359e+00,3.480399e-02
600,unembedder.weight,1.224825e+02,3.101692e+01,2.532355e-01
600,layers.0.qk_lut.weights,1.747239e+01,1.238164e+01,7.086404e-01
600,layers.0.qk_lut.log_soft_score_temp,7.221697e-01,1.469541e-02,2.034897e-02
600,layers.0.qk_lut.log_select_temp,7.121695e-01,9.083986e-03,1.275537e-02
600,layers.0.v_lut.weights,1.355258e+01,9.622426e+00,7.100072e-01
600,layers.0.v_lut.log_soft_score_temp,7.492638e-01,3.181309e-02,4.245912e-02
600,layers.0.v_lut.log_select_temp,7.458876e-01,2.942312e-02,3.944712e-02
600,layers.0.out_proj.weights,2.115101e+01,1.596687e+01,7.548989e-01
600,layers.0.out_proj.log_soft_score_temp,7.441407e-01,2.878082e-02,3.867658e-02
600,layers.0.out_proj.log_select_temp,7.466907e-01,3.048462e-02,4.082630e-02
600,layers.0.residual_lut.weights,2.620262e+01,1.963107e+01,7.492025e-01
600,layers.0.residual_lut.log_soft_score_temp,7.221321e-01,1.422179e-02,1.969416e-02
600,layers.0.residual_lut.log_select_temp,7.289119e-01,1.881540e-02,2.581299e-02
600,layers.0.q_norm.weight,8.227391e+00,1.387116e-01,1.685973e-02
600,layers.0.q_norm.bias,1.570864e-01,8.558711e-02,5.448411e-01
600,layers.0.k_norm.weight,8.224226e+00,1.369091e-01,1.664705e-02
600,layers.0.k_norm.bias,1.860742e-01,1.029712e-01,5.533879e-01
600,layers.1.qk_lut.weights,1.730989e+01,1.307459e+01,7.553247e-01
600,layers.1.qk_lut.log_soft_score_temp,6.621672e-01,1.645100e-02,2.484418e-02
600,layers.1.qk_lut.log_select_temp,6.794932e-01,5.714059e-03,8.409295e-03
600,layers.1.v_lut.weights,1.370868e+01,1.037924e+01,7.571287e-01
600,layers.1.v_lut.log_soft_score_temp,7.313422e-01,2.099478e-02,2.870719e-02
600,layers.1.v_lut.log_select_temp,7.372278e-01,2.520341e-02,3.418673e-02
600,layers.1.out_proj.weights,2.089651e+01,1.633862e+01,7.818825e-01
600,layers.1.out_proj.log_soft_score_temp,7.204928e-01,1.683193e-02,2.336170e-02
600,layers.1.out_proj.log_select_temp,7.270538e-01,2.138674e-02,2.941563e-02
600,layers.1.residual_lut.weights,2.592088e+01,1.958221e+01,7.554608e-01
600,layers.1.residual_lut.log_soft_score_temp,7.188021e-01,1.439458e-02,2.002579e-02
600,layers.1.residual_lut.log_select_temp,7.292111e-01,2.112669e-02,2.897198e-02
600,layers.1.q_norm.weight,8.115977e+00,8.661933e-02,1.067269e-02
600,layers.1.q_norm.bias,9.859316e-02,5.216862e-02,5.291302e-01
600,layers.1.k_norm.weight,8.113429e+00,8.534830e-02,1.051939e-02
600,layers.1.k_norm.bias,1.651455e-01,9.189711e-02,5.564616e-01
600,layers.2.qk_lut.weights,1.731172e+01,1.327680e+01,7.669258e-01
600,layers.2.qk_lut.log_soft_score_temp,6.805320e-01,1.077312e-02,1.583044e-02
600,layers.2.qk_lut.log_select_temp,7.037405e-01,5.473733e-03,7.778056e-03
600,layers.2.v_lut.weights,1.319622e+01,1.012317e+01,7.671268e-01
600,layers.2.v_lut.log_soft_score_temp,7.296953e-01,2.259189e-02,3.096072e-02
600,layers.2.v_lut.log_select_temp,7.341990e-01,2.601671e-02,3.543550e-02
600,layers.2.out_proj.weights,2.138714e+01,1.693540e+01,7.918498e-01
600,layers.2.out_proj.log_soft_score_temp,6.953053e-01,2.896428e-03,4.165692e-03
600,layers.2.out_proj.log_select_temp,7.033172e-01,8.828461e-03,1.255260e-02
600,layers.2.residual_lut.weights,2.547618e+01,1.947804e+01,7.645589e-01
600,layers.2.residual_lut.log_soft_score_temp,6.993071e-01,2.409220e-03,3.445152e-03
600,layers.2.residual_lut.log_select_temp,7.181610e-01,1.534247e-02,2.136356e-02
600,layers.2.q_norm.weight,8.092554e+00,7.430534e-02,9.181939e-03
600,layers.2.q_norm.bias,8.688663e-02,4.773473e-02,5.493910e-01
600,layers.2.k_norm.weight,8.086684e+00,7.469675e-02,9.237006e-03
600,layers.2.k_norm.bias,1.340826e-01,7.666614e-02,5.717828e-01
600,layers.3.qk_lut.weights,1.745982e+01,1.346139e+01,7.709929e-01
600,layers.3.qk_lut.log_soft_score_temp,6.796005e-01,8.207619e-03,1.207712e-02
600,layers.3.qk_lut.log_select_temp,6.966721e-01,2.278864e-03,3.271072e-03
600,layers.3.v_lut.weights,1.326868e+01,1.031598e+01,7.774680e-01
600,layers.3.v_lut.log_soft_score_temp,7.158281e-01,1.549137e-02,2.164118e-02
600,layers.3.v_lut.log_select_temp,7.169250e-01,1.641643e-02,2.289839e-02
600,layers.3.out_proj.weights,2.258045e+01,1.787379e+01,7.915605e-01
600,layers.3.out_proj.log_soft_score_temp,6.800467e-01,8.173883e-03,1.201959e-02
600,layers.3.out_proj.log_select_temp,6.882387e-01,1.743197e-03,2.532839e-03
600,layers.3.residual_lut.weights,2.506159e+01,1.940278e+01,7.742038e-01
600,layers.3.residual_lut.log_soft_score_temp,6.737484e-01,1.256812e-02,1.865402e-02
600,layers.3.residual_lut.log_select_temp,6.958794e-01,2.589881e-03,3.721739e-03
600,layers.3.q_norm.weight,8.032346e+00,4.097507e-02,5.101258e-03
600,layers.3.q_norm.bias,4.705597e-02,2.632762e-02,5.594957e-01
600,layers.3.k_norm.weight,8.030053e+00,4.072119e-02,5.071098e-03
600,layers.3.k_norm.bias,9.804119e-02,5.461237e-02,5.570349e-01
600,layers.4.qk_lut.weights,1.761322e+01,1.366813e+01,7.760153e-01
600,layers.4.qk_lut.log_soft_score_temp,6.935424e-01,3.719330e-04,5.362801e-04
600,layers.4.qk_lut.log_select_temp,6.998919e-01,3.031731e-03,4.331713e-03
600,layers.4.v_lut.weights,1.313887e+01,1.013319e+01,7.712378e-01
600,layers.4.v_lut.log_soft_score_temp,7.094120e-01,1.147515e-02,1.617557e-02
600,layers.4.v_lut.log_select_temp,7.104632e-01,1.245910e-02,1.753659e-02
600,layers.4.out_proj.weights,2.407478e+01,1.915989e+01,7.958490e-01
600,layers.4.out_proj.log_soft_score_temp,6.712090e-01,1.410526e-02,2.101471e-02
600,layers.4.out_proj.log_select_temp,6.751733e-01,1.111519e-02,1.646273e-02
600,layers.4.residual_lut.weights,2.489087e+01,1.944361e+01,7.811542e-01
600,layers.4.residual_lut.log_soft_score_temp,6.567195e-01,2.211559e-02,3.367585e-02
600,layers.4.residual_lut.log_select_temp,6.759707e-01,9.214163e-03,1.363101e-02
600,layers.4.q_norm.weight,8.005920e+00,2.459621e-02,3.072252e-03
600,layers.4.q_norm.bias,3.484726e-02,2.127849e-02,6.106216e-01
600,layers.4.k_norm.weight,8.004154e+00,2.252342e-02,2.813966e-03
600,layers.4.k_norm.bias,4.769458e-02,2.739629e-02,5.744109e-01
600,layers.5.qk_lut.weights,1.777707e+01,1.388724e+01,7.811884e-01
600,layers.5.qk_lut.log_soft_score_temp,6.836641e-01,7.655978e-03,1.119845e-02
600,layers.5.qk_lut.log_select_temp,6.919024e-01,2.254725e-03,3.258732e-03
600,layers.5.v_lut.weights,1.378044e+01,1.065290e+01,7.730448e-01
600,layers.5.v_lut.log_soft_score_temp,7.120149e-01,1.201016e-02,1.686785e-02
600,layers.5.v_lut.log_select_temp,7.131563e-01,1.285177e-02,1.802098e-02
600,layers.5.out_proj.weights,2.723990e+01,2.018983e+01,7.411858e-01
600,layers.5.out_proj.log_soft_score_temp,6.896406e-01,2.759695e-03,4.001642e-03
600,layers.5.out_proj.log_select_temp,6.921363e-01,7.407665e-04,1.070261e-03
600,layers.5.residual_lut.weights,2.516339e+01,1.970302e+01,7.830037e-01
600,layers.5.residual_lut.log_soft_score_temp,6.491775e-01,2.538508e-02,3.910345e-02
600,layers.5.residual_lut.log_select_temp,6.635540e-01,1.550347e-02,2.336429e-02
600,layers.5.q_norm.weight,8.031012e+00,3.948455e-02,4.916510e-03
600,layers.5.q_norm.bias,4.454760e-02,2.517983e-02,5.652343e-01
600,layers.5.k_norm.weight,8.029111e+00,3.959104e-02,4.930937e-03
600,layers.5.k_norm.bias,8.381329e-02,4.491146e-02,5.358513e-01
600,ln_final.weight,2.072920e+01,6.002918e-01,2.895876e-02
600,ln_final.bias,8.012432e-01,3.286096e-01,4.101246e-01
800,tok_emb_E.weight,8.375945e+01,3.741329e+00,4.466754e-02
800,unembedder.weight,1.360519e+02,3.232960e+01,2.376270e-01
800,layers.0.qk_lut.weights,2.696619e+01,1.707458e+01,6.331848e-01
800,layers.0.qk_lut.log_soft_score_temp,7.416796e-01,1.950991e-02,2.630504e-02
800,layers.0.qk_lut.log_select_temp,7.256446e-01,1.347512e-02,1.856986e-02
800,layers.0.v_lut.weights,2.101128e+01,1.307786e+01,6.224208e-01
800,layers.0.v_lut.log_soft_score_temp,7.929307e-01,4.366690e-02,5.507026e-02
800,layers.0.v_lut.log_select_temp,7.871298e-01,4.124218e-02,5.239565e-02
800,layers.0.out_proj.weights,3.229243e+01,2.165430e+01,6.705689e-01
800,layers.0.out_proj.log_soft_score_temp,7.790569e-01,3.491616e-02,4.481850e-02
800,layers.0.out_proj.log_select_temp,7.871266e-01,4.043591e-02,5.137155e-02
800,layers.0.residual_lut.weights,4.008847e+01,2.663614e+01,6.644340e-01
800,layers.0.residual_lut.log_soft_score_temp,7.385607e-01,1.642853e-02,2.224398e-02
800,layers.0.residual_lut.log_select_temp,7.564062e-01,2.749431e-02,3.634861e-02
800,layers.0.q_norm.weight,8.360563e+00,1.508425e-01,1.804214e-02
800,layers.0.q_norm.bias,2.488170e-01,9.252297e-02,3.718515e-01
800,layers.0.k_norm.weight,8.354453e+00,1.468606e-01,1.757872e-02
800,layers.0.k_norm.bias,2.933369e-01,1.093434e-01,3.727569e-01
800,layers.1.qk_lut.weights,2.677729e+01,1.789501e+01,6.682905e-01
800,layers.1.qk_lut.log_soft_score_temp,6.413864e-01,2.078080e-02,3.239982e-02
800,layers.1.qk_lut.log_select_temp,6.761988e-01,3.294408e-03,4.871952e-03
800,layers.1.v_lut.weights,2.115003e+01,1.416325e+01,6.696561e-01
800,layers.1.v_lut.log_soft_score_temp,7.562116e-01,2.486944e-02,3.288688e-02
800,layers.1.v_lut.log_select_temp,7.720035e-01,3.477567e-02,4.504601e-02
800,layers.1.out_proj.weights,3.199785e+01,2.230381e+01,6.970410e-01
800,layers.1.out_proj.log_soft_score_temp,7.352836e-01,1.479077e-02,2.011574e-02
800,layers.1.out_proj.log_select_temp,7.556433e-01,2.858949e-02,3.783463e-02
800,layers.1.residual_lut.weights,3.972482e+01,2.657779e+01,6.690476e-01
800,layers.1.residual_lut.log_soft_score_temp,7.299155e-01,1.111341e-02,1.522561e-02
800,layers.1.residual_lut.log_select_temp,7.581031e-01,2.889204e-02,3.811096e-02
800,layers.1.q_norm.weight,8.190269e+00,9.859090e-02,1.203757e-02
800,layers.1.q_norm.bias,1.558122e-01,5.801898e-02,3.723648e-01
800,layers.1.k_norm.weight,8.185498e+00,9.624032e-02,1.175742e-02
800,layers.1.k_norm.bias,2.675289e-01,1.052204e-01,3.933047e-01
800,layers.2.qk_lut.weights,2.682572e+01,1.820822e+01,6.787599e-01
800,layers.2.qk_lut.log_soft_score_temp,6.646048e-01,1.592720e-02,2.396491e-02
800,layers.2.qk_lut.log_select_temp,7.120790e-01,8.338511e-03,1.171009e-02
800,layers.2.v_lut.weights,2.048379e+01,1.386710e+01,6.769793e-01
800,layers.2.v_lut.log_soft_score_temp,7.587053e-01,2.901000e-02,3.823619e-02
800,layers.2.v_lut.log_select_temp,7.703028e-01,3.610379e-02,4.686960e-02
800,layers.2.out_proj.weights,3.270538e+01,2.322423e+01,7.101043e-01
800,layers.2.out_proj.log_soft_score_temp,6.962043e-01,8.989573e-04,1.291226e-03
800,layers.2.out_proj.log_select_temp,7.167520e-01,1.343483e-02,1.874404e-02
800,layers.2.residual_lut.weights,3.908694e+01,2.654101e+01,6.790249e-01
800,layers.2.residual_lut.log_soft_score_temp,6.914055e-01,7.901669e-03,1.142841e-02
800,layers.2.residual_lut.log_select_temp,7.379989e-01,1.983786e-02,2.688060e-02
800,layers.2.q_norm.weight,8.170743e+00,9.624453e-02,1.177916e-02
800,layers.2.q_norm.bias,1.426393e-01,5.684466e-02,3.985204e-01
800,layers.2.k_norm.weight,8.160842e+00,9.533969e-02,1.168258e-02
800,layers.2.k_norm.bias,2.223804e-01,9.088720e-02,4.087014e-01
800,layers.3.qk_lut.weights,2.698743e+01,1.854663e+01,6.872321e-01
800,layers.3.qk_lut.log_soft_score_temp,6.667349e-01,1.286566e-02,1.929652e-02
800,layers.3.qk_lut.log_select_temp,7.013940e-01,4.721880e-03,6.732137e-03
800,layers.3.v_lut.weights,2.065724e+01,1.425310e+01,6.899809e-01
800,layers.3.v_lut.log_soft_score_temp,7.406151e-01,2.478695e-02,3.346806e-02
800,layers.3.v_lut.log_select_temp,7.450720e-01,2.814698e-02,3.777753e-02
800,layers.3.out_proj.weights,3.384869e+01,2.384047e+01,7.043248e-01
800,layers.3.out_proj.log_soft_score_temp,6.679588e-01,1.208788e-02,1.809675e-02
800,layers.3.out_proj.log_select_temp,6.882907e-01,5.197525e-05,7.551352e-05
800,layers.3.residual_lut.weights,3.843879e+01,2.651373e+01,6.897651e-01
800,layers.3.residual_lut.log_soft_score_temp,6.499196e-01,2.382874e-02,3.666414e-02
800,layers.3.residual_lut.log_select_temp,7.000712e-01,4.191756e-03,5.987615e-03
800,layers.3.q_norm.weight,8.078951e+00,6.219424e-02,7.698307e-03
800,layers.3.q_norm.bias,8.206662e-02,3.650006e-02,4.447613e-01
800,layers.3.k_norm.weight,8.073559e+00,6.198787e-02,7.677887e-03
800,layers.3.k_norm.bias,1.665495e-01,7.157843e-02,4.297728e-01
800,layers.4.qk_lut.weights,2.719371e+01,1.883692e+01,6.926939e-01
800,layers.4.qk_lut.log_soft_score_temp,6.872309e-01,6.311476e-03,9.183924e-03
800,layers.4.qk_lut.log_select_temp,7.016807e-01,1.788735e-03,2.549216e-03
800,layers.4.v_lut.weights,2.039342e+01,1.405940e+01,6.894086e-01
800,layers.4.v_lut.log_soft_score_temp,7.259611e-01,1.654905e-02,2.279606e-02
800,layers.4.v_lut.log_select_temp,7.286205e-01,1.815736e-02,2.492019e-02
800,layers.4.out_proj.weights,3.598855e+01,2.542060e+01,7.063523e-01
800,layers.4.out_proj.log_soft_score_temp,6.441846e-01,2.702439e-02,4.195131e-02
800,layers.4.out_proj.log_select_temp,6.549861e-01,2.018726e-02,3.082090e-02
800,layers.4.residual_lut.weights,3.811760e+01,2.667942e+01,6.999239e-01
800,layers.4.residual_lut.log_soft_score_temp,6.223389e-01,3.438061e-02,5.524420e-02
800,layers.4.residual_lut.log_select_temp,6.637111e-01,1.225954e-02,1.847120e-02
800,layers.4.q_norm.weight,8.014414e+00,3.549166e-02,4.428478e-03
800,layers.4.q_norm.bias,5.715838e-02,2.453589e-02,4.292615e-01
800,layers.4.k_norm.weight,8.010657e+00,3.244735e-02,4.050523e-03
800,layers.4.k_norm.bias,8.745323e-02,4.288995e-02,4.904329e-01
800,layers.5.qk_lut.weights,2.737068e+01,1.916897e+01,7.003467e-01
800,layers.5.qk_lut.log_soft_score_temp,6.739753e-01,9.688735e-03,1.437550e-02
800,layers.5.qk_lut.log_select_temp,6.907047e-01,1.197696e-03,1.734020e-03
800,layers.5.v_lut.weights,2.120716e+01,1.461871e+01,6.893289e-01
800,layers.5.v_lut.log_soft_score_temp,7.271979e-01,1.518303e-02,2.087882e-02
800,layers.5.v_lut.log_select_temp,7.315996e-01,1.844335e-02,2.520962e-02
800,layers.5.out_proj.weights,3.920460e+01,2.641859e+01,6.738646e-01
800,layers.5.out_proj.log_soft_score_temp,6.844477e-01,5.192935e-03,7.587045e-03
800,layers.5.out_proj.log_select_temp,6.917792e-01,3.570914e-04,5.161928e-04
800,layers.5.residual_lut.weights,3.831775e+01,2.699030e+01,7.043811e-01
800,layers.5.residual_lut.log_soft_score_temp,6.141663e-01,3.501117e-02,5.700601e-02
800,layers.5.residual_lut.log_select_temp,6.459906e-01,1.756340e-02,2.718832e-02
800,layers.5.q_norm.weight,8.052392e+00,4.702297e-02,5.839628e-03
800,layers.5.q_norm.bias,7.234869e-02,2.976270e-02,4.113785e-01
800,layers.5.k_norm.weight,8.049625e+00,4.516929e-02,5.611354e-03
800,layers.5.k_norm.bias,1.395929e-01,5.874313e-02,4.208173e-01
800,ln_final.weight,2.147063e+01,7.436851e-01,3.463733e-02
800,ln_final.bias,1.005771e+00,2.106884e-01,2.094795e-01
1000,tok_emb_E.weight,8.390384e+01,4.102471e+00,4.889491e-02
1000,unembedder.weight,1.491043e+02,3.094097e+01,2.075123e-01
1000,layers.0.qk_lut.weights,3.583913e+01,1.920111e+01,5.357583e-01
1000,layers.0.qk_lut.log_soft_score_temp,7.609689e-01,1.928926e-02,2.534828e-02
1000,layers.0.qk_lut.log_select_temp,7.404081e-01,1.476353e-02,1.993972e-02
1000,layers.0.v_lut.weights,2.795285e+01,1.474590e+01,5.275275e-01
1000,layers.0.v_lut.log_soft_score_temp,8.390197e-01,4.608899e-02,5.493196e-02
1000,layers.0.v_lut.log_select_temp,8.317448e-01,4.461497e-02,5.364022e-02
1000,layers.0.out_proj.weights,4.263805e+01,2.424303e+01,5.685775e-01
1000,layers.0.out_proj.log_soft_score_temp,7.947533e-01,1.569641e-02,1.975004e-02
1000,layers.0.out_proj.log_select_temp,8.248321e-01,3.770548e-02,4.571292e-02
1000,layers.0.residual_lut.weights,5.293053e+01,2.952950e+01,5.578917e-01
1000,layers.0.residual_lut.log_soft_score_temp,7.485324e-01,9.971678e-03,1.332164e-02
1000,layers.0.residual_lut.log_select_temp,7.860178e-01,2.961165e-02,3.767300e-02
1000,layers.0.q_norm.weight,8.467785e+00,1.193544e-01,1.409511e-02
1000,layers.0.q_norm.bias,3.186883e-01,7.120209e-02,2.234223e-01
1000,layers.0.k_norm.weight,8.458691e+00,1.150457e-01,1.360089e-02
1000,layers.0.k_norm.bias,3.777890e-01,8.635800e-02,2.285879e-01
1000,layers.1.qk_lut.weights,3.562123e+01,2.008367e+01,5.638119e-01
1000,layers.1.qk_lut.log_soft_score_temp,6.159465e-01,2.543986e-02,4.130206e-02
1000,layers.1.qk_lut.log_select_temp,6.727701e-01,3.428698e-03,5.096388e-03
1000,layers.1.v_lut.weights,2.804621e+01,1.591639e+01,5.675057e-01
1000,layers.1.v_lut.log_soft_score_temp,7.652609e-01,9.049296e-03,1.182511e-02
1000,layers.1.v_lut.log_select_temp,8.045955e-01,3.259200e-02,4.050731e-02
1000,layers.1.out_proj.weights,4.225454e+01,2.490203e+01,5.893338e-01
1000,layers.1.out_proj.log_soft_score_temp,7.264616e-01,8.822024e-03,1.214383e-02
1000,layers.1.out_proj.log_select_temp,7.799279e-01,2.428460e-02,3.113698e-02
1000,layers.1.residual_lut.weights,5.248070e+01,2.955705e+01,5.631986e-01
1000,layers.1.residual_lut.log_soft_score_temp,7.247614e-01,5.154133e-03,7.111489e-03
1000,layers.1.residual_lut.log_select_temp,7.871561e-01,2.905297e-02,3.690878e-02
1000,layers.1.q_norm.weight,8.261712e+00,8.876604e-02,1.074427e-02
1000,layers.1.q_norm.bias,2.041004e-01,4.991812e-02,2.445763e-01
1000,layers.1.k_norm.weight,8.255657e+00,8.812575e-02,1.067459e-02
1000,layers.1.k_norm.bias,3.665704e-01,1.019186e-01,2.780327e-01
1000,layers.2.qk_lut.weights,3.567895e+01,2.050172e+01,5.746167e-01
1000,layers.2.qk_lut.log_soft_score_temp,6.434921e-01,2.111268e-02,3.280954e-02
1000,layers.2.qk_lut.log_select_temp,7.245053e-01,1.242632e-02,1.715145e-02
1000,layers.2.v_lut.weights,2.730031e+01,1.562012e+01,5.721589e-01
1000,layers.2.v_lut.log_soft_score_temp,7.859462e-01,2.724087e-02,3.465997e-02
1000,layers.2.v_lut.log_select_temp,8.133767e-01,4.307383e-02,5.295681e-02
1000,layers.2.out_proj.weights,4.309223e+01,2.575688e+01,5.977152e-01
1000,layers.2.out_proj.log_soft_score_temp,6.894392e-01,6.765127e-03,9.812508e-03
1000,layers.2.out_proj.log_select_temp,7.356830e-01,1.893103e-02,2.573259e-02
1000,layers.2.residual_lut.weights,5.174526e+01,2.957652e+01,5.715792e-01
1000,layers.2.residual_lut.log_soft_score_temp,6.713643e-01,2.004117e-02,2.985140e-02
1000,layers.2.residual_lut.log_select_temp,7.594540e-01,2.145511e-02,2.825070e-02
1000,layers.2.q_norm.weight,8.249318e+00,8.921473e-02,1.081480e-02
1000,layers.2.q_norm.bias,1.927822e-01,5.182110e-02,2.688064e-01
1000,layers.2.k_norm.weight,8.236648e+00,8.854150e-02,1.074970e-02
1000,layers.2.k_norm.bias,2.989734e-01,7.999115e-02,2.675527e-01
1000,layers.3.qk_lut.weights,3.588183e+01,2.092207e+01,5.830825e-01
1000,layers.3.qk_lut.log_soft_score_temp,6.469768e-01,1.975811e-02,3.053913e-02
1000,layers.3.qk_lut.log_select_temp,7.058476e-01,4.453659e-03,6.309661e-03
1000,layers.3.v_lut.weights,2.756941e+01,1.603009e+01,5.814448e-01
1000,layers.3.v_lut.log_soft_score_temp,7.666070e-01,2.599198e-02,3.390521e-02
1000,layers.3.v_lut.log_select_temp,7.769842e-01,3.191215e-02,4.107181e-02
1000,layers.3.out_proj.weights,4.432001e+01,2.657190e+01,5.995462e-01
1000,layers.3.out_proj.log_soft_score_temp,6.514709e-01,1.648790e-02,2.530872e-02
1000,layers.3.out_proj.log_select_temp,6.901114e-01,1.820743e-03,2.638332e-03
1000,layers.3.residual_lut.weights,5.088031e+01,2.963747e+01,5.824939e-01
1000,layers.3.residual_lut.log_soft_score_temp,6.176671e-01,3.225249e-02,5.221662e-02
1000,layers.3.residual_lut.log_select_temp,7.076758e-01,7.604659e-03,1.074596e-02
1000,layers.3.q_norm.weight,8.134253e+00,6.894519e-02,8.475910e-03
1000,layers.3.q_norm.bias,1.172324e-01,3.681232e-02,3.140115e-01
1000,layers.3.k_norm.weight,8.126889e+00,6.718070e-02,8.266472e-03
1000,layers.3.k_norm.bias,2.317615e-01,7.209433e-02,3.110712e-01
1000,layers.4.qk_lut.weights,3.610252e+01,2.110930e+01,5.847044e-01
1000,layers.4.qk_lut.log_soft_score_temp,6.810663e-01,6.164551e-03,9.051322e-03
1000,layers.4.qk_lut.log_select_temp,7.063985e-01,4.717886e-03,6.678788e-03
1000,layers.4.v_lut.weights,2.713760e+01,1.575215e+01,5.804547e-01
1000,layers.4.v_lut.log_soft_score_temp,7.448214e-01,1.886034e-02,2.532196e-02
1000,layers.4.v_lut.log_select_temp,7.499107e-01,2.129012e-02,2.839021e-02
1000,layers.4.out_proj.weights,4.679727e+01,2.792815e+01,5.967903e-01
1000,layers.4.out_proj.log_soft_score_temp,6.159605e-01,2.822411e-02,4.582130e-02
1000,layers.4.out_proj.log_select_temp,6.369255e-01,1.806056e-02,2.835585e-02
1000,layers.4.residual_lut.weights,5.036390e+01,2.981999e+01,5.920906e-01
1000,layers.4.residual_lut.log_soft_score_temp,5.819865e-01,4.035240e-02,6.933564e-02
1000,layers.4.residual_lut.log_select_temp,6.541548e-01,9.556353e-03,1.460870e-02
1000,layers.4.q_norm.weight,8.042879e+00,4.356704e-02,5.416847e-03
1000,layers.4.q_norm.bias,9.071869e-02,3.562296e-02,3.926750e-01
1000,layers.4.k_norm.weight,8.036866e+00,4.161781e-02,5.178363e-03
1000,layers.4.k_norm.bias,1.254982e-01,4.373194e-02,3.484666e-01
1000,layers.5.qk_lut.weights,3.627612e+01,2.145622e+01,5.914697e-01
1000,layers.5.qk_lut.log_soft_score_temp,6.610780e-01,1.289737e-02,1.950961e-02
1000,layers.5.qk_lut.log_select_temp,6.884984e-01,2.206266e-03,3.204460e-03
1000,layers.5.v_lut.weights,2.827189e+01,1.656048e+01,5.857577e-01
1000,layers.5.v_lut.log_soft_score_temp,7.423536e-01,1.515567e-02,2.041571e-02
1000,layers.5.v_lut.log_select_temp,7.494752e-01,1.787555e-02,2.385076e-02
1000,layers.5.out_proj.weights,5.029342e+01,2.872245e+01,5.710976e-01
1000,layers.5.out_proj.log_soft_score_temp,6.806621e-01,3.785610e-03,5.561659e-03
1000,layers.5.out_proj.log_select_temp,6.951146e-01,3.335357e-03,4.798284e-03
1000,layers.5.residual_lut.weights,5.058721e+01,3.019094e+01,5.968098e-01
1000,layers.5.residual_lut.log_soft_score_temp,5.760317e-01,3.813457e-02,6.620221e-02
1000,layers.5.residual_lut.log_select_temp,6.343245e-01,1.166612e-02,1.839141e-02
1000,layers.5.q_norm.weight,8.071101e+00,4.107422e-02,5.089048e-03
1000,layers.5.q_norm.bias,9.431631e-02,2.544197e-02,2.697515e-01
1000,layers.5.k_norm.weight,8.068108e+00,4.016222e-02,4.977898e-03
1000,layers.5.k_norm.bias,1.843559e-01,4.989592e-02,2.706500e-01
1000,ln_final.weight,2.225891e+01,7.912568e-01,3.554786e-02
1000,ln_final.bias,1.120003e+00,1.330105e-01,1.187591e-01
1200,tok_emb_E.weight,8.404612e+01,4.017913e+00,4.780605e-02
1200,unembedder.weight,1.596498e+02,2.758212e+01,1.727664e-01
1200,layers.0.qk_lut.weights,4.290163e+01,1.900708e+01,4.430387e-01
1200,layers.0.qk_lut.log_soft_score_temp,7.754449e-01,1.447606e-02,1.866807e-02
1200,layers.0.qk_lut.log_select_temp,7.526512e-01,1.224303e-02,1.626654e-02
1200,layers.0.v_lut.weights,3.347327e+01,1.480857e+01,4.423999e-01
1200,layers.0.v_lut.log_soft_score_temp,8.816986e-01,4.267889e-02,4.840531e-02
1200,layers.0.v_lut.log_select_temp,8.747216e-01,4.297686e-02,4.913204e-02
1200,layers.0.out_proj.weights,5.080397e+01,2.391555e+01,4.707418e-01
1200,layers.0.out_proj.log_soft_score_temp,7.756748e-01,1.907855e-02,2.459607e-02
1200,layers.0.out_proj.log_select_temp,8.489943e-01,2.416223e-02,2.845983e-02
1200,layers.0.residual_lut.weights,6.309421e+01,2.898473e+01,4.593880e-01
1200,layers.0.residual_lut.log_soft_score_temp,7.481660e-01,3.663301e-04,4.896375e-04
1200,layers.0.residual_lut.log_select_temp,8.120421e-01,2.602422e-02,3.204788e-02
1200,layers.0.q_norm.weight,8.540059e+00,8.146914e-02,9.539646e-03
1200,layers.0.q_norm.bias,3.665603e-01,4.941736e-02,1.348137e-01
1200,layers.0.k_norm.weight,8.529119e+00,7.904099e-02,9.267192e-03
1200,layers.0.k_norm.bias,4.391952e-01,6.551012e-02,1.491595e-01
1200,layers.1.qk_lut.weights,4.263319e+01,1.985881e+01,4.658063e-01
1200,layers.1.qk_lut.log_soft_score_temp,5.961505e-01,1.979601e-02,3.320640e-02
1200,layers.1.qk_lut.log_select_temp,6.739132e-01,1.143098e-03,1.696209e-03
1200,layers.1.v_lut.weights,3.349448e+01,1.584418e+01,4.730384e-01
1200,layers.1.v_lut.log_soft_score_temp,7.572669e-01,7.993996e-03,1.055638e-02
1200,layers.1.v_lut.log_select_temp,8.289489e-01,2.435338e-02,2.937863e-02
1200,layers.1.out_proj.weights,5.034518e+01,2.460671e+01,4.887599e-01
1200,layers.1.out_proj.log_soft_score_temp,6.948847e-01,3.157687e-02,4.544189e-02
1200,layers.1.out_proj.log_select_temp,7.958635e-01,1.593560e-02,2.002303e-02
1200,layers.1.residual_lut.weights,6.251947e+01,2.901856e+01,4.641524e-01
1200,layers.1.residual_lut.log_soft_score_temp,7.093467e-01,1.541466e-02,2.173078e-02
1200,layers.1.residual_lut.log_select_temp,8.117312e-01,2.457505e-02,3.027487e-02
1200,layers.1.q_norm.weight,8.314998e+00,6.883902e-02,8.278898e-03
1200,layers.1.q_norm.bias,2.436741e-01,4.125550e-02,1.693060e-01
1200,layers.1.k_norm.weight,8.306888e+00,6.754344e-02,8.131016e-03
1200,layers.1.k_norm.bias,4.347415e-01,7.260825e-02,1.670148e-01
1200,layers.2.qk_lut.weights,4.268539e+01,2.026469e+01,4.747454e-01
1200,layers.2.qk_lut.log_soft_score_temp,6.219483e-01,2.154380e-02,3.463921e-02
1200,layers.2.qk_lut.log_select_temp,7.347182e-01,1.021290e-02,1.390043e-02
1200,layers.2.v_lut.weights,3.276664e+01,1.550923e+01,4.733239e-01
1200,layers.2.v_lut.log_soft_score_temp,7.992285e-01,1.328236e-02,1.661897e-02
1200,layers.2.v_lut.log_select_temp,8.521442e-01,3.876752e-02,4.549408e-02
1200,layers.2.out_proj.weights,5.144850e+01,2.542850e+01,4.942515e-01
1200,layers.2.out_proj.log_soft_score_temp,6.767653e-01,1.267391e-02,1.872719e-02
1200,layers.2.out_proj.log_select_temp,7.527330e-01,1.704997e-02,2.265075e-02
1200,layers.2.residual_lut.weights,6.175176e+01,2.913412e+01,4.717943e-01
1200,layers.2.residual_lut.log_soft_score_temp,6.424750e-01,2.888930e-02,4.496564e-02
1200,layers.2.residual_lut.log_select_temp,7.803158e-01,2.086180e-02,2.673508e-02
1200,layers.2.q_norm.weight,8.322431e+00,8.039018e-02,9.659459e-03
1200,layers.2.q_norm.bias,2.306618e-01,4.056125e-02,1.758473e-01
1200,layers.2.k_norm.weight,8.308333e+00,7.881050e-02,9.485717e-03
1200,layers.2.k_norm.bias,3.583402e-01,6.398115e-02,1.785486e-01
1200,layers.3.qk_lut.weights,4.295852e+01,2.071539e+01,4.822185e-01
1200,layers.3.qk_lut.log_soft_score_temp,6.250941e-01,2.188265e-02,3.500697e-02
1200,layers.3.qk_lut.log_select_temp,7.114733e-01,5.625725e-03,7.907148e-03
1200,layers.3.v_lut.weights,3.308096e+01,1.586833e+01,4.796816e-01
1200,layers.3.v_lut.log_soft_score_temp,7.863387e-01,1.973170e-02,2.509313e-02
1200,layers.3.v_lut.log_select_temp,8.068922e-01,2.990806e-02,3.706574e-02
1200,layers.3.out_proj.weights,5.250306e+01,2.599772e+01,4.951657e-01
1200,layers.3.out_proj.log_soft_score_temp,6.328306e-01,1.864028e-02,2.945540e-02
1200,layers.3.out_proj.log_select_temp,6.930473e-01,2.935946e-03,4.236285e-03
1200,layers.3.residual_lut.weights,6.069698e+01,2.918412e+01,4.808166e-01
1200,layers.3.residual_lut.log_soft_score_temp,5.832473e-01,3.441983e-02,5.901413e-02
1200,layers.3.residual_lut.log_select_temp,7.168004e-01,9.124577e-03,1.272959e-02
1200,layers.3.q_norm.weight,8.190284e+00,6.670945e-02,8.144950e-03
1200,layers.3.q_norm.bias,1.449161e-01,3.156869e-02,2.178412e-01
1200,layers.3.k_norm.weight,8.179043e+00,6.291519e-02,7.692244e-03
1200,layers.3.k_norm.bias,2.882741e-01,6.363367e-02,2.207401e-01
1200,layers.4.qk_lut.weights,4.320653e+01,2.097220e+01,4.853942e-01
1200,layers.4.qk_lut.log_soft_score_temp,6.753545e-01,5.711854e-03,8.457564e-03
1200,layers.4.qk_lut.log_select_temp,7.116427e-01,5.244136e-03,7.369058e-03
1200,layers.4.v_lut.weights,3.252490e+01,1.558699e+01,4.792325e-01
1200,layers.4.v_lut.log_soft_score_temp,7.589542e-01,1.413280e-02,1.862141e-02
1200,layers.4.v_lut.log_select_temp,7.672898e-01,1.737911e-02,2.264999e-02
1200,layers.4.out_proj.weights,5.486135e+01,2.699043e+01,4.919752e-01
1200,layers.4.out_proj.log_soft_score_temp,5.861049e-01,2.985561e-02,5.093902e-02
1200,layers.4.out_proj.log_select_temp,6.190752e-01,1.785028e-02,2.883378e-02
1200,layers.4.residual_lut.weights,6.003998e+01,2.942711e+01,4.901253e-01
1200,layers.4.residual_lut.log_soft_score_temp,5.453299e-01,3.665662e-02,6.721916e-02
1200,layers.4.residual_lut.log_select_temp,6.522303e-01,1.924455e-03,2.950576e-03
1200,layers.4.q_norm.weight,8.067886e+00,3.808265e-02,4.720276e-03
1200,layers.4.q_norm.bias,1.152629e-01,2.719729e-02,2.359587e-01
1200,layers.4.k_norm.weight,8.059370e+00,3.475868e-02,4.312829e-03
1200,layers.4.k_norm.bias,1.649028e-01,4.481941e-02,2.717929e-01
1200,layers.5.qk_lut.weights,4.334252e+01,2.136713e+01,4.929832e-01
1200,layers.5.qk_lut.log_soft_score_temp,6.535305e-01,7.547438e-03,1.154872e-02
1200,layers.5.qk_lut.log_select_temp,6.906135e-01,2.115071e-03,3.062597e-03
1200,layers.5.v_lut.weights,3.388908e+01,1.624898e+01,4.794755e-01
1200,layers.5.v_lut.log_soft_score_temp,7.554324e-01,1.307881e-02,1.731301e-02
1200,layers.5.v_lut.log_select_temp,7.667474e-01,1.727217e-02,2.252655e-02
1200,layers.5.out_proj.weights,5.894260e+01,2.817670e+01,4.780363e-01
1200,layers.5.out_proj.log_soft_score_temp,6.749739e-01,5.688190e-03,8.427275e-03
1200,layers.5.out_proj.log_select_temp,6.982797e-01,3.165185e-03,4.532833e-03
1200,layers.5.residual_lut.weights,6.031371e+01,2.986294e+01,4.951268e-01
1200,layers.5.residual_lut.log_soft_score_temp,5.399329e-01,3.609884e-02,6.685801e-02
1200,layers.5.residual_lut.log_select_temp,6.300930e-01,4.231513e-03,6.715695e-03
1200,layers.5.q_norm.weight,8.092791e+00,3.519033e-02,4.348355e-03
1200,layers.5.q_norm.bias,1.151363e-01,2.490892e-02,2.163429e-01
1200,layers.5.k_norm.weight,8.089347e+00,3.619767e-02,4.474733e-03
1200,layers.5.k_norm.bias,2.262273e-01,4.569555e-02,2.019895e-01
1200,ln_final.weight,2.302413e+01,7.680034e-01,3.335646e-02
1200,ln_final.bias,1.187525e+00,9.823764e-02,8.272468e-02
1400,tok_emb_E.weight,8.418703e+01,3.959203e+00,4.702865e-02
1400,unembedder.weight,1.676241e+02,2.433989e+01,1.452052e-01
1400,layers.0.qk_lut.weights,4.888837e+01,1.876556e+01,3.838451e-01
1400,layers.0.qk_lut.log_soft_score_temp,7.912746e-01,1.582968e-02,2.000530e-02
1400,layers.0.qk_lut.log_select_temp,7.668748e-01,1.422364e-02,1.854753e-02
1400,layers.0.v_lut.weights,3.813690e+01,1.476877e+01,3.872566e-01
1400,layers.0.v_lut.log_soft_score_temp,9.213887e-01,3.969014e-02,4.307643e-02
1400,layers.0.v_lut.log_select_temp,9.179429e-01,4.322129e-02,4.708495e-02
1400,layers.0.out_proj.weights,5.764930e+01,2.360774e+01,4.095061e-01
1400,layers.0.out_proj.log_soft_score_temp,7.362199e-01,3.945488e-02,5.359116e-02
1400,layers.0.out_proj.log_select_temp,8.606874e-01,1.169306e-02,1.358572e-02
1400,layers.0.residual_lut.weights,7.177797e+01,2.854371e+01,3.976667e-01
1400,layers.0.residual_lut.log_soft_score_temp,7.483917e-01,2.256632e-04,3.015309e-04
1400,layers.0.residual_lut.log_select_temp,8.392796e-01,2.723753e-02,3.245347e-02
1400,layers.0.q_norm.weight,8.603757e+00,7.208428e-02,8.378233e-03
1400,layers.0.q_norm.bias,4.060206e-01,4.176275e-02,1.028587e-01
1400,layers.0.k_norm.weight,8.591526e+00,7.119807e-02,8.287011e-03
1400,layers.0.k_norm.bias,4.912096e-01,5.475477e-02,1.114693e-01
1400,layers.1.qk_lut.weights,4.859674e+01,1.969420e+01,4.052576e-01
1400,layers.1.qk_lut.log_soft_score_temp,5.752435e-01,2.090704e-02,3.634469e-02
1400,layers.1.qk_lut.log_select_temp,6.761768e-01,2.263665e-03,3.347741e-03
1400,layers.1.v_lut.weights,3.810851e+01,1.576675e+01,4.137331e-01
1400,layers.1.v_lut.log_soft_score_temp,7.353709e-01,2.189606e-02,2.977554e-02
1400,layers.1.v_lut.log_select_temp,8.477882e-01,1.883930e-02,2.222171e-02
1400,layers.1.out_proj.weights,5.713146e+01,2.424502e+01,4.243725e-01
1400,layers.1.out_proj.log_soft_score_temp,6.549236e-01,3.996116e-02,6.101652e-02
1400,layers.1.out_proj.log_select_temp,8.008375e-01,4.973948e-03,6.210933e-03
1400,layers.1.residual_lut.weights,7.094063e+01,2.858683e+01,4.029683e-01
1400,layers.1.residual_lut.log_soft_score_temp,6.856161e-01,2.373058e-02,3.461204e-02
1400,layers.1.residual_lut.log_select_temp,8.336940e-01,2.196282e-02,2.634398e-02
1400,layers.1.q_norm.weight,8.359277e+00,5.227830e-02,6.253927e-03
1400,layers.1.q_norm.bias,2.718880e-01,3.028485e-02,1.113872e-01
1400,layers.1.k_norm.weight,8.349013e+00,5.186915e-02,6.212609e-03
1400,layers.1.k_norm.bias,4.908088e-01,6.043655e-02,1.231366e-01
1400,layers.2.qk_lut.weights,4.864871e+01,2.015384e+01,4.142728e-01
1400,layers.2.qk_lut.log_soft_score_temp,5.953479e-01,2.660036e-02,4.468036e-02
1400,layers.2.qk_lut.log_select_temp,7.454744e-01,1.075619e-02,1.442866e-02
1400,layers.2.v_lut.weights,3.742857e+01,1.549767e+01,4.140600e-01
1400,layers.2.v_lut.log_soft_score_temp,7.962055e-01,3.023028e-03,3.796794e-03
1400,layers.2.v_lut.log_select_temp,8.886418e-01,3.649765e-02,4.107127e-02
1400,layers.2.out_proj.weights,5.855172e+01,2.511379e+01,4.289163e-01
1400,layers.2.out_proj.log_soft_score_temp,6.587285e-01,1.803672e-02,2.738112e-02
1400,layers.2.out_proj.log_select_temp,7.713409e-01,1.860791e-02,2.412411e-02
1400,layers.2.residual_lut.weights,7.017526e+01,2.870446e+01,4.090396e-01
1400,layers.2.residual_lut.log_soft_score_temp,6.118287e-01,3.064632e-02,5.008971e-02
1400,layers.2.residual_lut.log_select_temp,7.995208e-01,1.920497e-02,2.402061e-02
1400,layers.2.q_norm.weight,8.384723e+00,6.862529e-02,8.184563e-03
1400,layers.2.q_norm.bias,2.621359e-01,3.303602e-02,1.260263e-01
1400,layers.2.k_norm.weight,8.369230e+00,6.831238e-02,8.162325e-03
1400,layers.2.k_norm.bias,4.047126e-01,5.309774e-02,1.311986e-01
1400,layers.3.qk_lut.weights,4.892376e+01,2.053016e+01,4.196357e-01
1400,layers.3.qk_lut.log_soft_score_temp,6.003318e-01,2.476233e-02,4.124775e-02
1400,layers.3.qk_lut.log_select_temp,7.160192e-01,4.545808e-03,6.348724e-03
1400,layers.3.v_lut.weights,3.778143e+01,1.579044e+01,4.179419e-01
1400,layers.3.v_lut.log_soft_score_temp,8.015248e-01,1.518607e-02,1.894648e-02
1400,layers.3.v_lut.log_select_temp,8.354113e-01,2.851903e-02,3.413772e-02
1400,layers.3.out_proj.weights,5.944247e+01,2.539020e+01,4.271391e-01
1400,layers.3.out_proj.log_soft_score_temp,6.175995e-01,1.523113e-02,2.466183e-02
1400,layers.3.out_proj.log_select_temp,7.023600e-01,9.312630e-03,1.325906e-02
1400,layers.3.residual_lut.weights,6.898542e+01,2.879252e+01,4.173711e-01
1400,layers.3.residual_lut.log_soft_score_temp,5.515099e-01,3.173745e-02,5.754647e-02
1400,layers.3.residual_lut.log_select_temp,7.288638e-01,1.206344e-02,1.655103e-02
1400,layers.3.q_norm.weight,8.238434e+00,5.516553e-02,6.696118e-03
1400,layers.3.q_norm.bias,1.678231e-01,2.688915e-02,1.602232e-01
1400,layers.3.k_norm.weight,8.224912e+00,5.382812e-02,6.544523e-03
1400,layers.3.k_norm.bias,3.401681e-01,5.911196e-02,1.737728e-01
1400,layers.4.qk_lut.weights,4.912614e+01,2.059347e+01,4.191957e-01
1400,layers.4.qk_lut.log_soft_score_temp,6.691822e-01,6.172299e-03,9.223646e-03
1400,layers.4.qk_lut.log_select_temp,7.190763e-01,7.433653e-03,1.033778e-02
1400,layers.4.v_lut.weights,3.711200e+01,1.534093e+01,4.133684e-01
1400,layers.4.v_lut.log_soft_score_temp,7.772691e-01,1.831490e-02,2.356314e-02
1400,layers.4.v_lut.log_select_temp,7.896376e-01,2.234781e-02,2.830135e-02
1400,layers.4.out_proj.weights,6.152930e+01,2.610319e+01,4.242400e-01
1400,layers.4.out_proj.log_soft_score_temp,5.596123e-01,2.649260e-02,4.734098e-02
1400,layers.4.out_proj.log_select_temp,6.065436e-01,1.253164e-02,2.066074e-02
1400,layers.4.residual_lut.weights,6.821760e+01,2.905697e+01,4.259454e-01
1400,layers.4.residual_lut.log_soft_score_temp,5.116385e-01,3.369135e-02,6.584990e-02
1400,layers.4.residual_lut.log_select_temp,6.556560e-01,3.425717e-03,5.224870e-03
1400,layers.4.q_norm.weight,8.098919e+00,3.862176e-02,4.768755e-03
1400,layers.4.q_norm.bias,1.393711e-01,2.743896e-02,1.968769e-01
1400,layers.4.k_norm.weight,8.088409e+00,3.773334e-02,4.665113e-03
1400,layers.4.k_norm.bias,2.002624e-01,4.082344e-02,2.038497e-01
1400,layers.5.qk_lut.weights,4.928703e+01,2.089326e+01,4.239098e-01
1400,layers.5.qk_lut.log_soft_score_temp,6.465713e-01,6.959260e-03,1.076333e-02
1400,layers.5.qk_lut.log_select_temp,6.946384e-01,4.024923e-03,5.794270e-03
1400,layers.5.v_lut.weights,3.857710e+01,1.603201e+01,4.155836e-01
1400,layers.5.v_lut.log_soft_score_temp,7.719855e-01,1.655310e-02,2.144225e-02
1400,layers.5.v_lut.log_select_temp,7.869422e-01,2.019489e-02,2.566248e-02
1400,layers.5.out_proj.weights,6.611395e+01,2.696964e+01,4.079266e-01
1400,layers.5.out_proj.log_soft_score_temp,6.724235e-01,2.550423e-03,3.792882e-03
1400,layers.5.out_proj.log_select_temp,7.058814e-01,7.601619e-03,1.076898e-02
1400,layers.5.residual_lut.weights,6.862136e+01,2.945448e+01,4.292320e-01
1400,layers.5.residual_lut.log_soft_score_temp,5.113601e-01,2.857280e-02,5.587608e-02
1400,layers.5.residual_lut.log_select_temp,6.354470e-01,5.353987e-03,8.425545e-03
1400,layers.5.q_norm.weight,8.125518e+00,4.302267e-02,5.294760e-03
1400,layers.5.q_norm.bias,1.392759e-01,2.762904e-02,1.983762e-01
1400,layers.5.k_norm.weight,8.120755e+00,4.167768e-02,5.132242e-03
1400,layers.5.k_norm.bias,2.728071e-01,5.131982e-02,1.881176e-01
1400,ln_final.weight,2.377621e+01,7.547891e-01,3.174556e-02
1400,ln_final.bias,1.228767e+00,8.291671e-02,6.747960e-02
1600,tok_emb_E.weight,8.432445e+01,3.884410e+00,4.606506e-02
1600,unembedder.weight,1.750235e+02,2.440022e+01,1.394111e-01
1600,layers.0.qk_lut.weights,5.412131e+01,1.867222e+01,3.450069e-01
1600,layers.0.qk_lut.log_soft_score_temp,8.053428e-01,1.406819e-02,1.746857e-02
1600,layers.0.qk_lut.log_select_temp,7.802999e-01,1.342511e-02,1.720507e-02
1600,layers.0.v_lut.weights,4.220420e+01,1.462761e+01,3.465913e-01
1600,layers.0.v_lut.log_soft_score_temp,9.541816e-01,3.279287e-02,3.436753e-02
1600,layers.0.v_lut.log_select_temp,9.585845e-01,4.064161e-02,4.239752e-02
1600,layers.0.out_proj.weights,6.357126e+01,2.322870e+01,3.653962e-01
1600,layers.0.out_proj.log_soft_score_temp,6.895984e-01,4.662150e-02,6.760674e-02
1600,layers.0.out_proj.log_select_temp,8.629012e-01,2.213776e-03,2.565504e-03
1600,layers.0.residual_lut.weights,7.933352e+01,2.804779e+01,3.535428e-01
1600,layers.0.residual_lut.log_soft_score_temp,7.420731e-01,6.318629e-03,8.514834e-03
1600,layers.0.residual_lut.log_select_temp,8.671189e-01,2.783930e-02,3.210552e-02
1600,layers.0.q_norm.weight,8.653956e+00,5.547932e-02,6.410862e-03
1600,layers.0.q_norm.bias,4.378374e-01,3.419123e-02,7.809115e-02
1600,layers.0.k_norm.weight,8.639828e+00,5.344152e-02,6.185485e-03
1600,layers.0.k_norm.bias,5.334216e-01,4.674403e-02,8.763055e-02
1600,layers.1.qk_lut.weights,5.380551e+01,1.947561e+01,3.619632e-01
1600,layers.1.qk_lut.log_soft_score_temp,5.580892e-01,1.715428e-02,3.073752e-02
1600,layers.1.qk_lut.log_select_temp,6.795698e-01,3.392994e-03,4.992856e-03
1600,layers.1.v_lut.weights,4.210583e+01,1.558646e+01,3.701733e-01
1600,layers.1.v_lut.log_soft_score_temp,7.118024e-01,2.356851e-02,3.311103e-02
1600,layers.1.v_lut.log_select_temp,8.609595e-01,1.317132e-02,1.529841e-02
1600,layers.1.out_proj.weights,6.300116e+01,2.388182e+01,3.790695e-01
1600,layers.1.out_proj.log_soft_score_temp,6.095091e-01,4.541451e-02,7.450998e-02
1600,layers.1.out_proj.log_select_temp,7.979209e-01,2.916574e-03,3.655218e-03
1600,layers.1.residual_lut.weights,7.826421e+01,2.810383e+01,3.590891e-01
1600,layers.1.residual_lut.log_soft_score_temp,6.588374e-01,2.677870e-02,4.064538e-02
1600,layers.1.residual_lut.log_select_temp,8.524109e-01,1.871687e-02,2.195757e-02
1600,layers.1.q_norm.weight,8.394708e+00,4.536401e-02,5.403882e-03
1600,layers.1.q_norm.bias,2.960991e-01,2.661618e-02,8.988946e-02
1600,layers.1.k_norm.weight,8.382804e+00,4.340809e-02,5.178231e-03
1600,layers.1.k_norm.bias,5.392185e-01,5.409198e-02,1.003155e-01
1600,layers.2.qk_lut.weights,5.385643e+01,1.990181e+01,3.695345e-01
1600,layers.2.qk_lut.log_soft_score_temp,5.731794e-01,2.216852e-02,3.867640e-02
1600,layers.2.qk_lut.log_select_temp,7.562046e-01,1.073021e-02,1.418956e-02
1600,layers.2.v_lut.weights,4.150454e+01,1.527044e+01,3.679221e-01
1600,layers.2.v_lut.log_soft_score_temp,7.833388e-01,1.286668e-02,1.642543e-02
1600,layers.2.v_lut.log_select_temp,9.201877e-01,3.154582e-02,3.428194e-02
1600,layers.2.out_proj.weights,6.480311e+01,2.467350e+01,3.807456e-01
1600,layers.2.out_proj.log_soft_score_temp,6.373788e-01,2.134973e-02,3.349614e-02
1600,layers.2.out_proj.log_select_temp,7.881473e-01,1.680642e-02,2.132396e-02
1600,layers.2.residual_lut.weights,7.753015e+01,2.826879e+01,3.646167e-01
1600,layers.2.residual_lut.log_soft_score_temp,5.803458e-01,3.148288e-02,5.424848e-02
1600,layers.2.residual_lut.log_select_temp,8.200780e-01,2.055722e-02,2.506740e-02
1600,layers.2.q_norm.weight,8.443270e+00,6.353856e-02,7.525350e-03
1600,layers.2.q_norm.bias,2.856196e-01,2.687746e-02,9.410228e-02
1600,layers.2.k_norm.weight,8.425799e+00,6.197130e-02,7.354946e-03
1600,layers.2.k_norm.bias,4.432840e-01,4.337843e-02,9.785697e-02
1600,layers.3.qk_lut.weights,5.413680e+01,2.031135e+01,3.751855e-01
1600,layers.3.qk_lut.log_soft_score_temp,5.819663e-01,1.836550e-02,3.155767e-02
1600,layers.3.qk_lut.log_select_temp,7.253863e-01,9.367168e-03,1.291335e-02
1600,layers.3.v_lut.weights,4.184478e+01,1.549800e+01,3.703688e-01
1600,layers.3.v_lut.log_soft_score_temp,8.142234e-01,1.269859e-02,1.559595e-02
1600,layers.3.v_lut.log_select_temp,8.633884e-01,2.797717e-02,3.240392e-02
1600,layers.3.out_proj.weights,6.551925e+01,2.495430e+01,3.808697e-01
1600,layers.3.out_proj.log_soft_score_temp,6.016158e-01,1.598370e-02,2.656795e-02
1600,layers.3.out_proj.log_select_temp,7.114916e-01,9.131670e-03,1.283454e-02
1600,layers.3.residual_lut.weights,7.623677e+01,2.837863e+01,3.722433e-01
1600,layers.3.residual_lut.log_soft_score_temp,5.228334e-01,2.867645e-02,5.484816e-02
1600,layers.3.residual_lut.log_select_temp,7.459159e-01,1.705205e-02,2.286056e-02
1600,layers.3.q_norm.weight,8.282430e+00,5.055008e-02,6.103292e-03
1600,layers.3.q_norm.bias,1.898383e-01,2.494100e-02,1.313803e-01
1600,layers.3.k_norm.weight,8.267345e+00,5.079302e-02,6.143813e-03
1600,layers.3.k_norm.bias,3.779694e-01,4.174665e-02,1.104498e-01
1600,layers.4.qk_lut.weights,5.435954e+01,2.030583e+01,3.735468e-01
1600,layers.4.qk_lut.log_soft_score_temp,6.639813e-01,5.200863e-03,7.832845e-03
1600,layers.4.qk_lut.log_select_temp,7.262723e-01,7.196009e-03,9.908142e-03
1600,layers.4.v_lut.weights,4.113837e+01,1.512148e+01,3.675760e-01
1600,layers.4.v_lut.log_soft_score_temp,7.966464e-01,1.937729e-02,2.432358e-02
1600,layers.4.v_lut.log_select_temp,8.146116e-01,2.497405e-02,3.065761e-02
1600,layers.4.out_proj.weights,6.739421e+01,2.550076e+01,3.783820e-01
1600,layers.4.out_proj.log_soft_score_temp,5.387776e-01,2.083462e-02,3.867017e-02
1600,layers.4.out_proj.log_select_temp,6.008613e-01,5.682349e-03,9.457007e-03
1600,layers.4.residual_lut.weights,7.538206e+01,2.862719e+01,3.797613e-01
1600,layers.4.residual_lut.log_soft_score_temp,4.836312e-01,2.800730e-02,5.791044e-02
1600,layers.4.residual_lut.log_select_temp,6.676987e-01,1.204270e-02,1.803613e-02
1600,layers.4.q_norm.weight,8.131398e+00,4.144613e-02,5.097049e-03
1600,layers.4.q_norm.bias,1.654321e-01,3.048543e-02,1.842777e-01
1600,layers.4.k_norm.weight,8.119366e+00,3.861683e-02,4.756139e-03
1600,layers.4.k_norm.bias,2.373616e-01,4.227677e-02,1.781113e-01
1600,layers.5.qk_lut.weights,5.450449e+01,2.070551e+01,3.798863e-01
1600,layers.5.qk_lut.log_soft_score_temp,6.403506e-01,6.220698e-03,9.714520e-03
1600,layers.5.qk_lut.log_select_temp,7.002450e-01,5.606532e-03,8.006530e-03
1600,layers.5.v_lut.weights,4.271044e+01,1.579212e+01,3.697486e-01
1600,layers.5.v_lut.log_soft_score_temp,7.849537e-01,1.296818e-02,1.652095e-02
1600,layers.5.v_lut.log_select_temp,8.054754e-01,1.853311e-02,2.300891e-02
1600,layers.5.out_proj.weights,7.233850e+01,2.633027e+01,3.639869e-01
1600,layers.5.out_proj.log_soft_score_temp,6.726151e-01,1.915693e-04,2.848127e-04
1600,layers.5.out_proj.log_select_temp,7.160576e-01,1.017624e-02,1.421148e-02
1600,layers.5.residual_lut.weights,7.584643e+01,2.900054e+01,3.823587e-01
1600,layers.5.residual_lut.log_soft_score_temp,4.867710e-01,2.458909e-02,5.051470e-02
1600,layers.5.residual_lut.log_select_temp,6.467437e-01,1.129675e-02,1.746712e-02
1600,layers.5.q_norm.weight,8.152213e+00,3.553550e-02,4.359000e-03
1600,layers.5.q_norm.bias,1.568052e-01,2.220593e-02,1.416147e-01
1600,layers.5.k_norm.weight,8.146956e+00,3.496455e-02,4.291732e-03
1600,layers.5.k_norm.bias,3.012627e-01,3.344771e-02,1.110250e-01
1600,ln_final.weight,2.451876e+01,7.451036e-01,3.038912e-02
1600,ln_final.bias,1.254824e+00,8.182087e-02,6.520507e-02
1800,tok_emb_E.weight,8.445628e+01,3.818300e+00,4.521037e-02
1800,unembedder.weight,1.813165e+02,2.305636e+01,1.271608e-01
1800,layers.0.qk_lut.weights,5.878046e+01,1.831455e+01,3.115755e-01
1800,layers.0.qk_lut.log_soft_score_temp,8.168686e-01,1.152581e-02,1.410975e-02
1800,layers.0.qk_lut.log_select_temp,7.919800e-01,1.168013e-02,1.474801e-02
1800,layers.0.v_lut.weights,4.581530e+01,1.443693e+01,3.151116e-01
1800,layers.0.v_lut.log_soft_score_temp,9.764551e-01,2.227348e-02,2.281055e-02
1800,layers.0.v_lut.log_select_temp,9.951395e-01,3.655499e-02,3.673353e-02
1800,layers.0.out_proj.weights,6.880666e+01,2.279364e+01,3.312708e-01
1800,layers.0.out_proj.log_soft_score_temp,6.426489e-01,4.694951e-02,7.305623e-02
1800,layers.0.out_proj.log_select_temp,8.561822e-01,6.718993e-03,7.847621e-03
1800,layers.0.residual_lut.weights,8.602945e+01,2.750630e+01,3.197312e-01
1800,layers.0.residual_lut.log_soft_score_temp,7.301721e-01,1.190096e-02,1.629884e-02
1800,layers.0.residual_lut.log_select_temp,8.916679e-01,2.454901e-02,2.753156e-02
1800,layers.0.q_norm.weight,8.696283e+00,4.778701e-02,5.495107e-03
1800,layers.0.q_norm.bias,4.646360e-01,2.997158e-02,6.450551e-02
1800,layers.0.k_norm.weight,8.680120e+00,4.652184e-02,5.359585e-03
1800,layers.0.k_norm.bias,5.703042e-01,4.209851e-02,7.381765e-02
1800,layers.1.qk_lut.weights,5.845866e+01,1.923988e+01,3.291194e-01
1800,layers.1.qk_lut.log_soft_score_temp,5.428923e-01,1.519692e-02,2.799251e-02
1800,layers.1.qk_lut.log_select_temp,6.845182e-01,4.948378e-03,7.228993e-03
1800,layers.1.v_lut.weights,4.565601e+01,1.540022e+01,3.373099e-01
1800,layers.1.v_lut.log_soft_score_temp,6.839948e-01,2.780753e-02,4.065460e-02
1800,layers.1.v_lut.log_select_temp,8.715432e-01,1.058376e-02,1.214370e-02
1800,layers.1.out_proj.weights,6.820159e+01,2.348069e+01,3.442836e-01
1800,layers.1.out_proj.log_soft_score_temp,5.635042e-01,4.600489e-02,8.164073e-02
1800,layers.1.out_proj.log_select_temp,7.935566e-01,4.364252e-03,5.499610e-03
1800,layers.1.residual_lut.weights,8.472504e+01,2.759896e+01,3.257474e-01
1800,layers.1.residual_lut.log_soft_score_temp,6.287885e-01,3.004897e-02,4.778867e-02
1800,layers.1.residual_lut.log_select_temp,8.700204e-01,1.760960e-02,2.024044e-02
1800,layers.1.q_norm.weight,8.424795e+00,3.922943e-02,4.656425e-03
1800,layers.1.q_norm.bias,3.152588e-01,2.180691e-02,6.917143e-02
1800,layers.1.k_norm.weight,8.411669e+00,3.854969e-02,4.582883e-03
1800,layers.1.k_norm.bias,5.752022e-01,4.258841e-02,7.404076e-02
1800,layers.2.qk_lut.weights,5.847852e+01,1.962323e+01,3.355630e-01
1800,layers.2.qk_lut.log_soft_score_temp,5.519855e-01,2.119392e-02,3.839579e-02
1800,layers.2.qk_lut.log_select_temp,7.686331e-01,1.242846e-02,1.616957e-02
1800,layers.2.v_lut.weights,4.511623e+01,1.510166e+01,3.347278e-01
1800,layers.2.v_lut.log_soft_score_temp,7.612225e-01,2.211630e-02,2.905366e-02
1800,layers.2.v_lut.log_select_temp,9.445990e-01,2.441132e-02,2.584305e-02
1800,layers.2.out_proj.weights,7.035545e+01,2.416785e+01,3.435108e-01
1800,layers.2.out_proj.log_soft_score_temp,6.104994e-01,2.687943e-02,4.402859e-02
1800,layers.2.out_proj.log_select_temp,8.019240e-01,1.377666e-02,1.717951e-02
1800,layers.2.residual_lut.weights,8.403962e+01,2.781876e+01,3.310196e-01
1800,layers.2.residual_lut.log_soft_score_temp,5.517987e-01,2.854711e-02,5.173464e-02
1800,layers.2.residual_lut.log_select_temp,8.388185e-01,1.874048e-02,2.234151e-02
1800,layers.2.q_norm.weight,8.498291e+00,5.968333e-02,7.022981e-03
1800,layers.2.q_norm.bias,3.117756e-01,2.864679e-02,9.188271e-02
1800,layers.2.k_norm.weight,8.479400e+00,5.978002e-02,7.050030e-03
1800,layers.2.k_norm.bias,4.749421e-01,3.799936e-02,8.000839e-02
1800,layers.3.qk_lut.weights,5.876445e+01,1.996478e+01,3.397426e-01
1800,layers.3.qk_lut.log_soft_score_temp,5.585861e-01,2.338022e-02,4.185607e-02
1800,layers.3.qk_lut.log_select_temp,7.321329e-01,6.746531e-03,9.214899e-03
1800,layers.3.v_lut.weights,4.550042e+01,1.525989e+01,3.353791e-01
1800,layers.3.v_lut.log_soft_score_temp,8.212123e-01,6.988883e-03,8.510446e-03
1800,layers.3.v_lut.log_select_temp,8.897077e-01,2.631927e-02,2.958192e-02
1800,layers.3.out_proj.weights,7.100919e+01,2.449706e+01,3.449844e-01
1800,layers.3.out_proj.log_soft_score_temp,5.860744e-01,1.554143e-02,2.651785e-02
1800,layers.3.out_proj.log_select_temp,7.257531e-01,1.426142e-02,1.965052e-02
1800,layers.3.residual_lut.weights,8.266248e+01,2.793080e+01,3.378897e-01
1800,layers.3.residual_lut.log_soft_score_temp,4.958197e-01,2.701369e-02,5.448289e-02
1800,layers.3.residual_lut.log_select_temp,7.625337e-01,1.661783e-02,2.179292e-02
1800,layers.3.q_norm.weight,8.328046e+00,5.214729e-02,6.261648e-03
1800,layers.3.q_norm.bias,2.116165e-01,2.528819e-02,1.195001e-01
1800,layers.3.k_norm.weight,8.310851e+00,5.085556e-02,6.119176e-03
1800,layers.3.k_norm.bias,4.143578e-01,4.210676e-02,1.016193e-01
1800,layers.4.qk_lut.weights,5.900252e+01,1.997260e+01,3.385041e-01
1800,layers.4.qk_lut.log_soft_score_temp,6.556492e-01,8.332074e-03,1.270813e-02
1800,layers.4.qk_lut.log_select_temp,7.327617e-01,6.489336e-03,8.855999e-03
1800,layers.4.v_lut.weights,4.470919e+01,1.488981e+01,3.330368e-01
1800,layers.4.v_lut.log_soft_score_temp,8.151392e-01,1.849282e-02,2.268670e-02
1800,layers.4.v_lut.log_select_temp,8.389725e-01,2.436090e-02,2.903658e-02
1800,layers.4.out_proj.weights,7.263983e+01,2.511943e+01,3.458079e-01
1800,layers.4.out_proj.log_soft_score_temp,5.156087e-01,2.316892e-02,4.493508e-02
1800,layers.4.out_proj.log_select_temp,5.954636e-01,5.397677e-03,9.064664e-03
1800,layers.4.residual_lut.weights,8.181725e+01,2.819061e+01,3.445559e-01
1800,layers.4.residual_lut.log_soft_score_temp,4.622457e-01,2.138555e-02,4.626447e-02
1800,layers.4.residual_lut.log_select_temp,6.853645e-01,1.766580e-02,2.577578e-02
1800,layers.4.q_norm.weight,8.163767e+00,4.068308e-02,4.983371e-03
1800,layers.4.q_norm.bias,1.904418e-01,2.815326e-02,1.478313e-01
1800,layers.4.k_norm.weight,8.149692e+00,3.692571e-02,4.530934e-03
1800,layers.4.k_norm.bias,2.688822e-01,3.678406e-02,1.368036e-01
1800,layers.5.qk_lut.weights,5.911724e+01,2.032587e+01,3.438230e-01
1800,layers.5.qk_lut.log_soft_score_temp,6.339995e-01,6.351113e-03,1.001754e-02
1800,layers.5.qk_lut.log_select_temp,7.043908e-01,4.145861e-03,5.885739e-03
1800,layers.5.v_lut.weights,4.640353e+01,1.556077e+01,3.353359e-01
1800,layers.5.v_lut.log_soft_score_temp,7.977622e-01,1.280856e-02,1.605561e-02
1800,layers.5.v_lut.log_select_temp,8.240825e-01,1.860714e-02,2.257922e-02
1800,layers.5.out_proj.weights,7.799647e+01,2.579406e+01,3.307081e-01
1800,layers.5.out_proj.log_soft_score_temp,6.745262e-01,1.911104e-03,2.833254e-03
1800,layers.5.out_proj.log_select_temp,7.307510e-01,1.469338e-02,2.010723e-02
1800,layers.5.residual_lut.weights,8.236732e+01,2.860337e+01,3.472660e-01
1800,layers.5.residual_lut.log_soft_score_temp,4.704025e-01,1.636851e-02,3.479681e-02
1800,layers.5.residual_lut.log_select_temp,6.670380e-01,2.029431e-02,3.042452e-02
1800,layers.5.q_norm.weight,8.180656e+00,3.727974e-02,4.557060e-03
1800,layers.5.q_norm.bias,1.745845e-01,2.114498e-02,1.211160e-01
1800,layers.5.k_norm.weight,8.174889e+00,3.781170e-02,4.625348e-03
1800,layers.5.k_norm.bias,3.297373e-01,3.524633e-02,1.068922e-01
1800,ln_final.weight,2.524313e+01,7.269060e-01,2.879619e-02
1800,ln_final.bias,1.269866e+00,7.944120e-02,6.255874e-02
2000,tok_emb_E.weight,8.458782e+01,3.744082e+00,4.426266e-02
2000,unembedder.weight,1.870127e+02,2.224665e+01,1.189580e-01
2000,layers.0.qk_lut.weights,6.298204e+01,1.801432e+01,2.860231e-01
2000,layers.0.qk_lut.log_soft_score_temp,8.273094e-01,1.044077e-02,1.262015e-02
2000,layers.0.qk_lut.log_select_temp,8.027308e-01,1.075077e-02,1.339275e-02
2000,layers.0.v_lut.weights,4.903954e+01,1.427355e+01,2.910620e-01
2000,layers.0.v_lut.log_soft_score_temp,9.888846e-01,1.242954e-02,1.256925e-02
2000,layers.0.v_lut.log_select_temp,1.027544e+00,3.240496e-02,3.153631e-02
2000,layers.0.out_proj.weights,7.343897e+01,2.240332e+01,3.050604e-01
2000,layers.0.out_proj.log_soft_score_temp,5.955318e-01,4.711711e-02,7.911772e-02
2000,layers.0.out_proj.log_select_temp,8.462107e-01,9.971499e-03,1.178371e-02
2000,layers.0.residual_lut.weights,9.209504e+01,2.697389e+01,2.928919e-01
2000,layers.0.residual_lut.log_soft_score_temp,7.200173e-01,1.015478e-02,1.410353e-02
2000,layers.0.residual_lut.log_select_temp,9.162655e-01,2.459759e-02,2.684548e-02
2000,layers.0.q_norm.weight,8.738668e+00,4.761905e-02,5.449234e-03
2000,layers.0.q_norm.bias,4.909565e-01,2.892868e-02,5.892311e-02
2000,layers.0.k_norm.weight,8.720955e+00,4.642197e-02,5.323038e-03
2000,layers.0.k_norm.bias,6.035045e-01,3.772746e-02,6.251396e-02
2000,layers.1.qk_lut.weights,6.259908e+01,1.900957e+01,3.036717e-01
2000,layers.1.qk_lut.log_soft_score_temp,5.291217e-01,1.377058e-02,2.602536e-02
2000,layers.1.qk_lut.log_select_temp,6.894493e-01,4.931092e-03,7.152219e-03
2000,layers.1.v_lut.weights,4.883527e+01,1.514166e+01,3.100559e-01
2000,layers.1.v_lut.log_soft_score_temp,6.539606e-01,3.003418e-02,4.592659e-02
2000,layers.1.v_lut.log_select_temp,8.795273e-01,7.984102e-03,9.077719e-03
2000,layers.1.out_proj.weights,7.284615e+01,2.300425e+01,3.157923e-01
2000,layers.1.out_proj.log_soft_score_temp,5.188631e-01,4.464108e-02,8.603633e-02
2000,layers.1.out_proj.log_select_temp,7.889042e-01,4.652441e-03,5.897345e-03
2000,layers.1.residual_lut.weights,9.046884e+01,2.704550e+01,2.989482e-01
2000,layers.1.residual_lut.log_soft_score_temp,6.017154e-01,2.707309e-02,4.499317e-02
2000,layers.1.residual_lut.log_select_temp,8.861156e-01,1.609510e-02,1.816366e-02
2000,layers.1.q_norm.weight,8.451094e+00,3.560841e-02,4.213468e-03
2000,layers.1.q_norm.bias,3.323574e-01,2.031634e-02,6.112800e-02
2000,layers.1.k_norm.weight,8.437251e+00,3.423591e-02,4.057709e-03
2000,layers.1.k_norm.bias,6.103492e-01,4.034851e-02,6.610725e-02
2000,layers.2.qk_lut.weights,6.262358e+01,1.922567e+01,3.070038e-01
2000,layers.2.qk_lut.log_soft_score_temp,5.283614e-01,2.362406e-02,4.471194e-02
2000,layers.2.qk_lut.log_select_temp,7.797844e-01,1.115131e-02,1.430051e-02
2000,layers.2.v_lut.weights,4.834911e+01,1.476852e+01,3.054560e-01
2000,layers.2.v_lut.log_soft_score_temp,7.328989e-01,2.832365e-02,3.864605e-02
2000,layers.2.v_lut.log_select_temp,9.702877e-01,2.568877e-02,2.647541e-02
2000,layers.2.out_proj.weights,7.542355e+01,2.366920e+01,3.138170e-01
2000,layers.2.out_proj.log_soft_score_temp,5.835256e-01,2.697378e-02,4.622554e-02
2000,layers.2.out_proj.log_select_temp,8.180786e-01,1.615459e-02,1.974699e-02
2000,layers.2.residual_lut.weights,8.986691e+01,2.724877e+01,3.032124e-01
2000,layers.2.residual_lut.log_soft_score_temp,5.254458e-01,2.635288e-02,5.015338e-02
2000,layers.2.residual_lut.log_select_temp,8.589393e-01,2.012080e-02,2.342517e-02
2000,layers.2.q_norm.weight,8.554832e+00,6.136359e-02,7.172975e-03
2000,layers.2.q_norm.bias,3.337321e-01,2.438122e-02,7.305627e-02
2000,layers.2.k_norm.weight,8.534709e+00,6.074934e-02,7.117915e-03
2000,layers.2.k_norm.bias,5.079361e-01,3.899976e-02,7.678083e-02
2000,layers.3.qk_lut.weights,6.294768e+01,1.961835e+01,3.116613e-01
2000,layers.3.qk_lut.log_soft_score_temp,5.350780e-01,2.350807e-02,4.393392e-02
2000,layers.3.qk_lut.log_select_temp,7.384104e-01,6.277502e-03,8.501373e-03
2000,layers.3.v_lut.weights,4.874807e+01,1.497956e+01,3.072851e-01
2000,layers.3.v_lut.log_soft_score_temp,8.253973e-01,4.184961e-03,5.070239e-03
2000,layers.3.v_lut.log_select_temp,9.176972e-01,2.798951e-02,3.049972e-02
2000,layers.3.out_proj.weights,7.596751e+01,2.389222e+01,3.145057e-01
2000,layers.3.out_proj.log_soft_score_temp,5.725213e-01,1.355308e-02,2.367263e-02
2000,layers.3.out_proj.log_select_temp,7.395232e-01,1.377016e-02,1.862033e-02
2000,layers.3.residual_lut.weights,8.842601e+01,2.738568e+01,3.097017e-01
2000,layers.3.residual_lut.log_soft_score_temp,4.738879e-01,2.193183e-02,4.628062e-02
2000,layers.3.residual_lut.log_select_temp,7.848634e-01,2.232969e-02,2.845041e-02
2000,layers.3.q_norm.weight,8.370615e+00,4.877627e-02,5.827083e-03
2000,layers.3.q_norm.bias,2.328458e-01,2.480074e-02,1.065114e-01
2000,layers.3.k_norm.weight,8.351901e+00,4.971458e-02,5.952486e-03
2000,layers.3.k_norm.bias,4.516231e-01,4.273481e-02,9.462496e-02
2000,layers.4.qk_lut.weights,6.316808e+01,1.959139e+01,3.101470e-01
2000,layers.4.qk_lut.log_soft_score_temp,6.529776e-01,2.671599e-03,4.091410e-03
2000,layers.4.qk_lut.log_select_temp,7.421257e-01,9.364069e-03,1.261790e-02
2000,layers.4.v_lut.weights,4.795328e+01,1.456849e+01,3.038059e-01
2000,layers.4.v_lut.log_soft_score_temp,8.320403e-01,1.690102e-02,2.031274e-02
2000,layers.4.v_lut.log_select_temp,8.627214e-01,2.374893e-02,2.752793e-02
2000,layers.4.out_proj.weights,7.733515e+01,2.441051e+01,3.156457e-01
2000,layers.4.out_proj.log_soft_score_temp,4.990694e-01,1.653937e-02,3.314041e-02
2000,layers.4.out_proj.log_select_temp,5.953214e-01,1.421571e-04,2.387905e-04
2000,layers.4.residual_lut.weights,8.758331e+01,2.760612e+01,3.151984e-01
2000,layers.4.residual_lut.log_soft_score_temp,4.479310e-01,1.431471e-02,3.195740e-02
2000,layers.4.residual_lut.log_select_temp,7.081614e-01,2.279687e-02,3.219163e-02
2000,layers.4.q_norm.weight,8.197807e+00,3.907266e-02,4.766233e-03
2000,layers.4.q_norm.bias,2.109945e-01,2.270518e-02,1.076103e-01
2000,layers.4.k_norm.weight,8.182274e+00,3.693968e-02,4.514598e-03
2000,layers.4.k_norm.bias,2.939781e-01,3.173988e-02,1.079668e-01
2000,layers.5.qk_lut.weights,6.324261e+01,2.004862e+01,3.170112e-01
2000,layers.5.qk_lut.log_soft_score_temp,6.270398e-01,6.959677e-03,1.109926e-02
2000,layers.5.qk_lut.log_select_temp,7.082882e-01,3.897369e-03,5.502519e-03
2000,layers.5.v_lut.weights,4.970175e+01,1.525331e+01,3.068969e-01
2000,layers.5.v_lut.log_soft_score_temp,8.075298e-01,9.767592e-03,1.209564e-02
2000,layers.5.v_lut.log_select_temp,8.403124e-01,1.622993e-02,1.931416e-02
2000,layers.5.out_proj.weights,8.291526e+01,2.486222e+01,2.998509e-01
2000,layers.5.out_proj.log_soft_score_temp,6.714016e-01,3.124535e-03,4.653750e-03
2000,layers.5.out_proj.log_select_temp,7.402982e-01,9.547234e-03,1.289647e-02
2000,layers.5.residual_lut.weights,8.821842e+01,2.797229e+01,3.170799e-01
2000,layers.5.residual_lut.log_soft_score_temp,4.599673e-01,1.043516e-02,2.268675e-02
2000,layers.5.residual_lut.log_select_temp,6.889170e-01,2.187902e-02,3.175857e-02
2000,layers.5.q_norm.weight,8.205580e+00,3.356609e-02,4.090643e-03
2000,layers.5.q_norm.bias,1.894346e-01,1.897468e-02,1.001648e-01
2000,layers.5.k_norm.weight,8.197697e+00,3.174809e-02,3.872807e-03
2000,layers.5.k_norm.bias,3.625519e-01,3.831930e-02,1.056933e-01
2000,ln_final.weight,2.595607e+01,7.153157e-01,2.755870e-02
2000,ln_final.bias,1.281270e+00,7.642453e-02,5.964747e-02
2200,tok_emb_E.weight,8.471242e+01,3.677088e+00,4.340672e-02
2200,unembedder.weight,1.916350e+02,2.134525e+01,1.113849e-01
2200,layers.0.qk_lut.weights,6.676155e+01,1.766295e+01,2.645678e-01
2200,layers.0.qk_lut.log_soft_score_temp,8.388692e-01,1.155984e-02,1.378027e-02
2200,layers.0.qk_lut.log_select_temp,8.155093e-01,1.277846e-02,1.566930e-02
2200,layers.0.v_lut.weights,5.195401e+01,1.399146e+01,2.693047e-01
2200,layers.0.v_lut.log_soft_score_temp,9.933822e-01,4.497528e-03,4.527490e-03
2200,layers.0.v_lut.log_select_temp,1.055331e+00,2.778637e-02,2.632954e-02
2200,layers.0.out_proj.weights,7.765192e+01,2.189808e+01,2.820031e-01
2200,layers.0.out_proj.log_soft_score_temp,5.488983e-01,4.663342e-02,8.495821e-02
2200,layers.0.out_proj.log_select_temp,8.385424e-01,7.668257e-03,9.144745e-03
2200,layers.0.residual_lut.weights,9.760414e+01,2.641812e+01,2.706660e-01
2200,layers.0.residual_lut.log_soft_score_temp,7.083204e-01,1.169688e-02,1.651354e-02
2200,layers.0.residual_lut.log_select_temp,9.423853e-01,2.611977e-02,2.771666e-02
2200,layers.0.q_norm.weight,8.774044e+00,4.003823e-02,4.563259e-03
2200,layers.0.q_norm.bias,5.132610e-01,2.509182e-02,4.888706e-02
2200,layers.0.k_norm.weight,8.755424e+00,4.019306e-02,4.590646e-03
2200,layers.0.k_norm.bias,6.278834e-01,2.852114e-02,4.542426e-02
2200,layers.1.qk_lut.weights,6.636885e+01,1.861791e+01,2.805219e-01
2200,layers.1.qk_lut.log_soft_score_temp,5.160298e-01,1.309192e-02,2.537048e-02
2200,layers.1.qk_lut.log_select_temp,6.968518e-01,7.402539e-03,1.062283e-02
2200,layers.1.v_lut.weights,5.168377e+01,1.487158e+01,2.877417e-01
2200,layers.1.v_lut.log_soft_score_temp,6.238148e-01,3.014582e-02,4.832496e-02
2200,layers.1.v_lut.log_select_temp,8.870651e-01,7.537782e-03,8.497440e-03
2200,layers.1.out_proj.weights,7.697239e+01,2.246990e+01,2.919216e-01
2200,layers.1.out_proj.log_soft_score_temp,4.712958e-01,4.756725e-02,1.009286e-01
2200,layers.1.out_proj.log_select_temp,7.745519e-01,1.435232e-02,1.852984e-02
2200,layers.1.residual_lut.weights,9.567078e+01,2.647187e+01,2.766976e-01
2200,layers.1.residual_lut.log_soft_score_temp,5.751972e-01,2.651817e-02,4.610274e-02
2200,layers.1.residual_lut.log_select_temp,9.024837e-01,1.636815e-02,1.813678e-02
2200,layers.1.q_norm.weight,8.473293e+00,2.835843e-02,3.346801e-03
2200,layers.1.q_norm.bias,3.435572e-01,1.500621e-02,4.367893e-02
2200,layers.1.k_norm.weight,8.458079e+00,2.868542e-02,3.391481e-03
2200,layers.1.k_norm.bias,6.379657e-01,3.316877e-02,5.199147e-02
2200,layers.2.qk_lut.weights,6.637435e+01,1.889138e+01,2.846187e-01
2200,layers.2.qk_lut.log_soft_score_temp,5.055040e-01,2.285743e-02,4.521710e-02
2200,layers.2.qk_lut.log_select_temp,7.926946e-01,1.291025e-02,1.628653e-02
2200,layers.2.v_lut.weights,5.127462e+01,1.450115e+01,2.828134e-01
2200,layers.2.v_lut.log_soft_score_temp,6.995425e-01,3.335637e-02,4.768312e-02
2200,layers.2.v_lut.log_select_temp,9.933283e-01,2.304059e-02,2.319534e-02
2200,layers.2.out_proj.weights,7.999146e+01,2.311898e+01,2.890181e-01
2200,layers.2.out_proj.log_soft_score_temp,5.502542e-01,3.327137e-02,6.046546e-02
2200,layers.2.out_proj.log_select_temp,8.310774e-01,1.299882e-02,1.564093e-02
2200,layers.2.residual_lut.weights,9.507511e+01,2.660928e+01,2.798764e-01
2200,layers.2.residual_lut.log_soft_score_temp,4.963053e-01,2.914047e-02,5.871481e-02
2200,layers.2.residual_lut.log_select_temp,8.760136e-01,1.707429e-02,1.949089e-02
2200,layers.2.q_norm.weight,8.599556e+00,4.885123e-02,5.680668e-03
2200,layers.2.q_norm.bias,3.521820e-01,2.283840e-02,6.484829e-02
2200,layers.2.k_norm.weight,8.577878e+00,4.807099e-02,5.604066e-03
2200,layers.2.k_norm.bias,5.345824e-01,3.260371e-02,6.098912e-02
2200,layers.3.qk_lut.weights,6.671809e+01,1.916285e+01,2.872212e-01
2200,layers.3.qk_lut.log_soft_score_temp,5.167886e-01,1.828939e-02,3.539046e-02
2200,layers.3.qk_lut.log_select_temp,7.480156e-01,9.605289e-03,1.284103e-02
2200,layers.3.v_lut.weights,5.171076e+01,1.466374e+01,2.835724e-01
2200,layers.3.v_lut.log_soft_score_temp,8.232955e-01,2.101719e-03,2.552813e-03
2200,layers.3.v_lut.log_select_temp,9.431030e-01,2.540576e-02,2.693848e-02
2200,layers.3.out_proj.weights,8.047434e+01,2.336991e+01,2.904020e-01
2200,layers.3.out_proj.log_soft_score_temp,5.563657e-01,1.615560e-02,2.903774e-02
2200,layers.3.out_proj.log_select_temp,7.558090e-01,1.628578e-02,2.154748e-02
2200,layers.3.residual_lut.weights,9.361223e+01,2.677356e+01,2.860049e-01
2200,layers.3.residual_lut.log_soft_score_temp,4.524705e-01,2.141741e-02,4.733438e-02
2200,layers.3.residual_lut.log_select_temp,8.057112e-01,2.084780e-02,2.587502e-02
2200,layers.3.q_norm.weight,8.405527e+00,4.037847e-02,4.803800e-03
2200,layers.3.q_norm.bias,2.475112e-01,2.023491e-02,8.175349e-02
2200,layers.3.k_norm.weight,8.384598e+00,4.053950e-02,4.834997e-03
2200,layers.3.k_norm.bias,4.812881e-01,3.818147e-02,7.933185e-02
2200,layers.4.qk_lut.weights,6.691463e+01,1.924698e+01,2.876348e-01
2200,layers.4.qk_lut.log_soft_score_temp,6.457952e-01,7.182419e-03,1.112182e-02
2200,layers.4.qk_lut.log_select_temp,7.497640e-01,7.638276e-03,1.018757e-02
2200,layers.4.v_lut.weights,5.089894e+01,1.424038e+01,2.797776e-01
2200,layers.4.v_lut.log_soft_score_temp,8.484285e-01,1.638824e-02,1.931599e-02
2200,layers.4.v_lut.log_select_temp,8.874606e-01,2.473921e-02,2.787640e-02
2200,layers.4.out_proj.weights,8.166533e+01,2.381825e+01,2.916569e-01
2200,layers.4.out_proj.log_soft_score_temp,4.869266e-01,1.214275e-02,2.493753e-02
2200,layers.4.out_proj.log_select_temp,5.990326e-01,3.711164e-03,6.195262e-03
2200,layers.4.residual_lut.weights,9.280070e+01,2.708113e+01,2.918203e-01
2200,layers.4.residual_lut.log_soft_score_temp,4.356928e-01,1.223817e-02,2.808900e-02
2200,layers.4.residual_lut.log_select_temp,7.297372e-01,2.157575e-02,2.956647e-02
2200,layers.4.q_norm.weight,8.227193e+00,3.596761e-02,4.371796e-03
2200,layers.4.q_norm.bias,2.314464e-01,2.363912e-02,1.021365e-01
2200,layers.4.k_norm.weight,8.210651e+00,3.447353e-02,4.198635e-03
2200,layers.4.k_norm.bias,3.225803e-01,3.492793e-02,1.082767e-01
2200,layers.5.qk_lut.weights,6.697447e+01,1.964211e+01,2.932775e-01
2200,layers.5.qk_lut.log_soft_score_temp,6.183754e-01,8.664429e-03,1.401160e-02
2200,layers.5.qk_lut.log_select_temp,7.109041e-01,2.615929e-03,3.679721e-03
2200,layers.5.v_lut.weights,5.270835e+01,1.502202e+01,2.850027e-01
2200,layers.5.v_lut.log_soft_score_temp,8.189021e-01,1.137227e-02,1.388721e-02
2200,layers.5.v_lut.log_select_temp,8.577479e-01,1.743549e-02,2.032706e-02
2200,layers.5.out_proj.weights,8.752454e+01,2.443050e+01,2.791274e-01
2200,layers.5.out_proj.log_soft_score_temp,6.723185e-01,9.168386e-04,1.363697e-03
2200,layers.5.out_proj.log_select_temp,7.547920e-01,1.449382e-02,1.920241e-02
2200,layers.5.residual_lut.weights,9.355399e+01,2.739962e+01,2.928750e-01
2200,layers.5.residual_lut.log_soft_score_temp,4.522607e-01,7.706672e-03,1.704033e-02
2200,layers.5.residual_lut.log_select_temp,7.117122e-01,2.279514e-02,3.202859e-02
2200,layers.5.q_norm.weight,8.223964e+00,3.132579e-02,3.809087e-03
2200,layers.5.q_norm.bias,1.994818e-01,1.600683e-02,8.024203e-02
2200,layers.5.k_norm.weight,8.216269e+00,2.984468e-02,3.632389e-03
2200,layers.5.k_norm.bias,3.814093e-01,2.742699e-02,7.190959e-02
2200,ln_final.weight,2.663698e+01,6.836853e-01,2.566677e-02
2200,ln_final.bias,1.286384e+00,7.176167e-02,5.578557e-02
2400,tok_emb_E.weight,8.483095e+01,3.580774e+00,4.221071e-02
2400,unembedder.weight,1.954855e+02,2.003026e+01,1.024641e-01
2400,layers.0.qk_lut.weights,7.017256e+01,1.719048e+01,2.449744e-01
2400,layers.0.qk_lut.log_soft_score_temp,8.486598e-01,9.790599e-03,1.153654e-02
2400,layers.0.qk_lut.log_select_temp,8.267040e-01,1.119471e-02,1.354137e-02
2400,layers.0.v_lut.weights,5.457357e+01,1.367345e+01,2.505507e-01
2400,layers.0.v_lut.log_soft_score_temp,9.888126e-01,4.569530e-03,4.621230e-03
2400,layers.0.v_lut.log_select_temp,1.081958e+00,2.662706e-02,2.461007e-02
2400,layers.0.out_proj.weights,8.138252e+01,2.132504e+01,2.620346e-01
2400,layers.0.out_proj.log_soft_score_temp,5.032423e-01,4.565603e-02,9.072374e-02
2400,layers.0.out_proj.log_select_temp,8.268169e-01,1.172554e-02,1.418155e-02
2400,layers.0.residual_lut.weights,1.025860e+02,2.571450e+01,2.506628e-01
2400,layers.0.residual_lut.log_soft_score_temp,6.959778e-01,1.234263e-02,1.773423e-02
2400,layers.0.residual_lut.log_select_temp,9.677984e-01,2.541316e-02,2.625873e-02
2400,layers.0.q_norm.weight,8.811554e+00,4.266710e-02,4.842176e-03
2400,layers.0.q_norm.bias,5.348385e-01,2.450700e-02,4.582131e-02
2400,layers.0.k_norm.weight,8.791464e+00,4.096835e-02,4.660015e-03
2400,layers.0.k_norm.bias,6.585409e-01,3.434120e-02,5.214741e-02
2400,layers.1.qk_lut.weights,6.976217e+01,1.815545e+01,2.602477e-01
2400,layers.1.qk_lut.log_soft_score_temp,5.038286e-01,1.220119e-02,2.421695e-02
2400,layers.1.qk_lut.log_select_temp,7.039485e-01,7.096648e-03,1.008120e-02
2400,layers.1.v_lut.weights,5.423341e+01,1.450539e+01,2.674622e-01
2400,layers.1.v_lut.log_soft_score_temp,5.943776e-01,2.943724e-02,4.952617e-02
2400,layers.1.v_lut.log_select_temp,8.931764e-01,6.111264e-03,6.842170e-03
2400,layers.1.out_proj.weights,8.070775e+01,2.192636e+01,2.716761e-01
2400,layers.1.out_proj.log_soft_score_temp,4.267391e-01,4.455677e-02,1.044122e-01
2400,layers.1.out_proj.log_select_temp,7.661986e-01,8.353293e-03,1.090226e-02
2400,layers.1.residual_lut.weights,1.003072e+02,2.579842e+01,2.571942e-01
2400,layers.1.residual_lut.log_soft_score_temp,5.495784e-01,2.561879e-02,4.661535e-02
2400,layers.1.residual_lut.log_select_temp,9.170318e-01,1.454812e-02,1.586436e-02
2400,layers.1.q_norm.weight,8.490106e+00,2.462214e-02,2.900099e-03
2400,layers.1.q_norm.bias,3.567149e-01,1.651336e-02,4.629287e-02
2400,layers.1.k_norm.weight,8.473866e+00,2.525578e-02,2.980431e-03
2400,layers.1.k_norm.bias,6.656137e-01,3.374927e-02,5.070399e-02
2400,layers.2.qk_lut.weights,6.975674e+01,1.843552e+01,2.642831e-01
2400,layers.2.qk_lut.log_soft_score_temp,4.845410e-01,2.096304e-02,4.326372e-02
2400,layers.2.qk_lut.log_select_temp,8.029057e-01,1.021105e-02,1.271762e-02
2400,layers.2.v_lut.weights,5.391508e+01,1.416740e+01,2.627724e-01
2400,layers.2.v_lut.log_soft_score_temp,6.688473e-01,3.069526e-02,4.589278e-02
2400,layers.2.v_lut.log_select_temp,1.012744e+00,1.941574e-02,1.917141e-02
2400,layers.2.out_proj.weights,8.418938e+01,2.253802e+01,2.677061e-01
2400,layers.2.out_proj.log_soft_score_temp,5.174192e-01,3.283507e-02,6.345932e-02
2400,layers.2.out_proj.log_select_temp,8.430364e-01,1.195902e-02,1.418565e-02
2400,layers.2.residual_lut.weights,9.980577e+01,2.601260e+01,2.606323e-01
2400,layers.2.residual_lut.log_soft_score_temp,4.751816e-01,2.112374e-02,4.445403e-02
2400,layers.2.residual_lut.log_select_temp,8.993528e-01,2.333927e-02,2.595118e-02
2400,layers.2.q_norm.weight,8.643273e+00,5.031833e-02,5.821676e-03
2400,layers.2.q_norm.bias,3.706080e-01,2.164427e-02,5.840206e-02
2400,layers.2.k_norm.weight,8.620914e+00,4.943531e-02,5.734346e-03
2400,layers.2.k_norm.bias,5.556038e-01,2.867628e-02,5.161282e-02
2400,layers.3.qk_lut.weights,7.011433e+01,1.876914e+01,2.676934e-01
2400,layers.3.qk_lut.log_soft_score_temp,5.003915e-01,1.639706e-02,3.276846e-02
2400,layers.3.qk_lut.log_select_temp,7.575153e-01,9.499669e-03,1.254056e-02
2400,layers.3.v_lut.weights,5.436573e+01,1.433728e+01,2.637190e-01
2400,layers.3.v_lut.log_soft_score_temp,8.151217e-01,8.173883e-03,1.002781e-02
2400,layers.3.v_lut.log_select_temp,9.628473e-01,1.974434e-02,2.050620e-02
2400,layers.3.out_proj.weights,8.461139e+01,2.276944e+01,2.691061e-01
2400,layers.3.out_proj.log_soft_score_temp,5.409322e-01,1.543343e-02,2.853117e-02
2400,layers.3.out_proj.log_select_temp,7.710778e-01,1.526874e-02,1.980182e-02
2400,layers.3.residual_lut.weights,9.830671e+01,2.615496e+01,2.660547e-01
2400,layers.3.residual_lut.log_soft_score_temp,4.341784e-01,1.829210e-02,4.213038e-02
2400,layers.3.residual_lut.log_select_temp,8.304387e-01,2.472746e-02,2.977639e-02
2400,layers.3.q_norm.weight,8.436571e+00,3.545792e-02,4.202883e-03
2400,layers.3.q_norm.bias,2.620648e-01,1.871764e-02,7.142371e-02
2400,layers.3.k_norm.weight,8.414462e+00,3.658880e-02,4.348323e-03
2400,layers.3.k_norm.bias,5.066647e-01,3.185773e-02,6.287734e-02
2400,layers.4.qk_lut.weights,7.027919e+01,1.875932e+01,2.669257e-01
2400,layers.4.qk_lut.log_soft_score_temp,6.376278e-01,8.167386e-03,1.280902e-02
2400,layers.4.qk_lut.log_select_temp,7.583331e-01,8.569121e-03,1.129994e-02
2400,layers.4.v_lut.weights,5.357136e+01,1.391828e+01,2.598083e-01
2400,layers.4.v_lut.log_soft_score_temp,8.597984e-01,1.136994e-02,1.322396e-02
2400,layers.4.v_lut.log_select_temp,9.071292e-01,1.966852e-02,2.168216e-02
2400,layers.4.out_proj.weights,8.564024e+01,2.326814e+01,2.716963e-01
2400,layers.4.out_proj.log_soft_score_temp,4.750621e-01,1.186448e-02,2.497459e-02
2400,layers.4.out_proj.log_select_temp,6.041993e-01,5.166769e-03,8.551431e-03
2400,layers.4.residual_lut.weights,9.748849e+01,2.642260e+01,2.710330e-01
2400,layers.4.residual_lut.log_soft_score_temp,4.233919e-01,1.230088e-02,2.905317e-02
2400,layers.4.residual_lut.log_select_temp,7.539051e-01,2.416790e-02,3.205695e-02
2400,layers.4.q_norm.weight,8.255011e+00,3.424700e-02,4.148632e-03
2400,layers.4.q_norm.bias,2.465046e-01,1.946092e-02,7.894748e-02
2400,layers.4.k_norm.weight,8.237524e+00,3.289076e-02,3.992797e-03
2400,layers.4.k_norm.bias,3.441739e-01,2.856213e-02,8.298748e-02
2400,layers.5.qk_lut.weights,7.036886e+01,1.916979e+01,2.724186e-01
2400,layers.5.qk_lut.log_soft_score_temp,6.148204e-01,3.554940e-03,5.782079e-03
2400,layers.5.qk_lut.log_select_temp,7.186365e-01,7.732391e-03,1.075981e-02
2400,layers.5.v_lut.weights,5.543893e+01,1.460531e+01,2.634486e-01
2400,layers.5.v_lut.log_soft_score_temp,8.302013e-01,1.129925e-02,1.361026e-02
2400,layers.5.v_lut.log_select_temp,8.761735e-01,1.842558e-02,2.102961e-02
2400,layers.5.out_proj.weights,9.180936e+01,2.370823e+01,2.582332e-01
2400,layers.5.out_proj.log_soft_score_temp,6.737894e-01,1.470923e-03,2.183061e-03
2400,layers.5.out_proj.log_select_temp,7.704994e-01,1.570737e-02,2.038596e-02
2400,layers.5.residual_lut.weights,9.841854e+01,2.678196e+01,2.721231e-01
2400,layers.5.residual_lut.log_soft_score_temp,4.483635e-01,3.897220e-03,8.692100e-03
2400,layers.5.residual_lut.log_select_temp,7.368859e-01,2.517372e-02,3.416231e-02
2400,layers.5.q_norm.weight,8.242705e+00,2.630335e-02,3.191106e-03
2400,layers.5.q_norm.bias,2.090898e-01,1.446694e-02,6.919006e-02
2400,layers.5.k_norm.weight,8.232583e+00,2.553168e-02,3.101296e-03
2400,layers.5.k_norm.bias,4.005501e-01,2.495992e-02,6.231412e-02
2400,ln_final.weight,2.731919e+01,6.847300e-01,2.506407e-02
2400,ln_final.bias,1.289841e+00,7.441751e-02,5.769510e-02
2600,tok_emb_E.weight,8.494484e+01,3.468026e+00,4.082681e-02
2600,unembedder.weight,1.991267e+02,1.977650e+01,9.931615e-02
2600,layers.0.qk_lut.weights,7.326450e+01,1.675767e+01,2.287284e-01
2600,layers.0.qk_lut.log_soft_score_temp,8.576221e-01,8.962333e-03,1.045021e-02
2600,layers.0.qk_lut.log_select_temp,8.372301e-01,1.052618e-02,1.257262e-02
2600,layers.0.v_lut.weights,5.694685e+01,1.326788e+01,2.329871e-01
2600,layers.0.v_lut.log_soft_score_temp,9.805516e-01,8.261025e-03,8.424875e-03
2600,layers.0.v_lut.log_select_temp,1.105433e+00,2.347469e-02,2.123575e-02
2600,layers.0.out_proj.weights,8.477027e+01,2.070844e+01,2.442890e-01
2600,layers.0.out_proj.log_soft_score_temp,4.589079e-01,4.433444e-02,9.660859e-02
2600,layers.0.out_proj.log_select_temp,8.201420e-01,6.674886e-03,8.138695e-03
2600,layers.0.residual_lut.weights,1.071503e+02,2.500896e+01,2.334008e-01
2600,layers.0.residual_lut.log_soft_score_temp,6.866497e-01,9.328127e-03,1.358499e-02
2600,layers.0.residual_lut.log_select_temp,9.912384e-01,2.344000e-02,2.364719e-02
2600,layers.0.q_norm.weight,8.842156e+00,3.489957e-02,3.946952e-03
2600,layers.0.q_norm.bias,5.535011e-01,2.204885e-02,3.983525e-02
2600,layers.0.k_norm.weight,8.821028e+00,3.477882e-02,3.942717e-03
2600,layers.0.k_norm.bias,6.824633e-01,3.227703e-02,4.729488e-02
2600,layers.1.qk_lut.weights,7.283454e+01,1.763334e+01,2.421013e-01
2600,layers.1.qk_lut.log_soft_score_temp,4.935233e-01,1.030532e-02,2.088111e-02
2600,layers.1.qk_lut.log_select_temp,7.100074e-01,6.058931e-03,8.533617e-03
2600,layers.1.v_lut.weights,5.655141e+01,1.405398e+01,2.485169e-01
2600,layers.1.v_lut.log_soft_score_temp,5.660813e-01,2.829629e-02,4.998627e-02
2600,layers.1.v_lut.log_select_temp,9.005620e-01,7.385671e-03,8.201180e-03
2600,layers.1.out_proj.weights,8.406007e+01,2.127129e+01,2.530487e-01
2600,layers.1.out_proj.log_soft_score_temp,3.819889e-01,4.475021e-02,1.171506e-01
2600,layers.1.out_proj.log_select_temp,7.564175e-01,9.781122e-03,1.293085e-02
2600,layers.1.residual_lut.weights,1.045039e+02,2.507855e+01,2.399772e-01
2600,layers.1.residual_lut.log_soft_score_temp,5.266213e-01,2.295715e-02,4.359327e-02
2600,layers.1.residual_lut.log_select_temp,9.314860e-01,1.445419e-02,1.551734e-02
2600,layers.1.q_norm.weight,8.510198e+00,2.689745e-02,3.160613e-03
2600,layers.1.q_norm.bias,3.702479e-01,1.585315e-02,4.281766e-02
2600,layers.1.k_norm.weight,8.492844e+00,2.692064e-02,3.169803e-03
2600,layers.1.k_norm.bias,6.912706e-01,3.162188e-02,4.574457e-02
2600,layers.2.qk_lut.weights,7.280903e+01,1.792989e+01,2.462592e-01
2600,layers.2.qk_lut.log_soft_score_temp,4.675959e-01,1.694509e-02,3.623876e-02
2600,layers.2.qk_lut.log_select_temp,8.172782e-01,1.437253e-02,1.758584e-02
2600,layers.2.v_lut.weights,5.628038e+01,1.377009e+01,2.446695e-01
2600,layers.2.v_lut.log_soft_score_temp,6.392466e-01,2.960062e-02,4.630548e-02
2600,layers.2.v_lut.log_select_temp,1.028054e+00,1.531041e-02,1.489260e-02
2600,layers.2.out_proj.weights,8.797472e+01,2.185229e+01,2.483929e-01
2600,layers.2.out_proj.log_soft_score_temp,4.843586e-01,3.306052e-02,6.825628e-02
2600,layers.2.out_proj.log_select_temp,8.527969e-01,9.760499e-03,1.144528e-02
2600,layers.2.residual_lut.weights,1.040619e+02,2.524145e+01,2.425619e-01
2600,layers.2.residual_lut.log_soft_score_temp,4.539883e-01,2.119327e-02,4.668240e-02
2600,layers.2.residual_lut.log_select_temp,9.182957e-01,1.894289e-02,2.062831e-02
2600,layers.2.q_norm.weight,8.686475e+00,4.863656e-02,5.599114e-03
2600,layers.2.q_norm.bias,3.833685e-01,1.635324e-02,4.265671e-02
2600,layers.2.k_norm.weight,8.663266e+00,4.880577e-02,5.633645e-03
2600,layers.2.k_norm.bias,5.768424e-01,2.992107e-02,5.187044e-02
2600,layers.3.qk_lut.weights,7.319678e+01,1.818891e+01,2.484933e-01
2600,layers.3.qk_lut.log_soft_score_temp,4.856115e-01,1.478004e-02,3.043594e-02
2600,layers.3.qk_lut.log_select_temp,7.691465e-01,1.163119e-02,1.512220e-02
2600,layers.3.v_lut.weights,5.676328e+01,1.388665e+01,2.446415e-01
2600,layers.3.v_lut.log_soft_score_temp,8.069209e-01,8.200705e-03,1.016296e-02
2600,layers.3.v_lut.log_select_temp,9.826151e-01,1.976776e-02,2.011750e-02
2600,layers.3.out_proj.weights,8.831252e+01,2.201884e+01,2.493286e-01
2600,layers.3.out_proj.log_soft_score_temp,5.204217e-01,2.051055e-02,3.941141e-02
2600,layers.3.out_proj.log_select_temp,7.858747e-01,1.479691e-02,1.882859e-02
2600,layers.3.residual_lut.weights,1.025426e+02,2.539652e+01,2.476680e-01
2600,layers.3.residual_lut.log_soft_score_temp,4.189979e-01,1.518044e-02,3.623034e-02
2600,layers.3.residual_lut.log_select_temp,8.534518e-01,2.301311e-02,2.696475e-02
2600,layers.3.q_norm.weight,8.473752e+00,4.197156e-02,4.953126e-03
2600,layers.3.q_norm.bias,2.725858e-01,1.660081e-02,6.090121e-02
2600,layers.3.k_norm.weight,8.450629e+00,4.130927e-02,4.888307e-03
2600,layers.3.k_norm.bias,5.286605e-01,2.921860e-02,5.526912e-02
2600,layers.4.qk_lut.weights,7.334163e+01,1.824368e+01,2.487493e-01
2600,layers.4.qk_lut.log_soft_score_temp,6.323951e-01,5.232751e-03,8.274497e-03
2600,layers.4.qk_lut.log_select_temp,7.668495e-01,8.516312e-03,1.110558e-02
2600,layers.4.v_lut.weights,5.597710e+01,1.349012e+01,2.409936e-01
2600,layers.4.v_lut.log_soft_score_temp,8.697166e-01,9.918213e-03,1.140396e-02
2600,layers.4.v_lut.log_select_temp,9.249019e-01,1.777273e-02,1.921580e-02
2600,layers.4.out_proj.weights,8.920295e+01,2.236109e+01,2.506765e-01
2600,layers.4.out_proj.log_soft_score_temp,4.619226e-01,1.313949e-02,2.844521e-02
2600,layers.4.out_proj.log_select_temp,6.093776e-01,5.178273e-03,8.497642e-03
2600,layers.4.residual_lut.weights,1.017417e+02,2.571029e+01,2.527016e-01
2600,layers.4.residual_lut.log_soft_score_temp,4.144213e-01,8.970618e-03,2.164613e-02
2600,layers.4.residual_lut.log_select_temp,7.778275e-01,2.392244e-02,3.075546e-02
2600,layers.4.q_norm.weight,8.285802e+00,3.669139e-02,4.428224e-03
2600,layers.4.q_norm.bias,2.629748e-01,1.996695e-02,7.592725e-02
2600,layers.4.k_norm.weight,8.267729e+00,3.544773e-02,4.287481e-03
2600,layers.4.k_norm.bias,3.640643e-01,3.278356e-02,9.004882e-02
2600,layers.5.qk_lut.weights,7.343516e+01,1.854649e+01,2.525559e-01
2600,layers.5.qk_lut.log_soft_score_temp,6.099421e-01,4.878283e-03,7.997943e-03
2600,layers.5.qk_lut.log_select_temp,7.246663e-01,6.029785e-03,8.320774e-03
2600,layers.5.v_lut.weights,5.786343e+01,1.408337e+01,2.433898e-01
2600,layers.5.v_lut.log_soft_score_temp,8.395572e-01,9.355903e-03,1.114385e-02
2600,layers.5.v_lut.log_select_temp,8.920107e-01,1.583719e-02,1.775449e-02
2600,layers.5.out_proj.weights,9.563626e+01,2.291766e+01,2.396335e-01
2600,layers.5.out_proj.log_soft_score_temp,6.719410e-01,1.848400e-03,2.750836e-03
2600,layers.5.out_proj.log_select_temp,7.825217e-01,1.202226e-02,1.536348e-02
2600,layers.5.residual_lut.weights,1.027819e+02,2.596044e+01,2.525779e-01
2600,layers.5.residual_lut.log_soft_score_temp,4.425901e-01,5.773306e-03,1.304436e-02
2600,layers.5.residual_lut.log_select_temp,7.632747e-01,2.638876e-02,3.457309e-02
2600,layers.5.q_norm.weight,8.267348e+00,3.124341e-02,3.779133e-03
2600,layers.5.q_norm.bias,2.225543e-01,1.949935e-02,8.761611e-02
2600,layers.5.k_norm.weight,8.255783e+00,2.968066e-02,3.595136e-03
2600,layers.5.k_norm.bias,4.212290e-01,2.991635e-02,7.102157e-02
2600,ln_final.weight,2.797468e+01,6.579918e-01,2.352097e-02
2600,ln_final.bias,1.292152e+00,6.982123e-02,5.403485e-02
2800,tok_emb_E.weight,8.505373e+01,3.375429e+00,3.968584e-02
2800,unembedder.weight,2.019274e+02,1.820940e+01,9.017796e-02
2800,layers.0.qk_lut.weights,7.603933e+01,1.636065e+01,2.151604e-01
2800,layers.0.qk_lut.log_soft_score_temp,8.641028e-01,6.480694e-03,7.499910e-03
2800,layers.0.qk_lut.log_select_temp,8.459352e-01,8.705020e-03,1.029041e-02
2800,layers.0.v_lut.weights,5.908167e+01,1.292676e+01,2.187947e-01
2800,layers.0.v_lut.log_soft_score_temp,9.683074e-01,1.224422e-02,1.264498e-02
2800,layers.0.v_lut.log_select_temp,1.125105e+00,1.967204e-02,1.748463e-02
2800,layers.0.out_proj.weights,8.783355e+01,2.005615e+01,2.283428e-01
2800,layers.0.out_proj.log_soft_score_temp,4.166010e-01,4.230684e-02,1.015524e-01
2800,layers.0.out_proj.log_select_temp,8.151003e-01,5.041718e-03,6.185397e-03
2800,layers.0.residual_lut.weights,1.112910e+02,2.411777e+01,2.167091e-01
2800,layers.0.residual_lut.log_soft_score_temp,6.763102e-01,1.033950e-02,1.528810e-02
2800,layers.0.residual_lut.log_select_temp,1.014653e+00,2.341479e-02,2.307664e-02
2800,layers.0.q_norm.weight,8.874703e+00,3.814534e-02,4.298210e-03
2800,layers.0.q_norm.bias,5.736353e-01,2.338726e-02,4.077025e-02
2800,layers.0.k_norm.weight,8.852405e+00,3.720510e-02,4.202824e-03
2800,layers.0.k_norm.bias,7.091606e-01,3.168713e-02,4.468258e-02
2800,layers.1.qk_lut.weights,7.560866e+01,1.712126e+01,2.264457e-01
2800,layers.1.qk_lut.log_soft_score_temp,4.851995e-01,8.323729e-03,1.715527e-02
2800,layers.1.qk_lut.log_select_temp,7.181093e-01,8.101881e-03,1.128224e-02
2800,layers.1.v_lut.weights,5.862115e+01,1.364012e+01,2.326825e-01
2800,layers.1.v_lut.log_soft_score_temp,5.382486e-01,2.783269e-02,5.170972e-02
2800,layers.1.v_lut.log_select_temp,9.085568e-01,7.994771e-03,8.799418e-03
2800,layers.1.out_proj.weights,8.704047e+01,2.057260e+01,2.363567e-01
2800,layers.1.out_proj.log_soft_score_temp,3.398120e-01,4.217681e-02,1.241181e-01
2800,layers.1.out_proj.log_select_temp,7.477923e-01,8.625150e-03,1.153415e-02
2800,layers.1.residual_lut.weights,1.082666e+02,2.429469e+01,2.243968e-01
2800,layers.1.residual_lut.log_soft_score_temp,5.047526e-01,2.186865e-02,4.332547e-02
2800,layers.1.residual_lut.log_select_temp,9.452373e-01,1.375127e-02,1.454795e-02
2800,layers.1.q_norm.weight,8.527082e+00,2.619590e-02,3.072082e-03
2800,layers.1.q_norm.bias,3.823244e-01,1.519519e-02,3.974425e-02
2800,layers.1.k_norm.weight,8.509317e+00,2.545502e-02,2.991429e-03
2800,layers.1.k_norm.bias,7.168512e-01,3.156904e-02,4.403849e-02
2800,layers.2.qk_lut.weights,7.557227e+01,1.742212e+01,2.305358e-01
2800,layers.2.qk_lut.log_soft_score_temp,4.517895e-01,1.580635e-02,3.498609e-02
2800,layers.2.qk_lut.log_select_temp,8.280385e-01,1.076031e-02,1.299494e-02
2800,layers.2.v_lut.weights,5.842262e+01,1.332067e+01,2.280053e-01
2800,layers.2.v_lut.log_soft_score_temp,6.100652e-01,2.918142e-02,4.783328e-02
2800,layers.2.v_lut.log_select_temp,1.042771e+00,1.471686e-02,1.411322e-02
2800,layers.2.out_proj.weights,9.142261e+01,2.113867e+01,2.312193e-01
2800,layers.2.out_proj.log_soft_score_temp,4.515976e-01,3.276101e-02,7.254468e-02
2800,layers.2.out_proj.log_select_temp,8.634803e-01,1.068342e-02,1.237251e-02
2800,layers.2.residual_lut.weights,1.078860e+02,2.446282e+01,2.267470e-01
2800,layers.2.residual_lut.log_soft_score_temp,4.350877e-01,1.890069e-02,4.344111e-02
2800,layers.2.residual_lut.log_select_temp,9.372073e-01,1.891160e-02,2.017867e-02
2800,layers.2.q_norm.weight,8.724292e+00,4.156768e-02,4.764591e-03
2800,layers.2.q_norm.bias,3.960931e-01,1.798719e-02,4.541151e-02
2800,layers.2.k_norm.weight,8.700233e+00,4.171306e-02,4.794476e-03
2800,layers.2.k_norm.bias,5.929490e-01,2.648546e-02,4.466735e-02
2800,layers.3.qk_lut.weights,7.596999e+01,1.760240e+01,2.317020e-01
2800,layers.3.qk_lut.log_soft_score_temp,4.717073e-01,1.390421e-02,2.947636e-02
2800,layers.3.qk_lut.log_select_temp,7.812490e-01,1.210254e-02,1.549128e-02
2800,layers.3.v_lut.weights,5.892557e+01,1.344703e+01,2.282037e-01
2800,layers.3.v_lut.log_soft_score_temp,7.926940e-01,1.422697e-02,1.794762e-02
2800,layers.3.v_lut.log_select_temp,9.988970e-01,1.628196e-02,1.629994e-02
2800,layers.3.out_proj.weights,9.169479e+01,2.135867e+01,2.329322e-01
2800,layers.3.out_proj.log_soft_score_temp,4.992087e-01,2.121300e-02,4.249324e-02
2800,layers.3.out_proj.log_select_temp,7.965966e-01,1.072198e-02,1.345974e-02
2800,layers.3.residual_lut.weights,1.063304e+02,2.461345e+01,2.314807e-01
2800,layers.3.residual_lut.log_soft_score_temp,4.041197e-01,1.487821e-02,3.681635e-02
2800,layers.3.residual_lut.log_select_temp,8.749868e-01,2.153498e-02,2.461178e-02
2800,layers.3.q_norm.weight,8.498178e+00,3.013359e-02,3.545888e-03
2800,layers.3.q_norm.bias,2.856784e-01,1.779056e-02,6.227476e-02
2800,layers.3.k_norm.weight,8.473765e+00,3.121803e-02,3.684080e-03
2800,layers.3.k_norm.bias,5.522625e-01,2.866291e-02,5.190088e-02
2800,layers.4.qk_lut.weights,7.611668e+01,1.765404e+01,2.319339e-01
2800,layers.4.qk_lut.log_soft_score_temp,6.270230e-01,5.372107e-03,8.567640e-03
2800,layers.4.qk_lut.log_select_temp,7.743593e-01,7.509887e-03,9.698194e-03
2800,layers.4.v_lut.weights,5.817650e+01,1.308051e+01,2.248419e-01
2800,layers.4.v_lut.log_soft_score_temp,8.773432e-01,7.626534e-03,8.692760e-03
2800,layers.4.v_lut.log_select_temp,9.429002e-01,1.799834e-02,1.908827e-02
2800,layers.4.out_proj.weights,9.244182e+01,2.168715e+01,2.346032e-01
2800,layers.4.out_proj.log_soft_score_temp,4.495414e-01,1.238120e-02,2.754183e-02
2800,layers.4.out_proj.log_select_temp,6.141310e-01,4.753351e-03,7.739963e-03
2800,layers.4.residual_lut.weights,1.056212e+02,2.487262e+01,2.354889e-01
2800,layers.4.residual_lut.log_soft_score_temp,4.096672e-01,4.754126e-03,1.160485e-02
2800,layers.4.residual_lut.log_select_temp,8.027617e-01,2.493423e-02,3.106056e-02
2800,layers.4.q_norm.weight,8.311120e+00,3.117903e-02,3.751484e-03
2800,layers.4.q_norm.bias,2.757029e-01,1.689732e-02,6.128814e-02
2800,layers.4.k_norm.weight,8.293062e+00,3.334225e-02,4.020499e-03
2800,layers.4.k_norm.bias,3.833776e-01,2.789381e-02,7.275808e-02
2800,layers.5.qk_lut.weights,7.620293e+01,1.795793e+01,2.356593e-01
2800,layers.5.qk_lut.log_soft_score_temp,6.056886e-01,4.253507e-03,7.022596e-03
2800,layers.5.qk_lut.log_select_temp,7.303013e-01,5.634964e-03,7.715944e-03
2800,layers.5.v_lut.weights,6.007662e+01,1.369592e+01,2.279743e-01
2800,layers.5.v_lut.log_soft_score_temp,8.461891e-01,6.631911e-03,7.837386e-03
2800,layers.5.v_lut.log_select_temp,9.053061e-01,1.329541e-02,1.468610e-02
2800,layers.5.out_proj.weights,9.915321e+01,2.224884e+01,2.243885e-01
2800,layers.5.out_proj.log_soft_score_temp,6.689121e-01,3.028870e-03,4.528053e-03
2800,layers.5.out_proj.log_select_temp,7.950904e-01,1.256877e-02,1.580798e-02
2800,layers.5.residual_lut.weights,1.067457e+02,2.517393e+01,2.358310e-01
2800,layers.5.residual_lut.log_soft_score_temp,4.375166e-01,5.073518e-03,1.159617e-02
2800,layers.5.residual_lut.log_select_temp,7.862824e-01,2.300775e-02,2.926143e-02
2800,layers.5.q_norm.weight,8.289860e+00,3.061420e-02,3.692970e-03
2800,layers.5.q_norm.bias,2.314924e-01,1.515733e-02,6.547659e-02
2800,layers.5.k_norm.weight,8.277804e+00,3.053126e-02,3.688328e-03
2800,layers.5.k_norm.bias,4.377890e-01,2.264806e-02,5.173281e-02
2800,ln_final.weight,2.861295e+01,6.411276e-01,2.240690e-02
2800,ln_final.bias,1.292263e+00,6.912013e-02,5.348765e-02
3000,tok_emb_E.weight,8.515296e+01,3.252109e+00,3.819138e-02
3000,unembedder.weight,2.044566e+02,1.784799e+01,8.729473e-02
3000,layers.0.qk_lut.weights,7.853967e+01,1.573835e+01,2.003872e-01
3000,layers.0.qk_lut.log_soft_score_temp,8.717162e-01,7.613361e-03,8.733761e-03
3000,layers.0.qk_lut.log_select_temp,8.554837e-01,9.548545e-03,1.116157e-02
3000,layers.0.v_lut.weights,6.099984e+01,1.246706e+01,2.043785e-01
3000,layers.0.v_lut.log_soft_score_temp,9.534257e-01,1.488167e-02,1.560863e-02
3000,layers.0.v_lut.log_select_temp,1.140823e+00,1.571870e-02,1.377838e-02
3000,layers.0.out_proj.weights,9.053513e+01,1.934298e+01,2.136516e-01
3000,layers.0.out_proj.log_soft_score_temp,3.760515e-01,4.054952e-02,1.078297e-01
3000,layers.0.out_proj.log_select_temp,8.092079e-01,5.892336e-03,7.281610e-03
3000,layers.0.residual_lut.weights,1.150325e+02,2.329838e+01,2.025373e-01
3000,layers.0.residual_lut.log_soft_score_temp,6.644766e-01,1.183355e-02,1.780883e-02
3000,layers.0.residual_lut.log_select_temp,1.037695e+00,2.304149e-02,2.220450e-02
3000,layers.0.q_norm.weight,8.907043e+00,3.589998e-02,4.030516e-03
3000,layers.0.q_norm.bias,5.921479e-01,2.249498e-02,3.798879e-02
3000,layers.0.k_norm.weight,8.883777e+00,3.468567e-02,3.904383e-03
3000,layers.0.k_norm.bias,7.328446e-01,2.819989e-02,3.848004e-02
3000,layers.1.qk_lut.weights,7.810288e+01,1.654616e+01,2.118508e-01
3000,layers.1.qk_lut.log_soft_score_temp,4.783582e-01,6.841362e-03,1.430176e-02
3000,layers.1.qk_lut.log_select_temp,7.272769e-01,9.167612e-03,1.260539e-02
3000,layers.1.v_lut.weights,6.047085e+01,1.314861e+01,2.174371e-01
3000,layers.1.v_lut.log_soft_score_temp,5.130544e-01,2.519423e-02,4.910635e-02
3000,layers.1.v_lut.log_select_temp,9.147802e-01,6.223381e-03,6.803143e-03
3000,layers.1.out_proj.weights,8.974020e+01,1.984069e+01,2.210903e-01
3000,layers.1.out_proj.log_soft_score_temp,2.981272e-01,4.168487e-02,1.398224e-01
3000,layers.1.out_proj.log_select_temp,7.408656e-01,6.926715e-03,9.349490e-03
3000,layers.1.residual_lut.weights,1.116617e+02,2.339741e+01,2.095382e-01
3000,layers.1.residual_lut.log_soft_score_temp,4.867541e-01,1.799858e-02,3.697674e-02
3000,layers.1.residual_lut.log_select_temp,9.632454e-01,1.800811e-02,1.869525e-02
3000,layers.1.q_norm.weight,8.545203e+00,2.533590e-02,2.964927e-03
3000,layers.1.q_norm.bias,3.930686e-01,1.489281e-02,3.788858e-02
3000,layers.1.k_norm.weight,8.526606e+00,2.600123e-02,3.049424e-03
3000,layers.1.k_norm.bias,7.413317e-01,3.039792e-02,4.100448e-02
3000,layers.2.qk_lut.weights,7.804286e+01,1.684324e+01,2.158203e-01
3000,layers.2.qk_lut.log_soft_score_temp,4.339122e-01,1.787728e-02,4.120022e-02
3000,layers.2.qk_lut.log_select_temp,8.390599e-01,1.102144e-02,1.313546e-02
3000,layers.2.v_lut.weights,6.035006e+01,1.287817e+01,2.133912e-01
3000,layers.2.v_lut.log_soft_score_temp,5.817764e-01,2.828878e-02,4.862483e-02
3000,layers.2.v_lut.log_select_temp,1.057623e+00,1.485181e-02,1.404263e-02
3000,layers.2.out_proj.weights,9.454179e+01,2.035111e+01,2.152605e-01
3000,layers.2.out_proj.log_soft_score_temp,4.185550e-01,3.304267e-02,7.894464e-02
3000,layers.2.out_proj.log_select_temp,8.715200e-01,8.039653e-03,9.224864e-03
3000,layers.2.residual_lut.weights,1.112811e+02,2.357080e+01,2.118131e-01
3000,layers.2.residual_lut.log_soft_score_temp,4.147383e-01,2.034938e-02,4.906560e-02
3000,layers.2.residual_lut.log_select_temp,9.562410e-01,1.903367e-02,1.990468e-02
3000,layers.2.q_norm.weight,8.758029e+00,4.063768e-02,4.640049e-03
3000,layers.2.q_norm.bias,4.039665e-01,1.426735e-02,3.531814e-02
3000,layers.2.k_norm.weight,8.734053e+00,4.052827e-02,4.640260e-03
3000,layers.2.k_norm.bias,6.071852e-01,2.542410e-02,4.187206e-02
3000,layers.3.qk_lut.weights,7.846143e+01,1.704219e+01,2.172047e-01
3000,layers.3.qk_lut.log_soft_score_temp,4.557719e-01,1.593536e-02,3.496346e-02
3000,layers.3.qk_lut.log_select_temp,7.918680e-01,1.061898e-02,1.341004e-02
3000,layers.3.v_lut.weights,6.087352e+01,1.297473e+01,2.131424e-01
3000,layers.3.v_lut.log_soft_score_temp,7.789702e-01,1.372373e-02,1.761779e-02
3000,layers.3.v_lut.log_select_temp,1.014440e+00,1.554269e-02,1.532145e-02
3000,layers.3.out_proj.weights,9.473637e+01,2.052448e+01,2.166484e-01
3000,layers.3.out_proj.log_soft_score_temp,4.778691e-01,2.133963e-02,4.465580e-02
3000,layers.3.out_proj.log_select_temp,8.065183e-01,9.921670e-03,1.230185e-02
3000,layers.3.residual_lut.weights,1.097481e+02,2.368730e+01,2.158334e-01
3000,layers.3.residual_lut.log_soft_score_temp,3.908015e-01,1.331821e-02,3.407922e-02
3000,layers.3.residual_lut.log_select_temp,8.955284e-01,2.054161e-02,2.293798e-02
3000,layers.3.q_norm.weight,8.527083e+00,3.521474e-02,4.129752e-03
3000,layers.3.q_norm.bias,2.970437e-01,1.579319e-02,5.316789e-02
3000,layers.3.k_norm.weight,8.501884e+00,3.623673e-02,4.262200e-03
3000,layers.3.k_norm.bias,5.701098e-01,2.953725e-02,5.180975e-02
3000,layers.4.qk_lut.weights,7.861580e+01,1.698942e+01,2.161069e-01
3000,layers.4.qk_lut.log_soft_score_temp,6.221024e-01,4.920602e-03,7.909634e-03
3000,layers.4.qk_lut.log_select_temp,7.833375e-01,8.978128e-03,1.146138e-02
3000,layers.4.v_lut.weights,6.017794e+01,1.255189e+01,2.085796e-01
3000,layers.4.v_lut.log_soft_score_temp,8.851965e-01,7.853329e-03,8.871848e-03
3000,layers.4.v_lut.log_select_temp,9.613275e-01,1.842725e-02,1.916855e-02
3000,layers.4.out_proj.weights,9.548698e+01,2.091599e+01,2.190455e-01
3000,layers.4.out_proj.log_soft_score_temp,4.438083e-01,5.733132e-03,1.291804e-02
3000,layers.4.out_proj.log_select_temp,6.241326e-01,1.000160e-02,1.602480e-02
3000,layers.4.residual_lut.weights,1.090817e+02,2.405918e+01,2.205610e-01
3000,layers.4.residual_lut.log_soft_score_temp,4.027959e-01,6.871223e-03,1.705882e-02
3000,layers.4.residual_lut.log_select_temp,8.246062e-01,2.184451e-02,2.649083e-02
3000,layers.4.q_norm.weight,8.335875e+00,3.330325e-02,3.995172e-03
3000,layers.4.q_norm.bias,2.907125e-01,1.880642e-02,6.469077e-02
3000,layers.4.k_norm.weight,8.316490e+00,3.079034e-02,3.702324e-03
3000,layers.4.k_norm.bias,4.041728e-01,2.583131e-02,6.391154e-02
3000,layers.5.qk_lut.weights,7.866605e+01,1.735941e+01,2.206722e-01
3000,layers.5.qk_lut.log_soft_score_temp,5.980169e-01,7.671714e-03,1.282859e-02
3000,layers.5.qk_lut.log_select_temp,7.336144e-01,3.313124e-03,4.516166e-03
3000,layers.5.v_lut.weights,6.204085e+01,1.330300e+01,2.144232e-01
3000,layers.5.v_lut.log_soft_score_temp,8.539300e-01,7.740855e-03,9.064976e-03
3000,layers.5.v_lut.log_select_temp,9.201035e-01,1.479745e-02,1.608237e-02
3000,layers.5.out_proj.weights,1.023581e+02,2.139955e+01,2.090656e-01
3000,layers.5.out_proj.log_soft_score_temp,6.647182e-01,4.193902e-03,6.309293e-03
3000,layers.5.out_proj.log_select_temp,8.072061e-01,1.211566e-02,1.500937e-02
3000,layers.5.residual_lut.weights,1.103614e+02,2.431940e+01,2.203615e-01
3000,layers.5.residual_lut.log_soft_score_temp,4.351588e-01,2.357841e-03,5.418345e-03
3000,layers.5.residual_lut.log_select_temp,8.101041e-01,2.382165e-02,2.940567e-02
3000,layers.5.q_norm.weight,8.307669e+00,2.518898e-02,3.032016e-03
3000,layers.5.q_norm.bias,2.409116e-01,1.386748e-02,5.756254e-02
3000,layers.5.k_norm.weight,8.294457e+00,2.331463e-02,2.810869e-03
3000,layers.5.k_norm.bias,4.574494e-01,2.781661e-02,6.080805e-02
3000,ln_final.weight,2.922168e+01,6.113884e-01,2.092243e-02
3000,ln_final.bias,1.295074e+00,6.087233e-02,4.700299e-02
3200,tok_emb_E.weight,8.524629e+01,3.129435e+00,3.671052e-02
3200,unembedder.weight,2.067905e+02,1.690057e+01,8.172797e-02
3200,layers.0.qk_lut.weights,8.079395e+01,1.519953e+01,1.881271e-01
3200,layers.0.qk_lut.log_soft_score_temp,8.786473e-01,6.931067e-03,7.888338e-03
3200,layers.0.qk_lut.log_select_temp,8.648264e-01,9.342730e-03,1.080301e-02
3200,layers.0.v_lut.weights,6.271889e+01,1.204202e+01,1.919998e-01
3200,layers.0.v_lut.log_soft_score_temp,9.379405e-01,1.548523e-02,1.650982e-02
3200,layers.0.v_lut.log_select_temp,1.155883e+00,1.505935e-02,1.302844e-02
3200,layers.0.out_proj.weights,9.297715e+01,1.859472e+01,1.999923e-01
3200,layers.0.out_proj.log_soft_score_temp,3.384568e-01,3.759468e-02,1.110767e-01
3200,layers.0.out_proj.log_select_temp,8.056383e-01,3.569663e-03,4.430850e-03
3200,layers.0.residual_lut.weights,1.184231e+02,2.247999e+01,1.898276e-01
3200,layers.0.residual_lut.log_soft_score_temp,6.516846e-01,1.279199e-02,1.962911e-02
3200,layers.0.residual_lut.log_select_temp,1.060367e+00,2.267277e-02,2.138200e-02
3200,layers.0.q_norm.weight,8.930290e+00,2.865748e-02,3.209021e-03
3200,layers.0.q_norm.bias,6.052644e-01,1.808975e-02,2.988734e-02
3200,layers.0.k_norm.weight,8.906417e+00,2.703331e-02,3.035262e-03
3200,layers.0.k_norm.bias,7.530613e-01,2.621616e-02,3.481278e-02
3200,layers.1.qk_lut.weights,8.033556e+01,1.591433e+01,1.980982e-01
3200,layers.1.qk_lut.log_soft_score_temp,4.721872e-01,6.170988e-03,1.306894e-02
3200,layers.1.qk_lut.log_select_temp,7.354087e-01,8.131742e-03,1.105745e-02
3200,layers.1.v_lut.weights,6.213070e+01,1.268697e+01,2.041981e-01
3200,layers.1.v_lut.log_soft_score_temp,4.894299e-01,2.362448e-02,4.826938e-02
3200,layers.1.v_lut.log_select_temp,9.219582e-01,7.178009e-03,7.785612e-03
3200,layers.1.out_proj.weights,9.214849e+01,1.905809e+01,2.068194e-01
3200,layers.1.out_proj.log_soft_score_temp,2.606342e-01,3.749296e-02,1.438528e-01
3200,layers.1.out_proj.log_select_temp,7.361733e-01,4.692256e-03,6.373847e-03
3200,layers.1.residual_lut.weights,1.147086e+02,2.257934e+01,1.968409e-01
3200,layers.1.residual_lut.log_soft_score_temp,4.713457e-01,1.540834e-02,3.269010e-02
3200,layers.1.residual_lut.log_select_temp,9.805537e-01,1.730829e-02,1.765155e-02
3200,layers.1.q_norm.weight,8.559272e+00,2.115950e-02,2.472114e-03
3200,layers.1.q_norm.bias,4.013867e-01,1.280711e-02,3.190715e-02
3200,layers.1.k_norm.weight,8.540096e+00,2.079198e-02,2.434631e-03
3200,layers.1.k_norm.bias,7.593612e-01,2.287116e-02,3.011895e-02
3200,layers.2.qk_lut.weights,8.025962e+01,1.621089e+01,2.019807e-01
3200,layers.2.qk_lut.log_soft_score_temp,4.192986e-01,1.461360e-02,3.485248e-02
3200,layers.2.qk_lut.log_select_temp,8.516412e-01,1.258129e-02,1.477299e-02
3200,layers.2.v_lut.weights,6.208347e+01,1.238391e+01,1.994719e-01
3200,layers.2.v_lut.log_soft_score_temp,5.516236e-01,3.015286e-02,5.466202e-02
3200,layers.2.v_lut.log_select_temp,1.071810e+00,1.418698e-02,1.323647e-02
3200,layers.2.out_proj.weights,9.734415e+01,1.953916e+01,2.007224e-01
3200,layers.2.out_proj.log_soft_score_temp,3.863294e-01,3.222552e-02,8.341461e-02
3200,layers.2.out_proj.log_select_temp,8.770922e-01,5.572259e-03,6.353105e-03
3200,layers.2.residual_lut.weights,1.143599e+02,2.278625e+01,1.992504e-01
3200,layers.2.residual_lut.log_soft_score_temp,4.001336e-01,1.460472e-02,3.649961e-02
3200,layers.2.residual_lut.log_select_temp,9.758725e-01,1.963145e-02,2.011681e-02
3200,layers.2.q_norm.weight,8.791534e+00,4.014344e-02,4.566147e-03
3200,layers.2.q_norm.bias,4.143521e-01,1.566412e-02,3.780389e-02
3200,layers.2.k_norm.weight,8.766371e+00,4.021610e-02,4.587543e-03
3200,layers.2.k_norm.bias,6.240249e-01,2.405346e-02,3.854568e-02
3200,layers.3.qk_lut.weights,8.071741e+01,1.647749e+01,2.041380e-01
3200,layers.3.qk_lut.log_soft_score_temp,4.436375e-01,1.213443e-02,2.735214e-02
3200,layers.3.qk_lut.log_select_temp,8.043908e-01,1.252282e-02,1.556807e-02
3200,layers.3.v_lut.weights,6.260672e+01,1.247902e+01,1.993240e-01
3200,layers.3.v_lut.log_soft_score_temp,7.632052e-01,1.576501e-02,2.065632e-02
3200,layers.3.v_lut.log_select_temp,1.026213e+00,1.177299e-02,1.147227e-02
3200,layers.3.out_proj.weights,9.746847e+01,1.975158e+01,2.026458e-01
3200,layers.3.out_proj.log_soft_score_temp,4.566742e-01,2.119488e-02,4.641137e-02
3200,layers.3.out_proj.log_select_temp,8.142889e-01,7.770538e-03,9.542730e-03
3200,layers.3.residual_lut.weights,1.128217e+02,2.291322e+01,2.030923e-01
3200,layers.3.residual_lut.log_soft_score_temp,3.798716e-01,1.092988e-02,2.877257e-02
3200,layers.3.residual_lut.log_select_temp,9.181191e-01,2.259076e-02,2.460547e-02
3200,layers.3.q_norm.weight,8.548715e+00,2.835914e-02,3.317357e-03
3200,layers.3.q_norm.bias,3.061085e-01,1.411703e-02,4.611774e-02
3200,layers.3.k_norm.weight,8.522529e+00,3.096532e-02,3.633349e-03
3200,layers.3.k_norm.bias,5.863131e-01,2.339715e-02,3.990556e-02
3200,layers.4.qk_lut.weights,8.083219e+01,1.648441e+01,2.039337e-01
3200,layers.4.qk_lut.log_soft_score_temp,6.168765e-01,5.225897e-03,8.471545e-03
3200,layers.4.qk_lut.log_select_temp,7.914937e-01,8.156180e-03,1.030480e-02
3200,layers.4.v_lut.weights,6.196519e+01,1.214197e+01,1.959482e-01
3200,layers.4.v_lut.log_soft_score_temp,8.914032e-01,6.206691e-03,6.962833e-03
3200,layers.4.v_lut.log_select_temp,9.787337e-01,1.740623e-02,1.778443e-02
3200,layers.4.out_proj.weights,9.823498e+01,2.013342e+01,2.049516e-01
3200,layers.4.out_proj.log_soft_score_temp,4.355364e-01,8.271903e-03,1.899245e-02
3200,layers.4.out_proj.log_select_temp,6.332062e-01,9.073675e-03,1.432973e-02
3200,layers.4.residual_lut.weights,1.121710e+02,2.314108e+01,2.063019e-01
3200,layers.4.residual_lut.log_soft_score_temp,3.956088e-01,7.187158e-03,1.816734e-02
3200,layers.4.residual_lut.log_select_temp,8.465374e-01,2.193111e-02,2.590684e-02
3200,layers.4.q_norm.weight,8.357155e+00,2.748164e-02,3.288397e-03
3200,layers.4.q_norm.bias,3.030588e-01,1.614858e-02,5.328529e-02
3200,layers.4.k_norm.weight,8.337180e+00,2.635104e-02,3.160666e-03
3200,layers.4.k_norm.bias,4.201014e-01,2.236931e-02,5.324741e-02
3200,layers.5.qk_lut.weights,8.090100e+01,1.672898e+01,2.067833e-01
3200,layers.5.qk_lut.log_soft_score_temp,5.953241e-01,2.692819e-03,4.523282e-03
3200,layers.5.qk_lut.log_select_temp,7.402632e-01,6.648839e-03,8.981722e-03
3200,layers.5.v_lut.weights,6.381995e+01,1.279245e+01,2.004459e-01
3200,layers.5.v_lut.log_soft_score_temp,8.585669e-01,4.636884e-03,5.400725e-03
3200,layers.5.v_lut.log_select_temp,9.320375e-01,1.193398e-02,1.280419e-02
3200,layers.5.out_proj.weights,1.053451e+02,2.057184e+01,1.952804e-01
3200,layers.5.out_proj.log_soft_score_temp,6.649448e-01,2.266169e-04,3.408055e-04
3200,layers.5.out_proj.log_select_temp,8.223624e-01,1.515633e-02,1.843023e-02
3200,layers.5.residual_lut.weights,1.135573e+02,2.339241e+01,2.059966e-01
3200,layers.5.residual_lut.log_soft_score_temp,4.289449e-01,6.213903e-03,1.448648e-02
3200,layers.5.residual_lut.log_select_temp,8.321704e-01,2.206635e-02,2.651663e-02
3200,layers.5.q_norm.weight,8.320473e+00,2.200442e-02,2.644611e-03
3200,layers.5.q_norm.bias,2.454473e-01,1.585804e-02,6.460875e-02
3200,layers.5.k_norm.weight,8.306796e+00,2.235949e-02,2.691711e-03
3200,layers.5.k_norm.bias,4.695475e-01,2.101379e-02,4.475329e-02
3200,ln_final.weight,2.981110e+01,5.918334e-01,1.985279e-02
3200,ln_final.bias,1.296836e+00,6.352972e-02,4.898826e-02
3400,tok_emb_E.weight,8.533324e+01,2.999412e+00,3.514939e-02
3400,unembedder.weight,2.087953e+02,1.618090e+01,7.749648e-02
3400,layers.0.qk_lut.weights,8.280839e+01,1.454465e+01,1.756422e-01
3400,layers.0.qk_lut.log_soft_score_temp,8.850867e-01,6.439447e-03,7.275499e-03
3400,layers.0.qk_lut.log_select_temp,8.738271e-01,9.000659e-03,1.030027e-02
3400,layers.0.v_lut.weights,6.425155e+01,1.151987e+01,1.792933e-01
3400,layers.0.v_lut.log_soft_score_temp,9.206910e-01,1.724946e-02,1.873535e-02
3400,layers.0.v_lut.log_select_temp,1.168579e+00,1.269627e-02,1.086471e-02
3400,layers.0.out_proj.weights,9.512694e+01,1.778667e+01,1.869783e-01
3400,layers.0.out_proj.log_soft_score_temp,3.010695e-01,3.738734e-02,1.241818e-01
3400,layers.0.out_proj.log_select_temp,8.028094e-01,2.828836e-03,3.523671e-03
3400,layers.0.residual_lut.weights,1.214877e+02,2.147881e+01,1.767982e-01
3400,layers.0.residual_lut.log_soft_score_temp,6.418002e-01,9.884477e-03,1.540118e-02
3400,layers.0.residual_lut.log_select_temp,1.082170e+00,2.180302e-02,2.014749e-02
3400,layers.0.q_norm.weight,8.956453e+00,3.033608e-02,3.387064e-03
3400,layers.0.q_norm.bias,6.218810e-01,1.929427e-02,3.102567e-02
3400,layers.0.k_norm.weight,8.931416e+00,3.002955e-02,3.362239e-03
3400,layers.0.k_norm.bias,7.735018e-01,2.472553e-02,3.196570e-02
3400,layers.1.qk_lut.weights,8.233997e+01,1.524160e+01,1.851057e-01
3400,layers.1.qk_lut.log_soft_score_temp,4.673615e-01,4.825652e-03,1.032531e-02
3400,layers.1.qk_lut.log_select_temp,7.451470e-01,9.738326e-03,1.306900e-02
3400,layers.1.v_lut.weights,6.361093e+01,1.210699e+01,1.903288e-01
3400,layers.1.v_lut.log_soft_score_temp,4.674681e-01,2.196175e-02,4.698020e-02
3400,layers.1.v_lut.log_select_temp,9.294041e-01,7.445931e-03,8.011511e-03
3400,layers.1.out_proj.weights,9.423317e+01,1.823192e+01,1.934767e-01
3400,layers.1.out_proj.log_soft_score_temp,2.234571e-01,3.717712e-02,1.663725e-01
3400,layers.1.out_proj.log_select_temp,7.282991e-01,7.874250e-03,1.081184e-02
3400,layers.1.residual_lut.weights,1.173671e+02,2.160751e+01,1.841019e-01
3400,layers.1.residual_lut.log_soft_score_temp,4.538639e-01,1.748183e-02,3.851779e-02
3400,layers.1.residual_lut.log_select_temp,9.941146e-01,1.356089e-02,1.364118e-02
3400,layers.1.q_norm.weight,8.575073e+00,2.244263e-02,2.617194e-03
3400,layers.1.q_norm.bias,4.095674e-01,1.230487e-02,3.004357e-02
3400,layers.1.k_norm.weight,8.555251e+00,2.304701e-02,2.693902e-03
3400,layers.1.k_norm.bias,7.753811e-01,2.296947e-02,2.962345e-02
3400,layers.2.qk_lut.weights,8.222968e+01,1.552927e+01,1.888524e-01
3400,layers.2.qk_lut.log_soft_score_temp,4.048807e-01,1.441798e-02,3.561043e-02
3400,layers.2.qk_lut.log_select_temp,8.651295e-01,1.348829e-02,1.559107e-02
3400,layers.2.v_lut.weights,6.361293e+01,1.185554e+01,1.863699e-01
3400,layers.2.v_lut.log_soft_score_temp,5.255232e-01,2.610040e-02,4.966555e-02
3400,layers.2.v_lut.log_select_temp,1.085480e+00,1.366985e-02,1.259337e-02
3400,layers.2.out_proj.weights,9.990120e+01,1.872425e+01,1.874276e-01
3400,layers.2.out_proj.log_soft_score_temp,3.555108e-01,3.081861e-02,8.668825e-02
3400,layers.2.out_proj.log_select_temp,8.851854e-01,8.093119e-03,9.142852e-03
3400,layers.2.residual_lut.weights,1.170863e+02,2.174446e+01,1.857132e-01
3400,layers.2.residual_lut.log_soft_score_temp,3.845917e-01,1.554185e-02,4.041130e-02
3400,layers.2.residual_lut.log_select_temp,9.933493e-01,1.747686e-02,1.759387e-02
3400,layers.2.q_norm.weight,8.824540e+00,3.976043e-02,4.505666e-03
3400,layers.2.q_norm.bias,4.253717e-01,1.493543e-02,3.511149e-02
3400,layers.2.k_norm.weight,8.798949e+00,3.950582e-02,4.489834e-03
3400,layers.2.k_norm.bias,6.382025e-01,2.206488e-02,3.457348e-02
3400,layers.3.qk_lut.weights,8.272036e+01,1.583779e+01,1.914619e-01
3400,layers.3.qk_lut.log_soft_score_temp,4.321338e-01,1.150367e-02,2.662061e-02
3400,layers.3.qk_lut.log_select_temp,8.133372e-01,8.946359e-03,1.099957e-02
3400,layers.3.v_lut.weights,6.417698e+01,1.197920e+01,1.866588e-01
3400,layers.3.v_lut.log_soft_score_temp,7.488576e-01,1.434767e-02,1.915941e-02
3400,layers.3.v_lut.log_select_temp,1.039203e+00,1.299000e-02,1.249997e-02
3400,layers.3.out_proj.weights,1.000070e+02,1.890589e+01,1.890458e-01
3400,layers.3.out_proj.log_soft_score_temp,4.385878e-01,1.808634e-02,4.123768e-02
3400,layers.3.out_proj.log_select_temp,8.278005e-01,1.351160e-02,1.632229e-02
3400,layers.3.residual_lut.weights,1.155639e+02,2.189160e+01,1.894329e-01
3400,layers.3.residual_lut.log_soft_score_temp,3.679186e-01,1.195306e-02,3.248832e-02
3400,layers.3.residual_lut.log_select_temp,9.394463e-01,2.132720e-02,2.270188e-02
3400,layers.3.q_norm.weight,8.567964e+00,2.556742e-02,2.984072e-03
3400,layers.3.q_norm.bias,3.147731e-01,1.368873e-02,4.348760e-02
3400,layers.3.k_norm.weight,8.540855e+00,2.651850e-02,3.104899e-03
3400,layers.3.k_norm.bias,6.025050e-01,2.362356e-02,3.920890e-02
3400,layers.4.qk_lut.weights,8.284469e+01,1.576333e+01,1.902757e-01
3400,layers.4.qk_lut.log_soft_score_temp,6.106691e-01,6.207407e-03,1.016493e-02
3400,layers.4.qk_lut.log_select_temp,7.981154e-01,6.621718e-03,8.296693e-03
3400,layers.4.v_lut.weights,6.355844e+01,1.169810e+01,1.840526e-01
3400,layers.4.v_lut.log_soft_score_temp,8.949730e-01,3.569782e-03,3.988703e-03
3400,layers.4.v_lut.log_select_temp,9.943000e-01,1.556629e-02,1.565553e-02
3400,layers.4.out_proj.weights,1.006902e+02,1.923868e+01,1.910680e-01
3400,layers.4.out_proj.log_soft_score_temp,4.296823e-01,5.854130e-03,1.362432e-02
3400,layers.4.out_proj.log_select_temp,6.430382e-01,9.831905e-03,1.528977e-02
3400,layers.4.residual_lut.weights,1.149878e+02,2.216449e+01,1.927552e-01
3400,layers.4.residual_lut.log_soft_score_temp,3.923776e-01,3.231227e-03,8.234995e-03
3400,layers.4.residual_lut.log_select_temp,8.693935e-01,2.285612e-02,2.628973e-02
3400,layers.4.q_norm.weight,8.377275e+00,2.630151e-02,3.139626e-03
3400,layers.4.q_norm.bias,3.126270e-01,1.368036e-02,4.375935e-02
3400,layers.4.k_norm.weight,8.357396e+00,2.574469e-02,3.080468e-03
3400,layers.4.k_norm.bias,4.338390e-01,2.311669e-02,5.328404e-02
3400,layers.5.qk_lut.weights,8.290612e+01,1.609964e+01,1.941912e-01
3400,layers.5.qk_lut.log_soft_score_temp,5.912271e-01,4.096985e-03,6.929630e-03
3400,layers.5.qk_lut.log_select_temp,7.461152e-01,5.851984e-03,7.843271e-03
3400,layers.5.v_lut.weights,6.543344e+01,1.223670e+01,1.870099e-01
3400,layers.5.v_lut.log_soft_score_temp,8.621110e-01,3.544092e-03,4.110947e-03
3400,layers.5.v_lut.log_select_temp,9.421170e-01,1.007950e-02,1.069878e-02
3400,layers.5.out_proj.weights,1.079869e+02,1.970251e+01,1.824527e-01
3400,layers.5.out_proj.log_soft_score_temp,6.600966e-01,4.848242e-03,7.344746e-03
3400,layers.5.out_proj.log_select_temp,8.342628e-01,1.190037e-02,1.426453e-02
3400,layers.5.residual_lut.weights,1.164842e+02,2.240017e+01,1.923023e-01
3400,layers.5.residual_lut.log_soft_score_temp,4.261949e-01,2.749979e-03,6.452399e-03
3400,layers.5.residual_lut.log_select_temp,8.544726e-01,2.230215e-02,2.610049e-02
3400,layers.5.q_norm.weight,8.328733e+00,1.565785e-02,1.879979e-03
3400,layers.5.q_norm.bias,2.527502e-01,1.513412e-02,5.987779e-02
3400,layers.5.k_norm.weight,8.314493e+00,1.564208e-02,1.881303e-03
3400,layers.5.k_norm.bias,4.806236e-01,1.971390e-02,4.101733e-02
3400,ln_final.weight,3.038326e+01,5.746244e-01,1.891254e-02
3400,ln_final.bias,1.299942e+00,5.977858e-02,4.598557e-02
3600,tok_emb_E.weight,8.541264e+01,2.863935e+00,3.353058e-02
3600,unembedder.weight,2.106008e+02,1.555485e+01,7.385942e-02
3600,layers.0.qk_lut.weights,8.459927e+01,1.394405e+01,1.648247e-01
3600,layers.0.qk_lut.log_soft_score_temp,8.900734e-01,4.986703e-03,5.602575e-03
3600,layers.0.qk_lut.log_select_temp,8.809038e-01,7.076740e-03,8.033499e-03
3600,layers.0.v_lut.weights,6.561491e+01,1.102759e+01,1.680653e-01
3600,layers.0.v_lut.log_soft_score_temp,9.058974e-01,1.479357e-02,1.633030e-02
3600,layers.0.v_lut.log_select_temp,1.181328e+00,1.274860e-02,1.079176e-02
3600,layers.0.out_proj.weights,9.703158e+01,1.696840e+01,1.748750e-01
3600,layers.0.out_proj.log_soft_score_temp,2.669675e-01,3.410199e-02,1.277384e-01
3600,layers.0.out_proj.log_select_temp,8.007407e-01,2.068758e-03,2.583556e-03
3600,layers.0.residual_lut.weights,1.242298e+02,2.048187e+01,1.648709e-01
3600,layers.0.residual_lut.log_soft_score_temp,6.286044e-01,1.319581e-02,2.099224e-02
3600,layers.0.residual_lut.log_select_temp,1.101604e+00,1.943302e-02,1.764067e-02
3600,layers.0.q_norm.weight,8.978303e+00,2.703325e-02,3.010953e-03
3600,layers.0.q_norm.bias,6.324599e-01,1.610712e-02,2.546741e-02
3600,layers.0.k_norm.weight,8.952330e+00,2.558732e-02,2.858174e-03
3600,layers.0.k_norm.bias,7.935745e-01,2.525458e-02,3.182383e-02
3600,layers.1.qk_lut.weights,8.411883e+01,1.452154e+01,1.726313e-01
3600,layers.1.qk_lut.log_soft_score_temp,4.614656e-01,5.895942e-03,1.277656e-02
3600,layers.1.qk_lut.log_select_temp,7.523240e-01,7.176995e-03,9.539767e-03
3600,layers.1.v_lut.weights,6.492873e+01,1.158776e+01,1.784690e-01
3600,layers.1.v_lut.log_soft_score_temp,4.479533e-01,1.951486e-02,4.356450e-02
3600,layers.1.v_lut.log_select_temp,9.359012e-01,6.497085e-03,6.942063e-03
3600,layers.1.out_proj.weights,9.614471e+01,1.737159e+01,1.806817e-01
3600,layers.1.out_proj.log_soft_score_temp,1.889367e-01,3.452039e-02,1.827087e-01
3600,layers.1.out_proj.log_select_temp,7.272266e-01,1.072466e-03,1.474735e-03
3600,layers.1.residual_lut.weights,1.197710e+02,2.062252e+01,1.721828e-01
3600,layers.1.residual_lut.log_soft_score_temp,4.404160e-01,1.344785e-02,3.053443e-02
3600,layers.1.residual_lut.log_select_temp,1.009515e+00,1.540047e-02,1.525531e-02
3600,layers.1.q_norm.weight,8.585196e+00,1.841717e-02,2.145225e-03
3600,layers.1.q_norm.bias,4.187945e-01,1.151075e-02,2.748544e-02
3600,layers.1.k_norm.weight,8.564503e+00,1.851595e-02,2.161941e-03
3600,layers.1.k_norm.bias,7.939235e-01,2.530102e-02,3.186834e-02
3600,layers.2.qk_lut.weights,8.398747e+01,1.481567e+01,1.764034e-01
3600,layers.2.qk_lut.log_soft_score_temp,3.899312e-01,1.494950e-02,3.833882e-02
3600,layers.2.qk_lut.log_select_temp,8.770775e-01,1.194799e-02,1.362250e-02
3600,layers.2.v_lut.weights,6.497104e+01,1.128136e+01,1.736368e-01
3600,layers.2.v_lut.log_soft_score_temp,5.019885e-01,2.353466e-02,4.688286e-02
3600,layers.2.v_lut.log_select_temp,1.097964e+00,1.248360e-02,1.136977e-02
3600,layers.2.out_proj.weights,1.021542e+02,1.779625e+01,1.742098e-01
3600,layers.2.out_proj.log_soft_score_temp,3.237644e-01,3.174648e-02,9.805427e-02
3600,layers.2.out_proj.log_select_temp,8.905945e-01,5.409122e-03,6.073608e-03
3600,layers.2.residual_lut.weights,1.194903e+02,2.080317e+01,1.740992e-01
3600,layers.2.residual_lut.log_soft_score_temp,3.694316e-01,1.516011e-02,4.103632e-02
3600,layers.2.residual_lut.log_select_temp,1.010231e+00,1.688194e-02,1.671097e-02
3600,layers.2.q_norm.weight,8.854816e+00,3.756895e-02,4.242770e-03
3600,layers.2.q_norm.bias,4.329199e-01,1.356636e-02,3.133687e-02
3600,layers.2.k_norm.weight,8.829202e+00,3.802684e-02,4.306939e-03
3600,layers.2.k_norm.bias,6.482834e-01,2.124223e-02,3.276689e-02
3600,layers.3.qk_lut.weights,8.451565e+01,1.502846e+01,1.778186e-01
3600,layers.3.qk_lut.log_soft_score_temp,4.255389e-01,6.594956e-03,1.549789e-02
3600,layers.3.qk_lut.log_select_temp,8.261875e-01,1.285028e-02,1.555371e-02
3600,layers.3.v_lut.weights,6.556894e+01,1.136618e+01,1.733470e-01
3600,layers.3.v_lut.log_soft_score_temp,7.333102e-01,1.554739e-02,2.120166e-02
3600,layers.3.v_lut.log_select_temp,1.049852e+00,1.064944e-02,1.014375e-02
3600,layers.3.out_proj.weights,1.022147e+02,1.793176e+01,1.754324e-01
3600,layers.3.out_proj.log_soft_score_temp,4.180504e-01,2.053744e-02,4.912670e-02
3600,layers.3.out_proj.log_select_temp,8.355871e-01,7.786632e-03,9.318755e-03
3600,layers.3.residual_lut.weights,1.179740e+02,2.090136e+01,1.771692e-01
3600,layers.3.residual_lut.log_soft_score_temp,3.563874e-01,1.153120e-02,3.235581e-02
3600,layers.3.residual_lut.log_select_temp,9.604383e-01,2.099198e-02,2.185667e-02
3600,layers.3.q_norm.weight,8.587291e+00,2.312441e-02,2.692865e-03
3600,layers.3.q_norm.bias,3.215497e-01,1.442096e-02,4.484833e-02
3600,layers.3.k_norm.weight,8.559331e+00,2.358562e-02,2.755545e-03
3600,layers.3.k_norm.bias,6.134828e-01,1.911841e-02,3.116372e-02
3600,layers.4.qk_lut.weights,8.461534e+01,1.499446e+01,1.772074e-01
3600,layers.4.qk_lut.log_soft_score_temp,6.072252e-01,3.443897e-03,5.671532e-03
3600,layers.4.qk_lut.log_select_temp,8.073655e-01,9.250164e-03,1.145722e-02
3600,layers.4.v_lut.weights,6.498586e+01,1.105789e+01,1.701584e-01
3600,layers.4.v_lut.log_soft_score_temp,8.967271e-01,1.754105e-03,1.956119e-03
3600,layers.4.v_lut.log_select_temp,1.008231e+00,1.393092e-02,1.381719e-02
3600,layers.4.out_proj.weights,1.028859e+02,1.821387e+01,1.770297e-01
3600,layers.4.out_proj.log_soft_score_temp,4.242226e-01,5.459636e-03,1.286974e-02
3600,layers.4.out_proj.log_select_temp,6.528628e-01,9.824634e-03,1.504854e-02
3600,layers.4.residual_lut.weights,1.174845e+02,2.115712e+01,1.800843e-01
3600,layers.4.residual_lut.log_soft_score_temp,3.873881e-01,4.989415e-03,1.287963e-02
3600,layers.4.residual_lut.log_select_temp,8.921966e-01,2.280313e-02,2.555841e-02
3600,layers.4.q_norm.weight,8.397124e+00,2.601450e-02,3.098025e-03
3600,layers.4.q_norm.bias,3.229806e-01,1.397533e-02,4.326989e-02
3600,layers.4.k_norm.weight,8.377199e+00,2.452908e-02,2.928077e-03
3600,layers.4.k_norm.bias,4.418500e-01,1.758646e-02,3.980188e-02
3600,layers.5.qk_lut.weights,8.467609e+01,1.528126e+01,1.804673e-01
3600,layers.5.qk_lut.log_soft_score_temp,5.864933e-01,4.733801e-03,8.071364e-03
3600,layers.5.qk_lut.log_select_temp,7.499504e-01,3.835201e-03,5.113940e-03
3600,layers.5.v_lut.weights,6.683068e+01,1.160699e+01,1.736776e-01
3600,layers.5.v_lut.log_soft_score_temp,8.666290e-01,4.518032e-03,5.213340e-03
3600,layers.5.v_lut.log_select_temp,9.529305e-01,1.081342e-02,1.134754e-02
3600,layers.5.out_proj.weights,1.102990e+02,1.861626e+01,1.687800e-01
3600,layers.5.out_proj.log_soft_score_temp,6.524723e-01,7.624269e-03,1.168520e-02
3600,layers.5.out_proj.log_select_temp,8.448517e-01,1.058894e-02,1.253349e-02
3600,layers.5.residual_lut.weights,1.190624e+02,2.134950e+01,1.793135e-01
3600,layers.5.residual_lut.log_soft_score_temp,4.206817e-01,5.513221e-03,1.310545e-02
3600,layers.5.residual_lut.log_select_temp,8.758580e-01,2.138543e-02,2.441655e-02
3600,layers.5.q_norm.weight,8.344230e+00,2.388358e-02,2.862288e-03
3600,layers.5.q_norm.bias,2.568925e-01,9.623718e-03,3.746204e-02
3600,layers.5.k_norm.weight,8.330348e+00,2.357459e-02,2.829964e-03
3600,layers.5.k_norm.bias,4.867285e-01,1.569322e-02,3.224224e-02
3600,ln_final.weight,3.092725e+01,5.462874e-01,1.766363e-02
3600,ln_final.bias,1.304005e+00,5.753238e-02,4.411976e-02
3800,tok_emb_E.weight,8.548363e+01,2.728132e+00,3.191408e-02
3800,unembedder.weight,2.121312e+02,1.472007e+01,6.939136e-02
3800,layers.0.qk_lut.weights,8.616994e+01,1.323122e+01,1.535480e-01
3800,layers.0.qk_lut.log_soft_score_temp,8.963495e-01,6.276131e-03,7.001879e-03
3800,layers.0.qk_lut.log_select_temp,8.895329e-01,8.629024e-03,9.700624e-03
3800,layers.0.v_lut.weights,6.681710e+01,1.049092e+01,1.570096e-01
3800,layers.0.v_lut.log_soft_score_temp,8.915826e-01,1.431483e-02,1.605553e-02
3800,layers.0.v_lut.log_select_temp,1.191618e+00,1.029050e-02,8.635740e-03
3800,layers.0.out_proj.weights,9.870400e+01,1.610847e+01,1.631998e-01
3800,layers.0.out_proj.log_soft_score_temp,2.356676e-01,3.129989e-02,1.328137e-01
3800,layers.0.out_proj.log_select_temp,8.004317e-01,3.089309e-04,3.859553e-04
3800,layers.0.residual_lut.weights,1.266968e+02,1.944839e+01,1.535034e-01
3800,layers.0.residual_lut.log_soft_score_temp,6.203198e-01,8.284509e-03,1.335522e-02
3800,layers.0.residual_lut.log_select_temp,1.122968e+00,2.136421e-02,1.902478e-02
3800,layers.0.q_norm.weight,9.004413e+00,3.109504e-02,3.453311e-03
3800,layers.0.q_norm.bias,6.482717e-01,1.919563e-02,2.961048e-02
3800,layers.0.k_norm.weight,8.977064e+00,2.952185e-02,3.288586e-03
3800,layers.0.k_norm.bias,8.101597e-01,2.193911e-02,2.707998e-02
3800,layers.1.qk_lut.weights,8.571945e+01,1.380388e+01,1.610356e-01
3800,layers.1.qk_lut.log_soft_score_temp,4.574111e-01,4.054546e-03,8.864120e-03
3800,layers.1.qk_lut.log_select_temp,7.603940e-01,8.070052e-03,1.061299e-02
3800,layers.1.v_lut.weights,6.608302e+01,1.099595e+01,1.663960e-01
3800,layers.1.v_lut.log_soft_score_temp,4.304941e-01,1.745918e-02,4.055615e-02
3800,layers.1.v_lut.log_select_temp,9.420972e-01,6.195962e-03,6.576776e-03
3800,layers.1.out_proj.weights,9.781306e+01,1.648693e+01,1.685555e-01
3800,layers.1.out_proj.log_soft_score_temp,1.558821e-01,3.305465e-02,2.120491e-01
3800,layers.1.out_proj.log_select_temp,7.248830e-01,2.343655e-03,3.233149e-03
3800,layers.1.residual_lut.weights,1.219043e+02,1.955789e+01,1.604364e-01
3800,layers.1.residual_lut.log_soft_score_temp,4.294636e-01,1.095244e-02,2.550261e-02
3800,layers.1.residual_lut.log_select_temp,1.026991e+00,1.747549e-02,1.701621e-02
3800,layers.1.q_norm.weight,8.597109e+00,1.876604e-02,2.182831e-03
3800,layers.1.q_norm.bias,4.247815e-01,1.086422e-02,2.557601e-02
3800,layers.1.k_norm.weight,8.575923e+00,1.916565e-02,2.234821e-03
3800,layers.1.k_norm.bias,8.088708e-01,2.185502e-02,2.701918e-02
3800,layers.2.qk_lut.weights,8.553743e+01,1.408860e+01,1.647069e-01
3800,layers.2.qk_lut.log_soft_score_temp,3.779914e-01,1.193979e-02,3.158748e-02
3800,layers.2.qk_lut.log_select_temp,8.895998e-01,1.252228e-02,1.407631e-02
3800,layers.2.v_lut.weights,6.616405e+01,1.071710e+01,1.619777e-01
3800,layers.2.v_lut.log_soft_score_temp,4.807291e-01,2.125946e-02,4.422336e-02
3800,layers.2.v_lut.log_select_temp,1.111082e+00,1.311827e-02,1.180675e-02
3800,layers.2.out_proj.weights,1.041683e+02,1.688445e+01,1.620882e-01
3800,layers.2.out_proj.log_soft_score_temp,2.950861e-01,2.867824e-02,9.718600e-02
3800,layers.2.out_proj.log_select_temp,8.945767e-01,3.982186e-03,4.451476e-03
3800,layers.2.residual_lut.weights,1.216153e+02,1.972303e+01,1.621756e-01
3800,layers.2.residual_lut.log_soft_score_temp,3.571144e-01,1.231721e-02,3.449094e-02
3800,layers.2.residual_lut.log_select_temp,1.026019e+00,1.578736e-02,1.538701e-02
3800,layers.2.q_norm.weight,8.884838e+00,3.582462e-02,4.032107e-03
3800,layers.2.q_norm.bias,4.396828e-01,1.150890e-02,2.617547e-02
3800,layers.2.k_norm.weight,8.859002e+00,3.590251e-02,4.052659e-03
3800,layers.2.k_norm.bias,6.561569e-01,1.867744e-02,2.846490e-02
3800,layers.3.qk_lut.weights,8.608718e+01,1.429489e+01,1.660513e-01
3800,layers.3.qk_lut.log_soft_score_temp,4.159076e-01,9.631306e-03,2.315732e-02
3800,layers.3.qk_lut.log_select_temp,8.359235e-01,9.736001e-03,1.164700e-02
3800,layers.3.v_lut.weights,6.678566e+01,1.083837e+01,1.622858e-01
3800,layers.3.v_lut.log_soft_score_temp,7.170265e-01,1.628363e-02,2.270994e-02
3800,layers.3.v_lut.log_select_temp,1.058463e+00,8.610725e-03,8.135123e-03
3800,layers.3.out_proj.weights,1.041816e+02,1.706329e+01,1.637842e-01
3800,layers.3.out_proj.log_soft_score_temp,3.982086e-01,1.984185e-02,4.982778e-02
3800,layers.3.out_proj.log_select_temp,8.437185e-01,8.131385e-03,9.637557e-03
3800,layers.3.residual_lut.weights,1.201067e+02,1.984436e+01,1.652227e-01
3800,layers.3.residual_lut.log_soft_score_temp,3.471623e-01,9.225041e-03,2.657270e-02
3800,layers.3.residual_lut.log_select_temp,9.800860e-01,1.964766e-02,2.004687e-02
3800,layers.3.q_norm.weight,8.604158e+00,2.193364e-02,2.549190e-03
3800,layers.3.q_norm.bias,3.296956e-01,1.260019e-02,3.821764e-02
3800,layers.3.k_norm.weight,8.575732e+00,2.224218e-02,2.593618e-03
3800,layers.3.k_norm.bias,6.258297e-01,2.057244e-02,3.287226e-02
3800,layers.4.qk_lut.weights,8.618166e+01,1.428740e+01,1.657823e-01
3800,layers.4.qk_lut.log_soft_score_temp,6.028665e-01,4.358649e-03,7.229874e-03
3800,layers.4.qk_lut.log_select_temp,8.153903e-01,8.024752e-03,9.841609e-03
3800,layers.4.v_lut.weights,6.624004e+01,1.059776e+01,1.599903e-01
3800,layers.4.v_lut.log_soft_score_temp,8.980260e-01,1.298964e-03,1.446466e-03
3800,layers.4.v_lut.log_select_temp,1.021378e+00,1.314700e-02,1.287182e-02
3800,layers.4.out_proj.weights,1.048776e+02,1.734110e+01,1.653461e-01
3800,layers.4.out_proj.log_soft_score_temp,4.185843e-01,5.638391e-03,1.347015e-02
3800,layers.4.out_proj.log_select_temp,6.635499e-01,1.068711e-02,1.610597e-02
3800,layers.4.residual_lut.weights,1.196711e+02,2.009393e+01,1.679096e-01
3800,layers.4.residual_lut.log_soft_score_temp,3.835607e-01,3.827423e-03,9.978662e-03
3800,layers.4.residual_lut.log_select_temp,9.129217e-01,2.072513e-02,2.270198e-02
3800,layers.4.q_norm.weight,8.419616e+00,2.949259e-02,3.502843e-03
3800,layers.4.q_norm.bias,3.339079e-01,1.455463e-02,4.358876e-02
3800,layers.4.k_norm.weight,8.400185e+00,2.883478e-02,3.432636e-03
3800,layers.4.k_norm.bias,4.522391e-01,1.811711e-02,4.006091e-02
3800,layers.5.qk_lut.weights,8.627808e+01,1.453608e+01,1.684794e-01
3800,layers.5.qk_lut.log_soft_score_temp,5.819030e-01,4.590273e-03,7.888381e-03
3800,layers.5.qk_lut.log_select_temp,7.523602e-01,2.409816e-03,3.203008e-03
3800,layers.5.v_lut.weights,6.809416e+01,1.105917e+01,1.624099e-01
3800,layers.5.v_lut.log_soft_score_temp,8.690526e-01,2.423644e-03,2.788835e-03
3800,layers.5.v_lut.log_select_temp,9.620300e-01,9.099543e-03,9.458690e-03
3800,layers.5.out_proj.weights,1.124181e+02,1.769170e+01,1.573741e-01
3800,layers.5.out_proj.log_soft_score_temp,6.488981e-01,3.574252e-03,5.508187e-03
3800,layers.5.out_proj.log_select_temp,8.567894e-01,1.193768e-02,1.393304e-02
3800,layers.5.residual_lut.weights,1.213215e+02,2.028069e+01,1.671648e-01
3800,layers.5.residual_lut.log_soft_score_temp,4.168409e-01,3.840804e-03,9.214077e-03
3800,layers.5.residual_lut.log_select_temp,8.962520e-01,2.039397e-02,2.275473e-02
3800,layers.5.q_norm.weight,8.356078e+00,1.825080e-02,2.184135e-03
3800,layers.5.q_norm.bias,2.666290e-01,1.421418e-02,5.331072e-02
3800,layers.5.k_norm.weight,8.342151e+00,1.829707e-02,2.193327e-03
3800,layers.5.k_norm.bias,5.008718e-01,2.157132e-02,4.306754e-02
3800,ln_final.weight,3.145082e+01,5.254791e-01,1.670796e-02
3800,ln_final.bias,1.308960e+00,5.377403e-02,4.108150e-02
4000,tok_emb_E.weight,8.554573e+01,2.581248e+00,3.017389e-02
4000,unembedder.weight,2.134441e+02,1.379078e+01,6.461074e-02
4000,layers.0.qk_lut.weights,8.755873e+01,1.257294e+01,1.435943e-01
4000,layers.0.qk_lut.log_soft_score_temp,9.004591e-01,4.109561e-03,4.563851e-03
4000,layers.0.qk_lut.log_select_temp,8.952191e-01,5.686224e-03,6.351768e-03
4000,layers.0.v_lut.weights,6.787067e+01,9.951684e+00,1.466272e-01
4000,layers.0.v_lut.log_soft_score_temp,8.781857e-01,1.339686e-02,1.525515e-02
4000,layers.0.v_lut.log_select_temp,1.201791e+00,1.017296e-02,8.464835e-03
4000,layers.0.out_proj.weights,1.001729e+02,1.522071e+01,1.519444e-01
4000,layers.0.out_proj.log_soft_score_temp,2.060133e-01,2.965428e-02,1.439435e-01
4000,layers.0.out_proj.log_select_temp,8.026298e-01,2.198100e-03,2.738622e-03
4000,layers.0.residual_lut.weights,1.288759e+02,1.840502e+01,1.428119e-01
4000,layers.0.residual_lut.log_soft_score_temp,6.101357e-01,1.018417e-02,1.669165e-02
4000,layers.0.residual_lut.log_select_temp,1.141145e+00,1.817691e-02,1.592867e-02
4000,layers.0.q_norm.weight,9.021398e+00,2.145053e-02,2.377740e-03
4000,layers.0.q_norm.bias,6.585413e-01,1.503538e-02,2.283134e-02
4000,layers.0.k_norm.weight,8.993470e+00,2.130500e-02,2.368941e-03
4000,layers.0.k_norm.bias,8.256276e-01,2.093432e-02,2.535564e-02
4000,layers.1.qk_lut.weights,8.709224e+01,1.306953e+01,1.500654e-01
4000,layers.1.qk_lut.log_soft_score_temp,4.537035e-01,3.707588e-03,8.171830e-03
4000,layers.1.qk_lut.log_select_temp,7.685668e-01,8.172810e-03,1.063383e-02
4000,layers.1.v_lut.weights,6.708164e+01,1.038241e+01,1.547727e-01
4000,layers.1.v_lut.log_soft_score_temp,4.126725e-01,1.782158e-02,4.318577e-02
4000,layers.1.v_lut.log_select_temp,9.474883e-01,5.391121e-03,5.689908e-03
4000,layers.1.out_proj.weights,9.923420e+01,1.556475e+01,1.568486e-01
4000,layers.1.out_proj.log_soft_score_temp,1.246899e-01,3.119212e-02,2.501575e-01
4000,layers.1.out_proj.log_select_temp,7.212256e-01,3.657401e-03,5.071091e-03
4000,layers.1.residual_lut.weights,1.237677e+02,1.855121e+01,1.498873e-01
4000,layers.1.residual_lut.log_soft_score_temp,4.187928e-01,1.067075e-02,2.547978e-02
4000,layers.1.residual_lut.log_select_temp,1.042652e+00,1.566136e-02,1.502070e-02
4000,layers.1.q_norm.weight,8.607400e+00,1.609991e-02,1.870473e-03
4000,layers.1.q_norm.bias,4.319718e-01,1.007860e-02,2.333162e-02
4000,layers.1.k_norm.weight,8.585375e+00,1.529073e-02,1.781021e-03
4000,layers.1.k_norm.bias,8.209162e-01,1.822954e-02,2.220633e-02
4000,layers.2.qk_lut.weights,8.690958e+01,1.333017e+01,1.533798e-01
4000,layers.2.qk_lut.log_soft_score_temp,3.653948e-01,1.259661e-02,3.447397e-02
4000,layers.2.qk_lut.log_select_temp,9.011341e-01,1.153427e-02,1.279973e-02
4000,layers.2.v_lut.weights,6.721674e+01,1.015724e+01,1.511117e-01
4000,layers.2.v_lut.log_soft_score_temp,4.607350e-01,1.999411e-02,4.339612e-02
4000,layers.2.v_lut.log_select_temp,1.124387e+00,1.330543e-02,1.183349e-02
4000,layers.2.out_proj.weights,1.059345e+02,1.596355e+01,1.506926e-01
4000,layers.2.out_proj.log_soft_score_temp,2.679604e-01,2.712569e-02,1.012302e-01
4000,layers.2.out_proj.log_select_temp,8.994862e-01,4.909575e-03,5.458199e-03
4000,layers.2.residual_lut.weights,1.234808e+02,1.867436e+01,1.512330e-01
4000,layers.2.residual_lut.log_soft_score_temp,3.449584e-01,1.215595e-02,3.523888e-02
4000,layers.2.residual_lut.log_select_temp,1.044465e+00,1.844656e-02,1.766125e-02
4000,layers.2.q_norm.weight,8.914107e+00,3.491503e-02,3.916828e-03
4000,layers.2.q_norm.bias,4.488232e-01,1.344393e-02,2.995373e-02
4000,layers.2.k_norm.weight,8.887594e+00,3.473440e-02,3.908189e-03
4000,layers.2.k_norm.bias,6.693674e-01,1.959862e-02,2.927931e-02
4000,layers.3.qk_lut.weights,8.748564e+01,1.347503e+01,1.540256e-01
4000,layers.3.qk_lut.log_soft_score_temp,4.085675e-01,7.340044e-03,1.796531e-02
4000,layers.3.qk_lut.log_select_temp,8.458705e-01,9.947002e-03,1.175949e-02
4000,layers.3.v_lut.weights,6.785705e+01,1.025455e+01,1.511199e-01
4000,layers.3.v_lut.log_soft_score_temp,7.011086e-01,1.591790e-02,2.270390e-02
4000,layers.3.v_lut.log_select_temp,1.066549e+00,8.085847e-03,7.581320e-03
4000,layers.3.out_proj.weights,1.059459e+02,1.608833e+01,1.518542e-01
4000,layers.3.out_proj.log_soft_score_temp,3.801357e-01,1.807281e-02,4.754305e-02
4000,layers.3.out_proj.log_select_temp,8.520634e-01,8.344948e-03,9.793811e-03
4000,layers.3.residual_lut.weights,1.219665e+02,1.879073e+01,1.540647e-01
4000,layers.3.residual_lut.log_soft_score_temp,3.371432e-01,1.001918e-02,2.971789e-02
4000,layers.3.residual_lut.log_select_temp,9.987861e-01,1.870012e-02,1.872285e-02
4000,layers.3.q_norm.weight,8.623724e+00,2.409743e-02,2.794318e-03
4000,layers.3.q_norm.bias,3.362420e-01,1.227112e-02,3.649490e-02
4000,layers.3.k_norm.weight,8.595198e+00,2.530973e-02,2.944637e-03
4000,layers.3.k_norm.bias,6.383843e-01,1.863453e-02,2.919014e-02
4000,layers.4.qk_lut.weights,8.756314e+01,1.349695e+01,1.541397e-01
4000,layers.4.qk_lut.log_soft_score_temp,5.978161e-01,5.050421e-03,8.448118e-03
4000,layers.4.qk_lut.log_select_temp,8.216498e-01,6.259561e-03,7.618282e-03
4000,layers.4.v_lut.weights,6.736192e+01,9.985723e+00,1.482399e-01
4000,layers.4.v_lut.log_soft_score_temp,8.957330e-01,2.293050e-03,2.559971e-03
4000,layers.4.v_lut.log_select_temp,1.031778e+00,1.039958e-02,1.007929e-02
4000,layers.4.out_proj.weights,1.066456e+02,1.636789e+01,1.534793e-01
4000,layers.4.out_proj.log_soft_score_temp,4.134939e-01,5.090386e-03,1.231067e-02
4000,layers.4.out_proj.log_select_temp,6.739698e-01,1.041991e-02,1.546049e-02
4000,layers.4.residual_lut.weights,1.215888e+02,1.898899e+01,1.561738e-01
4000,layers.4.residual_lut.log_soft_score_temp,3.769251e-01,6.635636e-03,1.760466e-02
4000,layers.4.residual_lut.log_select_temp,9.310916e-01,1.816988e-02,1.951460e-02
4000,layers.4.q_norm.weight,8.434599e+00,2.060249e-02,2.442617e-03
4000,layers.4.q_norm.bias,3.425426e-01,1.203020e-02,3.512031e-02
4000,layers.4.k_norm.weight,8.414467e+00,1.905303e-02,2.264318e-03
4000,layers.4.k_norm.bias,4.619899e-01,1.480824e-02,3.205318e-02
4000,layers.5.qk_lut.weights,8.765189e+01,1.376122e+01,1.569985e-01
4000,layers.5.qk_lut.log_soft_score_temp,5.775566e-01,4.346490e-03,7.525653e-03
4000,layers.5.qk_lut.log_select_temp,7.556606e-01,3.300369e-03,4.367528e-03
4000,layers.5.v_lut.weights,6.919308e+01,1.048069e+01,1.514702e-01
4000,layers.5.v_lut.log_soft_score_temp,8.714901e-01,2.437413e-03,2.796834e-03
4000,layers.5.v_lut.log_select_temp,9.715040e-01,9.473979e-03,9.751869e-03
4000,layers.5.out_proj.weights,1.142911e+02,1.670077e+01,1.461248e-01
4000,layers.5.out_proj.log_soft_score_temp,6.422852e-01,6.612897e-03,1.029589e-02
4000,layers.5.out_proj.log_select_temp,8.667948e-01,1.000535e-02,1.154293e-02
4000,layers.5.residual_lut.weights,1.233102e+02,1.920103e+01,1.557132e-01
4000,layers.5.residual_lut.log_soft_score_temp,4.102259e-01,6.614953e-03,1.612515e-02
4000,layers.5.residual_lut.log_select_temp,9.135423e-01,1.729029e-02,1.892665e-02
4000,layers.5.q_norm.weight,8.365903e+00,1.693045e-02,2.023745e-03
4000,layers.5.q_norm.bias,2.699723e-01,1.127975e-02,4.178116e-02
4000,layers.5.k_norm.weight,8.352464e+00,1.716502e-02,2.055084e-03
4000,layers.5.k_norm.bias,5.129364e-01,1.848654e-02,3.604061e-02
4000,ln_final.weight,3.193924e+01,4.904670e-01,1.535625e-02
4000,ln_final.bias,1.313522e+00,5.213550e-02,3.969137e-02
4200,tok_emb_E.weight,8.560363e+01,2.435699e+00,2.845323e-02
4200,unembedder.weight,2.145652e+02,1.287362e+01,5.999860e-02
4200,layers.0.qk_lut.weights,8.876779e+01,1.186604e+01,1.336750e-01
4200,layers.0.qk_lut.log_soft_score_temp,9.051399e-01,4.680753e-03,5.171303e-03
4200,layers.0.qk_lut.log_select_temp,9.019513e-01,6.732225e-03,7.464067e-03
4200,layers.0.v_lut.weights,6.879094e+01,9.399817e+00,1.366432e-01
4200,layers.0.v_lut.log_soft_score_temp,8.681620e-01,1.002377e-02,1.154597e-02
4200,layers.0.v_lut.log_select_temp,1.212202e+00,1.041067e-02,8.588229e-03
4200,layers.0.out_proj.weights,1.014280e+02,1.435373e+01,1.415165e-01
4200,layers.0.out_proj.log_soft_score_temp,1.788604e-01,2.715297e-02,1.518110e-01
4200,layers.0.out_proj.log_select_temp,8.037415e-01,1.111686e-03,1.383139e-03
4200,layers.0.residual_lut.weights,1.307627e+02,1.734540e+01,1.326480e-01
4200,layers.0.residual_lut.log_soft_score_temp,5.995730e-01,1.056266e-02,1.761697e-02
4200,layers.0.residual_lut.log_select_temp,1.158530e+00,1.738548e-02,1.500650e-02
4200,layers.0.q_norm.weight,9.039557e+00,2.301081e-02,2.545569e-03
4200,layers.0.q_norm.bias,6.683802e-01,1.293533e-02,1.935326e-02
4200,layers.0.k_norm.weight,9.010777e+00,2.234972e-02,2.480332e-03
4200,layers.0.k_norm.bias,8.390641e-01,1.868880e-02,2.227339e-02
4200,layers.1.qk_lut.weights,8.828428e+01,1.231548e+01,1.394980e-01
4200,layers.1.qk_lut.log_soft_score_temp,4.505025e-01,3.200918e-03,7.105217e-03
4200,layers.1.qk_lut.log_select_temp,7.753561e-01,6.789267e-03,8.756321e-03
4200,layers.1.v_lut.weights,6.795197e+01,9.780929e+00,1.439388e-01
4200,layers.1.v_lut.log_soft_score_temp,3.983269e-01,1.434562e-02,3.601468e-02
4200,layers.1.v_lut.log_select_temp,9.548806e-01,7.392287e-03,7.741583e-03
4200,layers.1.out_proj.weights,1.004975e+02,1.466827e+01,1.459565e-01
4200,layers.1.out_proj.log_soft_score_temp,9.626555e-02,2.842439e-02,2.952706e-01
4200,layers.1.out_proj.log_select_temp,7.220094e-01,7.838607e-04,1.085665e-03
4200,layers.1.residual_lut.weights,1.253731e+02,1.747991e+01,1.394231e-01
4200,layers.1.residual_lut.log_soft_score_temp,4.103429e-01,8.449942e-03,2.059239e-02
4200,layers.1.residual_lut.log_select_temp,1.056772e+00,1.412046e-02,1.336187e-02
4200,layers.1.q_norm.weight,8.621096e+00,1.839634e-02,2.133875e-03
4200,layers.1.q_norm.bias,4.382640e-01,9.937709e-03,2.267517e-02
4200,layers.1.k_norm.weight,8.598702e+00,1.769329e-02,2.057670e-03
4200,layers.1.k_norm.bias,8.342569e-01,1.824105e-02,2.186503e-02
4200,layers.2.qk_lut.weights,8.809391e+01,1.260251e+01,1.430577e-01
4200,layers.2.qk_lut.log_soft_score_temp,3.552637e-01,1.013103e-02,2.851693e-02
4200,layers.2.qk_lut.log_select_temp,9.134042e-01,1.227009e-02,1.343337e-02
4200,layers.2.v_lut.weights,6.813562e+01,9.570079e+00,1.404563e-01
4200,layers.2.v_lut.log_soft_score_temp,4.441974e-01,1.653752e-02,3.723010e-02
4200,layers.2.v_lut.log_select_temp,1.137111e+00,1.272368e-02,1.118948e-02
4200,layers.2.out_proj.weights,1.075234e+02,1.500403e+01,1.395420e-01
4200,layers.2.out_proj.log_soft_score_temp,2.431907e-01,2.476974e-02,1.018532e-01
4200,layers.2.out_proj.log_select_temp,9.033623e-01,3.876090e-03,4.290737e-03
4200,layers.2.residual_lut.weights,1.250808e+02,1.759481e+01,1.406675e-01
4200,layers.2.residual_lut.log_soft_score_temp,3.350160e-01,9.942442e-03,2.967752e-02
4200,layers.2.residual_lut.log_select_temp,1.059411e+00,1.494575e-02,1.410760e-02
4200,layers.2.q_norm.weight,8.941317e+00,3.368451e-02,3.767287e-03
4200,layers.2.q_norm.bias,4.538708e-01,1.080117e-02,2.379790e-02
4200,layers.2.k_norm.weight,8.914305e+00,3.324621e-02,3.729535e-03
4200,layers.2.k_norm.bias,6.787223e-01,1.877406e-02,2.766088e-02
4200,layers.3.qk_lut.weights,8.869850e+01,1.275029e+01,1.437487e-01
4200,layers.3.qk_lut.log_soft_score_temp,4.019993e-01,6.568193e-03,1.633882e-02
4200,layers.3.qk_lut.log_select_temp,8.580794e-01,1.220888e-02,1.422815e-02
4200,layers.3.v_lut.weights,6.880283e+01,9.648582e+00,1.402352e-01
4200,layers.3.v_lut.log_soft_score_temp,6.851957e-01,1.591295e-02,2.322395e-02
4200,layers.3.v_lut.log_select_temp,1.073321e+00,6.772518e-03,6.309871e-03
4200,layers.3.out_proj.weights,1.075150e+02,1.514081e+01,1.408251e-01
4200,layers.3.out_proj.log_soft_score_temp,3.646998e-01,1.543590e-02,4.232495e-02
4200,layers.3.out_proj.log_select_temp,8.610631e-01,8.999646e-03,1.045178e-02
4200,layers.3.residual_lut.weights,1.236105e+02,1.770238e+01,1.432109e-01
4200,layers.3.residual_lut.log_soft_score_temp,3.299998e-01,7.143319e-03,2.164643e-02
4200,layers.3.residual_lut.log_select_temp,1.016400e+00,1.761341e-02,1.732922e-02
4200,layers.3.q_norm.weight,8.639220e+00,2.137770e-02,2.474495e-03
4200,layers.3.q_norm.bias,3.409379e-01,1.135853e-02,3.331555e-02
4200,layers.3.k_norm.weight,8.610454e+00,2.112278e-02,2.453155e-03
4200,layers.3.k_norm.bias,6.456081e-01,1.522744e-02,2.358620e-02
4200,layers.4.qk_lut.weights,8.875998e+01,1.271469e+01,1.432480e-01
4200,layers.4.qk_lut.log_soft_score_temp,5.953293e-01,2.486825e-03,4.177226e-03
4200,layers.4.qk_lut.log_select_temp,8.301454e-01,8.495510e-03,1.023376e-02
4200,layers.4.v_lut.weights,6.833989e+01,9.371398e+00,1.371293e-01
4200,layers.4.v_lut.log_soft_score_temp,8.931661e-01,2.566874e-03,2.873904e-03
4200,layers.4.v_lut.log_select_temp,1.040887e+00,9.109378e-03,8.751554e-03
4200,layers.4.out_proj.weights,1.082335e+02,1.536234e+01,1.419370e-01
4200,layers.4.out_proj.log_soft_score_temp,4.099718e-01,3.522068e-03,8.591001e-03
4200,layers.4.out_proj.log_select_temp,6.847383e-01,1.076847e-02,1.572641e-02
4200,layers.4.residual_lut.weights,1.233138e+02,1.791441e+01,1.452750e-01
4200,layers.4.residual_lut.log_soft_score_temp,3.754769e-01,1.448154e-03,3.856840e-03
4200,layers.4.residual_lut.log_select_temp,9.500418e-01,1.895016e-02,1.994666e-02
4200,layers.4.q_norm.weight,8.453660e+00,2.457617e-02,2.907163e-03
4200,layers.4.q_norm.bias,3.528538e-01,1.389256e-02,3.937199e-02
4200,layers.4.k_norm.weight,8.433610e+00,2.452786e-02,2.908346e-03
4200,layers.4.k_norm.bias,4.721727e-01,1.665503e-02,3.527317e-02
4200,layers.5.qk_lut.weights,8.884896e+01,1.297982e+01,1.460886e-01
4200,layers.5.qk_lut.log_soft_score_temp,5.743757e-01,3.180802e-03,5.537842e-03
4200,layers.5.qk_lut.log_select_temp,7.609808e-01,5.320251e-03,6.991307e-03
4200,layers.5.v_lut.weights,7.014761e+01,9.881613e+00,1.408689e-01
4200,layers.5.v_lut.log_soft_score_temp,8.725340e-01,1.043916e-03,1.196418e-03
4200,layers.5.v_lut.log_select_temp,9.784527e-01,6.948709e-03,7.101733e-03
4200,layers.5.out_proj.weights,1.158977e+02,1.571972e+01,1.356345e-01
4200,layers.5.out_proj.log_soft_score_temp,6.347389e-01,7.546306e-03,1.188884e-02
4200,layers.5.out_proj.log_select_temp,8.730988e-01,6.304026e-03,7.220289e-03
4200,layers.5.residual_lut.weights,1.250745e+02,1.811282e+01,1.448163e-01
4200,layers.5.residual_lut.log_soft_score_temp,4.063565e-01,3.869385e-03,9.522142e-03
4200,layers.5.residual_lut.log_select_temp,9.310106e-01,1.746833e-02,1.876277e-02
4200,layers.5.q_norm.weight,8.381232e+00,1.959316e-02,2.337742e-03
4200,layers.5.q_norm.bias,2.779928e-01,1.237324e-02,4.450920e-02
4200,layers.5.k_norm.weight,8.367464e+00,1.897981e-02,2.268287e-03
4200,layers.5.k_norm.bias,5.247164e-01,1.644679e-02,3.134414e-02
4200,ln_final.weight,3.240727e+01,4.698314e-01,1.449772e-02
4200,ln_final.bias,1.319251e+00,4.971831e-02,3.768677e-02
4400,tok_emb_E.weight,8.565451e+01,2.278733e+00,2.660378e-02
4400,unembedder.weight,2.155618e+02,1.222271e+01,5.670164e-02
4400,layers.0.qk_lut.weights,8.982178e+01,1.114366e+01,1.240641e-01
4400,layers.0.qk_lut.log_soft_score_temp,9.094256e-01,4.285753e-03,4.712593e-03
4400,layers.0.qk_lut.log_select_temp,9.084561e-01,6.504774e-03,7.160252e-03
4400,layers.0.v_lut.weights,6.958462e+01,8.873413e+00,1.275198e-01
4400,layers.0.v_lut.log_soft_score_temp,8.577121e-01,1.044989e-02,1.218344e-02
4400,layers.0.v_lut.log_select_temp,1.220621e+00,8.419752e-03,6.897922e-03
4400,layers.0.out_proj.weights,1.024821e+02,1.345587e+01,1.312997e-01
4400,layers.0.out_proj.log_soft_score_temp,1.533936e-01,2.546677e-02,1.660224e-01
4400,layers.0.out_proj.log_select_temp,8.032479e-01,4.936457e-04,6.145621e-04
4400,layers.0.residual_lut.weights,1.324548e+02,1.632432e+01,1.232445e-01
4400,layers.0.residual_lut.log_soft_score_temp,5.922306e-01,7.342458e-03,1.239797e-02
4400,layers.0.residual_lut.log_select_temp,1.176069e+00,1.753867e-02,1.491296e-02
4400,layers.0.q_norm.weight,9.054370e+00,1.788133e-02,1.974884e-03
4400,layers.0.q_norm.bias,6.759232e-01,1.165210e-02,1.723879e-02
4400,layers.0.k_norm.weight,9.025318e+00,1.776259e-02,1.968085e-03
4400,layers.0.k_norm.bias,8.491810e-01,1.624401e-02,1.912903e-02
4400,layers.1.qk_lut.weights,8.933897e+01,1.155081e+01,1.292919e-01
4400,layers.1.qk_lut.log_soft_score_temp,4.489982e-01,1.504302e-03,3.350352e-03
4400,layers.1.qk_lut.log_select_temp,7.834003e-01,8.044183e-03,1.026829e-02
4400,layers.1.v_lut.weights,6.871239e+01,9.171073e+00,1.334704e-01
4400,layers.1.v_lut.log_soft_score_temp,3.841288e-01,1.419809e-02,3.696181e-02
4400,layers.1.v_lut.log_select_temp,9.627479e-01,7.867336e-03,8.171751e-03
4400,layers.1.out_proj.weights,1.015738e+02,1.373841e+01,1.352554e-01
4400,layers.1.out_proj.log_soft_score_temp,7.053840e-02,2.572715e-02,3.647254e-01
4400,layers.1.out_proj.log_select_temp,7.222248e-01,2.153516e-04,2.981781e-04
4400,layers.1.residual_lut.weights,1.267531e+02,1.640501e+01,1.294249e-01
4400,layers.1.residual_lut.log_soft_score_temp,4.009160e-01,9.426892e-03,2.351338e-02
4400,layers.1.residual_lut.log_select_temp,1.070246e+00,1.347387e-02,1.258950e-02
4400,layers.1.q_norm.weight,8.633237e+00,1.737329e-02,2.012372e-03
4400,layers.1.q_norm.bias,4.427817e-01,8.335284e-03,1.882481e-02
4400,layers.1.k_norm.weight,8.610232e+00,1.704364e-02,1.979463e-03
4400,layers.1.k_norm.bias,8.440634e-01,1.469823e-02,1.741365e-02
4400,layers.2.qk_lut.weights,8.912518e+01,1.181637e+01,1.325817e-01
4400,layers.2.qk_lut.log_soft_score_temp,3.447739e-01,1.048979e-02,3.042513e-02
4400,layers.2.qk_lut.log_select_temp,9.221458e-01,8.741677e-03,9.479712e-03
4400,layers.2.v_lut.weights,6.891882e+01,8.967658e+00,1.301191e-01
4400,layers.2.v_lut.log_soft_score_temp,4.273662e-01,1.683122e-02,3.938360e-02
4400,layers.2.v_lut.log_select_temp,1.147614e+00,1.050293e-02,9.151976e-03
4400,layers.2.out_proj.weights,1.089270e+02,1.406025e+01,1.290795e-01
4400,layers.2.out_proj.log_soft_score_temp,2.192512e-01,2.393952e-02,1.091877e-01
4400,layers.2.out_proj.log_select_temp,9.093584e-01,5.996108e-03,6.593778e-03
4400,layers.2.residual_lut.weights,1.264864e+02,1.652228e+01,1.306249e-01
4400,layers.2.residual_lut.log_soft_score_temp,3.266469e-01,8.369058e-03,2.562111e-02
4400,layers.2.residual_lut.log_select_temp,1.075256e+00,1.584458e-02,1.473564e-02
4400,layers.2.q_norm.weight,8.962961e+00,2.784772e-02,3.106978e-03
4400,layers.2.q_norm.bias,4.585686e-01,1.019159e-02,2.222480e-02
4400,layers.2.k_norm.weight,8.935726e+00,2.786996e-02,3.118936e-03
4400,layers.2.k_norm.bias,6.867568e-01,1.423063e-02,2.072150e-02
4400,layers.3.qk_lut.weights,8.974393e+01,1.190844e+01,1.326936e-01
4400,layers.3.qk_lut.log_soft_score_temp,3.948251e-01,7.174194e-03,1.817056e-02
4400,layers.3.qk_lut.log_select_temp,8.668500e-01,8.770645e-03,1.011783e-02
4400,layers.3.v_lut.weights,6.961944e+01,9.028838e+00,1.296885e-01
4400,layers.3.v_lut.log_soft_score_temp,6.717821e-01,1.341355e-02,1.996711e-02
4400,layers.3.v_lut.log_select_temp,1.081615e+00,8.294225e-03,7.668367e-03
4400,layers.3.out_proj.weights,1.088827e+02,1.415905e+01,1.300395e-01
4400,layers.3.out_proj.log_soft_score_temp,3.498474e-01,1.485240e-02,4.245395e-02
4400,layers.3.out_proj.log_select_temp,8.691834e-01,8.120298e-03,9.342446e-03
4400,layers.3.residual_lut.weights,1.250039e+02,1.660787e+01,1.328588e-01
4400,layers.3.residual_lut.log_soft_score_temp,3.213154e-01,8.684427e-03,2.702773e-02
4400,layers.3.residual_lut.log_select_temp,1.032880e+00,1.648092e-02,1.595627e-02
4400,layers.3.q_norm.weight,8.654871e+00,2.023275e-02,2.337730e-03
4400,layers.3.q_norm.bias,3.475089e-01,1.197540e-02,3.446069e-02
4400,layers.3.k_norm.weight,8.625387e+00,2.066643e-02,2.396000e-03
4400,layers.3.k_norm.bias,6.571091e-01,1.669964e-02,2.541381e-02
4400,layers.4.qk_lut.weights,8.979469e+01,1.194632e+01,1.330404e-01
4400,layers.4.qk_lut.log_soft_score_temp,5.936329e-01,1.696348e-03,2.857571e-03
4400,layers.4.qk_lut.log_select_temp,8.382987e-01,8.153379e-03,9.726102e-03
4400,layers.4.v_lut.weights,6.918819e+01,8.798725e+00,1.271709e-01
4400,layers.4.v_lut.log_soft_score_temp,8.897779e-01,3.388226e-03,3.807946e-03
4400,layers.4.v_lut.log_select_temp,1.049877e+00,8.989692e-03,8.562618e-03
4400,layers.4.out_proj.weights,1.096550e+02,1.441190e+01,1.314294e-01
4400,layers.4.out_proj.log_soft_score_temp,4.075330e-01,2.438784e-03,5.984260e-03
4400,layers.4.out_proj.log_select_temp,6.965334e-01,1.179516e-02,1.693409e-02
4400,layers.4.residual_lut.weights,1.247781e+02,1.679693e+01,1.346143e-01
4400,layers.4.residual_lut.log_soft_score_temp,3.704863e-01,4.990578e-03,1.347034e-02
4400,layers.4.residual_lut.log_select_temp,9.673693e-01,1.732755e-02,1.791203e-02
4400,layers.4.q_norm.weight,8.463853e+00,1.893433e-02,2.237082e-03
4400,layers.4.q_norm.bias,3.561407e-01,9.457858e-03,2.655652e-02
4400,layers.4.k_norm.weight,8.443858e+00,1.846396e-02,2.186674e-03
4400,layers.4.k_norm.bias,4.809636e-01,1.631022e-02,3.391154e-02
4400,layers.5.qk_lut.weights,8.988458e+01,1.216853e+01,1.353795e-01
4400,layers.5.qk_lut.log_soft_score_temp,5.697764e-01,4.599392e-03,8.072277e-03
4400,layers.5.qk_lut.log_select_temp,7.645657e-01,3.584862e-03,4.688756e-03
4400,layers.5.v_lut.weights,7.098351e+01,9.289618e+00,1.308701e-01
4400,layers.5.v_lut.log_soft_score_temp,8.722214e-01,3.125668e-04,3.583571e-04
4400,layers.5.v_lut.log_select_temp,9.841101e-01,5.657434e-03,5.748782e-03
4400,layers.5.out_proj.weights,1.173861e+02,1.472921e+01,1.254766e-01
4400,layers.5.out_proj.log_soft_score_temp,6.281434e-01,6.595492e-03,1.049998e-02
4400,layers.5.out_proj.log_select_temp,8.825668e-01,9.468019e-03,1.072782e-02
4400,layers.5.residual_lut.weights,1.266081e+02,1.695362e+01,1.339063e-01
4400,layers.5.residual_lut.log_soft_score_temp,4.019004e-01,4.456192e-03,1.108780e-02
4400,layers.5.residual_lut.log_select_temp,9.478258e-01,1.681525e-02,1.774086e-02
4400,layers.5.q_norm.weight,8.385677e+00,1.591644e-02,1.898050e-03
4400,layers.5.q_norm.bias,2.811954e-01,1.066820e-02,3.793875e-02
4400,layers.5.k_norm.weight,8.372188e+00,1.334134e-02,1.593530e-03
4400,layers.5.k_norm.bias,5.314717e-01,1.617825e-02,3.044048e-02
4400,ln_final.weight,3.284776e+01,4.419768e-01,1.345531e-02
4400,ln_final.bias,1.325434e+00,4.713728e-02,3.556366e-02
4600,tok_emb_E.weight,8.569809e+01,2.135048e+00,2.491360e-02
4600,unembedder.weight,2.164909e+02,1.112298e+01,5.137850e-02
4600,layers.0.qk_lut.weights,9.073653e+01,1.040994e+01,1.147271e-01
4600,layers.0.qk_lut.log_soft_score_temp,9.134304e-01,4.004776e-03,4.384326e-03
4600,layers.0.qk_lut.log_select_temp,9.140343e-01,5.578220e-03,6.102856e-03
4600,layers.0.v_lut.weights,7.026547e+01,8.296508e+00,1.180738e-01
4600,layers.0.v_lut.log_soft_score_temp,8.485593e-01,9.152830e-03,1.078632e-02
4600,layers.0.v_lut.log_select_temp,1.228222e+00,7.600188e-03,6.187961e-03
4600,layers.0.out_proj.weights,1.033936e+02,1.256437e+01,1.215198e-01
4600,layers.0.out_proj.log_soft_score_temp,1.297715e-01,2.362205e-02,1.820280e-01
4600,layers.0.out_proj.log_select_temp,8.056993e-01,2.451479e-03,3.042673e-03
4600,layers.0.residual_lut.weights,1.339234e+02,1.520112e+01,1.135061e-01
4600,layers.0.residual_lut.log_soft_score_temp,5.834882e-01,8.742392e-03,1.498298e-02
4600,layers.0.residual_lut.log_select_temp,1.191176e+00,1.510680e-02,1.268226e-02
4600,layers.0.q_norm.weight,9.073223e+00,2.235808e-02,2.464183e-03
4600,layers.0.q_norm.bias,6.860272e-01,1.322166e-02,1.927279e-02
4600,layers.0.k_norm.weight,9.043182e+00,2.117635e-02,2.341692e-03
4600,layers.0.k_norm.bias,8.639528e-01,1.818612e-02,2.104990e-02
4600,layers.1.qk_lut.weights,9.024673e+01,1.087440e+01,1.204963e-01
4600,layers.1.qk_lut.log_soft_score_temp,4.479102e-01,1.088053e-03,2.429177e-03
4600,layers.1.qk_lut.log_select_temp,7.908766e-01,7.476270e-03,9.453144e-03
4600,layers.1.v_lut.weights,6.935015e+01,8.553394e+00,1.233363e-01
4600,layers.1.v_lut.log_soft_score_temp,3.702434e-01,1.388541e-02,3.750346e-02
4600,layers.1.v_lut.log_select_temp,9.670465e-01,4.298568e-03,4.445048e-03
4600,layers.1.out_proj.weights,1.024585e+02,1.284241e+01,1.253426e-01
4600,layers.1.out_proj.log_soft_score_temp,4.625860e-02,2.427980e-02,5.248710e-01
4600,layers.1.out_proj.log_select_temp,7.198273e-01,2.397478e-03,3.330629e-03
4600,layers.1.residual_lut.weights,1.279338e+02,1.531277e+01,1.196929e-01
4600,layers.1.residual_lut.log_soft_score_temp,3.926579e-01,8.258134e-03,2.103137e-02
4600,layers.1.residual_lut.log_select_temp,1.082170e+00,1.192427e-02,1.101884e-02
4600,layers.1.q_norm.weight,8.641212e+00,1.530085e-02,1.770683e-03
4600,layers.1.q_norm.bias,4.470784e-01,9.286943e-03,2.077251e-02
4600,layers.1.k_norm.weight,8.618072e+00,1.550769e-02,1.799438e-03
4600,layers.1.k_norm.bias,8.524939e-01,1.503056e-02,1.763128e-02
4600,layers.2.qk_lut.weights,9.000674e+01,1.104780e+01,1.227441e-01
4600,layers.2.qk_lut.log_soft_score_temp,3.361657e-01,8.608222e-03,2.560708e-02
4600,layers.2.qk_lut.log_select_temp,9.307902e-01,8.644402e-03,9.287164e-03
4600,layers.2.v_lut.weights,6.959901e+01,8.369735e+00,1.202565e-01
4600,layers.2.v_lut.log_soft_score_temp,4.131279e-01,1.423830e-02,3.446462e-02
4600,layers.2.v_lut.log_select_temp,1.156972e+00,9.358048e-03,8.088397e-03
4600,layers.2.out_proj.weights,1.101770e+02,1.310333e+01,1.189298e-01
4600,layers.2.out_proj.log_soft_score_temp,1.990048e-01,2.024639e-02,1.017382e-01
4600,layers.2.out_proj.log_select_temp,9.171024e-01,7.743955e-03,8.443937e-03
4600,layers.2.residual_lut.weights,1.276869e+02,1.543828e+01,1.209073e-01
4600,layers.2.residual_lut.log_soft_score_temp,3.178266e-01,8.820295e-03,2.775191e-02
4600,layers.2.residual_lut.log_select_temp,1.088791e+00,1.353514e-02,1.243135e-02
4600,layers.2.q_norm.weight,8.988330e+00,3.071044e-02,3.416702e-03
4600,layers.2.q_norm.bias,4.660991e-01,1.305359e-02,2.800605e-02
4600,layers.2.k_norm.weight,8.960675e+00,3.044533e-02,3.397660e-03
4600,layers.2.k_norm.bias,6.938856e-01,1.843559e-02,2.656863e-02
4600,layers.3.qk_lut.weights,9.064156e+01,1.114569e+01,1.229645e-01
4600,layers.3.qk_lut.log_soft_score_temp,3.892184e-01,5.606711e-03,1.440505e-02
4600,layers.3.qk_lut.log_select_temp,8.768929e-01,1.004291e-02,1.145283e-02
4600,layers.3.v_lut.weights,7.032739e+01,8.441291e+00,1.200285e-01
4600,layers.3.v_lut.log_soft_score_temp,6.576268e-01,1.415533e-02,2.152487e-02
4600,layers.3.v_lut.log_select_temp,1.086954e+00,5.338311e-03,4.911259e-03
4600,layers.3.out_proj.weights,1.100618e+02,1.321612e+01,1.200791e-01
4600,layers.3.out_proj.log_soft_score_temp,3.342015e-01,1.564595e-02,4.681592e-02
4600,layers.3.out_proj.log_select_temp,8.757826e-01,6.599247e-03,7.535257e-03
4600,layers.3.residual_lut.weights,1.261962e+02,1.549632e+01,1.227955e-01
4600,layers.3.residual_lut.log_soft_score_temp,3.128889e-01,8.426517e-03,2.693134e-02
4600,layers.3.residual_lut.log_select_temp,1.047291e+00,1.441038e-02,1.375967e-02
4600,layers.3.q_norm.weight,8.666679e+00,1.768663e-02,2.040762e-03
4600,layers.3.q_norm.bias,3.518019e-01,9.669018e-03,2.748427e-02
4600,layers.3.k_norm.weight,8.637283e+00,1.751312e-02,2.027619e-03
4600,layers.3.k_norm.bias,6.626908e-01,1.163392e-02,1.755558e-02
4600,layers.4.qk_lut.weights,9.067773e+01,1.115522e+01,1.230205e-01
4600,layers.4.qk_lut.log_soft_score_temp,5.884567e-01,5.176187e-03,8.796206e-03
4600,layers.4.qk_lut.log_select_temp,8.432731e-01,4.974365e-03,5.898878e-03
4600,layers.4.v_lut.weights,6.990747e+01,8.225594e+00,1.176640e-01
4600,layers.4.v_lut.log_soft_score_temp,8.874574e-01,2.320528e-03,2.614805e-03
4600,layers.4.v_lut.log_select_temp,1.057982e+00,8.105755e-03,7.661522e-03
4600,layers.4.out_proj.weights,1.108855e+02,1.343344e+01,1.211470e-01
4600,layers.4.out_proj.log_soft_score_temp,4.033327e-01,4.200339e-03,1.041408e-02
4600,layers.4.out_proj.log_select_temp,7.064688e-01,9.935319e-03,1.406335e-02
4600,layers.4.residual_lut.weights,1.260463e+02,1.568928e+01,1.244724e-01
4600,layers.4.residual_lut.log_soft_score_temp,3.660984e-01,4.387975e-03,1.198578e-02
4600,layers.4.residual_lut.log_select_temp,9.836507e-01,1.628143e-02,1.655204e-02
4600,layers.4.q_norm.weight,8.480935e+00,2.174666e-02,2.564182e-03
4600,layers.4.q_norm.bias,3.639631e-01,1.082006e-02,2.972845e-02
4600,layers.4.k_norm.weight,8.460609e+00,2.145042e-02,2.535328e-03
4600,layers.4.k_norm.bias,4.880368e-01,1.401149e-02,2.870991e-02
4600,layers.5.qk_lut.weights,9.080129e+01,1.139213e+01,1.254622e-01
4600,layers.5.qk_lut.log_soft_score_temp,5.669720e-01,2.804339e-03,4.946168e-03
4600,layers.5.qk_lut.log_select_temp,7.687206e-01,4.154921e-03,5.404981e-03
4600,layers.5.v_lut.weights,7.169147e+01,8.725436e+00,1.217082e-01
4600,layers.5.v_lut.log_soft_score_temp,8.694195e-01,2.801895e-03,3.222719e-03
4600,layers.5.v_lut.log_select_temp,9.877437e-01,3.633559e-03,3.678645e-03
4600,layers.5.out_proj.weights,1.186488e+02,1.365692e+01,1.151038e-01
4600,layers.5.out_proj.log_soft_score_temp,6.209360e-01,7.207334e-03,1.160721e-02
4600,layers.5.out_proj.log_select_temp,8.901030e-01,7.536173e-03,8.466630e-03
4600,layers.5.residual_lut.weights,1.279182e+02,1.586586e+01,1.240314e-01
4600,layers.5.residual_lut.log_soft_score_temp,3.969054e-01,4.994959e-03,1.258476e-02
4600,layers.5.residual_lut.log_select_temp,9.639620e-01,1.613617e-02,1.673942e-02
4600,layers.5.q_norm.weight,8.392503e+00,1.291931e-02,1.539387e-03
4600,layers.5.q_norm.bias,2.850092e-01,1.109048e-02,3.891271e-02
4600,layers.5.k_norm.weight,8.378386e+00,1.116756e-02,1.332901e-03
4600,layers.5.k_norm.bias,5.341147e-01,1.065891e-02,1.995623e-02
4600,ln_final.weight,3.325918e+01,4.127902e-01,1.241132e-02
4600,ln_final.bias,1.331081e+00,4.238298e-02,3.184103e-02
4800,tok_emb_E.weight,8.573599e+01,1.990595e+00,2.321772e-02
4800,unembedder.weight,2.173064e+02,1.063070e+01,4.892032e-02
4800,layers.0.qk_lut.weights,9.151408e+01,9.681488e+00,1.057923e-01
4800,layers.0.qk_lut.log_soft_score_temp,9.176286e-01,4.198253e-03,4.575111e-03
4800,layers.0.qk_lut.log_select_temp,9.194777e-01,5.443394e-03,5.920094e-03
4800,layers.0.v_lut.weights,7.084275e+01,7.699926e+00,1.086904e-01
4800,layers.0.v_lut.log_soft_score_temp,8.406910e-01,7.868230e-03,9.359241e-03
4800,layers.0.v_lut.log_select_temp,1.236622e+00,8.400679e-03,6.793245e-03
4800,layers.0.out_proj.weights,1.041521e+02,1.165182e+01,1.118731e-01
4800,layers.0.out_proj.log_soft_score_temp,1.084974e-01,2.127419e-02,1.960802e-01
4800,layers.0.out_proj.log_select_temp,8.082587e-01,2.559304e-03,3.166442e-03
4800,layers.0.residual_lut.weights,1.351801e+02,1.409998e+01,1.043051e-01
4800,layers.0.residual_lut.log_soft_score_temp,5.766214e-01,6.866753e-03,1.190860e-02
4800,layers.0.residual_lut.log_select_temp,1.206062e+00,1.488662e-02,1.234316e-02
4800,layers.0.q_norm.weight,9.088572e+00,1.985040e-02,2.184106e-03
4800,layers.0.q_norm.bias,6.957628e-01,1.335744e-02,1.919826e-02
4800,layers.0.k_norm.weight,9.057779e+00,1.870903e-02,2.065520e-03
4800,layers.0.k_norm.bias,8.757172e-01,1.676651e-02,1.914603e-02
4800,layers.1.qk_lut.weights,9.102027e+01,1.001642e+01,1.100460e-01
4800,layers.1.qk_lut.log_soft_score_temp,4.453641e-01,2.546132e-03,5.716967e-03
4800,layers.1.qk_lut.log_select_temp,7.961172e-01,5.240679e-03,6.582798e-03
4800,layers.1.v_lut.weights,6.989356e+01,7.929634e+00,1.134530e-01
4800,layers.1.v_lut.log_soft_score_temp,3.599030e-01,1.034036e-02,2.873097e-02
4800,layers.1.v_lut.log_select_temp,9.729163e-01,5.869806e-03,6.033207e-03
4800,layers.1.out_proj.weights,1.032227e+02,1.187026e+01,1.149966e-01
4800,layers.1.out_proj.log_soft_score_temp,2.442458e-02,2.183403e-02,8.939367e-01
4800,layers.1.out_proj.log_select_temp,7.201074e-01,2.801418e-04,3.890278e-04
4800,layers.1.residual_lut.weights,1.289357e+02,1.420776e+01,1.101926e-01
4800,layers.1.residual_lut.log_soft_score_temp,3.861941e-01,6.463826e-03,1.673725e-02
4800,layers.1.residual_lut.log_select_temp,1.093379e+00,1.120818e-02,1.025096e-02
4800,layers.1.q_norm.weight,8.648438e+00,1.209297e-02,1.398284e-03
4800,layers.1.q_norm.bias,4.520693e-01,8.216703e-03,1.817576e-02
4800,layers.1.k_norm.weight,8.624756e+00,1.223698e-02,1.418821e-03
4800,layers.1.k_norm.bias,8.628410e-01,1.410919e-02,1.635201e-02
4800,layers.2.qk_lut.weights,9.076049e+01,1.024288e+01,1.128562e-01
4800,layers.2.qk_lut.log_soft_score_temp,3.267086e-01,9.457141e-03,2.894672e-02
4800,layers.2.qk_lut.log_select_temp,9.383071e-01,7.516861e-03,8.011088e-03
4800,layers.2.v_lut.weights,7.017463e+01,7.737775e+00,1.102646e-01
4800,layers.2.v_lut.log_soft_score_temp,4.003630e-01,1.276490e-02,3.188332e-02
4800,layers.2.v_lut.log_select_temp,1.166369e+00,9.397507e-03,8.057058e-03
4800,layers.2.out_proj.weights,1.112277e+02,1.214549e+01,1.091948e-01
4800,layers.2.out_proj.log_soft_score_temp,1.777876e-01,2.121720e-02,1.193401e-01
4800,layers.2.out_proj.log_select_temp,9.204398e-01,3.337383e-03,3.625857e-03
4800,layers.2.residual_lut.weights,1.286937e+02,1.431196e+01,1.112095e-01
4800,layers.2.residual_lut.log_soft_score_temp,3.105118e-01,7.314861e-03,2.355744e-02
4800,layers.2.residual_lut.log_select_temp,1.101197e+00,1.240683e-02,1.126667e-02
4800,layers.2.q_norm.weight,9.009437e+00,2.693254e-02,2.989370e-03
4800,layers.2.q_norm.bias,4.709410e-01,9.372014e-03,1.990061e-02
4800,layers.2.k_norm.weight,8.981607e+00,2.668077e-02,2.970601e-03
4800,layers.2.k_norm.bias,7.023482e-01,1.445718e-02,2.058407e-02
4800,layers.3.qk_lut.weights,9.142074e+01,1.029688e+01,1.126318e-01
4800,layers.3.qk_lut.log_soft_score_temp,3.845767e-01,4.641742e-03,1.206974e-02
4800,layers.3.qk_lut.log_select_temp,8.853768e-01,8.483887e-03,9.582233e-03
4800,layers.3.v_lut.weights,7.092145e+01,7.785519e+00,1.097766e-01
4800,layers.3.v_lut.log_soft_score_temp,6.471930e-01,1.043379e-02,1.612161e-02
4800,layers.3.v_lut.log_select_temp,1.092808e+00,5.854726e-03,5.357504e-03
4800,layers.3.out_proj.weights,1.110839e+02,1.221239e+01,1.099385e-01
4800,layers.3.out_proj.log_soft_score_temp,3.207841e-01,1.341736e-02,4.182677e-02
4800,layers.3.out_proj.log_select_temp,8.816277e-01,5.845070e-03,6.629862e-03
4800,layers.3.residual_lut.weights,1.272061e+02,1.437870e+01,1.130347e-01
4800,layers.3.residual_lut.log_soft_score_temp,3.055677e-01,7.321179e-03,2.395927e-02
4800,layers.3.residual_lut.log_select_temp,1.060793e+00,1.350200e-02,1.272822e-02
4800,layers.3.q_norm.weight,8.679325e+00,1.670760e-02,1.924988e-03
4800,layers.3.q_norm.bias,3.565192e-01,9.616967e-03,2.697461e-02
4800,layers.3.k_norm.weight,8.649448e+00,1.587575e-02,1.835463e-03
4800,layers.3.k_norm.bias,6.683171e-01,1.403472e-02,2.100009e-02
4800,layers.4.qk_lut.weights,9.143346e+01,1.034460e+01,1.131380e-01
4800,layers.4.qk_lut.log_soft_score_temp,5.829563e-01,5.500436e-03,9.435417e-03
4800,layers.4.qk_lut.log_select_temp,8.463336e-01,3.060460e-03,3.616139e-03
4800,layers.4.v_lut.weights,7.052401e+01,7.596528e+00,1.077155e-01
4800,layers.4.v_lut.log_soft_score_temp,8.822661e-01,5.191267e-03,5.884014e-03
4800,layers.4.v_lut.log_select_temp,1.063716e+00,5.733371e-03,5.389947e-03
4800,layers.4.out_proj.weights,1.119468e+02,1.242700e+01,1.110081e-01
4800,layers.4.out_proj.log_soft_score_temp,3.992838e-01,4.048884e-03,1.014037e-02
4800,layers.4.out_proj.log_select_temp,7.144623e-01,7.993519e-03,1.118816e-02
4800,layers.4.residual_lut.weights,1.271297e+02,1.455904e+01,1.145211e-01
4800,layers.4.residual_lut.log_soft_score_temp,3.619902e-01,4.108161e-03,1.134882e-02
4800,layers.4.residual_lut.log_select_temp,9.988185e-01,1.516777e-02,1.518571e-02
4800,layers.4.q_norm.weight,8.490563e+00,1.357106e-02,1.598370e-03
4800,layers.4.q_norm.bias,3.687236e-01,9.725745e-03,2.637679e-02
4800,layers.4.k_norm.weight,8.469907e+00,1.318115e-02,1.556233e-03
4800,layers.4.k_norm.bias,4.949940e-01,1.189298e-02,2.402652e-02
4800,layers.5.qk_lut.weights,9.156318e+01,1.047173e+01,1.143662e-01
4800,layers.5.qk_lut.log_soft_score_temp,5.640140e-01,2.958000e-03,5.244550e-03
4800,layers.5.qk_lut.log_select_temp,7.714334e-01,2.712786e-03,3.516553e-03
4800,layers.5.v_lut.weights,7.228703e+01,8.025734e+00,1.110259e-01
4800,layers.5.v_lut.log_soft_score_temp,8.692967e-01,1.227856e-04,1.412470e-04
4800,layers.5.v_lut.log_select_temp,9.929826e-01,5.238891e-03,5.275914e-03
4800,layers.5.out_proj.weights,1.197851e+02,1.263875e+01,1.055119e-01
4800,layers.5.out_proj.log_soft_score_temp,6.170380e-01,3.898025e-03,6.317317e-03
4800,layers.5.out_proj.log_select_temp,8.991040e-01,9.001017e-03,1.001110e-02
4800,layers.5.residual_lut.weights,1.290430e+02,1.472285e+01,1.140925e-01
4800,layers.5.residual_lut.log_soft_score_temp,3.924057e-01,4.499733e-03,1.146705e-02
4800,layers.5.residual_lut.log_select_temp,9.781703e-01,1.420832e-02,1.452540e-02
4800,layers.5.q_norm.weight,8.402341e+00,1.305185e-02,1.553359e-03
4800,layers.5.q_norm.bias,2.892399e-01,8.909013e-03,3.080147e-02
4800,layers.5.k_norm.weight,8.387779e+00,1.285538e-02,1.532633e-03
4800,layers.5.k_norm.bias,5.410784e-01,1.281720e-02,2.368824e-02
4800,ln_final.weight,3.364165e+01,3.837678e-01,1.140752e-02
4800,ln_final.bias,1.337704e+00,4.202003e-02,3.141206e-02
5000,tok_emb_E.weight,8.576784e+01,1.834897e+00,2.139376e-02
5000,unembedder.weight,2.179344e+02,9.539114e+00,4.377058e-02
5000,layers.0.qk_lut.weights,9.217713e+01,8.951619e+00,9.711323e-02
5000,layers.0.qk_lut.log_soft_score_temp,9.221891e-01,4.560471e-03,4.945266e-03
5000,layers.0.qk_lut.log_select_temp,9.255016e-01,6.023884e-03,6.508777e-03
5000,layers.0.v_lut.weights,7.132780e+01,7.135644e+00,1.000402e-01
5000,layers.0.v_lut.log_soft_score_temp,8.363423e-01,4.348695e-03,5.199659e-03
5000,layers.0.v_lut.log_select_temp,1.245167e+00,8.544564e-03,6.862184e-03
5000,layers.0.out_proj.weights,1.047902e+02,1.074779e+01,1.025648e-01
5000,layers.0.out_proj.log_soft_score_temp,9.011090e-02,1.838646e-02,2.040426e-01
5000,layers.0.out_proj.log_select_temp,8.102216e-01,1.962960e-03,2.422744e-03
5000,layers.0.residual_lut.weights,1.362637e+02,1.300578e+01,9.544565e-02
5000,layers.0.residual_lut.log_soft_score_temp,5.696886e-01,6.932795e-03,1.216945e-02
5000,layers.0.residual_lut.log_select_temp,1.218979e+00,1.291633e-02,1.059602e-02
5000,layers.0.q_norm.weight,9.106470e+00,2.045835e-02,2.246573e-03
5000,layers.0.q_norm.bias,7.018766e-01,9.738247e-03,1.387459e-02
5000,layers.0.k_norm.weight,9.074971e+00,1.980043e-02,2.181873e-03
5000,layers.0.k_norm.bias,8.857319e-01,1.198271e-02,1.352860e-02
5000,layers.1.qk_lut.weights,9.168919e+01,9.285676e+00,1.012734e-01
5000,layers.1.qk_lut.log_soft_score_temp,4.447522e-01,6.118715e-04,1.375758e-03
5000,layers.1.qk_lut.log_select_temp,8.025235e-01,6.406248e-03,7.982629e-03
5000,layers.1.v_lut.weights,7.034329e+01,7.314972e+00,1.039896e-01
5000,layers.1.v_lut.log_soft_score_temp,3.511807e-01,8.722305e-03,2.483708e-02
5000,layers.1.v_lut.log_select_temp,9.783262e-01,5.409896e-03,5.529747e-03
5000,layers.1.out_proj.weights,1.038526e+02,1.095035e+01,1.054413e-01
5000,layers.1.out_proj.log_soft_score_temp,4.330889e-03,2.009369e-02,4.639622e+00
5000,layers.1.out_proj.log_select_temp,7.201290e-01,2.151728e-05,2.987976e-05
5000,layers.1.residual_lut.weights,1.297737e+02,1.310533e+01,1.009860e-01
5000,layers.1.residual_lut.log_soft_score_temp,3.784325e-01,7.761598e-03,2.050986e-02
5000,layers.1.residual_lut.log_select_temp,1.103969e+00,1.059055e-02,9.593160e-03
5000,layers.1.q_norm.weight,8.659321e+00,1.435456e-02,1.657700e-03
5000,layers.1.q_norm.bias,4.574669e-01,8.603702e-03,1.880727e-02
5000,layers.1.k_norm.weight,8.634892e+00,1.352919e-02,1.566805e-03
5000,layers.1.k_norm.bias,8.737521e-01,1.320555e-02,1.511361e-02
5000,layers.2.qk_lut.weights,9.138800e+01,9.452065e+00,1.034279e-01
5000,layers.2.qk_lut.log_soft_score_temp,3.187105e-01,7.998079e-03,2.509512e-02
5000,layers.2.qk_lut.log_select_temp,9.457671e-01,7.459998e-03,7.887775e-03
5000,layers.2.v_lut.weights,7.065950e+01,7.141692e+00,1.010719e-01
5000,layers.2.v_lut.log_soft_score_temp,3.879927e-01,1.237038e-02,3.188302e-02
5000,layers.2.v_lut.log_select_temp,1.174754e+00,8.384943e-03,7.137614e-03
5000,layers.2.out_proj.weights,1.121521e+02,1.117885e+01,9.967577e-02
5000,layers.2.out_proj.log_soft_score_temp,1.616628e-01,1.612483e-02,9.974363e-02
5000,layers.2.out_proj.log_select_temp,9.266269e-01,6.187141e-03,6.677057e-03
5000,layers.2.residual_lut.weights,1.295400e+02,1.316964e+01,1.016646e-01
5000,layers.2.residual_lut.log_soft_score_temp,3.023778e-01,8.133918e-03,2.689985e-02
5000,layers.2.residual_lut.log_select_temp,1.113236e+00,1.203859e-02,1.081405e-02
5000,layers.2.q_norm.weight,9.031713e+00,2.770125e-02,3.067109e-03
5000,layers.2.q_norm.bias,4.722204e-01,7.035696e-03,1.489918e-02
5000,layers.2.k_norm.weight,9.003556e+00,2.744699e-02,3.048460e-03
5000,layers.2.k_norm.bias,7.080072e-01,1.358907e-02,1.919341e-02
5000,layers.3.qk_lut.weights,9.207857e+01,9.524763e+00,1.034417e-01
5000,layers.3.qk_lut.log_soft_score_temp,3.796897e-01,4.887015e-03,1.287108e-02
5000,layers.3.qk_lut.log_select_temp,8.926398e-01,7.262945e-03,8.136480e-03
5000,layers.3.v_lut.weights,7.141554e+01,7.183626e+00,1.005891e-01
5000,layers.3.v_lut.log_soft_score_temp,6.351576e-01,1.203537e-02,1.894863e-02
5000,layers.3.v_lut.log_select_temp,1.097689e+00,4.880905e-03,4.446527e-03
5000,layers.3.out_proj.weights,1.119519e+02,1.125279e+01,1.005145e-01
5000,layers.3.out_proj.log_soft_score_temp,3.082071e-01,1.257706e-02,4.080717e-02
5000,layers.3.out_proj.log_select_temp,8.876263e-01,5.998671e-03,6.758104e-03
5000,layers.3.residual_lut.weights,1.280541e+02,1.325345e+01,1.034988e-01
5000,layers.3.residual_lut.log_soft_score_temp,3.006513e-01,4.916400e-03,1.635250e-02
5000,layers.3.residual_lut.log_select_temp,1.073816e+00,1.302338e-02,1.212812e-02
5000,layers.3.q_norm.weight,8.692622e+00,1.705012e-02,1.961447e-03
5000,layers.3.q_norm.bias,3.600810e-01,9.374536e-03,2.603452e-02
5000,layers.3.k_norm.weight,8.662521e+00,1.751471e-02,2.021895e-03
5000,layers.3.k_norm.bias,6.750149e-01,1.204456e-02,1.784339e-02
5000,layers.4.qk_lut.weights,9.208128e+01,9.480873e+00,1.029620e-01
5000,layers.4.qk_lut.log_soft_score_temp,5.808665e-01,2.089798e-03,3.597726e-03
5000,layers.4.qk_lut.log_select_temp,8.528396e-01,6.506026e-03,7.628663e-03
5000,layers.4.v_lut.weights,7.103851e+01,7.015346e+00,9.875413e-02
5000,layers.4.v_lut.log_soft_score_temp,8.787765e-01,3.489614e-03,3.970991e-03
5000,layers.4.v_lut.log_select_temp,1.069609e+00,5.893469e-03,5.509927e-03
5000,layers.4.out_proj.weights,1.128558e+02,1.145583e+01,1.015086e-01
5000,layers.4.out_proj.log_soft_score_temp,3.954710e-01,3.812790e-03,9.641136e-03
5000,layers.4.out_proj.log_select_temp,7.235414e-01,9.079158e-03,1.254822e-02
5000,layers.4.residual_lut.weights,1.280521e+02,1.343813e+01,1.049427e-01
5000,layers.4.residual_lut.log_soft_score_temp,3.590121e-01,2.978086e-03,8.295225e-03
5000,layers.4.residual_lut.log_select_temp,1.014408e+00,1.558983e-02,1.536840e-02
5000,layers.4.q_norm.weight,8.506227e+00,1.955850e-02,2.299315e-03
5000,layers.4.q_norm.bias,3.758041e-01,1.023194e-02,2.722680e-02
5000,layers.4.k_norm.weight,8.485534e+00,1.885037e-02,2.221471e-03
5000,layers.4.k_norm.bias,4.995436e-01,1.000240e-02,2.002308e-02
5000,layers.5.qk_lut.weights,9.221066e+01,9.659449e+00,1.047541e-01
5000,layers.5.qk_lut.log_soft_score_temp,5.616269e-01,2.387106e-03,4.250342e-03
5000,layers.5.qk_lut.log_select_temp,7.744694e-01,3.036022e-03,3.920132e-03
5000,layers.5.v_lut.weights,7.280084e+01,7.430829e+00,1.020706e-01
5000,layers.5.v_lut.log_soft_score_temp,8.687786e-01,5.180836e-04,5.963355e-04
5000,layers.5.v_lut.log_select_temp,9.975344e-01,4.551828e-03,4.563079e-03
5000,layers.5.out_proj.weights,1.207592e+02,1.164134e+01,9.640122e-02
5000,layers.5.out_proj.log_soft_score_temp,6.121607e-01,4.877329e-03,7.967400e-03
5000,layers.5.out_proj.log_select_temp,9.063135e-01,7.209480e-03,7.954731e-03
5000,layers.5.residual_lut.weights,1.300149e+02,1.356402e+01,1.043267e-01
5000,layers.5.residual_lut.log_soft_score_temp,3.896603e-01,2.745330e-03,7.045445e-03
5000,layers.5.residual_lut.log_select_temp,9.936823e-01,1.551199e-02,1.561061e-02
5000,layers.5.q_norm.weight,8.410288e+00,1.143156e-02,1.359235e-03
5000,layers.5.q_norm.bias,2.931330e-01,8.806215e-03,3.004171e-02
5000,layers.5.k_norm.weight,8.395141e+00,1.108658e-02,1.320595e-03
5000,layers.5.k_norm.bias,5.477608e-01,1.133797e-02,2.069876e-02
5000,ln_final.weight,3.400331e+01,3.627206e-01,1.066722e-02
5000,ln_final.bias,1.344816e+00,3.948724e-02,2.936256e-02
5200,tok_emb_E.weight,8.579572e+01,1.689021e+00,1.968654e-02
5200,unembedder.weight,2.184720e+02,8.883576e+00,4.066231e-02
5200,layers.0.qk_lut.weights,9.272129e+01,8.208583e+00,8.852964e-02
5200,layers.0.qk_lut.log_soft_score_temp,9.254373e-01,3.248215e-03,3.509924e-03
5200,layers.0.qk_lut.log_select_temp,9.297578e-01,4.256189e-03,4.577739e-03
5200,layers.0.v_lut.weights,7.173079e+01,6.569473e+00,9.158512e-02
5200,layers.0.v_lut.log_soft_score_temp,8.319416e-01,4.400730e-03,5.289710e-03
5200,layers.0.v_lut.log_select_temp,1.251777e+00,6.610394e-03,5.280806e-03
5200,layers.0.out_proj.weights,1.053258e+02,9.876411e+00,9.377007e-02
5200,layers.0.out_proj.log_soft_score_temp,7.447454e-02,1.563636e-02,2.099558e-01
5200,layers.0.out_proj.log_select_temp,8.145173e-01,4.295707e-03,5.273929e-03
5200,layers.0.residual_lut.weights,1.372011e+02,1.195980e+01,8.716988e-02
5200,layers.0.residual_lut.log_soft_score_temp,5.637273e-01,5.961359e-03,1.057490e-02
5200,layers.0.residual_lut.log_select_temp,1.231760e+00,1.278150e-02,1.037662e-02
5200,layers.0.q_norm.weight,9.117968e+00,1.517966e-02,1.664807e-03
5200,layers.0.q_norm.bias,7.088263e-01,9.771569e-03,1.378556e-02
5200,layers.0.k_norm.weight,9.086105e+00,1.404032e-02,1.545252e-03
5200,layers.0.k_norm.bias,8.947480e-01,1.261461e-02,1.409851e-02
5200,layers.1.qk_lut.weights,9.223318e+01,8.494702e+00,9.210029e-02
5200,layers.1.qk_lut.log_soft_score_temp,4.437329e-01,1.019299e-03,2.297100e-03
5200,layers.1.qk_lut.log_select_temp,8.075863e-01,5.062759e-03,6.269001e-03
5200,layers.1.v_lut.weights,7.071147e+01,6.723558e+00,9.508441e-02
5200,layers.1.v_lut.log_soft_score_temp,3.420330e-01,9.147733e-03,2.674518e-02
5200,layers.1.v_lut.log_select_temp,9.818510e-01,3.524780e-03,3.589934e-03
5200,layers.1.out_proj.weights,1.043504e+02,1.004136e+01,9.622736e-02
5200,layers.1.out_proj.log_soft_score_temp,1.452958e-02,1.886047e-02,1.298074e+00
5200,layers.1.out_proj.log_select_temp,7.187627e-01,1.366258e-03,1.900847e-03
5200,layers.1.residual_lut.weights,1.304882e+02,1.205568e+01,9.238904e-02
5200,layers.1.residual_lut.log_soft_score_temp,3.755571e-01,2.875328e-03,7.656167e-03
5200,layers.1.residual_lut.log_select_temp,1.115280e+00,1.131117e-02,1.014200e-02
5200,layers.1.q_norm.weight,8.664418e+00,9.170492e-03,1.058408e-03
5200,layers.1.q_norm.bias,4.590399e-01,6.483589e-03,1.412424e-02
5200,layers.1.k_norm.weight,8.639710e+00,9.348016e-03,1.081983e-03
5200,layers.1.k_norm.bias,8.786854e-01,9.840485e-03,1.119910e-02
5200,layers.2.qk_lut.weights,9.190661e+01,8.685419e+00,9.450266e-02
5200,layers.2.qk_lut.log_soft_score_temp,3.114187e-01,7.291853e-03,2.341495e-02
5200,layers.2.qk_lut.log_select_temp,9.533077e-01,7.540584e-03,7.909916e-03
5200,layers.2.v_lut.weights,7.106564e+01,6.544897e+00,9.209650e-02
5200,layers.2.v_lut.log_soft_score_temp,3.763778e-01,1.161486e-02,3.085958e-02
5200,layers.2.v_lut.log_select_temp,1.182085e+00,7.330775e-03,6.201563e-03
5200,layers.2.out_proj.weights,1.129483e+02,1.026745e+01,9.090396e-02
5200,layers.2.out_proj.log_soft_score_temp,1.454926e-01,1.617011e-02,1.111404e-01
5200,layers.2.out_proj.log_select_temp,9.318107e-01,5.183756e-03,5.563100e-03
5200,layers.2.residual_lut.weights,1.302350e+02,1.214390e+01,9.324606e-02
5200,layers.2.residual_lut.log_soft_score_temp,2.947938e-01,7.584035e-03,2.572658e-02
5200,layers.2.residual_lut.log_select_temp,1.124264e+00,1.102793e-02,9.809024e-03
5200,layers.2.q_norm.weight,9.049864e+00,2.473051e-02,2.732694e-03
5200,layers.2.q_norm.bias,4.749893e-01,7.770314e-03,1.635892e-02
5200,layers.2.k_norm.weight,9.021586e+00,2.418811e-02,2.681137e-03
5200,layers.2.k_norm.bias,7.131128e-01,1.211416e-02,1.698771e-02
5200,layers.3.qk_lut.weights,9.262752e+01,8.743234e+00,9.439132e-02
5200,layers.3.qk_lut.log_soft_score_temp,3.772172e-01,2.472460e-03,6.554474e-03
5200,layers.3.qk_lut.log_select_temp,9.005517e-01,7.911980e-03,8.785703e-03
5200,layers.3.v_lut.weights,7.183422e+01,6.581246e+00,9.161715e-02
5200,layers.3.v_lut.log_soft_score_temp,6.250451e-01,1.011252e-02,1.617887e-02
5200,layers.3.v_lut.log_select_temp,1.101343e+00,3.653526e-03,3.317338e-03
5200,layers.3.out_proj.weights,1.126702e+02,1.032147e+01,9.160777e-02
5200,layers.3.out_proj.log_soft_score_temp,2.953292e-01,1.287791e-02,4.360528e-02
5200,layers.3.out_proj.log_select_temp,8.912119e-01,3.585577e-03,4.023260e-03
5200,layers.3.residual_lut.weights,1.287551e+02,1.218534e+01,9.463964e-02
5200,layers.3.residual_lut.log_soft_score_temp,2.953871e-01,5.264223e-03,1.782144e-02
5200,layers.3.residual_lut.log_select_temp,1.085477e+00,1.166081e-02,1.074257e-02
5200,layers.3.q_norm.weight,8.702560e+00,1.392147e-02,1.599698e-03
5200,layers.3.q_norm.bias,3.632707e-01,7.242735e-03,1.993757e-02
5200,layers.3.k_norm.weight,8.672200e+00,1.447260e-02,1.668850e-03
5200,layers.3.k_norm.bias,6.786565e-01,1.083250e-02,1.596168e-02
5200,layers.4.qk_lut.weights,9.261240e+01,8.716530e+00,9.411839e-02
5200,layers.4.qk_lut.log_soft_score_temp,5.770753e-01,3.791213e-03,6.569702e-03
5200,layers.4.qk_lut.log_select_temp,8.562797e-01,3.440082e-03,4.017475e-03
5200,layers.4.v_lut.weights,7.147549e+01,6.457251e+00,9.034218e-02
5200,layers.4.v_lut.log_soft_score_temp,8.729407e-01,5.835772e-03,6.685187e-03
5200,layers.4.v_lut.log_select_temp,1.073395e+00,3.786206e-03,3.527317e-03
5200,layers.4.out_proj.weights,1.136359e+02,1.046861e+01,9.212417e-02
5200,layers.4.out_proj.log_soft_score_temp,3.925610e-01,2.909988e-03,7.412830e-03
5200,layers.4.out_proj.log_select_temp,7.314660e-01,7.924557e-03,1.083380e-02
5200,layers.4.residual_lut.weights,1.288096e+02,1.231972e+01,9.564285e-02
5200,layers.4.residual_lut.log_soft_score_temp,3.560988e-01,2.913356e-03,8.181314e-03
5200,layers.4.residual_lut.log_select_temp,1.026626e+00,1.221788e-02,1.190100e-02
5200,layers.4.q_norm.weight,8.511219e+00,1.092991e-02,1.284177e-03
5200,layers.4.q_norm.bias,3.783197e-01,7.270406e-03,1.921762e-02
5200,layers.4.k_norm.weight,8.490398e+00,1.109299e-02,1.306533e-03
5200,layers.4.k_norm.bias,5.052328e-01,1.127869e-02,2.232374e-02
5200,layers.5.qk_lut.weights,9.274391e+01,8.851322e+00,9.543831e-02
5200,layers.5.qk_lut.log_soft_score_temp,5.589485e-01,2.678454e-03,4.791952e-03
5200,layers.5.qk_lut.log_select_temp,7.776014e-01,3.131986e-03,4.027752e-03
5200,layers.5.v_lut.weights,7.323000e+01,6.772486e+00,9.248239e-02
5200,layers.5.v_lut.log_soft_score_temp,8.673751e-01,1.403511e-03,1.618113e-03
5200,layers.5.v_lut.log_select_temp,1.000807e+00,3.272891e-03,3.270251e-03
5200,layers.5.out_proj.weights,1.215619e+02,1.065432e+01,8.764520e-02
5200,layers.5.out_proj.log_soft_score_temp,6.072140e-01,4.946649e-03,8.146467e-03
5200,layers.5.out_proj.log_select_temp,9.121605e-01,5.846977e-03,6.410031e-03
5200,layers.5.residual_lut.weights,1.308064e+02,1.244337e+01,9.512810e-02
5200,layers.5.residual_lut.log_soft_score_temp,3.861279e-01,3.532410e-03,9.148289e-03
5200,layers.5.residual_lut.log_select_temp,1.004809e+00,1.112622e-02,1.107298e-02
5200,layers.5.q_norm.weight,8.415506e+00,9.352065e-03,1.111290e-03
5200,layers.5.q_norm.bias,2.946107e-01,8.524016e-03,2.893315e-02
5200,layers.5.k_norm.weight,8.399801e+00,8.445766e-03,1.005472e-03
5200,layers.5.k_norm.bias,5.512340e-01,9.596854e-03,1.740976e-02
5200,ln_final.weight,3.433126e+01,3.290045e-01,9.583233e-03
5200,ln_final.bias,1.351601e+00,3.744582e-02,2.770478e-02
5400,tok_emb_E.weight,8.581792e+01,1.540810e+00,1.795441e-02
5400,unembedder.weight,2.189864e+02,8.108360e+00,3.702677e-02
5400,layers.0.qk_lut.weights,9.317838e+01,7.601080e+00,8.157558e-02
5400,layers.0.qk_lut.log_soft_score_temp,9.284761e-01,3.038764e-03,3.272851e-03
5400,layers.0.qk_lut.log_select_temp,9.335974e-01,3.839672e-03,4.112770e-03
5400,layers.0.v_lut.weights,7.206337e+01,6.037989e+00,8.378721e-02
5400,layers.0.v_lut.log_soft_score_temp,8.290908e-01,2.850831e-03,3.438502e-03
5400,layers.0.v_lut.log_select_temp,1.258558e+00,6.780624e-03,5.387614e-03
5400,layers.0.out_proj.weights,1.057525e+02,9.043453e+00,8.551530e-02
5400,layers.0.out_proj.log_soft_score_temp,5.917709e-02,1.529745e-02,2.585029e-01
5400,layers.0.out_proj.log_select_temp,8.175730e-01,3.055692e-03,3.737515e-03
5400,layers.0.residual_lut.weights,1.379915e+02,1.094391e+01,7.930857e-02
5400,layers.0.residual_lut.log_soft_score_temp,5.579172e-01,5.810022e-03,1.041377e-02
5400,layers.0.residual_lut.log_select_temp,1.243923e+00,1.216292e-02,9.777876e-03
5400,layers.0.q_norm.weight,9.133393e+00,1.764286e-02,1.931687e-03
5400,layers.0.q_norm.bias,7.163315e-01,9.666023e-03,1.349378e-02
5400,layers.0.k_norm.weight,9.100474e+00,1.712746e-02,1.882040e-03
5400,layers.0.k_norm.bias,9.059832e-01,1.366028e-02,1.507785e-02
5400,layers.1.qk_lut.weights,9.268237e+01,7.832647e+00,8.451065e-02
5400,layers.1.qk_lut.log_soft_score_temp,4.412958e-01,2.437085e-03,5.522565e-03
5400,layers.1.qk_lut.log_select_temp,8.112319e-01,3.645658e-03,4.493978e-03
5400,layers.1.v_lut.weights,7.100631e+01,6.150450e+00,8.661836e-02
5400,layers.1.v_lut.log_soft_score_temp,3.328287e-01,9.204328e-03,2.765485e-02
5400,layers.1.v_lut.log_select_temp,9.858118e-01,3.960848e-03,4.017854e-03
5400,layers.1.out_proj.weights,1.047658e+02,9.194915e+00,8.776641e-02
5400,layers.1.out_proj.log_soft_score_temp,3.136730e-02,1.683772e-02,5.367922e-01
5400,layers.1.out_proj.log_select_temp,7.192847e-01,5.220175e-04,7.257453e-04
5400,layers.1.residual_lut.weights,1.310640e+02,1.102651e+01,8.413071e-02
5400,layers.1.residual_lut.log_soft_score_temp,3.698735e-01,5.683601e-03,1.536634e-02
5400,layers.1.residual_lut.log_select_temp,1.124874e+00,9.593487e-03,8.528500e-03
5400,layers.1.q_norm.weight,8.668770e+00,1.006210e-02,1.160729e-03
5400,layers.1.q_norm.bias,4.622467e-01,6.708178e-03,1.451212e-02
5400,layers.1.k_norm.weight,8.643859e+00,9.072734e-03,1.049616e-03
5400,layers.1.k_norm.bias,8.842573e-01,9.662007e-03,1.092669e-02
5400,layers.2.qk_lut.weights,9.234028e+01,7.929273e+00,8.587015e-02
5400,layers.2.qk_lut.log_soft_score_temp,3.035647e-01,7.853985e-03,2.587253e-02
5400,layers.2.qk_lut.log_select_temp,9.598396e-01,6.531894e-03,6.805194e-03
5400,layers.2.v_lut.weights,7.139055e+01,5.977290e+00,8.372663e-02
5400,layers.2.v_lut.log_soft_score_temp,3.664765e-01,9.901285e-03,2.701752e-02
5400,layers.2.v_lut.log_select_temp,1.187939e+00,5.853653e-03,4.927571e-03
5400,layers.2.out_proj.weights,1.136077e+02,9.362573e+00,8.241145e-02
5400,layers.2.out_proj.log_soft_score_temp,1.307291e-01,1.476358e-02,1.129326e-01
5400,layers.2.out_proj.log_select_temp,9.363181e-01,4.507422e-03,4.813986e-03
5400,layers.2.residual_lut.weights,1.308077e+02,1.108667e+01,8.475547e-02
5400,layers.2.residual_lut.log_soft_score_temp,2.880770e-01,6.716847e-03,2.331616e-02
5400,layers.2.residual_lut.log_select_temp,1.134495e+00,1.023149e-02,9.018542e-03
5400,layers.2.q_norm.weight,9.067741e+00,2.180516e-02,2.404696e-03
5400,layers.2.q_norm.bias,4.808136e-01,8.722199e-03,1.814050e-02
5400,layers.2.k_norm.weight,9.039373e+00,2.194178e-02,2.427357e-03
5400,layers.2.k_norm.bias,7.184494e-01,1.112350e-02,1.548265e-02
5400,layers.3.qk_lut.weights,9.307844e+01,7.976734e+00,8.569905e-02
5400,layers.3.qk_lut.log_soft_score_temp,3.739638e-01,3.253371e-03,8.699693e-03
5400,layers.3.qk_lut.log_select_temp,9.073102e-01,6.758451e-03,7.448887e-03
5400,layers.3.v_lut.weights,7.217447e+01,6.013517e+00,8.331917e-02
5400,layers.3.v_lut.log_soft_score_temp,6.154506e-01,9.594500e-03,1.558939e-02
5400,layers.3.v_lut.log_select_temp,1.106076e+00,4.732847e-03,4.278954e-03
5400,layers.3.out_proj.weights,1.132893e+02,9.412276e+00,8.308177e-02
5400,layers.3.out_proj.log_soft_score_temp,2.841743e-01,1.115489e-02,3.925370e-02
5400,layers.3.out_proj.log_select_temp,8.952742e-01,4.062235e-03,4.537421e-03
5400,layers.3.residual_lut.weights,1.293336e+02,1.113946e+01,8.612961e-02
5400,layers.3.residual_lut.log_soft_score_temp,2.908844e-01,4.502654e-03,1.547919e-02
5400,layers.3.residual_lut.log_select_temp,1.096305e+00,1.082814e-02,9.876938e-03
5400,layers.3.q_norm.weight,8.711196e+00,1.203198e-02,1.381208e-03
5400,layers.3.q_norm.bias,3.664087e-01,6.769982e-03,1.847659e-02
5400,layers.3.k_norm.weight,8.680993e+00,1.259074e-02,1.450381e-03
5400,layers.3.k_norm.bias,6.849059e-01,1.118935e-02,1.633706e-02
5400,layers.4.qk_lut.weights,9.306107e+01,7.976825e+00,8.571602e-02
5400,layers.4.qk_lut.log_soft_score_temp,5.743997e-01,2.675593e-03,4.658068e-03
5400,layers.4.qk_lut.log_select_temp,8.600440e-01,3.764331e-03,4.376906e-03
5400,layers.4.v_lut.weights,7.184277e+01,5.911839e+00,8.228857e-02
5400,layers.4.v_lut.log_soft_score_temp,8.676598e-01,5.280912e-03,6.086385e-03
5400,layers.4.v_lut.log_select_temp,1.076702e+00,3.306150e-03,3.070629e-03
5400,layers.4.out_proj.weights,1.143167e+02,9.590357e+00,8.389286e-02
5400,layers.4.out_proj.log_soft_score_temp,3.897749e-01,2.786070e-03,7.147894e-03
5400,layers.4.out_proj.log_select_temp,7.396147e-01,8.148730e-03,1.101753e-02
5400,layers.4.residual_lut.weights,1.294386e+02,1.129643e+01,8.727250e-02
5400,layers.4.residual_lut.log_soft_score_temp,3.530467e-01,3.052115e-03,8.645077e-03
5400,layers.4.residual_lut.log_select_temp,1.037817e+00,1.119053e-02,1.078276e-02
5400,layers.4.q_norm.weight,8.518141e+00,1.132266e-02,1.329241e-03
5400,layers.4.q_norm.bias,3.798601e-01,6.545860e-03,1.723229e-02
5400,layers.4.k_norm.weight,8.496921e+00,1.086390e-02,1.278570e-03
5400,layers.4.k_norm.bias,5.079745e-01,9.509280e-03,1.872000e-02
5400,layers.5.qk_lut.weights,9.319160e+01,8.085451e+00,8.676159e-02
5400,layers.5.qk_lut.log_soft_score_temp,5.563738e-01,2.574623e-03,4.627505e-03
5400,layers.5.qk_lut.log_select_temp,7.798216e-01,2.220213e-03,2.847079e-03
5400,layers.5.v_lut.weights,7.358365e+01,6.205739e+00,8.433584e-02
5400,layers.5.v_lut.log_soft_score_temp,8.655685e-01,1.806676e-03,2.087272e-03
5400,layers.5.v_lut.log_select_temp,1.003849e+00,3.041863e-03,3.030200e-03
5400,layers.5.out_proj.weights,1.223041e+02,9.743639e+00,7.966730e-02
5400,layers.5.out_proj.log_soft_score_temp,6.033418e-01,3.872216e-03,6.417947e-03
5400,layers.5.out_proj.log_select_temp,9.195656e-01,7.405102e-03,8.052827e-03
5400,layers.5.residual_lut.weights,1.314886e+02,1.138488e+01,8.658455e-02
5400,layers.5.residual_lut.log_soft_score_temp,3.837782e-01,2.349705e-03,6.122558e-03
5400,layers.5.residual_lut.log_select_temp,1.016118e+00,1.130903e-02,1.112964e-02
5400,layers.5.q_norm.weight,8.419866e+00,8.750229e-03,1.039236e-03
5400,layers.5.q_norm.bias,2.970030e-01,7.085088e-03,2.385527e-02
5400,layers.5.k_norm.weight,8.404099e+00,7.930839e-03,9.436869e-04
5400,layers.5.k_norm.bias,5.560247e-01,8.519201e-03,1.532162e-02
5400,ln_final.weight,3.463473e+01,3.043624e-01,8.787780e-03
5400,ln_final.bias,1.358241e+00,3.486687e-02,2.567060e-02
5600,tok_emb_E.weight,8.583725e+01,1.403322e+00,1.634864e-02
5600,unembedder.weight,2.193693e+02,7.341863e+00,3.346805e-02
5600,layers.0.qk_lut.weights,9.355653e+01,6.904122e+00,7.379626e-02
5600,layers.0.qk_lut.log_soft_score_temp,9.319761e-01,3.500044e-03,3.755509e-03
5600,layers.0.qk_lut.log_select_temp,9.379598e-01,4.362404e-03,4.650950e-03
5600,layers.0.v_lut.weights,7.233865e+01,5.511005e+00,7.618340e-02
5600,layers.0.v_lut.log_soft_score_temp,8.267420e-01,2.348781e-03,2.841008e-03
5600,layers.0.v_lut.log_select_temp,1.265402e+00,6.843925e-03,5.408499e-03
5600,layers.0.out_proj.weights,1.060882e+02,8.206560e+00,7.735599e-02
5600,layers.0.out_proj.log_soft_score_temp,4.623292e-02,1.294417e-02,2.799772e-01
5600,layers.0.out_proj.log_select_temp,8.207741e-01,3.201067e-03,3.900059e-03
5600,layers.0.residual_lut.weights,1.386430e+02,9.937036e+00,7.167356e-02
5600,layers.0.residual_lut.log_soft_score_temp,5.543766e-01,3.540635e-03,6.386697e-03
5600,layers.0.residual_lut.log_select_temp,1.254503e+00,1.058042e-02,8.433951e-03
5600,layers.0.q_norm.weight,9.145296e+00,1.424535e-02,1.557670e-03
5600,layers.0.q_norm.bias,7.213078e-01,8.049334e-03,1.115936e-02
5600,layers.0.k_norm.weight,9.111744e+00,1.369832e-02,1.503370e-03
5600,layers.0.k_norm.bias,9.146366e-01,1.227372e-02,1.341924e-02
5600,layers.1.qk_lut.weights,9.305548e+01,7.114071e+00,7.644978e-02
5600,layers.1.qk_lut.log_soft_score_temp,4.424057e-01,1.109898e-03,2.508779e-03
5600,layers.1.qk_lut.log_select_temp,8.170685e-01,5.836606e-03,7.143350e-03
5600,layers.1.v_lut.weights,7.125307e+01,5.576000e+00,7.825628e-02
5600,layers.1.v_lut.log_soft_score_temp,3.258164e-01,7.012248e-03,2.152208e-02
5600,layers.1.v_lut.log_select_temp,9.906261e-01,4.814267e-03,4.859823e-03
5600,layers.1.out_proj.weights,1.051012e+02,8.325197e+00,7.921123e-02
5600,layers.1.out_proj.log_soft_score_temp,4.663449e-02,1.526719e-02,3.273797e-01
5600,layers.1.out_proj.log_select_temp,7.198226e-01,5.379319e-04,7.473117e-04
5600,layers.1.residual_lut.weights,1.315249e+02,1.002246e+01,7.620200e-02
5600,layers.1.residual_lut.log_soft_score_temp,3.659239e-01,3.949612e-03,1.079353e-02
5600,layers.1.residual_lut.log_select_temp,1.132884e+00,8.010387e-03,7.070791e-03
5600,layers.1.q_norm.weight,8.679539e+00,1.273226e-02,1.466928e-03
5600,layers.1.q_norm.bias,4.655448e-01,5.889967e-03,1.265177e-02
5600,layers.1.k_norm.weight,8.654022e+00,1.221141e-02,1.411068e-03
5600,layers.1.k_norm.bias,8.902570e-01,9.814924e-03,1.102482e-02
5600,layers.2.qk_lut.weights,9.269168e+01,7.211024e+00,7.779581e-02
5600,layers.2.qk_lut.log_soft_score_temp,2.967212e-01,6.843448e-03,2.306356e-02
5600,layers.2.qk_lut.log_select_temp,9.654017e-01,5.562127e-03,5.761463e-03
5600,layers.2.v_lut.weights,7.165430e+01,5.438306e+00,7.589644e-02
5600,layers.2.v_lut.log_soft_score_temp,3.570333e-01,9.443164e-03,2.644897e-02
5600,layers.2.v_lut.log_select_temp,1.193386e+00,5.447268e-03,4.564548e-03
5600,layers.2.out_proj.weights,1.141752e+02,8.494034e+00,7.439472e-02
5600,layers.2.out_proj.log_soft_score_temp,1.173122e-01,1.341685e-02,1.143687e-01
5600,layers.2.out_proj.log_select_temp,9.414568e-01,5.138695e-03,5.458238e-03
5600,layers.2.residual_lut.weights,1.312722e+02,1.009120e+01,7.687237e-02
5600,layers.2.residual_lut.log_soft_score_temp,2.821307e-01,5.946308e-03,2.107643e-02
5600,layers.2.residual_lut.log_select_temp,1.143088e+00,8.592248e-03,7.516700e-03
5600,layers.2.q_norm.weight,9.082963e+00,2.097355e-02,2.309108e-03
5600,layers.2.q_norm.bias,4.843243e-01,7.763744e-03,1.603005e-02
5600,layers.2.k_norm.weight,9.054562e+00,2.092293e-02,2.310762e-03
5600,layers.2.k_norm.bias,7.243481e-01,1.203619e-02,1.661659e-02
5600,layers.3.qk_lut.weights,9.345205e+01,7.273942e+00,7.783609e-02
5600,layers.3.qk_lut.log_soft_score_temp,3.706839e-01,3.279895e-03,8.848224e-03
5600,layers.3.qk_lut.log_select_temp,9.129839e-01,5.673707e-03,6.214465e-03
5600,layers.3.v_lut.weights,7.246265e+01,5.480040e+00,7.562572e-02
5600,layers.3.v_lut.log_soft_score_temp,6.063528e-01,9.097815e-03,1.500416e-02
5600,layers.3.v_lut.log_select_temp,1.109141e+00,3.065586e-03,2.763927e-03
5600,layers.3.out_proj.weights,1.138287e+02,8.544350e+00,7.506322e-02
5600,layers.3.out_proj.log_soft_score_temp,2.754971e-01,8.677185e-03,3.149647e-02
5600,layers.3.out_proj.log_select_temp,9.005201e-01,5.245924e-03,5.825438e-03
5600,layers.3.residual_lut.weights,1.298108e+02,1.013997e+01,7.811348e-02
5600,layers.3.residual_lut.log_soft_score_temp,2.874327e-01,3.451705e-03,1.200874e-02
5600,layers.3.residual_lut.log_select_temp,1.106307e+00,1.000166e-02,9.040584e-03
5600,layers.3.q_norm.weight,8.718890e+00,1.048792e-02,1.202897e-03
5600,layers.3.q_norm.bias,3.704917e-01,6.070234e-03,1.638426e-02
5600,layers.3.k_norm.weight,8.688529e+00,1.082376e-02,1.245753e-03
5600,layers.3.k_norm.bias,6.903570e-01,9.454466e-03,1.369504e-02
5600,layers.4.qk_lut.weights,9.342409e+01,7.246916e+00,7.757011e-02
5600,layers.4.qk_lut.log_soft_score_temp,5.717483e-01,2.651393e-03,4.637344e-03
5600,layers.4.qk_lut.log_select_temp,8.637845e-01,3.740489e-03,4.330350e-03
5600,layers.4.v_lut.weights,7.214038e+01,5.338222e+00,7.399769e-02
5600,layers.4.v_lut.log_soft_score_temp,8.632269e-01,4.432917e-03,5.135286e-03
5600,layers.4.v_lut.log_select_temp,1.080018e+00,3.316402e-03,3.070692e-03
5600,layers.4.out_proj.weights,1.148845e+02,8.672654e+00,7.549023e-02
5600,layers.4.out_proj.log_soft_score_temp,3.872553e-01,2.519637e-03,6.506398e-03
5600,layers.4.out_proj.log_select_temp,7.468050e-01,7.190287e-03,9.628065e-03
5600,layers.4.residual_lut.weights,1.299664e+02,1.022378e+01,7.866477e-02
5600,layers.4.residual_lut.log_soft_score_temp,3.511412e-01,1.905411e-03,5.426339e-03
5600,layers.4.residual_lut.log_select_temp,1.048386e+00,1.056874e-02,1.008097e-02
5600,layers.4.q_norm.weight,8.524488e+00,9.596707e-03,1.125781e-03
5600,layers.4.q_norm.bias,3.836443e-01,6.215884e-03,1.620221e-02
5600,layers.4.k_norm.weight,8.503122e+00,9.605511e-03,1.129645e-03
5600,layers.4.k_norm.bias,5.099605e-01,7.946029e-03,1.558166e-02
5600,layers.5.qk_lut.weights,9.356078e+01,7.369421e+00,7.876613e-02
5600,layers.5.qk_lut.log_soft_score_temp,5.555989e-01,7.749200e-04,1.394747e-03
5600,layers.5.qk_lut.log_select_temp,7.837559e-01,3.934264e-03,5.019757e-03
5600,layers.5.v_lut.weights,7.386549e+01,5.628050e+00,7.619323e-02
5600,layers.5.v_lut.log_soft_score_temp,8.640551e-01,1.513362e-03,1.751465e-03
5600,layers.5.v_lut.log_select_temp,1.006239e+00,2.389550e-03,2.374735e-03
5600,layers.5.out_proj.weights,1.228843e+02,8.800939e+00,7.161971e-02
5600,layers.5.out_proj.log_soft_score_temp,5.972837e-01,6.058156e-03,1.014285e-02
5600,layers.5.out_proj.log_select_temp,9.245626e-01,4.997015e-03,5.404734e-03
5600,layers.5.residual_lut.weights,1.320604e+02,1.033312e+01,7.824541e-02
5600,layers.5.residual_lut.log_soft_score_temp,3.818846e-01,1.893580e-03,4.958513e-03
5600,layers.5.residual_lut.log_select_temp,1.026622e+00,1.050472e-02,1.023231e-02
5600,layers.5.q_norm.weight,8.424255e+00,9.036958e-03,1.072731e-03
5600,layers.5.q_norm.bias,2.976019e-01,6.792585e-03,2.282440e-02
5600,layers.5.k_norm.weight,8.408203e+00,8.317397e-03,9.892003e-04
5600,layers.5.k_norm.bias,5.589893e-01,6.988195e-03,1.250148e-02
5600,ln_final.weight,3.491370e+01,2.797132e-01,8.011559e-03
5600,ln_final.bias,1.364582e+00,3.146688e-02,2.305972e-02
5800,tok_emb_E.weight,8.585276e+01,1.269375e+00,1.478549e-02
5800,unembedder.weight,2.196091e+02,6.469388e+00,2.945866e-02
5800,layers.0.qk_lut.weights,9.386053e+01,6.220368e+00,6.627246e-02
5800,layers.0.qk_lut.log_soft_score_temp,9.339852e-01,2.009034e-03,2.151034e-03
5800,layers.0.qk_lut.log_select_temp,9.406186e-01,2.658725e-03,2.826571e-03
5800,layers.0.v_lut.weights,7.255769e+01,4.983480e+00,6.868301e-02
5800,layers.0.v_lut.log_soft_score_temp,8.261097e-01,6.322861e-04,7.653779e-04
5800,layers.0.v_lut.log_select_temp,1.271549e+00,6.147146e-03,4.834376e-03
5800,layers.0.out_proj.weights,1.063516e+02,7.426277e+00,6.982762e-02
5800,layers.0.out_proj.log_soft_score_temp,3.445639e-02,1.177653e-02,3.417807e-01
5800,layers.0.out_proj.log_select_temp,8.235165e-01,2.742410e-03,3.330121e-03
5800,layers.0.residual_lut.weights,1.391898e+02,9.009527e+00,6.472838e-02
5800,layers.0.residual_lut.log_soft_score_temp,5.507874e-01,3.589213e-03,6.516512e-03
5800,layers.0.residual_lut.log_select_temp,1.264484e+00,9.980202e-03,7.892710e-03
5800,layers.0.q_norm.weight,9.154045e+00,1.074402e-02,1.173691e-03
5800,layers.0.q_norm.bias,7.269646e-01,7.938346e-03,1.091985e-02
5800,layers.0.k_norm.weight,9.120329e+00,1.059756e-02,1.161971e-03
5800,layers.0.k_norm.bias,9.215949e-01,9.461570e-03,1.026652e-02
5800,layers.1.qk_lut.weights,9.337122e+01,6.400071e+00,6.854436e-02
5800,layers.1.qk_lut.log_soft_score_temp,4.417151e-01,6.906092e-04,1.563472e-03
5800,layers.1.qk_lut.log_select_temp,8.210281e-01,3.959596e-03,4.822729e-03
5800,layers.1.v_lut.weights,7.144489e+01,5.045932e+00,7.062691e-02
5800,layers.1.v_lut.log_soft_score_temp,3.189292e-01,6.887197e-03,2.159475e-02
5800,layers.1.v_lut.log_select_temp,9.940292e-01,3.403068e-03,3.423509e-03
5800,layers.1.out_proj.weights,1.053543e+02,7.525907e+00,7.143425e-02
5800,layers.1.out_proj.log_soft_score_temp,6.001628e-02,1.338179e-02,2.229693e-01
5800,layers.1.out_proj.log_select_temp,7.197692e-01,5.340576e-05,7.419845e-05
5800,layers.1.residual_lut.weights,1.318922e+02,9.081333e+00,6.885420e-02
5800,layers.1.residual_lut.log_soft_score_temp,3.622333e-01,3.690571e-03,1.018838e-02
5800,layers.1.residual_lut.log_select_temp,1.140611e+00,7.726669e-03,6.774150e-03
5800,layers.1.q_norm.weight,8.682597e+00,6.846990e-03,7.885878e-04
5800,layers.1.q_norm.bias,4.685391e-01,5.693051e-03,1.215064e-02
5800,layers.1.k_norm.weight,8.657046e+00,6.570086e-03,7.589293e-04
5800,layers.1.k_norm.bias,8.944556e-01,7.992247e-03,8.935320e-03
5800,layers.2.qk_lut.weights,9.297418e+01,6.522829e+00,7.015742e-02
5800,layers.2.qk_lut.log_soft_score_temp,2.916908e-01,5.030394e-03,1.724564e-02
5800,layers.2.qk_lut.log_select_temp,9.710857e-01,5.683959e-03,5.853200e-03
5800,layers.2.v_lut.weights,7.186707e+01,4.924324e+00,6.851990e-02
5800,layers.2.v_lut.log_soft_score_temp,3.495987e-01,7.434666e-03,2.126629e-02
5800,layers.2.v_lut.log_select_temp,1.199549e+00,6.163120e-03,5.137864e-03
5800,layers.2.out_proj.weights,1.146640e+02,7.666886e+00,6.686394e-02
5800,layers.2.out_proj.log_soft_score_temp,1.046494e-01,1.266278e-02,1.210019e-01
5800,layers.2.out_proj.log_select_temp,9.456546e-01,4.197776e-03,4.439017e-03
5800,layers.2.residual_lut.weights,1.316504e+02,9.113503e+00,6.922501e-02
5800,layers.2.residual_lut.log_soft_score_temp,2.778596e-01,4.271090e-03,1.537140e-02
5800,layers.2.residual_lut.log_select_temp,1.151317e+00,8.229256e-03,7.147689e-03
5800,layers.2.q_norm.weight,9.098708e+00,1.973571e-02,2.169068e-03
5800,layers.2.q_norm.bias,4.867259e-01,7.863580e-03,1.615607e-02
5800,layers.2.k_norm.weight,9.070231e+00,1.952393e-02,2.152528e-03
5800,layers.2.k_norm.bias,7.293652e-01,1.041427e-02,1.427855e-02
5800,layers.3.qk_lut.weights,9.375601e+01,6.543604e+00,6.979397e-02
5800,layers.3.qk_lut.log_soft_score_temp,3.664640e-01,4.219919e-03,1.151524e-02
5800,layers.3.qk_lut.log_select_temp,9.174443e-01,4.460454e-03,4.861825e-03
5800,layers.3.v_lut.weights,7.268536e+01,4.934780e+00,6.789234e-02
5800,layers.3.v_lut.log_soft_score_temp,5.983073e-01,8.045554e-03,1.344719e-02
5800,layers.3.v_lut.log_select_temp,1.112929e+00,3.787994e-03,3.403625e-03
5800,layers.3.out_proj.weights,1.142569e+02,7.706108e+00,6.744543e-02
5800,layers.3.out_proj.log_soft_score_temp,2.664103e-01,9.086758e-03,3.410813e-02
5800,layers.3.out_proj.log_select_temp,9.047173e-01,4.197240e-03,4.639283e-03
5800,layers.3.residual_lut.weights,1.301944e+02,9.173059e+00,7.045664e-02
5800,layers.3.residual_lut.log_soft_score_temp,2.841822e-01,3.250510e-03,1.143812e-02
5800,layers.3.residual_lut.log_select_temp,1.116060e+00,9.752750e-03,8.738557e-03
5800,layers.3.q_norm.weight,8.724996e+00,9.746223e-03,1.117046e-03
5800,layers.3.q_norm.bias,3.732908e-01,6.454637e-03,1.729118e-02
5800,layers.3.k_norm.weight,8.694437e+00,9.395694e-03,1.080656e-03
5800,layers.3.k_norm.bias,6.941482e-01,8.724594e-03,1.256878e-02
5800,layers.4.qk_lut.weights,9.371575e+01,6.562221e+00,7.002260e-02
5800,layers.4.qk_lut.log_soft_score_temp,5.691552e-01,2.593100e-03,4.556051e-03
5800,layers.4.qk_lut.log_select_temp,8.676323e-01,3.847837e-03,4.434871e-03
5800,layers.4.v_lut.weights,7.239545e+01,4.872371e+00,6.730218e-02
5800,layers.4.v_lut.log_soft_score_temp,8.585835e-01,4.643381e-03,5.408188e-03
5800,layers.4.v_lut.log_select_temp,1.083002e+00,2.983689e-03,2.755018e-03
5800,layers.4.out_proj.weights,1.153721e+02,7.821029e+00,6.778963e-02
5800,layers.4.out_proj.log_soft_score_temp,3.857465e-01,1.508802e-03,3.911383e-03
5800,layers.4.out_proj.log_select_temp,7.538038e-01,6.998837e-03,9.284693e-03
5800,layers.4.residual_lut.weights,1.304017e+02,9.248855e+00,7.092587e-02
5800,layers.4.residual_lut.log_soft_score_temp,3.497480e-01,1.393288e-03,3.983693e-03
5800,layers.4.residual_lut.log_select_temp,1.058610e+00,1.022470e-02,9.658607e-03
5800,layers.4.q_norm.weight,8.532061e+00,1.114608e-02,1.306376e-03
5800,layers.4.q_norm.bias,3.856454e-01,6.748475e-03,1.749917e-02
5800,layers.4.k_norm.weight,8.510289e+00,1.081967e-02,1.271363e-03
5800,layers.4.k_norm.bias,5.151792e-01,9.238451e-03,1.793250e-02
5800,layers.5.qk_lut.weights,9.385874e+01,6.631752e+00,7.065674e-02
5800,layers.5.qk_lut.log_soft_score_temp,5.516074e-01,3.991544e-03,7.236205e-03
5800,layers.5.qk_lut.log_select_temp,7.845778e-01,8.219481e-04,1.047631e-03
5800,layers.5.v_lut.weights,7.411413e+01,5.105274e+00,6.888395e-02
5800,layers.5.v_lut.log_soft_score_temp,8.617432e-01,2.311885e-03,2.682801e-03
5800,layers.5.v_lut.log_select_temp,1.007880e+00,1.641154e-03,1.628323e-03
5800,layers.5.out_proj.weights,1.233905e+02,7.944886e+00,6.438813e-02
5800,layers.5.out_proj.log_soft_score_temp,5.942404e-01,3.043294e-03,5.121318e-03
5800,layers.5.out_proj.log_select_temp,9.303434e-01,5.780876e-03,6.213701e-03
5800,layers.5.residual_lut.weights,1.325307e+02,9.338770e+00,7.046493e-02
5800,layers.5.residual_lut.log_soft_score_temp,3.799365e-01,1.948178e-03,5.127641e-03
5800,layers.5.residual_lut.log_select_temp,1.036228e+00,9.605646e-03,9.269820e-03
5800,layers.5.q_norm.weight,8.427649e+00,8.362954e-03,9.923234e-04
5800,layers.5.q_norm.bias,3.012921e-01,7.591298e-03,2.519581e-02
5800,layers.5.k_norm.weight,8.411587e+00,8.488492e-03,1.009143e-03
5800,layers.5.k_norm.bias,5.620541e-01,8.552568e-03,1.521663e-02
5800,ln_final.weight,3.516558e+01,2.525700e-01,7.182308e-03
5800,ln_final.bias,1.370934e+00,2.862514e-02,2.088003e-02
6000,tok_emb_E.weight,8.586617e+01,1.142029e+00,1.330010e-02
6000,unembedder.weight,2.199323e+02,6.101196e+00,2.774125e-02
6000,layers.0.qk_lut.weights,9.410466e+01,5.608388e+00,5.959735e-02
6000,layers.0.qk_lut.log_soft_score_temp,9.368852e-01,2.900064e-03,3.095431e-03
6000,layers.0.qk_lut.log_select_temp,9.441887e-01,3.570139e-03,3.781171e-03
6000,layers.0.v_lut.weights,7.273452e+01,4.497158e+00,6.182976e-02
6000,layers.0.v_lut.log_soft_score_temp,8.256969e-01,4.128218e-04,4.999677e-04
6000,layers.0.v_lut.log_select_temp,1.277421e+00,5.871534e-03,4.596399e-03
6000,layers.0.out_proj.weights,1.065504e+02,6.675237e+00,6.264862e-02
6000,layers.0.out_proj.log_soft_score_temp,2.478666e-02,9.669727e-03,3.901181e-01
6000,layers.0.out_proj.log_select_temp,8.259550e-01,2.438545e-03,2.952395e-03
6000,layers.0.residual_lut.weights,1.396607e+02,8.104115e+00,5.802716e-02
6000,layers.0.residual_lut.log_soft_score_temp,5.494345e-01,1.352906e-03,2.462361e-03
6000,layers.0.residual_lut.log_select_temp,1.274051e+00,9.567618e-03,7.509603e-03
6000,layers.0.q_norm.weight,9.164531e+00,1.224252e-02,1.335859e-03
6000,layers.0.q_norm.bias,7.297398e-01,5.822301e-03,7.978598e-03
6000,layers.0.k_norm.weight,9.129898e+00,1.128418e-02,1.235959e-03
6000,layers.0.k_norm.bias,9.281474e-01,8.970971e-03,9.665459e-03
6000,layers.1.qk_lut.weights,9.362158e+01,5.740110e+00,6.131183e-02
6000,layers.1.qk_lut.log_soft_score_temp,4.415481e-01,1.669526e-04,3.781074e-04
6000,layers.1.qk_lut.log_select_temp,8.251044e-01,4.076242e-03,4.940275e-03
6000,layers.1.v_lut.weights,7.159792e+01,4.523745e+00,6.318263e-02
6000,layers.1.v_lut.log_soft_score_temp,3.147399e-01,4.189372e-03,1.331059e-02
6000,layers.1.v_lut.log_select_temp,9.983324e-01,4.303277e-03,4.310464e-03
6000,layers.1.out_proj.weights,1.055636e+02,6.753719e+00,6.397774e-02
6000,layers.1.out_proj.log_soft_score_temp,7.154974e-02,1.153347e-02,1.611951e-01
6000,layers.1.out_proj.log_select_temp,7.208916e-01,1.122355e-03,1.556899e-03
6000,layers.1.residual_lut.weights,1.322005e+02,8.169302e+00,6.179481e-02
6000,layers.1.residual_lut.log_soft_score_temp,3.600249e-01,2.208412e-03,6.134052e-03
6000,layers.1.residual_lut.log_select_temp,1.147855e+00,7.243752e-03,6.310688e-03
6000,layers.1.q_norm.weight,8.687250e+00,7.269053e-03,8.367496e-04
6000,layers.1.q_norm.bias,4.706845e-01,4.602905e-03,9.779173e-03
6000,layers.1.k_norm.weight,8.661740e+00,7.699052e-03,8.888574e-04
6000,layers.1.k_norm.bias,8.986309e-01,7.001971e-03,7.791821e-03
6000,layers.2.qk_lut.weights,9.319955e+01,5.880332e+00,6.309399e-02
6000,layers.2.qk_lut.log_soft_score_temp,2.861285e-01,5.562335e-03,1.943999e-02
6000,layers.2.qk_lut.log_select_temp,9.754620e-01,4.376292e-03,4.486379e-03
6000,layers.2.v_lut.weights,7.203884e+01,4.421394e+00,6.137515e-02
6000,layers.2.v_lut.log_soft_score_temp,3.420794e-01,7.519275e-03,2.198108e-02
6000,layers.2.v_lut.log_select_temp,1.204365e+00,4.815817e-03,3.998636e-03
6000,layers.2.out_proj.weights,1.150610e+02,6.883903e+00,5.982828e-02
6000,layers.2.out_proj.log_soft_score_temp,9.388152e-02,1.076792e-02,1.146969e-01
6000,layers.2.out_proj.log_select_temp,9.488979e-01,3.243327e-03,3.417994e-03
6000,layers.2.residual_lut.weights,1.319301e+02,8.195626e+00,6.212098e-02
6000,layers.2.residual_lut.log_soft_score_temp,2.721751e-01,5.684495e-03,2.088544e-02
6000,layers.2.residual_lut.log_select_temp,1.158333e+00,7.015586e-03,6.056625e-03
6000,layers.2.q_norm.weight,9.112774e+00,1.743761e-02,1.913535e-03
6000,layers.2.q_norm.bias,4.903114e-01,6.353592e-03,1.295828e-02
6000,layers.2.k_norm.weight,9.084526e+00,1.740281e-02,1.915654e-03
6000,layers.2.k_norm.bias,7.336142e-01,9.401787e-03,1.281571e-02
6000,layers.3.qk_lut.weights,9.400182e+01,5.870362e+00,6.244946e-02
6000,layers.3.qk_lut.log_soft_score_temp,3.646039e-01,1.860112e-03,5.101733e-03
6000,layers.3.qk_lut.log_select_temp,9.231462e-01,5.701900e-03,6.176594e-03
6000,layers.3.v_lut.weights,7.286726e+01,4.422003e+00,6.068573e-02
6000,layers.3.v_lut.log_soft_score_temp,5.902428e-01,8.064449e-03,1.366293e-02
6000,layers.3.v_lut.log_select_temp,1.114712e+00,1.782775e-03,1.599314e-03
6000,layers.3.out_proj.weights,1.146104e+02,6.910219e+00,6.029311e-02
6000,layers.3.out_proj.log_soft_score_temp,2.577644e-01,8.645892e-03,3.354184e-02
6000,layers.3.out_proj.log_select_temp,9.078184e-01,3.101051e-03,3.415938e-03
6000,layers.3.residual_lut.weights,1.304791e+02,8.247410e+00,6.320867e-02
6000,layers.3.residual_lut.log_soft_score_temp,2.790272e-01,5.154997e-03,1.847489e-02
6000,layers.3.residual_lut.log_select_temp,1.124044e+00,7.984519e-03,7.103386e-03
6000,layers.3.q_norm.weight,8.730486e+00,1.010586e-02,1.157537e-03
6000,layers.3.q_norm.bias,3.733252e-01,5.947966e-03,1.593240e-02
6000,layers.3.k_norm.weight,8.699968e+00,9.974347e-03,1.146481e-03
6000,layers.3.k_norm.bias,6.954644e-01,6.840724e-03,9.836196e-03
6000,layers.4.qk_lut.weights,9.395053e+01,5.897489e+00,6.277228e-02
6000,layers.4.qk_lut.log_soft_score_temp,5.669099e-01,2.245307e-03,3.960606e-03
6000,layers.4.qk_lut.log_select_temp,8.710846e-01,3.452301e-03,3.963221e-03
6000,layers.4.v_lut.weights,7.258870e+01,4.359257e+00,6.005421e-02
6000,layers.4.v_lut.log_soft_score_temp,8.548011e-01,3.782392e-03,4.424879e-03
6000,layers.4.v_lut.log_select_temp,1.085905e+00,2.903819e-03,2.674099e-03
6000,layers.4.out_proj.weights,1.157679e+02,7.010945e+00,6.056035e-02
6000,layers.4.out_proj.log_soft_score_temp,3.832529e-01,2.493590e-03,6.506383e-03
6000,layers.4.out_proj.log_select_temp,7.593072e-01,5.503356e-03,7.247865e-03
6000,layers.4.residual_lut.weights,1.307327e+02,8.337847e+00,6.377784e-02
6000,layers.4.residual_lut.log_soft_score_temp,3.470182e-01,2.729803e-03,7.866457e-03
6000,layers.4.residual_lut.log_select_temp,1.067561e+00,8.951187e-03,8.384705e-03
6000,layers.4.q_norm.weight,8.536139e+00,7.670652e-03,8.986090e-04
6000,layers.4.q_norm.bias,3.881269e-01,5.301593e-03,1.365943e-02
6000,layers.4.k_norm.weight,8.514512e+00,7.605544e-03,8.932449e-04
6000,layers.4.k_norm.bias,5.158578e-01,5.919344e-03,1.147476e-02
6000,layers.5.qk_lut.weights,9.409726e+01,5.946673e+00,6.319709e-02
6000,layers.5.qk_lut.log_soft_score_temp,5.504519e-01,1.155436e-03,2.099068e-03
6000,layers.5.qk_lut.log_select_temp,7.870364e-01,2.458572e-03,3.123836e-03
6000,layers.5.v_lut.weights,7.429782e+01,4.596493e+00,6.186579e-02
6000,layers.5.v_lut.log_soft_score_temp,8.603514e-01,1.391768e-03,1.617674e-03
6000,layers.5.v_lut.log_select_temp,1.010118e+00,2.238274e-03,2.215853e-03
6000,layers.5.out_proj.weights,1.238403e+02,7.129036e+00,5.756638e-02
6000,layers.5.out_proj.log_soft_score_temp,5.913388e-01,2.901614e-03,4.906855e-03
6000,layers.5.out_proj.log_select_temp,9.353626e-01,5.019188e-03,5.366034e-03
6000,layers.5.residual_lut.weights,1.329061e+02,8.411019e+00,6.328541e-02
6000,layers.5.residual_lut.log_soft_score_temp,3.776294e-01,2.307028e-03,6.109237e-03
6000,layers.5.residual_lut.log_select_temp,1.044785e+00,8.557439e-03,8.190619e-03
6000,layers.5.q_norm.weight,8.431868e+00,8.394770e-03,9.956003e-04
6000,layers.5.q_norm.bias,3.010325e-01,5.800066e-03,1.926724e-02
6000,layers.5.k_norm.weight,8.415442e+00,8.301767e-03,9.864920e-04
6000,layers.5.k_norm.bias,5.647965e-01,7.071788e-03,1.252095e-02
6000,ln_final.weight,3.539386e+01,2.288429e-01,6.465610e-03
6000,ln_final.bias,1.378009e+00,2.770768e-02,2.010704e-02
6200,tok_emb_E.weight,8.587716e+01,1.020361e+00,1.188163e-02
6200,unembedder.weight,2.201638e+02,5.358371e+00,2.433811e-02
6200,layers.0.qk_lut.weights,9.429681e+01,5.036826e+00,5.341459e-02
6200,layers.0.qk_lut.log_soft_score_temp,9.387621e-01,1.876891e-03,1.999325e-03
6200,layers.0.qk_lut.log_select_temp,9.466825e-01,2.493799e-03,2.634250e-03
6200,layers.0.v_lut.weights,7.287646e+01,4.043283e+00,5.548133e-02
6200,layers.0.v_lut.log_soft_score_temp,8.261930e-01,4.961491e-04,6.005244e-04
6200,layers.0.v_lut.log_select_temp,1.282634e+00,5.213022e-03,4.064311e-03
6200,layers.0.out_proj.weights,1.067299e+02,5.971735e+00,5.595182e-02
6200,layers.0.out_proj.log_soft_score_temp,1.837402e-02,6.412646e-03,3.490062e-01
6200,layers.0.out_proj.log_select_temp,8.307169e-01,4.761875e-03,5.732247e-03
6200,layers.0.residual_lut.weights,1.400584e+02,7.253676e+00,5.179037e-02
6200,layers.0.residual_lut.log_soft_score_temp,5.496081e-01,1.735687e-04,3.158046e-04
6200,layers.0.residual_lut.log_select_temp,1.283603e+00,9.551525e-03,7.441185e-03
6200,layers.0.q_norm.weight,9.174899e+00,1.216155e-02,1.325524e-03
6200,layers.0.q_norm.bias,7.355514e-01,7.158341e-03,9.731939e-03
6200,layers.0.k_norm.weight,9.139851e+00,1.174202e-02,1.284706e-03
6200,layers.0.k_norm.bias,9.350527e-01,9.520074e-03,1.018132e-02
6200,layers.1.qk_lut.weights,9.381128e+01,5.155158e+00,5.495243e-02
6200,layers.1.qk_lut.log_soft_score_temp,4.408990e-01,6.491840e-04,1.472410e-03
6200,layers.1.qk_lut.log_select_temp,8.278678e-01,2.763450e-03,3.338033e-03
6200,layers.1.v_lut.weights,7.171296e+01,4.057992e+00,5.658659e-02
6200,layers.1.v_lut.log_soft_score_temp,3.096616e-01,5.078286e-03,1.639947e-02
6200,layers.1.v_lut.log_select_temp,1.000687e+00,2.354085e-03,2.352470e-03
6200,layers.1.out_proj.weights,1.057170e+02,6.037628e+00,5.711124e-02
6200,layers.1.out_proj.log_soft_score_temp,8.240016e-02,1.085041e-02,1.316795e-01
6200,layers.1.out_proj.log_select_temp,7.210334e-01,1.417994e-04,1.966614e-04
6200,layers.1.residual_lut.weights,1.324372e+02,7.292603e+00,5.506462e-02
6200,layers.1.residual_lut.log_soft_score_temp,3.571470e-01,2.877921e-03,8.058085e-03
6200,layers.1.residual_lut.log_select_temp,1.153901e+00,6.046176e-03,5.239771e-03
6200,layers.1.q_norm.weight,8.690545e+00,5.742093e-03,6.607287e-04
6200,layers.1.q_norm.bias,4.721734e-01,3.680902e-03,7.795657e-03
6200,layers.1.k_norm.weight,8.665061e+00,5.490491e-03,6.336356e-04
6200,layers.1.k_norm.bias,9.024755e-01,6.362011e-03,7.049511e-03
6200,layers.2.qk_lut.weights,9.338021e+01,5.250649e+00,5.622872e-02
6200,layers.2.qk_lut.log_soft_score_temp,2.815765e-01,4.552007e-03,1.616615e-02
6200,layers.2.qk_lut.log_select_temp,9.794502e-01,3.988206e-03,4.071883e-03
6200,layers.2.v_lut.weights,7.217019e+01,3.942648e+00,5.462988e-02
6200,layers.2.v_lut.log_soft_score_temp,3.357560e-01,6.323397e-03,1.883331e-02
6200,layers.2.v_lut.log_select_temp,1.208610e+00,4.245043e-03,3.512334e-03
6200,layers.2.out_proj.weights,1.153708e+02,6.131769e+00,5.314835e-02
6200,layers.2.out_proj.log_soft_score_temp,8.359782e-02,1.028370e-02,1.230140e-01
6200,layers.2.out_proj.log_select_temp,9.505480e-01,1.650095e-03,1.735941e-03
6200,layers.2.residual_lut.weights,1.321544e+02,7.320982e+00,5.539718e-02
6200,layers.2.residual_lut.log_soft_score_temp,2.681682e-01,4.006922e-03,1.494183e-02
6200,layers.2.residual_lut.log_select_temp,1.164546e+00,6.213307e-03,5.335391e-03
6200,layers.2.q_norm.weight,9.124218e+00,1.512466e-02,1.657639e-03
6200,layers.2.q_norm.bias,4.922497e-01,6.142257e-03,1.247793e-02
6200,layers.2.k_norm.weight,9.095899e+00,1.504991e-02,1.654582e-03
6200,layers.2.k_norm.bias,7.367335e-01,8.884419e-03,1.205920e-02
6200,layers.3.qk_lut.weights,9.420205e+01,5.235743e+00,5.557992e-02
6200,layers.3.qk_lut.log_soft_score_temp,3.623247e-01,2.279222e-03,6.290551e-03
6200,layers.3.qk_lut.log_select_temp,9.269673e-01,3.821075e-03,4.122125e-03
6200,layers.3.v_lut.weights,7.301012e+01,3.940674e+00,5.397435e-02
6200,layers.3.v_lut.log_soft_score_temp,5.834528e-01,6.789982e-03,1.163759e-02
6200,layers.3.v_lut.log_select_temp,1.116404e+00,1.692176e-03,1.515738e-03
6200,layers.3.out_proj.weights,1.148936e+02,6.153308e+00,5.355657e-02
6200,layers.3.out_proj.log_soft_score_temp,2.501231e-01,7.641375e-03,3.055046e-02
6200,layers.3.out_proj.log_select_temp,9.101219e-01,2.303481e-03,2.530959e-03
6200,layers.3.residual_lut.weights,1.307132e+02,7.353631e+00,5.625778e-02
6200,layers.3.residual_lut.log_soft_score_temp,2.765948e-01,2.432406e-03,8.794113e-03
6200,layers.3.residual_lut.log_select_temp,1.131301e+00,7.256746e-03,6.414515e-03
6200,layers.3.q_norm.weight,8.735966e+00,8.316806e-03,9.520190e-04
6200,layers.3.q_norm.bias,3.758791e-01,4.444872e-03,1.182527e-02
6200,layers.3.k_norm.weight,8.705490e+00,8.258749e-03,9.486828e-04
6200,layers.3.k_norm.bias,6.981299e-01,6.579568e-03,9.424562e-03
6200,layers.4.qk_lut.weights,9.414437e+01,5.258605e+00,5.585681e-02
6200,layers.4.qk_lut.log_soft_score_temp,5.649961e-01,1.913786e-03,3.387255e-03
6200,layers.4.qk_lut.log_select_temp,8.737219e-01,2.637267e-03,3.018429e-03
6200,layers.4.v_lut.weights,7.274438e+01,3.894809e+00,5.354103e-02
6200,layers.4.v_lut.log_soft_score_temp,8.505226e-01,4.278541e-03,5.030484e-03
6200,layers.4.v_lut.log_select_temp,1.087228e+00,1.322746e-03,1.216623e-03
6200,layers.4.out_proj.weights,1.160719e+02,6.257888e+00,5.391387e-02
6200,layers.4.out_proj.log_soft_score_temp,3.793890e-01,3.863931e-03,1.018461e-02
6200,layers.4.out_proj.log_select_temp,7.631633e-01,3.856122e-03,5.052814e-03
6200,layers.4.residual_lut.weights,1.310022e+02,7.419759e+00,5.663843e-02
6200,layers.4.residual_lut.log_soft_score_temp,3.450022e-01,2.015918e-03,5.843204e-03
6200,layers.4.residual_lut.log_select_temp,1.075011e+00,7.449746e-03,6.929925e-03
6200,layers.4.q_norm.weight,8.542384e+00,8.854121e-03,1.036493e-03
6200,layers.4.q_norm.bias,3.910197e-01,5.544729e-03,1.418018e-02
6200,layers.4.k_norm.weight,8.520750e+00,8.743340e-03,1.026123e-03
6200,layers.4.k_norm.bias,5.206733e-01,8.277153e-03,1.589702e-02
6200,layers.5.qk_lut.weights,9.429812e+01,5.345263e+00,5.668473e-02
6200,layers.5.qk_lut.log_soft_score_temp,5.503123e-01,1.396537e-04,2.537717e-04
6200,layers.5.qk_lut.log_select_temp,7.902386e-01,3.202200e-03,4.052194e-03
6200,layers.5.v_lut.weights,7.444092e+01,4.067285e+00,5.463775e-02
6200,layers.5.v_lut.log_soft_score_temp,8.589368e-01,1.414657e-03,1.646986e-03
6200,layers.5.v_lut.log_select_temp,1.011916e+00,1.798034e-03,1.776860e-03
6200,layers.5.out_proj.weights,1.242074e+02,6.372767e+00,5.130748e-02
6200,layers.5.out_proj.log_soft_score_temp,5.881364e-01,3.202319e-03,5.444858e-03
6200,layers.5.out_proj.log_select_temp,9.392093e-01,3.846705e-03,4.095684e-03
6200,layers.5.residual_lut.weights,1.331928e+02,7.487660e+00,5.621669e-02
6200,layers.5.residual_lut.log_soft_score_temp,3.749180e-01,2.711385e-03,7.231942e-03
6200,layers.5.residual_lut.log_select_temp,1.051891e+00,7.105470e-03,6.754950e-03
6200,layers.5.q_norm.weight,8.436269e+00,8.741444e-03,1.036174e-03
6200,layers.5.q_norm.bias,3.020433e-01,6.018649e-03,1.992644e-02
6200,layers.5.k_norm.weight,8.419549e+00,8.509977e-03,1.010740e-03
6200,layers.5.k_norm.bias,5.660514e-01,8.860064e-03,1.565240e-02
6200,ln_final.weight,3.559723e+01,2.038751e-01,5.727274e-03
6200,ln_final.bias,1.383049e+00,2.361977e-02,1.707804e-02
6400,tok_emb_E.weight,8.588599e+01,9.111884e-01,1.060928e-02
6400,unembedder.weight,2.204040e+02,4.867591e+00,2.208486e-02
6400,layers.0.qk_lut.weights,9.445441e+01,4.499095e+00,4.763245e-02
6400,layers.0.qk_lut.log_soft_score_temp,9.415915e-01,2.829373e-03,3.004884e-03
6400,layers.0.qk_lut.log_select_temp,9.497723e-01,3.089786e-03,3.253186e-03
6400,layers.0.v_lut.weights,7.298497e+01,3.600342e+00,4.932990e-02
6400,layers.0.v_lut.log_soft_score_temp,8.270562e-01,8.631349e-04,1.043623e-03
6400,layers.0.v_lut.log_select_temp,1.287849e+00,5.215764e-03,4.049980e-03
6400,layers.0.out_proj.weights,1.068467e+02,5.315982e+00,4.975334e-02
6400,layers.0.out_proj.log_soft_score_temp,1.124655e-02,7.127471e-03,6.337475e-01
6400,layers.0.out_proj.log_select_temp,8.332656e-01,2.548695e-03,3.058682e-03
6400,layers.0.residual_lut.weights,1.403760e+02,6.437215e+00,4.585694e-02
6400,layers.0.residual_lut.log_soft_score_temp,5.482705e-01,1.337528e-03,2.439541e-03
6400,layers.0.residual_lut.log_select_temp,1.290473e+00,6.870031e-03,5.323655e-03
6400,layers.0.q_norm.weight,9.182486e+00,8.713944e-03,9.489744e-04
6400,layers.0.q_norm.bias,7.393900e-01,5.441634e-03,7.359627e-03
6400,layers.0.k_norm.weight,9.147080e+00,8.558013e-03,9.356004e-04
6400,layers.0.k_norm.bias,9.402844e-01,7.057581e-03,7.505793e-03
6400,layers.1.qk_lut.weights,9.396615e+01,4.613476e+00,4.909721e-02
6400,layers.1.qk_lut.log_soft_score_temp,4.415684e-01,6.694198e-04,1.516005e-03
6400,layers.1.qk_lut.log_select_temp,8.318374e-01,3.969550e-03,4.772027e-03
6400,layers.1.v_lut.weights,7.180476e+01,3.593889e+00,5.005086e-02
6400,layers.1.v_lut.log_soft_score_temp,3.062514e-01,3.410131e-03,1.113507e-02
6400,layers.1.v_lut.log_select_temp,1.003699e+00,3.012776e-03,3.001672e-03
6400,layers.1.out_proj.weights,1.058240e+02,5.358541e+00,5.063637e-02
6400,layers.1.out_proj.log_soft_score_temp,9.153822e-02,9.138063e-03,9.982784e-02
6400,layers.1.out_proj.log_select_temp,7.214462e-01,4.127622e-04,5.721316e-04
6400,layers.1.residual_lut.weights,1.326221e+02,6.481411e+00,4.887127e-02
6400,layers.1.residual_lut.log_soft_score_temp,3.554367e-01,1.710296e-03,4.811815e-03
6400,layers.1.residual_lut.log_select_temp,1.159111e+00,5.209923e-03,4.494758e-03
6400,layers.1.q_norm.weight,8.696190e+00,7.753666e-03,8.916164e-04
6400,layers.1.q_norm.bias,4.740897e-01,4.023357e-03,8.486490e-03
6400,layers.1.k_norm.weight,8.670403e+00,7.488808e-03,8.637208e-04
6400,layers.1.k_norm.bias,9.054028e-01,5.795210e-03,6.400698e-03
6400,layers.2.qk_lut.weights,9.352181e+01,4.665650e+00,4.988836e-02
6400,layers.2.qk_lut.log_soft_score_temp,2.774396e-01,4.136920e-03,1.491107e-02
6400,layers.2.qk_lut.log_select_temp,9.831606e-01,3.710449e-03,3.774001e-03
6400,layers.2.v_lut.weights,7.227547e+01,3.491712e+00,4.831116e-02
6400,layers.2.v_lut.log_soft_score_temp,3.295866e-01,6.169438e-03,1.871872e-02
6400,layers.2.v_lut.log_select_temp,1.212183e+00,3.572583e-03,2.947232e-03
6400,layers.2.out_proj.weights,1.156481e+02,5.448746e+00,4.711486e-02
6400,layers.2.out_proj.log_soft_score_temp,7.537874e-02,8.219078e-03,1.090371e-01
6400,layers.2.out_proj.log_select_temp,9.537046e-01,3.156602e-03,3.309832e-03
6400,layers.2.residual_lut.weights,1.323306e+02,6.525407e+00,4.931139e-02
6400,layers.2.residual_lut.log_soft_score_temp,2.643577e-01,3.810406e-03,1.441382e-02
6400,layers.2.residual_lut.log_select_temp,1.170139e+00,5.593300e-03,4.780030e-03
6400,layers.2.q_norm.weight,9.133925e+00,1.331277e-02,1.457508e-03
6400,layers.2.q_norm.bias,4.939614e-01,4.944896e-03,1.001069e-02
6400,layers.2.k_norm.weight,9.105553e+00,1.308002e-02,1.436489e-03
6400,layers.2.k_norm.bias,7.385686e-01,6.625111e-03,8.970204e-03
6400,layers.3.qk_lut.weights,9.435020e+01,4.659386e+00,4.938396e-02
6400,layers.3.qk_lut.log_soft_score_temp,3.611273e-01,1.197428e-03,3.315805e-03
6400,layers.3.qk_lut.log_select_temp,9.307223e-01,3.754973e-03,4.034472e-03
6400,layers.3.v_lut.weights,7.312490e+01,3.498032e+00,4.783640e-02
6400,layers.3.v_lut.log_soft_score_temp,5.772230e-01,6.229818e-03,1.079274e-02
6400,layers.3.v_lut.log_select_temp,1.118160e+00,1.755714e-03,1.570182e-03
6400,layers.3.out_proj.weights,1.151374e+02,5.467205e+00,4.748417e-02
6400,layers.3.out_proj.log_soft_score_temp,2.439062e-01,6.216884e-03,2.548883e-02
6400,layers.3.out_proj.log_select_temp,9.134996e-01,3.377736e-03,3.697578e-03
6400,layers.3.residual_lut.weights,1.308983e+02,6.543430e+00,4.998864e-02
6400,layers.3.residual_lut.log_soft_score_temp,2.742875e-01,2.307355e-03,8.412180e-03
6400,layers.3.residual_lut.log_select_temp,1.138140e+00,6.839156e-03,6.009064e-03
6400,layers.3.q_norm.weight,8.741102e+00,7.282660e-03,8.331512e-04
6400,layers.3.q_norm.bias,3.770221e-01,4.575946e-03,1.213708e-02
6400,layers.3.k_norm.weight,8.710103e+00,7.862984e-03,9.027430e-04
6400,layers.3.k_norm.bias,6.991845e-01,6.078781e-03,8.694100e-03
6400,layers.4.qk_lut.weights,9.429316e+01,4.677178e+00,4.960252e-02
6400,layers.4.qk_lut.log_soft_score_temp,5.628119e-01,2.184272e-03,3.880998e-03
6400,layers.4.qk_lut.log_select_temp,8.760409e-01,2.319038e-03,2.647180e-03
6400,layers.4.v_lut.weights,7.286951e+01,3.444560e+00,4.727025e-02
6400,layers.4.v_lut.log_soft_score_temp,8.472254e-01,3.297150e-03,3.891703e-03
6400,layers.4.v_lut.log_select_temp,1.089137e+00,1.908660e-03,1.752452e-03
6400,layers.4.out_proj.weights,1.163500e+02,5.553615e+00,4.773198e-02
6400,layers.4.out_proj.log_soft_score_temp,3.788084e-01,5.805492e-04,1.532567e-03
6400,layers.4.out_proj.log_select_temp,7.682282e-01,5.064905e-03,6.592969e-03
6400,layers.4.residual_lut.weights,1.312169e+02,6.616718e+00,5.042580e-02
6400,layers.4.residual_lut.log_soft_score_temp,3.432327e-01,1.769572e-03,5.155606e-03
6400,layers.4.residual_lut.log_select_temp,1.081682e+00,6.671071e-03,6.167311e-03
6400,layers.4.q_norm.weight,8.546999e+00,6.732661e-03,7.877223e-04
6400,layers.4.q_norm.bias,3.921814e-01,4.697070e-03,1.197678e-02
6400,layers.4.k_norm.weight,8.525409e+00,7.154568e-03,8.392052e-04
6400,layers.4.k_norm.bias,5.224431e-01,6.430208e-03,1.230796e-02
6400,layers.5.qk_lut.weights,9.445386e+01,4.727560e+00,5.005152e-02
6400,layers.5.qk_lut.log_soft_score_temp,5.492387e-01,1.073539e-03,1.954595e-03
6400,layers.5.qk_lut.log_select_temp,7.921959e-01,1.957238e-03,2.470649e-03
6400,layers.5.v_lut.weights,7.456520e+01,3.643279e+00,4.886031e-02
6400,layers.5.v_lut.log_soft_score_temp,8.571568e-01,1.779974e-03,2.076602e-03
6400,layers.5.v_lut.log_select_temp,1.013062e+00,1.146317e-03,1.131536e-03
6400,layers.5.out_proj.weights,1.245112e+02,5.624268e+00,4.517080e-02
6400,layers.5.out_proj.log_soft_score_temp,5.848007e-01,3.335774e-03,5.704121e-03
6400,layers.5.out_proj.log_select_temp,9.427273e-01,3.517926e-03,3.731647e-03
6400,layers.5.residual_lut.weights,1.334262e+02,6.659918e+00,4.991463e-02
6400,layers.5.residual_lut.log_soft_score_temp,3.728341e-01,2.083898e-03,5.589342e-03
6400,layers.5.residual_lut.log_select_temp,1.058238e+00,6.347537e-03,5.998211e-03
6400,layers.5.q_norm.weight,8.437697e+00,5.994284e-03,7.104170e-04
6400,layers.5.q_norm.bias,3.026772e-01,5.369476e-03,1.773994e-02
6400,layers.5.k_norm.weight,8.420837e+00,6.534831e-03,7.760310e-04
6400,layers.5.k_norm.bias,5.677468e-01,5.157776e-03,9.084641e-03
6400,ln_final.weight,3.577891e+01,1.821155e-01,5.090024e-03
6400,ln_final.bias,1.389220e+00,2.251370e-02,1.620600e-02
6600,tok_emb_E.weight,8.589309e+01,8.085255e-01,9.413161e-03
6600,unembedder.weight,2.206034e+02,4.379593e+00,1.985280e-02
6600,layers.0.qk_lut.weights,9.457998e+01,4.005693e+00,4.235245e-02
6600,layers.0.qk_lut.log_soft_score_temp,9.436418e-01,2.050281e-03,2.172732e-03
6600,layers.0.qk_lut.log_select_temp,9.520977e-01,2.325356e-03,2.442350e-03
6600,layers.0.v_lut.weights,7.307030e+01,3.216642e+00,4.402119e-02
6600,layers.0.v_lut.log_soft_score_temp,8.274496e-01,3.934503e-04,4.754975e-04
6600,layers.0.v_lut.log_select_temp,1.291743e+00,3.893375e-03,3.014049e-03
6600,layers.0.out_proj.weights,1.069286e+02,4.733431e+00,4.426722e-02
6600,layers.0.out_proj.log_soft_score_temp,5.435912e-03,5.810635e-03,1.068935e+00
6600,layers.0.out_proj.log_select_temp,8.353742e-01,2.108634e-03,2.524178e-03
6600,layers.0.residual_lut.weights,1.406352e+02,5.738791e+00,4.080621e-02
6600,layers.0.residual_lut.log_soft_score_temp,5.476899e-01,5.806088e-04,1.060105e-03
6600,layers.0.residual_lut.log_select_temp,1.296820e+00,6.347179e-03,4.894418e-03
6600,layers.0.q_norm.weight,9.191352e+00,1.003120e-02,1.091374e-03
6600,layers.0.q_norm.bias,7.423225e-01,5.081340e-03,6.845192e-03
6600,layers.0.k_norm.weight,9.155563e+00,9.819428e-03,1.072509e-03
6600,layers.0.k_norm.bias,9.448794e-01,6.749098e-03,7.142814e-03
6600,layers.1.qk_lut.weights,9.409756e+01,4.096280e+00,4.353227e-02
6600,layers.1.qk_lut.log_soft_score_temp,4.418798e-01,3.114045e-04,7.047267e-04
6600,layers.1.qk_lut.log_select_temp,8.348654e-01,3.028035e-03,3.626974e-03
6600,layers.1.v_lut.weights,7.187138e+01,3.192428e+00,4.441863e-02
6600,layers.1.v_lut.log_soft_score_temp,3.024852e-01,3.766268e-03,1.245108e-02
6600,layers.1.v_lut.log_select_temp,1.006433e+00,2.733827e-03,2.716352e-03
6600,layers.1.out_proj.weights,1.059061e+02,4.752023e+00,4.487014e-02
6600,layers.1.out_proj.log_soft_score_temp,9.934553e-02,7.807307e-03,7.858740e-02
6600,layers.1.out_proj.log_select_temp,7.223309e-01,8.847713e-04,1.224884e-03
6600,layers.1.residual_lut.weights,1.327566e+02,5.772619e+00,4.348271e-02
6600,layers.1.residual_lut.log_soft_score_temp,3.537412e-01,1.695484e-03,4.793006e-03
6600,layers.1.residual_lut.log_select_temp,1.163762e+00,4.651070e-03,3.996582e-03
6600,layers.1.q_norm.weight,8.699858e+00,5.617241e-03,6.456704e-04
6600,layers.1.q_norm.bias,4.761024e-01,4.052654e-03,8.512147e-03
6600,layers.1.k_norm.weight,8.674141e+00,5.808423e-03,6.696252e-04
6600,layers.1.k_norm.bias,9.077219e-01,5.466491e-03,6.022208e-03
6600,layers.2.qk_lut.weights,9.363418e+01,4.143981e+00,4.425714e-02
6600,layers.2.qk_lut.log_soft_score_temp,2.739554e-01,3.484190e-03,1.271809e-02
6600,layers.2.qk_lut.log_select_temp,9.866484e-01,3.487766e-03,3.534963e-03
6600,layers.2.v_lut.weights,7.235427e+01,3.089937e+00,4.270566e-02
6600,layers.2.v_lut.log_soft_score_temp,3.247648e-01,4.821718e-03,1.484680e-02
6600,layers.2.v_lut.log_select_temp,1.215738e+00,3.555417e-03,2.924493e-03
6600,layers.2.out_proj.weights,1.158935e+02,4.823667e+00,4.162154e-02
6600,layers.2.out_proj.log_soft_score_temp,6.833996e-02,7.038780e-03,1.029965e-01
6600,layers.2.out_proj.log_select_temp,9.578197e-01,4.115105e-03,4.296325e-03
6600,layers.2.residual_lut.weights,1.324658e+02,5.788332e+00,4.369681e-02
6600,layers.2.residual_lut.log_soft_score_temp,2.618870e-01,2.470762e-03,9.434457e-03
6600,layers.2.residual_lut.log_select_temp,1.175450e+00,5.310893e-03,4.518178e-03
6600,layers.2.q_norm.weight,9.144895e+00,1.311348e-02,1.433967e-03
6600,layers.2.q_norm.bias,4.955578e-01,4.498132e-03,9.076906e-03
6600,layers.2.k_norm.weight,9.116246e+00,1.323365e-02,1.451655e-03
6600,layers.2.k_norm.bias,7.419024e-01,7.077235e-03,9.539307e-03
6600,layers.3.qk_lut.weights,9.447609e+01,4.154439e+00,4.397344e-02
6600,layers.3.qk_lut.log_soft_score_temp,3.598328e-01,1.294464e-03,3.597404e-03
6600,layers.3.qk_lut.log_select_temp,9.337596e-01,3.037333e-03,3.252800e-03
6600,layers.3.v_lut.weights,7.321166e+01,3.102518e+00,4.237738e-02
6600,layers.3.v_lut.log_soft_score_temp,5.722960e-01,4.927039e-03,8.609250e-03
6600,layers.3.v_lut.log_select_temp,1.120349e+00,2.189279e-03,1.954104e-03
6600,layers.3.out_proj.weights,1.153344e+02,4.841194e+00,4.197528e-02
6600,layers.3.out_proj.log_soft_score_temp,2.375398e-01,6.366417e-03,2.680148e-02
6600,layers.3.out_proj.log_select_temp,9.156111e-01,2.111495e-03,2.306104e-03
6600,layers.3.residual_lut.weights,1.310342e+02,5.821290e+00,4.442572e-02
6600,layers.3.residual_lut.log_soft_score_temp,2.717174e-01,2.570093e-03,9.458699e-03
6600,layers.3.residual_lut.log_select_temp,1.143438e+00,5.298495e-03,4.633826e-03
6600,layers.3.q_norm.weight,8.744868e+00,6.149718e-03,7.032374e-04
6600,layers.3.q_norm.bias,3.779182e-01,4.842705e-03,1.281416e-02
6600,layers.3.k_norm.weight,8.713813e+00,5.730456e-03,6.576290e-04
6600,layers.3.k_norm.bias,7.011564e-01,5.270402e-03,7.516728e-03
6600,layers.4.qk_lut.weights,9.441633e+01,4.133630e+00,4.378088e-02
6600,layers.4.qk_lut.log_soft_score_temp,5.610723e-01,1.739502e-03,3.100317e-03
6600,layers.4.qk_lut.log_select_temp,8.777137e-01,1.672804e-03,1.905866e-03
6600,layers.4.v_lut.weights,7.296725e+01,3.048988e+00,4.178571e-02
6600,layers.4.v_lut.log_soft_score_temp,8.433583e-01,3.867090e-03,4.585346e-03
6600,layers.4.v_lut.log_select_temp,1.089967e+00,8.302927e-04,7.617594e-04
6600,layers.4.out_proj.weights,1.165691e+02,4.910323e+00,4.212370e-02
6600,layers.4.out_proj.log_soft_score_temp,3.767469e-01,2.061546e-03,5.471965e-03
6600,layers.4.out_proj.log_select_temp,7.722284e-01,4.000127e-03,5.179980e-03
6600,layers.4.residual_lut.weights,1.313896e+02,5.877202e+00,4.473112e-02
6600,layers.4.residual_lut.log_soft_score_temp,3.426783e-01,5.543530e-04,1.617707e-03
6600,layers.4.residual_lut.log_select_temp,1.088137e+00,6.454468e-03,5.931670e-03
6600,layers.4.q_norm.weight,8.550902e+00,6.365539e-03,7.444289e-04
6600,layers.4.q_norm.bias,3.945311e-01,3.882627e-03,9.841118e-03
6600,layers.4.k_norm.weight,8.529421e+00,6.196076e-03,7.264357e-04
6600,layers.4.k_norm.bias,5.234320e-01,5.204279e-03,9.942608e-03
6600,layers.5.qk_lut.weights,9.457146e+01,4.186817e+00,4.427146e-02
6600,layers.5.qk_lut.log_soft_score_temp,5.484254e-01,8.133054e-04,1.482983e-03
6600,layers.5.qk_lut.log_select_temp,7.939721e-01,1.776218e-03,2.237130e-03
6600,layers.5.v_lut.weights,7.465466e+01,3.223220e+00,4.317507e-02
6600,layers.5.v_lut.log_soft_score_temp,8.558481e-01,1.308739e-03,1.529172e-03
6600,layers.5.v_lut.log_select_temp,1.014166e+00,1.103044e-03,1.087637e-03
6600,layers.5.out_proj.weights,1.247542e+02,4.987824e+00,3.998121e-02
6600,layers.5.out_proj.log_soft_score_temp,5.814137e-01,3.386915e-03,5.825309e-03
6600,layers.5.out_proj.log_select_temp,9.455270e-01,2.799749e-03,2.961046e-03
6600,layers.5.residual_lut.weights,1.336169e+02,5.917412e+00,4.428639e-02
6600,layers.5.residual_lut.log_soft_score_temp,3.716340e-01,1.200110e-03,3.229278e-03
6600,layers.5.residual_lut.log_select_temp,1.064425e+00,6.186128e-03,5.811711e-03
6600,layers.5.q_norm.weight,8.440796e+00,5.356070e-03,6.345456e-04
6600,layers.5.q_norm.bias,3.036177e-01,3.996036e-03,1.316141e-02
6600,layers.5.k_norm.weight,8.423963e+00,5.696287e-03,6.762004e-04
6600,layers.5.k_norm.bias,5.690745e-01,5.001758e-03,8.789286e-03
6600,ln_final.weight,3.594114e+01,1.625734e-01,4.523322e-03
6600,ln_final.bias,1.393580e+00,1.916819e-02,1.375464e-02
6800,tok_emb_E.weight,8.589900e+01,7.176363e-01,8.354420e-03
6800,unembedder.weight,2.207334e+02,3.888278e+00,1.761526e-02
6800,layers.0.qk_lut.weights,9.467701e+01,3.544930e+00,3.744236e-02
6800,layers.0.qk_lut.log_soft_score_temp,9.452567e-01,1.614869e-03,1.708392e-03
6800,layers.0.qk_lut.log_select_temp,9.538795e-01,1.781881e-03,1.868036e-03
6800,layers.0.v_lut.weights,7.313658e+01,2.857650e+00,3.907278e-02
6800,layers.0.v_lut.log_soft_score_temp,8.290268e-01,1.577199e-03,1.902470e-03
6800,layers.0.v_lut.log_select_temp,1.295743e+00,4.000545e-03,3.087452e-03
6800,layers.0.out_proj.weights,1.069896e+02,4.193842e+00,3.919860e-02
6800,layers.0.out_proj.log_soft_score_temp,7.685252e-04,4.667387e-03,6.073174e+00
6800,layers.0.out_proj.log_select_temp,8.380936e-01,2.719343e-03,3.244677e-03
6800,layers.0.residual_lut.weights,1.408535e+02,5.093475e+00,3.616150e-02
6800,layers.0.residual_lut.log_soft_score_temp,5.483610e-01,6.710887e-04,1.223808e-03
6800,layers.0.residual_lut.log_select_temp,1.302954e+00,6.134033e-03,4.707790e-03
6800,layers.0.q_norm.weight,9.199177e+00,8.972620e-03,9.753720e-04
6800,layers.0.q_norm.bias,7.453662e-01,4.915739e-03,6.595066e-03
6800,layers.0.k_norm.weight,9.162879e+00,8.763593e-03,9.564235e-04
6800,layers.0.k_norm.bias,9.511368e-01,7.178809e-03,7.547609e-03
6800,layers.1.qk_lut.weights,9.419776e+01,3.614884e+00,3.837548e-02
6800,layers.1.qk_lut.log_soft_score_temp,4.424705e-01,5.907416e-04,1.335098e-03
6800,layers.1.qk_lut.log_select_temp,8.381302e-01,3.264844e-03,3.895390e-03
6800,layers.1.v_lut.weights,7.192150e+01,2.837061e+00,3.944664e-02
6800,layers.1.v_lut.log_soft_score_temp,2.992829e-01,3.202289e-03,1.069987e-02
6800,layers.1.v_lut.log_select_temp,1.008169e+00,1.735568e-03,1.721506e-03
6800,layers.1.out_proj.weights,1.059654e+02,4.214912e+00,3.977632e-02
6800,layers.1.out_proj.log_soft_score_temp,1.068088e-01,7.463314e-03,6.987543e-02
6800,layers.1.out_proj.log_select_temp,7.230076e-01,6.766915e-04,9.359397e-04
6800,layers.1.residual_lut.weights,1.328629e+02,5.115057e+00,3.849875e-02
6800,layers.1.residual_lut.log_soft_score_temp,3.524218e-01,1.319379e-03,3.743748e-03
6800,layers.1.residual_lut.log_select_temp,1.168269e+00,4.507184e-03,3.858002e-03
6800,layers.1.q_norm.weight,8.703184e+00,5.151631e-03,5.919248e-04
6800,layers.1.q_norm.bias,4.770915e-01,3.851915e-03,8.073745e-03
6800,layers.1.k_norm.weight,8.677388e+00,4.956007e-03,5.711404e-04
6800,layers.1.k_norm.bias,9.108106e-01,4.997793e-03,5.487193e-03
6800,layers.2.qk_lut.weights,9.371700e+01,3.688502e+00,3.935787e-02
6800,layers.2.qk_lut.log_soft_score_temp,2.702439e-01,3.711522e-03,1.373397e-02
6800,layers.2.qk_lut.log_select_temp,9.896150e-01,2.966642e-03,2.997774e-03
6800,layers.2.v_lut.weights,7.241624e+01,2.758501e+00,3.809229e-02
6800,layers.2.v_lut.log_soft_score_temp,3.203072e-01,4.457623e-03,1.391671e-02
6800,layers.2.v_lut.log_select_temp,1.218073e+00,2.335429e-03,1.917314e-03
6800,layers.2.out_proj.weights,1.160783e+02,4.270350e+00,3.678854e-02
6800,layers.2.out_proj.log_soft_score_temp,6.161054e-02,6.729420e-03,1.092251e-01
6800,layers.2.out_proj.log_select_temp,9.597207e-01,1.901031e-03,1.980816e-03
6800,layers.2.residual_lut.weights,1.325649e+02,5.134889e+00,3.873491e-02
6800,layers.2.residual_lut.log_soft_score_temp,2.592444e-01,2.642542e-03,1.019325e-02
6800,layers.2.residual_lut.log_select_temp,1.179735e+00,4.284739e-03,3.631951e-03
6800,layers.2.q_norm.weight,9.153417e+00,1.102092e-02,1.204023e-03
6800,layers.2.q_norm.bias,4.979605e-01,5.109350e-03,1.026055e-02
6800,layers.2.k_norm.weight,9.124595e+00,1.103464e-02,1.209329e-03
6800,layers.2.k_norm.bias,7.449548e-01,5.883256e-03,7.897467e-03
6800,layers.3.qk_lut.weights,9.457279e+01,3.666116e+00,3.876502e-02
6800,layers.3.qk_lut.log_soft_score_temp,3.578648e-01,1.968026e-03,5.499357e-03
6800,layers.3.qk_lut.log_select_temp,9.363673e-01,2.607703e-03,2.784915e-03
6800,layers.3.v_lut.weights,7.328228e+01,2.749032e+00,3.751291e-02
6800,layers.3.v_lut.log_soft_score_temp,5.683009e-01,3.995061e-03,7.029834e-03
6800,layers.3.v_lut.log_select_temp,1.121997e+00,1.647234e-03,1.468128e-03
6800,layers.3.out_proj.weights,1.154928e+02,4.284121e+00,3.709426e-02
6800,layers.3.out_proj.log_soft_score_temp,2.326968e-01,4.842952e-03,2.081228e-02
6800,layers.3.out_proj.log_select_temp,9.177643e-01,2.153218e-03,2.346156e-03
6800,layers.3.residual_lut.weights,1.311376e+02,5.158326e+00,3.933523e-02
6800,layers.3.residual_lut.log_soft_score_temp,2.699481e-01,1.769304e-03,6.554240e-03
6800,layers.3.residual_lut.log_select_temp,1.148458e+00,5.019903e-03,4.370993e-03
6800,layers.3.q_norm.weight,8.748600e+00,5.635873e-03,6.442029e-04
6800,layers.3.q_norm.bias,3.792246e-01,3.540027e-03,9.334908e-03
6800,layers.3.k_norm.weight,8.717328e+00,5.654240e-03,6.486208e-04
6800,layers.3.k_norm.bias,7.040130e-01,5.186650e-03,7.367264e-03
6800,layers.4.qk_lut.weights,9.450931e+01,3.654605e+00,3.866926e-02
6800,layers.4.qk_lut.log_soft_score_temp,5.595058e-01,1.566589e-03,2.799951e-03
6800,layers.4.qk_lut.log_select_temp,8.795672e-01,1.853466e-03,2.107248e-03
6800,layers.4.v_lut.weights,7.304283e+01,2.718833e+00,3.722245e-02
6800,layers.4.v_lut.log_soft_score_temp,8.399683e-01,3.390014e-03,4.035883e-03
6800,layers.4.v_lut.log_select_temp,1.090922e+00,9.552240e-04,8.756114e-04
6800,layers.4.out_proj.weights,1.167607e+02,4.358849e+00,3.733147e-02
6800,layers.4.out_proj.log_soft_score_temp,3.753080e-01,1.438886e-03,3.833880e-03
6800,layers.4.out_proj.log_select_temp,7.760381e-01,3.809750e-03,4.909231e-03
6800,layers.4.residual_lut.weights,1.315183e+02,5.201093e+00,3.954652e-02
6800,layers.4.residual_lut.log_soft_score_temp,3.413992e-01,1.279116e-03,3.746686e-03
6800,layers.4.residual_lut.log_select_temp,1.093925e+00,5.788803e-03,5.291771e-03
6800,layers.4.q_norm.weight,8.553874e+00,5.521956e-03,6.455503e-04
6800,layers.4.q_norm.bias,3.959328e-01,3.265324e-03,8.247166e-03
6800,layers.4.k_norm.weight,8.532351e+00,5.230514e-03,6.130215e-04
6800,layers.4.k_norm.bias,5.248346e-01,4.638565e-03,8.838145e-03
6800,layers.5.qk_lut.weights,9.466628e+01,3.722515e+00,3.932250e-02
6800,layers.5.qk_lut.log_soft_score_temp,5.470896e-01,1.335859e-03,2.441756e-03
6800,layers.5.qk_lut.log_select_temp,7.950514e-01,1.079321e-03,1.357549e-03
6800,layers.5.v_lut.weights,7.472973e+01,2.851774e+00,3.816116e-02
6800,layers.5.v_lut.log_soft_score_temp,8.540373e-01,1.810730e-03,2.120199e-03
6800,layers.5.v_lut.log_select_temp,1.014464e+00,2.980232e-04,2.937742e-04
6800,layers.5.out_proj.weights,1.249600e+02,4.412292e+00,3.530963e-02
6800,layers.5.out_proj.log_soft_score_temp,5.794307e-01,1.983047e-03,3.422405e-03
6800,layers.5.out_proj.log_select_temp,9.485476e-01,3.020585e-03,3.184431e-03
6800,layers.5.residual_lut.weights,1.337654e+02,5.237115e+00,3.915150e-02
6800,layers.5.residual_lut.log_soft_score_temp,3.701962e-01,1.437873e-03,3.884083e-03
6800,layers.5.residual_lut.log_select_temp,1.069865e+00,5.440354e-03,5.085086e-03
6800,layers.5.q_norm.weight,8.442611e+00,4.460338e-03,5.283126e-04
6800,layers.5.q_norm.bias,3.045320e-01,4.369627e-03,1.434866e-02
6800,layers.5.k_norm.weight,8.425922e+00,4.592788e-03,5.450784e-04
6800,layers.5.k_norm.bias,5.696904e-01,4.104743e-03,7.205217e-03
6800,ln_final.weight,3.608451e+01,1.436901e-01,3.982044e-03
6800,ln_final.bias,1.398603e+00,1.844888e-02,1.319094e-02
7000,tok_emb_E.weight,8.590379e+01,6.377503e-01,7.424007e-03
7000,unembedder.weight,2.208745e+02,3.350259e+00,1.516816e-02
7000,layers.0.qk_lut.weights,9.475296e+01,3.170488e+00,3.346057e-02
7000,layers.0.qk_lut.log_soft_score_temp,9.470074e-01,1.750708e-03,1.848674e-03
7000,layers.0.qk_lut.log_select_temp,9.557869e-01,1.907408e-03,1.995642e-03
7000,layers.0.v_lut.weights,7.318864e+01,2.544191e+00,3.476211e-02
7000,layers.0.v_lut.log_soft_score_temp,8.304738e-01,1.446962e-03,1.742334e-03
7000,layers.0.v_lut.log_select_temp,1.299481e+00,3.738165e-03,2.876659e-03
7000,layers.0.out_proj.weights,1.070418e+02,3.722131e+00,3.477271e-02
7000,layers.0.out_proj.log_soft_score_temp,2.751396e-03,3.519921e-03,1.279322e+00
7000,layers.0.out_proj.log_select_temp,8.411708e-01,3.077269e-03,3.658316e-03
7000,layers.0.residual_lut.weights,1.410281e+02,4.528108e+00,3.210785e-02
7000,layers.0.residual_lut.log_soft_score_temp,5.482855e-01,7.551908e-05,1.377368e-04
7000,layers.0.residual_lut.log_select_temp,1.308260e+00,5.306482e-03,4.056136e-03
7000,layers.0.q_norm.weight,9.205619e+00,7.934663e-03,8.619369e-04
7000,layers.0.q_norm.bias,7.494090e-01,5.108396e-03,6.816565e-03
7000,layers.0.k_norm.weight,9.168910e+00,7.488722e-03,8.167516e-04
7000,layers.0.k_norm.bias,9.565380e-01,6.519759e-03,6.815996e-03
7000,layers.1.qk_lut.weights,9.427734e+01,3.221392e+00,3.416932e-02
7000,layers.1.qk_lut.log_soft_score_temp,4.425483e-01,7.775426e-05,1.756967e-04
7000,layers.1.qk_lut.log_select_temp,8.403919e-01,2.261639e-03,2.691171e-03
7000,layers.1.v_lut.weights,7.195827e+01,2.516514e+00,3.497185e-02
7000,layers.1.v_lut.log_soft_score_temp,2.960261e-01,3.256768e-03,1.100162e-02
7000,layers.1.v_lut.log_select_temp,1.009423e+00,1.254082e-03,1.242375e-03
7000,layers.1.out_proj.weights,1.059978e+02,3.738515e+00,3.526975e-02
7000,layers.1.out_proj.log_soft_score_temp,1.132483e-01,6.439507e-03,5.686182e-02
7000,layers.1.out_proj.log_select_temp,7.231831e-01,1.754761e-04,2.426440e-04
7000,layers.1.residual_lut.weights,1.329466e+02,4.546227e+00,3.419589e-02
7000,layers.1.residual_lut.log_soft_score_temp,3.512008e-01,1.221061e-03,3.476817e-03
7000,layers.1.residual_lut.log_select_temp,1.172502e+00,4.232526e-03,3.609825e-03
7000,layers.1.q_norm.weight,8.705809e+00,4.420718e-03,5.077895e-04
7000,layers.1.q_norm.bias,4.781889e-01,3.287706e-03,6.875329e-03
7000,layers.1.k_norm.weight,8.679944e+00,4.147429e-03,4.778175e-04
7000,layers.1.k_norm.bias,9.127999e-01,3.941457e-03,4.317986e-03
7000,layers.2.qk_lut.weights,9.378197e+01,3.268415e+00,3.485121e-02
7000,layers.2.qk_lut.log_soft_score_temp,2.673481e-01,2.895772e-03,1.083147e-02
7000,layers.2.qk_lut.log_select_temp,9.919875e-01,2.372444e-03,2.391607e-03
7000,layers.2.v_lut.weights,7.246209e+01,2.448535e+00,3.379056e-02
7000,layers.2.v_lut.log_soft_score_temp,3.169697e-01,3.337562e-03,1.052959e-02
7000,layers.2.v_lut.log_select_temp,1.220868e+00,2.794385e-03,2.288851e-03
7000,layers.2.out_proj.weights,1.162373e+02,3.789145e+00,3.259837e-02
7000,layers.2.out_proj.log_soft_score_temp,5.611885e-02,5.491685e-03,9.785811e-02
7000,layers.2.out_proj.log_select_temp,9.619877e-01,2.267003e-03,2.356582e-03
7000,layers.2.residual_lut.weights,1.326407e+02,4.559534e+00,3.437508e-02
7000,layers.2.residual_lut.log_soft_score_temp,2.567695e-01,2.474904e-03,9.638620e-03
7000,layers.2.residual_lut.log_select_temp,1.183591e+00,3.856301e-03,3.258136e-03
7000,layers.2.q_norm.weight,9.161113e+00,1.001624e-02,1.093343e-03
7000,layers.2.q_norm.bias,4.991822e-01,4.267474e-03,8.548931e-03
7000,layers.2.k_norm.weight,9.132198e+00,9.818439e-03,1.075145e-03
7000,layers.2.k_norm.bias,7.469441e-01,5.437227e-03,7.279296e-03
7000,layers.3.qk_lut.weights,9.464780e+01,3.261127e+00,3.445539e-02
7000,layers.3.qk_lut.log_soft_score_temp,3.569393e-01,9.254813e-04,2.592826e-03
7000,layers.3.qk_lut.log_select_temp,9.390867e-01,2.719343e-03,2.895731e-03
7000,layers.3.v_lut.weights,7.333658e+01,2.459330e+00,3.353483e-02
7000,layers.3.v_lut.log_soft_score_temp,5.639669e-01,4.334033e-03,7.684906e-03
7000,layers.3.v_lut.log_select_temp,1.122586e+00,5.898476e-04,5.254362e-04
7000,layers.3.out_proj.weights,1.156165e+02,3.798987e+00,3.285851e-02
7000,layers.3.out_proj.log_soft_score_temp,2.282157e-01,4.481122e-03,1.963547e-02
7000,layers.3.out_proj.log_select_temp,9.193990e-01,1.634717e-03,1.778028e-03
7000,layers.3.residual_lut.weights,1.312212e+02,4.581728e+00,3.491606e-02
7000,layers.3.residual_lut.log_soft_score_temp,2.684866e-01,1.461446e-03,5.443274e-03
7000,layers.3.residual_lut.log_select_temp,1.153356e+00,4.897475e-03,4.246283e-03
7000,layers.3.q_norm.weight,8.752388e+00,5.337461e-03,6.098292e-04
7000,layers.3.q_norm.bias,3.800037e-01,3.786605e-03,9.964653e-03
7000,layers.3.k_norm.weight,8.721070e+00,5.163008e-03,5.920154e-04
7000,layers.3.k_norm.bias,7.053957e-01,4.414615e-03,6.258352e-03
7000,layers.4.qk_lut.weights,9.458135e+01,3.268624e+00,3.455886e-02
7000,layers.4.qk_lut.log_soft_score_temp,5.587306e-01,7.751584e-04,1.387356e-03
7000,layers.4.qk_lut.log_select_temp,8.821344e-01,2.567232e-03,2.910250e-03
7000,layers.4.v_lut.weights,7.310854e+01,2.425070e+00,3.317081e-02
7000,layers.4.v_lut.log_soft_score_temp,8.367614e-01,3.206909e-03,3.832525e-03
7000,layers.4.v_lut.log_select_temp,1.091304e+00,3.813505e-04,3.494449e-04
7000,layers.4.out_proj.weights,1.169183e+02,3.857770e+00,3.299544e-02
7000,layers.4.out_proj.log_soft_score_temp,3.742675e-01,1.040548e-03,2.780226e-03
7000,layers.4.out_proj.log_select_temp,7.793339e-01,3.295839e-03,4.229046e-03
7000,layers.4.residual_lut.weights,1.316274e+02,4.626952e+00,3.515189e-02
7000,layers.4.residual_lut.log_soft_score_temp,3.406822e-01,7.169843e-04,2.104554e-03
7000,layers.4.residual_lut.log_select_temp,1.098901e+00,4.975200e-03,4.527433e-03
7000,layers.4.q_norm.weight,8.556882e+00,5.696817e-03,6.657586e-04
7000,layers.4.q_norm.bias,3.972687e-01,3.339581e-03,8.406353e-03
7000,layers.4.k_norm.weight,8.535295e+00,5.505457e-03,6.450225e-04
7000,layers.4.k_norm.bias,5.249112e-01,3.925601e-03,7.478600e-03
7000,layers.5.qk_lut.weights,9.474355e+01,3.320325e+00,3.504539e-02
7000,layers.5.qk_lut.log_soft_score_temp,5.461709e-01,9.186268e-04,1.681940e-03
7000,layers.5.qk_lut.log_select_temp,7.962421e-01,1.190662e-03,1.495352e-03
7000,layers.5.v_lut.weights,7.478725e+01,2.521546e+00,3.371626e-02
7000,layers.5.v_lut.log_soft_score_temp,8.527910e-01,1.246393e-03,1.461545e-03
7000,layers.5.v_lut.log_select_temp,1.015310e+00,8.460283e-04,8.332713e-04
7000,layers.5.out_proj.weights,1.251248e+02,3.907502e+00,3.122883e-02
7000,layers.5.out_proj.log_soft_score_temp,5.773275e-01,2.103150e-03,3.642906e-03
7000,layers.5.out_proj.log_select_temp,9.509066e-01,2.358973e-03,2.480762e-03
7000,layers.5.residual_lut.weights,1.338838e+02,4.651194e+00,3.474052e-02
7000,layers.5.residual_lut.log_soft_score_temp,3.690149e-01,1.181275e-03,3.201157e-03
7000,layers.5.residual_lut.log_select_temp,1.074573e+00,4.708409e-03,4.381655e-03
7000,layers.5.q_norm.weight,8.443154e+00,3.371118e-03,3.992723e-04
7000,layers.5.q_norm.bias,3.044492e-01,3.019962e-03,9.919428e-03
7000,layers.5.k_norm.weight,8.426400e+00,3.475609e-03,4.124667e-04
7000,layers.5.k_norm.bias,5.699158e-01,3.324302e-03,5.832970e-03
7000,ln_final.weight,3.621185e+01,1.276318e-01,3.524586e-03
7000,ln_final.bias,1.402772e+00,1.652400e-02,1.177953e-02
7200,tok_emb_E.weight,8.590726e+01,5.681257e-01,6.613244e-03
7200,unembedder.weight,2.209993e+02,3.010656e+00,1.362292e-02
7200,layers.0.qk_lut.weights,9.481264e+01,2.837008e+00,2.992225e-02
7200,layers.0.qk_lut.log_soft_score_temp,9.486991e-01,1.691699e-03,1.783178e-03
7200,layers.0.qk_lut.log_select_temp,9.575422e-01,1.755238e-03,1.833066e-03
7200,layers.0.v_lut.weights,7.322875e+01,2.271878e+00,3.102440e-02
7200,layers.0.v_lut.log_soft_score_temp,8.320226e-01,1.548827e-03,1.861520e-03
7200,layers.0.v_lut.log_select_temp,1.302801e+00,3.319860e-03,2.548247e-03
7200,layers.0.out_proj.weights,1.070733e+02,3.329559e+00,3.109608e-02
7200,layers.0.out_proj.log_soft_score_temp,6.458669e-03,3.707273e-03,5.739996e-01
7200,layers.0.out_proj.log_select_temp,8.430425e-01,1.871645e-03,2.220108e-03
7200,layers.0.residual_lut.weights,1.411883e+02,4.044456e+00,2.864583e-02
7200,layers.0.residual_lut.log_soft_score_temp,5.490850e-01,7.995367e-04,1.456126e-03
7200,layers.0.residual_lut.log_select_temp,1.313285e+00,5.025029e-03,3.826304e-03
7200,layers.0.q_norm.weight,9.210768e+00,6.122510e-03,6.647122e-04
7200,layers.0.q_norm.bias,7.521102e-01,4.001632e-03,5.320539e-03
7200,layers.0.k_norm.weight,9.173834e+00,5.849329e-03,6.376101e-04
7200,layers.0.k_norm.bias,9.595020e-01,4.264554e-03,4.444549e-03
7200,layers.1.qk_lut.weights,9.434161e+01,2.876985e+00,3.049540e-02
7200,layers.1.qk_lut.log_soft_score_temp,4.430747e-01,5.263984e-04,1.188058e-03
7200,layers.1.qk_lut.log_select_temp,8.427151e-01,2.323270e-03,2.756886e-03
7200,layers.1.v_lut.weights,7.198185e+01,2.250464e+00,3.126433e-02
7200,layers.1.v_lut.log_soft_score_temp,2.933241e-01,2.702028e-03,9.211748e-03
7200,layers.1.v_lut.log_select_temp,1.010593e+00,1.169920e-03,1.157657e-03
7200,layers.1.out_proj.weights,1.060254e+02,3.331492e+00,3.142164e-02
7200,layers.1.out_proj.log_soft_score_temp,1.188935e-01,5.645111e-03,4.748042e-02
7200,layers.1.out_proj.log_select_temp,7.234787e-01,2.955794e-04,4.085531e-04
7200,layers.1.residual_lut.weights,1.330127e+02,4.065791e+00,3.056694e-02
7200,layers.1.residual_lut.log_soft_score_temp,3.504050e-01,7.958114e-04,2.271119e-03
7200,layers.1.residual_lut.log_select_temp,1.176145e+00,3.643036e-03,3.097439e-03
7200,layers.1.q_norm.weight,8.708624e+00,4.229804e-03,4.857029e-04
7200,layers.1.q_norm.bias,4.797923e-01,3.716956e-03,7.747009e-03
7200,layers.1.k_norm.weight,8.682771e+00,4.139422e-03,4.767398e-04
7200,layers.1.k_norm.bias,9.140552e-01,3.269949e-03,3.577408e-03
7200,layers.2.qk_lut.weights,9.383635e+01,2.918107e+00,3.109783e-02
7200,layers.2.qk_lut.log_soft_score_temp,2.651744e-01,2.173662e-03,8.197104e-03
7200,layers.2.qk_lut.log_select_temp,9.946304e-01,2.642930e-03,2.657198e-03
7200,layers.2.v_lut.weights,7.249850e+01,2.183718e+00,3.012088e-02
7200,layers.2.v_lut.log_soft_score_temp,3.139328e-01,3.036827e-03,9.673492e-03
7200,layers.2.v_lut.log_select_temp,1.223187e+00,2.319574e-03,1.896336e-03
7200,layers.2.out_proj.weights,1.163841e+02,3.374844e+00,2.899747e-02
7200,layers.2.out_proj.log_soft_score_temp,5.140681e-02,4.712045e-03,9.166189e-02
7200,layers.2.out_proj.log_select_temp,9.646145e-01,2.626777e-03,2.723136e-03
7200,layers.2.residual_lut.weights,1.326950e+02,4.081688e+00,3.075993e-02
7200,layers.2.residual_lut.log_soft_score_temp,2.545919e-01,2.177596e-03,8.553280e-03
7200,layers.2.residual_lut.log_select_temp,1.186619e+00,3.028274e-03,2.552018e-03
7200,layers.2.q_norm.weight,9.168098e+00,8.956379e-03,9.769070e-04
7200,layers.2.q_norm.bias,5.000378e-01,3.401370e-03,6.802224e-03
7200,layers.2.k_norm.weight,9.139184e+00,9.049742e-03,9.902134e-04
7200,layers.2.k_norm.bias,7.483084e-01,4.296570e-03,5.741711e-03
7200,layers.3.qk_lut.weights,9.470718e+01,2.916148e+00,3.079121e-02
7200,layers.3.qk_lut.log_soft_score_temp,3.563837e-01,5.555749e-04,1.558923e-03
7200,layers.3.qk_lut.log_select_temp,9.415506e-01,2.463937e-03,2.616893e-03
7200,layers.3.v_lut.weights,7.337914e+01,2.189682e+00,2.984067e-02
7200,layers.3.v_lut.log_soft_score_temp,5.605829e-01,3.383994e-03,6.036563e-03
7200,layers.3.v_lut.log_select_temp,1.123588e+00,1.001835e-03,8.916388e-04
7200,layers.3.out_proj.weights,1.157178e+02,3.383656e+00,2.924058e-02
7200,layers.3.out_proj.log_soft_score_temp,2.241851e-01,4.030585e-03,1.797883e-02
7200,layers.3.out_proj.log_select_temp,9.205399e-01,1.140833e-03,1.239309e-03
7200,layers.3.residual_lut.weights,1.312801e+02,4.088335e+00,3.114207e-02
7200,layers.3.residual_lut.log_soft_score_temp,2.668748e-01,1.611829e-03,6.039644e-03
7200,layers.3.residual_lut.log_select_temp,1.157465e+00,4.108787e-03,3.549816e-03
7200,layers.3.q_norm.weight,8.755411e+00,5.201648e-03,5.941067e-04
7200,layers.3.q_norm.bias,3.807489e-01,3.093432e-03,8.124599e-03
7200,layers.3.k_norm.weight,8.724121e+00,5.307883e-03,6.084146e-04
7200,layers.3.k_norm.bias,7.057148e-01,2.894377e-03,4.101341e-03
7200,layers.4.qk_lut.weights,9.463831e+01,2.906828e+00,3.071513e-02
7200,layers.4.qk_lut.log_soft_score_temp,5.576915e-01,1.039088e-03,1.863195e-03
7200,layers.4.qk_lut.log_select_temp,8.838918e-01,1.757383e-03,1.988234e-03
7200,layers.4.v_lut.weights,7.315489e+01,2.151350e+00,2.940815e-02
7200,layers.4.v_lut.log_soft_score_temp,8.340850e-01,2.676368e-03,3.208747e-03
7200,layers.4.v_lut.log_select_temp,1.091706e+00,4.026890e-04,3.688620e-04
7200,layers.4.out_proj.weights,1.170473e+02,3.430429e+00,2.930806e-02
7200,layers.4.out_proj.log_soft_score_temp,3.728703e-01,1.397192e-03,3.747128e-03
7200,layers.4.out_proj.log_select_temp,7.821442e-01,2.810299e-03,3.593070e-03
7200,layers.4.residual_lut.weights,1.317080e+02,4.128680e+00,3.134723e-02
7200,layers.4.residual_lut.log_soft_score_temp,3.397364e-01,9.457767e-04,2.783854e-03
7200,layers.4.residual_lut.log_select_temp,1.103128e+00,4.227519e-03,3.832301e-03
7200,layers.4.q_norm.weight,8.560278e+00,5.356929e-03,6.257891e-04
7200,layers.4.q_norm.bias,3.984868e-01,2.953192e-03,7.411016e-03
7200,layers.4.k_norm.weight,8.538666e+00,5.167699e-03,6.052116e-04
7200,layers.4.k_norm.bias,5.264332e-01,3.807529e-03,7.232691e-03
7200,layers.5.qk_lut.weights,9.480537e+01,2.956544e+00,3.118540e-02
7200,layers.5.qk_lut.log_soft_score_temp,5.446718e-01,1.499176e-03,2.752439e-03
7200,layers.5.qk_lut.log_select_temp,7.968981e-01,6.560683e-04,8.232775e-04
7200,layers.5.v_lut.weights,7.483148e+01,2.245074e+00,3.000173e-02
7200,layers.5.v_lut.log_soft_score_temp,8.517228e-01,1.068115e-03,1.254064e-03
7200,layers.5.v_lut.log_select_temp,1.015928e+00,6.181002e-04,6.084096e-04
7200,layers.5.out_proj.weights,1.252732e+02,3.480952e+00,2.778688e-02
7200,layers.5.out_proj.log_soft_score_temp,5.752779e-01,2.049625e-03,3.562843e-03
7200,layers.5.out_proj.log_select_temp,9.531386e-01,2.232075e-03,2.341815e-03
7200,layers.5.residual_lut.weights,1.339816e+02,4.153094e+00,3.099750e-02
7200,layers.5.residual_lut.log_soft_score_temp,3.681356e-01,8.792877e-04,2.388489e-03
7200,layers.5.residual_lut.log_select_temp,1.078922e+00,4.348516e-03,4.030428e-03
7200,layers.5.q_norm.weight,8.445244e+00,3.659460e-03,4.333161e-04
7200,layers.5.q_norm.bias,3.057858e-01,3.634594e-03,1.188608e-02
7200,layers.5.k_norm.weight,8.428487e+00,3.554325e-03,4.217038e-04
7200,layers.5.k_norm.bias,5.713218e-01,3.557509e-03,6.226804e-03
7200,ln_final.weight,3.632639e+01,1.147677e-01,3.159348e-03
7200,ln_final.bias,1.407143e+00,1.515343e-02,1.076893e-02
7400,tok_emb_E.weight,8.591007e+01,5.120621e-01,5.960444e-03
7400,unembedder.weight,2.211063e+02,2.732877e+00,1.236001e-02
7400,layers.0.qk_lut.weights,9.486283e+01,2.562224e+00,2.700978e-02
7400,layers.0.qk_lut.log_soft_score_temp,9.499247e-01,1.225650e-03,1.290260e-03
7400,layers.0.qk_lut.log_select_temp,9.588354e-01,1.293242e-03,1.348763e-03
7400,layers.0.v_lut.weights,7.326159e+01,2.060719e+00,2.812823e-02
7400,layers.0.v_lut.log_soft_score_temp,8.336518e-01,1.629174e-03,1.954262e-03
7400,layers.0.v_lut.log_select_temp,1.305791e+00,2.989650e-03,2.289532e-03
7400,layers.0.out_proj.weights,1.071005e+02,2.999396e+00,2.800543e-02
7400,layers.0.out_proj.log_soft_score_temp,9.182481e-03,2.723812e-03,2.966314e-01
7400,layers.0.out_proj.log_select_temp,8.454326e-01,2.390146e-03,2.827128e-03
7400,layers.0.residual_lut.weights,1.413125e+02,3.648611e+00,2.581946e-02
7400,layers.0.residual_lut.log_soft_score_temp,5.492030e-01,1.180172e-04,2.148881e-04
7400,layers.0.residual_lut.log_select_temp,1.317416e+00,4.130840e-03,3.135562e-03
7400,layers.0.q_norm.weight,9.216337e+00,6.313968e-03,6.850843e-04
7400,layers.0.q_norm.bias,7.543800e-01,3.822982e-03,5.067714e-03
7400,layers.0.k_norm.weight,9.179152e+00,6.074242e-03,6.617433e-04
7400,layers.0.k_norm.bias,9.635645e-01,5.203119e-03,5.399866e-03
7400,layers.1.qk_lut.weights,9.439313e+01,2.581007e+00,2.734316e-02
7400,layers.1.qk_lut.log_soft_score_temp,4.433471e-01,2.723932e-04,6.144018e-04
7400,layers.1.qk_lut.log_select_temp,8.445502e-01,1.835048e-03,2.172811e-03
7400,layers.1.v_lut.weights,7.200414e+01,2.020459e+00,2.806032e-02
7400,layers.1.v_lut.log_soft_score_temp,2.912504e-01,2.073646e-03,7.119802e-03
7400,layers.1.v_lut.log_select_temp,1.012120e+00,1.526952e-03,1.508667e-03
7400,layers.1.out_proj.weights,1.060504e+02,3.005100e+00,2.833652e-02
7400,layers.1.out_proj.log_soft_score_temp,1.238773e-01,4.983835e-03,4.023203e-02
7400,layers.1.out_proj.log_select_temp,7.244300e-01,9.513497e-04,1.313239e-03
7400,layers.1.residual_lut.weights,1.330625e+02,3.656760e+00,2.748152e-02
7400,layers.1.residual_lut.log_soft_score_temp,3.494619e-01,9.431243e-04,2.698790e-03
7400,layers.1.residual_lut.log_select_temp,1.179234e+00,3.089547e-03,2.619961e-03
7400,layers.1.q_norm.weight,8.711177e+00,3.800127e-03,4.362357e-04
7400,layers.1.q_norm.bias,4.807602e-01,2.442945e-03,5.081421e-03
7400,layers.1.k_norm.weight,8.685213e+00,3.887949e-03,4.476515e-04
7400,layers.1.k_norm.bias,9.157921e-01,3.799891e-03,4.149295e-03
7400,layers.2.qk_lut.weights,9.387555e+01,2.625530e+00,2.796820e-02
7400,layers.2.qk_lut.log_soft_score_temp,2.625110e-01,2.663374e-03,1.014576e-02
7400,layers.2.qk_lut.log_select_temp,9.965924e-01,1.962006e-03,1.968715e-03
7400,layers.2.v_lut.weights,7.252721e+01,1.975635e+00,2.723992e-02
7400,layers.2.v_lut.log_soft_score_temp,3.108021e-01,3.130764e-03,1.007318e-02
7400,layers.2.v_lut.log_select_temp,1.224880e+00,1.692057e-03,1.381407e-03
7400,layers.2.out_proj.weights,1.164871e+02,3.045479e+00,2.614434e-02
7400,layers.2.out_proj.log_soft_score_temp,4.644312e-02,4.963689e-03,1.068767e-01
7400,layers.2.out_proj.log_select_temp,9.657360e-01,1.121461e-03,1.161251e-03
7400,layers.2.residual_lut.weights,1.327411e+02,3.667301e+00,2.762748e-02
7400,layers.2.residual_lut.log_soft_score_temp,2.530760e-01,1.515955e-03,5.990117e-03
7400,layers.2.residual_lut.log_select_temp,1.190311e+00,3.691196e-03,3.101036e-03
7400,layers.2.q_norm.weight,9.174109e+00,7.560021e-03,8.240606e-04
7400,layers.2.q_norm.bias,5.020320e-01,4.041259e-03,8.049804e-03
7400,layers.2.k_norm.weight,9.145171e+00,7.468524e-03,8.166631e-04
7400,layers.2.k_norm.bias,7.497512e-01,4.321655e-03,5.764120e-03
7400,layers.3.qk_lut.weights,9.475471e+01,2.625604e+00,2.770949e-02
7400,layers.3.qk_lut.log_soft_score_temp,3.551606e-01,1.223087e-03,3.443758e-03
7400,layers.3.qk_lut.log_select_temp,9.435029e-01,1.952291e-03,2.069194e-03
7400,layers.3.v_lut.weights,7.341494e+01,1.984393e+00,2.702983e-02
7400,layers.3.v_lut.log_soft_score_temp,5.575821e-01,3.000736e-03,5.381694e-03
7400,layers.3.v_lut.log_select_temp,1.124813e+00,1.225233e-03,1.089277e-03
7400,layers.3.out_proj.weights,1.158167e+02,3.052691e+00,2.635796e-02
7400,layers.3.out_proj.log_soft_score_temp,2.209922e-01,3.192902e-03,1.444803e-02
7400,layers.3.out_proj.log_select_temp,9.224353e-01,1.895487e-03,2.054873e-03
7400,layers.3.residual_lut.weights,1.313305e+02,3.676668e+00,2.799553e-02
7400,layers.3.residual_lut.log_soft_score_temp,2.655905e-01,1.284271e-03,4.835532e-03
7400,layers.3.residual_lut.log_select_temp,1.161319e+00,3.854036e-03,3.318673e-03
7400,layers.3.q_norm.weight,8.758181e+00,4.225520e-03,4.824655e-04
7400,layers.3.q_norm.bias,3.819767e-01,2.687139e-03,7.034825e-03
7400,layers.3.k_norm.weight,8.726757e+00,4.148519e-03,4.753792e-04
7400,layers.3.k_norm.bias,7.068827e-01,4.470231e-03,6.323865e-03
7400,layers.4.qk_lut.weights,9.468588e+01,2.620121e+00,2.767172e-02
7400,layers.4.qk_lut.log_soft_score_temp,5.561917e-01,1.499772e-03,2.696502e-03
7400,layers.4.qk_lut.log_select_temp,8.848661e-01,9.742379e-04,1.101000e-03
7400,layers.4.v_lut.weights,7.319683e+01,1.947493e+00,2.660624e-02
7400,layers.4.v_lut.log_soft_score_temp,8.313017e-01,2.783358e-03,3.348193e-03
7400,layers.4.v_lut.log_select_temp,1.091890e+00,1.838207e-04,1.683509e-04
7400,layers.4.out_proj.weights,1.171612e+02,3.093499e+00,2.640378e-02
7400,layers.4.out_proj.log_soft_score_temp,3.714835e-01,1.386762e-03,3.733037e-03
7400,layers.4.out_proj.log_select_temp,7.846295e-01,2.485216e-03,3.167375e-03
7400,layers.4.residual_lut.weights,1.317751e+02,3.714105e+00,2.818518e-02
7400,layers.4.residual_lut.log_soft_score_temp,3.390926e-01,6.438196e-04,1.898654e-03
7400,layers.4.residual_lut.log_select_temp,1.106929e+00,3.800511e-03,3.433384e-03
7400,layers.4.q_norm.weight,8.562445e+00,3.911833e-03,4.568594e-04
7400,layers.4.q_norm.bias,4.000271e-01,2.937129e-03,7.342325e-03
7400,layers.4.k_norm.weight,8.540775e+00,3.587147e-03,4.200025e-04
7400,layers.4.k_norm.bias,5.274361e-01,2.995618e-03,5.679584e-03
7400,layers.5.qk_lut.weights,9.485165e+01,2.683606e+00,2.829267e-02
7400,layers.5.qk_lut.log_soft_score_temp,5.438364e-01,8.353591e-04,1.536048e-03
7400,layers.5.qk_lut.log_select_temp,7.978712e-01,9.730458e-04,1.219553e-03
7400,layers.5.v_lut.weights,7.487147e+01,2.040373e+00,2.725168e-02
7400,layers.5.v_lut.log_soft_score_temp,8.506615e-01,1.061380e-03,1.247711e-03
7400,layers.5.v_lut.log_select_temp,1.016434e+00,5.062819e-04,4.980962e-04
7400,layers.5.out_proj.weights,1.253885e+02,3.125087e+00,2.492324e-02
7400,layers.5.out_proj.log_soft_score_temp,5.731454e-01,2.132475e-03,3.720653e-03
7400,layers.5.out_proj.log_select_temp,9.549183e-01,1.779616e-03,1.863632e-03
7400,layers.5.residual_lut.weights,1.340610e+02,3.733608e+00,2.785007e-02
7400,layers.5.residual_lut.log_soft_score_temp,3.672998e-01,8.357763e-04,2.275461e-03
7400,layers.5.residual_lut.log_select_temp,1.082581e+00,3.658891e-03,3.379786e-03
7400,layers.5.q_norm.weight,8.446231e+00,3.530599e-03,4.180088e-04
7400,layers.5.q_norm.bias,3.056521e-01,2.655475e-03,8.687902e-03
7400,layers.5.k_norm.weight,8.429577e+00,3.845315e-03,4.561694e-04
7400,layers.5.k_norm.bias,5.721217e-01,3.930908e-03,6.870754e-03
7400,ln_final.weight,3.642976e+01,1.035729e-01,2.843085e-03
7400,ln_final.bias,1.410732e+00,1.318337e-02,9.345059e-03
7600,tok_emb_E.weight,8.591275e+01,4.698056e-01,5.468403e-03
7600,unembedder.weight,2.211977e+02,2.466086e+00,1.114878e-02
7600,layers.0.qk_lut.weights,9.490476e+01,2.355129e+00,2.481571e-02
7600,layers.0.qk_lut.log_soft_score_temp,9.507313e-01,8.066297e-04,8.484307e-04
7600,layers.0.qk_lut.log_select_temp,9.597480e-01,9.125471e-04,9.508195e-04
7600,layers.0.v_lut.weights,7.328807e+01,1.889242e+00,2.577830e-02
7600,layers.0.v_lut.log_soft_score_temp,8.350837e-01,1.431942e-03,1.714729e-03
7600,layers.0.v_lut.log_select_temp,1.308406e+00,2.615094e-03,1.998687e-03
7600,layers.0.out_proj.weights,1.071150e+02,2.755663e+00,2.572621e-02
7600,layers.0.out_proj.log_soft_score_temp,1.234260e-02,3.160123e-03,2.560337e-01
7600,layers.0.out_proj.log_select_temp,8.471128e-01,1.680136e-03,1.983367e-03
7600,layers.0.residual_lut.weights,1.414241e+02,3.357040e+00,2.373741e-02
7600,layers.0.residual_lut.log_soft_score_temp,5.492991e-01,9.608269e-05,1.749187e-04
7600,layers.0.residual_lut.log_select_temp,1.321322e+00,3.906012e-03,2.956138e-03
7600,layers.0.q_norm.weight,9.220757e+00,5.461292e-03,5.922823e-04
7600,layers.0.q_norm.bias,7.561969e-01,3.186037e-03,4.213238e-03
7600,layers.0.k_norm.weight,9.183276e+00,5.306085e-03,5.777987e-04
7600,layers.0.k_norm.bias,9.663010e-01,3.743238e-03,3.873780e-03
7600,layers.1.qk_lut.weights,9.443710e+01,2.379006e+00,2.519143e-02
7600,layers.1.qk_lut.log_soft_score_temp,4.434397e-01,9.262562e-05,2.088799e-04
7600,layers.1.qk_lut.log_select_temp,8.461276e-01,1.577377e-03,1.864231e-03
7600,layers.1.v_lut.weights,7.201980e+01,1.853368e+00,2.573415e-02
7600,layers.1.v_lut.log_soft_score_temp,2.889805e-01,2.269924e-03,7.854937e-03
7600,layers.1.v_lut.log_select_temp,1.012986e+00,8.659363e-04,8.548357e-04
7600,layers.1.out_proj.weights,1.060585e+02,2.751959e+00,2.594755e-02
7600,layers.1.out_proj.log_soft_score_temp,1.286068e-01,4.729487e-03,3.677479e-02
7600,layers.1.out_proj.log_select_temp,7.245207e-01,9.071827e-05,1.252114e-04
7600,layers.1.residual_lut.weights,1.331025e+02,3.357921e+00,2.522809e-02
7600,layers.1.residual_lut.log_soft_score_temp,3.486165e-01,8.453727e-04,2.424936e-03
7600,layers.1.residual_lut.log_select_temp,1.182148e+00,2.913713e-03,2.464762e-03
7600,layers.1.q_norm.weight,8.713418e+00,3.706873e-03,4.254213e-04
7600,layers.1.q_norm.bias,4.819343e-01,2.876841e-03,5.969364e-03
7600,layers.1.k_norm.weight,8.687207e+00,3.796442e-03,4.370153e-04
7600,layers.1.k_norm.bias,9.173386e-01,2.932842e-03,3.197120e-03
7600,layers.2.qk_lut.weights,9.391088e+01,2.408131e+00,2.564273e-02
7600,layers.2.qk_lut.log_soft_score_temp,2.600631e-01,2.447963e-03,9.412958e-03
7600,layers.2.qk_lut.log_select_temp,9.986708e-01,2.078414e-03,2.081180e-03
7600,layers.2.v_lut.weights,7.255074e+01,1.796704e+00,2.476479e-02
7600,layers.2.v_lut.log_soft_score_temp,3.077641e-01,3.038019e-03,9.871260e-03
7600,layers.2.v_lut.log_select_temp,1.226493e+00,1.613736e-03,1.315732e-03
7600,layers.2.out_proj.weights,1.166010e+02,2.788397e+00,2.391399e-02
7600,layers.2.out_proj.log_soft_score_temp,4.253282e-02,3.910299e-03,9.193605e-02
7600,layers.2.out_proj.log_select_temp,9.680211e-01,2.285123e-03,2.360613e-03
7600,layers.2.residual_lut.weights,1.327789e+02,3.373755e+00,2.540881e-02
7600,layers.2.residual_lut.log_soft_score_temp,2.514724e-01,1.603574e-03,6.376737e-03
7600,layers.2.residual_lut.log_select_temp,1.193267e+00,2.956152e-03,2.477361e-03
7600,layers.2.q_norm.weight,9.179857e+00,8.172538e-03,8.902685e-04
7600,layers.2.q_norm.bias,5.027322e-01,2.651334e-03,5.273849e-03
7600,layers.2.k_norm.weight,9.150902e+00,8.069172e-03,8.817898e-04
7600,layers.2.k_norm.bias,7.502379e-01,3.826873e-03,5.100879e-03
7600,layers.3.qk_lut.weights,9.479794e+01,2.413603e+00,2.546050e-02
7600,layers.3.qk_lut.log_soft_score_temp,3.547588e-01,4.017949e-04,1.132586e-03
7600,layers.3.qk_lut.log_select_temp,9.457153e-01,2.212405e-03,2.339399e-03
7600,layers.3.v_lut.weights,7.344290e+01,1.797768e+00,2.447844e-02
7600,layers.3.v_lut.log_soft_score_temp,5.543044e-01,3.277779e-03,5.913319e-03
7600,layers.3.v_lut.log_select_temp,1.125545e+00,7.312298e-04,6.496675e-04
7600,layers.3.out_proj.weights,1.158955e+02,2.796334e+00,2.412806e-02
7600,layers.3.out_proj.log_soft_score_temp,2.179604e-01,3.031775e-03,1.390975e-02
7600,layers.3.out_proj.log_select_temp,9.236294e-01,1.194060e-03,1.292791e-03
7600,layers.3.residual_lut.weights,1.313683e+02,3.383915e+00,2.575900e-02
7600,layers.3.residual_lut.log_soft_score_temp,2.642033e-01,1.387209e-03,5.250535e-03
7600,layers.3.residual_lut.log_select_temp,1.164800e+00,3.481150e-03,2.988625e-03
7600,layers.3.q_norm.weight,8.760606e+00,4.097399e-03,4.677073e-04
7600,layers.3.q_norm.bias,3.827189e-01,2.588621e-03,6.763766e-03
7600,layers.3.k_norm.weight,8.729196e+00,4.162925e-03,4.768967e-04
7600,layers.3.k_norm.bias,7.069893e-01,2.894452e-03,4.094053e-03
7600,layers.4.qk_lut.weights,9.472202e+01,2.406198e+00,2.540273e-02
7600,layers.4.qk_lut.log_soft_score_temp,5.553355e-01,8.562803e-04,1.541915e-03
7600,layers.4.qk_lut.log_select_temp,8.862990e-01,1.432896e-03,1.616718e-03
7600,layers.4.v_lut.weights,7.322783e+01,1.779326e+00,2.429850e-02
7600,layers.4.v_lut.log_soft_score_temp,8.288906e-01,2.411067e-03,2.908788e-03
7600,layers.4.v_lut.log_select_temp,1.092279e+00,3.888607e-04,3.560086e-04
7600,layers.4.out_proj.weights,1.172654e+02,2.843906e+00,2.425187e-02
7600,layers.4.out_proj.log_soft_score_temp,3.706201e-01,8.634031e-04,2.329618e-03
7600,layers.4.out_proj.log_select_temp,7.872231e-01,2.593637e-03,3.294665e-03
7600,layers.4.residual_lut.weights,1.318320e+02,3.408916e+00,2.585804e-02
7600,layers.4.residual_lut.log_soft_score_temp,3.383477e-01,7.448792e-04,2.201520e-03
7600,layers.4.residual_lut.log_select_temp,1.110410e+00,3.481388e-03,3.135227e-03
7600,layers.4.q_norm.weight,8.563532e+00,3.725354e-03,4.350254e-04
7600,layers.4.q_norm.bias,3.993455e-01,2.378338e-03,5.955589e-03
7600,layers.4.k_norm.weight,8.541957e+00,3.897431e-03,4.562691e-04
7600,layers.4.k_norm.bias,5.270039e-01,3.832896e-03,7.272995e-03
7600,layers.5.qk_lut.weights,9.488839e+01,2.423977e+00,2.554556e-02
7600,layers.5.qk_lut.log_soft_score_temp,5.429289e-01,9.074807e-04,1.671454e-03
7600,layers.5.qk_lut.log_select_temp,7.984305e-01,5.593300e-04,7.005368e-04
7600,layers.5.v_lut.weights,7.490390e+01,1.862675e+00,2.486753e-02
7600,layers.5.v_lut.log_soft_score_temp,8.493875e-01,1.273930e-03,1.499822e-03
7600,layers.5.v_lut.log_select_temp,1.016644e+00,2.105236e-04,2.070769e-04
7600,layers.5.out_proj.weights,1.255009e+02,2.882933e+00,2.297141e-02
7600,layers.5.out_proj.log_soft_score_temp,5.714570e-01,1.688480e-03,2.954694e-03
7600,layers.5.out_proj.log_select_temp,9.566964e-01,1.778126e-03,1.858610e-03
7600,layers.5.residual_lut.weights,1.341372e+02,3.435543e+00,2.561215e-02
7600,layers.5.residual_lut.log_soft_score_temp,3.666895e-01,6.102920e-04,1.664329e-03
7600,layers.5.residual_lut.log_select_temp,1.086045e+00,3.464460e-03,3.189978e-03
7600,layers.5.q_norm.weight,8.446898e+00,2.626276e-03,3.109161e-04
7600,layers.5.q_norm.bias,3.063592e-01,2.129867e-03,6.952189e-03
7600,layers.5.k_norm.weight,8.430285e+00,2.413938e-03,2.863412e-04
7600,layers.5.k_norm.bias,5.727567e-01,2.747792e-03,4.797485e-03
7600,ln_final.weight,3.652488e+01,9.530393e-02,2.609288e-03
7600,ln_final.bias,1.414422e+00,1.207289e-02,8.535567e-03
7800,tok_emb_E.weight,8.591516e+01,4.420523e-01,5.145218e-03
7800,unembedder.weight,2.212744e+02,2.326565e+00,1.051439e-02
7800,layers.0.qk_lut.weights,9.494228e+01,2.211447e+00,2.329254e-02
7800,layers.0.qk_lut.log_soft_score_temp,9.514719e-01,7.405877e-04,7.783600e-04
7800,layers.0.qk_lut.log_select_temp,9.605047e-01,7.566810e-04,7.877952e-04
7800,layers.0.v_lut.weights,7.331297e+01,1.769544e+00,2.413685e-02
7800,layers.0.v_lut.log_soft_score_temp,8.367984e-01,1.714706e-03,2.049127e-03
7800,layers.0.v_lut.log_select_temp,1.311149e+00,2.742767e-03,2.091881e-03
7800,layers.0.out_proj.weights,1.071358e+02,2.583976e+00,2.411869e-02
7800,layers.0.out_proj.log_soft_score_temp,1.400022e-02,1.657617e-03,1.183994e-01
7800,layers.0.out_proj.log_select_temp,8.495026e-01,2.389789e-03,2.813162e-03
7800,layers.0.residual_lut.weights,1.415341e+02,3.151971e+00,2.227005e-02
7800,layers.0.residual_lut.log_soft_score_temp,5.502021e-01,9.030104e-04,1.641234e-03
7800,layers.0.residual_lut.log_select_temp,1.325518e+00,4.195690e-03,3.165321e-03
7800,layers.0.q_norm.weight,9.225587e+00,5.779620e-03,6.264772e-04
7800,layers.0.q_norm.bias,7.583821e-01,3.157789e-03,4.163849e-03
7800,layers.0.k_norm.weight,9.187943e+00,5.403818e-03,5.881422e-04
7800,layers.0.k_norm.bias,9.697005e-01,4.603220e-03,4.747054e-03
7800,layers.1.qk_lut.weights,9.447432e+01,2.245133e+00,2.376448e-02
7800,layers.1.qk_lut.log_soft_score_temp,4.432138e-01,2.259016e-04,5.096899e-04
7800,layers.1.qk_lut.log_select_temp,8.473175e-01,1.189888e-03,1.404300e-03
7800,layers.1.v_lut.weights,7.202942e+01,1.743194e+00,2.420115e-02
7800,layers.1.v_lut.log_soft_score_temp,2.868351e-01,2.145439e-03,7.479697e-03
7800,layers.1.v_lut.log_select_temp,1.013891e+00,9.052753e-04,8.928726e-04
7800,layers.1.out_proj.weights,1.060622e+02,2.582315e+00,2.434717e-02
7800,layers.1.out_proj.log_soft_score_temp,1.331273e-01,4.520535e-03,3.395648e-02
7800,layers.1.out_proj.log_select_temp,7.243743e-01,1.464486e-04,2.021726e-04
7800,layers.1.residual_lut.weights,1.331375e+02,3.149329e+00,2.365471e-02
7800,layers.1.residual_lut.log_soft_score_temp,3.476805e-01,9.360015e-04,2.692131e-03
7800,layers.1.residual_lut.log_select_temp,1.184761e+00,2.612710e-03,2.205264e-03
7800,layers.1.q_norm.weight,8.715289e+00,3.023722e-03,3.469445e-04
7800,layers.1.q_norm.bias,4.831586e-01,2.573436e-03,5.326275e-03
7800,layers.1.k_norm.weight,8.689057e+00,3.061739e-03,3.523672e-04
7800,layers.1.k_norm.bias,9.186232e-01,3.203083e-03,3.486830e-03
7800,layers.2.qk_lut.weights,9.394177e+01,2.271763e+00,2.418267e-02
7800,layers.2.qk_lut.log_soft_score_temp,2.584166e-01,1.646519e-03,6.371568e-03
7800,layers.2.qk_lut.log_select_temp,1.000635e+00,1.963735e-03,1.962489e-03
7800,layers.2.v_lut.weights,7.257010e+01,1.688378e+00,2.326547e-02
7800,layers.2.v_lut.log_soft_score_temp,3.054368e-01,2.327293e-03,7.619558e-03
7800,layers.2.v_lut.log_select_temp,1.228371e+00,1.877666e-03,1.528582e-03
7800,layers.2.out_proj.weights,1.166912e+02,2.613184e+00,2.239401e-02
7800,layers.2.out_proj.log_soft_score_temp,3.852572e-02,4.007097e-03,1.040110e-01
7800,layers.2.out_proj.log_select_temp,9.695183e-01,1.497209e-03,1.544281e-03
7800,layers.2.residual_lut.weights,1.328091e+02,3.162409e+00,2.381169e-02
7800,layers.2.residual_lut.log_soft_score_temp,2.495683e-01,1.904130e-03,7.629695e-03
7800,layers.2.residual_lut.log_select_temp,1.195809e+00,2.542138e-03,2.125873e-03
7800,layers.2.q_norm.weight,9.186391e+00,7.848044e-03,8.543120e-04
7800,layers.2.q_norm.bias,5.041538e-01,3.146424e-03,6.240999e-03
7800,layers.2.k_norm.weight,9.157354e+00,7.729739e-03,8.441018e-04
7800,layers.2.k_norm.bias,7.517246e-01,3.888412e-03,5.172655e-03
7800,layers.3.qk_lut.weights,9.483723e+01,2.272269e+00,2.395967e-02
7800,layers.3.qk_lut.log_soft_score_temp,3.540250e-01,7.337928e-04,2.072714e-03
7800,layers.3.qk_lut.log_select_temp,9.475220e-01,1.806736e-03,1.906801e-03
7800,layers.3.v_lut.weights,7.346674e+01,1.700159e+00,2.314189e-02
7800,layers.3.v_lut.log_soft_score_temp,5.514122e-01,2.892137e-03,5.244963e-03
7800,layers.3.v_lut.log_select_temp,1.126142e+00,5.975962e-04,5.306578e-04
7800,layers.3.out_proj.weights,1.159654e+02,2.620450e+00,2.259683e-02
7800,layers.3.out_proj.log_soft_score_temp,2.150863e-01,2.874091e-03,1.336250e-02
7800,layers.3.out_proj.log_select_temp,9.249768e-01,1.347423e-03,1.456710e-03
7800,layers.3.residual_lut.weights,1.313982e+02,3.170577e+00,2.412953e-02
7800,layers.3.residual_lut.log_soft_score_temp,2.626408e-01,1.562476e-03,5.949098e-03
7800,layers.3.residual_lut.log_select_temp,1.167678e+00,2.878547e-03,2.465188e-03
7800,layers.3.q_norm.weight,8.763099e+00,3.910495e-03,4.462456e-04
7800,layers.3.q_norm.bias,3.831337e-01,2.558180e-03,6.676990e-03
7800,layers.3.k_norm.weight,8.731582e+00,3.638283e-03,4.166808e-04
7800,layers.3.k_norm.bias,7.080537e-01,2.651160e-03,3.744292e-03
7800,layers.4.qk_lut.weights,9.475843e+01,2.263579e+00,2.388789e-02
7800,layers.4.qk_lut.log_soft_score_temp,5.546388e-01,6.966591e-04,1.256059e-03
7800,layers.4.qk_lut.log_select_temp,8.874486e-01,1.149654e-03,1.295460e-03
7800,layers.4.v_lut.weights,7.325826e+01,1.672673e+00,2.283255e-02
7800,layers.4.v_lut.log_soft_score_temp,8.268289e-01,2.061725e-03,2.493532e-03
7800,layers.4.v_lut.log_select_temp,1.092740e+00,4.608631e-04,4.217500e-04
7800,layers.4.out_proj.weights,1.173607e+02,2.659559e+00,2.266142e-02
7800,layers.4.out_proj.log_soft_score_temp,3.699187e-01,7.013679e-04,1.896005e-03
7800,layers.4.out_proj.log_select_temp,7.897952e-01,2.572060e-03,3.256616e-03
7800,layers.4.residual_lut.weights,1.318819e+02,3.203942e+00,2.429402e-02
7800,layers.4.residual_lut.log_soft_score_temp,3.377938e-01,5.539656e-04,1.639952e-03
7800,layers.4.residual_lut.log_select_temp,1.114065e+00,3.654599e-03,3.280419e-03
7800,layers.4.q_norm.weight,8.566754e+00,4.349622e-03,5.077328e-04
7800,layers.4.q_norm.bias,4.009358e-01,2.853408e-03,7.116869e-03
7800,layers.4.k_norm.weight,8.545070e+00,4.177655e-03,4.888966e-04
7800,layers.4.k_norm.bias,5.282405e-01,2.824545e-03,5.347081e-03
7800,layers.5.qk_lut.weights,9.492825e+01,2.286807e+00,2.408984e-02
7800,layers.5.qk_lut.log_soft_score_temp,5.427085e-01,2.204776e-04,4.062542e-04
7800,layers.5.qk_lut.log_select_temp,7.995679e-01,1.137435e-03,1.422563e-03
7800,layers.5.v_lut.weights,7.493205e+01,1.747212e+00,2.331729e-02
7800,layers.5.v_lut.log_soft_score_temp,8.485826e-01,8.049011e-04,9.485242e-04
7800,layers.5.v_lut.log_select_temp,1.017162e+00,5.174875e-04,5.087563e-04
7800,layers.5.out_proj.weights,1.256029e+02,2.698177e+00,2.148180e-02
7800,layers.5.out_proj.log_soft_score_temp,5.699068e-01,1.550138e-03,2.719985e-03
7800,layers.5.out_proj.log_select_temp,9.582457e-01,1.549304e-03,1.616812e-03
7800,layers.5.residual_lut.weights,1.341961e+02,3.227546e+00,2.405097e-02
7800,layers.5.residual_lut.log_soft_score_temp,3.658569e-01,8.326471e-04,2.275882e-03
7800,layers.5.residual_lut.log_select_temp,1.089154e+00,3.108740e-03,2.854271e-03
7800,layers.5.q_norm.weight,8.448813e+00,3.129306e-03,3.703841e-04
7800,layers.5.q_norm.bias,3.070450e-01,2.452645e-03,7.987901e-03
7800,layers.5.k_norm.weight,8.432111e+00,3.552104e-03,4.212591e-04
7800,layers.5.k_norm.bias,5.736812e-01,3.187791e-03,5.556728e-03
7800,ln_final.weight,3.661441e+01,8.970490e-02,2.449989e-03
7800,ln_final.bias,1.417818e+00,1.213827e-02,8.561232e-03
8000,tok_emb_E.weight,8.591742e+01,4.272630e-01,4.972949e-03
8000,unembedder.weight,2.213544e+02,2.250966e+00,1.016906e-02
8000,layers.0.qk_lut.weights,9.497829e+01,2.146276e+00,2.259754e-02
8000,layers.0.qk_lut.log_soft_score_temp,9.524931e-01,1.021147e-03,1.072078e-03
8000,layers.0.qk_lut.log_select_temp,9.616081e-01,1.103461e-03,1.147516e-03
8000,layers.0.v_lut.weights,7.333646e+01,1.715471e+00,2.339179e-02
8000,layers.0.v_lut.log_soft_score_temp,8.386430e-01,1.844585e-03,2.199488e-03
8000,layers.0.v_lut.log_select_temp,1.313962e+00,2.813697e-03,2.141383e-03
8000,layers.0.out_proj.weights,1.071499e+02,2.501368e+00,2.334458e-02
8000,layers.0.out_proj.log_soft_score_temp,1.581355e-02,1.813329e-03,1.146693e-01
8000,layers.0.out_proj.log_select_temp,8.514247e-01,1.922131e-03,2.257546e-03
8000,layers.0.residual_lut.weights,1.416386e+02,3.052550e+00,2.155168e-02
8000,layers.0.residual_lut.log_soft_score_temp,5.510756e-01,8.735061e-04,1.585093e-03
8000,layers.0.residual_lut.log_select_temp,1.329495e+00,3.977418e-03,2.991675e-03
8000,layers.0.q_norm.weight,9.230620e+00,5.700110e-03,6.175219e-04
8000,layers.0.q_norm.bias,7.607796e-01,3.361698e-03,4.418754e-03
8000,layers.0.k_norm.weight,9.192749e+00,5.555550e-03,6.043405e-04
8000,layers.0.k_norm.bias,9.732874e-01,4.752860e-03,4.883306e-03
8000,layers.1.qk_lut.weights,9.451385e+01,2.157843e+00,2.283097e-02
8000,layers.1.qk_lut.log_soft_score_temp,4.438504e-01,6.366372e-04,1.434351e-03
8000,layers.1.qk_lut.log_select_temp,8.492684e-01,1.950979e-03,2.297247e-03
8000,layers.1.v_lut.weights,7.203831e+01,1.688157e+00,2.343415e-02
8000,layers.1.v_lut.log_soft_score_temp,2.851859e-01,1.649201e-03,5.782898e-03
8000,layers.1.v_lut.log_select_temp,1.015005e+00,1.113892e-03,1.097425e-03
8000,layers.1.out_proj.weights,1.060651e+02,2.496401e+00,2.353650e-02
8000,layers.1.out_proj.log_soft_score_temp,1.376072e-01,4.479855e-03,3.255539e-02
8000,layers.1.out_proj.log_select_temp,7.243061e-01,6.818771e-05,9.414212e-05
8000,layers.1.residual_lut.weights,1.331709e+02,3.048575e+00,2.289221e-02
8000,layers.1.residual_lut.log_soft_score_temp,3.471730e-01,5.075037e-04,1.461818e-03
8000,layers.1.residual_lut.log_select_temp,1.187461e+00,2.700090e-03,2.273836e-03
8000,layers.1.q_norm.weight,8.717730e+00,3.588064e-03,4.115824e-04
8000,layers.1.q_norm.bias,4.839745e-01,2.105088e-03,4.349585e-03
8000,layers.1.k_norm.weight,8.691425e+00,3.614756e-03,4.158991e-04
8000,layers.1.k_norm.bias,9.199491e-01,3.069971e-03,3.337110e-03
8000,layers.2.qk_lut.weights,9.397076e+01,2.190054e+00,2.330570e-02
8000,layers.2.qk_lut.log_soft_score_temp,2.563239e-01,2.092659e-03,8.164121e-03
8000,layers.2.qk_lut.log_select_temp,1.001827e+00,1.191974e-03,1.189800e-03
8000,layers.2.v_lut.weights,7.258917e+01,1.629919e+00,2.245402e-02
8000,layers.2.v_lut.log_soft_score_temp,3.028979e-01,2.538860e-03,8.381900e-03
8000,layers.2.v_lut.log_select_temp,1.230064e+00,1.693249e-03,1.376553e-03
8000,layers.2.out_proj.weights,1.167808e+02,2.530063e+00,2.166506e-02
8000,layers.2.out_proj.log_soft_score_temp,3.477502e-02,3.750704e-03,1.078563e-01
8000,layers.2.out_proj.log_select_temp,9.710808e-01,1.562536e-03,1.609069e-03
8000,layers.2.residual_lut.weights,1.328408e+02,3.065851e+00,2.307914e-02
8000,layers.2.residual_lut.log_soft_score_temp,2.481269e-01,1.441404e-03,5.809142e-03
8000,layers.2.residual_lut.log_select_temp,1.198730e+00,2.920985e-03,2.436733e-03
8000,layers.2.q_norm.weight,9.191452e+00,6.320172e-03,6.876140e-04
8000,layers.2.q_norm.bias,5.054077e-01,3.044168e-03,6.023194e-03
8000,layers.2.k_norm.weight,9.162394e+00,6.447990e-03,7.037452e-04
8000,layers.2.k_norm.bias,7.533053e-01,3.836049e-03,5.092290e-03
8000,layers.3.qk_lut.weights,9.487185e+01,2.198113e+00,2.316929e-02
8000,layers.3.qk_lut.log_soft_score_temp,3.528484e-01,1.176655e-03,3.334733e-03
8000,layers.3.qk_lut.log_select_temp,9.488156e-01,1.293540e-03,1.363321e-03
8000,layers.3.v_lut.weights,7.348856e+01,1.632834e+00,2.221889e-02
8000,layers.3.v_lut.log_soft_score_temp,5.485142e-01,2.897978e-03,5.283323e-03
8000,layers.3.v_lut.log_select_temp,1.126925e+00,7.830858e-04,6.948870e-04
8000,layers.3.out_proj.weights,1.160414e+02,2.540137e+00,2.188993e-02
8000,layers.3.out_proj.log_soft_score_temp,2.123037e-01,2.782658e-03,1.310697e-02
8000,layers.3.out_proj.log_select_temp,9.261083e-01,1.131475e-03,1.221752e-03
8000,layers.3.residual_lut.weights,1.314294e+02,3.079830e+00,2.343335e-02
8000,layers.3.residual_lut.log_soft_score_temp,2.617722e-01,8.686781e-04,3.318451e-03
8000,layers.3.residual_lut.log_select_temp,1.170766e+00,3.087997e-03,2.637586e-03
8000,layers.3.q_norm.weight,8.765335e+00,3.755690e-03,4.284708e-04
8000,layers.3.q_norm.bias,3.834694e-01,2.249480e-03,5.866128e-03
8000,layers.3.k_norm.weight,8.733750e+00,3.774711e-03,4.321982e-04
8000,layers.3.k_norm.bias,7.093419e-01,3.257149e-03,4.591790e-03
8000,layers.4.qk_lut.weights,9.478936e+01,2.186897e+00,2.307112e-02
8000,layers.4.qk_lut.log_soft_score_temp,5.535745e-01,1.064301e-03,1.922597e-03
8000,layers.4.qk_lut.log_select_temp,8.884178e-01,9.691715e-04,1.090896e-03
8000,layers.4.v_lut.weights,7.328570e+01,1.619136e+00,2.209348e-02
8000,layers.4.v_lut.log_soft_score_temp,8.247390e-01,2.089918e-03,2.534035e-03
8000,layers.4.v_lut.log_select_temp,1.092965e+00,2.250671e-04,2.059235e-04
8000,layers.4.out_proj.weights,1.174428e+02,2.575454e+00,2.192943e-02
8000,layers.4.out_proj.log_soft_score_temp,3.688653e-01,1.053423e-03,2.855846e-03
8000,layers.4.out_proj.log_select_temp,7.918126e-01,2.017438e-03,2.547874e-03
8000,layers.4.residual_lut.weights,1.319244e+02,3.106507e+00,2.354763e-02
8000,layers.4.residual_lut.log_soft_score_temp,3.367404e-01,1.053363e-03,3.128116e-03
8000,layers.4.residual_lut.log_select_temp,1.117097e+00,3.032804e-03,2.714896e-03
8000,layers.4.q_norm.weight,8.568846e+00,3.103031e-03,3.621294e-04
8000,layers.4.q_norm.bias,4.021179e-01,2.426787e-03,6.035014e-03
8000,layers.4.k_norm.weight,8.547110e+00,3.145977e-03,3.680749e-04
8000,layers.4.k_norm.bias,5.297786e-01,2.952593e-03,5.573259e-03
8000,layers.5.qk_lut.weights,9.496072e+01,2.212775e+00,2.330200e-02
8000,layers.5.qk_lut.log_soft_score_temp,5.422165e-01,4.919767e-04,9.073438e-04
8000,layers.5.qk_lut.log_select_temp,8.004056e-01,8.376241e-04,1.046500e-03
8000,layers.5.v_lut.weights,7.495822e+01,1.691884e+00,2.257102e-02
8000,layers.5.v_lut.log_soft_score_temp,8.476333e-01,9.493232e-04,1.119969e-03
8000,layers.5.v_lut.log_select_temp,1.017466e+00,3.038645e-04,2.986483e-04
8000,layers.5.out_proj.weights,1.256931e+02,2.616490e+00,2.081650e-02
8000,layers.5.out_proj.log_soft_score_temp,5.681450e-01,1.761794e-03,3.100958e-03
8000,layers.5.out_proj.log_select_temp,9.596543e-01,1.408637e-03,1.467858e-03
8000,layers.5.residual_lut.weights,1.342462e+02,3.125603e+00,2.328262e-02
8000,layers.5.residual_lut.log_soft_score_temp,3.644599e-01,1.396984e-03,3.833025e-03
8000,layers.5.residual_lut.log_select_temp,1.091952e+00,2.798557e-03,2.562893e-03
8000,layers.5.q_norm.weight,8.450672e+00,2.957381e-03,3.499580e-04
8000,layers.5.q_norm.bias,3.073850e-01,2.560452e-03,8.329787e-03
8000,layers.5.k_norm.weight,8.433853e+00,2.968315e-03,3.519524e-04
8000,layers.5.k_norm.bias,5.747048e-01,3.785860e-03,6.587486e-03
8000,ln_final.weight,3.670105e+01,8.679852e-02,2.365015e-03
8000,ln_final.bias,1.421337e+00,1.174394e-02,8.262604e-03
