step,param_name,weight_norm,delta_norm,rel_delta
200,tok_emb_E.weight,2.045707e+02,6.280949e+00,3.070307e-02
200,layers.0.q_lut.compress.weight,6.932896e+00,3.998057e-01,5.766791e-02
200,layers.0.q_lut.compress.bias,3.610421e-01,1.707263e-02,4.728708e-02
200,layers.0.q_lut.lut_batched.weights,3.436480e+00,3.398196e+00,9.888594e-01
200,layers.0.q_lut.lut_batched.log_soft_score_temp,6.989306e-01,5.783439e-03,8.274696e-03
200,layers.0.q_lut.lut_batched.log_select_temp,6.979469e-01,4.799724e-03,6.876918e-03
200,layers.0.k_lut.compress.weight,6.918056e+00,1.971315e-01,2.849521e-02
200,layers.0.k_lut.compress.bias,3.401019e-01,8.943452e-03,2.629639e-02
200,layers.0.k_lut.lut_batched.weights,3.286915e+00,3.251991e+00,9.893750e-01
200,layers.0.k_lut.lut_batched.log_soft_score_temp,6.997526e-01,6.605446e-03,9.439688e-03
200,layers.0.k_lut.lut_batched.log_select_temp,6.996974e-01,6.550193e-03,9.361465e-03
200,layers.0.v_lut.compress.weight,7.104156e+00,1.118679e+00,1.574683e-01
200,layers.0.v_lut.compress.bias,3.635882e-01,4.561848e-02,1.254674e-01
200,layers.0.v_lut.lut_batched.weights,6.167257e+00,6.131773e+00,9.942464e-01
200,layers.0.v_lut.lut_batched.log_soft_score_temp,7.046584e-01,1.151121e-02,1.633587e-02
200,layers.0.v_lut.lut_batched.log_select_temp,7.045978e-01,1.145065e-02,1.625132e-02
200,layers.0.out_proj.compress.weight,1.165497e+01,1.864150e+00,1.599446e-01
200,layers.0.out_proj.compress.bias,6.410412e-01,8.853888e-02,1.381173e-01
200,layers.0.out_proj.lut_batched.weights,3.658183e+00,3.583483e+00,9.795800e-01
200,layers.0.out_proj.lut_batched.log_soft_score_temp,7.066975e-01,1.355034e-02,1.917417e-02
200,layers.0.out_proj.lut_batched.log_select_temp,7.067571e-01,1.360995e-02,1.925689e-02
200,layers.0.out_proj.decompress.weight,1.146673e+01,1.254433e+00,1.093977e-01
200,layers.0.out_proj.decompress.bias,5.880573e-01,2.736326e-02,4.653163e-02
200,layers.0.q_norm.weight,8.074896e+00,7.704882e-02,9.541772e-03
200,layers.0.q_norm.bias,2.638207e-02,2.638207e-02,1.000000e+00
200,layers.0.k_norm.weight,8.073614e+00,7.565493e-02,9.370640e-03
200,layers.0.k_norm.bias,2.314462e-02,2.314462e-02,1.000000e+00
200,layers.0.ln_pre.weight,1.967669e+01,9.264773e-02,4.708503e-03
200,layers.0.ln_pre.bias,5.522428e-02,5.522428e-02,1.000000e+00
200,layers.1.q_lut.compress.weight,6.922895e+00,3.728145e-01,5.385240e-02
200,layers.1.q_lut.compress.bias,3.364454e-01,1.375996e-02,4.089805e-02
200,layers.1.q_lut.lut_batched.weights,4.655099e+00,4.638236e+00,9.963773e-01
200,layers.1.q_lut.lut_batched.log_soft_score_temp,7.039065e-01,1.075929e-02,1.528512e-02
200,layers.1.q_lut.lut_batched.log_select_temp,7.037990e-01,1.065183e-02,1.513476e-02
200,layers.1.k_lut.compress.weight,6.932909e+00,3.213409e-01,4.635009e-02
200,layers.1.k_lut.compress.bias,3.301784e-01,1.799125e-02,5.448947e-02
200,layers.1.k_lut.lut_batched.weights,4.865522e+00,4.854612e+00,9.977576e-01
200,layers.1.k_lut.lut_batched.log_soft_score_temp,7.012872e-01,8.140028e-03,1.160727e-02
200,layers.1.k_lut.lut_batched.log_select_temp,7.011753e-01,8.028150e-03,1.144956e-02
200,layers.1.v_lut.compress.weight,6.958296e+00,7.818518e-01,1.123625e-01
200,layers.1.v_lut.compress.bias,3.622844e-01,3.426316e-02,9.457532e-02
200,layers.1.v_lut.lut_batched.weights,6.250956e+00,6.217679e+00,9.946765e-01
200,layers.1.v_lut.lut_batched.log_soft_score_temp,7.038963e-01,1.074916e-02,1.527094e-02
200,layers.1.v_lut.lut_batched.log_select_temp,7.036776e-01,1.053041e-02,1.496483e-02
200,layers.1.out_proj.compress.weight,1.146577e+01,1.305074e+00,1.138235e-01
200,layers.1.out_proj.compress.bias,5.824141e-01,4.502311e-02,7.730429e-02
200,layers.1.out_proj.lut_batched.weights,3.190720e+00,3.107446e+00,9.739012e-01
200,layers.1.out_proj.lut_batched.log_soft_score_temp,7.025741e-01,9.426892e-03,1.341765e-02
200,layers.1.out_proj.lut_batched.log_select_temp,7.023404e-01,9.193182e-03,1.308935e-02
200,layers.1.out_proj.decompress.weight,1.138379e+01,1.050310e+00,9.226369e-02
200,layers.1.out_proj.decompress.bias,5.816090e-01,2.731796e-02,4.696963e-02
200,layers.1.q_norm.weight,8.064405e+00,6.753080e-02,8.373935e-03
200,layers.1.q_norm.bias,3.366033e-02,3.366033e-02,1.000000e+00
200,layers.1.k_norm.weight,8.062939e+00,6.602988e-02,8.189307e-03
200,layers.1.k_norm.bias,3.130774e-02,3.130774e-02,1.000000e+00
200,layers.1.ln_pre.weight,1.963048e+01,5.890917e-02,3.000903e-03
200,layers.1.ln_pre.bias,5.189363e-02,5.189363e-02,1.000000e+00
200,layers.2.q_lut.compress.weight,6.942663e+00,3.948346e-01,5.687078e-02
200,layers.2.q_lut.compress.bias,3.636066e-01,1.861823e-02,5.120434e-02
200,layers.2.q_lut.lut_batched.weights,5.627236e+00,5.621457e+00,9.989730e-01
200,layers.2.q_lut.lut_batched.log_soft_score_temp,7.025967e-01,9.449482e-03,1.344937e-02
200,layers.2.q_lut.lut_batched.log_select_temp,7.023744e-01,9.227216e-03,1.313718e-02
200,layers.2.k_lut.compress.weight,6.915108e+00,2.952791e-01,4.270058e-02
200,layers.2.k_lut.compress.bias,3.718898e-01,1.572336e-02,4.227962e-02
200,layers.2.k_lut.lut_batched.weights,5.479529e+00,5.473433e+00,9.988873e-01
200,layers.2.k_lut.lut_batched.log_soft_score_temp,7.007518e-01,7.604599e-03,1.085206e-02
200,layers.2.k_lut.lut_batched.log_select_temp,7.009308e-01,7.783592e-03,1.110465e-02
200,layers.2.v_lut.compress.weight,6.987033e+00,7.003034e-01,1.002290e-01
200,layers.2.v_lut.compress.bias,3.549438e-01,3.483098e-02,9.813097e-02
200,layers.2.v_lut.lut_batched.weights,7.686809e+00,7.661278e+00,9.966786e-01
200,layers.2.v_lut.lut_batched.log_soft_score_temp,7.020839e-01,8.936703e-03,1.272883e-02
200,layers.2.v_lut.lut_batched.log_select_temp,7.019711e-01,8.823872e-03,1.257014e-02
200,layers.2.out_proj.compress.weight,1.138925e+01,9.445803e-01,8.293614e-02
200,layers.2.out_proj.compress.bias,5.875822e-01,2.735231e-02,4.655062e-02
200,layers.2.out_proj.lut_batched.weights,2.956742e+00,2.867497e+00,9.698163e-01
200,layers.2.out_proj.lut_batched.log_soft_score_temp,6.985491e-01,5.401909e-03,7.733042e-03
200,layers.2.out_proj.lut_batched.log_select_temp,6.982776e-01,5.130410e-03,7.347236e-03
200,layers.2.out_proj.decompress.weight,1.136032e+01,8.904960e-01,7.838649e-02
200,layers.2.out_proj.decompress.bias,5.938159e-01,2.708574e-02,4.561304e-02
200,layers.2.q_norm.weight,8.042391e+00,4.413837e-02,5.488215e-03
200,layers.2.q_norm.bias,2.133211e-02,2.133211e-02,1.000000e+00
200,layers.2.k_norm.weight,8.041456e+00,4.321292e-02,5.373769e-03
200,layers.2.k_norm.bias,2.645236e-02,2.645236e-02,1.000000e+00
200,layers.2.ln_pre.weight,1.961997e+01,4.855717e-02,2.474885e-03
200,layers.2.ln_pre.bias,4.105512e-02,4.105512e-02,1.000000e+00
200,layers.3.q_lut.compress.weight,6.936999e+00,3.341547e-01,4.816992e-02
200,layers.3.q_lut.compress.bias,3.400293e-01,1.348083e-02,3.964608e-02
200,layers.3.q_lut.lut_batched.weights,6.521055e+00,6.530995e+00,1.001524e+00
200,layers.3.q_lut.lut_batched.log_soft_score_temp,6.985768e-01,5.429626e-03,7.772410e-03
200,layers.3.q_lut.lut_batched.log_select_temp,6.984380e-01,5.290806e-03,7.575198e-03
200,layers.3.k_lut.compress.weight,6.911985e+00,3.013416e-01,4.359696e-02
200,layers.3.k_lut.compress.bias,3.650920e-01,1.401220e-02,3.837993e-02
200,layers.3.k_lut.lut_batched.weights,6.425883e+00,6.428745e+00,1.000445e+00
200,layers.3.k_lut.lut_batched.log_soft_score_temp,6.986686e-01,5.521417e-03,7.902769e-03
200,layers.3.k_lut.lut_batched.log_select_temp,6.988143e-01,5.667150e-03,8.109665e-03
200,layers.3.v_lut.compress.weight,6.964682e+00,6.825990e-01,9.800864e-02
200,layers.3.v_lut.compress.bias,3.574074e-01,3.577332e-02,1.000912e-01
200,layers.3.v_lut.lut_batched.weights,8.336967e+00,8.312375e+00,9.970503e-01
200,layers.3.v_lut.lut_batched.log_soft_score_temp,7.010500e-01,7.902861e-03,1.127289e-02
200,layers.3.v_lut.lut_batched.log_select_temp,7.007195e-01,7.572353e-03,1.080654e-02
200,layers.3.out_proj.compress.weight,1.135377e+01,7.580417e-01,6.676566e-02
200,layers.3.out_proj.compress.bias,5.833227e-01,2.093964e-02,3.589719e-02
200,layers.3.out_proj.lut_batched.weights,3.205205e+00,3.123289e+00,9.744427e-01
200,layers.3.out_proj.lut_batched.log_soft_score_temp,6.964174e-01,3.270209e-03,4.695760e-03
200,layers.3.out_proj.lut_batched.log_select_temp,6.964040e-01,3.256857e-03,4.676678e-03
200,layers.3.out_proj.decompress.weight,1.134250e+01,7.857973e-01,6.927900e-02
200,layers.3.out_proj.decompress.bias,5.688077e-01,2.692216e-02,4.733086e-02
200,layers.3.q_norm.weight,8.044422e+00,4.767086e-02,5.925953e-03
200,layers.3.q_norm.bias,2.896966e-02,2.896966e-02,1.000000e+00
200,layers.3.k_norm.weight,8.042160e+00,4.557318e-02,5.666784e-03
200,layers.3.k_norm.bias,4.160901e-02,4.160901e-02,1.000000e+00
200,layers.3.ln_pre.weight,1.961892e+01,4.742979e-02,2.417554e-03
200,layers.3.ln_pre.bias,4.877204e-02,4.877204e-02,1.000000e+00
200,layers.4.q_lut.compress.weight,6.911680e+00,3.685503e-01,5.332282e-02
200,layers.4.q_lut.compress.bias,3.500887e-01,1.641447e-02,4.688660e-02
200,layers.4.q_lut.lut_batched.weights,7.073395e+00,7.083156e+00,1.001380e+00
200,layers.4.q_lut.lut_batched.log_soft_score_temp,6.985045e-01,5.357325e-03,7.669707e-03
200,layers.4.q_lut.lut_batched.log_select_temp,6.984110e-01,5.263805e-03,7.536831e-03
200,layers.4.k_lut.compress.weight,6.938409e+00,3.135056e-01,4.518408e-02
200,layers.4.k_lut.compress.bias,3.592045e-01,1.559127e-02,4.340500e-02
200,layers.4.k_lut.lut_batched.weights,7.095418e+00,7.092237e+00,9.995516e-01
200,layers.4.k_lut.lut_batched.log_soft_score_temp,6.984910e-01,5.343795e-03,7.650485e-03
200,layers.4.k_lut.lut_batched.log_select_temp,6.982614e-01,5.114257e-03,7.324273e-03
200,layers.4.v_lut.compress.weight,6.952462e+00,6.561453e-01,9.437597e-02
200,layers.4.v_lut.compress.bias,3.614540e-01,3.508497e-02,9.706620e-02
200,layers.4.v_lut.lut_batched.weights,8.749299e+00,8.727455e+00,9.975034e-01
200,layers.4.v_lut.lut_batched.log_soft_score_temp,6.998337e-01,6.686509e-03,9.554425e-03
200,layers.4.v_lut.lut_batched.log_select_temp,6.996613e-01,6.514132e-03,9.310408e-03
200,layers.4.out_proj.compress.weight,1.133288e+01,7.398407e-01,6.528265e-02
200,layers.4.out_proj.compress.bias,5.823908e-01,2.102223e-02,3.609643e-02
200,layers.4.out_proj.lut_batched.weights,3.055085e+00,2.971183e+00,9.725371e-01
200,layers.4.out_proj.lut_batched.log_soft_score_temp,6.943234e-01,1.176178e-03,1.693992e-03
200,layers.4.out_proj.lut_batched.log_select_temp,6.945110e-01,1.363814e-03,1.963704e-03
200,layers.4.out_proj.decompress.weight,1.132054e+01,6.950886e-01,6.140064e-02
200,layers.4.out_proj.decompress.bias,5.911599e-01,2.683813e-02,4.539910e-02
200,layers.4.q_norm.weight,8.034196e+00,3.740482e-02,4.655702e-03
200,layers.4.q_norm.bias,2.047934e-02,2.047934e-02,1.000000e+00
200,layers.4.k_norm.weight,8.033955e+00,3.719195e-02,4.629346e-03
200,layers.4.k_norm.bias,2.613712e-02,2.613712e-02,1.000000e+00
200,layers.4.ln_pre.weight,1.961593e+01,4.771113e-02,2.432264e-03
200,layers.4.ln_pre.bias,4.711619e-02,4.711619e-02,1.000000e+00
200,layers.5.q_lut.compress.weight,6.932226e+00,3.326516e-01,4.798627e-02
200,layers.5.q_lut.compress.bias,3.746421e-01,1.383659e-02,3.693283e-02
200,layers.5.q_lut.lut_batched.weights,7.712645e+00,7.730136e+00,1.002268e+00
200,layers.5.q_lut.lut_batched.log_soft_score_temp,6.974353e-01,4.288077e-03,6.148352e-03
200,layers.5.q_lut.lut_batched.log_select_temp,6.970289e-01,3.881693e-03,5.568913e-03
200,layers.5.k_lut.compress.weight,6.896942e+00,2.815946e-01,4.082890e-02
200,layers.5.k_lut.compress.bias,3.668595e-01,1.345687e-02,3.668127e-02
200,layers.5.k_lut.lut_batched.weights,7.134742e+00,7.132187e+00,9.996420e-01
200,layers.5.k_lut.lut_batched.log_soft_score_temp,6.976044e-01,4.457176e-03,6.389260e-03
200,layers.5.k_lut.lut_batched.log_select_temp,6.976401e-01,4.492879e-03,6.440110e-03
200,layers.5.v_lut.compress.weight,6.957641e+00,6.282840e-01,9.030130e-02
200,layers.5.v_lut.compress.bias,3.502174e-01,3.541269e-02,1.011163e-01
200,layers.5.v_lut.lut_batched.weights,8.915987e+00,8.894220e+00,9.975587e-01
200,layers.5.v_lut.lut_batched.log_soft_score_temp,6.990699e-01,5.922675e-03,8.472222e-03
200,layers.5.v_lut.lut_batched.log_select_temp,6.988803e-01,5.733073e-03,8.203226e-03
200,layers.5.out_proj.compress.weight,1.131736e+01,5.413636e-01,4.783482e-02
200,layers.5.out_proj.compress.bias,5.797428e-01,1.922716e-02,3.316498e-02
200,layers.5.out_proj.lut_batched.weights,2.918028e+00,2.829014e+00,9.694951e-01
200,layers.5.out_proj.lut_batched.log_soft_score_temp,6.919873e-01,1.159847e-03,1.676110e-03
200,layers.5.out_proj.lut_batched.log_select_temp,6.920677e-01,1.079500e-03,1.559818e-03
200,layers.5.out_proj.decompress.weight,1.131685e+01,5.995765e-01,5.298085e-02
200,layers.5.out_proj.decompress.bias,5.786856e-01,2.679719e-02,4.630698e-02
200,layers.5.q_norm.weight,8.028041e+00,3.133181e-02,3.902797e-03
200,layers.5.q_norm.bias,1.603646e-02,1.603646e-02,1.000000e+00
200,layers.5.k_norm.weight,8.027671e+00,3.078690e-02,3.835097e-03
200,layers.5.k_norm.bias,2.428995e-02,2.428995e-02,1.000000e+00
200,layers.5.ln_pre.weight,1.961800e+01,4.987003e-02,2.542055e-03
200,layers.5.ln_pre.bias,5.097283e-02,5.097283e-02,1.000000e+00
200,ln_final.weight,1.985644e+01,2.610320e-01,1.314596e-02
200,ln_final.bias,2.700113e-01,2.700113e-01,1.000000e+00
200,unembedder.weight,1.070368e+02,2.542346e+01,2.375208e-01
400,tok_emb_E.weight,2.049634e+02,1.344746e+01,6.560911e-02
400,layers.0.q_lut.compress.weight,6.988137e+00,7.209935e-01,1.031739e-01
400,layers.0.q_lut.compress.bias,3.549500e-01,3.220971e-02,9.074437e-02
400,layers.0.q_lut.lut_batched.weights,1.139607e+01,1.009597e+01,8.859161e-01
400,layers.0.q_lut.lut_batched.log_soft_score_temp,7.191730e-01,2.024239e-02,2.814676e-02
400,layers.0.q_lut.lut_batched.log_select_temp,7.147367e-01,1.678979e-02,2.349088e-02
400,layers.0.k_lut.compress.weight,6.928082e+00,5.258859e-01,7.590641e-02
400,layers.0.k_lut.compress.bias,3.377615e-01,1.817262e-02,5.380311e-02
400,layers.0.k_lut.lut_batched.weights,1.112615e+01,1.003984e+01,9.023639e-01
400,layers.0.k_lut.lut_batched.log_soft_score_temp,7.054619e-01,5.709231e-03,8.092898e-03
400,layers.0.k_lut.lut_batched.log_select_temp,7.052624e-01,5.564988e-03,7.890663e-03
400,layers.0.v_lut.compress.weight,7.225797e+00,6.125106e-01,8.476720e-02
400,layers.0.v_lut.compress.bias,3.660325e-01,1.139880e-02,3.114151e-02
400,layers.0.v_lut.lut_batched.weights,1.643735e+01,1.307605e+01,7.955085e-01
400,layers.0.v_lut.lut_batched.log_soft_score_temp,7.172825e-01,1.262408e-02,1.759988e-02
400,layers.0.v_lut.lut_batched.log_select_temp,7.153861e-01,1.078826e-02,1.508033e-02
400,layers.0.out_proj.compress.weight,1.180322e+01,8.861455e-01,7.507661e-02
400,layers.0.out_proj.compress.bias,6.510729e-01,1.538693e-02,2.363318e-02
400,layers.0.out_proj.lut_batched.weights,1.298371e+01,1.185065e+01,9.127316e-01
400,layers.0.out_proj.lut_batched.log_soft_score_temp,7.379986e-01,3.130108e-02,4.241347e-02
400,layers.0.out_proj.lut_batched.log_select_temp,7.374166e-01,3.065944e-02,4.157682e-02
400,layers.0.out_proj.decompress.weight,1.159517e+01,1.107705e+00,9.553160e-02
400,layers.0.out_proj.decompress.bias,5.878963e-01,8.940085e-03,1.520691e-02
400,layers.0.q_norm.weight,8.217278e+00,1.624414e-01,1.976828e-02
400,layers.0.q_norm.bias,1.104946e-01,9.102418e-02,8.237888e-01
400,layers.0.k_norm.weight,8.216116e+00,1.611240e-01,1.961073e-02
400,layers.0.k_norm.bias,8.314181e-02,6.756707e-02,8.126725e-01
400,layers.0.ln_pre.weight,1.974805e+01,8.729251e-02,4.420311e-03
400,layers.0.ln_pre.bias,7.372142e-02,4.448086e-02,6.033641e-01
400,layers.1.q_lut.compress.weight,6.927497e+00,5.947813e-01,8.585803e-02
400,layers.1.q_lut.compress.bias,3.348871e-01,1.721405e-02,5.140256e-02
400,layers.1.q_lut.lut_batched.weights,1.252768e+01,1.124808e+01,8.978587e-01
400,layers.1.q_lut.lut_batched.log_soft_score_temp,7.320383e-01,2.813184e-02,3.842947e-02
400,layers.1.q_lut.lut_batched.log_select_temp,7.401814e-01,3.638238e-02,4.915333e-02
400,layers.1.k_lut.compress.weight,6.926599e+00,4.949677e-01,7.145899e-02
400,layers.1.k_lut.compress.bias,3.324657e-01,2.155969e-02,6.484785e-02
400,layers.1.k_lut.lut_batched.weights,1.275547e+01,1.122150e+01,8.797403e-01
400,layers.1.k_lut.lut_batched.log_soft_score_temp,7.162065e-01,1.491928e-02,2.083098e-02
400,layers.1.k_lut.lut_batched.log_select_temp,7.263807e-01,2.520537e-02,3.469995e-02
400,layers.1.v_lut.compress.weight,6.971075e+00,4.974323e-01,7.135662e-02
400,layers.1.v_lut.compress.bias,3.618111e-01,9.122800e-03,2.521426e-02
400,layers.1.v_lut.lut_batched.weights,1.402080e+01,1.180746e+01,8.421389e-01
400,layers.1.v_lut.lut_batched.log_soft_score_temp,7.263370e-01,2.244061e-02,3.089559e-02
400,layers.1.v_lut.lut_batched.log_select_temp,7.256309e-01,2.195334e-02,3.025415e-02
400,layers.1.out_proj.compress.weight,1.154165e+01,7.831888e-01,6.785761e-02
400,layers.1.out_proj.compress.bias,5.830854e-01,7.768025e-03,1.332228e-02
400,layers.1.out_proj.lut_batched.weights,1.194193e+01,1.128887e+01,9.453141e-01
400,layers.1.out_proj.lut_batched.log_soft_score_temp,7.220449e-01,1.947087e-02,2.696629e-02
400,layers.1.out_proj.lut_batched.log_select_temp,7.221066e-01,1.976621e-02,2.737298e-02
400,layers.1.out_proj.decompress.weight,1.139401e+01,1.101462e+00,9.667026e-02
400,layers.1.out_proj.decompress.bias,5.818156e-01,9.465366e-03,1.626867e-02
400,layers.1.q_norm.weight,8.183000e+00,1.440327e-01,1.760146e-02
400,layers.1.q_norm.bias,9.956543e-02,7.179318e-02,7.210653e-01
400,layers.1.k_norm.weight,8.179545e+00,1.414089e-01,1.728811e-02
400,layers.1.k_norm.bias,1.261106e-01,1.013807e-01,8.039030e-01
400,layers.1.ln_pre.weight,1.965132e+01,4.832959e-02,2.459356e-03
400,layers.1.ln_pre.bias,6.240013e-02,2.225157e-02,3.565949e-01
400,layers.2.q_lut.compress.weight,6.942763e+00,6.010182e-01,8.656758e-02
400,layers.2.q_lut.compress.bias,3.635224e-01,1.780337e-02,4.897462e-02
400,layers.2.q_lut.lut_batched.weights,1.342686e+01,1.154727e+01,8.600123e-01
400,layers.2.q_lut.lut_batched.log_soft_score_temp,7.186903e-01,1.609367e-02,2.239305e-02
400,layers.2.q_lut.lut_batched.log_select_temp,7.259177e-01,2.354330e-02,3.243246e-02
400,layers.2.k_lut.compress.weight,6.907758e+00,4.920870e-01,7.123686e-02
400,layers.2.k_lut.compress.bias,3.725761e-01,1.910315e-02,5.127314e-02
400,layers.2.k_lut.lut_batched.weights,1.255602e+01,1.078675e+01,8.590899e-01
400,layers.2.k_lut.lut_batched.log_soft_score_temp,7.111883e-01,1.043648e-02,1.467470e-02
400,layers.2.k_lut.lut_batched.log_select_temp,7.166907e-01,1.575994e-02,2.198988e-02
400,layers.2.v_lut.compress.weight,6.984315e+00,4.202797e-01,6.017479e-02
400,layers.2.v_lut.compress.bias,3.554238e-01,8.496944e-03,2.390651e-02
400,layers.2.v_lut.lut_batched.weights,1.551253e+01,1.210069e+01,7.800594e-01
400,layers.2.v_lut.lut_batched.log_soft_score_temp,7.050748e-01,2.990961e-03,4.242048e-03
400,layers.2.v_lut.lut_batched.log_select_temp,7.045242e-01,2.553105e-03,3.623872e-03
400,layers.2.out_proj.compress.weight,1.140814e+01,7.737445e-01,6.782389e-02
400,layers.2.out_proj.compress.bias,5.803229e-01,1.172255e-02,2.020006e-02
400,layers.2.out_proj.lut_batched.weights,1.170047e+01,1.128403e+01,9.644075e-01
400,layers.2.out_proj.lut_batched.log_soft_score_temp,7.045326e-01,5.983531e-03,8.492909e-03
400,layers.2.out_proj.lut_batched.log_select_temp,7.067766e-01,8.499026e-03,1.202505e-02
400,layers.2.out_proj.decompress.weight,1.126307e+01,1.076563e+00,9.558345e-02
400,layers.2.out_proj.decompress.bias,5.940809e-01,9.607979e-03,1.617285e-02
400,layers.2.q_norm.weight,8.103516e+00,8.774580e-02,1.082812e-02
400,layers.2.q_norm.bias,5.545843e-02,4.030744e-02,7.268046e-01
400,layers.2.k_norm.weight,8.093544e+00,7.669257e-02,9.475772e-03
400,layers.2.k_norm.bias,9.874960e-02,7.728118e-02,7.825974e-01
400,layers.2.ln_pre.weight,1.963167e+01,3.984222e-02,2.029487e-03
400,layers.2.ln_pre.bias,5.241696e-02,2.152865e-02,4.107192e-01
400,layers.3.q_lut.compress.weight,6.937793e+00,6.325082e-01,9.116850e-02
400,layers.3.q_lut.compress.bias,3.401110e-01,1.869587e-02,5.496993e-02
400,layers.3.q_lut.lut_batched.weights,1.413738e+01,1.163556e+01,8.230357e-01
400,layers.3.q_lut.lut_batched.log_soft_score_temp,7.094240e-01,1.084721e-02,1.529017e-02
400,layers.3.q_lut.lut_batched.log_select_temp,7.160317e-01,1.759368e-02,2.457109e-02
400,layers.3.k_lut.compress.weight,6.902261e+00,4.712806e-01,6.827917e-02
400,layers.3.k_lut.compress.bias,3.677548e-01,1.867620e-02,5.078438e-02
400,layers.3.k_lut.lut_batched.weights,1.360410e+01,1.118491e+01,8.221722e-01
400,layers.3.k_lut.lut_batched.log_soft_score_temp,7.058184e-01,7.149816e-03,1.012982e-02
400,layers.3.k_lut.lut_batched.log_select_temp,7.120305e-01,1.321614e-02,1.856120e-02
400,layers.3.v_lut.compress.weight,6.963179e+00,4.397804e-01,6.315799e-02
400,layers.3.v_lut.compress.bias,3.585451e-01,1.089316e-02,3.038157e-02
400,layers.3.v_lut.lut_batched.weights,1.726375e+01,1.295955e+01,7.506798e-01
400,layers.3.v_lut.lut_batched.log_soft_score_temp,7.046616e-01,3.611565e-03,5.125247e-03
400,layers.3.v_lut.lut_batched.log_select_temp,7.037451e-01,3.025591e-03,4.299272e-03
400,layers.3.out_proj.compress.weight,1.138458e+01,7.594398e-01,6.670777e-02
400,layers.3.out_proj.compress.bias,5.749387e-01,1.306524e-02,2.272459e-02
400,layers.3.out_proj.lut_batched.weights,1.214185e+01,1.166101e+01,9.603983e-01
400,layers.3.out_proj.lut_batched.log_soft_score_temp,7.034527e-01,7.035315e-03,1.000112e-02
400,layers.3.out_proj.lut_batched.log_select_temp,7.058839e-01,9.479880e-03,1.342980e-02
400,layers.3.out_proj.decompress.weight,1.122407e+01,1.153400e+00,1.027613e-01
400,layers.3.out_proj.decompress.bias,5.686089e-01,9.385698e-03,1.650642e-02
400,layers.3.q_norm.weight,8.077586e+00,7.382593e-02,9.139602e-03
400,layers.3.q_norm.bias,7.741491e-02,5.136497e-02,6.635022e-01
400,layers.3.k_norm.weight,8.067674e+00,6.367154e-02,7.892181e-03
400,layers.3.k_norm.bias,1.148669e-01,7.766907e-02,6.761659e-01
400,layers.3.ln_pre.weight,1.962955e+01,4.066867e-02,2.071809e-03
400,layers.3.ln_pre.bias,6.274378e-02,2.388590e-02,3.806895e-01
400,layers.4.q_lut.compress.weight,6.913389e+00,6.399620e-01,9.256850e-02
400,layers.4.q_lut.compress.bias,3.528740e-01,1.717365e-02,4.866792e-02
400,layers.4.q_lut.lut_batched.weights,1.463880e+01,1.165239e+01,7.959935e-01
400,layers.4.q_lut.lut_batched.log_soft_score_temp,7.046996e-01,6.195068e-03,8.791077e-03
400,layers.4.q_lut.lut_batched.log_select_temp,7.095825e-01,1.117152e-02,1.574379e-02
400,layers.4.k_lut.compress.weight,6.929122e+00,4.988510e-01,7.199339e-02
400,layers.4.k_lut.compress.bias,3.590676e-01,1.928018e-02,5.369511e-02
400,layers.4.k_lut.lut_batched.weights,1.410298e+01,1.112737e+01,7.890084e-01
400,layers.4.k_lut.lut_batched.log_soft_score_temp,7.065561e-01,8.065164e-03,1.141475e-02
400,layers.4.k_lut.lut_batched.log_select_temp,7.132999e-01,1.503843e-02,2.108290e-02
400,layers.4.v_lut.compress.weight,6.946912e+00,4.155031e-01,5.981120e-02
400,layers.4.v_lut.compress.bias,3.616922e-01,1.099728e-02,3.040507e-02
400,layers.4.v_lut.lut_batched.weights,1.750616e+01,1.295674e+01,7.401244e-01
400,layers.4.v_lut.lut_batched.log_soft_score_temp,7.034353e-01,3.601611e-03,5.120031e-03
400,layers.4.v_lut.lut_batched.log_select_temp,7.027805e-01,3.119171e-03,4.438329e-03
400,layers.4.out_proj.compress.weight,1.133978e+01,7.988963e-01,7.045077e-02
400,layers.4.out_proj.compress.bias,5.748959e-01,1.256211e-02,2.185110e-02
400,layers.4.out_proj.lut_batched.weights,1.230049e+01,1.184141e+01,9.626782e-01
400,layers.4.out_proj.lut_batched.log_soft_score_temp,6.962488e-01,1.925409e-03,2.765404e-03
400,layers.4.out_proj.lut_batched.log_select_temp,6.991965e-01,4.685521e-03,6.701294e-03
400,layers.4.out_proj.decompress.weight,1.117661e+01,1.147641e+00,1.026824e-01
400,layers.4.out_proj.decompress.bias,5.911633e-01,9.363000e-03,1.583826e-02
400,layers.4.q_norm.weight,8.038936e+00,4.080126e-02,5.075456e-03
400,layers.4.q_norm.bias,3.685851e-02,2.145134e-02,5.819913e-01
400,layers.4.k_norm.weight,8.037172e+00,4.392476e-02,5.465201e-03
400,layers.4.k_norm.bias,6.876232e-02,4.983881e-02,7.247984e-01
400,layers.4.ln_pre.weight,1.962483e+01,3.557551e-02,1.812780e-03
400,layers.4.ln_pre.bias,6.335660e-02,2.325225e-02,3.670059e-01
400,layers.5.q_lut.compress.weight,6.936335e+00,6.595032e-01,9.507949e-02
400,layers.5.q_lut.compress.bias,3.771338e-01,1.576027e-02,4.178960e-02
400,layers.5.q_lut.lut_batched.weights,1.584158e+01,1.210619e+01,7.642034e-01
400,layers.5.q_lut.lut_batched.log_soft_score_temp,7.027248e-01,5.289495e-03,7.527122e-03
400,layers.5.q_lut.lut_batched.log_select_temp,7.073578e-01,1.032895e-02,1.460215e-02
400,layers.5.k_lut.compress.weight,6.892984e+00,5.215910e-01,7.566984e-02
400,layers.5.k_lut.compress.bias,3.676000e-01,2.374485e-02,6.459424e-02
400,layers.5.k_lut.lut_batched.weights,1.466491e+01,1.168953e+01,7.971090e-01
400,layers.5.k_lut.lut_batched.log_soft_score_temp,7.087889e-01,1.118457e-02,1.577984e-02
400,layers.5.k_lut.lut_batched.log_select_temp,7.152478e-01,1.760775e-02,2.461769e-02
400,layers.5.v_lut.compress.weight,6.956325e+00,4.166141e-01,5.988998e-02
400,layers.5.v_lut.compress.bias,3.497539e-01,1.051046e-02,3.005101e-02
400,layers.5.v_lut.lut_batched.weights,1.919073e+01,1.400684e+01,7.298754e-01
400,layers.5.v_lut.lut_batched.log_soft_score_temp,7.017832e-01,2.713382e-03,3.866411e-03
400,layers.5.v_lut.lut_batched.log_select_temp,7.010968e-01,2.216578e-03,3.161585e-03
400,layers.5.out_proj.compress.weight,1.133952e+01,8.872969e-01,7.824817e-02
400,layers.5.out_proj.compress.bias,5.690275e-01,1.586717e-02,2.788471e-02
400,layers.5.out_proj.lut_batched.weights,1.236555e+01,1.195749e+01,9.670005e-01
400,layers.5.out_proj.lut_batched.log_soft_score_temp,6.965773e-01,4.589975e-03,6.589326e-03
400,layers.5.out_proj.lut_batched.log_select_temp,7.020535e-01,9.985864e-03,1.422379e-02
400,layers.5.out_proj.decompress.weight,1.113137e+01,1.257804e+00,1.129964e-01
400,layers.5.out_proj.decompress.bias,5.786150e-01,9.265849e-03,1.601384e-02
400,layers.5.q_norm.weight,8.061848e+00,7.164498e-02,8.886919e-03
400,layers.5.q_norm.bias,6.603851e-02,5.167776e-02,7.825397e-01
400,layers.5.k_norm.weight,8.061848e+00,7.223499e-02,8.960103e-03
400,layers.5.k_norm.bias,9.342087e-02,7.452361e-02,7.977191e-01
400,layers.5.ln_pre.weight,1.962788e+01,4.267270e-02,2.174086e-03
400,layers.5.ln_pre.bias,6.593569e-02,2.190081e-02,3.321541e-01
400,ln_final.weight,2.058851e+01,7.342613e-01,3.566364e-02
400,ln_final.bias,7.529393e-01,4.838224e-01,6.425782e-01
400,unembedder.weight,1.159274e+02,3.296864e+01,2.843904e-01
600,tok_emb_E.weight,2.056608e+02,1.378868e+01,6.704575e-02
600,layers.0.q_lut.compress.weight,7.077148e+00,6.759450e-01,9.551094e-02
600,layers.0.q_lut.compress.bias,3.539317e-01,3.336269e-02,9.426309e-02
600,layers.0.q_lut.lut_batched.weights,1.855124e+01,1.217341e+01,6.562045e-01
600,layers.0.q_lut.lut_batched.log_soft_score_temp,7.646667e-01,4.549366e-02,5.949476e-02
600,layers.0.q_lut.lut_batched.log_select_temp,7.591088e-01,4.437214e-02,5.845294e-02
600,layers.0.k_lut.compress.weight,6.963368e+00,7.472370e-01,1.073097e-01
600,layers.0.k_lut.compress.bias,3.378956e-01,2.765097e-02,8.183288e-02
600,layers.0.k_lut.lut_batched.weights,1.830164e+01,1.271225e+01,6.945962e-01
600,layers.0.k_lut.lut_batched.log_soft_score_temp,7.163793e-01,1.091748e-02,1.523981e-02
600,layers.0.k_lut.lut_batched.log_select_temp,7.166526e-01,1.139027e-02,1.589371e-02
600,layers.0.v_lut.compress.weight,7.344054e+00,7.053420e-01,9.604260e-02
600,layers.0.v_lut.compress.bias,3.642543e-01,1.546102e-02,4.244569e-02
600,layers.0.v_lut.lut_batched.weights,2.569333e+01,1.466057e+01,5.705980e-01
600,layers.0.v_lut.lut_batched.log_soft_score_temp,7.389156e-01,2.163315e-02,2.927689e-02
600,layers.0.v_lut.lut_batched.log_select_temp,7.318771e-01,1.649100e-02,2.253247e-02
600,layers.0.out_proj.compress.weight,1.191765e+01,7.887462e-01,6.618301e-02
600,layers.0.out_proj.compress.bias,6.582350e-01,1.266693e-02,1.924378e-02
600,layers.0.out_proj.lut_batched.weights,2.336465e+01,1.698303e+01,7.268689e-01
600,layers.0.out_proj.lut_batched.log_soft_score_temp,7.823094e-01,4.431075e-02,5.664095e-02
600,layers.0.out_proj.lut_batched.log_select_temp,7.813494e-01,4.393286e-02,5.622690e-02
600,layers.0.out_proj.decompress.weight,1.173789e+01,1.111481e+00,9.469176e-02
600,layers.0.out_proj.decompress.bias,5.894905e-01,1.365532e-02,2.316461e-02
600,layers.0.q_norm.weight,8.400825e+00,2.056828e-01,2.448365e-02
600,layers.0.q_norm.bias,2.254423e-01,1.201122e-01,5.327848e-01
600,layers.0.k_norm.weight,8.397849e+00,2.033718e-01,2.421713e-02
600,layers.0.k_norm.bias,1.763681e-01,9.849216e-02,5.584466e-01
600,layers.0.ln_pre.weight,1.983856e+01,1.028727e-01,5.185494e-03
600,layers.0.ln_pre.bias,8.662400e-02,4.236233e-02,4.890369e-01
600,layers.1.q_lut.compress.weight,6.943791e+00,6.659756e-01,9.590951e-02
600,layers.1.q_lut.compress.bias,3.334121e-01,2.040189e-02,6.119122e-02
600,layers.1.q_lut.lut_batched.weights,1.948834e+01,1.396573e+01,7.166198e-01
600,layers.1.q_lut.lut_batched.log_soft_score_temp,7.414616e-01,9.423256e-03,1.270903e-02
600,layers.1.q_lut.lut_batched.log_select_temp,7.801311e-01,3.994972e-02,5.120898e-02
600,layers.1.k_lut.compress.weight,6.932166e+00,6.226956e-01,8.982698e-02
600,layers.1.k_lut.compress.bias,3.357328e-01,2.391199e-02,7.122327e-02
600,layers.1.k_lut.lut_batched.weights,1.963124e+01,1.387752e+01,7.069099e-01
600,layers.1.k_lut.lut_batched.log_soft_score_temp,7.083378e-01,7.868707e-03,1.110869e-02
600,layers.1.k_lut.lut_batched.log_select_temp,7.550716e-01,2.869093e-02,3.799763e-02
600,layers.1.v_lut.compress.weight,7.003272e+00,5.842583e-01,8.342648e-02
600,layers.1.v_lut.compress.bias,3.614942e-01,9.438158e-03,2.610874e-02
600,layers.1.v_lut.lut_batched.weights,2.169351e+01,1.445908e+01,6.665163e-01
600,layers.1.v_lut.lut_batched.log_soft_score_temp,7.617906e-01,3.545368e-02,4.653992e-02
600,layers.1.v_lut.lut_batched.log_select_temp,7.640916e-01,3.846067e-02,5.033516e-02
600,layers.1.out_proj.compress.weight,1.169508e+01,9.499271e-01,8.122449e-02
600,layers.1.out_proj.compress.bias,5.875893e-01,1.228335e-02,2.090466e-02
600,layers.1.out_proj.lut_batched.weights,2.092198e+01,1.616032e+01,7.724086e-01
600,layers.1.out_proj.lut_batched.log_soft_score_temp,7.634883e-01,4.144335e-02,5.428158e-02
600,layers.1.out_proj.lut_batched.log_select_temp,7.642738e-01,4.216725e-02,5.517296e-02
600,layers.1.out_proj.decompress.weight,1.139080e+01,1.176667e+00,1.032998e-01
600,layers.1.out_proj.decompress.bias,5.830969e-01,1.479315e-02,2.536997e-02
600,layers.1.q_norm.weight,8.335781e+00,1.709668e-01,2.050999e-02
600,layers.1.q_norm.bias,1.827296e-01,8.525398e-02,4.665580e-01
600,layers.1.k_norm.weight,8.330826e+00,1.708785e-01,2.051160e-02
600,layers.1.k_norm.bias,2.552308e-01,1.343686e-01,5.264590e-01
600,layers.1.ln_pre.weight,1.967642e+01,5.768965e-02,2.931918e-03
600,layers.1.ln_pre.bias,7.450974e-02,2.397126e-02,3.217198e-01
600,layers.2.q_lut.compress.weight,6.959264e+00,7.460924e-01,1.072085e-01
600,layers.2.q_lut.compress.bias,3.627354e-01,2.018491e-02,5.564637e-02
600,layers.2.q_lut.lut_batched.weights,1.997457e+01,1.400845e+01,7.013144e-01
600,layers.2.q_lut.lut_batched.log_soft_score_temp,7.233765e-01,4.686117e-03,6.478117e-03
600,layers.2.q_lut.lut_batched.log_select_temp,7.588383e-01,3.292060e-02,4.338289e-02
600,layers.2.k_lut.compress.weight,6.914239e+00,6.400793e-01,9.257407e-02
600,layers.2.k_lut.compress.bias,3.732366e-01,2.117068e-02,5.672187e-02
600,layers.2.k_lut.lut_batched.weights,1.911043e+01,1.357858e+01,7.105324e-01
600,layers.2.k_lut.lut_batched.log_soft_score_temp,7.132028e-01,2.014577e-03,2.824691e-03
600,layers.2.k_lut.lut_batched.log_select_temp,7.434950e-01,2.680427e-02,3.605171e-02
600,layers.2.v_lut.compress.weight,7.001986e+00,5.620287e-01,8.026704e-02
600,layers.2.v_lut.compress.bias,3.556648e-01,8.412224e-03,2.365212e-02
600,layers.2.v_lut.lut_batched.weights,2.235113e+01,1.437275e+01,6.430434e-01
600,layers.2.v_lut.lut_batched.log_soft_score_temp,7.211697e-01,1.609480e-02,2.231764e-02
600,layers.2.v_lut.lut_batched.log_select_temp,7.199140e-01,1.538980e-02,2.137728e-02
600,layers.2.out_proj.compress.weight,1.157751e+01,1.083218e+00,9.356231e-02
600,layers.2.out_proj.compress.bias,5.793824e-01,9.755864e-03,1.683839e-02
600,layers.2.out_proj.lut_batched.weights,1.995702e+01,1.561846e+01,7.826047e-01
600,layers.2.out_proj.lut_batched.log_soft_score_temp,7.378015e-01,3.326887e-02,4.509190e-02
600,layers.2.out_proj.lut_batched.log_select_temp,7.431951e-01,3.641850e-02,4.900261e-02
600,layers.2.out_proj.decompress.weight,1.116933e+01,1.257153e+00,1.125540e-01
600,layers.2.out_proj.decompress.bias,5.954615e-01,1.601629e-02,2.689728e-02
600,layers.2.q_norm.weight,8.223598e+00,1.412135e-01,1.717175e-02
600,layers.2.q_norm.bias,1.145196e-01,6.211094e-02,5.423606e-01
600,layers.2.k_norm.weight,8.204333e+00,1.315835e-01,1.603829e-02
600,layers.2.k_norm.bias,2.189066e-01,1.257002e-01,5.742183e-01
600,layers.2.ln_pre.weight,1.965173e+01,5.407433e-02,2.751632e-03
600,layers.2.ln_pre.bias,6.145009e-02,1.972358e-02,3.209691e-01
600,layers.3.q_lut.compress.weight,6.951663e+00,7.658879e-01,1.101733e-01
600,layers.3.q_lut.compress.bias,3.387565e-01,2.114030e-02,6.240560e-02
600,layers.3.q_lut.lut_batched.weights,2.055470e+01,1.405776e+01,6.839195e-01
600,layers.3.q_lut.lut_batched.log_soft_score_temp,7.122680e-01,2.843976e-03,3.992845e-03
600,layers.3.q_lut.lut_batched.log_select_temp,7.527035e-01,3.667188e-02,4.872021e-02
600,layers.3.k_lut.compress.weight,6.903268e+00,6.157089e-01,8.919092e-02
600,layers.3.k_lut.compress.bias,3.732682e-01,2.274824e-02,6.094342e-02
600,layers.3.k_lut.lut_batched.weights,2.003130e+01,1.372173e+01,6.850146e-01
600,layers.3.k_lut.lut_batched.log_soft_score_temp,7.075310e-01,1.712620e-03,2.420558e-03
600,layers.3.k_lut.lut_batched.log_select_temp,7.370497e-01,2.501923e-02,3.394510e-02
600,layers.3.v_lut.compress.weight,6.969584e+00,5.323280e-01,7.637873e-02
600,layers.3.v_lut.compress.bias,3.598332e-01,9.324452e-03,2.591326e-02
600,layers.3.v_lut.lut_batched.weights,2.349793e+01,1.418370e+01,6.036149e-01
600,layers.3.v_lut.lut_batched.log_soft_score_temp,7.131668e-01,8.505166e-03,1.192591e-02
600,layers.3.v_lut.lut_batched.log_select_temp,7.120246e-01,8.279502e-03,1.162811e-02
600,layers.3.out_proj.compress.weight,1.149430e+01,1.021064e+00,8.883217e-02
600,layers.3.out_proj.compress.bias,5.704663e-01,1.147322e-02,2.011200e-02
600,layers.3.out_proj.lut_batched.weights,1.989867e+01,1.544088e+01,7.759754e-01
600,layers.3.out_proj.lut_batched.log_soft_score_temp,7.254623e-01,2.200955e-02,3.033866e-02
600,layers.3.out_proj.lut_batched.log_select_temp,7.320845e-01,2.620059e-02,3.578903e-02
600,layers.3.out_proj.decompress.weight,1.106171e+01,1.255344e+00,1.134855e-01
600,layers.3.out_proj.decompress.bias,5.691437e-01,1.573432e-02,2.764560e-02
600,layers.3.q_norm.weight,8.145103e+00,9.969883e-02,1.224034e-02
600,layers.3.q_norm.bias,1.387283e-01,6.364097e-02,4.587455e-01
600,layers.3.k_norm.weight,8.128016e+00,9.355328e-02,1.150998e-02
600,layers.3.k_norm.bias,2.182751e-01,1.070835e-01,4.905897e-01
600,layers.3.ln_pre.weight,1.964417e+01,5.150486e-02,2.621891e-03
600,layers.3.ln_pre.bias,7.686571e-02,2.269716e-02,2.952833e-01
600,layers.4.q_lut.compress.weight,6.928410e+00,7.782717e-01,1.123305e-01
600,layers.4.q_lut.compress.bias,3.577410e-01,2.314072e-02,6.468568e-02
600,layers.4.q_lut.lut_batched.weights,2.094736e+01,1.408294e+01,6.723014e-01
600,layers.4.q_lut.lut_batched.log_soft_score_temp,7.024200e-01,2.279580e-03,3.245323e-03
600,layers.4.q_lut.lut_batched.log_select_temp,7.280213e-01,1.843876e-02,2.532722e-02
600,layers.4.k_lut.compress.weight,6.925633e+00,6.009826e-01,8.677655e-02
600,layers.4.k_lut.compress.bias,3.622956e-01,2.116483e-02,5.841869e-02
600,layers.4.k_lut.lut_batched.weights,2.033819e+01,1.373525e+01,6.753427e-01
600,layers.4.k_lut.lut_batched.log_soft_score_temp,7.061370e-01,4.191399e-04,5.935673e-04
600,layers.4.k_lut.lut_batched.log_select_temp,7.332405e-01,1.994067e-02,2.719527e-02
600,layers.4.v_lut.compress.weight,6.949319e+00,5.151560e-01,7.413043e-02
600,layers.4.v_lut.compress.bias,3.615740e-01,8.344088e-03,2.307712e-02
600,layers.4.v_lut.lut_batched.weights,2.338888e+01,1.421281e+01,6.076736e-01
600,layers.4.v_lut.lut_batched.log_soft_score_temp,7.120828e-01,8.647501e-03,1.214395e-02
600,layers.4.v_lut.lut_batched.log_select_temp,7.110204e-01,8.239865e-03,1.158879e-02
600,layers.4.out_proj.compress.weight,1.139719e+01,9.552798e-01,8.381712e-02
600,layers.4.out_proj.compress.bias,5.708840e-01,1.098078e-02,1.923469e-02
600,layers.4.out_proj.lut_batched.weights,1.979941e+01,1.524360e+01,7.699018e-01
600,layers.4.out_proj.lut_batched.log_soft_score_temp,7.029914e-01,6.742656e-03,9.591378e-03
600,layers.4.out_proj.lut_batched.log_select_temp,7.100316e-01,1.083511e-02,1.526004e-02
600,layers.4.out_proj.decompress.weight,1.098921e+01,1.231822e+00,1.120938e-01
600,layers.4.out_proj.decompress.bias,5.927284e-01,1.581688e-02,2.668487e-02
600,layers.4.q_norm.weight,8.065275e+00,5.691445e-02,7.056727e-03
600,layers.4.q_norm.bias,5.930765e-02,2.756616e-02,4.647994e-01
600,layers.4.k_norm.weight,8.060530e+00,5.884629e-02,7.300549e-03
600,layers.4.k_norm.bias,1.236272e-01,6.226507e-02,5.036520e-01
600,layers.4.ln_pre.weight,1.963606e+01,4.355862e-02,2.218297e-03
600,layers.4.ln_pre.bias,7.652886e-02,2.144678e-02,2.802444e-01
600,layers.5.q_lut.compress.weight,6.949140e+00,8.016488e-01,1.153594e-01
600,layers.5.q_lut.compress.bias,3.781531e-01,1.819091e-02,4.810460e-02
600,layers.5.q_lut.lut_batched.weights,2.195061e+01,1.415952e+01,6.450625e-01
600,layers.5.q_lut.lut_batched.log_soft_score_temp,6.976800e-01,5.044758e-03,7.230762e-03
600,layers.5.q_lut.lut_batched.log_select_temp,7.181512e-01,1.079339e-02,1.502941e-02
600,layers.5.k_lut.compress.weight,6.896776e+00,6.695790e-01,9.708581e-02
600,layers.5.k_lut.compress.bias,3.677401e-01,2.492198e-02,6.777063e-02
600,layers.5.k_lut.lut_batched.weights,2.095501e+01,1.392710e+01,6.646190e-01
600,layers.5.k_lut.lut_batched.log_soft_score_temp,7.049868e-01,3.802121e-03,5.393180e-03
600,layers.5.k_lut.lut_batched.log_select_temp,7.390926e-01,2.384478e-02,3.226223e-02
600,layers.5.v_lut.compress.weight,6.963641e+00,5.523030e-01,7.931239e-02
600,layers.5.v_lut.compress.bias,3.505405e-01,9.289272e-03,2.649985e-02
600,layers.5.v_lut.lut_batched.weights,2.508745e+01,1.435087e+01,5.720339e-01
600,layers.5.v_lut.lut_batched.log_soft_score_temp,7.090513e-01,7.268071e-03,1.025042e-02
600,layers.5.v_lut.lut_batched.log_select_temp,7.078208e-01,6.724000e-03,9.499579e-03
600,layers.5.out_proj.compress.weight,1.140192e+01,1.046306e+00,9.176580e-02
600,layers.5.out_proj.compress.bias,5.603628e-01,1.302818e-02,2.324954e-02
600,layers.5.out_proj.lut_batched.weights,1.979574e+01,1.547581e+01,7.817748e-01
600,layers.5.out_proj.lut_batched.log_soft_score_temp,7.038112e-01,7.233858e-03,1.027812e-02
600,layers.5.out_proj.lut_batched.log_select_temp,7.156372e-01,1.358366e-02,1.898121e-02
600,layers.5.out_proj.decompress.weight,1.086909e+01,1.370088e+00,1.260536e-01
600,layers.5.out_proj.decompress.bias,5.813076e-01,1.573741e-02,2.707243e-02
600,layers.5.q_norm.weight,8.089058e+00,5.292556e-02,6.542858e-03
600,layers.5.q_norm.bias,1.005917e-01,3.856753e-02,3.834066e-01
600,layers.5.k_norm.weight,8.087204e+00,5.183367e-02,6.409343e-03
600,layers.5.k_norm.bias,1.611532e-01,7.436229e-02,4.614384e-01
600,layers.5.ln_pre.weight,1.963808e+01,5.057135e-02,2.575168e-03
600,layers.5.ln_pre.bias,7.636589e-02,2.009943e-02,2.631991e-01
600,ln_final.weight,2.151232e+01,9.265478e-01,4.307058e-02
600,ln_final.bias,1.095512e+00,3.468794e-01,3.166367e-01
600,unembedder.weight,1.256436e+02,2.800241e+01,2.228718e-01
800,tok_emb_E.weight,2.063073e+02,1.222460e+01,5.925429e-02
800,layers.0.q_lut.compress.weight,7.151101e+00,6.160653e-01,8.614971e-02
800,layers.0.q_lut.compress.bias,3.547255e-01,2.876161e-02,8.108132e-02
800,layers.0.q_lut.lut_batched.weights,2.341466e+01,1.143374e+01,4.883155e-01
800,layers.0.q_lut.lut_batched.log_soft_score_temp,8.132585e-01,4.859179e-02,5.974951e-02
800,layers.0.q_lut.lut_batched.log_select_temp,8.088261e-01,4.971725e-02,6.146840e-02
800,layers.0.k_lut.compress.weight,7.002010e+00,7.460977e-01,1.065548e-01
800,layers.0.k_lut.compress.bias,3.324988e-01,2.820695e-02,8.483324e-02
800,layers.0.k_lut.lut_batched.weights,2.324808e+01,1.216783e+01,5.233908e-01
800,layers.0.k_lut.lut_batched.log_soft_score_temp,7.314187e-01,1.503938e-02,2.056194e-02
800,layers.0.k_lut.lut_batched.log_select_temp,7.336755e-01,1.702291e-02,2.320223e-02
800,layers.0.v_lut.compress.weight,7.427533e+00,6.485837e-01,8.732156e-02
800,layers.0.v_lut.compress.bias,3.627095e-01,1.658520e-02,4.572585e-02
800,layers.0.v_lut.lut_batched.weights,3.170068e+01,1.292260e+01,4.076443e-01
800,layers.0.v_lut.lut_batched.log_soft_score_temp,7.627684e-01,2.385277e-02,3.127131e-02
800,layers.0.v_lut.lut_batched.log_select_temp,7.490738e-01,1.719671e-02,2.295730e-02
800,layers.0.out_proj.compress.weight,1.198617e+01,6.695931e-01,5.586380e-02
800,layers.0.out_proj.compress.bias,6.634590e-01,1.177863e-02,1.775336e-02
800,layers.0.out_proj.lut_batched.weights,3.154207e+01,1.741487e+01,5.521156e-01
800,layers.0.out_proj.lut_batched.log_soft_score_temp,8.257499e-01,4.344052e-02,5.260736e-02
800,layers.0.out_proj.lut_batched.log_select_temp,8.269385e-01,4.558903e-02,5.512989e-02
800,layers.0.out_proj.decompress.weight,1.184088e+01,9.449627e-01,7.980508e-02
800,layers.0.out_proj.decompress.bias,5.915132e-01,1.459903e-02,2.468082e-02
800,layers.0.q_norm.weight,8.543503e+00,1.596494e-01,1.868665e-02
800,layers.0.q_norm.bias,3.174465e-01,9.576257e-02,3.016652e-01
800,layers.0.k_norm.weight,8.538207e+00,1.571824e-01,1.840930e-02
800,layers.0.k_norm.bias,2.542524e-01,8.148956e-02,3.205066e-01
800,layers.0.ln_pre.weight,1.991333e+01,8.839130e-02,4.438801e-03
800,layers.0.ln_pre.bias,9.687825e-02,3.694822e-02,3.813882e-01
800,layers.1.q_lut.compress.weight,6.961092e+00,6.278883e-01,9.019968e-02
800,layers.1.q_lut.compress.bias,3.347112e-01,2.312362e-02,6.908527e-02
800,layers.1.q_lut.lut_batched.weights,2.428934e+01,1.329456e+01,5.473415e-01
800,layers.1.q_lut.lut_batched.log_soft_score_temp,7.318102e-01,9.651363e-03,1.318834e-02
800,layers.1.q_lut.lut_batched.log_select_temp,8.108029e-01,3.067178e-02,3.782889e-02
800,layers.1.k_lut.compress.weight,6.941870e+00,6.090099e-01,8.772995e-02
800,layers.1.k_lut.compress.bias,3.433221e-01,2.458581e-02,7.161150e-02
800,layers.1.k_lut.lut_batched.weights,2.436479e+01,1.324521e+01,5.436211e-01
800,layers.1.k_lut.lut_batched.log_soft_score_temp,6.830102e-01,2.532762e-02,3.708235e-02
800,layers.1.k_lut.lut_batched.log_select_temp,7.715102e-01,1.643854e-02,2.130697e-02
800,layers.1.v_lut.compress.weight,7.036176e+00,5.405221e-01,7.682044e-02
800,layers.1.v_lut.compress.bias,3.615443e-01,9.425427e-03,2.606991e-02
800,layers.1.v_lut.lut_batched.weights,2.729506e+01,1.348816e+01,4.941612e-01
800,layers.1.v_lut.lut_batched.log_soft_score_temp,7.983482e-01,3.655761e-02,4.579156e-02
800,layers.1.v_lut.lut_batched.log_select_temp,8.058930e-01,4.180139e-02,5.186966e-02
800,layers.1.out_proj.compress.weight,1.183830e+01,8.946044e-01,7.556865e-02
800,layers.1.out_proj.compress.bias,5.914953e-01,1.252751e-02,2.117939e-02
800,layers.1.out_proj.lut_batched.weights,2.688266e+01,1.545382e+01,5.748621e-01
800,layers.1.out_proj.lut_batched.log_soft_score_temp,8.084300e-01,4.494172e-02,5.559136e-02
800,layers.1.out_proj.lut_batched.log_select_temp,8.112496e-01,4.697579e-02,5.790547e-02
800,layers.1.out_proj.decompress.weight,1.136788e+01,1.051017e+00,9.245495e-02
800,layers.1.out_proj.decompress.bias,5.852587e-01,1.671029e-02,2.855198e-02
800,layers.1.q_norm.weight,8.463561e+00,1.425158e-01,1.683875e-02
800,layers.1.q_norm.bias,2.557869e-01,7.445829e-02,2.910950e-01
800,layers.1.k_norm.weight,8.455228e+00,1.398455e-01,1.653953e-02
800,layers.1.k_norm.bias,3.739305e-01,1.224663e-01,3.275108e-01
800,layers.1.ln_pre.weight,1.969424e+01,5.005297e-02,2.541503e-03
800,layers.1.ln_pre.bias,8.707041e-02,2.288522e-02,2.628358e-01
800,layers.2.q_lut.compress.weight,6.975635e+00,6.955364e-01,9.970941e-02
800,layers.2.q_lut.compress.bias,3.620673e-01,1.988409e-02,5.491823e-02
800,layers.2.q_lut.lut_batched.weights,2.459614e+01,1.340045e+01,5.448192e-01
800,layers.2.q_lut.lut_batched.log_soft_score_temp,7.116381e-01,1.173836e-02,1.649484e-02
800,layers.2.q_lut.lut_batched.log_select_temp,7.899889e-01,3.115058e-02,3.943167e-02
800,layers.2.k_lut.compress.weight,6.922724e+00,6.255303e-01,9.035899e-02
800,layers.2.k_lut.compress.bias,3.797283e-01,2.363129e-02,6.223210e-02
800,layers.2.k_lut.lut_batched.weights,2.374276e+01,1.310717e+01,5.520489e-01
800,layers.2.k_lut.lut_batched.log_soft_score_temp,7.022013e-01,1.100153e-02,1.566720e-02
800,layers.2.k_lut.lut_batched.log_select_temp,7.697090e-01,2.621400e-02,3.405703e-02
800,layers.2.v_lut.compress.weight,7.023407e+00,5.337535e-01,7.599638e-02
800,layers.2.v_lut.compress.bias,3.553412e-01,7.853897e-03,2.210241e-02
800,layers.2.v_lut.lut_batched.weights,2.768347e+01,1.357376e+01,4.903200e-01
800,layers.2.v_lut.lut_batched.log_soft_score_temp,7.485178e-01,2.734816e-02,3.653642e-02
800,layers.2.v_lut.lut_batched.log_select_temp,7.487038e-01,2.878988e-02,3.845296e-02
800,layers.2.out_proj.compress.weight,1.176671e+01,1.022042e+00,8.685878e-02
800,layers.2.out_proj.compress.bias,5.808383e-01,1.225299e-02,2.109535e-02
800,layers.2.out_proj.lut_batched.weights,2.549246e+01,1.517581e+01,5.953058e-01
800,layers.2.out_proj.lut_batched.log_soft_score_temp,7.786634e-01,4.086190e-02,5.247698e-02
800,layers.2.out_proj.lut_batched.log_select_temp,7.872249e-01,4.402983e-02,5.593043e-02
800,layers.2.out_proj.decompress.weight,1.111276e+01,1.141748e+00,1.027421e-01
800,layers.2.out_proj.decompress.bias,5.982289e-01,1.765014e-02,2.950398e-02
800,layers.2.q_norm.weight,8.342162e+00,1.303057e-01,1.562013e-02
800,layers.2.q_norm.bias,1.684103e-01,5.596020e-02,3.322849e-01
800,layers.2.k_norm.weight,8.313771e+00,1.217742e-01,1.464728e-02
800,layers.2.k_norm.bias,3.169705e-01,1.036199e-01,3.269070e-01
800,layers.2.ln_pre.weight,1.966895e+01,5.021918e-02,2.553221e-03
800,layers.2.ln_pre.bias,7.018713e-02,1.765107e-02,2.514858e-01
800,layers.3.q_lut.compress.weight,6.964721e+00,7.287382e-01,1.046328e-01
800,layers.3.q_lut.compress.bias,3.392917e-01,1.964677e-02,5.790526e-02
800,layers.3.q_lut.lut_batched.weights,2.510931e+01,1.344903e+01,5.356194e-01
800,layers.3.q_lut.lut_batched.log_soft_score_temp,6.925973e-01,1.967067e-02,2.840130e-02
800,layers.3.q_lut.lut_batched.log_select_temp,7.858809e-01,3.317738e-02,4.221680e-02
800,layers.3.k_lut.compress.weight,6.905945e+00,6.325486e-01,9.159479e-02
800,layers.3.k_lut.compress.bias,3.797266e-01,2.364177e-02,6.225999e-02
800,layers.3.k_lut.lut_batched.weights,2.456894e+01,1.318787e+01,5.367701e-01
800,layers.3.k_lut.lut_batched.log_soft_score_temp,6.942682e-01,1.326281e-02,1.910329e-02
800,layers.3.k_lut.lut_batched.log_select_temp,7.603219e-01,2.327216e-02,3.060830e-02
800,layers.3.v_lut.compress.weight,6.983691e+00,5.302149e-01,7.592188e-02
800,layers.3.v_lut.compress.bias,3.607528e-01,8.412677e-03,2.331978e-02
800,layers.3.v_lut.lut_batched.weights,2.824128e+01,1.329414e+01,4.707345e-01
800,layers.3.v_lut.lut_batched.log_soft_score_temp,7.268148e-01,1.364803e-02,1.877787e-02
800,layers.3.v_lut.lut_batched.log_select_temp,7.266329e-01,1.460826e-02,2.010405e-02
800,layers.3.out_proj.compress.weight,1.163970e+01,1.019207e+00,8.756297e-02
800,layers.3.out_proj.compress.bias,5.703431e-01,1.196499e-02,2.097858e-02
800,layers.3.out_proj.lut_batched.weights,2.506761e+01,1.502986e+01,5.995731e-01
800,layers.3.out_proj.lut_batched.log_soft_score_temp,7.560388e-01,3.057653e-02,4.044307e-02
800,layers.3.out_proj.lut_batched.log_select_temp,7.671000e-01,3.501552e-02,4.564662e-02
800,layers.3.out_proj.decompress.weight,1.094703e+01,1.150448e+00,1.050923e-01
800,layers.3.out_proj.decompress.bias,5.702194e-01,1.714042e-02,3.005934e-02
800,layers.3.q_norm.weight,8.219216e+00,9.348260e-02,1.137366e-02
800,layers.3.q_norm.bias,1.954286e-01,5.857835e-02,2.997430e-01
800,layers.3.k_norm.weight,8.196445e+00,9.005980e-02,1.098767e-02
800,layers.3.k_norm.bias,3.085608e-01,9.404738e-02,3.047936e-01
800,layers.3.ln_pre.weight,1.965521e+01,5.069498e-02,2.579213e-03
800,layers.3.ln_pre.bias,9.074456e-02,2.123765e-02,2.340377e-01
800,layers.4.q_lut.compress.weight,6.940827e+00,7.412416e-01,1.067944e-01
800,layers.4.q_lut.compress.bias,3.606188e-01,2.301953e-02,6.383342e-02
800,layers.4.q_lut.lut_batched.weights,2.538875e+01,1.348470e+01,5.311289e-01
800,layers.4.q_lut.lut_batched.log_soft_score_temp,6.894535e-01,1.296651e-02,1.880694e-02
800,layers.4.q_lut.lut_batched.log_select_temp,7.454855e-01,1.746428e-02,2.342672e-02
800,layers.4.k_lut.compress.weight,6.925579e+00,6.008505e-01,8.675816e-02
800,layers.4.k_lut.compress.bias,3.638643e-01,2.091927e-02,5.749197e-02
800,layers.4.k_lut.lut_batched.weights,2.482586e+01,1.323707e+01,5.331968e-01
800,layers.4.k_lut.lut_batched.log_soft_score_temp,6.930205e-01,1.311648e-02,1.892654e-02
800,layers.4.k_lut.lut_batched.log_select_temp,7.518626e-01,1.862210e-02,2.476796e-02
800,layers.4.v_lut.compress.weight,6.956490e+00,5.020698e-01,7.217287e-02
800,layers.4.v_lut.compress.bias,3.614167e-01,9.273580e-03,2.565897e-02
800,layers.4.v_lut.lut_batched.weights,2.792148e+01,1.318984e+01,4.723904e-01
800,layers.4.v_lut.lut_batched.log_soft_score_temp,7.258046e-01,1.372182e-02,1.890567e-02
800,layers.4.v_lut.lut_batched.log_select_temp,7.254605e-01,1.444018e-02,1.990484e-02
800,layers.4.out_proj.compress.weight,1.150309e+01,9.374667e-01,8.149694e-02
800,layers.4.out_proj.compress.bias,5.698465e-01,1.010900e-02,1.773987e-02
800,layers.4.out_proj.lut_batched.weights,2.483758e+01,1.494374e+01,6.016586e-01
800,layers.4.out_proj.lut_batched.log_soft_score_temp,7.185264e-01,1.553494e-02,2.162055e-02
800,layers.4.out_proj.lut_batched.log_select_temp,7.302153e-01,2.018368e-02,2.764073e-02
800,layers.4.out_proj.decompress.weight,1.085119e+01,1.108720e+00,1.021750e-01
800,layers.4.out_proj.decompress.bias,5.955365e-01,1.665617e-02,2.796834e-02
800,layers.4.q_norm.weight,8.103335e+00,5.475873e-02,6.757554e-03
800,layers.4.q_norm.bias,8.800546e-02,3.155724e-02,3.585827e-01
800,layers.4.k_norm.weight,8.096174e+00,5.517881e-02,6.815417e-03
800,layers.4.k_norm.bias,1.715131e-01,5.523950e-02,3.220715e-01
800,layers.4.ln_pre.weight,1.964549e+01,4.208309e-02,2.142125e-03
800,layers.4.ln_pre.bias,9.112343e-02,2.052184e-02,2.252093e-01
800,layers.5.q_lut.compress.weight,6.959153e+00,7.578661e-01,1.089021e-01
800,layers.5.q_lut.compress.bias,3.815666e-01,2.389553e-02,6.262479e-02
800,layers.5.q_lut.lut_batched.weights,2.627030e+01,1.358999e+01,5.173137e-01
800,layers.5.q_lut.lut_batched.log_soft_score_temp,6.829883e-01,1.469165e-02,2.151084e-02
800,layers.5.q_lut.lut_batched.log_select_temp,7.308996e-01,1.274836e-02,1.744201e-02
800,layers.5.k_lut.compress.weight,6.903526e+00,6.519581e-01,9.443842e-02
800,layers.5.k_lut.compress.bias,3.692840e-01,2.735973e-02,7.408860e-02
800,layers.5.k_lut.lut_batched.weights,2.537545e+01,1.329633e+01,5.239841e-01
800,layers.5.k_lut.lut_batched.log_soft_score_temp,6.904570e-01,1.452982e-02,2.104378e-02
800,layers.5.k_lut.lut_batched.log_select_temp,7.635365e-01,2.444386e-02,3.201401e-02
800,layers.5.v_lut.compress.weight,6.975598e+00,5.343499e-01,7.660274e-02
800,layers.5.v_lut.compress.bias,3.515476e-01,8.245317e-03,2.345434e-02
800,layers.5.v_lut.lut_batched.weights,2.933556e+01,1.312101e+01,4.472732e-01
800,layers.5.v_lut.lut_batched.log_soft_score_temp,7.202584e-01,1.120710e-02,1.555984e-02
800,layers.5.v_lut.lut_batched.log_select_temp,7.196304e-01,1.180953e-02,1.641055e-02
800,layers.5.out_proj.compress.weight,1.151072e+01,1.024810e+00,8.903095e-02
800,layers.5.out_proj.compress.bias,5.561745e-01,1.202854e-02,2.162729e-02
800,layers.5.out_proj.lut_batched.weights,2.467752e+01,1.510542e+01,6.121125e-01
800,layers.5.out_proj.lut_batched.log_soft_score_temp,7.192056e-01,1.539445e-02,2.140480e-02
800,layers.5.out_proj.lut_batched.log_select_temp,7.366949e-01,2.105772e-02,2.858405e-02
800,layers.5.out_proj.decompress.weight,1.068558e+01,1.234782e+00,1.155560e-01
800,layers.5.out_proj.decompress.bias,5.838639e-01,1.604510e-02,2.748089e-02
800,layers.5.q_norm.weight,8.119921e+00,4.506276e-02,5.549655e-03
800,layers.5.q_norm.bias,1.332320e-01,3.536559e-02,2.654436e-01
800,layers.5.k_norm.weight,8.115458e+00,4.491812e-02,5.534885e-03
800,layers.5.k_norm.bias,2.151687e-01,5.934089e-02,2.757877e-01
800,layers.5.ln_pre.weight,1.964714e+01,4.698310e-02,2.391345e-03
800,layers.5.ln_pre.bias,8.949220e-02,2.090850e-02,2.336349e-01
800,ln_final.weight,2.242925e+01,9.185829e-01,4.095469e-02
800,ln_final.bias,1.350777e+00,2.663142e-01,1.971563e-01
800,unembedder.weight,1.336236e+02,2.307741e+01,1.727046e-01
1000,tok_emb_E.weight,2.068819e+02,1.128160e+01,5.453158e-02
1000,layers.0.q_lut.compress.weight,7.210795e+00,5.910196e-01,8.196316e-02
1000,layers.0.q_lut.compress.bias,3.539401e-01,2.602822e-02,7.353850e-02
1000,layers.0.q_lut.lut_batched.weights,2.719004e+01,1.087743e+01,4.000520e-01
1000,layers.0.q_lut.lut_batched.log_soft_score_temp,8.607699e-01,4.751140e-02,5.519640e-02
1000,layers.0.q_lut.lut_batched.log_select_temp,8.589860e-01,5.015987e-02,5.839429e-02
1000,layers.0.k_lut.compress.weight,7.036949e+00,7.221388e-01,1.026210e-01
1000,layers.0.k_lut.compress.bias,3.354068e-01,2.858068e-02,8.521200e-02
1000,layers.0.k_lut.lut_batched.weights,2.711647e+01,1.165569e+01,4.298379e-01
1000,layers.0.k_lut.lut_batched.log_soft_score_temp,7.507392e-01,1.932043e-02,2.573521e-02
1000,layers.0.k_lut.lut_batched.log_select_temp,7.564768e-01,2.280128e-02,3.014141e-02
1000,layers.0.v_lut.compress.weight,7.493571e+00,6.051463e-01,8.075541e-02
1000,layers.0.v_lut.compress.bias,3.616371e-01,1.489913e-02,4.119912e-02
1000,layers.0.v_lut.lut_batched.weights,3.604544e+01,1.183663e+01,3.283809e-01
1000,layers.0.v_lut.lut_batched.log_soft_score_temp,7.875492e-01,2.478081e-02,3.146573e-02
1000,layers.0.v_lut.lut_batched.log_select_temp,7.672906e-01,1.821679e-02,2.374171e-02
1000,layers.0.out_proj.compress.weight,1.203169e+01,6.299556e-01,5.235804e-02
1000,layers.0.out_proj.compress.bias,6.675246e-01,1.075055e-02,1.610510e-02
1000,layers.0.out_proj.lut_batched.weights,3.830060e+01,1.696883e+01,4.430435e-01
1000,layers.0.out_proj.lut_batched.log_soft_score_temp,8.669500e-01,4.120010e-02,4.752304e-02
1000,layers.0.out_proj.lut_batched.log_select_temp,8.726240e-01,4.568559e-02,5.235426e-02
1000,layers.0.out_proj.decompress.weight,1.192038e+01,8.381379e-01,7.031135e-02
1000,layers.0.out_proj.decompress.bias,5.943822e-01,1.494248e-02,2.513952e-02
1000,layers.0.q_norm.weight,8.647429e+00,1.169628e-01,1.352573e-02
1000,layers.0.q_norm.bias,3.894528e-01,7.561529e-02,1.941578e-01
1000,layers.0.k_norm.weight,8.640522e+00,1.150310e-01,1.331297e-02
1000,layers.0.k_norm.bias,3.148784e-01,6.475009e-02,2.056352e-01
1000,layers.0.ln_pre.weight,1.997425e+01,7.606383e-02,3.808094e-03
1000,layers.0.ln_pre.bias,1.023386e-01,3.122864e-02,3.051502e-01
1000,layers.1.q_lut.compress.weight,6.975152e+00,5.967467e-01,8.555321e-02
1000,layers.1.q_lut.compress.bias,3.337002e-01,2.068281e-02,6.198021e-02
1000,layers.1.q_lut.lut_batched.weights,2.802756e+01,1.271776e+01,4.537590e-01
1000,layers.1.q_lut.lut_batched.log_soft_score_temp,7.128022e-01,1.900798e-02,2.666656e-02
1000,layers.1.q_lut.lut_batched.log_select_temp,8.374347e-01,2.663183e-02,3.180168e-02
1000,layers.1.k_lut.compress.weight,6.950155e+00,5.894396e-01,8.480956e-02
1000,layers.1.k_lut.compress.bias,3.510045e-01,2.465584e-02,7.024365e-02
1000,layers.1.k_lut.lut_batched.weights,2.801168e+01,1.263904e+01,4.512060e-01
1000,layers.1.k_lut.lut_batched.log_soft_score_temp,6.566444e-01,2.636576e-02,4.015226e-02
1000,layers.1.k_lut.lut_batched.log_select_temp,7.870658e-01,1.555562e-02,1.976407e-02
1000,layers.1.v_lut.compress.weight,7.056026e+00,5.047292e-01,7.153165e-02
1000,layers.1.v_lut.compress.bias,3.627069e-01,9.717367e-03,2.679124e-02
1000,layers.1.v_lut.lut_batched.weights,3.158355e+01,1.262123e+01,3.996141e-01
1000,layers.1.v_lut.lut_batched.log_soft_score_temp,8.276165e-01,2.926826e-02,3.536452e-02
1000,layers.1.v_lut.lut_batched.log_select_temp,8.485488e-01,4.265577e-02,5.026908e-02
1000,layers.1.out_proj.compress.weight,1.194020e+01,8.447851e-01,7.075135e-02
1000,layers.1.out_proj.compress.bias,5.954996e-01,1.340123e-02,2.250418e-02
1000,layers.1.out_proj.lut_batched.weights,3.140044e+01,1.462273e+01,4.656855e-01
1000,layers.1.out_proj.lut_batched.log_soft_score_temp,8.519086e-01,4.347855e-02,5.103664e-02
1000,layers.1.out_proj.lut_batched.log_select_temp,8.585777e-01,4.732811e-02,5.512386e-02
1000,layers.1.out_proj.decompress.weight,1.132939e+01,9.618150e-01,8.489556e-02
1000,layers.1.out_proj.decompress.bias,5.878091e-01,1.597901e-02,2.718401e-02
1000,layers.1.q_norm.weight,8.557540e+00,1.061828e-01,1.240809e-02
1000,layers.1.q_norm.bias,3.132341e-01,5.868444e-02,1.873501e-01
1000,layers.1.k_norm.weight,8.547336e+00,1.055713e-01,1.235137e-02
1000,layers.1.k_norm.bias,4.762123e-01,1.059485e-01,2.224817e-01
1000,layers.1.ln_pre.weight,1.970091e+01,4.238304e-02,2.151324e-03
1000,layers.1.ln_pre.bias,9.698167e-02,1.862193e-02,1.920149e-01
1000,layers.2.q_lut.compress.weight,6.989238e+00,6.595780e-01,9.437051e-02
1000,layers.2.q_lut.compress.bias,3.608359e-01,2.085559e-02,5.779799e-02
1000,layers.2.q_lut.lut_batched.weights,2.826187e+01,1.284804e+01,4.546070e-01
1000,layers.2.q_lut.lut_batched.log_soft_score_temp,6.914659e-01,2.017224e-02,2.917315e-02
1000,layers.2.q_lut.lut_batched.log_select_temp,8.195044e-01,2.951550e-02,3.601629e-02
1000,layers.2.k_lut.compress.weight,6.931872e+00,6.091642e-01,8.787874e-02
1000,layers.2.k_lut.compress.bias,3.828886e-01,2.358463e-02,6.159659e-02
1000,layers.2.k_lut.lut_batched.weights,2.742870e+01,1.257590e+01,4.584941e-01
1000,layers.2.k_lut.lut_batched.log_soft_score_temp,6.842221e-01,1.797920e-02,2.627685e-02
1000,layers.2.k_lut.lut_batched.log_select_temp,7.917618e-01,2.205276e-02,2.785278e-02
1000,layers.2.v_lut.compress.weight,7.038014e+00,4.992751e-01,7.093977e-02
1000,layers.2.v_lut.compress.bias,3.562884e-01,8.209588e-03,2.304198e-02
1000,layers.2.v_lut.lut_batched.weights,3.202198e+01,1.267939e+01,3.959589e-01
1000,layers.2.v_lut.lut_batched.log_soft_score_temp,7.815045e-01,3.298664e-02,4.220915e-02
1000,layers.2.v_lut.lut_batched.log_select_temp,7.870514e-01,3.834754e-02,4.872305e-02
1000,layers.2.out_proj.compress.weight,1.192501e+01,9.450837e-01,7.925226e-02
1000,layers.2.out_proj.compress.bias,5.840992e-01,1.253590e-02,2.146194e-02
1000,layers.2.out_proj.lut_batched.weights,2.976051e+01,1.452481e+01,4.880564e-01
1000,layers.2.out_proj.lut_batched.log_soft_score_temp,8.232194e-01,4.455602e-02,5.412411e-02
1000,layers.2.out_proj.lut_batched.log_select_temp,8.352607e-01,4.803580e-02,5.750995e-02
1000,layers.2.out_proj.decompress.weight,1.106646e+01,1.039824e+00,9.396173e-02
1000,layers.2.out_proj.decompress.bias,6.004911e-01,1.595097e-02,2.656321e-02
1000,layers.2.q_norm.weight,8.451198e+00,1.161777e-01,1.374689e-02
1000,layers.2.q_norm.bias,2.165141e-01,4.980367e-02,2.300251e-01
1000,layers.2.k_norm.weight,8.415699e+00,1.100957e-01,1.308218e-02
1000,layers.2.k_norm.bias,4.058361e-01,9.542553e-02,2.351332e-01
1000,layers.2.ln_pre.weight,1.967883e+01,4.527955e-02,2.300927e-03
1000,layers.2.ln_pre.bias,8.192840e-02,1.866162e-02,2.277796e-01
1000,layers.3.q_lut.compress.weight,6.972748e+00,6.775249e-01,9.716756e-02
1000,layers.3.q_lut.compress.bias,3.394674e-01,1.882390e-02,5.545129e-02
1000,layers.3.q_lut.lut_batched.weights,2.872340e+01,1.294817e+01,4.507883e-01
1000,layers.3.q_lut.lut_batched.log_soft_score_temp,6.637393e-01,2.885807e-02,4.347801e-02
1000,layers.3.q_lut.lut_batched.log_select_temp,8.115886e-01,2.570772e-02,3.167580e-02
1000,layers.3.k_lut.compress.weight,6.909361e+00,6.049812e-01,8.755965e-02
1000,layers.3.k_lut.compress.bias,3.865670e-01,2.397875e-02,6.203001e-02
1000,layers.3.k_lut.lut_batched.weights,2.817441e+01,1.273604e+01,4.520429e-01
1000,layers.3.k_lut.lut_batched.log_soft_score_temp,6.745819e-01,1.968634e-02,2.918303e-02
1000,layers.3.k_lut.lut_batched.log_select_temp,7.825536e-01,2.223176e-02,2.840925e-02
1000,layers.3.v_lut.compress.weight,6.994163e+00,4.999299e-01,7.147816e-02
1000,layers.3.v_lut.compress.bias,3.612933e-01,9.444308e-03,2.614028e-02
1000,layers.3.v_lut.lut_batched.weights,3.209322e+01,1.248723e+01,3.890924e-01
1000,layers.3.v_lut.lut_batched.log_soft_score_temp,7.436430e-01,1.682824e-02,2.262946e-02
1000,layers.3.v_lut.lut_batched.log_select_temp,7.473594e-01,2.072650e-02,2.773298e-02
1000,layers.3.out_proj.compress.weight,1.175735e+01,9.380664e-01,7.978554e-02
1000,layers.3.out_proj.compress.bias,5.710464e-01,1.295848e-02,2.269252e-02
1000,layers.3.out_proj.lut_batched.weights,2.902800e+01,1.449378e+01,4.993036e-01
1000,layers.3.out_proj.lut_batched.log_soft_score_temp,7.867620e-01,3.072321e-02,3.905020e-02
1000,layers.3.out_proj.lut_batched.log_select_temp,8.039988e-01,3.689879e-02,4.589409e-02
1000,layers.3.out_proj.decompress.weight,1.085151e+01,1.039955e+00,9.583512e-02
1000,layers.3.out_proj.decompress.bias,5.712298e-01,1.543535e-02,2.702127e-02
1000,layers.3.q_norm.weight,8.289360e+00,8.027486e-02,9.684084e-03
1000,layers.3.q_norm.bias,2.399560e-01,4.618986e-02,1.924930e-01
1000,layers.3.k_norm.weight,8.261241e+00,7.660549e-02,9.272879e-03
1000,layers.3.k_norm.bias,3.788358e-01,7.437275e-02,1.963192e-01
1000,layers.3.ln_pre.weight,1.966120e+01,4.260575e-02,2.166997e-03
1000,layers.3.ln_pre.bias,1.050234e-01,1.992115e-02,1.896830e-01
1000,layers.4.q_lut.compress.weight,6.952713e+00,7.174634e-01,1.031919e-01
1000,layers.4.q_lut.compress.bias,3.649562e-01,2.421849e-02,6.635998e-02
1000,layers.4.q_lut.lut_batched.weights,2.892061e+01,1.291346e+01,4.465141e-01
1000,layers.4.q_lut.lut_batched.log_soft_score_temp,6.660627e-01,2.339077e-02,3.511797e-02
1000,layers.4.q_lut.lut_batched.log_select_temp,7.628288e-01,1.734322e-02,2.273541e-02
1000,layers.4.k_lut.compress.weight,6.925383e+00,5.947785e-01,8.588384e-02
1000,layers.4.k_lut.compress.bias,3.679596e-01,2.416555e-02,6.567445e-02
1000,layers.4.k_lut.lut_batched.weights,2.843801e+01,1.277832e+01,4.493395e-01
1000,layers.4.k_lut.lut_batched.log_soft_score_temp,6.716933e-01,2.132720e-02,3.175139e-02
1000,layers.4.k_lut.lut_batched.log_select_temp,7.721993e-01,2.033669e-02,2.633606e-02
1000,layers.4.v_lut.compress.weight,6.964178e+00,4.872797e-01,6.996945e-02
1000,layers.4.v_lut.compress.bias,3.622224e-01,8.138211e-03,2.246744e-02
1000,layers.4.v_lut.lut_batched.weights,3.173638e+01,1.240293e+01,3.908110e-01
1000,layers.4.v_lut.lut_batched.log_soft_score_temp,7.410426e-01,1.523799e-02,2.056290e-02
1000,layers.4.v_lut.lut_batched.log_select_temp,7.432359e-01,1.777542e-02,2.391625e-02
1000,layers.4.out_proj.compress.weight,1.161237e+01,9.030446e-01,7.776573e-02
1000,layers.4.out_proj.compress.bias,5.700785e-01,1.218462e-02,2.137359e-02
1000,layers.4.out_proj.lut_batched.weights,2.875850e+01,1.444369e+01,5.022409e-01
1000,layers.4.out_proj.lut_batched.log_soft_score_temp,7.418109e-01,2.328449e-02,3.138872e-02
1000,layers.4.out_proj.lut_batched.log_select_temp,7.597740e-01,2.955866e-02,3.890454e-02
1000,layers.4.out_proj.decompress.weight,1.074367e+01,1.036055e+00,9.643397e-02
1000,layers.4.out_proj.decompress.bias,5.984386e-01,1.544670e-02,2.581167e-02
1000,layers.4.q_norm.weight,8.143266e+00,5.266525e-02,6.467338e-03
1000,layers.4.q_norm.bias,1.138357e-01,2.832271e-02,2.488033e-01
1000,layers.4.k_norm.weight,8.134376e+00,5.357878e-02,6.586711e-03
1000,layers.4.k_norm.bias,2.169308e-01,5.094114e-02,2.348267e-01
1000,layers.4.ln_pre.weight,1.965129e+01,4.281525e-02,2.178750e-03
1000,layers.4.ln_pre.bias,1.042235e-01,1.977353e-02,1.897224e-01
1000,layers.5.q_lut.compress.weight,6.967009e+00,7.294423e-01,1.046995e-01
1000,layers.5.q_lut.compress.bias,3.851625e-01,2.362723e-02,6.134353e-02
1000,layers.5.q_lut.lut_batched.weights,2.973778e+01,1.302207e+01,4.378967e-01
1000,layers.5.q_lut.lut_batched.log_soft_score_temp,6.588628e-01,2.412558e-02,3.661700e-02
1000,layers.5.q_lut.lut_batched.log_select_temp,7.426711e-01,1.177150e-02,1.585022e-02
1000,layers.5.k_lut.compress.weight,6.906924e+00,6.303666e-01,9.126590e-02
1000,layers.5.k_lut.compress.bias,3.715823e-01,2.759577e-02,7.426557e-02
1000,layers.5.k_lut.lut_batched.weights,2.891155e+01,1.278645e+01,4.422608e-01
1000,layers.5.k_lut.lut_batched.log_soft_score_temp,6.667703e-01,2.368671e-02,3.552454e-02
1000,layers.5.k_lut.lut_batched.log_select_temp,7.806886e-01,1.715219e-02,2.197059e-02
1000,layers.5.v_lut.compress.weight,6.986743e+00,5.144917e-01,7.363827e-02
1000,layers.5.v_lut.compress.bias,3.512528e-01,8.737304e-03,2.487469e-02
1000,layers.5.v_lut.lut_batched.weights,3.287949e+01,1.231103e+01,3.744289e-01
1000,layers.5.v_lut.lut_batched.log_soft_score_temp,7.352455e-01,1.498705e-02,2.038374e-02
1000,layers.5.v_lut.lut_batched.log_select_temp,7.370694e-01,1.743907e-02,2.366001e-02
1000,layers.5.out_proj.compress.weight,1.162595e+01,9.847264e-01,8.470072e-02
1000,layers.5.out_proj.compress.bias,5.535547e-01,1.181418e-02,2.134239e-02
1000,layers.5.out_proj.lut_batched.weights,2.850290e+01,1.460229e+01,5.123092e-01
1000,layers.5.out_proj.lut_batched.log_soft_score_temp,7.396236e-01,2.041799e-02,2.760592e-02
1000,layers.5.out_proj.lut_batched.log_select_temp,7.638127e-01,2.711779e-02,3.550319e-02
1000,layers.5.out_proj.decompress.weight,1.055938e+01,1.117122e+00,1.057943e-01
1000,layers.5.out_proj.decompress.bias,5.859168e-01,1.542786e-02,2.633114e-02
1000,layers.5.q_norm.weight,8.143474e+00,3.442710e-02,4.227569e-03
1000,layers.5.q_norm.bias,1.590205e-01,3.015398e-02,1.896232e-01
1000,layers.5.k_norm.weight,8.137126e+00,3.526589e-02,4.333949e-03
1000,layers.5.k_norm.bias,2.621031e-01,5.162710e-02,1.969725e-01
1000,layers.5.ln_pre.weight,1.965084e+01,4.801646e-02,2.443481e-03
1000,layers.5.ln_pre.bias,1.038310e-01,2.239446e-02,2.156818e-01
1000,ln_final.weight,2.333705e+01,9.085502e-01,3.893167e-02
1000,ln_final.bias,1.569375e+00,2.344843e-01,1.494125e-01
1000,unembedder.weight,1.401190e+02,1.986595e+01,1.417791e-01
1200,tok_emb_E.weight,2.073834e+02,1.051586e+01,5.070733e-02
1200,layers.0.q_lut.compress.weight,7.255570e+00,5.760205e-01,7.939010e-02
1200,layers.0.q_lut.compress.bias,3.586062e-01,2.592596e-02,7.229646e-02
1200,layers.0.q_lut.lut_batched.weights,3.022459e+01,1.035236e+01,3.425146e-01
1200,layers.0.q_lut.lut_batched.log_soft_score_temp,9.021001e-01,4.133022e-02,4.581556e-02
1200,layers.0.q_lut.lut_batched.log_select_temp,9.052575e-01,4.627156e-02,5.111425e-02
1200,layers.0.k_lut.compress.weight,7.067323e+00,6.899132e-01,9.762016e-02
1200,layers.0.k_lut.compress.bias,3.342260e-01,2.634300e-02,7.881793e-02
1200,layers.0.k_lut.lut_batched.weights,3.024619e+01,1.106488e+01,3.658272e-01
1200,layers.0.k_lut.lut_batched.log_soft_score_temp,7.698833e-01,1.914418e-02,2.486634e-02
1200,layers.0.k_lut.lut_batched.log_select_temp,7.805551e-01,2.407831e-02,3.084767e-02
1200,layers.0.v_lut.compress.weight,7.545752e+00,5.636129e-01,7.469274e-02
1200,layers.0.v_lut.compress.bias,3.605004e-01,1.565314e-02,4.342059e-02
1200,layers.0.v_lut.lut_batched.weights,3.939629e+01,1.096814e+01,2.784053e-01
1200,layers.0.v_lut.lut_batched.log_soft_score_temp,8.105265e-01,2.297729e-02,2.834860e-02
1200,layers.0.v_lut.lut_batched.log_select_temp,7.842848e-01,1.699424e-02,2.166845e-02
1200,layers.0.out_proj.compress.weight,1.206059e+01,6.094481e-01,5.053220e-02
1200,layers.0.out_proj.compress.bias,6.712890e-01,9.650553e-03,1.437615e-02
1200,layers.0.out_proj.lut_batched.weights,4.390908e+01,1.632532e+01,3.717982e-01
1200,layers.0.out_proj.lut_batched.log_soft_score_temp,9.033599e-01,3.640991e-02,4.030499e-02
1200,layers.0.out_proj.lut_batched.log_select_temp,9.163225e-01,4.369849e-02,4.768898e-02
1200,layers.0.out_proj.decompress.weight,1.198301e+01,7.760618e-01,6.476350e-02
1200,layers.0.out_proj.decompress.bias,5.968548e-01,1.334571e-02,2.236005e-02
1200,layers.0.q_norm.weight,8.728493e+00,9.258922e-02,1.060770e-02
1200,layers.0.q_norm.bias,4.503449e-01,6.331421e-02,1.405905e-01
1200,layers.0.k_norm.weight,8.719641e+00,9.125793e-02,1.046579e-02
1200,layers.0.k_norm.bias,3.658313e-01,5.488944e-02,1.500403e-01
1200,layers.0.ln_pre.weight,2.002176e+01,6.239091e-02,3.116155e-03
1200,layers.0.ln_pre.bias,1.138251e-01,3.196453e-02,2.808215e-01
1200,layers.1.q_lut.compress.weight,6.986613e+00,5.746983e-01,8.225706e-02
1200,layers.1.q_lut.compress.bias,3.332699e-01,2.239567e-02,6.719980e-02
1200,layers.1.q_lut.lut_batched.weights,3.108972e+01,1.206656e+01,3.881208e-01
1200,layers.1.q_lut.lut_batched.log_soft_score_temp,6.926850e-01,2.011722e-02,2.904238e-02
1200,layers.1.q_lut.lut_batched.log_select_temp,8.605760e-01,2.314126e-02,2.689044e-02
1200,layers.1.k_lut.compress.weight,6.956359e+00,5.679523e-01,8.164506e-02
1200,layers.1.k_lut.compress.bias,3.566218e-01,2.285737e-02,6.409415e-02
1200,layers.1.k_lut.lut_batched.weights,3.098836e+01,1.195901e+01,3.859196e-01
1200,layers.1.k_lut.lut_batched.log_soft_score_temp,6.296390e-01,2.700537e-02,4.289025e-02
1200,layers.1.k_lut.lut_batched.log_select_temp,8.014595e-01,1.439369e-02,1.795934e-02
1200,layers.1.v_lut.compress.weight,7.063878e+00,4.778840e-01,6.765179e-02
1200,layers.1.v_lut.compress.bias,3.632070e-01,1.089596e-02,2.999932e-02
1200,layers.1.v_lut.lut_batched.weights,3.486977e+01,1.183437e+01,3.393878e-01
1200,layers.1.v_lut.lut_batched.log_soft_score_temp,8.343062e-01,6.689727e-03,8.018311e-03
1200,layers.1.v_lut.lut_batched.log_select_temp,8.831681e-01,3.461933e-02,3.919903e-02
1200,layers.1.out_proj.compress.weight,1.200092e+01,8.191426e-01,6.825667e-02
1200,layers.1.out_proj.compress.bias,5.994150e-01,1.352834e-02,2.256923e-02
1200,layers.1.out_proj.lut_batched.weights,3.491878e+01,1.379727e+01,3.951247e-01
1200,layers.1.out_proj.lut_batched.log_soft_score_temp,8.844992e-01,3.259063e-02,3.684642e-02
1200,layers.1.out_proj.lut_batched.log_select_temp,9.000485e-01,4.147077e-02,4.607615e-02
1200,layers.1.out_proj.decompress.weight,1.127564e+01,9.004110e-01,7.985456e-02
1200,layers.1.out_proj.decompress.bias,5.893402e-01,1.349978e-02,2.290660e-02
1200,layers.1.q_norm.weight,8.622300e+00,7.388026e-02,8.568510e-03
1200,layers.1.q_norm.bias,3.566724e-01,4.415077e-02,1.237852e-01
1200,layers.1.k_norm.weight,8.609223e+00,7.147342e-02,8.301959e-03
1200,layers.1.k_norm.bias,5.562672e-01,8.314689e-02,1.494729e-01
1200,layers.1.ln_pre.weight,1.969740e+01,3.964834e-02,2.012872e-03
1200,layers.1.ln_pre.bias,1.072517e-01,1.933594e-02,1.802856e-01
1200,layers.2.q_lut.compress.weight,6.999042e+00,6.172289e-01,8.818763e-02
1200,layers.2.q_lut.compress.bias,3.646450e-01,2.005566e-02,5.500050e-02
1200,layers.2.q_lut.lut_batched.weights,3.127149e+01,1.214832e+01,3.884790e-01
1200,layers.2.q_lut.lut_batched.log_soft_score_temp,6.661121e-01,2.535373e-02,3.806226e-02
1200,layers.2.q_lut.lut_batched.log_select_temp,8.446845e-01,2.518010e-02,2.981007e-02
1200,layers.2.k_lut.compress.weight,6.937864e+00,5.826061e-01,8.397486e-02
1200,layers.2.k_lut.compress.bias,3.853632e-01,2.241608e-02,5.816871e-02
1200,layers.2.k_lut.lut_batched.weights,3.042961e+01,1.200157e+01,3.944043e-01
1200,layers.2.k_lut.lut_batched.log_soft_score_temp,6.581439e-01,2.607816e-02,3.962380e-02
1200,layers.2.k_lut.lut_batched.log_select_temp,8.124317e-01,2.066994e-02,2.544206e-02
1200,layers.2.v_lut.compress.weight,7.046779e+00,4.807644e-01,6.822470e-02
1200,layers.2.v_lut.compress.bias,3.570858e-01,8.422452e-03,2.358663e-02
1200,layers.2.v_lut.lut_batched.weights,3.548764e+01,1.190483e+01,3.354640e-01
1200,layers.2.v_lut.lut_batched.log_soft_score_temp,8.050080e-01,2.350354e-02,2.919666e-02
1200,layers.2.v_lut.lut_batched.log_select_temp,8.234916e-01,3.644025e-02,4.425091e-02
1200,layers.2.out_proj.compress.weight,1.203470e+01,9.020533e-01,7.495436e-02
1200,layers.2.out_proj.compress.bias,5.870107e-01,1.338813e-02,2.280730e-02
1200,layers.2.out_proj.lut_batched.weights,3.314766e+01,1.378076e+01,4.157385e-01
1200,layers.2.out_proj.lut_batched.log_soft_score_temp,8.624964e-01,3.927702e-02,4.553876e-02
1200,layers.2.out_proj.lut_batched.log_select_temp,8.802512e-01,4.499042e-02,5.111089e-02
1200,layers.2.out_proj.decompress.weight,1.101964e+01,9.745157e-01,8.843441e-02
1200,layers.2.out_proj.decompress.bias,6.030598e-01,1.280581e-02,2.123472e-02
1200,layers.2.q_norm.weight,8.537836e+00,9.096877e-02,1.065478e-02
1200,layers.2.q_norm.bias,2.517071e-01,3.721859e-02,1.478647e-01
1200,layers.2.k_norm.weight,8.496014e+00,8.529859e-02,1.003984e-02
1200,layers.2.k_norm.bias,4.777497e-01,7.598244e-02,1.590424e-01
1200,layers.2.ln_pre.weight,1.968050e+01,4.327296e-02,2.198773e-03
1200,layers.2.ln_pre.bias,9.066629e-02,1.827504e-02,2.015638e-01
1200,layers.3.q_lut.compress.weight,6.978385e+00,6.454210e-01,9.248859e-02
1200,layers.3.q_lut.compress.bias,3.402281e-01,2.311206e-02,6.793106e-02
1200,layers.3.q_lut.lut_batched.weights,3.167707e+01,1.228657e+01,3.878695e-01
1200,layers.3.q_lut.lut_batched.log_soft_score_temp,6.305447e-01,3.319460e-02,5.264433e-02
1200,layers.3.q_lut.lut_batched.log_select_temp,8.326628e-01,2.107418e-02,2.530938e-02
1200,layers.3.k_lut.compress.weight,6.909806e+00,5.929459e-01,8.581224e-02
1200,layers.3.k_lut.compress.bias,3.937717e-01,2.397852e-02,6.089447e-02
1200,layers.3.k_lut.lut_batched.weights,3.112852e+01,1.217724e+01,3.911924e-01
1200,layers.3.k_lut.lut_batched.log_soft_score_temp,6.463205e-01,2.826136e-02,4.372655e-02
1200,layers.3.k_lut.lut_batched.log_select_temp,8.009712e-01,1.841754e-02,2.299401e-02
1200,layers.3.v_lut.compress.weight,7.001644e+00,4.766693e-01,6.807962e-02
1200,layers.3.v_lut.compress.bias,3.606740e-01,8.182872e-03,2.268773e-02
1200,layers.3.v_lut.lut_batched.weights,3.529837e+01,1.176414e+01,3.332771e-01
1200,layers.3.v_lut.lut_batched.log_soft_score_temp,7.587809e-01,1.513785e-02,1.995023e-02
1200,layers.3.v_lut.lut_batched.log_select_temp,7.693558e-01,2.199638e-02,2.859065e-02
1200,layers.3.out_proj.compress.weight,1.185515e+01,9.038370e-01,7.624004e-02
1200,layers.3.out_proj.compress.bias,5.713683e-01,1.251408e-02,2.190194e-02
1200,layers.3.out_proj.lut_batched.weights,3.223555e+01,1.381324e+01,4.285096e-01
1200,layers.3.out_proj.lut_batched.log_soft_score_temp,8.157048e-01,2.894282e-02,3.548198e-02
1200,layers.3.out_proj.lut_batched.log_select_temp,8.405460e-01,3.654718e-02,4.348029e-02
1200,layers.3.out_proj.decompress.weight,1.077504e+01,9.661987e-01,8.967004e-02
1200,layers.3.out_proj.decompress.bias,5.719069e-01,1.170049e-02,2.045873e-02
1200,layers.3.q_norm.weight,8.346203e+00,6.192284e-02,7.419283e-03
1200,layers.3.q_norm.bias,2.729671e-01,3.477751e-02,1.274055e-01
1200,layers.3.k_norm.weight,8.314521e+00,6.085698e-02,7.319361e-03
1200,layers.3.k_norm.bias,4.348450e-01,6.002819e-02,1.380450e-01
1200,layers.3.ln_pre.weight,1.966298e+01,4.132961e-02,2.101899e-03
1200,layers.3.ln_pre.bias,1.181417e-01,1.976483e-02,1.672977e-01
1200,layers.4.q_lut.compress.weight,6.958702e+00,6.768689e-01,9.726942e-02
1200,layers.4.q_lut.compress.bias,3.704771e-01,2.408366e-02,6.500713e-02
1200,layers.4.q_lut.lut_batched.weights,3.183267e+01,1.232926e+01,3.873147e-01
1200,layers.4.q_lut.lut_batched.log_soft_score_temp,6.380252e-01,2.803749e-02,4.394417e-02
1200,layers.4.q_lut.lut_batched.log_select_temp,7.766861e-01,1.385736e-02,1.784165e-02
1200,layers.4.k_lut.compress.weight,6.924804e+00,5.697550e-01,8.227741e-02
1200,layers.4.k_lut.compress.bias,3.705518e-01,2.140198e-02,5.775705e-02
1200,layers.4.k_lut.lut_batched.weights,3.137409e+01,1.215651e+01,3.874697e-01
1200,layers.4.k_lut.lut_batched.log_soft_score_temp,6.485697e-01,2.312362e-02,3.565326e-02
1200,layers.4.k_lut.lut_batched.log_select_temp,7.887979e-01,1.659858e-02,2.104288e-02
1200,layers.4.v_lut.compress.weight,6.969439e+00,4.679259e-01,6.713968e-02
1200,layers.4.v_lut.compress.bias,3.635373e-01,8.547849e-03,2.351299e-02
1200,layers.4.v_lut.lut_batched.weights,3.497022e+01,1.163199e+01,3.326255e-01
1200,layers.4.v_lut.lut_batched.log_soft_score_temp,7.577010e-01,1.665843e-02,2.198549e-02
1200,layers.4.v_lut.lut_batched.log_select_temp,7.651072e-01,2.187127e-02,2.858589e-02
1200,layers.4.out_proj.compress.weight,1.171480e+01,8.668389e-01,7.399520e-02
1200,layers.4.out_proj.compress.bias,5.713526e-01,1.316091e-02,2.303466e-02
1200,layers.4.out_proj.lut_batched.weights,3.196293e+01,1.378176e+01,4.311794e-01
1200,layers.4.out_proj.lut_batched.log_soft_score_temp,7.669860e-01,2.517509e-02,3.282341e-02
1200,layers.4.out_proj.lut_batched.log_select_temp,7.918123e-01,3.203833e-02,4.046203e-02
1200,layers.4.out_proj.decompress.weight,1.066487e+01,9.643384e-01,9.042199e-02
1200,layers.4.out_proj.decompress.bias,5.998648e-01,1.217545e-02,2.029700e-02
1200,layers.4.q_norm.weight,8.179088e+00,4.475910e-02,5.472383e-03
1200,layers.4.q_norm.bias,1.371850e-01,2.525895e-02,1.841232e-01
1200,layers.4.k_norm.weight,8.168203e+00,4.304051e-02,5.269275e-03
1200,layers.4.k_norm.bias,2.533802e-01,4.075704e-02,1.608533e-01
1200,layers.4.ln_pre.weight,1.965398e+01,4.053267e-02,2.062313e-03
1200,layers.4.ln_pre.bias,1.186297e-01,1.944678e-02,1.639284e-01
1200,layers.5.q_lut.compress.weight,6.971923e+00,6.824988e-01,9.789247e-02
1200,layers.5.q_lut.compress.bias,3.852597e-01,2.192920e-02,5.692056e-02
1200,layers.5.q_lut.lut_batched.weights,3.260286e+01,1.238422e+01,3.798506e-01
1200,layers.5.q_lut.lut_batched.log_soft_score_temp,6.343470e-01,2.451581e-02,3.864732e-02
1200,layers.5.q_lut.lut_batched.log_select_temp,7.542382e-01,1.156718e-02,1.533624e-02
1200,layers.5.k_lut.compress.weight,6.908500e+00,6.140398e-01,8.888179e-02
1200,layers.5.k_lut.compress.bias,3.761030e-01,2.845526e-02,7.565816e-02
1200,layers.5.k_lut.lut_batched.weights,3.184764e+01,1.222256e+01,3.837822e-01
1200,layers.5.k_lut.lut_batched.log_soft_score_temp,6.409464e-01,2.582383e-02,4.029015e-02
1200,layers.5.k_lut.lut_batched.log_select_temp,7.950989e-01,1.441026e-02,1.812386e-02
1200,layers.5.v_lut.compress.weight,6.994174e+00,4.804271e-01,6.868961e-02
1200,layers.5.v_lut.compress.bias,3.520052e-01,7.589649e-03,2.156118e-02
1200,layers.5.v_lut.lut_batched.weights,3.591405e+01,1.152051e+01,3.207800e-01
1200,layers.5.v_lut.lut_batched.log_soft_score_temp,7.493135e-01,1.406801e-02,1.877453e-02
1200,layers.5.v_lut.lut_batched.log_select_temp,7.556699e-01,1.860046e-02,2.461454e-02
1200,layers.5.out_proj.compress.weight,1.173004e+01,9.225130e-01,7.864534e-02
1200,layers.5.out_proj.compress.bias,5.525317e-01,1.247496e-02,2.257782e-02
1200,layers.5.out_proj.lut_batched.weights,3.163781e+01,1.396913e+01,4.415328e-01
1200,layers.5.out_proj.lut_batched.log_soft_score_temp,7.588121e-01,1.918852e-02,2.528758e-02
1200,layers.5.out_proj.lut_batched.log_select_temp,7.898496e-01,2.603686e-02,3.296433e-02
1200,layers.5.out_proj.decompress.weight,1.047383e+01,1.006801e+00,9.612531e-02
1200,layers.5.out_proj.decompress.bias,5.868935e-01,1.275967e-02,2.174102e-02
1200,layers.5.q_norm.weight,8.164705e+00,2.836647e-02,3.474280e-03
1200,layers.5.q_norm.bias,1.780629e-01,2.187162e-02,1.228309e-01
1200,layers.5.k_norm.weight,8.157127e+00,3.024327e-02,3.707588e-03
1200,layers.5.k_norm.bias,2.939967e-01,3.789958e-02,1.289116e-01
1200,layers.5.ln_pre.weight,1.965243e+01,4.269965e-02,2.172741e-03
1200,layers.5.ln_pre.bias,1.171028e-01,1.863768e-02,1.591566e-01
1200,ln_final.weight,2.420227e+01,8.659033e-01,3.577778e-02
1200,ln_final.bias,1.731884e+00,1.792355e-01,1.034917e-01
1200,unembedder.weight,1.456477e+02,1.781324e+01,1.223036e-01
1400,tok_emb_E.weight,2.078165e+02,9.776716e+00,4.704495e-02
1400,layers.0.q_lut.compress.weight,7.286045e+00,5.494400e-01,7.540992e-02
1400,layers.0.q_lut.compress.bias,3.597973e-01,2.588850e-02,7.195303e-02
1400,layers.0.q_lut.lut_batched.weights,3.270982e+01,9.742631e+00,2.978504e-01
1400,layers.0.q_lut.lut_batched.log_soft_score_temp,9.353982e-01,3.329808e-02,3.559776e-02
1400,layers.0.q_lut.lut_batched.log_select_temp,9.466339e-01,4.137635e-02,4.370893e-02
1400,layers.0.k_lut.compress.weight,7.092238e+00,6.472552e-01,9.126247e-02
1400,layers.0.k_lut.compress.bias,3.336014e-01,2.769961e-02,8.303203e-02
1400,layers.0.k_lut.lut_batched.weights,3.280562e+01,1.044339e+01,3.183417e-01
1400,layers.0.k_lut.lut_batched.log_soft_score_temp,7.877889e-01,1.790553e-02,2.272885e-02
1400,layers.0.k_lut.lut_batched.log_select_temp,8.035074e-01,2.295226e-02,2.856509e-02
1400,layers.0.v_lut.compress.weight,7.589321e+00,5.307403e-01,6.993252e-02
1400,layers.0.v_lut.compress.bias,3.608025e-01,1.670076e-02,4.628781e-02
1400,layers.0.v_lut.lut_batched.weights,4.202315e+01,1.019988e+01,2.427206e-01
1400,layers.0.v_lut.lut_batched.log_soft_score_temp,8.352393e-01,2.471280e-02,2.958769e-02
1400,layers.0.v_lut.lut_batched.log_select_temp,8.031321e-01,1.884723e-02,2.346716e-02
1400,layers.0.out_proj.compress.weight,1.207660e+01,5.924016e-01,4.905365e-02
1400,layers.0.out_proj.compress.bias,6.748614e-01,1.052855e-02,1.560106e-02
1400,layers.0.out_proj.lut_batched.weights,4.863356e+01,1.545405e+01,3.177652e-01
1400,layers.0.out_proj.lut_batched.log_soft_score_temp,9.322515e-01,2.889162e-02,3.099123e-02
1400,layers.0.out_proj.lut_batched.log_select_temp,9.566498e-01,4.032731e-02,4.215472e-02
1400,layers.0.out_proj.decompress.weight,1.203613e+01,7.240670e-01,6.015778e-02
1400,layers.0.out_proj.decompress.bias,5.997032e-01,1.297958e-02,2.164334e-02
1400,layers.0.q_norm.weight,8.791227e+00,7.255010e-02,8.252557e-03
1400,layers.0.q_norm.bias,5.035392e-01,5.479136e-02,1.088125e-01
1400,layers.0.k_norm.weight,8.781496e+00,7.222400e-02,8.224567e-03
1400,layers.0.k_norm.bias,4.060801e-01,4.302851e-02,1.059607e-01
1400,layers.0.ln_pre.weight,2.005821e+01,5.677203e-02,2.830364e-03
1400,layers.0.ln_pre.bias,1.203099e-01,3.169743e-02,2.634649e-01
1400,layers.1.q_lut.compress.weight,6.993623e+00,5.398580e-01,7.719290e-02
1400,layers.1.q_lut.compress.bias,3.350139e-01,1.928585e-02,5.756732e-02
1400,layers.1.q_lut.lut_batched.weights,3.358784e+01,1.133444e+01,3.374566e-01
1400,layers.1.q_lut.lut_batched.log_soft_score_temp,6.706896e-01,2.199543e-02,3.279524e-02
1400,layers.1.q_lut.lut_batched.log_select_temp,8.805768e-01,2.000087e-02,2.271338e-02
1400,layers.1.k_lut.compress.weight,6.960246e+00,5.413048e-01,7.777094e-02
1400,layers.1.k_lut.compress.bias,3.638401e-01,2.453807e-02,6.744191e-02
1400,layers.1.k_lut.lut_batched.weights,3.338799e+01,1.125907e+01,3.372190e-01
1400,layers.1.k_lut.lut_batched.log_soft_score_temp,6.037049e-01,2.593410e-02,4.295824e-02
1400,layers.1.k_lut.lut_batched.log_select_temp,8.134850e-01,1.202554e-02,1.478274e-02
1400,layers.1.v_lut.compress.weight,7.063187e+00,4.585510e-01,6.492126e-02
1400,layers.1.v_lut.compress.bias,3.644370e-01,9.451700e-03,2.593508e-02
1400,layers.1.v_lut.lut_batched.weights,3.745718e+01,1.102486e+01,2.943324e-01
1400,layers.1.v_lut.lut_batched.log_soft_score_temp,8.199078e-01,1.439846e-02,1.756107e-02
1400,layers.1.v_lut.lut_batched.log_select_temp,9.116526e-01,2.848452e-02,3.124493e-02
1400,layers.1.out_proj.compress.weight,1.203232e+01,7.877710e-01,6.547124e-02
1400,layers.1.out_proj.compress.bias,6.022565e-01,1.461114e-02,2.426066e-02
1400,layers.1.out_proj.lut_batched.weights,3.773254e+01,1.290796e+01,3.420910e-01
1400,layers.1.out_proj.lut_batched.log_soft_score_temp,9.095240e-01,2.502477e-02,2.751414e-02
1400,layers.1.out_proj.lut_batched.log_select_temp,9.400148e-01,3.996629e-02,4.251666e-02
1400,layers.1.out_proj.decompress.weight,1.121988e+01,8.482975e-01,7.560666e-02
1400,layers.1.out_proj.decompress.bias,5.919638e-01,1.278291e-02,2.159407e-02
1400,layers.1.q_norm.weight,8.674127e+00,5.836986e-02,6.729191e-03
1400,layers.1.q_norm.bias,3.914574e-01,3.634945e-02,9.285670e-02
1400,layers.1.k_norm.weight,8.658509e+00,5.570659e-02,6.433739e-03
1400,layers.1.k_norm.bias,6.224127e-01,6.969751e-02,1.119796e-01
1400,layers.1.ln_pre.weight,1.968757e+01,4.075747e-02,2.070213e-03
1400,layers.1.ln_pre.bias,1.177194e-01,1.886891e-02,1.602872e-01
1400,layers.2.q_lut.compress.weight,7.003806e+00,5.856557e-01,8.361964e-02
1400,layers.2.q_lut.compress.bias,3.646643e-01,1.938556e-02,5.316000e-02
1400,layers.2.q_lut.lut_batched.weights,3.374908e+01,1.140901e+01,3.380540e-01
1400,layers.2.q_lut.lut_batched.log_soft_score_temp,6.375995e-01,2.851260e-02,4.471866e-02
1400,layers.2.q_lut.lut_batched.log_select_temp,8.674849e-01,2.280039e-02,2.628332e-02
1400,layers.2.k_lut.compress.weight,6.940074e+00,5.593297e-01,8.059421e-02
1400,layers.2.k_lut.compress.bias,3.917066e-01,2.459618e-02,6.279236e-02
1400,layers.2.k_lut.lut_batched.weights,3.288522e+01,1.128156e+01,3.430588e-01
1400,layers.2.k_lut.lut_batched.log_soft_score_temp,6.317444e-01,2.639955e-02,4.178835e-02
1400,layers.2.k_lut.lut_batched.log_select_temp,8.275831e-01,1.515138e-02,1.830799e-02
1400,layers.2.v_lut.compress.weight,7.048243e+00,4.605651e-01,6.534467e-02
1400,layers.2.v_lut.compress.bias,3.576859e-01,9.465864e-03,2.646418e-02
1400,layers.2.v_lut.lut_batched.weights,3.823063e+01,1.108583e+01,2.899726e-01
1400,layers.2.v_lut.lut_batched.log_soft_score_temp,8.136277e-01,8.619666e-03,1.059412e-02
1400,layers.2.v_lut.lut_batched.log_select_temp,8.595725e-01,3.608084e-02,4.197533e-02
1400,layers.2.out_proj.compress.weight,1.210574e+01,8.581075e-01,7.088435e-02
1400,layers.2.out_proj.compress.bias,5.891557e-01,1.467275e-02,2.490471e-02
1400,layers.2.out_proj.lut_batched.weights,3.585696e+01,1.297199e+01,3.617706e-01
1400,layers.2.out_proj.lut_batched.log_soft_score_temp,8.942280e-01,3.173155e-02,3.548485e-02
1400,layers.2.out_proj.lut_batched.log_select_temp,9.208432e-01,4.059201e-02,4.408135e-02
1400,layers.2.out_proj.decompress.weight,1.097014e+01,9.095301e-01,8.290965e-02
1400,layers.2.out_proj.decompress.bias,6.050162e-01,1.158128e-02,1.914211e-02
1400,layers.2.q_norm.weight,8.604568e+00,7.017620e-02,8.155691e-03
1400,layers.2.q_norm.bias,2.783950e-01,2.879931e-02,1.034477e-01
1400,layers.2.k_norm.weight,8.558553e+00,6.767160e-02,7.906898e-03
1400,layers.2.k_norm.bias,5.263379e-01,5.480248e-02,1.041203e-01
1400,layers.2.ln_pre.weight,1.967550e+01,4.030773e-02,2.048626e-03
1400,layers.2.ln_pre.bias,1.041959e-01,2.050296e-02,1.967732e-01
1400,layers.3.q_lut.compress.weight,6.978982e+00,6.034197e-01,8.646242e-02
1400,layers.3.q_lut.compress.bias,3.420884e-01,2.071279e-02,6.054807e-02
1400,layers.3.q_lut.lut_batched.weights,3.411396e+01,1.152994e+01,3.379829e-01
1400,layers.3.q_lut.lut_batched.log_soft_score_temp,5.983042e-01,3.224045e-02,5.388638e-02
1400,layers.3.q_lut.lut_batched.log_select_temp,8.505324e-01,1.786959e-02,2.100989e-02
1400,layers.3.k_lut.compress.weight,6.908810e+00,5.560675e-01,8.048672e-02
1400,layers.3.k_lut.compress.bias,4.014570e-01,2.123418e-02,5.289278e-02
1400,layers.3.k_lut.lut_batched.weights,3.354106e+01,1.142639e+01,3.406688e-01
1400,layers.3.k_lut.lut_batched.log_soft_score_temp,6.202235e-01,2.609706e-02,4.207687e-02
1400,layers.3.k_lut.lut_batched.log_select_temp,8.171264e-01,1.615524e-02,1.977080e-02
1400,layers.3.v_lut.compress.weight,7.003813e+00,4.554480e-01,6.502858e-02
1400,layers.3.v_lut.compress.bias,3.603411e-01,8.151657e-03,2.262206e-02
1400,layers.3.v_lut.lut_batched.weights,3.791475e+01,1.102175e+01,2.906981e-01
1400,layers.3.v_lut.lut_batched.log_soft_score_temp,7.707646e-01,1.198375e-02,1.554787e-02
1400,layers.3.v_lut.lut_batched.log_select_temp,7.926991e-01,2.334332e-02,2.944790e-02
1400,layers.3.out_proj.compress.weight,1.192493e+01,8.506762e-01,7.133596e-02
1400,layers.3.out_proj.compress.bias,5.714854e-01,1.216315e-02,2.128340e-02
1400,layers.3.out_proj.lut_batched.weights,3.479223e+01,1.299952e+01,3.736329e-01
1400,layers.3.out_proj.lut_batched.log_soft_score_temp,8.421549e-01,2.645010e-02,3.140764e-02
1400,layers.3.out_proj.lut_batched.log_select_temp,8.762157e-01,3.566968e-02,4.070879e-02
1400,layers.3.out_proj.decompress.weight,1.070738e+01,8.991950e-01,8.397902e-02
1400,layers.3.out_proj.decompress.bias,5.725166e-01,1.043310e-02,1.822323e-02
1400,layers.3.q_norm.weight,8.396033e+00,5.464658e-02,6.508619e-03
1400,layers.3.q_norm.bias,3.031469e-01,3.204580e-02,1.057105e-01
1400,layers.3.k_norm.weight,8.360694e+00,5.362426e-02,6.413853e-03
1400,layers.3.k_norm.bias,4.802415e-01,4.901684e-02,1.020671e-01
1400,layers.3.ln_pre.weight,1.966075e+01,3.739362e-02,1.901942e-03
1400,layers.3.ln_pre.bias,1.293237e-01,1.749874e-02,1.353097e-01
1400,layers.4.q_lut.compress.weight,6.962117e+00,6.446108e-01,9.258833e-02
1400,layers.4.q_lut.compress.bias,3.767464e-01,2.491989e-02,6.614499e-02
1400,layers.4.q_lut.lut_batched.weights,3.421149e+01,1.158697e+01,3.386866e-01
1400,layers.4.q_lut.lut_batched.log_soft_score_temp,6.098564e-01,2.816880e-02,4.618923e-02
1400,layers.4.q_lut.lut_batched.log_select_temp,7.919027e-01,1.521653e-02,1.921515e-02
1400,layers.4.k_lut.compress.weight,6.922821e+00,5.477666e-01,7.912477e-02
1400,layers.4.k_lut.compress.bias,3.732797e-01,2.310298e-02,6.189187e-02
1400,layers.4.k_lut.lut_batched.weights,3.382340e+01,1.144772e+01,3.384556e-01
1400,layers.4.k_lut.lut_batched.log_soft_score_temp,6.253431e-01,2.322662e-02,3.714220e-02
1400,layers.4.k_lut.lut_batched.log_select_temp,8.015662e-01,1.276827e-02,1.592915e-02
1400,layers.4.v_lut.compress.weight,6.971408e+00,4.400072e-01,6.311597e-02
1400,layers.4.v_lut.compress.bias,3.636694e-01,7.819874e-03,2.150270e-02
1400,layers.4.v_lut.lut_batched.weights,3.765614e+01,1.085847e+01,2.883586e-01
1400,layers.4.v_lut.lut_batched.log_soft_score_temp,7.722890e-01,1.458800e-02,1.888930e-02
1400,layers.4.v_lut.lut_batched.log_select_temp,7.872311e-01,2.212393e-02,2.810348e-02
1400,layers.4.out_proj.compress.weight,1.179387e+01,8.298342e-01,7.036147e-02
1400,layers.4.out_proj.compress.bias,5.729539e-01,1.454237e-02,2.538140e-02
1400,layers.4.out_proj.lut_batched.weights,3.456404e+01,1.298827e+01,3.757741e-01
1400,layers.4.out_proj.lut_batched.log_soft_score_temp,7.917449e-01,2.475893e-02,3.127135e-02
1400,layers.4.out_proj.lut_batched.log_select_temp,8.247497e-01,3.293741e-02,3.993625e-02
1400,layers.4.out_proj.decompress.weight,1.059737e+01,9.013118e-01,8.505049e-02
1400,layers.4.out_proj.decompress.bias,6.000507e-01,1.042472e-02,1.737306e-02
1400,layers.4.q_norm.weight,8.213902e+00,4.159367e-02,5.063814e-03
1400,layers.4.q_norm.bias,1.566941e-01,2.275592e-02,1.452252e-01
1400,layers.4.k_norm.weight,8.201092e+00,4.110740e-02,5.012430e-03
1400,layers.4.k_norm.bias,2.855833e-01,3.662075e-02,1.282314e-01
1400,layers.4.ln_pre.weight,1.965371e+01,3.923306e-02,1.996217e-03
1400,layers.4.ln_pre.bias,1.344959e-01,2.088470e-02,1.552813e-01
1400,layers.5.q_lut.compress.weight,6.972464e+00,6.463005e-01,9.269327e-02
1400,layers.5.q_lut.compress.bias,3.903876e-01,2.418395e-02,6.194856e-02
1400,layers.5.q_lut.lut_batched.weights,3.497761e+01,1.169256e+01,3.342870e-01
1400,layers.5.q_lut.lut_batched.log_soft_score_temp,6.072461e-01,2.710086e-02,4.462912e-02
1400,layers.5.q_lut.lut_batched.log_select_temp,7.652814e-01,1.104319e-02,1.443023e-02
1400,layers.5.k_lut.compress.weight,6.907210e+00,5.765796e-01,8.347504e-02
1400,layers.5.k_lut.compress.bias,3.786565e-01,2.657429e-02,7.018047e-02
1400,layers.5.k_lut.lut_batched.weights,3.425300e+01,1.153364e+01,3.367191e-01
1400,layers.5.k_lut.lut_batched.log_soft_score_temp,6.149961e-01,2.595037e-02,4.219600e-02
1400,layers.5.k_lut.lut_batched.log_select_temp,8.083248e-01,1.322585e-02,1.636205e-02
1400,layers.5.v_lut.compress.weight,6.998830e+00,4.535286e-01,6.480063e-02
1400,layers.5.v_lut.compress.bias,3.511699e-01,9.235744e-03,2.629993e-02
1400,layers.5.v_lut.lut_batched.weights,3.847011e+01,1.074456e+01,2.792963e-01
1400,layers.5.v_lut.lut_batched.log_soft_score_temp,7.620433e-01,1.272982e-02,1.670486e-02
1400,layers.5.v_lut.lut_batched.log_select_temp,7.752883e-01,1.961845e-02,2.530472e-02
1400,layers.5.out_proj.compress.weight,1.181601e+01,8.753532e-01,7.408198e-02
1400,layers.5.out_proj.compress.bias,5.521563e-01,1.339864e-02,2.426603e-02
1400,layers.5.out_proj.lut_batched.weights,3.422686e+01,1.315927e+01,3.844722e-01
1400,layers.5.out_proj.lut_batched.log_soft_score_temp,7.796850e-01,2.087289e-02,2.677093e-02
1400,layers.5.out_proj.lut_batched.log_select_temp,8.188385e-01,2.898890e-02,3.540246e-02
1400,layers.5.out_proj.decompress.weight,1.041265e+01,9.283163e-01,8.915278e-02
1400,layers.5.out_proj.decompress.bias,5.866001e-01,1.238592e-02,2.111476e-02
1400,layers.5.q_norm.weight,8.184605e+00,2.901457e-02,3.545017e-03
1400,layers.5.q_norm.bias,1.945705e-01,1.975350e-02,1.015236e-01
1400,layers.5.k_norm.weight,8.175179e+00,2.975857e-02,3.640112e-03
1400,layers.5.k_norm.bias,3.154097e-01,2.928076e-02,9.283406e-02
1400,layers.5.ln_pre.weight,1.965170e+01,3.808586e-02,1.938044e-03
1400,layers.5.ln_pre.bias,1.310114e-01,2.080819e-02,1.588274e-01
1400,ln_final.weight,2.501725e+01,8.155737e-01,3.260046e-02
1400,ln_final.bias,1.861660e+00,1.523578e-01,8.183976e-02
1400,unembedder.weight,1.499596e+02,1.578179e+01,1.052403e-01
1600,tok_emb_E.weight,2.081845e+02,9.011527e+00,4.328625e-02
1600,layers.0.q_lut.compress.weight,7.305897e+00,5.212010e-01,7.133977e-02
1600,layers.0.q_lut.compress.bias,3.601173e-01,2.225908e-02,6.181066e-02
1600,layers.0.q_lut.lut_batched.weights,3.473248e+01,9.041424e+00,2.603161e-01
1600,layers.0.q_lut.lut_batched.log_soft_score_temp,9.623574e-01,2.695924e-02,2.801375e-02
1600,layers.0.q_lut.lut_batched.log_select_temp,9.847749e-01,3.814101e-02,3.873069e-02
1600,layers.0.k_lut.compress.weight,7.111515e+00,6.062446e-01,8.524831e-02
1600,layers.0.k_lut.compress.bias,3.339578e-01,2.579438e-02,7.723845e-02
1600,layers.0.k_lut.lut_batched.weights,3.487920e+01,9.681969e+00,2.775857e-01
1600,layers.0.k_lut.lut_batched.log_soft_score_temp,8.048789e-01,1.709002e-02,2.123304e-02
1600,layers.0.k_lut.lut_batched.log_select_temp,8.265353e-01,2.302790e-02,2.786075e-02
1600,layers.0.v_lut.compress.weight,7.623220e+00,4.982782e-01,6.536322e-02
1600,layers.0.v_lut.compress.bias,3.611792e-01,1.587191e-02,4.394470e-02
1600,layers.0.v_lut.lut_batched.weights,4.409226e+01,9.418902e+00,2.136180e-01
1600,layers.0.v_lut.lut_batched.log_soft_score_temp,8.595517e-01,2.431244e-02,2.828502e-02
1600,layers.0.v_lut.lut_batched.log_select_temp,8.225108e-01,1.937872e-02,2.356045e-02
1600,layers.0.out_proj.compress.weight,1.208393e+01,5.728490e-01,4.740587e-02
1600,layers.0.out_proj.compress.bias,6.775243e-01,1.084429e-02,1.600575e-02
1600,layers.0.out_proj.lut_batched.weights,5.255766e+01,1.433235e+01,2.726976e-01
1600,layers.0.out_proj.lut_batched.log_soft_score_temp,9.577215e-01,2.547002e-02,2.659439e-02
1600,layers.0.out_proj.lut_batched.log_select_temp,9.961724e-01,3.952259e-02,3.967445e-02
1600,layers.0.out_proj.decompress.weight,1.208044e+01,6.735975e-01,5.575933e-02
1600,layers.0.out_proj.decompress.bias,6.022122e-01,1.166554e-02,1.937115e-02
1600,layers.0.q_norm.weight,8.838064e+00,5.594370e-02,6.329859e-03
1600,layers.0.q_norm.bias,5.460071e-01,4.455527e-02,8.160199e-02
1600,layers.0.k_norm.weight,8.828103e+00,5.541411e-02,6.277013e-03
1600,layers.0.k_norm.bias,4.369515e-01,3.496448e-02,8.001914e-02
1600,layers.0.ln_pre.weight,2.008665e+01,4.947543e-02,2.463100e-03
1600,layers.0.ln_pre.bias,1.240353e-01,3.027405e-02,2.440762e-01
1600,layers.1.q_lut.compress.weight,6.996343e+00,5.152417e-01,7.364443e-02
1600,layers.1.q_lut.compress.bias,3.349774e-01,2.051859e-02,6.125365e-02
1600,layers.1.q_lut.lut_batched.weights,3.563602e+01,1.050083e+01,2.946691e-01
1600,layers.1.q_lut.lut_batched.log_soft_score_temp,6.471781e-01,2.351153e-02,3.632931e-02
1600,layers.1.q_lut.lut_batched.log_select_temp,8.984318e-01,1.785499e-02,1.987350e-02
1600,layers.1.k_lut.compress.weight,6.960711e+00,5.106969e-01,7.336849e-02
1600,layers.1.k_lut.compress.bias,3.677146e-01,2.088514e-02,5.679714e-02
1600,layers.1.k_lut.lut_batched.weights,3.534957e+01,1.042754e+01,2.949834e-01
1600,layers.1.k_lut.lut_batched.log_soft_score_temp,5.777159e-01,2.598906e-02,4.498588e-02
1600,layers.1.k_lut.lut_batched.log_select_temp,8.219335e-01,8.448482e-03,1.027879e-02
1600,layers.1.v_lut.compress.weight,7.057328e+00,4.312310e-01,6.110401e-02
1600,layers.1.v_lut.compress.bias,3.660082e-01,1.062241e-02,2.902234e-02
1600,layers.1.v_lut.lut_batched.weights,3.946732e+01,1.019546e+01,2.583266e-01
1600,layers.1.v_lut.lut_batched.log_soft_score_temp,7.917410e-01,2.816677e-02,3.557574e-02
1600,layers.1.v_lut.lut_batched.log_select_temp,9.304801e-01,1.882750e-02,2.023418e-02
1600,layers.1.out_proj.compress.weight,1.204210e+01,7.598249e-01,6.309738e-02
1600,layers.1.out_proj.compress.bias,6.050483e-01,1.429477e-02,2.362583e-02
1600,layers.1.out_proj.lut_batched.weights,3.995397e+01,1.199200e+01,3.001454e-01
1600,layers.1.out_proj.lut_batched.log_soft_score_temp,9.185816e-01,9.057641e-03,9.860464e-03
1600,layers.1.out_proj.lut_batched.log_select_temp,9.753264e-01,3.531164e-02,3.620494e-02
1600,layers.1.out_proj.decompress.weight,1.115674e+01,7.936474e-01,7.113614e-02
1600,layers.1.out_proj.decompress.bias,5.940965e-01,1.098570e-02,1.849144e-02
1600,layers.1.q_norm.weight,8.709652e+00,4.061135e-02,4.662798e-03
1600,layers.1.q_norm.bias,4.158747e-01,2.599918e-02,6.251685e-02
1600,layers.1.k_norm.weight,8.691976e+00,4.017564e-02,4.622153e-03
1600,layers.1.k_norm.bias,6.717195e-01,5.294338e-02,7.881770e-02
1600,layers.1.ln_pre.weight,1.967397e+01,3.827843e-02,1.945638e-03
1600,layers.1.ln_pre.bias,1.253486e-01,1.714889e-02,1.368096e-01
1600,layers.2.q_lut.compress.weight,7.004519e+00,5.510156e-01,7.866572e-02
1600,layers.2.q_lut.compress.bias,3.657514e-01,2.098598e-02,5.737771e-02
1600,layers.2.q_lut.lut_batched.weights,3.577202e+01,1.060509e+01,2.964633e-01
1600,layers.2.q_lut.lut_batched.log_soft_score_temp,6.092077e-01,2.839184e-02,4.660453e-02
1600,layers.2.q_lut.lut_batched.log_select_temp,8.851221e-01,1.763725e-02,1.992635e-02
1600,layers.2.k_lut.compress.weight,6.938372e+00,5.216683e-01,7.518598e-02
1600,layers.2.k_lut.compress.bias,3.964429e-01,2.158825e-02,5.445487e-02
1600,layers.2.k_lut.lut_batched.weights,3.488155e+01,1.051700e+01,3.015061e-01
1600,layers.2.k_lut.lut_batched.log_soft_score_temp,6.040772e-01,2.766716e-02,4.580071e-02
1600,layers.2.k_lut.lut_batched.log_select_temp,8.435403e-01,1.595718e-02,1.891691e-02
1600,layers.2.v_lut.compress.weight,7.043316e+00,4.446670e-01,6.313319e-02
1600,layers.2.v_lut.compress.bias,3.584082e-01,9.188012e-03,2.563561e-02
1600,layers.2.v_lut.lut_batched.weights,4.041659e+01,1.026537e+01,2.539889e-01
1600,layers.2.v_lut.lut_batched.log_soft_score_temp,8.004664e-01,1.316130e-02,1.644204e-02
1600,layers.2.v_lut.lut_batched.log_select_temp,8.894324e-01,2.985996e-02,3.357193e-02
1600,layers.2.out_proj.compress.weight,1.214730e+01,8.153268e-01,6.712001e-02
1600,layers.2.out_proj.compress.bias,5.903278e-01,1.442876e-02,2.444195e-02
1600,layers.2.out_proj.lut_batched.weights,3.800518e+01,1.201336e+01,3.160978e-01
1600,layers.2.out_proj.lut_batched.log_soft_score_temp,9.183053e-01,2.407736e-02,2.621934e-02
1600,layers.2.out_proj.lut_batched.log_select_temp,9.578677e-01,3.702456e-02,3.865310e-02
1600,layers.2.out_proj.decompress.weight,1.092024e+01,8.446620e-01,7.734827e-02
1600,layers.2.out_proj.decompress.bias,6.067513e-01,1.012142e-02,1.668134e-02
1600,layers.2.q_norm.weight,8.659979e+00,5.865083e-02,6.772630e-03
1600,layers.2.q_norm.bias,2.985857e-01,2.299258e-02,7.700498e-02
1600,layers.2.k_norm.weight,8.609851e+00,5.562930e-02,6.461122e-03
1600,layers.2.k_norm.bias,5.709589e-01,4.854961e-02,8.503172e-02
1600,layers.2.ln_pre.weight,1.966474e+01,4.156107e-02,2.113482e-03
1600,layers.2.ln_pre.bias,1.138431e-01,1.811014e-02,1.590798e-01
1600,layers.3.q_lut.compress.weight,6.976267e+00,5.697903e-01,8.167553e-02
1600,layers.3.q_lut.compress.bias,3.435043e-01,1.947831e-02,5.670469e-02
1600,layers.3.q_lut.lut_batched.weights,3.609706e+01,1.073607e+01,2.974224e-01
1600,layers.3.q_lut.lut_batched.log_soft_score_temp,5.655567e-01,3.274751e-02,5.790314e-02
1600,layers.3.q_lut.lut_batched.log_select_temp,8.668867e-01,1.635432e-02,1.886558e-02
1600,layers.3.k_lut.compress.weight,6.905070e+00,5.215644e-01,7.553354e-02
1600,layers.3.k_lut.compress.bias,4.061199e-01,1.899237e-02,4.676542e-02
1600,layers.3.k_lut.lut_batched.weights,3.553003e+01,1.063990e+01,2.994621e-01
1600,layers.3.k_lut.lut_batched.log_soft_score_temp,5.936328e-01,2.659065e-02,4.479309e-02
1600,layers.3.k_lut.lut_batched.log_select_temp,8.326215e-01,1.549512e-02,1.861004e-02
1600,layers.3.v_lut.compress.weight,7.000605e+00,4.319142e-01,6.169670e-02
1600,layers.3.v_lut.compress.bias,3.597290e-01,8.407849e-03,2.337273e-02
1600,layers.3.v_lut.lut_batched.weights,4.001367e+01,1.012852e+01,2.531264e-01
1600,layers.3.v_lut.lut_batched.log_soft_score_temp,7.761444e-01,5.379736e-03,6.931360e-03
1600,layers.3.v_lut.lut_batched.log_select_temp,8.143672e-01,2.166814e-02,2.660733e-02
1600,layers.3.out_proj.compress.weight,1.197377e+01,8.060999e-01,6.732214e-02
1600,layers.3.out_proj.compress.bias,5.719952e-01,1.243635e-02,2.174204e-02
1600,layers.3.out_proj.lut_batched.weights,3.682992e+01,1.207911e+01,3.279700e-01
1600,layers.3.out_proj.lut_batched.log_soft_score_temp,8.636494e-01,2.149445e-02,2.488793e-02
1600,layers.3.out_proj.lut_batched.log_select_temp,9.089476e-01,3.273195e-02,3.601082e-02
1600,layers.3.out_proj.decompress.weight,1.064255e+01,8.310670e-01,7.808909e-02
1600,layers.3.out_proj.decompress.bias,5.726745e-01,1.010608e-02,1.764717e-02
1600,layers.3.q_norm.weight,8.439610e+00,4.764320e-02,5.645190e-03
1600,layers.3.q_norm.bias,3.248461e-01,2.448993e-02,7.538933e-02
1600,layers.3.k_norm.weight,8.401651e+00,4.557174e-02,5.424141e-03
1600,layers.3.k_norm.bias,5.169064e-01,4.179446e-02,8.085497e-02
1600,layers.3.ln_pre.weight,1.965608e+01,3.598619e-02,1.830792e-03
1600,layers.3.ln_pre.bias,1.387028e-01,1.466562e-02,1.057341e-01
1600,layers.4.q_lut.compress.weight,6.961728e+00,5.987083e-01,8.599996e-02
1600,layers.4.q_lut.compress.bias,3.800303e-01,2.140924e-02,5.633562e-02
1600,layers.4.q_lut.lut_batched.weights,3.616878e+01,1.077456e+01,2.978966e-01
1600,layers.4.q_lut.lut_batched.log_soft_score_temp,5.812487e-01,2.860773e-02,4.921770e-02
1600,layers.4.q_lut.lut_batched.log_select_temp,8.064816e-01,1.457894e-02,1.807721e-02
1600,layers.4.k_lut.compress.weight,6.918862e+00,5.123572e-01,7.405224e-02
1600,layers.4.k_lut.compress.bias,3.749437e-01,2.211484e-02,5.898176e-02
1600,layers.4.k_lut.lut_batched.weights,3.579971e+01,1.068355e+01,2.984257e-01
1600,layers.4.k_lut.lut_batched.log_soft_score_temp,6.007571e-01,2.458602e-02,4.092507e-02
1600,layers.4.k_lut.lut_batched.log_select_temp,8.122195e-01,1.065332e-02,1.311630e-02
1600,layers.4.v_lut.compress.weight,6.969691e+00,4.186362e-01,6.006524e-02
1600,layers.4.v_lut.compress.bias,3.640380e-01,8.161005e-03,2.241800e-02
1600,layers.4.v_lut.lut_batched.weights,3.985382e+01,1.003622e+01,2.518258e-01
1600,layers.4.v_lut.lut_batched.log_soft_score_temp,7.824312e-01,1.014221e-02,1.296243e-02
1600,layers.4.v_lut.lut_batched.log_select_temp,8.089682e-01,2.173704e-02,2.687008e-02
1600,layers.4.out_proj.compress.weight,1.185262e+01,7.788846e-01,6.571411e-02
1600,layers.4.out_proj.compress.bias,5.747747e-01,1.298153e-02,2.258542e-02
1600,layers.4.out_proj.lut_batched.weights,3.667651e+01,1.210076e+01,3.299321e-01
1600,layers.4.out_proj.lut_batched.log_soft_score_temp,8.146848e-01,2.293992e-02,2.815803e-02
1600,layers.4.out_proj.lut_batched.log_select_temp,8.573154e-01,3.256571e-02,3.798568e-02
1600,layers.4.out_proj.decompress.weight,1.054050e+01,8.315772e-01,7.889351e-02
1600,layers.4.out_proj.decompress.bias,6.006501e-01,1.081256e-02,1.800143e-02
1600,layers.4.q_norm.weight,8.241931e+00,3.397881e-02,4.122676e-03
1600,layers.4.q_norm.bias,1.718577e-01,1.922960e-02,1.118925e-01
1600,layers.4.k_norm.weight,8.228005e+00,3.391730e-02,4.122177e-03
1600,layers.4.k_norm.bias,3.132547e-01,3.210841e-02,1.024994e-01
1600,layers.4.ln_pre.weight,1.965128e+01,3.545920e-02,1.804422e-03
1600,layers.4.ln_pre.bias,1.473983e-01,1.779133e-02,1.207024e-01
1600,layers.5.q_lut.compress.weight,6.970428e+00,6.045436e-01,8.672976e-02
1600,layers.5.q_lut.compress.bias,3.925278e-01,2.191680e-02,5.583503e-02
1600,layers.5.q_lut.lut_batched.weights,3.690466e+01,1.083954e+01,2.937174e-01
1600,layers.5.q_lut.lut_batched.log_soft_score_temp,5.814472e-01,2.579886e-02,4.437007e-02
1600,layers.5.q_lut.lut_batched.log_select_temp,7.760021e-01,1.072067e-02,1.381526e-02
1600,layers.5.k_lut.compress.weight,6.904070e+00,5.338486e-01,7.732375e-02
1600,layers.5.k_lut.compress.bias,3.826350e-01,2.551416e-02,6.668016e-02
1600,layers.5.k_lut.lut_batched.weights,3.622049e+01,1.065014e+01,2.940365e-01
1600,layers.5.k_lut.lut_batched.log_soft_score_temp,5.904493e-01,2.454674e-02,4.157299e-02
1600,layers.5.k_lut.lut_batched.log_select_temp,8.197817e-01,1.145691e-02,1.397556e-02
1600,layers.5.v_lut.compress.weight,7.000707e+00,4.301992e-01,6.145082e-02
1600,layers.5.v_lut.compress.bias,3.515293e-01,7.133942e-03,2.029402e-02
1600,layers.5.v_lut.lut_batched.weights,4.060241e+01,9.919086e+00,2.442980e-01
1600,layers.5.v_lut.lut_batched.log_soft_score_temp,7.706647e-01,8.621395e-03,1.118696e-02
1600,layers.5.v_lut.lut_batched.log_select_temp,7.924623e-01,1.717401e-02,2.167170e-02
1600,layers.5.out_proj.compress.weight,1.188215e+01,8.176774e-01,6.881560e-02
1600,layers.5.out_proj.compress.bias,5.527787e-01,1.333818e-02,2.412934e-02
1600,layers.5.out_proj.lut_batched.weights,3.637489e+01,1.225382e+01,3.368759e-01
1600,layers.5.out_proj.lut_batched.log_soft_score_temp,7.977222e-01,1.803720e-02,2.261088e-02
1600,layers.5.out_proj.lut_batched.log_select_temp,8.452151e-01,2.637666e-02,3.120704e-02
1600,layers.5.out_proj.decompress.weight,1.037088e+01,8.426916e-01,8.125554e-02
1600,layers.5.out_proj.decompress.bias,5.865839e-01,1.329981e-02,2.267333e-02
1600,layers.5.q_norm.weight,8.205736e+00,2.574937e-02,3.137972e-03
1600,layers.5.q_norm.bias,2.128138e-01,2.051923e-02,9.641872e-02
1600,layers.5.k_norm.weight,8.195282e+00,2.681828e-02,3.272404e-03
1600,layers.5.k_norm.bias,3.402922e-01,2.968077e-02,8.722142e-02
1600,layers.5.ln_pre.weight,1.964877e+01,3.783711e-02,1.925673e-03
1600,layers.5.ln_pre.bias,1.457967e-01,2.069415e-02,1.419384e-01
1600,ln_final.weight,2.577321e+01,7.565408e-01,2.935377e-02
1600,ln_final.bias,1.963857e+00,1.254313e-01,6.386988e-02
1600,unembedder.weight,1.538118e+02,1.457728e+01,9.477348e-02
1800,tok_emb_E.weight,2.084885e+02,8.216471e+00,3.940971e-02
1800,layers.0.q_lut.compress.weight,7.316972e+00,4.935808e-01,6.745698e-02
1800,layers.0.q_lut.compress.bias,3.605874e-01,2.344935e-02,6.503096e-02
1800,layers.0.q_lut.lut_batched.weights,3.635334e+01,8.309303e+00,2.285705e-01
1800,layers.0.q_lut.lut_batched.log_soft_score_temp,9.807142e-01,1.835680e-02,1.871779e-02
1800,layers.0.q_lut.lut_batched.log_select_temp,1.017223e+00,3.244787e-02,3.189849e-02
1800,layers.0.k_lut.compress.weight,7.124735e+00,5.595011e-01,7.852938e-02
1800,layers.0.k_lut.compress.bias,3.331638e-01,2.486571e-02,7.463509e-02
1800,layers.0.k_lut.lut_batched.weights,3.654350e+01,8.838492e+00,2.418623e-01
1800,layers.0.k_lut.lut_batched.log_soft_score_temp,8.203452e-01,1.546633e-02,1.885344e-02
1800,layers.0.k_lut.lut_batched.log_select_temp,8.480276e-01,2.149230e-02,2.534387e-02
1800,layers.0.v_lut.compress.weight,7.648396e+00,4.616354e-01,6.035715e-02
1800,layers.0.v_lut.compress.bias,3.617501e-01,1.564078e-02,4.323642e-02
1800,layers.0.v_lut.lut_batched.weights,4.569907e+01,8.576450e+00,1.876723e-01
1800,layers.0.v_lut.lut_batched.log_soft_score_temp,8.807998e-01,2.124810e-02,2.412364e-02
1800,layers.0.v_lut.lut_batched.log_select_temp,8.399498e-01,1.743907e-02,2.076203e-02
1800,layers.0.out_proj.compress.weight,1.208087e+01,5.488437e-01,4.543082e-02
1800,layers.0.out_proj.compress.bias,6.800911e-01,9.633186e-03,1.416455e-02
1800,layers.0.out_proj.lut_batched.weights,5.569847e+01,1.306408e+01,2.345500e-01
1800,layers.0.out_proj.lut_batched.log_soft_score_temp,9.752852e-01,1.756364e-02,1.800872e-02
1800,layers.0.out_proj.lut_batched.log_select_temp,1.032103e+00,3.593016e-02,3.481258e-02
1800,layers.0.out_proj.decompress.weight,1.211546e+01,6.217234e-01,5.131654e-02
1800,layers.0.out_proj.decompress.bias,6.046743e-01,1.110288e-02,1.836175e-02
1800,layers.0.q_norm.weight,8.878293e+00,4.751094e-02,5.351360e-03
1800,layers.0.q_norm.bias,5.818369e-01,3.786997e-02,6.508693e-02
1800,layers.0.k_norm.weight,8.867453e+00,4.794883e-02,5.407284e-03
1800,layers.0.k_norm.bias,4.654051e-01,3.154582e-02,6.778142e-02
1800,layers.0.ln_pre.weight,2.010837e+01,4.374436e-02,2.175431e-03
1800,layers.0.ln_pre.bias,1.307627e-01,3.086240e-02,2.360184e-01
1800,layers.1.q_lut.compress.weight,6.995715e+00,4.770244e-01,6.818809e-02
1800,layers.1.q_lut.compress.bias,3.367127e-01,1.858305e-02,5.518961e-02
1800,layers.1.q_lut.lut_batched.weights,3.726742e+01,9.580890e+00,2.570849e-01
1800,layers.1.q_lut.lut_batched.log_soft_score_temp,6.275373e-01,1.964080e-02,3.129823e-02
1800,layers.1.q_lut.lut_batched.log_select_temp,9.148677e-01,1.643586e-02,1.796529e-02
1800,layers.1.k_lut.compress.weight,6.959262e+00,4.817755e-01,6.922796e-02
1800,layers.1.k_lut.compress.bias,3.718273e-01,1.915490e-02,5.151560e-02
1800,layers.1.k_lut.lut_batched.weights,3.691784e+01,9.524592e+00,2.579943e-01
1800,layers.1.k_lut.lut_batched.log_soft_score_temp,5.587555e-01,1.896036e-02,3.393319e-02
1800,layers.1.k_lut.lut_batched.log_select_temp,8.329826e-01,1.104909e-02,1.326449e-02
1800,layers.1.v_lut.compress.weight,7.047022e+00,4.072497e-01,5.779032e-02
1800,layers.1.v_lut.compress.bias,3.662283e-01,1.055568e-02,2.882267e-02
1800,layers.1.v_lut.lut_batched.weights,4.102289e+01,9.317108e+00,2.271198e-01
1800,layers.1.v_lut.lut_batched.log_soft_score_temp,7.625076e-01,2.923346e-02,3.833858e-02
1800,layers.1.v_lut.lut_batched.log_select_temp,9.430968e-01,1.261663e-02,1.337788e-02
1800,layers.1.out_proj.compress.weight,1.203590e+01,7.107232e-01,5.905027e-02
1800,layers.1.out_proj.compress.bias,6.072558e-01,1.272870e-02,2.096102e-02
1800,layers.1.out_proj.lut_batched.weights,4.169587e+01,1.093201e+01,2.621846e-01
1800,layers.1.out_proj.lut_batched.log_soft_score_temp,9.150302e-01,3.551424e-03,3.881209e-03
1800,layers.1.out_proj.lut_batched.log_select_temp,1.003147e+00,2.782071e-02,2.773343e-02
1800,layers.1.out_proj.decompress.weight,1.109237e+01,7.337441e-01,6.614852e-02
1800,layers.1.out_proj.decompress.bias,5.953530e-01,9.966929e-03,1.674121e-02
1800,layers.1.q_norm.weight,8.736999e+00,3.290658e-02,3.766348e-03
1800,layers.1.q_norm.bias,4.382244e-01,2.351103e-02,5.365067e-02
1800,layers.1.k_norm.weight,8.718222e+00,3.134630e-02,3.595492e-03
1800,layers.1.k_norm.bias,7.118149e-01,4.314062e-02,6.060652e-02
1800,layers.1.ln_pre.weight,1.965986e+01,3.785572e-02,1.925533e-03
1800,layers.1.ln_pre.bias,1.346595e-01,1.886677e-02,1.401072e-01
1800,layers.2.q_lut.compress.weight,7.001522e+00,5.197487e-01,7.423368e-02
1800,layers.2.q_lut.compress.bias,3.697025e-01,1.790061e-02,4.841894e-02
1800,layers.2.q_lut.lut_batched.weights,3.739179e+01,9.698336e+00,2.593707e-01
1800,layers.2.q_lut.lut_batched.log_soft_score_temp,5.817529e-01,2.745479e-02,4.719322e-02
1800,layers.2.q_lut.lut_batched.log_select_temp,9.016287e-01,1.650655e-02,1.830748e-02
1800,layers.2.k_lut.compress.weight,6.935771e+00,4.853417e-01,6.997660e-02
1800,layers.2.k_lut.compress.bias,3.983877e-01,1.918289e-02,4.815133e-02
1800,layers.2.k_lut.lut_batched.weights,3.648596e+01,9.585268e+00,2.627111e-01
1800,layers.2.k_lut.lut_batched.log_soft_score_temp,5.810387e-01,2.303857e-02,3.965066e-02
1800,layers.2.k_lut.lut_batched.log_select_temp,8.583394e-01,1.479912e-02,1.724157e-02
1800,layers.2.v_lut.compress.weight,7.033469e+00,4.095085e-01,5.822283e-02
1800,layers.2.v_lut.compress.bias,3.587528e-01,8.867358e-03,2.471718e-02
1800,layers.2.v_lut.lut_batched.weights,4.210368e+01,9.336196e+00,2.217430e-01
1800,layers.2.v_lut.lut_batched.log_soft_score_temp,7.753100e-01,2.515632e-02,3.244679e-02
1800,layers.2.v_lut.lut_batched.log_select_temp,9.129234e-01,2.349097e-02,2.573158e-02
1800,layers.2.out_proj.compress.weight,1.216593e+01,7.606573e-01,6.252355e-02
1800,layers.2.out_proj.compress.bias,5.919008e-01,1.378266e-02,2.328542e-02
1800,layers.2.out_proj.lut_batched.weights,3.964666e+01,1.099079e+01,2.772185e-01
1800,layers.2.out_proj.lut_batched.log_soft_score_temp,9.322820e-01,1.397663e-02,1.499185e-02
1800,layers.2.out_proj.lut_batched.log_select_temp,9.901623e-01,3.229457e-02,3.261543e-02
1800,layers.2.out_proj.decompress.weight,1.086207e+01,7.711325e-01,7.099316e-02
1800,layers.2.out_proj.decompress.bias,6.080912e-01,8.685478e-03,1.428318e-02
1800,layers.2.q_norm.weight,8.701258e+00,4.429900e-02,5.091103e-03
1800,layers.2.q_norm.bias,3.140349e-01,1.759987e-02,5.604430e-02
1800,layers.2.k_norm.weight,8.648278e+00,4.212124e-02,4.870477e-03
1800,layers.2.k_norm.bias,6.049656e-01,3.829840e-02,6.330674e-02
1800,layers.2.ln_pre.weight,1.965206e+01,3.795402e-02,1.931300e-03
1800,layers.2.ln_pre.bias,1.214186e-01,1.610079e-02,1.326056e-01
1800,layers.3.q_lut.compress.weight,6.970787e+00,5.271661e-01,7.562506e-02
1800,layers.3.q_lut.compress.bias,3.450295e-01,1.775505e-02,5.145951e-02
1800,layers.3.q_lut.lut_batched.weights,3.767921e+01,9.831583e+00,2.609286e-01
1800,layers.3.q_lut.lut_batched.log_soft_score_temp,5.348369e-01,3.071976e-02,5.743761e-02
1800,layers.3.q_lut.lut_batched.log_select_temp,8.815354e-01,1.464862e-02,1.661716e-02
1800,layers.3.k_lut.compress.weight,6.900695e+00,4.856249e-01,7.037333e-02
1800,layers.3.k_lut.compress.bias,4.099763e-01,1.946861e-02,4.748714e-02
1800,layers.3.k_lut.lut_batched.weights,3.711153e+01,9.736465e+00,2.623569e-01
1800,layers.3.k_lut.lut_batched.log_soft_score_temp,5.688110e-01,2.482182e-02,4.363808e-02
1800,layers.3.k_lut.lut_batched.log_select_temp,8.467363e-01,1.411480e-02,1.666965e-02
1800,layers.3.v_lut.compress.weight,6.995543e+00,4.013846e-01,5.737720e-02
1800,layers.3.v_lut.compress.bias,3.589921e-01,7.170592e-03,1.997423e-02
1800,layers.3.v_lut.lut_batched.weights,4.171082e+01,9.289406e+00,2.227098e-01
1800,layers.3.v_lut.lut_batched.log_soft_score_temp,7.757096e-01,4.348159e-04,5.605395e-04
1800,layers.3.v_lut.lut_batched.log_select_temp,8.341112e-01,1.974398e-02,2.367068e-02
1800,layers.3.out_proj.compress.weight,1.200725e+01,7.574936e-01,6.308636e-02
1800,layers.3.out_proj.compress.bias,5.719254e-01,1.251076e-02,2.187481e-02
1800,layers.3.out_proj.lut_batched.weights,3.845934e+01,1.109143e+01,2.883937e-01
1800,layers.3.out_proj.lut_batched.log_soft_score_temp,8.811876e-01,1.753819e-02,1.990290e-02
1800,layers.3.out_proj.lut_batched.log_select_temp,9.388099e-01,2.986228e-02,3.180866e-02
1800,layers.3.out_proj.decompress.weight,1.059036e+01,7.596155e-01,7.172707e-02
1800,layers.3.out_proj.decompress.bias,5.733212e-01,8.436249e-03,1.471470e-02
1800,layers.3.q_norm.weight,8.478004e+00,4.398654e-02,5.188314e-03
1800,layers.3.q_norm.bias,3.413954e-01,1.879594e-02,5.505621e-02
1800,layers.3.k_norm.weight,8.437934e+00,4.266568e-02,5.056413e-03
1800,layers.3.k_norm.bias,5.455272e-01,3.362398e-02,6.163576e-02
1800,layers.3.ln_pre.weight,1.965000e+01,3.441122e-02,1.751207e-03
1800,layers.3.ln_pre.bias,1.464925e-01,1.430187e-02,9.762869e-02
1800,layers.4.q_lut.compress.weight,6.957386e+00,5.578440e-01,8.018013e-02
1800,layers.4.q_lut.compress.bias,3.840148e-01,2.113248e-02,5.503039e-02
1800,layers.4.q_lut.lut_batched.weights,3.772570e+01,9.862441e+00,2.614250e-01
1800,layers.4.q_lut.lut_batched.log_soft_score_temp,5.552019e-01,2.604681e-02,4.691413e-02
1800,layers.4.q_lut.lut_batched.log_select_temp,8.183898e-01,1.190823e-02,1.455081e-02
1800,layers.4.k_lut.compress.weight,6.913547e+00,4.800059e-01,6.942975e-02
1800,layers.4.k_lut.compress.bias,3.786247e-01,2.124887e-02,5.612119e-02
1800,layers.4.k_lut.lut_batched.weights,3.736648e+01,9.741838e+00,2.607106e-01
1800,layers.4.k_lut.lut_batched.log_soft_score_temp,5.796439e-01,2.111316e-02,3.642436e-02
1800,layers.4.k_lut.lut_batched.log_select_temp,8.233165e-01,1.109695e-02,1.347836e-02
1800,layers.4.v_lut.compress.weight,6.965926e+00,3.953951e-01,5.676131e-02
1800,layers.4.v_lut.compress.bias,3.648175e-01,7.209866e-03,1.976294e-02
1800,layers.4.v_lut.lut_batched.weights,4.160219e+01,9.126708e+00,2.193805e-01
1800,layers.4.v_lut.lut_batched.log_soft_score_temp,7.880757e-01,5.644500e-03,7.162383e-03
1800,layers.4.v_lut.lut_batched.log_select_temp,8.291117e-01,2.014351e-02,2.429529e-02
1800,layers.4.out_proj.compress.weight,1.189299e+01,7.236229e-01,6.084449e-02
1800,layers.4.out_proj.compress.bias,5.753668e-01,1.256678e-02,2.184133e-02
1800,layers.4.out_proj.lut_batched.weights,3.834787e+01,1.106084e+01,2.884342e-01
1800,layers.4.out_proj.lut_batched.log_soft_score_temp,8.339884e-01,1.930356e-02,2.314608e-02
1800,layers.4.out_proj.lut_batched.log_select_temp,8.875762e-01,3.026074e-02,3.409368e-02
1800,layers.4.out_proj.decompress.weight,1.049116e+01,7.638459e-01,7.280850e-02
1800,layers.4.out_proj.decompress.bias,6.022281e-01,9.710945e-03,1.612503e-02
1800,layers.4.q_norm.weight,8.261930e+00,2.568912e-02,3.109337e-03
1800,layers.4.q_norm.bias,1.856418e-01,1.615739e-02,8.703528e-02
1800,layers.4.k_norm.weight,8.246580e+00,2.578439e-02,3.126676e-03
1800,layers.4.k_norm.bias,3.383433e-01,2.853362e-02,8.433334e-02
1800,layers.4.ln_pre.weight,1.964688e+01,3.360098e-02,1.710245e-03
1800,layers.4.ln_pre.bias,1.602688e-01,1.714400e-02,1.069703e-01
1800,layers.5.q_lut.compress.weight,6.964956e+00,5.490324e-01,7.882784e-02
1800,layers.5.q_lut.compress.bias,3.965458e-01,1.725023e-02,4.350123e-02
1800,layers.5.q_lut.lut_batched.weights,3.847112e+01,9.890061e+00,2.570776e-01
1800,layers.5.q_lut.lut_batched.log_soft_score_temp,5.581088e-01,2.333844e-02,4.181700e-02
1800,layers.5.q_lut.lut_batched.log_select_temp,7.864923e-01,1.049018e-02,1.333793e-02
1800,layers.5.k_lut.compress.weight,6.899183e+00,4.999281e-01,7.246194e-02
1800,layers.5.k_lut.compress.bias,3.827078e-01,2.485927e-02,6.495627e-02
1800,layers.5.k_lut.lut_batched.weights,3.781165e+01,9.761735e+00,2.581674e-01
1800,layers.5.k_lut.lut_batched.log_soft_score_temp,5.655606e-01,2.488869e-02,4.400712e-02
1800,layers.5.k_lut.lut_batched.log_select_temp,8.301399e-01,1.035827e-02,1.247774e-02
1800,layers.5.v_lut.compress.weight,6.999789e+00,3.943892e-01,5.634302e-02
1800,layers.5.v_lut.compress.bias,3.520292e-01,7.969876e-03,2.263981e-02
1800,layers.5.v_lut.lut_batched.weights,4.232720e+01,9.034943e+00,2.134548e-01
1800,layers.5.v_lut.lut_batched.log_soft_score_temp,7.775265e-01,6.861806e-03,8.825173e-03
1800,layers.5.v_lut.lut_batched.log_select_temp,8.095274e-01,1.706505e-02,2.108026e-02
1800,layers.5.out_proj.compress.weight,1.193530e+01,7.535206e-01,6.313380e-02
1800,layers.5.out_proj.compress.bias,5.515730e-01,1.279503e-02,2.319735e-02
1800,layers.5.out_proj.lut_batched.weights,3.812305e+01,1.122056e+01,2.943248e-01
1800,layers.5.out_proj.lut_batched.log_soft_score_temp,8.144581e-01,1.673591e-02,2.054852e-02
1800,layers.5.out_proj.lut_batched.log_select_temp,8.704938e-01,2.527869e-02,2.903948e-02
1800,layers.5.out_proj.decompress.weight,1.034302e+01,7.648267e-01,7.394614e-02
1800,layers.5.out_proj.decompress.bias,5.860763e-01,1.216593e-02,2.075827e-02
1800,layers.5.q_norm.weight,8.227739e+00,2.642054e-02,3.211154e-03
1800,layers.5.q_norm.bias,2.272832e-01,1.681738e-02,7.399305e-02
1800,layers.5.k_norm.weight,8.215867e+00,2.528362e-02,3.077414e-03
1800,layers.5.k_norm.bias,3.626400e-01,2.609347e-02,7.195420e-02
1800,layers.5.ln_pre.weight,1.964489e+01,3.360577e-02,1.710662e-03
1800,layers.5.ln_pre.bias,1.578514e-01,1.615269e-02,1.023284e-01
1800,ln_final.weight,2.647260e+01,6.997876e-01,2.643441e-02
1800,ln_final.bias,2.047095e+00,1.104820e-01,5.397011e-02
1800,unembedder.weight,1.570573e+02,1.317448e+01,8.388328e-02
2000,tok_emb_E.weight,2.087351e+02,7.379775e+00,3.535474e-02
2000,layers.0.q_lut.compress.weight,7.321250e+00,4.571955e-01,6.244774e-02
2000,layers.0.q_lut.compress.bias,3.603425e-01,2.203945e-02,6.116251e-02
2000,layers.0.q_lut.lut_batched.weights,3.762743e+01,7.500344e+00,1.993318e-01
2000,layers.0.q_lut.lut_batched.log_soft_score_temp,9.933425e-01,1.262832e-02,1.271295e-02
2000,layers.0.q_lut.lut_batched.log_select_temp,1.046154e+00,2.893162e-02,2.765521e-02
2000,layers.0.k_lut.compress.weight,7.133865e+00,5.113248e-01,7.167570e-02
2000,layers.0.k_lut.compress.bias,3.325070e-01,2.087794e-02,6.278946e-02
2000,layers.0.k_lut.lut_batched.weights,3.784610e+01,7.948538e+00,2.100227e-01
2000,layers.0.k_lut.lut_batched.log_soft_score_temp,8.352809e-01,1.493567e-02,1.788102e-02
2000,layers.0.k_lut.lut_batched.log_select_temp,8.677830e-01,1.975536e-02,2.276533e-02
2000,layers.0.v_lut.compress.weight,7.666390e+00,4.236982e-01,5.526698e-02
2000,layers.0.v_lut.compress.bias,3.620065e-01,1.447859e-02,3.999539e-02
2000,layers.0.v_lut.lut_batched.weights,4.694194e+01,7.728729e+00,1.646444e-01
2000,layers.0.v_lut.lut_batched.log_soft_score_temp,9.012643e-01,2.046448e-02,2.270641e-02
2000,layers.0.v_lut.lut_batched.log_select_temp,8.571890e-01,1.723915e-02,2.011126e-02
2000,layers.0.out_proj.compress.weight,1.207419e+01,5.134712e-01,4.252633e-02
2000,layers.0.out_proj.compress.bias,6.817220e-01,9.031841e-03,1.324857e-02
2000,layers.0.out_proj.lut_batched.weights,5.819298e+01,1.174708e+01,2.018642e-01
2000,layers.0.out_proj.lut_batched.log_soft_score_temp,9.844772e-01,9.192050e-03,9.336985e-03
2000,layers.0.out_proj.lut_batched.log_select_temp,1.062205e+00,3.010273e-02,2.833984e-02
2000,layers.0.out_proj.decompress.weight,1.214058e+01,5.696649e-01,4.692236e-02
2000,layers.0.out_proj.decompress.bias,6.066101e-01,8.770071e-03,1.445751e-02
2000,layers.0.q_norm.weight,8.915949e+00,4.509798e-02,5.058125e-03
2000,layers.0.q_norm.bias,6.175364e-01,3.750055e-02,6.072606e-02
2000,layers.0.k_norm.weight,8.904855e+00,4.454577e-02,5.002414e-03
2000,layers.0.k_norm.bias,4.887336e-01,2.631566e-02,5.384460e-02
2000,layers.0.ln_pre.weight,2.012519e+01,4.025728e-02,2.000343e-03
2000,layers.0.ln_pre.bias,1.311834e-01,2.892725e-02,2.205101e-01
2000,layers.1.q_lut.compress.weight,6.991879e+00,4.401825e-01,6.295626e-02
2000,layers.1.q_lut.compress.bias,3.372516e-01,1.717640e-02,5.093052e-02
2000,layers.1.q_lut.lut_batched.weights,3.855803e+01,8.632229e+00,2.238763e-01
2000,layers.1.q_lut.lut_batched.log_soft_score_temp,6.094590e-01,1.807827e-02,2.966281e-02
2000,layers.1.q_lut.lut_batched.log_select_temp,9.266285e-01,1.176077e-02,1.269200e-02
2000,layers.1.k_lut.compress.weight,6.955457e+00,4.452468e-01,6.401403e-02
2000,layers.1.k_lut.compress.bias,3.743114e-01,1.859428e-02,4.967595e-02
2000,layers.1.k_lut.lut_batched.weights,3.814976e+01,8.595721e+00,2.253152e-01
2000,layers.1.k_lut.lut_batched.log_soft_score_temp,5.412353e-01,1.752025e-02,3.237086e-02
2000,layers.1.k_lut.lut_batched.log_select_temp,8.424041e-01,9.421468e-03,1.118402e-02
2000,layers.1.v_lut.compress.weight,7.033230e+00,3.801399e-01,5.404912e-02
2000,layers.1.v_lut.compress.bias,3.675093e-01,9.286461e-03,2.526864e-02
2000,layers.1.v_lut.lut_batched.weights,4.220936e+01,8.393678e+00,1.988582e-01
2000,layers.1.v_lut.lut_batched.log_soft_score_temp,7.333602e-01,2.914733e-02,3.974490e-02
2000,layers.1.v_lut.lut_batched.log_select_temp,9.511636e-01,8.066833e-03,8.481015e-03
2000,layers.1.out_proj.compress.weight,1.202275e+01,6.620303e-01,5.506478e-02
2000,layers.1.out_proj.compress.bias,6.097006e-01,1.421902e-02,2.332131e-02
2000,layers.1.out_proj.lut_batched.weights,4.301432e+01,9.856618e+00,2.291474e-01
2000,layers.1.out_proj.lut_batched.log_soft_score_temp,9.032384e-01,1.179177e-02,1.305499e-02
2000,layers.1.out_proj.lut_batched.log_select_temp,1.028989e+00,2.584147e-02,2.511347e-02
2000,layers.1.out_proj.decompress.weight,1.102874e+01,6.721668e-01,6.094683e-02
2000,layers.1.out_proj.decompress.bias,5.972227e-01,8.110398e-03,1.358019e-02
2000,layers.1.q_norm.weight,8.762828e+00,2.866949e-02,3.271716e-03
2000,layers.1.q_norm.bias,4.544273e-01,1.855355e-02,4.082841e-02
2000,layers.1.k_norm.weight,8.742631e+00,2.768073e-02,3.166179e-03
2000,layers.1.k_norm.bias,7.437119e-01,3.494756e-02,4.699072e-02
2000,layers.1.ln_pre.weight,1.964546e+01,3.390840e-02,1.726017e-03
2000,layers.1.ln_pre.bias,1.411155e-01,1.573060e-02,1.114732e-01
2000,layers.2.q_lut.compress.weight,6.995539e+00,4.686450e-01,6.699198e-02
2000,layers.2.q_lut.compress.bias,3.672743e-01,1.654300e-02,4.504264e-02
2000,layers.2.q_lut.lut_batched.weights,3.865916e+01,8.741370e+00,2.261138e-01
2000,layers.2.q_lut.lut_batched.log_soft_score_temp,5.588648e-01,2.288806e-02,4.095456e-02
2000,layers.2.q_lut.lut_batched.log_select_temp,9.159648e-01,1.433611e-02,1.565138e-02
2000,layers.2.k_lut.compress.weight,6.930119e+00,4.504801e-01,6.500323e-02
2000,layers.2.k_lut.compress.bias,3.994969e-01,1.915634e-02,4.795116e-02
2000,layers.2.k_lut.lut_batched.weights,3.773373e+01,8.672460e+00,2.298331e-01
2000,layers.2.k_lut.lut_batched.log_soft_score_temp,5.588239e-01,2.221471e-02,3.975261e-02
2000,layers.2.k_lut.lut_batched.log_select_temp,8.737168e-01,1.537740e-02,1.759999e-02
2000,layers.2.v_lut.compress.weight,7.021234e+00,3.818557e-01,5.438585e-02
2000,layers.2.v_lut.compress.bias,3.592624e-01,8.626582e-03,2.401193e-02
2000,layers.2.v_lut.lut_batched.weights,4.341709e+01,8.415585e+00,1.938312e-01
2000,layers.2.v_lut.lut_batched.log_soft_score_temp,7.487286e-01,2.658147e-02,3.550214e-02
2000,layers.2.v_lut.lut_batched.log_select_temp,9.309844e-01,1.806098e-02,1.939988e-02
2000,layers.2.out_proj.compress.weight,1.217191e+01,7.006197e-01,5.756040e-02
2000,layers.2.out_proj.compress.bias,5.923679e-01,1.330767e-02,2.246521e-02
2000,layers.2.out_proj.lut_batched.weights,4.095222e+01,9.930340e+00,2.424860e-01
2000,layers.2.out_proj.lut_batched.log_soft_score_temp,9.414567e-01,9.174764e-03,9.745285e-03
2000,layers.2.out_proj.lut_batched.log_select_temp,1.020171e+00,3.000861e-02,2.941528e-02
2000,layers.2.out_proj.decompress.weight,1.081558e+01,7.076182e-01,6.542580e-02
2000,layers.2.out_proj.decompress.bias,6.092750e-01,7.180272e-03,1.178494e-02
2000,layers.2.q_norm.weight,8.737660e+00,3.931535e-02,4.499528e-03
2000,layers.2.q_norm.bias,3.268070e-01,1.518079e-02,4.645186e-02
2000,layers.2.k_norm.weight,8.682345e+00,3.769234e-02,4.341263e-03
2000,layers.2.k_norm.bias,6.336845e-01,3.291220e-02,5.193784e-02
2000,layers.2.ln_pre.weight,1.963866e+01,3.361965e-02,1.711911e-03
2000,layers.2.ln_pre.bias,1.291716e-01,1.593512e-02,1.233640e-01
2000,layers.3.q_lut.compress.weight,6.963242e+00,4.829465e-01,6.935656e-02
2000,layers.3.q_lut.compress.bias,3.474298e-01,1.809091e-02,5.207070e-02
2000,layers.3.q_lut.lut_batched.weights,3.891601e+01,8.870609e+00,2.279424e-01
2000,layers.3.q_lut.lut_batched.log_soft_score_temp,5.069121e-01,2.792484e-02,5.508812e-02
2000,layers.3.q_lut.lut_batched.log_select_temp,8.941809e-01,1.264554e-02,1.414204e-02
2000,layers.3.k_lut.compress.weight,6.893370e+00,4.489762e-01,6.513160e-02
2000,layers.3.k_lut.compress.bias,4.127392e-01,1.651751e-02,4.001923e-02
2000,layers.3.k_lut.lut_batched.weights,3.833849e+01,8.800266e+00,2.295413e-01
2000,layers.3.k_lut.lut_batched.log_soft_score_temp,5.433364e-01,2.547461e-02,4.688552e-02
2000,layers.3.k_lut.lut_batched.log_select_temp,8.598006e-01,1.306427e-02,1.519453e-02
2000,layers.3.v_lut.compress.weight,6.986188e+00,3.773476e-01,5.401337e-02
2000,layers.3.v_lut.compress.bias,3.596747e-01,7.696266e-03,2.139785e-02
2000,layers.3.v_lut.lut_batched.weights,4.303931e+01,8.358376e+00,1.942033e-01
2000,layers.3.v_lut.lut_batched.log_soft_score_temp,7.689955e-01,6.714046e-03,8.730930e-03
2000,layers.3.v_lut.lut_batched.log_select_temp,8.518388e-01,1.772761e-02,2.081099e-02
2000,layers.3.out_proj.compress.weight,1.202358e+01,6.966261e-01,5.793834e-02
2000,layers.3.out_proj.compress.bias,5.711984e-01,1.184578e-02,2.073846e-02
2000,layers.3.out_proj.lut_batched.weights,3.969181e+01,1.000650e+01,2.521050e-01
2000,layers.3.out_proj.lut_batched.log_soft_score_temp,8.942900e-01,1.310247e-02,1.465126e-02
2000,layers.3.out_proj.lut_batched.log_select_temp,9.662650e-01,2.745503e-02,2.841356e-02
2000,layers.3.out_proj.decompress.weight,1.053806e+01,6.969140e-01,6.613306e-02
2000,layers.3.out_proj.decompress.bias,5.726351e-01,7.303523e-03,1.275424e-02
2000,layers.3.q_norm.weight,8.508773e+00,3.680884e-02,4.325987e-03
2000,layers.3.q_norm.bias,3.572304e-01,1.730243e-02,4.843495e-02
2000,layers.3.k_norm.weight,8.467271e+00,3.679462e-02,4.345511e-03
2000,layers.3.k_norm.bias,5.697547e-01,2.839094e-02,4.983011e-02
2000,layers.3.ln_pre.weight,1.964207e+01,2.824515e-02,1.437993e-03
2000,layers.3.ln_pre.bias,1.550409e-01,1.369022e-02,8.830069e-02
2000,layers.4.q_lut.compress.weight,6.950680e+00,5.021223e-01,7.224074e-02
2000,layers.4.q_lut.compress.bias,3.901310e-01,2.097520e-02,5.376451e-02
2000,layers.4.q_lut.lut_batched.weights,3.894987e+01,8.884906e+00,2.281113e-01
2000,layers.4.q_lut.lut_batched.log_soft_score_temp,5.310047e-01,2.419722e-02,4.556875e-02
2000,layers.4.q_lut.lut_batched.log_select_temp,8.299447e-01,1.155490e-02,1.392249e-02
2000,layers.4.k_lut.compress.weight,6.907072e+00,4.495059e-01,6.507908e-02
2000,layers.4.k_lut.compress.bias,3.813807e-01,1.926939e-02,5.052535e-02
2000,layers.4.k_lut.lut_batched.weights,3.861629e+01,8.781449e+00,2.274027e-01
2000,layers.4.k_lut.lut_batched.log_soft_score_temp,5.581421e-01,2.150184e-02,3.852395e-02
2000,layers.4.k_lut.lut_batched.log_select_temp,8.340272e-01,1.071072e-02,1.284217e-02
2000,layers.4.v_lut.compress.weight,6.960214e+00,3.743886e-01,5.378982e-02
2000,layers.4.v_lut.compress.bias,3.647892e-01,7.271689e-03,1.993395e-02
2000,layers.4.v_lut.lut_batched.weights,4.299640e+01,8.235888e+00,1.915483e-01
2000,layers.4.v_lut.lut_batched.log_soft_score_temp,7.885017e-01,4.259944e-04,5.402580e-04
2000,layers.4.v_lut.lut_batched.log_select_temp,8.468627e-01,1.775104e-02,2.096094e-02
2000,layers.4.out_proj.compress.weight,1.192108e+01,6.781659e-01,5.688797e-02
2000,layers.4.out_proj.compress.bias,5.761270e-01,1.345614e-02,2.335620e-02
2000,layers.4.out_proj.lut_batched.weights,3.967268e+01,9.975040e+00,2.514335e-01
2000,layers.4.out_proj.lut_batched.log_soft_score_temp,8.504357e-01,1.644737e-02,1.933993e-02
2000,layers.4.out_proj.lut_batched.log_select_temp,9.152982e-01,2.772206e-02,3.028746e-02
2000,layers.4.out_proj.decompress.weight,1.045102e+01,6.926965e-01,6.628029e-02
2000,layers.4.out_proj.decompress.bias,6.017127e-01,9.012657e-03,1.497834e-02
2000,layers.4.q_norm.weight,8.287555e+00,2.878162e-02,3.472873e-03
2000,layers.4.q_norm.bias,1.975467e-01,1.419532e-02,7.185805e-02
2000,layers.4.k_norm.weight,8.271243e+00,2.788828e-02,3.371716e-03
2000,layers.4.k_norm.bias,3.601249e-01,2.446742e-02,6.794149e-02
2000,layers.4.ln_pre.weight,1.964153e+01,2.968631e-02,1.511405e-03
2000,layers.4.ln_pre.bias,1.714823e-01,1.553479e-02,9.059124e-02
2000,layers.5.q_lut.compress.weight,6.957243e+00,5.113762e-01,7.350271e-02
2000,layers.5.q_lut.compress.bias,3.995174e-01,1.850334e-02,4.631424e-02
2000,layers.5.q_lut.lut_batched.weights,3.969597e+01,8.958856e+00,2.256868e-01
2000,layers.5.q_lut.lut_batched.log_soft_score_temp,5.359248e-01,2.218401e-02,4.139389e-02
2000,layers.5.q_lut.lut_batched.log_select_temp,7.961493e-01,9.656966e-03,1.212959e-02
2000,layers.5.k_lut.compress.weight,6.892777e+00,4.571626e-01,6.632487e-02
2000,layers.5.k_lut.compress.bias,3.882543e-01,2.248249e-02,5.790661e-02
2000,layers.5.k_lut.lut_batched.weights,3.903676e+01,8.804760e+00,2.255505e-01
2000,layers.5.k_lut.lut_batched.log_soft_score_temp,5.444844e-01,2.107620e-02,3.870855e-02
2000,layers.5.k_lut.lut_batched.log_select_temp,8.416604e-01,1.152045e-02,1.368776e-02
2000,layers.5.v_lut.compress.weight,6.994907e+00,3.667125e-01,5.242565e-02
2000,layers.5.v_lut.compress.bias,3.522951e-01,7.501922e-03,2.129443e-02
2000,layers.5.v_lut.lut_batched.weights,4.368490e+01,8.163588e+00,1.868743e-01
2000,layers.5.v_lut.lut_batched.log_soft_score_temp,7.796875e-01,2.161026e-03,2.771657e-03
2000,layers.5.v_lut.lut_batched.log_select_temp,8.254700e-01,1.594263e-02,1.931340e-02
2000,layers.5.out_proj.compress.weight,1.197094e+01,6.891559e-01,5.756905e-02
2000,layers.5.out_proj.compress.bias,5.511619e-01,1.358367e-02,2.464552e-02
2000,layers.5.out_proj.lut_batched.weights,3.949453e+01,1.013711e+01,2.566713e-01
2000,layers.5.out_proj.lut_batched.log_soft_score_temp,8.303052e-01,1.584709e-02,1.908586e-02
2000,layers.5.out_proj.lut_batched.log_select_temp,8.950261e-01,2.453232e-02,2.740961e-02
2000,layers.5.out_proj.decompress.weight,1.032007e+01,6.913280e-01,6.698868e-02
2000,layers.5.out_proj.decompress.bias,5.842101e-01,1.305723e-02,2.235023e-02
2000,layers.5.q_norm.weight,8.246856e+00,2.462972e-02,2.986559e-03
2000,layers.5.q_norm.bias,2.410290e-01,1.673361e-02,6.942572e-02
2000,layers.5.k_norm.weight,8.234196e+00,2.550331e-02,3.097244e-03
2000,layers.5.k_norm.bias,3.813800e-01,2.350020e-02,6.161887e-02
2000,layers.5.ln_pre.weight,1.963980e+01,3.156455e-02,1.607173e-03
2000,layers.5.ln_pre.bias,1.690883e-01,1.671362e-02,9.884548e-02
2000,ln_final.weight,2.710605e+01,6.337691e-01,2.338109e-02
2000,ln_final.bias,2.112360e+00,9.292920e-02,4.399306e-02
2000,unembedder.weight,1.597087e+02,1.175651e+01,7.361223e-02
2200,tok_emb_E.weight,2.089324e+02,6.533660e+00,3.127165e-02
2200,layers.0.q_lut.compress.weight,7.321104e+00,4.168141e-01,5.693324e-02
2200,layers.0.q_lut.compress.bias,3.584700e-01,2.210521e-02,6.166543e-02
2200,layers.0.q_lut.lut_batched.weights,3.860288e+01,6.681584e+00,1.730851e-01
2200,layers.0.q_lut.lut_batched.log_soft_score_temp,1.001499e+00,8.156061e-03,8.143857e-03
2200,layers.0.q_lut.lut_batched.log_select_temp,1.069955e+00,2.380037e-02,2.224428e-02
2200,layers.0.k_lut.compress.weight,7.138844e+00,4.563099e-01,6.391930e-02
2200,layers.0.k_lut.compress.bias,3.328072e-01,2.059104e-02,6.187078e-02
2200,layers.0.k_lut.lut_batched.weights,3.884427e+01,7.046095e+00,1.813934e-01
2200,layers.0.k_lut.lut_batched.log_soft_score_temp,8.489698e-01,1.368886e-02,1.612409e-02
2200,layers.0.k_lut.lut_batched.log_select_temp,8.860824e-01,1.829940e-02,2.065203e-02
2200,layers.0.v_lut.compress.weight,7.678638e+00,3.839208e-01,4.999855e-02
2200,layers.0.v_lut.compress.bias,3.614741e-01,1.482212e-02,4.100465e-02
2200,layers.0.v_lut.lut_batched.weights,4.790554e+01,6.854922e+00,1.430925e-01
2200,layers.0.v_lut.lut_batched.log_soft_score_temp,9.196898e-01,1.842552e-02,2.003450e-02
2200,layers.0.v_lut.lut_batched.log_select_temp,8.727428e-01,1.555377e-02,1.782171e-02
2200,layers.0.out_proj.compress.weight,1.206356e+01,4.717530e-01,3.910561e-02
2200,layers.0.out_proj.compress.bias,6.835186e-01,8.430428e-03,1.233387e-02
2200,layers.0.out_proj.lut_batched.weights,6.022300e+01,1.038051e+01,1.723678e-01
2200,layers.0.out_proj.lut_batched.log_soft_score_temp,9.909707e-01,6.493509e-03,6.552675e-03
2200,layers.0.out_proj.lut_batched.log_select_temp,1.089903e+00,2.769756e-02,2.541287e-02
2200,layers.0.out_proj.decompress.weight,1.216013e+01,5.150936e-01,4.235921e-02
2200,layers.0.out_proj.decompress.bias,6.080855e-01,8.214121e-03,1.350817e-02
2200,layers.0.q_norm.weight,8.946339e+00,3.605804e-02,4.030480e-03
2200,layers.0.q_norm.bias,6.445574e-01,2.814164e-02,4.366042e-02
2200,layers.0.k_norm.weight,8.934589e+00,3.531467e-02,3.952579e-03
2200,layers.0.k_norm.bias,5.087898e-01,2.264735e-02,4.451219e-02
2200,layers.0.ln_pre.weight,2.013988e+01,3.530452e-02,1.752966e-03
2200,layers.0.ln_pre.bias,1.312280e-01,2.808594e-02,2.140239e-01
2200,layers.1.q_lut.compress.weight,6.986638e+00,4.009308e-01,5.738537e-02
2200,layers.1.q_lut.compress.bias,3.380288e-01,1.505540e-02,4.453881e-02
2200,layers.1.q_lut.lut_batched.weights,3.953300e+01,7.649540e+00,1.934976e-01
2200,layers.1.q_lut.lut_batched.log_soft_score_temp,5.929277e-01,1.653129e-02,2.788078e-02
2200,layers.1.q_lut.lut_batched.log_select_temp,9.383691e-01,1.174062e-02,1.251173e-02
2200,layers.1.k_lut.compress.weight,6.949034e+00,4.015694e-01,5.778780e-02
2200,layers.1.k_lut.compress.bias,3.794323e-01,1.654473e-02,4.360390e-02
2200,layers.1.k_lut.lut_batched.weights,3.908780e+01,7.586547e+00,1.940899e-01
2200,layers.1.k_lut.lut_batched.log_soft_score_temp,5.273598e-01,1.387542e-02,2.631111e-02
2200,layers.1.k_lut.lut_batched.log_select_temp,8.519328e-01,9.528756e-03,1.118487e-02
2200,layers.1.v_lut.compress.weight,7.019270e+00,3.451357e-01,4.916975e-02
2200,layers.1.v_lut.compress.bias,3.672576e-01,8.666891e-03,2.359894e-02
2200,layers.1.v_lut.lut_batched.weights,4.309714e+01,7.439240e+00,1.726157e-01
2200,layers.1.v_lut.lut_batched.log_soft_score_temp,7.069786e-01,2.638161e-02,3.731600e-02
2200,layers.1.v_lut.lut_batched.log_select_temp,9.583933e-01,7.229745e-03,7.543610e-03
2200,layers.1.out_proj.compress.weight,1.200411e+01,5.985566e-01,4.986266e-02
2200,layers.1.out_proj.compress.bias,6.112118e-01,1.363449e-02,2.230731e-02
2200,layers.1.out_proj.lut_batched.weights,4.400341e+01,8.722502e+00,1.982233e-01
2200,layers.1.out_proj.lut_batched.log_soft_score_temp,8.907809e-01,1.245749e-02,1.398491e-02
2200,layers.1.out_proj.lut_batched.log_select_temp,1.050185e+00,2.119625e-02,2.018335e-02
2200,layers.1.out_proj.decompress.weight,1.097085e+01,6.036162e-01,5.502003e-02
2200,layers.1.out_proj.decompress.bias,5.980886e-01,7.589508e-03,1.268960e-02
2200,layers.1.q_norm.weight,8.780586e+00,2.073032e-02,2.360927e-03
2200,layers.1.q_norm.bias,4.687523e-01,1.549164e-02,3.304868e-02
2200,layers.1.k_norm.weight,8.759653e+00,2.065529e-02,2.358004e-03
2200,layers.1.k_norm.bias,7.719220e-01,3.039862e-02,3.938044e-02
2200,layers.1.ln_pre.weight,1.963241e+01,3.071190e-02,1.564347e-03
2200,layers.1.ln_pre.bias,1.470843e-01,1.532093e-02,1.041642e-01
2200,layers.2.q_lut.compress.weight,6.987808e+00,4.213227e-01,6.029398e-02
2200,layers.2.q_lut.compress.bias,3.679006e-01,1.458544e-02,3.964504e-02
2200,layers.2.q_lut.lut_batched.weights,3.963634e+01,7.737721e+00,1.952178e-01
2200,layers.2.q_lut.lut_batched.log_soft_score_temp,5.402238e-01,1.864100e-02,3.450606e-02
2200,layers.2.q_lut.lut_batched.log_select_temp,9.289075e-01,1.294267e-02,1.393322e-02
2200,layers.2.k_lut.compress.weight,6.923242e+00,4.095863e-01,5.916106e-02
2200,layers.2.k_lut.compress.bias,4.028002e-01,1.454601e-02,3.611222e-02
2200,layers.2.k_lut.lut_batched.weights,3.869459e+01,7.666494e+00,1.981283e-01
2200,layers.2.k_lut.lut_batched.log_soft_score_temp,5.411871e-01,1.763684e-02,3.258916e-02
2200,layers.2.k_lut.lut_batched.log_select_temp,8.875365e-01,1.381975e-02,1.557091e-02
2200,layers.2.v_lut.compress.weight,7.006918e+00,3.487865e-01,4.977744e-02
2200,layers.2.v_lut.compress.bias,3.602271e-01,7.826861e-03,2.172758e-02
2200,layers.2.v_lut.lut_batched.weights,4.442010e+01,7.461281e+00,1.679708e-01
2200,layers.2.v_lut.lut_batched.log_soft_score_temp,7.216511e-01,2.707744e-02,3.752150e-02
2200,layers.2.v_lut.lut_batched.log_select_temp,9.450964e-01,1.411200e-02,1.493181e-02
2200,layers.2.out_proj.compress.weight,1.216737e+01,6.383529e-01,5.246433e-02
2200,layers.2.out_proj.compress.bias,5.922867e-01,1.339975e-02,2.262376e-02
2200,layers.2.out_proj.lut_batched.weights,4.191000e+01,8.788945e+00,2.097100e-01
2200,layers.2.out_proj.lut_batched.log_soft_score_temp,9.431539e-01,1.697183e-03,1.799476e-03
2200,layers.2.out_proj.lut_batched.log_select_temp,1.044833e+00,2.466238e-02,2.360412e-02
2200,layers.2.out_proj.decompress.weight,1.076811e+01,6.285887e-01,5.837505e-02
2200,layers.2.out_proj.decompress.bias,6.104060e-01,7.302245e-03,1.196293e-02
2200,layers.2.q_norm.weight,8.768068e+00,3.462179e-02,3.948623e-03
2200,layers.2.q_norm.bias,3.378095e-01,1.410604e-02,4.175739e-02
2200,layers.2.k_norm.weight,8.711353e+00,3.424732e-02,3.931343e-03
2200,layers.2.k_norm.bias,6.536175e-01,2.413682e-02,3.692806e-02
2200,layers.2.ln_pre.weight,1.962554e+01,3.334938e-02,1.699285e-03
2200,layers.2.ln_pre.bias,1.345801e-01,1.375290e-02,1.021912e-01
2200,layers.3.q_lut.compress.weight,6.952446e+00,4.402632e-01,6.332493e-02
2200,layers.3.q_lut.compress.bias,3.464417e-01,1.711342e-02,4.939768e-02
2200,layers.3.q_lut.lut_batched.weights,3.984657e+01,7.843516e+00,1.968430e-01
2200,layers.3.q_lut.lut_batched.log_soft_score_temp,4.820711e-01,2.484104e-02,5.152983e-02
2200,layers.3.q_lut.lut_batched.log_select_temp,9.050577e-01,1.087683e-02,1.201783e-02
2200,layers.3.k_lut.compress.weight,6.884353e+00,4.066444e-01,5.906792e-02
2200,layers.3.k_lut.compress.bias,4.163988e-01,1.551488e-02,3.725966e-02
2200,layers.3.k_lut.lut_batched.weights,3.928094e+01,7.804245e+00,1.986776e-01
2200,layers.3.k_lut.lut_batched.log_soft_score_temp,5.210345e-01,2.230191e-02,4.280314e-02
2200,layers.3.k_lut.lut_batched.log_select_temp,8.724644e-01,1.266384e-02,1.451502e-02
2200,layers.3.v_lut.compress.weight,6.976212e+00,3.420654e-01,4.903311e-02
2200,layers.3.v_lut.compress.bias,3.601055e-01,6.490006e-03,1.802251e-02
2200,layers.3.v_lut.lut_batched.weights,4.405190e+01,7.424134e+00,1.685315e-01
2200,layers.3.v_lut.lut_batched.log_soft_score_temp,7.592497e-01,9.745777e-03,1.283606e-02
2200,layers.3.v_lut.lut_batched.log_select_temp,8.659359e-01,1.409703e-02,1.627954e-02
2200,layers.3.out_proj.compress.weight,1.202932e+01,6.404612e-01,5.324168e-02
2200,layers.3.out_proj.compress.bias,5.707015e-01,1.197082e-02,2.097562e-02
2200,layers.3.out_proj.lut_batched.weights,4.060237e+01,8.871558e+00,2.184985e-01
2200,layers.3.out_proj.lut_batched.log_soft_score_temp,9.035513e-01,9.261250e-03,1.024983e-02
2200,layers.3.out_proj.lut_batched.log_select_temp,9.895527e-01,2.328777e-02,2.353364e-02
2200,layers.3.out_proj.decompress.weight,1.049007e+01,6.236659e-01,5.945296e-02
2200,layers.3.out_proj.decompress.bias,5.721834e-01,7.502123e-03,1.311139e-02
2200,layers.3.q_norm.weight,8.537911e+00,3.602542e-02,4.219465e-03
2200,layers.3.q_norm.bias,3.685153e-01,1.333172e-02,3.617685e-02
2200,layers.3.k_norm.weight,8.495115e+00,3.481674e-02,4.098443e-03
2200,layers.3.k_norm.bias,5.887172e-01,2.336636e-02,3.969029e-02
2200,layers.3.ln_pre.weight,1.963367e+01,2.919061e-02,1.486762e-03
2200,layers.3.ln_pre.bias,1.623147e-01,1.319885e-02,8.131641e-02
2200,layers.4.q_lut.compress.weight,6.941438e+00,4.517249e-01,6.507656e-02
2200,layers.4.q_lut.compress.bias,3.925378e-01,1.544920e-02,3.935723e-02
2200,layers.4.q_lut.lut_batched.weights,3.989426e+01,7.875497e+00,1.974093e-01
2200,layers.4.q_lut.lut_batched.log_soft_score_temp,5.098453e-01,2.115941e-02,4.150163e-02
2200,layers.4.q_lut.lut_batched.log_select_temp,8.402683e-01,1.032352e-02,1.228599e-02
2200,layers.4.k_lut.compress.weight,6.898215e+00,4.020289e-01,5.828014e-02
2200,layers.4.k_lut.compress.bias,3.817219e-01,1.446611e-02,3.789698e-02
2200,layers.4.k_lut.lut_batched.weights,3.956709e+01,7.765635e+00,1.962650e-01
2200,layers.4.k_lut.lut_batched.log_soft_score_temp,5.392005e-01,1.894158e-02,3.512901e-02
2200,layers.4.k_lut.lut_batched.log_select_temp,8.421325e-01,8.105338e-03,9.624777e-03
2200,layers.4.v_lut.compress.weight,6.951860e+00,3.362426e-01,4.836729e-02
2200,layers.4.v_lut.compress.bias,3.659356e-01,7.865605e-03,2.149451e-02
2200,layers.4.v_lut.lut_batched.weights,4.405711e+01,7.296212e+00,1.656081e-01
2200,layers.4.v_lut.lut_batched.log_soft_score_temp,7.843556e-01,4.146159e-03,5.286070e-03
2200,layers.4.v_lut.lut_batched.log_select_temp,8.621121e-01,1.524937e-02,1.768839e-02
2200,layers.4.out_proj.compress.weight,1.193557e+01,6.067062e-01,5.083176e-02
2200,layers.4.out_proj.compress.bias,5.765576e-01,1.337516e-02,2.319831e-02
2200,layers.4.out_proj.lut_batched.weights,4.065524e+01,8.837255e+00,2.173706e-01
2200,layers.4.out_proj.lut_batched.log_soft_score_temp,8.617830e-01,1.134729e-02,1.316723e-02
2200,layers.4.out_proj.lut_batched.log_select_temp,9.379035e-01,2.260524e-02,2.410188e-02
2200,layers.4.out_proj.decompress.weight,1.041267e+01,6.178386e-01,5.933527e-02
2200,layers.4.out_proj.decompress.bias,6.019803e-01,8.371334e-03,1.390632e-02
2200,layers.4.q_norm.weight,8.303893e+00,1.970484e-02,2.372965e-03
2200,layers.4.q_norm.bias,2.078847e-01,1.288619e-02,6.198722e-02
2200,layers.4.k_norm.weight,8.286797e+00,1.951606e-02,2.355079e-03
2200,layers.4.k_norm.bias,3.758597e-01,2.021963e-02,5.379568e-02
2200,layers.4.ln_pre.weight,1.963540e+01,2.907013e-02,1.480496e-03
2200,layers.4.ln_pre.bias,1.778352e-01,1.240025e-02,6.972891e-02
2200,layers.5.q_lut.compress.weight,6.947456e+00,4.571351e-01,6.579891e-02
2200,layers.5.q_lut.compress.bias,4.038083e-01,2.028451e-02,5.023303e-02
2200,layers.5.q_lut.lut_batched.weights,4.062741e+01,7.926442e+00,1.951008e-01
2200,layers.5.q_lut.lut_batched.log_soft_score_temp,5.166014e-01,1.932335e-02,3.740475e-02
2200,layers.5.q_lut.lut_batched.log_select_temp,8.052564e-01,9.107113e-03,1.130958e-02
2200,layers.5.k_lut.compress.weight,6.884258e+00,4.085862e-01,5.935080e-02
2200,layers.5.k_lut.compress.bias,3.912959e-01,1.607830e-02,4.108987e-02
2200,layers.5.k_lut.lut_batched.weights,3.997732e+01,7.777826e+00,1.945560e-01
2200,layers.5.k_lut.lut_batched.log_soft_score_temp,5.257443e-01,1.874012e-02,3.564493e-02
2200,layers.5.k_lut.lut_batched.log_select_temp,8.499959e-01,8.335471e-03,9.806485e-03
2200,layers.5.v_lut.compress.weight,6.988123e+00,3.357688e-01,4.804849e-02
2200,layers.5.v_lut.compress.bias,3.525492e-01,6.899330e-03,1.956984e-02
2200,layers.5.v_lut.lut_batched.weights,4.473911e+01,7.218752e+00,1.613522e-01
2200,layers.5.v_lut.lut_batched.log_soft_score_temp,7.789339e-01,7.536411e-04,9.675290e-04
2200,layers.5.v_lut.lut_batched.log_select_temp,8.375638e-01,1.209372e-02,1.443917e-02
2200,layers.5.out_proj.compress.weight,1.199427e+01,6.288738e-01,5.243119e-02
2200,layers.5.out_proj.compress.bias,5.512006e-01,1.266524e-02,2.297755e-02
2200,layers.5.out_proj.lut_batched.weights,4.054571e+01,8.958055e+00,2.209372e-01
2200,layers.5.out_proj.lut_batched.log_soft_score_temp,8.418548e-01,1.154953e-02,1.371915e-02
2200,layers.5.out_proj.lut_batched.log_select_temp,9.155545e-01,2.052832e-02,2.242173e-02
2200,layers.5.out_proj.decompress.weight,1.030110e+01,6.081504e-01,5.903745e-02
2200,layers.5.out_proj.decompress.bias,5.837457e-01,1.097723e-02,1.880482e-02
2200,layers.5.q_norm.weight,8.259533e+00,1.939705e-02,2.348444e-03
2200,layers.5.q_norm.bias,2.495879e-01,1.196442e-02,4.793672e-02
2200,layers.5.k_norm.weight,8.246237e+00,1.872215e-02,2.270387e-03
2200,layers.5.k_norm.bias,3.944892e-01,1.828338e-02,4.634697e-02
2200,layers.5.ln_pre.weight,1.963458e+01,2.777040e-02,1.414362e-03
2200,layers.5.ln_pre.bias,1.804801e-01,1.647782e-02,9.129996e-02
2200,ln_final.weight,2.766772e+01,5.619508e-01,2.031070e-02
2200,ln_final.bias,2.163417e+00,7.694792e-02,3.556778e-02
2200,unembedder.weight,1.618691e+02,1.036974e+01,6.406247e-02
2400,tok_emb_E.weight,2.090812e+02,5.701148e+00,2.726762e-02
2400,layers.0.q_lut.compress.weight,7.317890e+00,3.689291e-01,5.041469e-02
2400,layers.0.q_lut.compress.bias,3.583245e-01,1.841355e-02,5.138793e-02
2400,layers.0.q_lut.lut_batched.weights,3.932560e+01,5.819383e+00,1.479795e-01
2400,layers.0.q_lut.lut_batched.log_soft_score_temp,1.008229e+00,6.730556e-03,6.675622e-03
2400,layers.0.q_lut.lut_batched.log_select_temp,1.090576e+00,2.062118e-02,1.890852e-02
2400,layers.0.k_lut.compress.weight,7.140284e+00,4.016180e-01,5.624679e-02
2400,layers.0.k_lut.compress.bias,3.333374e-01,1.821782e-02,5.465277e-02
2400,layers.0.k_lut.lut_batched.weights,3.958952e+01,6.143080e+00,1.551694e-01
2400,layers.0.k_lut.lut_batched.log_soft_score_temp,8.621091e-01,1.313931e-02,1.524089e-02
2400,layers.0.k_lut.lut_batched.log_select_temp,9.027845e-01,1.670212e-02,1.850067e-02
2400,layers.0.v_lut.compress.weight,7.685981e+00,3.415978e-01,4.444427e-02
2400,layers.0.v_lut.compress.bias,3.618791e-01,1.334231e-02,3.686954e-02
2400,layers.0.v_lut.lut_batched.weights,4.860070e+01,5.973950e+00,1.229190e-01
2400,layers.0.v_lut.lut_batched.log_soft_score_temp,9.366801e-01,1.699030e-02,1.813885e-02
2400,layers.0.v_lut.lut_batched.log_select_temp,8.877743e-01,1.503152e-02,1.693169e-02
2400,layers.0.out_proj.compress.weight,1.204975e+01,4.235479e-01,3.514992e-02
2400,layers.0.out_proj.compress.bias,6.847627e-01,7.017493e-03,1.024807e-02
2400,layers.0.out_proj.lut_batched.weights,6.179625e+01,8.967452e+00,1.451132e-01
2400,layers.0.out_proj.lut_batched.log_soft_score_temp,9.944341e-01,3.463328e-03,3.482712e-03
2400,layers.0.out_proj.lut_batched.log_select_temp,1.113849e+00,2.394652e-02,2.149889e-02
2400,layers.0.out_proj.decompress.weight,1.217237e+01,4.579547e-01,3.762247e-02
2400,layers.0.out_proj.decompress.bias,6.095322e-01,6.957071e-03,1.141379e-02
2400,layers.0.q_norm.weight,8.973664e+00,3.247008e-02,3.618375e-03
2400,layers.0.q_norm.bias,6.680757e-01,2.456988e-02,3.677709e-02
2400,layers.0.k_norm.weight,8.961640e+00,3.188359e-02,3.557785e-03
2400,layers.0.k_norm.bias,5.242314e-01,1.843391e-02,3.516368e-02
2400,layers.0.ln_pre.weight,2.015202e+01,3.124910e-02,1.550668e-03
2400,layers.0.ln_pre.bias,1.365260e-01,2.586168e-02,1.894267e-01
2400,layers.1.q_lut.compress.weight,6.978137e+00,3.561411e-01,5.103670e-02
2400,layers.1.q_lut.compress.bias,3.389879e-01,1.373283e-02,4.051126e-02
2400,layers.1.q_lut.lut_batched.weights,4.025599e+01,6.643414e+00,1.650292e-01
2400,layers.1.q_lut.lut_batched.log_soft_score_temp,5.782462e-01,1.468146e-02,2.538963e-02
2400,layers.1.q_lut.lut_batched.log_select_temp,9.464658e-01,8.096755e-03,8.554724e-03
2400,layers.1.k_lut.compress.weight,6.941563e+00,3.622681e-01,5.218826e-02
2400,layers.1.k_lut.compress.bias,3.808263e-01,1.437524e-02,3.774750e-02
2400,layers.1.k_lut.lut_batched.weights,3.978673e+01,6.590624e+00,1.656488e-01
2400,layers.1.k_lut.lut_batched.log_soft_score_temp,5.154253e-01,1.193452e-02,2.315470e-02
2400,layers.1.k_lut.lut_batched.log_select_temp,8.609129e-01,8.980036e-03,1.043083e-02
2400,layers.1.v_lut.compress.weight,7.004168e+00,3.105186e-01,4.433341e-02
2400,layers.1.v_lut.compress.bias,3.676454e-01,7.401372e-03,2.013182e-02
2400,layers.1.v_lut.lut_batched.weights,4.374538e+01,6.456925e+00,1.476025e-01
2400,layers.1.v_lut.lut_batched.log_soft_score_temp,6.834269e-01,2.355170e-02,3.446119e-02
2400,layers.1.v_lut.lut_batched.log_select_temp,9.631875e-01,4.794121e-03,4.977350e-03
2400,layers.1.out_proj.compress.weight,1.198346e+01,5.338405e-01,4.454813e-02
2400,layers.1.out_proj.compress.bias,6.119129e-01,1.136022e-02,1.856508e-02
2400,layers.1.out_proj.lut_batched.weights,4.471390e+01,7.562952e+00,1.691409e-01
2400,layers.1.out_proj.lut_batched.log_soft_score_temp,8.773175e-01,1.346338e-02,1.534607e-02
2400,layers.1.out_proj.lut_batched.log_select_temp,1.067225e+00,1.704037e-02,1.596699e-02
2400,layers.1.out_proj.decompress.weight,1.091522e+01,5.319940e-01,4.873873e-02
2400,layers.1.out_proj.decompress.bias,5.988065e-01,6.235418e-03,1.041308e-02
2400,layers.1.q_norm.weight,8.796845e+00,1.879253e-02,2.136281e-03
2400,layers.1.q_norm.bias,4.800475e-01,1.276396e-02,2.658895e-02
2400,layers.1.k_norm.weight,8.775289e+00,1.874924e-02,2.136595e-03
2400,layers.1.k_norm.bias,7.929232e-01,2.306936e-02,2.909407e-02
2400,layers.1.ln_pre.weight,1.962034e+01,2.662793e-02,1.357159e-03
2400,layers.1.ln_pre.bias,1.534009e-01,1.371969e-02,8.943687e-02
2400,layers.2.q_lut.compress.weight,6.978471e+00,3.762591e-01,5.391712e-02
2400,layers.2.q_lut.compress.bias,3.693226e-01,1.452966e-02,3.934137e-02
2400,layers.2.q_lut.lut_batched.weights,4.036874e+01,6.718907e+00,1.664383e-01
2400,layers.2.q_lut.lut_batched.log_soft_score_temp,5.216547e-01,1.856917e-02,3.559667e-02
2400,layers.2.q_lut.lut_batched.log_select_temp,9.407490e-01,1.184154e-02,1.258735e-02
2400,layers.2.k_lut.compress.weight,6.914214e+00,3.575675e-01,5.171485e-02
2400,layers.2.k_lut.compress.bias,4.054998e-01,1.394818e-02,3.439749e-02
2400,layers.2.k_lut.lut_batched.weights,3.941565e+01,6.681527e+00,1.695145e-01
2400,layers.2.k_lut.lut_batched.log_soft_score_temp,5.265879e-01,1.459920e-02,2.772415e-02
2400,layers.2.k_lut.lut_batched.log_select_temp,9.011057e-01,1.356918e-02,1.505836e-02
2400,layers.2.v_lut.compress.weight,6.991362e+00,3.116810e-01,4.458088e-02
2400,layers.2.v_lut.compress.bias,3.597811e-01,7.374299e-03,2.049663e-02
2400,layers.2.v_lut.lut_batched.weights,4.515884e+01,6.482033e+00,1.435385e-01
2400,layers.2.v_lut.lut_batched.log_soft_score_temp,6.974471e-01,2.420402e-02,3.470373e-02
2400,layers.2.v_lut.lut_batched.log_select_temp,9.556130e-01,1.051658e-02,1.100507e-02
2400,layers.2.out_proj.compress.weight,1.215736e+01,5.640061e-01,4.639214e-02
2400,layers.2.out_proj.compress.bias,5.926814e-01,1.119942e-02,1.889618e-02
2400,layers.2.out_proj.lut_batched.weights,4.259203e+01,7.637225e+00,1.793112e-01
2400,layers.2.out_proj.lut_batched.log_soft_score_temp,9.404347e-01,2.719223e-03,2.891454e-03
2400,layers.2.out_proj.lut_batched.log_select_temp,1.065952e+00,2.111888e-02,1.981222e-02
2400,layers.2.out_proj.decompress.weight,1.072413e+01,5.536321e-01,5.162492e-02
2400,layers.2.out_proj.decompress.bias,6.105183e-01,6.187177e-03,1.013430e-02
2400,layers.2.q_norm.weight,8.792835e+00,2.797071e-02,3.181080e-03
2400,layers.2.q_norm.bias,3.439198e-01,9.256255e-03,2.691399e-02
2400,layers.2.k_norm.weight,8.734463e+00,2.735903e-02,3.132309e-03
2400,layers.2.k_norm.bias,6.693572e-01,2.054381e-02,3.069185e-02
2400,layers.2.ln_pre.weight,1.961386e+01,2.858621e-02,1.457450e-03
2400,layers.2.ln_pre.bias,1.390193e-01,1.136724e-02,8.176737e-02
2400,layers.3.q_lut.compress.weight,6.941425e+00,3.901310e-01,5.620330e-02
2400,layers.3.q_lut.compress.bias,3.477851e-01,1.470077e-02,4.226970e-02
2400,layers.3.q_lut.lut_batched.weights,4.054509e+01,6.817427e+00,1.681444e-01
2400,layers.3.q_lut.lut_batched.log_soft_score_temp,4.600364e-01,2.203467e-02,4.789768e-02
2400,layers.3.q_lut.lut_batched.log_select_temp,9.160004e-01,1.094270e-02,1.194617e-02
2400,layers.3.k_lut.compress.weight,6.874500e+00,3.640833e-01,5.296142e-02
2400,layers.3.k_lut.compress.bias,4.191896e-01,1.490002e-02,3.554483e-02
2400,layers.3.k_lut.lut_batched.weights,3.997622e+01,6.795629e+00,1.699918e-01
2400,layers.3.k_lut.lut_batched.log_soft_score_temp,5.015629e-01,1.947159e-02,3.882182e-02
2400,layers.3.k_lut.lut_batched.log_select_temp,8.832700e-01,1.080561e-02,1.223364e-02
2400,layers.3.v_lut.compress.weight,6.964232e+00,3.110019e-01,4.465702e-02
2400,layers.3.v_lut.compress.bias,3.596068e-01,5.981270e-03,1.663280e-02
2400,layers.3.v_lut.lut_batched.weights,4.479343e+01,6.463280e+00,1.442908e-01
2400,layers.3.v_lut.lut_batched.log_soft_score_temp,7.469103e-01,1.233941e-02,1.652061e-02
2400,layers.3.v_lut.lut_batched.log_select_temp,8.778782e-01,1.194239e-02,1.360369e-02
2400,layers.3.out_proj.compress.weight,1.202891e+01,5.587949e-01,4.645432e-02
2400,layers.3.out_proj.compress.bias,5.703005e-01,1.008015e-02,1.767515e-02
2400,layers.3.out_proj.lut_batched.weights,4.124555e+01,7.707404e+00,1.868663e-01
2400,layers.3.out_proj.lut_batched.log_soft_score_temp,9.097153e-01,6.164014e-03,6.775762e-03
2400,layers.3.out_proj.lut_batched.log_select_temp,1.009447e+00,1.989377e-02,1.970760e-02
2400,layers.3.out_proj.decompress.weight,1.044734e+01,5.462117e-01,5.228239e-02
2400,layers.3.out_proj.decompress.bias,5.727015e-01,6.803808e-03,1.188020e-02
2400,layers.3.q_norm.weight,8.561639e+00,3.017475e-02,3.524413e-03
2400,layers.3.q_norm.bias,3.771558e-01,1.221282e-02,3.238137e-02
2400,layers.3.k_norm.weight,8.518064e+00,2.970763e-02,3.487603e-03
2400,layers.3.k_norm.bias,6.033185e-01,1.966460e-02,3.259406e-02
2400,layers.3.ln_pre.weight,1.962562e+01,2.680700e-02,1.365919e-03
2400,layers.3.ln_pre.bias,1.686840e-01,1.075523e-02,6.375967e-02
2400,layers.4.q_lut.compress.weight,6.930842e+00,3.978152e-01,5.739782e-02
2400,layers.4.q_lut.compress.bias,3.951215e-01,1.514715e-02,3.833542e-02
2400,layers.4.q_lut.lut_batched.weights,4.059022e+01,6.844693e+00,1.686291e-01
2400,layers.4.q_lut.lut_batched.log_soft_score_temp,4.911334e-01,1.871186e-02,3.809935e-02
2400,layers.4.q_lut.lut_batched.log_select_temp,8.486634e-01,8.395195e-03,9.892255e-03
2400,layers.4.k_lut.compress.weight,6.889265e+00,3.543580e-01,5.143626e-02
2400,layers.4.k_lut.compress.bias,3.843382e-01,1.610230e-02,4.189618e-02
2400,layers.4.k_lut.lut_batched.weights,4.027470e+01,6.760014e+00,1.678476e-01
2400,layers.4.k_lut.lut_batched.log_soft_score_temp,5.255692e-01,1.363128e-02,2.593623e-02
2400,layers.4.k_lut.lut_batched.log_select_temp,8.500078e-01,7.875323e-03,9.265001e-03
2400,layers.4.v_lut.compress.weight,6.942283e+00,2.995028e-01,4.314183e-02
2400,layers.4.v_lut.compress.bias,3.661398e-01,7.040437e-03,1.922882e-02
2400,layers.4.v_lut.lut_batched.weights,4.483914e+01,6.336459e+00,1.413154e-01
2400,layers.4.v_lut.lut_batched.log_soft_score_temp,7.780874e-01,6.268203e-03,8.055912e-03
2400,layers.4.v_lut.lut_batched.log_select_temp,8.732011e-01,1.108897e-02,1.269921e-02
2400,layers.4.out_proj.compress.weight,1.194047e+01,5.355072e-01,4.484809e-02
2400,layers.4.out_proj.compress.bias,5.777109e-01,1.189748e-02,2.059417e-02
2400,layers.4.out_proj.lut_batched.weights,4.137789e+01,7.674294e+00,1.854685e-01
2400,layers.4.out_proj.lut_batched.log_soft_score_temp,8.710916e-01,9.308577e-03,1.068611e-02
2400,layers.4.out_proj.lut_batched.log_select_temp,9.586536e-01,2.075016e-02,2.164511e-02
2400,layers.4.out_proj.decompress.weight,1.037876e+01,5.474083e-01,5.274312e-02
2400,layers.4.out_proj.decompress.bias,6.018358e-01,8.225110e-03,1.366670e-02
2400,layers.4.q_norm.weight,8.317266e+00,1.700842e-02,2.044953e-03
2400,layers.4.q_norm.bias,2.164072e-01,1.080515e-02,4.992971e-02
2400,layers.4.k_norm.weight,8.300130e+00,1.739192e-02,2.095379e-03
2400,layers.4.k_norm.bias,3.872782e-01,1.522420e-02,3.931076e-02
2400,layers.4.ln_pre.weight,1.962950e+01,2.612290e-02,1.330798e-03
2400,layers.4.ln_pre.bias,1.853138e-01,1.306767e-02,7.051644e-02
2400,layers.5.q_lut.compress.weight,6.936818e+00,3.991780e-01,5.754484e-02
2400,layers.5.q_lut.compress.bias,4.047809e-01,1.360477e-02,3.361020e-02
2400,layers.5.q_lut.lut_batched.weights,4.132272e+01,6.857181e+00,1.659422e-01
2400,layers.5.q_lut.lut_batched.log_soft_score_temp,4.984355e-01,1.816598e-02,3.644599e-02
2400,layers.5.q_lut.lut_batched.log_select_temp,8.138714e-01,8.615017e-03,1.058523e-02
2400,layers.5.k_lut.compress.weight,6.874872e+00,3.618815e-01,5.263829e-02
2400,layers.5.k_lut.compress.bias,3.969503e-01,1.774845e-02,4.471202e-02
2400,layers.5.k_lut.lut_batched.weights,4.067651e+01,6.757815e+00,1.661356e-01
2400,layers.5.k_lut.lut_batched.log_soft_score_temp,5.104432e-01,1.530117e-02,2.997624e-02
2400,layers.5.k_lut.lut_batched.log_select_temp,8.597048e-01,9.708941e-03,1.129334e-02
2400,layers.5.v_lut.compress.weight,6.978842e+00,2.970399e-01,4.256292e-02
2400,layers.5.v_lut.compress.bias,3.524437e-01,6.265623e-03,1.777766e-02
2400,layers.5.v_lut.lut_batched.weights,4.555084e+01,6.271197e+00,1.376747e-01
2400,layers.5.v_lut.lut_batched.log_soft_score_temp,7.763613e-01,2.572536e-03,3.313581e-03
2400,layers.5.v_lut.lut_batched.log_select_temp,8.483280e-01,1.076424e-02,1.268877e-02
2400,layers.5.out_proj.compress.weight,1.200828e+01,5.587407e-01,4.652961e-02
2400,layers.5.out_proj.compress.bias,5.506834e-01,1.123502e-02,2.040195e-02
2400,layers.5.out_proj.lut_batched.weights,4.135345e+01,7.799803e+00,1.886131e-01
2400,layers.5.out_proj.lut_batched.log_soft_score_temp,8.530327e-01,1.117796e-02,1.310378e-02
2400,layers.5.out_proj.lut_batched.log_select_temp,9.347107e-01,1.915628e-02,2.049434e-02
2400,layers.5.out_proj.decompress.weight,1.028849e+01,5.361662e-01,5.211320e-02
2400,layers.5.out_proj.decompress.bias,5.824534e-01,1.036065e-02,1.778795e-02
2400,layers.5.q_norm.weight,8.272674e+00,1.851367e-02,2.237931e-03
2400,layers.5.q_norm.bias,2.563966e-01,9.681807e-03,3.776106e-02
2400,layers.5.k_norm.weight,8.258551e+00,1.826859e-02,2.212082e-03
2400,layers.5.k_norm.bias,4.053596e-01,1.533501e-02,3.783063e-02
2400,layers.5.ln_pre.weight,1.962967e+01,2.337372e-02,1.190734e-03
2400,layers.5.ln_pre.bias,1.881140e-01,1.191197e-02,6.332317e-02
2400,ln_final.weight,2.815649e+01,4.889711e-01,1.736620e-02
2400,ln_final.bias,2.204566e+00,6.747124e-02,3.060522e-02
2400,unembedder.weight,1.636420e+02,9.059281e+00,5.536036e-02
2600,tok_emb_E.weight,2.091924e+02,4.875011e+00,2.330396e-02
2600,layers.0.q_lut.compress.weight,7.313315e+00,3.222215e-01,4.405957e-02
2600,layers.0.q_lut.compress.bias,3.594052e-01,1.501479e-02,4.177676e-02
2600,layers.0.q_lut.lut_batched.weights,3.983872e+01,4.997267e+00,1.254374e-01
2600,layers.0.q_lut.lut_batched.log_soft_score_temp,1.015103e+00,6.874204e-03,6.771925e-03
2600,layers.0.q_lut.lut_batched.log_select_temp,1.107330e+00,1.675367e-02,1.512980e-02
2600,layers.0.k_lut.compress.weight,7.139092e+00,3.490370e-01,4.889095e-02
2600,layers.0.k_lut.compress.bias,3.337029e-01,1.591515e-02,4.769258e-02
2600,layers.0.k_lut.lut_batched.weights,4.012915e+01,5.240356e+00,1.305873e-01
2600,layers.0.k_lut.lut_batched.log_soft_score_temp,8.726708e-01,1.056170e-02,1.210274e-02
2600,layers.0.k_lut.lut_batched.log_select_temp,9.160201e-01,1.323563e-02,1.444906e-02
2600,layers.0.v_lut.compress.weight,7.689711e+00,3.003338e-01,3.905658e-02
2600,layers.0.v_lut.compress.bias,3.630032e-01,1.107196e-02,3.050101e-02
2600,layers.0.v_lut.lut_batched.weights,4.909930e+01,5.105563e+00,1.039844e-01
2600,layers.0.v_lut.lut_batched.log_soft_score_temp,9.509447e-01,1.426452e-02,1.500037e-02
2600,layers.0.v_lut.lut_batched.log_select_temp,9.003270e-01,1.255268e-02,1.394236e-02
2600,layers.0.out_proj.compress.weight,1.203501e+01,3.708711e-01,3.081601e-02
2600,layers.0.out_proj.compress.bias,6.855112e-01,7.115037e-03,1.037917e-02
2600,layers.0.out_proj.lut_batched.weights,6.295718e+01,7.613285e+00,1.209280e-01
2600,layers.0.out_proj.lut_batched.log_soft_score_temp,9.947621e-01,3.280044e-04,3.297315e-04
2600,layers.0.out_proj.lut_batched.log_select_temp,1.133312e+00,1.946247e-02,1.717309e-02
2600,layers.0.out_proj.decompress.weight,1.217488e+01,3.982645e-01,3.271198e-02
2600,layers.0.out_proj.decompress.bias,6.100046e-01,5.546354e-03,9.092315e-03
2600,layers.0.q_norm.weight,8.998343e+00,2.843487e-02,3.160012e-03
2600,layers.0.q_norm.bias,6.892906e-01,2.223941e-02,3.226420e-02
2600,layers.0.k_norm.weight,8.985715e+00,2.788940e-02,3.103749e-03
2600,layers.0.k_norm.bias,5.386358e-01,1.568739e-02,2.912429e-02
2600,layers.0.ln_pre.weight,2.016206e+01,2.688612e-02,1.333501e-03
2600,layers.0.ln_pre.bias,1.385632e-01,2.088715e-02,1.507409e-01
2600,layers.1.q_lut.compress.weight,6.970578e+00,3.142841e-01,4.508723e-02
2600,layers.1.q_lut.compress.bias,3.393108e-01,1.254115e-02,3.696066e-02
2600,layers.1.q_lut.lut_batched.weights,4.078529e+01,5.651151e+00,1.385586e-01
2600,layers.1.q_lut.lut_batched.log_soft_score_temp,5.692965e-01,8.949757e-03,1.572073e-02
2600,layers.1.q_lut.lut_batched.log_select_temp,9.570583e-01,1.059246e-02,1.106773e-02
2600,layers.1.k_lut.compress.weight,6.934133e+00,3.128471e-01,4.511698e-02
2600,layers.1.k_lut.compress.bias,3.810149e-01,1.350835e-02,3.545360e-02
2600,layers.1.k_lut.lut_batched.weights,4.028546e+01,5.602245e+00,1.390637e-01
2600,layers.1.k_lut.lut_batched.log_soft_score_temp,5.083057e-01,7.119656e-03,1.400664e-02
2600,layers.1.k_lut.lut_batched.log_select_temp,8.703313e-01,9.418488e-03,1.082173e-02
2600,layers.1.v_lut.compress.weight,6.989446e+00,2.690824e-01,3.849839e-02
2600,layers.1.v_lut.compress.bias,3.684390e-01,7.625159e-03,2.069585e-02
2600,layers.1.v_lut.lut_batched.weights,4.420162e+01,5.480311e+00,1.239844e-01
2600,layers.1.v_lut.lut_batched.log_soft_score_temp,6.634465e-01,1.998043e-02,3.011611e-02
2600,layers.1.v_lut.lut_batched.log_select_temp,9.675906e-01,4.403114e-03,4.550597e-03
2600,layers.1.out_proj.compress.weight,1.196221e+01,4.615299e-01,3.858232e-02
2600,layers.1.out_proj.compress.bias,6.128973e-01,1.116003e-02,1.820865e-02
2600,layers.1.out_proj.lut_batched.weights,4.518738e+01,6.454552e+00,1.428397e-01
2600,layers.1.out_proj.lut_batched.log_soft_score_temp,8.649830e-01,1.233453e-02,1.425985e-02
2600,layers.1.out_proj.lut_batched.log_select_temp,1.081501e+00,1.427615e-02,1.320030e-02
2600,layers.1.out_proj.decompress.weight,1.086616e+01,4.645845e-01,4.275517e-02
2600,layers.1.out_proj.decompress.bias,5.994134e-01,5.133086e-03,8.563515e-03
2600,layers.1.q_norm.weight,8.812028e+00,1.719384e-02,1.951178e-03
2600,layers.1.q_norm.bias,4.897830e-01,1.147484e-02,2.342842e-02
2600,layers.1.k_norm.weight,8.790071e+00,1.711407e-02,1.946977e-03
2600,layers.1.k_norm.bias,8.106022e-01,2.018179e-02,2.489728e-02
2600,layers.1.ln_pre.weight,1.961114e+01,2.305875e-02,1.175799e-03
2600,layers.1.ln_pre.bias,1.566053e-01,1.252168e-02,7.995693e-02
2600,layers.2.q_lut.compress.weight,6.968328e+00,3.259177e-01,4.677129e-02
2600,layers.2.q_lut.compress.bias,3.690198e-01,1.310675e-02,3.551774e-02
2600,layers.2.q_lut.lut_batched.weights,4.088235e+01,5.728990e+00,1.401336e-01
2600,layers.2.q_lut.lut_batched.log_soft_score_temp,5.060203e-01,1.563436e-02,3.089670e-02
2600,layers.2.q_lut.lut_batched.log_select_temp,9.502523e-01,9.503305e-03,1.000082e-02
2600,layers.2.k_lut.compress.weight,6.904342e+00,3.116046e-01,4.513169e-02
2600,layers.2.k_lut.compress.bias,4.062916e-01,1.264602e-02,3.112547e-02
2600,layers.2.k_lut.lut_batched.weights,3.993084e+01,5.672009e+00,1.420458e-01
2600,layers.2.k_lut.lut_batched.log_soft_score_temp,5.136583e-01,1.292956e-02,2.517152e-02
2600,layers.2.k_lut.lut_batched.log_select_temp,9.117968e-01,1.069111e-02,1.172532e-02
2600,layers.2.v_lut.compress.weight,6.976845e+00,2.703059e-01,3.874328e-02
2600,layers.2.v_lut.compress.bias,3.602970e-01,6.540641e-03,1.815347e-02
2600,layers.2.v_lut.lut_batched.weights,4.570225e+01,5.523011e+00,1.208477e-01
2600,layers.2.v_lut.lut_batched.log_soft_score_temp,6.773044e-01,2.014267e-02,2.973947e-02
2600,layers.2.v_lut.lut_batched.log_select_temp,9.644268e-01,8.813798e-03,9.138899e-03
2600,layers.2.out_proj.compress.weight,1.214499e+01,4.906536e-01,4.039967e-02
2600,layers.2.out_proj.compress.bias,5.927618e-01,1.137514e-02,1.919007e-02
2600,layers.2.out_proj.lut_batched.weights,4.306105e+01,6.518750e+00,1.513839e-01
2600,layers.2.out_proj.lut_batched.log_soft_score_temp,9.369820e-01,3.452718e-03,3.684936e-03
2600,layers.2.out_proj.lut_batched.log_select_temp,1.083864e+00,1.791179e-02,1.652587e-02
2600,layers.2.out_proj.decompress.weight,1.068473e+01,4.827523e-01,4.518153e-02
2600,layers.2.out_proj.decompress.bias,6.109657e-01,4.918201e-03,8.049880e-03
2600,layers.2.q_norm.weight,8.814799e+00,2.594914e-02,2.943815e-03
2600,layers.2.q_norm.bias,3.503252e-01,8.557416e-03,2.442706e-02
2600,layers.2.k_norm.weight,8.755561e+00,2.537346e-02,2.897982e-03
2600,layers.2.k_norm.bias,6.818476e-01,1.506812e-02,2.209895e-02
2600,layers.2.ln_pre.weight,1.960364e+01,2.455307e-02,1.252475e-03
2600,layers.2.ln_pre.bias,1.439500e-01,1.244580e-02,8.645924e-02
2600,layers.3.q_lut.compress.weight,6.929374e+00,3.374273e-01,4.869521e-02
2600,layers.3.q_lut.compress.bias,3.482506e-01,1.128549e-02,3.240623e-02
2600,layers.3.q_lut.lut_batched.weights,4.104108e+01,5.814916e+00,1.416853e-01
2600,layers.3.q_lut.lut_batched.log_soft_score_temp,4.403653e-01,1.967108e-02,4.466992e-02
2600,layers.3.q_lut.lut_batched.log_select_temp,9.250367e-01,9.036303e-03,9.768588e-03
2600,layers.3.k_lut.compress.weight,6.864627e+00,3.178547e-01,4.630327e-02
2600,layers.3.k_lut.compress.bias,4.208964e-01,1.316153e-02,3.127024e-02
2600,layers.3.k_lut.lut_batched.weights,4.047554e+01,5.776673e+00,1.427201e-01
2600,layers.3.k_lut.lut_batched.log_soft_score_temp,4.864205e-01,1.514241e-02,3.113029e-02
2600,layers.3.k_lut.lut_batched.log_select_temp,8.932138e-01,9.943783e-03,1.113259e-02
2600,layers.3.v_lut.compress.weight,6.952513e+00,2.726477e-01,3.921571e-02
2600,layers.3.v_lut.compress.bias,3.600655e-01,6.271576e-03,1.741788e-02
2600,layers.3.v_lut.lut_batched.weights,4.534772e+01,5.493985e+00,1.211524e-01
2600,layers.3.v_lut.lut_batched.log_soft_score_temp,7.357887e-01,1.112163e-02,1.511525e-02
2600,layers.3.v_lut.lut_batched.log_select_temp,8.883956e-01,1.051736e-02,1.183860e-02
2600,layers.3.out_proj.compress.weight,1.202647e+01,4.947398e-01,4.113759e-02
2600,layers.3.out_proj.compress.bias,5.705830e-01,9.632496e-03,1.688185e-02
2600,layers.3.out_proj.lut_batched.weights,4.171783e+01,6.578663e+00,1.576943e-01
2600,layers.3.out_proj.lut_batched.log_soft_score_temp,9.167642e-01,7.048905e-03,7.688896e-03
2600,layers.3.out_proj.lut_batched.log_select_temp,1.028090e+00,1.864326e-02,1.813388e-02
2600,layers.3.out_proj.decompress.weight,1.041540e+01,4.726823e-01,4.538302e-02
2600,layers.3.out_proj.decompress.bias,5.720648e-01,5.988271e-03,1.046782e-02
2600,layers.3.q_norm.weight,8.586556e+00,3.028158e-02,3.526627e-03
2600,layers.3.q_norm.bias,3.848238e-01,1.172039e-02,3.045651e-02
2600,layers.3.k_norm.weight,8.542673e+00,2.954890e-02,3.458976e-03
2600,layers.3.k_norm.bias,6.161042e-01,1.867829e-02,3.031677e-02
2600,layers.3.ln_pre.weight,1.961846e+01,2.438432e-02,1.242927e-03
2600,layers.3.ln_pre.bias,1.732520e-01,9.936797e-03,5.735459e-02
2600,layers.4.q_lut.compress.weight,6.920633e+00,3.475875e-01,5.022481e-02
2600,layers.4.q_lut.compress.bias,3.973034e-01,1.338931e-02,3.370046e-02
2600,layers.4.q_lut.lut_batched.weights,4.108809e+01,5.821739e+00,1.416892e-01
2600,layers.4.q_lut.lut_batched.log_soft_score_temp,4.767262e-01,1.440719e-02,3.022109e-02
2600,layers.4.q_lut.lut_batched.log_select_temp,8.576270e-01,8.963585e-03,1.045161e-02
2600,layers.4.k_lut.compress.weight,6.880244e+00,3.043370e-01,4.423346e-02
2600,layers.4.k_lut.compress.bias,3.859930e-01,1.226759e-02,3.178190e-02
2600,layers.4.k_lut.lut_batched.weights,4.078756e+01,5.749177e+00,1.409542e-01
2600,layers.4.k_lut.lut_batched.log_soft_score_temp,5.141562e-01,1.141298e-02,2.219749e-02
2600,layers.4.k_lut.lut_batched.log_select_temp,8.585344e-01,8.526564e-03,9.931534e-03
2600,layers.4.v_lut.compress.weight,6.932461e+00,2.581684e-01,3.724052e-02
2600,layers.4.v_lut.compress.bias,3.658389e-01,5.584201e-03,1.526410e-02
2600,layers.4.v_lut.lut_batched.weights,4.543314e+01,5.367548e+00,1.181417e-01
2600,layers.4.v_lut.lut_batched.log_soft_score_temp,7.716995e-01,6.387889e-03,8.277690e-03
2600,layers.4.v_lut.lut_batched.log_select_temp,8.831179e-01,9.916782e-03,1.122929e-02
2600,layers.4.out_proj.compress.weight,1.194173e+01,4.717710e-01,3.950610e-02
2600,layers.4.out_proj.compress.bias,5.789288e-01,1.064507e-02,1.838753e-02
2600,layers.4.out_proj.lut_batched.weights,4.189775e+01,6.550786e+00,1.563517e-01
2600,layers.4.out_proj.lut_batched.log_soft_score_temp,8.796309e-01,8.539259e-03,9.707776e-03
2600,layers.4.out_proj.lut_batched.log_select_temp,9.774109e-01,1.875728e-02,1.919079e-02
2600,layers.4.out_proj.decompress.weight,1.035083e+01,4.696944e-01,4.537747e-02
2600,layers.4.out_proj.decompress.bias,6.018163e-01,7.087461e-03,1.177679e-02
2600,layers.4.q_norm.weight,8.330696e+00,1.625091e-02,1.950726e-03
2600,layers.4.q_norm.bias,2.224732e-01,7.933080e-03,3.565858e-02
2600,layers.4.k_norm.weight,8.313400e+00,1.701089e-02,2.046201e-03
2600,layers.4.k_norm.bias,3.971539e-01,1.331944e-02,3.353722e-02
2600,layers.4.ln_pre.weight,1.962510e+01,2.153160e-02,1.097146e-03
2600,layers.4.ln_pre.bias,1.891359e-01,8.968831e-03,4.742004e-02
2600,layers.5.q_lut.compress.weight,6.925599e+00,3.412790e-01,4.927790e-02
2600,layers.5.q_lut.compress.bias,4.071849e-01,1.230805e-02,3.022719e-02
2600,layers.5.q_lut.lut_batched.weights,4.181747e+01,5.845435e+00,1.397845e-01
2600,layers.5.q_lut.lut_batched.log_soft_score_temp,4.855302e-01,1.290530e-02,2.657981e-02
2600,layers.5.q_lut.lut_batched.log_select_temp,8.206769e-01,6.805539e-03,8.292592e-03
2600,layers.5.k_lut.compress.weight,6.865745e+00,3.137866e-01,4.570322e-02
2600,layers.5.k_lut.compress.bias,3.984697e-01,1.440817e-02,3.615876e-02
2600,layers.5.k_lut.lut_batched.weights,4.118212e+01,5.768205e+00,1.400658e-01
2600,layers.5.k_lut.lut_batched.log_soft_score_temp,4.976446e-01,1.279852e-02,2.571819e-02
2600,layers.5.k_lut.lut_batched.log_select_temp,8.674237e-01,7.718921e-03,8.898674e-03
2600,layers.5.v_lut.compress.weight,6.969254e+00,2.575567e-01,3.695613e-02
2600,layers.5.v_lut.compress.bias,3.526993e-01,5.481385e-03,1.554124e-02
2600,layers.5.v_lut.lut_batched.weights,4.614330e+01,5.338749e+00,1.156993e-01
2600,layers.5.v_lut.lut_batched.log_soft_score_temp,7.728387e-01,3.522635e-03,4.558046e-03
2600,layers.5.v_lut.lut_batched.log_select_temp,8.575900e-01,9.262025e-03,1.080006e-02
2600,layers.5.out_proj.compress.weight,1.201526e+01,4.824739e-01,4.015510e-02
2600,layers.5.out_proj.compress.bias,5.505443e-01,1.003401e-02,1.822562e-02
2600,layers.5.out_proj.lut_batched.weights,4.194539e+01,6.643994e+00,1.583963e-01
2600,layers.5.out_proj.lut_batched.log_soft_score_temp,8.614638e-01,8.431077e-03,9.786920e-03
2600,layers.5.out_proj.lut_batched.log_select_temp,9.505076e-01,1.579690e-02,1.661943e-02
2600,layers.5.out_proj.decompress.weight,1.027861e+01,4.647276e-01,4.521306e-02
2600,layers.5.out_proj.decompress.bias,5.817665e-01,9.717670e-03,1.670373e-02
2600,layers.5.q_norm.weight,8.284200e+00,1.652276e-02,1.994491e-03
2600,layers.5.q_norm.bias,2.635116e-01,8.623729e-03,3.272619e-02
2600,layers.5.k_norm.weight,8.269588e+00,1.697041e-02,2.052148e-03
2600,layers.5.k_norm.bias,4.140420e-01,1.293075e-02,3.123052e-02
2600,layers.5.ln_pre.weight,1.962524e+01,2.208973e-02,1.125577e-03
2600,layers.5.ln_pre.bias,1.954043e-01,1.065058e-02,5.450536e-02
2600,ln_final.weight,2.857625e+01,4.199349e-01,1.469524e-02
2600,ln_final.bias,2.237135e+00,5.647988e-02,2.524652e-02
2600,unembedder.weight,1.650276e+02,7.712408e+00,4.673405e-02
2800,tok_emb_E.weight,2.092730e+02,4.089552e+00,1.954171e-02
2800,layers.0.q_lut.compress.weight,7.307530e+00,2.767436e-01,3.787101e-02
2800,layers.0.q_lut.compress.bias,3.607193e-01,1.485237e-02,4.117431e-02
2800,layers.0.q_lut.lut_batched.weights,4.019205e+01,4.192575e+00,1.043135e-01
2800,layers.0.q_lut.lut_batched.log_soft_score_temp,1.020047e+00,4.943252e-03,4.846104e-03
2800,layers.0.q_lut.lut_batched.log_select_temp,1.120183e+00,1.285338e-02,1.147436e-02
2800,layers.0.k_lut.compress.weight,7.136811e+00,2.939484e-01,4.118764e-02
2800,layers.0.k_lut.compress.bias,3.340074e-01,1.383092e-02,4.140903e-02
2800,layers.0.k_lut.lut_batched.weights,4.049834e+01,4.389380e+00,1.083842e-01
2800,layers.0.k_lut.lut_batched.log_soft_score_temp,8.824349e-01,9.764135e-03,1.106499e-02
2800,layers.0.k_lut.lut_batched.log_select_temp,9.273608e-01,1.134068e-02,1.222898e-02
2800,layers.0.v_lut.compress.weight,7.691307e+00,2.563993e-01,3.333625e-02
2800,layers.0.v_lut.compress.bias,3.635957e-01,1.086772e-02,2.988957e-02
2800,layers.0.v_lut.lut_batched.weights,4.945103e+01,4.294743e+00,8.684840e-02
2800,layers.0.v_lut.lut_batched.log_soft_score_temp,9.630876e-01,1.214296e-02,1.260836e-02
2800,layers.0.v_lut.lut_batched.log_select_temp,9.107707e-01,1.044369e-02,1.146687e-02
2800,layers.0.out_proj.compress.weight,1.202088e+01,3.266033e-01,2.716967e-02
2800,layers.0.out_proj.compress.bias,6.861313e-01,6.617408e-03,9.644522e-03
2800,layers.0.out_proj.lut_batched.weights,6.381096e+01,6.353926e+00,9.957421e-02
2800,layers.0.out_proj.lut_batched.log_soft_score_temp,9.948326e-01,7.051229e-05,7.087855e-05
2800,layers.0.out_proj.lut_batched.log_select_temp,1.150247e+00,1.693535e-02,1.472322e-02
2800,layers.0.out_proj.decompress.weight,1.217560e+01,3.432173e-01,2.818893e-02
2800,layers.0.out_proj.decompress.bias,6.106331e-01,5.410743e-03,8.860875e-03
2800,layers.0.q_norm.weight,9.020462e+00,2.588311e-02,2.869377e-03
2800,layers.0.q_norm.bias,7.076094e-01,1.926835e-02,2.723021e-02
2800,layers.0.k_norm.weight,9.007267e+00,2.564788e-02,2.847466e-03
2800,layers.0.k_norm.bias,5.505936e-01,1.366202e-02,2.481326e-02
2800,layers.0.ln_pre.weight,2.017079e+01,2.262642e-02,1.121742e-03
2800,layers.0.ln_pre.bias,1.419689e-01,1.963443e-02,1.383009e-01
2800,layers.1.q_lut.compress.weight,6.961806e+00,2.633440e-01,3.782696e-02
2800,layers.1.q_lut.compress.bias,3.394070e-01,1.022589e-02,3.012869e-02
2800,layers.1.q_lut.lut_batched.weights,4.114627e+01,4.698786e+00,1.141971e-01
2800,layers.1.q_lut.lut_batched.log_soft_score_temp,5.621121e-01,7.184386e-03,1.278106e-02
2800,layers.1.q_lut.lut_batched.log_select_temp,9.647732e-01,7.714868e-03,7.996561e-03
2800,layers.1.k_lut.compress.weight,6.926688e+00,2.688920e-01,3.881971e-02
2800,layers.1.k_lut.compress.bias,3.832456e-01,1.256263e-02,3.277957e-02
2800,layers.1.k_lut.lut_batched.weights,4.062566e+01,4.692727e+00,1.155114e-01
2800,layers.1.k_lut.lut_batched.log_soft_score_temp,5.030517e-01,5.253971e-03,1.044420e-02
2800,layers.1.k_lut.lut_batched.log_select_temp,8.790250e-01,8.693695e-03,9.890156e-03
2800,layers.1.v_lut.compress.weight,6.975396e+00,2.329155e-01,3.339100e-02
2800,layers.1.v_lut.compress.bias,3.685884e-01,6.941660e-03,1.883309e-02
2800,layers.1.v_lut.lut_batched.weights,4.451388e+01,4.587705e+00,1.030623e-01
2800,layers.1.v_lut.lut_batched.log_soft_score_temp,6.469823e-01,1.646423e-02,2.544774e-02
2800,layers.1.v_lut.lut_batched.log_select_temp,9.714069e-01,3.816366e-03,3.928700e-03
2800,layers.1.out_proj.compress.weight,1.194181e+01,3.980860e-01,3.333550e-02
2800,layers.1.out_proj.compress.bias,6.133052e-01,9.823686e-03,1.601762e-02
2800,layers.1.out_proj.lut_batched.weights,4.549804e+01,5.377758e+00,1.181976e-01
2800,layers.1.out_proj.lut_batched.log_soft_score_temp,8.538570e-01,1.112598e-02,1.303026e-02
2800,layers.1.out_proj.lut_batched.log_select_temp,1.093182e+00,1.168084e-02,1.068517e-02
2800,layers.1.out_proj.decompress.weight,1.082262e+01,3.924561e-01,3.626259e-02
2800,layers.1.out_proj.decompress.bias,5.997704e-01,5.003369e-03,8.342141e-03
2800,layers.1.q_norm.weight,8.826283e+00,1.605581e-02,1.819090e-03
2800,layers.1.q_norm.bias,4.982392e-01,9.837991e-03,1.974552e-02
2800,layers.1.k_norm.weight,8.803579e+00,1.543195e-02,1.752917e-03
2800,layers.1.k_norm.bias,8.248032e-01,1.593355e-02,1.931800e-02
2800,layers.1.ln_pre.weight,1.960349e+01,2.015898e-02,1.028336e-03
2800,layers.1.ln_pre.bias,1.606715e-01,1.118382e-02,6.960674e-02
2800,layers.2.q_lut.compress.weight,6.958827e+00,2.732245e-01,3.926301e-02
2800,layers.2.q_lut.compress.bias,3.696367e-01,8.434054e-03,2.281714e-02
2800,layers.2.q_lut.lut_batched.weights,4.124340e+01,4.770845e+00,1.156754e-01
2800,layers.2.q_lut.lut_batched.log_soft_score_temp,4.945278e-01,1.149249e-02,2.323932e-02
2800,layers.2.q_lut.lut_batched.log_select_temp,9.606563e-01,1.040399e-02,1.083009e-02
2800,layers.2.k_lut.compress.weight,6.895403e+00,2.659573e-01,3.857023e-02
2800,layers.2.k_lut.compress.bias,4.068346e-01,1.139121e-02,2.799961e-02
2800,layers.2.k_lut.lut_batched.weights,4.028746e+01,4.742699e+00,1.177215e-01
2800,layers.2.k_lut.lut_batched.log_soft_score_temp,5.037615e-01,9.896815e-03,1.964583e-02
2800,layers.2.k_lut.lut_batched.log_select_temp,9.221175e-01,1.032072e-02,1.119242e-02
2800,layers.2.v_lut.compress.weight,6.962738e+00,2.333598e-01,3.351552e-02
2800,layers.2.v_lut.compress.bias,3.606619e-01,6.358732e-03,1.763073e-02
2800,layers.2.v_lut.lut_batched.weights,4.606908e+01,4.604128e+00,9.993964e-02
2800,layers.2.v_lut.lut_batched.log_soft_score_temp,6.594281e-01,1.787639e-02,2.710893e-02
2800,layers.2.v_lut.lut_batched.log_select_temp,9.719228e-01,7.496059e-03,7.712607e-03
2800,layers.2.out_proj.compress.weight,1.212962e+01,4.181326e-01,3.447203e-02
2800,layers.2.out_proj.compress.bias,5.917581e-01,1.000442e-02,1.690626e-02
2800,layers.2.out_proj.lut_batched.weights,4.335253e+01,5.433627e+00,1.253359e-01
2800,layers.2.out_proj.lut_batched.log_soft_score_temp,9.316479e-01,5.334079e-03,5.725424e-03
2800,layers.2.out_proj.lut_batched.log_select_temp,1.097962e+00,1.409805e-02,1.284020e-02
2800,layers.2.out_proj.decompress.weight,1.064753e+01,4.084877e-01,3.836455e-02
2800,layers.2.out_proj.decompress.bias,6.114070e-01,4.933361e-03,8.068866e-03
2800,layers.2.q_norm.weight,8.831511e+00,1.971832e-02,2.232723e-03
2800,layers.2.q_norm.bias,3.551776e-01,7.429087e-03,2.091654e-02
2800,layers.2.k_norm.weight,8.771533e+00,1.928667e-02,2.198780e-03
2800,layers.2.k_norm.bias,6.896361e-01,1.140091e-02,1.653178e-02
2800,layers.2.ln_pre.weight,1.959538e+01,2.071722e-02,1.057250e-03
2800,layers.2.ln_pre.bias,1.479376e-01,1.005127e-02,6.794267e-02
2800,layers.3.q_lut.compress.weight,6.918330e+00,2.886362e-01,4.172050e-02
2800,layers.3.q_lut.compress.bias,3.472715e-01,1.001026e-02,2.882544e-02
2800,layers.3.q_lut.lut_batched.weights,4.137492e+01,4.847263e+00,1.171546e-01
2800,layers.3.q_lut.lut_batched.log_soft_score_temp,4.245538e-01,1.581150e-02,3.724264e-02
2800,layers.3.q_lut.lut_batched.log_select_temp,9.331552e-01,8.118451e-03,8.700001e-03
2800,layers.3.k_lut.compress.weight,6.854934e+00,2.633747e-01,3.842118e-02
2800,layers.3.k_lut.compress.bias,4.219407e-01,1.009387e-02,2.392248e-02
2800,layers.3.k_lut.lut_batched.weights,4.081394e+01,4.806709e+00,1.177713e-01
2800,layers.3.k_lut.lut_batched.log_soft_score_temp,4.733695e-01,1.305094e-02,2.757031e-02
2800,layers.3.k_lut.lut_batched.log_select_temp,9.027686e-01,9.554744e-03,1.058382e-02
2800,layers.3.v_lut.compress.weight,6.941526e+00,2.282988e-01,3.288885e-02
2800,layers.3.v_lut.compress.bias,3.599422e-01,4.775422e-03,1.326719e-02
2800,layers.3.v_lut.lut_batched.weights,4.573397e+01,4.564522e+00,9.980596e-02
2800,layers.3.v_lut.lut_batched.log_soft_score_temp,7.245887e-01,1.120001e-02,1.545706e-02
2800,layers.3.v_lut.lut_batched.log_select_temp,8.980682e-01,9.672642e-03,1.077050e-02
2800,layers.3.out_proj.compress.weight,1.202085e+01,4.197546e-01,3.491887e-02
2800,layers.3.out_proj.compress.bias,5.698407e-01,7.875546e-03,1.382061e-02
2800,layers.3.out_proj.lut_batched.weights,4.202547e+01,5.490621e+00,1.306499e-01
2800,layers.3.out_proj.lut_batched.log_soft_score_temp,9.211287e-01,4.364550e-03,4.738263e-03
2800,layers.3.out_proj.lut_batched.log_select_temp,1.042746e+00,1.465654e-02,1.405571e-02
2800,layers.3.out_proj.decompress.weight,1.038690e+01,4.082091e-01,3.930036e-02
2800,layers.3.out_proj.decompress.bias,5.723585e-01,5.526199e-03,9.655136e-03
2800,layers.3.q_norm.weight,8.605497e+00,2.541814e-02,2.953710e-03
2800,layers.3.q_norm.bias,3.888741e-01,7.767006e-03,1.997306e-02
2800,layers.3.k_norm.weight,8.561116e+00,2.508193e-02,2.929749e-03
2800,layers.3.k_norm.bias,6.235976e-01,1.332461e-02,2.136732e-02
2800,layers.3.ln_pre.weight,1.961233e+01,1.884553e-02,9.609020e-04
2800,layers.3.ln_pre.bias,1.740217e-01,6.805775e-03,3.910878e-02
2800,layers.4.q_lut.compress.weight,6.910757e+00,2.912524e-01,4.214479e-02
2800,layers.4.q_lut.compress.bias,3.988646e-01,1.240450e-02,3.109953e-02
2800,layers.4.q_lut.lut_batched.weights,4.142543e+01,4.844486e+00,1.169447e-01
2800,layers.4.q_lut.lut_batched.log_soft_score_temp,4.651318e-01,1.159444e-02,2.492723e-02
2800,layers.4.q_lut.lut_batched.log_select_temp,8.654119e-01,7.784843e-03,8.995536e-03
2800,layers.4.k_lut.compress.weight,6.871091e+00,2.627873e-01,3.824535e-02
2800,layers.4.k_lut.compress.bias,3.870248e-01,1.155705e-02,2.986126e-02
2800,layers.4.k_lut.lut_batched.weights,4.113451e+01,4.788975e+00,1.164223e-01
2800,layers.4.k_lut.lut_batched.log_soft_score_temp,5.059061e-01,8.250117e-03,1.630761e-02
2800,layers.4.k_lut.lut_batched.log_select_temp,8.653550e-01,6.820619e-03,7.881874e-03
2800,layers.4.v_lut.compress.weight,6.922324e+00,2.213265e-01,3.197286e-02
2800,layers.4.v_lut.compress.bias,3.656558e-01,5.197084e-03,1.421305e-02
2800,layers.4.v_lut.lut_batched.weights,4.584908e+01,4.482341e+00,9.776294e-02
2800,layers.4.v_lut.lut_batched.log_soft_score_temp,7.634181e-01,8.281350e-03,1.084773e-02
2800,layers.4.v_lut.lut_batched.log_select_temp,8.908458e-01,7.727921e-03,8.674814e-03
2800,layers.4.out_proj.compress.weight,1.193841e+01,4.057977e-01,3.399094e-02
2800,layers.4.out_proj.compress.bias,5.783257e-01,1.020437e-02,1.764467e-02
2800,layers.4.out_proj.lut_batched.weights,4.223620e+01,5.460642e+00,1.292882e-01
2800,layers.4.out_proj.lut_batched.log_soft_score_temp,8.858429e-01,6.212056e-03,7.012593e-03
2800,layers.4.out_proj.lut_batched.log_select_temp,9.931254e-01,1.571453e-02,1.582330e-02
2800,layers.4.out_proj.decompress.weight,1.032487e+01,4.006532e-01,3.880469e-02
2800,layers.4.out_proj.decompress.bias,6.015322e-01,6.244818e-03,1.038152e-02
2800,layers.4.q_norm.weight,8.339815e+00,1.146044e-02,1.374184e-03
2800,layers.4.q_norm.bias,2.265080e-01,6.212447e-03,2.742705e-02
2800,layers.4.k_norm.weight,8.322227e+00,1.148318e-02,1.379820e-03
2800,layers.4.k_norm.bias,4.039932e-01,1.043726e-02,2.583524e-02
2800,layers.4.ln_pre.weight,1.962064e+01,1.897987e-02,9.673422e-04
2800,layers.4.ln_pre.bias,1.937708e-01,9.182061e-03,4.738619e-02
2800,layers.5.q_lut.compress.weight,6.914931e+00,2.918116e-01,4.220022e-02
2800,layers.5.q_lut.compress.bias,4.083982e-01,1.118764e-02,2.739396e-02
2800,layers.5.q_lut.lut_batched.weights,4.214961e+01,4.876688e+00,1.156995e-01
2800,layers.5.q_lut.lut_batched.log_soft_score_temp,4.742316e-01,1.129854e-02,2.382493e-02
2800,layers.5.q_lut.lut_batched.log_select_temp,8.274929e-01,6.815970e-03,8.236892e-03
2800,layers.5.k_lut.compress.weight,6.855991e+00,2.674628e-01,3.901155e-02
2800,layers.5.k_lut.compress.bias,4.022724e-01,1.150325e-02,2.859566e-02
2800,layers.5.k_lut.lut_batched.weights,4.152827e+01,4.792713e+00,1.154084e-01
2800,layers.5.k_lut.lut_batched.log_soft_score_temp,4.867382e-01,1.090643e-02,2.240717e-02
2800,layers.5.k_lut.lut_batched.log_select_temp,8.745530e-01,7.129312e-03,8.151949e-03
2800,layers.5.v_lut.compress.weight,6.960177e+00,2.212842e-01,3.179290e-02
2800,layers.5.v_lut.compress.bias,3.534456e-01,4.132799e-03,1.169289e-02
2800,layers.5.v_lut.lut_batched.weights,4.656103e+01,4.452314e+00,9.562318e-02
2800,layers.5.v_lut.lut_batched.log_soft_score_temp,7.690620e-01,3.776729e-03,4.910825e-03
2800,layers.5.v_lut.lut_batched.log_select_temp,8.650802e-01,7.490158e-03,8.658340e-03
2800,layers.5.out_proj.compress.weight,1.201822e+01,4.149027e-01,3.452282e-02
2800,layers.5.out_proj.compress.bias,5.500017e-01,9.486841e-03,1.724875e-02
2800,layers.5.out_proj.lut_batched.weights,4.236895e+01,5.550881e+00,1.310130e-01
2800,layers.5.out_proj.lut_batched.log_soft_score_temp,8.688361e-01,7.372320e-03,8.485282e-03
2800,layers.5.out_proj.lut_batched.log_select_temp,9.641386e-01,1.363099e-02,1.413799e-02
2800,layers.5.out_proj.decompress.weight,1.027087e+01,4.001008e-01,3.895491e-02
2800,layers.5.out_proj.decompress.bias,5.809880e-01,7.618158e-03,1.311242e-02
2800,layers.5.q_norm.weight,8.293192e+00,1.300864e-02,1.568593e-03
2800,layers.5.q_norm.bias,2.687578e-01,7.869348e-03,2.928044e-02
2800,layers.5.k_norm.weight,8.278297e+00,1.359782e-02,1.642586e-03
2800,layers.5.k_norm.bias,4.209291e-01,9.980470e-03,2.371057e-02
2800,layers.5.ln_pre.weight,1.962126e+01,1.952158e-02,9.949200e-04
2800,layers.5.ln_pre.bias,1.999599e-01,7.614280e-03,3.807904e-02
2800,ln_final.weight,2.892768e+01,3.515537e-01,1.215285e-02
2800,ln_final.bias,2.265148e+00,4.913102e-02,2.168999e-02
2800,unembedder.weight,1.659380e+02,6.324405e+00,3.811305e-02
3000,tok_emb_E.weight,2.093294e+02,3.357062e+00,1.603722e-02
3000,layers.0.q_lut.compress.weight,7.302135e+00,2.309157e-01,3.162304e-02
3000,layers.0.q_lut.compress.bias,3.616236e-01,1.135559e-02,3.140168e-02
3000,layers.0.q_lut.lut_batched.weights,4.043138e+01,3.466885e+00,8.574739e-02
3000,layers.0.q_lut.lut_batched.log_soft_score_temp,1.025441e+00,5.394220e-03,5.260392e-03
3000,layers.0.q_lut.lut_batched.log_select_temp,1.130702e+00,1.051855e-02,9.302677e-03
3000,layers.0.k_lut.compress.weight,7.133855e+00,2.457594e-01,3.444974e-02
3000,layers.0.k_lut.compress.bias,3.341791e-01,1.098284e-02,3.286512e-02
3000,layers.0.k_lut.lut_batched.weights,4.074441e+01,3.609207e+00,8.858165e-02
3000,layers.0.k_lut.lut_batched.log_soft_score_temp,8.914774e-01,9.042501e-03,1.014328e-02
3000,layers.0.k_lut.lut_batched.log_select_temp,9.372859e-01,9.925127e-03,1.058922e-02
3000,layers.0.v_lut.compress.weight,7.691294e+00,2.152468e-01,2.798577e-02
3000,layers.0.v_lut.compress.bias,3.648309e-01,8.834502e-03,2.421534e-02
3000,layers.0.v_lut.lut_batched.weights,4.969027e+01,3.536951e+00,7.117994e-02
3000,layers.0.v_lut.lut_batched.log_soft_score_temp,9.737713e-01,1.068366e-02,1.097142e-02
3000,layers.0.v_lut.lut_batched.log_select_temp,9.200052e-01,9.234548e-03,1.003749e-02
3000,layers.0.out_proj.compress.weight,1.200876e+01,2.723249e-01,2.267718e-02
3000,layers.0.out_proj.compress.bias,6.863650e-01,6.256569e-03,9.115512e-03
3000,layers.0.out_proj.lut_batched.weights,6.442246e+01,5.166202e+00,8.019255e-02
3000,layers.0.out_proj.lut_batched.log_soft_score_temp,9.951304e-01,2.977848e-04,2.992420e-04
3000,layers.0.out_proj.lut_batched.log_select_temp,1.163547e+00,1.329947e-02,1.143011e-02
3000,layers.0.out_proj.decompress.weight,1.217280e+01,2.876956e-01,2.363430e-02
3000,layers.0.out_proj.decompress.bias,6.112940e-01,4.571697e-03,7.478721e-03
3000,layers.0.q_norm.weight,9.040012e+00,2.279704e-02,2.521793e-03
3000,layers.0.q_norm.bias,7.220225e-01,1.518627e-02,2.103296e-02
3000,layers.0.k_norm.weight,9.026423e+00,2.240548e-02,2.482210e-03
3000,layers.0.k_norm.bias,5.600340e-01,1.141379e-02,2.038053e-02
3000,layers.0.ln_pre.weight,2.017821e+01,1.894582e-02,9.389250e-04
3000,layers.0.ln_pre.bias,1.415660e-01,1.543597e-02,1.090373e-01
3000,layers.1.q_lut.compress.weight,6.953454e+00,2.222692e-01,3.196530e-02
3000,layers.1.q_lut.compress.bias,3.387195e-01,9.521950e-03,2.811161e-02
3000,layers.1.q_lut.lut_batched.weights,4.138794e+01,3.833862e+00,9.263235e-02
3000,layers.1.q_lut.lut_batched.log_soft_score_temp,5.553320e-01,6.780088e-03,1.220907e-02
3000,layers.1.q_lut.lut_batched.log_select_temp,9.709839e-01,6.210744e-03,6.396341e-03
3000,layers.1.k_lut.compress.weight,6.918793e+00,2.267956e-01,3.277964e-02
3000,layers.1.k_lut.compress.bias,3.841234e-01,9.824840e-03,2.557731e-02
3000,layers.1.k_lut.lut_batched.weights,4.085213e+01,3.827667e+00,9.369565e-02
3000,layers.1.k_lut.lut_batched.log_soft_score_temp,4.984403e-01,4.611433e-03,9.251726e-03
3000,layers.1.k_lut.lut_batched.log_select_temp,8.849369e-01,5.911827e-03,6.680507e-03
3000,layers.1.v_lut.compress.weight,6.963345e+00,1.986265e-01,2.852458e-02
3000,layers.1.v_lut.compress.bias,3.687994e-01,5.807599e-03,1.574731e-02
3000,layers.1.v_lut.lut_batched.weights,4.470702e+01,3.746151e+00,8.379334e-02
3000,layers.1.v_lut.lut_batched.log_soft_score_temp,6.339394e-01,1.304281e-02,2.057422e-02
3000,layers.1.v_lut.lut_batched.log_select_temp,9.750933e-01,3.686368e-03,3.780529e-03
3000,layers.1.out_proj.compress.weight,1.192364e+01,3.351665e-01,2.810941e-02
3000,layers.1.out_proj.compress.bias,6.136827e-01,8.185891e-03,1.333896e-02
3000,layers.1.out_proj.lut_batched.weights,4.568506e+01,4.393901e+00,9.617808e-02
3000,layers.1.out_proj.lut_batched.log_soft_score_temp,8.444315e-01,9.425521e-03,1.116197e-02
3000,layers.1.out_proj.lut_batched.log_select_temp,1.103321e+00,1.013911e-02,9.189624e-03
3000,layers.1.out_proj.decompress.weight,1.078523e+01,3.285823e-01,3.046594e-02
3000,layers.1.out_proj.decompress.bias,6.002367e-01,4.058703e-03,6.761838e-03
3000,layers.1.q_norm.weight,8.835976e+00,1.138513e-02,1.288497e-03
3000,layers.1.q_norm.bias,5.043702e-01,7.326753e-03,1.452654e-02
3000,layers.1.k_norm.weight,8.812589e+00,1.090416e-02,1.237339e-03
3000,layers.1.k_norm.bias,8.359752e-01,1.236946e-02,1.479644e-02
3000,layers.1.ln_pre.weight,1.959737e+01,1.736620e-02,8.861496e-04
3000,layers.1.ln_pre.bias,1.634841e-01,1.012530e-02,6.193448e-02
3000,layers.2.q_lut.compress.weight,6.949363e+00,2.299725e-01,3.309260e-02
3000,layers.2.q_lut.compress.bias,3.689515e-01,9.848475e-03,2.669314e-02
3000,layers.2.q_lut.lut_batched.weights,4.148316e+01,3.894517e+00,9.388189e-02
3000,layers.2.q_lut.lut_batched.log_soft_score_temp,4.847796e-01,9.748220e-03,2.010856e-02
3000,layers.2.q_lut.lut_batched.log_select_temp,9.669862e-01,6.329954e-03,6.546064e-03
3000,layers.2.k_lut.compress.weight,6.886788e+00,2.231553e-01,3.240340e-02
3000,layers.2.k_lut.compress.bias,4.077491e-01,9.494347e-03,2.328478e-02
3000,layers.2.k_lut.lut_batched.weights,4.052182e+01,3.869677e+00,9.549612e-02
3000,layers.2.k_lut.lut_batched.log_soft_score_temp,4.962841e-01,7.477432e-03,1.506684e-02
3000,layers.2.k_lut.lut_batched.log_select_temp,9.298350e-01,7.717431e-03,8.299785e-03
3000,layers.2.v_lut.compress.weight,6.950274e+00,1.947003e-01,2.801333e-02
3000,layers.2.v_lut.compress.bias,3.606333e-01,4.811134e-03,1.334079e-02
3000,layers.2.v_lut.lut_batched.weights,4.632329e+01,3.755999e+00,8.108230e-02
3000,layers.2.v_lut.lut_batched.log_soft_score_temp,6.447065e-01,1.472157e-02,2.283453e-02
3000,layers.2.v_lut.lut_batched.log_select_temp,9.787493e-01,6.826460e-03,6.974677e-03
3000,layers.2.out_proj.compress.weight,1.211590e+01,3.492085e-01,2.882234e-02
3000,layers.2.out_proj.compress.bias,5.917487e-01,9.046602e-03,1.528791e-02
3000,layers.2.out_proj.lut_batched.weights,4.353095e+01,4.434208e+00,1.018633e-01
3000,layers.2.out_proj.lut_batched.log_soft_score_temp,9.277360e-01,3.911912e-03,4.216623e-03
3000,layers.2.out_proj.lut_batched.log_select_temp,1.110159e+00,1.219738e-02,1.098705e-02
3000,layers.2.out_proj.decompress.weight,1.061636e+01,3.398877e-01,3.201546e-02
3000,layers.2.out_proj.decompress.bias,6.112080e-01,4.468329e-03,7.310652e-03
3000,layers.2.q_norm.weight,8.846196e+00,1.706176e-02,1.928712e-03
3000,layers.2.q_norm.bias,3.603575e-01,7.415675e-03,2.057866e-02
3000,layers.2.k_norm.weight,8.785595e+00,1.656445e-02,1.885411e-03
3000,layers.2.k_norm.bias,6.977648e-01,1.118270e-02,1.602646e-02
3000,layers.2.ln_pre.weight,1.958864e+01,1.737148e-02,8.868142e-04
3000,layers.2.ln_pre.bias,1.489753e-01,8.379458e-03,5.624728e-02
3000,layers.3.q_lut.compress.weight,6.907297e+00,2.368302e-01,3.428696e-02
3000,layers.3.q_lut.compress.bias,3.480416e-01,8.369190e-03,2.404652e-02
3000,layers.3.q_lut.lut_batched.weights,4.159842e+01,3.965866e+00,9.533693e-02
3000,layers.3.q_lut.lut_batched.log_soft_score_temp,4.116685e-01,1.288533e-02,3.130026e-02
3000,layers.3.q_lut.lut_batched.log_select_temp,9.385632e-01,5.407989e-03,5.761987e-03
3000,layers.3.k_lut.compress.weight,6.845593e+00,2.209225e-01,3.227222e-02
3000,layers.3.k_lut.compress.bias,4.226750e-01,9.042166e-03,2.139271e-02
3000,layers.3.k_lut.lut_batched.weights,4.103849e+01,3.934832e+00,9.588149e-02
3000,layers.3.k_lut.lut_batched.log_soft_score_temp,4.626263e-01,1.074323e-02,2.322226e-02
3000,layers.3.k_lut.lut_batched.log_select_temp,9.102398e-01,7.471263e-03,8.208016e-03
3000,layers.3.v_lut.compress.weight,6.931477e+00,1.903643e-01,2.746374e-02
3000,layers.3.v_lut.compress.bias,3.598583e-01,4.358766e-03,1.211245e-02
3000,layers.3.v_lut.lut_batched.weights,4.600671e+01,3.742873e+00,8.135495e-02
3000,layers.3.v_lut.lut_batched.log_soft_score_temp,7.151675e-01,9.421170e-03,1.317337e-02
3000,layers.3.v_lut.lut_batched.log_select_temp,9.061406e-01,8.072317e-03,8.908460e-03
3000,layers.3.out_proj.compress.weight,1.201464e+01,3.512691e-01,2.923675e-02
3000,layers.3.out_proj.compress.bias,5.694746e-01,7.628530e-03,1.339573e-02
3000,layers.3.out_proj.lut_batched.weights,4.221368e+01,4.484488e+00,1.062331e-01
3000,layers.3.out_proj.lut_batched.log_soft_score_temp,9.252170e-01,4.088283e-03,4.418728e-03
3000,layers.3.out_proj.lut_batched.log_select_temp,1.055396e+00,1.265001e-02,1.198603e-02
3000,layers.3.out_proj.decompress.weight,1.036343e+01,3.384028e-01,3.265356e-02
3000,layers.3.out_proj.decompress.bias,5.719404e-01,4.821812e-03,8.430621e-03
3000,layers.3.q_norm.weight,8.622568e+00,2.151334e-02,2.495004e-03
3000,layers.3.q_norm.bias,3.939974e-01,7.032797e-03,1.784986e-02
3000,layers.3.k_norm.weight,8.577656e+00,2.141604e-02,2.496724e-03
3000,layers.3.k_norm.bias,6.322029e-01,1.137478e-02,1.799229e-02
3000,layers.3.ln_pre.weight,1.960723e+01,1.567541e-02,7.994709e-04
3000,layers.3.ln_pre.bias,1.765856e-01,7.013863e-03,3.971935e-02
3000,layers.4.q_lut.compress.weight,6.900382e+00,2.411481e-01,3.494707e-02
3000,layers.4.q_lut.compress.bias,4.016798e-01,1.012494e-02,2.520649e-02
3000,layers.4.q_lut.lut_batched.weights,4.164802e+01,3.958222e+00,9.503986e-02
3000,layers.4.q_lut.lut_batched.log_soft_score_temp,4.545567e-01,1.057509e-02,2.326461e-02
3000,layers.4.q_lut.lut_batched.log_select_temp,8.707210e-01,5.309165e-03,6.097435e-03
3000,layers.4.k_lut.compress.weight,6.861928e+00,2.155939e-01,3.141885e-02
3000,layers.4.k_lut.compress.bias,3.876125e-01,9.532345e-03,2.459246e-02
3000,layers.4.k_lut.lut_batched.weights,4.135908e+01,3.908618e+00,9.450446e-02
3000,layers.4.k_lut.lut_batched.log_soft_score_temp,4.979395e-01,7.966638e-03,1.599921e-02
3000,layers.4.k_lut.lut_batched.log_select_temp,8.706027e-01,5.247712e-03,6.027677e-03
3000,layers.4.v_lut.compress.weight,6.913289e+00,1.875468e-01,2.712846e-02
3000,layers.4.v_lut.compress.bias,3.662555e-01,3.963561e-03,1.082185e-02
3000,layers.4.v_lut.lut_batched.weights,4.612225e+01,3.656370e+00,7.927561e-02
3000,layers.4.v_lut.lut_batched.log_soft_score_temp,7.563634e-01,7.054746e-03,9.327191e-03
3000,layers.4.v_lut.lut_batched.log_select_temp,8.972390e-01,6.393194e-03,7.125409e-03
3000,layers.4.out_proj.compress.weight,1.193377e+01,3.390574e-01,2.841159e-02
3000,layers.4.out_proj.compress.bias,5.787596e-01,9.317443e-03,1.609899e-02
3000,layers.4.out_proj.lut_batched.weights,4.245885e+01,4.455119e+00,1.049279e-01
3000,layers.4.out_proj.lut_batched.log_soft_score_temp,8.912863e-01,5.443394e-03,6.107346e-03
3000,layers.4.out_proj.lut_batched.log_select_temp,1.006311e+00,1.318538e-02,1.310269e-02
3000,layers.4.out_proj.decompress.weight,1.030457e+01,3.339733e-01,3.241020e-02
3000,layers.4.out_proj.decompress.bias,6.014479e-01,5.532527e-03,9.198680e-03
3000,layers.4.q_norm.weight,8.349315e+00,1.187071e-02,1.421759e-03
3000,layers.4.q_norm.bias,2.317792e-01,6.966612e-03,3.005711e-02
3000,layers.4.k_norm.weight,8.331475e+00,1.165029e-02,1.398346e-03
3000,layers.4.k_norm.bias,4.101174e-01,8.667129e-03,2.113329e-02
3000,layers.4.ln_pre.weight,1.961677e+01,1.725344e-02,8.795249e-04
3000,layers.4.ln_pre.bias,1.975566e-01,6.854660e-03,3.469719e-02
3000,layers.5.q_lut.compress.weight,6.904914e+00,2.409540e-01,3.489602e-02
3000,layers.5.q_lut.compress.bias,4.101612e-01,9.712727e-03,2.368027e-02
3000,layers.5.q_lut.lut_batched.weights,4.237531e+01,3.974756e+00,9.379885e-02
3000,layers.5.q_lut.lut_batched.log_soft_score_temp,4.644009e-01,9.830773e-03,2.116872e-02
3000,layers.5.q_lut.lut_batched.log_select_temp,8.330768e-01,5.583882e-03,6.702722e-03
3000,layers.5.k_lut.compress.weight,6.847439e+00,2.196553e-01,3.207846e-02
3000,layers.5.k_lut.compress.bias,4.027281e-01,8.339475e-03,2.070746e-02
3000,layers.5.k_lut.lut_batched.weights,4.175359e+01,3.905105e+00,9.352741e-02
3000,layers.5.k_lut.lut_batched.log_soft_score_temp,4.787585e-01,7.979721e-03,1.666753e-02
3000,layers.5.k_lut.lut_batched.log_select_temp,8.803214e-01,5.768418e-03,6.552627e-03
3000,layers.5.v_lut.compress.weight,6.952111e+00,1.883842e-01,2.709741e-02
3000,layers.5.v_lut.compress.bias,3.535049e-01,3.900976e-03,1.103514e-02
3000,layers.5.v_lut.lut_batched.weights,4.685855e+01,3.637810e+00,7.763387e-02
3000,layers.5.v_lut.lut_batched.log_soft_score_temp,7.649915e-01,4.070461e-03,5.320923e-03
3000,layers.5.v_lut.lut_batched.log_select_temp,8.720400e-01,6.959856e-03,7.981119e-03
3000,layers.5.out_proj.compress.weight,1.201890e+01,3.453870e-01,2.873698e-02
3000,layers.5.out_proj.compress.bias,5.497367e-01,8.724813e-03,1.587089e-02
3000,layers.5.out_proj.lut_batched.weights,4.265697e+01,4.517764e+00,1.059092e-01
3000,layers.5.out_proj.lut_batched.log_soft_score_temp,8.756805e-01,6.844401e-03,7.816094e-03
3000,layers.5.out_proj.lut_batched.log_select_temp,9.762772e-01,1.213861e-02,1.243356e-02
3000,layers.5.out_proj.decompress.weight,1.026380e+01,3.302322e-01,3.217447e-02
3000,layers.5.out_proj.decompress.bias,5.800881e-01,6.959139e-03,1.199669e-02
3000,layers.5.q_norm.weight,8.303056e+00,1.265169e-02,1.523739e-03
3000,layers.5.q_norm.bias,2.722341e-01,5.410494e-03,1.987441e-02
3000,layers.5.k_norm.weight,8.287465e+00,1.250522e-02,1.508932e-03
3000,layers.5.k_norm.bias,4.283376e-01,1.002689e-02,2.340884e-02
3000,layers.5.ln_pre.weight,1.961841e+01,1.528577e-02,7.791545e-04
3000,layers.5.ln_pre.bias,2.031999e-01,6.579523e-03,3.237956e-02
3000,ln_final.weight,2.921423e+01,2.866496e-01,9.811987e-03
3000,ln_final.bias,2.288661e+00,4.271420e-02,1.866340e-02
3000,unembedder.weight,1.667132e+02,5.259618e+00,3.154890e-02
3200,tok_emb_E.weight,2.093678e+02,2.711056e+00,1.294877e-02
3200,layers.0.q_lut.compress.weight,7.296743e+00,1.883970e-01,2.581933e-02
3200,layers.0.q_lut.compress.bias,3.605191e-01,8.944125e-03,2.480902e-02
3200,layers.0.q_lut.lut_batched.weights,4.058323e+01,2.804082e+00,6.909459e-02
3200,layers.0.q_lut.lut_batched.log_soft_score_temp,1.030503e+00,5.061746e-03,4.911920e-03
3200,layers.0.q_lut.lut_batched.log_select_temp,1.139061e+00,8.359671e-03,7.339088e-03
3200,layers.0.k_lut.compress.weight,7.130579e+00,1.999058e-01,2.803500e-02
3200,layers.0.k_lut.compress.bias,3.329631e-01,9.552455e-03,2.868923e-02
3200,layers.0.k_lut.lut_batched.weights,4.090374e+01,2.897985e+00,7.084888e-02
3200,layers.0.k_lut.lut_batched.log_soft_score_temp,8.985815e-01,7.104099e-03,7.905904e-03
3200,layers.0.k_lut.lut_batched.log_select_temp,9.449645e-01,7.678628e-03,8.125837e-03
3200,layers.0.v_lut.compress.weight,7.690722e+00,1.771266e-01,2.303120e-02
3200,layers.0.v_lut.compress.bias,3.649590e-01,6.722148e-03,1.841891e-02
3200,layers.0.v_lut.lut_batched.weights,4.984978e+01,2.850191e+00,5.717559e-02
3200,layers.0.v_lut.lut_batched.log_soft_score_temp,9.830540e-01,9.282768e-03,9.442785e-03
3200,layers.0.v_lut.lut_batched.log_select_temp,9.279817e-01,7.976532e-03,8.595570e-03
3200,layers.0.out_proj.compress.weight,1.199718e+01,2.260086e-01,1.883847e-02
3200,layers.0.out_proj.compress.bias,6.866246e-01,5.172782e-03,7.533639e-03
3200,layers.0.out_proj.lut_batched.weights,6.484662e+01,4.123556e+00,6.358938e-02
3200,layers.0.out_proj.lut_batched.log_soft_score_temp,9.959064e-01,7.760525e-04,7.792424e-04
3200,layers.0.out_proj.lut_batched.log_select_temp,1.174152e+00,1.060486e-02,9.031933e-03
3200,layers.0.out_proj.decompress.weight,1.217037e+01,2.371981e-01,1.948981e-02
3200,layers.0.out_proj.decompress.bias,6.115972e-01,3.870845e-03,6.329075e-03
3200,layers.0.q_norm.weight,9.054827e+00,1.708011e-02,1.886299e-03
3200,layers.0.q_norm.bias,7.322170e-01,1.111474e-02,1.517957e-02
3200,layers.0.k_norm.weight,9.040407e+00,1.618308e-02,1.790084e-03
3200,layers.0.k_norm.bias,5.674887e-01,8.694288e-03,1.532064e-02
3200,layers.0.ln_pre.weight,2.018440e+01,1.676199e-02,8.304426e-04
3200,layers.0.ln_pre.bias,1.420765e-01,1.207104e-02,8.496157e-02
3200,layers.1.q_lut.compress.weight,6.946270e+00,1.824794e-01,2.627013e-02
3200,layers.1.q_lut.compress.bias,3.391938e-01,8.463461e-03,2.495170e-02
3200,layers.1.q_lut.lut_batched.weights,4.154719e+01,3.079060e+00,7.410994e-02
3200,layers.1.q_lut.lut_batched.log_soft_score_temp,5.513556e-01,3.976405e-03,7.212051e-03
3200,layers.1.q_lut.lut_batched.log_select_temp,9.765431e-01,5.559206e-03,5.692740e-03
3200,layers.1.k_lut.compress.weight,6.911995e+00,1.825936e-01,2.641691e-02
3200,layers.1.k_lut.compress.bias,3.853980e-01,9.186156e-03,2.383550e-02
3200,layers.1.k_lut.lut_batched.weights,4.099808e+01,3.058681e+00,7.460546e-02
3200,layers.1.k_lut.lut_batched.log_soft_score_temp,4.960416e-01,2.398640e-03,4.835562e-03
3200,layers.1.k_lut.lut_batched.log_select_temp,8.911957e-01,6.258845e-03,7.022975e-03
3200,layers.1.v_lut.compress.weight,6.952728e+00,1.613389e-01,2.320512e-02
3200,layers.1.v_lut.compress.bias,3.687866e-01,5.376250e-03,1.457822e-02
3200,layers.1.v_lut.lut_batched.weights,4.483219e+01,2.993057e+00,6.676134e-02
3200,layers.1.v_lut.lut_batched.log_soft_score_temp,6.232671e-01,1.067239e-02,1.712330e-02
3200,layers.1.v_lut.lut_batched.log_select_temp,9.780050e-01,2.911687e-03,2.977170e-03
3200,layers.1.out_proj.compress.weight,1.190811e+01,2.746257e-01,2.306207e-02
3200,layers.1.out_proj.compress.bias,6.140084e-01,8.265037e-03,1.346079e-02
3200,layers.1.out_proj.lut_batched.weights,4.579154e+01,3.506358e+00,7.657218e-02
3200,layers.1.out_proj.lut_batched.log_soft_score_temp,8.372643e-01,7.167220e-03,8.560284e-03
3200,layers.1.out_proj.lut_batched.log_select_temp,1.111506e+00,8.185029e-03,7.363907e-03
3200,layers.1.out_proj.decompress.weight,1.075546e+01,2.677259e-01,2.489209e-02
3200,layers.1.out_proj.decompress.bias,6.002133e-01,3.701604e-03,6.167148e-03
3200,layers.1.q_norm.weight,8.844061e+00,9.134838e-03,1.032878e-03
3200,layers.1.q_norm.bias,5.091815e-01,5.953534e-03,1.169236e-02
3200,layers.1.k_norm.weight,8.820305e+00,9.113082e-03,1.033194e-03
3200,layers.1.k_norm.bias,8.439102e-01,8.734343e-03,1.034985e-02
3200,layers.1.ln_pre.weight,1.959265e+01,1.406474e-02,7.178580e-04
3200,layers.1.ln_pre.bias,1.657170e-01,8.812631e-03,5.317879e-02
3200,layers.2.q_lut.compress.weight,6.940944e+00,1.861845e-01,2.682409e-02
3200,layers.2.q_lut.compress.bias,3.706245e-01,7.574844e-03,2.043806e-02
3200,layers.2.q_lut.lut_batched.weights,4.163597e+01,3.118854e+00,7.490768e-02
3200,layers.2.q_lut.lut_batched.log_soft_score_temp,4.775743e-01,7.205248e-03,1.508718e-02
3200,layers.2.q_lut.lut_batched.log_select_temp,9.727488e-01,5.762577e-03,5.924013e-03
3200,layers.2.k_lut.compress.weight,6.879200e+00,1.813819e-01,2.636671e-02
3200,layers.2.k_lut.compress.bias,4.077713e-01,7.129501e-03,1.748407e-02
3200,layers.2.k_lut.lut_batched.weights,4.066589e+01,3.094006e+00,7.608356e-02
3200,layers.2.k_lut.lut_batched.log_soft_score_temp,4.903701e-01,5.914003e-03,1.206028e-02
3200,layers.2.k_lut.lut_batched.log_select_temp,9.370765e-01,7.241547e-03,7.727808e-03
3200,layers.2.v_lut.compress.weight,6.939304e+00,1.616057e-01,2.328846e-02
3200,layers.2.v_lut.compress.bias,3.606485e-01,4.082506e-03,1.131990e-02
3200,layers.2.v_lut.lut_batched.weights,4.648905e+01,3.000116e+00,6.453382e-02
3200,layers.2.v_lut.lut_batched.log_soft_score_temp,6.331038e-01,1.160270e-02,1.832669e-02
3200,layers.2.v_lut.lut_batched.log_select_temp,9.829865e-01,4.237175e-03,4.310512e-03
3200,layers.2.out_proj.compress.weight,1.210281e+01,2.851146e-01,2.355772e-02
3200,layers.2.out_proj.compress.bias,5.916377e-01,7.249722e-03,1.225365e-02
3200,layers.2.out_proj.lut_batched.weights,4.362186e+01,3.537794e+00,8.110139e-02
3200,layers.2.out_proj.lut_batched.log_soft_score_temp,9.238787e-01,3.857255e-03,4.175066e-03
3200,layers.2.out_proj.lut_batched.log_select_temp,1.118526e+00,8.366942e-03,7.480327e-03
3200,layers.2.out_proj.decompress.weight,1.058908e+01,2.762179e-01,2.608515e-02
3200,layers.2.out_proj.decompress.bias,6.111383e-01,3.812643e-03,6.238594e-03
3200,layers.2.q_norm.weight,8.858006e+00,1.378511e-02,1.556232e-03
3200,layers.2.q_norm.bias,3.634467e-01,5.396149e-03,1.484716e-02
3200,layers.2.k_norm.weight,8.796905e+00,1.329547e-02,1.511381e-03
3200,layers.2.k_norm.bias,7.045733e-01,9.076562e-03,1.288235e-02
3200,layers.2.ln_pre.weight,1.958320e+01,1.513122e-02,7.726633e-04
3200,layers.2.ln_pre.bias,1.506577e-01,7.179471e-03,4.765418e-02
3200,layers.3.q_lut.compress.weight,6.897698e+00,1.927028e-01,2.793726e-02
3200,layers.3.q_lut.compress.bias,3.481850e-01,7.330730e-03,2.105412e-02
3200,layers.3.q_lut.lut_batched.weights,4.173680e+01,3.155124e+00,7.559573e-02
3200,layers.3.q_lut.lut_batched.log_soft_score_temp,4.012609e-01,1.040763e-02,2.593731e-02
3200,layers.3.q_lut.lut_batched.log_select_temp,9.430985e-01,4.535317e-03,4.808954e-03
3200,layers.3.k_lut.compress.weight,6.837270e+00,1.821212e-01,2.663653e-02
3200,layers.3.k_lut.compress.bias,4.246083e-01,7.689749e-03,1.811022e-02
3200,layers.3.k_lut.lut_batched.weights,4.117543e+01,3.139533e+00,7.624773e-02
3200,layers.3.k_lut.lut_batched.log_soft_score_temp,4.544582e-01,8.168101e-03,1.797327e-02
3200,layers.3.k_lut.lut_batched.log_select_temp,9.160477e-01,5.807877e-03,6.340147e-03
3200,layers.3.v_lut.compress.weight,6.922527e+00,1.576914e-01,2.277945e-02
3200,layers.3.v_lut.compress.bias,3.596409e-01,3.541767e-03,9.848065e-03
3200,layers.3.v_lut.lut_batched.weights,4.617889e+01,2.976763e+00,6.446155e-02
3200,layers.3.v_lut.lut_batched.log_soft_score_temp,7.066298e-01,8.537769e-03,1.208238e-02
3200,layers.3.v_lut.lut_batched.log_select_temp,9.119439e-01,5.803287e-03,6.363645e-03
3200,layers.3.out_proj.compress.weight,1.200757e+01,2.863039e-01,2.384362e-02
3200,layers.3.out_proj.compress.bias,5.688861e-01,6.618478e-03,1.163410e-02
3200,layers.3.out_proj.lut_batched.weights,4.232096e+01,3.580473e+00,8.460283e-02
3200,layers.3.out_proj.lut_batched.log_soft_score_temp,9.278579e-01,2.640903e-03,2.846236e-03
3200,layers.3.out_proj.lut_batched.log_select_temp,1.065414e+00,1.001728e-02,9.402241e-03
3200,layers.3.out_proj.decompress.weight,1.034291e+01,2.735063e-01,2.644384e-02
3200,layers.3.out_proj.decompress.bias,5.716335e-01,4.151431e-03,7.262400e-03
3200,layers.3.q_norm.weight,8.634548e+00,1.573462e-02,1.822286e-03
3200,layers.3.q_norm.bias,3.983966e-01,6.193883e-03,1.554703e-02
3200,layers.3.k_norm.weight,8.589538e+00,1.586292e-02,1.846772e-03
3200,layers.3.k_norm.bias,6.379543e-01,7.683141e-03,1.204340e-02
3200,layers.3.ln_pre.weight,1.960268e+01,1.341970e-02,6.845852e-04
3200,layers.3.ln_pre.bias,1.791985e-01,6.023382e-03,3.361290e-02
3200,layers.4.q_lut.compress.weight,6.892212e+00,1.929828e-01,2.800012e-02
3200,layers.4.q_lut.compress.bias,4.020031e-01,7.611460e-03,1.893383e-02
3200,layers.4.q_lut.lut_batched.weights,4.179094e+01,3.150568e+00,7.538879e-02
3200,layers.4.q_lut.lut_batched.log_soft_score_temp,4.475311e-01,7.025540e-03,1.569844e-02
3200,layers.4.q_lut.lut_batched.log_select_temp,8.764935e-01,5.772471e-03,6.585869e-03
3200,layers.4.k_lut.compress.weight,6.854352e+00,1.783808e-01,2.602446e-02
3200,layers.4.k_lut.compress.bias,3.875364e-01,6.332301e-03,1.633989e-02
3200,layers.4.k_lut.lut_batched.weights,4.150685e+01,3.125905e+00,7.531058e-02
3200,layers.4.k_lut.lut_batched.log_soft_score_temp,4.928349e-01,5.104572e-03,1.035757e-02
3200,layers.4.k_lut.lut_batched.log_select_temp,8.753982e-01,4.795492e-03,5.478069e-03
3200,layers.4.v_lut.compress.weight,6.905182e+00,1.543100e-01,2.234699e-02
3200,layers.4.v_lut.compress.bias,3.660291e-01,3.117895e-03,8.518162e-03
3200,layers.4.v_lut.lut_batched.weights,4.632112e+01,2.909593e+00,6.281352e-02
3200,layers.4.v_lut.lut_batched.log_soft_score_temp,7.499301e-01,6.433308e-03,8.578544e-03
3200,layers.4.v_lut.lut_batched.log_select_temp,9.024963e-01,5.257368e-03,5.825362e-03
3200,layers.4.out_proj.compress.weight,1.192898e+01,2.781021e-01,2.331315e-02
3200,layers.4.out_proj.compress.bias,5.782632e-01,7.318945e-03,1.265677e-02
3200,layers.4.out_proj.lut_batched.weights,4.259724e+01,3.545867e+00,8.324172e-02
3200,layers.4.out_proj.lut_batched.log_soft_score_temp,8.957208e-01,4.434466e-03,4.950724e-03
3200,layers.4.out_proj.lut_batched.log_select_temp,1.016868e+00,1.055694e-02,1.038182e-02
3200,layers.4.out_proj.decompress.weight,1.028816e+01,2.723581e-01,2.647295e-02
3200,layers.4.out_proj.decompress.bias,6.010516e-01,4.827692e-03,8.032075e-03
3200,layers.4.q_norm.weight,8.355460e+00,8.056983e-03,9.642776e-04
3200,layers.4.q_norm.bias,2.333877e-01,3.805177e-03,1.630410e-02
3200,layers.4.k_norm.weight,8.337440e+00,8.098540e-03,9.713462e-04
3200,layers.4.k_norm.bias,4.142851e-01,7.072830e-03,1.707237e-02
3200,layers.4.ln_pre.weight,1.961387e+01,1.226849e-02,6.255008e-04
3200,layers.4.ln_pre.bias,1.993035e-01,4.961527e-03,2.489433e-02
3200,layers.5.q_lut.compress.weight,6.896101e+00,1.958648e-01,2.840225e-02
3200,layers.5.q_lut.compress.bias,4.110765e-01,8.209653e-03,1.997111e-02
3200,layers.5.q_lut.lut_batched.weights,4.251748e+01,3.172460e+00,7.461544e-02
3200,layers.5.q_lut.lut_batched.log_soft_score_temp,4.572336e-01,7.167250e-03,1.567525e-02
3200,layers.5.q_lut.lut_batched.log_select_temp,8.382590e-01,5.182207e-03,6.182107e-03
3200,layers.5.k_lut.compress.weight,6.839556e+00,1.759463e-01,2.572482e-02
3200,layers.5.k_lut.compress.bias,4.034334e-01,7.163859e-03,1.775723e-02
3200,layers.5.k_lut.lut_batched.weights,4.189743e+01,3.109609e+00,7.421956e-02
3200,layers.5.k_lut.lut_batched.log_soft_score_temp,4.723217e-01,6.436825e-03,1.362805e-02
3200,layers.5.k_lut.lut_batched.log_select_temp,8.854024e-01,5.080998e-03,5.738631e-03
3200,layers.5.v_lut.compress.weight,6.943860e+00,1.540630e-01,2.218694e-02
3200,layers.5.v_lut.compress.bias,3.532800e-01,3.150415e-03,8.917614e-03
3200,layers.5.v_lut.lut_batched.weights,4.705695e+01,2.887878e+00,6.136985e-02
3200,layers.5.v_lut.lut_batched.log_soft_score_temp,7.613904e-01,3.601134e-03,4.729681e-03
3200,layers.5.v_lut.lut_batched.log_select_temp,8.765603e-01,4.520237e-03,5.156790e-03
3200,layers.5.out_proj.compress.weight,1.201680e+01,2.814222e-01,2.341906e-02
3200,layers.5.out_proj.compress.bias,5.501105e-01,7.040743e-03,1.279878e-02
3200,layers.5.out_proj.lut_batched.weights,4.283979e+01,3.601065e+00,8.405887e-02
3200,layers.5.out_proj.lut_batched.log_soft_score_temp,8.807219e-01,5.041361e-03,5.724124e-03
3200,layers.5.out_proj.lut_batched.log_select_temp,9.858302e-01,9.552956e-03,9.690265e-03
3200,layers.5.out_proj.decompress.weight,1.025710e+01,2.650127e-01,2.583699e-02
3200,layers.5.out_proj.decompress.bias,5.795281e-01,6.102494e-03,1.053011e-02
3200,layers.5.q_norm.weight,8.310643e+00,9.957422e-03,1.198153e-03
3200,layers.5.q_norm.bias,2.762475e-01,5.529196e-03,2.001537e-02
3200,layers.5.k_norm.weight,8.294954e+00,9.748109e-03,1.175185e-03
3200,layers.5.k_norm.bias,4.327315e-01,7.286995e-03,1.683953e-02
3200,layers.5.ln_pre.weight,1.961540e+01,1.339533e-02,6.828984e-04
3200,layers.5.ln_pre.bias,2.066223e-01,5.915038e-03,2.862729e-02
3200,ln_final.weight,2.944247e+01,2.283061e-01,7.754312e-03
3200,ln_final.bias,2.304525e+00,3.192618e-02,1.385370e-02
3200,unembedder.weight,1.673652e+02,4.301637e+00,2.570209e-02
3400,tok_emb_E.weight,2.093938e+02,2.145509e+00,1.024629e-02
3400,layers.0.q_lut.compress.weight,7.292093e+00,1.514458e-01,2.076850e-02
3400,layers.0.q_lut.compress.bias,3.606459e-01,7.439939e-03,2.062948e-02
3400,layers.0.q_lut.lut_batched.weights,4.067607e+01,2.239759e+00,5.506331e-02
3400,layers.0.q_lut.lut_batched.log_soft_score_temp,1.034980e+00,4.477501e-03,4.326171e-03
3400,layers.0.q_lut.lut_batched.log_select_temp,1.145553e+00,6.492019e-03,5.667147e-03
3400,layers.0.k_lut.compress.weight,7.127479e+00,1.586528e-01,2.225932e-02
3400,layers.0.k_lut.compress.bias,3.333366e-01,6.797600e-03,2.039260e-02
3400,layers.0.k_lut.lut_batched.weights,4.100508e+01,2.308185e+00,5.629023e-02
3400,layers.0.k_lut.lut_batched.log_soft_score_temp,9.044822e-01,5.900681e-03,6.523822e-03
3400,layers.0.k_lut.lut_batched.log_select_temp,9.512042e-01,6.239712e-03,6.559803e-03
3400,layers.0.v_lut.compress.weight,7.689753e+00,1.426208e-01,1.854686e-02
3400,layers.0.v_lut.compress.bias,3.643125e-01,6.237756e-03,1.712199e-02
3400,layers.0.v_lut.lut_batched.weights,4.995218e+01,2.268257e+00,4.540857e-02
3400,layers.0.v_lut.lut_batched.log_soft_score_temp,9.909458e-01,7.891715e-03,7.963821e-03
3400,layers.0.v_lut.lut_batched.log_select_temp,9.347834e-01,6.801665e-03,7.276193e-03
3400,layers.0.out_proj.compress.weight,1.198771e+01,1.852196e-01,1.545080e-02
3400,layers.0.out_proj.compress.bias,6.864918e-01,4.372271e-03,6.369007e-03
3400,layers.0.out_proj.lut_batched.weights,6.514184e+01,3.252360e+00,4.992737e-02
3400,layers.0.out_proj.lut_batched.log_soft_score_temp,9.963925e-01,4.860759e-04,4.878358e-04
3400,layers.0.out_proj.lut_batched.log_select_temp,1.182900e+00,8.748889e-03,7.396133e-03
3400,layers.0.out_proj.decompress.weight,1.216575e+01,1.922519e-01,1.580271e-02
3400,layers.0.out_proj.decompress.bias,6.119068e-01,3.144108e-03,5.138214e-03
3400,layers.0.q_norm.weight,9.068646e+00,1.533033e-02,1.690476e-03
3400,layers.0.q_norm.bias,7.418261e-01,1.013054e-02,1.365622e-02
3400,layers.0.k_norm.weight,9.053762e+00,1.499060e-02,1.655731e-03
3400,layers.0.k_norm.bias,5.745585e-01,7.699150e-03,1.340012e-02
3400,layers.0.ln_pre.weight,2.018936e+01,1.427123e-02,7.068690e-04
3400,layers.0.ln_pre.bias,1.428535e-01,1.068119e-02,7.477023e-02
3400,layers.1.q_lut.compress.weight,6.940418e+00,1.482423e-01,2.135927e-02
3400,layers.1.q_lut.compress.bias,3.387215e-01,6.236627e-03,1.841226e-02
3400,layers.1.q_lut.lut_batched.weights,4.164867e+01,2.427644e+00,5.828864e-02
3400,layers.1.q_lut.lut_batched.log_soft_score_temp,5.488544e-01,2.501190e-03,4.557110e-03
3400,layers.1.q_lut.lut_batched.log_select_temp,9.816188e-01,5.075693e-03,5.170737e-03
3400,layers.1.k_lut.compress.weight,6.906139e+00,1.459953e-01,2.113993e-02
3400,layers.1.k_lut.compress.bias,3.858880e-01,6.356366e-03,1.647205e-02
3400,layers.1.k_lut.lut_batched.weights,4.108448e+01,2.414460e+00,5.876817e-02
3400,layers.1.k_lut.lut_batched.log_soft_score_temp,4.947171e-01,1.324505e-03,2.677297e-03
3400,layers.1.k_lut.lut_batched.log_select_temp,8.957489e-01,4.553139e-03,5.083053e-03
3400,layers.1.v_lut.compress.weight,6.943944e+00,1.319726e-01,1.900542e-02
3400,layers.1.v_lut.compress.bias,3.685752e-01,3.635527e-03,9.863731e-03
3400,layers.1.v_lut.lut_batched.weights,4.490924e+01,2.361369e+00,5.258092e-02
3400,layers.1.v_lut.lut_batched.log_soft_score_temp,6.149137e-01,8.353353e-03,1.358459e-02
3400,layers.1.v_lut.lut_batched.log_select_temp,9.809982e-01,2.993166e-03,3.051144e-03
3400,layers.1.out_proj.compress.weight,1.189485e+01,2.204840e-01,1.853609e-02
3400,layers.1.out_proj.compress.bias,6.141233e-01,6.981909e-03,1.136890e-02
3400,layers.1.out_proj.lut_batched.weights,4.584383e+01,2.766443e+00,6.034494e-02
3400,layers.1.out_proj.lut_batched.log_soft_score_temp,8.316225e-01,5.641818e-03,6.784110e-03
3400,layers.1.out_proj.lut_batched.log_select_temp,1.118048e+00,6.541610e-03,5.850921e-03
3400,layers.1.out_proj.decompress.weight,1.073026e+01,2.172293e-01,2.024456e-02
3400,layers.1.out_proj.decompress.bias,6.005958e-01,3.020379e-03,5.028971e-03
3400,layers.1.q_norm.weight,8.850948e+00,8.191460e-03,9.254895e-04
3400,layers.1.q_norm.bias,5.122573e-01,4.705478e-03,9.185770e-03
3400,layers.1.k_norm.weight,8.826697e+00,7.659328e-03,8.677456e-04
3400,layers.1.k_norm.bias,8.496208e-01,7.378171e-03,8.684076e-03
3400,layers.1.ln_pre.weight,1.958924e+01,1.115149e-02,5.692658e-04
3400,layers.1.ln_pre.bias,1.667617e-01,6.260055e-03,3.753893e-02
3400,layers.2.q_lut.compress.weight,6.933874e+00,1.519017e-01,2.190719e-02
3400,layers.2.q_lut.compress.bias,3.703149e-01,6.795133e-03,1.834961e-02
3400,layers.2.q_lut.lut_batched.weights,4.173007e+01,2.468463e+00,5.915311e-02
3400,layers.2.q_lut.lut_batched.log_soft_score_temp,4.716157e-01,5.958647e-03,1.263454e-02
3400,layers.2.q_lut.lut_batched.log_select_temp,9.778249e-01,5.076051e-03,5.191166e-03
3400,layers.2.k_lut.compress.weight,6.872679e+00,1.466347e-01,2.133588e-02
3400,layers.2.k_lut.compress.bias,4.082020e-01,5.480028e-03,1.342480e-02
3400,layers.2.k_lut.lut_batched.weights,4.076394e+01,2.441791e+00,5.990075e-02
3400,layers.2.k_lut.lut_batched.log_soft_score_temp,4.855442e-01,4.825860e-03,9.939074e-03
3400,layers.2.k_lut.lut_batched.log_select_temp,9.433907e-01,6.314218e-03,6.693110e-03
3400,layers.2.v_lut.compress.weight,6.930316e+00,1.299018e-01,1.874400e-02
3400,layers.2.v_lut.compress.bias,3.608110e-01,3.559205e-03,9.864456e-03
3400,layers.2.v_lut.lut_batched.weights,4.659258e+01,2.366371e+00,5.078858e-02
3400,layers.2.v_lut.lut_batched.log_soft_score_temp,6.242933e-01,8.810461e-03,1.411269e-02
3400,layers.2.v_lut.lut_batched.log_select_temp,9.864815e-01,3.495097e-03,3.542993e-03
3400,layers.2.out_proj.compress.weight,1.209188e+01,2.291393e-01,1.894984e-02
3400,layers.2.out_proj.compress.bias,5.911459e-01,6.478420e-03,1.095909e-02
3400,layers.2.out_proj.lut_batched.weights,4.366395e+01,2.785796e+00,6.380083e-02
3400,layers.2.out_proj.lut_batched.log_soft_score_temp,9.207112e-01,3.167510e-03,3.440286e-03
3400,layers.2.out_proj.lut_batched.log_select_temp,1.125794e+00,7.267356e-03,6.455318e-03
3400,layers.2.out_proj.decompress.weight,1.056686e+01,2.234450e-01,2.114582e-02
3400,layers.2.out_proj.decompress.bias,6.113034e-01,3.197650e-03,5.230873e-03
3400,layers.2.q_norm.weight,8.867500e+00,1.141781e-02,1.287602e-03
3400,layers.2.q_norm.bias,3.662368e-01,4.587653e-03,1.252647e-02
3400,layers.2.k_norm.weight,8.806110e+00,1.101652e-02,1.251009e-03
3400,layers.2.k_norm.bias,7.093139e-01,6.486678e-03,9.145003e-03
3400,layers.2.ln_pre.weight,1.957890e+01,1.209761e-02,6.178902e-04
3400,layers.2.ln_pre.bias,1.520927e-01,6.051259e-03,3.978666e-02
3400,layers.3.q_lut.compress.weight,6.889776e+00,1.545335e-01,2.242939e-02
3400,layers.3.q_lut.compress.bias,3.488836e-01,5.170045e-03,1.481882e-02
3400,layers.3.q_lut.lut_batched.weights,4.182189e+01,2.496014e+00,5.968201e-02
3400,layers.3.q_lut.lut_batched.log_soft_score_temp,3.931873e-01,8.073539e-03,2.053357e-02
3400,layers.3.q_lut.lut_batched.log_select_temp,9.471928e-01,4.094303e-03,4.322565e-03
3400,layers.3.k_lut.compress.weight,6.830309e+00,1.468887e-01,2.150543e-02
3400,layers.3.k_lut.compress.bias,4.234470e-01,6.405100e-03,1.512610e-02
3400,layers.3.k_lut.lut_batched.weights,4.125897e+01,2.476918e+00,6.003343e-02
3400,layers.3.k_lut.lut_batched.log_soft_score_temp,4.471963e-01,7.261872e-03,1.623867e-02
3400,layers.3.k_lut.lut_batched.log_select_temp,9.209477e-01,4.900038e-03,5.320648e-03
3400,layers.3.v_lut.compress.weight,6.914974e+00,1.292533e-01,1.869181e-02
3400,layers.3.v_lut.compress.bias,3.592354e-01,3.436874e-03,9.567191e-03
3400,layers.3.v_lut.lut_batched.weights,4.629592e+01,2.348924e+00,5.073717e-02
3400,layers.3.v_lut.lut_batched.log_soft_score_temp,6.998933e-01,6.736457e-03,9.624978e-03
3400,layers.3.v_lut.lut_batched.log_select_temp,9.172430e-01,5.299151e-03,5.777260e-03
3400,layers.3.out_proj.compress.weight,1.200177e+01,2.332891e-01,1.943790e-02
3400,layers.3.out_proj.compress.bias,5.683308e-01,5.525988e-03,9.723189e-03
3400,layers.3.out_proj.lut_batched.weights,4.238691e+01,2.818398e+00,6.649217e-02
3400,layers.3.out_proj.lut_batched.log_soft_score_temp,9.307550e-01,2.897084e-03,3.112617e-03
3400,layers.3.out_proj.lut_batched.log_select_temp,1.073749e+00,8.335590e-03,7.763070e-03
3400,layers.3.out_proj.decompress.weight,1.032825e+01,2.206813e-01,2.136677e-02
3400,layers.3.out_proj.decompress.bias,5.714148e-01,3.638098e-03,6.366825e-03
3400,layers.3.q_norm.weight,8.646178e+00,1.519498e-02,1.757421e-03
3400,layers.3.q_norm.bias,4.005797e-01,4.692931e-03,1.171535e-02
3400,layers.3.k_norm.weight,8.600775e+00,1.518292e-02,1.765297e-03
3400,layers.3.k_norm.bias,6.420931e-01,7.066813e-03,1.100590e-02
3400,layers.3.ln_pre.weight,1.959919e+01,1.113477e-02,5.681239e-04
3400,layers.3.ln_pre.bias,1.793443e-01,5.112713e-03,2.850780e-02
3400,layers.4.q_lut.compress.weight,6.884626e+00,1.559358e-01,2.264985e-02
3400,layers.4.q_lut.compress.bias,4.027578e-01,5.990520e-03,1.487375e-02
3400,layers.4.q_lut.lut_batched.weights,4.187804e+01,2.479648e+00,5.921116e-02
3400,layers.4.q_lut.lut_batched.log_soft_score_temp,4.416658e-01,5.865335e-03,1.328003e-02
3400,layers.4.q_lut.lut_batched.log_select_temp,8.810443e-01,4.550755e-03,5.165183e-03
3400,layers.4.k_lut.compress.weight,6.847814e+00,1.406463e-01,2.053886e-02
3400,layers.4.k_lut.compress.bias,3.876836e-01,4.945877e-03,1.275751e-02
3400,layers.4.k_lut.lut_batched.weights,4.159972e+01,2.453650e+00,5.898237e-02
3400,layers.4.k_lut.lut_batched.log_soft_score_temp,4.888928e-01,3.942072e-03,8.063265e-03
3400,layers.4.k_lut.lut_batched.log_select_temp,8.794292e-01,4.031003e-03,4.583658e-03
3400,layers.4.v_lut.compress.weight,6.898381e+00,1.240195e-01,1.797806e-02
3400,layers.4.v_lut.compress.bias,3.658254e-01,3.047207e-03,8.329676e-03
3400,layers.4.v_lut.lut_batched.weights,4.644846e+01,2.296899e+00,4.945049e-02
3400,layers.4.v_lut.lut_batched.log_soft_score_temp,7.450292e-01,4.900932e-03,6.578175e-03
3400,layers.4.v_lut.lut_batched.log_select_temp,9.068772e-01,4.380882e-03,4.830733e-03
3400,layers.4.out_proj.compress.weight,1.192354e+01,2.222375e-01,1.863855e-02
3400,layers.4.out_proj.compress.bias,5.781101e-01,6.007237e-03,1.039116e-02
3400,layers.4.out_proj.lut_batched.weights,4.268076e+01,2.795591e+00,6.550003e-02
3400,layers.4.out_proj.lut_batched.log_soft_score_temp,8.992913e-01,3.570497e-03,3.970345e-03
3400,layers.4.out_proj.lut_batched.log_select_temp,1.025305e+00,8.437037e-03,8.228809e-03
3400,layers.4.out_proj.decompress.weight,1.027507e+01,2.183116e-01,2.124672e-02
3400,layers.4.out_proj.decompress.bias,6.008939e-01,4.033804e-03,6.713006e-03
3400,layers.4.q_norm.weight,8.361800e+00,7.470788e-03,8.934426e-04
3400,layers.4.q_norm.bias,2.361046e-01,3.997356e-03,1.693044e-02
3400,layers.4.k_norm.weight,8.343719e+00,7.505517e-03,8.995409e-04
3400,layers.4.k_norm.bias,4.169767e-01,5.211756e-03,1.249891e-02
3400,layers.4.ln_pre.weight,1.961153e+01,1.042434e-02,5.315414e-04
3400,layers.4.ln_pre.bias,2.007082e-01,4.684119e-03,2.333795e-02
3400,layers.5.q_lut.compress.weight,6.888451e+00,1.553507e-01,2.255234e-02
3400,layers.5.q_lut.compress.bias,4.127910e-01,6.309892e-03,1.528593e-02
3400,layers.5.q_lut.lut_batched.weights,4.260798e+01,2.489965e+00,5.843893e-02
3400,layers.5.q_lut.lut_batched.log_soft_score_temp,4.513692e-01,5.864412e-03,1.299249e-02
3400,layers.5.q_lut.lut_batched.log_select_temp,8.421438e-01,3.884852e-03,4.613050e-03
3400,layers.5.k_lut.compress.weight,6.832505e+00,1.454791e-01,2.129221e-02
3400,layers.5.k_lut.compress.bias,4.046074e-01,5.941849e-03,1.468547e-02
3400,layers.5.k_lut.lut_batched.weights,4.198421e+01,2.460642e+00,5.860874e-02
3400,layers.5.k_lut.lut_batched.log_soft_score_temp,4.664884e-01,5.833298e-03,1.250470e-02
3400,layers.5.k_lut.lut_batched.log_select_temp,8.892279e-01,3.825426e-03,4.301964e-03
3400,layers.5.v_lut.compress.weight,6.937154e+00,1.237311e-01,1.783600e-02
3400,layers.5.v_lut.compress.bias,3.536358e-01,3.212709e-03,9.084795e-03
3400,layers.5.v_lut.lut_batched.weights,4.718824e+01,2.290812e+00,4.854626e-02
3400,layers.5.v_lut.lut_batched.log_soft_score_temp,7.580210e-01,3.369391e-03,4.444984e-03
3400,layers.5.v_lut.lut_batched.log_select_temp,8.810953e-01,4.535019e-03,5.147025e-03
3400,layers.5.out_proj.compress.weight,1.201429e+01,2.262662e-01,1.883309e-02
3400,layers.5.out_proj.compress.bias,5.496145e-01,6.227966e-03,1.133152e-02
3400,layers.5.out_proj.lut_batched.weights,4.296466e+01,2.836485e+00,6.601903e-02
3400,layers.5.out_proj.lut_batched.log_soft_score_temp,8.853173e-01,4.595399e-03,5.190680e-03
3400,layers.5.out_proj.lut_batched.log_select_temp,9.939143e-01,8.084118e-03,8.133617e-03
3400,layers.5.out_proj.decompress.weight,1.025273e+01,2.147251e-01,2.094320e-02
3400,layers.5.out_proj.decompress.bias,5.795543e-01,5.049221e-03,8.712248e-03
3400,layers.5.q_norm.weight,8.317522e+00,8.668200e-03,1.042161e-03
3400,layers.5.q_norm.bias,2.780717e-01,4.123648e-03,1.482944e-02
3400,layers.5.k_norm.weight,8.301564e+00,8.889196e-03,1.070786e-03
3400,layers.5.k_norm.bias,4.368159e-01,5.792838e-03,1.326151e-02
3400,layers.5.ln_pre.weight,1.961316e+01,1.090605e-02,5.560578e-04
3400,layers.5.ln_pre.bias,2.101381e-01,5.429268e-03,2.583667e-02
3400,ln_final.weight,2.962319e+01,1.807699e-01,6.102310e-03
3400,ln_final.bias,2.318091e+00,2.679193e-02,1.155775e-02
3400,unembedder.weight,1.678645e+02,3.432080e+00,2.044554e-02
3600,tok_emb_E.weight,2.094116e+02,1.704874e+00,8.141257e-03
3600,layers.0.q_lut.compress.weight,7.288204e+00,1.216452e-01,1.669070e-02
3600,layers.0.q_lut.compress.bias,3.607682e-01,5.771776e-03,1.599857e-02
3600,layers.0.q_lut.lut_batched.weights,4.073532e+01,1.784827e+00,4.381521e-02
3600,layers.0.q_lut.lut_batched.log_soft_score_temp,1.039114e+00,4.133821e-03,3.978217e-03
3600,layers.0.q_lut.lut_batched.log_select_temp,1.150717e+00,5.164266e-03,4.487866e-03
3600,layers.0.k_lut.compress.weight,7.124695e+00,1.262048e-01,1.771371e-02
3600,layers.0.k_lut.compress.bias,3.336541e-01,5.710738e-03,1.711574e-02
3600,layers.0.k_lut.lut_batched.weights,4.106995e+01,1.833091e+00,4.463339e-02
3600,layers.0.k_lut.lut_batched.log_soft_score_temp,9.094172e-01,4.934967e-03,5.426516e-03
3600,layers.0.k_lut.lut_batched.log_select_temp,9.561574e-01,4.953146e-03,5.180262e-03
3600,layers.0.v_lut.compress.weight,7.688500e+00,1.147124e-01,1.492000e-02
3600,layers.0.v_lut.compress.bias,3.648376e-01,4.574942e-03,1.253967e-02
3600,layers.0.v_lut.lut_batched.weights,5.002007e+01,1.807153e+00,3.612856e-02
3600,layers.0.v_lut.lut_batched.log_soft_score_temp,9.971744e-01,6.228626e-03,6.246275e-03
3600,layers.0.v_lut.lut_batched.log_select_temp,9.400750e-01,5.291581e-03,5.628893e-03
3600,layers.0.out_proj.compress.weight,1.198003e+01,1.519332e-01,1.268221e-02
3600,layers.0.out_proj.compress.bias,6.864605e-01,3.610895e-03,5.260164e-03
3600,layers.0.out_proj.lut_batched.weights,6.535480e+01,2.563028e+00,3.921714e-02
3600,layers.0.out_proj.lut_batched.log_soft_score_temp,9.972746e-01,8.820891e-04,8.844998e-04
3600,layers.0.out_proj.lut_batched.log_select_temp,1.189915e+00,7.014155e-03,5.894671e-03
3600,layers.0.out_proj.decompress.weight,1.216131e+01,1.561480e-01,1.283974e-02
3600,layers.0.out_proj.decompress.bias,6.117985e-01,2.667504e-03,4.360101e-03
3600,layers.0.q_norm.weight,9.080391e+00,1.357445e-02,1.494920e-03
3600,layers.0.q_norm.bias,7.500335e-01,8.612187e-03,1.148240e-02
3600,layers.0.k_norm.weight,9.065071e+00,1.309974e-02,1.445078e-03
3600,layers.0.k_norm.bias,5.797928e-01,6.418242e-03,1.106989e-02
3600,layers.0.ln_pre.weight,2.019332e+01,1.062186e-02,5.260085e-04
3600,layers.0.ln_pre.bias,1.439758e-01,8.204760e-03,5.698708e-02
3600,layers.1.q_lut.compress.weight,6.935171e+00,1.180564e-01,1.702285e-02
3600,layers.1.q_lut.compress.bias,3.392086e-01,4.813580e-03,1.419062e-02
3600,layers.1.q_lut.lut_batched.weights,4.171379e+01,1.906316e+00,4.569991e-02
3600,layers.1.q_lut.lut_batched.log_soft_score_temp,5.458605e-01,2.993941e-03,5.484811e-03
3600,layers.1.q_lut.lut_batched.log_select_temp,9.851953e-01,3.576517e-03,3.630262e-03
3600,layers.1.k_lut.compress.weight,6.901431e+00,1.182940e-01,1.714051e-02
3600,layers.1.k_lut.compress.bias,3.853534e-01,4.911452e-03,1.274532e-02
3600,layers.1.k_lut.lut_batched.weights,4.114053e+01,1.904404e+00,4.629021e-02
3600,layers.1.k_lut.lut_batched.log_soft_score_temp,4.940312e-01,6.859303e-04,1.388435e-03
3600,layers.1.k_lut.lut_batched.log_select_temp,8.998073e-01,4.058421e-03,4.510322e-03
3600,layers.1.v_lut.compress.weight,6.936739e+00,1.069058e-01,1.541153e-02
3600,layers.1.v_lut.compress.bias,3.680807e-01,3.616397e-03,9.825011e-03
3600,layers.1.v_lut.lut_batched.weights,4.495274e+01,1.867842e+00,4.155124e-02
3600,layers.1.v_lut.lut_batched.log_soft_score_temp,6.087245e-01,6.189167e-03,1.016744e-02
3600,layers.1.v_lut.lut_batched.log_select_temp,9.833188e-01,2.320647e-03,2.360015e-03
3600,layers.1.out_proj.compress.weight,1.188393e+01,1.773213e-01,1.492110e-02
3600,layers.1.out_proj.compress.bias,6.143006e-01,5.682101e-03,9.249707e-03
3600,layers.1.out_proj.lut_batched.weights,4.586463e+01,2.180350e+00,4.753882e-02
3600,layers.1.out_proj.lut_batched.log_soft_score_temp,8.274399e-01,4.182577e-03,5.054841e-03
3600,layers.1.out_proj.lut_batched.log_select_temp,1.122901e+00,4.853368e-03,4.322168e-03
3600,layers.1.out_proj.decompress.weight,1.070981e+01,1.739689e-01,1.624389e-02
3600,layers.1.out_proj.decompress.bias,6.006218e-01,2.678700e-03,4.459879e-03
3600,layers.1.q_norm.weight,8.857244e+00,6.959997e-03,7.857972e-04
3600,layers.1.q_norm.bias,5.156384e-01,4.021199e-03,7.798487e-03
3600,layers.1.k_norm.weight,8.832710e+00,6.910305e-03,7.823538e-04
3600,layers.1.k_norm.bias,8.549309e-01,6.286163e-03,7.352831e-03
3600,layers.1.ln_pre.weight,1.958668e+01,9.343222e-03,4.770192e-04
3600,layers.1.ln_pre.bias,1.679765e-01,5.467921e-03,3.255170e-02
3600,layers.2.q_lut.compress.weight,6.928296e+00,1.203562e-01,1.737169e-02
3600,layers.2.q_lut.compress.bias,3.706974e-01,5.174609e-03,1.395912e-02
3600,layers.2.q_lut.lut_batched.weights,4.179282e+01,1.940563e+00,4.643292e-02
3600,layers.2.q_lut.lut_batched.log_soft_score_temp,4.677421e-01,3.873616e-03,8.281522e-03
3600,layers.2.q_lut.lut_batched.log_select_temp,9.819931e-01,4.168212e-03,4.244645e-03
3600,layers.2.k_lut.compress.weight,6.867061e+00,1.191928e-01,1.735718e-02
3600,layers.2.k_lut.compress.bias,4.089654e-01,4.506203e-03,1.101854e-02
3600,layers.2.k_lut.lut_batched.weights,4.081849e+01,1.928521e+00,4.724625e-02
3600,layers.2.k_lut.lut_batched.log_soft_score_temp,4.818881e-01,3.656179e-03,7.587195e-03
3600,layers.2.k_lut.lut_batched.log_select_temp,9.477732e-01,4.382432e-03,4.623924e-03
3600,layers.2.v_lut.compress.weight,6.922974e+00,1.062139e-01,1.534223e-02
3600,layers.2.v_lut.compress.bias,3.605598e-01,2.939990e-03,8.153960e-03
3600,layers.2.v_lut.lut_batched.weights,4.666239e+01,1.870221e+00,4.007984e-02
3600,layers.2.v_lut.lut_batched.log_soft_score_temp,6.172766e-01,7.016718e-03,1.136722e-02
3600,layers.2.v_lut.lut_batched.log_select_temp,9.901183e-01,3.636777e-03,3.673074e-03
3600,layers.2.out_proj.compress.weight,1.208331e+01,1.844838e-01,1.526765e-02
3600,layers.2.out_proj.compress.bias,5.909055e-01,5.202432e-03,8.804169e-03
3600,layers.2.out_proj.lut_batched.weights,4.368206e+01,2.198635e+00,5.033267e-02
3600,layers.2.out_proj.lut_batched.log_soft_score_temp,9.185734e-01,2.137840e-03,2.327348e-03
3600,layers.2.out_proj.lut_batched.log_select_temp,1.131877e+00,6.083727e-03,5.374899e-03
3600,layers.2.out_proj.decompress.weight,1.054961e+01,1.776807e-01,1.684239e-02
3600,layers.2.out_proj.decompress.bias,6.112527e-01,2.769422e-03,4.530732e-03
3600,layers.2.q_norm.weight,8.875369e+00,9.124161e-03,1.028032e-03
3600,layers.2.q_norm.bias,3.683851e-01,3.342781e-03,9.074149e-03
3600,layers.2.k_norm.weight,8.813664e+00,8.947951e-03,1.015236e-03
3600,layers.2.k_norm.bias,7.135114e-01,5.134493e-03,7.196090e-03
3600,layers.2.ln_pre.weight,1.957572e+01,9.301014e-03,4.751302e-04
3600,layers.2.ln_pre.bias,1.526930e-01,4.712572e-03,3.086305e-02
3600,layers.3.q_lut.compress.weight,6.883331e+00,1.238551e-01,1.799348e-02
3600,layers.3.q_lut.compress.bias,3.490986e-01,4.632881e-03,1.327098e-02
3600,layers.3.q_lut.lut_batched.weights,4.187508e+01,1.968234e+00,4.700251e-02
3600,layers.3.q_lut.lut_batched.log_soft_score_temp,3.874153e-01,5.772024e-03,1.489880e-02
3600,layers.3.q_lut.lut_batched.log_select_temp,9.506290e-01,3.436208e-03,3.614668e-03
3600,layers.3.k_lut.compress.weight,6.824667e+00,1.177147e-01,1.724841e-02
3600,layers.3.k_lut.compress.bias,4.228309e-01,4.719957e-03,1.116275e-02
3600,layers.3.k_lut.lut_batched.weights,4.131539e+01,1.947790e+00,4.714441e-02
3600,layers.3.k_lut.lut_batched.log_soft_score_temp,4.421933e-01,5.003005e-03,1.131407e-02
3600,layers.3.k_lut.lut_batched.log_select_temp,9.252143e-01,4.266560e-03,4.611429e-03
3600,layers.3.v_lut.compress.weight,6.908535e+00,1.035501e-01,1.498871e-02
3600,layers.3.v_lut.compress.bias,3.595041e-01,2.368426e-03,6.588037e-03
3600,layers.3.v_lut.lut_batched.weights,4.637290e+01,1.852237e+00,3.994222e-02
3600,layers.3.v_lut.lut_batched.log_soft_score_temp,6.947070e-01,5.186319e-03,7.465478e-03
3600,layers.3.v_lut.lut_batched.log_select_temp,9.210771e-01,3.834069e-03,4.162593e-03
3600,layers.3.out_proj.compress.weight,1.199632e+01,1.863473e-01,1.553371e-02
3600,layers.3.out_proj.compress.bias,5.683490e-01,4.315785e-03,7.593547e-03
3600,layers.3.out_proj.lut_batched.weights,4.242118e+01,2.228436e+00,5.253120e-02
3600,layers.3.out_proj.lut_batched.log_soft_score_temp,9.328309e-01,2.075911e-03,2.225388e-03
3600,layers.3.out_proj.lut_batched.log_select_temp,1.080111e+00,6.361961e-03,5.890099e-03
3600,layers.3.out_proj.decompress.weight,1.031626e+01,1.785945e-01,1.731195e-02
3600,layers.3.out_proj.decompress.bias,5.712525e-01,3.021941e-03,5.290027e-03
3600,layers.3.q_norm.weight,8.654336e+00,1.198752e-02,1.385146e-03
3600,layers.3.q_norm.bias,4.018314e-01,3.846897e-03,9.573412e-03
3600,layers.3.k_norm.weight,8.608899e+00,1.188825e-02,1.380925e-03
3600,layers.3.k_norm.bias,6.442960e-01,5.123727e-03,7.952442e-03
3600,layers.3.ln_pre.weight,1.959656e+01,9.060050e-03,4.623286e-04
3600,layers.3.ln_pre.bias,1.803801e-01,3.853225e-03,2.136169e-02
3600,layers.4.q_lut.compress.weight,6.878517e+00,1.252684e-01,1.821154e-02
3600,layers.4.q_lut.compress.bias,4.036351e-01,4.562411e-03,1.130331e-02
3600,layers.4.q_lut.lut_batched.weights,4.193059e+01,1.950598e+00,4.651968e-02
3600,layers.4.q_lut.lut_batched.log_soft_score_temp,4.373440e-01,4.321843e-03,9.882024e-03
3600,layers.4.q_lut.lut_batched.log_select_temp,8.843318e-01,3.287554e-03,3.717557e-03
3600,layers.4.k_lut.compress.weight,6.842250e+00,1.131829e-01,1.654177e-02
3600,layers.4.k_lut.compress.bias,3.874876e-01,4.360157e-03,1.125238e-02
3600,layers.4.k_lut.lut_batched.weights,4.165803e+01,1.934765e+00,4.644400e-02
3600,layers.4.k_lut.lut_batched.log_soft_score_temp,4.852310e-01,3.661811e-03,7.546532e-03
3600,layers.4.k_lut.lut_batched.log_select_temp,8.821851e-01,2.755880e-03,3.123925e-03
3600,layers.4.v_lut.compress.weight,6.892453e+00,1.014011e-01,1.471190e-02
3600,layers.4.v_lut.compress.bias,3.660020e-01,2.437756e-03,6.660500e-03
3600,layers.4.v_lut.lut_batched.weights,4.653735e+01,1.813842e+00,3.897605e-02
3600,layers.4.v_lut.lut_batched.log_soft_score_temp,7.406065e-01,4.422665e-03,5.971680e-03
3600,layers.4.v_lut.lut_batched.log_select_temp,9.098445e-01,2.967238e-03,3.261259e-03
3600,layers.4.out_proj.compress.weight,1.191878e+01,1.811634e-01,1.519983e-02
3600,layers.4.out_proj.compress.bias,5.779051e-01,5.119988e-03,8.859565e-03
3600,layers.4.out_proj.lut_batched.weights,4.273072e+01,2.204369e+00,5.158745e-02
3600,layers.4.out_proj.lut_batched.log_soft_score_temp,9.021021e-01,2.810776e-03,3.115807e-03
3600,layers.4.out_proj.lut_batched.log_select_temp,1.031860e+00,6.555557e-03,6.353144e-03
3600,layers.4.out_proj.decompress.weight,1.026471e+01,1.761690e-01,1.716259e-02
3600,layers.4.out_proj.decompress.bias,6.005625e-01,3.340021e-03,5.561487e-03
3600,layers.4.q_norm.weight,8.366951e+00,5.995159e-03,7.165285e-04
3600,layers.4.q_norm.bias,2.383883e-01,3.300292e-03,1.384419e-02
3600,layers.4.k_norm.weight,8.348716e+00,6.061337e-03,7.260203e-04
3600,layers.4.k_norm.bias,4.201907e-01,5.579762e-03,1.327912e-02
3600,layers.4.ln_pre.weight,1.960948e+01,8.355417e-03,4.260907e-04
3600,layers.4.ln_pre.bias,2.021518e-01,3.923664e-03,1.940949e-02
3600,layers.5.q_lut.compress.weight,6.882148e+00,1.257210e-01,1.826770e-02
3600,layers.5.q_lut.compress.bias,4.128064e-01,5.265818e-03,1.275615e-02
3600,layers.5.q_lut.lut_batched.weights,4.266704e+01,1.963843e+00,4.602718e-02
3600,layers.5.q_lut.lut_batched.log_soft_score_temp,4.468441e-01,4.525125e-03,1.012685e-02
3600,layers.5.q_lut.lut_batched.log_select_temp,8.453749e-01,3.231049e-03,3.822031e-03
3600,layers.5.k_lut.compress.weight,6.826863e+00,1.145754e-01,1.678303e-02
3600,layers.5.k_lut.compress.bias,4.056216e-01,4.920202e-03,1.213003e-02
3600,layers.5.k_lut.lut_batched.weights,4.204227e+01,1.939895e+00,4.614153e-02
3600,layers.5.k_lut.lut_batched.log_soft_score_temp,4.624211e-01,4.067242e-03,8.795537e-03
3600,layers.5.k_lut.lut_batched.log_select_temp,8.924158e-01,3.187895e-03,3.572208e-03
3600,layers.5.v_lut.compress.weight,6.931411e+00,9.843741e-02,1.420164e-02
3600,layers.5.v_lut.compress.bias,3.537335e-01,2.670256e-03,7.548779e-03
3600,layers.5.v_lut.lut_batched.weights,4.728064e+01,1.804808e+00,3.817224e-02
3600,layers.5.v_lut.lut_batched.log_soft_score_temp,7.551063e-01,2.914667e-03,3.859943e-03
3600,layers.5.v_lut.lut_batched.log_select_temp,8.843412e-01,3.245890e-03,3.670405e-03
3600,layers.5.out_proj.compress.weight,1.201188e+01,1.812297e-01,1.508755e-02
3600,layers.5.out_proj.compress.bias,5.495743e-01,4.939470e-03,8.987811e-03
3600,layers.5.out_proj.lut_batched.weights,4.304812e+01,2.234126e+00,5.189835e-02
3600,layers.5.out_proj.lut_batched.log_soft_score_temp,8.887351e-01,3.417790e-03,3.845679e-03
3600,layers.5.out_proj.lut_batched.log_select_temp,9.999948e-01,6.080508e-03,6.080540e-03
3600,layers.5.out_proj.decompress.weight,1.024893e+01,1.727856e-01,1.685890e-02
3600,layers.5.out_proj.decompress.bias,5.793831e-01,4.021895e-03,6.941685e-03
3600,layers.5.q_norm.weight,8.322231e+00,6.012497e-03,7.224621e-04
3600,layers.5.q_norm.bias,2.805625e-01,3.629239e-03,1.293558e-02
3600,layers.5.k_norm.weight,8.306251e+00,6.095172e-03,7.338054e-04
3600,layers.5.k_norm.bias,4.391029e-01,4.414793e-03,1.005412e-02
3600,layers.5.ln_pre.weight,1.961150e+01,8.120405e-03,4.140634e-04
3600,layers.5.ln_pre.bias,2.117554e-01,4.143684e-03,1.956825e-02
3600,ln_final.weight,2.976567e+01,1.425262e-01,4.788274e-03
3600,ln_final.bias,2.328387e+00,2.042372e-02,8.771617e-03
3600,unembedder.weight,1.682564e+02,2.704980e+00,1.607654e-02
3800,tok_emb_E.weight,2.094245e+02,1.393109e+00,6.652081e-03
3800,layers.0.q_lut.compress.weight,7.284896e+00,9.978214e-02,1.369713e-02
3800,layers.0.q_lut.compress.bias,3.610628e-01,5.001555e-03,1.385231e-02
3800,layers.0.q_lut.lut_batched.weights,4.077354e+01,1.467526e+00,3.599213e-02
3800,layers.0.q_lut.lut_batched.log_soft_score_temp,1.042577e+00,3.462911e-03,3.321492e-03
3800,layers.0.q_lut.lut_batched.log_select_temp,1.154920e+00,4.202247e-03,3.638562e-03
3800,layers.0.k_lut.compress.weight,7.122228e+00,1.042846e-01,1.464214e-02
3800,layers.0.k_lut.compress.bias,3.339688e-01,4.954314e-03,1.483466e-02
3800,layers.0.k_lut.lut_batched.weights,4.111377e+01,1.496670e+00,3.640314e-02
3800,layers.0.k_lut.lut_batched.log_soft_score_temp,9.134795e-01,4.062355e-03,4.447122e-03
3800,layers.0.k_lut.lut_batched.log_select_temp,9.601752e-01,4.017830e-03,4.184476e-03
3800,layers.0.v_lut.compress.weight,7.687216e+00,9.554028e-02,1.242846e-02
3800,layers.0.v_lut.compress.bias,3.648001e-01,3.927824e-03,1.076706e-02
3800,layers.0.v_lut.lut_batched.weights,5.006734e+01,1.486503e+00,2.969007e-02
3800,layers.0.v_lut.lut_batched.log_soft_score_temp,1.002133e+00,4.958153e-03,4.947602e-03
3800,layers.0.v_lut.lut_batched.log_select_temp,9.442477e-01,4.172683e-03,4.419055e-03
3800,layers.0.out_proj.compress.weight,1.197354e+01,1.284856e-01,1.073080e-02
3800,layers.0.out_proj.compress.bias,6.865761e-01,3.182340e-03,4.635088e-03
3800,layers.0.out_proj.lut_batched.weights,6.550957e+01,2.085988e+00,3.184249e-02
3800,layers.0.out_proj.lut_batched.log_soft_score_temp,9.981908e-01,9.162426e-04,9.179033e-04
3800,layers.0.out_proj.lut_batched.log_select_temp,1.195441e+00,5.526066e-03,4.622618e-03
3800,layers.0.out_proj.decompress.weight,1.215760e+01,1.310468e-01,1.077900e-02
3800,layers.0.out_proj.decompress.bias,6.119112e-01,2.434497e-03,3.978513e-03
3800,layers.0.q_norm.weight,9.089405e+00,1.000731e-02,1.100986e-03
3800,layers.0.q_norm.bias,7.566640e-01,7.124225e-03,9.415309e-03
3800,layers.0.k_norm.weight,9.073856e+00,9.812377e-03,1.081390e-03
3800,layers.0.k_norm.bias,5.845460e-01,5.368361e-03,9.183813e-03
3800,layers.0.ln_pre.weight,2.019653e+01,8.515717e-03,4.216425e-04
3800,layers.0.ln_pre.bias,1.448305e-01,6.978476e-03,4.818375e-02
3800,layers.1.q_lut.compress.weight,6.930896e+00,9.937736e-02,1.433831e-02
3800,layers.1.q_lut.compress.bias,3.390484e-01,4.598331e-03,1.356246e-02
3800,layers.1.q_lut.lut_batched.weights,4.175747e+01,1.559484e+00,3.734622e-02
3800,layers.1.q_lut.lut_batched.log_soft_score_temp,5.446298e-01,1.230657e-03,2.259621e-03
3800,layers.1.q_lut.lut_batched.log_select_temp,9.884433e-01,3.247917e-03,3.285891e-03
3800,layers.1.k_lut.compress.weight,6.897431e+00,9.785583e-02,1.418729e-02
3800,layers.1.k_lut.compress.bias,3.860308e-01,4.137699e-03,1.071857e-02
3800,layers.1.k_lut.lut_batched.weights,4.117677e+01,1.561198e+00,3.791452e-02
3800,layers.1.k_lut.lut_batched.log_soft_score_temp,4.935097e-01,5.214810e-04,1.056678e-03
3800,layers.1.k_lut.lut_batched.log_select_temp,9.031108e-01,3.303528e-03,3.657943e-03
3800,layers.1.v_lut.compress.weight,6.930819e+00,8.927047e-02,1.288022e-02
3800,layers.1.v_lut.compress.bias,3.681784e-01,3.075087e-03,8.352164e-03
3800,layers.1.v_lut.lut_batched.weights,4.498286e+01,1.526684e+00,3.393924e-02
3800,layers.1.v_lut.lut_batched.log_soft_score_temp,6.035105e-01,5.214036e-03,8.639511e-03
3800,layers.1.v_lut.lut_batched.log_select_temp,9.855809e-01,2.262056e-03,2.295150e-03
3800,layers.1.out_proj.compress.weight,1.187533e+01,1.492891e-01,1.257136e-02
3800,layers.1.out_proj.compress.bias,6.143551e-01,4.743128e-03,7.720498e-03
3800,layers.1.out_proj.lut_batched.weights,4.587650e+01,1.778334e+00,3.876351e-02
3800,layers.1.out_proj.lut_batched.log_soft_score_temp,8.242198e-01,3.220141e-03,3.906896e-03
3800,layers.1.out_proj.lut_batched.log_select_temp,1.127343e+00,4.442096e-03,3.940322e-03
3800,layers.1.out_proj.decompress.weight,1.069384e+01,1.433853e-01,1.340822e-02
3800,layers.1.out_proj.decompress.bias,6.005953e-01,2.362415e-03,3.933456e-03
3800,layers.1.q_norm.weight,8.862622e+00,5.951948e-03,6.715787e-04
3800,layers.1.q_norm.bias,5.184579e-01,3.511079e-03,6.772158e-03
3800,layers.1.k_norm.weight,8.837966e+00,5.821149e-03,6.586526e-04
3800,layers.1.k_norm.bias,8.594564e-01,5.221608e-03,6.075478e-03
3800,layers.1.ln_pre.weight,1.958472e+01,8.120639e-03,4.146416e-04
3800,layers.1.ln_pre.bias,1.683593e-01,4.615374e-03,2.741383e-02
3800,layers.2.q_lut.compress.weight,6.923439e+00,9.866031e-02,1.425019e-02
3800,layers.2.q_lut.compress.bias,3.705179e-01,4.304947e-03,1.161873e-02
3800,layers.2.q_lut.lut_batched.weights,4.183570e+01,1.579283e+00,3.774965e-02
3800,layers.2.q_lut.lut_batched.log_soft_score_temp,4.646198e-01,3.122300e-03,6.720118e-03
3800,layers.2.q_lut.lut_batched.log_select_temp,9.851907e-01,3.197670e-03,3.245737e-03
3800,layers.2.k_lut.compress.weight,6.862422e+00,9.744654e-02,1.420002e-02
3800,layers.2.k_lut.compress.bias,4.086129e-01,4.609860e-03,1.128173e-02
3800,layers.2.k_lut.lut_batched.weights,4.085964e+01,1.573738e+00,3.851570e-02
3800,layers.2.k_lut.lut_batched.log_soft_score_temp,4.793513e-01,2.536744e-03,5.292035e-03
3800,layers.2.k_lut.lut_batched.log_select_temp,9.513668e-01,3.593624e-03,3.777327e-03
3800,layers.2.v_lut.compress.weight,6.916770e+00,8.753219e-02,1.265507e-02
3800,layers.2.v_lut.compress.bias,3.606979e-01,2.553139e-03,7.078330e-03
3800,layers.2.v_lut.lut_batched.weights,4.671152e+01,1.524702e+00,3.264082e-02
3800,layers.2.v_lut.lut_batched.log_soft_score_temp,6.116410e-01,5.635560e-03,9.213835e-03
3800,layers.2.v_lut.lut_batched.log_select_temp,9.924783e-01,2.359927e-03,2.377812e-03
3800,layers.2.out_proj.compress.weight,1.207583e+01,1.539442e-01,1.274813e-02
3800,layers.2.out_proj.compress.bias,5.907590e-01,4.364429e-03,7.387834e-03
3800,layers.2.out_proj.lut_batched.weights,4.368691e+01,1.788817e+00,4.094628e-02
3800,layers.2.out_proj.lut_batched.log_soft_score_temp,9.169068e-01,1.666605e-03,1.817639e-03
3800,layers.2.out_proj.lut_batched.log_select_temp,1.136785e+00,4.907370e-03,4.316885e-03
3800,layers.2.out_proj.decompress.weight,1.053548e+01,1.479880e-01,1.404664e-02
3800,layers.2.out_proj.decompress.bias,6.111736e-01,2.405871e-03,3.936478e-03
3800,layers.2.q_norm.weight,8.881940e+00,8.039840e-03,9.051897e-04
3800,layers.2.q_norm.bias,3.699263e-01,2.897350e-03,7.832236e-03
3800,layers.2.k_norm.weight,8.820004e+00,7.704810e-03,8.735608e-04
3800,layers.2.k_norm.bias,7.170044e-01,4.656570e-03,6.494479e-03
3800,layers.2.ln_pre.weight,1.957317e+01,8.020724e-03,4.097815e-04
3800,layers.2.ln_pre.bias,1.534217e-01,4.760534e-03,3.102908e-02
3800,layers.3.q_lut.compress.weight,6.877611e+00,1.005056e-01,1.461345e-02
3800,layers.3.q_lut.compress.bias,3.488417e-01,3.770572e-03,1.080884e-02
3800,layers.3.q_lut.lut_batched.weights,4.190742e+01,1.597705e+00,3.812463e-02
3800,layers.3.q_lut.lut_batched.log_soft_score_temp,3.821325e-01,5.282760e-03,1.382442e-02
3800,layers.3.q_lut.lut_batched.log_select_temp,9.531373e-01,2.508283e-03,2.631607e-03
3800,layers.3.k_lut.compress.weight,6.819739e+00,9.666957e-02,1.417497e-02
3800,layers.3.k_lut.compress.bias,4.228470e-01,4.094739e-03,9.683738e-03
3800,layers.3.k_lut.lut_batched.weights,4.134780e+01,1.591254e+00,3.848460e-02
3800,layers.3.k_lut.lut_batched.log_soft_score_temp,4.378731e-01,4.320234e-03,9.866407e-03
3800,layers.3.k_lut.lut_batched.log_select_temp,9.288940e-01,3.679752e-03,3.961434e-03
3800,layers.3.v_lut.compress.weight,6.903168e+00,8.723258e-02,1.263660e-02
3800,layers.3.v_lut.compress.bias,3.595308e-01,2.022922e-03,5.626560e-03
3800,layers.3.v_lut.lut_batched.weights,4.643031e+01,1.508070e+00,3.248028e-02
3800,layers.3.v_lut.lut_batched.log_soft_score_temp,6.904993e-01,4.207671e-03,6.093664e-03
3800,layers.3.v_lut.lut_batched.log_select_temp,9.244097e-01,3.332675e-03,3.605192e-03
3800,layers.3.out_proj.compress.weight,1.199187e+01,1.544928e-01,1.288313e-02
3800,layers.3.out_proj.compress.bias,5.683333e-01,3.748164e-03,6.595011e-03
3800,layers.3.out_proj.lut_batched.weights,4.244216e+01,1.814635e+00,4.275549e-02
3800,layers.3.out_proj.lut_batched.log_soft_score_temp,9.347498e-01,1.918912e-03,2.052861e-03
3800,layers.3.out_proj.lut_batched.log_select_temp,1.085380e+00,5.268931e-03,4.854457e-03
3800,layers.3.out_proj.decompress.weight,1.030655e+01,1.481469e-01,1.437405e-02
3800,layers.3.out_proj.decompress.bias,5.711812e-01,2.678277e-03,4.689015e-03
3800,layers.3.q_norm.weight,8.662041e+00,9.727172e-03,1.122965e-03
3800,layers.3.q_norm.bias,4.035683e-01,2.832752e-03,7.019262e-03
3800,layers.3.k_norm.weight,8.616389e+00,9.575424e-03,1.111304e-03
3800,layers.3.k_norm.bias,6.467332e-01,4.102404e-03,6.343271e-03
3800,layers.3.ln_pre.weight,1.959435e+01,7.400855e-03,3.777035e-04
3800,layers.3.ln_pre.bias,1.805304e-01,3.311663e-03,1.834407e-02
3800,layers.4.q_lut.compress.weight,6.873289e+00,1.019225e-01,1.482879e-02
3800,layers.4.q_lut.compress.bias,4.034934e-01,4.063594e-03,1.007103e-02
3800,layers.4.q_lut.lut_batched.weights,4.196541e+01,1.589835e+00,3.788441e-02
3800,layers.4.q_lut.lut_batched.log_soft_score_temp,4.334990e-01,3.844917e-03,8.869493e-03
3800,layers.4.q_lut.lut_batched.log_select_temp,8.870792e-01,2.747357e-03,3.097082e-03
3800,layers.4.k_lut.compress.weight,6.837611e+00,9.366681e-02,1.369876e-02
3800,layers.4.k_lut.compress.bias,3.875533e-01,3.959370e-03,1.021632e-02
3800,layers.4.k_lut.lut_batched.weights,4.169655e+01,1.574620e+00,3.776379e-02
3800,layers.4.k_lut.lut_batched.log_soft_score_temp,4.826552e-01,2.575785e-03,5.336697e-03
3800,layers.4.k_lut.lut_batched.log_select_temp,8.845170e-01,2.331913e-03,2.636368e-03
3800,layers.4.v_lut.compress.weight,6.887555e+00,8.353303e-02,1.212811e-02
3800,layers.4.v_lut.compress.bias,3.659967e-01,2.073378e-03,5.665019e-03
3800,layers.4.v_lut.lut_batched.weights,4.659668e+01,1.473174e+00,3.161543e-02
3800,layers.4.v_lut.lut_batched.log_soft_score_temp,7.368877e-01,3.718793e-03,5.046622e-03
3800,layers.4.v_lut.lut_batched.log_select_temp,9.122053e-01,2.360880e-03,2.588102e-03
3800,layers.4.out_proj.compress.weight,1.191412e+01,1.490193e-01,1.250778e-02
3800,layers.4.out_proj.compress.bias,5.779760e-01,4.614884e-03,7.984560e-03
3800,layers.4.out_proj.lut_batched.weights,4.275694e+01,1.796798e+00,4.202354e-02
3800,layers.4.out_proj.lut_batched.log_soft_score_temp,9.039593e-01,1.857221e-03,2.054541e-03
3800,layers.4.out_proj.lut_batched.log_select_temp,1.037089e+00,5.229115e-03,5.042106e-03
3800,layers.4.out_proj.decompress.weight,1.025530e+01,1.462314e-01,1.425912e-02
3800,layers.4.out_proj.decompress.bias,6.006612e-01,3.014018e-03,5.017833e-03
3800,layers.4.q_norm.weight,8.370607e+00,4.508806e-03,5.386474e-04
3800,layers.4.q_norm.bias,2.391682e-01,2.165782e-03,9.055478e-03
3800,layers.4.k_norm.weight,8.352269e+00,4.448462e-03,5.326052e-04
3800,layers.4.k_norm.bias,4.217245e-01,2.903534e-03,6.884907e-03
3800,layers.4.ln_pre.weight,1.960782e+01,6.930828e-03,3.534726e-04
3800,layers.4.ln_pre.bias,2.029529e-01,3.439172e-03,1.694567e-02
3800,layers.5.q_lut.compress.weight,6.877137e+00,1.020844e-01,1.484402e-02
3800,layers.5.q_lut.compress.bias,4.135421e-01,4.245501e-03,1.026619e-02
3800,layers.5.q_lut.lut_batched.weights,4.270647e+01,1.598817e+00,3.743735e-02
3800,layers.5.q_lut.lut_batched.log_soft_score_temp,4.432733e-01,3.570795e-03,8.055516e-03
3800,layers.5.q_lut.lut_batched.log_select_temp,8.486932e-01,3.318310e-03,3.909905e-03
3800,layers.5.k_lut.compress.weight,6.822268e+00,9.526078e-02,1.396321e-02
3800,layers.5.k_lut.compress.bias,4.057602e-01,4.281118e-03,1.055086e-02
3800,layers.5.k_lut.lut_batched.weights,4.208115e+01,1.576314e+00,3.745891e-02
3800,layers.5.k_lut.lut_batched.log_soft_score_temp,4.590189e-01,3.402174e-03,7.411837e-03
3800,layers.5.k_lut.lut_batched.log_select_temp,8.951710e-01,2.755284e-03,3.077942e-03
3800,layers.5.v_lut.compress.weight,6.926610e+00,8.419701e-02,1.215559e-02
3800,layers.5.v_lut.compress.bias,3.537024e-01,2.188972e-03,6.188738e-03
3800,layers.5.v_lut.lut_batched.weights,4.734729e+01,1.470815e+00,3.106440e-02
3800,layers.5.v_lut.lut_batched.log_soft_score_temp,7.526828e-01,2.423525e-03,3.219849e-03
3800,layers.5.v_lut.lut_batched.log_select_temp,8.869841e-01,2.642870e-03,2.979614e-03
3800,layers.5.out_proj.compress.weight,1.200925e+01,1.514370e-01,1.261002e-02
3800,layers.5.out_proj.compress.bias,5.495359e-01,4.203956e-03,7.650011e-03
3800,layers.5.out_proj.lut_batched.weights,4.310227e+01,1.822188e+00,4.227592e-02
3800,layers.5.out_proj.lut_batched.log_soft_score_temp,8.913829e-01,2.647877e-03,2.970527e-03
3800,layers.5.out_proj.lut_batched.log_select_temp,1.004964e+00,4.968703e-03,4.944162e-03
3800,layers.5.out_proj.decompress.weight,1.024506e+01,1.441785e-01,1.407298e-02
3800,layers.5.out_proj.decompress.bias,5.789747e-01,3.283080e-03,5.670507e-03
3800,layers.5.q_norm.weight,8.325740e+00,5.210972e-03,6.258870e-04
3800,layers.5.q_norm.bias,2.821405e-01,2.694204e-03,9.549157e-03
3800,layers.5.k_norm.weight,8.309779e+00,5.148221e-03,6.195377e-04
3800,layers.5.k_norm.bias,4.413757e-01,3.621470e-03,8.204961e-03
3800,layers.5.ln_pre.weight,1.961018e+01,7.031696e-03,3.585739e-04
3800,layers.5.ln_pre.bias,2.125533e-01,2.951924e-03,1.388792e-02
3800,ln_final.weight,2.988188e+01,1.162362e-01,3.889855e-03
3800,ln_final.bias,2.337682e+00,1.765753e-02,7.553437e-03
3800,unembedder.weight,1.685673e+02,2.220886e+00,1.317507e-02
4000,tok_emb_E.weight,2.094352e+02,1.231142e+00,5.878391e-03
4000,layers.0.q_lut.compress.weight,7.281879e+00,8.898477e-02,1.222003e-02
4000,layers.0.q_lut.compress.bias,3.615001e-01,4.266639e-03,1.180259e-02
4000,layers.0.q_lut.lut_batched.weights,4.080595e+01,1.305802e+00,3.200028e-02
4000,layers.0.q_lut.lut_batched.log_soft_score_temp,1.046119e+00,3.542542e-03,3.386366e-03
4000,layers.0.q_lut.lut_batched.log_select_temp,1.158920e+00,3.999949e-03,3.451446e-03
4000,layers.0.k_lut.compress.weight,7.120000e+00,9.246602e-02,1.298680e-02
4000,layers.0.k_lut.compress.bias,3.337466e-01,4.475643e-03,1.341030e-02
4000,layers.0.k_lut.lut_batched.weights,4.114889e+01,1.326024e+00,3.222502e-02
4000,layers.0.k_lut.lut_batched.log_soft_score_temp,9.173557e-01,3.876209e-03,4.225416e-03
4000,layers.0.k_lut.lut_batched.log_select_temp,9.639043e-01,3.729045e-03,3.868689e-03
4000,layers.0.v_lut.compress.weight,7.686102e+00,8.376103e-02,1.089772e-02
4000,layers.0.v_lut.compress.bias,3.649246e-01,3.585392e-03,9.825021e-03
4000,layers.0.v_lut.lut_batched.weights,5.010549e+01,1.315062e+00,2.624586e-02
4000,layers.0.v_lut.lut_batched.log_soft_score_temp,1.006839e+00,4.706264e-03,4.674297e-03
4000,layers.0.v_lut.lut_batched.log_select_temp,9.482824e-01,4.034758e-03,4.254806e-03
4000,layers.0.out_proj.compress.weight,1.196749e+01,1.147363e-01,9.587329e-03
4000,layers.0.out_proj.compress.bias,6.863221e-01,2.810275e-03,4.094689e-03
4000,layers.0.out_proj.lut_batched.weights,6.563319e+01,1.846921e+00,2.814005e-02
4000,layers.0.out_proj.lut_batched.log_soft_score_temp,9.991357e-01,9.448528e-04,9.456702e-04
4000,layers.0.out_proj.lut_batched.log_select_temp,1.200420e+00,4.979610e-03,4.148223e-03
4000,layers.0.out_proj.decompress.weight,1.215380e+01,1.168186e-01,9.611691e-03
4000,layers.0.out_proj.decompress.bias,6.118667e-01,2.232993e-03,3.649476e-03
4000,layers.0.q_norm.weight,9.098125e+00,1.005171e-02,1.104811e-03
4000,layers.0.q_norm.bias,7.622491e-01,6.278665e-03,8.237025e-03
4000,layers.0.k_norm.weight,9.082204e+00,9.634688e-03,1.060831e-03
4000,layers.0.k_norm.bias,5.886454e-01,4.662363e-03,7.920496e-03
4000,layers.0.ln_pre.weight,2.019950e+01,7.355368e-03,3.641362e-04
4000,layers.0.ln_pre.bias,1.450006e-01,6.184587e-03,4.265215e-02
4000,layers.1.q_lut.compress.weight,6.926839e+00,8.670000e-02,1.251653e-02
4000,layers.1.q_lut.compress.bias,3.398767e-01,3.720372e-03,1.094624e-02
4000,layers.1.q_lut.lut_batched.weights,4.179541e+01,1.380535e+00,3.303078e-02
4000,layers.1.q_lut.lut_batched.log_soft_score_temp,5.431455e-01,1.484334e-03,2.732849e-03
4000,layers.1.q_lut.lut_batched.log_select_temp,9.909387e-01,2.495468e-03,2.518287e-03
4000,layers.1.k_lut.compress.weight,6.893875e+00,8.793161e-02,1.275503e-02
4000,layers.1.k_lut.compress.bias,3.860091e-01,4.103094e-03,1.062953e-02
4000,layers.1.k_lut.lut_batched.weights,4.120745e+01,1.375592e+00,3.338212e-02
4000,layers.1.k_lut.lut_batched.log_soft_score_temp,4.930445e-01,4.651845e-04,9.434938e-04
4000,layers.1.k_lut.lut_batched.log_select_temp,9.060190e-01,2.908230e-03,3.209899e-03
4000,layers.1.v_lut.compress.weight,6.925376e+00,7.977203e-02,1.151880e-02
4000,layers.1.v_lut.compress.bias,3.680936e-01,2.848719e-03,7.739114e-03
4000,layers.1.v_lut.lut_batched.weights,4.500641e+01,1.351068e+00,3.001945e-02
4000,layers.1.v_lut.lut_batched.log_soft_score_temp,5.989344e-01,4.576147e-03,7.640481e-03
4000,layers.1.v_lut.lut_batched.log_select_temp,9.872857e-01,1.704812e-03,1.726767e-03
4000,layers.1.out_proj.compress.weight,1.186727e+01,1.315044e-01,1.108126e-02
4000,layers.1.out_proj.compress.bias,6.147028e-01,4.064378e-03,6.611940e-03
4000,layers.1.out_proj.lut_batched.weights,4.588267e+01,1.574793e+00,3.432218e-02
4000,layers.1.out_proj.lut_batched.log_soft_score_temp,8.214784e-01,2.741337e-03,3.337077e-03
4000,layers.1.out_proj.lut_batched.log_select_temp,1.131037e+00,3.693819e-03,3.265869e-03
4000,layers.1.out_proj.decompress.weight,1.067942e+01,1.285904e-01,1.204096e-02
4000,layers.1.out_proj.decompress.bias,6.007423e-01,2.152220e-03,3.582601e-03
4000,layers.1.q_norm.weight,8.867239e+00,5.190373e-03,5.853426e-04
4000,layers.1.q_norm.bias,5.208519e-01,2.978348e-03,5.718224e-03
4000,layers.1.k_norm.weight,8.842389e+00,5.147195e-03,5.821046e-04
4000,layers.1.k_norm.bias,8.632225e-01,4.242702e-03,4.914958e-03
4000,layers.1.ln_pre.weight,1.958287e+01,6.546397e-03,3.342920e-04
4000,layers.1.ln_pre.bias,1.678320e-01,4.271821e-03,2.545296e-02
4000,layers.2.q_lut.compress.weight,6.918911e+00,8.948248e-02,1.293303e-02
4000,layers.2.q_lut.compress.bias,3.706359e-01,3.555069e-03,9.591809e-03
4000,layers.2.q_lut.lut_batched.weights,4.186737e+01,1.401230e+00,3.346831e-02
4000,layers.2.q_lut.lut_batched.log_soft_score_temp,4.615863e-01,3.033519e-03,6.571943e-03
4000,layers.2.q_lut.lut_batched.log_select_temp,9.879270e-01,2.736211e-03,2.769649e-03
4000,layers.2.k_lut.compress.weight,6.858258e+00,8.642136e-02,1.260106e-02
4000,layers.2.k_lut.compress.bias,4.089550e-01,3.670277e-03,8.974769e-03
4000,layers.2.k_lut.lut_batched.weights,4.089037e+01,1.390033e+00,3.399415e-02
4000,layers.2.k_lut.lut_batched.log_soft_score_temp,4.770395e-01,2.311826e-03,4.846194e-03
4000,layers.2.k_lut.lut_batched.log_select_temp,9.547003e-01,3.333509e-03,3.491681e-03
4000,layers.2.v_lut.compress.weight,6.911231e+00,7.827059e-02,1.132513e-02
4000,layers.2.v_lut.compress.bias,3.606639e-01,2.314313e-03,6.416812e-03
4000,layers.2.v_lut.lut_batched.weights,4.674928e+01,1.344873e+00,2.876777e-02
4000,layers.2.v_lut.lut_batched.log_soft_score_temp,6.065463e-01,5.094707e-03,8.399535e-03
4000,layers.2.v_lut.lut_batched.log_select_temp,9.947872e-01,2.308965e-03,2.321064e-03
4000,layers.2.out_proj.compress.weight,1.206937e+01,1.352229e-01,1.120381e-02
4000,layers.2.out_proj.compress.bias,5.907252e-01,3.827797e-03,6.479826e-03
4000,layers.2.out_proj.lut_batched.weights,4.368457e+01,1.581668e+00,3.620656e-02
4000,layers.2.out_proj.lut_batched.log_soft_score_temp,9.153714e-01,1.535416e-03,1.677369e-03
4000,layers.2.out_proj.lut_batched.log_select_temp,1.140962e+00,4.177094e-03,3.661028e-03
4000,layers.2.out_proj.decompress.weight,1.052239e+01,1.319112e-01,1.253624e-02
4000,layers.2.out_proj.decompress.bias,6.111602e-01,2.277760e-03,3.726944e-03
4000,layers.2.q_norm.weight,8.888482e+00,7.758624e-03,8.728852e-04
4000,layers.2.q_norm.bias,3.716193e-01,2.911919e-03,7.835758e-03
4000,layers.2.k_norm.weight,8.826311e+00,7.569619e-03,8.576198e-04
4000,layers.2.k_norm.bias,7.199246e-01,4.049521e-03,5.624925e-03
4000,layers.2.ln_pre.weight,1.957088e+01,7.055647e-03,3.605176e-04
4000,layers.2.ln_pre.bias,1.541069e-01,4.032123e-03,2.616446e-02
4000,layers.3.q_lut.compress.weight,6.872691e+00,9.023466e-02,1.312945e-02
4000,layers.3.q_lut.compress.bias,3.487286e-01,3.384311e-03,9.704714e-03
4000,layers.3.q_lut.lut_batched.weights,4.193463e+01,1.408001e+00,3.357609e-02
4000,layers.3.q_lut.lut_batched.log_soft_score_temp,3.775946e-01,4.537880e-03,1.201786e-02
4000,layers.3.q_lut.lut_batched.log_select_temp,9.554437e-01,2.306461e-03,2.414021e-03
4000,layers.3.k_lut.compress.weight,6.814998e+00,8.704167e-02,1.277208e-02
4000,layers.3.k_lut.compress.bias,4.229742e-01,3.731411e-03,8.821841e-03
4000,layers.3.k_lut.lut_batched.weights,4.137376e+01,1.405292e+00,3.396578e-02
4000,layers.3.k_lut.lut_batched.log_soft_score_temp,4.338534e-01,4.019648e-03,9.264990e-03
4000,layers.3.k_lut.lut_batched.log_select_temp,9.316594e-01,2.765357e-03,2.968207e-03
4000,layers.3.v_lut.compress.weight,6.898175e+00,7.744316e-02,1.122662e-02
4000,layers.3.v_lut.compress.bias,3.591841e-01,1.949228e-03,5.426822e-03
4000,layers.3.v_lut.lut_batched.weights,4.647568e+01,1.333781e+00,2.869848e-02
4000,layers.3.v_lut.lut_batched.log_soft_score_temp,6.863262e-01,4.173100e-03,6.080345e-03
4000,layers.3.v_lut.lut_batched.log_select_temp,9.274417e-01,3.031909e-03,3.269111e-03
4000,layers.3.out_proj.compress.weight,1.198774e+01,1.369639e-01,1.142533e-02
4000,layers.3.out_proj.compress.bias,5.680494e-01,3.378006e-03,5.946677e-03
4000,layers.3.out_proj.lut_batched.weights,4.245702e+01,1.601829e+00,3.772824e-02
4000,layers.3.out_proj.lut_batched.log_soft_score_temp,9.365350e-01,1.785159e-03,1.906132e-03
4000,layers.3.out_proj.lut_batched.log_select_temp,1.090124e+00,4.744053e-03,4.351847e-03
4000,layers.3.out_proj.decompress.weight,1.029811e+01,1.313381e-01,1.275361e-02
4000,layers.3.out_proj.decompress.bias,5.713454e-01,2.555295e-03,4.472416e-03
4000,layers.3.q_norm.weight,8.667901e+00,8.561232e-03,9.876938e-04
4000,layers.3.q_norm.bias,4.040619e-01,2.411084e-03,5.967115e-03
4000,layers.3.k_norm.weight,8.622157e+00,8.608636e-03,9.984318e-04
4000,layers.3.k_norm.bias,6.480228e-01,3.728282e-03,5.753320e-03
4000,layers.3.ln_pre.weight,1.959224e+01,6.547721e-03,3.341997e-04
4000,layers.3.ln_pre.bias,1.811902e-01,3.128279e-03,1.726517e-02
4000,layers.4.q_lut.compress.weight,6.868769e+00,9.114391e-02,1.326932e-02
4000,layers.4.q_lut.compress.bias,4.037564e-01,3.652345e-03,9.045912e-03
4000,layers.4.q_lut.lut_batched.weights,4.199444e+01,1.400335e+00,3.334571e-02
4000,layers.4.q_lut.lut_batched.log_soft_score_temp,4.303988e-01,3.100246e-03,7.203194e-03
4000,layers.4.q_lut.lut_batched.log_select_temp,8.897985e-01,2.719283e-03,3.056066e-03
4000,layers.4.k_lut.compress.weight,6.833352e+00,8.323719e-02,1.218102e-02
4000,layers.4.k_lut.compress.bias,3.879013e-01,3.974739e-03,1.024678e-02
4000,layers.4.k_lut.lut_batched.weights,4.172682e+01,1.387795e+00,3.325907e-02
4000,layers.4.k_lut.lut_batched.log_soft_score_temp,4.803002e-01,2.355069e-03,4.903327e-03
4000,layers.4.k_lut.lut_batched.log_select_temp,8.866561e-01,2.139091e-03,2.412538e-03
4000,layers.4.v_lut.compress.weight,6.883031e+00,7.484645e-02,1.087405e-02
4000,layers.4.v_lut.compress.bias,3.658941e-01,1.764403e-03,4.822168e-03
4000,layers.4.v_lut.lut_batched.weights,4.664488e+01,1.309286e+00,2.806922e-02
4000,layers.4.v_lut.lut_batched.log_soft_score_temp,7.334223e-01,3.465414e-03,4.724992e-03
4000,layers.4.v_lut.lut_batched.log_select_temp,9.143834e-01,2.178073e-03,2.382013e-03
4000,layers.4.out_proj.compress.weight,1.190999e+01,1.323789e-01,1.111495e-02
4000,layers.4.out_proj.compress.bias,5.777920e-01,3.917346e-03,6.779856e-03
4000,layers.4.out_proj.lut_batched.weights,4.277531e+01,1.585115e+00,3.705676e-02
4000,layers.4.out_proj.lut_batched.log_soft_score_temp,9.055558e-01,1.596510e-03,1.763017e-03
4000,layers.4.out_proj.lut_batched.log_select_temp,1.041698e+00,4.608631e-03,4.424152e-03
4000,layers.4.out_proj.decompress.weight,1.024697e+01,1.289954e-01,1.258864e-02
4000,layers.4.out_proj.decompress.bias,6.005740e-01,2.845134e-03,4.737358e-03
4000,layers.4.q_norm.weight,8.373898e+00,4.083800e-03,4.876821e-04
4000,layers.4.q_norm.bias,2.402400e-01,2.231430e-03,9.288336e-03
4000,layers.4.k_norm.weight,8.355451e+00,4.050789e-03,4.848080e-04
4000,layers.4.k_norm.bias,4.233850e-01,2.621494e-03,6.191748e-03
4000,layers.4.ln_pre.weight,1.960633e+01,6.094358e-03,3.108363e-04
4000,layers.4.ln_pre.bias,2.037959e-01,2.873091e-03,1.409789e-02
4000,layers.5.q_lut.compress.weight,6.872357e+00,9.178700e-02,1.335597e-02
4000,layers.5.q_lut.compress.bias,4.140428e-01,3.577458e-03,8.640309e-03
4000,layers.5.q_lut.lut_batched.weights,4.273694e+01,1.410633e+00,3.300735e-02
4000,layers.5.q_lut.lut_batched.log_soft_score_temp,4.401231e-01,3.150165e-03,7.157463e-03
4000,layers.5.q_lut.lut_batched.log_select_temp,8.510378e-01,2.344608e-03,2.754999e-03
4000,layers.5.k_lut.compress.weight,6.817855e+00,8.547932e-02,1.253757e-02
4000,layers.5.k_lut.compress.bias,4.066291e-01,3.981159e-03,9.790639e-03
4000,layers.5.k_lut.lut_batched.weights,4.210976e+01,1.394747e+00,3.312170e-02
4000,layers.5.k_lut.lut_batched.log_soft_score_temp,4.558083e-01,3.210604e-03,7.043759e-03
4000,layers.5.k_lut.lut_batched.log_select_temp,8.975632e-01,2.392173e-03,2.665186e-03
4000,layers.5.v_lut.compress.weight,6.922008e+00,7.489239e-02,1.081946e-02
4000,layers.5.v_lut.compress.bias,3.539431e-01,1.758175e-03,4.967394e-03
4000,layers.5.v_lut.lut_batched.weights,4.740302e+01,1.300880e+00,2.744298e-02
4000,layers.5.v_lut.lut_batched.log_soft_score_temp,7.502916e-01,2.391160e-03,3.186973e-03
4000,layers.5.v_lut.lut_batched.log_select_temp,8.890342e-01,2.050161e-03,2.306055e-03
4000,layers.5.out_proj.compress.weight,1.200647e+01,1.336320e-01,1.113001e-02
4000,layers.5.out_proj.compress.bias,5.495540e-01,3.669370e-03,6.676995e-03
4000,layers.5.out_proj.lut_batched.weights,4.314901e+01,1.609155e+00,3.729298e-02
4000,layers.5.out_proj.lut_batched.log_soft_score_temp,8.938369e-01,2.453983e-03,2.745448e-03
4000,layers.5.out_proj.lut_batched.log_select_temp,1.009479e+00,4.515886e-03,4.473480e-03
4000,layers.5.out_proj.decompress.weight,1.024209e+01,1.288354e-01,1.257901e-02
4000,layers.5.out_proj.decompress.bias,5.784383e-01,3.321690e-03,5.742514e-03
4000,layers.5.q_norm.weight,8.329846e+00,5.241980e-03,6.293010e-04
4000,layers.5.q_norm.bias,2.838678e-01,2.764162e-03,9.737495e-03
4000,layers.5.k_norm.weight,8.313766e+00,5.342925e-03,6.426600e-04
4000,layers.5.k_norm.bias,4.435343e-01,3.359993e-03,7.575498e-03
4000,layers.5.ln_pre.weight,1.960874e+01,5.910329e-03,3.014130e-04
4000,layers.5.ln_pre.bias,2.136675e-01,2.889267e-03,1.352226e-02
4000,ln_final.weight,2.998479e+01,1.029382e-01,3.433015e-03
4000,ln_final.bias,2.345950e+00,1.590175e-02,6.778385e-03
4000,unembedder.weight,1.688244e+02,1.937809e+00,1.147825e-02
