step,param_name,weight_norm,delta_norm,rel_delta
200,tok_emb_E.weight,1.448273e+02,8.128099e-01,5.612268e-03
200,emb_resid_lut.weights,3.420495e+00,3.135207e+00,9.165946e-01
200,emb_resid_lut.log_soft_score_temp,6.966612e-01,3.513992e-03,5.044047e-03
200,emb_resid_lut.log_select_temp,6.966396e-01,3.492415e-03,5.013231e-03
200,unembedder.weight,1.046464e+02,8.495178e+00,8.117987e-02
200,layers.0.qk_lut.weights,1.871265e+00,1.567320e+00,8.375725e-01
200,layers.0.qk_lut.log_soft_score_temp,6.957595e-01,2.612293e-03,3.754592e-03
200,layers.0.qk_lut.log_select_temp,6.955830e-01,2.435863e-03,3.501901e-03
200,layers.0.v_lut.weights,1.611665e+00,1.242825e+00,7.711437e-01
200,layers.0.v_lut.log_soft_score_temp,6.956407e-01,2.493501e-03,3.584466e-03
200,layers.0.v_lut.log_select_temp,6.955830e-01,2.435803e-03,3.501816e-03
200,layers.0.out_proj.weights,4.004240e+00,3.487549e+00,8.709641e-01
200,layers.0.out_proj.log_soft_score_temp,6.934190e-01,2.718568e-04,3.920527e-04
200,layers.0.out_proj.log_select_temp,6.936091e-01,4.619360e-04,6.659889e-04
200,layers.0.residual_lut.weights,3.168380e+00,2.868218e+00,9.052632e-01
200,layers.0.residual_lut.log_soft_score_temp,6.957391e-01,2.591908e-03,3.725402e-03
200,layers.0.residual_lut.log_select_temp,6.960149e-01,2.867758e-03,4.120254e-03
200,layers.0.q_norm.weight,8.009706e+00,1.114276e-02,1.391157e-03
200,layers.0.q_norm.bias,7.675420e-03,7.675420e-03,1.000000e+00
200,layers.0.k_norm.weight,8.009591e+00,1.101832e-02,1.375641e-03
200,layers.0.k_norm.bias,1.008781e-02,1.008781e-02,1.000000e+00
200,layers.1.qk_lut.weights,1.914345e+00,1.624430e+00,8.485566e-01
200,layers.1.qk_lut.log_soft_score_temp,6.949522e-01,1.805067e-03,2.597397e-03
200,layers.1.qk_lut.log_select_temp,6.955884e-01,2.441227e-03,3.509586e-03
200,layers.1.v_lut.weights,1.645006e+00,1.285496e+00,7.814539e-01
200,layers.1.v_lut.log_soft_score_temp,6.954146e-01,2.267420e-03,3.260530e-03
200,layers.1.v_lut.log_select_temp,6.954001e-01,2.252936e-03,3.239770e-03
200,layers.1.out_proj.weights,4.295629e+00,3.804437e+00,8.856532e-01
200,layers.1.out_proj.log_soft_score_temp,6.927716e-01,3.755689e-04,5.421251e-04
200,layers.1.out_proj.log_select_temp,6.928406e-01,3.066063e-04,4.425351e-04
200,layers.1.residual_lut.weights,3.045231e+00,2.737814e+00,8.990495e-01
200,layers.1.residual_lut.log_soft_score_temp,6.933070e-01,1.598597e-04,2.305756e-04
200,layers.1.residual_lut.log_select_temp,6.941300e-01,9.828210e-04,1.415903e-03
200,layers.1.q_norm.weight,8.005582e+00,6.582157e-03,8.221960e-04
200,layers.1.q_norm.bias,3.744561e-03,3.744561e-03,1.000000e+00
200,layers.1.k_norm.weight,8.005322e+00,6.282570e-03,7.847992e-04
200,layers.1.k_norm.bias,7.366355e-03,7.366355e-03,1.000000e+00
200,layers.2.qk_lut.weights,1.898984e+00,1.605994e+00,8.457123e-01
200,layers.2.qk_lut.log_soft_score_temp,6.942443e-01,1.097143e-03,1.580341e-03
200,layers.2.qk_lut.log_select_temp,6.951739e-01,2.026737e-03,2.915438e-03
200,layers.2.v_lut.weights,1.717216e+00,1.378919e+00,8.029965e-01
200,layers.2.v_lut.log_soft_score_temp,6.953087e-01,2.161503e-03,3.108695e-03
200,layers.2.v_lut.log_select_temp,6.953324e-01,2.185225e-03,3.142706e-03
200,layers.2.out_proj.weights,4.615484e+00,4.152026e+00,8.995863e-01
200,layers.2.out_proj.log_soft_score_temp,6.927869e-01,3.602505e-04,5.200018e-04
200,layers.2.out_proj.log_select_temp,6.928163e-01,3.309250e-04,4.776519e-04
200,layers.2.residual_lut.weights,2.990409e+00,2.679641e+00,8.960785e-01
200,layers.2.residual_lut.log_soft_score_temp,6.923541e-01,7.930994e-04,1.145511e-03
200,layers.2.residual_lut.log_select_temp,6.929829e-01,1.642704e-04,2.370483e-04
200,layers.2.q_norm.weight,8.006194e+00,8.321841e-03,1.039425e-03
200,layers.2.q_norm.bias,4.780525e-03,4.780525e-03,1.000000e+00
200,layers.2.k_norm.weight,8.005746e+00,7.741763e-03,9.670258e-04
200,layers.2.k_norm.bias,6.500472e-03,6.500472e-03,1.000000e+00
200,layers.3.qk_lut.weights,1.923853e+00,1.631825e+00,8.482067e-01
200,layers.3.qk_lut.log_soft_score_temp,6.942294e-01,1.082182e-03,1.558825e-03
200,layers.3.qk_lut.log_select_temp,6.949491e-01,1.801908e-03,2.592863e-03
200,layers.3.v_lut.weights,1.729910e+00,1.393974e+00,8.058068e-01
200,layers.3.v_lut.log_soft_score_temp,6.941301e-01,9.828806e-04,1.415989e-03
200,layers.3.v_lut.log_select_temp,6.941485e-01,1.001298e-03,1.442485e-03
200,layers.3.out_proj.weights,5.190688e+00,4.779962e+00,9.208724e-01
200,layers.3.out_proj.log_soft_score_temp,6.927974e-01,3.497601e-04,5.048518e-04
200,layers.3.out_proj.log_select_temp,6.928173e-01,3.299117e-04,4.761886e-04
200,layers.3.residual_lut.weights,2.966477e+00,2.654733e+00,8.949110e-01
200,layers.3.residual_lut.log_soft_score_temp,6.917460e-01,1.401186e-03,2.025579e-03
200,layers.3.residual_lut.log_select_temp,6.921405e-01,1.006722e-03,1.454506e-03
200,layers.3.q_norm.weight,8.002079e+00,2.657447e-03,3.320946e-04
200,layers.3.q_norm.bias,1.574245e-03,1.574245e-03,1.000000e+00
200,layers.3.k_norm.weight,8.001884e+00,2.715066e-03,3.393034e-04
200,layers.3.k_norm.bias,2.725097e-03,2.725097e-03,1.000000e+00
200,layers.4.qk_lut.weights,1.867121e+00,1.567546e+00,8.395522e-01
200,layers.4.qk_lut.log_soft_score_temp,6.941382e-01,9.910464e-04,1.427736e-03
200,layers.4.qk_lut.log_select_temp,6.949459e-01,1.798689e-03,2.588244e-03
200,layers.4.v_lut.weights,1.889729e+00,1.588027e+00,8.403468e-01
200,layers.4.v_lut.log_soft_score_temp,6.945620e-01,1.414835e-03,2.037018e-03
200,layers.4.v_lut.log_select_temp,6.945797e-01,1.432478e-03,2.062367e-03
200,layers.4.out_proj.weights,6.036463e+00,5.683336e+00,9.415010e-01
200,layers.4.out_proj.log_soft_score_temp,6.930133e-01,1.339316e-04,1.932598e-04
200,layers.4.out_proj.log_select_temp,6.930264e-01,1.208186e-04,1.743348e-04
200,layers.4.residual_lut.weights,3.168548e+00,2.873884e+00,9.070034e-01
200,layers.4.residual_lut.log_soft_score_temp,6.914855e-01,1.661658e-03,2.403027e-03
200,layers.4.residual_lut.log_select_temp,6.918009e-01,1.346290e-03,1.946066e-03
200,layers.4.q_norm.weight,8.003692e+00,4.353545e-03,5.439421e-04
200,layers.4.q_norm.bias,2.854176e-03,2.854176e-03,1.000000e+00
200,layers.4.k_norm.weight,8.003497e+00,4.117057e-03,5.144072e-04
200,layers.4.k_norm.bias,4.117394e-03,4.117394e-03,1.000000e+00
200,layers.5.qk_lut.weights,1.960624e+00,1.681059e+00,8.574103e-01
200,layers.5.qk_lut.log_soft_score_temp,6.931055e-01,4.172325e-05,6.019755e-05
200,layers.5.qk_lut.log_select_temp,6.939456e-01,7.984638e-04,1.150614e-03
200,layers.5.v_lut.weights,2.174376e+00,1.917983e+00,8.820844e-01
200,layers.5.v_lut.log_soft_score_temp,6.943819e-01,1.234710e-03,1.778143e-03
200,layers.5.v_lut.log_select_temp,6.944295e-01,1.282275e-03,1.846515e-03
200,layers.5.out_proj.weights,8.197920e+00,7.941947e+00,9.687759e-01
200,layers.5.out_proj.log_soft_score_temp,6.936216e-01,4.744530e-04,6.840227e-04
200,layers.5.out_proj.log_select_temp,6.936253e-01,4.780889e-04,6.892610e-04
200,layers.5.residual_lut.weights,4.506913e+00,4.295853e+00,9.531697e-01
200,layers.5.residual_lut.log_soft_score_temp,6.918985e-01,1.248658e-03,1.804683e-03
200,layers.5.residual_lut.log_select_temp,6.923158e-01,8.313656e-04,1.200847e-03
200,layers.5.q_norm.weight,8.006846e+00,9.005958e-03,1.124782e-03
200,layers.5.q_norm.bias,5.269458e-03,5.269458e-03,1.000000e+00
200,layers.5.k_norm.weight,8.006231e+00,8.316608e-03,1.038767e-03
200,layers.5.k_norm.bias,9.419954e-03,9.419954e-03,1.000000e+00
200,ln_final.weight,1.967167e+01,7.576084e-02,3.851265e-03
200,ln_final.bias,7.356360e-02,7.356360e-02,1.000000e+00
400,tok_emb_E.weight,1.449013e+02,2.131644e+00,1.471101e-02
400,emb_resid_lut.weights,8.977652e+00,7.003466e+00,7.801000e-01
400,emb_resid_lut.log_soft_score_temp,7.078072e-01,1.114601e-02,1.574724e-02
400,emb_resid_lut.log_select_temp,7.077606e-01,1.112098e-02,1.571291e-02
400,unembedder.weight,1.071918e+02,1.797628e+01,1.677020e-01
400,layers.0.qk_lut.weights,4.826159e+00,4.048812e+00,8.389305e-01
400,layers.0.qk_lut.log_soft_score_temp,7.022353e-01,6.475866e-03,9.221789e-03
400,layers.0.qk_lut.log_select_temp,7.012595e-01,5.676448e-03,8.094647e-03
400,layers.0.v_lut.weights,4.234468e+00,3.599865e+00,8.501338e-01
400,layers.0.v_lut.log_soft_score_temp,7.051934e-01,9.552717e-03,1.354624e-02
400,layers.0.v_lut.log_select_temp,7.049990e-01,9.416044e-03,1.335611e-02
400,layers.0.out_proj.weights,9.844751e+00,8.851524e+00,8.991110e-01
400,layers.0.out_proj.log_soft_score_temp,7.019487e-01,8.529663e-03,1.215141e-02
400,layers.0.out_proj.log_select_temp,7.026929e-01,9.083807e-03,1.292714e-02
400,layers.0.residual_lut.weights,7.204862e+00,6.105724e+00,8.474449e-01
400,layers.0.residual_lut.log_soft_score_temp,6.940078e-01,1.731277e-03,2.494607e-03
400,layers.0.residual_lut.log_select_temp,6.997387e-01,3.723800e-03,5.321701e-03
400,layers.0.q_norm.weight,8.056243e+00,5.166476e-02,6.413009e-03
400,layers.0.q_norm.bias,4.056223e-02,3.351545e-02,8.262723e-01
400,layers.0.k_norm.weight,8.054568e+00,5.007792e-02,6.217332e-03
400,layers.0.k_norm.bias,5.002085e-02,4.141556e-02,8.279659e-01
400,layers.1.qk_lut.weights,4.919122e+00,4.254992e+00,8.649902e-01
400,layers.1.qk_lut.log_soft_score_temp,6.938125e-01,1.139760e-03,1.642749e-03
400,layers.1.qk_lut.log_select_temp,6.981453e-01,2.556920e-03,3.662447e-03
400,layers.1.v_lut.weights,4.017517e+00,3.439040e+00,8.560114e-01
400,layers.1.v_lut.log_soft_score_temp,7.025255e-01,7.110894e-03,1.012190e-02
400,layers.1.v_lut.log_select_temp,7.028333e-01,7.433176e-03,1.057602e-02
400,layers.1.out_proj.weights,1.053040e+01,9.480894e+00,9.003356e-01
400,layers.1.out_proj.log_soft_score_temp,6.910564e-01,1.715243e-03,2.482059e-03
400,layers.1.out_proj.log_select_temp,6.929592e-01,1.186132e-04,1.711692e-04
400,layers.1.residual_lut.weights,6.676422e+00,5.827351e+00,8.728254e-01
400,layers.1.residual_lut.log_soft_score_temp,6.830951e-01,1.021194e-02,1.494952e-02
400,layers.1.residual_lut.log_select_temp,6.854362e-01,8.693814e-03,1.268362e-02
400,layers.1.q_norm.weight,8.026142e+00,2.493845e-02,3.107152e-03
400,layers.1.q_norm.bias,2.054347e-02,1.725692e-02,8.400198e-01
400,layers.1.k_norm.weight,8.025446e+00,2.438205e-02,3.038093e-03
400,layers.1.k_norm.bias,3.616992e-02,2.977860e-02,8.232973e-01
400,layers.2.qk_lut.weights,4.931290e+00,4.301139e+00,8.722139e-01
400,layers.2.qk_lut.log_soft_score_temp,6.903453e-01,3.898978e-03,5.647866e-03
400,layers.2.qk_lut.log_select_temp,6.955544e-01,3.805161e-04,5.470687e-04
400,layers.2.v_lut.weights,4.363539e+00,3.795200e+00,8.697526e-01
400,layers.2.v_lut.log_soft_score_temp,7.014227e-01,6.114006e-03,8.716579e-03
400,layers.2.v_lut.log_select_temp,7.021118e-01,6.779373e-03,9.655689e-03
400,layers.2.out_proj.weights,1.090014e+01,9.674739e+00,8.875793e-01
400,layers.2.out_proj.log_soft_score_temp,6.926575e-01,1.294017e-04,1.868191e-04
400,layers.2.out_proj.log_select_temp,6.937087e-01,8.924007e-04,1.286420e-03
400,layers.2.residual_lut.weights,6.613577e+00,5.848323e+00,8.842904e-01
400,layers.2.residual_lut.log_soft_score_temp,6.820467e-01,1.030737e-02,1.511241e-02
400,layers.2.residual_lut.log_select_temp,6.836894e-01,9.293497e-03,1.359316e-02
400,layers.2.q_norm.weight,8.028333e+00,2.831259e-02,3.526584e-03
400,layers.2.q_norm.bias,2.244901e-02,1.811054e-02,8.067412e-01
400,layers.2.k_norm.weight,8.026952e+00,2.704027e-02,3.368685e-03
400,layers.2.k_norm.bias,3.200459e-02,2.626699e-02,8.207258e-01
400,layers.3.qk_lut.weights,5.025996e+00,4.387525e+00,8.729662e-01
400,layers.3.qk_lut.log_soft_score_temp,6.944561e-01,2.267361e-04,3.264945e-04
400,layers.3.qk_lut.log_select_temp,6.970748e-01,2.125680e-03,3.049430e-03
400,layers.3.v_lut.weights,4.282199e+00,3.697852e+00,8.635403e-01
400,layers.3.v_lut.log_soft_score_temp,6.965199e-01,2.389789e-03,3.431042e-03
400,layers.3.v_lut.log_select_temp,6.966302e-01,2.481699e-03,3.562434e-03
400,layers.3.out_proj.weights,1.191834e+01,1.033049e+01,8.667728e-01
400,layers.3.out_proj.log_soft_score_temp,6.892495e-01,3.547966e-03,5.147580e-03
400,layers.3.out_proj.log_select_temp,6.895294e-01,3.287911e-03,4.768341e-03
400,layers.3.residual_lut.weights,6.617015e+00,5.903125e+00,8.921130e-01
400,layers.3.residual_lut.log_soft_score_temp,6.812395e-01,1.050651e-02,1.542264e-02
400,layers.3.residual_lut.log_select_temp,6.822637e-01,9.876788e-03,1.447650e-02
400,layers.3.q_norm.weight,8.004412e+00,6.214241e-03,7.763521e-04
400,layers.3.q_norm.bias,5.436382e-03,4.376913e-03,8.051151e-01
400,layers.3.k_norm.weight,8.003976e+00,5.832264e-03,7.286708e-04
400,layers.3.k_norm.bias,1.061379e-02,8.662929e-03,8.161954e-01
400,layers.4.qk_lut.weights,5.024446e+00,4.442718e+00,8.842204e-01
400,layers.4.qk_lut.log_soft_score_temp,6.904344e-01,3.703833e-03,5.364496e-03
400,layers.4.qk_lut.log_select_temp,6.949301e-01,1.579523e-05,2.272924e-05
400,layers.4.v_lut.weights,4.916486e+00,4.283614e+00,8.712756e-01
400,layers.4.v_lut.log_soft_score_temp,6.956074e-01,1.045346e-03,1.502782e-03
400,layers.4.v_lut.log_select_temp,6.959789e-01,1.399219e-03,2.010433e-03
400,layers.4.out_proj.weights,1.285157e+01,1.062611e+01,8.268336e-01
400,layers.4.out_proj.log_soft_score_temp,6.928121e-01,2.011657e-04,2.903611e-04
400,layers.4.out_proj.log_select_temp,6.930269e-01,5.364418e-07,7.740562e-07
400,layers.4.residual_lut.weights,7.122864e+00,6.233446e+00,8.751319e-01
400,layers.4.residual_lut.log_soft_score_temp,6.818846e-01,9.600937e-03,1.408000e-02
400,layers.4.residual_lut.log_select_temp,6.830052e-01,8.795738e-03,1.287800e-02
400,layers.4.q_norm.weight,8.008213e+00,9.360908e-03,1.168913e-03
400,layers.4.q_norm.bias,9.191257e-03,6.976102e-03,7.589932e-01
400,layers.4.k_norm.weight,8.007640e+00,8.524521e-03,1.064549e-03
400,layers.4.k_norm.bias,1.494531e-02,1.125616e-02,7.531569e-01
400,layers.5.qk_lut.weights,5.141658e+00,4.484258e+00,8.721424e-01
400,layers.5.qk_lut.log_soft_score_temp,6.914324e-01,1.673102e-03,2.419763e-03
400,layers.5.qk_lut.log_select_temp,6.935282e-01,4.174113e-04,6.018664e-04
400,layers.5.v_lut.weights,5.516837e+00,4.656432e+00,8.440402e-01
400,layers.5.v_lut.log_soft_score_temp,6.951386e-01,7.567406e-04,1.088618e-03
400,layers.5.v_lut.log_select_temp,6.952468e-01,8.173585e-04,1.175638e-03
400,layers.5.out_proj.weights,2.570862e+01,1.917688e+01,7.459321e-01
400,layers.5.out_proj.log_soft_score_temp,6.936673e-01,4.565716e-05,6.581997e-05
400,layers.5.out_proj.log_select_temp,6.936964e-01,7.110834e-05,1.025064e-04
400,layers.5.residual_lut.weights,1.283280e+01,1.021976e+01,7.963776e-01
400,layers.5.residual_lut.log_soft_score_temp,6.840505e-01,7.848024e-03,1.147287e-02
400,layers.5.residual_lut.log_select_temp,6.852548e-01,7.061064e-03,1.030429e-02
400,layers.5.q_norm.weight,8.009546e+00,1.041200e-02,1.299949e-03
400,layers.5.q_norm.bias,1.040018e-02,5.549894e-03,5.336344e-01
400,layers.5.k_norm.weight,8.008371e+00,1.035175e-02,1.292617e-03
400,layers.5.k_norm.bias,1.883553e-02,9.835130e-03,5.221584e-01
400,ln_final.weight,1.988338e+01,2.117478e-01,1.064949e-02
400,ln_final.bias,2.780742e-01,2.048662e-01,7.367322e-01
600,tok_emb_E.weight,1.449622e+02,3.483680e+00,2.403164e-02
600,emb_resid_lut.weights,1.674559e+01,1.073876e+01,6.412889e-01
600,emb_resid_lut.log_soft_score_temp,7.255918e-01,1.778460e-02,2.451047e-02
600,emb_resid_lut.log_select_temp,7.254700e-01,1.770943e-02,2.441098e-02
600,unembedder.weight,1.116546e+02,1.773877e+01,1.588719e-01
600,layers.0.qk_lut.weights,8.648273e+00,6.066978e+00,7.015248e-01
600,layers.0.qk_lut.log_soft_score_temp,7.142377e-01,1.200235e-02,1.680442e-02
600,layers.0.qk_lut.log_select_temp,7.117859e-01,1.052636e-02,1.478866e-02
600,layers.0.v_lut.weights,8.046988e+00,5.738780e+00,7.131587e-01
600,layers.0.v_lut.log_soft_score_temp,7.210948e-01,1.590139e-02,2.205173e-02
600,layers.0.v_lut.log_select_temp,7.205610e-01,1.556200e-02,2.159706e-02
600,layers.0.out_proj.weights,1.829968e+01,1.459559e+01,7.975875e-01
600,layers.0.out_proj.log_soft_score_temp,7.169271e-01,1.497841e-02,2.089251e-02
600,layers.0.out_proj.log_select_temp,7.181361e-01,1.544321e-02,2.150457e-02
600,layers.0.residual_lut.weights,1.250020e+01,9.556612e+00,7.645168e-01
600,layers.0.residual_lut.log_soft_score_temp,6.892519e-01,4.755914e-03,6.900110e-03
600,layers.0.residual_lut.log_select_temp,6.994098e-01,3.289580e-04,4.703366e-04
600,layers.0.q_norm.weight,8.131304e+00,8.262652e-02,1.016153e-02
600,layers.0.q_norm.bias,9.287395e-02,5.407044e-02,5.821917e-01
600,layers.0.k_norm.weight,8.127398e+00,8.013956e-02,9.860421e-03
600,layers.0.k_norm.bias,1.117285e-01,6.508812e-02,5.825563e-01
600,layers.1.qk_lut.weights,8.646368e+00,6.444766e+00,7.453726e-01
600,layers.1.qk_lut.log_soft_score_temp,6.921327e-01,1.679778e-03,2.426960e-03
600,layers.1.qk_lut.log_select_temp,7.028233e-01,4.678011e-03,6.656027e-03
600,layers.1.v_lut.weights,7.530964e+00,5.620253e+00,7.462860e-01
600,layers.1.v_lut.log_soft_score_temp,7.128315e-01,1.030600e-02,1.445784e-02
600,layers.1.v_lut.log_select_temp,7.141607e-01,1.132739e-02,1.586112e-02
600,layers.1.out_proj.weights,1.909632e+01,1.536048e+01,8.043689e-01
600,layers.1.out_proj.log_soft_score_temp,6.941636e-01,3.107190e-03,4.476164e-03
600,layers.1.out_proj.log_select_temp,6.991366e-01,6.177366e-03,8.835707e-03
600,layers.1.residual_lut.weights,1.165357e+01,9.238373e+00,7.927508e-01
600,layers.1.residual_lut.log_soft_score_temp,6.740434e-01,9.051740e-03,1.342902e-02
600,layers.1.residual_lut.log_select_temp,6.791400e-01,6.296158e-03,9.270780e-03
600,layers.1.q_norm.weight,8.063665e+00,4.351092e-02,5.395923e-03
600,layers.1.q_norm.bias,5.155658e-02,3.153435e-02,6.116455e-01
600,layers.1.k_norm.weight,8.062504e+00,4.355320e-02,5.401944e-03
600,layers.1.k_norm.bias,8.656180e-02,5.169791e-02,5.972371e-01
600,layers.2.qk_lut.weights,8.739396e+00,6.591592e+00,7.542388e-01
600,layers.2.qk_lut.log_soft_score_temp,6.894848e-01,8.605719e-04,1.248138e-03
600,layers.2.qk_lut.log_select_temp,6.989434e-01,3.388941e-03,4.848664e-03
600,layers.2.v_lut.weights,7.997643e+00,5.935513e+00,7.421577e-01
600,layers.2.v_lut.log_soft_score_temp,7.127468e-01,1.132411e-02,1.588798e-02
600,layers.2.v_lut.log_select_temp,7.136968e-01,1.158506e-02,1.623246e-02
600,layers.2.out_proj.weights,1.968836e+01,1.565415e+01,7.950963e-01
600,layers.2.out_proj.log_soft_score_temp,6.959311e-01,3.273606e-03,4.703923e-03
600,layers.2.out_proj.log_select_temp,6.984264e-01,4.717767e-03,6.754852e-03
600,layers.2.residual_lut.weights,1.159095e+01,9.211001e+00,7.946722e-01
600,layers.2.residual_lut.log_soft_score_temp,6.741170e-01,7.929742e-03,1.176315e-02
600,layers.2.residual_lut.log_select_temp,6.785685e-01,5.120933e-03,7.546671e-03
600,layers.2.q_norm.weight,8.064687e+00,4.297066e-02,5.328249e-03
600,layers.2.q_norm.bias,4.863681e-02,2.683783e-02,5.518008e-01
600,layers.2.k_norm.weight,8.062497e+00,4.199694e-02,5.208925e-03
600,layers.2.k_norm.bias,7.542925e-02,4.486262e-02,5.947643e-01
600,layers.3.qk_lut.weights,8.734193e+00,6.519417e+00,7.464246e-01
600,layers.3.qk_lut.log_soft_score_temp,7.006298e-01,6.173730e-03,8.811686e-03
600,layers.3.qk_lut.log_select_temp,7.048439e-01,7.769108e-03,1.102245e-02
600,layers.3.v_lut.weights,7.517469e+00,5.451740e+00,7.252095e-01
600,layers.3.v_lut.log_soft_score_temp,7.055250e-01,9.005129e-03,1.276373e-02
600,layers.3.v_lut.log_select_temp,7.057534e-01,9.123266e-03,1.292699e-02
600,layers.3.out_proj.weights,2.015853e+01,1.564615e+01,7.761557e-01
600,layers.3.out_proj.log_soft_score_temp,6.826270e-01,6.622493e-03,9.701482e-03
600,layers.3.out_proj.log_select_temp,6.837878e-01,5.741596e-03,8.396752e-03
600,layers.3.residual_lut.weights,1.146379e+01,9.127574e+00,7.962088e-01
600,layers.3.residual_lut.log_soft_score_temp,6.718064e-01,9.433091e-03,1.404138e-02
600,layers.3.residual_lut.log_select_temp,6.751286e-01,7.135093e-03,1.056850e-02
600,layers.3.q_norm.weight,8.015532e+00,1.563246e-02,1.950272e-03
600,layers.3.q_norm.bias,1.289444e-02,8.337953e-03,6.466315e-01
600,layers.3.k_norm.weight,8.014124e+00,1.424736e-02,1.777781e-03
600,layers.3.k_norm.bias,2.867832e-02,1.936150e-02,6.751268e-01
600,layers.4.qk_lut.weights,8.852984e+00,6.617776e+00,7.475192e-01
600,layers.4.qk_lut.log_soft_score_temp,6.923214e-01,1.886964e-03,2.725561e-03
600,layers.4.qk_lut.log_select_temp,6.989385e-01,4.008412e-03,5.735000e-03
600,layers.4.v_lut.weights,8.360731e+00,6.037772e+00,7.221583e-01
600,layers.4.v_lut.log_soft_score_temp,6.988860e-01,3.278613e-03,4.691199e-03
600,layers.4.v_lut.log_select_temp,6.995798e-01,3.600955e-03,5.147311e-03
600,layers.4.out_proj.weights,2.109653e+01,1.585841e+01,7.517070e-01
600,layers.4.out_proj.log_soft_score_temp,6.920500e-01,7.620454e-04,1.101142e-03
600,layers.4.out_proj.log_select_temp,6.930085e-01,1.835823e-05,2.649063e-05
600,layers.4.residual_lut.weights,1.190222e+01,9.188458e+00,7.719957e-01
600,layers.4.residual_lut.log_soft_score_temp,6.739785e-01,7.906079e-03,1.173046e-02
600,layers.4.residual_lut.log_select_temp,6.769270e-01,6.078124e-03,8.978994e-03
600,layers.4.q_norm.weight,8.021139e+00,2.216593e-02,2.763440e-03
600,layers.4.q_norm.bias,2.298781e-02,1.504392e-02,6.544302e-01
600,layers.4.k_norm.weight,8.019245e+00,1.852619e-02,2.310216e-03
600,layers.4.k_norm.bias,3.439457e-02,2.117855e-02,6.157527e-01
600,layers.5.qk_lut.weights,8.881381e+00,6.586610e+00,7.416200e-01
600,layers.5.qk_lut.log_soft_score_temp,6.934883e-01,2.055943e-03,2.964640e-03
600,layers.5.qk_lut.log_select_temp,6.964507e-01,2.922475e-03,4.196241e-03
600,layers.5.v_lut.weights,8.856683e+00,6.171504e+00,6.968189e-01
600,layers.5.v_lut.log_soft_score_temp,6.968563e-01,1.717627e-03,2.464823e-03
600,layers.5.v_lut.log_select_temp,6.970405e-01,1.793683e-03,2.573283e-03
600,layers.5.out_proj.weights,4.325743e+01,2.347454e+01,5.426708e-01
600,layers.5.out_proj.log_soft_score_temp,6.927494e-01,9.178519e-04,1.324941e-03
600,layers.5.out_proj.log_select_temp,6.928850e-01,8.113384e-04,1.170957e-03
600,layers.5.residual_lut.weights,2.224365e+01,1.336994e+01,6.010676e-01
600,layers.5.residual_lut.log_soft_score_temp,6.787860e-01,5.264461e-03,7.755700e-03
600,layers.5.residual_lut.log_select_temp,6.806758e-01,4.578948e-03,6.727062e-03
600,layers.5.q_norm.weight,8.014824e+00,1.154778e-02,1.440802e-03
600,layers.5.q_norm.bias,1.634790e-02,6.767149e-03,4.139460e-01
600,layers.5.k_norm.weight,8.013376e+00,1.148155e-02,1.432798e-03
600,layers.5.k_norm.bias,2.716363e-02,1.002258e-02,3.689707e-01
600,ln_final.weight,2.022323e+01,3.399926e-01,1.681198e-02
600,ln_final.bias,5.385163e-01,2.608461e-01,4.843791e-01
800,tok_emb_E.weight,1.450545e+02,4.412859e+00,3.042207e-02
800,emb_resid_lut.weights,2.609445e+01,1.388396e+01,5.320656e-01
800,emb_resid_lut.log_soft_score_temp,7.499257e-01,2.433395e-02,3.244848e-02
800,emb_resid_lut.log_select_temp,7.497078e-01,2.423775e-02,3.232960e-02
800,unembedder.weight,1.170490e+02,1.709540e+01,1.460534e-01
800,layers.0.qk_lut.weights,1.319829e+01,7.958609e+00,6.030029e-01
800,layers.0.qk_lut.log_soft_score_temp,7.301775e-01,1.593983e-02,2.183008e-02
800,layers.0.qk_lut.log_select_temp,7.255052e-01,1.371938e-02,1.891010e-02
800,layers.0.v_lut.weights,1.262308e+01,7.413257e+00,5.872781e-01
800,layers.0.v_lut.log_soft_score_temp,7.426735e-01,2.157867e-02,2.905539e-02
800,layers.0.v_lut.log_select_temp,7.416657e-01,2.110463e-02,2.845572e-02
800,layers.0.out_proj.weights,2.764576e+01,1.890936e+01,6.839875e-01
800,layers.0.out_proj.log_soft_score_temp,7.373164e-01,2.038926e-02,2.765334e-02
800,layers.0.out_proj.log_select_temp,7.392855e-01,2.114934e-02,2.860781e-02
800,layers.0.residual_lut.weights,1.872909e+01,1.263186e+01,6.744516e-01
800,layers.0.residual_lut.log_soft_score_temp,6.856011e-01,3.650784e-03,5.324940e-03
800,layers.0.residual_lut.log_select_temp,7.000158e-01,6.060600e-04,8.657804e-04
800,layers.0.q_norm.weight,8.234550e+00,1.120223e-01,1.360394e-02
800,layers.0.q_norm.bias,1.611973e-01,6.965283e-02,4.320967e-01
800,layers.0.k_norm.weight,8.226900e+00,1.081544e-01,1.314643e-02
800,layers.0.k_norm.bias,1.969069e-01,8.849912e-02,4.494465e-01
800,layers.1.qk_lut.weights,1.309165e+01,8.563478e+00,6.541174e-01
800,layers.1.qk_lut.log_soft_score_temp,6.908161e-01,1.316607e-03,1.905872e-03
800,layers.1.qk_lut.log_select_temp,7.115760e-01,8.752704e-03,1.230045e-02
800,layers.1.v_lut.weights,1.192595e+01,7.689946e+00,6.448077e-01
800,layers.1.v_lut.log_soft_score_temp,7.269322e-01,1.410073e-02,1.939759e-02
800,layers.1.v_lut.log_select_temp,7.312576e-01,1.709694e-02,2.338018e-02
800,layers.1.out_proj.weights,2.805624e+01,1.941609e+01,6.920419e-01
800,layers.1.out_proj.log_soft_score_temp,7.045779e-01,1.041436e-02,1.478099e-02
800,layers.1.out_proj.log_select_temp,7.135792e-01,1.444262e-02,2.023969e-02
800,layers.1.residual_lut.weights,1.763009e+01,1.242080e+01,7.045227e-01
800,layers.1.residual_lut.log_soft_score_temp,6.682080e-01,5.835354e-03,8.732841e-03
800,layers.1.residual_lut.log_select_temp,6.779233e-01,1.216710e-03,1.794760e-03
800,layers.1.q_norm.weight,8.129025e+00,7.171622e-02,8.822241e-03
800,layers.1.q_norm.bias,9.516291e-02,4.422703e-02,4.647507e-01
800,layers.1.k_norm.weight,8.125884e+00,7.034957e-02,8.657466e-03
800,layers.1.k_norm.bias,1.511593e-01,6.731426e-02,4.453201e-01
800,layers.2.qk_lut.weights,1.321779e+01,8.653985e+00,6.547226e-01
800,layers.2.qk_lut.log_soft_score_temp,6.898678e-01,3.830194e-04,5.552070e-04
800,layers.2.qk_lut.log_select_temp,7.049274e-01,5.984008e-03,8.488829e-03
800,layers.2.v_lut.weights,1.242967e+01,7.989325e+00,6.427625e-01
800,layers.2.v_lut.log_soft_score_temp,7.299468e-01,1.719999e-02,2.356335e-02
800,layers.2.v_lut.log_select_temp,7.312406e-01,1.754379e-02,2.399182e-02
800,layers.2.out_proj.weights,2.896882e+01,1.982286e+01,6.842829e-01
800,layers.2.out_proj.log_soft_score_temp,7.067106e-01,1.077950e-02,1.525306e-02
800,layers.2.out_proj.log_select_temp,7.106048e-01,1.217836e-02,1.713802e-02
800,layers.2.residual_lut.weights,1.757854e+01,1.240020e+01,7.054168e-01
800,layers.2.residual_lut.log_soft_score_temp,6.705834e-01,3.533542e-03,5.269355e-03
800,layers.2.residual_lut.log_select_temp,6.801433e-01,1.574814e-03,2.315415e-03
800,layers.2.q_norm.weight,8.121767e+00,6.290089e-02,7.744729e-03
800,layers.2.q_norm.bias,8.417673e-02,3.613102e-02,4.292281e-01
800,layers.2.k_norm.weight,8.117824e+00,6.159120e-02,7.587157e-03
800,layers.2.k_norm.bias,1.344396e-01,6.152918e-02,4.576715e-01
800,layers.3.qk_lut.weights,1.312340e+01,8.595437e+00,6.549703e-01
800,layers.3.qk_lut.log_soft_score_temp,7.108558e-01,1.022601e-02,1.438549e-02
800,layers.3.qk_lut.log_select_temp,7.178576e-01,1.301372e-02,1.812855e-02
800,layers.3.v_lut.weights,1.171900e+01,7.476042e+00,6.379419e-01
800,layers.3.v_lut.log_soft_score_temp,7.181741e-01,1.264912e-02,1.761289e-02
800,layers.3.v_lut.log_select_temp,7.193862e-01,1.363277e-02,1.895056e-02
800,layers.3.out_proj.weights,2.904106e+01,1.989652e+01,6.851168e-01
800,layers.3.out_proj.log_soft_score_temp,6.804737e-01,2.153277e-03,3.164380e-03
800,layers.3.out_proj.log_select_temp,6.838827e-01,9.495020e-05,1.388399e-04
800,layers.3.residual_lut.weights,1.725063e+01,1.235720e+01,7.163330e-01
800,layers.3.residual_lut.log_soft_score_temp,6.650864e-01,6.719947e-03,1.010387e-02
800,layers.3.residual_lut.log_select_temp,6.736714e-01,1.457155e-03,2.163005e-03
800,layers.3.q_norm.weight,8.045176e+00,3.499433e-02,4.349729e-03
800,layers.3.q_norm.bias,3.038091e-02,1.795463e-02,5.909838e-01
800,layers.3.k_norm.weight,8.041646e+00,3.221256e-02,4.005718e-03
800,layers.3.k_norm.bias,5.926430e-02,3.220287e-02,5.433772e-01
800,layers.4.qk_lut.weights,1.336023e+01,8.779276e+00,6.571203e-01
800,layers.4.qk_lut.log_soft_score_temp,6.979294e-01,5.608022e-03,8.035229e-03
800,layers.4.qk_lut.log_select_temp,7.084881e-01,9.549618e-03,1.347887e-02
800,layers.4.v_lut.weights,1.269303e+01,8.144611e+00,6.416602e-01
800,layers.4.v_lut.log_soft_score_temp,7.075206e-01,8.634627e-03,1.220406e-02
800,layers.4.v_lut.log_select_temp,7.094267e-01,9.846866e-03,1.388003e-02
800,layers.4.out_proj.weights,3.078733e+01,2.089240e+01,6.786038e-01
800,layers.4.out_proj.log_soft_score_temp,6.943958e-01,2.345741e-03,3.378103e-03
800,layers.4.out_proj.log_select_temp,6.970968e-01,4.088283e-03,5.864727e-03
800,layers.4.residual_lut.weights,1.741037e+01,1.237297e+01,7.106667e-01
800,layers.4.residual_lut.log_soft_score_temp,6.658273e-01,8.151233e-03,1.224226e-02
800,layers.4.residual_lut.log_select_temp,6.726924e-01,4.234612e-03,6.295020e-03
800,layers.4.q_norm.weight,8.050414e+00,3.888603e-02,4.830315e-03
800,layers.4.q_norm.bias,4.690259e-02,2.471286e-02,5.268976e-01
800,layers.4.k_norm.weight,8.045638e+00,3.348178e-02,4.161482e-03
800,layers.4.k_norm.bias,6.680914e-02,3.395255e-02,5.082022e-01
800,layers.5.qk_lut.weights,1.331049e+01,8.764276e+00,6.584489e-01
800,layers.5.qk_lut.log_soft_score_temp,6.988079e-01,5.319595e-03,7.612386e-03
800,layers.5.qk_lut.log_select_temp,7.036681e-01,7.217348e-03,1.025675e-02
800,layers.5.v_lut.weights,1.278188e+01,7.850542e+00,6.141932e-01
800,layers.5.v_lut.log_soft_score_temp,6.995262e-01,2.669930e-03,3.816770e-03
800,layers.5.v_lut.log_select_temp,7.003247e-01,3.284216e-03,4.689562e-03
800,layers.5.out_proj.weights,5.553073e+01,2.550791e+01,4.593476e-01
800,layers.5.out_proj.log_soft_score_temp,6.909057e-01,1.843750e-03,2.668599e-03
800,layers.5.out_proj.log_select_temp,6.914657e-01,1.419306e-03,2.052605e-03
800,layers.5.residual_lut.weights,3.027065e+01,1.508804e+01,4.984381e-01
800,layers.5.residual_lut.log_soft_score_temp,6.738478e-01,4.938245e-03,7.328428e-03
800,layers.5.residual_lut.log_select_temp,6.769729e-01,3.702879e-03,5.469759e-03
800,layers.5.q_norm.weight,8.025049e+00,1.570584e-02,1.957102e-03
800,layers.5.q_norm.bias,2.331683e-02,7.914064e-03,3.394142e-01
800,layers.5.k_norm.weight,8.022901e+00,1.633260e-02,2.035748e-03
800,layers.5.k_norm.bias,3.832137e-02,1.289656e-02,3.365371e-01
800,ln_final.weight,2.068708e+01,4.644622e-01,2.245180e-02
800,ln_final.bias,7.632256e-01,2.264035e-01,2.966403e-01
1000,tok_emb_E.weight,1.451974e+02,5.183103e+00,3.569693e-02
1000,emb_resid_lut.weights,3.656647e+01,1.663997e+01,4.550608e-01
1000,emb_resid_lut.log_soft_score_temp,7.803087e-01,3.038299e-02,3.893714e-02
1000,emb_resid_lut.log_select_temp,7.799512e-01,3.024346e-02,3.877609e-02
1000,unembedder.weight,1.227827e+02,1.671011e+01,1.360949e-01
1000,layers.0.qk_lut.weights,1.843389e+01,9.958738e+00,5.402407e-01
1000,layers.0.qk_lut.log_soft_score_temp,7.498817e-01,1.970422e-02,2.627644e-02
1000,layers.0.qk_lut.log_select_temp,7.421314e-01,1.662612e-02,2.240320e-02
1000,layers.0.v_lut.weights,1.774019e+01,9.031468e+00,5.090966e-01
1000,layers.0.v_lut.log_soft_score_temp,7.700363e-01,2.736288e-02,3.553453e-02
1000,layers.0.v_lut.log_select_temp,7.685571e-01,2.689141e-02,3.498948e-02
1000,layers.0.out_proj.weights,3.819256e+01,2.354413e+01,6.164586e-01
1000,layers.0.out_proj.log_soft_score_temp,7.635015e-01,2.618510e-02,3.429606e-02
1000,layers.0.out_proj.log_select_temp,7.670395e-01,2.775407e-02,3.618336e-02
1000,layers.0.residual_lut.weights,2.560619e+01,1.545538e+01,6.035800e-01
1000,layers.0.residual_lut.log_soft_score_temp,6.804987e-01,5.102396e-03,7.498024e-03
1000,layers.0.residual_lut.log_select_temp,7.001554e-01,1.395345e-04,1.992907e-04
1000,layers.0.q_norm.weight,8.355447e+00,1.302131e-01,1.558421e-02
1000,layers.0.q_norm.bias,2.385318e-01,7.873983e-02,3.301020e-01
1000,layers.0.k_norm.weight,8.342086e+00,1.243369e-01,1.490477e-02
1000,layers.0.k_norm.bias,2.959465e-01,1.028841e-01,3.476443e-01
1000,layers.1.qk_lut.weights,1.823107e+01,1.076844e+01,5.906639e-01
1000,layers.1.qk_lut.log_soft_score_temp,6.839195e-01,6.896555e-03,1.008387e-02
1000,layers.1.qk_lut.log_select_temp,7.198709e-01,8.294821e-03,1.152265e-02
1000,layers.1.v_lut.weights,1.690808e+01,9.629311e+00,5.695096e-01
1000,layers.1.v_lut.log_soft_score_temp,7.464220e-01,1.948977e-02,2.611092e-02
1000,layers.1.v_lut.log_select_temp,7.551880e-01,2.393043e-02,3.168804e-02
1000,layers.1.out_proj.weights,3.844477e+01,2.437439e+01,6.340105e-01
1000,layers.1.out_proj.log_soft_score_temp,7.203333e-01,1.575541e-02,2.187239e-02
1000,layers.1.out_proj.log_select_temp,7.360180e-01,2.243882e-02,3.048679e-02
1000,layers.1.residual_lut.weights,2.437828e+01,1.534995e+01,6.296569e-01
1000,layers.1.residual_lut.log_soft_score_temp,6.629374e-01,5.270600e-03,7.950374e-03
1000,layers.1.residual_lut.log_select_temp,6.787642e-01,8.409023e-04,1.238872e-03
1000,layers.1.q_norm.weight,8.216651e+00,9.367849e-02,1.140105e-02
1000,layers.1.q_norm.bias,1.467292e-01,5.271048e-02,3.592366e-01
1000,layers.1.k_norm.weight,8.210376e+00,9.128522e-02,1.111828e-02
1000,layers.1.k_norm.bias,2.265527e-01,7.965614e-02,3.516009e-01
1000,layers.2.qk_lut.weights,1.844837e+01,1.090685e+01,5.912094e-01
1000,layers.2.qk_lut.log_soft_score_temp,6.846880e-01,5.179822e-03,7.565231e-03
1000,layers.2.qk_lut.log_select_temp,7.100217e-01,5.094349e-03,7.174920e-03
1000,layers.2.v_lut.weights,1.748147e+01,1.004148e+01,5.744072e-01
1000,layers.2.v_lut.log_soft_score_temp,7.497679e-01,1.982111e-02,2.643632e-02
1000,layers.2.v_lut.log_select_temp,7.533324e-01,2.209181e-02,2.932544e-02
1000,layers.2.out_proj.weights,3.972435e+01,2.491907e+01,6.272997e-01
1000,layers.2.out_proj.log_soft_score_temp,7.256333e-01,1.892269e-02,2.607748e-02
1000,layers.2.out_proj.log_select_temp,7.321085e-01,2.150369e-02,2.937227e-02
1000,layers.2.residual_lut.weights,2.432475e+01,1.532355e+01,6.299571e-01
1000,layers.2.residual_lut.log_soft_score_temp,6.683210e-01,2.262414e-03,3.385220e-03
1000,layers.2.residual_lut.log_select_temp,6.841704e-01,4.027128e-03,5.886148e-03
1000,layers.2.q_norm.weight,8.192824e+00,8.002008e-02,9.767093e-03
1000,layers.2.q_norm.bias,1.295305e-01,4.584712e-02,3.539483e-01
1000,layers.2.k_norm.weight,8.186708e+00,7.833644e-02,9.568735e-03
1000,layers.2.k_norm.bias,2.091556e-01,7.675734e-02,3.669868e-01
1000,layers.3.qk_lut.weights,1.824797e+01,1.084262e+01,5.941822e-01
1000,layers.3.qk_lut.log_soft_score_temp,7.177381e-01,6.882250e-03,9.588805e-03
1000,layers.3.qk_lut.log_select_temp,7.316928e-01,1.383519e-02,1.890847e-02
1000,layers.3.v_lut.weights,1.659814e+01,9.408470e+00,5.668387e-01
1000,layers.3.v_lut.log_soft_score_temp,7.343072e-01,1.613307e-02,2.197047e-02
1000,layers.3.v_lut.log_select_temp,7.376266e-01,1.824033e-02,2.472841e-02
1000,layers.3.out_proj.weights,3.957359e+01,2.519007e+01,6.365374e-01
1000,layers.3.out_proj.log_soft_score_temp,6.815183e-01,1.044631e-03,1.532800e-03
1000,layers.3.out_proj.log_select_temp,6.891407e-01,5.257964e-03,7.629740e-03
1000,layers.3.residual_lut.weights,2.382291e+01,1.531462e+01,6.428529e-01
1000,layers.3.residual_lut.log_soft_score_temp,6.601603e-01,4.926145e-03,7.462044e-03
1000,layers.3.residual_lut.log_select_temp,6.760536e-01,2.382159e-03,3.523625e-03
1000,layers.3.q_norm.weight,8.096526e+00,5.844731e-02,7.218814e-03
1000,layers.3.q_norm.bias,5.585047e-02,2.597398e-02,4.650628e-01
1000,layers.3.k_norm.weight,8.091508e+00,5.670055e-02,7.007414e-03
1000,layers.3.k_norm.bias,9.951109e-02,4.211620e-02,4.232313e-01
1000,layers.4.qk_lut.weights,1.858419e+01,1.108086e+01,5.962518e-01
1000,layers.4.qk_lut.log_soft_score_temp,7.012377e-01,3.308356e-03,4.717880e-03
1000,layers.4.qk_lut.log_select_temp,7.185843e-01,1.009619e-02,1.405012e-02
1000,layers.4.v_lut.weights,1.767871e+01,1.018374e+01,5.760453e-01
1000,layers.4.v_lut.log_soft_score_temp,7.223666e-01,1.484597e-02,2.055185e-02
1000,layers.4.v_lut.log_select_temp,7.262086e-01,1.678193e-02,2.310896e-02
1000,layers.4.out_proj.weights,4.197771e+01,2.630499e+01,6.266420e-01
1000,layers.4.out_proj.log_soft_score_temp,6.996816e-01,5.285859e-03,7.554663e-03
1000,layers.4.out_proj.log_select_temp,7.050104e-01,7.913530e-03,1.122470e-02
1000,layers.4.residual_lut.weights,2.371813e+01,1.535087e+01,6.472207e-01
1000,layers.4.residual_lut.log_soft_score_temp,6.576882e-01,8.139074e-03,1.237528e-02
1000,layers.4.residual_lut.log_select_temp,6.712732e-01,1.419187e-03,2.114171e-03
1000,layers.4.q_norm.weight,8.099167e+00,5.971760e-02,7.373302e-03
1000,layers.4.q_norm.bias,8.294950e-02,3.671240e-02,4.425873e-01
1000,layers.4.k_norm.weight,8.090740e+00,5.406003e-02,6.681716e-03
1000,layers.4.k_norm.bias,1.196659e-01,5.404262e-02,4.516126e-01
1000,layers.5.qk_lut.weights,1.853497e+01,1.106264e+01,5.968527e-01
1000,layers.5.qk_lut.log_soft_score_temp,7.030635e-01,4.255593e-03,6.052928e-03
1000,layers.5.qk_lut.log_select_temp,7.120332e-01,8.365154e-03,1.174826e-02
1000,layers.5.v_lut.weights,1.752291e+01,9.806855e+00,5.596589e-01
1000,layers.5.v_lut.log_soft_score_temp,7.041478e-01,4.621625e-03,6.563430e-03
1000,layers.5.v_lut.log_select_temp,7.062289e-01,5.904198e-03,8.360176e-03
1000,layers.5.out_proj.weights,6.622193e+01,2.971264e+01,4.486828e-01
1000,layers.5.out_proj.log_soft_score_temp,6.906365e-01,2.692342e-04,3.898349e-04
1000,layers.5.out_proj.log_select_temp,6.923233e-01,8.575916e-04,1.238715e-03
1000,layers.5.residual_lut.weights,3.611420e+01,1.678147e+01,4.646778e-01
1000,layers.5.residual_lut.log_soft_score_temp,6.675681e-01,6.279647e-03,9.406751e-03
1000,layers.5.residual_lut.log_select_temp,6.737331e-01,3.239870e-03,4.808833e-03
1000,layers.5.q_norm.weight,8.045141e+00,2.707180e-02,3.364987e-03
1000,layers.5.q_norm.bias,3.771091e-02,1.601788e-02,4.247545e-01
1000,layers.5.k_norm.weight,8.041542e+00,2.656642e-02,3.303648e-03
1000,layers.5.k_norm.bias,5.384386e-02,1.831740e-02,3.401948e-01
1000,ln_final.weight,2.125287e+01,5.679718e-01,2.672448e-02
1000,ln_final.bias,9.156283e-01,1.559126e-01,1.702793e-01
1200,tok_emb_E.weight,1.453965e+02,5.936579e+00,4.083029e-02
1200,emb_resid_lut.weights,4.791402e+01,1.945370e+01,4.060128e-01
1200,emb_resid_lut.log_soft_score_temp,8.172637e-01,3.695494e-02,4.521789e-02
1200,emb_resid_lut.log_select_temp,8.168073e-01,3.685606e-02,4.512210e-02
1200,unembedder.weight,1.287967e+02,1.698858e+01,1.319023e-01
1200,layers.0.qk_lut.weights,2.429381e+01,1.202258e+01,4.948825e-01
1200,layers.0.qk_lut.log_soft_score_temp,7.715355e-01,2.165371e-02,2.806574e-02
1200,layers.0.qk_lut.log_select_temp,7.603139e-01,1.818258e-02,2.391456e-02
1200,layers.0.v_lut.weights,2.338485e+01,1.095068e+01,4.682810e-01
1200,layers.0.v_lut.log_soft_score_temp,8.045288e-01,3.449249e-02,4.287291e-02
1200,layers.0.v_lut.log_select_temp,8.026910e-01,3.413391e-02,4.252435e-02
1200,layers.0.out_proj.weights,4.986761e+01,2.837767e+01,5.690602e-01
1200,layers.0.out_proj.log_soft_score_temp,7.939629e-01,3.046143e-02,3.836631e-02
1200,layers.0.out_proj.log_select_temp,8.009364e-01,3.389686e-02,4.232154e-02
1200,layers.0.residual_lut.weights,3.312486e+01,1.848023e+01,5.578962e-01
1200,layers.0.residual_lut.log_soft_score_temp,6.717405e-01,8.758247e-03,1.303814e-02
1200,layers.0.residual_lut.log_select_temp,6.980848e-01,2.070606e-03,2.966124e-03
1200,layers.0.q_norm.weight,8.472574e+00,1.259005e-01,1.485977e-02
1200,layers.0.q_norm.bias,3.093517e-01,7.252993e-02,2.344578e-01
1200,layers.0.k_norm.weight,8.451607e+00,1.179967e-01,1.396146e-02
1200,layers.0.k_norm.bias,3.934954e-01,1.017489e-01,2.585770e-01
1200,layers.1.qk_lut.weights,2.404303e+01,1.305325e+01,5.429121e-01
1200,layers.1.qk_lut.log_soft_score_temp,6.692976e-01,1.462191e-02,2.184665e-02
1200,layers.1.qk_lut.log_select_temp,7.295007e-01,9.629786e-03,1.320052e-02
1200,layers.1.v_lut.weights,2.245611e+01,1.180485e+01,5.256852e-01
1200,layers.1.v_lut.log_soft_score_temp,7.674635e-01,2.104151e-02,2.741696e-02
1200,layers.1.v_lut.log_select_temp,7.824591e-01,2.727103e-02,3.485298e-02
1200,layers.1.out_proj.weights,5.015760e+01,2.956384e+01,5.894189e-01
1200,layers.1.out_proj.log_soft_score_temp,7.319493e-01,1.161599e-02,1.586994e-02
1200,layers.1.out_proj.log_select_temp,7.609152e-01,2.489716e-02,3.272002e-02
1200,layers.1.residual_lut.weights,3.194276e+01,1.852036e+01,5.797981e-01
1200,layers.1.residual_lut.log_soft_score_temp,6.563195e-01,6.617904e-03,1.008336e-02
1200,layers.1.residual_lut.log_select_temp,6.803175e-01,1.553297e-03,2.283194e-03
1200,layers.1.q_norm.weight,8.310798e+00,1.010456e-01,1.215835e-02
1200,layers.1.q_norm.bias,2.006376e-01,5.497826e-02,2.740178e-01
1200,layers.1.k_norm.weight,8.301179e+00,9.854832e-02,1.187161e-02
1200,layers.1.k_norm.bias,3.041461e-01,8.176108e-02,2.688217e-01
1200,layers.2.qk_lut.weights,2.430596e+01,1.329987e+01,5.471855e-01
1200,layers.2.qk_lut.log_soft_score_temp,6.724635e-01,1.222444e-02,1.817859e-02
1200,layers.2.qk_lut.log_select_temp,7.125837e-01,2.561986e-03,3.595348e-03
1200,layers.2.v_lut.weights,2.309804e+01,1.235432e+01,5.348645e-01
1200,layers.2.v_lut.log_soft_score_temp,7.678562e-01,1.808834e-02,2.355694e-02
1200,layers.2.v_lut.log_select_temp,7.784612e-01,2.512872e-02,3.227999e-02
1200,layers.2.out_proj.weights,5.175154e+01,3.022849e+01,5.841080e-01
1200,layers.2.out_proj.log_soft_score_temp,7.445765e-01,1.894313e-02,2.544149e-02
1200,layers.2.out_proj.log_select_temp,7.579517e-01,2.584326e-02,3.409619e-02
1200,layers.2.residual_lut.weights,3.187523e+01,1.848042e+01,5.797739e-01
1200,layers.2.residual_lut.log_soft_score_temp,6.652432e-01,3.077805e-03,4.626586e-03
1200,layers.2.residual_lut.log_select_temp,6.896983e-01,5.527854e-03,8.014887e-03
1200,layers.2.q_norm.weight,8.273630e+00,8.988763e-02,1.086435e-02
1200,layers.2.q_norm.bias,1.794554e-01,5.058931e-02,2.819047e-01
1200,layers.2.k_norm.weight,8.265197e+00,8.775295e-02,1.061716e-02
1200,layers.2.k_norm.bias,2.922070e-01,8.569119e-02,2.932551e-01
1200,layers.3.qk_lut.weights,2.403774e+01,1.323379e+01,5.505421e-01
1200,layers.3.qk_lut.log_soft_score_temp,7.177073e-01,3.075600e-05,4.285312e-05
1200,layers.3.qk_lut.log_select_temp,7.456016e-01,1.390880e-02,1.865447e-02
1200,layers.3.v_lut.weights,2.219882e+01,1.174461e+01,5.290647e-01
1200,layers.3.v_lut.log_soft_score_temp,7.541889e-01,1.988173e-02,2.636173e-02
1200,layers.3.v_lut.log_select_temp,7.616494e-01,2.402282e-02,3.154052e-02
1200,layers.3.out_proj.weights,5.143449e+01,3.054016e+01,5.937681e-01
1200,layers.3.out_proj.log_soft_score_temp,6.865905e-01,5.072176e-03,7.387484e-03
1200,layers.3.out_proj.log_select_temp,7.021803e-01,1.303965e-02,1.857023e-02
1200,layers.3.residual_lut.weights,3.128983e+01,1.854511e+01,5.926879e-01
1200,layers.3.residual_lut.log_soft_score_temp,6.552206e-01,4.939735e-03,7.539041e-03
1200,layers.3.residual_lut.log_select_temp,6.810960e-01,5.042374e-03,7.403324e-03
1200,layers.3.q_norm.weight,8.166071e+00,7.690169e-02,9.417220e-03
1200,layers.3.q_norm.bias,8.982752e-02,3.479711e-02,3.873770e-01
1200,layers.3.k_norm.weight,8.158701e+00,7.442195e-02,9.121789e-03
1200,layers.3.k_norm.bias,1.477943e-01,5.048640e-02,3.415990e-01
1200,layers.4.qk_lut.weights,2.444425e+01,1.346767e+01,5.509544e-01
1200,layers.4.qk_lut.log_soft_score_temp,6.977206e-01,3.517091e-03,5.040830e-03
1200,layers.4.qk_lut.log_select_temp,7.261804e-01,7.596076e-03,1.046032e-02
1200,layers.4.v_lut.weights,2.333494e+01,1.255191e+01,5.379021e-01
1200,layers.4.v_lut.log_soft_score_temp,7.439005e-01,2.153397e-02,2.894737e-02
1200,layers.4.v_lut.log_select_temp,7.500575e-01,2.384883e-02,3.179601e-02
1200,layers.4.out_proj.weights,5.429343e+01,3.156376e+01,5.813551e-01
1200,layers.4.out_proj.log_soft_score_temp,7.056330e-01,5.951405e-03,8.434135e-03
1200,layers.4.out_proj.log_select_temp,7.158364e-01,1.082605e-02,1.512364e-02
1200,layers.4.residual_lut.weights,3.084706e+01,1.855246e+01,6.014338e-01
1200,layers.4.residual_lut.log_soft_score_temp,6.486859e-01,9.002268e-03,1.387770e-02
1200,layers.4.residual_lut.log_select_temp,6.721930e-01,9.197593e-04,1.368296e-03
1200,layers.4.q_norm.weight,8.150549e+00,6.370388e-02,7.815901e-03
1200,layers.4.q_norm.bias,1.223762e-01,3.996329e-02,3.265609e-01
1200,layers.4.k_norm.weight,8.140124e+00,6.051739e-02,7.434455e-03
1200,layers.4.k_norm.bias,1.819710e-01,6.356863e-02,3.493339e-01
1200,layers.5.qk_lut.weights,2.443471e+01,1.357379e+01,5.555125e-01
1200,layers.5.qk_lut.log_soft_score_temp,7.062599e-01,3.196418e-03,4.525839e-03
1200,layers.5.qk_lut.log_select_temp,7.216290e-01,9.595811e-03,1.329743e-02
1200,layers.5.v_lut.weights,2.312182e+01,1.215627e+01,5.257488e-01
1200,layers.5.v_lut.log_soft_score_temp,7.100217e-01,5.873859e-03,8.272788e-03
1200,layers.5.v_lut.log_select_temp,7.142211e-01,7.992208e-03,1.119010e-02
1200,layers.5.out_proj.weights,7.701396e+01,3.449788e+01,4.479432e-01
1200,layers.5.out_proj.log_soft_score_temp,6.937719e-01,3.135443e-03,4.519414e-03
1200,layers.5.out_proj.log_select_temp,6.978351e-01,5.511820e-03,7.898456e-03
1200,layers.5.residual_lut.weights,4.129913e+01,1.927272e+01,4.666616e-01
1200,layers.5.residual_lut.log_soft_score_temp,6.584818e-01,9.086311e-03,1.379888e-02
1200,layers.5.residual_lut.log_select_temp,6.708567e-01,2.876341e-03,4.287564e-03
1200,layers.5.q_norm.weight,8.072644e+00,3.470527e-02,4.299120e-03
1200,layers.5.q_norm.bias,5.516875e-02,1.891182e-02,3.427994e-01
1200,layers.5.k_norm.weight,8.067998e+00,3.478274e-02,4.311198e-03
1200,layers.5.k_norm.bias,7.850272e-02,2.740071e-02,3.490415e-01
1200,ln_final.weight,2.192476e+01,6.758021e-01,3.082369e-02
1200,ln_final.bias,1.036862e+00,1.278231e-01,1.232789e-01
1400,tok_emb_E.weight,1.456608e+02,6.714176e+00,4.609461e-02
1400,emb_resid_lut.weights,5.990480e+01,2.204344e+01,3.679745e-01
1400,emb_resid_lut.log_soft_score_temp,8.602760e-01,4.301232e-02,4.999828e-02
1400,emb_resid_lut.log_select_temp,8.597730e-01,4.296571e-02,4.997332e-02
1400,unembedder.weight,1.347511e+02,1.721437e+01,1.277494e-01
1400,layers.0.qk_lut.weights,3.071648e+01,1.415829e+01,4.609345e-01
1400,layers.0.qk_lut.log_soft_score_temp,7.938513e-01,2.231586e-02,2.811088e-02
1400,layers.0.qk_lut.log_select_temp,7.790385e-01,1.872462e-02,2.403555e-02
1400,layers.0.v_lut.weights,2.943540e+01,1.291049e+01,4.386043e-01
1400,layers.0.v_lut.log_soft_score_temp,8.439692e-01,3.944039e-02,4.673203e-02
1400,layers.0.v_lut.log_select_temp,8.417419e-01,3.905088e-02,4.639294e-02
1400,layers.0.out_proj.weights,6.254119e+01,3.320692e+01,5.309608e-01
1400,layers.0.out_proj.log_soft_score_temp,8.180867e-01,2.412385e-02,2.948813e-02
1400,layers.0.out_proj.log_select_temp,8.369130e-01,3.597665e-02,4.298732e-02
1400,layers.0.residual_lut.weights,4.116951e+01,2.129637e+01,5.172849e-01
1400,layers.0.residual_lut.log_soft_score_temp,6.609544e-01,1.078612e-02,1.631900e-02
1400,layers.0.residual_lut.log_select_temp,6.955195e-01,2.565265e-03,3.688271e-03
1400,layers.0.q_norm.weight,8.566024e+00,1.006947e-01,1.175512e-02
1400,layers.0.q_norm.bias,3.663514e-01,5.865984e-02,1.601191e-01
1400,layers.0.k_norm.weight,8.539614e+00,9.555773e-02,1.118994e-02
1400,layers.0.k_norm.bias,4.765460e-01,8.722132e-02,1.830281e-01
1400,layers.1.qk_lut.weights,3.039282e+01,1.532399e+01,5.041978e-01
1400,layers.1.qk_lut.log_soft_score_temp,6.479347e-01,2.136290e-02,3.297076e-02
1400,layers.1.qk_lut.log_select_temp,7.365601e-01,7.059455e-03,9.584357e-03
1400,layers.1.v_lut.weights,2.839404e+01,1.391658e+01,4.901232e-01
1400,layers.1.v_lut.log_soft_score_temp,7.858135e-01,1.835001e-02,2.335160e-02
1400,layers.1.v_lut.log_select_temp,8.108526e-01,2.839357e-02,3.501693e-02
1400,layers.1.out_proj.weights,6.297127e+01,3.468913e+01,5.508722e-01
1400,layers.1.out_proj.log_soft_score_temp,7.286342e-01,3.315151e-03,4.549815e-03
1400,layers.1.out_proj.log_select_temp,7.813877e-01,2.047259e-02,2.620029e-02
1400,layers.1.residual_lut.weights,4.009173e+01,2.137970e+01,5.332696e-01
1400,layers.1.residual_lut.log_soft_score_temp,6.498427e-01,6.476820e-03,9.966750e-03
1400,layers.1.residual_lut.log_select_temp,6.823336e-01,2.016068e-03,2.954665e-03
1400,layers.1.q_norm.weight,8.404807e+00,9.864303e-02,1.173650e-02
1400,layers.1.q_norm.bias,2.475405e-01,4.855724e-02,1.961587e-01
1400,layers.1.k_norm.weight,8.391454e+00,9.641325e-02,1.148946e-02
1400,layers.1.k_norm.bias,3.762435e-01,7.625949e-02,2.026865e-01
1400,layers.2.qk_lut.weights,3.070995e+01,1.566053e+01,5.099498e-01
1400,layers.2.qk_lut.log_soft_score_temp,6.541511e-01,1.831239e-02,2.799413e-02
1400,layers.2.qk_lut.log_select_temp,7.123944e-01,1.893640e-04,2.658134e-04
1400,layers.2.v_lut.weights,2.910907e+01,1.461170e+01,5.019640e-01
1400,layers.2.v_lut.log_soft_score_temp,7.783315e-01,1.047528e-02,1.345863e-02
1400,layers.2.v_lut.log_select_temp,8.054177e-01,2.695656e-02,3.346904e-02
1400,layers.2.out_proj.weights,6.482214e+01,3.537529e+01,5.457285e-01
1400,layers.2.out_proj.log_soft_score_temp,7.567248e-01,1.214838e-02,1.605389e-02
1400,layers.2.out_proj.log_select_temp,7.854434e-01,2.749163e-02,3.500141e-02
1400,layers.2.residual_lut.weights,3.997812e+01,2.130942e+01,5.330270e-01
1400,layers.2.residual_lut.log_soft_score_temp,6.615594e-01,3.683805e-03,5.568367e-03
1400,layers.2.residual_lut.log_select_temp,6.954820e-01,5.783737e-03,8.316156e-03
1400,layers.2.q_norm.weight,8.358569e+00,9.545191e-02,1.141965e-02
1400,layers.2.q_norm.bias,2.307546e-01,5.248370e-02,2.274438e-01
1400,layers.2.k_norm.weight,8.347279e+00,9.267601e-02,1.110254e-02
1400,layers.2.k_norm.bias,3.809635e-01,9.148031e-02,2.401288e-01
1400,layers.3.qk_lut.weights,3.033026e+01,1.554232e+01,5.124362e-01
1400,layers.3.qk_lut.log_soft_score_temp,7.108102e-01,6.897092e-03,9.703141e-03
1400,layers.3.qk_lut.log_select_temp,7.596419e-01,1.404029e-02,1.848278e-02
1400,layers.3.v_lut.weights,2.832283e+01,1.387411e+01,4.898562e-01
1400,layers.3.v_lut.log_soft_score_temp,7.767197e-01,2.253079e-02,2.900763e-02
1400,layers.3.v_lut.log_select_temp,7.895077e-01,2.785832e-02,3.528568e-02
1400,layers.3.out_proj.weights,6.466122e+01,3.597168e+01,5.563100e-01
1400,layers.3.out_proj.log_soft_score_temp,6.947209e-01,8.130431e-03,1.170316e-02
1400,layers.3.out_proj.log_select_temp,7.234338e-01,2.125347e-02,2.937859e-02
1400,layers.3.residual_lut.weights,3.938588e+01,2.141991e+01,5.438475e-01
1400,layers.3.residual_lut.log_soft_score_temp,6.502827e-01,4.937887e-03,7.593447e-03
1400,layers.3.residual_lut.log_select_temp,6.872872e-01,6.191194e-03,9.008162e-03
1400,layers.3.q_norm.weight,8.255442e+00,9.704725e-02,1.175555e-02
1400,layers.3.q_norm.bias,1.287238e-01,3.976247e-02,3.088976e-01
1400,layers.3.k_norm.weight,8.242821e+00,9.092017e-02,1.103023e-02
1400,layers.3.k_norm.bias,2.052263e-01,6.088962e-02,2.966949e-01
1400,layers.4.qk_lut.weights,3.087664e+01,1.590400e+01,5.150819e-01
1400,layers.4.qk_lut.log_soft_score_temp,6.882400e-01,9.480655e-03,1.377522e-02
1400,layers.4.qk_lut.log_select_temp,7.318839e-01,5.703509e-03,7.792915e-03
1400,layers.4.v_lut.weights,2.940769e+01,1.478856e+01,5.028806e-01
1400,layers.4.v_lut.log_soft_score_temp,7.685921e-01,2.469158e-02,3.212573e-02
1400,layers.4.v_lut.log_select_temp,7.782523e-01,2.819484e-02,3.622841e-02
1400,layers.4.out_proj.weights,6.788003e+01,3.706481e+01,5.460341e-01
1400,layers.4.out_proj.log_soft_score_temp,7.087885e-01,3.155410e-03,4.451836e-03
1400,layers.4.out_proj.log_select_temp,7.272532e-01,1.141679e-02,1.569851e-02
1400,layers.4.residual_lut.weights,3.864405e+01,2.144577e+01,5.549565e-01
1400,layers.4.residual_lut.log_soft_score_temp,6.404706e-01,8.215368e-03,1.282708e-02
1400,layers.4.residual_lut.log_select_temp,6.758093e-01,3.616273e-03,5.351027e-03
1400,layers.4.q_norm.weight,8.210850e+00,7.137138e-02,8.692325e-03
1400,layers.4.q_norm.bias,1.658992e-01,4.402148e-02,2.653508e-01
1400,layers.4.k_norm.weight,8.197906e+00,6.781442e-02,8.272165e-03
1400,layers.4.k_norm.bias,2.503283e-01,6.963646e-02,2.781805e-01
1400,layers.5.qk_lut.weights,3.077018e+01,1.590513e+01,5.169008e-01
1400,layers.5.qk_lut.log_soft_score_temp,7.060766e-01,1.832843e-04,2.595813e-04
1400,layers.5.qk_lut.log_select_temp,7.325993e-01,1.097029e-02,1.497448e-02
1400,layers.5.v_lut.weights,2.924365e+01,1.431748e+01,4.895926e-01
1400,layers.5.v_lut.log_soft_score_temp,7.188838e-01,8.862078e-03,1.232755e-02
1400,layers.5.v_lut.log_select_temp,7.257314e-01,1.151025e-02,1.586021e-02
1400,layers.5.out_proj.weights,8.898923e+01,3.967556e+01,4.458468e-01
1400,layers.5.out_proj.log_soft_score_temp,6.995187e-01,5.746782e-03,8.215337e-03
1400,layers.5.out_proj.log_select_temp,7.080529e-01,1.021773e-02,1.443074e-02
1400,layers.5.residual_lut.weights,4.719244e+01,2.207752e+01,4.678190e-01
1400,layers.5.residual_lut.log_soft_score_temp,6.478753e-01,1.060653e-02,1.637125e-02
1400,layers.5.residual_lut.log_select_temp,6.691569e-01,1.699805e-03,2.540219e-03
1400,layers.5.q_norm.weight,8.109264e+00,4.369364e-02,5.388114e-03
1400,layers.5.q_norm.bias,7.674563e-02,2.325604e-02,3.030276e-01
1400,layers.5.k_norm.weight,8.102616e+00,4.435699e-02,5.474403e-03
1400,layers.5.k_norm.bias,1.115024e-01,3.626657e-02,3.252536e-01
1400,ln_final.weight,2.267733e+01,7.599851e-01,3.351299e-02
1400,ln_final.bias,1.117777e+00,9.421410e-02,8.428703e-02
1600,tok_emb_E.weight,1.459917e+02,7.514002e+00,5.146869e-02
1600,emb_resid_lut.weights,7.243102e+01,2.484224e+01,3.429779e-01
1600,emb_resid_lut.log_soft_score_temp,9.097022e-01,4.942620e-02,5.433228e-02
1600,emb_resid_lut.log_select_temp,9.093312e-01,4.955822e-02,5.449964e-02
1600,unembedder.weight,1.406256e+02,1.785164e+01,1.269444e-01
1600,layers.0.qk_lut.weights,3.767506e+01,1.640232e+01,4.353627e-01
1600,layers.0.qk_lut.log_soft_score_temp,8.161020e-01,2.225065e-02,2.726455e-02
1600,layers.0.qk_lut.log_select_temp,7.979898e-01,1.895124e-02,2.374872e-02
1600,layers.0.v_lut.weights,3.594463e+01,1.519367e+01,4.226964e-01
1600,layers.0.v_lut.log_soft_score_temp,8.853061e-01,4.133689e-02,4.669220e-02
1600,layers.0.v_lut.log_select_temp,8.839233e-01,4.218143e-02,4.772069e-02
1600,layers.0.out_proj.weights,7.620361e+01,3.833847e+01,5.031057e-01
1600,layers.0.out_proj.log_soft_score_temp,8.020946e-01,1.599211e-02,1.993793e-02
1600,layers.0.out_proj.log_select_temp,8.670949e-01,3.018183e-02,3.480798e-02
1600,layers.0.residual_lut.weights,4.991149e+01,2.465482e+01,4.939708e-01
1600,layers.0.residual_lut.log_soft_score_temp,6.441755e-01,1.677883e-02,2.604698e-02
1600,layers.0.residual_lut.log_select_temp,6.891686e-01,6.350935e-03,9.215357e-03
1600,layers.0.q_norm.weight,8.633161e+00,7.291414e-02,8.445822e-03
1600,layers.0.q_norm.bias,4.066842e-01,4.228127e-02,1.039659e-01
1600,layers.0.k_norm.weight,8.602159e+00,6.845553e-02,7.957948e-03
1600,layers.0.k_norm.bias,5.378349e-01,6.742054e-02,1.253555e-01
1600,layers.1.qk_lut.weights,3.729586e+01,1.769177e+01,4.743628e-01
1600,layers.1.qk_lut.log_soft_score_temp,6.216982e-01,2.623653e-02,4.220140e-02
1600,layers.1.qk_lut.log_select_temp,7.422612e-01,5.701125e-03,7.680752e-03
1600,layers.1.v_lut.weights,3.481381e+01,1.636451e+01,4.700581e-01
1600,layers.1.v_lut.log_soft_score_temp,7.982910e-01,1.247752e-02,1.563029e-02
1600,layers.1.v_lut.log_select_temp,8.406290e-01,2.977633e-02,3.542149e-02
1600,layers.1.out_proj.weights,7.687607e+01,4.007017e+01,5.212308e-01
1600,layers.1.out_proj.log_soft_score_temp,7.041590e-01,2.447522e-02,3.475808e-02
1600,layers.1.out_proj.log_select_temp,7.947816e-01,1.339382e-02,1.685220e-02
1600,layers.1.residual_lut.weights,4.903683e+01,2.479940e+01,5.057301e-01
1600,layers.1.residual_lut.log_soft_score_temp,6.404335e-01,9.409130e-03,1.469181e-02
1600,layers.1.residual_lut.log_select_temp,6.840240e-01,1.690388e-03,2.471240e-03
1600,layers.1.q_norm.weight,8.496419e+00,9.530687e-02,1.121730e-02
1600,layers.1.q_norm.bias,2.939898e-01,4.822990e-02,1.640529e-01
1600,layers.1.k_norm.weight,8.479566e+00,9.367497e-02,1.104714e-02
1600,layers.1.k_norm.bias,4.422118e-01,6.938907e-02,1.569136e-01
1600,layers.2.qk_lut.weights,3.766338e+01,1.812839e+01,4.813266e-01
1600,layers.2.qk_lut.log_soft_score_temp,6.287463e-01,2.540487e-02,4.040560e-02
1600,layers.2.qk_lut.log_select_temp,7.107069e-01,1.687407e-03,2.374266e-03
1600,layers.2.v_lut.weights,3.557924e+01,1.707309e+01,4.798609e-01
1600,layers.2.v_lut.log_soft_score_temp,7.672339e-01,1.109761e-02,1.446444e-02
1600,layers.2.v_lut.log_select_temp,8.295110e-01,2.409333e-02,2.904522e-02
1600,layers.2.out_proj.weights,7.899342e+01,4.084716e+01,5.170958e-01
1600,layers.2.out_proj.log_soft_score_temp,7.488444e-01,7.880390e-03,1.052340e-02
1600,layers.2.out_proj.log_select_temp,8.074843e-01,2.204096e-02,2.729584e-02
1600,layers.2.residual_lut.weights,4.890871e+01,2.475733e+01,5.061947e-01
1600,layers.2.residual_lut.log_soft_score_temp,6.554580e-01,6.101429e-03,9.308651e-03
1600,layers.2.residual_lut.log_select_temp,7.019508e-01,6.468832e-03,9.215506e-03
1600,layers.2.q_norm.weight,8.443713e+00,9.558038e-02,1.131971e-02
1600,layers.2.q_norm.bias,2.847829e-01,5.496621e-02,1.930109e-01
1600,layers.2.k_norm.weight,8.429958e+00,9.340754e-02,1.108043e-02
1600,layers.2.k_norm.bias,4.687162e-01,9.082764e-02,1.937796e-01
1600,layers.3.qk_lut.weights,3.719253e+01,1.808858e+01,4.863497e-01
1600,layers.3.qk_lut.log_soft_score_temp,6.949854e-01,1.582485e-02,2.277005e-02
1600,layers.3.qk_lut.log_select_temp,7.706593e-01,1.101744e-02,1.429612e-02
1600,layers.3.v_lut.weights,3.491149e+01,1.639979e+01,4.697532e-01
1600,layers.3.v_lut.log_soft_score_temp,7.980618e-01,2.134210e-02,2.674241e-02
1600,layers.3.v_lut.log_select_temp,8.184622e-01,2.895451e-02,3.537672e-02
1600,layers.3.out_proj.weights,7.904301e+01,4.154428e+01,5.255908e-01
1600,layers.3.out_proj.log_soft_score_temp,6.948791e-01,1.581311e-04,2.275664e-04
1600,layers.3.out_proj.log_select_temp,7.458473e-01,2.241355e-02,3.005113e-02
1600,layers.3.residual_lut.weights,4.836733e+01,2.494337e+01,5.157069e-01
1600,layers.3.residual_lut.log_soft_score_temp,6.438997e-01,6.383002e-03,9.913038e-03
1600,layers.3.residual_lut.log_select_temp,6.946477e-01,7.360578e-03,1.059613e-02
1600,layers.3.q_norm.weight,8.345920e+00,9.669659e-02,1.158609e-02
1600,layers.3.q_norm.bias,1.680311e-01,4.052719e-02,2.411886e-01
1600,layers.3.k_norm.weight,8.330687e+00,9.489878e-02,1.139147e-02
1600,layers.3.k_norm.bias,2.654648e-01,6.372121e-02,2.400364e-01
1600,layers.4.qk_lut.weights,3.781931e+01,1.829037e+01,4.836251e-01
1600,layers.4.qk_lut.log_soft_score_temp,6.727494e-01,1.549059e-02,2.302580e-02
1600,layers.4.qk_lut.log_select_temp,7.372196e-01,5.335748e-03,7.237664e-03
1600,layers.4.v_lut.weights,3.607530e+01,1.731980e+01,4.801014e-01
1600,layers.4.v_lut.log_soft_score_temp,7.961379e-01,2.754581e-02,3.459929e-02
1600,layers.4.v_lut.log_select_temp,8.117480e-01,3.349572e-02,4.126370e-02
1600,layers.4.out_proj.weights,8.261959e+01,4.282750e+01,5.183698e-01
1600,layers.4.out_proj.log_soft_score_temp,7.114233e-01,2.634883e-03,3.703678e-03
1600,layers.4.out_proj.log_select_temp,7.432398e-01,1.598656e-02,2.150929e-02
1600,layers.4.residual_lut.weights,4.737540e+01,2.500633e+01,5.278337e-01
1600,layers.4.residual_lut.log_soft_score_temp,6.308914e-01,9.579122e-03,1.518347e-02
1600,layers.4.residual_lut.log_select_temp,6.812536e-01,5.444348e-03,7.991661e-03
1600,layers.4.q_norm.weight,8.274649e+00,7.551023e-02,9.125491e-03
1600,layers.4.q_norm.bias,2.126229e-01,4.761254e-02,2.239295e-01
1600,layers.4.k_norm.weight,8.258366e+00,7.126258e-02,8.629138e-03
1600,layers.4.k_norm.bias,3.253135e-01,7.655582e-02,2.353294e-01
1600,layers.5.qk_lut.weights,3.772828e+01,1.841504e+01,4.880965e-01
1600,layers.5.qk_lut.log_soft_score_temp,7.022766e-01,3.799975e-03,5.410937e-03
1600,layers.5.qk_lut.log_select_temp,7.422376e-01,9.638250e-03,1.298540e-02
1600,layers.5.v_lut.weights,3.595530e+01,1.684870e+01,4.686014e-01
1600,layers.5.v_lut.log_soft_score_temp,7.303199e-01,1.143616e-02,1.565912e-02
1600,layers.5.v_lut.log_select_temp,7.401484e-01,1.441705e-02,1.947860e-02
1600,layers.5.out_proj.weights,1.024327e+02,4.546254e+01,4.438285e-01
1600,layers.5.out_proj.log_soft_score_temp,7.072218e-01,7.703125e-03,1.089209e-02
1600,layers.5.out_proj.log_select_temp,7.238747e-01,1.582181e-02,2.185712e-02
1600,layers.5.residual_lut.weights,5.435338e+01,2.562188e+01,4.713943e-01
1600,layers.5.residual_lut.log_soft_score_temp,6.354708e-01,1.240450e-02,1.952018e-02
1600,layers.5.residual_lut.log_select_temp,6.698320e-01,6.750822e-04,1.007838e-03
1600,layers.5.q_norm.weight,8.155329e+00,5.565985e-02,6.824966e-03
1600,layers.5.q_norm.bias,1.040692e-01,2.806024e-02,2.696305e-01
1600,layers.5.k_norm.weight,8.146123e+00,5.377203e-02,6.600935e-03
1600,layers.5.k_norm.bias,1.513350e-01,4.229816e-02,2.795002e-01
1600,ln_final.weight,2.352702e+01,8.587737e-01,3.650159e-02
1600,ln_final.bias,1.186108e+00,8.963834e-02,7.557351e-02
1800,tok_emb_E.weight,1.463533e+02,7.899552e+00,5.397591e-02
1800,emb_resid_lut.weights,8.426373e+01,2.597633e+01,3.082742e-01
1800,emb_resid_lut.log_soft_score_temp,9.615458e-01,5.184364e-02,5.391698e-02
1800,emb_resid_lut.log_select_temp,9.616898e-01,5.235863e-02,5.444440e-02
1800,unembedder.weight,1.456289e+02,1.737446e+01,1.193064e-01
1800,layers.0.qk_lut.weights,4.435579e+01,1.748146e+01,3.941190e-01
1800,layers.0.qk_lut.log_soft_score_temp,8.397603e-01,2.365834e-02,2.817272e-02
1800,layers.0.qk_lut.log_select_temp,8.188082e-01,2.081841e-02,2.542526e-02
1800,layers.0.v_lut.weights,4.219348e+01,1.658402e+01,3.930469e-01
1800,layers.0.v_lut.log_soft_score_temp,9.174260e-01,3.211993e-02,3.501092e-02
1800,layers.0.v_lut.log_select_temp,9.218237e-01,3.790039e-02,4.111457e-02
1800,layers.0.out_proj.weights,8.931657e+01,4.085022e+01,4.573644e-01
1800,layers.0.out_proj.log_soft_score_temp,7.547437e-01,4.735094e-02,6.273778e-02
1800,layers.0.out_proj.log_select_temp,8.681875e-01,1.092613e-03,1.258499e-03
1800,layers.0.residual_lut.weights,5.825368e+01,2.621832e+01,4.500716e-01
1800,layers.0.residual_lut.log_soft_score_temp,6.229434e-01,2.123213e-02,3.408356e-02
1800,layers.0.residual_lut.log_select_temp,6.797343e-01,9.434223e-03,1.387928e-02
1800,layers.0.q_norm.weight,8.682722e+00,5.524491e-02,6.362625e-03
1800,layers.0.q_norm.bias,4.381161e-01,3.333712e-02,7.609198e-02
1800,layers.0.k_norm.weight,8.648005e+00,5.180350e-02,5.990225e-03
1800,layers.0.k_norm.bias,5.823401e-01,5.150010e-02,8.843647e-02
1800,layers.1.qk_lut.weights,4.393361e+01,1.883298e+01,4.286690e-01
1800,layers.1.qk_lut.log_soft_score_temp,5.972430e-01,2.445519e-02,4.094680e-02
1800,layers.1.qk_lut.log_select_temp,7.481365e-01,5.875230e-03,7.853153e-03
1800,layers.1.v_lut.weights,4.095530e+01,1.766654e+01,4.313616e-01
1800,layers.1.v_lut.log_soft_score_temp,7.959795e-01,2.311528e-03,2.904004e-03
1800,layers.1.v_lut.log_select_temp,8.627657e-01,2.213675e-02,2.565789e-02
1800,layers.1.out_proj.weights,9.015467e+01,4.267396e+01,4.733416e-01
1800,layers.1.out_proj.log_soft_score_temp,6.661736e-01,3.798538e-02,5.702025e-02
1800,layers.1.out_proj.log_select_temp,7.934862e-01,1.295388e-03,1.632527e-03
1800,layers.1.residual_lut.weights,5.763039e+01,2.648186e+01,4.595121e-01
1800,layers.1.residual_lut.log_soft_score_temp,6.287974e-01,1.163614e-02,1.850538e-02
1800,layers.1.residual_lut.log_select_temp,6.852896e-01,1.265645e-03,1.846876e-03
1800,layers.1.q_norm.weight,8.577884e+00,8.595274e-02,1.002027e-02
1800,layers.1.q_norm.bias,3.336239e-01,4.109053e-02,1.231642e-01
1800,layers.1.k_norm.weight,8.557890e+00,8.491488e-02,9.922408e-03
1800,layers.1.k_norm.bias,4.978753e-01,5.923000e-02,1.189655e-01
1800,layers.2.qk_lut.weights,4.434441e+01,1.935723e+01,4.365201e-01
1800,layers.2.qk_lut.log_soft_score_temp,6.026071e-01,2.613914e-02,4.337675e-02
1800,layers.2.qk_lut.log_select_temp,7.101724e-01,5.345941e-04,7.527666e-04
1800,layers.2.v_lut.weights,4.174339e+01,1.839884e+01,4.407606e-01
1800,layers.2.v_lut.log_soft_score_temp,7.394738e-01,2.776015e-02,3.754041e-02
1800,layers.2.v_lut.log_select_temp,8.450690e-01,1.555794e-02,1.841027e-02
1800,layers.2.out_proj.weights,9.251049e+01,4.327946e+01,4.678330e-01
1800,layers.2.out_proj.log_soft_score_temp,7.183705e-01,3.047395e-02,4.242093e-02
1800,layers.2.out_proj.log_select_temp,8.187563e-01,1.127201e-02,1.376724e-02
1800,layers.2.residual_lut.weights,5.748664e+01,2.645124e+01,4.601286e-01
1800,layers.2.residual_lut.log_soft_score_temp,6.466535e-01,8.804440e-03,1.361539e-02
1800,layers.2.residual_lut.log_select_temp,7.082148e-01,6.263912e-03,8.844650e-03
1800,layers.2.q_norm.weight,8.519070e+00,8.330696e-02,9.778880e-03
1800,layers.2.q_norm.bias,3.309106e-01,4.752148e-02,1.436082e-01
1800,layers.2.k_norm.weight,8.502945e+00,8.101203e-02,9.527526e-03
1800,layers.2.k_norm.bias,5.484875e-01,8.269449e-02,1.507682e-01
1800,layers.3.qk_lut.weights,4.376316e+01,1.932524e+01,4.415869e-01
1800,layers.3.qk_lut.log_soft_score_temp,6.733894e-01,2.159601e-02,3.207062e-02
1800,layers.3.qk_lut.log_select_temp,7.779956e-01,7.336259e-03,9.429692e-03
1800,layers.3.v_lut.weights,4.129202e+01,1.777307e+01,4.304237e-01
1800,layers.3.v_lut.log_soft_score_temp,8.180111e-01,1.994932e-02,2.438759e-02
1800,layers.3.v_lut.log_select_temp,8.480867e-01,2.962452e-02,3.493101e-02
1800,layers.3.out_proj.weights,9.298786e+01,4.414185e+01,4.747055e-01
1800,layers.3.out_proj.log_soft_score_temp,6.896964e-01,5.182683e-03,7.514442e-03
1800,layers.3.out_proj.log_select_temp,7.715729e-01,2.572560e-02,3.334176e-02
1800,layers.3.residual_lut.weights,5.709994e+01,2.664156e+01,4.665777e-01
1800,layers.3.residual_lut.log_soft_score_temp,6.366969e-01,7.202744e-03,1.131267e-02
1800,layers.3.residual_lut.log_select_temp,7.032961e-01,8.648336e-03,1.229686e-02
1800,layers.3.q_norm.weight,8.443491e+00,1.015165e-01,1.202305e-02
1800,layers.3.q_norm.bias,2.077723e-01,4.133524e-02,1.989448e-01
1800,layers.3.k_norm.weight,8.425483e+00,9.907594e-02,1.175908e-02
1800,layers.3.k_norm.bias,3.205296e-01,5.863203e-02,1.829223e-01
1800,layers.4.qk_lut.weights,4.449602e+01,1.957743e+01,4.399815e-01
1800,layers.4.qk_lut.log_soft_score_temp,6.553819e-01,1.736754e-02,2.649988e-02
1800,layers.4.qk_lut.log_select_temp,7.414414e-01,4.221737e-03,5.693960e-03
1800,layers.4.v_lut.weights,4.244555e+01,1.858445e+01,4.378420e-01
1800,layers.4.v_lut.log_soft_score_temp,8.174439e-01,2.130598e-02,2.606415e-02
1800,layers.4.v_lut.log_select_temp,8.438209e-01,3.207284e-02,3.800906e-02
1800,layers.4.out_proj.weights,9.673020e+01,4.535487e+01,4.688801e-01
1800,layers.4.out_proj.log_soft_score_temp,7.064252e-01,4.998147e-03,7.075268e-03
1800,layers.4.out_proj.log_select_temp,7.576756e-01,1.443589e-02,1.905286e-02
1800,layers.4.residual_lut.weights,5.586257e+01,2.676164e+01,4.790621e-01
1800,layers.4.residual_lut.log_soft_score_temp,6.203041e-01,1.058733e-02,1.706797e-02
1800,layers.4.residual_lut.log_select_temp,6.888047e-01,7.551074e-03,1.096258e-02
1800,layers.4.q_norm.weight,8.338667e+00,7.469139e-02,8.957234e-03
1800,layers.4.q_norm.bias,2.577287e-01,4.607030e-02,1.787550e-01
1800,layers.4.k_norm.weight,8.318582e+00,7.136630e-02,8.579142e-03
1800,layers.4.k_norm.bias,3.946018e-01,7.198174e-02,1.824161e-01
1800,layers.5.qk_lut.weights,4.438096e+01,1.968320e+01,4.435056e-01
1800,layers.5.qk_lut.log_soft_score_temp,6.946318e-01,7.644832e-03,1.100559e-02
1800,layers.5.qk_lut.log_select_temp,7.495925e-01,7.354975e-03,9.811964e-03
1800,layers.5.v_lut.weights,4.245106e+01,1.821819e+01,4.291575e-01
1800,layers.5.v_lut.log_soft_score_temp,7.425545e-01,1.223463e-02,1.647640e-02
1800,layers.5.v_lut.log_select_temp,7.565391e-01,1.639068e-02,2.166535e-02
1800,layers.5.out_proj.weights,1.156434e+02,4.789371e+01,4.141498e-01
1800,layers.5.out_proj.log_soft_score_temp,7.128301e-01,5.608261e-03,7.867598e-03
1800,layers.5.out_proj.log_select_temp,7.408698e-01,1.699507e-02,2.293935e-02
1800,layers.5.residual_lut.weights,6.171056e+01,2.734657e+01,4.431425e-01
1800,layers.5.residual_lut.log_soft_score_temp,6.209074e-01,1.456338e-02,2.345500e-02
1800,layers.5.residual_lut.log_select_temp,6.731672e-01,3.335238e-03,4.954545e-03
1800,layers.5.q_norm.weight,8.201145e+00,5.359749e-02,6.535366e-03
1800,layers.5.q_norm.bias,1.311773e-01,2.884303e-02,2.198783e-01
1800,layers.5.k_norm.weight,8.190845e+00,5.352403e-02,6.534617e-03
1800,layers.5.k_norm.bias,1.935683e-01,4.728575e-02,2.442846e-01
1800,ln_final.weight,2.442287e+01,9.052361e-01,3.706510e-02
1800,ln_final.bias,1.242307e+00,8.984321e-02,7.231968e-02
2000,tok_emb_E.weight,1.467074e+02,7.857842e+00,5.356133e-02
2000,emb_resid_lut.weights,9.451487e+01,2.589842e+01,2.740142e-01
2000,emb_resid_lut.log_soft_score_temp,1.014652e+00,5.310631e-02,5.233942e-02
2000,emb_resid_lut.log_select_temp,1.015521e+00,5.383098e-02,5.300825e-02
2000,unembedder.weight,1.498839e+02,1.665768e+01,1.111373e-01
2000,layers.0.qk_lut.weights,5.022289e+01,1.755397e+01,3.495213e-01
2000,layers.0.qk_lut.log_soft_score_temp,8.558589e-01,1.609856e-02,1.880983e-02
2000,layers.0.qk_lut.log_select_temp,8.338088e-01,1.500058e-02,1.799043e-02
2000,layers.0.v_lut.weights,4.769552e+01,1.695897e+01,3.555673e-01
2000,layers.0.v_lut.log_soft_score_temp,9.304056e-01,1.297951e-02,1.395038e-02
2000,layers.0.v_lut.log_select_temp,9.494864e-01,2.766275e-02,2.913444e-02
2000,layers.0.out_proj.weights,1.006793e+02,4.095412e+01,4.067779e-01
2000,layers.0.out_proj.log_soft_score_temp,7.001987e-01,5.454499e-02,7.789929e-02
2000,layers.0.out_proj.log_select_temp,8.431772e-01,2.501029e-02,2.966196e-02
2000,layers.0.residual_lut.weights,6.562840e+01,2.658665e+01,4.051089e-01
2000,layers.0.residual_lut.log_soft_score_temp,5.964857e-01,2.645767e-02,4.435591e-02
2000,layers.0.residual_lut.log_select_temp,6.667407e-01,1.299369e-02,1.948838e-02
2000,layers.0.q_norm.weight,8.716075e+00,3.973595e-02,4.558927e-03
2000,layers.0.q_norm.bias,4.599299e-01,2.417212e-02,5.255609e-02
2000,layers.0.k_norm.weight,8.679806e+00,3.805106e-02,4.383861e-03
2000,layers.0.k_norm.bias,6.170281e-01,4.127270e-02,6.688950e-02
2000,layers.1.qk_lut.weights,4.974177e+01,1.891329e+01,3.802296e-01
2000,layers.1.qk_lut.log_soft_score_temp,5.708312e-01,2.641177e-02,4.626897e-02
2000,layers.1.qk_lut.log_select_temp,7.556970e-01,7.560492e-03,1.000466e-02
2000,layers.1.v_lut.weights,4.636001e+01,1.801043e+01,3.884907e-01
2000,layers.1.v_lut.log_soft_score_temp,7.780763e-01,1.790321e-02,2.300958e-02
2000,layers.1.v_lut.log_select_temp,8.772526e-01,1.448685e-02,1.651389e-02
2000,layers.1.out_proj.weights,1.017430e+02,4.279581e+01,4.206267e-01
2000,layers.1.out_proj.log_soft_score_temp,6.209305e-01,4.524308e-02,7.286336e-02
2000,layers.1.out_proj.log_select_temp,7.832449e-01,1.024127e-02,1.307544e-02
2000,layers.1.residual_lut.weights,6.527876e+01,2.694357e+01,4.127464e-01
2000,layers.1.residual_lut.log_soft_score_temp,6.148131e-01,1.398432e-02,2.274565e-02
2000,layers.1.residual_lut.log_select_temp,6.867484e-01,1.458764e-03,2.124161e-03
2000,layers.1.q_norm.weight,8.645766e+00,7.231383e-02,8.364074e-03
2000,layers.1.q_norm.bias,3.626397e-01,3.084163e-02,8.504759e-02
2000,layers.1.k_norm.weight,8.623249e+00,7.160157e-02,8.303317e-03
2000,layers.1.k_norm.bias,5.399798e-01,4.601200e-02,8.521058e-02
2000,layers.2.qk_lut.weights,5.018824e+01,1.942543e+01,3.870514e-01
2000,layers.2.qk_lut.log_soft_score_temp,5.764185e-01,2.618867e-02,4.543344e-02
2000,layers.2.qk_lut.log_select_temp,7.106063e-01,4.339218e-04,6.106361e-04
2000,layers.2.v_lut.weights,4.712603e+01,1.864215e+01,3.955806e-01
2000,layers.2.v_lut.log_soft_score_temp,7.017832e-01,3.769052e-02,5.370678e-02
2000,layers.2.v_lut.log_select_temp,8.529497e-01,7.880747e-03,9.239404e-03
2000,layers.2.out_proj.weights,1.044156e+02,4.348326e+01,4.164440e-01
2000,layers.2.out_proj.log_soft_score_temp,6.765881e-01,4.178238e-02,6.175453e-02
2000,layers.2.out_proj.log_select_temp,8.214782e-01,2.721906e-03,3.313424e-03
2000,layers.2.residual_lut.weights,6.507560e+01,2.691059e+01,4.135281e-01
2000,layers.2.residual_lut.log_soft_score_temp,6.337326e-01,1.292092e-02,2.038859e-02
2000,layers.2.residual_lut.log_select_temp,7.142280e-01,6.013274e-03,8.419264e-03
2000,layers.2.q_norm.weight,8.584181e+00,7.205819e-02,8.394300e-03
2000,layers.2.q_norm.bias,3.714739e-01,4.154627e-02,1.118417e-01
2000,layers.2.k_norm.weight,8.565270e+00,6.932372e-02,8.093582e-03
2000,layers.2.k_norm.bias,6.140107e-01,6.878535e-02,1.120263e-01
2000,layers.3.qk_lut.weights,4.953757e+01,1.952718e+01,3.941893e-01
2000,layers.3.qk_lut.log_soft_score_temp,6.458372e-01,2.755213e-02,4.266110e-02
2000,layers.3.qk_lut.log_select_temp,7.809074e-01,2.911806e-03,3.728747e-03
2000,layers.3.v_lut.weights,4.689976e+01,1.827131e+01,3.895822e-01
2000,layers.3.v_lut.log_soft_score_temp,8.329874e-01,1.497632e-02,1.797905e-02
2000,layers.3.v_lut.log_select_temp,8.751304e-01,2.704364e-02,3.090241e-02
2000,layers.3.out_proj.weights,1.052772e+02,4.414157e+01,4.192891e-01
2000,layers.3.out_proj.log_soft_score_temp,6.750872e-01,1.460922e-02,2.164049e-02
2000,layers.3.out_proj.log_select_temp,7.954821e-01,2.390915e-02,3.005618e-02
2000,layers.3.residual_lut.weights,6.488727e+01,2.714428e+01,4.183299e-01
2000,layers.3.residual_lut.log_soft_score_temp,6.273687e-01,9.328246e-03,1.486884e-02
2000,layers.3.residual_lut.log_select_temp,7.126861e-01,9.389997e-03,1.317550e-02
2000,layers.3.q_norm.weight,8.539338e+00,1.007220e-01,1.179506e-02
2000,layers.3.q_norm.bias,2.431547e-01,3.832104e-02,1.575994e-01
2000,layers.3.k_norm.weight,8.518641e+00,9.969661e-02,1.170335e-02
2000,layers.3.k_norm.bias,3.710271e-01,5.855429e-02,1.578167e-01
2000,layers.4.qk_lut.weights,5.033870e+01,1.970344e+01,3.914174e-01
2000,layers.4.qk_lut.log_soft_score_temp,6.363811e-01,1.900071e-02,2.985744e-02
2000,layers.4.qk_lut.log_select_temp,7.445369e-01,3.095508e-03,4.157628e-03
2000,layers.4.v_lut.weights,4.812070e+01,1.904928e+01,3.958646e-01
2000,layers.4.v_lut.log_soft_score_temp,8.297114e-01,1.226747e-02,1.478523e-02
2000,layers.4.v_lut.log_select_temp,8.706497e-01,2.682883e-02,3.081472e-02
2000,layers.4.out_proj.weights,1.091088e+02,4.526302e+01,4.148429e-01
2000,layers.4.out_proj.log_soft_score_temp,6.939470e-01,1.247817e-02,1.798145e-02
2000,layers.4.out_proj.log_select_temp,7.697757e-01,1.210010e-02,1.571899e-02
2000,layers.4.residual_lut.weights,6.349352e+01,2.730635e+01,4.300651e-01
2000,layers.4.residual_lut.log_soft_score_temp,6.079195e-01,1.238459e-02,2.037209e-02
2000,layers.4.residual_lut.log_select_temp,6.978157e-01,9.011030e-03,1.291319e-02
2000,layers.4.q_norm.weight,8.394640e+00,6.474656e-02,7.712845e-03
2000,layers.4.q_norm.bias,2.955042e-01,3.885264e-02,1.314792e-01
2000,layers.4.k_norm.weight,8.372330e+00,6.193863e-02,7.398016e-03
2000,layers.4.k_norm.bias,4.563110e-01,6.347171e-02,1.390975e-01
2000,layers.5.qk_lut.weights,5.019230e+01,1.985037e+01,3.954864e-01
2000,layers.5.qk_lut.log_soft_score_temp,6.846331e-01,9.998679e-03,1.460443e-02
2000,layers.5.qk_lut.log_select_temp,7.533339e-01,3.741384e-03,4.966434e-03
2000,layers.5.v_lut.weights,4.822507e+01,1.871140e+01,3.880015e-01
2000,layers.5.v_lut.log_soft_score_temp,7.538905e-01,1.133591e-02,1.503655e-02
2000,layers.5.v_lut.log_select_temp,7.741354e-01,1.759630e-02,2.273027e-02
2000,layers.5.out_proj.weights,1.274870e+02,4.736521e+01,3.715298e-01
2000,layers.5.out_proj.log_soft_score_temp,7.201746e-01,7.344544e-03,1.019828e-02
2000,layers.5.out_proj.log_select_temp,7.619002e-01,2.103049e-02,2.760268e-02
2000,layers.5.residual_lut.weights,6.859899e+01,2.784810e+01,4.059549e-01
2000,layers.5.residual_lut.log_soft_score_temp,6.055324e-01,1.537502e-02,2.539091e-02
2000,layers.5.residual_lut.log_select_temp,6.807308e-01,7.563591e-03,1.111099e-02
2000,layers.5.q_norm.weight,8.253037e+00,5.765156e-02,6.985497e-03
2000,layers.5.q_norm.bias,1.534447e-01,2.449253e-02,1.596179e-01
2000,layers.5.k_norm.weight,8.238844e+00,5.800457e-02,7.040378e-03
2000,layers.5.k_norm.bias,2.291832e-01,4.041631e-02,1.763493e-01
2000,ln_final.weight,2.533185e+01,9.146704e-01,3.610753e-02
2000,ln_final.bias,1.299373e+00,9.743997e-02,7.498998e-02
2200,tok_emb_E.weight,1.470534e+02,7.813310e+00,5.313248e-02
2200,emb_resid_lut.weights,1.034626e+02,2.552253e+01,2.466837e-01
2200,emb_resid_lut.log_soft_score_temp,1.066044e+00,5.139148e-02,4.820767e-02
2200,emb_resid_lut.log_select_temp,1.068504e+00,5.298293e-02,4.958609e-02
2200,unembedder.weight,1.537059e+02,1.647748e+01,1.072014e-01
2200,layers.0.qk_lut.weights,5.546542e+01,1.753975e+01,3.162285e-01
2200,layers.0.qk_lut.log_soft_score_temp,8.735414e-01,1.768249e-02,2.024231e-02
2200,layers.0.qk_lut.log_select_temp,8.501688e-01,1.636004e-02,1.924329e-02
2200,layers.0.v_lut.weights,5.261647e+01,1.710942e+01,3.251724e-01
2200,layers.0.v_lut.log_soft_score_temp,9.274359e-01,2.969682e-03,3.202035e-03
2200,layers.0.v_lut.log_select_temp,9.686068e-01,1.912034e-02,1.974004e-02
2200,layers.0.out_proj.weights,1.108241e+02,4.080619e+01,3.682069e-01
2200,layers.0.out_proj.log_soft_score_temp,6.459076e-01,5.429113e-02,8.405402e-02
2200,layers.0.out_proj.log_select_temp,8.182283e-01,2.494889e-02,3.049136e-02
2200,layers.0.residual_lut.weights,7.223206e+01,2.653405e+01,3.673445e-01
2200,layers.0.residual_lut.log_soft_score_temp,5.707466e-01,2.573913e-02,4.509730e-02
2200,layers.0.residual_lut.log_select_temp,6.544861e-01,1.225454e-02,1.872391e-02
2200,layers.0.q_norm.weight,8.745057e+00,3.484279e-02,3.984283e-03
2200,layers.0.q_norm.bias,4.811960e-01,2.397917e-02,4.983245e-02
2200,layers.0.k_norm.weight,8.707284e+00,3.317209e-02,3.809694e-03
2200,layers.0.k_norm.bias,6.475624e-01,3.707993e-02,5.726077e-02
2200,layers.1.qk_lut.weights,5.491939e+01,1.891460e+01,3.444066e-01
2200,layers.1.qk_lut.log_soft_score_temp,5.457156e-01,2.511567e-02,4.602337e-02
2200,layers.1.qk_lut.log_select_temp,7.611788e-01,5.481839e-03,7.201776e-03
2200,layers.1.v_lut.weights,5.118172e+01,1.811005e+01,3.538382e-01
2200,layers.1.v_lut.log_soft_score_temp,7.531806e-01,2.489573e-02,3.305413e-02
2200,layers.1.v_lut.log_select_temp,8.870029e-01,9.750307e-03,1.099242e-02
2200,layers.1.out_proj.weights,1.120209e+02,4.264453e+01,3.806838e-01
2200,layers.1.out_proj.log_soft_score_temp,5.718633e-01,4.906720e-02,8.580232e-02
2200,layers.1.out_proj.log_select_temp,7.680854e-01,1.515955e-02,1.973680e-02
2200,layers.1.residual_lut.weights,7.213073e+01,2.694118e+01,3.735048e-01
2200,layers.1.residual_lut.log_soft_score_temp,6.002854e-01,1.452774e-02,2.420139e-02
2200,layers.1.residual_lut.log_select_temp,6.889275e-01,2.179146e-03,3.163099e-03
2200,layers.1.q_norm.weight,8.713557e+00,7.422780e-02,8.518657e-03
2200,layers.1.q_norm.bias,3.927490e-01,3.232685e-02,8.230919e-02
2200,layers.1.k_norm.weight,8.689587e+00,7.443688e-02,8.566217e-03
2200,layers.1.k_norm.bias,5.799195e-01,4.492406e-02,7.746602e-02
2200,layers.2.qk_lut.weights,5.542223e+01,1.940262e+01,3.500873e-01
2200,layers.2.qk_lut.log_soft_score_temp,5.517331e-01,2.468532e-02,4.474142e-02
2200,layers.2.qk_lut.log_select_temp,7.120377e-01,1.431406e-03,2.010295e-03
2200,layers.2.v_lut.weights,5.188851e+01,1.868862e+01,3.601688e-01
2200,layers.2.v_lut.log_soft_score_temp,6.629015e-01,3.888178e-02,5.865393e-02
2200,layers.2.v_lut.log_select_temp,8.559245e-01,2.974749e-03,3.475480e-03
2200,layers.2.out_proj.weights,1.149510e+02,4.319337e+01,3.757545e-01
2200,layers.2.out_proj.log_soft_score_temp,6.301362e-01,4.645193e-02,7.371728e-02
2200,layers.2.out_proj.log_select_temp,8.158140e-01,5.664229e-03,6.943040e-03
2200,layers.2.residual_lut.weights,7.189799e+01,2.692344e+01,3.744671e-01
2200,layers.2.residual_lut.log_soft_score_temp,6.198968e-01,1.383585e-02,2.231960e-02
2200,layers.2.residual_lut.log_select_temp,7.225783e-01,8.350253e-03,1.155619e-02
2200,layers.2.q_norm.weight,8.639424e+00,6.227247e-02,7.207943e-03
2200,layers.2.q_norm.bias,4.070279e-01,3.640733e-02,8.944678e-02
2200,layers.2.k_norm.weight,8.618126e+00,5.994873e-02,6.956121e-03
2200,layers.2.k_norm.bias,6.682986e-01,5.762651e-02,8.622868e-02
2200,layers.3.qk_lut.weights,5.466502e+01,1.953130e+01,3.572907e-01
2200,layers.3.qk_lut.log_soft_score_temp,6.185803e-01,2.725697e-02,4.406375e-02
2200,layers.3.qk_lut.log_select_temp,7.844140e-01,3.506601e-03,4.470345e-03
2200,layers.3.v_lut.weights,5.189801e+01,1.826474e+01,3.519352e-01
2200,layers.3.v_lut.log_soft_score_temp,8.426515e-01,9.664118e-03,1.146870e-02
2200,layers.3.v_lut.log_select_temp,8.995773e-01,2.444690e-02,2.717599e-02
2200,layers.3.out_proj.weights,1.164052e+02,4.408871e+01,3.787522e-01
2200,layers.3.out_proj.log_soft_score_temp,6.538602e-01,2.122700e-02,3.246413e-02
2200,layers.3.out_proj.log_select_temp,8.167218e-01,2.123970e-02,2.600604e-02
2200,layers.3.residual_lut.weights,7.196411e+01,2.719178e+01,3.778519e-01
2200,layers.3.residual_lut.log_soft_score_temp,6.188467e-01,8.521974e-03,1.377073e-02
2200,layers.3.residual_lut.log_select_temp,7.244477e-01,1.176161e-02,1.623527e-02
2200,layers.3.q_norm.weight,8.633337e+00,1.016585e-01,1.177511e-02
2200,layers.3.q_norm.bias,2.746878e-01,3.504375e-02,1.275767e-01
2200,layers.3.k_norm.weight,8.609613e+00,9.922355e-02,1.152474e-02
2200,layers.3.k_norm.bias,4.164435e-01,5.154562e-02,1.237758e-01
2200,layers.4.qk_lut.weights,5.556174e+01,1.967042e+01,3.540281e-01
2200,layers.4.qk_lut.log_soft_score_temp,6.150050e-01,2.137613e-02,3.475766e-02
2200,layers.4.qk_lut.log_select_temp,7.460705e-01,1.533628e-03,2.055607e-03
2200,layers.4.v_lut.weights,5.314327e+01,1.910060e+01,3.594171e-01
2200,layers.4.v_lut.log_soft_score_temp,8.337182e-01,4.006803e-03,4.805944e-03
2200,layers.4.v_lut.log_select_temp,8.945524e-01,2.390265e-02,2.672024e-02
2200,layers.4.out_proj.weights,1.199862e+02,4.472336e+01,3.727374e-01
2200,layers.4.out_proj.log_soft_score_temp,6.721433e-01,2.180368e-02,3.243903e-02
2200,layers.4.out_proj.log_select_temp,7.780246e-01,8.248866e-03,1.060232e-02
2200,layers.4.residual_lut.weights,7.035110e+01,2.732553e+01,3.884165e-01
2200,layers.4.residual_lut.log_soft_score_temp,5.963407e-01,1.157880e-02,1.941641e-02
2200,layers.4.residual_lut.log_select_temp,7.096316e-01,1.181591e-02,1.665076e-02
2200,layers.4.q_norm.weight,8.441678e+00,5.696953e-02,6.748602e-03
2200,layers.4.q_norm.bias,3.271584e-01,3.288236e-02,1.005090e-01
2200,layers.4.k_norm.weight,8.417594e+00,5.448083e-02,6.472257e-03
2200,layers.4.k_norm.bias,5.046440e-01,5.070195e-02,1.004707e-01
2200,layers.5.qk_lut.weights,5.536835e+01,1.965484e+01,3.549833e-01
2200,layers.5.qk_lut.log_soft_score_temp,6.750823e-01,9.550869e-03,1.414771e-02
2200,layers.5.qk_lut.log_select_temp,7.576044e-01,4.270494e-03,5.636839e-03
2200,layers.5.v_lut.weights,5.339759e+01,1.881518e+01,3.523600e-01
2200,layers.5.v_lut.log_soft_score_temp,7.626190e-01,8.728564e-03,1.144551e-02
2200,layers.5.v_lut.log_select_temp,7.906284e-01,1.649302e-02,2.086065e-02
2200,layers.5.out_proj.weights,1.382767e+02,4.690209e+01,3.391901e-01
2200,layers.5.out_proj.log_soft_score_temp,7.210373e-01,8.626580e-04,1.196413e-03
2200,layers.5.out_proj.log_select_temp,7.851936e-01,2.329338e-02,2.966577e-02
2200,layers.5.residual_lut.weights,7.499446e+01,2.785268e+01,3.713965e-01
2200,layers.5.residual_lut.log_soft_score_temp,5.913163e-01,1.421607e-02,2.404139e-02
2200,layers.5.residual_lut.log_select_temp,6.922101e-01,1.147932e-02,1.658357e-02
2200,layers.5.q_norm.weight,8.301450e+00,5.548760e-02,6.684085e-03
2200,layers.5.q_norm.bias,1.748461e-01,2.376895e-02,1.359421e-01
2200,layers.5.k_norm.weight,8.284495e+00,5.408855e-02,6.528889e-03
2200,layers.5.k_norm.bias,2.663390e-01,4.090748e-02,1.535918e-01
2200,ln_final.weight,2.621900e+01,8.924365e-01,3.403778e-02
2200,ln_final.bias,1.346926e+00,9.228908e-02,6.851827e-02
2400,tok_emb_E.weight,1.473928e+02,7.778573e+00,5.277444e-02
2400,emb_resid_lut.weights,1.114470e+02,2.527454e+01,2.267852e-01
2400,emb_resid_lut.log_soft_score_temp,1.114582e+00,4.853857e-02,4.354866e-02
2400,emb_resid_lut.log_select_temp,1.120011e+00,5.150771e-02,4.598856e-02
2400,unembedder.weight,1.570737e+02,1.622559e+01,1.032992e-01
2400,layers.0.qk_lut.weights,6.023164e+01,1.746003e+01,2.898814e-01
2400,layers.0.qk_lut.log_soft_score_temp,8.880709e-01,1.452959e-02,1.636084e-02
2400,layers.0.qk_lut.log_select_temp,8.641086e-01,1.393980e-02,1.613200e-02
2400,layers.0.v_lut.weights,5.708780e+01,1.719718e+01,3.012408e-01
2400,layers.0.v_lut.log_soft_score_temp,9.167767e-01,1.065916e-02,1.162678e-02
2400,layers.0.v_lut.log_select_temp,9.819758e-01,1.336902e-02,1.361441e-02
2400,layers.0.out_proj.weights,1.200135e+02,4.060952e+01,3.383746e-01
2400,layers.0.out_proj.log_soft_score_temp,5.919992e-01,5.390835e-02,9.106152e-02
2400,layers.0.out_proj.log_select_temp,7.934532e-01,2.477509e-02,3.122438e-02
2400,layers.0.residual_lut.weights,7.826673e+01,2.646332e+01,3.381171e-01
2400,layers.0.residual_lut.log_soft_score_temp,5.456390e-01,2.510756e-02,4.601497e-02
2400,layers.0.residual_lut.log_select_temp,6.432964e-01,1.118970e-02,1.739431e-02
2400,layers.0.q_norm.weight,8.775312e+00,3.672807e-02,4.185386e-03
2400,layers.0.q_norm.bias,4.998651e-01,2.188278e-02,4.377736e-02
2400,layers.0.k_norm.weight,8.736179e+00,3.628168e-02,4.153037e-03
2400,layers.0.k_norm.bias,6.756663e-01,3.605246e-02,5.335838e-02
2400,layers.1.qk_lut.weights,5.960740e+01,1.882732e+01,3.158554e-01
2400,layers.1.qk_lut.log_soft_score_temp,5.246993e-01,2.101630e-02,4.005399e-02
2400,layers.1.qk_lut.log_select_temp,7.689657e-01,7.786870e-03,1.012642e-02
2400,layers.1.v_lut.weights,5.553977e+01,1.808405e+01,3.256053e-01
2400,layers.1.v_lut.log_soft_score_temp,7.237291e-01,2.945149e-02,4.069408e-02
2400,layers.1.v_lut.log_select_temp,8.915488e-01,4.545867e-03,5.098843e-03
2400,layers.1.out_proj.weights,1.213345e+02,4.253330e+01,3.505457e-01
2400,layers.1.out_proj.log_soft_score_temp,5.216777e-01,5.018556e-02,9.620031e-02
2400,layers.1.out_proj.log_select_temp,7.517084e-01,1.637691e-02,2.178626e-02
2400,layers.1.residual_lut.weights,7.839820e+01,2.696817e+01,3.439896e-01
2400,layers.1.residual_lut.log_soft_score_temp,5.864447e-01,1.384062e-02,2.360089e-02
2400,layers.1.residual_lut.log_select_temp,6.919248e-01,2.997220e-03,4.331713e-03
2400,layers.1.q_norm.weight,8.775839e+00,7.063805e-02,8.049150e-03
2400,layers.1.q_norm.bias,4.184897e-01,2.954190e-02,7.059170e-02
2400,layers.1.k_norm.weight,8.750649e+00,7.075043e-02,8.085163e-03
2400,layers.1.k_norm.bias,6.143504e-01,3.935011e-02,6.405157e-02
2400,layers.2.qk_lut.weights,6.017942e+01,1.937168e+01,3.218987e-01
2400,layers.2.qk_lut.log_soft_score_temp,5.281557e-01,2.357745e-02,4.464110e-02
2400,layers.2.qk_lut.log_select_temp,7.144630e-01,2.425313e-03,3.394596e-03
2400,layers.2.v_lut.weights,5.621284e+01,1.870178e+01,3.326959e-01
2400,layers.2.v_lut.log_soft_score_temp,6.183690e-01,4.453248e-02,7.201603e-02
2400,layers.2.v_lut.log_select_temp,8.534970e-01,2.427459e-03,2.844133e-03
2400,layers.2.out_proj.weights,1.244578e+02,4.287797e+01,3.445181e-01
2400,layers.2.out_proj.log_soft_score_temp,5.801759e-01,4.996032e-02,8.611236e-02
2400,layers.2.out_proj.log_select_temp,8.046203e-01,1.119369e-02,1.391177e-02
2400,layers.2.residual_lut.weights,7.812223e+01,2.692169e+01,3.446098e-01
2400,layers.2.residual_lut.log_soft_score_temp,6.054566e-01,1.444018e-02,2.385006e-02
2400,layers.2.residual_lut.log_select_temp,7.309268e-01,8.348525e-03,1.142183e-02
2400,layers.2.q_norm.weight,8.684630e+00,5.088625e-02,5.859346e-03
2400,layers.2.q_norm.bias,4.331644e-01,2.775222e-02,6.406856e-02
2400,layers.2.k_norm.weight,8.662118e+00,4.972310e-02,5.740293e-03
2400,layers.2.k_norm.bias,7.134964e-01,4.938129e-02,6.921029e-02
2400,layers.3.qk_lut.weights,5.932201e+01,1.952280e+01,3.290988e-01
2400,layers.3.qk_lut.log_soft_score_temp,5.895904e-01,2.898991e-02,4.916958e-02
2400,layers.3.qk_lut.log_select_temp,7.867686e-01,2.354622e-03,2.992776e-03
2400,layers.3.v_lut.weights,5.645704e+01,1.840482e+01,3.259969e-01
2400,layers.3.v_lut.log_soft_score_temp,8.469724e-01,4.320860e-03,5.101536e-03
2400,layers.3.v_lut.log_select_temp,9.208347e-01,2.125746e-02,2.308499e-02
2400,layers.3.out_proj.weights,1.266285e+02,4.386121e+01,3.463769e-01
2400,layers.3.out_proj.log_soft_score_temp,6.272236e-01,2.663654e-02,4.246738e-02
2400,layers.3.out_proj.log_select_temp,8.364358e-01,1.971400e-02,2.356905e-02
2400,layers.3.residual_lut.weights,7.848814e+01,2.717176e+01,3.461894e-01
2400,layers.3.residual_lut.log_soft_score_temp,6.101575e-01,8.689165e-03,1.424085e-02
2400,layers.3.residual_lut.log_select_temp,7.374792e-01,1.303148e-02,1.767031e-02
2400,layers.3.q_norm.weight,8.725343e+00,1.020677e-01,1.169784e-02
2400,layers.3.q_norm.bias,3.028523e-01,3.257760e-02,1.075693e-01
2400,layers.3.k_norm.weight,8.699856e+00,1.013145e-01,1.164554e-02
2400,layers.3.k_norm.bias,4.582934e-01,4.887182e-02,1.066387e-01
2400,layers.4.qk_lut.weights,6.028874e+01,1.959479e+01,3.250157e-01
2400,layers.4.qk_lut.log_soft_score_temp,5.944831e-01,2.052188e-02,3.452054e-02
2400,layers.4.qk_lut.log_select_temp,7.493078e-01,3.237247e-03,4.320318e-03
2400,layers.4.v_lut.weights,5.773374e+01,1.909615e+01,3.307624e-01
2400,layers.4.v_lut.log_soft_score_temp,8.312779e-01,2.440274e-03,2.935569e-03
2400,layers.4.v_lut.log_select_temp,9.154240e-01,2.087164e-02,2.279997e-02
2400,layers.4.out_proj.weights,1.298887e+02,4.443147e+01,3.420734e-01
2400,layers.4.out_proj.log_soft_score_temp,6.458471e-01,2.629626e-02,4.071592e-02
2400,layers.4.out_proj.log_select_temp,7.847993e-01,6.774724e-03,8.632428e-03
2400,layers.4.residual_lut.weights,7.671754e+01,2.730509e+01,3.559171e-01
2400,layers.4.residual_lut.log_soft_score_temp,5.849248e-01,1.141596e-02,1.951697e-02
2400,layers.4.residual_lut.log_select_temp,7.234439e-01,1.381230e-02,1.909243e-02
2400,layers.4.q_norm.weight,8.488179e+00,5.303130e-02,6.247664e-03
2400,layers.4.q_norm.bias,3.568067e-01,3.128033e-02,8.766745e-02
2400,layers.4.k_norm.weight,8.462001e+00,5.343512e-02,6.314715e-03
2400,layers.4.k_norm.bias,5.522979e-01,4.989818e-02,9.034650e-02
2400,layers.5.qk_lut.weights,6.010722e+01,1.981038e+01,3.295840e-01
2400,layers.5.qk_lut.log_soft_score_temp,6.597742e-01,1.530802e-02,2.320191e-02
2400,layers.5.qk_lut.log_select_temp,7.587546e-01,1.150131e-03,1.515815e-03
2400,layers.5.v_lut.weights,5.812890e+01,1.897852e+01,3.264902e-01
2400,layers.5.v_lut.log_soft_score_temp,7.699987e-01,7.379651e-03,9.583979e-03
2400,layers.5.v_lut.log_select_temp,8.081825e-01,1.755410e-02,2.172047e-02
2400,layers.5.out_proj.weights,1.481288e+02,4.630876e+01,3.126250e-01
2400,layers.5.out_proj.log_soft_score_temp,7.206963e-01,3.409386e-04,4.730683e-04
2400,layers.5.out_proj.log_select_temp,8.094686e-01,2.427500e-02,2.998881e-02
2400,layers.5.residual_lut.weights,8.097193e+01,2.774855e+01,3.426934e-01
2400,layers.5.residual_lut.log_soft_score_temp,5.773746e-01,1.394171e-02,2.414672e-02
2400,layers.5.residual_lut.log_select_temp,7.069861e-01,1.477593e-02,2.089989e-02
2400,layers.5.q_norm.weight,8.354459e+00,5.971772e-02,7.148006e-03
2400,layers.5.q_norm.bias,2.007666e-01,2.835109e-02,1.412142e-01
2400,layers.5.k_norm.weight,8.336116e+00,6.097507e-02,7.314566e-03
2400,layers.5.k_norm.bias,2.986434e-01,3.717345e-02,1.244744e-01
2400,ln_final.weight,2.709400e+01,8.791777e-01,3.244916e-02
2400,ln_final.bias,1.387915e+00,9.337677e-02,6.727846e-02
2600,tok_emb_E.weight,1.477266e+02,7.748068e+00,5.244871e-02
2600,emb_resid_lut.weights,1.186313e+02,2.502369e+01,2.109366e-01
2600,emb_resid_lut.log_soft_score_temp,1.159350e+00,4.476810e-02,3.861481e-02
2600,emb_resid_lut.log_select_temp,1.169805e+00,4.979396e-02,4.256602e-02
2600,unembedder.weight,1.598655e+02,1.563886e+01,9.782511e-02
2600,layers.0.qk_lut.weights,6.460858e+01,1.736213e+01,2.687279e-01
2600,layers.0.qk_lut.log_soft_score_temp,9.026418e-01,1.457089e-02,1.614250e-02
2600,layers.0.qk_lut.log_select_temp,8.794969e-01,1.538825e-02,1.749665e-02
2600,layers.0.v_lut.weights,6.121941e+01,1.721439e+01,2.811917e-01
2600,layers.0.v_lut.log_soft_score_temp,9.023992e-01,1.437753e-02,1.593257e-02
2600,layers.0.v_lut.log_select_temp,9.922276e-01,1.025182e-02,1.033213e-02
2600,layers.0.out_proj.weights,1.284577e+02,4.036507e+01,3.142285e-01
2600,layers.0.out_proj.log_soft_score_temp,5.391592e-01,5.283999e-02,9.800443e-02
2600,layers.0.out_proj.log_select_temp,7.742991e-01,1.915407e-02,2.473730e-02
2600,layers.0.residual_lut.weights,8.384008e+01,2.626859e+01,3.133178e-01
2600,layers.0.residual_lut.log_soft_score_temp,5.255089e-01,2.013016e-02,3.830603e-02
2600,layers.0.residual_lut.log_select_temp,6.372609e-01,6.035507e-03,9.471014e-03
2600,layers.0.q_norm.weight,8.806066e+00,3.456581e-02,3.925228e-03
2600,layers.0.q_norm.bias,5.202328e-01,2.256867e-02,4.338186e-02
2600,layers.0.k_norm.weight,8.764852e+00,3.377228e-02,3.853149e-03
2600,layers.0.k_norm.bias,7.061753e-01,3.501833e-02,4.958872e-02
2600,layers.1.qk_lut.weights,6.392479e+01,1.876759e+01,2.935886e-01
2600,layers.1.qk_lut.log_soft_score_temp,5.019033e-01,2.279598e-02,4.541906e-02
2600,layers.1.qk_lut.log_select_temp,7.757423e-01,6.776631e-03,8.735673e-03
2600,layers.1.v_lut.weights,5.955012e+01,1.795679e+01,3.015409e-01
2600,layers.1.v_lut.log_soft_score_temp,6.951987e-01,2.853042e-02,4.103923e-02
2600,layers.1.v_lut.log_select_temp,8.963895e-01,4.840791e-03,5.400321e-03
2600,layers.1.out_proj.weights,1.298754e+02,4.228973e+01,3.256178e-01
2600,layers.1.out_proj.log_soft_score_temp,4.729403e-01,4.873744e-02,1.030520e-01
2600,layers.1.out_proj.log_select_temp,7.389389e-01,1.276952e-02,1.728089e-02
2600,layers.1.residual_lut.weights,8.421479e+01,2.679858e+01,3.182171e-01
2600,layers.1.residual_lut.log_soft_score_temp,5.753980e-01,1.104677e-02,1.919848e-02
2600,layers.1.residual_lut.log_select_temp,6.970079e-01,5.083144e-03,7.292807e-03
2600,layers.1.q_norm.weight,8.839190e+00,7.274489e-02,8.229814e-03
2600,layers.1.q_norm.bias,4.404836e-01,2.452215e-02,5.567098e-02
2600,layers.1.k_norm.weight,8.812373e+00,7.217740e-02,8.190461e-03
2600,layers.1.k_norm.bias,6.459109e-01,3.854672e-02,5.967807e-02
2600,layers.2.qk_lut.weights,6.457201e+01,1.927906e+01,2.985668e-01
2600,layers.2.qk_lut.log_soft_score_temp,5.081529e-01,2.000278e-02,3.936371e-02
2600,layers.2.qk_lut.log_select_temp,7.180683e-01,3.605306e-03,5.020840e-03
2600,layers.2.v_lut.weights,6.019901e+01,1.867313e+01,3.101899e-01
2600,layers.2.v_lut.log_soft_score_temp,5.803717e-01,3.799725e-02,6.547053e-02
2600,layers.2.v_lut.log_select_temp,8.542953e-01,7.982850e-04,9.344368e-04
2600,layers.2.out_proj.weights,1.331924e+02,4.260445e+01,3.198716e-01
2600,layers.2.out_proj.log_soft_score_temp,5.326787e-01,4.749721e-02,8.916673e-02
2600,layers.2.out_proj.log_select_temp,7.930893e-01,1.153105e-02,1.453942e-02
2600,layers.2.residual_lut.weights,8.382801e+01,2.673974e+01,3.189833e-01
2600,layers.2.residual_lut.log_soft_score_temp,5.915799e-01,1.387668e-02,2.345698e-02
2600,layers.2.residual_lut.log_select_temp,7.392468e-01,8.320034e-03,1.125474e-02
2600,layers.2.q_norm.weight,8.727103e+00,4.864607e-02,5.574137e-03
2600,layers.2.q_norm.bias,4.585331e-01,2.749374e-02,5.996021e-02
2600,layers.2.k_norm.weight,8.702484e+00,4.675878e-02,5.373038e-03
2600,layers.2.k_norm.bias,7.560359e-01,4.673890e-02,6.182101e-02
2600,layers.3.qk_lut.weights,6.360412e+01,1.945887e+01,3.059373e-01
2600,layers.3.qk_lut.log_soft_score_temp,5.582964e-01,3.129393e-02,5.605253e-02
2600,layers.3.qk_lut.log_select_temp,7.861365e-01,6.321073e-04,8.040681e-04
2600,layers.3.v_lut.weights,6.062427e+01,1.830336e+01,3.019147e-01
2600,layers.3.v_lut.log_soft_score_temp,8.456193e-01,1.353085e-03,1.600111e-03
2600,layers.3.v_lut.log_select_temp,9.366955e-01,1.586080e-02,1.693271e-02
2600,layers.3.out_proj.weights,1.361484e+02,4.362923e+01,3.204535e-01
2600,layers.3.out_proj.log_soft_score_temp,5.958745e-01,3.134906e-02,5.261017e-02
2600,layers.3.out_proj.log_select_temp,8.548012e-01,1.836544e-02,2.148504e-02
2600,layers.3.residual_lut.weights,8.452502e+01,2.704276e+01,3.199380e-01
2600,layers.3.residual_lut.log_soft_score_temp,6.020024e-01,8.155107e-03,1.354664e-02
2600,layers.3.residual_lut.log_select_temp,7.509643e-01,1.348519e-02,1.795717e-02
2600,layers.3.q_norm.weight,8.813458e+00,1.006486e-01,1.141987e-02
2600,layers.3.q_norm.bias,3.304822e-01,3.318825e-02,1.004237e-01
2600,layers.3.k_norm.weight,8.785612e+00,1.006292e-01,1.145387e-02
2600,layers.3.k_norm.bias,4.988125e-01,4.856474e-02,9.736071e-02
2600,layers.4.qk_lut.weights,6.466129e+01,1.952564e+01,3.019680e-01
2600,layers.4.qk_lut.log_soft_score_temp,5.741377e-01,2.034545e-02,3.543653e-02
2600,layers.4.qk_lut.log_select_temp,7.504479e-01,1.140177e-03,1.519329e-03
2600,layers.4.v_lut.weights,6.196213e+01,1.908131e+01,3.079512e-01
2600,layers.4.v_lut.log_soft_score_temp,8.237750e-01,7.502913e-03,9.107965e-03
2600,layers.4.v_lut.log_select_temp,9.349478e-01,1.952380e-02,2.088223e-02
2600,layers.4.out_proj.weights,1.391454e+02,4.420750e+01,3.177073e-01
2600,layers.4.out_proj.log_soft_score_temp,6.174350e-01,2.841210e-02,4.601635e-02
2600,layers.4.out_proj.log_select_temp,7.931965e-01,8.397162e-03,1.058648e-02
2600,layers.4.residual_lut.weights,8.260640e+01,2.714619e+01,3.286209e-01
2600,layers.4.residual_lut.log_soft_score_temp,5.746951e-01,1.022971e-02,1.780023e-02
2600,layers.4.residual_lut.log_select_temp,7.380781e-01,1.463413e-02,1.982735e-02
2600,layers.4.q_norm.weight,8.524341e+00,4.371241e-02,5.127953e-03
2600,layers.4.q_norm.bias,3.796913e-01,2.459403e-02,6.477376e-02
2600,layers.4.k_norm.weight,8.496942e+00,4.121156e-02,4.850164e-03
2600,layers.4.k_norm.bias,5.917217e-01,4.280414e-02,7.233830e-02
2600,layers.5.qk_lut.weights,6.446440e+01,1.971801e+01,3.058744e-01
2600,layers.5.qk_lut.log_soft_score_temp,6.409218e-01,1.885241e-02,2.941453e-02
2600,layers.5.qk_lut.log_select_temp,7.590520e-01,2.974272e-04,3.918403e-04
2600,layers.5.v_lut.weights,6.247909e+01,1.898294e+01,3.038287e-01
2600,layers.5.v_lut.log_soft_score_temp,7.762741e-01,6.275415e-03,8.084020e-03
2600,layers.5.v_lut.log_select_temp,8.251540e-01,1.697147e-02,2.056764e-02
2600,layers.5.out_proj.weights,1.573307e+02,4.589663e+01,2.917208e-01
2600,layers.5.out_proj.log_soft_score_temp,7.122073e-01,8.489072e-03,1.191938e-02
2600,layers.5.out_proj.log_select_temp,8.305249e-01,2.105623e-02,2.535293e-02
2600,layers.5.residual_lut.weights,8.658730e+01,2.764125e+01,3.192298e-01
2600,layers.5.residual_lut.log_soft_score_temp,5.646236e-01,1.275104e-02,2.258326e-02
2600,layers.5.residual_lut.log_select_temp,7.237993e-01,1.681328e-02,2.322920e-02
2600,layers.5.q_norm.weight,8.395967e+00,4.727942e-02,5.631207e-03
2600,layers.5.q_norm.bias,2.176431e-01,2.015567e-02,9.260883e-02
2600,layers.5.k_norm.weight,8.376096e+00,4.657901e-02,5.560945e-03
2600,layers.5.k_norm.bias,3.271987e-01,3.398766e-02,1.038747e-01
2600,ln_final.weight,2.795370e+01,8.636521e-01,3.089581e-02
2600,ln_final.bias,1.424156e+00,8.836233e-02,6.204540e-02
2800,tok_emb_E.weight,1.480569e+02,7.724809e+00,5.217461e-02
2800,emb_resid_lut.weights,1.252090e+02,2.495584e+01,1.993135e-01
2800,emb_resid_lut.log_soft_score_temp,1.197147e+00,3.779709e-02,3.157263e-02
2800,emb_resid_lut.log_select_temp,1.217428e+00,4.762268e-02,3.911745e-02
2800,unembedder.weight,1.623612e+02,1.534832e+01,9.453193e-02
2800,layers.0.qk_lut.weights,6.869146e+01,1.743197e+01,2.537720e-01
2800,layers.0.qk_lut.log_soft_score_temp,9.144152e-01,1.177335e-02,1.287528e-02
2800,layers.0.qk_lut.log_select_temp,8.922626e-01,1.276577e-02,1.430718e-02
2800,layers.0.v_lut.weights,6.506401e+01,1.723688e+01,2.649219e-01
2800,layers.0.v_lut.log_soft_score_temp,8.840388e-01,1.836038e-02,2.076874e-02
2800,layers.0.v_lut.log_select_temp,9.983935e-01,6.165922e-03,6.175843e-03
2800,layers.0.out_proj.weights,1.363075e+02,4.023111e+01,2.951497e-01
2800,layers.0.out_proj.log_soft_score_temp,4.871639e-01,5.199537e-02,1.067308e-01
2800,layers.0.out_proj.log_select_temp,7.587630e-01,1.553619e-02,2.047568e-02
2800,layers.0.residual_lut.weights,8.903777e+01,2.627208e+01,2.950667e-01
2800,layers.0.residual_lut.log_soft_score_temp,5.041941e-01,2.131480e-02,4.227499e-02
2800,layers.0.residual_lut.log_select_temp,6.322807e-01,4.980206e-03,7.876575e-03
2800,layers.0.q_norm.weight,8.832397e+00,3.262351e-02,3.693619e-03
2800,layers.0.q_norm.bias,5.360938e-01,1.892184e-02,3.529576e-02
2800,layers.0.k_norm.weight,8.789898e+00,3.226220e-02,3.670373e-03
2800,layers.0.k_norm.bias,7.307293e-01,3.186677e-02,4.360954e-02
2800,layers.1.qk_lut.weights,6.795763e+01,1.865219e+01,2.744680e-01
2800,layers.1.qk_lut.log_soft_score_temp,4.786750e-01,2.322832e-02,4.852628e-02
2800,layers.1.qk_lut.log_select_temp,7.854773e-01,9.735048e-03,1.239380e-02
2800,layers.1.v_lut.weights,6.327422e+01,1.796779e+01,2.839670e-01
2800,layers.1.v_lut.log_soft_score_temp,6.627840e-01,3.241462e-02,4.890675e-02
2800,layers.1.v_lut.log_select_temp,8.989128e-01,2.523303e-03,2.807061e-03
2800,layers.1.out_proj.weights,1.377854e+02,4.212473e+01,3.057271e-01
2800,layers.1.out_proj.log_soft_score_temp,4.229877e-01,4.995260e-02,1.180947e-01
2800,layers.1.out_proj.log_select_temp,7.240162e-01,1.492268e-02,2.061097e-02
2800,layers.1.residual_lut.weights,8.965548e+01,2.683678e+01,2.993323e-01
2800,layers.1.residual_lut.log_soft_score_temp,5.634601e-01,1.193786e-02,2.118669e-02
2800,layers.1.residual_lut.log_select_temp,7.028790e-01,5.871117e-03,8.352956e-03
2800,layers.1.q_norm.weight,8.896171e+00,6.570112e-02,7.385326e-03
2800,layers.1.q_norm.bias,4.612790e-01,2.395754e-02,5.193721e-02
2800,layers.1.k_norm.weight,8.867638e+00,6.652811e-02,7.502349e-03
2800,layers.1.k_norm.bias,6.721522e-01,3.178614e-02,4.729009e-02
2800,layers.2.qk_lut.weights,6.866514e+01,1.918185e+01,2.793536e-01
2800,layers.2.qk_lut.log_soft_score_temp,4.910311e-01,1.712185e-02,3.486918e-02
2800,layers.2.qk_lut.log_select_temp,7.263833e-01,8.314967e-03,1.144708e-02
2800,layers.2.v_lut.weights,6.388879e+01,1.857447e+01,2.907314e-01
2800,layers.2.v_lut.log_soft_score_temp,5.435455e-01,3.682619e-02,6.775181e-02
2800,layers.2.v_lut.log_select_temp,8.555963e-01,1.300991e-03,1.520566e-03
2800,layers.2.out_proj.weights,1.412950e+02,4.243379e+01,3.003206e-01
2800,layers.2.out_proj.log_soft_score_temp,4.850027e-01,4.767594e-02,9.830035e-02
2800,layers.2.out_proj.log_select_temp,7.799621e-01,1.312715e-02,1.683049e-02
2800,layers.2.residual_lut.weights,8.917484e+01,2.678197e+01,3.003310e-01
2800,layers.2.residual_lut.log_soft_score_temp,5.763438e-01,1.523614e-02,2.643585e-02
2800,layers.2.residual_lut.log_select_temp,7.495193e-01,1.027250e-02,1.370545e-02
2800,layers.2.q_norm.weight,8.764177e+00,4.415058e-02,5.037618e-03
2800,layers.2.q_norm.bias,4.806946e-01,2.367242e-02,4.924628e-02
2800,layers.2.k_norm.weight,8.737792e+00,4.221035e-02,4.830780e-03
2800,layers.2.k_norm.bias,7.881677e-01,3.652590e-02,4.634280e-02
2800,layers.3.qk_lut.weights,6.756922e+01,1.938029e+01,2.868213e-01
2800,layers.3.qk_lut.log_soft_score_temp,5.292164e-01,2.908003e-02,5.494923e-02
2800,layers.3.qk_lut.log_select_temp,7.890279e-01,2.891421e-03,3.664536e-03
2800,layers.3.v_lut.weights,6.449908e+01,1.834356e+01,2.844003e-01
2800,layers.3.v_lut.log_soft_score_temp,8.399137e-01,5.705595e-03,6.793073e-03
2800,layers.3.v_lut.log_select_temp,9.494979e-01,1.280236e-02,1.348330e-02
2800,layers.3.out_proj.weights,1.451156e+02,4.345880e+01,2.994772e-01
2800,layers.3.out_proj.log_soft_score_temp,5.624885e-01,3.338605e-02,5.935419e-02
2800,layers.3.out_proj.log_select_temp,8.736321e-01,1.883084e-02,2.155465e-02
2800,layers.3.residual_lut.weights,9.021046e+01,2.705655e+01,2.999269e-01
2800,layers.3.residual_lut.log_soft_score_temp,5.931991e-01,8.803368e-03,1.484049e-02
2800,layers.3.residual_lut.log_select_temp,7.657902e-01,1.482588e-02,1.936024e-02
2800,layers.3.q_norm.weight,8.901063e+00,1.023611e-01,1.149987e-02
2800,layers.3.q_norm.bias,3.543549e-01,2.960372e-02,8.354257e-02
2800,layers.3.k_norm.weight,8.871974e+00,1.016596e-01,1.145851e-02
2800,layers.3.k_norm.bias,5.337138e-01,4.372923e-02,8.193385e-02
2800,layers.4.qk_lut.weights,6.874563e+01,1.952067e+01,2.839551e-01
2800,layers.4.qk_lut.log_soft_score_temp,5.564324e-01,1.770532e-02,3.181936e-02
2800,layers.4.qk_lut.log_select_temp,7.537394e-01,3.291428e-03,4.366799e-03
2800,layers.4.v_lut.weights,6.588644e+01,1.906285e+01,2.893289e-01
2800,layers.4.v_lut.log_soft_score_temp,8.088406e-01,1.493442e-02,1.846399e-02
2800,layers.4.v_lut.log_select_temp,9.499074e-01,1.495957e-02,1.574846e-02
2800,layers.4.out_proj.weights,1.477228e+02,4.396519e+01,2.976195e-01
2800,layers.4.out_proj.log_soft_score_temp,5.863681e-01,3.106689e-02,5.298190e-02
2800,layers.4.out_proj.log_select_temp,8.003236e-01,7.127106e-03,8.905280e-03
2800,layers.4.residual_lut.weights,8.821317e+01,2.724343e+01,3.088363e-01
2800,layers.4.residual_lut.log_soft_score_temp,5.650960e-01,9.599030e-03,1.698655e-02
2800,layers.4.residual_lut.log_select_temp,7.553189e-01,1.724082e-02,2.282589e-02
2800,layers.4.q_norm.weight,8.556010e+00,3.890744e-02,4.547381e-03
2800,layers.4.q_norm.bias,4.023493e-01,2.464520e-02,6.125324e-02
2800,layers.4.k_norm.weight,8.526336e+00,3.868234e-02,4.536807e-03
2800,layers.4.k_norm.bias,6.276602e-01,4.001518e-02,6.375294e-02
2800,layers.5.qk_lut.weights,6.850787e+01,1.974300e+01,2.881859e-01
2800,layers.5.qk_lut.log_soft_score_temp,6.192169e-01,2.170497e-02,3.505229e-02
2800,layers.5.qk_lut.log_select_temp,7.567758e-01,2.276182e-03,3.007736e-03
2800,layers.5.v_lut.weights,6.653198e+01,1.907085e+01,2.866419e-01
2800,layers.5.v_lut.log_soft_score_temp,7.785363e-01,2.262235e-03,2.905754e-03
2800,layers.5.v_lut.log_select_temp,8.406146e-01,1.546055e-02,1.839196e-02
2800,layers.5.out_proj.weights,1.659017e+02,4.550296e+01,2.742765e-01
2800,layers.5.out_proj.log_soft_score_temp,6.964838e-01,1.572347e-02,2.257550e-02
2800,layers.5.out_proj.log_select_temp,8.487059e-01,1.818103e-02,2.142206e-02
2800,layers.5.residual_lut.weights,9.187514e+01,2.766414e+01,3.011058e-01
2800,layers.5.residual_lut.log_soft_score_temp,5.502545e-01,1.436907e-02,2.611350e-02
2800,layers.5.residual_lut.log_select_temp,7.415971e-01,1.779777e-02,2.399924e-02
2800,layers.5.q_norm.weight,8.441396e+00,5.074358e-02,6.011278e-03
2800,layers.5.q_norm.bias,2.326663e-01,1.848141e-02,7.943313e-02
2800,layers.5.k_norm.weight,8.420094e+00,5.083267e-02,6.037067e-03
2800,layers.5.k_norm.bias,3.567777e-01,3.368345e-02,9.441019e-02
2800,ln_final.weight,2.879872e+01,8.481230e-01,2.945003e-02
2800,ln_final.bias,1.458150e+00,8.817562e-02,6.047087e-02
3000,tok_emb_E.weight,1.483824e+02,7.670821e+00,5.169630e-02
3000,emb_resid_lut.weights,1.312195e+02,2.468882e+01,1.881490e-01
3000,emb_resid_lut.log_soft_score_temp,1.218341e+00,2.119362e-02,1.739548e-02
3000,emb_resid_lut.log_select_temp,1.257185e+00,3.975713e-02,3.162393e-02
3000,unembedder.weight,1.644642e+02,1.503821e+01,9.143760e-02
3000,layers.0.qk_lut.weights,7.249699e+01,1.737527e+01,2.396688e-01
3000,layers.0.qk_lut.log_soft_score_temp,9.258348e-01,1.141965e-02,1.233444e-02
3000,layers.0.qk_lut.log_select_temp,9.053886e-01,1.312596e-02,1.449759e-02
3000,layers.0.v_lut.weights,6.866491e+01,1.724109e+01,2.510903e-01
3000,layers.0.v_lut.log_soft_score_temp,8.659719e-01,1.806694e-02,2.086320e-02
3000,layers.0.v_lut.log_select_temp,1.002101e+00,3.707170e-03,3.699399e-03
3000,layers.0.out_proj.weights,1.435840e+02,3.993008e+01,2.780957e-01
3000,layers.0.out_proj.log_soft_score_temp,4.342170e-01,5.294690e-02,1.219365e-01
3000,layers.0.out_proj.log_select_temp,7.430500e-01,1.571292e-02,2.114651e-02
3000,layers.0.residual_lut.weights,9.389858e+01,2.605216e+01,2.774499e-01
3000,layers.0.residual_lut.log_soft_score_temp,4.886242e-01,1.556984e-02,3.186464e-02
3000,layers.0.residual_lut.log_select_temp,6.314502e-01,8.305311e-04,1.315276e-03
3000,layers.0.q_norm.weight,8.859859e+00,3.178185e-02,3.587173e-03
3000,layers.0.q_norm.bias,5.562377e-01,2.190042e-02,3.937241e-02
3000,layers.0.k_norm.weight,8.816353e+00,3.090215e-02,3.505094e-03
3000,layers.0.k_norm.bias,7.575318e-01,3.043726e-02,4.017952e-02
3000,layers.1.qk_lut.weights,7.168553e+01,1.855972e+01,2.589046e-01
3000,layers.1.qk_lut.log_soft_score_temp,4.562438e-01,2.243114e-02,4.916480e-02
3000,layers.1.qk_lut.log_select_temp,7.924333e-01,6.955922e-03,8.777927e-03
3000,layers.1.v_lut.weights,6.675270e+01,1.781927e+01,2.669446e-01
3000,layers.1.v_lut.log_soft_score_temp,6.322374e-01,3.054667e-02,4.831518e-02
3000,layers.1.v_lut.log_select_temp,9.048832e-01,5.970359e-03,6.597933e-03
3000,layers.1.out_proj.weights,1.451867e+02,4.182155e+01,2.880535e-01
3000,layers.1.out_proj.log_soft_score_temp,3.746340e-01,4.835367e-02,1.290691e-01
3000,layers.1.out_proj.log_select_temp,7.161002e-01,7.916033e-03,1.105437e-02
3000,layers.1.residual_lut.weights,9.475308e+01,2.663700e+01,2.811201e-01
3000,layers.1.residual_lut.log_soft_score_temp,5.551740e-01,8.286119e-03,1.492526e-02
3000,layers.1.residual_lut.log_select_temp,7.108306e-01,7.951558e-03,1.118629e-02
3000,layers.1.q_norm.weight,8.957033e+00,7.377457e-02,8.236496e-03
3000,layers.1.q_norm.bias,4.795795e-01,2.406735e-02,5.018427e-02
3000,layers.1.k_norm.weight,8.926991e+00,7.363927e-02,8.249058e-03
3000,layers.1.k_norm.bias,6.977975e-01,3.132726e-02,4.489448e-02
3000,layers.2.qk_lut.weights,7.247108e+01,1.907477e+01,2.632052e-01
3000,layers.2.qk_lut.log_soft_score_temp,4.735886e-01,1.744246e-02,3.683042e-02
3000,layers.2.qk_lut.log_select_temp,7.317848e-01,5.401492e-03,7.381258e-03
3000,layers.2.v_lut.weights,6.735422e+01,1.849321e+01,2.745665e-01
3000,layers.2.v_lut.log_soft_score_temp,5.056129e-01,3.793263e-02,7.502307e-02
3000,layers.2.v_lut.log_select_temp,8.570606e-01,1.464248e-03,1.708453e-03
3000,layers.2.out_proj.weights,1.488308e+02,4.211254e+01,2.829557e-01
3000,layers.2.out_proj.log_soft_score_temp,4.382838e-01,4.671893e-02,1.065951e-01
3000,layers.2.out_proj.log_select_temp,7.684678e-01,1.149434e-02,1.495748e-02
3000,layers.2.residual_lut.weights,9.415744e+01,2.657803e+01,2.822723e-01
3000,layers.2.residual_lut.log_soft_score_temp,5.623831e-01,1.396066e-02,2.482411e-02
3000,layers.2.residual_lut.log_select_temp,7.607330e-01,1.121366e-02,1.474060e-02
3000,layers.2.q_norm.weight,8.797602e+00,4.018767e-02,4.568025e-03
3000,layers.2.q_norm.bias,5.019501e-01,2.282728e-02,4.547718e-02
3000,layers.2.k_norm.weight,8.769817e+00,3.814742e-02,4.349853e-03
3000,layers.2.k_norm.bias,8.171241e-01,3.383233e-02,4.140415e-02
3000,layers.3.qk_lut.weights,7.126633e+01,1.927524e+01,2.704677e-01
3000,layers.3.qk_lut.log_soft_score_temp,5.009996e-01,2.821684e-02,5.632108e-02
3000,layers.3.qk_lut.log_select_temp,7.925369e-01,3.508925e-03,4.427460e-03
3000,layers.3.v_lut.weights,6.811928e+01,1.826336e+01,2.681086e-01
3000,layers.3.v_lut.log_soft_score_temp,8.308213e-01,9.092450e-03,1.094393e-02
3000,layers.3.v_lut.log_select_temp,9.595151e-01,1.001722e-02,1.043987e-02
3000,layers.3.out_proj.weights,1.535447e+02,4.307606e+01,2.805441e-01
3000,layers.3.out_proj.log_soft_score_temp,5.292069e-01,3.328162e-02,6.288963e-02
3000,layers.3.out_proj.log_select_temp,8.885649e-01,1.493287e-02,1.680560e-02
3000,layers.3.residual_lut.weights,9.555556e+01,2.685603e+01,2.810515e-01
3000,layers.3.residual_lut.log_soft_score_temp,5.869469e-01,6.252170e-03,1.065202e-02
3000,layers.3.residual_lut.log_select_temp,7.805689e-01,1.477867e-02,1.893321e-02
3000,layers.3.q_norm.weight,8.985529e+00,9.834564e-02,1.094489e-02
3000,layers.3.q_norm.bias,3.778346e-01,2.949224e-02,7.805596e-02
3000,layers.3.k_norm.weight,8.954221e+00,9.708841e-02,1.084275e-02
3000,layers.3.k_norm.bias,5.712583e-01,4.668071e-02,8.171560e-02
3000,layers.4.qk_lut.weights,7.258205e+01,1.935350e+01,2.666431e-01
3000,layers.4.qk_lut.log_soft_score_temp,5.354634e-01,2.096897e-02,3.916042e-02
3000,layers.4.qk_lut.log_select_temp,7.550552e-01,1.315832e-03,1.742697e-03
3000,layers.4.v_lut.weights,6.958112e+01,1.893003e+01,2.720571e-01
3000,layers.4.v_lut.log_soft_score_temp,7.938181e-01,1.502246e-02,1.892431e-02
3000,layers.4.v_lut.log_select_temp,9.644906e-01,1.458323e-02,1.512014e-02
3000,layers.4.out_proj.weights,1.557735e+02,4.353445e+01,2.794727e-01
3000,layers.4.out_proj.log_soft_score_temp,5.600056e-01,2.636248e-02,4.707538e-02
3000,layers.4.out_proj.log_select_temp,8.094300e-01,9.106398e-03,1.125038e-02
3000,layers.4.residual_lut.weights,9.345321e+01,2.699521e+01,2.888634e-01
3000,layers.4.residual_lut.log_soft_score_temp,5.567061e-01,8.389890e-03,1.507059e-02
3000,layers.4.residual_lut.log_select_temp,7.711777e-01,1.585883e-02,2.056443e-02
3000,layers.4.q_norm.weight,8.590057e+00,4.097679e-02,4.770257e-03
3000,layers.4.q_norm.bias,4.223447e-01,2.187391e-02,5.179161e-02
3000,layers.4.k_norm.weight,8.559223e+00,4.086724e-02,4.774644e-03
3000,layers.4.k_norm.bias,6.583026e-01,3.293361e-02,5.002807e-02
3000,layers.5.qk_lut.weights,7.227529e+01,1.954088e+01,2.703673e-01
3000,layers.5.qk_lut.log_soft_score_temp,5.993422e-01,1.987463e-02,3.316074e-02
3000,layers.5.qk_lut.log_select_temp,7.562094e-01,5.663633e-04,7.489504e-04
3000,layers.5.v_lut.weights,7.033509e+01,1.897377e+01,2.697624e-01
3000,layers.5.v_lut.log_soft_score_temp,7.764055e-01,2.130806e-03,2.744450e-03
3000,layers.5.v_lut.log_select_temp,8.522879e-01,1.167339e-02,1.369653e-02
3000,layers.5.out_proj.weights,1.741637e+02,4.525446e+01,2.598386e-01
3000,layers.5.out_proj.log_soft_score_temp,6.817660e-01,1.471776e-02,2.158770e-02
3000,layers.5.out_proj.log_select_temp,8.695987e-01,2.089280e-02,2.402579e-02
3000,layers.5.residual_lut.weights,9.694167e+01,2.740993e+01,2.827467e-01
3000,layers.5.residual_lut.log_soft_score_temp,5.396463e-01,1.060820e-02,1.965768e-02
3000,layers.5.residual_lut.log_select_temp,7.601016e-01,1.850444e-02,2.434470e-02
3000,layers.5.q_norm.weight,8.482120e+00,4.694387e-02,5.534450e-03
3000,layers.5.q_norm.bias,2.475435e-01,1.878277e-02,7.587662e-02
3000,layers.5.k_norm.weight,8.457810e+00,4.455754e-02,5.268212e-03
3000,layers.5.k_norm.bias,3.780197e-01,2.725629e-02,7.210283e-02
3000,ln_final.weight,2.960825e+01,8.133633e-01,2.747083e-02
3000,ln_final.bias,1.484070e+00,8.210760e-02,5.532597e-02
3200,tok_emb_E.weight,1.487043e+02,7.625140e+00,5.127719e-02
3200,emb_resid_lut.weights,1.367625e+02,2.450550e+01,1.791829e-01
3200,emb_resid_lut.log_soft_score_temp,1.225223e+00,6.882310e-03,5.617188e-03
3200,emb_resid_lut.log_select_temp,1.292750e+00,3.556454e-02,2.751077e-02
3200,unembedder.weight,1.663528e+02,1.480465e+01,8.899552e-02
3200,layers.0.qk_lut.weights,7.608472e+01,1.722268e+01,2.263619e-01
3200,layers.0.qk_lut.log_soft_score_temp,9.325240e-01,6.689191e-03,7.173210e-03
3200,layers.0.qk_lut.log_select_temp,9.156607e-01,1.027209e-02,1.121822e-02
3200,layers.0.v_lut.weights,7.204986e+01,1.716554e+01,2.382453e-01
3200,layers.0.v_lut.log_soft_score_temp,8.460216e-01,1.995027e-02,2.358128e-02
3200,layers.0.v_lut.log_select_temp,1.006083e+00,3.981948e-03,3.957874e-03
3200,layers.0.out_proj.weights,1.504243e+02,3.968187e+01,2.637996e-01
3200,layers.0.out_proj.log_soft_score_temp,3.834791e-01,5.073783e-02,1.323092e-01
3200,layers.0.out_proj.log_select_temp,7.341516e-01,8.898437e-03,1.212071e-02
3200,layers.0.residual_lut.weights,9.846858e+01,2.594963e+01,2.635321e-01
3200,layers.0.residual_lut.log_soft_score_temp,4.737974e-01,1.482686e-02,3.129368e-02
3200,layers.0.residual_lut.log_select_temp,6.317248e-01,2.745986e-04,4.346807e-04
3200,layers.0.q_norm.weight,8.883531e+00,3.125246e-02,3.518023e-03
3200,layers.0.q_norm.bias,5.725008e-01,1.871149e-02,3.268379e-02
3200,layers.0.k_norm.weight,8.838723e+00,2.897844e-02,3.278577e-03
3200,layers.0.k_norm.bias,7.841568e-01,3.259241e-02,4.156364e-02
3200,layers.1.qk_lut.weights,7.521279e+01,1.848133e+01,2.457206e-01
3200,layers.1.qk_lut.log_soft_score_temp,4.303294e-01,2.591443e-02,6.021998e-02
3200,layers.1.qk_lut.log_select_temp,8.000836e-01,7.650375e-03,9.561970e-03
3200,layers.1.v_lut.weights,7.001598e+01,1.774143e+01,2.533911e-01
3200,layers.1.v_lut.log_soft_score_temp,5.995939e-01,3.264350e-02,5.444268e-02
3200,layers.1.v_lut.log_select_temp,9.069841e-01,2.100885e-03,2.316342e-03
3200,layers.1.out_proj.weights,1.520615e+02,4.158105e+01,2.734489e-01
3200,layers.1.out_proj.log_soft_score_temp,3.269467e-01,4.768735e-02,1.458567e-01
3200,layers.1.out_proj.log_select_temp,7.054443e-01,1.065588e-02,1.510520e-02
3200,layers.1.residual_lut.weights,9.956174e+01,2.655522e+01,2.667211e-01
3200,layers.1.residual_lut.log_soft_score_temp,5.472661e-01,7.907927e-03,1.444988e-02
3200,layers.1.residual_lut.log_select_temp,7.190687e-01,8.238137e-03,1.145668e-02
3200,layers.1.q_norm.weight,9.016781e+00,7.167572e-02,7.949147e-03
3200,layers.1.q_norm.bias,4.993832e-01,2.413926e-02,4.833814e-02
3200,layers.1.k_norm.weight,8.984882e+00,7.020595e-02,7.813786e-03
3200,layers.1.k_norm.bias,7.220656e-01,3.243722e-02,4.492281e-02
3200,layers.2.qk_lut.weights,7.608391e+01,1.900166e+01,2.497461e-01
3200,layers.2.qk_lut.log_soft_score_temp,4.586691e-01,1.491946e-02,3.252772e-02
3200,layers.2.qk_lut.log_select_temp,7.379015e-01,6.116748e-03,8.289383e-03
3200,layers.2.v_lut.weights,7.058052e+01,1.841206e+01,2.608660e-01
3200,layers.2.v_lut.log_soft_score_temp,4.719685e-01,3.364441e-02,7.128528e-02
3200,layers.2.v_lut.log_select_temp,8.604904e-01,3.429890e-03,3.985971e-03
3200,layers.2.out_proj.weights,1.559158e+02,4.175011e+01,2.677735e-01
3200,layers.2.out_proj.log_soft_score_temp,3.926909e-01,4.559287e-02,1.161037e-01
3200,layers.2.out_proj.log_select_temp,7.597362e-01,8.731544e-03,1.149286e-02
3200,layers.2.residual_lut.weights,9.886869e+01,2.648430e+01,2.678735e-01
3200,layers.2.residual_lut.log_soft_score_temp,5.486330e-01,1.375014e-02,2.506254e-02
3200,layers.2.residual_lut.log_select_temp,7.733564e-01,1.262343e-02,1.632291e-02
3200,layers.2.q_norm.weight,8.830893e+00,4.034259e-02,4.568348e-03
3200,layers.2.q_norm.bias,5.218267e-01,2.186952e-02,4.190955e-02
3200,layers.2.k_norm.weight,8.801794e+00,3.791304e-02,4.307421e-03
3200,layers.2.k_norm.bias,8.460636e-01,3.450223e-02,4.077971e-02
3200,layers.3.qk_lut.weights,7.473531e+01,1.921857e+01,2.571552e-01
3200,layers.3.qk_lut.log_soft_score_temp,4.729294e-01,2.807018e-02,5.935385e-02
3200,layers.3.qk_lut.log_select_temp,7.962133e-01,3.676474e-03,4.617449e-03
3200,layers.3.v_lut.weights,7.150485e+01,1.821296e+01,2.547094e-01
3200,layers.3.v_lut.log_soft_score_temp,8.179815e-01,1.283979e-02,1.569693e-02
3200,layers.3.v_lut.log_select_temp,9.663044e-01,6.789327e-03,7.026074e-03
3200,layers.3.out_proj.weights,1.615504e+02,4.283155e+01,2.651282e-01
3200,layers.3.out_proj.log_soft_score_temp,4.928518e-01,3.635511e-02,7.376479e-02
3200,layers.3.out_proj.log_select_temp,8.988766e-01,1.031166e-02,1.147172e-02
3200,layers.3.residual_lut.weights,1.006170e+02,2.677991e+01,2.661569e-01
3200,layers.3.residual_lut.log_soft_score_temp,5.795355e-01,7.411420e-03,1.278855e-02
3200,layers.3.residual_lut.log_select_temp,7.951625e-01,1.459360e-02,1.835298e-02
3200,layers.3.q_norm.weight,9.067465e+00,9.668770e-02,1.066315e-02
3200,layers.3.q_norm.bias,3.988882e-01,2.730198e-02,6.844518e-02
3200,layers.3.k_norm.weight,9.034116e+00,9.460312e-02,1.047176e-02
3200,layers.3.k_norm.bias,6.038949e-01,4.190288e-02,6.938771e-02
3200,layers.4.qk_lut.weights,7.619337e+01,1.928685e+01,2.531303e-01
3200,layers.4.qk_lut.log_soft_score_temp,5.197365e-01,1.572692e-02,3.025942e-02
3200,layers.4.qk_lut.log_select_temp,7.591851e-01,4.129946e-03,5.439972e-03
3200,layers.4.v_lut.weights,7.305449e+01,1.890108e+01,2.587259e-01
3200,layers.4.v_lut.log_soft_score_temp,7.730487e-01,2.076942e-02,2.686689e-02
3200,layers.4.v_lut.log_select_temp,9.750013e-01,1.051068e-02,1.078017e-02
3200,layers.4.out_proj.weights,1.633990e+02,4.324564e+01,2.646628e-01
3200,layers.4.out_proj.log_soft_score_temp,5.280454e-01,3.196019e-02,6.052546e-02
3200,layers.4.out_proj.log_select_temp,8.189179e-01,9.487927e-03,1.158593e-02
3200,layers.4.residual_lut.weights,9.845983e+01,2.694785e+01,2.736939e-01
3200,layers.4.residual_lut.log_soft_score_temp,5.483653e-01,8.340836e-03,1.521036e-02
3200,layers.4.residual_lut.log_select_temp,7.894384e-01,1.826072e-02,2.313128e-02
3200,layers.4.q_norm.weight,8.615917e+00,3.197429e-02,3.711072e-03
3200,layers.4.q_norm.bias,4.365011e-01,1.682841e-02,3.855296e-02
3200,layers.4.k_norm.weight,8.583340e+00,3.280974e-02,3.822491e-03
3200,layers.4.k_norm.bias,6.852252e-01,3.230952e-02,4.715169e-02
3200,layers.5.qk_lut.weights,7.583731e+01,1.947477e+01,2.567967e-01
3200,layers.5.qk_lut.log_soft_score_temp,5.788202e-01,2.052206e-02,3.545498e-02
3200,layers.5.qk_lut.log_select_temp,7.550383e-01,1.171172e-03,1.551142e-03
3200,layers.5.v_lut.weights,7.390569e+01,1.900070e+01,2.570939e-01
3200,layers.5.v_lut.log_soft_score_temp,7.752243e-01,1.181185e-03,1.523669e-03
3200,layers.5.v_lut.log_select_temp,8.655343e-01,1.324636e-02,1.530425e-02
3200,layers.5.out_proj.weights,1.819873e+02,4.492801e+01,2.468744e-01
3200,layers.5.out_proj.log_soft_score_temp,6.621422e-01,1.962382e-02,2.963686e-02
3200,layers.5.out_proj.log_select_temp,8.883339e-01,1.873523e-02,2.109030e-02
3200,layers.5.residual_lut.weights,1.018124e+02,2.735120e+01,2.686431e-01
3200,layers.5.residual_lut.log_soft_score_temp,5.274552e-01,1.219118e-02,2.311320e-02
3200,layers.5.residual_lut.log_select_temp,7.814435e-01,2.134192e-02,2.731089e-02
3200,layers.5.q_norm.weight,8.517096e+00,4.311790e-02,5.062512e-03
3200,layers.5.q_norm.bias,2.652258e-01,2.056440e-02,7.753544e-02
3200,layers.5.k_norm.weight,8.490771e+00,4.065411e-02,4.788035e-03
3200,layers.5.k_norm.bias,4.014526e-01,2.862208e-02,7.129628e-02
3200,ln_final.weight,3.040754e+01,8.025569e-01,2.639335e-02
3200,ln_final.bias,1.509907e+00,8.152173e-02,5.399121e-02
3400,tok_emb_E.weight,1.490186e+02,7.571327e+00,5.080792e-02
3400,emb_resid_lut.weights,1.418832e+02,2.437600e+01,1.718033e-01
3400,emb_resid_lut.log_soft_score_temp,1.217047e+00,8.176208e-03,6.718070e-03
3400,emb_resid_lut.log_select_temp,1.322799e+00,3.004897e-02,2.271620e-02
3400,unembedder.weight,1.680554e+02,1.459448e+01,8.684326e-02
3400,layers.0.qk_lut.weights,7.947269e+01,1.720090e+01,2.164378e-01
3400,layers.0.qk_lut.log_soft_score_temp,9.406942e-01,8.170187e-03,8.685275e-03
3400,layers.0.qk_lut.log_select_temp,9.268987e-01,1.123804e-02,1.212434e-02
3400,layers.0.v_lut.weights,7.523569e+01,1.710773e+01,2.273884e-01
3400,layers.0.v_lut.log_soft_score_temp,8.264031e-01,1.961845e-02,2.373957e-02
3400,layers.0.v_lut.log_select_temp,1.008957e+00,2.874017e-03,2.848504e-03
3400,layers.0.out_proj.weights,1.568236e+02,3.939016e+01,2.511749e-01
3400,layers.0.out_proj.log_soft_score_temp,3.334606e-01,5.001852e-02,1.499983e-01
3400,layers.0.out_proj.log_select_temp,7.277553e-01,6.396294e-03,8.789072e-03
3400,layers.0.residual_lut.weights,1.028030e+02,2.578463e+01,2.508158e-01
3400,layers.0.residual_lut.log_soft_score_temp,4.588355e-01,1.496187e-02,3.260835e-02
3400,layers.0.residual_lut.log_select_temp,6.339742e-01,2.249420e-03,3.548125e-03
3400,layers.0.q_norm.weight,8.913204e+00,3.369305e-02,3.780128e-03
3400,layers.0.q_norm.bias,5.894258e-01,1.999349e-02,3.392028e-02
3400,layers.0.k_norm.weight,8.866136e+00,3.211178e-02,3.621847e-03
3400,layers.0.k_norm.bias,8.094955e-01,2.939282e-02,3.631004e-02
3400,layers.1.qk_lut.weights,7.852947e+01,1.838120e+01,2.340675e-01
3400,layers.1.qk_lut.log_soft_score_temp,4.071487e-01,2.318069e-02,5.693422e-02
3400,layers.1.qk_lut.log_select_temp,8.079209e-01,7.837296e-03,9.700572e-03
3400,layers.1.v_lut.weights,7.310941e+01,1.766925e+01,2.416824e-01
3400,layers.1.v_lut.log_soft_score_temp,5.676584e-01,3.193545e-02,5.625822e-02
3400,layers.1.v_lut.log_select_temp,9.136262e-01,6.642103e-03,7.270045e-03
3400,layers.1.out_proj.weights,1.585434e+02,4.132892e+01,2.606789e-01
3400,layers.1.out_proj.log_soft_score_temp,2.818086e-01,4.513806e-02,1.601728e-01
3400,layers.1.out_proj.log_select_temp,7.010158e-01,4.428566e-03,6.317355e-03
3400,layers.1.residual_lut.weights,1.041516e+02,2.647300e+01,2.541774e-01
3400,layers.1.residual_lut.log_soft_score_temp,5.396974e-01,7.568657e-03,1.402389e-02
3400,layers.1.residual_lut.log_select_temp,7.296315e-01,1.056278e-02,1.447687e-02
3400,layers.1.q_norm.weight,9.072902e+00,6.811924e-02,7.507988e-03
3400,layers.1.q_norm.bias,5.152174e-01,2.180296e-02,4.231798e-02
3400,layers.1.k_norm.weight,9.039661e+00,6.800714e-02,7.523196e-03
3400,layers.1.k_norm.bias,7.434267e-01,2.998160e-02,4.032892e-02
3400,layers.2.qk_lut.weights,7.948969e+01,1.883643e+01,2.369670e-01
3400,layers.2.qk_lut.log_soft_score_temp,4.450018e-01,1.366737e-02,3.071308e-02
3400,layers.2.qk_lut.log_select_temp,7.453704e-01,7.468879e-03,1.002036e-02
3400,layers.2.v_lut.weights,7.363133e+01,1.826759e+01,2.480954e-01
3400,layers.2.v_lut.log_soft_score_temp,4.376510e-01,3.431752e-02,7.841299e-02
3400,layers.2.v_lut.log_select_temp,8.662176e-01,5.727112e-03,6.611633e-03
3400,layers.2.out_proj.weights,1.625794e+02,4.142463e+01,2.547963e-01
3400,layers.2.out_proj.log_soft_score_temp,3.472849e-01,4.540598e-02,1.307456e-01
3400,layers.2.out_proj.log_select_temp,7.521719e-01,7.564306e-03,1.005662e-02
3400,layers.2.residual_lut.weights,1.033035e+02,2.637668e+01,2.553319e-01
3400,layers.2.residual_lut.log_soft_score_temp,5.324516e-01,1.618141e-02,3.039039e-02
3400,layers.2.residual_lut.log_select_temp,7.882621e-01,1.490563e-02,1.890949e-02
3400,layers.2.q_norm.weight,8.855791e+00,3.177890e-02,3.588488e-03
3400,layers.2.q_norm.bias,5.372416e-01,1.758840e-02,3.273835e-02
3400,layers.2.k_norm.weight,8.825991e+00,3.073371e-02,3.482183e-03
3400,layers.2.k_norm.bias,8.746444e-01,3.349550e-02,3.829614e-02
3400,layers.3.qk_lut.weights,7.800772e+01,1.913648e+01,2.453152e-01
3400,layers.3.qk_lut.log_soft_score_temp,4.452702e-01,2.765918e-02,6.211774e-02
3400,layers.3.qk_lut.log_select_temp,8.032572e-01,7.043839e-03,8.769095e-03
3400,layers.3.v_lut.weights,7.469595e+01,1.817665e+01,2.433418e-01
3400,layers.3.v_lut.log_soft_score_temp,8.003088e-01,1.767266e-02,2.208230e-02
3400,layers.3.v_lut.log_select_temp,9.713199e-01,5.015433e-03,5.163523e-03
3400,layers.3.out_proj.weights,1.692551e+02,4.255481e+01,2.514241e-01
3400,layers.3.out_proj.log_soft_score_temp,4.571672e-01,3.568456e-02,7.805581e-02
3400,layers.3.out_proj.log_select_temp,9.154469e-01,1.657033e-02,1.810081e-02
3400,layers.3.residual_lut.weights,1.054856e+02,2.668554e+01,2.529779e-01
3400,layers.3.residual_lut.log_soft_score_temp,5.727210e-01,6.814480e-03,1.189843e-02
3400,layers.3.residual_lut.log_select_temp,8.130786e-01,1.791614e-02,2.203494e-02
3400,layers.3.q_norm.weight,9.147039e+00,9.787882e-02,1.070060e-02
3400,layers.3.q_norm.bias,4.194765e-01,2.678746e-02,6.385926e-02
3400,layers.3.k_norm.weight,9.111514e+00,9.621218e-02,1.055941e-02
3400,layers.3.k_norm.bias,6.365914e-01,4.070365e-02,6.394000e-02
3400,layers.4.qk_lut.weights,7.957513e+01,1.919935e+01,2.412732e-01
3400,layers.4.qk_lut.log_soft_score_temp,5.046425e-01,1.509398e-02,2.991025e-02
3400,layers.4.qk_lut.log_select_temp,7.656152e-01,6.430089e-03,8.398591e-03
3400,layers.4.v_lut.weights,7.630738e+01,1.871733e+01,2.452886e-01
3400,layers.4.v_lut.log_soft_score_temp,7.524419e-01,2.060682e-02,2.738659e-02
3400,layers.4.v_lut.log_select_temp,9.835557e-01,8.554459e-03,8.697482e-03
3400,layers.4.out_proj.weights,1.706020e+02,4.296865e+01,2.518648e-01
3400,layers.4.out_proj.log_soft_score_temp,4.928434e-01,3.520203e-02,7.142639e-02
3400,layers.4.out_proj.log_select_temp,8.256915e-01,6.773591e-03,8.203537e-03
3400,layers.4.residual_lut.weights,1.032549e+02,2.680782e+01,2.596277e-01
3400,layers.4.residual_lut.log_soft_score_temp,5.399504e-01,8.414924e-03,1.558463e-02
3400,layers.4.residual_lut.log_select_temp,8.089204e-01,1.948196e-02,2.408390e-02
3400,layers.4.q_norm.weight,8.644946e+00,3.663518e-02,4.237756e-03
3400,layers.4.q_norm.bias,4.548704e-01,2.072981e-02,4.557301e-02
3400,layers.4.k_norm.weight,8.611043e+00,3.749870e-02,4.354722e-03
3400,layers.4.k_norm.bias,7.100613e-01,2.849726e-02,4.013352e-02
3400,layers.5.qk_lut.weights,7.924831e+01,1.941764e+01,2.450228e-01
3400,layers.5.qk_lut.log_soft_score_temp,5.608776e-01,1.794261e-02,3.199024e-02
3400,layers.5.qk_lut.log_select_temp,7.550081e-01,3.015995e-05,3.994653e-05
3400,layers.5.v_lut.weights,7.726908e+01,1.893223e+01,2.450169e-01
3400,layers.5.v_lut.log_soft_score_temp,7.683991e-01,6.825268e-03,8.882453e-03
3400,layers.5.v_lut.log_select_temp,8.754798e-01,9.945512e-03,1.136007e-02
3400,layers.5.out_proj.weights,1.892587e+02,4.424712e+01,2.337917e-01
3400,layers.5.out_proj.log_soft_score_temp,6.361081e-01,2.603412e-02,4.092719e-02
3400,layers.5.out_proj.log_select_temp,8.994669e-01,1.113296e-02,1.237728e-02
3400,layers.5.residual_lut.weights,1.064300e+02,2.719055e+01,2.554782e-01
3400,layers.5.residual_lut.log_soft_score_temp,5.141326e-01,1.332259e-02,2.591276e-02
3400,layers.5.residual_lut.log_select_temp,8.024163e-01,2.097285e-02,2.613712e-02
3400,layers.5.q_norm.weight,8.548860e+00,3.856344e-02,4.510946e-03
3400,layers.5.q_norm.bias,2.801988e-01,1.746506e-02,6.233095e-02
3400,layers.5.k_norm.weight,8.520657e+00,3.825944e-02,4.490198e-03
3400,layers.5.k_norm.bias,4.271152e-01,3.138888e-02,7.349043e-02
3400,ln_final.weight,3.120465e+01,7.993875e-01,2.561757e-02
3400,ln_final.bias,1.539191e+00,8.301906e-02,5.393682e-02
3600,tok_emb_E.weight,1.493277e+02,7.516489e+00,5.033552e-02
3600,emb_resid_lut.weights,1.466680e+02,2.413533e+01,1.645576e-01
3600,emb_resid_lut.log_soft_score_temp,1.198479e+00,1.856792e-02,1.549290e-02
3600,emb_resid_lut.log_select_temp,1.344051e+00,2.125192e-02,1.581184e-02
3600,unembedder.weight,1.694987e+02,1.435917e+01,8.471550e-02
3600,layers.0.qk_lut.weights,8.265540e+01,1.701108e+01,2.058072e-01
3600,layers.0.qk_lut.log_soft_score_temp,9.459732e-01,5.278945e-03,5.580438e-03
3600,layers.0.qk_lut.log_select_temp,9.361513e-01,9.252608e-03,9.883667e-03
3600,layers.0.v_lut.weights,7.825074e+01,1.702241e+01,2.175367e-01
3600,layers.0.v_lut.log_soft_score_temp,8.076307e-01,1.877242e-02,2.324382e-02
3600,layers.0.v_lut.log_select_temp,1.012238e+00,3.281355e-03,3.241683e-03
3600,layers.0.out_proj.weights,1.628680e+02,3.905542e+01,2.397979e-01
3600,layers.0.out_proj.log_soft_score_temp,2.856509e-01,4.780975e-02,1.673713e-01
3600,layers.0.out_proj.log_select_temp,7.264136e-01,1.341701e-03,1.847020e-03
3600,layers.0.residual_lut.weights,1.068387e+02,2.550321e+01,2.387075e-01
3600,layers.0.residual_lut.log_soft_score_temp,4.442202e-01,1.461536e-02,3.290116e-02
3600,layers.0.residual_lut.log_select_temp,6.377098e-01,3.735602e-03,5.857840e-03
3600,layers.0.q_norm.weight,8.937517e+00,3.050986e-02,3.413684e-03
3600,layers.0.q_norm.bias,6.052760e-01,1.973094e-02,3.259825e-02
3600,layers.0.k_norm.weight,8.889588e+00,2.908061e-02,3.271311e-03
3600,layers.0.k_norm.bias,8.344371e-01,2.997609e-02,3.592372e-02
3600,layers.1.qk_lut.weights,8.165541e+01,1.819286e+01,2.228004e-01
3600,layers.1.qk_lut.log_soft_score_temp,3.846396e-01,2.250910e-02,5.851997e-02
3600,layers.1.qk_lut.log_select_temp,8.149685e-01,7.047534e-03,8.647616e-03
3600,layers.1.v_lut.weights,7.601897e+01,1.752216e+01,2.304972e-01
3600,layers.1.v_lut.log_soft_score_temp,5.381989e-01,2.945954e-02,5.473727e-02
3600,layers.1.v_lut.log_select_temp,9.216433e-01,8.017123e-03,8.698726e-03
3600,layers.1.out_proj.weights,1.646511e+02,4.093419e+01,2.486118e-01
3600,layers.1.out_proj.log_soft_score_temp,2.387346e-01,4.307404e-02,1.804265e-01
3600,layers.1.out_proj.log_select_temp,6.987108e-01,2.304971e-03,3.298892e-03
3600,layers.1.residual_lut.weights,1.084515e+02,2.616432e+01,2.412537e-01
3600,layers.1.residual_lut.log_soft_score_temp,5.333272e-01,6.370187e-03,1.194424e-02
3600,layers.1.residual_lut.log_select_temp,7.403074e-01,1.067591e-02,1.442091e-02
3600,layers.1.q_norm.weight,9.129761e+00,7.105602e-02,7.782900e-03
3600,layers.1.q_norm.bias,5.309075e-01,2.263582e-02,4.263609e-02
3600,layers.1.k_norm.weight,9.094887e+00,7.010417e-02,7.708087e-03
3600,layers.1.k_norm.bias,7.644207e-01,2.802847e-02,3.666628e-02
3600,layers.2.qk_lut.weights,8.269006e+01,1.870734e+01,2.262345e-01
3600,layers.2.qk_lut.log_soft_score_temp,4.281698e-01,1.683190e-02,3.931128e-02
3600,layers.2.qk_lut.log_select_temp,7.518688e-01,6.498396e-03,8.642993e-03
3600,layers.2.v_lut.weights,7.652559e+01,1.811521e+01,2.367209e-01
3600,layers.2.v_lut.log_soft_score_temp,4.082277e-01,2.942324e-02,7.207554e-02
3600,layers.2.v_lut.log_select_temp,8.737521e-01,7.534564e-03,8.623228e-03
3600,layers.2.out_proj.weights,1.688886e+02,4.107292e+01,2.431953e-01
3600,layers.2.out_proj.log_soft_score_temp,3.016139e-01,4.567108e-02,1.514223e-01
3600,layers.2.out_proj.log_select_temp,7.452389e-01,6.933033e-03,9.303102e-03
3600,layers.2.residual_lut.weights,1.075021e+02,2.611733e+01,2.429472e-01
3600,layers.2.residual_lut.log_soft_score_temp,5.198662e-01,1.258540e-02,2.420893e-02
3600,layers.2.residual_lut.log_select_temp,8.043051e-01,1.604301e-02,1.994642e-02
3600,layers.2.q_norm.weight,8.883033e+00,3.267206e-02,3.678030e-03
3600,layers.2.q_norm.bias,5.552215e-01,2.028867e-02,3.654159e-02
3600,layers.2.k_norm.weight,8.852991e+00,3.275963e-02,3.700402e-03
3600,layers.2.k_norm.bias,8.995402e-01,2.872033e-02,3.192779e-02
3600,layers.3.qk_lut.weights,8.108561e+01,1.894436e+01,2.336341e-01
3600,layers.3.qk_lut.log_soft_score_temp,4.215305e-01,2.373970e-02,5.631786e-02
3600,layers.3.qk_lut.log_select_temp,8.107011e-01,7.443905e-03,9.182059e-03
3600,layers.3.v_lut.weights,7.770358e+01,1.797413e+01,2.313167e-01
3600,layers.3.v_lut.log_soft_score_temp,7.832736e-01,1.703525e-02,2.174878e-02
3600,layers.3.v_lut.log_select_temp,9.743317e-01,3.011823e-03,3.091168e-03
3600,layers.3.out_proj.weights,1.765723e+02,4.220312e+01,2.390133e-01
3600,layers.3.out_proj.log_soft_score_temp,4.188342e-01,3.833297e-02,9.152301e-02
3600,layers.3.out_proj.log_select_temp,9.266504e-01,1.120347e-02,1.209029e-02
3600,layers.3.residual_lut.weights,1.100966e+02,2.642248e+01,2.399935e-01
3600,layers.3.residual_lut.log_soft_score_temp,5.671998e-01,5.521238e-03,9.734203e-03
3600,layers.3.residual_lut.log_select_temp,8.299265e-01,1.684785e-02,2.030041e-02
3600,layers.3.q_norm.weight,9.220202e+00,9.076657e-02,9.844314e-03
3600,layers.3.q_norm.bias,4.384635e-01,2.596649e-02,5.922155e-02
3600,layers.3.k_norm.weight,9.183255e+00,9.090304e-02,9.898781e-03
3600,layers.3.k_norm.bias,6.621976e-01,3.564471e-02,5.382790e-02
3600,layers.4.qk_lut.weights,8.277935e+01,1.907816e+01,2.304700e-01
3600,layers.4.qk_lut.log_soft_score_temp,4.883927e-01,1.624984e-02,3.327207e-02
3600,layers.4.qk_lut.log_select_temp,7.701049e-01,4.489720e-03,5.830010e-03
3600,layers.4.v_lut.weights,7.934814e+01,1.853249e+01,2.335592e-01
3600,layers.4.v_lut.log_soft_score_temp,7.328546e-01,1.958728e-02,2.672737e-02
3600,layers.4.v_lut.log_select_temp,9.925716e-01,9.015858e-03,9.083333e-03
3600,layers.4.out_proj.weights,1.773796e+02,4.258078e+01,2.400546e-01
3600,layers.4.out_proj.log_soft_score_temp,4.556547e-01,3.718874e-02,8.161606e-02
3600,layers.4.out_proj.log_select_temp,8.292452e-01,3.553629e-03,4.285378e-03
3600,layers.4.residual_lut.weights,1.077790e+02,2.654175e+01,2.462608e-01
3600,layers.4.residual_lut.log_soft_score_temp,5.330064e-01,6.944001e-03,1.302799e-02
3600,layers.4.residual_lut.log_select_temp,8.263413e-01,1.742089e-02,2.108195e-02
3600,layers.4.q_norm.weight,8.674234e+00,3.514285e-02,4.051407e-03
3600,layers.4.q_norm.bias,4.715488e-01,1.897349e-02,4.023654e-02
3600,layers.4.k_norm.weight,8.639180e+00,3.523509e-02,4.078523e-03
3600,layers.4.k_norm.bias,7.404003e-01,3.297917e-02,4.454236e-02
3600,layers.5.qk_lut.weights,8.243266e+01,1.927027e+01,2.337698e-01
3600,layers.5.qk_lut.log_soft_score_temp,5.438920e-01,1.698560e-02,3.122972e-02
3600,layers.5.qk_lut.log_select_temp,7.562071e-01,1.199007e-03,1.585554e-03
3600,layers.5.v_lut.weights,8.042741e+01,1.872238e+01,2.327861e-01
3600,layers.5.v_lut.log_soft_score_temp,7.643151e-01,4.083991e-03,5.343334e-03
3600,layers.5.v_lut.log_select_temp,8.877110e-01,1.223117e-02,1.377833e-02
3600,layers.5.out_proj.weights,1.963399e+02,4.395706e+01,2.238824e-01
3600,layers.5.out_proj.log_soft_score_temp,6.099448e-01,2.616328e-02,4.289450e-02
3600,layers.5.out_proj.log_select_temp,9.122695e-01,1.280260e-02,1.403379e-02
3600,layers.5.residual_lut.weights,1.108419e+02,2.692831e+01,2.429435e-01
3600,layers.5.residual_lut.log_soft_score_temp,5.044779e-01,9.654641e-03,1.913789e-02
3600,layers.5.residual_lut.log_select_temp,8.215024e-01,1.908606e-02,2.323312e-02
3600,layers.5.q_norm.weight,8.584573e+00,4.355854e-02,5.074049e-03
3600,layers.5.q_norm.bias,2.964876e-01,2.005298e-02,6.763513e-02
3600,layers.5.k_norm.weight,8.555288e+00,4.178354e-02,4.883943e-03
3600,layers.5.k_norm.bias,4.502258e-01,3.140729e-02,6.975896e-02
3600,ln_final.weight,3.197774e+01,7.760710e-01,2.426910e-02
3600,ln_final.bias,1.563654e+00,7.553321e-02,4.830559e-02
3800,tok_emb_E.weight,1.496328e+02,7.457596e+00,4.983931e-02
3800,emb_resid_lut.weights,1.511216e+02,2.393172e+01,1.583606e-01
3800,emb_resid_lut.log_soft_score_temp,1.173888e+00,2.459097e-02,2.094831e-02
3800,emb_resid_lut.log_select_temp,1.357014e+00,1.296365e-02,9.553070e-03
3800,unembedder.weight,1.706922e+02,1.410474e+01,8.263260e-02
3800,layers.0.qk_lut.weights,8.568022e+01,1.693014e+01,1.975968e-01
3800,layers.0.qk_lut.log_soft_score_temp,9.519207e-01,5.947530e-03,6.247926e-03
3800,layers.0.qk_lut.log_select_temp,9.462346e-01,1.008332e-02,1.065626e-02
3800,layers.0.v_lut.weights,8.109340e+01,1.686898e+01,2.080192e-01
3800,layers.0.v_lut.log_soft_score_temp,7.867047e-01,2.092600e-02,2.659956e-02
3800,layers.0.v_lut.log_select_temp,1.013983e+00,1.744628e-03,1.720570e-03
3800,layers.0.out_proj.weights,1.685948e+02,3.873267e+01,2.297382e-01
3800,layers.0.out_proj.log_soft_score_temp,2.372540e-01,4.839686e-02,2.039875e-01
3800,layers.0.out_proj.log_select_temp,7.249663e-01,1.447320e-03,1.996396e-03
3800,layers.0.residual_lut.weights,1.106878e+02,2.539979e+01,2.294722e-01
3800,layers.0.residual_lut.log_soft_score_temp,4.315282e-01,1.269200e-02,2.941176e-02
3800,layers.0.residual_lut.log_select_temp,6.438904e-01,6.180644e-03,9.598906e-03
3800,layers.0.q_norm.weight,8.960163e+00,2.718529e-02,3.034017e-03
3800,layers.0.q_norm.bias,6.207846e-01,1.792605e-02,2.887643e-02
3800,layers.0.k_norm.weight,8.911217e+00,2.639465e-02,2.961958e-03
3800,layers.0.k_norm.bias,8.549252e-01,2.706364e-02,3.165615e-02
3800,layers.1.qk_lut.weights,8.461466e+01,1.810840e+01,2.140101e-01
3800,layers.1.qk_lut.log_soft_score_temp,3.594099e-01,2.522975e-02,7.019772e-02
3800,layers.1.qk_lut.log_select_temp,8.222804e-01,7.311940e-03,8.892271e-03
3800,layers.1.v_lut.weights,7.875770e+01,1.734791e+01,2.202694e-01
3800,layers.1.v_lut.log_soft_score_temp,5.080660e-01,3.013289e-02,5.930901e-02
3800,layers.1.v_lut.log_select_temp,9.266081e-01,4.964828e-03,5.358067e-03
3800,layers.1.out_proj.weights,1.704014e+02,4.059884e+01,2.382542e-01
3800,layers.1.out_proj.log_soft_score_temp,1.935446e-01,4.518998e-02,2.334861e-01
3800,layers.1.out_proj.log_select_temp,6.980355e-01,6.752610e-04,9.673734e-04
3800,layers.1.residual_lut.weights,1.125538e+02,2.607165e+01,2.316372e-01
3800,layers.1.residual_lut.log_soft_score_temp,5.277593e-01,5.567968e-03,1.055020e-02
3800,layers.1.residual_lut.log_select_temp,7.528877e-01,1.258028e-02,1.670937e-02
3800,layers.1.q_norm.weight,9.180346e+00,6.568352e-02,7.154798e-03
3800,layers.1.q_norm.bias,5.451368e-01,1.964276e-02,3.603271e-02
3800,layers.1.k_norm.weight,9.143783e+00,6.487522e-02,7.095009e-03
3800,layers.1.k_norm.bias,7.823734e-01,2.950308e-02,3.770972e-02
3800,layers.2.qk_lut.weights,8.573759e+01,1.853628e+01,2.161978e-01
3800,layers.2.qk_lut.log_soft_score_temp,4.134153e-01,1.475453e-02,3.568937e-02
3800,layers.2.qk_lut.log_select_temp,7.588060e-01,6.937206e-03,9.142265e-03
3800,layers.2.v_lut.weights,7.923225e+01,1.793139e+01,2.263143e-01
3800,layers.2.v_lut.log_soft_score_temp,3.811665e-01,2.706122e-02,7.099581e-02
3800,layers.2.v_lut.log_select_temp,8.834077e-01,9.655595e-03,1.092994e-02
3800,layers.2.out_proj.weights,1.748258e+02,4.065999e+01,2.325743e-01
3800,layers.2.out_proj.log_soft_score_temp,2.550058e-01,4.660803e-02,1.827724e-01
3800,layers.2.out_proj.log_select_temp,7.370855e-01,8.153379e-03,1.106165e-02
3800,layers.2.residual_lut.weights,1.114571e+02,2.601250e+01,2.333858e-01
3800,layers.2.residual_lut.log_soft_score_temp,5.045531e-01,1.531309e-02,3.034981e-02
3800,layers.2.residual_lut.log_select_temp,8.192573e-01,1.495218e-02,1.825090e-02
3800,layers.2.q_norm.weight,8.901717e+00,2.648748e-02,2.975547e-03
3800,layers.2.q_norm.bias,5.680143e-01,1.523493e-02,2.682138e-02
3800,layers.2.k_norm.weight,8.872173e+00,2.502283e-02,2.820372e-03
3800,layers.2.k_norm.bias,9.225430e-01,2.829746e-02,3.067333e-02
3800,layers.3.qk_lut.weights,8.399950e+01,1.879435e+01,2.237436e-01
3800,layers.3.qk_lut.log_soft_score_temp,3.968292e-01,2.470133e-02,6.224675e-02
3800,layers.3.qk_lut.log_select_temp,8.180311e-01,7.330060e-03,8.960613e-03
3800,layers.3.v_lut.weights,8.051980e+01,1.783339e+01,2.214783e-01
3800,layers.3.v_lut.log_soft_score_temp,7.658950e-01,1.737857e-02,2.269054e-02
3800,layers.3.v_lut.log_select_temp,9.766967e-01,2.364993e-03,2.421420e-03
3800,layers.3.out_proj.weights,1.836120e+02,4.184834e+01,2.279173e-01
3800,layers.3.out_proj.log_soft_score_temp,3.793181e-01,3.951615e-02,1.041768e-01
3800,layers.3.out_proj.log_select_temp,9.382985e-01,1.164806e-02,1.241402e-02
3800,layers.3.residual_lut.weights,1.145042e+02,2.628495e+01,2.295545e-01
3800,layers.3.residual_lut.log_soft_score_temp,5.618952e-01,5.304575e-03,9.440506e-03
3800,layers.3.residual_lut.log_select_temp,8.477409e-01,1.781440e-02,2.101397e-02
3800,layers.3.q_norm.weight,9.287136e+00,8.529387e-02,9.184088e-03
3800,layers.3.q_norm.bias,4.553125e-01,2.568196e-02,5.640512e-02
3800,layers.3.k_norm.weight,9.248228e+00,8.449714e-02,9.136576e-03
3800,layers.3.k_norm.bias,6.878057e-01,3.719065e-02,5.407145e-02
3800,layers.4.qk_lut.weights,8.584492e+01,1.894551e+01,2.206946e-01
3800,layers.4.qk_lut.log_soft_score_temp,4.733475e-01,1.504514e-02,3.178455e-02
3800,layers.4.qk_lut.log_select_temp,7.736309e-01,3.525972e-03,4.557693e-03
3800,layers.4.v_lut.weights,8.224753e+01,1.839391e+01,2.236409e-01
3800,layers.4.v_lut.log_soft_score_temp,7.102810e-01,2.257365e-02,3.178130e-02
3800,layers.4.v_lut.log_select_temp,1.000442e+00,7.870197e-03,7.866722e-03
3800,layers.4.out_proj.weights,1.837749e+02,4.205166e+01,2.288215e-01
3800,layers.4.out_proj.log_soft_score_temp,4.185928e-01,3.706187e-02,8.853920e-02
3800,layers.4.out_proj.log_select_temp,8.343294e-01,5.084217e-03,6.093776e-03
3800,layers.4.residual_lut.weights,1.121188e+02,2.640791e+01,2.355351e-01
3800,layers.4.residual_lut.log_soft_score_temp,5.251877e-01,7.818699e-03,1.488744e-02
3800,layers.4.residual_lut.log_select_temp,8.452702e-01,1.892889e-02,2.239389e-02
3800,layers.4.q_norm.weight,8.693533e+00,2.747956e-02,3.160920e-03
3800,layers.4.q_norm.bias,4.841934e-01,1.565471e-02,3.233153e-02
3800,layers.4.k_norm.weight,8.658341e+00,2.635887e-02,3.044333e-03
3800,layers.4.k_norm.bias,7.594047e-01,2.495135e-02,3.285646e-02
3800,layers.5.qk_lut.weights,8.542552e+01,1.906266e+01,2.231495e-01
3800,layers.5.qk_lut.log_soft_score_temp,5.262839e-01,1.760811e-02,3.345743e-02
3800,layers.5.qk_lut.log_select_temp,7.563343e-01,1.271963e-04,1.681747e-04
3800,layers.5.v_lut.weights,8.341832e+01,1.860747e+01,2.230621e-01
3800,layers.5.v_lut.log_soft_score_temp,7.563695e-01,7.945538e-03,1.050484e-02
3800,layers.5.v_lut.log_select_temp,8.980986e-01,1.038766e-02,1.156628e-02
3800,layers.5.out_proj.weights,2.029882e+02,4.335588e+01,2.135882e-01
3800,layers.5.out_proj.log_soft_score_temp,5.791677e-01,3.077710e-02,5.314021e-02
3800,layers.5.out_proj.log_select_temp,9.235448e-01,1.127529e-02,1.220871e-02
3800,layers.5.residual_lut.weights,1.150952e+02,2.675011e+01,2.324172e-01
3800,layers.5.residual_lut.log_soft_score_temp,4.931961e-01,1.128185e-02,2.287498e-02
3800,layers.5.residual_lut.log_select_temp,8.423293e-01,2.082694e-02,2.472541e-02
3800,layers.5.q_norm.weight,8.616557e+00,3.933833e-02,4.565435e-03
3800,layers.5.q_norm.bias,3.066924e-01,1.561162e-02,5.090320e-02
3800,layers.5.k_norm.weight,8.585827e+00,3.910156e-02,4.554199e-03
3800,layers.5.k_norm.bias,4.700559e-01,2.902744e-02,6.175316e-02
3800,ln_final.weight,3.273576e+01,7.602775e-01,2.322468e-02
3800,ln_final.bias,1.586395e+00,7.380750e-02,4.652530e-02
4000,tok_emb_E.weight,1.499316e+02,7.402947e+00,4.937548e-02
4000,emb_resid_lut.weights,1.552984e+02,2.384114e+01,1.535183e-01
4000,emb_resid_lut.log_soft_score_temp,1.145991e+00,2.789712e-02,2.434323e-02
4000,emb_resid_lut.log_select_temp,1.367130e+00,1.011598e-02,7.399427e-03
4000,unembedder.weight,1.717841e+02,1.395388e+01,8.122918e-02
4000,layers.0.qk_lut.weights,8.855604e+01,1.685639e+01,1.903472e-01
4000,layers.0.qk_lut.log_soft_score_temp,9.562867e-01,4.366040e-03,4.565618e-03
4000,layers.0.qk_lut.log_select_temp,9.549373e-01,8.702695e-03,9.113368e-03
4000,layers.0.v_lut.weights,8.380796e+01,1.683045e+01,2.008217e-01
4000,layers.0.v_lut.log_soft_score_temp,7.671859e-01,1.951879e-02,2.544206e-02
4000,layers.0.v_lut.log_select_temp,1.018275e+00,4.292488e-03,4.215450e-03
4000,layers.0.out_proj.weights,1.740128e+02,3.836824e+01,2.204909e-01
4000,layers.0.out_proj.log_soft_score_temp,1.910834e-01,4.617065e-02,2.416257e-01
4000,layers.0.out_proj.log_select_temp,7.279012e-01,2.934873e-03,4.031967e-03
4000,layers.0.residual_lut.weights,1.143704e+02,2.526070e+01,2.208675e-01
4000,layers.0.residual_lut.log_soft_score_temp,4.190829e-01,1.244521e-02,2.969630e-02
4000,layers.0.residual_lut.log_select_temp,6.525630e-01,8.672595e-03,1.329005e-02
4000,layers.0.q_norm.weight,8.981270e+00,2.753395e-02,3.065708e-03
4000,layers.0.q_norm.bias,6.361319e-01,1.895483e-02,2.979702e-02
4000,layers.0.k_norm.weight,8.930692e+00,2.741393e-02,3.069631e-03
4000,layers.0.k_norm.bias,8.746939e-01,2.555949e-02,2.922107e-02
4000,layers.1.qk_lut.weights,8.743142e+01,1.788312e+01,2.045388e-01
4000,layers.1.qk_lut.log_soft_score_temp,3.368030e-01,2.260685e-02,6.712187e-02
4000,layers.1.qk_lut.log_select_temp,8.293734e-01,7.093012e-03,8.552254e-03
4000,layers.1.v_lut.weights,8.137114e+01,1.723195e+01,2.117698e-01
4000,layers.1.v_lut.log_soft_score_temp,4.765190e-01,3.154704e-02,6.620312e-02
4000,layers.1.v_lut.log_select_temp,9.335822e-01,6.974101e-03,7.470259e-03
4000,layers.1.out_proj.weights,1.758370e+02,4.022686e+01,2.287736e-01
4000,layers.1.out_proj.log_soft_score_temp,1.469139e-01,4.663074e-02,3.174019e-01
4000,layers.1.out_proj.log_select_temp,6.973091e-01,7.264614e-04,1.041807e-03
4000,layers.1.residual_lut.weights,1.164707e+02,2.591107e+01,2.224685e-01
4000,layers.1.residual_lut.log_soft_score_temp,5.225449e-01,5.214393e-03,9.978843e-03
4000,layers.1.residual_lut.log_select_temp,7.683697e-01,1.548207e-02,2.014924e-02
4000,layers.1.q_norm.weight,9.233256e+00,6.428512e-02,6.962346e-03
4000,layers.1.q_norm.bias,5.604152e-01,2.124766e-02,3.791415e-02
4000,layers.1.k_norm.weight,9.195430e+00,6.367560e-02,6.924700e-03
4000,layers.1.k_norm.bias,8.020595e-01,2.835523e-02,3.535302e-02
4000,layers.2.qk_lut.weights,8.864319e+01,1.831927e+01,2.066631e-01
4000,layers.2.qk_lut.log_soft_score_temp,4.024054e-01,1.100987e-02,2.736015e-02
4000,layers.2.qk_lut.log_select_temp,7.680539e-01,9.247899e-03,1.204069e-02
4000,layers.2.v_lut.weights,8.180717e+01,1.776842e+01,2.171988e-01
4000,layers.2.v_lut.log_soft_score_temp,3.546747e-01,2.649179e-02,7.469320e-02
4000,layers.2.v_lut.log_select_temp,8.957117e-01,1.230401e-02,1.373657e-02
4000,layers.2.out_proj.weights,1.804581e+02,4.028817e+01,2.232549e-01
4000,layers.2.out_proj.log_soft_score_temp,2.111719e-01,4.383393e-02,2.075746e-01
4000,layers.2.out_proj.log_select_temp,7.305668e-01,6.518722e-03,8.922828e-03
4000,layers.2.residual_lut.weights,1.152092e+02,2.582968e+01,2.241981e-01
4000,layers.2.residual_lut.log_soft_score_temp,4.893988e-01,1.515424e-02,3.096502e-02
4000,layers.2.residual_lut.log_select_temp,8.369385e-01,1.768124e-02,2.112609e-02
4000,layers.2.q_norm.weight,8.929163e+00,3.370786e-02,3.775030e-03
4000,layers.2.q_norm.bias,5.842369e-01,1.833917e-02,3.138995e-02
4000,layers.2.k_norm.weight,8.898094e+00,3.141285e-02,3.530289e-03
4000,layers.2.k_norm.bias,9.440342e-01,2.549599e-02,2.700749e-02
4000,layers.3.qk_lut.weights,8.676593e+01,1.859171e+01,2.142743e-01
4000,layers.3.qk_lut.log_soft_score_temp,3.702771e-01,2.655205e-02,7.170859e-02
4000,layers.3.qk_lut.log_select_temp,8.261554e-01,8.124292e-03,9.833854e-03
4000,layers.3.v_lut.weights,8.320446e+01,1.771364e+01,2.128929e-01
4000,layers.3.v_lut.log_soft_score_temp,7.427478e-01,2.314717e-02,3.116423e-02
4000,layers.3.v_lut.log_select_temp,9.772897e-01,5.930066e-04,6.067869e-04
4000,layers.3.out_proj.weights,1.903142e+02,4.147103e+01,2.179082e-01
4000,layers.3.out_proj.log_soft_score_temp,3.387886e-01,4.052946e-02,1.196305e-01
4000,layers.3.out_proj.log_select_temp,9.484220e-01,1.012349e-02,1.067404e-02
4000,layers.3.residual_lut.weights,1.187200e+02,2.613736e+01,2.201596e-01
4000,layers.3.residual_lut.log_soft_score_temp,5.547928e-01,7.102370e-03,1.280184e-02
4000,layers.3.residual_lut.log_select_temp,8.673137e-01,1.957285e-02,2.256721e-02
4000,layers.3.q_norm.weight,9.355049e+00,8.495533e-02,9.081227e-03
4000,layers.3.q_norm.bias,4.696946e-01,2.333470e-02,4.968058e-02
4000,layers.3.k_norm.weight,9.314601e+00,8.419180e-02,9.038691e-03
4000,layers.3.k_norm.bias,7.129691e-01,3.508455e-02,4.920908e-02
4000,layers.4.qk_lut.weights,8.873344e+01,1.881351e+01,2.120227e-01
4000,layers.4.qk_lut.log_soft_score_temp,4.601770e-01,1.317051e-02,2.862053e-02
4000,layers.4.qk_lut.log_select_temp,7.802611e-01,6.630182e-03,8.497389e-03
4000,layers.4.v_lut.weights,8.497385e+01,1.825214e+01,2.147972e-01
4000,layers.4.v_lut.log_soft_score_temp,6.886762e-01,2.160472e-02,3.137137e-02
4000,layers.4.v_lut.log_select_temp,1.008106e+00,7.664561e-03,7.602929e-03
4000,layers.4.out_proj.weights,1.899441e+02,4.173579e+01,2.197267e-01
4000,layers.4.out_proj.log_soft_score_temp,3.848245e-01,3.376830e-02,8.774986e-02
4000,layers.4.out_proj.log_select_temp,8.401462e-01,5.816877e-03,6.923648e-03
4000,layers.4.residual_lut.weights,1.162638e+02,2.627285e+01,2.259762e-01
4000,layers.4.residual_lut.log_soft_score_temp,5.158712e-01,9.316504e-03,1.805975e-02
4000,layers.4.residual_lut.log_select_temp,8.664191e-01,2.114898e-02,2.440964e-02
4000,layers.4.q_norm.weight,8.713673e+00,2.829571e-02,3.247278e-03
4000,layers.4.q_norm.bias,4.957095e-01,1.525339e-02,3.077082e-02
4000,layers.4.k_norm.weight,8.677840e+00,2.712874e-02,3.126208e-03
4000,layers.4.k_norm.bias,7.786257e-01,2.578117e-02,3.311112e-02
4000,layers.5.qk_lut.weights,8.830062e+01,1.897788e+01,2.149235e-01
4000,layers.5.qk_lut.log_soft_score_temp,5.111101e-01,1.517373e-02,2.968780e-02
4000,layers.5.qk_lut.log_select_temp,7.597012e-01,3.366888e-03,4.431858e-03
4000,layers.5.v_lut.weights,8.625802e+01,1.852646e+01,2.147796e-01
4000,layers.5.v_lut.log_soft_score_temp,7.508368e-01,5.532682e-03,7.368687e-03
4000,layers.5.v_lut.log_select_temp,9.078242e-01,9.725511e-03,1.071299e-02
4000,layers.5.out_proj.weights,2.094020e+02,4.298040e+01,2.052530e-01
4000,layers.5.out_proj.log_soft_score_temp,5.502235e-01,2.894425e-02,5.260454e-02
4000,layers.5.out_proj.log_select_temp,9.349267e-01,1.138192e-02,1.217414e-02
4000,layers.5.residual_lut.weights,1.192157e+02,2.659009e+01,2.230419e-01
4000,layers.5.residual_lut.log_soft_score_temp,4.823157e-01,1.088032e-02,2.255850e-02
4000,layers.5.residual_lut.log_select_temp,8.651626e-01,2.283323e-02,2.639184e-02
4000,layers.5.q_norm.weight,8.646642e+00,3.690617e-02,4.268267e-03
4000,layers.5.q_norm.bias,3.190854e-01,1.552270e-02,4.864749e-02
4000,layers.5.k_norm.weight,8.614285e+00,3.716359e-02,4.314182e-03
4000,layers.5.k_norm.bias,4.882381e-01,2.579029e-02,5.282318e-02
4000,ln_final.weight,3.349284e+01,7.584391e-01,2.264482e-02
4000,ln_final.bias,1.612285e+00,7.607372e-02,4.718379e-02
4200,tok_emb_E.weight,1.502249e+02,7.321654e+00,4.873794e-02
4200,emb_resid_lut.weights,1.592553e+02,2.353528e+01,1.477833e-01
4200,emb_resid_lut.log_soft_score_temp,1.116405e+00,2.958632e-02,2.650142e-02
4200,emb_resid_lut.log_select_temp,1.375027e+00,7.897019e-03,5.743173e-03
4200,unembedder.weight,1.726813e+02,1.363088e+01,7.893666e-02
4200,layers.0.qk_lut.weights,9.128679e+01,1.666253e+01,1.825295e-01
4200,layers.0.qk_lut.log_soft_score_temp,9.577180e-01,1.431227e-03,1.494414e-03
4200,layers.0.qk_lut.log_select_temp,9.618884e-01,6.951034e-03,7.226446e-03
4200,layers.0.v_lut.weights,8.637129e+01,1.669209e+01,1.932598e-01
4200,layers.0.v_lut.log_soft_score_temp,7.479440e-01,1.924193e-02,2.572643e-02
4200,layers.0.v_lut.log_select_temp,1.019790e+00,1.514912e-03,1.485513e-03
4200,layers.0.out_proj.weights,1.790966e+02,3.796021e+01,2.119538e-01
4200,layers.0.out_proj.log_soft_score_temp,1.436080e-01,4.747532e-02,3.305896e-01
4200,layers.0.out_proj.log_select_temp,7.269241e-01,9.770393e-04,1.344073e-03
4200,layers.0.residual_lut.weights,1.178108e+02,2.495929e+01,2.118590e-01
4200,layers.0.residual_lut.log_soft_score_temp,4.060111e-01,1.307184e-02,3.219576e-02
4200,layers.0.residual_lut.log_select_temp,6.614842e-01,8.921206e-03,1.348665e-02
4200,layers.0.q_norm.weight,9.001090e+00,2.658177e-02,2.953172e-03
4200,layers.0.q_norm.bias,6.495933e-01,1.672175e-02,2.574188e-02
4200,layers.0.k_norm.weight,8.949368e+00,2.490656e-02,2.783052e-03
4200,layers.0.k_norm.bias,8.991676e-01,2.971468e-02,3.304687e-02
4200,layers.1.qk_lut.weights,9.010609e+01,1.775539e+01,1.970498e-01
4200,layers.1.qk_lut.log_soft_score_temp,3.128350e-01,2.396798e-02,7.661540e-02
4200,layers.1.qk_lut.log_select_temp,8.373039e-01,7.930458e-03,9.471421e-03
4200,layers.1.v_lut.weights,8.385351e+01,1.702605e+01,2.030452e-01
4200,layers.1.v_lut.log_soft_score_temp,4.477349e-01,2.878410e-02,6.428826e-02
4200,layers.1.v_lut.log_select_temp,9.433472e-01,9.764910e-03,1.035134e-02
4200,layers.1.out_proj.weights,1.810064e+02,3.975686e+01,2.196434e-01
4200,layers.1.out_proj.log_soft_score_temp,1.042805e-01,4.263335e-02,4.088334e-01
4200,layers.1.out_proj.log_select_temp,7.006935e-01,3.384411e-03,4.830088e-03
4200,layers.1.residual_lut.weights,1.201594e+02,2.564152e+01,2.133958e-01
4200,layers.1.residual_lut.log_soft_score_temp,5.170447e-01,5.500197e-03,1.063776e-02
4200,layers.1.residual_lut.log_select_temp,7.821487e-01,1.377898e-02,1.761683e-02
4200,layers.1.q_norm.weight,9.288218e+00,6.618573e-02,7.125773e-03
4200,layers.1.q_norm.bias,5.776158e-01,2.362619e-02,4.090296e-02
4200,layers.1.k_norm.weight,9.248757e+00,6.491614e-02,7.018904e-03
4200,layers.1.k_norm.bias,8.224171e-01,3.014921e-02,3.665927e-02
4200,layers.2.qk_lut.weights,9.138741e+01,1.817105e+01,1.988354e-01
4200,layers.2.qk_lut.log_soft_score_temp,3.922721e-01,1.013330e-02,2.583231e-02
4200,layers.2.qk_lut.log_select_temp,7.776120e-01,9.558141e-03,1.229166e-02
4200,layers.2.v_lut.weights,8.424776e+01,1.761257e+01,2.090568e-01
4200,layers.2.v_lut.log_soft_score_temp,3.290901e-01,2.558467e-02,7.774367e-02
4200,layers.2.v_lut.log_select_temp,9.066145e-01,1.090282e-02,1.202586e-02
4200,layers.2.out_proj.weights,1.858059e+02,3.979525e+01,2.141765e-01
4200,layers.2.out_proj.log_soft_score_temp,1.675852e-01,4.358667e-02,2.600866e-01
4200,layers.2.out_proj.log_select_temp,7.269005e-01,3.666341e-03,5.043801e-03
4200,layers.2.residual_lut.weights,1.187436e+02,2.555421e+01,2.152049e-01
4200,layers.2.residual_lut.log_soft_score_temp,4.745000e-01,1.489884e-02,3.139902e-02
4200,layers.2.residual_lut.log_select_temp,8.540646e-01,1.712608e-02,2.005245e-02
4200,layers.2.q_norm.weight,8.954345e+00,3.042495e-02,3.397786e-03
4200,layers.2.q_norm.bias,5.993788e-01,1.781531e-02,2.972296e-02
4200,layers.2.k_norm.weight,8.922606e+00,2.927343e-02,3.280816e-03
4200,layers.2.k_norm.bias,9.680037e-01,2.819579e-02,2.912777e-02
4200,layers.3.qk_lut.weights,8.938433e+01,1.843927e+01,2.062920e-01
4200,layers.3.qk_lut.log_soft_score_temp,3.470074e-01,2.326974e-02,6.705835e-02
4200,layers.3.qk_lut.log_select_temp,8.359579e-01,9.802461e-03,1.172602e-02
4200,layers.3.v_lut.weights,8.574316e+01,1.756372e+01,2.048411e-01
4200,layers.3.v_lut.log_soft_score_temp,7.220143e-01,2.073354e-02,2.871624e-02
4200,layers.3.v_lut.log_select_temp,9.781875e-01,8.978248e-04,9.178453e-04
4200,layers.3.out_proj.weights,1.968161e+02,4.102948e+01,2.084661e-01
4200,layers.3.out_proj.log_soft_score_temp,3.000128e-01,3.877580e-02,1.292471e-01
4200,layers.3.out_proj.log_select_temp,9.596392e-01,1.121724e-02,1.168901e-02
4200,layers.3.residual_lut.weights,1.227415e+02,2.588829e+01,2.109172e-01
4200,layers.3.residual_lut.log_soft_score_temp,5.487801e-01,6.012678e-03,1.095644e-02
4200,layers.3.residual_lut.log_select_temp,8.857660e-01,1.845223e-02,2.083194e-02
4200,layers.3.q_norm.weight,9.414234e+00,7.922257e-02,8.415190e-03
4200,layers.3.q_norm.bias,4.831602e-01,2.235229e-02,4.626269e-02
4200,layers.3.k_norm.weight,9.372289e+00,7.908759e-02,8.438450e-03
4200,layers.3.k_norm.bias,7.368571e-01,3.513316e-02,4.767974e-02
4200,layers.4.qk_lut.weights,9.147135e+01,1.865938e+01,2.039915e-01
4200,layers.4.qk_lut.log_soft_score_temp,4.458778e-01,1.429924e-02,3.206987e-02
4200,layers.4.qk_lut.log_select_temp,7.871628e-01,6.901681e-03,8.767794e-03
4200,layers.4.v_lut.weights,8.758927e+01,1.807733e+01,2.063875e-01
4200,layers.4.v_lut.log_soft_score_temp,6.623276e-01,2.634859e-02,3.978181e-02
4200,layers.4.v_lut.log_select_temp,1.011553e+00,3.446817e-03,3.407451e-03
4200,layers.4.out_proj.weights,1.957584e+02,4.117628e+01,2.103424e-01
4200,layers.4.out_proj.log_soft_score_temp,3.528592e-01,3.196532e-02,9.058944e-02
4200,layers.4.out_proj.log_select_temp,8.461077e-01,5.961418e-03,7.045697e-03
4200,layers.4.residual_lut.weights,1.202433e+02,2.599317e+01,2.161714e-01
4200,layers.4.residual_lut.log_soft_score_temp,5.094067e-01,6.464422e-03,1.269010e-02
4200,layers.4.residual_lut.log_select_temp,8.866900e-01,2.027088e-02,2.286130e-02
4200,layers.4.q_norm.weight,8.738025e+00,3.218481e-02,3.683305e-03
4200,layers.4.q_norm.bias,5.107960e-01,1.785513e-02,3.495550e-02
4200,layers.4.k_norm.weight,8.700906e+00,3.005733e-02,3.454506e-03
4200,layers.4.k_norm.bias,7.952361e-01,2.615945e-02,3.289520e-02
4200,layers.5.qk_lut.weights,9.102318e+01,1.878766e+01,2.064052e-01
4200,layers.5.qk_lut.log_soft_score_temp,4.929262e-01,1.818398e-02,3.688986e-02
4200,layers.5.qk_lut.log_select_temp,7.591651e-01,5.360842e-04,7.061496e-04
4200,layers.5.v_lut.weights,8.894232e+01,1.835064e+01,2.063207e-01
4200,layers.5.v_lut.log_soft_score_temp,7.400203e-01,1.081651e-02,1.461651e-02
4200,layers.5.v_lut.log_select_temp,9.156801e-01,7.855952e-03,8.579363e-03
4200,layers.5.out_proj.weights,2.155216e+02,4.239270e+01,1.966981e-01
4200,layers.5.out_proj.log_soft_score_temp,5.204636e-01,2.975988e-02,5.717957e-02
4200,layers.5.out_proj.log_select_temp,9.467645e-01,1.183784e-02,1.250347e-02
4200,layers.5.residual_lut.weights,1.231488e+02,2.630933e+01,2.136385e-01
4200,layers.5.residual_lut.log_soft_score_temp,4.705483e-01,1.176745e-02,2.500795e-02
4200,layers.5.residual_lut.log_select_temp,8.870590e-01,2.189642e-02,2.468429e-02
4200,layers.5.q_norm.weight,8.679275e+00,3.863783e-02,4.451735e-03
4200,layers.5.q_norm.bias,3.301773e-01,1.500973e-02,4.545962e-02
4200,layers.5.k_norm.weight,8.644560e+00,3.766206e-02,4.356735e-03
4200,layers.5.k_norm.bias,5.063118e-01,2.334611e-02,4.611014e-02
4200,ln_final.weight,3.423679e+01,7.456605e-01,2.177951e-02
4200,ln_final.bias,1.633276e+00,7.183599e-02,4.398278e-02
4400,tok_emb_E.weight,1.505129e+02,7.253223e+00,4.819003e-02
4400,emb_resid_lut.weights,1.629820e+02,2.331020e+01,1.430231e-01
4400,emb_resid_lut.log_soft_score_temp,1.086119e+00,3.028607e-02,2.788468e-02
4400,emb_resid_lut.log_select_temp,1.381690e+00,6.662965e-03,4.822329e-03
4400,unembedder.weight,1.732826e+02,1.333823e+01,7.697386e-02
4400,layers.0.qk_lut.weights,9.387509e+01,1.651726e+01,1.759494e-01
4400,layers.0.qk_lut.log_soft_score_temp,9.581540e-01,4.360676e-04,4.551122e-04
4400,layers.0.qk_lut.log_select_temp,9.683524e-01,6.464064e-03,6.675322e-03
4400,layers.0.v_lut.weights,8.881582e+01,1.654339e+01,1.862662e-01
4400,layers.0.v_lut.log_soft_score_temp,7.307984e-01,1.714557e-02,2.346143e-02
4400,layers.0.v_lut.log_select_temp,1.023376e+00,3.585696e-03,3.503792e-03
4400,layers.0.out_proj.weights,1.839529e+02,3.753214e+01,2.040313e-01
4400,layers.0.out_proj.log_soft_score_temp,1.009905e-01,4.261754e-02,4.219956e-01
4400,layers.0.out_proj.log_select_temp,7.322456e-01,5.321503e-03,7.267374e-03
4400,layers.0.residual_lut.weights,1.210965e+02,2.472367e+01,2.041651e-01
4400,layers.0.residual_lut.log_soft_score_temp,3.944396e-01,1.157153e-02,2.933663e-02
4400,layers.0.residual_lut.log_select_temp,6.719329e-01,1.044869e-02,1.555020e-02
4400,layers.0.q_norm.weight,9.020029e+00,2.666452e-02,2.956145e-03
4400,layers.0.q_norm.bias,6.647891e-01,1.825139e-02,2.745441e-02
4400,layers.0.k_norm.weight,8.966921e+00,2.615127e-02,2.916416e-03
4400,layers.0.k_norm.bias,9.220644e-01,2.804442e-02,3.041482e-02
4400,layers.1.qk_lut.weights,9.264054e+01,1.755193e+01,1.894628e-01
4400,layers.1.qk_lut.log_soft_score_temp,2.877994e-01,2.503568e-02,8.699005e-02
4400,layers.1.qk_lut.log_select_temp,8.437338e-01,6.429911e-03,7.620781e-03
4400,layers.1.v_lut.weights,8.617586e+01,1.682224e+01,1.952083e-01
4400,layers.1.v_lut.log_soft_score_temp,4.189440e-01,2.879089e-02,6.872253e-02
4400,layers.1.v_lut.log_select_temp,9.507394e-01,7.392287e-03,7.775303e-03
4400,layers.1.out_proj.weights,1.858180e+02,3.928410e+01,2.114117e-01
4400,layers.1.out_proj.log_soft_score_temp,6.130911e-02,4.297139e-02,7.008973e-01
4400,layers.1.out_proj.log_select_temp,6.995473e-01,1.146197e-03,1.638484e-03
4400,layers.1.residual_lut.weights,1.236323e+02,2.538241e+01,2.053056e-01
4400,layers.1.residual_lut.log_soft_score_temp,5.092712e-01,7.773459e-03,1.526389e-02
4400,layers.1.residual_lut.log_select_temp,7.955059e-01,1.335722e-02,1.679085e-02
4400,layers.1.q_norm.weight,9.332720e+00,5.603629e-02,6.004283e-03
4400,layers.1.q_norm.bias,5.922381e-01,2.135236e-02,3.605367e-02
4400,layers.1.k_norm.weight,9.292326e+00,5.599389e-02,6.025821e-03
4400,layers.1.k_norm.bias,8.374837e-01,2.261048e-02,2.699811e-02
4400,layers.2.qk_lut.weights,9.399250e+01,1.803878e+01,1.919172e-01
4400,layers.2.qk_lut.log_soft_score_temp,3.829905e-01,9.281635e-03,2.423464e-02
4400,layers.2.qk_lut.log_select_temp,7.872193e-01,9.607315e-03,1.220411e-02
4400,layers.2.v_lut.weights,8.654349e+01,1.729985e+01,1.998977e-01
4400,layers.2.v_lut.log_soft_score_temp,3.057571e-01,2.333295e-02,7.631206e-02
4400,layers.2.v_lut.log_select_temp,9.173530e-01,1.073849e-02,1.170595e-02
4400,layers.2.out_proj.weights,1.908577e+02,3.929841e+01,2.059042e-01
4400,layers.2.out_proj.log_soft_score_temp,1.253612e-01,4.222399e-02,3.368185e-01
4400,layers.2.out_proj.log_select_temp,7.211960e-01,5.704463e-03,7.909726e-03
4400,layers.2.residual_lut.weights,1.221119e+02,2.531046e+01,2.072726e-01
4400,layers.2.residual_lut.log_soft_score_temp,4.604616e-01,1.403841e-02,3.048770e-02
4400,layers.2.residual_lut.log_select_temp,8.718392e-01,1.777464e-02,2.038752e-02
4400,layers.2.q_norm.weight,8.974734e+00,2.790425e-02,3.109201e-03
4400,layers.2.q_norm.bias,6.118833e-01,1.562074e-02,2.552895e-02
4400,layers.2.k_norm.weight,8.942042e+00,2.713997e-02,3.035097e-03
4400,layers.2.k_norm.bias,9.846542e-01,2.356920e-02,2.393652e-02
4400,layers.3.qk_lut.weights,9.188280e+01,1.824989e+01,1.986214e-01
4400,layers.3.qk_lut.log_soft_score_temp,3.250436e-01,2.196380e-02,6.757188e-02
4400,layers.3.qk_lut.log_select_temp,8.476226e-01,1.166475e-02,1.376172e-02
4400,layers.3.v_lut.weights,8.814761e+01,1.738390e+01,1.972135e-01
4400,layers.3.v_lut.log_soft_score_temp,7.020234e-01,1.999086e-02,2.847606e-02
4400,layers.3.v_lut.log_select_temp,9.800923e-01,1.904845e-03,1.943536e-03
4400,layers.3.out_proj.weights,2.031178e+02,4.054568e+01,1.996166e-01
4400,layers.3.out_proj.log_soft_score_temp,2.622698e-01,3.774300e-02,1.439091e-01
4400,layers.3.out_proj.log_select_temp,9.753923e-01,1.575309e-02,1.615052e-02
4400,layers.3.residual_lut.weights,1.265808e+02,2.561927e+01,2.023946e-01
4400,layers.3.residual_lut.log_soft_score_temp,5.420158e-01,6.764352e-03,1.247999e-02
4400,layers.3.residual_lut.log_select_temp,9.048675e-01,1.910156e-02,2.110979e-02
4400,layers.3.q_norm.weight,9.480903e+00,8.123102e-02,8.567857e-03
4400,layers.3.q_norm.bias,5.011458e-01,2.546914e-02,5.082181e-02
4400,layers.3.k_norm.weight,9.437437e+00,8.009479e-02,8.486922e-03
4400,layers.3.k_norm.bias,7.599262e-01,3.611962e-02,4.753043e-02
4400,layers.4.qk_lut.weights,9.408250e+01,1.841484e+01,1.957307e-01
4400,layers.4.qk_lut.log_soft_score_temp,4.346089e-01,1.126882e-02,2.592865e-02
4400,layers.4.qk_lut.log_select_temp,7.945785e-01,7.415712e-03,9.332888e-03
4400,layers.4.v_lut.weights,9.006829e+01,1.782343e+01,1.978880e-01
4400,layers.4.v_lut.log_soft_score_temp,6.417395e-01,2.058810e-02,3.208171e-02
4400,layers.4.v_lut.log_select_temp,1.018782e+00,7.228732e-03,7.095466e-03
4400,layers.4.out_proj.weights,2.013357e+02,4.074479e+01,2.023724e-01
4400,layers.4.out_proj.log_soft_score_temp,3.219488e-01,3.091034e-02,9.601011e-02
4400,layers.4.out_proj.log_select_temp,8.546063e-01,8.498669e-03,9.944542e-03
4400,layers.4.residual_lut.weights,1.240561e+02,2.572653e+01,2.073781e-01
4400,layers.4.residual_lut.log_soft_score_temp,5.016664e-01,7.740378e-03,1.542933e-02
4400,layers.4.residual_lut.log_select_temp,9.071196e-01,2.042961e-02,2.252141e-02
4400,layers.4.q_norm.weight,8.758357e+00,2.649319e-02,3.024904e-03
4400,layers.4.q_norm.bias,5.169147e-01,1.158957e-02,2.242067e-02
4400,layers.4.k_norm.weight,8.719287e+00,2.681801e-02,3.075711e-03
4400,layers.4.k_norm.bias,8.085533e-01,1.969091e-02,2.435326e-02
4400,layers.5.qk_lut.weights,9.360668e+01,1.856698e+01,1.983510e-01
4400,layers.5.qk_lut.log_soft_score_temp,4.786009e-01,1.432529e-02,2.993160e-02
4400,layers.5.qk_lut.log_select_temp,7.637709e-01,4.605770e-03,6.030303e-03
4400,layers.5.v_lut.weights,9.149776e+01,1.807997e+01,1.976002e-01
4400,layers.5.v_lut.log_soft_score_temp,7.272537e-01,1.276666e-02,1.755462e-02
4400,layers.5.v_lut.log_select_temp,9.225817e-01,6.901562e-03,7.480706e-03
4400,layers.5.out_proj.weights,2.213797e+02,4.193277e+01,1.894156e-01
4400,layers.5.out_proj.log_soft_score_temp,4.884321e-01,3.203151e-02,6.558027e-02
4400,layers.5.out_proj.log_select_temp,9.546366e-01,7.872105e-03,8.246179e-03
4400,layers.5.residual_lut.weights,1.269291e+02,2.607001e+01,2.053904e-01
4400,layers.5.residual_lut.log_soft_score_temp,4.588850e-01,1.166329e-02,2.541658e-02
4400,layers.5.residual_lut.log_select_temp,9.089515e-01,2.189255e-02,2.408550e-02
4400,layers.5.q_norm.weight,8.709997e+00,3.762958e-02,4.320275e-03
4400,layers.5.q_norm.bias,3.412559e-01,1.598343e-02,4.683708e-02
4400,layers.5.k_norm.weight,8.673662e+00,3.634595e-02,4.190381e-03
4400,layers.5.k_norm.bias,5.214676e-01,2.533213e-02,4.857854e-02
4400,ln_final.weight,3.496611e+01,7.308188e-01,2.090077e-02
4400,ln_final.bias,1.655056e+00,7.012403e-02,4.236958e-02
4600,tok_emb_E.weight,1.507904e+02,7.173174e+00,4.757051e-02
4600,emb_resid_lut.weights,1.665027e+02,2.308361e+01,1.386381e-01
4600,emb_resid_lut.log_soft_score_temp,1.056792e+00,2.932632e-02,2.775031e-02
4600,emb_resid_lut.log_select_temp,1.386259e+00,4.569173e-03,3.296045e-03
4600,unembedder.weight,1.738875e+02,1.326346e+01,7.627608e-02
4600,layers.0.qk_lut.weights,9.633859e+01,1.635347e+01,1.697500e-01
4600,layers.0.qk_lut.log_soft_score_temp,9.602118e-01,2.057731e-03,2.142997e-03
4600,layers.0.qk_lut.log_select_temp,9.758423e-01,7.489860e-03,7.675277e-03
4600,layers.0.v_lut.weights,9.113927e+01,1.641774e+01,1.801391e-01
4600,layers.0.v_lut.log_soft_score_temp,7.118319e-01,1.896650e-02,2.664463e-02
4600,layers.0.v_lut.log_select_temp,1.025447e+00,2.071142e-03,2.019746e-03
4600,layers.0.out_proj.weights,1.885492e+02,3.712528e+01,1.968997e-01
4600,layers.0.out_proj.log_soft_score_temp,5.602973e-02,4.496077e-02,8.024450e-01
4600,layers.0.out_proj.log_select_temp,7.383480e-01,6.102383e-03,8.264914e-03
4600,layers.0.residual_lut.weights,1.242253e+02,2.448403e+01,1.970937e-01
4600,layers.0.residual_lut.log_soft_score_temp,3.801844e-01,1.425517e-02,3.749540e-02
4600,layers.0.residual_lut.log_select_temp,6.833339e-01,1.140094e-02,1.668429e-02
4600,layers.0.q_norm.weight,9.041144e+00,2.528268e-02,2.796403e-03
4600,layers.0.q_norm.bias,6.750236e-01,1.423042e-02,2.108137e-02
4600,layers.0.k_norm.weight,8.986945e+00,2.455579e-02,2.732384e-03
4600,layers.0.k_norm.bias,9.403499e-01,2.428311e-02,2.582348e-02
4600,layers.1.qk_lut.weights,9.507314e+01,1.740418e+01,1.830610e-01
4600,layers.1.qk_lut.log_soft_score_temp,2.669585e-01,2.084082e-02,7.806764e-02
4600,layers.1.qk_lut.log_select_temp,8.513248e-01,7.591009e-03,8.916702e-03
4600,layers.1.v_lut.weights,8.841368e+01,1.664848e+01,1.883021e-01
4600,layers.1.v_lut.log_soft_score_temp,3.929107e-01,2.603325e-02,6.625742e-02
4600,layers.1.v_lut.log_select_temp,9.627217e-01,1.198226e-02,1.244624e-02
4600,layers.1.out_proj.weights,1.904146e+02,3.883851e+01,2.039681e-01
4600,layers.1.out_proj.log_soft_score_temp,1.933118e-02,4.197793e-02,2.171514e+00
4600,layers.1.out_proj.log_select_temp,7.023070e-01,2.759755e-03,3.929556e-03
4600,layers.1.residual_lut.weights,1.269420e+02,2.516132e+01,1.982112e-01
4600,layers.1.residual_lut.log_soft_score_temp,5.007851e-01,8.486092e-03,1.694558e-02
4600,layers.1.residual_lut.log_select_temp,8.100136e-01,1.450765e-02,1.791038e-02
4600,layers.1.q_norm.weight,9.376321e+00,5.388082e-02,5.746478e-03
4600,layers.1.q_norm.bias,6.052177e-01,2.188687e-02,3.616364e-02
4600,layers.1.k_norm.weight,9.334861e+00,5.313383e-02,5.691979e-03
4600,layers.1.k_norm.bias,8.569987e-01,2.682351e-02,3.129936e-02
4600,layers.2.qk_lut.weights,9.649211e+01,1.781884e+01,1.846663e-01
4600,layers.2.qk_lut.log_soft_score_temp,3.731650e-01,9.825528e-03,2.633025e-02
4600,layers.2.qk_lut.log_select_temp,7.954199e-01,8.200526e-03,1.030968e-02
4600,layers.2.v_lut.weights,8.875430e+01,1.718531e+01,1.936279e-01
4600,layers.2.v_lut.log_soft_score_temp,2.858531e-01,1.990396e-02,6.963001e-02
4600,layers.2.v_lut.log_select_temp,9.316169e-01,1.426387e-02,1.531087e-02
4600,layers.2.out_proj.weights,1.956721e+02,3.884516e+01,1.985217e-01
4600,layers.2.out_proj.log_soft_score_temp,8.430360e-02,4.105765e-02,4.870214e-01
4600,layers.2.out_proj.log_select_temp,7.187448e-01,2.451181e-03,3.410364e-03
4600,layers.2.residual_lut.weights,1.253036e+02,2.509483e+01,2.002722e-01
4600,layers.2.residual_lut.log_soft_score_temp,4.427406e-01,1.772094e-02,4.002555e-02
4600,layers.2.residual_lut.log_select_temp,8.907891e-01,1.894987e-02,2.127312e-02
4600,layers.2.q_norm.weight,8.994064e+00,2.731958e-02,3.037512e-03
4600,layers.2.q_norm.bias,6.260297e-01,1.652663e-02,2.639912e-02
4600,layers.2.k_norm.weight,8.961087e+00,2.461007e-02,2.746327e-03
4600,layers.2.k_norm.bias,1.004085e+00,2.511323e-02,2.501105e-02
4600,layers.3.qk_lut.weights,9.423773e+01,1.806542e+01,1.917005e-01
4600,layers.3.qk_lut.log_soft_score_temp,3.046277e-01,2.041587e-02,6.701909e-02
4600,layers.3.qk_lut.log_select_temp,8.593526e-01,1.173002e-02,1.364983e-02
4600,layers.3.v_lut.weights,9.043667e+01,1.718316e+01,1.900022e-01
4600,layers.3.v_lut.log_soft_score_temp,6.805633e-01,2.146018e-02,3.153296e-02
4600,layers.3.v_lut.log_select_temp,9.817361e-01,1.643777e-03,1.674357e-03
4600,layers.3.out_proj.weights,2.091483e+02,4.007404e+01,1.916058e-01
4600,layers.3.out_proj.log_soft_score_temp,2.259936e-01,3.627619e-02,1.605186e-01
4600,layers.3.out_proj.log_select_temp,9.877324e-01,1.234007e-02,1.249333e-02
4600,layers.3.residual_lut.weights,1.302745e+02,2.540364e+01,1.950009e-01
4600,layers.3.residual_lut.log_soft_score_temp,5.340304e-01,7.985353e-03,1.495299e-02
4600,layers.3.residual_lut.log_select_temp,9.257679e-01,2.090037e-02,2.257625e-02
4600,layers.3.q_norm.weight,9.540169e+00,7.534873e-02,7.898050e-03
4600,layers.3.q_norm.bias,5.150159e-01,2.105991e-02,4.089177e-02
4600,layers.3.k_norm.weight,9.495354e+00,7.558355e-02,7.960056e-03
4600,layers.3.k_norm.bias,7.812746e-01,3.459641e-02,4.428201e-02
4600,layers.4.qk_lut.weights,9.657966e+01,1.819121e+01,1.883544e-01
4600,layers.4.qk_lut.log_soft_score_temp,4.220819e-01,1.252705e-02,2.967919e-02
4600,layers.4.qk_lut.log_select_temp,8.002232e-01,5.644679e-03,7.053881e-03
4600,layers.4.v_lut.weights,9.242442e+01,1.763532e+01,1.908081e-01
4600,layers.4.v_lut.log_soft_score_temp,6.192722e-01,2.246737e-02,3.628029e-02
4600,layers.4.v_lut.log_select_temp,1.024774e+00,5.991817e-03,5.846965e-03
4600,layers.4.out_proj.weights,2.066299e+02,4.022107e+01,1.946527e-01
4600,layers.4.out_proj.log_soft_score_temp,2.890221e-01,3.292674e-02,1.139246e-01
4600,layers.4.out_proj.log_select_temp,8.606052e-01,5.998850e-03,6.970502e-03
4600,layers.4.residual_lut.weights,1.277151e+02,2.555640e+01,2.001047e-01
4600,layers.4.residual_lut.log_soft_score_temp,4.928151e-01,8.851290e-03,1.796067e-02
4600,layers.4.residual_lut.log_select_temp,9.288031e-01,2.168351e-02,2.334565e-02
4600,layers.4.q_norm.weight,8.775710e+00,2.757661e-02,3.142380e-03
4600,layers.4.q_norm.bias,5.279468e-01,1.460389e-02,2.766167e-02
4600,layers.4.k_norm.weight,8.736717e+00,2.606797e-02,2.983726e-03
4600,layers.4.k_norm.bias,8.263513e-01,2.202113e-02,2.664863e-02
4600,layers.5.qk_lut.weights,9.605667e+01,1.849136e+01,1.925047e-01
4600,layers.5.qk_lut.log_soft_score_temp,4.635373e-01,1.506358e-02,3.249703e-02
4600,layers.5.qk_lut.log_select_temp,7.652733e-01,1.502395e-03,1.963213e-03
4600,layers.5.v_lut.weights,9.392465e+01,1.794595e+01,1.910675e-01
4600,layers.5.v_lut.log_soft_score_temp,7.149557e-01,1.229799e-02,1.720105e-02
4600,layers.5.v_lut.log_select_temp,9.297895e-01,7.207870e-03,7.752153e-03
4600,layers.5.out_proj.weights,2.269364e+02,4.134653e+01,1.821943e-01
4600,layers.5.out_proj.log_soft_score_temp,4.531723e-01,3.525978e-02,7.780657e-02
4600,layers.5.out_proj.log_select_temp,9.595401e-01,4.903495e-03,5.110256e-03
4600,layers.5.residual_lut.weights,1.305616e+02,2.583666e+01,1.978887e-01
4600,layers.5.residual_lut.log_soft_score_temp,4.458911e-01,1.299390e-02,2.914142e-02
4600,layers.5.residual_lut.log_select_temp,9.315508e-01,2.259928e-02,2.425985e-02
4600,layers.5.q_norm.weight,8.736282e+00,3.334102e-02,3.816385e-03
4600,layers.5.q_norm.bias,3.531716e-01,1.543156e-02,4.369423e-02
4600,layers.5.k_norm.weight,8.698222e+00,3.334340e-02,3.833359e-03
4600,layers.5.k_norm.bias,5.392397e-01,2.415967e-02,4.480320e-02
4600,ln_final.weight,3.568267e+01,7.178526e-01,2.011768e-02
4600,ln_final.bias,1.678996e+00,7.237207e-02,4.310437e-02
4800,tok_emb_E.weight,1.510606e+02,7.092048e+00,4.694835e-02
4800,emb_resid_lut.weights,1.698031e+02,2.280324e+01,1.342923e-01
4800,emb_resid_lut.log_soft_score_temp,1.025110e+00,3.168201e-02,3.090595e-02
4800,emb_resid_lut.log_select_temp,1.386125e+00,1.347065e-04,9.718209e-05
4800,unembedder.weight,1.743435e+02,1.303209e+01,7.474949e-02
4800,layers.0.qk_lut.weights,9.868418e+01,1.619031e+01,1.640618e-01
4800,layers.0.qk_lut.log_soft_score_temp,9.605074e-01,2.956390e-04,3.077947e-04
4800,layers.0.qk_lut.log_select_temp,9.815124e-01,5.670130e-03,5.776932e-03
4800,layers.0.v_lut.weights,9.335441e+01,1.622986e+01,1.738521e-01
4800,layers.0.v_lut.log_soft_score_temp,6.939751e-01,1.785684e-02,2.573124e-02
4800,layers.0.v_lut.log_select_temp,1.028554e+00,3.107548e-03,3.021277e-03
4800,layers.0.out_proj.weights,1.929184e+02,3.663367e+01,1.898921e-01
4800,layers.0.out_proj.log_soft_score_temp,1.410415e-02,4.192558e-02,2.972569e+00
4800,layers.0.out_proj.log_select_temp,7.482214e-01,9.873390e-03,1.319581e-02
4800,layers.0.residual_lut.weights,1.272141e+02,2.423578e+01,1.905118e-01
4800,layers.0.residual_lut.log_soft_score_temp,3.690688e-01,1.111558e-02,3.011791e-02
4800,layers.0.residual_lut.log_select_temp,6.993999e-01,1.606607e-02,2.297123e-02
4800,layers.0.q_norm.weight,9.057745e+00,2.215056e-02,2.445483e-03
4800,layers.0.q_norm.bias,6.876807e-01,1.615374e-02,2.349018e-02
4800,layers.0.k_norm.weight,9.002615e+00,2.214055e-02,2.459346e-03
4800,layers.0.k_norm.bias,9.579012e-01,2.250250e-02,2.349146e-02
4800,layers.1.qk_lut.weights,9.735870e+01,1.707660e+01,1.753988e-01
4800,layers.1.qk_lut.log_soft_score_temp,2.472895e-01,1.966907e-02,7.953865e-02
4800,layers.1.qk_lut.log_select_temp,8.598981e-01,8.573294e-03,9.970128e-03
4800,layers.1.v_lut.weights,9.053127e+01,1.645274e+01,1.817354e-01
4800,layers.1.v_lut.log_soft_score_temp,3.662030e-01,2.670777e-02,7.293160e-02
4800,layers.1.v_lut.log_select_temp,9.729124e-01,1.019067e-02,1.047439e-02
4800,layers.1.out_proj.weights,1.947413e+02,3.831446e+01,1.967454e-01
4800,layers.1.out_proj.log_soft_score_temp,2.105474e-02,4.038592e-02,1.918139e+00
4800,layers.1.out_proj.log_select_temp,7.056406e-01,3.333569e-03,4.724173e-03
4800,layers.1.residual_lut.weights,1.300976e+02,2.490113e+01,1.914035e-01
4800,layers.1.residual_lut.log_soft_score_temp,4.904350e-01,1.035014e-02,2.110400e-02
4800,layers.1.residual_lut.log_select_temp,8.273228e-01,1.730925e-02,2.092200e-02
4800,layers.1.q_norm.weight,9.416301e+00,4.996684e-02,5.306419e-03
4800,layers.1.q_norm.bias,6.204122e-01,2.102132e-02,3.388283e-02
4800,layers.1.k_norm.weight,9.374261e+00,4.990942e-02,5.324091e-03
4800,layers.1.k_norm.bias,8.706109e-01,2.246826e-02,2.580747e-02
4800,layers.2.qk_lut.weights,9.885454e+01,1.759197e+01,1.779582e-01
4800,layers.2.qk_lut.log_soft_score_temp,3.674143e-01,5.750716e-03,1.565186e-02
4800,layers.2.qk_lut.log_select_temp,8.055968e-01,1.017696e-02,1.263282e-02
4800,layers.2.v_lut.weights,9.082436e+01,1.694394e+01,1.865572e-01
4800,layers.2.v_lut.log_soft_score_temp,2.669818e-01,1.887134e-02,7.068398e-02
4800,layers.2.v_lut.log_select_temp,9.474559e-01,1.583898e-02,1.671738e-02
4800,layers.2.out_proj.weights,2.002127e+02,3.824683e+01,1.910310e-01
4800,layers.2.out_proj.log_soft_score_temp,4.407916e-02,4.022444e-02,9.125500e-01
4800,layers.2.out_proj.log_select_temp,7.155073e-01,3.237545e-03,4.524825e-03
4800,layers.2.residual_lut.weights,1.283270e+02,2.486374e+01,1.937530e-01
4800,layers.2.residual_lut.log_soft_score_temp,4.246287e-01,1.811194e-02,4.265360e-02
4800,layers.2.residual_lut.log_select_temp,9.119039e-01,2.111477e-02,2.315460e-02
4800,layers.2.q_norm.weight,9.014056e+00,2.637391e-02,2.925864e-03
4800,layers.2.q_norm.bias,6.387520e-01,1.565012e-02,2.450108e-02
4800,layers.2.k_norm.weight,8.980381e+00,2.561841e-02,2.852709e-03
4800,layers.2.k_norm.bias,1.020621e+00,2.267937e-02,2.222114e-02
4800,layers.3.qk_lut.weights,9.648136e+01,1.777096e+01,1.841906e-01
4800,layers.3.qk_lut.log_soft_score_temp,2.845185e-01,2.010927e-02,7.067825e-02
4800,layers.3.qk_lut.log_select_temp,8.704311e-01,1.107848e-02,1.272757e-02
4800,layers.3.v_lut.weights,9.262337e+01,1.696318e+01,1.831415e-01
4800,layers.3.v_lut.log_soft_score_temp,6.583186e-01,2.224463e-02,3.379007e-02
4800,layers.3.v_lut.log_select_temp,9.841206e-01,2.384484e-03,2.422959e-03
4800,layers.3.out_proj.weights,2.149535e+02,3.950812e+01,1.837984e-01
4800,layers.3.out_proj.log_soft_score_temp,1.873123e-01,3.868137e-02,2.065074e-01
4800,layers.3.out_proj.log_select_temp,1.000853e+00,1.312095e-02,1.310976e-02
4800,layers.3.residual_lut.weights,1.337910e+02,2.512921e+01,1.878243e-01
4800,layers.3.residual_lut.log_soft_score_temp,5.247368e-01,9.293675e-03,1.771112e-02
4800,layers.3.residual_lut.log_select_temp,9.493647e-01,2.359682e-02,2.485538e-02
4800,layers.3.q_norm.weight,9.596369e+00,7.195489e-02,7.498137e-03
4800,layers.3.q_norm.bias,5.272033e-01,2.086277e-02,3.957253e-02
4800,layers.3.k_norm.weight,9.549621e+00,7.126879e-02,7.462997e-03
4800,layers.3.k_norm.bias,7.980317e-01,2.734600e-02,3.426681e-02
4800,layers.4.qk_lut.weights,9.892027e+01,1.795342e+01,1.814939e-01
4800,layers.4.qk_lut.log_soft_score_temp,4.105027e-01,1.157919e-02,2.820733e-02
4800,layers.4.qk_lut.log_select_temp,8.073909e-01,7.167697e-03,8.877605e-03
4800,layers.4.v_lut.weights,9.466512e+01,1.735082e+01,1.832863e-01
4800,layers.4.v_lut.log_soft_score_temp,5.974483e-01,2.182382e-02,3.652839e-02
4800,layers.4.v_lut.log_select_temp,1.032099e+00,7.324934e-03,7.097126e-03
4800,layers.4.out_proj.weights,2.117168e+02,3.964271e+01,1.872441e-01
4800,layers.4.out_proj.log_soft_score_temp,2.564915e-01,3.253058e-02,1.268291e-01
4800,layers.4.out_proj.log_select_temp,8.690488e-01,8.443654e-03,9.715971e-03
4800,layers.4.residual_lut.weights,1.312363e+02,2.524435e+01,1.923579e-01
4800,layers.4.residual_lut.log_soft_score_temp,4.829618e-01,9.853244e-03,2.040170e-02
4800,layers.4.residual_lut.log_select_temp,9.535680e-01,2.476490e-02,2.597077e-02
4800,layers.4.q_norm.weight,8.796743e+00,2.827919e-02,3.214734e-03
4800,layers.4.q_norm.bias,5.405454e-01,1.611942e-02,2.982065e-02
4800,layers.4.k_norm.weight,8.757453e+00,2.850037e-02,3.254413e-03
4800,layers.4.k_norm.bias,8.425102e-01,2.031296e-02,2.411005e-02
4800,layers.5.qk_lut.weights,9.839920e+01,1.822206e+01,1.851850e-01
4800,layers.5.qk_lut.log_soft_score_temp,4.501831e-01,1.335415e-02,2.966382e-02
4800,layers.5.qk_lut.log_select_temp,7.695882e-01,4.314899e-03,5.606764e-03
4800,layers.5.v_lut.weights,9.621078e+01,1.786847e+01,1.857221e-01
4800,layers.5.v_lut.log_soft_score_temp,7.009739e-01,1.398176e-02,1.994619e-02
4800,layers.5.v_lut.log_select_temp,9.348570e-01,5.067468e-03,5.420581e-03
4800,layers.5.out_proj.weights,2.321562e+02,4.057343e+01,1.747678e-01
4800,layers.5.out_proj.log_soft_score_temp,4.185154e-01,3.465691e-02,8.280917e-02
4800,layers.5.out_proj.log_select_temp,9.649993e-01,5.459130e-03,5.657134e-03
4800,layers.5.residual_lut.weights,1.340355e+02,2.552507e+01,1.904351e-01
4800,layers.5.residual_lut.log_soft_score_temp,4.311694e-01,1.472169e-02,3.414364e-02
4800,layers.5.residual_lut.log_select_temp,9.565690e-01,2.501816e-02,2.615405e-02
4800,layers.5.q_norm.weight,8.758539e+00,3.307195e-02,3.775967e-03
4800,layers.5.q_norm.bias,3.624916e-01,1.457100e-02,4.019679e-02
4800,layers.5.k_norm.weight,8.720259e+00,3.320210e-02,3.807467e-03
4800,layers.5.k_norm.bias,5.529124e-01,2.355125e-02,4.259490e-02
4800,ln_final.weight,3.638908e+01,7.073743e-01,1.943919e-02
4800,ln_final.bias,1.704711e+00,7.322314e-02,4.295340e-02
5000,tok_emb_E.weight,1.513254e+02,6.991169e+00,4.619959e-02
5000,emb_resid_lut.weights,1.729076e+02,2.243077e+01,1.297270e-01
5000,emb_resid_lut.log_soft_score_temp,9.941484e-01,3.096199e-02,3.114423e-02
5000,emb_resid_lut.log_select_temp,1.385267e+00,8.579493e-04,6.193386e-04
5000,unembedder.weight,1.747752e+02,1.279440e+01,7.320492e-02
5000,layers.0.qk_lut.weights,1.009135e+02,1.595082e+01,1.580643e-01
5000,layers.0.qk_lut.log_soft_score_temp,9.610857e-01,5.783439e-04,6.017610e-04
5000,layers.0.qk_lut.log_select_temp,9.874913e-01,5.978823e-03,6.054558e-03
5000,layers.0.v_lut.weights,9.546455e+01,1.601442e+01,1.677526e-01
5000,layers.0.v_lut.log_soft_score_temp,6.775097e-01,1.646537e-02,2.430277e-02
5000,layers.0.v_lut.log_select_temp,1.030844e+00,2.289891e-03,2.221374e-03
5000,layers.0.out_proj.weights,1.970589e+02,3.618251e+01,1.836126e-01
5000,layers.0.out_proj.log_soft_score_temp,2.627311e-02,4.037727e-02,1.536829e+00
5000,layers.0.out_proj.log_select_temp,7.562211e-01,7.999718e-03,1.057854e-02
5000,layers.0.residual_lut.weights,1.300514e+02,2.387543e+01,1.835846e-01
5000,layers.0.residual_lut.log_soft_score_temp,3.577174e-01,1.135141e-02,3.173289e-02
5000,layers.0.residual_lut.log_select_temp,7.150647e-01,1.566476e-02,2.190677e-02
5000,layers.0.q_norm.weight,9.076689e+00,2.659877e-02,2.930449e-03
5000,layers.0.q_norm.bias,7.007800e-01,1.654022e-02,2.360259e-02
5000,layers.0.k_norm.weight,9.019980e+00,2.530023e-02,2.804909e-03
5000,layers.0.k_norm.bias,9.760213e-01,2.436645e-02,2.496508e-02
5000,layers.1.qk_lut.weights,9.953949e+01,1.693507e+01,1.701341e-01
5000,layers.1.qk_lut.log_soft_score_temp,2.264117e-01,2.087779e-02,9.221165e-02
5000,layers.1.qk_lut.log_select_temp,8.681691e-01,8.271039e-03,9.526990e-03
5000,layers.1.v_lut.weights,9.254446e+01,1.628842e+01,1.760064e-01
5000,layers.1.v_lut.log_soft_score_temp,3.393718e-01,2.683112e-02,7.906113e-02
5000,layers.1.v_lut.log_select_temp,9.823915e-01,9.479165e-03,9.649070e-03
5000,layers.1.out_proj.weights,1.987937e+02,3.781440e+01,1.902193e-01
5000,layers.1.out_proj.log_soft_score_temp,5.846462e-02,3.740987e-02,6.398720e-01
5000,layers.1.out_proj.log_select_temp,7.071331e-01,1.492500e-03,2.110636e-03
5000,layers.1.residual_lut.weights,1.330670e+02,2.454962e+01,1.844906e-01
5000,layers.1.residual_lut.log_soft_score_temp,4.827532e-01,7.681817e-03,1.591251e-02
5000,layers.1.residual_lut.log_select_temp,8.420565e-01,1.473361e-02,1.749718e-02
5000,layers.1.q_norm.weight,9.458601e+00,5.267901e-02,5.569429e-03
5000,layers.1.q_norm.bias,6.358936e-01,2.152093e-02,3.384360e-02
5000,layers.1.k_norm.weight,9.415290e+00,5.272848e-02,5.600303e-03
5000,layers.1.k_norm.bias,8.873628e-01,2.209700e-02,2.490187e-02
5000,layers.2.qk_lut.weights,1.011159e+02,1.735032e+01,1.715885e-01
5000,layers.2.qk_lut.log_soft_score_temp,3.604135e-01,7.000774e-03,1.942428e-02
5000,layers.2.qk_lut.log_select_temp,8.140667e-01,8.469880e-03,1.040440e-02
5000,layers.2.v_lut.weights,9.280511e+01,1.673571e+01,1.803318e-01
5000,layers.2.v_lut.log_soft_score_temp,2.474635e-01,1.951827e-02,7.887332e-02
5000,layers.2.v_lut.log_select_temp,9.616978e-01,1.424187e-02,1.480910e-02
5000,layers.2.out_proj.weights,2.045367e+02,3.774326e+01,1.845305e-01
5000,layers.2.out_proj.log_soft_score_temp,6.575626e-03,3.750353e-02,5.703417e+00
5000,layers.2.out_proj.log_select_temp,7.149153e-01,5.919337e-04,8.279774e-04
5000,layers.2.residual_lut.weights,1.311828e+02,2.448678e+01,1.866615e-01
5000,layers.2.residual_lut.log_soft_score_temp,4.075191e-01,1.710960e-02,4.198479e-02
5000,layers.2.residual_lut.log_select_temp,9.313819e-01,1.947808e-02,2.091310e-02
5000,layers.2.q_norm.weight,9.034140e+00,2.763087e-02,3.058495e-03
5000,layers.2.q_norm.bias,6.507178e-01,1.414912e-02,2.174387e-02
5000,layers.2.k_norm.weight,9.000113e+00,2.549809e-02,2.833085e-03
5000,layers.2.k_norm.bias,1.038206e+00,2.268687e-02,2.185199e-02
5000,layers.3.qk_lut.weights,9.860726e+01,1.753658e+01,1.778427e-01
5000,layers.3.qk_lut.log_soft_score_temp,2.642975e-01,2.022099e-02,7.650847e-02
5000,layers.3.qk_lut.log_select_temp,8.840056e-01,1.357448e-02,1.535565e-02
5000,layers.3.v_lut.weights,9.469371e+01,1.676838e+01,1.770801e-01
5000,layers.3.v_lut.log_soft_score_temp,6.374927e-01,2.082598e-02,3.266858e-02
5000,layers.3.v_lut.log_select_temp,9.875242e-01,3.403604e-03,3.446603e-03
5000,layers.3.out_proj.weights,2.205641e+02,3.898140e+01,1.767350e-01
5000,layers.3.out_proj.log_soft_score_temp,1.522826e-01,3.502968e-02,2.300308e-01
5000,layers.3.out_proj.log_select_temp,1.013926e+00,1.307309e-02,1.289353e-02
5000,layers.3.residual_lut.weights,1.371508e+02,2.480451e+01,1.808557e-01
5000,layers.3.residual_lut.log_soft_score_temp,5.166751e-01,8.061707e-03,1.560305e-02
5000,layers.3.residual_lut.log_select_temp,9.689372e-01,1.957244e-02,2.019990e-02
5000,layers.3.q_norm.weight,9.648639e+00,6.726634e-02,6.971588e-03
5000,layers.3.q_norm.bias,5.394682e-01,2.177849e-02,4.037030e-02
5000,layers.3.k_norm.weight,9.600605e+00,6.641901e-02,6.918210e-03
5000,layers.3.k_norm.bias,8.171562e-01,3.081405e-02,3.770889e-02
5000,layers.4.qk_lut.weights,1.011500e+02,1.772759e+01,1.752604e-01
5000,layers.4.qk_lut.log_soft_score_temp,4.006108e-01,9.891927e-03,2.469211e-02
5000,layers.4.qk_lut.log_select_temp,8.172220e-01,9.831131e-03,1.202994e-02
5000,layers.4.v_lut.weights,9.682761e+01,1.712005e+01,1.768096e-01
5000,layers.4.v_lut.log_soft_score_temp,5.783496e-01,1.909876e-02,3.302286e-02
5000,layers.4.v_lut.log_select_temp,1.042644e+00,1.054573e-02,1.011441e-02
5000,layers.4.out_proj.weights,2.165835e+02,3.904354e+01,1.802701e-01
5000,layers.4.out_proj.log_soft_score_temp,2.280034e-01,2.848807e-02,1.249458e-01
5000,layers.4.out_proj.log_select_temp,8.804056e-01,1.135677e-02,1.289948e-02
5000,layers.4.residual_lut.weights,1.345915e+02,2.492696e+01,1.852046e-01
5000,layers.4.residual_lut.log_soft_score_temp,4.734614e-01,9.500384e-03,2.006580e-02
5000,layers.4.residual_lut.log_select_temp,9.743541e-01,2.078605e-02,2.133316e-02
5000,layers.4.q_norm.weight,8.816183e+00,2.645472e-02,3.000700e-03
5000,layers.4.q_norm.bias,5.491300e-01,1.132272e-02,2.061938e-02
5000,layers.4.k_norm.weight,8.775847e+00,2.548936e-02,2.904490e-03
5000,layers.4.k_norm.bias,8.573154e-01,1.970049e-02,2.297928e-02
5000,layers.5.qk_lut.weights,1.006169e+02,1.790845e+01,1.779866e-01
5000,layers.5.qk_lut.log_soft_score_temp,4.344554e-01,1.572776e-02,3.620109e-02
5000,layers.5.qk_lut.log_select_temp,7.716402e-01,2.052069e-03,2.659359e-03
5000,layers.5.v_lut.weights,9.839536e+01,1.747105e+01,1.775597e-01
5000,layers.5.v_lut.log_soft_score_temp,6.892384e-01,1.173556e-02,1.702685e-02
5000,layers.5.v_lut.log_select_temp,9.408184e-01,5.961359e-03,6.336354e-03
5000,layers.5.out_proj.weights,2.372366e+02,4.012799e+01,1.691476e-01
5000,layers.5.out_proj.log_soft_score_temp,3.858638e-01,3.265154e-02,8.461934e-02
5000,layers.5.out_proj.log_select_temp,9.702784e-01,5.279183e-03,5.440895e-03
5000,layers.5.residual_lut.weights,1.373784e+02,2.517384e+01,1.832445e-01
5000,layers.5.residual_lut.log_soft_score_temp,4.181468e-01,1.302266e-02,3.114376e-02
5000,layers.5.residual_lut.log_select_temp,9.793022e-01,2.273321e-02,2.321368e-02
5000,layers.5.q_norm.weight,8.787213e+00,3.472561e-02,3.951834e-03
5000,layers.5.q_norm.bias,3.721649e-01,1.476082e-02,3.966205e-02
5000,layers.5.k_norm.weight,8.747010e+00,3.452250e-02,3.946777e-03
5000,layers.5.k_norm.bias,5.692876e-01,2.415086e-02,4.242295e-02
5000,ln_final.weight,3.707241e+01,6.847411e-01,1.847037e-02
5000,ln_final.bias,1.726694e+00,6.660698e-02,3.857486e-02
5200,tok_emb_E.weight,1.515818e+02,6.902646e+00,4.553742e-02
5200,emb_resid_lut.weights,1.758377e+02,2.216541e+01,1.260561e-01
5200,emb_resid_lut.log_soft_score_temp,9.667432e-01,2.740514e-02,2.834790e-02
5200,emb_resid_lut.log_select_temp,1.385793e+00,5.263090e-04,3.797890e-04
5200,unembedder.weight,1.751141e+02,1.256325e+01,7.174322e-02
5200,layers.0.qk_lut.weights,1.030420e+02,1.581178e+01,1.534500e-01
5200,layers.0.qk_lut.log_soft_score_temp,9.611751e-01,8.934736e-05,9.295639e-05
5200,layers.0.qk_lut.log_select_temp,9.946522e-01,7.160962e-03,7.199463e-03
5200,layers.0.v_lut.weights,9.747070e+01,1.585688e+01,1.626835e-01
5200,layers.0.v_lut.log_soft_score_temp,6.631723e-01,1.433742e-02,2.161945e-02
5200,layers.0.v_lut.log_select_temp,1.034196e+00,3.351927e-03,3.241094e-03
5200,layers.0.out_proj.weights,2.010030e+02,3.561083e+01,1.771657e-01
5200,layers.0.out_proj.log_soft_score_temp,6.493369e-02,3.866058e-02,5.953855e-01
5200,layers.0.out_proj.log_select_temp,7.664054e-01,1.018429e-02,1.328838e-02
5200,layers.0.residual_lut.weights,1.327411e+02,2.354226e+01,1.773547e-01
5200,layers.0.residual_lut.log_soft_score_temp,3.475417e-01,1.017568e-02,2.927900e-02
5200,layers.0.residual_lut.log_select_temp,7.294191e-01,1.435435e-02,1.967915e-02
5200,layers.0.q_norm.weight,9.095560e+00,2.470039e-02,2.715654e-03
5200,layers.0.q_norm.bias,7.112293e-01,1.462419e-02,2.056185e-02
5200,layers.0.k_norm.weight,9.037530e+00,2.427281e-02,2.685779e-03
5200,layers.0.k_norm.bias,9.961939e-01,2.379991e-02,2.389084e-02
5200,layers.1.qk_lut.weights,1.016223e+02,1.672061e+01,1.645369e-01
5200,layers.1.qk_lut.log_soft_score_temp,2.048665e-01,2.154520e-02,1.051670e-01
5200,layers.1.qk_lut.log_select_temp,8.735473e-01,5.378127e-03,6.156653e-03
5200,layers.1.v_lut.weights,9.444949e+01,1.598738e+01,1.692691e-01
5200,layers.1.v_lut.log_soft_score_temp,3.177690e-01,2.160281e-02,6.798274e-02
5200,layers.1.v_lut.log_select_temp,9.930887e-01,1.069713e-02,1.077157e-02
5200,layers.1.out_proj.weights,2.026314e+02,3.720484e+01,1.836085e-01
5200,layers.1.out_proj.log_soft_score_temp,9.463513e-02,3.617051e-02,3.822102e-01
5200,layers.1.out_proj.log_select_temp,7.097596e-01,2.626479e-03,3.700519e-03
5200,layers.1.residual_lut.weights,1.358901e+02,2.418146e+01,1.779487e-01
5200,layers.1.residual_lut.log_soft_score_temp,4.747514e-01,8.001804e-03,1.685473e-02
5200,layers.1.residual_lut.log_select_temp,8.564586e-01,1.440215e-02,1.681593e-02
5200,layers.1.q_norm.weight,9.494233e+00,4.478271e-02,4.716833e-03
5200,layers.1.q_norm.bias,6.481811e-01,1.917747e-02,2.958659e-02
5200,layers.1.k_norm.weight,9.450303e+00,4.445820e-02,4.704421e-03
5200,layers.1.k_norm.bias,9.014198e-01,2.454850e-02,2.723315e-02
5200,layers.2.qk_lut.weights,1.032455e+02,1.707450e+01,1.653776e-01
5200,layers.2.qk_lut.log_soft_score_temp,3.540062e-01,6.407320e-03,1.809946e-02
5200,layers.2.qk_lut.log_select_temp,8.253994e-01,1.133269e-02,1.372995e-02
5200,layers.2.v_lut.weights,9.467704e+01,1.643214e+01,1.735599e-01
5200,layers.2.v_lut.log_soft_score_temp,2.286422e-01,1.882134e-02,8.231789e-02
5200,layers.2.v_lut.log_select_temp,9.763337e-01,1.463598e-02,1.499076e-02
5200,layers.2.out_proj.weights,2.086205e+02,3.717638e+01,1.782010e-01
5200,layers.2.out_proj.log_soft_score_temp,3.072672e-02,3.730234e-02,1.214004e+00
5200,layers.2.out_proj.log_select_temp,7.141410e-01,7.743835e-04,1.084357e-03
5200,layers.2.residual_lut.weights,1.338631e+02,2.414058e+01,1.803378e-01
5200,layers.2.residual_lut.log_soft_score_temp,3.903196e-01,1.719949e-02,4.406513e-02
5200,layers.2.residual_lut.log_select_temp,9.478294e-01,1.644748e-02,1.735279e-02
5200,layers.2.q_norm.weight,9.054930e+00,2.556921e-02,2.823789e-03
5200,layers.2.q_norm.bias,6.638581e-01,1.561705e-02,2.352468e-02
5200,layers.2.k_norm.weight,9.019690e+00,2.547251e-02,2.824100e-03
5200,layers.2.k_norm.bias,1.053778e+00,2.043037e-02,1.938773e-02
5200,layers.3.qk_lut.weights,1.006310e+02,1.729651e+01,1.718806e-01
5200,layers.3.qk_lut.log_soft_score_temp,2.457753e-01,1.852216e-02,7.536216e-02
5200,layers.3.qk_lut.log_select_temp,8.973698e-01,1.336420e-02,1.489263e-02
5200,layers.3.v_lut.weights,9.664486e+01,1.649728e+01,1.707000e-01
5200,layers.3.v_lut.log_soft_score_temp,6.136376e-01,2.385509e-02,3.887489e-02
5200,layers.3.v_lut.log_select_temp,9.902648e-01,2.740562e-03,2.767504e-03
5200,layers.3.out_proj.weights,2.259563e+02,3.841474e+01,1.700096e-01
5200,layers.3.out_proj.log_soft_score_temp,1.141231e-01,3.815951e-02,3.343716e-01
5200,layers.3.out_proj.log_select_temp,1.025058e+00,1.113153e-02,1.085941e-02
5200,layers.3.residual_lut.weights,1.403433e+02,2.442264e+01,1.740207e-01
5200,layers.3.residual_lut.log_soft_score_temp,5.075014e-01,9.173691e-03,1.807619e-02
5200,layers.3.residual_lut.log_select_temp,9.885421e-01,1.960498e-02,1.983222e-02
5200,layers.3.q_norm.weight,9.702207e+00,6.723128e-02,6.929483e-03
5200,layers.3.q_norm.bias,5.549443e-01,2.297987e-02,4.140933e-02
5200,layers.3.k_norm.weight,9.652494e+00,6.656177e-02,6.895811e-03
5200,layers.3.k_norm.bias,8.377112e-01,2.960400e-02,3.533914e-02
5200,layers.4.qk_lut.weights,1.032801e+02,1.747576e+01,1.692073e-01
5200,layers.4.qk_lut.log_soft_score_temp,3.913022e-01,9.308547e-03,2.378864e-02
5200,layers.4.qk_lut.log_select_temp,8.263636e-01,9.141624e-03,1.106247e-02
5200,layers.4.v_lut.weights,9.886276e+01,1.688221e+01,1.707641e-01
5200,layers.4.v_lut.log_soft_score_temp,5.623285e-01,1.602113e-02,2.849070e-02
5200,layers.4.v_lut.log_select_temp,1.053138e+00,1.049376e-02,9.964272e-03
5200,layers.4.out_proj.weights,2.212319e+02,3.845710e+01,1.738316e-01
5200,layers.4.out_proj.log_soft_score_temp,1.975233e-01,3.048013e-02,1.543116e-01
5200,layers.4.out_proj.log_select_temp,8.897500e-01,9.344399e-03,1.050227e-02
5200,layers.4.residual_lut.weights,1.378029e+02,2.453829e+01,1.780680e-01
5200,layers.4.residual_lut.log_soft_score_temp,4.640252e-01,9.436280e-03,2.033571e-02
5200,layers.4.residual_lut.log_select_temp,9.961050e-01,2.175087e-02,2.183592e-02
5200,layers.4.q_norm.weight,8.833593e+00,2.599331e-02,2.942553e-03
5200,layers.4.q_norm.bias,5.576337e-01,1.166719e-02,2.092268e-02
5200,layers.4.k_norm.weight,8.792921e+00,2.559352e-02,2.910696e-03
5200,layers.4.k_norm.bias,8.702509e-01,1.982606e-02,2.278201e-02
5200,layers.5.qk_lut.weights,1.027443e+02,1.767505e+01,1.720295e-01
5200,layers.5.qk_lut.log_soft_score_temp,4.210808e-01,1.337454e-02,3.176240e-02
5200,layers.5.qk_lut.log_select_temp,7.748612e-01,3.220916e-03,4.156765e-03
5200,layers.5.v_lut.weights,1.004727e+02,1.723736e+01,1.715627e-01
5200,layers.5.v_lut.log_soft_score_temp,6.760474e-01,1.319093e-02,1.951183e-02
5200,layers.5.v_lut.log_select_temp,9.459791e-01,5.160749e-03,5.455458e-03
5200,layers.5.out_proj.weights,2.420833e+02,3.945781e+01,1.629927e-01
5200,layers.5.out_proj.log_soft_score_temp,3.537729e-01,3.209090e-02,9.071045e-02
5200,layers.5.out_proj.log_select_temp,9.748011e-01,4.522622e-03,4.639533e-03
5200,layers.5.residual_lut.weights,1.405951e+02,2.480557e+01,1.764327e-01
5200,layers.5.residual_lut.log_soft_score_temp,4.051798e-01,1.296696e-02,3.200298e-02
5200,layers.5.residual_lut.log_select_temp,1.000952e+00,2.164984e-02,2.162925e-02
5200,layers.5.q_norm.weight,8.808169e+00,2.922603e-02,3.318060e-03
5200,layers.5.q_norm.bias,3.815264e-01,1.416836e-02,3.713599e-02
5200,layers.5.k_norm.weight,8.767178e+00,2.853633e-02,3.254905e-03
5200,layers.5.k_norm.bias,5.814583e-01,2.146253e-02,3.691156e-02
5200,ln_final.weight,3.774593e+01,6.747322e-01,1.787563e-02
5200,ln_final.bias,1.747474e+00,6.307414e-02,3.609447e-02
5400,tok_emb_E.weight,1.518275e+02,6.805272e+00,4.482238e-02
5400,emb_resid_lut.weights,1.785948e+02,2.181509e+01,1.221485e-01
5400,emb_resid_lut.log_soft_score_temp,9.392869e-01,2.745634e-02,2.923105e-02
5400,emb_resid_lut.log_select_temp,1.386020e+00,2.272129e-04,1.639319e-04
5400,unembedder.weight,1.752562e+02,1.228693e+01,7.010839e-02
5400,layers.0.qk_lut.weights,1.050580e+02,1.556429e+01,1.481495e-01
5400,layers.0.qk_lut.log_soft_score_temp,9.615297e-01,3.545880e-04,3.687749e-04
5400,layers.0.qk_lut.log_select_temp,1.000029e+00,5.376399e-03,5.376245e-03
5400,layers.0.v_lut.weights,9.936535e+01,1.564941e+01,1.574936e-01
5400,layers.0.v_lut.log_soft_score_temp,6.489619e-01,1.421040e-02,2.189713e-02
5400,layers.0.v_lut.log_select_temp,1.037748e+00,3.551841e-03,3.422643e-03
5400,layers.0.out_proj.weights,2.047171e+02,3.503387e+01,1.711331e-01
5400,layers.0.out_proj.log_soft_score_temp,1.026467e-01,3.771299e-02,3.674059e-01
5400,layers.0.out_proj.log_select_temp,7.779327e-01,1.152730e-02,1.481786e-02
5400,layers.0.residual_lut.weights,1.353074e+02,2.316283e+01,1.711867e-01
5400,layers.0.residual_lut.log_soft_score_temp,3.389315e-01,8.610278e-03,2.540419e-02
5400,layers.0.residual_lut.log_select_temp,7.473705e-01,1.795143e-02,2.401945e-02
5400,layers.0.q_norm.weight,9.115448e+00,2.511119e-02,2.754795e-03
5400,layers.0.q_norm.bias,7.239004e-01,1.517440e-02,2.096200e-02
5400,layers.0.k_norm.weight,9.055777e+00,2.374514e-02,2.622099e-03
5400,layers.0.k_norm.bias,1.014774e+00,2.257467e-02,2.224601e-02
5400,layers.1.qk_lut.weights,1.035952e+02,1.637717e+01,1.580881e-01
5400,layers.1.qk_lut.log_soft_score_temp,1.883341e-01,1.653239e-02,8.778226e-02
5400,layers.1.qk_lut.log_select_temp,8.833075e-01,9.760201e-03,1.104961e-02
5400,layers.1.v_lut.weights,9.625839e+01,1.571885e+01,1.632985e-01
5400,layers.1.v_lut.log_soft_score_temp,2.973567e-01,2.041233e-02,6.864593e-02
5400,layers.1.v_lut.log_select_temp,1.006666e+00,1.357692e-02,1.348703e-02
5400,layers.1.out_proj.weights,2.062677e+02,3.659654e+01,1.774226e-01
5400,layers.1.out_proj.log_soft_score_temp,1.327588e-01,3.812362e-02,2.871647e-01
5400,layers.1.out_proj.log_select_temp,7.142929e-01,4.533350e-03,6.346626e-03
5400,layers.1.residual_lut.weights,1.385356e+02,2.380406e+01,1.718263e-01
5400,layers.1.residual_lut.log_soft_score_temp,4.656452e-01,9.106129e-03,1.955594e-02
5400,layers.1.residual_lut.log_select_temp,8.694379e-01,1.297927e-02,1.492835e-02
5400,layers.1.q_norm.weight,9.529615e+00,4.451957e-02,4.671706e-03
5400,layers.1.q_norm.bias,6.614877e-01,2.072057e-02,3.132419e-02
5400,layers.1.k_norm.weight,9.485383e+00,4.425854e-02,4.665973e-03
5400,layers.1.k_norm.bias,9.142471e-01,2.317456e-02,2.534824e-02
5400,layers.2.qk_lut.weights,1.052825e+02,1.676323e+01,1.592214e-01
5400,layers.2.qk_lut.log_soft_score_temp,3.467602e-01,7.245958e-03,2.089616e-02
5400,layers.2.qk_lut.log_select_temp,8.338702e-01,8.470833e-03,1.015846e-02
5400,layers.2.v_lut.weights,9.647156e+01,1.620837e+01,1.680119e-01
5400,layers.2.v_lut.log_soft_score_temp,2.139117e-01,1.473053e-02,6.886267e-02
5400,layers.2.v_lut.log_select_temp,9.902198e-01,1.388609e-02,1.402324e-02
5400,layers.2.out_proj.weights,2.125259e+02,3.651078e+01,1.717945e-01
5400,layers.2.out_proj.log_soft_score_temp,6.683493e-02,3.610821e-02,5.402596e-01
5400,layers.2.out_proj.log_select_temp,7.163990e-01,2.258062e-03,3.151962e-03
5400,layers.2.residual_lut.weights,1.364184e+02,2.376177e+01,1.741831e-01
5400,layers.2.residual_lut.log_soft_score_temp,3.752299e-01,1.508975e-02,4.021468e-02
5400,layers.2.residual_lut.log_select_temp,9.665912e-01,1.876175e-02,1.941023e-02
5400,layers.2.q_norm.weight,9.069243e+00,1.977992e-02,2.180989e-03
5400,layers.2.q_norm.bias,6.739795e-01,1.323119e-02,1.963144e-02
5400,layers.2.k_norm.weight,9.033910e+00,1.907858e-02,2.111885e-03
5400,layers.2.k_norm.bias,1.067777e+00,1.946050e-02,1.822526e-02
5400,layers.3.qk_lut.weights,1.025678e+02,1.702572e+01,1.659948e-01
5400,layers.3.qk_lut.log_soft_score_temp,2.298846e-01,1.589069e-02,6.912463e-02
5400,layers.3.qk_lut.log_select_temp,9.099649e-01,1.259506e-02,1.384126e-02
5400,layers.3.v_lut.weights,9.849594e+01,1.624375e+01,1.649180e-01
5400,layers.3.v_lut.log_soft_score_temp,5.947701e-01,1.886743e-02,3.172223e-02
5400,layers.3.v_lut.log_select_temp,9.947817e-01,4.516959e-03,4.540654e-03
5400,layers.3.out_proj.weights,2.311181e+02,3.773676e+01,1.632792e-01
5400,layers.3.out_proj.log_soft_score_temp,7.817861e-02,3.594446e-02,4.597736e-01
5400,layers.3.out_proj.log_select_temp,1.034842e+00,9.784341e-03,9.454910e-03
5400,layers.3.residual_lut.weights,1.433821e+02,2.405450e+01,1.677651e-01
5400,layers.3.residual_lut.log_soft_score_temp,4.987431e-01,8.758277e-03,1.756070e-02
5400,layers.3.residual_lut.log_select_temp,1.006547e+00,1.800460e-02,1.788749e-02
5400,layers.3.q_norm.weight,9.747843e+00,6.001002e-02,6.156236e-03
5400,layers.3.q_norm.bias,5.661773e-01,1.874469e-02,3.310746e-02
5400,layers.3.k_norm.weight,9.697348e+00,5.931223e-02,6.116335e-03
5400,layers.3.k_norm.bias,8.522773e-01,2.327096e-02,2.730445e-02
5400,layers.4.qk_lut.weights,1.053036e+02,1.719387e+01,1.632790e-01
5400,layers.4.qk_lut.log_soft_score_temp,3.814332e-01,9.869069e-03,2.587365e-02
5400,layers.4.qk_lut.log_select_temp,8.333025e-01,6.938875e-03,8.326958e-03
5400,layers.4.v_lut.weights,1.007647e+02,1.657164e+01,1.644587e-01
5400,layers.4.v_lut.log_soft_score_temp,5.415972e-01,2.073121e-02,3.827791e-02
5400,layers.4.v_lut.log_select_temp,1.061837e+00,8.698463e-03,8.191904e-03
5400,layers.4.out_proj.weights,2.256239e+02,3.777379e+01,1.674193e-01
5400,layers.4.out_proj.log_soft_score_temp,1.664480e-01,3.107530e-02,1.866967e-01
5400,layers.4.out_proj.log_select_temp,8.989741e-01,9.224117e-03,1.026071e-02
5400,layers.4.residual_lut.weights,1.408618e+02,2.415339e+01,1.714688e-01
5400,layers.4.residual_lut.log_soft_score_temp,4.544453e-01,9.579867e-03,2.108035e-02
5400,layers.4.residual_lut.log_select_temp,1.016923e+00,2.081800e-02,2.047156e-02
5400,layers.4.q_norm.weight,8.851609e+00,2.410987e-02,2.723784e-03
5400,layers.4.q_norm.bias,5.678502e-01,1.366300e-02,2.406092e-02
5400,layers.4.k_norm.weight,8.810815e+00,2.369219e-02,2.688990e-03
5400,layers.4.k_norm.bias,8.824347e-01,1.877575e-02,2.127722e-02
5400,layers.5.qk_lut.weights,1.047417e+02,1.734728e+01,1.656196e-01
5400,layers.5.qk_lut.log_soft_score_temp,4.106475e-01,1.043338e-02,2.540714e-02
5400,layers.5.qk_lut.log_select_temp,7.806524e-01,5.791247e-03,7.418471e-03
5400,layers.5.v_lut.weights,1.024438e+02,1.694639e+01,1.654214e-01
5400,layers.5.v_lut.log_soft_score_temp,6.607533e-01,1.529413e-02,2.314651e-02
5400,layers.5.v_lut.log_select_temp,9.494673e-01,3.488183e-03,3.673832e-03
5400,layers.5.out_proj.weights,2.466899e+02,3.882619e+01,1.573887e-01
5400,layers.5.out_proj.log_soft_score_temp,3.231036e-01,3.066936e-02,9.492114e-02
5400,layers.5.out_proj.log_select_temp,9.816684e-01,6.867290e-03,6.995529e-03
5400,layers.5.residual_lut.weights,1.436476e+02,2.440808e+01,1.699163e-01
5400,layers.5.residual_lut.log_soft_score_temp,3.907713e-01,1.440850e-02,3.687195e-02
5400,layers.5.residual_lut.log_select_temp,1.022270e+00,2.131772e-02,2.085332e-02
5400,layers.5.q_norm.weight,8.830473e+00,2.759282e-02,3.124727e-03
5400,layers.5.q_norm.bias,3.908082e-01,1.291853e-02,3.305594e-02
5400,layers.5.k_norm.weight,8.788726e+00,2.738475e-02,3.115896e-03
5400,layers.5.k_norm.bias,5.930366e-01,2.218657e-02,3.741181e-02
5400,ln_final.weight,3.840868e+01,6.639618e-01,1.728677e-02
5400,ln_final.bias,1.767740e+00,6.187896e-02,3.500457e-02
5600,tok_emb_E.weight,1.520634e+02,6.684396e+00,4.395797e-02
5600,emb_resid_lut.weights,1.812093e+02,2.147500e+01,1.185094e-01
5600,emb_resid_lut.log_soft_score_temp,9.142009e-01,2.508599e-02,2.744034e-02
5600,emb_resid_lut.log_select_temp,1.386950e+00,9.293556e-04,6.700716e-04
5600,unembedder.weight,1.754079e+02,1.202369e+01,6.854705e-02
5600,layers.0.qk_lut.weights,1.069596e+02,1.524918e+01,1.425696e-01
5600,layers.0.qk_lut.log_soft_score_temp,9.613522e-01,1.775026e-04,1.846385e-04
5600,layers.0.qk_lut.log_select_temp,1.005265e+00,5.236030e-03,5.208608e-03
5600,layers.0.v_lut.weights,1.011726e+02,1.540319e+01,1.522466e-01
5600,layers.0.v_lut.log_soft_score_temp,6.345420e-01,1.441991e-02,2.272492e-02
5600,layers.0.v_lut.log_select_temp,1.041471e+00,3.723264e-03,3.575003e-03
5600,layers.0.out_proj.weights,2.082647e+02,3.448504e+01,1.655827e-01
5600,layers.0.out_proj.log_soft_score_temp,1.388518e-01,3.620514e-02,2.607466e-01
5600,layers.0.out_proj.log_select_temp,7.898481e-01,1.191539e-02,1.508567e-02
5600,layers.0.residual_lut.weights,1.377144e+02,2.283914e+01,1.658442e-01
5600,layers.0.residual_lut.log_soft_score_temp,3.265065e-01,1.242501e-02,3.805439e-02
5600,layers.0.residual_lut.log_select_temp,7.624135e-01,1.504302e-02,1.973079e-02
5600,layers.0.q_norm.weight,9.130503e+00,2.225772e-02,2.437732e-03
5600,layers.0.q_norm.bias,7.355722e-01,1.449556e-02,1.970651e-02
5600,layers.0.k_norm.weight,9.069745e+00,1.987028e-02,2.190831e-03
5600,layers.0.k_norm.bias,1.032299e+00,2.230242e-02,2.160461e-02
5600,layers.1.qk_lut.weights,1.054672e+02,1.613742e+01,1.530088e-01
5600,layers.1.qk_lut.log_soft_score_temp,1.696595e-01,1.867458e-02,1.100710e-01
5600,layers.1.qk_lut.log_select_temp,8.922196e-01,8.912146e-03,9.988736e-03
5600,layers.1.v_lut.weights,9.796597e+01,1.550196e+01,1.582382e-01
5600,layers.1.v_lut.log_soft_score_temp,2.763805e-01,2.097616e-02,7.589592e-02
5600,layers.1.v_lut.log_select_temp,1.017548e+00,1.088262e-02,1.069494e-02
5600,layers.1.out_proj.weights,2.096326e+02,3.599537e+01,1.717069e-01
5600,layers.1.out_proj.log_soft_score_temp,1.685138e-01,3.575502e-02,2.121786e-01
5600,layers.1.out_proj.log_select_temp,7.134016e-01,8.913279e-04,1.249405e-03
5600,layers.1.residual_lut.weights,1.410453e+02,2.342980e+01,1.661155e-01
5600,layers.1.residual_lut.log_soft_score_temp,4.545527e-01,1.109254e-02,2.440321e-02
5600,layers.1.residual_lut.log_select_temp,8.838354e-01,1.439750e-02,1.628980e-02
5600,layers.1.q_norm.weight,9.561813e+00,3.880726e-02,4.058567e-03
5600,layers.1.q_norm.bias,6.748417e-01,1.991067e-02,2.950421e-02
5600,layers.1.k_norm.weight,9.517623e+00,3.900118e-02,4.097786e-03
5600,layers.1.k_norm.bias,9.259435e-01,2.030630e-02,2.193039e-02
5600,layers.2.qk_lut.weights,1.072183e+02,1.655411e+01,1.543963e-01
5600,layers.2.qk_lut.log_soft_score_temp,3.415087e-01,5.251467e-03,1.537726e-02
5600,layers.2.qk_lut.log_select_temp,8.438267e-01,9.956479e-03,1.179920e-02
5600,layers.2.v_lut.weights,9.816009e+01,1.592308e+01,1.622155e-01
5600,layers.2.v_lut.log_soft_score_temp,1.976687e-01,1.624295e-02,8.217259e-02
5600,layers.2.v_lut.log_select_temp,1.005812e+00,1.559174e-02,1.550165e-02
5600,layers.2.out_proj.weights,2.162066e+02,3.594851e+01,1.662692e-01
5600,layers.2.out_proj.log_soft_score_temp,1.007840e-01,3.394908e-02,3.368499e-01
5600,layers.2.out_proj.log_select_temp,7.176104e-01,1.211405e-03,1.688109e-03
5600,layers.2.residual_lut.weights,1.388268e+02,2.342071e+01,1.687045e-01
5600,layers.2.residual_lut.log_soft_score_temp,3.586151e-01,1.661474e-02,4.633027e-02
5600,layers.2.residual_lut.log_select_temp,9.863228e-01,1.973164e-02,2.000526e-02
5600,layers.2.q_norm.weight,9.084064e+00,2.222594e-02,2.446695e-03
5600,layers.2.q_norm.bias,6.832794e-01,1.267468e-02,1.854978e-02
5600,layers.2.k_norm.weight,9.048503e+00,2.148064e-02,2.373944e-03
5600,layers.2.k_norm.bias,1.079805e+00,1.868743e-02,1.730630e-02
5600,layers.3.qk_lut.weights,1.043945e+02,1.677599e+01,1.606980e-01
5600,layers.3.qk_lut.log_soft_score_temp,2.138910e-01,1.599361e-02,7.477458e-02
5600,layers.3.qk_lut.log_select_temp,9.235193e-01,1.355445e-02,1.467696e-02
5600,layers.3.v_lut.weights,1.002509e+02,1.598361e+01,1.594361e-01
5600,layers.3.v_lut.log_soft_score_temp,5.728414e-01,2.192873e-02,3.828063e-02
5600,layers.3.v_lut.log_select_temp,1.001519e+00,6.736875e-03,6.726659e-03
5600,layers.3.out_proj.weights,2.361182e+02,3.711939e+01,1.572068e-01
5600,layers.3.out_proj.log_soft_score_temp,4.166901e-02,3.650959e-02,8.761808e-01
5600,layers.3.out_proj.log_select_temp,1.047291e+00,1.244855e-02,1.188643e-02
5600,layers.3.residual_lut.weights,1.462858e+02,2.368630e+01,1.619180e-01
5600,layers.3.residual_lut.log_soft_score_temp,4.867896e-01,1.195344e-02,2.455566e-02
5600,layers.3.residual_lut.log_select_temp,1.026276e+00,1.972950e-02,1.922435e-02
5600,layers.3.q_norm.weight,9.795335e+00,6.067081e-02,6.193847e-03
5600,layers.3.q_norm.bias,5.764641e-01,1.991891e-02,3.455360e-02
5600,layers.3.k_norm.weight,9.743280e+00,5.950896e-02,6.107692e-03
5600,layers.3.k_norm.bias,8.693624e-01,2.843783e-02,3.271114e-02
5600,layers.4.qk_lut.weights,1.072292e+02,1.696595e+01,1.582214e-01
5600,layers.4.qk_lut.log_soft_score_temp,3.738813e-01,7.551849e-03,2.019852e-02
5600,layers.4.qk_lut.log_select_temp,8.421494e-01,8.846939e-03,1.050519e-02
5600,layers.4.v_lut.weights,1.026036e+02,1.634101e+01,1.592635e-01
5600,layers.4.v_lut.log_soft_score_temp,5.237958e-01,1.780146e-02,3.398550e-02
5600,layers.4.v_lut.log_select_temp,1.070850e+00,9.013534e-03,8.417176e-03
5600,layers.4.out_proj.weights,2.298635e+02,3.720010e+01,1.618356e-01
5600,layers.4.out_proj.log_soft_score_temp,1.384711e-01,2.797687e-02,2.020412e-01
5600,layers.4.out_proj.log_select_temp,9.087180e-01,9.743929e-03,1.072272e-02
5600,layers.4.residual_lut.weights,1.438058e+02,2.379568e+01,1.654709e-01
5600,layers.4.residual_lut.log_soft_score_temp,4.429411e-01,1.150420e-02,2.597231e-02
5600,layers.4.residual_lut.log_select_temp,1.038234e+00,2.131140e-02,2.052658e-02
5600,layers.4.q_norm.weight,8.863355e+00,1.859247e-02,2.097679e-03
5600,layers.4.q_norm.bias,5.743311e-01,1.198399e-02,2.086599e-02
5600,layers.4.k_norm.weight,8.821123e+00,1.777695e-02,2.015271e-03
5600,layers.4.k_norm.bias,8.941594e-01,1.922156e-02,2.149679e-02
5600,layers.5.qk_lut.weights,1.066268e+02,1.712680e+01,1.606237e-01
5600,layers.5.qk_lut.log_soft_score_temp,4.010415e-01,9.605944e-03,2.395249e-02
5600,layers.5.qk_lut.log_select_temp,7.866172e-01,5.964816e-03,7.582869e-03
5600,layers.5.v_lut.weights,1.043090e+02,1.659714e+01,1.591152e-01
5600,layers.5.v_lut.log_soft_score_temp,6.465030e-01,1.425028e-02,2.204209e-02
5600,layers.5.v_lut.log_select_temp,9.539211e-01,4.453838e-03,4.668979e-03
5600,layers.5.out_proj.weights,2.511384e+02,3.806593e+01,1.515735e-01
5600,layers.5.out_proj.log_soft_score_temp,2.915165e-01,3.158709e-02,1.083544e-01
5600,layers.5.out_proj.log_select_temp,9.887775e-01,7.109165e-03,7.189853e-03
5600,layers.5.residual_lut.weights,1.466190e+02,2.404370e+01,1.639877e-01
5600,layers.5.residual_lut.log_soft_score_temp,3.769551e-01,1.381621e-02,3.665213e-02
5600,layers.5.residual_lut.log_select_temp,1.045260e+00,2.299047e-02,2.199497e-02
5600,layers.5.q_norm.weight,8.846848e+00,2.599391e-02,2.938211e-03
5600,layers.5.q_norm.bias,3.978965e-01,1.249062e-02,3.139163e-02
5600,layers.5.k_norm.weight,8.804459e+00,2.553582e-02,2.900328e-03
5600,layers.5.k_norm.bias,6.050431e-01,2.010105e-02,3.322251e-02
5600,ln_final.weight,3.905622e+01,6.486860e-01,1.660903e-02
5600,ln_final.bias,1.789827e+00,6.276383e-02,3.506698e-02
5800,tok_emb_E.weight,1.522950e+02,6.580470e+00,4.320872e-02
5800,emb_resid_lut.weights,1.836686e+02,2.117248e+01,1.152754e-01
5800,emb_resid_lut.log_soft_score_temp,8.878933e-01,2.630758e-02,2.962922e-02
5800,emb_resid_lut.log_select_temp,1.386450e+00,4.996061e-04,3.603492e-04
5800,unembedder.weight,1.754648e+02,1.181439e+01,6.733198e-02
5800,layers.0.qk_lut.weights,1.087665e+02,1.507976e+01,1.386433e-01
5800,layers.0.qk_lut.log_soft_score_temp,9.617354e-01,3.832579e-04,3.985065e-04
5800,layers.0.qk_lut.log_select_temp,1.011086e+00,5.821347e-03,5.757519e-03
5800,layers.0.v_lut.weights,1.028882e+02,1.520615e+01,1.477930e-01
5800,layers.0.v_lut.log_soft_score_temp,6.187174e-01,1.582462e-02,2.557649e-02
5800,layers.0.v_lut.log_select_temp,1.043695e+00,2.223253e-03,2.130176e-03
5800,layers.0.out_proj.weights,2.115811e+02,3.386169e+01,1.600412e-01
5800,layers.0.out_proj.log_soft_score_temp,1.740432e-01,3.519136e-02,2.021990e-01
5800,layers.0.out_proj.log_select_temp,7.995344e-01,9.686351e-03,1.211499e-02
5800,layers.0.residual_lut.weights,1.399962e+02,2.244733e+01,1.603424e-01
5800,layers.0.residual_lut.log_soft_score_temp,3.164015e-01,1.010498e-02,3.193722e-02
5800,layers.0.residual_lut.log_select_temp,7.790104e-01,1.659691e-02,2.130512e-02
5800,layers.0.q_norm.weight,9.146791e+00,2.241455e-02,2.450537e-03
5800,layers.0.q_norm.bias,7.448691e-01,1.363793e-02,1.830916e-02
5800,layers.0.k_norm.weight,9.085269e+00,2.238376e-02,2.463742e-03
5800,layers.0.k_norm.bias,1.048587e+00,2.232444e-02,2.129003e-02
5800,layers.1.qk_lut.weights,1.072497e+02,1.584172e+01,1.477087e-01
5800,layers.1.qk_lut.log_soft_score_temp,1.553578e-01,1.430169e-02,9.205644e-02
5800,layers.1.qk_lut.log_select_temp,9.022359e-01,1.001632e-02,1.110167e-02
5800,layers.1.v_lut.weights,9.959710e+01,1.526229e+01,1.532403e-01
5800,layers.1.v_lut.log_soft_score_temp,2.573971e-01,1.898342e-02,7.375150e-02
5800,layers.1.v_lut.log_select_temp,1.027909e+00,1.036048e-02,1.007918e-02
5800,layers.1.out_proj.weights,2.128005e+02,3.536368e+01,1.661823e-01
5800,layers.1.out_proj.log_soft_score_temp,2.013371e-01,3.282329e-02,1.630266e-01
5800,layers.1.out_proj.log_select_temp,7.142034e-01,8.017421e-04,1.122568e-03
5800,layers.1.residual_lut.weights,1.434024e+02,2.303272e+01,1.606161e-01
5800,layers.1.residual_lut.log_soft_score_temp,4.442492e-01,1.030344e-02,2.319292e-02
5800,layers.1.residual_lut.log_select_temp,8.967479e-01,1.291251e-02,1.439927e-02
5800,layers.1.q_norm.weight,9.594419e+00,4.042665e-02,4.213559e-03
5800,layers.1.q_norm.bias,6.868212e-01,1.837824e-02,2.675840e-02
5800,layers.1.k_norm.weight,9.549351e+00,3.997665e-02,4.186321e-03
5800,layers.1.k_norm.bias,9.377646e-01,2.121339e-02,2.262123e-02
5800,layers.2.qk_lut.weights,1.090669e+02,1.624404e+01,1.489364e-01
5800,layers.2.qk_lut.log_soft_score_temp,3.362973e-01,5.211413e-03,1.549644e-02
5800,layers.2.qk_lut.log_select_temp,8.545428e-01,1.071608e-02,1.254013e-02
5800,layers.2.v_lut.weights,9.980085e+01,1.568132e+01,1.571261e-01
5800,layers.2.v_lut.log_soft_score_temp,1.845108e-01,1.315789e-02,7.131229e-02
5800,layers.2.v_lut.log_select_temp,1.021645e+00,1.583326e-02,1.549781e-02
5800,layers.2.out_proj.weights,2.197292e+02,3.528373e+01,1.605782e-01
5800,layers.2.out_proj.log_soft_score_temp,1.335883e-01,3.280427e-02,2.455625e-01
5800,layers.2.out_proj.log_select_temp,7.216616e-01,4.051149e-03,5.613641e-03
5800,layers.2.residual_lut.weights,1.410980e+02,2.303534e+01,1.632577e-01
5800,layers.2.residual_lut.log_soft_score_temp,3.431017e-01,1.551345e-02,4.521531e-02
5800,layers.2.residual_lut.log_select_temp,1.004746e+00,1.842338e-02,1.833635e-02
5800,layers.2.q_norm.weight,9.100382e+00,2.259897e-02,2.483300e-03
5800,layers.2.q_norm.bias,6.911891e-01,1.200759e-02,1.737237e-02
5800,layers.2.k_norm.weight,9.064353e+00,2.259399e-02,2.492620e-03
5800,layers.2.k_norm.bias,1.092597e+00,1.792986e-02,1.641031e-02
5800,layers.3.qk_lut.weights,1.061176e+02,1.649695e+01,1.554591e-01
5800,layers.3.qk_lut.log_soft_score_temp,1.988601e-01,1.503088e-02,7.558517e-02
5800,layers.3.qk_lut.log_select_temp,9.368655e-01,1.334620e-02,1.424558e-02
5800,layers.3.v_lut.weights,1.019238e+02,1.575637e+01,1.545898e-01
5800,layers.3.v_lut.log_soft_score_temp,5.521964e-01,2.064496e-02,3.738699e-02
5800,layers.3.v_lut.log_select_temp,1.007055e+00,5.536199e-03,5.497415e-03
5800,layers.3.out_proj.weights,2.409128e+02,3.646300e+01,1.513535e-01
5800,layers.3.out_proj.log_soft_score_temp,7.787879e-03,3.388114e-02,4.350496e+00
5800,layers.3.out_proj.log_select_temp,1.059353e+00,1.206172e-02,1.138593e-02
5800,layers.3.residual_lut.weights,1.490576e+02,2.330058e+01,1.563193e-01
5800,layers.3.residual_lut.log_soft_score_temp,4.763173e-01,1.047236e-02,2.198610e-02
5800,layers.3.residual_lut.log_select_temp,1.045097e+00,1.882041e-02,1.800829e-02
5800,layers.3.q_norm.weight,9.840949e+00,5.840519e-02,5.934915e-03
5800,layers.3.q_norm.bias,5.881824e-01,1.734632e-02,2.949139e-02
5800,layers.3.k_norm.weight,9.787523e+00,5.748696e-02,5.873494e-03
5800,layers.3.k_norm.bias,8.857359e-01,2.753410e-02,3.108612e-02
5800,layers.4.qk_lut.weights,1.090466e+02,1.664802e+01,1.526688e-01
5800,layers.4.qk_lut.log_soft_score_temp,3.650028e-01,8.878559e-03,2.432464e-02
5800,layers.4.qk_lut.log_select_temp,8.488047e-01,6.655216e-03,7.840692e-03
5800,layers.4.v_lut.weights,1.043416e+02,1.605872e+01,1.539054e-01
5800,layers.4.v_lut.log_soft_score_temp,5.060757e-01,1.772010e-02,3.501473e-02
5800,layers.4.v_lut.log_select_temp,1.078187e+00,7.336497e-03,6.804478e-03
5800,layers.4.out_proj.weights,2.339404e+02,3.651973e+01,1.561070e-01
5800,layers.4.out_proj.log_soft_score_temp,1.092744e-01,2.919675e-02,2.671874e-01
5800,layers.4.out_proj.log_select_temp,9.206339e-01,1.191586e-02,1.294311e-02
5800,layers.4.residual_lut.weights,1.465952e+02,2.339247e+01,1.595718e-01
5800,layers.4.residual_lut.log_soft_score_temp,4.318786e-01,1.106250e-02,2.561484e-02
5800,layers.4.residual_lut.log_select_temp,1.058485e+00,2.025044e-02,1.913154e-02
5800,layers.4.q_norm.weight,8.880981e+00,2.416373e-02,2.720840e-03
5800,layers.4.q_norm.bias,5.829117e-01,1.159111e-02,1.988486e-02
5800,layers.4.k_norm.weight,8.837936e+00,2.515714e-02,2.846495e-03
5800,layers.4.k_norm.bias,9.067132e-01,1.892310e-02,2.086999e-02
5800,layers.5.qk_lut.weights,1.084185e+02,1.684084e+01,1.553317e-01
5800,layers.5.qk_lut.log_soft_score_temp,3.900618e-01,1.097971e-02,2.814865e-02
5800,layers.5.qk_lut.log_select_temp,7.914392e-01,4.822016e-03,6.092718e-03
5800,layers.5.v_lut.weights,1.060844e+02,1.635768e+01,1.541949e-01
5800,layers.5.v_lut.log_soft_score_temp,6.343492e-01,1.215386e-02,1.915958e-02
5800,layers.5.v_lut.log_select_temp,9.587978e-01,4.876614e-03,5.086175e-03
5800,layers.5.out_proj.weights,2.553259e+02,3.736902e+01,1.463581e-01
5800,layers.5.out_proj.log_soft_score_temp,2.630804e-01,2.843612e-02,1.080891e-01
5800,layers.5.out_proj.log_select_temp,9.972708e-01,8.493245e-03,8.516488e-03
5800,layers.5.residual_lut.weights,1.494553e+02,2.366704e+01,1.583553e-01
5800,layers.5.residual_lut.log_soft_score_temp,3.645405e-01,1.241463e-02,3.405557e-02
5800,layers.5.residual_lut.log_select_temp,1.067607e+00,2.234721e-02,2.093205e-02
5800,layers.5.q_norm.weight,8.870371e+00,2.863346e-02,3.227989e-03
5800,layers.5.q_norm.bias,4.051197e-01,1.244849e-02,3.072793e-02
5800,layers.5.k_norm.weight,8.826645e+00,2.786032e-02,3.156389e-03
5800,layers.5.k_norm.bias,6.135329e-01,1.758518e-02,2.866216e-02
5800,ln_final.weight,3.968700e+01,6.319928e-01,1.592443e-02
5800,ln_final.bias,1.808769e+00,6.016741e-02,3.326429e-02
6000,tok_emb_E.weight,1.525192e+02,6.471423e+00,4.243023e-02
6000,emb_resid_lut.weights,1.859941e+02,2.074722e+01,1.115477e-01
6000,emb_resid_lut.log_soft_score_temp,8.661319e-01,2.176142e-02,2.512483e-02
6000,emb_resid_lut.log_select_temp,1.388169e+00,1.719236e-03,1.238492e-03
6000,unembedder.weight,1.754767e+02,1.150364e+01,6.555651e-02
6000,layers.0.qk_lut.weights,1.104866e+02,1.481250e+01,1.340660e-01
6000,layers.0.qk_lut.log_soft_score_temp,9.596966e-01,2.038836e-03,2.124459e-03
6000,layers.0.qk_lut.log_select_temp,1.014373e+00,3.287196e-03,3.240618e-03
6000,layers.0.v_lut.weights,1.045160e+02,1.494907e+01,1.430315e-01
6000,layers.0.v_lut.log_soft_score_temp,6.058391e-01,1.287830e-02,2.125696e-02
6000,layers.0.v_lut.log_select_temp,1.047366e+00,3.671288e-03,3.505259e-03
6000,layers.0.out_proj.weights,2.147379e+02,3.322408e+01,1.547193e-01
6000,layers.0.out_proj.log_soft_score_temp,2.073964e-01,3.335325e-02,1.608188e-01
6000,layers.0.out_proj.log_select_temp,8.120531e-01,1.251864e-02,1.541604e-02
6000,layers.0.residual_lut.weights,1.421449e+02,2.201339e+01,1.548659e-01
6000,layers.0.residual_lut.log_soft_score_temp,3.037500e-01,1.265147e-02,4.165094e-02
6000,layers.0.residual_lut.log_select_temp,7.949069e-01,1.589650e-02,1.999794e-02
6000,layers.0.q_norm.weight,9.160372e+00,2.029098e-02,2.215083e-03
6000,layers.0.q_norm.bias,7.551778e-01,1.445179e-02,1.913694e-02
6000,layers.0.k_norm.weight,9.098200e+00,2.057576e-02,2.261520e-03
6000,layers.0.k_norm.bias,1.063191e+00,1.925345e-02,1.810911e-02
6000,layers.1.qk_lut.weights,1.089375e+02,1.555289e+01,1.427690e-01
6000,layers.1.qk_lut.log_soft_score_temp,1.420138e-01,1.334397e-02,9.396250e-02
6000,layers.1.qk_lut.log_select_temp,9.117593e-01,9.523332e-03,1.044501e-02
6000,layers.1.v_lut.weights,1.011451e+02,1.493617e+01,1.476707e-01
6000,layers.1.v_lut.log_soft_score_temp,2.410506e-01,1.634654e-02,6.781375e-02
6000,layers.1.v_lut.log_select_temp,1.040217e+00,1.230872e-02,1.183283e-02
6000,layers.1.out_proj.weights,2.157942e+02,3.471009e+01,1.608481e-01
6000,layers.1.out_proj.log_soft_score_temp,2.329018e-01,3.156468e-02,1.355279e-01
6000,layers.1.out_proj.log_select_temp,7.175608e-01,3.357470e-03,4.679004e-03
6000,layers.1.residual_lut.weights,1.456337e+02,2.261338e+01,1.552758e-01
6000,layers.1.residual_lut.log_soft_score_temp,4.347965e-01,9.452701e-03,2.174051e-02
6000,layers.1.residual_lut.log_select_temp,9.090948e-01,1.234692e-02,1.358156e-02
6000,layers.1.q_norm.weight,9.624061e+00,3.682565e-02,3.826415e-03
6000,layers.1.q_norm.bias,6.991691e-01,1.838301e-02,2.629265e-02
6000,layers.1.k_norm.weight,9.578842e+00,3.640727e-02,3.800800e-03
6000,layers.1.k_norm.bias,9.480525e-01,1.810730e-02,1.909947e-02
6000,layers.2.qk_lut.weights,1.108276e+02,1.598717e+01,1.442526e-01
6000,layers.2.qk_lut.log_soft_score_temp,3.297260e-01,6.571323e-03,1.992965e-02
6000,layers.2.qk_lut.log_select_temp,8.634351e-01,8.892357e-03,1.029881e-02
6000,layers.2.v_lut.weights,1.013403e+02,1.538876e+01,1.518523e-01
6000,layers.2.v_lut.log_soft_score_temp,1.713146e-01,1.319624e-02,7.702931e-02
6000,layers.2.v_lut.log_select_temp,1.036226e+00,1.458132e-02,1.407156e-02
6000,layers.2.out_proj.weights,2.230378e+02,3.462568e+01,1.552458e-01
6000,layers.2.out_proj.log_soft_score_temp,1.661763e-01,3.258805e-02,1.961053e-01
6000,layers.2.out_proj.log_select_temp,7.242654e-01,2.603829e-03,3.595131e-03
6000,layers.2.residual_lut.weights,1.432204e+02,2.262533e+01,1.579757e-01
6000,layers.2.residual_lut.log_soft_score_temp,3.271281e-01,1.597360e-02,4.882980e-02
6000,layers.2.residual_lut.log_select_temp,1.021758e+00,1.701152e-02,1.664927e-02
6000,layers.2.q_norm.weight,9.115981e+00,2.279953e-02,2.501050e-03
6000,layers.2.q_norm.bias,7.025408e-01,1.433775e-02,2.040842e-02
6000,layers.2.k_norm.weight,9.079511e+00,2.240840e-02,2.468018e-03
6000,layers.2.k_norm.bias,1.107352e+00,2.103215e-02,1.899319e-02
6000,layers.3.qk_lut.weights,1.077509e+02,1.613089e+01,1.497054e-01
6000,layers.3.qk_lut.log_soft_score_temp,1.839717e-01,1.488845e-02,8.092795e-02
6000,layers.3.qk_lut.log_select_temp,9.499460e-01,1.308048e-02,1.376971e-02
6000,layers.3.v_lut.weights,1.034986e+02,1.541099e+01,1.489004e-01
6000,layers.3.v_lut.log_soft_score_temp,5.331900e-01,1.900649e-02,3.564675e-02
6000,layers.3.v_lut.log_select_temp,1.012271e+00,5.216479e-03,5.153242e-03
6000,layers.3.out_proj.weights,2.454985e+02,3.569994e+01,1.454182e-01
6000,layers.3.out_proj.log_soft_score_temp,2.555729e-02,3.334517e-02,1.304722e+00
6000,layers.3.out_proj.log_select_temp,1.069019e+00,9.666204e-03,9.042128e-03
6000,layers.3.residual_lut.weights,1.516910e+02,2.288196e+01,1.508459e-01
6000,layers.3.residual_lut.log_soft_score_temp,4.657890e-01,1.052830e-02,2.260315e-02
6000,layers.3.residual_lut.log_select_temp,1.062722e+00,1.762581e-02,1.658552e-02
6000,layers.3.q_norm.weight,9.879902e+00,5.264558e-02,5.328553e-03
6000,layers.3.q_norm.bias,5.993723e-01,2.026010e-02,3.380220e-02
6000,layers.3.k_norm.weight,9.825082e+00,5.224072e-02,5.317078e-03
6000,layers.3.k_norm.bias,9.017461e-01,2.582075e-02,2.863416e-02
6000,layers.4.qk_lut.weights,1.107956e+02,1.634074e+01,1.474855e-01
6000,layers.4.qk_lut.log_soft_score_temp,3.591980e-01,5.804777e-03,1.616038e-02
6000,layers.4.qk_lut.log_select_temp,8.588699e-01,1.006520e-02,1.171912e-02
6000,layers.4.v_lut.weights,1.059873e+02,1.572381e+01,1.483556e-01
6000,layers.4.v_lut.log_soft_score_temp,4.891786e-01,1.689705e-02,3.454168e-02
6000,layers.4.v_lut.log_select_temp,1.085920e+00,7.733107e-03,7.121251e-03
6000,layers.4.out_proj.weights,2.377990e+02,3.574429e+01,1.503130e-01
6000,layers.4.out_proj.log_soft_score_temp,8.185901e-02,2.741538e-02,3.349097e-01
6000,layers.4.out_proj.log_select_temp,9.311712e-01,1.053727e-02,1.131614e-02
6000,layers.4.residual_lut.weights,1.492497e+02,2.297009e+01,1.539037e-01
6000,layers.4.residual_lut.log_soft_score_temp,4.202497e-01,1.162893e-02,2.767147e-02
6000,layers.4.residual_lut.log_select_temp,1.077831e+00,1.934624e-02,1.794923e-02
6000,layers.4.q_norm.weight,8.897009e+00,2.115492e-02,2.377756e-03
6000,layers.4.q_norm.bias,5.912834e-01,1.202682e-02,2.034020e-02
6000,layers.4.k_norm.weight,8.853311e+00,2.124436e-02,2.399595e-03
6000,layers.4.k_norm.bias,9.174948e-01,1.664248e-02,1.813905e-02
6000,layers.5.qk_lut.weights,1.101472e+02,1.646066e+01,1.494423e-01
6000,layers.5.qk_lut.log_soft_score_temp,3.796010e-01,1.046076e-02,2.755726e-02
6000,layers.5.qk_lut.log_select_temp,7.958946e-01,4.455328e-03,5.597887e-03
6000,layers.5.v_lut.weights,1.077664e+02,1.602043e+01,1.486588e-01
6000,layers.5.v_lut.log_soft_score_temp,6.226762e-01,1.167297e-02,1.874646e-02
6000,layers.5.v_lut.log_select_temp,9.634150e-01,4.617214e-03,4.792550e-03
6000,layers.5.out_proj.weights,2.592913e+02,3.646919e+01,1.406495e-01
6000,layers.5.out_proj.log_soft_score_temp,2.340516e-01,2.902874e-02,1.240271e-01
6000,layers.5.out_proj.log_select_temp,1.002389e+00,5.118549e-03,5.106348e-03
6000,layers.5.residual_lut.weights,1.521415e+02,2.320319e+01,1.525107e-01
6000,layers.5.residual_lut.log_soft_score_temp,3.497245e-01,1.481593e-02,4.236456e-02
6000,layers.5.residual_lut.log_select_temp,1.087767e+00,2.015948e-02,1.853291e-02
6000,layers.5.q_norm.weight,8.884302e+00,2.329019e-02,2.621499e-03
6000,layers.5.q_norm.bias,4.136543e-01,1.202307e-02,2.906549e-02
6000,layers.5.k_norm.weight,8.840974e+00,2.197135e-02,2.485173e-03
6000,layers.5.k_norm.bias,6.205470e-01,1.649273e-02,2.657774e-02
6000,ln_final.weight,4.030545e+01,6.196547e-01,1.537397e-02
6000,ln_final.bias,1.827039e+00,5.795287e-02,3.171955e-02
6200,tok_emb_E.weight,1.527345e+02,6.341326e+00,4.151864e-02
6200,emb_resid_lut.weights,1.881980e+02,2.037597e+01,1.082688e-01
6200,emb_resid_lut.log_soft_score_temp,8.459622e-01,2.016973e-02,2.384236e-02
6200,emb_resid_lut.log_select_temp,1.390544e+00,2.374530e-03,1.707627e-03
6200,unembedder.weight,1.754488e+02,1.120490e+01,6.386419e-02
6200,layers.0.qk_lut.weights,1.121151e+02,1.449559e+01,1.292921e-01
6200,layers.0.qk_lut.log_soft_score_temp,9.588087e-01,8.878708e-04,9.260145e-04
6200,layers.0.qk_lut.log_select_temp,1.018812e+00,4.438877e-03,4.356915e-03
6200,layers.0.v_lut.weights,1.060597e+02,1.467367e+01,1.383530e-01
6200,layers.0.v_lut.log_soft_score_temp,5.952439e-01,1.059514e-02,1.779967e-02
6200,layers.0.v_lut.log_select_temp,1.052209e+00,4.842877e-03,4.602582e-03
6200,layers.0.out_proj.weights,2.177537e+02,3.262083e+01,1.498061e-01
6200,layers.0.out_proj.log_soft_score_temp,2.390972e-01,3.170080e-02,1.325854e-01
6200,layers.0.out_proj.log_select_temp,8.264452e-01,1.439214e-02,1.741451e-02
6200,layers.0.residual_lut.weights,1.441970e+02,2.164001e+01,1.500725e-01
6200,layers.0.residual_lut.log_soft_score_temp,2.937433e-01,1.000676e-02,3.406633e-02
6200,layers.0.residual_lut.log_select_temp,8.102555e-01,1.534855e-02,1.894286e-02
6200,layers.0.q_norm.weight,9.178312e+00,2.240836e-02,2.441447e-03
6200,layers.0.q_norm.bias,7.657988e-01,1.384049e-02,1.807327e-02
6200,layers.0.k_norm.weight,9.114871e+00,2.174257e-02,2.385395e-03
6200,layers.0.k_norm.bias,1.078977e+00,2.137223e-02,1.980786e-02
6200,layers.1.qk_lut.weights,1.105392e+02,1.529665e+01,1.383822e-01
6200,layers.1.qk_lut.log_soft_score_temp,1.277959e-01,1.421794e-02,1.112551e-01
6200,layers.1.qk_lut.log_select_temp,9.210963e-01,9.337008e-03,1.013684e-02
6200,layers.1.v_lut.weights,1.025889e+02,1.465238e+01,1.428262e-01
6200,layers.1.v_lut.log_soft_score_temp,2.232776e-01,1.777302e-02,7.960056e-02
6200,layers.1.v_lut.log_select_temp,1.051615e+00,1.139736e-02,1.083796e-02
6200,layers.1.out_proj.weights,2.185332e+02,3.402340e+01,1.556898e-01
6200,layers.1.out_proj.log_soft_score_temp,2.661484e-01,3.324667e-02,1.249178e-01
6200,layers.1.out_proj.log_select_temp,7.175475e-01,1.329184e-05,1.852398e-05
6200,layers.1.residual_lut.weights,1.477093e+02,2.222545e+01,1.504675e-01
6200,layers.1.residual_lut.log_soft_score_temp,4.216544e-01,1.314211e-02,3.116796e-02
6200,layers.1.residual_lut.log_select_temp,9.222436e-01,1.314878e-02,1.425739e-02
6200,layers.1.q_norm.weight,9.652654e+00,3.669579e-02,3.801627e-03
6200,layers.1.q_norm.bias,7.105639e-01,1.727903e-02,2.431735e-02
6200,layers.1.k_norm.weight,9.607374e+00,3.702355e-02,3.853660e-03
6200,layers.1.k_norm.bias,9.587512e-01,1.921230e-02,2.003888e-02
6200,layers.2.qk_lut.weights,1.124968e+02,1.568812e+01,1.394540e-01
6200,layers.2.qk_lut.log_soft_score_temp,3.269725e-01,2.753526e-03,8.421277e-03
6200,layers.2.qk_lut.log_select_temp,8.739417e-01,1.050657e-02,1.202205e-02
6200,layers.2.v_lut.weights,1.028084e+02,1.505342e+01,1.464221e-01
6200,layers.2.v_lut.log_soft_score_temp,1.599442e-01,1.137041e-02,7.108984e-02
6200,layers.2.v_lut.log_select_temp,1.050978e+00,1.475167e-02,1.403614e-02
6200,layers.2.out_proj.weights,2.261794e+02,3.395724e+01,1.501341e-01
6200,layers.2.out_proj.log_soft_score_temp,1.978469e-01,3.167056e-02,1.600761e-01
6200,layers.2.out_proj.log_select_temp,7.288479e-01,4.582524e-03,6.287353e-03
6200,layers.2.residual_lut.weights,1.452274e+02,2.222867e+01,1.530611e-01
6200,layers.2.residual_lut.log_soft_score_temp,3.110146e-01,1.611346e-02,5.180933e-02
6200,layers.2.residual_lut.log_select_temp,1.039602e+00,1.784384e-02,1.716412e-02
6200,layers.2.q_norm.weight,9.129117e+00,2.014015e-02,2.206144e-03
6200,layers.2.q_norm.bias,7.107968e-01,1.133309e-02,1.594420e-02
6200,layers.2.k_norm.weight,9.092295e+00,1.910444e-02,2.101168e-03
6200,layers.2.k_norm.bias,1.119929e+00,1.661543e-02,1.483615e-02
6200,layers.3.qk_lut.weights,1.093227e+02,1.584738e+01,1.449597e-01
6200,layers.3.qk_lut.log_soft_score_temp,1.708631e-01,1.310855e-02,7.671961e-02
6200,layers.3.qk_lut.log_select_temp,9.634329e-01,1.348692e-02,1.399882e-02
6200,layers.3.v_lut.weights,1.049890e+02,1.513430e+01,1.441513e-01
6200,layers.3.v_lut.log_soft_score_temp,5.132596e-01,1.993030e-02,3.883084e-02
6200,layers.3.v_lut.log_select_temp,1.020525e+00,8.253217e-03,8.087230e-03
6200,layers.3.out_proj.weights,2.499026e+02,3.503597e+01,1.401985e-01
6200,layers.3.out_proj.log_soft_score_temp,5.835887e-02,3.280158e-02,5.620668e-01
6200,layers.3.out_proj.log_select_temp,1.081072e+00,1.205325e-02,1.114935e-02
6200,layers.3.residual_lut.weights,1.541911e+02,2.248204e+01,1.458063e-01
6200,layers.3.residual_lut.log_soft_score_temp,4.531218e-01,1.266724e-02,2.795549e-02
6200,layers.3.residual_lut.log_select_temp,1.082494e+00,1.977158e-02,1.826484e-02
6200,layers.3.q_norm.weight,9.920233e+00,5.112251e-02,5.153358e-03
6200,layers.3.q_norm.bias,6.107380e-01,1.840892e-02,3.014209e-02
6200,layers.3.k_norm.weight,9.864383e+00,5.052872e-02,5.122339e-03
6200,layers.3.k_norm.bias,9.185696e-01,2.875583e-02,3.130501e-02
6200,layers.4.qk_lut.weights,1.124474e+02,1.607089e+01,1.429191e-01
6200,layers.4.qk_lut.log_soft_score_temp,3.548671e-01,4.330873e-03,1.220421e-02
6200,layers.4.qk_lut.log_select_temp,8.685174e-01,9.647548e-03,1.110807e-02
6200,layers.4.v_lut.weights,1.075476e+02,1.540137e+01,1.432051e-01
6200,layers.4.v_lut.log_soft_score_temp,4.739385e-01,1.524010e-02,3.215629e-02
6200,layers.4.v_lut.log_select_temp,1.094222e+00,8.302569e-03,7.587644e-03
6200,layers.4.out_proj.weights,2.414229e+02,3.508091e+01,1.453090e-01
6200,layers.4.out_proj.log_soft_score_temp,5.437447e-02,2.748454e-02,5.054678e-01
6200,layers.4.out_proj.log_select_temp,9.406736e-01,9.502470e-03,1.010177e-02
6200,layers.4.residual_lut.weights,1.517892e+02,2.256100e+01,1.486338e-01
6200,layers.4.residual_lut.log_soft_score_temp,4.076479e-01,1.260179e-02,3.091343e-02
6200,layers.4.residual_lut.log_select_temp,1.099292e+00,2.146065e-02,1.952225e-02
6200,layers.4.q_norm.weight,8.911454e+00,1.955127e-02,2.193948e-03
6200,layers.4.q_norm.bias,5.960455e-01,9.109258e-03,1.528282e-02
6200,layers.4.k_norm.weight,8.867272e+00,2.007356e-02,2.263780e-03
6200,layers.4.k_norm.bias,9.260257e-01,1.482884e-02,1.601343e-02
6200,layers.5.qk_lut.weights,1.117465e+02,1.621680e+01,1.451213e-01
6200,layers.5.qk_lut.log_soft_score_temp,3.698938e-01,9.707183e-03,2.624316e-02
6200,layers.5.qk_lut.log_select_temp,8.017039e-01,5.809307e-03,7.246201e-03
6200,layers.5.v_lut.weights,1.093566e+02,1.575665e+01,1.440850e-01
6200,layers.5.v_lut.log_soft_score_temp,6.111398e-01,1.153636e-02,1.887679e-02
6200,layers.5.v_lut.log_select_temp,9.693047e-01,5.889773e-03,6.076287e-03
6200,layers.5.out_proj.weights,2.632065e+02,3.590867e+01,1.364277e-01
6200,layers.5.out_proj.log_soft_score_temp,2.042806e-01,2.977104e-02,1.457361e-01
6200,layers.5.out_proj.log_select_temp,1.012075e+00,9.685755e-03,9.570194e-03
6200,layers.5.residual_lut.weights,1.547480e+02,2.279715e+01,1.473179e-01
6200,layers.5.residual_lut.log_soft_score_temp,3.353747e-01,1.434988e-02,4.278760e-02
6200,layers.5.residual_lut.log_select_temp,1.110930e+00,2.316344e-02,2.085049e-02
6200,layers.5.q_norm.weight,8.904266e+00,2.785356e-02,3.128114e-03
6200,layers.5.q_norm.bias,4.211352e-01,1.046376e-02,2.484656e-02
6200,layers.5.k_norm.weight,8.859836e+00,2.668231e-02,3.011604e-03
6200,layers.5.k_norm.bias,6.335980e-01,2.032530e-02,3.207918e-02
6200,ln_final.weight,4.090858e+01,6.044697e-01,1.477611e-02
6200,ln_final.bias,1.848362e+00,5.915293e-02,3.200289e-02
6400,tok_emb_E.weight,1.529406e+02,6.229198e+00,4.072953e-02
6400,emb_resid_lut.weights,1.902702e+02,2.001441e+01,1.051894e-01
6400,emb_resid_lut.log_soft_score_temp,8.249107e-01,2.105147e-02,2.551969e-02
6400,emb_resid_lut.log_select_temp,1.392323e+00,1.779675e-03,1.278205e-03
6400,unembedder.weight,1.753554e+02,1.106022e+01,6.307318e-02
6400,layers.0.qk_lut.weights,1.136565e+02,1.428727e+01,1.257057e-01
6400,layers.0.qk_lut.log_soft_score_temp,9.576785e-01,1.130223e-03,1.180170e-03
6400,layers.0.qk_lut.log_select_temp,1.023104e+00,4.292130e-03,4.195204e-03
6400,layers.0.v_lut.weights,1.075153e+02,1.444422e+01,1.343458e-01
6400,layers.0.v_lut.log_soft_score_temp,5.821758e-01,1.306814e-02,2.244707e-02
6400,layers.0.v_lut.log_select_temp,1.054782e+00,2.572894e-03,2.439267e-03
6400,layers.0.out_proj.weights,2.205658e+02,3.196881e+01,1.449400e-01
6400,layers.0.out_proj.log_soft_score_temp,2.710237e-01,3.192645e-02,1.177995e-01
6400,layers.0.out_proj.log_select_temp,8.398295e-01,1.338428e-02,1.593690e-02
6400,layers.0.residual_lut.weights,1.461290e+02,2.124216e+01,1.453658e-01
6400,layers.0.residual_lut.log_soft_score_temp,2.838435e-01,9.899765e-03,3.487755e-02
6400,layers.0.residual_lut.log_select_temp,8.251944e-01,1.493895e-02,1.810355e-02
6400,layers.0.q_norm.weight,9.194676e+00,2.090496e-02,2.273594e-03
6400,layers.0.q_norm.bias,7.746940e-01,1.173996e-02,1.515432e-02
6400,layers.0.k_norm.weight,9.130254e+00,1.931347e-02,2.115327e-03
6400,layers.0.k_norm.bias,1.094169e+00,2.256254e-02,2.062070e-02
6400,layers.1.qk_lut.weights,1.120624e+02,1.502002e+01,1.340327e-01
6400,layers.1.qk_lut.log_soft_score_temp,1.156893e-01,1.210656e-02,1.046472e-01
6400,layers.1.qk_lut.log_select_temp,9.303167e-01,9.220421e-03,9.911057e-03
6400,layers.1.v_lut.weights,1.039715e+02,1.438042e+01,1.383112e-01
6400,layers.1.v_lut.log_soft_score_temp,2.102618e-01,1.301576e-02,6.190265e-02
6400,layers.1.v_lut.log_select_temp,1.065267e+00,1.365209e-02,1.281565e-02
6400,layers.1.out_proj.weights,2.211361e+02,3.329095e+01,1.505451e-01
6400,layers.1.out_proj.log_soft_score_temp,2.963108e-01,3.016242e-02,1.017932e-01
6400,layers.1.out_proj.log_select_temp,7.210391e-01,3.491521e-03,4.842346e-03
6400,layers.1.residual_lut.weights,1.496610e+02,2.177249e+01,1.454787e-01
6400,layers.1.residual_lut.log_soft_score_temp,4.096008e-01,1.205361e-02,2.942770e-02
6400,layers.1.residual_lut.log_select_temp,9.354134e-01,1.316983e-02,1.407915e-02
6400,layers.1.q_norm.weight,9.677575e+00,3.155756e-02,3.260895e-03
6400,layers.1.q_norm.bias,7.209983e-01,1.588137e-02,2.202691e-02
6400,layers.1.k_norm.weight,9.631362e+00,3.078612e-02,3.196445e-03
6400,layers.1.k_norm.bias,9.690359e-01,1.737257e-02,1.792768e-02
6400,layers.2.qk_lut.weights,1.140534e+02,1.535330e+01,1.346150e-01
6400,layers.2.qk_lut.log_soft_score_temp,3.217788e-01,5.193681e-03,1.614053e-02
6400,layers.2.qk_lut.log_select_temp,8.819175e-01,7.975757e-03,9.043655e-03
6400,layers.2.v_lut.weights,1.041786e+02,1.477425e+01,1.418166e-01
6400,layers.2.v_lut.log_soft_score_temp,1.462255e-01,1.371863e-02,9.381832e-02
6400,layers.2.v_lut.log_select_temp,1.064989e+00,1.401126e-02,1.315625e-02
6400,layers.2.out_proj.weights,2.290965e+02,3.322727e+01,1.450361e-01
6400,layers.2.out_proj.log_soft_score_temp,2.301319e-01,3.228503e-02,1.402893e-01
6400,layers.2.out_proj.log_select_temp,7.298742e-01,1.026273e-03,1.406095e-03
6400,layers.2.residual_lut.weights,1.470957e+02,2.179012e+01,1.481357e-01
6400,layers.2.residual_lut.log_soft_score_temp,2.925732e-01,1.844138e-02,6.303167e-02
6400,layers.2.residual_lut.log_select_temp,1.055903e+00,1.630116e-02,1.543812e-02
6400,layers.2.q_norm.weight,9.141343e+00,1.804292e-02,1.973771e-03
6400,layers.2.q_norm.bias,7.184594e-01,1.099507e-02,1.530367e-02
6400,layers.2.k_norm.weight,9.104257e+00,1.794933e-02,1.971531e-03
6400,layers.2.k_norm.bias,1.128168e+00,1.509739e-02,1.338222e-02
6400,layers.3.qk_lut.weights,1.107881e+02,1.552200e+01,1.401054e-01
6400,layers.3.qk_lut.log_soft_score_temp,1.569316e-01,1.393151e-02,8.877442e-02
6400,layers.3.qk_lut.log_select_temp,9.758208e-01,1.238793e-02,1.269488e-02
6400,layers.3.v_lut.weights,1.063818e+02,1.485865e+01,1.396729e-01
6400,layers.3.v_lut.log_soft_score_temp,4.944718e-01,1.878786e-02,3.799582e-02
6400,layers.3.v_lut.log_select_temp,1.027794e+00,7.269859e-03,7.073263e-03
6400,layers.3.out_proj.weights,2.541416e+02,3.430303e+01,1.349761e-01
6400,layers.3.out_proj.log_soft_score_temp,9.062146e-02,3.226259e-02,3.560149e-01
6400,layers.3.out_proj.log_select_temp,1.093331e+00,1.225853e-02,1.121210e-02
6400,layers.3.residual_lut.weights,1.565725e+02,2.205216e+01,1.408432e-01
6400,layers.3.residual_lut.log_soft_score_temp,4.424451e-01,1.067665e-02,2.413102e-02
6400,layers.3.residual_lut.log_select_temp,1.100535e+00,1.804090e-02,1.639284e-02
6400,layers.3.q_norm.weight,9.953753e+00,4.932465e-02,4.955382e-03
6400,layers.3.q_norm.bias,6.208740e-01,1.711542e-02,2.756665e-02
6400,layers.3.k_norm.weight,9.896768e+00,4.923410e-02,4.974765e-03
6400,layers.3.k_norm.bias,9.291496e-01,2.163546e-02,2.328523e-02
6400,layers.4.qk_lut.weights,1.139992e+02,1.572117e+01,1.379059e-01
6400,layers.4.qk_lut.log_soft_score_temp,3.482099e-01,6.657243e-03,1.911848e-02
6400,layers.4.qk_lut.log_select_temp,8.775440e-01,9.026647e-03,1.028626e-02
6400,layers.4.v_lut.weights,1.090344e+02,1.508102e+01,1.383143e-01
6400,layers.4.v_lut.log_soft_score_temp,4.611809e-01,1.275760e-02,2.766289e-02
6400,layers.4.v_lut.log_select_temp,1.104966e+00,1.074326e-02,9.722711e-03
6400,layers.4.out_proj.weights,2.449665e+02,3.433532e+01,1.401634e-01
6400,layers.4.out_proj.log_soft_score_temp,3.197592e-02,2.239855e-02,7.004820e-01
6400,layers.4.out_proj.log_select_temp,9.540883e-01,1.341462e-02,1.406015e-02
6400,layers.4.residual_lut.weights,1.542241e+02,2.215458e+01,1.436519e-01
6400,layers.4.residual_lut.log_soft_score_temp,3.973663e-01,1.028162e-02,2.587442e-02
6400,layers.4.residual_lut.log_select_temp,1.118816e+00,1.952398e-02,1.745058e-02
6400,layers.4.q_norm.weight,8.924779e+00,1.867867e-02,2.092900e-03
6400,layers.4.q_norm.bias,6.033998e-01,1.049575e-02,1.739436e-02
6400,layers.4.k_norm.weight,8.880002e+00,1.862927e-02,2.097890e-03
6400,layers.4.k_norm.bias,9.368018e-01,1.629156e-02,1.739062e-02
6400,layers.5.qk_lut.weights,1.132847e+02,1.585498e+01,1.399569e-01
6400,layers.5.qk_lut.log_soft_score_temp,3.620225e-01,7.871300e-03,2.174257e-02
6400,layers.5.qk_lut.log_select_temp,8.081626e-01,6.458759e-03,7.991905e-03
6400,layers.5.v_lut.weights,1.108584e+02,1.542770e+01,1.391658e-01
6400,layers.5.v_lut.log_soft_score_temp,5.986592e-01,1.248068e-02,2.084772e-02
6400,layers.5.v_lut.log_select_temp,9.739966e-01,4.691899e-03,4.817161e-03
6400,layers.5.out_proj.weights,2.668116e+02,3.510204e+01,1.315611e-01
6400,layers.5.out_proj.log_soft_score_temp,1.757514e-01,2.852918e-02,1.623269e-01
6400,layers.5.out_proj.log_select_temp,1.018226e+00,6.151319e-03,6.041209e-03
6400,layers.5.residual_lut.weights,1.572103e+02,2.235840e+01,1.422197e-01
6400,layers.5.residual_lut.log_soft_score_temp,3.204643e-01,1.491031e-02,4.652721e-02
6400,layers.5.residual_lut.log_select_temp,1.129760e+00,1.882923e-02,1.666658e-02
6400,layers.5.q_norm.weight,8.918866e+00,2.114541e-02,2.370863e-03
6400,layers.5.q_norm.bias,4.275903e-01,1.271444e-02,2.973510e-02
6400,layers.5.k_norm.weight,8.873830e+00,2.091161e-02,2.356548e-03
6400,layers.5.k_norm.bias,6.399319e-01,1.628261e-02,2.544429e-02
6400,ln_final.weight,4.150100e+01,5.935381e-01,1.430178e-02
6400,ln_final.bias,1.867250e+00,5.665149e-02,3.033953e-02
6600,tok_emb_E.weight,1.531382e+02,6.104483e+00,3.986256e-02
6600,emb_resid_lut.weights,1.921672e+02,1.960529e+01,1.020220e-01
6600,emb_resid_lut.log_soft_score_temp,8.016256e-01,2.328509e-02,2.904734e-02
6600,emb_resid_lut.log_select_temp,1.388798e+00,3.525972e-03,2.538867e-03
6600,unembedder.weight,1.751923e+02,1.074002e+01,6.130416e-02
6600,layers.0.qk_lut.weights,1.151054e+02,1.400268e+01,1.216509e-01
6600,layers.0.qk_lut.log_soft_score_temp,9.579780e-01,2.994537e-04,3.125894e-04
6600,layers.0.qk_lut.log_select_temp,1.028065e+00,4.960895e-03,4.825467e-03
6600,layers.0.v_lut.weights,1.088919e+02,1.416447e+01,1.300782e-01
6600,layers.0.v_lut.log_soft_score_temp,5.719064e-01,1.026934e-02,1.795634e-02
6600,layers.0.v_lut.log_select_temp,1.058818e+00,4.035830e-03,3.811639e-03
6600,layers.0.out_proj.weights,2.232504e+02,3.129630e+01,1.401847e-01
6600,layers.0.out_proj.log_soft_score_temp,3.004284e-01,2.940473e-02,9.787599e-02
6600,layers.0.out_proj.log_select_temp,8.544589e-01,1.462936e-02,1.712120e-02
6600,layers.0.residual_lut.weights,1.479636e+02,2.077729e+01,1.404217e-01
6600,layers.0.residual_lut.log_soft_score_temp,2.756251e-01,8.218378e-03,2.981723e-02
6600,layers.0.residual_lut.log_select_temp,8.414846e-01,1.629019e-02,1.935887e-02
6600,layers.0.q_norm.weight,9.209214e+00,2.026212e-02,2.200201e-03
6600,layers.0.q_norm.bias,7.846332e-01,1.379545e-02,1.758204e-02
6600,layers.0.k_norm.weight,9.143834e+00,1.908159e-02,2.086826e-03
6600,layers.0.k_norm.bias,1.109615e+00,2.164454e-02,1.950635e-02
6600,layers.1.qk_lut.weights,1.134849e+02,1.471586e+01,1.296724e-01
6600,layers.1.qk_lut.log_soft_score_temp,1.028170e-01,1.287236e-02,1.251968e-01
6600,layers.1.qk_lut.log_select_temp,9.391969e-01,8.880198e-03,9.455097e-03
6600,layers.1.v_lut.weights,1.052804e+02,1.409210e+01,1.338529e-01
6600,layers.1.v_lut.log_soft_score_temp,1.936779e-01,1.658385e-02,8.562588e-02
6600,layers.1.v_lut.log_select_temp,1.076512e+00,1.124549e-02,1.044622e-02
6600,layers.1.out_proj.weights,2.235585e+02,3.259100e+01,1.457829e-01
6600,layers.1.out_proj.log_soft_score_temp,3.265758e-01,3.026497e-02,9.267365e-02
6600,layers.1.out_proj.log_select_temp,7.234979e-01,2.458870e-03,3.398587e-03
6600,layers.1.residual_lut.weights,1.515314e+02,2.132718e+01,1.407443e-01
6600,layers.1.residual_lut.log_soft_score_temp,3.991270e-01,1.047382e-02,2.624182e-02
6600,layers.1.residual_lut.log_select_temp,9.510285e-01,1.561505e-02,1.641912e-02
6600,layers.1.q_norm.weight,9.702461e+00,3.235170e-02,3.334381e-03
6600,layers.1.q_norm.bias,7.344230e-01,1.794917e-02,2.443982e-02
6600,layers.1.k_norm.weight,9.655573e+00,3.111828e-02,3.222832e-03
6600,layers.1.k_norm.bias,9.837705e-01,2.311282e-02,2.349412e-02
6600,layers.2.qk_lut.weights,1.155374e+02,1.497915e+01,1.296477e-01
6600,layers.2.qk_lut.log_soft_score_temp,3.187920e-01,2.986789e-03,9.369083e-03
6600,layers.2.qk_lut.log_select_temp,8.913496e-01,9.432077e-03,1.058179e-02
6600,layers.2.v_lut.weights,1.054779e+02,1.442607e+01,1.367686e-01
6600,layers.2.v_lut.log_soft_score_temp,1.343525e-01,1.187305e-02,8.837240e-02
6600,layers.2.v_lut.log_select_temp,1.080360e+00,1.537073e-02,1.422741e-02
6600,layers.2.out_proj.weights,2.318784e+02,3.250307e+01,1.401729e-01
6600,layers.2.out_proj.log_soft_score_temp,2.608773e-01,3.074534e-02,1.178537e-01
6600,layers.2.out_proj.log_select_temp,7.341647e-01,4.290521e-03,5.844085e-03
6600,layers.2.residual_lut.weights,1.488793e+02,2.133879e+01,1.433295e-01
6600,layers.2.residual_lut.log_soft_score_temp,2.782375e-01,1.433572e-02,5.152332e-02
6600,layers.2.residual_lut.log_select_temp,1.073904e+00,1.800144e-02,1.676261e-02
6600,layers.2.q_norm.weight,9.153380e+00,1.825732e-02,1.994599e-03
6600,layers.2.q_norm.bias,7.261924e-01,1.091812e-02,1.503474e-02
6600,layers.2.k_norm.weight,9.116316e+00,1.733437e-02,1.901467e-03
6600,layers.2.k_norm.bias,1.138643e+00,1.510783e-02,1.326828e-02
6600,layers.3.qk_lut.weights,1.121737e+02,1.520905e+01,1.355848e-01
6600,layers.3.qk_lut.log_soft_score_temp,1.444986e-01,1.243301e-02,8.604241e-02
6600,layers.3.qk_lut.log_select_temp,9.898989e-01,1.407802e-02,1.422168e-02
6600,layers.3.v_lut.weights,1.077119e+02,1.450778e+01,1.346907e-01
6600,layers.3.v_lut.log_soft_score_temp,4.765344e-01,1.793742e-02,3.764140e-02
6600,layers.3.v_lut.log_select_temp,1.037985e+00,1.019084e-02,9.817909e-03
6600,layers.3.out_proj.weights,2.581712e+02,3.359729e+01,1.301357e-01
6600,layers.3.out_proj.log_soft_score_temp,1.247215e-01,3.410002e-02,2.734093e-01
6600,layers.3.out_proj.log_select_temp,1.103779e+00,1.044893e-02,9.466504e-03
6600,layers.3.residual_lut.weights,1.588351e+02,2.157068e+01,1.358055e-01
6600,layers.3.residual_lut.log_soft_score_temp,4.305626e-01,1.188254e-02,2.759772e-02
6600,layers.3.residual_lut.log_select_temp,1.118776e+00,1.824069e-02,1.630415e-02
6600,layers.3.q_norm.weight,9.988279e+00,4.419034e-02,4.424219e-03
6600,layers.3.q_norm.bias,6.297894e-01,1.697371e-02,2.695140e-02
6600,layers.3.k_norm.weight,9.930044e+00,4.360998e-02,4.391720e-03
6600,layers.3.k_norm.bias,9.440382e-01,2.584248e-02,2.737440e-02
6600,layers.4.qk_lut.weights,1.154739e+02,1.533573e+01,1.328069e-01
6600,layers.4.qk_lut.log_soft_score_temp,3.430544e-01,5.155444e-03,1.502807e-02
6600,layers.4.qk_lut.log_select_temp,8.857914e-01,8.247316e-03,9.310675e-03
6600,layers.4.v_lut.weights,1.104176e+02,1.476040e+01,1.336780e-01
6600,layers.4.v_lut.log_soft_score_temp,4.461614e-01,1.501954e-02,3.366391e-02
6600,layers.4.v_lut.log_select_temp,1.113365e+00,8.399844e-03,7.544553e-03
6600,layers.4.out_proj.weights,2.482964e+02,3.358037e+01,1.352431e-01
6600,layers.4.out_proj.log_soft_score_temp,6.003138e-03,2.597278e-02,4.326534e+00
6600,layers.4.out_proj.log_select_temp,9.640782e-01,9.989977e-03,1.036221e-02
6600,layers.4.residual_lut.weights,1.565267e+02,2.165582e+01,1.383523e-01
6600,layers.4.residual_lut.log_soft_score_temp,3.847047e-01,1.266158e-02,3.291246e-02
6600,layers.4.residual_lut.log_select_temp,1.138319e+00,1.950359e-02,1.713368e-02
6600,layers.4.q_norm.weight,8.942168e+00,2.237640e-02,2.502346e-03
6600,layers.4.q_norm.bias,6.092337e-01,1.035663e-02,1.699943e-02
6600,layers.4.k_norm.weight,8.896585e+00,2.299579e-02,2.584789e-03
6600,layers.4.k_norm.bias,9.481348e-01,1.504452e-02,1.586749e-02
6600,layers.5.qk_lut.weights,1.147382e+02,1.553028e+01,1.353540e-01
6600,layers.5.qk_lut.log_soft_score_temp,3.535555e-01,8.467078e-03,2.394837e-02
6600,layers.5.qk_lut.log_select_temp,8.144231e-01,6.260514e-03,7.687053e-03
6600,layers.5.v_lut.weights,1.122849e+02,1.503090e+01,1.338640e-01
6600,layers.5.v_lut.log_soft_score_temp,5.869941e-01,1.166505e-02,1.987251e-02
6600,layers.5.v_lut.log_select_temp,9.797239e-01,5.727232e-03,5.845761e-03
6600,layers.5.out_proj.weights,2.702961e+02,3.435854e+01,1.271144e-01
6600,layers.5.out_proj.log_soft_score_temp,1.497664e-01,2.598502e-02,1.735037e-01
6600,layers.5.out_proj.log_select_temp,1.027258e+00,9.031296e-03,8.791656e-03
6600,layers.5.residual_lut.weights,1.595900e+02,2.184951e+01,1.369103e-01
6600,layers.5.residual_lut.log_soft_score_temp,3.051920e-01,1.527238e-02,5.004188e-02
6600,layers.5.residual_lut.log_select_temp,1.150130e+00,2.037084e-02,1.771177e-02
6600,layers.5.q_norm.weight,8.937140e+00,2.433996e-02,2.723463e-03
6600,layers.5.q_norm.bias,4.342968e-01,1.213567e-02,2.794325e-02
6600,layers.5.k_norm.weight,8.891073e+00,2.337951e-02,2.629549e-03
6600,layers.5.k_norm.bias,6.509561e-01,2.058605e-02,3.162433e-02
6600,ln_final.weight,4.208352e+01,5.836895e-01,1.386979e-02
6600,ln_final.bias,1.887245e+00,5.666520e-02,3.002535e-02
6800,tok_emb_E.weight,1.533270e+02,5.965863e+00,3.890940e-02
6800,emb_resid_lut.weights,1.939902e+02,1.916560e+01,9.879673e-02
6800,emb_resid_lut.log_soft_score_temp,7.853943e-01,1.623130e-02,2.066643e-02
6800,emb_resid_lut.log_select_temp,1.391455e+00,2.657413e-03,1.909809e-03
6800,unembedder.weight,1.750368e+02,1.043406e+01,5.961064e-02
6800,layers.0.qk_lut.weights,1.164864e+02,1.366152e+01,1.172799e-01
6800,layers.0.qk_lut.log_soft_score_temp,9.565342e-01,1.443744e-03,1.509349e-03
6800,layers.0.qk_lut.log_select_temp,1.032402e+00,4.337311e-03,4.201182e-03
6800,layers.0.v_lut.weights,1.101993e+02,1.389676e+01,1.261057e-01
6800,layers.0.v_lut.log_soft_score_temp,5.609394e-01,1.096702e-02,1.955116e-02
6800,layers.0.v_lut.log_select_temp,1.062633e+00,3.815413e-03,3.590527e-03
6800,layers.0.out_proj.weights,2.257327e+02,3.058491e+01,1.354917e-01
6800,layers.0.out_proj.log_soft_score_temp,3.276686e-01,2.724022e-02,8.313343e-02
6800,layers.0.out_proj.log_select_temp,8.666676e-01,1.220870e-02,1.408695e-02
6800,layers.0.residual_lut.weights,1.496852e+02,2.033499e+01,1.358518e-01
6800,layers.0.residual_lut.log_soft_score_temp,2.667369e-01,8.888185e-03,3.332191e-02
6800,layers.0.residual_lut.log_select_temp,8.574276e-01,1.594299e-02,1.859398e-02
6800,layers.0.q_norm.weight,9.217666e+00,1.812830e-02,1.966691e-03
6800,layers.0.q_norm.bias,7.893735e-01,8.647482e-03,1.095487e-02
6800,layers.0.k_norm.weight,9.151826e+00,1.779714e-02,1.944655e-03
6800,layers.0.k_norm.bias,1.120228e+00,1.788847e-02,1.596859e-02
6800,layers.1.qk_lut.weights,1.148574e+02,1.436972e+01,1.251092e-01
6800,layers.1.qk_lut.log_soft_score_temp,9.324955e-02,9.567417e-03,1.026001e-01
6800,layers.1.qk_lut.log_select_temp,9.490710e-01,9.874105e-03,1.040397e-02
6800,layers.1.v_lut.weights,1.065143e+02,1.374538e+01,1.290472e-01
6800,layers.1.v_lut.log_soft_score_temp,1.814600e-01,1.221797e-02,6.733148e-02
6800,layers.1.v_lut.log_select_temp,1.091466e+00,1.495397e-02,1.370081e-02
6800,layers.1.out_proj.weights,2.258368e+02,3.189471e+01,1.412291e-01
6800,layers.1.out_proj.log_soft_score_temp,3.542487e-01,2.767292e-02,7.811719e-02
6800,layers.1.out_proj.log_select_temp,7.266483e-01,3.150403e-03,4.335527e-03
6800,layers.1.residual_lut.weights,1.532759e+02,2.084551e+01,1.360000e-01
6800,layers.1.residual_lut.log_soft_score_temp,3.872914e-01,1.183560e-02,3.055995e-02
6800,layers.1.residual_lut.log_select_temp,9.644070e-01,1.337850e-02,1.387226e-02
6800,layers.1.q_norm.weight,9.726977e+00,2.911667e-02,2.993393e-03
6800,layers.1.q_norm.bias,7.449313e-01,1.554953e-02,2.087378e-02
6800,layers.1.k_norm.weight,9.679458e+00,2.897424e-02,2.993374e-03
6800,layers.1.k_norm.bias,9.909604e-01,1.792257e-02,1.808606e-02
6800,layers.2.qk_lut.weights,1.169416e+02,1.464467e+01,1.252307e-01
6800,layers.2.qk_lut.log_soft_score_temp,3.163571e-01,2.434880e-03,7.696616e-03
6800,layers.2.qk_lut.log_select_temp,9.005944e-01,9.244859e-03,1.026529e-02
6800,layers.2.v_lut.weights,1.066968e+02,1.408438e+01,1.320038e-01
6800,layers.2.v_lut.log_soft_score_temp,1.251106e-01,9.241864e-03,7.386954e-02
6800,layers.2.v_lut.log_select_temp,1.095537e+00,1.517749e-02,1.385392e-02
6800,layers.2.out_proj.weights,2.345089e+02,3.175124e+01,1.353946e-01
6800,layers.2.out_proj.log_soft_score_temp,2.903123e-01,2.943507e-02,1.013910e-01
6800,layers.2.out_proj.log_select_temp,7.385646e-01,4.399896e-03,5.957361e-03
6800,layers.2.residual_lut.weights,1.505359e+02,2.087406e+01,1.386650e-01
6800,layers.2.residual_lut.log_soft_score_temp,2.620330e-01,1.620451e-02,6.184147e-02
6800,layers.2.residual_lut.log_select_temp,1.092300e+00,1.839590e-02,1.684144e-02
6800,layers.2.q_norm.weight,9.167831e+00,1.853536e-02,2.021782e-03
6800,layers.2.q_norm.bias,7.346006e-01,1.140589e-02,1.552665e-02
6800,layers.2.k_norm.weight,9.129756e+00,1.833877e-02,2.008681e-03
6800,layers.2.k_norm.bias,1.151784e+00,1.836432e-02,1.594424e-02
6800,layers.3.qk_lut.weights,1.134957e+02,1.484402e+01,1.307893e-01
6800,layers.3.qk_lut.log_soft_score_temp,1.342584e-01,1.024017e-02,7.627206e-02
6800,layers.3.qk_lut.log_select_temp,1.003362e+00,1.346308e-02,1.341797e-02
6800,layers.3.v_lut.weights,1.089702e+02,1.423515e+01,1.306333e-01
6800,layers.3.v_lut.log_soft_score_temp,4.593017e-01,1.723269e-02,3.751932e-02
6800,layers.3.v_lut.log_select_temp,1.046237e+00,8.252144e-03,7.887449e-03
6800,layers.3.out_proj.weights,2.620396e+02,3.280902e+01,1.252064e-01
6800,layers.3.out_proj.log_soft_score_temp,1.558307e-01,3.110926e-02,1.996349e-01
6800,layers.3.out_proj.log_select_temp,1.114022e+00,1.024222e-02,9.193918e-03
6800,layers.3.residual_lut.weights,1.609420e+02,2.109652e+01,1.310815e-01
6800,layers.3.residual_lut.log_soft_score_temp,4.160661e-01,1.449642e-02,3.484161e-02
6800,layers.3.residual_lut.log_select_temp,1.134203e+00,1.542747e-02,1.360204e-02
6800,layers.3.q_norm.weight,1.001816e+01,4.300338e-02,4.292545e-03
6800,layers.3.q_norm.bias,6.393082e-01,1.668928e-02,2.610522e-02
6800,layers.3.k_norm.weight,9.958759e+00,4.201201e-02,4.218599e-03
6800,layers.3.k_norm.bias,9.573517e-01,2.342543e-02,2.446899e-02
6800,layers.4.qk_lut.weights,1.168583e+02,1.503749e+01,1.286814e-01
6800,layers.4.qk_lut.log_soft_score_temp,3.375265e-01,5.527914e-03,1.637772e-02
6800,layers.4.qk_lut.log_select_temp,8.938373e-01,8.045971e-03,9.001606e-03
6800,layers.4.v_lut.weights,1.117150e+02,1.449501e+01,1.297500e-01
6800,layers.4.v_lut.log_soft_score_temp,4.333358e-01,1.282558e-02,2.959732e-02
6800,layers.4.v_lut.log_select_temp,1.121070e+00,7.704258e-03,6.872238e-03
6800,layers.4.out_proj.weights,2.514805e+02,3.284030e+01,1.305878e-01
6800,layers.4.out_proj.log_soft_score_temp,1.758442e-02,2.358756e-02,1.341389e+00
6800,layers.4.out_proj.log_select_temp,9.758511e-01,1.177287e-02,1.206421e-02
6800,layers.4.residual_lut.weights,1.587075e+02,2.120732e+01,1.336252e-01
6800,layers.4.residual_lut.log_soft_score_temp,3.708805e-01,1.382416e-02,3.727390e-02
6800,layers.4.residual_lut.log_select_temp,1.156773e+00,1.845360e-02,1.595265e-02
6800,layers.4.q_norm.weight,8.952049e+00,1.645162e-02,1.837749e-03
6800,layers.4.q_norm.bias,6.150885e-01,1.060910e-02,1.724809e-02
6800,layers.4.k_norm.weight,8.906346e+00,1.830359e-02,2.055118e-03
6800,layers.4.k_norm.bias,9.557168e-01,1.432483e-02,1.498857e-02
6800,layers.5.qk_lut.weights,1.161109e+02,1.519657e+01,1.308798e-01
6800,layers.5.qk_lut.log_soft_score_temp,3.455158e-01,8.039683e-03,2.326864e-02
6800,layers.5.qk_lut.log_select_temp,8.203295e-01,5.906403e-03,7.200037e-03
6800,layers.5.v_lut.weights,1.136243e+02,1.472019e+01,1.295514e-01
6800,layers.5.v_lut.log_soft_score_temp,5.760106e-01,1.098353e-02,1.906827e-02
6800,layers.5.v_lut.log_select_temp,9.840193e-01,4.295468e-03,4.365228e-03
6800,layers.5.out_proj.weights,2.736418e+02,3.352058e+01,1.224980e-01
6800,layers.5.out_proj.log_soft_score_temp,1.246884e-01,2.507801e-02,2.011255e-01
6800,layers.5.out_proj.log_select_temp,1.037150e+00,9.892106e-03,9.537780e-03
6800,layers.5.residual_lut.weights,1.618338e+02,2.141052e+01,1.322994e-01
6800,layers.5.residual_lut.log_soft_score_temp,2.919501e-01,1.324183e-02,4.535647e-02
6800,layers.5.residual_lut.log_select_temp,1.168612e+00,1.848173e-02,1.581511e-02
6800,layers.5.q_norm.weight,8.951599e+00,2.086242e-02,2.330581e-03
6800,layers.5.q_norm.bias,4.412786e-01,1.236203e-02,2.801412e-02
6800,layers.5.k_norm.weight,8.905069e+00,1.947131e-02,2.186543e-03
6800,layers.5.k_norm.bias,6.590770e-01,1.524017e-02,2.312351e-02
6800,ln_final.weight,4.265201e+01,5.696911e-01,1.335672e-02
6800,ln_final.bias,1.906950e+00,5.589337e-02,2.931035e-02
7000,tok_emb_E.weight,1.535064e+02,5.838391e+00,3.803354e-02
7000,emb_resid_lut.weights,1.956677e+02,1.875434e+01,9.584791e-02
7000,emb_resid_lut.log_soft_score_temp,7.661692e-01,1.922512e-02,2.509253e-02
7000,emb_resid_lut.log_select_temp,1.390604e+00,8.513927e-04,6.122469e-04
7000,unembedder.weight,1.748767e+02,1.025859e+01,5.866185e-02
7000,layers.0.qk_lut.weights,1.177784e+02,1.337485e+01,1.135595e-01
7000,layers.0.qk_lut.log_soft_score_temp,9.553326e-01,1.201630e-03,1.257813e-03
7000,layers.0.qk_lut.log_select_temp,1.035307e+00,2.904773e-03,2.805711e-03
7000,layers.0.v_lut.weights,1.114224e+02,1.358405e+01,1.219149e-01
7000,layers.0.v_lut.log_soft_score_temp,5.512800e-01,9.659469e-03,1.752189e-02
7000,layers.0.v_lut.log_select_temp,1.067844e+00,5.211115e-03,4.880034e-03
7000,layers.0.out_proj.weights,2.280924e+02,2.988740e+01,1.310319e-01
7000,layers.0.out_proj.log_soft_score_temp,3.555287e-01,2.786005e-02,7.836230e-02
7000,layers.0.out_proj.log_select_temp,8.809800e-01,1.431239e-02,1.624598e-02
7000,layers.0.residual_lut.weights,1.512859e+02,1.986230e+01,1.312898e-01
7000,layers.0.residual_lut.log_soft_score_temp,2.552899e-01,1.144701e-02,4.483927e-02
7000,layers.0.residual_lut.log_select_temp,8.702136e-01,1.278597e-02,1.469291e-02
7000,layers.0.q_norm.weight,9.229952e+00,1.852279e-02,2.006814e-03
7000,layers.0.q_norm.bias,7.994236e-01,1.315677e-02,1.645782e-02
7000,layers.0.k_norm.weight,9.163167e+00,1.788507e-02,1.951844e-03
7000,layers.0.k_norm.bias,1.133883e+00,1.952553e-02,1.722006e-02
7000,layers.1.qk_lut.weights,1.161196e+02,1.400697e+01,1.206253e-01
7000,layers.1.qk_lut.log_soft_score_temp,8.415375e-02,9.095803e-03,1.080855e-01
7000,layers.1.qk_lut.log_select_temp,9.593506e-01,1.027960e-02,1.071516e-02
7000,layers.1.v_lut.weights,1.076953e+02,1.345119e+01,1.249005e-01
7000,layers.1.v_lut.log_soft_score_temp,1.680713e-01,1.338863e-02,7.966042e-02
7000,layers.1.v_lut.log_select_temp,1.103721e+00,1.225483e-02,1.110320e-02
7000,layers.1.out_proj.weights,2.279441e+02,3.113107e+01,1.365733e-01
7000,layers.1.out_proj.log_soft_score_temp,3.804238e-01,2.617502e-02,6.880491e-02
7000,layers.1.out_proj.log_select_temp,7.298776e-01,3.229260e-03,4.424386e-03
7000,layers.1.residual_lut.weights,1.549150e+02,2.037634e+01,1.315324e-01
7000,layers.1.residual_lut.log_soft_score_temp,3.761674e-01,1.112396e-02,2.957182e-02
7000,layers.1.residual_lut.log_select_temp,9.785178e-01,1.411080e-02,1.442059e-02
7000,layers.1.q_norm.weight,9.749128e+00,2.760775e-02,2.831818e-03
7000,layers.1.q_norm.bias,7.555409e-01,1.553105e-02,2.055620e-02
7000,layers.1.k_norm.weight,9.701393e+00,2.739479e-02,2.823800e-03
7000,layers.1.k_norm.bias,1.000738e+00,1.857408e-02,1.856038e-02
7000,layers.2.qk_lut.weights,1.182721e+02,1.430096e+01,1.209157e-01
7000,layers.2.qk_lut.log_soft_score_temp,3.137849e-01,2.572268e-03,8.197554e-03
7000,layers.2.qk_lut.log_select_temp,9.090535e-01,8.459091e-03,9.305383e-03
7000,layers.2.v_lut.weights,1.078658e+02,1.377913e+01,1.277433e-01
7000,layers.2.v_lut.log_soft_score_temp,1.166548e-01,8.455828e-03,7.248590e-02
7000,layers.2.v_lut.log_select_temp,1.110540e+00,1.500309e-02,1.350972e-02
7000,layers.2.out_proj.weights,2.369979e+02,3.101925e+01,1.308841e-01
7000,layers.2.out_proj.log_soft_score_temp,3.190273e-01,2.871501e-02,9.000801e-02
7000,layers.2.out_proj.log_select_temp,7.438477e-01,5.283058e-03,7.102338e-03
7000,layers.2.residual_lut.weights,1.521055e+02,2.040951e+01,1.341800e-01
7000,layers.2.residual_lut.log_soft_score_temp,2.465596e-01,1.547340e-02,6.275722e-02
7000,layers.2.residual_lut.log_select_temp,1.111647e+00,1.934659e-02,1.740355e-02
7000,layers.2.q_norm.weight,9.180762e+00,1.844420e-02,2.009005e-03
7000,layers.2.q_norm.bias,7.412919e-01,1.070160e-02,1.443642e-02
7000,layers.2.k_norm.weight,9.142610e+00,1.738244e-02,1.901256e-03
7000,layers.2.k_norm.bias,1.159487e+00,1.402692e-02,1.209753e-02
7000,layers.3.qk_lut.weights,1.147388e+02,1.452646e+01,1.266046e-01
7000,layers.3.qk_lut.log_soft_score_temp,1.227562e-01,1.150223e-02,9.369977e-02
7000,layers.3.qk_lut.log_select_temp,1.015493e+00,1.213121e-02,1.194613e-02
7000,layers.3.v_lut.weights,1.101410e+02,1.388636e+01,1.260781e-01
7000,layers.3.v_lut.log_soft_score_temp,4.438104e-01,1.549125e-02,3.490510e-02
7000,layers.3.v_lut.log_select_temp,1.055317e+00,9.079814e-03,8.603872e-03
7000,layers.3.out_proj.weights,2.656996e+02,3.203931e+01,1.205847e-01
7000,layers.3.out_proj.log_soft_score_temp,1.869430e-01,3.111224e-02,1.664264e-01
7000,layers.3.out_proj.log_select_temp,1.122694e+00,8.672237e-03,7.724490e-03
7000,layers.3.residual_lut.weights,1.629693e+02,2.065458e+01,1.267391e-01
7000,layers.3.residual_lut.log_soft_score_temp,4.043319e-01,1.173428e-02,2.902140e-02
7000,layers.3.residual_lut.log_select_temp,1.151789e+00,1.758552e-02,1.526801e-02
7000,layers.3.q_norm.weight,1.004874e+01,4.067742e-02,4.048012e-03
7000,layers.3.q_norm.bias,6.505628e-01,1.737590e-02,2.670903e-02
7000,layers.3.k_norm.weight,9.988163e+00,4.092070e-02,4.096919e-03
7000,layers.3.k_norm.bias,9.704174e-01,2.181323e-02,2.247819e-02
7000,layers.4.qk_lut.weights,1.181666e+02,1.474446e+01,1.247769e-01
7000,layers.4.qk_lut.log_soft_score_temp,3.298364e-01,7.690132e-03,2.331499e-02
7000,layers.4.qk_lut.log_select_temp,9.004999e-01,6.662607e-03,7.398787e-03
7000,layers.4.v_lut.weights,1.129764e+02,1.410092e+01,1.248130e-01
7000,layers.4.v_lut.log_soft_score_temp,4.230729e-01,1.026294e-02,2.425808e-02
7000,layers.4.v_lut.log_select_temp,1.130062e+00,8.992195e-03,7.957259e-03
7000,layers.4.out_proj.weights,2.545007e+02,3.200761e+01,1.257663e-01
7000,layers.4.out_proj.log_soft_score_temp,4.016198e-02,2.257756e-02,5.621624e-01
7000,layers.4.out_proj.log_select_temp,9.877245e-01,1.187336e-02,1.202093e-02
7000,layers.4.residual_lut.weights,1.607903e+02,2.073295e+01,1.289440e-01
7000,layers.4.residual_lut.log_soft_score_temp,3.586765e-01,1.220405e-02,3.402524e-02
7000,layers.4.residual_lut.log_select_temp,1.175100e+00,1.832759e-02,1.559662e-02
7000,layers.4.q_norm.weight,8.965327e+00,1.754036e-02,1.956467e-03
7000,layers.4.q_norm.bias,6.187252e-01,1.102910e-02,1.782552e-02
7000,layers.4.k_norm.weight,8.919109e+00,1.805649e-02,2.024472e-03
7000,layers.4.k_norm.bias,9.622364e-01,1.280297e-02,1.330543e-02
7000,layers.5.qk_lut.weights,1.174157e+02,1.486753e+01,1.266230e-01
7000,layers.5.qk_lut.log_soft_score_temp,3.363292e-01,9.186566e-03,2.731421e-02
7000,layers.5.qk_lut.log_select_temp,8.252239e-01,4.894376e-03,5.930967e-03
7000,layers.5.v_lut.weights,1.148918e+02,1.441981e+01,1.255077e-01
7000,layers.5.v_lut.log_soft_score_temp,5.641890e-01,1.182163e-02,2.095331e-02
7000,layers.5.v_lut.log_select_temp,9.874574e-01,3.438056e-03,3.481725e-03
7000,layers.5.out_proj.weights,2.768553e+02,3.276317e+01,1.183404e-01
7000,layers.5.out_proj.log_soft_score_temp,1.010102e-01,2.367818e-02,2.344138e-01
7000,layers.5.out_proj.log_select_temp,1.045923e+00,8.773565e-03,8.388344e-03
7000,layers.5.residual_lut.weights,1.639724e+02,2.092610e+01,1.276197e-01
7000,layers.5.residual_lut.log_soft_score_temp,2.780132e-01,1.393694e-02,5.013049e-02
7000,layers.5.residual_lut.log_select_temp,1.186141e+00,1.752841e-02,1.477769e-02
7000,layers.5.q_norm.weight,8.965308e+00,2.162918e-02,2.412542e-03
7000,layers.5.q_norm.bias,4.473406e-01,1.136811e-02,2.541265e-02
7000,layers.5.k_norm.weight,8.918310e+00,2.070169e-02,2.321257e-03
7000,layers.5.k_norm.bias,6.654397e-01,1.480171e-02,2.224351e-02
7000,ln_final.weight,4.320234e+01,5.515441e-01,1.276653e-02
7000,ln_final.bias,1.925817e+00,5.345327e-02,2.775616e-02
7200,tok_emb_E.weight,1.536758e+02,5.691232e+00,3.703402e-02
7200,emb_resid_lut.weights,1.972709e+02,1.833754e+01,9.295614e-02
7200,emb_resid_lut.log_soft_score_temp,7.506143e-01,1.555490e-02,2.072290e-02
7200,emb_resid_lut.log_select_temp,1.392619e+00,2.015352e-03,1.447167e-03
7200,unembedder.weight,1.746503e+02,9.944692e+00,5.694060e-02
7200,layers.0.qk_lut.weights,1.189998e+02,1.317483e+01,1.107130e-01
7200,layers.0.qk_lut.log_soft_score_temp,9.548678e-01,4.647970e-04,4.867658e-04
7200,layers.0.qk_lut.log_select_temp,1.039274e+00,3.966451e-03,3.816561e-03
7200,layers.0.v_lut.weights,1.125855e+02,1.330533e+01,1.181798e-01
7200,layers.0.v_lut.log_soft_score_temp,5.417271e-01,9.552896e-03,1.763415e-02
7200,layers.0.v_lut.log_select_temp,1.072047e+00,4.202962e-03,3.920502e-03
7200,layers.0.out_proj.weights,2.303250e+02,2.917649e+01,1.266753e-01
7200,layers.0.out_proj.log_soft_score_temp,3.817131e-01,2.618444e-02,6.859717e-02
7200,layers.0.out_proj.log_select_temp,8.959121e-01,1.493216e-02,1.666699e-02
7200,layers.0.residual_lut.weights,1.528313e+02,1.940244e+01,1.269534e-01
7200,layers.0.residual_lut.log_soft_score_temp,2.473061e-01,7.983819e-03,3.228315e-02
7200,layers.0.residual_lut.log_select_temp,8.876664e-01,1.745284e-02,1.966148e-02
7200,layers.0.q_norm.weight,9.246107e+00,1.942454e-02,2.100835e-03
7200,layers.0.q_norm.bias,8.096683e-01,1.303051e-02,1.609364e-02
7200,layers.0.k_norm.weight,9.177681e+00,1.853958e-02,2.020072e-03
7200,layers.0.k_norm.bias,1.150211e+00,2.073868e-02,1.803032e-02
7200,layers.1.qk_lut.weights,1.173213e+02,1.371957e+01,1.169401e-01
7200,layers.1.qk_lut.log_soft_score_temp,7.374455e-02,1.040920e-02,1.411521e-01
7200,layers.1.qk_lut.log_select_temp,9.676520e-01,8.301437e-03,8.578949e-03
7200,layers.1.v_lut.weights,1.087950e+02,1.311605e+01,1.205575e-01
7200,layers.1.v_lut.log_soft_score_temp,1.566953e-01,1.137604e-02,7.259974e-02
7200,layers.1.v_lut.log_select_temp,1.117619e+00,1.389742e-02,1.243485e-02
7200,layers.1.out_proj.weights,2.299135e+02,3.034164e+01,1.319698e-01
7200,layers.1.out_proj.log_soft_score_temp,4.062936e-01,2.586982e-02,6.367272e-02
7200,layers.1.out_proj.log_select_temp,7.341484e-01,4.270792e-03,5.817342e-03
7200,layers.1.residual_lut.weights,1.564489e+02,1.988727e+01,1.271167e-01
7200,layers.1.residual_lut.log_soft_score_temp,3.660221e-01,1.014531e-02,2.771774e-02
7200,layers.1.residual_lut.log_select_temp,9.923534e-01,1.383567e-02,1.394228e-02
7200,layers.1.q_norm.weight,9.769150e+00,2.678322e-02,2.741612e-03
7200,layers.1.q_norm.bias,7.640704e-01,1.452879e-02,1.901498e-02
7200,layers.1.k_norm.weight,9.720654e+00,2.684627e-02,2.761776e-03
7200,layers.1.k_norm.bias,1.008546e+00,1.591452e-02,1.577967e-02
7200,layers.2.qk_lut.weights,1.195314e+02,1.402346e+01,1.173204e-01
7200,layers.2.qk_lut.log_soft_score_temp,3.099762e-01,3.808618e-03,1.228680e-02
7200,layers.2.qk_lut.log_select_temp,9.166045e-01,7.551014e-03,8.238029e-03
7200,layers.2.v_lut.weights,1.089622e+02,1.348123e+01,1.237238e-01
7200,layers.2.v_lut.log_soft_score_temp,1.065203e-01,1.013445e-02,9.514099e-02
7200,layers.2.v_lut.log_select_temp,1.122664e+00,1.212406e-02,1.079936e-02
7200,layers.2.out_proj.weights,2.393054e+02,3.024336e+01,1.263798e-01
7200,layers.2.out_proj.log_soft_score_temp,3.471608e-01,2.813348e-02,8.103876e-02
7200,layers.2.out_proj.log_select_temp,7.487057e-01,4.858077e-03,6.488633e-03
7200,layers.2.residual_lut.weights,1.535771e+02,1.990955e+01,1.296388e-01
7200,layers.2.residual_lut.log_soft_score_temp,2.349730e-01,1.158661e-02,4.931037e-02
7200,layers.2.residual_lut.log_select_temp,1.128902e+00,1.725578e-02,1.528545e-02
7200,layers.2.q_norm.weight,9.192428e+00,1.671462e-02,1.818303e-03
7200,layers.2.q_norm.bias,7.496679e-01,1.046821e-02,1.396380e-02
7200,layers.2.k_norm.weight,9.153799e+00,1.579876e-02,1.725923e-03
7200,layers.2.k_norm.bias,1.171940e+00,1.654486e-02,1.411750e-02
7200,layers.3.qk_lut.weights,1.158963e+02,1.414699e+01,1.220659e-01
7200,layers.3.qk_lut.log_soft_score_temp,1.133467e-01,9.409554e-03,8.301572e-02
7200,layers.3.qk_lut.log_select_temp,1.028579e+00,1.308596e-02,1.272237e-02
7200,layers.3.v_lut.weights,1.112538e+02,1.351327e+01,1.214634e-01
7200,layers.3.v_lut.log_soft_score_temp,4.296159e-01,1.419449e-02,3.303995e-02
7200,layers.3.v_lut.log_select_temp,1.063545e+00,8.227468e-03,7.735893e-03
7200,layers.3.out_proj.weights,2.691688e+02,3.120525e+01,1.159319e-01
7200,layers.3.out_proj.log_soft_score_temp,2.162525e-01,2.930951e-02,1.355338e-01
7200,layers.3.out_proj.log_select_temp,1.130858e+00,8.164287e-03,7.219549e-03
7200,layers.3.residual_lut.weights,1.648600e+02,2.013652e+01,1.221432e-01
7200,layers.3.residual_lut.log_soft_score_temp,3.920180e-01,1.231381e-02,3.141134e-02
7200,layers.3.residual_lut.log_select_temp,1.167418e+00,1.562941e-02,1.338802e-02
7200,layers.3.q_norm.weight,1.007613e+01,3.654057e-02,3.626448e-03
7200,layers.3.q_norm.bias,6.578818e-01,1.588176e-02,2.414075e-02
7200,layers.3.k_norm.weight,1.001381e+01,3.581502e-02,3.576563e-03
7200,layers.3.k_norm.bias,9.809428e-01,1.979554e-02,2.018011e-02
7200,layers.4.qk_lut.weights,1.194016e+02,1.436887e+01,1.203407e-01
7200,layers.4.qk_lut.log_soft_score_temp,3.246669e-01,5.169421e-03,1.592223e-02
7200,layers.4.qk_lut.log_select_temp,9.080864e-01,7.586479e-03,8.354358e-03
7200,layers.4.v_lut.weights,1.141453e+02,1.377063e+01,1.206413e-01
7200,layers.4.v_lut.log_soft_score_temp,4.122908e-01,1.078206e-02,2.615160e-02
7200,layers.4.v_lut.log_select_temp,1.140513e+00,1.045108e-02,9.163490e-03
7200,layers.4.out_proj.weights,2.573512e+02,3.123540e+01,1.213727e-01
7200,layers.4.out_proj.log_soft_score_temp,6.209529e-02,2.193331e-02,3.532202e-01
7200,layers.4.out_proj.log_select_temp,9.990296e-01,1.130509e-02,1.131608e-02
7200,layers.4.residual_lut.weights,1.627289e+02,2.020539e+01,1.241660e-01
7200,layers.4.residual_lut.log_soft_score_temp,3.443852e-01,1.429129e-02,4.149797e-02
7200,layers.4.residual_lut.log_select_temp,1.191218e+00,1.611745e-02,1.353023e-02
7200,layers.4.q_norm.weight,8.978621e+00,1.978498e-02,2.203565e-03
7200,layers.4.q_norm.bias,6.265050e-01,1.189244e-02,1.898219e-02
7200,layers.4.k_norm.weight,8.931643e+00,1.957820e-02,2.192005e-03
7200,layers.4.k_norm.bias,9.739536e-01,1.635773e-02,1.679519e-02
7200,layers.5.qk_lut.weights,1.186224e+02,1.443615e+01,1.216983e-01
7200,layers.5.qk_lut.log_soft_score_temp,3.288170e-01,7.512242e-03,2.284627e-02
7200,layers.5.qk_lut.log_select_temp,8.312692e-01,6.045282e-03,7.272352e-03
7200,layers.5.v_lut.weights,1.160757e+02,1.402549e+01,1.208305e-01
7200,layers.5.v_lut.log_soft_score_temp,5.560215e-01,8.167446e-03,1.468908e-02
7200,layers.5.v_lut.log_select_temp,9.934678e-01,6.010413e-03,6.049932e-03
7200,layers.5.out_proj.weights,2.799066e+02,3.189715e+01,1.139564e-01
7200,layers.5.out_proj.log_soft_score_temp,7.627857e-02,2.473161e-02,3.242274e-01
7200,layers.5.out_proj.log_select_temp,1.053035e+00,7.111549e-03,6.753384e-03
7200,layers.5.residual_lut.weights,1.659772e+02,2.039417e+01,1.228733e-01
7200,layers.5.residual_lut.log_soft_score_temp,2.631810e-01,1.483223e-02,5.635753e-02
7200,layers.5.residual_lut.log_select_temp,1.202015e+00,1.587462e-02,1.320668e-02
7200,layers.5.q_norm.weight,8.978555e+00,2.057015e-02,2.291032e-03
7200,layers.5.q_norm.bias,4.530708e-01,1.090448e-02,2.406794e-02
7200,layers.5.k_norm.weight,8.931321e+00,2.022674e-02,2.264697e-03
7200,layers.5.k_norm.bias,6.738018e-01,1.797122e-02,2.667137e-02
7200,ln_final.weight,4.373856e+01,5.373698e-01,1.228595e-02
7200,ln_final.bias,1.944165e+00,5.270690e-02,2.711030e-02
7400,tok_emb_E.weight,1.538385e+02,5.565592e+00,3.617814e-02
7400,emb_resid_lut.weights,1.987520e+02,1.793315e+01,9.022881e-02
7400,emb_resid_lut.log_soft_score_temp,7.352825e-01,1.533175e-02,2.085150e-02
7400,emb_resid_lut.log_select_temp,1.394034e+00,1.414895e-03,1.014965e-03
7400,unembedder.weight,1.744513e+02,9.621583e+00,5.515342e-02
7400,layers.0.qk_lut.weights,1.201492e+02,1.277716e+01,1.063441e-01
7400,layers.0.qk_lut.log_soft_score_temp,9.537534e-01,1.114428e-03,1.168466e-03
7400,layers.0.qk_lut.log_select_temp,1.042345e+00,3.071189e-03,2.946423e-03
7400,layers.0.v_lut.weights,1.136634e+02,1.298137e+01,1.142088e-01
7400,layers.0.v_lut.log_soft_score_temp,5.322925e-01,9.434581e-03,1.772443e-02
7400,layers.0.v_lut.log_select_temp,1.075075e+00,3.028154e-03,2.816691e-03
7400,layers.0.out_proj.weights,2.323965e+02,2.846583e+01,1.224882e-01
7400,layers.0.out_proj.log_soft_score_temp,4.097764e-01,2.806330e-02,6.848441e-02
7400,layers.0.out_proj.log_select_temp,9.074913e-01,1.157922e-02,1.275959e-02
7400,layers.0.residual_lut.weights,1.542752e+02,1.893485e+01,1.227343e-01
7400,layers.0.residual_lut.log_soft_score_temp,2.386525e-01,8.653641e-03,3.626043e-02
7400,layers.0.residual_lut.log_select_temp,9.032525e-01,1.558614e-02,1.725557e-02
7400,layers.0.q_norm.weight,9.256126e+00,1.588224e-02,1.715863e-03
7400,layers.0.q_norm.bias,8.151847e-01,8.894501e-03,1.091103e-02
7400,layers.0.k_norm.weight,9.187160e+00,1.527134e-02,1.662249e-03
7400,layers.0.k_norm.bias,1.161553e+00,1.525803e-02,1.313588e-02
7400,layers.1.qk_lut.weights,1.184528e+02,1.336788e+01,1.128541e-01
7400,layers.1.qk_lut.log_soft_score_temp,6.406056e-02,9.683989e-03,1.511693e-01
7400,layers.1.qk_lut.log_select_temp,9.760967e-01,8.444726e-03,8.651526e-03
7400,layers.1.v_lut.weights,1.098325e+02,1.279580e+01,1.165028e-01
7400,layers.1.v_lut.log_soft_score_temp,1.453049e-01,1.139040e-02,7.838967e-02
7400,layers.1.v_lut.log_select_temp,1.129104e+00,1.148510e-02,1.017187e-02
7400,layers.1.out_proj.weights,2.317191e+02,2.957765e+01,1.276444e-01
7400,layers.1.out_proj.log_soft_score_temp,4.306750e-01,2.438143e-02,5.661213e-02
7400,layers.1.out_proj.log_select_temp,7.363027e-01,2.154291e-03,2.925822e-03
7400,layers.1.residual_lut.weights,1.578596e+02,1.939674e+01,1.228733e-01
7400,layers.1.residual_lut.log_soft_score_temp,3.553484e-01,1.067376e-02,3.003746e-02
7400,layers.1.residual_lut.log_select_temp,1.003581e+00,1.122737e-02,1.118731e-02
7400,layers.1.q_norm.weight,9.789614e+00,2.433927e-02,2.486234e-03
7400,layers.1.q_norm.bias,7.757089e-01,1.447242e-02,1.865703e-02
7400,layers.1.k_norm.weight,9.740470e+00,2.467772e-02,2.533525e-03
7400,layers.1.k_norm.bias,1.018445e+00,1.671501e-02,1.641228e-02
7400,layers.2.qk_lut.weights,1.207043e+02,1.360880e+01,1.127449e-01
7400,layers.2.qk_lut.log_soft_score_temp,3.071014e-01,2.874821e-03,9.361146e-03
7400,layers.2.qk_lut.log_select_temp,9.241809e-01,7.576346e-03,8.197904e-03
7400,layers.2.v_lut.weights,1.100057e+02,1.314938e+01,1.195336e-01
7400,layers.2.v_lut.log_soft_score_temp,9.851953e-02,8.000813e-03,8.121043e-02
7400,layers.2.v_lut.log_select_temp,1.137091e+00,1.442671e-02,1.268738e-02
7400,layers.2.out_proj.weights,2.414942e+02,2.945349e+01,1.219636e-01
7400,layers.2.out_proj.log_soft_score_temp,3.704279e-01,2.326712e-02,6.281146e-02
7400,layers.2.out_proj.log_select_temp,7.563013e-01,7.595539e-03,1.004301e-02
7400,layers.2.residual_lut.weights,1.549366e+02,1.940934e+01,1.252727e-01
7400,layers.2.residual_lut.log_soft_score_temp,2.215859e-01,1.338716e-02,6.041522e-02
7400,layers.2.residual_lut.log_select_temp,1.146223e+00,1.732099e-02,1.511136e-02
7400,layers.2.q_norm.weight,9.201549e+00,1.494808e-02,1.624517e-03
7400,layers.2.q_norm.bias,7.548242e-01,9.817746e-03,1.300667e-02
7400,layers.2.k_norm.weight,9.162658e+00,1.396724e-02,1.524366e-03
7400,layers.2.k_norm.bias,1.180091e+00,1.440210e-02,1.220423e-02
7400,layers.3.qk_lut.weights,1.170026e+02,1.380533e+01,1.179917e-01
7400,layers.3.qk_lut.log_soft_score_temp,1.049287e-01,8.417934e-03,8.022527e-02
7400,layers.3.qk_lut.log_select_temp,1.039841e+00,1.126218e-02,1.083067e-02
7400,layers.3.v_lut.weights,1.123024e+02,1.326408e+01,1.181104e-01
7400,layers.3.v_lut.log_soft_score_temp,4.154465e-01,1.416942e-02,3.410650e-02
7400,layers.3.v_lut.log_select_temp,1.074633e+00,1.108825e-02,1.031818e-02
7400,layers.3.out_proj.weights,2.725442e+02,3.040328e+01,1.115536e-01
7400,layers.3.out_proj.log_soft_score_temp,2.425825e-01,2.633002e-02,1.085405e-01
7400,layers.3.out_proj.log_select_temp,1.141786e+00,1.092732e-02,9.570379e-03
7400,layers.3.residual_lut.weights,1.666732e+02,1.964396e+01,1.178591e-01
7400,layers.3.residual_lut.log_soft_score_temp,3.799563e-01,1.206172e-02,3.174500e-02
7400,layers.3.residual_lut.log_select_temp,1.183666e+00,1.624775e-02,1.372664e-02
7400,layers.3.q_norm.weight,1.010567e+01,3.675894e-02,3.637457e-03
7400,layers.3.q_norm.bias,6.685662e-01,1.574024e-02,2.354328e-02
7400,layers.3.k_norm.weight,1.004183e+01,3.558813e-02,3.543991e-03
7400,layers.3.k_norm.bias,9.942577e-01,2.135771e-02,2.148106e-02
7400,layers.4.qk_lut.weights,1.205586e+02,1.398452e+01,1.159977e-01
7400,layers.4.qk_lut.log_soft_score_temp,3.194320e-01,5.234897e-03,1.638814e-02
7400,layers.4.qk_lut.log_select_temp,9.152410e-01,7.154584e-03,7.817158e-03
7400,layers.4.v_lut.weights,1.152332e+02,1.341062e+01,1.163781e-01
7400,layers.4.v_lut.log_soft_score_temp,4.018690e-01,1.042184e-02,2.593343e-02
7400,layers.4.v_lut.log_select_temp,1.148566e+00,8.053541e-03,7.011820e-03
7400,layers.4.out_proj.weights,2.600523e+02,3.040073e+01,1.169024e-01
7400,layers.4.out_proj.log_soft_score_temp,8.369099e-02,2.159569e-02,2.580409e-01
7400,layers.4.out_proj.log_select_temp,1.009310e+00,1.028091e-02,1.018607e-02
7400,layers.4.residual_lut.weights,1.645811e+02,1.974005e+01,1.199412e-01
7400,layers.4.residual_lut.log_soft_score_temp,3.303563e-01,1.402885e-02,4.246580e-02
7400,layers.4.residual_lut.log_select_temp,1.208176e+00,1.695836e-02,1.403633e-02
7400,layers.4.q_norm.weight,8.990026e+00,1.697556e-02,1.888266e-03
7400,layers.4.q_norm.bias,6.326919e-01,1.131360e-02,1.788169e-02
7400,layers.4.k_norm.weight,8.942961e+00,1.752917e-02,1.960108e-03
7400,layers.4.k_norm.bias,9.789438e-01,1.201215e-02,1.227052e-02
7400,layers.5.qk_lut.weights,1.197593e+02,1.412110e+01,1.179123e-01
7400,layers.5.qk_lut.log_soft_score_temp,3.245620e-01,4.254937e-03,1.310978e-02
7400,layers.5.qk_lut.log_select_temp,8.387355e-01,7.466257e-03,8.901802e-03
7400,layers.5.v_lut.weights,1.171888e+02,1.367289e+01,1.166740e-01
7400,layers.5.v_lut.log_soft_score_temp,5.433372e-01,1.268435e-02,2.334526e-02
7400,layers.5.v_lut.log_select_temp,9.953553e-01,1.887500e-03,1.896308e-03
7400,layers.5.out_proj.weights,2.827191e+02,3.106209e+01,1.098691e-01
7400,layers.5.out_proj.log_soft_score_temp,5.129255e-02,2.498602e-02,4.871277e-01
7400,layers.5.out_proj.log_select_temp,1.058741e+00,5.705833e-03,5.389264e-03
7400,layers.5.residual_lut.weights,1.678823e+02,1.990631e+01,1.185730e-01
7400,layers.5.residual_lut.log_soft_score_temp,2.490849e-01,1.409604e-02,5.659129e-02
7400,layers.5.residual_lut.log_select_temp,1.218871e+00,1.685619e-02,1.382935e-02
7400,layers.5.q_norm.weight,8.990511e+00,1.890648e-02,2.102937e-03
7400,layers.5.q_norm.bias,4.583509e-01,1.089908e-02,2.377890e-02
7400,layers.5.k_norm.weight,8.942163e+00,1.677731e-02,1.876203e-03
7400,layers.5.k_norm.bias,6.799051e-01,1.638106e-02,2.409315e-02
7400,ln_final.weight,4.426355e+01,5.260960e-01,1.188554e-02
7400,ln_final.bias,1.962569e+00,5.098965e-02,2.598108e-02
7600,tok_emb_E.weight,1.539929e+02,5.418552e+00,3.518704e-02
7600,emb_resid_lut.weights,2.001744e+02,1.744065e+01,8.712732e-02
7600,emb_resid_lut.log_soft_score_temp,7.236584e-01,1.162410e-02,1.606296e-02
7600,emb_resid_lut.log_select_temp,1.398350e+00,4.315853e-03,3.086391e-03
7600,unembedder.weight,1.742037e+02,9.432367e+00,5.414563e-02
7600,layers.0.qk_lut.weights,1.212332e+02,1.243667e+01,1.025847e-01
7600,layers.0.qk_lut.log_soft_score_temp,9.533721e-01,3.812909e-04,3.999393e-04
7600,layers.0.qk_lut.log_select_temp,1.046537e+00,4.191756e-03,4.005361e-03
7600,layers.0.v_lut.weights,1.146794e+02,1.267511e+01,1.105265e-01
7600,layers.0.v_lut.log_soft_score_temp,5.243909e-01,7.901609e-03,1.506817e-02
7600,layers.0.v_lut.log_select_temp,1.079042e+00,3.966689e-03,3.676122e-03
7600,layers.0.out_proj.weights,2.343390e+02,2.768230e+01,1.181293e-01
7600,layers.0.out_proj.log_soft_score_temp,4.326518e-01,2.287534e-02,5.287240e-02
7600,layers.0.out_proj.log_select_temp,9.212213e-01,1.372993e-02,1.490405e-02
7600,layers.0.residual_lut.weights,1.556103e+02,1.841692e+01,1.183529e-01
7600,layers.0.residual_lut.log_soft_score_temp,2.313572e-01,7.295296e-03,3.153261e-02
7600,layers.0.residual_lut.log_select_temp,9.170745e-01,1.382196e-02,1.507180e-02
7600,layers.0.q_norm.weight,9.272038e+00,1.947968e-02,2.100906e-03
7600,layers.0.q_norm.bias,8.243170e-01,1.199796e-02,1.455503e-02
7600,layers.0.k_norm.weight,9.202789e+00,1.942197e-02,2.110443e-03
7600,layers.0.k_norm.bias,1.173113e+00,1.665840e-02,1.420017e-02
7600,layers.1.qk_lut.weights,1.195119e+02,1.302911e+01,1.090193e-01
7600,layers.1.qk_lut.log_soft_score_temp,5.644783e-02,7.612731e-03,1.348631e-01
7600,layers.1.qk_lut.log_select_temp,9.845805e-01,8.483768e-03,8.616632e-03
7600,layers.1.v_lut.weights,1.108029e+02,1.246634e+01,1.125092e-01
7600,layers.1.v_lut.log_soft_score_temp,1.360078e-01,9.297088e-03,6.835701e-02
7600,layers.1.v_lut.log_select_temp,1.142556e+00,1.345193e-02,1.177355e-02
7600,layers.1.out_proj.weights,2.334065e+02,2.877662e+01,1.232897e-01
7600,layers.1.out_proj.log_soft_score_temp,4.549855e-01,2.431053e-02,5.343143e-02
7600,layers.1.out_proj.log_select_temp,7.411411e-01,4.838407e-03,6.528321e-03
7600,layers.1.residual_lut.weights,1.591767e+02,1.888719e+01,1.186555e-01
7600,layers.1.residual_lut.log_soft_score_temp,3.443031e-01,1.104531e-02,3.208019e-02
7600,layers.1.residual_lut.log_select_temp,1.015548e+00,1.196766e-02,1.178443e-02
7600,layers.1.q_norm.weight,9.806147e+00,2.279342e-02,2.324401e-03
7600,layers.1.q_norm.bias,7.822278e-01,1.170383e-02,1.496218e-02
7600,layers.1.k_norm.weight,9.756922e+00,2.306962e-02,2.364437e-03
7600,layers.1.k_norm.bias,1.023726e+00,1.536428e-02,1.500819e-02
7600,layers.2.qk_lut.weights,1.218084e+02,1.330725e+01,1.092474e-01
7600,layers.2.qk_lut.log_soft_score_temp,3.046052e-01,2.496243e-03,8.195010e-03
7600,layers.2.qk_lut.log_select_temp,9.318016e-01,7.620692e-03,8.178450e-03
7600,layers.2.v_lut.weights,1.109843e+02,1.277629e+01,1.151179e-01
7600,layers.2.v_lut.log_soft_score_temp,9.117958e-02,7.339954e-03,8.049998e-02
7600,layers.2.v_lut.log_select_temp,1.151319e+00,1.422751e-02,1.235758e-02
7600,layers.2.out_proj.weights,2.435653e+02,2.867591e+01,1.177339e-01
7600,layers.2.out_proj.log_soft_score_temp,3.937958e-01,2.336785e-02,5.934003e-02
7600,layers.2.out_proj.log_select_temp,7.636886e-01,7.387340e-03,9.673236e-03
7600,layers.2.residual_lut.weights,1.562070e+02,1.892435e+01,1.211492e-01
7600,layers.2.residual_lut.log_soft_score_temp,2.091628e-01,1.242301e-02,5.939396e-02
7600,layers.2.residual_lut.log_select_temp,1.161991e+00,1.576710e-02,1.356904e-02
7600,layers.2.q_norm.weight,9.212232e+00,1.701282e-02,1.846764e-03
7600,layers.2.q_norm.bias,7.634630e-01,1.236634e-02,1.619770e-02
7600,layers.2.k_norm.weight,9.172891e+00,1.642202e-02,1.790278e-03
7600,layers.2.k_norm.bias,1.189927e+00,1.575536e-02,1.324062e-02
7600,layers.3.qk_lut.weights,1.180341e+02,1.349559e+01,1.143363e-01
7600,layers.3.qk_lut.log_soft_score_temp,9.660988e-02,8.318841e-03,8.610757e-02
7600,layers.3.qk_lut.log_select_temp,1.050677e+00,1.083529e-02,1.031268e-02
7600,layers.3.v_lut.weights,1.132779e+02,1.285497e+01,1.134817e-01
7600,layers.3.v_lut.log_soft_score_temp,4.017816e-01,1.366493e-02,3.401084e-02
7600,layers.3.v_lut.log_select_temp,1.083643e+00,9.009957e-03,8.314508e-03
7600,layers.3.out_proj.weights,2.756758e+02,2.955440e+01,1.072071e-01
7600,layers.3.out_proj.log_soft_score_temp,2.705491e-01,2.796657e-02,1.033697e-01
7600,layers.3.out_proj.log_select_temp,1.149366e+00,7.580400e-03,6.595288e-03
7600,layers.3.residual_lut.weights,1.683353e+02,1.910289e+01,1.134812e-01
7600,layers.3.residual_lut.log_soft_score_temp,3.651839e-01,1.477247e-02,4.045216e-02
7600,layers.3.residual_lut.log_select_temp,1.197646e+00,1.398051e-02,1.167332e-02
7600,layers.3.q_norm.weight,1.013186e+01,3.481041e-02,3.435736e-03
7600,layers.3.q_norm.bias,6.755456e-01,1.369639e-02,2.027455e-02
7600,layers.3.k_norm.weight,1.006739e+01,3.478937e-02,3.455651e-03
7600,layers.3.k_norm.bias,1.004387e+00,1.720685e-02,1.713170e-02
7600,layers.4.qk_lut.weights,1.216370e+02,1.355574e+01,1.114442e-01
7600,layers.4.qk_lut.log_soft_score_temp,3.156264e-01,3.805608e-03,1.205732e-02
7600,layers.4.qk_lut.log_select_temp,9.234442e-01,8.203208e-03,8.883275e-03
7600,layers.4.v_lut.weights,1.162649e+02,1.299436e+01,1.117651e-01
7600,layers.4.v_lut.log_soft_score_temp,3.921785e-01,9.690434e-03,2.470924e-02
7600,layers.4.v_lut.log_select_temp,1.158220e+00,9.653807e-03,8.335035e-03
7600,layers.4.out_proj.weights,2.626346e+02,2.956534e+01,1.125722e-01
7600,layers.4.out_proj.log_soft_score_temp,1.052004e-01,2.150946e-02,2.044617e-01
7600,layers.4.out_proj.log_select_temp,1.020605e+00,1.129496e-02,1.106692e-02
7600,layers.4.residual_lut.weights,1.663174e+02,1.917644e+01,1.153002e-01
7600,layers.4.residual_lut.log_soft_score_temp,3.162052e-01,1.415110e-02,4.475288e-02
7600,layers.4.residual_lut.log_select_temp,1.224311e+00,1.613510e-02,1.317892e-02
7600,layers.4.q_norm.weight,9.001375e+00,1.713735e-02,1.903859e-03
7600,layers.4.q_norm.bias,6.351051e-01,8.728580e-03,1.374352e-02
7600,layers.4.k_norm.weight,8.954569e+00,1.754462e-02,1.959292e-03
7600,layers.4.k_norm.bias,9.872425e-01,1.356483e-02,1.374012e-02
7600,layers.5.qk_lut.weights,1.208290e+02,1.371429e+01,1.135017e-01
7600,layers.5.qk_lut.log_soft_score_temp,3.190239e-01,5.538106e-03,1.735953e-02
7600,layers.5.qk_lut.log_select_temp,8.453930e-01,6.657541e-03,7.875084e-03
7600,layers.5.v_lut.weights,1.182572e+02,1.323808e+01,1.119431e-01
7600,layers.5.v_lut.log_soft_score_temp,5.347106e-01,8.626580e-03,1.613318e-02
7600,layers.5.v_lut.log_select_temp,1.000801e+00,5.445540e-03,5.441182e-03
7600,layers.5.out_proj.weights,2.854404e+02,3.018420e+01,1.057460e-01
7600,layers.5.out_proj.log_soft_score_temp,3.090209e-02,2.039046e-02,6.598408e-01
7600,layers.5.out_proj.log_select_temp,1.066613e+00,7.872462e-03,7.380803e-03
7600,layers.5.residual_lut.weights,1.697041e+02,1.935012e+01,1.140227e-01
7600,layers.5.residual_lut.log_soft_score_temp,2.352262e-01,1.385872e-02,5.891657e-02
7600,layers.5.residual_lut.log_select_temp,1.234835e+00,1.596403e-02,1.292806e-02
7600,layers.5.q_norm.weight,9.004873e+00,2.069217e-02,2.297886e-03
7600,layers.5.q_norm.bias,4.641155e-01,1.116929e-02,2.406575e-02
7600,layers.5.k_norm.weight,8.955977e+00,1.982835e-02,2.213980e-03
7600,layers.5.k_norm.bias,6.851527e-01,1.638911e-02,2.392038e-02
7600,ln_final.weight,4.477039e+01,5.080891e-01,1.134878e-02
7600,ln_final.bias,1.981547e+00,4.922816e-02,2.484329e-02
7800,tok_emb_E.weight,1.541378e+02,5.270694e+00,3.419469e-02
7800,emb_resid_lut.weights,2.014742e+02,1.694487e+01,8.410442e-02
7800,emb_resid_lut.log_soft_score_temp,7.098852e-01,1.377320e-02,1.940201e-02
7800,emb_resid_lut.log_select_temp,1.399814e+00,1.464844e-03,1.046456e-03
7800,unembedder.weight,1.739717e+02,9.169697e+00,5.270799e-02
7800,layers.0.qk_lut.weights,1.222474e+02,1.213745e+01,9.928598e-02
7800,layers.0.qk_lut.log_soft_score_temp,9.540650e-01,6.929040e-04,7.262650e-04
7800,layers.0.qk_lut.log_select_temp,1.051250e+00,4.713535e-03,4.483743e-03
7800,layers.0.v_lut.weights,1.156297e+02,1.234487e+01,1.067621e-01
7800,layers.0.v_lut.log_soft_score_temp,5.161818e-01,8.209109e-03,1.590352e-02
7800,layers.0.v_lut.log_select_temp,1.082607e+00,3.565431e-03,3.293374e-03
7800,layers.0.out_proj.weights,2.361449e+02,2.692776e+01,1.140307e-01
7800,layers.0.out_proj.log_soft_score_temp,4.568834e-01,2.423161e-02,5.303676e-02
7800,layers.0.out_proj.log_select_temp,9.324427e-01,1.122141e-02,1.203442e-02
7800,layers.0.residual_lut.weights,1.568749e+02,1.791417e+01,1.141940e-01
7800,layers.0.residual_lut.log_soft_score_temp,2.231306e-01,8.226603e-03,3.686901e-02
7800,layers.0.residual_lut.log_select_temp,9.309742e-01,1.389974e-02,1.493032e-02
7800,layers.0.q_norm.weight,9.283250e+00,1.578267e-02,1.700124e-03
7800,layers.0.q_norm.bias,8.292595e-01,8.539878e-03,1.029820e-02
7800,layers.0.k_norm.weight,9.212658e+00,1.531166e-02,1.662025e-03
7800,layers.0.k_norm.bias,1.184288e+00,1.754400e-02,1.481396e-02
7800,layers.1.qk_lut.weights,1.205021e+02,1.268451e+01,1.052638e-01
7800,layers.1.qk_lut.log_soft_score_temp,4.924592e-02,7.201906e-03,1.462437e-01
7800,layers.1.qk_lut.log_select_temp,9.937283e-01,9.147823e-03,9.205557e-03
7800,layers.1.v_lut.weights,1.117171e+02,1.215360e+01,1.087890e-01
7800,layers.1.v_lut.log_soft_score_temp,1.253161e-01,1.069169e-02,8.531773e-02
7800,layers.1.v_lut.log_select_temp,1.154799e+00,1.224351e-02,1.060229e-02
7800,layers.1.out_proj.weights,2.349867e+02,2.799684e+01,1.191422e-01
7800,layers.1.out_proj.log_soft_score_temp,4.759819e-01,2.099636e-02,4.411168e-02
7800,layers.1.out_proj.log_select_temp,7.474139e-01,6.272852e-03,8.392742e-03
7800,layers.1.residual_lut.weights,1.604209e+02,1.836552e+01,1.144833e-01
7800,layers.1.residual_lut.log_soft_score_temp,3.351438e-01,9.159267e-03,2.732936e-02
7800,layers.1.residual_lut.log_select_temp,1.027925e+00,1.237619e-02,1.203998e-02
7800,layers.1.q_norm.weight,9.824845e+00,2.309582e-02,2.350757e-03
7800,layers.1.q_norm.bias,7.914678e-01,1.274049e-02,1.609729e-02
7800,layers.1.k_norm.weight,9.775278e+00,2.352144e-02,2.406217e-03
7800,layers.1.k_norm.bias,1.032607e+00,1.608128e-02,1.557347e-02
7800,layers.2.qk_lut.weights,1.228454e+02,1.300835e+01,1.058920e-01
7800,layers.2.qk_lut.log_soft_score_temp,3.013188e-01,3.286362e-03,1.090659e-02
7800,layers.2.qk_lut.log_select_temp,9.387172e-01,6.915689e-03,7.367169e-03
7800,layers.2.v_lut.weights,1.119062e+02,1.240705e+01,1.108701e-01
7800,layers.2.v_lut.log_soft_score_temp,8.393937e-02,7.240213e-03,8.625528e-02
7800,layers.2.v_lut.log_select_temp,1.163492e+00,1.217318e-02,1.046262e-02
7800,layers.2.out_proj.weights,2.454794e+02,2.791730e+01,1.137256e-01
7800,layers.2.out_proj.log_soft_score_temp,4.153800e-01,2.158424e-02,5.196264e-02
7800,layers.2.out_proj.log_select_temp,7.696388e-01,5.950212e-03,7.731175e-03
7800,layers.2.residual_lut.weights,1.574006e+02,1.840891e+01,1.169558e-01
7800,layers.2.residual_lut.log_soft_score_temp,1.993998e-01,9.763092e-03,4.896241e-02
7800,layers.2.residual_lut.log_select_temp,1.177981e+00,1.599002e-02,1.357409e-02
7800,layers.2.q_norm.weight,9.221985e+00,1.561595e-02,1.693339e-03
7800,layers.2.q_norm.bias,7.688339e-01,9.068824e-03,1.179556e-02
7800,layers.2.k_norm.weight,9.182348e+00,1.393944e-02,1.518069e-03
7800,layers.2.k_norm.bias,1.196972e+00,1.390341e-02,1.161549e-02
7800,layers.3.qk_lut.weights,1.190034e+02,1.307770e+01,1.098935e-01
7800,layers.3.qk_lut.log_soft_score_temp,8.698394e-02,9.625934e-03,1.106633e-01
7800,layers.3.qk_lut.log_select_temp,1.061137e+00,1.046085e-02,9.858151e-03
7800,layers.3.v_lut.weights,1.141976e+02,1.252080e+01,1.096416e-01
7800,layers.3.v_lut.log_soft_score_temp,3.893560e-01,1.242557e-02,3.191314e-02
7800,layers.3.v_lut.log_select_temp,1.092488e+00,8.845568e-03,8.096715e-03
7800,layers.3.out_proj.weights,2.786618e+02,2.875909e+01,1.032043e-01
7800,layers.3.out_proj.log_soft_score_temp,2.976730e-01,2.712393e-02,9.111987e-02
7800,layers.3.out_proj.log_select_temp,1.157282e+00,7.915974e-03,6.840143e-03
7800,layers.3.residual_lut.weights,1.699054e+02,1.860265e+01,1.094883e-01
7800,layers.3.residual_lut.log_soft_score_temp,3.522581e-01,1.292571e-02,3.669387e-02
7800,layers.3.residual_lut.log_select_temp,1.210873e+00,1.322711e-02,1.092361e-02
7800,layers.3.q_norm.weight,1.015587e+01,3.117019e-02,3.069181e-03
7800,layers.3.q_norm.bias,6.854820e-01,1.450786e-02,2.116447e-02
7800,layers.3.k_norm.weight,1.009055e+01,3.177149e-02,3.148638e-03
7800,layers.3.k_norm.bias,1.014737e+00,1.850280e-02,1.823409e-02
7800,layers.4.qk_lut.weights,1.226575e+02,1.322024e+01,1.077818e-01
7800,layers.4.qk_lut.log_soft_score_temp,3.123202e-01,3.306240e-03,1.058606e-02
7800,layers.4.qk_lut.log_select_temp,9.312543e-01,7.810056e-03,8.386599e-03
7800,layers.4.v_lut.weights,1.172236e+02,1.267789e+01,1.081513e-01
7800,layers.4.v_lut.log_soft_score_temp,3.806171e-01,1.156139e-02,3.037539e-02
7800,layers.4.v_lut.log_select_temp,1.165056e+00,6.835818e-03,5.867373e-03
7800,layers.4.out_proj.weights,2.650786e+02,2.879716e+01,1.086363e-01
7800,layers.4.out_proj.log_soft_score_temp,1.260166e-01,2.081617e-02,1.651859e-01
7800,layers.4.out_proj.log_select_temp,1.032370e+00,1.176453e-02,1.139565e-02
7800,layers.4.residual_lut.weights,1.679457e+02,1.868533e+01,1.112582e-01
7800,layers.4.residual_lut.log_soft_score_temp,3.022099e-01,1.399529e-02,4.630983e-02
7800,layers.4.residual_lut.log_select_temp,1.238167e+00,1.385558e-02,1.119039e-02
7800,layers.4.q_norm.weight,9.009191e+00,1.318519e-02,1.463526e-03
7800,layers.4.q_norm.bias,6.402469e-01,8.598912e-03,1.343062e-02
7800,layers.4.k_norm.weight,8.961545e+00,1.361339e-02,1.519090e-03
7800,layers.4.k_norm.bias,9.944795e-01,1.337340e-02,1.344763e-02
7800,layers.5.qk_lut.weights,1.218316e+02,1.339810e+01,1.099723e-01
7800,layers.5.qk_lut.log_soft_score_temp,3.136071e-01,5.416811e-03,1.727260e-02
7800,layers.5.qk_lut.log_select_temp,8.521895e-01,6.796539e-03,7.975384e-03
7800,layers.5.v_lut.weights,1.192487e+02,1.290960e+01,1.082577e-01
7800,layers.5.v_lut.log_soft_score_temp,5.265476e-01,8.162975e-03,1.550282e-02
7800,layers.5.v_lut.log_select_temp,1.005272e+00,4.471183e-03,4.447734e-03
7800,layers.5.out_proj.weights,2.879928e+02,2.931604e+01,1.017944e-01
7800,layers.5.out_proj.log_soft_score_temp,1.110735e-02,1.979474e-02,1.782131e+00
7800,layers.5.out_proj.log_select_temp,1.075722e+00,9.109259e-03,8.468038e-03
7800,layers.5.residual_lut.weights,1.714071e+02,1.884712e+01,1.099553e-01
7800,layers.5.residual_lut.log_soft_score_temp,2.218170e-01,1.340921e-02,6.045169e-02
7800,layers.5.residual_lut.log_select_temp,1.250449e+00,1.561403e-02,1.248674e-02
7800,layers.5.q_norm.weight,9.016268e+00,1.822739e-02,2.021612e-03
7800,layers.5.q_norm.bias,4.689463e-01,8.192705e-03,1.747046e-02
7800,layers.5.k_norm.weight,8.967194e+00,1.777756e-02,1.982511e-03
7800,layers.5.k_norm.bias,6.902040e-01,1.455667e-02,2.109039e-02
7800,ln_final.weight,4.525975e+01,4.905048e-01,1.083755e-02
7800,ln_final.bias,1.998656e+00,4.818708e-02,2.410974e-02
8000,tok_emb_E.weight,1.542761e+02,5.128679e+00,3.324352e-02
8000,emb_resid_lut.weights,2.026919e+02,1.650310e+01,8.141963e-02
8000,emb_resid_lut.log_soft_score_temp,6.973507e-01,1.253450e-02,1.797445e-02
8000,emb_resid_lut.log_select_temp,1.400856e+00,1.041651e-03,7.435815e-04
8000,unembedder.weight,1.737151e+02,8.874553e+00,5.108683e-02
8000,layers.0.qk_lut.weights,1.231940e+02,1.182711e+01,9.600395e-02
8000,layers.0.qk_lut.log_soft_score_temp,9.532323e-01,8.326173e-04,8.734673e-04
8000,layers.0.qk_lut.log_select_temp,1.053982e+00,2.731681e-03,2.591772e-03
8000,layers.0.v_lut.weights,1.165199e+02,1.201814e+01,1.031424e-01
8000,layers.0.v_lut.log_soft_score_temp,5.080503e-01,8.131504e-03,1.600531e-02
8000,layers.0.v_lut.log_select_temp,1.086333e+00,3.725410e-03,3.429345e-03
8000,layers.0.out_proj.weights,2.378267e+02,2.615266e+01,1.099652e-01
8000,layers.0.out_proj.log_soft_score_temp,4.782864e-01,2.140301e-02,4.474937e-02
8000,layers.0.out_proj.log_select_temp,9.438302e-01,1.138753e-02,1.206523e-02
8000,layers.0.residual_lut.weights,1.580557e+02,1.741657e+01,1.101926e-01
8000,layers.0.residual_lut.log_soft_score_temp,2.151451e-01,7.985413e-03,3.711640e-02
8000,layers.0.residual_lut.log_select_temp,9.458829e-01,1.490867e-02,1.576165e-02
8000,layers.0.q_norm.weight,9.292016e+00,1.540040e-02,1.657380e-03
8000,layers.0.q_norm.bias,8.370579e-01,1.108048e-02,1.323741e-02
8000,layers.0.k_norm.weight,9.220673e+00,1.378671e-02,1.495195e-03
8000,layers.0.k_norm.bias,1.195220e+00,1.443628e-02,1.207834e-02
8000,layers.1.qk_lut.weights,1.214398e+02,1.232522e+01,1.014925e-01
8000,layers.1.qk_lut.log_soft_score_temp,4.125218e-02,7.993739e-03,1.937774e-01
8000,layers.1.qk_lut.log_select_temp,1.001494e+00,7.765710e-03,7.754125e-03
8000,layers.1.v_lut.weights,1.125841e+02,1.179751e+01,1.047885e-01
8000,layers.1.v_lut.log_soft_score_temp,1.157023e-01,9.613842e-03,8.309120e-02
8000,layers.1.v_lut.log_select_temp,1.166065e+00,1.126635e-02,9.661851e-03
8000,layers.1.out_proj.weights,2.364279e+02,2.717397e+01,1.149355e-01
8000,layers.1.out_proj.log_soft_score_temp,4.955557e-01,1.957384e-02,3.949876e-02
8000,layers.1.out_proj.log_select_temp,7.523215e-01,4.907608e-03,6.523285e-03
8000,layers.1.residual_lut.weights,1.615670e+02,1.787022e+01,1.106056e-01
8000,layers.1.residual_lut.log_soft_score_temp,3.259718e-01,9.172022e-03,2.813747e-02
8000,layers.1.residual_lut.log_select_temp,1.040145e+00,1.222003e-02,1.174839e-02
8000,layers.1.q_norm.weight,9.841369e+00,2.200369e-02,2.235837e-03
8000,layers.1.q_norm.bias,8.005741e-01,1.281595e-02,1.600845e-02
8000,layers.1.k_norm.weight,9.791876e+00,2.204289e-02,2.251141e-03
8000,layers.1.k_norm.bias,1.038067e+00,1.207395e-02,1.163118e-02
8000,layers.2.qk_lut.weights,1.238190e+02,1.257819e+01,1.015853e-01
8000,layers.2.qk_lut.log_soft_score_temp,2.998014e-01,1.517445e-03,5.061501e-03
8000,layers.2.qk_lut.log_select_temp,9.465895e-01,7.872283e-03,8.316470e-03
8000,layers.2.v_lut.weights,1.127572e+02,1.210541e+01,1.073582e-01
8000,layers.2.v_lut.log_soft_score_temp,7.733963e-02,6.599739e-03,8.533451e-02
8000,layers.2.v_lut.log_select_temp,1.175597e+00,1.210546e-02,1.029729e-02
8000,layers.2.out_proj.weights,2.472815e+02,2.703194e+01,1.093165e-01
8000,layers.2.out_proj.log_soft_score_temp,4.378242e-01,2.244416e-02,5.126295e-02
8000,layers.2.out_proj.log_select_temp,7.765543e-01,6.915510e-03,8.905378e-03
8000,layers.2.residual_lut.weights,1.585081e+02,1.790260e+01,1.129444e-01
8000,layers.2.residual_lut.log_soft_score_temp,1.872384e-01,1.216137e-02,6.495129e-02
8000,layers.2.residual_lut.log_select_temp,1.193586e+00,1.560593e-02,1.307482e-02
8000,layers.2.q_norm.weight,9.233809e+00,1.620275e-02,1.754720e-03
8000,layers.2.q_norm.bias,7.745458e-01,8.679213e-03,1.120555e-02
8000,layers.2.k_norm.weight,9.193600e+00,1.603248e-02,1.743874e-03
8000,layers.2.k_norm.bias,1.202799e+00,1.230577e-02,1.023094e-02
8000,layers.3.qk_lut.weights,1.199172e+02,1.272195e+01,1.060894e-01
8000,layers.3.qk_lut.log_soft_score_temp,7.892766e-02,8.056283e-03,1.020717e-01
8000,layers.3.qk_lut.log_select_temp,1.071753e+00,1.061583e-02,9.905102e-03
8000,layers.3.v_lut.weights,1.150550e+02,1.215702e+01,1.056627e-01
8000,layers.3.v_lut.log_soft_score_temp,3.771960e-01,1.215997e-02,3.223781e-02
8000,layers.3.v_lut.log_select_temp,1.102879e+00,1.039076e-02,9.421484e-03
8000,layers.3.out_proj.weights,2.814793e+02,2.788937e+01,9.908141e-02
8000,layers.3.out_proj.log_soft_score_temp,3.232837e-01,2.561066e-02,7.922038e-02
8000,layers.3.out_proj.log_select_temp,1.164717e+00,7.435441e-03,6.383902e-03
8000,layers.3.residual_lut.weights,1.713823e+02,1.808584e+01,1.055292e-01
8000,layers.3.residual_lut.log_soft_score_temp,3.409093e-01,1.134884e-02,3.328992e-02
8000,layers.3.residual_lut.log_select_temp,1.223921e+00,1.304793e-02,1.066076e-02
8000,layers.3.q_norm.weight,1.017772e+01,3.025575e-02,2.972743e-03
8000,layers.3.q_norm.bias,6.943333e-01,1.353268e-02,1.949018e-02
8000,layers.3.k_norm.weight,1.011166e+01,2.950484e-02,2.917904e-03
8000,layers.3.k_norm.bias,1.026570e+00,1.904529e-02,1.855236e-02
8000,layers.4.qk_lut.weights,1.236186e+02,1.285410e+01,1.039820e-01
8000,layers.4.qk_lut.log_soft_score_temp,3.077478e-01,4.572392e-03,1.485759e-02
8000,layers.4.qk_lut.log_select_temp,9.381985e-01,6.944239e-03,7.401674e-03
8000,layers.4.v_lut.weights,1.181417e+02,1.234716e+01,1.045115e-01
8000,layers.4.v_lut.log_soft_score_temp,3.692084e-01,1.140872e-02,3.090048e-02
8000,layers.4.v_lut.log_select_temp,1.171150e+00,6.093740e-03,5.203212e-03
8000,layers.4.out_proj.weights,2.673913e+02,2.792749e+01,1.044443e-01
8000,layers.4.out_proj.log_soft_score_temp,1.453383e-01,1.932168e-02,1.329428e-01
8000,layers.4.out_proj.log_select_temp,1.044298e+00,1.192760e-02,1.142165e-02
8000,layers.4.residual_lut.weights,1.694768e+02,1.814427e+01,1.070605e-01
8000,layers.4.residual_lut.log_soft_score_temp,2.895737e-01,1.263624e-02,4.363740e-02
8000,layers.4.residual_lut.log_select_temp,1.252134e+00,1.396739e-02,1.115487e-02
8000,layers.4.q_norm.weight,9.019917e+00,1.721687e-02,1.908762e-03
8000,layers.4.q_norm.bias,6.427266e-01,8.865787e-03,1.379402e-02
8000,layers.4.k_norm.weight,8.971950e+00,1.745420e-02,1.945419e-03
8000,layers.4.k_norm.bias,9.994574e-01,1.342476e-02,1.343205e-02
8000,layers.5.qk_lut.weights,1.227722e+02,1.298758e+01,1.057861e-01
8000,layers.5.qk_lut.log_soft_score_temp,3.072468e-01,6.360322e-03,2.070102e-02
8000,layers.5.qk_lut.log_select_temp,8.566051e-01,4.415572e-03,5.154734e-03
8000,layers.5.v_lut.weights,1.201747e+02,1.252745e+01,1.042437e-01
8000,layers.5.v_lut.log_soft_score_temp,5.179630e-01,8.584619e-03,1.657381e-02
8000,layers.5.v_lut.log_select_temp,1.008989e+00,3.717184e-03,3.684067e-03
8000,layers.5.out_proj.weights,2.905009e+02,2.846480e+01,9.798522e-02
8000,layers.5.out_proj.log_soft_score_temp,8.414755e-03,1.952210e-02,2.319985e+00
8000,layers.5.out_proj.log_select_temp,1.085131e+00,9.408355e-03,8.670249e-03
8000,layers.5.residual_lut.weights,1.730309e+02,1.832111e+01,1.058834e-01
8000,layers.5.residual_lut.log_soft_score_temp,2.081595e-01,1.365751e-02,6.561080e-02
8000,layers.5.residual_lut.log_select_temp,1.266055e+00,1.560557e-02,1.232614e-02
8000,layers.5.q_norm.weight,9.027941e+00,1.936398e-02,2.144894e-03
8000,layers.5.q_norm.bias,4.733500e-01,9.376453e-03,1.980871e-02
8000,layers.5.k_norm.weight,8.978108e+00,1.853174e-02,2.064103e-03
8000,layers.5.k_norm.bias,6.968693e-01,1.593517e-02,2.286679e-02
8000,ln_final.weight,4.573540e+01,4.769803e-01,1.042913e-02
8000,ln_final.bias,2.016345e+00,4.709528e-02,2.335676e-02
8200,tok_emb_E.weight,1.544051e+02,4.985235e+00,3.228673e-02
8200,emb_resid_lut.weights,2.038229e+02,1.608203e+01,7.890200e-02
8200,emb_resid_lut.log_soft_score_temp,6.863399e-01,1.101089e-02,1.604291e-02
8200,emb_resid_lut.log_select_temp,1.403343e+00,2.486587e-03,1.771903e-03
8200,unembedder.weight,1.734512e+02,8.648983e+00,4.986407e-02
8200,layers.0.qk_lut.weights,1.240743e+02,1.148429e+01,9.255976e-02
8200,layers.0.qk_lut.log_soft_score_temp,9.537922e-01,5.598664e-04,5.869899e-04
8200,layers.0.qk_lut.log_select_temp,1.057881e+00,3.898740e-03,3.685425e-03
8200,layers.0.v_lut.weights,1.173544e+02,1.170340e+01,9.972698e-02
8200,layers.0.v_lut.log_soft_score_temp,5.015486e-01,6.501615e-03,1.296308e-02
8200,layers.0.v_lut.log_select_temp,1.089851e+00,3.518343e-03,3.228279e-03
8200,layers.0.out_proj.weights,2.393957e+02,2.541773e+01,1.061745e-01
8200,layers.0.out_proj.log_soft_score_temp,5.000248e-01,2.173841e-02,4.347466e-02
8200,layers.0.out_proj.log_select_temp,9.567264e-01,1.289624e-02,1.347955e-02
8200,layers.0.residual_lut.weights,1.591432e+02,1.692915e+01,1.063769e-01
8200,layers.0.residual_lut.log_soft_score_temp,2.058987e-01,9.246469e-03,4.490786e-02
8200,layers.0.residual_lut.log_select_temp,9.591799e-01,1.329702e-02,1.386291e-02
8200,layers.0.q_norm.weight,9.302086e+00,1.400553e-02,1.505633e-03
8200,layers.0.q_norm.bias,8.433967e-01,9.327478e-03,1.105942e-02
8200,layers.0.k_norm.weight,9.230159e+00,1.431820e-02,1.551241e-03
8200,layers.0.k_norm.bias,1.205737e+00,1.548537e-02,1.284307e-02
8200,layers.1.qk_lut.weights,1.223150e+02,1.197833e+01,9.793020e-02
8200,layers.1.qk_lut.log_soft_score_temp,3.344255e-02,7.809635e-03,2.335239e-01
8200,layers.1.qk_lut.log_select_temp,1.008419e+00,6.925225e-03,6.867407e-03
8200,layers.1.v_lut.weights,1.133946e+02,1.145957e+01,1.010592e-01
8200,layers.1.v_lut.log_soft_score_temp,1.091907e-01,6.511547e-03,5.963461e-02
8200,layers.1.v_lut.log_select_temp,1.177852e+00,1.178694e-02,1.000714e-02
8200,layers.1.out_proj.weights,2.377695e+02,2.638727e+01,1.109784e-01
8200,layers.1.out_proj.log_soft_score_temp,5.135615e-01,1.800576e-02,3.506057e-02
8200,layers.1.out_proj.log_select_temp,7.572955e-01,4.973948e-03,6.568041e-03
8200,layers.1.residual_lut.weights,1.626272e+02,1.735039e+01,1.066881e-01
8200,layers.1.residual_lut.log_soft_score_temp,3.165453e-01,9.426445e-03,2.977913e-02
8200,layers.1.residual_lut.log_select_temp,1.050095e+00,9.950280e-03,9.475600e-03
8200,layers.1.q_norm.weight,9.859336e+00,2.207015e-02,2.238503e-03
8200,layers.1.q_norm.bias,8.085532e-01,1.121240e-02,1.386724e-02
8200,layers.1.k_norm.weight,9.809241e+00,2.145983e-02,2.187715e-03
8200,layers.1.k_norm.bias,1.043880e+00,1.180215e-02,1.130604e-02
8200,layers.2.qk_lut.weights,1.247383e+02,1.223182e+01,9.805988e-02
8200,layers.2.qk_lut.log_soft_score_temp,2.973829e-01,2.418518e-03,8.132675e-03
8200,layers.2.qk_lut.log_select_temp,9.536310e-01,7.041514e-03,7.383898e-03
8200,layers.2.v_lut.weights,1.135748e+02,1.170186e+01,1.030322e-01
8200,layers.2.v_lut.log_soft_score_temp,6.839288e-02,8.946747e-03,1.308140e-01
8200,layers.2.v_lut.log_select_temp,1.185906e+00,1.030827e-02,8.692316e-03
8200,layers.2.out_proj.weights,2.489405e+02,2.627047e+01,1.055291e-01
8200,layers.2.out_proj.log_soft_score_temp,4.590420e-01,2.121785e-02,4.622203e-02
8200,layers.2.out_proj.log_select_temp,7.826326e-01,6.078243e-03,7.766407e-03
8200,layers.2.residual_lut.weights,1.595163e+02,1.738206e+01,1.089673e-01
8200,layers.2.residual_lut.log_soft_score_temp,1.744864e-01,1.275198e-02,7.308295e-02
8200,layers.2.residual_lut.log_select_temp,1.207662e+00,1.407516e-02,1.165489e-02
8200,layers.2.q_norm.weight,9.241209e+00,1.402967e-02,1.518164e-03
8200,layers.2.q_norm.bias,7.792762e-01,8.897327e-03,1.141742e-02
8200,layers.2.k_norm.weight,9.200891e+00,1.394489e-02,1.515602e-03
8200,layers.2.k_norm.bias,1.206941e+00,1.235365e-02,1.023551e-02
8200,layers.3.qk_lut.weights,1.207609e+02,1.237379e+01,1.024652e-01
8200,layers.3.qk_lut.log_soft_score_temp,7.128801e-02,7.639647e-03,1.071659e-01
8200,layers.3.qk_lut.log_select_temp,1.081496e+00,9.742856e-03,9.008683e-03
8200,layers.3.v_lut.weights,1.158523e+02,1.180075e+01,1.018603e-01
8200,layers.3.v_lut.log_soft_score_temp,3.664269e-01,1.076913e-02,2.938957e-02
8200,layers.3.v_lut.log_select_temp,1.112103e+00,9.224176e-03,8.294352e-03
8200,layers.3.out_proj.weights,2.841785e+02,2.706532e+01,9.524057e-02
8200,layers.3.out_proj.log_soft_score_temp,3.474982e-01,2.421451e-02,6.968240e-02
8200,layers.3.out_proj.log_select_temp,1.172319e+00,7.601976e-03,6.484561e-03
8200,layers.3.residual_lut.weights,1.727644e+02,1.754899e+01,1.015776e-01
8200,layers.3.residual_lut.log_soft_score_temp,3.286215e-01,1.228777e-02,3.739185e-02
8200,layers.3.residual_lut.log_select_temp,1.236122e+00,1.220095e-02,9.870344e-03
8200,layers.3.q_norm.weight,1.020093e+01,3.001526e-02,2.942404e-03
8200,layers.3.q_norm.bias,7.017033e-01,1.227127e-02,1.748784e-02
8200,layers.3.k_norm.weight,1.013389e+01,2.990758e-02,2.951245e-03
8200,layers.3.k_norm.bias,1.038246e+00,1.707714e-02,1.644807e-02
8200,layers.4.qk_lut.weights,1.245189e+02,1.246980e+01,1.001439e-01
8200,layers.4.qk_lut.log_soft_score_temp,3.031037e-01,4.644066e-03,1.532170e-02
8200,layers.4.qk_lut.log_select_temp,9.447334e-01,6.534934e-03,6.917225e-03
8200,layers.4.v_lut.weights,1.189829e+02,1.192588e+01,1.002319e-01
8200,layers.4.v_lut.log_soft_score_temp,3.595607e-01,9.647727e-03,2.683198e-02
8200,layers.4.v_lut.log_select_temp,1.179005e+00,7.855296e-03,6.662648e-03
8200,layers.4.out_proj.weights,2.695715e+02,2.706771e+01,1.004101e-01
8200,layers.4.out_proj.log_soft_score_temp,1.648743e-01,1.953597e-02,1.184901e-01
8200,layers.4.out_proj.log_select_temp,1.054090e+00,9.792209e-03,9.289729e-03
8200,layers.4.residual_lut.weights,1.709279e+02,1.762844e+01,1.031338e-01
8200,layers.4.residual_lut.log_soft_score_temp,2.776699e-01,1.190376e-02,4.287019e-02
8200,layers.4.residual_lut.log_select_temp,1.265825e+00,1.369083e-02,1.081573e-02
8200,layers.4.q_norm.weight,9.031350e+00,1.698861e-02,1.881071e-03
8200,layers.4.q_norm.bias,6.491719e-01,1.059529e-02,1.632123e-02
8200,layers.4.k_norm.weight,8.983355e+00,1.587094e-02,1.766705e-03
8200,layers.4.k_norm.bias,1.005922e+00,1.117988e-02,1.111406e-02
8200,layers.5.qk_lut.weights,1.236512e+02,1.259415e+01,1.018522e-01
8200,layers.5.qk_lut.log_soft_score_temp,3.007564e-01,6.490409e-03,2.158029e-02
8200,layers.5.qk_lut.log_select_temp,8.620985e-01,5.493343e-03,6.372060e-03
8200,layers.5.v_lut.weights,1.210319e+02,1.213204e+01,1.002384e-01
8200,layers.5.v_lut.log_soft_score_temp,5.109496e-01,7.013440e-03,1.372629e-02
8200,layers.5.v_lut.log_select_temp,1.013701e+00,4.711866e-03,4.648181e-03
8200,layers.5.out_proj.weights,2.928395e+02,2.759170e+01,9.422123e-02
8200,layers.5.out_proj.log_soft_score_temp,2.560908e-02,1.719433e-02,6.714152e-01
8200,layers.5.out_proj.log_select_temp,1.093835e+00,8.703828e-03,7.957170e-03
8200,layers.5.residual_lut.weights,1.745718e+02,1.778659e+01,1.018870e-01
8200,layers.5.residual_lut.log_soft_score_temp,1.951409e-01,1.301858e-02,6.671373e-02
8200,layers.5.residual_lut.log_select_temp,1.281286e+00,1.523077e-02,1.188710e-02
8200,layers.5.q_norm.weight,9.037749e+00,1.634428e-02,1.808446e-03
8200,layers.5.q_norm.bias,4.786660e-01,9.590741e-03,2.003639e-02
8200,layers.5.k_norm.weight,8.987632e+00,1.848072e-02,2.056239e-03
8200,layers.5.k_norm.bias,7.021113e-01,1.388825e-02,1.978070e-02
8200,ln_final.weight,4.620264e+01,4.683295e-01,1.013642e-02
8200,ln_final.bias,2.033231e+00,4.511045e-02,2.218658e-02
8400,tok_emb_E.weight,1.545264e+02,4.836816e+00,3.130091e-02
8400,emb_resid_lut.weights,2.048488e+02,1.560262e+01,7.616650e-02
8400,emb_resid_lut.log_soft_score_temp,6.752573e-01,1.108253e-02,1.641231e-02
8400,emb_resid_lut.log_select_temp,1.404464e+00,1.121163e-03,7.982857e-04
8400,unembedder.weight,1.731830e+02,8.403787e+00,4.852548e-02
8400,layers.0.qk_lut.weights,1.248980e+02,1.110244e+01,8.889203e-02
8400,layers.0.qk_lut.log_soft_score_temp,9.548746e-01,1.082420e-03,1.133573e-03
8400,layers.0.qk_lut.log_select_temp,1.061887e+00,4.006267e-03,3.772781e-03
8400,layers.0.v_lut.weights,1.181324e+02,1.137066e+01,9.625353e-02
8400,layers.0.v_lut.log_soft_score_temp,4.958316e-01,5.717069e-03,1.153026e-02
8400,layers.0.v_lut.log_select_temp,1.094915e+00,5.063534e-03,4.624593e-03
8400,layers.0.out_proj.weights,2.408807e+02,2.461846e+01,1.022019e-01
8400,layers.0.out_proj.log_soft_score_temp,5.197013e-01,1.967651e-02,3.786118e-02
8400,layers.0.out_proj.log_select_temp,9.712798e-01,1.455337e-02,1.498370e-02
8400,layers.0.residual_lut.weights,1.601736e+02,1.642277e+01,1.025311e-01
8400,layers.0.residual_lut.log_soft_score_temp,1.983391e-01,7.559553e-03,3.811428e-02
8400,layers.0.residual_lut.log_select_temp,9.728093e-01,1.362938e-02,1.401033e-02
8400,layers.0.q_norm.weight,9.313596e+00,1.608686e-02,1.727244e-03
8400,layers.0.q_norm.bias,8.503703e-01,9.590565e-03,1.127810e-02
8400,layers.0.k_norm.weight,9.240740e+00,1.447451e-02,1.566380e-03
8400,layers.0.k_norm.bias,1.216576e+00,1.556532e-02,1.279437e-02
8400,layers.1.qk_lut.weights,1.231282e+02,1.161521e+01,9.433426e-02
8400,layers.1.qk_lut.log_soft_score_temp,2.555024e-02,7.892305e-03,3.088935e-01
8400,layers.1.qk_lut.log_select_temp,1.016024e+00,7.604480e-03,7.484549e-03
8400,layers.1.v_lut.weights,1.141278e+02,1.110199e+01,9.727678e-02
8400,layers.1.v_lut.log_soft_score_temp,1.006392e-01,8.551560e-03,8.497248e-02
8400,layers.1.v_lut.log_select_temp,1.187294e+00,9.441733e-03,7.952312e-03
8400,layers.1.out_proj.weights,2.389694e+02,2.555730e+01,1.069480e-01
8400,layers.1.out_proj.log_soft_score_temp,5.319962e-01,1.843470e-02,3.465195e-02
8400,layers.1.out_proj.log_select_temp,7.603733e-01,3.077805e-03,4.047755e-03
8400,layers.1.residual_lut.weights,1.636107e+02,1.680168e+01,1.026930e-01
8400,layers.1.residual_lut.log_soft_score_temp,3.074965e-01,9.048820e-03,2.942739e-02
8400,layers.1.residual_lut.log_select_temp,1.061516e+00,1.142061e-02,1.075878e-02
8400,layers.1.q_norm.weight,9.872888e+00,1.868763e-02,1.892824e-03
8400,layers.1.q_norm.bias,8.146052e-01,1.084185e-02,1.330933e-02
8400,layers.1.k_norm.weight,9.822986e+00,1.903730e-02,1.938036e-03
8400,layers.1.k_norm.bias,1.049289e+00,1.243932e-02,1.185500e-02
8400,layers.2.qk_lut.weights,1.255839e+02,1.187181e+01,9.453288e-02
8400,layers.2.qk_lut.log_soft_score_temp,2.949304e-01,2.452433e-03,8.315294e-03
8400,layers.2.qk_lut.log_select_temp,9.598713e-01,6.240249e-03,6.501131e-03
8400,layers.2.v_lut.weights,1.143287e+02,1.137988e+01,9.953651e-02
8400,layers.2.v_lut.log_soft_score_temp,6.088723e-02,7.505652e-03,1.232714e-01
8400,layers.2.v_lut.log_select_temp,1.196253e+00,1.034701e-02,8.649518e-03
8400,layers.2.out_proj.weights,2.504870e+02,2.543443e+01,1.015399e-01
8400,layers.2.out_proj.log_soft_score_temp,4.788775e-01,1.983550e-02,4.142082e-02
8400,layers.2.out_proj.log_select_temp,7.893244e-01,6.691813e-03,8.477900e-03
8400,layers.2.residual_lut.weights,1.604487e+02,1.684905e+01,1.050120e-01
8400,layers.2.residual_lut.log_soft_score_temp,1.634010e-01,1.108539e-02,6.784163e-02
8400,layers.2.residual_lut.log_select_temp,1.220444e+00,1.278281e-02,1.047390e-02
8400,layers.2.q_norm.weight,9.249679e+00,1.447909e-02,1.565361e-03
8400,layers.2.q_norm.bias,7.854295e-01,9.363637e-03,1.192168e-02
8400,layers.2.k_norm.weight,9.209613e+00,1.416185e-02,1.537725e-03
8400,layers.2.k_norm.bias,1.212759e+00,1.111322e-02,9.163584e-03
8400,layers.3.qk_lut.weights,1.215461e+02,1.199191e+01,9.866141e-02
8400,layers.3.qk_lut.log_soft_score_temp,6.432720e-02,6.960809e-03,1.082094e-01
8400,layers.3.qk_lut.log_select_temp,1.091221e+00,9.725332e-03,8.912336e-03
8400,layers.3.v_lut.weights,1.165886e+02,1.142979e+01,9.803525e-02
8400,layers.3.v_lut.log_soft_score_temp,3.549334e-01,1.149347e-02,3.238206e-02
8400,layers.3.v_lut.log_select_temp,1.120812e+00,8.708596e-03,7.769900e-03
8400,layers.3.out_proj.weights,2.867234e+02,2.621251e+01,9.142089e-02
8400,layers.3.out_proj.log_soft_score_temp,3.718572e-01,2.435899e-02,6.550630e-02
8400,layers.3.out_proj.log_select_temp,1.179778e+00,7.458568e-03,6.322010e-03
8400,layers.3.residual_lut.weights,1.740768e+02,1.700948e+01,9.771254e-02
8400,layers.3.residual_lut.log_soft_score_temp,3.176065e-01,1.101500e-02,3.468127e-02
8400,layers.3.residual_lut.log_select_temp,1.251164e+00,1.504219e-02,1.202255e-02
8400,layers.3.q_norm.weight,1.021830e+01,2.691992e-02,2.634480e-03
8400,layers.3.q_norm.bias,7.085459e-01,1.295804e-02,1.828822e-02
8400,layers.3.k_norm.weight,1.015061e+01,2.705557e-02,2.665413e-03
8400,layers.3.k_norm.bias,1.044363e+00,1.657156e-02,1.586763e-02
8400,layers.4.qk_lut.weights,1.253541e+02,1.209230e+01,9.646511e-02
8400,layers.4.qk_lut.log_soft_score_temp,3.001300e-01,2.973735e-03,9.908157e-03
8400,layers.4.qk_lut.log_select_temp,9.513434e-01,6.609976e-03,6.948044e-03
8400,layers.4.v_lut.weights,1.197757e+02,1.157871e+01,9.666998e-02
8400,layers.4.v_lut.log_soft_score_temp,3.509258e-01,8.634865e-03,2.460596e-02
8400,layers.4.v_lut.log_select_temp,1.187386e+00,8.380771e-03,7.058169e-03
8400,layers.4.out_proj.weights,2.716314e+02,2.622036e+01,9.652916e-02
8400,layers.4.out_proj.log_soft_score_temp,1.825836e-01,1.770930e-02,9.699284e-02
8400,layers.4.out_proj.log_select_temp,1.064820e+00,1.073015e-02,1.007696e-02
8400,layers.4.residual_lut.weights,1.722943e+02,1.707890e+01,9.912634e-02
8400,layers.4.residual_lut.log_soft_score_temp,2.651431e-01,1.252684e-02,4.724558e-02
8400,layers.4.residual_lut.log_select_temp,1.281978e+00,1.615250e-02,1.259967e-02
8400,layers.4.q_norm.weight,9.040696e+00,1.490289e-02,1.648423e-03
8400,layers.4.q_norm.bias,6.511079e-01,8.043906e-03,1.235418e-02
8400,layers.4.k_norm.weight,8.992299e+00,1.558560e-02,1.733216e-03
8400,layers.4.k_norm.bias,1.008297e+00,1.210016e-02,1.200059e-02
8400,layers.5.qk_lut.weights,1.244773e+02,1.220154e+01,9.802218e-02
8400,layers.5.qk_lut.log_soft_score_temp,2.959734e-01,4.783005e-03,1.616025e-02
8400,layers.5.qk_lut.log_select_temp,8.676670e-01,5.568504e-03,6.417790e-03
8400,layers.5.v_lut.weights,1.218305e+02,1.180806e+01,9.692205e-02
8400,layers.5.v_lut.log_soft_score_temp,5.035187e-01,7.430851e-03,1.475785e-02
8400,layers.5.v_lut.log_select_temp,1.017681e+00,3.979802e-03,3.910658e-03
8400,layers.5.out_proj.weights,2.950026e+02,2.672421e+01,9.058972e-02
8400,layers.5.out_proj.log_soft_score_temp,4.328809e-02,1.767900e-02,4.084035e-01
8400,layers.5.out_proj.log_select_temp,1.101207e+00,7.372856e-03,6.695247e-03
8400,layers.5.residual_lut.weights,1.759991e+02,1.722311e+01,9.785909e-02
8400,layers.5.residual_lut.log_soft_score_temp,1.803847e-01,1.475617e-02,8.180389e-02
8400,layers.5.residual_lut.log_select_temp,1.294971e+00,1.368511e-02,1.056789e-02
8400,layers.5.q_norm.weight,9.047999e+00,1.617277e-02,1.787441e-03
8400,layers.5.q_norm.bias,4.815559e-01,8.352242e-03,1.734428e-02
8400,layers.5.k_norm.weight,8.997479e+00,1.574428e-02,1.749855e-03
8400,layers.5.k_norm.bias,7.087528e-01,1.232563e-02,1.739059e-02
8400,ln_final.weight,4.665404e+01,4.526582e-01,9.702444e-03
8400,ln_final.bias,2.049989e+00,4.541281e-02,2.215271e-02
8600,tok_emb_E.weight,1.546412e+02,4.684410e+00,3.029213e-02
8600,emb_resid_lut.weights,2.058229e+02,1.512159e+01,7.346895e-02
8600,emb_resid_lut.log_soft_score_temp,6.661199e-01,9.137392e-03,1.371734e-02
8600,emb_resid_lut.log_select_temp,1.406884e+00,2.419710e-03,1.719908e-03
8600,unembedder.weight,1.728839e+02,8.154830e+00,4.716940e-02
8600,layers.0.qk_lut.weights,1.256666e+02,1.080383e+01,8.597218e-02
8600,layers.0.qk_lut.log_soft_score_temp,9.549792e-01,1.045465e-04,1.094752e-04
8600,layers.0.qk_lut.log_select_temp,1.065074e+00,3.187180e-03,2.992449e-03
8600,layers.0.v_lut.weights,1.188512e+02,1.103979e+01,9.288747e-02
8600,layers.0.v_lut.log_soft_score_temp,4.892068e-01,6.624818e-03,1.354196e-02
8600,layers.0.v_lut.log_select_temp,1.098176e+00,3.261089e-03,2.969552e-03
8600,layers.0.out_proj.weights,2.422197e+02,2.383399e+01,9.839823e-02
8600,layers.0.out_proj.log_soft_score_temp,5.399363e-01,2.023500e-02,3.747665e-02
8600,layers.0.out_proj.log_select_temp,9.822530e-01,1.097316e-02,1.117142e-02
8600,layers.0.residual_lut.weights,1.611211e+02,1.587699e+01,9.854075e-02
8600,layers.0.residual_lut.log_soft_score_temp,1.910936e-01,7.245511e-03,3.791603e-02
8600,layers.0.residual_lut.log_select_temp,9.866579e-01,1.384860e-02,1.403587e-02
8600,layers.0.q_norm.weight,9.323109e+00,1.439335e-02,1.543836e-03
8600,layers.0.q_norm.bias,8.555263e-01,8.582236e-03,1.003153e-02
8600,layers.0.k_norm.weight,9.249477e+00,1.361819e-02,1.472320e-03
8600,layers.0.k_norm.bias,1.224147e+00,1.117160e-02,9.126027e-03
8600,layers.1.qk_lut.weights,1.238855e+02,1.127792e+01,9.103498e-02
8600,layers.1.qk_lut.log_soft_score_temp,1.914605e-02,6.404189e-03,3.344913e-01
8600,layers.1.qk_lut.log_select_temp,1.022911e+00,6.887674e-03,6.733402e-03
8600,layers.1.v_lut.weights,1.148199e+02,1.074120e+01,9.354824e-02
8600,layers.1.v_lut.log_soft_score_temp,9.106484e-02,9.574339e-03,1.051376e-01
8600,layers.1.v_lut.log_select_temp,1.196238e+00,8.943558e-03,7.476405e-03
8600,layers.1.out_proj.weights,2.400764e+02,2.473921e+01,1.030472e-01
8600,layers.1.out_proj.log_soft_score_temp,5.492437e-01,1.724756e-02,3.140237e-02
8600,layers.1.out_proj.log_select_temp,7.643366e-01,3.963292e-03,5.185270e-03
8600,layers.1.residual_lut.weights,1.645197e+02,1.627182e+01,9.890497e-02
8600,layers.1.residual_lut.log_soft_score_temp,2.991887e-01,8.307844e-03,2.776791e-02
8600,layers.1.residual_lut.log_select_temp,1.073449e+00,1.193321e-02,1.111670e-02
8600,layers.1.q_norm.weight,9.887760e+00,1.953376e-02,1.975549e-03
8600,layers.1.q_norm.bias,8.232698e-01,1.181344e-02,1.434942e-02
8600,layers.1.k_norm.weight,9.837803e+00,1.892804e-02,1.924011e-03
8600,layers.1.k_norm.bias,1.056404e+00,1.341117e-02,1.269511e-02
8600,layers.2.qk_lut.weights,1.263924e+02,1.150519e+01,9.102750e-02
8600,layers.2.qk_lut.log_soft_score_temp,2.943378e-01,5.925894e-04,2.013297e-03
8600,layers.2.qk_lut.log_select_temp,9.673297e-01,7.458389e-03,7.710286e-03
8600,layers.2.v_lut.weights,1.150263e+02,1.101955e+01,9.580021e-02
8600,layers.2.v_lut.log_soft_score_temp,5.416614e-02,6.721087e-03,1.240828e-01
8600,layers.2.v_lut.log_select_temp,1.206283e+00,1.003051e-02,8.315219e-03
8600,layers.2.out_proj.weights,2.519578e+02,2.464177e+01,9.780117e-02
8600,layers.2.out_proj.log_soft_score_temp,4.974402e-01,1.856270e-02,3.731645e-02
8600,layers.2.out_proj.log_select_temp,7.957698e-01,6.445408e-03,8.099588e-03
8600,layers.2.residual_lut.weights,1.613108e+02,1.630098e+01,1.010532e-01
8600,layers.2.residual_lut.log_soft_score_temp,1.538077e-01,9.593353e-03,6.237240e-02
8600,layers.2.residual_lut.log_select_temp,1.233464e+00,1.301944e-02,1.055519e-02
8600,layers.2.q_norm.weight,9.257053e+00,1.361719e-02,1.471007e-03
8600,layers.2.q_norm.bias,7.888213e-01,7.991665e-03,1.013115e-02
8600,layers.2.k_norm.weight,9.216533e+00,1.390500e-02,1.508701e-03
8600,layers.2.k_norm.bias,1.215974e+00,1.007219e-02,8.283228e-03
8600,layers.3.qk_lut.weights,1.222837e+02,1.155686e+01,9.450859e-02
8600,layers.3.qk_lut.log_soft_score_temp,5.740738e-02,6.919820e-03,1.205388e-01
8600,layers.3.qk_lut.log_select_temp,1.100427e+00,9.205580e-03,8.365461e-03
8600,layers.3.v_lut.weights,1.172829e+02,1.106137e+01,9.431360e-02
8600,layers.3.v_lut.log_soft_score_temp,3.438109e-01,1.112252e-02,3.235070e-02
8600,layers.3.v_lut.log_select_temp,1.129267e+00,8.454561e-03,7.486772e-03
8600,layers.3.out_proj.weights,2.891139e+02,2.533261e+01,8.762155e-02
8600,layers.3.out_proj.log_soft_score_temp,3.932794e-01,2.142227e-02,5.447085e-02
8600,layers.3.out_proj.log_select_temp,1.186680e+00,6.901979e-03,5.816210e-03
8600,layers.3.residual_lut.weights,1.752755e+02,1.646005e+01,9.390959e-02
8600,layers.3.residual_lut.log_soft_score_temp,3.045495e-01,1.305702e-02,4.287324e-02
8600,layers.3.residual_lut.log_select_temp,1.264075e+00,1.291013e-02,1.021311e-02
8600,layers.3.q_norm.weight,1.023707e+01,2.536662e-02,2.477919e-03
8600,layers.3.q_norm.bias,7.153745e-01,1.192772e-02,1.667339e-02
8600,layers.3.k_norm.weight,1.016832e+01,2.471020e-02,2.430115e-03
8600,layers.3.k_norm.bias,1.054149e+00,1.557618e-02,1.477608e-02
8600,layers.4.qk_lut.weights,1.261357e+02,1.176539e+01,9.327570e-02
8600,layers.4.qk_lut.log_soft_score_temp,2.945661e-01,5.563945e-03,1.888861e-02
8600,layers.4.qk_lut.log_select_temp,9.569668e-01,5.623400e-03,5.876275e-03
8600,layers.4.v_lut.weights,1.205017e+02,1.120562e+01,9.299136e-02
8600,layers.4.v_lut.log_soft_score_temp,3.411413e-01,9.784520e-03,2.868172e-02
8600,layers.4.v_lut.log_select_temp,1.194109e+00,6.723523e-03,5.630575e-03
8600,layers.4.out_proj.weights,2.735551e+02,2.536311e+01,9.271666e-02
8600,layers.4.out_proj.log_soft_score_temp,2.024083e-01,1.982477e-02,9.794445e-02
8600,layers.4.out_proj.log_select_temp,1.074714e+00,9.894490e-03,9.206623e-03
8600,layers.4.residual_lut.weights,1.735608e+02,1.652767e+01,9.522702e-02
8600,layers.4.residual_lut.log_soft_score_temp,2.530324e-01,1.211068e-02,4.786217e-02
8600,layers.4.residual_lut.log_select_temp,1.296246e+00,1.426816e-02,1.100729e-02
8600,layers.4.q_norm.weight,9.047569e+00,1.216397e-02,1.344446e-03
8600,layers.4.q_norm.bias,6.537052e-01,7.354021e-03,1.124975e-02
8600,layers.4.k_norm.weight,8.998996e+00,1.225221e-02,1.361508e-03
8600,layers.4.k_norm.bias,1.012165e+00,9.325681e-03,9.213594e-03
8600,layers.5.qk_lut.weights,1.252364e+02,1.184439e+01,9.457625e-02
8600,layers.5.qk_lut.log_soft_score_temp,2.909893e-01,4.984081e-03,1.712805e-02
8600,layers.5.qk_lut.log_select_temp,8.738477e-01,6.180763e-03,7.073044e-03
8600,layers.5.v_lut.weights,1.225781e+02,1.138614e+01,9.288889e-02
8600,layers.5.v_lut.log_soft_score_temp,4.965842e-01,6.934464e-03,1.396433e-02
8600,layers.5.v_lut.log_select_temp,1.022459e+00,4.777908e-03,4.672959e-03
8600,layers.5.out_proj.weights,2.970756e+02,2.583358e+01,8.695963e-02
8600,layers.5.out_proj.log_soft_score_temp,6.029466e-02,1.700657e-02,2.820577e-01
8600,layers.5.out_proj.log_select_temp,1.109887e+00,8.679390e-03,7.820067e-03
8600,layers.5.residual_lut.weights,1.773418e+02,1.666551e+01,9.397398e-02
8600,layers.5.residual_lut.log_soft_score_temp,1.681076e-01,1.227714e-02,7.303145e-02
8600,layers.5.residual_lut.log_select_temp,1.308790e+00,1.381874e-02,1.055841e-02
8600,layers.5.q_norm.weight,9.058663e+00,1.466748e-02,1.619166e-03
8600,layers.5.q_norm.bias,4.846445e-01,7.699766e-03,1.588745e-02
8600,layers.5.k_norm.weight,9.007524e+00,1.519829e-02,1.687288e-03
8600,layers.5.k_norm.bias,7.121618e-01,1.151010e-02,1.616219e-02
8600,ln_final.weight,4.709298e+01,4.400685e-01,9.344673e-03
8600,ln_final.bias,2.066903e+00,4.408693e-02,2.132995e-02
8800,tok_emb_E.weight,1.547460e+02,4.532235e+00,2.928822e-02
8800,emb_resid_lut.weights,2.067122e+02,1.463149e+01,7.078192e-02
8800,emb_resid_lut.log_soft_score_temp,6.572154e-01,8.904576e-03,1.354895e-02
8800,emb_resid_lut.log_select_temp,1.408788e+00,1.904249e-03,1.351693e-03
8800,unembedder.weight,1.726758e+02,7.833862e+00,4.536746e-02
8800,layers.0.qk_lut.weights,1.263797e+02,1.043379e+01,8.255902e-02
8800,layers.0.qk_lut.log_soft_score_temp,9.552992e-01,3.200173e-04,3.349917e-04
8800,layers.0.qk_lut.log_select_temp,1.067953e+00,2.878666e-03,2.695500e-03
8800,layers.0.v_lut.weights,1.195235e+02,1.067469e+01,8.931036e-02
8800,layers.0.v_lut.log_soft_score_temp,4.838798e-01,5.326927e-03,1.100878e-02
8800,layers.0.v_lut.log_select_temp,1.102620e+00,4.444003e-03,4.030404e-03
8800,layers.0.out_proj.weights,2.434796e+02,2.304671e+01,9.465562e-02
8800,layers.0.out_proj.log_soft_score_temp,5.578165e-01,1.788020e-02,3.205391e-02
8800,layers.0.out_proj.log_select_temp,9.945505e-01,1.229757e-02,1.236495e-02
8800,layers.0.residual_lut.weights,1.620194e+02,1.537167e+01,9.487552e-02
8800,layers.0.residual_lut.log_soft_score_temp,1.857787e-01,5.314946e-03,2.860902e-02
8800,layers.0.residual_lut.log_select_temp,1.001129e+00,1.447099e-02,1.445468e-02
8800,layers.0.q_norm.weight,9.333196e+00,1.368697e-02,1.466483e-03
8800,layers.0.q_norm.bias,8.621429e-01,9.895585e-03,1.147789e-02
8800,layers.0.k_norm.weight,9.258588e+00,1.332925e-02,1.439663e-03
8800,layers.0.k_norm.bias,1.233523e+00,1.483259e-02,1.202458e-02
8800,layers.1.qk_lut.weights,1.245755e+02,1.090235e+01,8.751600e-02
8800,layers.1.qk_lut.log_soft_score_temp,1.323799e-02,5.908064e-03,4.462961e-01
8800,layers.1.qk_lut.log_select_temp,1.029229e+00,6.317735e-03,6.138317e-03
8800,layers.1.v_lut.weights,1.154713e+02,1.039499e+01,9.002231e-02
8800,layers.1.v_lut.log_soft_score_temp,8.520462e-02,5.860224e-03,6.877825e-02
8800,layers.1.v_lut.log_select_temp,1.206706e+00,1.046801e-02,8.674863e-03
8800,layers.1.out_proj.weights,2.411050e+02,2.390624e+01,9.915282e-02
8800,layers.1.out_proj.log_soft_score_temp,5.637947e-01,1.455098e-02,2.580901e-02
8800,layers.1.out_proj.log_select_temp,7.699085e-01,5.571902e-03,7.237096e-03
8800,layers.1.residual_lut.weights,1.653786e+02,1.575444e+01,9.526286e-02
8800,layers.1.residual_lut.log_soft_score_temp,2.927671e-01,6.421536e-03,2.193394e-02
8800,layers.1.residual_lut.log_select_temp,1.084951e+00,1.150191e-02,1.060132e-02
8800,layers.1.q_norm.weight,9.904388e+00,2.093488e-02,2.113697e-03
8800,layers.1.q_norm.bias,8.303146e-01,1.033164e-02,1.244304e-02
8800,layers.1.k_norm.weight,9.853718e+00,2.052718e-02,2.083192e-03
8800,layers.1.k_norm.bias,1.064742e+00,1.577516e-02,1.481595e-02
8800,layers.2.qk_lut.weights,1.271299e+02,1.112284e+01,8.749188e-02
8800,layers.2.qk_lut.log_soft_score_temp,2.925553e-01,1.782507e-03,6.092887e-03
8800,layers.2.qk_lut.log_select_temp,9.733924e-01,6.062686e-03,6.228410e-03
8800,layers.2.v_lut.weights,1.156767e+02,1.063632e+01,9.194867e-02
8800,layers.2.v_lut.log_soft_score_temp,4.668511e-02,7.481027e-03,1.602444e-01
8800,layers.2.v_lut.log_select_temp,1.215312e+00,9.029150e-03,7.429490e-03
8800,layers.2.out_proj.weights,2.532916e+02,2.378196e+01,9.389163e-02
8800,layers.2.out_proj.log_soft_score_temp,5.163656e-01,1.892534e-02,3.665105e-02
8800,layers.2.out_proj.log_select_temp,8.019183e-01,6.148517e-03,7.667261e-03
8800,layers.2.residual_lut.weights,1.621028e+02,1.577610e+01,9.732162e-02
8800,layers.2.residual_lut.log_soft_score_temp,1.445880e-01,9.219691e-03,6.376527e-02
8800,layers.2.residual_lut.log_select_temp,1.245281e+00,1.181698e-02,9.489408e-03
8800,layers.2.q_norm.weight,9.265369e+00,1.387328e-02,1.497327e-03
8800,layers.2.q_norm.bias,7.938944e-01,7.273120e-03,9.161320e-03
8800,layers.2.k_norm.weight,9.224534e+00,1.167923e-02,1.266106e-03
8800,layers.2.k_norm.bias,1.222864e+00,1.109799e-02,9.075406e-03
8800,layers.3.qk_lut.weights,1.229742e+02,1.126143e+01,9.157554e-02
8800,layers.3.qk_lut.log_soft_score_temp,5.039233e-02,7.015049e-03,1.392087e-01
8800,layers.3.qk_lut.log_select_temp,1.109380e+00,8.953452e-03,8.070678e-03
8800,layers.3.v_lut.weights,1.179257e+02,1.067934e+01,9.055989e-02
8800,layers.3.v_lut.log_soft_score_temp,3.339330e-01,9.877890e-03,2.958045e-02
8800,layers.3.v_lut.log_select_temp,1.138919e+00,9.652495e-03,8.475138e-03
8800,layers.3.out_proj.weights,2.913777e+02,2.445669e+01,8.393467e-02
8800,layers.3.out_proj.log_soft_score_temp,4.139051e-01,2.062565e-02,4.983184e-02
8800,layers.3.out_proj.log_select_temp,1.193522e+00,6.841898e-03,5.732529e-03
8800,layers.3.residual_lut.weights,1.763781e+02,1.594529e+01,9.040401e-02
8800,layers.3.residual_lut.log_soft_score_temp,2.928865e-01,1.166305e-02,3.982106e-02
8800,layers.3.residual_lut.log_select_temp,1.274986e+00,1.091158e-02,8.558198e-03
8800,layers.3.q_norm.weight,1.025623e+01,2.660158e-02,2.593699e-03
8800,layers.3.q_norm.bias,7.234797e-01,1.227694e-02,1.696930e-02
8800,layers.3.k_norm.weight,1.018706e+01,2.623543e-02,2.575369e-03
8800,layers.3.k_norm.bias,1.061419e+00,1.793515e-02,1.689734e-02
8800,layers.4.qk_lut.weights,1.268484e+02,1.133186e+01,8.933392e-02
8800,layers.4.qk_lut.log_soft_score_temp,2.924927e-01,2.073377e-03,7.088647e-03
8800,layers.4.qk_lut.log_select_temp,9.646643e-01,7.697463e-03,7.979422e-03
8800,layers.4.v_lut.weights,1.211796e+02,1.081764e+01,8.926946e-02
8800,layers.4.v_lut.log_soft_score_temp,3.339931e-01,7.148176e-03,2.140217e-02
8800,layers.4.v_lut.log_select_temp,1.200797e+00,6.687760e-03,5.569434e-03
8800,layers.4.out_proj.weights,2.753518e+02,2.451626e+01,8.903614e-02
8800,layers.4.out_proj.log_soft_score_temp,2.195894e-01,1.718102e-02,7.824160e-02
8800,layers.4.out_proj.log_select_temp,1.083172e+00,8.457541e-03,7.808124e-03
8800,layers.4.residual_lut.weights,1.747392e+02,1.600868e+01,9.161472e-02
8800,layers.4.residual_lut.log_soft_score_temp,2.412950e-01,1.173741e-02,4.864339e-02
8800,layers.4.residual_lut.log_select_temp,1.308917e+00,1.267076e-02,9.680338e-03
8800,layers.4.q_norm.weight,9.058065e+00,1.603528e-02,1.770277e-03
8800,layers.4.q_norm.bias,6.565800e-01,8.118978e-03,1.236556e-02
8800,layers.4.k_norm.weight,9.009001e+00,1.477561e-02,1.640094e-03
8800,layers.4.k_norm.bias,1.018992e+00,1.267407e-02,1.243786e-02
8800,layers.5.qk_lut.weights,1.259447e+02,1.145674e+01,9.096638e-02
8800,layers.5.qk_lut.log_soft_score_temp,2.857545e-01,5.234808e-03,1.831925e-02
8800,layers.5.qk_lut.log_select_temp,8.785746e-01,4.726887e-03,5.380177e-03
8800,layers.5.v_lut.weights,1.232734e+02,1.100014e+01,8.923367e-02
8800,layers.5.v_lut.log_soft_score_temp,4.896049e-01,6.979346e-03,1.425506e-02
8800,layers.5.v_lut.log_select_temp,1.026315e+00,3.856182e-03,3.757309e-03
8800,layers.5.out_proj.weights,2.989849e+02,2.496942e+01,8.351399e-02
8800,layers.5.out_proj.log_soft_score_temp,7.989649e-02,1.960184e-02,2.453404e-01
8800,layers.5.out_proj.log_select_temp,1.114958e+00,5.071044e-03,4.548193e-03
8800,layers.5.residual_lut.weights,1.786053e+02,1.613470e+01,9.033715e-02
8800,layers.5.residual_lut.log_soft_score_temp,1.547496e-01,1.335803e-02,8.632028e-02
8800,layers.5.residual_lut.log_select_temp,1.321415e+00,1.262522e-02,9.554318e-03
8800,layers.5.q_norm.weight,9.064963e+00,1.464922e-02,1.616026e-03
8800,layers.5.q_norm.bias,4.881797e-01,8.925689e-03,1.828361e-02
8800,layers.5.k_norm.weight,9.013538e+00,1.331001e-02,1.476669e-03
8800,layers.5.k_norm.bias,7.187791e-01,1.368028e-02,1.903267e-02
8800,ln_final.weight,4.751709e+01,4.252127e-01,8.948626e-03
8800,ln_final.bias,2.082350e+00,4.239956e-02,2.036140e-02
9000,tok_emb_E.weight,1.548469e+02,4.387133e+00,2.833206e-02
9000,emb_resid_lut.weights,2.075438e+02,1.415251e+01,6.819045e-02
9000,emb_resid_lut.log_soft_score_temp,6.499854e-01,7.229924e-03,1.112321e-02
9000,emb_resid_lut.log_select_temp,1.411829e+00,3.041029e-03,2.153964e-03
9000,unembedder.weight,1.724236e+02,7.575288e+00,4.393417e-02
9000,layers.0.qk_lut.weights,1.270500e+02,1.009788e+01,7.947955e-02
9000,layers.0.qk_lut.log_soft_score_temp,9.565495e-01,1.250267e-03,1.307059e-03
9000,layers.0.qk_lut.log_select_temp,1.071722e+00,3.769279e-03,3.517030e-03
9000,layers.0.v_lut.weights,1.201474e+02,1.034388e+01,8.609327e-02
9000,layers.0.v_lut.log_soft_score_temp,4.797818e-01,4.097998e-03,8.541378e-03
9000,layers.0.v_lut.log_select_temp,1.106819e+00,4.199386e-03,3.794103e-03
9000,layers.0.out_proj.weights,2.446435e+02,2.228843e+01,9.110577e-02
9000,layers.0.out_proj.log_soft_score_temp,5.745982e-01,1.678169e-02,2.920595e-02
9000,layers.0.out_proj.log_select_temp,1.006943e+00,1.239222e-02,1.230678e-02
9000,layers.0.residual_lut.weights,1.628424e+02,1.485973e+01,9.125223e-02
9000,layers.0.residual_lut.log_soft_score_temp,1.800809e-01,5.697772e-03,3.164007e-02
9000,layers.0.residual_lut.log_select_temp,1.014933e+00,1.380360e-02,1.360051e-02
9000,layers.0.q_norm.weight,9.342890e+00,1.402927e-02,1.501599e-03
9000,layers.0.q_norm.bias,8.668542e-01,8.018346e-03,9.249936e-03
9000,layers.0.k_norm.weight,9.267741e+00,1.339866e-02,1.445731e-03
9000,layers.0.k_norm.bias,1.242567e+00,1.253926e-02,1.009142e-02
9000,layers.1.qk_lut.weights,1.252281e+02,1.055319e+01,8.427173e-02
9000,layers.1.qk_lut.log_soft_score_temp,6.819979e-03,6.418013e-03,9.410605e-01
9000,layers.1.qk_lut.log_select_temp,1.036312e+00,7.083178e-03,6.834983e-03
9000,layers.1.v_lut.weights,1.160740e+02,1.006294e+01,8.669418e-02
9000,layers.1.v_lut.log_soft_score_temp,7.786718e-02,7.337436e-03,9.423015e-02
9000,layers.1.v_lut.log_select_temp,1.214909e+00,8.203387e-03,6.752264e-03
9000,layers.1.out_proj.weights,2.420272e+02,2.307345e+01,9.533410e-02
9000,layers.1.out_proj.log_soft_score_temp,5.779865e-01,1.419181e-02,2.455387e-02
9000,layers.1.out_proj.log_select_temp,7.738754e-01,3.966928e-03,5.126054e-03
9000,layers.1.residual_lut.weights,1.661661e+02,1.522917e+01,9.165025e-02
9000,layers.1.residual_lut.log_soft_score_temp,2.858449e-01,6.922215e-03,2.421668e-02
9000,layers.1.residual_lut.log_select_temp,1.096635e+00,1.168442e-02,1.065479e-02
9000,layers.1.q_norm.weight,9.915277e+00,1.499426e-02,1.512238e-03
9000,layers.1.q_norm.bias,8.377424e-01,9.511167e-03,1.135333e-02
9000,layers.1.k_norm.weight,9.864489e+00,1.474645e-02,1.494902e-03
9000,layers.1.k_norm.bias,1.073631e+00,1.373213e-02,1.279036e-02
9000,layers.2.qk_lut.weights,1.278241e+02,1.070923e+01,8.378102e-02
9000,layers.2.qk_lut.log_soft_score_temp,2.911079e-01,1.447439e-03,4.972174e-03
9000,layers.2.qk_lut.log_select_temp,9.792411e-01,5.848765e-03,5.972753e-03
9000,layers.2.v_lut.weights,1.162792e+02,1.025690e+01,8.820922e-02
9000,layers.2.v_lut.log_soft_score_temp,4.191081e-02,4.774306e-03,1.139159e-01
9000,layers.2.v_lut.log_select_temp,1.225448e+00,1.013553e-02,8.270880e-03
9000,layers.2.out_proj.weights,2.545459e+02,2.297586e+01,9.026213e-02
9000,layers.2.out_proj.log_soft_score_temp,5.337459e-01,1.738030e-02,3.256287e-02
9000,layers.2.out_proj.log_select_temp,8.092861e-01,7.367730e-03,9.103987e-03
9000,layers.2.residual_lut.weights,1.628354e+02,1.525672e+01,9.369410e-02
9000,layers.2.residual_lut.log_soft_score_temp,1.354482e-01,9.139791e-03,6.747814e-02
9000,layers.2.residual_lut.log_select_temp,1.257879e+00,1.259816e-02,1.001540e-02
9000,layers.2.q_norm.weight,9.275084e+00,1.350310e-02,1.455846e-03
9000,layers.2.q_norm.bias,7.998407e-01,8.203167e-03,1.025600e-02
9000,layers.2.k_norm.weight,9.234324e+00,1.328215e-02,1.438345e-03
9000,layers.2.k_norm.bias,1.229432e+00,1.230859e-02,1.001160e-02
9000,layers.3.qk_lut.weights,1.236091e+02,1.085649e+01,8.782921e-02
9000,layers.3.qk_lut.log_soft_score_temp,4.444629e-02,5.946044e-03,1.337804e-01
9000,layers.3.qk_lut.log_select_temp,1.118175e+00,8.794308e-03,7.864877e-03
9000,layers.3.v_lut.weights,1.185112e+02,1.037158e+01,8.751561e-02
9000,layers.3.v_lut.log_soft_score_temp,3.233460e-01,1.058701e-02,3.274204e-02
9000,layers.3.v_lut.log_select_temp,1.147529e+00,8.610487e-03,7.503500e-03
9000,layers.3.out_proj.weights,2.934581e+02,2.361437e+01,8.046930e-02
9000,layers.3.out_proj.log_soft_score_temp,4.347977e-01,2.089259e-02,4.805129e-02
9000,layers.3.out_proj.log_select_temp,1.199584e+00,6.062150e-03,5.053544e-03
9000,layers.3.residual_lut.weights,1.774091e+02,1.539656e+01,8.678561e-02
9000,layers.3.residual_lut.log_soft_score_temp,2.808288e-01,1.205766e-02,4.293599e-02
9000,layers.3.residual_lut.log_select_temp,1.286469e+00,1.148283e-02,8.925854e-03
9000,layers.3.q_norm.weight,1.027319e+01,2.276305e-02,2.215773e-03
9000,layers.3.q_norm.bias,7.306118e-01,1.128165e-02,1.544138e-02
9000,layers.3.k_norm.weight,1.020328e+01,2.153758e-02,2.110849e-03
9000,layers.3.k_norm.bias,1.069738e+00,1.497579e-02,1.399949e-02
9000,layers.4.qk_lut.weights,1.275195e+02,1.096651e+01,8.599868e-02
9000,layers.4.qk_lut.log_soft_score_temp,2.891122e-01,3.380507e-03,1.169272e-02
9000,layers.4.qk_lut.log_select_temp,9.708363e-01,6.172001e-03,6.357407e-03
9000,layers.4.v_lut.weights,1.218026e+02,1.046583e+01,8.592449e-02
9000,layers.4.v_lut.log_soft_score_temp,3.248516e-01,9.141564e-03,2.814074e-02
9000,layers.4.v_lut.log_select_temp,1.207769e+00,6.971836e-03,5.772491e-03
9000,layers.4.out_proj.weights,2.770627e+02,2.360792e+01,8.520788e-02
9000,layers.4.out_proj.log_soft_score_temp,2.360553e-01,1.646589e-02,6.975438e-02
9000,layers.4.out_proj.log_select_temp,1.093804e+00,1.063228e-02,9.720456e-03
9000,layers.4.residual_lut.weights,1.758316e+02,1.546196e+01,8.793618e-02
9000,layers.4.residual_lut.log_soft_score_temp,2.279935e-01,1.330151e-02,5.834160e-02
9000,layers.4.residual_lut.log_select_temp,1.320990e+00,1.207304e-02,9.139391e-03
9000,layers.4.q_norm.weight,9.066656e+00,1.317120e-02,1.452708e-03
9000,layers.4.q_norm.bias,6.601560e-01,8.147137e-03,1.234123e-02
9000,layers.4.k_norm.weight,9.017853e+00,1.310954e-02,1.453732e-03
9000,layers.4.k_norm.bias,1.023279e+00,9.108415e-03,8.901201e-03
9000,layers.5.qk_lut.weights,1.266040e+02,1.101855e+01,8.703166e-02
9000,layers.5.qk_lut.log_soft_score_temp,2.810151e-01,4.739434e-03,1.686541e-02
9000,layers.5.qk_lut.log_select_temp,8.835601e-01,4.985452e-03,5.642459e-03
9000,layers.5.v_lut.weights,1.239136e+02,1.059222e+01,8.548071e-02
9000,layers.5.v_lut.log_soft_score_temp,4.826743e-01,6.930590e-03,1.435873e-02
9000,layers.5.v_lut.log_select_temp,1.029505e+00,3.190517e-03,3.099078e-03
9000,layers.5.out_proj.weights,3.008069e+02,2.403589e+01,7.990474e-02
9000,layers.5.out_proj.log_soft_score_temp,9.482691e-02,1.493042e-02,1.574492e-01
9000,layers.5.out_proj.log_select_temp,1.123142e+00,8.183599e-03,7.286347e-03
9000,layers.5.residual_lut.weights,1.797674e+02,1.558622e+01,8.670216e-02
9000,layers.5.residual_lut.log_soft_score_temp,1.431771e-01,1.157245e-02,8.082611e-02
9000,layers.5.residual_lut.log_select_temp,1.333249e+00,1.183403e-02,8.876081e-03
9000,layers.5.q_norm.weight,9.074872e+00,1.521865e-02,1.677010e-03
9000,layers.5.q_norm.bias,4.909964e-01,7.787851e-03,1.586132e-02
9000,layers.5.k_norm.weight,9.023273e+00,1.425536e-02,1.579843e-03
9000,layers.5.k_norm.bias,7.234699e-01,1.252485e-02,1.731219e-02
9000,ln_final.weight,4.792962e+01,4.136123e-01,8.629576e-03
9000,ln_final.bias,2.098912e+00,4.169941e-02,1.986715e-02
9200,tok_emb_E.weight,1.549401e+02,4.238245e+00,2.735408e-02
9200,emb_resid_lut.weights,2.083164e+02,1.366902e+01,6.561663e-02
9200,emb_resid_lut.log_soft_score_temp,6.441828e-01,5.802631e-03,9.007740e-03
9200,emb_resid_lut.log_select_temp,1.415505e+00,3.676295e-03,2.597161e-03
9200,unembedder.weight,1.722032e+02,7.319458e+00,4.250477e-02
9200,layers.0.qk_lut.weights,1.276582e+02,9.757365e+00,7.643352e-02
9200,layers.0.qk_lut.log_soft_score_temp,9.564716e-01,7.784367e-05,8.138628e-05
9200,layers.0.qk_lut.log_select_temp,1.074043e+00,2.320766e-03,2.160777e-03
9200,layers.0.v_lut.weights,1.207218e+02,9.991461e+00,8.276438e-02
9200,layers.0.v_lut.log_soft_score_temp,4.754252e-01,4.356682e-03,9.163761e-03
9200,layers.0.v_lut.log_select_temp,1.111003e+00,4.184246e-03,3.766187e-03
9200,layers.0.out_proj.weights,2.457008e+02,2.146724e+01,8.737146e-02
9200,layers.0.out_proj.log_soft_score_temp,5.911740e-01,1.657581e-02,2.803881e-02
9200,layers.0.out_proj.log_select_temp,1.017929e+00,1.098597e-02,1.079248e-02
9200,layers.0.residual_lut.weights,1.636185e+02,1.434397e+01,8.766717e-02
9200,layers.0.residual_lut.log_soft_score_temp,1.755397e-01,4.541203e-03,2.586995e-02
9200,layers.0.residual_lut.log_select_temp,1.029572e+00,1.463950e-02,1.421901e-02
9200,layers.0.q_norm.weight,9.350926e+00,1.137508e-02,1.216466e-03
9200,layers.0.q_norm.bias,8.718792e-01,8.372905e-03,9.603286e-03
9200,layers.0.k_norm.weight,9.274935e+00,1.156506e-02,1.246915e-03
9200,layers.0.k_norm.bias,1.251123e+00,1.155041e-02,9.232031e-03
9200,layers.1.qk_lut.weights,1.258333e+02,1.014415e+01,8.061579e-02
9200,layers.1.qk_lut.log_soft_score_temp,5.364546e-04,6.283524e-03,1.171306e+01
9200,layers.1.qk_lut.log_select_temp,1.041940e+00,5.627394e-03,5.400882e-03
9200,layers.1.v_lut.weights,1.166187e+02,9.686777e+00,8.306370e-02
9200,layers.1.v_lut.log_soft_score_temp,7.069737e-02,7.169805e-03,1.014154e-01
9200,layers.1.v_lut.log_select_temp,1.223966e+00,9.057283e-03,7.399945e-03
9200,layers.1.out_proj.weights,2.428523e+02,2.223258e+01,9.154776e-02
9200,layers.1.out_proj.log_soft_score_temp,5.924587e-01,1.447219e-02,2.442733e-02
9200,layers.1.out_proj.log_select_temp,7.786031e-01,4.727662e-03,6.071979e-03
9200,layers.1.residual_lut.weights,1.668835e+02,1.468466e+01,8.799347e-02
9200,layers.1.residual_lut.log_soft_score_temp,2.788369e-01,7.008016e-03,2.513303e-02
9200,layers.1.residual_lut.log_select_temp,1.108038e+00,1.140296e-02,1.029113e-02
9200,layers.1.q_norm.weight,9.927405e+00,1.585171e-02,1.596763e-03
9200,layers.1.q_norm.bias,8.435082e-01,8.234796e-03,9.762556e-03
9200,layers.1.k_norm.weight,9.876088e+00,1.589679e-02,1.609624e-03
9200,layers.1.k_norm.bias,1.078402e+00,1.047133e-02,9.710040e-03
9200,layers.2.qk_lut.weights,1.284704e+02,1.033027e+01,8.040976e-02
9200,layers.2.qk_lut.log_soft_score_temp,2.879837e-01,3.124207e-03,1.084856e-02
9200,layers.2.qk_lut.log_select_temp,9.839189e-01,4.677773e-03,4.754226e-03
9200,layers.2.v_lut.weights,1.168430e+02,9.914536e+00,8.485346e-02
9200,layers.2.v_lut.log_soft_score_temp,3.660211e-02,5.308703e-03,1.450382e-01
9200,layers.2.v_lut.log_select_temp,1.235698e+00,1.024985e-02,8.294791e-03
9200,layers.2.out_proj.weights,2.556933e+02,2.211068e+01,8.647344e-02
9200,layers.2.out_proj.log_soft_score_temp,5.509430e-01,1.719707e-02,3.121389e-02
9200,layers.2.out_proj.log_select_temp,8.167109e-01,7.424891e-03,9.091210e-03
9200,layers.2.residual_lut.weights,1.634981e+02,1.471837e+01,9.002168e-02
9200,layers.2.residual_lut.log_soft_score_temp,1.275320e-01,7.916138e-03,6.207176e-02
9200,layers.2.residual_lut.log_select_temp,1.270155e+00,1.227629e-02,9.665190e-03
9200,layers.2.q_norm.weight,9.280247e+00,1.070940e-02,1.154000e-03
9200,layers.2.q_norm.bias,8.008417e-01,5.813780e-03,7.259587e-03
9200,layers.2.k_norm.weight,9.239315e+00,9.617908e-03,1.040976e-03
9200,layers.2.k_norm.bias,1.233227e+00,8.795880e-03,7.132411e-03
9200,layers.3.qk_lut.weights,1.242047e+02,1.043889e+01,8.404583e-02
9200,layers.3.qk_lut.log_soft_score_temp,3.872005e-02,5.726237e-03,1.478881e-01
9200,layers.3.qk_lut.log_select_temp,1.125936e+00,7.761478e-03,6.893355e-03
9200,layers.3.v_lut.weights,1.190561e+02,9.986854e+00,8.388361e-02
9200,layers.3.v_lut.log_soft_score_temp,3.134962e-01,9.849817e-03,3.141925e-02
9200,layers.3.v_lut.log_select_temp,1.155283e+00,7.753849e-03,6.711643e-03
9200,layers.3.out_proj.weights,2.954443e+02,2.275897e+01,7.703304e-02
9200,layers.3.out_proj.log_soft_score_temp,4.552201e-01,2.042243e-02,4.486276e-02
9200,layers.3.out_proj.log_select_temp,1.206146e+00,6.562471e-03,5.440858e-03
9200,layers.3.residual_lut.weights,1.783561e+02,1.484689e+01,8.324295e-02
9200,layers.3.residual_lut.log_soft_score_temp,2.691709e-01,1.165795e-02,4.331061e-02
9200,layers.3.residual_lut.log_select_temp,1.297646e+00,1.117730e-02,8.613519e-03
9200,layers.3.q_norm.weight,1.028807e+01,2.220846e-02,2.158660e-03
9200,layers.3.q_norm.bias,7.363089e-01,1.030978e-02,1.400198e-02
9200,layers.3.k_norm.weight,1.021754e+01,2.243914e-02,2.196139e-03
9200,layers.3.k_norm.bias,1.075755e+00,1.334498e-02,1.240523e-02
9200,layers.4.qk_lut.weights,1.281513e+02,1.055426e+01,8.235780e-02
9200,layers.4.qk_lut.log_soft_score_temp,2.847446e-01,4.367560e-03,1.533852e-02
9200,layers.4.qk_lut.log_select_temp,9.769746e-01,6.138325e-03,6.282993e-03
9200,layers.4.v_lut.weights,1.223861e+02,1.012127e+01,8.269948e-02
9200,layers.4.v_lut.log_soft_score_temp,3.166442e-01,8.207381e-03,2.591988e-02
9200,layers.4.v_lut.log_select_temp,1.213341e+00,5.572319e-03,4.592540e-03
9200,layers.4.out_proj.weights,2.786597e+02,2.276486e+01,8.169414e-02
9200,layers.4.out_proj.log_soft_score_temp,2.505085e-01,1.445323e-02,5.769558e-02
9200,layers.4.out_proj.log_select_temp,1.103947e+00,1.014256e-02,9.187548e-03
9200,layers.4.residual_lut.weights,1.768333e+02,1.489571e+01,8.423584e-02
9200,layers.4.residual_lut.log_soft_score_temp,2.161193e-01,1.187415e-02,5.494258e-02
9200,layers.4.residual_lut.log_select_temp,1.332227e+00,1.123774e-02,8.435302e-03
9200,layers.4.q_norm.weight,9.073404e+00,1.185208e-02,1.306244e-03
9200,layers.4.q_norm.bias,6.646412e-01,8.419579e-03,1.266786e-02
9200,layers.4.k_norm.weight,9.024469e+00,1.230179e-02,1.363159e-03
9200,layers.4.k_norm.bias,1.026975e+00,9.356968e-03,9.111191e-03
9200,layers.5.qk_lut.weights,1.272174e+02,1.065726e+01,8.377204e-02
9200,layers.5.qk_lut.log_soft_score_temp,2.767446e-01,4.270434e-03,1.543096e-02
9200,layers.5.qk_lut.log_select_temp,8.881770e-01,4.616976e-03,5.198261e-03
9200,layers.5.v_lut.weights,1.245150e+02,1.022334e+01,8.210534e-02
9200,layers.5.v_lut.log_soft_score_temp,4.756868e-01,6.987542e-03,1.468938e-02
9200,layers.5.v_lut.log_select_temp,1.032610e+00,3.104806e-03,3.006755e-03
9200,layers.5.out_proj.weights,3.025073e+02,2.317578e+01,7.661230e-02
9200,layers.5.out_proj.log_soft_score_temp,1.098482e-01,1.502126e-02,1.367456e-01
9200,layers.5.out_proj.log_select_temp,1.130470e+00,7.328033e-03,6.482292e-03
9200,layers.5.residual_lut.weights,1.808465e+02,1.503017e+01,8.311008e-02
9200,layers.5.residual_lut.log_soft_score_temp,1.319059e-01,1.127125e-02,8.544922e-02
9200,layers.5.residual_lut.log_select_temp,1.344855e+00,1.160586e-02,8.629824e-03
9200,layers.5.q_norm.weight,9.082236e+00,1.303711e-02,1.435451e-03
9200,layers.5.q_norm.bias,4.948121e-01,8.066591e-03,1.630233e-02
9200,layers.5.k_norm.weight,9.030293e+00,1.166727e-02,1.292014e-03
9200,layers.5.k_norm.bias,7.268858e-01,1.240234e-02,1.706229e-02
9200,ln_final.weight,4.832654e+01,3.979140e-01,8.233861e-03
9200,ln_final.bias,2.114527e+00,3.987347e-02,1.885692e-02
9400,tok_emb_E.weight,1.550266e+02,4.079253e+00,2.631324e-02
9400,emb_resid_lut.weights,2.090463e+02,1.317721e+01,6.303492e-02
9400,emb_resid_lut.log_soft_score_temp,6.390561e-01,5.126715e-03,8.022324e-03
9400,emb_resid_lut.log_select_temp,1.419940e+00,4.434466e-03,3.122996e-03
9400,unembedder.weight,1.719499e+02,7.028353e+00,4.087443e-02
9400,layers.0.qk_lut.weights,1.282258e+02,9.402672e+00,7.332903e-02
9400,layers.0.qk_lut.log_soft_score_temp,9.572507e-01,7.790923e-04,8.138853e-04
9400,layers.0.qk_lut.log_select_temp,1.076970e+00,2.927303e-03,2.718092e-03
9400,layers.0.v_lut.weights,1.212477e+02,9.633925e+00,7.945653e-02
9400,layers.0.v_lut.log_soft_score_temp,4.698051e-01,5.620062e-03,1.196254e-02
9400,layers.0.v_lut.log_select_temp,1.113183e+00,2.179980e-03,1.958330e-03
9400,layers.0.out_proj.weights,2.466671e+02,2.068690e+01,8.386568e-02
9400,layers.0.out_proj.log_soft_score_temp,6.064340e-01,1.526004e-02,2.516356e-02
9400,layers.0.out_proj.log_select_temp,1.027430e+00,9.500861e-03,9.247214e-03
9400,layers.0.residual_lut.weights,1.643418e+02,1.383413e+01,8.417900e-02
9400,layers.0.residual_lut.log_soft_score_temp,1.729252e-01,2.614453e-03,1.511898e-02
9400,layers.0.residual_lut.log_select_temp,1.042805e+00,1.323307e-02,1.268987e-02
9400,layers.0.q_norm.weight,9.358457e+00,1.069922e-02,1.143267e-03
9400,layers.0.q_norm.bias,8.762354e-01,7.511594e-03,8.572576e-03
9400,layers.0.k_norm.weight,9.282220e+00,1.025715e-02,1.105032e-03
9400,layers.0.k_norm.bias,1.256556e+00,9.471422e-03,7.537603e-03
9400,layers.1.qk_lut.weights,1.263869e+02,9.768653e+00,7.729167e-02
9400,layers.1.qk_lut.log_soft_score_temp,4.401316e-03,4.937770e-03,1.121885e+00
9400,layers.1.qk_lut.log_select_temp,1.047335e+00,5.395293e-03,5.151449e-03
9400,layers.1.v_lut.weights,1.171250e+02,9.334867e+00,7.970004e-02
9400,layers.1.v_lut.log_soft_score_temp,6.530325e-02,5.394123e-03,8.260115e-02
9400,layers.1.v_lut.log_select_temp,1.232769e+00,8.802891e-03,7.140745e-03
9400,layers.1.out_proj.weights,2.435961e+02,2.141534e+01,8.791332e-02
9400,layers.1.out_proj.log_soft_score_temp,6.063299e-01,1.387119e-02,2.287730e-02
9400,layers.1.out_proj.log_select_temp,7.828827e-01,4.279613e-03,5.466481e-03
9400,layers.1.residual_lut.weights,1.675486e+02,1.414984e+01,8.445216e-02
9400,layers.1.residual_lut.log_soft_score_temp,2.729152e-01,5.921721e-03,2.169803e-02
9400,layers.1.residual_lut.log_select_temp,1.119246e+00,1.120758e-02,1.001351e-02
9400,layers.1.q_norm.weight,9.938758e+00,1.609040e-02,1.618954e-03
9400,layers.1.q_norm.bias,8.499879e-01,9.935046e-03,1.168846e-02
9400,layers.1.k_norm.weight,9.887351e+00,1.614454e-02,1.632848e-03
9400,layers.1.k_norm.bias,1.084260e+00,1.062396e-02,9.798350e-03
9400,layers.2.qk_lut.weights,1.290677e+02,9.979060e+00,7.731648e-02
9400,layers.2.qk_lut.log_soft_score_temp,2.866660e-01,1.317680e-03,4.596568e-03
9400,layers.2.qk_lut.log_select_temp,9.900826e-01,6.163657e-03,6.225397e-03
9400,layers.2.v_lut.weights,1.173528e+02,9.531899e+00,8.122429e-02
9400,layers.2.v_lut.log_soft_score_temp,3.035899e-02,6.243113e-03,2.056430e-01
9400,layers.2.v_lut.log_select_temp,1.244419e+00,8.721828e-03,7.008753e-03
9400,layers.2.out_proj.weights,2.567638e+02,2.130353e+01,8.296934e-02
9400,layers.2.out_proj.log_soft_score_temp,5.655089e-01,1.456594e-02,2.575723e-02
9400,layers.2.out_proj.log_select_temp,8.235371e-01,6.826103e-03,8.288762e-03
9400,layers.2.residual_lut.weights,1.640880e+02,1.418040e+01,8.641946e-02
9400,layers.2.residual_lut.log_soft_score_temp,1.179484e-01,9.583645e-03,8.125286e-02
9400,layers.2.residual_lut.log_select_temp,1.279264e+00,9.108305e-03,7.119959e-03
9400,layers.2.q_norm.weight,9.286850e+00,1.205625e-02,1.298207e-03
9400,layers.2.q_norm.bias,8.056285e-01,8.106309e-03,1.006209e-02
9400,layers.2.k_norm.weight,9.246031e+00,1.141893e-02,1.235009e-03
9400,layers.2.k_norm.bias,1.237980e+00,9.180502e-03,7.415709e-03
9400,layers.3.qk_lut.weights,1.247512e+02,1.008995e+01,8.088059e-02
9400,layers.3.qk_lut.log_soft_score_temp,3.313828e-02,5.581774e-03,1.684389e-01
9400,layers.3.qk_lut.log_select_temp,1.133127e+00,7.190347e-03,6.345581e-03
9400,layers.3.v_lut.weights,1.195653e+02,9.577139e+00,8.009968e-02
9400,layers.3.v_lut.log_soft_score_temp,3.048285e-01,8.667678e-03,2.843460e-02
9400,layers.3.v_lut.log_select_temp,1.163443e+00,8.159637e-03,7.013354e-03
9400,layers.3.out_proj.weights,2.973229e+02,2.190216e+01,7.366456e-02
9400,layers.3.out_proj.log_soft_score_temp,4.734836e-01,1.826346e-02,3.857253e-02
9400,layers.3.out_proj.log_select_temp,1.213449e+00,7.302403e-03,6.017892e-03
9400,layers.3.residual_lut.weights,1.792376e+02,1.430979e+01,7.983703e-02
9400,layers.3.residual_lut.log_soft_score_temp,2.589261e-01,1.024476e-02,3.956634e-02
9400,layers.3.residual_lut.log_select_temp,1.307880e+00,1.023412e-02,7.824964e-03
9400,layers.3.q_norm.weight,1.030250e+01,2.014094e-02,1.954957e-03
9400,layers.3.q_norm.bias,7.423145e-01,1.018309e-02,1.371802e-02
9400,layers.3.k_norm.weight,1.023122e+01,1.981813e-02,1.937024e-03
9400,layers.3.k_norm.bias,1.083082e+00,1.469855e-02,1.357103e-02
9400,layers.4.qk_lut.weights,1.287324e+02,1.016189e+01,7.893812e-02
9400,layers.4.qk_lut.log_soft_score_temp,2.831519e-01,1.592726e-03,5.624986e-03
9400,layers.4.qk_lut.log_select_temp,9.828765e-01,5.901873e-03,6.004695e-03
9400,layers.4.v_lut.weights,1.229147e+02,9.710133e+00,7.899894e-02
9400,layers.4.v_lut.log_soft_score_temp,3.087041e-01,7.940114e-03,2.572079e-02
9400,layers.4.v_lut.log_select_temp,1.218658e+00,5.316377e-03,4.362486e-03
9400,layers.4.out_proj.weights,2.801385e+02,2.192562e+01,7.826709e-02
9400,layers.4.out_proj.log_soft_score_temp,2.662014e-01,1.569295e-02,5.895141e-02
9400,layers.4.out_proj.log_select_temp,1.113057e+00,9.110212e-03,8.184857e-03
9400,layers.4.residual_lut.weights,1.777711e+02,1.435406e+01,8.074464e-02
9400,layers.4.residual_lut.log_soft_score_temp,2.058907e-01,1.022863e-02,4.967992e-02
9400,layers.4.residual_lut.log_select_temp,1.343357e+00,1.112998e-02,8.285193e-03
9400,layers.4.q_norm.weight,9.079599e+00,1.219458e-02,1.343074e-03
9400,layers.4.q_norm.bias,6.674432e-01,6.969352e-03,1.044187e-02
9400,layers.4.k_norm.weight,9.030246e+00,1.130665e-02,1.252086e-03
9400,layers.4.k_norm.bias,1.031263e+00,8.966579e-03,8.694752e-03
9400,layers.5.qk_lut.weights,1.277831e+02,1.028243e+01,8.046784e-02
9400,layers.5.qk_lut.log_soft_score_temp,2.744842e-01,2.260476e-03,8.235362e-03
9400,layers.5.qk_lut.log_select_temp,8.947054e-01,6.528318e-03,7.296612e-03
9400,layers.5.v_lut.weights,1.250586e+02,9.882856e+00,7.902582e-02
9400,layers.5.v_lut.log_soft_score_temp,4.698395e-01,5.847275e-03,1.244526e-02
9400,layers.5.v_lut.log_select_temp,1.036964e+00,4.354119e-03,4.198909e-03
9400,layers.5.out_proj.weights,3.041435e+02,2.227447e+01,7.323671e-02
9400,layers.5.out_proj.log_soft_score_temp,1.245094e-01,1.466124e-02,1.177520e-01
9400,layers.5.out_proj.log_select_temp,1.138734e+00,8.264303e-03,7.257449e-03
9400,layers.5.residual_lut.weights,1.818448e+02,1.446926e+01,7.956932e-02
9400,layers.5.residual_lut.log_soft_score_temp,1.193701e-01,1.253577e-02,1.050160e-01
9400,layers.5.residual_lut.log_select_temp,1.356345e+00,1.148987e-02,8.471201e-03
9400,layers.5.q_norm.weight,9.091070e+00,1.350194e-02,1.485187e-03
9400,layers.5.q_norm.bias,4.986670e-01,8.327299e-03,1.669912e-02
9400,layers.5.k_norm.weight,9.039373e+00,1.428860e-02,1.580707e-03
9400,layers.5.k_norm.bias,7.305500e-01,1.245505e-02,1.704886e-02
9400,ln_final.weight,4.870712e+01,3.816853e-01,7.836334e-03
9400,ln_final.bias,2.129785e+00,3.907746e-02,1.834808e-02
9600,tok_emb_E.weight,1.551062e+02,3.931674e+00,2.534827e-02
9600,emb_resid_lut.weights,2.096912e+02,1.271365e+01,6.063037e-02
9600,emb_resid_lut.log_soft_score_temp,6.346030e-01,4.453063e-03,7.017084e-03
9600,emb_resid_lut.log_select_temp,1.422865e+00,2.925396e-03,2.055990e-03
9600,unembedder.weight,1.716960e+02,6.779651e+00,3.948638e-02
9600,layers.0.qk_lut.weights,1.287406e+02,9.094333e+00,7.064075e-02
9600,layers.0.qk_lut.log_soft_score_temp,9.585841e-01,1.333356e-03,1.390964e-03
9600,layers.0.qk_lut.log_select_temp,1.079901e+00,2.930999e-03,2.714137e-03
9600,layers.0.v_lut.weights,1.217325e+02,9.325476e+00,7.660627e-02
9600,layers.0.v_lut.log_soft_score_temp,4.663711e-01,3.434032e-03,7.363305e-03
9600,layers.0.v_lut.log_select_temp,1.116900e+00,3.716707e-03,3.327699e-03
9600,layers.0.out_proj.weights,2.475645e+02,1.991987e+01,8.046337e-02
9600,layers.0.out_proj.log_soft_score_temp,6.210456e-01,1.461160e-02,2.352742e-02
9600,layers.0.out_proj.log_select_temp,1.038911e+00,1.148093e-02,1.105093e-02
9600,layers.0.residual_lut.weights,1.649952e+02,1.332169e+01,8.073990e-02
9600,layers.0.residual_lut.log_soft_score_temp,1.687547e-01,4.170552e-03,2.471370e-02
9600,layers.0.residual_lut.log_select_temp,1.053988e+00,1.118326e-02,1.061042e-02
9600,layers.0.q_norm.weight,9.366584e+00,1.224133e-02,1.306915e-03
9600,layers.0.q_norm.bias,8.803934e-01,7.222400e-03,8.203604e-03
9600,layers.0.k_norm.weight,9.289638e+00,1.194064e-02,1.285372e-03
9600,layers.0.k_norm.bias,1.264349e+00,1.150867e-02,9.102449e-03
9600,layers.1.qk_lut.weights,1.268993e+02,9.428637e+00,7.430016e-02
9600,layers.1.qk_lut.log_soft_score_temp,8.538779e-03,4.137463e-03,4.845497e-01
9600,layers.1.qk_lut.log_select_temp,1.053157e+00,5.822301e-03,5.528425e-03
9600,layers.1.v_lut.weights,1.175960e+02,8.985079e+00,7.640630e-02
9600,layers.1.v_lut.log_soft_score_temp,5.983764e-02,5.465616e-03,9.134077e-02
9600,layers.1.v_lut.log_select_temp,1.242561e+00,9.791493e-03,7.880092e-03
9600,layers.1.out_proj.weights,2.442770e+02,2.059408e+01,8.430626e-02
9600,layers.1.out_proj.log_soft_score_temp,6.185207e-01,1.219076e-02,1.970954e-02
9600,layers.1.out_proj.log_select_temp,7.881830e-01,5.300343e-03,6.724762e-03
9600,layers.1.residual_lut.weights,1.681543e+02,1.361320e+01,8.095660e-02
9600,layers.1.residual_lut.log_soft_score_temp,2.668732e-01,6.042004e-03,2.263998e-02
9600,layers.1.residual_lut.log_select_temp,1.129012e+00,9.766459e-03,8.650447e-03
9600,layers.1.q_norm.weight,9.949624e+00,1.463359e-02,1.470768e-03
9600,layers.1.q_norm.bias,8.553447e-01,8.453199e-03,9.882798e-03
9600,layers.1.k_norm.weight,9.898012e+00,1.465403e-02,1.480502e-03
9600,layers.1.k_norm.bias,1.090619e+00,1.066653e-02,9.780251e-03
9600,layers.2.qk_lut.weights,1.296081e+02,9.578444e+00,7.390313e-02
9600,layers.2.qk_lut.log_soft_score_temp,2.847880e-01,1.878023e-03,6.594461e-03
9600,layers.2.qk_lut.log_select_temp,9.947505e-01,4.667938e-03,4.692571e-03
9600,layers.2.v_lut.weights,1.178286e+02,9.165621e+00,7.778772e-02
9600,layers.2.v_lut.log_soft_score_temp,2.550215e-02,4.856842e-03,1.904483e-01
9600,layers.2.v_lut.log_select_temp,1.252752e+00,8.332491e-03,6.651349e-03
9600,layers.2.out_proj.weights,2.577404e+02,2.048635e+01,7.948441e-02
9600,layers.2.out_proj.log_soft_score_temp,5.802884e-01,1.477945e-02,2.546915e-02
9600,layers.2.out_proj.log_select_temp,8.306736e-01,7.136524e-03,8.591249e-03
9600,layers.2.residual_lut.weights,1.646415e+02,1.364069e+01,8.285091e-02
9600,layers.2.residual_lut.log_soft_score_temp,1.104119e-01,7.536523e-03,6.825827e-02
9600,layers.2.residual_lut.log_select_temp,1.290047e+00,1.078379e-02,8.359221e-03
9600,layers.2.q_norm.weight,9.293353e+00,1.102907e-02,1.186770e-03
9600,layers.2.q_norm.bias,8.094651e-01,7.866405e-03,9.718029e-03
9600,layers.2.k_norm.weight,9.252831e+00,1.026586e-02,1.109484e-03
9600,layers.2.k_norm.bias,1.240719e+00,9.165609e-03,7.387337e-03
9600,layers.3.qk_lut.weights,1.252557e+02,9.672864e+00,7.722494e-02
9600,layers.3.qk_lut.log_soft_score_temp,2.772602e-02,5.412264e-03,1.952053e-01
9600,layers.3.qk_lut.log_select_temp,1.140300e+00,7.173181e-03,6.290609e-03
9600,layers.3.v_lut.weights,1.200224e+02,9.231632e+00,7.691590e-02
9600,layers.3.v_lut.log_soft_score_temp,2.962815e-01,8.547008e-03,2.884759e-02
9600,layers.3.v_lut.log_select_temp,1.171509e+00,8.065939e-03,6.885085e-03
9600,layers.3.out_proj.weights,2.990584e+02,2.106648e+01,7.044270e-02
9600,layers.3.out_proj.log_soft_score_temp,4.916423e-01,1.815870e-02,3.693479e-02
9600,layers.3.out_proj.log_select_temp,1.219708e+00,6.259680e-03,5.132112e-03
9600,layers.3.residual_lut.weights,1.800342e+02,1.377098e+01,7.649092e-02
9600,layers.3.residual_lut.log_soft_score_temp,2.478790e-01,1.104707e-02,4.456636e-02
9600,layers.3.residual_lut.log_select_temp,1.317589e+00,9.708643e-03,7.368491e-03
9600,layers.3.q_norm.weight,1.031809e+01,2.027426e-02,1.964924e-03
9600,layers.3.q_norm.bias,7.480278e-01,9.735230e-03,1.301453e-02
9600,layers.3.k_norm.weight,1.024628e+01,2.051742e-02,2.002425e-03
9600,layers.3.k_norm.bias,1.090921e+00,1.511756e-02,1.385761e-02
9600,layers.4.qk_lut.weights,1.292485e+02,9.823161e+00,7.600215e-02
9600,layers.4.qk_lut.log_soft_score_temp,2.791313e-01,4.020602e-03,1.440398e-02
9600,layers.4.qk_lut.log_select_temp,9.878889e-01,5.012393e-03,5.073843e-03
9600,layers.4.v_lut.weights,1.234122e+02,9.353746e+00,7.579273e-02
9600,layers.4.v_lut.log_soft_score_temp,3.007859e-01,7.918149e-03,2.632487e-02
9600,layers.4.v_lut.log_select_temp,1.224235e+00,5.577564e-03,4.555958e-03
9600,layers.4.out_proj.weights,2.815374e+02,2.108426e+01,7.488975e-02
9600,layers.4.out_proj.log_soft_score_temp,2.795852e-01,1.338375e-02,4.787001e-02
9600,layers.4.out_proj.log_select_temp,1.121135e+00,8.077979e-03,7.205180e-03
9600,layers.4.residual_lut.weights,1.786515e+02,1.381467e+01,7.732748e-02
9600,layers.4.residual_lut.log_soft_score_temp,1.961240e-01,9.766683e-03,4.979850e-02
9600,layers.4.residual_lut.log_select_temp,1.353560e+00,1.020312e-02,7.537989e-03
9600,layers.4.q_norm.weight,9.088385e+00,1.259457e-02,1.385787e-03
9600,layers.4.q_norm.bias,6.697285e-01,6.650585e-03,9.930270e-03
9600,layers.4.k_norm.weight,9.038640e+00,1.233205e-02,1.364370e-03
9600,layers.4.k_norm.bias,1.035905e+00,9.875613e-03,9.533323e-03
9600,layers.5.qk_lut.weights,1.283112e+02,9.923582e+00,7.733996e-02
9600,layers.5.qk_lut.log_soft_score_temp,2.706541e-01,3.830105e-03,1.415129e-02
9600,layers.5.qk_lut.log_select_temp,8.993825e-01,4.677117e-03,5.200365e-03
9600,layers.5.v_lut.weights,1.255598e+02,9.508063e+00,7.572540e-02
9600,layers.5.v_lut.log_soft_score_temp,4.605182e-01,9.321332e-03,2.024097e-02
9600,layers.5.v_lut.log_select_temp,1.038004e+00,1.039743e-03,1.001676e-03
9600,layers.5.out_proj.weights,3.056658e+02,2.146544e+01,7.022519e-02
9600,layers.5.out_proj.log_soft_score_temp,1.402493e-01,1.573987e-02,1.122278e-01
9600,layers.5.out_proj.log_select_temp,1.143016e+00,4.282355e-03,3.746539e-03
9600,layers.5.residual_lut.weights,1.827917e+02,1.393650e+01,7.624252e-02
9600,layers.5.residual_lut.log_soft_score_temp,1.088730e-01,1.049706e-02,9.641557e-02
9600,layers.5.residual_lut.log_select_temp,1.366695e+00,1.035047e-02,7.573354e-03
9600,layers.5.q_norm.weight,9.097884e+00,1.250023e-02,1.373971e-03
9600,layers.5.q_norm.bias,5.015031e-01,7.783731e-03,1.552080e-02
9600,layers.5.k_norm.weight,9.045347e+00,1.212528e-02,1.340499e-03
9600,layers.5.k_norm.bias,7.335445e-01,1.055652e-02,1.439111e-02
9600,ln_final.weight,4.907751e+01,3.713089e-01,7.565765e-03
9600,ln_final.bias,2.144502e+00,3.731319e-02,1.739946e-02
9800,tok_emb_E.weight,1.551813e+02,3.780530e+00,2.436202e-02
9800,emb_resid_lut.weights,2.102705e+02,1.222109e+01,5.812078e-02
9800,emb_resid_lut.log_soft_score_temp,6.287528e-01,5.850196e-03,9.304445e-03
9800,emb_resid_lut.log_select_temp,1.424346e+00,1.481295e-03,1.039982e-03
9800,unembedder.weight,1.714671e+02,6.487809e+00,3.783704e-02
9800,layers.0.qk_lut.weights,1.292187e+02,8.709686e+00,6.740266e-02
9800,layers.0.qk_lut.log_soft_score_temp,9.597968e-01,1.212776e-03,1.263575e-03
9800,layers.0.qk_lut.log_select_temp,1.082617e+00,2.715707e-03,2.508466e-03
9800,layers.0.v_lut.weights,1.221771e+02,8.956648e+00,7.330876e-02
9800,layers.0.v_lut.log_soft_score_temp,4.634213e-01,2.949715e-03,6.365082e-03
9800,layers.0.v_lut.log_select_temp,1.120164e+00,3.264308e-03,2.914133e-03
9800,layers.0.out_proj.weights,2.483846e+02,1.915486e+01,7.711775e-02
9800,layers.0.out_proj.log_soft_score_temp,6.342464e-01,1.320076e-02,2.081330e-02
9800,layers.0.out_proj.log_select_temp,1.049558e+00,1.064789e-02,1.014512e-02
9800,layers.0.residual_lut.weights,1.655899e+02,1.278714e+01,7.722172e-02
9800,layers.0.residual_lut.log_soft_score_temp,1.639046e-01,4.850104e-03,2.959103e-02
9800,layers.0.residual_lut.log_select_temp,1.064486e+00,1.049757e-02,9.861634e-03
9800,layers.0.q_norm.weight,9.374121e+00,1.198601e-02,1.278628e-03
9800,layers.0.q_norm.bias,8.832879e-01,6.423289e-03,7.272022e-03
9800,layers.0.k_norm.weight,9.296818e+00,1.158337e-02,1.245950e-03
9800,layers.0.k_norm.bias,1.269179e+00,8.339291e-03,6.570618e-03
9800,layers.1.qk_lut.weights,1.273780e+02,9.064592e+00,7.116293e-02
9800,layers.1.qk_lut.log_soft_score_temp,1.249078e-02,3.952006e-03,3.163937e-01
9800,layers.1.qk_lut.log_select_temp,1.058408e+00,5.251050e-03,4.961270e-03
9800,layers.1.v_lut.weights,1.180305e+02,8.632808e+00,7.314045e-02
9800,layers.1.v_lut.log_soft_score_temp,5.473696e-02,5.100675e-03,9.318521e-02
9800,layers.1.v_lut.log_select_temp,1.249905e+00,7.344723e-03,5.876223e-03
9800,layers.1.out_proj.weights,2.448894e+02,1.978975e+01,8.081094e-02
9800,layers.1.out_proj.log_soft_score_temp,6.295452e-01,1.102453e-02,1.751190e-02
9800,layers.1.out_proj.log_select_temp,7.938398e-01,5.656779e-03,7.125844e-03
9800,layers.1.residual_lut.weights,1.687031e+02,1.308183e+01,7.754353e-02
9800,layers.1.residual_lut.log_soft_score_temp,2.607515e-01,6.121695e-03,2.347712e-02
9800,layers.1.residual_lut.log_select_temp,1.138079e+00,9.067297e-03,7.967192e-03
9800,layers.1.q_norm.weight,9.958765e+00,1.241456e-02,1.246596e-03
9800,layers.1.q_norm.bias,8.611712e-01,8.335811e-03,9.679621e-03
9800,layers.1.k_norm.weight,9.907059e+00,1.250037e-02,1.261764e-03
9800,layers.1.k_norm.bias,1.094337e+00,1.015381e-02,9.278499e-03
9800,layers.2.qk_lut.weights,1.301217e+02,9.205116e+00,7.074238e-02
9800,layers.2.qk_lut.log_soft_score_temp,2.835966e-01,1.191407e-03,4.201064e-03
9800,layers.2.qk_lut.log_select_temp,9.999573e-01,5.206764e-03,5.206986e-03
9800,layers.2.v_lut.weights,1.182613e+02,8.816676e+00,7.455253e-02
9800,layers.2.v_lut.log_soft_score_temp,2.029830e-02,5.203847e-03,2.563686e-01
9800,layers.2.v_lut.log_select_temp,1.261433e+00,8.680940e-03,6.881809e-03
9800,layers.2.out_proj.weights,2.586410e+02,1.969109e+01,7.613290e-02
9800,layers.2.out_proj.log_soft_score_temp,5.944819e-01,1.419359e-02,2.387557e-02
9800,layers.2.out_proj.log_select_temp,8.380433e-01,7.369697e-03,8.793934e-03
9800,layers.2.residual_lut.weights,1.651467e+02,1.311044e+01,7.938667e-02
9800,layers.2.residual_lut.log_soft_score_temp,1.037313e-01,6.680608e-03,6.440303e-02
9800,layers.2.residual_lut.log_select_temp,1.301737e+00,1.168978e-02,8.980140e-03
9800,layers.2.q_norm.weight,9.302182e+00,1.221002e-02,1.312597e-03
9800,layers.2.q_norm.bias,8.133355e-01,7.290298e-03,8.963458e-03
9800,layers.2.k_norm.weight,9.261078e+00,1.135836e-02,1.226462e-03
9800,layers.2.k_norm.bias,1.245475e+00,8.551136e-03,6.865762e-03
9800,layers.3.qk_lut.weights,1.257154e+02,9.295652e+00,7.394203e-02
9800,layers.3.qk_lut.log_soft_score_temp,2.230144e-02,5.424570e-03,2.432385e-01
9800,layers.3.qk_lut.log_select_temp,1.147113e+00,6.813526e-03,5.939715e-03
9800,layers.3.v_lut.weights,1.204443e+02,8.861058e+00,7.356974e-02
9800,layers.3.v_lut.log_soft_score_temp,2.871872e-01,9.094298e-03,3.166679e-02
9800,layers.3.v_lut.log_select_temp,1.179644e+00,8.135438e-03,6.896518e-03
9800,layers.3.out_proj.weights,3.006762e+02,2.019817e+01,6.717582e-02
9800,layers.3.out_proj.log_soft_score_temp,5.090840e-01,1.744178e-02,3.426110e-02
9800,layers.3.out_proj.log_select_temp,1.225224e+00,5.515814e-03,4.501881e-03
9800,layers.3.residual_lut.weights,1.807921e+02,1.321929e+01,7.311873e-02
9800,layers.3.residual_lut.log_soft_score_temp,2.392500e-01,8.629039e-03,3.606704e-02
9800,layers.3.residual_lut.log_select_temp,1.327795e+00,1.020598e-02,7.686415e-03
9800,layers.3.q_norm.weight,1.033104e+01,1.793047e-02,1.735591e-03
9800,layers.3.q_norm.bias,7.528033e-01,9.363755e-03,1.243851e-02
9800,layers.3.k_norm.weight,1.025867e+01,1.787051e-02,1.741992e-03
9800,layers.3.k_norm.bias,1.095252e+00,1.291997e-02,1.179635e-02
9800,layers.4.qk_lut.weights,1.297441e+02,9.443536e+00,7.278588e-02
9800,layers.4.qk_lut.log_soft_score_temp,2.766060e-01,2.525270e-03,9.129483e-03
9800,layers.4.qk_lut.log_select_temp,9.930241e-01,5.135179e-03,5.171253e-03
9800,layers.4.v_lut.weights,1.238587e+02,8.978015e+00,7.248594e-02
9800,layers.4.v_lut.log_soft_score_temp,2.946050e-01,6.180912e-03,2.098034e-02
9800,layers.4.v_lut.log_select_temp,1.231324e+00,7.088900e-03,5.757135e-03
9800,layers.4.out_proj.weights,2.828200e+02,2.021326e+01,7.147038e-02
9800,layers.4.out_proj.log_soft_score_temp,2.938625e-01,1.427728e-02,4.858490e-02
9800,layers.4.out_proj.log_select_temp,1.129160e+00,8.024693e-03,7.106783e-03
9800,layers.4.residual_lut.weights,1.794648e+02,1.327733e+01,7.398294e-02
9800,layers.4.residual_lut.log_soft_score_temp,1.869907e-01,9.133294e-03,4.884356e-02
9800,layers.4.residual_lut.log_select_temp,1.364110e+00,1.054907e-02,7.733300e-03
9800,layers.4.q_norm.weight,9.095476e+00,1.228979e-02,1.351198e-03
9800,layers.4.q_norm.bias,6.720294e-01,7.091548e-03,1.055244e-02
9800,layers.4.k_norm.weight,9.045634e+00,1.180999e-02,1.305601e-03
9800,layers.4.k_norm.bias,1.038452e+00,9.377621e-03,9.030383e-03
9800,layers.5.qk_lut.weights,1.287842e+02,9.510614e+00,7.384924e-02
9800,layers.5.qk_lut.log_soft_score_temp,2.652323e-01,5.421758e-03,2.044154e-02
9800,layers.5.qk_lut.log_select_temp,9.028162e-01,3.433764e-03,3.803392e-03
9800,layers.5.v_lut.weights,1.260321e+02,9.141534e+00,7.253338e-02
9800,layers.5.v_lut.log_soft_score_temp,4.541812e-01,6.336957e-03,1.395249e-02
9800,layers.5.v_lut.log_select_temp,1.040921e+00,2.916574e-03,2.801918e-03
9800,layers.5.out_proj.weights,3.070843e+02,2.058813e+01,6.704390e-02
9800,layers.5.out_proj.log_soft_score_temp,1.519795e-01,1.173018e-02,7.718266e-02
9800,layers.5.out_proj.log_select_temp,1.151463e+00,8.446336e-03,7.335311e-03
9800,layers.5.residual_lut.weights,1.836548e+02,1.337014e+01,7.280039e-02
9800,layers.5.residual_lut.log_soft_score_temp,9.816029e-02,1.071275e-02,1.091353e-01
9800,layers.5.residual_lut.log_select_temp,1.376106e+00,9.410977e-03,6.838846e-03
9800,layers.5.q_norm.weight,9.104713e+00,1.267149e-02,1.391750e-03
9800,layers.5.q_norm.bias,5.049362e-01,8.810708e-03,1.744915e-02
9800,layers.5.k_norm.weight,9.052233e+00,1.156974e-02,1.278109e-03
9800,layers.5.k_norm.bias,7.381044e-01,9.607907e-03,1.301700e-02
9800,ln_final.weight,4.943294e+01,3.563694e-01,7.209149e-03
9800,ln_final.bias,2.158804e+00,3.559970e-02,1.649047e-02
10000,tok_emb_E.weight,1.552507e+02,3.632452e+00,2.339733e-02
10000,emb_resid_lut.weights,2.108067e+02,1.176585e+01,5.581344e-02
10000,emb_resid_lut.log_soft_score_temp,6.250013e-01,3.751516e-03,6.002414e-03
10000,emb_resid_lut.log_select_temp,1.427203e+00,2.856374e-03,2.001379e-03
10000,unembedder.weight,1.712367e+02,6.226630e+00,3.636271e-02
10000,layers.0.qk_lut.weights,1.296551e+02,8.399999e+00,6.478726e-02
10000,layers.0.qk_lut.log_soft_score_temp,9.612740e-01,1.477182e-03,1.536692e-03
10000,layers.0.qk_lut.log_select_temp,1.085698e+00,3.081083e-03,2.837883e-03
10000,layers.0.v_lut.weights,1.225804e+02,8.642660e+00,7.050603e-02
10000,layers.0.v_lut.log_soft_score_temp,4.605194e-01,2.901971e-03,6.301518e-03
10000,layers.0.v_lut.log_select_temp,1.123213e+00,3.048420e-03,2.714018e-03
10000,layers.0.out_proj.weights,2.491156e+02,1.839659e+01,7.384760e-02
10000,layers.0.out_proj.log_soft_score_temp,6.485993e-01,1.435292e-02,2.212910e-02
10000,layers.0.out_proj.log_select_temp,1.059355e+00,9.796262e-03,9.247386e-03
10000,layers.0.residual_lut.weights,1.661366e+02,1.231267e+01,7.411174e-02
10000,layers.0.residual_lut.log_soft_score_temp,1.593327e-01,4.571915e-03,2.869415e-02
10000,layers.0.residual_lut.log_select_temp,1.075888e+00,1.140201e-02,1.059777e-02
10000,layers.0.q_norm.weight,9.382556e+00,1.224428e-02,1.305004e-03
10000,layers.0.q_norm.bias,8.895038e-01,8.787138e-03,9.878696e-03
10000,layers.0.k_norm.weight,9.304509e+00,1.193707e-02,1.282934e-03
10000,layers.0.k_norm.bias,1.277943e+00,1.197660e-02,9.371781e-03
10000,layers.1.qk_lut.weights,1.278170e+02,8.718077e+00,6.820749e-02
10000,layers.1.qk_lut.log_soft_score_temp,1.635224e-02,3.861452e-03,2.361421e-01
10000,layers.1.qk_lut.log_select_temp,1.063969e+00,5.560160e-03,5.225869e-03
10000,layers.1.v_lut.weights,1.184174e+02,8.293034e+00,7.003220e-02
10000,layers.1.v_lut.log_soft_score_temp,4.934569e-02,5.391266e-03,1.092550e-01
10000,layers.1.v_lut.log_select_temp,1.255963e+00,6.057501e-03,4.822993e-03
10000,layers.1.out_proj.weights,2.454370e+02,1.898866e+01,7.736673e-02
10000,layers.1.out_proj.log_soft_score_temp,6.401188e-01,1.057357e-02,1.651813e-02
10000,layers.1.out_proj.log_select_temp,7.976336e-01,3.793836e-03,4.756364e-03
10000,layers.1.residual_lut.weights,1.691924e+02,1.256568e+01,7.426857e-02
10000,layers.1.residual_lut.log_soft_score_temp,2.548354e-01,5.916119e-03,2.321545e-02
10000,layers.1.residual_lut.log_select_temp,1.146255e+00,8.175492e-03,7.132351e-03
10000,layers.1.q_norm.weight,9.969389e+00,1.289570e-02,1.293529e-03
10000,layers.1.q_norm.bias,8.656339e-01,7.296582e-03,8.429177e-03
10000,layers.1.k_norm.weight,9.917425e+00,1.318527e-02,1.329505e-03
10000,layers.1.k_norm.bias,1.100102e+00,1.031564e-02,9.376986e-03
10000,layers.2.qk_lut.weights,1.305775e+02,8.865482e+00,6.789441e-02
10000,layers.2.qk_lut.log_soft_score_temp,2.827301e-01,8.664727e-04,3.064664e-03
10000,layers.2.qk_lut.log_select_temp,1.005336e+00,5.378425e-03,5.349880e-03
10000,layers.2.v_lut.weights,1.186712e+02,8.471376e+00,7.138528e-02
10000,layers.2.v_lut.log_soft_score_temp,1.588558e-02,4.412726e-03,2.777819e-01
10000,layers.2.v_lut.log_select_temp,1.269522e+00,8.089542e-03,6.372115e-03
10000,layers.2.out_proj.weights,2.594572e+02,1.889029e+01,7.280694e-02
10000,layers.2.out_proj.log_soft_score_temp,6.072976e-01,1.281565e-02,2.110276e-02
10000,layers.2.out_proj.log_select_temp,8.446727e-01,6.629467e-03,7.848563e-03
10000,layers.2.residual_lut.weights,1.655992e+02,1.258696e+01,7.600858e-02
10000,layers.2.residual_lut.log_soft_score_temp,9.676140e-02,6.969862e-03,7.203143e-02
10000,layers.2.residual_lut.log_select_temp,1.311295e+00,9.557843e-03,7.288858e-03
10000,layers.2.q_norm.weight,9.306684e+00,7.894360e-03,8.482462e-04
10000,layers.2.q_norm.bias,8.165457e-01,6.963752e-03,8.528306e-03
10000,layers.2.k_norm.weight,9.265827e+00,7.692687e-03,8.302213e-04
10000,layers.2.k_norm.bias,1.247989e+00,6.951867e-03,5.570454e-03
10000,layers.3.qk_lut.weights,1.261368e+02,8.937685e+00,7.085708e-02
10000,layers.3.qk_lut.log_soft_score_temp,1.823018e-02,4.071264e-03,2.233255e-01
10000,layers.3.qk_lut.log_select_temp,1.154206e+00,7.092357e-03,6.144794e-03
10000,layers.3.v_lut.weights,1.208344e+02,8.531629e+00,7.060598e-02
10000,layers.3.v_lut.log_soft_score_temp,2.788974e-01,8.289844e-03,2.972364e-02
10000,layers.3.v_lut.log_select_temp,1.188006e+00,8.361816e-03,7.038529e-03
10000,layers.3.out_proj.weights,3.022100e+02,1.939596e+01,6.418039e-02
10000,layers.3.out_proj.log_soft_score_temp,5.266624e-01,1.757836e-02,3.337691e-02
10000,layers.3.out_proj.log_select_temp,1.231708e+00,6.484151e-03,5.264355e-03
10000,layers.3.residual_lut.weights,1.814784e+02,1.270556e+01,7.001143e-02
10000,layers.3.residual_lut.log_soft_score_temp,2.294713e-01,9.778664e-03,4.261388e-02
10000,layers.3.residual_lut.log_select_temp,1.336882e+00,9.087086e-03,6.797223e-03
10000,layers.3.q_norm.weight,1.034399e+01,1.819002e-02,1.758511e-03
10000,layers.3.q_norm.bias,7.587999e-01,9.163756e-03,1.207664e-02
10000,layers.3.k_norm.weight,1.027097e+01,1.804034e-02,1.756439e-03
10000,layers.3.k_norm.bias,1.102520e+00,1.299144e-02,1.178341e-02
10000,layers.4.qk_lut.weights,1.301912e+02,9.044849e+00,6.947359e-02
10000,layers.4.qk_lut.log_soft_score_temp,2.724098e-01,4.196197e-03,1.540398e-02
10000,layers.4.qk_lut.log_select_temp,9.963157e-01,3.291607e-03,3.303779e-03
10000,layers.4.v_lut.weights,1.242693e+02,8.639446e+00,6.952197e-02
10000,layers.4.v_lut.log_soft_score_temp,2.877647e-01,6.840348e-03,2.377063e-02
10000,layers.4.v_lut.log_select_temp,1.236883e+00,5.559087e-03,4.494431e-03
10000,layers.4.out_proj.weights,2.840448e+02,1.940445e+01,6.831474e-02
10000,layers.4.out_proj.log_soft_score_temp,3.060480e-01,1.218557e-02,3.981589e-02
10000,layers.4.out_proj.log_select_temp,1.137521e+00,8.361578e-03,7.350700e-03
10000,layers.4.residual_lut.weights,1.802199e+02,1.275408e+01,7.076957e-02
10000,layers.4.residual_lut.log_soft_score_temp,1.767254e-01,1.026534e-02,5.808636e-02
10000,layers.4.residual_lut.log_select_temp,1.374609e+00,1.049936e-02,7.638070e-03
10000,layers.4.q_norm.weight,9.102332e+00,1.061110e-02,1.165757e-03
10000,layers.4.q_norm.bias,6.756344e-01,7.054835e-03,1.044179e-02
10000,layers.4.k_norm.weight,9.052521e+00,1.132719e-02,1.251274e-03
10000,layers.4.k_norm.bias,1.043135e+00,1.018298e-02,9.761896e-03
10000,layers.5.qk_lut.weights,1.292175e+02,9.102304e+00,7.044174e-02
10000,layers.5.qk_lut.log_soft_score_temp,2.620824e-01,3.149897e-03,1.201873e-02
10000,layers.5.qk_lut.log_select_temp,9.074930e-01,4.676759e-03,5.153493e-03
10000,layers.5.v_lut.weights,1.264579e+02,8.795539e+00,6.955311e-02
10000,layers.5.v_lut.log_soft_score_temp,4.480252e-01,6.155998e-03,1.374029e-02
10000,layers.5.v_lut.log_select_temp,1.043690e+00,2.769589e-03,2.653651e-03
10000,layers.5.out_proj.weights,3.084016e+02,1.975206e+01,6.404655e-02
10000,layers.5.out_proj.log_soft_score_temp,1.653307e-01,1.335125e-02,8.075479e-02
10000,layers.5.out_proj.log_select_temp,1.158288e+00,6.825089e-03,5.892396e-03
10000,layers.5.residual_lut.weights,1.844621e+02,1.284921e+01,6.965773e-02
10000,layers.5.residual_lut.log_soft_score_temp,8.955762e-02,8.602671e-03,9.605739e-02
10000,layers.5.residual_lut.log_select_temp,1.386235e+00,1.012874e-02,7.306653e-03
10000,layers.5.q_norm.weight,9.110570e+00,1.200286e-02,1.317465e-03
10000,layers.5.q_norm.bias,5.087103e-01,7.442054e-03,1.462926e-02
10000,layers.5.k_norm.weight,9.057982e+00,1.258840e-02,1.389758e-03
10000,layers.5.k_norm.bias,7.409450e-01,1.130260e-02,1.525430e-02
10000,ln_final.weight,4.977194e+01,3.399977e-01,6.831111e-03
10000,ln_final.bias,2.173024e+00,3.450040e-02,1.587668e-02
10200,tok_emb_E.weight,1.553134e+02,3.485753e+00,2.244336e-02
10200,emb_resid_lut.weights,2.113095e+02,1.130540e+01,5.350161e-02
10200,emb_resid_lut.log_soft_score_temp,6.228631e-01,2.138197e-03,3.432853e-03
10200,emb_resid_lut.log_select_temp,1.431190e+00,3.987670e-03,2.786261e-03
10200,unembedder.weight,1.710177e+02,5.973189e+00,3.492731e-02
10200,layers.0.qk_lut.weights,1.300541e+02,8.043259e+00,6.184548e-02
10200,layers.0.qk_lut.log_soft_score_temp,9.633600e-01,2.085924e-03,2.165259e-03
10200,layers.0.qk_lut.log_select_temp,1.088848e+00,3.150225e-03,2.893172e-03
10200,layers.0.v_lut.weights,1.229563e+02,8.284808e+00,6.738012e-02
10200,layers.0.v_lut.log_soft_score_temp,4.584452e-01,2.074182e-03,4.524384e-03
10200,layers.0.v_lut.log_select_temp,1.126672e+00,3.458858e-03,3.069979e-03
10200,layers.0.out_proj.weights,2.498046e+02,1.761439e+01,7.051267e-02
10200,layers.0.out_proj.log_soft_score_temp,6.596716e-01,1.107228e-02,1.678453e-02
10200,layers.0.out_proj.log_select_temp,1.070432e+00,1.107776e-02,1.034887e-02
10200,layers.0.residual_lut.weights,1.666494e+02,1.179669e+01,7.078746e-02
10200,layers.0.residual_lut.log_soft_score_temp,1.568002e-01,2.532423e-03,1.615063e-02
10200,layers.0.residual_lut.log_select_temp,1.086475e+00,1.058698e-02,9.744337e-03
10200,layers.0.q_norm.weight,9.389847e+00,1.132440e-02,1.206026e-03
10200,layers.0.q_norm.bias,8.936473e-01,7.331091e-03,8.203561e-03
10200,layers.0.k_norm.weight,9.311431e+00,1.064109e-02,1.142799e-03
10200,layers.0.k_norm.bias,1.284793e+00,9.597753e-03,7.470272e-03
10200,layers.1.qk_lut.weights,1.282063e+02,8.327591e+00,6.495462e-02
10200,layers.1.qk_lut.log_soft_score_temp,1.933520e-02,2.982959e-03,1.542761e-01
10200,layers.1.qk_lut.log_select_temp,1.069364e+00,5.395889e-03,5.045884e-03
10200,layers.1.v_lut.weights,1.187756e+02,7.955517e+00,6.697938e-02
10200,layers.1.v_lut.log_soft_score_temp,4.417871e-02,5.166985e-03,1.169565e-01
10200,layers.1.v_lut.log_select_temp,1.262632e+00,6.669164e-03,5.281953e-03
10200,layers.1.out_proj.weights,2.458984e+02,1.818741e+01,7.396312e-02
10200,layers.1.out_proj.log_soft_score_temp,6.500867e-01,9.967923e-03,1.533322e-02
10200,layers.1.out_proj.log_select_temp,8.018252e-01,4.191518e-03,5.227471e-03
10200,layers.1.residual_lut.weights,1.696494e+02,1.206421e+01,7.111262e-02
10200,layers.1.residual_lut.log_soft_score_temp,2.498232e-01,5.012155e-03,2.006281e-02
10200,layers.1.residual_lut.log_select_temp,1.155398e+00,9.143353e-03,7.913594e-03
10200,layers.1.q_norm.weight,9.977680e+00,1.197775e-02,1.200454e-03
10200,layers.1.q_norm.bias,8.703086e-01,7.545060e-03,8.669407e-03
10200,layers.1.k_norm.weight,9.925836e+00,1.229857e-02,1.239046e-03
10200,layers.1.k_norm.bias,1.101574e+00,8.857942e-03,8.041171e-03
10200,layers.2.qk_lut.weights,1.309972e+02,8.479991e+00,6.473414e-02
10200,layers.2.qk_lut.log_soft_score_temp,2.809322e-01,1.797855e-03,6.399603e-03
10200,layers.2.qk_lut.log_select_temp,1.009163e+00,3.827691e-03,3.792935e-03
10200,layers.2.v_lut.weights,1.190295e+02,8.127017e+00,6.827732e-02
10200,layers.2.v_lut.log_soft_score_temp,1.121423e-02,4.671345e-03,4.165549e-01
10200,layers.2.v_lut.log_select_temp,1.275474e+00,5.951643e-03,4.666220e-03
10200,layers.2.out_proj.weights,2.601940e+02,1.808143e+01,6.949211e-02
10200,layers.2.out_proj.log_soft_score_temp,6.195190e-01,1.222140e-02,1.972723e-02
10200,layers.2.out_proj.log_select_temp,8.495262e-01,4.853427e-03,5.713099e-03
10200,layers.2.residual_lut.weights,1.659939e+02,1.208110e+01,7.278038e-02
10200,layers.2.residual_lut.log_soft_score_temp,8.947995e-02,7.281445e-03,8.137515e-02
10200,layers.2.residual_lut.log_select_temp,1.319603e+00,8.307695e-03,6.295603e-03
10200,layers.2.q_norm.weight,9.311366e+00,1.013366e-02,1.088311e-03
10200,layers.2.q_norm.bias,8.180367e-01,6.082009e-03,7.434886e-03
10200,layers.2.k_norm.weight,9.270401e+00,1.052882e-02,1.135746e-03
10200,layers.2.k_norm.bias,1.251129e+00,8.088056e-03,6.464605e-03
10200,layers.3.qk_lut.weights,1.265189e+02,8.579180e+00,6.780945e-02
10200,layers.3.qk_lut.log_soft_score_temp,1.404274e-02,4.187439e-03,2.981924e-01
10200,layers.3.qk_lut.log_select_temp,1.160983e+00,6.777048e-03,5.837338e-03
10200,layers.3.v_lut.weights,1.211882e+02,8.165417e+00,6.737797e-02
10200,layers.3.v_lut.log_soft_score_temp,2.714921e-01,7.405251e-03,2.727612e-02
10200,layers.3.v_lut.log_select_temp,1.195248e+00,7.241607e-03,6.058666e-03
10200,layers.3.out_proj.weights,3.036231e+02,1.855184e+01,6.110155e-02
10200,layers.3.out_proj.log_soft_score_temp,5.418877e-01,1.522529e-02,2.809676e-02
10200,layers.3.out_proj.log_select_temp,1.238167e+00,6.458163e-03,5.215908e-03
10200,layers.3.residual_lut.weights,1.821132e+02,1.218331e+01,6.689964e-02
10200,layers.3.residual_lut.log_soft_score_temp,2.208824e-01,8.588895e-03,3.888447e-02
10200,layers.3.residual_lut.log_select_temp,1.346533e+00,9.650588e-03,7.166991e-03
10200,layers.3.q_norm.weight,1.035626e+01,1.680808e-02,1.622987e-03
10200,layers.3.q_norm.bias,7.647083e-01,9.122639e-03,1.192957e-02
10200,layers.3.k_norm.weight,1.028276e+01,1.776816e-02,1.727957e-03
10200,layers.3.k_norm.bias,1.108277e+00,1.138488e-02,1.027260e-02
10200,layers.4.qk_lut.weights,1.306054e+02,8.658799e+00,6.629742e-02
10200,layers.4.qk_lut.log_soft_score_temp,2.711863e-01,1.223505e-03,4.511675e-03
10200,layers.4.qk_lut.log_select_temp,1.001555e+00,5.238950e-03,5.230818e-03
10200,layers.4.v_lut.weights,1.246467e+02,8.279999e+00,6.642773e-02
10200,layers.4.v_lut.log_soft_score_temp,2.807508e-01,7.013917e-03,2.498272e-02
10200,layers.4.v_lut.log_select_temp,1.241040e+00,4.156828e-03,3.349471e-03
10200,layers.4.out_proj.weights,2.851612e+02,1.857540e+01,6.513999e-02
10200,layers.4.out_proj.log_soft_score_temp,3.191291e-01,1.308104e-02,4.098982e-02
10200,layers.4.out_proj.log_select_temp,1.144646e+00,7.124543e-03,6.224234e-03
10200,layers.4.residual_lut.weights,1.808874e+02,1.221096e+01,6.750588e-02
10200,layers.4.residual_lut.log_soft_score_temp,1.659325e-01,1.079290e-02,6.504389e-02
10200,layers.4.residual_lut.log_select_temp,1.382827e+00,8.218288e-03,5.943106e-03
10200,layers.4.q_norm.weight,9.106637e+00,8.686405e-03,9.538543e-04
10200,layers.4.q_norm.bias,6.755677e-01,5.297793e-03,7.841986e-03
10200,layers.4.k_norm.weight,9.056451e+00,9.039484e-03,9.981265e-04
10200,layers.4.k_norm.bias,1.044449e+00,7.620362e-03,7.296059e-03
10200,layers.5.qk_lut.weights,1.296172e+02,8.753592e+00,6.753418e-02
10200,layers.5.qk_lut.log_soft_score_temp,2.580109e-01,4.071474e-03,1.578024e-02
10200,layers.5.qk_lut.log_select_temp,9.117191e-01,4.226089e-03,4.635297e-03
10200,layers.5.v_lut.weights,1.268501e+02,8.395082e+00,6.618114e-02
10200,layers.5.v_lut.log_soft_score_temp,4.418505e-01,6.174684e-03,1.397460e-02
10200,layers.5.v_lut.log_select_temp,1.046144e+00,2.453566e-03,2.345342e-03
10200,layers.5.out_proj.weights,3.096265e+02,1.892181e+01,6.111171e-02
10200,layers.5.out_proj.log_soft_score_temp,1.769811e-01,1.165040e-02,6.582849e-02
10200,layers.5.out_proj.log_select_temp,1.164551e+00,6.263375e-03,5.378361e-03
10200,layers.5.residual_lut.weights,1.851941e+02,1.232142e+01,6.653249e-02
10200,layers.5.residual_lut.log_soft_score_temp,7.995703e-02,9.600587e-03,1.200718e-01
10200,layers.5.residual_lut.log_select_temp,1.394555e+00,8.320093e-03,5.966128e-03
10200,layers.5.q_norm.weight,9.116486e+00,1.011281e-02,1.109288e-03
10200,layers.5.q_norm.bias,5.099503e-01,6.516404e-03,1.277851e-02
10200,layers.5.k_norm.weight,9.063445e+00,1.020244e-02,1.125669e-03
10200,layers.5.k_norm.bias,7.444932e-01,1.034732e-02,1.389848e-02
10200,ln_final.weight,5.009806e+01,3.270399e-01,6.527995e-03
10200,ln_final.bias,2.185916e+00,3.374945e-02,1.543950e-02
10400,tok_emb_E.weight,1.553712e+02,3.339772e+00,2.149544e-02
10400,emb_resid_lut.weights,2.117578e+02,1.083444e+01,5.116433e-02
10400,emb_resid_lut.log_soft_score_temp,6.201441e-01,2.719045e-03,4.384537e-03
10400,emb_resid_lut.log_select_temp,1.433818e+00,2.627373e-03,1.832431e-03
10400,unembedder.weight,1.708126e+02,5.768964e+00,3.377364e-02
10400,layers.0.qk_lut.weights,1.304216e+02,7.750244e+00,5.942453e-02
10400,layers.0.qk_lut.log_soft_score_temp,9.651502e-01,1.790285e-03,1.854929e-03
10400,layers.0.qk_lut.log_select_temp,1.091638e+00,2.789855e-03,2.555660e-03
10400,layers.0.v_lut.weights,1.232996e+02,7.952111e+00,6.449423e-02
10400,layers.0.v_lut.log_soft_score_temp,4.561891e-01,2.256095e-03,4.945527e-03
10400,layers.0.v_lut.log_select_temp,1.129804e+00,3.132105e-03,2.772256e-03
10400,layers.0.out_proj.weights,2.504212e+02,1.687474e+01,6.738543e-02
10400,layers.0.out_proj.log_soft_score_temp,6.698565e-01,1.018488e-02,1.520458e-02
10400,layers.0.out_proj.log_select_temp,1.080670e+00,1.023722e-02,9.473031e-03
10400,layers.0.residual_lut.weights,1.671255e+02,1.128114e+01,6.750103e-02
10400,layers.0.residual_lut.log_soft_score_temp,1.556531e-01,1.147166e-03,7.370018e-03
10400,layers.0.residual_lut.log_select_temp,1.098632e+00,1.215732e-02,1.106587e-02
10400,layers.0.q_norm.weight,9.396030e+00,1.026723e-02,1.092720e-03
10400,layers.0.q_norm.bias,8.972840e-01,6.510127e-03,7.255370e-03
10400,layers.0.k_norm.weight,9.317063e+00,9.954588e-03,1.068425e-03
10400,layers.0.k_norm.bias,1.290485e+00,8.797049e-03,6.816853e-03
10400,layers.1.qk_lut.weights,1.285688e+02,8.025452e+00,6.242146e-02
10400,layers.1.qk_lut.log_soft_score_temp,2.329056e-02,3.955362e-03,1.698269e-01
10400,layers.1.qk_lut.log_select_temp,1.073253e+00,3.888130e-03,3.622754e-03
10400,layers.1.v_lut.weights,1.190980e+02,7.604768e+00,6.385303e-02
10400,layers.1.v_lut.log_soft_score_temp,3.983752e-02,4.341193e-03,1.089725e-01
10400,layers.1.v_lut.log_select_temp,1.268770e+00,6.137729e-03,4.837543e-03
10400,layers.1.out_proj.weights,2.463104e+02,1.737927e+01,7.055841e-02
10400,layers.1.out_proj.log_soft_score_temp,6.591780e-01,9.091258e-03,1.379181e-02
10400,layers.1.out_proj.log_select_temp,8.062573e-01,4.432142e-03,5.497180e-03
10400,layers.1.residual_lut.weights,1.700660e+02,1.152993e+01,6.779679e-02
10400,layers.1.residual_lut.log_soft_score_temp,2.458204e-01,4.002765e-03,1.628329e-02
10400,layers.1.residual_lut.log_select_temp,1.164965e+00,9.566665e-03,8.211977e-03
10400,layers.1.q_norm.weight,9.986093e+00,1.144682e-02,1.146276e-03
10400,layers.1.q_norm.bias,8.756683e-01,7.175046e-03,8.193793e-03
10400,layers.1.k_norm.weight,9.934019e+00,1.114897e-02,1.122302e-03
10400,layers.1.k_norm.bias,1.106719e+00,8.909307e-03,8.050202e-03
10400,layers.2.qk_lut.weights,1.313821e+02,8.122794e+00,6.182572e-02
10400,layers.2.qk_lut.log_soft_score_temp,2.792249e-01,1.707315e-03,6.114481e-03
10400,layers.2.qk_lut.log_select_temp,1.013793e+00,4.629970e-03,4.566976e-03
10400,layers.2.v_lut.weights,1.193701e+02,7.764060e+00,6.504191e-02
10400,layers.2.v_lut.log_soft_score_temp,7.617549e-03,3.596685e-03,4.721578e-01
10400,layers.2.v_lut.log_select_temp,1.283094e+00,7.620096e-03,5.938844e-03
10400,layers.2.out_proj.weights,2.608837e+02,1.729687e+01,6.630107e-02
10400,layers.2.out_proj.log_soft_score_temp,6.304730e-01,1.095402e-02,1.737429e-02
10400,layers.2.out_proj.log_select_temp,8.567374e-01,7.211268e-03,8.417127e-03
10400,layers.2.residual_lut.weights,1.663579e+02,1.155392e+01,6.945220e-02
10400,layers.2.residual_lut.log_soft_score_temp,8.421591e-02,5.264044e-03,6.250652e-02
10400,layers.2.residual_lut.log_select_temp,1.329522e+00,9.919763e-03,7.461147e-03
10400,layers.2.q_norm.weight,9.316936e+00,9.823918e-03,1.054415e-03
10400,layers.2.q_norm.bias,8.220451e-01,6.992110e-03,8.505749e-03
10400,layers.2.k_norm.weight,9.275739e+00,9.485838e-03,1.022650e-03
10400,layers.2.k_norm.bias,1.255086e+00,8.736752e-03,6.961076e-03
10400,layers.3.qk_lut.weights,1.268721e+02,8.230779e+00,6.487461e-02
10400,layers.3.qk_lut.log_soft_score_temp,9.526190e-03,4.516552e-03,4.741195e-01
10400,layers.3.qk_lut.log_select_temp,1.167166e+00,6.182790e-03,5.297269e-03
10400,layers.3.v_lut.weights,1.215139e+02,7.801992e+00,6.420660e-02
10400,layers.3.v_lut.log_soft_score_temp,2.639714e-01,7.520705e-03,2.849061e-02
10400,layers.3.v_lut.log_select_temp,1.201530e+00,6.282210e-03,5.228509e-03
10400,layers.3.out_proj.weights,3.049418e+02,1.774747e+01,5.819954e-02
10400,layers.3.out_proj.log_soft_score_temp,5.567094e-01,1.482171e-02,2.662378e-02
10400,layers.3.out_proj.log_select_temp,1.244480e+00,6.313205e-03,5.072967e-03
10400,layers.3.residual_lut.weights,1.826857e+02,1.166232e+01,6.383816e-02
10400,layers.3.residual_lut.log_soft_score_temp,2.121752e-01,8.707210e-03,4.103783e-02
10400,layers.3.residual_lut.log_select_temp,1.355007e+00,8.474469e-03,6.254188e-03
10400,layers.3.q_norm.weight,1.036758e+01,1.516342e-02,1.462581e-03
10400,layers.3.q_norm.bias,7.684968e-01,8.157482e-03,1.061486e-02
10400,layers.3.k_norm.weight,1.029385e+01,1.545855e-02,1.501727e-03
10400,layers.3.k_norm.bias,1.112866e+00,9.918988e-03,8.913013e-03
10400,layers.4.qk_lut.weights,1.309798e+02,8.334815e+00,6.363436e-02
10400,layers.4.qk_lut.log_soft_score_temp,2.684144e-01,2.771884e-03,1.032688e-02
10400,layers.4.qk_lut.log_select_temp,1.005626e+00,4.071593e-03,4.048814e-03
10400,layers.4.v_lut.weights,1.249879e+02,7.883698e+00,6.307567e-02
10400,layers.4.v_lut.log_soft_score_temp,2.750117e-01,5.739063e-03,2.086843e-02
10400,layers.4.v_lut.log_select_temp,1.246252e+00,5.211592e-03,4.181813e-03
10400,layers.4.out_proj.weights,2.861913e+02,1.774325e+01,6.199787e-02
10400,layers.4.out_proj.log_soft_score_temp,3.320486e-01,1.291955e-02,3.890859e-02
10400,layers.4.out_proj.log_select_temp,1.151470e+00,6.824493e-03,5.926765e-03
10400,layers.4.residual_lut.weights,1.815106e+02,1.168152e+01,6.435724e-02
10400,layers.4.residual_lut.log_soft_score_temp,1.568881e-01,9.044379e-03,5.764859e-02
10400,layers.4.residual_lut.log_select_temp,1.391398e+00,8.570433e-03,6.159586e-03
10400,layers.4.q_norm.weight,9.112907e+00,1.128544e-02,1.238401e-03
10400,layers.4.q_norm.bias,6.792901e-01,6.923783e-03,1.019267e-02
10400,layers.4.k_norm.weight,9.062795e+00,1.116185e-02,1.231612e-03
10400,layers.4.k_norm.bias,1.048948e+00,9.246985e-03,8.815487e-03
10400,layers.5.qk_lut.weights,1.299763e+02,8.324529e+00,6.404651e-02
10400,layers.5.qk_lut.log_soft_score_temp,2.546988e-01,3.312081e-03,1.300391e-02
10400,layers.5.qk_lut.log_select_temp,9.159348e-01,4.215717e-03,4.602639e-03
10400,layers.5.v_lut.weights,1.272091e+02,8.036686e+00,6.317699e-02
10400,layers.5.v_lut.log_soft_score_temp,4.362582e-01,5.592346e-03,1.281889e-02
10400,layers.5.v_lut.log_select_temp,1.048355e+00,2.211213e-03,2.109221e-03
10400,layers.5.out_proj.weights,3.107674e+02,1.806011e+01,5.811457e-02
10400,layers.5.out_proj.log_soft_score_temp,1.890355e-01,1.205443e-02,6.376806e-02
10400,layers.5.out_proj.log_select_temp,1.170720e+00,6.169200e-03,5.269577e-03
10400,layers.5.residual_lut.weights,1.858686e+02,1.178778e+01,6.341999e-02
10400,layers.5.residual_lut.log_soft_score_temp,7.088894e-02,9.068094e-03,1.279197e-01
10400,layers.5.residual_lut.log_select_temp,1.402261e+00,7.706642e-03,5.495867e-03
10400,layers.5.q_norm.weight,9.122518e+00,9.593789e-03,1.051660e-03
10400,layers.5.q_norm.bias,5.124014e-01,6.523536e-03,1.273130e-02
10400,layers.5.k_norm.weight,9.069195e+00,1.070470e-02,1.180336e-03
10400,layers.5.k_norm.bias,7.512134e-01,1.085076e-02,1.444430e-02
10400,ln_final.weight,5.041404e+01,3.168411e-01,6.284779e-03
10400,ln_final.bias,2.198897e+00,3.249244e-02,1.477670e-02
10600,tok_emb_E.weight,1.554245e+02,3.186618e+00,2.050267e-02
10600,emb_resid_lut.weights,2.121664e+02,1.034886e+01,4.877710e-02
10600,emb_resid_lut.log_soft_score_temp,6.180856e-01,2.058446e-03,3.330358e-03
10600,emb_resid_lut.log_select_temp,1.436877e+00,3.059030e-03,2.128944e-03
10600,unembedder.weight,1.706048e+02,5.527934e+00,3.240198e-02
10600,layers.0.qk_lut.weights,1.307525e+02,7.397209e+00,5.657414e-02
10600,layers.0.qk_lut.log_soft_score_temp,9.668205e-01,1.670301e-03,1.727623e-03
10600,layers.0.qk_lut.log_select_temp,1.094208e+00,2.570152e-03,2.348870e-03
10600,layers.0.v_lut.weights,1.236062e+02,7.610631e+00,6.157158e-02
10600,layers.0.v_lut.log_soft_score_temp,4.538281e-01,2.361029e-03,5.202475e-03
10600,layers.0.v_lut.log_select_temp,1.132201e+00,2.397418e-03,2.117484e-03
10600,layers.0.out_proj.weights,2.509717e+02,1.611569e+01,6.421318e-02
10600,layers.0.out_proj.log_soft_score_temp,6.810206e-01,1.116413e-02,1.639323e-02
10600,layers.0.out_proj.log_select_temp,1.088934e+00,8.264422e-03,7.589461e-03
10600,layers.0.residual_lut.weights,1.675280e+02,1.077463e+01,6.431537e-02
10600,layers.0.residual_lut.log_soft_score_temp,1.504818e-01,5.171254e-03,3.436464e-02
10600,layers.0.residual_lut.log_select_temp,1.106129e+00,7.497072e-03,6.777754e-03
10600,layers.0.q_norm.weight,9.401626e+00,9.513031e-03,1.011850e-03
10600,layers.0.q_norm.bias,9.005805e-01,6.669274e-03,7.405528e-03
10600,layers.0.k_norm.weight,9.322298e+00,8.827871e-03,9.469629e-04
10600,layers.0.k_norm.bias,1.295582e+00,9.314081e-03,7.189108e-03
10600,layers.1.qk_lut.weights,1.289003e+02,7.638339e+00,5.925771e-02
10600,layers.1.qk_lut.log_soft_score_temp,2.589186e-02,2.601307e-03,1.004681e-01
10600,layers.1.qk_lut.log_select_temp,1.077567e+00,4.314184e-03,4.003635e-03
10600,layers.1.v_lut.weights,1.193989e+02,7.273725e+00,6.091950e-02
10600,layers.1.v_lut.log_soft_score_temp,3.548697e-02,4.350550e-03,1.225957e-01
10600,layers.1.v_lut.log_select_temp,1.275502e+00,6.731987e-03,5.277912e-03
10600,layers.1.out_proj.weights,2.466914e+02,1.660362e+01,6.730522e-02
10600,layers.1.out_proj.log_soft_score_temp,6.681060e-01,8.928061e-03,1.336324e-02
10600,layers.1.out_proj.log_select_temp,8.110660e-01,4.808664e-03,5.928820e-03
10600,layers.1.residual_lut.weights,1.704255e+02,1.099916e+01,6.453941e-02
10600,layers.1.residual_lut.log_soft_score_temp,2.398492e-01,5.971208e-03,2.489567e-02
10600,layers.1.residual_lut.log_select_temp,1.172840e+00,7.874608e-03,6.714139e-03
10600,layers.1.q_norm.weight,9.996046e+00,1.288474e-02,1.288983e-03
10600,layers.1.q_norm.bias,8.790691e-01,6.669843e-03,7.587393e-03
10600,layers.1.k_norm.weight,9.943600e+00,1.240264e-02,1.247299e-03
10600,layers.1.k_norm.bias,1.110505e+00,9.777967e-03,8.804977e-03
10600,layers.2.qk_lut.weights,1.317450e+02,7.759185e+00,5.889546e-02
10600,layers.2.qk_lut.log_soft_score_temp,2.792539e-01,2.896786e-05,1.037330e-04
10600,layers.2.qk_lut.log_select_temp,1.018993e+00,5.199194e-03,5.102289e-03
10600,layers.2.v_lut.weights,1.196691e+02,7.470208e+00,6.242388e-02
10600,layers.2.v_lut.log_soft_score_temp,3.503728e-03,4.113820e-03,1.174126e+00
10600,layers.2.v_lut.log_select_temp,1.289578e+00,6.484151e-03,5.028117e-03
10600,layers.2.out_proj.weights,2.614951e+02,1.651882e+01,6.317068e-02
10600,layers.2.out_proj.log_soft_score_temp,6.428421e-01,1.236904e-02,1.924118e-02
10600,layers.2.out_proj.log_select_temp,8.628571e-01,6.119668e-03,7.092331e-03
10600,layers.2.residual_lut.weights,1.666822e+02,1.101805e+01,6.610218e-02
10600,layers.2.residual_lut.log_soft_score_temp,7.847448e-02,5.741432e-03,7.316305e-02
10600,layers.2.residual_lut.log_select_temp,1.339300e+00,9.777665e-03,7.300578e-03
10600,layers.2.q_norm.weight,9.322966e+00,9.505141e-03,1.019540e-03
10600,layers.2.q_norm.bias,8.251534e-01,5.902123e-03,7.152758e-03
10600,layers.2.k_norm.weight,9.281808e+00,9.550490e-03,1.028947e-03
10600,layers.2.k_norm.bias,1.257460e+00,7.571200e-03,6.021028e-03
10600,layers.3.qk_lut.weights,1.271925e+02,7.840978e+00,6.164654e-02
10600,layers.3.qk_lut.log_soft_score_temp,5.779160e-03,3.747031e-03,6.483695e-01
10600,layers.3.qk_lut.log_select_temp,1.172615e+00,5.449772e-03,4.647536e-03
10600,layers.3.v_lut.weights,1.217967e+02,7.460159e+00,6.125092e-02
10600,layers.3.v_lut.log_soft_score_temp,2.566620e-01,7.309377e-03,2.847861e-02
10600,layers.3.v_lut.log_select_temp,1.206895e+00,5.364656e-03,4.445008e-03
10600,layers.3.out_proj.weights,3.061515e+02,1.692323e+01,5.527730e-02
10600,layers.3.out_proj.log_soft_score_temp,5.714234e-01,1.471394e-02,2.574964e-02
10600,layers.3.out_proj.log_select_temp,1.248285e+00,3.805041e-03,3.048216e-03
10600,layers.3.residual_lut.weights,1.832025e+02,1.112156e+01,6.070642e-02
10600,layers.3.residual_lut.log_soft_score_temp,2.033255e-01,8.849695e-03,4.352476e-02
10600,layers.3.residual_lut.log_select_temp,1.362483e+00,7.475853e-03,5.486933e-03
10600,layers.3.q_norm.weight,1.037859e+01,1.586893e-02,1.529007e-03
10600,layers.3.q_norm.bias,7.732217e-01,7.689351e-03,9.944562e-03
10600,layers.3.k_norm.weight,1.030453e+01,1.546005e-02,1.500316e-03
10600,layers.3.k_norm.bias,1.117066e+00,1.038312e-02,9.294988e-03
10600,layers.4.qk_lut.weights,1.313228e+02,7.935873e+00,6.043027e-02
10600,layers.4.qk_lut.log_soft_score_temp,2.660033e-01,2.411127e-03,9.064275e-03
10600,layers.4.qk_lut.log_select_temp,1.009490e+00,3.863931e-03,3.827606e-03
10600,layers.4.v_lut.weights,1.253112e+02,7.550946e+00,6.025753e-02
10600,layers.4.v_lut.log_soft_score_temp,2.693349e-01,5.676746e-03,2.107690e-02
10600,layers.4.v_lut.log_select_temp,1.250627e+00,4.374862e-03,3.498136e-03
10600,layers.4.out_proj.weights,2.871606e+02,1.694820e+01,5.901993e-02
10600,layers.4.out_proj.log_soft_score_temp,3.428510e-01,1.080236e-02,3.150744e-02
10600,layers.4.out_proj.log_select_temp,1.158558e+00,7.088065e-03,6.118004e-03
10600,layers.4.residual_lut.weights,1.820914e+02,1.117110e+01,6.134885e-02
10600,layers.4.residual_lut.log_soft_score_temp,1.489851e-01,7.903025e-03,5.304574e-02
10600,layers.4.residual_lut.log_select_temp,1.400633e+00,9.235024e-03,6.593467e-03
10600,layers.4.q_norm.weight,9.117890e+00,1.048993e-02,1.150478e-03
10600,layers.4.q_norm.bias,6.814893e-01,5.408644e-03,7.936506e-03
10600,layers.4.k_norm.weight,9.067840e+00,1.015511e-02,1.119904e-03
10600,layers.4.k_norm.bias,1.051695e+00,8.182127e-03,7.779940e-03
10600,layers.5.qk_lut.weights,1.303071e+02,8.008079e+00,6.145541e-02
10600,layers.5.qk_lut.log_soft_score_temp,2.516915e-01,3.007382e-03,1.194869e-02
10600,layers.5.qk_lut.log_select_temp,9.195398e-01,3.605008e-03,3.920448e-03
10600,layers.5.v_lut.weights,1.275283e+02,7.642694e+00,5.992942e-02
10600,layers.5.v_lut.log_soft_score_temp,4.309902e-01,5.267918e-03,1.222282e-02
10600,layers.5.v_lut.log_select_temp,1.050998e+00,2.642632e-03,2.514403e-03
10600,layers.5.out_proj.weights,3.118601e+02,1.723423e+01,5.526271e-02
10600,layers.5.out_proj.log_soft_score_temp,1.990994e-01,1.006383e-02,5.054676e-02
10600,layers.5.out_proj.log_select_temp,1.176348e+00,5.627394e-03,4.783785e-03
10600,layers.5.residual_lut.weights,1.865045e+02,1.125173e+01,6.032955e-02
10600,layers.5.residual_lut.log_soft_score_temp,6.287953e-02,8.009404e-03,1.273770e-01
10600,layers.5.residual_lut.log_select_temp,1.410963e+00,8.701801e-03,6.167277e-03
10600,layers.5.q_norm.weight,9.128139e+00,9.312128e-03,1.020156e-03
10600,layers.5.q_norm.bias,5.146185e-01,6.922163e-03,1.345106e-02
10600,layers.5.k_norm.weight,9.074514e+00,9.938043e-03,1.095160e-03
10600,layers.5.k_norm.bias,7.535325e-01,1.049944e-02,1.393362e-02
10600,ln_final.weight,5.071439e+01,3.011605e-01,5.938364e-03
10600,ln_final.bias,2.212003e+00,3.113240e-02,1.407430e-02
10800,tok_emb_E.weight,1.554729e+02,3.047482e+00,1.960137e-02
10800,emb_resid_lut.weights,2.125237e+02,9.927411e+00,4.671203e-02
10800,emb_resid_lut.log_soft_score_temp,6.151539e-01,2.931714e-03,4.765822e-03
10800,emb_resid_lut.log_select_temp,1.439121e+00,2.244711e-03,1.559779e-03
10800,unembedder.weight,1.704085e+02,5.257275e+00,3.085101e-02
10800,layers.0.qk_lut.weights,1.310587e+02,7.046735e+00,5.376778e-02
10800,layers.0.qk_lut.log_soft_score_temp,9.692237e-01,2.403200e-03,2.479510e-03
10800,layers.0.qk_lut.log_select_temp,1.097335e+00,3.127098e-03,2.849720e-03
10800,layers.0.v_lut.weights,1.238815e+02,7.275578e+00,5.873015e-02
10800,layers.0.v_lut.log_soft_score_temp,4.525329e-01,1.295149e-03,2.862000e-03
10800,layers.0.v_lut.log_select_temp,1.135182e+00,2.980590e-03,2.625650e-03
10800,layers.0.out_proj.weights,2.514680e+02,1.538870e+01,6.119547e-02
10800,layers.0.out_proj.log_soft_score_temp,6.915163e-01,1.049566e-02,1.517775e-02
10800,layers.0.out_proj.log_select_temp,1.096964e+00,8.029819e-03,7.320039e-03
10800,layers.0.residual_lut.weights,1.679119e+02,1.030042e+01,6.134420e-02
10800,layers.0.residual_lut.log_soft_score_temp,1.480026e-01,2.479240e-03,1.675133e-02
10800,layers.0.residual_lut.log_select_temp,1.115645e+00,9.515405e-03,8.529064e-03
10800,layers.0.q_norm.weight,9.409577e+00,1.107741e-02,1.177248e-03
10800,layers.0.q_norm.bias,9.039066e-01,5.938938e-03,6.570301e-03
10800,layers.0.k_norm.weight,9.329959e+00,1.107679e-02,1.187228e-03
10800,layers.0.k_norm.bias,1.301160e+00,7.349143e-03,5.648146e-03
10800,layers.1.qk_lut.weights,1.292018e+02,7.305928e+00,5.654664e-02
10800,layers.1.qk_lut.log_soft_score_temp,2.830210e-02,2.410239e-03,8.516111e-02
10800,layers.1.qk_lut.log_select_temp,1.082232e+00,4.665375e-03,4.310882e-03
10800,layers.1.v_lut.weights,1.196742e+02,6.941936e+00,5.800693e-02
10800,layers.1.v_lut.log_soft_score_temp,3.088423e-02,4.602738e-03,1.490320e-01
10800,layers.1.v_lut.log_select_temp,1.281866e+00,6.364107e-03,4.964721e-03
10800,layers.1.out_proj.weights,2.470127e+02,1.583059e+01,6.408816e-02
10800,layers.1.out_proj.log_soft_score_temp,6.760120e-01,7.906020e-03,1.169509e-02
10800,layers.1.out_proj.log_select_temp,8.159997e-01,4.933715e-03,6.046222e-03
10800,layers.1.residual_lut.weights,1.707524e+02,1.051979e+01,6.160844e-02
10800,layers.1.residual_lut.log_soft_score_temp,2.349324e-01,4.916877e-03,2.092890e-02
10800,layers.1.residual_lut.log_select_temp,1.180727e+00,7.887721e-03,6.680392e-03
10800,layers.1.q_norm.weight,1.000295e+01,9.659104e-03,9.656252e-04
10800,layers.1.q_norm.bias,8.824802e-01,6.639844e-03,7.524071e-03
10800,layers.1.k_norm.weight,9.950610e+00,1.036033e-02,1.041175e-03
10800,layers.1.k_norm.bias,1.112304e+00,6.701998e-03,6.025331e-03
10800,layers.2.qk_lut.weights,1.320649e+02,7.418649e+00,5.617425e-02
10800,layers.2.qk_lut.log_soft_score_temp,2.779562e-01,1.297653e-03,4.668550e-03
10800,layers.2.qk_lut.log_select_temp,1.023129e+00,4.136205e-03,4.042702e-03
10800,layers.2.v_lut.weights,1.199363e+02,7.095567e+00,5.916111e-02
10800,layers.2.v_lut.log_soft_score_temp,3.364852e-04,3.840214e-03,1.141273e+01
10800,layers.2.v_lut.log_select_temp,1.295913e+00,6.334186e-03,4.887819e-03
10800,layers.2.out_proj.weights,2.620510e+02,1.573523e+01,6.004643e-02
10800,layers.2.out_proj.log_soft_score_temp,6.538369e-01,1.099485e-02,1.681589e-02
10800,layers.2.out_proj.log_select_temp,8.679698e-01,5.112648e-03,5.890353e-03
10800,layers.2.residual_lut.weights,1.669586e+02,1.053299e+01,6.308745e-02
10800,layers.2.residual_lut.log_soft_score_temp,7.243115e-02,6.043330e-03,8.343551e-02
10800,layers.2.residual_lut.log_select_temp,1.346742e+00,7.442236e-03,5.526102e-03
10800,layers.2.q_norm.weight,9.328508e+00,1.016311e-02,1.089468e-03
10800,layers.2.q_norm.bias,8.279736e-01,5.551678e-03,6.705139e-03
10800,layers.2.k_norm.weight,9.287219e+00,9.204076e-03,9.910475e-04
10800,layers.2.k_norm.bias,1.261157e+00,7.531507e-03,5.971904e-03
10800,layers.3.qk_lut.weights,1.274809e+02,7.491084e+00,5.876240e-02
10800,layers.3.qk_lut.log_soft_score_temp,2.096707e-03,3.682452e-03,1.756303e+00
10800,layers.3.qk_lut.log_select_temp,1.177763e+00,5.147576e-03,4.370639e-03
10800,layers.3.v_lut.weights,1.220609e+02,7.107950e+00,5.823280e-02
10800,layers.3.v_lut.log_soft_score_temp,2.500275e-01,6.634563e-03,2.653534e-02
10800,layers.3.v_lut.log_select_temp,1.214043e+00,7.148385e-03,5.888082e-03
10800,layers.3.out_proj.weights,3.072823e+02,1.612324e+01,5.247044e-02
10800,layers.3.out_proj.log_soft_score_temp,5.844755e-01,1.305211e-02,2.233132e-02
10800,layers.3.out_proj.log_select_temp,1.253663e+00,5.378127e-03,4.289931e-03
10800,layers.3.residual_lut.weights,1.836724e+02,1.063239e+01,5.788782e-02
10800,layers.3.residual_lut.log_soft_score_temp,1.952597e-01,8.065805e-03,4.130808e-02
10800,layers.3.residual_lut.log_select_temp,1.370225e+00,7.741690e-03,5.649942e-03
10800,layers.3.q_norm.weight,1.038888e+01,1.367564e-02,1.316372e-03
10800,layers.3.q_norm.bias,7.776986e-01,8.269842e-03,1.063374e-02
10800,layers.3.k_norm.weight,1.031425e+01,1.337370e-02,1.296623e-03
10800,layers.3.k_norm.bias,1.122874e+00,9.800123e-03,8.727710e-03
10800,layers.4.qk_lut.weights,1.316378e+02,7.527847e+00,5.718607e-02
10800,layers.4.qk_lut.log_soft_score_temp,2.642460e-01,1.757264e-03,6.650106e-03
10800,layers.4.qk_lut.log_select_temp,1.013975e+00,4.484653e-03,4.422845e-03
10800,layers.4.v_lut.weights,1.255984e+02,7.187877e+00,5.722903e-02
10800,layers.4.v_lut.log_soft_score_temp,2.652052e-01,4.129708e-03,1.557174e-02
10800,layers.4.v_lut.log_select_temp,1.255185e+00,4.558086e-03,3.631407e-03
10800,layers.4.out_proj.weights,2.880562e+02,1.615608e+01,5.608653e-02
10800,layers.4.out_proj.log_soft_score_temp,3.516775e-01,8.826494e-03,2.509826e-02
10800,layers.4.out_proj.log_select_temp,1.165838e+00,7.279277e-03,6.243817e-03
10800,layers.4.residual_lut.weights,1.826236e+02,1.066190e+01,5.838183e-02
10800,layers.4.residual_lut.log_soft_score_temp,1.406842e-01,8.300886e-03,5.900367e-02
10800,layers.4.residual_lut.log_select_temp,1.408630e+00,7.997036e-03,5.677174e-03
10800,layers.4.q_norm.weight,9.124683e+00,9.837330e-03,1.078101e-03
10800,layers.4.q_norm.bias,6.830876e-01,5.335185e-03,7.810396e-03
10800,layers.4.k_norm.weight,9.074274e+00,9.109890e-03,1.003925e-03
10800,layers.4.k_norm.bias,1.052601e+00,8.495960e-03,8.071395e-03
10800,layers.5.qk_lut.weights,1.306121e+02,7.612674e+00,5.828460e-02
10800,layers.5.qk_lut.log_soft_score_temp,2.494158e-01,2.275616e-03,9.123783e-03
10800,layers.5.qk_lut.log_select_temp,9.231395e-01,3.599644e-03,3.899350e-03
10800,layers.5.v_lut.weights,1.278241e+02,7.311957e+00,5.720329e-02
10800,layers.5.v_lut.log_soft_score_temp,4.258060e-01,5.184203e-03,1.217503e-02
10800,layers.5.v_lut.log_select_temp,1.053387e+00,2.389312e-03,2.268218e-03
10800,layers.5.out_proj.weights,3.128484e+02,1.643118e+01,5.252121e-02
10800,layers.5.out_proj.log_soft_score_temp,2.087232e-01,9.623826e-03,4.610808e-02
10800,layers.5.out_proj.log_select_temp,1.181734e+00,5.386353e-03,4.558008e-03
10800,layers.5.residual_lut.weights,1.870876e+02,1.074806e+01,5.744933e-02
10800,layers.5.residual_lut.log_soft_score_temp,5.521415e-02,7.665385e-03,1.388301e-01
10800,layers.5.residual_lut.log_select_temp,1.419181e+00,8.218169e-03,5.790781e-03
10800,layers.5.q_norm.weight,9.133677e+00,9.642645e-03,1.055724e-03
10800,layers.5.q_norm.bias,5.159536e-01,6.795218e-03,1.317021e-02
10800,layers.5.k_norm.weight,9.079913e+00,9.570489e-03,1.054029e-03
10800,layers.5.k_norm.bias,7.549311e-01,8.184149e-03,1.084092e-02
10800,ln_final.weight,5.100153e+01,2.879382e-01,5.645678e-03
10800,ln_final.bias,2.225266e+00,3.054376e-02,1.372589e-02
11000,tok_emb_E.weight,1.555177e+02,2.904619e+00,1.867710e-02
11000,emb_resid_lut.weights,2.128586e+02,9.480760e+00,4.454018e-02
11000,emb_resid_lut.log_soft_score_temp,6.138010e-01,1.352906e-03,2.204145e-03
11000,emb_resid_lut.log_select_temp,1.442563e+00,3.441930e-03,2.385982e-03
11000,unembedder.weight,1.702112e+02,5.011034e+00,2.944010e-02
11000,layers.0.qk_lut.weights,1.313260e+02,6.744853e+00,5.135962e-02
11000,layers.0.qk_lut.log_soft_score_temp,9.709271e-01,1.703322e-03,1.754325e-03
11000,layers.0.qk_lut.log_select_temp,1.099501e+00,2.165675e-03,1.969690e-03
11000,layers.0.v_lut.weights,1.241354e+02,6.958397e+00,5.605490e-02
11000,layers.0.v_lut.log_soft_score_temp,4.512824e-01,1.250535e-03,2.771070e-03
11000,layers.0.v_lut.log_select_temp,1.137695e+00,2.513289e-03,2.209107e-03
11000,layers.0.out_proj.weights,2.519129e+02,1.467555e+01,5.825645e-02
11000,layers.0.out_proj.log_soft_score_temp,7.008517e-01,9.335458e-03,1.332016e-02
11000,layers.0.out_proj.log_select_temp,1.105540e+00,8.576155e-03,7.757435e-03
11000,layers.0.residual_lut.weights,1.682602e+02,9.819452e+00,5.835872e-02
11000,layers.0.residual_lut.log_soft_score_temp,1.453092e-01,2.693355e-03,1.853533e-02
11000,layers.0.residual_lut.log_select_temp,1.125140e+00,9.495020e-03,8.438970e-03
11000,layers.0.q_norm.weight,9.414661e+00,9.131314e-03,9.699036e-04
11000,layers.0.q_norm.bias,9.084865e-01,6.660357e-03,7.331267e-03
11000,layers.0.k_norm.weight,9.334683e+00,8.910275e-03,9.545343e-04
11000,layers.0.k_norm.bias,1.307069e+00,8.765720e-03,6.706393e-03
11000,layers.1.qk_lut.weights,1.294706e+02,6.965706e+00,5.380147e-02
11000,layers.1.qk_lut.log_soft_score_temp,3.144538e-02,3.143277e-03,9.995990e-02
11000,layers.1.qk_lut.log_select_temp,1.086965e+00,4.732966e-03,4.354295e-03
11000,layers.1.v_lut.weights,1.199241e+02,6.632657e+00,5.530710e-02
11000,layers.1.v_lut.log_soft_score_temp,2.717592e-02,3.708312e-03,1.364558e-01
11000,layers.1.v_lut.log_select_temp,1.288139e+00,6.273031e-03,4.869840e-03
11000,layers.1.out_proj.weights,2.472902e+02,1.508922e+01,6.101828e-02
11000,layers.1.out_proj.log_soft_score_temp,6.838205e-01,7.808506e-03,1.141894e-02
11000,layers.1.out_proj.log_select_temp,8.204350e-01,4.435360e-03,5.406108e-03
11000,layers.1.residual_lut.weights,1.710390e+02,1.002672e+01,5.862239e-02
11000,layers.1.residual_lut.log_soft_score_temp,2.301679e-01,4.764423e-03,2.069977e-02
11000,layers.1.residual_lut.log_select_temp,1.187820e+00,7.092476e-03,5.971004e-03
11000,layers.1.q_norm.weight,1.001159e+01,1.155618e-02,1.154280e-03
11000,layers.1.q_norm.bias,8.874742e-01,7.686755e-03,8.661385e-03
11000,layers.1.k_norm.weight,9.959042e+00,1.124473e-02,1.129098e-03
11000,layers.1.k_norm.bias,1.117213e+00,8.498268e-03,7.606671e-03
11000,layers.2.qk_lut.weights,1.323616e+02,7.083201e+00,5.351400e-02
11000,layers.2.qk_lut.log_soft_score_temp,2.763137e-01,1.642585e-03,5.944638e-03
11000,layers.2.qk_lut.log_select_temp,1.026386e+00,3.257275e-03,3.173538e-03
11000,layers.2.v_lut.weights,1.201919e+02,6.766711e+00,5.629925e-02
11000,layers.2.v_lut.log_soft_score_temp,4.822457e-03,4.485972e-03,9.302254e-01
11000,layers.2.v_lut.log_select_temp,1.301105e+00,5.192518e-03,3.990853e-03
11000,layers.2.out_proj.weights,2.625570e+02,1.499036e+01,5.709374e-02
11000,layers.2.out_proj.log_soft_score_temp,6.640894e-01,1.025248e-02,1.543840e-02
11000,layers.2.out_proj.log_select_temp,8.737950e-01,5.825222e-03,6.666577e-03
11000,layers.2.residual_lut.weights,1.672123e+02,1.004720e+01,6.008653e-02
11000,layers.2.residual_lut.log_soft_score_temp,6.830619e-02,4.124962e-03,6.038929e-02
11000,layers.2.residual_lut.log_select_temp,1.354594e+00,7.851601e-03,5.796276e-03
11000,layers.2.q_norm.weight,9.332163e+00,7.346814e-03,7.872573e-04
11000,layers.2.q_norm.bias,8.296783e-01,4.766212e-03,5.744651e-03
11000,layers.2.k_norm.weight,9.291125e+00,8.045151e-03,8.658963e-04
11000,layers.2.k_norm.bias,1.263094e+00,6.194869e-03,4.904520e-03
11000,layers.3.qk_lut.weights,1.277545e+02,7.164303e+00,5.607867e-02
11000,layers.3.qk_lut.log_soft_score_temp,9.099034e-04,3.006611e-03,3.304318e+00
11000,layers.3.qk_lut.log_select_temp,1.183509e+00,5.746007e-03,4.855060e-03
11000,layers.3.v_lut.weights,1.222969e+02,6.773910e+00,5.538908e-02
11000,layers.3.v_lut.log_soft_score_temp,2.447745e-01,5.252957e-03,2.146039e-02
11000,layers.3.v_lut.log_select_temp,1.220477e+00,6.433487e-03,5.271291e-03
11000,layers.3.out_proj.weights,3.083413e+02,1.537908e+01,4.987679e-02
11000,layers.3.out_proj.log_soft_score_temp,5.969558e-01,1.248032e-02,2.090660e-02
11000,layers.3.out_proj.log_select_temp,1.259442e+00,5.779505e-03,4.588939e-03
11000,layers.3.residual_lut.weights,1.840952e+02,1.013909e+01,5.507525e-02
11000,layers.3.residual_lut.log_soft_score_temp,1.869120e-01,8.347750e-03,4.466140e-02
11000,layers.3.residual_lut.log_select_temp,1.377258e+00,7.033348e-03,5.106776e-03
11000,layers.3.q_norm.weight,1.039937e+01,1.339013e-02,1.287590e-03
11000,layers.3.q_norm.bias,7.813271e-01,7.946335e-03,1.017030e-02
11000,layers.3.k_norm.weight,1.032394e+01,1.310537e-02,1.269416e-03
11000,layers.3.k_norm.bias,1.127269e+00,9.804889e-03,8.697911e-03
11000,layers.4.qk_lut.weights,1.319192e+02,7.222221e+00,5.474733e-02
11000,layers.4.qk_lut.log_soft_score_temp,2.616998e-01,2.546221e-03,9.729548e-03
11000,layers.4.qk_lut.log_select_temp,1.017651e+00,3.675938e-03,3.612180e-03
11000,layers.4.v_lut.weights,1.258593e+02,6.857257e+00,5.448352e-02
11000,layers.4.v_lut.log_soft_score_temp,2.598204e-01,5.384833e-03,2.072521e-02
11000,layers.4.v_lut.log_select_temp,1.258474e+00,3.289104e-03,2.613565e-03
11000,layers.4.out_proj.weights,2.888642e+02,1.539624e+01,5.329921e-02
11000,layers.4.out_proj.log_soft_score_temp,3.614462e-01,9.768724e-03,2.702677e-02
11000,layers.4.out_proj.log_select_temp,1.172236e+00,6.398439e-03,5.458320e-03
11000,layers.4.residual_lut.weights,1.831042e+02,1.016131e+01,5.549470e-02
11000,layers.4.residual_lut.log_soft_score_temp,1.333147e-01,7.369518e-03,5.527911e-02
11000,layers.4.residual_lut.log_select_temp,1.416691e+00,8.061409e-03,5.690308e-03
11000,layers.4.q_norm.weight,9.128998e+00,8.613043e-03,9.434817e-04
11000,layers.4.q_norm.bias,6.845759e-01,5.430163e-03,7.932156e-03
11000,layers.4.k_norm.weight,9.078525e+00,8.876585e-03,9.777564e-04
11000,layers.4.k_norm.bias,1.054384e+00,7.065708e-03,6.701266e-03
11000,layers.5.qk_lut.weights,1.308913e+02,7.276241e+00,5.558995e-02
11000,layers.5.qk_lut.log_soft_score_temp,2.468211e-01,2.594739e-03,1.051263e-02
11000,layers.5.qk_lut.log_select_temp,9.266369e-01,3.497422e-03,3.774317e-03
11000,layers.5.v_lut.weights,1.280945e+02,6.973570e+00,5.444082e-02
11000,layers.5.v_lut.log_soft_score_temp,4.207406e-01,5.065441e-03,1.203934e-02
11000,layers.5.v_lut.log_select_temp,1.055150e+00,1.762867e-03,1.670727e-03
11000,layers.5.out_proj.weights,3.137529e+02,1.566206e+01,4.991846e-02
11000,layers.5.out_proj.log_soft_score_temp,2.192785e-01,1.055533e-02,4.813662e-02
11000,layers.5.out_proj.log_select_temp,1.185844e+00,4.109740e-03,3.465668e-03
11000,layers.5.residual_lut.weights,1.876138e+02,1.023476e+01,5.455226e-02
11000,layers.5.residual_lut.log_soft_score_temp,4.751477e-02,7.699382e-03,1.620419e-01
11000,layers.5.residual_lut.log_select_temp,1.426901e+00,7.719040e-03,5.409655e-03
11000,layers.5.q_norm.weight,9.137937e+00,1.026292e-02,1.123112e-03
11000,layers.5.q_norm.bias,5.168397e-01,6.227298e-03,1.204880e-02
11000,layers.5.k_norm.weight,9.083951e+00,1.026692e-02,1.130226e-03
11000,layers.5.k_norm.bias,7.570542e-01,8.181294e-03,1.080675e-02
11000,ln_final.weight,5.127847e+01,2.777068e-01,5.415660e-03
11000,ln_final.bias,2.237662e+00,2.943531e-02,1.315449e-02
11200,tok_emb_E.weight,1.555580e+02,2.766652e+00,1.778534e-02
11200,emb_resid_lut.weights,2.131541e+02,9.039499e+00,4.240827e-02
11200,emb_resid_lut.log_soft_score_temp,6.135709e-01,2.300739e-04,3.749753e-04
11200,emb_resid_lut.log_select_temp,1.446235e+00,3.671408e-03,2.538597e-03
11200,unembedder.weight,1.700311e+02,4.731639e+00,2.782808e-02
11200,layers.0.qk_lut.weights,1.315725e+02,6.417500e+00,4.877540e-02
11200,layers.0.qk_lut.log_soft_score_temp,9.737075e-01,2.780437e-03,2.855516e-03
11200,layers.0.qk_lut.log_select_temp,1.102892e+00,3.391027e-03,3.074669e-03
11200,layers.0.v_lut.weights,1.243589e+02,6.622668e+00,5.325447e-02
11200,layers.0.v_lut.log_soft_score_temp,4.504781e-01,8.042455e-04,1.785315e-03
11200,layers.0.v_lut.log_select_temp,1.140379e+00,2.684236e-03,2.353810e-03
11200,layers.0.out_proj.weights,2.523045e+02,1.394979e+01,5.528951e-02
11200,layers.0.out_proj.log_soft_score_temp,7.099078e-01,9.056091e-03,1.275671e-02
11200,layers.0.out_proj.log_select_temp,1.113104e+00,7.564306e-03,6.795685e-03
11200,layers.0.residual_lut.weights,1.685746e+02,9.360925e+00,5.552986e-02
11200,layers.0.residual_lut.log_soft_score_temp,1.438250e-01,1.484245e-03,1.031980e-02
11200,layers.0.residual_lut.log_select_temp,1.133802e+00,8.662701e-03,7.640397e-03
11200,layers.0.q_norm.weight,9.420524e+00,8.121912e-03,8.621508e-04
11200,layers.0.q_norm.bias,9.112384e-01,5.884041e-03,6.457191e-03
11200,layers.0.k_norm.weight,9.340084e+00,7.586608e-03,8.122633e-04
11200,layers.0.k_norm.bias,1.310014e+00,6.542002e-03,4.993840e-03
11200,layers.1.qk_lut.weights,1.297173e+02,6.636921e+00,5.116450e-02
11200,layers.1.qk_lut.log_soft_score_temp,3.429483e-02,2.849445e-03,8.308673e-02
11200,layers.1.qk_lut.log_select_temp,1.090375e+00,3.409624e-03,3.127021e-03
11200,layers.1.v_lut.weights,1.201424e+02,6.286413e+00,5.232467e-02
11200,layers.1.v_lut.log_soft_score_temp,2.212980e-02,5.046112e-03,2.280234e-01
11200,layers.1.v_lut.log_select_temp,1.293119e+00,4.979968e-03,3.851129e-03
11200,layers.1.out_proj.weights,2.475213e+02,1.433845e+01,5.792814e-02
11200,layers.1.out_proj.log_soft_score_temp,6.916937e-01,7.873118e-03,1.138238e-02
11200,layers.1.out_proj.log_select_temp,8.247169e-01,4.281819e-03,5.191865e-03
11200,layers.1.residual_lut.weights,1.712967e+02,9.548415e+00,5.574197e-02
11200,layers.1.residual_lut.log_soft_score_temp,2.262998e-01,3.868178e-03,1.709316e-02
11200,layers.1.residual_lut.log_select_temp,1.194904e+00,7.084608e-03,5.929017e-03
11200,layers.1.q_norm.weight,1.001827e+01,9.732126e-03,9.714377e-04
11200,layers.1.q_norm.bias,8.910845e-01,5.999993e-03,6.733360e-03
11200,layers.1.k_norm.weight,9.965356e+00,9.247862e-03,9.280012e-04
11200,layers.1.k_norm.bias,1.119833e+00,6.240056e-03,5.572311e-03
11200,layers.2.qk_lut.weights,1.326201e+02,6.743021e+00,5.084466e-02
11200,layers.2.qk_lut.log_soft_score_temp,2.755869e-01,7.267296e-04,2.637025e-03
11200,layers.2.qk_lut.log_select_temp,1.030530e+00,4.143953e-03,4.021187e-03
11200,layers.2.v_lut.weights,1.204229e+02,6.421576e+00,5.332522e-02
11200,layers.2.v_lut.log_soft_score_temp,8.213095e-03,3.390638e-03,4.128332e-01
11200,layers.2.v_lut.log_select_temp,1.306733e+00,5.627990e-03,4.306916e-03
11200,layers.2.out_proj.weights,2.630267e+02,1.426244e+01,5.422432e-02
11200,layers.2.out_proj.log_soft_score_temp,6.731958e-01,9.106457e-03,1.352720e-02
11200,layers.2.out_proj.log_select_temp,8.801793e-01,6.384313e-03,7.253423e-03
11200,layers.2.residual_lut.weights,1.674287e+02,9.554319e+00,5.706500e-02
11200,layers.2.residual_lut.log_soft_score_temp,6.246093e-02,5.845260e-03,9.358267e-02
11200,layers.2.residual_lut.log_select_temp,1.361835e+00,7.241011e-03,5.317098e-03
11200,layers.2.q_norm.weight,9.336927e+00,7.880947e-03,8.440621e-04
11200,layers.2.q_norm.bias,8.316666e-01,4.949314e-03,5.951079e-03
11200,layers.2.k_norm.weight,9.295911e+00,7.759065e-03,8.346751e-04
11200,layers.2.k_norm.bias,1.264726e+00,7.343153e-03,5.806121e-03
11200,layers.3.qk_lut.weights,1.279850e+02,6.799847e+00,5.313002e-02
11200,layers.3.qk_lut.log_soft_score_temp,4.464142e-03,3.554238e-03,7.961750e-01
11200,layers.3.qk_lut.log_select_temp,1.188345e+00,4.836559e-03,4.069994e-03
11200,layers.3.v_lut.weights,1.225064e+02,6.438179e+00,5.255381e-02
11200,layers.3.v_lut.log_soft_score_temp,2.378437e-01,6.930783e-03,2.914007e-02
11200,layers.3.v_lut.log_select_temp,1.225758e+00,5.281329e-03,4.308624e-03
11200,layers.3.out_proj.weights,3.093060e+02,1.459538e+01,4.718752e-02
11200,layers.3.out_proj.log_soft_score_temp,6.101190e-01,1.316321e-02,2.157482e-02
11200,layers.3.out_proj.log_select_temp,1.263329e+00,3.886938e-03,3.076742e-03
11200,layers.3.residual_lut.weights,1.844838e+02,9.649384e+00,5.230478e-02
11200,layers.3.residual_lut.log_soft_score_temp,1.800040e-01,6.907955e-03,3.837667e-02
11200,layers.3.residual_lut.log_select_temp,1.385006e+00,7.748365e-03,5.594462e-03
11200,layers.3.q_norm.weight,1.040900e+01,1.308067e-02,1.256670e-03
11200,layers.3.q_norm.bias,7.861766e-01,7.902876e-03,1.005229e-02
11200,layers.3.k_norm.weight,1.033332e+01,1.313178e-02,1.270819e-03
11200,layers.3.k_norm.bias,1.132244e+00,8.885536e-03,7.847719e-03
11200,layers.4.qk_lut.weights,1.321790e+02,6.868609e+00,5.196443e-02
11200,layers.4.qk_lut.log_soft_score_temp,2.593077e-01,2.392143e-03,9.225114e-03
11200,layers.4.qk_lut.log_select_temp,1.021177e+00,3.526688e-03,3.453550e-03
11200,layers.4.v_lut.weights,1.260866e+02,6.534401e+00,5.182472e-02
11200,layers.4.v_lut.log_soft_score_temp,2.544401e-01,5.380273e-03,2.114554e-02
11200,layers.4.v_lut.log_select_temp,1.261869e+00,3.395319e-03,2.690706e-03
11200,layers.4.out_proj.weights,2.896197e+02,1.462742e+01,5.050560e-02
11200,layers.4.out_proj.log_soft_score_temp,3.711377e-01,9.691536e-03,2.611304e-02
11200,layers.4.out_proj.log_select_temp,1.178183e+00,5.947351e-03,5.047899e-03
11200,layers.4.residual_lut.weights,1.835347e+02,9.668020e+00,5.267681e-02
11200,layers.4.residual_lut.log_soft_score_temp,1.250946e-01,8.220062e-03,6.571074e-02
11200,layers.4.residual_lut.log_select_temp,1.423939e+00,7.247567e-03,5.089803e-03
11200,layers.4.q_norm.weight,9.134477e+00,9.238712e-03,1.011411e-03
11200,layers.4.q_norm.bias,6.872256e-01,5.596348e-03,8.143392e-03
11200,layers.4.k_norm.weight,9.083733e+00,8.987584e-03,9.894153e-04
11200,layers.4.k_norm.bias,1.058516e+00,8.626790e-03,8.149890e-03
11200,layers.5.qk_lut.weights,1.311485e+02,6.915169e+00,5.272779e-02
11200,layers.5.qk_lut.log_soft_score_temp,2.443348e-01,2.486348e-03,1.017599e-02
11200,layers.5.qk_lut.log_select_temp,9.308099e-01,4.173040e-03,4.483236e-03
11200,layers.5.v_lut.weights,1.283361e+02,6.629491e+00,5.165727e-02
11200,layers.5.v_lut.log_soft_score_temp,4.159964e-01,4.744232e-03,1.140450e-02
11200,layers.5.v_lut.log_select_temp,1.057333e+00,2.182603e-03,2.064254e-03
11200,layers.5.out_proj.weights,3.146215e+02,1.486760e+01,4.725553e-02
11200,layers.5.out_proj.log_soft_score_temp,2.269736e-01,7.695094e-03,3.390303e-02
11200,layers.5.out_proj.log_select_temp,1.192098e+00,6.253958e-03,5.246179e-03
11200,layers.5.residual_lut.weights,1.881009e+02,9.752805e+00,5.184879e-02
11200,layers.5.residual_lut.log_soft_score_temp,4.177442e-02,5.740348e-03,1.374130e-01
11200,layers.5.residual_lut.log_select_temp,1.434384e+00,7.483602e-03,5.217293e-03
11200,layers.5.q_norm.weight,9.144585e+00,8.957372e-03,9.795275e-04
11200,layers.5.q_norm.bias,5.179508e-01,5.653680e-03,1.091548e-02
11200,layers.5.k_norm.weight,9.090246e+00,8.800903e-03,9.681700e-04
11200,layers.5.k_norm.bias,7.599990e-01,8.777764e-03,1.154970e-02
11200,ln_final.weight,5.154184e+01,2.640719e-01,5.123447e-03
11200,ln_final.bias,2.249351e+00,2.763099e-02,1.228399e-02
11400,tok_emb_E.weight,1.555948e+02,2.630506e+00,1.690614e-02
11400,emb_resid_lut.weights,2.134153e+02,8.589890e+00,4.024964e-02
11400,emb_resid_lut.log_soft_score_temp,6.116626e-01,1.908362e-03,3.119959e-03
11400,emb_resid_lut.log_select_temp,1.448175e+00,1.940131e-03,1.339708e-03
11400,unembedder.weight,1.698442e+02,4.492096e+00,2.644833e-02
11400,layers.0.qk_lut.weights,1.317939e+02,6.149876e+00,4.666282e-02
11400,layers.0.qk_lut.log_soft_score_temp,9.752352e-01,1.527667e-03,1.566460e-03
11400,layers.0.qk_lut.log_select_temp,1.105019e+00,2.127647e-03,1.925439e-03
11400,layers.0.v_lut.weights,1.245637e+02,6.311663e+00,5.067017e-02
11400,layers.0.v_lut.log_soft_score_temp,4.502993e-01,1.788735e-04,3.972326e-04
11400,layers.0.v_lut.log_select_temp,1.143386e+00,3.006697e-03,2.629643e-03
11400,layers.0.out_proj.weights,2.526655e+02,1.326365e+01,5.249489e-02
11400,layers.0.out_proj.log_soft_score_temp,7.172339e-01,7.326066e-03,1.021433e-02
11400,layers.0.out_proj.log_select_temp,1.121470e+00,8.365989e-03,7.459840e-03
11400,layers.0.residual_lut.weights,1.688603e+02,8.903045e+00,5.272432e-02
11400,layers.0.residual_lut.log_soft_score_temp,1.422207e-01,1.604289e-03,1.128028e-02
11400,layers.0.residual_lut.log_select_temp,1.143173e+00,9.370446e-03,8.196876e-03
11400,layers.0.q_norm.weight,9.426865e+00,8.892513e-03,9.433161e-04
11400,layers.0.q_norm.bias,9.143199e-01,5.792812e-03,6.335651e-03
11400,layers.0.k_norm.weight,9.346098e+00,8.513832e-03,9.109505e-04
11400,layers.0.k_norm.bias,1.315345e+00,8.998198e-03,6.840941e-03
11400,layers.1.qk_lut.weights,1.299434e+02,6.345763e+00,4.883482e-02
11400,layers.1.qk_lut.log_soft_score_temp,3.713437e-02,2.839543e-03,7.646671e-02
11400,layers.1.qk_lut.log_select_temp,1.093106e+00,2.731085e-03,2.498463e-03
11400,layers.1.v_lut.weights,1.203340e+02,5.981794e+00,4.970994e-02
11400,layers.1.v_lut.log_soft_score_temp,1.822741e-02,3.902396e-03,2.140950e-01
11400,layers.1.v_lut.log_select_temp,1.297622e+00,4.502892e-03,3.470112e-03
11400,layers.1.out_proj.weights,2.477081e+02,1.362204e+01,5.499232e-02
11400,layers.1.out_proj.log_soft_score_temp,6.991380e-01,7.444322e-03,1.064786e-02
11400,layers.1.out_proj.log_select_temp,8.282884e-01,3.571510e-03,4.311916e-03
11400,layers.1.residual_lut.weights,1.715309e+02,9.083753e+00,5.295696e-02
11400,layers.1.residual_lut.log_soft_score_temp,2.234084e-01,2.891347e-03,1.294198e-02
11400,layers.1.residual_lut.log_select_temp,1.202815e+00,7.910967e-03,6.577042e-03
11400,layers.1.q_norm.weight,1.002475e+01,9.628573e-03,9.604803e-04
11400,layers.1.q_norm.bias,8.950859e-01,6.103905e-03,6.819351e-03
11400,layers.1.k_norm.weight,9.971760e+00,9.103551e-03,9.129332e-04
11400,layers.1.k_norm.bias,1.123350e+00,6.864335e-03,6.110595e-03
11400,layers.2.qk_lut.weights,1.328647e+02,6.405203e+00,4.820848e-02
11400,layers.2.qk_lut.log_soft_score_temp,2.739595e-01,1.627475e-03,5.940569e-03
11400,layers.2.qk_lut.log_select_temp,1.033456e+00,2.926350e-03,2.831614e-03
11400,layers.2.v_lut.weights,1.206187e+02,6.123151e+00,5.076451e-02
11400,layers.2.v_lut.log_soft_score_temp,1.200574e-02,3.792645e-03,3.159027e-01
11400,layers.2.v_lut.log_select_temp,1.310964e+00,4.230738e-03,3.227197e-03
11400,layers.2.out_proj.weights,2.634304e+02,1.354004e+01,5.139894e-02
11400,layers.2.out_proj.log_soft_score_temp,6.822903e-01,9.094417e-03,1.332925e-02
11400,layers.2.out_proj.log_select_temp,8.850515e-01,4.872203e-03,5.504994e-03
11400,layers.2.residual_lut.weights,1.676198e+02,9.087605e+00,5.421557e-02
11400,layers.2.residual_lut.log_soft_score_temp,5.802293e-02,4.437990e-03,7.648683e-02
11400,layers.2.residual_lut.log_select_temp,1.368819e+00,6.983638e-03,5.101945e-03
11400,layers.2.q_norm.weight,9.340476e+00,8.231166e-03,8.812362e-04
11400,layers.2.q_norm.bias,8.333430e-01,4.523999e-03,5.428735e-03
11400,layers.2.k_norm.weight,9.299481e+00,8.355545e-03,8.984958e-04
11400,layers.2.k_norm.bias,1.267126e+00,6.975195e-03,5.504736e-03
11400,layers.3.qk_lut.weights,1.281940e+02,6.454019e+00,5.034571e-02
11400,layers.3.qk_lut.log_soft_score_temp,7.761863e-03,3.297721e-03,4.248620e-01
11400,layers.3.qk_lut.log_select_temp,1.192646e+00,4.300833e-03,3.606126e-03
11400,layers.3.v_lut.weights,1.226908e+02,6.114455e+00,4.983629e-02
11400,layers.3.v_lut.log_soft_score_temp,2.326663e-01,5.177483e-03,2.225283e-02
11400,layers.3.v_lut.log_select_temp,1.231596e+00,5.837679e-03,4.739932e-03
11400,layers.3.out_proj.weights,3.102122e+02,1.386983e+01,4.471078e-02
11400,layers.3.out_proj.log_soft_score_temp,6.210219e-01,1.090288e-02,1.755636e-02
11400,layers.3.out_proj.log_select_temp,1.268110e+00,4.781008e-03,3.770183e-03
11400,layers.3.residual_lut.weights,1.848311e+02,9.164430e+00,4.958271e-02
11400,layers.3.residual_lut.log_soft_score_temp,1.736463e-01,6.357700e-03,3.661293e-02
11400,layers.3.residual_lut.log_select_temp,1.391716e+00,6.710052e-03,4.821422e-03
11400,layers.3.q_norm.weight,1.041756e+01,1.219613e-02,1.170729e-03
11400,layers.3.q_norm.bias,7.886235e-01,6.403029e-03,8.119248e-03
11400,layers.3.k_norm.weight,1.034138e+01,1.193849e-02,1.154439e-03
11400,layers.3.k_norm.bias,1.135246e+00,6.819338e-03,6.006924e-03
11400,layers.4.qk_lut.weights,1.324089e+02,6.510397e+00,4.916887e-02
11400,layers.4.qk_lut.log_soft_score_temp,2.586662e-01,6.415248e-04,2.480126e-03
11400,layers.4.qk_lut.log_select_temp,1.025970e+00,4.792929e-03,4.671606e-03
11400,layers.4.v_lut.weights,1.262890e+02,6.187329e+00,4.899342e-02
11400,layers.4.v_lut.log_soft_score_temp,2.492468e-01,5.193308e-03,2.083600e-02
11400,layers.4.v_lut.log_select_temp,1.264553e+00,2.684116e-03,2.122581e-03
11400,layers.4.out_proj.weights,2.903057e+02,1.386653e+01,4.776528e-02
11400,layers.4.out_proj.log_soft_score_temp,3.804756e-01,9.337813e-03,2.454248e-02
11400,layers.4.out_proj.log_select_temp,1.182525e+00,4.341125e-03,3.671066e-03
11400,layers.4.residual_lut.weights,1.839239e+02,9.192462e+00,4.997971e-02
11400,layers.4.residual_lut.log_soft_score_temp,1.182193e-01,6.875306e-03,5.815721e-02
11400,layers.4.residual_lut.log_select_temp,1.430957e+00,7.018328e-03,4.904639e-03
11400,layers.4.q_norm.weight,9.138714e+00,8.164940e-03,8.934452e-04
11400,layers.4.q_norm.bias,6.864647e-01,5.280667e-03,7.692555e-03
11400,layers.4.k_norm.weight,9.088317e+00,8.349446e-03,9.187010e-04
11400,layers.4.k_norm.bias,1.057766e+00,7.581381e-03,7.167352e-03
11400,layers.5.qk_lut.weights,1.313710e+02,6.572440e+00,5.002961e-02
11400,layers.5.qk_lut.log_soft_score_temp,2.421717e-01,2.163067e-03,8.931958e-03
11400,layers.5.qk_lut.log_select_temp,9.341637e-01,3.353775e-03,3.590136e-03
11400,layers.5.v_lut.weights,1.285516e+02,6.302257e+00,4.902510e-02
11400,layers.5.v_lut.log_soft_score_temp,4.125024e-01,3.493994e-03,8.470241e-03
11400,layers.5.v_lut.log_select_temp,1.059959e+00,2.626896e-03,2.478299e-03
11400,layers.5.out_proj.weights,3.154217e+02,1.410646e+01,4.472255e-02
11400,layers.5.out_proj.log_soft_score_temp,2.345825e-01,7.608876e-03,3.243582e-02
11400,layers.5.out_proj.log_select_temp,1.197645e+00,5.547166e-03,4.631729e-03
11400,layers.5.residual_lut.weights,1.885408e+02,9.264763e+00,4.913931e-02
11400,layers.5.residual_lut.log_soft_score_temp,3.545666e-02,6.317753e-03,1.781824e-01
11400,layers.5.residual_lut.log_select_temp,1.440975e+00,6.590486e-03,4.573631e-03
11400,layers.5.q_norm.weight,9.149431e+00,8.210849e-03,8.974163e-04
11400,layers.5.q_norm.bias,5.202208e-01,5.074419e-03,9.754357e-03
11400,layers.5.k_norm.weight,9.095161e+00,8.173318e-03,8.986446e-04
11400,layers.5.k_norm.bias,7.613369e-01,6.537669e-03,8.587092e-03
11400,ln_final.weight,5.179340e+01,2.521718e-01,4.868803e-03
11400,ln_final.bias,2.259892e+00,2.521601e-02,1.115806e-02
11600,tok_emb_E.weight,1.556276e+02,2.500650e+00,1.606817e-02
11600,emb_resid_lut.weights,2.136509e+02,8.180938e+00,3.829115e-02
11600,emb_resid_lut.log_soft_score_temp,6.113932e-01,2.693534e-04,4.405567e-04
11600,emb_resid_lut.log_select_temp,1.451440e+00,3.264785e-03,2.249342e-03
11600,unembedder.weight,1.696905e+02,4.275140e+00,2.519374e-02
11600,layers.0.qk_lut.weights,1.319954e+02,5.839184e+00,4.423780e-02
11600,layers.0.qk_lut.log_soft_score_temp,9.779541e-01,2.718925e-03,2.780218e-03
11600,layers.0.qk_lut.log_select_temp,1.107789e+00,2.769947e-03,2.500427e-03
11600,layers.0.v_lut.weights,1.247446e+02,6.009751e+00,4.817645e-02
11600,layers.0.v_lut.log_soft_score_temp,4.497854e-01,5.138516e-04,1.142437e-03
11600,layers.0.v_lut.log_select_temp,1.145683e+00,2.297521e-03,2.005371e-03
11600,layers.0.out_proj.weights,2.529801e+02,1.258555e+01,4.974916e-02
11600,layers.0.out_proj.log_soft_score_temp,7.238396e-01,6.605685e-03,9.125896e-03
11600,layers.0.out_proj.log_select_temp,1.128574e+00,7.103205e-03,6.293967e-03
11600,layers.0.residual_lut.weights,1.691230e+02,8.454487e+00,4.999016e-02
11600,layers.0.residual_lut.log_soft_score_temp,1.412205e-01,1.000226e-03,7.082724e-03
11600,layers.0.residual_lut.log_select_temp,1.152170e+00,8.997202e-03,7.808918e-03
11600,layers.0.q_norm.weight,9.431829e+00,8.277788e-03,8.776439e-04
11600,layers.0.q_norm.bias,9.172893e-01,5.350834e-03,5.833311e-03
11600,layers.0.k_norm.weight,9.350566e+00,7.703327e-03,8.238354e-04
11600,layers.0.k_norm.bias,1.319668e+00,6.695187e-03,5.073386e-03
11600,layers.1.qk_lut.weights,1.301382e+02,5.993244e+00,4.605293e-02
11600,layers.1.qk_lut.log_soft_score_temp,3.896544e-02,1.831073e-03,4.699224e-02
11600,layers.1.qk_lut.log_select_temp,1.097269e+00,4.163384e-03,3.794315e-03
11600,layers.1.v_lut.weights,1.205094e+02,5.667168e+00,4.702676e-02
11600,layers.1.v_lut.log_soft_score_temp,1.607979e-02,2.147619e-03,1.335601e-01
11600,layers.1.v_lut.log_select_temp,1.302794e+00,5.171776e-03,3.969758e-03
11600,layers.1.out_proj.weights,2.478730e+02,1.291038e+01,5.208466e-02
11600,layers.1.out_proj.log_soft_score_temp,7.057049e-01,6.566942e-03,9.305506e-03
11600,layers.1.out_proj.log_select_temp,8.327816e-01,4.493237e-03,5.395456e-03
11600,layers.1.residual_lut.weights,1.717379e+02,8.605064e+00,5.010579e-02
11600,layers.1.residual_lut.log_soft_score_temp,2.204979e-01,2.910510e-03,1.319972e-02
11600,layers.1.residual_lut.log_select_temp,1.210901e+00,8.085847e-03,6.677545e-03
11600,layers.1.q_norm.weight,1.003169e+01,1.030980e-02,1.027723e-03
11600,layers.1.q_norm.bias,8.979362e-01,5.019521e-03,5.590065e-03
11600,layers.1.k_norm.weight,9.978559e+00,1.033758e-02,1.035979e-03
11600,layers.1.k_norm.bias,1.125983e+00,5.778680e-03,5.132121e-03
11600,layers.2.qk_lut.weights,1.330800e+02,6.074812e+00,4.564782e-02
11600,layers.2.qk_lut.log_soft_score_temp,2.734716e-01,4.878342e-04,1.783857e-03
11600,layers.2.qk_lut.log_select_temp,1.036921e+00,3.464341e-03,3.340990e-03
11600,layers.2.v_lut.weights,1.207999e+02,5.807934e+00,4.807897e-02
11600,layers.2.v_lut.log_soft_score_temp,1.585646e-02,3.850715e-03,2.428484e-01
11600,layers.2.v_lut.log_select_temp,1.315284e+00,4.320502e-03,3.284843e-03
11600,layers.2.out_proj.weights,2.637984e+02,1.283805e+01,4.866613e-02
11600,layers.2.out_proj.log_soft_score_temp,6.907887e-01,8.498490e-03,1.230259e-02
11600,layers.2.out_proj.log_select_temp,8.902311e-01,5.179644e-03,5.818313e-03
11600,layers.2.residual_lut.weights,1.677872e+02,8.617948e+00,5.136238e-02
11600,layers.2.residual_lut.log_soft_score_temp,5.470102e-02,3.321912e-03,6.072852e-02
11600,layers.2.residual_lut.log_select_temp,1.376131e+00,7.312655e-03,5.313923e-03
11600,layers.2.q_norm.weight,9.345330e+00,7.791080e-03,8.336869e-04
11600,layers.2.q_norm.bias,8.350266e-01,5.072752e-03,6.074958e-03
11600,layers.2.k_norm.weight,9.304006e+00,7.712738e-03,8.289696e-04
11600,layers.2.k_norm.bias,1.268515e+00,6.119546e-03,4.824183e-03
11600,layers.3.qk_lut.weights,1.283951e+02,6.128107e+00,4.772852e-02
11600,layers.3.qk_lut.log_soft_score_temp,1.101425e-02,3.252386e-03,2.952889e-01
11600,layers.3.qk_lut.log_select_temp,1.197376e+00,4.729390e-03,3.949796e-03
11600,layers.3.v_lut.weights,1.228627e+02,5.807808e+00,4.727072e-02
11600,layers.3.v_lut.log_soft_score_temp,2.261768e-01,6.489486e-03,2.869210e-02
11600,layers.3.v_lut.log_select_temp,1.236654e+00,5.058646e-03,4.090591e-03
11600,layers.3.out_proj.weights,3.110493e+02,1.314659e+01,4.226529e-02
11600,layers.3.out_proj.log_soft_score_temp,6.317616e-01,1.073968e-02,1.699958e-02
11600,layers.3.out_proj.log_select_temp,1.273214e+00,5.104065e-03,4.008802e-03
11600,layers.3.residual_lut.weights,1.851394e+02,8.696492e+00,4.697267e-02
11600,layers.3.residual_lut.log_soft_score_temp,1.665549e-01,7.091448e-03,4.257725e-02
11600,layers.3.residual_lut.log_select_temp,1.397413e+00,5.696535e-03,4.076486e-03
11600,layers.3.q_norm.weight,1.042556e+01,1.121633e-02,1.075849e-03
11600,layers.3.q_norm.bias,7.926321e-01,6.366017e-03,8.031491e-03
11600,layers.3.k_norm.weight,1.034891e+01,1.072394e-02,1.036239e-03
11600,layers.3.k_norm.bias,1.139615e+00,8.127348e-03,7.131663e-03
11600,layers.4.qk_lut.weights,1.326109e+02,6.207476e+00,4.680968e-02
11600,layers.4.qk_lut.log_soft_score_temp,2.556552e-01,3.010958e-03,1.177742e-02
11600,layers.4.qk_lut.log_select_temp,1.027993e+00,2.022982e-03,1.967894e-03
11600,layers.4.v_lut.weights,1.264721e+02,5.892952e+00,4.659488e-02
11600,layers.4.v_lut.log_soft_score_temp,2.441795e-01,5.067363e-03,2.075262e-02
11600,layers.4.v_lut.log_select_temp,1.267055e+00,2.501726e-03,1.974442e-03
11600,layers.4.out_proj.weights,2.909331e+02,1.316898e+01,4.526462e-02
11600,layers.4.out_proj.log_soft_score_temp,3.898626e-01,9.387016e-03,2.407776e-02
11600,layers.4.out_proj.log_select_temp,1.187281e+00,4.756331e-03,4.006071e-03
11600,layers.4.residual_lut.weights,1.842845e+02,8.722943e+00,4.733410e-02
11600,layers.4.residual_lut.log_soft_score_temp,1.113266e-01,6.892778e-03,6.191495e-02
11600,layers.4.residual_lut.log_select_temp,1.437578e+00,6.620884e-03,4.605583e-03
11600,layers.4.q_norm.weight,9.141488e+00,7.851983e-03,8.589393e-04
11600,layers.4.q_norm.bias,6.890711e-01,5.929745e-03,8.605419e-03
11600,layers.4.k_norm.weight,9.090964e+00,7.759173e-03,8.535038e-04
11600,layers.4.k_norm.bias,1.060449e+00,7.862627e-03,7.414435e-03
11600,layers.5.qk_lut.weights,1.315639e+02,6.258818e+00,4.757244e-02
11600,layers.5.qk_lut.log_soft_score_temp,2.391355e-01,3.036216e-03,1.269664e-02
11600,layers.5.qk_lut.log_select_temp,9.369727e-01,2.809048e-03,2.998004e-03
11600,layers.5.v_lut.weights,1.287419e+02,6.004547e+00,4.664019e-02
11600,layers.5.v_lut.log_soft_score_temp,4.080102e-01,4.492134e-03,1.100986e-02
11600,layers.5.v_lut.log_select_temp,1.061728e+00,1.768231e-03,1.665428e-03
11600,layers.5.out_proj.weights,3.161399e+02,1.337392e+01,4.230379e-02
11600,layers.5.out_proj.log_soft_score_temp,2.429319e-01,8.349389e-03,3.436926e-02
11600,layers.5.out_proj.log_select_temp,1.201755e+00,4.110575e-03,3.420475e-03
11600,layers.5.residual_lut.weights,1.889353e+02,8.791333e+00,4.653091e-02
11600,layers.5.residual_lut.log_soft_score_temp,2.789679e-02,7.559875e-03,2.709944e-01
11600,layers.5.residual_lut.log_select_temp,1.446776e+00,5.801558e-03,4.009990e-03
11600,layers.5.q_norm.weight,9.153038e+00,7.727071e-03,8.442084e-04
11600,layers.5.q_norm.bias,5.216299e-01,4.996997e-03,9.579584e-03
11600,layers.5.k_norm.weight,9.098726e+00,7.409100e-03,8.143008e-04
11600,layers.5.k_norm.bias,7.626461e-01,7.050854e-03,9.245250e-03
11600,ln_final.weight,5.203136e+01,2.385940e-01,4.585580e-03
11600,ln_final.bias,2.270630e+00,2.518971e-02,1.109371e-02
11800,tok_emb_E.weight,1.556572e+02,2.369016e+00,1.521944e-02
11800,emb_resid_lut.weights,2.138626e+02,7.761188e+00,3.629054e-02
11800,emb_resid_lut.log_soft_score_temp,6.113816e-01,1.156330e-05,1.891339e-05
11800,emb_resid_lut.log_select_temp,1.454330e+00,2.890468e-03,1.987491e-03
11800,unembedder.weight,1.695440e+02,4.070972e+00,2.401130e-02
11800,layers.0.qk_lut.weights,1.321742e+02,5.546816e+00,4.196595e-02
11800,layers.0.qk_lut.log_soft_score_temp,9.798083e-01,1.854181e-03,1.892392e-03
11800,layers.0.qk_lut.log_select_temp,1.110006e+00,2.216578e-03,1.996906e-03
11800,layers.0.v_lut.weights,1.249085e+02,5.703909e+00,4.566471e-02
11800,layers.0.v_lut.log_soft_score_temp,4.496545e-01,1.308918e-04,2.910941e-04
11800,layers.0.v_lut.log_select_temp,1.148048e+00,2.364159e-03,2.059286e-03
11800,layers.0.out_proj.weights,2.532579e+02,1.195029e+01,4.718626e-02
11800,layers.0.out_proj.log_soft_score_temp,7.304749e-01,6.635308e-03,9.083554e-03
11800,layers.0.out_proj.log_select_temp,1.135380e+00,6.806731e-03,5.995111e-03
11800,layers.0.residual_lut.weights,1.693597e+02,8.018222e+00,4.734432e-02
11800,layers.0.residual_lut.log_soft_score_temp,1.403772e-01,8.432716e-04,6.007184e-03
11800,layers.0.residual_lut.log_select_temp,1.160615e+00,8.445382e-03,7.276641e-03
11800,layers.0.q_norm.weight,9.436816e+00,7.722969e-03,8.183871e-04
11800,layers.0.q_norm.bias,9.197076e-01,4.736643e-03,5.150162e-03
11800,layers.0.k_norm.weight,9.355145e+00,7.759143e-03,8.293985e-04
11800,layers.0.k_norm.bias,1.323929e+00,6.090430e-03,4.600268e-03
11800,layers.1.qk_lut.weights,1.303123e+02,5.674944e+00,4.354879e-02
11800,layers.1.qk_lut.log_soft_score_temp,4.102950e-02,2.064057e-03,5.030665e-02
11800,layers.1.qk_lut.log_select_temp,1.100625e+00,3.355980e-03,3.049158e-03
11800,layers.1.v_lut.weights,1.206709e+02,5.395915e+00,4.471594e-02
11800,layers.1.v_lut.log_soft_score_temp,1.255419e-02,3.525596e-03,2.808302e-01
11800,layers.1.v_lut.log_select_temp,1.306657e+00,3.863215e-03,2.956565e-03
11800,layers.1.out_proj.weights,2.480132e+02,1.224612e+01,4.937687e-02
11800,layers.1.out_proj.log_soft_score_temp,7.113702e-01,5.665302e-03,7.963929e-03
11800,layers.1.out_proj.log_select_temp,8.372361e-01,4.454494e-03,5.320475e-03
11800,layers.1.residual_lut.weights,1.719162e+02,8.161432e+00,4.747330e-02
11800,layers.1.residual_lut.log_soft_score_temp,2.165927e-01,3.905237e-03,1.803033e-02
11800,layers.1.residual_lut.log_select_temp,1.217093e+00,6.191969e-03,5.087506e-03
11800,layers.1.q_norm.weight,1.003839e+01,8.271555e-03,8.239921e-04
11800,layers.1.q_norm.bias,9.010509e-01,5.126182e-03,5.689116e-03
11800,layers.1.k_norm.weight,9.985109e+00,8.823304e-03,8.836462e-04
11800,layers.1.k_norm.bias,1.129212e+00,6.503936e-03,5.759714e-03
11800,layers.2.qk_lut.weights,1.332774e+02,5.755895e+00,4.318733e-02
11800,layers.2.qk_lut.log_soft_score_temp,2.721305e-01,1.341134e-03,4.928277e-03
11800,layers.2.qk_lut.log_select_temp,1.039400e+00,2.479792e-03,2.385790e-03
11800,layers.2.v_lut.weights,1.209673e+02,5.499691e+00,4.546426e-02
11800,layers.2.v_lut.log_soft_score_temp,1.754774e-02,1.691284e-03,9.638185e-02
11800,layers.2.v_lut.log_select_temp,1.320667e+00,5.383134e-03,4.076071e-03
11800,layers.2.out_proj.weights,2.641248e+02,1.218263e+01,4.612454e-02
11800,layers.2.out_proj.log_soft_score_temp,6.983933e-01,7.604599e-03,1.088870e-02
11800,layers.2.out_proj.log_select_temp,8.955265e-01,5.295396e-03,5.913165e-03
11800,layers.2.residual_lut.weights,1.679215e+02,8.173275e+00,4.867319e-02
11800,layers.2.residual_lut.log_soft_score_temp,4.996628e-02,4.734747e-03,9.475886e-02
11800,layers.2.residual_lut.log_select_temp,1.382203e+00,6.071329e-03,4.392503e-03
11800,layers.2.q_norm.weight,9.348669e+00,6.925874e-03,7.408406e-04
11800,layers.2.q_norm.bias,8.370123e-01,4.402746e-03,5.260073e-03
11800,layers.2.k_norm.weight,9.307332e+00,7.133274e-03,7.664145e-04
11800,layers.2.k_norm.bias,1.271576e+00,6.563917e-03,5.162034e-03
11800,layers.3.qk_lut.weights,1.285706e+02,5.823589e+00,4.529488e-02
11800,layers.3.qk_lut.log_soft_score_temp,1.355999e-02,2.545745e-03,1.877394e-01
11800,layers.3.qk_lut.log_select_temp,1.201752e+00,4.376769e-03,3.641989e-03
11800,layers.3.v_lut.weights,1.230159e+02,5.517129e+00,4.484893e-02
11800,layers.3.v_lut.log_soft_score_temp,2.212421e-01,4.934669e-03,2.230438e-02
11800,layers.3.v_lut.log_select_temp,1.241950e+00,5.295396e-03,4.263777e-03
11800,layers.3.out_proj.weights,3.118205e+02,1.245480e+01,3.994222e-02
11800,layers.3.out_proj.log_soft_score_temp,6.410947e-01,9.333134e-03,1.455812e-02
11800,layers.3.out_proj.log_select_temp,1.277724e+00,4.509449e-03,3.529283e-03
11800,layers.3.residual_lut.weights,1.854220e+02,8.242012e+00,4.445002e-02
11800,layers.3.residual_lut.log_soft_score_temp,1.607196e-01,5.835235e-03,3.630692e-02
11800,layers.3.residual_lut.log_select_temp,1.403104e+00,5.690932e-03,4.055959e-03
11800,layers.3.q_norm.weight,1.043327e+01,1.075339e-02,1.030683e-03
11800,layers.3.q_norm.bias,7.955049e-01,5.596238e-03,7.034825e-03
11800,layers.3.k_norm.weight,1.035614e+01,1.041738e-02,1.005914e-03
11800,layers.3.k_norm.bias,1.144150e+00,7.944692e-03,6.943749e-03
11800,layers.4.qk_lut.weights,1.328104e+02,5.850126e+00,4.404869e-02
11800,layers.4.qk_lut.log_soft_score_temp,2.539402e-01,1.714975e-03,6.753458e-03
11800,layers.4.qk_lut.log_select_temp,1.031384e+00,3.390670e-03,3.287495e-03
11800,layers.4.v_lut.weights,1.266331e+02,5.567202e+00,4.396326e-02
11800,layers.4.v_lut.log_soft_score_temp,2.397874e-01,4.392087e-03,1.831659e-02
11800,layers.4.v_lut.log_select_temp,1.269846e+00,2.790809e-03,2.197754e-03
11800,layers.4.out_proj.weights,2.915105e+02,1.245397e+01,4.272221e-02
11800,layers.4.out_proj.log_soft_score_temp,3.973182e-01,7.455647e-03,1.876493e-02
11800,layers.4.out_proj.log_select_temp,1.191924e+00,4.643440e-03,3.895751e-03
11800,layers.4.residual_lut.weights,1.846052e+02,8.268084e+00,4.478791e-02
11800,layers.4.residual_lut.log_soft_score_temp,1.049424e-01,6.384104e-03,6.083434e-02
11800,layers.4.residual_lut.log_select_temp,1.443117e+00,5.539060e-03,3.838261e-03
11800,layers.4.q_norm.weight,9.145640e+00,7.586237e-03,8.294922e-04
11800,layers.4.q_norm.bias,6.897752e-01,4.287564e-03,6.215886e-03
11800,layers.4.k_norm.weight,9.094938e+00,7.411098e-03,8.148596e-04
11800,layers.4.k_norm.bias,1.062615e+00,5.221287e-03,4.913620e-03
11800,layers.5.qk_lut.weights,1.317435e+02,5.913115e+00,4.488353e-02
11800,layers.5.qk_lut.log_soft_score_temp,2.354172e-01,3.718272e-03,1.579439e-02
11800,layers.5.qk_lut.log_select_temp,9.386269e-01,1.654208e-03,1.762370e-03
11800,layers.5.v_lut.weights,1.289211e+02,5.666276e+00,4.395150e-02
11800,layers.5.v_lut.log_soft_score_temp,4.047237e-01,3.286570e-03,8.120529e-03
11800,layers.5.v_lut.log_select_temp,1.063246e+00,1.518726e-03,1.428386e-03
11800,layers.5.out_proj.weights,3.168064e+02,1.266700e+01,3.998343e-02
11800,layers.5.out_proj.log_soft_score_temp,2.500620e-01,7.130086e-03,2.851328e-02
11800,layers.5.out_proj.log_select_temp,1.207030e+00,5.274773e-03,4.370042e-03
11800,layers.5.residual_lut.weights,1.893015e+02,8.325493e+00,4.398008e-02
11800,layers.5.residual_lut.log_soft_score_temp,2.301660e-02,4.880194e-03,2.120293e-01
11800,layers.5.residual_lut.log_select_temp,1.453203e+00,6.427288e-03,4.422841e-03
11800,layers.5.q_norm.weight,9.156029e+00,8.152073e-03,8.903503e-04
11800,layers.5.q_norm.bias,5.239084e-01,5.039895e-03,9.619801e-03
11800,layers.5.k_norm.weight,9.101350e+00,7.582772e-03,8.331480e-04
11800,layers.5.k_norm.bias,7.649571e-01,6.848196e-03,8.952393e-03
11800,ln_final.weight,5.225707e+01,2.262856e-01,4.330239e-03
11800,ln_final.bias,2.280486e+00,2.387757e-02,1.047039e-02
12000,tok_emb_E.weight,1.556844e+02,2.242128e+00,1.440175e-02
12000,emb_resid_lut.weights,2.140546e+02,7.344601e+00,3.431181e-02
12000,emb_resid_lut.log_soft_score_temp,6.118003e-01,4.186630e-04,6.843132e-04
12000,emb_resid_lut.log_select_temp,1.457311e+00,2.981186e-03,2.045675e-03
12000,unembedder.weight,1.693973e+02,3.868109e+00,2.283454e-02
12000,layers.0.qk_lut.weights,1.323318e+02,5.270308e+00,3.982647e-02
12000,layers.0.qk_lut.log_soft_score_temp,9.818311e-01,2.022862e-03,2.060296e-03
12000,layers.0.qk_lut.log_select_temp,1.112098e+00,2.092242e-03,1.881347e-03
12000,layers.0.v_lut.weights,1.250548e+02,5.396439e+00,4.315258e-02
12000,layers.0.v_lut.log_soft_score_temp,4.497671e-01,1.125634e-04,2.502704e-04
12000,layers.0.v_lut.log_select_temp,1.150669e+00,2.621174e-03,2.277957e-03
12000,layers.0.out_proj.weights,2.534981e+02,1.129452e+01,4.455465e-02
12000,layers.0.out_proj.log_soft_score_temp,7.364261e-01,5.951226e-03,8.081226e-03
12000,layers.0.out_proj.log_select_temp,1.141688e+00,6.307602e-03,5.524804e-03
12000,layers.0.residual_lut.weights,1.695726e+02,7.590358e+00,4.476170e-02
12000,layers.0.residual_lut.log_soft_score_temp,1.396866e-01,6.906092e-04,4.943991e-03
12000,layers.0.residual_lut.log_select_temp,1.168553e+00,7.938027e-03,6.793037e-03
12000,layers.0.q_norm.weight,9.441146e+00,7.670776e-03,8.124835e-04
12000,layers.0.q_norm.bias,9.226730e-01,5.096501e-03,5.523626e-03
12000,layers.0.k_norm.weight,9.358930e+00,7.245223e-03,7.741508e-04
12000,layers.0.k_norm.bias,1.328184e+00,7.082566e-03,5.332519e-03
12000,layers.1.qk_lut.weights,1.304695e+02,5.402003e+00,4.140435e-02
12000,layers.1.qk_lut.log_soft_score_temp,4.275244e-02,1.722947e-03,4.030054e-02
12000,layers.1.qk_lut.log_select_temp,1.104061e+00,3.436089e-03,3.112226e-03
12000,layers.1.v_lut.weights,1.208085e+02,5.085939e+00,4.209920e-02
12000,layers.1.v_lut.log_soft_score_temp,1.043789e-02,2.116305e-03,2.027522e-01
12000,layers.1.v_lut.log_select_temp,1.311354e+00,4.697204e-03,3.581949e-03
12000,layers.1.out_proj.weights,2.481297e+02,1.156639e+01,4.661428e-02
12000,layers.1.out_proj.log_soft_score_temp,7.166058e-01,5.235553e-03,7.306043e-03
12000,layers.1.out_proj.log_select_temp,8.412323e-01,3.996193e-03,4.750404e-03
12000,layers.1.residual_lut.weights,1.720703e+02,7.732375e+00,4.493730e-02
12000,layers.1.residual_lut.log_soft_score_temp,2.128239e-01,3.768757e-03,1.770833e-02
12000,layers.1.residual_lut.log_select_temp,1.222719e+00,5.625963e-03,4.601190e-03
12000,layers.1.q_norm.weight,1.004362e+01,7.751319e-03,7.717655e-04
12000,layers.1.q_norm.bias,9.030397e-01,4.800413e-03,5.315839e-03
12000,layers.1.k_norm.weight,9.990419e+00,7.958491e-03,7.966123e-04
12000,layers.1.k_norm.bias,1.129601e+00,5.214384e-03,4.616127e-03
12000,layers.2.qk_lut.weights,1.334560e+02,5.449666e+00,4.083494e-02
12000,layers.2.qk_lut.log_soft_score_temp,2.706236e-01,1.506865e-03,5.568121e-03
12000,layers.2.qk_lut.log_select_temp,1.041787e+00,2.386570e-03,2.290842e-03
12000,layers.2.v_lut.weights,1.211077e+02,5.192896e+00,4.287834e-02
12000,layers.2.v_lut.log_soft_score_temp,2.089673e-02,3.348995e-03,1.602640e-01
12000,layers.2.v_lut.log_select_temp,1.324720e+00,4.052520e-03,3.059152e-03
12000,layers.2.out_proj.weights,2.644117e+02,1.149511e+01,4.347429e-02
12000,layers.2.out_proj.log_soft_score_temp,7.055916e-01,7.198215e-03,1.020167e-02
12000,layers.2.out_proj.log_select_temp,8.996298e-01,4.103243e-03,4.561036e-03
12000,layers.2.residual_lut.weights,1.680386e+02,7.746569e+00,4.609993e-02
12000,layers.2.residual_lut.log_soft_score_temp,4.617783e-02,3.788441e-03,8.204026e-02
12000,layers.2.residual_lut.log_select_temp,1.387778e+00,5.575061e-03,4.017258e-03
12000,layers.2.q_norm.weight,9.350554e+00,5.545632e-03,5.930806e-04
12000,layers.2.q_norm.bias,8.383716e-01,4.892396e-03,5.835594e-03
12000,layers.2.k_norm.weight,9.309183e+00,5.721329e-03,6.145898e-04
12000,layers.2.k_norm.bias,1.272441e+00,4.513150e-03,3.546843e-03
12000,layers.3.qk_lut.weights,1.287200e+02,5.517084e+00,4.286113e-02
12000,layers.3.qk_lut.log_soft_score_temp,1.570044e-02,2.140447e-03,1.363304e-01
12000,layers.3.qk_lut.log_select_temp,1.206315e+00,4.562497e-03,3.782177e-03
12000,layers.3.v_lut.weights,1.231475e+02,5.212844e+00,4.233009e-02
12000,layers.3.v_lut.log_soft_score_temp,2.160086e-01,5.233467e-03,2.422804e-02
12000,layers.3.v_lut.log_select_temp,1.246523e+00,4.573107e-03,3.668691e-03
12000,layers.3.out_proj.weights,3.125276e+02,1.176821e+01,3.765496e-02
12000,layers.3.out_proj.log_soft_score_temp,6.507093e-01,9.614646e-03,1.477564e-02
12000,layers.3.out_proj.log_select_temp,1.281141e+00,3.416777e-03,2.666980e-03
12000,layers.3.residual_lut.weights,1.856755e+02,7.803697e+00,4.202868e-02
12000,layers.3.residual_lut.log_soft_score_temp,1.550325e-01,5.687177e-03,3.668378e-02
12000,layers.3.residual_lut.log_select_temp,1.408992e+00,5.888104e-03,4.178948e-03
12000,layers.3.q_norm.weight,1.044147e+01,1.085758e-02,1.039852e-03
12000,layers.3.q_norm.bias,7.980537e-01,5.545846e-03,6.949213e-03
12000,layers.3.k_norm.weight,1.036391e+01,1.070499e-02,1.032910e-03
12000,layers.3.k_norm.bias,1.147458e+00,7.623690e-03,6.643979e-03
12000,layers.4.qk_lut.weights,1.329677e+02,5.539625e+00,4.166142e-02
12000,layers.4.qk_lut.log_soft_score_temp,2.519969e-01,1.943320e-03,7.711682e-03
12000,layers.4.qk_lut.log_select_temp,1.034078e+00,2.693653e-03,2.604885e-03
12000,layers.4.v_lut.weights,1.267845e+02,5.272227e+00,4.158416e-02
12000,layers.4.v_lut.log_soft_score_temp,2.360849e-01,3.702506e-03,1.568295e-02
12000,layers.4.v_lut.log_select_temp,1.272932e+00,3.086686e-03,2.424863e-03
12000,layers.4.out_proj.weights,2.920486e+02,1.179028e+01,4.037095e-02
12000,layers.4.out_proj.log_soft_score_temp,4.039764e-01,6.658137e-03,1.648150e-02
12000,layers.4.out_proj.log_select_temp,1.196930e+00,5.005598e-03,4.182031e-03
12000,layers.4.residual_lut.weights,1.848957e+02,7.831704e+00,4.235742e-02
12000,layers.4.residual_lut.log_soft_score_temp,9.943116e-02,5.511284e-03,5.542813e-02
12000,layers.4.residual_lut.log_select_temp,1.449619e+00,6.502271e-03,4.485503e-03
12000,layers.4.q_norm.weight,9.151957e+00,8.331905e-03,9.103961e-04
12000,layers.4.q_norm.bias,6.923541e-01,5.385350e-03,7.778316e-03
12000,layers.4.k_norm.weight,9.100951e+00,8.057510e-03,8.853482e-04
12000,layers.4.k_norm.bias,1.065317e+00,6.883614e-03,6.461565e-03
12000,layers.5.qk_lut.weights,1.319035e+02,5.610570e+00,4.253543e-02
12000,layers.5.qk_lut.log_soft_score_temp,2.337852e-01,1.631990e-03,6.980724e-03
12000,layers.5.qk_lut.log_select_temp,9.414729e-01,2.845943e-03,3.022862e-03
12000,layers.5.v_lut.weights,1.290792e+02,5.387173e+00,4.173541e-02
12000,layers.5.v_lut.log_soft_score_temp,4.010773e-01,3.646374e-03,9.091449e-03
12000,layers.5.v_lut.log_select_temp,1.064903e+00,1.656294e-03,1.555348e-03
12000,layers.5.out_proj.weights,3.174340e+02,1.196397e+01,3.768962e-02
12000,layers.5.out_proj.log_soft_score_temp,2.565567e-01,6.494731e-03,2.531499e-02
12000,layers.5.out_proj.log_select_temp,1.211640e+00,4.609823e-03,3.804615e-03
12000,layers.5.residual_lut.weights,1.896310e+02,7.883300e+00,4.157179e-02
12000,layers.5.residual_lut.log_soft_score_temp,1.750842e-02,5.508181e-03,3.146019e-01
12000,layers.5.residual_lut.log_select_temp,1.458499e+00,5.295992e-03,3.631124e-03
12000,layers.5.q_norm.weight,9.159925e+00,7.528083e-03,8.218499e-04
12000,layers.5.q_norm.bias,5.255921e-01,4.574682e-03,8.703862e-03
12000,layers.5.k_norm.weight,9.105183e+00,7.238132e-03,7.949464e-04
12000,layers.5.k_norm.bias,7.658998e-01,7.842228e-03,1.023924e-02
12000,ln_final.weight,5.247149e+01,2.150443e-01,4.098308e-03
12000,ln_final.bias,2.290920e+00,2.281711e-02,9.959804e-03
12200,tok_emb_E.weight,1.557085e+02,2.122439e+00,1.363085e-02
12200,emb_resid_lut.weights,2.142283e+02,6.965891e+00,3.251621e-02
12200,emb_resid_lut.log_soft_score_temp,6.125260e-01,7.256866e-04,1.184744e-03
12200,emb_resid_lut.log_select_temp,1.460503e+00,3.191471e-03,2.185186e-03
12200,unembedder.weight,1.692664e+02,3.632027e+00,2.145747e-02
12200,layers.0.qk_lut.weights,1.324742e+02,4.974201e+00,3.754845e-02
12200,layers.0.qk_lut.log_soft_score_temp,9.839203e-01,2.089143e-03,2.123285e-03
12200,layers.0.qk_lut.log_select_temp,1.114134e+00,2.035737e-03,1.827192e-03
12200,layers.0.v_lut.weights,1.251858e+02,5.117240e+00,4.087718e-02
12200,layers.0.v_lut.log_soft_score_temp,4.500085e-01,2.414584e-04,5.365641e-04
12200,layers.0.v_lut.log_select_temp,1.153022e+00,2.353191e-03,2.040890e-03
12200,layers.0.out_proj.weights,2.537083e+02,1.067207e+01,4.206433e-02
12200,layers.0.out_proj.log_soft_score_temp,7.421748e-01,5.748689e-03,7.745735e-03
12200,layers.0.out_proj.log_select_temp,1.147600e+00,5.912185e-03,5.151781e-03
12200,layers.0.residual_lut.weights,1.697600e+02,7.182909e+00,4.231213e-02
12200,layers.0.residual_lut.log_soft_score_temp,1.382298e-01,1.456782e-03,1.053884e-02
12200,layers.0.residual_lut.log_select_temp,1.175664e+00,7.110119e-03,6.047749e-03
12200,layers.0.q_norm.weight,9.446027e+00,7.578943e-03,8.023419e-04
12200,layers.0.q_norm.bias,9.242828e-01,3.877729e-03,4.195392e-03
12200,layers.0.k_norm.weight,9.363439e+00,7.547348e-03,8.060445e-04
12200,layers.0.k_norm.bias,1.331293e+00,5.665745e-03,4.255821e-03
12200,layers.1.qk_lut.weights,1.306131e+02,5.082569e+00,3.891316e-02
12200,layers.1.qk_lut.log_soft_score_temp,4.526040e-02,2.507955e-03,5.541168e-02
12200,layers.1.qk_lut.log_select_temp,1.106311e+00,2.249837e-03,2.033639e-03
12200,layers.1.v_lut.weights,1.209364e+02,4.813541e+00,3.980225e-02
12200,layers.1.v_lut.log_soft_score_temp,8.608280e-03,1.829608e-03,2.125405e-01
12200,layers.1.v_lut.log_select_temp,1.315884e+00,4.529476e-03,3.442156e-03
12200,layers.1.out_proj.weights,2.482203e+02,1.092742e+01,4.402309e-02
12200,layers.1.out_proj.log_soft_score_temp,7.212938e-01,4.688025e-03,6.499466e-03
12200,layers.1.out_proj.log_select_temp,8.456901e-01,4.457831e-03,5.271235e-03
12200,layers.1.residual_lut.weights,1.722116e+02,7.312693e+00,4.246342e-02
12200,layers.1.residual_lut.log_soft_score_temp,2.104033e-01,2.420589e-03,1.150452e-02
12200,layers.1.residual_lut.log_select_temp,1.228757e+00,6.037712e-03,4.913675e-03
12200,layers.1.q_norm.weight,1.004872e+01,7.788584e-03,7.750819e-04
12200,layers.1.q_norm.bias,9.056933e-01,4.927376e-03,5.440446e-03
12200,layers.1.k_norm.weight,9.995373e+00,7.335392e-03,7.338788e-04
12200,layers.1.k_norm.bias,1.132485e+00,6.132447e-03,5.415036e-03
12200,layers.2.qk_lut.weights,1.336140e+02,5.165610e+00,3.866070e-02
12200,layers.2.qk_lut.log_soft_score_temp,2.697853e-01,8.383095e-04,3.107321e-03
12200,layers.2.qk_lut.log_select_temp,1.044576e+00,2.788901e-03,2.669889e-03
12200,layers.2.v_lut.weights,1.212429e+02,4.910060e+00,4.049772e-02
12200,layers.2.v_lut.log_soft_score_temp,2.318684e-02,2.290104e-03,9.876739e-02
12200,layers.2.v_lut.log_select_temp,1.329266e+00,4.545808e-03,3.419789e-03
12200,layers.2.out_proj.weights,2.646692e+02,1.087192e+01,4.107738e-02
12200,layers.2.out_proj.log_soft_score_temp,7.119716e-01,6.380022e-03,8.961062e-03
12200,layers.2.out_proj.log_select_temp,9.043022e-01,4.672408e-03,5.166866e-03
12200,layers.2.residual_lut.weights,1.681411e+02,7.332088e+00,4.360676e-02
12200,layers.2.residual_lut.log_soft_score_temp,4.241877e-02,3.759060e-03,8.861784e-02
12200,layers.2.residual_lut.log_select_temp,1.393199e+00,5.421519e-03,3.891417e-03
12200,layers.2.q_norm.weight,9.353765e+00,5.966854e-03,6.379093e-04
12200,layers.2.q_norm.bias,8.404698e-01,4.121767e-03,4.904123e-03
12200,layers.2.k_norm.weight,9.312551e+00,5.560219e-03,5.970673e-04
12200,layers.2.k_norm.bias,1.274848e+00,5.775139e-03,4.530061e-03
12200,layers.3.qk_lut.weights,1.288598e+02,5.208310e+00,4.041842e-02
12200,layers.3.qk_lut.log_soft_score_temp,1.762460e-02,1.924163e-03,1.091748e-01
12200,layers.3.qk_lut.log_select_temp,1.210781e+00,4.465818e-03,3.688379e-03
12200,layers.3.v_lut.weights,1.232630e+02,4.926371e+00,3.996634e-02
12200,layers.3.v_lut.log_soft_score_temp,2.117222e-01,4.286453e-03,2.024565e-02
12200,layers.3.v_lut.log_select_temp,1.251214e+00,4.691005e-03,3.749164e-03
12200,layers.3.out_proj.weights,3.131661e+02,1.111739e+01,3.549999e-02
12200,layers.3.out_proj.log_soft_score_temp,6.597214e-01,9.012103e-03,1.366047e-02
12200,layers.3.out_proj.log_select_temp,1.284334e+00,3.193259e-03,2.486315e-03
12200,layers.3.residual_lut.weights,1.858928e+02,7.379539e+00,3.969782e-02
12200,layers.3.residual_lut.log_soft_score_temp,1.494041e-01,5.628392e-03,3.767228e-02
12200,layers.3.residual_lut.log_select_temp,1.413885e+00,4.893303e-03,3.460891e-03
12200,layers.3.q_norm.weight,1.044774e+01,9.643257e-03,9.229994e-04
12200,layers.3.q_norm.bias,8.006989e-01,5.379662e-03,6.718708e-03
12200,layers.3.k_norm.weight,1.036976e+01,9.717217e-03,9.370728e-04
12200,layers.3.k_norm.bias,1.150154e+00,7.619434e-03,6.624708e-03
12200,layers.4.qk_lut.weights,1.331215e+02,5.253885e+00,3.946685e-02
12200,layers.4.qk_lut.log_soft_score_temp,2.511244e-01,8.724928e-04,3.474345e-03
12200,layers.4.qk_lut.log_select_temp,1.037595e+00,3.517151e-03,3.389715e-03
12200,layers.4.v_lut.weights,1.269200e+02,4.980069e+00,3.923786e-02
12200,layers.4.v_lut.log_soft_score_temp,2.327722e-01,3.312647e-03,1.423128e-02
12200,layers.4.v_lut.log_select_temp,1.275952e+00,3.019691e-03,2.366617e-03
12200,layers.4.out_proj.weights,2.925479e+02,1.112927e+01,3.804254e-02
12200,layers.4.out_proj.log_soft_score_temp,4.103397e-01,6.363332e-03,1.550747e-02
12200,layers.4.out_proj.log_select_temp,1.201486e+00,4.555941e-03,3.791922e-03
12200,layers.4.residual_lut.weights,1.851547e+02,7.398014e+00,3.995585e-02
12200,layers.4.residual_lut.log_soft_score_temp,9.332769e-02,6.103471e-03,6.539828e-02
12200,layers.4.residual_lut.log_select_temp,1.455037e+00,5.417705e-03,3.723414e-03
12200,layers.4.q_norm.weight,9.154774e+00,5.549457e-03,6.061818e-04
12200,layers.4.q_norm.bias,6.920158e-01,3.650518e-03,5.275195e-03
12200,layers.4.k_norm.weight,9.103522e+00,5.509573e-03,6.052133e-04
12200,layers.4.k_norm.bias,1.065374e+00,4.974980e-03,4.669701e-03
12200,layers.5.qk_lut.weights,1.320467e+02,5.313691e+00,4.024099e-02
12200,layers.5.qk_lut.log_soft_score_temp,2.320184e-01,1.766771e-03,7.614787e-03
12200,layers.5.qk_lut.log_select_temp,9.439110e-01,2.438128e-03,2.583006e-03
12200,layers.5.v_lut.weights,1.292101e+02,5.074409e+00,3.927256e-02
12200,layers.5.v_lut.log_soft_score_temp,3.975181e-01,3.559172e-03,8.953484e-03
12200,layers.5.v_lut.log_select_temp,1.065684e+00,7.811785e-04,7.330302e-04
12200,layers.5.out_proj.weights,3.179698e+02,1.129367e+01,3.551806e-02
12200,layers.5.out_proj.log_soft_score_temp,2.645001e-01,7.943362e-03,3.003161e-02
12200,layers.5.out_proj.log_select_temp,1.213102e+00,1.461506e-03,1.204768e-03
12200,layers.5.residual_lut.weights,1.899265e+02,7.460517e+00,3.928109e-02
12200,layers.5.residual_lut.log_soft_score_temp,1.240626e-02,5.102159e-03,4.112569e-01
12200,layers.5.residual_lut.log_select_temp,1.463199e+00,4.699111e-03,3.211533e-03
12200,layers.5.q_norm.weight,9.161402e+00,5.273216e-03,5.755906e-04
12200,layers.5.q_norm.bias,5.270454e-01,4.765493e-03,9.041902e-03
12200,layers.5.k_norm.weight,9.106474e+00,5.008478e-03,5.499909e-04
12200,layers.5.k_norm.bias,7.682106e-01,6.882405e-03,8.959008e-03
12200,ln_final.weight,5.267352e+01,2.025643e-01,3.845658e-03
12200,ln_final.bias,2.299931e+00,2.135904e-02,9.286821e-03
12400,tok_emb_E.weight,1.557301e+02,2.000798e+00,1.284785e-02
12400,emb_resid_lut.weights,2.143687e+02,6.585882e+00,3.072221e-02
12400,emb_resid_lut.log_soft_score_temp,6.121008e-01,4.252195e-04,6.946888e-04
12400,emb_resid_lut.log_select_temp,1.462508e+00,2.005458e-03,1.371245e-03
12400,unembedder.weight,1.691578e+02,3.474296e+00,2.053879e-02
12400,layers.0.qk_lut.weights,1.326007e+02,4.718796e+00,3.558650e-02
12400,layers.0.qk_lut.log_soft_score_temp,9.867802e-01,2.859890e-03,2.898204e-03
12400,layers.0.qk_lut.log_select_temp,1.116844e+00,2.709627e-03,2.426147e-03
12400,layers.0.v_lut.weights,1.252982e+02,4.832444e+00,3.856753e-02
12400,layers.0.v_lut.log_soft_score_temp,4.498841e-01,1.244247e-04,2.765705e-04
12400,layers.0.v_lut.log_select_temp,1.154955e+00,1.933217e-03,1.673846e-03
12400,layers.0.out_proj.weights,2.538978e+02,1.008356e+01,3.971503e-02
12400,layers.0.out_proj.log_soft_score_temp,7.476871e-01,5.512297e-03,7.372465e-03
12400,layers.0.out_proj.log_select_temp,1.153524e+00,5.923748e-03,5.135350e-03
12400,layers.0.residual_lut.weights,1.699256e+02,6.784360e+00,3.992547e-02
12400,layers.0.residual_lut.log_soft_score_temp,1.367578e-01,1.471967e-03,1.076331e-02
12400,layers.0.residual_lut.log_select_temp,1.182572e+00,6.908298e-03,5.841757e-03
12400,layers.0.q_norm.weight,9.450638e+00,6.521421e-03,6.900508e-04
12400,layers.0.q_norm.bias,9.272153e-01,5.061330e-03,5.458635e-03
12400,layers.0.k_norm.weight,9.367609e+00,5.987892e-03,6.392125e-04
12400,layers.0.k_norm.bias,1.335591e+00,6.099326e-03,4.566761e-03
12400,layers.1.qk_lut.weights,1.307381e+02,4.808736e+00,3.678144e-02
12400,layers.1.qk_lut.log_soft_score_temp,4.691202e-02,1.651619e-03,3.520673e-02
12400,layers.1.qk_lut.log_select_temp,1.109023e+00,2.712011e-03,2.445406e-03
12400,layers.1.v_lut.weights,1.210473e+02,4.556163e+00,3.763953e-02
12400,layers.1.v_lut.log_soft_score_temp,6.494365e-03,2.113915e-03,3.254999e-01
12400,layers.1.v_lut.log_select_temp,1.319673e+00,3.789663e-03,2.871668e-03
12400,layers.1.out_proj.weights,2.482891e+02,1.030459e+01,4.150240e-02
12400,layers.1.out_proj.log_soft_score_temp,7.259074e-01,4.613578e-03,6.355602e-03
12400,layers.1.out_proj.log_select_temp,8.493530e-01,3.662825e-03,4.312488e-03
12400,layers.1.residual_lut.weights,1.723303e+02,6.911083e+00,4.010370e-02
12400,layers.1.residual_lut.log_soft_score_temp,2.078822e-01,2.521157e-03,1.212782e-02
12400,layers.1.residual_lut.log_select_temp,1.234683e+00,5.926609e-03,4.800104e-03
12400,layers.1.q_norm.weight,1.005362e+01,7.194908e-03,7.156532e-04
12400,layers.1.q_norm.bias,9.094672e-01,4.845024e-03,5.327321e-03
12400,layers.1.k_norm.weight,1.000042e+01,7.085755e-03,7.085459e-04
12400,layers.1.k_norm.bias,1.135156e+00,5.575910e-03,4.912022e-03
12400,layers.2.qk_lut.weights,1.337544e+02,4.875082e+00,3.644801e-02
12400,layers.2.qk_lut.log_soft_score_temp,2.684805e-01,1.304805e-03,4.859963e-03
12400,layers.2.qk_lut.log_select_temp,1.046690e+00,2.113581e-03,2.019301e-03
12400,layers.2.v_lut.weights,1.213554e+02,4.632465e+00,3.817272e-02
12400,layers.2.v_lut.log_soft_score_temp,2.613628e-02,2.949439e-03,1.128485e-01
12400,layers.2.v_lut.log_select_temp,1.332665e+00,3.399014e-03,2.550540e-03
12400,layers.2.out_proj.weights,2.648871e+02,1.025021e+01,3.869652e-02
12400,layers.2.out_proj.log_soft_score_temp,7.193854e-01,7.413864e-03,1.030583e-02
12400,layers.2.out_proj.log_select_temp,9.078544e-01,3.552198e-03,3.912740e-03
12400,layers.2.residual_lut.weights,1.682259e+02,6.912757e+00,4.109211e-02
12400,layers.2.residual_lut.log_soft_score_temp,3.859229e-02,3.826488e-03,9.915162e-02
12400,layers.2.residual_lut.log_select_temp,1.398286e+00,5.087256e-03,3.638208e-03
12400,layers.2.q_norm.weight,9.355588e+00,5.255912e-03,5.617939e-04
12400,layers.2.q_norm.bias,8.409414e-01,3.551622e-03,4.223389e-03
12400,layers.2.k_norm.weight,9.314415e+00,5.515261e-03,5.921210e-04
12400,layers.2.k_norm.bias,1.275964e+00,4.800236e-03,3.762046e-03
12400,layers.3.qk_lut.weights,1.289842e+02,4.938197e+00,3.828529e-02
12400,layers.3.qk_lut.log_soft_score_temp,2.001598e-02,2.391374e-03,1.194732e-01
12400,layers.3.qk_lut.log_select_temp,1.214034e+00,3.253698e-03,2.680071e-03
12400,layers.3.v_lut.weights,1.233686e+02,4.647911e+00,3.767500e-02
12400,layers.3.v_lut.log_soft_score_temp,2.069045e-01,4.817694e-03,2.328463e-02
12400,layers.3.v_lut.log_select_temp,1.255350e+00,4.135966e-03,3.294673e-03
12400,layers.3.out_proj.weights,3.137646e+02,1.047426e+01,3.338254e-02
12400,layers.3.out_proj.log_soft_score_temp,6.677600e-01,8.038521e-03,1.203804e-02
12400,layers.3.out_proj.log_select_temp,1.287626e+00,3.291607e-03,2.556339e-03
12400,layers.3.residual_lut.weights,1.860991e+02,6.976757e+00,3.748947e-02
12400,layers.3.residual_lut.log_soft_score_temp,1.440316e-01,5.372435e-03,3.730038e-02
12400,layers.3.residual_lut.log_select_temp,1.419129e+00,5.243897e-03,3.695151e-03
12400,layers.3.q_norm.weight,1.045411e+01,8.859530e-03,8.474682e-04
12400,layers.3.q_norm.bias,8.038616e-01,5.576688e-03,6.937374e-03
12400,layers.3.k_norm.weight,1.037611e+01,8.536899e-03,8.227460e-04
12400,layers.3.k_norm.bias,1.151237e+00,5.894262e-03,5.119937e-03
12400,layers.4.qk_lut.weights,1.332534e+02,4.964831e+00,3.725858e-02
12400,layers.4.qk_lut.log_soft_score_temp,2.494018e-01,1.722634e-03,6.907063e-03
12400,layers.4.qk_lut.log_select_temp,1.039749e+00,2.154112e-03,2.071762e-03
12400,layers.4.v_lut.weights,1.270413e+02,4.682624e+00,3.685906e-02
12400,layers.4.v_lut.log_soft_score_temp,2.296577e-01,3.114536e-03,1.356165e-02
12400,layers.4.v_lut.log_select_temp,1.278547e+00,2.594709e-03,2.029421e-03
12400,layers.4.out_proj.weights,2.930060e+02,1.047489e+01,3.574973e-02
12400,layers.4.out_proj.log_soft_score_temp,4.163029e-01,5.963176e-03,1.432413e-02
12400,layers.4.out_proj.log_select_temp,1.206805e+00,5.319476e-03,4.407899e-03
12400,layers.4.residual_lut.weights,1.853945e+02,6.987709e+00,3.769103e-02
12400,layers.4.residual_lut.log_soft_score_temp,8.831667e-02,5.011022e-03,5.673925e-02
12400,layers.4.residual_lut.log_select_temp,1.460296e+00,5.259037e-03,3.601350e-03
12400,layers.4.q_norm.weight,9.158832e+00,6.566755e-03,7.169862e-04
12400,layers.4.q_norm.bias,6.935728e-01,4.107432e-03,5.922134e-03
12400,layers.4.k_norm.weight,9.107651e+00,6.640565e-03,7.291194e-04
12400,layers.4.k_norm.bias,1.067696e+00,4.644807e-03,4.350307e-03
12400,layers.5.qk_lut.weights,1.321739e+02,4.997421e+00,3.780943e-02
12400,layers.5.qk_lut.log_soft_score_temp,2.293320e-01,2.686426e-03,1.171413e-02
12400,layers.5.qk_lut.log_select_temp,9.459042e-01,1.993179e-03,2.107168e-03
12400,layers.5.v_lut.weights,1.293325e+02,4.787176e+00,3.701449e-02
12400,layers.5.v_lut.log_soft_score_temp,3.944673e-01,3.050804e-03,7.733984e-03
12400,layers.5.v_lut.log_select_temp,1.067004e+00,1.320362e-03,1.237448e-03
12400,layers.5.out_proj.weights,3.185014e+02,1.064420e+01,3.341965e-02
12400,layers.5.out_proj.log_soft_score_temp,2.697801e-01,5.280048e-03,1.957167e-02
12400,layers.5.out_proj.log_select_temp,1.217721e+00,4.619718e-03,3.793740e-03
12400,layers.5.residual_lut.weights,1.902075e+02,7.034397e+00,3.698274e-02
12400,layers.5.residual_lut.log_soft_score_temp,8.081676e-03,4.324581e-03,5.351093e-01
12400,layers.5.residual_lut.log_select_temp,1.467932e+00,4.733205e-03,3.224404e-03
12400,layers.5.q_norm.weight,9.165784e+00,7.323791e-03,7.990360e-04
12400,layers.5.q_norm.bias,5.277928e-01,4.009481e-03,7.596696e-03
12400,layers.5.k_norm.weight,9.110747e+00,7.751544e-03,8.508131e-04
12400,layers.5.k_norm.bias,7.701643e-01,6.219915e-03,8.076089e-03
12400,ln_final.weight,5.286647e+01,1.934282e-01,3.658807e-03
12400,ln_final.bias,2.308889e+00,2.067324e-02,8.953758e-03
12600,tok_emb_E.weight,1.557497e+02,1.893431e+00,1.215689e-02
12600,emb_resid_lut.weights,2.144957e+02,6.237646e+00,2.908052e-02
12600,emb_resid_lut.log_soft_score_temp,6.132126e-01,1.111865e-03,1.813180e-03
12600,emb_resid_lut.log_select_temp,1.465590e+00,3.081203e-03,2.102364e-03
12600,unembedder.weight,1.690313e+02,3.273826e+00,1.936817e-02
12600,layers.0.qk_lut.weights,1.327133e+02,4.453139e+00,3.355459e-02
12600,layers.0.qk_lut.log_soft_score_temp,9.888502e-01,2.070010e-03,2.093350e-03
12600,layers.0.qk_lut.log_select_temp,1.118782e+00,1.938343e-03,1.732548e-03
12600,layers.0.v_lut.weights,1.254001e+02,4.580540e+00,3.652740e-02
12600,layers.0.v_lut.log_soft_score_temp,4.506320e-01,7.478893e-04,1.659645e-03
12600,layers.0.v_lut.log_select_temp,1.157403e+00,2.447367e-03,2.114534e-03
12600,layers.0.out_proj.weights,2.540659e+02,9.532165e+00,3.751847e-02
12600,layers.0.out_proj.log_soft_score_temp,7.515514e-01,3.864288e-03,5.141749e-03
12600,layers.0.out_proj.log_select_temp,1.159976e+00,6.452203e-03,5.562359e-03
12600,layers.0.residual_lut.weights,1.700811e+02,6.413892e+00,3.771079e-02
12600,layers.0.residual_lut.log_soft_score_temp,1.367325e-01,2.534688e-05,1.853757e-04
12600,layers.0.residual_lut.log_select_temp,1.189890e+00,7.318258e-03,6.150365e-03
12600,layers.0.q_norm.weight,9.454243e+00,5.869982e-03,6.208833e-04
12600,layers.0.q_norm.bias,9.298499e-01,5.242646e-03,5.638164e-03
12600,layers.0.k_norm.weight,9.370913e+00,5.447862e-03,5.813588e-04
12600,layers.0.k_norm.bias,1.339788e+00,6.089374e-03,4.545027e-03
12600,layers.1.qk_lut.weights,1.308510e+02,4.558479e+00,3.483716e-02
12600,layers.1.qk_lut.log_soft_score_temp,4.813912e-02,1.227103e-03,2.549077e-02
12600,layers.1.qk_lut.log_select_temp,1.111883e+00,2.859712e-03,2.571954e-03
12600,layers.1.v_lut.weights,1.211467e+02,4.307878e+00,3.555919e-02
12600,layers.1.v_lut.log_soft_score_temp,4.352566e-03,2.141799e-03,4.920773e-01
12600,layers.1.v_lut.log_select_temp,1.323328e+00,3.655076e-03,2.762033e-03
12600,layers.1.out_proj.weights,2.483412e+02,9.732745e+00,3.919103e-02
12600,layers.1.out_proj.log_soft_score_temp,7.301105e-01,4.203141e-03,5.756855e-03
12600,layers.1.out_proj.log_select_temp,8.527471e-01,3.394186e-03,3.980297e-03
12600,layers.1.residual_lut.weights,1.724334e+02,6.518373e+00,3.780226e-02
12600,layers.1.residual_lut.log_soft_score_temp,2.053925e-01,2.489656e-03,1.212146e-02
12600,layers.1.residual_lut.log_select_temp,1.239850e+00,5.167007e-03,4.167444e-03
12600,layers.1.q_norm.weight,1.005812e+01,6.628453e-03,6.590148e-04
12600,layers.1.q_norm.bias,9.118196e-01,3.922929e-03,4.302308e-03
12600,layers.1.k_norm.weight,1.000484e+01,7.075054e-03,7.071635e-04
12600,layers.1.k_norm.bias,1.135377e+00,4.824378e-03,4.249142e-03
12600,layers.2.qk_lut.weights,1.338858e+02,4.599675e+00,3.435520e-02
12600,layers.2.qk_lut.log_soft_score_temp,2.679011e-01,5.794466e-04,2.162912e-03
12600,layers.2.qk_lut.log_select_temp,1.049077e+00,2.387285e-03,2.275606e-03
12600,layers.2.v_lut.weights,1.214495e+02,4.381780e+00,3.607903e-02
12600,layers.2.v_lut.log_soft_score_temp,2.901588e-02,2.879605e-03,9.924236e-02
12600,layers.2.v_lut.log_select_temp,1.335103e+00,2.437949e-03,1.826039e-03
12600,layers.2.out_proj.weights,2.650723e+02,9.673623e+00,3.649429e-02
12600,layers.2.out_proj.log_soft_score_temp,7.262183e-01,6.832898e-03,9.408875e-03
12600,layers.2.out_proj.log_select_temp,9.106346e-01,2.780199e-03,3.053035e-03
12600,layers.2.residual_lut.weights,1.682976e+02,6.533888e+00,3.882342e-02
12600,layers.2.residual_lut.log_soft_score_temp,3.574635e-02,2.845936e-03,7.961471e-02
12600,layers.2.residual_lut.log_select_temp,1.403383e+00,5.096912e-03,3.631875e-03
12600,layers.2.q_norm.weight,9.358400e+00,5.223743e-03,5.581876e-04
12600,layers.2.q_norm.bias,8.425487e-01,3.806741e-03,4.518126e-03
12600,layers.2.k_norm.weight,9.317241e+00,5.088722e-03,5.461619e-04
12600,layers.2.k_norm.bias,1.276888e+00,4.510192e-03,3.532175e-03
12600,layers.3.qk_lut.weights,1.290936e+02,4.642068e+00,3.595894e-02
12600,layers.3.qk_lut.log_soft_score_temp,2.226448e-02,2.248501e-03,1.009905e-01
12600,layers.3.qk_lut.log_select_temp,1.217167e+00,3.132105e-03,2.573276e-03
12600,layers.3.v_lut.weights,1.234596e+02,4.388788e+00,3.554839e-02
12600,layers.3.v_lut.log_soft_score_temp,2.033741e-01,3.530368e-03,1.735898e-02
12600,layers.3.v_lut.log_select_temp,1.259187e+00,3.837585e-03,3.047669e-03
12600,layers.3.out_proj.weights,3.143162e+02,9.890097e+00,3.146544e-02
12600,layers.3.out_proj.log_soft_score_temp,6.754612e-01,7.701218e-03,1.140142e-02
12600,layers.3.out_proj.log_select_temp,1.290584e+00,2.958894e-03,2.292677e-03
12600,layers.3.residual_lut.weights,1.862779e+02,6.584372e+00,3.534703e-02
12600,layers.3.residual_lut.log_soft_score_temp,1.393101e-01,4.721552e-03,3.389239e-02
12600,layers.3.residual_lut.log_select_temp,1.424040e+00,4.911065e-03,3.448684e-03
12600,layers.3.q_norm.weight,1.045934e+01,7.333125e-03,7.011074e-04
12600,layers.3.q_norm.bias,8.059310e-01,4.604910e-03,5.713777e-03
12600,layers.3.k_norm.weight,1.038099e+01,7.246539e-03,6.980588e-04
12600,layers.3.k_norm.bias,1.154891e+00,6.893859e-03,5.969274e-03
12600,layers.4.qk_lut.weights,1.333709e+02,4.717712e+00,3.537288e-02
12600,layers.4.qk_lut.log_soft_score_temp,2.483023e-01,1.099497e-03,4.428059e-03
12600,layers.4.qk_lut.log_select_temp,1.043037e+00,3.288031e-03,3.152363e-03
12600,layers.4.v_lut.weights,1.271454e+02,4.450651e+00,3.500443e-02
12600,layers.4.v_lut.log_soft_score_temp,2.267020e-01,2.955660e-03,1.303764e-02
12600,layers.4.v_lut.log_select_temp,1.281421e+00,2.874017e-03,2.242836e-03
12600,layers.4.out_proj.weights,2.934294e+02,9.899875e+00,3.373853e-02
12600,layers.4.out_proj.log_soft_score_temp,4.208410e-01,4.538149e-03,1.078352e-02
12600,layers.4.out_proj.log_select_temp,1.211754e+00,4.948735e-03,4.083944e-03
12600,layers.4.residual_lut.weights,1.856024e+02,6.605842e+00,3.559136e-02
12600,layers.4.residual_lut.log_soft_score_temp,8.277408e-02,5.542591e-03,6.696047e-02
12600,layers.4.residual_lut.log_select_temp,1.464822e+00,4.526496e-03,3.090133e-03
12600,layers.4.q_norm.weight,9.161409e+00,5.579028e-03,6.089705e-04
12600,layers.4.q_norm.bias,6.943589e-01,3.333970e-03,4.801508e-03
12600,layers.4.k_norm.weight,9.110188e+00,5.944574e-03,6.525193e-04
12600,layers.4.k_norm.bias,1.067371e+00,4.161162e-03,3.898514e-03
12600,layers.5.qk_lut.weights,1.322895e+02,4.738066e+00,3.581588e-02
12600,layers.5.qk_lut.log_soft_score_temp,2.278006e-01,1.531452e-03,6.722775e-03
12600,layers.5.qk_lut.log_select_temp,9.484654e-01,2.561212e-03,2.700374e-03
12600,layers.5.v_lut.weights,1.294390e+02,4.528024e+00,3.498191e-02
12600,layers.5.v_lut.log_soft_score_temp,3.916701e-01,2.797186e-03,7.141689e-03
12600,layers.5.v_lut.log_select_temp,1.068376e+00,1.371384e-03,1.283616e-03
12600,layers.5.out_proj.weights,3.189824e+02,1.004946e+01,3.150474e-02
12600,layers.5.out_proj.log_soft_score_temp,2.749070e-01,5.126923e-03,1.864966e-02
12600,layers.5.out_proj.log_select_temp,1.221822e+00,4.101157e-03,3.356590e-03
12600,layers.5.residual_lut.weights,1.904454e+02,6.641249e+00,3.487219e-02
12600,layers.5.residual_lut.log_soft_score_temp,3.121371e-03,4.960305e-03,1.589143e+00
12600,layers.5.residual_lut.log_select_temp,1.472331e+00,4.399538e-03,2.988144e-03
12600,layers.5.q_norm.weight,9.168458e+00,5.613934e-03,6.123095e-04
12600,layers.5.q_norm.bias,5.287292e-01,3.742828e-03,7.078912e-03
12600,layers.5.k_norm.weight,9.113299e+00,5.173060e-03,5.676385e-04
12600,layers.5.k_norm.bias,7.708805e-01,4.905833e-03,6.363935e-03
12600,ln_final.weight,5.304796e+01,1.819594e-01,3.430091e-03
12600,ln_final.bias,2.318006e+00,1.976076e-02,8.524895e-03
12800,tok_emb_E.weight,1.557667e+02,1.783224e+00,1.144804e-02
12800,emb_resid_lut.weights,2.146176e+02,5.888340e+00,2.743643e-02
12800,emb_resid_lut.log_soft_score_temp,6.154349e-01,2.222300e-03,3.610941e-03
12800,emb_resid_lut.log_select_temp,1.469582e+00,3.992796e-03,2.716960e-03
12800,unembedder.weight,1.689265e+02,3.076558e+00,1.821240e-02
12800,layers.0.qk_lut.weights,1.328123e+02,4.217271e+00,3.175361e-02
12800,layers.0.qk_lut.log_soft_score_temp,9.914650e-01,2.614796e-03,2.637306e-03
12800,layers.0.qk_lut.log_select_temp,1.121267e+00,2.485037e-03,2.216276e-03
12800,layers.0.v_lut.weights,1.254874e+02,4.316220e+00,3.439564e-02
12800,layers.0.v_lut.log_soft_score_temp,4.509803e-01,3.482997e-04,7.723170e-04
12800,layers.0.v_lut.log_select_temp,1.159081e+00,1.678705e-03,1.448307e-03
12800,layers.0.out_proj.weights,2.542029e+02,8.972813e+00,3.529784e-02
12800,layers.0.out_proj.log_soft_score_temp,7.568001e-01,5.248725e-03,6.935418e-03
12800,layers.0.out_proj.log_select_temp,1.164952e+00,4.975796e-03,4.271246e-03
12800,layers.0.residual_lut.weights,1.702194e+02,6.044583e+00,3.551054e-02
12800,layers.0.residual_lut.log_soft_score_temp,1.367322e-01,2.682209e-07,1.961651e-06
12800,layers.0.residual_lut.log_select_temp,1.196333e+00,6.443143e-03,5.385742e-03
12800,layers.0.q_norm.weight,9.457730e+00,6.244062e-03,6.602072e-04
12800,layers.0.q_norm.bias,9.307187e-01,3.786458e-03,4.068316e-03
12800,layers.0.k_norm.weight,9.374198e+00,6.095636e-03,6.502568e-04
12800,layers.0.k_norm.bias,1.341748e+00,5.099356e-03,3.800531e-03
12800,layers.1.qk_lut.weights,1.309511e+02,4.294603e+00,3.279546e-02
12800,layers.1.qk_lut.log_soft_score_temp,4.965721e-02,1.518093e-03,3.057145e-02
12800,layers.1.qk_lut.log_select_temp,1.113856e+00,1.973629e-03,1.771888e-03
12800,layers.1.v_lut.weights,1.212325e+02,4.057549e+00,3.346914e-02
12800,layers.1.v_lut.log_soft_score_temp,1.871582e-03,2.480984e-03,1.325608e+00
12800,layers.1.v_lut.log_select_temp,1.326219e+00,2.890944e-03,2.179839e-03
12800,layers.1.out_proj.weights,2.483811e+02,9.146694e+00,3.682524e-02
12800,layers.1.out_proj.log_soft_score_temp,7.336367e-01,3.526211e-03,4.806481e-03
12800,layers.1.out_proj.log_select_temp,8.559604e-01,3.213286e-03,3.754013e-03
12800,layers.1.residual_lut.weights,1.725192e+02,6.147317e+00,3.563265e-02
12800,layers.1.residual_lut.log_soft_score_temp,2.027003e-01,2.692193e-03,1.328164e-02
12800,layers.1.residual_lut.log_select_temp,1.244660e+00,4.809141e-03,3.863821e-03
12800,layers.1.q_norm.weight,1.006273e+01,6.387476e-03,6.347655e-04
12800,layers.1.q_norm.bias,9.137530e-01,4.183148e-03,4.577985e-03
12800,layers.1.k_norm.weight,1.000924e+01,6.229328e-03,6.223579e-04
12800,layers.1.k_norm.bias,1.138886e+00,6.003746e-03,5.271597e-03
12800,layers.2.qk_lut.weights,1.339942e+02,4.329175e+00,3.230867e-02
12800,layers.2.qk_lut.log_soft_score_temp,2.670311e-01,8.699298e-04,3.257784e-03
12800,layers.2.qk_lut.log_select_temp,1.050997e+00,1.920342e-03,1.827162e-03
12800,layers.2.v_lut.weights,1.215390e+02,4.112303e+00,3.383525e-02
12800,layers.2.v_lut.log_soft_score_temp,3.075611e-02,1.740227e-03,5.658149e-02
12800,layers.2.v_lut.log_select_temp,1.338722e+00,3.619790e-03,2.703914e-03
12800,layers.2.out_proj.weights,2.652538e+02,9.105024e+00,3.432571e-02
12800,layers.2.out_proj.log_soft_score_temp,7.316247e-01,5.406380e-03,7.389553e-03
12800,layers.2.out_proj.log_select_temp,9.145502e-01,3.915668e-03,4.281523e-03
12800,layers.2.residual_lut.weights,1.683518e+02,6.157032e+00,3.657241e-02
12800,layers.2.residual_lut.log_soft_score_temp,3.210814e-02,3.638208e-03,1.133111e-01
12800,layers.2.residual_lut.log_select_temp,1.407837e+00,4.454017e-03,3.163730e-03
12800,layers.2.q_norm.weight,9.361529e+00,5.577695e-03,5.958102e-04
12800,layers.2.q_norm.bias,8.439211e-01,3.720093e-03,4.408105e-03
12800,layers.2.k_norm.weight,9.320288e+00,5.143187e-03,5.518271e-04
12800,layers.2.k_norm.bias,1.277631e+00,4.196496e-03,3.284591e-03
12800,layers.3.qk_lut.weights,1.291901e+02,4.385252e+00,3.394419e-02
12800,layers.3.qk_lut.log_soft_score_temp,2.397651e-02,1.712034e-03,7.140461e-02
12800,layers.3.qk_lut.log_select_temp,1.220364e+00,3.197193e-03,2.619869e-03
12800,layers.3.v_lut.weights,1.235363e+02,4.135856e+00,3.347887e-02
12800,layers.3.v_lut.log_soft_score_temp,1.998678e-01,3.506348e-03,1.754334e-02
12800,layers.3.v_lut.log_select_temp,1.262934e+00,3.746748e-03,2.966701e-03
12800,layers.3.out_proj.weights,3.148109e+02,9.303150e+00,2.955155e-02
12800,layers.3.out_proj.log_soft_score_temp,6.822636e-01,6.802380e-03,9.970311e-03
12800,layers.3.out_proj.log_select_temp,1.293516e+00,2.931118e-03,2.266009e-03
12800,layers.3.residual_lut.weights,1.864325e+02,6.205180e+00,3.328378e-02
12800,layers.3.residual_lut.log_soft_score_temp,1.347247e-01,4.585341e-03,3.403488e-02
12800,layers.3.residual_lut.log_select_temp,1.428453e+00,4.412293e-03,3.088862e-03
12800,layers.3.q_norm.weight,1.046483e+01,7.882805e-03,7.532661e-04
12800,layers.3.q_norm.bias,8.088739e-01,4.859898e-03,6.008227e-03
12800,layers.3.k_norm.weight,1.038626e+01,7.500766e-03,7.221820e-04
12800,layers.3.k_norm.bias,1.157392e+00,5.427952e-03,4.689813e-03
12800,layers.4.qk_lut.weights,1.334743e+02,4.421928e+00,3.312944e-02
12800,layers.4.qk_lut.log_soft_score_temp,2.471728e-01,1.129478e-03,4.569589e-03
12800,layers.4.qk_lut.log_select_temp,1.045362e+00,2.324820e-03,2.223938e-03
12800,layers.4.v_lut.weights,1.272428e+02,4.179506e+00,3.284670e-02
12800,layers.4.v_lut.log_soft_score_temp,2.238189e-01,2.883136e-03,1.288156e-02
12800,layers.4.v_lut.log_select_temp,1.283794e+00,2.373219e-03,1.848598e-03
12800,layers.4.out_proj.weights,2.938184e+02,9.314131e+00,3.170030e-02
12800,layers.4.out_proj.log_soft_score_temp,4.253331e-01,4.492074e-03,1.056131e-02
12800,layers.4.out_proj.log_select_temp,1.216383e+00,4.628658e-03,3.805265e-03
12800,layers.4.residual_lut.weights,1.857867e+02,6.221667e+00,3.348823e-02
12800,layers.4.residual_lut.log_soft_score_temp,7.795104e-02,4.823036e-03,6.187264e-02
12800,layers.4.residual_lut.log_select_temp,1.469321e+00,4.498124e-03,3.061363e-03
12800,layers.4.q_norm.weight,9.164394e+00,5.162705e-03,5.633438e-04
12800,layers.4.q_norm.bias,6.957898e-01,3.733414e-03,5.365721e-03
12800,layers.4.k_norm.weight,9.113177e+00,5.438253e-03,5.967461e-04
12800,layers.4.k_norm.bias,1.068619e+00,4.971850e-03,4.652592e-03
12800,layers.5.qk_lut.weights,1.323921e+02,4.460221e+00,3.368947e-02
12800,layers.5.qk_lut.log_soft_score_temp,2.253446e-01,2.455980e-03,1.089877e-02
12800,layers.5.qk_lut.log_select_temp,9.498352e-01,1.369834e-03,1.442181e-03
12800,layers.5.v_lut.weights,1.295397e+02,4.248816e+00,3.279934e-02
12800,layers.5.v_lut.log_soft_score_temp,3.887166e-01,2.953529e-03,7.598156e-03
12800,layers.5.v_lut.log_select_temp,1.069550e+00,1.174808e-03,1.098413e-03
12800,layers.5.out_proj.weights,3.194277e+02,9.459892e+00,2.961512e-02
12800,layers.5.out_proj.log_soft_score_temp,2.795099e-01,4.602849e-03,1.646757e-02
12800,layers.5.out_proj.log_select_temp,1.225420e+00,3.597617e-03,2.935824e-03
12800,layers.5.residual_lut.weights,1.906640e+02,6.265826e+00,3.286318e-02
12800,layers.5.residual_lut.log_soft_score_temp,1.687389e-03,4.808760e-03,2.849823e+00
12800,layers.5.residual_lut.log_select_temp,1.476113e+00,3.781915e-03,2.562076e-03
12800,layers.5.q_norm.weight,9.170298e+00,5.273861e-03,5.751025e-04
12800,layers.5.q_norm.bias,5.295073e-01,4.761617e-03,8.992542e-03
12800,layers.5.k_norm.weight,9.114972e+00,4.928476e-03,5.407011e-04
12800,layers.5.k_norm.bias,7.715546e-01,5.712507e-03,7.403891e-03
12800,ln_final.weight,5.321966e+01,1.721946e-01,3.235544e-03
12800,ln_final.bias,2.326284e+00,1.887522e-02,8.113894e-03
13000,tok_emb_E.weight,1.557826e+02,1.678975e+00,1.077768e-02
13000,emb_resid_lut.weights,2.147109e+02,5.566878e+00,2.592732e-02
13000,emb_resid_lut.log_soft_score_temp,6.151329e-01,3.020763e-04,4.910749e-04
13000,emb_resid_lut.log_select_temp,1.471161e+00,1.578689e-03,1.073090e-03
13000,unembedder.weight,1.688145e+02,2.906152e+00,1.721506e-02
13000,layers.0.qk_lut.weights,1.329007e+02,3.977498e+00,2.992835e-02
13000,layers.0.qk_lut.log_soft_score_temp,9.938250e-01,2.359986e-03,2.374650e-03
13000,layers.0.qk_lut.log_select_temp,1.123163e+00,1.895905e-03,1.688005e-03
13000,layers.0.v_lut.weights,1.255652e+02,4.066177e+00,3.238299e-02
13000,layers.0.v_lut.log_soft_score_temp,4.516505e-01,6.702244e-04,1.483945e-03
13000,layers.0.v_lut.log_select_temp,1.161090e+00,2.008677e-03,1.729992e-03
13000,layers.0.out_proj.weights,2.543255e+02,8.451057e+00,3.322929e-02
13000,layers.0.out_proj.log_soft_score_temp,7.603531e-01,3.552973e-03,4.672794e-03
13000,layers.0.out_proj.log_select_temp,1.170273e+00,5.321503e-03,4.547231e-03
13000,layers.0.residual_lut.weights,1.703476e+02,5.714070e+00,3.354359e-02
13000,layers.0.residual_lut.log_soft_score_temp,1.372906e-01,5.583614e-04,4.067004e-03
13000,layers.0.residual_lut.log_select_temp,1.202878e+00,6.544948e-03,5.441072e-03
13000,layers.0.q_norm.weight,9.461679e+00,5.880373e-03,6.214936e-04
13000,layers.0.q_norm.bias,9.322982e-01,4.121254e-03,4.420531e-03
13000,layers.0.k_norm.weight,9.377643e+00,5.423386e-03,5.783315e-04
13000,layers.0.k_norm.bias,1.345150e+00,5.644376e-03,4.196094e-03
13000,layers.1.qk_lut.weights,1.310378e+02,4.055188e+00,3.094670e-02
13000,layers.1.qk_lut.log_soft_score_temp,5.111660e-02,1.459390e-03,2.855021e-02
13000,layers.1.qk_lut.log_select_temp,1.115813e+00,1.957059e-03,1.753930e-03
13000,layers.1.v_lut.weights,1.213078e+02,3.811241e+00,3.141793e-02
13000,layers.1.v_lut.log_soft_score_temp,1.223491e-04,1.993931e-03,1.629706e+01
13000,layers.1.v_lut.log_select_temp,1.329296e+00,3.076792e-03,2.314602e-03
13000,layers.1.out_proj.weights,2.484032e+02,8.611625e+00,3.466793e-02
13000,layers.1.out_proj.log_soft_score_temp,7.374427e-01,3.805995e-03,5.161072e-03
13000,layers.1.out_proj.log_select_temp,8.589216e-01,2.961159e-03,3.447531e-03
13000,layers.1.residual_lut.weights,1.725996e+02,5.797744e+00,3.359071e-02
13000,layers.1.residual_lut.log_soft_score_temp,2.012645e-01,1.435861e-03,7.134201e-03
13000,layers.1.residual_lut.log_select_temp,1.249817e+00,5.157948e-03,4.126961e-03
13000,layers.1.q_norm.weight,1.006728e+01,6.005314e-03,5.965181e-04
13000,layers.1.q_norm.bias,9.165711e-01,4.236796e-03,4.622441e-03
13000,layers.1.k_norm.weight,1.001374e+01,6.204801e-03,6.196290e-04
13000,layers.1.k_norm.bias,1.141035e+00,4.456646e-03,3.905791e-03
13000,layers.2.qk_lut.weights,1.341004e+02,4.076005e+00,3.039516e-02
13000,layers.2.qk_lut.log_soft_score_temp,2.668183e-01,2.128482e-04,7.977271e-04
13000,layers.2.qk_lut.log_select_temp,1.053605e+00,2.607584e-03,2.474917e-03
13000,layers.2.v_lut.weights,1.216170e+02,3.879406e+00,3.189856e-02
13000,layers.2.v_lut.log_soft_score_temp,3.311122e-02,2.355110e-03,7.112725e-02
13000,layers.2.v_lut.log_select_temp,1.342006e+00,3.283978e-03,2.447065e-03
13000,layers.2.out_proj.weights,2.654045e+02,8.565464e+00,3.227324e-02
13000,layers.2.out_proj.log_soft_score_temp,7.370224e-01,5.397677e-03,7.323627e-03
13000,layers.2.out_proj.log_select_temp,9.178943e-01,3.344059e-03,3.643185e-03
13000,layers.2.residual_lut.weights,1.683988e+02,5.797971e+00,3.443001e-02
13000,layers.2.residual_lut.log_soft_score_temp,2.992179e-02,2.186354e-03,7.306897e-02
13000,layers.2.residual_lut.log_select_temp,1.412587e+00,4.749298e-03,3.362129e-03
13000,layers.2.q_norm.weight,9.363906e+00,4.443597e-03,4.745452e-04
13000,layers.2.q_norm.bias,8.447030e-01,2.739486e-03,3.243135e-03
13000,layers.2.k_norm.weight,9.322736e+00,4.276267e-03,4.586923e-04
13000,layers.2.k_norm.bias,1.278319e+00,4.027715e-03,3.150790e-03
13000,layers.3.qk_lut.weights,1.292798e+02,4.116472e+00,3.184158e-02
13000,layers.3.qk_lut.log_soft_score_temp,2.584323e-02,1.866719e-03,7.223241e-02
13000,layers.3.qk_lut.log_select_temp,1.223123e+00,2.759099e-03,2.255782e-03
13000,layers.3.v_lut.weights,1.236020e+02,3.894447e+00,3.150795e-02
13000,layers.3.v_lut.log_soft_score_temp,1.959697e-01,3.898114e-03,1.989142e-02
13000,layers.3.v_lut.log_select_temp,1.266050e+00,3.115892e-03,2.461114e-03
13000,layers.3.out_proj.weights,3.152747e+02,8.750535e+00,2.775528e-02
13000,layers.3.out_proj.log_soft_score_temp,6.891028e-01,6.839275e-03,9.924898e-03
13000,layers.3.out_proj.log_select_temp,1.296226e+00,2.710819e-03,2.091316e-03
13000,layers.3.residual_lut.weights,1.865737e+02,5.841684e+00,3.131033e-02
13000,layers.3.residual_lut.log_soft_score_temp,1.302411e-01,4.483685e-03,3.442605e-02
13000,layers.3.residual_lut.log_select_temp,1.432817e+00,4.364014e-03,3.045759e-03
13000,layers.3.q_norm.weight,1.046977e+01,7.359560e-03,7.029340e-04
13000,layers.3.q_norm.bias,8.109357e-01,4.510006e-03,5.561484e-03
13000,layers.3.k_norm.weight,1.039089e+01,7.222458e-03,6.950763e-04
13000,layers.3.k_norm.bias,1.159843e+00,5.273947e-03,4.547122e-03
13000,layers.4.qk_lut.weights,1.335683e+02,4.139343e+00,3.099045e-02
13000,layers.4.qk_lut.log_soft_score_temp,2.461306e-01,1.042187e-03,4.234285e-03
13000,layers.4.qk_lut.log_select_temp,1.047364e+00,2.002001e-03,1.911467e-03
13000,layers.4.v_lut.weights,1.273226e+02,3.939753e+00,3.094307e-02
13000,layers.4.v_lut.log_soft_score_temp,2.205448e-01,3.274038e-03,1.484523e-02
13000,layers.4.v_lut.log_select_temp,1.285603e+00,1.808524e-03,1.406752e-03
13000,layers.4.out_proj.weights,2.941650e+02,8.771453e+00,2.981814e-02
13000,layers.4.out_proj.log_soft_score_temp,4.307078e-01,5.374670e-03,1.247869e-02
13000,layers.4.out_proj.log_select_temp,1.219975e+00,3.592134e-03,2.944432e-03
13000,layers.4.residual_lut.weights,1.859568e+02,5.862514e+00,3.152621e-02
13000,layers.4.residual_lut.log_soft_score_temp,7.344035e-02,4.510693e-03,6.141982e-02
13000,layers.4.residual_lut.log_select_temp,1.473503e+00,4.182100e-03,2.838203e-03
13000,layers.4.q_norm.weight,9.167013e+00,4.867441e-03,5.309734e-04
13000,layers.4.q_norm.bias,6.971341e-01,3.399909e-03,4.876980e-03
13000,layers.4.k_norm.weight,9.115835e+00,5.245261e-03,5.754010e-04
13000,layers.4.k_norm.bias,1.070326e+00,5.430244e-03,5.073447e-03
13000,layers.5.qk_lut.weights,1.324805e+02,4.189685e+00,3.162491e-02
13000,layers.5.qk_lut.log_soft_score_temp,2.240526e-01,1.291960e-03,5.766326e-03
13000,layers.5.qk_lut.log_select_temp,9.522618e-01,2.426565e-03,2.548212e-03
13000,layers.5.v_lut.weights,1.296241e+02,4.002880e+00,3.088067e-02
13000,layers.5.v_lut.log_soft_score_temp,3.864495e-01,2.267122e-03,5.866542e-03
13000,layers.5.v_lut.log_select_temp,1.071341e+00,1.790285e-03,1.671070e-03
13000,layers.5.out_proj.weights,3.198259e+02,8.901597e+00,2.783264e-02
13000,layers.5.out_proj.log_soft_score_temp,2.844655e-01,4.955590e-03,1.742071e-02
13000,layers.5.out_proj.log_select_temp,1.228475e+00,3.054857e-03,2.486707e-03
13000,layers.5.residual_lut.weights,1.908635e+02,5.897469e+00,3.089889e-02
13000,layers.5.residual_lut.log_soft_score_temp,5.660342e-03,3.972952e-03,7.018927e-01
13000,layers.5.residual_lut.log_select_temp,1.480161e+00,4.047751e-03,2.734670e-03
13000,layers.5.q_norm.weight,9.172866e+00,5.900815e-03,6.432902e-04
13000,layers.5.q_norm.bias,5.297132e-01,4.189993e-03,7.909927e-03
13000,layers.5.k_norm.weight,9.117436e+00,5.697330e-03,6.248829e-04
13000,layers.5.k_norm.bias,7.720474e-01,4.148871e-03,5.373855e-03
13000,ln_final.weight,5.338254e+01,1.632677e-01,3.058447e-03
13000,ln_final.bias,2.334366e+00,1.785972e-02,7.650782e-03
13200,tok_emb_E.weight,1.557962e+02,1.582206e+00,1.015562e-02
13200,emb_resid_lut.weights,2.147985e+02,5.250656e+00,2.444457e-02
13200,emb_resid_lut.log_soft_score_temp,6.163499e-01,1.217008e-03,1.974540e-03
13200,emb_resid_lut.log_select_temp,1.473735e+00,2.573729e-03,1.746399e-03
13200,unembedder.weight,1.687121e+02,2.741297e+00,1.624837e-02
13200,layers.0.qk_lut.weights,1.329800e+02,3.729949e+00,2.804894e-02
13200,layers.0.qk_lut.log_soft_score_temp,9.959548e-01,2.129853e-03,2.138503e-03
13200,layers.0.qk_lut.log_select_temp,1.125213e+00,2.050400e-03,1.822232e-03
13200,layers.0.v_lut.weights,1.256332e+02,3.838480e+00,3.055307e-02
13200,layers.0.v_lut.log_soft_score_temp,4.527401e-01,1.089573e-03,2.406619e-03
13200,layers.0.v_lut.log_select_temp,1.163195e+00,2.104759e-03,1.809464e-03
13200,layers.0.out_proj.weights,2.544314e+02,7.963755e+00,3.130020e-02
13200,layers.0.out_proj.log_soft_score_temp,7.643292e-01,3.976107e-03,5.202087e-03
13200,layers.0.out_proj.log_select_temp,1.175106e+00,4.832983e-03,4.112805e-03
13200,layers.0.residual_lut.weights,1.704606e+02,5.375821e+00,3.153703e-02
13200,layers.0.residual_lut.log_soft_score_temp,1.377532e-01,4.626513e-04,3.358551e-03
13200,layers.0.residual_lut.log_select_temp,1.209043e+00,6.165028e-03,5.099096e-03
13200,layers.0.q_norm.weight,9.465373e+00,5.096226e-03,5.384073e-04
13200,layers.0.q_norm.bias,9.344792e-01,4.081171e-03,4.367321e-03
13200,layers.0.k_norm.weight,9.381055e+00,4.975258e-03,5.303516e-04
13200,layers.0.k_norm.bias,1.347409e+00,4.562581e-03,3.386189e-03
13200,layers.1.qk_lut.weights,1.311131e+02,3.818405e+00,2.912298e-02
13200,layers.1.qk_lut.log_soft_score_temp,5.258154e-02,1.464937e-03,2.786029e-02
13200,layers.1.qk_lut.log_select_temp,1.117643e+00,1.829267e-03,1.636718e-03
13200,layers.1.v_lut.weights,1.213719e+02,3.592814e+00,2.960170e-02
13200,layers.1.v_lut.log_soft_score_temp,2.221256e-03,2.098906e-03,9.449189e-01
13200,layers.1.v_lut.log_select_temp,1.331856e+00,2.560019e-03,1.922144e-03
13200,layers.1.out_proj.weights,2.484070e+02,8.101896e+00,3.261540e-02
13200,layers.1.out_proj.log_soft_score_temp,7.411029e-01,3.660142e-03,4.938778e-03
13200,layers.1.out_proj.log_select_temp,8.615712e-01,2.649605e-03,3.075318e-03
13200,layers.1.residual_lut.weights,1.726591e+02,5.452057e+00,3.157701e-02
13200,layers.1.residual_lut.log_soft_score_temp,1.983652e-01,2.899244e-03,1.461569e-02
13200,layers.1.residual_lut.log_select_temp,1.253846e+00,4.028082e-03,3.212582e-03
13200,layers.1.q_norm.weight,1.007058e+01,5.330682e-03,5.293320e-04
13200,layers.1.q_norm.bias,9.183614e-01,3.393201e-03,3.694842e-03
13200,layers.1.k_norm.weight,1.001709e+01,5.380110e-03,5.370929e-04
13200,layers.1.k_norm.bias,1.142389e+00,4.875572e-03,4.267875e-03
13200,layers.2.qk_lut.weights,1.341960e+02,3.841541e+00,2.862634e-02
13200,layers.2.qk_lut.log_soft_score_temp,2.663225e-01,4.957914e-04,1.861621e-03
13200,layers.2.qk_lut.log_select_temp,1.055580e+00,1.974821e-03,1.870841e-03
13200,layers.2.v_lut.weights,1.216892e+02,3.660006e+00,3.007666e-02
13200,layers.2.v_lut.log_soft_score_temp,3.526759e-02,2.156369e-03,6.114309e-02
13200,layers.2.v_lut.log_select_temp,1.345219e+00,3.212810e-03,2.388317e-03
13200,layers.2.out_proj.weights,2.655441e+02,8.052283e+00,3.032372e-02
13200,layers.2.out_proj.log_soft_score_temp,7.417870e-01,4.764616e-03,6.423160e-03
13200,layers.2.out_proj.log_select_temp,9.216257e-01,3.731430e-03,4.048747e-03
13200,layers.2.residual_lut.weights,1.684423e+02,5.453014e+00,3.237319e-02
13200,layers.2.residual_lut.log_soft_score_temp,2.794961e-02,1.972176e-03,7.056184e-02
13200,layers.2.residual_lut.log_select_temp,1.417752e+00,5.165100e-03,3.643162e-03
13200,layers.2.q_norm.weight,9.366153e+00,4.632276e-03,4.945762e-04
13200,layers.2.q_norm.bias,8.460625e-01,3.568996e-03,4.218360e-03
13200,layers.2.k_norm.weight,9.325099e+00,4.879091e-03,5.232214e-04
13200,layers.2.k_norm.bias,1.280429e+00,4.536725e-03,3.543129e-03
13200,layers.3.qk_lut.weights,1.293551e+02,3.871794e+00,2.993151e-02
13200,layers.3.qk_lut.log_soft_score_temp,2.728008e-02,1.436852e-03,5.267036e-02
13200,layers.3.qk_lut.log_select_temp,1.226141e+00,3.017783e-03,2.461205e-03
13200,layers.3.v_lut.weights,1.236614e+02,3.653230e+00,2.954221e-02
13200,layers.3.v_lut.log_soft_score_temp,1.925063e-01,3.463358e-03,1.799088e-02
13200,layers.3.v_lut.log_select_temp,1.269501e+00,3.451228e-03,2.718570e-03
13200,layers.3.out_proj.weights,3.157005e+02,8.222553e+00,2.604542e-02
13200,layers.3.out_proj.log_soft_score_temp,6.953220e-01,6.219208e-03,8.944357e-03
13200,layers.3.out_proj.log_select_temp,1.299320e+00,3.093719e-03,2.381029e-03
13200,layers.3.residual_lut.weights,1.866981e+02,5.497290e+00,2.944480e-02
13200,layers.3.residual_lut.log_soft_score_temp,1.260320e-01,4.209042e-03,3.339661e-02
13200,layers.3.residual_lut.log_select_temp,1.436421e+00,3.603935e-03,2.508969e-03
13200,layers.3.q_norm.weight,1.047441e+01,6.380561e-03,6.091572e-04
13200,layers.3.q_norm.bias,8.129609e-01,3.807081e-03,4.682982e-03
13200,layers.3.k_norm.weight,1.039546e+01,6.526335e-03,6.278065e-04
13200,layers.3.k_norm.bias,1.161578e+00,5.232776e-03,4.504887e-03
13200,layers.4.qk_lut.weights,1.336504e+02,3.920570e+00,2.933452e-02
13200,layers.4.qk_lut.log_soft_score_temp,2.454549e-01,6.757081e-04,2.752881e-03
13200,layers.4.qk_lut.log_select_temp,1.049784e+00,2.419949e-03,2.305188e-03
13200,layers.4.v_lut.weights,1.273912e+02,3.721140e+00,2.921035e-02
13200,layers.4.v_lut.log_soft_score_temp,2.180614e-01,2.483413e-03,1.138859e-02
13200,layers.4.v_lut.log_select_temp,1.287749e+00,2.146125e-03,1.666571e-03
13200,layers.4.out_proj.weights,2.944765e+02,8.231305e+00,2.795233e-02
13200,layers.4.out_proj.log_soft_score_temp,4.356244e-01,4.916668e-03,1.128648e-02
13200,layers.4.out_proj.log_select_temp,1.223285e+00,3.310561e-03,2.706287e-03
13200,layers.4.residual_lut.weights,1.861100e+02,5.512465e+00,2.961939e-02
13200,layers.4.residual_lut.log_soft_score_temp,6.971984e-02,3.720507e-03,5.336367e-02
13200,layers.4.residual_lut.log_select_temp,1.477859e+00,4.356623e-03,2.947928e-03
13200,layers.4.q_norm.weight,9.168771e+00,4.979236e-03,5.430647e-04
13200,layers.4.q_norm.bias,6.972719e-01,3.370013e-03,4.833141e-03
13200,layers.4.k_norm.weight,9.117743e+00,5.086814e-03,5.579027e-04
13200,layers.4.k_norm.bias,1.070724e+00,4.115807e-03,3.843949e-03
13200,layers.5.qk_lut.weights,1.325616e+02,3.947176e+00,2.977617e-02
13200,layers.5.qk_lut.log_soft_score_temp,2.224717e-01,1.580924e-03,7.106179e-03
13200,layers.5.qk_lut.log_select_temp,9.542871e-01,2.025247e-03,2.122261e-03
13200,layers.5.v_lut.weights,1.296965e+02,3.774118e+00,2.909960e-02
13200,layers.5.v_lut.log_soft_score_temp,3.838814e-01,2.568096e-03,6.689816e-03
13200,layers.5.v_lut.log_select_temp,1.072390e+00,1.048923e-03,9.781170e-04
13200,layers.5.out_proj.weights,3.201853e+02,8.343851e+00,2.605945e-02
13200,layers.5.out_proj.log_soft_score_temp,2.895462e-01,5.080730e-03,1.754722e-02
13200,layers.5.out_proj.log_select_temp,1.231161e+00,2.686381e-03,2.181990e-03
13200,layers.5.residual_lut.weights,1.910396e+02,5.551805e+00,2.906102e-02
13200,layers.5.residual_lut.log_soft_score_temp,9.964648e-03,4.304306e-03,4.319577e-01
13200,layers.5.residual_lut.log_select_temp,1.483936e+00,3.775001e-03,2.543911e-03
13200,layers.5.q_norm.weight,9.175320e+00,4.683152e-03,5.104075e-04
13200,layers.5.q_norm.bias,5.306671e-01,3.908825e-03,7.365869e-03
13200,layers.5.k_norm.weight,9.119912e+00,4.673004e-03,5.123957e-04
13200,layers.5.k_norm.bias,7.727524e-01,4.234743e-03,5.480078e-03
13200,ln_final.weight,5.353569e+01,1.535515e-01,2.868208e-03
13200,ln_final.bias,2.341279e+00,1.643557e-02,7.019912e-03
13400,tok_emb_E.weight,1.558084e+02,1.489736e+00,9.561329e-03
13400,emb_resid_lut.weights,2.148797e+02,4.946453e+00,2.301963e-02
13400,emb_resid_lut.log_soft_score_temp,6.181310e-01,1.781166e-03,2.881534e-03
13400,emb_resid_lut.log_select_temp,1.476807e+00,3.071904e-03,2.080099e-03
13400,unembedder.weight,1.686044e+02,2.566178e+00,1.522011e-02
13400,layers.0.qk_lut.weights,1.330494e+02,3.545442e+00,2.664757e-02
13400,layers.0.qk_lut.log_soft_score_temp,9.978388e-01,1.883984e-03,1.888064e-03
13400,layers.0.qk_lut.log_select_temp,1.126746e+00,1.533151e-03,1.360688e-03
13400,layers.0.v_lut.weights,1.256943e+02,3.624319e+00,2.883438e-02
13400,layers.0.v_lut.log_soft_score_temp,4.544560e-01,1.715899e-03,3.775720e-03
13400,layers.0.v_lut.log_select_temp,1.165628e+00,2.433419e-03,2.087646e-03
13400,layers.0.out_proj.weights,2.545245e+02,7.501424e+00,2.947231e-02
13400,layers.0.out_proj.log_soft_score_temp,7.677056e-01,3.376365e-03,4.397994e-03
13400,layers.0.out_proj.log_select_temp,1.180089e+00,4.982591e-03,4.222216e-03
13400,layers.0.residual_lut.weights,1.705597e+02,5.056073e+00,2.964400e-02
13400,layers.0.residual_lut.log_soft_score_temp,1.381880e-01,4.348010e-04,3.146445e-03
13400,layers.0.residual_lut.log_select_temp,1.214631e+00,5.587459e-03,4.600129e-03
13400,layers.0.q_norm.weight,9.468956e+00,5.255121e-03,5.549842e-04
13400,layers.0.q_norm.bias,9.366561e-01,3.636881e-03,3.882834e-03
13400,layers.0.k_norm.weight,9.384301e+00,4.948460e-03,5.273125e-04
13400,layers.0.k_norm.bias,1.350754e+00,4.600246e-03,3.405688e-03
13400,layers.1.qk_lut.weights,1.311844e+02,3.593921e+00,2.739596e-02
13400,layers.1.qk_lut.log_soft_score_temp,5.415488e-02,1.573339e-03,2.905258e-02
13400,layers.1.qk_lut.log_select_temp,1.119242e+00,1.599669e-03,1.429243e-03
13400,layers.1.v_lut.weights,1.214303e+02,3.373376e+00,2.778034e-02
13400,layers.1.v_lut.log_soft_score_temp,4.055124e-03,1.833868e-03,4.522348e-01
13400,layers.1.v_lut.log_select_temp,1.334029e+00,2.172947e-03,1.628860e-03
13400,layers.1.out_proj.weights,2.484053e+02,7.623741e+00,3.069074e-02
13400,layers.1.out_proj.log_soft_score_temp,7.441737e-01,3.070831e-03,4.126498e-03
13400,layers.1.out_proj.log_select_temp,8.640974e-01,2.526224e-03,2.923540e-03
13400,layers.1.residual_lut.weights,1.727112e+02,5.136289e+00,2.973917e-02
13400,layers.1.residual_lut.log_soft_score_temp,1.966395e-01,1.725689e-03,8.775899e-03
13400,layers.1.residual_lut.log_select_temp,1.258025e+00,4.179001e-03,3.321875e-03
13400,layers.1.q_norm.weight,1.007375e+01,5.102081e-03,5.064731e-04
13400,layers.1.q_norm.bias,9.202819e-01,3.526533e-03,3.832014e-03
13400,layers.1.k_norm.weight,1.002016e+01,5.261253e-03,5.250667e-04
13400,layers.1.k_norm.bias,1.144685e+00,4.358296e-03,3.807420e-03
13400,layers.2.qk_lut.weights,1.342728e+02,3.623515e+00,2.698622e-02
13400,layers.2.qk_lut.log_soft_score_temp,2.657731e-01,5.494058e-04,2.067199e-03
13400,layers.2.qk_lut.log_select_temp,1.057474e+00,1.894116e-03,1.791171e-03
13400,layers.2.v_lut.weights,1.217524e+02,3.435291e+00,2.821540e-02
13400,layers.2.v_lut.log_soft_score_temp,3.672834e-02,1.460753e-03,3.977183e-02
13400,layers.2.v_lut.log_select_temp,1.348347e+00,3.128052e-03,2.319915e-03
13400,layers.2.out_proj.weights,2.656633e+02,7.583768e+00,2.854654e-02
13400,layers.2.out_proj.log_soft_score_temp,7.457746e-01,3.987610e-03,5.346938e-03
13400,layers.2.out_proj.log_select_temp,9.245377e-01,2.911985e-03,3.149666e-03
13400,layers.2.residual_lut.weights,1.684742e+02,5.133765e+00,3.047211e-02
13400,layers.2.residual_lut.log_soft_score_temp,2.649497e-02,1.454642e-03,5.490257e-02
13400,layers.2.residual_lut.log_select_temp,1.422133e+00,4.381657e-03,3.081045e-03
13400,layers.2.q_norm.weight,9.369081e+00,4.381704e-03,4.676770e-04
13400,layers.2.q_norm.bias,8.472162e-01,2.434513e-03,2.873543e-03
13400,layers.2.k_norm.weight,9.327813e+00,4.361883e-03,4.676212e-04
13400,layers.2.k_norm.bias,1.281004e+00,3.656721e-03,2.854574e-03
13400,layers.3.qk_lut.weights,1.294245e+02,3.641246e+00,2.813414e-02
13400,layers.3.qk_lut.log_soft_score_temp,2.870609e-02,1.426011e-03,4.967626e-02
13400,layers.3.qk_lut.log_select_temp,1.228883e+00,2.742529e-03,2.231725e-03
13400,layers.3.v_lut.weights,1.237126e+02,3.447064e+00,2.786349e-02
13400,layers.3.v_lut.log_soft_score_temp,1.889892e-01,3.517106e-03,1.861009e-02
13400,layers.3.v_lut.log_select_temp,1.272265e+00,2.764225e-03,2.172680e-03
13400,layers.3.out_proj.weights,3.160844e+02,7.736248e+00,2.447526e-02
13400,layers.3.out_proj.log_soft_score_temp,7.012634e-01,5.941331e-03,8.472325e-03
13400,layers.3.out_proj.log_select_temp,1.301311e+00,1.991391e-03,1.530296e-03
13400,layers.3.residual_lut.weights,1.868045e+02,5.176201e+00,2.770919e-02
13400,layers.3.residual_lut.log_soft_score_temp,1.219039e-01,4.128136e-03,3.386386e-02
13400,layers.3.residual_lut.log_select_temp,1.439784e+00,3.363371e-03,2.336025e-03
13400,layers.3.q_norm.weight,1.047847e+01,6.056922e-03,5.780350e-04
13400,layers.3.q_norm.bias,8.153165e-01,4.237123e-03,5.196906e-03
13400,layers.3.k_norm.weight,1.039946e+01,5.725108e-03,5.505196e-04
13400,layers.3.k_norm.bias,1.162687e+00,4.256956e-03,3.661308e-03
13400,layers.4.qk_lut.weights,1.337205e+02,3.689462e+00,2.759085e-02
13400,layers.4.qk_lut.log_soft_score_temp,2.445128e-01,9.420961e-04,3.852952e-03
13400,layers.4.qk_lut.log_select_temp,1.051492e+00,1.708627e-03,1.624954e-03
13400,layers.4.v_lut.weights,1.274557e+02,3.482186e+00,2.732075e-02
13400,layers.4.v_lut.log_soft_score_temp,2.153775e-01,2.683893e-03,1.246134e-02
13400,layers.4.v_lut.log_select_temp,1.289249e+00,1.500607e-03,1.163938e-03
13400,layers.4.out_proj.weights,2.947707e+02,7.742271e+00,2.626541e-02
13400,layers.4.out_proj.log_soft_score_temp,4.400568e-01,4.432380e-03,1.007229e-02
13400,layers.4.out_proj.log_select_temp,1.227068e+00,3.782272e-03,3.082366e-03
13400,layers.4.residual_lut.weights,1.862426e+02,5.193723e+00,2.788686e-02
13400,layers.4.residual_lut.log_soft_score_temp,6.521621e-02,4.503630e-03,6.905691e-02
13400,layers.4.residual_lut.log_select_temp,1.481425e+00,3.566027e-03,2.407159e-03
13400,layers.4.q_norm.weight,9.171293e+00,4.426125e-03,4.826064e-04
13400,layers.4.q_norm.bias,6.984152e-01,2.904402e-03,4.158560e-03
13400,layers.4.k_norm.weight,9.120173e+00,4.827619e-03,5.293341e-04
13400,layers.4.k_norm.bias,1.072516e+00,4.178884e-03,3.896338e-03
13400,layers.5.qk_lut.weights,1.326311e+02,3.696232e+00,2.786853e-02
13400,layers.5.qk_lut.log_soft_score_temp,2.209365e-01,1.535222e-03,6.948703e-03
13400,layers.5.qk_lut.log_select_temp,9.555149e-01,1.227856e-03,1.285020e-03
13400,layers.5.v_lut.weights,1.297593e+02,3.564983e+00,2.747380e-02
13400,layers.5.v_lut.log_soft_score_temp,3.812964e-01,2.585024e-03,6.779565e-03
13400,layers.5.v_lut.log_select_temp,1.073446e+00,1.056671e-03,9.843726e-04
13400,layers.5.out_proj.weights,3.205361e+02,7.848035e+00,2.448409e-02
13400,layers.5.out_proj.log_soft_score_temp,2.936717e-01,4.125535e-03,1.404812e-02
13400,layers.5.out_proj.log_select_temp,1.234018e+00,2.857089e-03,2.315273e-03
13400,layers.5.residual_lut.weights,1.912037e+02,5.231704e+00,2.736194e-02
13400,layers.5.residual_lut.log_soft_score_temp,1.384412e-02,3.879470e-03,2.802251e-01
13400,layers.5.residual_lut.log_select_temp,1.487711e+00,3.774881e-03,2.537376e-03
13400,layers.5.q_norm.weight,9.177466e+00,4.570540e-03,4.980176e-04
13400,layers.5.q_norm.bias,5.321367e-01,3.632088e-03,6.825479e-03
13400,layers.5.k_norm.weight,9.121865e+00,4.200747e-03,4.605141e-04
13400,layers.5.k_norm.bias,7.743239e-01,4.159622e-03,5.371940e-03
13400,ln_final.weight,5.368017e+01,1.448730e-01,2.698818e-03
13400,ln_final.bias,2.348324e+00,1.589003e-02,6.766542e-03
13600,tok_emb_E.weight,1.558195e+02,1.402457e+00,9.000518e-03
13600,emb_resid_lut.weights,2.149476e+02,4.651566e+00,2.164046e-02
13600,emb_resid_lut.log_soft_score_temp,6.193081e-01,1.177013e-03,1.900529e-03
13600,emb_resid_lut.log_select_temp,1.479269e+00,2.462029e-03,1.664356e-03
13600,unembedder.weight,1.685162e+02,2.417382e+00,1.434510e-02
13600,layers.0.qk_lut.weights,1.331110e+02,3.337609e+00,2.507388e-02
13600,layers.0.qk_lut.log_soft_score_temp,1.000831e+00,2.992213e-03,2.989728e-03
13600,layers.0.qk_lut.log_select_temp,1.129414e+00,2.667189e-03,2.361569e-03
13600,layers.0.v_lut.weights,1.257465e+02,3.412234e+00,2.713582e-02
13600,layers.0.v_lut.log_soft_score_temp,4.550691e-01,6.131232e-04,1.347319e-03
13600,layers.0.v_lut.log_select_temp,1.167183e+00,1.554847e-03,1.332136e-03
13600,layers.0.out_proj.weights,2.546022e+02,7.052083e+00,2.769844e-02
13600,layers.0.out_proj.log_soft_score_temp,7.710966e-01,3.391027e-03,4.397669e-03
13600,layers.0.out_proj.log_select_temp,1.184155e+00,4.066229e-03,3.433865e-03
13600,layers.0.residual_lut.weights,1.706491e+02,4.762374e+00,2.790740e-02
13600,layers.0.residual_lut.log_soft_score_temp,1.383887e-01,2.007037e-04,1.450290e-03
13600,layers.0.residual_lut.log_select_temp,1.219831e+00,5.199790e-03,4.262715e-03
13600,layers.0.q_norm.weight,9.473425e+00,5.573361e-03,5.883153e-04
13600,layers.0.q_norm.bias,9.382586e-01,2.936689e-03,3.129935e-03
13600,layers.0.k_norm.weight,9.388576e+00,5.586809e-03,5.950647e-04
13600,layers.0.k_norm.bias,1.352482e+00,3.762181e-03,2.781687e-03
13600,layers.1.qk_lut.weights,1.312477e+02,3.397507e+00,2.588622e-02
13600,layers.1.qk_lut.log_soft_score_temp,5.511664e-02,9.617619e-04,1.744957e-02
13600,layers.1.qk_lut.log_select_temp,1.121102e+00,1.859426e-03,1.658571e-03
13600,layers.1.v_lut.weights,1.214806e+02,3.187064e+00,2.623517e-02
13600,layers.1.v_lut.log_soft_score_temp,6.123200e-03,2.068076e-03,3.377444e-01
13600,layers.1.v_lut.log_select_temp,1.336149e+00,2.119899e-03,1.586574e-03
13600,layers.1.out_proj.weights,2.483964e+02,7.174838e+00,2.888463e-02
13600,layers.1.out_proj.log_soft_score_temp,7.471699e-01,2.996206e-03,4.010074e-03
13600,layers.1.out_proj.log_select_temp,8.663266e-01,2.229154e-03,2.573111e-03
13600,layers.1.residual_lut.weights,1.727591e+02,4.835797e+00,2.799157e-02
13600,layers.1.residual_lut.log_soft_score_temp,1.952213e-01,1.418173e-03,7.264438e-03
13600,layers.1.residual_lut.log_select_temp,1.262100e+00,4.075885e-03,3.229446e-03
13600,layers.1.q_norm.weight,1.007621e+01,4.789551e-03,4.753327e-04
13600,layers.1.q_norm.bias,9.214964e-01,3.461273e-03,3.756144e-03
13600,layers.1.k_norm.weight,1.002275e+01,4.205114e-03,4.195570e-04
13600,layers.1.k_norm.bias,1.144983e+00,2.869656e-03,2.506288e-03
13600,layers.2.qk_lut.weights,1.343478e+02,3.417342e+00,2.543653e-02
13600,layers.2.qk_lut.log_soft_score_temp,2.652952e-01,4.779100e-04,1.801428e-03
13600,layers.2.qk_lut.log_select_temp,1.059092e+00,1.618624e-03,1.528312e-03
13600,layers.2.v_lut.weights,1.218052e+02,3.237129e+00,2.657628e-02
13600,layers.2.v_lut.log_soft_score_temp,3.788858e-02,1.160234e-03,3.062227e-02
13600,layers.2.v_lut.log_select_temp,1.351267e+00,2.919436e-03,2.160518e-03
13600,layers.2.out_proj.weights,2.657753e+02,7.137624e+00,2.685586e-02
13600,layers.2.out_proj.log_soft_score_temp,7.495303e-01,3.755629e-03,5.010644e-03
13600,layers.2.out_proj.log_select_temp,9.279280e-01,3.390253e-03,3.653573e-03
13600,layers.2.residual_lut.weights,1.684969e+02,4.838252e+00,2.871418e-02
13600,layers.2.residual_lut.log_soft_score_temp,2.489076e-02,1.604211e-03,6.445004e-02
13600,layers.2.residual_lut.log_select_temp,1.426338e+00,4.204392e-03,2.947683e-03
13600,layers.2.q_norm.weight,9.371269e+00,4.745145e-03,5.063503e-04
13600,layers.2.q_norm.bias,8.492807e-01,3.415714e-03,4.021890e-03
13600,layers.2.k_norm.weight,9.329887e+00,4.590721e-03,4.920447e-04
13600,layers.2.k_norm.bias,1.282130e+00,3.555482e-03,2.773105e-03
13600,layers.3.qk_lut.weights,1.294858e+02,3.434849e+00,2.652684e-02
13600,layers.3.qk_lut.log_soft_score_temp,3.004005e-02,1.333959e-03,4.440603e-02
13600,layers.3.qk_lut.log_select_temp,1.231503e+00,2.619863e-03,2.127370e-03
13600,layers.3.v_lut.weights,1.237569e+02,3.250734e+00,2.626708e-02
13600,layers.3.v_lut.log_soft_score_temp,1.856857e-01,3.303498e-03,1.779081e-02
13600,layers.3.v_lut.log_select_temp,1.274712e+00,2.446771e-03,1.919469e-03
13600,layers.3.out_proj.weights,3.164380e+02,7.279122e+00,2.300331e-02
13600,layers.3.out_proj.log_soft_score_temp,7.068003e-01,5.536914e-03,7.833774e-03
13600,layers.3.out_proj.log_select_temp,1.303418e+00,2.106786e-03,1.616354e-03
13600,layers.3.residual_lut.weights,1.868988e+02,4.873333e+00,2.607471e-02
13600,layers.3.residual_lut.log_soft_score_temp,1.182585e-01,3.645331e-03,3.082509e-02
13600,layers.3.residual_lut.log_select_temp,1.442975e+00,3.191352e-03,2.211647e-03
13600,layers.3.q_norm.weight,1.048238e+01,5.810769e-03,5.543368e-04
13600,layers.3.q_norm.bias,8.172075e-01,3.669347e-03,4.490105e-03
13600,layers.3.k_norm.weight,1.040324e+01,6.188837e-03,5.948951e-04
13600,layers.3.k_norm.bias,1.163774e+00,4.328774e-03,3.719600e-03
13600,layers.4.qk_lut.weights,1.337910e+02,3.480095e+00,2.601144e-02
13600,layers.4.qk_lut.log_soft_score_temp,2.432900e-01,1.222819e-03,5.026179e-03
13600,layers.4.qk_lut.log_select_temp,1.052979e+00,1.486301e-03,1.411521e-03
13600,layers.4.v_lut.weights,1.275127e+02,3.297894e+00,2.586325e-02
13600,layers.4.v_lut.log_soft_score_temp,2.128634e-01,2.514124e-03,1.181097e-02
13600,layers.4.v_lut.log_select_temp,1.290619e+00,1.369953e-03,1.061470e-03
13600,layers.4.out_proj.weights,2.950358e+02,7.280045e+00,2.467513e-02
13600,layers.4.out_proj.log_soft_score_temp,4.442161e-01,4.159272e-03,9.363173e-03
13600,layers.4.out_proj.log_select_temp,1.230287e+00,3.219604e-03,2.616953e-03
13600,layers.4.residual_lut.weights,1.863666e+02,4.884386e+00,2.620848e-02
13600,layers.4.residual_lut.log_soft_score_temp,6.204751e-02,3.168702e-03,5.106896e-02
13600,layers.4.residual_lut.log_select_temp,1.485048e+00,3.623009e-03,2.439657e-03
13600,layers.4.q_norm.weight,9.173347e+00,3.607478e-03,3.932564e-04
13600,layers.4.q_norm.bias,6.990151e-01,2.746203e-03,3.928674e-03
13600,layers.4.k_norm.weight,9.122144e+00,3.645800e-03,3.996648e-04
13600,layers.4.k_norm.bias,1.073053e+00,4.100092e-03,3.820961e-03
13600,layers.5.qk_lut.weights,1.326945e+02,3.490878e+00,2.630762e-02
13600,layers.5.qk_lut.log_soft_score_temp,2.199552e-01,9.812862e-04,4.461300e-03
13600,layers.5.qk_lut.log_select_temp,9.574276e-01,1.912713e-03,1.997763e-03
13600,layers.5.v_lut.weights,1.298177e+02,3.354950e+00,2.584355e-02
13600,layers.5.v_lut.log_soft_score_temp,3.787156e-01,2.580732e-03,6.814432e-03
13600,layers.5.v_lut.log_select_temp,1.074005e+00,5.590916e-04,5.205668e-04
13600,layers.5.out_proj.weights,3.208484e+02,7.394179e+00,2.304571e-02
13600,layers.5.out_proj.log_soft_score_temp,2.975405e-01,3.868729e-03,1.300236e-02
13600,layers.5.out_proj.log_select_temp,1.236163e+00,2.144575e-03,1.734864e-03
13600,layers.5.residual_lut.weights,1.913443e+02,4.914618e+00,2.568468e-02
13600,layers.5.residual_lut.log_soft_score_temp,1.766324e-02,3.819123e-03,2.162187e-01
13600,layers.5.residual_lut.log_select_temp,1.490586e+00,2.875566e-03,1.929151e-03
13600,layers.5.q_norm.weight,9.178505e+00,4.426788e-03,4.822995e-04
13600,layers.5.q_norm.bias,5.321321e-01,3.227598e-03,6.065408e-03
13600,layers.5.k_norm.weight,9.122854e+00,4.089145e-03,4.482309e-04
13600,layers.5.k_norm.bias,7.750643e-01,3.824988e-03,4.935059e-03
13600,ln_final.weight,5.381490e+01,1.350670e-01,2.509844e-03
13600,ln_final.bias,2.354944e+00,1.503010e-02,6.382359e-03
13800,tok_emb_E.weight,1.558295e+02,1.321192e+00,8.478446e-03
13800,emb_resid_lut.weights,2.150077e+02,4.412783e+00,2.052383e-02
13800,emb_resid_lut.log_soft_score_temp,6.210366e-01,1.728594e-03,2.783401e-03
13800,emb_resid_lut.log_select_temp,1.482045e+00,2.776027e-03,1.873106e-03
13800,unembedder.weight,1.684307e+02,2.290303e+00,1.359790e-02
13800,layers.0.qk_lut.weights,1.331658e+02,3.157649e+00,2.371216e-02
13800,layers.0.qk_lut.log_soft_score_temp,1.002524e+00,1.693249e-03,1.688985e-03
13800,layers.0.qk_lut.log_select_temp,1.130721e+00,1.307845e-03,1.156647e-03
13800,layers.0.v_lut.weights,1.257925e+02,3.217392e+00,2.557697e-02
13800,layers.0.v_lut.log_soft_score_temp,4.560569e-01,9.877980e-04,2.165953e-03
13800,layers.0.v_lut.log_select_temp,1.168892e+00,1.708865e-03,1.461953e-03
13800,layers.0.out_proj.weights,2.546690e+02,6.646983e+00,2.610048e-02
13800,layers.0.out_proj.log_soft_score_temp,7.747467e-01,3.650069e-03,4.711307e-03
13800,layers.0.out_proj.log_select_temp,1.188285e+00,4.130125e-03,3.475702e-03
13800,layers.0.residual_lut.weights,1.707196e+02,4.499836e+00,2.635806e-02
13800,layers.0.residual_lut.log_soft_score_temp,1.366884e-01,1.700372e-03,1.243977e-02
13800,layers.0.residual_lut.log_select_temp,1.223752e+00,3.921390e-03,3.204399e-03
13800,layers.0.q_norm.weight,9.475833e+00,3.851283e-03,4.064322e-04
13800,layers.0.q_norm.bias,9.396554e-01,3.138614e-03,3.340175e-03
13800,layers.0.k_norm.weight,9.390705e+00,3.824797e-03,4.072960e-04
13800,layers.0.k_norm.bias,1.354797e+00,3.725191e-03,2.749631e-03
13800,layers.1.qk_lut.weights,1.313035e+02,3.191138e+00,2.430353e-02
13800,layers.1.qk_lut.log_soft_score_temp,5.605875e-02,9.421073e-04,1.680571e-02
13800,layers.1.qk_lut.log_select_temp,1.122810e+00,1.707673e-03,1.520893e-03
13800,layers.1.v_lut.weights,1.215261e+02,2.980491e+00,2.452553e-02
13800,layers.1.v_lut.log_soft_score_temp,7.723390e-03,1.600190e-03,2.071875e-01
13800,layers.1.v_lut.log_select_temp,1.338333e+00,2.183914e-03,1.631817e-03
13800,layers.1.out_proj.weights,2.483820e+02,6.739967e+00,2.713549e-02
13800,layers.1.out_proj.log_soft_score_temp,7.497407e-01,2.570748e-03,3.428850e-03
13800,layers.1.out_proj.log_select_temp,8.687469e-01,2.420306e-03,2.785974e-03
13800,layers.1.residual_lut.weights,1.727992e+02,4.559608e+00,2.638674e-02
13800,layers.1.residual_lut.log_soft_score_temp,1.936918e-01,1.529574e-03,7.896951e-03
13800,layers.1.residual_lut.log_select_temp,1.265992e+00,3.891945e-03,3.074225e-03
13800,layers.1.q_norm.weight,1.008025e+01,5.286190e-03,5.244105e-04
13800,layers.1.q_norm.bias,9.230565e-01,2.956049e-03,3.202457e-03
13800,layers.1.k_norm.weight,1.002669e+01,5.157308e-03,5.143580e-04
13800,layers.1.k_norm.bias,1.146740e+00,3.303999e-03,2.881209e-03
13800,layers.2.qk_lut.weights,1.344130e+02,3.208750e+00,2.387233e-02
13800,layers.2.qk_lut.log_soft_score_temp,2.644213e-01,8.738935e-04,3.304929e-03
13800,layers.2.qk_lut.log_select_temp,1.060327e+00,1.234412e-03,1.164181e-03
13800,layers.2.v_lut.weights,1.218531e+02,3.052391e+00,2.504976e-02
13800,layers.2.v_lut.log_soft_score_temp,3.977823e-02,1.889657e-03,4.750481e-02
13800,layers.2.v_lut.log_select_temp,1.353400e+00,2.133369e-03,1.576304e-03
13800,layers.2.out_proj.weights,2.658633e+02,6.715948e+00,2.526091e-02
13800,layers.2.out_proj.log_soft_score_temp,7.538888e-01,4.358530e-03,5.781397e-03
13800,layers.2.out_proj.log_select_temp,9.300028e-01,2.074838e-03,2.231002e-03
13800,layers.2.residual_lut.weights,1.685076e+02,4.557812e+00,2.704811e-02
13800,layers.2.residual_lut.log_soft_score_temp,2.236540e-02,2.525356e-03,1.129135e-01
13800,layers.2.residual_lut.log_select_temp,1.429561e+00,3.222942e-03,2.254498e-03
13800,layers.2.q_norm.weight,9.372683e+00,3.542416e-03,3.779512e-04
13800,layers.2.q_norm.bias,8.495213e-01,2.619411e-03,3.083396e-03
13800,layers.2.k_norm.weight,9.331295e+00,3.575053e-03,3.831250e-04
13800,layers.2.k_norm.bias,1.282235e+00,2.566394e-03,2.001500e-03
13800,layers.3.qk_lut.weights,1.295364e+02,3.244782e+00,2.504920e-02
13800,layers.3.qk_lut.log_soft_score_temp,3.105843e-02,1.018371e-03,3.278889e-02
13800,layers.3.qk_lut.log_select_temp,1.234090e+00,2.586842e-03,2.096153e-03
13800,layers.3.v_lut.weights,1.237967e+02,3.044451e+00,2.459234e-02
13800,layers.3.v_lut.log_soft_score_temp,1.831657e-01,2.520010e-03,1.375809e-02
13800,layers.3.v_lut.log_select_temp,1.277825e+00,3.112435e-03,2.435730e-03
13800,layers.3.out_proj.weights,3.167772e+02,6.841458e+00,2.159707e-02
13800,layers.3.out_proj.log_soft_score_temp,7.118430e-01,5.042672e-03,7.083967e-03
13800,layers.3.out_proj.log_select_temp,1.305758e+00,2.339482e-03,1.791666e-03
13800,layers.3.residual_lut.weights,1.869870e+02,4.584818e+00,2.451945e-02
13800,layers.3.residual_lut.log_soft_score_temp,1.148313e-01,3.427260e-03,2.984604e-02
13800,layers.3.residual_lut.log_select_temp,1.446134e+00,3.159046e-03,2.184476e-03
13800,layers.3.q_norm.weight,1.048588e+01,5.837862e-03,5.567353e-04
13800,layers.3.q_norm.bias,8.186164e-01,3.519381e-03,4.299182e-03
13800,layers.3.k_norm.weight,1.040654e+01,5.709331e-03,5.486288e-04
13800,layers.3.k_norm.bias,1.165317e+00,6.010708e-03,5.158004e-03
13800,layers.4.qk_lut.weights,1.338519e+02,3.273764e+00,2.445811e-02
13800,layers.4.qk_lut.log_soft_score_temp,2.417498e-01,1.540199e-03,6.371045e-03
13800,layers.4.qk_lut.log_select_temp,1.054216e+00,1.237154e-03,1.173530e-03
13800,layers.4.v_lut.weights,1.275640e+02,3.091686e+00,2.423635e-02
13800,layers.4.v_lut.log_soft_score_temp,2.105251e-01,2.338335e-03,1.110716e-02
13800,layers.4.v_lut.log_select_temp,1.292143e+00,1.523614e-03,1.179137e-03
13800,layers.4.out_proj.weights,2.952784e+02,6.857546e+00,2.322400e-02
13800,layers.4.out_proj.log_soft_score_temp,4.478017e-01,3.585637e-03,8.007197e-03
13800,layers.4.out_proj.log_select_temp,1.233303e+00,3.015280e-03,2.444882e-03
13800,layers.4.residual_lut.weights,1.864797e+02,4.598156e+00,2.465768e-02
13800,layers.4.residual_lut.log_soft_score_temp,5.872241e-02,3.325097e-03,5.662399e-02
13800,layers.4.residual_lut.log_select_temp,1.488532e+00,3.483772e-03,2.340408e-03
13800,layers.4.q_norm.weight,9.175242e+00,3.616903e-03,3.942025e-04
13800,layers.4.q_norm.bias,6.997933e-01,3.008805e-03,4.299562e-03
13800,layers.4.k_norm.weight,9.124090e+00,3.851648e-03,4.221405e-04
13800,layers.4.k_norm.bias,1.073210e+00,3.145934e-03,2.931332e-03
13800,layers.5.qk_lut.weights,1.327506e+02,3.298249e+00,2.484546e-02
13800,layers.5.qk_lut.log_soft_score_temp,2.183276e-01,1.627594e-03,7.454826e-03
13800,layers.5.qk_lut.log_select_temp,9.585999e-01,1.172304e-03,1.222934e-03
13800,layers.5.v_lut.weights,1.298692e+02,3.143607e+00,2.420595e-02
13800,layers.5.v_lut.log_soft_score_temp,3.768533e-01,1.862377e-03,4.941915e-03
13800,layers.5.v_lut.log_select_temp,1.075414e+00,1.408339e-03,1.309578e-03
13800,layers.5.out_proj.weights,3.211420e+02,6.945736e+00,2.162824e-02
13800,layers.5.out_proj.log_soft_score_temp,3.009435e-01,3.403068e-03,1.130799e-02
13800,layers.5.out_proj.log_select_temp,1.238836e+00,2.673030e-03,2.157695e-03
13800,layers.5.residual_lut.weights,1.914757e+02,4.628348e+00,2.417198e-02
13800,layers.5.residual_lut.log_soft_score_temp,2.095890e-02,3.295658e-03,1.572439e-01
13800,layers.5.residual_lut.log_select_temp,1.494278e+00,3.691792e-03,2.470619e-03
13800,layers.5.q_norm.weight,9.181174e+00,4.421260e-03,4.815572e-04
13800,layers.5.q_norm.bias,5.334494e-01,3.237837e-03,6.069624e-03
13800,layers.5.k_norm.weight,9.125463e+00,4.472648e-03,4.901284e-04
13800,layers.5.k_norm.bias,7.764119e-01,4.249085e-03,5.472720e-03
13800,ln_final.weight,5.394255e+01,1.280011e-01,2.372915e-03
13800,ln_final.bias,2.361380e+00,1.412100e-02,5.979975e-03
14000,tok_emb_E.weight,1.558385e+02,1.246203e+00,7.996758e-03
14000,emb_resid_lut.weights,2.150609e+02,4.154006e+00,1.931548e-02
14000,emb_resid_lut.log_soft_score_temp,6.222143e-01,1.177609e-03,1.892610e-03
14000,emb_resid_lut.log_select_temp,1.484208e+00,2.163649e-03,1.457780e-03
14000,unembedder.weight,1.683457e+02,2.147858e+00,1.275861e-02
14000,layers.0.qk_lut.weights,1.332156e+02,2.981527e+00,2.238122e-02
14000,layers.0.qk_lut.log_soft_score_temp,1.004982e+00,2.457857e-03,2.445673e-03
14000,layers.0.qk_lut.log_select_temp,1.132785e+00,2.063990e-03,1.822048e-03
14000,layers.0.v_lut.weights,1.258356e+02,3.036657e+00,2.413194e-02
14000,layers.0.v_lut.log_soft_score_temp,4.575246e-01,1.467705e-03,3.207925e-03
14000,layers.0.v_lut.log_select_temp,1.170970e+00,2.078056e-03,1.774645e-03
14000,layers.0.out_proj.weights,2.547261e+02,6.268604e+00,2.460920e-02
14000,layers.0.out_proj.log_soft_score_temp,7.767992e-01,2.052546e-03,2.642312e-03
14000,layers.0.out_proj.log_select_temp,1.192578e+00,4.292488e-03,3.599336e-03
14000,layers.0.residual_lut.weights,1.707987e+02,4.238063e+00,2.481320e-02
14000,layers.0.residual_lut.log_soft_score_temp,1.382090e-01,1.520604e-03,1.100221e-02
14000,layers.0.residual_lut.log_select_temp,1.229208e+00,5.456090e-03,4.438704e-03
14000,layers.0.q_norm.weight,9.479480e+00,4.945070e-03,5.216605e-04
14000,layers.0.q_norm.bias,9.414765e-01,3.553266e-03,3.774142e-03
14000,layers.0.k_norm.weight,9.394069e+00,4.684584e-03,4.986746e-04
14000,layers.0.k_norm.bias,1.357330e+00,3.970938e-03,2.925551e-03
14000,layers.1.qk_lut.weights,1.313520e+02,3.016795e+00,2.296726e-02
14000,layers.1.qk_lut.log_soft_score_temp,5.686753e-02,8.087792e-04,1.422216e-02
14000,layers.1.qk_lut.log_select_temp,1.124579e+00,1.769185e-03,1.573198e-03
14000,layers.1.v_lut.weights,1.215658e+02,2.821933e+00,2.321322e-02
14000,layers.1.v_lut.log_soft_score_temp,9.641805e-03,1.918415e-03,1.989685e-01
14000,layers.1.v_lut.log_select_temp,1.340040e+00,1.706958e-03,1.273811e-03
14000,layers.1.out_proj.weights,2.483662e+02,6.354407e+00,2.558483e-02
14000,layers.1.out_proj.log_soft_score_temp,7.522063e-01,2.465606e-03,3.277832e-03
14000,layers.1.out_proj.log_select_temp,8.709359e-01,2.188981e-03,2.513366e-03
14000,layers.1.residual_lut.weights,1.728349e+02,4.290222e+00,2.482266e-02
14000,layers.1.residual_lut.log_soft_score_temp,1.927102e-01,9.815693e-04,5.093499e-03
14000,layers.1.residual_lut.log_select_temp,1.269731e+00,3.738284e-03,2.944155e-03
14000,layers.1.q_norm.weight,1.008313e+01,4.644887e-03,4.606591e-04
14000,layers.1.q_norm.bias,9.248425e-01,3.687844e-03,3.987537e-03
14000,layers.1.k_norm.weight,1.002958e+01,4.546972e-03,4.533564e-04
14000,layers.1.k_norm.bias,1.147691e+00,3.056084e-03,2.662809e-03
14000,layers.2.qk_lut.weights,1.344738e+02,3.039173e+00,2.260048e-02
14000,layers.2.qk_lut.log_soft_score_temp,2.644213e-01,0.000000e+00,0.000000e+00
14000,layers.2.qk_lut.log_select_temp,1.062212e+00,1.884818e-03,1.774428e-03
14000,layers.2.v_lut.weights,1.218983e+02,2.878022e+00,2.361001e-02
14000,layers.2.v_lut.log_soft_score_temp,4.096067e-02,1.182437e-03,2.886762e-02
14000,layers.2.v_lut.log_select_temp,1.355641e+00,2.241254e-03,1.653279e-03
14000,layers.2.out_proj.weights,2.659492e+02,6.326932e+00,2.379000e-02
14000,layers.2.out_proj.log_soft_score_temp,7.571790e-01,3.290236e-03,4.345387e-03
14000,layers.2.out_proj.log_select_temp,9.325621e-01,2.559245e-03,2.744316e-03
14000,layers.2.residual_lut.weights,1.685143e+02,4.298722e+00,2.550954e-02
14000,layers.2.residual_lut.log_soft_score_temp,1.994156e-02,2.423849e-03,1.215476e-01
14000,layers.2.residual_lut.log_select_temp,1.432516e+00,2.955556e-03,2.063192e-03
14000,layers.2.q_norm.weight,9.375311e+00,4.191356e-03,4.470631e-04
14000,layers.2.q_norm.bias,8.504765e-01,3.191839e-03,3.753001e-03
14000,layers.2.k_norm.weight,9.333727e+00,4.151906e-03,4.448284e-04
14000,layers.2.k_norm.bias,1.284036e+00,3.109070e-03,2.421326e-03
14000,layers.3.qk_lut.weights,1.295816e+02,3.057629e+00,2.359616e-02
14000,layers.3.qk_lut.log_soft_score_temp,3.232567e-02,1.267249e-03,3.920255e-02
14000,layers.3.qk_lut.log_select_temp,1.236080e+00,1.990557e-03,1.610378e-03
14000,layers.3.v_lut.weights,1.238337e+02,2.873917e+00,2.320787e-02
14000,layers.3.v_lut.log_soft_score_temp,1.807019e-01,2.463818e-03,1.363471e-02
14000,layers.3.v_lut.log_select_temp,1.280530e+00,2.705574e-03,2.112855e-03
14000,layers.3.out_proj.weights,3.170829e+02,6.448709e+00,2.033761e-02
14000,layers.3.out_proj.log_soft_score_temp,7.165918e-01,4.748821e-03,6.626955e-03
14000,layers.3.out_proj.log_select_temp,1.307709e+00,1.950979e-03,1.491907e-03
14000,layers.3.residual_lut.weights,1.870630e+02,4.319921e+00,2.309339e-02
14000,layers.3.residual_lut.log_soft_score_temp,1.121508e-01,2.680458e-03,2.390048e-02
14000,layers.3.residual_lut.log_select_temp,1.449185e+00,3.050447e-03,2.104940e-03
14000,layers.3.q_norm.weight,1.048971e+01,5.277782e-03,5.031389e-04
14000,layers.3.q_norm.bias,8.210720e-01,4.020994e-03,4.897249e-03
14000,layers.3.k_norm.weight,1.041034e+01,5.290692e-03,5.082149e-04
14000,layers.3.k_norm.bias,1.167074e+00,3.566484e-03,3.055920e-03
14000,layers.4.qk_lut.weights,1.339040e+02,3.082320e+00,2.301888e-02
14000,layers.4.qk_lut.log_soft_score_temp,2.407622e-01,9.875596e-04,4.101804e-03
14000,layers.4.qk_lut.log_select_temp,1.055539e+00,1.323342e-03,1.253712e-03
14000,layers.4.v_lut.weights,1.276061e+02,2.912573e+00,2.282472e-02
14000,layers.4.v_lut.log_soft_score_temp,2.080877e-01,2.437338e-03,1.171303e-02
14000,layers.4.v_lut.log_select_temp,1.293730e+00,1.586914e-03,1.226619e-03
14000,layers.4.out_proj.weights,2.954933e+02,6.449313e+00,2.182558e-02
14000,layers.4.out_proj.log_soft_score_temp,4.520764e-01,4.274666e-03,9.455629e-03
14000,layers.4.out_proj.log_select_temp,1.235259e+00,1.956582e-03,1.583945e-03
14000,layers.4.residual_lut.weights,1.865785e+02,4.330920e+00,2.321232e-02
14000,layers.4.residual_lut.log_soft_score_temp,5.541233e-02,3.310081e-03,5.973545e-02
14000,layers.4.residual_lut.log_select_temp,1.491720e+00,3.188133e-03,2.137219e-03
14000,layers.4.q_norm.weight,9.176469e+00,3.787528e-03,4.127435e-04
14000,layers.4.q_norm.bias,7.001017e-01,2.491707e-03,3.559064e-03
14000,layers.4.k_norm.weight,9.125218e+00,3.475208e-03,3.808356e-04
14000,layers.4.k_norm.bias,1.074067e+00,3.172933e-03,2.954130e-03
14000,layers.5.qk_lut.weights,1.328021e+02,3.086780e+00,2.324345e-02
14000,layers.5.qk_lut.log_soft_score_temp,2.173404e-01,9.872019e-04,4.542193e-03
14000,layers.5.qk_lut.log_select_temp,9.600780e-01,1.478076e-03,1.539537e-03
14000,layers.5.v_lut.weights,1.299179e+02,2.952559e+00,2.272634e-02
14000,layers.5.v_lut.log_soft_score_temp,3.745524e-01,2.300829e-03,6.142875e-03
14000,layers.5.v_lut.log_select_temp,1.076063e+00,6.496906e-04,6.037661e-04
14000,layers.5.out_proj.weights,3.214166e+02,6.550395e+00,2.037976e-02
14000,layers.5.out_proj.log_soft_score_temp,3.044165e-01,3.472954e-03,1.140856e-02
14000,layers.5.out_proj.log_select_temp,1.241120e+00,2.284050e-03,1.840314e-03
14000,layers.5.residual_lut.weights,1.915947e+02,4.368411e+00,2.280027e-02
14000,layers.5.residual_lut.log_soft_score_temp,2.440512e-02,3.446218e-03,1.412088e-01
14000,layers.5.residual_lut.log_select_temp,1.497144e+00,2.866268e-03,1.914490e-03
14000,layers.5.q_norm.weight,9.182453e+00,3.662782e-03,3.988892e-04
14000,layers.5.q_norm.bias,5.342520e-01,2.773804e-03,5.191940e-03
14000,layers.5.k_norm.weight,9.126630e+00,3.609563e-03,3.954979e-04
14000,layers.5.k_norm.bias,7.769824e-01,3.861127e-03,4.969388e-03
14000,ln_final.weight,5.406351e+01,1.212794e-01,2.243277e-03
14000,ln_final.bias,2.367826e+00,1.370193e-02,5.786714e-03
14200,tok_emb_E.weight,1.558467e+02,1.177605e+00,7.556178e-03
14200,emb_resid_lut.weights,2.151148e+02,3.928374e+00,1.826176e-02
14200,emb_resid_lut.log_soft_score_temp,6.242987e-01,2.084434e-03,3.338841e-03
14200,emb_resid_lut.log_select_temp,1.487065e+00,2.856255e-03,1.920733e-03
14200,unembedder.weight,1.682654e+02,2.027315e+00,1.204832e-02
14200,layers.0.qk_lut.weights,1.332586e+02,2.822171e+00,2.117815e-02
14200,layers.0.qk_lut.log_soft_score_temp,1.006183e+00,1.201272e-03,1.193890e-03
14200,layers.0.qk_lut.log_select_temp,1.133748e+00,9.628534e-04,8.492656e-04
14200,layers.0.v_lut.weights,1.258726e+02,2.875951e+00,2.284811e-02
14200,layers.0.v_lut.log_soft_score_temp,4.584228e-01,8.981824e-04,1.959288e-03
14200,layers.0.v_lut.log_select_temp,1.172354e+00,1.384139e-03,1.180649e-03
14200,layers.0.out_proj.weights,2.547771e+02,5.925851e+00,2.325896e-02
14200,layers.0.out_proj.log_soft_score_temp,7.791560e-01,2.356827e-03,3.024846e-03
14200,layers.0.out_proj.log_select_temp,1.196641e+00,4.062891e-03,3.395247e-03
14200,layers.0.residual_lut.weights,1.708683e+02,4.010242e+00,2.346977e-02
14200,layers.0.residual_lut.log_soft_score_temp,1.387056e-01,4.966110e-04,3.580325e-03
14200,layers.0.residual_lut.log_select_temp,1.233812e+00,4.603744e-03,3.731318e-03
14200,layers.0.q_norm.weight,9.481692e+00,3.996592e-03,4.215062e-04
14200,layers.0.q_norm.bias,9.431807e-01,3.249472e-03,3.445227e-03
14200,layers.0.k_norm.weight,9.395992e+00,3.812072e-03,4.057125e-04
14200,layers.0.k_norm.bias,1.359618e+00,3.313551e-03,2.437118e-03
14200,layers.1.qk_lut.weights,1.313969e+02,2.851971e+00,2.170501e-02
14200,layers.1.qk_lut.log_soft_score_temp,5.802145e-02,1.153924e-03,1.988788e-02
14200,layers.1.qk_lut.log_select_temp,1.125826e+00,1.247525e-03,1.108097e-03
14200,layers.1.v_lut.weights,1.215979e+02,2.675289e+00,2.200112e-02
14200,layers.1.v_lut.log_soft_score_temp,1.106803e-02,1.426225e-03,1.288598e-01
14200,layers.1.v_lut.log_select_temp,1.341894e+00,1.854062e-03,1.381676e-03
14200,layers.1.out_proj.weights,2.483420e+02,6.004698e+00,2.417914e-02
14200,layers.1.out_proj.log_soft_score_temp,7.547135e-01,2.507269e-03,3.322147e-03
14200,layers.1.out_proj.log_select_temp,8.728925e-01,1.956642e-03,2.241561e-03
14200,layers.1.residual_lut.weights,1.728639e+02,4.061627e+00,2.349609e-02
14200,layers.1.residual_lut.log_soft_score_temp,1.913078e-01,1.402453e-03,7.330872e-03
14200,layers.1.residual_lut.log_select_temp,1.272892e+00,3.161192e-03,2.483472e-03
14200,layers.1.q_norm.weight,1.008569e+01,3.745978e-03,3.714153e-04
14200,layers.1.q_norm.bias,9.259333e-01,2.855330e-03,3.083732e-03
14200,layers.1.k_norm.weight,1.003212e+01,3.735831e-03,3.723870e-04
14200,layers.1.k_norm.bias,1.148243e+00,2.969451e-03,2.586084e-03
14200,layers.2.qk_lut.weights,1.345310e+02,2.870491e+00,2.133703e-02
14200,layers.2.qk_lut.log_soft_score_temp,2.642481e-01,1.732111e-04,6.554867e-04
14200,layers.2.qk_lut.log_select_temp,1.063842e+00,1.630783e-03,1.532918e-03
14200,layers.2.v_lut.weights,1.219328e+02,2.715154e+00,2.226763e-02
14200,layers.2.v_lut.log_soft_score_temp,4.251331e-02,1.552641e-03,3.652130e-02
14200,layers.2.v_lut.log_select_temp,1.357374e+00,1.732230e-03,1.276163e-03
14200,layers.2.out_proj.weights,2.660190e+02,5.973306e+00,2.245443e-02
14200,layers.2.out_proj.log_soft_score_temp,7.610282e-01,3.849208e-03,5.057905e-03
14200,layers.2.out_proj.log_select_temp,9.344251e-01,1.863062e-03,1.993806e-03
14200,layers.2.residual_lut.weights,1.685217e+02,4.064853e+00,2.412065e-02
14200,layers.2.residual_lut.log_soft_score_temp,1.808887e-02,1.852686e-03,1.024213e-01
14200,layers.2.residual_lut.log_select_temp,1.435478e+00,2.962112e-03,2.063502e-03
14200,layers.2.q_norm.weight,9.376749e+00,3.287880e-03,3.506418e-04
14200,layers.2.q_norm.bias,8.505686e-01,2.155620e-03,2.534328e-03
14200,layers.2.k_norm.weight,9.335232e+00,3.327173e-03,3.564103e-04
14200,layers.2.k_norm.bias,1.284790e+00,3.305728e-03,2.572973e-03
14200,layers.3.qk_lut.weights,1.296239e+02,2.899231e+00,2.236649e-02
14200,layers.3.qk_lut.log_soft_score_temp,3.345847e-02,1.132797e-03,3.385682e-02
14200,layers.3.qk_lut.log_select_temp,1.238023e+00,1.942992e-03,1.569431e-03
14200,layers.3.v_lut.weights,1.238647e+02,2.723624e+00,2.198870e-02
14200,layers.3.v_lut.log_soft_score_temp,1.781986e-01,2.503306e-03,1.404784e-02
14200,layers.3.v_lut.log_select_temp,1.282764e+00,2.234221e-03,1.741723e-03
14200,layers.3.out_proj.weights,3.173665e+02,6.090715e+00,1.919142e-02
14200,layers.3.out_proj.log_soft_score_temp,7.211156e-01,4.523873e-03,6.273437e-03
14200,layers.3.out_proj.log_select_temp,1.309799e+00,2.090693e-03,1.596193e-03
14200,layers.3.residual_lut.weights,1.871293e+02,4.091693e+00,2.186559e-02
14200,layers.3.residual_lut.log_soft_score_temp,1.092803e-01,2.870478e-03,2.626710e-02
14200,layers.3.residual_lut.log_select_temp,1.451768e+00,2.582788e-03,1.779065e-03
14200,layers.3.q_norm.weight,1.049335e+01,5.340493e-03,5.089405e-04
14200,layers.3.q_norm.bias,8.225174e-01,2.960365e-03,3.599152e-03
14200,layers.3.k_norm.weight,1.041380e+01,4.993184e-03,4.794777e-04
14200,layers.3.k_norm.bias,1.169387e+00,3.720517e-03,3.181595e-03
14200,layers.4.qk_lut.weights,1.339542e+02,2.913568e+00,2.175048e-02
14200,layers.4.qk_lut.log_soft_score_temp,2.398403e-01,9.219646e-04,3.844078e-03
14200,layers.4.qk_lut.log_select_temp,1.056719e+00,1.180172e-03,1.116826e-03
14200,layers.4.v_lut.weights,1.276434e+02,2.775569e+00,2.174472e-02
14200,layers.4.v_lut.log_soft_score_temp,2.057165e-01,2.371252e-03,1.152679e-02
14200,layers.4.v_lut.log_select_temp,1.294695e+00,9.652376e-04,7.455328e-04
14200,layers.4.out_proj.weights,2.956977e+02,6.102592e+00,2.063794e-02
14200,layers.4.out_proj.log_soft_score_temp,4.556081e-01,3.531694e-03,7.751606e-03
14200,layers.4.out_proj.log_select_temp,1.237625e+00,2.366185e-03,1.911875e-03
14200,layers.4.residual_lut.weights,1.866623e+02,4.101053e+00,2.197044e-02
14200,layers.4.residual_lut.log_soft_score_temp,5.204178e-02,3.370557e-03,6.476637e-02
14200,layers.4.residual_lut.log_select_temp,1.494331e+00,2.610922e-03,1.747218e-03
14200,layers.4.q_norm.weight,9.177699e+00,3.316862e-03,3.614045e-04
14200,layers.4.q_norm.bias,7.001868e-01,2.524427e-03,3.605363e-03
14200,layers.4.k_norm.weight,9.126590e+00,3.196446e-03,3.502344e-04
14200,layers.4.k_norm.bias,1.073947e+00,2.666281e-03,2.482694e-03
14200,layers.5.qk_lut.weights,1.328499e+02,2.946455e+00,2.217883e-02
14200,layers.5.qk_lut.log_soft_score_temp,2.168831e-01,4.572570e-04,2.108311e-03
14200,layers.5.qk_lut.log_select_temp,9.620250e-01,1.947045e-03,2.023903e-03
14200,layers.5.v_lut.weights,1.299623e+02,2.801401e+00,2.155549e-02
14200,layers.5.v_lut.log_soft_score_temp,3.727542e-01,1.798183e-03,4.824044e-03
14200,layers.5.v_lut.log_select_temp,1.076862e+00,7.985830e-04,7.415835e-04
14200,layers.5.out_proj.weights,3.216645e+02,6.180381e+00,1.921375e-02
14200,layers.5.out_proj.log_soft_score_temp,3.071864e-01,2.769947e-03,9.017153e-03
14200,layers.5.out_proj.log_select_temp,1.243520e+00,2.400517e-03,1.930421e-03
14200,layers.5.residual_lut.weights,1.916946e+02,4.124942e+00,2.151830e-02
14200,layers.5.residual_lut.log_soft_score_temp,2.792717e-02,3.522057e-03,1.261158e-01
14200,layers.5.residual_lut.log_select_temp,1.499380e+00,2.235174e-03,1.490733e-03
14200,layers.5.q_norm.weight,9.184698e+00,4.361368e-03,4.748515e-04
14200,layers.5.q_norm.bias,5.348451e-01,2.993038e-03,5.596083e-03
14200,layers.5.k_norm.weight,9.128687e+00,4.262354e-03,4.669187e-04
14200,layers.5.k_norm.bias,7.775719e-01,3.680522e-03,4.733352e-03
14200,ln_final.weight,5.417757e+01,1.143601e-01,2.110839e-03
14200,ln_final.bias,2.373341e+00,1.288930e-02,5.430869e-03
14400,tok_emb_E.weight,1.558544e+02,1.115496e+00,7.157294e-03
14400,emb_resid_lut.weights,2.151601e+02,3.726550e+00,1.731989e-02
14400,emb_resid_lut.log_soft_score_temp,6.257151e-01,1.416445e-03,2.263721e-03
14400,emb_resid_lut.log_select_temp,1.489270e+00,2.205014e-03,1.480601e-03
14400,unembedder.weight,1.681944e+02,1.927155e+00,1.145791e-02
14400,layers.0.qk_lut.weights,1.332961e+02,2.681979e+00,2.012046e-02
14400,layers.0.qk_lut.log_soft_score_temp,1.008103e+00,1.919508e-03,1.904079e-03
14400,layers.0.qk_lut.log_select_temp,1.135251e+00,1.502991e-03,1.323928e-03
14400,layers.0.v_lut.weights,1.259056e+02,2.717088e+00,2.158036e-02
14400,layers.0.v_lut.log_soft_score_temp,4.593332e-01,9.104311e-04,1.982071e-03
14400,layers.0.v_lut.log_select_temp,1.173729e+00,1.375198e-03,1.171649e-03
14400,layers.0.out_proj.weights,2.548210e+02,5.607615e+00,2.200609e-02
14400,layers.0.out_proj.log_soft_score_temp,7.811511e-01,1.995087e-03,2.554034e-03
14400,layers.0.out_proj.log_select_temp,1.200406e+00,3.765464e-03,3.136825e-03
14400,layers.0.residual_lut.weights,1.709286e+02,3.798534e+00,2.222293e-02
14400,layers.0.residual_lut.log_soft_score_temp,1.395576e-01,8.519739e-04,6.104821e-03
14400,layers.0.residual_lut.log_select_temp,1.238255e+00,4.443407e-03,3.588442e-03
14400,layers.0.q_norm.weight,9.484564e+00,4.272604e-03,4.504798e-04
14400,layers.0.q_norm.bias,9.446647e-01,2.921907e-03,3.093063e-03
14400,layers.0.k_norm.weight,9.398587e+00,4.086642e-03,4.348145e-04
14400,layers.0.k_norm.bias,1.361488e+00,4.034741e-03,2.963478e-03
14400,layers.1.qk_lut.weights,1.314362e+02,2.700511e+00,2.054618e-02
14400,layers.1.qk_lut.log_soft_score_temp,5.918369e-02,1.162238e-03,1.963782e-02
14400,layers.1.qk_lut.log_select_temp,1.126954e+00,1.127601e-03,1.000574e-03
14400,layers.1.v_lut.weights,1.216290e+02,2.522948e+00,2.074297e-02
14400,layers.1.v_lut.log_soft_score_temp,1.226621e-02,1.198182e-03,9.768150e-02
14400,layers.1.v_lut.log_select_temp,1.343953e+00,2.059460e-03,1.532389e-03
14400,layers.1.out_proj.weights,2.483174e+02,5.681770e+00,2.288108e-02
14400,layers.1.out_proj.log_soft_score_temp,7.568856e-01,2.172112e-03,2.869803e-03
14400,layers.1.out_proj.log_select_temp,8.749942e-01,2.101660e-03,2.401913e-03
14400,layers.1.residual_lut.weights,1.728839e+02,3.846514e+00,2.224912e-02
14400,layers.1.residual_lut.log_soft_score_temp,1.897277e-01,1.580060e-03,8.328038e-03
14400,layers.1.residual_lut.log_select_temp,1.275852e+00,2.960086e-03,2.320086e-03
14400,layers.1.q_norm.weight,1.008841e+01,4.232008e-03,4.194921e-04
14400,layers.1.q_norm.bias,9.274754e-01,2.932842e-03,3.162178e-03
14400,layers.1.k_norm.weight,1.003473e+01,4.250198e-03,4.235489e-04
14400,layers.1.k_norm.bias,1.149794e+00,3.255822e-03,2.831657e-03
14400,layers.2.qk_lut.weights,1.345765e+02,2.716324e+00,2.018424e-02
14400,layers.2.qk_lut.log_soft_score_temp,2.634047e-01,8.434057e-04,3.201939e-03
14400,layers.2.qk_lut.log_select_temp,1.064866e+00,1.023650e-03,9.612949e-04
14400,layers.2.v_lut.weights,1.219677e+02,2.576751e+00,2.112650e-02
14400,layers.2.v_lut.log_soft_score_temp,4.347970e-02,9.663925e-04,2.222629e-02
14400,layers.2.v_lut.log_select_temp,1.359545e+00,2.171755e-03,1.597413e-03
14400,layers.2.out_proj.weights,2.660810e+02,5.651474e+00,2.123968e-02
14400,layers.2.out_proj.log_soft_score_temp,7.639044e-01,2.876163e-03,3.765082e-03
14400,layers.2.out_proj.log_select_temp,9.369218e-01,2.496719e-03,2.664811e-03
14400,layers.2.residual_lut.weights,1.685226e+02,3.845560e+00,2.281925e-02
14400,layers.2.residual_lut.log_soft_score_temp,1.631577e-02,1.773098e-03,1.086739e-01
14400,layers.2.residual_lut.log_select_temp,1.438312e+00,2.833962e-03,1.970339e-03
14400,layers.2.q_norm.weight,9.378693e+00,3.300816e-03,3.519484e-04
14400,layers.2.q_norm.bias,8.518848e-01,2.755277e-03,3.234330e-03
14400,layers.2.k_norm.weight,9.337132e+00,3.233064e-03,3.462588e-04
14400,layers.2.k_norm.bias,1.285640e+00,3.159327e-03,2.457396e-03
14400,layers.3.qk_lut.weights,1.296618e+02,2.750592e+00,2.121358e-02
14400,layers.3.qk_lut.log_soft_score_temp,3.463395e-02,1.175478e-03,3.394005e-02
14400,layers.3.qk_lut.log_select_temp,1.240000e+00,1.976252e-03,1.593752e-03
14400,layers.3.v_lut.weights,1.238887e+02,2.560132e+00,2.066477e-02
14400,layers.3.v_lut.log_soft_score_temp,1.765702e-01,1.628354e-03,9.222134e-03
14400,layers.3.v_lut.log_select_temp,1.285727e+00,2.962351e-03,2.304028e-03
14400,layers.3.out_proj.weights,3.176330e+02,5.756412e+00,1.812284e-02
14400,layers.3.out_proj.log_soft_score_temp,7.249981e-01,3.882408e-03,5.355060e-03
14400,layers.3.out_proj.log_select_temp,1.311862e+00,2.062798e-03,1.572419e-03
14400,layers.3.residual_lut.weights,1.871871e+02,3.873844e+00,2.069504e-02
14400,layers.3.residual_lut.log_soft_score_temp,1.063640e-01,2.916344e-03,2.741852e-02
14400,layers.3.residual_lut.log_select_temp,1.454010e+00,2.242804e-03,1.542495e-03
14400,layers.3.q_norm.weight,1.049699e+01,5.078168e-03,4.837736e-04
14400,layers.3.q_norm.bias,8.240678e-01,2.959834e-03,3.591736e-03
14400,layers.3.k_norm.weight,1.041727e+01,5.047167e-03,4.845001e-04
14400,layers.3.k_norm.bias,1.170735e+00,3.274548e-03,2.797001e-03
14400,layers.4.qk_lut.weights,1.340002e+02,2.749037e+00,2.051517e-02
14400,layers.4.qk_lut.log_soft_score_temp,2.391418e-01,6.985068e-04,2.920890e-03
14400,layers.4.qk_lut.log_select_temp,1.058087e+00,1.368165e-03,1.293055e-03
14400,layers.4.v_lut.weights,1.276757e+02,2.610088e+00,2.044310e-02
14400,layers.4.v_lut.log_soft_score_temp,2.040409e-01,1.675606e-03,8.212108e-03
14400,layers.4.v_lut.log_select_temp,1.295882e+00,1.187205e-03,9.161367e-04
14400,layers.4.out_proj.weights,2.958901e+02,5.763464e+00,1.947840e-02
14400,layers.4.out_proj.log_soft_score_temp,4.590697e-01,3.461599e-03,7.540466e-03
14400,layers.4.out_proj.log_select_temp,1.239923e+00,2.297997e-03,1.853338e-03
14400,layers.4.residual_lut.weights,1.867451e+02,3.888578e+00,2.082293e-02
14400,layers.4.residual_lut.log_soft_score_temp,4.964928e-02,2.392497e-03,4.818795e-02
14400,layers.4.residual_lut.log_select_temp,1.497093e+00,2.762079e-03,1.844961e-03
14400,layers.4.q_norm.weight,9.179606e+00,3.775560e-03,4.112987e-04
14400,layers.4.q_norm.bias,7.006100e-01,2.521327e-03,3.598759e-03
14400,layers.4.k_norm.weight,9.128424e+00,3.609265e-03,3.953875e-04
14400,layers.4.k_norm.bias,1.074804e+00,2.490938e-03,2.317573e-03
14400,layers.5.qk_lut.weights,1.328883e+02,2.774249e+00,2.087655e-02
14400,layers.5.qk_lut.log_soft_score_temp,2.158269e-01,1.056284e-03,4.894126e-03
14400,layers.5.qk_lut.log_select_temp,9.633795e-01,1.354456e-03,1.405942e-03
14400,layers.5.v_lut.weights,1.300018e+02,2.655713e+00,2.042827e-02
14400,layers.5.v_lut.log_soft_score_temp,3.708268e-01,1.927465e-03,5.197751e-03
14400,layers.5.v_lut.log_select_temp,1.077491e+00,6.294250e-04,5.841578e-04
14400,layers.5.out_proj.weights,3.218997e+02,5.840610e+00,1.814419e-02
14400,layers.5.out_proj.log_soft_score_temp,3.101486e-01,2.962172e-03,9.550816e-03
14400,layers.5.out_proj.log_select_temp,1.245592e+00,2.071977e-03,1.663447e-03
14400,layers.5.residual_lut.weights,1.917938e+02,3.906270e+00,2.036703e-02
14400,layers.5.residual_lut.log_soft_score_temp,3.074957e-02,2.822395e-03,9.178650e-02
14400,layers.5.residual_lut.log_select_temp,1.501920e+00,2.540112e-03,1.691243e-03
14400,layers.5.q_norm.weight,9.185287e+00,3.711121e-03,4.040289e-04
14400,layers.5.q_norm.bias,5.348372e-01,2.668909e-03,4.990133e-03
14400,layers.5.k_norm.weight,9.129128e+00,3.486274e-03,3.818846e-04
14400,layers.5.k_norm.bias,7.777299e-01,2.963647e-03,3.810638e-03
14400,ln_final.weight,5.428641e+01,1.091065e-01,2.009830e-03
14400,ln_final.bias,2.378691e+00,1.198101e-02,5.036808e-03
14600,tok_emb_E.weight,1.558611e+02,1.057960e+00,6.787838e-03
14600,emb_resid_lut.weights,2.151949e+02,3.554728e+00,1.651864e-02
14600,emb_resid_lut.log_soft_score_temp,6.268042e-01,1.089036e-03,1.737443e-03
14600,emb_resid_lut.log_select_temp,1.491165e+00,1.895070e-03,1.270866e-03
14600,unembedder.weight,1.681253e+02,1.818700e+00,1.081753e-02
14600,layers.0.qk_lut.weights,1.333310e+02,2.543031e+00,1.907307e-02
14600,layers.0.qk_lut.log_soft_score_temp,1.009637e+00,1.533628e-03,1.518990e-03
14600,layers.0.qk_lut.log_select_temp,1.136426e+00,1.174808e-03,1.033774e-03
14600,layers.0.v_lut.weights,1.259348e+02,2.586859e+00,2.054126e-02
14600,layers.0.v_lut.log_soft_score_temp,4.602855e-01,9.522736e-04,2.068876e-03
14600,layers.0.v_lut.log_select_temp,1.175149e+00,1.420259e-03,1.208578e-03
14600,layers.0.out_proj.weights,2.548580e+02,5.325982e+00,2.089784e-02
14600,layers.0.out_proj.log_soft_score_temp,7.830371e-01,1.886010e-03,2.408583e-03
14600,layers.0.out_proj.log_select_temp,1.203635e+00,3.228545e-03,2.682330e-03
14600,layers.0.residual_lut.weights,1.709883e+02,3.617072e+00,2.115391e-02
14600,layers.0.residual_lut.log_soft_score_temp,1.409086e-01,1.351029e-03,9.587980e-03
14600,layers.0.residual_lut.log_select_temp,1.243210e+00,4.954576e-03,3.985310e-03
14600,layers.0.q_norm.weight,9.486569e+00,3.310888e-03,3.490080e-04
14600,layers.0.q_norm.bias,9.453093e-01,2.072196e-03,2.192083e-03
14600,layers.0.k_norm.weight,9.400313e+00,3.263278e-03,3.471457e-04
14600,layers.0.k_norm.bias,1.364416e+00,4.168130e-03,3.054883e-03
14600,layers.1.qk_lut.weights,1.314704e+02,2.564068e+00,1.950300e-02
14600,layers.1.qk_lut.log_soft_score_temp,5.985986e-02,6.761663e-04,1.129582e-02
14600,layers.1.qk_lut.log_select_temp,1.128381e+00,1.426697e-03,1.264376e-03
14600,layers.1.v_lut.weights,1.216583e+02,2.393295e+00,1.967227e-02
14600,layers.1.v_lut.log_soft_score_temp,1.319562e-02,9.294059e-04,7.043293e-02
14600,layers.1.v_lut.log_select_temp,1.345906e+00,1.952291e-03,1.450541e-03
14600,layers.1.out_proj.weights,2.482921e+02,5.389594e+00,2.170666e-02
14600,layers.1.out_proj.log_soft_score_temp,7.587958e-01,1.910150e-03,2.517344e-03
14600,layers.1.out_proj.log_select_temp,8.770944e-01,2.100289e-03,2.394598e-03
14600,layers.1.residual_lut.weights,1.729055e+02,3.660861e+00,2.117261e-02
14600,layers.1.residual_lut.log_soft_score_temp,1.887359e-01,9.917468e-04,5.254679e-03
14600,layers.1.residual_lut.log_select_temp,1.279122e+00,3.269553e-03,2.556093e-03
14600,layers.1.q_norm.weight,1.009097e+01,4.029068e-03,3.992747e-04
14600,layers.1.q_norm.bias,9.289798e-01,2.477315e-03,2.666705e-03
14600,layers.1.k_norm.weight,1.003724e+01,3.895119e-03,3.880666e-04
14600,layers.1.k_norm.bias,1.150458e+00,2.844442e-03,2.472444e-03
14600,layers.2.qk_lut.weights,1.346198e+02,2.576099e+00,1.913611e-02
14600,layers.2.qk_lut.log_soft_score_temp,2.631978e-01,2.068281e-04,7.858276e-04
14600,layers.2.qk_lut.log_select_temp,1.066296e+00,1.429677e-03,1.340789e-03
14600,layers.2.v_lut.weights,1.220025e+02,2.441748e+00,2.001391e-02
14600,layers.2.v_lut.log_soft_score_temp,4.425133e-02,7.716268e-04,1.743737e-02
14600,layers.2.v_lut.log_select_temp,1.361973e+00,2.427816e-03,1.782573e-03
14600,layers.2.out_proj.weights,2.661436e+02,5.362276e+00,2.014805e-02
14600,layers.2.out_proj.log_soft_score_temp,7.664104e-01,2.506018e-03,3.269812e-03
14600,layers.2.out_proj.log_select_temp,9.398322e-01,2.910376e-03,3.096697e-03
14600,layers.2.residual_lut.weights,1.685221e+02,3.662045e+00,2.173036e-02
14600,layers.2.residual_lut.log_soft_score_temp,1.509585e-02,1.219925e-03,8.081200e-02
14600,layers.2.residual_lut.log_select_temp,1.441186e+00,2.873182e-03,1.993624e-03
14600,layers.2.q_norm.weight,9.380515e+00,3.375550e-03,3.598470e-04
14600,layers.2.q_norm.bias,8.525469e-01,2.226445e-03,2.611522e-03
14600,layers.2.k_norm.weight,9.338942e+00,3.384785e-03,3.624377e-04
14600,layers.2.k_norm.bias,1.286067e+00,2.409729e-03,1.873719e-03
14600,layers.3.qk_lut.weights,1.296964e+02,2.599173e+00,2.004045e-02
14600,layers.3.qk_lut.log_soft_score_temp,3.551168e-02,8.777305e-04,2.471667e-02
14600,layers.3.qk_lut.log_select_temp,1.242047e+00,2.047062e-03,1.648136e-03
14600,layers.3.v_lut.weights,1.239152e+02,2.450034e+00,1.977186e-02
14600,layers.3.v_lut.log_soft_score_temp,1.742058e-01,2.364382e-03,1.357235e-02
14600,layers.3.v_lut.log_select_temp,1.287919e+00,2.191901e-03,1.701894e-03
14600,layers.3.out_proj.weights,3.178811e+02,5.463453e+00,1.718709e-02
14600,layers.3.out_proj.log_soft_score_temp,7.288707e-01,3.872633e-03,5.313196e-03
14600,layers.3.out_proj.log_select_temp,1.313812e+00,1.949668e-03,1.483978e-03
14600,layers.3.residual_lut.weights,1.872430e+02,3.686026e+00,1.968579e-02
14600,layers.3.residual_lut.log_soft_score_temp,1.041931e-01,2.170883e-03,2.083519e-02
14600,layers.3.residual_lut.log_select_temp,1.456842e+00,2.831459e-03,1.943560e-03
14600,layers.3.q_norm.weight,1.050014e+01,4.429891e-03,4.218887e-04
14600,layers.3.q_norm.bias,8.251224e-01,2.702549e-03,3.275331e-03
14600,layers.3.k_norm.weight,1.042032e+01,4.491795e-03,4.310610e-04
14600,layers.3.k_norm.bias,1.171978e+00,3.322157e-03,2.834658e-03
14600,layers.4.qk_lut.weights,1.340380e+02,2.623255e+00,1.957098e-02
14600,layers.4.qk_lut.log_soft_score_temp,2.384221e-01,7.196367e-04,3.018330e-03
14600,layers.4.qk_lut.log_select_temp,1.059319e+00,1.231790e-03,1.162812e-03
14600,layers.4.v_lut.weights,1.277059e+02,2.473384e+00,1.936782e-02
14600,layers.4.v_lut.log_soft_score_temp,2.023562e-01,1.684666e-03,8.325248e-03
14600,layers.4.v_lut.log_select_temp,1.297044e+00,1.161337e-03,8.953723e-04
14600,layers.4.out_proj.weights,2.960604e+02,5.467179e+00,1.846643e-02
14600,layers.4.out_proj.log_soft_score_temp,4.625249e-01,3.455192e-03,7.470284e-03
14600,layers.4.out_proj.log_select_temp,1.241562e+00,1.638412e-03,1.319638e-03
14600,layers.4.residual_lut.weights,1.868162e+02,3.690572e+00,1.975509e-02
14600,layers.4.residual_lut.log_soft_score_temp,4.684089e-02,2.808385e-03,5.995583e-02
14600,layers.4.residual_lut.log_select_temp,1.499740e+00,2.647042e-03,1.765000e-03
14600,layers.4.q_norm.weight,9.180946e+00,2.829213e-03,3.081614e-04
14600,layers.4.q_norm.bias,7.016069e-01,2.408760e-03,3.433204e-03
14600,layers.4.k_norm.weight,9.129900e+00,3.067576e-03,3.359923e-04
14600,layers.4.k_norm.bias,1.075318e+00,2.616630e-03,2.433356e-03
14600,layers.5.qk_lut.weights,1.329215e+02,2.629077e+00,1.977916e-02
14600,layers.5.qk_lut.log_soft_score_temp,2.151054e-01,7.214695e-04,3.354028e-03
14600,layers.5.qk_lut.log_select_temp,9.647504e-01,1.370907e-03,1.420996e-03
14600,layers.5.v_lut.weights,1.300336e+02,2.517374e+00,1.935941e-02
14600,layers.5.v_lut.log_soft_score_temp,3.693115e-01,1.515269e-03,4.102957e-03
14600,layers.5.v_lut.log_select_temp,1.078369e+00,8.771420e-04,8.133972e-04
14600,layers.5.out_proj.weights,3.221086e+02,5.543393e+00,1.720970e-02
14600,layers.5.out_proj.log_soft_score_temp,3.130376e-01,2.889037e-03,9.229041e-03
14600,layers.5.out_proj.log_select_temp,1.247471e+00,1.878738e-03,1.506037e-03
14600,layers.5.residual_lut.weights,1.918808e+02,3.711502e+00,1.934275e-02
14600,layers.5.residual_lut.log_soft_score_temp,3.356992e-02,2.820352e-03,8.401426e-02
14600,layers.5.residual_lut.log_select_temp,1.504243e+00,2.322912e-03,1.544240e-03
14600,layers.5.q_norm.weight,9.185702e+00,3.180164e-03,3.462081e-04
14600,layers.5.q_norm.bias,5.348845e-01,2.601465e-03,4.863602e-03
14600,layers.5.k_norm.weight,9.129495e+00,2.919313e-03,3.197673e-04
14600,layers.5.k_norm.bias,7.780886e-01,2.545942e-03,3.272047e-03
14600,ln_final.weight,5.438932e+01,1.031778e-01,1.897022e-03
14600,ln_final.bias,2.384154e+00,1.188600e-02,4.985416e-03
14800,tok_emb_E.weight,1.558670e+02,1.008085e+00,6.467597e-03
14800,emb_resid_lut.weights,2.152307e+02,3.393134e+00,1.576510e-02
14800,emb_resid_lut.log_soft_score_temp,6.280207e-01,1.216531e-03,1.937087e-03
14800,emb_resid_lut.log_select_temp,1.493142e+00,1.977563e-03,1.324430e-03
14800,unembedder.weight,1.680616e+02,1.748832e+00,1.040590e-02
14800,layers.0.qk_lut.weights,1.333638e+02,2.437264e+00,1.827530e-02
14800,layers.0.qk_lut.log_soft_score_temp,1.011631e+00,1.994967e-03,1.972030e-03
14800,layers.0.qk_lut.log_select_temp,1.138087e+00,1.660824e-03,1.459312e-03
14800,layers.0.v_lut.weights,1.259614e+02,2.462857e+00,1.955248e-02
14800,layers.0.v_lut.log_soft_score_temp,4.614408e-01,1.155257e-03,2.503587e-03
14800,layers.0.v_lut.log_select_temp,1.176647e+00,1.497865e-03,1.272994e-03
14800,layers.0.out_proj.weights,2.548906e+02,5.076114e+00,1.991487e-02
14800,layers.0.out_proj.log_soft_score_temp,7.849099e-01,1.872778e-03,2.385978e-03
14800,layers.0.out_proj.log_select_temp,1.207062e+00,3.427029e-03,2.839150e-03
14800,layers.0.residual_lut.weights,1.710435e+02,3.440903e+00,2.011713e-02
14800,layers.0.residual_lut.log_soft_score_temp,1.420190e-01,1.110464e-03,7.819122e-03
14800,layers.0.residual_lut.log_select_temp,1.247510e+00,4.300356e-03,3.447151e-03
14800,layers.0.q_norm.weight,9.489964e+00,4.742822e-03,4.997724e-04
14800,layers.0.q_norm.bias,9.465108e-01,2.650765e-03,2.800565e-03
14800,layers.0.k_norm.weight,9.403396e+00,4.457709e-03,4.740532e-04
14800,layers.0.k_norm.bias,1.366804e+00,3.928541e-03,2.874253e-03
14800,layers.1.qk_lut.weights,1.315022e+02,2.450062e+00,1.863133e-02
14800,layers.1.qk_lut.log_soft_score_temp,6.077718e-02,9.173267e-04,1.509327e-02
14800,layers.1.qk_lut.log_select_temp,1.129567e+00,1.186371e-03,1.050288e-03
14800,layers.1.v_lut.weights,1.216830e+02,2.288866e+00,1.881007e-02
14800,layers.1.v_lut.log_soft_score_temp,1.403613e-02,8.405140e-04,5.988217e-02
14800,layers.1.v_lut.log_select_temp,1.347946e+00,2.040744e-03,1.513965e-03
14800,layers.1.out_proj.weights,2.482638e+02,5.136139e+00,2.068823e-02
14800,layers.1.out_proj.log_soft_score_temp,7.608265e-01,2.030730e-03,2.669111e-03
14800,layers.1.out_proj.log_select_temp,8.793403e-01,2.245843e-03,2.554009e-03
14800,layers.1.residual_lut.weights,1.729250e+02,3.482177e+00,2.013692e-02
14800,layers.1.residual_lut.log_soft_score_temp,1.876534e-01,1.082540e-03,5.768824e-03
14800,layers.1.residual_lut.log_select_temp,1.282217e+00,3.095746e-03,2.414369e-03
14800,layers.1.q_norm.weight,1.009339e+01,3.602123e-03,3.568794e-04
14800,layers.1.q_norm.bias,9.300339e-01,2.742494e-03,2.948810e-03
14800,layers.1.k_norm.weight,1.003971e+01,3.399974e-03,3.386525e-04
14800,layers.1.k_norm.bias,1.150833e+00,3.354422e-03,2.914777e-03
14800,layers.2.qk_lut.weights,1.346572e+02,2.453258e+00,1.821854e-02
14800,layers.2.qk_lut.log_soft_score_temp,2.630492e-01,1.486242e-04,5.650052e-04
14800,layers.2.qk_lut.log_select_temp,1.067759e+00,1.463652e-03,1.370769e-03
14800,layers.2.v_lut.weights,1.220299e+02,2.329671e+00,1.909099e-02
14800,layers.2.v_lut.log_soft_score_temp,4.543375e-02,1.182418e-03,2.602511e-02
14800,layers.2.v_lut.log_select_temp,1.363788e+00,1.814842e-03,1.330736e-03
14800,layers.2.out_proj.weights,2.661958e+02,5.113363e+00,1.920903e-02
14800,layers.2.out_proj.log_soft_score_temp,7.693716e-01,2.961218e-03,3.848879e-03
14800,layers.2.out_proj.log_select_temp,9.421112e-01,2.278984e-03,2.419018e-03
14800,layers.2.residual_lut.weights,1.685174e+02,3.483052e+00,2.066880e-02
14800,layers.2.residual_lut.log_soft_score_temp,1.339969e-02,1.696158e-03,1.265819e-01
14800,layers.2.residual_lut.log_select_temp,1.443493e+00,2.307296e-03,1.598412e-03
14800,layers.2.q_norm.weight,9.382398e+00,3.306814e-03,3.524487e-04
14800,layers.2.q_norm.bias,8.534664e-01,2.479750e-03,2.905504e-03
14800,layers.2.k_norm.weight,9.340843e+00,3.267141e-03,3.497693e-04
14800,layers.2.k_norm.bias,1.286735e+00,2.291957e-03,1.781219e-03
14800,layers.3.qk_lut.weights,1.297309e+02,2.491323e+00,1.920378e-02
14800,layers.3.qk_lut.log_soft_score_temp,3.676446e-02,1.252778e-03,3.407579e-02
14800,layers.3.qk_lut.log_select_temp,1.243759e+00,1.712084e-03,1.376540e-03
14800,layers.3.v_lut.weights,1.239354e+02,2.322448e+00,1.873919e-02
14800,layers.3.v_lut.log_soft_score_temp,1.722427e-01,1.963109e-03,1.139734e-02
14800,layers.3.v_lut.log_select_temp,1.290133e+00,2.214789e-03,1.716714e-03
14800,layers.3.out_proj.weights,3.181112e+02,5.202295e+00,1.635370e-02
14800,layers.3.out_proj.log_soft_score_temp,7.327508e-01,3.880084e-03,5.295230e-03
14800,layers.3.out_proj.log_select_temp,1.315591e+00,1.779079e-03,1.352304e-03
14800,layers.3.residual_lut.weights,1.872939e+02,3.508829e+00,1.873435e-02
14800,layers.3.residual_lut.log_soft_score_temp,1.016488e-01,2.544291e-03,2.503021e-02
14800,layers.3.residual_lut.log_select_temp,1.459124e+00,2.282500e-03,1.564295e-03
14800,layers.3.q_norm.weight,1.050311e+01,4.422800e-03,4.210944e-04
14800,layers.3.q_norm.bias,8.261307e-01,2.970881e-03,3.596139e-03
14800,layers.3.k_norm.weight,1.042323e+01,4.351755e-03,4.175053e-04
14800,layers.3.k_norm.bias,1.172378e+00,3.802751e-03,3.243621e-03
14800,layers.4.qk_lut.weights,1.340720e+02,2.496312e+00,1.861919e-02
14800,layers.4.qk_lut.log_soft_score_temp,2.378462e-01,5.759597e-04,2.421564e-03
14800,layers.4.qk_lut.log_select_temp,1.060777e+00,1.457691e-03,1.374173e-03
14800,layers.4.v_lut.weights,1.277342e+02,2.357097e+00,1.845314e-02
14800,layers.4.v_lut.log_soft_score_temp,2.007658e-01,1.590446e-03,7.921896e-03
14800,layers.4.v_lut.log_select_temp,1.298221e+00,1.177907e-03,9.073236e-04
14800,layers.4.out_proj.weights,2.962271e+02,5.217877e+00,1.761445e-02
14800,layers.4.out_proj.log_soft_score_temp,4.651131e-01,2.588212e-03,5.564695e-03
14800,layers.4.out_proj.log_select_temp,1.244084e+00,2.521753e-03,2.026997e-03
14800,layers.4.residual_lut.weights,1.868802e+02,3.512531e+00,1.879562e-02
14800,layers.4.residual_lut.log_soft_score_temp,4.382832e-02,3.012571e-03,6.873572e-02
14800,layers.4.residual_lut.log_select_temp,1.501780e+00,2.039313e-03,1.357931e-03
14800,layers.4.q_norm.weight,9.182461e+00,2.899018e-03,3.157125e-04
14800,layers.4.q_norm.bias,7.020113e-01,2.530773e-03,3.605032e-03
14800,layers.4.k_norm.weight,9.131416e+00,3.004166e-03,3.289923e-04
14800,layers.4.k_norm.bias,1.075738e+00,2.548419e-03,2.368996e-03
14800,layers.5.qk_lut.weights,1.329559e+02,2.506655e+00,1.885328e-02
14800,layers.5.qk_lut.log_soft_score_temp,2.145483e-01,5.570799e-04,2.596524e-03
14800,layers.5.qk_lut.log_select_temp,9.662657e-01,1.515269e-03,1.568170e-03
14800,layers.5.v_lut.weights,1.300648e+02,2.412488e+00,1.854835e-02
14800,layers.5.v_lut.log_soft_score_temp,3.675541e-01,1.757443e-03,4.781454e-03
14800,layers.5.v_lut.log_select_temp,1.078889e+00,5.199909e-04,4.819691e-04
14800,layers.5.out_proj.weights,3.223015e+02,5.281770e+00,1.638767e-02
14800,layers.5.out_proj.log_soft_score_temp,3.161249e-01,3.087223e-03,9.765833e-03
14800,layers.5.out_proj.log_select_temp,1.248768e+00,1.296759e-03,1.038430e-03
14800,layers.5.residual_lut.weights,1.919612e+02,3.533575e+00,1.840775e-02
14800,layers.5.residual_lut.log_soft_score_temp,3.625054e-02,2.680618e-03,7.394699e-02
14800,layers.5.residual_lut.log_select_temp,1.506572e+00,2.328873e-03,1.545810e-03
14800,layers.5.q_norm.weight,9.187485e+00,3.130909e-03,3.407797e-04
14800,layers.5.q_norm.bias,5.351643e-01,2.738961e-03,5.117982e-03
14800,layers.5.k_norm.weight,9.131287e+00,3.189443e-03,3.492874e-04
14800,layers.5.k_norm.bias,7.788994e-01,3.177735e-03,4.079776e-03
14800,ln_final.weight,5.448692e+01,9.786049e-02,1.796036e-03
14800,ln_final.bias,2.389150e+00,1.116040e-02,4.671286e-03
15000,tok_emb_E.weight,1.558728e+02,9.637044e-01,6.182632e-03
15000,emb_resid_lut.weights,2.152600e+02,3.249565e+00,1.509600e-02
15000,emb_resid_lut.log_soft_score_temp,6.291794e-01,1.158655e-03,1.841533e-03
15000,emb_resid_lut.log_select_temp,1.494881e+00,1.739144e-03,1.163400e-03
15000,unembedder.weight,1.680047e+02,1.679237e+00,9.995177e-03
15000,layers.0.qk_lut.weights,1.333942e+02,2.320519e+00,1.739595e-02
15000,layers.0.qk_lut.log_soft_score_temp,1.013259e+00,1.627564e-03,1.606267e-03
15000,layers.0.qk_lut.log_select_temp,1.139350e+00,1.263022e-03,1.108547e-03
15000,layers.0.v_lut.weights,1.259841e+02,2.361740e+00,1.874633e-02
15000,layers.0.v_lut.log_soft_score_temp,4.623114e-01,8.706152e-04,1.883179e-03
15000,layers.0.v_lut.log_select_temp,1.177832e+00,1.184821e-03,1.005934e-03
15000,layers.0.out_proj.weights,2.549169e+02,4.864667e+00,1.908335e-02
15000,layers.0.out_proj.log_soft_score_temp,7.870511e-01,2.141178e-03,2.720507e-03
15000,layers.0.out_proj.log_select_temp,1.209936e+00,2.873898e-03,2.375248e-03
15000,layers.0.residual_lut.weights,1.710904e+02,3.298955e+00,1.928195e-02
15000,layers.0.residual_lut.log_soft_score_temp,1.425107e-01,4.916787e-04,3.450117e-03
15000,layers.0.residual_lut.log_select_temp,1.251401e+00,3.890991e-03,3.109308e-03
15000,layers.0.q_norm.weight,9.492037e+00,3.437985e-03,3.621967e-04
15000,layers.0.q_norm.bias,9.481511e-01,2.642709e-03,2.787224e-03
15000,layers.0.k_norm.weight,9.405202e+00,3.200165e-03,3.402548e-04
15000,layers.0.k_norm.bias,1.368616e+00,2.873750e-03,2.099749e-03
15000,layers.1.qk_lut.weights,1.315305e+02,2.348699e+00,1.785668e-02
15000,layers.1.qk_lut.log_soft_score_temp,6.117158e-02,3.943928e-04,6.447321e-03
15000,layers.1.qk_lut.log_select_temp,1.131090e+00,1.523018e-03,1.346505e-03
15000,layers.1.v_lut.weights,1.217036e+02,2.184607e+00,1.795022e-02
15000,layers.1.v_lut.log_soft_score_temp,1.549835e-02,1.462217e-03,9.434666e-02
15000,layers.1.v_lut.log_select_temp,1.349315e+00,1.368999e-03,1.014588e-03
15000,layers.1.out_proj.weights,2.482344e+02,4.920474e+00,1.982188e-02
15000,layers.1.out_proj.log_soft_score_temp,7.628294e-01,2.002895e-03,2.625613e-03
15000,layers.1.out_proj.log_select_temp,8.812032e-01,1.862884e-03,2.114023e-03
15000,layers.1.residual_lut.weights,1.729397e+02,3.330197e+00,1.925641e-02
15000,layers.1.residual_lut.log_soft_score_temp,1.864849e-01,1.168475e-03,6.265785e-03
15000,layers.1.residual_lut.log_select_temp,1.285168e+00,2.951026e-03,2.296218e-03
15000,layers.1.q_norm.weight,1.009566e+01,3.467291e-03,3.434438e-04
15000,layers.1.q_norm.bias,9.310308e-01,2.224977e-03,2.389799e-03
15000,layers.1.k_norm.weight,1.004189e+01,3.606745e-03,3.591700e-04
15000,layers.1.k_norm.bias,1.152395e+00,2.839869e-03,2.464320e-03
15000,layers.2.qk_lut.weights,1.346896e+02,2.357862e+00,1.750590e-02
15000,layers.2.qk_lut.log_soft_score_temp,2.626765e-01,3.727376e-04,1.418999e-03
15000,layers.2.qk_lut.log_select_temp,1.068757e+00,9.979010e-04,9.337022e-04
15000,layers.2.v_lut.weights,1.220539e+02,2.232276e+00,1.828926e-02
15000,layers.2.v_lut.log_soft_score_temp,4.635987e-02,9.261183e-04,1.997673e-02
15000,layers.2.v_lut.log_select_temp,1.365679e+00,1.891017e-03,1.384672e-03
15000,layers.2.out_proj.weights,2.662461e+02,4.894943e+00,1.838503e-02
15000,layers.2.out_proj.log_soft_score_temp,7.719125e-01,2.540886e-03,3.291677e-03
15000,layers.2.out_proj.log_select_temp,9.445795e-01,2.468288e-03,2.613108e-03
15000,layers.2.residual_lut.weights,1.685123e+02,3.336648e+00,1.980062e-02
15000,layers.2.residual_lut.log_soft_score_temp,1.173932e-02,1.660367e-03,1.414364e-01
15000,layers.2.residual_lut.log_select_temp,1.445739e+00,2.246022e-03,1.553546e-03
15000,layers.2.q_norm.weight,9.383323e+00,2.866215e-03,3.054584e-04
15000,layers.2.q_norm.bias,8.543138e-01,2.446894e-03,2.864163e-03
15000,layers.2.k_norm.weight,9.341848e+00,2.589406e-03,2.771835e-04
15000,layers.2.k_norm.bias,1.287377e+00,2.013601e-03,1.564111e-03
15000,layers.3.qk_lut.weights,1.297575e+02,2.377590e+00,1.832333e-02
15000,layers.3.qk_lut.log_soft_score_temp,3.791190e-02,1.147445e-03,3.026610e-02
15000,layers.3.qk_lut.log_select_temp,1.245413e+00,1.654148e-03,1.328192e-03
15000,layers.3.v_lut.weights,1.239539e+02,2.225270e+00,1.795239e-02
15000,layers.3.v_lut.log_soft_score_temp,1.702615e-01,1.981243e-03,1.163648e-02
15000,layers.3.v_lut.log_select_temp,1.292242e+00,2.108335e-03,1.631533e-03
15000,layers.3.out_proj.weights,3.183299e+02,4.981061e+00,1.564748e-02
15000,layers.3.out_proj.log_soft_score_temp,7.365562e-01,3.805399e-03,5.166475e-03
15000,layers.3.out_proj.log_select_temp,1.317282e+00,1.690745e-03,1.283511e-03
15000,layers.3.residual_lut.weights,1.873385e+02,3.359998e+00,1.793544e-02
15000,layers.3.residual_lut.log_soft_score_temp,9.933909e-02,2.309740e-03,2.325106e-02
15000,layers.3.residual_lut.log_select_temp,1.461462e+00,2.337575e-03,1.599477e-03
15000,layers.3.q_norm.weight,1.050614e+01,4.615325e-03,4.392978e-04
15000,layers.3.q_norm.bias,8.276757e-01,2.579560e-03,3.116631e-03
15000,layers.3.k_norm.weight,1.042616e+01,4.390292e-03,4.210843e-04
15000,layers.3.k_norm.bias,1.173996e+00,3.159384e-03,2.691137e-03
15000,layers.4.qk_lut.weights,1.341052e+02,2.388917e+00,1.781375e-02
15000,layers.4.qk_lut.log_soft_score_temp,2.370798e-01,7.663965e-04,3.232653e-03
15000,layers.4.qk_lut.log_select_temp,1.061909e+00,1.132369e-03,1.066352e-03
15000,layers.4.v_lut.weights,1.277593e+02,2.268714e+00,1.775773e-02
15000,layers.4.v_lut.log_soft_score_temp,1.990368e-01,1.728982e-03,8.686744e-03
15000,layers.4.v_lut.log_select_temp,1.299149e+00,9.279251e-04,7.142559e-04
15000,layers.4.out_proj.weights,2.963845e+02,4.988691e+00,1.683182e-02
15000,layers.4.out_proj.log_soft_score_temp,4.683400e-01,3.226906e-03,6.890093e-03
15000,layers.4.out_proj.log_select_temp,1.245733e+00,1.649857e-03,1.324406e-03
15000,layers.4.residual_lut.weights,1.869454e+02,3.367362e+00,1.801254e-02
15000,layers.4.residual_lut.log_soft_score_temp,4.144596e-02,2.382368e-03,5.748131e-02
15000,layers.4.residual_lut.log_select_temp,1.504395e+00,2.614975e-03,1.738224e-03
15000,layers.4.q_norm.weight,9.183349e+00,2.536442e-03,2.762001e-04
15000,layers.4.q_norm.bias,7.021788e-01,2.337091e-03,3.328342e-03
15000,layers.4.k_norm.weight,9.132279e+00,2.525857e-03,2.765856e-04
15000,layers.4.k_norm.bias,1.075443e+00,2.496056e-03,2.320956e-03
15000,layers.5.qk_lut.weights,1.329861e+02,2.414434e+00,1.815554e-02
15000,layers.5.qk_lut.log_soft_score_temp,2.137887e-01,7.596463e-04,3.553258e-03
15000,layers.5.qk_lut.log_select_temp,9.674125e-01,1.146793e-03,1.185423e-03
15000,layers.5.v_lut.weights,1.300897e+02,2.309457e+00,1.775280e-02
15000,layers.5.v_lut.log_soft_score_temp,3.660288e-01,1.525283e-03,4.167112e-03
15000,layers.5.v_lut.log_select_temp,1.079949e+00,1.060247e-03,9.817571e-04
15000,layers.5.out_proj.weights,3.224961e+02,5.056022e+00,1.567778e-02
15000,layers.5.out_proj.log_soft_score_temp,3.185484e-01,2.423495e-03,7.607935e-03
15000,layers.5.out_proj.log_select_temp,1.250794e+00,2.026081e-03,1.619836e-03
15000,layers.5.residual_lut.weights,1.920402e+02,3.386742e+00,1.763559e-02
15000,layers.5.residual_lut.log_soft_score_temp,3.877243e-02,2.521895e-03,6.504350e-02
15000,layers.5.residual_lut.log_select_temp,1.508866e+00,2.294421e-03,1.520626e-03
15000,layers.5.q_norm.weight,9.188496e+00,3.490286e-03,3.798539e-04
15000,layers.5.q_norm.bias,5.364079e-01,2.831720e-03,5.279043e-03
15000,layers.5.k_norm.weight,9.132419e+00,3.301898e-03,3.615579e-04
15000,layers.5.k_norm.bias,7.791042e-01,2.789483e-03,3.580372e-03
15000,ln_final.weight,5.458100e+01,9.431262e-02,1.727939e-03
15000,ln_final.bias,2.394144e+00,1.078632e-02,4.505293e-03
15200,tok_emb_E.weight,1.558783e+02,9.297129e-01,5.964353e-03
15200,emb_resid_lut.weights,2.152863e+02,3.124218e+00,1.451192e-02
15200,emb_resid_lut.log_soft_score_temp,6.305794e-01,1.400054e-03,2.220265e-03
15200,emb_resid_lut.log_select_temp,1.496803e+00,1.921415e-03,1.283680e-03
15200,unembedder.weight,1.679529e+02,1.616841e+00,9.626756e-03
15200,layers.0.qk_lut.weights,1.334205e+02,2.240150e+00,1.679015e-02
15200,layers.0.qk_lut.log_soft_score_temp,1.015175e+00,1.915574e-03,1.886940e-03
15200,layers.0.qk_lut.log_select_temp,1.140850e+00,1.500010e-03,1.314818e-03
15200,layers.0.v_lut.weights,1.260069e+02,2.277468e+00,1.807415e-02
15200,layers.0.v_lut.log_soft_score_temp,4.632978e-01,9.863675e-04,2.129014e-03
15200,layers.0.v_lut.log_select_temp,1.179113e+00,1.281142e-03,1.086530e-03
15200,layers.0.out_proj.weights,2.549403e+02,4.680937e+00,1.836092e-02
15200,layers.0.out_proj.log_soft_score_temp,7.890068e-01,1.955748e-03,2.478746e-03
15200,layers.0.out_proj.log_select_temp,1.212917e+00,2.981424e-03,2.458061e-03
15200,layers.0.residual_lut.weights,1.711368e+02,3.180544e+00,1.858480e-02
15200,layers.0.residual_lut.log_soft_score_temp,1.435880e-01,1.077250e-03,7.502367e-03
15200,layers.0.residual_lut.log_select_temp,1.255613e+00,4.211903e-03,3.354459e-03
15200,layers.0.q_norm.weight,9.493543e+00,2.826660e-03,2.977456e-04
15200,layers.0.q_norm.bias,9.483413e-01,1.906186e-03,2.010022e-03
15200,layers.0.k_norm.weight,9.406610e+00,2.784169e-03,2.959800e-04
15200,layers.0.k_norm.bias,1.370174e+00,3.109354e-03,2.269314e-03
15200,layers.1.qk_lut.weights,1.315588e+02,2.266269e+00,1.722628e-02
15200,layers.1.qk_lut.log_soft_score_temp,6.216602e-02,9.944476e-04,1.599664e-02
15200,layers.1.qk_lut.log_select_temp,1.132053e+00,9.632111e-04,8.508532e-04
15200,layers.1.v_lut.weights,1.217244e+02,2.106897e+00,1.730874e-02
15200,layers.1.v_lut.log_soft_score_temp,1.672049e-02,1.222146e-03,7.309268e-02
15200,layers.1.v_lut.log_select_temp,1.350632e+00,1.317143e-03,9.752050e-04
15200,layers.1.out_proj.weights,2.482042e+02,4.731302e+00,1.906213e-02
15200,layers.1.out_proj.log_soft_score_temp,7.644962e-01,1.666784e-03,2.180239e-03
15200,layers.1.out_proj.log_select_temp,8.831007e-01,1.897514e-03,2.148695e-03
15200,layers.1.residual_lut.weights,1.729479e+02,3.216464e+00,1.859787e-02
15200,layers.1.residual_lut.log_soft_score_temp,1.851289e-01,1.356050e-03,7.324899e-03
15200,layers.1.residual_lut.log_select_temp,1.287652e+00,2.483964e-03,1.929064e-03
15200,layers.1.q_norm.weight,1.009819e+01,3.510063e-03,3.475931e-04
15200,layers.1.q_norm.bias,9.322292e-01,2.279846e-03,2.445585e-03
15200,layers.1.k_norm.weight,1.004441e+01,3.382733e-03,3.367775e-04
15200,layers.1.k_norm.bias,1.153675e+00,2.887558e-03,2.502921e-03
15200,layers.2.qk_lut.weights,1.347239e+02,2.275101e+00,1.688714e-02
15200,layers.2.qk_lut.log_soft_score_temp,2.621197e-01,5.567670e-04,2.124094e-03
15200,layers.2.qk_lut.log_select_temp,1.069587e+00,8.298159e-04,7.758283e-04
15200,layers.2.v_lut.weights,1.220801e+02,2.155782e+00,1.765874e-02
15200,layers.2.v_lut.log_soft_score_temp,4.766071e-02,1.300842e-03,2.729379e-02
15200,layers.2.v_lut.log_select_temp,1.367282e+00,1.602769e-03,1.172230e-03
15200,layers.2.out_proj.weights,2.662881e+02,4.707860e+00,1.767958e-02
15200,layers.2.out_proj.log_soft_score_temp,7.747384e-01,2.825856e-03,3.647497e-03
15200,layers.2.out_proj.log_select_temp,9.465389e-01,1.959443e-03,2.070114e-03
15200,layers.2.residual_lut.weights,1.685074e+02,3.211600e+00,1.905911e-02
15200,layers.2.residual_lut.log_soft_score_temp,1.036994e-02,1.369383e-03,1.320532e-01
15200,layers.2.residual_lut.log_select_temp,1.448267e+00,2.528310e-03,1.745748e-03
15200,layers.2.q_norm.weight,9.384670e+00,2.733309e-03,2.912525e-04
15200,layers.2.q_norm.bias,8.544683e-01,2.068687e-03,2.421023e-03
15200,layers.2.k_norm.weight,9.343296e+00,2.868169e-03,3.069762e-04
15200,layers.2.k_norm.bias,1.287552e+00,2.539443e-03,1.972303e-03
15200,layers.3.qk_lut.weights,1.297836e+02,2.288400e+00,1.763244e-02
15200,layers.3.qk_lut.log_soft_score_temp,3.866336e-02,7.514544e-04,1.943583e-02
15200,layers.3.qk_lut.log_select_temp,1.247089e+00,1.675725e-03,1.343710e-03
15200,layers.3.v_lut.weights,1.239708e+02,2.142095e+00,1.727903e-02
15200,layers.3.v_lut.log_soft_score_temp,1.681975e-01,2.063945e-03,1.227096e-02
15200,layers.3.v_lut.log_select_temp,1.294316e+00,2.074718e-03,1.602945e-03
15200,layers.3.out_proj.weights,3.185384e+02,4.792516e+00,1.504533e-02
15200,layers.3.out_proj.log_soft_score_temp,7.399905e-01,3.434360e-03,4.641086e-03
15200,layers.3.out_proj.log_select_temp,1.318899e+00,1.617432e-03,1.226350e-03
15200,layers.3.residual_lut.weights,1.873788e+02,3.232226e+00,1.724968e-02
15200,layers.3.residual_lut.log_soft_score_temp,9.706307e-02,2.276018e-03,2.344886e-02
15200,layers.3.residual_lut.log_select_temp,1.463673e+00,2.211332e-03,1.510810e-03
15200,layers.3.q_norm.weight,1.050951e+01,4.283474e-03,4.075806e-04
15200,layers.3.q_norm.bias,8.289610e-01,2.667301e-03,3.217643e-03
15200,layers.3.k_norm.weight,1.042950e+01,4.221647e-03,4.047796e-04
15200,layers.3.k_norm.bias,1.174744e+00,3.092890e-03,2.632821e-03
15200,layers.4.qk_lut.weights,1.341360e+02,2.294784e+00,1.710789e-02
15200,layers.4.qk_lut.log_soft_score_temp,2.366234e-01,4.563779e-04,1.928710e-03
15200,layers.4.qk_lut.log_select_temp,1.063204e+00,1.294851e-03,1.217876e-03
15200,layers.4.v_lut.weights,1.277851e+02,2.183104e+00,1.708418e-02
15200,layers.4.v_lut.log_soft_score_temp,1.977419e-01,1.294911e-03,6.548491e-03
15200,layers.4.v_lut.log_select_temp,1.300367e+00,1.217842e-03,9.365371e-04
15200,layers.4.out_proj.weights,2.965417e+02,4.799229e+00,1.618399e-02
15200,layers.4.out_proj.log_soft_score_temp,4.703892e-01,2.049178e-03,4.356346e-03
15200,layers.4.out_proj.log_select_temp,1.248264e+00,2.531052e-03,2.027657e-03
15200,layers.4.residual_lut.weights,1.870034e+02,3.242890e+00,1.734134e-02
15200,layers.4.residual_lut.log_soft_score_temp,3.917247e-02,2.273485e-03,5.803783e-02
15200,layers.4.residual_lut.log_select_temp,1.506804e+00,2.409339e-03,1.598973e-03
15200,layers.4.q_norm.weight,9.185603e+00,3.336511e-03,3.632326e-04
15200,layers.4.q_norm.bias,7.023201e-01,2.069449e-03,2.946590e-03
15200,layers.4.k_norm.weight,9.134510e+00,3.358216e-03,3.676405e-04
15200,layers.4.k_norm.bias,1.075644e+00,2.715479e-03,2.524515e-03
15200,layers.5.qk_lut.weights,1.330160e+02,2.332281e+00,1.753383e-02
15200,layers.5.qk_lut.log_soft_score_temp,2.133560e-01,4.326403e-04,2.027786e-03
15200,layers.5.qk_lut.log_select_temp,9.686955e-01,1.283050e-03,1.324513e-03
15200,layers.5.v_lut.weights,1.301158e+02,2.216360e+00,1.703375e-02
15200,layers.5.v_lut.log_soft_score_temp,3.646900e-01,1.338780e-03,3.671008e-03
15200,layers.5.v_lut.log_select_temp,1.080866e+00,9.169579e-04,8.483550e-04
15200,layers.5.out_proj.weights,3.226801e+02,4.852604e+00,1.503844e-02
15200,layers.5.out_proj.log_soft_score_temp,3.205031e-01,1.954705e-03,6.098864e-03
15200,layers.5.out_proj.log_select_temp,1.252965e+00,2.171040e-03,1.732722e-03
15200,layers.5.residual_lut.weights,1.921192e+02,3.260287e+00,1.697012e-02
15200,layers.5.residual_lut.log_soft_score_temp,4.059402e-02,1.821585e-03,4.487324e-02
15200,layers.5.residual_lut.log_select_temp,1.511579e+00,2.713323e-03,1.795025e-03
15200,layers.5.q_norm.weight,9.190785e+00,3.587012e-03,3.902835e-04
15200,layers.5.q_norm.bias,5.367527e-01,2.469720e-03,4.601226e-03
15200,layers.5.k_norm.weight,9.134631e+00,3.519873e-03,3.853328e-04
15200,layers.5.k_norm.bias,7.798920e-01,3.613324e-03,4.633108e-03
15200,ln_final.weight,5.467180e+01,9.104833e-02,1.665362e-03
15200,ln_final.bias,2.398922e+00,1.020572e-02,4.254295e-03
15400,tok_emb_E.weight,1.558833e+02,9.010130e-01,5.780049e-03
15400,emb_resid_lut.weights,2.153100e+02,3.023636e+00,1.404317e-02
15400,emb_resid_lut.log_soft_score_temp,6.319300e-01,1.350582e-03,2.137233e-03
15400,emb_resid_lut.log_select_temp,1.498677e+00,1.873732e-03,1.250258e-03
15400,unembedder.weight,1.678944e+02,1.558876e+00,9.284860e-03
15400,layers.0.qk_lut.weights,1.334461e+02,2.177139e+00,1.631474e-02
15400,layers.0.qk_lut.log_soft_score_temp,1.016641e+00,1.466274e-03,1.442274e-03
15400,layers.0.qk_lut.log_select_temp,1.142010e+00,1.160026e-03,1.015775e-03
15400,layers.0.v_lut.weights,1.260286e+02,2.205032e+00,1.749628e-02
15400,layers.0.v_lut.log_soft_score_temp,4.645144e-01,1.216680e-03,2.619251e-03
15400,layers.0.v_lut.log_select_temp,1.180641e+00,1.528025e-03,1.294233e-03
15400,layers.0.out_proj.weights,2.549672e+02,4.536841e+00,1.779382e-02
15400,layers.0.out_proj.log_soft_score_temp,7.901643e-01,1.157463e-03,1.464838e-03
15400,layers.0.out_proj.log_select_temp,1.216029e+00,3.111959e-03,2.559116e-03
15400,layers.0.residual_lut.weights,1.711791e+02,3.077041e+00,1.797556e-02
15400,layers.0.residual_lut.log_soft_score_temp,1.439834e-01,3.954023e-04,2.746166e-03
15400,layers.0.residual_lut.log_select_temp,1.259189e+00,3.576159e-03,2.840050e-03
15400,layers.0.q_norm.weight,9.496570e+00,4.089938e-03,4.306754e-04
15400,layers.0.q_norm.bias,9.499586e-01,2.681546e-03,2.822803e-03
15400,layers.0.k_norm.weight,9.409369e+00,3.890899e-03,4.135133e-04
15400,layers.0.k_norm.bias,1.372069e+00,3.208678e-03,2.338569e-03
15400,layers.1.qk_lut.weights,1.315851e+02,2.201649e+00,1.673175e-02
15400,layers.1.qk_lut.log_soft_score_temp,6.267089e-02,5.048625e-04,8.055774e-03
15400,layers.1.qk_lut.log_select_temp,1.133262e+00,1.208544e-03,1.066430e-03
15400,layers.1.v_lut.weights,1.217436e+02,2.045590e+00,1.680245e-02
15400,layers.1.v_lut.log_soft_score_temp,1.776003e-02,1.039537e-03,5.853237e-02
15400,layers.1.v_lut.log_select_temp,1.352202e+00,1.569629e-03,1.160795e-03
15400,layers.1.out_proj.weights,2.481731e+02,4.586925e+00,1.848276e-02
15400,layers.1.out_proj.log_soft_score_temp,7.662035e-01,1.707256e-03,2.228202e-03
15400,layers.1.out_proj.log_select_temp,8.847802e-01,1.679480e-03,1.898189e-03
15400,layers.1.residual_lut.weights,1.729612e+02,3.109817e+00,1.797985e-02
15400,layers.1.residual_lut.log_soft_score_temp,1.842926e-01,8.362830e-04,4.537800e-03
15400,layers.1.residual_lut.log_select_temp,1.290510e+00,2.857685e-03,2.214384e-03
15400,layers.1.q_norm.weight,1.010031e+01,3.167139e-03,3.135685e-04
15400,layers.1.q_norm.bias,9.334983e-01,2.519710e-03,2.699212e-03
15400,layers.1.k_norm.weight,1.004650e+01,3.047476e-03,3.033370e-04
15400,layers.1.k_norm.bias,1.154393e+00,2.695949e-03,2.335382e-03
15400,layers.2.qk_lut.weights,1.347575e+02,2.202161e+00,1.634167e-02
15400,layers.2.qk_lut.log_soft_score_temp,2.612932e-01,8.265078e-04,3.163143e-03
15400,layers.2.qk_lut.log_select_temp,1.070191e+00,6.043911e-04,5.647505e-04
15400,layers.2.v_lut.weights,1.220982e+02,2.095338e+00,1.716109e-02
15400,layers.2.v_lut.log_soft_score_temp,4.900106e-02,1.340356e-03,2.735360e-02
15400,layers.2.v_lut.log_select_temp,1.368817e+00,1.534820e-03,1.121275e-03
15400,layers.2.out_proj.weights,2.663262e+02,4.562065e+00,1.712961e-02
15400,layers.2.out_proj.log_soft_score_temp,7.774693e-01,2.730966e-03,3.512634e-03
15400,layers.2.out_proj.log_select_temp,9.482539e-01,1.714945e-03,1.808529e-03
15400,layers.2.residual_lut.weights,1.685039e+02,3.110047e+00,1.845683e-02
15400,layers.2.residual_lut.log_soft_score_temp,9.419038e-03,9.508990e-04,1.009550e-01
15400,layers.2.residual_lut.log_select_temp,1.451105e+00,2.837300e-03,1.955269e-03
15400,layers.2.q_norm.weight,9.385643e+00,2.248606e-03,2.395794e-04
15400,layers.2.q_norm.bias,8.556184e-01,2.324459e-03,2.716700e-03
15400,layers.2.k_norm.weight,9.344278e+00,2.302867e-03,2.464468e-04
15400,layers.2.k_norm.bias,1.288640e+00,2.535440e-03,1.967532e-03
15400,layers.3.qk_lut.weights,1.298109e+02,2.218861e+00,1.709303e-02
15400,layers.3.qk_lut.log_soft_score_temp,3.970769e-02,1.044329e-03,2.630043e-02
15400,layers.3.qk_lut.log_select_temp,1.248624e+00,1.534939e-03,1.229305e-03
15400,layers.3.v_lut.weights,1.239845e+02,2.083339e+00,1.680322e-02
15400,layers.3.v_lut.log_soft_score_temp,1.659539e-01,2.243593e-03,1.351937e-02
15400,layers.3.v_lut.log_select_temp,1.295929e+00,1.612663e-03,1.244407e-03
15400,layers.3.out_proj.weights,3.187368e+02,4.648211e+00,1.458322e-02
15400,layers.3.out_proj.log_soft_score_temp,7.434729e-01,3.482401e-03,4.683965e-03
15400,layers.3.out_proj.log_select_temp,1.320235e+00,1.335740e-03,1.011744e-03
15400,layers.3.residual_lut.weights,1.874189e+02,3.127020e+00,1.668465e-02
15400,layers.3.residual_lut.log_soft_score_temp,9.483472e-02,2.228349e-03,2.349719e-02
15400,layers.3.residual_lut.log_select_temp,1.465760e+00,2.086878e-03,1.423751e-03
15400,layers.3.q_norm.weight,1.051266e+01,3.988001e-03,3.793523e-04
15400,layers.3.q_norm.bias,8.304229e-01,2.463981e-03,2.967140e-03
15400,layers.3.k_norm.weight,1.043252e+01,3.953656e-03,3.789744e-04
15400,layers.3.k_norm.bias,1.176128e+00,2.808799e-03,2.388174e-03
15400,layers.4.qk_lut.weights,1.341656e+02,2.234432e+00,1.665429e-02
15400,layers.4.qk_lut.log_soft_score_temp,2.360328e-01,5.905628e-04,2.502037e-03
15400,layers.4.qk_lut.log_select_temp,1.064257e+00,1.052856e-03,9.892878e-04
15400,layers.4.v_lut.weights,1.278054e+02,2.110451e+00,1.651300e-02
15400,layers.4.v_lut.log_soft_score_temp,1.964271e-01,1.314774e-03,6.693446e-03
15400,layers.4.v_lut.log_select_temp,1.301531e+00,1.164198e-03,8.944831e-04
15400,layers.4.out_proj.weights,2.966856e+02,4.649889e+00,1.567278e-02
15400,layers.4.out_proj.log_soft_score_temp,4.728589e-01,2.469748e-03,5.223013e-03
15400,layers.4.out_proj.log_select_temp,1.250336e+00,2.071738e-03,1.656945e-03
15400,layers.4.residual_lut.weights,1.870583e+02,3.135026e+00,1.675962e-02
15400,layers.4.residual_lut.log_soft_score_temp,3.695067e-02,2.221800e-03,6.012883e-02
15400,layers.4.residual_lut.log_select_temp,1.508908e+00,2.103806e-03,1.394257e-03
15400,layers.4.q_norm.weight,9.187076e+00,2.732134e-03,2.973889e-04
15400,layers.4.q_norm.bias,7.034378e-01,2.167754e-03,3.081657e-03
15400,layers.4.k_norm.weight,9.135796e+00,2.651427e-03,2.902240e-04
15400,layers.4.k_norm.bias,1.077005e+00,2.913825e-03,2.705488e-03
15400,layers.5.qk_lut.weights,1.330443e+02,2.242626e+00,1.685623e-02
15400,layers.5.qk_lut.log_soft_score_temp,2.127681e-01,5.878955e-04,2.763081e-03
15400,layers.5.qk_lut.log_select_temp,9.700140e-01,1.318514e-03,1.359273e-03
15400,layers.5.v_lut.weights,1.301385e+02,2.154767e+00,1.655749e-02
15400,layers.5.v_lut.log_soft_score_temp,3.628502e-01,1.839787e-03,5.070375e-03
15400,layers.5.v_lut.log_select_temp,1.081088e+00,2.218485e-04,2.052086e-04
15400,layers.5.out_proj.weights,3.228532e+02,4.718640e+00,1.461543e-02
15400,layers.5.out_proj.log_soft_score_temp,3.235204e-01,3.017306e-03,9.326480e-03
15400,layers.5.out_proj.log_select_temp,1.254359e+00,1.393676e-03,1.111066e-03
15400,layers.5.residual_lut.weights,1.921889e+02,3.155634e+00,1.641944e-02
15400,layers.5.residual_lut.log_soft_score_temp,4.312272e-02,2.528697e-03,5.863956e-02
15400,layers.5.residual_lut.log_select_temp,1.513320e+00,1.740932e-03,1.150406e-03
15400,layers.5.q_norm.weight,9.192182e+00,2.920933e-03,3.177628e-04
15400,layers.5.q_norm.bias,5.371906e-01,2.434708e-03,4.532299e-03
15400,layers.5.k_norm.weight,9.136072e+00,3.028696e-03,3.315096e-04
15400,layers.5.k_norm.bias,7.797154e-01,3.330886e-03,4.271925e-03
15400,ln_final.weight,5.475991e+01,8.832513e-02,1.612952e-03
15400,ln_final.bias,2.403522e+00,9.910339e-03,4.123256e-03
15600,tok_emb_E.weight,1.558882e+02,8.786767e-01,5.636582e-03
15600,emb_resid_lut.weights,2.153355e+02,2.953990e+00,1.371809e-02
15600,emb_resid_lut.log_soft_score_temp,6.333756e-01,1.445651e-03,2.282454e-03
15600,emb_resid_lut.log_select_temp,1.500638e+00,1.961827e-03,1.307328e-03
15600,unembedder.weight,1.678363e+02,1.509452e+00,8.993600e-03
15600,layers.0.qk_lut.weights,1.334710e+02,2.120272e+00,1.588564e-02
15600,layers.0.qk_lut.log_soft_score_temp,1.018546e+00,1.905322e-03,1.870629e-03
15600,layers.0.qk_lut.log_select_temp,1.143499e+00,1.488805e-03,1.301973e-03
15600,layers.0.v_lut.weights,1.260473e+02,2.153565e+00,1.708538e-02
15600,layers.0.v_lut.log_soft_score_temp,4.655930e-01,1.078576e-03,2.316564e-03
15600,layers.0.v_lut.log_select_temp,1.181998e+00,1.356840e-03,1.147921e-03
15600,layers.0.out_proj.weights,2.549894e+02,4.419694e+00,1.733285e-02
15600,layers.0.out_proj.log_soft_score_temp,7.916006e-01,1.436293e-03,1.814416e-03
15600,layers.0.out_proj.log_select_temp,1.219091e+00,3.061891e-03,2.511618e-03
15600,layers.0.residual_lut.weights,1.712217e+02,3.005172e+00,1.755135e-02
15600,layers.0.residual_lut.log_soft_score_temp,1.445607e-01,5.773008e-04,3.993484e-03
15600,layers.0.residual_lut.log_select_temp,1.262841e+00,3.651857e-03,2.891779e-03
15600,layers.0.q_norm.weight,9.499067e+00,3.474280e-03,3.657495e-04
15600,layers.0.q_norm.bias,9.512037e-01,2.463019e-03,2.589371e-03
15600,layers.0.k_norm.weight,9.411567e+00,3.367646e-03,3.578199e-04
15600,layers.0.k_norm.bias,1.373872e+00,2.678365e-03,1.949501e-03
15600,layers.1.qk_lut.weights,1.316096e+02,2.128982e+00,1.617650e-02
15600,layers.1.qk_lut.log_soft_score_temp,6.360568e-02,9.347945e-04,1.469671e-02
15600,layers.1.qk_lut.log_select_temp,1.133964e+00,7.020235e-04,6.190882e-04
15600,layers.1.v_lut.weights,1.217638e+02,1.986889e+00,1.631756e-02
15600,layers.1.v_lut.log_soft_score_temp,1.800084e-02,2.408139e-04,1.337792e-02
15600,layers.1.v_lut.log_select_temp,1.354348e+00,2.146363e-03,1.584794e-03
15600,layers.1.out_proj.weights,2.481447e+02,4.473382e+00,1.802731e-02
15600,layers.1.out_proj.log_soft_score_temp,7.675058e-01,1.302302e-03,1.696798e-03
15600,layers.1.out_proj.log_select_temp,8.868549e-01,2.074718e-03,2.339411e-03
15600,layers.1.residual_lut.weights,1.729732e+02,3.036398e+00,1.755415e-02
15600,layers.1.residual_lut.log_soft_score_temp,1.834084e-01,8.841604e-04,4.820718e-03
15600,layers.1.residual_lut.log_select_temp,1.293059e+00,2.548695e-03,1.971059e-03
15600,layers.1.q_norm.weight,1.010249e+01,3.245486e-03,3.212561e-04
15600,layers.1.q_norm.bias,9.348845e-01,2.213149e-03,2.367297e-03
15600,layers.1.k_norm.weight,1.004865e+01,3.178844e-03,3.163452e-04
15600,layers.1.k_norm.bias,1.155382e+00,2.359543e-03,2.042219e-03
15600,layers.2.qk_lut.weights,1.347885e+02,2.126869e+00,1.577931e-02
15600,layers.2.qk_lut.log_soft_score_temp,2.614408e-01,1.475811e-04,5.644915e-04
15600,layers.2.qk_lut.log_select_temp,1.071464e+00,1.272202e-03,1.187349e-03
15600,layers.2.v_lut.weights,1.221187e+02,2.029580e+00,1.661973e-02
15600,layers.2.v_lut.log_soft_score_temp,4.988377e-02,8.827075e-04,1.769528e-02
15600,layers.2.v_lut.log_select_temp,1.370464e+00,1.647353e-03,1.202040e-03
15600,layers.2.out_proj.weights,2.663676e+02,4.448578e+00,1.670090e-02
15600,layers.2.out_proj.log_soft_score_temp,7.799188e-01,2.449512e-03,3.140727e-03
15600,layers.2.out_proj.log_select_temp,9.503245e-01,2.070665e-03,2.178903e-03
15600,layers.2.residual_lut.weights,1.685003e+02,3.037107e+00,1.802434e-02
15600,layers.2.residual_lut.log_soft_score_temp,8.548018e-03,8.710204e-04,1.018974e-01
15600,layers.2.residual_lut.log_select_temp,1.453960e+00,2.855301e-03,1.963810e-03
15600,layers.2.q_norm.weight,9.387739e+00,3.306877e-03,3.522549e-04
15600,layers.2.q_norm.bias,8.565512e-01,1.968614e-03,2.298303e-03
15600,layers.2.k_norm.weight,9.346209e+00,3.264908e-03,3.493296e-04
15600,layers.2.k_norm.bias,1.289047e+00,2.221722e-03,1.723538e-03
15600,layers.3.qk_lut.weights,1.298343e+02,2.156927e+00,1.661291e-02
15600,layers.3.qk_lut.log_soft_score_temp,4.047380e-02,7.661171e-04,1.892872e-02
15600,layers.3.qk_lut.log_select_temp,1.250089e+00,1.465082e-03,1.171983e-03
15600,layers.3.v_lut.weights,1.239974e+02,2.031051e+00,1.637978e-02
15600,layers.3.v_lut.log_soft_score_temp,1.640456e-01,1.908377e-03,1.163321e-02
15600,layers.3.v_lut.log_select_temp,1.297742e+00,1.813293e-03,1.397267e-03
15600,layers.3.out_proj.weights,3.189260e+02,4.527235e+00,1.419525e-02
15600,layers.3.out_proj.log_soft_score_temp,7.470506e-01,3.577709e-03,4.789112e-03
15600,layers.3.out_proj.log_select_temp,1.321342e+00,1.107097e-03,8.378578e-04
15600,layers.3.residual_lut.weights,1.874545e+02,3.058367e+00,1.631525e-02
15600,layers.3.residual_lut.log_soft_score_temp,9.236260e-02,2.472125e-03,2.676543e-02
15600,layers.3.residual_lut.log_select_temp,1.467732e+00,1.971483e-03,1.343218e-03
15600,layers.3.q_norm.weight,1.051492e+01,3.869973e-03,3.680460e-04
15600,layers.3.q_norm.bias,8.314448e-01,2.354475e-03,2.831788e-03
15600,layers.3.k_norm.weight,1.043468e+01,3.868341e-03,3.707196e-04
15600,layers.3.k_norm.bias,1.177003e+00,2.827550e-03,2.402330e-03
15600,layers.4.qk_lut.weights,1.341930e+02,2.174128e+00,1.620150e-02
15600,layers.4.qk_lut.log_soft_score_temp,2.354137e-01,6.190985e-04,2.629832e-03
15600,layers.4.qk_lut.log_select_temp,1.065332e+00,1.075149e-03,1.009214e-03
15600,layers.4.v_lut.weights,1.278261e+02,2.063508e+00,1.614309e-02
15600,layers.4.v_lut.log_soft_score_temp,1.952441e-01,1.183018e-03,6.059175e-03
15600,layers.4.v_lut.log_select_temp,1.302582e+00,1.050591e-03,8.065453e-04
15600,layers.4.out_proj.weights,2.968191e+02,4.535044e+00,1.527881e-02
15600,layers.4.out_proj.log_soft_score_temp,4.754983e-01,2.639353e-03,5.550711e-03
15600,layers.4.out_proj.log_select_temp,1.252022e+00,1.685977e-03,1.346603e-03
15600,layers.4.residual_lut.weights,1.871107e+02,3.065640e+00,1.638409e-02
15600,layers.4.residual_lut.log_soft_score_temp,3.483162e-02,2.119046e-03,6.083683e-02
15600,layers.4.residual_lut.log_select_temp,1.511160e+00,2.251983e-03,1.490235e-03
15600,layers.4.q_norm.weight,9.188342e+00,2.165668e-03,2.356973e-04
15600,layers.4.q_norm.bias,7.035499e-01,1.645513e-03,2.338872e-03
15600,layers.4.k_norm.weight,9.137082e+00,2.467758e-03,2.700816e-04
15600,layers.4.k_norm.bias,1.077115e+00,2.031075e-03,1.885662e-03
15600,layers.5.qk_lut.weights,1.330699e+02,2.186982e+00,1.643483e-02
15600,layers.5.qk_lut.log_soft_score_temp,2.123629e-01,4.052520e-04,1.908300e-03
15600,layers.5.qk_lut.log_select_temp,9.714457e-01,1.431704e-03,1.473786e-03
15600,layers.5.v_lut.weights,1.301628e+02,2.091140e+00,1.606557e-02
15600,layers.5.v_lut.log_soft_score_temp,3.614060e-01,1.444191e-03,3.996034e-03
15600,layers.5.v_lut.log_select_temp,1.081673e+00,5.853176e-04,5.411226e-04
15600,layers.5.out_proj.weights,3.230285e+02,4.601340e+00,1.424438e-02
15600,layers.5.out_proj.log_soft_score_temp,3.256492e-01,2.128869e-03,6.537308e-03
15600,layers.5.out_proj.log_select_temp,1.256301e+00,1.942158e-03,1.545934e-03
15600,layers.5.residual_lut.weights,1.922535e+02,3.080373e+00,1.602245e-02
15600,layers.5.residual_lut.log_soft_score_temp,4.525618e-02,2.133466e-03,4.714199e-02
15600,layers.5.residual_lut.log_select_temp,1.515209e+00,1.888871e-03,1.246608e-03
15600,layers.5.q_norm.weight,9.192876e+00,2.917701e-03,3.173872e-04
15600,layers.5.q_norm.bias,5.371979e-01,2.369133e-03,4.410168e-03
15600,layers.5.k_norm.weight,9.136798e+00,2.630129e-03,2.878612e-04
15600,layers.5.k_norm.bias,7.794357e-01,2.743737e-03,3.520159e-03
15600,ln_final.weight,5.484549e+01,8.580503e-02,1.564487e-03
15600,ln_final.bias,2.407513e+00,9.250121e-03,3.842190e-03
15800,tok_emb_E.weight,1.558929e+02,8.646893e-01,5.546688e-03
15800,emb_resid_lut.weights,2.153573e+02,2.917517e+00,1.354733e-02
15800,emb_resid_lut.log_soft_score_temp,6.348189e-01,1.443207e-03,2.273416e-03
15800,emb_resid_lut.log_select_temp,1.502485e+00,1.847029e-03,1.229316e-03
15800,unembedder.weight,1.677807e+02,1.484406e+00,8.847296e-03
15800,layers.0.qk_lut.weights,1.334948e+02,2.089781e+00,1.565439e-02
15800,layers.0.qk_lut.log_soft_score_temp,1.020248e+00,1.701355e-03,1.667590e-03
15800,layers.0.qk_lut.log_select_temp,1.144822e+00,1.323700e-03,1.156249e-03
15800,layers.0.v_lut.weights,1.260665e+02,2.121072e+00,1.682503e-02
15800,layers.0.v_lut.log_soft_score_temp,4.663725e-01,7.795393e-04,1.671495e-03
15800,layers.0.v_lut.log_select_temp,1.183065e+00,1.067281e-03,9.021317e-04
15800,layers.0.out_proj.weights,2.550094e+02,4.358586e+00,1.709186e-02
15800,layers.0.out_proj.log_soft_score_temp,7.931733e-01,1.572669e-03,1.982755e-03
15800,layers.0.out_proj.log_select_temp,1.221861e+00,2.769709e-03,2.266796e-03
15800,layers.0.residual_lut.weights,1.712632e+02,2.959519e+00,1.728053e-02
15800,layers.0.residual_lut.log_soft_score_temp,1.450265e-01,4.658252e-04,3.212000e-03
15800,layers.0.residual_lut.log_select_temp,1.266277e+00,3.435969e-03,2.713442e-03
15800,layers.0.q_norm.weight,9.501483e+00,3.319947e-03,3.494135e-04
15800,layers.0.q_norm.bias,9.520078e-01,2.034635e-03,2.137204e-03
15800,layers.0.k_norm.weight,9.413818e+00,3.208308e-03,3.408083e-04
15800,layers.0.k_norm.bias,1.375082e+00,2.786471e-03,2.026403e-03
15800,layers.1.qk_lut.weights,1.316330e+02,2.102497e+00,1.597242e-02
15800,layers.1.qk_lut.log_soft_score_temp,6.422333e-02,6.176457e-04,9.617155e-03
15800,layers.1.qk_lut.log_select_temp,1.135043e+00,1.079082e-03,9.506976e-04
15800,layers.1.v_lut.weights,1.217812e+02,1.962575e+00,1.611558e-02
15800,layers.1.v_lut.log_soft_score_temp,1.904750e-02,1.046659e-03,5.494995e-02
15800,layers.1.v_lut.log_select_temp,1.355718e+00,1.369357e-03,1.010061e-03
15800,layers.1.out_proj.weights,2.481125e+02,4.396405e+00,1.771940e-02
15800,layers.1.out_proj.log_soft_score_temp,7.693089e-01,1.803100e-03,2.343792e-03
15800,layers.1.out_proj.log_select_temp,8.884900e-01,1.635134e-03,1.840352e-03
15800,layers.1.residual_lut.weights,1.729823e+02,2.989334e+00,1.728115e-02
15800,layers.1.residual_lut.log_soft_score_temp,1.823150e-01,1.093432e-03,5.997489e-03
15800,layers.1.residual_lut.log_select_temp,1.295496e+00,2.437234e-03,1.881314e-03
15800,layers.1.q_norm.weight,1.010425e+01,3.062829e-03,3.031229e-04
15800,layers.1.q_norm.bias,9.355534e-01,2.134378e-03,2.281407e-03
15800,layers.1.k_norm.weight,1.005033e+01,2.865634e-03,2.851282e-04
15800,layers.1.k_norm.bias,1.156017e+00,2.441474e-03,2.111971e-03
15800,layers.2.qk_lut.weights,1.348187e+02,2.115795e+00,1.569363e-02
15800,layers.2.qk_lut.log_soft_score_temp,2.609061e-01,5.346835e-04,2.049333e-03
15800,layers.2.qk_lut.log_select_temp,1.072300e+00,8.360147e-04,7.796466e-04
15800,layers.2.v_lut.weights,1.221376e+02,1.999727e+00,1.637273e-02
15800,layers.2.v_lut.log_soft_score_temp,5.116007e-02,1.276296e-03,2.494711e-02
15800,layers.2.v_lut.log_select_temp,1.371666e+00,1.201868e-03,8.762105e-04
15800,layers.2.out_proj.weights,2.664002e+02,4.378150e+00,1.643449e-02
15800,layers.2.out_proj.log_soft_score_temp,7.827681e-01,2.849281e-03,3.640006e-03
15800,layers.2.out_proj.log_select_temp,9.519115e-01,1.586974e-03,1.667144e-03
15800,layers.2.residual_lut.weights,1.684932e+02,2.987843e+00,1.773273e-02
15800,layers.2.residual_lut.log_soft_score_temp,7.246185e-03,1.301832e-03,1.796576e-01
15800,layers.2.residual_lut.log_select_temp,1.456209e+00,2.248883e-03,1.544341e-03
15800,layers.2.q_norm.weight,9.388931e+00,2.471370e-03,2.632217e-04
15800,layers.2.q_norm.bias,8.573349e-01,2.034583e-03,2.373149e-03
15800,layers.2.k_norm.weight,9.347376e+00,2.606754e-03,2.788755e-04
15800,layers.2.k_norm.bias,1.289604e+00,2.621853e-03,2.033069e-03
15800,layers.3.qk_lut.weights,1.298571e+02,2.123893e+00,1.635561e-02
15800,layers.3.qk_lut.log_soft_score_temp,4.109557e-02,6.217696e-04,1.512984e-02
15800,layers.3.qk_lut.log_select_temp,1.251759e+00,1.670718e-03,1.334696e-03
15800,layers.3.v_lut.weights,1.240114e+02,1.995516e+00,1.609139e-02
15800,layers.3.v_lut.log_soft_score_temp,1.622906e-01,1.754999e-03,1.081393e-02
15800,layers.3.v_lut.log_select_temp,1.299366e+00,1.623869e-03,1.249739e-03
15800,layers.3.out_proj.weights,3.191175e+02,4.456409e+00,1.396479e-02
15800,layers.3.out_proj.log_soft_score_temp,7.501649e-01,3.114223e-03,4.151385e-03
15800,layers.3.out_proj.log_select_temp,1.323141e+00,1.799226e-03,1.359814e-03
15800,layers.3.residual_lut.weights,1.874916e+02,3.011490e+00,1.606200e-02
15800,layers.3.residual_lut.log_soft_score_temp,9.040073e-02,1.961872e-03,2.170195e-02
15800,layers.3.residual_lut.log_select_temp,1.470008e+00,2.276897e-03,1.548901e-03
15800,layers.3.q_norm.weight,1.051780e+01,4.190334e-03,3.984040e-04
15800,layers.3.q_norm.bias,8.321849e-01,2.597587e-03,3.121407e-03
15800,layers.3.k_norm.weight,1.043733e+01,3.817123e-03,3.657184e-04
15800,layers.3.k_norm.bias,1.178086e+00,3.004536e-03,2.550354e-03
15800,layers.4.qk_lut.weights,1.342194e+02,2.138732e+00,1.593460e-02
15800,layers.4.qk_lut.log_soft_score_temp,2.348669e-01,5.468726e-04,2.328437e-03
15800,layers.4.qk_lut.log_select_temp,1.066467e+00,1.135230e-03,1.064477e-03
15800,layers.4.v_lut.weights,1.278477e+02,2.031533e+00,1.589025e-02
15800,layers.4.v_lut.log_soft_score_temp,1.938055e-01,1.438588e-03,7.422844e-03
15800,layers.4.v_lut.log_select_temp,1.303475e+00,8.927584e-04,6.849065e-04
15800,layers.4.out_proj.weights,2.969521e+02,4.460482e+00,1.502088e-02
15800,layers.4.out_proj.log_soft_score_temp,4.778689e-01,2.370596e-03,4.960767e-03
15800,layers.4.out_proj.log_select_temp,1.253916e+00,1.894116e-03,1.510561e-03
15800,layers.4.residual_lut.weights,1.871614e+02,3.016812e+00,1.611877e-02
15800,layers.4.residual_lut.log_soft_score_temp,3.236356e-02,2.468064e-03,7.626060e-02
15800,layers.4.residual_lut.log_select_temp,1.513358e+00,2.198815e-03,1.452938e-03
15800,layers.4.q_norm.weight,9.190152e+00,2.939999e-03,3.199075e-04
15800,layers.4.q_norm.bias,7.039537e-01,1.823322e-03,2.590116e-03
15800,layers.4.k_norm.weight,9.138765e+00,2.730811e-03,2.988162e-04
15800,layers.4.k_norm.bias,1.078807e+00,2.843305e-03,2.635603e-03
15800,layers.5.qk_lut.weights,1.330952e+02,2.165761e+00,1.627226e-02
15800,layers.5.qk_lut.log_soft_score_temp,2.111716e-01,1.191288e-03,5.641328e-03
15800,layers.5.qk_lut.log_select_temp,9.721586e-01,7.128716e-04,7.332873e-04
15800,layers.5.v_lut.weights,1.301848e+02,2.053065e+00,1.577040e-02
15800,layers.5.v_lut.log_soft_score_temp,3.602867e-01,1.119375e-03,3.106902e-03
15800,layers.5.v_lut.log_select_temp,1.082406e+00,7.327795e-04,6.769915e-04
15800,layers.5.out_proj.weights,3.232013e+02,4.520275e+00,1.398594e-02
15800,layers.5.out_proj.log_soft_score_temp,3.276987e-01,2.049446e-03,6.254057e-03
15800,layers.5.out_proj.log_select_temp,1.258317e+00,2.016306e-03,1.602383e-03
15800,layers.5.residual_lut.weights,1.923216e+02,3.035158e+00,1.578168e-02
15800,layers.5.residual_lut.log_soft_score_temp,4.697064e-02,1.714461e-03,3.650068e-02
15800,layers.5.residual_lut.log_select_temp,1.517624e+00,2.415419e-03,1.591579e-03
15800,layers.5.q_norm.weight,9.193816e+00,2.688142e-03,2.923858e-04
15800,layers.5.q_norm.bias,5.375789e-01,2.395814e-03,4.456675e-03
15800,layers.5.k_norm.weight,9.137482e+00,2.582570e-03,2.826348e-04
15800,layers.5.k_norm.bias,7.802731e-01,2.634780e-03,3.376741e-03
15800,ln_final.weight,5.492982e+01,8.455652e-02,1.539355e-03
15800,ln_final.bias,2.412139e+00,9.608304e-03,3.983312e-03
16000,tok_emb_E.weight,1.558972e+02,8.568042e-01,5.495955e-03
16000,emb_resid_lut.weights,2.153795e+02,2.889366e+00,1.341523e-02
16000,emb_resid_lut.log_soft_score_temp,6.361880e-01,1.369119e-03,2.152066e-03
16000,emb_resid_lut.log_select_temp,1.504278e+00,1.792669e-03,1.191714e-03
16000,unembedder.weight,1.677289e+02,1.487469e+00,8.868289e-03
16000,layers.0.qk_lut.weights,1.335184e+02,2.067438e+00,1.548430e-02
16000,layers.0.qk_lut.log_soft_score_temp,1.021662e+00,1.414776e-03,1.384778e-03
16000,layers.0.qk_lut.log_select_temp,1.145936e+00,1.113653e-03,9.718283e-04
16000,layers.0.v_lut.weights,1.260852e+02,2.101149e+00,1.666451e-02
16000,layers.0.v_lut.log_soft_score_temp,4.672037e-01,8.311272e-04,1.778940e-03
16000,layers.0.v_lut.log_select_temp,1.184202e+00,1.136541e-03,9.597530e-04
16000,layers.0.out_proj.weights,2.550313e+02,4.313541e+00,1.691377e-02
16000,layers.0.out_proj.log_soft_score_temp,7.947152e-01,1.541972e-03,1.940283e-03
16000,layers.0.out_proj.log_select_temp,1.224746e+00,2.885699e-03,2.356161e-03
16000,layers.0.residual_lut.weights,1.713039e+02,2.938171e+00,1.715180e-02
16000,layers.0.residual_lut.log_soft_score_temp,1.453458e-01,3.193170e-04,2.196946e-03
16000,layers.0.residual_lut.log_select_temp,1.269699e+00,3.422260e-03,2.695331e-03
16000,layers.0.q_norm.weight,9.502345e+00,2.413067e-03,2.539443e-04
16000,layers.0.q_norm.bias,9.524851e-01,2.081288e-03,2.185113e-03
16000,layers.0.k_norm.weight,9.414559e+00,2.309581e-03,2.453202e-04
16000,layers.0.k_norm.bias,1.376573e+00,3.378498e-03,2.454281e-03
16000,layers.1.qk_lut.weights,1.316548e+02,2.085371e+00,1.583969e-02
16000,layers.1.qk_lut.log_soft_score_temp,6.461307e-02,3.897473e-04,6.032019e-03
16000,layers.1.qk_lut.log_select_temp,1.136225e+00,1.182199e-03,1.040462e-03
16000,layers.1.v_lut.weights,1.217998e+02,1.940320e+00,1.593041e-02
16000,layers.1.v_lut.log_soft_score_temp,2.008758e-02,1.040071e-03,5.177684e-02
16000,layers.1.v_lut.log_select_temp,1.356931e+00,1.212955e-03,8.938957e-04
16000,layers.1.out_proj.weights,2.480788e+02,4.355322e+00,1.755620e-02
16000,layers.1.out_proj.log_soft_score_temp,7.706833e-01,1.374483e-03,1.783460e-03
16000,layers.1.out_proj.log_select_temp,8.901973e-01,1.707256e-03,1.917840e-03
16000,layers.1.residual_lut.weights,1.729923e+02,2.965970e+00,1.714509e-02
16000,layers.1.residual_lut.log_soft_score_temp,1.812304e-01,1.084626e-03,5.984790e-03
16000,layers.1.residual_lut.log_select_temp,1.297750e+00,2.254486e-03,1.737226e-03
16000,layers.1.q_norm.weight,1.010644e+01,3.196487e-03,3.162821e-04
16000,layers.1.q_norm.bias,9.365593e-01,2.121707e-03,2.265427e-03
16000,layers.1.k_norm.weight,1.005248e+01,3.066584e-03,3.050576e-04
16000,layers.1.k_norm.bias,1.156898e+00,2.475621e-03,2.139879e-03
16000,layers.2.qk_lut.weights,1.348522e+02,2.095135e+00,1.553653e-02
16000,layers.2.qk_lut.log_soft_score_temp,2.607085e-01,1.975894e-04,7.578939e-04
16000,layers.2.qk_lut.log_select_temp,1.073350e+00,1.050472e-03,9.786856e-04
16000,layers.2.v_lut.weights,1.221553e+02,1.984118e+00,1.624258e-02
16000,layers.2.v_lut.log_soft_score_temp,5.265749e-02,1.497418e-03,2.843694e-02
16000,layers.2.v_lut.log_select_temp,1.372542e+00,8.757114e-04,6.380218e-04
16000,layers.2.out_proj.weights,2.664338e+02,4.335876e+00,1.627375e-02
16000,layers.2.out_proj.log_soft_score_temp,7.856306e-01,2.862453e-03,3.643511e-03
16000,layers.2.out_proj.log_select_temp,9.535019e-01,1.590431e-03,1.667989e-03
16000,layers.2.residual_lut.weights,1.684866e+02,2.967035e+00,1.760992e-02
16000,layers.2.residual_lut.log_soft_score_temp,6.330975e-03,9.152102e-04,1.445607e-01
16000,layers.2.residual_lut.log_select_temp,1.458520e+00,2.311110e-03,1.584559e-03
16000,layers.2.q_norm.weight,9.389283e+00,2.334551e-03,2.486399e-04
16000,layers.2.q_norm.bias,8.574477e-01,2.009285e-03,2.343333e-03
16000,layers.2.k_norm.weight,9.347771e+00,2.232496e-03,2.388266e-04
16000,layers.2.k_norm.bias,1.289938e+00,2.590631e-03,2.008337e-03
16000,layers.3.qk_lut.weights,1.298805e+02,2.107371e+00,1.622546e-02
16000,layers.3.qk_lut.log_soft_score_temp,4.224968e-02,1.154106e-03,2.731633e-02
16000,layers.3.qk_lut.log_select_temp,1.253051e+00,1.291513e-03,1.030695e-03
16000,layers.3.v_lut.weights,1.240237e+02,1.977816e+00,1.594708e-02
16000,layers.3.v_lut.log_soft_score_temp,1.607109e-01,1.579672e-03,9.829279e-03
16000,layers.3.v_lut.log_select_temp,1.301158e+00,1.791954e-03,1.377199e-03
16000,layers.3.out_proj.weights,3.193020e+02,4.414050e+00,1.382406e-02
16000,layers.3.out_proj.log_soft_score_temp,7.532125e-01,3.047645e-03,4.046196e-03
16000,layers.3.out_proj.log_select_temp,1.324530e+00,1.388311e-03,1.048154e-03
16000,layers.3.residual_lut.weights,1.875289e+02,2.981166e+00,1.589710e-02
16000,layers.3.residual_lut.log_soft_score_temp,8.832499e-02,2.075739e-03,2.350116e-02
16000,layers.3.residual_lut.log_select_temp,1.472102e+00,2.093315e-03,1.421991e-03
16000,layers.3.q_norm.weight,1.052026e+01,3.352293e-03,3.186513e-04
16000,layers.3.q_norm.bias,8.331351e-01,2.398897e-03,2.879362e-03
16000,layers.3.k_norm.weight,1.043972e+01,3.492575e-03,3.345468e-04
16000,layers.3.k_norm.bias,1.179128e+00,2.909427e-03,2.467440e-03
16000,layers.4.qk_lut.weights,1.342457e+02,2.112246e+00,1.573418e-02
16000,layers.4.qk_lut.log_soft_score_temp,2.343354e-01,5.314648e-04,2.267966e-03
16000,layers.4.qk_lut.log_select_temp,1.067532e+00,1.064420e-03,9.970848e-04
16000,layers.4.v_lut.weights,1.278676e+02,2.010284e+00,1.572161e-02
16000,layers.4.v_lut.log_soft_score_temp,1.923244e-01,1.481101e-03,7.701056e-03
16000,layers.4.v_lut.log_select_temp,1.304483e+00,1.008153e-03,7.728372e-04
16000,layers.4.out_proj.weights,2.970860e+02,4.424281e+00,1.489226e-02
16000,layers.4.out_proj.log_soft_score_temp,4.802999e-01,2.431095e-03,5.061618e-03
16000,layers.4.out_proj.log_select_temp,1.255791e+00,1.874328e-03,1.492548e-03
16000,layers.4.residual_lut.weights,1.872124e+02,2.988367e+00,1.596245e-02
16000,layers.4.residual_lut.log_soft_score_temp,3.017788e-02,2.185680e-03,7.242656e-02
16000,layers.4.residual_lut.log_select_temp,1.515374e+00,2.015948e-03,1.330330e-03
16000,layers.4.q_norm.weight,9.191894e+00,3.187963e-03,3.468233e-04
16000,layers.4.q_norm.bias,7.045438e-01,1.925482e-03,2.732948e-03
16000,layers.4.k_norm.weight,9.140462e+00,3.020999e-03,3.305083e-04
16000,layers.4.k_norm.bias,1.079536e+00,2.406450e-03,2.229151e-03
16000,layers.5.qk_lut.weights,1.331196e+02,2.141563e+00,1.608751e-02
16000,layers.5.qk_lut.log_soft_score_temp,2.102854e-01,8.861572e-04,4.214068e-03
16000,layers.5.qk_lut.log_select_temp,9.731244e-01,9.658337e-04,9.925079e-04
16000,layers.5.v_lut.weights,1.302089e+02,2.043063e+00,1.569066e-02
16000,layers.5.v_lut.log_soft_score_temp,3.586571e-01,1.629591e-03,4.543591e-03
16000,layers.5.v_lut.log_select_temp,1.082705e+00,2.996922e-04,2.767994e-04
16000,layers.5.out_proj.weights,3.233667e+02,4.484313e+00,1.386758e-02
16000,layers.5.out_proj.log_soft_score_temp,3.298844e-01,2.185762e-03,6.625841e-03
16000,layers.5.out_proj.log_select_temp,1.259907e+00,1.589894e-03,1.261914e-03
16000,layers.5.residual_lut.weights,1.923824e+02,3.003011e+00,1.560959e-02
16000,layers.5.residual_lut.log_soft_score_temp,4.916701e-02,2.196364e-03,4.467150e-02
16000,layers.5.residual_lut.log_select_temp,1.519286e+00,1.661539e-03,1.093632e-03
16000,layers.5.q_norm.weight,9.194229e+00,2.730370e-03,2.969656e-04
16000,layers.5.q_norm.bias,5.375402e-01,2.277277e-03,4.236477e-03
16000,layers.5.k_norm.weight,9.138008e+00,2.782681e-03,3.045172e-04
16000,layers.5.k_norm.bias,7.805737e-01,2.449214e-03,3.137709e-03
16000,ln_final.weight,5.501318e+01,8.357330e-02,1.519151e-03
16000,ln_final.bias,2.416463e+00,9.621687e-03,3.981724e-03
