step,param_name,weight_norm,delta_norm,rel_delta
200,tok_emb_E.weight,7.240450e+01,6.071002e-01,8.384842e-03
200,unembedder.weight,1.053855e+02,1.563033e+01,1.483157e-01
200,layers.0.qkv_lut.weights,3.453423e+00,3.276204e+00,9.486830e-01
200,layers.0.qkv_lut.log_soft_score_temp,6.980975e-01,4.950345e-03,7.091193e-03
200,layers.0.qkv_lut.log_select_temp,6.976588e-01,4.511595e-03,6.466764e-03
200,layers.0.v_lut.weights,1.536648e+00,1.447286e+00,9.418460e-01
200,layers.0.v_lut.log_soft_score_temp,6.957743e-01,2.627134e-03,3.775843e-03
200,layers.0.v_lut.log_select_temp,6.956918e-01,2.544582e-03,3.657628e-03
200,layers.0.out_proj.weights,2.497168e+00,2.412729e+00,9.661862e-01
200,layers.0.out_proj.log_soft_score_temp,6.936890e-01,5.418658e-04,7.811365e-04
200,layers.0.out_proj.log_select_temp,6.940020e-01,8.548498e-04,1.231768e-03
200,layers.0.residual_lut.weights,2.966440e+00,2.899786e+00,9.775307e-01
200,layers.0.residual_lut.log_soft_score_temp,6.989124e-01,5.765200e-03,8.248816e-03
200,layers.0.residual_lut.log_select_temp,6.991717e-01,6.024480e-03,8.616596e-03
200,layers.0.q_norm.weight,8.011977e+00,1.356301e-02,1.692841e-03
200,layers.0.q_norm.bias,8.205751e-03,8.205751e-03,1.000000e+00
200,layers.0.k_norm.weight,8.011675e+00,1.330205e-02,1.660334e-03
200,layers.0.k_norm.bias,9.684969e-03,9.684969e-03,1.000000e+00
200,layers.1.qkv_lut.weights,3.551999e+00,3.386205e+00,9.533239e-01
200,layers.1.qkv_lut.log_soft_score_temp,6.959050e-01,2.757788e-03,3.962880e-03
200,layers.1.qkv_lut.log_select_temp,6.974474e-01,4.300237e-03,6.165679e-03
200,layers.1.v_lut.weights,1.524371e+00,1.433927e+00,9.406677e-01
200,layers.1.v_lut.log_soft_score_temp,6.954071e-01,2.259910e-03,3.249766e-03
200,layers.1.v_lut.log_select_temp,6.953791e-01,2.231956e-03,3.209696e-03
200,layers.1.out_proj.weights,2.556442e+00,2.467967e+00,9.653913e-01
200,layers.1.out_proj.log_soft_score_temp,6.922541e-01,8.931160e-04,1.290156e-03
200,layers.1.out_proj.log_select_temp,6.924114e-01,7.357597e-04,1.062605e-03
200,layers.1.residual_lut.weights,2.889064e+00,2.821839e+00,9.767312e-01
200,layers.1.residual_lut.log_soft_score_temp,6.971532e-01,4.006028e-03,5.746267e-03
200,layers.1.residual_lut.log_select_temp,6.980789e-01,4.931748e-03,7.064743e-03
200,layers.1.q_norm.weight,8.009195e+00,1.172799e-02,1.464315e-03
200,layers.1.q_norm.bias,6.753353e-03,6.753353e-03,1.000000e+00
200,layers.1.k_norm.weight,8.008992e+00,1.153820e-02,1.440656e-03
200,layers.1.k_norm.bias,8.812311e-03,8.812311e-03,1.000000e+00
200,layers.2.qkv_lut.weights,3.459073e+00,3.290071e+00,9.511424e-01
200,layers.2.qkv_lut.log_soft_score_temp,6.948724e-01,1.725256e-03,2.482839e-03
200,layers.2.qkv_lut.log_select_temp,6.964817e-01,3.334522e-03,4.787667e-03
200,layers.2.v_lut.weights,1.553901e+00,1.466403e+00,9.436913e-01
200,layers.2.v_lut.log_soft_score_temp,6.969979e-01,3.850758e-03,5.524777e-03
200,layers.2.v_lut.log_select_temp,6.970276e-01,3.880441e-03,5.567127e-03
200,layers.2.out_proj.weights,2.674965e+00,2.588212e+00,9.675688e-01
200,layers.2.out_proj.log_soft_score_temp,6.938477e-01,7.005334e-04,1.009636e-03
200,layers.2.out_proj.log_select_temp,6.940485e-01,9.013414e-04,1.298672e-03
200,layers.2.residual_lut.weights,2.831668e+00,2.763887e+00,9.760631e-01
200,layers.2.residual_lut.log_soft_score_temp,6.936761e-01,5.289316e-04,7.625052e-04
200,layers.2.residual_lut.log_select_temp,6.956702e-01,2.523005e-03,3.626726e-03
200,layers.2.q_norm.weight,8.011672e+00,1.362231e-02,1.700308e-03
200,layers.2.q_norm.bias,1.050000e-02,1.050000e-02,1.000000e+00
200,layers.2.k_norm.weight,8.011346e+00,1.343342e-02,1.676799e-03
200,layers.2.k_norm.bias,1.463785e-02,1.463785e-02,1.000000e+00
200,layers.3.qkv_lut.weights,3.445491e+00,3.276398e+00,9.509235e-01
200,layers.3.qkv_lut.log_soft_score_temp,6.945229e-01,1.375735e-03,1.980834e-03
200,layers.3.qkv_lut.log_select_temp,6.962170e-01,3.069818e-03,4.409283e-03
200,layers.3.v_lut.weights,1.554778e+00,1.466097e+00,9.429623e-01
200,layers.3.v_lut.log_soft_score_temp,6.976116e-01,4.464447e-03,6.399617e-03
200,layers.3.v_lut.log_select_temp,6.977629e-01,4.615724e-03,6.615032e-03
200,layers.3.out_proj.weights,2.811589e+00,2.726129e+00,9.696042e-01
200,layers.3.out_proj.log_soft_score_temp,6.939759e-01,8.286834e-04,1.194110e-03
200,layers.3.out_proj.log_select_temp,6.941078e-01,9.605885e-04,1.383918e-03
200,layers.3.residual_lut.weights,2.796958e+00,2.729957e+00,9.760451e-01
200,layers.3.residual_lut.log_soft_score_temp,6.918141e-01,1.333058e-03,1.926902e-03
200,layers.3.residual_lut.log_select_temp,6.932762e-01,1.290441e-04,1.861366e-04
200,layers.3.q_norm.weight,8.015790e+00,1.968562e-02,2.455855e-03
200,layers.3.q_norm.bias,1.138857e-02,1.138857e-02,1.000000e+00
200,layers.3.k_norm.weight,8.015298e+00,1.919719e-02,2.395069e-03
200,layers.3.k_norm.bias,1.629742e-02,1.629742e-02,1.000000e+00
200,layers.4.qkv_lut.weights,3.388192e+00,3.214618e+00,9.487708e-01
200,layers.4.qkv_lut.log_soft_score_temp,6.948658e-01,1.718640e-03,2.473341e-03
200,layers.4.qkv_lut.log_select_temp,6.962711e-01,3.123939e-03,4.486670e-03
200,layers.4.v_lut.weights,1.558318e+00,1.472040e+00,9.446344e-01
200,layers.4.v_lut.log_soft_score_temp,6.967933e-01,3.646135e-03,5.232736e-03
200,layers.4.v_lut.log_select_temp,6.968576e-01,3.710449e-03,5.324543e-03
200,layers.4.out_proj.weights,3.768539e+00,3.702256e+00,9.824115e-01
200,layers.4.out_proj.log_soft_score_temp,6.933431e-01,1.959205e-04,2.825736e-04
200,layers.4.out_proj.log_select_temp,6.933936e-01,2.464056e-04,3.553618e-04
200,layers.4.residual_lut.weights,2.776385e+00,2.708870e+00,9.756823e-01
200,layers.4.residual_lut.log_soft_score_temp,6.908939e-01,2.253234e-03,3.261332e-03
200,layers.4.residual_lut.log_select_temp,6.918666e-01,1.280546e-03,1.850857e-03
200,layers.4.q_norm.weight,8.011206e+00,1.472700e-02,1.838300e-03
200,layers.4.q_norm.bias,1.204405e-02,1.204405e-02,1.000000e+00
200,layers.4.k_norm.weight,8.010875e+00,1.432058e-02,1.787642e-03
200,layers.4.k_norm.bias,1.370052e-02,1.370052e-02,1.000000e+00
200,layers.5.qkv_lut.weights,3.437471e+00,3.266221e+00,9.501814e-01
200,layers.5.qkv_lut.log_soft_score_temp,6.949871e-01,1.839876e-03,2.647353e-03
200,layers.5.qkv_lut.log_select_temp,6.960393e-01,2.892137e-03,4.155134e-03
200,layers.5.v_lut.weights,1.593248e+00,1.508117e+00,9.465677e-01
200,layers.5.v_lut.log_soft_score_temp,6.950658e-01,1.918614e-03,2.760334e-03
200,layers.5.v_lut.log_select_temp,6.951421e-01,1.994908e-03,2.869784e-03
200,layers.5.out_proj.weights,4.005975e+00,3.943190e+00,9.843271e-01
200,layers.5.out_proj.log_soft_score_temp,6.924959e-01,6.513000e-04,9.405109e-04
200,layers.5.out_proj.log_select_temp,6.925209e-01,6.263256e-04,9.044141e-04
200,layers.5.residual_lut.weights,2.761377e+00,2.694603e+00,9.758185e-01
200,layers.5.residual_lut.log_soft_score_temp,6.903511e-01,2.796113e-03,4.050278e-03
200,layers.5.residual_lut.log_select_temp,6.911259e-01,2.021313e-03,2.924667e-03
200,layers.5.q_norm.weight,8.005091e+00,7.236362e-03,9.039700e-04
200,layers.5.q_norm.bias,4.393724e-03,4.393724e-03,1.000000e+00
200,layers.5.k_norm.weight,8.005048e+00,7.009123e-03,8.755878e-04
200,layers.5.k_norm.bias,7.895709e-03,7.895709e-03,1.000000e+00
200,ln_final.weight,1.974459e+01,1.486886e-01,7.530595e-03
200,ln_final.bias,1.447925e-01,1.447925e-01,1.000000e+00
400,tok_emb_E.weight,7.248421e+01,1.629236e+00,2.247711e-02
400,unembedder.weight,1.113260e+02,2.659874e+01,2.389267e-01
400,layers.0.qkv_lut.weights,9.883122e+00,8.685417e+00,8.788131e-01
400,layers.0.qkv_lut.log_soft_score_temp,7.130035e-01,1.490593e-02,2.090583e-02
400,layers.0.qkv_lut.log_select_temp,7.110398e-01,1.338100e-02,1.881893e-02
400,layers.0.v_lut.weights,4.852734e+00,4.347931e+00,8.959755e-01
400,layers.0.v_lut.log_soft_score_temp,7.155569e-01,1.978260e-02,2.764644e-02
400,layers.0.v_lut.log_select_temp,7.153165e-01,1.962471e-02,2.743500e-02
400,layers.0.out_proj.weights,6.745033e+00,6.258388e+00,9.278513e-01
400,layers.0.out_proj.log_soft_score_temp,7.090776e-01,1.538855e-02,2.170221e-02
400,layers.0.out_proj.log_select_temp,7.109828e-01,1.698077e-02,2.388351e-02
400,layers.0.residual_lut.weights,7.834504e+00,6.548842e+00,8.358975e-01
400,layers.0.residual_lut.log_soft_score_temp,7.184465e-01,1.953411e-02,2.718937e-02
400,layers.0.residual_lut.log_select_temp,7.200078e-01,2.083617e-02,2.893882e-02
400,layers.0.q_norm.weight,8.104450e+00,1.003502e-01,1.238211e-02
400,layers.0.q_norm.bias,6.780641e-02,6.116074e-02,9.019905e-01
400,layers.0.k_norm.weight,8.103061e+00,9.906211e-02,1.222527e-02
400,layers.0.k_norm.bias,6.841224e-02,6.523971e-02,9.536264e-01
400,layers.1.qkv_lut.weights,1.005075e+01,8.997057e+00,8.951627e-01
400,layers.1.qkv_lut.log_soft_score_temp,6.866104e-01,9.294569e-03,1.353689e-02
400,layers.1.qkv_lut.log_select_temp,6.980733e-01,6.258488e-04,8.965374e-04
400,layers.1.v_lut.weights,4.582376e+00,4.183047e+00,9.128556e-01
400,layers.1.v_lut.log_soft_score_temp,7.092787e-01,1.387161e-02,1.955735e-02
400,layers.1.v_lut.log_select_temp,7.104308e-01,1.505166e-02,2.118667e-02
400,layers.1.out_proj.weights,7.051762e+00,6.583786e+00,9.336371e-01
400,layers.1.out_proj.log_soft_score_temp,6.961006e-01,3.846526e-03,5.525819e-03
400,layers.1.out_proj.log_select_temp,6.996411e-01,7.229686e-03,1.033342e-02
400,layers.1.residual_lut.weights,7.275158e+00,6.185613e+00,8.502376e-01
400,layers.1.residual_lut.log_soft_score_temp,6.981910e-01,1.037776e-03,1.486379e-03
400,layers.1.residual_lut.log_select_temp,7.113753e-01,1.329637e-02,1.869107e-02
400,layers.1.q_norm.weight,8.069133e+00,7.394478e-02,9.163906e-03
400,layers.1.q_norm.bias,6.030393e-02,5.451335e-02,9.039767e-01
400,layers.1.k_norm.weight,8.067294e+00,7.189292e-02,8.911652e-03
400,layers.1.k_norm.bias,7.370847e-02,6.728912e-02,9.129089e-01
400,layers.2.qkv_lut.weights,1.003922e+01,9.049691e+00,9.014339e-01
400,layers.2.qkv_lut.log_soft_score_temp,6.808227e-01,1.404977e-02,2.063646e-02
400,layers.2.qkv_lut.log_select_temp,6.925464e-01,3.935277e-03,5.682330e-03
400,layers.2.v_lut.weights,4.710070e+00,4.296118e+00,9.121134e-01
400,layers.2.v_lut.log_soft_score_temp,7.115098e-01,1.451182e-02,2.039582e-02
400,layers.2.v_lut.log_select_temp,7.133716e-01,1.634395e-02,2.291085e-02
400,layers.2.out_proj.weights,7.318035e+00,6.752829e+00,9.227653e-01
400,layers.2.out_proj.log_soft_score_temp,7.012714e-01,7.423699e-03,1.058606e-02
400,layers.2.out_proj.log_select_temp,7.035240e-01,9.475470e-03,1.346858e-02
400,layers.2.residual_lut.weights,6.941085e+00,6.011970e+00,8.661427e-01
400,layers.2.residual_lut.log_soft_score_temp,6.764536e-01,1.722252e-02,2.546002e-02
400,layers.2.residual_lut.log_select_temp,6.883259e-01,7.344246e-03,1.066972e-02
400,layers.2.q_norm.weight,8.053722e+00,5.712993e-02,7.093606e-03
400,layers.2.q_norm.bias,5.686121e-02,4.685597e-02,8.240410e-01
400,layers.2.k_norm.weight,8.051906e+00,5.521506e-02,6.857391e-03
400,layers.2.k_norm.bias,7.854234e-02,6.591883e-02,8.392776e-01
400,layers.3.qkv_lut.weights,9.957880e+00,9.029682e+00,9.067876e-01
400,layers.3.qkv_lut.log_soft_score_temp,6.809765e-01,1.354647e-02,1.989271e-02
400,layers.3.qkv_lut.log_select_temp,6.960383e-01,1.786947e-04,2.567312e-04
400,layers.3.v_lut.weights,4.847414e+00,4.432367e+00,9.143775e-01
400,layers.3.v_lut.log_soft_score_temp,7.155591e-01,1.794744e-02,2.508170e-02
400,layers.3.v_lut.log_select_temp,7.171038e-01,1.934093e-02,2.697090e-02
400,layers.3.out_proj.weights,7.425993e+00,6.758484e+00,9.101118e-01
400,layers.3.out_proj.log_soft_score_temp,7.091700e-01,1.519412e-02,2.142521e-02
400,layers.3.out_proj.log_select_temp,7.105999e-01,1.649213e-02,2.320874e-02
400,layers.3.residual_lut.weights,6.842745e+00,6.047698e+00,8.838117e-01
400,layers.3.residual_lut.log_soft_score_temp,6.727864e-01,1.902771e-02,2.828195e-02
400,layers.3.residual_lut.log_select_temp,6.797888e-01,1.348746e-02,1.984066e-02
400,layers.3.q_norm.weight,8.067997e+00,7.665436e-02,9.501040e-03
400,layers.3.q_norm.bias,5.674544e-02,4.622084e-02,8.145296e-01
400,layers.3.k_norm.weight,8.063850e+00,7.393918e-02,9.169215e-03
400,layers.3.k_norm.bias,8.335137e-02,6.883444e-02,8.258345e-01
400,layers.4.qkv_lut.weights,1.008018e+01,9.175121e+00,9.102138e-01
400,layers.4.qkv_lut.log_soft_score_temp,6.857635e-01,9.102345e-03,1.327330e-02
400,layers.4.qkv_lut.log_select_temp,6.946537e-01,1.617372e-03,2.328314e-03
400,layers.4.v_lut.weights,4.780845e+00,4.373140e+00,9.147211e-01
400,layers.4.v_lut.log_soft_score_temp,7.066665e-01,9.873211e-03,1.397153e-02
400,layers.4.v_lut.log_select_temp,7.078369e-01,1.097924e-02,1.551097e-02
400,layers.4.out_proj.weights,8.511933e+00,7.346505e+00,8.630830e-01
400,layers.4.out_proj.log_soft_score_temp,6.971356e-01,3.792465e-03,5.440068e-03
400,layers.4.out_proj.log_select_temp,6.983079e-01,4.914343e-03,7.037502e-03
400,layers.4.residual_lut.weights,6.739570e+00,6.009453e+00,8.916671e-01
400,layers.4.residual_lut.log_soft_score_temp,6.711235e-01,1.977044e-02,2.945873e-02
400,layers.4.residual_lut.log_select_temp,6.753604e-01,1.650625e-02,2.444066e-02
400,layers.4.q_norm.weight,8.029181e+00,4.329455e-02,5.392150e-03
400,layers.4.q_norm.bias,4.648593e-02,3.497750e-02,7.524320e-01
400,layers.4.k_norm.weight,8.027681e+00,4.219866e-02,5.256643e-03
400,layers.4.k_norm.bias,6.235992e-02,5.034084e-02,8.072627e-01
400,layers.5.qkv_lut.weights,1.006939e+01,9.192654e+00,9.129305e-01
400,layers.5.qkv_lut.log_soft_score_temp,6.900975e-01,4.889607e-03,7.085387e-03
400,layers.5.qkv_lut.log_select_temp,6.955683e-01,4.710555e-04,6.772240e-04
400,layers.5.v_lut.weights,4.807759e+00,4.420000e+00,9.193472e-01
400,layers.5.v_lut.log_soft_score_temp,7.034082e-01,8.342385e-03,1.185995e-02
400,layers.5.v_lut.log_select_temp,7.037940e-01,8.651912e-03,1.229325e-02
400,layers.5.out_proj.weights,9.699034e+00,8.332976e+00,8.591553e-01
400,layers.5.out_proj.log_soft_score_temp,6.929337e-01,4.377961e-04,6.318009e-04
400,layers.5.out_proj.log_select_temp,6.936195e-01,1.098633e-03,1.583913e-03
400,layers.5.residual_lut.weights,6.714273e+00,6.034363e+00,8.987365e-01
400,layers.5.residual_lut.log_soft_score_temp,6.700377e-01,2.031338e-02,3.031678e-02
400,layers.5.residual_lut.log_select_temp,6.732381e-01,1.788777e-02,2.656975e-02
400,layers.5.q_norm.weight,8.011120e+00,2.731688e-02,3.409870e-03
400,layers.5.q_norm.bias,2.192544e-02,1.894940e-02,8.642654e-01
400,layers.5.k_norm.weight,8.011626e+00,2.716096e-02,3.390193e-03
400,layers.5.k_norm.bias,4.244290e-02,3.688591e-02,8.690713e-01
400,ln_final.weight,2.011695e+01,3.729245e-01,1.853783e-02
400,ln_final.bias,4.613747e-01,3.170894e-01,6.872710e-01
600,tok_emb_E.weight,7.255798e+01,2.647036e+00,3.648166e-02
600,unembedder.weight,1.225470e+02,3.116997e+01,2.543511e-01
600,layers.0.qkv_lut.weights,1.851469e+01,1.381030e+01,7.459103e-01
600,layers.0.qkv_lut.log_soft_score_temp,7.378049e-01,2.480149e-02,3.361524e-02
600,layers.0.qkv_lut.log_select_temp,7.314748e-01,2.043498e-02,2.793668e-02
600,layers.0.v_lut.weights,9.583872e+00,7.080664e+00,7.388103e-01
600,layers.0.v_lut.log_soft_score_temp,7.519342e-01,3.637725e-02,4.837824e-02
600,layers.0.v_lut.log_select_temp,7.514673e-01,3.615081e-02,4.810697e-02
600,layers.0.out_proj.weights,1.288908e+01,1.035464e+01,8.033651e-01
600,layers.0.out_proj.log_soft_score_temp,7.444937e-01,3.541607e-02,4.757068e-02
600,layers.0.out_proj.log_select_temp,7.467240e-01,3.574121e-02,4.786402e-02
600,layers.0.residual_lut.weights,1.389389e+01,1.004706e+01,7.231283e-01
600,layers.0.residual_lut.log_soft_score_temp,7.297348e-01,1.128834e-02,1.546911e-02
600,layers.0.residual_lut.log_select_temp,7.441683e-01,2.416050e-02,3.246645e-02
600,layers.0.q_norm.weight,8.273836e+00,1.855609e-01,2.242743e-02
600,layers.0.q_norm.bias,1.845465e-01,1.180265e-01,6.395489e-01
600,layers.0.k_norm.weight,8.269645e+00,1.824925e-01,2.206776e-02
600,layers.0.k_norm.bias,1.994103e-01,1.334696e-01,6.693211e-01
600,layers.1.qkv_lut.weights,1.844710e+01,1.453979e+01,7.881885e-01
600,layers.1.qkv_lut.log_soft_score_temp,6.595420e-01,2.706838e-02,4.104117e-02
600,layers.1.qkv_lut.log_select_temp,6.851054e-01,1.296788e-02,1.892831e-02
600,layers.1.v_lut.weights,8.731643e+00,6.999213e+00,8.015918e-01
600,layers.1.v_lut.log_soft_score_temp,7.263304e-01,1.705170e-02,2.347650e-02
600,layers.1.v_lut.log_select_temp,7.335043e-01,2.307349e-02,3.145652e-02
600,layers.1.out_proj.weights,1.273698e+01,1.048455e+01,8.231582e-01
600,layers.1.out_proj.log_soft_score_temp,7.041756e-01,8.074999e-03,1.146731e-02
600,layers.1.out_proj.log_select_temp,7.141699e-01,1.452875e-02,2.034355e-02
600,layers.1.residual_lut.weights,1.286095e+01,9.667412e+00,7.516870e-01
600,layers.1.residual_lut.log_soft_score_temp,6.755591e-01,2.263188e-02,3.350097e-02
600,layers.1.residual_lut.log_select_temp,7.075688e-01,3.806472e-03,5.379649e-03
600,layers.1.q_norm.weight,8.141373e+00,9.861509e-02,1.211283e-02
600,layers.1.q_norm.bias,1.349264e-01,7.558354e-02,5.601835e-01
600,layers.1.k_norm.weight,8.137083e+00,9.747899e-02,1.197960e-02
600,layers.1.k_norm.bias,1.691385e-01,9.827258e-02,5.810185e-01
600,layers.2.qkv_lut.weights,1.850394e+01,1.460630e+01,7.893616e-01
600,layers.2.qkv_lut.log_soft_score_temp,6.578405e-01,2.298212e-02,3.493570e-02
600,layers.2.qkv_lut.log_select_temp,6.835845e-01,8.961916e-03,1.311018e-02
600,layers.2.v_lut.weights,8.955172e+00,7.129546e+00,7.961373e-01
600,layers.2.v_lut.log_soft_score_temp,7.294785e-01,1.796877e-02,2.463235e-02
600,layers.2.v_lut.log_select_temp,7.375174e-01,2.414584e-02,3.273935e-02
600,layers.2.out_proj.weights,1.317434e+01,1.069789e+01,8.120246e-01
600,layers.2.out_proj.log_soft_score_temp,7.147466e-01,1.347518e-02,1.885309e-02
600,layers.2.out_proj.log_select_temp,7.209933e-01,1.746935e-02,2.422955e-02
600,layers.2.residual_lut.weights,1.245238e+01,9.601431e+00,7.710520e-01
600,layers.2.residual_lut.log_soft_score_temp,6.471117e-01,2.934194e-02,4.534293e-02
600,layers.2.residual_lut.log_select_temp,6.708952e-01,1.743078e-02,2.598138e-02
600,layers.2.q_norm.weight,8.119061e+00,8.841492e-02,1.088980e-02
600,layers.2.q_norm.bias,1.295962e-01,7.354064e-02,5.674599e-01
600,layers.2.k_norm.weight,8.115724e+00,8.609725e-02,1.060870e-02
600,layers.2.k_norm.bias,1.810585e-01,1.056843e-01,5.837024e-01
600,layers.3.qkv_lut.weights,1.859843e+01,1.474937e+01,7.930437e-01
600,layers.3.qkv_lut.log_soft_score_temp,6.540758e-01,2.690065e-02,4.112772e-02
600,layers.3.qkv_lut.log_select_temp,6.889995e-01,7.038832e-03,1.021602e-02
600,layers.3.v_lut.weights,9.238512e+00,7.283403e+00,7.883741e-01
600,layers.3.v_lut.log_soft_score_temp,7.390589e-01,2.349985e-02,3.179699e-02
600,layers.3.v_lut.log_select_temp,7.454057e-01,2.830184e-02,3.796837e-02
600,layers.3.out_proj.weights,1.356710e+01,1.078155e+01,7.946837e-01
600,layers.3.out_proj.log_soft_score_temp,7.337264e-01,2.455640e-02,3.346806e-02
600,layers.3.out_proj.log_select_temp,7.370629e-01,2.646303e-02,3.590335e-02
600,layers.3.residual_lut.weights,1.258768e+01,9.745027e+00,7.741716e-01
600,layers.3.residual_lut.log_soft_score_temp,6.504642e-01,2.232224e-02,3.431740e-02
600,layers.3.residual_lut.log_select_temp,6.783220e-01,1.466811e-03,2.162411e-03
600,layers.3.q_norm.weight,8.145744e+00,1.117790e-01,1.372238e-02
600,layers.3.q_norm.bias,1.279209e-01,7.189427e-02,5.620215e-01
600,layers.3.k_norm.weight,8.135677e+00,1.077213e-01,1.324061e-02
600,layers.3.k_norm.bias,1.896404e-01,1.085178e-01,5.722291e-01
600,layers.4.qkv_lut.weights,1.861370e+01,1.475306e+01,7.925918e-01
600,layers.4.qkv_lut.log_soft_score_temp,6.767806e-01,8.982897e-03,1.327298e-02
600,layers.4.qkv_lut.log_select_temp,6.960351e-01,1.381397e-03,1.984666e-03
600,layers.4.v_lut.weights,9.031591e+00,7.143412e+00,7.909361e-01
600,layers.4.v_lut.log_soft_score_temp,7.251355e-01,1.846898e-02,2.546969e-02
600,layers.4.v_lut.log_select_temp,7.284360e-01,2.059913e-02,2.827857e-02
600,layers.4.out_proj.weights,1.457778e+01,1.135404e+01,7.788592e-01
600,layers.4.out_proj.log_soft_score_temp,7.107297e-01,1.359415e-02,1.912703e-02
600,layers.4.out_proj.log_select_temp,7.148793e-01,1.657134e-02,2.318062e-02
600,layers.4.residual_lut.weights,1.243620e+01,9.718676e+00,7.814829e-01
600,layers.4.residual_lut.log_soft_score_temp,6.459596e-01,2.516389e-02,3.895582e-02
600,layers.4.residual_lut.log_select_temp,6.655546e-01,9.805739e-03,1.473318e-02
600,layers.4.q_norm.weight,8.063555e+00,5.306568e-02,6.580929e-03
600,layers.4.q_norm.bias,8.309090e-02,3.779699e-02,4.548872e-01
600,layers.4.k_norm.weight,8.059673e+00,5.015646e-02,6.223138e-03
600,layers.4.k_norm.bias,1.171577e-01,5.783588e-02,4.936585e-01
600,layers.5.qkv_lut.weights,1.872139e+01,1.493437e+01,7.977171e-01
600,layers.5.qkv_lut.log_soft_score_temp,6.798369e-01,1.026052e-02,1.509262e-02
600,layers.5.qkv_lut.log_select_temp,6.932821e-01,2.286196e-03,3.297642e-03
600,layers.5.v_lut.weights,9.120900e+00,7.242522e+00,7.940578e-01
600,layers.5.v_lut.log_soft_score_temp,7.172382e-01,1.383007e-02,1.928239e-02
600,layers.5.v_lut.log_select_temp,7.186493e-01,1.485533e-02,2.067117e-02
600,layers.5.out_proj.weights,1.593137e+01,1.196449e+01,7.510015e-01
600,layers.5.out_proj.log_soft_score_temp,7.004017e-01,7.468045e-03,1.066252e-02
600,layers.5.out_proj.log_select_temp,7.035083e-01,9.888828e-03,1.405645e-02
600,layers.5.residual_lut.weights,1.240686e+01,9.765208e+00,7.870816e-01
600,layers.5.residual_lut.log_soft_score_temp,6.424787e-01,2.755898e-02,4.289478e-02
600,layers.5.residual_lut.log_select_temp,6.586499e-01,1.458818e-02,2.214861e-02
600,layers.5.q_norm.weight,8.024576e+00,3.924629e-02,4.890762e-03
600,layers.5.q_norm.bias,4.039975e-02,2.183821e-02,5.405532e-01
600,layers.5.k_norm.weight,8.024167e+00,3.853746e-02,4.802674e-03
600,layers.5.k_norm.bias,8.145531e-02,4.423497e-02,5.430582e-01
600,ln_final.weight,2.068274e+01,5.679046e-01,2.745790e-02
600,ln_final.bias,7.579013e-01,2.978491e-01,3.929919e-01
800,tok_emb_E.weight,7.266912e+01,3.417150e+00,4.702342e-02
800,unembedder.weight,1.364106e+02,3.279687e+01,2.404276e-01
800,layers.0.qkv_lut.weights,2.875039e+01,1.870800e+01,6.507041e-01
800,layers.0.qkv_lut.log_soft_score_temp,7.736931e-01,3.588814e-02,4.638549e-02
800,layers.0.qkv_lut.log_select_temp,7.580301e-01,2.655530e-02,3.503199e-02
800,layers.0.v_lut.weights,1.491745e+01,9.126684e+00,6.118128e-01
800,layers.0.v_lut.log_soft_score_temp,8.010075e-01,4.907334e-02,6.126452e-02
800,layers.0.v_lut.log_select_temp,8.000054e-01,4.853815e-02,6.067227e-02
800,layers.0.out_proj.weights,2.001482e+01,1.381526e+01,6.902511e-01
800,layers.0.out_proj.log_soft_score_temp,7.907880e-01,4.629433e-02,5.854203e-02
800,layers.0.out_proj.log_select_temp,7.944457e-01,4.772168e-02,6.006916e-02
800,layers.0.residual_lut.weights,2.072940e+01,1.314040e+01,6.339014e-01
800,layers.0.residual_lut.log_soft_score_temp,7.183233e-01,1.141155e-02,1.588637e-02
800,layers.0.residual_lut.log_select_temp,7.602975e-01,1.612914e-02,2.121424e-02
800,layers.0.q_norm.weight,8.448808e+00,1.990544e-01,2.356006e-02
800,layers.0.q_norm.bias,3.093801e-01,1.259343e-01,4.070537e-01
800,layers.0.k_norm.weight,8.437445e+00,1.919765e-01,2.275291e-02
800,layers.0.k_norm.bias,3.386517e-01,1.414504e-01,4.176869e-01
800,layers.1.qkv_lut.weights,2.846393e+01,1.994477e+01,7.007031e-01
800,layers.1.qkv_lut.log_soft_score_temp,6.186100e-01,4.093200e-02,6.616770e-02
800,layers.1.qkv_lut.log_select_temp,6.600227e-01,2.508271e-02,3.800280e-02
800,layers.1.v_lut.weights,1.366672e+01,9.715506e+00,7.108881e-01
800,layers.1.v_lut.log_soft_score_temp,7.380081e-01,1.167774e-02,1.582332e-02
800,layers.1.v_lut.log_select_temp,7.605639e-01,2.705956e-02,3.557828e-02
800,layers.1.out_proj.weights,1.925084e+01,1.422883e+01,7.391278e-01
800,layers.1.out_proj.log_soft_score_temp,7.011871e-01,2.988517e-03,4.262083e-03
800,layers.1.out_proj.log_select_temp,7.241017e-01,9.931803e-03,1.371603e-02
800,layers.1.residual_lut.weights,1.932316e+01,1.283766e+01,6.643665e-01
800,layers.1.residual_lut.log_soft_score_temp,6.379899e-01,3.756922e-02,5.888687e-02
800,layers.1.residual_lut.log_select_temp,6.894748e-01,1.809400e-02,2.624317e-02
800,layers.1.q_norm.weight,8.205974e+00,9.928702e-02,1.209936e-02
800,layers.1.q_norm.bias,2.117336e-01,7.816412e-02,3.691626e-01
800,layers.1.k_norm.weight,8.198451e+00,9.780876e-02,1.193015e-02
800,layers.1.k_norm.bias,2.679279e-01,1.013187e-01,3.781566e-01
800,layers.2.qkv_lut.weights,2.852769e+01,1.999841e+01,7.010175e-01
800,layers.2.qkv_lut.log_soft_score_temp,6.238124e-01,3.402811e-02,5.454863e-02
800,layers.2.qkv_lut.log_select_temp,6.679478e-01,1.563674e-02,2.341013e-02
800,layers.2.v_lut.weights,1.393551e+01,9.769524e+00,7.010526e-01
800,layers.2.v_lut.log_soft_score_temp,7.491212e-01,1.964271e-02,2.622100e-02
800,layers.2.v_lut.log_select_temp,7.707338e-01,3.321642e-02,4.309713e-02
800,layers.2.out_proj.weights,1.993633e+01,1.439740e+01,7.221690e-01
800,layers.2.out_proj.log_soft_score_temp,7.249166e-01,1.017004e-02,1.402926e-02
800,layers.2.out_proj.log_select_temp,7.395905e-01,1.859713e-02,2.514517e-02
800,layers.2.residual_lut.weights,1.896601e+01,1.285198e+01,6.776320e-01
800,layers.2.residual_lut.log_soft_score_temp,6.082081e-01,3.890353e-02,6.396418e-02
800,layers.2.residual_lut.log_select_temp,6.504607e-01,2.043450e-02,3.141543e-02
800,layers.2.q_norm.weight,8.181944e+00,8.918918e-02,1.090073e-02
800,layers.2.q_norm.bias,2.032080e-01,7.456597e-02,3.669441e-01
800,layers.2.k_norm.weight,8.176428e+00,8.666014e-02,1.059878e-02
800,layers.2.k_norm.bias,2.984489e-01,1.211500e-01,4.059321e-01
800,layers.3.qkv_lut.weights,2.877451e+01,2.019353e+01,7.017852e-01
800,layers.3.qkv_lut.log_soft_score_temp,6.151801e-01,3.889573e-02,6.322657e-02
800,layers.3.qkv_lut.log_select_temp,6.746736e-01,1.432592e-02,2.123385e-02
800,layers.3.v_lut.weights,1.437168e+01,9.962334e+00,6.931919e-01
800,layers.3.v_lut.log_soft_score_temp,7.678796e-01,2.882069e-02,3.753283e-02
800,layers.3.v_lut.log_select_temp,7.844465e-01,3.904080e-02,4.976860e-02
800,layers.3.out_proj.weights,2.073443e+01,1.462000e+01,7.051072e-01
800,layers.3.out_proj.log_soft_score_temp,7.653062e-01,3.157985e-02,4.126433e-02
800,layers.3.out_proj.log_select_temp,7.724589e-01,3.539592e-02,4.582240e-02
800,layers.3.residual_lut.weights,1.942451e+01,1.302716e+01,6.706557e-01
800,layers.3.residual_lut.log_soft_score_temp,6.200659e-01,3.039825e-02,4.902422e-02
800,layers.3.residual_lut.log_select_temp,6.825580e-01,4.236042e-03,6.206128e-03
800,layers.3.q_norm.weight,8.235250e+00,1.281411e-01,1.556007e-02
800,layers.3.q_norm.bias,2.108333e-01,8.421327e-02,3.994306e-01
800,layers.3.k_norm.weight,8.217114e+00,1.219110e-01,1.483623e-02
800,layers.3.k_norm.bias,3.306026e-01,1.437628e-01,4.348509e-01
800,layers.4.qkv_lut.weights,2.874540e+01,2.024558e+01,7.043070e-01
800,layers.4.qkv_lut.log_soft_score_temp,6.593844e-01,1.739615e-02,2.638241e-02
800,layers.4.qkv_lut.log_select_temp,6.970543e-01,1.019180e-03,1.462124e-03
800,layers.4.v_lut.weights,1.408990e+01,9.797355e+00,6.953460e-01
800,layers.4.v_lut.log_soft_score_temp,7.494248e-01,2.428931e-02,3.241060e-02
800,layers.4.v_lut.log_select_temp,7.584735e-01,3.003746e-02,3.960252e-02
800,layers.4.out_proj.weights,2.160521e+01,1.511734e+01,6.997082e-01
800,layers.4.out_proj.log_soft_score_temp,7.299709e-01,1.924121e-02,2.635888e-02
800,layers.4.out_proj.log_select_temp,7.390376e-01,2.415830e-02,3.268886e-02
800,layers.4.residual_lut.weights,1.932257e+01,1.309715e+01,6.778165e-01
800,layers.4.residual_lut.log_soft_score_temp,6.152151e-01,3.074449e-02,4.997357e-02
800,layers.4.residual_lut.log_select_temp,6.642211e-01,1.333535e-03,2.007667e-03
800,layers.4.q_norm.weight,8.110402e+00,7.015450e-02,8.649940e-03
800,layers.4.q_norm.bias,1.251777e-01,4.507052e-02,3.600524e-01
800,layers.4.k_norm.weight,8.103452e+00,6.814809e-02,8.409761e-03
800,layers.4.k_norm.bias,1.776852e-01,6.599979e-02,3.714422e-01
800,layers.5.qkv_lut.weights,2.903618e+01,2.057318e+01,7.085359e-01
800,layers.5.qkv_lut.log_soft_score_temp,6.690713e-01,1.076561e-02,1.609038e-02
800,layers.5.qkv_lut.log_select_temp,6.947246e-01,1.442552e-03,2.076437e-03
800,layers.5.v_lut.weights,1.422955e+01,9.922946e+00,6.973479e-01
800,layers.5.v_lut.log_soft_score_temp,7.404019e-01,2.316368e-02,3.128527e-02
800,layers.5.v_lut.log_select_temp,7.431340e-01,2.448469e-02,3.294788e-02
800,layers.5.out_proj.weights,2.382750e+01,1.676588e+01,7.036357e-01
800,layers.5.out_proj.log_soft_score_temp,7.116126e-01,1.121092e-02,1.575424e-02
800,layers.5.out_proj.log_select_temp,7.187812e-01,1.527292e-02,2.124835e-02
800,layers.5.residual_lut.weights,1.934752e+01,1.324670e+01,6.846719e-01
800,layers.5.residual_lut.log_soft_score_temp,6.109693e-01,3.150940e-02,5.157280e-02
800,layers.5.residual_lut.log_select_temp,6.528509e-01,5.798995e-03,8.882572e-03
800,layers.5.q_norm.weight,8.041496e+00,4.344840e-02,5.403025e-03
800,layers.5.q_norm.bias,6.405029e-02,2.674371e-02,4.175424e-01
800,layers.5.k_norm.weight,8.039409e+00,4.281231e-02,5.325305e-03
800,layers.5.k_norm.bias,1.344613e-01,5.712957e-02,4.248774e-01
800,ln_final.weight,2.136106e+01,6.822822e-01,3.194046e-02
800,ln_final.bias,9.411535e-01,1.870837e-01,1.987813e-01
1000,tok_emb_E.weight,7.280499e+01,3.676755e+00,5.050142e-02
1000,unembedder.weight,1.498838e+02,3.147023e+01,2.099642e-01
1000,layers.0.qkv_lut.weights,3.825022e+01,2.108465e+01,5.512295e-01
1000,layers.0.qkv_lut.log_soft_score_temp,8.044869e-01,3.079385e-02,3.827762e-02
1000,layers.0.qkv_lut.log_select_temp,7.757133e-01,1.768321e-02,2.279606e-02
1000,layers.0.v_lut.weights,1.975911e+01,1.002362e+01,5.072912e-01
1000,layers.0.v_lut.log_soft_score_temp,8.528847e-01,5.187714e-02,6.082551e-02
1000,layers.0.v_lut.log_select_temp,8.516881e-01,5.168265e-02,6.068260e-02
1000,layers.0.out_proj.weights,2.651931e+01,1.525405e+01,5.752053e-01
1000,layers.0.out_proj.log_soft_score_temp,8.317152e-01,4.092723e-02,4.920823e-02
1000,layers.0.out_proj.log_select_temp,8.421141e-01,4.766840e-02,5.660563e-02
1000,layers.0.residual_lut.weights,2.690021e+01,1.430447e+01,5.317604e-01
1000,layers.0.residual_lut.log_soft_score_temp,6.888951e-01,2.942818e-02,4.271795e-02
1000,layers.0.residual_lut.log_select_temp,7.615989e-01,1.301467e-03,1.708862e-03
1000,layers.0.q_norm.weight,8.557181e+00,1.288337e-01,1.505562e-02
1000,layers.0.q_norm.bias,3.958287e-01,8.745671e-02,2.209458e-01
1000,layers.0.k_norm.weight,8.538553e+00,1.234958e-01,1.446331e-02
1000,layers.0.k_norm.bias,4.371449e-01,1.011939e-01,2.314882e-01
1000,layers.1.qkv_lut.weights,3.779090e+01,2.240169e+01,5.927799e-01
1000,layers.1.qkv_lut.log_soft_score_temp,5.740858e-01,4.452419e-02,7.755668e-02
1000,layers.1.qkv_lut.log_select_temp,6.328263e-01,2.719635e-02,4.297601e-02
1000,layers.1.v_lut.weights,1.830264e+01,1.096528e+01,5.991094e-01
1000,layers.1.v_lut.log_soft_score_temp,7.392324e-01,1.224220e-03,1.656069e-03
1000,layers.1.v_lut.log_select_temp,7.866467e-01,2.608281e-02,3.315696e-02
1000,layers.1.out_proj.weights,2.517120e+01,1.587736e+01,6.307747e-01
1000,layers.1.out_proj.log_soft_score_temp,6.844311e-01,1.675600e-02,2.448164e-02
1000,layers.1.out_proj.log_select_temp,7.303441e-01,6.242394e-03,8.547197e-03
1000,layers.1.residual_lut.weights,2.530164e+01,1.411236e+01,5.577648e-01
1000,layers.1.residual_lut.log_soft_score_temp,5.964783e-01,4.151160e-02,6.959448e-02
1000,layers.1.residual_lut.log_select_temp,6.693474e-01,2.012742e-02,3.007021e-02
1000,layers.1.q_norm.weight,8.247292e+00,7.866720e-02,9.538550e-03
1000,layers.1.q_norm.bias,2.664224e-01,5.622009e-02,2.110186e-01
1000,layers.1.k_norm.weight,8.237806e+00,7.699965e-02,9.347106e-03
1000,layers.1.k_norm.bias,3.541010e-01,8.963905e-02,2.531454e-01
1000,layers.2.qkv_lut.weights,3.788149e+01,2.243363e+01,5.922055e-01
1000,layers.2.qkv_lut.log_soft_score_temp,5.822894e-01,4.152304e-02,7.130997e-02
1000,layers.2.qkv_lut.log_select_temp,6.485760e-01,1.937181e-02,2.986822e-02
1000,layers.2.v_lut.weights,1.858429e+01,1.098295e+01,5.909806e-01
1000,layers.2.v_lut.log_soft_score_temp,7.598376e-01,1.071638e-02,1.410351e-02
1000,layers.2.v_lut.log_select_temp,8.016949e-01,3.096110e-02,3.861955e-02
1000,layers.2.out_proj.weights,2.614738e+01,1.605350e+01,6.139619e-01
1000,layers.2.out_proj.log_soft_score_temp,7.334355e-01,8.518875e-03,1.161503e-02
1000,layers.2.out_proj.log_select_temp,7.618635e-01,2.227300e-02,2.923490e-02
1000,layers.2.residual_lut.weights,2.502458e+01,1.413365e+01,5.647908e-01
1000,layers.2.residual_lut.log_soft_score_temp,5.665268e-01,4.168135e-02,7.357349e-02
1000,layers.2.residual_lut.log_select_temp,6.322048e-01,1.825583e-02,2.887645e-02
1000,layers.2.q_norm.weight,8.237954e+00,7.949432e-02,9.649765e-03
1000,layers.2.q_norm.bias,2.736451e-01,7.175218e-02,2.622089e-01
1000,layers.2.k_norm.weight,8.229494e+00,7.715045e-02,9.374871e-03
1000,layers.2.k_norm.bias,4.043981e-01,1.087443e-01,2.689040e-01
1000,layers.3.qkv_lut.weights,3.822620e+01,2.267887e+01,5.932806e-01
1000,layers.3.qkv_lut.log_soft_score_temp,5.706716e-01,4.450846e-02,7.799312e-02
1000,layers.3.qkv_lut.log_select_temp,6.576129e-01,1.706064e-02,2.594328e-02
1000,layers.3.v_lut.weights,1.907862e+01,1.113576e+01,5.836776e-01
1000,layers.3.v_lut.log_soft_score_temp,7.780839e-01,1.020432e-02,1.311467e-02
1000,layers.3.v_lut.log_select_temp,8.192317e-01,3.478521e-02,4.246077e-02
1000,layers.3.out_proj.weights,2.738718e+01,1.622417e+01,5.924000e-01
1000,layers.3.out_proj.log_soft_score_temp,7.937678e-01,2.846158e-02,3.585630e-02
1000,layers.3.out_proj.log_select_temp,8.078417e-01,3.538287e-02,4.379926e-02
1000,layers.3.residual_lut.weights,2.578725e+01,1.429687e+01,5.544162e-01
1000,layers.3.residual_lut.log_soft_score_temp,5.840970e-01,3.596896e-02,6.158046e-02
1000,layers.3.residual_lut.log_select_temp,6.864544e-01,3.896415e-03,5.676146e-03
1000,layers.3.q_norm.weight,8.313163e+00,1.055686e-01,1.269897e-02
1000,layers.3.q_norm.bias,2.832194e-01,7.399627e-02,2.612684e-01
1000,layers.3.k_norm.weight,8.287744e+00,1.026208e-01,1.238223e-02
1000,layers.3.k_norm.bias,4.482202e-01,1.216380e-01,2.713800e-01
1000,layers.4.qkv_lut.weights,3.823581e+01,2.278091e+01,5.958004e-01
1000,layers.4.qkv_lut.log_soft_score_temp,6.369230e-01,2.246147e-02,3.526561e-02
1000,layers.4.qkv_lut.log_select_temp,6.985232e-01,1.468897e-03,2.102860e-03
1000,layers.4.v_lut.weights,1.882587e+01,1.101537e+01,5.851186e-01
1000,layers.4.v_lut.log_soft_score_temp,7.779743e-01,2.854949e-02,3.669722e-02
1000,layers.4.v_lut.log_select_temp,7.960104e-01,3.753692e-02,4.715632e-02
1000,layers.4.out_proj.weights,2.833504e+01,1.692085e+01,5.971705e-01
1000,layers.4.out_proj.log_soft_score_temp,7.522184e-01,2.224743e-02,2.957577e-02
1000,layers.4.out_proj.log_select_temp,7.681323e-01,2.909476e-02,3.787727e-02
1000,layers.4.residual_lut.weights,2.573598e+01,1.440027e+01,5.595383e-01
1000,layers.4.residual_lut.log_soft_score_temp,5.770351e-01,3.817999e-02,6.616580e-02
1000,layers.4.residual_lut.log_select_temp,6.634274e-01,7.937551e-04,1.196446e-03
1000,layers.4.q_norm.weight,8.160675e+00,6.196984e-02,7.593715e-03
1000,layers.4.q_norm.bias,1.633285e-01,4.061411e-02,2.486652e-01
1000,layers.4.k_norm.weight,8.148898e+00,5.848898e-02,7.177532e-03
1000,layers.4.k_norm.bias,2.381818e-01,6.645664e-02,2.790164e-01
1000,layers.5.qkv_lut.weights,3.871887e+01,2.331098e+01,6.020573e-01
1000,layers.5.qkv_lut.log_soft_score_temp,6.525789e-01,1.649237e-02,2.527260e-02
1000,layers.5.qkv_lut.log_select_temp,6.932420e-01,1.482606e-03,2.138656e-03
1000,layers.5.v_lut.weights,1.899662e+01,1.113210e+01,5.860045e-01
1000,layers.5.v_lut.log_soft_score_temp,7.644762e-01,2.407432e-02,3.149125e-02
1000,layers.5.v_lut.log_select_temp,7.699729e-01,2.683884e-02,3.485686e-02
1000,layers.5.out_proj.weights,3.121502e+01,1.855566e+01,5.944465e-01
1000,layers.5.out_proj.log_soft_score_temp,7.247236e-01,1.311100e-02,1.809103e-02
1000,layers.5.out_proj.log_select_temp,7.377852e-01,1.900399e-02,2.575816e-02
1000,layers.5.residual_lut.weights,2.587455e+01,1.465209e+01,5.662743e-01
1000,layers.5.residual_lut.log_soft_score_temp,5.744131e-01,3.655624e-02,6.364104e-02
1000,layers.5.residual_lut.log_select_temp,6.487507e-01,4.100263e-03,6.320245e-03
1000,layers.5.q_norm.weight,8.050327e+00,3.548266e-02,4.407605e-03
1000,layers.5.q_norm.bias,8.218600e-02,2.535217e-02,3.084731e-01
1000,layers.5.k_norm.weight,8.047338e+00,3.557697e-02,4.420961e-03
1000,layers.5.k_norm.bias,1.712041e-01,4.646640e-02,2.714094e-01
1000,ln_final.weight,2.207838e+01,7.209465e-01,3.265396e-02
1000,ln_final.bias,1.050494e+00,1.216379e-01,1.157911e-01
1200,tok_emb_E.weight,7.293673e+01,3.548955e+00,4.865800e-02
1200,unembedder.weight,1.609925e+02,2.820058e+01,1.751670e-01
1200,layers.0.qkv_lut.weights,4.577052e+01,2.096369e+01,4.580173e-01
1200,layers.0.qkv_lut.log_soft_score_temp,8.241547e-01,1.966774e-02,2.386414e-02
1200,layers.0.qkv_lut.log_select_temp,7.798039e-01,4.090607e-03,5.245687e-03
1200,layers.0.v_lut.weights,2.355503e+01,9.876078e+00,4.192769e-01
1200,layers.0.v_lut.log_soft_score_temp,9.010431e-01,4.815847e-02,5.344746e-02
1200,layers.0.v_lut.log_select_temp,9.000492e-01,4.836112e-02,5.373164e-02
1200,layers.0.out_proj.weights,3.157695e+01,1.489033e+01,4.715570e-01
1200,layers.0.out_proj.log_soft_score_temp,8.432341e-01,1.151884e-02,1.366031e-02
1200,layers.0.out_proj.log_select_temp,8.755859e-01,3.347176e-02,3.822785e-02
1200,layers.0.residual_lut.weights,3.175767e+01,1.389835e+01,4.376376e-01
1200,layers.0.residual_lut.log_soft_score_temp,6.582980e-01,3.059715e-02,4.647918e-02
1200,layers.0.residual_lut.log_select_temp,7.587044e-01,2.894521e-03,3.815084e-03
1200,layers.0.q_norm.weight,8.618020e+00,7.918230e-02,9.187993e-03
1200,layers.0.q_norm.bias,4.538054e-01,5.980969e-02,1.317959e-01
1200,layers.0.k_norm.weight,8.596106e+00,7.600980e-02,8.842352e-03
1200,layers.0.k_norm.bias,5.035300e-01,7.081097e-02,1.406291e-01
1200,layers.1.qkv_lut.weights,4.517614e+01,2.204166e+01,4.879049e-01
1200,layers.1.qkv_lut.log_soft_score_temp,5.342033e-01,3.988254e-02,7.465798e-02
1200,layers.1.qkv_lut.log_select_temp,6.141638e-01,1.866251e-02,3.038686e-02
1200,layers.1.v_lut.weights,2.196848e+01,1.080783e+01,4.919702e-01
1200,layers.1.v_lut.log_soft_score_temp,7.276351e-01,1.159728e-02,1.593831e-02
1200,layers.1.v_lut.log_select_temp,8.057279e-01,1.908123e-02,2.368198e-02
1200,layers.1.out_proj.weights,2.977331e+01,1.562510e+01,5.248023e-01
1200,layers.1.out_proj.log_soft_score_temp,6.668841e-01,1.754701e-02,2.631194e-02
1200,layers.1.out_proj.log_select_temp,7.393205e-01,8.976460e-03,1.214150e-02
1200,layers.1.residual_lut.weights,3.004766e+01,1.375035e+01,4.576178e-01
1200,layers.1.residual_lut.log_soft_score_temp,5.581936e-01,3.828466e-02,6.858670e-02
1200,layers.1.residual_lut.log_select_temp,6.534814e-01,1.586604e-02,2.427926e-02
1200,layers.1.q_norm.weight,8.291889e+00,6.187705e-02,7.462359e-03
1200,layers.1.q_norm.bias,3.083560e-01,4.417035e-02,1.432446e-01
1200,layers.1.k_norm.weight,8.280908e+00,6.107369e-02,7.375241e-03
1200,layers.1.k_norm.bias,4.181848e-01,6.879675e-02,1.645128e-01
1200,layers.2.qkv_lut.weights,4.527322e+01,2.222361e+01,4.908776e-01
1200,layers.2.qkv_lut.log_soft_score_temp,5.449393e-01,3.735012e-02,6.853996e-02
1200,layers.2.qkv_lut.log_select_temp,6.353704e-01,1.320559e-02,2.078408e-02
1200,layers.2.v_lut.weights,2.228061e+01,1.086694e+01,4.877308e-01
1200,layers.2.v_lut.log_soft_score_temp,7.577983e-01,2.039373e-03,2.691182e-03
1200,layers.2.v_lut.log_select_temp,8.268770e-01,2.518207e-02,3.045443e-02
1200,layers.2.out_proj.weights,3.109176e+01,1.581445e+01,5.086379e-01
1200,layers.2.out_proj.log_soft_score_temp,7.354449e-01,2.009392e-03,2.732213e-03
1200,layers.2.out_proj.log_select_temp,7.819388e-01,2.007532e-02,2.567378e-02
1200,layers.2.residual_lut.weights,2.987572e+01,1.382956e+01,4.629029e-01
1200,layers.2.residual_lut.log_soft_score_temp,5.307556e-01,3.577119e-02,6.739673e-02
1200,layers.2.residual_lut.log_select_temp,6.234496e-01,8.755207e-03,1.404317e-02
1200,layers.2.q_norm.weight,8.289568e+00,6.168499e-02,7.441280e-03
1200,layers.2.q_norm.bias,3.230347e-01,5.123776e-02,1.586138e-01
1200,layers.2.k_norm.weight,8.278487e+00,5.943017e-02,7.178868e-03
1200,layers.2.k_norm.bias,4.939686e-01,9.286378e-02,1.879953e-01
1200,layers.3.qkv_lut.weights,4.572786e+01,2.247464e+01,4.914868e-01
1200,layers.3.qkv_lut.log_soft_score_temp,5.268187e-01,4.385293e-02,8.324102e-02
1200,layers.3.qkv_lut.log_select_temp,6.399372e-01,1.767576e-02,2.762108e-02
1200,layers.3.v_lut.weights,2.279654e+01,1.100734e+01,4.828514e-01
1200,layers.3.v_lut.log_soft_score_temp,7.757838e-01,2.300084e-03,2.964851e-03
1200,layers.3.v_lut.log_select_temp,8.459688e-01,2.673709e-02,3.160530e-02
1200,layers.3.out_proj.weights,3.267013e+01,1.600483e+01,4.898918e-01
1200,layers.3.out_proj.log_soft_score_temp,8.094918e-01,1.572400e-02,1.942454e-02
1200,layers.3.out_proj.log_select_temp,8.358175e-01,2.797574e-02,3.347111e-02
1200,layers.3.residual_lut.weights,3.077005e+01,1.389692e+01,4.516381e-01
1200,layers.3.residual_lut.log_soft_score_temp,5.460610e-01,3.803599e-02,6.965520e-02
1200,layers.3.residual_lut.log_select_temp,6.869015e-01,4.470348e-04,6.507991e-04
1200,layers.3.q_norm.weight,8.379740e+00,8.458802e-02,1.009435e-02
1200,layers.3.q_norm.bias,3.395145e-01,5.787802e-02,1.704729e-01
1200,layers.3.k_norm.weight,8.347658e+00,8.425955e-02,1.009379e-02
1200,layers.3.k_norm.bias,5.577368e-01,1.133376e-01,2.032099e-01
1200,layers.4.qkv_lut.weights,4.574155e+01,2.246536e+01,4.911370e-01
1200,layers.4.qkv_lut.log_soft_score_temp,6.108990e-01,2.602398e-02,4.259949e-02
1200,layers.4.qkv_lut.log_select_temp,6.971312e-01,1.392007e-03,1.996765e-03
1200,layers.4.v_lut.weights,2.264424e+01,1.086475e+01,4.798021e-01
1200,layers.4.v_lut.log_soft_score_temp,8.000302e-01,2.205592e-02,2.756886e-02
1200,layers.4.v_lut.log_select_temp,8.303872e-01,3.437686e-02,4.139859e-02
1200,layers.4.out_proj.weights,3.365229e+01,1.655046e+01,4.918079e-01
1200,layers.4.out_proj.log_soft_score_temp,7.717571e-01,1.953870e-02,2.531716e-02
1200,layers.4.out_proj.log_select_temp,7.968543e-01,2.872193e-02,3.604414e-02
1200,layers.4.residual_lut.weights,3.080315e+01,1.402916e+01,4.554456e-01
1200,layers.4.residual_lut.log_soft_score_temp,5.383635e-01,3.867161e-02,7.183179e-02
1200,layers.4.residual_lut.log_select_temp,6.612257e-01,2.201676e-03,3.329690e-03
1200,layers.4.q_norm.weight,8.222203e+00,6.938623e-02,8.438885e-03
1200,layers.4.q_norm.bias,1.946165e-01,3.467676e-02,1.781799e-01
1200,layers.4.k_norm.weight,8.207333e+00,6.734439e-02,8.205393e-03
1200,layers.4.k_norm.bias,2.874745e-01,5.370079e-02,1.868019e-01
1200,layers.5.qkv_lut.weights,4.627422e+01,2.297179e+01,4.964274e-01
1200,layers.5.qkv_lut.log_soft_score_temp,6.332449e-01,1.933408e-02,3.053176e-02
1200,layers.5.qkv_lut.log_select_temp,6.909553e-01,2.286673e-03,3.309436e-03
1200,layers.5.v_lut.weights,2.277895e+01,1.097696e+01,4.818907e-01
1200,layers.5.v_lut.log_soft_score_temp,7.883841e-01,2.390784e-02,3.032512e-02
1200,layers.5.v_lut.log_select_temp,7.985677e-01,2.859479e-02,3.580760e-02
1200,layers.5.out_proj.weights,3.715086e+01,1.806975e+01,4.863885e-01
1200,layers.5.out_proj.log_soft_score_temp,7.350024e-01,1.027876e-02,1.398466e-02
1200,layers.5.out_proj.log_select_temp,7.560900e-01,1.830477e-02,2.420977e-02
1200,layers.5.residual_lut.weights,3.107938e+01,1.434435e+01,4.615392e-01
1200,layers.5.residual_lut.log_soft_score_temp,5.379065e-01,3.650659e-02,6.786792e-02
1200,layers.5.residual_lut.log_select_temp,6.461899e-01,2.560735e-03,3.962821e-03
1200,layers.5.q_norm.weight,8.080120e+00,4.188540e-02,5.183760e-03
1200,layers.5.q_norm.bias,1.012471e-01,2.495512e-02,2.464774e-01
1200,layers.5.k_norm.weight,8.075256e+00,4.213207e-02,5.217428e-03
1200,layers.5.k_norm.bias,2.169423e-01,5.173419e-02,2.384698e-01
1200,ln_final.weight,2.279422e+01,7.190490e-01,3.154524e-02
1200,ln_final.bias,1.119754e+00,9.309686e-02,8.314044e-02
1400,tok_emb_E.weight,7.306384e+01,3.469580e+00,4.748697e-02
1400,unembedder.weight,1.696367e+02,2.515565e+01,1.482913e-01
1400,layers.0.qkv_lut.weights,5.211408e+01,2.075198e+01,3.982028e-01
1400,layers.0.qkv_lut.log_soft_score_temp,8.382422e-01,1.408750e-02,1.680600e-02
1400,layers.0.qkv_lut.log_select_temp,7.818888e-01,2.084911e-03,2.666506e-03
1400,layers.0.v_lut.weights,2.674252e+01,9.762445e+00,3.650533e-01
1400,layers.0.v_lut.log_soft_score_temp,9.402265e-01,3.918338e-02,4.167440e-02
1400,layers.0.v_lut.log_select_temp,9.419782e-01,4.192901e-02,4.451165e-02
1400,layers.0.out_proj.weights,3.579624e+01,1.464733e+01,4.091862e-01
1400,layers.0.out_proj.log_soft_score_temp,8.272355e-01,1.599860e-02,1.933984e-02
1400,layers.0.out_proj.log_select_temp,8.927577e-01,1.717186e-02,1.923462e-02
1400,layers.0.residual_lut.weights,3.590317e+01,1.357017e+01,3.779658e-01
1400,layers.0.residual_lut.log_soft_score_temp,6.298271e-01,2.847081e-02,4.520417e-02
1400,layers.0.residual_lut.log_select_temp,7.577400e-01,9.644032e-04,1.272736e-03
1400,layers.0.q_norm.weight,8.657733e+00,5.338059e-02,6.165655e-03
1400,layers.0.q_norm.bias,4.960162e-01,4.382476e-02,8.835348e-02
1400,layers.0.k_norm.weight,8.632458e+00,5.148325e-02,5.963915e-03
1400,layers.0.k_norm.bias,5.528097e-01,5.409592e-02,9.785632e-02
1400,layers.1.qkv_lut.weights,5.146885e+01,2.181517e+01,4.238519e-01
1400,layers.1.qkv_lut.log_soft_score_temp,4.987349e-01,3.546843e-02,7.111680e-02
1400,layers.1.qkv_lut.log_select_temp,5.992339e-01,1.492989e-02,2.491496e-02
1400,layers.1.v_lut.weights,2.507224e+01,1.069284e+01,4.264813e-01
1400,layers.1.v_lut.log_soft_score_temp,7.089738e-01,1.866126e-02,2.632151e-02
1400,layers.1.v_lut.log_select_temp,8.175559e-01,1.182801e-02,1.446752e-02
1400,layers.1.out_proj.weights,3.359029e+01,1.538720e+01,4.580847e-01
1400,layers.1.out_proj.log_soft_score_temp,6.429349e-01,2.394915e-02,3.724972e-02
1400,layers.1.out_proj.log_select_temp,7.425089e-01,3.188372e-03,4.294052e-03
1400,layers.1.residual_lut.weights,3.403031e+01,1.349014e+01,3.964154e-01
1400,layers.1.residual_lut.log_soft_score_temp,5.201014e-01,3.809226e-02,7.324006e-02
1400,layers.1.residual_lut.log_select_temp,6.391782e-01,1.430321e-02,2.237750e-02
1400,layers.1.q_norm.weight,8.318786e+00,4.131557e-02,4.966539e-03
1400,layers.1.q_norm.bias,3.333649e-01,3.038205e-02,9.113754e-02
1400,layers.1.k_norm.weight,8.307096e+00,3.990101e-02,4.803244e-03
1400,layers.1.k_norm.bias,4.571623e-01,4.793147e-02,1.048456e-01
1400,layers.2.qkv_lut.weights,5.154882e+01,2.198971e+01,4.265803e-01
1400,layers.2.qkv_lut.log_soft_score_temp,5.077950e-01,3.714430e-02,7.314823e-02
1400,layers.2.qkv_lut.log_select_temp,6.226799e-01,1.269048e-02,2.038043e-02
1400,layers.2.v_lut.weights,2.539166e+01,1.072843e+01,4.225178e-01
1400,layers.2.v_lut.log_soft_score_temp,7.483510e-01,9.447277e-03,1.262413e-02
1400,layers.2.v_lut.log_select_temp,8.449160e-01,1.803905e-02,2.135011e-02
1400,layers.2.out_proj.weights,3.525930e+01,1.557917e+01,4.418457e-01
1400,layers.2.out_proj.log_soft_score_temp,7.264345e-01,9.010375e-03,1.240356e-02
1400,layers.2.out_proj.log_select_temp,7.958364e-01,1.389766e-02,1.746296e-02
1400,layers.2.residual_lut.weights,3.395077e+01,1.355122e+01,3.991431e-01
1400,layers.2.residual_lut.log_soft_score_temp,4.939593e-01,3.679630e-02,7.449258e-02
1400,layers.2.residual_lut.log_select_temp,6.149237e-01,8.525908e-03,1.386498e-02
1400,layers.2.q_norm.weight,8.332771e+00,5.294772e-02,6.354155e-03
1400,layers.2.q_norm.bias,3.619776e-01,4.102795e-02,1.133439e-01
1400,layers.2.k_norm.weight,8.319063e+00,5.014493e-02,6.027713e-03
1400,layers.2.k_norm.bias,5.622148e-01,7.194748e-02,1.279715e-01
1400,layers.3.qkv_lut.weights,5.205579e+01,2.226666e+01,4.277461e-01
1400,layers.3.qkv_lut.log_soft_score_temp,4.810588e-01,4.575992e-02,9.512334e-02
1400,layers.3.qkv_lut.log_select_temp,6.196097e-01,2.032751e-02,3.280696e-02
1400,layers.3.v_lut.weights,2.594236e+01,1.087566e+01,4.192241e-01
1400,layers.3.v_lut.log_soft_score_temp,7.603509e-01,1.543295e-02,2.029715e-02
1400,layers.3.v_lut.log_select_temp,8.659669e-01,1.999813e-02,2.309341e-02
1400,layers.3.out_proj.weights,3.716418e+01,1.574111e+01,4.235560e-01
1400,layers.3.out_proj.log_soft_score_temp,8.200124e-01,1.052058e-02,1.282978e-02
1400,layers.3.out_proj.log_select_temp,8.658478e-01,3.003031e-02,3.468313e-02
1400,layers.3.residual_lut.weights,3.493417e+01,1.361168e+01,3.896380e-01
1400,layers.3.residual_lut.log_soft_score_temp,5.086310e-01,3.742999e-02,7.358967e-02
1400,layers.3.residual_lut.log_select_temp,6.839220e-01,2.979457e-03,4.356429e-03
1400,layers.3.q_norm.weight,8.428291e+00,6.351342e-02,7.535741e-03
1400,layers.3.q_norm.bias,3.859467e-01,4.878602e-02,1.264061e-01
1400,layers.3.k_norm.weight,8.391137e+00,6.187088e-02,7.373361e-03
1400,layers.3.k_norm.bias,6.425470e-01,8.868042e-02,1.380139e-01
1400,layers.4.qkv_lut.weights,5.205334e+01,2.220980e+01,4.266738e-01
1400,layers.4.qkv_lut.log_soft_score_temp,5.825496e-01,2.834934e-02,4.866425e-02
1400,layers.4.qkv_lut.log_select_temp,6.963056e-01,8.255839e-04,1.185663e-03
1400,layers.4.v_lut.weights,2.592043e+01,1.073156e+01,4.140194e-01
1400,layers.4.v_lut.log_soft_score_temp,8.202013e-01,2.017111e-02,2.459287e-02
1400,layers.4.v_lut.log_select_temp,8.668038e-01,3.641659e-02,4.201249e-02
1400,layers.4.out_proj.weights,3.825687e+01,1.629494e+01,4.259348e-01
1400,layers.4.out_proj.log_soft_score_temp,7.924079e-01,2.065080e-02,2.606083e-02
1400,layers.4.out_proj.log_select_temp,8.273658e-01,3.051150e-02,3.687788e-02
1400,layers.4.residual_lut.weights,3.508458e+01,1.381141e+01,3.936603e-01
1400,layers.4.residual_lut.log_soft_score_temp,5.004044e-01,3.795916e-02,7.585697e-02
1400,layers.4.residual_lut.log_select_temp,6.593655e-01,1.860142e-03,2.821109e-03
1400,layers.4.q_norm.weight,8.272423e+00,5.738072e-02,6.936386e-03
1400,layers.4.q_norm.bias,2.211188e-01,2.936282e-02,1.327921e-01
1400,layers.4.k_norm.weight,8.254752e+00,5.683666e-02,6.885326e-03
1400,layers.4.k_norm.bias,3.300999e-01,4.888430e-02,1.480894e-01
1400,layers.5.qkv_lut.weights,5.268690e+01,2.280864e+01,4.329092e-01
1400,layers.5.qkv_lut.log_soft_score_temp,6.140095e-01,1.923537e-02,3.132748e-02
1400,layers.5.qkv_lut.log_select_temp,6.892081e-01,1.747191e-03,2.535070e-03
1400,layers.5.v_lut.weights,2.608636e+01,1.088750e+01,4.173639e-01
1400,layers.5.v_lut.log_soft_score_temp,8.148874e-01,2.650332e-02,3.252391e-02
1400,layers.5.v_lut.log_select_temp,8.299258e-01,3.135812e-02,3.778425e-02
1400,layers.5.out_proj.weights,4.230640e+01,1.804264e+01,4.264756e-01
1400,layers.5.out_proj.log_soft_score_temp,7.497460e-01,1.474363e-02,1.966483e-02
1400,layers.5.out_proj.log_select_temp,7.777891e-01,2.169907e-02,2.789840e-02
1400,layers.5.residual_lut.weights,3.555589e+01,1.412586e+01,3.972860e-01
1400,layers.5.residual_lut.log_soft_score_temp,5.016053e-01,3.630114e-02,7.236992e-02
1400,layers.5.residual_lut.log_select_temp,6.457664e-01,4.235506e-04,6.558883e-04
1400,layers.5.q_norm.weight,8.102198e+00,3.572711e-02,4.409558e-03
1400,layers.5.q_norm.bias,1.233382e-01,3.036591e-02,2.462004e-01
1400,layers.5.k_norm.weight,8.096809e+00,3.370917e-02,4.163266e-03
1400,layers.5.k_norm.bias,2.537251e-01,4.335663e-02,1.708803e-01
1400,ln_final.weight,2.350169e+01,7.104664e-01,3.023045e-02
1400,ln_final.bias,1.165133e+00,8.006661e-02,6.871886e-02
1600,tok_emb_E.weight,7.318586e+01,3.392564e+00,4.635545e-02
1600,unembedder.weight,1.776608e+02,2.478285e+01,1.394953e-01
1600,layers.0.qkv_lut.weights,5.764585e+01,2.056095e+01,3.566771e-01
1600,layers.0.qkv_lut.log_soft_score_temp,8.445329e-01,6.290734e-03,7.448773e-03
1600,layers.0.qkv_lut.log_select_temp,7.764668e-01,5.421937e-03,6.982831e-03
1600,layers.0.v_lut.weights,2.950630e+01,9.649284e+00,3.270246e-01
1600,layers.0.v_lut.log_soft_score_temp,9.756493e-01,3.542280e-02,3.630690e-02
1600,layers.0.v_lut.log_select_temp,9.812195e-01,3.924125e-02,3.999233e-02
1600,layers.0.out_proj.weights,3.941903e+01,1.434884e+01,3.640079e-01
1600,layers.0.out_proj.log_soft_score_temp,7.939903e-01,3.324521e-02,4.187105e-02
1600,layers.0.out_proj.log_select_temp,8.958650e-01,3.107250e-03,3.468435e-03
1600,layers.0.residual_lut.weights,3.957899e+01,1.329354e+01,3.358737e-01
1600,layers.0.residual_lut.log_soft_score_temp,6.029217e-01,2.690548e-02,4.462516e-02
1600,layers.0.residual_lut.log_select_temp,7.610466e-01,3.306627e-03,4.344842e-03
1600,layers.0.q_norm.weight,8.690616e+00,4.331614e-02,4.984243e-03
1600,layers.0.q_norm.bias,5.318294e-01,3.844051e-02,7.227978e-02
1600,layers.0.k_norm.weight,8.662997e+00,4.258431e-02,4.915656e-03
1600,layers.0.k_norm.bias,5.937042e-01,4.924349e-02,8.294279e-02
1600,layers.1.qkv_lut.weights,5.693184e+01,2.144265e+01,3.766372e-01
1600,layers.1.qkv_lut.log_soft_score_temp,4.656134e-01,3.312147e-02,7.113512e-02
1600,layers.1.qkv_lut.log_select_temp,5.877554e-01,1.147854e-02,1.952946e-02
1600,layers.1.v_lut.weights,2.779558e+01,1.052511e+01,3.786615e-01
1600,layers.1.v_lut.log_soft_score_temp,6.927012e-01,1.627260e-02,2.349152e-02
1600,layers.1.v_lut.log_select_temp,8.305323e-01,1.297635e-02,1.562414e-02
1600,layers.1.out_proj.weights,3.691884e+01,1.514812e+01,4.103087e-01
1600,layers.1.out_proj.log_soft_score_temp,6.181157e-01,2.481920e-02,4.015299e-02
1600,layers.1.out_proj.log_select_temp,7.447433e-01,2.234459e-03,3.000307e-03
1600,layers.1.residual_lut.weights,3.752481e+01,1.317959e+01,3.512234e-01
1600,layers.1.residual_lut.log_soft_score_temp,4.841104e-01,3.599098e-02,7.434458e-02
1600,layers.1.residual_lut.log_select_temp,6.280522e-01,1.112592e-02,1.771496e-02
1600,layers.1.q_norm.weight,8.355929e+00,4.786832e-02,5.728665e-03
1600,layers.1.q_norm.bias,3.635388e-01,3.357628e-02,9.235955e-02
1600,layers.1.k_norm.weight,8.343271e+00,4.696912e-02,5.629581e-03
1600,layers.1.k_norm.bias,5.008504e-01,4.848934e-02,9.681401e-02
1600,layers.2.qkv_lut.weights,5.702501e+01,2.169139e+01,3.803838e-01
1600,layers.2.qkv_lut.log_soft_score_temp,4.717340e-01,3.606096e-02,7.644341e-02
1600,layers.2.qkv_lut.log_select_temp,6.110303e-01,1.164955e-02,1.906542e-02
1600,layers.2.v_lut.weights,2.810447e+01,1.056645e+01,3.759705e-01
1600,layers.2.v_lut.log_soft_score_temp,7.307255e-01,1.762545e-02,2.412048e-02
1600,layers.2.v_lut.log_select_temp,8.587159e-01,1.379985e-02,1.607033e-02
1600,layers.2.out_proj.weights,3.888612e+01,1.536419e+01,3.951073e-01
1600,layers.2.out_proj.log_soft_score_temp,7.124934e-01,1.394111e-02,1.956665e-02
1600,layers.2.out_proj.log_select_temp,8.085577e-01,1.272130e-02,1.573332e-02
1600,layers.2.residual_lut.weights,3.749179e+01,1.325715e+01,3.536016e-01
1600,layers.2.residual_lut.log_soft_score_temp,4.577391e-01,3.622016e-02,7.912840e-02
1600,layers.2.residual_lut.log_select_temp,6.072164e-01,7.707357e-03,1.269293e-02
1600,layers.2.q_norm.weight,8.371125e+00,4.656293e-02,5.562327e-03
1600,layers.2.q_norm.bias,3.972825e-01,3.809338e-02,9.588488e-02
1600,layers.2.k_norm.weight,8.355263e+00,4.472152e-02,5.352497e-03
1600,layers.2.k_norm.bias,6.233022e-01,6.453558e-02,1.035382e-01
1600,layers.3.qkv_lut.weights,5.758862e+01,2.192104e+01,3.806488e-01
1600,layers.3.qkv_lut.log_soft_score_temp,4.388286e-01,4.223016e-02,9.623383e-02
1600,layers.3.qkv_lut.log_select_temp,6.036292e-01,1.598042e-02,2.647390e-02
1600,layers.3.v_lut.weights,2.868135e+01,1.074460e+01,3.746195e-01
1600,layers.3.v_lut.log_soft_score_temp,7.404769e-01,1.987398e-02,2.683943e-02
1600,layers.3.v_lut.log_select_temp,8.822432e-01,1.627630e-02,1.844877e-02
1600,layers.3.out_proj.weights,4.107535e+01,1.548857e+01,3.770770e-01
1600,layers.3.out_proj.log_soft_score_temp,8.166220e-01,3.390431e-03,4.151776e-03
1600,layers.3.out_proj.log_select_temp,8.883730e-01,2.252525e-02,2.535562e-02
1600,layers.3.residual_lut.weights,3.856577e+01,1.333051e+01,3.456565e-01
1600,layers.3.residual_lut.log_soft_score_temp,4.691538e-01,3.947717e-02,8.414547e-02
1600,layers.3.residual_lut.log_select_temp,6.792859e-01,4.636109e-03,6.824975e-03
1600,layers.3.q_norm.weight,8.468396e+00,5.381235e-02,6.354491e-03
1600,layers.3.q_norm.bias,4.195643e-01,3.594844e-02,8.568042e-02
1600,layers.3.k_norm.weight,8.427568e+00,5.600326e-02,6.645245e-03
1600,layers.3.k_norm.bias,7.143686e-01,7.842617e-02,1.097839e-01
1600,layers.4.qkv_lut.weights,5.760793e+01,2.200961e+01,3.820587e-01
1600,layers.4.qkv_lut.log_soft_score_temp,5.490388e-01,3.351080e-02,6.103540e-02
1600,layers.4.qkv_lut.log_select_temp,6.905677e-01,5.737901e-03,8.308962e-03
1600,layers.4.v_lut.weights,2.870290e+01,1.061122e+01,3.696917e-01
1600,layers.4.v_lut.log_soft_score_temp,8.260568e-01,5.855441e-03,7.088424e-03
1600,layers.4.v_lut.log_select_temp,8.956092e-01,2.880538e-02,3.216288e-02
1600,layers.4.out_proj.weights,4.230902e+01,1.606117e+01,3.796157e-01
1600,layers.4.out_proj.log_soft_score_temp,8.065892e-01,1.418138e-02,1.758191e-02
1600,layers.4.out_proj.log_select_temp,8.557294e-01,2.836365e-02,3.314558e-02
1600,layers.4.residual_lut.weights,3.880121e+01,1.349810e+01,3.478783e-01
1600,layers.4.residual_lut.log_soft_score_temp,4.596742e-01,4.073015e-02,8.860656e-02
1600,layers.4.residual_lut.log_select_temp,6.553759e-01,3.989637e-03,6.087555e-03
1600,layers.4.q_norm.weight,8.312752e+00,4.742983e-02,5.705672e-03
1600,layers.4.q_norm.bias,2.404872e-01,2.476257e-02,1.029684e-01
1600,layers.4.k_norm.weight,8.291945e+00,4.906961e-02,5.917744e-03
1600,layers.4.k_norm.bias,3.662109e-01,4.389723e-02,1.198687e-01
1600,layers.5.qkv_lut.weights,5.827526e+01,2.241714e+01,3.846768e-01
1600,layers.5.qkv_lut.log_soft_score_temp,5.961813e-01,1.782823e-02,2.990404e-02
1600,layers.5.qkv_lut.log_select_temp,6.904594e-01,1.251221e-03,1.812157e-03
1600,layers.5.v_lut.weights,2.898886e+01,1.073354e+01,3.702644e-01
1600,layers.5.v_lut.log_soft_score_temp,8.365448e-01,2.165735e-02,2.588905e-02
1600,layers.5.v_lut.log_select_temp,8.595572e-01,2.963144e-02,3.447291e-02
1600,layers.5.out_proj.weights,4.689312e+01,1.742297e+01,3.715464e-01
1600,layers.5.out_proj.log_soft_score_temp,7.674655e-01,1.771945e-02,2.308827e-02
1600,layers.5.out_proj.log_select_temp,8.026159e-01,2.482682e-02,3.093239e-02
1600,layers.5.residual_lut.weights,3.950639e+01,1.379615e+01,3.492132e-01
1600,layers.5.residual_lut.log_soft_score_temp,4.663408e-01,3.526458e-02,7.561977e-02
1600,layers.5.residual_lut.log_select_temp,6.477039e-01,1.937568e-03,2.991441e-03
1600,layers.5.q_norm.weight,8.129674e+00,3.991503e-02,4.909794e-03
1600,layers.5.q_norm.bias,1.354274e-01,1.983030e-02,1.464275e-01
1600,layers.5.k_norm.weight,8.123886e+00,4.023618e-02,4.952825e-03
1600,layers.5.k_norm.bias,2.801156e-01,3.537675e-02,1.262934e-01
1600,ln_final.weight,2.420637e+01,7.073480e-01,2.922157e-02
1600,ln_final.bias,1.200158e+00,8.135912e-02,6.779036e-02
1800,tok_emb_E.weight,7.330476e+01,3.322875e+00,4.532960e-02
1800,unembedder.weight,1.842039e+02,2.325137e+01,1.262263e-01
1800,layers.0.qkv_lut.weights,6.257692e+01,2.024155e+01,3.234667e-01
1800,layers.0.qkv_lut.log_soft_score_temp,8.504853e-01,5.952358e-03,6.998779e-03
1800,layers.0.qkv_lut.log_select_temp,7.736630e-01,2.803862e-03,3.624139e-03
1800,layers.0.v_lut.weights,3.197353e+01,9.487384e+00,2.967262e-01
1800,layers.0.v_lut.log_soft_score_temp,1.002109e+00,2.645987e-02,2.640418e-02
1800,layers.0.v_lut.log_select_temp,1.015277e+00,3.405744e-02,3.354497e-02
1800,layers.0.out_proj.weights,4.264362e+01,1.408076e+01,3.301962e-01
1800,layers.0.out_proj.log_soft_score_temp,7.589514e-01,3.503883e-02,4.616742e-02
1800,layers.0.out_proj.log_select_temp,8.950505e-01,8.144379e-04,9.099351e-04
1800,layers.0.residual_lut.weights,4.286309e+01,1.298178e+01,3.028663e-01
1800,layers.0.residual_lut.log_soft_score_temp,5.760970e-01,2.682465e-02,4.656274e-02
1800,layers.0.residual_lut.log_select_temp,7.646898e-01,3.643155e-03,4.764226e-03
1800,layers.0.q_norm.weight,8.717870e+00,3.866410e-02,4.435040e-03
1800,layers.0.q_norm.bias,5.647572e-01,3.535885e-02,6.260894e-02
1800,layers.0.k_norm.weight,8.687866e+00,3.899059e-02,4.487936e-03
1800,layers.0.k_norm.bias,6.296234e-01,4.205463e-02,6.679330e-02
1800,layers.1.qkv_lut.weights,6.179707e+01,2.105859e+01,3.407700e-01
1800,layers.1.qkv_lut.log_soft_score_temp,4.319409e-01,3.367245e-02,7.795615e-02
1800,layers.1.qkv_lut.log_select_temp,5.761175e-01,1.163787e-02,2.020051e-02
1800,layers.1.v_lut.weights,3.022092e+01,1.036166e+01,3.428637e-01
1800,layers.1.v_lut.log_soft_score_temp,6.710381e-01,2.166313e-02,3.228301e-02
1800,layers.1.v_lut.log_select_temp,8.375604e-01,7.028103e-03,8.391160e-03
1800,layers.1.out_proj.weights,3.982680e+01,1.489548e+01,3.740065e-01
1800,layers.1.out_proj.log_soft_score_temp,5.901198e-01,2.799588e-02,4.744102e-02
1800,layers.1.out_proj.log_select_temp,7.438322e-01,9.111166e-04,1.224895e-03
1800,layers.1.residual_lut.weights,4.061628e+01,1.285761e+01,3.165628e-01
1800,layers.1.residual_lut.log_soft_score_temp,4.494496e-01,3.466076e-02,7.711822e-02
1800,layers.1.residual_lut.log_select_temp,6.180112e-01,1.004100e-02,1.624727e-02
1800,layers.1.q_norm.weight,8.388896e+00,3.994809e-02,4.762020e-03
1800,layers.1.q_norm.bias,3.887230e-01,2.807885e-02,7.223359e-02
1800,layers.1.k_norm.weight,8.374416e+00,3.842697e-02,4.588615e-03
1800,layers.1.k_norm.bias,5.367046e-01,4.015422e-02,7.481624e-02
1800,layers.2.qkv_lut.weights,6.190716e+01,2.135842e+01,3.450072e-01
1800,layers.2.qkv_lut.log_soft_score_temp,4.389825e-01,3.275153e-02,7.460783e-02
1800,layers.2.qkv_lut.log_select_temp,6.022772e-01,8.753121e-03,1.453338e-02
1800,layers.2.v_lut.weights,3.050935e+01,1.041950e+01,3.415182e-01
1800,layers.2.v_lut.log_soft_score_temp,7.094998e-01,2.122575e-02,2.991650e-02
1800,layers.2.v_lut.log_select_temp,8.675299e-01,8.814037e-03,1.015992e-02
1800,layers.2.out_proj.weights,4.211982e+01,1.511737e+01,3.589135e-01
1800,layers.2.out_proj.log_soft_score_temp,6.969944e-01,1.549900e-02,2.223690e-02
1800,layers.2.out_proj.log_select_temp,8.207499e-01,1.219219e-02,1.485494e-02
1800,layers.2.residual_lut.weights,4.064100e+01,1.297476e+01,3.192530e-01
1800,layers.2.residual_lut.log_soft_score_temp,4.226069e-01,3.513217e-02,8.313202e-02
1800,layers.2.residual_lut.log_select_temp,5.994633e-01,7.753074e-03,1.293336e-02
1800,layers.2.q_norm.weight,8.410943e+00,4.742049e-02,5.637952e-03
1800,layers.2.q_norm.bias,4.326318e-01,3.713888e-02,8.584409e-02
1800,layers.2.k_norm.weight,8.393813e+00,4.538971e-02,5.407520e-03
1800,layers.2.k_norm.bias,6.820589e-01,6.408006e-02,9.395092e-02
1800,layers.3.qkv_lut.weights,6.254399e+01,2.163735e+01,3.459541e-01
1800,layers.3.qkv_lut.log_soft_score_temp,3.991529e-01,3.967571e-02,9.939978e-02
1800,layers.3.qkv_lut.log_select_temp,5.921248e-01,1.150447e-02,1.942913e-02
1800,layers.3.v_lut.weights,3.109023e+01,1.056694e+01,3.398797e-01
1800,layers.3.v_lut.log_soft_score_temp,7.081022e-01,3.237474e-02,4.572044e-02
1800,layers.3.v_lut.log_select_temp,8.838210e-01,1.577795e-03,1.785197e-03
1800,layers.3.out_proj.weights,4.459501e+01,1.527546e+01,3.425374e-01
1800,layers.3.out_proj.log_soft_score_temp,8.060482e-01,1.057374e-02,1.311801e-02
1800,layers.3.out_proj.log_select_temp,9.068425e-01,1.846951e-02,2.036684e-02
1800,layers.3.residual_lut.weights,4.178939e+01,1.304566e+01,3.121764e-01
1800,layers.3.residual_lut.log_soft_score_temp,4.317090e-01,3.744486e-02,8.673635e-02
1800,layers.3.residual_lut.log_select_temp,6.767809e-01,2.504945e-03,3.701264e-03
1800,layers.3.q_norm.weight,8.495735e+00,4.045189e-02,4.761435e-03
1800,layers.3.q_norm.bias,4.477106e-01,3.105167e-02,6.935657e-02
1800,layers.3.k_norm.weight,8.451573e+00,3.918575e-02,4.636503e-03
1800,layers.3.k_norm.bias,7.737085e-01,6.380465e-02,8.246601e-02
1800,layers.4.qkv_lut.weights,6.254173e+01,2.169342e+01,3.468631e-01
1800,layers.4.qkv_lut.log_soft_score_temp,5.211478e-01,2.789104e-02,5.351848e-02
1800,layers.4.qkv_lut.log_select_temp,6.884531e-01,2.114654e-03,3.071602e-03
1800,layers.4.v_lut.weights,3.121339e+01,1.043874e+01,3.344314e-01
1800,layers.4.v_lut.log_soft_score_temp,8.284069e-01,2.350092e-03,2.836881e-03
1800,layers.4.v_lut.log_select_temp,9.217034e-01,2.609420e-02,2.831084e-02
1800,layers.4.out_proj.weights,4.596657e+01,1.574660e+01,3.425663e-01
1800,layers.4.out_proj.log_soft_score_temp,8.163176e-01,9.728372e-03,1.191739e-02
1800,layers.4.out_proj.log_select_temp,8.804818e-01,2.475238e-02,2.811231e-02
1800,layers.4.residual_lut.weights,4.213386e+01,1.324575e+01,3.143731e-01
1800,layers.4.residual_lut.log_soft_score_temp,4.222922e-01,3.738198e-02,8.852158e-02
1800,layers.4.residual_lut.log_select_temp,6.533746e-01,2.001286e-03,3.062999e-03
1800,layers.4.q_norm.weight,8.352148e+00,4.773614e-02,5.715433e-03
1800,layers.4.q_norm.bias,2.602451e-01,2.466130e-02,9.476181e-02
1800,layers.4.k_norm.weight,8.329507e+00,4.792563e-02,5.753718e-03
1800,layers.4.k_norm.bias,3.959519e-01,3.683990e-02,9.304135e-02
1800,layers.5.qkv_lut.weights,6.323648e+01,2.216074e+01,3.504423e-01
1800,layers.5.qkv_lut.log_soft_score_temp,5.765355e-01,1.964581e-02,3.407563e-02
1800,layers.5.qkv_lut.log_select_temp,6.910223e-01,5.629063e-04,8.145993e-04
1800,layers.5.v_lut.weights,3.154016e+01,1.055057e+01,3.345123e-01
1800,layers.5.v_lut.log_soft_score_temp,8.553693e-01,1.882458e-02,2.200754e-02
1800,layers.5.v_lut.log_select_temp,8.860735e-01,2.651626e-02,2.992558e-02
1800,layers.5.out_proj.weights,5.112694e+01,1.738166e+01,3.399707e-01
1800,layers.5.out_proj.log_soft_score_temp,7.836810e-01,1.621556e-02,2.069153e-02
1800,layers.5.out_proj.log_select_temp,8.268200e-01,2.420408e-02,2.927370e-02
1800,layers.5.residual_lut.weights,4.302124e+01,1.356992e+01,3.154238e-01
1800,layers.5.residual_lut.log_soft_score_temp,4.307176e-01,3.562316e-02,8.270654e-02
1800,layers.5.residual_lut.log_select_temp,6.490651e-01,1.361191e-03,2.097157e-03
1800,layers.5.q_norm.weight,8.162758e+00,4.620896e-02,5.660949e-03
1800,layers.5.q_norm.bias,1.550207e-01,2.385794e-02,1.539016e-01
1800,layers.5.k_norm.weight,8.156217e+00,4.480374e-02,5.493201e-03
1800,layers.5.k_norm.bias,3.012055e-01,3.198721e-02,1.061973e-01
1800,ln_final.weight,2.489661e+01,6.929643e-01,2.783368e-02
1800,ln_final.bias,1.222295e+00,7.606874e-02,6.223435e-02
2000,tok_emb_E.weight,7.342056e+01,3.253309e+00,4.431061e-02
2000,unembedder.weight,1.901221e+02,2.250039e+01,1.183471e-01
2000,layers.0.qkv_lut.weights,6.699434e+01,1.988811e+01,2.968626e-01
2000,layers.0.qkv_lut.log_soft_score_temp,8.502099e-01,2.753735e-04,3.238888e-04
2000,layers.0.qkv_lut.log_select_temp,7.661505e-01,7.512510e-03,9.805528e-03
2000,layers.0.v_lut.weights,3.418549e+01,9.358160e+00,2.737466e-01
2000,layers.0.v_lut.log_soft_score_temp,1.018242e+00,1.613235e-02,1.584335e-02
2000,layers.0.v_lut.log_select_temp,1.042908e+00,2.763152e-02,2.649468e-02
2000,layers.0.out_proj.weights,4.550854e+01,1.378966e+01,3.030126e-01
2000,layers.0.out_proj.log_soft_score_temp,7.213033e-01,3.764808e-02,5.219452e-02
2000,layers.0.out_proj.log_select_temp,8.908813e-01,4.169226e-03,4.679889e-03
2000,layers.0.residual_lut.weights,4.588308e+01,1.271025e+01,2.770139e-01
2000,layers.0.residual_lut.log_soft_score_temp,5.534827e-01,2.261436e-02,4.085830e-02
2000,layers.0.residual_lut.log_select_temp,7.733727e-01,8.682907e-03,1.122732e-02
2000,layers.0.q_norm.weight,8.741030e+00,3.752954e-02,4.293492e-03
2000,layers.0.q_norm.bias,5.949615e-01,3.281050e-02,5.514727e-02
2000,layers.0.k_norm.weight,8.708493e+00,3.718370e-02,4.269820e-03
2000,layers.0.k_norm.bias,6.666556e-01,4.320674e-02,6.481119e-02
2000,layers.1.qkv_lut.weights,6.618488e+01,2.069363e+01,3.126640e-01
2000,layers.1.qkv_lut.log_soft_score_temp,4.034791e-01,2.846181e-02,7.054098e-02
2000,layers.1.qkv_lut.log_select_temp,5.702284e-01,5.889118e-03,1.032765e-02
2000,layers.1.v_lut.weights,3.239178e+01,1.014666e+01,3.132480e-01
2000,layers.1.v_lut.log_soft_score_temp,6.476071e-01,2.343094e-02,3.618080e-02
2000,layers.1.v_lut.log_select_temp,8.429608e-01,5.400419e-03,6.406489e-03
2000,layers.1.out_proj.weights,4.243550e+01,1.457484e+01,3.434587e-01
2000,layers.1.out_proj.log_soft_score_temp,5.647088e-01,2.541107e-02,4.499854e-02
2000,layers.1.out_proj.log_select_temp,7.471680e-01,3.335774e-03,4.464557e-03
2000,layers.1.residual_lut.weights,4.343475e+01,1.265518e+01,2.913606e-01
2000,layers.1.residual_lut.log_soft_score_temp,4.214284e-01,2.802119e-02,6.649097e-02
2000,layers.1.residual_lut.log_select_temp,6.143358e-01,3.675461e-03,5.982821e-03
2000,layers.1.q_norm.weight,8.414750e+00,3.111651e-02,3.697853e-03
2000,layers.1.q_norm.bias,4.052125e-01,2.093192e-02,5.165665e-02
2000,layers.1.k_norm.weight,8.400094e+00,3.162393e-02,3.764712e-03
2000,layers.1.k_norm.bias,5.619470e-01,3.223467e-02,5.736247e-02
2000,layers.2.qkv_lut.weights,6.629605e+01,2.097383e+01,3.163661e-01
2000,layers.2.qkv_lut.log_soft_score_temp,4.042318e-01,3.475070e-02,8.596726e-02
2000,layers.2.qkv_lut.log_select_temp,5.924804e-01,9.796798e-03,1.653523e-02
2000,layers.2.v_lut.weights,3.265688e+01,1.022175e+01,3.130045e-01
2000,layers.2.v_lut.log_soft_score_temp,6.817684e-01,2.773136e-02,4.067563e-02
2000,layers.2.v_lut.log_select_temp,8.705110e-01,2.981067e-03,3.424502e-03
2000,layers.2.out_proj.weights,4.495837e+01,1.478565e+01,3.288742e-01
2000,layers.2.out_proj.log_soft_score_temp,6.723538e-01,2.464062e-02,3.664829e-02
2000,layers.2.out_proj.log_select_temp,8.247324e-01,3.982484e-03,4.828820e-03
2000,layers.2.residual_lut.weights,4.342118e+01,1.270662e+01,2.926364e-01
2000,layers.2.residual_lut.log_soft_score_temp,3.891493e-01,3.345767e-02,8.597643e-02
2000,layers.2.residual_lut.log_select_temp,5.934379e-01,6.025374e-03,1.015334e-02
2000,layers.2.q_norm.weight,8.439793e+00,3.626772e-02,4.297228e-03
2000,layers.2.q_norm.bias,4.541966e-01,2.554015e-02,5.623148e-02
2000,layers.2.k_norm.weight,8.421211e+00,3.563523e-02,4.231604e-03
2000,layers.2.k_norm.bias,7.225028e-01,4.636387e-02,6.417120e-02
2000,layers.3.qkv_lut.weights,6.695189e+01,2.117073e+01,3.162081e-01
2000,layers.3.qkv_lut.log_soft_score_temp,3.620147e-01,3.713816e-02,1.025874e-01
2000,layers.3.qkv_lut.log_select_temp,5.831578e-01,8.966982e-03,1.537660e-02
2000,layers.3.v_lut.weights,3.324851e+01,1.036030e+01,3.116019e-01
2000,layers.3.v_lut.log_soft_score_temp,6.784475e-01,2.965462e-02,4.370953e-02
2000,layers.3.v_lut.log_select_temp,8.866060e-01,2.785027e-03,3.141223e-03
2000,layers.3.out_proj.weights,4.773038e+01,1.493464e+01,3.128958e-01
2000,layers.3.out_proj.log_soft_score_temp,7.883856e-01,1.766258e-02,2.240348e-02
2000,layers.3.out_proj.log_select_temp,9.204862e-01,1.364368e-02,1.482226e-02
2000,layers.3.residual_lut.weights,4.466196e+01,1.274555e+01,2.853783e-01
2000,layers.3.residual_lut.log_soft_score_temp,3.937279e-01,3.798103e-02,9.646517e-02
2000,layers.3.residual_lut.log_select_temp,6.721541e-01,4.626870e-03,6.883645e-03
2000,layers.3.q_norm.weight,8.520312e+00,3.502818e-02,4.111138e-03
2000,layers.3.q_norm.bias,4.718111e-01,2.697837e-02,5.718045e-02
2000,layers.3.k_norm.weight,8.472713e+00,3.720211e-02,4.390814e-03
2000,layers.3.k_norm.bias,8.299558e-01,6.202503e-02,7.473293e-02
2000,layers.4.qkv_lut.weights,6.696325e+01,2.125344e+01,3.173896e-01
2000,layers.4.qkv_lut.log_soft_score_temp,4.887061e-01,3.244165e-02,6.638273e-02
2000,layers.4.qkv_lut.log_select_temp,6.830904e-01,5.362630e-03,7.850541e-03
2000,layers.4.v_lut.weights,3.344988e+01,1.022001e+01,3.055319e-01
2000,layers.4.v_lut.log_soft_score_temp,8.226610e-01,5.745888e-03,6.984515e-03
2000,layers.4.v_lut.log_select_temp,9.435173e-01,2.181393e-02,2.311980e-02
2000,layers.4.out_proj.weights,4.929947e+01,1.542266e+01,3.128363e-01
2000,layers.4.out_proj.log_soft_score_temp,8.225988e-01,6.281137e-03,7.635724e-03
2000,layers.4.out_proj.log_select_temp,9.047112e-01,2.422947e-02,2.678144e-02
2000,layers.4.residual_lut.weights,4.510668e+01,1.292131e+01,2.864610e-01
2000,layers.4.residual_lut.log_soft_score_temp,3.852575e-01,3.703478e-02,9.612995e-02
2000,layers.4.residual_lut.log_select_temp,6.525173e-01,8.572936e-04,1.313825e-03
2000,layers.4.q_norm.weight,8.390527e+00,4.491891e-02,5.353526e-03
2000,layers.4.q_norm.bias,2.770084e-01,2.264945e-02,8.176449e-02
2000,layers.4.k_norm.weight,8.366254e+00,4.508558e-02,5.388981e-03
2000,layers.4.k_norm.bias,4.243754e-01,3.367892e-02,7.936117e-02
2000,layers.5.qkv_lut.weights,6.770132e+01,2.171155e+01,3.206961e-01
2000,layers.5.qkv_lut.log_soft_score_temp,5.544100e-01,2.212548e-02,3.990816e-02
2000,layers.5.qkv_lut.log_select_temp,6.879085e-01,3.113806e-03,4.526483e-03
2000,layers.5.v_lut.weights,3.379900e+01,1.032214e+01,3.053977e-01
2000,layers.5.v_lut.log_soft_score_temp,8.673003e-01,1.193100e-02,1.375648e-02
2000,layers.5.v_lut.log_select_temp,9.075590e-01,2.148551e-02,2.367395e-02
2000,layers.5.out_proj.weights,5.506055e+01,1.692965e+01,3.074732e-01
2000,layers.5.out_proj.log_soft_score_temp,8.005873e-01,1.690626e-02,2.111732e-02
2000,layers.5.out_proj.log_select_temp,8.518124e-01,2.499247e-02,2.934034e-02
2000,layers.5.residual_lut.weights,4.616939e+01,1.323681e+01,2.867011e-01
2000,layers.5.residual_lut.log_soft_score_temp,3.967972e-01,3.392041e-02,8.548550e-02
2000,layers.5.residual_lut.log_select_temp,6.518086e-01,2.743423e-03,4.208940e-03
2000,layers.5.q_norm.weight,8.187389e+00,3.629090e-02,4.432537e-03
2000,layers.5.q_norm.bias,1.675134e-01,2.428762e-02,1.449891e-01
2000,layers.5.k_norm.weight,8.180191e+00,3.513103e-02,4.294647e-03
2000,layers.5.k_norm.bias,3.291018e-01,3.884933e-02,1.180465e-01
2000,ln_final.weight,2.557983e+01,6.859804e-01,2.681724e-02
2000,ln_final.bias,1.240384e+00,7.403822e-02,5.968977e-02
2200,tok_emb_E.weight,7.353481e+01,3.190933e+00,4.339351e-02
2200,unembedder.weight,1.947646e+02,2.107409e+01,1.082029e-01
2200,layers.0.qkv_lut.weights,7.096708e+01,1.949155e+01,2.746562e-01
2200,layers.0.qkv_lut.log_soft_score_temp,8.513328e-01,1.122952e-03,1.319051e-03
2200,layers.0.qkv_lut.log_select_temp,7.607613e-01,5.389214e-03,7.083975e-03
2200,layers.0.v_lut.weights,3.619424e+01,9.151961e+00,2.528568e-01
2200,layers.0.v_lut.log_soft_score_temp,1.026788e+00,8.546233e-03,8.323271e-03
2200,layers.0.v_lut.log_select_temp,1.066332e+00,2.342308e-02,2.196604e-02
2200,layers.0.out_proj.weights,4.809348e+01,1.349964e+01,2.806960e-01
2200,layers.0.out_proj.log_soft_score_temp,6.864326e-01,3.487074e-02,5.079995e-02
2200,layers.0.out_proj.log_select_temp,8.885916e-01,2.289712e-03,2.576788e-03
2200,layers.0.residual_lut.weights,4.863940e+01,1.241315e+01,2.552078e-01
2200,layers.0.residual_lut.log_soft_score_temp,5.357628e-01,1.771986e-02,3.307409e-02
2200,layers.0.residual_lut.log_select_temp,7.853029e-01,1.193023e-02,1.519188e-02
2200,layers.0.q_norm.weight,8.768989e+00,3.394900e-02,3.871484e-03
2200,layers.0.q_norm.bias,6.205906e-01,2.963293e-02,4.774957e-02
2200,layers.0.k_norm.weight,8.734931e+00,3.310055e-02,3.789446e-03
2200,layers.0.k_norm.bias,6.964907e-01,3.737510e-02,5.366202e-02
2200,layers.1.qkv_lut.weights,7.015466e+01,2.022595e+01,2.883052e-01
2200,layers.1.qkv_lut.log_soft_score_temp,3.741765e-01,2.930260e-02,7.831223e-02
2200,layers.1.qkv_lut.log_select_temp,5.640984e-01,6.129980e-03,1.086686e-02
2200,layers.1.v_lut.weights,3.434202e+01,9.932029e+00,2.892092e-01
2200,layers.1.v_lut.log_soft_score_temp,6.199413e-01,2.766585e-02,4.462657e-02
2200,layers.1.v_lut.log_select_temp,8.431840e-01,2.232194e-04,2.647339e-04
2200,layers.1.out_proj.weights,4.476640e+01,1.425206e+01,3.183651e-01
2200,layers.1.out_proj.log_soft_score_temp,5.362784e-01,2.843034e-02,5.301415e-02
2200,layers.1.out_proj.log_select_temp,7.467415e-01,4.265308e-04,5.711894e-04
2200,layers.1.residual_lut.weights,4.594841e+01,1.234254e+01,2.686174e-01
2200,layers.1.residual_lut.log_soft_score_temp,3.940697e-01,2.735874e-02,6.942615e-02
2200,layers.1.residual_lut.log_select_temp,6.098413e-01,4.494488e-03,7.369931e-03
2200,layers.1.q_norm.weight,8.438280e+00,3.090336e-02,3.662282e-03
2200,layers.1.q_norm.bias,4.221691e-01,2.147085e-02,5.085842e-02
2200,layers.1.k_norm.weight,8.422819e+00,2.960039e-02,3.514310e-03
2200,layers.1.k_norm.bias,5.844999e-01,3.165409e-02,5.415586e-02
2200,layers.2.qkv_lut.weights,7.027132e+01,2.048988e+01,2.915824e-01
2200,layers.2.qkv_lut.log_soft_score_temp,3.747294e-01,2.950239e-02,7.872986e-02
2200,layers.2.qkv_lut.log_select_temp,5.866172e-01,5.863190e-03,9.994916e-03
2200,layers.2.v_lut.weights,3.459933e+01,9.979532e+00,2.884314e-01
2200,layers.2.v_lut.log_soft_score_temp,6.528194e-01,2.894902e-02,4.434461e-02
2200,layers.2.v_lut.log_select_temp,8.708051e-01,2.940893e-04,3.377212e-04
2200,layers.2.out_proj.weights,4.752590e+01,1.443947e+01,3.038233e-01
2200,layers.2.out_proj.log_soft_score_temp,6.459593e-01,2.639449e-02,4.086091e-02
2200,layers.2.out_proj.log_select_temp,8.283795e-01,3.647029e-03,4.402607e-03
2200,layers.2.residual_lut.weights,4.593440e+01,1.239398e+01,2.698192e-01
2200,layers.2.residual_lut.log_soft_score_temp,3.597755e-01,2.937374e-02,8.164461e-02
2200,layers.2.residual_lut.log_select_temp,5.893536e-01,4.084289e-03,6.930116e-03
2200,layers.2.q_norm.weight,8.470169e+00,3.617742e-02,4.271157e-03
2200,layers.2.q_norm.bias,4.757453e-01,2.540630e-02,5.340315e-02
2200,layers.2.k_norm.weight,8.450204e+00,3.534331e-02,4.182540e-03
2200,layers.2.k_norm.bias,7.630233e-01,4.795052e-02,6.284279e-02
2200,layers.3.qkv_lut.weights,7.093717e+01,2.078799e+01,2.930479e-01
2200,layers.3.qkv_lut.log_soft_score_temp,3.274369e-01,3.457788e-02,1.056017e-01
2200,layers.3.qkv_lut.log_select_temp,5.778596e-01,5.298197e-03,9.168659e-03
2200,layers.3.v_lut.weights,3.519393e+01,1.015658e+01,2.885889e-01
2200,layers.3.v_lut.log_soft_score_temp,6.484813e-01,2.996624e-02,4.620987e-02
2200,layers.3.v_lut.log_select_temp,8.881856e-01,1.579523e-03,1.778371e-03
2200,layers.3.out_proj.weights,5.054422e+01,1.456119e+01,2.880881e-01
2200,layers.3.out_proj.log_soft_score_temp,7.675201e-01,2.086556e-02,2.718569e-02
2200,layers.3.out_proj.log_select_temp,9.286574e-01,8.171141e-03,8.798876e-03
2200,layers.3.residual_lut.weights,4.721537e+01,1.241005e+01,2.628392e-01
2200,layers.3.residual_lut.log_soft_score_temp,3.553468e-01,3.838110e-02,1.080102e-01
2200,layers.3.residual_lut.log_select_temp,6.656192e-01,6.534874e-03,9.817737e-03
2200,layers.3.q_norm.weight,8.543661e+00,3.406796e-02,3.987513e-03
2200,layers.3.q_norm.bias,4.928003e-01,2.435530e-02,4.942226e-02
2200,layers.3.k_norm.weight,8.493464e+00,3.772452e-02,4.441594e-03
2200,layers.3.k_norm.bias,8.732821e-01,4.923733e-02,5.638193e-02
2200,layers.4.qkv_lut.weights,7.094446e+01,2.081218e+01,2.933588e-01
2200,layers.4.qkv_lut.log_soft_score_temp,4.585856e-01,3.012058e-02,6.568149e-02
2200,layers.4.qkv_lut.log_select_temp,6.785638e-01,4.526615e-03,6.670876e-03
2200,layers.4.v_lut.weights,3.546951e+01,1.000410e+01,2.820479e-01
2200,layers.4.v_lut.log_soft_score_temp,8.102227e-01,1.243830e-02,1.535170e-02
2200,layers.4.v_lut.log_select_temp,9.585290e-01,1.501167e-02,1.566115e-02
2200,layers.4.out_proj.weights,5.229891e+01,1.498493e+01,2.865247e-01
2200,layers.4.out_proj.log_soft_score_temp,8.216356e-01,9.631515e-04,1.172237e-03
2200,layers.4.out_proj.log_select_temp,9.236652e-01,1.895392e-02,2.052034e-02
2200,layers.4.residual_lut.weights,4.775811e+01,1.260267e+01,2.638854e-01
2200,layers.4.residual_lut.log_soft_score_temp,3.477912e-01,3.746626e-02,1.077263e-01
2200,layers.4.residual_lut.log_select_temp,6.492316e-01,3.285706e-03,5.060915e-03
2200,layers.4.q_norm.weight,8.423469e+00,4.031012e-02,4.785454e-03
2200,layers.4.q_norm.bias,2.935457e-01,2.230089e-02,7.597078e-02
2200,layers.4.k_norm.weight,8.398949e+00,3.971815e-02,4.728944e-03
2200,layers.4.k_norm.bias,4.434151e-01,3.046628e-02,6.870827e-02
2200,layers.5.qkv_lut.weights,7.174287e+01,2.128632e+01,2.967029e-01
2200,layers.5.qkv_lut.log_soft_score_temp,5.338909e-01,2.051908e-02,3.843309e-02
2200,layers.5.qkv_lut.log_select_temp,6.865593e-01,1.349211e-03,1.965177e-03
2200,layers.5.v_lut.weights,3.587041e+01,1.007848e+01,2.809691e-01
2200,layers.5.v_lut.log_soft_score_temp,8.784471e-01,1.114672e-02,1.268912e-02
2200,layers.5.v_lut.log_select_temp,9.295638e-01,2.200484e-02,2.367222e-02
2200,layers.5.out_proj.weights,5.852991e+01,1.652874e+01,2.823982e-01
2200,layers.5.out_proj.log_soft_score_temp,8.171149e-01,1.652759e-02,2.022677e-02
2200,layers.5.out_proj.log_select_temp,8.775695e-01,2.575707e-02,2.935047e-02
2200,layers.5.residual_lut.weights,4.906706e+01,1.297768e+01,2.644886e-01
2200,layers.5.residual_lut.log_soft_score_temp,3.637455e-01,3.305170e-02,9.086491e-02
2200,layers.5.residual_lut.log_select_temp,6.552285e-01,3.419936e-03,5.219455e-03
2200,layers.5.q_norm.weight,8.211810e+00,4.285526e-02,5.218735e-03
2200,layers.5.q_norm.bias,1.869853e-01,2.528504e-02,1.352248e-01
2200,layers.5.k_norm.weight,8.204796e+00,4.215381e-02,5.137704e-03
2200,layers.5.k_norm.bias,3.525351e-01,3.476250e-02,9.860720e-02
2200,ln_final.weight,2.622749e+01,6.510554e-01,2.482340e-02
2200,ln_final.bias,1.252725e+00,6.825756e-02,5.448728e-02
2400,tok_emb_E.weight,7.363988e+01,3.115367e+00,4.230544e-02
2400,unembedder.weight,1.988092e+02,2.013012e+01,1.012535e-01
2400,layers.0.qkv_lut.weights,7.458310e+01,1.897267e+01,2.543830e-01
2400,layers.0.qkv_lut.log_soft_score_temp,8.538266e-01,2.493739e-03,2.920662e-03
2400,layers.0.qkv_lut.log_select_temp,7.564185e-01,4.342735e-03,5.741180e-03
2400,layers.0.v_lut.weights,3.802961e+01,8.962941e+00,2.356833e-01
2400,layers.0.v_lut.log_soft_score_temp,1.032260e+00,5.472183e-03,5.301168e-03
2400,layers.0.v_lut.log_select_temp,1.090117e+00,2.378500e-02,2.181876e-02
2400,layers.0.out_proj.weights,5.040986e+01,1.312963e+01,2.604575e-01
2400,layers.0.out_proj.log_soft_score_temp,6.506413e-01,3.579128e-02,5.500923e-02
2400,layers.0.out_proj.log_select_temp,8.851029e-01,3.488719e-03,3.941598e-03
2400,layers.0.residual_lut.weights,5.116504e+01,1.212556e+01,2.369891e-01
2400,layers.0.residual_lut.log_soft_score_temp,5.192932e-01,1.646954e-02,3.171529e-02
2400,layers.0.residual_lut.log_select_temp,7.986854e-01,1.338243e-02,1.675558e-02
2400,layers.0.q_norm.weight,8.800303e+00,3.812457e-02,4.332188e-03
2400,layers.0.q_norm.bias,6.516620e-01,3.409002e-02,5.231243e-02
2400,layers.0.k_norm.weight,8.764182e+00,3.693966e-02,4.214844e-03
2400,layers.0.k_norm.bias,7.257385e-01,3.586224e-02,4.941483e-02
2400,layers.1.qkv_lut.weights,7.372889e+01,1.971481e+01,2.673959e-01
2400,layers.1.qkv_lut.log_soft_score_temp,3.486463e-01,2.553028e-02,7.322688e-02
2400,layers.1.qkv_lut.log_select_temp,5.609425e-01,3.155887e-03,5.626044e-03
2400,layers.1.v_lut.weights,3.613380e+01,9.692982e+00,2.682525e-01
2400,layers.1.v_lut.log_soft_score_temp,5.981346e-01,2.180666e-02,3.645777e-02
2400,layers.1.v_lut.log_select_temp,8.473790e-01,4.194975e-03,4.950530e-03
2400,layers.1.out_proj.weights,4.686385e+01,1.387444e+01,2.960585e-01
2400,layers.1.out_proj.log_soft_score_temp,5.113749e-01,2.490354e-02,4.869918e-02
2400,layers.1.out_proj.log_select_temp,7.481441e-01,1.402617e-03,1.874795e-03
2400,layers.1.residual_lut.weights,4.821538e+01,1.201188e+01,2.491296e-01
2400,layers.1.residual_lut.log_soft_score_temp,3.690436e-01,2.502614e-02,6.781352e-02
2400,layers.1.residual_lut.log_select_temp,6.080038e-01,1.837492e-03,3.022172e-03
2400,layers.1.q_norm.weight,8.462173e+00,2.883584e-02,3.407617e-03
2400,layers.1.q_norm.bias,4.360081e-01,1.817212e-02,4.167839e-02
2400,layers.1.k_norm.weight,8.445854e+00,2.773524e-02,3.283889e-03
2400,layers.1.k_norm.bias,6.114010e-01,3.364297e-02,5.502603e-02
2400,layers.2.qkv_lut.weights,7.384851e+01,2.008407e+01,2.719631e-01
2400,layers.2.qkv_lut.log_soft_score_temp,3.457388e-01,2.899060e-02,8.385115e-02
2400,layers.2.qkv_lut.log_select_temp,5.813840e-01,5.233228e-03,9.001328e-03
2400,layers.2.v_lut.weights,3.636702e+01,9.735785e+00,2.677091e-01
2400,layers.2.v_lut.log_soft_score_temp,6.271098e-01,2.570957e-02,4.099692e-02
2400,layers.2.v_lut.log_select_temp,8.740105e-01,3.205419e-03,3.667483e-03
2400,layers.2.out_proj.weights,4.984589e+01,1.407761e+01,2.824227e-01
2400,layers.2.out_proj.log_soft_score_temp,6.202158e-01,2.574354e-02,4.150740e-02
2400,layers.2.out_proj.log_select_temp,8.323562e-01,3.976762e-03,4.777717e-03
2400,layers.2.residual_lut.weights,4.818348e+01,1.205661e+01,2.502230e-01
2400,layers.2.residual_lut.log_soft_score_temp,3.279838e-01,3.179172e-02,9.693075e-02
2400,layers.2.residual_lut.log_select_temp,5.844154e-01,4.938185e-03,8.449786e-03
2400,layers.2.q_norm.weight,8.486832e+00,2.726763e-02,3.212934e-03
2400,layers.2.q_norm.bias,4.885668e-01,1.811570e-02,3.707926e-02
2400,layers.2.k_norm.weight,8.465935e+00,2.533080e-02,2.992086e-03
2400,layers.2.k_norm.bias,7.937249e-01,3.809036e-02,4.798937e-02
2400,layers.3.qkv_lut.weights,7.455388e+01,2.031635e+01,2.725056e-01
2400,layers.3.qkv_lut.log_soft_score_temp,2.950890e-01,3.234786e-02,1.096207e-01
2400,layers.3.qkv_lut.log_select_temp,5.723728e-01,5.486786e-03,9.586036e-03
2400,layers.3.v_lut.weights,3.695596e+01,9.903888e+00,2.679916e-01
2400,layers.3.v_lut.log_soft_score_temp,6.144609e-01,3.402042e-02,5.536630e-02
2400,layers.3.v_lut.log_select_temp,8.832532e-01,4.932404e-03,5.584360e-03
2400,layers.3.out_proj.weights,5.312650e+01,1.423903e+01,2.680212e-01
2400,layers.3.out_proj.log_soft_score_temp,7.456219e-01,2.189815e-02,2.936897e-02
2400,layers.3.out_proj.log_select_temp,9.355850e-01,6.927669e-03,7.404639e-03
2400,layers.3.residual_lut.weights,4.953533e+01,1.212454e+01,2.447655e-01
2400,layers.3.residual_lut.log_soft_score_temp,3.205231e-01,3.482372e-02,1.086465e-01
2400,layers.3.residual_lut.log_select_temp,6.640244e-01,1.594782e-03,2.401692e-03
2400,layers.3.q_norm.weight,8.558173e+00,2.765329e-02,3.231215e-03
2400,layers.3.q_norm.bias,5.126589e-01,2.324283e-02,4.533780e-02
2400,layers.3.k_norm.weight,8.506208e+00,2.671230e-02,3.140330e-03
2400,layers.3.k_norm.bias,9.127127e-01,4.660500e-02,5.106207e-02
2400,layers.4.qkv_lut.weights,7.455587e+01,2.033972e+01,2.728118e-01
2400,layers.4.qkv_lut.log_soft_score_temp,4.269606e-01,3.162491e-02,7.406985e-02
2400,layers.4.qkv_lut.log_select_temp,6.728969e-01,5.666971e-03,8.421753e-03
2400,layers.4.v_lut.weights,3.729302e+01,9.755277e+00,2.615845e-01
2400,layers.4.v_lut.log_soft_score_temp,7.947137e-01,1.550901e-02,1.951522e-02
2400,layers.4.v_lut.log_select_temp,9.703825e-01,1.185346e-02,1.221524e-02
2400,layers.4.out_proj.weights,5.503868e+01,1.472437e+01,2.675277e-01
2400,layers.4.out_proj.log_soft_score_temp,8.176885e-01,3.947139e-03,4.827191e-03
2400,layers.4.out_proj.log_select_temp,9.411793e-01,1.751417e-02,1.860875e-02
2400,layers.4.residual_lut.weights,5.015849e+01,1.233593e+01,2.459391e-01
2400,layers.4.residual_lut.log_soft_score_temp,3.124546e-01,3.533658e-02,1.130935e-01
2400,layers.4.residual_lut.log_select_temp,6.475034e-01,1.728237e-03,2.669077e-03
2400,layers.4.q_norm.weight,8.456628e+00,4.105939e-02,4.855291e-03
2400,layers.4.q_norm.bias,3.093848e-01,1.993313e-02,6.442827e-02
2400,layers.4.k_norm.weight,8.431410e+00,4.099115e-02,4.861720e-03
2400,layers.4.k_norm.bias,4.629644e-01,2.982699e-02,6.442609e-02
2400,layers.5.qkv_lut.weights,7.535478e+01,2.069914e+01,2.746892e-01
2400,layers.5.qkv_lut.log_soft_score_temp,5.135232e-01,2.036774e-02,3.966275e-02
2400,layers.5.qkv_lut.log_select_temp,6.863620e-01,1.972914e-04,2.874451e-04
2400,layers.5.v_lut.weights,3.773123e+01,9.855171e+00,2.611940e-01
2400,layers.5.v_lut.log_soft_score_temp,8.843755e-01,5.928457e-03,6.703551e-03
2400,layers.5.v_lut.log_select_temp,9.478192e-01,1.825541e-02,1.926044e-02
2400,layers.5.out_proj.weights,6.162127e+01,1.606208e+01,2.606580e-01
2400,layers.5.out_proj.log_soft_score_temp,8.251442e-01,8.029342e-03,9.730834e-03
2400,layers.5.out_proj.log_select_temp,8.977978e-01,2.022827e-02,2.253098e-02
2400,layers.5.residual_lut.weights,5.167373e+01,1.263357e+01,2.444873e-01
2400,layers.5.residual_lut.log_soft_score_temp,3.340028e-01,2.974266e-02,8.904912e-02
2400,layers.5.residual_lut.log_select_temp,6.591241e-01,3.895581e-03,5.910239e-03
2400,layers.5.q_norm.weight,8.228675e+00,3.294526e-02,4.003714e-03
2400,layers.5.q_norm.bias,1.985584e-01,2.203270e-02,1.109633e-01
2400,layers.5.k_norm.weight,8.222512e+00,3.078829e-02,3.744389e-03
2400,layers.5.k_norm.bias,3.696051e-01,2.737135e-02,7.405566e-02
2400,ln_final.weight,2.687947e+01,6.548461e-01,2.436231e-02
2400,ln_final.bias,1.262209e+00,7.243732e-02,5.738934e-02
2600,tok_emb_E.weight,7.374091e+01,3.015263e+00,4.088997e-02
2600,unembedder.weight,2.024363e+02,1.948127e+01,9.623406e-02
2600,layers.0.qkv_lut.weights,7.784929e+01,1.851726e+01,2.378603e-01
2600,layers.0.qkv_lut.log_soft_score_temp,8.497685e-01,4.058063e-03,4.775492e-03
2600,layers.0.qkv_lut.log_select_temp,7.494507e-01,6.967843e-03,9.297266e-03
2600,layers.0.v_lut.weights,3.966581e+01,8.708704e+00,2.195519e-01
2600,layers.0.v_lut.log_soft_score_temp,1.030124e+00,2.135634e-03,2.073181e-03
2600,layers.0.v_lut.log_select_temp,1.108158e+00,1.804137e-02,1.628051e-02
2600,layers.0.out_proj.weights,5.243672e+01,1.275779e+01,2.432987e-01
2600,layers.0.out_proj.log_soft_score_temp,6.161577e-01,3.448361e-02,5.596556e-02
2600,layers.0.out_proj.log_select_temp,8.798104e-01,5.292475e-03,6.015473e-03
2600,layers.0.residual_lut.weights,5.346546e+01,1.174213e+01,2.196208e-01
2600,layers.0.residual_lut.log_soft_score_temp,5.038714e-01,1.542181e-02,3.060663e-02
2600,layers.0.residual_lut.log_select_temp,8.111362e-01,1.245081e-02,1.534984e-02
2600,layers.0.q_norm.weight,8.820911e+00,2.794277e-02,3.167788e-03
2600,layers.0.q_norm.bias,6.713904e-01,2.342278e-02,3.488697e-02
2600,layers.0.k_norm.weight,8.783569e+00,2.679345e-02,3.050406e-03
2600,layers.0.k_norm.bias,7.495285e-01,2.973916e-02,3.967715e-02
2600,layers.1.qkv_lut.weights,7.698180e+01,1.913256e+01,2.485336e-01
2600,layers.1.qkv_lut.log_soft_score_temp,3.288838e-01,1.976246e-02,6.008948e-02
2600,layers.1.qkv_lut.log_select_temp,5.610362e-01,9.363890e-05,1.669035e-04
2600,layers.1.v_lut.weights,3.773458e+01,9.392700e+00,2.489149e-01
2600,layers.1.v_lut.log_soft_score_temp,5.779999e-01,2.013469e-02,3.483510e-02
2600,layers.1.v_lut.log_select_temp,8.519858e-01,4.606783e-03,5.407113e-03
2600,layers.1.out_proj.weights,4.875760e+01,1.347310e+01,2.763282e-01
2600,layers.1.out_proj.log_soft_score_temp,4.864044e-01,2.497044e-02,5.133679e-02
2600,layers.1.out_proj.log_select_temp,7.525457e-01,4.401565e-03,5.848900e-03
2600,layers.1.residual_lut.weights,5.026196e+01,1.166892e+01,2.321621e-01
2600,layers.1.residual_lut.log_soft_score_temp,3.460052e-01,2.303833e-02,6.658376e-02
2600,layers.1.residual_lut.log_select_temp,6.065918e-01,1.412034e-03,2.327816e-03
2600,layers.1.q_norm.weight,8.487261e+00,3.042477e-02,3.584758e-03
2600,layers.1.q_norm.bias,4.494212e-01,1.798496e-02,4.001806e-02
2600,layers.1.k_norm.weight,8.470221e+00,2.932536e-02,3.462172e-03
2600,layers.1.k_norm.bias,6.319092e-01,2.721971e-02,4.307535e-02
2600,layers.2.qkv_lut.weights,7.706844e+01,1.949372e+01,2.529404e-01
2600,layers.2.qkv_lut.log_soft_score_temp,3.225842e-01,2.315465e-02,7.177862e-02
2600,layers.2.qkv_lut.log_select_temp,5.799578e-01,1.426160e-03,2.459076e-03
2600,layers.2.v_lut.weights,3.796857e+01,9.448777e+00,2.488579e-01
2600,layers.2.v_lut.log_soft_score_temp,6.031536e-01,2.395624e-02,3.971831e-02
2600,layers.2.v_lut.log_select_temp,8.767104e-01,2.699852e-03,3.079526e-03
2600,layers.2.out_proj.weights,5.197015e+01,1.367697e+01,2.631698e-01
2600,layers.2.out_proj.log_soft_score_temp,5.966703e-01,2.354544e-02,3.946140e-02
2600,layers.2.out_proj.log_select_temp,8.377328e-01,5.376577e-03,6.418010e-03
2600,layers.2.residual_lut.weights,5.020200e+01,1.172722e+01,2.336007e-01
2600,layers.2.residual_lut.log_soft_score_temp,3.021415e-01,2.584231e-02,8.553048e-02
2600,layers.2.residual_lut.log_select_temp,5.816737e-01,2.741754e-03,4.713560e-03
2600,layers.2.q_norm.weight,8.517658e+00,3.720579e-02,4.368077e-03
2600,layers.2.q_norm.bias,5.101014e-01,2.478511e-02,4.858859e-02
2600,layers.2.k_norm.weight,8.495909e+00,3.674019e-02,4.324457e-03
2600,layers.2.k_norm.bias,8.194659e-01,2.951081e-02,3.601225e-02
2600,layers.3.qkv_lut.weights,7.779820e+01,1.974092e+01,2.537451e-01
2600,layers.3.qkv_lut.log_soft_score_temp,2.656435e-01,2.944547e-02,1.108458e-01
2600,layers.3.qkv_lut.log_select_temp,5.709186e-01,1.454234e-03,2.547183e-03
2600,layers.3.v_lut.weights,3.854797e+01,9.609845e+00,2.492958e-01
2600,layers.3.v_lut.log_soft_score_temp,5.876787e-01,2.678221e-02,4.557289e-02
2600,layers.3.v_lut.log_select_temp,8.858367e-01,2.583504e-03,2.916456e-03
2600,layers.3.out_proj.weights,5.545251e+01,1.377139e+01,2.483457e-01
2600,layers.3.out_proj.log_soft_score_temp,7.204353e-01,2.518666e-02,3.496033e-02
2600,layers.3.out_proj.log_select_temp,9.392792e-01,3.694177e-03,3.932991e-03
2600,layers.3.residual_lut.weights,5.158726e+01,1.180715e+01,2.288773e-01
2600,layers.3.residual_lut.log_soft_score_temp,2.870051e-01,3.351805e-02,1.167856e-01
2600,layers.3.residual_lut.log_select_temp,6.595534e-01,4.471004e-03,6.778835e-03
2600,layers.3.q_norm.weight,8.582541e+00,3.148310e-02,3.668272e-03
2600,layers.3.q_norm.bias,5.264481e-01,1.856061e-02,3.525628e-02
2600,layers.3.k_norm.weight,8.527474e+00,3.138702e-02,3.680693e-03
2600,layers.3.k_norm.bias,9.494432e-01,4.405866e-02,4.640474e-02
2600,layers.4.qkv_lut.weights,7.780389e+01,1.975928e+01,2.539626e-01
2600,layers.4.qkv_lut.log_soft_score_temp,3.979292e-01,2.903143e-02,7.295625e-02
2600,layers.4.qkv_lut.log_select_temp,6.690493e-01,3.847599e-03,5.750846e-03
2600,layers.4.v_lut.weights,3.893813e+01,9.488556e+00,2.436829e-01
2600,layers.4.v_lut.log_soft_score_temp,7.742746e-01,2.043909e-02,2.639773e-02
2600,layers.4.v_lut.log_select_temp,9.760194e-01,5.636930e-03,5.775429e-03
2600,layers.4.out_proj.weights,5.755991e+01,1.419456e+01,2.466050e-01
2600,layers.4.out_proj.log_soft_score_temp,8.109019e-01,6.786585e-03,8.369181e-03
2600,layers.4.out_proj.log_select_temp,9.580052e-01,1.682591e-02,1.756349e-02
2600,layers.4.residual_lut.weights,5.233465e+01,1.198057e+01,2.289223e-01
2600,layers.4.residual_lut.log_soft_score_temp,2.799159e-01,3.253868e-02,1.162445e-01
2600,layers.4.residual_lut.log_select_temp,6.493822e-01,1.878798e-03,2.893208e-03
2600,layers.4.q_norm.weight,8.486207e+00,3.892762e-02,4.587163e-03
2600,layers.4.q_norm.bias,3.216680e-01,1.813614e-02,5.638156e-02
2600,layers.4.k_norm.weight,8.459489e+00,4.046148e-02,4.782970e-03
2600,layers.4.k_norm.bias,4.817919e-01,3.137765e-02,6.512697e-02
2600,layers.5.qkv_lut.weights,7.867867e+01,2.016269e+01,2.562662e-01
2600,layers.5.qkv_lut.log_soft_score_temp,4.945090e-01,1.901412e-02,3.845050e-02
2600,layers.5.qkv_lut.log_select_temp,6.849787e-01,1.383305e-03,2.019486e-03
2600,layers.5.v_lut.weights,3.939783e+01,9.573717e+00,2.430011e-01
2600,layers.5.v_lut.log_soft_score_temp,8.862693e-01,1.893818e-03,2.136843e-03
2600,layers.5.v_lut.log_select_temp,9.622344e-01,1.441520e-02,1.498097e-02
2600,layers.5.out_proj.weights,6.444609e+01,1.558940e+01,2.418982e-01
2600,layers.5.out_proj.log_soft_score_temp,8.371471e-01,1.200289e-02,1.433784e-02
2600,layers.5.out_proj.log_select_temp,9.201772e-01,2.237940e-02,2.432075e-02
2600,layers.5.residual_lut.weights,5.405019e+01,1.231505e+01,2.278447e-01
2600,layers.5.residual_lut.log_soft_score_temp,3.034230e-01,3.057986e-02,1.007830e-01
2600,layers.5.residual_lut.log_select_temp,6.648074e-01,5.683303e-03,8.548796e-03
2600,layers.5.q_norm.weight,8.248000e+00,2.808423e-02,3.404974e-03
2600,layers.5.q_norm.bias,2.074538e-01,2.122528e-02,1.023133e-01
2600,layers.5.k_norm.weight,8.241420e+00,2.660539e-02,3.228253e-03
2600,layers.5.k_norm.bias,3.826669e-01,2.253377e-02,5.888614e-02
2600,ln_final.weight,2.751023e+01,6.337317e-01,2.303621e-02
2600,ln_final.bias,1.270473e+00,6.364985e-02,5.009932e-02
2800,tok_emb_E.weight,7.383684e+01,2.926165e+00,3.963015e-02
2800,unembedder.weight,2.053019e+02,1.815128e+01,8.841263e-02
2800,layers.0.qkv_lut.weights,8.077957e+01,1.788244e+01,2.213733e-01
2800,layers.0.qkv_lut.log_soft_score_temp,8.481334e-01,1.635075e-03,1.927851e-03
2800,layers.0.qkv_lut.log_select_temp,7.451956e-01,4.255116e-03,5.710066e-03
2800,layers.0.v_lut.weights,4.115071e+01,8.450479e+00,2.053544e-01
2800,layers.0.v_lut.log_soft_score_temp,1.025681e+00,4.443049e-03,4.331803e-03
2800,layers.0.v_lut.log_select_temp,1.122589e+00,1.443076e-02,1.285490e-02
2800,layers.0.out_proj.weights,5.429004e+01,1.232829e+01,2.270819e-01
2800,layers.0.out_proj.log_soft_score_temp,5.859054e-01,3.025228e-02,5.163338e-02
2800,layers.0.out_proj.log_select_temp,8.786653e-01,1.145124e-03,1.303254e-03
2800,layers.0.residual_lut.weights,5.558296e+01,1.139327e+01,2.049777e-01
2800,layers.0.residual_lut.log_soft_score_temp,4.924318e-01,1.143959e-02,2.323081e-02
2800,layers.0.residual_lut.log_select_temp,8.267263e-01,1.559007e-02,1.885760e-02
2800,layers.0.q_norm.weight,8.842857e+00,2.827374e-02,3.197353e-03
2800,layers.0.q_norm.bias,6.944104e-01,2.617560e-02,3.769472e-02
2800,layers.0.k_norm.weight,8.804317e+00,2.886447e-02,3.278445e-03
2800,layers.0.k_norm.bias,7.725430e-01,2.974759e-02,3.850607e-02
2800,layers.1.qkv_lut.weights,7.991215e+01,1.855796e+01,2.322296e-01
2800,layers.1.qkv_lut.log_soft_score_temp,3.097156e-01,1.916820e-02,6.188968e-02
2800,layers.1.qkv_lut.log_select_temp,5.612497e-01,2.135634e-04,3.805141e-04
2800,layers.1.v_lut.weights,3.919684e+01,9.101179e+00,2.321917e-01
2800,layers.1.v_lut.log_soft_score_temp,5.579295e-01,2.007049e-02,3.597317e-02
2800,layers.1.v_lut.log_select_temp,8.567232e-01,4.737496e-03,5.529786e-03
2800,layers.1.out_proj.weights,5.042956e+01,1.303085e+01,2.583970e-01
2800,layers.1.out_proj.log_soft_score_temp,4.609836e-01,2.542084e-02,5.514479e-02
2800,layers.1.out_proj.log_select_temp,7.531558e-01,6.101131e-04,8.100756e-04
2800,layers.1.residual_lut.weights,5.212123e+01,1.130564e+01,2.169105e-01
2800,layers.1.residual_lut.log_soft_score_temp,3.247042e-01,2.130103e-02,6.560134e-02
2800,layers.1.residual_lut.log_select_temp,6.072333e-01,6.415248e-04,1.056472e-03
2800,layers.1.q_norm.weight,8.507113e+00,2.596619e-02,3.052292e-03
2800,layers.1.q_norm.bias,4.629351e-01,1.913960e-02,4.134403e-02
2800,layers.1.k_norm.weight,8.489074e+00,2.531009e-02,2.981491e-03
2800,layers.1.k_norm.bias,6.519201e-01,2.530898e-02,3.882221e-02
2800,layers.2.qkv_lut.weights,7.999930e+01,1.884750e+01,2.355959e-01
2800,layers.2.qkv_lut.log_soft_score_temp,2.996273e-01,2.295682e-02,7.661790e-02
2800,layers.2.qkv_lut.log_select_temp,5.782583e-01,1.699567e-03,2.939114e-03
2800,layers.2.v_lut.weights,3.940420e+01,9.159114e+00,2.324400e-01
2800,layers.2.v_lut.log_soft_score_temp,5.771186e-01,2.603501e-02,4.511207e-02
2800,layers.2.v_lut.log_select_temp,8.746294e-01,2.080977e-03,2.379267e-03
2800,layers.2.out_proj.weights,5.384303e+01,1.321004e+01,2.453435e-01
2800,layers.2.out_proj.log_soft_score_temp,5.710947e-01,2.557564e-02,4.478353e-02
2800,layers.2.out_proj.log_select_temp,8.403209e-01,2.588093e-03,3.079887e-03
2800,layers.2.residual_lut.weights,5.200612e+01,1.131425e+01,2.175561e-01
2800,layers.2.residual_lut.log_soft_score_temp,2.761770e-01,2.596447e-02,9.401385e-02
2800,layers.2.residual_lut.log_select_temp,5.790246e-01,2.649069e-03,4.575054e-03
2800,layers.2.q_norm.weight,8.542870e+00,3.189326e-02,3.733319e-03
2800,layers.2.q_norm.bias,5.273924e-01,2.069614e-02,3.924239e-02
2800,layers.2.k_norm.weight,8.519223e+00,2.977852e-02,3.495450e-03
2800,layers.2.k_norm.bias,8.519707e-01,3.916372e-02,4.596839e-02
2800,layers.3.qkv_lut.weights,8.073442e+01,1.910868e+01,2.366856e-01
2800,layers.3.qkv_lut.log_soft_score_temp,2.385170e-01,2.712652e-02,1.137299e-01
2800,layers.3.qkv_lut.log_select_temp,5.712597e-01,3.411174e-04,5.971319e-04
2800,layers.3.v_lut.weights,3.997706e+01,9.318088e+00,2.330859e-01
2800,layers.3.v_lut.log_soft_score_temp,5.594771e-01,2.820158e-02,5.040703e-02
2800,layers.3.v_lut.log_select_temp,8.823557e-01,3.480971e-03,3.945088e-03
2800,layers.3.out_proj.weights,5.755825e+01,1.334302e+01,2.318176e-01
2800,layers.3.out_proj.log_soft_score_temp,6.978883e-01,2.254695e-02,3.230739e-02
2800,layers.3.out_proj.log_select_temp,9.435651e-01,4.285932e-03,4.542274e-03
2800,layers.3.residual_lut.weights,5.342236e+01,1.140057e+01,2.134044e-01
2800,layers.3.residual_lut.log_soft_score_temp,2.546853e-01,3.231981e-02,1.269010e-01
2800,layers.3.residual_lut.log_select_temp,6.554595e-01,4.093945e-03,6.245916e-03
2800,layers.3.q_norm.weight,8.597708e+00,2.546477e-02,2.961809e-03
2800,layers.3.q_norm.bias,5.438569e-01,2.270730e-02,4.175234e-02
2800,layers.3.k_norm.weight,8.540356e+00,2.529568e-02,2.961900e-03
2800,layers.3.k_norm.bias,9.825652e-01,4.149554e-02,4.223184e-02
2800,layers.4.qkv_lut.weights,8.072217e+01,1.918436e+01,2.376592e-01
2800,layers.4.qkv_lut.log_soft_score_temp,3.689082e-01,2.902099e-02,7.866725e-02
2800,layers.4.qkv_lut.log_select_temp,6.662782e-01,2.771020e-03,4.158953e-03
2800,layers.4.v_lut.weights,4.043638e+01,9.188456e+00,2.272324e-01
2800,layers.4.v_lut.log_soft_score_temp,7.559521e-01,1.832247e-02,2.423760e-02
2800,layers.4.v_lut.log_select_temp,9.810081e-01,4.988670e-03,5.085249e-03
2800,layers.4.out_proj.weights,5.989718e+01,1.376513e+01,2.298126e-01
2800,layers.4.out_proj.log_soft_score_temp,8.046205e-01,6.281376e-03,7.806632e-03
2800,layers.4.out_proj.log_select_temp,9.742445e-01,1.623923e-02,1.666853e-02
2800,layers.4.residual_lut.weights,5.428274e+01,1.159862e+01,2.136706e-01
2800,layers.4.residual_lut.log_soft_score_temp,2.465174e-01,3.339857e-02,1.354816e-01
2800,layers.4.residual_lut.log_select_temp,6.507620e-01,1.379788e-03,2.120265e-03
2800,layers.4.q_norm.weight,8.514581e+00,3.753261e-02,4.408040e-03
2800,layers.4.q_norm.bias,3.322379e-01,1.758153e-02,5.291848e-02
2800,layers.4.k_norm.weight,8.486261e+00,3.720700e-02,4.384381e-03
2800,layers.4.k_norm.bias,4.993523e-01,2.488577e-02,4.983609e-02
2800,layers.5.qkv_lut.weights,8.164598e+01,1.951084e+01,2.389688e-01
2800,layers.5.qkv_lut.log_soft_score_temp,4.733192e-01,2.118981e-02,4.476854e-02
2800,layers.5.qkv_lut.log_select_temp,6.817222e-01,3.256500e-03,4.776872e-03
2800,layers.5.v_lut.weights,4.091071e+01,9.260492e+00,2.263586e-01
2800,layers.5.v_lut.log_soft_score_temp,8.918025e-01,5.533218e-03,6.204533e-03
2800,layers.5.v_lut.log_select_temp,9.784403e-01,1.620585e-02,1.656294e-02
2800,layers.5.out_proj.weights,6.706079e+01,1.508874e+01,2.250010e-01
2800,layers.5.out_proj.log_soft_score_temp,8.461347e-01,8.987606e-03,1.062196e-02
2800,layers.5.out_proj.log_select_temp,9.412240e-01,2.104688e-02,2.236118e-02
2800,layers.5.residual_lut.weights,5.620739e+01,1.189428e+01,2.116141e-01
2800,layers.5.residual_lut.log_soft_score_temp,2.739120e-01,2.951097e-02,1.077389e-01
2800,layers.5.residual_lut.log_select_temp,6.706545e-01,5.847096e-03,8.718493e-03
2800,layers.5.q_norm.weight,8.266732e+00,2.979593e-02,3.604317e-03
2800,layers.5.q_norm.bias,2.179795e-01,1.865397e-02,8.557670e-02
2800,layers.5.k_norm.weight,8.258490e+00,2.932231e-02,3.550565e-03
2800,layers.5.k_norm.bias,4.004921e-01,2.639228e-02,6.589961e-02
2800,ln_final.weight,2.812918e+01,6.218499e-01,2.210693e-02
2800,ln_final.bias,1.275513e+00,6.739873e-02,5.284047e-02
3000,tok_emb_E.weight,7.392617e+01,2.822245e+00,3.817654e-02
3000,unembedder.weight,2.078202e+02,1.788114e+01,8.604137e-02
3000,layers.0.qkv_lut.weights,8.342973e+01,1.728375e+01,2.071654e-01
3000,layers.0.qkv_lut.log_soft_score_temp,8.491973e-01,1.063883e-03,1.252810e-03
3000,layers.0.qkv_lut.log_select_temp,7.424472e-01,2.748370e-03,3.701772e-03
3000,layers.0.v_lut.weights,4.249886e+01,8.164038e+00,1.921001e-01
3000,layers.0.v_lut.log_soft_score_temp,1.020844e+00,4.837036e-03,4.738271e-03
3000,layers.0.v_lut.log_select_temp,1.135840e+00,1.325107e-02,1.166632e-02
3000,layers.0.out_proj.weights,5.593824e+01,1.191005e+01,2.129143e-01
3000,layers.0.out_proj.log_soft_score_temp,5.566550e-01,2.925038e-02,5.254670e-02
3000,layers.0.out_proj.log_select_temp,8.775633e-01,1.101971e-03,1.255716e-03
3000,layers.0.residual_lut.weights,5.749995e+01,1.099912e+01,1.912892e-01
3000,layers.0.residual_lut.log_soft_score_temp,4.803099e-01,1.212192e-02,2.523770e-02
3000,layers.0.residual_lut.log_select_temp,8.408571e-01,1.413083e-02,1.680527e-02
3000,layers.0.q_norm.weight,8.868795e+00,2.933040e-02,3.307146e-03
3000,layers.0.q_norm.bias,7.128217e-01,2.157505e-02,3.026711e-02
3000,layers.0.k_norm.weight,8.828506e+00,3.029900e-02,3.431951e-03
3000,layers.0.k_norm.bias,7.947020e-01,2.921851e-02,3.676663e-02
3000,layers.1.qkv_lut.weights,8.253642e+01,1.785523e+01,2.163315e-01
3000,layers.1.qkv_lut.log_soft_score_temp,2.903401e-01,1.937553e-02,6.673393e-02
3000,layers.1.qkv_lut.log_select_temp,5.598363e-01,1.413465e-03,2.524782e-03
3000,layers.1.v_lut.weights,4.051456e+01,8.772592e+00,2.165294e-01
3000,layers.1.v_lut.log_soft_score_temp,5.386180e-01,1.931143e-02,3.585366e-02
3000,layers.1.v_lut.log_select_temp,8.601664e-01,3.443122e-03,4.002856e-03
3000,layers.1.out_proj.weights,5.192988e+01,1.257786e+01,2.422086e-01
3000,layers.1.out_proj.log_soft_score_temp,4.394315e-01,2.155212e-02,4.904545e-02
3000,layers.1.out_proj.log_select_temp,7.576123e-01,4.456520e-03,5.882323e-03
3000,layers.1.residual_lut.weights,5.380555e+01,1.093660e+01,2.032616e-01
3000,layers.1.residual_lut.log_soft_score_temp,3.059279e-01,1.877630e-02,6.137491e-02
3000,layers.1.residual_lut.log_select_temp,6.099067e-01,2.673447e-03,4.383370e-03
3000,layers.1.q_norm.weight,8.528773e+00,2.810753e-02,3.295612e-03
3000,layers.1.q_norm.bias,4.763405e-01,1.797644e-02,3.773865e-02
3000,layers.1.k_norm.weight,8.509954e+00,2.584676e-02,3.037238e-03
3000,layers.1.k_norm.bias,6.739379e-01,2.891738e-02,4.290808e-02
3000,layers.2.qkv_lut.weights,8.262448e+01,1.822956e+01,2.206314e-01
3000,layers.2.qkv_lut.log_soft_score_temp,2.775678e-01,2.205950e-02,7.947427e-02
3000,layers.2.qkv_lut.log_select_temp,5.776088e-01,6.494522e-04,1.124381e-03
3000,layers.2.v_lut.weights,4.070289e+01,8.848641e+00,2.173959e-01
3000,layers.2.v_lut.log_soft_score_temp,5.548323e-01,2.228630e-02,4.016763e-02
3000,layers.2.v_lut.log_select_temp,8.762424e-01,1.613021e-03,1.840839e-03
3000,layers.2.out_proj.weights,5.551209e+01,1.273360e+01,2.293842e-01
3000,layers.2.out_proj.log_soft_score_temp,5.447225e-01,2.637219e-02,4.841400e-02
3000,layers.2.out_proj.log_select_temp,8.409637e-01,6.427765e-04,7.643333e-04
3000,layers.2.residual_lut.weights,5.364115e+01,1.092176e+01,2.036079e-01
3000,layers.2.residual_lut.log_soft_score_temp,2.540517e-01,2.212533e-02,8.708988e-02
3000,layers.2.residual_lut.log_select_temp,5.793843e-01,3.597140e-04,6.208556e-04
3000,layers.2.q_norm.weight,8.558845e+00,2.145922e-02,2.507257e-03
3000,layers.2.q_norm.bias,5.395761e-01,1.614539e-02,2.992236e-02
3000,layers.2.k_norm.weight,8.534476e+00,2.055583e-02,2.408563e-03
3000,layers.2.k_norm.bias,8.750151e-01,2.955210e-02,3.377325e-02
3000,layers.3.qkv_lut.weights,8.336301e+01,1.841380e+01,2.208870e-01
3000,layers.3.qkv_lut.log_soft_score_temp,2.126731e-01,2.584396e-02,1.215197e-01
3000,layers.3.qkv_lut.log_select_temp,5.721493e-01,8.896589e-04,1.554942e-03
3000,layers.3.v_lut.weights,4.128522e+01,8.962140e+00,2.170787e-01
3000,layers.3.v_lut.log_soft_score_temp,5.323699e-01,2.710724e-02,5.091806e-02
3000,layers.3.v_lut.log_select_temp,8.834540e-01,1.098275e-03,1.243161e-03
3000,layers.3.out_proj.weights,5.949615e+01,1.284793e+01,2.159456e-01
3000,layers.3.out_proj.log_soft_score_temp,6.756195e-01,2.226883e-02,3.296061e-02
3000,layers.3.out_proj.log_select_temp,9.495025e-01,5.937338e-03,6.253104e-03
3000,layers.3.residual_lut.weights,5.506728e+01,1.099823e+01,1.997235e-01
3000,layers.3.residual_lut.log_soft_score_temp,2.229571e-01,3.172816e-02,1.423061e-01
3000,layers.3.residual_lut.log_select_temp,6.531792e-01,2.280235e-03,3.490979e-03
3000,layers.3.q_norm.weight,8.613548e+00,2.377818e-02,2.760556e-03
3000,layers.3.q_norm.bias,5.545997e-01,1.623393e-02,2.927144e-02
3000,layers.3.k_norm.weight,8.554437e+00,2.524446e-02,2.951037e-03
3000,layers.3.k_norm.bias,1.008922e+00,3.207032e-02,3.178672e-02
3000,layers.4.qkv_lut.weights,8.333141e+01,1.848145e+01,2.217825e-01
3000,layers.4.qkv_lut.log_soft_score_temp,3.390643e-01,2.984396e-02,8.801858e-02
3000,layers.4.qkv_lut.log_select_temp,6.637259e-01,2.552390e-03,3.845549e-03
3000,layers.4.v_lut.weights,4.177496e+01,8.835963e+00,2.115134e-01
3000,layers.4.v_lut.log_soft_score_temp,7.352533e-01,2.069879e-02,2.815191e-02
3000,layers.4.v_lut.log_select_temp,9.862091e-01,5.201042e-03,5.273772e-03
3000,layers.4.out_proj.weights,6.200453e+01,1.322658e+01,2.133164e-01
3000,layers.4.out_proj.log_soft_score_temp,7.928505e-01,1.177001e-02,1.484518e-02
3000,layers.4.out_proj.log_select_temp,9.871830e-01,1.293856e-02,1.310655e-02
3000,layers.4.residual_lut.weights,5.600846e+01,1.115949e+01,1.992465e-01
3000,layers.4.residual_lut.log_soft_score_temp,2.135698e-01,3.294754e-02,1.542706e-01
3000,layers.4.residual_lut.log_select_temp,6.495795e-01,1.182437e-03,1.820311e-03
3000,layers.4.q_norm.weight,8.544653e+00,3.910477e-02,4.576520e-03
3000,layers.4.q_norm.bias,3.408455e-01,2.021436e-02,5.930652e-02
3000,layers.4.k_norm.weight,8.515227e+00,3.795175e-02,4.456927e-03
3000,layers.4.k_norm.bias,5.163228e-01,2.377247e-02,4.604187e-02
3000,layers.5.qkv_lut.weights,8.430865e+01,1.882075e+01,2.232362e-01
3000,layers.5.qkv_lut.log_soft_score_temp,4.549051e-01,1.841414e-02,4.047908e-02
3000,layers.5.qkv_lut.log_select_temp,6.806480e-01,1.074135e-03,1.578107e-03
3000,layers.5.v_lut.weights,4.229612e+01,8.932184e+00,2.111821e-01
3000,layers.5.v_lut.log_soft_score_temp,8.916595e-01,1.430511e-04,1.604325e-04
3000,layers.5.v_lut.log_select_temp,9.915207e-01,1.308042e-02,1.319228e-02
3000,layers.5.out_proj.weights,6.946256e+01,1.466983e+01,2.111904e-01
3000,layers.5.out_proj.log_soft_score_temp,8.519070e-01,5.772293e-03,6.775731e-03
3000,layers.5.out_proj.log_select_temp,9.597133e-01,1.848924e-02,1.926538e-02
3000,layers.5.residual_lut.weights,5.814544e+01,1.148655e+01,1.975486e-01
3000,layers.5.residual_lut.log_soft_score_temp,2.461661e-01,2.774593e-02,1.127123e-01
3000,layers.5.residual_lut.log_select_temp,6.769763e-01,6.321847e-03,9.338358e-03
3000,layers.5.q_norm.weight,8.287873e+00,3.313518e-02,3.998031e-03
3000,layers.5.q_norm.bias,2.282756e-01,1.809310e-02,7.925991e-02
3000,layers.5.k_norm.weight,8.279367e+00,3.080456e-02,3.720641e-03
3000,layers.5.k_norm.bias,4.157303e-01,2.680808e-02,6.448432e-02
3000,ln_final.weight,2.871897e+01,5.927228e-01,2.063872e-02
3000,ln_final.bias,1.282275e+00,5.959686e-02,4.647743e-02
3200,tok_emb_E.weight,7.400639e+01,2.715591e+00,3.669401e-02
3200,unembedder.weight,2.100646e+02,1.683209e+01,8.012813e-02
3200,layers.0.qkv_lut.weights,8.581105e+01,1.676655e+01,1.953892e-01
3200,layers.0.qkv_lut.log_soft_score_temp,8.480915e-01,1.105845e-03,1.303922e-03
3200,layers.0.qkv_lut.log_select_temp,7.391037e-01,3.343523e-03,4.523753e-03
3200,layers.0.v_lut.weights,4.371904e+01,7.879578e+00,1.802322e-01
3200,layers.0.v_lut.log_soft_score_temp,1.014774e+00,6.070614e-03,5.982235e-03
3200,layers.0.v_lut.log_select_temp,1.147116e+00,1.127660e-02,9.830392e-03
3200,layers.0.out_proj.weights,5.742123e+01,1.145156e+01,1.994307e-01
3200,layers.0.out_proj.log_soft_score_temp,5.299042e-01,2.675080e-02,5.048233e-02
3200,layers.0.out_proj.log_select_temp,8.791735e-01,1.610219e-03,1.831515e-03
3200,layers.0.residual_lut.weights,5.922780e+01,1.059827e+01,1.789409e-01
3200,layers.0.residual_lut.log_soft_score_temp,4.668505e-01,1.345944e-02,2.883031e-02
3200,layers.0.residual_lut.log_select_temp,8.541993e-01,1.334226e-02,1.561961e-02
3200,layers.0.q_norm.weight,8.887629e+00,2.816187e-02,3.168660e-03
3200,layers.0.q_norm.bias,7.293242e-01,2.147658e-02,2.944723e-02
3200,layers.0.k_norm.weight,8.846098e+00,2.706390e-02,3.059416e-03
3200,layers.0.k_norm.bias,8.118025e-01,2.388077e-02,2.941697e-02
3200,layers.1.qkv_lut.weights,8.488998e+01,1.723366e+01,2.030117e-01
3200,layers.1.qkv_lut.log_soft_score_temp,2.749420e-01,1.539803e-02,5.600462e-02
3200,layers.1.qkv_lut.log_select_temp,5.631607e-01,3.324389e-03,5.903093e-03
3200,layers.1.v_lut.weights,4.168647e+01,8.454146e+00,2.028031e-01
3200,layers.1.v_lut.log_soft_score_temp,5.191548e-01,1.946318e-02,3.749013e-02
3200,layers.1.v_lut.log_select_temp,8.625276e-01,2.361238e-03,2.737580e-03
3200,layers.1.out_proj.weights,5.325248e+01,1.209675e+01,2.271584e-01
3200,layers.1.out_proj.log_soft_score_temp,4.165016e-01,2.292994e-02,5.505366e-02
3200,layers.1.out_proj.log_select_temp,7.601721e-01,2.559781e-03,3.367371e-03
3200,layers.1.residual_lut.weights,5.529565e+01,1.052208e+01,1.902876e-01
3200,layers.1.residual_lut.log_soft_score_temp,2.853508e-01,2.057710e-02,7.211160e-02
3200,layers.1.residual_lut.log_select_temp,6.108772e-01,9.704828e-04,1.588671e-03
3200,layers.1.q_norm.weight,8.546689e+00,2.192727e-02,2.565586e-03
3200,layers.1.q_norm.bias,4.828099e-01,1.282170e-02,2.655642e-02
3200,layers.1.k_norm.weight,8.527395e+00,2.225194e-02,2.609466e-03
3200,layers.1.k_norm.bias,6.892843e-01,2.052519e-02,2.977754e-02
3200,layers.2.qkv_lut.weights,8.496742e+01,1.750474e+01,2.060170e-01
3200,layers.2.qkv_lut.log_soft_score_temp,2.577662e-01,1.980168e-02,7.682031e-02
3200,layers.2.qkv_lut.log_select_temp,5.806547e-01,3.045857e-03,5.245557e-03
3200,layers.2.v_lut.weights,4.188937e+01,8.498414e+00,2.028776e-01
3200,layers.2.v_lut.log_soft_score_temp,5.300313e-01,2.480102e-02,4.679161e-02
3200,layers.2.v_lut.log_select_temp,8.766620e-01,4.195571e-04,4.785848e-04
3200,layers.2.out_proj.weights,5.703386e+01,1.225047e+01,2.147930e-01
3200,layers.2.out_proj.log_soft_score_temp,5.201992e-01,2.452326e-02,4.714205e-02
3200,layers.2.out_proj.log_select_temp,8.473027e-01,6.339014e-03,7.481404e-03
3200,layers.2.residual_lut.weights,5.511211e+01,1.055234e+01,1.914704e-01
3200,layers.2.residual_lut.log_soft_score_temp,2.316204e-01,2.243131e-02,9.684516e-02
3200,layers.2.residual_lut.log_select_temp,5.800950e-01,7.106662e-04,1.225086e-03
3200,layers.2.q_norm.weight,8.582855e+00,2.928825e-02,3.412413e-03
3200,layers.2.q_norm.bias,5.549363e-01,1.988473e-02,3.583245e-02
3200,layers.2.k_norm.weight,8.557432e+00,2.977949e-02,3.479956e-03
3200,layers.2.k_norm.bias,8.965057e-01,2.765163e-02,3.084379e-02
3200,layers.3.qkv_lut.weights,8.575066e+01,1.778490e+01,2.074025e-01
3200,layers.3.qkv_lut.log_soft_score_temp,1.885486e-01,2.412449e-02,1.279484e-01
3200,layers.3.qkv_lut.log_select_temp,5.728108e-01,6.614923e-04,1.154818e-03
3200,layers.3.v_lut.weights,4.246698e+01,8.622708e+00,2.030450e-01
3200,layers.3.v_lut.log_soft_score_temp,5.055810e-01,2.678889e-02,5.298635e-02
3200,layers.3.v_lut.log_select_temp,8.808700e-01,2.583981e-03,2.933441e-03
3200,layers.3.out_proj.weights,6.121602e+01,1.236364e+01,2.019674e-01
3200,layers.3.out_proj.log_soft_score_temp,6.527990e-01,2.282053e-02,3.495798e-02
3200,layers.3.out_proj.log_select_temp,9.514657e-01,1.963198e-03,2.063341e-03
3200,layers.3.residual_lut.weights,5.655907e+01,1.060579e+01,1.875171e-01
3200,layers.3.residual_lut.log_soft_score_temp,1.953117e-01,2.764536e-02,1.415448e-01
3200,layers.3.residual_lut.log_select_temp,6.534008e-01,2.215505e-04,3.390729e-04
3200,layers.3.q_norm.weight,8.626410e+00,2.212091e-02,2.564324e-03
3200,layers.3.q_norm.bias,5.673369e-01,1.799381e-02,3.171627e-02
3200,layers.3.k_norm.weight,8.566407e+00,2.213192e-02,2.583571e-03
3200,layers.3.k_norm.bias,1.035299e+00,3.258612e-02,3.147510e-02
3200,layers.4.qkv_lut.weights,8.571001e+01,1.779609e+01,2.076315e-01
3200,layers.4.qkv_lut.log_soft_score_temp,3.127527e-01,2.631161e-02,8.412912e-02
3200,layers.4.qkv_lut.log_select_temp,6.618756e-01,1.850247e-03,2.795461e-03
3200,layers.4.v_lut.weights,4.297678e+01,8.528866e+00,1.984529e-01
3200,layers.4.v_lut.log_soft_score_temp,7.132956e-01,2.195776e-02,3.078353e-02
3200,layers.4.v_lut.log_select_temp,9.869545e-01,7.453561e-04,7.552082e-04
3200,layers.4.out_proj.weights,6.392809e+01,1.271224e+01,1.988522e-01
3200,layers.4.out_proj.log_soft_score_temp,7.795128e-01,1.333767e-02,1.711027e-02
3200,layers.4.out_proj.log_select_temp,9.972928e-01,1.010978e-02,1.013723e-02
3200,layers.4.residual_lut.weights,5.756913e+01,1.078517e+01,1.873429e-01
3200,layers.4.residual_lut.log_soft_score_temp,1.816022e-01,3.196764e-02,1.760311e-01
3200,layers.4.residual_lut.log_select_temp,6.512476e-01,1.668096e-03,2.561385e-03
3200,layers.4.q_norm.weight,8.569359e+00,3.151555e-02,3.677703e-03
3200,layers.4.q_norm.bias,3.491123e-01,1.605532e-02,4.598899e-02
3200,layers.4.k_norm.weight,8.538766e+00,3.137157e-02,3.674017e-03
3200,layers.4.k_norm.bias,5.293871e-01,2.313324e-02,4.369816e-02
3200,layers.5.qkv_lut.weights,8.667886e+01,1.811910e+01,2.090371e-01
3200,layers.5.qkv_lut.log_soft_score_temp,4.357950e-01,1.911011e-02,4.385116e-02
3200,layers.5.qkv_lut.log_select_temp,6.788327e-01,1.815319e-03,2.674177e-03
3200,layers.5.v_lut.weights,4.351540e+01,8.622168e+00,1.981406e-01
3200,layers.5.v_lut.log_soft_score_temp,8.860544e-01,5.605102e-03,6.325911e-03
3200,layers.5.v_lut.log_select_temp,9.978927e-01,6.372035e-03,6.385490e-03
3200,layers.5.out_proj.weights,7.169997e+01,1.416310e+01,1.975328e-01
3200,layers.5.out_proj.log_soft_score_temp,8.569099e-01,5.002916e-03,5.838322e-03
3200,layers.5.out_proj.log_select_temp,9.792759e-01,1.956260e-02,1.997660e-02
3200,layers.5.residual_lut.weights,5.991486e+01,1.108288e+01,1.849771e-01
3200,layers.5.residual_lut.log_soft_score_temp,2.193530e-01,2.681300e-02,1.222367e-01
3200,layers.5.residual_lut.log_select_temp,6.842607e-01,7.284403e-03,1.064565e-02
3200,layers.5.q_norm.weight,8.304406e+00,3.103089e-02,3.736678e-03
3200,layers.5.q_norm.bias,2.398423e-01,1.751435e-02,7.302443e-02
3200,layers.5.k_norm.weight,8.295569e+00,2.951973e-02,3.558494e-03
3200,layers.5.k_norm.bias,4.282089e-01,2.582631e-02,6.031241e-02
3200,ln_final.weight,2.928948e+01,5.731630e-01,1.956890e-02
3200,ln_final.bias,1.289979e+00,6.102845e-02,4.730964e-02
3400,tok_emb_E.weight,7.408109e+01,2.599030e+00,3.508358e-02
3400,unembedder.weight,2.118734e+02,1.606289e+01,7.581362e-02
3400,layers.0.qkv_lut.weights,8.792531e+01,1.602422e+01,1.822481e-01
3400,layers.0.qkv_lut.log_soft_score_temp,8.457548e-01,2.336681e-03,2.762835e-03
3400,layers.0.qkv_lut.log_select_temp,7.344052e-01,4.698455e-03,6.397633e-03
3400,layers.0.v_lut.weights,4.480865e+01,7.555452e+00,1.686159e-01
3400,layers.0.v_lut.log_soft_score_temp,1.005898e+00,8.875847e-03,8.823806e-03
3400,layers.0.v_lut.log_select_temp,1.156824e+00,9.707212e-03,8.391265e-03
3400,layers.0.out_proj.weights,5.872765e+01,1.094942e+01,1.864441e-01
3400,layers.0.out_proj.log_soft_score_temp,5.025918e-01,2.731240e-02,5.434310e-02
3400,layers.0.out_proj.log_select_temp,8.788669e-01,3.066063e-04,3.488654e-04
3400,layers.0.residual_lut.weights,6.078846e+01,1.010840e+01,1.662882e-01
3400,layers.0.residual_lut.log_soft_score_temp,4.562784e-01,1.057211e-02,2.317030e-02
3400,layers.0.residual_lut.log_select_temp,8.681926e-01,1.399320e-02,1.611763e-02
3400,layers.0.q_norm.weight,8.911230e+00,2.883558e-02,3.235870e-03
3400,layers.0.q_norm.bias,7.471101e-01,2.203430e-02,2.949271e-02
3400,layers.0.k_norm.weight,8.868854e+00,2.776994e-02,3.131176e-03
3400,layers.0.k_norm.bias,8.333513e-01,2.809300e-02,3.371087e-02
3400,layers.1.qkv_lut.weights,8.699336e+01,1.652156e+01,1.899175e-01
3400,layers.1.qkv_lut.log_soft_score_temp,2.585697e-01,1.637235e-02,6.331892e-02
3400,layers.1.qkv_lut.log_select_temp,5.643749e-01,1.214206e-03,2.151418e-03
3400,layers.1.v_lut.weights,4.274226e+01,8.068706e+00,1.887758e-01
3400,layers.1.v_lut.log_soft_score_temp,5.010244e-01,1.813042e-02,3.618670e-02
3400,layers.1.v_lut.log_select_temp,8.670065e-01,4.478872e-03,5.165904e-03
3400,layers.1.out_proj.weights,5.442029e+01,1.156193e+01,2.124563e-01
3400,layers.1.out_proj.log_soft_score_temp,3.958139e-01,2.068761e-02,5.226600e-02
3400,layers.1.out_proj.log_select_temp,7.637657e-01,3.593624e-03,4.705139e-03
3400,layers.1.residual_lut.weights,5.663027e+01,1.007254e+01,1.778650e-01
3400,layers.1.residual_lut.log_soft_score_temp,2.681117e-01,1.723909e-02,6.429818e-02
3400,layers.1.residual_lut.log_select_temp,6.140831e-01,3.205836e-03,5.220525e-03
3400,layers.1.q_norm.weight,8.570996e+00,3.021647e-02,3.525433e-03
3400,layers.1.q_norm.bias,4.938052e-01,1.503613e-02,3.044951e-02
3400,layers.1.k_norm.weight,8.551331e+00,2.946566e-02,3.445740e-03
3400,layers.1.k_norm.bias,7.064642e-01,2.284489e-02,3.233694e-02
3400,layers.2.qkv_lut.weights,8.708066e+01,1.676961e+01,1.925756e-01
3400,layers.2.qkv_lut.log_soft_score_temp,2.390642e-01,1.870196e-02,7.822985e-02
3400,layers.2.qkv_lut.log_select_temp,5.826125e-01,1.957774e-03,3.360337e-03
3400,layers.2.v_lut.weights,4.294592e+01,8.132186e+00,1.893588e-01
3400,layers.2.v_lut.log_soft_score_temp,5.114568e-01,1.857442e-02,3.631668e-02
3400,layers.2.v_lut.log_select_temp,8.812065e-01,4.544497e-03,5.157130e-03
3400,layers.2.out_proj.weights,5.841681e+01,1.170303e+01,2.003368e-01
3400,layers.2.out_proj.log_soft_score_temp,5.004170e-01,1.978225e-02,3.953152e-02
3400,layers.2.out_proj.log_select_temp,8.543487e-01,7.045984e-03,8.247200e-03
3400,layers.2.residual_lut.weights,5.641743e+01,1.009667e+01,1.789637e-01
3400,layers.2.residual_lut.log_soft_score_temp,2.119647e-01,1.965573e-02,9.273118e-02
3400,layers.2.residual_lut.log_select_temp,5.813953e-01,1.300335e-03,2.236576e-03
3400,layers.2.q_norm.weight,8.607692e+00,3.032451e-02,3.522955e-03
3400,layers.2.q_norm.bias,5.673796e-01,1.702976e-02,3.001475e-02
3400,layers.2.k_norm.weight,8.581481e+00,2.858053e-02,3.330489e-03
3400,layers.2.k_norm.bias,9.207137e-01,2.825657e-02,3.068986e-02
3400,layers.3.qkv_lut.weights,8.787708e+01,1.697558e+01,1.931742e-01
3400,layers.3.qkv_lut.log_soft_score_temp,1.655242e-01,2.302437e-02,1.390997e-01
3400,layers.3.qkv_lut.log_select_temp,5.742320e-01,1.421154e-03,2.474877e-03
3400,layers.3.v_lut.weights,4.352571e+01,8.267357e+00,1.899419e-01
3400,layers.3.v_lut.log_soft_score_temp,4.830005e-01,2.258050e-02,4.675048e-02
3400,layers.3.v_lut.log_select_temp,8.829181e-01,2.048135e-03,2.319734e-03
3400,layers.3.out_proj.weights,6.277375e+01,1.181949e+01,1.882871e-01
3400,layers.3.out_proj.log_soft_score_temp,6.289071e-01,2.389181e-02,3.798940e-02
3400,layers.3.out_proj.log_select_temp,9.550873e-01,3.621638e-03,3.791944e-03
3400,layers.3.residual_lut.weights,5.786786e+01,1.012590e+01,1.749831e-01
3400,layers.3.residual_lut.log_soft_score_temp,1.673494e-01,2.796234e-02,1.670896e-01
3400,layers.3.residual_lut.log_select_temp,6.525865e-01,8.142591e-04,1.247741e-03
3400,layers.3.q_norm.weight,8.638330e+00,2.205700e-02,2.553387e-03
3400,layers.3.q_norm.bias,5.808995e-01,1.785715e-02,3.074052e-02
3400,layers.3.k_norm.weight,8.577353e+00,2.179486e-02,2.540978e-03
3400,layers.3.k_norm.bias,1.061286e+00,3.054237e-02,2.877866e-02
3400,layers.4.qkv_lut.weights,8.781662e+01,1.704266e+01,1.940710e-01
3400,layers.4.qkv_lut.log_soft_score_temp,2.879680e-01,2.478468e-02,8.606750e-02
3400,layers.4.qkv_lut.log_select_temp,6.602104e-01,1.665175e-03,2.522188e-03
3400,layers.4.v_lut.weights,4.406385e+01,8.144610e+00,1.848366e-01
3400,layers.4.v_lut.log_soft_score_temp,6.911455e-01,2.215010e-02,3.204839e-02
3400,layers.4.v_lut.log_select_temp,9.862667e-01,6.877780e-04,6.973550e-04
3400,layers.4.out_proj.weights,6.566032e+01,1.215190e+01,1.850722e-01
3400,layers.4.out_proj.log_soft_score_temp,7.669120e-01,1.260078e-02,1.643054e-02
3400,layers.4.out_proj.log_select_temp,1.008248e+00,1.095480e-02,1.086519e-02
3400,layers.4.residual_lut.weights,5.898547e+01,1.030559e+01,1.747140e-01
3400,layers.4.residual_lut.log_soft_score_temp,1.539805e-01,2.762166e-02,1.793841e-01
3400,layers.4.residual_lut.log_select_temp,6.565486e-01,5.300999e-03,8.074038e-03
3400,layers.4.q_norm.weight,8.593698e+00,3.377207e-02,3.929864e-03
3400,layers.4.q_norm.bias,3.579646e-01,1.734287e-02,4.844856e-02
3400,layers.4.k_norm.weight,8.562734e+00,3.393072e-02,3.962604e-03
3400,layers.4.k_norm.bias,5.449594e-01,2.216170e-02,4.066670e-02
3400,layers.5.qkv_lut.weights,8.881452e+01,1.735817e+01,1.954429e-01
3400,layers.5.qkv_lut.log_soft_score_temp,4.149192e-01,2.087578e-02,5.031288e-02
3400,layers.5.qkv_lut.log_select_temp,6.755075e-01,3.325164e-03,4.922468e-03
3400,layers.5.v_lut.weights,4.464095e+01,8.266412e+00,1.851756e-01
3400,layers.5.v_lut.log_soft_score_temp,8.849466e-01,1.107812e-03,1.251840e-03
3400,layers.5.v_lut.log_select_temp,1.008205e+00,1.031232e-02,1.022839e-02
3400,layers.5.out_proj.weights,7.366760e+01,1.321061e+01,1.793273e-01
3400,layers.5.out_proj.log_soft_score_temp,8.594496e-01,2.539694e-03,2.955024e-03
3400,layers.5.out_proj.log_select_temp,9.959885e-01,1.671261e-02,1.677992e-02
3400,layers.5.residual_lut.weights,6.147530e+01,1.057174e+01,1.719672e-01
3400,layers.5.residual_lut.log_soft_score_temp,1.954854e-01,2.386765e-02,1.220943e-01
3400,layers.5.residual_lut.log_select_temp,6.911014e-01,6.840646e-03,9.898181e-03
3400,layers.5.q_norm.weight,8.317410e+00,2.454651e-02,2.951221e-03
3400,layers.5.q_norm.bias,2.487548e-01,1.709321e-02,6.871511e-02
3400,layers.5.k_norm.weight,8.307641e+00,2.311572e-02,2.782464e-03
3400,layers.5.k_norm.bias,4.359837e-01,2.155065e-02,4.942994e-02
3400,ln_final.weight,2.984469e+01,5.576029e-01,1.868349e-02
3400,ln_final.bias,1.299970e+00,5.939120e-02,4.568659e-02
3600,tok_emb_E.weight,7.414890e+01,2.484587e+00,3.350807e-02
3600,unembedder.weight,2.134287e+02,1.566242e+01,7.338479e-02
3600,layers.0.qkv_lut.weights,8.980805e+01,1.535878e+01,1.710178e-01
3600,layers.0.qkv_lut.log_soft_score_temp,8.459520e-01,1.972318e-04,2.331477e-04
3600,layers.0.qkv_lut.log_select_temp,7.330253e-01,1.379907e-03,1.882482e-03
3600,layers.0.v_lut.weights,4.577372e+01,7.241644e+00,1.582053e-01
3600,layers.0.v_lut.log_soft_score_temp,9.982255e-01,7.672310e-03,7.685949e-03
3600,layers.0.v_lut.log_select_temp,1.164146e+00,7.322907e-03,6.290366e-03
3600,layers.0.out_proj.weights,5.988802e+01,1.047110e+01,1.748446e-01
3600,layers.0.out_proj.log_soft_score_temp,4.780132e-01,2.457863e-02,5.141831e-02
3600,layers.0.out_proj.log_select_temp,8.809374e-01,2.070487e-03,2.350322e-03
3600,layers.0.residual_lut.weights,6.220637e+01,9.675298e+00,1.555355e-01
3600,layers.0.residual_lut.log_soft_score_temp,4.457061e-01,1.057228e-02,2.372030e-02
3600,layers.0.residual_lut.log_select_temp,8.803848e-01,1.219225e-02,1.384877e-02
3600,layers.0.q_norm.weight,8.932845e+00,2.805104e-02,3.140213e-03
3600,layers.0.q_norm.bias,7.615849e-01,1.907843e-02,2.505096e-02
3600,layers.0.k_norm.weight,8.889764e+00,2.793606e-02,3.142497e-03
3600,layers.0.k_norm.bias,8.528451e-01,2.435318e-02,2.855522e-02
3600,layers.1.qkv_lut.weights,8.886833e+01,1.574635e+01,1.771874e-01
3600,layers.1.qkv_lut.log_soft_score_temp,2.419737e-01,1.659597e-02,6.858586e-02
3600,layers.1.qkv_lut.log_select_temp,5.645362e-01,1.612902e-04,2.857039e-04
3600,layers.1.v_lut.weights,4.370668e+01,7.720457e+00,1.766425e-01
3600,layers.1.v_lut.log_soft_score_temp,4.864253e-01,1.459908e-02,3.001300e-02
3600,layers.1.v_lut.log_select_temp,8.738164e-01,6.809890e-03,7.793274e-03
3600,layers.1.out_proj.weights,5.544999e+01,1.102146e+01,1.987639e-01
3600,layers.1.out_proj.log_soft_score_temp,3.750198e-01,2.079412e-02,5.544807e-02
3600,layers.1.out_proj.log_select_temp,7.681831e-01,4.417419e-03,5.750477e-03
3600,layers.1.residual_lut.weights,5.781618e+01,9.583807e+00,1.657634e-01
3600,layers.1.residual_lut.log_soft_score_temp,2.517435e-01,1.636818e-02,6.501927e-02
3600,layers.1.residual_lut.log_select_temp,6.164640e-01,2.380908e-03,3.862201e-03
3600,layers.1.q_norm.weight,8.588691e+00,2.415290e-02,2.812175e-03
3600,layers.1.q_norm.bias,5.059791e-01,1.605284e-02,3.172628e-02
3600,layers.1.k_norm.weight,8.568649e+00,2.361587e-02,2.756078e-03
3600,layers.1.k_norm.bias,7.210513e-01,2.184459e-02,3.029547e-02
3600,layers.2.qkv_lut.weights,8.893905e+01,1.602894e+01,1.802239e-01
3600,layers.2.qkv_lut.log_soft_score_temp,2.211131e-01,1.795106e-02,8.118494e-02
3600,layers.2.qkv_lut.log_select_temp,5.839971e-01,1.384676e-03,2.371031e-03
3600,layers.2.v_lut.weights,4.387725e+01,7.749137e+00,1.766094e-01
3600,layers.2.v_lut.log_soft_score_temp,4.903452e-01,2.111167e-02,4.305471e-02
3600,layers.2.v_lut.log_select_temp,8.832285e-01,2.022088e-03,2.289427e-03
3600,layers.2.out_proj.weights,5.961582e+01,1.116959e+01,1.873594e-01
3600,layers.2.out_proj.log_soft_score_temp,4.786323e-01,2.178469e-02,4.551446e-02
3600,layers.2.out_proj.log_select_temp,8.584014e-01,4.052699e-03,4.721216e-03
3600,layers.2.residual_lut.weights,5.755792e+01,9.640164e+00,1.674863e-01
3600,layers.2.residual_lut.log_soft_score_temp,1.919966e-01,1.996803e-02,1.040020e-01
3600,layers.2.residual_lut.log_select_temp,5.817081e-01,3.127456e-04,5.376332e-04
3600,layers.2.q_norm.weight,8.626060e+00,2.446568e-02,2.836252e-03
3600,layers.2.q_norm.bias,5.790166e-01,1.462627e-02,2.526054e-02
3600,layers.2.k_norm.weight,8.598751e+00,2.498678e-02,2.905862e-03
3600,layers.2.k_norm.bias,9.421461e-01,2.505896e-02,2.659774e-02
3600,layers.3.qkv_lut.weights,8.977317e+01,1.618538e+01,1.802919e-01
3600,layers.3.qkv_lut.log_soft_score_temp,1.455371e-01,1.998714e-02,1.373336e-01
3600,layers.3.qkv_lut.log_select_temp,5.790300e-01,4.798055e-03,8.286366e-03
3600,layers.3.v_lut.weights,4.446258e+01,7.862083e+00,1.768247e-01
3600,layers.3.v_lut.log_soft_score_temp,4.618692e-01,2.113122e-02,4.575152e-02
3600,layers.3.v_lut.log_select_temp,8.843235e-01,1.405358e-03,1.589190e-03
3600,layers.3.out_proj.weights,6.414312e+01,1.126656e+01,1.756472e-01
3600,layers.3.out_proj.log_soft_score_temp,6.076156e-01,2.129149e-02,3.504106e-02
3600,layers.3.out_proj.log_select_temp,9.570824e-01,1.995087e-03,2.084551e-03
3600,layers.3.residual_lut.weights,5.902280e+01,9.678595e+00,1.639806e-01
3600,layers.3.residual_lut.log_soft_score_temp,1.409480e-01,2.640140e-02,1.873131e-01
3600,layers.3.residual_lut.log_select_temp,6.514338e-01,1.152754e-03,1.769564e-03
3600,layers.3.q_norm.weight,8.656277e+00,2.439970e-02,2.818730e-03
3600,layers.3.q_norm.bias,5.903054e-01,1.752120e-02,2.968159e-02
3600,layers.3.k_norm.weight,8.593864e+00,2.395648e-02,2.787626e-03
3600,layers.3.k_norm.bias,1.078156e+00,2.505082e-02,2.323487e-02
3600,layers.4.qkv_lut.weights,8.968097e+01,1.624451e+01,1.811367e-01
3600,layers.4.qkv_lut.log_soft_score_temp,2.664835e-01,2.148452e-02,8.062236e-02
3600,layers.4.qkv_lut.log_select_temp,6.614878e-01,1.277328e-03,1.930992e-03
3600,layers.4.v_lut.weights,4.504068e+01,7.773245e+00,1.725828e-01
3600,layers.4.v_lut.log_soft_score_temp,6.714373e-01,1.970822e-02,2.935228e-02
3600,layers.4.v_lut.log_select_temp,9.866356e-01,3.688931e-04,3.738900e-04
3600,layers.4.out_proj.weights,6.722988e+01,1.155852e+01,1.719253e-01
3600,layers.4.out_proj.log_soft_score_temp,7.560955e-01,1.081651e-02,1.430575e-02
3600,layers.4.out_proj.log_select_temp,1.019896e+00,1.164830e-02,1.142106e-02
3600,layers.4.residual_lut.weights,6.022259e+01,9.812402e+00,1.629356e-01
3600,layers.4.residual_lut.log_soft_score_temp,1.276872e-01,2.629328e-02,2.059194e-01
3600,layers.4.residual_lut.log_select_temp,6.604897e-01,3.941119e-03,5.966964e-03
3600,layers.4.q_norm.weight,8.614842e+00,2.798226e-02,3.248146e-03
3600,layers.4.q_norm.bias,3.632294e-01,1.363820e-02,3.754708e-02
3600,layers.4.k_norm.weight,8.583378e+00,2.678193e-02,3.120209e-03
3600,layers.4.k_norm.bias,5.544299e-01,1.809580e-02,3.263856e-02
3600,layers.5.qkv_lut.weights,9.070612e+01,1.650371e+01,1.819470e-01
3600,layers.5.qkv_lut.log_soft_score_temp,3.987107e-01,1.620847e-02,4.065220e-02
3600,layers.5.qkv_lut.log_select_temp,6.755081e-01,5.960464e-07,8.823675e-07
3600,layers.5.v_lut.weights,4.558787e+01,7.852596e+00,1.722519e-01
3600,layers.5.v_lut.log_soft_score_temp,8.770511e-01,7.895529e-03,9.002360e-03
3600,layers.5.v_lut.log_select_temp,1.011675e+00,3.469825e-03,3.429782e-03
3600,layers.5.out_proj.weights,7.549047e+01,1.292396e+01,1.711999e-01
3600,layers.5.out_proj.log_soft_score_temp,8.615464e-01,2.096772e-03,2.433731e-03
3600,layers.5.out_proj.log_select_temp,1.013029e+00,1.704061e-02,1.682144e-02
3600,layers.5.residual_lut.weights,6.291568e+01,1.011265e+01,1.607334e-01
3600,layers.5.residual_lut.log_soft_score_temp,1.730784e-01,2.240700e-02,1.294615e-01
3600,layers.5.residual_lut.log_select_temp,7.006246e-01,9.523273e-03,1.359255e-02
3600,layers.5.q_norm.weight,8.331927e+00,2.169257e-02,2.603548e-03
3600,layers.5.q_norm.bias,2.541431e-01,1.162003e-02,4.572241e-02
3600,layers.5.k_norm.weight,8.321621e+00,2.099802e-02,2.523309e-03
3600,layers.5.k_norm.bias,4.416833e-01,1.963551e-02,4.445608e-02
3600,ln_final.weight,3.037252e+01,5.301811e-01,1.745595e-02
3600,ln_final.bias,1.307470e+00,5.553682e-02,4.247654e-02
3800,tok_emb_E.weight,7.421260e+01,2.365273e+00,3.187158e-02
3800,unembedder.weight,2.148193e+02,1.483592e+01,6.906232e-02
3800,layers.0.qkv_lut.weights,9.148917e+01,1.457871e+01,1.593490e-01
3800,layers.0.qkv_lut.log_soft_score_temp,8.454016e-01,5.503893e-04,6.510388e-04
3800,layers.0.qkv_lut.log_select_temp,7.315894e-01,1.435876e-03,1.962680e-03
3800,layers.0.v_lut.weights,4.662861e+01,6.860116e+00,1.471225e-01
3800,layers.0.v_lut.log_soft_score_temp,9.900751e-01,8.150339e-03,8.232041e-03
3800,layers.0.v_lut.log_select_temp,1.170720e+00,6.573915e-03,5.615274e-03
3800,layers.0.out_proj.weights,6.091491e+01,9.937244e+00,1.631332e-01
3800,layers.0.out_proj.log_soft_score_temp,4.570094e-01,2.100378e-02,4.595919e-02
3800,layers.0.out_proj.log_select_temp,8.850302e-01,4.092813e-03,4.624489e-03
3800,layers.0.residual_lut.weights,6.349193e+01,9.192790e+00,1.447868e-01
3800,layers.0.residual_lut.log_soft_score_temp,4.389549e-01,6.751150e-03,1.538005e-02
3800,layers.0.residual_lut.log_select_temp,8.955776e-01,1.519281e-02,1.696425e-02
3800,layers.0.q_norm.weight,8.950781e+00,2.227851e-02,2.489002e-03
3800,layers.0.q_norm.bias,7.758375e-01,1.848863e-02,2.383054e-02
3800,layers.0.k_norm.weight,8.906620e+00,2.197009e-02,2.466714e-03
3800,layers.0.k_norm.bias,8.659818e-01,1.984445e-02,2.291555e-02
3800,layers.1.qkv_lut.weights,9.054033e+01,1.494979e+01,1.651175e-01
3800,layers.1.qkv_lut.log_soft_score_temp,2.306817e-01,1.129201e-02,4.895061e-02
3800,layers.1.qkv_lut.log_select_temp,5.690390e-01,4.502892e-03,7.913152e-03
3800,layers.1.v_lut.weights,4.453911e+01,7.288025e+00,1.636320e-01
3800,layers.1.v_lut.log_soft_score_temp,4.696474e-01,1.677793e-02,3.572453e-02
3800,layers.1.v_lut.log_select_temp,8.755736e-01,1.757264e-03,2.006986e-03
3800,layers.1.out_proj.weights,5.632631e+01,1.044836e+01,1.854970e-01
3800,layers.1.out_proj.log_soft_score_temp,3.554294e-01,1.959041e-02,5.511758e-02
3800,layers.1.out_proj.log_select_temp,7.712623e-01,3.079176e-03,3.992385e-03
3800,layers.1.residual_lut.weights,5.886454e+01,9.110463e+00,1.547700e-01
3800,layers.1.residual_lut.log_soft_score_temp,2.374031e-01,1.434040e-02,6.040527e-02
3800,layers.1.residual_lut.log_select_temp,6.203599e-01,3.895938e-03,6.280126e-03
3800,layers.1.q_norm.weight,8.606250e+00,2.338134e-02,2.716786e-03
3800,layers.1.q_norm.bias,5.125132e-01,1.248512e-02,2.436059e-02
3800,layers.1.k_norm.weight,8.585850e+00,2.293787e-02,2.671590e-03
3800,layers.1.k_norm.bias,7.300882e-01,1.674897e-02,2.294102e-02
3800,layers.2.qkv_lut.weights,9.059506e+01,1.522623e+01,1.680691e-01
3800,layers.2.qkv_lut.log_soft_score_temp,2.067040e-01,1.440918e-02,6.970928e-02
3800,layers.2.qkv_lut.log_select_temp,5.881829e-01,4.185796e-03,7.116486e-03
3800,layers.2.v_lut.weights,4.471510e+01,7.350811e+00,1.643922e-01
3800,layers.2.v_lut.log_soft_score_temp,4.728396e-01,1.750556e-02,3.702219e-02
3800,layers.2.v_lut.log_select_temp,8.850210e-01,1.792431e-03,2.025298e-03
3800,layers.2.out_proj.weights,6.066483e+01,1.057738e+01,1.743576e-01
3800,layers.2.out_proj.log_soft_score_temp,4.582523e-01,2.037996e-02,4.447323e-02
3800,layers.2.out_proj.log_select_temp,8.626363e-01,4.234970e-03,4.909334e-03
3800,layers.2.residual_lut.weights,5.854689e+01,9.139642e+00,1.561081e-01
3800,layers.2.residual_lut.log_soft_score_temp,1.726258e-01,1.937084e-02,1.122129e-01
3800,layers.2.residual_lut.log_select_temp,5.819921e-01,2.840161e-04,4.880069e-04
3800,layers.2.q_norm.weight,8.645793e+00,2.523775e-02,2.919079e-03
3800,layers.2.q_norm.bias,5.891804e-01,1.422866e-02,2.414993e-02
3800,layers.2.k_norm.weight,8.618415e+00,2.511775e-02,2.914428e-03
3800,layers.2.k_norm.bias,9.546617e-01,1.942586e-02,2.034843e-02
3800,layers.3.qkv_lut.weights,9.145145e+01,1.541656e+01,1.685764e-01
3800,layers.3.qkv_lut.log_soft_score_temp,1.286788e-01,1.685822e-02,1.310100e-01
3800,layers.3.qkv_lut.log_select_temp,5.827863e-01,3.756225e-03,6.445288e-03
3800,layers.3.v_lut.weights,4.528506e+01,7.457584e+00,1.646809e-01
3800,layers.3.v_lut.log_soft_score_temp,4.400769e-01,2.179235e-02,4.951942e-02
3800,layers.3.v_lut.log_select_temp,8.866726e-01,2.349079e-03,2.649319e-03
3800,layers.3.out_proj.weights,6.536140e+01,1.066636e+01,1.631906e-01
3800,layers.3.out_proj.log_soft_score_temp,5.868580e-01,2.075762e-02,3.537076e-02
3800,layers.3.out_proj.log_select_temp,9.583918e-01,1.309454e-03,1.366304e-03
3800,layers.3.residual_lut.weights,6.002193e+01,9.190364e+00,1.531168e-01
3800,layers.3.residual_lut.log_soft_score_temp,1.166314e-01,2.431658e-02,2.084908e-01
3800,layers.3.residual_lut.log_select_temp,6.520044e-01,5.706549e-04,8.752316e-04
3800,layers.3.q_norm.weight,8.670289e+00,2.112423e-02,2.436393e-03
3800,layers.3.q_norm.bias,6.034198e-01,1.721057e-02,2.852172e-02
3800,layers.3.k_norm.weight,8.606933e+00,2.199604e-02,2.555619e-03
3800,layers.3.k_norm.bias,1.097605e+00,2.717706e-02,2.476034e-02
3800,layers.4.qkv_lut.weights,9.133994e+01,1.540390e+01,1.686436e-01
3800,layers.4.qkv_lut.log_soft_score_temp,2.454018e-01,2.108163e-02,8.590656e-02
3800,layers.4.qkv_lut.log_select_temp,6.615131e-01,2.533197e-05,3.829399e-05
3800,layers.4.v_lut.weights,4.588543e+01,7.358147e+00,1.603591e-01
3800,layers.4.v_lut.log_soft_score_temp,6.488527e-01,2.258456e-02,3.480691e-02
3800,layers.4.v_lut.log_select_temp,9.822386e-01,4.396975e-03,4.476484e-03
3800,layers.4.out_proj.weights,6.866920e+01,1.098580e+01,1.599815e-01
3800,layers.4.out_proj.log_soft_score_temp,7.448637e-01,1.123178e-02,1.507897e-02
3800,layers.4.out_proj.log_select_temp,1.029829e+00,9.933233e-03,9.645516e-03
3800,layers.4.residual_lut.weights,6.131707e+01,9.350900e+00,1.525007e-01
3800,layers.4.residual_lut.log_soft_score_temp,1.035390e-01,2.414824e-02,2.332284e-01
3800,layers.4.residual_lut.log_select_temp,6.647146e-01,4.224837e-03,6.355866e-03
3800,layers.4.q_norm.weight,8.634119e+00,2.668550e-02,3.090703e-03
3800,layers.4.q_norm.bias,3.712972e-01,1.528686e-02,4.117150e-02
3800,layers.4.k_norm.weight,8.602613e+00,2.637100e-02,3.065464e-03
3800,layers.4.k_norm.bias,5.615029e-01,1.717455e-02,3.058675e-02
3800,layers.5.qkv_lut.weights,9.236403e+01,1.571445e+01,1.701360e-01
3800,layers.5.qkv_lut.log_soft_score_temp,3.818801e-01,1.683059e-02,4.407297e-02
3800,layers.5.qkv_lut.log_select_temp,6.733271e-01,2.180994e-03,3.239129e-03
3800,layers.5.v_lut.weights,4.643578e+01,7.459355e+00,1.606381e-01
3800,layers.5.v_lut.log_soft_score_temp,8.728377e-01,4.213393e-03,4.827235e-03
3800,layers.5.v_lut.log_select_temp,1.019304e+00,7.628679e-03,7.484207e-03
3800,layers.5.out_proj.weights,7.707561e+01,1.183169e+01,1.535076e-01
3800,layers.5.out_proj.log_soft_score_temp,8.614665e-01,7.987022e-05,9.271425e-05
3800,layers.5.out_proj.log_select_temp,1.027233e+00,1.420426e-02,1.382769e-02
3800,layers.5.residual_lut.weights,6.417694e+01,9.622295e+00,1.499338e-01
3800,layers.5.residual_lut.log_soft_score_temp,1.511698e-01,2.190857e-02,1.449268e-01
3800,layers.5.residual_lut.log_select_temp,7.096425e-01,9.017825e-03,1.270756e-02
3800,layers.5.q_norm.weight,8.350938e+00,2.489514e-02,2.981120e-03
3800,layers.5.q_norm.bias,2.645229e-01,1.480099e-02,5.595354e-02
3800,layers.5.k_norm.weight,8.340321e+00,2.533495e-02,3.037647e-03
3800,layers.5.k_norm.bias,4.557413e-01,2.554090e-02,5.604254e-02
3800,ln_final.weight,3.087976e+01,5.092695e-01,1.649202e-02
3800,ln_final.bias,1.314853e+00,5.310796e-02,4.039079e-02
4000,tok_emb_E.weight,7.426819e+01,2.239162e+00,3.014968e-02
4000,unembedder.weight,2.160322e+02,1.389869e+01,6.433619e-02
4000,layers.0.qkv_lut.weights,9.295092e+01,1.375693e+01,1.480020e-01
4000,layers.0.qkv_lut.log_soft_score_temp,8.448468e-01,5.548000e-04,6.566871e-04
4000,layers.0.qkv_lut.log_select_temp,7.296634e-01,1.926005e-03,2.639580e-03
4000,layers.0.v_lut.weights,4.738690e+01,6.517067e+00,1.375289e-01
4000,layers.0.v_lut.log_soft_score_temp,9.851614e-01,4.913688e-03,4.987698e-03
4000,layers.0.v_lut.log_select_temp,1.179097e+00,8.376479e-03,7.104149e-03
4000,layers.0.out_proj.weights,6.180432e+01,9.394643e+00,1.520063e-01
4000,layers.0.out_proj.log_soft_score_temp,4.372537e-01,1.975578e-02,4.518151e-02
4000,layers.0.out_proj.log_select_temp,8.881381e-01,3.107905e-03,3.499349e-03
4000,layers.0.residual_lut.weights,6.462799e+01,8.709695e+00,1.347666e-01
4000,layers.0.residual_lut.log_soft_score_temp,4.294189e-01,9.536058e-03,2.220689e-02
4000,layers.0.residual_lut.log_select_temp,9.088944e-01,1.331681e-02,1.465166e-02
4000,layers.0.q_norm.weight,8.967703e+00,2.254718e-02,2.514265e-03
4000,layers.0.q_norm.bias,7.897766e-01,1.712213e-02,2.167971e-02
4000,layers.0.k_norm.weight,8.922663e+00,2.118010e-02,2.373742e-03
4000,layers.0.k_norm.bias,8.824675e-01,2.060658e-02,2.335110e-02
4000,layers.1.qkv_lut.weights,9.200862e+01,1.411502e+01,1.534098e-01
4000,layers.1.qkv_lut.log_soft_score_temp,2.207314e-01,9.950265e-03,4.507861e-02
4000,layers.1.qkv_lut.log_select_temp,5.744068e-01,5.367756e-03,9.344868e-03
4000,layers.1.v_lut.weights,4.527760e+01,6.898643e+00,1.523633e-01
4000,layers.1.v_lut.log_soft_score_temp,4.555155e-01,1.413190e-02,3.102398e-02
4000,layers.1.v_lut.log_select_temp,8.785725e-01,2.998829e-03,3.413297e-03
4000,layers.1.out_proj.weights,5.710368e+01,9.879786e+00,1.730149e-01
4000,layers.1.out_proj.log_soft_score_temp,3.383549e-01,1.707453e-02,5.046336e-02
4000,layers.1.out_proj.log_select_temp,7.775437e-01,6.281435e-03,8.078562e-03
4000,layers.1.residual_lut.weights,5.979443e+01,8.658152e+00,1.447986e-01
4000,layers.1.residual_lut.log_soft_score_temp,2.245108e-01,1.289237e-02,5.742427e-02
4000,layers.1.residual_lut.log_select_temp,6.254460e-01,5.086064e-03,8.131901e-03
4000,layers.1.q_norm.weight,8.626717e+00,2.391068e-02,2.771701e-03
4000,layers.1.q_norm.bias,5.218657e-01,1.427924e-02,2.736191e-02
4000,layers.1.k_norm.weight,8.605797e+00,2.406968e-02,2.796914e-03
4000,layers.1.k_norm.bias,7.444991e-01,1.895708e-02,2.546286e-02
4000,layers.2.qkv_lut.weights,9.204330e+01,1.438384e+01,1.562726e-01
4000,layers.2.qkv_lut.log_soft_score_temp,1.899815e-01,1.672241e-02,8.802124e-02
4000,layers.2.qkv_lut.log_select_temp,5.919702e-01,3.787279e-03,6.397753e-03
4000,layers.2.v_lut.weights,4.545568e+01,6.921523e+00,1.522697e-01
4000,layers.2.v_lut.log_soft_score_temp,4.548480e-01,1.799160e-02,3.955520e-02
4000,layers.2.v_lut.log_select_temp,8.879827e-01,2.961695e-03,3.335307e-03
4000,layers.2.out_proj.weights,6.159140e+01,9.966472e+00,1.618160e-01
4000,layers.2.out_proj.log_soft_score_temp,4.412915e-01,1.696089e-02,3.843466e-02
4000,layers.2.out_proj.log_select_temp,8.679023e-01,5.266011e-03,6.067515e-03
4000,layers.2.residual_lut.weights,5.943595e+01,8.681240e+00,1.460604e-01
4000,layers.2.residual_lut.log_soft_score_temp,1.557820e-01,1.684383e-02,1.081244e-01
4000,layers.2.residual_lut.log_select_temp,5.848256e-01,2.833545e-03,4.845111e-03
4000,layers.2.q_norm.weight,8.664093e+00,2.384152e-02,2.751761e-03
4000,layers.2.q_norm.bias,5.985149e-01,1.282139e-02,2.142201e-02
4000,layers.2.k_norm.weight,8.636244e+00,2.293709e-02,2.655910e-03
4000,layers.2.k_norm.bias,9.724226e-01,2.268912e-02,2.333258e-02
4000,layers.3.qkv_lut.weights,9.291455e+01,1.455072e+01,1.566032e-01
4000,layers.3.qkv_lut.log_soft_score_temp,1.121699e-01,1.650893e-02,1.471779e-01
4000,layers.3.qkv_lut.log_select_temp,5.853955e-01,2.609193e-03,4.457147e-03
4000,layers.3.v_lut.weights,4.601289e+01,7.044949e+00,1.531082e-01
4000,layers.3.v_lut.log_soft_score_temp,4.177726e-01,2.230430e-02,5.338861e-02
4000,layers.3.v_lut.log_select_temp,8.838440e-01,2.828538e-03,3.200269e-03
4000,layers.3.out_proj.weights,6.644951e+01,1.004930e+01,1.512321e-01
4000,layers.3.out_proj.log_soft_score_temp,5.671518e-01,1.970625e-02,3.474599e-02
4000,layers.3.out_proj.log_select_temp,9.617258e-01,3.333926e-03,3.466608e-03
4000,layers.3.residual_lut.weights,6.092245e+01,8.722525e+00,1.431742e-01
4000,layers.3.residual_lut.log_soft_score_temp,9.673766e-02,1.989374e-02,2.056463e-01
4000,layers.3.residual_lut.log_select_temp,6.573358e-01,5.331397e-03,8.110614e-03
4000,layers.3.q_norm.weight,8.680314e+00,1.769916e-02,2.039000e-03
4000,layers.3.q_norm.bias,6.116243e-01,1.346153e-02,2.200948e-02
4000,layers.3.k_norm.weight,8.615747e+00,1.735605e-02,2.014457e-03
4000,layers.3.k_norm.bias,1.119368e+00,2.543304e-02,2.272089e-02
4000,layers.4.qkv_lut.weights,9.279169e+01,1.453822e+01,1.566759e-01
4000,layers.4.qkv_lut.log_soft_score_temp,2.264958e-01,1.890607e-02,8.347208e-02
4000,layers.4.qkv_lut.log_select_temp,6.617385e-01,2.254248e-04,3.406554e-04
4000,layers.4.v_lut.weights,4.662225e+01,6.938225e+00,1.488179e-01
4000,layers.4.v_lut.log_soft_score_temp,6.287086e-01,2.014410e-02,3.204045e-02
4000,layers.4.v_lut.log_select_temp,9.776331e-01,4.605472e-03,4.710839e-03
4000,layers.4.out_proj.weights,6.991021e+01,1.032311e+01,1.476624e-01
4000,layers.4.out_proj.log_soft_score_temp,7.276959e-01,1.716787e-02,2.359209e-02
4000,layers.4.out_proj.log_select_temp,1.034664e+00,4.834414e-03,4.672450e-03
4000,layers.4.residual_lut.weights,6.225761e+01,8.852248e+00,1.421874e-01
4000,layers.4.residual_lut.log_soft_score_temp,8.128558e-02,2.225342e-02,2.737684e-01
4000,layers.4.residual_lut.log_select_temp,6.689675e-01,4.252970e-03,6.357514e-03
4000,layers.4.q_norm.weight,8.653171e+00,2.668015e-02,3.083280e-03
4000,layers.4.q_norm.bias,3.765297e-01,1.277685e-02,3.393319e-02
4000,layers.4.k_norm.weight,8.620607e+00,2.687217e-02,3.117202e-03
4000,layers.4.k_norm.bias,5.690956e-01,1.722015e-02,3.025879e-02
4000,layers.5.qkv_lut.weights,9.382761e+01,1.485164e+01,1.582864e-01
4000,layers.5.qkv_lut.log_soft_score_temp,3.680899e-01,1.379022e-02,3.746427e-02
4000,layers.5.qkv_lut.log_select_temp,6.734208e-01,9.369850e-05,1.391381e-04
4000,layers.5.v_lut.weights,4.718119e+01,7.033261e+00,1.490692e-01
4000,layers.5.v_lut.log_soft_score_temp,8.631068e-01,9.730816e-03,1.127417e-02
4000,layers.5.v_lut.log_select_temp,1.020792e+00,1.488328e-03,1.458013e-03
4000,layers.5.out_proj.weights,7.852889e+01,1.148713e+01,1.462790e-01
4000,layers.5.out_proj.log_soft_score_temp,8.603541e-01,1.112461e-03,1.293027e-03
4000,layers.5.out_proj.log_select_temp,1.039830e+00,1.259696e-02,1.211444e-02
4000,layers.5.residual_lut.weights,6.526065e+01,9.141652e+00,1.400791e-01
4000,layers.5.residual_lut.log_soft_score_temp,1.289629e-01,2.220690e-02,1.721960e-01
4000,layers.5.residual_lut.log_select_temp,7.150158e-01,5.373299e-03,7.514938e-03
4000,layers.5.q_norm.weight,8.361873e+00,2.346796e-02,2.806544e-03
4000,layers.5.q_norm.bias,2.669011e-01,1.334583e-02,5.000291e-02
4000,layers.5.k_norm.weight,8.351211e+00,2.212224e-02,2.648986e-03
4000,layers.5.k_norm.bias,4.626856e-01,1.791196e-02,3.871303e-02
4000,ln_final.weight,3.135872e+01,4.810719e-01,1.534093e-02
4000,ln_final.bias,1.322317e+00,5.020728e-02,3.796917e-02
4200,tok_emb_E.weight,7.431800e+01,2.112012e+00,2.841858e-02
4200,unembedder.weight,2.171215e+02,1.286723e+01,5.926280e-02
4200,layers.0.qkv_lut.weights,9.423788e+01,1.301930e+01,1.381536e-01
4200,layers.0.qkv_lut.log_soft_score_temp,8.440790e-01,7.678866e-04,9.097332e-04
4200,layers.0.qkv_lut.log_select_temp,7.273568e-01,2.306640e-03,3.171264e-03
4200,layers.0.v_lut.weights,4.806420e+01,6.154326e+00,1.280439e-01
4200,layers.0.v_lut.log_soft_score_temp,9.798222e-01,5.339205e-03,5.449157e-03
4200,layers.0.v_lut.log_select_temp,1.185590e+00,6.493330e-03,5.476876e-03
4200,layers.0.out_proj.weights,6.256636e+01,8.859828e+00,1.416069e-01
4200,layers.0.out_proj.log_soft_score_temp,4.206992e-01,1.655447e-02,3.934991e-02
4200,layers.0.out_proj.log_select_temp,8.929650e-01,4.826903e-03,5.405479e-03
4200,layers.0.residual_lut.weights,6.563083e+01,8.237307e+00,1.255097e-01
4200,layers.0.residual_lut.log_soft_score_temp,4.233976e-01,6.021291e-03,1.422136e-02
4200,layers.0.residual_lut.log_select_temp,9.240055e-01,1.511109e-02,1.635389e-02
4200,layers.0.q_norm.weight,8.990760e+00,2.726471e-02,3.032526e-03
4200,layers.0.q_norm.bias,8.050688e-01,1.828756e-02,2.271552e-02
4200,layers.0.k_norm.weight,8.944303e+00,2.669971e-02,2.985108e-03
4200,layers.0.k_norm.bias,9.004347e-01,2.188916e-02,2.430955e-02
4200,layers.1.qkv_lut.weights,9.327199e+01,1.329508e+01,1.425410e-01
4200,layers.1.qkv_lut.log_soft_score_temp,2.093790e-01,1.135246e-02,5.421970e-02
4200,layers.1.qkv_lut.log_select_temp,5.763397e-01,1.932859e-03,3.353681e-03
4200,layers.1.v_lut.weights,4.592801e+01,6.473320e+00,1.409449e-01
4200,layers.1.v_lut.log_soft_score_temp,4.413640e-01,1.415151e-02,3.206314e-02
4200,layers.1.v_lut.log_select_temp,8.826245e-01,4.052043e-03,4.590902e-03
4200,layers.1.out_proj.weights,5.773874e+01,9.291988e+00,1.609316e-01
4200,layers.1.out_proj.log_soft_score_temp,3.202540e-01,1.810092e-02,5.652051e-02
4200,layers.1.out_proj.log_select_temp,7.811871e-01,3.643334e-03,4.663843e-03
4200,layers.1.residual_lut.weights,6.057599e+01,8.172835e+00,1.349187e-01
4200,layers.1.residual_lut.log_soft_score_temp,2.109669e-01,1.354386e-02,6.419898e-02
4200,layers.1.residual_lut.log_select_temp,6.279850e-01,2.539039e-03,4.043152e-03
4200,layers.1.q_norm.weight,8.642828e+00,1.929799e-02,2.232833e-03
4200,layers.1.q_norm.bias,5.273882e-01,1.184343e-02,2.245676e-02
4200,layers.1.k_norm.weight,8.620955e+00,1.811091e-02,2.100801e-03
4200,layers.1.k_norm.bias,7.562889e-01,1.714922e-02,2.267550e-02
4200,layers.2.qkv_lut.weights,9.330862e+01,1.355999e+01,1.453241e-01
4200,layers.2.qkv_lut.log_soft_score_temp,1.782014e-01,1.178016e-02,6.610587e-02
4200,layers.2.qkv_lut.log_select_temp,5.971109e-01,5.140722e-03,8.609325e-03
4200,layers.2.v_lut.weights,4.611494e+01,6.512417e+00,1.412214e-01
4200,layers.2.v_lut.log_soft_score_temp,4.402711e-01,1.457688e-02,3.310888e-02
4200,layers.2.v_lut.log_select_temp,8.927566e-01,4.773974e-03,5.347453e-03
4200,layers.2.out_proj.weights,6.242833e+01,9.393221e+00,1.504641e-01
4200,layers.2.out_proj.log_soft_score_temp,4.276294e-01,1.366210e-02,3.194846e-02
4200,layers.2.out_proj.log_select_temp,8.751835e-01,7.281184e-03,8.319608e-03
4200,layers.2.residual_lut.weights,6.019823e+01,8.203522e+00,1.362751e-01
4200,layers.2.residual_lut.log_soft_score_temp,1.413713e-01,1.441072e-02,1.019353e-01
4200,layers.2.residual_lut.log_select_temp,5.870610e-01,2.235353e-03,3.807701e-03
4200,layers.2.q_norm.weight,8.685349e+00,2.499300e-02,2.877604e-03
4200,layers.2.q_norm.bias,6.110002e-01,1.547387e-02,2.532547e-02
4200,layers.2.k_norm.weight,8.656637e+00,2.411400e-02,2.785609e-03
4200,layers.2.k_norm.bias,9.886548e-01,2.077083e-02,2.100918e-02
4200,layers.3.qkv_lut.weights,9.419636e+01,1.369228e+01,1.453589e-01
4200,layers.3.qkv_lut.log_soft_score_temp,9.939989e-02,1.277002e-02,1.284712e-01
4200,layers.3.qkv_lut.log_select_temp,5.908276e-01,5.432189e-03,9.194202e-03
4200,layers.3.v_lut.weights,4.665383e+01,6.622159e+00,1.419424e-01
4200,layers.3.v_lut.log_soft_score_temp,3.999120e-01,1.786062e-02,4.466138e-02
4200,layers.3.v_lut.log_select_temp,8.850430e-01,1.199007e-03,1.354744e-03
4200,layers.3.out_proj.weights,6.744099e+01,9.447101e+00,1.400795e-01
4200,layers.3.out_proj.log_soft_score_temp,5.519596e-01,1.519221e-02,2.752414e-02
4200,layers.3.out_proj.log_select_temp,9.674163e-01,5.690575e-03,5.882240e-03
4200,layers.3.residual_lut.weights,6.169194e+01,8.211451e+00,1.331041e-01
4200,layers.3.residual_lut.log_soft_score_temp,7.756075e-02,1.917692e-02,2.472503e-01
4200,layers.3.residual_lut.log_select_temp,6.602347e-01,2.898872e-03,4.390669e-03
4200,layers.3.q_norm.weight,8.696806e+00,2.147355e-02,2.469130e-03
4200,layers.3.q_norm.bias,6.198665e-01,1.263190e-02,2.037842e-02
4200,layers.3.k_norm.weight,8.631371e+00,2.144730e-02,2.484807e-03
4200,layers.3.k_norm.bias,1.137280e+00,2.406450e-02,2.115968e-02
4200,layers.4.qkv_lut.weights,9.404700e+01,1.371361e+01,1.458166e-01
4200,layers.4.qkv_lut.log_soft_score_temp,2.091007e-01,1.739509e-02,8.319005e-02
4200,layers.4.qkv_lut.log_select_temp,6.634578e-01,1.719296e-03,2.591417e-03
4200,layers.4.v_lut.weights,4.728962e+01,6.528625e+00,1.380562e-01
4200,layers.4.v_lut.log_soft_score_temp,6.131097e-01,1.559889e-02,2.544225e-02
4200,layers.4.v_lut.log_select_temp,9.783984e-01,7.652640e-04,7.821600e-04
4200,layers.4.out_proj.weights,7.103111e+01,9.713243e+00,1.367463e-01
4200,layers.4.out_proj.log_soft_score_temp,7.160692e-01,1.162666e-02,1.623678e-02
4200,layers.4.out_proj.log_select_temp,1.042180e+00,7.516742e-03,7.212516e-03
4200,layers.4.residual_lut.weights,6.312367e+01,8.351194e+00,1.322989e-01
4200,layers.4.residual_lut.log_soft_score_temp,6.083058e-02,2.045500e-02,3.362618e-01
4200,layers.4.residual_lut.log_select_temp,6.764539e-01,7.486343e-03,1.106704e-02
4200,layers.4.q_norm.weight,8.672589e+00,2.548542e-02,2.938617e-03
4200,layers.4.q_norm.bias,3.820302e-01,1.276340e-02,3.340940e-02
4200,layers.4.k_norm.weight,8.639673e+00,2.544348e-02,2.944959e-03
4200,layers.4.k_norm.bias,5.777012e-01,1.634871e-02,2.829959e-02
4200,layers.5.qkv_lut.weights,9.511435e+01,1.396989e+01,1.468747e-01
4200,layers.5.qkv_lut.log_soft_score_temp,3.533545e-01,1.473543e-02,4.170155e-02
4200,layers.5.qkv_lut.log_select_temp,6.728221e-01,5.987883e-04,8.899653e-04
4200,layers.5.v_lut.weights,4.783968e+01,6.619098e+00,1.383600e-01
4200,layers.5.v_lut.log_soft_score_temp,8.579751e-01,5.131721e-03,5.981201e-03
4200,layers.5.v_lut.log_select_temp,1.024752e+00,3.960252e-03,3.864595e-03
4200,layers.5.out_proj.weights,7.978786e+01,1.057060e+01,1.324838e-01
4200,layers.5.out_proj.log_soft_score_temp,8.569212e-01,3.432870e-03,4.006051e-03
4200,layers.5.out_proj.log_select_temp,1.050259e+00,1.042914e-02,9.930064e-03
4200,layers.5.residual_lut.weights,6.623148e+01,8.594889e+00,1.297705e-01
4200,layers.5.residual_lut.log_soft_score_temp,1.093119e-01,1.965099e-02,1.797698e-01
4200,layers.5.residual_lut.log_select_temp,7.220649e-01,7.049084e-03,9.762397e-03
4200,layers.5.q_norm.weight,8.374477e+00,2.215694e-02,2.645769e-03
4200,layers.5.q_norm.bias,2.730841e-01,1.470238e-02,5.383830e-02
4200,layers.5.k_norm.weight,8.363013e+00,2.233624e-02,2.670836e-03
4200,layers.5.k_norm.bias,4.681108e-01,1.827897e-02,3.904838e-02
4200,ln_final.weight,3.181384e+01,4.571236e-01,1.436870e-02
4200,ln_final.bias,1.332196e+00,4.819013e-02,3.617346e-02
4400,tok_emb_E.weight,7.436133e+01,1.980585e+00,2.663461e-02
4400,unembedder.weight,2.180105e+02,1.242780e+01,5.700548e-02
4400,layers.0.qkv_lut.weights,9.534422e+01,1.221795e+01,1.281457e-01
4400,layers.0.qkv_lut.log_soft_score_temp,8.436163e-01,4.626513e-04,5.484143e-04
4400,layers.0.qkv_lut.log_select_temp,7.257489e-01,1.607895e-03,2.215498e-03
4400,layers.0.v_lut.weights,4.865363e+01,5.797164e+00,1.191517e-01
4400,layers.0.v_lut.log_soft_score_temp,9.735723e-01,6.249905e-03,6.419559e-03
4400,layers.0.v_lut.log_select_temp,1.190510e+00,4.919648e-03,4.132388e-03
4400,layers.0.out_proj.weights,6.321981e+01,8.321871e+00,1.316339e-01
4400,layers.0.out_proj.log_soft_score_temp,4.047328e-01,1.596639e-02,3.944920e-02
4400,layers.0.out_proj.log_select_temp,8.967203e-01,3.755271e-03,4.187785e-03
4400,layers.0.residual_lut.weights,6.651820e+01,7.710272e+00,1.159122e-01
4400,layers.0.residual_lut.log_soft_score_temp,4.168582e-01,6.539404e-03,1.568736e-02
4400,layers.0.residual_lut.log_select_temp,9.365475e-01,1.254201e-02,1.339175e-02
4400,layers.0.q_norm.weight,9.006107e+00,2.085189e-02,2.315306e-03
4400,layers.0.q_norm.bias,8.173985e-01,1.568251e-02,1.918588e-02
4400,layers.0.k_norm.weight,8.958625e+00,2.079490e-02,2.321216e-03
4400,layers.0.k_norm.bias,9.156439e-01,1.967696e-02,2.148976e-02
4400,layers.1.qkv_lut.weights,9.438267e+01,1.248668e+01,1.322984e-01
4400,layers.1.qkv_lut.log_soft_score_temp,2.029411e-01,6.437868e-03,3.172284e-02
4400,layers.1.qkv_lut.log_select_temp,5.824842e-01,6.144524e-03,1.054882e-02
4400,layers.1.v_lut.weights,4.649968e+01,6.092178e+00,1.310155e-01
4400,layers.1.v_lut.log_soft_score_temp,4.294864e-01,1.187760e-02,2.765535e-02
4400,layers.1.v_lut.log_select_temp,8.865199e-01,3.895402e-03,4.394038e-03
4400,layers.1.out_proj.weights,5.828994e+01,8.698188e+00,1.492228e-01
4400,layers.1.out_proj.log_soft_score_temp,3.064340e-01,1.381996e-02,4.509931e-02
4400,layers.1.out_proj.log_select_temp,7.857542e-01,4.567146e-03,5.812436e-03
4400,layers.1.residual_lut.weights,6.126789e+01,7.659846e+00,1.250222e-01
4400,layers.1.residual_lut.log_soft_score_temp,2.015303e-01,9.436563e-03,4.682453e-02
4400,layers.1.residual_lut.log_select_temp,6.338459e-01,5.860925e-03,9.246608e-03
4400,layers.1.q_norm.weight,8.658988e+00,2.048074e-02,2.365258e-03
4400,layers.1.q_norm.bias,5.333427e-01,9.789347e-03,1.835470e-02
4400,layers.1.k_norm.weight,8.636395e+00,1.994428e-02,2.309329e-03
4400,layers.1.k_norm.bias,7.673234e-01,1.412045e-02,1.840222e-02
4400,layers.2.qkv_lut.weights,9.440657e+01,1.267582e+01,1.342684e-01
4400,layers.2.qkv_lut.log_soft_score_temp,1.664790e-01,1.172239e-02,7.041360e-02
4400,layers.2.qkv_lut.log_select_temp,5.996401e-01,2.529204e-03,4.217870e-03
4400,layers.2.v_lut.weights,4.668546e+01,6.117106e+00,1.310281e-01
4400,layers.2.v_lut.log_soft_score_temp,4.258589e-01,1.441219e-02,3.384265e-02
4400,layers.2.v_lut.log_select_temp,8.963766e-01,3.619969e-03,4.038446e-03
4400,layers.2.out_proj.weights,6.313152e+01,8.786376e+00,1.391757e-01
4400,layers.2.out_proj.log_soft_score_temp,4.115617e-01,1.606762e-02,3.904062e-02
4400,layers.2.out_proj.log_select_temp,8.799568e-01,4.773319e-03,5.424492e-03
4400,layers.2.residual_lut.weights,6.084137e+01,7.675460e+00,1.261553e-01
4400,layers.2.residual_lut.log_soft_score_temp,1.269644e-01,1.440689e-02,1.134719e-01
4400,layers.2.residual_lut.log_select_temp,5.883757e-01,1.314700e-03,2.234456e-03
4400,layers.2.q_norm.weight,8.699571e+00,1.908783e-02,2.194112e-03
4400,layers.2.q_norm.bias,6.204152e-01,1.299189e-02,2.094064e-02
4400,layers.2.k_norm.weight,8.670051e+00,1.895124e-02,2.185828e-03
4400,layers.2.k_norm.bias,1.000795e+00,1.612881e-02,1.611601e-02
4400,layers.3.qkv_lut.weights,9.530206e+01,1.283370e+01,1.346634e-01
4400,layers.3.qkv_lut.log_soft_score_temp,8.607161e-02,1.332828e-02,1.548511e-01
4400,layers.3.qkv_lut.log_select_temp,5.961131e-01,5.285501e-03,8.866608e-03
4400,layers.3.v_lut.weights,4.720496e+01,6.192723e+00,1.311880e-01
4400,layers.3.v_lut.log_soft_score_temp,3.822446e-01,1.766738e-02,4.622010e-02
4400,layers.3.v_lut.log_select_temp,8.859577e-01,9.146929e-04,1.032434e-03
4400,layers.3.out_proj.weights,6.828396e+01,8.854187e+00,1.296672e-01
4400,layers.3.out_proj.log_soft_score_temp,5.355942e-01,1.636535e-02,3.055550e-02
4400,layers.3.out_proj.log_select_temp,9.699344e-01,2.518058e-03,2.596111e-03
4400,layers.3.residual_lut.weights,6.235051e+01,7.684631e+00,1.232489e-01
4400,layers.3.residual_lut.log_soft_score_temp,5.990991e-02,1.765084e-02,2.946230e-01
4400,layers.3.residual_lut.log_select_temp,6.632357e-01,3.000975e-03,4.524749e-03
4400,layers.3.q_norm.weight,8.704321e+00,1.563521e-02,1.796258e-03
4400,layers.3.q_norm.bias,6.248136e-01,9.827281e-03,1.572834e-02
4400,layers.3.k_norm.weight,8.637675e+00,1.514390e-02,1.753237e-03
4400,layers.3.k_norm.bias,1.151721e+00,1.873807e-02,1.626962e-02
4400,layers.4.qkv_lut.weights,9.513683e+01,1.282404e+01,1.347958e-01
4400,layers.4.qkv_lut.log_soft_score_temp,1.939672e-01,1.513344e-02,7.802061e-02
4400,layers.4.qkv_lut.log_select_temp,6.651656e-01,1.707792e-03,2.567469e-03
4400,layers.4.v_lut.weights,4.787465e+01,6.119156e+00,1.278162e-01
4400,layers.4.v_lut.log_soft_score_temp,5.975623e-01,1.554745e-02,2.601813e-02
4400,layers.4.v_lut.log_select_temp,9.781175e-01,2.808571e-04,2.871404e-04
4400,layers.4.out_proj.weights,7.203432e+01,9.100340e+00,1.263334e-01
4400,layers.4.out_proj.log_soft_score_temp,7.068228e-01,9.246409e-03,1.308165e-02
4400,layers.4.out_proj.log_select_temp,1.049946e+00,7.765889e-03,7.396464e-03
4400,layers.4.residual_lut.weights,6.385213e+01,7.831865e+00,1.226563e-01
4400,layers.4.residual_lut.log_soft_score_temp,4.186334e-02,1.896724e-02,4.530753e-01
4400,layers.4.residual_lut.log_select_temp,6.826898e-01,6.235898e-03,9.134306e-03
4400,layers.4.q_norm.weight,8.685985e+00,2.122941e-02,2.444099e-03
4400,layers.4.q_norm.bias,3.883271e-01,1.067805e-02,2.749756e-02
4400,layers.4.k_norm.weight,8.652474e+00,2.373352e-02,2.742974e-03
4400,layers.4.k_norm.bias,5.853270e-01,1.571579e-02,2.684960e-02
4400,layers.5.qkv_lut.weights,9.622742e+01,1.309614e+01,1.360957e-01
4400,layers.5.qkv_lut.log_soft_score_temp,3.396097e-01,1.374483e-02,4.047244e-02
4400,layers.5.qkv_lut.log_select_temp,6.719965e-01,8.255839e-04,1.228554e-03
4400,layers.5.v_lut.weights,4.841788e+01,6.200833e+00,1.280691e-01
4400,layers.5.v_lut.log_soft_score_temp,8.496830e-01,8.292139e-03,9.759097e-03
4400,layers.5.v_lut.log_select_temp,1.025901e+00,1.149297e-03,1.120280e-03
4400,layers.5.out_proj.weights,8.091119e+01,9.965923e+00,1.231711e-01
4400,layers.5.out_proj.log_soft_score_temp,8.538053e-01,3.115892e-03,3.649418e-03
4400,layers.5.out_proj.log_select_temp,1.059905e+00,9.645104e-03,9.099974e-03
4400,layers.5.residual_lut.weights,6.708368e+01,8.043997e+00,1.199099e-01
4400,layers.5.residual_lut.log_soft_score_temp,9.247690e-02,1.683505e-02,1.820460e-01
4400,layers.5.residual_lut.log_select_temp,7.305368e-01,8.471966e-03,1.159690e-02
4400,layers.5.q_norm.weight,8.382294e+00,1.722127e-02,2.054482e-03
4400,layers.5.q_norm.bias,2.778232e-01,1.213897e-02,4.369315e-02
4400,layers.5.k_norm.weight,8.371227e+00,1.721406e-02,2.056337e-03
4400,layers.5.k_norm.bias,4.709368e-01,1.517183e-02,3.221628e-02
4400,ln_final.weight,3.223965e+01,4.276030e-01,1.326326e-02
4400,ln_final.bias,1.340344e+00,4.373528e-02,3.262990e-02
4600,tok_emb_E.weight,7.439936e+01,1.854647e+00,2.492827e-02
4600,unembedder.weight,2.189633e+02,1.129632e+01,5.158999e-02
4600,layers.0.qkv_lut.weights,9.630129e+01,1.144606e+01,1.188568e-01
4600,layers.0.qkv_lut.log_soft_score_temp,8.429152e-01,7.010698e-04,8.317204e-04
4600,layers.0.qkv_lut.log_select_temp,7.242744e-01,1.474500e-03,2.035830e-03
4600,layers.0.v_lut.weights,4.915837e+01,5.435611e+00,1.105735e-01
4600,layers.0.v_lut.log_soft_score_temp,9.719048e-01,1.667500e-03,1.715703e-03
4600,layers.0.v_lut.log_select_temp,1.196344e+00,5.834222e-03,4.876709e-03
4600,layers.0.out_proj.weights,6.377724e+01,7.755732e+00,1.216066e-01
4600,layers.0.out_proj.log_soft_score_temp,3.900287e-01,1.470408e-02,3.769999e-02
4600,layers.0.out_proj.log_select_temp,9.006745e-01,3.954232e-03,4.390300e-03
4600,layers.0.residual_lut.weights,6.729726e+01,7.214014e+00,1.071962e-01
4600,layers.0.residual_lut.log_soft_score_temp,4.113743e-01,5.483925e-03,1.333074e-02
4600,layers.0.residual_lut.log_select_temp,9.482092e-01,1.166165e-02,1.229860e-02
4600,layers.0.q_norm.weight,9.027289e+00,2.447780e-02,2.711533e-03
4600,layers.0.q_norm.bias,8.274497e-01,1.395266e-02,1.686224e-02
4600,layers.0.k_norm.weight,8.978883e+00,2.362907e-02,2.631627e-03
4600,layers.0.k_norm.bias,9.287165e-01,1.739766e-02,1.873301e-02
4600,layers.1.qkv_lut.weights,9.534184e+01,1.161408e+01,1.218151e-01
4600,layers.1.qkv_lut.log_soft_score_temp,1.964463e-01,6.494790e-03,3.306140e-02
4600,layers.1.qkv_lut.log_select_temp,5.877494e-01,5.265236e-03,8.958300e-03
4600,layers.1.v_lut.weights,4.700406e+01,5.677062e+00,1.207781e-01
4600,layers.1.v_lut.log_soft_score_temp,4.183863e-01,1.110008e-02,2.653070e-02
4600,layers.1.v_lut.log_select_temp,8.911896e-01,4.669666e-03,5.239813e-03
4600,layers.1.out_proj.weights,5.876689e+01,8.114173e+00,1.380739e-01
4600,layers.1.out_proj.log_soft_score_temp,2.960357e-01,1.039827e-02,3.512505e-02
4600,layers.1.out_proj.log_select_temp,7.934173e-01,7.663071e-03,9.658311e-03
4600,layers.1.residual_lut.weights,6.185435e+01,7.153085e+00,1.156440e-01
4600,layers.1.residual_lut.log_soft_score_temp,1.909515e-01,1.057889e-02,5.540092e-02
4600,layers.1.residual_lut.log_select_temp,6.379512e-01,4.105270e-03,6.435085e-03
4600,layers.1.q_norm.weight,8.677573e+00,2.261232e-02,2.605834e-03
4600,layers.1.q_norm.bias,5.434189e-01,1.350343e-02,2.484902e-02
4600,layers.1.k_norm.weight,8.654766e+00,2.168570e-02,2.505637e-03
4600,layers.1.k_norm.bias,7.760104e-01,1.358249e-02,1.750298e-02
4600,layers.2.qkv_lut.weights,9.535085e+01,1.186650e+01,1.244509e-01
4600,layers.2.qkv_lut.log_soft_score_temp,1.558248e-01,1.065426e-02,6.837332e-02
4600,layers.2.qkv_lut.log_select_temp,6.027081e-01,3.067970e-03,5.090309e-03
4600,layers.2.v_lut.weights,4.718116e+01,5.706196e+00,1.209423e-01
4600,layers.2.v_lut.log_soft_score_temp,4.125823e-01,1.327661e-02,3.217929e-02
4600,layers.2.v_lut.log_select_temp,8.983465e-01,1.969874e-03,2.192777e-03
4600,layers.2.out_proj.weights,6.370794e+01,8.192149e+00,1.285891e-01
4600,layers.2.out_proj.log_soft_score_temp,3.945068e-01,1.705489e-02,4.323090e-02
4600,layers.2.out_proj.log_select_temp,8.820809e-01,2.124071e-03,2.408023e-03
4600,layers.2.residual_lut.weights,6.140113e+01,7.185498e+00,1.170255e-01
4600,layers.2.residual_lut.log_soft_score_temp,1.147419e-01,1.222250e-02,1.065217e-01
4600,layers.2.residual_lut.log_select_temp,5.914550e-01,3.079295e-03,5.206305e-03
4600,layers.2.q_norm.weight,8.711858e+00,1.745463e-02,2.003548e-03
4600,layers.2.q_norm.bias,6.257036e-01,9.895912e-03,1.581566e-02
4600,layers.2.k_norm.weight,8.682203e+00,1.738655e-02,2.002550e-03
4600,layers.2.k_norm.bias,1.011088e+00,1.575742e-02,1.558462e-02
4600,layers.3.qkv_lut.weights,9.626922e+01,1.197417e+01,1.243822e-01
4600,layers.3.qkv_lut.log_soft_score_temp,7.404524e-02,1.202637e-02,1.624192e-01
4600,layers.3.qkv_lut.log_select_temp,6.001817e-01,4.068553e-03,6.778870e-03
4600,layers.3.v_lut.weights,4.769849e+01,5.774415e+00,1.210608e-01
4600,layers.3.v_lut.log_soft_score_temp,3.677594e-01,1.448521e-02,3.938774e-02
4600,layers.3.v_lut.log_select_temp,8.872853e-01,1.327574e-03,1.496220e-03
4600,layers.3.out_proj.weights,6.900732e+01,8.245635e+00,1.194893e-01
4600,layers.3.out_proj.log_soft_score_temp,5.202733e-01,1.532090e-02,2.944779e-02
4600,layers.3.out_proj.log_select_temp,9.724951e-01,2.560675e-03,2.633098e-03
4600,layers.3.residual_lut.weights,6.290975e+01,7.211660e+00,1.146350e-01
4600,layers.3.residual_lut.log_soft_score_temp,4.383241e-02,1.607750e-02,3.667947e-01
4600,layers.3.residual_lut.log_select_temp,6.667721e-01,3.536463e-03,5.303855e-03
4600,layers.3.q_norm.weight,8.716220e+00,1.773959e-02,2.035239e-03
4600,layers.3.q_norm.bias,6.321253e-01,1.274753e-02,2.016614e-02
4600,layers.3.k_norm.weight,8.648479e+00,1.695245e-02,1.960166e-03
4600,layers.3.k_norm.bias,1.166942e+00,2.204598e-02,1.889211e-02
4600,layers.4.qkv_lut.weights,9.607093e+01,1.200321e+01,1.249411e-01
4600,layers.4.qkv_lut.log_soft_score_temp,1.789158e-01,1.505142e-02,8.412574e-02
4600,layers.4.qkv_lut.log_select_temp,6.671880e-01,2.022386e-03,3.031208e-03
4600,layers.4.v_lut.weights,4.836581e+01,5.677722e+00,1.173912e-01
4600,layers.4.v_lut.log_soft_score_temp,5.830201e-01,1.454216e-02,2.494282e-02
4600,layers.4.v_lut.log_select_temp,9.764209e-01,1.696587e-03,1.737557e-03
4600,layers.4.out_proj.weights,7.291418e+01,8.464231e+00,1.160848e-01
4600,layers.4.out_proj.log_soft_score_temp,6.964587e-01,1.036412e-02,1.488116e-02
4600,layers.4.out_proj.log_select_temp,1.055765e+00,5.818486e-03,5.511158e-03
4600,layers.4.residual_lut.weights,6.446149e+01,7.323788e+00,1.136149e-01
4600,layers.4.residual_lut.log_soft_score_temp,2.425488e-02,1.760845e-02,7.259755e-01
4600,layers.4.residual_lut.log_select_temp,6.890358e-01,6.346047e-03,9.210039e-03
4600,layers.4.q_norm.weight,8.702105e+00,2.268727e-02,2.607102e-03
4600,layers.4.q_norm.bias,3.931247e-01,1.198537e-02,3.048746e-02
4600,layers.4.k_norm.weight,8.668346e+00,2.232046e-02,2.574939e-03
4600,layers.4.k_norm.bias,5.915544e-01,1.494271e-02,2.526009e-02
4600,layers.5.qkv_lut.weights,9.717738e+01,1.225498e+01,1.261094e-01
4600,layers.5.qkv_lut.log_soft_score_temp,3.259579e-01,1.365173e-02,4.188187e-02
4600,layers.5.qkv_lut.log_select_temp,6.700042e-01,1.992226e-03,2.973452e-03
4600,layers.5.v_lut.weights,4.890446e+01,5.769215e+00,1.179691e-01
4600,layers.5.v_lut.log_soft_score_temp,8.403251e-01,9.357870e-03,1.113601e-02
4600,layers.5.v_lut.log_select_temp,1.025954e+00,5.245209e-05,5.112519e-05
4600,layers.5.out_proj.weights,8.193343e+01,9.276868e+00,1.132244e-01
4600,layers.5.out_proj.log_soft_score_temp,8.527376e-01,1.067698e-03,1.252083e-03
4600,layers.5.out_proj.log_select_temp,1.070730e+00,1.082540e-02,1.011029e-02
4600,layers.5.residual_lut.weights,6.783223e+01,7.550908e+00,1.113174e-01
4600,layers.5.residual_lut.log_soft_score_temp,7.645963e-02,1.601727e-02,2.094866e-01
4600,layers.5.residual_lut.log_select_temp,7.390840e-01,8.547187e-03,1.156457e-02
4600,layers.5.q_norm.weight,8.391394e+00,1.766211e-02,2.104789e-03
4600,layers.5.q_norm.bias,2.849472e-01,1.204593e-02,4.227427e-02
4600,layers.5.k_norm.weight,8.379661e+00,1.569829e-02,1.873380e-03
4600,layers.5.k_norm.bias,4.747647e-01,1.496498e-02,3.152084e-02
4600,ln_final.weight,3.264048e+01,4.022841e-01,1.232470e-02
4600,ln_final.bias,1.349154e+00,4.107645e-02,3.044609e-02
4800,tok_emb_E.weight,7.443280e+01,1.723683e+00,2.315757e-02
4800,unembedder.weight,2.197768e+02,1.062093e+01,4.832598e-02
4800,layers.0.qkv_lut.weights,9.711459e+01,1.063166e+01,1.094755e-01
4800,layers.0.qkv_lut.log_soft_score_temp,8.419492e-01,9.660125e-04,1.147352e-03
4800,layers.0.qkv_lut.log_select_temp,7.223719e-01,1.902521e-03,2.633714e-03
4800,layers.0.v_lut.weights,4.959831e+01,5.033092e+00,1.014771e-01
4800,layers.0.v_lut.log_soft_score_temp,9.707411e-01,1.163721e-03,1.198797e-03
4800,layers.0.v_lut.log_select_temp,1.203060e+00,6.716251e-03,5.582639e-03
4800,layers.0.out_proj.weights,6.424757e+01,7.184354e+00,1.118230e-01
4800,layers.0.out_proj.log_soft_score_temp,3.766670e-01,1.336169e-02,3.547349e-02
4800,layers.0.out_proj.log_select_temp,9.058320e-01,5.157471e-03,5.693628e-03
4800,layers.0.residual_lut.weights,6.797154e+01,6.683300e+00,9.832497e-02
4800,layers.0.residual_lut.log_soft_score_temp,4.042934e-01,7.080883e-03,1.751422e-02
4800,layers.0.residual_lut.log_select_temp,9.592792e-01,1.107007e-02,1.153999e-02
4800,layers.0.q_norm.weight,9.044219e+00,2.056513e-02,2.273842e-03
4800,layers.0.q_norm.bias,8.375349e-01,1.362081e-02,1.626298e-02
4800,layers.0.k_norm.weight,8.994876e+00,1.930720e-02,2.146466e-03
4800,layers.0.k_norm.bias,9.421534e-01,1.702526e-02,1.807058e-02
4800,layers.1.qkv_lut.weights,9.614777e+01,1.080819e+01,1.124123e-01
4800,layers.1.qkv_lut.log_soft_score_temp,1.890130e-01,7.433295e-03,3.932690e-02
4800,layers.1.qkv_lut.log_select_temp,5.904086e-01,2.659202e-03,4.504002e-03
4800,layers.1.v_lut.weights,4.743482e+01,5.271355e+00,1.111284e-01
4800,layers.1.v_lut.log_soft_score_temp,4.086100e-01,9.776264e-03,2.392566e-02
4800,layers.1.v_lut.log_select_temp,8.966849e-01,5.495310e-03,6.128474e-03
4800,layers.1.out_proj.weights,5.914305e+01,7.520181e+00,1.271524e-01
4800,layers.1.out_proj.log_soft_score_temp,2.827579e-01,1.327780e-02,4.695818e-02
4800,layers.1.out_proj.log_select_temp,7.979274e-01,4.510105e-03,5.652275e-03
4800,layers.1.residual_lut.weights,6.234789e+01,6.638440e+00,1.064742e-01
4800,layers.1.residual_lut.log_soft_score_temp,1.823544e-01,8.597016e-03,4.714454e-02
4800,layers.1.residual_lut.log_select_temp,6.430408e-01,5.089641e-03,7.914957e-03
4800,layers.1.q_norm.weight,8.692346e+00,1.870945e-02,2.152405e-03
4800,layers.1.q_norm.bias,5.479188e-01,8.536618e-03,1.558008e-02
4800,layers.1.k_norm.weight,8.669129e+00,1.816297e-02,2.095132e-03
4800,layers.1.k_norm.bias,7.832991e-01,1.256755e-02,1.604438e-02
4800,layers.2.qkv_lut.weights,9.615223e+01,1.100377e+01,1.144411e-01
4800,layers.2.qkv_lut.log_soft_score_temp,1.458663e-01,9.958431e-03,6.827094e-02
4800,layers.2.qkv_lut.log_select_temp,6.056640e-01,2.955914e-03,4.880451e-03
4800,layers.2.v_lut.weights,4.760271e+01,5.274366e+00,1.107997e-01
4800,layers.2.v_lut.log_soft_score_temp,4.002705e-01,1.231182e-02,3.075874e-02
4800,layers.2.v_lut.log_select_temp,9.007068e-01,2.360344e-03,2.620546e-03
4800,layers.2.out_proj.weights,6.422295e+01,7.589826e+00,1.181794e-01
4800,layers.2.out_proj.log_soft_score_temp,3.826936e-01,1.181322e-02,3.086862e-02
4800,layers.2.out_proj.log_select_temp,8.877157e-01,5.634785e-03,6.347510e-03
4800,layers.2.residual_lut.weights,6.187001e+01,6.653785e+00,1.075446e-01
4800,layers.2.residual_lut.log_soft_score_temp,1.045803e-01,1.016153e-02,9.716487e-02
4800,layers.2.residual_lut.log_select_temp,5.950574e-01,3.602445e-03,6.053945e-03
4800,layers.2.q_norm.weight,8.725957e+00,1.748109e-02,2.003343e-03
4800,layers.2.q_norm.bias,6.320474e-01,1.176817e-02,1.861913e-02
4800,layers.2.k_norm.weight,8.695934e+00,1.781264e-02,2.048387e-03
4800,layers.2.k_norm.bias,1.023479e+00,1.816080e-02,1.774418e-02
4800,layers.3.qkv_lut.weights,9.709008e+01,1.109615e+01,1.142872e-01
4800,layers.3.qkv_lut.log_soft_score_temp,6.512447e-02,8.920766e-03,1.369802e-01
4800,layers.3.qkv_lut.log_select_temp,6.058132e-01,5.631506e-03,9.295780e-03
4800,layers.3.v_lut.weights,4.810984e+01,5.345604e+00,1.111125e-01
4800,layers.3.v_lut.log_soft_score_temp,3.526667e-01,1.509267e-02,4.279585e-02
4800,layers.3.v_lut.log_select_temp,8.876636e-01,3.783107e-04,4.261870e-04
4800,layers.3.out_proj.weights,6.963563e+01,7.651200e+00,1.098748e-01
4800,layers.3.out_proj.log_soft_score_temp,5.073898e-01,1.288348e-02,2.539169e-02
4800,layers.3.out_proj.log_select_temp,9.757001e-01,3.205061e-03,3.284883e-03
4800,layers.3.residual_lut.weights,6.337652e+01,6.696821e+00,1.056672e-01
4800,layers.3.residual_lut.log_soft_score_temp,2.955214e-02,1.428027e-02,4.832229e-01
4800,layers.3.residual_lut.log_select_temp,6.700758e-01,3.303707e-03,4.930347e-03
4800,layers.3.q_norm.weight,8.724403e+00,1.343937e-02,1.540435e-03
4800,layers.3.q_norm.bias,6.360751e-01,9.204734e-03,1.447114e-02
4800,layers.3.k_norm.weight,8.656195e+00,1.277131e-02,1.475396e-03
4800,layers.3.k_norm.bias,1.175541e+00,1.517682e-02,1.291050e-02
4800,layers.4.qkv_lut.weights,9.686588e+01,1.112853e+01,1.148859e-01
4800,layers.4.qkv_lut.log_soft_score_temp,1.656685e-01,1.324727e-02,7.996248e-02
4800,layers.4.qkv_lut.log_select_temp,6.686661e-01,1.478136e-03,2.210573e-03
4800,layers.4.v_lut.weights,4.879503e+01,5.265219e+00,1.079048e-01
4800,layers.4.v_lut.log_soft_score_temp,5.696014e-01,1.341873e-02,2.355811e-02
4800,layers.4.v_lut.log_select_temp,9.751914e-01,1.229525e-03,1.260803e-03
4800,layers.4.out_proj.weights,7.368089e+01,7.844221e+00,1.064621e-01
4800,layers.4.out_proj.log_soft_score_temp,6.851218e-01,1.133692e-02,1.654731e-02
4800,layers.4.out_proj.log_select_temp,1.060562e+00,4.797697e-03,4.523729e-03
4800,layers.4.residual_lut.weights,6.499122e+01,6.791999e+00,1.045064e-01
4800,layers.4.residual_lut.log_soft_score_temp,7.844757e-03,1.641013e-02,2.091859e+00
4800,layers.4.residual_lut.log_select_temp,6.952996e-01,6.263793e-03,9.008767e-03
4800,layers.4.q_norm.weight,8.710060e+00,1.465592e-02,1.682643e-03
4800,layers.4.q_norm.bias,3.955263e-01,1.027487e-02,2.597772e-02
4800,layers.4.k_norm.weight,8.675704e+00,1.472207e-02,1.696931e-03
4800,layers.4.k_norm.bias,5.966999e-01,1.242871e-02,2.082908e-02
4800,layers.5.qkv_lut.weights,9.798965e+01,1.129541e+01,1.152715e-01
4800,layers.5.qkv_lut.log_soft_score_temp,3.145193e-01,1.143861e-02,3.636854e-02
4800,layers.5.qkv_lut.log_select_temp,6.692585e-01,7.457733e-04,1.114328e-03
4800,layers.5.v_lut.weights,4.931205e+01,5.356565e+00,1.086259e-01
4800,layers.5.v_lut.log_soft_score_temp,8.304577e-01,9.867430e-03,1.188192e-02
4800,layers.5.v_lut.log_select_temp,1.024503e+00,1.451015e-03,1.416312e-03
4800,layers.5.out_proj.weights,8.282840e+01,8.540665e+00,1.031128e-01
4800,layers.5.out_proj.log_soft_score_temp,8.472539e-01,5.483687e-03,6.472306e-03
4800,layers.5.out_proj.log_select_temp,1.078603e+00,7.872581e-03,7.298872e-03
4800,layers.5.residual_lut.weights,6.847762e+01,6.977983e+00,1.019017e-01
4800,layers.5.residual_lut.log_soft_score_temp,6.116802e-02,1.529162e-02,2.499937e-01
4800,layers.5.residual_lut.log_select_temp,7.461308e-01,7.046819e-03,9.444481e-03
4800,layers.5.q_norm.weight,8.398414e+00,1.274041e-02,1.517002e-03
4800,layers.5.q_norm.bias,2.873654e-01,9.031190e-03,3.142755e-02
4800,layers.5.k_norm.weight,8.386539e+00,1.431185e-02,1.706526e-03
4800,layers.5.k_norm.bias,4.764022e-01,1.215202e-02,2.550791e-02
4800,ln_final.weight,3.301152e+01,3.723584e-01,1.127965e-02
4800,ln_final.bias,1.356903e+00,4.008834e-02,2.954399e-02
5000,tok_emb_E.weight,7.446175e+01,1.596513e+00,2.144072e-02
5000,unembedder.weight,2.204115e+02,9.441463e+00,4.283561e-02
5000,layers.0.qkv_lut.weights,9.780015e+01,9.796577e+00,1.001694e-01
5000,layers.0.qkv_lut.log_soft_score_temp,8.426794e-01,7.302165e-04,8.665413e-04
5000,layers.0.qkv_lut.log_select_temp,7.226217e-01,2.498031e-04,3.456900e-04
5000,layers.0.v_lut.weights,4.996272e+01,4.676674e+00,9.360329e-02
5000,layers.0.v_lut.log_soft_score_temp,9.678716e-01,2.869487e-03,2.964739e-03
5000,layers.0.v_lut.log_select_temp,1.207412e+00,4.351616e-03,3.604086e-03
5000,layers.0.out_proj.weights,6.463857e+01,6.657371e+00,1.029938e-01
5000,layers.0.out_proj.log_soft_score_temp,3.666770e-01,9.990007e-03,2.724470e-02
5000,layers.0.out_proj.log_select_temp,9.115375e-01,5.705476e-03,6.259179e-03
5000,layers.0.residual_lut.weights,6.855267e+01,6.195079e+00,9.036963e-02
5000,layers.0.residual_lut.log_soft_score_temp,3.996262e-01,4.667222e-03,1.167897e-02
5000,layers.0.residual_lut.log_select_temp,9.696101e-01,1.033086e-02,1.065465e-02
5000,layers.0.q_norm.weight,9.060169e+00,1.922786e-02,2.122241e-03
5000,layers.0.q_norm.bias,8.449954e-01,1.172890e-02,1.388043e-02
5000,layers.0.k_norm.weight,9.009542e+00,1.804662e-02,2.003057e-03
5000,layers.0.k_norm.bias,9.535957e-01,1.545014e-02,1.620199e-02
5000,layers.1.qkv_lut.weights,9.683888e+01,9.980881e+00,1.030669e-01
5000,layers.1.qkv_lut.log_soft_score_temp,1.840993e-01,4.913673e-03,2.669033e-02
5000,layers.1.qkv_lut.log_select_temp,5.949592e-01,4.550576e-03,7.648552e-03
5000,layers.1.v_lut.weights,4.780117e+01,4.846475e+00,1.013882e-01
5000,layers.1.v_lut.log_soft_score_temp,4.009552e-01,7.654816e-03,1.909145e-02
5000,layers.1.v_lut.log_select_temp,9.024577e-01,5.772769e-03,6.396721e-03
5000,layers.1.out_proj.weights,5.946230e+01,6.926289e+00,1.164820e-01
5000,layers.1.out_proj.log_soft_score_temp,2.727918e-01,9.966165e-03,3.653396e-02
5000,layers.1.out_proj.log_select_temp,8.047275e-01,6.800115e-03,8.450208e-03
5000,layers.1.residual_lut.weights,6.276668e+01,6.151708e+00,9.800913e-02
5000,layers.1.residual_lut.log_soft_score_temp,1.733875e-01,8.966908e-03,5.171599e-02
5000,layers.1.residual_lut.log_select_temp,6.473171e-01,4.276276e-03,6.606153e-03
5000,layers.1.q_norm.weight,8.706367e+00,1.691468e-02,1.942794e-03
5000,layers.1.q_norm.bias,5.545633e-01,1.113070e-02,2.007111e-02
5000,layers.1.k_norm.weight,8.682303e+00,1.613418e-02,1.858284e-03
5000,layers.1.k_norm.bias,7.919517e-01,1.172030e-02,1.479925e-02
5000,layers.2.qkv_lut.weights,9.684338e+01,1.010777e+01,1.043724e-01
5000,layers.2.qkv_lut.log_soft_score_temp,1.378271e-01,8.039236e-03,5.832842e-02
5000,layers.2.qkv_lut.log_select_temp,6.096568e-01,3.992796e-03,6.549252e-03
5000,layers.2.v_lut.weights,4.796429e+01,4.854665e+00,1.012141e-01
5000,layers.2.v_lut.log_soft_score_temp,3.877008e-01,1.256970e-02,3.242112e-02
5000,layers.2.v_lut.log_select_temp,9.030714e-01,2.364576e-03,2.618371e-03
5000,layers.2.out_proj.weights,6.466013e+01,6.998724e+00,1.082386e-01
5000,layers.2.out_proj.log_soft_score_temp,3.719664e-01,1.072726e-02,2.883932e-02
5000,layers.2.out_proj.log_select_temp,8.934168e-01,5.701065e-03,6.381193e-03
5000,layers.2.residual_lut.weights,6.225480e+01,6.148517e+00,9.876375e-02
5000,layers.2.residual_lut.log_soft_score_temp,9.324624e-02,1.133409e-02,1.215501e-01
5000,layers.2.residual_lut.log_select_temp,5.976042e-01,2.546728e-03,4.261563e-03
5000,layers.2.q_norm.weight,8.743013e+00,2.206771e-02,2.524040e-03
5000,layers.2.q_norm.bias,6.381252e-01,1.051860e-02,1.648360e-02
5000,layers.2.k_norm.weight,8.712379e+00,2.148287e-02,2.465787e-03
5000,layers.2.k_norm.bias,1.033640e+00,1.457477e-02,1.410044e-02
5000,layers.3.qkv_lut.weights,9.779124e+01,1.026374e+01,1.049556e-01
5000,layers.3.qkv_lut.log_soft_score_temp,5.623397e-02,8.890502e-03,1.580984e-01
5000,layers.3.qkv_lut.log_select_temp,6.107748e-01,4.961610e-03,8.123468e-03
5000,layers.3.v_lut.weights,4.846265e+01,4.936711e+00,1.018663e-01
5000,layers.3.v_lut.log_soft_score_temp,3.395552e-01,1.311147e-02,3.861367e-02
5000,layers.3.v_lut.log_select_temp,8.893954e-01,1.731753e-03,1.947113e-03
5000,layers.3.out_proj.weights,7.016895e+01,7.032490e+00,1.002222e-01
5000,layers.3.out_proj.log_soft_score_temp,4.943034e-01,1.308644e-02,2.647451e-02
5000,layers.3.out_proj.log_select_temp,9.774718e-01,1.771629e-03,1.812460e-03
5000,layers.3.residual_lut.weights,6.377167e+01,6.161237e+00,9.661401e-02
5000,layers.3.residual_lut.log_soft_score_temp,1.602471e-02,1.352743e-02,8.441607e-01
5000,layers.3.residual_lut.log_select_temp,6.748400e-01,4.764199e-03,7.059746e-03
5000,layers.3.q_norm.weight,8.736355e+00,1.712858e-02,1.960610e-03
5000,layers.3.q_norm.bias,6.413797e-01,9.168174e-03,1.429446e-02
5000,layers.3.k_norm.weight,8.667403e+00,1.773709e-02,2.046413e-03
5000,layers.3.k_norm.bias,1.186592e+00,1.669226e-02,1.406740e-02
5000,layers.4.qkv_lut.weights,9.755108e+01,1.020710e+01,1.046334e-01
5000,layers.4.qkv_lut.log_soft_score_temp,1.552575e-01,1.041107e-02,6.705680e-02
5000,layers.4.qkv_lut.log_select_temp,6.723138e-01,3.647685e-03,5.425569e-03
5000,layers.4.v_lut.weights,4.915718e+01,4.846713e+00,9.859625e-02
5000,layers.4.v_lut.log_soft_score_temp,5.570469e-01,1.255441e-02,2.253743e-02
5000,layers.4.v_lut.log_select_temp,9.736709e-01,1.520514e-03,1.561631e-03
5000,layers.4.out_proj.weights,7.434794e+01,7.205290e+00,9.691312e-02
5000,layers.4.out_proj.log_soft_score_temp,6.761255e-01,8.996308e-03,1.330568e-02
5000,layers.4.out_proj.log_select_temp,1.065731e+00,5.168319e-03,4.849554e-03
5000,layers.4.residual_lut.weights,6.543142e+01,6.277778e+00,9.594439e-02
5000,layers.4.residual_lut.log_soft_score_temp,5.686603e-03,1.353136e-02,2.379516e+00
5000,layers.4.residual_lut.log_select_temp,7.014063e-01,6.106675e-03,8.706330e-03
5000,layers.4.q_norm.weight,8.725487e+00,2.011356e-02,2.305151e-03
5000,layers.4.q_norm.bias,3.978393e-01,9.906698e-03,2.490126e-02
5000,layers.4.k_norm.weight,8.690938e+00,2.077959e-02,2.390949e-03
5000,layers.4.k_norm.bias,5.998310e-01,1.286796e-02,2.145264e-02
5000,layers.5.qkv_lut.weights,9.868150e+01,1.043624e+01,1.057568e-01
5000,layers.5.qkv_lut.log_soft_score_temp,3.048654e-01,9.653926e-03,3.166619e-02
5000,layers.5.qkv_lut.log_select_temp,6.692951e-01,3.659725e-05,5.468029e-05
5000,layers.5.v_lut.weights,4.967362e+01,4.933684e+00,9.932202e-02
5000,layers.5.v_lut.log_soft_score_temp,8.218634e-01,8.594275e-03,1.045706e-02
5000,layers.5.v_lut.log_select_temp,1.023116e+00,1.386642e-03,1.355313e-03
5000,layers.5.out_proj.weights,8.362673e+01,7.914840e+00,9.464485e-02
5000,layers.5.out_proj.log_soft_score_temp,8.415918e-01,5.662084e-03,6.727826e-03
5000,layers.5.out_proj.log_select_temp,1.085797e+00,7.194638e-03,6.626135e-03
5000,layers.5.residual_lut.weights,6.902930e+01,6.465800e+00,9.366747e-02
5000,layers.5.residual_lut.log_soft_score_temp,4.828470e-02,1.288331e-02,2.668198e-01
5000,layers.5.residual_lut.log_select_temp,7.565865e-01,1.045567e-02,1.381953e-02
5000,layers.5.q_norm.weight,8.410059e+00,1.821020e-02,2.165287e-03
5000,layers.5.q_norm.bias,2.909123e-01,9.173481e-03,3.153349e-02
5000,layers.5.k_norm.weight,8.397904e+00,1.796685e-02,2.139444e-03
5000,layers.5.k_norm.bias,4.817612e-01,1.311443e-02,2.722185e-02
5000,ln_final.weight,3.336336e+01,3.528903e-01,1.057718e-02
5000,ln_final.bias,1.364569e+00,3.604960e-02,2.641830e-02
5200,tok_emb_E.weight,7.448595e+01,1.468157e+00,1.971052e-02
5200,unembedder.weight,2.210453e+02,9.052357e+00,4.095250e-02
5200,layers.0.qkv_lut.weights,9.837582e+01,9.019250e+00,9.168158e-02
5200,layers.0.qkv_lut.log_soft_score_temp,8.434641e-01,7.846355e-04,9.302537e-04
5200,layers.0.qkv_lut.log_select_temp,7.222308e-01,3.908873e-04,5.412221e-04
5200,layers.0.v_lut.weights,5.027642e+01,4.299262e+00,8.551249e-02
5200,layers.0.v_lut.log_soft_score_temp,9.670371e-01,8.344650e-04,8.629090e-04
5200,layers.0.v_lut.log_select_temp,1.212767e+00,5.355477e-03,4.415915e-03
5200,layers.0.out_proj.weights,6.496187e+01,6.123445e+00,9.426214e-02
5200,layers.0.out_proj.log_soft_score_temp,3.587360e-01,7.940978e-03,2.213599e-02
5200,layers.0.out_proj.log_select_temp,9.165521e-01,5.014598e-03,5.471155e-03
5200,layers.0.residual_lut.weights,6.904821e+01,5.691893e+00,8.243360e-02
5200,layers.0.residual_lut.log_soft_score_temp,3.949994e-01,4.626751e-03,1.171331e-02
5200,layers.0.residual_lut.log_select_temp,9.789350e-01,9.324908e-03,9.525564e-03
5200,layers.0.q_norm.weight,9.075696e+00,1.835088e-02,2.021981e-03
5200,layers.0.q_norm.bias,8.544733e-01,1.234200e-02,1.444398e-02
5200,layers.0.k_norm.weight,9.024462e+00,1.765850e-02,1.956737e-03
5200,layers.0.k_norm.bias,9.626364e-01,1.325221e-02,1.376658e-02
5200,layers.1.qkv_lut.weights,9.741979e+01,9.179901e+00,9.423035e-02
5200,layers.1.qkv_lut.log_soft_score_temp,1.798741e-01,4.225239e-03,2.348998e-02
5200,layers.1.qkv_lut.log_select_temp,5.992436e-01,4.284382e-03,7.149650e-03
5200,layers.1.v_lut.weights,4.810849e+01,4.457417e+00,9.265345e-02
5200,layers.1.v_lut.log_soft_score_temp,3.930393e-01,7.915944e-03,2.014034e-02
5200,layers.1.v_lut.log_select_temp,9.070958e-01,4.638135e-03,5.113170e-03
5200,layers.1.out_proj.weights,5.972805e+01,6.367787e+00,1.066130e-01
5200,layers.1.out_proj.log_soft_score_temp,2.635415e-01,9.250313e-03,3.510003e-02
5200,layers.1.out_proj.log_select_temp,8.104699e-01,5.742431e-03,7.085310e-03
5200,layers.1.residual_lut.weights,6.312925e+01,5.653736e+00,8.955809e-02
5200,layers.1.residual_lut.log_soft_score_temp,1.675403e-01,5.847260e-03,3.490063e-02
5200,layers.1.residual_lut.log_select_temp,6.526175e-01,5.300403e-03,8.121760e-03
5200,layers.1.q_norm.weight,8.718009e+00,1.555177e-02,1.783867e-03
5200,layers.1.q_norm.bias,5.574951e-01,7.419691e-03,1.330898e-02
5200,layers.1.k_norm.weight,8.693671e+00,1.534371e-02,1.764929e-03
5200,layers.1.k_norm.bias,7.977089e-01,9.424913e-03,1.181498e-02
5200,layers.2.qkv_lut.weights,9.741383e+01,9.330942e+00,9.578662e-02
5200,layers.2.qkv_lut.log_soft_score_temp,1.301416e-01,7.685438e-03,5.905441e-02
5200,layers.2.qkv_lut.log_select_temp,6.135463e-01,3.889501e-03,6.339377e-03
5200,layers.2.v_lut.weights,4.826676e+01,4.476011e+00,9.273486e-02
5200,layers.2.v_lut.log_soft_score_temp,3.783215e-01,9.379327e-03,2.479195e-02
5200,layers.2.v_lut.log_select_temp,9.054953e-01,2.423942e-03,2.676924e-03
5200,layers.2.out_proj.weights,6.501190e+01,6.421987e+00,9.878171e-02
5200,layers.2.out_proj.log_soft_score_temp,3.608422e-01,1.112419e-02,3.082842e-02
5200,layers.2.out_proj.log_select_temp,8.979499e-01,4.533112e-03,5.048291e-03
5200,layers.2.residual_lut.weights,6.258606e+01,5.661187e+00,9.045445e-02
5200,layers.2.residual_lut.log_soft_score_temp,8.524038e-02,8.005857e-03,9.392095e-02
5200,layers.2.residual_lut.log_select_temp,6.022458e-01,4.641652e-03,7.707239e-03
5200,layers.2.q_norm.weight,8.751010e+00,1.091308e-02,1.247065e-03
5200,layers.2.q_norm.bias,6.428720e-01,8.633759e-03,1.342998e-02
5200,layers.2.k_norm.weight,8.720495e+00,1.132966e-02,1.299199e-03
5200,layers.2.k_norm.bias,1.037303e+00,1.106183e-02,1.066402e-02
5200,layers.3.qkv_lut.weights,9.838172e+01,9.390584e+00,9.545049e-02
5200,layers.3.qkv_lut.log_soft_score_temp,4.929511e-02,6.938867e-03,1.407618e-01
5200,layers.3.qkv_lut.log_select_temp,6.159818e-01,5.207002e-03,8.453175e-03
5200,layers.3.v_lut.weights,4.875368e+01,4.524056e+00,9.279416e-02
5200,layers.3.v_lut.log_soft_score_temp,3.269162e-01,1.263902e-02,3.866133e-02
5200,layers.3.v_lut.log_select_temp,8.899532e-01,5.578399e-04,6.268193e-04
5200,layers.3.out_proj.weights,7.061814e+01,6.450142e+00,9.133832e-02
5200,layers.3.out_proj.log_soft_score_temp,4.832678e-01,1.103556e-02,2.283529e-02
5200,layers.3.out_proj.log_select_temp,9.798158e-01,2.344012e-03,2.392299e-03
5200,layers.3.residual_lut.weights,6.409229e+01,5.665474e+00,8.839558e-02
5200,layers.3.residual_lut.log_soft_score_temp,4.092686e-03,1.193202e-02,2.915451e+00
5200,layers.3.residual_lut.log_select_temp,6.784728e-01,3.632784e-03,5.354354e-03
5200,layers.3.q_norm.weight,8.744967e+00,1.524415e-02,1.743191e-03
5200,layers.3.q_norm.bias,6.467425e-01,8.206025e-03,1.268824e-02
5200,layers.3.k_norm.weight,8.675761e+00,1.506635e-02,1.736603e-03
5200,layers.3.k_norm.bias,1.193239e+00,1.328725e-02,1.113544e-02
5200,layers.4.qkv_lut.weights,9.811154e+01,9.399749e+00,9.580676e-02
5200,layers.4.qkv_lut.log_soft_score_temp,1.445278e-01,1.072963e-02,7.423916e-02
5200,layers.4.qkv_lut.log_select_temp,6.741182e-01,1.804411e-03,2.676699e-03
5200,layers.4.v_lut.weights,4.946041e+01,4.452760e+00,9.002674e-02
5200,layers.4.v_lut.log_soft_score_temp,5.433978e-01,1.364917e-02,2.511818e-02
5200,layers.4.v_lut.log_select_temp,9.713128e-01,2.358079e-03,2.427723e-03
5200,layers.4.out_proj.weights,7.492126e+01,6.606728e+00,8.818228e-02
5200,layers.4.out_proj.log_soft_score_temp,6.668388e-01,9.286642e-03,1.392637e-02
5200,layers.4.out_proj.log_select_temp,1.070326e+00,4.595518e-03,4.293568e-03
5200,layers.4.residual_lut.weights,6.581015e+01,5.778442e+00,8.780472e-02
5200,layers.4.residual_lut.log_soft_score_temp,1.704024e-02,1.135363e-02,6.662838e-01
5200,layers.4.residual_lut.log_select_temp,7.085149e-01,7.108629e-03,1.003314e-02
5200,layers.4.q_norm.weight,8.734635e+00,1.530311e-02,1.752004e-03
5200,layers.4.q_norm.bias,4.009106e-01,8.386819e-03,2.091943e-02
5200,layers.4.k_norm.weight,8.700267e+00,1.604141e-02,1.843783e-03
5200,layers.4.k_norm.bias,6.032919e-01,1.062988e-02,1.761980e-02
5200,layers.5.qkv_lut.weights,9.926584e+01,9.576401e+00,9.647227e-02
5200,layers.5.qkv_lut.log_soft_score_temp,2.952486e-01,9.616762e-03,3.257174e-02
5200,layers.5.qkv_lut.log_select_temp,6.691380e-01,1.570582e-04,2.347173e-04
5200,layers.5.v_lut.weights,4.997421e+01,4.528258e+00,9.061190e-02
5200,layers.5.v_lut.log_soft_score_temp,8.128205e-01,9.042919e-03,1.112536e-02
5200,layers.5.v_lut.log_select_temp,1.021143e+00,1.972795e-03,1.931947e-03
5200,layers.5.out_proj.weights,8.429166e+01,7.228167e+00,8.575186e-02
5200,layers.5.out_proj.log_soft_score_temp,8.376871e-01,3.904700e-03,4.661287e-03
5200,layers.5.out_proj.log_select_temp,1.091586e+00,5.789042e-03,5.303330e-03
5200,layers.5.residual_lut.weights,6.947208e+01,5.955957e+00,8.573167e-02
5200,layers.5.residual_lut.log_soft_score_temp,3.565010e-02,1.263460e-02,3.544056e-01
5200,layers.5.residual_lut.log_select_temp,7.611122e-01,4.525721e-03,5.946194e-03
5200,layers.5.q_norm.weight,8.416800e+00,1.100944e-02,1.308031e-03
5200,layers.5.q_norm.bias,2.923625e-01,9.487160e-03,3.244998e-02
5200,layers.5.k_norm.weight,8.404094e+00,1.150508e-02,1.368985e-03
5200,layers.5.k_norm.bias,4.840890e-01,1.320731e-02,2.728282e-02
5200,ln_final.weight,3.368176e+01,3.194693e-01,9.484934e-03
5200,ln_final.bias,1.372283e+00,3.451839e-02,2.515398e-02
5400,tok_emb_E.weight,7.450597e+01,1.341408e+00,1.800403e-02
5400,unembedder.weight,2.216335e+02,8.303438e+00,3.746472e-02
5400,layers.0.qkv_lut.weights,9.885553e+01,8.261003e+00,8.356643e-02
5400,layers.0.qkv_lut.log_soft_score_temp,8.434212e-01,4.285574e-05,5.081179e-05
5400,layers.0.qkv_lut.log_select_temp,7.215717e-01,6.591082e-04,9.134341e-04
5400,layers.0.v_lut.weights,5.054088e+01,3.945079e+00,7.805720e-02
5400,layers.0.v_lut.log_soft_score_temp,9.679519e-01,9.147525e-04,9.450392e-04
5400,layers.0.v_lut.log_select_temp,1.218177e+00,5.409837e-03,4.440928e-03
5400,layers.0.out_proj.weights,6.521408e+01,5.598789e+00,8.585246e-02
5400,layers.0.out_proj.log_soft_score_temp,3.502949e-01,8.441091e-03,2.409709e-02
5400,layers.0.out_proj.log_select_temp,9.208858e-01,4.333735e-03,4.706050e-03
5400,layers.0.residual_lut.weights,6.947241e+01,5.209211e+00,7.498244e-02
5400,layers.0.residual_lut.log_soft_score_temp,3.906650e-01,4.334390e-03,1.109490e-02
5400,layers.0.residual_lut.log_select_temp,9.874662e-01,8.531213e-03,8.639498e-03
5400,layers.0.q_norm.weight,9.088243e+00,1.619661e-02,1.782150e-03
5400,layers.0.q_norm.bias,8.613584e-01,9.569503e-03,1.110978e-02
5400,layers.0.k_norm.weight,9.036365e+00,1.506712e-02,1.667388e-03
5400,layers.0.k_norm.bias,9.713133e-01,1.384484e-02,1.425374e-02
5400,layers.1.qkv_lut.weights,9.790163e+01,8.398447e+00,8.578455e-02
5400,layers.1.qkv_lut.log_soft_score_temp,1.766915e-01,3.182590e-03,1.801213e-02
5400,layers.1.qkv_lut.log_select_temp,6.037459e-01,4.502296e-03,7.457271e-03
5400,layers.1.v_lut.weights,4.836997e+01,4.067324e+00,8.408779e-02
5400,layers.1.v_lut.log_soft_score_temp,3.859760e-01,7.063329e-03,1.829992e-02
5400,layers.1.v_lut.log_select_temp,9.110318e-01,3.935993e-03,4.320368e-03
5400,layers.1.out_proj.weights,5.993072e+01,5.803008e+00,9.682861e-02
5400,layers.1.out_proj.log_soft_score_temp,2.565596e-01,6.981820e-03,2.721324e-02
5400,layers.1.out_proj.log_select_temp,8.169200e-01,6.450057e-03,7.895580e-03
5400,layers.1.residual_lut.weights,6.342074e+01,5.183317e+00,8.172905e-02
5400,layers.1.residual_lut.log_soft_score_temp,1.615232e-01,6.017029e-03,3.725179e-02
5400,layers.1.residual_lut.log_select_temp,6.569238e-01,4.306316e-03,6.555275e-03
5400,layers.1.q_norm.weight,8.730733e+00,1.538883e-02,1.762605e-03
5400,layers.1.q_norm.bias,5.614222e-01,7.336530e-03,1.306776e-02
5400,layers.1.k_norm.weight,8.706168e+00,1.526688e-02,1.753570e-03
5400,layers.1.k_norm.bias,8.020228e-01,8.290759e-03,1.033731e-02
5400,layers.2.qkv_lut.weights,9.788673e+01,8.522373e+00,8.706362e-02
5400,layers.2.qkv_lut.log_soft_score_temp,1.237399e-01,6.401725e-03,5.173533e-02
5400,layers.2.qkv_lut.log_select_temp,6.169100e-01,3.363669e-03,5.452447e-03
5400,layers.2.v_lut.weights,4.852470e+01,4.070065e+00,8.387615e-02
5400,layers.2.v_lut.log_soft_score_temp,3.683393e-01,9.982169e-03,2.710047e-02
5400,layers.2.v_lut.log_select_temp,9.069834e-01,1.488030e-03,1.640636e-03
5400,layers.2.out_proj.weights,6.530484e+01,5.855219e+00,8.965981e-02
5400,layers.2.out_proj.log_soft_score_temp,3.505560e-01,1.028618e-02,2.934248e-02
5400,layers.2.out_proj.log_select_temp,9.022766e-01,4.326701e-03,4.795316e-03
5400,layers.2.residual_lut.weights,6.285179e+01,5.184927e+00,8.249450e-02
5400,layers.2.residual_lut.log_soft_score_temp,7.775681e-02,7.483572e-03,9.624330e-02
5400,layers.2.residual_lut.log_select_temp,6.061848e-01,3.939033e-03,6.498072e-03
5400,layers.2.q_norm.weight,8.761587e+00,1.388228e-02,1.584448e-03
5400,layers.2.q_norm.bias,6.455964e-01,6.813438e-03,1.055371e-02
5400,layers.2.k_norm.weight,8.731012e+00,1.489844e-02,1.706381e-03
5400,layers.2.k_norm.bias,1.043968e+00,1.179590e-02,1.129910e-02
5400,layers.3.qkv_lut.weights,9.886874e+01,8.599773e+00,8.698173e-02
5400,layers.3.qkv_lut.log_soft_score_temp,4.280589e-02,6.489217e-03,1.515964e-01
5400,layers.3.qkv_lut.log_select_temp,6.212778e-01,5.295992e-03,8.524354e-03
5400,layers.3.v_lut.weights,4.900757e+01,4.124566e+00,8.416180e-02
5400,layers.3.v_lut.log_soft_score_temp,3.163835e-01,1.053268e-02,3.329085e-02
5400,layers.3.v_lut.log_select_temp,8.906574e-01,7.041693e-04,7.906175e-04
5400,layers.3.out_proj.weights,7.099940e+01,5.890018e+00,8.295870e-02
5400,layers.3.out_proj.log_soft_score_temp,4.739944e-01,9.273440e-03,1.956445e-02
5400,layers.3.out_proj.log_select_temp,9.827039e-01,2.888143e-03,2.938976e-03
5400,layers.3.residual_lut.weights,6.435378e+01,5.209458e+00,8.095031e-02
5400,layers.3.residual_lut.log_soft_score_temp,6.519018e-03,1.061170e-02,1.627807e+00
5400,layers.3.residual_lut.log_select_temp,6.816328e-01,3.160000e-03,4.635927e-03
5400,layers.3.q_norm.weight,8.751815e+00,1.099677e-02,1.256514e-03
5400,layers.3.q_norm.bias,6.514018e-01,9.600063e-03,1.473755e-02
5400,layers.3.k_norm.weight,8.681910e+00,1.108311e-02,1.276575e-03
5400,layers.3.k_norm.bias,1.200753e+00,1.388871e-02,1.156667e-02
5400,layers.4.qkv_lut.weights,9.857663e+01,8.588060e+00,8.712065e-02
5400,layers.4.qkv_lut.log_soft_score_temp,1.353355e-01,9.192377e-03,6.792290e-02
5400,layers.4.qkv_lut.log_select_temp,6.761855e-01,2.067327e-03,3.057338e-03
5400,layers.4.v_lut.weights,4.971257e+01,4.066383e+00,8.179789e-02
5400,layers.4.v_lut.log_soft_score_temp,5.309995e-01,1.239830e-02,2.334899e-02
5400,layers.4.v_lut.log_select_temp,9.687099e-01,2.602875e-03,2.686950e-03
5400,layers.4.out_proj.weights,7.542966e+01,6.043000e+00,8.011437e-02
5400,layers.4.out_proj.log_soft_score_temp,6.586042e-01,8.234620e-03,1.250314e-02
5400,layers.4.out_proj.log_select_temp,1.073848e+00,3.521919e-03,3.279718e-03
5400,layers.4.residual_lut.weights,6.611536e+01,5.287430e+00,7.997279e-02
5400,layers.4.residual_lut.log_soft_score_temp,2.786049e-02,1.082025e-02,3.883727e-01
5400,layers.4.residual_lut.log_select_temp,7.145525e-01,6.037533e-03,8.449391e-03
5400,layers.4.q_norm.weight,8.743667e+00,1.352955e-02,1.547355e-03
5400,layers.4.q_norm.bias,4.016477e-01,5.962530e-03,1.484517e-02
5400,layers.4.k_norm.weight,8.709230e+00,1.387509e-02,1.593147e-03
5400,layers.4.k_norm.bias,6.062123e-01,1.019874e-02,1.682372e-02
5400,layers.5.qkv_lut.weights,9.974823e+01,8.739995e+00,8.762055e-02
5400,layers.5.qkv_lut.log_soft_score_temp,2.881863e-01,7.062346e-03,2.450618e-02
5400,layers.5.qkv_lut.log_select_temp,6.697514e-01,6.133914e-04,9.158494e-04
5400,layers.5.v_lut.weights,5.022943e+01,4.146115e+00,8.254354e-02
5400,layers.5.v_lut.log_soft_score_temp,8.070976e-01,5.722880e-03,7.090692e-03
5400,layers.5.v_lut.log_select_temp,1.021198e+00,5.447865e-05,5.334778e-05
5400,layers.5.out_proj.weights,8.488068e+01,6.567940e+00,7.737850e-02
5400,layers.5.out_proj.log_soft_score_temp,8.341225e-01,3.564596e-03,4.273468e-03
5400,layers.5.out_proj.log_select_temp,1.098741e+00,7.154703e-03,6.511729e-03
5400,layers.5.residual_lut.weights,6.987086e+01,5.448049e+00,7.797312e-02
5400,layers.5.residual_lut.log_soft_score_temp,2.576833e-02,9.881770e-03,3.834850e-01
5400,layers.5.residual_lut.log_select_temp,7.677783e-01,6.666124e-03,8.682355e-03
5400,layers.5.q_norm.weight,8.424748e+00,1.405491e-02,1.668288e-03
5400,layers.5.q_norm.bias,2.968198e-01,9.580939e-03,3.227863e-02
5400,layers.5.k_norm.weight,8.412099e+00,1.394091e-02,1.657246e-03
5400,layers.5.k_norm.bias,4.861560e-01,1.116348e-02,2.296276e-02
5400,ln_final.weight,3.397874e+01,2.978687e-01,8.766326e-03
5400,ln_final.bias,1.380042e+00,3.268036e-02,2.368071e-02
5600,tok_emb_E.weight,7.452409e+01,1.223020e+00,1.641106e-02
5600,unembedder.weight,2.221151e+02,7.411061e+00,3.336585e-02
5600,layers.0.qkv_lut.weights,9.924758e+01,7.571140e+00,7.628539e-02
5600,layers.0.qkv_lut.log_soft_score_temp,8.445629e-01,1.141667e-03,1.351785e-03
5600,layers.0.qkv_lut.log_select_temp,7.222955e-01,7.238388e-04,1.002137e-03
5600,layers.0.v_lut.weights,5.075685e+01,3.610103e+00,7.112543e-02
5600,layers.0.v_lut.log_soft_score_temp,9.675499e-01,4.020333e-04,4.155169e-04
5600,layers.0.v_lut.log_select_temp,1.222046e+00,3.868341e-03,3.165464e-03
5600,layers.0.out_proj.weights,6.542100e+01,5.090001e+00,7.780378e-02
5600,layers.0.out_proj.log_soft_score_temp,3.438452e-01,6.449729e-03,1.875765e-02
5600,layers.0.out_proj.log_select_temp,9.255253e-01,4.639506e-03,5.012836e-03
5600,layers.0.residual_lut.weights,6.983166e+01,4.731821e+00,6.776040e-02
5600,layers.0.residual_lut.log_soft_score_temp,3.885076e-01,2.157420e-03,5.553096e-03
5600,layers.0.residual_lut.log_select_temp,9.954768e-01,8.010626e-03,8.047024e-03
5600,layers.0.q_norm.weight,9.102036e+00,1.653450e-02,1.816572e-03
5600,layers.0.q_norm.bias,8.664157e-01,9.004105e-03,1.039236e-02
5600,layers.0.k_norm.weight,9.049558e+00,1.623981e-02,1.794542e-03
5600,layers.0.k_norm.bias,9.801056e-01,1.163289e-02,1.186902e-02
5600,layers.1.qkv_lut.weights,9.829562e+01,7.633617e+00,7.765979e-02
5600,layers.1.qkv_lut.log_soft_score_temp,1.737279e-01,2.963588e-03,1.705879e-02
5600,layers.1.qkv_lut.log_select_temp,6.076831e-01,3.937244e-03,6.479108e-03
5600,layers.1.v_lut.weights,4.858192e+01,3.688891e+00,7.593136e-02
5600,layers.1.v_lut.log_soft_score_temp,3.793323e-01,6.643653e-03,1.751407e-02
5600,layers.1.v_lut.log_select_temp,9.145508e-01,3.519058e-03,3.847854e-03
5600,layers.1.out_proj.weights,6.008035e+01,5.265713e+00,8.764452e-02
5600,layers.1.out_proj.log_soft_score_temp,2.502798e-01,6.279796e-03,2.509110e-02
5600,layers.1.out_proj.log_select_temp,8.222027e-01,5.282760e-03,6.425130e-03
5600,layers.1.residual_lut.weights,6.364607e+01,4.707999e+00,7.397156e-02
5600,layers.1.residual_lut.log_soft_score_temp,1.559196e-01,5.603611e-03,3.593910e-02
5600,layers.1.residual_lut.log_select_temp,6.600323e-01,3.108442e-03,4.709530e-03
5600,layers.1.q_norm.weight,8.741289e+00,1.381451e-02,1.580375e-03
5600,layers.1.q_norm.bias,5.656045e-01,7.104987e-03,1.256176e-02
5600,layers.1.k_norm.weight,8.716248e+00,1.270356e-02,1.457457e-03
5600,layers.1.k_norm.bias,8.068175e-01,8.101190e-03,1.004092e-02
5600,layers.2.qkv_lut.weights,9.828288e+01,7.719762e+00,7.854635e-02
5600,layers.2.qkv_lut.log_soft_score_temp,1.187770e-01,4.962936e-03,4.178365e-02
5600,layers.2.qkv_lut.log_select_temp,6.212791e-01,4.369080e-03,7.032395e-03
5600,layers.2.v_lut.weights,4.873461e+01,3.694031e+00,7.579891e-02
5600,layers.2.v_lut.log_soft_score_temp,3.603553e-01,7.984072e-03,2.215611e-02
5600,layers.2.v_lut.log_select_temp,9.088870e-01,1.903653e-03,2.094488e-03
5600,layers.2.out_proj.weights,6.555113e+01,5.307609e+00,8.096899e-02
5600,layers.2.out_proj.log_soft_score_temp,3.429010e-01,7.654995e-03,2.232421e-02
5600,layers.2.out_proj.log_select_temp,9.070885e-01,4.811943e-03,5.304821e-03
5600,layers.2.residual_lut.weights,6.306439e+01,4.728713e+00,7.498230e-02
5600,layers.2.residual_lut.log_soft_score_temp,7.210088e-02,5.655929e-03,7.844467e-02
5600,layers.2.residual_lut.log_select_temp,6.096922e-01,3.507376e-03,5.752699e-03
5600,layers.2.q_norm.weight,8.772724e+00,1.417676e-02,1.616005e-03
5600,layers.2.q_norm.bias,6.495258e-01,7.063286e-03,1.087453e-02
5600,layers.2.k_norm.weight,8.741812e+00,1.362675e-02,1.558802e-03
5600,layers.2.k_norm.bias,1.050555e+00,9.768002e-03,9.297947e-03
5600,layers.3.qkv_lut.weights,9.926904e+01,7.795803e+00,7.853206e-02
5600,layers.3.qkv_lut.log_soft_score_temp,3.739469e-02,5.411200e-03,1.447051e-01
5600,layers.3.qkv_lut.log_select_temp,6.265558e-01,5.277991e-03,8.423817e-03
5600,layers.3.v_lut.weights,4.921321e+01,3.734196e+00,7.587793e-02
5600,layers.3.v_lut.log_soft_score_temp,3.058592e-01,1.052433e-02,3.440908e-02
5600,layers.3.v_lut.log_select_temp,8.916529e-01,9.955168e-04,1.116485e-03
5600,layers.3.out_proj.weights,7.132999e+01,5.330538e+00,7.473067e-02
5600,layers.3.out_proj.log_soft_score_temp,4.663976e-01,7.596791e-03,1.628823e-02
5600,layers.3.out_proj.log_select_temp,9.864842e-01,3.780246e-03,3.832039e-03
5600,layers.3.residual_lut.weights,6.457053e+01,4.734649e+00,7.332524e-02
5600,layers.3.residual_lut.log_soft_score_temp,1.444663e-02,7.927615e-03,5.487518e-01
5600,layers.3.residual_lut.log_select_temp,6.854629e-01,3.830075e-03,5.587575e-03
5600,layers.3.q_norm.weight,8.759713e+00,1.259832e-02,1.438211e-03
5600,layers.3.q_norm.bias,6.546221e-01,7.936422e-03,1.212367e-02
5600,layers.3.k_norm.weight,8.689584e+00,1.233694e-02,1.419739e-03
5600,layers.3.k_norm.bias,1.206685e+00,1.129994e-02,9.364446e-03
5600,layers.4.qkv_lut.weights,9.895255e+01,7.775745e+00,7.858055e-02
5600,layers.4.qkv_lut.log_soft_score_temp,1.265902e-01,8.745253e-03,6.908317e-02
5600,layers.4.qkv_lut.log_select_temp,6.786681e-01,2.482533e-03,3.657949e-03
5600,layers.4.v_lut.weights,4.991908e+01,3.678224e+00,7.368373e-02
5600,layers.4.v_lut.log_soft_score_temp,5.202286e-01,1.077092e-02,2.070420e-02
5600,layers.4.v_lut.log_select_temp,9.672874e-01,1.422524e-03,1.470633e-03
5600,layers.4.out_proj.weights,7.585001e+01,5.460577e+00,7.199177e-02
5600,layers.4.out_proj.log_soft_score_temp,6.524294e-01,6.174803e-03,9.464323e-03
5600,layers.4.out_proj.log_select_temp,1.077660e+00,3.811836e-03,3.537142e-03
5600,layers.4.residual_lut.weights,6.637499e+01,4.806616e+00,7.241607e-02
5600,layers.4.residual_lut.log_soft_score_temp,3.759089e-02,9.730404e-03,2.588500e-01
5600,layers.4.residual_lut.log_select_temp,7.206485e-01,6.096065e-03,8.459138e-03
5600,layers.4.q_norm.weight,8.753241e+00,1.479683e-02,1.690440e-03
5600,layers.4.q_norm.bias,4.052228e-01,6.937201e-03,1.711947e-02
5600,layers.4.k_norm.weight,8.718756e+00,1.441175e-02,1.652960e-03
5600,layers.4.k_norm.bias,6.105372e-01,9.637084e-03,1.578460e-02
5600,layers.5.qkv_lut.weights,1.001317e+02,7.949283e+00,7.938828e-02
5600,layers.5.qkv_lut.log_soft_score_temp,2.804304e-01,7.755876e-03,2.765704e-02
5600,layers.5.qkv_lut.log_select_temp,6.695289e-01,2.225041e-04,3.323294e-04
5600,layers.5.v_lut.weights,5.043917e+01,3.750516e+00,7.435720e-02
5600,layers.5.v_lut.log_soft_score_temp,8.003513e-01,6.746352e-03,8.429239e-03
5600,layers.5.v_lut.log_select_temp,1.019585e+00,1.613259e-03,1.582271e-03
5600,layers.5.out_proj.weights,8.535319e+01,5.955320e+00,6.977268e-02
5600,layers.5.out_proj.log_soft_score_temp,8.296393e-01,4.483223e-03,5.403822e-03
5600,layers.5.out_proj.log_select_temp,1.103384e+00,4.642725e-03,4.207716e-03
5600,layers.5.residual_lut.weights,7.018662e+01,4.952405e+00,7.056053e-02
5600,layers.5.residual_lut.log_soft_score_temp,1.682359e-02,8.944744e-03,5.316787e-01
5600,layers.5.residual_lut.log_select_temp,7.733636e-01,5.585313e-03,7.222104e-03
5600,layers.5.q_norm.weight,8.431162e+00,1.015408e-02,1.204351e-03
5600,layers.5.q_norm.bias,2.993906e-01,8.090851e-03,2.702440e-02
5600,layers.5.k_norm.weight,8.418442e+00,1.077055e-02,1.279399e-03
5600,layers.5.k_norm.bias,4.894831e-01,9.360982e-03,1.912422e-02
5600,ln_final.weight,3.425084e+01,2.728023e-01,7.964836e-03
5600,ln_final.bias,1.386717e+00,2.916982e-02,2.103517e-02
5800,tok_emb_E.weight,7.453841e+01,1.104175e+00,1.481351e-02
5800,unembedder.weight,2.224238e+02,6.449255e+00,2.899535e-02
5800,layers.0.qkv_lut.weights,9.956068e+01,6.835148e+00,6.865309e-02
5800,layers.0.qkv_lut.log_soft_score_temp,8.441165e-01,4.463792e-04,5.288123e-04
5800,layers.0.qkv_lut.log_select_temp,7.212206e-01,1.074970e-03,1.490487e-03
5800,layers.0.v_lut.weights,5.094606e+01,3.267760e+00,6.414156e-02
5800,layers.0.v_lut.log_soft_score_temp,9.694024e-01,1.852512e-03,1.910984e-03
5800,layers.0.v_lut.log_select_temp,1.227126e+00,5.080104e-03,4.139840e-03
5800,layers.0.out_proj.weights,6.558351e+01,4.604098e+00,7.020207e-02
5800,layers.0.out_proj.log_soft_score_temp,3.390588e-01,4.786432e-03,1.411682e-02
5800,layers.0.out_proj.log_select_temp,9.307619e-01,5.236566e-03,5.626107e-03
5800,layers.0.residual_lut.weights,7.013864e+01,4.305302e+00,6.138274e-02
5800,layers.0.residual_lut.log_soft_score_temp,3.876990e-01,8.086264e-04,2.085707e-03
5800,layers.0.residual_lut.log_select_temp,1.003847e+00,8.370280e-03,8.338202e-03
5800,layers.0.q_norm.weight,9.113628e+00,1.513882e-02,1.661119e-03
5800,layers.0.q_norm.bias,8.735597e-01,9.290393e-03,1.063510e-02
5800,layers.0.k_norm.weight,9.060620e+00,1.447434e-02,1.597500e-03
5800,layers.0.k_norm.bias,9.902105e-01,1.182658e-02,1.194350e-02
5800,layers.1.qkv_lut.weights,9.861587e+01,6.882047e+00,6.978640e-02
5800,layers.1.qkv_lut.log_soft_score_temp,1.707271e-01,3.000841e-03,1.757683e-02
5800,layers.1.qkv_lut.log_select_temp,6.107411e-01,3.058016e-03,5.007058e-03
5800,layers.1.v_lut.weights,4.875150e+01,3.337405e+00,6.845749e-02
5800,layers.1.v_lut.log_soft_score_temp,3.730352e-01,6.297112e-03,1.688074e-02
5800,layers.1.v_lut.log_select_temp,9.169717e-01,2.420843e-03,2.640041e-03
5800,layers.1.out_proj.weights,6.019936e+01,4.756475e+00,7.901205e-02
5800,layers.1.out_proj.log_soft_score_temp,2.439636e-01,6.316230e-03,2.589005e-02
5800,layers.1.out_proj.log_select_temp,8.270056e-01,4.802823e-03,5.807486e-03
5800,layers.1.residual_lut.weights,6.383299e+01,4.283780e+00,6.710919e-02
5800,layers.1.residual_lut.log_soft_score_temp,1.515619e-01,4.357681e-03,2.875181e-02
5800,layers.1.residual_lut.log_select_temp,6.638039e-01,3.771603e-03,5.681803e-03
5800,layers.1.q_norm.weight,8.751661e+00,1.219757e-02,1.393744e-03
5800,layers.1.q_norm.bias,5.698007e-01,7.083146e-03,1.243092e-02
5800,layers.1.k_norm.weight,8.726296e+00,1.222639e-02,1.401097e-03
5800,layers.1.k_norm.bias,8.127493e-01,8.717808e-03,1.072632e-02
5800,layers.2.qkv_lut.weights,9.860426e+01,6.983605e+00,7.082458e-02
5800,layers.2.qkv_lut.log_soft_score_temp,1.130689e-01,5.708039e-03,5.048282e-02
5800,layers.2.qkv_lut.log_select_temp,6.241165e-01,2.837479e-03,4.546393e-03
5800,layers.2.v_lut.weights,4.891469e+01,3.331739e+00,6.811325e-02
5800,layers.2.v_lut.log_soft_score_temp,3.529728e-01,7.382482e-03,2.091516e-02
5800,layers.2.v_lut.log_select_temp,9.106021e-01,1.715064e-03,1.883440e-03
5800,layers.2.out_proj.weights,6.575141e+01,4.790048e+00,7.285087e-02
5800,layers.2.out_proj.log_soft_score_temp,3.360506e-01,6.850421e-03,2.038509e-02
5800,layers.2.out_proj.log_select_temp,9.109377e-01,3.849208e-03,4.225545e-03
5800,layers.2.residual_lut.weights,6.323141e+01,4.289305e+00,6.783503e-02
5800,layers.2.residual_lut.log_soft_score_temp,6.592610e-02,6.174780e-03,9.366216e-02
5800,layers.2.residual_lut.log_select_temp,6.124924e-01,2.800226e-03,4.571854e-03
5800,layers.2.q_norm.weight,8.780914e+00,1.149373e-02,1.308944e-03
5800,layers.2.q_norm.bias,6.532086e-01,6.494862e-03,9.943014e-03
5800,layers.2.k_norm.weight,8.749835e+00,1.130769e-02,1.292332e-03
5800,layers.2.k_norm.bias,1.057255e+00,1.085149e-02,1.026384e-02
5800,layers.3.qkv_lut.weights,9.959173e+01,7.053065e+00,7.081979e-02
5800,layers.3.qkv_lut.log_soft_score_temp,3.273318e-02,4.661504e-03,1.424091e-01
5800,layers.3.qkv_lut.log_select_temp,6.306611e-01,4.105270e-03,6.509471e-03
5800,layers.3.v_lut.weights,4.938081e+01,3.376182e+00,6.837032e-02
5800,layers.3.v_lut.log_soft_score_temp,2.969625e-01,8.896708e-03,2.995903e-02
5800,layers.3.v_lut.log_select_temp,8.917960e-01,1.431108e-04,1.604748e-04
5800,layers.3.out_proj.weights,7.159265e+01,4.810806e+00,6.719693e-02
5800,layers.3.out_proj.log_soft_score_temp,4.579237e-01,8.473873e-03,1.850499e-02
5800,layers.3.out_proj.log_select_temp,9.884720e-01,1.987875e-03,2.011058e-03
5800,layers.3.residual_lut.weights,6.474243e+01,4.288922e+00,6.624593e-02
5800,layers.3.residual_lut.log_soft_score_temp,2.244851e-02,8.001875e-03,3.564547e-01
5800,layers.3.residual_lut.log_select_temp,6.890566e-01,3.593743e-03,5.215454e-03
5800,layers.3.q_norm.weight,8.766667e+00,9.435456e-03,1.076288e-03
5800,layers.3.q_norm.bias,6.578919e-01,7.045436e-03,1.070911e-02
5800,layers.3.k_norm.weight,8.696116e+00,9.744725e-03,1.120584e-03
5800,layers.3.k_norm.bias,1.212823e+00,9.704455e-03,8.001541e-03
5800,layers.4.qkv_lut.weights,9.925880e+01,7.042388e+00,7.094976e-02
5800,layers.4.qkv_lut.log_soft_score_temp,1.187997e-01,7.790506e-03,6.557681e-02
5800,layers.4.qkv_lut.log_select_temp,6.802677e-01,1.599610e-03,2.351442e-03
5800,layers.4.v_lut.weights,5.009508e+01,3.329591e+00,6.646542e-02
5800,layers.4.v_lut.log_soft_score_temp,5.114142e-01,8.814394e-03,1.723533e-02
5800,layers.4.v_lut.log_select_temp,9.662821e-01,1.005292e-03,1.040371e-03
5800,layers.4.out_proj.weights,7.621190e+01,4.924273e+00,6.461291e-02
5800,layers.4.out_proj.log_soft_score_temp,6.459024e-01,6.527007e-03,1.010525e-02
5800,layers.4.out_proj.log_select_temp,1.080446e+00,2.786160e-03,2.578712e-03
5800,layers.4.residual_lut.weights,6.657485e+01,4.360235e+00,6.549372e-02
5800,layers.4.residual_lut.log_soft_score_temp,4.687780e-02,9.286907e-03,1.981088e-01
5800,layers.4.residual_lut.log_select_temp,7.256880e-01,5.039513e-03,6.944462e-03
5800,layers.4.q_norm.weight,8.761736e+00,1.368946e-02,1.562414e-03
5800,layers.4.q_norm.bias,4.080444e-01,7.633565e-03,1.870768e-02
5800,layers.4.k_norm.weight,8.726934e+00,1.319636e-02,1.512142e-03
5800,layers.4.k_norm.bias,6.143962e-01,9.364548e-03,1.524187e-02
5800,layers.5.qkv_lut.weights,1.004515e+02,7.150619e+00,7.118476e-02
5800,layers.5.qkv_lut.log_soft_score_temp,2.729035e-01,7.526875e-03,2.758072e-02
5800,layers.5.qkv_lut.log_select_temp,6.692198e-01,3.091097e-04,4.618956e-04
5800,layers.5.v_lut.weights,5.062217e+01,3.374369e+00,6.665793e-02
5800,layers.5.v_lut.log_soft_score_temp,7.948099e-01,5.541325e-03,6.971886e-03
5800,layers.5.v_lut.log_select_temp,1.019250e+00,3.345013e-04,3.281837e-04
5800,layers.5.out_proj.weights,8.578942e+01,5.373610e+00,6.263721e-02
5800,layers.5.out_proj.log_soft_score_temp,8.268982e-01,2.741098e-03,3.314916e-03
5800,layers.5.out_proj.log_select_temp,1.108517e+00,5.132914e-03,4.630435e-03
5800,layers.5.residual_lut.weights,7.046476e+01,4.491331e+00,6.373868e-02
5800,layers.5.residual_lut.log_soft_score_temp,9.006329e-03,7.817261e-03,8.679742e-01
5800,layers.5.residual_lut.log_select_temp,7.788631e-01,5.499482e-03,7.060910e-03
5800,layers.5.q_norm.weight,8.439058e+00,1.315236e-02,1.558510e-03
5800,layers.5.q_norm.bias,3.033333e-01,8.677819e-03,2.860820e-02
5800,layers.5.k_norm.weight,8.426091e+00,1.330113e-02,1.578565e-03
5800,layers.5.k_norm.bias,4.921189e-01,9.995225e-03,2.031059e-02
5800,ln_final.weight,3.449551e+01,2.453278e-01,7.111877e-03
5800,ln_final.bias,1.392885e+00,2.625200e-02,1.884721e-02
6000,tok_emb_E.weight,7.455052e+01,9.924769e-01,1.331281e-02
6000,unembedder.weight,2.228438e+02,6.075021e+00,2.726134e-02
6000,layers.0.qkv_lut.weights,9.981138e+01,6.165108e+00,6.176759e-02
6000,layers.0.qkv_lut.log_soft_score_temp,8.448471e-01,7.306337e-04,8.648117e-04
6000,layers.0.qkv_lut.log_select_temp,7.212242e-01,3.695488e-06,5.123910e-06
6000,layers.0.v_lut.weights,5.109415e+01,2.949587e+00,5.772846e-02
6000,layers.0.v_lut.log_soft_score_temp,9.687899e-01,6.124973e-04,6.322293e-04
6000,layers.0.v_lut.log_select_temp,1.229825e+00,2.699852e-03,2.195313e-03
6000,layers.0.out_proj.weights,6.571007e+01,4.146434e+00,6.310196e-02
6000,layers.0.out_proj.log_soft_score_temp,3.340812e-01,4.977554e-03,1.489923e-02
6000,layers.0.out_proj.log_select_temp,9.344664e-01,3.704488e-03,3.964282e-03
6000,layers.0.residual_lut.weights,7.039976e+01,3.882904e+00,5.515508e-02
6000,layers.0.residual_lut.log_soft_score_temp,3.874204e-01,2.785325e-04,7.189412e-04
6000,layers.0.residual_lut.log_select_temp,1.011508e+00,7.661223e-03,7.574059e-03
6000,layers.0.q_norm.weight,9.124871e+00,1.281387e-02,1.404280e-03
6000,layers.0.q_norm.bias,8.800502e-01,8.917195e-03,1.013260e-02
6000,layers.0.k_norm.weight,9.071577e+00,1.287017e-02,1.418736e-03
6000,layers.0.k_norm.bias,9.964880e-01,9.630742e-03,9.664685e-03
6000,layers.1.qkv_lut.weights,9.888212e+01,6.201425e+00,6.271533e-02
6000,layers.1.qkv_lut.log_soft_score_temp,1.699351e-01,7.919967e-04,4.660584e-03
6000,layers.1.qkv_lut.log_select_temp,6.151111e-01,4.369974e-03,7.104365e-03
6000,layers.1.v_lut.weights,4.889619e+01,2.995524e+00,6.126293e-02
6000,layers.1.v_lut.log_soft_score_temp,3.685997e-01,4.435450e-03,1.203324e-02
6000,layers.1.v_lut.log_select_temp,9.198921e-01,2.920389e-03,3.174708e-03
6000,layers.1.out_proj.weights,6.028667e+01,4.262640e+00,7.070618e-02
6000,layers.1.out_proj.log_soft_score_temp,2.386065e-01,5.357102e-03,2.245162e-02
6000,layers.1.out_proj.log_select_temp,8.321550e-01,5.149424e-03,6.188059e-03
6000,layers.1.residual_lut.weights,6.398264e+01,3.856943e+00,6.028108e-02
6000,layers.1.residual_lut.log_soft_score_temp,1.481102e-01,3.451765e-03,2.330538e-02
6000,layers.1.residual_lut.log_select_temp,6.674308e-01,3.626883e-03,5.434096e-03
6000,layers.1.q_norm.weight,8.759827e+00,1.141400e-02,1.302993e-03
6000,layers.1.q_norm.bias,5.706528e-01,6.261736e-03,1.097293e-02
6000,layers.1.k_norm.weight,8.734360e+00,1.164604e-02,1.333359e-03
6000,layers.1.k_norm.bias,8.160020e-01,7.483074e-03,9.170411e-03
6000,layers.2.qkv_lut.weights,9.886858e+01,6.265471e+00,6.337171e-02
6000,layers.2.qkv_lut.log_soft_score_temp,1.091352e-01,3.933698e-03,3.604425e-02
6000,layers.2.qkv_lut.log_select_temp,6.277145e-01,3.597915e-03,5.731770e-03
6000,layers.2.v_lut.weights,4.905812e+01,2.997904e+00,6.110923e-02
6000,layers.2.v_lut.log_soft_score_temp,3.465261e-01,6.446719e-03,1.860385e-02
6000,layers.2.v_lut.log_select_temp,9.128377e-01,2.235591e-03,2.449057e-03
6000,layers.2.out_proj.weights,6.590688e+01,4.294816e+00,6.516492e-02
6000,layers.2.out_proj.log_soft_score_temp,3.303698e-01,5.680770e-03,1.719518e-02
6000,layers.2.out_proj.log_select_temp,9.146613e-01,3.723562e-03,4.070973e-03
6000,layers.2.residual_lut.weights,6.335649e+01,3.866705e+00,6.103092e-02
6000,layers.2.residual_lut.log_soft_score_temp,5.981270e-02,6.113395e-03,1.022090e-01
6000,layers.2.residual_lut.log_select_temp,6.149024e-01,2.409935e-03,3.919216e-03
6000,layers.2.q_norm.weight,8.787860e+00,1.119121e-02,1.273485e-03
6000,layers.2.q_norm.bias,6.530851e-01,5.629612e-03,8.620028e-03
6000,layers.2.k_norm.weight,8.756618e+00,1.116421e-02,1.274945e-03
6000,layers.2.k_norm.bias,1.060588e+00,8.055505e-03,7.595318e-03
6000,layers.3.qkv_lut.weights,9.985535e+01,6.337831e+00,6.347012e-02
6000,layers.3.qkv_lut.log_soft_score_temp,2.794104e-02,4.792148e-03,1.715093e-01
6000,layers.3.qkv_lut.log_select_temp,6.343049e-01,3.643811e-03,5.744573e-03
6000,layers.3.v_lut.weights,4.951785e+01,3.030736e+00,6.120492e-02
6000,layers.3.v_lut.log_soft_score_temp,2.901404e-01,6.822109e-03,2.351313e-02
6000,layers.3.v_lut.log_select_temp,8.939416e-01,2.145648e-03,2.400210e-03
6000,layers.3.out_proj.weights,7.181147e+01,4.321953e+00,6.018472e-02
6000,layers.3.out_proj.log_soft_score_temp,4.505615e-01,7.362276e-03,1.634023e-02
6000,layers.3.out_proj.log_select_temp,9.909479e-01,2.475858e-03,2.498474e-03
6000,layers.3.residual_lut.weights,6.487360e+01,3.872984e+00,5.970046e-02
6000,layers.3.residual_lut.log_soft_score_temp,2.970846e-02,7.259954e-03,2.443733e-01
6000,layers.3.residual_lut.log_select_temp,6.928099e-01,3.753304e-03,5.417510e-03
6000,layers.3.q_norm.weight,8.771755e+00,8.393909e-03,9.569247e-04
6000,layers.3.q_norm.bias,6.602114e-01,6.276870e-03,9.507363e-03
6000,layers.3.k_norm.weight,8.700516e+00,8.455517e-03,9.718409e-04
6000,layers.3.k_norm.bias,1.219987e+00,9.691306e-03,7.943776e-03
6000,layers.4.qkv_lut.weights,9.950854e+01,6.317090e+00,6.348290e-02
6000,layers.4.qkv_lut.log_soft_score_temp,1.127924e-01,6.007254e-03,5.325937e-02
6000,layers.4.qkv_lut.log_select_temp,6.827913e-01,2.523601e-03,3.696006e-03
6000,layers.4.v_lut.weights,5.023616e+01,2.990751e+00,5.953383e-02
6000,layers.4.v_lut.log_soft_score_temp,5.035955e-01,7.818699e-03,1.552575e-02
6000,layers.4.v_lut.log_select_temp,9.653161e-01,9.660721e-04,1.000783e-03
6000,layers.4.out_proj.weights,7.652473e+01,4.414162e+00,5.768282e-02
6000,layers.4.out_proj.log_soft_score_temp,6.403513e-01,5.551100e-03,8.668835e-03
6000,layers.4.out_proj.log_select_temp,1.084441e+00,3.994703e-03,3.683653e-03
6000,layers.4.residual_lut.weights,6.673388e+01,3.932515e+00,5.892831e-02
6000,layers.4.residual_lut.log_soft_score_temp,5.480027e-02,7.922467e-03,1.445699e-01
6000,layers.4.residual_lut.log_select_temp,7.304010e-01,4.712999e-03,6.452618e-03
6000,layers.4.q_norm.weight,8.769708e+00,1.207721e-02,1.377151e-03
6000,layers.4.q_norm.bias,4.100171e-01,6.541746e-03,1.595481e-02
6000,layers.4.k_norm.weight,8.734923e+00,1.203403e-02,1.377692e-03
6000,layers.4.k_norm.bias,6.165839e-01,7.257936e-03,1.177121e-02
6000,layers.5.qkv_lut.weights,1.007050e+02,6.417101e+00,6.372175e-02
6000,layers.5.qkv_lut.log_soft_score_temp,2.680710e-01,4.832566e-03,1.802719e-02
6000,layers.5.qkv_lut.log_select_temp,6.700648e-01,8.450150e-04,1.261095e-03
6000,layers.5.v_lut.weights,5.075957e+01,3.042326e+00,5.993601e-02
6000,layers.5.v_lut.log_soft_score_temp,7.908744e-01,3.935516e-03,4.976158e-03
6000,layers.5.v_lut.log_select_temp,1.019773e+00,5.230904e-04,5.129477e-04
6000,layers.5.out_proj.weights,8.615299e+01,4.828109e+00,5.604111e-02
6000,layers.5.out_proj.log_soft_score_temp,8.237753e-01,3.122926e-03,3.790992e-03
6000,layers.5.out_proj.log_select_temp,1.112531e+00,4.014611e-03,3.608538e-03
6000,layers.5.residual_lut.weights,7.068497e+01,4.033041e+00,5.705657e-02
6000,layers.5.residual_lut.log_soft_score_temp,1.608452e-03,7.397877e-03,4.599376e+00
6000,layers.5.residual_lut.log_select_temp,7.837951e-01,4.931986e-03,6.292443e-03
6000,layers.5.q_norm.weight,8.444890e+00,1.137589e-02,1.347073e-03
6000,layers.5.q_norm.bias,3.038718e-01,6.147058e-03,2.022911e-02
6000,layers.5.k_norm.weight,8.431720e+00,1.116168e-02,1.323772e-03
6000,layers.5.k_norm.bias,4.938179e-01,7.628266e-03,1.544753e-02
6000,ln_final.weight,3.471756e+01,2.225901e-01,6.411455e-03
6000,ln_final.bias,1.400001e+00,2.522870e-02,1.802049e-02
6200,tok_emb_E.weight,7.456028e+01,8.870958e-01,1.189770e-02
6200,unembedder.weight,2.231583e+02,5.396362e+00,2.418177e-02
6200,layers.0.qkv_lut.weights,1.000142e+02,5.516945e+00,5.516161e-02
6200,layers.0.qkv_lut.log_soft_score_temp,8.456808e-01,8.336306e-04,9.857509e-04
6200,layers.0.qkv_lut.log_select_temp,7.214305e-01,2.062917e-04,2.859481e-04
6200,layers.0.v_lut.weights,5.121622e+01,2.640347e+00,5.155295e-02
6200,layers.0.v_lut.log_soft_score_temp,9.700274e-01,1.237512e-03,1.275749e-03
6200,layers.0.v_lut.log_select_temp,1.233706e+00,3.880143e-03,3.145113e-03
6200,layers.0.out_proj.weights,6.581140e+01,3.717448e+00,5.648639e-02
6200,layers.0.out_proj.log_soft_score_temp,3.323181e-01,1.763135e-03,5.305565e-03
6200,layers.0.out_proj.log_select_temp,9.394089e-01,4.942536e-03,5.261326e-03
6200,layers.0.residual_lut.weights,7.061943e+01,3.476242e+00,4.922501e-02
6200,layers.0.residual_lut.log_soft_score_temp,3.878150e-01,3.945827e-04,1.017451e-03
6200,layers.0.residual_lut.log_select_temp,1.018976e+00,7.467270e-03,7.328213e-03
6200,layers.0.q_norm.weight,9.135274e+00,1.269992e-02,1.390207e-03
6200,layers.0.q_norm.bias,8.846615e-01,6.755780e-03,7.636571e-03
6200,layers.0.k_norm.weight,9.081509e+00,1.196451e-02,1.317458e-03
6200,layers.0.k_norm.bias,1.002422e+00,8.128188e-03,8.108552e-03
6200,layers.1.qkv_lut.weights,9.908708e+01,5.548987e+00,5.600111e-02
6200,layers.1.qkv_lut.log_soft_score_temp,1.672097e-01,2.725393e-03,1.629925e-02
6200,layers.1.qkv_lut.log_select_temp,6.172016e-01,2.090514e-03,3.387084e-03
6200,layers.1.v_lut.weights,4.901549e+01,2.684325e+00,5.476484e-02
6200,layers.1.v_lut.log_soft_score_temp,3.642508e-01,4.348963e-03,1.193948e-02
6200,layers.1.v_lut.log_select_temp,9.221162e-01,2.224088e-03,2.411939e-03
6200,layers.1.out_proj.weights,6.034538e+01,3.809830e+00,6.313374e-02
6200,layers.1.out_proj.log_soft_score_temp,2.341884e-01,4.418090e-03,1.886554e-02
6200,layers.1.out_proj.log_select_temp,8.365358e-01,4.380822e-03,5.236861e-03
6200,layers.1.residual_lut.weights,6.410258e+01,3.470502e+00,5.413981e-02
6200,layers.1.residual_lut.log_soft_score_temp,1.449504e-01,3.159791e-03,2.179912e-02
6200,layers.1.residual_lut.log_select_temp,6.712204e-01,3.789663e-03,5.645930e-03
6200,layers.1.q_norm.weight,8.768574e+00,1.067231e-02,1.217109e-03
6200,layers.1.q_norm.bias,5.741349e-01,5.285966e-03,9.206836e-03
6200,layers.1.k_norm.weight,8.743032e+00,1.030224e-02,1.178338e-03
6200,layers.1.k_norm.bias,8.214658e-01,7.491698e-03,9.119915e-03
6200,layers.2.qkv_lut.weights,9.906802e+01,5.593982e+00,5.646607e-02
6200,layers.2.qkv_lut.log_soft_score_temp,1.053112e-01,3.824033e-03,3.631173e-02
6200,layers.2.qkv_lut.log_select_temp,6.304052e-01,2.690792e-03,4.268353e-03
6200,layers.2.v_lut.weights,4.916966e+01,2.670194e+00,5.430573e-02
6200,layers.2.v_lut.log_soft_score_temp,3.405844e-01,5.941629e-03,1.744539e-02
6200,layers.2.v_lut.log_select_temp,9.139852e-01,1.147509e-03,1.255500e-03
6200,layers.2.out_proj.weights,6.602814e+01,3.829667e+00,5.800052e-02
6200,layers.2.out_proj.log_soft_score_temp,3.242132e-01,6.156623e-03,1.898943e-02
6200,layers.2.out_proj.log_select_temp,9.170654e-01,2.404153e-03,2.621572e-03
6200,layers.2.residual_lut.weights,6.345753e+01,3.463628e+00,5.458182e-02
6200,layers.2.residual_lut.log_soft_score_temp,5.494652e-02,4.866183e-03,8.856217e-02
6200,layers.2.residual_lut.log_select_temp,6.172640e-01,2.361596e-03,3.825909e-03
6200,layers.2.q_norm.weight,8.796920e+00,1.178556e-02,1.339737e-03
6200,layers.2.q_norm.bias,6.568377e-01,6.051812e-03,9.213557e-03
6200,layers.2.k_norm.weight,8.765892e+00,1.133560e-02,1.293149e-03
6200,layers.2.k_norm.bias,1.065158e+00,8.391160e-03,7.877856e-03
6200,layers.3.qkv_lut.weights,1.000672e+02,5.646492e+00,5.642699e-02
6200,layers.3.qkv_lut.log_soft_score_temp,2.430473e-02,3.636304e-03,1.496130e-01
6200,layers.3.qkv_lut.log_select_temp,6.377575e-01,3.452659e-03,5.413748e-03
6200,layers.3.v_lut.weights,4.962471e+01,2.698081e+00,5.436971e-02
6200,layers.3.v_lut.log_soft_score_temp,2.833855e-01,6.754935e-03,2.383656e-02
6200,layers.3.v_lut.log_select_temp,8.950124e-01,1.070797e-03,1.196405e-03
6200,layers.3.out_proj.weights,7.198951e+01,3.842587e+00,5.337704e-02
6200,layers.3.out_proj.log_soft_score_temp,4.441772e-01,6.384254e-03,1.437321e-02
6200,layers.3.out_proj.log_select_temp,9.922680e-01,1.320064e-03,1.330350e-03
6200,layers.3.residual_lut.weights,6.497052e+01,3.465540e+00,5.334020e-02
6200,layers.3.residual_lut.log_soft_score_temp,3.585108e-02,6.142622e-03,1.713371e-01
6200,layers.3.residual_lut.log_select_temp,6.955638e-01,2.753854e-03,3.959168e-03
6200,layers.3.q_norm.weight,8.776449e+00,7.240479e-03,8.249896e-04
6200,layers.3.q_norm.bias,6.620287e-01,4.982071e-03,7.525462e-03
6200,layers.3.k_norm.weight,8.705005e+00,7.270680e-03,8.352299e-04
6200,layers.3.k_norm.bias,1.223892e+00,8.085227e-03,6.606158e-03
6200,layers.4.qkv_lut.weights,9.970695e+01,5.636046e+00,5.652611e-02
6200,layers.4.qkv_lut.log_soft_score_temp,1.079184e-01,4.874066e-03,4.516437e-02
6200,layers.4.qkv_lut.log_select_temp,6.851499e-01,2.358615e-03,3.442481e-03
6200,layers.4.v_lut.weights,5.034863e+01,2.656866e+00,5.276938e-02
6200,layers.4.v_lut.log_soft_score_temp,4.950635e-01,8.531928e-03,1.723401e-02
6200,layers.4.v_lut.log_select_temp,9.623619e-01,2.954125e-03,3.069662e-03
6200,layers.4.out_proj.weights,7.678302e+01,3.932932e+00,5.122137e-02
6200,layers.4.out_proj.log_soft_score_temp,6.352749e-01,5.076349e-03,7.990790e-03
6200,layers.4.out_proj.log_select_temp,1.087021e+00,2.580285e-03,2.373721e-03
6200,layers.4.residual_lut.weights,6.685765e+01,3.508305e+00,5.247425e-02
6200,layers.4.residual_lut.log_soft_score_temp,6.131688e-02,6.516609e-03,1.062776e-01
6200,layers.4.residual_lut.log_select_temp,7.342126e-01,3.811538e-03,5.191328e-03
6200,layers.4.q_norm.weight,8.776983e+00,1.139092e-02,1.297818e-03
6200,layers.4.q_norm.bias,4.106856e-01,5.109724e-03,1.244194e-02
6200,layers.4.k_norm.weight,8.742053e+00,1.154447e-02,1.320567e-03
6200,layers.4.k_norm.bias,6.189416e-01,9.136058e-03,1.476078e-02
6200,layers.5.qkv_lut.weights,1.009025e+02,5.704095e+00,5.653074e-02
6200,layers.5.qkv_lut.log_soft_score_temp,2.614689e-01,6.602019e-03,2.524973e-02
6200,layers.5.qkv_lut.log_select_temp,6.690046e-01,1.060247e-03,1.584813e-03
6200,layers.5.v_lut.weights,5.087399e+01,2.696203e+00,5.299767e-02
6200,layers.5.v_lut.log_soft_score_temp,7.865260e-01,4.348397e-03,5.528612e-03
6200,layers.5.v_lut.log_select_temp,1.019493e+00,2.806187e-04,2.752533e-04
6200,layers.5.out_proj.weights,8.645046e+01,4.292910e+00,4.965746e-02
6200,layers.5.out_proj.log_soft_score_temp,8.212011e-01,2.574146e-03,3.134611e-03
6200,layers.5.out_proj.log_select_temp,1.116618e+00,4.086733e-03,3.659921e-03
6200,layers.5.residual_lut.weights,7.086600e+01,3.599348e+00,5.079091e-02
6200,layers.5.residual_lut.log_soft_score_temp,5.190270e-03,6.798723e-03,1.309898e+00
6200,layers.5.residual_lut.log_select_temp,7.885444e-01,4.749238e-03,6.022792e-03
6200,layers.5.q_norm.weight,8.449392e+00,8.335668e-03,9.865405e-04
6200,layers.5.q_norm.bias,3.055115e-01,6.762120e-03,2.213376e-02
6200,layers.5.k_norm.weight,8.435835e+00,8.233882e-03,9.760601e-04
6200,layers.5.k_norm.bias,4.956570e-01,8.568645e-03,1.728745e-02
6200,ln_final.weight,3.491615e+01,1.991084e-01,5.702473e-03
6200,ln_final.bias,1.405649e+00,2.200302e-02,1.565329e-02
6400,tok_emb_E.weight,7.456796e+01,7.927026e-01,1.063061e-02
6400,unembedder.weight,2.234532e+02,4.843410e+00,2.167528e-02
6400,layers.0.qkv_lut.weights,1.001806e+02,4.921416e+00,4.912543e-02
6400,layers.0.qkv_lut.log_soft_score_temp,8.478279e-01,2.147138e-03,2.532516e-03
6400,layers.0.qkv_lut.log_select_temp,7.227678e-01,1.337230e-03,1.850152e-03
6400,layers.0.v_lut.weights,5.130559e+01,2.348603e+00,4.577675e-02
6400,layers.0.v_lut.log_soft_score_temp,9.715170e-01,1.489639e-03,1.533313e-03
6400,layers.0.v_lut.log_select_temp,1.236719e+00,3.013253e-03,2.436490e-03
6400,layers.0.out_proj.weights,6.588541e+01,3.301297e+00,5.010665e-02
6400,layers.0.out_proj.log_soft_score_temp,3.293436e-01,2.974451e-03,9.031450e-03
6400,layers.0.out_proj.log_select_temp,9.428695e-01,3.460646e-03,3.670334e-03
6400,layers.0.residual_lut.weights,7.080059e+01,3.097041e+00,4.374315e-02
6400,layers.0.residual_lut.log_soft_score_temp,3.880992e-01,2.841949e-04,7.322739e-04
6400,layers.0.residual_lut.log_select_temp,1.025091e+00,6.115556e-03,5.965865e-03
6400,layers.0.q_norm.weight,9.145131e+00,1.135607e-02,1.241762e-03
6400,layers.0.q_norm.bias,8.901353e-01,8.118337e-03,9.120340e-03
6400,layers.0.k_norm.weight,9.090878e+00,1.126904e-02,1.239598e-03
6400,layers.0.k_norm.bias,1.009854e+00,9.391268e-03,9.299625e-03
6400,layers.1.qkv_lut.weights,9.925506e+01,4.930132e+00,4.967135e-02
6400,layers.1.qkv_lut.log_soft_score_temp,1.656655e-01,1.544192e-03,9.321146e-03
6400,layers.1.qkv_lut.log_select_temp,6.198496e-01,2.647936e-03,4.271902e-03
6400,layers.1.v_lut.weights,4.911851e+01,2.384498e+00,4.854581e-02
6400,layers.1.v_lut.log_soft_score_temp,3.608813e-01,3.369451e-03,9.336727e-03
6400,layers.1.v_lut.log_select_temp,9.253166e-01,3.200412e-03,3.458721e-03
6400,layers.1.out_proj.weights,6.038759e+01,3.386301e+00,5.607611e-02
6400,layers.1.out_proj.log_soft_score_temp,2.305236e-01,3.664821e-03,1.589781e-02
6400,layers.1.out_proj.log_select_temp,8.406069e-01,4.071116e-03,4.843068e-03
6400,layers.1.residual_lut.weights,6.419579e+01,3.079404e+00,4.796894e-02
6400,layers.1.residual_lut.log_soft_score_temp,1.419808e-01,2.969548e-03,2.091513e-02
6400,layers.1.residual_lut.log_select_temp,6.741203e-01,2.899885e-03,4.301732e-03
6400,layers.1.q_norm.weight,8.776245e+00,9.787004e-03,1.115170e-03
6400,layers.1.q_norm.bias,5.764341e-01,5.008071e-03,8.688020e-03
6400,layers.1.k_norm.weight,8.750524e+00,9.452360e-03,1.080205e-03
6400,layers.1.k_norm.bias,8.241075e-01,5.119276e-03,6.211903e-03
6400,layers.2.qkv_lut.weights,9.923356e+01,4.990285e+00,5.028828e-02
6400,layers.2.qkv_lut.log_soft_score_temp,1.017351e-01,3.576085e-03,3.515094e-02
6400,layers.2.qkv_lut.log_select_temp,6.324247e-01,2.019405e-03,3.193116e-03
6400,layers.2.v_lut.weights,4.926086e+01,2.377213e+00,4.825765e-02
6400,layers.2.v_lut.log_soft_score_temp,3.352322e-01,5.352199e-03,1.596565e-02
6400,layers.2.v_lut.log_select_temp,9.147641e-01,7.789135e-04,8.514911e-04
6400,layers.2.out_proj.weights,6.612158e+01,3.399785e+00,5.141717e-02
6400,layers.2.out_proj.log_soft_score_temp,3.189006e-01,5.312622e-03,1.665918e-02
6400,layers.2.out_proj.log_select_temp,9.197407e-01,2.675295e-03,2.908749e-03
6400,layers.2.residual_lut.weights,6.352838e+01,3.081794e+00,4.851050e-02
6400,layers.2.residual_lut.log_soft_score_temp,5.014344e-02,4.803080e-03,9.578681e-02
6400,layers.2.residual_lut.log_select_temp,6.191925e-01,1.928568e-03,3.114650e-03
6400,layers.2.q_norm.weight,8.803164e+00,8.714320e-03,9.899077e-04
6400,layers.2.q_norm.bias,6.580520e-01,4.841751e-03,7.357704e-03
6400,layers.2.k_norm.weight,8.771889e+00,8.996908e-03,1.025652e-03
6400,layers.2.k_norm.bias,1.067937e+00,6.063695e-03,5.677952e-03
6400,layers.3.qkv_lut.weights,1.002294e+02,5.020446e+00,5.008955e-02
6400,layers.3.qkv_lut.log_soft_score_temp,2.130641e-02,2.998320e-03,1.407239e-01
6400,layers.3.qkv_lut.log_select_temp,6.412946e-01,3.537059e-03,5.515498e-03
6400,layers.3.v_lut.weights,4.971391e+01,2.394379e+00,4.816315e-02
6400,layers.3.v_lut.log_soft_score_temp,2.769021e-01,6.483316e-03,2.341375e-02
6400,layers.3.v_lut.log_select_temp,8.950843e-01,7.188320e-05,8.030886e-05
6400,layers.3.out_proj.weights,7.213833e+01,3.416578e+00,4.736147e-02
6400,layers.3.out_proj.log_soft_score_temp,4.388303e-01,5.346864e-03,1.218435e-02
6400,layers.3.out_proj.log_select_temp,9.941108e-01,1.842797e-03,1.853714e-03
6400,layers.3.residual_lut.weights,6.504720e+01,3.088731e+00,4.748445e-02
6400,layers.3.residual_lut.log_soft_score_temp,4.154850e-02,5.697418e-03,1.371269e-01
6400,layers.3.residual_lut.log_select_temp,6.984707e-01,2.906919e-03,4.161833e-03
6400,layers.3.q_norm.weight,8.781007e+00,6.950090e-03,7.914912e-04
6400,layers.3.q_norm.bias,6.644767e-01,4.655109e-03,7.005677e-03
6400,layers.3.k_norm.weight,8.709426e+00,6.914841e-03,7.939491e-04
6400,layers.3.k_norm.bias,1.227145e+00,6.012838e-03,4.899860e-03
6400,layers.4.qkv_lut.weights,9.986430e+01,5.017154e+00,5.023972e-02
6400,layers.4.qkv_lut.log_soft_score_temp,1.030937e-01,4.824705e-03,4.679924e-02
6400,layers.4.qkv_lut.log_select_temp,6.870850e-01,1.935124e-03,2.816426e-03
6400,layers.4.v_lut.weights,5.044166e+01,2.358404e+00,4.675508e-02
6400,layers.4.v_lut.log_soft_score_temp,4.886674e-01,6.396115e-03,1.308889e-02
6400,layers.4.v_lut.log_select_temp,9.613129e-01,1.049042e-03,1.091259e-03
6400,layers.4.out_proj.weights,7.700136e+01,3.491335e+00,4.534122e-02
6400,layers.4.out_proj.log_soft_score_temp,6.315739e-01,3.701091e-03,5.860108e-03
6400,layers.4.out_proj.log_select_temp,1.089797e+00,2.776146e-03,2.547397e-03
6400,layers.4.residual_lut.weights,6.695573e+01,3.133583e+00,4.680082e-02
6400,layers.4.residual_lut.log_soft_score_temp,6.790907e-02,6.592192e-03,9.707380e-02
6400,layers.4.residual_lut.log_select_temp,7.377950e-01,3.582418e-03,4.855574e-03
6400,layers.4.q_norm.weight,8.783332e+00,8.542621e-03,9.725945e-04
6400,layers.4.q_norm.bias,4.123378e-01,5.374557e-03,1.303435e-02
6400,layers.4.k_norm.weight,8.748240e+00,8.664542e-03,9.904326e-04
6400,layers.4.k_norm.bias,6.217117e-01,6.306869e-03,1.014436e-02
6400,layers.5.qkv_lut.weights,1.010586e+02,5.070389e+00,5.017276e-02
6400,layers.5.qkv_lut.log_soft_score_temp,2.572856e-01,4.183382e-03,1.625968e-02
6400,layers.5.qkv_lut.log_select_temp,6.692963e-01,2.917647e-04,4.359276e-04
6400,layers.5.v_lut.weights,5.096965e+01,2.389999e+00,4.689063e-02
6400,layers.5.v_lut.log_soft_score_temp,7.819836e-01,4.542470e-03,5.808907e-03
6400,layers.5.v_lut.log_select_temp,1.018405e+00,1.087904e-03,1.068243e-03
6400,layers.5.out_proj.weights,8.670684e+01,3.803639e+00,4.386781e-02
6400,layers.5.out_proj.log_soft_score_temp,8.189442e-01,2.256930e-03,2.755902e-03
6400,layers.5.out_proj.log_select_temp,1.120213e+00,3.594756e-03,3.208994e-03
6400,layers.5.residual_lut.weights,7.101217e+01,3.218582e+00,4.532437e-02
6400,layers.5.residual_lut.log_soft_score_temp,1.052993e-02,5.339657e-03,5.070934e-01
6400,layers.5.residual_lut.log_select_temp,7.920703e-01,3.525913e-03,4.451515e-03
6400,layers.5.q_norm.weight,8.454372e+00,8.100180e-03,9.581054e-04
6400,layers.5.q_norm.bias,3.073096e-01,5.531705e-03,1.800043e-02
6400,layers.5.k_norm.weight,8.440962e+00,8.148463e-03,9.653477e-04
6400,layers.5.k_norm.bias,4.971446e-01,6.845908e-03,1.377046e-02
6400,ln_final.weight,3.509267e+01,1.769553e-01,5.042515e-03
6400,ln_final.bias,1.410938e+00,2.015086e-02,1.428189e-02
6600,tok_emb_E.weight,7.457442e+01,7.040730e-01,9.441213e-03
6600,unembedder.weight,2.237406e+02,4.266757e+00,1.907011e-02
6600,layers.0.qkv_lut.weights,1.003084e+02,4.386434e+00,4.372946e-02
6600,layers.0.qkv_lut.log_soft_score_temp,8.484993e-01,6.713867e-04,7.912637e-04
6600,layers.0.qkv_lut.log_select_temp,7.230536e-01,2.858639e-04,3.953564e-04
6600,layers.0.v_lut.weights,5.138152e+01,2.102419e+00,4.091780e-02
6600,layers.0.v_lut.log_soft_score_temp,9.729794e-01,1.462400e-03,1.503012e-03
6600,layers.0.v_lut.log_select_temp,1.239773e+00,3.054023e-03,2.463373e-03
6600,layers.0.out_proj.weights,6.593973e+01,2.943808e+00,4.464392e-02
6600,layers.0.out_proj.log_soft_score_temp,3.281974e-01,1.146227e-03,3.492493e-03
6600,layers.0.out_proj.log_select_temp,9.469459e-01,4.076362e-03,4.304746e-03
6600,layers.0.residual_lut.weights,7.094273e+01,2.769861e+00,3.904361e-02
6600,layers.0.residual_lut.log_soft_score_temp,3.886463e-01,5.471110e-04,1.407735e-03
6600,layers.0.residual_lut.log_select_temp,1.030930e+00,5.838394e-03,5.663233e-03
6600,layers.0.q_norm.weight,9.153018e+00,9.712493e-03,1.061125e-03
6600,layers.0.q_norm.bias,8.946824e-01,6.132768e-03,6.854687e-03
6600,layers.0.k_norm.weight,9.098329e+00,9.171759e-03,1.008071e-03
6600,layers.0.k_norm.bias,1.015185e+00,7.389863e-03,7.279326e-03
6600,layers.1.qkv_lut.weights,9.938601e+01,4.366150e+00,4.393123e-02
6600,layers.1.qkv_lut.log_soft_score_temp,1.643608e-01,1.304701e-03,7.938030e-03
6600,layers.1.qkv_lut.log_select_temp,6.218863e-01,2.036691e-03,3.275021e-03
6600,layers.1.v_lut.weights,4.919671e+01,2.117556e+00,4.304263e-02
6600,layers.1.v_lut.log_soft_score_temp,3.584376e-01,2.443761e-03,6.817814e-03
6600,layers.1.v_lut.log_select_temp,9.278041e-01,2.487540e-03,2.681105e-03
6600,layers.1.out_proj.weights,6.041346e+01,2.998077e+00,4.962598e-02
6600,layers.1.out_proj.log_soft_score_temp,2.268319e-01,3.691673e-03,1.627493e-02
6600,layers.1.out_proj.log_select_temp,8.442602e-01,3.653228e-03,4.327136e-03
6600,layers.1.residual_lut.weights,6.426303e+01,2.745600e+00,4.272441e-02
6600,layers.1.residual_lut.log_soft_score_temp,1.396895e-01,2.291381e-03,1.640339e-02
6600,layers.1.residual_lut.log_select_temp,6.767308e-01,2.610445e-03,3.857435e-03
6600,layers.1.q_norm.weight,8.782957e+00,8.203074e-03,9.339764e-04
6600,layers.1.q_norm.bias,5.784825e-01,4.741979e-03,8.197273e-03
6600,layers.1.k_norm.weight,8.757075e+00,8.170397e-03,9.330052e-04
6600,layers.1.k_norm.bias,8.271191e-01,5.825494e-03,7.043115e-03
6600,layers.2.qkv_lut.weights,9.936339e+01,4.428851e+00,4.457226e-02
6600,layers.2.qkv_lut.log_soft_score_temp,9.888908e-02,2.846047e-03,2.878020e-02
6600,layers.2.qkv_lut.log_select_temp,6.345252e-01,2.100527e-03,3.310392e-03
6600,layers.2.v_lut.weights,4.933596e+01,2.100879e+00,4.258312e-02
6600,layers.2.v_lut.log_soft_score_temp,3.312596e-01,3.972590e-03,1.199238e-02
6600,layers.2.v_lut.log_select_temp,9.160317e-01,1.267612e-03,1.383808e-03
6600,layers.2.out_proj.weights,6.619299e+01,3.015813e+00,4.556092e-02
6600,layers.2.out_proj.log_soft_score_temp,3.144958e-01,4.404783e-03,1.400586e-02
6600,layers.2.out_proj.log_select_temp,9.223558e-01,2.615035e-03,2.835169e-03
6600,layers.2.residual_lut.weights,6.358242e+01,2.744374e+00,4.316247e-02
6600,layers.2.residual_lut.log_soft_score_temp,4.677184e-02,3.371600e-03,7.208611e-02
6600,layers.2.residual_lut.log_select_temp,6.215428e-01,2.350271e-03,3.781350e-03
6600,layers.2.q_norm.weight,8.809136e+00,8.428887e-03,9.568347e-04
6600,layers.2.q_norm.bias,6.607113e-01,4.754434e-03,7.195933e-03
6600,layers.2.k_norm.weight,8.777691e+00,8.349288e-03,9.511942e-04
6600,layers.2.k_norm.bias,1.071563e+00,5.696758e-03,5.316308e-03
6600,layers.3.qkv_lut.weights,1.003583e+02,4.456622e+00,4.440713e-02
6600,layers.3.qkv_lut.log_soft_score_temp,1.820761e-02,3.098803e-03,1.701927e-01
6600,layers.3.qkv_lut.log_select_temp,6.436331e-01,2.338469e-03,3.633233e-03
6600,layers.3.v_lut.weights,4.978202e+01,2.123719e+00,4.266037e-02
6600,layers.3.v_lut.log_soft_score_temp,2.722746e-01,4.627556e-03,1.699591e-02
6600,layers.3.v_lut.log_select_temp,8.963951e-01,1.310825e-03,1.462330e-03
6600,layers.3.out_proj.weights,7.225999e+01,3.024406e+00,4.185450e-02
6600,layers.3.out_proj.log_soft_score_temp,4.337996e-01,5.030721e-03,1.159688e-02
6600,layers.3.out_proj.log_select_temp,9.952497e-01,1.138926e-03,1.144362e-03
6600,layers.3.residual_lut.weights,6.510785e+01,2.751050e+00,4.225373e-02
6600,layers.3.residual_lut.log_soft_score_temp,4.538082e-02,3.832318e-03,8.444797e-02
6600,layers.3.residual_lut.log_select_temp,7.017037e-01,3.232956e-03,4.607295e-03
6600,layers.3.q_norm.weight,8.784494e+00,5.629048e-03,6.407936e-04
6600,layers.3.q_norm.bias,6.662400e-01,4.334042e-03,6.505226e-03
6600,layers.3.k_norm.weight,8.712831e+00,5.674431e-03,6.512729e-04
6600,layers.3.k_norm.bias,1.231280e+00,6.405493e-03,5.202304e-03
6600,layers.4.qkv_lut.weights,9.998547e+01,4.443972e+00,4.444618e-02
6600,layers.4.qkv_lut.log_soft_score_temp,9.837374e-02,4.719935e-03,4.797963e-02
6600,layers.4.qkv_lut.log_select_temp,6.885500e-01,1.464963e-03,2.127606e-03
6600,layers.4.v_lut.weights,5.051283e+01,2.089511e+00,4.136596e-02
6600,layers.4.v_lut.log_soft_score_temp,4.828775e-01,5.789936e-03,1.199049e-02
6600,layers.4.v_lut.log_select_temp,9.603911e-01,9.217858e-04,9.598026e-04
6600,layers.4.out_proj.weights,7.717848e+01,3.092673e+00,4.007170e-02
6600,layers.4.out_proj.log_soft_score_temp,6.272987e-01,4.275143e-03,6.815163e-03
6600,layers.4.out_proj.log_select_temp,1.091437e+00,1.639724e-03,1.502353e-03
6600,layers.4.residual_lut.weights,6.703423e+01,2.795824e+00,4.170741e-02
6600,layers.4.residual_lut.log_soft_score_temp,7.270426e-02,4.795194e-03,6.595478e-02
6600,layers.4.residual_lut.log_select_temp,7.414412e-01,3.646255e-03,4.917793e-03
6600,layers.4.q_norm.weight,8.788160e+00,8.224909e-03,9.359080e-04
6600,layers.4.q_norm.bias,4.128599e-01,5.213202e-03,1.262705e-02
6600,layers.4.k_norm.weight,8.753098e+00,7.966753e-03,9.101639e-04
6600,layers.4.k_norm.bias,6.231167e-01,5.411040e-03,8.683830e-03
6600,layers.5.qkv_lut.weights,1.011832e+02,4.491850e+00,4.439324e-02
6600,layers.5.qkv_lut.log_soft_score_temp,2.534131e-01,3.872514e-03,1.528143e-02
6600,layers.5.qkv_lut.log_select_temp,6.696478e-01,3.514290e-04,5.247968e-04
6600,layers.5.v_lut.weights,5.104454e+01,2.110332e+00,4.134296e-02
6600,layers.5.v_lut.log_soft_score_temp,7.782575e-01,3.726006e-03,4.787625e-03
6600,layers.5.v_lut.log_select_temp,1.017836e+00,5.687475e-04,5.587811e-04
6600,layers.5.out_proj.weights,8.693128e+01,3.347250e+00,3.850455e-02
6600,layers.5.out_proj.log_soft_score_temp,8.169354e-01,2.008855e-03,2.459014e-03
6600,layers.5.out_proj.log_select_temp,1.122889e+00,2.676249e-03,2.383360e-03
6600,layers.5.residual_lut.weights,7.113785e+01,2.872998e+00,4.038636e-02
6600,layers.5.residual_lut.log_soft_score_temp,1.511089e-02,4.580961e-03,3.031563e-01
6600,layers.5.residual_lut.log_select_temp,7.959861e-01,3.915787e-03,4.919416e-03
6600,layers.5.q_norm.weight,8.458665e+00,6.986572e-03,8.259663e-04
6600,layers.5.q_norm.bias,3.085555e-01,4.697010e-03,1.522258e-02
6600,layers.5.k_norm.weight,8.445279e+00,6.916637e-03,8.189945e-04
6600,layers.5.k_norm.bias,4.984673e-01,4.527453e-03,9.082748e-03
6600,ln_final.weight,3.525124e+01,1.588933e-01,4.507454e-03
6600,ln_final.bias,1.415672e+00,1.792939e-02,1.266494e-02
6800,tok_emb_E.weight,7.457963e+01,6.247732e-01,8.377264e-03
6800,unembedder.weight,2.239256e+02,3.822315e+00,1.706957e-02
6800,layers.0.qkv_lut.weights,1.004088e+02,3.881609e+00,3.865805e-02
6800,layers.0.qkv_lut.log_soft_score_temp,8.497803e-01,1.280963e-03,1.507405e-03
6800,layers.0.qkv_lut.log_select_temp,7.236291e-01,5.754232e-04,7.951909e-04
6800,layers.0.v_lut.weights,5.144551e+01,1.866023e+00,3.627184e-02
6800,layers.0.v_lut.log_soft_score_temp,9.762156e-01,3.236175e-03,3.315020e-03
6800,layers.0.v_lut.log_select_temp,1.243985e+00,4.212499e-03,3.386293e-03
6800,layers.0.out_proj.weights,6.598010e+01,2.611936e+00,3.958672e-02
6800,layers.0.out_proj.log_soft_score_temp,3.279246e-01,2.728105e-04,8.319304e-04
6800,layers.0.out_proj.log_select_temp,9.509335e-01,3.987551e-03,4.193302e-03
6800,layers.0.residual_lut.weights,7.106993e+01,2.459835e+00,3.461147e-02
6800,layers.0.residual_lut.log_soft_score_temp,3.901985e-01,1.552194e-03,3.977961e-03
6800,layers.0.residual_lut.log_select_temp,1.036506e+00,5.576134e-03,5.379742e-03
6800,layers.0.q_norm.weight,9.163070e+00,1.090039e-02,1.189600e-03
6800,layers.0.q_norm.bias,8.995869e-01,6.497014e-03,7.222219e-03
6800,layers.0.k_norm.weight,9.107871e+00,1.021546e-02,1.121608e-03
6800,layers.0.k_norm.bias,1.022156e+00,8.069261e-03,7.894351e-03
6800,layers.1.qkv_lut.weights,9.948721e+01,3.878308e+00,3.898298e-02
6800,layers.1.qkv_lut.log_soft_score_temp,1.633899e-01,9.708703e-04,5.942044e-03
6800,layers.1.qkv_lut.log_select_temp,6.239851e-01,2.098858e-03,3.363635e-03
6800,layers.1.v_lut.weights,4.925610e+01,1.872360e+00,3.801276e-02
6800,layers.1.v_lut.log_soft_score_temp,3.550732e-01,3.364414e-03,9.475270e-03
6800,layers.1.v_lut.log_select_temp,9.292057e-01,1.401544e-03,1.508324e-03
6800,layers.1.out_proj.weights,6.042290e+01,2.656696e+00,4.396836e-02
6800,layers.1.out_proj.log_soft_score_temp,2.237893e-01,3.042608e-03,1.359586e-02
6800,layers.1.out_proj.log_select_temp,8.474002e-01,3.140092e-03,3.705559e-03
6800,layers.1.residual_lut.weights,6.431646e+01,2.438104e+00,3.790793e-02
6800,layers.1.residual_lut.log_soft_score_temp,1.378682e-01,1.821280e-03,1.321030e-02
6800,layers.1.residual_lut.log_select_temp,6.794666e-01,2.735853e-03,4.026472e-03
6800,layers.1.q_norm.weight,8.788142e+00,6.271101e-03,7.135866e-04
6800,layers.1.q_norm.bias,5.804439e-01,3.672077e-03,6.326325e-03
6800,layers.1.k_norm.weight,8.762108e+00,6.124412e-03,6.989656e-04
6800,layers.1.k_norm.bias,8.299328e-01,4.988734e-03,6.011010e-03
6800,layers.2.qkv_lut.weights,9.946735e+01,3.924132e+00,3.945146e-02
6800,layers.2.qkv_lut.log_soft_score_temp,9.633522e-02,2.553858e-03,2.651011e-02
6800,layers.2.qkv_lut.log_select_temp,6.364035e-01,1.878321e-03,2.951463e-03
6800,layers.2.v_lut.weights,4.939194e+01,1.861553e+00,3.768940e-02
6800,layers.2.v_lut.log_soft_score_temp,3.269198e-01,4.339844e-03,1.327495e-02
6800,layers.2.v_lut.log_select_temp,9.162923e-01,2.605915e-04,2.843978e-04
6800,layers.2.out_proj.weights,6.624400e+01,2.665883e+00,4.024339e-02
6800,layers.2.out_proj.log_soft_score_temp,3.103540e-01,4.141778e-03,1.334533e-02
6800,layers.2.out_proj.log_select_temp,9.242311e-01,1.875341e-03,2.029082e-03
6800,layers.2.residual_lut.weights,6.362038e+01,2.449327e+00,3.849909e-02
6800,layers.2.residual_lut.log_soft_score_temp,4.372217e-02,3.049672e-03,6.975115e-02
6800,layers.2.residual_lut.log_select_temp,6.236549e-01,2.112091e-03,3.386634e-03
6800,layers.2.q_norm.weight,8.814345e+00,6.912852e-03,7.842728e-04
6800,layers.2.q_norm.bias,6.635975e-01,5.074423e-03,7.646839e-03
6800,layers.2.k_norm.weight,8.782888e+00,7.054612e-03,8.032223e-04
6800,layers.2.k_norm.bias,1.074615e+00,5.771459e-03,5.370725e-03
6800,layers.3.qkv_lut.weights,1.004623e+02,3.943607e+00,3.925461e-02
6800,layers.3.qkv_lut.log_soft_score_temp,1.573474e-02,2.472864e-03,1.571595e-01
6800,layers.3.qkv_lut.log_select_temp,6.466868e-01,3.053725e-03,4.722108e-03
6800,layers.3.v_lut.weights,4.984478e+01,1.878205e+00,3.768108e-02
6800,layers.3.v_lut.log_soft_score_temp,2.677339e-01,4.540682e-03,1.695968e-02
6800,layers.3.v_lut.log_select_temp,8.973359e-01,9.407401e-04,1.048370e-03
6800,layers.3.out_proj.weights,7.236469e+01,2.676431e+00,3.698532e-02
6800,layers.3.out_proj.log_soft_score_temp,4.300871e-01,3.712505e-03,8.631984e-03
6800,layers.3.out_proj.log_select_temp,9.971140e-01,1.864314e-03,1.869710e-03
6800,layers.3.residual_lut.weights,6.514791e+01,2.447141e+00,3.756285e-02
6800,layers.3.residual_lut.log_soft_score_temp,4.900189e-02,3.621075e-03,7.389664e-02
6800,layers.3.residual_lut.log_select_temp,7.041281e-01,2.424479e-03,3.443235e-03
6800,layers.3.q_norm.weight,8.787418e+00,6.004125e-03,6.832638e-04
6800,layers.3.q_norm.bias,6.677563e-01,4.419490e-03,6.618418e-03
6800,layers.3.k_norm.weight,8.715573e+00,5.506988e-03,6.318560e-04
6800,layers.3.k_norm.bias,1.234077e+00,5.754781e-03,4.663226e-03
6800,layers.4.qkv_lut.weights,1.000796e+02,3.927177e+00,3.924054e-02
6800,layers.4.qkv_lut.log_soft_score_temp,9.405438e-02,4.319362e-03,4.592410e-02
6800,layers.4.qkv_lut.log_select_temp,6.896219e-01,1.071870e-03,1.554287e-03
6800,layers.4.v_lut.weights,5.057157e+01,1.843222e+00,3.644780e-02
6800,layers.4.v_lut.log_soft_score_temp,4.777754e-01,5.102128e-03,1.067893e-02
6800,layers.4.v_lut.log_select_temp,9.590229e-01,1.368165e-03,1.426624e-03
6800,layers.4.out_proj.weights,7.732475e+01,2.729107e+00,3.529409e-02
6800,layers.4.out_proj.log_soft_score_temp,6.235355e-01,3.763199e-03,6.035260e-03
6800,layers.4.out_proj.log_select_temp,1.093417e+00,1.979709e-03,1.810571e-03
6800,layers.4.residual_lut.weights,6.709123e+01,2.477303e+00,3.692439e-02
6800,layers.4.residual_lut.log_soft_score_temp,7.694402e-02,4.239760e-03,5.510188e-02
6800,layers.4.residual_lut.log_select_temp,7.449105e-01,3.469229e-03,4.657243e-03
6800,layers.4.q_norm.weight,8.792212e+00,6.304768e-03,7.170855e-04
6800,layers.4.q_norm.bias,4.142128e-01,4.160514e-03,1.004439e-02
6800,layers.4.k_norm.weight,8.756973e+00,6.308842e-03,7.204363e-04
6800,layers.4.k_norm.bias,6.245976e-01,4.988167e-03,7.986208e-03
6800,layers.5.qkv_lut.weights,1.012834e+02,3.981530e+00,3.931080e-02
6800,layers.5.qkv_lut.log_soft_score_temp,2.489826e-01,4.430443e-03,1.779419e-02
6800,layers.5.qkv_lut.log_select_temp,6.691195e-01,5.282164e-04,7.894200e-04
6800,layers.5.v_lut.weights,5.110101e+01,1.880467e+00,3.679902e-02
6800,layers.5.v_lut.log_soft_score_temp,7.740596e-01,4.197955e-03,5.423297e-03
6800,layers.5.v_lut.log_select_temp,1.016207e+00,1.629233e-03,1.603250e-03
6800,layers.5.out_proj.weights,8.711402e+01,2.964964e+00,3.403544e-02
6800,layers.5.out_proj.log_soft_score_temp,8.141299e-01,2.805412e-03,3.445902e-03
6800,layers.5.out_proj.log_select_temp,1.124856e+00,1.966596e-03,1.748310e-03
6800,layers.5.residual_lut.weights,7.122860e+01,2.543602e+00,3.571040e-02
6800,layers.5.residual_lut.log_soft_score_temp,2.004030e-02,4.929415e-03,2.459751e-01
6800,layers.5.residual_lut.log_select_temp,7.986914e-01,2.705336e-03,3.387210e-03
6800,layers.5.q_norm.weight,8.460150e+00,4.879807e-03,5.767991e-04
6800,layers.5.q_norm.bias,3.095356e-01,4.251548e-03,1.373525e-02
6800,layers.5.k_norm.weight,8.446741e+00,4.744153e-03,5.616548e-04
6800,layers.5.k_norm.bias,4.997023e-01,5.236952e-03,1.048014e-02
6800,ln_final.weight,3.539098e+01,1.400463e-01,3.957119e-03
6800,ln_final.bias,1.419811e+00,1.629848e-02,1.147933e-02
7000,tok_emb_E.weight,7.458363e+01,5.543478e-01,7.432566e-03
7000,unembedder.weight,2.241429e+02,3.378414e+00,1.507259e-02
7000,layers.0.qkv_lut.weights,1.004897e+02,3.465350e+00,3.448461e-02
7000,layers.0.qkv_lut.log_soft_score_temp,8.512594e-01,1.479149e-03,1.737601e-03
7000,layers.0.qkv_lut.log_select_temp,7.246469e-01,1.017869e-03,1.404641e-03
7000,layers.0.v_lut.weights,5.149765e+01,1.660024e+00,3.223494e-02
7000,layers.0.v_lut.log_soft_score_temp,9.783007e-01,2.085090e-03,2.131338e-03
7000,layers.0.v_lut.log_select_temp,1.247080e+00,3.094792e-03,2.481631e-03
7000,layers.0.out_proj.weights,6.601084e+01,2.322003e+00,3.517608e-02
7000,layers.0.out_proj.log_soft_score_temp,3.282309e-01,3.063083e-04,9.332097e-04
7000,layers.0.out_proj.log_select_temp,9.547316e-01,3.798127e-03,3.978215e-03
7000,layers.0.residual_lut.weights,7.117474e+01,2.187227e+00,3.073038e-02
7000,layers.0.residual_lut.log_soft_score_temp,3.914999e-01,1.301408e-03,3.324158e-03
7000,layers.0.residual_lut.log_select_temp,1.041564e+00,5.058408e-03,4.856550e-03
7000,layers.0.q_norm.weight,9.171081e+00,8.555260e-03,9.328520e-04
7000,layers.0.q_norm.bias,9.029483e-01,5.306107e-03,5.876425e-03
7000,layers.0.k_norm.weight,9.115438e+00,8.203970e-03,9.000083e-04
7000,layers.0.k_norm.bias,1.027144e+00,6.156954e-03,5.994248e-03
7000,layers.1.qkv_lut.weights,9.957034e+01,3.459149e+00,3.474076e-02
7000,layers.1.qkv_lut.log_soft_score_temp,1.624400e-01,9.499341e-04,5.847908e-03
7000,layers.1.qkv_lut.log_select_temp,6.259693e-01,1.984179e-03,3.169771e-03
7000,layers.1.v_lut.weights,4.930621e+01,1.660519e+00,3.367769e-02
7000,layers.1.v_lut.log_soft_score_temp,3.524176e-01,2.655506e-03,7.535111e-03
7000,layers.1.v_lut.log_select_temp,9.305328e-01,1.327097e-03,1.426169e-03
7000,layers.1.out_proj.weights,6.043186e+01,2.351988e+00,3.891968e-02
7000,layers.1.out_proj.log_soft_score_temp,2.214480e-01,2.341300e-03,1.057269e-02
7000,layers.1.out_proj.log_select_temp,8.502579e-01,2.857625e-03,3.360893e-03
7000,layers.1.residual_lut.weights,6.436287e+01,2.171339e+00,3.373590e-02
7000,layers.1.residual_lut.log_soft_score_temp,1.364319e-01,1.436263e-03,1.052733e-02
7000,layers.1.residual_lut.log_select_temp,6.823073e-01,2.840698e-03,4.163370e-03
7000,layers.1.q_norm.weight,8.793624e+00,6.762297e-03,7.690001e-04
7000,layers.1.q_norm.bias,5.819567e-01,3.355822e-03,5.766446e-03
7000,layers.1.k_norm.weight,8.767444e+00,6.744866e-03,7.693081e-04
7000,layers.1.k_norm.bias,8.322614e-01,4.292615e-03,5.157773e-03
7000,layers.2.qkv_lut.weights,9.954595e+01,3.470328e+00,3.486157e-02
7000,layers.2.qkv_lut.log_soft_score_temp,9.470504e-02,1.630187e-03,1.721331e-02
7000,layers.2.qkv_lut.log_select_temp,6.383213e-01,1.917839e-03,3.004504e-03
7000,layers.2.v_lut.weights,4.943826e+01,1.646638e+00,3.330695e-02
7000,layers.2.v_lut.log_soft_score_temp,3.229979e-01,3.921926e-03,1.214227e-02
7000,layers.2.v_lut.log_select_temp,9.167354e-01,4.430413e-04,4.832816e-04
7000,layers.2.out_proj.weights,6.628284e+01,2.365038e+00,3.568100e-02
7000,layers.2.out_proj.log_soft_score_temp,3.070991e-01,3.254890e-03,1.059883e-02
7000,layers.2.out_proj.log_select_temp,9.265126e-01,2.281487e-03,2.462446e-03
7000,layers.2.residual_lut.weights,6.365189e+01,2.176105e+00,3.418759e-02
7000,layers.2.residual_lut.log_soft_score_temp,4.122737e-02,2.494797e-03,6.051313e-02
7000,layers.2.residual_lut.log_select_temp,6.264240e-01,2.769113e-03,4.420508e-03
7000,layers.2.q_norm.weight,8.819379e+00,6.298129e-03,7.141239e-04
7000,layers.2.q_norm.bias,6.653363e-01,3.800418e-03,5.712025e-03
7000,layers.2.k_norm.weight,8.787623e+00,6.084493e-03,6.923935e-04
7000,layers.2.k_norm.bias,1.077374e+00,5.205975e-03,4.832098e-03
7000,layers.3.qkv_lut.weights,1.005459e+02,3.497041e+00,3.478056e-02
7000,layers.3.qkv_lut.log_soft_score_temp,1.354604e-02,2.188703e-03,1.615751e-01
7000,layers.3.qkv_lut.log_select_temp,6.488005e-01,2.113700e-03,3.257858e-03
7000,layers.3.v_lut.weights,4.989080e+01,1.664115e+00,3.335514e-02
7000,layers.3.v_lut.log_soft_score_temp,2.636603e-01,4.073620e-03,1.545026e-02
7000,layers.3.v_lut.log_select_temp,8.978107e-01,4.748106e-04,5.288538e-04
7000,layers.3.out_proj.weights,7.243974e+01,2.375021e+00,3.278616e-02
7000,layers.3.out_proj.log_soft_score_temp,4.263556e-01,3.731519e-03,8.752128e-03
7000,layers.3.out_proj.log_select_temp,9.980206e-01,9.066463e-04,9.084444e-04
7000,layers.3.residual_lut.weights,6.517414e+01,2.179811e+00,3.344595e-02
7000,layers.3.residual_lut.log_soft_score_temp,5.320976e-02,4.207864e-03,7.908069e-02
7000,layers.3.residual_lut.log_select_temp,7.057217e-01,1.593530e-03,2.258015e-03
7000,layers.3.q_norm.weight,8.790560e+00,5.308895e-03,6.039314e-04
7000,layers.3.q_norm.bias,6.686713e-01,3.568354e-03,5.336485e-03
7000,layers.3.k_norm.weight,8.718782e+00,5.281349e-03,6.057438e-04
7000,layers.3.k_norm.bias,1.235654e+00,4.699666e-03,3.803382e-03
7000,layers.4.qkv_lut.weights,1.001556e+02,3.485524e+00,3.480109e-02
7000,layers.4.qkv_lut.log_soft_score_temp,9.078307e-02,3.271304e-03,3.603429e-02
7000,layers.4.qkv_lut.log_select_temp,6.911584e-01,1.536489e-03,2.223063e-03
7000,layers.4.v_lut.weights,5.061665e+01,1.641341e+00,3.242691e-02
7000,layers.4.v_lut.log_soft_score_temp,4.728422e-01,4.933208e-03,1.043310e-02
7000,layers.4.v_lut.log_select_temp,9.578566e-01,1.166344e-03,1.217660e-03
7000,layers.4.out_proj.weights,7.744944e+01,2.416605e+00,3.120235e-02
7000,layers.4.out_proj.log_soft_score_temp,6.200138e-01,3.521740e-03,5.680100e-03
7000,layers.4.out_proj.log_select_temp,1.094448e+00,1.031637e-03,9.426093e-04
7000,layers.4.residual_lut.weights,6.713186e+01,2.206398e+00,3.286662e-02
7000,layers.4.residual_lut.log_soft_score_temp,8.159422e-02,4.650198e-03,5.699176e-02
7000,layers.4.residual_lut.log_select_temp,7.471936e-01,2.283156e-03,3.055642e-03
7000,layers.4.q_norm.weight,8.795787e+00,5.628610e-03,6.399212e-04
7000,layers.4.q_norm.bias,4.146537e-01,3.052525e-03,7.361626e-03
7000,layers.4.k_norm.weight,8.760324e+00,5.702340e-03,6.509279e-04
7000,layers.4.k_norm.bias,6.255231e-01,4.395913e-03,7.027579e-03
7000,layers.5.qkv_lut.weights,1.013622e+02,3.545526e+00,3.497877e-02
7000,layers.5.qkv_lut.log_soft_score_temp,2.459943e-01,2.988353e-03,1.214806e-02
7000,layers.5.qkv_lut.log_select_temp,6.694590e-01,3.394485e-04,5.070489e-04
7000,layers.5.v_lut.weights,5.114882e+01,1.669756e+00,3.264506e-02
7000,layers.5.v_lut.log_soft_score_temp,7.705818e-01,3.477752e-03,4.513151e-03
7000,layers.5.v_lut.log_select_temp,1.015059e+00,1.147866e-03,1.130837e-03
7000,layers.5.out_proj.weights,8.726584e+01,2.627631e+00,3.011065e-02
7000,layers.5.out_proj.log_soft_score_temp,8.128359e-01,1.294076e-03,1.592051e-03
7000,layers.5.out_proj.log_select_temp,1.127119e+00,2.263904e-03,2.008575e-03
7000,layers.5.residual_lut.weights,7.130219e+01,2.258528e+00,3.167544e-02
7000,layers.5.residual_lut.log_soft_score_temp,2.409098e-02,4.050681e-03,1.681410e-01
7000,layers.5.residual_lut.log_select_temp,8.015357e-01,2.844274e-03,3.548531e-03
7000,layers.5.q_norm.weight,8.460921e+00,5.091349e-03,6.017487e-04
7000,layers.5.q_norm.bias,3.093061e-01,3.789733e-03,1.225237e-02
7000,layers.5.k_norm.weight,8.447490e+00,4.760497e-03,5.635399e-04
7000,layers.5.k_norm.bias,4.986990e-01,5.184250e-03,1.039555e-02
7000,ln_final.weight,3.551521e+01,1.245144e-01,3.505946e-03
7000,ln_final.bias,1.423832e+00,1.510251e-02,1.060695e-02
7200,tok_emb_E.weight,7.458699e+01,4.938137e-01,6.620641e-03
7200,unembedder.weight,2.243238e+02,2.972721e+00,1.325192e-02
7200,layers.0.qkv_lut.weights,1.005518e+02,3.108078e+00,3.091023e-02
7200,layers.0.qkv_lut.log_soft_score_temp,8.512146e-01,4.482269e-05,5.265734e-05
7200,layers.0.qkv_lut.log_select_temp,7.242418e-01,4.051328e-04,5.593888e-04
7200,layers.0.v_lut.weights,5.153866e+01,1.482769e+00,2.877004e-02
7200,layers.0.v_lut.log_soft_score_temp,9.801753e-01,1.874626e-03,1.912541e-03
7200,layers.0.v_lut.log_select_temp,1.249726e+00,2.646089e-03,2.117334e-03
7200,layers.0.out_proj.weights,6.603161e+01,2.077760e+00,3.146615e-02
7200,layers.0.out_proj.log_soft_score_temp,3.275649e-01,6.659925e-04,2.033162e-03
7200,layers.0.out_proj.log_select_temp,9.573029e-01,2.571285e-03,2.685968e-03
7200,layers.0.residual_lut.weights,7.126962e+01,1.967428e+00,2.760542e-02
7200,layers.0.residual_lut.log_soft_score_temp,3.930220e-01,1.522064e-03,3.872720e-03
7200,layers.0.residual_lut.log_select_temp,1.046121e+00,4.557252e-03,4.356332e-03
7200,layers.0.q_norm.weight,9.176761e+00,7.041918e-03,7.673643e-04
7200,layers.0.q_norm.bias,9.062484e-01,4.478936e-03,4.942283e-03
7200,layers.0.k_norm.weight,9.120844e+00,6.890106e-03,7.554241e-04
7200,layers.0.k_norm.bias,1.031091e+00,5.579696e-03,5.411450e-03
7200,layers.1.qkv_lut.weights,9.963655e+01,3.090567e+00,3.101841e-02
7200,layers.1.qkv_lut.log_soft_score_temp,1.621417e-01,2.982616e-04,1.839512e-03
7200,layers.1.qkv_lut.log_select_temp,6.279691e-01,1.999795e-03,3.184544e-03
7200,layers.1.v_lut.weights,4.934658e+01,1.482501e+00,3.004262e-02
7200,layers.1.v_lut.log_soft_score_temp,3.506275e-01,1.790166e-03,5.105606e-03
7200,layers.1.v_lut.log_select_temp,9.322544e-01,1.721680e-03,1.846792e-03
7200,layers.1.out_proj.weights,6.042851e+01,2.100631e+00,3.476224e-02
7200,layers.1.out_proj.log_soft_score_temp,2.192373e-01,2.210751e-03,1.008383e-02
7200,layers.1.out_proj.log_select_temp,8.527123e-01,2.454460e-03,2.878415e-03
7200,layers.1.residual_lut.weights,6.439606e+01,1.949781e+00,3.027796e-02
7200,layers.1.residual_lut.log_soft_score_temp,1.352748e-01,1.157120e-03,8.553847e-03
7200,layers.1.residual_lut.log_select_temp,6.843415e-01,2.034247e-03,2.972561e-03
7200,layers.1.q_norm.weight,8.798559e+00,5.960169e-03,6.774028e-04
7200,layers.1.q_norm.bias,5.832756e-01,2.848410e-03,4.883472e-03
7200,layers.1.k_norm.weight,8.772225e+00,5.927444e-03,6.757059e-04
7200,layers.1.k_norm.bias,8.344998e-01,3.587327e-03,4.298776e-03
7200,layers.2.qkv_lut.weights,9.960892e+01,3.098515e+00,3.110680e-02
7200,layers.2.qkv_lut.log_soft_score_temp,9.274898e-02,1.956061e-03,2.108983e-02
7200,layers.2.qkv_lut.log_select_temp,6.400080e-01,1.686633e-03,2.635331e-03
7200,layers.2.v_lut.weights,4.947607e+01,1.471121e+00,2.973398e-02
7200,layers.2.v_lut.log_soft_score_temp,3.197858e-01,3.212035e-03,1.004433e-02
7200,layers.2.v_lut.log_select_temp,9.171506e-01,4.152060e-04,4.527130e-04
7200,layers.2.out_proj.weights,6.631678e+01,2.108600e+00,3.179587e-02
7200,layers.2.out_proj.log_soft_score_temp,3.040184e-01,3.080726e-03,1.013335e-02
7200,layers.2.out_proj.log_select_temp,9.286407e-01,2.128124e-03,2.291655e-03
7200,layers.2.residual_lut.weights,6.367583e+01,1.948251e+00,3.059639e-02
7200,layers.2.residual_lut.log_soft_score_temp,3.929367e-02,1.933698e-03,4.921142e-02
7200,layers.2.residual_lut.log_select_temp,6.280006e-01,1.576543e-03,2.510416e-03
7200,layers.2.q_norm.weight,8.822713e+00,5.229867e-03,5.927731e-04
7200,layers.2.q_norm.bias,6.664593e-01,2.784854e-03,4.178581e-03
7200,layers.2.k_norm.weight,8.790940e+00,5.115505e-03,5.819064e-04
7200,layers.2.k_norm.bias,1.079001e+00,3.220084e-03,2.984319e-03
7200,layers.3.qkv_lut.weights,1.006106e+02,3.125857e+00,3.106887e-02
7200,layers.3.qkv_lut.log_soft_score_temp,1.145145e-02,2.094592e-03,1.829107e-01
7200,layers.3.qkv_lut.log_select_temp,6.508386e-01,2.038121e-03,3.131531e-03
7200,layers.3.v_lut.weights,4.993045e+01,1.488900e+00,2.981948e-02
7200,layers.3.v_lut.log_soft_score_temp,2.600145e-01,3.645748e-03,1.402132e-02
7200,layers.3.v_lut.log_select_temp,8.984827e-01,6.719828e-04,7.479084e-04
7200,layers.3.out_proj.weights,7.250635e+01,2.112826e+00,2.913987e-02
7200,layers.3.out_proj.log_soft_score_temp,4.231699e-01,3.185749e-03,7.528299e-03
7200,layers.3.out_proj.log_select_temp,9.988686e-01,8.479953e-04,8.489558e-04
7200,layers.3.residual_lut.weights,6.519588e+01,1.955555e+00,2.999507e-02
7200,layers.3.residual_lut.log_soft_score_temp,5.663086e-02,3.421105e-03,6.041062e-02
7200,layers.3.residual_lut.log_select_temp,7.073199e-01,1.598179e-03,2.259486e-03
7200,layers.3.q_norm.weight,8.793943e+00,5.429887e-03,6.174575e-04
7200,layers.3.q_norm.bias,6.708064e-01,3.738811e-03,5.573606e-03
7200,layers.3.k_norm.weight,8.722041e+00,5.271368e-03,6.043732e-04
7200,layers.3.k_norm.bias,1.238715e+00,5.530966e-03,4.465082e-03
7200,layers.4.qkv_lut.weights,1.002149e+02,3.118151e+00,3.111465e-02
7200,layers.4.qkv_lut.log_soft_score_temp,8.787392e-02,2.909154e-03,3.310600e-02
7200,layers.4.qkv_lut.log_select_temp,6.925798e-01,1.421452e-03,2.052401e-03
7200,layers.4.v_lut.weights,5.065580e+01,1.463930e+00,2.889955e-02
7200,layers.4.v_lut.log_soft_score_temp,4.691793e-01,3.662825e-03,7.806875e-03
7200,layers.4.v_lut.log_select_temp,9.576862e-01,1.704097e-04,1.779390e-04
7200,layers.4.out_proj.weights,7.756923e+01,2.152880e+00,2.775430e-02
7200,layers.4.out_proj.log_soft_score_temp,6.176602e-01,2.353609e-03,3.810524e-03
7200,layers.4.out_proj.log_select_temp,1.096385e+00,1.936197e-03,1.765984e-03
7200,layers.4.residual_lut.weights,6.716773e+01,1.973374e+00,2.937980e-02
7200,layers.4.residual_lut.log_soft_score_temp,8.505979e-02,3.465571e-03,4.074276e-02
7200,layers.4.residual_lut.log_select_temp,7.499658e-01,2.772152e-03,3.696372e-03
7200,layers.4.q_norm.weight,8.799758e+00,6.095791e-03,6.927225e-04
7200,layers.4.q_norm.bias,4.155360e-01,3.064500e-03,7.374813e-03
7200,layers.4.k_norm.weight,8.764399e+00,6.153065e-03,7.020522e-04
7200,layers.4.k_norm.bias,6.259118e-01,4.153195e-03,6.635432e-03
7200,layers.5.qkv_lut.weights,1.014232e+02,3.159646e+00,3.115308e-02
7200,layers.5.qkv_lut.log_soft_score_temp,2.425756e-01,3.418639e-03,1.409309e-02
7200,layers.5.qkv_lut.log_select_temp,6.691998e-01,2.591610e-04,3.872700e-04
7200,layers.5.v_lut.weights,5.118743e+01,1.485137e+00,2.901369e-02
7200,layers.5.v_lut.log_soft_score_temp,7.678899e-01,2.691984e-03,3.505690e-03
7200,layers.5.v_lut.log_select_temp,1.014642e+00,4.171133e-04,4.110942e-04
7200,layers.5.out_proj.weights,8.739881e+01,2.334921e+00,2.671571e-02
7200,layers.5.out_proj.log_soft_score_temp,8.106323e-01,2.203584e-03,2.718352e-03
7200,layers.5.out_proj.log_select_temp,1.128581e+00,1.461506e-03,1.294994e-03
7200,layers.5.residual_lut.weights,7.136572e+01,2.017060e+00,2.826371e-02
7200,layers.5.residual_lut.log_soft_score_temp,2.772440e-02,3.633413e-03,1.310547e-01
7200,layers.5.residual_lut.log_select_temp,8.038455e-01,2.309799e-03,2.873437e-03
7200,layers.5.q_norm.weight,8.463620e+00,5.210908e-03,6.156831e-04
7200,layers.5.q_norm.bias,3.111685e-01,3.498873e-03,1.124430e-02
7200,layers.5.k_norm.weight,8.450221e+00,5.069248e-03,5.998953e-04
7200,layers.5.k_norm.bias,4.994603e-01,3.279785e-03,6.566658e-03
7200,ln_final.weight,3.562670e+01,1.117232e-01,3.135940e-03
7200,ln_final.bias,1.427784e+00,1.373245e-02,9.618016e-03
7400,tok_emb_E.weight,7.458966e+01,4.456136e-01,5.974201e-03
7400,unembedder.weight,2.244909e+02,2.653976e+00,1.182220e-02
7400,layers.0.qkv_lut.weights,1.006028e+02,2.797333e+00,2.780573e-02
7400,layers.0.qkv_lut.log_soft_score_temp,8.528020e-01,1.587451e-03,1.861453e-03
7400,layers.0.qkv_lut.log_select_temp,7.253572e-01,1.115441e-03,1.537782e-03
7400,layers.0.v_lut.weights,5.157436e+01,1.342144e+00,2.602347e-02
7400,layers.0.v_lut.log_soft_score_temp,9.819798e-01,1.804531e-03,1.837645e-03
7400,layers.0.v_lut.log_select_temp,1.252308e+00,2.581596e-03,2.061471e-03
7400,layers.0.out_proj.weights,6.604997e+01,1.870879e+00,2.832521e-02
7400,layers.0.out_proj.log_soft_score_temp,3.280241e-01,4.591644e-04,1.399789e-03
7400,layers.0.out_proj.log_select_temp,9.602768e-01,2.973974e-03,3.096996e-03
7400,layers.0.residual_lut.weights,7.134663e+01,1.764567e+00,2.473231e-02
7400,layers.0.residual_lut.log_soft_score_temp,3.944648e-01,1.442760e-03,3.657514e-03
7400,layers.0.residual_lut.log_select_temp,1.050062e+00,3.940582e-03,3.752714e-03
7400,layers.0.q_norm.weight,9.183804e+00,7.759059e-03,8.448634e-04
7400,layers.0.q_norm.bias,9.094931e-01,4.527393e-03,4.977930e-03
7400,layers.0.k_norm.weight,9.127533e+00,7.427337e-03,8.137288e-04
7400,layers.0.k_norm.bias,1.035142e+00,5.669397e-03,5.476929e-03
7400,layers.1.qkv_lut.weights,9.969044e+01,2.790389e+00,2.799054e-02
7400,layers.1.qkv_lut.log_soft_score_temp,1.611692e-01,9.725839e-04,6.034553e-03
7400,layers.1.qkv_lut.log_select_temp,6.291427e-01,1.173615e-03,1.865420e-03
7400,layers.1.v_lut.weights,4.938574e+01,1.335620e+00,2.704464e-02
7400,layers.1.v_lut.log_soft_score_temp,3.498141e-01,8.133948e-04,2.325220e-03
7400,layers.1.v_lut.log_select_temp,9.341292e-01,1.874804e-03,2.007008e-03
7400,layers.1.out_proj.weights,6.042794e+01,1.888103e+00,3.124553e-02
7400,layers.1.out_proj.log_soft_score_temp,2.177642e-01,1.473099e-03,6.764653e-03
7400,layers.1.out_proj.log_select_temp,8.552044e-01,2.492070e-03,2.914005e-03
7400,layers.1.residual_lut.weights,6.442222e+01,1.753712e+00,2.722217e-02
7400,layers.1.residual_lut.log_soft_score_temp,1.340024e-01,1.272380e-03,9.495204e-03
7400,layers.1.residual_lut.log_select_temp,6.861612e-01,1.819670e-03,2.651957e-03
7400,layers.1.q_norm.weight,8.804371e+00,6.757062e-03,7.674668e-04
7400,layers.1.q_norm.bias,5.857062e-01,4.073690e-03,6.955176e-03
7400,layers.1.k_norm.weight,8.777847e+00,6.696376e-03,7.628722e-04
7400,layers.1.k_norm.bias,8.382217e-01,5.172582e-03,6.170899e-03
7400,layers.2.qkv_lut.weights,9.966115e+01,2.802618e+00,2.812147e-02
7400,layers.2.qkv_lut.log_soft_score_temp,9.127525e-02,1.473725e-03,1.614594e-02
7400,layers.2.qkv_lut.log_select_temp,6.416013e-01,1.593351e-03,2.483398e-03
7400,layers.2.v_lut.weights,4.951004e+01,1.325412e+00,2.677057e-02
7400,layers.2.v_lut.log_soft_score_temp,3.169041e-01,2.881765e-03,9.093494e-03
7400,layers.2.v_lut.log_select_temp,9.174035e-01,2.529621e-04,2.757370e-04
7400,layers.2.out_proj.weights,6.634238e+01,1.896310e+00,2.858369e-02
7400,layers.2.out_proj.log_soft_score_temp,3.013262e-01,2.692163e-03,8.934380e-03
7400,layers.2.out_proj.log_select_temp,9.308487e-01,2.207935e-03,2.371959e-03
7400,layers.2.residual_lut.weights,6.369182e+01,1.758052e+00,2.760248e-02
7400,layers.2.residual_lut.log_soft_score_temp,3.755664e-02,1.737028e-03,4.625089e-02
7400,layers.2.residual_lut.log_select_temp,6.299400e-01,1.939416e-03,3.078731e-03
7400,layers.2.q_norm.weight,8.827781e+00,5.940740e-03,6.729597e-04
7400,layers.2.q_norm.bias,6.680180e-01,2.912146e-03,4.359382e-03
7400,layers.2.k_norm.weight,8.795839e+00,5.761183e-03,6.549896e-04
7400,layers.2.k_norm.bias,1.081582e+00,4.554666e-03,4.211114e-03
7400,layers.3.qkv_lut.weights,1.006650e+02,2.808509e+00,2.789955e-02
7400,layers.3.qkv_lut.log_soft_score_temp,1.021706e-02,1.234393e-03,1.208169e-01
7400,layers.3.qkv_lut.log_select_temp,6.529220e-01,2.083421e-03,3.190918e-03
7400,layers.3.v_lut.weights,4.996015e+01,1.339674e+00,2.681484e-02
7400,layers.3.v_lut.log_soft_score_temp,2.565151e-01,3.499389e-03,1.364204e-02
7400,layers.3.v_lut.log_select_temp,8.985097e-01,2.700090e-05,3.005077e-05
7400,layers.3.out_proj.weights,7.256674e+01,1.900276e+00,2.618660e-02
7400,layers.3.out_proj.log_soft_score_temp,4.209530e-01,2.216876e-03,5.266326e-03
7400,layers.3.out_proj.log_select_temp,1.000511e+00,1.641929e-03,1.641091e-03
7400,layers.3.residual_lut.weights,6.521361e+01,1.750769e+00,2.684669e-02
7400,layers.3.residual_lut.log_soft_score_temp,5.901050e-02,2.379637e-03,4.032566e-02
7400,layers.3.residual_lut.log_select_temp,7.094640e-01,2.144098e-03,3.022138e-03
7400,layers.3.q_norm.weight,8.795992e+00,4.143321e-03,4.710465e-04
7400,layers.3.q_norm.bias,6.721485e-01,2.740356e-03,4.077010e-03
7400,layers.3.k_norm.weight,8.723875e+00,4.011133e-03,4.597880e-04
7400,layers.3.k_norm.bias,1.241216e+00,4.022730e-03,3.240957e-03
7400,layers.4.qkv_lut.weights,1.002603e+02,2.806292e+00,2.799005e-02
7400,layers.4.qkv_lut.log_soft_score_temp,8.493152e-02,2.942406e-03,3.464445e-02
7400,layers.4.qkv_lut.log_select_temp,6.931701e-01,5.902648e-04,8.515440e-04
7400,layers.4.v_lut.weights,5.069010e+01,1.319655e+00,2.603379e-02
7400,layers.4.v_lut.log_soft_score_temp,4.656411e-01,3.538221e-03,7.598601e-03
7400,layers.4.v_lut.log_select_temp,9.574617e-01,2.244711e-04,2.344439e-04
7400,layers.4.out_proj.weights,7.765912e+01,1.932592e+00,2.488557e-02
7400,layers.4.out_proj.log_soft_score_temp,6.147846e-01,2.875566e-03,4.677356e-03
7400,layers.4.out_proj.log_select_temp,1.097298e+00,9.132624e-04,8.322831e-04
7400,layers.4.residual_lut.weights,6.719564e+01,1.775597e+00,2.642429e-02
7400,layers.4.residual_lut.log_soft_score_temp,8.802389e-02,2.964102e-03,3.367383e-02
7400,layers.4.residual_lut.log_select_temp,7.523789e-01,2.413154e-03,3.207365e-03
7400,layers.4.q_norm.weight,8.803249e+00,5.119837e-03,5.815849e-04
7400,layers.4.q_norm.bias,4.165101e-01,3.707911e-03,8.902332e-03
7400,layers.4.k_norm.weight,8.767674e+00,5.456211e-03,6.223099e-04
7400,layers.4.k_norm.bias,6.273742e-01,4.537810e-03,7.233019e-03
7400,layers.5.qkv_lut.weights,1.014691e+02,2.839088e+00,2.797984e-02
7400,layers.5.qkv_lut.log_soft_score_temp,2.397312e-01,2.844438e-03,1.186511e-02
7400,layers.5.qkv_lut.log_select_temp,6.690432e-01,1.566410e-04,2.341269e-04
7400,layers.5.v_lut.weights,5.121988e+01,1.338049e+00,2.612363e-02
7400,layers.5.v_lut.log_soft_score_temp,7.648699e-01,3.019929e-03,3.948291e-03
7400,layers.5.v_lut.log_select_temp,1.013549e+00,1.092672e-03,1.078066e-03
7400,layers.5.out_proj.weights,8.750716e+01,2.088042e+00,2.386138e-02
7400,layers.5.out_proj.log_soft_score_temp,8.087345e-01,1.897752e-03,2.346570e-03
7400,layers.5.out_proj.log_select_temp,1.129870e+00,1.289487e-03,1.141270e-03
7400,layers.5.residual_lut.weights,7.141985e+01,1.805282e+00,2.527704e-02
7400,layers.5.residual_lut.log_soft_score_temp,3.060857e-02,2.884176e-03,9.422770e-02
7400,layers.5.residual_lut.log_select_temp,8.059134e-01,2.067924e-03,2.565938e-03
7400,layers.5.q_norm.weight,8.465845e+00,4.340105e-03,5.126605e-04
7400,layers.5.q_norm.bias,3.122611e-01,3.216291e-03,1.030001e-02
7400,layers.5.k_norm.weight,8.452443e+00,4.382976e-03,5.185455e-04
7400,layers.5.k_norm.bias,5.001845e-01,3.636191e-03,7.269700e-03
7400,ln_final.weight,3.572751e+01,1.010149e-01,2.827371e-03
7400,ln_final.bias,1.430753e+00,1.142614e-02,7.986104e-03
7600,tok_emb_E.weight,7.459203e+01,4.088644e-01,5.481342e-03
7600,unembedder.weight,2.246438e+02,2.437270e+00,1.084949e-02
7600,layers.0.qkv_lut.weights,1.006451e+02,2.566264e+00,2.549816e-02
7600,layers.0.qkv_lut.log_soft_score_temp,8.535599e-01,7.578731e-04,8.878967e-04
7600,layers.0.qkv_lut.log_select_temp,7.254158e-01,5.859137e-05,8.076935e-05
7600,layers.0.v_lut.weights,5.160519e+01,1.233683e+00,2.390618e-02
7600,layers.0.v_lut.log_soft_score_temp,9.839861e-01,2.006292e-03,2.038944e-03
7600,layers.0.v_lut.log_select_temp,1.254662e+00,2.354145e-03,1.876318e-03
7600,layers.0.out_proj.weights,6.605801e+01,1.724439e+00,2.610491e-02
7600,layers.0.out_proj.log_soft_score_temp,3.275104e-01,5.136728e-04,1.568417e-03
7600,layers.0.out_proj.log_select_temp,9.620967e-01,1.819849e-03,1.891545e-03
7600,layers.0.residual_lut.weights,7.141297e+01,1.626453e+00,2.277532e-02
7600,layers.0.residual_lut.log_soft_score_temp,3.957678e-01,1.303017e-03,3.292378e-03
7600,layers.0.residual_lut.log_select_temp,1.053696e+00,3.633618e-03,3.448452e-03
7600,layers.0.q_norm.weight,9.188814e+00,6.237192e-03,6.787810e-04
7600,layers.0.q_norm.bias,9.127171e-01,4.271355e-03,4.679824e-03
7600,layers.0.k_norm.weight,9.132048e+00,5.830447e-03,6.384600e-04
7600,layers.0.k_norm.bias,1.038332e+00,4.321540e-03,4.162001e-03
7600,layers.1.qkv_lut.weights,9.973772e+01,2.544897e+00,2.551589e-02
7600,layers.1.qkv_lut.log_soft_score_temp,1.612148e-01,4.562736e-05,2.830222e-04
7600,layers.1.qkv_lut.log_select_temp,6.309582e-01,1.815498e-03,2.877366e-03
7600,layers.1.v_lut.weights,4.942138e+01,1.226268e+00,2.481249e-02
7600,layers.1.v_lut.log_soft_score_temp,3.495779e-01,2.362132e-04,6.757098e-04
7600,layers.1.v_lut.log_select_temp,9.364516e-01,2.322376e-03,2.479974e-03
7600,layers.1.out_proj.weights,6.042918e+01,1.736676e+00,2.873904e-02
7600,layers.1.out_proj.log_soft_score_temp,2.168664e-01,8.977205e-04,4.139508e-03
7600,layers.1.out_proj.log_select_temp,8.578530e-01,2.648592e-03,3.087466e-03
7600,layers.1.residual_lut.weights,6.444321e+01,1.616863e+00,2.508973e-02
7600,layers.1.residual_lut.log_soft_score_temp,1.328514e-01,1.150995e-03,8.663780e-03
7600,layers.1.residual_lut.log_select_temp,6.876980e-01,1.536787e-03,2.234682e-03
7600,layers.1.q_norm.weight,8.808523e+00,5.296857e-03,6.013331e-04
7600,layers.1.q_norm.bias,5.862647e-01,2.494265e-03,4.254503e-03
7600,layers.1.k_norm.weight,8.781996e+00,5.229982e-03,5.955346e-04
7600,layers.1.k_norm.bias,8.388649e-01,2.234175e-03,2.663331e-03
7600,layers.2.qkv_lut.weights,9.970702e+01,2.574505e+00,2.582070e-02
7600,layers.2.qkv_lut.log_soft_score_temp,9.000209e-02,1.273163e-03,1.414592e-02
7600,layers.2.qkv_lut.log_select_temp,6.432421e-01,1.640797e-03,2.550823e-03
7600,layers.2.v_lut.weights,4.953720e+01,1.215592e+00,2.453897e-02
7600,layers.2.v_lut.log_soft_score_temp,3.144524e-01,2.451688e-03,7.796691e-03
7600,layers.2.v_lut.log_select_temp,9.180172e-01,6.136894e-04,6.684945e-04
7600,layers.2.out_proj.weights,6.637014e+01,1.742802e+00,2.625882e-02
7600,layers.2.out_proj.log_soft_score_temp,2.994562e-01,1.870036e-03,6.244774e-03
7600,layers.2.out_proj.log_select_temp,9.331671e-01,2.318442e-03,2.484487e-03
7600,layers.2.residual_lut.weights,6.370184e+01,1.611382e+00,2.529569e-02
7600,layers.2.residual_lut.log_soft_score_temp,3.558499e-02,1.971651e-03,5.540681e-02
7600,layers.2.residual_lut.log_select_temp,6.311232e-01,1.183271e-03,1.874866e-03
7600,layers.2.q_norm.weight,8.831160e+00,4.922261e-03,5.573743e-04
7600,layers.2.q_norm.bias,6.689715e-01,2.813239e-03,4.205320e-03
7600,layers.2.k_norm.weight,8.799163e+00,4.996448e-03,5.678322e-04
7600,layers.2.k_norm.bias,1.082940e+00,2.763645e-03,2.551983e-03
7600,layers.3.qkv_lut.weights,1.007098e+02,2.571439e+00,2.553314e-02
7600,layers.3.qkv_lut.log_soft_score_temp,8.833438e-03,1.383618e-03,1.566341e-01
7600,layers.3.qkv_lut.log_select_temp,6.547735e-01,1.851499e-03,2.827694e-03
7600,layers.3.v_lut.weights,4.998666e+01,1.225664e+00,2.451983e-02
7600,layers.3.v_lut.log_soft_score_temp,2.531679e-01,3.347218e-03,1.322134e-02
7600,layers.3.v_lut.log_select_temp,8.988548e-01,3.451109e-04,3.839451e-04
7600,layers.3.out_proj.weights,7.261182e+01,1.743749e+00,2.401468e-02
7600,layers.3.out_proj.log_soft_score_temp,4.179890e-01,2.963960e-03,7.091000e-03
7600,layers.3.out_proj.log_select_temp,1.000988e+00,4.779100e-04,4.774381e-04
7600,layers.3.residual_lut.weights,6.522512e+01,1.614374e+00,2.475080e-02
7600,layers.3.residual_lut.log_soft_score_temp,6.168240e-02,2.671894e-03,4.331696e-02
7600,layers.3.residual_lut.log_select_temp,7.108890e-01,1.425087e-03,2.004655e-03
7600,layers.3.q_norm.weight,8.798161e+00,3.973937e-03,4.516782e-04
7600,layers.3.q_norm.bias,6.729243e-01,2.271258e-03,3.375206e-03
7600,layers.3.k_norm.weight,8.725971e+00,3.978062e-03,4.558876e-04
7600,layers.3.k_norm.bias,1.242658e+00,3.231713e-03,2.600645e-03
7600,layers.4.qkv_lut.weights,1.003007e+02,2.572838e+00,2.565124e-02
7600,layers.4.qkv_lut.log_soft_score_temp,8.258393e-02,2.347589e-03,2.842670e-02
7600,layers.4.qkv_lut.log_select_temp,6.943174e-01,1.147330e-03,1.652457e-03
7600,layers.4.v_lut.weights,5.071841e+01,1.206471e+00,2.378763e-02
7600,layers.4.v_lut.log_soft_score_temp,4.620128e-01,3.628343e-03,7.853340e-03
7600,layers.4.v_lut.log_select_temp,9.564040e-01,1.057744e-03,1.105959e-03
7600,layers.4.out_proj.weights,7.774588e+01,1.778445e+00,2.287510e-02
7600,layers.4.out_proj.log_soft_score_temp,6.128693e-01,1.915276e-03,3.125097e-03
7600,layers.4.out_proj.log_select_temp,1.098803e+00,1.505136e-03,1.369797e-03
7600,layers.4.residual_lut.weights,6.722630e+01,1.631060e+00,2.426223e-02
7600,layers.4.residual_lut.log_soft_score_temp,9.033557e-02,2.311677e-03,2.558988e-02
7600,layers.4.residual_lut.log_select_temp,7.549285e-01,2.549529e-03,3.377180e-03
7600,layers.4.q_norm.weight,8.805650e+00,4.839683e-03,5.496112e-04
7600,layers.4.q_norm.bias,4.164889e-01,2.606368e-03,6.257954e-03
7600,layers.4.k_norm.weight,8.770187e+00,5.051204e-03,5.759516e-04
7600,layers.4.k_norm.bias,6.275578e-01,4.009044e-03,6.388327e-03
7600,layers.5.qkv_lut.weights,1.015114e+02,2.607011e+00,2.568195e-02
7600,layers.5.qkv_lut.log_soft_score_temp,2.375894e-01,2.141744e-03,9.014475e-03
7600,layers.5.qkv_lut.log_select_temp,6.695959e-01,5.527139e-04,8.254439e-04
7600,layers.5.v_lut.weights,5.124678e+01,1.228989e+00,2.398177e-02
7600,layers.5.v_lut.log_soft_score_temp,7.617639e-01,3.105998e-03,4.077376e-03
7600,layers.5.v_lut.log_select_temp,1.012382e+00,1.167178e-03,1.152903e-03
7600,layers.5.out_proj.weights,8.761346e+01,1.921954e+00,2.193674e-02
7600,layers.5.out_proj.log_soft_score_temp,8.076686e-01,1.065910e-03,1.319737e-03
7600,layers.5.out_proj.log_select_temp,1.131690e+00,1.819968e-03,1.608186e-03
7600,layers.5.residual_lut.weights,7.146941e+01,1.671127e+00,2.338241e-02
7600,layers.5.residual_lut.log_soft_score_temp,3.344006e-02,2.831483e-03,8.467340e-02
7600,layers.5.residual_lut.log_select_temp,8.080674e-01,2.153993e-03,2.665610e-03
7600,layers.5.q_norm.weight,8.467713e+00,3.768171e-03,4.450045e-04
7600,layers.5.q_norm.bias,3.131439e-01,3.136395e-03,1.001583e-02
7600,layers.5.k_norm.weight,8.454248e+00,3.729000e-03,4.410800e-04
7600,layers.5.k_norm.bias,5.001268e-01,3.649293e-03,7.296734e-03
7600,ln_final.weight,3.582024e+01,9.290724e-02,2.593708e-03
7600,ln_final.bias,1.434378e+00,1.099669e-02,7.666520e-03
7800,tok_emb_E.weight,7.459439e+01,3.839591e-01,5.147291e-03
7800,unembedder.weight,2.247891e+02,2.294667e+00,1.020809e-02
7800,layers.0.qkv_lut.weights,1.006837e+02,2.418137e+00,2.401717e-02
7800,layers.0.qkv_lut.log_soft_score_temp,8.544289e-01,8.690357e-04,1.017095e-03
7800,layers.0.qkv_lut.log_select_temp,7.259998e-01,5.840063e-04,8.044166e-04
7800,layers.0.v_lut.weights,5.163315e+01,1.158140e+00,2.243017e-02
7800,layers.0.v_lut.log_soft_score_temp,9.858361e-01,1.850009e-03,1.876589e-03
7800,layers.0.v_lut.log_select_temp,1.256774e+00,2.112269e-03,1.680707e-03
7800,layers.0.out_proj.weights,6.606900e+01,1.619468e+00,2.451177e-02
7800,layers.0.out_proj.log_soft_score_temp,3.279153e-01,4.048944e-04,1.234753e-03
7800,layers.0.out_proj.log_select_temp,9.646584e-01,2.561748e-03,2.655601e-03
7800,layers.0.residual_lut.weights,7.147900e+01,1.531552e+00,2.142660e-02
7800,layers.0.residual_lut.log_soft_score_temp,3.975188e-01,1.751065e-03,4.404987e-03
7800,layers.0.residual_lut.log_select_temp,1.057500e+00,3.804445e-03,3.597584e-03
7800,layers.0.q_norm.weight,9.195209e+00,7.092379e-03,7.713124e-04
7800,layers.0.q_norm.bias,9.152990e-01,3.667394e-03,4.006772e-03
7800,layers.0.k_norm.weight,9.138139e+00,6.802237e-03,7.443788e-04
7800,layers.0.k_norm.bias,1.041193e+00,4.023935e-03,3.864734e-03
7800,layers.1.qkv_lut.weights,9.977827e+01,2.399786e+00,2.405119e-02
7800,layers.1.qkv_lut.log_soft_score_temp,1.608306e-01,3.841370e-04,2.388457e-03
7800,layers.1.qkv_lut.log_select_temp,6.321699e-01,1.211703e-03,1.916736e-03
7800,layers.1.v_lut.weights,4.944891e+01,1.150238e+00,2.326114e-02
7800,layers.1.v_lut.log_soft_score_temp,3.486913e-01,8.865297e-04,2.542448e-03
7800,layers.1.v_lut.log_select_temp,9.378489e-01,1.397252e-03,1.489848e-03
7800,layers.1.out_proj.weights,6.041972e+01,1.626870e+00,2.692614e-02
7800,layers.1.out_proj.log_soft_score_temp,2.153427e-01,1.523718e-03,7.075782e-03
7800,layers.1.out_proj.log_select_temp,8.597968e-01,1.943767e-03,2.260729e-03
7800,layers.1.residual_lut.weights,6.446217e+01,1.517360e+00,2.353877e-02
7800,layers.1.residual_lut.log_soft_score_temp,1.318597e-01,9.917319e-04,7.521115e-03
7800,layers.1.residual_lut.log_select_temp,6.893004e-01,1.602411e-03,2.324692e-03
7800,layers.1.q_norm.weight,8.812454e+00,4.883066e-03,5.541097e-04
7800,layers.1.q_norm.bias,5.871013e-01,2.587560e-03,4.407348e-03
7800,layers.1.k_norm.weight,8.785761e+00,4.858967e-03,5.530502e-04
7800,layers.1.k_norm.bias,8.401993e-01,2.572597e-03,3.061889e-03
7800,layers.2.qkv_lut.weights,9.974602e+01,2.399712e+00,2.405823e-02
7800,layers.2.qkv_lut.log_soft_score_temp,8.878327e-02,1.218818e-03,1.372802e-02
7800,layers.2.qkv_lut.log_select_temp,6.446245e-01,1.382411e-03,2.144521e-03
7800,layers.2.v_lut.weights,4.956357e+01,1.134953e+00,2.289895e-02
7800,layers.2.v_lut.log_soft_score_temp,3.125194e-01,1.932979e-03,6.185148e-03
7800,layers.2.v_lut.log_select_temp,9.189231e-01,9.059310e-04,9.858616e-04
7800,layers.2.out_proj.weights,6.639021e+01,1.633183e+00,2.459976e-02
7800,layers.2.out_proj.log_soft_score_temp,2.974980e-01,1.958221e-03,6.582301e-03
7800,layers.2.out_proj.log_select_temp,9.348757e-01,1.708567e-03,1.827588e-03
7800,layers.2.residual_lut.weights,6.370805e+01,1.515778e+00,2.379257e-02
7800,layers.2.residual_lut.log_soft_score_temp,3.359784e-02,1.987152e-03,5.914522e-02
7800,layers.2.residual_lut.log_select_temp,6.322032e-01,1.079917e-03,1.708180e-03
7800,layers.2.q_norm.weight,8.835155e+00,4.895486e-03,5.540917e-04
7800,layers.2.q_norm.bias,6.707233e-01,2.697180e-03,4.021301e-03
7800,layers.2.k_norm.weight,8.802993e+00,4.626598e-03,5.255711e-04
7800,layers.2.k_norm.bias,1.085326e+00,3.684877e-03,3.395180e-03
7800,layers.3.qkv_lut.weights,1.007500e+02,2.411268e+00,2.393318e-02
7800,layers.3.qkv_lut.log_soft_score_temp,7.393935e-03,1.439503e-03,1.946870e-01
7800,layers.3.qkv_lut.log_select_temp,6.562535e-01,1.479924e-03,2.255110e-03
7800,layers.3.v_lut.weights,5.001433e+01,1.149624e+00,2.298590e-02
7800,layers.3.v_lut.log_soft_score_temp,2.514159e-01,1.752049e-03,6.968727e-03
7800,layers.3.v_lut.log_select_temp,9.003347e-01,1.479924e-03,1.643748e-03
7800,layers.3.out_proj.weights,7.265794e+01,1.634519e+00,2.249608e-02
7800,layers.3.out_proj.log_soft_score_temp,4.158498e-01,2.139181e-03,5.144119e-03
7800,layers.3.out_proj.log_select_temp,1.002073e+00,1.084447e-03,1.082204e-03
7800,layers.3.residual_lut.weights,6.523598e+01,1.515433e+00,2.323001e-02
7800,layers.3.residual_lut.log_soft_score_temp,6.391337e-02,2.230972e-03,3.490619e-02
7800,layers.3.residual_lut.log_select_temp,7.124999e-01,1.610875e-03,2.260878e-03
7800,layers.3.q_norm.weight,8.800874e+00,4.016869e-03,4.564170e-04
7800,layers.3.q_norm.bias,6.742672e-01,2.608538e-03,3.868700e-03
7800,layers.3.k_norm.weight,8.728588e+00,3.976500e-03,4.555720e-04
7800,layers.3.k_norm.bias,1.244866e+00,4.071204e-03,3.270395e-03
7800,layers.4.qkv_lut.weights,1.003348e+02,2.411624e+00,2.403577e-02
7800,layers.4.qkv_lut.log_soft_score_temp,8.022524e-02,2.358682e-03,2.940075e-02
7800,layers.4.qkv_lut.log_select_temp,6.951320e-01,8.146167e-04,1.171888e-03
7800,layers.4.v_lut.weights,5.074652e+01,1.132981e+00,2.232628e-02
7800,layers.4.v_lut.log_soft_score_temp,4.592832e-01,2.729565e-03,5.943098e-03
7800,layers.4.v_lut.log_select_temp,9.564677e-01,6.377697e-05,6.667969e-05
7800,layers.4.out_proj.weights,7.782504e+01,1.669483e+00,2.145175e-02
7800,layers.4.out_proj.log_soft_score_temp,6.111119e-01,1.757383e-03,2.875714e-03
7800,layers.4.out_proj.log_select_temp,1.100216e+00,1.412749e-03,1.284066e-03
7800,layers.4.residual_lut.weights,6.724771e+01,1.541299e+00,2.291972e-02
7800,layers.4.residual_lut.log_soft_score_temp,9.278021e-02,2.444640e-03,2.634872e-02
7800,layers.4.residual_lut.log_select_temp,7.572237e-01,2.295256e-03,3.031146e-03
7800,layers.4.q_norm.weight,8.809315e+00,4.898980e-03,5.561137e-04
7800,layers.4.q_norm.bias,4.177890e-01,2.945234e-03,7.049573e-03
7800,layers.4.k_norm.weight,8.773745e+00,4.891789e-03,5.575486e-04
7800,layers.4.k_norm.bias,6.296109e-01,4.049734e-03,6.432122e-03
7800,layers.5.qkv_lut.weights,1.015478e+02,2.439775e+00,2.402589e-02
7800,layers.5.qkv_lut.log_soft_score_temp,2.356542e-01,1.935229e-03,8.212154e-03
7800,layers.5.qkv_lut.log_select_temp,6.699547e-01,3.588200e-04,5.355884e-04
7800,layers.5.v_lut.weights,5.127224e+01,1.151637e+00,2.246123e-02
7800,layers.5.v_lut.log_soft_score_temp,7.593656e-01,2.398372e-03,3.158389e-03
7800,layers.5.v_lut.log_select_temp,1.011686e+00,6.960630e-04,6.880229e-04
7800,layers.5.out_proj.weights,8.770765e+01,1.801848e+00,2.054379e-02
7800,layers.5.out_proj.log_soft_score_temp,8.065045e-01,1.164079e-03,1.443363e-03
7800,layers.5.out_proj.log_select_temp,1.133387e+00,1.696587e-03,1.496917e-03
7800,layers.5.residual_lut.weights,7.151260e+01,1.573313e+00,2.200051e-02
7800,layers.5.residual_lut.log_soft_score_temp,3.596590e-02,2.525847e-03,7.022894e-02
7800,layers.5.residual_lut.log_select_temp,8.100657e-01,1.998305e-03,2.466844e-03
7800,layers.5.q_norm.weight,8.470230e+00,4.274010e-03,5.045919e-04
7800,layers.5.q_norm.bias,3.140899e-01,2.841118e-03,9.045555e-03
7800,layers.5.k_norm.weight,8.456839e+00,4.364377e-03,5.160766e-04
7800,layers.5.k_norm.bias,5.010437e-01,3.184075e-03,6.354886e-03
7800,ln_final.weight,3.590752e+01,8.746412e-02,2.435816e-03
7800,ln_final.bias,1.437228e+00,1.110261e-02,7.725016e-03
8000,tok_emb_E.weight,7.459644e+01,3.714266e-01,4.979147e-03
8000,unembedder.weight,2.249268e+02,2.191608e+00,9.743651e-03
8000,layers.0.qkv_lut.weights,1.007201e+02,2.333509e+00,2.316827e-02
8000,layers.0.qkv_lut.log_soft_score_temp,8.552577e-01,8.288026e-04,9.690676e-04
8000,layers.0.qkv_lut.log_select_temp,7.266124e-01,6.126165e-04,8.431132e-04
8000,layers.0.v_lut.weights,5.165812e+01,1.119127e+00,2.166410e-02
8000,layers.0.v_lut.log_soft_score_temp,9.869358e-01,1.099646e-03,1.114202e-03
8000,layers.0.v_lut.log_select_temp,1.258318e+00,1.543641e-03,1.226750e-03
8000,layers.0.out_proj.weights,6.607864e+01,1.562095e+00,2.363995e-02
8000,layers.0.out_proj.log_soft_score_temp,3.282380e-01,3.227293e-04,9.832174e-04
8000,layers.0.out_proj.log_select_temp,9.670400e-01,2.381563e-03,2.462735e-03
8000,layers.0.residual_lut.weights,7.154002e+01,1.482808e+00,2.072697e-02
8000,layers.0.residual_lut.log_soft_score_temp,3.988546e-01,1.335740e-03,3.348940e-03
8000,layers.0.residual_lut.log_select_temp,1.060969e+00,3.469110e-03,3.269755e-03
8000,layers.0.q_norm.weight,9.201126e+00,6.580106e-03,7.151414e-04
8000,layers.0.q_norm.bias,9.178961e-01,3.659485e-03,3.986818e-03
8000,layers.0.k_norm.weight,9.143736e+00,6.178537e-03,6.757125e-04
8000,layers.0.k_norm.bias,1.044472e+00,4.038951e-03,3.866979e-03
8000,layers.1.qkv_lut.weights,9.981844e+01,2.325419e+00,2.329649e-02
8000,layers.1.qkv_lut.log_soft_score_temp,1.607601e-01,7.058680e-05,4.390817e-04
8000,layers.1.qkv_lut.log_select_temp,6.336974e-01,1.527488e-03,2.410438e-03
8000,layers.1.v_lut.weights,4.947512e+01,1.114370e+00,2.252385e-02
8000,layers.1.v_lut.log_soft_score_temp,3.473972e-01,1.294106e-03,3.725148e-03
8000,layers.1.v_lut.log_select_temp,9.389451e-01,1.096249e-03,1.167532e-03
8000,layers.1.out_proj.weights,6.041452e+01,1.575655e+00,2.608074e-02
8000,layers.1.out_proj.log_soft_score_temp,2.139514e-01,1.391292e-03,6.502838e-03
8000,layers.1.out_proj.log_select_temp,8.620092e-01,2.212465e-03,2.566637e-03
8000,layers.1.residual_lut.weights,6.448398e+01,1.467375e+00,2.275565e-02
8000,layers.1.residual_lut.log_soft_score_temp,1.313837e-01,4.759580e-04,3.622655e-03
8000,layers.1.residual_lut.log_select_temp,6.916261e-01,2.325714e-03,3.362675e-03
8000,layers.1.q_norm.weight,8.816445e+00,4.841924e-03,5.491923e-04
8000,layers.1.q_norm.bias,5.887079e-01,3.277857e-03,5.567884e-03
8000,layers.1.k_norm.weight,8.789620e+00,4.773395e-03,5.430718e-04
8000,layers.1.k_norm.bias,8.422968e-01,3.330481e-03,3.954047e-03
8000,layers.2.qkv_lut.weights,9.978199e+01,2.332516e+00,2.337612e-02
8000,layers.2.qkv_lut.log_soft_score_temp,8.734437e-02,1.438901e-03,1.647388e-02
8000,layers.2.qkv_lut.log_select_temp,6.458591e-01,1.234531e-03,1.911456e-03
8000,layers.2.v_lut.weights,4.958763e+01,1.099129e+00,2.216538e-02
8000,layers.2.v_lut.log_soft_score_temp,3.103963e-01,2.123147e-03,6.840119e-03
8000,layers.2.v_lut.log_select_temp,9.198143e-01,8.911490e-04,9.688358e-04
8000,layers.2.out_proj.weights,6.640579e+01,1.576602e+00,2.374194e-02
8000,layers.2.out_proj.log_soft_score_temp,2.955387e-01,1.959234e-03,6.629366e-03
8000,layers.2.out_proj.log_select_temp,9.363842e-01,1.508534e-03,1.611020e-03
8000,layers.2.residual_lut.weights,6.371737e+01,1.470214e+00,2.307398e-02
8000,layers.2.residual_lut.log_soft_score_temp,3.226142e-02,1.336422e-03,4.142477e-02
8000,layers.2.residual_lut.log_select_temp,6.340527e-01,1.849532e-03,2.917001e-03
8000,layers.2.q_norm.weight,8.838632e+00,4.938297e-03,5.587173e-04
8000,layers.2.q_norm.bias,6.720735e-01,2.860727e-03,4.256569e-03
8000,layers.2.k_norm.weight,8.806339e+00,4.756778e-03,5.401539e-04
8000,layers.2.k_norm.bias,1.086942e+00,3.556483e-03,3.272008e-03
8000,layers.3.qkv_lut.weights,1.007890e+02,2.338422e+00,2.320116e-02
8000,layers.3.qkv_lut.log_soft_score_temp,5.983528e-03,1.410407e-03,2.357150e-01
8000,layers.3.qkv_lut.log_select_temp,6.576577e-01,1.404226e-03,2.135193e-03
8000,layers.3.v_lut.weights,5.003575e+01,1.111086e+00,2.220583e-02
8000,layers.3.v_lut.log_soft_score_temp,2.486374e-01,2.778441e-03,1.117467e-02
8000,layers.3.v_lut.log_select_temp,9.007266e-01,3.918409e-04,4.350276e-04
8000,layers.3.out_proj.weights,7.269959e+01,1.583039e+00,2.177508e-02
8000,layers.3.out_proj.log_soft_score_temp,4.131735e-01,2.676368e-03,6.477589e-03
8000,layers.3.out_proj.log_select_temp,1.002559e+00,4.856586e-04,4.844192e-04
8000,layers.3.residual_lut.weights,6.524437e+01,1.468898e+00,2.251379e-02
8000,layers.3.residual_lut.log_soft_score_temp,6.605427e-02,2.140902e-03,3.241126e-02
8000,layers.3.residual_lut.log_select_temp,7.143779e-01,1.878023e-03,2.628893e-03
8000,layers.3.q_norm.weight,8.802482e+00,3.117868e-03,3.542033e-04
8000,layers.3.q_norm.bias,6.751639e-01,2.655266e-03,3.932772e-03
8000,layers.3.k_norm.weight,8.730046e+00,3.005542e-03,3.442756e-04
8000,layers.3.k_norm.bias,1.246441e+00,3.100497e-03,2.487480e-03
8000,layers.4.qkv_lut.weights,1.003693e+02,2.334667e+00,2.326077e-02
8000,layers.4.qkv_lut.log_soft_score_temp,7.797055e-02,2.254695e-03,2.891726e-02
8000,layers.4.qkv_lut.log_select_temp,6.959628e-01,8.308291e-04,1.193784e-03
8000,layers.4.v_lut.weights,5.077037e+01,1.097401e+00,2.161499e-02
8000,layers.4.v_lut.log_soft_score_temp,4.561163e-01,3.166914e-03,6.943216e-03
8000,layers.4.v_lut.log_select_temp,9.557610e-01,7.067323e-04,7.394445e-04
8000,layers.4.out_proj.weights,7.790259e+01,1.613897e+00,2.071686e-02
8000,layers.4.out_proj.log_soft_score_temp,6.091451e-01,1.966834e-03,3.228843e-03
8000,layers.4.out_proj.log_select_temp,1.101426e+00,1.210570e-03,1.099093e-03
8000,layers.4.residual_lut.weights,6.726089e+01,1.488268e+00,2.212680e-02
8000,layers.4.residual_lut.log_soft_score_temp,9.567185e-02,2.891645e-03,3.022461e-02
8000,layers.4.residual_lut.log_select_temp,7.587129e-01,1.489222e-03,1.962827e-03
8000,layers.4.q_norm.weight,8.812046e+00,4.135712e-03,4.693248e-04
8000,layers.4.q_norm.bias,4.183825e-01,2.445189e-03,5.844387e-03
8000,layers.4.k_norm.weight,8.776489e+00,4.122188e-03,4.696853e-04
8000,layers.4.k_norm.bias,6.303514e-01,3.053664e-03,4.844383e-03
8000,layers.5.qkv_lut.weights,1.015830e+02,2.369551e+00,2.332626e-02
8000,layers.5.qkv_lut.log_soft_score_temp,2.332600e-01,2.394244e-03,1.026427e-02
8000,layers.5.qkv_lut.log_select_temp,6.697608e-01,1.938939e-04,2.894972e-04
8000,layers.5.v_lut.weights,5.129263e+01,1.120656e+00,2.184828e-02
8000,layers.5.v_lut.log_soft_score_temp,7.569432e-01,2.422333e-03,3.200151e-03
8000,layers.5.v_lut.log_select_temp,1.010841e+00,8.450747e-04,8.360116e-04
8000,layers.5.out_proj.weights,8.779430e+01,1.745386e+00,1.988041e-02
8000,layers.5.out_proj.log_soft_score_temp,8.054650e-01,1.039505e-03,1.290565e-03
8000,layers.5.out_proj.log_select_temp,1.135061e+00,1.674056e-03,1.474860e-03
8000,layers.5.residual_lut.weights,7.154511e+01,1.527800e+00,2.135436e-02
8000,layers.5.residual_lut.log_soft_score_temp,3.882435e-02,2.858445e-03,7.362506e-02
8000,layers.5.residual_lut.log_select_temp,8.115684e-01,1.502693e-03,1.851591e-03
8000,layers.5.q_norm.weight,8.472577e+00,4.133026e-03,4.878121e-04
8000,layers.5.q_norm.bias,3.151471e-01,2.733700e-03,8.674363e-03
8000,layers.5.k_norm.weight,8.459071e+00,3.853105e-03,4.554998e-04
8000,layers.5.k_norm.bias,5.017495e-01,3.112520e-03,6.203335e-03
8000,ln_final.weight,3.599160e+01,8.424146e-02,2.340587e-03
8000,ln_final.bias,1.440283e+00,1.052328e-02,7.306396e-03
