step,param_name,weight_norm,delta_norm,rel_delta
200,tok_emb_E.weight,2.047690e+02,1.603986e+00,7.833151e-03
200,unembedder.weight,1.053569e+02,1.550424e+01,1.471591e-01
200,layers.0.qk_lut.weights,3.415541e+00,3.249117e+00,9.512745e-01
200,layers.0.qk_lut.log_soft_score_temp,6.979041e-01,4.756868e-03,6.815934e-03
200,layers.0.qk_lut.log_select_temp,6.973943e-01,4.247069e-03,6.089912e-03
200,layers.0.v_lut.weights,8.570422e+00,8.320443e+00,9.708324e-01
200,layers.0.v_lut.log_soft_score_temp,6.960374e-01,2.890229e-03,4.152405e-03
200,layers.0.v_lut.log_select_temp,6.959788e-01,2.831638e-03,4.068569e-03
200,layers.0.out_proj.weights,1.380298e+01,1.349824e+01,9.779221e-01
200,layers.0.out_proj.log_soft_score_temp,6.966634e-01,3.516197e-03,5.047197e-03
200,layers.0.out_proj.log_select_temp,6.968264e-01,3.679216e-03,5.279961e-03
200,layers.0.q_norm.weight,8.003802e+00,8.365638e-03,1.045208e-03
200,layers.0.q_norm.bias,6.293552e-03,6.293552e-03,1.000000e+00
200,layers.0.k_norm.weight,8.003491e+00,8.350523e-03,1.043360e-03
200,layers.0.k_norm.bias,6.017232e-03,6.017232e-03,1.000000e+00
200,layers.1.qk_lut.weights,3.531287e+00,3.380683e+00,9.573515e-01
200,layers.1.qk_lut.log_soft_score_temp,6.938300e-01,6.828308e-04,9.841471e-04
200,layers.1.qk_lut.log_select_temp,6.940355e-01,8.882880e-04,1.279889e-03
200,layers.1.v_lut.weights,7.260582e+00,6.966715e+00,9.595257e-01
200,layers.1.v_lut.log_soft_score_temp,6.946050e-01,1.457810e-03,2.098762e-03
200,layers.1.v_lut.log_select_temp,6.945216e-01,1.374424e-03,1.978950e-03
200,layers.1.out_proj.weights,1.307774e+01,1.275887e+01,9.756176e-01
200,layers.1.out_proj.log_soft_score_temp,6.928118e-01,3.353953e-04,4.841074e-04
200,layers.1.out_proj.log_select_temp,6.930966e-01,5.054474e-05,7.292596e-05
200,layers.1.q_norm.weight,8.007616e+00,1.233796e-02,1.540778e-03
200,layers.1.q_norm.bias,8.348510e-03,8.348510e-03,1.000000e+00
200,layers.1.k_norm.weight,8.007513e+00,1.254764e-02,1.566983e-03
200,layers.1.k_norm.bias,1.180723e-02,1.180723e-02,1.000000e+00
200,layers.2.qk_lut.weights,3.535741e+00,3.384572e+00,9.572455e-01
200,layers.2.qk_lut.log_soft_score_temp,6.933606e-01,2.133846e-04,3.077542e-04
200,layers.2.qk_lut.log_select_temp,6.934256e-01,2.784133e-04,4.015042e-04
200,layers.2.v_lut.weights,7.220828e+00,6.924142e+00,9.589124e-01
200,layers.2.v_lut.log_soft_score_temp,6.941148e-01,9.676218e-04,1.394037e-03
200,layers.2.v_lut.log_select_temp,6.939775e-01,8.303523e-04,1.196512e-03
200,layers.2.out_proj.weights,1.311645e+01,1.280060e+01,9.759198e-01
200,layers.2.out_proj.log_soft_score_temp,6.911982e-01,1.948953e-03,2.819673e-03
200,layers.2.out_proj.log_select_temp,6.914863e-01,1.660883e-03,2.401904e-03
200,layers.2.q_norm.weight,8.004725e+00,1.253170e-02,1.565538e-03
200,layers.2.q_norm.bias,9.949115e-03,9.949115e-03,1.000000e+00
200,layers.2.k_norm.weight,8.004094e+00,1.180597e-02,1.474992e-03
200,layers.2.k_norm.bias,1.305983e-02,1.305983e-02,1.000000e+00
200,layers.3.qk_lut.weights,3.490252e+00,3.336671e+00,9.559969e-01
200,layers.3.qk_lut.log_soft_score_temp,6.927263e-01,4.209280e-04,6.076397e-04
200,layers.3.qk_lut.log_select_temp,6.929916e-01,1.555681e-04,2.244877e-04
200,layers.3.v_lut.weights,7.483906e+00,7.197849e+00,9.617770e-01
200,layers.3.v_lut.log_soft_score_temp,6.945022e-01,1.354992e-03,1.951027e-03
200,layers.3.v_lut.log_select_temp,6.943728e-01,1.225591e-03,1.765033e-03
200,layers.3.out_proj.weights,1.307167e+01,1.275316e+01,9.756339e-01
200,layers.3.out_proj.log_soft_score_temp,6.922514e-01,8.957982e-04,1.294036e-03
200,layers.3.out_proj.log_select_temp,6.923907e-01,7.564425e-04,1.092508e-03
200,layers.3.q_norm.weight,8.005246e+00,1.389674e-02,1.735954e-03
200,layers.3.q_norm.bias,1.002618e-02,1.002618e-02,1.000000e+00
200,layers.3.k_norm.weight,8.005179e+00,1.340824e-02,1.674945e-03
200,layers.3.k_norm.bias,1.426911e-02,1.426911e-02,1.000000e+00
200,layers.4.qk_lut.weights,3.554844e+00,3.402154e+00,9.570472e-01
200,layers.4.qk_lut.log_soft_score_temp,6.928054e-01,3.417730e-04,4.933175e-04
200,layers.4.qk_lut.log_select_temp,6.928183e-01,3.288984e-04,4.747254e-04
200,layers.4.v_lut.weights,7.158613e+00,6.858159e+00,9.580290e-01
200,layers.4.v_lut.log_soft_score_temp,6.934216e-01,2.744198e-04,3.957474e-04
200,layers.4.v_lut.log_select_temp,6.934405e-01,2.933145e-04,4.229843e-04
200,layers.4.out_proj.weights,1.447792e+01,1.419020e+01,9.801274e-01
200,layers.4.out_proj.log_soft_score_temp,6.910062e-01,2.140939e-03,3.098292e-03
200,layers.4.out_proj.log_select_temp,6.909934e-01,2.153814e-03,3.116982e-03
200,layers.4.q_norm.weight,7.994943e+00,6.672795e-03,8.346269e-04
200,layers.4.q_norm.bias,3.292081e-03,3.292081e-03,1.000000e+00
200,layers.4.k_norm.weight,7.994962e+00,6.928412e-03,8.665973e-04
200,layers.4.k_norm.bias,3.911871e-03,3.911871e-03,1.000000e+00
200,layers.5.qk_lut.weights,3.437397e+00,3.281027e+00,9.545093e-01
200,layers.5.qk_lut.log_soft_score_temp,6.921335e-01,1.013696e-03,1.464596e-03
200,layers.5.qk_lut.log_select_temp,6.923636e-01,7.836223e-04,1.131807e-03
200,layers.5.v_lut.weights,7.277561e+00,6.982938e+00,9.595163e-01
200,layers.5.v_lut.log_soft_score_temp,6.937357e-01,5.884767e-04,8.482722e-04
200,layers.5.v_lut.log_select_temp,6.937230e-01,5.758405e-04,8.300726e-04
200,layers.5.out_proj.weights,1.603756e+01,1.577733e+01,9.837737e-01
200,layers.5.out_proj.log_soft_score_temp,6.926394e-01,5.078316e-04,7.331833e-04
200,layers.5.out_proj.log_select_temp,6.926536e-01,4.935861e-04,7.126016e-04
200,layers.5.q_norm.weight,8.004721e+00,1.132772e-02,1.415130e-03
200,layers.5.q_norm.bias,7.670863e-03,7.670863e-03,1.000000e+00
200,layers.5.k_norm.weight,8.004352e+00,1.117847e-02,1.396549e-03
200,layers.5.k_norm.bias,1.196524e-02,1.196524e-02,1.000000e+00
200,read_out_lut.weights,1.090797e+01,1.063529e+01,9.750015e-01
200,read_out_lut.log_soft_score_temp,6.948937e-01,1.746535e-03,2.513385e-03
200,read_out_lut.log_select_temp,6.950608e-01,1.913667e-03,2.753236e-03
200,ln_final.weight,1.974479e+01,1.488883e-01,7.540636e-03
200,ln_final.bias,1.434456e-01,1.434456e-01,1.000000e+00
400,tok_emb_E.weight,2.048199e+02,4.728942e+00,2.308829e-02
400,unembedder.weight,1.112700e+02,2.677359e+01,2.406182e-01
400,layers.0.qk_lut.weights,9.354276e+00,7.851417e+00,8.393399e-01
400,layers.0.qk_lut.log_soft_score_temp,7.156435e-01,1.773942e-02,2.478806e-02
400,layers.0.qk_lut.log_select_temp,7.120073e-01,1.461309e-02,2.052379e-02
400,layers.0.v_lut.weights,2.001010e+01,1.606344e+01,8.027666e-01
400,layers.0.v_lut.log_soft_score_temp,7.005623e-01,4.524887e-03,6.458935e-03
400,layers.0.v_lut.log_select_temp,7.001333e-01,4.154503e-03,5.933875e-03
400,layers.0.out_proj.weights,3.319386e+01,2.714471e+01,8.177628e-01
400,layers.0.out_proj.log_soft_score_temp,7.108522e-01,1.418883e-02,1.996030e-02
400,layers.0.out_proj.log_select_temp,7.101277e-01,1.330131e-02,1.873087e-02
400,layers.0.q_norm.weight,8.042981e+00,4.942327e-02,6.144894e-03
400,layers.0.q_norm.bias,4.043259e-02,3.550593e-02,8.781514e-01
400,layers.0.k_norm.weight,8.042328e+00,4.822691e-02,5.996636e-03
400,layers.0.k_norm.bias,3.621977e-02,3.241299e-02,8.948979e-01
400,layers.1.qk_lut.weights,9.380088e+00,8.063151e+00,8.596030e-01
400,layers.1.qk_lut.log_soft_score_temp,6.921334e-01,1.696587e-03,2.451242e-03
400,layers.1.qk_lut.log_select_temp,6.936790e-01,3.564358e-04,5.138339e-04
400,layers.1.v_lut.weights,1.894344e+01,1.652439e+01,8.723013e-01
400,layers.1.v_lut.log_soft_score_temp,7.047688e-01,1.016384e-02,1.442153e-02
400,layers.1.v_lut.log_select_temp,7.042325e-01,9.710848e-03,1.378927e-02
400,layers.1.out_proj.weights,3.012883e+01,2.592972e+01,8.606281e-01
400,layers.1.out_proj.log_soft_score_temp,6.970988e-01,4.287004e-03,6.149780e-03
400,layers.1.out_proj.log_select_temp,6.985102e-01,5.413592e-03,7.750197e-03
400,layers.1.q_norm.weight,8.042456e+00,4.703468e-02,5.848298e-03
400,layers.1.q_norm.bias,3.584070e-02,2.837561e-02,7.917147e-01
400,layers.1.k_norm.weight,8.040733e+00,4.514680e-02,5.614762e-03
400,layers.1.k_norm.bias,5.542511e-02,4.515987e-02,8.147907e-01
400,layers.2.qk_lut.weights,9.330711e+00,8.137721e+00,8.721437e-01
400,layers.2.qk_lut.log_soft_score_temp,6.919357e-01,1.424909e-03,2.059308e-03
400,layers.2.qk_lut.log_select_temp,6.938478e-01,4.222393e-04,6.085474e-04
400,layers.2.v_lut.weights,1.847468e+01,1.617948e+01,8.757652e-01
400,layers.2.v_lut.log_soft_score_temp,7.056413e-01,1.152653e-02,1.633482e-02
400,layers.2.v_lut.log_select_temp,7.048938e-01,1.091629e-02,1.548644e-02
400,layers.2.out_proj.weights,3.180328e+01,2.793546e+01,8.783829e-01
400,layers.2.out_proj.log_soft_score_temp,6.873837e-01,3.814518e-03,5.549329e-03
400,layers.2.out_proj.log_select_temp,6.894886e-01,1.997709e-03,2.897378e-03
400,layers.2.q_norm.weight,8.036505e+00,5.155652e-02,6.415291e-03
400,layers.2.q_norm.bias,4.995347e-02,4.058414e-02,8.124389e-01
400,layers.2.k_norm.weight,8.033948e+00,5.005192e-02,6.230053e-03
400,layers.2.k_norm.bias,7.033098e-02,5.808048e-02,8.258164e-01
400,layers.3.qk_lut.weights,9.437885e+00,8.310534e+00,8.805504e-01
400,layers.3.qk_lut.log_soft_score_temp,6.923747e-01,3.515482e-04,5.077427e-04
400,layers.3.qk_lut.log_select_temp,6.949447e-01,1.953065e-03,2.810390e-03
400,layers.3.v_lut.weights,1.871607e+01,1.645123e+01,8.789893e-01
400,layers.3.v_lut.log_soft_score_temp,7.094906e-01,1.498842e-02,2.112561e-02
400,layers.3.v_lut.log_select_temp,7.086617e-01,1.428896e-02,2.016330e-02
400,layers.3.out_proj.weights,3.131692e+01,2.738049e+01,8.743035e-01
400,layers.3.out_proj.log_soft_score_temp,6.939312e-01,1.679838e-03,2.420755e-03
400,layers.3.out_proj.log_select_temp,6.951050e-01,2.714217e-03,3.904758e-03
400,layers.3.q_norm.weight,8.039673e+00,4.744864e-02,5.901812e-03
400,layers.3.q_norm.bias,3.953103e-02,3.011864e-02,7.618985e-01
400,layers.3.k_norm.weight,8.038855e+00,4.615756e-02,5.741808e-03
400,layers.3.k_norm.bias,6.343311e-02,4.977146e-02,7.846291e-01
400,layers.4.qk_lut.weights,9.453242e+00,8.285446e+00,8.764661e-01
400,layers.4.qk_lut.log_soft_score_temp,6.968731e-01,4.067659e-03,5.837016e-03
400,layers.4.qk_lut.log_select_temp,6.971065e-01,4.288256e-03,6.151508e-03
400,layers.4.v_lut.weights,1.782396e+01,1.558949e+01,8.746367e-01
400,layers.4.v_lut.log_soft_score_temp,6.977306e-01,4.308999e-03,6.175734e-03
400,layers.4.v_lut.log_select_temp,6.972385e-01,3.798008e-03,5.447215e-03
400,layers.4.out_proj.weights,3.566425e+01,3.158664e+01,8.856665e-01
400,layers.4.out_proj.log_soft_score_temp,6.791995e-01,1.180679e-02,1.738339e-02
400,layers.4.out_proj.log_select_temp,6.796997e-01,1.129365e-02,1.661565e-02
400,layers.4.q_norm.weight,7.996767e+00,9.359465e-03,1.170406e-03
400,layers.4.q_norm.bias,1.301968e-02,1.027656e-02,7.893095e-01
400,layers.4.k_norm.weight,7.996281e+00,9.850602e-03,1.231898e-03
400,layers.4.k_norm.bias,2.176865e-02,1.927198e-02,8.853090e-01
400,layers.5.qk_lut.weights,9.459601e+00,8.294209e+00,8.768032e-01
400,layers.5.qk_lut.log_soft_score_temp,6.883681e-01,3.765404e-03,5.470045e-03
400,layers.5.qk_lut.log_select_temp,6.911913e-01,1.172304e-03,1.696063e-03
400,layers.5.v_lut.weights,1.899923e+01,1.663956e+01,8.758017e-01
400,layers.5.v_lut.log_soft_score_temp,6.987518e-01,5.016148e-03,7.178726e-03
400,layers.5.v_lut.log_select_temp,6.985546e-01,4.831553e-03,6.916500e-03
400,layers.5.out_proj.weights,3.394768e+01,2.757629e+01,8.123174e-01
400,layers.5.out_proj.log_soft_score_temp,6.930981e-01,4.587770e-04,6.619221e-04
400,layers.5.out_proj.log_select_temp,6.934103e-01,7.566810e-04,1.091246e-03
400,layers.5.q_norm.weight,8.028251e+00,3.945528e-02,4.914555e-03
400,layers.5.q_norm.bias,2.992298e-02,2.259003e-02,7.549391e-01
400,layers.5.k_norm.weight,8.026741e+00,3.983365e-02,4.962619e-03
400,layers.5.k_norm.bias,4.965508e-02,3.830618e-02,7.714453e-01
400,read_out_lut.weights,2.456044e+01,2.084165e+01,8.485863e-01
400,read_out_lut.log_soft_score_temp,6.993127e-01,4.419029e-03,6.319102e-03
400,read_out_lut.log_select_temp,7.003890e-01,5.328178e-03,7.607456e-03
400,ln_final.weight,2.012393e+01,3.796169e-01,1.886395e-02
400,ln_final.bias,4.638060e-01,3.207530e-01,6.915671e-01
600,tok_emb_E.weight,2.049533e+02,6.988231e+00,3.409669e-02
600,unembedder.weight,1.222645e+02,3.083194e+01,2.521742e-01
600,layers.0.qk_lut.weights,1.742482e+01,1.239540e+01,7.113642e-01
600,layers.0.qk_lut.log_soft_score_temp,7.446181e-01,2.897459e-02,3.891202e-02
600,layers.0.qk_lut.log_select_temp,7.357551e-01,2.374780e-02,3.227677e-02
600,layers.0.v_lut.weights,3.453873e+01,2.467680e+01,7.144676e-01
600,layers.0.v_lut.log_soft_score_temp,7.143533e-01,1.379097e-02,1.930553e-02
600,layers.0.v_lut.log_select_temp,7.120578e-01,1.192445e-02,1.674646e-02
600,layers.0.out_proj.weights,5.721374e+01,4.117178e+01,7.196136e-01
600,layers.0.out_proj.log_soft_score_temp,7.351731e-01,2.432090e-02,3.308187e-02
600,layers.0.out_proj.log_select_temp,7.331463e-01,2.301854e-02,3.139693e-02
600,layers.0.q_norm.weight,8.133744e+00,1.131053e-01,1.390569e-02
600,layers.0.q_norm.bias,1.184546e-01,8.067117e-02,6.810304e-01
600,layers.0.k_norm.weight,8.133129e+00,1.112729e-01,1.368144e-02
600,layers.0.k_norm.bias,1.146745e-01,8.037680e-02,7.009124e-01
600,layers.1.qk_lut.weights,1.725780e+01,1.273136e+01,7.377164e-01
600,layers.1.qk_lut.log_soft_score_temp,6.857548e-01,6.378591e-03,9.301562e-03
600,layers.1.qk_lut.log_select_temp,6.918441e-01,1.834929e-03,2.652229e-03
600,layers.1.v_lut.weights,3.487118e+01,2.645709e+01,7.587094e-01
600,layers.1.v_lut.log_soft_score_temp,7.283961e-01,2.362722e-02,3.243733e-02
600,layers.1.v_lut.log_select_temp,7.273771e-01,2.314466e-02,3.181934e-02
600,layers.1.out_proj.weights,5.320752e+01,4.109486e+01,7.723505e-01
600,layers.1.out_proj.log_soft_score_temp,7.080957e-01,1.099688e-02,1.553022e-02
600,layers.1.out_proj.log_select_temp,7.131081e-01,1.459789e-02,2.047080e-02
600,layers.1.q_norm.weight,8.112883e+00,9.112374e-02,1.123198e-02
600,layers.1.q_norm.bias,8.541717e-02,5.035497e-02,5.895181e-01
600,layers.1.k_norm.weight,8.107226e+00,8.630385e-02,1.064530e-02
600,layers.1.k_norm.bias,1.331314e-01,8.011782e-02,6.017949e-01
600,layers.2.qk_lut.weights,1.712145e+01,1.289813e+01,7.533316e-01
600,layers.2.qk_lut.log_soft_score_temp,6.884953e-01,3.440320e-03,4.996868e-03
600,layers.2.qk_lut.log_select_temp,6.952481e-01,1.400292e-03,2.014089e-03
600,layers.2.v_lut.weights,3.392174e+01,2.606944e+01,7.685172e-01
600,layers.2.v_lut.log_soft_score_temp,7.314084e-01,2.576709e-02,3.522941e-02
600,layers.2.v_lut.log_select_temp,7.298588e-01,2.496499e-02,3.420523e-02
600,layers.2.out_proj.weights,5.699640e+01,4.497776e+01,7.891334e-01
600,layers.2.out_proj.log_soft_score_temp,6.775633e-01,9.820461e-03,1.449379e-02
600,layers.2.out_proj.log_select_temp,6.851670e-01,4.321635e-03,6.307419e-03
600,layers.2.q_norm.weight,8.092110e+00,8.232333e-02,1.017328e-02
600,layers.2.q_norm.bias,1.094232e-01,5.994126e-02,5.477929e-01
600,layers.2.k_norm.weight,8.086120e+00,8.076213e-02,9.987748e-03
600,layers.2.k_norm.bias,1.552340e-01,8.592061e-02,5.534910e-01
600,layers.3.qk_lut.weights,1.731513e+01,1.313622e+01,7.586554e-01
600,layers.3.qk_lut.log_soft_score_temp,6.892673e-01,3.107429e-03,4.508307e-03
600,layers.3.qk_lut.log_select_temp,7.000752e-01,5.130529e-03,7.328540e-03
600,layers.3.v_lut.weights,3.413305e+01,2.624814e+01,7.689948e-01
600,layers.3.v_lut.log_soft_score_temp,7.390113e-01,2.952069e-02,3.994620e-02
600,layers.3.v_lut.log_select_temp,7.385453e-01,2.988356e-02,4.046274e-02
600,layers.3.out_proj.weights,5.719369e+01,4.524881e+01,7.911504e-01
600,layers.3.out_proj.log_soft_score_temp,6.963885e-01,2.457321e-03,3.528663e-03
600,layers.3.out_proj.log_select_temp,7.014374e-01,6.332397e-03,9.027745e-03
600,layers.3.q_norm.weight,8.112278e+00,8.534510e-02,1.052048e-02
600,layers.3.q_norm.bias,8.545283e-02,4.660863e-02,5.454311e-01
600,layers.3.k_norm.weight,8.108532e+00,8.300710e-02,1.023701e-02
600,layers.3.k_norm.bias,1.441083e-01,8.213974e-02,5.699862e-01
600,layers.4.qk_lut.weights,1.732911e+01,1.325501e+01,7.648985e-01
600,layers.4.qk_lut.log_soft_score_temp,7.068520e-01,9.978950e-03,1.411745e-02
600,layers.4.qk_lut.log_select_temp,7.091153e-01,1.200873e-02,1.693480e-02
600,layers.4.v_lut.weights,3.314171e+01,2.585348e+01,7.800889e-01
600,layers.4.v_lut.log_soft_score_temp,7.156180e-01,1.788735e-02,2.499568e-02
600,layers.4.v_lut.log_select_temp,7.145765e-01,1.733798e-02,2.426329e-02
600,layers.4.out_proj.weights,6.711682e+01,5.458005e+01,8.132097e-01
600,layers.4.out_proj.log_soft_score_temp,6.526971e-01,2.650231e-02,4.060430e-02
600,layers.4.out_proj.log_select_temp,6.552737e-01,2.442598e-02,3.727600e-02
600,layers.4.q_norm.weight,8.016599e+00,3.063040e-02,3.820872e-03
600,layers.4.q_norm.bias,3.029529e-02,1.929549e-02,6.369138e-01
600,layers.4.k_norm.weight,8.015057e+00,2.969878e-02,3.705374e-03
600,layers.4.k_norm.bias,5.733879e-02,3.710317e-02,6.470867e-01
600,layers.5.qk_lut.weights,1.732766e+01,1.317330e+01,7.602467e-01
600,layers.5.qk_lut.log_soft_score_temp,6.802374e-01,8.130670e-03,1.195269e-02
600,layers.5.qk_lut.log_select_temp,6.912785e-01,8.720160e-05,1.261454e-04
600,layers.5.v_lut.weights,3.481412e+01,2.657664e+01,7.633868e-01
600,layers.5.v_lut.log_soft_score_temp,7.194624e-01,2.071059e-02,2.878620e-02
600,layers.5.v_lut.log_select_temp,7.188917e-01,2.033710e-02,2.828953e-02
600,layers.5.out_proj.weights,5.710956e+01,4.334745e+01,7.590226e-01
600,layers.5.out_proj.log_soft_score_temp,6.982014e-01,5.103290e-03,7.309195e-03
600,layers.5.out_proj.log_select_temp,7.005232e-01,7.112920e-03,1.015373e-02
600,layers.5.q_norm.weight,8.091681e+00,8.118964e-02,1.003372e-02
600,layers.5.q_norm.bias,7.051758e-02,4.141097e-02,5.872432e-01
600,layers.5.k_norm.weight,8.088249e+00,7.917098e-02,9.788395e-03
600,layers.5.k_norm.bias,1.182711e-01,7.014614e-02,5.930964e-01
600,read_out_lut.weights,4.386391e+01,3.266336e+01,7.446523e-01
600,read_out_lut.log_soft_score_temp,7.037227e-01,4.409909e-03,6.266544e-03
600,read_out_lut.log_select_temp,7.088743e-01,8.485258e-03,1.197005e-02
600,ln_final.weight,2.069979e+01,5.775148e-01,2.789954e-02
600,ln_final.bias,7.587121e-01,2.960931e-01,3.902575e-01
800,tok_emb_E.weight,2.052035e+02,8.984939e+00,4.378550e-02
800,unembedder.weight,1.357660e+02,3.214669e+01,2.367801e-01
800,layers.0.qk_lut.weights,2.702888e+01,1.703886e+01,6.303945e-01
800,layers.0.qk_lut.log_soft_score_temp,7.806757e-01,3.605765e-02,4.618775e-02
800,layers.0.qk_lut.log_select_temp,7.659990e-01,3.024387e-02,3.948291e-02
800,layers.0.v_lut.weights,5.274872e+01,3.433163e+01,6.508524e-01
800,layers.0.v_lut.log_soft_score_temp,7.461247e-01,3.177142e-02,4.258192e-02
800,layers.0.v_lut.log_select_temp,7.413200e-01,2.926224e-02,3.947316e-02
800,layers.0.out_proj.weights,8.612865e+01,5.665767e+01,6.578260e-01
800,layers.0.out_proj.log_soft_score_temp,7.720065e-01,3.683341e-02,4.771126e-02
800,layers.0.out_proj.log_select_temp,7.699625e-01,3.681624e-02,4.781563e-02
800,layers.0.q_norm.weight,8.244888e+00,1.369511e-01,1.661042e-02
800,layers.0.q_norm.bias,2.170836e-01,1.005568e-01,4.632168e-01
800,layers.0.k_norm.weight,8.243386e+00,1.349750e-01,1.637373e-02
800,layers.0.k_norm.bias,2.132450e-01,9.990083e-02,4.684790e-01
800,layers.1.qk_lut.weights,2.662491e+01,1.734331e+01,6.513941e-01
800,layers.1.qk_lut.log_soft_score_temp,6.764638e-01,9.291053e-03,1.373474e-02
800,layers.1.qk_lut.log_select_temp,6.906294e-01,1.214743e-03,1.758892e-03
800,layers.1.v_lut.weights,5.385694e+01,3.656896e+01,6.790018e-01
800,layers.1.v_lut.log_soft_score_temp,7.651629e-01,3.676689e-02,4.805105e-02
800,layers.1.v_lut.log_select_temp,7.644479e-01,3.707075e-02,4.849350e-02
800,layers.1.out_proj.weights,8.113495e+01,5.666451e+01,6.983983e-01
800,layers.1.out_proj.log_soft_score_temp,7.115232e-01,3.427565e-03,4.817222e-03
800,layers.1.out_proj.log_select_temp,7.326144e-01,1.950628e-02,2.662557e-02
800,layers.1.q_norm.weight,8.208633e+00,1.228095e-01,1.496102e-02
800,layers.1.q_norm.bias,1.530448e-01,6.855792e-02,4.479598e-01
800,layers.1.k_norm.weight,8.196229e+00,1.139886e-01,1.390744e-02
800,layers.1.k_norm.bias,2.372939e-01,1.071001e-01,4.513395e-01
800,layers.2.qk_lut.weights,2.654360e+01,1.776210e+01,6.691669e-01
800,layers.2.qk_lut.log_soft_score_temp,6.822228e-01,6.272495e-03,9.194202e-03
800,layers.2.qk_lut.log_select_temp,6.980094e-01,2.761304e-03,3.955970e-03
800,layers.2.v_lut.weights,5.264774e+01,3.640358e+01,6.914556e-01
800,layers.2.v_lut.log_soft_score_temp,7.682813e-01,3.687292e-02,4.799404e-02
800,layers.2.v_lut.log_select_temp,7.661946e-01,3.633583e-02,4.742375e-02
800,layers.2.out_proj.weights,8.694966e+01,6.169416e+01,7.095389e-01
800,layers.2.out_proj.log_soft_score_temp,6.500979e-01,2.746534e-02,4.224801e-02
800,layers.2.out_proj.log_select_temp,6.707932e-01,1.437378e-02,2.142803e-02
800,layers.2.q_norm.weight,8.163424e+00,9.819544e-02,1.202871e-02
800,layers.2.q_norm.bias,1.770673e-01,6.834532e-02,3.859850e-01
800,layers.2.k_norm.weight,8.153474e+00,9.710030e-02,1.190907e-02
800,layers.2.k_norm.bias,2.527757e-01,1.003363e-01,3.969381e-01
800,layers.3.qk_lut.weights,2.678054e+01,1.801969e+01,6.728650e-01
800,layers.3.qk_lut.log_soft_score_temp,6.777799e-01,1.148736e-02,1.694852e-02
800,layers.3.qk_lut.log_select_temp,7.053496e-01,5.274415e-03,7.477731e-03
800,layers.3.v_lut.weights,5.296410e+01,3.652938e+01,6.897007e-01
800,layers.3.v_lut.log_soft_score_temp,7.790322e-01,4.002094e-02,5.137264e-02
800,layers.3.v_lut.log_select_temp,7.801267e-01,4.158139e-02,5.330082e-02
800,layers.3.out_proj.weights,8.744917e+01,6.206080e+01,7.096786e-01
800,layers.3.out_proj.log_soft_score_temp,6.962016e-01,1.869202e-04,2.684857e-04
800,layers.3.out_proj.log_select_temp,7.140030e-01,1.256561e-02,1.759882e-02
800,layers.3.q_norm.weight,8.216751e+00,1.188678e-01,1.446652e-02
800,layers.3.q_norm.bias,1.459176e-01,6.257260e-02,4.288214e-01
800,layers.3.k_norm.weight,8.206038e+00,1.124865e-01,1.370777e-02
800,layers.3.k_norm.bias,2.485131e-01,1.080918e-01,4.349540e-01
800,layers.4.qk_lut.weights,2.697374e+01,1.851645e+01,6.864622e-01
800,layers.4.qk_lut.log_soft_score_temp,7.129942e-01,6.142199e-03,8.614655e-03
800,layers.4.qk_lut.log_select_temp,7.237260e-01,1.461071e-02,2.018818e-02
800,layers.4.v_lut.weights,5.209341e+01,3.696097e+01,7.095134e-01
800,layers.4.v_lut.log_soft_score_temp,7.458661e-01,3.024811e-02,4.055434e-02
800,layers.4.v_lut.log_select_temp,7.439895e-01,2.941298e-02,3.953414e-02
800,layers.4.out_proj.weights,1.119618e+02,8.302041e+01,7.415068e-01
800,layers.4.out_proj.log_soft_score_temp,6.069526e-01,4.574454e-02,7.536756e-02
800,layers.4.out_proj.log_select_temp,6.120180e-01,4.325569e-02,7.067714e-02
800,layers.4.q_norm.weight,8.052794e+00,5.061455e-02,6.285341e-03
800,layers.4.q_norm.bias,5.561825e-02,2.708948e-02,4.870610e-01
800,layers.4.k_norm.weight,8.049672e+00,5.086353e-02,6.318709e-03
800,layers.4.k_norm.bias,1.053736e-01,4.989378e-02,4.734942e-01
800,layers.5.qk_lut.weights,2.692169e+01,1.824275e+01,6.776227e-01
800,layers.5.qk_lut.log_soft_score_temp,6.655630e-01,1.467443e-02,2.204814e-02
800,layers.5.qk_lut.log_select_temp,6.907574e-01,5.210638e-04,7.543369e-04
800,layers.5.v_lut.weights,5.401882e+01,3.704888e+01,6.858513e-01
800,layers.5.v_lut.log_soft_score_temp,7.557169e-01,3.625453e-02,4.797368e-02
800,layers.5.v_lut.log_select_temp,7.568561e-01,3.796446e-02,5.016074e-02
800,layers.5.out_proj.weights,8.533212e+01,5.896060e+01,6.909544e-01
800,layers.5.out_proj.log_soft_score_temp,7.077872e-01,9.585798e-03,1.354333e-02
800,layers.5.out_proj.log_select_temp,7.169650e-01,1.644182e-02,2.293253e-02
800,layers.5.q_norm.weight,8.189441e+00,1.179830e-01,1.440673e-02
800,layers.5.q_norm.bias,1.258878e-01,5.598723e-02,4.447390e-01
800,layers.5.k_norm.weight,8.179989e+00,1.107557e-01,1.353984e-02
800,layers.5.k_norm.bias,2.102862e-01,9.421270e-02,4.480212e-01
800,read_out_lut.weights,6.711140e+01,4.416112e+01,6.580271e-01
800,read_out_lut.log_soft_score_temp,7.005280e-01,3.194690e-03,4.560403e-03
800,read_out_lut.log_select_temp,7.182131e-01,9.338796e-03,1.300282e-02
800,ln_final.weight,2.140872e+01,7.121344e-01,3.326375e-02
800,ln_final.bias,9.412678e-01,1.867544e-01,1.984073e-01
1000,tok_emb_E.weight,2.055270e+02,9.963755e+00,4.847905e-02
1000,unembedder.weight,1.487417e+02,3.057831e+01,2.055799e-01
1000,layers.0.qk_lut.weights,3.590205e+01,1.913021e+01,5.328445e-01
1000,layers.0.qk_lut.log_soft_score_temp,8.161848e-01,3.550911e-02,4.350621e-02
1000,layers.0.qk_lut.log_select_temp,7.960552e-01,3.005618e-02,3.775640e-02
1000,layers.0.v_lut.weights,7.018861e+01,3.958320e+01,5.639548e-01
1000,layers.0.v_lut.log_soft_score_temp,7.771274e-01,3.100270e-02,3.989397e-02
1000,layers.0.v_lut.log_select_temp,7.709276e-01,2.960759e-02,3.840515e-02
1000,layers.0.out_proj.weights,1.129628e+02,6.353388e+01,5.624321e-01
1000,layers.0.out_proj.log_soft_score_temp,8.079939e-01,3.598744e-02,4.453924e-02
1000,layers.0.out_proj.log_select_temp,8.086673e-01,3.870481e-02,4.786247e-02
1000,layers.0.q_norm.weight,8.342700e+00,1.275703e-01,1.529125e-02
1000,layers.0.q_norm.bias,3.105089e-01,9.538379e-02,3.071853e-01
1000,layers.0.k_norm.weight,8.339575e+00,1.249485e-01,1.498260e-02
1000,layers.0.k_norm.bias,3.078200e-01,9.697199e-02,3.150282e-01
1000,layers.1.qk_lut.weights,3.536741e+01,1.942993e+01,5.493737e-01
1000,layers.1.qk_lut.log_soft_score_temp,6.634492e-01,1.301461e-02,1.961660e-02
1000,layers.1.qk_lut.log_select_temp,6.878327e-01,2.796650e-03,4.065887e-03
1000,layers.1.v_lut.weights,7.148116e+01,4.147844e+01,5.802709e-01
1000,layers.1.v_lut.log_soft_score_temp,8.056141e-01,4.045111e-02,5.021152e-02
1000,layers.1.v_lut.log_select_temp,8.066124e-01,4.216450e-02,5.227357e-02
1000,layers.1.out_proj.weights,1.070608e+02,6.389110e+01,5.967738e-01
1000,layers.1.out_proj.log_soft_score_temp,6.918252e-01,1.969802e-02,2.847254e-02
1000,layers.1.out_proj.log_select_temp,7.447053e-01,1.209092e-02,1.623585e-02
1000,layers.1.q_norm.weight,8.291275e+00,1.096876e-01,1.322928e-02
1000,layers.1.q_norm.bias,2.160239e-01,6.396186e-02,2.960869e-01
1000,layers.1.k_norm.weight,8.270252e+00,9.817204e-02,1.187050e-02
1000,layers.1.k_norm.bias,3.342012e-01,1.026776e-01,3.072330e-01
1000,layers.2.qk_lut.weights,3.535706e+01,2.003779e+01,5.667267e-01
1000,layers.2.qk_lut.log_soft_score_temp,6.702620e-01,1.196080e-02,1.784497e-02
1000,layers.2.qk_lut.log_select_temp,6.987628e-01,7.533431e-04,1.078110e-03
1000,layers.2.v_lut.weights,7.016491e+01,4.132747e+01,5.890048e-01
1000,layers.2.v_lut.log_soft_score_temp,8.063607e-01,3.807938e-02,4.722375e-02
1000,layers.2.v_lut.log_select_temp,8.052755e-01,3.908086e-02,4.853104e-02
1000,layers.2.out_proj.weights,1.143361e+02,6.843871e+01,5.985746e-01
1000,layers.2.out_proj.log_soft_score_temp,6.129991e-01,3.709877e-02,6.052009e-02
1000,layers.2.out_proj.log_select_temp,6.509569e-01,1.983625e-02,3.047244e-02
1000,layers.2.q_norm.weight,8.228666e+00,8.801947e-02,1.069669e-02
1000,layers.2.q_norm.bias,2.341801e-01,5.798623e-02,2.476138e-01
1000,layers.2.k_norm.weight,8.215683e+00,8.561345e-02,1.042073e-02
1000,layers.2.k_norm.bias,3.412658e-01,9.085065e-02,2.662167e-01
1000,layers.3.qk_lut.weights,3.565602e+01,2.030773e+01,5.695456e-01
1000,layers.3.qk_lut.log_soft_score_temp,6.602480e-01,1.753193e-02,2.655356e-02
1000,layers.3.qk_lut.log_select_temp,7.095529e-01,4.203320e-03,5.923898e-03
1000,layers.3.v_lut.weights,7.052092e+01,4.135310e+01,5.863948e-01
1000,layers.3.v_lut.log_soft_score_temp,8.215432e-01,4.251099e-02,5.174528e-02
1000,layers.3.v_lut.log_select_temp,8.255042e-01,4.537749e-02,5.496943e-02
1000,layers.3.out_proj.weights,1.174878e+02,7.145644e+01,6.082032e-01
1000,layers.3.out_proj.log_soft_score_temp,6.831764e-01,1.302522e-02,1.906568e-02
1000,layers.3.out_proj.log_select_temp,7.234268e-01,9.423852e-03,1.302668e-02
1000,layers.3.q_norm.weight,8.324762e+00,1.196936e-01,1.437802e-02
1000,layers.3.q_norm.bias,2.019478e-01,5.830259e-02,2.887012e-01
1000,layers.3.k_norm.weight,8.308043e+00,1.139117e-01,1.371102e-02
1000,layers.3.k_norm.bias,3.480183e-01,1.047436e-01,3.009714e-01
1000,layers.4.qk_lut.weights,3.587095e+01,2.077602e+01,5.791880e-01
1000,layers.4.qk_lut.log_soft_score_temp,7.163356e-01,3.341377e-03,4.664541e-03
1000,layers.4.qk_lut.log_select_temp,7.385525e-01,1.482648e-02,2.007505e-02
1000,layers.4.v_lut.weights,6.966435e+01,4.224305e+01,6.063797e-01
1000,layers.4.v_lut.log_soft_score_temp,7.785739e-01,3.270787e-02,4.200997e-02
1000,layers.4.v_lut.log_select_temp,7.759317e-01,3.194219e-02,4.116624e-02
1000,layers.4.out_proj.weights,1.557595e+02,9.564856e+01,6.140785e-01
1000,layers.4.out_proj.log_soft_score_temp,5.532640e-01,5.368865e-02,9.703984e-02
1000,layers.4.out_proj.log_select_temp,5.620466e-01,4.997146e-02,8.890982e-02
1000,layers.4.q_norm.weight,8.096094e+00,5.925133e-02,7.318508e-03
1000,layers.4.q_norm.bias,8.480151e-02,3.067856e-02,3.617691e-01
1000,layers.4.k_norm.weight,8.091495e+00,5.991781e-02,7.405036e-03
1000,layers.4.k_norm.bias,1.509255e-01,4.888497e-02,3.239014e-01
1000,layers.5.qk_lut.weights,3.580381e+01,2.053360e+01,5.735034e-01
1000,layers.5.qk_lut.log_soft_score_temp,6.447272e-01,2.083582e-02,3.231726e-02
1000,layers.5.qk_lut.log_select_temp,6.898983e-01,8.590817e-04,1.245230e-03
1000,layers.5.v_lut.weights,7.195709e+01,4.200562e+01,5.837593e-01
1000,layers.5.v_lut.log_soft_score_temp,7.995402e-01,4.382330e-02,5.481063e-02
1000,layers.5.v_lut.log_select_temp,8.036340e-01,4.677790e-02,5.820797e-02
1000,layers.5.out_proj.weights,1.120924e+02,6.640723e+01,5.924331e-01
1000,layers.5.out_proj.log_soft_score_temp,7.137290e-01,5.941749e-03,8.324937e-03
1000,layers.5.out_proj.log_select_temp,7.383024e-01,2.133739e-02,2.890061e-02
1000,layers.5.q_norm.weight,8.292442e+00,1.176659e-01,1.418954e-02
1000,layers.5.q_norm.bias,1.742605e-01,4.953558e-02,2.842616e-01
1000,layers.5.k_norm.weight,8.277159e+00,1.122264e-01,1.355857e-02
1000,layers.5.k_norm.bias,2.931690e-01,8.568490e-02,2.922713e-01
1000,read_out_lut.weights,8.866148e+01,4.886940e+01,5.511909e-01
1000,read_out_lut.log_soft_score_temp,6.864567e-01,1.407129e-02,2.049843e-02
1000,read_out_lut.log_select_temp,7.242569e-01,6.043851e-03,8.344900e-03
1000,ln_final.weight,2.216103e+01,7.564308e-01,3.413338e-02
1000,ln_final.bias,1.045881e+00,1.165793e-01,1.114652e-01
1200,tok_emb_E.weight,2.058486e+02,9.815432e+00,4.768277e-02
1200,unembedder.weight,1.592329e+02,2.722052e+01,1.709478e-01
1200,layers.0.qk_lut.weights,4.292648e+01,1.902988e+01,4.433133e-01
1200,layers.0.qk_lut.log_soft_score_temp,8.391291e-01,2.294427e-02,2.734296e-02
1200,layers.0.qk_lut.log_select_temp,8.168209e-01,2.076566e-02,2.542254e-02
1200,layers.0.v_lut.weights,8.387321e+01,3.988621e+01,4.755536e-01
1200,layers.0.v_lut.log_soft_score_temp,8.057358e-01,2.860838e-02,3.550591e-02
1200,layers.0.v_lut.log_select_temp,8.001931e-01,2.926546e-02,3.657300e-02
1200,layers.0.out_proj.weights,1.344013e+02,6.263352e+01,4.660186e-01
1200,layers.0.out_proj.log_soft_score_temp,8.328381e-01,2.484417e-02,2.983073e-02
1200,layers.0.out_proj.log_select_temp,8.424289e-01,3.376162e-02,4.007652e-02
1200,layers.0.q_norm.weight,8.411287e+00,8.888245e-02,1.056704e-02
1200,layers.0.q_norm.bias,3.758665e-01,6.656007e-02,1.770843e-01
1200,layers.0.k_norm.weight,8.405996e+00,8.508939e-02,1.012246e-02
1200,layers.0.k_norm.bias,3.709471e-01,6.499834e-02,1.752227e-01
1200,layers.1.qk_lut.weights,4.230268e+01,1.920029e+01,4.538788e-01
1200,layers.1.qk_lut.log_soft_score_temp,6.486616e-01,1.478755e-02,2.279702e-02
1200,layers.1.qk_lut.log_select_temp,6.844758e-01,3.356874e-03,4.904299e-03
1200,layers.1.v_lut.weights,8.541515e+01,4.138948e+01,4.845683e-01
1200,layers.1.v_lut.log_soft_score_temp,8.412862e-01,3.567213e-02,4.240189e-02
1200,layers.1.v_lut.log_select_temp,8.468445e-01,4.023212e-02,4.750828e-02
1200,layers.1.out_proj.weights,1.273111e+02,6.261974e+01,4.918640e-01
1200,layers.1.out_proj.log_soft_score_temp,6.583453e-01,3.347987e-02,5.085457e-02
1200,layers.1.out_proj.log_select_temp,7.474952e-01,2.789855e-03,3.732272e-03
1200,layers.1.q_norm.weight,8.354467e+00,8.313735e-02,9.951245e-03
1200,layers.1.q_norm.bias,2.667078e-01,5.141354e-02,1.927710e-01
1200,layers.1.k_norm.weight,8.327989e+00,7.566185e-02,9.085248e-03
1200,layers.1.k_norm.bias,4.184594e-01,8.793943e-02,2.101504e-01
1200,layers.2.qk_lut.weights,4.237967e+01,1.979198e+01,4.670159e-01
1200,layers.2.qk_lut.log_soft_score_temp,6.582147e-01,1.204735e-02,1.830307e-02
1200,layers.2.qk_lut.log_select_temp,7.005308e-01,1.768053e-03,2.523875e-03
1200,layers.2.v_lut.weights,8.397204e+01,4.104272e+01,4.887665e-01
1200,layers.2.v_lut.log_soft_score_temp,8.402660e-01,3.390533e-02,4.035070e-02
1200,layers.2.v_lut.log_select_temp,8.425739e-01,3.729844e-02,4.426726e-02
1200,layers.2.out_proj.weights,1.346687e+02,6.559783e+01,4.871053e-01
1200,layers.2.out_proj.log_soft_score_temp,5.719975e-01,4.100162e-02,7.168146e-02
1200,layers.2.out_proj.log_select_temp,6.273822e-01,2.357477e-02,3.757641e-02
1200,layers.2.q_norm.weight,8.283052e+00,6.567555e-02,7.928907e-03
1200,layers.2.q_norm.bias,2.711930e-01,3.840297e-02,1.416075e-01
1200,layers.2.k_norm.weight,8.268223e+00,6.473885e-02,7.829839e-03
1200,layers.2.k_norm.bias,4.040386e-01,6.765462e-02,1.674459e-01
1200,layers.3.qk_lut.weights,4.266898e+01,2.015190e+01,4.722845e-01
1200,layers.3.qk_lut.log_soft_score_temp,6.397360e-01,2.051198e-02,3.206320e-02
1200,layers.3.qk_lut.log_select_temp,7.126392e-01,3.086209e-03,4.330676e-03
1200,layers.3.v_lut.weights,8.447291e+01,4.106269e+01,4.861049e-01
1200,layers.3.v_lut.log_soft_score_temp,8.590590e-01,3.751576e-02,4.367076e-02
1200,layers.3.v_lut.log_select_temp,8.686600e-01,4.315585e-02,4.968094e-02
1200,layers.3.out_proj.weights,1.406313e+02,7.093443e+01,5.043999e-01
1200,layers.3.out_proj.log_soft_score_temp,6.605454e-01,2.263099e-02,3.426107e-02
1200,layers.3.out_proj.log_select_temp,7.312484e-01,7.821560e-03,1.069617e-02
1200,layers.3.q_norm.weight,8.423983e+00,1.041271e-01,1.236080e-02
1200,layers.3.q_norm.bias,2.494062e-01,4.899628e-02,1.964517e-01
1200,layers.3.k_norm.weight,8.402215e+00,1.002821e-01,1.193520e-02
1200,layers.3.k_norm.bias,4.338169e-01,9.008645e-02,2.076601e-01
1200,layers.4.qk_lut.weights,4.284507e+01,2.059349e+01,4.806503e-01
1200,layers.4.qk_lut.log_soft_score_temp,7.097179e-01,6.617725e-03,9.324445e-03
1200,layers.4.qk_lut.log_select_temp,7.489826e-01,1.043016e-02,1.392577e-02
1200,layers.4.v_lut.weights,8.324381e+01,4.194317e+01,5.038593e-01
1200,layers.4.v_lut.log_soft_score_temp,8.073934e-01,2.881944e-02,3.569442e-02
1200,layers.4.v_lut.log_select_temp,8.047408e-01,2.880913e-02,3.579927e-02
1200,layers.4.out_proj.weights,1.909000e+02,9.233852e+01,4.837010e-01
1200,layers.4.out_proj.log_soft_score_temp,4.987294e-01,5.453455e-02,1.093470e-01
1200,layers.4.out_proj.log_select_temp,5.113298e-01,5.071682e-02,9.918612e-02
1200,layers.4.q_norm.weight,8.143343e+00,6.213927e-02,7.630683e-03
1200,layers.4.q_norm.bias,1.052643e-01,2.567153e-02,2.438770e-01
1200,layers.4.k_norm.weight,8.137511e+00,6.233218e-02,7.659858e-03
1200,layers.4.k_norm.bias,1.918912e-01,4.794458e-02,2.498529e-01
1200,layers.5.qk_lut.weights,4.287771e+01,2.038183e+01,4.753478e-01
1200,layers.5.qk_lut.log_soft_score_temp,6.184052e-01,2.632201e-02,4.256434e-02
1200,layers.5.qk_lut.log_select_temp,6.839940e-01,5.904317e-03,8.632118e-03
1200,layers.5.v_lut.weights,8.609393e+01,4.186381e+01,4.862574e-01
1200,layers.5.v_lut.log_soft_score_temp,8.409507e-01,4.141045e-02,4.924242e-02
1200,layers.5.v_lut.log_select_temp,8.514726e-01,4.783857e-02,5.618333e-02
1200,layers.5.out_proj.weights,1.328502e+02,6.460491e+01,4.862988e-01
1200,layers.5.out_proj.log_soft_score_temp,7.070545e-01,6.674469e-03,9.439822e-03
1200,layers.5.out_proj.log_select_temp,7.587109e-01,2.040845e-02,2.689885e-02
1200,layers.5.q_norm.weight,8.381804e+00,9.958951e-02,1.188163e-02
1200,layers.5.q_norm.bias,2.110697e-01,3.845117e-02,1.821728e-01
1200,layers.5.k_norm.weight,8.362225e+00,9.680407e-02,1.157635e-02
1200,layers.5.k_norm.bias,3.633752e-01,7.403237e-02,2.037353e-01
1200,read_out_lut.weights,1.057026e+02,4.773772e+01,4.516231e-01
1200,read_out_lut.log_soft_score_temp,6.615068e-01,2.494985e-02,3.771669e-02
1200,read_out_lut.log_select_temp,7.263457e-01,2.088726e-03,2.875663e-03
1200,ln_final.weight,2.291449e+01,7.569065e-01,3.303179e-02
1200,ln_final.bias,1.116905e+00,9.265810e-02,8.295967e-02
1400,tok_emb_E.weight,2.061653e+02,9.731506e+00,4.720244e-02
1400,unembedder.weight,1.676490e+02,2.443912e+01,1.457755e-01
1400,layers.0.qk_lut.weights,4.881388e+01,1.885706e+01,3.863052e-01
1400,layers.0.qk_lut.log_soft_score_temp,8.539962e-01,1.486707e-02,1.740882e-02
1400,layers.0.qk_lut.log_select_temp,8.323577e-01,1.553684e-02,1.866607e-02
1400,layers.0.v_lut.weights,9.558371e+01,4.019302e+01,4.205008e-01
1400,layers.0.v_lut.log_soft_score_temp,8.278766e-01,2.214080e-02,2.674408e-02
1400,layers.0.v_lut.log_select_temp,8.256009e-01,2.540779e-02,3.077491e-02
1400,layers.0.out_proj.weights,1.521347e+02,6.149693e+01,4.042268e-01
1400,layers.0.out_proj.log_soft_score_temp,8.378245e-01,4.986346e-03,5.951540e-03
1400,layers.0.out_proj.log_select_temp,8.695081e-01,2.707916e-02,3.114309e-02
1400,layers.0.q_norm.weight,8.466319e+00,7.304727e-02,8.627984e-03
1400,layers.0.q_norm.bias,4.309703e-01,5.612032e-02,1.302185e-01
1400,layers.0.k_norm.weight,8.459782e+00,7.048376e-02,8.331629e-03
1400,layers.0.k_norm.bias,4.238518e-01,5.510803e-02,1.300172e-01
1400,layers.1.qk_lut.weights,4.823597e+01,1.922341e+01,3.985285e-01
1400,layers.1.qk_lut.log_soft_score_temp,6.362392e-01,1.242244e-02,1.952480e-02
1400,layers.1.qk_lut.log_select_temp,6.840627e-01,4.131198e-04,6.039209e-04
1400,layers.1.v_lut.weights,9.725053e+01,4.137577e+01,4.254555e-01
1400,layers.1.v_lut.log_soft_score_temp,8.698930e-01,2.860677e-02,3.288539e-02
1400,layers.1.v_lut.log_select_temp,8.834767e-01,3.663218e-02,4.146366e-02
1400,layers.1.out_proj.weights,1.440684e+02,6.139711e+01,4.261663e-01
1400,layers.1.out_proj.log_soft_score_temp,6.170714e-01,4.127389e-02,6.688673e-02
1400,layers.1.out_proj.log_select_temp,7.385977e-01,8.897483e-03,1.204645e-02
1400,layers.1.q_norm.weight,8.407135e+00,6.810144e-02,8.100434e-03
1400,layers.1.q_norm.bias,3.062064e-01,4.111166e-02,1.342613e-01
1400,layers.1.k_norm.weight,8.376053e+00,6.211858e-02,7.416212e-03
1400,layers.1.k_norm.bias,4.870599e-01,7.475422e-02,1.534805e-01
1400,layers.2.qk_lut.weights,4.832139e+01,1.959996e+01,4.056167e-01
1400,layers.2.qk_lut.log_soft_score_temp,6.410424e-01,1.717234e-02,2.678815e-02
1400,layers.2.qk_lut.log_select_temp,6.994290e-01,1.101851e-03,1.575359e-03
1400,layers.2.v_lut.weights,9.565908e+01,4.090421e+01,4.276040e-01
1400,layers.2.v_lut.log_soft_score_temp,8.695086e-01,2.924258e-02,3.363115e-02
1400,layers.2.v_lut.log_select_temp,8.768218e-01,3.424782e-02,3.905904e-02
1400,layers.2.out_proj.weights,1.515355e+02,6.423971e+01,4.239251e-01
1400,layers.2.out_proj.log_soft_score_temp,5.280675e-01,4.392999e-02,8.319011e-02
1400,layers.2.out_proj.log_select_temp,6.031553e-01,2.422684e-02,4.016684e-02
1400,layers.2.q_norm.weight,8.331422e+00,5.970204e-02,7.165888e-03
1400,layers.2.q_norm.bias,3.063392e-01,3.704086e-02,1.209145e-01
1400,layers.2.k_norm.weight,8.314469e+00,5.804826e-02,6.981595e-03
1400,layers.2.k_norm.bias,4.586376e-01,5.772191e-02,1.258552e-01
1400,layers.3.qk_lut.weights,4.861881e+01,1.998638e+01,4.110832e-01
1400,layers.3.qk_lut.log_soft_score_temp,6.085749e-01,3.116107e-02,5.120334e-02
1400,layers.3.qk_lut.log_select_temp,7.094371e-01,3.202021e-03,4.513467e-03
1400,layers.3.v_lut.weights,9.617175e+01,4.070400e+01,4.232428e-01
1400,layers.3.v_lut.log_soft_score_temp,8.887644e-01,2.970546e-02,3.342333e-02
1400,layers.3.v_lut.log_select_temp,9.087606e-01,4.010057e-02,4.412666e-02
1400,layers.3.out_proj.weights,1.610550e+02,6.808360e+01,4.227350e-01
1400,layers.3.out_proj.log_soft_score_temp,6.330307e-01,2.751476e-02,4.346512e-02
1400,layers.3.out_proj.log_select_temp,7.402159e-01,8.967519e-03,1.211473e-02
1400,layers.3.q_norm.weight,8.515941e+00,9.585608e-02,1.125608e-02
1400,layers.3.q_norm.bias,2.887824e-01,4.306773e-02,1.491356e-01
1400,layers.3.k_norm.weight,8.489262e+00,9.337883e-02,1.099964e-02
1400,layers.3.k_norm.bias,5.067851e-01,7.880238e-02,1.554947e-01
1400,layers.4.qk_lut.weights,4.877914e+01,2.035977e+01,4.173869e-01
1400,layers.4.qk_lut.log_soft_score_temp,6.930283e-01,1.668954e-02,2.408204e-02
1400,layers.4.qk_lut.log_select_temp,7.517938e-01,2.811193e-03,3.739315e-03
1400,layers.4.v_lut.weights,9.461954e+01,4.132735e+01,4.367739e-01
1400,layers.4.v_lut.log_soft_score_temp,8.342345e-01,2.684110e-02,3.217453e-02
1400,layers.4.v_lut.log_select_temp,8.316515e-01,2.691072e-02,3.235817e-02
1400,layers.4.out_proj.weights,2.218343e+02,8.987897e+01,4.051626e-01
1400,layers.4.out_proj.log_soft_score_temp,4.449094e-01,5.381998e-02,1.209684e-01
1400,layers.4.out_proj.log_select_temp,4.623551e-01,4.897466e-02,1.059243e-01
1400,layers.4.q_norm.weight,8.191729e+00,6.458572e-02,7.884261e-03
1400,layers.4.q_norm.bias,1.239771e-01,2.488285e-02,2.007052e-01
1400,layers.4.k_norm.weight,8.184408e+00,6.444988e-02,7.874714e-03
1400,layers.4.k_norm.bias,2.270738e-01,4.100409e-02,1.805760e-01
1400,layers.5.qk_lut.weights,4.887849e+01,2.018510e+01,4.129649e-01
1400,layers.5.qk_lut.log_soft_score_temp,5.882727e-01,3.013247e-02,5.122195e-02
1400,layers.5.qk_lut.log_select_temp,6.774738e-01,6.520152e-03,9.624212e-03
1400,layers.5.v_lut.weights,9.801530e+01,4.157764e+01,4.241954e-01
1400,layers.5.v_lut.log_soft_score_temp,8.718170e-01,3.086632e-02,3.540459e-02
1400,layers.5.v_lut.log_select_temp,8.965451e-01,4.507244e-02,5.027348e-02
1400,layers.5.out_proj.weights,1.506418e+02,6.375707e+01,4.232362e-01
1400,layers.5.out_proj.log_soft_score_temp,6.972839e-01,9.770632e-03,1.401242e-02
1400,layers.5.out_proj.log_select_temp,7.825931e-01,2.388227e-02,3.051684e-02
1400,layers.5.q_norm.weight,8.461584e+00,8.908974e-02,1.052873e-02
1400,layers.5.q_norm.bias,2.429137e-01,3.454602e-02,1.422152e-01
1400,layers.5.k_norm.weight,8.436508e+00,8.543770e-02,1.012714e-02
1400,layers.5.k_norm.bias,4.180129e-01,5.933372e-02,1.419423e-01
1400,read_out_lut.weights,1.201146e+02,4.684670e+01,3.900166e-01
1400,read_out_lut.log_soft_score_temp,6.339470e-01,2.755982e-02,4.347338e-02
1400,read_out_lut.log_select_temp,7.267524e-01,4.067421e-04,5.596708e-04
1400,ln_final.weight,2.366276e+01,7.514641e-01,3.175724e-02
1400,ln_final.bias,1.162616e+00,7.462642e-02,6.418837e-02
1600,tok_emb_E.weight,2.064735e+02,9.616326e+00,4.657415e-02
1600,unembedder.weight,1.750687e+02,2.356265e+01,1.345909e-01
1600,layers.0.qk_lut.weights,5.399903e+01,1.871144e+01,3.465144e-01
1600,layers.0.qk_lut.log_soft_score_temp,8.648181e-01,1.082194e-02,1.251354e-02
1600,layers.0.qk_lut.log_select_temp,8.456243e-01,1.326656e-02,1.568848e-02
1600,layers.0.v_lut.weights,1.059417e+02,4.017503e+01,3.792183e-01
1600,layers.0.v_lut.log_soft_score_temp,8.435789e-01,1.570231e-02,1.861392e-02
1600,layers.0.v_lut.log_select_temp,8.474214e-01,2.182055e-02,2.574934e-02
1600,layers.0.out_proj.weights,1.675672e+02,6.078662e+01,3.627597e-01
1600,layers.0.out_proj.log_soft_score_temp,8.245621e-01,1.326239e-02,1.608416e-02
1600,layers.0.out_proj.log_select_temp,8.893430e-01,1.983494e-02,2.230291e-02
1600,layers.0.q_norm.weight,8.502569e+00,5.172487e-02,6.083440e-03
1600,layers.0.q_norm.bias,4.713230e-01,4.186536e-02,8.882520e-02
1600,layers.0.k_norm.weight,8.495021e+00,4.966190e-02,5.846001e-03
1600,layers.0.k_norm.bias,4.626643e-01,4.218632e-02,9.118126e-02
1600,layers.1.qk_lut.weights,5.335619e+01,1.900081e+01,3.561126e-01
1600,layers.1.qk_lut.log_soft_score_temp,6.202160e-01,1.602322e-02,2.583490e-02
1600,layers.1.qk_lut.log_select_temp,6.795236e-01,4.539132e-03,6.679874e-03
1600,layers.1.v_lut.weights,1.075594e+02,4.105674e+01,3.817122e-01
1600,layers.1.v_lut.log_soft_score_temp,8.900040e-01,2.011108e-02,2.259662e-02
1600,layers.1.v_lut.log_select_temp,9.160671e-01,3.259045e-02,3.557649e-02
1600,layers.1.out_proj.weights,1.586383e+02,6.050237e+01,3.813855e-01
1600,layers.1.out_proj.log_soft_score_temp,5.717092e-01,4.536223e-02,7.934494e-02
1600,layers.1.out_proj.log_select_temp,7.251037e-01,1.349401e-02,1.860977e-02
1600,layers.1.q_norm.weight,8.444004e+00,5.171146e-02,6.124045e-03
1600,layers.1.q_norm.bias,3.373677e-01,3.292074e-02,9.758117e-02
1600,layers.1.k_norm.weight,8.408725e+00,4.571259e-02,5.436328e-03
1600,layers.1.k_norm.bias,5.434236e-01,6.055567e-02,1.114336e-01
1600,layers.2.qk_lut.weights,5.352172e+01,1.937419e+01,3.619875e-01
1600,layers.2.qk_lut.log_soft_score_temp,6.235479e-01,1.749450e-02,2.805639e-02
1600,layers.2.qk_lut.log_select_temp,6.993052e-01,1.237988e-04,1.770312e-04
1600,layers.2.v_lut.weights,1.058642e+02,4.052546e+01,3.828063e-01
1600,layers.2.v_lut.log_soft_score_temp,8.928267e-01,2.331805e-02,2.611711e-02
1600,layers.2.v_lut.log_select_temp,9.090565e-01,3.223479e-02,3.545961e-02
1600,layers.2.out_proj.weights,1.660033e+02,6.258492e+01,3.770101e-01
1600,layers.2.out_proj.log_soft_score_temp,4.857796e-01,4.228792e-02,8.705165e-02
1600,layers.2.out_proj.log_select_temp,5.803300e-01,2.282530e-02,3.933159e-02
1600,layers.2.q_norm.weight,8.371651e+00,4.852082e-02,5.795849e-03
1600,layers.2.q_norm.bias,3.325789e-01,2.926990e-02,8.800891e-02
1600,layers.2.k_norm.weight,8.352812e+00,4.661776e-02,5.581086e-03
1600,layers.2.k_norm.bias,4.983347e-01,4.533805e-02,9.097911e-02
1600,layers.3.qk_lut.weights,5.385526e+01,1.969281e+01,3.656618e-01
1600,layers.3.qk_lut.log_soft_score_temp,5.835021e-01,2.507281e-02,4.296953e-02
1600,layers.3.qk_lut.log_select_temp,7.090536e-01,3.835559e-04,5.409406e-04
1600,layers.3.v_lut.weights,1.064275e+02,4.038843e+01,3.794925e-01
1600,layers.3.v_lut.log_soft_score_temp,9.138175e-01,2.505302e-02,2.741579e-02
1600,layers.3.v_lut.log_select_temp,9.477262e-01,3.896558e-02,4.111481e-02
1600,layers.3.out_proj.weights,1.801810e+02,6.983932e+01,3.876064e-01
1600,layers.3.out_proj.log_soft_score_temp,6.045509e-01,2.847975e-02,4.710894e-02
1600,layers.3.out_proj.log_select_temp,7.524893e-01,1.227337e-02,1.631036e-02
1600,layers.3.q_norm.weight,8.603537e+00,9.097496e-02,1.057414e-02
1600,layers.3.q_norm.bias,3.204402e-01,3.494452e-02,1.090516e-01
1600,layers.3.k_norm.weight,8.572701e+00,8.803751e-02,1.026952e-02
1600,layers.3.k_norm.bias,5.703300e-01,6.775878e-02,1.188063e-01
1600,layers.4.qk_lut.weights,5.396461e+01,2.017153e+01,3.737919e-01
1600,layers.4.qk_lut.log_soft_score_temp,6.666763e-01,2.635205e-02,3.952750e-02
1600,layers.4.qk_lut.log_select_temp,7.492822e-01,2.511621e-03,3.352036e-03
1600,layers.4.v_lut.weights,1.041927e+02,4.050431e+01,3.887442e-01
1600,layers.4.v_lut.log_soft_score_temp,8.606290e-01,2.639449e-02,3.066883e-02
1600,layers.4.v_lut.log_select_temp,8.588737e-01,2.722222e-02,3.169525e-02
1600,layers.4.out_proj.weights,2.475143e+02,8.431097e+01,3.406306e-01
1600,layers.4.out_proj.log_soft_score_temp,3.927348e-01,5.217466e-02,1.328496e-01
1600,layers.4.out_proj.log_select_temp,4.156227e-01,4.673237e-02,1.124394e-01
1600,layers.4.q_norm.weight,8.238174e+00,6.207087e-02,7.534542e-03
1600,layers.4.q_norm.bias,1.430823e-01,2.641934e-02,1.846444e-01
1600,layers.4.k_norm.weight,8.229520e+00,6.441244e-02,7.826999e-03
1600,layers.4.k_norm.bias,2.510862e-01,3.656095e-02,1.456111e-01
1600,layers.5.qk_lut.weights,5.407822e+01,1.989304e+01,3.678568e-01
1600,layers.5.qk_lut.log_soft_score_temp,5.621958e-01,2.607691e-02,4.638404e-02
1600,layers.5.qk_lut.log_select_temp,6.761248e-01,1.349032e-03,1.995241e-03
1600,layers.5.v_lut.weights,1.084250e+02,4.121721e+01,3.801449e-01
1600,layers.5.v_lut.log_soft_score_temp,8.891935e-01,1.737648e-02,1.954185e-02
1600,layers.5.v_lut.log_select_temp,9.391595e-01,4.261446e-02,4.537510e-02
1600,layers.5.out_proj.weights,1.659985e+02,6.235349e+01,3.756268e-01
1600,layers.5.out_proj.log_soft_score_temp,6.781277e-01,1.915616e-02,2.824860e-02
1600,layers.5.out_proj.log_select_temp,8.029349e-01,2.034175e-02,2.533425e-02
1600,layers.5.q_norm.weight,8.529581e+00,7.552169e-02,8.854092e-03
1600,layers.5.q_norm.bias,2.676532e-01,2.702266e-02,1.009615e-01
1600,layers.5.k_norm.weight,8.501014e+00,7.156193e-02,8.418046e-03
1600,layers.5.k_norm.bias,4.623000e-01,5.094137e-02,1.101912e-01
1600,read_out_lut.weights,1.327218e+02,4.599009e+01,3.465151e-01
1600,read_out_lut.log_soft_score_temp,6.011778e-01,3.276926e-02,5.450844e-02
1600,read_out_lut.log_select_temp,7.256727e-01,1.079738e-03,1.487913e-03
1600,ln_final.weight,2.440369e+01,7.436125e-01,3.047131e-02
1600,ln_final.bias,1.195465e+00,7.629083e-02,6.381688e-02
1800,tok_emb_E.weight,2.067737e+02,9.508309e+00,4.598413e-02
1800,unembedder.weight,1.808862e+02,2.176321e+01,1.203144e-01
1800,layers.0.qk_lut.weights,5.861596e+01,1.854038e+01,3.163026e-01
1800,layers.0.qk_lut.log_soft_score_temp,8.692390e-01,4.420877e-03,5.085916e-03
1800,layers.0.qk_lut.log_select_temp,8.543190e-01,8.694768e-03,1.017743e-02
1800,layers.0.v_lut.weights,1.151110e+02,3.972431e+01,3.450957e-01
1800,layers.0.v_lut.log_soft_score_temp,8.555056e-01,1.192677e-02,1.394119e-02
1800,layers.0.v_lut.log_select_temp,8.673793e-01,1.995790e-02,2.300943e-02
1800,layers.0.out_proj.weights,1.813944e+02,5.998422e+01,3.306839e-01
1800,layers.0.out_proj.log_soft_score_temp,8.024017e-01,2.216041e-02,2.761760e-02
1800,layers.0.out_proj.log_select_temp,9.035298e-01,1.418674e-02,1.570146e-02
1800,layers.0.q_norm.weight,8.539667e+00,5.007408e-02,5.863704e-03
1800,layers.0.q_norm.bias,5.105292e-01,4.074714e-02,7.981355e-02
1800,layers.0.k_norm.weight,8.530977e+00,4.878957e-02,5.719107e-03
1800,layers.0.k_norm.bias,4.991641e-01,4.017777e-02,8.049011e-02
1800,layers.1.qk_lut.weights,5.798282e+01,1.883087e+01,3.247664e-01
1800,layers.1.qk_lut.log_soft_score_temp,6.077449e-01,1.247102e-02,2.052016e-02
1800,layers.1.qk_lut.log_select_temp,6.791989e-01,3.247261e-04,4.781017e-04
1800,layers.1.v_lut.weights,1.167004e+02,4.052808e+01,3.472832e-01
1800,layers.1.v_lut.log_soft_score_temp,9.021527e-01,1.214868e-02,1.346632e-02
1800,layers.1.v_lut.log_select_temp,9.447448e-01,2.867770e-02,3.035497e-02
1800,layers.1.out_proj.weights,1.715251e+02,5.939191e+01,3.462579e-01
1800,layers.1.out_proj.log_soft_score_temp,5.272238e-01,4.448539e-02,8.437667e-02
1800,layers.1.out_proj.log_select_temp,7.097135e-01,1.539016e-02,2.168503e-02
1800,layers.1.q_norm.weight,8.479902e+00,4.911986e-02,5.792504e-03
1800,layers.1.q_norm.bias,3.679522e-01,3.276922e-02,8.905836e-02
1800,layers.1.k_norm.weight,8.440246e+00,4.350266e-02,5.154193e-03
1800,layers.1.k_norm.bias,5.945441e-01,5.492466e-02,9.238114e-02
1800,layers.2.qk_lut.weights,5.818702e+01,1.912683e+01,3.287130e-01
1800,layers.2.qk_lut.log_soft_score_temp,6.051450e-01,1.840287e-02,3.041069e-02
1800,layers.2.qk_lut.log_select_temp,6.991511e-01,1.540780e-04,2.203787e-04
1800,layers.2.v_lut.weights,1.149491e+02,3.996220e+01,3.476512e-01
1800,layers.2.v_lut.log_soft_score_temp,9.105976e-01,1.777095e-02,1.951570e-02
1800,layers.2.v_lut.log_select_temp,9.392160e-01,3.015947e-02,3.211133e-02
1800,layers.2.out_proj.weights,1.786163e+02,6.097316e+01,3.413639e-01
1800,layers.2.out_proj.log_soft_score_temp,4.434429e-01,4.233673e-02,9.547280e-02
1800,layers.2.out_proj.log_select_temp,5.605140e-01,1.981604e-02,3.535334e-02
1800,layers.2.q_norm.weight,8.405246e+00,4.069342e-02,4.841431e-03
1800,layers.2.q_norm.bias,3.548546e-01,2.407211e-02,6.783652e-02
1800,layers.2.k_norm.weight,8.384986e+00,3.922690e-02,4.678231e-03
1800,layers.2.k_norm.bias,5.341319e-01,4.064144e-02,7.608877e-02
1800,layers.3.qk_lut.weights,5.850879e+01,1.948589e+01,3.330421e-01
1800,layers.3.qk_lut.log_soft_score_temp,5.532514e-01,3.025073e-02,5.467809e-02
1800,layers.3.qk_lut.log_select_temp,7.022426e-01,6.811023e-03,9.698960e-03
1800,layers.3.v_lut.weights,1.155398e+02,3.977789e+01,3.442786e-01
1800,layers.3.v_lut.log_soft_score_temp,9.239349e-01,1.011741e-02,1.095035e-02
1800,layers.3.v_lut.log_select_temp,9.796036e-01,3.187740e-02,3.254112e-02
1800,layers.3.out_proj.weights,1.982773e+02,6.707295e+01,3.382786e-01
1800,layers.3.out_proj.log_soft_score_temp,5.718568e-01,3.269410e-02,5.717183e-02
1800,layers.3.out_proj.log_select_temp,7.589769e-01,6.487668e-03,8.547911e-03
1800,layers.3.q_norm.weight,8.686697e+00,8.865133e-02,1.020541e-02
1800,layers.3.q_norm.bias,3.524411e-01,3.436033e-02,9.749242e-02
1800,layers.3.k_norm.weight,8.651940e+00,8.719271e-02,1.007782e-02
1800,layers.3.k_norm.bias,6.270431e-01,6.230502e-02,9.936322e-02
1800,layers.4.qk_lut.weights,5.851864e+01,1.978142e+01,3.380361e-01
1800,layers.4.qk_lut.log_soft_score_temp,6.356481e-01,3.102815e-02,4.881341e-02
1800,layers.4.qk_lut.log_select_temp,7.419541e-01,7.328033e-03,9.876666e-03
1800,layers.4.v_lut.weights,1.127564e+02,3.930891e+01,3.486179e-01
1800,layers.4.v_lut.log_soft_score_temp,8.838036e-01,2.317464e-02,2.622149e-02
1800,layers.4.v_lut.log_select_temp,8.854848e-01,2.661109e-02,3.005256e-02
1800,layers.4.out_proj.weights,2.653656e+02,7.541289e+01,2.841849e-01
1800,layers.4.out_proj.log_soft_score_temp,3.428517e-01,4.988307e-02,1.454946e-01
1800,layers.4.out_proj.log_select_temp,3.729096e-01,4.271317e-02,1.145403e-01
1800,layers.4.q_norm.weight,8.291327e+00,6.719146e-02,8.103825e-03
1800,layers.4.q_norm.bias,1.612936e-01,2.494972e-02,1.546852e-01
1800,layers.4.k_norm.weight,8.280578e+00,6.710703e-02,8.104148e-03
1800,layers.4.k_norm.bias,2.812380e-01,4.209634e-02,1.496822e-01
1800,layers.5.qk_lut.weights,5.872229e+01,1.974611e+01,3.362626e-01
1800,layers.5.qk_lut.log_soft_score_temp,5.342409e-01,2.795488e-02,5.232635e-02
1800,layers.5.qk_lut.log_select_temp,6.702870e-01,5.837798e-03,8.709401e-03
1800,layers.5.v_lut.weights,1.176738e+02,4.070326e+01,3.458991e-01
1800,layers.5.v_lut.log_soft_score_temp,8.919609e-01,2.767384e-03,3.102585e-03
1800,layers.5.v_lut.log_select_temp,9.778330e-01,3.867352e-02,3.955023e-02
1800,layers.5.out_proj.weights,1.797697e+02,6.135910e+01,3.413206e-01
1800,layers.5.out_proj.log_soft_score_temp,6.515990e-01,2.652872e-02,4.071326e-02
1800,layers.5.out_proj.log_select_temp,8.195804e-01,1.664549e-02,2.030977e-02
1800,layers.5.q_norm.weight,8.588284e+00,6.440318e-02,7.498958e-03
1800,layers.5.q_norm.bias,2.872964e-01,2.255422e-02,7.850505e-02
1800,layers.5.k_norm.weight,8.556278e+00,6.274096e-02,7.332739e-03
1800,layers.5.k_norm.bias,5.042529e-01,4.704255e-02,9.329159e-02
1800,read_out_lut.weights,1.439574e+02,4.508809e+01,3.132044e-01
1800,read_out_lut.log_soft_score_temp,5.689536e-01,3.222418e-02,5.663762e-02
1800,read_out_lut.log_select_temp,7.245823e-01,1.090407e-03,1.504877e-03
1800,ln_final.weight,2.513087e+01,7.297025e-01,2.903610e-02
1800,ln_final.bias,1.217846e+00,6.879667e-02,5.649047e-02
2000,tok_emb_E.weight,2.070590e+02,9.357659e+00,4.519319e-02
2000,unembedder.weight,1.860775e+02,2.116055e+01,1.137190e-01
2000,layers.0.qk_lut.weights,6.276566e+01,1.842761e+01,2.935938e-01
2000,layers.0.qk_lut.log_soft_score_temp,8.712426e-01,2.003670e-03,2.299784e-03
2000,layers.0.qk_lut.log_select_temp,8.620760e-01,7.756948e-03,8.997987e-03
2000,layers.0.v_lut.weights,1.233160e+02,3.943085e+01,3.197546e-01
2000,layers.0.v_lut.log_soft_score_temp,8.604603e-01,4.954696e-03,5.758192e-03
2000,layers.0.v_lut.log_select_temp,8.833581e-01,1.597875e-02,1.808865e-02
2000,layers.0.out_proj.weights,1.935542e+02,5.829905e+01,3.012027e-01
2000,layers.0.out_proj.log_soft_score_temp,7.699988e-01,3.240281e-02,4.208164e-02
2000,layers.0.out_proj.log_select_temp,9.091011e-01,5.571365e-03,6.128433e-03
2000,layers.0.q_norm.weight,8.565775e+00,3.820766e-02,4.460503e-03
2000,layers.0.q_norm.bias,5.390603e-01,3.115465e-02,5.779438e-02
2000,layers.0.k_norm.weight,8.556438e+00,3.799963e-02,4.441057e-03
2000,layers.0.k_norm.bias,5.233375e-01,2.800591e-02,5.351406e-02
2000,layers.1.qk_lut.weights,6.211431e+01,1.853636e+01,2.984233e-01
2000,layers.1.qk_lut.log_soft_score_temp,5.935892e-01,1.415575e-02,2.384771e-02
2000,layers.1.qk_lut.log_select_temp,6.771233e-01,2.075553e-03,3.065251e-03
2000,layers.1.v_lut.weights,1.248596e+02,3.992122e+01,3.197290e-01
2000,layers.1.v_lut.log_soft_score_temp,9.027236e-01,5.708337e-04,6.323461e-04
2000,layers.1.v_lut.log_select_temp,9.662569e-01,2.151203e-02,2.226326e-02
2000,layers.1.out_proj.weights,1.829601e+02,5.807793e+01,3.174349e-01
2000,layers.1.out_proj.log_soft_score_temp,4.816246e-01,4.559922e-02,9.467793e-02
2000,layers.1.out_proj.log_select_temp,6.925109e-01,1.720262e-02,2.484093e-02
2000,layers.1.q_norm.weight,8.498683e+00,3.312901e-02,3.898134e-03
2000,layers.1.q_norm.bias,3.901415e-01,2.402696e-02,6.158524e-02
2000,layers.1.k_norm.weight,8.456539e+00,2.922901e-02,3.456379e-03
2000,layers.1.k_norm.bias,6.351490e-01,4.715789e-02,7.424697e-02
2000,layers.2.qk_lut.weights,6.230570e+01,1.885472e+01,3.026164e-01
2000,layers.2.qk_lut.log_soft_score_temp,5.871087e-01,1.803625e-02,3.072045e-02
2000,layers.2.qk_lut.log_select_temp,6.988395e-01,3.115535e-04,4.458155e-04
2000,layers.2.v_lut.weights,1.230067e+02,3.908133e+01,3.177170e-01
2000,layers.2.v_lut.log_soft_score_temp,9.220624e-01,1.146477e-02,1.243384e-02
2000,layers.2.v_lut.log_select_temp,9.695610e-01,3.034502e-02,3.129769e-02
2000,layers.2.out_proj.weights,1.899859e+02,5.979445e+01,3.147309e-01
2000,layers.2.out_proj.log_soft_score_temp,4.020164e-01,4.142648e-02,1.030467e-01
2000,layers.2.out_proj.log_select_temp,5.416424e-01,1.887161e-02,3.484145e-02
2000,layers.2.q_norm.weight,8.443211e+00,4.398889e-02,5.209972e-03
2000,layers.2.q_norm.bias,3.765143e-01,2.446693e-02,6.498273e-02
2000,layers.2.k_norm.weight,8.421448e+00,4.243752e-02,5.039219e-03
2000,layers.2.k_norm.bias,5.692092e-01,4.113470e-02,7.226641e-02
2000,layers.3.qk_lut.weights,6.265045e+01,1.908108e+01,3.045641e-01
2000,layers.3.qk_lut.log_soft_score_temp,5.219066e-01,3.134477e-02,6.005820e-02
2000,layers.3.qk_lut.log_select_temp,6.970240e-01,5.218506e-03,7.486838e-03
2000,layers.3.v_lut.weights,1.236220e+02,3.901761e+01,3.156203e-01
2000,layers.3.v_lut.log_soft_score_temp,9.275305e-01,3.595650e-03,3.876584e-03
2000,layers.3.v_lut.log_select_temp,1.011427e+00,3.182322e-02,3.146369e-02
2000,layers.3.out_proj.weights,2.141377e+02,6.377824e+01,2.978376e-01
2000,layers.3.out_proj.log_soft_score_temp,5.372367e-01,3.462011e-02,6.444107e-02
2000,layers.3.out_proj.log_select_temp,7.702556e-01,1.127869e-02,1.464279e-02
2000,layers.3.q_norm.weight,8.766962e+00,8.627807e-02,9.841274e-03
2000,layers.3.q_norm.bias,3.786210e-01,2.999465e-02,7.922077e-02
2000,layers.3.k_norm.weight,8.729194e+00,8.499045e-02,9.736346e-03
2000,layers.3.k_norm.bias,6.736044e-01,5.524647e-02,8.201620e-02
2000,layers.4.qk_lut.weights,6.266092e+01,1.946447e+01,3.106317e-01
2000,layers.4.qk_lut.log_soft_score_temp,6.009051e-01,3.474301e-02,5.781780e-02
2000,layers.4.qk_lut.log_select_temp,7.316574e-01,1.029670e-02,1.407312e-02
2000,layers.4.v_lut.weights,1.204193e+02,3.826059e+01,3.177280e-01
2000,layers.4.v_lut.log_soft_score_temp,9.057547e-01,2.195114e-02,2.423519e-02
2000,layers.4.v_lut.log_select_temp,9.121275e-01,2.664268e-02,2.920938e-02
2000,layers.4.out_proj.weights,2.790514e+02,7.137999e+01,2.557952e-01
2000,layers.4.out_proj.log_soft_score_temp,2.951308e-01,4.772094e-02,1.616942e-01
2000,layers.4.out_proj.log_select_temp,3.339269e-01,3.898272e-02,1.167403e-01
2000,layers.4.q_norm.weight,8.342275e+00,7.002475e-02,8.393964e-03
2000,layers.4.q_norm.bias,1.774190e-01,2.336521e-02,1.316950e-01
2000,layers.4.k_norm.weight,8.330554e+00,6.918823e-02,8.305358e-03
2000,layers.4.k_norm.bias,3.163144e-01,4.590867e-02,1.451362e-01
2000,layers.5.qk_lut.weights,6.287169e+01,1.933633e+01,3.075522e-01
2000,layers.5.qk_lut.log_soft_score_temp,5.063843e-01,2.785665e-02,5.501089e-02
2000,layers.5.qk_lut.log_select_temp,6.661628e-01,4.124165e-03,6.190926e-03
2000,layers.5.v_lut.weights,1.258825e+02,4.000724e+01,3.178142e-01
2000,layers.5.v_lut.log_soft_score_temp,8.785701e-01,1.339072e-02,1.524149e-02
2000,layers.5.v_lut.log_select_temp,1.009378e+00,3.154457e-02,3.125150e-02
2000,layers.5.out_proj.weights,1.919725e+02,5.982759e+01,3.116466e-01
2000,layers.5.out_proj.log_soft_score_temp,6.217265e-01,2.987254e-02,4.804772e-02
2000,layers.5.out_proj.log_select_temp,8.326001e-01,1.301974e-02,1.563745e-02
2000,layers.5.q_norm.weight,8.637335e+00,5.609898e-02,6.494941e-03
2000,layers.5.q_norm.bias,3.063220e-01,2.218676e-02,7.242952e-02
2000,layers.5.k_norm.weight,8.602851e+00,5.424936e-02,6.305974e-03
2000,layers.5.k_norm.bias,5.405669e-01,4.071418e-02,7.531756e-02
2000,read_out_lut.weights,1.540049e+02,4.412988e+01,2.865486e-01
2000,read_out_lut.log_soft_score_temp,5.373480e-01,3.160560e-02,5.881775e-02
2000,read_out_lut.log_select_temp,7.241255e-01,4.567504e-04,6.307614e-04
2000,ln_final.weight,2.585130e+01,7.227462e-01,2.795783e-02
2000,ln_final.bias,1.234945e+00,6.958336e-02,5.634529e-02
2200,tok_emb_E.weight,2.073360e+02,9.215199e+00,4.444572e-02
2200,unembedder.weight,1.902475e+02,2.028450e+01,1.066217e-01
2200,layers.0.qk_lut.weights,6.650878e+01,1.812203e+01,2.724758e-01
2200,layers.0.qk_lut.log_soft_score_temp,8.711887e-01,5.394220e-05,6.191793e-05
2200,layers.0.qk_lut.log_select_temp,8.688295e-01,6.753564e-03,7.773175e-03
2200,layers.0.v_lut.weights,1.307724e+02,3.876564e+01,2.964360e-01
2200,layers.0.v_lut.log_soft_score_temp,8.629082e-01,2.447844e-03,2.836737e-03
2200,layers.0.v_lut.log_select_temp,8.974086e-01,1.405054e-02,1.565680e-02
2200,layers.0.out_proj.weights,2.046548e+02,5.727991e+01,2.798855e-01
2200,layers.0.out_proj.log_soft_score_temp,7.353582e-01,3.464061e-02,4.710712e-02
2200,layers.0.out_proj.log_select_temp,9.115537e-01,2.452612e-03,2.690584e-03
2200,layers.0.q_norm.weight,8.589067e+00,3.262130e-02,3.798003e-03
2200,layers.0.q_norm.bias,5.646210e-01,2.814208e-02,4.984242e-02
2200,layers.0.k_norm.weight,8.579382e+00,3.189899e-02,3.718098e-03
2200,layers.0.k_norm.bias,5.491189e-01,2.922843e-02,5.322787e-02
2200,layers.1.qk_lut.weights,6.584727e+01,1.815124e+01,2.756567e-01
2200,layers.1.qk_lut.log_soft_score_temp,5.796798e-01,1.390934e-02,2.399487e-02
2200,layers.1.qk_lut.log_select_temp,6.737900e-01,3.333271e-03,4.947046e-03
2200,layers.1.v_lut.weights,1.321934e+02,3.915287e+01,2.961786e-01
2200,layers.1.v_lut.log_soft_score_temp,8.990939e-01,3.629625e-03,4.036981e-03
2200,layers.1.v_lut.log_select_temp,9.844854e-01,1.822853e-02,1.851580e-02
2200,layers.1.out_proj.weights,1.932791e+02,5.679893e+01,2.938700e-01
2200,layers.1.out_proj.log_soft_score_temp,4.372503e-01,4.437432e-02,1.014849e-01
2200,layers.1.out_proj.log_select_temp,6.732813e-01,1.922959e-02,2.856100e-02
2200,layers.1.q_norm.weight,8.520224e+00,3.572229e-02,4.192646e-03
2200,layers.1.q_norm.bias,4.127515e-01,2.566152e-02,6.217184e-02
2200,layers.1.k_norm.weight,8.475858e+00,3.039142e-02,3.585645e-03
2200,layers.1.k_norm.bias,6.671843e-01,4.219123e-02,6.323774e-02
2200,layers.2.qk_lut.weights,6.605415e+01,1.842836e+01,2.789887e-01
2200,layers.2.qk_lut.log_soft_score_temp,5.675211e-01,1.958764e-02,3.451438e-02
2200,layers.2.qk_lut.log_select_temp,6.962709e-01,2.568603e-03,3.689085e-03
2200,layers.2.v_lut.weights,1.303033e+02,3.835353e+01,2.943405e-01
2200,layers.2.v_lut.log_soft_score_temp,9.238225e-01,1.760125e-03,1.905263e-03
2200,layers.2.v_lut.log_select_temp,9.956673e-01,2.610630e-02,2.621990e-02
2200,layers.2.out_proj.weights,2.000639e+02,5.802639e+01,2.900393e-01
2200,layers.2.out_proj.log_soft_score_temp,3.651213e-01,3.689507e-02,1.010488e-01
2200,layers.2.out_proj.log_select_temp,5.259269e-01,1.571548e-02,2.988149e-02
2200,layers.2.q_norm.weight,8.472897e+00,3.563208e-02,4.205419e-03
2200,layers.2.q_norm.bias,3.941624e-01,2.094181e-02,5.312992e-02
2200,layers.2.k_norm.weight,8.450782e+00,3.573138e-02,4.228175e-03
2200,layers.2.k_norm.bias,6.004998e-01,3.606830e-02,6.006380e-02
2200,layers.3.qk_lut.weights,6.634686e+01,1.875383e+01,2.826635e-01
2200,layers.3.qk_lut.log_soft_score_temp,4.860094e-01,3.589725e-02,7.386124e-02
2200,layers.3.qk_lut.log_select_temp,6.862941e-01,1.072991e-02,1.563456e-02
2200,layers.3.v_lut.weights,1.309823e+02,3.825312e+01,2.920480e-01
2200,layers.3.v_lut.log_soft_score_temp,9.175649e-01,9.965658e-03,1.086098e-02
2200,layers.3.v_lut.log_select_temp,1.034401e+00,2.297378e-02,2.220975e-02
2200,layers.3.out_proj.weights,2.278202e+02,6.191690e+01,2.717797e-01
2200,layers.3.out_proj.log_soft_score_temp,5.022720e-01,3.496474e-02,6.961317e-02
2200,layers.3.out_proj.log_select_temp,7.811513e-01,1.089567e-02,1.394822e-02
2200,layers.3.q_norm.weight,8.847470e+00,8.934249e-02,1.009808e-02
2200,layers.3.q_norm.bias,4.030398e-01,2.935207e-02,7.282674e-02
2200,layers.3.k_norm.weight,8.807399e+00,8.849762e-02,1.004810e-02
2200,layers.3.k_norm.bias,7.192092e-01,5.130270e-02,7.133209e-02
2200,layers.4.qk_lut.weights,6.632977e+01,1.893699e+01,2.854976e-01
2200,layers.4.qk_lut.log_soft_score_temp,5.641747e-01,3.673041e-02,6.510467e-02
2200,layers.4.qk_lut.log_select_temp,7.197421e-01,1.191539e-02,1.655508e-02
2200,layers.4.v_lut.weights,1.272558e+02,3.710073e+01,2.915445e-01
2200,layers.4.v_lut.log_soft_score_temp,9.259664e-01,2.021170e-02,2.182768e-02
2200,layers.4.v_lut.log_select_temp,9.383944e-01,2.626693e-02,2.799136e-02
2200,layers.4.out_proj.weights,2.906071e+02,6.757880e+01,2.325435e-01
2200,layers.4.out_proj.log_soft_score_temp,2.511509e-01,4.397982e-02,1.751131e-01
2200,layers.4.out_proj.log_select_temp,2.997244e-01,3.420243e-02,1.141129e-01
2200,layers.4.q_norm.weight,8.395922e+00,7.014421e-02,8.354557e-03
2200,layers.4.q_norm.bias,1.951673e-01,2.560718e-02,1.312063e-01
2200,layers.4.k_norm.weight,8.382257e+00,7.037038e-02,8.395158e-03
2200,layers.4.k_norm.bias,3.471016e-01,4.220982e-02,1.216065e-01
2200,layers.5.qk_lut.weights,6.663685e+01,1.895916e+01,2.845146e-01
2200,layers.5.qk_lut.log_soft_score_temp,4.804482e-01,2.593604e-02,5.398300e-02
2200,layers.5.qk_lut.log_select_temp,6.623268e-01,3.836095e-03,5.791847e-03
2200,layers.5.v_lut.weights,1.333293e+02,3.916248e+01,2.937274e-01
2200,layers.5.v_lut.log_soft_score_temp,8.562471e-01,2.232307e-02,2.607083e-02
2200,layers.5.v_lut.log_select_temp,1.037598e+00,2.822030e-02,2.719772e-02
2200,layers.5.out_proj.weights,2.031037e+02,5.854094e+01,2.882317e-01
2200,layers.5.out_proj.log_soft_score_temp,5.886855e-01,3.304094e-02,5.612664e-02
2200,layers.5.out_proj.log_select_temp,8.438240e-01,1.122391e-02,1.330125e-02
2200,layers.5.q_norm.weight,8.677380e+00,4.530526e-02,5.221076e-03
2200,layers.5.q_norm.bias,3.194653e-01,1.730700e-02,5.417490e-02
2200,layers.5.k_norm.weight,8.640999e+00,4.652062e-02,5.383708e-03
2200,layers.5.k_norm.bias,5.649964e-01,3.280472e-02,5.806182e-02
2200,read_out_lut.weights,1.630970e+02,4.312527e+01,2.644148e-01
2200,read_out_lut.log_soft_score_temp,5.039055e-01,3.344250e-02,6.636661e-02
2200,read_out_lut.log_select_temp,7.227837e-01,1.341820e-03,1.856461e-03
2200,ln_final.weight,2.653879e+01,6.900514e-01,2.600162e-02
2200,ln_final.bias,1.244456e+00,6.343380e-02,5.097310e-02
2400,tok_emb_E.weight,2.076001e+02,9.014127e+00,4.342064e-02
2400,unembedder.weight,1.935338e+02,1.905399e+01,9.845303e-02
2400,layers.0.qk_lut.weights,6.987964e+01,1.768186e+01,2.530331e-01
2400,layers.0.qk_lut.log_soft_score_temp,8.659870e-01,5.201697e-03,6.006669e-03
2400,layers.0.qk_lut.log_select_temp,8.711221e-01,2.292573e-03,2.631747e-03
2400,layers.0.v_lut.weights,1.374927e+02,3.786120e+01,2.753688e-01
2400,layers.0.v_lut.log_soft_score_temp,8.626255e-01,2.826452e-04,3.276569e-04
2400,layers.0.v_lut.log_select_temp,9.100422e-01,1.263356e-02,1.388239e-02
2400,layers.0.out_proj.weights,2.146529e+02,5.570612e+01,2.595172e-01
2400,layers.0.out_proj.log_soft_score_temp,6.978253e-01,3.753293e-02,5.378556e-02
2400,layers.0.out_proj.log_select_temp,9.096767e-01,1.877069e-03,2.063447e-03
2400,layers.0.q_norm.weight,8.616410e+00,4.161931e-02,4.830238e-03
2400,layers.0.q_norm.bias,5.930263e-01,3.094631e-02,5.218371e-02
2400,layers.0.k_norm.weight,8.605438e+00,4.020232e-02,4.671734e-03
2400,layers.0.k_norm.bias,5.738944e-01,2.973139e-02,5.180637e-02
2400,layers.1.qk_lut.weights,6.919215e+01,1.773389e+01,2.562992e-01
2400,layers.1.qk_lut.log_soft_score_temp,5.664760e-01,1.320380e-02,2.330866e-02
2400,layers.1.qk_lut.log_select_temp,6.706448e-01,3.145278e-03,4.689931e-03
2400,layers.1.v_lut.weights,1.387985e+02,3.828785e+01,2.758521e-01
2400,layers.1.v_lut.log_soft_score_temp,8.883808e-01,1.071310e-02,1.205913e-02
2400,layers.1.v_lut.log_select_temp,9.987990e-01,1.431358e-02,1.433079e-02
2400,layers.1.out_proj.weights,2.025074e+02,5.536255e+01,2.733853e-01
2400,layers.1.out_proj.log_soft_score_temp,3.930155e-01,4.423481e-02,1.125523e-01
2400,layers.1.out_proj.log_select_temp,6.508288e-01,2.245247e-02,3.449828e-02
2400,layers.1.q_norm.weight,8.540527e+00,3.525662e-02,4.128155e-03
2400,layers.1.q_norm.bias,4.372543e-01,2.709755e-02,6.197207e-02
2400,layers.1.k_norm.weight,8.493835e+00,3.065765e-02,3.609400e-03
2400,layers.1.k_norm.bias,7.006207e-01,4.053962e-02,5.786243e-02
2400,layers.2.qk_lut.weights,6.945669e+01,1.802554e+01,2.595220e-01
2400,layers.2.qk_lut.log_soft_score_temp,5.495673e-01,1.795375e-02,3.266889e-02
2400,layers.2.qk_lut.log_select_temp,6.934503e-01,2.820611e-03,4.067503e-03
2400,layers.2.v_lut.weights,1.369035e+02,3.748003e+01,2.737698e-01
2400,layers.2.v_lut.log_soft_score_temp,9.135436e-01,1.027894e-02,1.125172e-02
2400,layers.2.v_lut.log_select_temp,1.016214e+00,2.054632e-02,2.021850e-02
2400,layers.2.out_proj.weights,2.091709e+02,5.666293e+01,2.708930e-01
2400,layers.2.out_proj.log_soft_score_temp,3.259912e-01,3.913009e-02,1.200342e-01
2400,layers.2.out_proj.log_select_temp,5.080298e-01,1.789713e-02,3.522851e-02
2400,layers.2.q_norm.weight,8.501912e+00,3.399416e-02,3.998414e-03
2400,layers.2.q_norm.bias,4.122933e-01,2.043347e-02,4.956051e-02
2400,layers.2.k_norm.weight,8.480297e+00,3.384182e-02,3.990641e-03
2400,layers.2.k_norm.bias,6.251971e-01,3.391915e-02,5.425353e-02
2400,layers.3.qk_lut.weights,6.971200e+01,1.825983e+01,2.619324e-01
2400,layers.3.qk_lut.log_soft_score_temp,4.490296e-01,3.697976e-02,8.235485e-02
2400,layers.3.qk_lut.log_select_temp,6.741335e-01,1.216060e-02,1.803886e-02
2400,layers.3.v_lut.weights,1.376151e+02,3.743489e+01,2.720260e-01
2400,layers.3.v_lut.log_soft_score_temp,9.022314e-01,1.533347e-02,1.699506e-02
2400,layers.3.v_lut.log_select_temp,1.053000e+00,1.859975e-02,1.766357e-02
2400,layers.3.out_proj.weights,2.408250e+02,6.060691e+01,2.516638e-01
2400,layers.3.out_proj.log_soft_score_temp,4.676999e-01,3.457209e-02,7.391940e-02
2400,layers.3.out_proj.log_select_temp,7.905414e-01,9.390116e-03,1.187808e-02
2400,layers.3.q_norm.weight,8.924510e+00,8.780780e-02,9.838949e-03
2400,layers.3.q_norm.bias,4.255968e-01,2.767840e-02,6.503434e-02
2400,layers.3.k_norm.weight,8.881671e+00,8.730460e-02,9.829749e-03
2400,layers.3.k_norm.bias,7.613875e-01,5.205474e-02,6.836826e-02
2400,layers.4.qk_lut.weights,6.965880e+01,1.853502e+01,2.660830e-01
2400,layers.4.qk_lut.log_soft_score_temp,5.271968e-01,3.697795e-02,7.014069e-02
2400,layers.4.qk_lut.log_select_temp,7.065148e-01,1.322722e-02,1.872179e-02
2400,layers.4.v_lut.weights,1.335122e+02,3.620412e+01,2.711671e-01
2400,layers.4.v_lut.log_soft_score_temp,9.416547e-01,1.568824e-02,1.666029e-02
2400,layers.4.v_lut.log_select_temp,9.627393e-01,2.434492e-02,2.528714e-02
2400,layers.4.out_proj.weights,3.002061e+02,6.510094e+01,2.168542e-01
2400,layers.4.out_proj.log_soft_score_temp,2.135195e-01,3.763141e-02,1.762434e-01
2400,layers.4.out_proj.log_select_temp,2.744108e-01,2.531359e-02,9.224703e-02
2400,layers.4.q_norm.weight,8.454050e+00,7.629659e-02,9.024857e-03
2400,layers.4.q_norm.bias,2.121051e-01,2.754064e-02,1.298443e-01
2400,layers.4.k_norm.weight,8.438753e+00,7.703140e-02,9.128292e-03
2400,layers.4.k_norm.bias,3.736843e-01,3.872887e-02,1.036406e-01
2400,layers.5.qk_lut.weights,7.004027e+01,1.860722e+01,2.656645e-01
2400,layers.5.qk_lut.log_soft_score_temp,4.523010e-01,2.814722e-02,6.223117e-02
2400,layers.5.qk_lut.log_select_temp,6.567942e-01,5.532563e-03,8.423587e-03
2400,layers.5.v_lut.weights,1.400014e+02,3.828803e+01,2.734832e-01
2400,layers.5.v_lut.log_soft_score_temp,8.258878e-01,3.035927e-02,3.675956e-02
2400,layers.5.v_lut.log_select_temp,1.054899e+00,1.730132e-02,1.640092e-02
2400,layers.5.out_proj.weights,2.130462e+02,5.664289e+01,2.658714e-01
2400,layers.5.out_proj.log_soft_score_temp,5.542414e-01,3.444409e-02,6.214637e-02
2400,layers.5.out_proj.log_select_temp,8.521212e-01,8.297205e-03,9.737118e-03
2400,layers.5.q_norm.weight,8.720917e+00,4.928456e-02,5.651305e-03
2400,layers.5.q_norm.bias,3.329337e-01,1.746573e-02,5.246009e-02
2400,layers.5.k_norm.weight,8.682158e+00,4.647577e-02,5.353021e-03
2400,layers.5.k_norm.bias,5.910235e-01,3.420827e-02,5.787971e-02
2400,read_out_lut.weights,1.713171e+02,4.210381e+01,2.457654e-01
2400,read_out_lut.log_soft_score_temp,4.704091e-01,3.349641e-02,7.120698e-02
2400,read_out_lut.log_select_temp,7.220497e-01,7.339716e-04,1.016511e-03
2400,ln_final.weight,2.723081e+01,6.942295e-01,2.549426e-02
2400,ln_final.bias,1.253503e+00,6.689592e-02,5.336719e-02
2600,tok_emb_E.weight,2.078487e+02,8.745980e+00,4.207859e-02
2600,unembedder.weight,1.966252e+02,1.860772e+01,9.463548e-02
2600,layers.0.qk_lut.weights,7.295612e+01,1.723633e+01,2.362562e-01
2600,layers.0.qk_lut.log_soft_score_temp,8.620716e-01,3.915429e-03,4.541884e-03
2600,layers.0.qk_lut.log_select_temp,8.748528e-01,3.730655e-03,4.264323e-03
2600,layers.0.v_lut.weights,1.435375e+02,3.700470e+01,2.578052e-01
2600,layers.0.v_lut.log_soft_score_temp,8.574916e-01,5.133927e-03,5.987145e-03
2600,layers.0.v_lut.log_select_temp,9.189630e-01,8.920848e-03,9.707516e-03
2600,layers.0.out_proj.weights,2.236071e+02,5.412703e+01,2.420631e-01
2600,layers.0.out_proj.log_soft_score_temp,6.601288e-01,3.769654e-02,5.710483e-02
2600,layers.0.out_proj.log_select_temp,9.034423e-01,6.234407e-03,6.900726e-03
2600,layers.0.q_norm.weight,8.639677e+00,3.424075e-02,3.963198e-03
2600,layers.0.q_norm.bias,6.201041e-01,3.066346e-02,4.944889e-02
2600,layers.0.k_norm.weight,8.627712e+00,3.110698e-02,3.605473e-03
2600,layers.0.k_norm.bias,5.998802e-01,3.158195e-02,5.264710e-02
2600,layers.1.qk_lut.weights,7.221679e+01,1.737488e+01,2.405934e-01
2600,layers.1.qk_lut.log_soft_score_temp,5.521122e-01,1.436383e-02,2.601613e-02
2600,layers.1.qk_lut.log_select_temp,6.656936e-01,4.951179e-03,7.437625e-03
2600,layers.1.v_lut.weights,1.447202e+02,3.712467e+01,2.565272e-01
2600,layers.1.v_lut.log_soft_score_temp,8.691347e-01,1.924610e-02,2.214398e-02
2600,layers.1.v_lut.log_select_temp,1.003920e+00,5.120754e-03,5.100761e-03
2600,layers.1.out_proj.weights,2.107807e+02,5.366985e+01,2.546241e-01
2600,layers.1.out_proj.log_soft_score_temp,3.492062e-01,4.380924e-02,1.254538e-01
2600,layers.1.out_proj.log_select_temp,6.284053e-01,2.242357e-02,3.568329e-02
2600,layers.1.q_norm.weight,8.552341e+00,2.725866e-02,3.187274e-03
2600,layers.1.q_norm.bias,4.551044e-01,2.146484e-02,4.716465e-02
2600,layers.1.k_norm.weight,8.504040e+00,2.408959e-02,2.832723e-03
2600,layers.1.k_norm.bias,7.326907e-01,3.660411e-02,4.995847e-02
2600,layers.2.qk_lut.weights,7.252104e+01,1.755247e+01,2.420327e-01
2600,layers.2.qk_lut.log_soft_score_temp,5.304285e-01,1.913887e-02,3.608191e-02
2600,layers.2.qk_lut.log_select_temp,6.905325e-01,2.917826e-03,4.225473e-03
2600,layers.2.v_lut.weights,1.428278e+02,3.636857e+01,2.546323e-01
2600,layers.2.v_lut.log_soft_score_temp,8.968313e-01,1.671231e-02,1.863484e-02
2600,layers.2.v_lut.log_select_temp,1.030646e+00,1.443195e-02,1.400283e-02
2600,layers.2.out_proj.weights,2.174029e+02,5.480556e+01,2.520921e-01
2600,layers.2.out_proj.log_soft_score_temp,2.882806e-01,3.771067e-02,1.308124e-01
2600,layers.2.out_proj.log_select_temp,4.921827e-01,1.584703e-02,3.219745e-02
2600,layers.2.q_norm.weight,8.526822e+00,2.964285e-02,3.476425e-03
2600,layers.2.q_norm.bias,4.250826e-01,1.590469e-02,3.741554e-02
2600,layers.2.k_norm.weight,8.504516e+00,2.887782e-02,3.395587e-03
2600,layers.2.k_norm.bias,6.451968e-01,2.570003e-02,3.983285e-02
2600,layers.3.qk_lut.weights,7.275411e+01,1.784545e+01,2.452844e-01
2600,layers.3.qk_lut.log_soft_score_temp,4.124791e-01,3.655052e-02,8.861182e-02
2600,layers.3.qk_lut.log_select_temp,6.618115e-01,1.232207e-02,1.861870e-02
2600,layers.3.v_lut.weights,1.435735e+02,3.624396e+01,2.524417e-01
2600,layers.3.v_lut.log_soft_score_temp,8.794708e-01,2.276063e-02,2.587992e-02
2600,layers.3.v_lut.log_select_temp,1.065078e+00,1.207805e-02,1.134005e-02
2600,layers.3.out_proj.weights,2.543053e+02,5.924865e+01,2.329824e-01
2600,layers.3.out_proj.log_soft_score_temp,4.338404e-01,3.385943e-02,7.804582e-02
2600,layers.3.out_proj.log_select_temp,8.048171e-01,1.427573e-02,1.773785e-02
2600,layers.3.q_norm.weight,9.002467e+00,9.537067e-02,1.059384e-02
2600,layers.3.q_norm.bias,4.467011e-01,2.722467e-02,6.094606e-02
2600,layers.3.k_norm.weight,8.958021e+00,9.423619e-02,1.051975e-02
2600,layers.3.k_norm.bias,7.959524e-01,4.356034e-02,5.472732e-02
2600,layers.4.qk_lut.weights,7.267489e+01,1.804161e+01,2.482509e-01
2600,layers.4.qk_lut.log_soft_score_temp,4.896537e-01,3.754309e-02,7.667274e-02
2600,layers.4.qk_lut.log_select_temp,6.912096e-01,1.530528e-02,2.214275e-02
2600,layers.4.v_lut.weights,1.391790e+02,3.474408e+01,2.496360e-01
2600,layers.4.v_lut.log_soft_score_temp,9.541830e-01,1.252830e-02,1.312987e-02
2600,layers.4.v_lut.log_select_temp,9.849619e-01,2.222258e-02,2.256187e-02
2600,layers.4.out_proj.weights,3.081382e+02,6.096478e+01,1.978488e-01
2600,layers.4.out_proj.log_soft_score_temp,1.793575e-01,3.416203e-02,1.904689e-01
2600,layers.4.out_proj.log_select_temp,2.523345e-01,2.207637e-02,8.748851e-02
2600,layers.4.q_norm.weight,8.510898e+00,7.347748e-02,8.633340e-03
2600,layers.4.q_norm.bias,2.257660e-01,2.364516e-02,1.047330e-01
2600,layers.4.k_norm.weight,8.493751e+00,7.218428e-02,8.498517e-03
2600,layers.4.k_norm.bias,4.044547e-01,3.970126e-02,9.815996e-02
2600,layers.5.qk_lut.weights,7.311283e+01,1.800846e+01,2.463105e-01
2600,layers.5.qk_lut.log_soft_score_temp,4.276646e-01,2.463642e-02,5.760687e-02
2600,layers.5.qk_lut.log_select_temp,6.534966e-01,3.297627e-03,5.046127e-03
2600,layers.5.v_lut.weights,1.460177e+02,3.722346e+01,2.549243e-01
2600,layers.5.v_lut.log_soft_score_temp,7.913995e-01,3.448832e-02,4.357890e-02
2600,layers.5.v_lut.log_select_temp,1.063470e+00,8.570433e-03,8.058935e-03
2600,layers.5.out_proj.weights,2.220964e+02,5.507266e+01,2.479674e-01
2600,layers.5.out_proj.log_soft_score_temp,5.178801e-01,3.636134e-02,7.021188e-02
2600,layers.5.out_proj.log_select_temp,8.556786e-01,3.557324e-03,4.157314e-03
2600,layers.5.q_norm.weight,8.756850e+00,4.077994e-02,4.656918e-03
2600,layers.5.q_norm.bias,3.432209e-01,1.446722e-02,4.215134e-02
2600,layers.5.k_norm.weight,8.716309e+00,4.008843e-02,4.599244e-03
2600,layers.5.k_norm.bias,6.116750e-01,2.881751e-02,4.711246e-02
2600,read_out_lut.weights,1.787401e+02,4.084611e+01,2.285224e-01
2600,read_out_lut.log_soft_score_temp,4.387294e-01,3.167966e-02,7.220774e-02
2600,read_out_lut.log_select_temp,7.220137e-01,3.606081e-05,4.994478e-05
2600,ln_final.weight,2.789878e+01,6.700920e-01,2.401868e-02
2600,ln_final.bias,1.261145e+00,6.206829e-02,4.921583e-02
2800,tok_emb_E.weight,2.080831e+02,8.489621e+00,4.079918e-02
2800,unembedder.weight,1.988432e+02,1.724612e+01,8.673226e-02
2800,layers.0.qk_lut.weights,7.572295e+01,1.672022e+01,2.208078e-01
2800,layers.0.qk_lut.log_soft_score_temp,8.580729e-01,3.998697e-03,4.660090e-03
2800,layers.0.qk_lut.log_select_temp,8.775230e-01,2.670228e-03,3.042916e-03
2800,layers.0.v_lut.weights,1.490485e+02,3.586637e+01,2.406355e-01
2800,layers.0.v_lut.log_soft_score_temp,8.519682e-01,5.523384e-03,6.483086e-03
2800,layers.0.v_lut.log_select_temp,9.260647e-01,7.101715e-03,7.668702e-03
2800,layers.0.out_proj.weights,2.317546e+02,5.251445e+01,2.265951e-01
2800,layers.0.out_proj.log_soft_score_temp,6.226105e-01,3.751826e-02,6.025960e-02
2800,layers.0.out_proj.log_select_temp,8.966467e-01,6.795585e-03,7.578888e-03
2800,layers.0.q_norm.weight,8.655375e+00,2.573917e-02,2.973778e-03
2800,layers.0.q_norm.bias,6.372862e-01,2.116867e-02,3.321690e-02
2800,layers.0.k_norm.weight,8.643428e+00,2.539051e-02,2.937551e-03
2800,layers.0.k_norm.bias,6.150631e-01,2.201884e-02,3.579932e-02
2800,layers.1.qk_lut.weights,7.495965e+01,1.669564e+01,2.227284e-01
2800,layers.1.qk_lut.log_soft_score_temp,5.405219e-01,1.159030e-02,2.144280e-02
2800,layers.1.qk_lut.log_select_temp,6.633391e-01,2.354503e-03,3.549471e-03
2800,layers.1.v_lut.weights,1.500450e+02,3.599631e+01,2.399035e-01
2800,layers.1.v_lut.log_soft_score_temp,8.467714e-01,2.236331e-02,2.641008e-02
2800,layers.1.v_lut.log_select_temp,1.001905e+00,2.014995e-03,2.011164e-03
2800,layers.1.out_proj.weights,2.182761e+02,5.193179e+01,2.379179e-01
2800,layers.1.out_proj.log_soft_score_temp,3.074701e-01,4.173619e-02,1.357407e-01
2800,layers.1.out_proj.log_select_temp,6.095244e-01,1.888084e-02,3.097635e-02
2800,layers.1.q_norm.weight,8.563158e+00,2.731866e-02,3.190255e-03
2800,layers.1.q_norm.bias,4.742913e-01,2.229960e-02,4.701668e-02
2800,layers.1.k_norm.weight,8.514090e+00,2.397599e-02,2.816037e-03
2800,layers.1.k_norm.bias,7.609850e-01,3.678391e-02,4.833723e-02
2800,layers.2.qk_lut.weights,7.531487e+01,1.701609e+01,2.259326e-01
2800,layers.2.qk_lut.log_soft_score_temp,5.133108e-01,1.711762e-02,3.334747e-02
2800,layers.2.qk_lut.log_select_temp,6.896885e-01,8.440018e-04,1.223743e-03
2800,layers.2.v_lut.weights,1.481725e+02,3.518591e+01,2.374658e-01
2800,layers.2.v_lut.log_soft_score_temp,8.772511e-01,1.958019e-02,2.231993e-02
2800,layers.2.v_lut.log_select_temp,1.041780e+00,1.113439e-02,1.068785e-02
2800,layers.2.out_proj.weights,2.247305e+02,5.283785e+01,2.351165e-01
2800,layers.2.out_proj.log_soft_score_temp,2.510355e-01,3.724504e-02,1.483656e-01
2800,layers.2.out_proj.log_select_temp,4.754435e-01,1.673925e-02,3.520765e-02
2800,layers.2.q_norm.weight,8.554351e+00,3.194528e-02,3.734390e-03
2800,layers.2.q_norm.bias,4.388917e-01,1.816474e-02,4.138774e-02
2800,layers.2.k_norm.weight,8.531089e+00,3.089001e-02,3.620875e-03
2800,layers.2.k_norm.bias,6.692554e-01,2.993234e-02,4.472483e-02
2800,layers.3.qk_lut.weights,7.544978e+01,1.714786e+01,2.272752e-01
2800,layers.3.qk_lut.log_soft_score_temp,3.753082e-01,3.717092e-02,9.904106e-02
2800,layers.3.qk_lut.log_select_temp,6.482321e-01,1.357937e-02,2.094831e-02
2800,layers.3.v_lut.weights,1.490052e+02,3.512505e+01,2.357304e-01
2800,layers.3.v_lut.log_soft_score_temp,8.513455e-01,2.812523e-02,3.303621e-02
2800,layers.3.v_lut.log_select_temp,1.074453e+00,9.374738e-03,8.725125e-03
2800,layers.3.out_proj.weights,2.679272e+02,5.717545e+01,2.133992e-01
2800,layers.3.out_proj.log_soft_score_temp,4.028229e-01,3.101757e-02,7.700053e-02
2800,layers.3.out_proj.log_select_temp,8.201909e-01,1.537377e-02,1.874413e-02
2800,layers.3.q_norm.weight,9.079591e+00,9.775939e-02,1.076694e-02
2800,layers.3.q_norm.bias,4.652558e-01,2.626510e-02,5.645304e-02
2800,layers.3.k_norm.weight,9.034640e+00,9.807388e-02,1.085532e-02
2800,layers.3.k_norm.bias,8.253341e-01,3.930551e-02,4.762375e-02
2800,layers.4.qk_lut.weights,7.536652e+01,1.738818e+01,2.307149e-01
2800,layers.4.qk_lut.log_soft_score_temp,4.515188e-01,3.813484e-02,8.445903e-02
2800,layers.4.qk_lut.log_select_temp,6.750343e-01,1.617527e-02,2.396215e-02
2800,layers.4.v_lut.weights,1.442406e+02,3.345787e+01,2.319587e-01
2800,layers.4.v_lut.log_soft_score_temp,9.580291e-01,3.846109e-03,4.014606e-03
2800,layers.4.v_lut.log_select_temp,1.002352e+00,1.739031e-02,1.734950e-02
2800,layers.4.out_proj.weights,3.151947e+02,5.868334e+01,1.861813e-01
2800,layers.4.out_proj.log_soft_score_temp,1.484502e-01,3.090732e-02,2.081999e-01
2800,layers.4.out_proj.log_select_temp,2.332119e-01,1.912253e-02,8.199634e-02
2800,layers.4.q_norm.weight,8.565928e+00,7.110920e-02,8.301400e-03
2800,layers.4.q_norm.bias,2.461251e-01,2.492907e-02,1.012861e-01
2800,layers.4.k_norm.weight,8.547674e+00,7.170033e-02,8.388285e-03
2800,layers.4.k_norm.bias,4.362227e-01,4.172949e-02,9.566099e-02
2800,layers.5.qk_lut.weights,7.587129e+01,1.746493e+01,2.301916e-01
2800,layers.5.qk_lut.log_soft_score_temp,4.055549e-01,2.210969e-02,5.451713e-02
2800,layers.5.qk_lut.log_select_temp,6.500628e-01,3.433764e-03,5.282203e-03
2800,layers.5.v_lut.weights,1.514303e+02,3.604534e+01,2.380325e-01
2800,layers.5.v_lut.log_soft_score_temp,7.589772e-01,3.242230e-02,4.271842e-02
2800,layers.5.v_lut.log_select_temp,1.070035e+00,6.565452e-03,6.135735e-03
2800,layers.5.out_proj.weights,2.302486e+02,5.312111e+01,2.307120e-01
2800,layers.5.out_proj.log_soft_score_temp,4.809487e-01,3.693143e-02,7.678871e-02
2800,layers.5.out_proj.log_select_temp,8.572009e-01,1.522362e-03,1.775969e-03
2800,layers.5.q_norm.weight,8.789983e+00,4.039282e-02,4.595324e-03
2800,layers.5.q_norm.bias,3.524153e-01,1.384836e-02,3.929557e-02
2800,layers.5.k_norm.weight,8.747809e+00,4.068177e-02,4.650509e-03
2800,layers.5.k_norm.bias,6.310465e-01,2.349332e-02,3.722914e-02
2800,read_out_lut.weights,1.854499e+02,3.951772e+01,2.130911e-01
2800,read_out_lut.log_soft_score_temp,4.071888e-01,3.154057e-02,7.745933e-02
2800,read_out_lut.log_select_temp,7.226354e-01,6.217957e-04,8.604555e-04
2800,ln_final.weight,2.855256e+01,6.560176e-01,2.297579e-02
2800,ln_final.bias,1.267061e+00,6.294312e-02,4.967649e-02
3000,tok_emb_E.weight,2.083000e+02,8.189607e+00,3.931640e-02
3000,unembedder.weight,2.006431e+02,1.686174e+01,8.403845e-02
3000,layers.0.qk_lut.weights,7.819653e+01,1.617409e+01,2.068390e-01
3000,layers.0.qk_lut.log_soft_score_temp,8.530586e-01,5.014241e-03,5.877956e-03
3000,layers.0.qk_lut.log_select_temp,8.796691e-01,2.146065e-03,2.439628e-03
3000,layers.0.v_lut.weights,1.539393e+02,3.455240e+01,2.244547e-01
3000,layers.0.v_lut.log_soft_score_temp,8.444957e-01,7.472575e-03,8.848565e-03
3000,layers.0.v_lut.log_select_temp,9.317111e-01,5.646348e-03,6.060192e-03
3000,layers.0.out_proj.weights,2.391486e+02,5.048891e+01,2.111194e-01
3000,layers.0.out_proj.log_soft_score_temp,5.849664e-01,3.764415e-02,6.435267e-02
3000,layers.0.out_proj.log_select_temp,8.855127e-01,1.113397e-02,1.257347e-02
3000,layers.0.q_norm.weight,8.669346e+00,2.263087e-02,2.610448e-03
3000,layers.0.q_norm.bias,6.585889e-01,2.372629e-02,3.602595e-02
3000,layers.0.k_norm.weight,8.657138e+00,2.388783e-02,2.759322e-03
3000,layers.0.k_norm.bias,6.324144e-01,2.243881e-02,3.548118e-02
3000,layers.1.qk_lut.weights,7.742566e+01,1.620856e+01,2.093435e-01
3000,layers.1.qk_lut.log_soft_score_temp,5.318494e-01,8.672476e-03,1.630626e-02
3000,layers.1.qk_lut.log_select_temp,6.622415e-01,1.097620e-03,1.657431e-03
3000,layers.1.v_lut.weights,1.547911e+02,3.470923e+01,2.242327e-01
3000,layers.1.v_lut.log_soft_score_temp,8.257500e-01,2.102143e-02,2.545737e-02
3000,layers.1.v_lut.log_select_temp,1.001987e+00,8.261204e-05,8.244819e-05
3000,layers.1.out_proj.weights,2.249914e+02,4.998127e+01,2.221475e-01
3000,layers.1.out_proj.log_soft_score_temp,2.674708e-01,3.999928e-02,1.495463e-01
3000,layers.1.out_proj.log_select_temp,5.906448e-01,1.887965e-02,3.196448e-02
3000,layers.1.q_norm.weight,8.577549e+00,2.773284e-02,3.233189e-03
3000,layers.1.q_norm.bias,4.898875e-01,1.920582e-02,3.920454e-02
3000,layers.1.k_norm.weight,8.526814e+00,2.279359e-02,2.673165e-03
3000,layers.1.k_norm.bias,7.866484e-01,3.226840e-02,4.102011e-02
3000,layers.2.qk_lut.weights,7.780766e+01,1.637110e+01,2.104048e-01
3000,layers.2.qk_lut.log_soft_score_temp,4.937585e-01,1.955235e-02,3.959901e-02
3000,layers.2.qk_lut.log_select_temp,6.854494e-01,4.239082e-03,6.184384e-03
3000,layers.2.v_lut.weights,1.529526e+02,3.387176e+01,2.214526e-01
3000,layers.2.v_lut.log_soft_score_temp,8.552439e-01,2.200717e-02,2.573204e-02
3000,layers.2.v_lut.log_select_temp,1.046685e+00,4.904985e-03,4.686210e-03
3000,layers.2.out_proj.weights,2.312209e+02,5.085682e+01,2.199490e-01
3000,layers.2.out_proj.log_soft_score_temp,2.134871e-01,3.754845e-02,1.758816e-01
3000,layers.2.out_proj.log_select_temp,4.553043e-01,2.013922e-02,4.423244e-02
3000,layers.2.q_norm.weight,8.573526e+00,2.458240e-02,2.867245e-03
3000,layers.2.q_norm.bias,4.491775e-01,1.522004e-02,3.388425e-02
3000,layers.2.k_norm.weight,8.550900e+00,2.463341e-02,2.880797e-03
3000,layers.2.k_norm.bias,6.872007e-01,2.368916e-02,3.447197e-02
3000,layers.3.qk_lut.weights,7.787073e+01,1.663302e+01,2.135979e-01
3000,layers.3.qk_lut.log_soft_score_temp,3.375948e-01,3.771338e-02,1.117120e-01
3000,layers.3.qk_lut.log_select_temp,6.317965e-01,1.643562e-02,2.601411e-02
3000,layers.3.v_lut.weights,1.539052e+02,3.384455e+01,2.199052e-01
3000,layers.3.v_lut.log_soft_score_temp,8.199898e-01,3.135574e-02,3.823918e-02
3000,layers.3.v_lut.log_select_temp,1.077705e+00,3.252268e-03,3.017771e-03
3000,layers.3.out_proj.weights,2.815630e+02,5.502978e+01,1.954439e-01
3000,layers.3.out_proj.log_soft_score_temp,3.721628e-01,3.066006e-02,8.238347e-02
3000,layers.3.out_proj.log_select_temp,8.374667e-01,1.727581e-02,2.062865e-02
3000,layers.3.q_norm.weight,9.147429e+00,8.684073e-02,9.493457e-03
3000,layers.3.q_norm.bias,4.860469e-01,2.930151e-02,6.028536e-02
3000,layers.3.k_norm.weight,9.101384e+00,8.707809e-02,9.567565e-03
3000,layers.3.k_norm.bias,8.518078e-01,3.672323e-02,4.311211e-02
3000,layers.4.qk_lut.weights,7.779132e+01,1.674290e+01,2.152283e-01
3000,layers.4.qk_lut.log_soft_score_temp,4.146825e-01,3.683633e-02,8.883019e-02
3000,layers.4.qk_lut.log_select_temp,6.604431e-01,1.459122e-02,2.209307e-02
3000,layers.4.v_lut.weights,1.488581e+02,3.224668e+01,2.166269e-01
3000,layers.4.v_lut.log_soft_score_temp,9.583489e-01,3.197789e-04,3.336769e-04
3000,layers.4.v_lut.log_select_temp,1.019532e+00,1.718009e-02,1.685095e-02
3000,layers.4.out_proj.weights,3.215208e+02,5.607394e+01,1.744022e-01
3000,layers.4.out_proj.log_soft_score_temp,1.235281e-01,2.492212e-02,2.017527e-01
3000,layers.4.out_proj.log_select_temp,2.227148e-01,1.049717e-02,4.713278e-02
3000,layers.4.q_norm.weight,8.617654e+00,7.007170e-02,8.131181e-03
3000,layers.4.q_norm.bias,2.585092e-01,2.185338e-02,8.453621e-02
3000,layers.4.k_norm.weight,8.596500e+00,6.902059e-02,8.028917e-03
3000,layers.4.k_norm.bias,4.654242e-01,3.765988e-02,8.091517e-02
3000,layers.5.qk_lut.weights,7.836953e+01,1.684178e+01,2.149021e-01
3000,layers.5.qk_lut.log_soft_score_temp,3.812900e-01,2.426487e-02,6.363889e-02
3000,layers.5.qk_lut.log_select_temp,6.449341e-01,5.128682e-03,7.952257e-03
3000,layers.5.v_lut.weights,1.562575e+02,3.472612e+01,2.222364e-01
3000,layers.5.v_lut.log_soft_score_temp,7.254991e-01,3.347808e-02,4.614490e-02
3000,layers.5.v_lut.log_select_temp,1.070209e+00,1.738071e-04,1.624049e-04
3000,layers.5.out_proj.weights,2.375235e+02,5.100453e+01,2.147347e-01
3000,layers.5.out_proj.log_soft_score_temp,4.430939e-01,3.785479e-02,8.543289e-02
3000,layers.5.out_proj.log_select_temp,8.558590e-01,1.341939e-03,1.567944e-03
3000,layers.5.q_norm.weight,8.819075e+00,3.534511e-02,4.007802e-03
3000,layers.5.q_norm.bias,3.636411e-01,1.653596e-02,4.547330e-02
3000,layers.5.k_norm.weight,8.775869e+00,3.630986e-02,4.137466e-03
3000,layers.5.k_norm.bias,6.498015e-01,2.518501e-02,3.875801e-02
3000,read_out_lut.weights,1.914824e+02,3.815972e+01,1.992858e-01
3000,read_out_lut.log_soft_score_temp,3.781792e-01,2.900961e-02,7.670863e-02
3000,read_out_lut.log_select_temp,7.239239e-01,1.288414e-03,1.779765e-03
3000,ln_final.weight,2.918338e+01,6.329828e-01,2.168984e-02
3000,ln_final.bias,1.273139e+00,5.544111e-02,4.354680e-02
3200,tok_emb_E.weight,2.085014e+02,7.874752e+00,3.776834e-02
3200,unembedder.weight,2.023386e+02,1.607622e+01,7.945203e-02
3200,layers.0.qk_lut.weights,8.042795e+01,1.561522e+01,1.941517e-01
3200,layers.0.qk_lut.log_soft_score_temp,8.480796e-01,4.979014e-03,5.870928e-03
3200,layers.0.qk_lut.log_select_temp,8.814454e-01,1.776338e-03,2.015255e-03
3200,layers.0.v_lut.weights,1.582459e+02,3.323200e+01,2.100023e-01
3200,layers.0.v_lut.log_soft_score_temp,8.374054e-01,7.090211e-03,8.466879e-03
3200,layers.0.v_lut.log_select_temp,9.373893e-01,5.678236e-03,6.057501e-03
3200,layers.0.out_proj.weights,2.460002e+02,4.856820e+01,1.974315e-01
3200,layers.0.out_proj.log_soft_score_temp,5.500033e-01,3.496301e-02,6.356873e-02
3200,layers.0.out_proj.log_select_temp,8.765984e-01,8.914292e-03,1.016919e-02
3200,layers.0.q_norm.weight,8.691235e+00,3.179002e-02,3.657710e-03
3200,layers.0.q_norm.bias,6.812837e-01,2.558770e-02,3.755807e-02
3200,layers.0.k_norm.weight,8.678185e+00,2.938294e-02,3.385840e-03
3200,layers.0.k_norm.bias,6.512369e-01,2.346736e-02,3.603506e-02
3200,layers.1.qk_lut.weights,7.965356e+01,1.554799e+01,1.951951e-01
3200,layers.1.qk_lut.log_soft_score_temp,5.231912e-01,8.658290e-03,1.654900e-02
3200,layers.1.qk_lut.log_select_temp,6.608744e-01,1.367092e-03,2.068611e-03
3200,layers.1.v_lut.weights,1.590325e+02,3.333858e+01,2.096338e-01
3200,layers.1.v_lut.log_soft_score_temp,8.056666e-01,2.008337e-02,2.492764e-02
3200,layers.1.v_lut.log_select_temp,9.998288e-01,2.158582e-03,2.158952e-03
3200,layers.1.out_proj.weights,2.309563e+02,4.800234e+01,2.078417e-01
3200,layers.1.out_proj.log_soft_score_temp,2.276557e-01,3.981508e-02,1.748917e-01
3200,layers.1.out_proj.log_select_temp,5.681052e-01,2.253962e-02,3.967508e-02
3200,layers.1.q_norm.weight,8.588346e+00,2.192461e-02,2.552833e-03
3200,layers.1.q_norm.bias,5.018869e-01,1.584166e-02,3.156420e-02
3200,layers.1.k_norm.weight,8.536202e+00,2.075740e-02,2.431691e-03
3200,layers.1.k_norm.bias,8.070357e-01,2.566685e-02,3.180386e-02
3200,layers.2.qk_lut.weights,8.006421e+01,1.589016e+01,1.984677e-01
3200,layers.2.qk_lut.log_soft_score_temp,4.789881e-01,1.477045e-02,3.083678e-02
3200,layers.2.qk_lut.log_select_temp,6.842660e-01,1.183391e-03,1.729431e-03
3200,layers.2.v_lut.weights,1.572268e+02,3.258530e+01,2.072503e-01
3200,layers.2.v_lut.log_soft_score_temp,8.286332e-01,2.661073e-02,3.211401e-02
3200,layers.2.v_lut.log_select_temp,1.048526e+00,1.840830e-03,1.755636e-03
3200,layers.2.out_proj.weights,2.370685e+02,4.880154e+01,2.058542e-01
3200,layers.2.out_proj.log_soft_score_temp,1.794193e-01,3.406781e-02,1.898782e-01
3200,layers.2.out_proj.log_select_temp,4.395380e-01,1.576629e-02,3.587015e-02
3200,layers.2.q_norm.weight,8.588270e+00,2.108504e-02,2.455098e-03
3200,layers.2.q_norm.bias,4.570487e-01,1.368099e-02,2.993332e-02
3200,layers.2.k_norm.weight,8.565301e+00,1.911893e-02,2.232137e-03
3200,layers.2.k_norm.bias,7.036132e-01,2.258726e-02,3.210181e-02
3200,layers.3.qk_lut.weights,8.009217e+01,1.599120e+01,1.996599e-01
3200,layers.3.qk_lut.log_soft_score_temp,3.018734e-01,3.572133e-02,1.183321e-01
3200,layers.3.qk_lut.log_select_temp,6.176314e-01,1.416504e-02,2.293446e-02
3200,layers.3.v_lut.weights,1.583811e+02,3.265779e+01,2.061975e-01
3200,layers.3.v_lut.log_soft_score_temp,7.889742e-01,3.101563e-02,3.931134e-02
3200,layers.3.v_lut.log_select_temp,1.076672e+00,1.033545e-03,9.599439e-04
3200,layers.3.out_proj.weights,2.950511e+02,5.297947e+01,1.795603e-01
3200,layers.3.out_proj.log_soft_score_temp,3.400124e-01,3.215036e-02,9.455642e-02
3200,layers.3.out_proj.log_select_temp,8.514587e-01,1.399195e-02,1.643292e-02
3200,layers.3.q_norm.weight,9.209177e+00,8.216857e-02,8.922466e-03
3200,layers.3.q_norm.bias,5.052356e-01,3.074053e-02,6.084395e-02
3200,layers.3.k_norm.weight,9.163230e+00,8.269694e-02,9.024868e-03
3200,layers.3.k_norm.bias,8.732774e-01,3.408228e-02,3.902801e-02
3200,layers.4.qk_lut.weights,7.996459e+01,1.617292e+01,2.022510e-01
3200,layers.4.qk_lut.log_soft_score_temp,3.795938e-01,3.508872e-02,9.243754e-02
3200,layers.4.qk_lut.log_select_temp,6.477863e-01,1.265681e-02,1.953856e-02
3200,layers.4.v_lut.weights,1.530161e+02,3.107055e+01,2.030541e-01
3200,layers.4.v_lut.log_soft_score_temp,9.542255e-01,4.123390e-03,4.321190e-03
3200,layers.4.v_lut.log_select_temp,1.034495e+00,1.496291e-02,1.446397e-02
3200,layers.4.out_proj.weights,3.272234e+02,5.334789e+01,1.630320e-01
3200,layers.4.out_proj.log_soft_score_temp,9.953049e-02,2.399758e-02,2.411078e-01
3200,layers.4.out_proj.log_select_temp,2.126139e-01,1.010092e-02,4.750827e-02
3200,layers.4.q_norm.weight,8.668696e+00,6.573831e-02,7.583414e-03
3200,layers.4.q_norm.bias,2.733692e-01,2.114191e-02,7.733830e-02
3200,layers.4.k_norm.weight,8.645798e+00,6.457537e-02,7.468989e-03
3200,layers.4.k_norm.bias,4.927543e-01,3.561163e-02,7.227055e-02
3200,layers.5.qk_lut.weights,8.061842e+01,1.618447e+01,2.007540e-01
3200,layers.5.qk_lut.log_soft_score_temp,3.608663e-01,2.042374e-02,5.659642e-02
3200,layers.5.qk_lut.log_select_temp,6.424785e-01,2.455592e-03,3.822061e-03
3200,layers.5.v_lut.weights,1.605968e+02,3.332005e+01,2.074764e-01
3200,layers.5.v_lut.log_soft_score_temp,6.900656e-01,3.543353e-02,5.134806e-02
3200,layers.5.v_lut.log_select_temp,1.066087e+00,4.121661e-03,3.866157e-03
3200,layers.5.out_proj.weights,2.441242e+02,4.902798e+01,2.008321e-01
3200,layers.5.out_proj.log_soft_score_temp,4.070047e-01,3.608918e-02,8.867019e-02
3200,layers.5.out_proj.log_select_temp,8.550677e-01,7.912517e-04,9.253672e-04
3200,layers.5.q_norm.weight,8.841087e+00,2.795719e-02,3.162189e-03
3200,layers.5.q_norm.bias,3.691054e-01,1.209708e-02,3.277406e-02
3200,layers.5.k_norm.weight,8.795885e+00,2.638320e-02,2.999493e-03
3200,layers.5.k_norm.bias,6.627962e-01,2.148924e-02,3.242210e-02
3200,read_out_lut.weights,1.969102e+02,3.685728e+01,1.871781e-01
3200,read_out_lut.log_soft_score_temp,3.469391e-01,3.124008e-02,9.004483e-02
3200,read_out_lut.log_select_temp,7.256731e-01,1.749218e-03,2.410476e-03
3200,ln_final.weight,2.979935e+01,6.177977e-01,2.073192e-02
3200,ln_final.bias,1.281127e+00,5.855455e-02,4.570548e-02
3400,tok_emb_E.weight,2.086856e+02,7.541608e+00,3.613862e-02
3400,unembedder.weight,2.035293e+02,1.525460e+01,7.495037e-02
3400,layers.0.qk_lut.weights,8.242559e+01,1.490030e+01,1.807727e-01
3400,layers.0.qk_lut.log_soft_score_temp,8.427585e-01,5.321085e-03,6.313891e-03
3400,layers.0.qk_lut.log_select_temp,8.825543e-01,1.108885e-03,1.256449e-03
3400,layers.0.v_lut.weights,1.621532e+02,3.179412e+01,1.960746e-01
3400,layers.0.v_lut.log_soft_score_temp,8.284185e-01,8.986950e-03,1.084832e-02
3400,layers.0.v_lut.log_select_temp,9.408504e-01,3.461123e-03,3.678717e-03
3400,layers.0.out_proj.weights,2.521213e+02,4.625098e+01,1.834473e-01
3400,layers.0.out_proj.log_soft_score_temp,5.140655e-01,3.593785e-02,6.990908e-02
3400,layers.0.out_proj.log_select_temp,8.619245e-01,1.467395e-02,1.702463e-02
3400,layers.0.q_norm.weight,8.705912e+00,2.062725e-02,2.369338e-03
3400,layers.0.q_norm.bias,6.950737e-01,1.830327e-02,2.633285e-02
3400,layers.0.k_norm.weight,8.691792e+00,2.021085e-02,2.325280e-03
3400,layers.0.k_norm.bias,6.643128e-01,2.041201e-02,3.072650e-02
3400,layers.1.qk_lut.weights,8.165289e+01,1.497064e+01,1.833449e-01
3400,layers.1.qk_lut.log_soft_score_temp,5.147324e-01,8.458734e-03,1.643326e-02
3400,layers.1.qk_lut.log_select_temp,6.606254e-01,2.489686e-04,3.768680e-04
3400,layers.1.v_lut.weights,1.628024e+02,3.194029e+01,1.961905e-01
3400,layers.1.v_lut.log_soft_score_temp,7.784188e-01,2.724785e-02,3.500410e-02
3400,layers.1.v_lut.log_select_temp,9.874925e-01,1.233625e-02,1.249250e-02
3400,layers.1.out_proj.weights,2.362237e+02,4.586708e+01,1.941680e-01
3400,layers.1.out_proj.log_soft_score_temp,1.890137e-01,3.864202e-02,2.044403e-01
3400,layers.1.out_proj.log_select_temp,5.446378e-01,2.346736e-02,4.308802e-02
3400,layers.1.q_norm.weight,8.595959e+00,1.777508e-02,2.067842e-03
3400,layers.1.q_norm.bias,5.107486e-01,1.324926e-02,2.594087e-02
3400,layers.1.k_norm.weight,8.542500e+00,1.674291e-02,1.959955e-03
3400,layers.1.k_norm.bias,8.237248e-01,2.311800e-02,2.806520e-02
3400,layers.2.qk_lut.weights,8.206693e+01,1.513225e+01,1.843891e-01
3400,layers.2.qk_lut.log_soft_score_temp,4.646122e-01,1.437581e-02,3.094151e-02
3400,layers.2.qk_lut.log_select_temp,6.824615e-01,1.804531e-03,2.644150e-03
3400,layers.2.v_lut.weights,1.609994e+02,3.113467e+01,1.933838e-01
3400,layers.2.v_lut.log_soft_score_temp,8.004227e-01,2.821046e-02,3.524445e-02
3400,layers.2.v_lut.log_select_temp,1.047007e+00,1.518607e-03,1.450427e-03
3400,layers.2.out_proj.weights,2.422573e+02,4.667239e+01,1.926563e-01
3400,layers.2.out_proj.log_soft_score_temp,1.465122e-01,3.290705e-02,2.246028e-01
3400,layers.2.out_proj.log_select_temp,4.233366e-01,1.620135e-02,3.827060e-02
3400,layers.2.q_norm.weight,8.605311e+00,2.256550e-02,2.622276e-03
3400,layers.2.q_norm.bias,4.675848e-01,1.492449e-02,3.191826e-02
3400,layers.2.k_norm.weight,8.582059e+00,2.199349e-02,2.562729e-03
3400,layers.2.k_norm.bias,7.185673e-01,2.057525e-02,2.863371e-02
3400,layers.3.qk_lut.weights,8.203742e+01,1.529031e+01,1.863821e-01
3400,layers.3.qk_lut.log_soft_score_temp,2.678619e-01,3.401151e-02,1.269740e-01
3400,layers.3.qk_lut.log_select_temp,6.059698e-01,1.166165e-02,1.924460e-02
3400,layers.3.v_lut.weights,1.623055e+02,3.120069e+01,1.922344e-01
3400,layers.3.v_lut.log_soft_score_temp,7.567121e-01,3.226203e-02,4.263448e-02
3400,layers.3.v_lut.log_select_temp,1.072987e+00,3.684759e-03,3.434113e-03
3400,layers.3.out_proj.weights,3.082387e+02,5.046452e+01,1.637189e-01
3400,layers.3.out_proj.log_soft_score_temp,3.112050e-01,2.880740e-02,9.256728e-02
3400,layers.3.out_proj.log_select_temp,8.662940e-01,1.483530e-02,1.712502e-02
3400,layers.3.q_norm.weight,9.270947e+00,8.017401e-02,8.647877e-03
3400,layers.3.q_norm.bias,5.202396e-01,2.658500e-02,5.110145e-02
3400,layers.3.k_norm.weight,9.224414e+00,8.045706e-02,8.722187e-03
3400,layers.3.k_norm.bias,8.898061e-01,2.787749e-02,3.132985e-02
3400,layers.4.qk_lut.weights,8.190460e+01,1.549189e+01,1.891455e-01
3400,layers.4.qk_lut.log_soft_score_temp,3.453329e-01,3.426093e-02,9.921132e-02
3400,layers.4.qk_lut.log_select_temp,6.343938e-01,1.339245e-02,2.111062e-02
3400,layers.4.v_lut.weights,1.567290e+02,2.970305e+01,1.895185e-01
3400,layers.4.v_lut.log_soft_score_temp,9.467767e-01,7.448792e-03,7.867528e-03
3400,layers.4.v_lut.log_select_temp,1.047845e+00,1.335013e-02,1.274055e-02
3400,layers.4.out_proj.weights,3.322774e+02,5.033419e+01,1.514824e-01
3400,layers.4.out_proj.log_soft_score_temp,8.035554e-02,1.917495e-02,2.386263e-01
3400,layers.4.out_proj.log_select_temp,2.082394e-01,4.374430e-03,2.100673e-02
3400,layers.4.q_norm.weight,8.721058e+00,6.670897e-02,7.649183e-03
3400,layers.4.q_norm.bias,2.884934e-01,2.325705e-02,8.061551e-02
3400,layers.4.k_norm.weight,8.696519e+00,6.584526e-02,7.571450e-03
3400,layers.4.k_norm.bias,5.179709e-01,3.256512e-02,6.287056e-02
3400,layers.5.qk_lut.weights,8.262517e+01,1.554064e+01,1.880861e-01
3400,layers.5.qk_lut.log_soft_score_temp,3.439698e-01,1.689652e-02,4.912210e-02
3400,layers.5.qk_lut.log_select_temp,6.427586e-01,2.800822e-04,4.357503e-04
3400,layers.5.v_lut.weights,1.644770e+02,3.187331e+01,1.937858e-01
3400,layers.5.v_lut.log_soft_score_temp,6.591688e-01,3.089678e-02,4.687234e-02
3400,layers.5.v_lut.log_select_temp,1.064563e+00,1.524687e-03,1.432219e-03
3400,layers.5.out_proj.weights,2.500905e+02,4.680360e+01,1.871467e-01
3400,layers.5.out_proj.log_soft_score_temp,3.736377e-01,3.336695e-02,8.930294e-02
3400,layers.5.out_proj.log_select_temp,8.579326e-01,2.864838e-03,3.339234e-03
3400,layers.5.q_norm.weight,8.868980e+00,3.305763e-02,3.727332e-03
3400,layers.5.q_norm.bias,3.761142e-01,1.105910e-02,2.940356e-02
3400,layers.5.k_norm.weight,8.822770e+00,3.235169e-02,3.666840e-03
3400,layers.5.k_norm.bias,6.728143e-01,1.743006e-02,2.590619e-02
3400,read_out_lut.weights,2.017709e+02,3.525207e+01,1.747134e-01
3400,read_out_lut.log_soft_score_temp,3.189573e-01,2.798182e-02,8.772903e-02
3400,read_out_lut.log_select_temp,7.284528e-01,2.779722e-03,3.815926e-03
3400,ln_final.weight,3.039598e+01,5.985017e-01,1.969016e-02
3400,ln_final.bias,1.286777e+00,5.384731e-02,4.184667e-02
3600,tok_emb_E.weight,2.088528e+02,7.195194e+00,3.445103e-02
3600,unembedder.weight,2.046136e+02,1.488411e+01,7.274254e-02
3600,layers.0.qk_lut.weights,8.420625e+01,1.423237e+01,1.690179e-01
3600,layers.0.qk_lut.log_soft_score_temp,8.375308e-01,5.227745e-03,6.241854e-03
3600,layers.0.qk_lut.log_select_temp,8.824795e-01,7.474422e-05,8.469797e-05
3600,layers.0.v_lut.weights,1.656549e+02,3.038980e+01,1.834524e-01
3600,layers.0.v_lut.log_soft_score_temp,8.204196e-01,7.998884e-03,9.749747e-03
3600,layers.0.v_lut.log_select_temp,9.436754e-01,2.824962e-03,2.993574e-03
3600,layers.0.out_proj.weights,2.576715e+02,4.422521e+01,1.716341e-01
3600,layers.0.out_proj.log_soft_score_temp,4.845819e-01,2.948365e-02,6.084348e-02
3600,layers.0.out_proj.log_select_temp,8.525822e-01,9.342313e-03,1.095767e-02
3600,layers.0.q_norm.weight,8.716240e+00,2.086359e-02,2.393645e-03
3600,layers.0.q_norm.bias,7.135770e-01,2.095699e-02,2.936893e-02
3600,layers.0.k_norm.weight,8.701525e+00,1.860999e-02,2.138705e-03
3600,layers.0.k_norm.bias,6.797253e-01,2.008073e-02,2.954241e-02
3600,layers.1.qk_lut.weights,8.339218e+01,1.425514e+01,1.709410e-01
3600,layers.1.qk_lut.log_soft_score_temp,5.057744e-01,8.958042e-03,1.771154e-02
3600,layers.1.qk_lut.log_select_temp,6.586829e-01,1.942456e-03,2.949000e-03
3600,layers.1.v_lut.weights,1.661426e+02,3.034187e+01,1.826254e-01
3600,layers.1.v_lut.log_soft_score_temp,7.540118e-01,2.440703e-02,3.236956e-02
3600,layers.1.v_lut.log_select_temp,9.767461e-01,1.074642e-02,1.100227e-02
3600,layers.1.out_proj.weights,2.408659e+02,4.357220e+01,1.808982e-01
3600,layers.1.out_proj.log_soft_score_temp,1.535234e-01,3.549023e-02,2.311714e-01
3600,layers.1.out_proj.log_select_temp,5.225257e-01,2.211213e-02,4.231779e-02
3600,layers.1.q_norm.weight,8.606493e+00,1.768736e-02,2.055119e-03
3600,layers.1.q_norm.bias,5.239120e-01,1.549996e-02,2.958504e-02
3600,layers.1.k_norm.weight,8.552170e+00,1.519610e-02,1.776870e-03
3600,layers.1.k_norm.bias,8.455778e-01,2.687409e-02,3.178193e-02
3600,layers.2.qk_lut.weights,8.384425e+01,1.441500e+01,1.719260e-01
3600,layers.2.qk_lut.log_soft_score_temp,4.501874e-01,1.442486e-02,3.204190e-02
3600,layers.2.qk_lut.log_select_temp,6.805691e-01,1.892388e-03,2.780596e-03
3600,layers.2.v_lut.weights,1.643497e+02,2.963731e+01,1.803308e-01
3600,layers.2.v_lut.log_soft_score_temp,7.722819e-01,2.814084e-02,3.643856e-02
3600,layers.2.v_lut.log_select_temp,1.041425e+00,5.582333e-03,5.360284e-03
3600,layers.2.out_proj.weights,2.467859e+02,4.426699e+01,1.793740e-01
3600,layers.2.out_proj.log_soft_score_temp,1.138904e-01,3.262182e-02,2.864316e-01
3600,layers.2.out_proj.log_select_temp,4.056057e-01,1.773095e-02,4.371475e-02
3600,layers.2.q_norm.weight,8.614964e+00,1.806967e-02,2.097475e-03
3600,layers.2.q_norm.bias,4.719866e-01,9.773961e-03,2.070813e-02
3600,layers.2.k_norm.weight,8.592034e+00,1.809991e-02,2.106592e-03
3600,layers.2.k_norm.bias,7.290494e-01,1.886384e-02,2.587457e-02
3600,layers.3.qk_lut.weights,8.378439e+01,1.459522e+01,1.741998e-01
3600,layers.3.qk_lut.log_soft_score_temp,2.350609e-01,3.280099e-02,1.395425e-01
3600,layers.3.qk_lut.log_select_temp,5.942058e-01,1.176399e-02,1.979784e-02
3600,layers.3.v_lut.weights,1.658525e+02,2.963746e+01,1.786977e-01
3600,layers.3.v_lut.log_soft_score_temp,7.264571e-01,3.025508e-02,4.164744e-02
3600,layers.3.v_lut.log_select_temp,1.069188e+00,3.798604e-03,3.552792e-03
3600,layers.3.out_proj.weights,3.209947e+02,4.802778e+01,1.496217e-01
3600,layers.3.out_proj.log_soft_score_temp,2.835002e-01,2.770481e-02,9.772410e-02
3600,layers.3.out_proj.log_select_temp,8.778660e-01,1.157200e-02,1.318197e-02
3600,layers.3.q_norm.weight,9.325576e+00,6.976353e-02,7.480881e-03
3600,layers.3.q_norm.bias,5.376052e-01,2.876648e-02,5.350856e-02
3600,layers.3.k_norm.weight,9.278392e+00,7.028218e-02,7.574823e-03
3600,layers.3.k_norm.bias,9.110656e-01,2.993792e-02,3.286034e-02
3600,layers.4.qk_lut.weights,8.362082e+01,1.468709e+01,1.756392e-01
3600,layers.4.qk_lut.log_soft_score_temp,3.128672e-01,3.246570e-02,1.037683e-01
3600,layers.4.qk_lut.log_select_temp,6.232035e-01,1.119030e-02,1.795608e-02
3600,layers.4.v_lut.weights,1.600625e+02,2.822518e+01,1.763385e-01
3600,layers.4.v_lut.log_soft_score_temp,9.359506e-01,1.082611e-02,1.156697e-02
3600,layers.4.v_lut.log_select_temp,1.058408e+00,1.056278e-02,9.979872e-03
3600,layers.4.out_proj.weights,3.368279e+02,4.778715e+01,1.418741e-01
3600,layers.4.out_proj.log_soft_score_temp,6.677581e-02,1.357973e-02,2.033629e-01
3600,layers.4.out_proj.log_select_temp,2.084861e-01,2.466887e-04,1.183238e-03
3600,layers.4.q_norm.weight,8.768953e+00,6.003604e-02,6.846432e-03
3600,layers.4.q_norm.bias,3.014610e-01,2.012839e-02,6.676948e-02
3600,layers.4.k_norm.weight,8.742587e+00,5.938920e-02,6.793092e-03
3600,layers.4.k_norm.bias,5.442857e-01,3.294592e-02,6.053056e-02
3600,layers.5.qk_lut.weights,8.437959e+01,1.485717e+01,1.760754e-01
3600,layers.5.qk_lut.log_soft_score_temp,3.251466e-01,1.882315e-02,5.789126e-02
3600,layers.5.qk_lut.log_select_temp,6.396665e-01,3.092110e-03,4.833941e-03
3600,layers.5.v_lut.weights,1.679126e+02,3.034867e+01,1.807409e-01
3600,layers.5.v_lut.log_soft_score_temp,6.276852e-01,3.148359e-02,5.015825e-02
3600,layers.5.v_lut.log_select_temp,1.057382e+00,7.180333e-03,6.790669e-03
3600,layers.5.out_proj.weights,2.554238e+02,4.455910e+01,1.744516e-01
3600,layers.5.out_proj.log_soft_score_temp,3.414517e-01,3.218600e-02,9.426223e-02
3600,layers.5.out_proj.log_select_temp,8.604511e-01,2.518535e-03,2.926993e-03
3600,layers.5.q_norm.weight,8.890162e+00,2.638417e-02,2.967795e-03
3600,layers.5.q_norm.bias,3.831054e-01,1.168285e-02,3.049514e-02
3600,layers.5.k_norm.weight,8.843819e+00,2.609384e-02,2.950517e-03
3600,layers.5.k_norm.bias,6.853384e-01,1.715518e-02,2.503169e-02
3600,read_out_lut.weights,2.060915e+02,3.359544e+01,1.630123e-01
3600,read_out_lut.log_soft_score_temp,2.929355e-01,2.602187e-02,8.883140e-02
3600,read_out_lut.log_select_temp,7.327143e-01,4.261494e-03,5.816037e-03
3600,ln_final.weight,3.096766e+01,5.733508e-01,1.851451e-02
3600,ln_final.bias,1.293572e+00,5.149394e-02,3.980754e-02
3800,tok_emb_E.weight,2.090008e+02,6.842080e+00,3.273710e-02
3800,unembedder.weight,2.053596e+02,1.393952e+01,6.787857e-02
3800,layers.0.qk_lut.weights,8.580062e+01,1.346877e+01,1.569776e-01
3800,layers.0.qk_lut.log_soft_score_temp,8.346517e-01,2.879083e-03,3.449443e-03
3800,layers.0.qk_lut.log_select_temp,8.851253e-01,2.645791e-03,2.989171e-03
3800,layers.0.v_lut.weights,1.686335e+02,2.881700e+01,1.708853e-01
3800,layers.0.v_lut.log_soft_score_temp,8.123830e-01,8.036613e-03,9.892641e-03
3800,layers.0.v_lut.log_select_temp,9.465331e-01,2.857745e-03,3.019170e-03
3800,layers.0.out_proj.weights,2.627127e+02,4.183513e+01,1.592429e-01
3800,layers.0.out_proj.log_soft_score_temp,4.554401e-01,2.914178e-02,6.398599e-02
3800,layers.0.out_proj.log_select_temp,8.419000e-01,1.068217e-02,1.268816e-02
3800,layers.0.q_norm.weight,8.730941e+00,1.994138e-02,2.283990e-03
3800,layers.0.q_norm.bias,7.235685e-01,1.410951e-02,1.949990e-02
3800,layers.0.k_norm.weight,8.715993e+00,1.969074e-02,2.259151e-03
3800,layers.0.k_norm.bias,6.881820e-01,1.427234e-02,2.073920e-02
3800,layers.1.qk_lut.weights,8.495857e+01,1.357977e+01,1.598398e-01
3800,layers.1.qk_lut.log_soft_score_temp,4.997779e-01,5.996525e-03,1.199838e-02
3800,layers.1.qk_lut.log_select_temp,6.593065e-01,6.235838e-04,9.458177e-04
3800,layers.1.v_lut.weights,1.690521e+02,2.876433e+01,1.701506e-01
3800,layers.1.v_lut.log_soft_score_temp,7.300539e-01,2.395785e-02,3.281655e-02
3800,layers.1.v_lut.log_select_temp,9.665631e-01,1.018298e-02,1.053524e-02
3800,layers.1.out_proj.weights,2.449209e+02,4.133678e+01,1.687760e-01
3800,layers.1.out_proj.log_soft_score_temp,1.193013e-01,3.422217e-02,2.868550e-01
3800,layers.1.out_proj.log_select_temp,5.017685e-01,2.075714e-02,4.136796e-02
3800,layers.1.q_norm.weight,8.614120e+00,1.560225e-02,1.811241e-03
3800,layers.1.q_norm.bias,5.321969e-01,1.244492e-02,2.338406e-02
3800,layers.1.k_norm.weight,8.558657e+00,1.435546e-02,1.677304e-03
3800,layers.1.k_norm.bias,8.617564e-01,2.178566e-02,2.528053e-02
3800,layers.2.qk_lut.weights,8.542141e+01,1.368699e+01,1.602291e-01
3800,layers.2.qk_lut.log_soft_score_temp,4.376972e-01,1.249015e-02,2.853606e-02
3800,layers.2.qk_lut.log_select_temp,6.796970e-01,8.721352e-04,1.283123e-03
3800,layers.2.v_lut.weights,1.673158e+02,2.805221e+01,1.676602e-01
3800,layers.2.v_lut.log_soft_score_temp,7.456300e-01,2.665186e-02,3.574408e-02
3800,layers.2.v_lut.log_select_temp,1.036512e+00,4.913330e-03,4.740256e-03
3800,layers.2.out_proj.weights,2.508105e+02,4.198832e+01,1.674105e-01
3800,layers.2.out_proj.log_soft_score_temp,8.411992e-02,2.977049e-02,3.539054e-01
3800,layers.2.out_proj.log_select_temp,3.905436e-01,1.506206e-02,3.856692e-02
3800,layers.2.q_norm.weight,8.630629e+00,2.029320e-02,2.351300e-03
3800,layers.2.q_norm.bias,4.802386e-01,1.236068e-02,2.573862e-02
3800,layers.2.k_norm.weight,8.607796e+00,2.062564e-02,2.396158e-03
3800,layers.2.k_norm.bias,7.418543e-01,1.883659e-02,2.539122e-02
3800,layers.3.qk_lut.weights,8.530247e+01,1.382079e+01,1.620210e-01
3800,layers.3.qk_lut.log_soft_score_temp,2.052332e-01,2.982774e-02,1.453359e-01
3800,layers.3.qk_lut.log_select_temp,5.850607e-01,9.145141e-03,1.563110e-02
3800,layers.3.v_lut.weights,1.689610e+02,2.812968e+01,1.664862e-01
3800,layers.3.v_lut.log_soft_score_temp,6.971755e-01,2.928156e-02,4.200027e-02
3800,layers.3.v_lut.log_select_temp,1.062916e+00,6.272674e-03,5.901383e-03
3800,layers.3.out_proj.weights,3.332427e+02,4.547321e+01,1.364567e-01
3800,layers.3.out_proj.log_soft_score_temp,2.564673e-01,2.703291e-02,1.054049e-01
3800,layers.3.out_proj.log_select_temp,8.891604e-01,1.129442e-02,1.270235e-02
3800,layers.3.q_norm.weight,9.376024e+00,6.529939e-02,6.964508e-03
3800,layers.3.q_norm.bias,5.567775e-01,2.985064e-02,5.361323e-02
3800,layers.3.k_norm.weight,9.328457e+00,6.579302e-02,7.052937e-03
3800,layers.3.k_norm.bias,9.292048e-01,2.775558e-02,2.987025e-02
3800,layers.4.qk_lut.weights,8.512010e+01,1.398906e+01,1.643450e-01
3800,layers.4.qk_lut.log_soft_score_temp,2.823288e-01,3.053832e-02,1.081658e-01
3800,layers.4.qk_lut.log_select_temp,6.124915e-01,1.071203e-02,1.748927e-02
3800,layers.4.v_lut.weights,1.630329e+02,2.668924e+01,1.637046e-01
3800,layers.4.v_lut.log_soft_score_temp,9.231526e-01,1.279801e-02,1.386338e-02
3800,layers.4.v_lut.log_select_temp,1.068589e+00,1.018095e-02,9.527470e-03
3800,layers.4.out_proj.weights,3.408321e+02,4.480750e+01,1.314650e-01
3800,layers.4.out_proj.log_soft_score_temp,5.668449e-02,1.009133e-02,1.780263e-01
3800,layers.4.out_proj.log_select_temp,2.117907e-01,3.304601e-03,1.560314e-02
3800,layers.4.q_norm.weight,8.814142e+00,6.055412e-02,6.870109e-03
3800,layers.4.q_norm.bias,3.130431e-01,1.845793e-02,5.896291e-02
3800,layers.4.k_norm.weight,8.786738e+00,6.023426e-02,6.855133e-03
3800,layers.4.k_norm.bias,5.647270e-01,2.825784e-02,5.003806e-02
3800,layers.5.qk_lut.weights,8.595336e+01,1.406669e+01,1.636549e-01
3800,layers.5.qk_lut.log_soft_score_temp,3.091844e-01,1.596218e-02,5.162674e-02
3800,layers.5.qk_lut.log_select_temp,6.395552e-01,1.113415e-04,1.740921e-04
3800,layers.5.v_lut.weights,1.709415e+02,2.881938e+01,1.685920e-01
3800,layers.5.v_lut.log_soft_score_temp,5.964878e-01,3.119743e-02,5.230188e-02
3800,layers.5.v_lut.log_select_temp,1.049061e+00,8.321047e-03,7.931899e-03
3800,layers.5.out_proj.weights,2.601745e+02,4.223137e+01,1.623194e-01
3800,layers.5.out_proj.log_soft_score_temp,3.114503e-01,3.000146e-02,9.632826e-02
3800,layers.5.out_proj.log_select_temp,8.626399e-01,2.188802e-03,2.537330e-03
3800,layers.5.q_norm.weight,8.909764e+00,2.590555e-02,2.907546e-03
3800,layers.5.q_norm.bias,3.886832e-01,1.075950e-02,2.768192e-02
3800,layers.5.k_norm.weight,8.861588e+00,2.307368e-02,2.603786e-03
3800,layers.5.k_norm.bias,6.961969e-01,1.803332e-02,2.590261e-02
3800,read_out_lut.weights,2.099035e+02,3.191564e+01,1.520491e-01
3800,read_out_lut.log_soft_score_temp,2.692913e-01,2.364412e-02,8.780126e-02
3800,read_out_lut.log_select_temp,7.381955e-01,5.481184e-03,7.425111e-03
3800,ln_final.weight,3.151965e+01,5.534751e-01,1.755969e-02
3800,ln_final.bias,1.300480e+00,5.086045e-02,3.910897e-02
4000,tok_emb_E.weight,2.091351e+02,6.460279e+00,3.089045e-02
4000,unembedder.weight,2.060173e+02,1.322524e+01,6.419481e-02
4000,layers.0.qk_lut.weights,8.718450e+01,1.277573e+01,1.465367e-01
4000,layers.0.qk_lut.log_soft_score_temp,8.314452e-01,3.206551e-03,3.856600e-03
4000,layers.0.qk_lut.log_select_temp,8.866712e-01,1.545906e-03,1.743494e-03
4000,layers.0.v_lut.weights,1.713443e+02,2.720339e+01,1.587645e-01
4000,layers.0.v_lut.log_soft_score_temp,8.052025e-01,7.180452e-03,8.917573e-03
4000,layers.0.v_lut.log_select_temp,9.485962e-01,2.063036e-03,2.174831e-03
4000,layers.0.out_proj.weights,2.672187e+02,3.938607e+01,1.473927e-01
4000,layers.0.out_proj.log_soft_score_temp,4.283999e-01,2.704021e-02,6.311910e-02
4000,layers.0.out_proj.log_select_temp,8.317177e-01,1.018226e-02,1.224245e-02
4000,layers.0.q_norm.weight,8.745684e+00,2.063006e-02,2.358885e-03
4000,layers.0.q_norm.bias,7.383117e-01,1.775670e-02,2.405041e-02
4000,layers.0.k_norm.weight,8.730536e+00,1.910738e-02,2.188570e-03
4000,layers.0.k_norm.bias,6.993651e-01,1.732388e-02,2.477087e-02
4000,layers.1.qk_lut.weights,8.633499e+01,1.274833e+01,1.476612e-01
4000,layers.1.qk_lut.log_soft_score_temp,4.924181e-01,7.359773e-03,1.494619e-02
4000,layers.1.qk_lut.log_select_temp,6.574179e-01,1.888633e-03,2.872804e-03
4000,layers.1.v_lut.weights,1.715781e+02,2.708045e+01,1.578316e-01
4000,layers.1.v_lut.log_soft_score_temp,7.049026e-01,2.515125e-02,3.568046e-02
4000,layers.1.v_lut.log_select_temp,9.529185e-01,1.364464e-02,1.431879e-02
4000,layers.1.out_proj.weights,2.484376e+02,3.884387e+01,1.563526e-01
4000,layers.1.out_proj.log_soft_score_temp,8.789659e-02,3.140468e-02,3.572912e-01
4000,layers.1.out_proj.log_select_temp,4.825581e-01,1.921046e-02,3.980963e-02
4000,layers.1.q_norm.weight,8.621251e+00,1.537838e-02,1.783775e-03
4000,layers.1.q_norm.bias,5.405782e-01,1.312114e-02,2.427242e-02
4000,layers.1.k_norm.weight,8.564628e+00,1.347860e-02,1.573752e-03
4000,layers.1.k_norm.bias,8.743199e-01,2.130287e-02,2.436507e-02
4000,layers.2.qk_lut.weights,8.679494e+01,1.297423e+01,1.494814e-01
4000,layers.2.qk_lut.log_soft_score_temp,4.233499e-01,1.434729e-02,3.388989e-02
4000,layers.2.qk_lut.log_select_temp,6.760092e-01,3.687739e-03,5.455161e-03
4000,layers.2.v_lut.weights,1.699074e+02,2.641311e+01,1.554559e-01
4000,layers.2.v_lut.log_soft_score_temp,7.210396e-01,2.459043e-02,3.410414e-02
4000,layers.2.v_lut.log_select_temp,1.031235e+00,5.276322e-03,5.116507e-03
4000,layers.2.out_proj.weights,2.543207e+02,3.948167e+01,1.552436e-01
4000,layers.2.out_proj.log_soft_score_temp,5.689046e-02,2.722945e-02,4.786295e-01
4000,layers.2.out_proj.log_select_temp,3.787602e-01,1.178339e-02,3.111042e-02
4000,layers.2.q_norm.weight,8.642625e+00,1.719498e-02,1.989555e-03
4000,layers.2.q_norm.bias,4.868166e-01,1.055852e-02,2.168891e-02
4000,layers.2.k_norm.weight,8.619463e+00,1.574270e-02,1.826413e-03
4000,layers.2.k_norm.bias,7.540857e-01,1.749581e-02,2.320135e-02
4000,layers.3.qk_lut.weights,8.663996e+01,1.302134e+01,1.502925e-01
4000,layers.3.qk_lut.log_soft_score_temp,1.782845e-01,2.694871e-02,1.511556e-01
4000,layers.3.qk_lut.log_select_temp,5.787998e-01,6.260872e-03,1.081699e-02
4000,layers.3.v_lut.weights,1.717344e+02,2.651653e+01,1.544043e-01
4000,layers.3.v_lut.log_soft_score_temp,6.696205e-01,2.755505e-02,4.115025e-02
4000,layers.3.v_lut.log_select_temp,1.056763e+00,6.152630e-03,5.822146e-03
4000,layers.3.out_proj.weights,3.448589e+02,4.283038e+01,1.241968e-01
4000,layers.3.out_proj.log_soft_score_temp,2.282460e-01,2.822132e-02,1.236443e-01
4000,layers.3.out_proj.log_select_temp,8.948407e-01,5.680323e-03,6.347859e-03
4000,layers.3.q_norm.weight,9.418152e+00,5.640133e-02,5.988578e-03
4000,layers.3.q_norm.bias,5.732893e-01,2.618932e-02,4.568256e-02
4000,layers.3.k_norm.weight,9.370422e+00,5.732789e-02,6.117963e-03
4000,layers.3.k_norm.bias,9.466957e-01,2.748509e-02,2.903266e-02
4000,layers.4.qk_lut.weights,8.643060e+01,1.314020e+01,1.520318e-01
4000,layers.4.qk_lut.log_soft_score_temp,2.545605e-01,2.776831e-02,1.090833e-01
4000,layers.4.qk_lut.log_select_temp,6.041494e-01,8.342087e-03,1.380799e-02
4000,layers.4.v_lut.weights,1.656594e+02,2.511428e+01,1.516019e-01
4000,layers.4.v_lut.log_soft_score_temp,9.077784e-01,1.537412e-02,1.693599e-02
4000,layers.4.v_lut.log_select_temp,1.075558e+00,6.968498e-03,6.478963e-03
4000,layers.4.out_proj.weights,3.445296e+02,4.226414e+01,1.226720e-01
4000,layers.4.out_proj.log_soft_score_temp,4.845178e-02,8.232702e-03,1.699153e-01
4000,layers.4.out_proj.log_select_temp,2.168245e-01,5.033791e-03,2.321597e-02
4000,layers.4.q_norm.weight,8.854713e+00,5.355360e-02,6.048034e-03
4000,layers.4.q_norm.bias,3.224981e-01,1.511651e-02,4.687318e-02
4000,layers.4.k_norm.weight,8.826276e+00,5.359806e-02,6.072557e-03
4000,layers.4.k_norm.bias,5.823992e-01,2.553723e-02,4.384833e-02
4000,layers.5.qk_lut.weights,8.731902e+01,1.330576e+01,1.523810e-01
4000,layers.5.qk_lut.log_soft_score_temp,2.927387e-01,1.644570e-02,5.617875e-02
4000,layers.5.qk_lut.log_select_temp,6.369482e-01,2.606928e-03,4.092842e-03
4000,layers.5.v_lut.weights,1.735700e+02,2.713547e+01,1.563373e-01
4000,layers.5.v_lut.log_soft_score_temp,5.677732e-01,2.871460e-02,5.057407e-02
4000,layers.5.v_lut.log_select_temp,1.042626e+00,6.435156e-03,6.172065e-03
4000,layers.5.out_proj.weights,2.643754e+02,3.976778e+01,1.504216e-01
4000,layers.5.out_proj.log_soft_score_temp,2.831175e-01,2.833277e-02,1.000742e-01
4000,layers.5.out_proj.log_select_temp,8.641564e-01,1.516461e-03,1.754846e-03
4000,layers.5.q_norm.weight,8.925345e+00,2.049916e-02,2.296736e-03
4000,layers.5.q_norm.bias,3.913894e-01,9.527984e-03,2.434400e-02
4000,layers.5.k_norm.weight,8.877255e+00,2.118071e-02,2.385953e-03
4000,layers.5.k_norm.bias,7.033656e-01,1.361027e-02,1.935020e-02
4000,read_out_lut.weights,2.132600e+02,3.023462e+01,1.417735e-01
4000,read_out_lut.log_soft_score_temp,2.482727e-01,2.101861e-02,8.465936e-02
4000,read_out_lut.log_select_temp,7.454050e-01,7.209480e-03,9.671897e-03
4000,ln_final.weight,3.203730e+01,5.191700e-01,1.620517e-02
4000,ln_final.bias,1.306188e+00,4.664166e-02,3.570824e-02
4200,tok_emb_E.weight,2.092550e+02,6.095453e+00,2.912931e-02
4200,unembedder.weight,2.065989e+02,1.234828e+01,5.976936e-02
4200,layers.0.qk_lut.weights,8.839343e+01,1.205954e+01,1.364303e-01
4200,layers.0.qk_lut.log_soft_score_temp,8.282743e-01,3.170848e-03,3.828258e-03
4200,layers.0.qk_lut.log_select_temp,8.876811e-01,1.009881e-03,1.137662e-03
4200,layers.0.v_lut.weights,1.736895e+02,2.565940e+01,1.477315e-01
4200,layers.0.v_lut.log_soft_score_temp,7.978730e-01,7.329524e-03,9.186328e-03
4200,layers.0.v_lut.log_select_temp,9.498337e-01,1.237512e-03,1.302872e-03
4200,layers.0.out_proj.weights,2.712766e+02,3.708064e+01,1.366895e-01
4200,layers.0.out_proj.log_soft_score_temp,4.025862e-01,2.581367e-02,6.411961e-02
4200,layers.0.out_proj.log_select_temp,8.214853e-01,1.023245e-02,1.245603e-02
4200,layers.0.q_norm.weight,8.753767e+00,1.443365e-02,1.648850e-03
4200,layers.0.q_norm.bias,7.466731e-01,1.309507e-02,1.753789e-02
4200,layers.0.k_norm.weight,8.737514e+00,1.404838e-02,1.607823e-03
4200,layers.0.k_norm.bias,7.081972e-01,1.668431e-02,2.355885e-02
4200,layers.1.qk_lut.weights,8.752844e+01,1.199868e+01,1.370832e-01
4200,layers.1.qk_lut.log_soft_score_temp,4.837999e-01,8.618206e-03,1.781358e-02
4200,layers.1.qk_lut.log_select_temp,6.554943e-01,1.923561e-03,2.934520e-03
4200,layers.1.v_lut.weights,1.737618e+02,2.548180e+01,1.466479e-01
4200,layers.1.v_lut.log_soft_score_temp,6.822045e-01,2.269810e-02,3.327170e-02
4200,layers.1.v_lut.log_select_temp,9.414845e-01,1.143402e-02,1.214467e-02
4200,layers.1.out_proj.weights,2.515018e+02,3.659632e+01,1.455112e-01
4200,layers.1.out_proj.log_soft_score_temp,5.734862e-02,3.054797e-02,5.326714e-01
4200,layers.1.out_proj.log_select_temp,4.630269e-01,1.953113e-02,4.218141e-02
4200,layers.1.q_norm.weight,8.627811e+00,1.625784e-02,1.884352e-03
4200,layers.1.q_norm.bias,5.488464e-01,1.214238e-02,2.212345e-02
4200,layers.1.k_norm.weight,8.569761e+00,1.371976e-02,1.600950e-03
4200,layers.1.k_norm.bias,8.883273e-01,1.911361e-02,2.151640e-02
4200,layers.2.qk_lut.weights,8.801629e+01,1.220411e+01,1.386574e-01
4200,layers.2.qk_lut.log_soft_score_temp,4.149102e-01,8.439720e-03,2.034107e-02
4200,layers.2.qk_lut.log_select_temp,6.769891e-01,9.798408e-04,1.447351e-03
4200,layers.2.v_lut.weights,1.721530e+02,2.481186e+01,1.441268e-01
4200,layers.2.v_lut.log_soft_score_temp,6.977857e-01,2.325392e-02,3.332530e-02
4200,layers.2.v_lut.log_select_temp,1.026100e+00,5.135059e-03,5.004443e-03
4200,layers.2.out_proj.weights,2.573637e+02,3.712754e+01,1.442610e-01
4200,layers.2.out_proj.log_soft_score_temp,3.260022e-02,2.429024e-02,7.450944e-01
4200,layers.2.out_proj.log_select_temp,3.679508e-01,1.080939e-02,2.937727e-02
4200,layers.2.q_norm.weight,8.654243e+00,1.766277e-02,2.040937e-03
4200,layers.2.q_norm.bias,4.928922e-01,1.057842e-02,2.146193e-02
4200,layers.2.k_norm.weight,8.631445e+00,1.695244e-02,1.964032e-03
4200,layers.2.k_norm.bias,7.602800e-01,1.276321e-02,1.678751e-02
4200,layers.3.qk_lut.weights,8.779552e+01,1.227754e+01,1.398424e-01
4200,layers.3.qk_lut.log_soft_score_temp,1.548378e-01,2.344671e-02,1.514276e-01
4200,layers.3.qk_lut.log_select_temp,5.753424e-01,3.457367e-03,6.009234e-03
4200,layers.3.v_lut.weights,1.740931e+02,2.491374e+01,1.431058e-01
4200,layers.3.v_lut.log_soft_score_temp,6.439366e-01,2.568382e-02,3.988563e-02
4200,layers.3.v_lut.log_select_temp,1.049165e+00,7.597685e-03,7.241646e-03
4200,layers.3.out_proj.weights,3.557833e+02,4.015908e+01,1.128751e-01
4200,layers.3.out_proj.log_soft_score_temp,2.005312e-01,2.771483e-02,1.382071e-01
4200,layers.3.out_proj.log_select_temp,8.954790e-01,6.382465e-04,7.127432e-04
4200,layers.3.q_norm.weight,9.455942e+00,4.893202e-02,5.174737e-03
4200,layers.3.q_norm.bias,5.895475e-01,2.386625e-02,4.048231e-02
4200,layers.3.k_norm.weight,9.408004e+00,4.947400e-02,5.258714e-03
4200,layers.3.k_norm.bias,9.604282e-01,2.307969e-02,2.403063e-02
4200,layers.4.qk_lut.weights,8.758172e+01,1.242814e+01,1.419034e-01
4200,layers.4.qk_lut.log_soft_score_temp,2.277090e-01,2.685152e-02,1.179203e-01
4200,layers.4.qk_lut.log_select_temp,5.973037e-01,6.845713e-03,1.146103e-02
4200,layers.4.v_lut.weights,1.679825e+02,2.366180e+01,1.408587e-01
4200,layers.4.v_lut.log_soft_score_temp,8.925417e-01,1.523674e-02,1.707117e-02
4200,layers.4.v_lut.log_select_temp,1.080552e+00,4.994869e-03,4.622514e-03
4200,layers.4.out_proj.weights,3.478974e+02,3.990599e+01,1.147062e-01
4200,layers.4.out_proj.log_soft_score_temp,4.437968e-02,4.072107e-03,9.175613e-02
4200,layers.4.out_proj.log_select_temp,2.236996e-01,6.875083e-03,3.073355e-02
4200,layers.4.q_norm.weight,8.895198e+00,4.905360e-02,5.514616e-03
4200,layers.4.q_norm.bias,3.314544e-01,1.279980e-02,3.861706e-02
4200,layers.4.k_norm.weight,8.865219e+00,4.881305e-02,5.506130e-03
4200,layers.4.k_norm.bias,6.006681e-01,2.482163e-02,4.132336e-02
4200,layers.5.qk_lut.weights,8.851927e+01,1.250217e+01,1.412367e-01
4200,layers.5.qk_lut.log_soft_score_temp,2.794301e-01,1.330867e-02,4.762793e-02
4200,layers.5.qk_lut.log_select_temp,6.374515e-01,5.032420e-04,7.894593e-04
4200,layers.5.v_lut.weights,1.758483e+02,2.552542e+01,1.451559e-01
4200,layers.5.v_lut.log_soft_score_temp,5.408028e-01,2.697039e-02,4.987102e-02
4200,layers.5.v_lut.log_select_temp,1.038931e+00,3.695250e-03,3.556781e-03
4200,layers.5.out_proj.weights,2.680982e+02,3.737922e+01,1.394236e-01
4200,layers.5.out_proj.log_soft_score_temp,2.564797e-01,2.663782e-02,1.038594e-01
4200,layers.5.out_proj.log_select_temp,8.672917e-01,3.135383e-03,3.615142e-03
4200,layers.5.q_norm.weight,8.942463e+00,2.310103e-02,2.583297e-03
4200,layers.5.q_norm.bias,3.961209e-01,8.853314e-03,2.235003e-02
4200,layers.5.k_norm.weight,8.893098e+00,2.094758e-02,2.355487e-03
4200,layers.5.k_norm.bias,7.112213e-01,1.482240e-02,2.084077e-02
4200,read_out_lut.weights,2.161866e+02,2.849437e+01,1.318045e-01
4200,read_out_lut.log_soft_score_temp,2.304091e-01,1.786360e-02,7.752992e-02
4200,read_out_lut.log_select_temp,7.534285e-01,8.023500e-03,1.064932e-02
4200,ln_final.weight,3.253548e+01,4.994817e-01,1.535191e-02
4200,ln_final.bias,1.313281e+00,4.524799e-02,3.445416e-02
4400,tok_emb_E.weight,2.093604e+02,5.706031e+00,2.725459e-02
4400,unembedder.weight,2.070069e+02,1.162234e+01,5.614469e-02
4400,layers.0.qk_lut.weights,8.943058e+01,1.129179e+01,1.262632e-01
4400,layers.0.qk_lut.log_soft_score_temp,8.262189e-01,2.055407e-03,2.487726e-03
4400,layers.0.qk_lut.log_select_temp,8.887929e-01,1.111746e-03,1.250849e-03
4400,layers.0.v_lut.weights,1.756788e+02,2.396737e+01,1.364272e-01
4400,layers.0.v_lut.log_soft_score_temp,7.919815e-01,5.891502e-03,7.438939e-03
4400,layers.0.v_lut.log_select_temp,9.511330e-01,1.299262e-03,1.366015e-03
4400,layers.0.out_proj.weights,2.749122e+02,3.465979e+01,1.260759e-01
4400,layers.0.out_proj.log_soft_score_temp,3.792768e-01,2.330941e-02,6.145752e-02
4400,layers.0.out_proj.log_select_temp,8.112320e-01,1.025325e-02,1.263911e-02
4400,layers.0.q_norm.weight,8.762873e+00,1.577114e-02,1.799768e-03
4400,layers.0.q_norm.bias,7.591634e-01,1.504463e-02,1.981738e-02
4400,layers.0.k_norm.weight,8.746445e+00,1.458275e-02,1.667277e-03
4400,layers.0.k_norm.bias,7.170900e-01,1.343216e-02,1.873148e-02
4400,layers.1.qk_lut.weights,8.856908e+01,1.122622e+01,1.267510e-01
4400,layers.1.qk_lut.log_soft_score_temp,4.770168e-01,6.783098e-03,1.421983e-02
4400,layers.1.qk_lut.log_select_temp,6.542968e-01,1.197517e-03,1.830235e-03
4400,layers.1.v_lut.weights,1.756571e+02,2.378360e+01,1.353979e-01
4400,layers.1.v_lut.log_soft_score_temp,6.603862e-01,2.181834e-02,3.303876e-02
4400,layers.1.v_lut.log_select_temp,9.290086e-01,1.247585e-02,1.342921e-02
4400,layers.1.out_proj.weights,2.541709e+02,3.419440e+01,1.345331e-01
4400,layers.1.out_proj.log_soft_score_temp,2.926051e-02,2.808811e-02,9.599322e-01
4400,layers.1.out_proj.log_select_temp,4.462418e-01,1.678512e-02,3.761439e-02
4400,layers.1.q_norm.weight,8.628913e+00,1.155990e-02,1.339670e-03
4400,layers.1.q_norm.bias,5.535994e-01,9.038177e-03,1.632621e-02
4400,layers.1.k_norm.weight,8.570498e+00,1.096601e-02,1.279507e-03
4400,layers.1.k_norm.bias,8.983698e-01,1.752511e-02,1.950767e-02
4400,layers.2.qk_lut.weights,8.905857e+01,1.141890e+01,1.282179e-01
4400,layers.2.qk_lut.log_soft_score_temp,4.048788e-01,1.003143e-02,2.477638e-02
4400,layers.2.qk_lut.log_select_temp,6.758996e-01,1.089454e-03,1.611857e-03
4400,layers.2.v_lut.weights,1.740976e+02,2.324410e+01,1.335119e-01
4400,layers.2.v_lut.log_soft_score_temp,6.759251e-01,2.186054e-02,3.234166e-02
4400,layers.2.v_lut.log_select_temp,1.021496e+00,4.603982e-03,4.507097e-03
4400,layers.2.out_proj.weights,2.599725e+02,3.469508e+01,1.334567e-01
4400,layers.2.out_proj.log_soft_score_temp,7.590051e-03,2.501017e-02,3.295125e+00
4400,layers.2.out_proj.log_select_temp,3.556635e-01,1.228732e-02,3.454759e-02
4400,layers.2.q_norm.weight,8.659750e+00,1.294293e-02,1.494608e-03
4400,layers.2.q_norm.bias,4.967143e-01,8.323718e-03,1.675756e-02
4400,layers.2.k_norm.weight,8.636726e+00,1.105585e-02,1.280097e-03
4400,layers.2.k_norm.bias,7.665038e-01,1.314873e-02,1.715416e-02
4400,layers.3.qk_lut.weights,8.881455e+01,1.150865e+01,1.295807e-01
4400,layers.3.qk_lut.log_soft_score_temp,1.322637e-01,2.257407e-02,1.706747e-01
4400,layers.3.qk_lut.log_select_temp,5.710912e-01,4.251242e-03,7.444068e-03
4400,layers.3.v_lut.weights,1.761616e+02,2.328297e+01,1.321683e-01
4400,layers.3.v_lut.log_soft_score_temp,6.184627e-01,2.547389e-02,4.118905e-02
4400,layers.3.v_lut.log_select_temp,1.041860e+00,7.305026e-03,7.011521e-03
4400,layers.3.out_proj.weights,3.660559e+02,3.753215e+01,1.025312e-01
4400,layers.3.out_proj.log_soft_score_temp,1.747455e-01,2.578567e-02,1.475613e-01
4400,layers.3.out_proj.log_select_temp,8.963121e-01,8.330941e-04,9.294688e-04
4400,layers.3.q_norm.weight,9.487729e+00,4.409110e-02,4.647171e-03
4400,layers.3.q_norm.bias,6.022782e-01,2.316172e-02,3.845684e-02
4400,layers.3.k_norm.weight,9.439867e+00,4.583314e-02,4.855274e-03
4400,layers.3.k_norm.bias,9.740587e-01,2.112528e-02,2.168790e-02
4400,layers.4.qk_lut.weights,8.856933e+01,1.161583e+01,1.311496e-01
4400,layers.4.qk_lut.log_soft_score_temp,2.040557e-01,2.365334e-02,1.159161e-01
4400,layers.4.qk_lut.log_select_temp,5.924840e-01,4.819691e-03,8.134720e-03
4400,layers.4.v_lut.weights,1.699973e+02,2.224659e+01,1.308644e-01
4400,layers.4.v_lut.log_soft_score_temp,8.795956e-01,1.294613e-02,1.471827e-02
4400,layers.4.v_lut.log_select_temp,1.086378e+00,5.825758e-03,5.362550e-03
4400,layers.4.out_proj.weights,3.508465e+02,3.691817e+01,1.052260e-01
4400,layers.4.out_proj.log_soft_score_temp,4.227917e-02,2.100512e-03,4.968197e-02
4400,layers.4.out_proj.log_select_temp,2.324546e-01,8.755028e-03,3.766339e-02
4400,layers.4.q_norm.weight,8.927400e+00,4.448850e-02,4.983366e-03
4400,layers.4.q_norm.bias,3.398924e-01,1.361997e-02,4.007143e-02
4400,layers.4.k_norm.weight,8.896266e+00,4.504317e-02,5.063155e-03
4400,layers.4.k_norm.bias,6.138920e-01,1.790969e-02,2.917401e-02
4400,layers.5.qk_lut.weights,8.957516e+01,1.173620e+01,1.310207e-01
4400,layers.5.qk_lut.log_soft_score_temp,2.672115e-01,1.221859e-02,4.572631e-02
4400,layers.5.qk_lut.log_select_temp,6.373188e-01,1.326203e-04,2.080910e-04
4400,layers.5.v_lut.weights,1.778319e+02,2.384526e+01,1.340888e-01
4400,layers.5.v_lut.log_soft_score_temp,5.160061e-01,2.479666e-02,4.805498e-02
4400,layers.5.v_lut.log_select_temp,1.033967e+00,4.963398e-03,4.800343e-03
4400,layers.5.out_proj.weights,2.713144e+02,3.493823e+01,1.287739e-01
4400,layers.5.out_proj.log_soft_score_temp,2.307630e-01,2.571668e-02,1.114419e-01
4400,layers.5.out_proj.log_select_temp,8.683865e-01,1.094759e-03,1.260681e-03
4400,layers.5.q_norm.weight,8.954365e+00,1.795408e-02,2.005064e-03
4400,layers.5.q_norm.bias,3.996402e-01,9.054656e-03,2.265702e-02
4400,layers.5.k_norm.weight,8.904934e+00,1.876278e-02,2.107009e-03
4400,layers.5.k_norm.bias,7.158393e-01,9.920675e-03,1.385880e-02
4400,read_out_lut.weights,2.187288e+02,2.676731e+01,1.223767e-01
4400,read_out_lut.log_soft_score_temp,2.138914e-01,1.651768e-02,7.722461e-02
4400,read_out_lut.log_select_temp,7.626291e-01,9.200633e-03,1.206436e-02
4400,ln_final.weight,3.300688e+01,4.723392e-01,1.431033e-02
4400,ln_final.bias,1.321077e+00,4.437631e-02,3.359102e-02
4600,tok_emb_E.weight,2.094521e+02,5.328176e+00,2.543863e-02
4600,unembedder.weight,2.074504e+02,1.064934e+01,5.133440e-02
4600,layers.0.qk_lut.weights,9.033097e+01,1.054563e+01,1.167443e-01
4600,layers.0.qk_lut.log_soft_score_temp,8.229468e-01,3.272116e-03,3.976097e-03
4600,layers.0.qk_lut.log_select_temp,8.885137e-01,2.791882e-04,3.142193e-04
4600,layers.0.v_lut.weights,1.773860e+02,2.232767e+01,1.258705e-01
4600,layers.0.v_lut.log_soft_score_temp,7.872800e-01,4.701495e-03,5.971821e-03
4600,layers.0.v_lut.log_select_temp,9.524838e-01,1.350880e-03,1.418270e-03
4600,layers.0.out_proj.weights,2.781393e+02,3.214120e+01,1.155579e-01
4600,layers.0.out_proj.log_soft_score_temp,3.575915e-01,2.168527e-02,6.064258e-02
4600,layers.0.out_proj.log_select_temp,8.025865e-01,8.645535e-03,1.077209e-02
4600,layers.0.q_norm.weight,8.771522e+00,1.490065e-02,1.698753e-03
4600,layers.0.q_norm.bias,7.698692e-01,1.352642e-02,1.756976e-02
4600,layers.0.k_norm.weight,8.754478e+00,1.373302e-02,1.568685e-03
4600,layers.0.k_norm.bias,7.281137e-01,1.534130e-02,2.106993e-02
4600,layers.1.qk_lut.weights,8.947048e+01,1.054405e+01,1.178495e-01
4600,layers.1.qk_lut.log_soft_score_temp,4.707296e-01,6.287217e-03,1.335633e-02
4600,layers.1.qk_lut.log_select_temp,6.532277e-01,1.069129e-03,1.636686e-03
4600,layers.1.v_lut.weights,1.772524e+02,2.210080e+01,1.246855e-01
4600,layers.1.v_lut.log_soft_score_temp,6.422315e-01,1.815468e-02,2.826812e-02
4600,layers.1.v_lut.log_select_temp,9.195520e-01,9.456635e-03,1.028396e-02
4600,layers.1.out_proj.weights,2.564083e+02,3.180425e+01,1.240375e-01
4600,layers.1.out_proj.log_soft_score_temp,4.703284e-03,2.455723e-02,5.221295e+00
4600,layers.1.out_proj.log_select_temp,4.310333e-01,1.520854e-02,3.528392e-02
4600,layers.1.q_norm.weight,8.632639e+00,1.126311e-02,1.304712e-03
4600,layers.1.q_norm.bias,5.597703e-01,8.133824e-03,1.453064e-02
4600,layers.1.k_norm.weight,8.573680e+00,9.460669e-03,1.103455e-03
4600,layers.1.k_norm.bias,9.084514e-01,1.630954e-02,1.795312e-02
4600,layers.2.qk_lut.weights,8.997255e+01,1.064846e+01,1.183523e-01
4600,layers.2.qk_lut.log_soft_score_temp,3.972434e-01,7.635385e-03,1.922092e-02
4600,layers.2.qk_lut.log_select_temp,6.767464e-01,8.468032e-04,1.251286e-03
4600,layers.2.v_lut.weights,1.757616e+02,2.161726e+01,1.229919e-01
4600,layers.2.v_lut.log_soft_score_temp,6.545480e-01,2.137715e-02,3.265940e-02
4600,layers.2.v_lut.log_select_temp,1.015759e+00,5.737543e-03,5.648530e-03
4600,layers.2.out_proj.weights,2.622029e+02,3.222736e+01,1.229100e-01
4600,layers.2.out_proj.log_soft_score_temp,1.308022e-02,2.067028e-02,1.580269e+00
4600,layers.2.out_proj.log_select_temp,3.471564e-01,8.507103e-03,2.450510e-02
4600,layers.2.q_norm.weight,8.673158e+00,1.752066e-02,2.020102e-03
4600,layers.2.q_norm.bias,4.992279e-01,7.815414e-03,1.565500e-02
4600,layers.2.k_norm.weight,8.650255e+00,1.753062e-02,2.026602e-03
4600,layers.2.k_norm.bias,7.716193e-01,1.171644e-02,1.518423e-02
4600,layers.3.qk_lut.weights,8.969104e+01,1.072573e+01,1.195853e-01
4600,layers.3.qk_lut.log_soft_score_temp,1.139303e-01,1.833344e-02,1.609181e-01
4600,layers.3.qk_lut.log_select_temp,5.699735e-01,1.117647e-03,1.960875e-03
4600,layers.3.v_lut.weights,1.779251e+02,2.162646e+01,1.215481e-01
4600,layers.3.v_lut.log_soft_score_temp,5.961752e-01,2.228755e-02,3.738423e-02
4600,layers.3.v_lut.log_select_temp,1.035389e+00,6.471157e-03,6.249975e-03
4600,layers.3.out_proj.weights,3.756143e+02,3.485194e+01,9.278651e-02
4600,layers.3.out_proj.log_soft_score_temp,1.496933e-01,2.505215e-02,1.673564e-01
4600,layers.3.out_proj.log_select_temp,8.955430e-01,7.690191e-04,8.587182e-04
4600,layers.3.q_norm.weight,9.516816e+00,3.990296e-02,4.192890e-03
4600,layers.3.q_norm.bias,6.172642e-01,2.136882e-02,3.461860e-02
4600,layers.3.k_norm.weight,9.469693e+00,4.078589e-02,4.306992e-03
4600,layers.3.k_norm.bias,9.819309e-01,1.948362e-02,1.984215e-02
4600,layers.4.qk_lut.weights,8.942947e+01,1.081495e+01,1.209327e-01
4600,layers.4.qk_lut.log_soft_score_temp,1.830671e-01,2.098854e-02,1.146494e-01
4600,layers.4.qk_lut.log_select_temp,5.900891e-01,2.394855e-03,4.058463e-03
4600,layers.4.v_lut.weights,1.717166e+02,2.063668e+01,1.201787e-01
4600,layers.4.v_lut.log_soft_score_temp,8.650211e-01,1.457447e-02,1.684868e-02
4600,layers.4.v_lut.log_select_temp,1.089779e+00,3.401279e-03,3.121071e-03
4600,layers.4.out_proj.weights,3.534149e+02,3.433710e+01,9.715803e-02
4600,layers.4.out_proj.log_soft_score_temp,4.051927e-02,1.759890e-03,4.343341e-02
4600,layers.4.out_proj.log_select_temp,2.405445e-01,8.089870e-03,3.363149e-02
4600,layers.4.q_norm.weight,8.958776e+00,4.103133e-02,4.580016e-03
4600,layers.4.q_norm.bias,3.466356e-01,1.107133e-02,3.193939e-02
4600,layers.4.k_norm.weight,8.926098e+00,4.068631e-02,4.558129e-03
4600,layers.4.k_norm.bias,6.295440e-01,2.133818e-02,3.389466e-02
4600,layers.5.qk_lut.weights,9.046517e+01,1.095456e+01,1.210915e-01
4600,layers.5.qk_lut.log_soft_score_temp,2.585280e-01,8.683503e-03,3.358825e-02
4600,layers.5.qk_lut.log_select_temp,6.396909e-01,2.372086e-03,3.708175e-03
4600,layers.5.v_lut.weights,1.795202e+02,2.221134e+01,1.237262e-01
4600,layers.5.v_lut.log_soft_score_temp,4.940872e-01,2.191889e-02,4.436240e-02
4600,layers.5.v_lut.log_select_temp,1.030684e+00,3.283143e-03,3.185401e-03
4600,layers.5.out_proj.weights,2.741083e+02,3.248415e+01,1.185085e-01
4600,layers.5.out_proj.log_soft_score_temp,2.071738e-01,2.358919e-02,1.138619e-01
4600,layers.5.out_proj.log_select_temp,8.698582e-01,1.471698e-03,1.691883e-03
4600,layers.5.q_norm.weight,8.971157e+00,2.048439e-02,2.283361e-03
4600,layers.5.q_norm.bias,4.040996e-01,7.755362e-03,1.919171e-02
4600,layers.5.k_norm.weight,8.921474e+00,1.953607e-02,2.189781e-03
4600,layers.5.k_norm.bias,7.223566e-01,1.178595e-02,1.631597e-02
4600,read_out_lut.weights,2.209045e+02,2.492790e+01,1.128447e-01
4600,read_out_lut.log_soft_score_temp,1.994568e-01,1.443467e-02,7.236989e-02
4600,read_out_lut.log_select_temp,7.716786e-01,9.049535e-03,1.172708e-02
4600,ln_final.weight,3.344873e+01,4.427277e-01,1.323601e-02
4600,ln_final.bias,1.327640e+00,4.074347e-02,3.068865e-02
4800,tok_emb_E.weight,2.095302e+02,4.953188e+00,2.363949e-02
4800,unembedder.weight,2.077608e+02,1.011738e+01,4.869724e-02
4800,layers.0.qk_lut.weights,9.109208e+01,9.762456e+00,1.071713e-01
4800,layers.0.qk_lut.log_soft_score_temp,8.208120e-01,2.134800e-03,2.600839e-03
4800,layers.0.qk_lut.log_select_temp,8.894035e-01,8.898377e-04,1.000488e-03
4800,layers.0.v_lut.weights,1.788483e+02,2.064189e+01,1.154157e-01
4800,layers.0.v_lut.log_soft_score_temp,7.832431e-01,4.036903e-03,5.154087e-03
4800,layers.0.v_lut.log_select_temp,9.541779e-01,1.694083e-03,1.775437e-03
4800,layers.0.out_proj.weights,2.810025e+02,2.981643e+01,1.061073e-01
4800,layers.0.out_proj.log_soft_score_temp,3.399895e-01,1.760203e-02,5.177227e-02
4800,layers.0.out_proj.log_select_temp,7.964770e-01,6.109536e-03,7.670700e-03
4800,layers.0.q_norm.weight,8.780583e+00,1.595473e-02,1.817046e-03
4800,layers.0.q_norm.bias,7.797889e-01,1.345177e-02,1.725052e-02
4800,layers.0.k_norm.weight,8.763165e+00,1.526338e-02,1.741765e-03
4800,layers.0.k_norm.bias,7.352787e-01,1.333882e-02,1.814118e-02
4800,layers.1.qk_lut.weights,9.021160e+01,9.684770e+00,1.073561e-01
4800,layers.1.qk_lut.log_soft_score_temp,4.670171e-01,3.712505e-03,7.949399e-03
4800,layers.1.qk_lut.log_select_temp,6.529778e-01,2.498627e-04,3.826511e-04
4800,layers.1.v_lut.weights,1.785982e+02,2.044549e+01,1.144776e-01
4800,layers.1.v_lut.log_soft_score_temp,6.263556e-01,1.587588e-02,2.534642e-02
4800,layers.1.v_lut.log_select_temp,9.112751e-01,8.276880e-03,9.082746e-03
4800,layers.1.out_proj.weights,2.582796e+02,2.936618e+01,1.136992e-01
4800,layers.1.out_proj.log_soft_score_temp,1.824025e-02,2.294353e-02,1.257852e+00
4800,layers.1.out_proj.log_select_temp,4.169247e-01,1.410854e-02,3.383953e-02
4800,layers.1.q_norm.weight,8.635228e+00,9.077850e-03,1.051258e-03
4800,layers.1.q_norm.bias,5.641114e-01,8.754386e-03,1.551889e-02
4800,layers.1.k_norm.weight,8.575916e+00,9.629037e-03,1.122800e-03
4800,layers.1.k_norm.bias,9.154861e-01,1.280617e-02,1.398839e-02
4800,layers.2.qk_lut.weights,9.075220e+01,9.881746e+00,1.088871e-01
4800,layers.2.qk_lut.log_soft_score_temp,3.888508e-01,8.392632e-03,2.158317e-02
4800,layers.2.qk_lut.log_select_temp,6.754903e-01,1.256168e-03,1.859639e-03
4800,layers.2.v_lut.weights,1.771534e+02,2.001024e+01,1.129543e-01
4800,layers.2.v_lut.log_soft_score_temp,6.370462e-01,1.750183e-02,2.747341e-02
4800,layers.2.v_lut.log_select_temp,1.011312e+00,4.446864e-03,4.397125e-03
4800,layers.2.out_proj.weights,2.640547e+02,2.983419e+01,1.129849e-01
4800,layers.2.out_proj.log_soft_score_temp,3.253752e-02,1.945729e-02,5.979956e-01
4800,layers.2.out_proj.log_select_temp,3.381347e-01,9.021670e-03,2.668069e-02
4800,layers.2.q_norm.weight,8.677011e+00,9.568607e-03,1.102754e-03
4800,layers.2.q_norm.bias,5.027286e-01,7.713029e-03,1.534233e-02
4800,layers.2.k_norm.weight,8.653927e+00,8.649332e-03,9.994690e-04
4800,layers.2.k_norm.bias,7.783548e-01,1.253242e-02,1.610116e-02
4800,layers.3.qk_lut.weights,9.042068e+01,9.935993e+00,1.098863e-01
4800,layers.3.qk_lut.log_soft_score_temp,9.696381e-02,1.696647e-02,1.749773e-01
4800,layers.3.qk_lut.log_select_temp,5.693928e-01,5.807281e-04,1.019908e-03
4800,layers.3.v_lut.weights,1.794126e+02,1.995705e+01,1.112355e-01
4800,layers.3.v_lut.log_soft_score_temp,5.773385e-01,1.883668e-02,3.262675e-02
4800,layers.3.v_lut.log_select_temp,1.031596e+00,3.793478e-03,3.677291e-03
4800,layers.3.out_proj.weights,3.844778e+02,3.226988e+01,8.393170e-02
4800,layers.3.out_proj.log_soft_score_temp,1.277122e-01,2.198109e-02,1.721142e-01
4800,layers.3.out_proj.log_select_temp,8.953799e-01,1.631379e-04,1.821997e-04
4800,layers.3.q_norm.weight,9.543155e+00,3.664437e-02,3.839859e-03
4800,layers.3.q_norm.bias,6.296934e-01,1.989958e-02,3.160201e-02
4800,layers.3.k_norm.weight,9.495987e+00,3.734918e-02,3.933154e-03
4800,layers.3.k_norm.bias,9.918007e-01,1.894049e-02,1.909707e-02
4800,layers.4.qk_lut.weights,9.015659e+01,9.985840e+00,1.107611e-01
4800,layers.4.qk_lut.log_soft_score_temp,1.643387e-01,1.872839e-02,1.139621e-01
4800,layers.4.qk_lut.log_select_temp,5.884051e-01,1.684070e-03,2.862092e-03
4800,layers.4.v_lut.weights,1.731676e+02,1.903361e+01,1.099144e-01
4800,layers.4.v_lut.log_soft_score_temp,8.517503e-01,1.327080e-02,1.558062e-02
4800,layers.4.v_lut.log_select_temp,1.091759e+00,1.979709e-03,1.813320e-03
4800,layers.4.out_proj.weights,3.556745e+02,3.182695e+01,8.948334e-02
4800,layers.4.out_proj.log_soft_score_temp,3.895260e-02,1.566678e-03,4.022012e-02
4800,layers.4.out_proj.log_select_temp,2.484951e-01,7.950559e-03,3.199484e-02
4800,layers.4.q_norm.weight,8.985675e+00,3.467805e-02,3.859259e-03
4800,layers.4.q_norm.bias,3.523259e-01,1.004793e-02,2.851887e-02
4800,layers.4.k_norm.weight,8.952093e+00,3.479150e-02,3.886410e-03
4800,layers.4.k_norm.bias,6.444422e-01,1.926589e-02,2.989545e-02
4800,layers.5.qk_lut.weights,9.123560e+01,1.010723e+01,1.107816e-01
4800,layers.5.qk_lut.log_soft_score_temp,2.508042e-01,7.723719e-03,3.079581e-02
4800,layers.5.qk_lut.log_select_temp,6.417429e-01,2.051950e-03,3.197464e-03
4800,layers.5.v_lut.weights,1.809625e+02,2.053941e+01,1.135010e-01
4800,layers.5.v_lut.log_soft_score_temp,4.756413e-01,1.844588e-02,3.878107e-02
4800,layers.5.v_lut.log_select_temp,1.030208e+00,4.767179e-04,4.627397e-04
4800,layers.5.out_proj.weights,2.765243e+02,3.010801e+01,1.088802e-01
4800,layers.5.out_proj.log_soft_score_temp,1.850847e-01,2.208906e-02,1.193457e-01
4800,layers.5.out_proj.log_select_temp,8.702504e-01,3.921986e-04,4.506732e-04
4800,layers.5.q_norm.weight,8.980756e+00,1.429526e-02,1.591766e-03
4800,layers.5.q_norm.bias,4.065516e-01,7.442345e-03,1.830603e-02
4800,layers.5.k_norm.weight,8.930680e+00,1.430760e-02,1.602073e-03
4800,layers.5.k_norm.bias,7.264073e-01,1.023789e-02,1.409388e-02
4800,read_out_lut.weights,2.227610e+02,2.313362e+01,1.038495e-01
4800,read_out_lut.log_soft_score_temp,1.881596e-01,1.129723e-02,6.004067e-02
4800,read_out_lut.log_select_temp,7.806857e-01,9.007096e-03,1.153742e-02
4800,ln_final.weight,3.385778e+01,4.098730e-01,1.210573e-02
4800,ln_final.bias,1.335639e+00,3.854502e-02,2.885886e-02
5000,tok_emb_E.weight,2.095982e+02,4.569784e+00,2.180259e-02
5000,unembedder.weight,2.079504e+02,9.086142e+00,4.369379e-02
5000,layers.0.qk_lut.weights,9.173943e+01,9.022854e+00,9.835307e-02
5000,layers.0.qk_lut.log_soft_score_temp,8.211172e-01,3.052354e-04,3.717318e-04
5000,layers.0.qk_lut.log_select_temp,8.917941e-01,2.390563e-03,2.680623e-03
5000,layers.0.v_lut.weights,1.800787e+02,1.903684e+01,1.057140e-01
5000,layers.0.v_lut.log_soft_score_temp,7.798354e-01,3.407717e-03,4.369790e-03
5000,layers.0.v_lut.log_select_temp,9.554846e-01,1.306653e-03,1.367529e-03
5000,layers.0.out_proj.weights,2.835048e+02,2.742713e+01,9.674309e-02
5000,layers.0.out_proj.log_soft_score_temp,3.239931e-01,1.599643e-02,4.937274e-02
5000,layers.0.out_proj.log_select_temp,7.901685e-01,6.308496e-03,7.983735e-03
5000,layers.0.q_norm.weight,8.790050e+00,1.352382e-02,1.538538e-03
5000,layers.0.q_norm.bias,7.861326e-01,9.390822e-03,1.194559e-02
5000,layers.0.k_norm.weight,8.771812e+00,1.184953e-02,1.350865e-03
5000,layers.0.k_norm.bias,7.403231e-01,1.052762e-02,1.422030e-02
5000,layers.1.qk_lut.weights,9.088164e+01,8.994058e+00,9.896452e-02
5000,layers.1.qk_lut.log_soft_score_temp,4.624776e-01,4.539490e-03,9.815589e-03
5000,layers.1.qk_lut.log_select_temp,6.515304e-01,1.447439e-03,2.221599e-03
5000,layers.1.v_lut.weights,1.797103e+02,1.887139e+01,1.050101e-01
5000,layers.1.v_lut.log_soft_score_temp,6.111457e-01,1.520997e-02,2.488764e-02
5000,layers.1.v_lut.log_select_temp,9.026504e-01,8.624732e-03,9.554898e-03
5000,layers.1.out_proj.weights,2.598621e+02,2.707584e+01,1.041931e-01
5000,layers.1.out_proj.log_soft_score_temp,3.915254e-02,2.091230e-02,5.341236e-01
5000,layers.1.out_proj.log_select_temp,4.046418e-01,1.228291e-02,3.035501e-02
5000,layers.1.q_norm.weight,8.637005e+00,1.059357e-02,1.226533e-03
5000,layers.1.q_norm.bias,5.696942e-01,8.386968e-03,1.472188e-02
5000,layers.1.k_norm.weight,8.576477e+00,9.963387e-03,1.161711e-03
5000,layers.1.k_norm.bias,9.231952e-01,1.070063e-02,1.159087e-02
5000,layers.2.qk_lut.weights,9.140043e+01,9.136980e+00,9.996649e-02
5000,layers.2.qk_lut.log_soft_score_temp,3.824853e-01,6.365508e-03,1.664249e-02
5000,layers.2.qk_lut.log_select_temp,6.756254e-01,1.351833e-04,2.000862e-04
5000,layers.2.v_lut.weights,1.783265e+02,1.836230e+01,1.029702e-01
5000,layers.2.v_lut.log_soft_score_temp,6.213954e-01,1.565075e-02,2.518646e-02
5000,layers.2.v_lut.log_select_temp,1.008062e+00,3.249884e-03,3.223893e-03
5000,layers.2.out_proj.weights,2.656010e+02,2.743122e+01,1.032798e-01
5000,layers.2.out_proj.log_soft_score_temp,4.958459e-02,1.704707e-02,3.437978e-01
5000,layers.2.out_proj.log_select_temp,3.302900e-01,7.844746e-03,2.375109e-02
5000,layers.2.q_norm.weight,8.685006e+00,1.169908e-02,1.347043e-03
5000,layers.2.q_norm.bias,5.071588e-01,7.269584e-03,1.433394e-02
5000,layers.2.k_norm.weight,8.662095e+00,1.196508e-02,1.381315e-03
5000,layers.2.k_norm.bias,7.830384e-01,1.181059e-02,1.508303e-02
5000,layers.3.qk_lut.weights,9.103057e+01,9.162553e+00,1.006536e-01
5000,layers.3.qk_lut.log_soft_score_temp,8.274723e-02,1.421658e-02,1.718073e-01
5000,layers.3.qk_lut.log_select_temp,5.694771e-01,8.434057e-05,1.481018e-04
5000,layers.3.v_lut.weights,1.806758e+02,1.838815e+01,1.017743e-01
5000,layers.3.v_lut.log_soft_score_temp,5.600247e-01,1.731384e-02,3.091621e-02
5000,layers.3.v_lut.log_select_temp,1.027316e+00,4.279971e-03,4.166169e-03
5000,layers.3.out_proj.weights,3.926101e+02,2.964983e+01,7.551979e-02
5000,layers.3.out_proj.log_soft_score_temp,1.070622e-01,2.065007e-02,1.928793e-01
5000,layers.3.out_proj.log_select_temp,8.931000e-01,2.279878e-03,2.552769e-03
5000,layers.3.q_norm.weight,9.565584e+00,2.911745e-02,3.043980e-03
5000,layers.3.q_norm.bias,6.412839e-01,1.702914e-02,2.655476e-02
5000,layers.3.k_norm.weight,9.518417e+00,2.995800e-02,3.147372e-03
5000,layers.3.k_norm.bias,1.002426e+00,1.734808e-02,1.730610e-02
5000,layers.4.qk_lut.weights,9.075665e+01,9.261019e+00,1.020423e-01
5000,layers.4.qk_lut.log_soft_score_temp,1.474940e-01,1.684469e-02,1.142059e-01
5000,layers.4.qk_lut.log_select_temp,5.880822e-01,3.228784e-04,5.490361e-04
5000,layers.4.v_lut.weights,1.744228e+02,1.757812e+01,1.007788e-01
5000,layers.4.v_lut.log_soft_score_temp,8.400416e-01,1.170874e-02,1.393828e-02
5000,layers.4.v_lut.log_select_temp,1.093634e+00,1.875043e-03,1.714506e-03
5000,layers.4.out_proj.weights,3.576235e+02,2.912708e+01,8.144622e-02
5000,layers.4.out_proj.log_soft_score_temp,3.860753e-02,3.450699e-04,8.937892e-03
5000,layers.4.out_proj.log_select_temp,2.578401e-01,9.345070e-03,3.624366e-02
5000,layers.4.q_norm.weight,9.007880e+00,3.150361e-02,3.497339e-03
5000,layers.4.q_norm.bias,3.577483e-01,9.735939e-03,2.721449e-02
5000,layers.4.k_norm.weight,8.973584e+00,3.114665e-02,3.470926e-03
5000,layers.4.k_norm.bias,6.532294e-01,1.704653e-02,2.609578e-02
5000,layers.5.qk_lut.weights,9.189127e+01,9.311865e+00,1.013357e-01
5000,layers.5.qk_lut.log_soft_score_temp,2.453521e-01,5.452186e-03,2.222189e-02
5000,layers.5.qk_lut.log_select_temp,6.451179e-01,3.374994e-03,5.231592e-03
5000,layers.5.v_lut.weights,1.821751e+02,1.890759e+01,1.037880e-01
5000,layers.5.v_lut.log_soft_score_temp,4.585339e-01,1.710740e-02,3.730890e-02
5000,layers.5.v_lut.log_select_temp,1.028651e+00,1.556396e-03,1.513046e-03
5000,layers.5.out_proj.weights,2.786205e+02,2.767787e+01,9.933899e-02
5000,layers.5.out_proj.log_soft_score_temp,1.651957e-01,1.988901e-02,1.203966e-01
5000,layers.5.out_proj.log_select_temp,8.740893e-01,3.838897e-03,4.391882e-03
5000,layers.5.q_norm.weight,8.993257e+00,1.543879e-02,1.716707e-03
5000,layers.5.q_norm.bias,4.087202e-01,8.020476e-03,1.962339e-02
5000,layers.5.k_norm.weight,8.942433e+00,1.480192e-02,1.655245e-03
5000,layers.5.k_norm.bias,7.303700e-01,1.041894e-02,1.426529e-02
5000,read_out_lut.weights,2.243411e+02,2.137999e+01,9.530123e-02
5000,read_out_lut.log_soft_score_temp,1.793557e-01,8.803874e-03,4.908612e-02
5000,read_out_lut.log_select_temp,7.911085e-01,1.042283e-02,1.317496e-02
5000,ln_final.weight,3.424292e+01,3.858074e-01,1.126678e-02
5000,ln_final.bias,1.342076e+00,3.725696e-02,2.776070e-02
5200,tok_emb_E.weight,2.096545e+02,4.192109e+00,1.999532e-02
5200,unembedder.weight,2.080484e+02,8.399400e+00,4.037234e-02
5200,layers.0.qk_lut.weights,9.226908e+01,8.289788e+00,8.984362e-02
5200,layers.0.qk_lut.log_soft_score_temp,8.210286e-01,8.857250e-05,1.078799e-04
5200,layers.0.qk_lut.log_select_temp,8.932338e-01,1.439691e-03,1.611774e-03
5200,layers.0.v_lut.weights,1.810810e+02,1.745289e+01,9.638166e-02
5200,layers.0.v_lut.log_soft_score_temp,7.773521e-01,2.483308e-03,3.194573e-03
5200,layers.0.v_lut.log_select_temp,9.568624e-01,1.377881e-03,1.439999e-03
5200,layers.0.out_proj.weights,2.856573e+02,2.505207e+01,8.769974e-02
5200,layers.0.out_proj.log_soft_score_temp,3.106351e-01,1.335791e-02,4.300192e-02
5200,layers.0.out_proj.log_select_temp,7.858160e-01,4.352510e-03,5.538841e-03
5200,layers.0.q_norm.weight,8.797060e+00,1.150026e-02,1.307284e-03
5200,layers.0.q_norm.bias,7.917529e-01,7.981294e-03,1.008054e-02
5200,layers.0.k_norm.weight,8.778619e+00,1.060659e-02,1.208230e-03
5200,layers.0.k_norm.bias,7.463344e-01,1.046530e-02,1.402226e-02
5200,layers.1.qk_lut.weights,9.142460e+01,8.232992e+00,9.005226e-02
5200,layers.1.qk_lut.log_soft_score_temp,4.600567e-01,2.420843e-03,5.262053e-03
5200,layers.1.qk_lut.log_select_temp,6.523100e-01,7.795691e-04,1.195090e-03
5200,layers.1.v_lut.weights,1.806255e+02,1.726597e+01,9.558989e-02
5200,layers.1.v_lut.log_soft_score_temp,5.987653e-01,1.238042e-02,2.067659e-02
5200,layers.1.v_lut.log_select_temp,8.960531e-01,6.597221e-03,7.362533e-03
5200,layers.1.out_proj.weights,2.611699e+02,2.478911e+01,9.491566e-02
5200,layers.1.out_proj.log_soft_score_temp,5.795399e-02,1.880145e-02,3.244202e-01
5200,layers.1.out_proj.log_select_temp,3.936823e-01,1.095951e-02,2.783845e-02
5200,layers.1.q_norm.weight,8.637815e+00,7.188478e-03,8.322101e-04
5200,layers.1.q_norm.bias,5.704818e-01,4.980718e-03,8.730722e-03
5200,layers.1.k_norm.weight,8.577021e+00,6.883242e-03,8.025213e-04
5200,layers.1.k_norm.bias,9.264474e-01,1.124125e-02,1.213372e-02
5200,layers.2.qk_lut.weights,9.194792e+01,8.374849e+00,9.108253e-02
5200,layers.2.qk_lut.log_soft_score_temp,3.784293e-01,4.055977e-03,1.071793e-02
5200,layers.2.qk_lut.log_select_temp,6.764596e-01,8.341670e-04,1.233136e-03
5200,layers.2.v_lut.weights,1.793087e+02,1.684437e+01,9.394065e-02
5200,layers.2.v_lut.log_soft_score_temp,6.063703e-01,1.502514e-02,2.477882e-02
5200,layers.2.v_lut.log_select_temp,1.003957e+00,4.105091e-03,4.088912e-03
5200,layers.2.out_proj.weights,2.668797e+02,2.513069e+01,9.416484e-02
5200,layers.2.out_proj.log_soft_score_temp,6.572340e-02,1.613881e-02,2.455566e-01
5200,layers.2.out_proj.log_select_temp,3.233733e-01,6.916732e-03,2.138931e-02
5200,layers.2.q_norm.weight,8.689027e+00,8.905198e-03,1.024879e-03
5200,layers.2.q_norm.bias,5.086539e-01,5.702982e-03,1.121191e-02
5200,layers.2.k_norm.weight,8.665990e+00,8.796443e-03,1.015053e-03
5200,layers.2.k_norm.bias,7.873769e-01,1.075288e-02,1.365659e-02
5200,layers.3.qk_lut.weights,9.154950e+01,8.428514e+00,9.206511e-02
5200,layers.3.qk_lut.log_soft_score_temp,7.212808e-02,1.061915e-02,1.472263e-01
5200,layers.3.qk_lut.log_select_temp,5.709110e-01,1.433849e-03,2.511511e-03
5200,layers.3.v_lut.weights,1.816829e+02,1.685597e+01,9.277688e-02
5200,layers.3.v_lut.log_soft_score_temp,5.454070e-01,1.461768e-02,2.680142e-02
5200,layers.3.v_lut.log_select_temp,1.024730e+00,2.585888e-03,2.523482e-03
5200,layers.3.out_proj.weights,4.000392e+02,2.715559e+01,6.788233e-02
5200,layers.3.out_proj.log_soft_score_temp,8.736737e-02,1.969481e-02,2.254252e-01
5200,layers.3.out_proj.log_select_temp,8.901358e-01,2.964258e-03,3.330119e-03
5200,layers.3.q_norm.weight,9.584213e+00,2.611111e-02,2.724388e-03
5200,layers.3.q_norm.bias,6.510124e-01,1.553822e-02,2.386778e-02
5200,layers.3.k_norm.weight,9.537602e+00,2.685338e-02,2.815527e-03
5200,layers.3.k_norm.bias,1.007941e+00,1.303471e-02,1.293201e-02
5200,layers.4.qk_lut.weights,9.126730e+01,8.508471e+00,9.322585e-02
5200,layers.4.qk_lut.log_soft_score_temp,1.345373e-01,1.295672e-02,9.630579e-02
5200,layers.4.qk_lut.log_select_temp,5.895481e-01,1.465857e-03,2.486408e-03
5200,layers.4.v_lut.weights,1.754734e+02,1.609493e+01,9.172286e-02
5200,layers.4.v_lut.log_soft_score_temp,8.278880e-01,1.215363e-02,1.468028e-02
5200,layers.4.v_lut.log_select_temp,1.093652e+00,1.764297e-05,1.613217e-05
5200,layers.4.out_proj.weights,3.593318e+02,2.687445e+01,7.479008e-02
5200,layers.4.out_proj.log_soft_score_temp,3.864683e-02,3.930181e-05,1.016948e-03
5200,layers.4.out_proj.log_select_temp,2.650220e-01,7.181883e-03,2.709919e-02
5200,layers.4.q_norm.weight,9.025825e+00,2.679610e-02,2.968826e-03
5200,layers.4.q_norm.bias,3.601865e-01,8.015153e-03,2.225278e-02
5200,layers.4.k_norm.weight,8.990491e+00,2.673023e-02,2.973167e-03
5200,layers.4.k_norm.bias,6.598204e-01,1.355229e-02,2.053936e-02
5200,layers.5.qk_lut.weights,9.243973e+01,8.570304e+00,9.271234e-02
5200,layers.5.qk_lut.log_soft_score_temp,2.398844e-01,5.467698e-03,2.279306e-02
5200,layers.5.qk_lut.log_select_temp,6.469671e-01,1.849234e-03,2.858312e-03
5200,layers.5.v_lut.weights,1.831726e+02,1.734945e+01,9.471645e-02
5200,layers.5.v_lut.log_soft_score_temp,4.440860e-01,1.444790e-02,3.253401e-02
5200,layers.5.v_lut.log_select_temp,1.028414e+00,2.371073e-04,2.305562e-04
5200,layers.5.out_proj.weights,2.803847e+02,2.534150e+01,9.038118e-02
5200,layers.5.out_proj.log_soft_score_temp,1.471452e-01,1.805054e-02,1.226716e-01
5200,layers.5.out_proj.log_select_temp,8.759060e-01,1.816690e-03,2.074070e-03
5200,layers.5.q_norm.weight,9.002530e+00,1.487688e-02,1.652522e-03
5200,layers.5.q_norm.bias,4.107911e-01,6.919227e-03,1.684366e-02
5200,layers.5.k_norm.weight,8.951646e+00,1.450003e-02,1.619817e-03
5200,layers.5.k_norm.bias,7.327804e-01,7.773954e-03,1.060885e-02
5200,read_out_lut.weights,2.256482e+02,1.963853e+01,8.703161e-02
5200,read_out_lut.log_soft_score_temp,1.716042e-01,7.751524e-03,4.517096e-02
5200,read_out_lut.log_select_temp,8.001891e-01,9.080529e-03,1.134798e-02
5200,ln_final.weight,3.459230e+01,3.500110e-01,1.011817e-02
5200,ln_final.bias,1.348278e+00,3.364076e-02,2.495091e-02
5400,tok_emb_E.weight,2.097022e+02,3.828389e+00,1.825631e-02
5400,unembedder.weight,2.082005e+02,8.017792e+00,3.850995e-02
5400,layers.0.qk_lut.weights,9.272031e+01,7.576850e+00,8.171727e-02
5400,layers.0.qk_lut.log_soft_score_temp,8.200438e-01,9.848475e-04,1.200969e-03
5400,layers.0.qk_lut.log_select_temp,8.940279e-01,7.941127e-04,8.882415e-04
5400,layers.0.v_lut.weights,1.819406e+02,1.597447e+01,8.780046e-02
5400,layers.0.v_lut.log_soft_score_temp,7.753356e-01,2.016485e-03,2.600790e-03
5400,layers.0.v_lut.log_select_temp,9.580347e-01,1.172245e-03,1.223593e-03
5400,layers.0.out_proj.weights,2.874771e+02,2.288194e+01,7.959570e-02
5400,layers.0.out_proj.log_soft_score_temp,2.997029e-01,1.093227e-02,3.647702e-02
5400,layers.0.out_proj.log_select_temp,7.816804e-01,4.135549e-03,5.290588e-03
5400,layers.0.q_norm.weight,8.804360e+00,1.082593e-02,1.229610e-03
5400,layers.0.q_norm.bias,7.954172e-01,6.076304e-03,7.639141e-03
5400,layers.0.k_norm.weight,8.785187e+00,1.020656e-02,1.161792e-03
5400,layers.0.k_norm.bias,7.522857e-01,8.730935e-03,1.160588e-02
5400,layers.1.qk_lut.weights,9.187383e+01,7.505005e+00,8.168817e-02
5400,layers.1.qk_lut.log_soft_score_temp,4.561801e-01,3.876656e-03,8.498084e-03
5400,layers.1.qk_lut.log_select_temp,6.512199e-01,1.090050e-03,1.673858e-03
5400,layers.1.v_lut.weights,1.813994e+02,1.571697e+01,8.664288e-02
5400,layers.1.v_lut.log_soft_score_temp,5.865729e-01,1.219237e-02,2.078577e-02
5400,layers.1.v_lut.log_select_temp,8.889027e-01,7.150412e-03,8.044088e-03
5400,layers.1.out_proj.weights,2.622491e+02,2.258368e+01,8.611534e-02
5400,layers.1.out_proj.log_soft_score_temp,7.459961e-02,1.664562e-02,2.231328e-01
5400,layers.1.out_proj.log_select_temp,3.848470e-01,8.835286e-03,2.295792e-02
5400,layers.1.q_norm.weight,8.639047e+00,7.852147e-03,9.089136e-04
5400,layers.1.q_norm.bias,5.743110e-01,7.564047e-03,1.317065e-02
5400,layers.1.k_norm.weight,8.578388e+00,7.317664e-03,8.530348e-04
5400,layers.1.k_norm.bias,9.319859e-01,1.179304e-02,1.265367e-02
5400,layers.2.qk_lut.weights,9.240195e+01,7.654454e+00,8.283866e-02
5400,layers.2.qk_lut.log_soft_score_temp,3.743743e-01,4.054964e-03,1.083131e-02
5400,layers.2.qk_lut.log_select_temp,6.776183e-01,1.158655e-03,1.709893e-03
5400,layers.2.v_lut.weights,1.801220e+02,1.535514e+01,8.524857e-02
5400,layers.2.v_lut.log_soft_score_temp,5.947067e-01,1.166362e-02,1.961238e-02
5400,layers.2.v_lut.log_select_temp,1.001597e+00,2.360225e-03,2.356462e-03
5400,layers.2.out_proj.weights,2.679206e+02,2.289303e+01,8.544705e-02
5400,layers.2.out_proj.log_soft_score_temp,7.933693e-02,1.361354e-02,1.715914e-01
5400,layers.2.out_proj.log_select_temp,3.183682e-01,5.005091e-03,1.572108e-02
5400,layers.2.q_norm.weight,8.694758e+00,9.724007e-03,1.118376e-03
5400,layers.2.q_norm.bias,5.096220e-01,4.925274e-03,9.664563e-03
5400,layers.2.k_norm.weight,8.671607e+00,9.245685e-03,1.066202e-03
5400,layers.2.k_norm.bias,7.897941e-01,8.976598e-03,1.136575e-02
5400,layers.3.qk_lut.weights,9.198003e+01,7.723311e+00,8.396726e-02
5400,layers.3.qk_lut.log_soft_score_temp,6.260621e-02,9.521872e-03,1.520915e-01
5400,layers.3.qk_lut.log_select_temp,5.725731e-01,1.662135e-03,2.902922e-03
5400,layers.3.v_lut.weights,1.825020e+02,1.538379e+01,8.429383e-02
5400,layers.3.v_lut.log_soft_score_temp,5.311057e-01,1.430130e-02,2.692741e-02
5400,layers.3.v_lut.log_select_temp,1.021706e+00,3.024459e-03,2.960206e-03
5400,layers.3.out_proj.weights,4.068128e+02,2.472943e+01,6.078824e-02
5400,layers.3.out_proj.log_soft_score_temp,6.994934e-02,1.741803e-02,2.490092e-01
5400,layers.3.out_proj.log_select_temp,8.887203e-01,1.415491e-03,1.592730e-03
5400,layers.3.q_norm.weight,9.600542e+00,2.356716e-02,2.454774e-03
5400,layers.3.q_norm.bias,6.591861e-01,1.343962e-02,2.038821e-02
5400,layers.3.k_norm.weight,9.554076e+00,2.420572e-02,2.533549e-03
5400,layers.3.k_norm.bias,1.013991e+00,1.293313e-02,1.275467e-02
5400,layers.4.qk_lut.weights,9.169077e+01,7.742970e+00,8.444656e-02
5400,layers.4.qk_lut.log_soft_score_temp,1.221882e-01,1.234916e-02,1.010667e-01
5400,layers.4.qk_lut.log_select_temp,5.905820e-01,1.033962e-03,1.750751e-03
5400,layers.4.v_lut.weights,1.763435e+02,1.473178e+01,8.354027e-02
5400,layers.4.v_lut.log_soft_score_temp,8.174884e-01,1.039958e-02,1.272138e-02
5400,layers.4.v_lut.log_select_temp,1.094627e+00,9.753704e-04,8.910525e-04
5400,layers.4.out_proj.weights,3.608144e+02,2.428882e+01,6.731666e-02
5400,layers.4.out_proj.log_soft_score_temp,3.958377e-02,9.369440e-04,2.366990e-02
5400,layers.4.out_proj.log_select_temp,2.726650e-01,7.643014e-03,2.803078e-02
5400,layers.4.q_norm.weight,9.045387e+00,2.589368e-02,2.862639e-03
5400,layers.4.q_norm.bias,3.652245e-01,8.702496e-03,2.382780e-02
5400,layers.4.k_norm.weight,9.009011e+00,2.507155e-02,2.782942e-03
5400,layers.4.k_norm.bias,6.689998e-01,1.290219e-02,1.928579e-02
5400,layers.5.qk_lut.weights,9.289343e+01,7.832892e+00,8.432127e-02
5400,layers.5.qk_lut.log_soft_score_temp,2.355798e-01,4.304603e-03,1.827238e-02
5400,layers.5.qk_lut.log_select_temp,6.491718e-01,2.204657e-03,3.396107e-03
5400,layers.5.v_lut.weights,1.839902e+02,1.580680e+01,8.591107e-02
5400,layers.5.v_lut.log_soft_score_temp,4.299859e-01,1.410019e-02,3.279223e-02
5400,layers.5.v_lut.log_select_temp,1.026748e+00,1.665711e-03,1.622317e-03
5400,layers.5.out_proj.weights,2.818329e+02,2.311217e+01,8.200663e-02
5400,layers.5.out_proj.log_soft_score_temp,1.306459e-01,1.649930e-02,1.262902e-01
5400,layers.5.out_proj.log_select_temp,8.757384e-01,1.676083e-04,1.913908e-04
5400,layers.5.q_norm.weight,9.009473e+00,1.146611e-02,1.272672e-03
5400,layers.5.q_norm.bias,4.123885e-01,6.745991e-03,1.635834e-02
5400,layers.5.k_norm.weight,8.958377e+00,1.084579e-02,1.210687e-03
5400,layers.5.k_norm.bias,7.339236e-01,8.357037e-03,1.138679e-02
5400,read_out_lut.weights,2.267454e+02,1.797309e+01,7.926552e-02
5400,read_out_lut.log_soft_score_temp,1.651469e-01,6.457254e-03,3.910006e-02
5400,read_out_lut.log_select_temp,8.097095e-01,9.520471e-03,1.175788e-02
5400,ln_final.weight,3.491721e+01,3.254327e-01,9.320125e-03
5400,ln_final.bias,1.356085e+00,3.243147e-02,2.391551e-02
5600,tok_emb_E.weight,2.097408e+02,3.488419e+00,1.663205e-02
5600,unembedder.weight,2.082952e+02,7.165493e+00,3.440067e-02
5600,layers.0.qk_lut.weights,9.308459e+01,6.905374e+00,7.418386e-02
5600,layers.0.qk_lut.log_soft_score_temp,8.202530e-01,2.091527e-04,2.549856e-04
5600,layers.0.qk_lut.log_select_temp,8.954687e-01,1.440823e-03,1.609016e-03
5600,layers.0.v_lut.weights,1.826155e+02,1.452463e+01,7.953666e-02
5600,layers.0.v_lut.log_soft_score_temp,7.734138e-01,1.921773e-03,2.484793e-03
5600,layers.0.v_lut.log_select_temp,9.588098e-01,7.750988e-04,8.083968e-04
5600,layers.0.out_proj.weights,2.890244e+02,2.070253e+01,7.162902e-02
5600,layers.0.out_proj.log_soft_score_temp,2.904631e-01,9.239733e-03,3.181035e-02
5600,layers.0.out_proj.log_select_temp,7.786758e-01,3.004611e-03,3.858616e-03
5600,layers.0.q_norm.weight,8.810623e+00,9.190101e-03,1.043071e-03
5600,layers.0.q_norm.bias,8.001759e-01,7.296526e-03,9.118653e-03
5600,layers.0.k_norm.weight,8.791071e+00,8.404106e-03,9.559820e-04
5600,layers.0.k_norm.bias,7.552688e-01,7.115717e-03,9.421436e-03
5600,layers.1.qk_lut.weights,9.221503e+01,6.890215e+00,7.471900e-02
5600,layers.1.qk_lut.log_soft_score_temp,4.543703e-01,1.809716e-03,3.982910e-03
5600,layers.1.qk_lut.log_select_temp,6.512733e-01,5.340576e-05,8.200207e-05
5600,layers.1.v_lut.weights,1.819998e+02,1.422915e+01,7.818225e-02
5600,layers.1.v_lut.log_soft_score_temp,5.740355e-01,1.253736e-02,2.184074e-02
5600,layers.1.v_lut.log_select_temp,8.806633e-01,8.239448e-03,9.355957e-03
5600,layers.1.out_proj.weights,2.631085e+02,2.047293e+01,7.781173e-02
5600,layers.1.out_proj.log_soft_score_temp,9.033580e-02,1.573619e-02,1.741966e-01
5600,layers.1.out_proj.log_select_temp,3.753987e-01,9.448349e-03,2.516884e-02
5600,layers.1.q_norm.weight,8.641069e+00,6.882275e-03,7.964611e-04
5600,layers.1.q_norm.bias,5.770573e-01,6.122455e-03,1.060979e-02
5600,layers.1.k_norm.weight,8.580189e+00,6.899185e-03,8.040832e-04
5600,layers.1.k_norm.bias,9.369383e-01,8.763841e-03,9.353702e-03
5600,layers.2.qk_lut.weights,9.277601e+01,6.950181e+00,7.491356e-02
5600,layers.2.qk_lut.log_soft_score_temp,3.709701e-01,3.404260e-03,9.176642e-03
5600,layers.2.qk_lut.log_select_temp,6.786574e-01,1.039147e-03,1.531181e-03
5600,layers.2.v_lut.weights,1.807892e+02,1.391430e+01,7.696422e-02
5600,layers.2.v_lut.log_soft_score_temp,5.831652e-01,1.154143e-02,1.979101e-02
5600,layers.2.v_lut.log_select_temp,9.991886e-01,2.407968e-03,2.409923e-03
5600,layers.2.out_proj.weights,2.687848e+02,2.072323e+01,7.709971e-02
5600,layers.2.out_proj.log_soft_score_temp,9.127510e-02,1.193817e-02,1.307933e-01
5600,layers.2.out_proj.log_select_temp,3.145648e-01,3.803372e-03,1.209090e-02
5600,layers.2.q_norm.weight,8.701739e+00,9.134327e-03,1.049713e-03
5600,layers.2.q_norm.bias,5.119755e-01,4.775160e-03,9.326930e-03
5600,layers.2.k_norm.weight,8.678370e+00,8.914803e-03,1.027244e-03
5600,layers.2.k_norm.bias,7.928579e-01,9.011673e-03,1.136606e-02
5600,layers.3.qk_lut.weights,9.233082e+01,7.007330e+00,7.589373e-02
5600,layers.3.qk_lut.log_soft_score_temp,5.480019e-02,7.806018e-03,1.424451e-01
5600,layers.3.qk_lut.log_select_temp,5.747750e-01,2.201855e-03,3.830813e-03
5600,layers.3.v_lut.weights,1.831759e+02,1.393335e+01,7.606539e-02
5600,layers.3.v_lut.log_soft_score_temp,5.181575e-01,1.294816e-02,2.498884e-02
5600,layers.3.v_lut.log_select_temp,1.018925e+00,2.780557e-03,2.728912e-03
5600,layers.3.out_proj.weights,4.129160e+02,2.236737e+01,5.416931e-02
5600,layers.3.out_proj.log_soft_score_temp,5.453464e-02,1.541470e-02,2.826589e-01
5600,layers.3.out_proj.log_select_temp,8.870097e-01,1.710594e-03,1.928495e-03
5600,layers.3.q_norm.weight,9.614380e+00,1.998471e-02,2.078627e-03
5600,layers.3.q_norm.bias,6.668609e-01,1.166446e-02,1.749159e-02
5600,layers.3.k_norm.weight,9.568009e+00,2.013137e-02,2.104029e-03
5600,layers.3.k_norm.bias,1.020627e+00,1.295813e-02,1.269624e-02
5600,layers.4.qk_lut.weights,9.204502e+01,7.062376e+00,7.672740e-02
5600,layers.4.qk_lut.log_soft_score_temp,1.118213e-01,1.036686e-02,9.270921e-02
5600,layers.4.qk_lut.log_select_temp,5.927368e-01,2.154827e-03,3.635386e-03
5600,layers.4.v_lut.weights,1.770632e+02,1.332651e+01,7.526412e-02
5600,layers.4.v_lut.log_soft_score_temp,8.069578e-01,1.053053e-02,1.304967e-02
5600,layers.4.v_lut.log_select_temp,1.093899e+00,7.284880e-04,6.659556e-04
5600,layers.4.out_proj.weights,3.620352e+02,2.198566e+01,6.072795e-02
5600,layers.4.out_proj.log_soft_score_temp,4.036957e-02,7.857978e-04,1.946510e-02
5600,layers.4.out_proj.log_select_temp,2.800075e-01,7.342488e-03,2.622247e-02
5600,layers.4.q_norm.weight,9.062668e+00,2.239379e-02,2.470993e-03
5600,layers.4.q_norm.bias,3.673678e-01,7.722487e-03,2.102113e-02
5600,layers.4.k_norm.weight,9.025504e+00,2.243308e-02,2.485521e-03
5600,layers.4.k_norm.bias,6.758156e-01,1.002421e-02,1.483276e-02
5600,layers.5.qk_lut.weights,9.325956e+01,7.121762e+00,7.636496e-02
5600,layers.5.qk_lut.log_soft_score_temp,2.320694e-01,3.510341e-03,1.512625e-02
5600,layers.5.qk_lut.log_select_temp,6.511250e-01,1.953185e-03,2.999708e-03
5600,layers.5.v_lut.weights,1.846501e+02,1.432167e+01,7.756113e-02
5600,layers.5.v_lut.log_soft_score_temp,4.168699e-01,1.311597e-02,3.146299e-02
5600,layers.5.v_lut.log_select_temp,1.025999e+00,7.494688e-04,7.304772e-04
5600,layers.5.out_proj.weights,2.830627e+02,2.092368e+01,7.391888e-02
5600,layers.5.out_proj.log_soft_score_temp,1.163000e-01,1.434587e-02,1.233522e-01
5600,layers.5.out_proj.log_select_temp,8.768230e-01,1.084626e-03,1.236995e-03
5600,layers.5.q_norm.weight,9.015404e+00,9.890648e-03,1.097083e-03
5600,layers.5.q_norm.bias,4.125258e-01,5.586644e-03,1.354253e-02
5600,layers.5.k_norm.weight,8.964557e+00,9.924359e-03,1.107066e-03
5600,layers.5.k_norm.bias,7.368040e-01,8.990710e-03,1.220231e-02
5600,read_out_lut.weights,2.276408e+02,1.631325e+01,7.166223e-02
5600,read_out_lut.log_soft_score_temp,1.603917e-01,4.755214e-03,2.964751e-02
5600,read_out_lut.log_select_temp,8.183521e-01,8.642554e-03,1.056092e-02
5600,ln_final.weight,3.521517e+01,2.984222e-01,8.474250e-03
5600,ln_final.bias,1.361452e+00,2.903164e-02,2.132402e-02
5800,tok_emb_E.weight,2.097732e+02,3.150622e+00,1.501918e-02
5800,unembedder.weight,2.082766e+02,6.385831e+00,3.066035e-02
5800,layers.0.qk_lut.weights,9.338375e+01,6.232231e+00,6.673785e-02
5800,layers.0.qk_lut.log_soft_score_temp,8.210267e-01,7.737279e-04,9.423907e-04
5800,layers.0.qk_lut.log_select_temp,8.969256e-01,1.456916e-03,1.624345e-03
5800,layers.0.v_lut.weights,1.831675e+02,1.310381e+01,7.154005e-02
5800,layers.0.v_lut.log_soft_score_temp,7.726268e-01,7.870793e-04,1.018706e-03
5800,layers.0.v_lut.log_select_temp,9.603282e-01,1.518428e-03,1.581156e-03
5800,layers.0.out_proj.weights,2.903132e+02,1.865433e+01,6.425586e-02
5800,layers.0.out_proj.log_soft_score_temp,2.825060e-01,7.957190e-03,2.816645e-02
5800,layers.0.out_proj.log_select_temp,7.758728e-01,2.802968e-03,3.612664e-03
5800,layers.0.q_norm.weight,8.817858e+00,1.011179e-02,1.146740e-03
5800,layers.0.q_norm.bias,8.045038e-01,6.380511e-03,7.930990e-03
5800,layers.0.k_norm.weight,8.797845e+00,9.763834e-03,1.109798e-03
5800,layers.0.k_norm.bias,7.596317e-01,7.894551e-03,1.039260e-02
5800,layers.1.qk_lut.weights,9.252444e+01,6.233655e+00,6.737306e-02
5800,layers.1.qk_lut.log_soft_score_temp,4.526514e-01,1.718968e-03,3.797554e-03
5800,layers.1.qk_lut.log_select_temp,6.514426e-01,1.693368e-04,2.599412e-04
5800,layers.1.v_lut.weights,1.824728e+02,1.286250e+01,7.048994e-02
5800,layers.1.v_lut.log_soft_score_temp,5.650587e-01,8.976817e-03,1.588652e-02
5800,layers.1.v_lut.log_select_temp,8.753272e-01,5.336046e-03,6.096059e-03
5800,layers.1.out_proj.weights,2.637911e+02,1.844981e+01,6.994098e-02
5800,layers.1.out_proj.log_soft_score_temp,1.044325e-01,1.409668e-02,1.349837e-01
5800,layers.1.out_proj.log_select_temp,3.669850e-01,8.413702e-03,2.292656e-02
5800,layers.1.q_norm.weight,8.643576e+00,5.959651e-03,6.894891e-04
5800,layers.1.q_norm.bias,5.795282e-01,5.899077e-03,1.017910e-02
5800,layers.1.k_norm.weight,8.582374e+00,6.785775e-03,7.906641e-04
5800,layers.1.k_norm.bias,9.391824e-01,7.788246e-03,8.292581e-03
5800,layers.2.qk_lut.weights,9.308914e+01,6.269892e+00,6.735363e-02
5800,layers.2.qk_lut.log_soft_score_temp,3.681668e-01,2.803296e-03,7.614201e-03
5800,layers.2.qk_lut.log_select_temp,6.795095e-01,8.521080e-04,1.254005e-03
5800,layers.2.v_lut.weights,1.813202e+02,1.258456e+01,6.940516e-02
5800,layers.2.v_lut.log_soft_score_temp,5.739082e-01,9.257019e-03,1.612979e-02
5800,layers.2.v_lut.log_select_temp,9.970666e-01,2.121985e-03,2.128228e-03
5800,layers.2.out_proj.weights,2.694527e+02,1.869254e+01,6.937223e-02
5800,layers.2.out_proj.log_soft_score_temp,1.020982e-01,1.082310e-02,1.060068e-01
5800,layers.2.out_proj.log_select_temp,3.103912e-01,4.173636e-03,1.344638e-02
5800,layers.2.q_norm.weight,8.705027e+00,7.819993e-03,8.983308e-04
5800,layers.2.q_norm.bias,5.133796e-01,5.088082e-03,9.910955e-03
5800,layers.2.k_norm.weight,8.681460e+00,7.224214e-03,8.321427e-04
5800,layers.2.k_norm.bias,7.946696e-01,8.056148e-03,1.013773e-02
5800,layers.3.qk_lut.weights,9.260915e+01,6.301220e+00,6.804101e-02
5800,layers.3.qk_lut.log_soft_score_temp,4.896314e-02,5.837046e-03,1.192130e-01
5800,layers.3.qk_lut.log_select_temp,5.772685e-01,2.493560e-03,4.319585e-03
5800,layers.3.v_lut.weights,1.837068e+02,1.257945e+01,6.847567e-02
5800,layers.3.v_lut.log_soft_score_temp,5.074602e-01,1.069731e-02,2.108009e-02
5800,layers.3.v_lut.log_select_temp,1.016098e+00,2.826571e-03,2.781789e-03
5800,layers.3.out_proj.weights,4.184172e+02,2.018551e+01,4.824255e-02
5800,layers.3.out_proj.log_soft_score_temp,4.046587e-02,1.406877e-02,3.476699e-01
5800,layers.3.out_proj.log_select_temp,8.859566e-01,1.053035e-03,1.188586e-03
5800,layers.3.q_norm.weight,9.627631e+00,1.791567e-02,1.860860e-03
5800,layers.3.q_norm.bias,6.741939e-01,1.090011e-02,1.616761e-02
5800,layers.3.k_norm.weight,9.581128e+00,1.823015e-02,1.902715e-03
5800,layers.3.k_norm.bias,1.027271e+00,1.071171e-02,1.042735e-02
5800,layers.4.qk_lut.weights,9.232159e+01,6.360618e+00,6.889631e-02
5800,layers.4.qk_lut.log_soft_score_temp,1.024064e-01,9.414859e-03,9.193620e-02
5800,layers.4.qk_lut.log_select_temp,5.943398e-01,1.602948e-03,2.697022e-03
5800,layers.4.v_lut.weights,1.776649e+02,1.207013e+01,6.793761e-02
5800,layers.4.v_lut.log_soft_score_temp,7.977926e-01,9.165227e-03,1.148823e-02
5800,layers.4.v_lut.log_select_temp,1.093833e+00,6.592274e-05,6.026765e-05
5800,layers.4.out_proj.weights,3.631189e+02,1.984610e+01,5.465456e-02
5800,layers.4.out_proj.log_soft_score_temp,4.257343e-02,2.203856e-03,5.176599e-02
5800,layers.4.out_proj.log_select_temp,2.883180e-01,8.310527e-03,2.882416e-02
5800,layers.4.q_norm.weight,9.079769e+00,2.132656e-02,2.348800e-03
5800,layers.4.q_norm.bias,3.714707e-01,7.122759e-03,1.917449e-02
5800,layers.4.k_norm.weight,9.041564e+00,2.130525e-02,2.356368e-03
5800,layers.4.k_norm.bias,6.831003e-01,1.020797e-02,1.494359e-02
5800,layers.5.qk_lut.weights,9.356442e+01,6.418401e+00,6.859874e-02
5800,layers.5.qk_lut.log_soft_score_temp,2.286972e-01,3.372267e-03,1.474556e-02
5800,layers.5.qk_lut.log_select_temp,6.529362e-01,1.811266e-03,2.774032e-03
5800,layers.5.v_lut.weights,1.851937e+02,1.291509e+01,6.973830e-02
5800,layers.5.v_lut.log_soft_score_temp,4.051137e-01,1.175621e-02,2.901954e-02
5800,layers.5.v_lut.log_select_temp,1.024580e+00,1.418471e-03,1.384441e-03
5800,layers.5.out_proj.weights,2.840737e+02,1.885407e+01,6.637034e-02
5800,layers.5.out_proj.log_soft_score_temp,1.035860e-01,1.271400e-02,1.227385e-01
5800,layers.5.out_proj.log_select_temp,8.780980e-01,1.274943e-03,1.451938e-03
5800,layers.5.q_norm.weight,9.023446e+00,1.185259e-02,1.313533e-03
5800,layers.5.q_norm.bias,4.152393e-01,5.451436e-03,1.312842e-02
5800,layers.5.k_norm.weight,8.972291e+00,1.101188e-02,1.227321e-03
5800,layers.5.k_norm.bias,7.398966e-01,9.442067e-03,1.276133e-02
5800,read_out_lut.weights,2.283735e+02,1.483190e+01,6.494582e-02
5800,read_out_lut.log_soft_score_temp,1.557720e-01,4.619732e-03,2.965702e-02
5800,read_out_lut.log_select_temp,8.267311e-01,8.378983e-03,1.013508e-02
5800,ln_final.weight,3.548306e+01,2.683121e-01,7.561694e-03
5800,ln_final.bias,1.368111e+00,2.738368e-02,2.001569e-02
6000,tok_emb_E.weight,2.097994e+02,2.836989e+00,1.352239e-02
6000,unembedder.weight,2.083393e+02,6.008364e+00,2.883932e-02
6000,layers.0.qk_lut.weights,9.362707e+01,5.637586e+00,6.021321e-02
6000,layers.0.qk_lut.log_soft_score_temp,8.207603e-01,2.664328e-04,3.246170e-04
6000,layers.0.qk_lut.log_select_temp,8.972307e-01,3.050566e-04,3.399979e-04
6000,layers.0.v_lut.weights,1.836131e+02,1.177207e+01,6.411344e-02
6000,layers.0.v_lut.log_soft_score_temp,7.717755e-01,8.512735e-04,1.103007e-03
6000,layers.0.v_lut.log_select_temp,9.614488e-01,1.120567e-03,1.165499e-03
6000,layers.0.out_proj.weights,2.913834e+02,1.676189e+01,5.752520e-02
6000,layers.0.out_proj.log_soft_score_temp,2.767337e-01,5.772293e-03,2.085866e-02
6000,layers.0.out_proj.log_select_temp,7.737821e-01,2.090752e-03,2.701991e-03
6000,layers.0.q_norm.weight,8.822200e+00,7.364166e-03,8.347312e-04
6000,layers.0.q_norm.bias,8.090761e-01,6.232534e-03,7.703273e-03
6000,layers.0.k_norm.weight,8.802018e+00,7.071681e-03,8.034159e-04
6000,layers.0.k_norm.bias,7.638531e-01,8.062066e-03,1.055447e-02
6000,layers.1.qk_lut.weights,9.277721e+01,5.593251e+00,6.028691e-02
6000,layers.1.qk_lut.log_soft_score_temp,4.532311e-01,5.796850e-04,1.279005e-03
6000,layers.1.qk_lut.log_select_temp,6.537127e-01,2.270103e-03,3.472630e-03
6000,layers.1.v_lut.weights,1.828578e+02,1.156752e+01,6.325964e-02
6000,layers.1.v_lut.log_soft_score_temp,5.583119e-01,6.746829e-03,1.208434e-02
6000,layers.1.v_lut.log_select_temp,8.715483e-01,3.778934e-03,4.335886e-03
6000,layers.1.out_proj.weights,2.643448e+02,1.656359e+01,6.265901e-02
6000,layers.1.out_proj.log_soft_score_temp,1.157808e-01,1.134829e-02,9.801535e-02
6000,layers.1.out_proj.log_select_temp,3.614357e-01,5.549282e-03,1.535344e-02
6000,layers.1.q_norm.weight,8.645749e+00,6.544298e-03,7.569382e-04
6000,layers.1.q_norm.bias,5.802962e-01,5.057551e-03,8.715466e-03
6000,layers.1.k_norm.weight,8.584526e+00,5.935492e-03,6.914176e-04
6000,layers.1.k_norm.bias,9.407324e-01,5.174497e-03,5.500498e-03
6000,layers.2.qk_lut.weights,9.334025e+01,5.638256e+00,6.040541e-02
6000,layers.2.qk_lut.log_soft_score_temp,3.664260e-01,1.740813e-03,4.750791e-03
6000,layers.2.qk_lut.log_select_temp,6.810389e-01,1.529396e-03,2.245680e-03
6000,layers.2.v_lut.weights,1.817485e+02,1.125116e+01,6.190511e-02
6000,layers.2.v_lut.log_soft_score_temp,5.659472e-01,7.961035e-03,1.406675e-02
6000,layers.2.v_lut.log_select_temp,9.955959e-01,1.470745e-03,1.477251e-03
6000,layers.2.out_proj.weights,2.699987e+02,1.675567e+01,6.205833e-02
6000,layers.2.out_proj.log_soft_score_temp,1.108093e-01,8.711077e-03,7.861325e-02
6000,layers.2.out_proj.log_select_temp,3.082423e-01,2.148837e-03,6.971258e-03
6000,layers.2.q_norm.weight,8.708808e+00,7.380858e-03,8.475165e-04
6000,layers.2.q_norm.bias,5.143076e-01,3.809421e-03,7.406892e-03
6000,layers.2.k_norm.weight,8.685099e+00,7.183167e-03,8.270680e-04
6000,layers.2.k_norm.bias,7.972080e-01,6.958523e-03,8.728618e-03
6000,layers.3.qk_lut.weights,9.283408e+01,5.698367e+00,6.138228e-02
6000,layers.3.qk_lut.log_soft_score_temp,4.337368e-02,5.589467e-03,1.288677e-01
6000,layers.3.qk_lut.log_select_temp,5.784255e-01,1.156986e-03,2.000233e-03
6000,layers.3.v_lut.weights,1.841551e+02,1.127926e+01,6.124867e-02
6000,layers.3.v_lut.log_soft_score_temp,4.976997e-01,9.760559e-03,1.961134e-02
6000,layers.3.v_lut.log_select_temp,1.013508e+00,2.590775e-03,2.556247e-03
6000,layers.3.out_proj.weights,4.233057e+02,1.808701e+01,4.272801e-02
6000,layers.3.out_proj.log_soft_score_temp,2.824515e-02,1.222072e-02,4.326661e-01
6000,layers.3.out_proj.log_select_temp,8.843735e-01,1.583159e-03,1.790147e-03
6000,layers.3.q_norm.weight,9.639305e+00,1.486603e-02,1.542231e-03
6000,layers.3.q_norm.bias,6.804133e-01,8.812468e-03,1.295164e-02
6000,layers.3.k_norm.weight,9.592690e+00,1.500125e-02,1.563821e-03
6000,layers.3.k_norm.bias,1.033059e+00,9.857877e-03,9.542413e-03
6000,layers.4.qk_lut.weights,9.254517e+01,5.712805e+00,6.172991e-02
6000,layers.4.qk_lut.log_soft_score_temp,9.460511e-02,7.801332e-03,8.246205e-02
6000,layers.4.qk_lut.log_select_temp,5.965853e-01,2.245486e-03,3.763897e-03
6000,layers.4.v_lut.weights,1.781392e+02,1.081542e+01,6.071333e-02
6000,layers.4.v_lut.log_soft_score_temp,7.886987e-01,9.093881e-03,1.153023e-02
6000,layers.4.v_lut.log_select_temp,1.092522e+00,1.310706e-03,1.199707e-03
6000,layers.4.out_proj.weights,3.640055e+02,1.780070e+01,4.890227e-02
6000,layers.4.out_proj.log_soft_score_temp,4.300864e-02,4.352182e-04,1.011932e-02
6000,layers.4.out_proj.log_select_temp,2.947079e-01,6.389886e-03,2.168210e-02
6000,layers.4.q_norm.weight,9.090426e+00,1.644340e-02,1.808870e-03
6000,layers.4.q_norm.bias,3.724372e-01,6.258302e-03,1.680365e-02
6000,layers.4.k_norm.weight,9.051750e+00,1.626961e-02,1.797400e-03
6000,layers.4.k_norm.bias,6.887344e-01,8.782607e-03,1.275181e-02
6000,layers.5.qk_lut.weights,9.381198e+01,5.764191e+00,6.144408e-02
6000,layers.5.qk_lut.log_soft_score_temp,2.267206e-01,1.976520e-03,8.717865e-03
6000,layers.5.qk_lut.log_select_temp,6.552410e-01,2.304733e-03,3.517382e-03
6000,layers.5.v_lut.weights,1.856126e+02,1.158893e+01,6.243610e-02
6000,layers.5.v_lut.log_soft_score_temp,3.953131e-01,9.800553e-03,2.479188e-02
6000,layers.5.v_lut.log_select_temp,1.024665e+00,8.416176e-05,8.213592e-05
6000,layers.5.out_proj.weights,2.848957e+02,1.692783e+01,5.941765e-02
6000,layers.5.out_proj.log_soft_score_temp,9.199767e-02,1.158836e-02,1.259637e-01
6000,layers.5.out_proj.log_select_temp,8.784586e-01,3.606677e-04,4.105688e-04
6000,layers.5.q_norm.weight,9.029252e+00,9.489049e-03,1.050923e-03
6000,layers.5.q_norm.bias,4.150285e-01,5.127947e-03,1.235565e-02
6000,layers.5.k_norm.weight,8.978181e+00,9.431174e-03,1.050455e-03
6000,layers.5.k_norm.bias,7.411103e-01,5.888532e-03,7.945554e-03
6000,read_out_lut.weights,2.289600e+02,1.334963e+01,5.830551e-02
6000,read_out_lut.log_soft_score_temp,1.514025e-01,4.369482e-03,2.886005e-02
6000,read_out_lut.log_select_temp,8.350176e-01,8.286536e-03,9.923785e-03
6000,ln_final.weight,3.572526e+01,2.425601e-01,6.789597e-03
6000,ln_final.bias,1.374283e+00,2.532839e-02,1.843026e-02
6200,tok_emb_E.weight,2.098201e+02,2.526265e+00,1.204015e-02
6200,unembedder.weight,2.083523e+02,5.266039e+00,2.527469e-02
6200,layers.0.qk_lut.weights,9.381493e+01,5.034177e+00,5.366072e-02
6200,layers.0.qk_lut.log_soft_score_temp,8.212455e-01,4.852414e-04,5.908604e-04
6200,layers.0.qk_lut.log_select_temp,8.980950e-01,8.642673e-04,9.623340e-04
6200,layers.0.v_lut.weights,1.839581e+02,1.053456e+01,5.726606e-02
6200,layers.0.v_lut.log_soft_score_temp,7.722615e-01,4.860163e-04,6.293416e-04
6200,layers.0.v_lut.log_select_temp,9.630541e-01,1.605272e-03,1.666856e-03
6200,layers.0.out_proj.weights,2.923028e+02,1.497106e+01,5.121764e-02
6200,layers.0.out_proj.log_soft_score_temp,2.737905e-01,2.943188e-03,1.074978e-02
6200,layers.0.out_proj.log_select_temp,7.734799e-01,3.021359e-04,3.906190e-04
6200,layers.0.q_norm.weight,8.828427e+00,9.797186e-03,1.109732e-03
6200,layers.0.q_norm.bias,8.135265e-01,6.700220e-03,8.236019e-03
6200,layers.0.k_norm.weight,8.807715e+00,8.839173e-03,1.003572e-03
6200,layers.0.k_norm.bias,7.696962e-01,7.672278e-03,9.967929e-03
6200,layers.1.qk_lut.weights,9.296933e+01,5.005455e+00,5.383986e-02
6200,layers.1.qk_lut.log_soft_score_temp,4.516051e-01,1.625985e-03,3.600458e-03
6200,layers.1.qk_lut.log_select_temp,6.535055e-01,2.072453e-04,3.171287e-04
6200,layers.1.v_lut.weights,1.831548e+02,1.032011e+01,5.634637e-02
6200,layers.1.v_lut.log_soft_score_temp,5.521981e-01,6.113768e-03,1.107169e-02
6200,layers.1.v_lut.log_select_temp,8.679751e-01,3.573239e-03,4.116753e-03
6200,layers.1.out_proj.weights,2.647714e+02,1.478162e+01,5.582786e-02
6200,layers.1.out_proj.log_soft_score_temp,1.261640e-01,1.038328e-02,8.229982e-02
6200,layers.1.out_proj.log_select_temp,3.560101e-01,5.425602e-03,1.524002e-02
6200,layers.1.q_norm.weight,8.645493e+00,5.607887e-03,6.486487e-04
6200,layers.1.q_norm.bias,5.810925e-01,4.465458e-03,7.684590e-03
6200,layers.1.k_norm.weight,8.584326e+00,5.773788e-03,6.725966e-04
6200,layers.1.k_norm.bias,9.428372e-01,6.812146e-03,7.225156e-03
6200,layers.2.qk_lut.weights,9.353510e+01,5.036488e+00,5.384597e-02
6200,layers.2.qk_lut.log_soft_score_temp,3.637471e-01,2.678871e-03,7.364653e-03
6200,layers.2.qk_lut.log_select_temp,6.814773e-01,4.383922e-04,6.432968e-04
6200,layers.2.v_lut.weights,1.820892e+02,1.004169e+01,5.514709e-02
6200,layers.2.v_lut.log_soft_score_temp,5.587257e-01,7.221460e-03,1.292488e-02
6200,layers.2.v_lut.log_select_temp,9.945167e-01,1.079202e-03,1.085152e-03
6200,layers.2.out_proj.weights,2.704145e+02,1.495712e+01,5.531182e-02
6200,layers.2.out_proj.log_soft_score_temp,1.185207e-01,7.711448e-03,6.506413e-02
6200,layers.2.out_proj.log_select_temp,3.061833e-01,2.059013e-03,6.724771e-03
6200,layers.2.q_norm.weight,8.712390e+00,6.335271e-03,7.271565e-04
6200,layers.2.q_norm.bias,5.151653e-01,3.771193e-03,7.320355e-03
6200,layers.2.k_norm.weight,8.688550e+00,5.906512e-03,6.798041e-04
6200,layers.2.k_norm.bias,7.996850e-01,6.831522e-03,8.542766e-03
6200,layers.3.qk_lut.weights,9.301974e+01,5.096199e+00,5.478621e-02
6200,layers.3.qk_lut.log_soft_score_temp,3.902030e-02,4.353378e-03,1.115670e-01
6200,layers.3.qk_lut.log_select_temp,5.806860e-01,2.260447e-03,3.892718e-03
6200,layers.3.v_lut.weights,1.844999e+02,1.004045e+01,5.441980e-02
6200,layers.3.v_lut.log_soft_score_temp,4.889452e-01,8.754492e-03,1.790485e-02
6200,layers.3.v_lut.log_select_temp,1.011152e+00,2.355814e-03,2.329832e-03
6200,layers.3.out_proj.weights,4.276488e+02,1.611657e+01,3.768646e-02
6200,layers.3.out_proj.log_soft_score_temp,1.726292e-02,1.098224e-02,6.361750e-01
6200,layers.3.out_proj.log_select_temp,8.822020e-01,2.171516e-03,2.461473e-03
6200,layers.3.q_norm.weight,9.648682e+00,1.330170e-02,1.378603e-03
6200,layers.3.q_norm.bias,6.856511e-01,8.602165e-03,1.254598e-02
6200,layers.3.k_norm.weight,9.602127e+00,1.359114e-02,1.415430e-03
6200,layers.3.k_norm.bias,1.036761e+00,8.038811e-03,7.753773e-03
6200,layers.4.qk_lut.weights,9.272075e+01,5.133973e+00,5.537027e-02
6200,layers.4.qk_lut.log_soft_score_temp,8.834577e-02,6.259337e-03,7.085044e-02
6200,layers.4.qk_lut.log_select_temp,5.990106e-01,2.425313e-03,4.048865e-03
6200,layers.4.v_lut.weights,1.785111e+02,9.669718e+00,5.416871e-02
6200,layers.4.v_lut.log_soft_score_temp,7.814181e-01,7.280588e-03,9.317148e-03
6200,layers.4.v_lut.log_select_temp,1.091585e+00,9.374619e-04,8.588082e-04
6200,layers.4.out_proj.weights,3.647248e+02,1.583609e+01,4.341930e-02
6200,layers.4.out_proj.log_soft_score_temp,4.334798e-02,3.393367e-04,7.828201e-03
6200,layers.4.out_proj.log_select_temp,3.000208e-01,5.312860e-03,1.770831e-02
6200,layers.4.q_norm.weight,9.100319e+00,1.417167e-02,1.557271e-03
6200,layers.4.q_norm.bias,3.741599e-01,5.280179e-03,1.411209e-02
6200,layers.4.k_norm.weight,9.061335e+00,1.366344e-02,1.507884e-03
6200,layers.4.k_norm.bias,6.935838e-01,8.345280e-03,1.203211e-02
6200,layers.5.qk_lut.weights,9.400984e+01,5.129915e+00,5.456785e-02
6200,layers.5.qk_lut.log_soft_score_temp,2.243047e-01,2.415970e-03,1.077093e-02
6200,layers.5.qk_lut.log_select_temp,6.566602e-01,1.419246e-03,2.161310e-03
6200,layers.5.v_lut.weights,1.859447e+02,1.033426e+01,5.557704e-02
6200,layers.5.v_lut.log_soft_score_temp,3.860682e-01,9.244919e-03,2.394634e-02
6200,layers.5.v_lut.log_select_temp,1.023090e+00,1.574636e-03,1.539098e-03
6200,layers.5.out_proj.weights,2.855643e+02,1.509882e+01,5.287364e-02
6200,layers.5.out_proj.log_soft_score_temp,8.126813e-02,1.072954e-02,1.320264e-01
6200,layers.5.out_proj.log_select_temp,8.789967e-01,5.380511e-04,6.121196e-04
6200,layers.5.q_norm.weight,9.031740e+00,5.797929e-03,6.419503e-04
6200,layers.5.q_norm.bias,4.164267e-01,3.941552e-03,9.465176e-03
6200,layers.5.k_norm.weight,8.980293e+00,5.407560e-03,6.021585e-04
6200,layers.5.k_norm.bias,7.427512e-01,5.877547e-03,7.913210e-03
6200,read_out_lut.weights,2.294272e+02,1.191461e+01,5.193199e-02
6200,read_out_lut.log_soft_score_temp,1.474567e-01,3.945813e-03,2.675913e-02
6200,read_out_lut.log_select_temp,8.417580e-01,6.740391e-03,8.007517e-03
6200,ln_final.weight,3.594154e+01,2.165628e-01,6.025418e-03
6200,ln_final.bias,1.379330e+00,2.250559e-02,1.631632e-02
6400,tok_emb_E.weight,2.098367e+02,2.253397e+00,1.073881e-02
6400,unembedder.weight,2.083680e+02,4.811921e+00,2.309337e-02
6400,layers.0.qk_lut.weights,9.397065e+01,4.486533e+00,4.774398e-02
6400,layers.0.qk_lut.log_soft_score_temp,8.222251e-01,9.796023e-04,1.191404e-03
6400,layers.0.qk_lut.log_select_temp,8.992322e-01,1.137257e-03,1.264697e-03
6400,layers.0.v_lut.weights,1.842344e+02,9.380962e+00,5.091862e-02
6400,layers.0.v_lut.log_soft_score_temp,7.724473e-01,1.858473e-04,2.405954e-04
6400,layers.0.v_lut.log_select_temp,9.641140e-01,1.059890e-03,1.099341e-03
6400,layers.0.out_proj.weights,2.930622e+02,1.331400e+01,4.543061e-02
6400,layers.0.out_proj.log_soft_score_temp,2.707793e-01,3.011197e-03,1.112048e-02
6400,layers.0.out_proj.log_select_temp,7.724845e-01,9.954572e-04,1.288644e-03
6400,layers.0.q_norm.weight,8.833779e+00,7.230783e-03,8.185379e-04
6400,layers.0.q_norm.bias,8.165019e-01,5.312245e-03,6.506103e-03
6400,layers.0.k_norm.weight,8.812688e+00,6.909905e-03,7.840860e-04
6400,layers.0.k_norm.bias,7.721466e-01,5.608554e-03,7.263587e-03
6400,layers.1.qk_lut.weights,9.312373e+01,4.468360e+00,4.798304e-02
6400,layers.1.qk_lut.log_soft_score_temp,4.507377e-01,8.673370e-04,1.924261e-03
6400,layers.1.qk_lut.log_select_temp,6.537615e-01,2.560019e-04,3.915831e-04
6400,layers.1.v_lut.weights,1.833827e+02,9.211771e+00,5.023250e-02
6400,layers.1.v_lut.log_soft_score_temp,5.467210e-01,5.477071e-03,1.001804e-02
6400,layers.1.v_lut.log_select_temp,8.648087e-01,3.166318e-03,3.661293e-03
6400,layers.1.out_proj.weights,2.650978e+02,1.314276e+01,4.957702e-02
6400,layers.1.out_proj.log_soft_score_temp,1.349367e-01,8.772686e-03,6.501333e-02
6400,layers.1.out_proj.log_select_temp,3.513793e-01,4.630774e-03,1.317885e-02
6400,layers.1.q_norm.weight,8.646460e+00,4.781625e-03,5.530153e-04
6400,layers.1.q_norm.bias,5.826192e-01,3.913888e-03,6.717746e-03
6400,layers.1.k_norm.weight,8.585149e+00,4.719898e-03,5.497748e-04
6400,layers.1.k_norm.bias,9.441024e-01,4.347948e-03,4.605378e-03
6400,layers.2.qk_lut.weights,9.369448e+01,4.534949e+00,4.840145e-02
6400,layers.2.qk_lut.log_soft_score_temp,3.617445e-01,2.002567e-03,5.535860e-03
6400,layers.2.qk_lut.log_select_temp,6.819611e-01,4.837513e-04,7.093533e-04
6400,layers.2.v_lut.weights,1.823565e+02,8.941469e+00,4.903291e-02
6400,layers.2.v_lut.log_soft_score_temp,5.530277e-01,5.698025e-03,1.030333e-02
6400,layers.2.v_lut.log_select_temp,9.935396e-01,9.770989e-04,9.834525e-04
6400,layers.2.out_proj.weights,2.707382e+02,1.327272e+01,4.902419e-02
6400,layers.2.out_proj.log_soft_score_temp,1.252358e-01,6.715082e-03,5.361950e-02
6400,layers.2.out_proj.log_select_temp,3.047218e-01,1.461506e-03,4.796197e-03
6400,layers.2.q_norm.weight,8.715473e+00,6.247452e-03,7.168231e-04
6400,layers.2.q_norm.bias,5.164017e-01,3.536477e-03,6.848307e-03
6400,layers.2.k_norm.weight,8.691864e+00,6.423128e-03,7.389817e-04
6400,layers.2.k_norm.bias,8.013554e-01,5.058121e-03,6.311958e-03
6400,layers.3.qk_lut.weights,9.316061e+01,4.546858e+00,4.880666e-02
6400,layers.3.qk_lut.log_soft_score_temp,3.562652e-02,3.393784e-03,9.526006e-02
6400,layers.3.qk_lut.log_select_temp,5.829315e-01,2.245486e-03,3.852058e-03
6400,layers.3.v_lut.weights,1.847659e+02,8.920610e+00,4.828061e-02
6400,layers.3.v_lut.log_soft_score_temp,4.811666e-01,7.778585e-03,1.616609e-02
6400,layers.3.v_lut.log_select_temp,1.008850e+00,2.302051e-03,2.281857e-03
6400,layers.3.out_proj.weights,4.314968e+02,1.429721e+01,3.313399e-02
6400,layers.3.out_proj.log_soft_score_temp,7.517954e-03,9.744963e-03,1.296225e+00
6400,layers.3.out_proj.log_select_temp,8.805996e-01,1.602411e-03,1.819682e-03
6400,layers.3.q_norm.weight,9.655418e+00,1.079954e-02,1.118495e-03
6400,layers.3.q_norm.bias,6.901217e-01,7.821250e-03,1.133315e-02
6400,layers.3.k_norm.weight,9.609074e+00,1.129076e-02,1.175010e-03
6400,layers.3.k_norm.bias,1.040694e+00,7.026705e-03,6.751942e-03
6400,layers.4.qk_lut.weights,9.286537e+01,4.568154e+00,4.919114e-02
6400,layers.4.qk_lut.log_soft_score_temp,8.290898e-02,5.436793e-03,6.557544e-02
6400,layers.4.qk_lut.log_select_temp,6.008038e-01,1.793206e-03,2.984678e-03
6400,layers.4.v_lut.weights,1.788080e+02,8.559031e+00,4.786716e-02
6400,layers.4.v_lut.log_soft_score_temp,7.743993e-01,7.018805e-03,9.063547e-03
6400,layers.4.v_lut.log_select_temp,1.090493e+00,1.091957e-03,1.001343e-03
6400,layers.4.out_proj.weights,3.653381e+02,1.405445e+01,3.846970e-02
6400,layers.4.out_proj.log_soft_score_temp,4.424595e-02,8.979738e-04,2.029505e-02
6400,layers.4.out_proj.log_select_temp,3.052929e-01,5.272150e-03,1.726915e-02
6400,layers.4.q_norm.weight,9.108543e+00,1.232484e-02,1.353107e-03
6400,layers.4.q_norm.bias,3.756859e-01,3.996964e-03,1.063911e-02
6400,layers.4.k_norm.weight,9.069177e+00,1.205358e-02,1.329071e-03
6400,layers.4.k_norm.bias,6.967384e-01,7.143381e-03,1.025260e-02
6400,layers.5.qk_lut.weights,9.415842e+01,4.566251e+00,4.849541e-02
6400,layers.5.qk_lut.log_soft_score_temp,2.223540e-01,1.950711e-03,8.772999e-03
6400,layers.5.qk_lut.log_select_temp,6.580877e-01,1.427472e-03,2.169121e-03
6400,layers.5.v_lut.weights,1.862065e+02,9.176904e+00,4.928347e-02
6400,layers.5.v_lut.log_soft_score_temp,3.781508e-01,7.917404e-03,2.093716e-02
6400,layers.5.v_lut.log_select_temp,1.022302e+00,7.882118e-04,7.710169e-04
6400,layers.5.out_proj.weights,2.861175e+02,1.338044e+01,4.676554e-02
6400,layers.5.out_proj.log_soft_score_temp,7.322209e-02,8.046046e-03,1.098855e-01
6400,layers.5.out_proj.log_select_temp,8.804078e-01,1.411080e-03,1.602758e-03
6400,layers.5.q_norm.weight,9.036664e+00,7.439428e-03,8.232493e-04
6400,layers.5.q_norm.bias,4.170513e-01,3.758575e-03,9.012260e-03
6400,layers.5.k_norm.weight,8.984859e+00,7.366365e-03,8.198643e-04
6400,layers.5.k_norm.bias,7.432426e-01,4.324643e-03,5.818616e-03
6400,read_out_lut.weights,2.297985e+02,1.063059e+01,4.626046e-02
6400,read_out_lut.log_soft_score_temp,1.437420e-01,3.714696e-03,2.584280e-02
6400,read_out_lut.log_select_temp,8.483524e-01,6.594419e-03,7.773207e-03
6400,ln_final.weight,3.613469e+01,1.934236e-01,5.352850e-03
6400,ln_final.bias,1.384673e+00,2.050946e-02,1.481177e-02
6600,tok_emb_E.weight,2.098499e+02,1.996767e+00,9.515211e-03
6600,unembedder.weight,2.084004e+02,4.282933e+00,2.055146e-02
6600,layers.0.qk_lut.weights,9.408648e+01,3.990692e+00,4.241515e-02
6600,layers.0.qk_lut.log_soft_score_temp,8.233283e-01,1.103222e-03,1.339954e-03
6600,layers.0.qk_lut.log_select_temp,9.004113e-01,1.179099e-03,1.309512e-03
6600,layers.0.v_lut.weights,1.844493e+02,8.332893e+00,4.517714e-02
6600,layers.0.v_lut.log_soft_score_temp,7.725912e-01,1.438856e-04,1.862377e-04
6600,layers.0.v_lut.log_select_temp,9.650236e-01,9.096265e-04,9.425951e-04
6600,layers.0.out_proj.weights,2.936677e+02,1.183055e+01,4.028550e-02
6600,layers.0.out_proj.log_soft_score_temp,2.684976e-01,2.281696e-03,8.498012e-03
6600,layers.0.out_proj.log_select_temp,7.714522e-01,1.032293e-03,1.338116e-03
6600,layers.0.q_norm.weight,8.837698e+00,6.345939e-03,7.180534e-04
6600,layers.0.q_norm.bias,8.192150e-01,4.329740e-03,5.285230e-03
6600,layers.0.k_norm.weight,8.816302e+00,5.784743e-03,6.561416e-04
6600,layers.0.k_norm.bias,7.750140e-01,5.951038e-03,7.678619e-03
6600,layers.1.qk_lut.weights,9.326244e+01,4.001055e+00,4.290103e-02
6600,layers.1.qk_lut.log_soft_score_temp,4.500856e-01,6.521046e-04,1.448846e-03
6600,layers.1.qk_lut.log_select_temp,6.541207e-01,3.591776e-04,5.490999e-04
6600,layers.1.v_lut.weights,1.835602e+02,8.137996e+00,4.433422e-02
6600,layers.1.v_lut.log_soft_score_temp,5.421188e-01,4.602194e-03,8.489271e-03
6600,layers.1.v_lut.log_select_temp,8.621796e-01,2.629101e-03,3.049366e-03
6600,layers.1.out_proj.weights,2.653571e+02,1.163955e+01,4.386372e-02
6600,layers.1.out_proj.log_soft_score_temp,1.423864e-01,7.449687e-03,5.232020e-02
6600,layers.1.out_proj.log_select_temp,3.479535e-01,3.425837e-03,9.845674e-03
6600,layers.1.q_norm.weight,8.649413e+00,5.319007e-03,6.149558e-04
6600,layers.1.q_norm.bias,5.850074e-01,4.424472e-03,7.563105e-03
6600,layers.1.k_norm.weight,8.587988e+00,4.934648e-03,5.745989e-04
6600,layers.1.k_norm.bias,9.466209e-01,5.429333e-03,5.735488e-03
6600,layers.2.qk_lut.weights,9.382589e+01,4.000203e+00,4.263432e-02
6600,layers.2.qk_lut.log_soft_score_temp,3.607589e-01,9.856522e-04,2.732163e-03
6600,layers.2.qk_lut.log_select_temp,6.830829e-01,1.121879e-03,1.642375e-03
6600,layers.2.v_lut.weights,1.825571e+02,7.925717e+00,4.341500e-02
6600,layers.2.v_lut.log_soft_score_temp,5.471883e-01,5.839407e-03,1.067166e-02
6600,layers.2.v_lut.log_select_temp,9.918667e-01,1.672864e-03,1.686581e-03
6600,layers.2.out_proj.weights,2.709718e+02,1.175662e+01,4.338689e-02
6600,layers.2.out_proj.log_soft_score_temp,1.317479e-01,6.512135e-03,4.942874e-02
6600,layers.2.out_proj.log_select_temp,3.025048e-01,2.216965e-03,7.328693e-03
6600,layers.2.q_norm.weight,8.718699e+00,5.621001e-03,6.447063e-04
6600,layers.2.q_norm.bias,5.169621e-01,3.134776e-03,6.063841e-03
6600,layers.2.k_norm.weight,8.695052e+00,5.578518e-03,6.415739e-04
6600,layers.2.k_norm.bias,8.020186e-01,3.636837e-03,4.534605e-03
6600,layers.3.qk_lut.weights,9.327095e+01,4.016183e+00,4.305931e-02
6600,layers.3.qk_lut.log_soft_score_temp,3.196358e-02,3.662933e-03,1.145971e-01
6600,layers.3.qk_lut.log_select_temp,5.842739e-01,1.342416e-03,2.297580e-03
6600,layers.3.v_lut.weights,1.849727e+02,7.910105e+00,4.276363e-02
6600,layers.3.v_lut.log_soft_score_temp,4.747216e-01,6.445050e-03,1.357649e-02
6600,layers.3.v_lut.log_select_temp,1.007395e+00,1.454473e-03,1.443795e-03
6600,layers.3.out_proj.weights,4.348893e+02,1.266284e+01,2.911739e-02
6600,layers.3.out_proj.log_soft_score_temp,1.371723e-03,8.889677e-03,6.480664e+00
6600,layers.3.out_proj.log_select_temp,8.789974e-01,1.602113e-03,1.822660e-03
6600,layers.3.q_norm.weight,9.663242e+00,1.045116e-02,1.081538e-03
6600,layers.3.q_norm.bias,6.940853e-01,6.301605e-03,9.079006e-03
6600,layers.3.k_norm.weight,9.616927e+00,1.070748e-02,1.113400e-03
6600,layers.3.k_norm.bias,1.043471e+00,5.669206e-03,5.433030e-03
6600,layers.4.qk_lut.weights,9.296838e+01,4.064163e+00,4.371554e-02
6600,layers.4.qk_lut.log_soft_score_temp,7.722605e-02,5.682930e-03,7.358826e-02
6600,layers.4.qk_lut.log_select_temp,6.019726e-01,1.168847e-03,1.941695e-03
6600,layers.4.v_lut.weights,1.790475e+02,7.584359e+00,4.235949e-02
6600,layers.4.v_lut.log_soft_score_temp,7.686257e-01,5.773664e-03,7.511671e-03
6600,layers.4.v_lut.log_select_temp,1.089793e+00,6.995201e-04,6.418833e-04
6600,layers.4.out_proj.weights,3.658809e+02,1.245302e+01,3.403573e-02
6600,layers.4.out_proj.log_soft_score_temp,4.577431e-02,1.528360e-03,3.338903e-02
6600,layers.4.out_proj.log_select_temp,3.103680e-01,5.075067e-03,1.635177e-02
6600,layers.4.q_norm.weight,9.117127e+00,1.167554e-02,1.280616e-03
6600,layers.4.q_norm.bias,3.773731e-01,4.197859e-03,1.112389e-02
6600,layers.4.k_norm.weight,9.077466e+00,1.175478e-02,1.294941e-03
6600,layers.4.k_norm.bias,6.998219e-01,6.226196e-03,8.896830e-03
6600,layers.5.qk_lut.weights,9.427686e+01,4.087579e+00,4.335719e-02
6600,layers.5.qk_lut.log_soft_score_temp,2.211994e-01,1.154527e-03,5.219395e-03
6600,layers.5.qk_lut.log_select_temp,6.598886e-01,1.800895e-03,2.729089e-03
6600,layers.5.v_lut.weights,1.864097e+02,8.147048e+00,4.370505e-02
6600,layers.5.v_lut.log_soft_score_temp,3.714291e-01,6.721646e-03,1.809671e-02
6600,layers.5.v_lut.log_select_temp,1.021303e+00,9.983778e-04,9.775527e-04
6600,layers.5.out_proj.weights,2.865725e+02,1.187173e+01,4.142661e-02
6600,layers.5.out_proj.log_soft_score_temp,6.515003e-02,8.072056e-03,1.238995e-01
6600,layers.5.out_proj.log_select_temp,8.811381e-01,7.303953e-04,8.289226e-04
6600,layers.5.q_norm.weight,9.040328e+00,5.597093e-03,6.191250e-04
6600,layers.5.q_norm.bias,4.178375e-01,3.569569e-03,8.542960e-03
6600,layers.5.k_norm.weight,8.988202e+00,5.342019e-03,5.943368e-04
6600,layers.5.k_norm.bias,7.440532e-01,4.639260e-03,6.235118e-03
6600,read_out_lut.weights,2.300920e+02,9.457735e+00,4.110415e-02
6600,read_out_lut.log_soft_score_temp,1.412875e-01,2.454430e-03,1.737188e-02
6600,read_out_lut.log_select_temp,8.540357e-01,5.683303e-03,6.654643e-03
6600,ln_final.weight,3.630715e+01,1.726734e-01,4.755906e-03
6600,ln_final.bias,1.389149e+00,1.810393e-02,1.303239e-02
6800,tok_emb_E.weight,2.098606e+02,1.773766e+00,8.452115e-03
6800,unembedder.weight,2.083812e+02,3.788667e+00,1.818142e-02
6800,layers.0.qk_lut.weights,9.417269e+01,3.514987e+00,3.732491e-02
6800,layers.0.qk_lut.log_soft_score_temp,8.238534e-01,5.250573e-04,6.373189e-04
6800,layers.0.qk_lut.log_select_temp,9.008013e-01,3.899932e-04,4.329403e-04
6800,layers.0.v_lut.weights,1.846218e+02,7.370708e+00,3.992329e-02
6800,layers.0.v_lut.log_soft_score_temp,7.735044e-01,9.132028e-04,1.180604e-03
6800,layers.0.v_lut.log_select_temp,9.663705e-01,1.346886e-03,1.393758e-03
6800,layers.0.out_proj.weights,2.941795e+02,1.046440e+01,3.557147e-02
6800,layers.0.out_proj.log_soft_score_temp,2.675148e-01,9.828210e-04,3.673894e-03
6800,layers.0.out_proj.log_select_temp,7.711797e-01,2.724528e-04,3.532936e-04
6800,layers.0.q_norm.weight,8.842587e+00,7.415832e-03,8.386496e-04
6800,layers.0.q_norm.bias,8.231000e-01,4.893631e-03,5.945366e-03
6800,layers.0.k_norm.weight,8.820941e+00,6.826490e-03,7.738959e-04
6800,layers.0.k_norm.bias,7.782239e-01,4.940412e-03,6.348317e-03
6800,layers.1.qk_lut.weights,9.335203e+01,3.534442e+00,3.786144e-02
6800,layers.1.qk_lut.log_soft_score_temp,4.494933e-01,5.923510e-04,1.317819e-03
6800,layers.1.qk_lut.log_select_temp,6.544919e-01,3.712177e-04,5.671846e-04
6800,layers.1.v_lut.weights,1.836932e+02,7.219571e+00,3.930232e-02
6800,layers.1.v_lut.log_soft_score_temp,5.381231e-01,3.995776e-03,7.425395e-03
6800,layers.1.v_lut.log_select_temp,8.597485e-01,2.431095e-03,2.827681e-03
6800,layers.1.out_proj.weights,2.655525e+02,1.029411e+01,3.876487e-02
6800,layers.1.out_proj.log_soft_score_temp,1.487797e-01,6.393239e-03,4.297119e-02
6800,layers.1.out_proj.log_select_temp,3.449668e-01,2.986670e-03,8.657846e-03
6800,layers.1.q_norm.weight,8.650319e+00,3.427257e-03,3.962000e-04
6800,layers.1.q_norm.bias,5.854865e-01,2.672787e-03,4.565070e-03
6800,layers.1.k_norm.weight,8.588688e+00,3.236032e-03,3.767784e-04
6800,layers.1.k_norm.bias,9.478190e-01,3.575375e-03,3.772213e-03
6800,layers.2.qk_lut.weights,9.392091e+01,3.560281e+00,3.790723e-02
6800,layers.2.qk_lut.log_soft_score_temp,3.588808e-01,1.878083e-03,5.233166e-03
6800,layers.2.qk_lut.log_select_temp,6.831338e-01,5.090237e-05,7.451302e-05
6800,layers.2.v_lut.weights,1.827154e+02,7.007455e+00,3.835175e-02
6800,layers.2.v_lut.log_soft_score_temp,5.425161e-01,4.672229e-03,8.612149e-03
6800,layers.2.v_lut.log_select_temp,9.912911e-01,5.756021e-04,5.806590e-04
6800,layers.2.out_proj.weights,2.711547e+02,1.039100e+01,3.832128e-02
6800,layers.2.out_proj.log_soft_score_temp,1.367276e-01,4.979610e-03,3.641995e-02
6800,layers.2.out_proj.log_select_temp,3.014326e-01,1.072258e-03,3.557206e-03
6800,layers.2.q_norm.weight,8.720532e+00,3.936587e-03,4.514159e-04
6800,layers.2.q_norm.bias,5.176669e-01,2.786394e-03,5.382601e-03
6800,layers.2.k_norm.weight,8.696708e+00,3.873723e-03,4.454241e-04
6800,layers.2.k_norm.bias,8.034152e-01,4.035699e-03,5.023180e-03
6800,layers.3.qk_lut.weights,9.335886e+01,3.558576e+00,3.811717e-02
6800,layers.3.qk_lut.log_soft_score_temp,2.946087e-02,2.502710e-03,8.495029e-02
6800,layers.3.qk_lut.log_select_temp,5.861513e-01,1.877427e-03,3.202974e-03
6800,layers.3.v_lut.weights,1.851438e+02,7.011663e+00,3.787144e-02
6800,layers.3.v_lut.log_soft_score_temp,4.689674e-01,5.754143e-03,1.226981e-02
6800,layers.3.v_lut.log_select_temp,1.005958e+00,1.437068e-03,1.428556e-03
6800,layers.3.out_proj.weights,4.378771e+02,1.118362e+01,2.554055e-02
6800,layers.3.out_proj.log_soft_score_temp,9.183867e-03,7.812144e-03,8.506377e-01
6800,layers.3.out_proj.log_select_temp,8.776773e-01,1.320183e-03,1.504179e-03
6800,layers.3.q_norm.weight,9.670507e+00,9.774812e-03,1.010786e-03
6800,layers.3.q_norm.bias,6.983204e-01,5.963887e-03,8.540329e-03
6800,layers.3.k_norm.weight,9.624270e+00,9.817493e-03,1.020077e-03
6800,layers.3.k_norm.bias,1.046910e+00,7.081666e-03,6.764352e-03
6800,layers.4.qk_lut.weights,9.305285e+01,3.596406e+00,3.864907e-02
6800,layers.4.qk_lut.log_soft_score_temp,7.297274e-02,4.253313e-03,5.828633e-02
6800,layers.4.qk_lut.log_select_temp,6.033370e-01,1.364410e-03,2.261439e-03
6800,layers.4.v_lut.weights,1.792364e+02,6.707329e+00,3.742169e-02
6800,layers.4.v_lut.log_soft_score_temp,7.632600e-01,5.365670e-03,7.029937e-03
6800,layers.4.v_lut.log_select_temp,1.088513e+00,1.279950e-03,1.175870e-03
6800,layers.4.out_proj.weights,3.662959e+02,1.097753e+01,2.996901e-02
6800,layers.4.out_proj.log_soft_score_temp,4.613309e-02,3.587715e-04,7.776881e-03
6800,layers.4.out_proj.log_select_temp,3.141772e-01,3.809214e-03,1.212441e-02
6800,layers.4.q_norm.weight,9.123026e+00,9.299308e-03,1.019323e-03
6800,layers.4.q_norm.bias,3.785645e-01,4.228556e-03,1.116997e-02
6800,layers.4.k_norm.weight,9.083361e+00,9.031059e-03,9.942421e-04
6800,layers.4.k_norm.bias,7.012484e-01,5.080496e-03,7.244931e-03
6800,layers.5.qk_lut.weights,9.437673e+01,3.611031e+00,3.826188e-02
6800,layers.5.qk_lut.log_soft_score_temp,2.202539e-01,9.454936e-04,4.292743e-03
6800,layers.5.qk_lut.log_select_temp,6.614506e-01,1.561999e-03,2.361476e-03
6800,layers.5.v_lut.weights,1.865592e+02,7.201301e+00,3.860062e-02
6800,layers.5.v_lut.log_soft_score_temp,3.649744e-01,6.454766e-03,1.768553e-02
6800,layers.5.v_lut.log_select_temp,1.019842e+00,1.461387e-03,1.432954e-03
6800,layers.5.out_proj.weights,2.869312e+02,1.050091e+01,3.659729e-02
6800,layers.5.out_proj.log_soft_score_temp,5.804239e-02,7.107642e-03,1.224560e-01
6800,layers.5.out_proj.log_select_temp,8.814563e-01,3.181100e-04,3.608914e-04
6800,layers.5.q_norm.weight,9.044055e+00,5.991749e-03,6.625069e-04
6800,layers.5.q_norm.bias,4.187718e-01,3.586930e-03,8.565358e-03
6800,layers.5.k_norm.weight,8.991913e+00,5.602608e-03,6.230719e-04
6800,layers.5.k_norm.bias,7.454641e-01,3.700516e-03,4.964043e-03
6800,read_out_lut.weights,2.303202e+02,8.395700e+00,3.645230e-02
6800,read_out_lut.log_soft_score_temp,1.388679e-01,2.419665e-03,1.742423e-02
6800,read_out_lut.log_select_temp,8.590688e-01,5.033016e-03,5.858688e-03
6800,ln_final.weight,3.645887e+01,1.519384e-01,4.167393e-03
6800,ln_final.bias,1.393024e+00,1.743745e-02,1.251769e-02
7000,tok_emb_E.weight,2.098688e+02,1.572227e+00,7.491478e-03
7000,unembedder.weight,2.083962e+02,3.343424e+00,1.604359e-02
7000,layers.0.qk_lut.weights,9.425294e+01,3.133151e+00,3.324194e-02
7000,layers.0.qk_lut.log_soft_score_temp,8.246921e-01,8.386970e-04,1.016982e-03
7000,layers.0.qk_lut.log_select_temp,9.017842e-01,9.828806e-04,1.089929e-03
7000,layers.0.v_lut.weights,1.847520e+02,6.555472e+00,3.548255e-02
7000,layers.0.v_lut.log_soft_score_temp,7.743713e-01,8.668900e-04,1.119476e-03
7000,layers.0.v_lut.log_select_temp,9.674865e-01,1.116037e-03,1.153543e-03
7000,layers.0.out_proj.weights,2.946164e+02,9.291800e+00,3.153863e-02
7000,layers.0.out_proj.log_soft_score_temp,2.679148e-01,4.000664e-04,1.493260e-03
7000,layers.0.out_proj.log_select_temp,7.717446e-01,5.648732e-04,7.319432e-04
7000,layers.0.q_norm.weight,8.845872e+00,4.916448e-03,5.557901e-04
7000,layers.0.q_norm.bias,8.252138e-01,3.711161e-03,4.497212e-03
7000,layers.0.k_norm.weight,8.823895e+00,4.508838e-03,5.109804e-04
7000,layers.0.k_norm.bias,7.805899e-01,4.315744e-03,5.528823e-03
7000,layers.1.qk_lut.weights,9.343858e+01,3.148301e+00,3.369380e-02
7000,layers.1.qk_lut.log_soft_score_temp,4.493634e-01,1.298785e-04,2.890278e-04
7000,layers.1.qk_lut.log_select_temp,6.550446e-01,5.526543e-04,8.436896e-04
7000,layers.1.v_lut.weights,1.837908e+02,6.401065e+00,3.482800e-02
7000,layers.1.v_lut.log_soft_score_temp,5.343853e-01,3.737807e-03,6.994593e-03
7000,layers.1.v_lut.log_select_temp,8.571171e-01,2.631485e-03,3.070159e-03
7000,layers.1.out_proj.weights,2.656892e+02,9.134425e+00,3.438011e-02
7000,layers.1.out_proj.log_soft_score_temp,1.549740e-01,6.194293e-03,3.996990e-02
7000,layers.1.out_proj.log_select_temp,3.415425e-01,3.424346e-03,1.002612e-02
7000,layers.1.q_norm.weight,8.651478e+00,3.203594e-03,3.702944e-04
7000,layers.1.q_norm.bias,5.857882e-01,2.869064e-03,4.897783e-03
7000,layers.1.k_norm.weight,8.589755e+00,3.073835e-03,3.578490e-04
7000,layers.1.k_norm.bias,9.483767e-01,3.482098e-03,3.671640e-03
7000,layers.2.qk_lut.weights,9.400261e+01,3.171722e+00,3.374079e-02
7000,layers.2.qk_lut.log_soft_score_temp,3.580535e-01,8.273125e-04,2.310584e-03
7000,layers.2.qk_lut.log_select_temp,6.839486e-01,8.147359e-04,1.191224e-03
7000,layers.2.v_lut.weights,1.828412e+02,6.198037e+00,3.389846e-02
7000,layers.2.v_lut.log_soft_score_temp,5.384409e-01,4.075170e-03,7.568462e-03
7000,layers.2.v_lut.log_select_temp,9.902293e-01,1.061797e-03,1.072274e-03
7000,layers.2.out_proj.weights,2.712910e+02,9.208836e+00,3.394449e-02
7000,layers.2.out_proj.log_soft_score_temp,1.411655e-01,4.437909e-03,3.143764e-02
7000,layers.2.out_proj.log_select_temp,3.005536e-01,8.789301e-04,2.924370e-03
7000,layers.2.q_norm.weight,8.723605e+00,4.329191e-03,4.962617e-04
7000,layers.2.q_norm.bias,5.181544e-01,2.585258e-03,4.989358e-03
7000,layers.2.k_norm.weight,8.699723e+00,4.332813e-03,4.980403e-04
7000,layers.2.k_norm.bias,8.040299e-01,3.777598e-03,4.698331e-03
7000,layers.3.qk_lut.weights,9.342784e+01,3.173669e+00,3.396920e-02
7000,layers.3.qk_lut.log_soft_score_temp,2.706809e-02,2.392787e-03,8.839884e-02
7000,layers.3.qk_lut.log_select_temp,5.873172e-01,1.165926e-03,1.985173e-03
7000,layers.3.v_lut.weights,1.852676e+02,6.197913e+00,3.345384e-02
7000,layers.3.v_lut.log_soft_score_temp,4.635483e-01,5.419105e-03,1.169049e-02
7000,layers.3.v_lut.log_select_temp,1.004302e+00,1.655936e-03,1.648842e-03
7000,layers.3.out_proj.weights,4.405081e+02,9.899636e+00,2.247322e-02
7000,layers.3.out_proj.log_soft_score_temp,1.605798e-02,6.874114e-03,4.280809e-01
7000,layers.3.out_proj.log_select_temp,8.763031e-01,1.374125e-03,1.568094e-03
7000,layers.3.q_norm.weight,9.675499e+00,7.392256e-03,7.640180e-04
7000,layers.3.q_norm.bias,7.003775e-01,5.934664e-03,8.473522e-03
7000,layers.3.k_norm.weight,9.629252e+00,7.613572e-03,7.906712e-04
7000,layers.3.k_norm.bias,1.049063e+00,5.573580e-03,5.312910e-03
7000,layers.4.qk_lut.weights,9.312225e+01,3.177440e+00,3.412116e-02
7000,layers.4.qk_lut.log_soft_score_temp,6.979123e-02,3.181510e-03,4.558610e-02
7000,layers.4.qk_lut.log_select_temp,6.047675e-01,1.430452e-03,2.365292e-03
7000,layers.4.v_lut.weights,1.793818e+02,5.967740e+00,3.326837e-02
7000,layers.4.v_lut.log_soft_score_temp,7.586710e-01,4.588962e-03,6.048684e-03
7000,layers.4.v_lut.log_select_temp,1.087885e+00,6.282330e-04,5.774810e-04
7000,layers.4.out_proj.weights,3.666517e+02,9.732331e+00,2.654381e-02
7000,layers.4.out_proj.log_soft_score_temp,4.703349e-02,9.004027e-04,1.914386e-02
7000,layers.4.out_proj.log_select_temp,3.180762e-01,3.899008e-03,1.225809e-02
7000,layers.4.q_norm.weight,9.129095e+00,8.515025e-03,9.327348e-04
7000,layers.4.q_norm.bias,3.793339e-01,3.208715e-03,8.458816e-03
7000,layers.4.k_norm.weight,9.089235e+00,8.478633e-03,9.328214e-04
7000,layers.4.k_norm.bias,7.034308e-01,5.008122e-03,7.119566e-03
7000,layers.5.qk_lut.weights,9.445076e+01,3.211207e+00,3.399874e-02
7000,layers.5.qk_lut.log_soft_score_temp,2.189335e-01,1.320422e-03,6.031154e-03
7000,layers.5.qk_lut.log_select_temp,6.625306e-01,1.080036e-03,1.630168e-03
7000,layers.5.v_lut.weights,1.866788e+02,6.384342e+00,3.419961e-02
7000,layers.5.v_lut.log_soft_score_temp,3.591978e-01,5.776614e-03,1.608199e-02
7000,layers.5.v_lut.log_select_temp,1.018789e+00,1.052856e-03,1.033439e-03
7000,layers.5.out_proj.weights,2.872200e+02,9.302793e+00,3.238908e-02
7000,layers.5.out_proj.log_soft_score_temp,5.181341e-02,6.228976e-03,1.202194e-01
7000,layers.5.out_proj.log_select_temp,8.818153e-01,3.589988e-04,4.071134e-04
7000,layers.5.q_norm.weight,9.046464e+00,3.448074e-03,3.811516e-04
7000,layers.5.q_norm.bias,4.185940e-01,2.086631e-03,4.984856e-03
7000,layers.5.k_norm.weight,8.994290e+00,3.537432e-03,3.932975e-04
7000,layers.5.k_norm.bias,7.459822e-01,3.250319e-03,4.357100e-03
7000,read_out_lut.weights,2.304991e+02,7.466211e+00,3.239149e-02
7000,read_out_lut.log_soft_score_temp,1.368028e-01,2.065077e-03,1.509529e-02
7000,read_out_lut.log_select_temp,8.637474e-01,4.678667e-03,5.416707e-03
7000,ln_final.weight,3.659433e+01,1.356292e-01,3.706290e-03
7000,ln_final.bias,1.397044e+00,1.511472e-02,1.081907e-02
7200,tok_emb_E.weight,2.098754e+02,1.399771e+00,6.669533e-03
7200,unembedder.weight,2.084060e+02,3.047508e+00,1.462294e-02
7200,layers.0.qk_lut.weights,9.431178e+01,2.800312e+00,2.969206e-02
7200,layers.0.qk_lut.log_soft_score_temp,8.249651e-01,2.730489e-04,3.309823e-04
7200,layers.0.qk_lut.log_select_temp,9.019772e-01,1.929998e-04,2.139742e-04
7200,layers.0.v_lut.weights,1.848619e+02,5.851677e+00,3.165431e-02
7200,layers.0.v_lut.log_soft_score_temp,7.751496e-01,7.782578e-04,1.004010e-03
7200,layers.0.v_lut.log_select_temp,9.684505e-01,9.640455e-04,9.954515e-04
7200,layers.0.out_proj.weights,2.949819e+02,8.298709e+00,2.813294e-02
7200,layers.0.out_proj.log_soft_score_temp,2.684360e-01,5.211532e-04,1.941443e-03
7200,layers.0.out_proj.log_select_temp,7.722198e-01,4.751682e-04,6.153277e-04
7200,layers.0.q_norm.weight,8.849295e+00,4.958322e-03,5.603070e-04
7200,layers.0.q_norm.bias,8.265861e-01,3.179155e-03,3.846127e-03
7200,layers.0.k_norm.weight,8.826982e+00,4.590761e-03,5.200828e-04
7200,layers.0.k_norm.bias,7.828766e-01,4.410395e-03,5.633576e-03
7200,layers.1.qk_lut.weights,9.350362e+01,2.806044e+00,3.001001e-02
7200,layers.1.qk_lut.log_soft_score_temp,4.492894e-01,7.396936e-05,1.646363e-04
7200,layers.1.qk_lut.log_select_temp,6.554766e-01,4.320145e-04,6.590845e-04
7200,layers.1.v_lut.weights,1.838625e+02,5.723970e+00,3.113180e-02
7200,layers.1.v_lut.log_soft_score_temp,5.317276e-01,2.657652e-03,4.998145e-03
7200,layers.1.v_lut.log_select_temp,8.556091e-01,1.507938e-03,1.762414e-03
7200,layers.1.out_proj.weights,2.657970e+02,8.138247e+00,3.061828e-02
7200,layers.1.out_proj.log_soft_score_temp,1.603913e-01,5.417317e-03,3.377564e-02
7200,layers.1.out_proj.log_select_temp,3.386947e-01,2.847821e-03,8.408224e-03
7200,layers.1.q_norm.weight,8.651589e+00,3.338764e-03,3.859133e-04
7200,layers.1.q_norm.bias,5.871555e-01,2.915610e-03,4.965652e-03
7200,layers.1.k_norm.weight,8.589772e+00,3.191994e-03,3.716040e-04
7200,layers.1.k_norm.bias,9.495085e-01,3.565406e-03,3.755002e-03
7200,layers.2.qk_lut.weights,9.406780e+01,2.811830e+00,2.989152e-02
7200,layers.2.qk_lut.log_soft_score_temp,3.570911e-01,9.624064e-04,2.695129e-03
7200,layers.2.qk_lut.log_select_temp,6.844317e-01,4.831553e-04,7.059218e-04
7200,layers.2.v_lut.weights,1.829360e+02,5.528590e+00,3.022145e-02
7200,layers.2.v_lut.log_soft_score_temp,5.346034e-01,3.837466e-03,7.178155e-03
7200,layers.2.v_lut.log_select_temp,9.889314e-01,1.297891e-03,1.312418e-03
7200,layers.2.out_proj.weights,2.713852e+02,8.213339e+00,3.026451e-02
7200,layers.2.out_proj.log_soft_score_temp,1.457074e-01,4.541934e-03,3.117161e-02
7200,layers.2.out_proj.log_select_temp,2.989513e-01,1.602352e-03,5.359909e-03
7200,layers.2.q_norm.weight,8.725315e+00,2.931414e-03,3.359666e-04
7200,layers.2.q_norm.bias,5.178955e-01,2.151093e-03,4.153528e-03
7200,layers.2.k_norm.weight,8.701324e+00,2.898968e-03,3.331640e-04
7200,layers.2.k_norm.bias,8.047461e-01,3.353301e-03,4.166905e-03
7200,layers.3.qk_lut.weights,9.347988e+01,2.835358e+00,3.033122e-02
7200,layers.3.qk_lut.log_soft_score_temp,2.540394e-02,1.664143e-03,6.550727e-02
7200,layers.3.qk_lut.log_select_temp,5.887319e-01,1.414657e-03,2.402888e-03
7200,layers.3.v_lut.weights,1.853792e+02,5.549609e+00,2.993653e-02
7200,layers.3.v_lut.log_soft_score_temp,4.583999e-01,5.148381e-03,1.123120e-02
7200,layers.3.v_lut.log_select_temp,1.002701e+00,1.600862e-03,1.596549e-03
7200,layers.3.out_proj.weights,4.428579e+02,8.832771e+00,1.994493e-02
7200,layers.3.out_proj.log_soft_score_temp,2.203837e-02,5.980387e-03,2.713625e-01
7200,layers.3.out_proj.log_select_temp,8.756502e-01,6.529093e-04,7.456279e-04
7200,layers.3.q_norm.weight,9.680421e+00,7.028307e-03,7.260332e-04
7200,layers.3.q_norm.bias,7.032731e-01,4.647179e-03,6.607929e-03
7200,layers.3.k_norm.weight,9.634248e+00,7.146445e-03,7.417751e-04
7200,layers.3.k_norm.bias,1.052096e+00,5.223887e-03,4.965219e-03
7200,layers.4.qk_lut.weights,9.317503e+01,2.844954e+00,3.053344e-02
7200,layers.4.qk_lut.log_soft_score_temp,6.667609e-02,3.115140e-03,4.672050e-02
7200,layers.4.qk_lut.log_select_temp,6.062483e-01,1.480818e-03,2.442593e-03
7200,layers.4.v_lut.weights,1.795026e+02,5.337439e+00,2.973460e-02
7200,layers.4.v_lut.log_soft_score_temp,7.548969e-01,3.774166e-03,4.999578e-03
7200,layers.4.v_lut.log_select_temp,1.087173e+00,7.117987e-04,6.547242e-04
7200,layers.4.out_proj.weights,3.669619e+02,8.700618e+00,2.370987e-02
7200,layers.4.out_proj.log_soft_score_temp,4.784131e-02,8.078218e-04,1.688544e-02
7200,layers.4.out_proj.log_select_temp,3.215619e-01,3.485709e-03,1.083993e-02
7200,layers.4.q_norm.weight,9.134122e+00,7.159373e-03,7.838053e-04
7200,layers.4.q_norm.bias,3.806451e-01,3.037845e-03,7.980780e-03
7200,layers.4.k_norm.weight,9.093958e+00,7.105204e-03,7.813104e-04
7200,layers.4.k_norm.bias,7.062525e-01,4.786442e-03,6.777240e-03
7200,layers.5.qk_lut.weights,9.451332e+01,2.869347e+00,3.035918e-02
7200,layers.5.qk_lut.log_soft_score_temp,2.183698e-01,5.637109e-04,2.581451e-03
7200,layers.5.qk_lut.log_select_temp,6.641841e-01,1.653492e-03,2.489509e-03
7200,layers.5.v_lut.weights,1.867731e+02,5.705457e+00,3.054752e-02
7200,layers.5.v_lut.log_soft_score_temp,3.543733e-01,4.824489e-03,1.361415e-02
7200,layers.5.v_lut.log_select_temp,1.017639e+00,1.150489e-03,1.130548e-03
7200,layers.5.out_proj.weights,2.874676e+02,8.292585e+00,2.884702e-02
7200,layers.5.out_proj.log_soft_score_temp,4.639219e-02,5.421218e-03,1.168562e-01
7200,layers.5.out_proj.log_select_temp,8.822168e-01,4.014969e-04,4.551000e-04
7200,layers.5.q_norm.weight,9.048667e+00,4.179901e-03,4.619356e-04
7200,layers.5.q_norm.bias,4.186697e-01,2.725772e-03,6.510554e-03
7200,layers.5.k_norm.weight,8.996322e+00,4.067623e-03,4.521429e-04
7200,layers.5.k_norm.bias,7.460613e-01,2.722932e-03,3.649743e-03
7200,read_out_lut.weights,2.306421e+02,6.679708e+00,2.896136e-02
7200,read_out_lut.log_soft_score_temp,1.350484e-01,1.754418e-03,1.299103e-02
7200,read_out_lut.log_select_temp,8.678954e-01,4.148006e-03,4.779385e-03
7200,ln_final.weight,3.671533e+01,1.211458e-01,3.299598e-03
7200,ln_final.bias,1.400690e+00,1.410336e-02,1.006887e-02
7400,tok_emb_E.weight,2.098811e+02,1.260059e+00,6.003679e-03
7400,unembedder.weight,2.084017e+02,2.718728e+00,1.304561e-02
7400,layers.0.qk_lut.weights,9.436104e+01,2.528543e+00,2.679648e-02
7400,layers.0.qk_lut.log_soft_score_temp,8.254915e-01,5.264282e-04,6.377149e-04
7400,layers.0.qk_lut.log_select_temp,9.024667e-01,4.895329e-04,5.424388e-04
7400,layers.0.v_lut.weights,1.849469e+02,5.274896e+00,2.852114e-02
7400,layers.0.v_lut.log_soft_score_temp,7.762981e-01,1.148522e-03,1.479486e-03
7400,layers.0.v_lut.log_select_temp,9.696860e-01,1.235485e-03,1.274108e-03
7400,layers.0.out_proj.weights,2.952937e+02,7.475889e+00,2.531679e-02
7400,layers.0.out_proj.log_soft_score_temp,2.689879e-01,5.518794e-04,2.051689e-03
7400,layers.0.out_proj.log_select_temp,7.723652e-01,1.454353e-04,1.882987e-04
7400,layers.0.q_norm.weight,8.851892e+00,3.819308e-03,4.314680e-04
7400,layers.0.q_norm.bias,8.285275e-01,3.202911e-03,3.865788e-03
7400,layers.0.k_norm.weight,8.829457e+00,3.721757e-03,4.215160e-04
7400,layers.0.k_norm.bias,7.847036e-01,3.986718e-03,5.080540e-03
7400,layers.1.qk_lut.weights,9.355005e+01,2.516129e+00,2.689607e-02
7400,layers.1.qk_lut.log_soft_score_temp,4.490910e-01,1.984835e-04,4.419672e-04
7400,layers.1.qk_lut.log_select_temp,6.558468e-01,3.702044e-04,5.644679e-04
7400,layers.1.v_lut.weights,1.839211e+02,5.136063e+00,2.792535e-02
7400,layers.1.v_lut.log_soft_score_temp,5.296773e-01,2.050340e-03,3.870923e-03
7400,layers.1.v_lut.log_select_temp,8.544581e-01,1.151025e-03,1.347082e-03
7400,layers.1.out_proj.weights,2.658870e+02,7.331738e+00,2.757463e-02
7400,layers.1.out_proj.log_soft_score_temp,1.649724e-01,4.581124e-03,2.776903e-02
7400,layers.1.out_proj.log_select_temp,3.366698e-01,2.024889e-03,6.014466e-03
7400,layers.1.q_norm.weight,8.653506e+00,3.299132e-03,3.812480e-04
7400,layers.1.q_norm.bias,5.883538e-01,2.266641e-03,3.852514e-03
7400,layers.1.k_norm.weight,8.591585e+00,3.328583e-03,3.874236e-04
7400,layers.1.k_norm.bias,9.513926e-01,3.563445e-03,3.745504e-03
7400,layers.2.qk_lut.weights,9.412042e+01,2.561571e+00,2.721589e-02
7400,layers.2.qk_lut.log_soft_score_temp,3.565747e-01,5.163252e-04,1.448014e-03
7400,layers.2.qk_lut.log_select_temp,6.851476e-01,7.158518e-04,1.044814e-03
7400,layers.2.v_lut.weights,1.830179e+02,4.996711e+00,2.730176e-02
7400,layers.2.v_lut.log_soft_score_temp,5.319054e-01,2.698064e-03,5.072451e-03
7400,layers.2.v_lut.log_select_temp,9.887698e-01,1.615882e-04,1.634235e-04
7400,layers.2.out_proj.weights,2.714730e+02,7.392004e+00,2.722924e-02
7400,layers.2.out_proj.log_soft_score_temp,1.488854e-01,3.177956e-03,2.134499e-02
7400,layers.2.out_proj.log_select_temp,2.987923e-01,1.589656e-04,5.320270e-04
7400,layers.2.q_norm.weight,8.727365e+00,3.703998e-03,4.244119e-04
7400,layers.2.q_norm.bias,5.183747e-01,2.643640e-03,5.099863e-03
7400,layers.2.k_norm.weight,8.703351e+00,3.764483e-03,4.325326e-04
7400,layers.2.k_norm.bias,8.053191e-01,3.437463e-03,4.268448e-03
7400,layers.3.qk_lut.weights,9.352362e+01,2.559692e+00,2.736947e-02
7400,layers.3.qk_lut.log_soft_score_temp,2.361231e-02,1.791632e-03,7.587702e-02
7400,layers.3.qk_lut.log_select_temp,5.900052e-01,1.273274e-03,2.158073e-03
7400,layers.3.v_lut.weights,1.854655e+02,4.983145e+00,2.686832e-02
7400,layers.3.v_lut.log_soft_score_temp,4.542090e-01,4.190892e-03,9.226791e-03
7400,layers.3.v_lut.log_select_temp,1.001500e+00,1.201630e-03,1.199830e-03
7400,layers.3.out_proj.weights,4.449626e+02,7.943944e+00,1.785306e-02
7400,layers.3.out_proj.log_soft_score_temp,2.746570e-02,5.427333e-03,1.976040e-01
7400,layers.3.out_proj.log_select_temp,8.744149e-01,1.235306e-03,1.412723e-03
7400,layers.3.q_norm.weight,9.684552e+00,6.135833e-03,6.335691e-04
7400,layers.3.q_norm.bias,7.057554e-01,4.068346e-03,5.764528e-03
7400,layers.3.k_norm.weight,9.638399e+00,6.438433e-03,6.679981e-04
7400,layers.3.k_norm.bias,1.053384e+00,3.883392e-03,3.686588e-03
7400,layers.4.qk_lut.weights,9.321513e+01,2.567516e+00,2.754398e-02
7400,layers.4.qk_lut.log_soft_score_temp,6.453635e-02,2.139740e-03,3.315557e-02
7400,layers.4.qk_lut.log_select_temp,6.077914e-01,1.543045e-03,2.538774e-03
7400,layers.4.v_lut.weights,1.796019e+02,4.801558e+00,2.673445e-02
7400,layers.4.v_lut.log_soft_score_temp,7.507541e-01,4.142761e-03,5.518133e-03
7400,layers.4.v_lut.log_select_temp,1.086044e+00,1.129508e-03,1.040021e-03
7400,layers.4.out_proj.weights,3.672289e+02,7.818003e+00,2.128918e-02
7400,layers.4.out_proj.log_soft_score_temp,4.876266e-02,9.213537e-04,1.889465e-02
7400,layers.4.out_proj.log_select_temp,3.248079e-01,3.245980e-03,9.993536e-03
7400,layers.4.q_norm.weight,9.138612e+00,6.941803e-03,7.596124e-04
7400,layers.4.q_norm.bias,3.815799e-01,2.801306e-03,7.341335e-03
7400,layers.4.k_norm.weight,9.098351e+00,7.128873e-03,7.835347e-04
7400,layers.4.k_norm.bias,7.076200e-01,3.399799e-03,4.804554e-03
7400,layers.5.qk_lut.weights,9.456151e+01,2.594206e+00,2.743406e-02
7400,layers.5.qk_lut.log_soft_score_temp,2.175368e-01,8.329749e-04,3.829121e-03
7400,layers.5.qk_lut.log_select_temp,6.649961e-01,8.119941e-04,1.221051e-03
7400,layers.5.v_lut.weights,1.868462e+02,5.134719e+00,2.748099e-02
7400,layers.5.v_lut.log_soft_score_temp,3.500812e-01,4.292041e-03,1.226013e-02
7400,layers.5.v_lut.log_select_temp,1.016801e+00,8.379221e-04,8.240771e-04
7400,layers.5.out_proj.weights,2.876622e+02,7.457825e+00,2.592563e-02
7400,layers.5.out_proj.log_soft_score_temp,4.135910e-02,5.033098e-03,1.216927e-01
7400,layers.5.out_proj.log_select_temp,8.822885e-01,7.176399e-05,8.133846e-05
7400,layers.5.q_norm.weight,9.050753e+00,3.983173e-03,4.400930e-04
7400,layers.5.q_norm.bias,4.203524e-01,2.957395e-03,7.035514e-03
7400,layers.5.k_norm.weight,8.998343e+00,3.886997e-03,4.319680e-04
7400,layers.5.k_norm.bias,7.467845e-01,2.640517e-03,3.535848e-03
7400,read_out_lut.weights,2.307597e+02,6.009089e+00,2.604046e-02
7400,read_out_lut.log_soft_score_temp,1.334765e-01,1.571879e-03,1.177645e-02
7400,read_out_lut.log_select_temp,8.715554e-01,3.659964e-03,4.199347e-03
7400,ln_final.weight,3.682454e+01,1.093321e-01,2.969000e-03
7400,ln_final.bias,1.404040e+00,1.206332e-02,8.591866e-03
7600,tok_emb_E.weight,2.098860e+02,1.157975e+00,5.517160e-03
7600,unembedder.weight,2.084004e+02,2.457203e+00,1.179078e-02
7600,layers.0.qk_lut.weights,9.440076e+01,2.343680e+00,2.482692e-02
7600,layers.0.qk_lut.log_soft_score_temp,8.260819e-01,5.903244e-04,7.146076e-04
7600,layers.0.qk_lut.log_select_temp,9.029776e-01,5.108714e-04,5.657631e-04
7600,layers.0.v_lut.weights,1.850143e+02,4.838953e+00,2.615448e-02
7600,layers.0.v_lut.log_soft_score_temp,7.773147e-01,1.016557e-03,1.307781e-03
7600,layers.0.v_lut.log_select_temp,9.706972e-01,1.011133e-03,1.041657e-03
7600,layers.0.out_proj.weights,2.955719e+02,6.870858e+00,2.324598e-02
7600,layers.0.out_proj.log_soft_score_temp,2.701242e-01,1.136363e-03,4.206815e-03
7600,layers.0.out_proj.log_select_temp,7.731022e-01,7.369518e-04,9.532399e-04
7600,layers.0.q_norm.weight,8.855405e+00,4.585226e-03,5.177884e-04
7600,layers.0.q_norm.bias,8.301807e-01,2.676316e-03,3.223775e-03
7600,layers.0.k_norm.weight,8.832724e+00,4.285141e-03,4.851438e-04
7600,layers.0.k_norm.bias,7.867274e-01,3.530815e-03,4.487978e-03
7600,layers.1.qk_lut.weights,9.358758e+01,2.344501e+00,2.505141e-02
7600,layers.1.qk_lut.log_soft_score_temp,4.488803e-01,2.106428e-04,4.692628e-04
7600,layers.1.qk_lut.log_select_temp,6.559447e-01,9.793043e-05,1.492968e-04
7600,layers.1.v_lut.weights,1.839643e+02,4.706055e+00,2.558135e-02
7600,layers.1.v_lut.log_soft_score_temp,5.272760e-01,2.401233e-03,4.554033e-03
7600,layers.1.v_lut.log_select_temp,8.527528e-01,1.705289e-03,1.999746e-03
7600,layers.1.out_proj.weights,2.659512e+02,6.736422e+00,2.532954e-02
7600,layers.1.out_proj.log_soft_score_temp,1.692102e-01,4.237831e-03,2.504477e-02
7600,layers.1.out_proj.log_select_temp,3.342023e-01,2.467453e-03,7.383113e-03
7600,layers.1.q_norm.weight,8.654435e+00,3.146835e-03,3.636095e-04
7600,layers.1.q_norm.bias,5.895364e-01,2.907468e-03,4.931787e-03
7600,layers.1.k_norm.weight,8.592342e+00,2.875408e-03,3.346477e-04
7600,layers.1.k_norm.bias,9.527991e-01,3.155946e-03,3.312288e-03
7600,layers.2.qk_lut.weights,9.416932e+01,2.345873e+00,2.491122e-02
7600,layers.2.qk_lut.log_soft_score_temp,3.557530e-01,8.217394e-04,2.309859e-03
7600,layers.2.qk_lut.log_select_temp,6.854230e-01,2.753735e-04,4.017570e-04
7600,layers.2.v_lut.weights,1.830827e+02,4.573089e+00,2.497827e-02
7600,layers.2.v_lut.log_soft_score_temp,5.292355e-01,2.669811e-03,5.044656e-03
7600,layers.2.v_lut.log_select_temp,9.882995e-01,4.702806e-04,4.758483e-04
7600,layers.2.out_proj.weights,2.715359e+02,6.778652e+00,2.496411e-02
7600,layers.2.out_proj.log_soft_score_temp,1.521632e-01,3.277838e-03,2.154160e-02
7600,layers.2.out_proj.log_select_temp,2.981728e-01,6.195009e-04,2.077657e-03
7600,layers.2.q_norm.weight,8.728782e+00,3.362999e-03,3.852770e-04
7600,layers.2.q_norm.bias,5.185423e-01,2.059923e-03,3.972527e-03
7600,layers.2.k_norm.weight,8.704821e+00,3.325831e-03,3.820677e-04
7600,layers.2.k_norm.bias,8.058025e-01,2.486089e-03,3.085234e-03
7600,layers.3.qk_lut.weights,9.356226e+01,2.352786e+00,2.514674e-02
7600,layers.3.qk_lut.log_soft_score_temp,2.173511e-02,1.877196e-03,8.636698e-02
7600,layers.3.qk_lut.log_select_temp,5.909996e-01,9.944439e-04,1.682647e-03
7600,layers.3.v_lut.weights,1.855522e+02,4.579279e+00,2.467920e-02
7600,layers.3.v_lut.log_soft_score_temp,4.504598e-01,3.749251e-03,8.323166e-03
7600,layers.3.v_lut.log_select_temp,1.000525e+00,9.751320e-04,9.746207e-04
7600,layers.3.out_proj.weights,4.468894e+02,7.287551e+00,1.630728e-02
7600,layers.3.out_proj.log_soft_score_temp,3.235375e-02,4.888047e-03,1.510813e-01
7600,layers.3.out_proj.log_select_temp,8.733479e-01,1.066983e-03,1.221716e-03
7600,layers.3.q_norm.weight,9.688463e+00,5.476677e-03,5.652782e-04
7600,layers.3.q_norm.bias,7.081085e-01,3.873079e-03,5.469612e-03
7600,layers.3.k_norm.weight,9.642380e+00,5.701364e-03,5.912819e-04
7600,layers.3.k_norm.bias,1.055070e+00,3.613625e-03,3.425010e-03
7600,layers.4.qk_lut.weights,9.324490e+01,2.365497e+00,2.536864e-02
7600,layers.4.qk_lut.log_soft_score_temp,6.184002e-02,2.696332e-03,4.360173e-02
7600,layers.4.qk_lut.log_select_temp,6.091138e-01,1.322389e-03,2.171004e-03
7600,layers.4.v_lut.weights,1.796840e+02,4.399014e+00,2.448194e-02
7600,layers.4.v_lut.log_soft_score_temp,7.472375e-01,3.516614e-03,4.706154e-03
7600,layers.4.v_lut.log_select_temp,1.085211e+00,8.330345e-04,7.676247e-04
7600,layers.4.out_proj.weights,3.674661e+02,7.149980e+00,1.945752e-02
7600,layers.4.out_proj.log_soft_score_temp,4.983883e-02,1.076162e-03,2.159284e-02
7600,layers.4.out_proj.log_select_temp,3.280593e-01,3.251374e-03,9.910934e-03
7600,layers.4.q_norm.weight,9.143571e+00,7.302941e-03,7.986969e-04
7600,layers.4.q_norm.bias,3.821681e-01,2.376722e-03,6.219049e-03
7600,layers.4.k_norm.weight,9.103108e+00,7.138581e-03,7.841915e-04
7600,layers.4.k_norm.bias,7.092367e-01,3.238916e-03,4.566763e-03
7600,layers.5.qk_lut.weights,9.460520e+01,2.361920e+00,2.496607e-02
7600,layers.5.qk_lut.log_soft_score_temp,2.165797e-01,9.571165e-04,4.419234e-03
7600,layers.5.qk_lut.log_select_temp,6.656227e-01,6.266236e-04,9.414096e-04
7600,layers.5.v_lut.weights,1.869071e+02,4.718379e+00,2.524452e-02
7600,layers.5.v_lut.log_soft_score_temp,3.458197e-01,4.261553e-03,1.232305e-02
7600,layers.5.v_lut.log_select_temp,1.015735e+00,1.065731e-03,1.049222e-03
7600,layers.5.out_proj.weights,2.878349e+02,6.844019e+00,2.377759e-02
7600,layers.5.out_proj.log_soft_score_temp,3.694358e-02,4.415512e-03,1.195204e-01
7600,layers.5.out_proj.log_select_temp,8.822465e-01,4.202127e-05,4.762986e-05
7600,layers.5.q_norm.weight,9.051832e+00,2.743875e-03,3.031293e-04
7600,layers.5.q_norm.bias,4.203653e-01,2.055201e-03,4.889083e-03
7600,layers.5.k_norm.weight,8.999473e+00,2.751285e-03,3.057162e-04
7600,layers.5.k_norm.bias,7.465912e-01,3.152605e-03,4.222665e-03
7600,read_out_lut.weights,2.308595e+02,5.536845e+00,2.398361e-02
7600,read_out_lut.log_soft_score_temp,1.319491e-01,1.527384e-03,1.157555e-02
7600,read_out_lut.log_select_temp,8.750307e-01,3.475308e-03,3.971642e-03
7600,ln_final.weight,3.692513e+01,1.007082e-01,2.727362e-03
7600,ln_final.bias,1.407541e+00,1.157025e-02,8.220186e-03
7800,tok_emb_E.weight,2.098902e+02,1.087739e+00,5.182417e-03
7800,unembedder.weight,2.084091e+02,2.362780e+00,1.133722e-02
7800,layers.0.qk_lut.weights,9.443447e+01,2.188396e+00,2.317370e-02
7800,layers.0.qk_lut.log_soft_score_temp,8.270504e-01,9.685159e-04,1.171048e-03
7800,layers.0.qk_lut.log_select_temp,9.038308e-01,8.531809e-04,9.439609e-04
7800,layers.0.v_lut.weights,1.850812e+02,4.528285e+00,2.446648e-02
7800,layers.0.v_lut.log_soft_score_temp,7.784020e-01,1.087308e-03,1.396846e-03
7800,layers.0.v_lut.log_select_temp,9.717801e-01,1.082897e-03,1.114344e-03
7800,layers.0.out_proj.weights,2.958369e+02,6.449118e+00,2.179957e-02
7800,layers.0.out_proj.log_soft_score_temp,2.715799e-01,1.455694e-03,5.360096e-03
7800,layers.0.out_proj.log_select_temp,7.739314e-01,8.292794e-04,1.071515e-03
7800,layers.0.q_norm.weight,8.857643e+00,3.315170e-03,3.742723e-04
7800,layers.0.q_norm.bias,8.307580e-01,2.093628e-03,2.520141e-03
7800,layers.0.k_norm.weight,8.834777e+00,3.027933e-03,3.427289e-04
7800,layers.0.k_norm.bias,7.878975e-01,3.299471e-03,4.187691e-03
7800,layers.1.qk_lut.weights,9.362904e+01,2.201674e+00,2.351487e-02
7800,layers.1.qk_lut.log_soft_score_temp,4.492354e-01,3.550947e-04,7.904423e-04
7800,layers.1.qk_lut.log_select_temp,6.566324e-01,6.876588e-04,1.047251e-03
7800,layers.1.v_lut.weights,1.840085e+02,4.434911e+00,2.410167e-02
7800,layers.1.v_lut.log_soft_score_temp,5.254736e-01,1.802444e-03,3.430133e-03
7800,layers.1.v_lut.log_select_temp,8.514422e-01,1.310587e-03,1.539255e-03
7800,layers.1.out_proj.weights,2.660112e+02,6.310740e+00,2.372358e-02
7800,layers.1.out_proj.log_soft_score_temp,1.733525e-01,4.142314e-03,2.389532e-02
7800,layers.1.out_proj.log_select_temp,3.321405e-01,2.061814e-03,6.207656e-03
7800,layers.1.q_norm.weight,8.655523e+00,2.737903e-03,3.163186e-04
7800,layers.1.q_norm.bias,5.892936e-01,2.326297e-03,3.947603e-03
7800,layers.1.k_norm.weight,8.593347e+00,2.683782e-03,3.123093e-04
7800,layers.1.k_norm.bias,9.538725e-01,3.523435e-03,3.693822e-03
7800,layers.2.qk_lut.weights,9.420557e+01,2.194274e+00,2.329241e-02
7800,layers.2.qk_lut.log_soft_score_temp,3.552247e-01,5.283356e-04,1.487328e-03
7800,layers.2.qk_lut.log_select_temp,6.859947e-01,5.717874e-04,8.335157e-04
7800,layers.2.v_lut.weights,1.831403e+02,4.295326e+00,2.345374e-02
7800,layers.2.v_lut.log_soft_score_temp,5.267740e-01,2.461553e-03,4.672882e-03
7800,layers.2.v_lut.log_select_temp,9.879900e-01,3.095865e-04,3.133499e-04
7800,layers.2.out_proj.weights,2.715940e+02,6.360007e+00,2.341733e-02
7800,layers.2.out_proj.log_soft_score_temp,1.552510e-01,3.087789e-03,1.988901e-02
7800,layers.2.out_proj.log_select_temp,2.977718e-01,4.010201e-04,1.346736e-03
7800,layers.2.q_norm.weight,8.731071e+00,3.381226e-03,3.872636e-04
7800,layers.2.q_norm.bias,5.190743e-01,2.800589e-03,5.395354e-03
7800,layers.2.k_norm.weight,8.707052e+00,3.364729e-03,3.864372e-04
7800,layers.2.k_norm.bias,8.063033e-01,2.503250e-03,3.104601e-03
7800,layers.3.qk_lut.weights,9.359261e+01,2.201744e+00,2.352477e-02
7800,layers.3.qk_lut.log_soft_score_temp,2.013711e-02,1.598006e-03,7.935628e-02
7800,layers.3.qk_lut.log_select_temp,5.920429e-01,1.043320e-03,1.762237e-03
7800,layers.3.v_lut.weights,1.856091e+02,4.285985e+00,2.309146e-02
7800,layers.3.v_lut.log_soft_score_temp,4.470046e-01,3.455192e-03,7.729656e-03
7800,layers.3.v_lut.log_select_temp,9.996678e-01,8.568764e-04,8.571612e-04
7800,layers.3.out_proj.weights,4.486985e+02,6.827584e+00,1.521642e-02
7800,layers.3.out_proj.log_soft_score_temp,3.721133e-02,4.857577e-03,1.305403e-01
7800,layers.3.out_proj.log_select_temp,8.724150e-01,9.329319e-04,1.069367e-03
7800,layers.3.q_norm.weight,9.692373e+00,5.472199e-03,5.645881e-04
7800,layers.3.q_norm.bias,7.105779e-01,3.941196e-03,5.546466e-03
7800,layers.3.k_norm.weight,9.646329e+00,5.581388e-03,5.786023e-04
7800,layers.3.k_norm.bias,1.056648e+00,2.669533e-03,2.526417e-03
7800,layers.4.qk_lut.weights,9.327679e+01,2.203349e+00,2.362162e-02
7800,layers.4.qk_lut.log_soft_score_temp,5.970886e-02,2.131157e-03,3.569247e-02
7800,layers.4.qk_lut.log_select_temp,6.105013e-01,1.387537e-03,2.272782e-03
7800,layers.4.v_lut.weights,1.797597e+02,4.130719e+00,2.297911e-02
7800,layers.4.v_lut.log_soft_score_temp,7.436946e-01,3.542900e-03,4.763918e-03
7800,layers.4.v_lut.log_select_temp,1.084189e+00,1.022100e-03,9.427331e-04
7800,layers.4.out_proj.weights,3.676743e+02,6.713367e+00,1.825901e-02
7800,layers.4.out_proj.log_soft_score_temp,5.017018e-02,3.313497e-04,6.604515e-03
7800,layers.4.out_proj.log_select_temp,3.305286e-01,2.469271e-03,7.470675e-03
7800,layers.4.q_norm.weight,9.147466e+00,5.545809e-03,6.062673e-04
7800,layers.4.q_norm.bias,3.829972e-01,2.975748e-03,7.769636e-03
7800,layers.4.k_norm.weight,9.106779e+00,5.342021e-03,5.865982e-04
7800,layers.4.k_norm.bias,7.119364e-01,3.844968e-03,5.400719e-03
7800,layers.5.qk_lut.weights,9.463949e+01,2.218718e+00,2.344389e-02
7800,layers.5.qk_lut.log_soft_score_temp,2.162343e-01,3.453940e-04,1.597314e-03
7800,layers.5.qk_lut.log_select_temp,6.666717e-01,1.048982e-03,1.573461e-03
7800,layers.5.v_lut.weights,1.869601e+02,4.409973e+00,2.358778e-02
7800,layers.5.v_lut.log_soft_score_temp,3.422198e-01,3.599912e-03,1.051930e-02
7800,layers.5.v_lut.log_select_temp,1.015155e+00,5.797148e-04,5.710602e-04
7800,layers.5.out_proj.weights,2.879951e+02,6.419015e+00,2.228863e-02
7800,layers.5.out_proj.log_soft_score_temp,3.264496e-02,4.298624e-03,1.316780e-01
7800,layers.5.out_proj.log_select_temp,8.827366e-01,4.901290e-04,5.552381e-04
7800,layers.5.q_norm.weight,9.053940e+00,3.683369e-03,4.068250e-04
7800,layers.5.q_norm.bias,4.207226e-01,2.247479e-03,5.341950e-03
7800,layers.5.k_norm.weight,9.001652e+00,3.671530e-03,4.078729e-04
7800,layers.5.k_norm.bias,7.469698e-01,2.305107e-03,3.085944e-03
7800,read_out_lut.weights,2.309462e+02,5.201722e+00,2.252353e-02
7800,read_out_lut.log_soft_score_temp,1.306692e-01,1.279950e-03,9.795350e-03
7800,read_out_lut.log_select_temp,8.781818e-01,3.151119e-03,3.588230e-03
7800,ln_final.weight,3.701960e+01,9.456988e-02,2.554590e-03
7800,ln_final.bias,1.410532e+00,1.158274e-02,8.211613e-03
8000,tok_emb_E.weight,2.098941e+02,1.051230e+00,5.008381e-03
8000,unembedder.weight,2.084056e+02,2.260085e+00,1.084464e-02
8000,layers.0.qk_lut.weights,9.446585e+01,2.127814e+00,2.252469e-02
8000,layers.0.qk_lut.log_soft_score_temp,8.273895e-01,3.390908e-04,4.098322e-04
8000,layers.0.qk_lut.log_select_temp,9.040076e-01,1.768470e-04,1.956255e-04
8000,layers.0.v_lut.weights,1.851389e+02,4.380762e+00,2.366203e-02
8000,layers.0.v_lut.log_soft_score_temp,7.794626e-01,1.060605e-03,1.360688e-03
8000,layers.0.v_lut.log_select_temp,9.727895e-01,1.009405e-03,1.037639e-03
8000,layers.0.out_proj.weights,2.960881e+02,6.234272e+00,2.105546e-02
8000,layers.0.out_proj.log_soft_score_temp,2.733415e-01,1.761556e-03,6.444524e-03
8000,layers.0.out_proj.log_select_temp,7.748573e-01,9.258389e-04,1.194851e-03
8000,layers.0.q_norm.weight,8.860586e+00,4.239889e-03,4.785111e-04
8000,layers.0.q_norm.bias,8.327005e-01,3.037671e-03,3.647975e-03
8000,layers.0.k_norm.weight,8.837507e+00,4.080012e-03,4.616699e-04
8000,layers.0.k_norm.bias,7.891905e-01,3.125417e-03,3.960282e-03
8000,layers.1.qk_lut.weights,9.366724e+01,2.123960e+00,2.267559e-02
8000,layers.1.qk_lut.log_soft_score_temp,4.500019e-01,7.664561e-04,1.703229e-03
8000,layers.1.qk_lut.log_select_temp,6.577549e-01,1.122534e-03,1.706615e-03
8000,layers.1.v_lut.weights,1.840451e+02,4.278317e+00,2.324602e-02
8000,layers.1.v_lut.log_soft_score_temp,5.240251e-01,1.448512e-03,2.764204e-03
8000,layers.1.v_lut.log_select_temp,8.507478e-01,6.944537e-04,8.162863e-04
8000,layers.1.out_proj.weights,2.660686e+02,6.100390e+00,2.292789e-02
8000,layers.1.out_proj.log_soft_score_temp,1.771147e-01,3.762156e-03,2.124135e-02
8000,layers.1.out_proj.log_select_temp,3.305221e-01,1.618356e-03,4.896360e-03
8000,layers.1.q_norm.weight,8.656866e+00,2.431216e-03,2.808425e-04
8000,layers.1.q_norm.bias,5.900545e-01,2.306450e-03,3.908876e-03
8000,layers.1.k_norm.weight,8.594556e+00,2.465624e-03,2.868821e-04
8000,layers.1.k_norm.bias,9.548219e-01,2.731671e-03,2.860922e-03
8000,layers.2.qk_lut.weights,9.423988e+01,2.113927e+00,2.243135e-02
8000,layers.2.qk_lut.log_soft_score_temp,3.544562e-01,7.684529e-04,2.167977e-03
8000,layers.2.qk_lut.log_select_temp,6.863733e-01,3.785491e-04,5.515207e-04
8000,layers.2.v_lut.weights,1.831908e+02,4.143741e+00,2.261981e-02
8000,layers.2.v_lut.log_soft_score_temp,5.243165e-01,2.457440e-03,4.686939e-03
8000,layers.2.v_lut.log_select_temp,9.875346e-01,4.553199e-04,4.610672e-04
8000,layers.2.out_proj.weights,2.716384e+02,6.143612e+00,2.261688e-02
8000,layers.2.out_proj.log_soft_score_temp,1.586129e-01,3.361896e-03,2.119560e-02
8000,layers.2.out_proj.log_select_temp,2.967770e-01,9.948313e-04,3.352118e-03
8000,layers.2.q_norm.weight,8.732035e+00,2.562389e-03,2.934470e-04
8000,layers.2.q_norm.bias,5.189301e-01,1.999534e-03,3.853185e-03
8000,layers.2.k_norm.weight,8.708087e+00,2.602920e-03,2.989083e-04
8000,layers.2.k_norm.bias,8.064552e-01,2.460962e-03,3.051580e-03
8000,layers.3.qk_lut.weights,9.362376e+01,2.127374e+00,2.272259e-02
8000,layers.3.qk_lut.log_soft_score_temp,1.886714e-02,1.269965e-03,6.731090e-02
8000,layers.3.qk_lut.log_select_temp,5.928952e-01,8.522272e-04,1.437400e-03
8000,layers.3.v_lut.weights,1.856528e+02,4.157693e+00,2.239499e-02
8000,layers.3.v_lut.log_soft_score_temp,4.438803e-01,3.124237e-03,7.038467e-03
8000,layers.3.v_lut.log_select_temp,9.988533e-01,8.144379e-04,8.153728e-04
8000,layers.3.out_proj.weights,4.504497e+02,6.606316e+00,1.466604e-02
8000,layers.3.out_proj.log_soft_score_temp,4.167558e-02,4.464254e-03,1.071192e-01
8000,layers.3.out_proj.log_select_temp,8.713969e-01,1.018107e-03,1.168362e-03
8000,layers.3.q_norm.weight,9.695560e+00,4.815122e-03,4.966316e-04
8000,layers.3.q_norm.bias,7.126806e-01,3.482725e-03,4.886796e-03
8000,layers.3.k_norm.weight,9.649615e+00,4.826705e-03,5.001966e-04
8000,layers.3.k_norm.bias,1.058136e+00,3.760820e-03,3.554194e-03
8000,layers.4.qk_lut.weights,9.330515e+01,2.129177e+00,2.281950e-02
8000,layers.4.qk_lut.log_soft_score_temp,5.760091e-02,2.107948e-03,3.659574e-02
8000,layers.4.qk_lut.log_select_temp,6.116913e-01,1.190007e-03,1.945437e-03
8000,layers.4.v_lut.weights,1.798294e+02,3.981728e+00,2.214169e-02
8000,layers.4.v_lut.log_soft_score_temp,7.404343e-01,3.260314e-03,4.403246e-03
8000,layers.4.v_lut.log_select_temp,1.083207e+00,9.818077e-04,9.063899e-04
8000,layers.4.out_proj.weights,3.678770e+02,6.482013e+00,1.762006e-02
8000,layers.4.out_proj.log_soft_score_temp,5.088733e-02,7.171556e-04,1.409301e-02
8000,layers.4.out_proj.log_select_temp,3.331934e-01,2.664834e-03,7.997860e-03
8000,layers.4.q_norm.weight,9.151602e+00,5.524577e-03,6.036732e-04
8000,layers.4.q_norm.bias,3.833485e-01,2.215875e-03,5.780313e-03
8000,layers.4.k_norm.weight,9.110624e+00,5.378318e-03,5.903347e-04
8000,layers.4.k_norm.bias,7.134300e-01,3.301325e-03,4.627399e-03
8000,layers.5.qk_lut.weights,9.467690e+01,2.140370e+00,2.260710e-02
8000,layers.5.qk_lut.log_soft_score_temp,2.157485e-01,4.858524e-04,2.251939e-03
8000,layers.5.qk_lut.log_select_temp,6.675962e-01,9.244680e-04,1.384771e-03
8000,layers.5.v_lut.weights,1.870084e+02,4.269981e+00,2.283309e-02
8000,layers.5.v_lut.log_soft_score_temp,3.384762e-01,3.743589e-03,1.106013e-02
8000,layers.5.v_lut.log_select_temp,1.014048e+00,1.106739e-03,1.091406e-03
8000,layers.5.out_proj.weights,2.881422e+02,6.222378e+00,2.159482e-02
8000,layers.5.out_proj.log_soft_score_temp,2.834207e-02,4.302891e-03,1.518199e-01
8000,layers.5.out_proj.log_select_temp,8.826978e-01,3.886223e-05,4.402665e-05
8000,layers.5.q_norm.weight,9.055653e+00,3.284088e-03,3.626562e-04
8000,layers.5.q_norm.bias,4.209585e-01,2.326099e-03,5.525721e-03
8000,layers.5.k_norm.weight,9.003181e+00,3.139965e-03,3.487617e-04
8000,layers.5.k_norm.bias,7.471125e-01,2.804647e-03,3.753982e-03
8000,read_out_lut.weights,2.310276e+02,5.041191e+00,2.182073e-02
8000,read_out_lut.log_soft_score_temp,1.294481e-01,1.221016e-03,9.432472e-03
8000,read_out_lut.log_select_temp,8.813188e-01,3.136992e-03,3.559430e-03
8000,ln_final.weight,3.711108e+01,9.158377e-02,2.467828e-03
8000,ln_final.bias,1.413292e+00,1.038820e-02,7.350355e-03
