
                                                       █████                █████
                                                      ░░███                ░░███
     ████████    ██████   ████████    ██████   ██████  ░███████    ██████  ███████
    ░░███░░███  ░░░░░███ ░░███░░███  ███░░███ ███░░███ ░███░░███  ░░░░░███░░░███░
     ░███ ░███   ███████  ░███ ░███ ░███ ░███░███ ░░░  ░███ ░███   ███████  ░███
     ░███ ░███  ███░░███  ░███ ░███ ░███ ░███░███  ███ ░███ ░███  ███░░███  ░███ ███
     ████ █████░░████████ ████ █████░░██████ ░░██████  ████ █████░░███████  ░░█████
    ░░░░ ░░░░░  ░░░░░░░░ ░░░░ ░░░░░  ░░░░░░   ░░░░░░  ░░░░ ░░░░░  ░░░░░░░░   ░░░░░
    
Autodetected device type: cuda
2026-10-07 19:05:46,513 - nanochat.common - [32m[1mINFO[0m - Distributed world size: 1
GPU: NVIDIA H100 80GB HBM3 | Peak FLOPS (BF16): 9.89e+14
COMPUTE_DTYPE: torch.bfloat16 (auto-detected: CUDA SM 90 (bf16 supported))
wandb: WARNING `resume` will be ignored since W&B syncing is set to `offline`. Starting a new run with run id d24-dense-1xh100-s0-4bad20ea.
wandb: Tracking run with wandb version 0.21.3
wandb: W&B syncing is set to `offline` in this directory. Run `wandb online` or set WANDB_MODE=online to enable cloud syncing.
wandb: Run data is saved locally in /home/astarostin/projects/lut_nanochat_wt/experiments/lut_nanochat/nanochat/wandb/offline-run-20261007_190546-d24-dense-1xh100-s0-4bad20ea
✓ Using Flash Attention 3: efficient, new and awesome.
Vocab size: 32,768
Model config:
{
  "sequence_len": 2048,
  "vocab_size": 32768,
  "n_layer": 24,
  "n_head": 12,
  "n_kv_head": 12,
  "n_embd": 1536,
  "window_pattern": "SSSL"
}
✓ FP8 training enabled (tensorwise scaling) - converted 145/158 linear layers, skipped 13 (too small)
Parameter counts:
wte                     : 50,331,648
value_embeds            : 603,979,776
lm_head                 : 50,331,648
transformer_matrices    : 679,478,976
scalars                 : 74
total                   : 1,384,122,122
Estimated FLOPs per token: 3.963722e+08
Auto-computed optimal batch size: 1,048,576 tokens
Scaling LRs by 1.4142 for batch size 1,048,576 (reference: 524,288)
Scaling weight decay from 0.280000 to 0.059738 for depth 24
Scaling the LR for the AdamW parameters ∝1/√(1536/768) = 0.707107
Calculated number of iterations from target data:param ratio: 5,568
Total number of training tokens: 5,838,471,168
Tokens : Scaling params ratio: 8.00
Total training FLOPs estimate: 2.314208e+18
Tokens / micro-batch / rank: 16 x 2048 = 32,768
Tokens / micro-batch: 32,768
Total batch size 1,048,576 => gradient accumulation steps: 32
Step 00000 | Validation bpb: 3.180824
step 00000/05568 (0.00%) | loss: 10.397446 | lrm: 0.03 | dt: 48283.55ms | tok/sec: 21,717 | bf16_mfu: 0.87 | epoch: 1 pq: 0 rg: 2 | total time: 0.00m
step 00001/05568 (0.02%) | loss: 10.371659 | lrm: 0.05 | dt: 8334.35ms | tok/sec: 125,813 | bf16_mfu: 5.04 | epoch: 1 pq: 0 rg: 4 | total time: 0.00m
step 00002/05568 (0.04%) | loss: 10.322131 | lrm: 0.07 | dt: 8352.10ms | tok/sec: 125,546 | bf16_mfu: 5.03 | epoch: 1 pq: 0 rg: 6 | total time: 0.00m
step 00003/05568 (0.05%) | loss: 10.251404 | lrm: 0.10 | dt: 8355.82ms | tok/sec: 125,490 | bf16_mfu: 5.03 | epoch: 1 pq: 0 rg: 8 | total time: 0.00m
step 00004/05568 (0.07%) | loss: 10.135949 | lrm: 0.12 | dt: 8361.52ms | tok/sec: 125,405 | bf16_mfu: 5.03 | epoch: 1 pq: 0 rg: 11 | total time: 0.00m
step 00005/05568 (0.09%) | loss: 9.946850 | lrm: 0.15 | dt: 8378.82ms | tok/sec: 125,146 | bf16_mfu: 5.02 | epoch: 1 pq: 0 rg: 13 | total time: 0.00m
step 00006/05568 (0.11%) | loss: 9.600346 | lrm: 0.17 | dt: 8375.97ms | tok/sec: 125,188 | bf16_mfu: 5.02 | epoch: 1 pq: 0 rg: 15 | total time: 0.00m
step 00007/05568 (0.13%) | loss: 9.380948 | lrm: 0.20 | dt: 8345.32ms | tok/sec: 125,648 | bf16_mfu: 5.04 | epoch: 1 pq: 0 rg: 17 | total time: 0.00m
step 00008/05568 (0.14%) | loss: 9.154471 | lrm: 0.23 | dt: 8351.76ms | tok/sec: 125,551 | bf16_mfu: 5.03 | epoch: 1 pq: 0 rg: 19 | total time: 0.00m
step 00009/05568 (0.16%) | loss: 8.873494 | lrm: 0.25 | dt: 8378.70ms | tok/sec: 125,147 | bf16_mfu: 5.02 | epoch: 1 pq: 0 rg: 21 | total time: 0.00m
step 00010/05568 (0.18%) | loss: 8.610695 | lrm: 0.28 | dt: 8385.71ms | tok/sec: 125,043 | bf16_mfu: 5.01 | epoch: 1 pq: 0 rg: 23 | total time: 0.00m
step 00011/05568 (0.20%) | loss: 8.365810 | lrm: 0.30 | dt: 8381.55ms | tok/sec: 125,105 | bf16_mfu: 5.01 | epoch: 1 pq: 0 rg: 25 | total time: 0.14m | eta: 776.3m
step 00012/05568 (0.22%) | loss: 8.153385 | lrm: 0.33 | dt: 8376.77ms | tok/sec: 125,176 | bf16_mfu: 5.02 | epoch: 1 pq: 0 rg: 28 | total time: 0.28m | eta: 775.9m
step 00013/05568 (0.23%) | loss: 7.924795 | lrm: 0.35 | dt: 8378.18ms | tok/sec: 125,155 | bf16_mfu: 5.02 | epoch: 1 pq: 0 rg: 30 | total time: 0.42m | eta: 775.7m
step 00014/05568 (0.25%) | loss: 7.735452 | lrm: 0.38 | dt: 8379.25ms | tok/sec: 125,139 | bf16_mfu: 5.02 | epoch: 1 pq: 0 rg: 32 | total time: 0.56m | eta: 775.6m
step 00015/05568 (0.27%) | loss: 7.549676 | lrm: 0.40 | dt: 8377.18ms | tok/sec: 125,170 | bf16_mfu: 5.02 | epoch: 1 pq: 0 rg: 34 | total time: 0.70m | eta: 775.4m
step 00016/05568 (0.29%) | loss: 7.380860 | lrm: 0.42 | dt: 8377.49ms | tok/sec: 125,165 | bf16_mfu: 5.02 | epoch: 1 pq: 0 rg: 36 | total time: 0.84m | eta: 775.3m
step 00017/05568 (0.31%) | loss: 7.234519 | lrm: 0.45 | dt: 8381.10ms | tok/sec: 125,111 | bf16_mfu: 5.01 | epoch: 1 pq: 0 rg: 38 | total time: 0.98m | eta: 775.2m
step 00018/05568 (0.32%) | loss: 7.095144 | lrm: 0.47 | dt: 8380.71ms | tok/sec: 125,117 | bf16_mfu: 5.01 | epoch: 1 pq: 0 rg: 40 | total time: 1.12m | eta: 775.1m
step 00019/05568 (0.34%) | loss: 6.958227 | lrm: 0.50 | dt: 8395.71ms | tok/sec: 124,894 | bf16_mfu: 5.01 | epoch: 1 pq: 0 rg: 42 | total time: 1.26m | eta: 775.1m
step 00020/05568 (0.36%) | loss: 6.846372 | lrm: 0.53 | dt: 8380.07ms | tok/sec: 125,127 | bf16_mfu: 5.01 | epoch: 1 pq: 0 rg: 43 | total time: 1.40m | eta: 774.9m
step 00021/05568 (0.38%) | loss: 6.755099 | lrm: 0.55 | dt: 8379.80ms | tok/sec: 125,131 | bf16_mfu: 5.02 | epoch: 1 pq: 0 rg: 45 | total time: 1.54m | eta: 774.8m
step 00022/05568 (0.40%) | loss: 6.656304 | lrm: 0.57 | dt: 8378.07ms | tok/sec: 125,157 | bf16_mfu: 5.02 | epoch: 1 pq: 0 rg: 47 | total time: 1.68m | eta: 774.6m
step 00023/05568 (0.41%) | loss: 6.574327 | lrm: 0.60 | dt: 8377.17ms | tok/sec: 125,170 | bf16_mfu: 5.02 | epoch: 1 pq: 0 rg: 49 | total time: 1.82m | eta: 774.5m
step 00024/05568 (0.43%) | loss: 6.487890 | lrm: 0.62 | dt: 8380.97ms | tok/sec: 125,113 | bf16_mfu: 5.01 | epoch: 1 pq: 0 rg: 51 | total time: 1.96m | eta: 774.3m
step 00025/05568 (0.45%) | loss: 6.415091 | lrm: 0.65 | dt: 8398.24ms | tok/sec: 124,856 | bf16_mfu: 5.00 | epoch: 1 pq: 0 rg: 53 | total time: 2.10m | eta: 774.3m
step 00026/05568 (0.47%) | loss: 6.345473 | lrm: 0.68 | dt: 8378.45ms | tok/sec: 125,151 | bf16_mfu: 5.02 | epoch: 1 pq: 0 rg: 55 | total time: 2.24m | eta: 774.2m
step 00027/05568 (0.48%) | loss: 6.302729 | lrm: 0.70 | dt: 8382.57ms | tok/sec: 125,090 | bf16_mfu: 5.01 | epoch: 1 pq: 0 rg: 57 | total time: 2.37m | eta: 774.0m
step 00028/05568 (0.50%) | loss: 6.247383 | lrm: 0.72 | dt: 8375.59ms | tok/sec: 125,194 | bf16_mfu: 5.02 | epoch: 1 pq: 0 rg: 59 | total time: 2.51m | eta: 773.9m
step 00029/05568 (0.52%) | loss: 6.187734 | lrm: 0.75 | dt: 8381.53ms | tok/sec: 125,105 | bf16_mfu: 5.01 | epoch: 1 pq: 0 rg: 61 | total time: 2.65m | eta: 773.7m
step 00030/05568 (0.54%) | loss: 6.124681 | lrm: 0.78 | dt: 8395.25ms | tok/sec: 124,901 | bf16_mfu: 5.01 | epoch: 1 pq: 0 rg: 63 | total time: 2.79m | eta: 773.6m
step 00031/05568 (0.56%) | loss: 6.074251 | lrm: 0.80 | dt: 8377.72ms | tok/sec: 125,162 | bf16_mfu: 5.02 | epoch: 1 pq: 0 rg: 65 | total time: 2.93m | eta: 773.5m
step 00032/05568 (0.57%) | loss: 6.030689 | lrm: 0.82 | dt: 8382.55ms | tok/sec: 125,090 | bf16_mfu: 5.01 | epoch: 1 pq: 0 rg: 67 | total time: 3.07m | eta: 773.3m
step 00033/05568 (0.59%) | loss: 5.997144 | lrm: 0.85 | dt: 8393.91ms | tok/sec: 124,920 | bf16_mfu: 5.01 | epoch: 1 pq: 0 rg: 69 | total time: 3.21m | eta: 773.3m
step 00034/05568 (0.61%) | loss: 5.951378 | lrm: 0.88 | dt: 8382.63ms | tok/sec: 125,089 | bf16_mfu: 5.01 | epoch: 1 pq: 0 rg: 71 | total time: 3.35m | eta: 773.1m
step 00035/05568 (0.63%) | loss: 5.911654 | lrm: 0.90 | dt: 8399.83ms | tok/sec: 124,832 | bf16_mfu: 5.00 | epoch: 1 pq: 0 rg: 72 | total time: 3.49m | eta: 773.0m
step 00036/05568 (0.65%) | loss: 5.870956 | lrm: 0.93 | dt: 8396.41ms | tok/sec: 124,883 | bf16_mfu: 5.01 | epoch: 1 pq: 0 rg: 74 | total time: 3.63m | eta: 773.0m
step 00037/05568 (0.66%) | loss: 5.835051 | lrm: 0.95 | dt: 8400.45ms | tok/sec: 124,823 | bf16_mfu: 5.00 | epoch: 1 pq: 0 rg: 76 | total time: 3.77m | eta: 772.9m
step 00038/05568 (0.68%) | loss: 5.821025 | lrm: 0.97 | dt: 8397.81ms | tok/sec: 124,863 | bf16_mfu: 5.00 | epoch: 1 pq: 0 rg: 78 | total time: 3.91m | eta: 772.8m
step 00039/05568 (0.70%) | loss: 5.789108 | lrm: 1.00 | dt: 8379.00ms | tok/sec: 125,143 | bf16_mfu: 5.02 | epoch: 1 pq: 0 rg: 80 | total time: 4.05m | eta: 772.6m
step 00040/05568 (0.72%) | loss: 5.744225 | lrm: 1.00 | dt: 8397.85ms | tok/sec: 124,862 | bf16_mfu: 5.00 | epoch: 1 pq: 0 rg: 82 | total time: 4.19m | eta: 772.5m
step 00041/05568 (0.74%) | loss: 5.691764 | lrm: 1.00 | dt: 8379.57ms | tok/sec: 125,134 | bf16_mfu: 5.02 | epoch: 1 pq: 1 rg: 0 | total time: 4.33m | eta: 772.4m
step 00042/05568 (0.75%) | loss: 5.652631 | lrm: 1.00 | dt: 8398.19ms | tok/sec: 124,857 | bf16_mfu: 5.00 | epoch: 1 pq: 1 rg: 2 | total time: 4.47m | eta: 772.3m
step 00043/05568 (0.77%) | loss: 5.624532 | lrm: 1.00 | dt: 8380.45ms | tok/sec: 125,121 | bf16_mfu: 5.01 | epoch: 1 pq: 1 rg: 4 | total time: 4.61m | eta: 772.1m
step 00044/05568 (0.79%) | loss: 5.596747 | lrm: 1.00 | dt: 8378.81ms | tok/sec: 125,146 | bf16_mfu: 5.02 | epoch: 1 pq: 1 rg: 6 | total time: 4.75m | eta: 772.0m
step 00045/05568 (0.81%) | loss: 5.575722 | lrm: 1.00 | dt: 8377.29ms | tok/sec: 125,168 | bf16_mfu: 5.02 | epoch: 1 pq: 1 rg: 8 | total time: 4.89m | eta: 771.8m
step 00046/05568 (0.83%) | loss: 5.537113 | lrm: 1.00 | dt: 8380.15ms | tok/sec: 125,126 | bf16_mfu: 5.01 | epoch: 1 pq: 1 rg: 10 | total time: 5.03m | eta: 771.6m
step 00047/05568 (0.84%) | loss: 5.511784 | lrm: 1.00 | dt: 8430.79ms | tok/sec: 124,374 | bf16_mfu: 4.98 | epoch: 1 pq: 1 rg: 12 | total time: 5.17m | eta: 771.6m
step 00048/05568 (0.86%) | loss: 5.483586 | lrm: 1.00 | dt: 8389.02ms | tok/sec: 124,993 | bf16_mfu: 5.01 | epoch: 1 pq: 1 rg: 14 | total time: 5.31m | eta: 771.5m
step 00049/05568 (0.88%) | loss: 5.464087 | lrm: 1.00 | dt: 8393.98ms | tok/sec: 124,919 | bf16_mfu: 5.01 | epoch: 1 pq: 1 rg: 16 | total time: 5.45m | eta: 771.4m
step 00050/05568 (0.90%) | loss: 5.419796 | lrm: 1.00 | dt: 8383.99ms | tok/sec: 125,068 | bf16_mfu: 5.01 | epoch: 1 pq: 1 rg: 18 | total time: 5.59m | eta: 771.2m
step 00051/05568 (0.92%) | loss: 5.390340 | lrm: 1.00 | dt: 8395.64ms | tok/sec: 124,895 | bf16_mfu: 5.01 | epoch: 1 pq: 1 rg: 20 | total time: 5.73m | eta: 771.1m
step 00052/05568 (0.93%) | loss: 5.371228 | lrm: 1.00 | dt: 8380.29ms | tok/sec: 125,124 | bf16_mfu: 5.01 | epoch: 1 pq: 1 rg: 21 | total time: 5.87m | eta: 771.0m
step 00053/05568 (0.95%) | loss: 5.347764 | lrm: 1.00 | dt: 8397.79ms | tok/sec: 124,863 | bf16_mfu: 5.00 | epoch: 1 pq: 1 rg: 23 | total time: 6.01m | eta: 770.8m
step 00054/05568 (0.97%) | loss: 5.312367 | lrm: 1.00 | dt: 8378.75ms | tok/sec: 125,147 | bf16_mfu: 5.02 | epoch: 1 pq: 1 rg: 25 | total time: 6.15m | eta: 770.7m
step 00055/05568 (0.99%) | loss: 5.294251 | lrm: 1.00 | dt: 8381.98ms | tok/sec: 125,098 | bf16_mfu: 5.01 | epoch: 1 pq: 1 rg: 27 | total time: 6.29m | eta: 770.5m
step 00056/05568 (1.01%) | loss: 5.259350 | lrm: 1.00 | dt: 8397.58ms | tok/sec: 124,866 | bf16_mfu: 5.00 | epoch: 1 pq: 1 rg: 29 | total time: 6.43m | eta: 770.4m
step 00057/05568 (1.02%) | loss: 5.243304 | lrm: 1.00 | dt: 8401.54ms | tok/sec: 124,807 | bf16_mfu: 5.00 | epoch: 1 pq: 1 rg: 31 | total time: 6.57m | eta: 770.3m
step 00058/05568 (1.04%) | loss: 5.209466 | lrm: 1.00 | dt: 8394.71ms | tok/sec: 124,909 | bf16_mfu: 5.01 | epoch: 1 pq: 1 rg: 33 | total time: 6.71m | eta: 770.2m
step 00059/05568 (1.06%) | loss: 5.179181 | lrm: 1.00 | dt: 8378.33ms | tok/sec: 125,153 | bf16_mfu: 5.02 | epoch: 1 pq: 1 rg: 35 | total time: 6.85m | eta: 770.0m
step 00060/05568 (1.08%) | loss: 5.160649 | lrm: 1.00 | dt: 8379.88ms | tok/sec: 125,130 | bf16_mfu: 5.01 | epoch: 1 pq: 1 rg: 37 | total time: 6.99m | eta: 769.9m
step 00061/05568 (1.10%) | loss: 5.133571 | lrm: 1.00 | dt: 8380.00ms | tok/sec: 125,128 | bf16_mfu: 5.01 | epoch: 1 pq: 1 rg: 39 | total time: 7.13m | eta: 769.7m
step 00062/05568 (1.11%) | loss: 5.108783 | lrm: 1.00 | dt: 8399.31ms | tok/sec: 124,840 | bf16_mfu: 5.00 | epoch: 1 pq: 1 rg: 41 | total time: 7.27m | eta: 769.6m
step 00063/05568 (1.13%) | loss: 5.075819 | lrm: 1.00 | dt: 8380.46ms | tok/sec: 125,121 | bf16_mfu: 5.01 | epoch: 1 pq: 1 rg: 43 | total time: 7.41m | eta: 769.5m
step 00064/05568 (1.15%) | loss: 5.040191 | lrm: 1.00 | dt: 8378.97ms | tok/sec: 125,143 | bf16_mfu: 5.02 | epoch: 1 pq: 1 rg: 45 | total time: 7.55m | eta: 769.3m
step 00065/05568 (1.17%) | loss: 5.016308 | lrm: 1.00 | dt: 8396.54ms | tok/sec: 124,881 | bf16_mfu: 5.01 | epoch: 1 pq: 1 rg: 47 | total time: 7.69m | eta: 769.2m
step 00066/05568 (1.19%) | loss: 4.993873 | lrm: 1.00 | dt: 8403.44ms | tok/sec: 124,779 | bf16_mfu: 5.00 | epoch: 1 pq: 1 rg: 49 | total time: 7.83m | eta: 769.1m
step 00067/05568 (1.20%) | loss: 4.967087 | lrm: 1.00 | dt: 8400.06ms | tok/sec: 124,829 | bf16_mfu: 5.00 | epoch: 1 pq: 1 rg: 50 | total time: 7.97m | eta: 769.0m
step 00068/05568 (1.22%) | loss: 4.945903 | lrm: 1.00 | dt: 8397.04ms | tok/sec: 124,874 | bf16_mfu: 5.00 | epoch: 1 pq: 1 rg: 52 | total time: 8.11m | eta: 768.8m
step 00069/05568 (1.24%) | loss: 4.912340 | lrm: 1.00 | dt: 8397.99ms | tok/sec: 124,860 | bf16_mfu: 5.00 | epoch: 1 pq: 1 rg: 54 | total time: 8.25m | eta: 768.7m
step 00070/05568 (1.26%) | loss: 4.893118 | lrm: 1.00 | dt: 8394.11ms | tok/sec: 124,918 | bf16_mfu: 5.01 | epoch: 1 pq: 1 rg: 56 | total time: 8.39m | eta: 768.6m
step 00071/05568 (1.28%) | loss: 4.877082 | lrm: 1.00 | dt: 8379.20ms | tok/sec: 125,140 | bf16_mfu: 5.02 | epoch: 1 pq: 1 rg: 58 | total time: 8.53m | eta: 768.4m
step 00072/05568 (1.29%) | loss: 4.845453 | lrm: 1.00 | dt: 8404.75ms | tok/sec: 124,759 | bf16_mfu: 5.00 | epoch: 1 pq: 1 rg: 60 | total time: 8.67m | eta: 768.3m
step 00073/05568 (1.31%) | loss: 4.825491 | lrm: 1.00 | dt: 8397.44ms | tok/sec: 124,868 | bf16_mfu: 5.00 | epoch: 1 pq: 1 rg: 62 | total time: 8.81m | eta: 768.2m
step 00074/05568 (1.33%) | loss: 4.810158 | lrm: 1.00 | dt: 8397.51ms | tok/sec: 124,867 | bf16_mfu: 5.00 | epoch: 1 pq: 1 rg: 64 | total time: 8.95m | eta: 768.1m
step 00075/05568 (1.35%) | loss: 4.802069 | lrm: 1.00 | dt: 8398.62ms | tok/sec: 124,850 | bf16_mfu: 5.00 | epoch: 1 pq: 1 rg: 66 | total time: 9.09m | eta: 767.9m
step 00076/05568 (1.36%) | loss: 4.779050 | lrm: 1.00 | dt: 8396.56ms | tok/sec: 124,881 | bf16_mfu: 5.01 | epoch: 1 pq: 1 rg: 68 | total time: 9.23m | eta: 767.8m
step 00077/05568 (1.38%) | loss: 4.767951 | lrm: 1.00 | dt: 8397.26ms | tok/sec: 124,871 | bf16_mfu: 5.00 | epoch: 1 pq: 1 rg: 70 | total time: 9.37m | eta: 767.7m
step 00078/05568 (1.40%) | loss: 4.755851 | lrm: 1.00 | dt: 8382.74ms | tok/sec: 125,087 | bf16_mfu: 5.01 | epoch: 1 pq: 1 rg: 72 | total time: 9.51m | eta: 767.5m
step 00079/05568 (1.42%) | loss: 4.727771 | lrm: 1.00 | dt: 8398.11ms | tok/sec: 124,858 | bf16_mfu: 5.00 | epoch: 1 pq: 1 rg: 74 | total time: 9.65m | eta: 767.4m
step 00080/05568 (1.44%) | loss: 4.705690 | lrm: 1.00 | dt: 8375.88ms | tok/sec: 125,189 | bf16_mfu: 5.02 | epoch: 1 pq: 1 rg: 76 | total time: 9.79m | eta: 767.2m
step 00081/05568 (1.45%) | loss: 4.679910 | lrm: 1.00 | dt: 8402.94ms | tok/sec: 124,786 | bf16_mfu: 5.00 | epoch: 1 pq: 1 rg: 78 | total time: 9.93m | eta: 767.1m
step 00082/05568 (1.47%) | loss: 4.680673 | lrm: 1.00 | dt: 8394.54ms | tok/sec: 124,911 | bf16_mfu: 5.01 | epoch: 1 pq: 1 rg: 79 | total time: 10.07m | eta: 767.0m
step 00083/05568 (1.49%) | loss: 4.649819 | lrm: 1.00 | dt: 8391.29ms | tok/sec: 124,960 | bf16_mfu: 5.01 | epoch: 1 pq: 1 rg: 81 | total time: 10.21m | eta: 766.9m
step 00084/05568 (1.51%) | loss: 4.630160 | lrm: 1.00 | dt: 8390.63ms | tok/sec: 124,969 | bf16_mfu: 5.01 | epoch: 1 pq: 1 rg: 83 | total time: 10.35m | eta: 766.7m
step 00085/05568 (1.53%) | loss: 4.634151 | lrm: 1.00 | dt: 8398.18ms | tok/sec: 124,857 | bf16_mfu: 5.00 | epoch: 1 pq: 2 rg: 1 | total time: 10.49m | eta: 766.6m
step 00086/05568 (1.54%) | loss: 4.608616 | lrm: 1.00 | dt: 8398.04ms | tok/sec: 124,859 | bf16_mfu: 5.00 | epoch: 1 pq: 2 rg: 3 | total time: 10.63m | eta: 766.5m
step 00087/05568 (1.56%) | loss: 4.591538 | lrm: 1.00 | dt: 8395.89ms | tok/sec: 124,891 | bf16_mfu: 5.01 | epoch: 1 pq: 2 rg: 5 | total time: 10.77m | eta: 766.3m
step 00088/05568 (1.58%) | loss: 4.558108 | lrm: 1.00 | dt: 8384.93ms | tok/sec: 125,054 | bf16_mfu: 5.01 | epoch: 1 pq: 2 rg: 7 | total time: 10.91m | eta: 766.2m
step 00089/05568 (1.60%) | loss: 4.544369 | lrm: 1.00 | dt: 8400.39ms | tok/sec: 124,824 | bf16_mfu: 5.00 | epoch: 1 pq: 2 rg: 9 | total time: 11.05m | eta: 766.1m
step 00090/05568 (1.62%) | loss: 4.517742 | lrm: 1.00 | dt: 8396.56ms | tok/sec: 124,881 | bf16_mfu: 5.01 | epoch: 1 pq: 2 rg: 11 | total time: 11.19m | eta: 765.9m
step 00091/05568 (1.63%) | loss: 4.501852 | lrm: 1.00 | dt: 8394.51ms | tok/sec: 124,912 | bf16_mfu: 5.01 | epoch: 1 pq: 2 rg: 13 | total time: 11.33m | eta: 765.8m
step 00092/05568 (1.65%) | loss: 4.460087 | lrm: 1.00 | dt: 8378.26ms | tok/sec: 125,154 | bf16_mfu: 5.02 | epoch: 1 pq: 2 rg: 15 | total time: 11.47m | eta: 765.6m
step 00093/05568 (1.67%) | loss: 4.434149 | lrm: 1.00 | dt: 8381.36ms | tok/sec: 125,108 | bf16_mfu: 5.01 | epoch: 1 pq: 2 rg: 17 | total time: 11.60m | eta: 765.5m
step 00094/05568 (1.69%) | loss: 4.425572 | lrm: 1.00 | dt: 8401.25ms | tok/sec: 124,811 | bf16_mfu: 5.00 | epoch: 1 pq: 2 rg: 19 | total time: 11.74m | eta: 765.4m
step 00095/05568 (1.71%) | loss: 4.423421 | lrm: 1.00 | dt: 8398.45ms | tok/sec: 124,853 | bf16_mfu: 5.00 | epoch: 1 pq: 2 rg: 21 | total time: 11.88m | eta: 765.2m
step 00096/05568 (1.72%) | loss: 4.391572 | lrm: 1.00 | dt: 8395.90ms | tok/sec: 124,891 | bf16_mfu: 5.01 | epoch: 1 pq: 2 rg: 23 | total time: 12.02m | eta: 765.1m
step 00097/05568 (1.74%) | loss: 4.375130 | lrm: 1.00 | dt: 8400.88ms | tok/sec: 124,817 | bf16_mfu: 5.00 | epoch: 1 pq: 2 rg: 25 | total time: 12.16m | eta: 765.0m
step 00098/05568 (1.76%) | loss: 4.360880 | lrm: 1.00 | dt: 8399.13ms | tok/sec: 124,843 | bf16_mfu: 5.00 | epoch: 1 pq: 2 rg: 26 | total time: 12.30m | eta: 764.8m
step 00099/05568 (1.78%) | loss: 4.337993 | lrm: 1.00 | dt: 8400.04ms | tok/sec: 124,829 | bf16_mfu: 5.00 | epoch: 1 pq: 2 rg: 28 | total time: 12.44m | eta: 764.7m
step 00100/05568 (1.80%) | loss: 4.323101 | lrm: 1.00 | dt: 8396.16ms | tok/sec: 124,887 | bf16_mfu: 5.01 | epoch: 1 pq: 2 rg: 30 | total time: 12.58m | eta: 764.6m
step 00101/05568 (1.81%) | loss: 4.322376 | lrm: 1.00 | dt: 8400.25ms | tok/sec: 124,826 | bf16_mfu: 5.00 | epoch: 1 pq: 2 rg: 32 | total time: 12.72m | eta: 764.5m
step 00102/05568 (1.83%) | loss: 4.317570 | lrm: 1.00 | dt: 8398.50ms | tok/sec: 124,852 | bf16_mfu: 5.00 | epoch: 1 pq: 2 rg: 34 | total time: 12.86m | eta: 764.3m
step 00103/05568 (1.85%) | loss: 4.314837 | lrm: 1.00 | dt: 8416.95ms | tok/sec: 124,579 | bf16_mfu: 4.99 | epoch: 1 pq: 2 rg: 36 | total time: 13.00m | eta: 764.2m
step 00104/05568 (1.87%) | loss: 4.297552 | lrm: 1.00 | dt: 8402.23ms | tok/sec: 124,797 | bf16_mfu: 5.00 | epoch: 1 pq: 2 rg: 38 | total time: 13.14m | eta: 764.1m
step 00105/05568 (1.89%) | loss: 4.304426 | lrm: 1.00 | dt: 8399.79ms | tok/sec: 124,833 | bf16_mfu: 5.00 | epoch: 1 pq: 2 rg: 40 | total time: 13.28m | eta: 764.0m
step 00106/05568 (1.90%) | loss: 4.274266 | lrm: 1.00 | dt: 8398.15ms | tok/sec: 124,857 | bf16_mfu: 5.00 | epoch: 1 pq: 2 rg: 42 | total time: 13.42m | eta: 763.8m
step 00107/05568 (1.92%) | loss: 4.252479 | lrm: 1.00 | dt: 8396.32ms | tok/sec: 124,885 | bf16_mfu: 5.01 | epoch: 1 pq: 2 rg: 44 | total time: 13.56m | eta: 763.7m
step 00108/05568 (1.94%) | loss: 4.226144 | lrm: 1.00 | dt: 8404.17ms | tok/sec: 124,768 | bf16_mfu: 5.00 | epoch: 1 pq: 2 rg: 46 | total time: 13.70m | eta: 763.6m
step 00109/05568 (1.96%) | loss: 4.202430 | lrm: 1.00 | dt: 8394.42ms | tok/sec: 124,913 | bf16_mfu: 5.01 | epoch: 1 pq: 2 rg: 48 | total time: 13.84m | eta: 763.4m
step 00110/05568 (1.98%) | loss: 4.190121 | lrm: 1.00 | dt: 8399.79ms | tok/sec: 124,833 | bf16_mfu: 5.00 | epoch: 1 pq: 2 rg: 50 | total time: 13.98m | eta: 763.3m
step 00111/05568 (1.99%) | loss: 4.174926 | lrm: 1.00 | dt: 8399.90ms | tok/sec: 124,831 | bf16_mfu: 5.00 | epoch: 1 pq: 2 rg: 52 | total time: 14.12m | eta: 763.2m
step 00112/05568 (2.01%) | loss: 4.142668 | lrm: 1.00 | dt: 8395.85ms | tok/sec: 124,892 | bf16_mfu: 5.01 | epoch: 1 pq: 2 rg: 53 | total time: 14.26m | eta: 763.0m
step 00113/05568 (2.03%) | loss: 4.124400 | lrm: 1.00 | dt: 8401.97ms | tok/sec: 124,801 | bf16_mfu: 5.00 | epoch: 1 pq: 2 rg: 55 | total time: 14.40m | eta: 762.9m
step 00114/05568 (2.05%) | loss: 4.123490 | lrm: 1.00 | dt: 8398.95ms | tok/sec: 124,846 | bf16_mfu: 5.00 | epoch: 1 pq: 2 rg: 57 | total time: 14.54m | eta: 762.8m
step 00115/05568 (2.07%) | loss: 4.136301 | lrm: 1.00 | dt: 8401.80ms | tok/sec: 124,803 | bf16_mfu: 5.00 | epoch: 1 pq: 2 rg: 59 | total time: 14.68m | eta: 762.6m
step 00116/05568 (2.08%) | loss: 4.119113 | lrm: 1.00 | dt: 8391.82ms | tok/sec: 124,952 | bf16_mfu: 5.01 | epoch: 1 pq: 2 rg: 61 | total time: 14.82m | eta: 762.5m
step 00117/05568 (2.10%) | loss: 4.095721 | lrm: 1.00 | dt: 8404.90ms | tok/sec: 124,757 | bf16_mfu: 5.00 | epoch: 1 pq: 2 rg: 63 | total time: 14.96m | eta: 762.4m
step 00118/05568 (2.12%) | loss: 4.074576 | lrm: 1.00 | dt: 8411.60ms | tok/sec: 124,658 | bf16_mfu: 5.00 | epoch: 1 pq: 2 rg: 65 | total time: 15.10m | eta: 762.2m
step 00119/05568 (2.14%) | loss: 4.076788 | lrm: 1.00 | dt: 8384.29ms | tok/sec: 125,064 | bf16_mfu: 5.01 | epoch: 1 pq: 2 rg: 67 | total time: 15.24m | eta: 762.1m
step 00120/05568 (2.16%) | loss: 4.062878 | lrm: 1.00 | dt: 8397.91ms | tok/sec: 124,861 | bf16_mfu: 5.00 | epoch: 1 pq: 2 rg: 69 | total time: 15.38m | eta: 762.0m
step 00121/05568 (2.17%) | loss: 4.040398 | lrm: 1.00 | dt: 8400.96ms | tok/sec: 124,816 | bf16_mfu: 5.00 | epoch: 1 pq: 2 rg: 71 | total time: 15.52m | eta: 761.8m
step 00122/05568 (2.19%) | loss: 4.031267 | lrm: 1.00 | dt: 8398.07ms | tok/sec: 124,859 | bf16_mfu: 5.00 | epoch: 1 pq: 2 rg: 73 | total time: 15.66m | eta: 761.7m
step 00123/05568 (2.21%) | loss: 3.998704 | lrm: 1.00 | dt: 8397.02ms | tok/sec: 124,874 | bf16_mfu: 5.00 | epoch: 1 pq: 2 rg: 75 | total time: 15.80m | eta: 761.6m
step 00124/05568 (2.23%) | loss: 3.977685 | lrm: 1.00 | dt: 8399.55ms | tok/sec: 124,837 | bf16_mfu: 5.00 | epoch: 1 pq: 2 rg: 77 | total time: 15.94m | eta: 761.4m
step 00125/05568 (2.24%) | loss: 3.974139 | lrm: 1.00 | dt: 8403.42ms | tok/sec: 124,779 | bf16_mfu: 5.00 | epoch: 1 pq: 2 rg: 79 | total time: 16.08m | eta: 761.3m
step 00126/05568 (2.26%) | loss: 3.946413 | lrm: 1.00 | dt: 8393.57ms | tok/sec: 124,926 | bf16_mfu: 5.01 | epoch: 1 pq: 2 rg: 81 | total time: 16.22m | eta: 761.2m
step 00127/05568 (2.28%) | loss: 3.943438 | lrm: 1.00 | dt: 8399.95ms | tok/sec: 124,831 | bf16_mfu: 5.00 | epoch: 1 pq: 2 rg: 82 | total time: 16.36m | eta: 761.0m
step 00128/05568 (2.30%) | loss: 3.915623 | lrm: 1.00 | dt: 8407.54ms | tok/sec: 124,718 | bf16_mfu: 5.00 | epoch: 1 pq: 3 rg: 1 | total time: 16.50m | eta: 760.9m
step 00129/05568 (2.32%) | loss: 3.911832 | lrm: 1.00 | dt: 8390.01ms | tok/sec: 124,979 | bf16_mfu: 5.01 | epoch: 1 pq: 3 rg: 3 | total time: 16.64m | eta: 760.7m
step 00130/05568 (2.33%) | loss: 3.920525 | lrm: 1.00 | dt: 8396.13ms | tok/sec: 124,888 | bf16_mfu: 5.01 | epoch: 1 pq: 3 rg: 5 | total time: 16.78m | eta: 760.6m
step 00131/05568 (2.35%) | loss: 3.927038 | lrm: 1.00 | dt: 8383.21ms | tok/sec: 125,080 | bf16_mfu: 5.01 | epoch: 1 pq: 3 rg: 7 | total time: 16.92m | eta: 760.5m
step 00132/05568 (2.37%) | loss: 3.911040 | lrm: 1.00 | dt: 8396.23ms | tok/sec: 124,886 | bf16_mfu: 5.01 | epoch: 1 pq: 3 rg: 9 | total time: 17.06m | eta: 760.3m
step 00133/05568 (2.39%) | loss: 3.894335 | lrm: 1.00 | dt: 8400.63ms | tok/sec: 124,821 | bf16_mfu: 5.00 | epoch: 1 pq: 3 rg: 11 | total time: 17.20m | eta: 760.2m
step 00134/05568 (2.41%) | loss: 3.881017 | lrm: 1.00 | dt: 8398.33ms | tok/sec: 124,855 | bf16_mfu: 5.00 | epoch: 1 pq: 3 rg: 13 | total time: 17.34m | eta: 760.1m
step 00135/05568 (2.42%) | loss: 3.858287 | lrm: 1.00 | dt: 8399.26ms | tok/sec: 124,841 | bf16_mfu: 5.00 | epoch: 1 pq: 3 rg: 15 | total time: 17.48m | eta: 759.9m
step 00136/05568 (2.44%) | loss: 3.838529 | lrm: 1.00 | dt: 8401.34ms | tok/sec: 124,810 | bf16_mfu: 5.00 | epoch: 1 pq: 3 rg: 17 | total time: 17.62m | eta: 759.8m
step 00137/05568 (2.46%) | loss: 3.823697 | lrm: 1.00 | dt: 8397.31ms | tok/sec: 124,870 | bf16_mfu: 5.00 | epoch: 1 pq: 3 rg: 19 | total time: 17.76m | eta: 759.7m
step 00138/05568 (2.48%) | loss: 3.804938 | lrm: 1.00 | dt: 8395.29ms | tok/sec: 124,900 | bf16_mfu: 5.01 | epoch: 1 pq: 3 rg: 21 | total time: 17.90m | eta: 759.5m
step 00139/05568 (2.50%) | loss: 3.790722 | lrm: 1.00 | dt: 8401.01ms | tok/sec: 124,815 | bf16_mfu: 5.00 | epoch: 1 pq: 3 rg: 23 | total time: 18.04m | eta: 759.4m
step 00140/05568 (2.51%) | loss: 3.766843 | lrm: 1.00 | dt: 8399.30ms | tok/sec: 124,840 | bf16_mfu: 5.00 | epoch: 1 pq: 3 rg: 24 | total time: 18.18m | eta: 759.2m
step 00141/05568 (2.53%) | loss: 3.755694 | lrm: 1.00 | dt: 8382.26ms | tok/sec: 125,094 | bf16_mfu: 5.01 | epoch: 1 pq: 3 rg: 26 | total time: 18.32m | eta: 759.1m
step 00142/05568 (2.55%) | loss: 3.740297 | lrm: 1.00 | dt: 8393.97ms | tok/sec: 124,920 | bf16_mfu: 5.01 | epoch: 1 pq: 3 rg: 28 | total time: 18.46m | eta: 759.0m
step 00143/05568 (2.57%) | loss: 3.742656 | lrm: 1.00 | dt: 8402.68ms | tok/sec: 124,790 | bf16_mfu: 5.00 | epoch: 1 pq: 3 rg: 30 | total time: 18.60m | eta: 758.8m
step 00144/05568 (2.59%) | loss: 3.731836 | lrm: 1.00 | dt: 8394.61ms | tok/sec: 124,910 | bf16_mfu: 5.01 | epoch: 1 pq: 3 rg: 32 | total time: 18.74m | eta: 758.7m
step 00145/05568 (2.60%) | loss: 3.714145 | lrm: 1.00 | dt: 8401.41ms | tok/sec: 124,809 | bf16_mfu: 5.00 | epoch: 1 pq: 3 rg: 34 | total time: 18.88m | eta: 758.6m
step 00146/05568 (2.62%) | loss: 3.709475 | lrm: 1.00 | dt: 8398.25ms | tok/sec: 124,856 | bf16_mfu: 5.00 | epoch: 1 pq: 3 rg: 36 | total time: 19.02m | eta: 758.4m
step 00147/05568 (2.64%) | loss: 3.705919 | lrm: 1.00 | dt: 8402.18ms | tok/sec: 124,798 | bf16_mfu: 5.00 | epoch: 1 pq: 3 rg: 38 | total time: 19.16m | eta: 758.3m
step 00148/05568 (2.66%) | loss: 3.690366 | lrm: 1.00 | dt: 8396.60ms | tok/sec: 124,881 | bf16_mfu: 5.00 | epoch: 1 pq: 3 rg: 40 | total time: 19.30m | eta: 758.2m
step 00149/05568 (2.68%) | loss: 3.687079 | lrm: 1.00 | dt: 8395.23ms | tok/sec: 124,901 | bf16_mfu: 5.01 | epoch: 1 pq: 3 rg: 42 | total time: 19.44m | eta: 758.0m
step 00150/05568 (2.69%) | loss: 3.683289 | lrm: 1.00 | dt: 8383.69ms | tok/sec: 125,073 | bf16_mfu: 5.01 | epoch: 1 pq: 3 rg: 44 | total time: 19.58m | eta: 757.9m
step 00151/05568 (2.71%) | loss: 3.697493 | lrm: 1.00 | dt: 8399.36ms | tok/sec: 124,840 | bf16_mfu: 5.00 | epoch: 1 pq: 3 rg: 46 | total time: 19.72m | eta: 757.7m
step 00152/05568 (2.73%) | loss: 3.688982 | lrm: 1.00 | dt: 8400.09ms | tok/sec: 124,829 | bf16_mfu: 5.00 | epoch: 1 pq: 3 rg: 48 | total time: 19.86m | eta: 757.6m
step 00153/05568 (2.75%) | loss: 3.692585 | lrm: 1.00 | dt: 8413.01ms | tok/sec: 124,637 | bf16_mfu: 5.00 | epoch: 1 pq: 3 rg: 50 | total time: 20.00m | eta: 757.5m
step 00154/05568 (2.77%) | loss: 3.684143 | lrm: 1.00 | dt: 8385.45ms | tok/sec: 125,047 | bf16_mfu: 5.01 | epoch: 1 pq: 3 rg: 52 | total time: 20.14m | eta: 757.3m
step 00155/05568 (2.78%) | loss: 3.676603 | lrm: 1.00 | dt: 8391.56ms | tok/sec: 124,956 | bf16_mfu: 5.01 | epoch: 1 pq: 3 rg: 53 | total time: 20.28m | eta: 757.2m
step 00156/05568 (2.80%) | loss: 3.679019 | lrm: 1.00 | dt: 8403.44ms | tok/sec: 124,779 | bf16_mfu: 5.00 | epoch: 1 pq: 3 rg: 55 | total time: 20.42m | eta: 757.0m
step 00157/05568 (2.82%) | loss: 3.686764 | lrm: 1.00 | dt: 8416.90ms | tok/sec: 124,579 | bf16_mfu: 4.99 | epoch: 1 pq: 3 rg: 57 | total time: 20.56m | eta: 756.9m
step 00158/05568 (2.84%) | loss: 3.668929 | lrm: 1.00 | dt: 8398.94ms | tok/sec: 124,846 | bf16_mfu: 5.00 | epoch: 1 pq: 3 rg: 59 | total time: 20.70m | eta: 756.8m
step 00159/05568 (2.86%) | loss: 3.651804 | lrm: 1.00 | dt: 8400.43ms | tok/sec: 124,824 | bf16_mfu: 5.00 | epoch: 1 pq: 3 rg: 61 | total time: 20.84m | eta: 756.7m
step 00160/05568 (2.87%) | loss: 3.637258 | lrm: 1.00 | dt: 8404.03ms | tok/sec: 124,770 | bf16_mfu: 5.00 | epoch: 1 pq: 3 rg: 63 | total time: 20.98m | eta: 756.5m
step 00161/05568 (2.89%) | loss: 3.636435 | lrm: 1.00 | dt: 8391.10ms | tok/sec: 124,962 | bf16_mfu: 5.01 | epoch: 1 pq: 3 rg: 65 | total time: 21.12m | eta: 756.4m
step 00162/05568 (2.91%) | loss: 3.634706 | lrm: 1.00 | dt: 8378.86ms | tok/sec: 125,145 | bf16_mfu: 5.02 | epoch: 1 pq: 3 rg: 67 | total time: 21.26m | eta: 756.2m
step 00163/05568 (2.93%) | loss: 3.607840 | lrm: 1.00 | dt: 8382.95ms | tok/sec: 125,084 | bf16_mfu: 5.01 | epoch: 1 pq: 3 rg: 69 | total time: 21.40m | eta: 756.1m
step 00164/05568 (2.95%) | loss: 3.589275 | lrm: 1.00 | dt: 8399.26ms | tok/sec: 124,841 | bf16_mfu: 5.00 | epoch: 1 pq: 3 rg: 71 | total time: 21.54m | eta: 755.9m
step 00165/05568 (2.96%) | loss: 3.589893 | lrm: 1.00 | dt: 8393.90ms | tok/sec: 124,921 | bf16_mfu: 5.01 | epoch: 1 pq: 3 rg: 73 | total time: 21.68m | eta: 755.8m
step 00166/05568 (2.98%) | loss: 3.580909 | lrm: 1.00 | dt: 8381.71ms | tok/sec: 125,102 | bf16_mfu: 5.01 | epoch: 1 pq: 3 rg: 75 | total time: 21.82m | eta: 755.7m
step 00167/05568 (3.00%) | loss: 3.562479 | lrm: 1.00 | dt: 8398.44ms | tok/sec: 124,853 | bf16_mfu: 5.00 | epoch: 1 pq: 3 rg: 76 | total time: 21.96m | eta: 755.5m
step 00168/05568 (3.02%) | loss: 3.561660 | lrm: 1.00 | dt: 8402.61ms | tok/sec: 124,791 | bf16_mfu: 5.00 | epoch: 1 pq: 3 rg: 78 | total time: 22.10m | eta: 755.4m
step 00169/05568 (3.04%) | loss: 3.561074 | lrm: 1.00 | dt: 8395.14ms | tok/sec: 124,902 | bf16_mfu: 5.01 | epoch: 1 pq: 3 rg: 80 | total time: 22.24m | eta: 755.3m
step 00170/05568 (3.05%) | loss: 3.572408 | lrm: 1.00 | dt: 8400.72ms | tok/sec: 124,819 | bf16_mfu: 5.00 | epoch: 1 pq: 4 rg: 0 | total time: 22.38m | eta: 755.1m
step 00171/05568 (3.07%) | loss: 3.581903 | lrm: 1.00 | dt: 8397.77ms | tok/sec: 124,863 | bf16_mfu: 5.00 | epoch: 1 pq: 4 rg: 2 | total time: 22.52m | eta: 755.0m
step 00172/05568 (3.09%) | loss: 3.561600 | lrm: 1.00 | dt: 8398.32ms | tok/sec: 124,855 | bf16_mfu: 5.00 | epoch: 1 pq: 4 rg: 4 | total time: 22.66m | eta: 754.8m
step 00173/05568 (3.11%) | loss: 3.559228 | lrm: 1.00 | dt: 8394.15ms | tok/sec: 124,917 | bf16_mfu: 5.01 | epoch: 1 pq: 4 rg: 6 | total time: 22.80m | eta: 754.7m
step 00174/05568 (3.12%) | loss: 3.558822 | lrm: 1.00 | dt: 8403.02ms | tok/sec: 124,785 | bf16_mfu: 5.00 | epoch: 1 pq: 4 rg: 8 | total time: 22.94m | eta: 754.6m
step 00175/05568 (3.14%) | loss: 3.528495 | lrm: 1.00 | dt: 8397.90ms | tok/sec: 124,861 | bf16_mfu: 5.00 | epoch: 1 pq: 4 rg: 10 | total time: 23.08m | eta: 754.4m
step 00176/05568 (3.16%) | loss: 3.517641 | lrm: 1.00 | dt: 8401.63ms | tok/sec: 124,806 | bf16_mfu: 5.00 | epoch: 1 pq: 4 rg: 12 | total time: 23.22m | eta: 754.3m
step 00177/05568 (3.18%) | loss: 3.514915 | lrm: 1.00 | dt: 8396.93ms | tok/sec: 124,876 | bf16_mfu: 5.00 | epoch: 1 pq: 4 rg: 14 | total time: 23.36m | eta: 754.2m
step 00178/05568 (3.20%) | loss: 3.501173 | lrm: 1.00 | dt: 8400.34ms | tok/sec: 124,825 | bf16_mfu: 5.00 | epoch: 1 pq: 4 rg: 16 | total time: 23.50m | eta: 754.0m
step 00179/05568 (3.21%) | loss: 3.488592 | lrm: 1.00 | dt: 8396.86ms | tok/sec: 124,877 | bf16_mfu: 5.00 | epoch: 1 pq: 4 rg: 17 | total time: 23.64m | eta: 753.9m
step 00180/05568 (3.23%) | loss: 3.482595 | lrm: 1.00 | dt: 8396.71ms | tok/sec: 124,879 | bf16_mfu: 5.00 | epoch: 1 pq: 4 rg: 19 | total time: 23.78m | eta: 753.7m
step 00181/05568 (3.25%) | loss: 3.487030 | lrm: 1.00 | dt: 8379.06ms | tok/sec: 125,142 | bf16_mfu: 5.02 | epoch: 1 pq: 4 rg: 21 | total time: 23.92m | eta: 753.6m
step 00182/05568 (3.27%) | loss: 3.479875 | lrm: 1.00 | dt: 8400.11ms | tok/sec: 124,828 | bf16_mfu: 5.00 | epoch: 1 pq: 4 rg: 23 | total time: 24.06m | eta: 753.5m
step 00183/05568 (3.29%) | loss: 3.473643 | lrm: 1.00 | dt: 8376.99ms | tok/sec: 125,173 | bf16_mfu: 5.02 | epoch: 1 pq: 4 rg: 25 | total time: 24.20m | eta: 753.3m
step 00184/05568 (3.30%) | loss: 3.457648 | lrm: 1.00 | dt: 8380.90ms | tok/sec: 125,114 | bf16_mfu: 5.01 | epoch: 1 pq: 4 rg: 27 | total time: 24.34m | eta: 753.2m
step 00185/05568 (3.32%) | loss: 3.460913 | lrm: 1.00 | dt: 8396.11ms | tok/sec: 124,888 | bf16_mfu: 5.01 | epoch: 1 pq: 4 rg: 29 | total time: 24.48m | eta: 753.0m
step 00186/05568 (3.34%) | loss: 3.452189 | lrm: 1.00 | dt: 8401.67ms | tok/sec: 124,805 | bf16_mfu: 5.00 | epoch: 1 pq: 4 rg: 31 | total time: 24.62m | eta: 752.9m
step 00187/05568 (3.36%) | loss: 3.449435 | lrm: 1.00 | dt: 8401.76ms | tok/sec: 124,804 | bf16_mfu: 5.00 | epoch: 1 pq: 4 rg: 33 | total time: 24.76m | eta: 752.8m
step 00188/05568 (3.38%) | loss: 3.450533 | lrm: 1.00 | dt: 8395.95ms | tok/sec: 124,890 | bf16_mfu: 5.01 | epoch: 1 pq: 4 rg: 35 | total time: 24.90m | eta: 752.6m
step 00189/05568 (3.39%) | loss: 3.431436 | lrm: 1.00 | dt: 8396.91ms | tok/sec: 124,876 | bf16_mfu: 5.00 | epoch: 1 pq: 4 rg: 37 | total time: 25.04m | eta: 752.5m
step 00190/05568 (3.41%) | loss: 3.431494 | lrm: 1.00 | dt: 8401.25ms | tok/sec: 124,811 | bf16_mfu: 5.00 | epoch: 1 pq: 4 rg: 39 | total time: 25.18m | eta: 752.3m
step 00191/05568 (3.43%) | loss: 3.432824 | lrm: 1.00 | dt: 8402.54ms | tok/sec: 124,792 | bf16_mfu: 5.00 | epoch: 1 pq: 4 rg: 41 | total time: 25.32m | eta: 752.2m
step 00192/05568 (3.45%) | loss: 3.434731 | lrm: 1.00 | dt: 8391.81ms | tok/sec: 124,952 | bf16_mfu: 5.01 | epoch: 1 pq: 4 rg: 43 | total time: 25.46m | eta: 752.1m
step 00193/05568 (3.47%) | loss: 3.456853 | lrm: 1.00 | dt: 8380.56ms | tok/sec: 125,120 | bf16_mfu: 5.01 | epoch: 1 pq: 4 rg: 45 | total time: 25.60m | eta: 751.9m
step 00194/05568 (3.48%) | loss: 3.451466 | lrm: 1.00 | dt: 8378.59ms | tok/sec: 125,149 | bf16_mfu: 5.02 | epoch: 1 pq: 4 rg: 47 | total time: 25.74m | eta: 751.8m
step 00195/05568 (3.50%) | loss: 3.447325 | lrm: 1.00 | dt: 8401.61ms | tok/sec: 124,806 | bf16_mfu: 5.00 | epoch: 1 pq: 4 rg: 49 | total time: 25.88m | eta: 751.6m
step 00196/05568 (3.52%) | loss: 3.441516 | lrm: 1.00 | dt: 8396.66ms | tok/sec: 124,880 | bf16_mfu: 5.00 | epoch: 1 pq: 4 rg: 50 | total time: 26.02m | eta: 751.5m
step 00197/05568 (3.54%) | loss: 3.448748 | lrm: 1.00 | dt: 8379.45ms | tok/sec: 125,136 | bf16_mfu: 5.02 | epoch: 1 pq: 4 rg: 52 | total time: 26.16m | eta: 751.4m
step 00198/05568 (3.56%) | loss: 3.436784 | lrm: 1.00 | dt: 8378.33ms | tok/sec: 125,153 | bf16_mfu: 5.02 | epoch: 1 pq: 4 rg: 54 | total time: 26.30m | eta: 751.2m
step 00199/05568 (3.57%) | loss: 3.431007 | lrm: 1.00 | dt: 8382.04ms | tok/sec: 125,097 | bf16_mfu: 5.01 | epoch: 1 pq: 4 rg: 56 | total time: 26.44m | eta: 751.1m
step 00200/05568 (3.59%) | loss: 3.410404 | lrm: 1.00 | dt: 8396.26ms | tok/sec: 124,886 | bf16_mfu: 5.01 | epoch: 1 pq: 4 rg: 58 | total time: 26.58m | eta: 750.9m
step 00201/05568 (3.61%) | loss: 3.414795 | lrm: 1.00 | dt: 8398.37ms | tok/sec: 124,854 | bf16_mfu: 5.00 | epoch: 1 pq: 4 rg: 60 | total time: 26.72m | eta: 750.8m
step 00202/05568 (3.63%) | loss: 3.428610 | lrm: 1.00 | dt: 8379.33ms | tok/sec: 125,138 | bf16_mfu: 5.02 | epoch: 1 pq: 4 rg: 62 | total time: 26.86m | eta: 750.6m
step 00203/05568 (3.65%) | loss: 3.442564 | lrm: 1.00 | dt: 8375.39ms | tok/sec: 125,197 | bf16_mfu: 5.02 | epoch: 1 pq: 4 rg: 64 | total time: 27.00m | eta: 750.5m
step 00204/05568 (3.66%) | loss: 3.440137 | lrm: 1.00 | dt: 8382.39ms | tok/sec: 125,092 | bf16_mfu: 5.01 | epoch: 1 pq: 4 rg: 66 | total time: 27.14m | eta: 750.3m
step 00205/05568 (3.68%) | loss: 3.434701 | lrm: 1.00 | dt: 8397.32ms | tok/sec: 124,870 | bf16_mfu: 5.00 | epoch: 1 pq: 4 rg: 68 | total time: 27.28m | eta: 750.2m
step 00206/05568 (3.70%) | loss: 3.425019 | lrm: 1.00 | dt: 8384.98ms | tok/sec: 125,054 | bf16_mfu: 5.01 | epoch: 1 pq: 4 rg: 70 | total time: 27.42m | eta: 750.1m
step 00207/05568 (3.72%) | loss: 3.414751 | lrm: 1.00 | dt: 8394.49ms | tok/sec: 124,912 | bf16_mfu: 5.01 | epoch: 1 pq: 4 rg: 72 | total time: 27.56m | eta: 749.9m
step 00208/05568 (3.74%) | loss: 3.417892 | lrm: 1.00 | dt: 8376.34ms | tok/sec: 125,183 | bf16_mfu: 5.02 | epoch: 1 pq: 4 rg: 74 | total time: 27.70m | eta: 749.8m
step 00209/05568 (3.75%) | loss: 3.402936 | lrm: 1.00 | dt: 8378.97ms | tok/sec: 125,143 | bf16_mfu: 5.02 | epoch: 1 pq: 4 rg: 76 | total time: 27.84m | eta: 749.6m
step 00210/05568 (3.77%) | loss: 3.412551 | lrm: 1.00 | dt: 8379.30ms | tok/sec: 125,138 | bf16_mfu: 5.02 | epoch: 1 pq: 4 rg: 78 | total time: 27.98m | eta: 749.5m
step 00211/05568 (3.79%) | loss: 3.405766 | lrm: 1.00 | dt: 8382.35ms | tok/sec: 125,093 | bf16_mfu: 5.01 | epoch: 1 pq: 4 rg: 79 | total time: 28.12m | eta: 749.3m
step 00212/05568 (3.81%) | loss: 3.399246 | lrm: 1.00 | dt: 8393.89ms | tok/sec: 124,921 | bf16_mfu: 5.01 | epoch: 1 pq: 4 rg: 81 | total time: 28.26m | eta: 749.2m
step 00213/05568 (3.83%) | loss: 3.381391 | lrm: 1.00 | dt: 8379.91ms | tok/sec: 125,129 | bf16_mfu: 5.01 | epoch: 1 pq: 5 rg: 1 | total time: 28.40m | eta: 749.1m
step 00214/05568 (3.84%) | loss: 3.363819 | lrm: 1.00 | dt: 8382.64ms | tok/sec: 125,089 | bf16_mfu: 5.01 | epoch: 1 pq: 5 rg: 3 | total time: 28.54m | eta: 748.9m
step 00215/05568 (3.86%) | loss: 3.352186 | lrm: 1.00 | dt: 8396.03ms | tok/sec: 124,889 | bf16_mfu: 5.01 | epoch: 1 pq: 5 rg: 5 | total time: 28.68m | eta: 748.8m
step 00216/05568 (3.88%) | loss: 3.351344 | lrm: 1.00 | dt: 8380.00ms | tok/sec: 125,128 | bf16_mfu: 5.01 | epoch: 1 pq: 5 rg: 7 | total time: 28.81m | eta: 748.6m
step 00217/05568 (3.90%) | loss: 3.328813 | lrm: 1.00 | dt: 8398.96ms | tok/sec: 124,845 | bf16_mfu: 5.00 | epoch: 1 pq: 5 rg: 9 | total time: 28.95m | eta: 748.5m
step 00218/05568 (3.92%) | loss: 3.322882 | lrm: 1.00 | dt: 8377.68ms | tok/sec: 125,163 | bf16_mfu: 5.02 | epoch: 1 pq: 5 rg: 11 | total time: 29.09m | eta: 748.3m
step 00219/05568 (3.93%) | loss: 3.331087 | lrm: 1.00 | dt: 8378.83ms | tok/sec: 125,145 | bf16_mfu: 5.02 | epoch: 1 pq: 5 rg: 13 | total time: 29.23m | eta: 748.2m
step 00220/05568 (3.95%) | loss: 3.336469 | lrm: 1.00 | dt: 8377.87ms | tok/sec: 125,160 | bf16_mfu: 5.02 | epoch: 1 pq: 5 rg: 15 | total time: 29.37m | eta: 748.1m
step 00221/05568 (3.97%) | loss: 3.336703 | lrm: 1.00 | dt: 8379.45ms | tok/sec: 125,136 | bf16_mfu: 5.02 | epoch: 1 pq: 5 rg: 17 | total time: 29.51m | eta: 747.9m
step 00222/05568 (3.99%) | loss: 3.339631 | lrm: 1.00 | dt: 8381.62ms | tok/sec: 125,104 | bf16_mfu: 5.01 | epoch: 1 pq: 5 rg: 19 | total time: 29.65m | eta: 747.8m
step 00223/05568 (4.01%) | loss: 3.364847 | lrm: 1.00 | dt: 8395.86ms | tok/sec: 124,892 | bf16_mfu: 5.01 | epoch: 1 pq: 5 rg: 20 | total time: 29.79m | eta: 747.6m
step 00224/05568 (4.02%) | loss: 3.376770 | lrm: 1.00 | dt: 8380.01ms | tok/sec: 125,128 | bf16_mfu: 5.01 | epoch: 1 pq: 5 rg: 22 | total time: 29.93m | eta: 747.5m
step 00225/05568 (4.04%) | loss: 3.378674 | lrm: 1.00 | dt: 8378.15ms | tok/sec: 125,156 | bf16_mfu: 5.02 | epoch: 1 pq: 5 rg: 24 | total time: 30.07m | eta: 747.3m
step 00226/05568 (4.06%) | loss: 3.363245 | lrm: 1.00 | dt: 8379.02ms | tok/sec: 125,143 | bf16_mfu: 5.02 | epoch: 1 pq: 5 rg: 26 | total time: 30.21m | eta: 747.2m
step 00227/05568 (4.08%) | loss: 3.344937 | lrm: 1.00 | dt: 8377.91ms | tok/sec: 125,159 | bf16_mfu: 5.02 | epoch: 1 pq: 5 rg: 28 | total time: 30.35m | eta: 747.0m
step 00228/05568 (4.09%) | loss: 3.348133 | lrm: 1.00 | dt: 8379.08ms | tok/sec: 125,142 | bf16_mfu: 5.02 | epoch: 1 pq: 5 rg: 30 | total time: 30.49m | eta: 746.9m
step 00229/05568 (4.11%) | loss: 3.351907 | lrm: 1.00 | dt: 8378.01ms | tok/sec: 125,158 | bf16_mfu: 5.02 | epoch: 1 pq: 5 rg: 32 | total time: 30.63m | eta: 746.7m
step 00230/05568 (4.13%) | loss: 3.352748 | lrm: 1.00 | dt: 8384.83ms | tok/sec: 125,056 | bf16_mfu: 5.01 | epoch: 1 pq: 5 rg: 34 | total time: 30.77m | eta: 746.6m
step 00231/05568 (4.15%) | loss: 3.351227 | lrm: 1.00 | dt: 8392.75ms | tok/sec: 124,938 | bf16_mfu: 5.01 | epoch: 1 pq: 5 rg: 36 | total time: 30.91m | eta: 746.5m
step 00232/05568 (4.17%) | loss: 3.364957 | lrm: 1.00 | dt: 8381.70ms | tok/sec: 125,103 | bf16_mfu: 5.01 | epoch: 1 pq: 5 rg: 38 | total time: 31.05m | eta: 746.3m
step 00233/05568 (4.18%) | loss: 3.374455 | lrm: 1.00 | dt: 8380.05ms | tok/sec: 125,127 | bf16_mfu: 5.01 | epoch: 1 pq: 5 rg: 40 | total time: 31.19m | eta: 746.2m
step 00234/05568 (4.20%) | loss: 3.362733 | lrm: 1.00 | dt: 8395.45ms | tok/sec: 124,898 | bf16_mfu: 5.01 | epoch: 1 pq: 5 rg: 42 | total time: 31.33m | eta: 746.0m
step 00235/05568 (4.22%) | loss: 3.364574 | lrm: 1.00 | dt: 8380.26ms | tok/sec: 125,124 | bf16_mfu: 5.01 | epoch: 1 pq: 5 rg: 44 | total time: 31.47m | eta: 745.9m
step 00236/05568 (4.24%) | loss: 3.368296 | lrm: 1.00 | dt: 8385.27ms | tok/sec: 125,049 | bf16_mfu: 5.01 | epoch: 1 pq: 5 rg: 46 | total time: 31.61m | eta: 745.8m
step 00237/05568 (4.26%) | loss: 3.357368 | lrm: 1.00 | dt: 8393.90ms | tok/sec: 124,921 | bf16_mfu: 5.01 | epoch: 1 pq: 5 rg: 48 | total time: 31.75m | eta: 745.6m
step 00238/05568 (4.27%) | loss: 3.358738 | lrm: 1.00 | dt: 8382.91ms | tok/sec: 125,084 | bf16_mfu: 5.01 | epoch: 1 pq: 5 rg: 49 | total time: 31.89m | eta: 745.5m
step 00239/05568 (4.29%) | loss: 3.350262 | lrm: 1.00 | dt: 8374.53ms | tok/sec: 125,210 | bf16_mfu: 5.02 | epoch: 1 pq: 5 rg: 51 | total time: 32.03m | eta: 745.3m
step 00240/05568 (4.31%) | loss: 3.357777 | lrm: 1.00 | dt: 8400.52ms | tok/sec: 124,822 | bf16_mfu: 5.00 | epoch: 1 pq: 5 rg: 53 | total time: 32.17m | eta: 745.2m
step 00241/05568 (4.33%) | loss: 3.350645 | lrm: 1.00 | dt: 8381.44ms | tok/sec: 125,106 | bf16_mfu: 5.01 | epoch: 1 pq: 5 rg: 55 | total time: 32.31m | eta: 745.0m
step 00242/05568 (4.35%) | loss: 3.333785 | lrm: 1.00 | dt: 8377.10ms | tok/sec: 125,171 | bf16_mfu: 5.02 | epoch: 1 pq: 5 rg: 57 | total time: 32.45m | eta: 744.9m
step 00243/05568 (4.36%) | loss: 3.321916 | lrm: 1.00 | dt: 8377.52ms | tok/sec: 125,165 | bf16_mfu: 5.02 | epoch: 1 pq: 5 rg: 59 | total time: 32.59m | eta: 744.8m
step 00244/05568 (4.38%) | loss: 3.321135 | lrm: 1.00 | dt: 8399.98ms | tok/sec: 124,830 | bf16_mfu: 5.00 | epoch: 1 pq: 5 rg: 61 | total time: 32.73m | eta: 744.6m
step 00245/05568 (4.40%) | loss: 3.325425 | lrm: 1.00 | dt: 8377.12ms | tok/sec: 125,171 | bf16_mfu: 5.02 | epoch: 1 pq: 5 rg: 63 | total time: 32.87m | eta: 744.5m
step 00246/05568 (4.42%) | loss: 3.312528 | lrm: 1.00 | dt: 8379.18ms | tok/sec: 125,140 | bf16_mfu: 5.02 | epoch: 1 pq: 5 rg: 65 | total time: 33.01m | eta: 744.3m
step 00247/05568 (4.44%) | loss: 3.289969 | lrm: 1.00 | dt: 8379.36ms | tok/sec: 125,138 | bf16_mfu: 5.02 | epoch: 1 pq: 5 rg: 67 | total time: 33.15m | eta: 744.2m
step 00248/05568 (4.45%) | loss: 3.294114 | lrm: 1.00 | dt: 8382.35ms | tok/sec: 125,093 | bf16_mfu: 5.01 | epoch: 1 pq: 5 rg: 69 | total time: 33.29m | eta: 744.0m
step 00249/05568 (4.47%) | loss: 3.287028 | lrm: 1.00 | dt: 8394.65ms | tok/sec: 124,910 | bf16_mfu: 5.01 | epoch: 1 pq: 5 rg: 71 | total time: 33.43m | eta: 743.9m
Step 00250 | Validation bpb: 0.992364
2026-10-07 19:46:29,037 - nanochat.checkpoint_manager - [32m[1mINFO[0m - Saved model parameters to: /home/astarostin/.cache/nanochat/base_checkpoints/d24_1xh100/model_000250.pt
2026-10-07 19:46:29,039 - nanochat.checkpoint_manager - [32m[1mINFO[0m - Saved metadata to: /home/astarostin/.cache/nanochat/base_checkpoints/d24_1xh100/meta_000250.json
2026-10-07 19:46:37,890 - nanochat.checkpoint_manager - [32m[1mINFO[0m - Saved optimizer state to: /home/astarostin/.cache/nanochat/base_checkpoints/d24_1xh100/optim_000250_rank0.pt
step 00250/05568 (4.49%) | loss: 3.277019 | lrm: 1.00 | dt: 8344.83ms | tok/sec: 125,655 | bf16_mfu: 5.04 | epoch: 1 pq: 5 rg: 73 | total time: 33.56m | eta: 743.7m
step 00251/05568 (4.51%) | loss: 3.275974 | lrm: 1.00 | dt: 8362.35ms | tok/sec: 125,392 | bf16_mfu: 5.03 | epoch: 1 pq: 5 rg: 74 | total time: 33.70m | eta: 743.6m
step 00252/05568 (4.53%) | loss: 3.280622 | lrm: 1.00 | dt: 8380.13ms | tok/sec: 125,126 | bf16_mfu: 5.01 | epoch: 1 pq: 5 rg: 76 | total time: 33.84m | eta: 743.4m
step 00253/05568 (4.54%) | loss: 3.276555 | lrm: 1.00 | dt: 8378.94ms | tok/sec: 125,144 | bf16_mfu: 5.02 | epoch: 1 pq: 5 rg: 78 | total time: 33.98m | eta: 743.3m
step 00254/05568 (4.56%) | loss: 3.285370 | lrm: 1.00 | dt: 8376.57ms | tok/sec: 125,179 | bf16_mfu: 5.02 | epoch: 1 pq: 5 rg: 80 | total time: 34.12m | eta: 743.2m
step 00255/05568 (4.58%) | loss: 3.294595 | lrm: 1.00 | dt: 8360.19ms | tok/sec: 125,424 | bf16_mfu: 5.03 | epoch: 1 pq: 5 rg: 82 | total time: 34.26m | eta: 743.0m
step 00256/05568 (4.60%) | loss: 3.281741 | lrm: 1.00 | dt: 8358.52ms | tok/sec: 125,449 | bf16_mfu: 5.03 | epoch: 1 pq: 6 rg: 1 | total time: 34.40m | eta: 742.9m
step 00257/05568 (4.62%) | loss: 3.287502 | lrm: 1.00 | dt: 8362.56ms | tok/sec: 125,389 | bf16_mfu: 5.03 | epoch: 1 pq: 6 rg: 3 | total time: 34.54m | eta: 742.7m
step 00258/05568 (4.63%) | loss: 3.270708 | lrm: 1.00 | dt: 8364.17ms | tok/sec: 125,365 | bf16_mfu: 5.02 | epoch: 1 pq: 6 rg: 5 | total time: 34.68m | eta: 742.6m
step 00259/05568 (4.65%) | loss: 3.274832 | lrm: 1.00 | dt: 8360.67ms | tok/sec: 125,417 | bf16_mfu: 5.03 | epoch: 1 pq: 6 rg: 7 | total time: 34.82m | eta: 742.4m
step 00260/05568 (4.67%) | loss: 3.272888 | lrm: 1.00 | dt: 8367.41ms | tok/sec: 125,316 | bf16_mfu: 5.02 | epoch: 1 pq: 6 rg: 9 | total time: 34.96m | eta: 742.3m
step 00261/05568 (4.69%) | loss: 3.272918 | lrm: 1.00 | dt: 8345.37ms | tok/sec: 125,647 | bf16_mfu: 5.04 | epoch: 1 pq: 6 rg: 11 | total time: 35.10m | eta: 742.1m
step 00262/05568 (4.71%) | loss: 3.261497 | lrm: 1.00 | dt: 8368.54ms | tok/sec: 125,299 | bf16_mfu: 5.02 | epoch: 1 pq: 6 rg: 13 | total time: 35.24m | eta: 742.0m
step 00263/05568 (4.72%) | loss: 3.263388 | lrm: 1.00 | dt: 8361.71ms | tok/sec: 125,402 | bf16_mfu: 5.03 | epoch: 1 pq: 6 rg: 15 | total time: 35.38m | eta: 741.8m
step 00264/05568 (4.74%) | loss: 3.278725 | lrm: 1.00 | dt: 8354.72ms | tok/sec: 125,507 | bf16_mfu: 5.03 | epoch: 1 pq: 6 rg: 17 | total time: 35.52m | eta: 741.7m
step 00265/05568 (4.76%) | loss: 3.260056 | lrm: 1.00 | dt: 8368.57ms | tok/sec: 125,299 | bf16_mfu: 5.02 | epoch: 1 pq: 6 rg: 19 | total time: 35.66m | eta: 741.5m
step 00266/05568 (4.78%) | loss: 3.255323 | lrm: 1.00 | dt: 8378.77ms | tok/sec: 125,146 | bf16_mfu: 5.02 | epoch: 1 pq: 6 rg: 20 | total time: 35.80m | eta: 741.4m
step 00267/05568 (4.80%) | loss: 3.240708 | lrm: 1.00 | dt: 8373.21ms | tok/sec: 125,229 | bf16_mfu: 5.02 | epoch: 1 pq: 6 rg: 22 | total time: 35.94m | eta: 741.2m
step 00268/05568 (4.81%) | loss: 3.241342 | lrm: 1.00 | dt: 8361.73ms | tok/sec: 125,401 | bf16_mfu: 5.03 | epoch: 1 pq: 6 rg: 24 | total time: 36.07m | eta: 741.1m
step 00269/05568 (4.83%) | loss: 3.254003 | lrm: 1.00 | dt: 8341.75ms | tok/sec: 125,702 | bf16_mfu: 5.04 | epoch: 1 pq: 6 rg: 26 | total time: 36.21m | eta: 740.9m
step 00270/05568 (4.85%) | loss: 3.246099 | lrm: 1.00 | dt: 8360.21ms | tok/sec: 125,424 | bf16_mfu: 5.03 | epoch: 1 pq: 6 rg: 28 | total time: 36.35m | eta: 740.8m
step 00271/05568 (4.87%) | loss: 3.238703 | lrm: 1.00 | dt: 8356.22ms | tok/sec: 125,484 | bf16_mfu: 5.03 | epoch: 1 pq: 6 rg: 30 | total time: 36.49m | eta: 740.6m
step 00272/05568 (4.89%) | loss: 3.231399 | lrm: 1.00 | dt: 8345.30ms | tok/sec: 125,648 | bf16_mfu: 5.04 | epoch: 1 pq: 6 rg: 32 | total time: 36.63m | eta: 740.5m
step 00273/05568 (4.90%) | loss: 3.203102 | lrm: 1.00 | dt: 8333.08ms | tok/sec: 125,833 | bf16_mfu: 5.04 | epoch: 1 pq: 6 rg: 34 | total time: 36.77m | eta: 740.3m
step 00274/05568 (4.92%) | loss: 3.195546 | lrm: 1.00 | dt: 8352.49ms | tok/sec: 125,540 | bf16_mfu: 5.03 | epoch: 1 pq: 6 rg: 36 | total time: 36.91m | eta: 740.1m
step 00275/05568 (4.94%) | loss: 3.213221 | lrm: 1.00 | dt: 8344.84ms | tok/sec: 125,655 | bf16_mfu: 5.04 | epoch: 1 pq: 6 rg: 38 | total time: 37.05m | eta: 740.0m
step 00276/05568 (4.96%) | loss: 3.206885 | lrm: 1.00 | dt: 8371.68ms | tok/sec: 125,252 | bf16_mfu: 5.02 | epoch: 1 pq: 6 rg: 40 | total time: 37.19m | eta: 739.8m
step 00277/05568 (4.97%) | loss: 3.206531 | lrm: 1.00 | dt: 8347.66ms | tok/sec: 125,613 | bf16_mfu: 5.03 | epoch: 1 pq: 6 rg: 42 | total time: 37.33m | eta: 739.7m
step 00278/05568 (4.99%) | loss: 3.206801 | lrm: 1.00 | dt: 8351.39ms | tok/sec: 125,557 | bf16_mfu: 5.03 | epoch: 1 pq: 6 rg: 44 | total time: 37.47m | eta: 739.5m
step 00279/05568 (5.01%) | loss: 3.215889 | lrm: 1.00 | dt: 8331.44ms | tok/sec: 125,857 | bf16_mfu: 5.04 | epoch: 1 pq: 6 rg: 45 | total time: 37.61m | eta: 739.4m
step 00280/05568 (5.03%) | loss: 3.202590 | lrm: 1.00 | dt: 8353.78ms | tok/sec: 125,521 | bf16_mfu: 5.03 | epoch: 1 pq: 6 rg: 47 | total time: 37.74m | eta: 739.2m
step 00281/05568 (5.05%) | loss: 3.191962 | lrm: 1.00 | dt: 8357.21ms | tok/sec: 125,469 | bf16_mfu: 5.03 | epoch: 1 pq: 6 rg: 49 | total time: 37.88m | eta: 739.1m
step 00282/05568 (5.06%) | loss: 3.191832 | lrm: 1.00 | dt: 8357.19ms | tok/sec: 125,469 | bf16_mfu: 5.03 | epoch: 1 pq: 6 rg: 51 | total time: 38.02m | eta: 738.9m
step 00283/05568 (5.08%) | loss: 3.193208 | lrm: 1.00 | dt: 8361.06ms | tok/sec: 125,411 | bf16_mfu: 5.03 | epoch: 1 pq: 6 rg: 53 | total time: 38.16m | eta: 738.8m
step 00284/05568 (5.10%) | loss: 3.203472 | lrm: 1.00 | dt: 8338.65ms | tok/sec: 125,748 | bf16_mfu: 5.04 | epoch: 1 pq: 6 rg: 55 | total time: 38.30m | eta: 738.6m
step 00285/05568 (5.12%) | loss: 3.195673 | lrm: 1.00 | dt: 8344.08ms | tok/sec: 125,667 | bf16_mfu: 5.04 | epoch: 1 pq: 6 rg: 57 | total time: 38.44m | eta: 738.5m
step 00286/05568 (5.14%) | loss: 3.198566 | lrm: 1.00 | dt: 8355.71ms | tok/sec: 125,492 | bf16_mfu: 5.03 | epoch: 1 pq: 6 rg: 59 | total time: 38.58m | eta: 738.3m
step 00287/05568 (5.15%) | loss: 3.200612 | lrm: 1.00 | dt: 8359.70ms | tok/sec: 125,432 | bf16_mfu: 5.03 | epoch: 1 pq: 6 rg: 61 | total time: 38.72m | eta: 738.2m
step 00288/05568 (5.17%) | loss: 3.206814 | lrm: 1.00 | dt: 8340.39ms | tok/sec: 125,722 | bf16_mfu: 5.04 | epoch: 1 pq: 6 rg: 63 | total time: 38.86m | eta: 738.0m
step 00289/05568 (5.19%) | loss: 3.208787 | lrm: 1.00 | dt: 8344.06ms | tok/sec: 125,667 | bf16_mfu: 5.04 | epoch: 1 pq: 6 rg: 65 | total time: 39.00m | eta: 737.9m
step 00290/05568 (5.21%) | loss: 3.211979 | lrm: 1.00 | dt: 8351.68ms | tok/sec: 125,552 | bf16_mfu: 5.03 | epoch: 1 pq: 6 rg: 67 | total time: 39.14m | eta: 737.7m
step 00291/05568 (5.23%) | loss: 3.223259 | lrm: 1.00 | dt: 8357.30ms | tok/sec: 125,468 | bf16_mfu: 5.03 | epoch: 1 pq: 6 rg: 69 | total time: 39.28m | eta: 737.6m
step 00292/05568 (5.24%) | loss: 3.213005 | lrm: 1.00 | dt: 8361.87ms | tok/sec: 125,399 | bf16_mfu: 5.03 | epoch: 1 pq: 6 rg: 71 | total time: 39.41m | eta: 737.4m
step 00293/05568 (5.26%) | loss: 3.208586 | lrm: 1.00 | dt: 8355.17ms | tok/sec: 125,500 | bf16_mfu: 5.03 | epoch: 1 pq: 6 rg: 73 | total time: 39.55m | eta: 737.3m
step 00294/05568 (5.28%) | loss: 3.204239 | lrm: 1.00 | dt: 8361.71ms | tok/sec: 125,402 | bf16_mfu: 5.03 | epoch: 1 pq: 6 rg: 74 | total time: 39.69m | eta: 737.1m
step 00295/05568 (5.30%) | loss: 3.212745 | lrm: 1.00 | dt: 8330.72ms | tok/sec: 125,868 | bf16_mfu: 5.04 | epoch: 1 pq: 6 rg: 76 | total time: 39.83m | eta: 737.0m
step 00296/05568 (5.32%) | loss: 3.212412 | lrm: 1.00 | dt: 8356.49ms | tok/sec: 125,480 | bf16_mfu: 5.03 | epoch: 1 pq: 6 rg: 78 | total time: 39.97m | eta: 736.8m
step 00297/05568 (5.33%) | loss: 3.196474 | lrm: 1.00 | dt: 8328.30ms | tok/sec: 125,905 | bf16_mfu: 5.05 | epoch: 1 pq: 6 rg: 80 | total time: 40.11m | eta: 736.7m
step 00298/05568 (5.35%) | loss: 3.200010 | lrm: 1.00 | dt: 8339.85ms | tok/sec: 125,730 | bf16_mfu: 5.04 | epoch: 1 pq: 7 rg: 0 | total time: 40.25m | eta: 736.5m
step 00299/05568 (5.37%) | loss: 3.197005 | lrm: 1.00 | dt: 8358.11ms | tok/sec: 125,456 | bf16_mfu: 5.03 | epoch: 1 pq: 7 rg: 2 | total time: 40.39m | eta: 736.4m
step 00300/05568 (5.39%) | loss: 3.175074 | lrm: 1.00 | dt: 8351.21ms | tok/sec: 125,559 | bf16_mfu: 5.03 | epoch: 1 pq: 7 rg: 4 | total time: 40.53m | eta: 736.2m
step 00301/05568 (5.41%) | loss: 3.166425 | lrm: 1.00 | dt: 8340.25ms | tok/sec: 125,724 | bf16_mfu: 5.04 | epoch: 1 pq: 7 rg: 6 | total time: 40.67m | eta: 736.1m
step 00302/05568 (5.42%) | loss: 3.146695 | lrm: 1.00 | dt: 8340.51ms | tok/sec: 125,720 | bf16_mfu: 5.04 | epoch: 1 pq: 7 rg: 8 | total time: 40.81m | eta: 735.9m
step 00303/05568 (5.44%) | loss: 3.160721 | lrm: 1.00 | dt: 8329.07ms | tok/sec: 125,893 | bf16_mfu: 5.05 | epoch: 1 pq: 7 rg: 10 | total time: 40.94m | eta: 735.7m
step 00304/05568 (5.46%) | loss: 3.165351 | lrm: 1.00 | dt: 8345.70ms | tok/sec: 125,642 | bf16_mfu: 5.04 | epoch: 1 pq: 7 rg: 12 | total time: 41.08m | eta: 735.6m
step 00305/05568 (5.48%) | loss: 3.178241 | lrm: 1.00 | dt: 8335.29ms | tok/sec: 125,799 | bf16_mfu: 5.04 | epoch: 1 pq: 7 rg: 14 | total time: 41.22m | eta: 735.4m
step 00306/05568 (5.50%) | loss: 3.182605 | lrm: 1.00 | dt: 8462.85ms | tok/sec: 123,903 | bf16_mfu: 4.97 | epoch: 1 pq: 7 rg: 16 | total time: 41.36m | eta: 735.3m
step 00307/05568 (5.51%) | loss: 3.181877 | lrm: 1.00 | dt: 8346.97ms | tok/sec: 125,623 | bf16_mfu: 5.03 | epoch: 1 pq: 7 rg: 18 | total time: 41.50m | eta: 735.2m
step 00308/05568 (5.53%) | loss: 3.178130 | lrm: 1.00 | dt: 8376.80ms | tok/sec: 125,176 | bf16_mfu: 5.02 | epoch: 1 pq: 7 rg: 19 | total time: 41.64m | eta: 735.0m
step 00309/05568 (5.55%) | loss: 3.175293 | lrm: 1.00 | dt: 8353.37ms | tok/sec: 125,527 | bf16_mfu: 5.03 | epoch: 1 pq: 7 rg: 21 | total time: 41.78m | eta: 734.9m
step 00310/05568 (5.57%) | loss: 3.175836 | lrm: 1.00 | dt: 8355.71ms | tok/sec: 125,492 | bf16_mfu: 5.03 | epoch: 1 pq: 7 rg: 23 | total time: 41.92m | eta: 734.7m
step 00311/05568 (5.59%) | loss: 3.166866 | lrm: 1.00 | dt: 8343.08ms | tok/sec: 125,682 | bf16_mfu: 5.04 | epoch: 1 pq: 7 rg: 25 | total time: 42.06m | eta: 734.6m
step 00312/05568 (5.60%) | loss: 3.167093 | lrm: 1.00 | dt: 8347.82ms | tok/sec: 125,610 | bf16_mfu: 5.03 | epoch: 1 pq: 7 rg: 27 | total time: 42.20m | eta: 734.4m
step 00313/05568 (5.62%) | loss: 3.166476 | lrm: 1.00 | dt: 8324.89ms | tok/sec: 125,956 | bf16_mfu: 5.05 | epoch: 1 pq: 7 rg: 29 | total time: 42.34m | eta: 734.3m
step 00314/05568 (5.64%) | loss: 3.158467 | lrm: 1.00 | dt: 8351.92ms | tok/sec: 125,549 | bf16_mfu: 5.03 | epoch: 1 pq: 7 rg: 31 | total time: 42.48m | eta: 734.1m
step 00315/05568 (5.66%) | loss: 3.181159 | lrm: 1.00 | dt: 8338.99ms | tok/sec: 125,743 | bf16_mfu: 5.04 | epoch: 1 pq: 7 rg: 33 | total time: 42.62m | eta: 734.0m
step 00316/05568 (5.68%) | loss: 3.183108 | lrm: 1.00 | dt: 8351.89ms | tok/sec: 125,549 | bf16_mfu: 5.03 | epoch: 1 pq: 7 rg: 35 | total time: 42.76m | eta: 733.8m
step 00317/05568 (5.69%) | loss: 3.179205 | lrm: 1.00 | dt: 8335.14ms | tok/sec: 125,801 | bf16_mfu: 5.04 | epoch: 1 pq: 7 rg: 37 | total time: 42.89m | eta: 733.7m
step 00318/05568 (5.71%) | loss: 3.166157 | lrm: 1.00 | dt: 8352.85ms | tok/sec: 125,535 | bf16_mfu: 5.03 | epoch: 1 pq: 7 rg: 39 | total time: 43.03m | eta: 733.5m
step 00319/05568 (5.73%) | loss: 3.173040 | lrm: 1.00 | dt: 8323.83ms | tok/sec: 125,972 | bf16_mfu: 5.05 | epoch: 1 pq: 7 rg: 41 | total time: 43.17m | eta: 733.4m
step 00320/05568 (5.75%) | loss: 3.164600 | lrm: 1.00 | dt: 8337.39ms | tok/sec: 125,767 | bf16_mfu: 5.04 | epoch: 1 pq: 7 rg: 43 | total time: 43.31m | eta: 733.2m
step 00321/05568 (5.77%) | loss: 3.157557 | lrm: 1.00 | dt: 8342.55ms | tok/sec: 125,690 | bf16_mfu: 5.04 | epoch: 1 pq: 7 rg: 45 | total time: 43.45m | eta: 733.1m
step 00322/05568 (5.78%) | loss: 3.143081 | lrm: 1.00 | dt: 8341.83ms | tok/sec: 125,701 | bf16_mfu: 5.04 | epoch: 1 pq: 7 rg: 47 | total time: 43.59m | eta: 732.9m
step 00323/05568 (5.80%) | loss: 3.142432 | lrm: 1.00 | dt: 8354.18ms | tok/sec: 125,515 | bf16_mfu: 5.03 | epoch: 1 pq: 7 rg: 49 | total time: 43.73m | eta: 732.8m
step 00324/05568 (5.82%) | loss: 3.155987 | lrm: 1.00 | dt: 8340.70ms | tok/sec: 125,717 | bf16_mfu: 5.04 | epoch: 1 pq: 7 rg: 50 | total time: 43.87m | eta: 732.6m
step 00325/05568 (5.84%) | loss: 3.142813 | lrm: 1.00 | dt: 8338.03ms | tok/sec: 125,758 | bf16_mfu: 5.04 | epoch: 1 pq: 7 rg: 52 | total time: 44.01m | eta: 732.5m
step 00326/05568 (5.85%) | loss: 3.129371 | lrm: 1.00 | dt: 8333.35ms | tok/sec: 125,828 | bf16_mfu: 5.04 | epoch: 1 pq: 7 rg: 54 | total time: 44.15m | eta: 732.3m
step 00327/05568 (5.87%) | loss: 3.122858 | lrm: 1.00 | dt: 8332.75ms | tok/sec: 125,837 | bf16_mfu: 5.04 | epoch: 1 pq: 7 rg: 56 | total time: 44.28m | eta: 732.2m
step 00328/05568 (5.89%) | loss: 3.131522 | lrm: 1.00 | dt: 8327.51ms | tok/sec: 125,917 | bf16_mfu: 5.05 | epoch: 1 pq: 7 rg: 58 | total time: 44.42m | eta: 732.0m
step 00329/05568 (5.91%) | loss: 3.150089 | lrm: 1.00 | dt: 8337.57ms | tok/sec: 125,765 | bf16_mfu: 5.04 | epoch: 1 pq: 7 rg: 60 | total time: 44.56m | eta: 731.9m
step 00330/05568 (5.93%) | loss: 3.151756 | lrm: 1.00 | dt: 8324.02ms | tok/sec: 125,969 | bf16_mfu: 5.05 | epoch: 1 pq: 7 rg: 62 | total time: 44.70m | eta: 731.7m
step 00331/05568 (5.94%) | loss: 3.154222 | lrm: 1.00 | dt: 8346.20ms | tok/sec: 125,635 | bf16_mfu: 5.04 | epoch: 1 pq: 7 rg: 64 | total time: 44.84m | eta: 731.5m
step 00332/05568 (5.96%) | loss: 3.145133 | lrm: 1.00 | dt: 8349.90ms | tok/sec: 125,579 | bf16_mfu: 5.03 | epoch: 1 pq: 7 rg: 66 | total time: 44.98m | eta: 731.4m
step 00333/05568 (5.98%) | loss: 3.143616 | lrm: 1.00 | dt: 8336.79ms | tok/sec: 125,777 | bf16_mfu: 5.04 | epoch: 1 pq: 7 rg: 68 | total time: 45.12m | eta: 731.2m
step 00334/05568 (6.00%) | loss: 3.147719 | lrm: 1.00 | dt: 8342.21ms | tok/sec: 125,695 | bf16_mfu: 5.04 | epoch: 1 pq: 7 rg: 70 | total time: 45.26m | eta: 731.1m
step 00335/05568 (6.02%) | loss: 3.134179 | lrm: 1.00 | dt: 8336.03ms | tok/sec: 125,788 | bf16_mfu: 5.04 | epoch: 1 pq: 7 rg: 72 | total time: 45.40m | eta: 730.9m
step 00336/05568 (6.03%) | loss: 3.124946 | lrm: 1.00 | dt: 8328.22ms | tok/sec: 125,906 | bf16_mfu: 5.05 | epoch: 1 pq: 7 rg: 74 | total time: 45.53m | eta: 730.8m
step 00337/05568 (6.05%) | loss: 3.128942 | lrm: 1.00 | dt: 8327.49ms | tok/sec: 125,917 | bf16_mfu: 5.05 | epoch: 1 pq: 7 rg: 76 | total time: 45.67m | eta: 730.6m
step 00338/05568 (6.07%) | loss: 3.127016 | lrm: 1.00 | dt: 8341.88ms | tok/sec: 125,700 | bf16_mfu: 5.04 | epoch: 1 pq: 7 rg: 78 | total time: 45.81m | eta: 730.5m
step 00339/05568 (6.09%) | loss: 3.130689 | lrm: 1.00 | dt: 8339.88ms | tok/sec: 125,730 | bf16_mfu: 5.04 | epoch: 1 pq: 7 rg: 79 | total time: 45.95m | eta: 730.3m
step 00340/05568 (6.11%) | loss: 3.130273 | lrm: 1.00 | dt: 8331.52ms | tok/sec: 125,856 | bf16_mfu: 5.04 | epoch: 1 pq: 7 rg: 81 | total time: 46.09m | eta: 730.2m
step 00341/05568 (6.12%) | loss: 3.121733 | lrm: 1.00 | dt: 8328.62ms | tok/sec: 125,900 | bf16_mfu: 5.05 | epoch: 1 pq: 8 rg: 1 | total time: 46.23m | eta: 730.0m
step 00342/05568 (6.14%) | loss: 3.126185 | lrm: 1.00 | dt: 8337.21ms | tok/sec: 125,770 | bf16_mfu: 5.04 | epoch: 1 pq: 8 rg: 3 | total time: 46.37m | eta: 729.9m
step 00343/05568 (6.16%) | loss: 3.125060 | lrm: 1.00 | dt: 8321.79ms | tok/sec: 126,003 | bf16_mfu: 5.05 | epoch: 1 pq: 8 rg: 5 | total time: 46.51m | eta: 729.7m
step 00344/05568 (6.18%) | loss: 3.134655 | lrm: 1.00 | dt: 8348.08ms | tok/sec: 125,606 | bf16_mfu: 5.03 | epoch: 1 pq: 8 rg: 7 | total time: 46.65m | eta: 729.6m
step 00345/05568 (6.20%) | loss: 3.115582 | lrm: 1.00 | dt: 8324.64ms | tok/sec: 125,960 | bf16_mfu: 5.05 | epoch: 1 pq: 8 rg: 9 | total time: 46.78m | eta: 729.4m
step 00346/05568 (6.21%) | loss: 3.104838 | lrm: 1.00 | dt: 8324.44ms | tok/sec: 125,963 | bf16_mfu: 5.05 | epoch: 1 pq: 8 rg: 11 | total time: 46.92m | eta: 729.3m
step 00347/05568 (6.23%) | loss: 3.102385 | lrm: 1.00 | dt: 8329.98ms | tok/sec: 125,879 | bf16_mfu: 5.05 | epoch: 1 pq: 8 rg: 13 | total time: 47.06m | eta: 729.1m
step 00348/05568 (6.25%) | loss: 3.074038 | lrm: 1.00 | dt: 8321.77ms | tok/sec: 126,003 | bf16_mfu: 5.05 | epoch: 1 pq: 8 rg: 15 | total time: 47.20m | eta: 729.0m
step 00349/05568 (6.27%) | loss: 3.039241 | lrm: 1.00 | dt: 8334.56ms | tok/sec: 125,810 | bf16_mfu: 5.04 | epoch: 1 pq: 8 rg: 17 | total time: 47.34m | eta: 728.8m
step 00350/05568 (6.29%) | loss: 3.040182 | lrm: 1.00 | dt: 8336.67ms | tok/sec: 125,778 | bf16_mfu: 5.04 | epoch: 1 pq: 8 rg: 19 | total time: 47.48m | eta: 728.7m
step 00351/05568 (6.30%) | loss: 3.056888 | lrm: 1.00 | dt: 8401.57ms | tok/sec: 124,807 | bf16_mfu: 5.00 | epoch: 1 pq: 8 rg: 21 | total time: 47.62m | eta: 728.5m
step 00352/05568 (6.32%) | loss: 3.067237 | lrm: 1.00 | dt: 8324.15ms | tok/sec: 125,967 | bf16_mfu: 5.05 | epoch: 1 pq: 8 rg: 22 | total time: 47.76m | eta: 728.4m
step 00353/05568 (6.34%) | loss: 3.056863 | lrm: 1.00 | dt: 8319.21ms | tok/sec: 126,042 | bf16_mfu: 5.05 | epoch: 1 pq: 8 rg: 24 | total time: 47.90m | eta: 728.2m
step 00354/05568 (6.36%) | loss: 3.057016 | lrm: 1.00 | dt: 8319.69ms | tok/sec: 126,035 | bf16_mfu: 5.05 | epoch: 1 pq: 8 rg: 26 | total time: 48.04m | eta: 728.1m
step 00355/05568 (6.38%) | loss: 3.049956 | lrm: 1.00 | dt: 8334.17ms | tok/sec: 125,816 | bf16_mfu: 5.04 | epoch: 1 pq: 8 rg: 28 | total time: 48.17m | eta: 727.9m
step 00356/05568 (6.39%) | loss: 3.054839 | lrm: 1.00 | dt: 8313.04ms | tok/sec: 126,136 | bf16_mfu: 5.06 | epoch: 1 pq: 8 rg: 30 | total time: 48.31m | eta: 727.8m
step 00357/05568 (6.41%) | loss: 3.059852 | lrm: 1.00 | dt: 8328.60ms | tok/sec: 125,900 | bf16_mfu: 5.05 | epoch: 1 pq: 8 rg: 32 | total time: 48.45m | eta: 727.6m
step 00358/05568 (6.43%) | loss: 3.061316 | lrm: 1.00 | dt: 8315.94ms | tok/sec: 126,092 | bf16_mfu: 5.05 | epoch: 1 pq: 8 rg: 34 | total time: 48.59m | eta: 727.5m
step 00359/05568 (6.45%) | loss: 3.082622 | lrm: 1.00 | dt: 8327.76ms | tok/sec: 125,913 | bf16_mfu: 5.05 | epoch: 1 pq: 8 rg: 36 | total time: 48.73m | eta: 727.3m
step 00360/05568 (6.47%) | loss: 3.080523 | lrm: 1.00 | dt: 8333.91ms | tok/sec: 125,820 | bf16_mfu: 5.04 | epoch: 1 pq: 8 rg: 38 | total time: 48.87m | eta: 727.1m
step 00361/05568 (6.48%) | loss: 3.071470 | lrm: 1.00 | dt: 8329.00ms | tok/sec: 125,894 | bf16_mfu: 5.05 | epoch: 1 pq: 8 rg: 40 | total time: 49.01m | eta: 727.0m
step 00362/05568 (6.50%) | loss: 3.069560 | lrm: 1.00 | dt: 8318.10ms | tok/sec: 126,059 | bf16_mfu: 5.05 | epoch: 1 pq: 8 rg: 42 | total time: 49.15m | eta: 726.8m
step 00363/05568 (6.52%) | loss: 3.042846 | lrm: 1.00 | dt: 8325.92ms | tok/sec: 125,941 | bf16_mfu: 5.05 | epoch: 1 pq: 8 rg: 44 | total time: 49.28m | eta: 726.7m
step 00364/05568 (6.54%) | loss: 3.034257 | lrm: 1.00 | dt: 8340.15ms | tok/sec: 125,726 | bf16_mfu: 5.04 | epoch: 1 pq: 8 rg: 46 | total time: 49.42m | eta: 726.5m
step 00365/05568 (6.56%) | loss: 3.048370 | lrm: 1.00 | dt: 8316.79ms | tok/sec: 126,079 | bf16_mfu: 5.05 | epoch: 1 pq: 8 rg: 48 | total time: 49.56m | eta: 726.4m
step 00366/05568 (6.57%) | loss: 3.068420 | lrm: 1.00 | dt: 8317.75ms | tok/sec: 126,064 | bf16_mfu: 5.05 | epoch: 1 pq: 8 rg: 50 | total time: 49.70m | eta: 726.2m
step 00367/05568 (6.59%) | loss: 3.067188 | lrm: 1.00 | dt: 8338.27ms | tok/sec: 125,754 | bf16_mfu: 5.04 | epoch: 1 pq: 8 rg: 51 | total time: 49.84m | eta: 726.1m
step 00368/05568 (6.61%) | loss: 3.056334 | lrm: 1.00 | dt: 8321.67ms | tok/sec: 126,005 | bf16_mfu: 5.05 | epoch: 1 pq: 8 rg: 53 | total time: 49.98m | eta: 725.9m
step 00369/05568 (6.63%) | loss: 3.051301 | lrm: 1.00 | dt: 8316.34ms | tok/sec: 126,086 | bf16_mfu: 5.05 | epoch: 1 pq: 8 rg: 55 | total time: 50.12m | eta: 725.8m
step 00370/05568 (6.65%) | loss: 3.056876 | lrm: 1.00 | dt: 8334.15ms | tok/sec: 125,816 | bf16_mfu: 5.04 | epoch: 1 pq: 8 rg: 57 | total time: 50.26m | eta: 725.6m
step 00371/05568 (6.66%) | loss: 3.045673 | lrm: 1.00 | dt: 8326.94ms | tok/sec: 125,925 | bf16_mfu: 5.05 | epoch: 1 pq: 8 rg: 59 | total time: 50.39m | eta: 725.5m
step 00372/05568 (6.68%) | loss: 3.046331 | lrm: 1.00 | dt: 8329.24ms | tok/sec: 125,890 | bf16_mfu: 5.05 | epoch: 1 pq: 8 rg: 61 | total time: 50.53m | eta: 725.3m
step 00373/05568 (6.70%) | loss: 3.045634 | lrm: 1.00 | dt: 8309.88ms | tok/sec: 126,184 | bf16_mfu: 5.06 | epoch: 1 pq: 8 rg: 63 | total time: 50.67m | eta: 725.2m
step 00374/05568 (6.72%) | loss: 3.056521 | lrm: 1.00 | dt: 8319.80ms | tok/sec: 126,033 | bf16_mfu: 5.05 | epoch: 1 pq: 8 rg: 65 | total time: 50.81m | eta: 725.0m
step 00375/05568 (6.73%) | loss: 3.053585 | lrm: 1.00 | dt: 8331.36ms | tok/sec: 125,858 | bf16_mfu: 5.04 | epoch: 1 pq: 8 rg: 67 | total time: 50.95m | eta: 724.9m
step 00376/05568 (6.75%) | loss: 3.067824 | lrm: 1.00 | dt: 8323.08ms | tok/sec: 125,984 | bf16_mfu: 5.05 | epoch: 1 pq: 8 rg: 69 | total time: 51.09m | eta: 724.7m
step 00377/05568 (6.77%) | loss: 3.072313 | lrm: 1.00 | dt: 8319.44ms | tok/sec: 126,039 | bf16_mfu: 5.05 | epoch: 1 pq: 8 rg: 71 | total time: 51.23m | eta: 724.6m
step 00378/05568 (6.79%) | loss: 3.070054 | lrm: 1.00 | dt: 8328.92ms | tok/sec: 125,895 | bf16_mfu: 5.05 | epoch: 1 pq: 8 rg: 73 | total time: 51.37m | eta: 724.4m
step 00379/05568 (6.81%) | loss: 3.072480 | lrm: 1.00 | dt: 8310.20ms | tok/sec: 126,179 | bf16_mfu: 5.06 | epoch: 1 pq: 8 rg: 75 | total time: 51.50m | eta: 724.3m
step 00380/05568 (6.82%) | loss: 3.082451 | lrm: 1.00 | dt: 8312.75ms | tok/sec: 126,140 | bf16_mfu: 5.06 | epoch: 1 pq: 8 rg: 77 | total time: 51.64m | eta: 724.1m
step 00381/05568 (6.84%) | loss: 3.088801 | lrm: 1.00 | dt: 8317.96ms | tok/sec: 126,061 | bf16_mfu: 5.05 | epoch: 1 pq: 8 rg: 78 | total time: 51.78m | eta: 724.0m
step 00382/05568 (6.86%) | loss: 3.074390 | lrm: 1.00 | dt: 8324.21ms | tok/sec: 125,967 | bf16_mfu: 5.05 | epoch: 1 pq: 8 rg: 80 | total time: 51.92m | eta: 723.8m
step 00383/05568 (6.88%) | loss: 3.072404 | lrm: 1.00 | dt: 8323.12ms | tok/sec: 125,983 | bf16_mfu: 5.05 | epoch: 1 pq: 9 rg: 0 | total time: 52.06m | eta: 723.7m
step 00384/05568 (6.90%) | loss: 3.067061 | lrm: 1.00 | dt: 8315.27ms | tok/sec: 126,102 | bf16_mfu: 5.05 | epoch: 1 pq: 9 rg: 2 | total time: 52.20m | eta: 723.5m
step 00385/05568 (6.91%) | loss: 3.081943 | lrm: 1.00 | dt: 8310.91ms | tok/sec: 126,168 | bf16_mfu: 5.06 | epoch: 1 pq: 9 rg: 4 | total time: 52.34m | eta: 723.3m
step 00386/05568 (6.93%) | loss: 3.075859 | lrm: 1.00 | dt: 8314.52ms | tok/sec: 126,113 | bf16_mfu: 5.05 | epoch: 1 pq: 9 rg: 6 | total time: 52.47m | eta: 723.2m
step 00387/05568 (6.95%) | loss: 3.055358 | lrm: 1.00 | dt: 8312.10ms | tok/sec: 126,150 | bf16_mfu: 5.06 | epoch: 1 pq: 9 rg: 8 | total time: 52.61m | eta: 723.0m
step 00388/05568 (6.97%) | loss: 3.041091 | lrm: 1.00 | dt: 8313.52ms | tok/sec: 126,129 | bf16_mfu: 5.06 | epoch: 1 pq: 9 rg: 10 | total time: 52.75m | eta: 722.9m
step 00389/05568 (6.99%) | loss: 3.040600 | lrm: 1.00 | dt: 8320.73ms | tok/sec: 126,019 | bf16_mfu: 5.05 | epoch: 1 pq: 9 rg: 12 | total time: 52.89m | eta: 722.7m
step 00390/05568 (7.00%) | loss: 3.046658 | lrm: 1.00 | dt: 8318.39ms | tok/sec: 126,055 | bf16_mfu: 5.05 | epoch: 1 pq: 9 rg: 14 | total time: 53.03m | eta: 722.6m
step 00391/05568 (7.02%) | loss: 3.044034 | lrm: 1.00 | dt: 8300.47ms | tok/sec: 126,327 | bf16_mfu: 5.06 | epoch: 1 pq: 9 rg: 16 | total time: 53.17m | eta: 722.4m
step 00392/05568 (7.04%) | loss: 3.033741 | lrm: 1.00 | dt: 8306.73ms | tok/sec: 126,232 | bf16_mfu: 5.06 | epoch: 1 pq: 9 rg: 18 | total time: 53.31m | eta: 722.3m
step 00393/05568 (7.06%) | loss: 3.044631 | lrm: 1.00 | dt: 8322.49ms | tok/sec: 125,993 | bf16_mfu: 5.05 | epoch: 1 pq: 9 rg: 20 | total time: 53.44m | eta: 722.1m
step 00394/05568 (7.08%) | loss: 3.031173 | lrm: 1.00 | dt: 8297.67ms | tok/sec: 126,369 | bf16_mfu: 5.06 | epoch: 1 pq: 9 rg: 22 | total time: 53.58m | eta: 722.0m
step 00395/05568 (7.09%) | loss: 3.017824 | lrm: 1.00 | dt: 8307.67ms | tok/sec: 126,217 | bf16_mfu: 5.06 | epoch: 1 pq: 9 rg: 23 | total time: 53.72m | eta: 721.8m
step 00396/05568 (7.11%) | loss: 3.015049 | lrm: 1.00 | dt: 8316.35ms | tok/sec: 126,086 | bf16_mfu: 5.05 | epoch: 1 pq: 9 rg: 25 | total time: 53.86m | eta: 721.7m
step 00397/05568 (7.13%) | loss: 2.996892 | lrm: 1.00 | dt: 8316.79ms | tok/sec: 126,079 | bf16_mfu: 5.05 | epoch: 1 pq: 9 rg: 27 | total time: 54.00m | eta: 721.5m
step 00398/05568 (7.15%) | loss: 3.003800 | lrm: 1.00 | dt: 8320.42ms | tok/sec: 126,024 | bf16_mfu: 5.05 | epoch: 1 pq: 9 rg: 29 | total time: 54.14m | eta: 721.4m
step 00399/05568 (7.17%) | loss: 3.012180 | lrm: 1.00 | dt: 8302.18ms | tok/sec: 126,301 | bf16_mfu: 5.06 | epoch: 1 pq: 9 rg: 31 | total time: 54.27m | eta: 721.2m
step 00400/05568 (7.18%) | loss: 3.011516 | lrm: 1.00 | dt: 8315.30ms | tok/sec: 126,101 | bf16_mfu: 5.05 | epoch: 1 pq: 9 rg: 33 | total time: 54.41m | eta: 721.0m
step 00401/05568 (7.20%) | loss: 3.011990 | lrm: 1.00 | dt: 8312.44ms | tok/sec: 126,145 | bf16_mfu: 5.06 | epoch: 1 pq: 9 rg: 35 | total time: 54.55m | eta: 720.9m
step 00402/05568 (7.22%) | loss: 3.014288 | lrm: 1.00 | dt: 8309.10ms | tok/sec: 126,196 | bf16_mfu: 5.06 | epoch: 1 pq: 9 rg: 37 | total time: 54.69m | eta: 720.7m
step 00403/05568 (7.24%) | loss: 3.009022 | lrm: 1.00 | dt: 8299.45ms | tok/sec: 126,342 | bf16_mfu: 5.06 | epoch: 1 pq: 9 rg: 39 | total time: 54.83m | eta: 720.6m
step 00404/05568 (7.26%) | loss: 3.014097 | lrm: 1.00 | dt: 8318.64ms | tok/sec: 126,051 | bf16_mfu: 5.05 | epoch: 1 pq: 9 rg: 41 | total time: 54.97m | eta: 720.4m
step 00405/05568 (7.27%) | loss: 3.017230 | lrm: 1.00 | dt: 8299.46ms | tok/sec: 126,342 | bf16_mfu: 5.06 | epoch: 1 pq: 9 rg: 43 | total time: 55.11m | eta: 720.3m
step 00406/05568 (7.29%) | loss: 3.035261 | lrm: 1.00 | dt: 8297.67ms | tok/sec: 126,369 | bf16_mfu: 5.06 | epoch: 1 pq: 9 rg: 45 | total time: 55.24m | eta: 720.1m
step 00407/05568 (7.31%) | loss: 3.023540 | lrm: 1.00 | dt: 8296.44ms | tok/sec: 126,388 | bf16_mfu: 5.07 | epoch: 1 pq: 9 rg: 47 | total time: 55.38m | eta: 720.0m
step 00408/05568 (7.33%) | loss: 3.022015 | lrm: 1.00 | dt: 8308.63ms | tok/sec: 126,203 | bf16_mfu: 5.06 | epoch: 1 pq: 9 rg: 49 | total time: 55.52m | eta: 719.8m
step 00409/05568 (7.35%) | loss: 3.022908 | lrm: 1.00 | dt: 8310.21ms | tok/sec: 126,179 | bf16_mfu: 5.06 | epoch: 1 pq: 9 rg: 51 | total time: 55.66m | eta: 719.7m
step 00410/05568 (7.36%) | loss: 3.022535 | lrm: 1.00 | dt: 8305.39ms | tok/sec: 126,252 | bf16_mfu: 5.06 | epoch: 1 pq: 9 rg: 52 | total time: 55.80m | eta: 719.5m
step 00411/05568 (7.38%) | loss: 3.034867 | lrm: 1.00 | dt: 8315.94ms | tok/sec: 126,092 | bf16_mfu: 5.05 | epoch: 1 pq: 9 rg: 54 | total time: 55.94m | eta: 719.4m
step 00412/05568 (7.40%) | loss: 3.043724 | lrm: 1.00 | dt: 8308.27ms | tok/sec: 126,208 | bf16_mfu: 5.06 | epoch: 1 pq: 9 rg: 56 | total time: 56.07m | eta: 719.2m
step 00413/05568 (7.42%) | loss: 3.045444 | lrm: 1.00 | dt: 8308.73ms | tok/sec: 126,201 | bf16_mfu: 5.06 | epoch: 1 pq: 9 rg: 58 | total time: 56.21m | eta: 719.1m
step 00414/05568 (7.44%) | loss: 3.050772 | lrm: 1.00 | dt: 8314.30ms | tok/sec: 126,117 | bf16_mfu: 5.05 | epoch: 1 pq: 9 rg: 60 | total time: 56.35m | eta: 718.9m
step 00415/05568 (7.45%) | loss: 3.039560 | lrm: 1.00 | dt: 8301.73ms | tok/sec: 126,308 | bf16_mfu: 5.06 | epoch: 1 pq: 9 rg: 62 | total time: 56.49m | eta: 718.7m
step 00416/05568 (7.47%) | loss: 3.037666 | lrm: 1.00 | dt: 8294.02ms | tok/sec: 126,425 | bf16_mfu: 5.07 | epoch: 1 pq: 9 rg: 64 | total time: 56.63m | eta: 718.6m
step 00417/05568 (7.49%) | loss: 3.044249 | lrm: 1.00 | dt: 8303.86ms | tok/sec: 126,275 | bf16_mfu: 5.06 | epoch: 1 pq: 9 rg: 66 | total time: 56.77m | eta: 718.4m
step 00418/05568 (7.51%) | loss: 3.036464 | lrm: 1.00 | dt: 8299.36ms | tok/sec: 126,344 | bf16_mfu: 5.06 | epoch: 1 pq: 9 rg: 68 | total time: 56.91m | eta: 718.3m
step 00419/05568 (7.53%) | loss: 3.026428 | lrm: 1.00 | dt: 8292.29ms | tok/sec: 126,451 | bf16_mfu: 5.07 | epoch: 1 pq: 9 rg: 70 | total time: 57.04m | eta: 718.1m
step 00420/05568 (7.54%) | loss: 3.025858 | lrm: 1.00 | dt: 8296.85ms | tok/sec: 126,382 | bf16_mfu: 5.07 | epoch: 1 pq: 9 rg: 72 | total time: 57.18m | eta: 718.0m
step 00421/05568 (7.56%) | loss: 3.044024 | lrm: 1.00 | dt: 8304.52ms | tok/sec: 126,265 | bf16_mfu: 5.06 | epoch: 1 pq: 9 rg: 74 | total time: 57.32m | eta: 717.8m
step 00422/05568 (7.58%) | loss: 3.042028 | lrm: 1.00 | dt: 8303.97ms | tok/sec: 126,274 | bf16_mfu: 5.06 | epoch: 1 pq: 9 rg: 76 | total time: 57.46m | eta: 717.7m
step 00423/05568 (7.60%) | loss: 3.046863 | lrm: 1.00 | dt: 8310.56ms | tok/sec: 126,173 | bf16_mfu: 5.06 | epoch: 1 pq: 9 rg: 78 | total time: 57.60m | eta: 717.5m
step 00424/05568 (7.61%) | loss: 3.024409 | lrm: 1.00 | dt: 8321.15ms | tok/sec: 126,013 | bf16_mfu: 5.05 | epoch: 1 pq: 9 rg: 80 | total time: 57.74m | eta: 717.4m
step 00425/05568 (7.63%) | loss: 3.029275 | lrm: 1.00 | dt: 8302.08ms | tok/sec: 126,302 | bf16_mfu: 5.06 | epoch: 1 pq: 9 rg: 81 | total time: 57.87m | eta: 717.2m
step 00426/05568 (7.65%) | loss: 3.047754 | lrm: 1.00 | dt: 8314.39ms | tok/sec: 126,115 | bf16_mfu: 5.05 | epoch: 1 pq: 10 rg: 0 | total time: 58.01m | eta: 717.1m
step 00427/05568 (7.67%) | loss: 3.040529 | lrm: 1.00 | dt: 8296.05ms | tok/sec: 126,394 | bf16_mfu: 5.07 | epoch: 1 pq: 10 rg: 2 | total time: 58.15m | eta: 716.9m
step 00428/05568 (7.69%) | loss: 3.051487 | lrm: 1.00 | dt: 8304.56ms | tok/sec: 126,265 | bf16_mfu: 5.06 | epoch: 1 pq: 10 rg: 4 | total time: 58.29m | eta: 716.8m
step 00429/05568 (7.70%) | loss: 3.023895 | lrm: 1.00 | dt: 8302.51ms | tok/sec: 126,296 | bf16_mfu: 5.06 | epoch: 1 pq: 10 rg: 6 | total time: 58.43m | eta: 716.6m
step 00430/05568 (7.72%) | loss: 3.025325 | lrm: 1.00 | dt: 8298.22ms | tok/sec: 126,361 | bf16_mfu: 5.06 | epoch: 1 pq: 10 rg: 8 | total time: 58.57m | eta: 716.5m
step 00431/05568 (7.74%) | loss: 3.013471 | lrm: 1.00 | dt: 8298.51ms | tok/sec: 126,357 | bf16_mfu: 5.06 | epoch: 1 pq: 10 rg: 10 | total time: 58.70m | eta: 716.3m
step 00432/05568 (7.76%) | loss: 3.024498 | lrm: 1.00 | dt: 8305.31ms | tok/sec: 126,253 | bf16_mfu: 5.06 | epoch: 1 pq: 10 rg: 12 | total time: 58.84m | eta: 716.2m
step 00433/05568 (7.78%) | loss: 3.023111 | lrm: 1.00 | dt: 8368.35ms | tok/sec: 125,302 | bf16_mfu: 5.02 | epoch: 1 pq: 10 rg: 14 | total time: 58.98m | eta: 716.0m
step 00434/05568 (7.79%) | loss: 3.027078 | lrm: 1.00 | dt: 8302.58ms | tok/sec: 126,295 | bf16_mfu: 5.06 | epoch: 1 pq: 10 rg: 16 | total time: 59.12m | eta: 715.9m
step 00435/05568 (7.81%) | loss: 3.023874 | lrm: 1.00 | dt: 8302.05ms | tok/sec: 126,303 | bf16_mfu: 5.06 | epoch: 1 pq: 10 rg: 18 | total time: 59.26m | eta: 715.7m
step 00436/05568 (7.83%) | loss: 3.026582 | lrm: 1.00 | dt: 8309.10ms | tok/sec: 126,196 | bf16_mfu: 5.06 | epoch: 1 pq: 10 rg: 20 | total time: 59.40m | eta: 715.6m
step 00437/05568 (7.85%) | loss: 3.034816 | lrm: 1.00 | dt: 8344.03ms | tok/sec: 125,667 | bf16_mfu: 5.04 | epoch: 1 pq: 10 rg: 22 | total time: 59.54m | eta: 715.4m
step 00438/05568 (7.87%) | loss: 3.020999 | lrm: 1.00 | dt: 8302.28ms | tok/sec: 126,299 | bf16_mfu: 5.06 | epoch: 1 pq: 10 rg: 24 | total time: 59.67m | eta: 715.3m
step 00439/05568 (7.88%) | loss: 3.011618 | lrm: 1.00 | dt: 8298.05ms | tok/sec: 126,364 | bf16_mfu: 5.06 | epoch: 1 pq: 10 rg: 26 | total time: 59.81m | eta: 715.1m
step 00440/05568 (7.90%) | loss: 3.013863 | lrm: 1.00 | dt: 8304.02ms | tok/sec: 126,273 | bf16_mfu: 5.06 | epoch: 1 pq: 10 rg: 28 | total time: 59.95m | eta: 715.0m
step 00441/05568 (7.92%) | loss: 3.029916 | lrm: 1.00 | dt: 8293.51ms | tok/sec: 126,433 | bf16_mfu: 5.07 | epoch: 1 pq: 10 rg: 29 | total time: 60.09m | eta: 714.8m
step 00442/05568 (7.94%) | loss: 3.025359 | lrm: 1.00 | dt: 8297.52ms | tok/sec: 126,372 | bf16_mfu: 5.06 | epoch: 1 pq: 10 rg: 31 | total time: 60.23m | eta: 714.6m
step 00443/05568 (7.96%) | loss: 3.027253 | lrm: 1.00 | dt: 8301.19ms | tok/sec: 126,316 | bf16_mfu: 5.06 | epoch: 1 pq: 10 rg: 33 | total time: 60.37m | eta: 714.5m
step 00444/05568 (7.97%) | loss: 3.024047 | lrm: 1.00 | dt: 8310.13ms | tok/sec: 126,180 | bf16_mfu: 5.06 | epoch: 1 pq: 10 rg: 35 | total time: 60.50m | eta: 714.3m
step 00445/05568 (7.99%) | loss: 3.006742 | lrm: 1.00 | dt: 8305.21ms | tok/sec: 126,255 | bf16_mfu: 5.06 | epoch: 1 pq: 10 rg: 37 | total time: 60.64m | eta: 714.2m
step 00446/05568 (8.01%) | loss: 3.002147 | lrm: 1.00 | dt: 8288.67ms | tok/sec: 126,507 | bf16_mfu: 5.07 | epoch: 1 pq: 10 rg: 39 | total time: 60.78m | eta: 714.0m
step 00447/05568 (8.03%) | loss: 3.004800 | lrm: 1.00 | dt: 8298.25ms | tok/sec: 126,361 | bf16_mfu: 5.06 | epoch: 1 pq: 10 rg: 41 | total time: 60.92m | eta: 713.9m
step 00448/05568 (8.05%) | loss: 2.996712 | lrm: 1.00 | dt: 8301.50ms | tok/sec: 126,311 | bf16_mfu: 5.06 | epoch: 1 pq: 10 rg: 43 | total time: 61.06m | eta: 713.7m
step 00449/05568 (8.06%) | loss: 3.004856 | lrm: 1.00 | dt: 8289.46ms | tok/sec: 126,495 | bf16_mfu: 5.07 | epoch: 1 pq: 10 rg: 45 | total time: 61.20m | eta: 713.6m
step 00450/05568 (8.08%) | loss: 3.009148 | lrm: 1.00 | dt: 8292.08ms | tok/sec: 126,455 | bf16_mfu: 5.07 | epoch: 1 pq: 10 rg: 47 | total time: 61.33m | eta: 713.4m
step 00451/05568 (8.10%) | loss: 3.006260 | lrm: 1.00 | dt: 8288.81ms | tok/sec: 126,505 | bf16_mfu: 5.07 | epoch: 1 pq: 10 rg: 49 | total time: 61.47m | eta: 713.3m
step 00452/05568 (8.12%) | loss: 3.006151 | lrm: 1.00 | dt: 8302.92ms | tok/sec: 126,290 | bf16_mfu: 5.06 | epoch: 1 pq: 10 rg: 51 | total time: 61.61m | eta: 713.1m
step 00453/05568 (8.14%) | loss: 3.009666 | lrm: 1.00 | dt: 8303.19ms | tok/sec: 126,285 | bf16_mfu: 5.06 | epoch: 1 pq: 10 rg: 53 | total time: 61.75m | eta: 713.0m
step 00454/05568 (8.15%) | loss: 2.991557 | lrm: 1.00 | dt: 8295.50ms | tok/sec: 126,402 | bf16_mfu: 5.07 | epoch: 1 pq: 10 rg: 54 | total time: 61.89m | eta: 712.8m
step 00455/05568 (8.17%) | loss: 2.983852 | lrm: 1.00 | dt: 8303.30ms | tok/sec: 126,284 | bf16_mfu: 5.06 | epoch: 1 pq: 10 rg: 56 | total time: 62.03m | eta: 712.7m
step 00456/05568 (8.19%) | loss: 2.973484 | lrm: 1.00 | dt: 8299.85ms | tok/sec: 126,336 | bf16_mfu: 5.06 | epoch: 1 pq: 10 rg: 58 | total time: 62.16m | eta: 712.5m
step 00457/05568 (8.21%) | loss: 2.965875 | lrm: 1.00 | dt: 8295.26ms | tok/sec: 126,406 | bf16_mfu: 5.07 | epoch: 1 pq: 10 rg: 60 | total time: 62.30m | eta: 712.4m
step 00458/05568 (8.23%) | loss: 2.976049 | lrm: 1.00 | dt: 8287.95ms | tok/sec: 126,518 | bf16_mfu: 5.07 | epoch: 1 pq: 10 rg: 62 | total time: 62.44m | eta: 712.2m
step 00459/05568 (8.24%) | loss: 2.966626 | lrm: 1.00 | dt: 8292.11ms | tok/sec: 126,454 | bf16_mfu: 5.07 | epoch: 1 pq: 10 rg: 64 | total time: 62.58m | eta: 712.1m
step 00460/05568 (8.26%) | loss: 2.975591 | lrm: 1.00 | dt: 8285.79ms | tok/sec: 126,551 | bf16_mfu: 5.07 | epoch: 1 pq: 10 rg: 66 | total time: 62.72m | eta: 711.9m
step 00461/05568 (8.28%) | loss: 2.983747 | lrm: 1.00 | dt: 8281.21ms | tok/sec: 126,621 | bf16_mfu: 5.07 | epoch: 1 pq: 10 rg: 68 | total time: 62.85m | eta: 711.8m
step 00462/05568 (8.30%) | loss: 2.987394 | lrm: 1.00 | dt: 8304.72ms | tok/sec: 126,262 | bf16_mfu: 5.06 | epoch: 1 pq: 10 rg: 70 | total time: 62.99m | eta: 711.6m
step 00463/05568 (8.32%) | loss: 2.981489 | lrm: 1.00 | dt: 8292.16ms | tok/sec: 126,453 | bf16_mfu: 5.07 | epoch: 1 pq: 10 rg: 72 | total time: 63.13m | eta: 711.4m
step 00464/05568 (8.33%) | loss: 2.981404 | lrm: 1.00 | dt: 8295.02ms | tok/sec: 126,410 | bf16_mfu: 5.07 | epoch: 1 pq: 10 rg: 74 | total time: 63.27m | eta: 711.3m
step 00465/05568 (8.35%) | loss: 2.991365 | lrm: 1.00 | dt: 8281.13ms | tok/sec: 126,622 | bf16_mfu: 5.07 | epoch: 1 pq: 10 rg: 76 | total time: 63.41m | eta: 711.1m
step 00466/05568 (8.37%) | loss: 2.988335 | lrm: 1.00 | dt: 8284.74ms | tok/sec: 126,567 | bf16_mfu: 5.07 | epoch: 1 pq: 10 rg: 78 | total time: 63.55m | eta: 711.0m
step 00467/05568 (8.39%) | loss: 2.986269 | lrm: 1.00 | dt: 8298.56ms | tok/sec: 126,356 | bf16_mfu: 5.06 | epoch: 1 pq: 10 rg: 80 | total time: 63.68m | eta: 710.8m
step 00468/05568 (8.41%) | loss: 2.984515 | lrm: 1.00 | dt: 8286.59ms | tok/sec: 126,538 | bf16_mfu: 5.07 | epoch: 1 pq: 10 rg: 82 | total time: 63.82m | eta: 710.7m
step 00469/05568 (8.42%) | loss: 2.970308 | lrm: 1.00 | dt: 8297.15ms | tok/sec: 126,377 | bf16_mfu: 5.06 | epoch: 1 pq: 11 rg: 0 | total time: 63.96m | eta: 710.5m
step 00470/05568 (8.44%) | loss: 2.982453 | lrm: 1.00 | dt: 8283.51ms | tok/sec: 126,586 | bf16_mfu: 5.07 | epoch: 1 pq: 11 rg: 2 | total time: 64.10m | eta: 710.4m
step 00471/05568 (8.46%) | loss: 3.011126 | lrm: 1.00 | dt: 8282.52ms | tok/sec: 126,601 | bf16_mfu: 5.07 | epoch: 1 pq: 11 rg: 4 | total time: 64.24m | eta: 710.2m
step 00472/05568 (8.48%) | loss: 2.998421 | lrm: 1.00 | dt: 8298.06ms | tok/sec: 126,364 | bf16_mfu: 5.06 | epoch: 1 pq: 11 rg: 6 | total time: 64.38m | eta: 710.1m
step 00473/05568 (8.49%) | loss: 2.993720 | lrm: 1.00 | dt: 8286.84ms | tok/sec: 126,535 | bf16_mfu: 5.07 | epoch: 1 pq: 11 rg: 8 | total time: 64.51m | eta: 709.9m
step 00474/05568 (8.51%) | loss: 2.972693 | lrm: 1.00 | dt: 8294.70ms | tok/sec: 126,415 | bf16_mfu: 5.07 | epoch: 1 pq: 11 rg: 10 | total time: 64.65m | eta: 709.8m
step 00475/05568 (8.53%) | loss: 2.965735 | lrm: 1.00 | dt: 8285.04ms | tok/sec: 126,562 | bf16_mfu: 5.07 | epoch: 1 pq: 11 rg: 12 | total time: 64.79m | eta: 709.6m
step 00476/05568 (8.55%) | loss: 2.968996 | lrm: 1.00 | dt: 8287.39ms | tok/sec: 126,526 | bf16_mfu: 5.07 | epoch: 1 pq: 11 rg: 14 | total time: 64.93m | eta: 709.5m
step 00477/05568 (8.57%) | loss: 2.953688 | lrm: 1.00 | dt: 8284.99ms | tok/sec: 126,563 | bf16_mfu: 5.07 | epoch: 1 pq: 11 rg: 16 | total time: 65.07m | eta: 709.3m
step 00478/05568 (8.58%) | loss: 2.953891 | lrm: 1.00 | dt: 8281.79ms | tok/sec: 126,612 | bf16_mfu: 5.07 | epoch: 1 pq: 11 rg: 18 | total time: 65.20m | eta: 709.2m
step 00479/05568 (8.60%) | loss: 2.971505 | lrm: 1.00 | dt: 8288.05ms | tok/sec: 126,516 | bf16_mfu: 5.07 | epoch: 1 pq: 11 rg: 20 | total time: 65.34m | eta: 709.0m
step 00480/05568 (8.62%) | loss: 2.966597 | lrm: 1.00 | dt: 8280.30ms | tok/sec: 126,635 | bf16_mfu: 5.08 | epoch: 1 pq: 11 rg: 22 | total time: 65.48m | eta: 708.9m
step 00481/05568 (8.64%) | loss: 2.959382 | lrm: 1.00 | dt: 8295.51ms | tok/sec: 126,402 | bf16_mfu: 5.07 | epoch: 1 pq: 11 rg: 24 | total time: 65.62m | eta: 708.7m
step 00482/05568 (8.66%) | loss: 2.946548 | lrm: 1.00 | dt: 8299.38ms | tok/sec: 126,343 | bf16_mfu: 5.06 | epoch: 1 pq: 11 rg: 25 | total time: 65.76m | eta: 708.6m
step 00483/05568 (8.67%) | loss: 2.943150 | lrm: 1.00 | dt: 8419.08ms | tok/sec: 124,547 | bf16_mfu: 4.99 | epoch: 1 pq: 11 rg: 27 | total time: 65.90m | eta: 708.4m
step 00484/05568 (8.69%) | loss: 2.972646 | lrm: 1.00 | dt: 8286.21ms | tok/sec: 126,544 | bf16_mfu: 5.07 | epoch: 1 pq: 11 rg: 29 | total time: 66.03m | eta: 708.3m
step 00485/05568 (8.71%) | loss: 2.980976 | lrm: 1.00 | dt: 8289.88ms | tok/sec: 126,488 | bf16_mfu: 5.07 | epoch: 1 pq: 11 rg: 31 | total time: 66.17m | eta: 708.1m
step 00486/05568 (8.73%) | loss: 2.990792 | lrm: 1.00 | dt: 8287.36ms | tok/sec: 126,527 | bf16_mfu: 5.07 | epoch: 1 pq: 11 rg: 33 | total time: 66.31m | eta: 708.0m
step 00487/05568 (8.75%) | loss: 3.007019 | lrm: 1.00 | dt: 8292.14ms | tok/sec: 126,454 | bf16_mfu: 5.07 | epoch: 1 pq: 11 rg: 35 | total time: 66.45m | eta: 707.8m
step 00488/05568 (8.76%) | loss: 3.004952 | lrm: 1.00 | dt: 8296.51ms | tok/sec: 126,387 | bf16_mfu: 5.07 | epoch: 1 pq: 11 rg: 37 | total time: 66.59m | eta: 707.7m
step 00489/05568 (8.78%) | loss: 2.978783 | lrm: 1.00 | dt: 8294.43ms | tok/sec: 126,419 | bf16_mfu: 5.07 | epoch: 1 pq: 11 rg: 39 | total time: 66.73m | eta: 707.5m
step 00490/05568 (8.80%) | loss: 2.987446 | lrm: 1.00 | dt: 8307.25ms | tok/sec: 126,224 | bf16_mfu: 5.06 | epoch: 1 pq: 11 rg: 41 | total time: 66.86m | eta: 707.4m
step 00491/05568 (8.82%) | loss: 2.981762 | lrm: 1.00 | dt: 8283.81ms | tok/sec: 126,581 | bf16_mfu: 5.07 | epoch: 1 pq: 11 rg: 43 | total time: 67.00m | eta: 707.2m
step 00492/05568 (8.84%) | loss: 2.990443 | lrm: 1.00 | dt: 8294.25ms | tok/sec: 126,422 | bf16_mfu: 5.07 | epoch: 1 pq: 11 rg: 45 | total time: 67.14m | eta: 707.1m
step 00493/05568 (8.85%) | loss: 2.985236 | lrm: 1.00 | dt: 8285.40ms | tok/sec: 126,557 | bf16_mfu: 5.07 | epoch: 1 pq: 11 rg: 47 | total time: 67.28m | eta: 706.9m
step 00494/05568 (8.87%) | loss: 2.972437 | lrm: 1.00 | dt: 8296.12ms | tok/sec: 126,393 | bf16_mfu: 5.07 | epoch: 1 pq: 11 rg: 49 | total time: 67.42m | eta: 706.8m
step 00495/05568 (8.89%) | loss: 2.972770 | lrm: 1.00 | dt: 8276.56ms | tok/sec: 126,692 | bf16_mfu: 5.08 | epoch: 1 pq: 11 rg: 51 | total time: 67.55m | eta: 706.6m
step 00496/05568 (8.91%) | loss: 2.981890 | lrm: 1.00 | dt: 8278.78ms | tok/sec: 126,658 | bf16_mfu: 5.08 | epoch: 1 pq: 11 rg: 53 | total time: 67.69m | eta: 706.5m
step 00497/05568 (8.93%) | loss: 2.967722 | lrm: 1.00 | dt: 8285.96ms | tok/sec: 126,548 | bf16_mfu: 5.07 | epoch: 1 pq: 11 rg: 54 | total time: 67.83m | eta: 706.3m
step 00498/05568 (8.94%) | loss: 2.972349 | lrm: 1.00 | dt: 8284.22ms | tok/sec: 126,575 | bf16_mfu: 5.07 | epoch: 1 pq: 11 rg: 56 | total time: 67.97m | eta: 706.2m
step 00499/05568 (8.96%) | loss: 2.976614 | lrm: 1.00 | dt: 8282.76ms | tok/sec: 126,597 | bf16_mfu: 5.07 | epoch: 1 pq: 11 rg: 58 | total time: 68.11m | eta: 706.0m
Step 00500 | Validation bpb: 0.902203
Evaluating: hellaswag_zeroshot (0-shot, type: multiple_choice)... accuracy: 0.3700 | centered: 0.1600 | time: 15.11s
Evaluating: jeopardy (10-shot, type: language_modeling)... accuracy: 0.0040 | centered: 0.0040 | time: 13.61s
Evaluating: bigbench_qa_wikidata (10-shot, type: language_modeling)... accuracy: 0.1960 | centered: 0.1960 | time: 12.10s
Evaluating: arc_easy (10-shot, type: multiple_choice)... accuracy: 0.5320 | centered: 0.3760 | time: 14.04s
Evaluating: arc_challenge (10-shot, type: multiple_choice)... accuracy: 0.2720 | centered: 0.0293 | time: 15.02s
Evaluating: copa (0-shot, type: multiple_choice)... accuracy: 0.5500 | centered: 0.1000 | time: 3.19s
Evaluating: commonsense_qa (10-shot, type: multiple_choice)... accuracy: 0.3400 | centered: 0.1750 | time: 15.82s
Evaluating: piqa (10-shot, type: multiple_choice)... accuracy: 0.6520 | centered: 0.3040 | time: 15.20s
Evaluating: openbook_qa (0-shot, type: multiple_choice)... accuracy: 0.2900 | centered: 0.0533 | time: 12.51s
Evaluating: lambada_openai (0-shot, type: language_modeling)... accuracy: 0.2440 | centered: 0.2440 | time: 14.14s
Evaluating: hellaswag (10-shot, type: multiple_choice)... accuracy: 0.3480 | centered: 0.1307 | time: 15.96s
Evaluating: winograd (0-shot, type: schema)... accuracy: 0.5971 | centered: 0.1941 | time: 6.11s
Evaluating: winogrande (0-shot, type: schema)... accuracy: 0.5080 | centered: 0.0160 | time: 11.06s
Evaluating: bigbench_dyck_languages (10-shot, type: language_modeling)... accuracy: 0.1080 | centered: 0.1080 | time: 12.07s
Evaluating: agi_eval_lsat_ar (3-shot, type: multiple_choice)... accuracy: 0.2826 | centered: 0.1033 | time: 6.63s
Evaluating: bigbench_cs_algorithms (10-shot, type: language_modeling)... accuracy: 0.4420 | centered: 0.4420 | time: 12.07s
Evaluating: bigbench_operators (10-shot, type: language_modeling)... accuracy: 0.1238 | centered: 0.1238 | time: 4.94s
Evaluating: bigbench_repeat_copy_logic (10-shot, type: language_modeling)... accuracy: 0.0000 | centered: 0.0000 | time: 0.74s
Evaluating: squad (10-shot, type: language_modeling)... accuracy: 0.1520 | centered: 0.1520 | time: 14.60s
Evaluating: coqa (0-shot, type: language_modeling)... accuracy: 0.1340 | centered: 0.1340 | time: 11.87s
Evaluating: boolq (10-shot, type: multiple_choice)... accuracy: 0.4180 | centered: -0.5316 | time: 15.72s
Evaluating: bigbench_language_identification (10-shot, type: multiple_choice)... accuracy: 0.2620 | centered: 0.1881 | time: 22.23s
Step 00500 | CORE metric: 0.1228
2026-10-07 20:28:21,305 - nanochat.checkpoint_manager - [32m[1mINFO[0m - Saved model parameters to: /home/astarostin/.cache/nanochat/base_checkpoints/d24_1xh100/model_000500.pt
2026-10-07 20:28:21,306 - nanochat.checkpoint_manager - [32m[1mINFO[0m - Saved metadata to: /home/astarostin/.cache/nanochat/base_checkpoints/d24_1xh100/meta_000500.json
2026-10-07 20:28:29,910 - nanochat.checkpoint_manager - [32m[1mINFO[0m - Saved optimizer state to: /home/astarostin/.cache/nanochat/base_checkpoints/d24_1xh100/optim_000500_rank0.pt
step 00500/05568 (8.98%) | loss: 2.958372 | lrm: 1.00 | dt: 8250.84ms | tok/sec: 127,087 | bf16_mfu: 5.09 | epoch: 1 pq: 11 rg: 60 | total time: 68.24m | eta: 705.8m
step 00501/05568 (9.00%) | loss: 2.952684 | lrm: 1.00 | dt: 8290.67ms | tok/sec: 126,476 | bf16_mfu: 5.07 | epoch: 1 pq: 11 rg: 62 | total time: 68.38m | eta: 705.7m
step 00502/05568 (9.02%) | loss: 2.945943 | lrm: 1.00 | dt: 8297.43ms | tok/sec: 126,373 | bf16_mfu: 5.06 | epoch: 1 pq: 11 rg: 64 | total time: 68.52m | eta: 705.5m
step 00503/05568 (9.03%) | loss: 2.921590 | lrm: 1.00 | dt: 8309.94ms | tok/sec: 126,183 | bf16_mfu: 5.06 | epoch: 1 pq: 11 rg: 66 | total time: 68.66m | eta: 705.4m
step 00504/05568 (9.05%) | loss: 2.920508 | lrm: 1.00 | dt: 8311.81ms | tok/sec: 126,154 | bf16_mfu: 5.06 | epoch: 1 pq: 11 rg: 68 | total time: 68.80m | eta: 705.3m
step 00505/05568 (9.07%) | loss: 2.934761 | lrm: 1.00 | dt: 8353.52ms | tok/sec: 125,525 | bf16_mfu: 5.03 | epoch: 1 pq: 11 rg: 70 | total time: 68.94m | eta: 705.1m
step 00506/05568 (9.09%) | loss: 2.927477 | lrm: 1.00 | dt: 8319.60ms | tok/sec: 126,036 | bf16_mfu: 5.05 | epoch: 1 pq: 11 rg: 72 | total time: 69.08m | eta: 705.0m
step 00507/05568 (9.11%) | loss: 2.937498 | lrm: 1.00 | dt: 8317.96ms | tok/sec: 126,061 | bf16_mfu: 5.05 | epoch: 1 pq: 11 rg: 74 | total time: 69.21m | eta: 704.8m
step 00508/05568 (9.12%) | loss: 2.932935 | lrm: 1.00 | dt: 8339.85ms | tok/sec: 125,730 | bf16_mfu: 5.04 | epoch: 1 pq: 11 rg: 76 | total time: 69.35m | eta: 704.7m
step 00509/05568 (9.14%) | loss: 2.941061 | lrm: 1.00 | dt: 8329.00ms | tok/sec: 125,894 | bf16_mfu: 5.05 | epoch: 1 pq: 11 rg: 78 | total time: 69.49m | eta: 704.5m
step 00510/05568 (9.16%) | loss: 2.929148 | lrm: 1.00 | dt: 8330.18ms | tok/sec: 125,876 | bf16_mfu: 5.04 | epoch: 1 pq: 11 rg: 80 | total time: 69.63m | eta: 704.4m
step 00511/05568 (9.18%) | loss: 2.947556 | lrm: 1.00 | dt: 8335.78ms | tok/sec: 125,792 | bf16_mfu: 5.04 | epoch: 1 pq: 12 rg: 0 | total time: 69.77m | eta: 704.2m
step 00512/05568 (9.20%) | loss: 2.950860 | lrm: 1.00 | dt: 8341.28ms | tok/sec: 125,709 | bf16_mfu: 5.04 | epoch: 1 pq: 12 rg: 2 | total time: 69.91m | eta: 704.1m
step 00513/05568 (9.21%) | loss: 2.956675 | lrm: 1.00 | dt: 8321.07ms | tok/sec: 126,014 | bf16_mfu: 5.05 | epoch: 1 pq: 12 rg: 4 | total time: 70.05m | eta: 704.0m
step 00514/05568 (9.23%) | loss: 2.952666 | lrm: 1.00 | dt: 8333.53ms | tok/sec: 125,826 | bf16_mfu: 5.04 | epoch: 1 pq: 12 rg: 5 | total time: 70.19m | eta: 703.8m
step 00515/05568 (9.25%) | loss: 2.958428 | lrm: 1.00 | dt: 8323.48ms | tok/sec: 125,978 | bf16_mfu: 5.05 | epoch: 1 pq: 12 rg: 7 | total time: 70.33m | eta: 703.7m
step 00516/05568 (9.27%) | loss: 2.961861 | lrm: 1.00 | dt: 8337.48ms | tok/sec: 125,766 | bf16_mfu: 5.04 | epoch: 1 pq: 12 rg: 9 | total time: 70.46m | eta: 703.5m
step 00517/05568 (9.29%) | loss: 2.968796 | lrm: 1.00 | dt: 8334.82ms | tok/sec: 125,806 | bf16_mfu: 5.04 | epoch: 1 pq: 12 rg: 11 | total time: 70.60m | eta: 703.4m
step 00518/05568 (9.30%) | loss: 2.967238 | lrm: 1.00 | dt: 8326.52ms | tok/sec: 125,932 | bf16_mfu: 5.05 | epoch: 1 pq: 12 rg: 13 | total time: 70.74m | eta: 703.2m
step 00519/05568 (9.32%) | loss: 2.954939 | lrm: 1.00 | dt: 8337.63ms | tok/sec: 125,764 | bf16_mfu: 5.04 | epoch: 1 pq: 12 rg: 15 | total time: 70.88m | eta: 703.1m
step 00520/05568 (9.34%) | loss: 2.946278 | lrm: 1.00 | dt: 8336.98ms | tok/sec: 125,774 | bf16_mfu: 5.04 | epoch: 1 pq: 12 rg: 17 | total time: 71.02m | eta: 703.0m
step 00521/05568 (9.36%) | loss: 2.932980 | lrm: 1.00 | dt: 8328.76ms | tok/sec: 125,898 | bf16_mfu: 5.05 | epoch: 1 pq: 12 rg: 19 | total time: 71.16m | eta: 702.8m
step 00522/05568 (9.38%) | loss: 2.928788 | lrm: 1.00 | dt: 8357.87ms | tok/sec: 125,459 | bf16_mfu: 5.03 | epoch: 1 pq: 12 rg: 21 | total time: 71.30m | eta: 702.7m
step 00523/05568 (9.39%) | loss: 2.919680 | lrm: 1.00 | dt: 8321.72ms | tok/sec: 126,004 | bf16_mfu: 5.05 | epoch: 1 pq: 12 rg: 23 | total time: 71.44m | eta: 702.5m
step 00524/05568 (9.41%) | loss: 2.947153 | lrm: 1.00 | dt: 8330.86ms | tok/sec: 125,866 | bf16_mfu: 5.04 | epoch: 1 pq: 12 rg: 25 | total time: 71.58m | eta: 702.4m
step 00525/05568 (9.43%) | loss: 2.923593 | lrm: 1.00 | dt: 8331.30ms | tok/sec: 125,859 | bf16_mfu: 5.04 | epoch: 1 pq: 12 rg: 27 | total time: 71.71m | eta: 702.2m
step 00526/05568 (9.45%) | loss: 2.913232 | lrm: 1.00 | dt: 8365.43ms | tok/sec: 125,346 | bf16_mfu: 5.02 | epoch: 1 pq: 12 rg: 28 | total time: 71.85m | eta: 702.1m
step 00527/05568 (9.46%) | loss: 2.898960 | lrm: 1.00 | dt: 8326.78ms | tok/sec: 125,928 | bf16_mfu: 5.05 | epoch: 1 pq: 12 rg: 30 | total time: 71.99m | eta: 702.0m
step 00528/05568 (9.48%) | loss: 2.926223 | lrm: 1.00 | dt: 8330.76ms | tok/sec: 125,868 | bf16_mfu: 5.04 | epoch: 1 pq: 12 rg: 32 | total time: 72.13m | eta: 701.8m
step 00529/05568 (9.50%) | loss: 2.935449 | lrm: 1.00 | dt: 8337.54ms | tok/sec: 125,765 | bf16_mfu: 5.04 | epoch: 1 pq: 12 rg: 34 | total time: 72.27m | eta: 701.7m
step 00530/05568 (9.52%) | loss: 2.959751 | lrm: 1.00 | dt: 8339.66ms | tok/sec: 125,733 | bf16_mfu: 5.04 | epoch: 1 pq: 12 rg: 36 | total time: 72.41m | eta: 701.5m
step 00531/05568 (9.54%) | loss: 2.949141 | lrm: 1.00 | dt: 8338.55ms | tok/sec: 125,750 | bf16_mfu: 5.04 | epoch: 1 pq: 12 rg: 38 | total time: 72.55m | eta: 701.4m
step 00532/05568 (9.55%) | loss: 2.936059 | lrm: 1.00 | dt: 8340.56ms | tok/sec: 125,720 | bf16_mfu: 5.04 | epoch: 1 pq: 12 rg: 40 | total time: 72.69m | eta: 701.3m
step 00533/05568 (9.57%) | loss: 2.920045 | lrm: 1.00 | dt: 8327.58ms | tok/sec: 125,916 | bf16_mfu: 5.05 | epoch: 1 pq: 12 rg: 42 | total time: 72.83m | eta: 701.1m
step 00534/05568 (9.59%) | loss: 2.929928 | lrm: 1.00 | dt: 8331.14ms | tok/sec: 125,862 | bf16_mfu: 5.04 | epoch: 1 pq: 12 rg: 44 | total time: 72.97m | eta: 701.0m
step 00535/05568 (9.61%) | loss: 2.928240 | lrm: 1.00 | dt: 8340.47ms | tok/sec: 125,721 | bf16_mfu: 5.04 | epoch: 1 pq: 12 rg: 46 | total time: 73.10m | eta: 700.8m
step 00536/05568 (9.63%) | loss: 2.932876 | lrm: 1.00 | dt: 8335.07ms | tok/sec: 125,802 | bf16_mfu: 5.04 | epoch: 1 pq: 12 rg: 48 | total time: 73.24m | eta: 700.7m
step 00537/05568 (9.64%) | loss: 2.919052 | lrm: 1.00 | dt: 8338.23ms | tok/sec: 125,755 | bf16_mfu: 5.04 | epoch: 1 pq: 12 rg: 50 | total time: 73.38m | eta: 700.5m
step 00538/05568 (9.66%) | loss: 2.923830 | lrm: 1.00 | dt: 8338.76ms | tok/sec: 125,747 | bf16_mfu: 5.04 | epoch: 1 pq: 12 rg: 52 | total time: 73.52m | eta: 700.4m
step 00539/05568 (9.68%) | loss: 2.921685 | lrm: 1.00 | dt: 8339.79ms | tok/sec: 125,731 | bf16_mfu: 5.04 | epoch: 1 pq: 12 rg: 54 | total time: 73.66m | eta: 700.3m
step 00540/05568 (9.70%) | loss: 2.932706 | lrm: 1.00 | dt: 8319.11ms | tok/sec: 126,044 | bf16_mfu: 5.05 | epoch: 1 pq: 12 rg: 55 | total time: 73.80m | eta: 700.1m
step 00541/05568 (9.72%) | loss: 2.937557 | lrm: 1.00 | dt: 8328.35ms | tok/sec: 125,904 | bf16_mfu: 5.05 | epoch: 1 pq: 12 rg: 57 | total time: 73.94m | eta: 700.0m
step 00542/05568 (9.73%) | loss: 2.930039 | lrm: 1.00 | dt: 8342.92ms | tok/sec: 125,684 | bf16_mfu: 5.04 | epoch: 1 pq: 12 rg: 59 | total time: 74.08m | eta: 699.8m
step 00543/05568 (9.75%) | loss: 2.946214 | lrm: 1.00 | dt: 8335.05ms | tok/sec: 125,803 | bf16_mfu: 5.04 | epoch: 1 pq: 12 rg: 61 | total time: 74.22m | eta: 699.7m
step 00544/05568 (9.77%) | loss: 2.933780 | lrm: 1.00 | dt: 8330.46ms | tok/sec: 125,872 | bf16_mfu: 5.04 | epoch: 1 pq: 12 rg: 63 | total time: 74.35m | eta: 699.5m
step 00545/05568 (9.79%) | loss: 2.928422 | lrm: 1.00 | dt: 8328.47ms | tok/sec: 125,902 | bf16_mfu: 5.05 | epoch: 1 pq: 12 rg: 65 | total time: 74.49m | eta: 699.4m
step 00546/05568 (9.81%) | loss: 2.945537 | lrm: 1.00 | dt: 8344.28ms | tok/sec: 125,664 | bf16_mfu: 5.04 | epoch: 1 pq: 12 rg: 67 | total time: 74.63m | eta: 699.3m
step 00547/05568 (9.82%) | loss: 2.944608 | lrm: 1.00 | dt: 8340.54ms | tok/sec: 125,720 | bf16_mfu: 5.04 | epoch: 1 pq: 12 rg: 69 | total time: 74.77m | eta: 699.1m
step 00548/05568 (9.84%) | loss: 2.935827 | lrm: 1.00 | dt: 8318.52ms | tok/sec: 126,053 | bf16_mfu: 5.05 | epoch: 1 pq: 12 rg: 71 | total time: 74.91m | eta: 699.0m
step 00549/05568 (9.86%) | loss: 2.937287 | lrm: 1.00 | dt: 8328.92ms | tok/sec: 125,895 | bf16_mfu: 5.05 | epoch: 1 pq: 12 rg: 73 | total time: 75.05m | eta: 698.8m
step 00550/05568 (9.88%) | loss: 2.940099 | lrm: 1.00 | dt: 8332.60ms | tok/sec: 125,840 | bf16_mfu: 5.04 | epoch: 1 pq: 12 rg: 75 | total time: 75.19m | eta: 698.7m
step 00551/05568 (9.90%) | loss: 2.959092 | lrm: 1.00 | dt: 8328.10ms | tok/sec: 125,908 | bf16_mfu: 5.05 | epoch: 1 pq: 12 rg: 77 | total time: 75.33m | eta: 698.5m
step 00552/05568 (9.91%) | loss: 2.963492 | lrm: 1.00 | dt: 8327.89ms | tok/sec: 125,911 | bf16_mfu: 5.05 | epoch: 1 pq: 12 rg: 79 | total time: 75.47m | eta: 698.4m
step 00553/05568 (9.93%) | loss: 2.977128 | lrm: 1.00 | dt: 8322.49ms | tok/sec: 125,993 | bf16_mfu: 5.05 | epoch: 1 pq: 12 rg: 81 | total time: 75.60m | eta: 698.3m
step 00554/05568 (9.95%) | loss: 2.979586 | lrm: 1.00 | dt: 8332.66ms | tok/sec: 125,839 | bf16_mfu: 5.04 | epoch: 1 pq: 13 rg: 1 | total time: 75.74m | eta: 698.1m
step 00555/05568 (9.97%) | loss: 2.960683 | lrm: 1.00 | dt: 8335.24ms | tok/sec: 125,800 | bf16_mfu: 5.04 | epoch: 1 pq: 13 rg: 3 | total time: 75.88m | eta: 698.0m
step 00556/05568 (9.99%) | loss: 2.962549 | lrm: 1.00 | dt: 8326.59ms | tok/sec: 125,931 | bf16_mfu: 5.05 | epoch: 1 pq: 13 rg: 5 | total time: 76.02m | eta: 697.8m
step 00557/05568 (10.00%) | loss: 2.963856 | lrm: 1.00 | dt: 8321.25ms | tok/sec: 126,011 | bf16_mfu: 5.05 | epoch: 1 pq: 13 rg: 7 | total time: 76.16m | eta: 697.7m
step 00558/05568 (10.02%) | loss: 2.938709 | lrm: 1.00 | dt: 8328.73ms | tok/sec: 125,898 | bf16_mfu: 5.05 | epoch: 1 pq: 13 rg: 8 | total time: 76.30m | eta: 697.5m
step 00559/05568 (10.04%) | loss: 2.917741 | lrm: 1.00 | dt: 8339.23ms | tok/sec: 125,740 | bf16_mfu: 5.04 | epoch: 1 pq: 13 rg: 10 | total time: 76.44m | eta: 697.4m
step 00560/05568 (10.06%) | loss: 2.918781 | lrm: 1.00 | dt: 8326.39ms | tok/sec: 125,934 | bf16_mfu: 5.05 | epoch: 1 pq: 13 rg: 12 | total time: 76.58m | eta: 697.3m
step 00561/05568 (10.08%) | loss: 2.912147 | lrm: 1.00 | dt: 8339.72ms | tok/sec: 125,732 | bf16_mfu: 5.04 | epoch: 1 pq: 13 rg: 14 | total time: 76.71m | eta: 697.1m
step 00562/05568 (10.09%) | loss: 2.893995 | lrm: 1.00 | dt: 8328.49ms | tok/sec: 125,902 | bf16_mfu: 5.05 | epoch: 1 pq: 13 rg: 16 | total time: 76.85m | eta: 697.0m
step 00563/05568 (10.11%) | loss: 2.895508 | lrm: 1.00 | dt: 8331.83ms | tok/sec: 125,851 | bf16_mfu: 5.04 | epoch: 1 pq: 13 rg: 18 | total time: 76.99m | eta: 696.8m
step 00564/05568 (10.13%) | loss: 2.878156 | lrm: 1.00 | dt: 8345.78ms | tok/sec: 125,641 | bf16_mfu: 5.04 | epoch: 1 pq: 13 rg: 20 | total time: 77.13m | eta: 696.7m
step 00565/05568 (10.15%) | loss: 2.887867 | lrm: 1.00 | dt: 8326.35ms | tok/sec: 125,934 | bf16_mfu: 5.05 | epoch: 1 pq: 13 rg: 22 | total time: 77.27m | eta: 696.5m
step 00566/05568 (10.17%) | loss: 2.892700 | lrm: 1.00 | dt: 8323.59ms | tok/sec: 125,976 | bf16_mfu: 5.05 | epoch: 1 pq: 13 rg: 24 | total time: 77.41m | eta: 696.4m
step 00567/05568 (10.18%) | loss: 2.888745 | lrm: 1.00 | dt: 8352.70ms | tok/sec: 125,537 | bf16_mfu: 5.03 | epoch: 1 pq: 13 rg: 26 | total time: 77.55m | eta: 696.3m
step 00568/05568 (10.20%) | loss: 2.885148 | lrm: 1.00 | dt: 8325.37ms | tok/sec: 125,949 | bf16_mfu: 5.05 | epoch: 1 pq: 13 rg: 28 | total time: 77.69m | eta: 696.1m
step 00569/05568 (10.22%) | loss: 2.892367 | lrm: 1.00 | dt: 8312.10ms | tok/sec: 126,150 | bf16_mfu: 5.06 | epoch: 1 pq: 13 rg: 30 | total time: 77.83m | eta: 696.0m
step 00570/05568 (10.24%) | loss: 2.883279 | lrm: 1.00 | dt: 8324.52ms | tok/sec: 125,962 | bf16_mfu: 5.05 | epoch: 1 pq: 13 rg: 32 | total time: 77.96m | eta: 695.8m
step 00571/05568 (10.26%) | loss: 2.876511 | lrm: 1.00 | dt: 8323.03ms | tok/sec: 125,984 | bf16_mfu: 5.05 | epoch: 1 pq: 13 rg: 34 | total time: 78.10m | eta: 695.7m
step 00572/05568 (10.27%) | loss: 2.872124 | lrm: 1.00 | dt: 8323.45ms | tok/sec: 125,978 | bf16_mfu: 5.05 | epoch: 1 pq: 13 rg: 36 | total time: 78.24m | eta: 695.5m
step 00573/05568 (10.29%) | loss: 2.881502 | lrm: 1.00 | dt: 8324.62ms | tok/sec: 125,960 | bf16_mfu: 5.05 | epoch: 1 pq: 13 rg: 37 | total time: 78.38m | eta: 695.4m
step 00574/05568 (10.31%) | loss: 2.880558 | lrm: 1.00 | dt: 8344.44ms | tok/sec: 125,661 | bf16_mfu: 5.04 | epoch: 1 pq: 13 rg: 39 | total time: 78.52m | eta: 695.3m
step 00575/05568 (10.33%) | loss: 2.874261 | lrm: 1.00 | dt: 8339.51ms | tok/sec: 125,735 | bf16_mfu: 5.04 | epoch: 1 pq: 13 rg: 41 | total time: 78.66m | eta: 695.1m
step 00576/05568 (10.34%) | loss: 2.904695 | lrm: 1.00 | dt: 8330.60ms | tok/sec: 125,870 | bf16_mfu: 5.04 | epoch: 1 pq: 13 rg: 43 | total time: 78.80m | eta: 695.0m
step 00577/05568 (10.36%) | loss: 2.906886 | lrm: 1.00 | dt: 8325.02ms | tok/sec: 125,954 | bf16_mfu: 5.05 | epoch: 1 pq: 13 rg: 45 | total time: 78.94m | eta: 694.8m
step 00578/05568 (10.38%) | loss: 2.906360 | lrm: 1.00 | dt: 8334.55ms | tok/sec: 125,810 | bf16_mfu: 5.04 | epoch: 1 pq: 13 rg: 47 | total time: 79.08m | eta: 694.7m
step 00579/05568 (10.40%) | loss: 2.920633 | lrm: 1.00 | dt: 8321.35ms | tok/sec: 126,010 | bf16_mfu: 5.05 | epoch: 1 pq: 13 rg: 49 | total time: 79.21m | eta: 694.5m
step 00580/05568 (10.42%) | loss: 2.913084 | lrm: 1.00 | dt: 8338.80ms | tok/sec: 125,746 | bf16_mfu: 5.04 | epoch: 1 pq: 13 rg: 51 | total time: 79.35m | eta: 694.4m
step 00581/05568 (10.43%) | loss: 2.908672 | lrm: 1.00 | dt: 8339.72ms | tok/sec: 125,732 | bf16_mfu: 5.04 | epoch: 1 pq: 13 rg: 53 | total time: 79.49m | eta: 694.3m
step 00582/05568 (10.45%) | loss: 2.901296 | lrm: 1.00 | dt: 8324.01ms | tok/sec: 125,970 | bf16_mfu: 5.05 | epoch: 1 pq: 13 rg: 55 | total time: 79.63m | eta: 694.1m
step 00583/05568 (10.47%) | loss: 2.885381 | lrm: 1.00 | dt: 8327.51ms | tok/sec: 125,917 | bf16_mfu: 5.05 | epoch: 1 pq: 13 rg: 57 | total time: 79.77m | eta: 694.0m
step 00584/05568 (10.49%) | loss: 2.910172 | lrm: 1.00 | dt: 8327.53ms | tok/sec: 125,916 | bf16_mfu: 5.05 | epoch: 1 pq: 13 rg: 59 | total time: 79.91m | eta: 693.8m
step 00585/05568 (10.51%) | loss: 2.894573 | lrm: 1.00 | dt: 8321.57ms | tok/sec: 126,006 | bf16_mfu: 5.05 | epoch: 1 pq: 13 rg: 61 | total time: 80.05m | eta: 693.7m
step 00586/05568 (10.52%) | loss: 2.916452 | lrm: 1.00 | dt: 8320.41ms | tok/sec: 126,024 | bf16_mfu: 5.05 | epoch: 1 pq: 13 rg: 63 | total time: 80.19m | eta: 693.5m
step 00587/05568 (10.54%) | loss: 2.925189 | lrm: 1.00 | dt: 8317.92ms | tok/sec: 126,062 | bf16_mfu: 5.05 | epoch: 1 pq: 13 rg: 65 | total time: 80.32m | eta: 693.4m
step 00588/05568 (10.56%) | loss: 2.921656 | lrm: 1.00 | dt: 8326.08ms | tok/sec: 125,938 | bf16_mfu: 5.05 | epoch: 1 pq: 13 rg: 67 | total time: 80.46m | eta: 693.3m
step 00589/05568 (10.58%) | loss: 2.927510 | lrm: 1.00 | dt: 8331.36ms | tok/sec: 125,858 | bf16_mfu: 5.04 | epoch: 1 pq: 13 rg: 69 | total time: 80.60m | eta: 693.1m
step 00590/05568 (10.60%) | loss: 2.920438 | lrm: 1.00 | dt: 8319.12ms | tok/sec: 126,044 | bf16_mfu: 5.05 | epoch: 1 pq: 13 rg: 71 | total time: 80.74m | eta: 693.0m
step 00591/05568 (10.61%) | loss: 2.907809 | lrm: 1.00 | dt: 8328.29ms | tok/sec: 125,905 | bf16_mfu: 5.05 | epoch: 1 pq: 13 rg: 73 | total time: 80.88m | eta: 692.8m
step 00592/05568 (10.63%) | loss: 2.926387 | lrm: 1.00 | dt: 8334.41ms | tok/sec: 125,812 | bf16_mfu: 5.04 | epoch: 1 pq: 13 rg: 74 | total time: 81.02m | eta: 692.7m
step 00593/05568 (10.65%) | loss: 2.929706 | lrm: 1.00 | dt: 8329.86ms | tok/sec: 125,881 | bf16_mfu: 5.05 | epoch: 1 pq: 13 rg: 76 | total time: 81.16m | eta: 692.5m
step 00594/05568 (10.67%) | loss: 2.931541 | lrm: 1.00 | dt: 8322.61ms | tok/sec: 125,991 | bf16_mfu: 5.05 | epoch: 1 pq: 13 rg: 78 | total time: 81.30m | eta: 692.4m
step 00595/05568 (10.69%) | loss: 2.931463 | lrm: 1.00 | dt: 8318.25ms | tok/sec: 126,057 | bf16_mfu: 5.05 | epoch: 1 pq: 13 rg: 80 | total time: 81.43m | eta: 692.3m
step 00596/05568 (10.70%) | loss: 2.941648 | lrm: 1.00 | dt: 8335.66ms | tok/sec: 125,794 | bf16_mfu: 5.04 | epoch: 1 pq: 13 rg: 82 | total time: 81.57m | eta: 692.1m
step 00597/05568 (10.72%) | loss: 2.922025 | lrm: 1.00 | dt: 8322.07ms | tok/sec: 125,999 | bf16_mfu: 5.05 | epoch: 1 pq: 14 rg: 1 | total time: 81.71m | eta: 692.0m
step 00598/05568 (10.74%) | loss: 2.921469 | lrm: 1.00 | dt: 8325.46ms | tok/sec: 125,948 | bf16_mfu: 5.05 | epoch: 1 pq: 14 rg: 3 | total time: 81.85m | eta: 691.8m
step 00599/05568 (10.76%) | loss: 2.911100 | lrm: 1.00 | dt: 8341.40ms | tok/sec: 125,707 | bf16_mfu: 5.04 | epoch: 1 pq: 14 rg: 5 | total time: 81.99m | eta: 691.7m
step 00600/05568 (10.78%) | loss: 2.886918 | lrm: 1.00 | dt: 8322.90ms | tok/sec: 125,986 | bf16_mfu: 5.05 | epoch: 1 pq: 14 rg: 7 | total time: 82.13m | eta: 691.5m
step 00601/05568 (10.79%) | loss: 2.896143 | lrm: 1.00 | dt: 8327.21ms | tok/sec: 125,921 | bf16_mfu: 5.05 | epoch: 1 pq: 14 rg: 9 | total time: 82.27m | eta: 691.4m
step 00602/05568 (10.81%) | loss: 2.882582 | lrm: 1.00 | dt: 8320.92ms | tok/sec: 126,016 | bf16_mfu: 5.05 | epoch: 1 pq: 14 rg: 11 | total time: 82.41m | eta: 691.3m
step 00603/05568 (10.83%) | loss: 2.893099 | lrm: 1.00 | dt: 8317.11ms | tok/sec: 126,074 | bf16_mfu: 5.05 | epoch: 1 pq: 14 rg: 13 | total time: 82.54m | eta: 691.1m
step 00604/05568 (10.85%) | loss: 2.905150 | lrm: 1.00 | dt: 8330.60ms | tok/sec: 125,870 | bf16_mfu: 5.04 | epoch: 1 pq: 14 rg: 15 | total time: 82.68m | eta: 691.0m
step 00605/05568 (10.87%) | loss: 2.894289 | lrm: 1.00 | dt: 8327.77ms | tok/sec: 125,913 | bf16_mfu: 5.05 | epoch: 1 pq: 14 rg: 17 | total time: 82.82m | eta: 690.8m
step 00606/05568 (10.88%) | loss: 2.881279 | lrm: 1.00 | dt: 8315.44ms | tok/sec: 126,099 | bf16_mfu: 5.05 | epoch: 1 pq: 14 rg: 19 | total time: 82.96m | eta: 690.7m
step 00607/05568 (10.90%) | loss: 2.876638 | lrm: 1.00 | dt: 8337.46ms | tok/sec: 125,766 | bf16_mfu: 5.04 | epoch: 1 pq: 14 rg: 21 | total time: 83.10m | eta: 690.5m
step 00608/05568 (10.92%) | loss: 2.880066 | lrm: 1.00 | dt: 8331.80ms | tok/sec: 125,852 | bf16_mfu: 5.04 | epoch: 1 pq: 14 rg: 23 | total time: 83.24m | eta: 690.4m
step 00609/05568 (10.94%) | loss: 2.868107 | lrm: 1.00 | dt: 8332.99ms | tok/sec: 125,834 | bf16_mfu: 5.04 | epoch: 1 pq: 14 rg: 25 | total time: 83.38m | eta: 690.3m
step 00610/05568 (10.96%) | loss: 2.885544 | lrm: 1.00 | dt: 8328.40ms | tok/sec: 125,903 | bf16_mfu: 5.05 | epoch: 1 pq: 14 rg: 26 | total time: 83.52m | eta: 690.1m
step 00611/05568 (10.97%) | loss: 2.889250 | lrm: 1.00 | dt: 8319.75ms | tok/sec: 126,034 | bf16_mfu: 5.05 | epoch: 1 pq: 14 rg: 28 | total time: 83.65m | eta: 690.0m
step 00612/05568 (10.99%) | loss: 2.885790 | lrm: 1.00 | dt: 8323.36ms | tok/sec: 125,979 | bf16_mfu: 5.05 | epoch: 1 pq: 14 rg: 30 | total time: 83.79m | eta: 689.8m
step 00613/05568 (11.01%) | loss: 2.907351 | lrm: 1.00 | dt: 8318.84ms | tok/sec: 126,048 | bf16_mfu: 5.05 | epoch: 1 pq: 14 rg: 32 | total time: 83.93m | eta: 689.7m
step 00614/05568 (11.03%) | loss: 2.895943 | lrm: 1.00 | dt: 8330.38ms | tok/sec: 125,873 | bf16_mfu: 5.04 | epoch: 1 pq: 14 rg: 34 | total time: 84.07m | eta: 689.5m
step 00615/05568 (11.05%) | loss: 2.913506 | lrm: 1.00 | dt: 8329.85ms | tok/sec: 125,881 | bf16_mfu: 5.05 | epoch: 1 pq: 14 rg: 36 | total time: 84.21m | eta: 689.4m
step 00616/05568 (11.06%) | loss: 2.898570 | lrm: 1.00 | dt: 8336.06ms | tok/sec: 125,788 | bf16_mfu: 5.04 | epoch: 1 pq: 14 rg: 38 | total time: 84.35m | eta: 689.3m
step 00617/05568 (11.08%) | loss: 2.897482 | lrm: 1.00 | dt: 8358.37ms | tok/sec: 125,452 | bf16_mfu: 5.03 | epoch: 1 pq: 14 rg: 40 | total time: 84.49m | eta: 689.1m
step 00618/05568 (11.10%) | loss: 2.887997 | lrm: 1.00 | dt: 8323.60ms | tok/sec: 125,976 | bf16_mfu: 5.05 | epoch: 1 pq: 14 rg: 42 | total time: 84.63m | eta: 689.0m
step 00619/05568 (11.12%) | loss: 2.901566 | lrm: 1.00 | dt: 8318.82ms | tok/sec: 126,048 | bf16_mfu: 5.05 | epoch: 1 pq: 14 rg: 44 | total time: 84.77m | eta: 688.8m
step 00620/05568 (11.14%) | loss: 2.892683 | lrm: 1.00 | dt: 8322.28ms | tok/sec: 125,996 | bf16_mfu: 5.05 | epoch: 1 pq: 14 rg: 46 | total time: 84.90m | eta: 688.7m
step 00621/05568 (11.15%) | loss: 2.867174 | lrm: 1.00 | dt: 8321.58ms | tok/sec: 126,006 | bf16_mfu: 5.05 | epoch: 1 pq: 14 rg: 48 | total time: 85.04m | eta: 688.6m
step 00622/05568 (11.17%) | loss: 2.866150 | lrm: 1.00 | dt: 8331.32ms | tok/sec: 125,859 | bf16_mfu: 5.04 | epoch: 1 pq: 14 rg: 50 | total time: 85.18m | eta: 688.4m
step 00623/05568 (11.19%) | loss: 2.868746 | lrm: 1.00 | dt: 8403.66ms | tok/sec: 124,776 | bf16_mfu: 5.00 | epoch: 1 pq: 14 rg: 52 | total time: 85.32m | eta: 688.3m
step 00624/05568 (11.21%) | loss: 2.856855 | lrm: 1.00 | dt: 8266.52ms | tok/sec: 126,846 | bf16_mfu: 5.08 | epoch: 1 pq: 14 rg: 54 | total time: 85.46m | eta: 688.1m
step 00625/05568 (11.22%) | loss: 2.853584 | lrm: 1.00 | dt: 8281.97ms | tok/sec: 126,609 | bf16_mfu: 5.07 | epoch: 1 pq: 14 rg: 56 | total time: 85.60m | eta: 688.0m
step 00626/05568 (11.24%) | loss: 2.830444 | lrm: 1.00 | dt: 8276.30ms | tok/sec: 126,696 | bf16_mfu: 5.08 | epoch: 1 pq: 14 rg: 57 | total time: 85.74m | eta: 687.8m
step 00627/05568 (11.26%) | loss: 2.825653 | lrm: 1.00 | dt: 8284.66ms | tok/sec: 126,568 | bf16_mfu: 5.07 | epoch: 1 pq: 14 rg: 59 | total time: 85.87m | eta: 687.7m
step 00628/05568 (11.28%) | loss: 2.816976 | lrm: 1.00 | dt: 8267.90ms | tok/sec: 126,824 | bf16_mfu: 5.08 | epoch: 1 pq: 14 rg: 61 | total time: 86.01m | eta: 687.5m
step 00629/05568 (11.30%) | loss: 2.818579 | lrm: 1.00 | dt: 8270.22ms | tok/sec: 126,789 | bf16_mfu: 5.08 | epoch: 1 pq: 14 rg: 63 | total time: 86.15m | eta: 687.4m
step 00630/05568 (11.31%) | loss: 2.814150 | lrm: 1.00 | dt: 8280.49ms | tok/sec: 126,632 | bf16_mfu: 5.08 | epoch: 1 pq: 14 rg: 65 | total time: 86.29m | eta: 687.2m
step 00631/05568 (11.33%) | loss: 2.830981 | lrm: 1.00 | dt: 8275.43ms | tok/sec: 126,709 | bf16_mfu: 5.08 | epoch: 1 pq: 14 rg: 67 | total time: 86.43m | eta: 687.1m
step 00632/05568 (11.35%) | loss: 2.830665 | lrm: 1.00 | dt: 8272.62ms | tok/sec: 126,752 | bf16_mfu: 5.08 | epoch: 1 pq: 14 rg: 69 | total time: 86.56m | eta: 686.9m
step 00633/05568 (11.37%) | loss: 2.834345 | lrm: 1.00 | dt: 8283.27ms | tok/sec: 126,589 | bf16_mfu: 5.07 | epoch: 1 pq: 14 rg: 71 | total time: 86.70m | eta: 686.8m
step 00634/05568 (11.39%) | loss: 2.820935 | lrm: 1.00 | dt: 8274.12ms | tok/sec: 126,729 | bf16_mfu: 5.08 | epoch: 1 pq: 14 rg: 73 | total time: 86.84m | eta: 686.6m
step 00635/05568 (11.40%) | loss: 2.829435 | lrm: 1.00 | dt: 8271.77ms | tok/sec: 126,765 | bf16_mfu: 5.08 | epoch: 1 pq: 14 rg: 75 | total time: 86.98m | eta: 686.5m
step 00636/05568 (11.42%) | loss: 2.843289 | lrm: 1.00 | dt: 8262.45ms | tok/sec: 126,908 | bf16_mfu: 5.09 | epoch: 1 pq: 14 rg: 77 | total time: 87.11m | eta: 686.3m
step 00637/05568 (11.44%) | loss: 2.853184 | lrm: 1.00 | dt: 8271.30ms | tok/sec: 126,772 | bf16_mfu: 5.08 | epoch: 1 pq: 14 rg: 79 | total time: 87.25m | eta: 686.2m
step 00638/05568 (11.46%) | loss: 2.845466 | lrm: 1.00 | dt: 8271.82ms | tok/sec: 126,764 | bf16_mfu: 5.08 | epoch: 1 pq: 14 rg: 81 | total time: 87.39m | eta: 686.0m
step 00639/05568 (11.48%) | loss: 2.848641 | lrm: 1.00 | dt: 8277.99ms | tok/sec: 126,670 | bf16_mfu: 5.08 | epoch: 1 pq: 15 rg: 0 | total time: 87.53m | eta: 685.9m
step 00640/05568 (11.49%) | loss: 2.851661 | lrm: 1.00 | dt: 8266.39ms | tok/sec: 126,848 | bf16_mfu: 5.08 | epoch: 1 pq: 15 rg: 2 | total time: 87.67m | eta: 685.7m
step 00641/05568 (11.51%) | loss: 2.854797 | lrm: 1.00 | dt: 8273.59ms | tok/sec: 126,737 | bf16_mfu: 5.08 | epoch: 1 pq: 15 rg: 4 | total time: 87.80m | eta: 685.6m
step 00642/05568 (11.53%) | loss: 2.836997 | lrm: 1.00 | dt: 8285.62ms | tok/sec: 126,553 | bf16_mfu: 5.07 | epoch: 1 pq: 15 rg: 6 | total time: 87.94m | eta: 685.4m
step 00643/05568 (11.55%) | loss: 2.839070 | lrm: 1.00 | dt: 8260.51ms | tok/sec: 126,938 | bf16_mfu: 5.09 | epoch: 1 pq: 15 rg: 8 | total time: 88.08m | eta: 685.3m
step 00644/05568 (11.57%) | loss: 2.841661 | lrm: 1.00 | dt: 8268.26ms | tok/sec: 126,819 | bf16_mfu: 5.08 | epoch: 1 pq: 15 rg: 9 | total time: 88.22m | eta: 685.1m
step 00645/05568 (11.58%) | loss: 2.841225 | lrm: 1.00 | dt: 8276.11ms | tok/sec: 126,699 | bf16_mfu: 5.08 | epoch: 1 pq: 15 rg: 11 | total time: 88.36m | eta: 685.0m
step 00646/05568 (11.60%) | loss: 2.835145 | lrm: 1.00 | dt: 8262.71ms | tok/sec: 126,904 | bf16_mfu: 5.09 | epoch: 1 pq: 15 rg: 13 | total time: 88.49m | eta: 684.8m
step 00647/05568 (11.62%) | loss: 2.847220 | lrm: 1.00 | dt: 8272.08ms | tok/sec: 126,760 | bf16_mfu: 5.08 | epoch: 1 pq: 15 rg: 15 | total time: 88.63m | eta: 684.7m
step 00648/05568 (11.64%) | loss: 2.840136 | lrm: 1.00 | dt: 8267.94ms | tok/sec: 126,824 | bf16_mfu: 5.08 | epoch: 1 pq: 15 rg: 17 | total time: 88.77m | eta: 684.5m
step 00649/05568 (11.66%) | loss: 2.841081 | lrm: 1.00 | dt: 8272.04ms | tok/sec: 126,761 | bf16_mfu: 5.08 | epoch: 1 pq: 15 rg: 19 | total time: 88.91m | eta: 684.4m
step 00650/05568 (11.67%) | loss: 2.842479 | lrm: 1.00 | dt: 8263.32ms | tok/sec: 126,895 | bf16_mfu: 5.09 | epoch: 1 pq: 15 rg: 21 | total time: 89.04m | eta: 684.3m
step 00651/05568 (11.69%) | loss: 2.826246 | lrm: 1.00 | dt: 8274.23ms | tok/sec: 126,727 | bf16_mfu: 5.08 | epoch: 1 pq: 15 rg: 23 | total time: 89.18m | eta: 684.1m
step 00652/05568 (11.71%) | loss: 2.830762 | lrm: 1.00 | dt: 8276.68ms | tok/sec: 126,690 | bf16_mfu: 5.08 | epoch: 1 pq: 15 rg: 25 | total time: 89.32m | eta: 684.0m
step 00653/05568 (11.73%) | loss: 2.841765 | lrm: 1.00 | dt: 8267.64ms | tok/sec: 126,828 | bf16_mfu: 5.08 | epoch: 1 pq: 15 rg: 27 | total time: 89.46m | eta: 683.8m
step 00654/05568 (11.75%) | loss: 2.840754 | lrm: 1.00 | dt: 8274.03ms | tok/sec: 126,731 | bf16_mfu: 5.08 | epoch: 1 pq: 15 rg: 29 | total time: 89.60m | eta: 683.7m
step 00655/05568 (11.76%) | loss: 2.834635 | lrm: 1.00 | dt: 8281.12ms | tok/sec: 126,622 | bf16_mfu: 5.07 | epoch: 1 pq: 15 rg: 31 | total time: 89.73m | eta: 683.5m
step 00656/05568 (11.78%) | loss: 2.842199 | lrm: 1.00 | dt: 8273.06ms | tok/sec: 126,745 | bf16_mfu: 5.08 | epoch: 1 pq: 15 rg: 33 | total time: 89.87m | eta: 683.4m
step 00657/05568 (11.80%) | loss: 2.831542 | lrm: 1.00 | dt: 8262.11ms | tok/sec: 126,913 | bf16_mfu: 5.09 | epoch: 1 pq: 15 rg: 35 | total time: 90.01m | eta: 683.2m
step 00658/05568 (11.82%) | loss: 2.839376 | lrm: 1.00 | dt: 8273.67ms | tok/sec: 126,736 | bf16_mfu: 5.08 | epoch: 1 pq: 15 rg: 37 | total time: 90.15m | eta: 683.1m
step 00659/05568 (11.84%) | loss: 2.849065 | lrm: 1.00 | dt: 8273.68ms | tok/sec: 126,736 | bf16_mfu: 5.08 | epoch: 1 pq: 15 rg: 39 | total time: 90.29m | eta: 682.9m
step 00660/05568 (11.85%) | loss: 2.862277 | lrm: 1.00 | dt: 8280.04ms | tok/sec: 126,639 | bf16_mfu: 5.08 | epoch: 1 pq: 15 rg: 40 | total time: 90.42m | eta: 682.8m
step 00661/05568 (11.87%) | loss: 2.877734 | lrm: 1.00 | dt: 8266.27ms | tok/sec: 126,849 | bf16_mfu: 5.08 | epoch: 1 pq: 15 rg: 42 | total time: 90.56m | eta: 682.6m
step 00662/05568 (11.89%) | loss: 2.869071 | lrm: 1.00 | dt: 8267.26ms | tok/sec: 126,834 | bf16_mfu: 5.08 | epoch: 1 pq: 15 rg: 44 | total time: 90.70m | eta: 682.5m
step 00663/05568 (11.91%) | loss: 2.885496 | lrm: 1.00 | dt: 8265.32ms | tok/sec: 126,864 | bf16_mfu: 5.08 | epoch: 1 pq: 15 rg: 46 | total time: 90.84m | eta: 682.3m
step 00664/05568 (11.93%) | loss: 2.878015 | lrm: 1.00 | dt: 8268.70ms | tok/sec: 126,812 | bf16_mfu: 5.08 | epoch: 1 pq: 15 rg: 48 | total time: 90.97m | eta: 682.2m
step 00665/05568 (11.94%) | loss: 2.863336 | lrm: 1.00 | dt: 8278.15ms | tok/sec: 126,667 | bf16_mfu: 5.08 | epoch: 1 pq: 15 rg: 50 | total time: 91.11m | eta: 682.0m
step 00666/05568 (11.96%) | loss: 2.868324 | lrm: 1.00 | dt: 8277.46ms | tok/sec: 126,678 | bf16_mfu: 5.08 | epoch: 1 pq: 15 rg: 52 | total time: 91.25m | eta: 681.9m
step 00667/05568 (11.98%) | loss: 2.867581 | lrm: 1.00 | dt: 8268.31ms | tok/sec: 126,818 | bf16_mfu: 5.08 | epoch: 1 pq: 15 rg: 54 | total time: 91.39m | eta: 681.7m
step 00668/05568 (12.00%) | loss: 2.873860 | lrm: 1.00 | dt: 8335.13ms | tok/sec: 125,801 | bf16_mfu: 5.04 | epoch: 1 pq: 15 rg: 56 | total time: 91.53m | eta: 681.6m
step 00669/05568 (12.02%) | loss: 2.863192 | lrm: 1.00 | dt: 8275.36ms | tok/sec: 126,710 | bf16_mfu: 5.08 | epoch: 1 pq: 15 rg: 58 | total time: 91.67m | eta: 681.4m
step 00670/05568 (12.03%) | loss: 2.878202 | lrm: 1.00 | dt: 8270.88ms | tok/sec: 126,779 | bf16_mfu: 5.08 | epoch: 1 pq: 15 rg: 60 | total time: 91.80m | eta: 681.3m
step 00671/05568 (12.05%) | loss: 2.872623 | lrm: 1.00 | dt: 8266.82ms | tok/sec: 126,841 | bf16_mfu: 5.08 | epoch: 1 pq: 15 rg: 62 | total time: 91.94m | eta: 681.1m
step 00672/05568 (12.07%) | loss: 2.869124 | lrm: 1.00 | dt: 8278.30ms | tok/sec: 126,665 | bf16_mfu: 5.08 | epoch: 1 pq: 15 rg: 64 | total time: 92.08m | eta: 681.0m
step 00673/05568 (12.09%) | loss: 2.860341 | lrm: 1.00 | dt: 8313.71ms | tok/sec: 126,126 | bf16_mfu: 5.05 | epoch: 1 pq: 15 rg: 66 | total time: 92.22m | eta: 680.8m
step 00674/05568 (12.10%) | loss: 2.870789 | lrm: 1.00 | dt: 8267.22ms | tok/sec: 126,835 | bf16_mfu: 5.08 | epoch: 1 pq: 15 rg: 68 | total time: 92.35m | eta: 680.7m
step 00675/05568 (12.12%) | loss: 2.865584 | lrm: 1.00 | dt: 8274.72ms | tok/sec: 126,720 | bf16_mfu: 5.08 | epoch: 1 pq: 15 rg: 70 | total time: 92.49m | eta: 680.6m
step 00676/05568 (12.14%) | loss: 2.868632 | lrm: 1.00 | dt: 8261.30ms | tok/sec: 126,926 | bf16_mfu: 5.09 | epoch: 1 pq: 15 rg: 72 | total time: 92.63m | eta: 680.4m
step 00677/05568 (12.16%) | loss: 2.851116 | lrm: 1.00 | dt: 8262.11ms | tok/sec: 126,913 | bf16_mfu: 5.09 | epoch: 1 pq: 15 rg: 74 | total time: 92.77m | eta: 680.3m
step 00678/05568 (12.18%) | loss: 2.844660 | lrm: 1.00 | dt: 8260.94ms | tok/sec: 126,931 | bf16_mfu: 5.09 | epoch: 1 pq: 15 rg: 75 | total time: 92.91m | eta: 680.1m
step 00679/05568 (12.19%) | loss: 2.860702 | lrm: 1.00 | dt: 8267.77ms | tok/sec: 126,826 | bf16_mfu: 5.08 | epoch: 1 pq: 15 rg: 77 | total time: 93.04m | eta: 680.0m
step 00680/05568 (12.21%) | loss: 2.856476 | lrm: 1.00 | dt: 8268.96ms | tok/sec: 126,808 | bf16_mfu: 5.08 | epoch: 1 pq: 15 rg: 79 | total time: 93.18m | eta: 679.8m
step 00681/05568 (12.23%) | loss: 2.865333 | lrm: 1.00 | dt: 8257.64ms | tok/sec: 126,982 | bf16_mfu: 5.09 | epoch: 1 pq: 15 rg: 81 | total time: 93.32m | eta: 679.7m
step 00682/05568 (12.25%) | loss: 2.861167 | lrm: 1.00 | dt: 8271.48ms | tok/sec: 126,769 | bf16_mfu: 5.08 | epoch: 1 pq: 16 rg: 0 | total time: 93.46m | eta: 679.5m
step 00683/05568 (12.27%) | loss: 2.857550 | lrm: 1.00 | dt: 8272.44ms | tok/sec: 126,755 | bf16_mfu: 5.08 | epoch: 1 pq: 16 rg: 2 | total time: 93.59m | eta: 679.4m
step 00684/05568 (12.28%) | loss: 2.861037 | lrm: 1.00 | dt: 8276.43ms | tok/sec: 126,694 | bf16_mfu: 5.08 | epoch: 1 pq: 16 rg: 4 | total time: 93.73m | eta: 679.2m
step 00685/05568 (12.30%) | loss: 2.863758 | lrm: 1.00 | dt: 8264.40ms | tok/sec: 126,878 | bf16_mfu: 5.09 | epoch: 1 pq: 16 rg: 6 | total time: 93.87m | eta: 679.1m
step 00686/05568 (12.32%) | loss: 2.860769 | lrm: 1.00 | dt: 8274.99ms | tok/sec: 126,716 | bf16_mfu: 5.08 | epoch: 1 pq: 16 rg: 8 | total time: 94.01m | eta: 678.9m
step 00687/05568 (12.34%) | loss: 2.862929 | lrm: 1.00 | dt: 8272.13ms | tok/sec: 126,760 | bf16_mfu: 5.08 | epoch: 1 pq: 16 rg: 10 | total time: 94.15m | eta: 678.8m
step 00688/05568 (12.36%) | loss: 2.855508 | lrm: 1.00 | dt: 8259.57ms | tok/sec: 126,952 | bf16_mfu: 5.09 | epoch: 1 pq: 16 rg: 12 | total time: 94.28m | eta: 678.6m
step 00689/05568 (12.37%) | loss: 2.870096 | lrm: 1.00 | dt: 8274.37ms | tok/sec: 126,725 | bf16_mfu: 5.08 | epoch: 1 pq: 16 rg: 14 | total time: 94.42m | eta: 678.5m
step 00690/05568 (12.39%) | loss: 2.867442 | lrm: 1.00 | dt: 8270.76ms | tok/sec: 126,781 | bf16_mfu: 5.08 | epoch: 1 pq: 16 rg: 16 | total time: 94.56m | eta: 678.3m
step 00691/05568 (12.41%) | loss: 2.863056 | lrm: 1.00 | dt: 8268.89ms | tok/sec: 126,809 | bf16_mfu: 5.08 | epoch: 1 pq: 16 rg: 18 | total time: 94.70m | eta: 678.2m
step 00692/05568 (12.43%) | loss: 2.859692 | lrm: 1.00 | dt: 8256.16ms | tok/sec: 127,005 | bf16_mfu: 5.09 | epoch: 1 pq: 16 rg: 20 | total time: 94.84m | eta: 678.0m
step 00693/05568 (12.45%) | loss: 2.863546 | lrm: 1.00 | dt: 8265.09ms | tok/sec: 126,868 | bf16_mfu: 5.08 | epoch: 1 pq: 16 rg: 22 | total time: 94.97m | eta: 677.9m
step 00694/05568 (12.46%) | loss: 2.875310 | lrm: 1.00 | dt: 8275.16ms | tok/sec: 126,713 | bf16_mfu: 5.08 | epoch: 1 pq: 16 rg: 24 | total time: 95.11m | eta: 677.7m
step 00695/05568 (12.48%) | loss: 2.875106 | lrm: 1.00 | dt: 8271.08ms | tok/sec: 126,776 | bf16_mfu: 5.08 | epoch: 1 pq: 16 rg: 25 | total time: 95.25m | eta: 677.6m
step 00696/05568 (12.50%) | loss: 2.861851 | lrm: 1.00 | dt: 8266.53ms | tok/sec: 126,845 | bf16_mfu: 5.08 | epoch: 1 pq: 16 rg: 27 | total time: 95.39m | eta: 677.4m
step 00697/05568 (12.52%) | loss: 2.886949 | lrm: 1.00 | dt: 8264.88ms | tok/sec: 126,871 | bf16_mfu: 5.08 | epoch: 1 pq: 16 rg: 29 | total time: 95.52m | eta: 677.3m
step 00698/05568 (12.54%) | loss: 2.880760 | lrm: 1.00 | dt: 8276.56ms | tok/sec: 126,692 | bf16_mfu: 5.08 | epoch: 1 pq: 16 rg: 31 | total time: 95.66m | eta: 677.1m
step 00699/05568 (12.55%) | loss: 2.874225 | lrm: 1.00 | dt: 8268.89ms | tok/sec: 126,809 | bf16_mfu: 5.08 | epoch: 1 pq: 16 rg: 33 | total time: 95.80m | eta: 677.0m
step 00700/05568 (12.57%) | loss: 2.877058 | lrm: 1.00 | dt: 8269.24ms | tok/sec: 126,804 | bf16_mfu: 5.08 | epoch: 1 pq: 16 rg: 35 | total time: 95.94m | eta: 676.8m
step 00701/05568 (12.59%) | loss: 2.853873 | lrm: 1.00 | dt: 8270.24ms | tok/sec: 126,789 | bf16_mfu: 5.08 | epoch: 1 pq: 16 rg: 37 | total time: 96.08m | eta: 676.7m
step 00702/05568 (12.61%) | loss: 2.850366 | lrm: 1.00 | dt: 8265.81ms | tok/sec: 126,856 | bf16_mfu: 5.08 | epoch: 1 pq: 16 rg: 39 | total time: 96.21m | eta: 676.6m
step 00703/05568 (12.63%) | loss: 2.851784 | lrm: 1.00 | dt: 8274.94ms | tok/sec: 126,717 | bf16_mfu: 5.08 | epoch: 1 pq: 16 rg: 41 | total time: 96.35m | eta: 676.4m
step 00704/05568 (12.64%) | loss: 2.847986 | lrm: 1.00 | dt: 8268.47ms | tok/sec: 126,816 | bf16_mfu: 5.08 | epoch: 1 pq: 16 rg: 43 | total time: 96.49m | eta: 676.3m
step 00705/05568 (12.66%) | loss: 2.860314 | lrm: 1.00 | dt: 8274.20ms | tok/sec: 126,728 | bf16_mfu: 5.08 | epoch: 1 pq: 16 rg: 45 | total time: 96.63m | eta: 676.1m
step 00706/05568 (12.68%) | loss: 2.860043 | lrm: 1.00 | dt: 8268.00ms | tok/sec: 126,823 | bf16_mfu: 5.08 | epoch: 1 pq: 16 rg: 47 | total time: 96.76m | eta: 676.0m
step 00707/05568 (12.70%) | loss: 2.850238 | lrm: 1.00 | dt: 8271.98ms | tok/sec: 126,762 | bf16_mfu: 5.08 | epoch: 1 pq: 16 rg: 49 | total time: 96.90m | eta: 675.8m
step 00708/05568 (12.72%) | loss: 2.847837 | lrm: 1.00 | dt: 8278.60ms | tok/sec: 126,661 | bf16_mfu: 5.08 | epoch: 1 pq: 16 rg: 50 | total time: 97.04m | eta: 675.7m
step 00709/05568 (12.73%) | loss: 2.850293 | lrm: 1.00 | dt: 8277.28ms | tok/sec: 126,681 | bf16_mfu: 5.08 | epoch: 1 pq: 16 rg: 52 | total time: 97.18m | eta: 675.5m
step 00710/05568 (12.75%) | loss: 2.838874 | lrm: 1.00 | dt: 8270.90ms | tok/sec: 126,778 | bf16_mfu: 5.08 | epoch: 1 pq: 16 rg: 54 | total time: 97.32m | eta: 675.4m
step 00711/05568 (12.77%) | loss: 2.844053 | lrm: 1.00 | dt: 8279.77ms | tok/sec: 126,643 | bf16_mfu: 5.08 | epoch: 1 pq: 16 rg: 56 | total time: 97.45m | eta: 675.2m
step 00712/05568 (12.79%) | loss: 2.858022 | lrm: 1.00 | dt: 8275.48ms | tok/sec: 126,708 | bf16_mfu: 5.08 | epoch: 1 pq: 16 rg: 58 | total time: 97.59m | eta: 675.1m
step 00713/05568 (12.81%) | loss: 2.859723 | lrm: 1.00 | dt: 8271.30ms | tok/sec: 126,772 | bf16_mfu: 5.08 | epoch: 1 pq: 16 rg: 60 | total time: 97.73m | eta: 674.9m
step 00714/05568 (12.82%) | loss: 2.864775 | lrm: 1.00 | dt: 8277.49ms | tok/sec: 126,678 | bf16_mfu: 5.08 | epoch: 1 pq: 16 rg: 62 | total time: 97.87m | eta: 674.8m
step 00715/05568 (12.84%) | loss: 2.845987 | lrm: 1.00 | dt: 8258.72ms | tok/sec: 126,965 | bf16_mfu: 5.09 | epoch: 1 pq: 16 rg: 64 | total time: 98.01m | eta: 674.6m
step 00716/05568 (12.86%) | loss: 2.854292 | lrm: 1.00 | dt: 8276.62ms | tok/sec: 126,691 | bf16_mfu: 5.08 | epoch: 1 pq: 16 rg: 66 | total time: 98.14m | eta: 674.5m
step 00717/05568 (12.88%) | loss: 2.841794 | lrm: 1.00 | dt: 8273.91ms | tok/sec: 126,732 | bf16_mfu: 5.08 | epoch: 1 pq: 16 rg: 68 | total time: 98.28m | eta: 674.3m
step 00718/05568 (12.90%) | loss: 2.824859 | lrm: 1.00 | dt: 8281.24ms | tok/sec: 126,620 | bf16_mfu: 5.07 | epoch: 1 pq: 16 rg: 70 | total time: 98.42m | eta: 674.2m
step 00719/05568 (12.91%) | loss: 2.838087 | lrm: 1.00 | dt: 8263.04ms | tok/sec: 126,899 | bf16_mfu: 5.09 | epoch: 1 pq: 16 rg: 72 | total time: 98.56m | eta: 674.1m
step 00720/05568 (12.93%) | loss: 2.846884 | lrm: 1.00 | dt: 8265.45ms | tok/sec: 126,862 | bf16_mfu: 5.08 | epoch: 1 pq: 16 rg: 74 | total time: 98.70m | eta: 673.9m
step 00721/05568 (12.95%) | loss: 2.850522 | lrm: 1.00 | dt: 8266.82ms | tok/sec: 126,841 | bf16_mfu: 5.08 | epoch: 1 pq: 16 rg: 75 | total time: 98.83m | eta: 673.8m
step 00722/05568 (12.97%) | loss: 2.820264 | lrm: 1.00 | dt: 8277.00ms | tok/sec: 126,685 | bf16_mfu: 5.08 | epoch: 1 pq: 16 rg: 77 | total time: 98.97m | eta: 673.6m
step 00723/05568 (12.98%) | loss: 2.826413 | lrm: 1.00 | dt: 8281.34ms | tok/sec: 126,619 | bf16_mfu: 5.07 | epoch: 1 pq: 16 rg: 79 | total time: 99.11m | eta: 673.5m
step 00724/05568 (13.00%) | loss: 2.837536 | lrm: 1.00 | dt: 8269.78ms | tok/sec: 126,796 | bf16_mfu: 5.08 | epoch: 1 pq: 16 rg: 81 | total time: 99.25m | eta: 673.3m
step 00725/05568 (13.02%) | loss: 2.833896 | lrm: 1.00 | dt: 8266.65ms | tok/sec: 126,844 | bf16_mfu: 5.08 | epoch: 1 pq: 17 rg: 0 | total time: 99.38m | eta: 673.2m
step 00726/05568 (13.04%) | loss: 2.813258 | lrm: 1.00 | dt: 8274.07ms | tok/sec: 126,730 | bf16_mfu: 5.08 | epoch: 1 pq: 17 rg: 2 | total time: 99.52m | eta: 673.0m
step 00727/05568 (13.06%) | loss: 2.818651 | lrm: 1.00 | dt: 8280.90ms | tok/sec: 126,625 | bf16_mfu: 5.07 | epoch: 1 pq: 17 rg: 4 | total time: 99.66m | eta: 672.9m
step 00728/05568 (13.07%) | loss: 2.796358 | lrm: 1.00 | dt: 8264.35ms | tok/sec: 126,879 | bf16_mfu: 5.09 | epoch: 1 pq: 17 rg: 6 | total time: 99.80m | eta: 672.7m
step 00729/05568 (13.09%) | loss: 2.804131 | lrm: 1.00 | dt: 8278.88ms | tok/sec: 126,656 | bf16_mfu: 5.08 | epoch: 1 pq: 17 rg: 8 | total time: 99.94m | eta: 672.6m
step 00730/05568 (13.11%) | loss: 2.814669 | lrm: 1.00 | dt: 8269.52ms | tok/sec: 126,800 | bf16_mfu: 5.08 | epoch: 1 pq: 17 rg: 10 | total time: 100.07m | eta: 672.4m
step 00731/05568 (13.13%) | loss: 2.811989 | lrm: 1.00 | dt: 8267.04ms | tok/sec: 126,838 | bf16_mfu: 5.08 | epoch: 1 pq: 17 rg: 12 | total time: 100.21m | eta: 672.3m
step 00732/05568 (13.15%) | loss: 2.805705 | lrm: 1.00 | dt: 8266.93ms | tok/sec: 126,839 | bf16_mfu: 5.08 | epoch: 1 pq: 17 rg: 14 | total time: 100.35m | eta: 672.1m
step 00733/05568 (13.16%) | loss: 2.792105 | lrm: 1.00 | dt: 8269.32ms | tok/sec: 126,803 | bf16_mfu: 5.08 | epoch: 1 pq: 17 rg: 16 | total time: 100.49m | eta: 672.0m
step 00734/05568 (13.18%) | loss: 2.797862 | lrm: 1.00 | dt: 8326.01ms | tok/sec: 125,939 | bf16_mfu: 5.05 | epoch: 1 pq: 17 rg: 18 | total time: 100.63m | eta: 671.9m
step 00735/05568 (13.20%) | loss: 2.813685 | lrm: 1.00 | dt: 8275.74ms | tok/sec: 126,704 | bf16_mfu: 5.08 | epoch: 1 pq: 17 rg: 20 | total time: 100.76m | eta: 671.7m
step 00736/05568 (13.22%) | loss: 2.810729 | lrm: 1.00 | dt: 8273.49ms | tok/sec: 126,739 | bf16_mfu: 5.08 | epoch: 1 pq: 17 rg: 21 | total time: 100.90m | eta: 671.6m
step 00737/05568 (13.24%) | loss: 2.803605 | lrm: 1.00 | dt: 8267.63ms | tok/sec: 126,829 | bf16_mfu: 5.08 | epoch: 1 pq: 17 rg: 23 | total time: 101.04m | eta: 671.4m
step 00738/05568 (13.25%) | loss: 2.794300 | lrm: 1.00 | dt: 8260.18ms | tok/sec: 126,943 | bf16_mfu: 5.09 | epoch: 1 pq: 17 rg: 25 | total time: 101.18m | eta: 671.3m
step 00739/05568 (13.27%) | loss: 2.806646 | lrm: 1.00 | dt: 8273.44ms | tok/sec: 126,740 | bf16_mfu: 5.08 | epoch: 1 pq: 17 rg: 27 | total time: 101.32m | eta: 671.1m
step 00740/05568 (13.29%) | loss: 2.811762 | lrm: 1.00 | dt: 8284.19ms | tok/sec: 126,575 | bf16_mfu: 5.07 | epoch: 1 pq: 17 rg: 29 | total time: 101.45m | eta: 671.0m
step 00741/05568 (13.31%) | loss: 2.805185 | lrm: 1.00 | dt: 8279.19ms | tok/sec: 126,651 | bf16_mfu: 5.08 | epoch: 1 pq: 17 rg: 31 | total time: 101.59m | eta: 670.8m
step 00742/05568 (13.33%) | loss: 2.801906 | lrm: 1.00 | dt: 8277.70ms | tok/sec: 126,674 | bf16_mfu: 5.08 | epoch: 1 pq: 17 rg: 33 | total time: 101.73m | eta: 670.7m
step 00743/05568 (13.34%) | loss: 2.794617 | lrm: 1.00 | dt: 8272.98ms | tok/sec: 126,747 | bf16_mfu: 5.08 | epoch: 1 pq: 17 rg: 35 | total time: 101.87m | eta: 670.5m
step 00744/05568 (13.36%) | loss: 2.806123 | lrm: 1.00 | dt: 8264.73ms | tok/sec: 126,873 | bf16_mfu: 5.08 | epoch: 1 pq: 17 rg: 37 | total time: 102.01m | eta: 670.4m
step 00745/05568 (13.38%) | loss: 2.805077 | lrm: 1.00 | dt: 8267.45ms | tok/sec: 126,831 | bf16_mfu: 5.08 | epoch: 1 pq: 17 rg: 39 | total time: 102.14m | eta: 670.3m
step 00746/05568 (13.40%) | loss: 2.812679 | lrm: 1.00 | dt: 8269.73ms | tok/sec: 126,796 | bf16_mfu: 5.08 | epoch: 1 pq: 17 rg: 41 | total time: 102.28m | eta: 670.1m
step 00747/05568 (13.42%) | loss: 2.824137 | lrm: 1.00 | dt: 8261.51ms | tok/sec: 126,923 | bf16_mfu: 5.09 | epoch: 1 pq: 17 rg: 43 | total time: 102.42m | eta: 670.0m
step 00748/05568 (13.43%) | loss: 2.834834 | lrm: 1.00 | dt: 8262.72ms | tok/sec: 126,904 | bf16_mfu: 5.09 | epoch: 1 pq: 17 rg: 45 | total time: 102.56m | eta: 669.8m
step 00749/05568 (13.45%) | loss: 2.840081 | lrm: 1.00 | dt: 8269.26ms | tok/sec: 126,804 | bf16_mfu: 5.08 | epoch: 1 pq: 17 rg: 47 | total time: 102.69m | eta: 669.7m
Step 00750 | Validation bpb: 0.865116
2026-10-07 21:05:39,966 - nanochat.checkpoint_manager - [32m[1mINFO[0m - Saved model parameters to: /home/astarostin/.cache/nanochat/base_checkpoints/d24_1xh100/model_000750.pt
2026-10-07 21:05:39,968 - nanochat.checkpoint_manager - [32m[1mINFO[0m - Saved metadata to: /home/astarostin/.cache/nanochat/base_checkpoints/d24_1xh100/meta_000750.json
2026-10-07 21:05:49,156 - nanochat.checkpoint_manager - [32m[1mINFO[0m - Saved optimizer state to: /home/astarostin/.cache/nanochat/base_checkpoints/d24_1xh100/optim_000750_rank0.pt
step 00750/05568 (13.47%) | loss: 2.852061 | lrm: 1.00 | dt: 8263.21ms | tok/sec: 126,896 | bf16_mfu: 5.09 | epoch: 1 pq: 17 rg: 48 | total time: 102.83m | eta: 669.5m
step 00751/05568 (13.49%) | loss: 2.867559 | lrm: 1.00 | dt: 8322.92ms | tok/sec: 125,986 | bf16_mfu: 5.05 | epoch: 1 pq: 17 rg: 50 | total time: 102.97m | eta: 669.4m
step 00752/05568 (13.51%) | loss: 2.870353 | lrm: 1.00 | dt: 8289.99ms | tok/sec: 126,486 | bf16_mfu: 5.07 | epoch: 1 pq: 17 rg: 52 | total time: 103.11m | eta: 669.2m
step 00753/05568 (13.52%) | loss: 2.870305 | lrm: 1.00 | dt: 8307.75ms | tok/sec: 126,216 | bf16_mfu: 5.06 | epoch: 1 pq: 17 rg: 54 | total time: 103.25m | eta: 669.1m
step 00754/05568 (13.54%) | loss: 2.874114 | lrm: 1.00 | dt: 8292.94ms | tok/sec: 126,442 | bf16_mfu: 5.07 | epoch: 1 pq: 17 rg: 56 | total time: 103.39m | eta: 668.9m
step 00755/05568 (13.56%) | loss: 2.876569 | lrm: 1.00 | dt: 8306.94ms | tok/sec: 126,228 | bf16_mfu: 5.06 | epoch: 1 pq: 17 rg: 58 | total time: 103.52m | eta: 668.8m
step 00756/05568 (13.58%) | loss: 2.869758 | lrm: 1.00 | dt: 8302.55ms | tok/sec: 126,295 | bf16_mfu: 5.06 | epoch: 1 pq: 17 rg: 60 | total time: 103.66m | eta: 668.7m
step 00757/05568 (13.60%) | loss: 2.863387 | lrm: 1.00 | dt: 8311.51ms | tok/sec: 126,159 | bf16_mfu: 5.06 | epoch: 1 pq: 17 rg: 62 | total time: 103.80m | eta: 668.5m
step 00758/05568 (13.61%) | loss: 2.869788 | lrm: 1.00 | dt: 8314.29ms | tok/sec: 126,117 | bf16_mfu: 5.05 | epoch: 1 pq: 17 rg: 64 | total time: 103.94m | eta: 668.4m
step 00759/05568 (13.63%) | loss: 2.861526 | lrm: 1.00 | dt: 8319.90ms | tok/sec: 126,032 | bf16_mfu: 5.05 | epoch: 1 pq: 17 rg: 66 | total time: 104.08m | eta: 668.2m
step 00760/05568 (13.65%) | loss: 2.857966 | lrm: 1.00 | dt: 8317.71ms | tok/sec: 126,065 | bf16_mfu: 5.05 | epoch: 1 pq: 17 rg: 68 | total time: 104.22m | eta: 668.1m
step 00761/05568 (13.67%) | loss: 2.857726 | lrm: 1.00 | dt: 8307.30ms | tok/sec: 126,223 | bf16_mfu: 5.06 | epoch: 1 pq: 17 rg: 70 | total time: 104.35m | eta: 668.0m
step 00762/05568 (13.69%) | loss: 2.850922 | lrm: 1.00 | dt: 8308.58ms | tok/sec: 126,203 | bf16_mfu: 5.06 | epoch: 1 pq: 17 rg: 72 | total time: 104.49m | eta: 667.8m
step 00763/05568 (13.70%) | loss: 2.841016 | lrm: 1.00 | dt: 8305.90ms | tok/sec: 126,244 | bf16_mfu: 5.06 | epoch: 1 pq: 17 rg: 74 | total time: 104.63m | eta: 667.7m
step 00764/05568 (13.72%) | loss: 2.820766 | lrm: 1.00 | dt: 8318.48ms | tok/sec: 126,053 | bf16_mfu: 5.05 | epoch: 1 pq: 17 rg: 75 | total time: 104.77m | eta: 667.5m
step 00765/05568 (13.74%) | loss: 2.821442 | lrm: 1.00 | dt: 8324.34ms | tok/sec: 125,965 | bf16_mfu: 5.05 | epoch: 1 pq: 17 rg: 77 | total time: 104.91m | eta: 667.4m
step 00766/05568 (13.76%) | loss: 2.817023 | lrm: 1.00 | dt: 8314.69ms | tok/sec: 126,111 | bf16_mfu: 5.05 | epoch: 1 pq: 17 rg: 79 | total time: 105.05m | eta: 667.2m
step 00767/05568 (13.78%) | loss: 2.815556 | lrm: 1.00 | dt: 8313.66ms | tok/sec: 126,126 | bf16_mfu: 5.05 | epoch: 1 pq: 17 rg: 81 | total time: 105.19m | eta: 667.1m
step 00768/05568 (13.79%) | loss: 2.795523 | lrm: 1.00 | dt: 8320.35ms | tok/sec: 126,025 | bf16_mfu: 5.05 | epoch: 1 pq: 18 rg: 0 | total time: 105.32m | eta: 667.0m
step 00769/05568 (13.81%) | loss: 2.801657 | lrm: 1.00 | dt: 8308.22ms | tok/sec: 126,209 | bf16_mfu: 5.06 | epoch: 1 pq: 18 rg: 2 | total time: 105.46m | eta: 666.8m
step 00770/05568 (13.83%) | loss: 2.804014 | lrm: 1.00 | dt: 8328.24ms | tok/sec: 125,906 | bf16_mfu: 5.05 | epoch: 1 pq: 18 rg: 4 | total time: 105.60m | eta: 666.7m
step 00771/05568 (13.85%) | loss: 2.804719 | lrm: 1.00 | dt: 8325.75ms | tok/sec: 125,943 | bf16_mfu: 5.05 | epoch: 1 pq: 18 rg: 6 | total time: 105.74m | eta: 666.5m
step 00772/05568 (13.86%) | loss: 2.828545 | lrm: 1.00 | dt: 8312.82ms | tok/sec: 126,139 | bf16_mfu: 5.06 | epoch: 1 pq: 18 rg: 8 | total time: 105.88m | eta: 666.4m
step 00773/05568 (13.88%) | loss: 2.835399 | lrm: 1.00 | dt: 8318.36ms | tok/sec: 126,055 | bf16_mfu: 5.05 | epoch: 1 pq: 18 rg: 10 | total time: 106.02m | eta: 666.3m
step 00774/05568 (13.90%) | loss: 2.822402 | lrm: 1.00 | dt: 8321.96ms | tok/sec: 126,001 | bf16_mfu: 5.05 | epoch: 1 pq: 18 rg: 12 | total time: 106.16m | eta: 666.1m
step 00775/05568 (13.92%) | loss: 2.828465 | lrm: 1.00 | dt: 8327.44ms | tok/sec: 125,918 | bf16_mfu: 5.05 | epoch: 1 pq: 18 rg: 14 | total time: 106.30m | eta: 666.0m
step 00776/05568 (13.94%) | loss: 2.830087 | lrm: 1.00 | dt: 8319.27ms | tok/sec: 126,041 | bf16_mfu: 5.05 | epoch: 1 pq: 18 rg: 16 | total time: 106.43m | eta: 665.8m
step 00777/05568 (13.95%) | loss: 2.834857 | lrm: 1.00 | dt: 8313.52ms | tok/sec: 126,129 | bf16_mfu: 5.06 | epoch: 1 pq: 18 rg: 18 | total time: 106.57m | eta: 665.7m
step 00778/05568 (13.97%) | loss: 2.827276 | lrm: 1.00 | dt: 8311.13ms | tok/sec: 126,165 | bf16_mfu: 5.06 | epoch: 1 pq: 18 rg: 19 | total time: 106.71m | eta: 665.6m
step 00779/05568 (13.99%) | loss: 2.826780 | lrm: 1.00 | dt: 8310.25ms | tok/sec: 126,178 | bf16_mfu: 5.06 | epoch: 1 pq: 18 rg: 21 | total time: 106.85m | eta: 665.4m
step 00780/05568 (14.01%) | loss: 2.823481 | lrm: 1.00 | dt: 8315.10ms | tok/sec: 126,105 | bf16_mfu: 5.05 | epoch: 1 pq: 18 rg: 23 | total time: 106.99m | eta: 665.3m
step 00781/05568 (14.03%) | loss: 2.842891 | lrm: 1.00 | dt: 8331.75ms | tok/sec: 125,853 | bf16_mfu: 5.04 | epoch: 1 pq: 18 rg: 25 | total time: 107.13m | eta: 665.1m
step 00782/05568 (14.04%) | loss: 2.830737 | lrm: 1.00 | dt: 8306.91ms | tok/sec: 126,229 | bf16_mfu: 5.06 | epoch: 1 pq: 18 rg: 27 | total time: 107.27m | eta: 665.0m
step 00783/05568 (14.06%) | loss: 2.837911 | lrm: 1.00 | dt: 8319.75ms | tok/sec: 126,034 | bf16_mfu: 5.05 | epoch: 1 pq: 18 rg: 29 | total time: 107.40m | eta: 664.9m
step 00784/05568 (14.08%) | loss: 2.826601 | lrm: 1.00 | dt: 8309.17ms | tok/sec: 126,194 | bf16_mfu: 5.06 | epoch: 1 pq: 18 rg: 31 | total time: 107.54m | eta: 664.7m
step 00785/05568 (14.10%) | loss: 2.820341 | lrm: 1.00 | dt: 8305.02ms | tok/sec: 126,258 | bf16_mfu: 5.06 | epoch: 1 pq: 18 rg: 33 | total time: 107.68m | eta: 664.6m
step 00786/05568 (14.12%) | loss: 2.820233 | lrm: 1.00 | dt: 8318.71ms | tok/sec: 126,050 | bf16_mfu: 5.05 | epoch: 1 pq: 18 rg: 35 | total time: 107.82m | eta: 664.4m
step 00787/05568 (14.13%) | loss: 2.826109 | lrm: 1.00 | dt: 8317.45ms | tok/sec: 126,069 | bf16_mfu: 5.05 | epoch: 1 pq: 18 rg: 37 | total time: 107.96m | eta: 664.3m
step 00788/05568 (14.15%) | loss: 2.810197 | lrm: 1.00 | dt: 8319.21ms | tok/sec: 126,042 | bf16_mfu: 5.05 | epoch: 1 pq: 18 rg: 39 | total time: 108.10m | eta: 664.1m
step 00789/05568 (14.17%) | loss: 2.799562 | lrm: 1.00 | dt: 8317.17ms | tok/sec: 126,073 | bf16_mfu: 5.05 | epoch: 1 pq: 18 rg: 41 | total time: 108.24m | eta: 664.0m
step 00790/05568 (14.19%) | loss: 2.799985 | lrm: 1.00 | dt: 8305.78ms | tok/sec: 126,246 | bf16_mfu: 5.06 | epoch: 1 pq: 18 rg: 43 | total time: 108.37m | eta: 663.9m
step 00791/05568 (14.21%) | loss: 2.808799 | lrm: 1.00 | dt: 8331.05ms | tok/sec: 125,863 | bf16_mfu: 5.04 | epoch: 1 pq: 18 rg: 45 | total time: 108.51m | eta: 663.7m
step 00792/05568 (14.22%) | loss: 2.814760 | lrm: 1.00 | dt: 8318.02ms | tok/sec: 126,060 | bf16_mfu: 5.05 | epoch: 1 pq: 18 rg: 47 | total time: 108.65m | eta: 663.6m
step 00793/05568 (14.24%) | loss: 2.808975 | lrm: 1.00 | dt: 8314.53ms | tok/sec: 126,113 | bf16_mfu: 5.05 | epoch: 1 pq: 18 rg: 49 | total time: 108.79m | eta: 663.4m
step 00794/05568 (14.26%) | loss: 2.809341 | lrm: 1.00 | dt: 8325.96ms | tok/sec: 125,940 | bf16_mfu: 5.05 | epoch: 1 pq: 18 rg: 50 | total time: 108.93m | eta: 663.3m
step 00795/05568 (14.28%) | loss: 2.808602 | lrm: 1.00 | dt: 8321.28ms | tok/sec: 126,011 | bf16_mfu: 5.05 | epoch: 1 pq: 18 rg: 52 | total time: 109.07m | eta: 663.2m
step 00796/05568 (14.30%) | loss: 2.813278 | lrm: 1.00 | dt: 8322.44ms | tok/sec: 125,993 | bf16_mfu: 5.05 | epoch: 1 pq: 18 rg: 54 | total time: 109.21m | eta: 663.0m
step 00797/05568 (14.31%) | loss: 2.820458 | lrm: 1.00 | dt: 8325.14ms | tok/sec: 125,952 | bf16_mfu: 5.05 | epoch: 1 pq: 18 rg: 56 | total time: 109.35m | eta: 662.9m
step 00798/05568 (14.33%) | loss: 2.805492 | lrm: 1.00 | dt: 8319.53ms | tok/sec: 126,037 | bf16_mfu: 5.05 | epoch: 1 pq: 18 rg: 58 | total time: 109.48m | eta: 662.7m
step 00799/05568 (14.35%) | loss: 2.794707 | lrm: 1.00 | dt: 8317.54ms | tok/sec: 126,067 | bf16_mfu: 5.05 | epoch: 1 pq: 18 rg: 60 | total time: 109.62m | eta: 662.6m
step 00800/05568 (14.37%) | loss: 2.796922 | lrm: 1.00 | dt: 8307.82ms | tok/sec: 126,215 | bf16_mfu: 5.06 | epoch: 1 pq: 18 rg: 62 | total time: 109.76m | eta: 662.5m
step 00801/05568 (14.39%) | loss: 2.792285 | lrm: 1.00 | dt: 8319.31ms | tok/sec: 126,041 | bf16_mfu: 5.05 | epoch: 1 pq: 18 rg: 64 | total time: 109.90m | eta: 662.3m
step 00802/05568 (14.40%) | loss: 2.782679 | lrm: 1.00 | dt: 8302.50ms | tok/sec: 126,296 | bf16_mfu: 5.06 | epoch: 1 pq: 18 rg: 66 | total time: 110.04m | eta: 662.2m
step 00803/05568 (14.42%) | loss: 2.777021 | lrm: 1.00 | dt: 8318.62ms | tok/sec: 126,051 | bf16_mfu: 5.05 | epoch: 1 pq: 18 rg: 68 | total time: 110.18m | eta: 662.0m
step 00804/05568 (14.44%) | loss: 2.775365 | lrm: 1.00 | dt: 8315.15ms | tok/sec: 126,104 | bf16_mfu: 5.05 | epoch: 1 pq: 18 rg: 70 | total time: 110.32m | eta: 661.9m
step 00805/05568 (14.46%) | loss: 2.763746 | lrm: 1.00 | dt: 8319.57ms | tok/sec: 126,037 | bf16_mfu: 5.05 | epoch: 1 pq: 18 rg: 72 | total time: 110.45m | eta: 661.8m
step 00806/05568 (14.48%) | loss: 2.763174 | lrm: 1.00 | dt: 8316.13ms | tok/sec: 126,089 | bf16_mfu: 5.05 | epoch: 1 pq: 18 rg: 74 | total time: 110.59m | eta: 661.6m
step 00807/05568 (14.49%) | loss: 2.754019 | lrm: 1.00 | dt: 8315.41ms | tok/sec: 126,100 | bf16_mfu: 5.05 | epoch: 1 pq: 18 rg: 76 | total time: 110.73m | eta: 661.5m
step 00808/05568 (14.51%) | loss: 2.769077 | lrm: 1.00 | dt: 8315.64ms | tok/sec: 126,096 | bf16_mfu: 5.05 | epoch: 1 pq: 18 rg: 78 | total time: 110.87m | eta: 661.3m
step 00809/05568 (14.53%) | loss: 2.760832 | lrm: 1.00 | dt: 8317.76ms | tok/sec: 126,064 | bf16_mfu: 5.05 | epoch: 1 pq: 18 rg: 80 | total time: 111.01m | eta: 661.2m
step 00810/05568 (14.55%) | loss: 2.767755 | lrm: 1.00 | dt: 8311.69ms | tok/sec: 126,156 | bf16_mfu: 5.06 | epoch: 1 pq: 18 rg: 82 | total time: 111.15m | eta: 661.0m
step 00811/05568 (14.57%) | loss: 2.775879 | lrm: 1.00 | dt: 8315.21ms | tok/sec: 126,103 | bf16_mfu: 5.05 | epoch: 1 pq: 19 rg: 1 | total time: 111.29m | eta: 660.9m
step 00812/05568 (14.58%) | loss: 2.782699 | lrm: 1.00 | dt: 8323.45ms | tok/sec: 125,978 | bf16_mfu: 5.05 | epoch: 1 pq: 19 rg: 2 | total time: 111.42m | eta: 660.8m
step 00813/05568 (14.60%) | loss: 2.778578 | lrm: 1.00 | dt: 8320.11ms | tok/sec: 126,029 | bf16_mfu: 5.05 | epoch: 1 pq: 19 rg: 4 | total time: 111.56m | eta: 660.6m
step 00814/05568 (14.62%) | loss: 2.787411 | lrm: 1.00 | dt: 8347.06ms | tok/sec: 125,622 | bf16_mfu: 5.03 | epoch: 1 pq: 19 rg: 6 | total time: 111.70m | eta: 660.5m
step 00815/05568 (14.64%) | loss: 2.804146 | lrm: 1.00 | dt: 8318.27ms | tok/sec: 126,057 | bf16_mfu: 5.05 | epoch: 1 pq: 19 rg: 8 | total time: 111.84m | eta: 660.3m
step 00816/05568 (14.66%) | loss: 2.790590 | lrm: 1.00 | dt: 8311.07ms | tok/sec: 126,166 | bf16_mfu: 5.06 | epoch: 1 pq: 19 rg: 10 | total time: 111.98m | eta: 660.2m
step 00817/05568 (14.67%) | loss: 2.817543 | lrm: 1.00 | dt: 8320.47ms | tok/sec: 126,023 | bf16_mfu: 5.05 | epoch: 1 pq: 19 rg: 12 | total time: 112.12m | eta: 660.1m
step 00818/05568 (14.69%) | loss: 2.804056 | lrm: 1.00 | dt: 8314.46ms | tok/sec: 126,114 | bf16_mfu: 5.05 | epoch: 1 pq: 19 rg: 14 | total time: 112.26m | eta: 659.9m
step 00819/05568 (14.71%) | loss: 2.808322 | lrm: 1.00 | dt: 8313.10ms | tok/sec: 126,135 | bf16_mfu: 5.06 | epoch: 1 pq: 19 rg: 16 | total time: 112.39m | eta: 659.8m
step 00820/05568 (14.73%) | loss: 2.794465 | lrm: 1.00 | dt: 8313.30ms | tok/sec: 126,132 | bf16_mfu: 5.06 | epoch: 1 pq: 19 rg: 18 | total time: 112.53m | eta: 659.6m
step 00821/05568 (14.74%) | loss: 2.792638 | lrm: 1.00 | dt: 8330.51ms | tok/sec: 125,871 | bf16_mfu: 5.04 | epoch: 1 pq: 19 rg: 20 | total time: 112.67m | eta: 659.5m
step 00822/05568 (14.76%) | loss: 2.790165 | lrm: 1.00 | dt: 8313.72ms | tok/sec: 126,125 | bf16_mfu: 5.05 | epoch: 1 pq: 19 rg: 22 | total time: 112.81m | eta: 659.4m
step 00823/05568 (14.78%) | loss: 2.794278 | lrm: 1.00 | dt: 8317.40ms | tok/sec: 126,070 | bf16_mfu: 5.05 | epoch: 1 pq: 19 rg: 24 | total time: 112.95m | eta: 659.2m
step 00824/05568 (14.80%) | loss: 2.793843 | lrm: 1.00 | dt: 8309.47ms | tok/sec: 126,190 | bf16_mfu: 5.06 | epoch: 1 pq: 19 rg: 26 | total time: 113.09m | eta: 659.1m
step 00825/05568 (14.82%) | loss: 2.798636 | lrm: 1.00 | dt: 8328.32ms | tok/sec: 125,904 | bf16_mfu: 5.05 | epoch: 1 pq: 19 rg: 28 | total time: 113.23m | eta: 658.9m
step 00826/05568 (14.83%) | loss: 2.798441 | lrm: 1.00 | dt: 8312.45ms | tok/sec: 126,145 | bf16_mfu: 5.06 | epoch: 1 pq: 19 rg: 30 | total time: 113.37m | eta: 658.8m
step 00827/05568 (14.85%) | loss: 2.784523 | lrm: 1.00 | dt: 8311.55ms | tok/sec: 126,158 | bf16_mfu: 5.06 | epoch: 1 pq: 19 rg: 31 | total time: 113.50m | eta: 658.7m
step 00828/05568 (14.87%) | loss: 2.768832 | lrm: 1.00 | dt: 8310.42ms | tok/sec: 126,176 | bf16_mfu: 5.06 | epoch: 1 pq: 19 rg: 33 | total time: 113.64m | eta: 658.5m
step 00829/05568 (14.89%) | loss: 2.764655 | lrm: 1.00 | dt: 8325.71ms | tok/sec: 125,944 | bf16_mfu: 5.05 | epoch: 1 pq: 19 rg: 35 | total time: 113.78m | eta: 658.4m
step 00830/05568 (14.91%) | loss: 2.764406 | lrm: 1.00 | dt: 8298.34ms | tok/sec: 126,359 | bf16_mfu: 5.06 | epoch: 1 pq: 19 rg: 37 | total time: 113.92m | eta: 658.2m
step 00831/05568 (14.92%) | loss: 2.782653 | lrm: 1.00 | dt: 8319.66ms | tok/sec: 126,035 | bf16_mfu: 5.05 | epoch: 1 pq: 19 rg: 39 | total time: 114.06m | eta: 658.1m
step 00832/05568 (14.94%) | loss: 2.769409 | lrm: 1.00 | dt: 8316.17ms | tok/sec: 126,088 | bf16_mfu: 5.05 | epoch: 1 pq: 19 rg: 41 | total time: 114.20m | eta: 658.0m
step 00833/05568 (14.96%) | loss: 2.759807 | lrm: 1.00 | dt: 8306.94ms | tok/sec: 126,228 | bf16_mfu: 5.06 | epoch: 1 pq: 19 rg: 43 | total time: 114.34m | eta: 657.8m
step 00834/05568 (14.98%) | loss: 2.737503 | lrm: 1.00 | dt: 8323.30ms | tok/sec: 125,980 | bf16_mfu: 5.05 | epoch: 1 pq: 19 rg: 45 | total time: 114.47m | eta: 657.7m
step 00835/05568 (15.00%) | loss: 2.752695 | lrm: 1.00 | dt: 8309.71ms | tok/sec: 126,186 | bf16_mfu: 5.06 | epoch: 1 pq: 19 rg: 47 | total time: 114.61m | eta: 657.5m
step 00836/05568 (15.01%) | loss: 2.761183 | lrm: 1.00 | dt: 8307.03ms | tok/sec: 126,227 | bf16_mfu: 5.06 | epoch: 1 pq: 19 rg: 49 | total time: 114.75m | eta: 657.4m
step 00837/05568 (15.03%) | loss: 2.769013 | lrm: 1.00 | dt: 8317.05ms | tok/sec: 126,075 | bf16_mfu: 5.05 | epoch: 1 pq: 19 rg: 51 | total time: 114.89m | eta: 657.2m
step 00838/05568 (15.05%) | loss: 2.764846 | lrm: 1.00 | dt: 8316.74ms | tok/sec: 126,080 | bf16_mfu: 5.05 | epoch: 1 pq: 19 rg: 53 | total time: 115.03m | eta: 657.1m
step 00839/05568 (15.07%) | loss: 2.774548 | lrm: 1.00 | dt: 8316.88ms | tok/sec: 126,078 | bf16_mfu: 5.05 | epoch: 1 pq: 19 rg: 54 | total time: 115.17m | eta: 657.0m
step 00840/05568 (15.09%) | loss: 2.779484 | lrm: 1.00 | dt: 8315.56ms | tok/sec: 126,098 | bf16_mfu: 5.05 | epoch: 1 pq: 19 rg: 56 | total time: 115.31m | eta: 656.8m
step 00841/05568 (15.10%) | loss: 2.775860 | lrm: 1.00 | dt: 8322.15ms | tok/sec: 125,998 | bf16_mfu: 5.05 | epoch: 1 pq: 19 rg: 58 | total time: 115.44m | eta: 656.7m
step 00842/05568 (15.12%) | loss: 2.789567 | lrm: 1.00 | dt: 8315.78ms | tok/sec: 126,094 | bf16_mfu: 5.05 | epoch: 1 pq: 19 rg: 60 | total time: 115.58m | eta: 656.5m
step 00843/05568 (15.14%) | loss: 2.791136 | lrm: 1.00 | dt: 8318.75ms | tok/sec: 126,049 | bf16_mfu: 5.05 | epoch: 1 pq: 19 rg: 62 | total time: 115.72m | eta: 656.4m
step 00844/05568 (15.16%) | loss: 2.795389 | lrm: 1.00 | dt: 8307.87ms | tok/sec: 126,214 | bf16_mfu: 5.06 | epoch: 1 pq: 19 rg: 64 | total time: 115.86m | eta: 656.3m
step 00845/05568 (15.18%) | loss: 2.787943 | lrm: 1.00 | dt: 8320.32ms | tok/sec: 126,025 | bf16_mfu: 5.05 | epoch: 1 pq: 19 rg: 66 | total time: 116.00m | eta: 656.1m
step 00846/05568 (15.19%) | loss: 2.784622 | lrm: 1.00 | dt: 8316.21ms | tok/sec: 126,088 | bf16_mfu: 5.05 | epoch: 1 pq: 19 rg: 68 | total time: 116.14m | eta: 656.0m
step 00847/05568 (15.21%) | loss: 2.799486 | lrm: 1.00 | dt: 8309.02ms | tok/sec: 126,197 | bf16_mfu: 5.06 | epoch: 1 pq: 19 rg: 70 | total time: 116.28m | eta: 655.8m
step 00848/05568 (15.23%) | loss: 2.784619 | lrm: 1.00 | dt: 8299.31ms | tok/sec: 126,345 | bf16_mfu: 5.06 | epoch: 1 pq: 19 rg: 72 | total time: 116.41m | eta: 655.7m
step 00849/05568 (15.25%) | loss: 2.786250 | lrm: 1.00 | dt: 8323.24ms | tok/sec: 125,981 | bf16_mfu: 5.05 | epoch: 1 pq: 19 rg: 74 | total time: 116.55m | eta: 655.6m
step 00850/05568 (15.27%) | loss: 2.800537 | lrm: 1.00 | dt: 8358.92ms | tok/sec: 125,443 | bf16_mfu: 5.03 | epoch: 1 pq: 19 rg: 76 | total time: 116.69m | eta: 655.4m
step 00851/05568 (15.28%) | loss: 2.808210 | lrm: 1.00 | dt: 8320.00ms | tok/sec: 126,030 | bf16_mfu: 5.05 | epoch: 1 pq: 19 rg: 78 | total time: 116.83m | eta: 655.3m
step 00852/05568 (15.30%) | loss: 2.803781 | lrm: 1.00 | dt: 8332.27ms | tok/sec: 125,845 | bf16_mfu: 5.04 | epoch: 1 pq: 19 rg: 80 | total time: 116.97m | eta: 655.1m
step 00853/05568 (15.32%) | loss: 2.814016 | lrm: 1.00 | dt: 8308.87ms | tok/sec: 126,199 | bf16_mfu: 5.06 | epoch: 1 pq: 20 rg: 0 | total time: 117.11m | eta: 655.0m
step 00854/05568 (15.34%) | loss: 2.819894 | lrm: 1.00 | dt: 8329.89ms | tok/sec: 125,881 | bf16_mfu: 5.05 | epoch: 1 pq: 20 rg: 1 | total time: 117.25m | eta: 654.9m
step 00855/05568 (15.36%) | loss: 2.823686 | lrm: 1.00 | dt: 8311.22ms | tok/sec: 126,163 | bf16_mfu: 5.06 | epoch: 1 pq: 20 rg: 3 | total time: 117.39m | eta: 654.7m
step 00856/05568 (15.37%) | loss: 2.831800 | lrm: 1.00 | dt: 8322.40ms | tok/sec: 125,994 | bf16_mfu: 5.05 | epoch: 1 pq: 20 rg: 5 | total time: 117.52m | eta: 654.6m
step 00857/05568 (15.39%) | loss: 2.820283 | lrm: 1.00 | dt: 8328.63ms | tok/sec: 125,900 | bf16_mfu: 5.05 | epoch: 1 pq: 20 rg: 7 | total time: 117.66m | eta: 654.4m
step 00858/05568 (15.41%) | loss: 2.823677 | lrm: 1.00 | dt: 8316.14ms | tok/sec: 126,089 | bf16_mfu: 5.05 | epoch: 1 pq: 20 rg: 9 | total time: 117.80m | eta: 654.3m
step 00859/05568 (15.43%) | loss: 2.806256 | lrm: 1.00 | dt: 8308.98ms | tok/sec: 126,197 | bf16_mfu: 5.06 | epoch: 1 pq: 20 rg: 11 | total time: 117.94m | eta: 654.2m
step 00860/05568 (15.45%) | loss: 2.788142 | lrm: 1.00 | dt: 8320.07ms | tok/sec: 126,029 | bf16_mfu: 5.05 | epoch: 1 pq: 20 rg: 13 | total time: 118.08m | eta: 654.0m
step 00861/05568 (15.46%) | loss: 2.781274 | lrm: 1.00 | dt: 8317.99ms | tok/sec: 126,061 | bf16_mfu: 5.05 | epoch: 1 pq: 20 rg: 15 | total time: 118.22m | eta: 653.9m
step 00862/05568 (15.48%) | loss: 2.785919 | lrm: 1.00 | dt: 8327.47ms | tok/sec: 125,917 | bf16_mfu: 5.05 | epoch: 1 pq: 20 rg: 17 | total time: 118.36m | eta: 653.7m
step 00863/05568 (15.50%) | loss: 2.791777 | lrm: 1.00 | dt: 8317.06ms | tok/sec: 126,075 | bf16_mfu: 5.05 | epoch: 1 pq: 20 rg: 19 | total time: 118.49m | eta: 653.6m
step 00864/05568 (15.52%) | loss: 2.776147 | lrm: 1.00 | dt: 8319.83ms | tok/sec: 126,033 | bf16_mfu: 5.05 | epoch: 1 pq: 20 rg: 21 | total time: 118.63m | eta: 653.5m
step 00865/05568 (15.54%) | loss: 2.782088 | lrm: 1.00 | dt: 8322.38ms | tok/sec: 125,994 | bf16_mfu: 5.05 | epoch: 1 pq: 20 rg: 23 | total time: 118.77m | eta: 653.3m
step 00866/05568 (15.55%) | loss: 2.781408 | lrm: 1.00 | dt: 8319.29ms | tok/sec: 126,041 | bf16_mfu: 5.05 | epoch: 1 pq: 20 rg: 25 | total time: 118.91m | eta: 653.2m
step 00867/05568 (15.57%) | loss: 2.777924 | lrm: 1.00 | dt: 8317.76ms | tok/sec: 126,064 | bf16_mfu: 5.05 | epoch: 1 pq: 20 rg: 27 | total time: 119.05m | eta: 653.0m
step 00868/05568 (15.59%) | loss: 2.781424 | lrm: 1.00 | dt: 8319.15ms | tok/sec: 126,043 | bf16_mfu: 5.05 | epoch: 1 pq: 20 rg: 29 | total time: 119.19m | eta: 652.9m
step 00869/05568 (15.61%) | loss: 2.773277 | lrm: 1.00 | dt: 8317.61ms | tok/sec: 126,066 | bf16_mfu: 5.05 | epoch: 1 pq: 20 rg: 31 | total time: 119.33m | eta: 652.8m
step 00870/05568 (15.62%) | loss: 2.781923 | lrm: 1.00 | dt: 8318.94ms | tok/sec: 126,046 | bf16_mfu: 5.05 | epoch: 1 pq: 20 rg: 32 | total time: 119.47m | eta: 652.6m
step 00871/05568 (15.64%) | loss: 2.796147 | lrm: 1.00 | dt: 8315.15ms | tok/sec: 126,104 | bf16_mfu: 5.05 | epoch: 1 pq: 20 rg: 34 | total time: 119.60m | eta: 652.5m
step 00872/05568 (15.66%) | loss: 2.784241 | lrm: 1.00 | dt: 8337.05ms | tok/sec: 125,772 | bf16_mfu: 5.04 | epoch: 1 pq: 20 rg: 36 | total time: 119.74m | eta: 652.3m
step 00873/05568 (15.68%) | loss: 2.789950 | lrm: 1.00 | dt: 8329.33ms | tok/sec: 125,889 | bf16_mfu: 5.05 | epoch: 1 pq: 20 rg: 38 | total time: 119.88m | eta: 652.2m
step 00874/05568 (15.70%) | loss: 2.793981 | lrm: 1.00 | dt: 8316.63ms | tok/sec: 126,081 | bf16_mfu: 5.05 | epoch: 1 pq: 20 rg: 40 | total time: 120.02m | eta: 652.1m
step 00875/05568 (15.71%) | loss: 2.798500 | lrm: 1.00 | dt: 8312.24ms | tok/sec: 126,148 | bf16_mfu: 5.06 | epoch: 1 pq: 20 rg: 42 | total time: 120.16m | eta: 651.9m
step 00876/05568 (15.73%) | loss: 2.792060 | lrm: 1.00 | dt: 8307.86ms | tok/sec: 126,214 | bf16_mfu: 5.06 | epoch: 1 pq: 20 rg: 44 | total time: 120.30m | eta: 651.8m
step 00877/05568 (15.75%) | loss: 2.787017 | lrm: 1.00 | dt: 8315.12ms | tok/sec: 126,104 | bf16_mfu: 5.05 | epoch: 1 pq: 20 rg: 46 | total time: 120.44m | eta: 651.6m
step 00878/05568 (15.77%) | loss: 2.787953 | lrm: 1.00 | dt: 8323.05ms | tok/sec: 125,984 | bf16_mfu: 5.05 | epoch: 1 pq: 20 rg: 48 | total time: 120.57m | eta: 651.5m
step 00879/05568 (15.79%) | loss: 2.784037 | lrm: 1.00 | dt: 8304.76ms | tok/sec: 126,261 | bf16_mfu: 5.06 | epoch: 1 pq: 20 rg: 50 | total time: 120.71m | eta: 651.3m
step 00880/05568 (15.80%) | loss: 2.794730 | lrm: 1.00 | dt: 8325.44ms | tok/sec: 125,948 | bf16_mfu: 5.05 | epoch: 1 pq: 20 rg: 52 | total time: 120.85m | eta: 651.2m
step 00881/05568 (15.82%) | loss: 2.814730 | lrm: 1.00 | dt: 8322.07ms | tok/sec: 125,999 | bf16_mfu: 5.05 | epoch: 1 pq: 20 rg: 54 | total time: 120.99m | eta: 651.1m
step 00882/05568 (15.84%) | loss: 2.811083 | lrm: 1.00 | dt: 8313.39ms | tok/sec: 126,130 | bf16_mfu: 5.06 | epoch: 1 pq: 20 rg: 56 | total time: 121.13m | eta: 650.9m
step 00883/05568 (15.86%) | loss: 2.800220 | lrm: 1.00 | dt: 8326.97ms | tok/sec: 125,925 | bf16_mfu: 5.05 | epoch: 1 pq: 20 rg: 58 | total time: 121.27m | eta: 650.8m
step 00884/05568 (15.88%) | loss: 2.789893 | lrm: 1.00 | dt: 8302.81ms | tok/sec: 126,291 | bf16_mfu: 5.06 | epoch: 1 pq: 20 rg: 60 | total time: 121.41m | eta: 650.6m
step 00885/05568 (15.89%) | loss: 2.785239 | lrm: 1.00 | dt: 8316.99ms | tok/sec: 126,076 | bf16_mfu: 5.05 | epoch: 1 pq: 20 rg: 62 | total time: 121.54m | eta: 650.5m
step 00886/05568 (15.91%) | loss: 2.796435 | lrm: 1.00 | dt: 8314.22ms | tok/sec: 126,118 | bf16_mfu: 5.05 | epoch: 1 pq: 20 rg: 64 | total time: 121.68m | eta: 650.4m
step 00887/05568 (15.93%) | loss: 2.802218 | lrm: 1.00 | dt: 8305.83ms | tok/sec: 126,245 | bf16_mfu: 5.06 | epoch: 1 pq: 20 rg: 66 | total time: 121.82m | eta: 650.2m
step 00888/05568 (15.95%) | loss: 2.796102 | lrm: 1.00 | dt: 8319.91ms | tok/sec: 126,032 | bf16_mfu: 5.05 | epoch: 1 pq: 20 rg: 67 | total time: 121.96m | eta: 650.1m
step 00889/05568 (15.97%) | loss: 2.812734 | lrm: 1.00 | dt: 8323.52ms | tok/sec: 125,977 | bf16_mfu: 5.05 | epoch: 1 pq: 20 rg: 69 | total time: 122.10m | eta: 649.9m
step 00890/05568 (15.98%) | loss: 2.806401 | lrm: 1.00 | dt: 8313.57ms | tok/sec: 126,128 | bf16_mfu: 5.05 | epoch: 1 pq: 20 rg: 71 | total time: 122.24m | eta: 649.8m
step 00891/05568 (16.00%) | loss: 2.790186 | lrm: 1.00 | dt: 8314.80ms | tok/sec: 126,109 | bf16_mfu: 5.05 | epoch: 1 pq: 20 rg: 73 | total time: 122.38m | eta: 649.7m
step 00892/05568 (16.02%) | loss: 2.800118 | lrm: 1.00 | dt: 8320.76ms | tok/sec: 126,019 | bf16_mfu: 5.05 | epoch: 1 pq: 20 rg: 75 | total time: 122.51m | eta: 649.5m
step 00893/05568 (16.04%) | loss: 2.799015 | lrm: 1.00 | dt: 8311.68ms | tok/sec: 126,156 | bf16_mfu: 5.06 | epoch: 1 pq: 20 rg: 77 | total time: 122.65m | eta: 649.4m
step 00894/05568 (16.06%) | loss: 2.796502 | lrm: 1.00 | dt: 8327.86ms | tok/sec: 125,911 | bf16_mfu: 5.05 | epoch: 1 pq: 20 rg: 79 | total time: 122.79m | eta: 649.2m
step 00895/05568 (16.07%) | loss: 2.796321 | lrm: 1.00 | dt: 8320.22ms | tok/sec: 126,027 | bf16_mfu: 5.05 | epoch: 1 pq: 20 rg: 81 | total time: 122.93m | eta: 649.1m
step 00896/05568 (16.09%) | loss: 2.800170 | lrm: 1.00 | dt: 8310.59ms | tok/sec: 126,173 | bf16_mfu: 5.06 | epoch: 1 pq: 20 rg: 83 | total time: 123.07m | eta: 649.0m
step 00897/05568 (16.11%) | loss: 2.807561 | lrm: 1.00 | dt: 8325.07ms | tok/sec: 125,954 | bf16_mfu: 5.05 | epoch: 1 pq: 21 rg: 1 | total time: 123.21m | eta: 648.8m
step 00898/05568 (16.13%) | loss: 2.783767 | lrm: 1.00 | dt: 8316.81ms | tok/sec: 126,079 | bf16_mfu: 5.05 | epoch: 1 pq: 21 rg: 3 | total time: 123.35m | eta: 648.7m
step 00899/05568 (16.15%) | loss: 2.784850 | lrm: 1.00 | dt: 8319.91ms | tok/sec: 126,032 | bf16_mfu: 5.05 | epoch: 1 pq: 21 rg: 5 | total time: 123.49m | eta: 648.5m
step 00900/05568 (16.16%) | loss: 2.786913 | lrm: 1.00 | dt: 8314.95ms | tok/sec: 126,107 | bf16_mfu: 5.05 | epoch: 1 pq: 21 rg: 7 | total time: 123.62m | eta: 648.4m
step 00901/05568 (16.18%) | loss: 2.793853 | lrm: 1.00 | dt: 8365.08ms | tok/sec: 125,351 | bf16_mfu: 5.02 | epoch: 1 pq: 21 rg: 9 | total time: 123.76m | eta: 648.3m
step 00902/05568 (16.20%) | loss: 2.794909 | lrm: 1.00 | dt: 8317.70ms | tok/sec: 126,065 | bf16_mfu: 5.05 | epoch: 1 pq: 21 rg: 11 | total time: 123.90m | eta: 648.1m
step 00903/05568 (16.22%) | loss: 2.804811 | lrm: 1.00 | dt: 8315.03ms | tok/sec: 126,106 | bf16_mfu: 5.05 | epoch: 1 pq: 21 rg: 13 | total time: 124.04m | eta: 648.0m
step 00904/05568 (16.24%) | loss: 2.816583 | lrm: 1.00 | dt: 8317.17ms | tok/sec: 126,073 | bf16_mfu: 5.05 | epoch: 1 pq: 21 rg: 15 | total time: 124.18m | eta: 647.8m
step 00905/05568 (16.25%) | loss: 2.813459 | lrm: 1.00 | dt: 8307.02ms | tok/sec: 126,227 | bf16_mfu: 5.06 | epoch: 1 pq: 21 rg: 16 | total time: 124.32m | eta: 647.7m
step 00906/05568 (16.27%) | loss: 2.811275 | lrm: 1.00 | dt: 8321.37ms | tok/sec: 126,010 | bf16_mfu: 5.05 | epoch: 1 pq: 21 rg: 18 | total time: 124.46m | eta: 647.6m
step 00907/05568 (16.29%) | loss: 2.813451 | lrm: 1.00 | dt: 8309.62ms | tok/sec: 126,188 | bf16_mfu: 5.06 | epoch: 1 pq: 21 rg: 20 | total time: 124.59m | eta: 647.4m
step 00908/05568 (16.31%) | loss: 2.817581 | lrm: 1.00 | dt: 8315.54ms | tok/sec: 126,098 | bf16_mfu: 5.05 | epoch: 1 pq: 21 rg: 22 | total time: 124.73m | eta: 647.3m
step 00909/05568 (16.33%) | loss: 2.812230 | lrm: 1.00 | dt: 8314.22ms | tok/sec: 126,118 | bf16_mfu: 5.05 | epoch: 1 pq: 21 rg: 24 | total time: 124.87m | eta: 647.1m
step 00910/05568 (16.34%) | loss: 2.789898 | lrm: 1.00 | dt: 8310.18ms | tok/sec: 126,179 | bf16_mfu: 5.06 | epoch: 1 pq: 21 rg: 26 | total time: 125.01m | eta: 647.0m
step 00911/05568 (16.36%) | loss: 2.783441 | lrm: 1.00 | dt: 8315.94ms | tok/sec: 126,092 | bf16_mfu: 5.05 | epoch: 1 pq: 21 rg: 28 | total time: 125.15m | eta: 646.9m
step 00912/05568 (16.38%) | loss: 2.764085 | lrm: 1.00 | dt: 8313.65ms | tok/sec: 126,127 | bf16_mfu: 5.05 | epoch: 1 pq: 21 rg: 30 | total time: 125.29m | eta: 646.7m
step 00913/05568 (16.40%) | loss: 2.763899 | lrm: 1.00 | dt: 8306.51ms | tok/sec: 126,235 | bf16_mfu: 5.06 | epoch: 1 pq: 21 rg: 32 | total time: 125.43m | eta: 646.6m
step 00914/05568 (16.42%) | loss: 2.775006 | lrm: 1.00 | dt: 8309.45ms | tok/sec: 126,190 | bf16_mfu: 5.06 | epoch: 1 pq: 21 rg: 34 | total time: 125.56m | eta: 646.4m
step 00915/05568 (16.43%) | loss: 2.752760 | lrm: 1.00 | dt: 8318.31ms | tok/sec: 126,056 | bf16_mfu: 5.05 | epoch: 1 pq: 21 rg: 36 | total time: 125.70m | eta: 646.3m
step 00916/05568 (16.45%) | loss: 2.780802 | lrm: 1.00 | dt: 8320.10ms | tok/sec: 126,029 | bf16_mfu: 5.05 | epoch: 1 pq: 21 rg: 38 | total time: 125.84m | eta: 646.2m
step 00917/05568 (16.47%) | loss: 2.762490 | lrm: 1.00 | dt: 8308.18ms | tok/sec: 126,210 | bf16_mfu: 5.06 | epoch: 1 pq: 21 rg: 40 | total time: 125.98m | eta: 646.0m
step 00918/05568 (16.49%) | loss: 2.767568 | lrm: 1.00 | dt: 8321.85ms | tok/sec: 126,002 | bf16_mfu: 5.05 | epoch: 1 pq: 21 rg: 42 | total time: 126.12m | eta: 645.9m
step 00919/05568 (16.51%) | loss: 2.773737 | lrm: 1.00 | dt: 8308.39ms | tok/sec: 126,206 | bf16_mfu: 5.06 | epoch: 1 pq: 21 rg: 44 | total time: 126.26m | eta: 645.7m
step 00920/05568 (16.52%) | loss: 2.772671 | lrm: 1.00 | dt: 8309.73ms | tok/sec: 126,186 | bf16_mfu: 5.06 | epoch: 1 pq: 21 rg: 46 | total time: 126.40m | eta: 645.6m
step 00921/05568 (16.54%) | loss: 2.777845 | lrm: 1.00 | dt: 8314.47ms | tok/sec: 126,114 | bf16_mfu: 5.05 | epoch: 1 pq: 21 rg: 47 | total time: 126.53m | eta: 645.5m
step 00922/05568 (16.56%) | loss: 2.794902 | lrm: 1.00 | dt: 8316.41ms | tok/sec: 126,085 | bf16_mfu: 5.05 | epoch: 1 pq: 21 rg: 49 | total time: 126.67m | eta: 645.3m
step 00923/05568 (16.58%) | loss: 2.807326 | lrm: 1.00 | dt: 8322.46ms | tok/sec: 125,993 | bf16_mfu: 5.05 | epoch: 1 pq: 21 rg: 51 | total time: 126.81m | eta: 645.2m
step 00924/05568 (16.59%) | loss: 2.802492 | lrm: 1.00 | dt: 8312.62ms | tok/sec: 126,142 | bf16_mfu: 5.06 | epoch: 1 pq: 21 rg: 53 | total time: 126.95m | eta: 645.0m
step 00925/05568 (16.61%) | loss: 2.782022 | lrm: 1.00 | dt: 8318.90ms | tok/sec: 126,047 | bf16_mfu: 5.05 | epoch: 1 pq: 21 rg: 55 | total time: 127.09m | eta: 644.9m
step 00926/05568 (16.63%) | loss: 2.784133 | lrm: 1.00 | dt: 8318.32ms | tok/sec: 126,056 | bf16_mfu: 5.05 | epoch: 1 pq: 21 rg: 57 | total time: 127.23m | eta: 644.7m
step 00927/05568 (16.65%) | loss: 2.789239 | lrm: 1.00 | dt: 8323.39ms | tok/sec: 125,979 | bf16_mfu: 5.05 | epoch: 1 pq: 21 rg: 59 | total time: 127.37m | eta: 644.6m
step 00928/05568 (16.67%) | loss: 2.797674 | lrm: 1.00 | dt: 8313.59ms | tok/sec: 126,127 | bf16_mfu: 5.05 | epoch: 1 pq: 21 rg: 61 | total time: 127.50m | eta: 644.5m
step 00929/05568 (16.68%) | loss: 2.801003 | lrm: 1.00 | dt: 8307.47ms | tok/sec: 126,220 | bf16_mfu: 5.06 | epoch: 1 pq: 21 rg: 63 | total time: 127.64m | eta: 644.3m
step 00930/05568 (16.70%) | loss: 2.793462 | lrm: 1.00 | dt: 8321.92ms | tok/sec: 126,001 | bf16_mfu: 5.05 | epoch: 1 pq: 21 rg: 65 | total time: 127.78m | eta: 644.2m
step 00931/05568 (16.72%) | loss: 2.784318 | lrm: 1.00 | dt: 8325.86ms | tok/sec: 125,942 | bf16_mfu: 5.05 | epoch: 1 pq: 21 rg: 67 | total time: 127.92m | eta: 644.0m
step 00932/05568 (16.74%) | loss: 2.777209 | lrm: 1.00 | dt: 8323.33ms | tok/sec: 125,980 | bf16_mfu: 5.05 | epoch: 1 pq: 21 rg: 69 | total time: 128.06m | eta: 643.9m
step 00933/05568 (16.76%) | loss: 2.767963 | lrm: 1.00 | dt: 8308.18ms | tok/sec: 126,210 | bf16_mfu: 5.06 | epoch: 1 pq: 21 rg: 71 | total time: 128.20m | eta: 643.8m
step 00934/05568 (16.77%) | loss: 2.771147 | lrm: 1.00 | dt: 8312.91ms | tok/sec: 126,138 | bf16_mfu: 5.06 | epoch: 1 pq: 21 rg: 72 | total time: 128.34m | eta: 643.6m
step 00935/05568 (16.79%) | loss: 2.772195 | lrm: 1.00 | dt: 8323.85ms | tok/sec: 125,972 | bf16_mfu: 5.05 | epoch: 1 pq: 21 rg: 74 | total time: 128.48m | eta: 643.5m
step 00936/05568 (16.81%) | loss: 2.778642 | lrm: 1.00 | dt: 8315.54ms | tok/sec: 126,098 | bf16_mfu: 5.05 | epoch: 1 pq: 21 rg: 76 | total time: 128.61m | eta: 643.3m
step 00937/05568 (16.83%) | loss: 2.771366 | lrm: 1.00 | dt: 8316.86ms | tok/sec: 126,078 | bf16_mfu: 5.05 | epoch: 1 pq: 21 rg: 78 | total time: 128.75m | eta: 643.2m
step 00938/05568 (16.85%) | loss: 2.784188 | lrm: 1.00 | dt: 8306.04ms | tok/sec: 126,242 | bf16_mfu: 5.06 | epoch: 1 pq: 21 rg: 80 | total time: 128.89m | eta: 643.1m
step 00939/05568 (16.86%) | loss: 2.778927 | lrm: 1.00 | dt: 8314.14ms | tok/sec: 126,119 | bf16_mfu: 5.05 | epoch: 1 pq: 21 rg: 82 | total time: 129.03m | eta: 642.9m
step 00940/05568 (16.88%) | loss: 2.759218 | lrm: 1.00 | dt: 8317.64ms | tok/sec: 126,066 | bf16_mfu: 5.05 | epoch: 1 pq: 22 rg: 1 | total time: 129.17m | eta: 642.8m
step 00941/05568 (16.90%) | loss: 2.762060 | lrm: 1.00 | dt: 8441.36ms | tok/sec: 124,218 | bf16_mfu: 4.98 | epoch: 1 pq: 22 rg: 3 | total time: 129.31m | eta: 642.7m
step 00942/05568 (16.92%) | loss: 2.763199 | lrm: 1.00 | dt: 8319.57ms | tok/sec: 126,037 | bf16_mfu: 5.05 | epoch: 1 pq: 22 rg: 5 | total time: 129.45m | eta: 642.5m
step 00943/05568 (16.94%) | loss: 2.765710 | lrm: 1.00 | dt: 8334.04ms | tok/sec: 125,818 | bf16_mfu: 5.04 | epoch: 1 pq: 22 rg: 7 | total time: 129.59m | eta: 642.4m
step 00944/05568 (16.95%) | loss: 2.751748 | lrm: 1.00 | dt: 8311.62ms | tok/sec: 126,157 | bf16_mfu: 5.06 | epoch: 1 pq: 22 rg: 9 | total time: 129.72m | eta: 642.2m
step 00945/05568 (16.97%) | loss: 2.753684 | lrm: 1.00 | dt: 8314.44ms | tok/sec: 126,115 | bf16_mfu: 5.05 | epoch: 1 pq: 22 rg: 11 | total time: 129.86m | eta: 642.1m
step 00946/05568 (16.99%) | loss: 2.769958 | lrm: 1.00 | dt: 8314.27ms | tok/sec: 126,117 | bf16_mfu: 5.05 | epoch: 1 pq: 22 rg: 13 | total time: 130.00m | eta: 642.0m
step 00947/05568 (17.01%) | loss: 2.774613 | lrm: 1.00 | dt: 8316.27ms | tok/sec: 126,087 | bf16_mfu: 5.05 | epoch: 1 pq: 22 rg: 15 | total time: 130.14m | eta: 641.8m
step 00948/05568 (17.03%) | loss: 2.789834 | lrm: 1.00 | dt: 8312.99ms | tok/sec: 126,136 | bf16_mfu: 5.06 | epoch: 1 pq: 22 rg: 17 | total time: 130.28m | eta: 641.7m
step 00949/05568 (17.04%) | loss: 2.791817 | lrm: 1.00 | dt: 8312.13ms | tok/sec: 126,150 | bf16_mfu: 5.06 | epoch: 1 pq: 22 rg: 19 | total time: 130.42m | eta: 641.5m
step 00950/05568 (17.06%) | loss: 2.787383 | lrm: 1.00 | dt: 8303.70ms | tok/sec: 126,278 | bf16_mfu: 5.06 | epoch: 1 pq: 22 rg: 21 | total time: 130.56m | eta: 641.4m
step 00951/05568 (17.08%) | loss: 2.772307 | lrm: 1.00 | dt: 8309.86ms | tok/sec: 126,184 | bf16_mfu: 5.06 | epoch: 1 pq: 22 rg: 22 | total time: 130.69m | eta: 641.3m
step 00952/05568 (17.10%) | loss: 2.774032 | lrm: 1.00 | dt: 8329.60ms | tok/sec: 125,885 | bf16_mfu: 5.05 | epoch: 1 pq: 22 rg: 24 | total time: 130.83m | eta: 641.1m
step 00953/05568 (17.12%) | loss: 2.782074 | lrm: 1.00 | dt: 8310.86ms | tok/sec: 126,169 | bf16_mfu: 5.06 | epoch: 1 pq: 22 rg: 26 | total time: 130.97m | eta: 641.0m
step 00954/05568 (17.13%) | loss: 2.758217 | lrm: 1.00 | dt: 8313.29ms | tok/sec: 126,132 | bf16_mfu: 5.06 | epoch: 1 pq: 22 rg: 28 | total time: 131.11m | eta: 640.8m
step 00955/05568 (17.15%) | loss: 2.751735 | lrm: 1.00 | dt: 8389.79ms | tok/sec: 124,982 | bf16_mfu: 5.01 | epoch: 1 pq: 22 rg: 30 | total time: 131.25m | eta: 640.7m
step 00956/05568 (17.17%) | loss: 2.760620 | lrm: 1.00 | dt: 8310.61ms | tok/sec: 126,173 | bf16_mfu: 5.06 | epoch: 1 pq: 22 rg: 32 | total time: 131.39m | eta: 640.6m
step 00957/05568 (17.19%) | loss: 2.749000 | lrm: 1.00 | dt: 8317.13ms | tok/sec: 126,074 | bf16_mfu: 5.05 | epoch: 1 pq: 22 rg: 34 | total time: 131.53m | eta: 640.4m
step 00958/05568 (17.21%) | loss: 2.736634 | lrm: 1.00 | dt: 8315.56ms | tok/sec: 126,098 | bf16_mfu: 5.05 | epoch: 1 pq: 22 rg: 36 | total time: 131.67m | eta: 640.3m
step 00959/05568 (17.22%) | loss: 2.736580 | lrm: 1.00 | dt: 8310.55ms | tok/sec: 126,174 | bf16_mfu: 5.06 | epoch: 1 pq: 22 rg: 38 | total time: 131.80m | eta: 640.1m
step 00960/05568 (17.24%) | loss: 2.767746 | lrm: 1.00 | dt: 8306.60ms | tok/sec: 126,234 | bf16_mfu: 5.06 | epoch: 1 pq: 22 rg: 40 | total time: 131.94m | eta: 640.0m
step 00961/05568 (17.26%) | loss: 2.778786 | lrm: 1.00 | dt: 8311.03ms | tok/sec: 126,166 | bf16_mfu: 5.06 | epoch: 1 pq: 22 rg: 42 | total time: 132.08m | eta: 639.9m
step 00962/05568 (17.28%) | loss: 2.770421 | lrm: 1.00 | dt: 8315.73ms | tok/sec: 126,095 | bf16_mfu: 5.05 | epoch: 1 pq: 22 rg: 44 | total time: 132.22m | eta: 639.7m
step 00963/05568 (17.30%) | loss: 2.781595 | lrm: 1.00 | dt: 8314.14ms | tok/sec: 126,119 | bf16_mfu: 5.05 | epoch: 1 pq: 22 rg: 46 | total time: 132.36m | eta: 639.6m
step 00964/05568 (17.31%) | loss: 2.779370 | lrm: 1.00 | dt: 8317.92ms | tok/sec: 126,062 | bf16_mfu: 5.05 | epoch: 1 pq: 22 rg: 48 | total time: 132.50m | eta: 639.4m
step 00965/05568 (17.33%) | loss: 2.772867 | lrm: 1.00 | dt: 8304.39ms | tok/sec: 126,267 | bf16_mfu: 5.06 | epoch: 1 pq: 22 rg: 50 | total time: 132.64m | eta: 639.3m
step 00966/05568 (17.35%) | loss: 2.755312 | lrm: 1.00 | dt: 8309.78ms | tok/sec: 126,185 | bf16_mfu: 5.06 | epoch: 1 pq: 22 rg: 52 | total time: 132.77m | eta: 639.1m
step 00967/05568 (17.37%) | loss: 2.743305 | lrm: 1.00 | dt: 8305.80ms | tok/sec: 126,246 | bf16_mfu: 5.06 | epoch: 1 pq: 22 rg: 54 | total time: 132.91m | eta: 639.0m
step 00968/05568 (17.39%) | loss: 2.748011 | lrm: 1.00 | dt: 8320.68ms | tok/sec: 126,020 | bf16_mfu: 5.05 | epoch: 1 pq: 22 rg: 56 | total time: 133.05m | eta: 638.9m
step 00969/05568 (17.40%) | loss: 2.739559 | lrm: 1.00 | dt: 8311.19ms | tok/sec: 126,164 | bf16_mfu: 5.06 | epoch: 1 pq: 22 rg: 58 | total time: 133.19m | eta: 638.7m
step 00970/05568 (17.42%) | loss: 2.746176 | lrm: 1.00 | dt: 8310.11ms | tok/sec: 126,180 | bf16_mfu: 5.06 | epoch: 1 pq: 22 rg: 59 | total time: 133.33m | eta: 638.6m
step 00971/05568 (17.44%) | loss: 2.736774 | lrm: 1.00 | dt: 8307.92ms | tok/sec: 126,214 | bf16_mfu: 5.06 | epoch: 1 pq: 22 rg: 61 | total time: 133.47m | eta: 638.4m
step 00972/05568 (17.46%) | loss: 2.740723 | lrm: 1.00 | dt: 8305.07ms | tok/sec: 126,257 | bf16_mfu: 5.06 | epoch: 1 pq: 22 rg: 63 | total time: 133.61m | eta: 638.3m
step 00973/05568 (17.47%) | loss: 2.729776 | lrm: 1.00 | dt: 8319.87ms | tok/sec: 126,032 | bf16_mfu: 5.05 | epoch: 1 pq: 22 rg: 65 | total time: 133.74m | eta: 638.2m
step 00974/05568 (17.49%) | loss: 2.741477 | lrm: 1.00 | dt: 8303.17ms | tok/sec: 126,286 | bf16_mfu: 5.06 | epoch: 1 pq: 22 rg: 67 | total time: 133.88m | eta: 638.0m
step 00975/05568 (17.51%) | loss: 2.753285 | lrm: 1.00 | dt: 8320.00ms | tok/sec: 126,030 | bf16_mfu: 5.05 | epoch: 1 pq: 22 rg: 69 | total time: 134.02m | eta: 637.9m
step 00976/05568 (17.53%) | loss: 2.768489 | lrm: 1.00 | dt: 8302.31ms | tok/sec: 126,299 | bf16_mfu: 5.06 | epoch: 1 pq: 22 rg: 71 | total time: 134.16m | eta: 637.7m
step 00977/05568 (17.55%) | loss: 2.756174 | lrm: 1.00 | dt: 8315.56ms | tok/sec: 126,098 | bf16_mfu: 5.05 | epoch: 1 pq: 22 rg: 73 | total time: 134.30m | eta: 637.6m
step 00978/05568 (17.56%) | loss: 2.745627 | lrm: 1.00 | dt: 8306.17ms | tok/sec: 126,240 | bf16_mfu: 5.06 | epoch: 1 pq: 22 rg: 75 | total time: 134.44m | eta: 637.5m
step 00979/05568 (17.58%) | loss: 2.758633 | lrm: 1.00 | dt: 8317.25ms | tok/sec: 126,072 | bf16_mfu: 5.05 | epoch: 1 pq: 22 rg: 77 | total time: 134.58m | eta: 637.3m
step 00980/05568 (17.60%) | loss: 2.765118 | lrm: 1.00 | dt: 8309.25ms | tok/sec: 126,193 | bf16_mfu: 5.06 | epoch: 1 pq: 22 rg: 79 | total time: 134.71m | eta: 637.2m
step 00981/05568 (17.62%) | loss: 2.756933 | lrm: 1.00 | dt: 8311.69ms | tok/sec: 126,156 | bf16_mfu: 5.06 | epoch: 1 pq: 22 rg: 81 | total time: 134.85m | eta: 637.0m
step 00982/05568 (17.64%) | loss: 2.753129 | lrm: 1.00 | dt: 8322.32ms | tok/sec: 125,995 | bf16_mfu: 5.05 | epoch: 1 pq: 22 rg: 83 | total time: 134.99m | eta: 636.9m
step 00983/05568 (17.65%) | loss: 2.753352 | lrm: 1.00 | dt: 8302.86ms | tok/sec: 126,290 | bf16_mfu: 5.06 | epoch: 1 pq: 23 rg: 1 | total time: 135.13m | eta: 636.8m
step 00984/05568 (17.67%) | loss: 2.758720 | lrm: 1.00 | dt: 8312.88ms | tok/sec: 126,138 | bf16_mfu: 5.06 | epoch: 1 pq: 23 rg: 3 | total time: 135.27m | eta: 636.6m
step 00985/05568 (17.69%) | loss: 2.764321 | lrm: 1.00 | dt: 8303.00ms | tok/sec: 126,288 | bf16_mfu: 5.06 | epoch: 1 pq: 23 rg: 5 | total time: 135.41m | eta: 636.5m
step 00986/05568 (17.71%) | loss: 2.762147 | lrm: 1.00 | dt: 8315.78ms | tok/sec: 126,094 | bf16_mfu: 5.05 | epoch: 1 pq: 23 rg: 7 | total time: 135.54m | eta: 636.3m
step 00987/05568 (17.73%) | loss: 2.775354 | lrm: 1.00 | dt: 8323.14ms | tok/sec: 125,983 | bf16_mfu: 5.05 | epoch: 1 pq: 23 rg: 8 | total time: 135.68m | eta: 636.2m
step 00988/05568 (17.74%) | loss: 2.774264 | lrm: 1.00 | dt: 8319.86ms | tok/sec: 126,032 | bf16_mfu: 5.05 | epoch: 1 pq: 23 rg: 10 | total time: 135.82m | eta: 636.1m
step 00989/05568 (17.76%) | loss: 2.771009 | lrm: 1.00 | dt: 8316.58ms | tok/sec: 126,082 | bf16_mfu: 5.05 | epoch: 1 pq: 23 rg: 12 | total time: 135.96m | eta: 635.9m
step 00990/05568 (17.78%) | loss: 2.783611 | lrm: 1.00 | dt: 8301.89ms | tok/sec: 126,305 | bf16_mfu: 5.06 | epoch: 1 pq: 23 rg: 14 | total time: 136.10m | eta: 635.8m
step 00991/05568 (17.80%) | loss: 2.781478 | lrm: 1.00 | dt: 8307.84ms | tok/sec: 126,215 | bf16_mfu: 5.06 | epoch: 1 pq: 23 rg: 16 | total time: 136.24m | eta: 635.6m
step 00992/05568 (17.82%) | loss: 2.786860 | lrm: 1.00 | dt: 8309.55ms | tok/sec: 126,189 | bf16_mfu: 5.06 | epoch: 1 pq: 23 rg: 18 | total time: 136.38m | eta: 635.5m
step 00993/05568 (17.83%) | loss: 2.784881 | lrm: 1.00 | dt: 8317.88ms | tok/sec: 126,062 | bf16_mfu: 5.05 | epoch: 1 pq: 23 rg: 20 | total time: 136.51m | eta: 635.4m
step 00994/05568 (17.85%) | loss: 2.773880 | lrm: 1.00 | dt: 8316.83ms | tok/sec: 126,078 | bf16_mfu: 5.05 | epoch: 1 pq: 23 rg: 22 | total time: 136.65m | eta: 635.2m
step 00995/05568 (17.87%) | loss: 2.784394 | lrm: 1.00 | dt: 8304.22ms | tok/sec: 126,270 | bf16_mfu: 5.06 | epoch: 1 pq: 23 rg: 24 | total time: 136.79m | eta: 635.1m
step 00996/05568 (17.89%) | loss: 2.774084 | lrm: 1.00 | dt: 8304.87ms | tok/sec: 126,260 | bf16_mfu: 5.06 | epoch: 1 pq: 23 rg: 26 | total time: 136.93m | eta: 634.9m
step 00997/05568 (17.91%) | loss: 2.780689 | lrm: 1.00 | dt: 8324.10ms | tok/sec: 125,968 | bf16_mfu: 5.05 | epoch: 1 pq: 23 rg: 28 | total time: 137.07m | eta: 634.8m
step 00998/05568 (17.92%) | loss: 2.772539 | lrm: 1.00 | dt: 8305.73ms | tok/sec: 126,247 | bf16_mfu: 5.06 | epoch: 1 pq: 23 rg: 30 | total time: 137.21m | eta: 634.7m
step 00999/05568 (17.94%) | loss: 2.771412 | lrm: 1.00 | dt: 8303.38ms | tok/sec: 126,283 | bf16_mfu: 5.06 | epoch: 1 pq: 23 rg: 32 | total time: 137.35m | eta: 634.5m
Step 01000 | Validation bpb: 0.845455
Evaluating: hellaswag_zeroshot (0-shot, type: multiple_choice)... accuracy: 0.4020 | centered: 0.2027 | time: 13.29s
Evaluating: jeopardy (10-shot, type: language_modeling)... accuracy: 0.0140 | centered: 0.0140 | time: 13.23s
Evaluating: bigbench_qa_wikidata (10-shot, type: language_modeling)... accuracy: 0.2680 | centered: 0.2680 | time: 13.15s
Evaluating: arc_easy (10-shot, type: multiple_choice)... accuracy: 0.5920 | centered: 0.4560 | time: 14.21s
Evaluating: arc_challenge (10-shot, type: multiple_choice)... accuracy: 0.3000 | centered: 0.0667 | time: 14.26s
Evaluating: copa (0-shot, type: multiple_choice)... accuracy: 0.6600 | centered: 0.3200 | time: 2.61s
Evaluating: commonsense_qa (10-shot, type: multiple_choice)... accuracy: 0.3740 | centered: 0.2175 | time: 14.45s
Evaluating: piqa (10-shot, type: multiple_choice)... accuracy: 0.6840 | centered: 0.3680 | time: 13.77s
Evaluating: openbook_qa (0-shot, type: multiple_choice)... accuracy: 0.3200 | centered: 0.0933 | time: 13.19s
Evaluating: lambada_openai (0-shot, type: language_modeling)... accuracy: 0.3060 | centered: 0.3060 | time: 13.14s
Evaluating: hellaswag (10-shot, type: multiple_choice)... accuracy: 0.4080 | centered: 0.2107 | time: 16.09s
Evaluating: winograd (0-shot, type: schema)... accuracy: 0.6081 | centered: 0.2161 | time: 7.18s
Evaluating: winogrande (0-shot, type: schema)... accuracy: 0.5160 | centered: 0.0320 | time: 12.95s
Evaluating: bigbench_dyck_languages (10-shot, type: language_modeling)... accuracy: 0.1380 | centered: 0.1380 | time: 13.64s
Evaluating: agi_eval_lsat_ar (3-shot, type: multiple_choice)... accuracy: 0.2609 | centered: 0.0761 | time: 7.15s
Evaluating: bigbench_cs_algorithms (10-shot, type: language_modeling)... accuracy: 0.4420 | centered: 0.4420 | time: 13.20s
Evaluating: bigbench_operators (10-shot, type: language_modeling)... accuracy: 0.0857 | centered: 0.0857 | time: 5.49s
Evaluating: bigbench_repeat_copy_logic (10-shot, type: language_modeling)... accuracy: 0.0000 | centered: 0.0000 | time: 0.82s
Evaluating: squad (10-shot, type: language_modeling)... accuracy: 0.2240 | centered: 0.2240 | time: 15.65s
Evaluating: coqa (0-shot, type: language_modeling)... accuracy: 0.1840 | centered: 0.1840 | time: 13.41s
Evaluating: boolq (10-shot, type: multiple_choice)... accuracy: 0.4940 | centered: -0.3316 | time: 15.97s
Evaluating: bigbench_language_identification (10-shot, type: multiple_choice)... accuracy: 0.2560 | centered: 0.1815 | time: 21.93s
Step 01000 | CORE metric: 0.1714
2026-10-07 21:47:31,645 - nanochat.checkpoint_manager - [32m[1mINFO[0m - Saved model parameters to: /home/astarostin/.cache/nanochat/base_checkpoints/d24_1xh100/model_001000.pt
2026-10-07 21:47:31,646 - nanochat.checkpoint_manager - [32m[1mINFO[0m - Saved metadata to: /home/astarostin/.cache/nanochat/base_checkpoints/d24_1xh100/meta_001000.json
2026-10-07 21:47:40,688 - nanochat.checkpoint_manager - [32m[1mINFO[0m - Saved optimizer state to: /home/astarostin/.cache/nanochat/base_checkpoints/d24_1xh100/optim_001000_rank0.pt
step 01000/05568 (17.96%) | loss: 2.766885 | lrm: 1.00 | dt: 8236.38ms | tok/sec: 127,310 | bf16_mfu: 5.10 | epoch: 1 pq: 23 rg: 34 | total time: 137.48m | eta: 634.4m
step 01001/05568 (17.98%) | loss: 2.762007 | lrm: 1.00 | dt: 8275.36ms | tok/sec: 126,710 | bf16_mfu: 5.08 | epoch: 1 pq: 23 rg: 35 | total time: 137.62m | eta: 634.2m
step 01002/05568 (18.00%) | loss: 2.744113 | lrm: 1.00 | dt: 8269.85ms | tok/sec: 126,795 | bf16_mfu: 5.08 | epoch: 1 pq: 23 rg: 37 | total time: 137.76m | eta: 634.1m
step 01003/05568 (18.01%) | loss: 2.733922 | lrm: 1.00 | dt: 8280.54ms | tok/sec: 126,631 | bf16_mfu: 5.08 | epoch: 1 pq: 23 rg: 39 | total time: 137.90m | eta: 633.9m
step 01004/05568 (18.03%) | loss: 2.736021 | lrm: 1.00 | dt: 8285.05ms | tok/sec: 126,562 | bf16_mfu: 5.07 | epoch: 1 pq: 23 rg: 41 | total time: 138.03m | eta: 633.8m
step 01005/05568 (18.05%) | loss: 2.740011 | lrm: 1.00 | dt: 8296.00ms | tok/sec: 126,395 | bf16_mfu: 5.07 | epoch: 1 pq: 23 rg: 43 | total time: 138.17m | eta: 633.7m
step 01006/05568 (18.07%) | loss: 2.761572 | lrm: 1.00 | dt: 8298.23ms | tok/sec: 126,361 | bf16_mfu: 5.06 | epoch: 1 pq: 23 rg: 45 | total time: 138.31m | eta: 633.5m
step 01007/05568 (18.09%) | loss: 2.770605 | lrm: 1.00 | dt: 8309.57ms | tok/sec: 126,188 | bf16_mfu: 5.06 | epoch: 1 pq: 23 rg: 47 | total time: 138.45m | eta: 633.4m
step 01008/05568 (18.10%) | loss: 2.761935 | lrm: 1.00 | dt: 8312.29ms | tok/sec: 126,147 | bf16_mfu: 5.06 | epoch: 1 pq: 23 rg: 49 | total time: 138.59m | eta: 633.2m
step 01009/05568 (18.12%) | loss: 2.761193 | lrm: 1.00 | dt: 8305.30ms | tok/sec: 126,253 | bf16_mfu: 5.06 | epoch: 1 pq: 23 rg: 51 | total time: 138.73m | eta: 633.1m
step 01010/05568 (18.14%) | loss: 2.759423 | lrm: 1.00 | dt: 8310.31ms | tok/sec: 126,177 | bf16_mfu: 5.06 | epoch: 1 pq: 23 rg: 53 | total time: 138.87m | eta: 632.9m
step 01011/05568 (18.16%) | loss: 2.771861 | lrm: 1.00 | dt: 8256.73ms | tok/sec: 126,996 | bf16_mfu: 5.09 | epoch: 1 pq: 23 rg: 55 | total time: 139.00m | eta: 632.8m
step 01012/05568 (18.18%) | loss: 2.782870 | lrm: 1.00 | dt: 8253.94ms | tok/sec: 127,039 | bf16_mfu: 5.09 | epoch: 1 pq: 23 rg: 57 | total time: 139.14m | eta: 632.7m
step 01013/05568 (18.19%) | loss: 2.788007 | lrm: 1.00 | dt: 8265.68ms | tok/sec: 126,858 | bf16_mfu: 5.08 | epoch: 1 pq: 23 rg: 59 | total time: 139.28m | eta: 632.5m
step 01014/05568 (18.21%) | loss: 2.774281 | lrm: 1.00 | dt: 8263.21ms | tok/sec: 126,896 | bf16_mfu: 5.09 | epoch: 1 pq: 23 rg: 61 | total time: 139.42m | eta: 632.4m
step 01015/05568 (18.23%) | loss: 2.785201 | lrm: 1.00 | dt: 8247.85ms | tok/sec: 127,133 | bf16_mfu: 5.10 | epoch: 1 pq: 23 rg: 63 | total time: 139.55m | eta: 632.2m
step 01016/05568 (18.25%) | loss: 2.778121 | lrm: 1.00 | dt: 8261.22ms | tok/sec: 126,927 | bf16_mfu: 5.09 | epoch: 1 pq: 23 rg: 65 | total time: 139.69m | eta: 632.1m
step 01017/05568 (18.27%) | loss: 2.758780 | lrm: 1.00 | dt: 8267.47ms | tok/sec: 126,831 | bf16_mfu: 5.08 | epoch: 1 pq: 23 rg: 66 | total time: 139.83m | eta: 631.9m
step 01018/05568 (18.28%) | loss: 2.760050 | lrm: 1.00 | dt: 8254.02ms | tok/sec: 127,038 | bf16_mfu: 5.09 | epoch: 1 pq: 23 rg: 68 | total time: 139.97m | eta: 631.8m
step 01019/05568 (18.30%) | loss: 2.755567 | lrm: 1.00 | dt: 8265.75ms | tok/sec: 126,857 | bf16_mfu: 5.08 | epoch: 1 pq: 23 rg: 70 | total time: 140.10m | eta: 631.6m
step 01020/05568 (18.32%) | loss: 2.739668 | lrm: 1.00 | dt: 8278.62ms | tok/sec: 126,660 | bf16_mfu: 5.08 | epoch: 1 pq: 23 rg: 72 | total time: 140.24m | eta: 631.5m
step 01021/05568 (18.34%) | loss: 2.725049 | lrm: 1.00 | dt: 8262.07ms | tok/sec: 126,914 | bf16_mfu: 5.09 | epoch: 1 pq: 23 rg: 74 | total time: 140.38m | eta: 631.4m
step 01022/05568 (18.35%) | loss: 2.730423 | lrm: 1.00 | dt: 8258.05ms | tok/sec: 126,976 | bf16_mfu: 5.09 | epoch: 1 pq: 23 rg: 76 | total time: 140.52m | eta: 631.2m
step 01023/05568 (18.37%) | loss: 2.736058 | lrm: 1.00 | dt: 8252.63ms | tok/sec: 127,059 | bf16_mfu: 5.09 | epoch: 1 pq: 23 rg: 78 | total time: 140.66m | eta: 631.1m
step 01024/05568 (18.39%) | loss: 2.744178 | lrm: 1.00 | dt: 8260.20ms | tok/sec: 126,943 | bf16_mfu: 5.09 | epoch: 1 pq: 23 rg: 80 | total time: 140.79m | eta: 630.9m
step 01025/05568 (18.41%) | loss: 2.736773 | lrm: 1.00 | dt: 8262.08ms | tok/sec: 126,914 | bf16_mfu: 5.09 | epoch: 1 pq: 23 rg: 82 | total time: 140.93m | eta: 630.8m
step 01026/05568 (18.43%) | loss: 2.744369 | lrm: 1.00 | dt: 8262.84ms | tok/sec: 126,902 | bf16_mfu: 5.09 | epoch: 1 pq: 24 rg: 1 | total time: 141.07m | eta: 630.6m
step 01027/05568 (18.44%) | loss: 2.763189 | lrm: 1.00 | dt: 8267.67ms | tok/sec: 126,828 | bf16_mfu: 5.08 | epoch: 1 pq: 24 rg: 3 | total time: 141.21m | eta: 630.5m
step 01028/05568 (18.46%) | loss: 2.750026 | lrm: 1.00 | dt: 8258.03ms | tok/sec: 126,976 | bf16_mfu: 5.09 | epoch: 1 pq: 24 rg: 5 | total time: 141.34m | eta: 630.4m
step 01029/05568 (18.48%) | loss: 2.754060 | lrm: 1.00 | dt: 8264.13ms | tok/sec: 126,882 | bf16_mfu: 5.09 | epoch: 1 pq: 24 rg: 7 | total time: 141.48m | eta: 630.2m
step 01030/05568 (18.50%) | loss: 2.739559 | lrm: 1.00 | dt: 8262.44ms | tok/sec: 126,908 | bf16_mfu: 5.09 | epoch: 1 pq: 24 rg: 8 | total time: 141.62m | eta: 630.1m
step 01031/05568 (18.52%) | loss: 2.728447 | lrm: 1.00 | dt: 8321.93ms | tok/sec: 126,001 | bf16_mfu: 5.05 | epoch: 1 pq: 24 rg: 10 | total time: 141.76m | eta: 629.9m
step 01032/05568 (18.53%) | loss: 2.734171 | lrm: 1.00 | dt: 8263.45ms | tok/sec: 126,893 | bf16_mfu: 5.09 | epoch: 1 pq: 24 rg: 12 | total time: 141.90m | eta: 629.8m
step 01033/05568 (18.55%) | loss: 2.741625 | lrm: 1.00 | dt: 8268.87ms | tok/sec: 126,810 | bf16_mfu: 5.08 | epoch: 1 pq: 24 rg: 14 | total time: 142.03m | eta: 629.6m
step 01034/05568 (18.57%) | loss: 2.744810 | lrm: 1.00 | dt: 8267.11ms | tok/sec: 126,837 | bf16_mfu: 5.08 | epoch: 1 pq: 24 rg: 16 | total time: 142.17m | eta: 629.5m
step 01035/05568 (18.59%) | loss: 2.738674 | lrm: 1.00 | dt: 8261.06ms | tok/sec: 126,930 | bf16_mfu: 5.09 | epoch: 1 pq: 24 rg: 18 | total time: 142.31m | eta: 629.4m
step 01036/05568 (18.61%) | loss: 2.738885 | lrm: 1.00 | dt: 8277.17ms | tok/sec: 126,682 | bf16_mfu: 5.08 | epoch: 1 pq: 24 rg: 20 | total time: 142.45m | eta: 629.2m
step 01037/05568 (18.62%) | loss: 2.746481 | lrm: 1.00 | dt: 8263.17ms | tok/sec: 126,897 | bf16_mfu: 5.09 | epoch: 1 pq: 24 rg: 22 | total time: 142.58m | eta: 629.1m
step 01038/05568 (18.64%) | loss: 2.736833 | lrm: 1.00 | dt: 8268.18ms | tok/sec: 126,820 | bf16_mfu: 5.08 | epoch: 1 pq: 24 rg: 24 | total time: 142.72m | eta: 628.9m
step 01039/05568 (18.66%) | loss: 2.751069 | lrm: 1.00 | dt: 8256.60ms | tok/sec: 126,998 | bf16_mfu: 5.09 | epoch: 1 pq: 24 rg: 26 | total time: 142.86m | eta: 628.8m
step 01040/05568 (18.68%) | loss: 2.739882 | lrm: 1.00 | dt: 8269.42ms | tok/sec: 126,801 | bf16_mfu: 5.08 | epoch: 1 pq: 24 rg: 28 | total time: 143.00m | eta: 628.6m
step 01041/05568 (18.70%) | loss: 2.742912 | lrm: 1.00 | dt: 8272.48ms | tok/sec: 126,754 | bf16_mfu: 5.08 | epoch: 1 pq: 24 rg: 30 | total time: 143.14m | eta: 628.5m
step 01042/05568 (18.71%) | loss: 2.732681 | lrm: 1.00 | dt: 8265.92ms | tok/sec: 126,855 | bf16_mfu: 5.08 | epoch: 1 pq: 24 rg: 32 | total time: 143.27m | eta: 628.3m
step 01043/05568 (18.73%) | loss: 2.718943 | lrm: 1.00 | dt: 8266.70ms | tok/sec: 126,843 | bf16_mfu: 5.08 | epoch: 1 pq: 24 rg: 34 | total time: 143.41m | eta: 628.2m
step 01044/05568 (18.75%) | loss: 2.710139 | lrm: 1.00 | dt: 8263.29ms | tok/sec: 126,895 | bf16_mfu: 5.09 | epoch: 1 pq: 24 rg: 36 | total time: 143.55m | eta: 628.1m
step 01045/05568 (18.77%) | loss: 2.698370 | lrm: 1.00 | dt: 8259.44ms | tok/sec: 126,954 | bf16_mfu: 5.09 | epoch: 1 pq: 24 rg: 37 | total time: 143.69m | eta: 627.9m
step 01046/05568 (18.79%) | loss: 2.717747 | lrm: 1.00 | dt: 8267.92ms | tok/sec: 126,824 | bf16_mfu: 5.08 | epoch: 1 pq: 24 rg: 39 | total time: 143.82m | eta: 627.8m
step 01047/05568 (18.80%) | loss: 2.736746 | lrm: 1.00 | dt: 8263.59ms | tok/sec: 126,891 | bf16_mfu: 5.09 | epoch: 1 pq: 24 rg: 41 | total time: 143.96m | eta: 627.6m
step 01048/05568 (18.82%) | loss: 2.744696 | lrm: 1.00 | dt: 8256.11ms | tok/sec: 127,006 | bf16_mfu: 5.09 | epoch: 1 pq: 24 rg: 43 | total time: 144.10m | eta: 627.5m
step 01049/05568 (18.84%) | loss: 2.747360 | lrm: 1.00 | dt: 8265.25ms | tok/sec: 126,865 | bf16_mfu: 5.08 | epoch: 1 pq: 24 rg: 45 | total time: 144.24m | eta: 627.3m
step 01050/05568 (18.86%) | loss: 2.757886 | lrm: 1.00 | dt: 8262.49ms | tok/sec: 126,907 | bf16_mfu: 5.09 | epoch: 1 pq: 24 rg: 47 | total time: 144.38m | eta: 627.2m
step 01051/05568 (18.88%) | loss: 2.736670 | lrm: 1.00 | dt: 8309.90ms | tok/sec: 126,183 | bf16_mfu: 5.06 | epoch: 1 pq: 24 rg: 49 | total time: 144.51m | eta: 627.1m
step 01052/05568 (18.89%) | loss: 2.727002 | lrm: 1.00 | dt: 8262.59ms | tok/sec: 126,906 | bf16_mfu: 5.09 | epoch: 1 pq: 24 rg: 51 | total time: 144.65m | eta: 626.9m
step 01053/05568 (18.91%) | loss: 2.713273 | lrm: 1.00 | dt: 8262.86ms | tok/sec: 126,902 | bf16_mfu: 5.09 | epoch: 1 pq: 24 rg: 53 | total time: 144.79m | eta: 626.8m
step 01054/05568 (18.93%) | loss: 2.713649 | lrm: 1.00 | dt: 8265.80ms | tok/sec: 126,857 | bf16_mfu: 5.08 | epoch: 1 pq: 24 rg: 55 | total time: 144.93m | eta: 626.6m
step 01055/05568 (18.95%) | loss: 2.715910 | lrm: 1.00 | dt: 8261.98ms | tok/sec: 126,915 | bf16_mfu: 5.09 | epoch: 1 pq: 24 rg: 57 | total time: 145.06m | eta: 626.5m
step 01056/05568 (18.97%) | loss: 2.726100 | lrm: 1.00 | dt: 8262.41ms | tok/sec: 126,909 | bf16_mfu: 5.09 | epoch: 1 pq: 24 rg: 59 | total time: 145.20m | eta: 626.3m
step 01057/05568 (18.98%) | loss: 2.731188 | lrm: 1.00 | dt: 8266.64ms | tok/sec: 126,844 | bf16_mfu: 5.08 | epoch: 1 pq: 24 rg: 61 | total time: 145.34m | eta: 626.2m
step 01058/05568 (19.00%) | loss: 2.714720 | lrm: 1.00 | dt: 8267.69ms | tok/sec: 126,828 | bf16_mfu: 5.08 | epoch: 1 pq: 24 rg: 63 | total time: 145.48m | eta: 626.1m
step 01059/05568 (19.02%) | loss: 2.729286 | lrm: 1.00 | dt: 8258.94ms | tok/sec: 126,962 | bf16_mfu: 5.09 | epoch: 1 pq: 24 rg: 65 | total time: 145.62m | eta: 625.9m
step 01060/05568 (19.04%) | loss: 2.740058 | lrm: 1.00 | dt: 8268.70ms | tok/sec: 126,812 | bf16_mfu: 5.08 | epoch: 1 pq: 24 rg: 66 | total time: 145.75m | eta: 625.8m
step 01061/05568 (19.06%) | loss: 2.750162 | lrm: 1.00 | dt: 8260.85ms | tok/sec: 126,933 | bf16_mfu: 5.09 | epoch: 1 pq: 24 rg: 68 | total time: 145.89m | eta: 625.6m
step 01062/05568 (19.07%) | loss: 2.756144 | lrm: 1.00 | dt: 8272.07ms | tok/sec: 126,760 | bf16_mfu: 5.08 | epoch: 1 pq: 24 rg: 70 | total time: 146.03m | eta: 625.5m
step 01063/05568 (19.09%) | loss: 2.758632 | lrm: 1.00 | dt: 8255.88ms | tok/sec: 127,009 | bf16_mfu: 5.09 | epoch: 1 pq: 24 rg: 72 | total time: 146.17m | eta: 625.3m
step 01064/05568 (19.11%) | loss: 2.751038 | lrm: 1.00 | dt: 8258.42ms | tok/sec: 126,970 | bf16_mfu: 5.09 | epoch: 1 pq: 24 rg: 74 | total time: 146.30m | eta: 625.2m
step 01065/05568 (19.13%) | loss: 2.750654 | lrm: 1.00 | dt: 8264.17ms | tok/sec: 126,882 | bf16_mfu: 5.09 | epoch: 1 pq: 24 rg: 76 | total time: 146.44m | eta: 625.0m
step 01066/05568 (19.15%) | loss: 2.745012 | lrm: 1.00 | dt: 8268.62ms | tok/sec: 126,813 | bf16_mfu: 5.08 | epoch: 1 pq: 24 rg: 78 | total time: 146.58m | eta: 624.9m
step 01067/05568 (19.16%) | loss: 2.752077 | lrm: 1.00 | dt: 8264.67ms | tok/sec: 126,874 | bf16_mfu: 5.08 | epoch: 1 pq: 24 rg: 80 | total time: 146.72m | eta: 624.8m
step 01068/05568 (19.18%) | loss: 2.765294 | lrm: 1.00 | dt: 8263.48ms | tok/sec: 126,892 | bf16_mfu: 5.09 | epoch: 1 pq: 24 rg: 82 | total time: 146.85m | eta: 624.6m
step 01069/05568 (19.20%) | loss: 2.763630 | lrm: 1.00 | dt: 8261.04ms | tok/sec: 126,930 | bf16_mfu: 5.09 | epoch: 1 pq: 25 rg: 1 | total time: 146.99m | eta: 624.5m
step 01070/05568 (19.22%) | loss: 2.769134 | lrm: 1.00 | dt: 8271.26ms | tok/sec: 126,773 | bf16_mfu: 5.08 | epoch: 1 pq: 25 rg: 3 | total time: 147.13m | eta: 624.3m
step 01071/05568 (19.23%) | loss: 2.783330 | lrm: 1.00 | dt: 8266.24ms | tok/sec: 126,850 | bf16_mfu: 5.08 | epoch: 1 pq: 25 rg: 5 | total time: 147.27m | eta: 624.2m
step 01072/05568 (19.25%) | loss: 2.778319 | lrm: 1.00 | dt: 8253.41ms | tok/sec: 127,047 | bf16_mfu: 5.09 | epoch: 1 pq: 25 rg: 7 | total time: 147.41m | eta: 624.0m
step 01073/05568 (19.27%) | loss: 2.788188 | lrm: 1.00 | dt: 8292.03ms | tok/sec: 126,455 | bf16_mfu: 5.07 | epoch: 1 pq: 25 rg: 8 | total time: 147.54m | eta: 623.9m
step 01074/05568 (19.29%) | loss: 2.776233 | lrm: 1.00 | dt: 8265.24ms | tok/sec: 126,865 | bf16_mfu: 5.08 | epoch: 1 pq: 25 rg: 10 | total time: 147.68m | eta: 623.8m
step 01075/05568 (19.31%) | loss: 2.756525 | lrm: 1.00 | dt: 8259.89ms | tok/sec: 126,948 | bf16_mfu: 5.09 | epoch: 1 pq: 25 rg: 12 | total time: 147.82m | eta: 623.6m
step 01076/05568 (19.32%) | loss: 2.757401 | lrm: 1.00 | dt: 8270.75ms | tok/sec: 126,781 | bf16_mfu: 5.08 | epoch: 1 pq: 25 rg: 14 | total time: 147.96m | eta: 623.5m
step 01077/05568 (19.34%) | loss: 2.767127 | lrm: 1.00 | dt: 8258.18ms | tok/sec: 126,974 | bf16_mfu: 5.09 | epoch: 1 pq: 25 rg: 16 | total time: 148.09m | eta: 623.3m
step 01078/05568 (19.36%) | loss: 2.752907 | lrm: 1.00 | dt: 8251.16ms | tok/sec: 127,082 | bf16_mfu: 5.09 | epoch: 1 pq: 25 rg: 18 | total time: 148.23m | eta: 623.2m
step 01079/05568 (19.38%) | loss: 2.746186 | lrm: 1.00 | dt: 8255.15ms | tok/sec: 127,020 | bf16_mfu: 5.09 | epoch: 1 pq: 25 rg: 20 | total time: 148.37m | eta: 623.0m
step 01080/05568 (19.40%) | loss: 2.755138 | lrm: 1.00 | dt: 8258.48ms | tok/sec: 126,969 | bf16_mfu: 5.09 | epoch: 1 pq: 25 rg: 22 | total time: 148.51m | eta: 622.9m
step 01081/05568 (19.41%) | loss: 2.753662 | lrm: 1.00 | dt: 8259.93ms | tok/sec: 126,947 | bf16_mfu: 5.09 | epoch: 1 pq: 25 rg: 24 | total time: 148.65m | eta: 622.8m
step 01082/05568 (19.43%) | loss: 2.757325 | lrm: 1.00 | dt: 8258.73ms | tok/sec: 126,965 | bf16_mfu: 5.09 | epoch: 1 pq: 25 rg: 26 | total time: 148.78m | eta: 622.6m
step 01083/05568 (19.45%) | loss: 2.733816 | lrm: 1.00 | dt: 8258.04ms | tok/sec: 126,976 | bf16_mfu: 5.09 | epoch: 1 pq: 25 rg: 28 | total time: 148.92m | eta: 622.5m
step 01084/05568 (19.47%) | loss: 2.757235 | lrm: 1.00 | dt: 8259.42ms | tok/sec: 126,955 | bf16_mfu: 5.09 | epoch: 1 pq: 25 rg: 30 | total time: 149.06m | eta: 622.3m
step 01085/05568 (19.49%) | loss: 2.760497 | lrm: 1.00 | dt: 8255.41ms | tok/sec: 127,016 | bf16_mfu: 5.09 | epoch: 1 pq: 25 rg: 31 | total time: 149.20m | eta: 622.2m
step 01086/05568 (19.50%) | loss: 2.764579 | lrm: 1.00 | dt: 8255.85ms | tok/sec: 127,010 | bf16_mfu: 5.09 | epoch: 1 pq: 25 rg: 33 | total time: 149.33m | eta: 622.0m
step 01087/05568 (19.52%) | loss: 2.745778 | lrm: 1.00 | dt: 8261.96ms | tok/sec: 126,916 | bf16_mfu: 5.09 | epoch: 1 pq: 25 rg: 35 | total time: 149.47m | eta: 621.9m
step 01088/05568 (19.54%) | loss: 2.755103 | lrm: 1.00 | dt: 8260.88ms | tok/sec: 126,932 | bf16_mfu: 5.09 | epoch: 1 pq: 25 rg: 37 | total time: 149.61m | eta: 621.8m
step 01089/05568 (19.56%) | loss: 2.750937 | lrm: 1.00 | dt: 8258.05ms | tok/sec: 126,976 | bf16_mfu: 5.09 | epoch: 1 pq: 25 rg: 39 | total time: 149.75m | eta: 621.6m
step 01090/05568 (19.58%) | loss: 2.755498 | lrm: 1.00 | dt: 8258.68ms | tok/sec: 126,966 | bf16_mfu: 5.09 | epoch: 1 pq: 25 rg: 41 | total time: 149.88m | eta: 621.5m
step 01091/05568 (19.59%) | loss: 2.736854 | lrm: 1.00 | dt: 8270.69ms | tok/sec: 126,782 | bf16_mfu: 5.08 | epoch: 1 pq: 25 rg: 43 | total time: 150.02m | eta: 621.3m
step 01092/05568 (19.61%) | loss: 2.744313 | lrm: 1.00 | dt: 8252.97ms | tok/sec: 127,054 | bf16_mfu: 5.09 | epoch: 1 pq: 25 rg: 45 | total time: 150.16m | eta: 621.2m
step 01093/05568 (19.63%) | loss: 2.726463 | lrm: 1.00 | dt: 8373.52ms | tok/sec: 125,225 | bf16_mfu: 5.02 | epoch: 1 pq: 25 rg: 47 | total time: 150.30m | eta: 621.0m
step 01094/05568 (19.65%) | loss: 2.721954 | lrm: 1.00 | dt: 8314.20ms | tok/sec: 126,118 | bf16_mfu: 5.05 | epoch: 1 pq: 25 rg: 49 | total time: 150.44m | eta: 620.9m
step 01095/05568 (19.67%) | loss: 2.690227 | lrm: 1.00 | dt: 8303.37ms | tok/sec: 126,283 | bf16_mfu: 5.06 | epoch: 1 pq: 25 rg: 51 | total time: 150.58m | eta: 620.8m
step 01096/05568 (19.68%) | loss: 2.687518 | lrm: 1.00 | dt: 8298.05ms | tok/sec: 126,364 | bf16_mfu: 5.06 | epoch: 1 pq: 25 rg: 53 | total time: 150.71m | eta: 620.6m
step 01097/05568 (19.70%) | loss: 2.685726 | lrm: 1.00 | dt: 8313.47ms | tok/sec: 126,129 | bf16_mfu: 5.06 | epoch: 1 pq: 25 rg: 55 | total time: 150.85m | eta: 620.5m
step 01098/05568 (19.72%) | loss: 2.700800 | lrm: 1.00 | dt: 8309.31ms | tok/sec: 126,192 | bf16_mfu: 5.06 | epoch: 1 pq: 25 rg: 57 | total time: 150.99m | eta: 620.3m
step 01099/05568 (19.74%) | loss: 2.701834 | lrm: 1.00 | dt: 8306.64ms | tok/sec: 126,233 | bf16_mfu: 5.06 | epoch: 1 pq: 25 rg: 59 | total time: 151.13m | eta: 620.2m
step 01100/05568 (19.76%) | loss: 2.706699 | lrm: 1.00 | dt: 8310.19ms | tok/sec: 126,179 | bf16_mfu: 5.06 | epoch: 1 pq: 25 rg: 60 | total time: 151.27m | eta: 620.1m
step 01101/05568 (19.77%) | loss: 2.722254 | lrm: 1.00 | dt: 8312.54ms | tok/sec: 126,143 | bf16_mfu: 5.06 | epoch: 1 pq: 25 rg: 62 | total time: 151.41m | eta: 619.9m
step 01102/05568 (19.79%) | loss: 2.753506 | lrm: 1.00 | dt: 8305.26ms | tok/sec: 126,254 | bf16_mfu: 5.06 | epoch: 1 pq: 25 rg: 64 | total time: 151.55m | eta: 619.8m
step 01103/05568 (19.81%) | loss: 2.766718 | lrm: 1.00 | dt: 8301.58ms | tok/sec: 126,310 | bf16_mfu: 5.06 | epoch: 1 pq: 25 rg: 66 | total time: 151.68m | eta: 619.6m
step 01104/05568 (19.83%) | loss: 2.748825 | lrm: 1.00 | dt: 8305.57ms | tok/sec: 126,249 | bf16_mfu: 5.06 | epoch: 1 pq: 25 rg: 68 | total time: 151.82m | eta: 619.5m
step 01105/05568 (19.85%) | loss: 2.750433 | lrm: 1.00 | dt: 8309.80ms | tok/sec: 126,185 | bf16_mfu: 5.06 | epoch: 1 pq: 25 rg: 70 | total time: 151.96m | eta: 619.4m
step 01106/05568 (19.86%) | loss: 2.748629 | lrm: 1.00 | dt: 8310.31ms | tok/sec: 126,177 | bf16_mfu: 5.06 | epoch: 1 pq: 25 rg: 72 | total time: 152.10m | eta: 619.2m
step 01107/05568 (19.88%) | loss: 2.756906 | lrm: 1.00 | dt: 8307.64ms | tok/sec: 126,218 | bf16_mfu: 5.06 | epoch: 1 pq: 25 rg: 74 | total time: 152.24m | eta: 619.1m
step 01108/05568 (19.90%) | loss: 2.764930 | lrm: 1.00 | dt: 8299.88ms | tok/sec: 126,336 | bf16_mfu: 5.06 | epoch: 1 pq: 25 rg: 76 | total time: 152.38m | eta: 618.9m
step 01109/05568 (19.92%) | loss: 2.789884 | lrm: 1.00 | dt: 8309.19ms | tok/sec: 126,194 | bf16_mfu: 5.06 | epoch: 1 pq: 25 rg: 78 | total time: 152.51m | eta: 618.8m
step 01110/05568 (19.94%) | loss: 2.779223 | lrm: 1.00 | dt: 8304.58ms | tok/sec: 126,264 | bf16_mfu: 5.06 | epoch: 1 pq: 25 rg: 80 | total time: 152.65m | eta: 618.7m
step 01111/05568 (19.95%) | loss: 2.768963 | lrm: 1.00 | dt: 8311.35ms | tok/sec: 126,161 | bf16_mfu: 5.06 | epoch: 1 pq: 25 rg: 82 | total time: 152.79m | eta: 618.5m
step 01112/05568 (19.97%) | loss: 2.755927 | lrm: 1.00 | dt: 8302.22ms | tok/sec: 126,300 | bf16_mfu: 5.06 | epoch: 1 pq: 26 rg: 1 | total time: 152.93m | eta: 618.4m
step 01113/05568 (19.99%) | loss: 2.752631 | lrm: 1.00 | dt: 8304.14ms | tok/sec: 126,271 | bf16_mfu: 5.06 | epoch: 1 pq: 26 rg: 3 | total time: 153.07m | eta: 618.2m
step 01114/05568 (20.01%) | loss: 2.769410 | lrm: 1.00 | dt: 8307.46ms | tok/sec: 126,221 | bf16_mfu: 5.06 | epoch: 1 pq: 26 rg: 4 | total time: 153.21m | eta: 618.1m
step 01115/05568 (20.03%) | loss: 2.763239 | lrm: 1.00 | dt: 8308.17ms | tok/sec: 126,210 | bf16_mfu: 5.06 | epoch: 1 pq: 26 rg: 6 | total time: 153.34m | eta: 618.0m
step 01116/05568 (20.04%) | loss: 2.763489 | lrm: 1.00 | dt: 8304.67ms | tok/sec: 126,263 | bf16_mfu: 5.06 | epoch: 1 pq: 26 rg: 8 | total time: 153.48m | eta: 617.8m
step 01117/05568 (20.06%) | loss: 2.773436 | lrm: 1.00 | dt: 8306.39ms | tok/sec: 126,237 | bf16_mfu: 5.06 | epoch: 1 pq: 26 rg: 10 | total time: 153.62m | eta: 617.7m
step 01118/05568 (20.08%) | loss: 2.762333 | lrm: 1.00 | dt: 8300.13ms | tok/sec: 126,332 | bf16_mfu: 5.06 | epoch: 1 pq: 26 rg: 12 | total time: 153.76m | eta: 617.5m
step 01119/05568 (20.10%) | loss: 2.761783 | lrm: 1.00 | dt: 8312.93ms | tok/sec: 126,137 | bf16_mfu: 5.06 | epoch: 1 pq: 26 rg: 14 | total time: 153.90m | eta: 617.4m
step 01120/05568 (20.11%) | loss: 2.764699 | lrm: 1.00 | dt: 8305.65ms | tok/sec: 126,248 | bf16_mfu: 5.06 | epoch: 1 pq: 26 rg: 16 | total time: 154.04m | eta: 617.3m
step 01121/05568 (20.13%) | loss: 2.761993 | lrm: 1.00 | dt: 8305.47ms | tok/sec: 126,251 | bf16_mfu: 5.06 | epoch: 1 pq: 26 rg: 18 | total time: 154.18m | eta: 617.1m
step 01122/05568 (20.15%) | loss: 2.747047 | lrm: 1.00 | dt: 8303.29ms | tok/sec: 126,284 | bf16_mfu: 5.06 | epoch: 1 pq: 26 rg: 20 | total time: 154.31m | eta: 617.0m
step 01123/05568 (20.17%) | loss: 2.748313 | lrm: 1.00 | dt: 8313.54ms | tok/sec: 126,128 | bf16_mfu: 5.05 | epoch: 1 pq: 26 rg: 22 | total time: 154.45m | eta: 616.8m
step 01124/05568 (20.19%) | loss: 2.736323 | lrm: 1.00 | dt: 8302.97ms | tok/sec: 126,289 | bf16_mfu: 5.06 | epoch: 1 pq: 26 rg: 24 | total time: 154.59m | eta: 616.7m
step 01125/05568 (20.20%) | loss: 2.738724 | lrm: 1.00 | dt: 8303.14ms | tok/sec: 126,286 | bf16_mfu: 5.06 | epoch: 1 pq: 26 rg: 25 | total time: 154.73m | eta: 616.6m
step 01126/05568 (20.22%) | loss: 2.737556 | lrm: 1.00 | dt: 8308.13ms | tok/sec: 126,210 | bf16_mfu: 5.06 | epoch: 1 pq: 26 rg: 27 | total time: 154.87m | eta: 616.4m
step 01127/05568 (20.24%) | loss: 2.735828 | lrm: 1.00 | dt: 8317.35ms | tok/sec: 126,070 | bf16_mfu: 5.05 | epoch: 1 pq: 26 rg: 29 | total time: 155.01m | eta: 616.3m
step 01128/05568 (20.26%) | loss: 2.726839 | lrm: 1.00 | dt: 8306.91ms | tok/sec: 126,229 | bf16_mfu: 5.06 | epoch: 1 pq: 26 rg: 31 | total time: 155.14m | eta: 616.1m
step 01129/05568 (20.28%) | loss: 2.734168 | lrm: 1.00 | dt: 8303.00ms | tok/sec: 126,288 | bf16_mfu: 5.06 | epoch: 1 pq: 26 rg: 33 | total time: 155.28m | eta: 616.0m
step 01130/05568 (20.29%) | loss: 2.740790 | lrm: 1.00 | dt: 8312.83ms | tok/sec: 126,139 | bf16_mfu: 5.06 | epoch: 1 pq: 26 rg: 35 | total time: 155.42m | eta: 615.9m
step 01131/05568 (20.31%) | loss: 2.744986 | lrm: 1.00 | dt: 8301.22ms | tok/sec: 126,315 | bf16_mfu: 5.06 | epoch: 1 pq: 26 rg: 37 | total time: 155.56m | eta: 615.7m
step 01132/05568 (20.33%) | loss: 2.756824 | lrm: 1.00 | dt: 8302.14ms | tok/sec: 126,301 | bf16_mfu: 5.06 | epoch: 1 pq: 26 rg: 39 | total time: 155.70m | eta: 615.6m
step 01133/05568 (20.35%) | loss: 2.750283 | lrm: 1.00 | dt: 8313.12ms | tok/sec: 126,135 | bf16_mfu: 5.06 | epoch: 1 pq: 26 rg: 41 | total time: 155.84m | eta: 615.4m
step 01134/05568 (20.37%) | loss: 2.761108 | lrm: 1.00 | dt: 8303.04ms | tok/sec: 126,288 | bf16_mfu: 5.06 | epoch: 1 pq: 26 rg: 43 | total time: 155.98m | eta: 615.3m
step 01135/05568 (20.38%) | loss: 2.767288 | lrm: 1.00 | dt: 8311.26ms | tok/sec: 126,163 | bf16_mfu: 5.06 | epoch: 1 pq: 26 rg: 45 | total time: 156.11m | eta: 615.2m
step 01136/05568 (20.40%) | loss: 2.768077 | lrm: 1.00 | dt: 8316.71ms | tok/sec: 126,080 | bf16_mfu: 5.05 | epoch: 1 pq: 26 rg: 47 | total time: 156.25m | eta: 615.0m
step 01137/05568 (20.42%) | loss: 2.764787 | lrm: 1.00 | dt: 8308.61ms | tok/sec: 126,203 | bf16_mfu: 5.06 | epoch: 1 pq: 26 rg: 49 | total time: 156.39m | eta: 614.9m
step 01138/05568 (20.44%) | loss: 2.771609 | lrm: 1.00 | dt: 8320.66ms | tok/sec: 126,020 | bf16_mfu: 5.05 | epoch: 1 pq: 26 rg: 51 | total time: 156.53m | eta: 614.7m
step 01139/05568 (20.46%) | loss: 2.774650 | lrm: 1.00 | dt: 8296.77ms | tok/sec: 126,383 | bf16_mfu: 5.07 | epoch: 1 pq: 26 rg: 53 | total time: 156.67m | eta: 614.6m
step 01140/05568 (20.47%) | loss: 2.752094 | lrm: 1.00 | dt: 8320.20ms | tok/sec: 126,027 | bf16_mfu: 5.05 | epoch: 1 pq: 26 rg: 55 | total time: 156.81m | eta: 614.5m
step 01141/05568 (20.49%) | loss: 2.766656 | lrm: 1.00 | dt: 8302.52ms | tok/sec: 126,296 | bf16_mfu: 5.06 | epoch: 1 pq: 26 rg: 57 | total time: 156.95m | eta: 614.3m
step 01142/05568 (20.51%) | loss: 2.770840 | lrm: 1.00 | dt: 8307.49ms | tok/sec: 126,220 | bf16_mfu: 5.06 | epoch: 1 pq: 26 rg: 59 | total time: 157.08m | eta: 614.2m
step 01143/05568 (20.53%) | loss: 2.773362 | lrm: 1.00 | dt: 8306.32ms | tok/sec: 126,238 | bf16_mfu: 5.06 | epoch: 1 pq: 26 rg: 61 | total time: 157.22m | eta: 614.0m
step 01144/05568 (20.55%) | loss: 2.769973 | lrm: 1.00 | dt: 8290.30ms | tok/sec: 126,482 | bf16_mfu: 5.07 | epoch: 1 pq: 26 rg: 63 | total time: 157.36m | eta: 613.9m
step 01145/05568 (20.56%) | loss: 2.756412 | lrm: 1.00 | dt: 8303.25ms | tok/sec: 126,284 | bf16_mfu: 5.06 | epoch: 1 pq: 26 rg: 65 | total time: 157.50m | eta: 613.8m
step 01146/05568 (20.58%) | loss: 2.769320 | lrm: 1.00 | dt: 8304.21ms | tok/sec: 126,270 | bf16_mfu: 5.06 | epoch: 1 pq: 26 rg: 66 | total time: 157.64m | eta: 613.6m
step 01147/05568 (20.60%) | loss: 2.768489 | lrm: 1.00 | dt: 8312.67ms | tok/sec: 126,141 | bf16_mfu: 5.06 | epoch: 1 pq: 26 rg: 68 | total time: 157.78m | eta: 613.5m
step 01148/05568 (20.62%) | loss: 2.756471 | lrm: 1.00 | dt: 8306.46ms | tok/sec: 126,236 | bf16_mfu: 5.06 | epoch: 1 pq: 26 rg: 70 | total time: 157.91m | eta: 613.3m
step 01149/05568 (20.64%) | loss: 2.755393 | lrm: 1.00 | dt: 8305.94ms | tok/sec: 126,244 | bf16_mfu: 5.06 | epoch: 1 pq: 26 rg: 72 | total time: 158.05m | eta: 613.2m
step 01150/05568 (20.65%) | loss: 2.741540 | lrm: 1.00 | dt: 8308.05ms | tok/sec: 126,212 | bf16_mfu: 5.06 | epoch: 1 pq: 26 rg: 74 | total time: 158.19m | eta: 613.1m
step 01151/05568 (20.67%) | loss: 2.753125 | lrm: 1.00 | dt: 8314.62ms | tok/sec: 126,112 | bf16_mfu: 5.05 | epoch: 1 pq: 26 rg: 76 | total time: 158.33m | eta: 612.9m
step 01152/05568 (20.69%) | loss: 2.745132 | lrm: 1.00 | dt: 8316.77ms | tok/sec: 126,079 | bf16_mfu: 5.05 | epoch: 1 pq: 26 rg: 78 | total time: 158.47m | eta: 612.8m
step 01153/05568 (20.71%) | loss: 2.743838 | lrm: 1.00 | dt: 8308.61ms | tok/sec: 126,203 | bf16_mfu: 5.06 | epoch: 1 pq: 26 rg: 80 | total time: 158.61m | eta: 612.6m
step 01154/05568 (20.73%) | loss: 2.726840 | lrm: 1.00 | dt: 8320.39ms | tok/sec: 126,024 | bf16_mfu: 5.05 | epoch: 1 pq: 26 rg: 82 | total time: 158.75m | eta: 612.5m
step 01155/05568 (20.74%) | loss: 2.726844 | lrm: 1.00 | dt: 8301.13ms | tok/sec: 126,317 | bf16_mfu: 5.06 | epoch: 1 pq: 27 rg: 1 | total time: 158.88m | eta: 612.4m
step 01156/05568 (20.76%) | loss: 2.730357 | lrm: 1.00 | dt: 8312.66ms | tok/sec: 126,142 | bf16_mfu: 5.06 | epoch: 1 pq: 27 rg: 3 | total time: 159.02m | eta: 612.2m
step 01157/05568 (20.78%) | loss: 2.730039 | lrm: 1.00 | dt: 8300.54ms | tok/sec: 126,326 | bf16_mfu: 5.06 | epoch: 1 pq: 27 rg: 5 | total time: 159.16m | eta: 612.1m
step 01158/05568 (20.80%) | loss: 2.735468 | lrm: 1.00 | dt: 8311.90ms | tok/sec: 126,153 | bf16_mfu: 5.06 | epoch: 1 pq: 27 rg: 7 | total time: 159.30m | eta: 611.9m
step 01159/05568 (20.82%) | loss: 2.738028 | lrm: 1.00 | dt: 8308.36ms | tok/sec: 126,207 | bf16_mfu: 5.06 | epoch: 1 pq: 27 rg: 8 | total time: 159.44m | eta: 611.8m
step 01160/05568 (20.83%) | loss: 2.731916 | lrm: 1.00 | dt: 8309.07ms | tok/sec: 126,196 | bf16_mfu: 5.06 | epoch: 1 pq: 27 rg: 10 | total time: 159.58m | eta: 611.7m
step 01161/05568 (20.85%) | loss: 2.737410 | lrm: 1.00 | dt: 8309.82ms | tok/sec: 126,185 | bf16_mfu: 5.06 | epoch: 1 pq: 27 rg: 12 | total time: 159.71m | eta: 611.5m
step 01162/05568 (20.87%) | loss: 2.722328 | lrm: 1.00 | dt: 8313.07ms | tok/sec: 126,135 | bf16_mfu: 5.06 | epoch: 1 pq: 27 rg: 14 | total time: 159.85m | eta: 611.4m
step 01163/05568 (20.89%) | loss: 2.712932 | lrm: 1.00 | dt: 8304.31ms | tok/sec: 126,268 | bf16_mfu: 5.06 | epoch: 1 pq: 27 rg: 16 | total time: 159.99m | eta: 611.2m
step 01164/05568 (20.91%) | loss: 2.709529 | lrm: 1.00 | dt: 8313.87ms | tok/sec: 126,123 | bf16_mfu: 5.05 | epoch: 1 pq: 27 rg: 18 | total time: 160.13m | eta: 611.1m
step 01165/05568 (20.92%) | loss: 2.715369 | lrm: 1.00 | dt: 8314.18ms | tok/sec: 126,119 | bf16_mfu: 5.05 | epoch: 1 pq: 27 rg: 20 | total time: 160.27m | eta: 611.0m
step 01166/05568 (20.94%) | loss: 2.728252 | lrm: 1.00 | dt: 8304.89ms | tok/sec: 126,260 | bf16_mfu: 5.06 | epoch: 1 pq: 27 rg: 22 | total time: 160.41m | eta: 610.8m
step 01167/05568 (20.96%) | loss: 2.718720 | lrm: 1.00 | dt: 8314.07ms | tok/sec: 126,120 | bf16_mfu: 5.05 | epoch: 1 pq: 27 rg: 24 | total time: 160.55m | eta: 610.7m
step 01168/05568 (20.98%) | loss: 2.735933 | lrm: 1.00 | dt: 8318.43ms | tok/sec: 126,054 | bf16_mfu: 5.05 | epoch: 1 pq: 27 rg: 26 | total time: 160.68m | eta: 610.5m
step 01169/05568 (20.99%) | loss: 2.726877 | lrm: 1.00 | dt: 8294.47ms | tok/sec: 126,418 | bf16_mfu: 5.07 | epoch: 1 pq: 27 rg: 28 | total time: 160.82m | eta: 610.4m
step 01170/05568 (21.01%) | loss: 2.719594 | lrm: 1.00 | dt: 8308.38ms | tok/sec: 126,207 | bf16_mfu: 5.06 | epoch: 1 pq: 27 rg: 30 | total time: 160.96m | eta: 610.3m
step 01171/05568 (21.03%) | loss: 2.715014 | lrm: 1.00 | dt: 8378.64ms | tok/sec: 125,148 | bf16_mfu: 5.02 | epoch: 1 pq: 27 rg: 32 | total time: 161.10m | eta: 610.1m
step 01172/05568 (21.05%) | loss: 2.735762 | lrm: 1.00 | dt: 8298.33ms | tok/sec: 126,359 | bf16_mfu: 5.06 | epoch: 1 pq: 27 rg: 34 | total time: 161.24m | eta: 610.0m
step 01173/05568 (21.07%) | loss: 2.735861 | lrm: 1.00 | dt: 8317.43ms | tok/sec: 126,069 | bf16_mfu: 5.05 | epoch: 1 pq: 27 rg: 35 | total time: 161.38m | eta: 609.8m
step 01174/05568 (21.08%) | loss: 2.730001 | lrm: 1.00 | dt: 8304.79ms | tok/sec: 126,261 | bf16_mfu: 5.06 | epoch: 1 pq: 27 rg: 37 | total time: 161.52m | eta: 609.7m
step 01175/05568 (21.10%) | loss: 2.715419 | lrm: 1.00 | dt: 8300.36ms | tok/sec: 126,328 | bf16_mfu: 5.06 | epoch: 1 pq: 27 rg: 39 | total time: 161.65m | eta: 609.6m
step 01176/05568 (21.12%) | loss: 2.716244 | lrm: 1.00 | dt: 8312.17ms | tok/sec: 126,149 | bf16_mfu: 5.06 | epoch: 1 pq: 27 rg: 41 | total time: 161.79m | eta: 609.4m
step 01177/05568 (21.14%) | loss: 2.722455 | lrm: 1.00 | dt: 8309.14ms | tok/sec: 126,195 | bf16_mfu: 5.06 | epoch: 1 pq: 27 rg: 43 | total time: 161.93m | eta: 609.3m
step 01178/05568 (21.16%) | loss: 2.720804 | lrm: 1.00 | dt: 8312.60ms | tok/sec: 126,143 | bf16_mfu: 5.06 | epoch: 1 pq: 27 rg: 45 | total time: 162.07m | eta: 609.1m
step 01179/05568 (21.17%) | loss: 2.703540 | lrm: 1.00 | dt: 8320.65ms | tok/sec: 126,020 | bf16_mfu: 5.05 | epoch: 1 pq: 27 rg: 47 | total time: 162.21m | eta: 609.0m
step 01180/05568 (21.19%) | loss: 2.697457 | lrm: 1.00 | dt: 8311.82ms | tok/sec: 126,154 | bf16_mfu: 5.06 | epoch: 1 pq: 27 rg: 49 | total time: 162.35m | eta: 608.9m
step 01181/05568 (21.21%) | loss: 2.709672 | lrm: 1.00 | dt: 8304.44ms | tok/sec: 126,266 | bf16_mfu: 5.06 | epoch: 1 pq: 27 rg: 51 | total time: 162.49m | eta: 608.7m
step 01182/05568 (21.23%) | loss: 2.712272 | lrm: 1.00 | dt: 8301.53ms | tok/sec: 126,311 | bf16_mfu: 5.06 | epoch: 1 pq: 27 rg: 53 | total time: 162.62m | eta: 608.6m
step 01183/05568 (21.25%) | loss: 2.713987 | lrm: 1.00 | dt: 8314.80ms | tok/sec: 126,109 | bf16_mfu: 5.05 | epoch: 1 pq: 27 rg: 55 | total time: 162.76m | eta: 608.5m
step 01184/05568 (21.26%) | loss: 2.702420 | lrm: 1.00 | dt: 8304.19ms | tok/sec: 126,270 | bf16_mfu: 5.06 | epoch: 1 pq: 27 rg: 57 | total time: 162.90m | eta: 608.3m
step 01185/05568 (21.28%) | loss: 2.703466 | lrm: 1.00 | dt: 8312.11ms | tok/sec: 126,150 | bf16_mfu: 5.06 | epoch: 1 pq: 27 rg: 59 | total time: 163.04m | eta: 608.2m
step 01186/05568 (21.30%) | loss: 2.708605 | lrm: 1.00 | dt: 8312.51ms | tok/sec: 126,144 | bf16_mfu: 5.06 | epoch: 1 pq: 27 rg: 61 | total time: 163.18m | eta: 608.0m
step 01187/05568 (21.32%) | loss: 2.723511 | lrm: 1.00 | dt: 8306.86ms | tok/sec: 126,230 | bf16_mfu: 5.06 | epoch: 1 pq: 27 rg: 62 | total time: 163.32m | eta: 607.9m
step 01188/05568 (21.34%) | loss: 2.727543 | lrm: 1.00 | dt: 8301.12ms | tok/sec: 126,317 | bf16_mfu: 5.06 | epoch: 1 pq: 27 rg: 64 | total time: 163.45m | eta: 607.8m
step 01189/05568 (21.35%) | loss: 2.721475 | lrm: 1.00 | dt: 8311.62ms | tok/sec: 126,157 | bf16_mfu: 5.06 | epoch: 1 pq: 27 rg: 66 | total time: 163.59m | eta: 607.6m
step 01190/05568 (21.37%) | loss: 2.725972 | lrm: 1.00 | dt: 8317.56ms | tok/sec: 126,067 | bf16_mfu: 5.05 | epoch: 1 pq: 27 rg: 68 | total time: 163.73m | eta: 607.5m
step 01191/05568 (21.39%) | loss: 2.729959 | lrm: 1.00 | dt: 8308.96ms | tok/sec: 126,198 | bf16_mfu: 5.06 | epoch: 1 pq: 27 rg: 70 | total time: 163.87m | eta: 607.3m
step 01192/05568 (21.41%) | loss: 2.717682 | lrm: 1.00 | dt: 8315.67ms | tok/sec: 126,096 | bf16_mfu: 5.05 | epoch: 1 pq: 27 rg: 72 | total time: 164.01m | eta: 607.2m
step 01193/05568 (21.43%) | loss: 2.715822 | lrm: 1.00 | dt: 8302.98ms | tok/sec: 126,289 | bf16_mfu: 5.06 | epoch: 1 pq: 27 rg: 74 | total time: 164.15m | eta: 607.1m
step 01194/05568 (21.44%) | loss: 2.716100 | lrm: 1.00 | dt: 8317.78ms | tok/sec: 126,064 | bf16_mfu: 5.05 | epoch: 1 pq: 27 rg: 76 | total time: 164.29m | eta: 606.9m
step 01195/05568 (21.46%) | loss: 2.721647 | lrm: 1.00 | dt: 8319.40ms | tok/sec: 126,039 | bf16_mfu: 5.05 | epoch: 1 pq: 27 rg: 78 | total time: 164.42m | eta: 606.8m
step 01196/05568 (21.48%) | loss: 2.724754 | lrm: 1.00 | dt: 8374.26ms | tok/sec: 125,214 | bf16_mfu: 5.02 | epoch: 1 pq: 27 rg: 80 | total time: 164.56m | eta: 606.6m
step 01197/05568 (21.50%) | loss: 2.731014 | lrm: 1.00 | dt: 8312.73ms | tok/sec: 126,141 | bf16_mfu: 5.06 | epoch: 1 pq: 28 rg: 0 | total time: 164.70m | eta: 606.5m
step 01198/05568 (21.52%) | loss: 2.730860 | lrm: 1.00 | dt: 8304.98ms | tok/sec: 126,258 | bf16_mfu: 5.06 | epoch: 1 pq: 28 rg: 2 | total time: 164.84m | eta: 606.4m
step 01199/05568 (21.53%) | loss: 2.734943 | lrm: 1.00 | dt: 8318.31ms | tok/sec: 126,056 | bf16_mfu: 5.05 | epoch: 1 pq: 28 rg: 4 | total time: 164.98m | eta: 606.2m
step 01200/05568 (21.55%) | loss: 2.741577 | lrm: 1.00 | dt: 8306.40ms | tok/sec: 126,237 | bf16_mfu: 5.06 | epoch: 1 pq: 28 rg: 6 | total time: 165.12m | eta: 606.1m
step 01201/05568 (21.57%) | loss: 2.722625 | lrm: 1.00 | dt: 8322.93ms | tok/sec: 125,986 | bf16_mfu: 5.05 | epoch: 1 pq: 28 rg: 8 | total time: 165.26m | eta: 605.9m
step 01202/05568 (21.59%) | loss: 2.717823 | lrm: 1.00 | dt: 8302.00ms | tok/sec: 126,304 | bf16_mfu: 5.06 | epoch: 1 pq: 28 rg: 9 | total time: 165.40m | eta: 605.8m
step 01203/05568 (21.61%) | loss: 2.720061 | lrm: 1.00 | dt: 8311.56ms | tok/sec: 126,158 | bf16_mfu: 5.06 | epoch: 1 pq: 28 rg: 11 | total time: 165.53m | eta: 605.7m
step 01204/05568 (21.62%) | loss: 2.727492 | lrm: 1.00 | dt: 8314.08ms | tok/sec: 126,120 | bf16_mfu: 5.05 | epoch: 1 pq: 28 rg: 13 | total time: 165.67m | eta: 605.5m
step 01205/05568 (21.64%) | loss: 2.712017 | lrm: 1.00 | dt: 8303.22ms | tok/sec: 126,285 | bf16_mfu: 5.06 | epoch: 1 pq: 28 rg: 15 | total time: 165.81m | eta: 605.4m
step 01206/05568 (21.66%) | loss: 2.700969 | lrm: 1.00 | dt: 8315.48ms | tok/sec: 126,099 | bf16_mfu: 5.05 | epoch: 1 pq: 28 rg: 17 | total time: 165.95m | eta: 605.2m
step 01207/05568 (21.68%) | loss: 2.699653 | lrm: 1.00 | dt: 8302.55ms | tok/sec: 126,295 | bf16_mfu: 5.06 | epoch: 1 pq: 28 rg: 19 | total time: 166.09m | eta: 605.1m
step 01208/05568 (21.70%) | loss: 2.701009 | lrm: 1.00 | dt: 8319.09ms | tok/sec: 126,044 | bf16_mfu: 5.05 | epoch: 1 pq: 28 rg: 21 | total time: 166.23m | eta: 605.0m
step 01209/05568 (21.71%) | loss: 2.698104 | lrm: 1.00 | dt: 8318.73ms | tok/sec: 126,050 | bf16_mfu: 5.05 | epoch: 1 pq: 28 rg: 23 | total time: 166.36m | eta: 604.8m
step 01210/05568 (21.73%) | loss: 2.713316 | lrm: 1.00 | dt: 8310.70ms | tok/sec: 126,171 | bf16_mfu: 5.06 | epoch: 1 pq: 28 rg: 25 | total time: 166.50m | eta: 604.7m
step 01211/05568 (21.75%) | loss: 2.716859 | lrm: 1.00 | dt: 8315.47ms | tok/sec: 126,099 | bf16_mfu: 5.05 | epoch: 1 pq: 28 rg: 27 | total time: 166.64m | eta: 604.5m
step 01212/05568 (21.77%) | loss: 2.720036 | lrm: 1.00 | dt: 8309.49ms | tok/sec: 126,190 | bf16_mfu: 5.06 | epoch: 1 pq: 28 rg: 29 | total time: 166.78m | eta: 604.4m
step 01213/05568 (21.79%) | loss: 2.718832 | lrm: 1.00 | dt: 8317.71ms | tok/sec: 126,065 | bf16_mfu: 5.05 | epoch: 1 pq: 28 rg: 31 | total time: 166.92m | eta: 604.3m
step 01214/05568 (21.80%) | loss: 2.713697 | lrm: 1.00 | dt: 8307.18ms | tok/sec: 126,225 | bf16_mfu: 5.06 | epoch: 1 pq: 28 rg: 33 | total time: 167.06m | eta: 604.1m
step 01215/05568 (21.82%) | loss: 2.731800 | lrm: 1.00 | dt: 8305.55ms | tok/sec: 126,250 | bf16_mfu: 5.06 | epoch: 1 pq: 28 rg: 35 | total time: 167.20m | eta: 604.0m
step 01216/05568 (21.84%) | loss: 2.737302 | lrm: 1.00 | dt: 8299.45ms | tok/sec: 126,342 | bf16_mfu: 5.06 | epoch: 1 pq: 28 rg: 36 | total time: 167.33m | eta: 603.8m
step 01217/05568 (21.86%) | loss: 2.752777 | lrm: 1.00 | dt: 8313.18ms | tok/sec: 126,134 | bf16_mfu: 5.06 | epoch: 1 pq: 28 rg: 38 | total time: 167.47m | eta: 603.7m
step 01218/05568 (21.88%) | loss: 2.743010 | lrm: 1.00 | dt: 8310.64ms | tok/sec: 126,172 | bf16_mfu: 5.06 | epoch: 1 pq: 28 rg: 40 | total time: 167.61m | eta: 603.6m
step 01219/05568 (21.89%) | loss: 2.736140 | lrm: 1.00 | dt: 8307.36ms | tok/sec: 126,222 | bf16_mfu: 5.06 | epoch: 1 pq: 28 rg: 42 | total time: 167.75m | eta: 603.4m
step 01220/05568 (21.91%) | loss: 2.744632 | lrm: 1.00 | dt: 8311.41ms | tok/sec: 126,161 | bf16_mfu: 5.06 | epoch: 1 pq: 28 rg: 44 | total time: 167.89m | eta: 603.3m
step 01221/05568 (21.93%) | loss: 2.740537 | lrm: 1.00 | dt: 8317.53ms | tok/sec: 126,068 | bf16_mfu: 5.05 | epoch: 1 pq: 28 rg: 46 | total time: 168.03m | eta: 603.1m
step 01222/05568 (21.95%) | loss: 2.729866 | lrm: 1.00 | dt: 8321.65ms | tok/sec: 126,005 | bf16_mfu: 5.05 | epoch: 1 pq: 28 rg: 48 | total time: 168.17m | eta: 603.0m
step 01223/05568 (21.96%) | loss: 2.734143 | lrm: 1.00 | dt: 8294.28ms | tok/sec: 126,421 | bf16_mfu: 5.07 | epoch: 1 pq: 28 rg: 50 | total time: 168.30m | eta: 602.9m
step 01224/05568 (21.98%) | loss: 2.720733 | lrm: 1.00 | dt: 8318.95ms | tok/sec: 126,046 | bf16_mfu: 5.05 | epoch: 1 pq: 28 rg: 52 | total time: 168.44m | eta: 602.7m
step 01225/05568 (22.00%) | loss: 2.732596 | lrm: 1.00 | dt: 8314.92ms | tok/sec: 126,107 | bf16_mfu: 5.05 | epoch: 1 pq: 28 rg: 54 | total time: 168.58m | eta: 602.6m
step 01226/05568 (22.02%) | loss: 2.720609 | lrm: 1.00 | dt: 8305.89ms | tok/sec: 126,244 | bf16_mfu: 5.06 | epoch: 1 pq: 28 rg: 56 | total time: 168.72m | eta: 602.5m
step 01227/05568 (22.04%) | loss: 2.712535 | lrm: 1.00 | dt: 8303.83ms | tok/sec: 126,276 | bf16_mfu: 5.06 | epoch: 1 pq: 28 rg: 58 | total time: 168.86m | eta: 602.3m
step 01228/05568 (22.05%) | loss: 2.714987 | lrm: 1.00 | dt: 8312.74ms | tok/sec: 126,140 | bf16_mfu: 5.06 | epoch: 1 pq: 28 rg: 60 | total time: 169.00m | eta: 602.2m
step 01229/05568 (22.07%) | loss: 2.695050 | lrm: 1.00 | dt: 8321.35ms | tok/sec: 126,010 | bf16_mfu: 5.05 | epoch: 1 pq: 28 rg: 62 | total time: 169.14m | eta: 602.0m
step 01230/05568 (22.09%) | loss: 2.699660 | lrm: 1.00 | dt: 8317.63ms | tok/sec: 126,066 | bf16_mfu: 5.05 | epoch: 1 pq: 28 rg: 64 | total time: 169.27m | eta: 601.9m
step 01231/05568 (22.11%) | loss: 2.721412 | lrm: 1.00 | dt: 8300.66ms | tok/sec: 126,324 | bf16_mfu: 5.06 | epoch: 1 pq: 28 rg: 65 | total time: 169.41m | eta: 601.8m
step 01232/05568 (22.13%) | loss: 2.712563 | lrm: 1.00 | dt: 8326.20ms | tok/sec: 125,936 | bf16_mfu: 5.05 | epoch: 1 pq: 28 rg: 67 | total time: 169.55m | eta: 601.6m
step 01233/05568 (22.14%) | loss: 2.715146 | lrm: 1.00 | dt: 8304.62ms | tok/sec: 126,264 | bf16_mfu: 5.06 | epoch: 1 pq: 28 rg: 69 | total time: 169.69m | eta: 601.5m
step 01234/05568 (22.16%) | loss: 2.724353 | lrm: 1.00 | dt: 8308.60ms | tok/sec: 126,203 | bf16_mfu: 5.06 | epoch: 1 pq: 28 rg: 71 | total time: 169.83m | eta: 601.3m
step 01235/05568 (22.18%) | loss: 2.725731 | lrm: 1.00 | dt: 8308.22ms | tok/sec: 126,209 | bf16_mfu: 5.06 | epoch: 1 pq: 28 rg: 73 | total time: 169.97m | eta: 601.2m
step 01236/05568 (22.20%) | loss: 2.736242 | lrm: 1.00 | dt: 8305.35ms | tok/sec: 126,253 | bf16_mfu: 5.06 | epoch: 1 pq: 28 rg: 75 | total time: 170.10m | eta: 601.1m
step 01237/05568 (22.22%) | loss: 2.737878 | lrm: 1.00 | dt: 8315.89ms | tok/sec: 126,093 | bf16_mfu: 5.05 | epoch: 1 pq: 28 rg: 77 | total time: 170.24m | eta: 600.9m
step 01238/05568 (22.23%) | loss: 2.743920 | lrm: 1.00 | dt: 8316.42ms | tok/sec: 126,085 | bf16_mfu: 5.05 | epoch: 1 pq: 28 rg: 79 | total time: 170.38m | eta: 600.8m
step 01239/05568 (22.25%) | loss: 2.750387 | lrm: 1.00 | dt: 8310.37ms | tok/sec: 126,176 | bf16_mfu: 5.06 | epoch: 1 pq: 28 rg: 81 | total time: 170.52m | eta: 600.6m
step 01240/05568 (22.27%) | loss: 2.743371 | lrm: 1.00 | dt: 8304.29ms | tok/sec: 126,269 | bf16_mfu: 5.06 | epoch: 1 pq: 29 rg: 0 | total time: 170.66m | eta: 600.5m
step 01241/05568 (22.29%) | loss: 2.752466 | lrm: 1.00 | dt: 8315.81ms | tok/sec: 126,094 | bf16_mfu: 5.05 | epoch: 1 pq: 29 rg: 2 | total time: 170.80m | eta: 600.4m
step 01242/05568 (22.31%) | loss: 2.724020 | lrm: 1.00 | dt: 8307.65ms | tok/sec: 126,218 | bf16_mfu: 5.06 | epoch: 1 pq: 29 rg: 4 | total time: 170.94m | eta: 600.2m
step 01243/05568 (22.32%) | loss: 2.730391 | lrm: 1.00 | dt: 8317.34ms | tok/sec: 126,071 | bf16_mfu: 5.05 | epoch: 1 pq: 29 rg: 6 | total time: 171.07m | eta: 600.1m
step 01244/05568 (22.34%) | loss: 2.740961 | lrm: 1.00 | dt: 8301.49ms | tok/sec: 126,311 | bf16_mfu: 5.06 | epoch: 1 pq: 29 rg: 8 | total time: 171.21m | eta: 599.9m
step 01245/05568 (22.36%) | loss: 2.724138 | lrm: 1.00 | dt: 8303.29ms | tok/sec: 126,284 | bf16_mfu: 5.06 | epoch: 1 pq: 29 rg: 10 | total time: 171.35m | eta: 599.8m
step 01246/05568 (22.38%) | loss: 2.709422 | lrm: 1.00 | dt: 8298.13ms | tok/sec: 126,362 | bf16_mfu: 5.06 | epoch: 1 pq: 29 rg: 12 | total time: 171.49m | eta: 599.7m
step 01247/05568 (22.40%) | loss: 2.740109 | lrm: 1.00 | dt: 8309.95ms | tok/sec: 126,183 | bf16_mfu: 5.06 | epoch: 1 pq: 29 rg: 13 | total time: 171.63m | eta: 599.5m
step 01248/05568 (22.41%) | loss: 2.756958 | lrm: 1.00 | dt: 8305.91ms | tok/sec: 126,244 | bf16_mfu: 5.06 | epoch: 1 pq: 29 rg: 15 | total time: 171.77m | eta: 599.4m
step 01249/05568 (22.43%) | loss: 2.745220 | lrm: 1.00 | dt: 8317.57ms | tok/sec: 126,067 | bf16_mfu: 5.05 | epoch: 1 pq: 29 rg: 17 | total time: 171.91m | eta: 599.2m
Step 01250 | Validation bpb: 0.832052
2026-10-07 22:24:48,034 - nanochat.checkpoint_manager - [32m[1mINFO[0m - Saved model parameters to: /home/astarostin/.cache/nanochat/base_checkpoints/d24_1xh100/model_001250.pt
2026-10-07 22:24:48,035 - nanochat.checkpoint_manager - [32m[1mINFO[0m - Saved metadata to: /home/astarostin/.cache/nanochat/base_checkpoints/d24_1xh100/meta_001250.json
2026-10-07 22:24:56,825 - nanochat.checkpoint_manager - [32m[1mINFO[0m - Saved optimizer state to: /home/astarostin/.cache/nanochat/base_checkpoints/d24_1xh100/optim_001250_rank0.pt
step 01250/05568 (22.45%) | loss: 2.741771 | lrm: 1.00 | dt: 8240.25ms | tok/sec: 127,250 | bf16_mfu: 5.10 | epoch: 1 pq: 29 rg: 19 | total time: 172.04m | eta: 599.1m
step 01251/05568 (22.47%) | loss: 2.732153 | lrm: 1.00 | dt: 8281.36ms | tok/sec: 126,618 | bf16_mfu: 5.07 | epoch: 1 pq: 29 rg: 21 | total time: 172.18m | eta: 599.0m
step 01252/05568 (22.49%) | loss: 2.726330 | lrm: 1.00 | dt: 8307.77ms | tok/sec: 126,216 | bf16_mfu: 5.06 | epoch: 1 pq: 29 rg: 23 | total time: 172.32m | eta: 598.8m
step 01253/05568 (22.50%) | loss: 2.722610 | lrm: 1.00 | dt: 8281.24ms | tok/sec: 126,620 | bf16_mfu: 5.07 | epoch: 1 pq: 29 rg: 25 | total time: 172.46m | eta: 598.7m
step 01254/05568 (22.52%) | loss: 2.724770 | lrm: 1.00 | dt: 8282.67ms | tok/sec: 126,598 | bf16_mfu: 5.07 | epoch: 1 pq: 29 rg: 27 | total time: 172.59m | eta: 598.5m
step 01255/05568 (22.54%) | loss: 2.725595 | lrm: 1.00 | dt: 8294.50ms | tok/sec: 126,418 | bf16_mfu: 5.07 | epoch: 1 pq: 29 rg: 29 | total time: 172.73m | eta: 598.4m
step 01256/05568 (22.56%) | loss: 2.747271 | lrm: 1.00 | dt: 8293.89ms | tok/sec: 126,427 | bf16_mfu: 5.07 | epoch: 1 pq: 29 rg: 31 | total time: 172.87m | eta: 598.3m
step 01257/05568 (22.58%) | loss: 2.730775 | lrm: 1.00 | dt: 8302.02ms | tok/sec: 126,303 | bf16_mfu: 5.06 | epoch: 1 pq: 29 rg: 33 | total time: 173.01m | eta: 598.1m
step 01258/05568 (22.59%) | loss: 2.742614 | lrm: 1.00 | dt: 8292.30ms | tok/sec: 126,451 | bf16_mfu: 5.07 | epoch: 1 pq: 29 rg: 35 | total time: 173.15m | eta: 598.0m
step 01259/05568 (22.61%) | loss: 2.757352 | lrm: 1.00 | dt: 8300.44ms | tok/sec: 126,327 | bf16_mfu: 5.06 | epoch: 1 pq: 29 rg: 37 | total time: 173.29m | eta: 597.8m
step 01260/05568 (22.63%) | loss: 2.750065 | lrm: 1.00 | dt: 8294.86ms | tok/sec: 126,412 | bf16_mfu: 5.07 | epoch: 1 pq: 29 rg: 39 | total time: 173.42m | eta: 597.7m
step 01261/05568 (22.65%) | loss: 2.743988 | lrm: 1.00 | dt: 8292.51ms | tok/sec: 126,448 | bf16_mfu: 5.07 | epoch: 1 pq: 29 rg: 40 | total time: 173.56m | eta: 597.5m
step 01262/05568 (22.67%) | loss: 2.714665 | lrm: 1.00 | dt: 8292.75ms | tok/sec: 126,444 | bf16_mfu: 5.07 | epoch: 1 pq: 29 rg: 42 | total time: 173.70m | eta: 597.4m
step 01263/05568 (22.68%) | loss: 2.726815 | lrm: 1.00 | dt: 8306.98ms | tok/sec: 126,228 | bf16_mfu: 5.06 | epoch: 1 pq: 29 rg: 44 | total time: 173.84m | eta: 597.3m
step 01264/05568 (22.70%) | loss: 2.712966 | lrm: 1.00 | dt: 8301.59ms | tok/sec: 126,310 | bf16_mfu: 5.06 | epoch: 1 pq: 29 rg: 46 | total time: 173.98m | eta: 597.1m
step 01265/05568 (22.72%) | loss: 2.713154 | lrm: 1.00 | dt: 8298.22ms | tok/sec: 126,361 | bf16_mfu: 5.06 | epoch: 1 pq: 29 rg: 48 | total time: 174.12m | eta: 597.0m
step 01266/05568 (22.74%) | loss: 2.706863 | lrm: 1.00 | dt: 8297.87ms | tok/sec: 126,366 | bf16_mfu: 5.06 | epoch: 1 pq: 29 rg: 50 | total time: 174.25m | eta: 596.8m
step 01267/05568 (22.76%) | loss: 2.700318 | lrm: 1.00 | dt: 8301.67ms | tok/sec: 126,309 | bf16_mfu: 5.06 | epoch: 1 pq: 29 rg: 52 | total time: 174.39m | eta: 596.7m
step 01268/05568 (22.77%) | loss: 2.701456 | lrm: 1.00 | dt: 8300.33ms | tok/sec: 126,329 | bf16_mfu: 5.06 | epoch: 1 pq: 29 rg: 54 | total time: 174.53m | eta: 596.6m
step 01269/05568 (22.79%) | loss: 2.719086 | lrm: 1.00 | dt: 8296.06ms | tok/sec: 126,394 | bf16_mfu: 5.07 | epoch: 1 pq: 29 rg: 56 | total time: 174.67m | eta: 596.4m
step 01270/05568 (22.81%) | loss: 2.716230 | lrm: 1.00 | dt: 8293.62ms | tok/sec: 126,431 | bf16_mfu: 5.07 | epoch: 1 pq: 29 rg: 58 | total time: 174.81m | eta: 596.3m
step 01271/05568 (22.83%) | loss: 2.706507 | lrm: 1.00 | dt: 8305.82ms | tok/sec: 126,245 | bf16_mfu: 5.06 | epoch: 1 pq: 29 rg: 60 | total time: 174.95m | eta: 596.1m
step 01272/05568 (22.84%) | loss: 2.696845 | lrm: 1.00 | dt: 8303.49ms | tok/sec: 126,281 | bf16_mfu: 5.06 | epoch: 1 pq: 29 rg: 62 | total time: 175.08m | eta: 596.0m
step 01273/05568 (22.86%) | loss: 2.699579 | lrm: 1.00 | dt: 8374.72ms | tok/sec: 125,207 | bf16_mfu: 5.02 | epoch: 1 pq: 29 rg: 64 | total time: 175.22m | eta: 595.9m
step 01274/05568 (22.88%) | loss: 2.695301 | lrm: 1.00 | dt: 8300.29ms | tok/sec: 126,330 | bf16_mfu: 5.06 | epoch: 1 pq: 29 rg: 66 | total time: 175.36m | eta: 595.7m
step 01275/05568 (22.90%) | loss: 2.700002 | lrm: 1.00 | dt: 8300.75ms | tok/sec: 126,322 | bf16_mfu: 5.06 | epoch: 1 pq: 29 rg: 68 | total time: 175.50m | eta: 595.6m
step 01276/05568 (22.92%) | loss: 2.689595 | lrm: 1.00 | dt: 8298.58ms | tok/sec: 126,356 | bf16_mfu: 5.06 | epoch: 1 pq: 29 rg: 69 | total time: 175.64m | eta: 595.5m
step 01277/05568 (22.93%) | loss: 2.697028 | lrm: 1.00 | dt: 8296.67ms | tok/sec: 126,385 | bf16_mfu: 5.07 | epoch: 1 pq: 29 rg: 71 | total time: 175.78m | eta: 595.3m
step 01278/05568 (22.95%) | loss: 2.691085 | lrm: 1.00 | dt: 8301.85ms | tok/sec: 126,306 | bf16_mfu: 5.06 | epoch: 1 pq: 29 rg: 73 | total time: 175.92m | eta: 595.2m
step 01279/05568 (22.97%) | loss: 2.715169 | lrm: 1.00 | dt: 8302.97ms | tok/sec: 126,289 | bf16_mfu: 5.06 | epoch: 1 pq: 29 rg: 75 | total time: 176.05m | eta: 595.0m
step 01280/05568 (22.99%) | loss: 2.719477 | lrm: 1.00 | dt: 8303.94ms | tok/sec: 126,274 | bf16_mfu: 5.06 | epoch: 1 pq: 29 rg: 77 | total time: 176.19m | eta: 594.9m
step 01281/05568 (23.01%) | loss: 2.704630 | lrm: 1.00 | dt: 8300.50ms | tok/sec: 126,326 | bf16_mfu: 5.06 | epoch: 1 pq: 29 rg: 79 | total time: 176.33m | eta: 594.8m
step 01282/05568 (23.02%) | loss: 2.692127 | lrm: 1.00 | dt: 8306.45ms | tok/sec: 126,236 | bf16_mfu: 5.06 | epoch: 1 pq: 29 rg: 81 | total time: 176.47m | eta: 594.6m
step 01283/05568 (23.04%) | loss: 2.716991 | lrm: 1.00 | dt: 8308.18ms | tok/sec: 126,210 | bf16_mfu: 5.06 | epoch: 1 pq: 30 rg: 1 | total time: 176.61m | eta: 594.5m
step 01284/05568 (23.06%) | loss: 2.718851 | lrm: 1.00 | dt: 8307.21ms | tok/sec: 126,224 | bf16_mfu: 5.06 | epoch: 1 pq: 30 rg: 3 | total time: 176.75m | eta: 594.3m
step 01285/05568 (23.08%) | loss: 2.716247 | lrm: 1.00 | dt: 8302.82ms | tok/sec: 126,291 | bf16_mfu: 5.06 | epoch: 1 pq: 30 rg: 5 | total time: 176.88m | eta: 594.2m
step 01286/05568 (23.10%) | loss: 2.707923 | lrm: 1.00 | dt: 8307.49ms | tok/sec: 126,220 | bf16_mfu: 5.06 | epoch: 1 pq: 30 rg: 7 | total time: 177.02m | eta: 594.1m
step 01287/05568 (23.11%) | loss: 2.693618 | lrm: 1.00 | dt: 8303.87ms | tok/sec: 126,275 | bf16_mfu: 5.06 | epoch: 1 pq: 30 rg: 9 | total time: 177.16m | eta: 593.9m
step 01288/05568 (23.13%) | loss: 2.692110 | lrm: 1.00 | dt: 8297.67ms | tok/sec: 126,369 | bf16_mfu: 5.06 | epoch: 1 pq: 30 rg: 11 | total time: 177.30m | eta: 593.8m
step 01289/05568 (23.15%) | loss: 2.688515 | lrm: 1.00 | dt: 8296.40ms | tok/sec: 126,389 | bf16_mfu: 5.07 | epoch: 1 pq: 30 rg: 13 | total time: 177.44m | eta: 593.6m
step 01290/05568 (23.17%) | loss: 2.685439 | lrm: 1.00 | dt: 8310.44ms | tok/sec: 126,175 | bf16_mfu: 5.06 | epoch: 1 pq: 30 rg: 14 | total time: 177.58m | eta: 593.5m
step 01291/05568 (23.19%) | loss: 2.704023 | lrm: 1.00 | dt: 8378.55ms | tok/sec: 125,150 | bf16_mfu: 5.02 | epoch: 1 pq: 30 rg: 16 | total time: 177.72m | eta: 593.4m
step 01292/05568 (23.20%) | loss: 2.714215 | lrm: 1.00 | dt: 8302.66ms | tok/sec: 126,293 | bf16_mfu: 5.06 | epoch: 1 pq: 30 rg: 18 | total time: 177.85m | eta: 593.2m
step 01293/05568 (23.22%) | loss: 2.718494 | lrm: 1.00 | dt: 8312.42ms | tok/sec: 126,145 | bf16_mfu: 5.06 | epoch: 1 pq: 30 rg: 20 | total time: 177.99m | eta: 593.1m
step 01294/05568 (23.24%) | loss: 2.725506 | lrm: 1.00 | dt: 8303.01ms | tok/sec: 126,288 | bf16_mfu: 5.06 | epoch: 1 pq: 30 rg: 22 | total time: 178.13m | eta: 592.9m
step 01295/05568 (23.26%) | loss: 2.732636 | lrm: 1.00 | dt: 8298.23ms | tok/sec: 126,361 | bf16_mfu: 5.06 | epoch: 1 pq: 30 rg: 24 | total time: 178.27m | eta: 592.8m
step 01296/05568 (23.28%) | loss: 2.728889 | lrm: 1.00 | dt: 8299.96ms | tok/sec: 126,335 | bf16_mfu: 5.06 | epoch: 1 pq: 30 rg: 26 | total time: 178.41m | eta: 592.7m
step 01297/05568 (23.29%) | loss: 2.718842 | lrm: 1.00 | dt: 8312.90ms | tok/sec: 126,138 | bf16_mfu: 5.06 | epoch: 1 pq: 30 rg: 28 | total time: 178.55m | eta: 592.5m
step 01298/05568 (23.31%) | loss: 2.725267 | lrm: 1.00 | dt: 8303.10ms | tok/sec: 126,287 | bf16_mfu: 5.06 | epoch: 1 pq: 30 rg: 30 | total time: 178.68m | eta: 592.4m
step 01299/05568 (23.33%) | loss: 2.728119 | lrm: 1.00 | dt: 8300.92ms | tok/sec: 126,320 | bf16_mfu: 5.06 | epoch: 1 pq: 30 rg: 32 | total time: 178.82m | eta: 592.2m
step 01300/05568 (23.35%) | loss: 2.733606 | lrm: 1.00 | dt: 8310.47ms | tok/sec: 126,175 | bf16_mfu: 5.06 | epoch: 1 pq: 30 rg: 34 | total time: 178.96m | eta: 592.1m
step 01301/05568 (23.37%) | loss: 2.718250 | lrm: 1.00 | dt: 8306.56ms | tok/sec: 126,234 | bf16_mfu: 5.06 | epoch: 1 pq: 30 rg: 36 | total time: 179.10m | eta: 592.0m
step 01302/05568 (23.38%) | loss: 2.717907 | lrm: 1.00 | dt: 8300.24ms | tok/sec: 126,330 | bf16_mfu: 5.06 | epoch: 1 pq: 30 rg: 38 | total time: 179.24m | eta: 591.8m
step 01303/05568 (23.40%) | loss: 2.738374 | lrm: 1.00 | dt: 8293.59ms | tok/sec: 126,432 | bf16_mfu: 5.07 | epoch: 1 pq: 30 rg: 40 | total time: 179.38m | eta: 591.7m
step 01304/05568 (23.42%) | loss: 2.722313 | lrm: 1.00 | dt: 8310.09ms | tok/sec: 126,181 | bf16_mfu: 5.06 | epoch: 1 pq: 30 rg: 42 | total time: 179.52m | eta: 591.5m
step 01305/05568 (23.44%) | loss: 2.737460 | lrm: 1.00 | dt: 8297.95ms | tok/sec: 126,365 | bf16_mfu: 5.06 | epoch: 1 pq: 30 rg: 44 | total time: 179.65m | eta: 591.4m
step 01306/05568 (23.46%) | loss: 2.724031 | lrm: 1.00 | dt: 8322.42ms | tok/sec: 125,994 | bf16_mfu: 5.05 | epoch: 1 pq: 30 rg: 46 | total time: 179.79m | eta: 591.3m
step 01307/05568 (23.47%) | loss: 2.711921 | lrm: 1.00 | dt: 8292.45ms | tok/sec: 126,449 | bf16_mfu: 5.07 | epoch: 1 pq: 30 rg: 48 | total time: 179.93m | eta: 591.1m
step 01308/05568 (23.49%) | loss: 2.698510 | lrm: 1.00 | dt: 8307.48ms | tok/sec: 126,220 | bf16_mfu: 5.06 | epoch: 1 pq: 30 rg: 50 | total time: 180.07m | eta: 591.0m
step 01309/05568 (23.51%) | loss: 2.687549 | lrm: 1.00 | dt: 8315.37ms | tok/sec: 126,100 | bf16_mfu: 5.05 | epoch: 1 pq: 30 rg: 51 | total time: 180.21m | eta: 590.8m
step 01310/05568 (23.53%) | loss: 2.698894 | lrm: 1.00 | dt: 8304.89ms | tok/sec: 126,260 | bf16_mfu: 5.06 | epoch: 1 pq: 30 rg: 53 | total time: 180.35m | eta: 590.7m
step 01311/05568 (23.55%) | loss: 2.703141 | lrm: 1.00 | dt: 8305.68ms | tok/sec: 126,248 | bf16_mfu: 5.06 | epoch: 1 pq: 30 rg: 55 | total time: 180.48m | eta: 590.6m
step 01312/05568 (23.56%) | loss: 2.706980 | lrm: 1.00 | dt: 8306.28ms | tok/sec: 126,238 | bf16_mfu: 5.06 | epoch: 1 pq: 30 rg: 57 | total time: 180.62m | eta: 590.4m
step 01313/05568 (23.58%) | loss: 2.699476 | lrm: 1.00 | dt: 8299.86ms | tok/sec: 126,336 | bf16_mfu: 5.06 | epoch: 1 pq: 30 rg: 59 | total time: 180.76m | eta: 590.3m
step 01314/05568 (23.60%) | loss: 2.694998 | lrm: 1.00 | dt: 8298.84ms | tok/sec: 126,352 | bf16_mfu: 5.06 | epoch: 1 pq: 30 rg: 61 | total time: 180.90m | eta: 590.1m
step 01315/05568 (23.62%) | loss: 2.688288 | lrm: 1.00 | dt: 8307.49ms | tok/sec: 126,220 | bf16_mfu: 5.06 | epoch: 1 pq: 30 rg: 63 | total time: 181.04m | eta: 590.0m
step 01316/05568 (23.64%) | loss: 2.697826 | lrm: 1.00 | dt: 8308.02ms | tok/sec: 126,212 | bf16_mfu: 5.06 | epoch: 1 pq: 30 rg: 65 | total time: 181.18m | eta: 589.9m
step 01317/05568 (23.65%) | loss: 2.693197 | lrm: 1.00 | dt: 8306.81ms | tok/sec: 126,230 | bf16_mfu: 5.06 | epoch: 1 pq: 30 rg: 67 | total time: 181.31m | eta: 589.7m
step 01318/05568 (23.67%) | loss: 2.693639 | lrm: 1.00 | dt: 8306.73ms | tok/sec: 126,232 | bf16_mfu: 5.06 | epoch: 1 pq: 30 rg: 69 | total time: 181.45m | eta: 589.6m
step 01319/05568 (23.69%) | loss: 2.706322 | lrm: 1.00 | dt: 8306.08ms | tok/sec: 126,242 | bf16_mfu: 5.06 | epoch: 1 pq: 30 rg: 71 | total time: 181.59m | eta: 589.4m
step 01320/05568 (23.71%) | loss: 2.710968 | lrm: 1.00 | dt: 8298.65ms | tok/sec: 126,355 | bf16_mfu: 5.06 | epoch: 1 pq: 30 rg: 73 | total time: 181.73m | eta: 589.3m
step 01321/05568 (23.72%) | loss: 2.721339 | lrm: 1.00 | dt: 8298.86ms | tok/sec: 126,351 | bf16_mfu: 5.06 | epoch: 1 pq: 30 rg: 75 | total time: 181.87m | eta: 589.2m
step 01322/05568 (23.74%) | loss: 2.723175 | lrm: 1.00 | dt: 8304.14ms | tok/sec: 126,271 | bf16_mfu: 5.06 | epoch: 1 pq: 30 rg: 77 | total time: 182.01m | eta: 589.0m
step 01323/05568 (23.76%) | loss: 2.721494 | lrm: 1.00 | dt: 8314.38ms | tok/sec: 126,116 | bf16_mfu: 5.05 | epoch: 1 pq: 30 rg: 79 | total time: 182.15m | eta: 588.9m
step 01324/05568 (23.78%) | loss: 2.722867 | lrm: 1.00 | dt: 8310.77ms | tok/sec: 126,170 | bf16_mfu: 5.06 | epoch: 1 pq: 30 rg: 80 | total time: 182.28m | eta: 588.7m
step 01325/05568 (23.80%) | loss: 2.730179 | lrm: 1.00 | dt: 8308.33ms | tok/sec: 126,207 | bf16_mfu: 5.06 | epoch: 1 pq: 30 rg: 82 | total time: 182.42m | eta: 588.6m
step 01326/05568 (23.81%) | loss: 2.722222 | lrm: 1.00 | dt: 8312.33ms | tok/sec: 126,146 | bf16_mfu: 5.06 | epoch: 1 pq: 31 rg: 1 | total time: 182.56m | eta: 588.5m
step 01327/05568 (23.83%) | loss: 2.715074 | lrm: 1.00 | dt: 8303.38ms | tok/sec: 126,282 | bf16_mfu: 5.06 | epoch: 1 pq: 31 rg: 3 | total time: 182.70m | eta: 588.3m
step 01328/05568 (23.85%) | loss: 2.717002 | lrm: 1.00 | dt: 8304.07ms | tok/sec: 126,272 | bf16_mfu: 5.06 | epoch: 1 pq: 31 rg: 5 | total time: 182.84m | eta: 588.2m
step 01329/05568 (23.87%) | loss: 2.705625 | lrm: 1.00 | dt: 8304.10ms | tok/sec: 126,272 | bf16_mfu: 5.06 | epoch: 1 pq: 31 rg: 7 | total time: 182.98m | eta: 588.0m
step 01330/05568 (23.89%) | loss: 2.696652 | lrm: 1.00 | dt: 8299.78ms | tok/sec: 126,337 | bf16_mfu: 5.06 | epoch: 1 pq: 31 rg: 9 | total time: 183.11m | eta: 587.9m
step 01331/05568 (23.90%) | loss: 2.697067 | lrm: 1.00 | dt: 8308.63ms | tok/sec: 126,203 | bf16_mfu: 5.06 | epoch: 1 pq: 31 rg: 11 | total time: 183.25m | eta: 587.8m
step 01332/05568 (23.92%) | loss: 2.695201 | lrm: 1.00 | dt: 8335.26ms | tok/sec: 125,800 | bf16_mfu: 5.04 | epoch: 1 pq: 31 rg: 13 | total time: 183.39m | eta: 587.6m
step 01333/05568 (23.94%) | loss: 2.701504 | lrm: 1.00 | dt: 8303.90ms | tok/sec: 126,275 | bf16_mfu: 5.06 | epoch: 1 pq: 31 rg: 15 | total time: 183.53m | eta: 587.5m
step 01334/05568 (23.96%) | loss: 2.699745 | lrm: 1.00 | dt: 8306.62ms | tok/sec: 126,233 | bf16_mfu: 5.06 | epoch: 1 pq: 31 rg: 17 | total time: 183.67m | eta: 587.4m
step 01335/05568 (23.98%) | loss: 2.704390 | lrm: 1.00 | dt: 8306.41ms | tok/sec: 126,237 | bf16_mfu: 5.06 | epoch: 1 pq: 31 rg: 19 | total time: 183.81m | eta: 587.2m
step 01336/05568 (23.99%) | loss: 2.705470 | lrm: 1.00 | dt: 8302.50ms | tok/sec: 126,296 | bf16_mfu: 5.06 | epoch: 1 pq: 31 rg: 21 | total time: 183.95m | eta: 587.1m
step 01337/05568 (24.01%) | loss: 2.703360 | lrm: 1.00 | dt: 8298.74ms | tok/sec: 126,353 | bf16_mfu: 5.06 | epoch: 1 pq: 31 rg: 23 | total time: 184.08m | eta: 586.9m
step 01338/05568 (24.03%) | loss: 2.709864 | lrm: 1.00 | dt: 8300.95ms | tok/sec: 126,319 | bf16_mfu: 5.06 | epoch: 1 pq: 31 rg: 24 | total time: 184.22m | eta: 586.8m
step 01339/05568 (24.05%) | loss: 2.720009 | lrm: 1.00 | dt: 8309.20ms | tok/sec: 126,194 | bf16_mfu: 5.06 | epoch: 1 pq: 31 rg: 26 | total time: 184.36m | eta: 586.7m
step 01340/05568 (24.07%) | loss: 2.707520 | lrm: 1.00 | dt: 8308.13ms | tok/sec: 126,210 | bf16_mfu: 5.06 | epoch: 1 pq: 31 rg: 28 | total time: 184.50m | eta: 586.5m
step 01341/05568 (24.08%) | loss: 2.726895 | lrm: 1.00 | dt: 8304.10ms | tok/sec: 126,272 | bf16_mfu: 5.06 | epoch: 1 pq: 31 rg: 30 | total time: 184.64m | eta: 586.4m
step 01342/05568 (24.10%) | loss: 2.729240 | lrm: 1.00 | dt: 8287.92ms | tok/sec: 126,518 | bf16_mfu: 5.07 | epoch: 1 pq: 31 rg: 32 | total time: 184.78m | eta: 586.2m
step 01343/05568 (24.12%) | loss: 2.733466 | lrm: 1.00 | dt: 8308.10ms | tok/sec: 126,211 | bf16_mfu: 5.06 | epoch: 1 pq: 31 rg: 34 | total time: 184.91m | eta: 586.1m
step 01344/05568 (24.14%) | loss: 2.743453 | lrm: 1.00 | dt: 8299.31ms | tok/sec: 126,344 | bf16_mfu: 5.06 | epoch: 1 pq: 31 rg: 36 | total time: 185.05m | eta: 586.0m
step 01345/05568 (24.16%) | loss: 2.737203 | lrm: 1.00 | dt: 8313.92ms | tok/sec: 126,122 | bf16_mfu: 5.05 | epoch: 1 pq: 31 rg: 38 | total time: 185.19m | eta: 585.8m
step 01346/05568 (24.17%) | loss: 2.747458 | lrm: 1.00 | dt: 8306.72ms | tok/sec: 126,232 | bf16_mfu: 5.06 | epoch: 1 pq: 31 rg: 40 | total time: 185.33m | eta: 585.7m
step 01347/05568 (24.19%) | loss: 2.737707 | lrm: 1.00 | dt: 8311.89ms | tok/sec: 126,153 | bf16_mfu: 5.06 | epoch: 1 pq: 31 rg: 42 | total time: 185.47m | eta: 585.5m
step 01348/05568 (24.21%) | loss: 2.730907 | lrm: 1.00 | dt: 8302.13ms | tok/sec: 126,301 | bf16_mfu: 5.06 | epoch: 1 pq: 31 rg: 44 | total time: 185.61m | eta: 585.4m
step 01349/05568 (24.23%) | loss: 2.735156 | lrm: 1.00 | dt: 8309.14ms | tok/sec: 126,195 | bf16_mfu: 5.06 | epoch: 1 pq: 31 rg: 46 | total time: 185.74m | eta: 585.3m
step 01350/05568 (24.25%) | loss: 2.735407 | lrm: 1.00 | dt: 8303.48ms | tok/sec: 126,281 | bf16_mfu: 5.06 | epoch: 1 pq: 31 rg: 48 | total time: 185.88m | eta: 585.1m
step 01351/05568 (24.26%) | loss: 2.734645 | lrm: 1.00 | dt: 8303.21ms | tok/sec: 126,285 | bf16_mfu: 5.06 | epoch: 1 pq: 31 rg: 50 | total time: 186.02m | eta: 585.0m
step 01352/05568 (24.28%) | loss: 2.720000 | lrm: 1.00 | dt: 8307.03ms | tok/sec: 126,227 | bf16_mfu: 5.06 | epoch: 1 pq: 31 rg: 52 | total time: 186.16m | eta: 584.8m
step 01353/05568 (24.30%) | loss: 2.715046 | lrm: 1.00 | dt: 8309.40ms | tok/sec: 126,191 | bf16_mfu: 5.06 | epoch: 1 pq: 31 rg: 54 | total time: 186.30m | eta: 584.7m
step 01354/05568 (24.32%) | loss: 2.717982 | lrm: 1.00 | dt: 8313.44ms | tok/sec: 126,130 | bf16_mfu: 5.06 | epoch: 1 pq: 31 rg: 55 | total time: 186.44m | eta: 584.6m
step 01355/05568 (24.34%) | loss: 2.717060 | lrm: 1.00 | dt: 8318.00ms | tok/sec: 126,061 | bf16_mfu: 5.05 | epoch: 1 pq: 31 rg: 57 | total time: 186.58m | eta: 584.4m
step 01356/05568 (24.35%) | loss: 2.709384 | lrm: 1.00 | dt: 8294.40ms | tok/sec: 126,419 | bf16_mfu: 5.07 | epoch: 1 pq: 31 rg: 59 | total time: 186.71m | eta: 584.3m
step 01357/05568 (24.37%) | loss: 2.709229 | lrm: 1.00 | dt: 8310.11ms | tok/sec: 126,180 | bf16_mfu: 5.06 | epoch: 1 pq: 31 rg: 61 | total time: 186.85m | eta: 584.1m
step 01358/05568 (24.39%) | loss: 2.689474 | lrm: 1.00 | dt: 8307.25ms | tok/sec: 126,224 | bf16_mfu: 5.06 | epoch: 1 pq: 31 rg: 63 | total time: 186.99m | eta: 584.0m
step 01359/05568 (24.41%) | loss: 2.679266 | lrm: 1.00 | dt: 8291.73ms | tok/sec: 126,460 | bf16_mfu: 5.07 | epoch: 1 pq: 31 rg: 65 | total time: 187.13m | eta: 583.9m
step 01360/05568 (24.43%) | loss: 2.676652 | lrm: 1.00 | dt: 8303.92ms | tok/sec: 126,274 | bf16_mfu: 5.06 | epoch: 1 pq: 31 rg: 67 | total time: 187.27m | eta: 583.7m
step 01361/05568 (24.44%) | loss: 2.664032 | lrm: 1.00 | dt: 8305.78ms | tok/sec: 126,246 | bf16_mfu: 5.06 | epoch: 1 pq: 31 rg: 69 | total time: 187.41m | eta: 583.6m
step 01362/05568 (24.46%) | loss: 2.695908 | lrm: 1.00 | dt: 8307.20ms | tok/sec: 126,224 | bf16_mfu: 5.06 | epoch: 1 pq: 31 rg: 71 | total time: 187.54m | eta: 583.4m
step 01363/05568 (24.48%) | loss: 2.690570 | lrm: 1.00 | dt: 8307.10ms | tok/sec: 126,226 | bf16_mfu: 5.06 | epoch: 1 pq: 31 rg: 73 | total time: 187.68m | eta: 583.3m
step 01364/05568 (24.50%) | loss: 2.704879 | lrm: 1.00 | dt: 8309.99ms | tok/sec: 126,182 | bf16_mfu: 5.06 | epoch: 1 pq: 31 rg: 75 | total time: 187.82m | eta: 583.2m
step 01365/05568 (24.52%) | loss: 2.698638 | lrm: 1.00 | dt: 8300.58ms | tok/sec: 126,325 | bf16_mfu: 5.06 | epoch: 1 pq: 31 rg: 77 | total time: 187.96m | eta: 583.0m
step 01366/05568 (24.53%) | loss: 2.716733 | lrm: 1.00 | dt: 8345.02ms | tok/sec: 125,652 | bf16_mfu: 5.04 | epoch: 1 pq: 31 rg: 79 | total time: 188.10m | eta: 582.9m
step 01367/05568 (24.55%) | loss: 2.704154 | lrm: 1.00 | dt: 8304.78ms | tok/sec: 126,261 | bf16_mfu: 5.06 | epoch: 1 pq: 31 rg: 80 | total time: 188.24m | eta: 582.7m
step 01368/05568 (24.57%) | loss: 2.691079 | lrm: 1.00 | dt: 8304.91ms | tok/sec: 126,259 | bf16_mfu: 5.06 | epoch: 1 pq: 32 rg: 0 | total time: 188.38m | eta: 582.6m
step 01369/05568 (24.59%) | loss: 2.692364 | lrm: 1.00 | dt: 8306.48ms | tok/sec: 126,235 | bf16_mfu: 5.06 | epoch: 1 pq: 32 rg: 2 | total time: 188.51m | eta: 582.5m
step 01370/05568 (24.60%) | loss: 2.684330 | lrm: 1.00 | dt: 8298.23ms | tok/sec: 126,361 | bf16_mfu: 5.06 | epoch: 1 pq: 32 rg: 4 | total time: 188.65m | eta: 582.3m
step 01371/05568 (24.62%) | loss: 2.695556 | lrm: 1.00 | dt: 8304.38ms | tok/sec: 126,267 | bf16_mfu: 5.06 | epoch: 1 pq: 32 rg: 6 | total time: 188.79m | eta: 582.2m
step 01372/05568 (24.64%) | loss: 2.690735 | lrm: 1.00 | dt: 8304.86ms | tok/sec: 126,260 | bf16_mfu: 5.06 | epoch: 1 pq: 32 rg: 8 | total time: 188.93m | eta: 582.0m
step 01373/05568 (24.66%) | loss: 2.724766 | lrm: 1.00 | dt: 8312.49ms | tok/sec: 126,144 | bf16_mfu: 5.06 | epoch: 1 pq: 32 rg: 10 | total time: 189.07m | eta: 581.9m
step 01374/05568 (24.68%) | loss: 2.715679 | lrm: 1.00 | dt: 8304.07ms | tok/sec: 126,272 | bf16_mfu: 5.06 | epoch: 1 pq: 32 rg: 12 | total time: 189.21m | eta: 581.8m
step 01375/05568 (24.69%) | loss: 2.713411 | lrm: 1.00 | dt: 8318.78ms | tok/sec: 126,049 | bf16_mfu: 5.05 | epoch: 1 pq: 32 rg: 14 | total time: 189.34m | eta: 581.6m
step 01376/05568 (24.71%) | loss: 2.705001 | lrm: 1.00 | dt: 8304.04ms | tok/sec: 126,272 | bf16_mfu: 5.06 | epoch: 1 pq: 32 rg: 16 | total time: 189.48m | eta: 581.5m
step 01377/05568 (24.73%) | loss: 2.702744 | lrm: 1.00 | dt: 8307.22ms | tok/sec: 126,224 | bf16_mfu: 5.06 | epoch: 1 pq: 32 rg: 18 | total time: 189.62m | eta: 581.3m
step 01378/05568 (24.75%) | loss: 2.698476 | lrm: 1.00 | dt: 8298.78ms | tok/sec: 126,353 | bf16_mfu: 5.06 | epoch: 1 pq: 32 rg: 20 | total time: 189.76m | eta: 581.2m
step 01379/05568 (24.77%) | loss: 2.695960 | lrm: 1.00 | dt: 8307.14ms | tok/sec: 126,225 | bf16_mfu: 5.06 | epoch: 1 pq: 32 rg: 22 | total time: 189.90m | eta: 581.1m
step 01380/05568 (24.78%) | loss: 2.693835 | lrm: 1.00 | dt: 8295.25ms | tok/sec: 126,406 | bf16_mfu: 5.07 | epoch: 1 pq: 32 rg: 24 | total time: 190.04m | eta: 580.9m
step 01381/05568 (24.80%) | loss: 2.689823 | lrm: 1.00 | dt: 8306.56ms | tok/sec: 126,234 | bf16_mfu: 5.06 | epoch: 1 pq: 32 rg: 26 | total time: 190.18m | eta: 580.8m
step 01382/05568 (24.82%) | loss: 2.686953 | lrm: 1.00 | dt: 8356.36ms | tok/sec: 125,482 | bf16_mfu: 5.03 | epoch: 1 pq: 32 rg: 28 | total time: 190.31m | eta: 580.7m
step 01383/05568 (24.84%) | loss: 2.698510 | lrm: 1.00 | dt: 8300.82ms | tok/sec: 126,322 | bf16_mfu: 5.06 | epoch: 1 pq: 32 rg: 29 | total time: 190.45m | eta: 580.5m
step 01384/05568 (24.86%) | loss: 2.694797 | lrm: 1.00 | dt: 8301.08ms | tok/sec: 126,318 | bf16_mfu: 5.06 | epoch: 1 pq: 32 rg: 31 | total time: 190.59m | eta: 580.4m
step 01385/05568 (24.87%) | loss: 2.693492 | lrm: 1.00 | dt: 8316.45ms | tok/sec: 126,084 | bf16_mfu: 5.05 | epoch: 1 pq: 32 rg: 33 | total time: 190.73m | eta: 580.2m
step 01386/05568 (24.89%) | loss: 2.705266 | lrm: 1.00 | dt: 8314.65ms | tok/sec: 126,111 | bf16_mfu: 5.05 | epoch: 1 pq: 32 rg: 35 | total time: 190.87m | eta: 580.1m
step 01387/05568 (24.91%) | loss: 2.715351 | lrm: 1.00 | dt: 8303.09ms | tok/sec: 126,287 | bf16_mfu: 5.06 | epoch: 1 pq: 32 rg: 37 | total time: 191.01m | eta: 580.0m
step 01388/05568 (24.93%) | loss: 2.720520 | lrm: 1.00 | dt: 8305.58ms | tok/sec: 126,249 | bf16_mfu: 5.06 | epoch: 1 pq: 32 rg: 39 | total time: 191.15m | eta: 579.8m
step 01389/05568 (24.95%) | loss: 2.722043 | lrm: 1.00 | dt: 8312.00ms | tok/sec: 126,151 | bf16_mfu: 5.06 | epoch: 1 pq: 32 rg: 41 | total time: 191.28m | eta: 579.7m
step 01390/05568 (24.96%) | loss: 2.711147 | lrm: 1.00 | dt: 8303.49ms | tok/sec: 126,281 | bf16_mfu: 5.06 | epoch: 1 pq: 32 rg: 43 | total time: 191.42m | eta: 579.5m
step 01391/05568 (24.98%) | loss: 2.689896 | lrm: 1.00 | dt: 8298.07ms | tok/sec: 126,363 | bf16_mfu: 5.06 | epoch: 1 pq: 32 rg: 45 | total time: 191.56m | eta: 579.4m
step 01392/05568 (25.00%) | loss: 2.695526 | lrm: 1.00 | dt: 8298.40ms | tok/sec: 126,358 | bf16_mfu: 5.06 | epoch: 1 pq: 32 rg: 47 | total time: 191.70m | eta: 579.3m
step 01393/05568 (25.02%) | loss: 2.687115 | lrm: 1.00 | dt: 8322.06ms | tok/sec: 125,999 | bf16_mfu: 5.05 | epoch: 1 pq: 32 rg: 49 | total time: 191.84m | eta: 579.1m
step 01394/05568 (25.04%) | loss: 2.699682 | lrm: 1.00 | dt: 8310.71ms | tok/sec: 126,171 | bf16_mfu: 5.06 | epoch: 1 pq: 32 rg: 51 | total time: 191.98m | eta: 579.0m
step 01395/05568 (25.05%) | loss: 2.715337 | lrm: 1.00 | dt: 8303.79ms | tok/sec: 126,276 | bf16_mfu: 5.06 | epoch: 1 pq: 32 rg: 53 | total time: 192.11m | eta: 578.8m
step 01396/05568 (25.07%) | loss: 2.716107 | lrm: 1.00 | dt: 8323.89ms | tok/sec: 125,971 | bf16_mfu: 5.05 | epoch: 1 pq: 32 rg: 54 | total time: 192.25m | eta: 578.7m
step 01397/05568 (25.09%) | loss: 2.701831 | lrm: 1.00 | dt: 8310.69ms | tok/sec: 126,171 | bf16_mfu: 5.06 | epoch: 1 pq: 32 rg: 56 | total time: 192.39m | eta: 578.6m
step 01398/05568 (25.11%) | loss: 2.716437 | lrm: 1.00 | dt: 8302.22ms | tok/sec: 126,300 | bf16_mfu: 5.06 | epoch: 1 pq: 32 rg: 58 | total time: 192.53m | eta: 578.4m
step 01399/05568 (25.13%) | loss: 2.718044 | lrm: 1.00 | dt: 8300.43ms | tok/sec: 126,327 | bf16_mfu: 5.06 | epoch: 1 pq: 32 rg: 60 | total time: 192.67m | eta: 578.3m
step 01400/05568 (25.14%) | loss: 2.705472 | lrm: 1.00 | dt: 8314.15ms | tok/sec: 126,119 | bf16_mfu: 5.05 | epoch: 1 pq: 32 rg: 62 | total time: 192.81m | eta: 578.1m
step 01401/05568 (25.16%) | loss: 2.712623 | lrm: 1.00 | dt: 8312.58ms | tok/sec: 126,143 | bf16_mfu: 5.06 | epoch: 1 pq: 32 rg: 64 | total time: 192.95m | eta: 578.0m
step 01402/05568 (25.18%) | loss: 2.699241 | lrm: 1.00 | dt: 8303.15ms | tok/sec: 126,286 | bf16_mfu: 5.06 | epoch: 1 pq: 32 rg: 66 | total time: 193.08m | eta: 577.9m
step 01403/05568 (25.20%) | loss: 2.689373 | lrm: 1.00 | dt: 8298.83ms | tok/sec: 126,352 | bf16_mfu: 5.06 | epoch: 1 pq: 32 rg: 68 | total time: 193.22m | eta: 577.7m
step 01404/05568 (25.22%) | loss: 2.719050 | lrm: 1.00 | dt: 8314.21ms | tok/sec: 126,118 | bf16_mfu: 5.05 | epoch: 1 pq: 32 rg: 70 | total time: 193.36m | eta: 577.6m
step 01405/05568 (25.23%) | loss: 2.702702 | lrm: 1.00 | dt: 8304.59ms | tok/sec: 126,264 | bf16_mfu: 5.06 | epoch: 1 pq: 32 rg: 72 | total time: 193.50m | eta: 577.4m
step 01406/05568 (25.25%) | loss: 2.691846 | lrm: 1.00 | dt: 8310.41ms | tok/sec: 126,176 | bf16_mfu: 5.06 | epoch: 1 pq: 32 rg: 74 | total time: 193.64m | eta: 577.3m
step 01407/05568 (25.27%) | loss: 2.676766 | lrm: 1.00 | dt: 8310.90ms | tok/sec: 126,168 | bf16_mfu: 5.06 | epoch: 1 pq: 32 rg: 76 | total time: 193.78m | eta: 577.2m
step 01408/05568 (25.29%) | loss: 2.694614 | lrm: 1.00 | dt: 8305.62ms | tok/sec: 126,248 | bf16_mfu: 5.06 | epoch: 1 pq: 32 rg: 78 | total time: 193.91m | eta: 577.0m
step 01409/05568 (25.31%) | loss: 2.685317 | lrm: 1.00 | dt: 8307.04ms | tok/sec: 126,227 | bf16_mfu: 5.06 | epoch: 1 pq: 32 rg: 80 | total time: 194.05m | eta: 576.9m
step 01410/05568 (25.32%) | loss: 2.682598 | lrm: 1.00 | dt: 8307.42ms | tok/sec: 126,221 | bf16_mfu: 5.06 | epoch: 1 pq: 32 rg: 81 | total time: 194.19m | eta: 576.7m
step 01411/05568 (25.34%) | loss: 2.679347 | lrm: 1.00 | dt: 8313.78ms | tok/sec: 126,125 | bf16_mfu: 5.05 | epoch: 1 pq: 33 rg: 0 | total time: 194.33m | eta: 576.6m
step 01412/05568 (25.36%) | loss: 2.668312 | lrm: 1.00 | dt: 8304.82ms | tok/sec: 126,261 | bf16_mfu: 5.06 | epoch: 1 pq: 33 rg: 2 | total time: 194.47m | eta: 576.5m
step 01413/05568 (25.38%) | loss: 2.679109 | lrm: 1.00 | dt: 8311.63ms | tok/sec: 126,157 | bf16_mfu: 5.06 | epoch: 1 pq: 33 rg: 4 | total time: 194.61m | eta: 576.3m
step 01414/05568 (25.40%) | loss: 2.680757 | lrm: 1.00 | dt: 8315.02ms | tok/sec: 126,106 | bf16_mfu: 5.05 | epoch: 1 pq: 33 rg: 6 | total time: 194.75m | eta: 576.2m
step 01415/05568 (25.41%) | loss: 2.691268 | lrm: 1.00 | dt: 8299.70ms | tok/sec: 126,339 | bf16_mfu: 5.06 | epoch: 1 pq: 33 rg: 8 | total time: 194.88m | eta: 576.1m
step 01416/05568 (25.43%) | loss: 2.681982 | lrm: 1.00 | dt: 8318.93ms | tok/sec: 126,046 | bf16_mfu: 5.05 | epoch: 1 pq: 33 rg: 10 | total time: 195.02m | eta: 575.9m
step 01417/05568 (25.45%) | loss: 2.685622 | lrm: 1.00 | dt: 8300.19ms | tok/sec: 126,331 | bf16_mfu: 5.06 | epoch: 1 pq: 33 rg: 12 | total time: 195.16m | eta: 575.8m
step 01418/05568 (25.47%) | loss: 2.686028 | lrm: 1.00 | dt: 8315.96ms | tok/sec: 126,092 | bf16_mfu: 5.05 | epoch: 1 pq: 33 rg: 14 | total time: 195.30m | eta: 575.6m
step 01419/05568 (25.48%) | loss: 2.690366 | lrm: 1.00 | dt: 8309.75ms | tok/sec: 126,186 | bf16_mfu: 5.06 | epoch: 1 pq: 33 rg: 16 | total time: 195.44m | eta: 575.5m
step 01420/05568 (25.50%) | loss: 2.697802 | lrm: 1.00 | dt: 8307.76ms | tok/sec: 126,216 | bf16_mfu: 5.06 | epoch: 1 pq: 33 rg: 18 | total time: 195.58m | eta: 575.4m
step 01421/05568 (25.52%) | loss: 2.701738 | lrm: 1.00 | dt: 8310.57ms | tok/sec: 126,173 | bf16_mfu: 5.06 | epoch: 1 pq: 33 rg: 20 | total time: 195.71m | eta: 575.2m
step 01422/05568 (25.54%) | loss: 2.707741 | lrm: 1.00 | dt: 8325.11ms | tok/sec: 125,953 | bf16_mfu: 5.05 | epoch: 1 pq: 33 rg: 22 | total time: 195.85m | eta: 575.1m
step 01423/05568 (25.56%) | loss: 2.710726 | lrm: 1.00 | dt: 8308.73ms | tok/sec: 126,201 | bf16_mfu: 5.06 | epoch: 1 pq: 33 rg: 24 | total time: 195.99m | eta: 574.9m
step 01424/05568 (25.57%) | loss: 2.704061 | lrm: 1.00 | dt: 8307.11ms | tok/sec: 126,226 | bf16_mfu: 5.06 | epoch: 1 pq: 33 rg: 26 | total time: 196.13m | eta: 574.8m
step 01425/05568 (25.59%) | loss: 2.701715 | lrm: 1.00 | dt: 8310.51ms | tok/sec: 126,174 | bf16_mfu: 5.06 | epoch: 1 pq: 33 rg: 28 | total time: 196.27m | eta: 574.7m
step 01426/05568 (25.61%) | loss: 2.723870 | lrm: 1.00 | dt: 8303.91ms | tok/sec: 126,275 | bf16_mfu: 5.06 | epoch: 1 pq: 33 rg: 30 | total time: 196.41m | eta: 574.5m
step 01427/05568 (25.63%) | loss: 2.716385 | lrm: 1.00 | dt: 8313.34ms | tok/sec: 126,131 | bf16_mfu: 5.06 | epoch: 1 pq: 33 rg: 32 | total time: 196.55m | eta: 574.4m
step 01428/05568 (25.65%) | loss: 2.704269 | lrm: 1.00 | dt: 8314.68ms | tok/sec: 126,111 | bf16_mfu: 5.05 | epoch: 1 pq: 33 rg: 33 | total time: 196.68m | eta: 574.2m
step 01429/05568 (25.66%) | loss: 2.694517 | lrm: 1.00 | dt: 8305.81ms | tok/sec: 126,246 | bf16_mfu: 5.06 | epoch: 1 pq: 33 rg: 35 | total time: 196.82m | eta: 574.1m
step 01430/05568 (25.68%) | loss: 2.683966 | lrm: 1.00 | dt: 8317.18ms | tok/sec: 126,073 | bf16_mfu: 5.05 | epoch: 1 pq: 33 rg: 37 | total time: 196.96m | eta: 574.0m
step 01431/05568 (25.70%) | loss: 2.698827 | lrm: 1.00 | dt: 8299.11ms | tok/sec: 126,348 | bf16_mfu: 5.06 | epoch: 1 pq: 33 rg: 39 | total time: 197.10m | eta: 573.8m
step 01432/05568 (25.72%) | loss: 2.713894 | lrm: 1.00 | dt: 8303.70ms | tok/sec: 126,278 | bf16_mfu: 5.06 | epoch: 1 pq: 33 rg: 41 | total time: 197.24m | eta: 573.7m
step 01433/05568 (25.74%) | loss: 2.716915 | lrm: 1.00 | dt: 8317.74ms | tok/sec: 126,064 | bf16_mfu: 5.05 | epoch: 1 pq: 33 rg: 43 | total time: 197.38m | eta: 573.5m
step 01434/05568 (25.75%) | loss: 2.713664 | lrm: 1.00 | dt: 8312.12ms | tok/sec: 126,150 | bf16_mfu: 5.06 | epoch: 1 pq: 33 rg: 45 | total time: 197.52m | eta: 573.4m
step 01435/05568 (25.77%) | loss: 2.723383 | lrm: 1.00 | dt: 8314.48ms | tok/sec: 126,114 | bf16_mfu: 5.05 | epoch: 1 pq: 33 rg: 47 | total time: 197.65m | eta: 573.3m
step 01436/05568 (25.79%) | loss: 2.724785 | lrm: 1.00 | dt: 8305.37ms | tok/sec: 126,252 | bf16_mfu: 5.06 | epoch: 1 pq: 33 rg: 49 | total time: 197.79m | eta: 573.1m
step 01437/05568 (25.81%) | loss: 2.709198 | lrm: 1.00 | dt: 8308.20ms | tok/sec: 126,209 | bf16_mfu: 5.06 | epoch: 1 pq: 33 rg: 51 | total time: 197.93m | eta: 573.0m
step 01438/05568 (25.83%) | loss: 2.707566 | lrm: 1.00 | dt: 8292.32ms | tok/sec: 126,451 | bf16_mfu: 5.07 | epoch: 1 pq: 33 rg: 53 | total time: 198.07m | eta: 572.8m
step 01439/05568 (25.84%) | loss: 2.723630 | lrm: 1.00 | dt: 8304.08ms | tok/sec: 126,272 | bf16_mfu: 5.06 | epoch: 1 pq: 33 rg: 55 | total time: 198.21m | eta: 572.7m
step 01440/05568 (25.86%) | loss: 2.734588 | lrm: 1.00 | dt: 8311.60ms | tok/sec: 126,158 | bf16_mfu: 5.06 | epoch: 1 pq: 33 rg: 56 | total time: 198.35m | eta: 572.6m
step 01441/05568 (25.88%) | loss: 2.737843 | lrm: 1.00 | dt: 8298.78ms | tok/sec: 126,353 | bf16_mfu: 5.06 | epoch: 1 pq: 33 rg: 58 | total time: 198.48m | eta: 572.4m
step 01442/05568 (25.90%) | loss: 2.713486 | lrm: 1.00 | dt: 8304.78ms | tok/sec: 126,261 | bf16_mfu: 5.06 | epoch: 1 pq: 33 rg: 60 | total time: 198.62m | eta: 572.3m
step 01443/05568 (25.92%) | loss: 2.709311 | lrm: 1.00 | dt: 8298.86ms | tok/sec: 126,351 | bf16_mfu: 5.06 | epoch: 1 pq: 33 rg: 62 | total time: 198.76m | eta: 572.1m
step 01444/05568 (25.93%) | loss: 2.709706 | lrm: 1.00 | dt: 8306.90ms | tok/sec: 126,229 | bf16_mfu: 5.06 | epoch: 1 pq: 33 rg: 64 | total time: 198.90m | eta: 572.0m
step 01445/05568 (25.95%) | loss: 2.731129 | lrm: 1.00 | dt: 8292.84ms | tok/sec: 126,443 | bf16_mfu: 5.07 | epoch: 1 pq: 33 rg: 66 | total time: 199.04m | eta: 571.9m
step 01446/05568 (25.97%) | loss: 2.740590 | lrm: 1.00 | dt: 8300.40ms | tok/sec: 126,328 | bf16_mfu: 5.06 | epoch: 1 pq: 33 rg: 68 | total time: 199.18m | eta: 571.7m
step 01447/05568 (25.99%) | loss: 2.729604 | lrm: 1.00 | dt: 8307.56ms | tok/sec: 126,219 | bf16_mfu: 5.06 | epoch: 1 pq: 33 rg: 70 | total time: 199.31m | eta: 571.6m
step 01448/05568 (26.01%) | loss: 2.729616 | lrm: 1.00 | dt: 8308.97ms | tok/sec: 126,198 | bf16_mfu: 5.06 | epoch: 1 pq: 33 rg: 72 | total time: 199.45m | eta: 571.5m
step 01449/05568 (26.02%) | loss: 2.728205 | lrm: 1.00 | dt: 8311.23ms | tok/sec: 126,163 | bf16_mfu: 5.06 | epoch: 1 pq: 33 rg: 74 | total time: 199.59m | eta: 571.3m
step 01450/05568 (26.04%) | loss: 2.709232 | lrm: 1.00 | dt: 8302.67ms | tok/sec: 126,293 | bf16_mfu: 5.06 | epoch: 1 pq: 33 rg: 76 | total time: 199.73m | eta: 571.2m
step 01451/05568 (26.06%) | loss: 2.713081 | lrm: 1.00 | dt: 8310.66ms | tok/sec: 126,172 | bf16_mfu: 5.06 | epoch: 1 pq: 33 rg: 78 | total time: 199.87m | eta: 571.0m
step 01452/05568 (26.08%) | loss: 2.704796 | lrm: 1.00 | dt: 8311.16ms | tok/sec: 126,164 | bf16_mfu: 5.06 | epoch: 1 pq: 33 rg: 80 | total time: 200.01m | eta: 570.9m
step 01453/05568 (26.10%) | loss: 2.707998 | lrm: 1.00 | dt: 8306.47ms | tok/sec: 126,236 | bf16_mfu: 5.06 | epoch: 1 pq: 33 rg: 82 | total time: 200.15m | eta: 570.8m
step 01454/05568 (26.11%) | loss: 2.713781 | lrm: 1.00 | dt: 8309.60ms | tok/sec: 126,188 | bf16_mfu: 5.06 | epoch: 1 pq: 34 rg: 1 | total time: 200.28m | eta: 570.6m
step 01455/05568 (26.13%) | loss: 2.685730 | lrm: 1.00 | dt: 8300.41ms | tok/sec: 126,328 | bf16_mfu: 5.06 | epoch: 1 pq: 34 rg: 2 | total time: 200.42m | eta: 570.5m
step 01456/05568 (26.15%) | loss: 2.685547 | lrm: 1.00 | dt: 8303.70ms | tok/sec: 126,278 | bf16_mfu: 5.06 | epoch: 1 pq: 34 rg: 4 | total time: 200.56m | eta: 570.3m
step 01457/05568 (26.17%) | loss: 2.673762 | lrm: 1.00 | dt: 8291.86ms | tok/sec: 126,458 | bf16_mfu: 5.07 | epoch: 1 pq: 34 rg: 6 | total time: 200.70m | eta: 570.2m
step 01458/05568 (26.19%) | loss: 2.684544 | lrm: 1.00 | dt: 8293.93ms | tok/sec: 126,426 | bf16_mfu: 5.07 | epoch: 1 pq: 34 rg: 8 | total time: 200.84m | eta: 570.1m
step 01459/05568 (26.20%) | loss: 2.668211 | lrm: 1.00 | dt: 8306.27ms | tok/sec: 126,239 | bf16_mfu: 5.06 | epoch: 1 pq: 34 rg: 10 | total time: 200.98m | eta: 569.9m
step 01460/05568 (26.22%) | loss: 2.671170 | lrm: 1.00 | dt: 8308.13ms | tok/sec: 126,210 | bf16_mfu: 5.06 | epoch: 1 pq: 34 rg: 12 | total time: 201.11m | eta: 569.8m
step 01461/05568 (26.24%) | loss: 2.669837 | lrm: 1.00 | dt: 8305.23ms | tok/sec: 126,254 | bf16_mfu: 5.06 | epoch: 1 pq: 34 rg: 14 | total time: 201.25m | eta: 569.6m
step 01462/05568 (26.26%) | loss: 2.666475 | lrm: 1.00 | dt: 8305.86ms | tok/sec: 126,245 | bf16_mfu: 5.06 | epoch: 1 pq: 34 rg: 16 | total time: 201.39m | eta: 569.5m
step 01463/05568 (26.28%) | loss: 2.662166 | lrm: 1.00 | dt: 8306.63ms | tok/sec: 126,233 | bf16_mfu: 5.06 | epoch: 1 pq: 34 rg: 18 | total time: 201.53m | eta: 569.4m
step 01464/05568 (26.29%) | loss: 2.670152 | lrm: 1.00 | dt: 8299.22ms | tok/sec: 126,346 | bf16_mfu: 5.06 | epoch: 1 pq: 34 rg: 20 | total time: 201.67m | eta: 569.2m
step 01465/05568 (26.31%) | loss: 2.673502 | lrm: 1.00 | dt: 8300.41ms | tok/sec: 126,328 | bf16_mfu: 5.06 | epoch: 1 pq: 34 rg: 22 | total time: 201.81m | eta: 569.1m
step 01466/05568 (26.33%) | loss: 2.676352 | lrm: 1.00 | dt: 8303.19ms | tok/sec: 126,285 | bf16_mfu: 5.06 | epoch: 1 pq: 34 rg: 24 | total time: 201.94m | eta: 568.9m
step 01467/05568 (26.35%) | loss: 2.678973 | lrm: 1.00 | dt: 8309.08ms | tok/sec: 126,196 | bf16_mfu: 5.06 | epoch: 1 pq: 34 rg: 26 | total time: 202.08m | eta: 568.8m
step 01468/05568 (26.36%) | loss: 2.675790 | lrm: 1.00 | dt: 8304.04ms | tok/sec: 126,272 | bf16_mfu: 5.06 | epoch: 1 pq: 34 rg: 28 | total time: 202.22m | eta: 568.7m
step 01469/05568 (26.38%) | loss: 2.671953 | lrm: 1.00 | dt: 8304.86ms | tok/sec: 126,260 | bf16_mfu: 5.06 | epoch: 1 pq: 34 rg: 30 | total time: 202.36m | eta: 568.5m
step 01470/05568 (26.40%) | loss: 2.672719 | lrm: 1.00 | dt: 8298.25ms | tok/sec: 126,361 | bf16_mfu: 5.06 | epoch: 1 pq: 34 rg: 32 | total time: 202.50m | eta: 568.4m
step 01471/05568 (26.42%) | loss: 2.674717 | lrm: 1.00 | dt: 8303.11ms | tok/sec: 126,287 | bf16_mfu: 5.06 | epoch: 1 pq: 34 rg: 33 | total time: 202.64m | eta: 568.2m
step 01472/05568 (26.44%) | loss: 2.681239 | lrm: 1.00 | dt: 8304.22ms | tok/sec: 126,270 | bf16_mfu: 5.06 | epoch: 1 pq: 34 rg: 35 | total time: 202.77m | eta: 568.1m
step 01473/05568 (26.45%) | loss: 2.680754 | lrm: 1.00 | dt: 8299.82ms | tok/sec: 126,337 | bf16_mfu: 5.06 | epoch: 1 pq: 34 rg: 37 | total time: 202.91m | eta: 568.0m
step 01474/05568 (26.47%) | loss: 2.668566 | lrm: 1.00 | dt: 8304.31ms | tok/sec: 126,268 | bf16_mfu: 5.06 | epoch: 1 pq: 34 rg: 39 | total time: 203.05m | eta: 567.8m
step 01475/05568 (26.49%) | loss: 2.664548 | lrm: 1.00 | dt: 8303.16ms | tok/sec: 126,286 | bf16_mfu: 5.06 | epoch: 1 pq: 34 rg: 41 | total time: 203.19m | eta: 567.7m
step 01476/05568 (26.51%) | loss: 2.671058 | lrm: 1.00 | dt: 8302.15ms | tok/sec: 126,301 | bf16_mfu: 5.06 | epoch: 1 pq: 34 rg: 43 | total time: 203.33m | eta: 567.5m
step 01477/05568 (26.53%) | loss: 2.670018 | lrm: 1.00 | dt: 8296.14ms | tok/sec: 126,393 | bf16_mfu: 5.07 | epoch: 1 pq: 34 rg: 45 | total time: 203.47m | eta: 567.4m
step 01478/05568 (26.54%) | loss: 2.671843 | lrm: 1.00 | dt: 8316.07ms | tok/sec: 126,090 | bf16_mfu: 5.05 | epoch: 1 pq: 34 rg: 47 | total time: 203.61m | eta: 567.3m
step 01479/05568 (26.56%) | loss: 2.672951 | lrm: 1.00 | dt: 8301.92ms | tok/sec: 126,305 | bf16_mfu: 5.06 | epoch: 1 pq: 34 rg: 49 | total time: 203.74m | eta: 567.1m
step 01480/05568 (26.58%) | loss: 2.677399 | lrm: 1.00 | dt: 8301.12ms | tok/sec: 126,317 | bf16_mfu: 5.06 | epoch: 1 pq: 34 rg: 51 | total time: 203.88m | eta: 567.0m
step 01481/05568 (26.60%) | loss: 2.667377 | lrm: 1.00 | dt: 8301.46ms | tok/sec: 126,312 | bf16_mfu: 5.06 | epoch: 1 pq: 34 rg: 53 | total time: 204.02m | eta: 566.8m
step 01482/05568 (26.62%) | loss: 2.671704 | lrm: 1.00 | dt: 8301.67ms | tok/sec: 126,309 | bf16_mfu: 5.06 | epoch: 1 pq: 34 rg: 55 | total time: 204.16m | eta: 566.7m
step 01483/05568 (26.63%) | loss: 2.674838 | lrm: 1.00 | dt: 8308.65ms | tok/sec: 126,202 | bf16_mfu: 5.06 | epoch: 1 pq: 34 rg: 57 | total time: 204.30m | eta: 566.6m
step 01484/05568 (26.65%) | loss: 2.697155 | lrm: 1.00 | dt: 8312.59ms | tok/sec: 126,143 | bf16_mfu: 5.06 | epoch: 1 pq: 34 rg: 59 | total time: 204.44m | eta: 566.4m
step 01485/05568 (26.67%) | loss: 2.694315 | lrm: 1.00 | dt: 8300.13ms | tok/sec: 126,332 | bf16_mfu: 5.06 | epoch: 1 pq: 34 rg: 61 | total time: 204.57m | eta: 566.3m
step 01486/05568 (26.69%) | loss: 2.687870 | lrm: 1.00 | dt: 8291.13ms | tok/sec: 126,469 | bf16_mfu: 5.07 | epoch: 1 pq: 34 rg: 63 | total time: 204.71m | eta: 566.1m
step 01487/05568 (26.71%) | loss: 2.683243 | lrm: 1.00 | dt: 8307.38ms | tok/sec: 126,222 | bf16_mfu: 5.06 | epoch: 1 pq: 34 rg: 65 | total time: 204.85m | eta: 566.0m
step 01488/05568 (26.72%) | loss: 2.674591 | lrm: 1.00 | dt: 8301.26ms | tok/sec: 126,315 | bf16_mfu: 5.06 | epoch: 1 pq: 34 rg: 67 | total time: 204.99m | eta: 565.9m
step 01489/05568 (26.74%) | loss: 2.679014 | lrm: 1.00 | dt: 8294.55ms | tok/sec: 126,417 | bf16_mfu: 5.07 | epoch: 1 pq: 34 rg: 69 | total time: 205.13m | eta: 565.7m
step 01490/05568 (26.76%) | loss: 2.672347 | lrm: 1.00 | dt: 8294.98ms | tok/sec: 126,410 | bf16_mfu: 5.07 | epoch: 1 pq: 34 rg: 71 | total time: 205.27m | eta: 565.6m
step 01491/05568 (26.78%) | loss: 2.672091 | lrm: 1.00 | dt: 8299.79ms | tok/sec: 126,337 | bf16_mfu: 5.06 | epoch: 1 pq: 34 rg: 72 | total time: 205.40m | eta: 565.4m
step 01492/05568 (26.80%) | loss: 2.700493 | lrm: 1.00 | dt: 8306.31ms | tok/sec: 126,238 | bf16_mfu: 5.06 | epoch: 1 pq: 34 rg: 74 | total time: 205.54m | eta: 565.3m
step 01493/05568 (26.81%) | loss: 2.693796 | lrm: 1.00 | dt: 8300.32ms | tok/sec: 126,329 | bf16_mfu: 5.06 | epoch: 1 pq: 34 rg: 76 | total time: 205.68m | eta: 565.2m
step 01494/05568 (26.83%) | loss: 2.704308 | lrm: 1.00 | dt: 8308.44ms | tok/sec: 126,206 | bf16_mfu: 5.06 | epoch: 1 pq: 34 rg: 78 | total time: 205.82m | eta: 565.0m
step 01495/05568 (26.85%) | loss: 2.703233 | lrm: 1.00 | dt: 8300.92ms | tok/sec: 126,320 | bf16_mfu: 5.06 | epoch: 1 pq: 34 rg: 80 | total time: 205.96m | eta: 564.9m
step 01496/05568 (26.87%) | loss: 2.710880 | lrm: 1.00 | dt: 8326.11ms | tok/sec: 125,938 | bf16_mfu: 5.05 | epoch: 1 pq: 34 rg: 82 | total time: 206.10m | eta: 564.8m
step 01497/05568 (26.89%) | loss: 2.728311 | lrm: 1.00 | dt: 8308.11ms | tok/sec: 126,211 | bf16_mfu: 5.06 | epoch: 1 pq: 35 rg: 0 | total time: 206.23m | eta: 564.6m
step 01498/05568 (26.90%) | loss: 2.728494 | lrm: 1.00 | dt: 8309.24ms | tok/sec: 126,194 | bf16_mfu: 5.06 | epoch: 1 pq: 35 rg: 2 | total time: 206.37m | eta: 564.5m
step 01499/05568 (26.92%) | loss: 2.736151 | lrm: 1.00 | dt: 8294.98ms | tok/sec: 126,410 | bf16_mfu: 5.07 | epoch: 1 pq: 35 rg: 4 | total time: 206.51m | eta: 564.3m
Step 01500 | Validation bpb: 0.822862
Evaluating: hellaswag_zeroshot (0-shot, type: multiple_choice)... accuracy: 0.4100 | centered: 0.2133 | time: 13.43s
Evaluating: jeopardy (10-shot, type: language_modeling)... accuracy: 0.0200 | centered: 0.0200 | time: 13.42s
Evaluating: bigbench_qa_wikidata (10-shot, type: language_modeling)... accuracy: 0.3420 | centered: 0.3420 | time: 13.41s
Evaluating: arc_easy (10-shot, type: multiple_choice)... accuracy: 0.6400 | centered: 0.5200 | time: 14.17s
Evaluating: arc_challenge (10-shot, type: multiple_choice)... accuracy: 0.3540 | centered: 0.1387 | time: 14.53s
Evaluating: copa (0-shot, type: multiple_choice)... accuracy: 0.6100 | centered: 0.2200 | time: 2.63s
Evaluating: commonsense_qa (10-shot, type: multiple_choice)... accuracy: 0.2300 | centered: 0.0375 | time: 14.56s
Evaluating: piqa (10-shot, type: multiple_choice)... accuracy: 0.6940 | centered: 0.3880 | time: 13.57s
Evaluating: openbook_qa (0-shot, type: multiple_choice)... accuracy: 0.3420 | centered: 0.1227 | time: 12.80s
Evaluating: lambada_openai (0-shot, type: language_modeling)... accuracy: 0.3400 | centered: 0.3400 | time: 12.84s
Evaluating: hellaswag (10-shot, type: multiple_choice)... accuracy: 0.4060 | centered: 0.2080 | time: 15.63s
Evaluating: winograd (0-shot, type: schema)... accuracy: 0.6007 | centered: 0.2015 | time: 6.98s
Evaluating: winogrande (0-shot, type: schema)... accuracy: 0.5320 | centered: 0.0640 | time: 12.77s
Evaluating: bigbench_dyck_languages (10-shot, type: language_modeling)... accuracy: 0.2140 | centered: 0.2140 | time: 13.47s
Evaluating: agi_eval_lsat_ar (3-shot, type: multiple_choice)... accuracy: 0.2478 | centered: 0.0598 | time: 6.93s
Evaluating: bigbench_cs_algorithms (10-shot, type: language_modeling)... accuracy: 0.4500 | centered: 0.4500 | time: 13.13s
Evaluating: bigbench_operators (10-shot, type: language_modeling)... accuracy: 0.1048 | centered: 0.1048 | time: 5.54s
Evaluating: bigbench_repeat_copy_logic (10-shot, type: language_modeling)... accuracy: 0.0000 | centered: 0.0000 | time: 0.84s
Evaluating: squad (10-shot, type: language_modeling)... accuracy: 0.2760 | centered: 0.2760 | time: 15.29s
Evaluating: coqa (0-shot, type: language_modeling)... accuracy: 0.2280 | centered: 0.2280 | time: 13.37s
Evaluating: boolq (10-shot, type: multiple_choice)... accuracy: 0.4800 | centered: -0.3684 | time: 15.92s
Evaluating: bigbench_language_identification (10-shot, type: multiple_choice)... accuracy: 0.2680 | centered: 0.1947 | time: 22.06s
Step 01500 | CORE metric: 0.1807
2026-10-07 23:06:34,646 - nanochat.checkpoint_manager - [32m[1mINFO[0m - Saved model parameters to: /home/astarostin/.cache/nanochat/base_checkpoints/d24_1xh100/model_001500.pt
2026-10-07 23:06:34,648 - nanochat.checkpoint_manager - [32m[1mINFO[0m - Saved metadata to: /home/astarostin/.cache/nanochat/base_checkpoints/d24_1xh100/meta_001500.json
2026-10-07 23:06:43,692 - nanochat.checkpoint_manager - [32m[1mINFO[0m - Saved optimizer state to: /home/astarostin/.cache/nanochat/base_checkpoints/d24_1xh100/optim_001500_rank0.pt
step 01500/05568 (26.94%) | loss: 2.729383 | lrm: 1.00 | dt: 8225.00ms | tok/sec: 127,486 | bf16_mfu: 5.11 | epoch: 1 pq: 35 rg: 6 | total time: 206.65m | eta: 564.2m
step 01501/05568 (26.96%) | loss: 2.737856 | lrm: 1.00 | dt: 8249.89ms | tok/sec: 127,101 | bf16_mfu: 5.09 | epoch: 1 pq: 35 rg: 8 | total time: 206.79m | eta: 564.0m
step 01502/05568 (26.98%) | loss: 2.728168 | lrm: 1.00 | dt: 8266.06ms | tok/sec: 126,853 | bf16_mfu: 5.08 | epoch: 1 pq: 35 rg: 10 | total time: 206.92m | eta: 563.9m
step 01503/05568 (26.99%) | loss: 2.719752 | lrm: 1.00 | dt: 8277.33ms | tok/sec: 126,680 | bf16_mfu: 5.08 | epoch: 1 pq: 35 rg: 12 | total time: 207.06m | eta: 563.8m
step 01504/05568 (27.01%) | loss: 2.716897 | lrm: 1.00 | dt: 8294.76ms | tok/sec: 126,414 | bf16_mfu: 5.07 | epoch: 1 pq: 35 rg: 13 | total time: 207.20m | eta: 563.6m
step 01505/05568 (27.03%) | loss: 2.709214 | lrm: 1.00 | dt: 8279.04ms | tok/sec: 126,654 | bf16_mfu: 5.08 | epoch: 1 pq: 35 rg: 15 | total time: 207.34m | eta: 563.5m
step 01506/05568 (27.05%) | loss: 2.710263 | lrm: 1.00 | dt: 8289.23ms | tok/sec: 126,498 | bf16_mfu: 5.07 | epoch: 1 pq: 35 rg: 17 | total time: 207.48m | eta: 563.3m
step 01507/05568 (27.07%) | loss: 2.699441 | lrm: 1.00 | dt: 8279.82ms | tok/sec: 126,642 | bf16_mfu: 5.08 | epoch: 1 pq: 35 rg: 19 | total time: 207.61m | eta: 563.2m
step 01508/05568 (27.08%) | loss: 2.691794 | lrm: 1.00 | dt: 8276.87ms | tok/sec: 126,687 | bf16_mfu: 5.08 | epoch: 1 pq: 35 rg: 21 | total time: 207.75m | eta: 563.1m
step 01509/05568 (27.10%) | loss: 2.689819 | lrm: 1.00 | dt: 8240.71ms | tok/sec: 127,243 | bf16_mfu: 5.10 | epoch: 1 pq: 35 rg: 23 | total time: 207.89m | eta: 562.9m
step 01510/05568 (27.12%) | loss: 2.697119 | lrm: 1.00 | dt: 8248.27ms | tok/sec: 127,126 | bf16_mfu: 5.10 | epoch: 1 pq: 35 rg: 25 | total time: 208.03m | eta: 562.8m
step 01511/05568 (27.14%) | loss: 2.705961 | lrm: 1.00 | dt: 8256.71ms | tok/sec: 126,996 | bf16_mfu: 5.09 | epoch: 1 pq: 35 rg: 27 | total time: 208.16m | eta: 562.6m
step 01512/05568 (27.16%) | loss: 2.721734 | lrm: 1.00 | dt: 8254.13ms | tok/sec: 127,036 | bf16_mfu: 5.09 | epoch: 1 pq: 35 rg: 29 | total time: 208.30m | eta: 562.5m
step 01513/05568 (27.17%) | loss: 2.723338 | lrm: 1.00 | dt: 8250.99ms | tok/sec: 127,084 | bf16_mfu: 5.09 | epoch: 1 pq: 35 rg: 31 | total time: 208.44m | eta: 562.4m
step 01514/05568 (27.19%) | loss: 2.723040 | lrm: 1.00 | dt: 8251.07ms | tok/sec: 127,083 | bf16_mfu: 5.09 | epoch: 1 pq: 35 rg: 33 | total time: 208.58m | eta: 562.2m
step 01515/05568 (27.21%) | loss: 2.722193 | lrm: 1.00 | dt: 8249.01ms | tok/sec: 127,115 | bf16_mfu: 5.09 | epoch: 1 pq: 35 rg: 35 | total time: 208.71m | eta: 562.1m
step 01516/05568 (27.23%) | loss: 2.710019 | lrm: 1.00 | dt: 8242.92ms | tok/sec: 127,209 | bf16_mfu: 5.10 | epoch: 1 pq: 35 rg: 37 | total time: 208.85m | eta: 561.9m
step 01517/05568 (27.24%) | loss: 2.701468 | lrm: 1.00 | dt: 8253.88ms | tok/sec: 127,040 | bf16_mfu: 5.09 | epoch: 1 pq: 35 rg: 39 | total time: 208.99m | eta: 561.8m
step 01518/05568 (27.26%) | loss: 2.709656 | lrm: 1.00 | dt: 8250.84ms | tok/sec: 127,087 | bf16_mfu: 5.09 | epoch: 1 pq: 35 rg: 40 | total time: 209.13m | eta: 561.6m
step 01519/05568 (27.28%) | loss: 2.720628 | lrm: 1.00 | dt: 8247.73ms | tok/sec: 127,135 | bf16_mfu: 5.10 | epoch: 1 pq: 35 rg: 42 | total time: 209.26m | eta: 561.5m
step 01520/05568 (27.30%) | loss: 2.713171 | lrm: 1.00 | dt: 8251.25ms | tok/sec: 127,080 | bf16_mfu: 5.09 | epoch: 1 pq: 35 rg: 44 | total time: 209.40m | eta: 561.4m
step 01521/05568 (27.32%) | loss: 2.727221 | lrm: 1.00 | dt: 8251.45ms | tok/sec: 127,077 | bf16_mfu: 5.09 | epoch: 1 pq: 35 rg: 46 | total time: 209.54m | eta: 561.2m
step 01522/05568 (27.33%) | loss: 2.725925 | lrm: 1.00 | dt: 8258.05ms | tok/sec: 126,976 | bf16_mfu: 5.09 | epoch: 1 pq: 35 rg: 48 | total time: 209.68m | eta: 561.1m
step 01523/05568 (27.35%) | loss: 2.728809 | lrm: 1.00 | dt: 8248.74ms | tok/sec: 127,119 | bf16_mfu: 5.09 | epoch: 1 pq: 35 rg: 50 | total time: 209.81m | eta: 560.9m
step 01524/05568 (27.37%) | loss: 2.726499 | lrm: 1.00 | dt: 8249.68ms | tok/sec: 127,105 | bf16_mfu: 5.09 | epoch: 1 pq: 35 rg: 52 | total time: 209.95m | eta: 560.8m
step 01525/05568 (27.39%) | loss: 2.723891 | lrm: 1.00 | dt: 8250.82ms | tok/sec: 127,087 | bf16_mfu: 5.09 | epoch: 1 pq: 35 rg: 54 | total time: 210.09m | eta: 560.7m
step 01526/05568 (27.41%) | loss: 2.721758 | lrm: 1.00 | dt: 8253.15ms | tok/sec: 127,051 | bf16_mfu: 5.09 | epoch: 1 pq: 35 rg: 56 | total time: 210.23m | eta: 560.5m
step 01527/05568 (27.42%) | loss: 2.718038 | lrm: 1.00 | dt: 8253.73ms | tok/sec: 127,042 | bf16_mfu: 5.09 | epoch: 1 pq: 35 rg: 58 | total time: 210.36m | eta: 560.4m
step 01528/05568 (27.44%) | loss: 2.724707 | lrm: 1.00 | dt: 8270.57ms | tok/sec: 126,784 | bf16_mfu: 5.08 | epoch: 1 pq: 35 rg: 60 | total time: 210.50m | eta: 560.2m
step 01529/05568 (27.46%) | loss: 2.703161 | lrm: 1.00 | dt: 8254.55ms | tok/sec: 127,029 | bf16_mfu: 5.09 | epoch: 1 pq: 35 rg: 62 | total time: 210.64m | eta: 560.1m
step 01530/05568 (27.48%) | loss: 2.705949 | lrm: 1.00 | dt: 8259.63ms | tok/sec: 126,951 | bf16_mfu: 5.09 | epoch: 1 pq: 35 rg: 64 | total time: 210.78m | eta: 559.9m
step 01531/05568 (27.50%) | loss: 2.701816 | lrm: 1.00 | dt: 8251.19ms | tok/sec: 127,081 | bf16_mfu: 5.09 | epoch: 1 pq: 35 rg: 66 | total time: 210.92m | eta: 559.8m
step 01532/05568 (27.51%) | loss: 2.700643 | lrm: 1.00 | dt: 8252.62ms | tok/sec: 127,059 | bf16_mfu: 5.09 | epoch: 1 pq: 35 rg: 68 | total time: 211.05m | eta: 559.7m
step 01533/05568 (27.53%) | loss: 2.705013 | lrm: 1.00 | dt: 8250.52ms | tok/sec: 127,092 | bf16_mfu: 5.09 | epoch: 1 pq: 35 rg: 69 | total time: 211.19m | eta: 559.5m
step 01534/05568 (27.55%) | loss: 2.709679 | lrm: 1.00 | dt: 8258.11ms | tok/sec: 126,975 | bf16_mfu: 5.09 | epoch: 1 pq: 35 rg: 71 | total time: 211.33m | eta: 559.4m
step 01535/05568 (27.57%) | loss: 2.726973 | lrm: 1.00 | dt: 8247.76ms | tok/sec: 127,134 | bf16_mfu: 5.10 | epoch: 1 pq: 35 rg: 73 | total time: 211.47m | eta: 559.2m
step 01536/05568 (27.59%) | loss: 2.729949 | lrm: 1.00 | dt: 8256.87ms | tok/sec: 126,994 | bf16_mfu: 5.09 | epoch: 1 pq: 35 rg: 75 | total time: 211.60m | eta: 559.1m
step 01537/05568 (27.60%) | loss: 2.723025 | lrm: 1.00 | dt: 8261.15ms | tok/sec: 126,928 | bf16_mfu: 5.09 | epoch: 1 pq: 35 rg: 77 | total time: 211.74m | eta: 559.0m
step 01538/05568 (27.62%) | loss: 2.716812 | lrm: 1.00 | dt: 8258.50ms | tok/sec: 126,969 | bf16_mfu: 5.09 | epoch: 1 pq: 35 rg: 79 | total time: 211.88m | eta: 558.8m
step 01539/05568 (27.64%) | loss: 2.719774 | lrm: 1.00 | dt: 8371.81ms | tok/sec: 125,250 | bf16_mfu: 5.02 | epoch: 1 pq: 35 rg: 81 | total time: 212.02m | eta: 558.7m
step 01540/05568 (27.66%) | loss: 2.717719 | lrm: 1.00 | dt: 8312.03ms | tok/sec: 126,151 | bf16_mfu: 5.06 | epoch: 1 pq: 36 rg: 1 | total time: 212.16m | eta: 558.5m
step 01541/05568 (27.68%) | loss: 2.728512 | lrm: 1.00 | dt: 8295.27ms | tok/sec: 126,406 | bf16_mfu: 5.07 | epoch: 1 pq: 36 rg: 3 | total time: 212.29m | eta: 558.4m
step 01542/05568 (27.69%) | loss: 2.733307 | lrm: 1.00 | dt: 8303.48ms | tok/sec: 126,281 | bf16_mfu: 5.06 | epoch: 1 pq: 36 rg: 5 | total time: 212.43m | eta: 558.3m
step 01543/05568 (27.71%) | loss: 2.740310 | lrm: 1.00 | dt: 8296.94ms | tok/sec: 126,381 | bf16_mfu: 5.07 | epoch: 1 pq: 36 rg: 7 | total time: 212.57m | eta: 558.1m
step 01544/05568 (27.73%) | loss: 2.707518 | lrm: 1.00 | dt: 8308.54ms | tok/sec: 126,204 | bf16_mfu: 5.06 | epoch: 1 pq: 36 rg: 9 | total time: 212.71m | eta: 558.0m
step 01545/05568 (27.75%) | loss: 2.686003 | lrm: 1.00 | dt: 8296.06ms | tok/sec: 126,394 | bf16_mfu: 5.07 | epoch: 1 pq: 36 rg: 11 | total time: 212.85m | eta: 557.8m
step 01546/05568 (27.77%) | loss: 2.688652 | lrm: 1.00 | dt: 8301.66ms | tok/sec: 126,309 | bf16_mfu: 5.06 | epoch: 1 pq: 36 rg: 13 | total time: 212.99m | eta: 557.7m
step 01547/05568 (27.78%) | loss: 2.686508 | lrm: 1.00 | dt: 8312.75ms | tok/sec: 126,140 | bf16_mfu: 5.06 | epoch: 1 pq: 36 rg: 14 | total time: 213.12m | eta: 557.6m
step 01548/05568 (27.80%) | loss: 2.677383 | lrm: 1.00 | dt: 8300.80ms | tok/sec: 126,322 | bf16_mfu: 5.06 | epoch: 1 pq: 36 rg: 16 | total time: 213.26m | eta: 557.4m
step 01549/05568 (27.82%) | loss: 2.669223 | lrm: 1.00 | dt: 8295.82ms | tok/sec: 126,398 | bf16_mfu: 5.07 | epoch: 1 pq: 36 rg: 18 | total time: 213.40m | eta: 557.3m
step 01550/05568 (27.84%) | loss: 2.658744 | lrm: 1.00 | dt: 8305.84ms | tok/sec: 126,245 | bf16_mfu: 5.06 | epoch: 1 pq: 36 rg: 20 | total time: 213.54m | eta: 557.1m
step 01551/05568 (27.86%) | loss: 2.670306 | lrm: 1.00 | dt: 8299.17ms | tok/sec: 126,347 | bf16_mfu: 5.06 | epoch: 1 pq: 36 rg: 22 | total time: 213.68m | eta: 557.0m
step 01552/05568 (27.87%) | loss: 2.676642 | lrm: 1.00 | dt: 8301.12ms | tok/sec: 126,317 | bf16_mfu: 5.06 | epoch: 1 pq: 36 rg: 24 | total time: 213.82m | eta: 556.9m
step 01553/05568 (27.89%) | loss: 2.660951 | lrm: 1.00 | dt: 8296.45ms | tok/sec: 126,388 | bf16_mfu: 5.07 | epoch: 1 pq: 36 rg: 26 | total time: 213.95m | eta: 556.7m
step 01554/05568 (27.91%) | loss: 2.662652 | lrm: 1.00 | dt: 8300.41ms | tok/sec: 126,328 | bf16_mfu: 5.06 | epoch: 1 pq: 36 rg: 28 | total time: 214.09m | eta: 556.6m
step 01555/05568 (27.93%) | loss: 2.665266 | lrm: 1.00 | dt: 8302.58ms | tok/sec: 126,295 | bf16_mfu: 5.06 | epoch: 1 pq: 36 rg: 30 | total time: 214.23m | eta: 556.4m
step 01556/05568 (27.95%) | loss: 2.679859 | lrm: 1.00 | dt: 8298.59ms | tok/sec: 126,355 | bf16_mfu: 5.06 | epoch: 1 pq: 36 rg: 32 | total time: 214.37m | eta: 556.3m
step 01557/05568 (27.96%) | loss: 2.705372 | lrm: 1.00 | dt: 8312.33ms | tok/sec: 126,147 | bf16_mfu: 5.06 | epoch: 1 pq: 36 rg: 34 | total time: 214.51m | eta: 556.2m
step 01558/05568 (27.98%) | loss: 2.696384 | lrm: 1.00 | dt: 8295.53ms | tok/sec: 126,402 | bf16_mfu: 5.07 | epoch: 1 pq: 36 rg: 36 | total time: 214.65m | eta: 556.0m
step 01559/05568 (28.00%) | loss: 2.693851 | lrm: 1.00 | dt: 8295.51ms | tok/sec: 126,402 | bf16_mfu: 5.07 | epoch: 1 pq: 36 rg: 38 | total time: 214.78m | eta: 555.9m
step 01560/05568 (28.02%) | loss: 2.697569 | lrm: 1.00 | dt: 8302.23ms | tok/sec: 126,300 | bf16_mfu: 5.06 | epoch: 1 pq: 36 rg: 40 | total time: 214.92m | eta: 555.8m
step 01561/05568 (28.04%) | loss: 2.693404 | lrm: 1.00 | dt: 8307.64ms | tok/sec: 126,218 | bf16_mfu: 5.06 | epoch: 1 pq: 36 rg: 42 | total time: 215.06m | eta: 555.6m
step 01562/05568 (28.05%) | loss: 2.690068 | lrm: 1.00 | dt: 8297.53ms | tok/sec: 126,372 | bf16_mfu: 5.06 | epoch: 1 pq: 36 rg: 44 | total time: 215.20m | eta: 555.5m
step 01563/05568 (28.07%) | loss: 2.687952 | lrm: 1.00 | dt: 8304.84ms | tok/sec: 126,260 | bf16_mfu: 5.06 | epoch: 1 pq: 36 rg: 46 | total time: 215.34m | eta: 555.3m
step 01564/05568 (28.09%) | loss: 2.692935 | lrm: 1.00 | dt: 8307.86ms | tok/sec: 126,214 | bf16_mfu: 5.06 | epoch: 1 pq: 36 rg: 47 | total time: 215.48m | eta: 555.2m
step 01565/05568 (28.11%) | loss: 2.678687 | lrm: 1.00 | dt: 8294.32ms | tok/sec: 126,420 | bf16_mfu: 5.07 | epoch: 1 pq: 36 rg: 49 | total time: 215.62m | eta: 555.1m
step 01566/05568 (28.12%) | loss: 2.681305 | lrm: 1.00 | dt: 8301.67ms | tok/sec: 126,309 | bf16_mfu: 5.06 | epoch: 1 pq: 36 rg: 51 | total time: 215.75m | eta: 554.9m
step 01567/05568 (28.14%) | loss: 2.665350 | lrm: 1.00 | dt: 8298.21ms | tok/sec: 126,361 | bf16_mfu: 5.06 | epoch: 1 pq: 36 rg: 53 | total time: 215.89m | eta: 554.8m
step 01568/05568 (28.16%) | loss: 2.645261 | lrm: 1.00 | dt: 8367.70ms | tok/sec: 125,312 | bf16_mfu: 5.02 | epoch: 1 pq: 36 rg: 55 | total time: 216.03m | eta: 554.6m
step 01569/05568 (28.18%) | loss: 2.655302 | lrm: 1.00 | dt: 8303.00ms | tok/sec: 126,288 | bf16_mfu: 5.06 | epoch: 1 pq: 36 rg: 57 | total time: 216.17m | eta: 554.5m
step 01570/05568 (28.20%) | loss: 2.642885 | lrm: 1.00 | dt: 8296.19ms | tok/sec: 126,392 | bf16_mfu: 5.07 | epoch: 1 pq: 36 rg: 59 | total time: 216.31m | eta: 554.4m
step 01571/05568 (28.21%) | loss: 2.649737 | lrm: 1.00 | dt: 8304.87ms | tok/sec: 126,260 | bf16_mfu: 5.06 | epoch: 1 pq: 36 rg: 61 | total time: 216.45m | eta: 554.2m
step 01572/05568 (28.23%) | loss: 2.643695 | lrm: 1.00 | dt: 8301.86ms | tok/sec: 126,306 | bf16_mfu: 5.06 | epoch: 1 pq: 36 rg: 63 | total time: 216.58m | eta: 554.1m
step 01573/05568 (28.25%) | loss: 2.653711 | lrm: 1.00 | dt: 8297.23ms | tok/sec: 126,376 | bf16_mfu: 5.06 | epoch: 1 pq: 36 rg: 65 | total time: 216.72m | eta: 553.9m
step 01574/05568 (28.27%) | loss: 2.655247 | lrm: 1.00 | dt: 8301.46ms | tok/sec: 126,312 | bf16_mfu: 5.06 | epoch: 1 pq: 36 rg: 67 | total time: 216.86m | eta: 553.8m
step 01575/05568 (28.29%) | loss: 2.654457 | lrm: 1.00 | dt: 8299.51ms | tok/sec: 126,341 | bf16_mfu: 5.06 | epoch: 1 pq: 36 rg: 69 | total time: 217.00m | eta: 553.7m
step 01576/05568 (28.30%) | loss: 2.643969 | lrm: 1.00 | dt: 8310.29ms | tok/sec: 126,177 | bf16_mfu: 5.06 | epoch: 1 pq: 36 rg: 71 | total time: 217.14m | eta: 553.5m
step 01577/05568 (28.32%) | loss: 2.660671 | lrm: 1.00 | dt: 8306.05ms | tok/sec: 126,242 | bf16_mfu: 5.06 | epoch: 1 pq: 36 rg: 72 | total time: 217.28m | eta: 553.4m
step 01578/05568 (28.34%) | loss: 2.675758 | lrm: 1.00 | dt: 8299.60ms | tok/sec: 126,340 | bf16_mfu: 5.06 | epoch: 1 pq: 36 rg: 74 | total time: 217.41m | eta: 553.2m
step 01579/05568 (28.36%) | loss: 2.678732 | lrm: 1.00 | dt: 8296.75ms | tok/sec: 126,383 | bf16_mfu: 5.07 | epoch: 1 pq: 36 rg: 76 | total time: 217.55m | eta: 553.1m
step 01580/05568 (28.38%) | loss: 2.668545 | lrm: 1.00 | dt: 8307.94ms | tok/sec: 126,213 | bf16_mfu: 5.06 | epoch: 1 pq: 36 rg: 78 | total time: 217.69m | eta: 553.0m
step 01581/05568 (28.39%) | loss: 2.654446 | lrm: 1.00 | dt: 8307.82ms | tok/sec: 126,215 | bf16_mfu: 5.06 | epoch: 1 pq: 36 rg: 80 | total time: 217.83m | eta: 552.8m
step 01582/05568 (28.41%) | loss: 2.659941 | lrm: 1.00 | dt: 8354.41ms | tok/sec: 125,511 | bf16_mfu: 5.03 | epoch: 1 pq: 37 rg: 0 | total time: 217.97m | eta: 552.7m
step 01583/05568 (28.43%) | loss: 2.673269 | lrm: 1.00 | dt: 8300.88ms | tok/sec: 126,321 | bf16_mfu: 5.06 | epoch: 1 pq: 37 rg: 2 | total time: 218.11m | eta: 552.5m
step 01584/05568 (28.45%) | loss: 2.661938 | lrm: 1.00 | dt: 8305.45ms | tok/sec: 126,251 | bf16_mfu: 5.06 | epoch: 1 pq: 37 rg: 4 | total time: 218.25m | eta: 552.4m
step 01585/05568 (28.47%) | loss: 2.651314 | lrm: 1.00 | dt: 8297.87ms | tok/sec: 126,366 | bf16_mfu: 5.06 | epoch: 1 pq: 37 rg: 6 | total time: 218.38m | eta: 552.3m
step 01586/05568 (28.48%) | loss: 2.656270 | lrm: 1.00 | dt: 8291.14ms | tok/sec: 126,469 | bf16_mfu: 5.07 | epoch: 1 pq: 37 rg: 8 | total time: 218.52m | eta: 552.1m
step 01587/05568 (28.50%) | loss: 2.658796 | lrm: 1.00 | dt: 8306.42ms | tok/sec: 126,236 | bf16_mfu: 5.06 | epoch: 1 pq: 37 rg: 10 | total time: 218.66m | eta: 552.0m
step 01588/05568 (28.52%) | loss: 2.660901 | lrm: 1.00 | dt: 8300.89ms | tok/sec: 126,320 | bf16_mfu: 5.06 | epoch: 1 pq: 37 rg: 12 | total time: 218.80m | eta: 551.9m
step 01589/05568 (28.54%) | loss: 2.650770 | lrm: 1.00 | dt: 8307.84ms | tok/sec: 126,215 | bf16_mfu: 5.06 | epoch: 1 pq: 37 rg: 14 | total time: 218.94m | eta: 551.7m
step 01590/05568 (28.56%) | loss: 2.648600 | lrm: 1.00 | dt: 8300.59ms | tok/sec: 126,325 | bf16_mfu: 5.06 | epoch: 1 pq: 37 rg: 16 | total time: 219.08m | eta: 551.6m
step 01591/05568 (28.57%) | loss: 2.645403 | lrm: 1.00 | dt: 8301.22ms | tok/sec: 126,315 | bf16_mfu: 5.06 | epoch: 1 pq: 37 rg: 18 | total time: 219.21m | eta: 551.4m
step 01592/05568 (28.59%) | loss: 2.638268 | lrm: 1.00 | dt: 8306.13ms | tok/sec: 126,241 | bf16_mfu: 5.06 | epoch: 1 pq: 37 rg: 19 | total time: 219.35m | eta: 551.3m
step 01593/05568 (28.61%) | loss: 2.651034 | lrm: 1.00 | dt: 8301.44ms | tok/sec: 126,312 | bf16_mfu: 5.06 | epoch: 1 pq: 37 rg: 21 | total time: 219.49m | eta: 551.2m
step 01594/05568 (28.63%) | loss: 2.639656 | lrm: 1.00 | dt: 8307.91ms | tok/sec: 126,214 | bf16_mfu: 5.06 | epoch: 1 pq: 37 rg: 23 | total time: 219.63m | eta: 551.0m
step 01595/05568 (28.65%) | loss: 2.637389 | lrm: 1.00 | dt: 8288.66ms | tok/sec: 126,507 | bf16_mfu: 5.07 | epoch: 1 pq: 37 rg: 25 | total time: 219.77m | eta: 550.9m
step 01596/05568 (28.66%) | loss: 2.639552 | lrm: 1.00 | dt: 8320.10ms | tok/sec: 126,029 | bf16_mfu: 5.05 | epoch: 1 pq: 37 rg: 27 | total time: 219.91m | eta: 550.7m
step 01597/05568 (28.68%) | loss: 2.650991 | lrm: 1.00 | dt: 8310.18ms | tok/sec: 126,179 | bf16_mfu: 5.06 | epoch: 1 pq: 37 rg: 29 | total time: 220.05m | eta: 550.6m
step 01598/05568 (28.70%) | loss: 2.646251 | lrm: 1.00 | dt: 8304.86ms | tok/sec: 126,260 | bf16_mfu: 5.06 | epoch: 1 pq: 37 rg: 31 | total time: 220.18m | eta: 550.5m
step 01599/05568 (28.72%) | loss: 2.648612 | lrm: 1.00 | dt: 8300.26ms | tok/sec: 126,330 | bf16_mfu: 5.06 | epoch: 1 pq: 37 rg: 33 | total time: 220.32m | eta: 550.3m
step 01600/05568 (28.74%) | loss: 2.662331 | lrm: 1.00 | dt: 8299.55ms | tok/sec: 126,341 | bf16_mfu: 5.06 | epoch: 1 pq: 37 rg: 35 | total time: 220.46m | eta: 550.2m
step 01601/05568 (28.75%) | loss: 2.661033 | lrm: 1.00 | dt: 8303.70ms | tok/sec: 126,278 | bf16_mfu: 5.06 | epoch: 1 pq: 37 rg: 37 | total time: 220.60m | eta: 550.0m
step 01602/05568 (28.77%) | loss: 2.662288 | lrm: 1.00 | dt: 8304.74ms | tok/sec: 126,262 | bf16_mfu: 5.06 | epoch: 1 pq: 37 rg: 39 | total time: 220.74m | eta: 549.9m
step 01603/05568 (28.79%) | loss: 2.672314 | lrm: 1.00 | dt: 8299.61ms | tok/sec: 126,340 | bf16_mfu: 5.06 | epoch: 1 pq: 37 rg: 41 | total time: 220.88m | eta: 549.8m
step 01604/05568 (28.81%) | loss: 2.677366 | lrm: 1.00 | dt: 8308.48ms | tok/sec: 126,205 | bf16_mfu: 5.06 | epoch: 1 pq: 37 rg: 43 | total time: 221.01m | eta: 549.6m
step 01605/05568 (28.83%) | loss: 2.687075 | lrm: 1.00 | dt: 8309.37ms | tok/sec: 126,192 | bf16_mfu: 5.06 | epoch: 1 pq: 37 rg: 44 | total time: 221.15m | eta: 549.5m
step 01606/05568 (28.84%) | loss: 2.700363 | lrm: 1.00 | dt: 8306.04ms | tok/sec: 126,242 | bf16_mfu: 5.06 | epoch: 1 pq: 37 rg: 46 | total time: 221.29m | eta: 549.3m
step 01607/05568 (28.86%) | loss: 2.704847 | lrm: 1.00 | dt: 8298.06ms | tok/sec: 126,363 | bf16_mfu: 5.06 | epoch: 1 pq: 37 rg: 48 | total time: 221.43m | eta: 549.2m
step 01608/05568 (28.88%) | loss: 2.697416 | lrm: 1.00 | dt: 8310.66ms | tok/sec: 126,172 | bf16_mfu: 5.06 | epoch: 1 pq: 37 rg: 50 | total time: 221.57m | eta: 549.1m
step 01609/05568 (28.90%) | loss: 2.703552 | lrm: 1.00 | dt: 8302.82ms | tok/sec: 126,291 | bf16_mfu: 5.06 | epoch: 1 pq: 37 rg: 52 | total time: 221.71m | eta: 548.9m
step 01610/05568 (28.92%) | loss: 2.687118 | lrm: 1.00 | dt: 8303.04ms | tok/sec: 126,288 | bf16_mfu: 5.06 | epoch: 1 pq: 37 rg: 54 | total time: 221.84m | eta: 548.8m
step 01611/05568 (28.93%) | loss: 2.688128 | lrm: 1.00 | dt: 8300.64ms | tok/sec: 126,324 | bf16_mfu: 5.06 | epoch: 1 pq: 37 rg: 56 | total time: 221.98m | eta: 548.6m
step 01612/05568 (28.95%) | loss: 2.685897 | lrm: 1.00 | dt: 8300.61ms | tok/sec: 126,325 | bf16_mfu: 5.06 | epoch: 1 pq: 37 rg: 58 | total time: 222.12m | eta: 548.5m
step 01613/05568 (28.97%) | loss: 2.691479 | lrm: 1.00 | dt: 8300.30ms | tok/sec: 126,329 | bf16_mfu: 5.06 | epoch: 1 pq: 37 rg: 60 | total time: 222.26m | eta: 548.4m
step 01614/05568 (28.99%) | loss: 2.672844 | lrm: 1.00 | dt: 8304.21ms | tok/sec: 126,270 | bf16_mfu: 5.06 | epoch: 1 pq: 37 rg: 62 | total time: 222.40m | eta: 548.2m
step 01615/05568 (29.01%) | loss: 2.669946 | lrm: 1.00 | dt: 8309.10ms | tok/sec: 126,196 | bf16_mfu: 5.06 | epoch: 1 pq: 37 rg: 64 | total time: 222.54m | eta: 548.1m
step 01616/05568 (29.02%) | loss: 2.655522 | lrm: 1.00 | dt: 8299.31ms | tok/sec: 126,344 | bf16_mfu: 5.06 | epoch: 1 pq: 37 rg: 66 | total time: 222.67m | eta: 548.0m
step 01617/05568 (29.04%) | loss: 2.661600 | lrm: 1.00 | dt: 8296.91ms | tok/sec: 126,381 | bf16_mfu: 5.07 | epoch: 1 pq: 37 rg: 68 | total time: 222.81m | eta: 547.8m
step 01618/05568 (29.06%) | loss: 2.653986 | lrm: 1.00 | dt: 8295.05ms | tok/sec: 126,409 | bf16_mfu: 5.07 | epoch: 1 pq: 37 rg: 70 | total time: 222.95m | eta: 547.7m
step 01619/05568 (29.08%) | loss: 2.668635 | lrm: 1.00 | dt: 8298.11ms | tok/sec: 126,363 | bf16_mfu: 5.06 | epoch: 1 pq: 37 rg: 72 | total time: 223.09m | eta: 547.5m
step 01620/05568 (29.09%) | loss: 2.674388 | lrm: 1.00 | dt: 8305.37ms | tok/sec: 126,252 | bf16_mfu: 5.06 | epoch: 1 pq: 37 rg: 74 | total time: 223.23m | eta: 547.4m
step 01621/05568 (29.11%) | loss: 2.684651 | lrm: 1.00 | dt: 8299.95ms | tok/sec: 126,335 | bf16_mfu: 5.06 | epoch: 1 pq: 37 rg: 76 | total time: 223.37m | eta: 547.3m
step 01622/05568 (29.13%) | loss: 2.674972 | lrm: 1.00 | dt: 8310.24ms | tok/sec: 126,178 | bf16_mfu: 5.06 | epoch: 1 pq: 37 rg: 77 | total time: 223.50m | eta: 547.1m
step 01623/05568 (29.15%) | loss: 2.686361 | lrm: 1.00 | dt: 8306.52ms | tok/sec: 126,235 | bf16_mfu: 5.06 | epoch: 1 pq: 37 rg: 79 | total time: 223.64m | eta: 547.0m
step 01624/05568 (29.17%) | loss: 2.679760 | lrm: 1.00 | dt: 8290.24ms | tok/sec: 126,483 | bf16_mfu: 5.07 | epoch: 1 pq: 37 rg: 81 | total time: 223.78m | eta: 546.8m
step 01625/05568 (29.18%) | loss: 2.678376 | lrm: 1.00 | dt: 8303.85ms | tok/sec: 126,275 | bf16_mfu: 5.06 | epoch: 1 pq: 38 rg: 1 | total time: 223.92m | eta: 546.7m
step 01626/05568 (29.20%) | loss: 2.684726 | lrm: 1.00 | dt: 8294.71ms | tok/sec: 126,415 | bf16_mfu: 5.07 | epoch: 1 pq: 38 rg: 3 | total time: 224.06m | eta: 546.6m
step 01627/05568 (29.22%) | loss: 2.698645 | lrm: 1.00 | dt: 8414.10ms | tok/sec: 124,621 | bf16_mfu: 4.99 | epoch: 1 pq: 38 rg: 5 | total time: 224.20m | eta: 546.4m
step 01628/05568 (29.24%) | loss: 2.697309 | lrm: 1.00 | dt: 8299.28ms | tok/sec: 126,345 | bf16_mfu: 5.06 | epoch: 1 pq: 38 rg: 7 | total time: 224.34m | eta: 546.3m
step 01629/05568 (29.26%) | loss: 2.682779 | lrm: 1.00 | dt: 8312.91ms | tok/sec: 126,138 | bf16_mfu: 5.06 | epoch: 1 pq: 38 rg: 9 | total time: 224.48m | eta: 546.1m
step 01630/05568 (29.27%) | loss: 2.690583 | lrm: 1.00 | dt: 8301.19ms | tok/sec: 126,316 | bf16_mfu: 5.06 | epoch: 1 pq: 38 rg: 11 | total time: 224.61m | eta: 546.0m
step 01631/05568 (29.29%) | loss: 2.690918 | lrm: 1.00 | dt: 8304.02ms | tok/sec: 126,273 | bf16_mfu: 5.06 | epoch: 1 pq: 38 rg: 13 | total time: 224.75m | eta: 545.9m
step 01632/05568 (29.31%) | loss: 2.684412 | lrm: 1.00 | dt: 8305.52ms | tok/sec: 126,250 | bf16_mfu: 5.06 | epoch: 1 pq: 38 rg: 15 | total time: 224.89m | eta: 545.7m
step 01633/05568 (29.33%) | loss: 2.683016 | lrm: 1.00 | dt: 8303.67ms | tok/sec: 126,278 | bf16_mfu: 5.06 | epoch: 1 pq: 38 rg: 17 | total time: 225.03m | eta: 545.6m
step 01634/05568 (29.35%) | loss: 2.686832 | lrm: 1.00 | dt: 8300.28ms | tok/sec: 126,330 | bf16_mfu: 5.06 | epoch: 1 pq: 38 rg: 19 | total time: 225.17m | eta: 545.4m
step 01635/05568 (29.36%) | loss: 2.673384 | lrm: 1.00 | dt: 8304.83ms | tok/sec: 126,260 | bf16_mfu: 5.06 | epoch: 1 pq: 38 rg: 21 | total time: 225.31m | eta: 545.3m
step 01636/05568 (29.38%) | loss: 2.681293 | lrm: 1.00 | dt: 8295.85ms | tok/sec: 126,397 | bf16_mfu: 5.07 | epoch: 1 pq: 38 rg: 23 | total time: 225.44m | eta: 545.2m
step 01637/05568 (29.40%) | loss: 2.689048 | lrm: 1.00 | dt: 8303.90ms | tok/sec: 126,275 | bf16_mfu: 5.06 | epoch: 1 pq: 38 rg: 24 | total time: 225.58m | eta: 545.0m
step 01638/05568 (29.42%) | loss: 2.698341 | lrm: 1.00 | dt: 8306.95ms | tok/sec: 126,228 | bf16_mfu: 5.06 | epoch: 1 pq: 38 rg: 26 | total time: 225.72m | eta: 544.9m
step 01639/05568 (29.44%) | loss: 2.710728 | lrm: 1.00 | dt: 8311.34ms | tok/sec: 126,162 | bf16_mfu: 5.06 | epoch: 1 pq: 38 rg: 28 | total time: 225.86m | eta: 544.8m
step 01640/05568 (29.45%) | loss: 2.715031 | lrm: 1.00 | dt: 8307.39ms | tok/sec: 126,222 | bf16_mfu: 5.06 | epoch: 1 pq: 38 rg: 30 | total time: 226.00m | eta: 544.6m
step 01641/05568 (29.47%) | loss: 2.704283 | lrm: 1.00 | dt: 8305.72ms | tok/sec: 126,247 | bf16_mfu: 5.06 | epoch: 1 pq: 38 rg: 32 | total time: 226.14m | eta: 544.5m
step 01642/05568 (29.49%) | loss: 2.712101 | lrm: 1.00 | dt: 8299.00ms | tok/sec: 126,349 | bf16_mfu: 5.06 | epoch: 1 pq: 38 rg: 34 | total time: 226.27m | eta: 544.3m
step 01643/05568 (29.51%) | loss: 2.700451 | lrm: 1.00 | dt: 8313.35ms | tok/sec: 126,131 | bf16_mfu: 5.06 | epoch: 1 pq: 38 rg: 36 | total time: 226.41m | eta: 544.2m
step 01644/05568 (29.53%) | loss: 2.716676 | lrm: 1.00 | dt: 8308.94ms | tok/sec: 126,198 | bf16_mfu: 5.06 | epoch: 1 pq: 38 rg: 38 | total time: 226.55m | eta: 544.1m
step 01645/05568 (29.54%) | loss: 2.711934 | lrm: 1.00 | dt: 8305.67ms | tok/sec: 126,248 | bf16_mfu: 5.06 | epoch: 1 pq: 38 rg: 40 | total time: 226.69m | eta: 543.9m
step 01646/05568 (29.56%) | loss: 2.710864 | lrm: 1.00 | dt: 8306.11ms | tok/sec: 126,241 | bf16_mfu: 5.06 | epoch: 1 pq: 38 rg: 42 | total time: 226.83m | eta: 543.8m
step 01647/05568 (29.58%) | loss: 2.703296 | lrm: 1.00 | dt: 8303.34ms | tok/sec: 126,283 | bf16_mfu: 5.06 | epoch: 1 pq: 38 rg: 44 | total time: 226.97m | eta: 543.6m
step 01648/05568 (29.60%) | loss: 2.701396 | lrm: 1.00 | dt: 8315.70ms | tok/sec: 126,095 | bf16_mfu: 5.05 | epoch: 1 pq: 38 rg: 46 | total time: 227.11m | eta: 543.5m
step 01649/05568 (29.62%) | loss: 2.719394 | lrm: 1.00 | dt: 8315.64ms | tok/sec: 126,096 | bf16_mfu: 5.05 | epoch: 1 pq: 38 rg: 48 | total time: 227.24m | eta: 543.4m
step 01650/05568 (29.63%) | loss: 2.717476 | lrm: 1.00 | dt: 8302.47ms | tok/sec: 126,296 | bf16_mfu: 5.06 | epoch: 1 pq: 38 rg: 50 | total time: 227.38m | eta: 543.2m
step 01651/05568 (29.65%) | loss: 2.713416 | lrm: 1.00 | dt: 8310.21ms | tok/sec: 126,179 | bf16_mfu: 5.06 | epoch: 1 pq: 38 rg: 52 | total time: 227.52m | eta: 543.1m
step 01652/05568 (29.67%) | loss: 2.697332 | lrm: 1.00 | dt: 8310.28ms | tok/sec: 126,178 | bf16_mfu: 5.06 | epoch: 1 pq: 38 rg: 54 | total time: 227.66m | eta: 542.9m
step 01653/05568 (29.69%) | loss: 2.696960 | lrm: 1.00 | dt: 8300.22ms | tok/sec: 126,331 | bf16_mfu: 5.06 | epoch: 1 pq: 38 rg: 55 | total time: 227.80m | eta: 542.8m
step 01654/05568 (29.71%) | loss: 2.700715 | lrm: 1.00 | dt: 8305.99ms | tok/sec: 126,243 | bf16_mfu: 5.06 | epoch: 1 pq: 38 rg: 57 | total time: 227.94m | eta: 542.7m
step 01655/05568 (29.72%) | loss: 2.700464 | lrm: 1.00 | dt: 8297.61ms | tok/sec: 126,370 | bf16_mfu: 5.06 | epoch: 1 pq: 38 rg: 59 | total time: 228.07m | eta: 542.5m
step 01656/05568 (29.74%) | loss: 2.698939 | lrm: 1.00 | dt: 8310.53ms | tok/sec: 126,174 | bf16_mfu: 5.06 | epoch: 1 pq: 38 rg: 61 | total time: 228.21m | eta: 542.4m
step 01657/05568 (29.76%) | loss: 2.695425 | lrm: 1.00 | dt: 8314.05ms | tok/sec: 126,120 | bf16_mfu: 5.05 | epoch: 1 pq: 38 rg: 63 | total time: 228.35m | eta: 542.2m
step 01658/05568 (29.78%) | loss: 2.676399 | lrm: 1.00 | dt: 8298.70ms | tok/sec: 126,354 | bf16_mfu: 5.06 | epoch: 1 pq: 38 rg: 65 | total time: 228.49m | eta: 542.1m
step 01659/05568 (29.80%) | loss: 2.688326 | lrm: 1.00 | dt: 8300.18ms | tok/sec: 126,331 | bf16_mfu: 5.06 | epoch: 1 pq: 38 rg: 67 | total time: 228.63m | eta: 542.0m
step 01660/05568 (29.81%) | loss: 2.684914 | lrm: 1.00 | dt: 8324.25ms | tok/sec: 125,966 | bf16_mfu: 5.05 | epoch: 1 pq: 38 rg: 69 | total time: 228.77m | eta: 541.8m
step 01661/05568 (29.83%) | loss: 2.685857 | lrm: 1.00 | dt: 8310.39ms | tok/sec: 126,176 | bf16_mfu: 5.06 | epoch: 1 pq: 38 rg: 71 | total time: 228.91m | eta: 541.7m
step 01662/05568 (29.85%) | loss: 2.684191 | lrm: 1.00 | dt: 8308.88ms | tok/sec: 126,199 | bf16_mfu: 5.06 | epoch: 1 pq: 38 rg: 73 | total time: 229.04m | eta: 541.6m
step 01663/05568 (29.87%) | loss: 2.677672 | lrm: 1.00 | dt: 8315.30ms | tok/sec: 126,101 | bf16_mfu: 5.05 | epoch: 1 pq: 38 rg: 75 | total time: 229.18m | eta: 541.4m
step 01664/05568 (29.89%) | loss: 2.672749 | lrm: 1.00 | dt: 8300.60ms | tok/sec: 126,325 | bf16_mfu: 5.06 | epoch: 1 pq: 38 rg: 77 | total time: 229.32m | eta: 541.3m
step 01665/05568 (29.90%) | loss: 2.676492 | lrm: 1.00 | dt: 8302.65ms | tok/sec: 126,294 | bf16_mfu: 5.06 | epoch: 1 pq: 38 rg: 79 | total time: 229.46m | eta: 541.1m
step 01666/05568 (29.92%) | loss: 2.684870 | lrm: 1.00 | dt: 8300.85ms | tok/sec: 126,321 | bf16_mfu: 5.06 | epoch: 1 pq: 38 rg: 81 | total time: 229.60m | eta: 541.0m
step 01667/05568 (29.94%) | loss: 2.687537 | lrm: 1.00 | dt: 8298.41ms | tok/sec: 126,358 | bf16_mfu: 5.06 | epoch: 1 pq: 39 rg: 0 | total time: 229.74m | eta: 540.9m
step 01668/05568 (29.96%) | loss: 2.690397 | lrm: 1.00 | dt: 8292.11ms | tok/sec: 126,454 | bf16_mfu: 5.07 | epoch: 1 pq: 39 rg: 2 | total time: 229.87m | eta: 540.7m
step 01669/05568 (29.97%) | loss: 2.686882 | lrm: 1.00 | dt: 8303.90ms | tok/sec: 126,275 | bf16_mfu: 5.06 | epoch: 1 pq: 39 rg: 4 | total time: 230.01m | eta: 540.6m
step 01670/05568 (29.99%) | loss: 2.694291 | lrm: 1.00 | dt: 8293.46ms | tok/sec: 126,434 | bf16_mfu: 5.07 | epoch: 1 pq: 39 rg: 5 | total time: 230.15m | eta: 540.4m
step 01671/05568 (30.01%) | loss: 2.684930 | lrm: 1.00 | dt: 8297.76ms | tok/sec: 126,368 | bf16_mfu: 5.06 | epoch: 1 pq: 39 rg: 7 | total time: 230.29m | eta: 540.3m
step 01672/05568 (30.03%) | loss: 2.684021 | lrm: 1.00 | dt: 8296.67ms | tok/sec: 126,385 | bf16_mfu: 5.07 | epoch: 1 pq: 39 rg: 9 | total time: 230.43m | eta: 540.2m
step 01673/05568 (30.05%) | loss: 2.672891 | lrm: 1.00 | dt: 8308.03ms | tok/sec: 126,212 | bf16_mfu: 5.06 | epoch: 1 pq: 39 rg: 11 | total time: 230.57m | eta: 540.0m
step 01674/05568 (30.06%) | loss: 2.669710 | lrm: 1.00 | dt: 8297.35ms | tok/sec: 126,374 | bf16_mfu: 5.06 | epoch: 1 pq: 39 rg: 13 | total time: 230.70m | eta: 539.9m
step 01675/05568 (30.08%) | loss: 2.672617 | lrm: 1.00 | dt: 8298.60ms | tok/sec: 126,355 | bf16_mfu: 5.06 | epoch: 1 pq: 39 rg: 15 | total time: 230.84m | eta: 539.7m
step 01676/05568 (30.10%) | loss: 2.681524 | lrm: 1.00 | dt: 8317.80ms | tok/sec: 126,064 | bf16_mfu: 5.05 | epoch: 1 pq: 39 rg: 17 | total time: 230.98m | eta: 539.6m
step 01677/05568 (30.12%) | loss: 2.684608 | lrm: 1.00 | dt: 8305.08ms | tok/sec: 126,257 | bf16_mfu: 5.06 | epoch: 1 pq: 39 rg: 19 | total time: 231.12m | eta: 539.5m
step 01678/05568 (30.14%) | loss: 2.693617 | lrm: 1.00 | dt: 8296.42ms | tok/sec: 126,389 | bf16_mfu: 5.07 | epoch: 1 pq: 39 rg: 21 | total time: 231.26m | eta: 539.3m
step 01679/05568 (30.15%) | loss: 2.685699 | lrm: 1.00 | dt: 8296.19ms | tok/sec: 126,392 | bf16_mfu: 5.07 | epoch: 1 pq: 39 rg: 23 | total time: 231.40m | eta: 539.2m
step 01680/05568 (30.17%) | loss: 2.692899 | lrm: 1.00 | dt: 8300.39ms | tok/sec: 126,328 | bf16_mfu: 5.06 | epoch: 1 pq: 39 rg: 25 | total time: 231.53m | eta: 539.0m
step 01681/05568 (30.19%) | loss: 2.707331 | lrm: 1.00 | dt: 8317.61ms | tok/sec: 126,066 | bf16_mfu: 5.05 | epoch: 1 pq: 39 rg: 27 | total time: 231.67m | eta: 538.9m
step 01682/05568 (30.21%) | loss: 2.701768 | lrm: 1.00 | dt: 8305.87ms | tok/sec: 126,245 | bf16_mfu: 5.06 | epoch: 1 pq: 39 rg: 29 | total time: 231.81m | eta: 538.8m
step 01683/05568 (30.23%) | loss: 2.701645 | lrm: 1.00 | dt: 8304.41ms | tok/sec: 126,267 | bf16_mfu: 5.06 | epoch: 1 pq: 39 rg: 30 | total time: 231.95m | eta: 538.6m
step 01684/05568 (30.24%) | loss: 2.680654 | lrm: 1.00 | dt: 8296.47ms | tok/sec: 126,388 | bf16_mfu: 5.07 | epoch: 1 pq: 39 rg: 32 | total time: 232.09m | eta: 538.5m
step 01685/05568 (30.26%) | loss: 2.681211 | lrm: 1.00 | dt: 8302.97ms | tok/sec: 126,289 | bf16_mfu: 5.06 | epoch: 1 pq: 39 rg: 34 | total time: 232.23m | eta: 538.3m
step 01686/05568 (30.28%) | loss: 2.675015 | lrm: 1.00 | dt: 8311.79ms | tok/sec: 126,155 | bf16_mfu: 5.06 | epoch: 1 pq: 39 rg: 36 | total time: 232.36m | eta: 538.2m
step 01687/05568 (30.30%) | loss: 2.672585 | lrm: 1.00 | dt: 8307.90ms | tok/sec: 126,214 | bf16_mfu: 5.06 | epoch: 1 pq: 39 rg: 38 | total time: 232.50m | eta: 538.1m
step 01688/05568 (30.32%) | loss: 2.676359 | lrm: 1.00 | dt: 8303.88ms | tok/sec: 126,275 | bf16_mfu: 5.06 | epoch: 1 pq: 39 rg: 40 | total time: 232.64m | eta: 537.9m
step 01689/05568 (30.33%) | loss: 2.673690 | lrm: 1.00 | dt: 8312.81ms | tok/sec: 126,139 | bf16_mfu: 5.06 | epoch: 1 pq: 39 rg: 42 | total time: 232.78m | eta: 537.8m
step 01690/05568 (30.35%) | loss: 2.695923 | lrm: 1.00 | dt: 8297.79ms | tok/sec: 126,368 | bf16_mfu: 5.06 | epoch: 1 pq: 39 rg: 44 | total time: 232.92m | eta: 537.7m
step 01691/05568 (30.37%) | loss: 2.695749 | lrm: 1.00 | dt: 8321.47ms | tok/sec: 126,008 | bf16_mfu: 5.05 | epoch: 1 pq: 39 rg: 46 | total time: 233.06m | eta: 537.5m
step 01692/05568 (30.39%) | loss: 2.699795 | lrm: 1.00 | dt: 8302.63ms | tok/sec: 126,294 | bf16_mfu: 5.06 | epoch: 1 pq: 39 rg: 48 | total time: 233.20m | eta: 537.4m
step 01693/05568 (30.41%) | loss: 2.684339 | lrm: 1.00 | dt: 8316.24ms | tok/sec: 126,087 | bf16_mfu: 5.05 | epoch: 1 pq: 39 rg: 50 | total time: 233.33m | eta: 537.2m
step 01694/05568 (30.42%) | loss: 2.682515 | lrm: 1.00 | dt: 8305.44ms | tok/sec: 126,251 | bf16_mfu: 5.06 | epoch: 1 pq: 39 rg: 52 | total time: 233.47m | eta: 537.1m
step 01695/05568 (30.44%) | loss: 2.688345 | lrm: 1.00 | dt: 8303.97ms | tok/sec: 126,274 | bf16_mfu: 5.06 | epoch: 1 pq: 39 rg: 54 | total time: 233.61m | eta: 537.0m
step 01696/05568 (30.46%) | loss: 2.677173 | lrm: 1.00 | dt: 8309.13ms | tok/sec: 126,195 | bf16_mfu: 5.06 | epoch: 1 pq: 39 rg: 56 | total time: 233.75m | eta: 536.8m
step 01697/05568 (30.48%) | loss: 2.675689 | lrm: 1.00 | dt: 8303.98ms | tok/sec: 126,273 | bf16_mfu: 5.06 | epoch: 1 pq: 39 rg: 58 | total time: 233.89m | eta: 536.7m
step 01698/05568 (30.50%) | loss: 2.667841 | lrm: 1.00 | dt: 8312.39ms | tok/sec: 126,146 | bf16_mfu: 5.06 | epoch: 1 pq: 39 rg: 59 | total time: 234.03m | eta: 536.5m
step 01699/05568 (30.51%) | loss: 2.668635 | lrm: 1.00 | dt: 8308.37ms | tok/sec: 126,207 | bf16_mfu: 5.06 | epoch: 1 pq: 39 rg: 61 | total time: 234.16m | eta: 536.4m
step 01700/05568 (30.53%) | loss: 2.658078 | lrm: 1.00 | dt: 8314.31ms | tok/sec: 126,117 | bf16_mfu: 5.05 | epoch: 1 pq: 39 rg: 63 | total time: 234.30m | eta: 536.3m
step 01701/05568 (30.55%) | loss: 2.655297 | lrm: 1.00 | dt: 8294.13ms | tok/sec: 126,423 | bf16_mfu: 5.07 | epoch: 1 pq: 39 rg: 65 | total time: 234.44m | eta: 536.1m
step 01702/05568 (30.57%) | loss: 2.671833 | lrm: 1.00 | dt: 8303.38ms | tok/sec: 126,283 | bf16_mfu: 5.06 | epoch: 1 pq: 39 rg: 67 | total time: 234.58m | eta: 536.0m
step 01703/05568 (30.59%) | loss: 2.673050 | lrm: 1.00 | dt: 8309.11ms | tok/sec: 126,195 | bf16_mfu: 5.06 | epoch: 1 pq: 39 rg: 69 | total time: 234.72m | eta: 535.8m
step 01704/05568 (30.60%) | loss: 2.657668 | lrm: 1.00 | dt: 8305.19ms | tok/sec: 126,255 | bf16_mfu: 5.06 | epoch: 1 pq: 39 rg: 71 | total time: 234.86m | eta: 535.7m
step 01705/05568 (30.62%) | loss: 2.660399 | lrm: 1.00 | dt: 8302.19ms | tok/sec: 126,301 | bf16_mfu: 5.06 | epoch: 1 pq: 39 rg: 73 | total time: 235.00m | eta: 535.6m
step 01706/05568 (30.64%) | loss: 2.666955 | lrm: 1.00 | dt: 8299.89ms | tok/sec: 126,336 | bf16_mfu: 5.06 | epoch: 1 pq: 39 rg: 75 | total time: 235.13m | eta: 535.4m
step 01707/05568 (30.66%) | loss: 2.671869 | lrm: 1.00 | dt: 8309.03ms | tok/sec: 126,197 | bf16_mfu: 5.06 | epoch: 1 pq: 39 rg: 77 | total time: 235.27m | eta: 535.3m
step 01708/05568 (30.68%) | loss: 2.658354 | lrm: 1.00 | dt: 8308.62ms | tok/sec: 126,203 | bf16_mfu: 5.06 | epoch: 1 pq: 39 rg: 79 | total time: 235.41m | eta: 535.1m
step 01709/05568 (30.69%) | loss: 2.662551 | lrm: 1.00 | dt: 8312.59ms | tok/sec: 126,143 | bf16_mfu: 5.06 | epoch: 1 pq: 39 rg: 81 | total time: 235.55m | eta: 535.0m
step 01710/05568 (30.71%) | loss: 2.664351 | lrm: 1.00 | dt: 8305.84ms | tok/sec: 126,245 | bf16_mfu: 5.06 | epoch: 1 pq: 40 rg: 0 | total time: 235.69m | eta: 534.9m
step 01711/05568 (30.73%) | loss: 2.671214 | lrm: 1.00 | dt: 8302.30ms | tok/sec: 126,299 | bf16_mfu: 5.06 | epoch: 1 pq: 40 rg: 2 | total time: 235.83m | eta: 534.7m
step 01712/05568 (30.75%) | loss: 2.689035 | lrm: 1.00 | dt: 8297.32ms | tok/sec: 126,375 | bf16_mfu: 5.06 | epoch: 1 pq: 40 rg: 4 | total time: 235.96m | eta: 534.6m
step 01713/05568 (30.77%) | loss: 2.679759 | lrm: 1.00 | dt: 8353.93ms | tok/sec: 125,518 | bf16_mfu: 5.03 | epoch: 1 pq: 40 rg: 6 | total time: 236.10m | eta: 534.5m
step 01714/05568 (30.78%) | loss: 2.670836 | lrm: 1.00 | dt: 8301.78ms | tok/sec: 126,307 | bf16_mfu: 5.06 | epoch: 1 pq: 40 rg: 8 | total time: 236.24m | eta: 534.3m
step 01715/05568 (30.80%) | loss: 2.672590 | lrm: 1.00 | dt: 8305.03ms | tok/sec: 126,257 | bf16_mfu: 5.06 | epoch: 1 pq: 40 rg: 9 | total time: 236.38m | eta: 534.2m
step 01716/05568 (30.82%) | loss: 2.678995 | lrm: 1.00 | dt: 8294.74ms | tok/sec: 126,414 | bf16_mfu: 5.07 | epoch: 1 pq: 40 rg: 11 | total time: 236.52m | eta: 534.0m
step 01717/05568 (30.84%) | loss: 2.692078 | lrm: 1.00 | dt: 8296.57ms | tok/sec: 126,386 | bf16_mfu: 5.07 | epoch: 1 pq: 40 rg: 13 | total time: 236.66m | eta: 533.9m
step 01718/05568 (30.85%) | loss: 2.686381 | lrm: 1.00 | dt: 8306.31ms | tok/sec: 126,238 | bf16_mfu: 5.06 | epoch: 1 pq: 40 rg: 15 | total time: 236.80m | eta: 533.8m
step 01719/05568 (30.87%) | loss: 2.688354 | lrm: 1.00 | dt: 8299.87ms | tok/sec: 126,336 | bf16_mfu: 5.06 | epoch: 1 pq: 40 rg: 17 | total time: 236.93m | eta: 533.6m
step 01720/05568 (30.89%) | loss: 2.670086 | lrm: 1.00 | dt: 8307.23ms | tok/sec: 126,224 | bf16_mfu: 5.06 | epoch: 1 pq: 40 rg: 19 | total time: 237.07m | eta: 533.5m
step 01721/05568 (30.91%) | loss: 2.671927 | lrm: 1.00 | dt: 8296.64ms | tok/sec: 126,385 | bf16_mfu: 5.07 | epoch: 1 pq: 40 rg: 21 | total time: 237.21m | eta: 533.3m
step 01722/05568 (30.93%) | loss: 2.678782 | lrm: 1.00 | dt: 8303.27ms | tok/sec: 126,284 | bf16_mfu: 5.06 | epoch: 1 pq: 40 rg: 23 | total time: 237.35m | eta: 533.2m
step 01723/05568 (30.94%) | loss: 2.690346 | lrm: 1.00 | dt: 8294.81ms | tok/sec: 126,413 | bf16_mfu: 5.07 | epoch: 1 pq: 40 rg: 25 | total time: 237.49m | eta: 533.1m
step 01724/05568 (30.96%) | loss: 2.688939 | lrm: 1.00 | dt: 8301.43ms | tok/sec: 126,312 | bf16_mfu: 5.06 | epoch: 1 pq: 40 rg: 27 | total time: 237.63m | eta: 532.9m
step 01725/05568 (30.98%) | loss: 2.693981 | lrm: 1.00 | dt: 8287.15ms | tok/sec: 126,530 | bf16_mfu: 5.07 | epoch: 1 pq: 40 rg: 29 | total time: 237.76m | eta: 532.8m
step 01726/05568 (31.00%) | loss: 2.675450 | lrm: 1.00 | dt: 8305.45ms | tok/sec: 126,251 | bf16_mfu: 5.06 | epoch: 1 pq: 40 rg: 31 | total time: 237.90m | eta: 532.6m
step 01727/05568 (31.02%) | loss: 2.667134 | lrm: 1.00 | dt: 8305.66ms | tok/sec: 126,248 | bf16_mfu: 5.06 | epoch: 1 pq: 40 rg: 33 | total time: 238.04m | eta: 532.5m
step 01728/05568 (31.03%) | loss: 2.681820 | lrm: 1.00 | dt: 8299.07ms | tok/sec: 126,348 | bf16_mfu: 5.06 | epoch: 1 pq: 40 rg: 35 | total time: 238.18m | eta: 532.4m
step 01729/05568 (31.05%) | loss: 2.678500 | lrm: 1.00 | dt: 8301.78ms | tok/sec: 126,307 | bf16_mfu: 5.06 | epoch: 1 pq: 40 rg: 37 | total time: 238.32m | eta: 532.2m
step 01730/05568 (31.07%) | loss: 2.688862 | lrm: 1.00 | dt: 8298.15ms | tok/sec: 126,362 | bf16_mfu: 5.06 | epoch: 1 pq: 40 rg: 39 | total time: 238.46m | eta: 532.1m
step 01731/05568 (31.09%) | loss: 2.682686 | lrm: 1.00 | dt: 8295.98ms | tok/sec: 126,395 | bf16_mfu: 5.07 | epoch: 1 pq: 40 rg: 40 | total time: 238.59m | eta: 531.9m
step 01732/05568 (31.11%) | loss: 2.676412 | lrm: 1.00 | dt: 8299.69ms | tok/sec: 126,339 | bf16_mfu: 5.06 | epoch: 1 pq: 40 rg: 42 | total time: 238.73m | eta: 531.8m
step 01733/05568 (31.12%) | loss: 2.672253 | lrm: 1.00 | dt: 8300.88ms | tok/sec: 126,321 | bf16_mfu: 5.06 | epoch: 1 pq: 40 rg: 44 | total time: 238.87m | eta: 531.7m
step 01734/05568 (31.14%) | loss: 2.666615 | lrm: 1.00 | dt: 8296.00ms | tok/sec: 126,395 | bf16_mfu: 5.07 | epoch: 1 pq: 40 rg: 46 | total time: 239.01m | eta: 531.5m
step 01735/05568 (31.16%) | loss: 2.664957 | lrm: 1.00 | dt: 8311.44ms | tok/sec: 126,160 | bf16_mfu: 5.06 | epoch: 1 pq: 40 rg: 48 | total time: 239.15m | eta: 531.4m
step 01736/05568 (31.18%) | loss: 2.665372 | lrm: 1.00 | dt: 8308.97ms | tok/sec: 126,198 | bf16_mfu: 5.06 | epoch: 1 pq: 40 rg: 50 | total time: 239.29m | eta: 531.3m
step 01737/05568 (31.20%) | loss: 2.682570 | lrm: 1.00 | dt: 8294.12ms | tok/sec: 126,424 | bf16_mfu: 5.07 | epoch: 1 pq: 40 rg: 52 | total time: 239.42m | eta: 531.1m
step 01738/05568 (31.21%) | loss: 2.702701 | lrm: 1.00 | dt: 8300.55ms | tok/sec: 126,326 | bf16_mfu: 5.06 | epoch: 1 pq: 40 rg: 54 | total time: 239.56m | eta: 531.0m
step 01739/05568 (31.23%) | loss: 2.708727 | lrm: 1.00 | dt: 8300.90ms | tok/sec: 126,320 | bf16_mfu: 5.06 | epoch: 1 pq: 40 rg: 56 | total time: 239.70m | eta: 530.8m
step 01740/05568 (31.25%) | loss: 2.695589 | lrm: 1.00 | dt: 8293.58ms | tok/sec: 126,432 | bf16_mfu: 5.07 | epoch: 1 pq: 40 rg: 58 | total time: 239.84m | eta: 530.7m
step 01741/05568 (31.27%) | loss: 2.702432 | lrm: 1.00 | dt: 8294.81ms | tok/sec: 126,413 | bf16_mfu: 5.07 | epoch: 1 pq: 40 rg: 60 | total time: 239.98m | eta: 530.6m
step 01742/05568 (31.29%) | loss: 2.710562 | lrm: 1.00 | dt: 8297.57ms | tok/sec: 126,371 | bf16_mfu: 5.06 | epoch: 1 pq: 40 rg: 62 | total time: 240.12m | eta: 530.4m
step 01743/05568 (31.30%) | loss: 2.717176 | lrm: 1.00 | dt: 8304.34ms | tok/sec: 126,268 | bf16_mfu: 5.06 | epoch: 1 pq: 40 rg: 63 | total time: 240.25m | eta: 530.3m
step 01744/05568 (31.32%) | loss: 2.717727 | lrm: 1.00 | dt: 8297.32ms | tok/sec: 126,375 | bf16_mfu: 5.06 | epoch: 1 pq: 40 rg: 65 | total time: 240.39m | eta: 530.1m
step 01745/05568 (31.34%) | loss: 2.718077 | lrm: 1.00 | dt: 8303.56ms | tok/sec: 126,280 | bf16_mfu: 5.06 | epoch: 1 pq: 40 rg: 67 | total time: 240.53m | eta: 530.0m
step 01746/05568 (31.36%) | loss: 2.697883 | lrm: 1.00 | dt: 8298.98ms | tok/sec: 126,350 | bf16_mfu: 5.06 | epoch: 1 pq: 40 rg: 69 | total time: 240.67m | eta: 529.9m
step 01747/05568 (31.38%) | loss: 2.694298 | lrm: 1.00 | dt: 8294.63ms | tok/sec: 126,416 | bf16_mfu: 5.07 | epoch: 1 pq: 40 rg: 71 | total time: 240.81m | eta: 529.7m
step 01748/05568 (31.39%) | loss: 2.691599 | lrm: 1.00 | dt: 8302.56ms | tok/sec: 126,295 | bf16_mfu: 5.06 | epoch: 1 pq: 40 rg: 73 | total time: 240.95m | eta: 529.6m
step 01749/05568 (31.41%) | loss: 2.685329 | lrm: 1.00 | dt: 8295.70ms | tok/sec: 126,399 | bf16_mfu: 5.07 | epoch: 1 pq: 40 rg: 75 | total time: 241.08m | eta: 529.4m
Step 01750 | Validation bpb: 0.815993
2026-10-07 23:43:51,014 - nanochat.checkpoint_manager - [32m[1mINFO[0m - Saved model parameters to: /home/astarostin/.cache/nanochat/base_checkpoints/d24_1xh100/model_001750.pt
2026-10-07 23:43:51,016 - nanochat.checkpoint_manager - [32m[1mINFO[0m - Saved metadata to: /home/astarostin/.cache/nanochat/base_checkpoints/d24_1xh100/meta_001750.json
2026-10-07 23:43:59,903 - nanochat.checkpoint_manager - [32m[1mINFO[0m - Saved optimizer state to: /home/astarostin/.cache/nanochat/base_checkpoints/d24_1xh100/optim_001750_rank0.pt
step 01750/05568 (31.43%) | loss: 2.684543 | lrm: 1.00 | dt: 8245.41ms | tok/sec: 127,170 | bf16_mfu: 5.10 | epoch: 1 pq: 40 rg: 77 | total time: 241.22m | eta: 529.3m
step 01751/05568 (31.45%) | loss: 2.686982 | lrm: 1.00 | dt: 8271.71ms | tok/sec: 126,766 | bf16_mfu: 5.08 | epoch: 1 pq: 40 rg: 79 | total time: 241.36m | eta: 529.2m
step 01752/05568 (31.47%) | loss: 2.693081 | lrm: 1.00 | dt: 8275.68ms | tok/sec: 126,705 | bf16_mfu: 5.08 | epoch: 1 pq: 40 rg: 81 | total time: 241.50m | eta: 529.0m
step 01753/05568 (31.48%) | loss: 2.694897 | lrm: 1.00 | dt: 8291.00ms | tok/sec: 126,471 | bf16_mfu: 5.07 | epoch: 1 pq: 41 rg: 1 | total time: 241.63m | eta: 528.9m
step 01754/05568 (31.50%) | loss: 2.695775 | lrm: 1.00 | dt: 8287.46ms | tok/sec: 126,525 | bf16_mfu: 5.07 | epoch: 1 pq: 41 rg: 3 | total time: 241.77m | eta: 528.7m
step 01755/05568 (31.52%) | loss: 2.691345 | lrm: 1.00 | dt: 8291.61ms | tok/sec: 126,462 | bf16_mfu: 5.07 | epoch: 1 pq: 41 rg: 5 | total time: 241.91m | eta: 528.6m
step 01756/05568 (31.54%) | loss: 2.703776 | lrm: 1.00 | dt: 8300.95ms | tok/sec: 126,319 | bf16_mfu: 5.06 | epoch: 1 pq: 41 rg: 6 | total time: 242.05m | eta: 528.5m
step 01757/05568 (31.56%) | loss: 2.700861 | lrm: 1.00 | dt: 8291.77ms | tok/sec: 126,459 | bf16_mfu: 5.07 | epoch: 1 pq: 41 rg: 8 | total time: 242.19m | eta: 528.3m
step 01758/05568 (31.57%) | loss: 2.703236 | lrm: 1.00 | dt: 8307.61ms | tok/sec: 126,218 | bf16_mfu: 5.06 | epoch: 1 pq: 41 rg: 10 | total time: 242.33m | eta: 528.2m
step 01759/05568 (31.59%) | loss: 2.706593 | lrm: 1.00 | dt: 8298.78ms | tok/sec: 126,352 | bf16_mfu: 5.06 | epoch: 1 pq: 41 rg: 12 | total time: 242.46m | eta: 528.0m
step 01760/05568 (31.61%) | loss: 2.707132 | lrm: 1.00 | dt: 8294.17ms | tok/sec: 126,423 | bf16_mfu: 5.07 | epoch: 1 pq: 41 rg: 14 | total time: 242.60m | eta: 527.9m
step 01761/05568 (31.63%) | loss: 2.689617 | lrm: 1.00 | dt: 8292.26ms | tok/sec: 126,452 | bf16_mfu: 5.07 | epoch: 1 pq: 41 rg: 16 | total time: 242.74m | eta: 527.8m
step 01762/05568 (31.65%) | loss: 2.687844 | lrm: 1.00 | dt: 8290.71ms | tok/sec: 126,475 | bf16_mfu: 5.07 | epoch: 1 pq: 41 rg: 18 | total time: 242.88m | eta: 527.6m
step 01763/05568 (31.66%) | loss: 2.692046 | lrm: 1.00 | dt: 8293.42ms | tok/sec: 126,434 | bf16_mfu: 5.07 | epoch: 1 pq: 41 rg: 20 | total time: 243.02m | eta: 527.5m
step 01764/05568 (31.68%) | loss: 2.670137 | lrm: 1.00 | dt: 8299.80ms | tok/sec: 126,337 | bf16_mfu: 5.06 | epoch: 1 pq: 41 rg: 22 | total time: 243.16m | eta: 527.3m
step 01765/05568 (31.70%) | loss: 2.651718 | lrm: 1.00 | dt: 8293.15ms | tok/sec: 126,438 | bf16_mfu: 5.07 | epoch: 1 pq: 41 rg: 24 | total time: 243.29m | eta: 527.2m
step 01766/05568 (31.72%) | loss: 2.640030 | lrm: 1.00 | dt: 8290.14ms | tok/sec: 126,484 | bf16_mfu: 5.07 | epoch: 1 pq: 41 rg: 26 | total time: 243.43m | eta: 527.1m
step 01767/05568 (31.73%) | loss: 2.635573 | lrm: 1.00 | dt: 8293.91ms | tok/sec: 126,427 | bf16_mfu: 5.07 | epoch: 1 pq: 41 rg: 28 | total time: 243.57m | eta: 526.9m
step 01768/05568 (31.75%) | loss: 2.637088 | lrm: 1.00 | dt: 8297.20ms | tok/sec: 126,377 | bf16_mfu: 5.06 | epoch: 1 pq: 41 rg: 30 | total time: 243.71m | eta: 526.8m
step 01769/05568 (31.77%) | loss: 2.633232 | lrm: 1.00 | dt: 8300.42ms | tok/sec: 126,328 | bf16_mfu: 5.06 | epoch: 1 pq: 41 rg: 32 | total time: 243.85m | eta: 526.6m
step 01770/05568 (31.79%) | loss: 2.641395 | lrm: 1.00 | dt: 8296.33ms | tok/sec: 126,390 | bf16_mfu: 5.07 | epoch: 1 pq: 41 rg: 33 | total time: 243.99m | eta: 526.5m
step 01771/05568 (31.81%) | loss: 2.661840 | lrm: 1.00 | dt: 8298.50ms | tok/sec: 126,357 | bf16_mfu: 5.06 | epoch: 1 pq: 41 rg: 35 | total time: 244.12m | eta: 526.4m
step 01772/05568 (31.82%) | loss: 2.666995 | lrm: 1.00 | dt: 8290.39ms | tok/sec: 126,480 | bf16_mfu: 5.07 | epoch: 1 pq: 41 rg: 37 | total time: 244.26m | eta: 526.2m
step 01773/05568 (31.84%) | loss: 2.653218 | lrm: 1.00 | dt: 8300.76ms | tok/sec: 126,322 | bf16_mfu: 5.06 | epoch: 1 pq: 41 rg: 39 | total time: 244.40m | eta: 526.1m
step 01774/05568 (31.86%) | loss: 2.661502 | lrm: 1.00 | dt: 8309.04ms | tok/sec: 126,197 | bf16_mfu: 5.06 | epoch: 1 pq: 41 rg: 41 | total time: 244.54m | eta: 526.0m
step 01775/05568 (31.88%) | loss: 2.671313 | lrm: 1.00 | dt: 8303.50ms | tok/sec: 126,281 | bf16_mfu: 5.06 | epoch: 1 pq: 41 rg: 43 | total time: 244.68m | eta: 525.8m
step 01776/05568 (31.90%) | loss: 2.664853 | lrm: 1.00 | dt: 8297.23ms | tok/sec: 126,376 | bf16_mfu: 5.06 | epoch: 1 pq: 41 rg: 45 | total time: 244.82m | eta: 525.7m
step 01777/05568 (31.91%) | loss: 2.665895 | lrm: 1.00 | dt: 8299.39ms | tok/sec: 126,343 | bf16_mfu: 5.06 | epoch: 1 pq: 41 rg: 47 | total time: 244.95m | eta: 525.5m
step 01778/05568 (31.93%) | loss: 2.661740 | lrm: 1.00 | dt: 8301.05ms | tok/sec: 126,318 | bf16_mfu: 5.06 | epoch: 1 pq: 41 rg: 49 | total time: 245.09m | eta: 525.4m
step 01779/05568 (31.95%) | loss: 2.665452 | lrm: 1.00 | dt: 8304.14ms | tok/sec: 126,271 | bf16_mfu: 5.06 | epoch: 1 pq: 41 rg: 51 | total time: 245.23m | eta: 525.3m
step 01780/05568 (31.97%) | loss: 2.648777 | lrm: 1.00 | dt: 8309.28ms | tok/sec: 126,193 | bf16_mfu: 5.06 | epoch: 1 pq: 41 rg: 53 | total time: 245.37m | eta: 525.1m
step 01781/05568 (31.99%) | loss: 2.637005 | lrm: 1.00 | dt: 8307.54ms | tok/sec: 126,219 | bf16_mfu: 5.06 | epoch: 1 pq: 41 rg: 55 | total time: 245.51m | eta: 525.0m
step 01782/05568 (32.00%) | loss: 2.632966 | lrm: 1.00 | dt: 8293.87ms | tok/sec: 126,427 | bf16_mfu: 5.07 | epoch: 1 pq: 41 rg: 57 | total time: 245.65m | eta: 524.8m
step 01783/05568 (32.02%) | loss: 2.655002 | lrm: 1.00 | dt: 8317.53ms | tok/sec: 126,068 | bf16_mfu: 5.05 | epoch: 1 pq: 41 rg: 59 | total time: 245.78m | eta: 524.7m
step 01784/05568 (32.04%) | loss: 2.663791 | lrm: 1.00 | dt: 8297.02ms | tok/sec: 126,379 | bf16_mfu: 5.07 | epoch: 1 pq: 41 rg: 61 | total time: 245.92m | eta: 524.6m
step 01785/05568 (32.06%) | loss: 2.673011 | lrm: 1.00 | dt: 8297.08ms | tok/sec: 126,378 | bf16_mfu: 5.07 | epoch: 1 pq: 41 rg: 62 | total time: 246.06m | eta: 524.4m
step 01786/05568 (32.08%) | loss: 2.653085 | lrm: 1.00 | dt: 8314.84ms | tok/sec: 126,109 | bf16_mfu: 5.05 | epoch: 1 pq: 41 rg: 64 | total time: 246.20m | eta: 524.3m
step 01787/05568 (32.09%) | loss: 2.668305 | lrm: 1.00 | dt: 8300.54ms | tok/sec: 126,326 | bf16_mfu: 5.06 | epoch: 1 pq: 41 rg: 66 | total time: 246.34m | eta: 524.1m
step 01788/05568 (32.11%) | loss: 2.670829 | lrm: 1.00 | dt: 8304.08ms | tok/sec: 126,272 | bf16_mfu: 5.06 | epoch: 1 pq: 41 rg: 68 | total time: 246.48m | eta: 524.0m
step 01789/05568 (32.13%) | loss: 2.673101 | lrm: 1.00 | dt: 8300.43ms | tok/sec: 126,327 | bf16_mfu: 5.06 | epoch: 1 pq: 41 rg: 70 | total time: 246.61m | eta: 523.9m
step 01790/05568 (32.15%) | loss: 2.695744 | lrm: 1.00 | dt: 8301.23ms | tok/sec: 126,315 | bf16_mfu: 5.06 | epoch: 1 pq: 41 rg: 72 | total time: 246.75m | eta: 523.7m
step 01791/05568 (32.17%) | loss: 2.699699 | lrm: 1.00 | dt: 8303.10ms | tok/sec: 126,287 | bf16_mfu: 5.06 | epoch: 1 pq: 41 rg: 74 | total time: 246.89m | eta: 523.6m
step 01792/05568 (32.18%) | loss: 2.691809 | lrm: 1.00 | dt: 8293.65ms | tok/sec: 126,431 | bf16_mfu: 5.07 | epoch: 1 pq: 41 rg: 76 | total time: 247.03m | eta: 523.4m
step 01793/05568 (32.20%) | loss: 2.674567 | lrm: 1.00 | dt: 8302.84ms | tok/sec: 126,291 | bf16_mfu: 5.06 | epoch: 1 pq: 41 rg: 78 | total time: 247.17m | eta: 523.3m
step 01794/05568 (32.22%) | loss: 2.688935 | lrm: 1.00 | dt: 8306.33ms | tok/sec: 126,238 | bf16_mfu: 5.06 | epoch: 1 pq: 41 rg: 80 | total time: 247.31m | eta: 523.2m
step 01795/05568 (32.24%) | loss: 2.690313 | lrm: 1.00 | dt: 8301.08ms | tok/sec: 126,317 | bf16_mfu: 5.06 | epoch: 1 pq: 41 rg: 82 | total time: 247.44m | eta: 523.0m
step 01796/05568 (32.26%) | loss: 2.691205 | lrm: 1.00 | dt: 8293.76ms | tok/sec: 126,429 | bf16_mfu: 5.07 | epoch: 1 pq: 42 rg: 1 | total time: 247.58m | eta: 522.9m
step 01797/05568 (32.27%) | loss: 2.709467 | lrm: 1.00 | dt: 8304.12ms | tok/sec: 126,271 | bf16_mfu: 5.06 | epoch: 1 pq: 42 rg: 3 | total time: 247.72m | eta: 522.8m
step 01798/05568 (32.29%) | loss: 2.696550 | lrm: 1.00 | dt: 8304.05ms | tok/sec: 126,272 | bf16_mfu: 5.06 | epoch: 1 pq: 42 rg: 5 | total time: 247.86m | eta: 522.6m
step 01799/05568 (32.31%) | loss: 2.691980 | lrm: 1.00 | dt: 8298.73ms | tok/sec: 126,353 | bf16_mfu: 5.06 | epoch: 1 pq: 42 rg: 7 | total time: 248.00m | eta: 522.5m
step 01800/05568 (32.33%) | loss: 2.680172 | lrm: 1.00 | dt: 8306.81ms | tok/sec: 126,230 | bf16_mfu: 5.06 | epoch: 1 pq: 42 rg: 9 | total time: 248.14m | eta: 522.3m
step 01801/05568 (32.35%) | loss: 2.667254 | lrm: 1.00 | dt: 8293.11ms | tok/sec: 126,439 | bf16_mfu: 5.07 | epoch: 1 pq: 42 rg: 11 | total time: 248.27m | eta: 522.2m
step 01802/05568 (32.36%) | loss: 2.661769 | lrm: 1.00 | dt: 8300.92ms | tok/sec: 126,320 | bf16_mfu: 5.06 | epoch: 1 pq: 42 rg: 13 | total time: 248.41m | eta: 522.1m
step 01803/05568 (32.38%) | loss: 2.673778 | lrm: 1.00 | dt: 8306.29ms | tok/sec: 126,238 | bf16_mfu: 5.06 | epoch: 1 pq: 42 rg: 14 | total time: 248.55m | eta: 521.9m
step 01804/05568 (32.40%) | loss: 2.642771 | lrm: 1.00 | dt: 8296.25ms | tok/sec: 126,391 | bf16_mfu: 5.07 | epoch: 1 pq: 42 rg: 16 | total time: 248.69m | eta: 521.8m
step 01805/05568 (32.42%) | loss: 2.626707 | lrm: 1.00 | dt: 8302.54ms | tok/sec: 126,295 | bf16_mfu: 5.06 | epoch: 1 pq: 42 rg: 18 | total time: 248.83m | eta: 521.6m
step 01806/05568 (32.44%) | loss: 2.608225 | lrm: 1.00 | dt: 8293.31ms | tok/sec: 126,436 | bf16_mfu: 5.07 | epoch: 1 pq: 42 rg: 20 | total time: 248.97m | eta: 521.5m
step 01807/05568 (32.45%) | loss: 2.632774 | lrm: 1.00 | dt: 8303.08ms | tok/sec: 126,287 | bf16_mfu: 5.06 | epoch: 1 pq: 42 rg: 22 | total time: 249.10m | eta: 521.4m
step 01808/05568 (32.47%) | loss: 2.632500 | lrm: 1.00 | dt: 8303.12ms | tok/sec: 126,287 | bf16_mfu: 5.06 | epoch: 1 pq: 42 rg: 24 | total time: 249.24m | eta: 521.2m
step 01809/05568 (32.49%) | loss: 2.639308 | lrm: 1.00 | dt: 8297.34ms | tok/sec: 126,374 | bf16_mfu: 5.06 | epoch: 1 pq: 42 rg: 26 | total time: 249.38m | eta: 521.1m
step 01810/05568 (32.51%) | loss: 2.638251 | lrm: 1.00 | dt: 8304.82ms | tok/sec: 126,261 | bf16_mfu: 5.06 | epoch: 1 pq: 42 rg: 28 | total time: 249.52m | eta: 520.9m
step 01811/05568 (32.53%) | loss: 2.621699 | lrm: 1.00 | dt: 8296.67ms | tok/sec: 126,385 | bf16_mfu: 5.07 | epoch: 1 pq: 42 rg: 30 | total time: 249.66m | eta: 520.8m
step 01812/05568 (32.54%) | loss: 2.624035 | lrm: 1.00 | dt: 8317.72ms | tok/sec: 126,065 | bf16_mfu: 5.05 | epoch: 1 pq: 42 rg: 32 | total time: 249.80m | eta: 520.7m
step 01813/05568 (32.56%) | loss: 2.635217 | lrm: 1.00 | dt: 8301.00ms | tok/sec: 126,319 | bf16_mfu: 5.06 | epoch: 1 pq: 42 rg: 34 | total time: 249.93m | eta: 520.5m
step 01814/05568 (32.58%) | loss: 2.638081 | lrm: 1.00 | dt: 8298.68ms | tok/sec: 126,354 | bf16_mfu: 5.06 | epoch: 1 pq: 42 rg: 36 | total time: 250.07m | eta: 520.4m
step 01815/05568 (32.60%) | loss: 2.631268 | lrm: 1.00 | dt: 8297.89ms | tok/sec: 126,366 | bf16_mfu: 5.06 | epoch: 1 pq: 42 rg: 38 | total time: 250.21m | eta: 520.2m
step 01816/05568 (32.61%) | loss: 2.633301 | lrm: 1.00 | dt: 8302.53ms | tok/sec: 126,295 | bf16_mfu: 5.06 | epoch: 1 pq: 42 rg: 40 | total time: 250.35m | eta: 520.1m
step 01817/05568 (32.63%) | loss: 2.625684 | lrm: 1.00 | dt: 8314.09ms | tok/sec: 126,120 | bf16_mfu: 5.05 | epoch: 1 pq: 42 rg: 42 | total time: 250.49m | eta: 520.0m
step 01818/05568 (32.65%) | loss: 2.628455 | lrm: 1.00 | dt: 8324.73ms | tok/sec: 125,959 | bf16_mfu: 5.05 | epoch: 1 pq: 42 rg: 43 | total time: 250.63m | eta: 519.8m
step 01819/05568 (32.67%) | loss: 2.633989 | lrm: 1.00 | dt: 8297.55ms | tok/sec: 126,371 | bf16_mfu: 5.06 | epoch: 1 pq: 42 rg: 45 | total time: 250.77m | eta: 519.7m
step 01820/05568 (32.69%) | loss: 2.657977 | lrm: 1.00 | dt: 8387.99ms | tok/sec: 125,009 | bf16_mfu: 5.01 | epoch: 1 pq: 42 rg: 47 | total time: 250.91m | eta: 519.6m
step 01821/05568 (32.70%) | loss: 2.674611 | lrm: 1.00 | dt: 8293.37ms | tok/sec: 126,435 | bf16_mfu: 5.07 | epoch: 1 pq: 42 rg: 49 | total time: 251.04m | eta: 519.4m
step 01822/05568 (32.72%) | loss: 2.668493 | lrm: 1.00 | dt: 8306.53ms | tok/sec: 126,235 | bf16_mfu: 5.06 | epoch: 1 pq: 42 rg: 51 | total time: 251.18m | eta: 519.3m
step 01823/05568 (32.74%) | loss: 2.666057 | lrm: 1.00 | dt: 8298.80ms | tok/sec: 126,352 | bf16_mfu: 5.06 | epoch: 1 pq: 42 rg: 53 | total time: 251.32m | eta: 519.1m
step 01824/05568 (32.76%) | loss: 2.670653 | lrm: 1.00 | dt: 8309.65ms | tok/sec: 126,187 | bf16_mfu: 5.06 | epoch: 1 pq: 42 rg: 55 | total time: 251.46m | eta: 519.0m
step 01825/05568 (32.78%) | loss: 2.679156 | lrm: 1.00 | dt: 8304.38ms | tok/sec: 126,267 | bf16_mfu: 5.06 | epoch: 1 pq: 42 rg: 57 | total time: 251.60m | eta: 518.9m
step 01826/05568 (32.79%) | loss: 2.682686 | lrm: 1.00 | dt: 8300.44ms | tok/sec: 126,327 | bf16_mfu: 5.06 | epoch: 1 pq: 42 rg: 59 | total time: 251.74m | eta: 518.7m
step 01827/05568 (32.81%) | loss: 2.683682 | lrm: 1.00 | dt: 8294.17ms | tok/sec: 126,423 | bf16_mfu: 5.07 | epoch: 1 pq: 42 rg: 61 | total time: 251.87m | eta: 518.6m
step 01828/05568 (32.83%) | loss: 2.683061 | lrm: 1.00 | dt: 8305.77ms | tok/sec: 126,246 | bf16_mfu: 5.06 | epoch: 1 pq: 42 rg: 63 | total time: 252.01m | eta: 518.4m
step 01829/05568 (32.85%) | loss: 2.679623 | lrm: 1.00 | dt: 8312.70ms | tok/sec: 126,141 | bf16_mfu: 5.06 | epoch: 1 pq: 42 rg: 65 | total time: 252.15m | eta: 518.3m
step 01830/05568 (32.87%) | loss: 2.678605 | lrm: 1.00 | dt: 8373.32ms | tok/sec: 125,228 | bf16_mfu: 5.02 | epoch: 1 pq: 42 rg: 67 | total time: 252.29m | eta: 518.2m
step 01831/05568 (32.88%) | loss: 2.684688 | lrm: 1.00 | dt: 8296.58ms | tok/sec: 126,386 | bf16_mfu: 5.07 | epoch: 1 pq: 42 rg: 69 | total time: 252.43m | eta: 518.0m
step 01832/05568 (32.90%) | loss: 2.684938 | lrm: 1.00 | dt: 8304.03ms | tok/sec: 126,273 | bf16_mfu: 5.06 | epoch: 1 pq: 42 rg: 71 | total time: 252.57m | eta: 517.9m
step 01833/05568 (32.92%) | loss: 2.660236 | lrm: 1.00 | dt: 8309.02ms | tok/sec: 126,197 | bf16_mfu: 5.06 | epoch: 1 pq: 42 rg: 73 | total time: 252.71m | eta: 517.7m
step 01834/05568 (32.94%) | loss: 2.660708 | lrm: 1.00 | dt: 8307.59ms | tok/sec: 126,219 | bf16_mfu: 5.06 | epoch: 1 pq: 42 rg: 74 | total time: 252.84m | eta: 517.6m
step 01835/05568 (32.96%) | loss: 2.658352 | lrm: 1.00 | dt: 8310.44ms | tok/sec: 126,175 | bf16_mfu: 5.06 | epoch: 1 pq: 42 rg: 76 | total time: 252.98m | eta: 517.5m
step 01836/05568 (32.97%) | loss: 2.671379 | lrm: 1.00 | dt: 8304.03ms | tok/sec: 126,273 | bf16_mfu: 5.06 | epoch: 1 pq: 42 rg: 78 | total time: 253.12m | eta: 517.3m
step 01837/05568 (32.99%) | loss: 2.675593 | lrm: 1.00 | dt: 8303.93ms | tok/sec: 126,274 | bf16_mfu: 5.06 | epoch: 1 pq: 42 rg: 80 | total time: 253.26m | eta: 517.2m
step 01838/05568 (33.01%) | loss: 2.658203 | lrm: 1.00 | dt: 8302.91ms | tok/sec: 126,290 | bf16_mfu: 5.06 | epoch: 1 pq: 43 rg: 0 | total time: 253.40m | eta: 517.1m
step 01839/05568 (33.03%) | loss: 2.669709 | lrm: 1.00 | dt: 8296.91ms | tok/sec: 126,381 | bf16_mfu: 5.07 | epoch: 1 pq: 43 rg: 2 | total time: 253.54m | eta: 516.9m
step 01840/05568 (33.05%) | loss: 2.666922 | lrm: 1.00 | dt: 8308.30ms | tok/sec: 126,208 | bf16_mfu: 5.06 | epoch: 1 pq: 43 rg: 4 | total time: 253.67m | eta: 516.8m
step 01841/05568 (33.06%) | loss: 2.669612 | lrm: 1.00 | dt: 8310.31ms | tok/sec: 126,177 | bf16_mfu: 5.06 | epoch: 1 pq: 43 rg: 6 | total time: 253.81m | eta: 516.6m
step 01842/05568 (33.08%) | loss: 2.669735 | lrm: 1.00 | dt: 8297.71ms | tok/sec: 126,369 | bf16_mfu: 5.06 | epoch: 1 pq: 43 rg: 8 | total time: 253.95m | eta: 516.5m
step 01843/05568 (33.10%) | loss: 2.677609 | lrm: 1.00 | dt: 8299.68ms | tok/sec: 126,339 | bf16_mfu: 5.06 | epoch: 1 pq: 43 rg: 10 | total time: 254.09m | eta: 516.4m
step 01844/05568 (33.12%) | loss: 2.665640 | lrm: 1.00 | dt: 8299.58ms | tok/sec: 126,340 | bf16_mfu: 5.06 | epoch: 1 pq: 43 rg: 12 | total time: 254.23m | eta: 516.2m
step 01845/05568 (33.14%) | loss: 2.668007 | lrm: 1.00 | dt: 8303.10ms | tok/sec: 126,287 | bf16_mfu: 5.06 | epoch: 1 pq: 43 rg: 14 | total time: 254.37m | eta: 516.1m
step 01846/05568 (33.15%) | loss: 2.674330 | lrm: 1.00 | dt: 8301.46ms | tok/sec: 126,312 | bf16_mfu: 5.06 | epoch: 1 pq: 43 rg: 16 | total time: 254.50m | eta: 515.9m
step 01847/05568 (33.17%) | loss: 2.673377 | lrm: 1.00 | dt: 8296.49ms | tok/sec: 126,387 | bf16_mfu: 5.07 | epoch: 1 pq: 43 rg: 18 | total time: 254.64m | eta: 515.8m
step 01848/05568 (33.19%) | loss: 2.674747 | lrm: 1.00 | dt: 8294.89ms | tok/sec: 126,412 | bf16_mfu: 5.07 | epoch: 1 pq: 43 rg: 20 | total time: 254.78m | eta: 515.7m
step 01849/05568 (33.21%) | loss: 2.685206 | lrm: 1.00 | dt: 8305.42ms | tok/sec: 126,251 | bf16_mfu: 5.06 | epoch: 1 pq: 43 rg: 21 | total time: 254.92m | eta: 515.5m
step 01850/05568 (33.23%) | loss: 2.664534 | lrm: 1.00 | dt: 8310.28ms | tok/sec: 126,178 | bf16_mfu: 5.06 | epoch: 1 pq: 43 rg: 23 | total time: 255.06m | eta: 515.4m
step 01851/05568 (33.24%) | loss: 2.665834 | lrm: 1.00 | dt: 8303.82ms | tok/sec: 126,276 | bf16_mfu: 5.06 | epoch: 1 pq: 43 rg: 25 | total time: 255.20m | eta: 515.2m
step 01852/05568 (33.26%) | loss: 2.664140 | lrm: 1.00 | dt: 8305.78ms | tok/sec: 126,246 | bf16_mfu: 5.06 | epoch: 1 pq: 43 rg: 27 | total time: 255.33m | eta: 515.1m
step 01853/05568 (33.28%) | loss: 2.666171 | lrm: 1.00 | dt: 8306.21ms | tok/sec: 126,239 | bf16_mfu: 5.06 | epoch: 1 pq: 43 rg: 29 | total time: 255.47m | eta: 515.0m
step 01854/05568 (33.30%) | loss: 2.667511 | lrm: 1.00 | dt: 8297.18ms | tok/sec: 126,377 | bf16_mfu: 5.06 | epoch: 1 pq: 43 rg: 31 | total time: 255.61m | eta: 514.8m
step 01855/05568 (33.32%) | loss: 2.658533 | lrm: 1.00 | dt: 8300.88ms | tok/sec: 126,321 | bf16_mfu: 5.06 | epoch: 1 pq: 43 rg: 33 | total time: 255.75m | eta: 514.7m
step 01856/05568 (33.33%) | loss: 2.646312 | lrm: 1.00 | dt: 8302.60ms | tok/sec: 126,294 | bf16_mfu: 5.06 | epoch: 1 pq: 43 rg: 35 | total time: 255.89m | eta: 514.5m
step 01857/05568 (33.35%) | loss: 2.652844 | lrm: 1.00 | dt: 8304.73ms | tok/sec: 126,262 | bf16_mfu: 5.06 | epoch: 1 pq: 43 rg: 37 | total time: 256.03m | eta: 514.4m
step 01858/05568 (33.37%) | loss: 2.640941 | lrm: 1.00 | dt: 8302.98ms | tok/sec: 126,289 | bf16_mfu: 5.06 | epoch: 1 pq: 43 rg: 39 | total time: 256.16m | eta: 514.3m
step 01859/05568 (33.39%) | loss: 2.654076 | lrm: 1.00 | dt: 8299.41ms | tok/sec: 126,343 | bf16_mfu: 5.06 | epoch: 1 pq: 43 rg: 41 | total time: 256.30m | eta: 514.1m
step 01860/05568 (33.41%) | loss: 2.654222 | lrm: 1.00 | dt: 8320.18ms | tok/sec: 126,028 | bf16_mfu: 5.05 | epoch: 1 pq: 43 rg: 43 | total time: 256.44m | eta: 514.0m
step 01861/05568 (33.42%) | loss: 2.651025 | lrm: 1.00 | dt: 8300.59ms | tok/sec: 126,325 | bf16_mfu: 5.06 | epoch: 1 pq: 43 rg: 45 | total time: 256.58m | eta: 513.9m
step 01862/05568 (33.44%) | loss: 2.652303 | lrm: 1.00 | dt: 8383.06ms | tok/sec: 125,082 | bf16_mfu: 5.01 | epoch: 1 pq: 43 rg: 47 | total time: 256.72m | eta: 513.7m
step 01863/05568 (33.46%) | loss: 2.658745 | lrm: 1.00 | dt: 8304.20ms | tok/sec: 126,270 | bf16_mfu: 5.06 | epoch: 1 pq: 43 rg: 48 | total time: 256.86m | eta: 513.6m
step 01864/05568 (33.48%) | loss: 2.676401 | lrm: 1.00 | dt: 8295.45ms | tok/sec: 126,403 | bf16_mfu: 5.07 | epoch: 1 pq: 43 rg: 50 | total time: 257.00m | eta: 513.4m
step 01865/05568 (33.49%) | loss: 2.678477 | lrm: 1.00 | dt: 8309.77ms | tok/sec: 126,185 | bf16_mfu: 5.06 | epoch: 1 pq: 43 rg: 52 | total time: 257.14m | eta: 513.3m
step 01866/05568 (33.51%) | loss: 2.684228 | lrm: 1.00 | dt: 8294.03ms | tok/sec: 126,425 | bf16_mfu: 5.07 | epoch: 1 pq: 43 rg: 54 | total time: 257.27m | eta: 513.2m
step 01867/05568 (33.53%) | loss: 2.692003 | lrm: 1.00 | dt: 8304.27ms | tok/sec: 126,269 | bf16_mfu: 5.06 | epoch: 1 pq: 43 rg: 56 | total time: 257.41m | eta: 513.0m
step 01868/05568 (33.55%) | loss: 2.708554 | lrm: 1.00 | dt: 8293.88ms | tok/sec: 126,427 | bf16_mfu: 5.07 | epoch: 1 pq: 43 rg: 58 | total time: 257.55m | eta: 512.9m
step 01869/05568 (33.57%) | loss: 2.688083 | lrm: 1.00 | dt: 8298.58ms | tok/sec: 126,356 | bf16_mfu: 5.06 | epoch: 1 pq: 43 rg: 60 | total time: 257.69m | eta: 512.7m
step 01870/05568 (33.58%) | loss: 2.698377 | lrm: 1.00 | dt: 8361.00ms | tok/sec: 125,412 | bf16_mfu: 5.03 | epoch: 1 pq: 43 rg: 62 | total time: 257.83m | eta: 512.6m
step 01871/05568 (33.60%) | loss: 2.712423 | lrm: 1.00 | dt: 8306.53ms | tok/sec: 126,235 | bf16_mfu: 5.06 | epoch: 1 pq: 43 rg: 64 | total time: 257.97m | eta: 512.5m
step 01872/05568 (33.62%) | loss: 2.696254 | lrm: 1.00 | dt: 8305.93ms | tok/sec: 126,244 | bf16_mfu: 5.06 | epoch: 1 pq: 43 rg: 66 | total time: 258.10m | eta: 512.3m
step 01873/05568 (33.64%) | loss: 2.693348 | lrm: 1.00 | dt: 8311.72ms | tok/sec: 126,156 | bf16_mfu: 5.06 | epoch: 1 pq: 43 rg: 68 | total time: 258.24m | eta: 512.2m
step 01874/05568 (33.66%) | loss: 2.693460 | lrm: 1.00 | dt: 8296.41ms | tok/sec: 126,389 | bf16_mfu: 5.07 | epoch: 1 pq: 43 rg: 70 | total time: 258.38m | eta: 512.0m
step 01875/05568 (33.67%) | loss: 2.688663 | lrm: 1.00 | dt: 8301.68ms | tok/sec: 126,308 | bf16_mfu: 5.06 | epoch: 1 pq: 43 rg: 72 | total time: 258.52m | eta: 511.9m
step 01876/05568 (33.69%) | loss: 2.702893 | lrm: 1.00 | dt: 8305.21ms | tok/sec: 126,255 | bf16_mfu: 5.06 | epoch: 1 pq: 43 rg: 73 | total time: 258.66m | eta: 511.8m
step 01877/05568 (33.71%) | loss: 2.695085 | lrm: 1.00 | dt: 8298.43ms | tok/sec: 126,358 | bf16_mfu: 5.06 | epoch: 1 pq: 43 rg: 75 | total time: 258.80m | eta: 511.6m
step 01878/05568 (33.73%) | loss: 2.692234 | lrm: 1.00 | dt: 8302.77ms | tok/sec: 126,292 | bf16_mfu: 5.06 | epoch: 1 pq: 43 rg: 77 | total time: 258.93m | eta: 511.5m
step 01879/05568 (33.75%) | loss: 2.694389 | lrm: 1.00 | dt: 8298.16ms | tok/sec: 126,362 | bf16_mfu: 5.06 | epoch: 1 pq: 43 rg: 79 | total time: 259.07m | eta: 511.4m
step 01880/05568 (33.76%) | loss: 2.706383 | lrm: 1.00 | dt: 8299.62ms | tok/sec: 126,340 | bf16_mfu: 5.06 | epoch: 1 pq: 43 rg: 81 | total time: 259.21m | eta: 511.2m
step 01881/05568 (33.78%) | loss: 2.700441 | lrm: 1.00 | dt: 8303.22ms | tok/sec: 126,285 | bf16_mfu: 5.06 | epoch: 1 pq: 44 rg: 1 | total time: 259.35m | eta: 511.1m
step 01882/05568 (33.80%) | loss: 2.705310 | lrm: 1.00 | dt: 8305.71ms | tok/sec: 126,247 | bf16_mfu: 5.06 | epoch: 1 pq: 44 rg: 3 | total time: 259.49m | eta: 510.9m
step 01883/05568 (33.82%) | loss: 2.685238 | lrm: 1.00 | dt: 8301.24ms | tok/sec: 126,315 | bf16_mfu: 5.06 | epoch: 1 pq: 44 rg: 5 | total time: 259.63m | eta: 510.8m
step 01884/05568 (33.84%) | loss: 2.669664 | lrm: 1.00 | dt: 8301.53ms | tok/sec: 126,311 | bf16_mfu: 5.06 | epoch: 1 pq: 44 rg: 7 | total time: 259.76m | eta: 510.7m
step 01885/05568 (33.85%) | loss: 2.665778 | lrm: 1.00 | dt: 8300.75ms | tok/sec: 126,322 | bf16_mfu: 5.06 | epoch: 1 pq: 44 rg: 9 | total time: 259.90m | eta: 510.5m
step 01886/05568 (33.87%) | loss: 2.669442 | lrm: 1.00 | dt: 8293.80ms | tok/sec: 126,428 | bf16_mfu: 5.07 | epoch: 1 pq: 44 rg: 11 | total time: 260.04m | eta: 510.4m
step 01887/05568 (33.89%) | loss: 2.677171 | lrm: 1.00 | dt: 8310.55ms | tok/sec: 126,174 | bf16_mfu: 5.06 | epoch: 1 pq: 44 rg: 13 | total time: 260.18m | eta: 510.2m
step 01888/05568 (33.91%) | loss: 2.670702 | lrm: 1.00 | dt: 8306.14ms | tok/sec: 126,241 | bf16_mfu: 5.06 | epoch: 1 pq: 44 rg: 15 | total time: 260.32m | eta: 510.1m
step 01889/05568 (33.93%) | loss: 2.679130 | lrm: 1.00 | dt: 8303.50ms | tok/sec: 126,281 | bf16_mfu: 5.06 | epoch: 1 pq: 44 rg: 17 | total time: 260.46m | eta: 510.0m
step 01890/05568 (33.94%) | loss: 2.676258 | lrm: 1.00 | dt: 8312.11ms | tok/sec: 126,150 | bf16_mfu: 5.06 | epoch: 1 pq: 44 rg: 19 | total time: 260.60m | eta: 509.8m
step 01891/05568 (33.96%) | loss: 2.670553 | lrm: 1.00 | dt: 8305.52ms | tok/sec: 126,250 | bf16_mfu: 5.06 | epoch: 1 pq: 44 rg: 21 | total time: 260.73m | eta: 509.7m
step 01892/05568 (33.98%) | loss: 2.673139 | lrm: 1.00 | dt: 8299.56ms | tok/sec: 126,341 | bf16_mfu: 5.06 | epoch: 1 pq: 44 rg: 23 | total time: 260.87m | eta: 509.5m
step 01893/05568 (34.00%) | loss: 2.680087 | lrm: 1.00 | dt: 8305.94ms | tok/sec: 126,244 | bf16_mfu: 5.06 | epoch: 1 pq: 44 rg: 24 | total time: 261.01m | eta: 509.4m
step 01894/05568 (34.02%) | loss: 2.670001 | lrm: 1.00 | dt: 8302.75ms | tok/sec: 126,292 | bf16_mfu: 5.06 | epoch: 1 pq: 44 rg: 26 | total time: 261.15m | eta: 509.3m
step 01895/05568 (34.03%) | loss: 2.677588 | lrm: 1.00 | dt: 8304.40ms | tok/sec: 126,267 | bf16_mfu: 5.06 | epoch: 1 pq: 44 rg: 28 | total time: 261.29m | eta: 509.1m
step 01896/05568 (34.05%) | loss: 2.673905 | lrm: 1.00 | dt: 8301.19ms | tok/sec: 126,316 | bf16_mfu: 5.06 | epoch: 1 pq: 44 rg: 30 | total time: 261.43m | eta: 509.0m
step 01897/05568 (34.07%) | loss: 2.659850 | lrm: 1.00 | dt: 8309.53ms | tok/sec: 126,189 | bf16_mfu: 5.06 | epoch: 1 pq: 44 rg: 32 | total time: 261.56m | eta: 508.9m
step 01898/05568 (34.09%) | loss: 2.665181 | lrm: 1.00 | dt: 8306.35ms | tok/sec: 126,237 | bf16_mfu: 5.06 | epoch: 1 pq: 44 rg: 34 | total time: 261.70m | eta: 508.7m
step 01899/05568 (34.11%) | loss: 2.666013 | lrm: 1.00 | dt: 8293.36ms | tok/sec: 126,435 | bf16_mfu: 5.07 | epoch: 1 pq: 44 rg: 36 | total time: 261.84m | eta: 508.6m
step 01900/05568 (34.12%) | loss: 2.659186 | lrm: 1.00 | dt: 8310.98ms | tok/sec: 126,167 | bf16_mfu: 5.06 | epoch: 1 pq: 44 rg: 38 | total time: 261.98m | eta: 508.4m
step 01901/05568 (34.14%) | loss: 2.656188 | lrm: 1.00 | dt: 8299.95ms | tok/sec: 126,335 | bf16_mfu: 5.06 | epoch: 1 pq: 44 rg: 40 | total time: 262.12m | eta: 508.3m
step 01902/05568 (34.16%) | loss: 2.644204 | lrm: 1.00 | dt: 8314.65ms | tok/sec: 126,111 | bf16_mfu: 5.05 | epoch: 1 pq: 44 rg: 42 | total time: 262.26m | eta: 508.2m
step 01903/05568 (34.18%) | loss: 2.637346 | lrm: 1.00 | dt: 8308.14ms | tok/sec: 126,210 | bf16_mfu: 5.06 | epoch: 1 pq: 44 rg: 44 | total time: 262.39m | eta: 508.0m
step 01904/05568 (34.20%) | loss: 2.639733 | lrm: 1.00 | dt: 8298.33ms | tok/sec: 126,359 | bf16_mfu: 5.06 | epoch: 1 pq: 44 rg: 46 | total time: 262.53m | eta: 507.9m
step 01905/05568 (34.21%) | loss: 2.619650 | lrm: 1.00 | dt: 8311.04ms | tok/sec: 126,166 | bf16_mfu: 5.06 | epoch: 1 pq: 44 rg: 48 | total time: 262.67m | eta: 507.7m
step 01906/05568 (34.23%) | loss: 2.622206 | lrm: 1.00 | dt: 8296.34ms | tok/sec: 126,390 | bf16_mfu: 5.07 | epoch: 1 pq: 44 rg: 50 | total time: 262.81m | eta: 507.6m
step 01907/05568 (34.25%) | loss: 2.624429 | lrm: 1.00 | dt: 8293.39ms | tok/sec: 126,435 | bf16_mfu: 5.07 | epoch: 1 pq: 44 rg: 52 | total time: 262.95m | eta: 507.5m
step 01908/05568 (34.27%) | loss: 2.618797 | lrm: 1.00 | dt: 8307.39ms | tok/sec: 126,222 | bf16_mfu: 5.06 | epoch: 1 pq: 44 rg: 54 | total time: 263.09m | eta: 507.3m
step 01909/05568 (34.29%) | loss: 2.636713 | lrm: 1.00 | dt: 8300.88ms | tok/sec: 126,321 | bf16_mfu: 5.06 | epoch: 1 pq: 44 rg: 55 | total time: 263.22m | eta: 507.2m
step 01910/05568 (34.30%) | loss: 2.642710 | lrm: 1.00 | dt: 8307.07ms | tok/sec: 126,226 | bf16_mfu: 5.06 | epoch: 1 pq: 44 rg: 57 | total time: 263.36m | eta: 507.0m
step 01911/05568 (34.32%) | loss: 2.641582 | lrm: 1.00 | dt: 8293.00ms | tok/sec: 126,441 | bf16_mfu: 5.07 | epoch: 1 pq: 44 rg: 59 | total time: 263.50m | eta: 506.9m
step 01912/05568 (34.34%) | loss: 2.646689 | lrm: 1.00 | dt: 8349.93ms | tok/sec: 125,578 | bf16_mfu: 5.03 | epoch: 1 pq: 44 rg: 61 | total time: 263.64m | eta: 506.8m
step 01913/05568 (34.36%) | loss: 2.641297 | lrm: 1.00 | dt: 8324.26ms | tok/sec: 125,966 | bf16_mfu: 5.05 | epoch: 1 pq: 44 rg: 63 | total time: 263.78m | eta: 506.6m
step 01914/05568 (34.38%) | loss: 2.653712 | lrm: 1.00 | dt: 8300.60ms | tok/sec: 126,325 | bf16_mfu: 5.06 | epoch: 1 pq: 44 rg: 65 | total time: 263.92m | eta: 506.5m
step 01915/05568 (34.39%) | loss: 2.657418 | lrm: 1.00 | dt: 8297.05ms | tok/sec: 126,379 | bf16_mfu: 5.07 | epoch: 1 pq: 44 rg: 67 | total time: 264.06m | eta: 506.3m
step 01916/05568 (34.41%) | loss: 2.653440 | lrm: 1.00 | dt: 8313.57ms | tok/sec: 126,128 | bf16_mfu: 5.05 | epoch: 1 pq: 44 rg: 69 | total time: 264.19m | eta: 506.2m
step 01917/05568 (34.43%) | loss: 2.660549 | lrm: 1.00 | dt: 8305.71ms | tok/sec: 126,247 | bf16_mfu: 5.06 | epoch: 1 pq: 44 rg: 71 | total time: 264.33m | eta: 506.1m
step 01918/05568 (34.45%) | loss: 2.672277 | lrm: 1.00 | dt: 8297.27ms | tok/sec: 126,376 | bf16_mfu: 5.06 | epoch: 1 pq: 44 rg: 73 | total time: 264.47m | eta: 505.9m
step 01919/05568 (34.46%) | loss: 2.680980 | lrm: 1.00 | dt: 8299.61ms | tok/sec: 126,340 | bf16_mfu: 5.06 | epoch: 1 pq: 44 rg: 75 | total time: 264.61m | eta: 505.8m
step 01920/05568 (34.48%) | loss: 2.682118 | lrm: 1.00 | dt: 8296.71ms | tok/sec: 126,384 | bf16_mfu: 5.07 | epoch: 1 pq: 44 rg: 77 | total time: 264.75m | eta: 505.7m
step 01921/05568 (34.50%) | loss: 2.693599 | lrm: 1.00 | dt: 8300.90ms | tok/sec: 126,320 | bf16_mfu: 5.06 | epoch: 1 pq: 44 rg: 79 | total time: 264.89m | eta: 505.5m
step 01922/05568 (34.52%) | loss: 2.693092 | lrm: 1.00 | dt: 8302.54ms | tok/sec: 126,295 | bf16_mfu: 5.06 | epoch: 1 pq: 44 rg: 81 | total time: 265.02m | eta: 505.4m
step 01923/05568 (34.54%) | loss: 2.677316 | lrm: 1.00 | dt: 8303.29ms | tok/sec: 126,284 | bf16_mfu: 5.06 | epoch: 1 pq: 45 rg: 0 | total time: 265.16m | eta: 505.2m
step 01924/05568 (34.55%) | loss: 2.681758 | lrm: 1.00 | dt: 8386.40ms | tok/sec: 125,032 | bf16_mfu: 5.01 | epoch: 1 pq: 45 rg: 2 | total time: 265.30m | eta: 505.1m
step 01925/05568 (34.57%) | loss: 2.691389 | lrm: 1.00 | dt: 8302.94ms | tok/sec: 126,289 | bf16_mfu: 5.06 | epoch: 1 pq: 45 rg: 3 | total time: 265.44m | eta: 505.0m
step 01926/05568 (34.59%) | loss: 2.676471 | lrm: 1.00 | dt: 8300.14ms | tok/sec: 126,332 | bf16_mfu: 5.06 | epoch: 1 pq: 45 rg: 5 | total time: 265.58m | eta: 504.8m
step 01927/05568 (34.61%) | loss: 2.662479 | lrm: 1.00 | dt: 8304.99ms | tok/sec: 126,258 | bf16_mfu: 5.06 | epoch: 1 pq: 45 rg: 7 | total time: 265.72m | eta: 504.7m
step 01928/05568 (34.63%) | loss: 2.659957 | lrm: 1.00 | dt: 8300.27ms | tok/sec: 126,330 | bf16_mfu: 5.06 | epoch: 1 pq: 45 rg: 9 | total time: 265.86m | eta: 504.5m
step 01929/05568 (34.64%) | loss: 2.656334 | lrm: 1.00 | dt: 8301.35ms | tok/sec: 126,313 | bf16_mfu: 5.06 | epoch: 1 pq: 45 rg: 11 | total time: 265.99m | eta: 504.4m
step 01930/05568 (34.66%) | loss: 2.653326 | lrm: 1.00 | dt: 8313.09ms | tok/sec: 126,135 | bf16_mfu: 5.06 | epoch: 1 pq: 45 rg: 13 | total time: 266.13m | eta: 504.3m
step 01931/05568 (34.68%) | loss: 2.659706 | lrm: 1.00 | dt: 8312.84ms | tok/sec: 126,139 | bf16_mfu: 5.06 | epoch: 1 pq: 45 rg: 15 | total time: 266.27m | eta: 504.1m
step 01932/05568 (34.70%) | loss: 2.653470 | lrm: 1.00 | dt: 8301.15ms | tok/sec: 126,316 | bf16_mfu: 5.06 | epoch: 1 pq: 45 rg: 17 | total time: 266.41m | eta: 504.0m
step 01933/05568 (34.72%) | loss: 2.650438 | lrm: 1.00 | dt: 8306.07ms | tok/sec: 126,242 | bf16_mfu: 5.06 | epoch: 1 pq: 45 rg: 19 | total time: 266.55m | eta: 503.9m
step 01934/05568 (34.73%) | loss: 2.653273 | lrm: 1.00 | dt: 8308.78ms | tok/sec: 126,201 | bf16_mfu: 5.06 | epoch: 1 pq: 45 rg: 21 | total time: 266.69m | eta: 503.7m
step 01935/05568 (34.75%) | loss: 2.642347 | lrm: 1.00 | dt: 8311.60ms | tok/sec: 126,158 | bf16_mfu: 5.06 | epoch: 1 pq: 45 rg: 23 | total time: 266.83m | eta: 503.6m
step 01936/05568 (34.77%) | loss: 2.645811 | lrm: 1.00 | dt: 8309.04ms | tok/sec: 126,197 | bf16_mfu: 5.06 | epoch: 1 pq: 45 rg: 25 | total time: 266.96m | eta: 503.4m
step 01937/05568 (34.79%) | loss: 2.648299 | lrm: 1.00 | dt: 8312.32ms | tok/sec: 126,147 | bf16_mfu: 5.06 | epoch: 1 pq: 45 rg: 27 | total time: 267.10m | eta: 503.3m
step 01938/05568 (34.81%) | loss: 2.646294 | lrm: 1.00 | dt: 8304.86ms | tok/sec: 126,260 | bf16_mfu: 5.06 | epoch: 1 pq: 45 rg: 29 | total time: 267.24m | eta: 503.2m
step 01939/05568 (34.82%) | loss: 2.654556 | lrm: 1.00 | dt: 8302.08ms | tok/sec: 126,302 | bf16_mfu: 5.06 | epoch: 1 pq: 45 rg: 31 | total time: 267.38m | eta: 503.0m
step 01940/05568 (34.84%) | loss: 2.667752 | lrm: 1.00 | dt: 8296.85ms | tok/sec: 126,382 | bf16_mfu: 5.07 | epoch: 1 pq: 45 rg: 32 | total time: 267.52m | eta: 502.9m
step 01941/05568 (34.86%) | loss: 2.664608 | lrm: 1.00 | dt: 8305.01ms | tok/sec: 126,258 | bf16_mfu: 5.06 | epoch: 1 pq: 45 rg: 34 | total time: 267.66m | eta: 502.7m
step 01942/05568 (34.88%) | loss: 2.658405 | lrm: 1.00 | dt: 8315.79ms | tok/sec: 126,094 | bf16_mfu: 5.05 | epoch: 1 pq: 45 rg: 36 | total time: 267.79m | eta: 502.6m
step 01943/05568 (34.90%) | loss: 2.653241 | lrm: 1.00 | dt: 8309.72ms | tok/sec: 126,186 | bf16_mfu: 5.06 | epoch: 1 pq: 45 rg: 38 | total time: 267.93m | eta: 502.5m
step 01944/05568 (34.91%) | loss: 2.657756 | lrm: 1.00 | dt: 8306.47ms | tok/sec: 126,236 | bf16_mfu: 5.06 | epoch: 1 pq: 45 rg: 40 | total time: 268.07m | eta: 502.3m
step 01945/05568 (34.93%) | loss: 2.644539 | lrm: 1.00 | dt: 8298.86ms | tok/sec: 126,351 | bf16_mfu: 5.06 | epoch: 1 pq: 45 rg: 42 | total time: 268.21m | eta: 502.2m
step 01946/05568 (34.95%) | loss: 2.632592 | lrm: 1.00 | dt: 8311.97ms | tok/sec: 126,152 | bf16_mfu: 5.06 | epoch: 1 pq: 45 rg: 44 | total time: 268.35m | eta: 502.0m
step 01947/05568 (34.97%) | loss: 2.630858 | lrm: 1.00 | dt: 8297.59ms | tok/sec: 126,371 | bf16_mfu: 5.06 | epoch: 1 pq: 45 rg: 46 | total time: 268.49m | eta: 501.9m
step 01948/05568 (34.99%) | loss: 2.631614 | lrm: 1.00 | dt: 8298.30ms | tok/sec: 126,360 | bf16_mfu: 5.06 | epoch: 1 pq: 45 rg: 48 | total time: 268.62m | eta: 501.8m
step 01949/05568 (35.00%) | loss: 2.635726 | lrm: 1.00 | dt: 8313.81ms | tok/sec: 126,124 | bf16_mfu: 5.05 | epoch: 1 pq: 45 rg: 50 | total time: 268.76m | eta: 501.6m
step 01950/05568 (35.02%) | loss: 2.648688 | lrm: 1.00 | dt: 8291.47ms | tok/sec: 126,464 | bf16_mfu: 5.07 | epoch: 1 pq: 45 rg: 52 | total time: 268.90m | eta: 501.5m
step 01951/05568 (35.04%) | loss: 2.657940 | lrm: 1.00 | dt: 8294.32ms | tok/sec: 126,421 | bf16_mfu: 5.07 | epoch: 1 pq: 45 rg: 54 | total time: 269.04m | eta: 501.3m
step 01952/05568 (35.06%) | loss: 2.639234 | lrm: 1.00 | dt: 8295.01ms | tok/sec: 126,410 | bf16_mfu: 5.07 | epoch: 1 pq: 45 rg: 56 | total time: 269.18m | eta: 501.2m
step 01953/05568 (35.08%) | loss: 2.651602 | lrm: 1.00 | dt: 8331.24ms | tok/sec: 125,860 | bf16_mfu: 5.04 | epoch: 1 pq: 45 rg: 58 | total time: 269.32m | eta: 501.1m
step 01954/05568 (35.09%) | loss: 2.639906 | lrm: 1.00 | dt: 8297.99ms | tok/sec: 126,365 | bf16_mfu: 5.06 | epoch: 1 pq: 45 rg: 59 | total time: 269.46m | eta: 500.9m
step 01955/05568 (35.11%) | loss: 2.648292 | lrm: 1.00 | dt: 8295.65ms | tok/sec: 126,400 | bf16_mfu: 5.07 | epoch: 1 pq: 45 rg: 61 | total time: 269.59m | eta: 500.8m
step 01956/05568 (35.13%) | loss: 2.649238 | lrm: 1.00 | dt: 8298.04ms | tok/sec: 126,364 | bf16_mfu: 5.06 | epoch: 1 pq: 45 rg: 63 | total time: 269.73m | eta: 500.7m
step 01957/05568 (35.15%) | loss: 2.651870 | lrm: 1.00 | dt: 8295.86ms | tok/sec: 126,397 | bf16_mfu: 5.07 | epoch: 1 pq: 45 rg: 65 | total time: 269.87m | eta: 500.5m
step 01958/05568 (35.17%) | loss: 2.636350 | lrm: 1.00 | dt: 8290.67ms | tok/sec: 126,476 | bf16_mfu: 5.07 | epoch: 1 pq: 45 rg: 67 | total time: 270.01m | eta: 500.4m
step 01959/05568 (35.18%) | loss: 2.635206 | lrm: 1.00 | dt: 8301.58ms | tok/sec: 126,310 | bf16_mfu: 5.06 | epoch: 1 pq: 45 rg: 69 | total time: 270.15m | eta: 500.2m
step 01960/05568 (35.20%) | loss: 2.644393 | lrm: 1.00 | dt: 8302.78ms | tok/sec: 126,292 | bf16_mfu: 5.06 | epoch: 1 pq: 45 rg: 71 | total time: 270.29m | eta: 500.1m
step 01961/05568 (35.22%) | loss: 2.676751 | lrm: 1.00 | dt: 8285.69ms | tok/sec: 126,552 | bf16_mfu: 5.07 | epoch: 1 pq: 45 rg: 73 | total time: 270.42m | eta: 500.0m
step 01962/05568 (35.24%) | loss: 2.655364 | lrm: 1.00 | dt: 8306.11ms | tok/sec: 126,241 | bf16_mfu: 5.06 | epoch: 1 pq: 45 rg: 75 | total time: 270.56m | eta: 499.8m
step 01963/05568 (35.26%) | loss: 2.647816 | lrm: 1.00 | dt: 8299.65ms | tok/sec: 126,339 | bf16_mfu: 5.06 | epoch: 1 pq: 45 rg: 77 | total time: 270.70m | eta: 499.7m
step 01964/05568 (35.27%) | loss: 2.649947 | lrm: 1.00 | dt: 8301.89ms | tok/sec: 126,305 | bf16_mfu: 5.06 | epoch: 1 pq: 45 rg: 79 | total time: 270.84m | eta: 499.5m
step 01965/05568 (35.29%) | loss: 2.643642 | lrm: 1.00 | dt: 8313.53ms | tok/sec: 126,128 | bf16_mfu: 5.06 | epoch: 1 pq: 46 rg: 0 | total time: 270.98m | eta: 499.4m
step 01966/05568 (35.31%) | loss: 2.657600 | lrm: 1.00 | dt: 8302.93ms | tok/sec: 126,289 | bf16_mfu: 5.06 | epoch: 1 pq: 46 rg: 2 | total time: 271.12m | eta: 499.3m
step 01967/05568 (35.33%) | loss: 2.657932 | lrm: 1.00 | dt: 8297.49ms | tok/sec: 126,372 | bf16_mfu: 5.06 | epoch: 1 pq: 46 rg: 3 | total time: 271.25m | eta: 499.1m
step 01968/05568 (35.34%) | loss: 2.657187 | lrm: 1.00 | dt: 8298.86ms | tok/sec: 126,351 | bf16_mfu: 5.06 | epoch: 1 pq: 46 rg: 5 | total time: 271.39m | eta: 499.0m
step 01969/05568 (35.36%) | loss: 2.661372 | lrm: 0.99 | dt: 8296.80ms | tok/sec: 126,383 | bf16_mfu: 5.07 | epoch: 1 pq: 46 rg: 7 | total time: 271.53m | eta: 498.8m
step 01970/05568 (35.38%) | loss: 2.670124 | lrm: 0.99 | dt: 8296.58ms | tok/sec: 126,386 | bf16_mfu: 5.07 | epoch: 1 pq: 46 rg: 9 | total time: 271.67m | eta: 498.7m
step 01971/05568 (35.40%) | loss: 2.679083 | lrm: 0.99 | dt: 8293.21ms | tok/sec: 126,437 | bf16_mfu: 5.07 | epoch: 1 pq: 46 rg: 11 | total time: 271.81m | eta: 498.6m
step 01972/05568 (35.42%) | loss: 2.674199 | lrm: 0.99 | dt: 8285.47ms | tok/sec: 126,555 | bf16_mfu: 5.07 | epoch: 1 pq: 46 rg: 13 | total time: 271.94m | eta: 498.4m
step 01973/05568 (35.43%) | loss: 2.687424 | lrm: 0.99 | dt: 8302.80ms | tok/sec: 126,291 | bf16_mfu: 5.06 | epoch: 1 pq: 46 rg: 15 | total time: 272.08m | eta: 498.3m
step 01974/05568 (35.45%) | loss: 2.705617 | lrm: 0.99 | dt: 8301.53ms | tok/sec: 126,311 | bf16_mfu: 5.06 | epoch: 1 pq: 46 rg: 17 | total time: 272.22m | eta: 498.1m
step 01975/05568 (35.47%) | loss: 2.686896 | lrm: 0.99 | dt: 8301.10ms | tok/sec: 126,317 | bf16_mfu: 5.06 | epoch: 1 pq: 46 rg: 19 | total time: 272.36m | eta: 498.0m
step 01976/05568 (35.49%) | loss: 2.689658 | lrm: 0.99 | dt: 8293.19ms | tok/sec: 126,438 | bf16_mfu: 5.07 | epoch: 1 pq: 46 rg: 21 | total time: 272.50m | eta: 497.9m
step 01977/05568 (35.51%) | loss: 2.671553 | lrm: 0.99 | dt: 8296.74ms | tok/sec: 126,384 | bf16_mfu: 5.07 | epoch: 1 pq: 46 rg: 23 | total time: 272.64m | eta: 497.7m
step 01978/05568 (35.52%) | loss: 2.661409 | lrm: 0.99 | dt: 8299.43ms | tok/sec: 126,343 | bf16_mfu: 5.06 | epoch: 1 pq: 46 rg: 25 | total time: 272.77m | eta: 497.6m
step 01979/05568 (35.54%) | loss: 2.655748 | lrm: 0.99 | dt: 8302.48ms | tok/sec: 126,296 | bf16_mfu: 5.06 | epoch: 1 pq: 46 rg: 27 | total time: 272.91m | eta: 497.5m
step 01980/05568 (35.56%) | loss: 2.667147 | lrm: 0.99 | dt: 8297.14ms | tok/sec: 126,378 | bf16_mfu: 5.06 | epoch: 1 pq: 46 rg: 29 | total time: 273.05m | eta: 497.3m
step 01981/05568 (35.58%) | loss: 2.663254 | lrm: 0.99 | dt: 8296.65ms | tok/sec: 126,385 | bf16_mfu: 5.07 | epoch: 1 pq: 46 rg: 31 | total time: 273.19m | eta: 497.2m
step 01982/05568 (35.60%) | loss: 2.673072 | lrm: 0.99 | dt: 8292.85ms | tok/sec: 126,443 | bf16_mfu: 5.07 | epoch: 1 pq: 46 rg: 33 | total time: 273.33m | eta: 497.0m
step 01983/05568 (35.61%) | loss: 2.681091 | lrm: 0.99 | dt: 8303.60ms | tok/sec: 126,279 | bf16_mfu: 5.06 | epoch: 1 pq: 46 rg: 34 | total time: 273.47m | eta: 496.9m
step 01984/05568 (35.63%) | loss: 2.671496 | lrm: 0.99 | dt: 8299.14ms | tok/sec: 126,347 | bf16_mfu: 5.06 | epoch: 1 pq: 46 rg: 36 | total time: 273.60m | eta: 496.8m
step 01985/05568 (35.65%) | loss: 2.688478 | lrm: 0.99 | dt: 8310.32ms | tok/sec: 126,177 | bf16_mfu: 5.06 | epoch: 1 pq: 46 rg: 38 | total time: 273.74m | eta: 496.6m
step 01986/05568 (35.67%) | loss: 2.688122 | lrm: 0.99 | dt: 8306.15ms | tok/sec: 126,240 | bf16_mfu: 5.06 | epoch: 1 pq: 46 rg: 40 | total time: 273.88m | eta: 496.5m
step 01987/05568 (35.69%) | loss: 2.687734 | lrm: 0.99 | dt: 8297.60ms | tok/sec: 126,371 | bf16_mfu: 5.06 | epoch: 1 pq: 46 rg: 42 | total time: 274.02m | eta: 496.3m
step 01988/05568 (35.70%) | loss: 2.696774 | lrm: 0.99 | dt: 8282.62ms | tok/sec: 126,599 | bf16_mfu: 5.07 | epoch: 1 pq: 46 rg: 44 | total time: 274.16m | eta: 496.2m
step 01989/05568 (35.72%) | loss: 2.680773 | lrm: 0.99 | dt: 8293.39ms | tok/sec: 126,435 | bf16_mfu: 5.07 | epoch: 1 pq: 46 rg: 46 | total time: 274.30m | eta: 496.1m
step 01990/05568 (35.74%) | loss: 2.669192 | lrm: 0.99 | dt: 8297.92ms | tok/sec: 126,366 | bf16_mfu: 5.06 | epoch: 1 pq: 46 rg: 48 | total time: 274.43m | eta: 495.9m
step 01991/05568 (35.76%) | loss: 2.653767 | lrm: 0.99 | dt: 8302.63ms | tok/sec: 126,294 | bf16_mfu: 5.06 | epoch: 1 pq: 46 rg: 50 | total time: 274.57m | eta: 495.8m
step 01992/05568 (35.78%) | loss: 2.648974 | lrm: 0.99 | dt: 8298.22ms | tok/sec: 126,361 | bf16_mfu: 5.06 | epoch: 1 pq: 46 rg: 52 | total time: 274.71m | eta: 495.6m
step 01993/05568 (35.79%) | loss: 2.649464 | lrm: 0.99 | dt: 8292.41ms | tok/sec: 126,450 | bf16_mfu: 5.07 | epoch: 1 pq: 46 rg: 54 | total time: 274.85m | eta: 495.5m
step 01994/05568 (35.81%) | loss: 2.654130 | lrm: 0.99 | dt: 8298.81ms | tok/sec: 126,352 | bf16_mfu: 5.06 | epoch: 1 pq: 46 rg: 56 | total time: 274.99m | eta: 495.4m
step 01995/05568 (35.83%) | loss: 2.671049 | lrm: 0.99 | dt: 8308.60ms | tok/sec: 126,203 | bf16_mfu: 5.06 | epoch: 1 pq: 46 rg: 58 | total time: 275.13m | eta: 495.2m
step 01996/05568 (35.85%) | loss: 2.664008 | lrm: 0.99 | dt: 8296.67ms | tok/sec: 126,385 | bf16_mfu: 5.07 | epoch: 1 pq: 46 rg: 60 | total time: 275.26m | eta: 495.1m
step 01997/05568 (35.87%) | loss: 2.657837 | lrm: 0.99 | dt: 8298.75ms | tok/sec: 126,353 | bf16_mfu: 5.06 | epoch: 1 pq: 46 rg: 62 | total time: 275.40m | eta: 494.9m
step 01998/05568 (35.88%) | loss: 2.635743 | lrm: 0.99 | dt: 8301.12ms | tok/sec: 126,317 | bf16_mfu: 5.06 | epoch: 1 pq: 46 rg: 63 | total time: 275.54m | eta: 494.8m
step 01999/05568 (35.90%) | loss: 2.638170 | lrm: 0.99 | dt: 8290.80ms | tok/sec: 126,474 | bf16_mfu: 5.07 | epoch: 1 pq: 46 rg: 65 | total time: 275.68m | eta: 494.7m
Step 02000 | Validation bpb: 0.808954
Evaluating: hellaswag_zeroshot (0-shot, type: multiple_choice)... accuracy: 0.4460 | centered: 0.2613 | time: 13.32s
Evaluating: jeopardy (10-shot, type: language_modeling)... accuracy: 0.0180 | centered: 0.0180 | time: 13.50s
Evaluating: bigbench_qa_wikidata (10-shot, type: language_modeling)... accuracy: 0.3880 | centered: 0.3880 | time: 13.70s
Evaluating: arc_easy (10-shot, type: multiple_choice)... accuracy: 0.6520 | centered: 0.5360 | time: 14.67s
Evaluating: arc_challenge (10-shot, type: multiple_choice)... accuracy: 0.3520 | centered: 0.1360 | time: 14.37s
Evaluating: copa (0-shot, type: multiple_choice)... accuracy: 0.5900 | centered: 0.1800 | time: 2.61s
Evaluating: commonsense_qa (10-shot, type: multiple_choice)... accuracy: 0.2540 | centered: 0.0675 | time: 14.92s
Evaluating: piqa (10-shot, type: multiple_choice)... accuracy: 0.7120 | centered: 0.4240 | time: 14.01s
Evaluating: openbook_qa (0-shot, type: multiple_choice)... accuracy: 0.3420 | centered: 0.1227 | time: 13.18s
Evaluating: lambada_openai (0-shot, type: language_modeling)... accuracy: 0.3220 | centered: 0.3220 | time: 13.29s
Evaluating: hellaswag (10-shot, type: multiple_choice)... accuracy: 0.4440 | centered: 0.2587 | time: 16.14s
Evaluating: winograd (0-shot, type: schema)... accuracy: 0.6044 | centered: 0.2088 | time: 6.85s
Evaluating: winogrande (0-shot, type: schema)... accuracy: 0.5700 | centered: 0.1400 | time: 12.88s
Evaluating: bigbench_dyck_languages (10-shot, type: language_modeling)... accuracy: 0.1060 | centered: 0.1060 | time: 13.86s
Evaluating: agi_eval_lsat_ar (3-shot, type: multiple_choice)... accuracy: 0.2174 | centered: 0.0217 | time: 7.17s
Evaluating: bigbench_cs_algorithms (10-shot, type: language_modeling)... accuracy: 0.4480 | centered: 0.4480 | time: 13.46s
Evaluating: bigbench_operators (10-shot, type: language_modeling)... accuracy: 0.1571 | centered: 0.1571 | time: 5.56s
Evaluating: bigbench_repeat_copy_logic (10-shot, type: language_modeling)... accuracy: 0.0312 | centered: 0.0312 | time: 0.85s
Evaluating: squad (10-shot, type: language_modeling)... accuracy: 0.2160 | centered: 0.2160 | time: 15.47s
Evaluating: coqa (0-shot, type: language_modeling)... accuracy: 0.2140 | centered: 0.2140 | time: 13.43s
Evaluating: boolq (10-shot, type: multiple_choice)... accuracy: 0.5240 | centered: -0.2526 | time: 15.79s
Evaluating: bigbench_language_identification (10-shot, type: multiple_choice)... accuracy: 0.2640 | centered: 0.1903 | time: 22.07s
Step 02000 | CORE metric: 0.1907
<|bos|>The capital of France is Paris, and the capital of France is Paris. The capital of France is Paris
<|bos|>The chemical symbol of gold is Au. The atomic number of gold is 79. The atomic weight of gold
<|bos|>If yesterday was Friday, then tomorrow will be Saturday. If today was Sunday, then tomorrow will be Sunday. If today was
<|bos|>The opposite of hot is cold. The temperature of the air is the same as the temperature of the water
<|bos|>The planets of the solar system are: Venus, Mars, Saturn, Jupiter, and Neptune. The planets are
<|bos|>My favorite color is blue. I love the color blue. I love the color blue. I love
<|bos|>If 5*x + 3 = 13, then x is 5. If 5*x + 3 = 13, then
2026-10-08 00:25:43,603 - nanochat.checkpoint_manager - [32m[1mINFO[0m - Saved model parameters to: /home/astarostin/.cache/nanochat/base_checkpoints/d24_1xh100/model_002000.pt
2026-10-08 00:25:43,605 - nanochat.checkpoint_manager - [32m[1mINFO[0m - Saved metadata to: /home/astarostin/.cache/nanochat/base_checkpoints/d24_1xh100/meta_002000.json
2026-10-08 00:25:52,584 - nanochat.checkpoint_manager - [32m[1mINFO[0m - Saved optimizer state to: /home/astarostin/.cache/nanochat/base_checkpoints/d24_1xh100/optim_002000_rank0.pt
step 02000/05568 (35.92%) | loss: 2.641246 | lrm: 0.99 | dt: 8220.20ms | tok/sec: 127,560 | bf16_mfu: 5.11 | epoch: 1 pq: 46 rg: 67 | total time: 275.82m | eta: 494.5m
step 02001/05568 (35.94%) | loss: 2.649747 | lrm: 0.99 | dt: 8252.25ms | tok/sec: 127,065 | bf16_mfu: 5.09 | epoch: 1 pq: 46 rg: 69 | total time: 275.95m | eta: 494.4m
step 02002/05568 (35.96%) | loss: 2.626691 | lrm: 0.99 | dt: 8268.41ms | tok/sec: 126,817 | bf16_mfu: 5.08 | epoch: 1 pq: 46 rg: 71 | total time: 276.09m | eta: 494.2m
step 02003/05568 (35.97%) | loss: 2.621700 | lrm: 0.99 | dt: 8273.55ms | tok/sec: 126,738 | bf16_mfu: 5.08 | epoch: 1 pq: 46 rg: 73 | total time: 276.23m | eta: 494.1m
step 02004/05568 (35.99%) | loss: 2.625044 | lrm: 0.99 | dt: 8283.57ms | tok/sec: 126,585 | bf16_mfu: 5.07 | epoch: 1 pq: 46 rg: 75 | total time: 276.37m | eta: 494.0m
step 02005/05568 (36.01%) | loss: 2.615248 | lrm: 0.99 | dt: 8279.08ms | tok/sec: 126,653 | bf16_mfu: 5.08 | epoch: 1 pq: 46 rg: 77 | total time: 276.51m | eta: 493.8m
step 02006/05568 (36.03%) | loss: 2.610829 | lrm: 0.99 | dt: 8318.34ms | tok/sec: 126,055 | bf16_mfu: 5.05 | epoch: 1 pq: 46 rg: 79 | total time: 276.64m | eta: 493.7m
step 02007/05568 (36.05%) | loss: 2.599907 | lrm: 0.98 | dt: 8286.62ms | tok/sec: 126,538 | bf16_mfu: 5.07 | epoch: 1 pq: 46 rg: 81 | total time: 276.78m | eta: 493.6m
step 02008/05568 (36.06%) | loss: 2.601273 | lrm: 0.98 | dt: 8283.31ms | tok/sec: 126,588 | bf16_mfu: 5.07 | epoch: 1 pq: 47 rg: 0 | total time: 276.92m | eta: 493.4m
step 02009/05568 (36.08%) | loss: 2.600691 | lrm: 0.98 | dt: 8292.03ms | tok/sec: 126,455 | bf16_mfu: 5.07 | epoch: 1 pq: 47 rg: 2 | total time: 277.06m | eta: 493.3m
step 02010/05568 (36.10%) | loss: 2.599450 | lrm: 0.98 | dt: 8303.69ms | tok/sec: 126,278 | bf16_mfu: 5.06 | epoch: 1 pq: 47 rg: 4 | total time: 277.20m | eta: 493.1m
step 02011/05568 (36.12%) | loss: 2.611210 | lrm: 0.98 | dt: 8288.14ms | tok/sec: 126,515 | bf16_mfu: 5.07 | epoch: 1 pq: 47 rg: 5 | total time: 277.33m | eta: 493.0m
step 02012/05568 (36.14%) | loss: 2.629194 | lrm: 0.98 | dt: 8283.17ms | tok/sec: 126,591 | bf16_mfu: 5.07 | epoch: 1 pq: 47 rg: 7 | total time: 277.47m | eta: 492.9m
step 02013/05568 (36.15%) | loss: 2.637675 | lrm: 0.98 | dt: 8297.30ms | tok/sec: 126,375 | bf16_mfu: 5.06 | epoch: 1 pq: 47 rg: 9 | total time: 277.61m | eta: 492.7m
step 02014/05568 (36.17%) | loss: 2.646562 | lrm: 0.98 | dt: 8297.69ms | tok/sec: 126,369 | bf16_mfu: 5.06 | epoch: 1 pq: 47 rg: 11 | total time: 277.75m | eta: 492.6m
step 02015/05568 (36.19%) | loss: 2.655711 | lrm: 0.98 | dt: 8374.01ms | tok/sec: 125,217 | bf16_mfu: 5.02 | epoch: 1 pq: 47 rg: 13 | total time: 277.89m | eta: 492.4m
step 02016/05568 (36.21%) | loss: 2.645014 | lrm: 0.98 | dt: 8302.12ms | tok/sec: 126,302 | bf16_mfu: 5.06 | epoch: 1 pq: 47 rg: 15 | total time: 278.03m | eta: 492.3m
step 02017/05568 (36.22%) | loss: 2.647293 | lrm: 0.98 | dt: 8329.81ms | tok/sec: 125,882 | bf16_mfu: 5.05 | epoch: 1 pq: 47 rg: 17 | total time: 278.17m | eta: 492.2m
step 02018/05568 (36.24%) | loss: 2.637441 | lrm: 0.98 | dt: 8293.97ms | tok/sec: 126,426 | bf16_mfu: 5.07 | epoch: 1 pq: 47 rg: 19 | total time: 278.30m | eta: 492.0m
step 02019/05568 (36.26%) | loss: 2.646268 | lrm: 0.98 | dt: 8291.21ms | tok/sec: 126,468 | bf16_mfu: 5.07 | epoch: 1 pq: 47 rg: 21 | total time: 278.44m | eta: 491.9m
step 02020/05568 (36.28%) | loss: 2.664367 | lrm: 0.98 | dt: 8301.24ms | tok/sec: 126,315 | bf16_mfu: 5.06 | epoch: 1 pq: 47 rg: 23 | total time: 278.58m | eta: 491.7m
step 02021/05568 (36.30%) | loss: 2.666341 | lrm: 0.98 | dt: 8298.94ms | tok/sec: 126,350 | bf16_mfu: 5.06 | epoch: 1 pq: 47 rg: 25 | total time: 278.72m | eta: 491.6m
step 02022/05568 (36.31%) | loss: 2.671939 | lrm: 0.98 | dt: 8297.04ms | tok/sec: 126,379 | bf16_mfu: 5.07 | epoch: 1 pq: 47 rg: 27 | total time: 278.86m | eta: 491.5m
step 02023/05568 (36.33%) | loss: 2.701468 | lrm: 0.98 | dt: 8301.52ms | tok/sec: 126,311 | bf16_mfu: 5.06 | epoch: 1 pq: 47 rg: 29 | total time: 279.00m | eta: 491.3m
step 02024/05568 (36.35%) | loss: 2.699371 | lrm: 0.98 | dt: 8299.00ms | tok/sec: 126,349 | bf16_mfu: 5.06 | epoch: 1 pq: 47 rg: 31 | total time: 279.13m | eta: 491.2m
step 02025/05568 (36.37%) | loss: 2.714904 | lrm: 0.98 | dt: 8305.29ms | tok/sec: 126,254 | bf16_mfu: 5.06 | epoch: 1 pq: 47 rg: 33 | total time: 279.27m | eta: 491.0m
step 02026/05568 (36.39%) | loss: 2.722367 | lrm: 0.98 | dt: 8310.70ms | tok/sec: 126,171 | bf16_mfu: 5.06 | epoch: 1 pq: 47 rg: 34 | total time: 279.41m | eta: 490.9m
step 02027/05568 (36.40%) | loss: 2.736907 | lrm: 0.98 | dt: 8317.99ms | tok/sec: 126,061 | bf16_mfu: 5.05 | epoch: 1 pq: 47 rg: 36 | total time: 279.55m | eta: 490.8m
step 02028/05568 (36.42%) | loss: 2.720231 | lrm: 0.98 | dt: 8299.65ms | tok/sec: 126,339 | bf16_mfu: 5.06 | epoch: 1 pq: 47 rg: 38 | total time: 279.69m | eta: 490.6m
step 02029/05568 (36.44%) | loss: 2.721918 | lrm: 0.98 | dt: 8315.04ms | tok/sec: 126,105 | bf16_mfu: 5.05 | epoch: 1 pq: 47 rg: 40 | total time: 279.83m | eta: 490.5m
step 02030/05568 (36.46%) | loss: 2.717743 | lrm: 0.98 | dt: 8302.09ms | tok/sec: 126,302 | bf16_mfu: 5.06 | epoch: 1 pq: 47 rg: 42 | total time: 279.97m | eta: 490.4m
step 02031/05568 (36.48%) | loss: 2.702898 | lrm: 0.98 | dt: 8305.51ms | tok/sec: 126,250 | bf16_mfu: 5.06 | epoch: 1 pq: 47 rg: 44 | total time: 280.10m | eta: 490.2m
step 02032/05568 (36.49%) | loss: 2.664201 | lrm: 0.98 | dt: 8302.47ms | tok/sec: 126,296 | bf16_mfu: 5.06 | epoch: 1 pq: 47 rg: 46 | total time: 280.24m | eta: 490.1m
step 02033/05568 (36.51%) | loss: 2.660585 | lrm: 0.98 | dt: 8305.55ms | tok/sec: 126,249 | bf16_mfu: 5.06 | epoch: 1 pq: 47 rg: 48 | total time: 280.38m | eta: 489.9m
step 02034/05568 (36.53%) | loss: 2.655541 | lrm: 0.98 | dt: 8304.42ms | tok/sec: 126,267 | bf16_mfu: 5.06 | epoch: 1 pq: 47 rg: 50 | total time: 280.52m | eta: 489.8m
step 02035/05568 (36.55%) | loss: 2.649397 | lrm: 0.98 | dt: 8299.15ms | tok/sec: 126,347 | bf16_mfu: 5.06 | epoch: 1 pq: 47 rg: 52 | total time: 280.66m | eta: 489.7m
step 02036/05568 (36.57%) | loss: 2.654003 | lrm: 0.98 | dt: 8310.54ms | tok/sec: 126,174 | bf16_mfu: 5.06 | epoch: 1 pq: 47 rg: 54 | total time: 280.80m | eta: 489.5m
step 02037/05568 (36.58%) | loss: 2.658291 | lrm: 0.98 | dt: 8303.83ms | tok/sec: 126,276 | bf16_mfu: 5.06 | epoch: 1 pq: 47 rg: 56 | total time: 280.93m | eta: 489.4m
step 02038/05568 (36.60%) | loss: 2.646748 | lrm: 0.98 | dt: 8303.83ms | tok/sec: 126,276 | bf16_mfu: 5.06 | epoch: 1 pq: 47 rg: 58 | total time: 281.07m | eta: 489.2m
step 02039/05568 (36.62%) | loss: 2.643272 | lrm: 0.98 | dt: 8299.82ms | tok/sec: 126,337 | bf16_mfu: 5.06 | epoch: 1 pq: 47 rg: 59 | total time: 281.21m | eta: 489.1m
step 02040/05568 (36.64%) | loss: 2.639462 | lrm: 0.98 | dt: 8297.26ms | tok/sec: 126,376 | bf16_mfu: 5.06 | epoch: 1 pq: 47 rg: 61 | total time: 281.35m | eta: 489.0m
step 02041/05568 (36.66%) | loss: 2.639162 | lrm: 0.98 | dt: 8314.11ms | tok/sec: 126,120 | bf16_mfu: 5.05 | epoch: 1 pq: 47 rg: 63 | total time: 281.49m | eta: 488.8m
step 02042/05568 (36.67%) | loss: 2.650251 | lrm: 0.98 | dt: 8380.72ms | tok/sec: 125,117 | bf16_mfu: 5.01 | epoch: 1 pq: 47 rg: 65 | total time: 281.63m | eta: 488.7m
step 02043/05568 (36.69%) | loss: 2.647461 | lrm: 0.98 | dt: 8307.75ms | tok/sec: 126,216 | bf16_mfu: 5.06 | epoch: 1 pq: 47 rg: 67 | total time: 281.77m | eta: 488.6m
step 02044/05568 (36.71%) | loss: 2.648975 | lrm: 0.98 | dt: 8307.45ms | tok/sec: 126,221 | bf16_mfu: 5.06 | epoch: 1 pq: 47 rg: 69 | total time: 281.90m | eta: 488.4m
step 02045/05568 (36.73%) | loss: 2.634005 | lrm: 0.97 | dt: 8298.24ms | tok/sec: 126,361 | bf16_mfu: 5.06 | epoch: 1 pq: 47 rg: 71 | total time: 282.04m | eta: 488.3m
step 02046/05568 (36.75%) | loss: 2.645960 | lrm: 0.97 | dt: 8301.95ms | tok/sec: 126,304 | bf16_mfu: 5.06 | epoch: 1 pq: 47 rg: 73 | total time: 282.18m | eta: 488.1m
step 02047/05568 (36.76%) | loss: 2.632370 | lrm: 0.97 | dt: 8301.76ms | tok/sec: 126,307 | bf16_mfu: 5.06 | epoch: 1 pq: 47 rg: 75 | total time: 282.32m | eta: 488.0m
step 02048/05568 (36.78%) | loss: 2.625354 | lrm: 0.97 | dt: 8298.65ms | tok/sec: 126,355 | bf16_mfu: 5.06 | epoch: 1 pq: 47 rg: 77 | total time: 282.46m | eta: 487.9m
step 02049/05568 (36.80%) | loss: 2.628042 | lrm: 0.97 | dt: 8292.13ms | tok/sec: 126,454 | bf16_mfu: 5.07 | epoch: 1 pq: 47 rg: 79 | total time: 282.60m | eta: 487.7m
step 02050/05568 (36.82%) | loss: 2.640906 | lrm: 0.97 | dt: 8304.02ms | tok/sec: 126,273 | bf16_mfu: 5.06 | epoch: 1 pq: 47 rg: 81 | total time: 282.73m | eta: 487.6m
step 02051/05568 (36.84%) | loss: 2.637014 | lrm: 0.97 | dt: 8298.36ms | tok/sec: 126,359 | bf16_mfu: 5.06 | epoch: 1 pq: 48 rg: 1 | total time: 282.87m | eta: 487.4m
step 02052/05568 (36.85%) | loss: 2.630719 | lrm: 0.97 | dt: 8299.87ms | tok/sec: 126,336 | bf16_mfu: 5.06 | epoch: 1 pq: 48 rg: 3 | total time: 283.01m | eta: 487.3m
step 02053/05568 (36.87%) | loss: 2.632909 | lrm: 0.97 | dt: 8306.87ms | tok/sec: 126,230 | bf16_mfu: 5.06 | epoch: 1 pq: 48 rg: 5 | total time: 283.15m | eta: 487.2m
step 02054/05568 (36.89%) | loss: 2.641117 | lrm: 0.97 | dt: 8305.82ms | tok/sec: 126,245 | bf16_mfu: 5.06 | epoch: 1 pq: 48 rg: 6 | total time: 283.29m | eta: 487.0m
step 02055/05568 (36.91%) | loss: 2.635111 | lrm: 0.97 | dt: 8298.42ms | tok/sec: 126,358 | bf16_mfu: 5.06 | epoch: 1 pq: 48 rg: 8 | total time: 283.43m | eta: 486.9m
step 02056/05568 (36.93%) | loss: 2.634319 | lrm: 0.97 | dt: 8305.39ms | tok/sec: 126,252 | bf16_mfu: 5.06 | epoch: 1 pq: 48 rg: 10 | total time: 283.56m | eta: 486.7m
step 02057/05568 (36.94%) | loss: 2.633729 | lrm: 0.97 | dt: 8294.68ms | tok/sec: 126,415 | bf16_mfu: 5.07 | epoch: 1 pq: 48 rg: 12 | total time: 283.70m | eta: 486.6m
step 02058/05568 (36.96%) | loss: 2.638347 | lrm: 0.97 | dt: 8313.59ms | tok/sec: 126,127 | bf16_mfu: 5.05 | epoch: 1 pq: 48 rg: 14 | total time: 283.84m | eta: 486.5m
step 02059/05568 (36.98%) | loss: 2.642501 | lrm: 0.97 | dt: 8302.60ms | tok/sec: 126,294 | bf16_mfu: 5.06 | epoch: 1 pq: 48 rg: 16 | total time: 283.98m | eta: 486.3m
step 02060/05568 (37.00%) | loss: 2.636335 | lrm: 0.97 | dt: 8312.10ms | tok/sec: 126,150 | bf16_mfu: 5.06 | epoch: 1 pq: 48 rg: 18 | total time: 284.12m | eta: 486.2m
step 02061/05568 (37.02%) | loss: 2.630133 | lrm: 0.97 | dt: 8308.28ms | tok/sec: 126,208 | bf16_mfu: 5.06 | epoch: 1 pq: 48 rg: 20 | total time: 284.26m | eta: 486.0m
step 02062/05568 (37.03%) | loss: 2.641388 | lrm: 0.97 | dt: 8314.91ms | tok/sec: 126,107 | bf16_mfu: 5.05 | epoch: 1 pq: 48 rg: 22 | total time: 284.40m | eta: 485.9m
step 02063/05568 (37.05%) | loss: 2.637039 | lrm: 0.97 | dt: 8306.13ms | tok/sec: 126,241 | bf16_mfu: 5.06 | epoch: 1 pq: 48 rg: 24 | total time: 284.53m | eta: 485.8m
step 02064/05568 (37.07%) | loss: 2.650738 | lrm: 0.97 | dt: 8302.26ms | tok/sec: 126,300 | bf16_mfu: 5.06 | epoch: 1 pq: 48 rg: 26 | total time: 284.67m | eta: 485.6m
step 02065/05568 (37.09%) | loss: 2.647268 | lrm: 0.97 | dt: 8310.28ms | tok/sec: 126,178 | bf16_mfu: 5.06 | epoch: 1 pq: 48 rg: 28 | total time: 284.81m | eta: 485.5m
step 02066/05568 (37.10%) | loss: 2.653131 | lrm: 0.97 | dt: 8288.72ms | tok/sec: 126,506 | bf16_mfu: 5.07 | epoch: 1 pq: 48 rg: 30 | total time: 284.95m | eta: 485.4m
step 02067/05568 (37.12%) | loss: 2.654267 | lrm: 0.97 | dt: 8304.29ms | tok/sec: 126,269 | bf16_mfu: 5.06 | epoch: 1 pq: 48 rg: 31 | total time: 285.09m | eta: 485.2m
step 02068/05568 (37.14%) | loss: 2.654442 | lrm: 0.97 | dt: 8300.89ms | tok/sec: 126,320 | bf16_mfu: 5.06 | epoch: 1 pq: 48 rg: 33 | total time: 285.23m | eta: 485.1m
step 02069/05568 (37.16%) | loss: 2.655471 | lrm: 0.97 | dt: 8304.80ms | tok/sec: 126,261 | bf16_mfu: 5.06 | epoch: 1 pq: 48 rg: 35 | total time: 285.36m | eta: 484.9m
step 02070/05568 (37.18%) | loss: 2.660264 | lrm: 0.97 | dt: 8303.77ms | tok/sec: 126,277 | bf16_mfu: 5.06 | epoch: 1 pq: 48 rg: 37 | total time: 285.50m | eta: 484.8m
step 02071/05568 (37.19%) | loss: 2.646016 | lrm: 0.97 | dt: 8304.43ms | tok/sec: 126,267 | bf16_mfu: 5.06 | epoch: 1 pq: 48 rg: 39 | total time: 285.64m | eta: 484.7m
step 02072/05568 (37.21%) | loss: 2.656360 | lrm: 0.97 | dt: 8310.30ms | tok/sec: 126,177 | bf16_mfu: 5.06 | epoch: 1 pq: 48 rg: 41 | total time: 285.78m | eta: 484.5m
step 02073/05568 (37.23%) | loss: 2.666572 | lrm: 0.97 | dt: 8312.04ms | tok/sec: 126,151 | bf16_mfu: 5.06 | epoch: 1 pq: 48 rg: 43 | total time: 285.92m | eta: 484.4m
step 02074/05568 (37.25%) | loss: 2.675916 | lrm: 0.97 | dt: 8306.24ms | tok/sec: 126,239 | bf16_mfu: 5.06 | epoch: 1 pq: 48 rg: 45 | total time: 286.06m | eta: 484.2m
step 02075/05568 (37.27%) | loss: 2.679160 | lrm: 0.97 | dt: 8312.02ms | tok/sec: 126,151 | bf16_mfu: 5.06 | epoch: 1 pq: 48 rg: 47 | total time: 286.19m | eta: 484.1m
step 02076/05568 (37.28%) | loss: 2.679899 | lrm: 0.97 | dt: 8298.18ms | tok/sec: 126,362 | bf16_mfu: 5.06 | epoch: 1 pq: 48 rg: 49 | total time: 286.33m | eta: 484.0m
step 02077/05568 (37.30%) | loss: 2.671202 | lrm: 0.97 | dt: 8306.51ms | tok/sec: 126,235 | bf16_mfu: 5.06 | epoch: 1 pq: 48 rg: 51 | total time: 286.47m | eta: 483.8m
step 02078/05568 (37.32%) | loss: 2.668760 | lrm: 0.97 | dt: 8298.36ms | tok/sec: 126,359 | bf16_mfu: 5.06 | epoch: 1 pq: 48 rg: 53 | total time: 286.61m | eta: 483.7m
step 02079/05568 (37.34%) | loss: 2.680733 | lrm: 0.97 | dt: 8315.68ms | tok/sec: 126,096 | bf16_mfu: 5.05 | epoch: 1 pq: 48 rg: 55 | total time: 286.75m | eta: 483.5m
step 02080/05568 (37.36%) | loss: 2.663215 | lrm: 0.97 | dt: 8311.70ms | tok/sec: 126,156 | bf16_mfu: 5.06 | epoch: 1 pq: 48 rg: 57 | total time: 286.89m | eta: 483.4m
step 02081/05568 (37.37%) | loss: 2.664341 | lrm: 0.97 | dt: 8294.69ms | tok/sec: 126,415 | bf16_mfu: 5.07 | epoch: 1 pq: 48 rg: 59 | total time: 287.03m | eta: 483.3m
step 02082/05568 (37.39%) | loss: 2.644154 | lrm: 0.97 | dt: 8354.50ms | tok/sec: 125,510 | bf16_mfu: 5.03 | epoch: 1 pq: 48 rg: 61 | total time: 287.16m | eta: 483.1m
step 02083/05568 (37.41%) | loss: 2.657969 | lrm: 0.96 | dt: 8300.79ms | tok/sec: 126,322 | bf16_mfu: 5.06 | epoch: 1 pq: 48 rg: 62 | total time: 287.30m | eta: 483.0m
step 02084/05568 (37.43%) | loss: 2.650451 | lrm: 0.96 | dt: 8313.35ms | tok/sec: 126,131 | bf16_mfu: 5.06 | epoch: 1 pq: 48 rg: 64 | total time: 287.44m | eta: 482.9m
step 02085/05568 (37.45%) | loss: 2.645531 | lrm: 0.96 | dt: 8291.95ms | tok/sec: 126,457 | bf16_mfu: 5.07 | epoch: 1 pq: 48 rg: 66 | total time: 287.58m | eta: 482.7m
step 02086/05568 (37.46%) | loss: 2.627633 | lrm: 0.96 | dt: 8305.27ms | tok/sec: 126,254 | bf16_mfu: 5.06 | epoch: 1 pq: 48 rg: 68 | total time: 287.72m | eta: 482.6m
step 02087/05568 (37.48%) | loss: 2.629700 | lrm: 0.96 | dt: 8301.09ms | tok/sec: 126,317 | bf16_mfu: 5.06 | epoch: 1 pq: 48 rg: 70 | total time: 287.86m | eta: 482.4m
step 02088/05568 (37.50%) | loss: 2.636444 | lrm: 0.96 | dt: 8294.75ms | tok/sec: 126,414 | bf16_mfu: 5.07 | epoch: 1 pq: 48 rg: 72 | total time: 287.99m | eta: 482.3m
step 02089/05568 (37.52%) | loss: 2.639352 | lrm: 0.96 | dt: 8304.10ms | tok/sec: 126,272 | bf16_mfu: 5.06 | epoch: 1 pq: 48 rg: 74 | total time: 288.13m | eta: 482.2m
step 02090/05568 (37.54%) | loss: 2.636169 | lrm: 0.96 | dt: 8304.26ms | tok/sec: 126,269 | bf16_mfu: 5.06 | epoch: 1 pq: 48 rg: 76 | total time: 288.27m | eta: 482.0m
step 02091/05568 (37.55%) | loss: 2.635954 | lrm: 0.96 | dt: 8307.17ms | tok/sec: 126,225 | bf16_mfu: 5.06 | epoch: 1 pq: 48 rg: 78 | total time: 288.41m | eta: 481.9m
step 02092/05568 (37.57%) | loss: 2.659109 | lrm: 0.96 | dt: 8294.17ms | tok/sec: 126,423 | bf16_mfu: 5.07 | epoch: 1 pq: 48 rg: 80 | total time: 288.55m | eta: 481.7m
step 02093/05568 (37.59%) | loss: 2.652160 | lrm: 0.96 | dt: 8305.62ms | tok/sec: 126,249 | bf16_mfu: 5.06 | epoch: 1 pq: 48 rg: 82 | total time: 288.69m | eta: 481.6m
step 02094/05568 (37.61%) | loss: 2.653643 | lrm: 0.96 | dt: 8298.51ms | tok/sec: 126,357 | bf16_mfu: 5.06 | epoch: 1 pq: 49 rg: 1 | total time: 288.82m | eta: 481.5m
step 02095/05568 (37.63%) | loss: 2.651793 | lrm: 0.96 | dt: 8298.83ms | tok/sec: 126,352 | bf16_mfu: 5.06 | epoch: 1 pq: 49 rg: 2 | total time: 288.96m | eta: 481.3m
step 02096/05568 (37.64%) | loss: 2.654591 | lrm: 0.96 | dt: 8301.31ms | tok/sec: 126,314 | bf16_mfu: 5.06 | epoch: 1 pq: 49 rg: 4 | total time: 289.10m | eta: 481.2m
step 02097/05568 (37.66%) | loss: 2.656565 | lrm: 0.96 | dt: 8289.83ms | tok/sec: 126,489 | bf16_mfu: 5.07 | epoch: 1 pq: 49 rg: 6 | total time: 289.24m | eta: 481.0m
step 02098/05568 (37.68%) | loss: 2.650482 | lrm: 0.96 | dt: 8296.26ms | tok/sec: 126,391 | bf16_mfu: 5.07 | epoch: 1 pq: 49 rg: 8 | total time: 289.38m | eta: 480.9m
step 02099/05568 (37.70%) | loss: 2.653032 | lrm: 0.96 | dt: 8296.80ms | tok/sec: 126,383 | bf16_mfu: 5.07 | epoch: 1 pq: 49 rg: 10 | total time: 289.52m | eta: 480.8m
step 02100/05568 (37.72%) | loss: 2.650225 | lrm: 0.96 | dt: 8299.25ms | tok/sec: 126,345 | bf16_mfu: 5.06 | epoch: 1 pq: 49 rg: 12 | total time: 289.65m | eta: 480.6m
step 02101/05568 (37.73%) | loss: 2.655689 | lrm: 0.96 | dt: 8298.77ms | tok/sec: 126,353 | bf16_mfu: 5.06 | epoch: 1 pq: 49 rg: 14 | total time: 289.79m | eta: 480.5m
step 02102/05568 (37.75%) | loss: 2.654013 | lrm: 0.96 | dt: 8300.41ms | tok/sec: 126,328 | bf16_mfu: 5.06 | epoch: 1 pq: 49 rg: 16 | total time: 289.93m | eta: 480.4m
step 02103/05568 (37.77%) | loss: 2.656757 | lrm: 0.96 | dt: 8304.72ms | tok/sec: 126,262 | bf16_mfu: 5.06 | epoch: 1 pq: 49 rg: 18 | total time: 290.07m | eta: 480.2m
step 02104/05568 (37.79%) | loss: 2.660888 | lrm: 0.96 | dt: 8307.88ms | tok/sec: 126,214 | bf16_mfu: 5.06 | epoch: 1 pq: 49 rg: 20 | total time: 290.21m | eta: 480.1m
step 02105/05568 (37.81%) | loss: 2.653003 | lrm: 0.96 | dt: 8293.76ms | tok/sec: 126,429 | bf16_mfu: 5.07 | epoch: 1 pq: 49 rg: 22 | total time: 290.35m | eta: 479.9m
step 02106/05568 (37.82%) | loss: 2.652576 | lrm: 0.96 | dt: 8297.83ms | tok/sec: 126,367 | bf16_mfu: 5.06 | epoch: 1 pq: 49 rg: 24 | total time: 290.48m | eta: 479.8m
step 02107/05568 (37.84%) | loss: 2.661136 | lrm: 0.96 | dt: 8307.99ms | tok/sec: 126,212 | bf16_mfu: 5.06 | epoch: 1 pq: 49 rg: 26 | total time: 290.62m | eta: 479.7m
step 02108/05568 (37.86%) | loss: 2.646575 | lrm: 0.96 | dt: 8306.06ms | tok/sec: 126,242 | bf16_mfu: 5.06 | epoch: 1 pq: 49 rg: 28 | total time: 290.76m | eta: 479.5m
step 02109/05568 (37.88%) | loss: 2.653966 | lrm: 0.96 | dt: 8294.87ms | tok/sec: 126,412 | bf16_mfu: 5.07 | epoch: 1 pq: 49 rg: 30 | total time: 290.90m | eta: 479.4m
step 02110/05568 (37.90%) | loss: 2.645728 | lrm: 0.96 | dt: 8299.95ms | tok/sec: 126,335 | bf16_mfu: 5.06 | epoch: 1 pq: 49 rg: 32 | total time: 291.04m | eta: 479.2m
step 02111/05568 (37.91%) | loss: 2.662835 | lrm: 0.96 | dt: 8291.20ms | tok/sec: 126,468 | bf16_mfu: 5.07 | epoch: 1 pq: 49 rg: 34 | total time: 291.18m | eta: 479.1m
step 02112/05568 (37.93%) | loss: 2.670453 | lrm: 0.96 | dt: 8289.34ms | tok/sec: 126,496 | bf16_mfu: 5.07 | epoch: 1 pq: 49 rg: 36 | total time: 291.31m | eta: 479.0m
step 02113/05568 (37.95%) | loss: 2.669689 | lrm: 0.96 | dt: 8304.57ms | tok/sec: 126,265 | bf16_mfu: 5.06 | epoch: 1 pq: 49 rg: 37 | total time: 291.45m | eta: 478.8m
step 02114/05568 (37.97%) | loss: 2.658363 | lrm: 0.96 | dt: 8304.47ms | tok/sec: 126,266 | bf16_mfu: 5.06 | epoch: 1 pq: 49 rg: 39 | total time: 291.59m | eta: 478.7m
step 02115/05568 (37.98%) | loss: 2.647750 | lrm: 0.96 | dt: 8304.31ms | tok/sec: 126,268 | bf16_mfu: 5.06 | epoch: 1 pq: 49 rg: 41 | total time: 291.73m | eta: 478.5m
step 02116/05568 (38.00%) | loss: 2.645700 | lrm: 0.96 | dt: 8293.21ms | tok/sec: 126,437 | bf16_mfu: 5.07 | epoch: 1 pq: 49 rg: 43 | total time: 291.87m | eta: 478.4m
step 02117/05568 (38.02%) | loss: 2.628074 | lrm: 0.96 | dt: 8299.34ms | tok/sec: 126,344 | bf16_mfu: 5.06 | epoch: 1 pq: 49 rg: 45 | total time: 292.01m | eta: 478.3m
step 02118/05568 (38.04%) | loss: 2.636382 | lrm: 0.96 | dt: 8292.10ms | tok/sec: 126,454 | bf16_mfu: 5.07 | epoch: 1 pq: 49 rg: 47 | total time: 292.14m | eta: 478.1m
step 02119/05568 (38.06%) | loss: 2.641967 | lrm: 0.96 | dt: 8299.73ms | tok/sec: 126,338 | bf16_mfu: 5.06 | epoch: 1 pq: 49 rg: 49 | total time: 292.28m | eta: 478.0m
step 02120/05568 (38.07%) | loss: 2.621191 | lrm: 0.96 | dt: 8300.49ms | tok/sec: 126,327 | bf16_mfu: 5.06 | epoch: 1 pq: 49 rg: 51 | total time: 292.42m | eta: 477.9m
step 02121/05568 (38.09%) | loss: 2.629973 | lrm: 0.95 | dt: 8305.55ms | tok/sec: 126,250 | bf16_mfu: 5.06 | epoch: 1 pq: 49 rg: 53 | total time: 292.56m | eta: 477.7m
step 02122/05568 (38.11%) | loss: 2.636994 | lrm: 0.95 | dt: 8301.16ms | tok/sec: 126,316 | bf16_mfu: 5.06 | epoch: 1 pq: 49 rg: 55 | total time: 292.70m | eta: 477.6m
step 02123/05568 (38.13%) | loss: 2.616523 | lrm: 0.95 | dt: 8294.95ms | tok/sec: 126,411 | bf16_mfu: 5.07 | epoch: 1 pq: 49 rg: 57 | total time: 292.84m | eta: 477.4m
step 02124/05568 (38.15%) | loss: 2.625716 | lrm: 0.95 | dt: 8308.10ms | tok/sec: 126,211 | bf16_mfu: 5.06 | epoch: 1 pq: 49 rg: 59 | total time: 292.97m | eta: 477.3m
step 02125/05568 (38.16%) | loss: 2.618384 | lrm: 0.95 | dt: 8294.62ms | tok/sec: 126,416 | bf16_mfu: 5.07 | epoch: 1 pq: 49 rg: 61 | total time: 293.11m | eta: 477.2m
step 02126/05568 (38.18%) | loss: 2.611924 | lrm: 0.95 | dt: 8290.63ms | tok/sec: 126,477 | bf16_mfu: 5.07 | epoch: 1 pq: 49 rg: 63 | total time: 293.25m | eta: 477.0m
step 02127/05568 (38.20%) | loss: 2.614827 | lrm: 0.95 | dt: 8304.76ms | tok/sec: 126,262 | bf16_mfu: 5.06 | epoch: 1 pq: 49 rg: 64 | total time: 293.39m | eta: 476.9m
step 02128/05568 (38.22%) | loss: 2.611088 | lrm: 0.95 | dt: 8296.60ms | tok/sec: 126,386 | bf16_mfu: 5.07 | epoch: 1 pq: 49 rg: 66 | total time: 293.53m | eta: 476.7m
step 02129/05568 (38.24%) | loss: 2.619788 | lrm: 0.95 | dt: 8303.21ms | tok/sec: 126,285 | bf16_mfu: 5.06 | epoch: 1 pq: 49 rg: 68 | total time: 293.67m | eta: 476.6m
step 02130/05568 (38.25%) | loss: 2.611663 | lrm: 0.95 | dt: 8300.95ms | tok/sec: 126,319 | bf16_mfu: 5.06 | epoch: 1 pq: 49 rg: 70 | total time: 293.80m | eta: 476.5m
step 02131/05568 (38.27%) | loss: 2.624519 | lrm: 0.95 | dt: 8307.51ms | tok/sec: 126,220 | bf16_mfu: 5.06 | epoch: 1 pq: 49 rg: 72 | total time: 293.94m | eta: 476.3m
step 02132/05568 (38.29%) | loss: 2.633590 | lrm: 0.95 | dt: 8299.42ms | tok/sec: 126,343 | bf16_mfu: 5.06 | epoch: 1 pq: 49 rg: 74 | total time: 294.08m | eta: 476.2m
step 02133/05568 (38.31%) | loss: 2.639021 | lrm: 0.95 | dt: 8289.85ms | tok/sec: 126,489 | bf16_mfu: 5.07 | epoch: 1 pq: 49 rg: 76 | total time: 294.22m | eta: 476.0m
step 02134/05568 (38.33%) | loss: 2.630346 | lrm: 0.95 | dt: 8298.72ms | tok/sec: 126,353 | bf16_mfu: 5.06 | epoch: 1 pq: 49 rg: 78 | total time: 294.36m | eta: 475.9m
step 02135/05568 (38.34%) | loss: 2.639746 | lrm: 0.95 | dt: 8297.80ms | tok/sec: 126,367 | bf16_mfu: 5.06 | epoch: 1 pq: 49 rg: 80 | total time: 294.50m | eta: 475.8m
step 02136/05568 (38.36%) | loss: 2.638502 | lrm: 0.95 | dt: 8300.59ms | tok/sec: 126,325 | bf16_mfu: 5.06 | epoch: 1 pq: 49 rg: 82 | total time: 294.63m | eta: 475.6m
step 02137/05568 (38.38%) | loss: 2.655708 | lrm: 0.95 | dt: 8305.22ms | tok/sec: 126,255 | bf16_mfu: 5.06 | epoch: 1 pq: 50 rg: 1 | total time: 294.77m | eta: 475.5m
step 02138/05568 (38.40%) | loss: 2.660835 | lrm: 0.95 | dt: 8297.89ms | tok/sec: 126,366 | bf16_mfu: 5.06 | epoch: 1 pq: 50 rg: 3 | total time: 294.91m | eta: 475.3m
step 02139/05568 (38.42%) | loss: 2.670472 | lrm: 0.95 | dt: 8311.20ms | tok/sec: 126,164 | bf16_mfu: 5.06 | epoch: 1 pq: 50 rg: 5 | total time: 295.05m | eta: 475.2m
step 02140/05568 (38.43%) | loss: 2.670500 | lrm: 0.95 | dt: 8303.59ms | tok/sec: 126,279 | bf16_mfu: 5.06 | epoch: 1 pq: 50 rg: 7 | total time: 295.19m | eta: 475.1m
step 02141/05568 (38.45%) | loss: 2.667770 | lrm: 0.95 | dt: 8295.36ms | tok/sec: 126,405 | bf16_mfu: 5.07 | epoch: 1 pq: 50 rg: 9 | total time: 295.33m | eta: 474.9m
step 02142/05568 (38.47%) | loss: 2.654280 | lrm: 0.95 | dt: 8307.80ms | tok/sec: 126,215 | bf16_mfu: 5.06 | epoch: 1 pq: 50 rg: 11 | total time: 295.46m | eta: 474.8m
step 02143/05568 (38.49%) | loss: 2.647650 | lrm: 0.95 | dt: 8304.93ms | tok/sec: 126,259 | bf16_mfu: 5.06 | epoch: 1 pq: 50 rg: 12 | total time: 295.60m | eta: 474.7m
step 02144/05568 (38.51%) | loss: 2.652282 | lrm: 0.95 | dt: 8289.90ms | tok/sec: 126,488 | bf16_mfu: 5.07 | epoch: 1 pq: 50 rg: 14 | total time: 295.74m | eta: 474.5m
step 02145/05568 (38.52%) | loss: 2.650062 | lrm: 0.95 | dt: 8301.81ms | tok/sec: 126,306 | bf16_mfu: 5.06 | epoch: 1 pq: 50 rg: 16 | total time: 295.88m | eta: 474.4m
step 02146/05568 (38.54%) | loss: 2.659368 | lrm: 0.95 | dt: 8301.42ms | tok/sec: 126,312 | bf16_mfu: 5.06 | epoch: 1 pq: 50 rg: 18 | total time: 296.02m | eta: 474.2m
step 02147/05568 (38.56%) | loss: 2.671617 | lrm: 0.95 | dt: 8299.13ms | tok/sec: 126,347 | bf16_mfu: 5.06 | epoch: 1 pq: 50 rg: 20 | total time: 296.16m | eta: 474.1m
step 02148/05568 (38.58%) | loss: 2.678241 | lrm: 0.95 | dt: 8292.78ms | tok/sec: 126,444 | bf16_mfu: 5.07 | epoch: 1 pq: 50 rg: 22 | total time: 296.29m | eta: 474.0m
step 02149/05568 (38.60%) | loss: 2.680540 | lrm: 0.95 | dt: 8300.72ms | tok/sec: 126,323 | bf16_mfu: 5.06 | epoch: 1 pq: 50 rg: 24 | total time: 296.43m | eta: 473.8m
step 02150/05568 (38.61%) | loss: 2.663880 | lrm: 0.95 | dt: 8289.70ms | tok/sec: 126,491 | bf16_mfu: 5.07 | epoch: 1 pq: 50 rg: 26 | total time: 296.57m | eta: 473.7m
step 02151/05568 (38.63%) | loss: 2.672363 | lrm: 0.95 | dt: 8289.50ms | tok/sec: 126,494 | bf16_mfu: 5.07 | epoch: 1 pq: 50 rg: 28 | total time: 296.71m | eta: 473.5m
step 02152/05568 (38.65%) | loss: 2.672447 | lrm: 0.95 | dt: 8307.38ms | tok/sec: 126,222 | bf16_mfu: 5.06 | epoch: 1 pq: 50 rg: 30 | total time: 296.85m | eta: 473.4m
step 02153/05568 (38.67%) | loss: 2.687513 | lrm: 0.95 | dt: 8346.03ms | tok/sec: 125,637 | bf16_mfu: 5.04 | epoch: 1 pq: 50 rg: 32 | total time: 296.99m | eta: 473.3m
step 02154/05568 (38.69%) | loss: 2.682796 | lrm: 0.95 | dt: 8298.89ms | tok/sec: 126,351 | bf16_mfu: 5.06 | epoch: 1 pq: 50 rg: 34 | total time: 297.12m | eta: 473.1m
step 02155/05568 (38.70%) | loss: 2.670599 | lrm: 0.95 | dt: 8310.45ms | tok/sec: 126,175 | bf16_mfu: 5.06 | epoch: 1 pq: 50 rg: 36 | total time: 297.26m | eta: 473.0m
step 02156/05568 (38.72%) | loss: 2.677259 | lrm: 0.95 | dt: 8301.45ms | tok/sec: 126,312 | bf16_mfu: 5.06 | epoch: 1 pq: 50 rg: 37 | total time: 297.40m | eta: 472.8m
step 02157/05568 (38.74%) | loss: 2.672035 | lrm: 0.95 | dt: 8301.34ms | tok/sec: 126,314 | bf16_mfu: 5.06 | epoch: 1 pq: 50 rg: 39 | total time: 297.54m | eta: 472.7m
step 02158/05568 (38.76%) | loss: 2.658320 | lrm: 0.95 | dt: 8295.84ms | tok/sec: 126,397 | bf16_mfu: 5.07 | epoch: 1 pq: 50 rg: 41 | total time: 297.68m | eta: 472.6m
step 02159/05568 (38.78%) | loss: 2.655080 | lrm: 0.94 | dt: 8296.57ms | tok/sec: 126,386 | bf16_mfu: 5.07 | epoch: 1 pq: 50 rg: 43 | total time: 297.82m | eta: 472.4m
step 02160/05568 (38.79%) | loss: 2.644139 | lrm: 0.94 | dt: 8296.74ms | tok/sec: 126,384 | bf16_mfu: 5.07 | epoch: 1 pq: 50 rg: 45 | total time: 297.95m | eta: 472.3m
step 02161/05568 (38.81%) | loss: 2.633173 | lrm: 0.94 | dt: 8291.21ms | tok/sec: 126,468 | bf16_mfu: 5.07 | epoch: 1 pq: 50 rg: 47 | total time: 298.09m | eta: 472.2m
step 02162/05568 (38.83%) | loss: 2.640792 | lrm: 0.94 | dt: 8295.13ms | tok/sec: 126,408 | bf16_mfu: 5.07 | epoch: 1 pq: 50 rg: 49 | total time: 298.23m | eta: 472.0m
step 02163/05568 (38.85%) | loss: 2.630381 | lrm: 0.94 | dt: 8302.15ms | tok/sec: 126,301 | bf16_mfu: 5.06 | epoch: 1 pq: 50 rg: 51 | total time: 298.37m | eta: 471.9m
step 02164/05568 (38.86%) | loss: 2.634682 | lrm: 0.94 | dt: 8306.63ms | tok/sec: 126,233 | bf16_mfu: 5.06 | epoch: 1 pq: 50 rg: 53 | total time: 298.51m | eta: 471.7m
step 02165/05568 (38.88%) | loss: 2.618161 | lrm: 0.94 | dt: 8306.08ms | tok/sec: 126,241 | bf16_mfu: 5.06 | epoch: 1 pq: 50 rg: 55 | total time: 298.65m | eta: 471.6m
step 02166/05568 (38.90%) | loss: 2.610740 | lrm: 0.94 | dt: 8284.32ms | tok/sec: 126,573 | bf16_mfu: 5.07 | epoch: 1 pq: 50 rg: 57 | total time: 298.78m | eta: 471.5m
step 02167/05568 (38.92%) | loss: 2.627792 | lrm: 0.94 | dt: 8309.96ms | tok/sec: 126,183 | bf16_mfu: 5.06 | epoch: 1 pq: 50 rg: 58 | total time: 298.92m | eta: 471.3m
step 02168/05568 (38.94%) | loss: 2.621874 | lrm: 0.94 | dt: 8286.67ms | tok/sec: 126,537 | bf16_mfu: 5.07 | epoch: 1 pq: 50 rg: 60 | total time: 299.06m | eta: 471.2m
step 02169/05568 (38.95%) | loss: 2.621118 | lrm: 0.94 | dt: 8294.45ms | tok/sec: 126,419 | bf16_mfu: 5.07 | epoch: 1 pq: 50 rg: 62 | total time: 299.20m | eta: 471.0m
step 02170/05568 (38.97%) | loss: 2.614025 | lrm: 0.94 | dt: 8287.67ms | tok/sec: 126,522 | bf16_mfu: 5.07 | epoch: 1 pq: 50 rg: 64 | total time: 299.34m | eta: 470.9m
step 02171/05568 (38.99%) | loss: 2.602168 | lrm: 0.94 | dt: 8301.03ms | tok/sec: 126,318 | bf16_mfu: 5.06 | epoch: 1 pq: 50 rg: 66 | total time: 299.48m | eta: 470.8m
step 02172/05568 (39.01%) | loss: 2.591680 | lrm: 0.94 | dt: 8290.66ms | tok/sec: 126,476 | bf16_mfu: 5.07 | epoch: 1 pq: 50 rg: 68 | total time: 299.61m | eta: 470.6m
step 02173/05568 (39.03%) | loss: 2.609267 | lrm: 0.94 | dt: 8289.55ms | tok/sec: 126,493 | bf16_mfu: 5.07 | epoch: 1 pq: 50 rg: 70 | total time: 299.75m | eta: 470.5m
step 02174/05568 (39.04%) | loss: 2.614498 | lrm: 0.94 | dt: 8305.17ms | tok/sec: 126,255 | bf16_mfu: 5.06 | epoch: 1 pq: 50 rg: 72 | total time: 299.89m | eta: 470.3m
step 02175/05568 (39.06%) | loss: 2.607674 | lrm: 0.94 | dt: 8281.83ms | tok/sec: 126,611 | bf16_mfu: 5.07 | epoch: 1 pq: 50 rg: 74 | total time: 300.03m | eta: 470.2m
step 02176/05568 (39.08%) | loss: 2.604830 | lrm: 0.94 | dt: 8305.55ms | tok/sec: 126,250 | bf16_mfu: 5.06 | epoch: 1 pq: 50 rg: 76 | total time: 300.17m | eta: 470.1m
step 02177/05568 (39.10%) | loss: 2.611647 | lrm: 0.94 | dt: 8303.68ms | tok/sec: 126,278 | bf16_mfu: 5.06 | epoch: 1 pq: 50 rg: 78 | total time: 300.31m | eta: 469.9m
step 02178/05568 (39.12%) | loss: 2.602923 | lrm: 0.94 | dt: 8294.22ms | tok/sec: 126,422 | bf16_mfu: 5.07 | epoch: 1 pq: 50 rg: 80 | total time: 300.44m | eta: 469.8m
step 02179/05568 (39.13%) | loss: 2.612180 | lrm: 0.94 | dt: 8295.20ms | tok/sec: 126,407 | bf16_mfu: 5.07 | epoch: 1 pq: 51 rg: 1 | total time: 300.58m | eta: 469.7m
step 02180/05568 (39.15%) | loss: 2.608565 | lrm: 0.94 | dt: 8296.94ms | tok/sec: 126,381 | bf16_mfu: 5.07 | epoch: 1 pq: 51 rg: 3 | total time: 300.72m | eta: 469.5m
step 02181/05568 (39.17%) | loss: 2.613277 | lrm: 0.94 | dt: 8288.00ms | tok/sec: 126,517 | bf16_mfu: 5.07 | epoch: 1 pq: 51 rg: 4 | total time: 300.86m | eta: 469.4m
step 02182/05568 (39.19%) | loss: 2.608057 | lrm: 0.94 | dt: 8296.85ms | tok/sec: 126,382 | bf16_mfu: 5.07 | epoch: 1 pq: 51 rg: 6 | total time: 301.00m | eta: 469.2m
step 02183/05568 (39.21%) | loss: 2.592244 | lrm: 0.94 | dt: 8311.99ms | tok/sec: 126,152 | bf16_mfu: 5.06 | epoch: 1 pq: 51 rg: 8 | total time: 301.14m | eta: 469.1m
step 02184/05568 (39.22%) | loss: 2.593270 | lrm: 0.94 | dt: 8290.31ms | tok/sec: 126,482 | bf16_mfu: 5.07 | epoch: 1 pq: 51 rg: 10 | total time: 301.27m | eta: 469.0m
step 02185/05568 (39.24%) | loss: 2.606163 | lrm: 0.94 | dt: 8295.47ms | tok/sec: 126,403 | bf16_mfu: 5.07 | epoch: 1 pq: 51 rg: 12 | total time: 301.41m | eta: 468.8m
step 02186/05568 (39.26%) | loss: 2.617790 | lrm: 0.94 | dt: 8302.55ms | tok/sec: 126,295 | bf16_mfu: 5.06 | epoch: 1 pq: 51 rg: 14 | total time: 301.55m | eta: 468.7m
step 02187/05568 (39.28%) | loss: 2.633733 | lrm: 0.94 | dt: 8307.88ms | tok/sec: 126,214 | bf16_mfu: 5.06 | epoch: 1 pq: 51 rg: 16 | total time: 301.69m | eta: 468.5m
step 02188/05568 (39.30%) | loss: 2.629907 | lrm: 0.94 | dt: 8298.55ms | tok/sec: 126,356 | bf16_mfu: 5.06 | epoch: 1 pq: 51 rg: 18 | total time: 301.83m | eta: 468.4m
step 02189/05568 (39.31%) | loss: 2.615425 | lrm: 0.94 | dt: 8290.99ms | tok/sec: 126,471 | bf16_mfu: 5.07 | epoch: 1 pq: 51 rg: 20 | total time: 301.97m | eta: 468.3m
step 02190/05568 (39.33%) | loss: 2.622110 | lrm: 0.94 | dt: 8319.92ms | tok/sec: 126,031 | bf16_mfu: 5.05 | epoch: 1 pq: 51 rg: 22 | total time: 302.10m | eta: 468.1m
step 02191/05568 (39.35%) | loss: 2.623219 | lrm: 0.94 | dt: 8244.71ms | tok/sec: 127,181 | bf16_mfu: 5.10 | epoch: 1 pq: 51 rg: 24 | total time: 302.24m | eta: 468.0m
step 02192/05568 (39.37%) | loss: 2.630093 | lrm: 0.94 | dt: 8255.52ms | tok/sec: 127,015 | bf16_mfu: 5.09 | epoch: 1 pq: 51 rg: 26 | total time: 302.38m | eta: 467.8m
step 02193/05568 (39.39%) | loss: 2.624697 | lrm: 0.94 | dt: 8251.16ms | tok/sec: 127,082 | bf16_mfu: 5.09 | epoch: 1 pq: 51 rg: 27 | total time: 302.52m | eta: 467.7m
step 02194/05568 (39.40%) | loss: 2.619727 | lrm: 0.94 | dt: 8247.44ms | tok/sec: 127,139 | bf16_mfu: 5.10 | epoch: 1 pq: 51 rg: 29 | total time: 302.65m | eta: 467.6m
step 02195/05568 (39.42%) | loss: 2.621679 | lrm: 0.94 | dt: 8253.32ms | tok/sec: 127,048 | bf16_mfu: 5.09 | epoch: 1 pq: 51 rg: 31 | total time: 302.79m | eta: 467.4m
step 02196/05568 (39.44%) | loss: 2.624244 | lrm: 0.94 | dt: 8252.70ms | tok/sec: 127,058 | bf16_mfu: 5.09 | epoch: 1 pq: 51 rg: 33 | total time: 302.93m | eta: 467.3m
step 02197/05568 (39.46%) | loss: 2.629662 | lrm: 0.93 | dt: 8253.11ms | tok/sec: 127,052 | bf16_mfu: 5.09 | epoch: 1 pq: 51 rg: 35 | total time: 303.07m | eta: 467.1m
step 02198/05568 (39.48%) | loss: 2.615959 | lrm: 0.93 | dt: 8248.95ms | tok/sec: 127,116 | bf16_mfu: 5.09 | epoch: 1 pq: 51 rg: 37 | total time: 303.20m | eta: 467.0m
step 02199/05568 (39.49%) | loss: 2.627524 | lrm: 0.93 | dt: 8248.65ms | tok/sec: 127,120 | bf16_mfu: 5.09 | epoch: 1 pq: 51 rg: 39 | total time: 303.34m | eta: 466.9m
step 02200/05568 (39.51%) | loss: 2.616368 | lrm: 0.93 | dt: 8245.82ms | tok/sec: 127,164 | bf16_mfu: 5.10 | epoch: 1 pq: 51 rg: 41 | total time: 303.48m | eta: 466.7m
step 02201/05568 (39.53%) | loss: 2.631335 | lrm: 0.93 | dt: 8250.40ms | tok/sec: 127,093 | bf16_mfu: 5.09 | epoch: 1 pq: 51 rg: 43 | total time: 303.62m | eta: 466.6m
step 02202/05568 (39.55%) | loss: 2.618632 | lrm: 0.93 | dt: 8247.44ms | tok/sec: 127,139 | bf16_mfu: 5.10 | epoch: 1 pq: 51 rg: 45 | total time: 303.75m | eta: 466.4m
step 02203/05568 (39.57%) | loss: 2.620374 | lrm: 0.93 | dt: 8250.32ms | tok/sec: 127,095 | bf16_mfu: 5.09 | epoch: 1 pq: 51 rg: 47 | total time: 303.89m | eta: 466.3m
step 02204/05568 (39.58%) | loss: 2.616763 | lrm: 0.93 | dt: 8241.17ms | tok/sec: 127,236 | bf16_mfu: 5.10 | epoch: 1 pq: 51 rg: 49 | total time: 304.03m | eta: 466.2m
step 02205/05568 (39.60%) | loss: 2.632630 | lrm: 0.93 | dt: 8260.54ms | tok/sec: 126,937 | bf16_mfu: 5.09 | epoch: 1 pq: 51 rg: 51 | total time: 304.17m | eta: 466.0m
step 02206/05568 (39.62%) | loss: 2.626951 | lrm: 0.93 | dt: 8237.97ms | tok/sec: 127,285 | bf16_mfu: 5.10 | epoch: 1 pq: 51 rg: 53 | total time: 304.30m | eta: 465.9m
step 02207/05568 (39.64%) | loss: 2.646151 | lrm: 0.93 | dt: 8240.94ms | tok/sec: 127,239 | bf16_mfu: 5.10 | epoch: 1 pq: 51 rg: 54 | total time: 304.44m | eta: 465.7m
step 02208/05568 (39.66%) | loss: 2.645137 | lrm: 0.93 | dt: 8240.03ms | tok/sec: 127,253 | bf16_mfu: 5.10 | epoch: 1 pq: 51 rg: 56 | total time: 304.58m | eta: 465.6m
step 02209/05568 (39.67%) | loss: 2.638364 | lrm: 0.93 | dt: 8248.98ms | tok/sec: 127,115 | bf16_mfu: 5.09 | epoch: 1 pq: 51 rg: 58 | total time: 304.72m | eta: 465.5m
step 02210/05568 (39.69%) | loss: 2.628308 | lrm: 0.93 | dt: 8248.68ms | tok/sec: 127,120 | bf16_mfu: 5.09 | epoch: 1 pq: 51 rg: 60 | total time: 304.85m | eta: 465.3m
step 02211/05568 (39.71%) | loss: 2.622120 | lrm: 0.93 | dt: 8245.39ms | tok/sec: 127,171 | bf16_mfu: 5.10 | epoch: 1 pq: 51 rg: 62 | total time: 304.99m | eta: 465.2m
step 02212/05568 (39.73%) | loss: 2.631418 | lrm: 0.93 | dt: 8248.37ms | tok/sec: 127,125 | bf16_mfu: 5.09 | epoch: 1 pq: 51 rg: 64 | total time: 305.13m | eta: 465.0m
step 02213/05568 (39.74%) | loss: 2.645336 | lrm: 0.93 | dt: 8248.25ms | tok/sec: 127,127 | bf16_mfu: 5.10 | epoch: 1 pq: 51 rg: 66 | total time: 305.27m | eta: 464.9m
step 02214/05568 (39.76%) | loss: 2.645382 | lrm: 0.93 | dt: 8245.19ms | tok/sec: 127,174 | bf16_mfu: 5.10 | epoch: 1 pq: 51 rg: 68 | total time: 305.40m | eta: 464.8m
step 02215/05568 (39.78%) | loss: 2.647009 | lrm: 0.93 | dt: 8304.16ms | tok/sec: 126,271 | bf16_mfu: 5.06 | epoch: 1 pq: 51 rg: 70 | total time: 305.54m | eta: 464.6m
step 02216/05568 (39.80%) | loss: 2.635746 | lrm: 0.93 | dt: 8243.47ms | tok/sec: 127,200 | bf16_mfu: 5.10 | epoch: 1 pq: 51 rg: 72 | total time: 305.68m | eta: 464.5m
step 02217/05568 (39.82%) | loss: 2.633072 | lrm: 0.93 | dt: 8237.54ms | tok/sec: 127,292 | bf16_mfu: 5.10 | epoch: 1 pq: 51 rg: 74 | total time: 305.82m | eta: 464.3m
step 02218/05568 (39.83%) | loss: 2.631646 | lrm: 0.93 | dt: 8255.11ms | tok/sec: 127,021 | bf16_mfu: 5.09 | epoch: 1 pq: 51 rg: 76 | total time: 305.95m | eta: 464.2m
step 02219/05568 (39.85%) | loss: 2.629855 | lrm: 0.93 | dt: 8250.94ms | tok/sec: 127,085 | bf16_mfu: 5.09 | epoch: 1 pq: 51 rg: 78 | total time: 306.09m | eta: 464.1m
step 02220/05568 (39.87%) | loss: 2.613027 | lrm: 0.93 | dt: 8249.94ms | tok/sec: 127,101 | bf16_mfu: 5.09 | epoch: 1 pq: 51 rg: 80 | total time: 306.23m | eta: 463.9m
step 02221/05568 (39.89%) | loss: 2.608911 | lrm: 0.93 | dt: 8246.51ms | tok/sec: 127,153 | bf16_mfu: 5.10 | epoch: 1 pq: 51 rg: 81 | total time: 306.37m | eta: 463.8m
step 02222/05568 (39.91%) | loss: 2.611414 | lrm: 0.93 | dt: 8250.53ms | tok/sec: 127,092 | bf16_mfu: 5.09 | epoch: 1 pq: 52 rg: 1 | total time: 306.50m | eta: 463.6m
step 02223/05568 (39.92%) | loss: 2.601290 | lrm: 0.93 | dt: 8245.94ms | tok/sec: 127,162 | bf16_mfu: 5.10 | epoch: 1 pq: 52 rg: 3 | total time: 306.64m | eta: 463.5m
step 02224/05568 (39.94%) | loss: 2.593942 | lrm: 0.93 | dt: 8252.70ms | tok/sec: 127,058 | bf16_mfu: 5.09 | epoch: 1 pq: 52 rg: 5 | total time: 306.78m | eta: 463.4m
step 02225/05568 (39.96%) | loss: 2.587064 | lrm: 0.93 | dt: 8254.86ms | tok/sec: 127,025 | bf16_mfu: 5.09 | epoch: 1 pq: 52 rg: 7 | total time: 306.92m | eta: 463.2m
step 02226/05568 (39.98%) | loss: 2.590602 | lrm: 0.93 | dt: 8256.88ms | tok/sec: 126,994 | bf16_mfu: 5.09 | epoch: 1 pq: 52 rg: 9 | total time: 307.05m | eta: 463.1m
step 02227/05568 (40.00%) | loss: 2.597989 | lrm: 0.93 | dt: 8248.16ms | tok/sec: 127,128 | bf16_mfu: 5.10 | epoch: 1 pq: 52 rg: 11 | total time: 307.19m | eta: 462.9m
step 02228/05568 (40.01%) | loss: 2.589165 | lrm: 0.93 | dt: 8249.30ms | tok/sec: 127,110 | bf16_mfu: 5.09 | epoch: 1 pq: 52 rg: 13 | total time: 307.33m | eta: 462.8m
step 02229/05568 (40.03%) | loss: 2.593136 | lrm: 0.93 | dt: 8254.02ms | tok/sec: 127,038 | bf16_mfu: 5.09 | epoch: 1 pq: 52 rg: 15 | total time: 307.47m | eta: 462.7m
step 02230/05568 (40.05%) | loss: 2.600032 | lrm: 0.93 | dt: 8249.85ms | tok/sec: 127,102 | bf16_mfu: 5.09 | epoch: 1 pq: 52 rg: 17 | total time: 307.60m | eta: 462.5m
step 02231/05568 (40.07%) | loss: 2.596664 | lrm: 0.93 | dt: 8253.56ms | tok/sec: 127,045 | bf16_mfu: 5.09 | epoch: 1 pq: 52 rg: 19 | total time: 307.74m | eta: 462.4m
step 02232/05568 (40.09%) | loss: 2.613563 | lrm: 0.93 | dt: 8247.97ms | tok/sec: 127,131 | bf16_mfu: 5.10 | epoch: 1 pq: 52 rg: 21 | total time: 307.88m | eta: 462.2m
step 02233/05568 (40.10%) | loss: 2.621351 | lrm: 0.93 | dt: 8244.55ms | tok/sec: 127,184 | bf16_mfu: 5.10 | epoch: 1 pq: 52 rg: 23 | total time: 308.02m | eta: 462.1m
step 02234/05568 (40.12%) | loss: 2.632949 | lrm: 0.93 | dt: 8251.31ms | tok/sec: 127,079 | bf16_mfu: 5.09 | epoch: 1 pq: 52 rg: 24 | total time: 308.15m | eta: 462.0m
step 02235/05568 (40.14%) | loss: 2.620297 | lrm: 0.92 | dt: 8286.82ms | tok/sec: 126,535 | bf16_mfu: 5.07 | epoch: 1 pq: 52 rg: 26 | total time: 308.29m | eta: 461.8m
step 02236/05568 (40.16%) | loss: 2.623545 | lrm: 0.92 | dt: 8248.78ms | tok/sec: 127,118 | bf16_mfu: 5.09 | epoch: 1 pq: 52 rg: 28 | total time: 308.43m | eta: 461.7m
step 02237/05568 (40.18%) | loss: 2.635262 | lrm: 0.92 | dt: 8254.10ms | tok/sec: 127,036 | bf16_mfu: 5.09 | epoch: 1 pq: 52 rg: 30 | total time: 308.57m | eta: 461.5m
step 02238/05568 (40.19%) | loss: 2.627484 | lrm: 0.92 | dt: 8242.80ms | tok/sec: 127,211 | bf16_mfu: 5.10 | epoch: 1 pq: 52 rg: 32 | total time: 308.70m | eta: 461.4m
step 02239/05568 (40.21%) | loss: 2.621060 | lrm: 0.92 | dt: 8253.73ms | tok/sec: 127,042 | bf16_mfu: 5.09 | epoch: 1 pq: 52 rg: 34 | total time: 308.84m | eta: 461.3m
step 02240/05568 (40.23%) | loss: 2.627809 | lrm: 0.92 | dt: 8252.55ms | tok/sec: 127,060 | bf16_mfu: 5.09 | epoch: 1 pq: 52 rg: 36 | total time: 308.98m | eta: 461.1m
step 02241/05568 (40.25%) | loss: 2.628550 | lrm: 0.92 | dt: 8248.97ms | tok/sec: 127,116 | bf16_mfu: 5.09 | epoch: 1 pq: 52 rg: 38 | total time: 309.12m | eta: 461.0m
step 02242/05568 (40.27%) | loss: 2.615997 | lrm: 0.92 | dt: 8257.82ms | tok/sec: 126,979 | bf16_mfu: 5.09 | epoch: 1 pq: 52 rg: 40 | total time: 309.25m | eta: 460.8m
step 02243/05568 (40.28%) | loss: 2.621273 | lrm: 0.92 | dt: 8243.63ms | tok/sec: 127,198 | bf16_mfu: 5.10 | epoch: 1 pq: 52 rg: 42 | total time: 309.39m | eta: 460.7m
step 02244/05568 (40.30%) | loss: 2.621275 | lrm: 0.92 | dt: 8247.47ms | tok/sec: 127,139 | bf16_mfu: 5.10 | epoch: 1 pq: 52 rg: 44 | total time: 309.53m | eta: 460.6m
step 02245/05568 (40.32%) | loss: 2.632301 | lrm: 0.92 | dt: 8252.75ms | tok/sec: 127,057 | bf16_mfu: 5.09 | epoch: 1 pq: 52 rg: 46 | total time: 309.67m | eta: 460.4m
step 02246/05568 (40.34%) | loss: 2.626357 | lrm: 0.92 | dt: 8250.01ms | tok/sec: 127,100 | bf16_mfu: 5.09 | epoch: 1 pq: 52 rg: 48 | total time: 309.80m | eta: 460.3m
step 02247/05568 (40.36%) | loss: 2.635220 | lrm: 0.92 | dt: 8249.81ms | tok/sec: 127,103 | bf16_mfu: 5.09 | epoch: 1 pq: 52 rg: 50 | total time: 309.94m | eta: 460.1m
step 02248/05568 (40.37%) | loss: 2.632349 | lrm: 0.92 | dt: 8245.18ms | tok/sec: 127,174 | bf16_mfu: 5.10 | epoch: 1 pq: 52 rg: 52 | total time: 310.08m | eta: 460.0m
step 02249/05568 (40.39%) | loss: 2.640748 | lrm: 0.92 | dt: 8252.58ms | tok/sec: 127,060 | bf16_mfu: 5.09 | epoch: 1 pq: 52 rg: 53 | total time: 310.22m | eta: 459.9m
Step 02250 | Validation bpb: 0.798244
2026-10-08 01:02:59,266 - nanochat.checkpoint_manager - [32m[1mINFO[0m - Saved model parameters to: /home/astarostin/.cache/nanochat/base_checkpoints/d24_1xh100/model_002250.pt
2026-10-08 01:02:59,268 - nanochat.checkpoint_manager - [32m[1mINFO[0m - Saved metadata to: /home/astarostin/.cache/nanochat/base_checkpoints/d24_1xh100/meta_002250.json
2026-10-08 01:03:08,497 - nanochat.checkpoint_manager - [32m[1mINFO[0m - Saved optimizer state to: /home/astarostin/.cache/nanochat/base_checkpoints/d24_1xh100/optim_002250_rank0.pt
step 02250/05568 (40.41%) | loss: 2.636418 | lrm: 0.92 | dt: 8245.02ms | tok/sec: 127,176 | bf16_mfu: 5.10 | epoch: 1 pq: 52 rg: 55 | total time: 310.35m | eta: 459.7m
step 02251/05568 (40.43%) | loss: 2.625003 | lrm: 0.92 | dt: 8266.57ms | tok/sec: 126,845 | bf16_mfu: 5.08 | epoch: 1 pq: 52 rg: 57 | total time: 310.49m | eta: 459.6m
step 02252/05568 (40.45%) | loss: 2.635660 | lrm: 0.92 | dt: 8280.21ms | tok/sec: 126,636 | bf16_mfu: 5.08 | epoch: 1 pq: 52 rg: 59 | total time: 310.63m | eta: 459.4m
step 02253/05568 (40.46%) | loss: 2.613273 | lrm: 0.92 | dt: 8287.04ms | tok/sec: 126,532 | bf16_mfu: 5.07 | epoch: 1 pq: 52 rg: 61 | total time: 310.77m | eta: 459.3m
step 02254/05568 (40.48%) | loss: 2.621528 | lrm: 0.92 | dt: 8278.83ms | tok/sec: 126,657 | bf16_mfu: 5.08 | epoch: 1 pq: 52 rg: 63 | total time: 310.91m | eta: 459.2m
step 02255/05568 (40.50%) | loss: 2.618478 | lrm: 0.92 | dt: 8283.76ms | tok/sec: 126,582 | bf16_mfu: 5.07 | epoch: 1 pq: 52 rg: 65 | total time: 311.04m | eta: 459.0m
step 02256/05568 (40.52%) | loss: 2.624623 | lrm: 0.92 | dt: 8298.03ms | tok/sec: 126,364 | bf16_mfu: 5.06 | epoch: 1 pq: 52 rg: 67 | total time: 311.18m | eta: 458.9m
step 02257/05568 (40.54%) | loss: 2.612305 | lrm: 0.92 | dt: 8291.96ms | tok/sec: 126,456 | bf16_mfu: 5.07 | epoch: 1 pq: 52 rg: 69 | total time: 311.32m | eta: 458.7m
step 02258/05568 (40.55%) | loss: 2.610679 | lrm: 0.92 | dt: 8302.27ms | tok/sec: 126,299 | bf16_mfu: 5.06 | epoch: 1 pq: 52 rg: 71 | total time: 311.46m | eta: 458.6m
step 02259/05568 (40.57%) | loss: 2.609803 | lrm: 0.92 | dt: 8290.02ms | tok/sec: 126,486 | bf16_mfu: 5.07 | epoch: 1 pq: 52 rg: 73 | total time: 311.60m | eta: 458.5m
step 02260/05568 (40.59%) | loss: 2.611612 | lrm: 0.92 | dt: 8284.01ms | tok/sec: 126,578 | bf16_mfu: 5.07 | epoch: 1 pq: 52 rg: 75 | total time: 311.74m | eta: 458.3m
step 02261/05568 (40.61%) | loss: 2.627837 | lrm: 0.92 | dt: 8293.49ms | tok/sec: 126,433 | bf16_mfu: 5.07 | epoch: 1 pq: 52 rg: 77 | total time: 311.87m | eta: 458.2m
step 02262/05568 (40.62%) | loss: 2.636696 | lrm: 0.92 | dt: 8356.07ms | tok/sec: 125,486 | bf16_mfu: 5.03 | epoch: 1 pq: 52 rg: 79 | total time: 312.01m | eta: 458.0m
step 02263/05568 (40.64%) | loss: 2.641774 | lrm: 0.92 | dt: 8302.40ms | tok/sec: 126,297 | bf16_mfu: 5.06 | epoch: 1 pq: 52 rg: 81 | total time: 312.15m | eta: 457.9m
step 02264/05568 (40.66%) | loss: 2.648370 | lrm: 0.92 | dt: 8296.19ms | tok/sec: 126,392 | bf16_mfu: 5.07 | epoch: 1 pq: 53 rg: 0 | total time: 312.29m | eta: 457.8m
step 02265/05568 (40.68%) | loss: 2.638691 | lrm: 0.92 | dt: 8300.52ms | tok/sec: 126,326 | bf16_mfu: 5.06 | epoch: 1 pq: 53 rg: 2 | total time: 312.43m | eta: 457.6m
step 02266/05568 (40.70%) | loss: 2.638132 | lrm: 0.92 | dt: 8296.45ms | tok/sec: 126,388 | bf16_mfu: 5.07 | epoch: 1 pq: 53 rg: 4 | total time: 312.57m | eta: 457.5m
step 02267/05568 (40.71%) | loss: 2.619247 | lrm: 0.92 | dt: 8306.54ms | tok/sec: 126,234 | bf16_mfu: 5.06 | epoch: 1 pq: 53 rg: 6 | total time: 312.70m | eta: 457.3m
step 02268/05568 (40.73%) | loss: 2.608294 | lrm: 0.92 | dt: 8298.62ms | tok/sec: 126,355 | bf16_mfu: 5.06 | epoch: 1 pq: 53 rg: 8 | total time: 312.84m | eta: 457.2m
step 02269/05568 (40.75%) | loss: 2.617592 | lrm: 0.92 | dt: 8297.49ms | tok/sec: 126,372 | bf16_mfu: 5.06 | epoch: 1 pq: 53 rg: 10 | total time: 312.98m | eta: 457.1m
step 02270/05568 (40.77%) | loss: 2.628058 | lrm: 0.92 | dt: 8353.38ms | tok/sec: 125,527 | bf16_mfu: 5.03 | epoch: 1 pq: 53 rg: 12 | total time: 313.12m | eta: 456.9m
step 02271/05568 (40.79%) | loss: 2.625340 | lrm: 0.92 | dt: 8311.17ms | tok/sec: 126,164 | bf16_mfu: 5.06 | epoch: 1 pq: 53 rg: 14 | total time: 313.26m | eta: 456.8m
step 02272/05568 (40.80%) | loss: 2.618745 | lrm: 0.92 | dt: 8313.51ms | tok/sec: 126,129 | bf16_mfu: 5.06 | epoch: 1 pq: 53 rg: 16 | total time: 313.40m | eta: 456.7m
step 02273/05568 (40.82%) | loss: 2.618207 | lrm: 0.91 | dt: 8299.51ms | tok/sec: 126,341 | bf16_mfu: 5.06 | epoch: 1 pq: 53 rg: 18 | total time: 313.54m | eta: 456.5m
step 02274/05568 (40.84%) | loss: 2.618087 | lrm: 0.91 | dt: 8298.64ms | tok/sec: 126,355 | bf16_mfu: 5.06 | epoch: 1 pq: 53 rg: 20 | total time: 313.67m | eta: 456.4m
step 02275/05568 (40.86%) | loss: 2.630552 | lrm: 0.91 | dt: 8299.59ms | tok/sec: 126,340 | bf16_mfu: 5.06 | epoch: 1 pq: 53 rg: 22 | total time: 313.81m | eta: 456.2m
step 02276/05568 (40.88%) | loss: 2.611246 | lrm: 0.91 | dt: 8296.06ms | tok/sec: 126,394 | bf16_mfu: 5.07 | epoch: 1 pq: 53 rg: 24 | total time: 313.95m | eta: 456.1m
step 02277/05568 (40.89%) | loss: 2.590471 | lrm: 0.91 | dt: 8296.81ms | tok/sec: 126,383 | bf16_mfu: 5.07 | epoch: 1 pq: 53 rg: 26 | total time: 314.09m | eta: 456.0m
step 02278/05568 (40.91%) | loss: 2.586840 | lrm: 0.91 | dt: 8382.83ms | tok/sec: 125,086 | bf16_mfu: 5.01 | epoch: 1 pq: 53 rg: 28 | total time: 314.23m | eta: 455.8m
step 02279/05568 (40.93%) | loss: 2.593141 | lrm: 0.91 | dt: 8246.09ms | tok/sec: 127,160 | bf16_mfu: 5.10 | epoch: 1 pq: 53 rg: 29 | total time: 314.37m | eta: 455.7m
step 02280/05568 (40.95%) | loss: 2.617078 | lrm: 0.91 | dt: 8240.51ms | tok/sec: 127,246 | bf16_mfu: 5.10 | epoch: 1 pq: 53 rg: 31 | total time: 314.50m | eta: 455.5m
step 02281/05568 (40.97%) | loss: 2.626319 | lrm: 0.91 | dt: 8249.08ms | tok/sec: 127,114 | bf16_mfu: 5.09 | epoch: 1 pq: 53 rg: 33 | total time: 314.64m | eta: 455.4m
step 02282/05568 (40.98%) | loss: 2.633612 | lrm: 0.91 | dt: 8256.13ms | tok/sec: 127,005 | bf16_mfu: 5.09 | epoch: 1 pq: 53 rg: 35 | total time: 314.78m | eta: 455.3m
step 02283/05568 (41.00%) | loss: 2.634818 | lrm: 0.91 | dt: 8251.06ms | tok/sec: 127,083 | bf16_mfu: 5.09 | epoch: 1 pq: 53 rg: 37 | total time: 314.92m | eta: 455.1m
step 02284/05568 (41.02%) | loss: 2.654596 | lrm: 0.91 | dt: 8249.04ms | tok/sec: 127,114 | bf16_mfu: 5.09 | epoch: 1 pq: 53 rg: 39 | total time: 315.05m | eta: 455.0m
step 02285/05568 (41.04%) | loss: 2.657656 | lrm: 0.91 | dt: 8251.44ms | tok/sec: 127,077 | bf16_mfu: 5.09 | epoch: 1 pq: 53 rg: 41 | total time: 315.19m | eta: 454.8m
step 02286/05568 (41.06%) | loss: 2.661205 | lrm: 0.91 | dt: 8248.22ms | tok/sec: 127,127 | bf16_mfu: 5.10 | epoch: 1 pq: 53 rg: 43 | total time: 315.33m | eta: 454.7m
step 02287/05568 (41.07%) | loss: 2.656185 | lrm: 0.91 | dt: 8248.95ms | tok/sec: 127,116 | bf16_mfu: 5.09 | epoch: 1 pq: 53 rg: 45 | total time: 315.47m | eta: 454.6m
step 02288/05568 (41.09%) | loss: 2.663014 | lrm: 0.91 | dt: 8244.30ms | tok/sec: 127,187 | bf16_mfu: 5.10 | epoch: 1 pq: 53 rg: 47 | total time: 315.60m | eta: 454.4m
step 02289/05568 (41.11%) | loss: 2.663140 | lrm: 0.91 | dt: 8260.72ms | tok/sec: 126,935 | bf16_mfu: 5.09 | epoch: 1 pq: 53 rg: 49 | total time: 315.74m | eta: 454.3m
step 02290/05568 (41.13%) | loss: 2.644537 | lrm: 0.91 | dt: 8255.78ms | tok/sec: 127,011 | bf16_mfu: 5.09 | epoch: 1 pq: 53 rg: 51 | total time: 315.88m | eta: 454.1m
step 02291/05568 (41.15%) | loss: 2.641123 | lrm: 0.91 | dt: 8252.98ms | tok/sec: 127,054 | bf16_mfu: 5.09 | epoch: 1 pq: 53 rg: 53 | total time: 316.02m | eta: 454.0m
step 02292/05568 (41.16%) | loss: 2.647015 | lrm: 0.91 | dt: 8253.99ms | tok/sec: 127,038 | bf16_mfu: 5.09 | epoch: 1 pq: 53 rg: 54 | total time: 316.15m | eta: 453.9m
step 02293/05568 (41.18%) | loss: 2.636008 | lrm: 0.91 | dt: 8252.19ms | tok/sec: 127,066 | bf16_mfu: 5.09 | epoch: 1 pq: 53 rg: 56 | total time: 316.29m | eta: 453.7m
step 02294/05568 (41.20%) | loss: 2.633015 | lrm: 0.91 | dt: 8257.83ms | tok/sec: 126,979 | bf16_mfu: 5.09 | epoch: 1 pq: 53 rg: 58 | total time: 316.43m | eta: 453.6m
step 02295/05568 (41.22%) | loss: 2.634064 | lrm: 0.91 | dt: 8333.66ms | tok/sec: 125,824 | bf16_mfu: 5.04 | epoch: 1 pq: 53 rg: 60 | total time: 316.57m | eta: 453.4m
step 02296/05568 (41.24%) | loss: 2.628104 | lrm: 0.91 | dt: 8250.22ms | tok/sec: 127,096 | bf16_mfu: 5.09 | epoch: 1 pq: 53 rg: 62 | total time: 316.71m | eta: 453.3m
step 02297/05568 (41.25%) | loss: 2.637171 | lrm: 0.91 | dt: 8251.71ms | tok/sec: 127,073 | bf16_mfu: 5.09 | epoch: 1 pq: 53 rg: 64 | total time: 316.84m | eta: 453.2m
step 02298/05568 (41.27%) | loss: 2.656044 | lrm: 0.91 | dt: 8251.50ms | tok/sec: 127,076 | bf16_mfu: 5.09 | epoch: 1 pq: 53 rg: 66 | total time: 316.98m | eta: 453.0m
step 02299/05568 (41.29%) | loss: 2.631059 | lrm: 0.91 | dt: 8246.56ms | tok/sec: 127,153 | bf16_mfu: 5.10 | epoch: 1 pq: 53 rg: 68 | total time: 317.12m | eta: 452.9m
step 02300/05568 (41.31%) | loss: 2.615396 | lrm: 0.91 | dt: 8248.54ms | tok/sec: 127,122 | bf16_mfu: 5.09 | epoch: 1 pq: 53 rg: 70 | total time: 317.26m | eta: 452.7m
step 02301/05568 (41.33%) | loss: 2.616429 | lrm: 0.91 | dt: 8258.29ms | tok/sec: 126,972 | bf16_mfu: 5.09 | epoch: 1 pq: 53 rg: 72 | total time: 317.39m | eta: 452.6m
step 02302/05568 (41.34%) | loss: 2.621131 | lrm: 0.91 | dt: 8302.92ms | tok/sec: 126,290 | bf16_mfu: 5.06 | epoch: 1 pq: 53 rg: 74 | total time: 317.53m | eta: 452.5m
step 02303/05568 (41.36%) | loss: 2.630098 | lrm: 0.91 | dt: 8248.86ms | tok/sec: 127,117 | bf16_mfu: 5.09 | epoch: 1 pq: 53 rg: 76 | total time: 317.67m | eta: 452.3m
step 02304/05568 (41.38%) | loss: 2.635737 | lrm: 0.91 | dt: 8238.39ms | tok/sec: 127,279 | bf16_mfu: 5.10 | epoch: 1 pq: 53 rg: 78 | total time: 317.81m | eta: 452.2m
step 02305/05568 (41.40%) | loss: 2.639385 | lrm: 0.91 | dt: 8252.37ms | tok/sec: 127,063 | bf16_mfu: 5.09 | epoch: 1 pq: 53 rg: 79 | total time: 317.94m | eta: 452.0m
step 02306/05568 (41.42%) | loss: 2.633695 | lrm: 0.91 | dt: 8257.54ms | tok/sec: 126,984 | bf16_mfu: 5.09 | epoch: 1 pq: 54 rg: 0 | total time: 318.08m | eta: 451.9m
step 02307/05568 (41.43%) | loss: 2.619931 | lrm: 0.91 | dt: 8254.52ms | tok/sec: 127,030 | bf16_mfu: 5.09 | epoch: 1 pq: 54 rg: 2 | total time: 318.22m | eta: 451.8m
step 02308/05568 (41.45%) | loss: 2.615189 | lrm: 0.91 | dt: 8249.81ms | tok/sec: 127,103 | bf16_mfu: 5.09 | epoch: 1 pq: 54 rg: 4 | total time: 318.36m | eta: 451.6m
step 02309/05568 (41.47%) | loss: 2.625438 | lrm: 0.91 | dt: 8251.79ms | tok/sec: 127,072 | bf16_mfu: 5.09 | epoch: 1 pq: 54 rg: 6 | total time: 318.49m | eta: 451.5m
step 02310/05568 (41.49%) | loss: 2.614726 | lrm: 0.91 | dt: 8254.44ms | tok/sec: 127,031 | bf16_mfu: 5.09 | epoch: 1 pq: 54 rg: 8 | total time: 318.63m | eta: 451.3m
step 02311/05568 (41.51%) | loss: 2.602194 | lrm: 0.90 | dt: 8253.34ms | tok/sec: 127,048 | bf16_mfu: 5.09 | epoch: 1 pq: 54 rg: 10 | total time: 318.77m | eta: 451.2m
step 02312/05568 (41.52%) | loss: 2.588660 | lrm: 0.90 | dt: 8250.03ms | tok/sec: 127,099 | bf16_mfu: 5.09 | epoch: 1 pq: 54 rg: 12 | total time: 318.91m | eta: 451.1m
step 02313/05568 (41.54%) | loss: 2.594719 | lrm: 0.90 | dt: 8252.13ms | tok/sec: 127,067 | bf16_mfu: 5.09 | epoch: 1 pq: 54 rg: 14 | total time: 319.04m | eta: 450.9m
step 02314/05568 (41.56%) | loss: 2.584895 | lrm: 0.90 | dt: 8253.73ms | tok/sec: 127,042 | bf16_mfu: 5.09 | epoch: 1 pq: 54 rg: 16 | total time: 319.18m | eta: 450.8m
step 02315/05568 (41.58%) | loss: 2.580883 | lrm: 0.90 | dt: 8255.30ms | tok/sec: 127,018 | bf16_mfu: 5.09 | epoch: 1 pq: 54 rg: 18 | total time: 319.32m | eta: 450.6m
step 02316/05568 (41.59%) | loss: 2.591474 | lrm: 0.90 | dt: 8254.33ms | tok/sec: 127,033 | bf16_mfu: 5.09 | epoch: 1 pq: 54 rg: 20 | total time: 319.46m | eta: 450.5m
step 02317/05568 (41.61%) | loss: 2.610099 | lrm: 0.90 | dt: 8256.03ms | tok/sec: 127,007 | bf16_mfu: 5.09 | epoch: 1 pq: 54 rg: 22 | total time: 319.59m | eta: 450.4m
step 02318/05568 (41.63%) | loss: 2.613234 | lrm: 0.90 | dt: 8254.19ms | tok/sec: 127,035 | bf16_mfu: 5.09 | epoch: 1 pq: 54 rg: 24 | total time: 319.73m | eta: 450.2m
step 02319/05568 (41.65%) | loss: 2.628638 | lrm: 0.90 | dt: 8237.10ms | tok/sec: 127,299 | bf16_mfu: 5.10 | epoch: 1 pq: 54 rg: 26 | total time: 319.87m | eta: 450.1m
step 02320/05568 (41.67%) | loss: 2.620557 | lrm: 0.90 | dt: 8247.83ms | tok/sec: 127,133 | bf16_mfu: 5.10 | epoch: 1 pq: 54 rg: 28 | total time: 320.01m | eta: 449.9m
step 02321/05568 (41.68%) | loss: 2.629113 | lrm: 0.90 | dt: 8251.90ms | tok/sec: 127,070 | bf16_mfu: 5.09 | epoch: 1 pq: 54 rg: 29 | total time: 320.14m | eta: 449.8m
step 02322/05568 (41.70%) | loss: 2.600128 | lrm: 0.90 | dt: 8259.32ms | tok/sec: 126,956 | bf16_mfu: 5.09 | epoch: 1 pq: 54 rg: 31 | total time: 320.28m | eta: 449.7m
step 02323/05568 (41.72%) | loss: 2.603741 | lrm: 0.90 | dt: 8253.97ms | tok/sec: 127,039 | bf16_mfu: 5.09 | epoch: 1 pq: 54 rg: 33 | total time: 320.42m | eta: 449.5m
step 02324/05568 (41.74%) | loss: 2.592893 | lrm: 0.90 | dt: 8260.52ms | tok/sec: 126,938 | bf16_mfu: 5.09 | epoch: 1 pq: 54 rg: 35 | total time: 320.56m | eta: 449.4m
step 02325/05568 (41.76%) | loss: 2.603623 | lrm: 0.90 | dt: 8249.77ms | tok/sec: 127,103 | bf16_mfu: 5.09 | epoch: 1 pq: 54 rg: 37 | total time: 320.69m | eta: 449.2m
step 02326/05568 (41.77%) | loss: 2.622314 | lrm: 0.90 | dt: 8251.39ms | tok/sec: 127,078 | bf16_mfu: 5.09 | epoch: 1 pq: 54 rg: 39 | total time: 320.83m | eta: 449.1m
step 02327/05568 (41.79%) | loss: 2.625506 | lrm: 0.90 | dt: 8257.75ms | tok/sec: 126,980 | bf16_mfu: 5.09 | epoch: 1 pq: 54 rg: 41 | total time: 320.97m | eta: 449.0m
step 02328/05568 (41.81%) | loss: 2.620113 | lrm: 0.90 | dt: 8251.02ms | tok/sec: 127,084 | bf16_mfu: 5.09 | epoch: 1 pq: 54 rg: 43 | total time: 321.11m | eta: 448.8m
step 02329/05568 (41.83%) | loss: 2.610761 | lrm: 0.90 | dt: 8255.88ms | tok/sec: 127,009 | bf16_mfu: 5.09 | epoch: 1 pq: 54 rg: 45 | total time: 321.24m | eta: 448.7m
step 02330/05568 (41.85%) | loss: 2.612953 | lrm: 0.90 | dt: 8249.07ms | tok/sec: 127,114 | bf16_mfu: 5.09 | epoch: 1 pq: 54 rg: 47 | total time: 321.38m | eta: 448.6m
step 02331/05568 (41.86%) | loss: 2.608799 | lrm: 0.90 | dt: 8254.87ms | tok/sec: 127,025 | bf16_mfu: 5.09 | epoch: 1 pq: 54 rg: 49 | total time: 321.52m | eta: 448.4m
step 02332/05568 (41.88%) | loss: 2.615925 | lrm: 0.90 | dt: 8248.16ms | tok/sec: 127,128 | bf16_mfu: 5.10 | epoch: 1 pq: 54 rg: 51 | total time: 321.66m | eta: 448.3m
step 02333/05568 (41.90%) | loss: 2.608697 | lrm: 0.90 | dt: 8249.09ms | tok/sec: 127,114 | bf16_mfu: 5.09 | epoch: 1 pq: 54 rg: 53 | total time: 321.79m | eta: 448.1m
step 02334/05568 (41.92%) | loss: 2.609963 | lrm: 0.90 | dt: 8250.65ms | tok/sec: 127,090 | bf16_mfu: 5.09 | epoch: 1 pq: 54 rg: 55 | total time: 321.93m | eta: 448.0m
step 02335/05568 (41.94%) | loss: 2.606637 | lrm: 0.90 | dt: 8250.99ms | tok/sec: 127,084 | bf16_mfu: 5.09 | epoch: 1 pq: 54 rg: 57 | total time: 322.07m | eta: 447.9m
step 02336/05568 (41.95%) | loss: 2.606966 | lrm: 0.90 | dt: 8253.30ms | tok/sec: 127,049 | bf16_mfu: 5.09 | epoch: 1 pq: 54 rg: 59 | total time: 322.21m | eta: 447.7m
step 02337/05568 (41.97%) | loss: 2.607433 | lrm: 0.90 | dt: 8243.18ms | tok/sec: 127,205 | bf16_mfu: 5.10 | epoch: 1 pq: 54 rg: 61 | total time: 322.34m | eta: 447.6m
step 02338/05568 (41.99%) | loss: 2.616034 | lrm: 0.90 | dt: 8254.80ms | tok/sec: 127,026 | bf16_mfu: 5.09 | epoch: 1 pq: 54 rg: 62 | total time: 322.48m | eta: 447.4m
step 02339/05568 (42.01%) | loss: 2.611975 | lrm: 0.90 | dt: 8254.26ms | tok/sec: 127,034 | bf16_mfu: 5.09 | epoch: 1 pq: 54 rg: 64 | total time: 322.62m | eta: 447.3m
step 02340/05568 (42.03%) | loss: 2.624415 | lrm: 0.90 | dt: 8259.83ms | tok/sec: 126,948 | bf16_mfu: 5.09 | epoch: 1 pq: 54 rg: 66 | total time: 322.76m | eta: 447.2m
step 02341/05568 (42.04%) | loss: 2.627696 | lrm: 0.90 | dt: 8252.43ms | tok/sec: 127,062 | bf16_mfu: 5.09 | epoch: 1 pq: 54 rg: 68 | total time: 322.90m | eta: 447.0m
step 02342/05568 (42.06%) | loss: 2.622169 | lrm: 0.90 | dt: 8252.56ms | tok/sec: 127,060 | bf16_mfu: 5.09 | epoch: 1 pq: 54 rg: 70 | total time: 323.03m | eta: 446.9m
step 02343/05568 (42.08%) | loss: 2.633087 | lrm: 0.90 | dt: 8242.59ms | tok/sec: 127,214 | bf16_mfu: 5.10 | epoch: 1 pq: 54 rg: 72 | total time: 323.17m | eta: 446.7m
step 02344/05568 (42.10%) | loss: 2.630299 | lrm: 0.90 | dt: 8256.25ms | tok/sec: 127,003 | bf16_mfu: 5.09 | epoch: 1 pq: 54 rg: 74 | total time: 323.31m | eta: 446.6m
step 02345/05568 (42.12%) | loss: 2.620738 | lrm: 0.90 | dt: 8254.01ms | tok/sec: 127,038 | bf16_mfu: 5.09 | epoch: 1 pq: 54 rg: 76 | total time: 323.45m | eta: 446.5m
step 02346/05568 (42.13%) | loss: 2.633256 | lrm: 0.90 | dt: 8251.74ms | tok/sec: 127,073 | bf16_mfu: 5.09 | epoch: 1 pq: 54 rg: 78 | total time: 323.58m | eta: 446.3m
step 02347/05568 (42.15%) | loss: 2.631420 | lrm: 0.90 | dt: 8251.42ms | tok/sec: 127,078 | bf16_mfu: 5.09 | epoch: 1 pq: 54 rg: 80 | total time: 323.72m | eta: 446.2m
step 02348/05568 (42.17%) | loss: 2.637605 | lrm: 0.90 | dt: 8252.18ms | tok/sec: 127,066 | bf16_mfu: 5.09 | epoch: 1 pq: 54 rg: 82 | total time: 323.86m | eta: 446.0m
step 02349/05568 (42.19%) | loss: 2.635993 | lrm: 0.89 | dt: 8252.76ms | tok/sec: 127,057 | bf16_mfu: 5.09 | epoch: 1 pq: 55 rg: 1 | total time: 324.00m | eta: 445.9m
step 02350/05568 (42.21%) | loss: 2.634719 | lrm: 0.89 | dt: 8257.96ms | tok/sec: 126,977 | bf16_mfu: 5.09 | epoch: 1 pq: 55 rg: 3 | total time: 324.13m | eta: 445.8m
step 02351/05568 (42.22%) | loss: 2.623067 | lrm: 0.89 | dt: 8264.89ms | tok/sec: 126,871 | bf16_mfu: 5.08 | epoch: 1 pq: 55 rg: 4 | total time: 324.27m | eta: 445.6m
step 02352/05568 (42.24%) | loss: 2.614191 | lrm: 0.89 | dt: 8248.21ms | tok/sec: 127,127 | bf16_mfu: 5.10 | epoch: 1 pq: 55 rg: 6 | total time: 324.41m | eta: 445.5m
step 02353/05568 (42.26%) | loss: 2.629342 | lrm: 0.89 | dt: 8245.91ms | tok/sec: 127,163 | bf16_mfu: 5.10 | epoch: 1 pq: 55 rg: 8 | total time: 324.55m | eta: 445.3m
step 02354/05568 (42.28%) | loss: 2.627323 | lrm: 0.89 | dt: 8252.05ms | tok/sec: 127,068 | bf16_mfu: 5.09 | epoch: 1 pq: 55 rg: 10 | total time: 324.68m | eta: 445.2m
step 02355/05568 (42.30%) | loss: 2.640848 | lrm: 0.89 | dt: 8249.84ms | tok/sec: 127,102 | bf16_mfu: 5.09 | epoch: 1 pq: 55 rg: 12 | total time: 324.82m | eta: 445.1m
step 02356/05568 (42.31%) | loss: 2.648286 | lrm: 0.89 | dt: 8252.01ms | tok/sec: 127,069 | bf16_mfu: 5.09 | epoch: 1 pq: 55 rg: 14 | total time: 324.96m | eta: 444.9m
step 02357/05568 (42.33%) | loss: 2.645899 | lrm: 0.89 | dt: 8251.71ms | tok/sec: 127,073 | bf16_mfu: 5.09 | epoch: 1 pq: 55 rg: 16 | total time: 325.10m | eta: 444.8m
step 02358/05568 (42.35%) | loss: 2.645021 | lrm: 0.89 | dt: 8245.77ms | tok/sec: 127,165 | bf16_mfu: 5.10 | epoch: 1 pq: 55 rg: 18 | total time: 325.23m | eta: 444.6m
step 02359/05568 (42.37%) | loss: 2.650563 | lrm: 0.89 | dt: 8250.12ms | tok/sec: 127,098 | bf16_mfu: 5.09 | epoch: 1 pq: 55 rg: 20 | total time: 325.37m | eta: 444.5m
step 02360/05568 (42.39%) | loss: 2.635182 | lrm: 0.89 | dt: 8259.31ms | tok/sec: 126,956 | bf16_mfu: 5.09 | epoch: 1 pq: 55 rg: 22 | total time: 325.51m | eta: 444.4m
step 02361/05568 (42.40%) | loss: 2.636157 | lrm: 0.89 | dt: 8254.68ms | tok/sec: 127,028 | bf16_mfu: 5.09 | epoch: 1 pq: 55 rg: 24 | total time: 325.65m | eta: 444.2m
step 02362/05568 (42.42%) | loss: 2.640710 | lrm: 0.89 | dt: 8247.86ms | tok/sec: 127,133 | bf16_mfu: 5.10 | epoch: 1 pq: 55 rg: 26 | total time: 325.78m | eta: 444.1m
step 02363/05568 (42.44%) | loss: 2.634883 | lrm: 0.89 | dt: 8236.58ms | tok/sec: 127,307 | bf16_mfu: 5.10 | epoch: 1 pq: 55 rg: 28 | total time: 325.92m | eta: 443.9m
step 02364/05568 (42.46%) | loss: 2.634998 | lrm: 0.89 | dt: 8256.59ms | tok/sec: 126,998 | bf16_mfu: 5.09 | epoch: 1 pq: 55 rg: 30 | total time: 326.06m | eta: 443.8m
step 02365/05568 (42.47%) | loss: 2.629630 | lrm: 0.89 | dt: 8258.07ms | tok/sec: 126,975 | bf16_mfu: 5.09 | epoch: 1 pq: 55 rg: 32 | total time: 326.20m | eta: 443.7m
step 02366/05568 (42.49%) | loss: 2.642489 | lrm: 0.89 | dt: 8253.37ms | tok/sec: 127,048 | bf16_mfu: 5.09 | epoch: 1 pq: 55 rg: 34 | total time: 326.33m | eta: 443.5m
step 02367/05568 (42.51%) | loss: 2.650790 | lrm: 0.89 | dt: 8264.52ms | tok/sec: 126,876 | bf16_mfu: 5.08 | epoch: 1 pq: 55 rg: 36 | total time: 326.47m | eta: 443.4m
step 02368/05568 (42.53%) | loss: 2.665417 | lrm: 0.89 | dt: 8261.75ms | tok/sec: 126,919 | bf16_mfu: 5.09 | epoch: 1 pq: 55 rg: 38 | total time: 326.61m | eta: 443.2m
step 02369/05568 (42.55%) | loss: 2.648416 | lrm: 0.89 | dt: 8248.48ms | tok/sec: 127,123 | bf16_mfu: 5.09 | epoch: 1 pq: 55 rg: 40 | total time: 326.75m | eta: 443.1m
step 02370/05568 (42.56%) | loss: 2.654482 | lrm: 0.89 | dt: 8248.84ms | tok/sec: 127,117 | bf16_mfu: 5.09 | epoch: 1 pq: 55 rg: 41 | total time: 326.88m | eta: 443.0m
step 02371/05568 (42.58%) | loss: 2.652733 | lrm: 0.89 | dt: 8256.59ms | tok/sec: 126,998 | bf16_mfu: 5.09 | epoch: 1 pq: 55 rg: 43 | total time: 327.02m | eta: 442.8m
step 02372/05568 (42.60%) | loss: 2.649787 | lrm: 0.89 | dt: 8255.19ms | tok/sec: 127,020 | bf16_mfu: 5.09 | epoch: 1 pq: 55 rg: 45 | total time: 327.16m | eta: 442.7m
step 02373/05568 (42.62%) | loss: 2.645675 | lrm: 0.89 | dt: 8254.77ms | tok/sec: 127,026 | bf16_mfu: 5.09 | epoch: 1 pq: 55 rg: 47 | total time: 327.30m | eta: 442.5m
step 02374/05568 (42.64%) | loss: 2.655966 | lrm: 0.89 | dt: 8250.21ms | tok/sec: 127,096 | bf16_mfu: 5.09 | epoch: 1 pq: 55 rg: 49 | total time: 327.43m | eta: 442.4m
step 02375/05568 (42.65%) | loss: 2.644437 | lrm: 0.89 | dt: 8250.93ms | tok/sec: 127,085 | bf16_mfu: 5.09 | epoch: 1 pq: 55 rg: 51 | total time: 327.57m | eta: 442.3m
step 02376/05568 (42.67%) | loss: 2.634507 | lrm: 0.89 | dt: 8260.65ms | tok/sec: 126,936 | bf16_mfu: 5.09 | epoch: 1 pq: 55 rg: 53 | total time: 327.71m | eta: 442.1m
step 02377/05568 (42.69%) | loss: 2.631194 | lrm: 0.89 | dt: 8251.55ms | tok/sec: 127,076 | bf16_mfu: 5.09 | epoch: 1 pq: 55 rg: 55 | total time: 327.85m | eta: 442.0m
step 02378/05568 (42.71%) | loss: 2.657906 | lrm: 0.89 | dt: 8257.92ms | tok/sec: 126,978 | bf16_mfu: 5.09 | epoch: 1 pq: 55 rg: 57 | total time: 327.98m | eta: 441.8m
step 02379/05568 (42.73%) | loss: 2.653928 | lrm: 0.89 | dt: 8252.37ms | tok/sec: 127,063 | bf16_mfu: 5.09 | epoch: 1 pq: 55 rg: 59 | total time: 328.12m | eta: 441.7m
step 02380/05568 (42.74%) | loss: 2.635315 | lrm: 0.89 | dt: 8253.04ms | tok/sec: 127,053 | bf16_mfu: 5.09 | epoch: 1 pq: 55 rg: 61 | total time: 328.26m | eta: 441.6m
step 02381/05568 (42.76%) | loss: 2.633617 | lrm: 0.89 | dt: 8254.80ms | tok/sec: 127,026 | bf16_mfu: 5.09 | epoch: 1 pq: 55 rg: 63 | total time: 328.40m | eta: 441.4m
step 02382/05568 (42.78%) | loss: 2.623286 | lrm: 0.89 | dt: 8251.84ms | tok/sec: 127,071 | bf16_mfu: 5.09 | epoch: 1 pq: 55 rg: 65 | total time: 328.53m | eta: 441.3m
step 02383/05568 (42.80%) | loss: 2.611427 | lrm: 0.89 | dt: 8251.57ms | tok/sec: 127,075 | bf16_mfu: 5.09 | epoch: 1 pq: 55 rg: 67 | total time: 328.67m | eta: 441.1m
step 02384/05568 (42.82%) | loss: 2.597242 | lrm: 0.89 | dt: 8261.17ms | tok/sec: 126,928 | bf16_mfu: 5.09 | epoch: 1 pq: 55 rg: 69 | total time: 328.81m | eta: 441.0m
step 02385/05568 (42.83%) | loss: 2.608628 | lrm: 0.89 | dt: 8260.86ms | tok/sec: 126,932 | bf16_mfu: 5.09 | epoch: 1 pq: 55 rg: 71 | total time: 328.95m | eta: 440.9m
step 02386/05568 (42.85%) | loss: 2.600955 | lrm: 0.89 | dt: 8251.85ms | tok/sec: 127,071 | bf16_mfu: 5.09 | epoch: 1 pq: 55 rg: 72 | total time: 329.09m | eta: 440.7m
step 02387/05568 (42.87%) | loss: 2.603814 | lrm: 0.89 | dt: 8259.59ms | tok/sec: 126,952 | bf16_mfu: 5.09 | epoch: 1 pq: 55 rg: 74 | total time: 329.22m | eta: 440.6m
step 02388/05568 (42.89%) | loss: 2.576973 | lrm: 0.88 | dt: 8249.46ms | tok/sec: 127,108 | bf16_mfu: 5.09 | epoch: 1 pq: 55 rg: 76 | total time: 329.36m | eta: 440.4m
step 02389/05568 (42.91%) | loss: 2.564978 | lrm: 0.88 | dt: 8251.53ms | tok/sec: 127,076 | bf16_mfu: 5.09 | epoch: 1 pq: 55 rg: 78 | total time: 329.50m | eta: 440.3m
step 02390/05568 (42.92%) | loss: 2.579883 | lrm: 0.88 | dt: 8261.46ms | tok/sec: 126,923 | bf16_mfu: 5.09 | epoch: 1 pq: 55 rg: 80 | total time: 329.64m | eta: 440.2m
step 02391/05568 (42.94%) | loss: 2.565251 | lrm: 0.88 | dt: 8257.49ms | tok/sec: 126,984 | bf16_mfu: 5.09 | epoch: 1 pq: 55 rg: 82 | total time: 329.77m | eta: 440.0m
step 02392/05568 (42.96%) | loss: 2.564484 | lrm: 0.88 | dt: 8251.02ms | tok/sec: 127,084 | bf16_mfu: 5.09 | epoch: 1 pq: 56 rg: 1 | total time: 329.91m | eta: 439.9m
step 02393/05568 (42.98%) | loss: 2.582284 | lrm: 0.88 | dt: 8254.07ms | tok/sec: 127,037 | bf16_mfu: 5.09 | epoch: 1 pq: 56 rg: 3 | total time: 330.05m | eta: 439.7m
step 02394/05568 (43.00%) | loss: 2.587515 | lrm: 0.88 | dt: 8246.44ms | tok/sec: 127,154 | bf16_mfu: 5.10 | epoch: 1 pq: 56 rg: 5 | total time: 330.19m | eta: 439.6m
step 02395/05568 (43.01%) | loss: 2.587439 | lrm: 0.88 | dt: 8254.76ms | tok/sec: 127,026 | bf16_mfu: 5.09 | epoch: 1 pq: 56 rg: 7 | total time: 330.32m | eta: 439.5m
step 02396/05568 (43.03%) | loss: 2.588150 | lrm: 0.88 | dt: 8254.85ms | tok/sec: 127,025 | bf16_mfu: 5.09 | epoch: 1 pq: 56 rg: 9 | total time: 330.46m | eta: 439.3m
step 02397/05568 (43.05%) | loss: 2.605583 | lrm: 0.88 | dt: 8255.92ms | tok/sec: 127,009 | bf16_mfu: 5.09 | epoch: 1 pq: 56 rg: 11 | total time: 330.60m | eta: 439.2m
step 02398/05568 (43.07%) | loss: 2.600572 | lrm: 0.88 | dt: 8385.62ms | tok/sec: 125,044 | bf16_mfu: 5.01 | epoch: 1 pq: 56 rg: 13 | total time: 330.74m | eta: 439.0m
step 02399/05568 (43.09%) | loss: 2.606204 | lrm: 0.88 | dt: 8309.66ms | tok/sec: 126,187 | bf16_mfu: 5.06 | epoch: 1 pq: 56 rg: 15 | total time: 330.88m | eta: 438.9m
step 02400/05568 (43.10%) | loss: 2.594030 | lrm: 0.88 | dt: 8341.12ms | tok/sec: 125,711 | bf16_mfu: 5.04 | epoch: 1 pq: 56 rg: 16 | total time: 331.02m | eta: 438.8m
step 02401/05568 (43.12%) | loss: 2.581878 | lrm: 0.88 | dt: 8304.40ms | tok/sec: 126,267 | bf16_mfu: 5.06 | epoch: 1 pq: 56 rg: 18 | total time: 331.15m | eta: 438.6m
step 02402/05568 (43.14%) | loss: 2.581306 | lrm: 0.88 | dt: 8306.97ms | tok/sec: 126,228 | bf16_mfu: 5.06 | epoch: 1 pq: 56 rg: 20 | total time: 331.29m | eta: 438.5m
step 02403/05568 (43.16%) | loss: 2.594246 | lrm: 0.88 | dt: 8301.93ms | tok/sec: 126,305 | bf16_mfu: 5.06 | epoch: 1 pq: 56 rg: 22 | total time: 331.43m | eta: 438.4m
step 02404/05568 (43.18%) | loss: 2.594530 | lrm: 0.88 | dt: 8306.97ms | tok/sec: 126,228 | bf16_mfu: 5.06 | epoch: 1 pq: 56 rg: 24 | total time: 331.57m | eta: 438.2m
step 02405/05568 (43.19%) | loss: 2.584653 | lrm: 0.88 | dt: 8296.81ms | tok/sec: 126,382 | bf16_mfu: 5.07 | epoch: 1 pq: 56 rg: 26 | total time: 331.71m | eta: 438.1m
step 02406/05568 (43.21%) | loss: 2.577060 | lrm: 0.88 | dt: 8298.78ms | tok/sec: 126,353 | bf16_mfu: 5.06 | epoch: 1 pq: 56 rg: 28 | total time: 331.85m | eta: 437.9m
step 02407/05568 (43.23%) | loss: 2.570023 | lrm: 0.88 | dt: 8299.21ms | tok/sec: 126,346 | bf16_mfu: 5.06 | epoch: 1 pq: 56 rg: 30 | total time: 331.98m | eta: 437.8m
step 02408/05568 (43.25%) | loss: 2.581174 | lrm: 0.88 | dt: 8303.51ms | tok/sec: 126,281 | bf16_mfu: 5.06 | epoch: 1 pq: 56 rg: 32 | total time: 332.12m | eta: 437.7m
step 02409/05568 (43.27%) | loss: 2.592587 | lrm: 0.88 | dt: 8308.06ms | tok/sec: 126,211 | bf16_mfu: 5.06 | epoch: 1 pq: 56 rg: 34 | total time: 332.26m | eta: 437.5m
step 02410/05568 (43.28%) | loss: 2.605341 | lrm: 0.88 | dt: 8296.70ms | tok/sec: 126,384 | bf16_mfu: 5.07 | epoch: 1 pq: 56 rg: 36 | total time: 332.40m | eta: 437.4m
step 02411/05568 (43.30%) | loss: 2.591966 | lrm: 0.88 | dt: 8300.98ms | tok/sec: 126,319 | bf16_mfu: 5.06 | epoch: 1 pq: 56 rg: 38 | total time: 332.54m | eta: 437.2m
step 02412/05568 (43.32%) | loss: 2.601642 | lrm: 0.88 | dt: 8301.95ms | tok/sec: 126,304 | bf16_mfu: 5.06 | epoch: 1 pq: 56 rg: 40 | total time: 332.68m | eta: 437.1m
step 02413/05568 (43.34%) | loss: 2.607979 | lrm: 0.88 | dt: 8297.88ms | tok/sec: 126,366 | bf16_mfu: 5.06 | epoch: 1 pq: 56 rg: 42 | total time: 332.81m | eta: 437.0m
step 02414/05568 (43.35%) | loss: 2.609578 | lrm: 0.88 | dt: 8288.96ms | tok/sec: 126,502 | bf16_mfu: 5.07 | epoch: 1 pq: 56 rg: 44 | total time: 332.95m | eta: 436.8m
step 02415/05568 (43.37%) | loss: 2.603260 | lrm: 0.88 | dt: 8295.49ms | tok/sec: 126,403 | bf16_mfu: 5.07 | epoch: 1 pq: 56 rg: 46 | total time: 333.09m | eta: 436.7m
step 02416/05568 (43.39%) | loss: 2.605032 | lrm: 0.88 | dt: 8317.15ms | tok/sec: 126,073 | bf16_mfu: 5.05 | epoch: 1 pq: 56 rg: 48 | total time: 333.23m | eta: 436.6m
step 02417/05568 (43.41%) | loss: 2.601043 | lrm: 0.88 | dt: 8301.18ms | tok/sec: 126,316 | bf16_mfu: 5.06 | epoch: 1 pq: 56 rg: 50 | total time: 333.37m | eta: 436.4m
step 02418/05568 (43.43%) | loss: 2.578067 | lrm: 0.88 | dt: 8297.33ms | tok/sec: 126,375 | bf16_mfu: 5.06 | epoch: 1 pq: 56 rg: 51 | total time: 333.51m | eta: 436.3m
step 02419/05568 (43.44%) | loss: 2.575700 | lrm: 0.88 | dt: 8302.75ms | tok/sec: 126,292 | bf16_mfu: 5.06 | epoch: 1 pq: 56 rg: 53 | total time: 333.64m | eta: 436.1m
step 02420/05568 (43.46%) | loss: 2.564007 | lrm: 0.88 | dt: 8302.72ms | tok/sec: 126,293 | bf16_mfu: 5.06 | epoch: 1 pq: 56 rg: 55 | total time: 333.78m | eta: 436.0m
step 02421/05568 (43.48%) | loss: 2.585233 | lrm: 0.88 | dt: 8307.35ms | tok/sec: 126,222 | bf16_mfu: 5.06 | epoch: 1 pq: 56 rg: 57 | total time: 333.92m | eta: 435.9m
step 02422/05568 (43.50%) | loss: 2.567787 | lrm: 0.88 | dt: 8307.24ms | tok/sec: 126,224 | bf16_mfu: 5.06 | epoch: 1 pq: 56 rg: 59 | total time: 334.06m | eta: 435.7m
step 02423/05568 (43.52%) | loss: 2.564757 | lrm: 0.88 | dt: 8297.90ms | tok/sec: 126,366 | bf16_mfu: 5.06 | epoch: 1 pq: 56 rg: 61 | total time: 334.20m | eta: 435.6m
step 02424/05568 (43.53%) | loss: 2.562506 | lrm: 0.88 | dt: 8306.38ms | tok/sec: 126,237 | bf16_mfu: 5.06 | epoch: 1 pq: 56 rg: 63 | total time: 334.34m | eta: 435.4m
step 02425/05568 (43.55%) | loss: 2.566300 | lrm: 0.88 | dt: 8307.64ms | tok/sec: 126,218 | bf16_mfu: 5.06 | epoch: 1 pq: 56 rg: 65 | total time: 334.48m | eta: 435.3m
step 02426/05568 (43.57%) | loss: 2.582533 | lrm: 0.87 | dt: 8299.15ms | tok/sec: 126,347 | bf16_mfu: 5.06 | epoch: 1 pq: 56 rg: 67 | total time: 334.61m | eta: 435.2m
step 02427/05568 (43.59%) | loss: 2.602589 | lrm: 0.87 | dt: 8301.87ms | tok/sec: 126,305 | bf16_mfu: 5.06 | epoch: 1 pq: 56 rg: 69 | total time: 334.75m | eta: 435.0m
step 02428/05568 (43.61%) | loss: 2.596704 | lrm: 0.87 | dt: 8297.97ms | tok/sec: 126,365 | bf16_mfu: 5.06 | epoch: 1 pq: 56 rg: 71 | total time: 334.89m | eta: 434.9m
step 02429/05568 (43.62%) | loss: 2.601704 | lrm: 0.87 | dt: 8294.55ms | tok/sec: 126,417 | bf16_mfu: 5.07 | epoch: 1 pq: 56 rg: 73 | total time: 335.03m | eta: 434.7m
step 02430/05568 (43.64%) | loss: 2.584788 | lrm: 0.87 | dt: 8304.78ms | tok/sec: 126,261 | bf16_mfu: 5.06 | epoch: 1 pq: 56 rg: 75 | total time: 335.17m | eta: 434.6m
step 02431/05568 (43.66%) | loss: 2.593171 | lrm: 0.87 | dt: 8297.26ms | tok/sec: 126,376 | bf16_mfu: 5.06 | epoch: 1 pq: 56 rg: 76 | total time: 335.31m | eta: 434.5m
step 02432/05568 (43.68%) | loss: 2.591395 | lrm: 0.87 | dt: 8294.99ms | tok/sec: 126,410 | bf16_mfu: 5.07 | epoch: 1 pq: 56 rg: 78 | total time: 335.44m | eta: 434.3m
step 02433/05568 (43.70%) | loss: 2.593220 | lrm: 0.87 | dt: 8290.64ms | tok/sec: 126,477 | bf16_mfu: 5.07 | epoch: 1 pq: 56 rg: 80 | total time: 335.58m | eta: 434.2m
step 02434/05568 (43.71%) | loss: 2.600268 | lrm: 0.87 | dt: 8300.39ms | tok/sec: 126,328 | bf16_mfu: 5.06 | epoch: 1 pq: 56 rg: 82 | total time: 335.72m | eta: 434.1m
step 02435/05568 (43.73%) | loss: 2.607580 | lrm: 0.87 | dt: 8298.27ms | tok/sec: 126,360 | bf16_mfu: 5.06 | epoch: 1 pq: 57 rg: 1 | total time: 335.86m | eta: 433.9m
step 02436/05568 (43.75%) | loss: 2.613765 | lrm: 0.87 | dt: 8307.12ms | tok/sec: 126,226 | bf16_mfu: 5.06 | epoch: 1 pq: 57 rg: 3 | total time: 336.00m | eta: 433.8m
step 02437/05568 (43.77%) | loss: 2.608430 | lrm: 0.87 | dt: 8299.90ms | tok/sec: 126,336 | bf16_mfu: 5.06 | epoch: 1 pq: 57 rg: 5 | total time: 336.13m | eta: 433.6m
step 02438/05568 (43.79%) | loss: 2.600602 | lrm: 0.87 | dt: 8295.57ms | tok/sec: 126,401 | bf16_mfu: 5.07 | epoch: 1 pq: 57 rg: 7 | total time: 336.27m | eta: 433.5m
step 02439/05568 (43.80%) | loss: 2.605059 | lrm: 0.87 | dt: 8293.56ms | tok/sec: 126,432 | bf16_mfu: 5.07 | epoch: 1 pq: 57 rg: 9 | total time: 336.41m | eta: 433.4m
step 02440/05568 (43.82%) | loss: 2.617536 | lrm: 0.87 | dt: 8304.97ms | tok/sec: 126,258 | bf16_mfu: 5.06 | epoch: 1 pq: 57 rg: 11 | total time: 336.55m | eta: 433.2m
step 02441/05568 (43.84%) | loss: 2.608862 | lrm: 0.87 | dt: 8300.05ms | tok/sec: 126,333 | bf16_mfu: 5.06 | epoch: 1 pq: 57 rg: 13 | total time: 336.69m | eta: 433.1m
step 02442/05568 (43.86%) | loss: 2.616259 | lrm: 0.87 | dt: 8300.00ms | tok/sec: 126,334 | bf16_mfu: 5.06 | epoch: 1 pq: 57 rg: 15 | total time: 336.83m | eta: 432.9m
step 02443/05568 (43.88%) | loss: 2.614454 | lrm: 0.87 | dt: 8308.80ms | tok/sec: 126,200 | bf16_mfu: 5.06 | epoch: 1 pq: 57 rg: 17 | total time: 336.96m | eta: 432.8m
step 02444/05568 (43.89%) | loss: 2.627215 | lrm: 0.87 | dt: 8302.56ms | tok/sec: 126,295 | bf16_mfu: 5.06 | epoch: 1 pq: 57 rg: 19 | total time: 337.10m | eta: 432.7m
step 02445/05568 (43.91%) | loss: 2.619755 | lrm: 0.87 | dt: 8307.44ms | tok/sec: 126,221 | bf16_mfu: 5.06 | epoch: 1 pq: 57 rg: 20 | total time: 337.24m | eta: 432.5m
step 02446/05568 (43.93%) | loss: 2.609481 | lrm: 0.87 | dt: 8295.77ms | tok/sec: 126,398 | bf16_mfu: 5.07 | epoch: 1 pq: 57 rg: 22 | total time: 337.38m | eta: 432.4m
step 02447/05568 (43.95%) | loss: 2.614880 | lrm: 0.87 | dt: 8308.18ms | tok/sec: 126,210 | bf16_mfu: 5.06 | epoch: 1 pq: 57 rg: 24 | total time: 337.52m | eta: 432.3m
step 02448/05568 (43.97%) | loss: 2.622121 | lrm: 0.87 | dt: 8315.06ms | tok/sec: 126,105 | bf16_mfu: 5.05 | epoch: 1 pq: 57 rg: 26 | total time: 337.66m | eta: 432.1m
step 02449/05568 (43.98%) | loss: 2.612127 | lrm: 0.87 | dt: 8297.02ms | tok/sec: 126,379 | bf16_mfu: 5.07 | epoch: 1 pq: 57 rg: 28 | total time: 337.80m | eta: 432.0m
step 02450/05568 (44.00%) | loss: 2.604112 | lrm: 0.87 | dt: 8298.08ms | tok/sec: 126,363 | bf16_mfu: 5.06 | epoch: 1 pq: 57 rg: 30 | total time: 337.93m | eta: 431.8m
step 02451/05568 (44.02%) | loss: 2.589985 | lrm: 0.87 | dt: 8299.98ms | tok/sec: 126,334 | bf16_mfu: 5.06 | epoch: 1 pq: 57 rg: 32 | total time: 338.07m | eta: 431.7m
step 02452/05568 (44.04%) | loss: 2.589973 | lrm: 0.87 | dt: 8310.38ms | tok/sec: 126,176 | bf16_mfu: 5.06 | epoch: 1 pq: 57 rg: 34 | total time: 338.21m | eta: 431.6m
step 02453/05568 (44.06%) | loss: 2.570441 | lrm: 0.87 | dt: 8295.11ms | tok/sec: 126,408 | bf16_mfu: 5.07 | epoch: 1 pq: 57 rg: 36 | total time: 338.35m | eta: 431.4m
step 02454/05568 (44.07%) | loss: 2.570990 | lrm: 0.87 | dt: 8357.31ms | tok/sec: 125,468 | bf16_mfu: 5.03 | epoch: 1 pq: 57 rg: 38 | total time: 338.49m | eta: 431.3m
step 02455/05568 (44.09%) | loss: 2.576453 | lrm: 0.87 | dt: 8299.46ms | tok/sec: 126,342 | bf16_mfu: 5.06 | epoch: 1 pq: 57 rg: 40 | total time: 338.63m | eta: 431.1m
step 02456/05568 (44.11%) | loss: 2.594810 | lrm: 0.87 | dt: 8305.20ms | tok/sec: 126,255 | bf16_mfu: 5.06 | epoch: 1 pq: 57 rg: 42 | total time: 338.76m | eta: 431.0m
step 02457/05568 (44.13%) | loss: 2.583390 | lrm: 0.87 | dt: 8294.51ms | tok/sec: 126,418 | bf16_mfu: 5.07 | epoch: 1 pq: 57 rg: 43 | total time: 338.90m | eta: 430.9m
step 02458/05568 (44.15%) | loss: 2.582600 | lrm: 0.87 | dt: 8304.29ms | tok/sec: 126,269 | bf16_mfu: 5.06 | epoch: 1 pq: 57 rg: 45 | total time: 339.04m | eta: 430.7m
step 02459/05568 (44.16%) | loss: 2.588822 | lrm: 0.87 | dt: 8308.35ms | tok/sec: 126,207 | bf16_mfu: 5.06 | epoch: 1 pq: 57 rg: 47 | total time: 339.18m | eta: 430.6m
step 02460/05568 (44.18%) | loss: 2.589000 | lrm: 0.87 | dt: 8308.10ms | tok/sec: 126,211 | bf16_mfu: 5.06 | epoch: 1 pq: 57 rg: 49 | total time: 339.32m | eta: 430.4m
step 02461/05568 (44.20%) | loss: 2.594005 | lrm: 0.87 | dt: 8304.54ms | tok/sec: 126,265 | bf16_mfu: 5.06 | epoch: 1 pq: 57 rg: 51 | total time: 339.46m | eta: 430.3m
step 02462/05568 (44.22%) | loss: 2.586865 | lrm: 0.87 | dt: 8315.07ms | tok/sec: 126,105 | bf16_mfu: 5.05 | epoch: 1 pq: 57 rg: 53 | total time: 339.60m | eta: 430.2m
step 02463/05568 (44.23%) | loss: 2.585969 | lrm: 0.87 | dt: 8293.40ms | tok/sec: 126,434 | bf16_mfu: 5.07 | epoch: 1 pq: 57 rg: 55 | total time: 339.73m | eta: 430.0m
step 02464/05568 (44.25%) | loss: 2.570119 | lrm: 0.86 | dt: 8306.50ms | tok/sec: 126,235 | bf16_mfu: 5.06 | epoch: 1 pq: 57 rg: 57 | total time: 339.87m | eta: 429.9m
step 02465/05568 (44.27%) | loss: 2.577449 | lrm: 0.86 | dt: 8302.04ms | tok/sec: 126,303 | bf16_mfu: 5.06 | epoch: 1 pq: 57 rg: 59 | total time: 340.01m | eta: 429.8m
step 02466/05568 (44.29%) | loss: 2.583717 | lrm: 0.86 | dt: 8300.56ms | tok/sec: 126,325 | bf16_mfu: 5.06 | epoch: 1 pq: 57 rg: 61 | total time: 340.15m | eta: 429.6m
step 02467/05568 (44.31%) | loss: 2.583309 | lrm: 0.86 | dt: 8297.40ms | tok/sec: 126,374 | bf16_mfu: 5.06 | epoch: 1 pq: 57 rg: 63 | total time: 340.29m | eta: 429.5m
step 02468/05568 (44.32%) | loss: 2.596013 | lrm: 0.86 | dt: 8302.02ms | tok/sec: 126,303 | bf16_mfu: 5.06 | epoch: 1 pq: 57 rg: 65 | total time: 340.43m | eta: 429.3m
step 02469/05568 (44.34%) | loss: 2.587842 | lrm: 0.86 | dt: 8296.71ms | tok/sec: 126,384 | bf16_mfu: 5.07 | epoch: 1 pq: 57 rg: 67 | total time: 340.56m | eta: 429.2m
step 02470/05568 (44.36%) | loss: 2.583656 | lrm: 0.86 | dt: 8301.56ms | tok/sec: 126,310 | bf16_mfu: 5.06 | epoch: 1 pq: 57 rg: 69 | total time: 340.70m | eta: 429.1m
step 02471/05568 (44.38%) | loss: 2.587540 | lrm: 0.86 | dt: 8297.77ms | tok/sec: 126,368 | bf16_mfu: 5.06 | epoch: 1 pq: 57 rg: 71 | total time: 340.84m | eta: 428.9m
step 02472/05568 (44.40%) | loss: 2.578021 | lrm: 0.86 | dt: 8311.59ms | tok/sec: 126,158 | bf16_mfu: 5.06 | epoch: 1 pq: 57 rg: 73 | total time: 340.98m | eta: 428.8m
step 02473/05568 (44.41%) | loss: 2.577031 | lrm: 0.86 | dt: 8316.95ms | tok/sec: 126,076 | bf16_mfu: 5.05 | epoch: 1 pq: 57 rg: 74 | total time: 341.12m | eta: 428.6m
step 02474/05568 (44.43%) | loss: 2.572951 | lrm: 0.86 | dt: 8306.02ms | tok/sec: 126,242 | bf16_mfu: 5.06 | epoch: 1 pq: 57 rg: 76 | total time: 341.26m | eta: 428.5m
step 02475/05568 (44.45%) | loss: 2.580402 | lrm: 0.86 | dt: 8281.65ms | tok/sec: 126,614 | bf16_mfu: 5.07 | epoch: 1 pq: 57 rg: 78 | total time: 341.39m | eta: 428.4m
step 02476/05568 (44.47%) | loss: 2.581055 | lrm: 0.86 | dt: 8309.30ms | tok/sec: 126,193 | bf16_mfu: 5.06 | epoch: 1 pq: 57 rg: 80 | total time: 341.53m | eta: 428.2m
step 02477/05568 (44.49%) | loss: 2.599894 | lrm: 0.86 | dt: 8298.23ms | tok/sec: 126,361 | bf16_mfu: 5.06 | epoch: 1 pq: 58 rg: 0 | total time: 341.67m | eta: 428.1m
step 02478/05568 (44.50%) | loss: 2.591394 | lrm: 0.86 | dt: 8293.22ms | tok/sec: 126,437 | bf16_mfu: 5.07 | epoch: 1 pq: 58 rg: 2 | total time: 341.81m | eta: 428.0m
step 02479/05568 (44.52%) | loss: 2.586381 | lrm: 0.86 | dt: 8302.02ms | tok/sec: 126,303 | bf16_mfu: 5.06 | epoch: 1 pq: 58 rg: 4 | total time: 341.95m | eta: 427.8m
step 02480/05568 (44.54%) | loss: 2.572012 | lrm: 0.86 | dt: 8297.11ms | tok/sec: 126,378 | bf16_mfu: 5.07 | epoch: 1 pq: 58 rg: 6 | total time: 342.09m | eta: 427.7m
step 02481/05568 (44.56%) | loss: 2.558460 | lrm: 0.86 | dt: 8307.99ms | tok/sec: 126,212 | bf16_mfu: 5.06 | epoch: 1 pq: 58 rg: 8 | total time: 342.22m | eta: 427.5m
step 02482/05568 (44.58%) | loss: 2.536082 | lrm: 0.86 | dt: 8301.50ms | tok/sec: 126,311 | bf16_mfu: 5.06 | epoch: 1 pq: 58 rg: 10 | total time: 342.36m | eta: 427.4m
step 02483/05568 (44.59%) | loss: 2.546241 | lrm: 0.86 | dt: 8307.61ms | tok/sec: 126,218 | bf16_mfu: 5.06 | epoch: 1 pq: 58 rg: 12 | total time: 342.50m | eta: 427.3m
step 02484/05568 (44.61%) | loss: 2.554929 | lrm: 0.86 | dt: 8308.66ms | tok/sec: 126,202 | bf16_mfu: 5.06 | epoch: 1 pq: 58 rg: 14 | total time: 342.64m | eta: 427.1m
step 02485/05568 (44.63%) | loss: 2.548957 | lrm: 0.86 | dt: 8301.32ms | tok/sec: 126,314 | bf16_mfu: 5.06 | epoch: 1 pq: 58 rg: 15 | total time: 342.78m | eta: 427.0m
step 02486/05568 (44.65%) | loss: 2.533447 | lrm: 0.86 | dt: 8307.54ms | tok/sec: 126,219 | bf16_mfu: 5.06 | epoch: 1 pq: 58 rg: 17 | total time: 342.92m | eta: 426.8m
step 02487/05568 (44.67%) | loss: 2.521724 | lrm: 0.86 | dt: 8301.68ms | tok/sec: 126,308 | bf16_mfu: 5.06 | epoch: 1 pq: 58 rg: 19 | total time: 343.05m | eta: 426.7m
step 02488/05568 (44.68%) | loss: 2.522004 | lrm: 0.86 | dt: 8307.82ms | tok/sec: 126,215 | bf16_mfu: 5.06 | epoch: 1 pq: 58 rg: 21 | total time: 343.19m | eta: 426.6m
step 02489/05568 (44.70%) | loss: 2.538825 | lrm: 0.86 | dt: 8288.89ms | tok/sec: 126,503 | bf16_mfu: 5.07 | epoch: 1 pq: 58 rg: 23 | total time: 343.33m | eta: 426.4m
step 02490/05568 (44.72%) | loss: 2.548847 | lrm: 0.86 | dt: 8309.23ms | tok/sec: 126,194 | bf16_mfu: 5.06 | epoch: 1 pq: 58 rg: 25 | total time: 343.47m | eta: 426.3m
step 02491/05568 (44.74%) | loss: 2.552242 | lrm: 0.86 | dt: 8296.38ms | tok/sec: 126,389 | bf16_mfu: 5.07 | epoch: 1 pq: 58 rg: 27 | total time: 343.61m | eta: 426.2m
step 02492/05568 (44.76%) | loss: 2.565230 | lrm: 0.86 | dt: 8300.38ms | tok/sec: 126,328 | bf16_mfu: 5.06 | epoch: 1 pq: 58 rg: 29 | total time: 343.75m | eta: 426.0m
step 02493/05568 (44.77%) | loss: 2.563393 | lrm: 0.86 | dt: 8299.94ms | tok/sec: 126,335 | bf16_mfu: 5.06 | epoch: 1 pq: 58 rg: 31 | total time: 343.88m | eta: 425.9m
step 02494/05568 (44.79%) | loss: 2.559661 | lrm: 0.86 | dt: 8305.09ms | tok/sec: 126,257 | bf16_mfu: 5.06 | epoch: 1 pq: 58 rg: 33 | total time: 344.02m | eta: 425.7m
step 02495/05568 (44.81%) | loss: 2.566480 | lrm: 0.86 | dt: 8305.28ms | tok/sec: 126,254 | bf16_mfu: 5.06 | epoch: 1 pq: 58 rg: 35 | total time: 344.16m | eta: 425.6m
step 02496/05568 (44.83%) | loss: 2.564827 | lrm: 0.86 | dt: 8314.94ms | tok/sec: 126,107 | bf16_mfu: 5.05 | epoch: 1 pq: 58 rg: 37 | total time: 344.30m | eta: 425.5m
step 02497/05568 (44.85%) | loss: 2.590569 | lrm: 0.86 | dt: 8292.74ms | tok/sec: 126,445 | bf16_mfu: 5.07 | epoch: 1 pq: 58 rg: 38 | total time: 344.44m | eta: 425.3m
step 02498/05568 (44.86%) | loss: 2.572658 | lrm: 0.86 | dt: 8298.89ms | tok/sec: 126,351 | bf16_mfu: 5.06 | epoch: 1 pq: 58 rg: 40 | total time: 344.58m | eta: 425.2m
step 02499/05568 (44.88%) | loss: 2.555853 | lrm: 0.86 | dt: 8305.48ms | tok/sec: 126,251 | bf16_mfu: 5.06 | epoch: 1 pq: 58 rg: 42 | total time: 344.71m | eta: 425.0m
Step 02500 | Validation bpb: 0.788900
Evaluating: hellaswag_zeroshot (0-shot, type: multiple_choice)... accuracy: 0.4560 | centered: 0.2747 | time: 12.78s
Evaluating: jeopardy (10-shot, type: language_modeling)... accuracy: 0.0420 | centered: 0.0420 | time: 12.34s
Evaluating: bigbench_qa_wikidata (10-shot, type: language_modeling)... accuracy: 0.3740 | centered: 0.3740 | time: 12.38s
Evaluating: arc_easy (10-shot, type: multiple_choice)... accuracy: 0.6320 | centered: 0.5093 | time: 13.32s
Evaluating: arc_challenge (10-shot, type: multiple_choice)... accuracy: 0.3480 | centered: 0.1307 | time: 13.84s
Evaluating: copa (0-shot, type: multiple_choice)... accuracy: 0.5900 | centered: 0.1800 | time: 2.49s
Evaluating: commonsense_qa (10-shot, type: multiple_choice)... accuracy: 0.3060 | centered: 0.1325 | time: 13.98s
Evaluating: piqa (10-shot, type: multiple_choice)... accuracy: 0.7420 | centered: 0.4840 | time: 13.08s
Evaluating: openbook_qa (0-shot, type: multiple_choice)... accuracy: 0.3500 | centered: 0.1333 | time: 12.25s
Evaluating: lambada_openai (0-shot, type: language_modeling)... accuracy: 0.3920 | centered: 0.3920 | time: 12.26s
Evaluating: hellaswag (10-shot, type: multiple_choice)... accuracy: 0.4720 | centered: 0.2960 | time: 15.28s
Evaluating: winograd (0-shot, type: schema)... accuracy: 0.6410 | centered: 0.2821 | time: 6.65s
Evaluating: winogrande (0-shot, type: schema)... accuracy: 0.5260 | centered: 0.0520 | time: 11.98s
Evaluating: bigbench_dyck_languages (10-shot, type: language_modeling)... accuracy: 0.1320 | centered: 0.1320 | time: 13.07s
Evaluating: agi_eval_lsat_ar (3-shot, type: multiple_choice)... accuracy: 0.2522 | centered: 0.0652 | time: 6.81s
Evaluating: bigbench_cs_algorithms (10-shot, type: language_modeling)... accuracy: 0.4240 | centered: 0.4240 | time: 12.49s
Evaluating: bigbench_operators (10-shot, type: language_modeling)... accuracy: 0.1143 | centered: 0.1143 | time: 5.16s
Evaluating: bigbench_repeat_copy_logic (10-shot, type: language_modeling)... accuracy: 0.0000 | centered: 0.0000 | time: 0.82s
Evaluating: squad (10-shot, type: language_modeling)... accuracy: 0.3060 | centered: 0.3060 | time: 14.84s
Evaluating: coqa (0-shot, type: language_modeling)... accuracy: 0.2480 | centered: 0.2480 | time: 13.01s
Evaluating: boolq (10-shot, type: multiple_choice)... accuracy: 0.5520 | centered: -0.1789 | time: 15.54s
Evaluating: bigbench_language_identification (10-shot, type: multiple_choice)... accuracy: 0.2620 | centered: 0.1881 | time: 21.89s
Step 02500 | CORE metric: 0.2082
2026-10-08 01:44:28,057 - nanochat.checkpoint_manager - [32m[1mINFO[0m - Saved model parameters to: /home/astarostin/.cache/nanochat/base_checkpoints/d24_1xh100/model_002500.pt
2026-10-08 01:44:28,058 - nanochat.checkpoint_manager - [32m[1mINFO[0m - Saved metadata to: /home/astarostin/.cache/nanochat/base_checkpoints/d24_1xh100/meta_002500.json
2026-10-08 01:44:36,888 - nanochat.checkpoint_manager - [32m[1mINFO[0m - Saved optimizer state to: /home/astarostin/.cache/nanochat/base_checkpoints/d24_1xh100/optim_002500_rank0.pt
step 02500/05568 (44.90%) | loss: 2.551708 | lrm: 0.86 | dt: 8223.51ms | tok/sec: 127,509 | bf16_mfu: 5.11 | epoch: 1 pq: 58 rg: 44 | total time: 344.85m | eta: 424.9m
step 02501/05568 (44.92%) | loss: 2.561493 | lrm: 0.86 | dt: 8249.97ms | tok/sec: 127,100 | bf16_mfu: 5.09 | epoch: 1 pq: 58 rg: 46 | total time: 344.99m | eta: 424.8m
step 02502/05568 (44.94%) | loss: 2.564376 | lrm: 0.85 | dt: 8268.88ms | tok/sec: 126,809 | bf16_mfu: 5.08 | epoch: 1 pq: 58 rg: 48 | total time: 345.13m | eta: 424.6m
step 02503/05568 (44.95%) | loss: 2.563637 | lrm: 0.85 | dt: 8270.57ms | tok/sec: 126,784 | bf16_mfu: 5.08 | epoch: 1 pq: 58 rg: 50 | total time: 345.27m | eta: 424.5m
step 02504/05568 (44.97%) | loss: 2.586368 | lrm: 0.85 | dt: 8277.52ms | tok/sec: 126,677 | bf16_mfu: 5.08 | epoch: 1 pq: 58 rg: 52 | total time: 345.40m | eta: 424.3m
step 02505/05568 (44.99%) | loss: 2.586040 | lrm: 0.85 | dt: 8283.28ms | tok/sec: 126,589 | bf16_mfu: 5.07 | epoch: 1 pq: 58 rg: 54 | total time: 345.54m | eta: 424.2m
step 02506/05568 (45.01%) | loss: 2.594295 | lrm: 0.85 | dt: 8291.30ms | tok/sec: 126,467 | bf16_mfu: 5.07 | epoch: 1 pq: 58 rg: 56 | total time: 345.68m | eta: 424.1m
step 02507/05568 (45.03%) | loss: 2.583660 | lrm: 0.85 | dt: 8289.76ms | tok/sec: 126,490 | bf16_mfu: 5.07 | epoch: 1 pq: 58 rg: 58 | total time: 345.82m | eta: 423.9m
step 02508/05568 (45.04%) | loss: 2.591255 | lrm: 0.85 | dt: 8294.37ms | tok/sec: 126,420 | bf16_mfu: 5.07 | epoch: 1 pq: 58 rg: 60 | total time: 345.96m | eta: 423.8m
step 02509/05568 (45.06%) | loss: 2.573252 | lrm: 0.85 | dt: 8301.05ms | tok/sec: 126,318 | bf16_mfu: 5.06 | epoch: 1 pq: 58 rg: 62 | total time: 346.09m | eta: 423.7m
step 02510/05568 (45.08%) | loss: 2.571644 | lrm: 0.85 | dt: 8296.22ms | tok/sec: 126,391 | bf16_mfu: 5.07 | epoch: 1 pq: 58 rg: 64 | total time: 346.23m | eta: 423.5m
step 02511/05568 (45.10%) | loss: 2.571667 | lrm: 0.85 | dt: 8284.94ms | tok/sec: 126,564 | bf16_mfu: 5.07 | epoch: 1 pq: 58 rg: 66 | total time: 346.37m | eta: 423.4m
step 02512/05568 (45.11%) | loss: 2.556852 | lrm: 0.85 | dt: 8251.85ms | tok/sec: 127,071 | bf16_mfu: 5.09 | epoch: 1 pq: 58 rg: 68 | total time: 346.51m | eta: 423.2m
step 02513/05568 (45.13%) | loss: 2.548833 | lrm: 0.85 | dt: 8249.77ms | tok/sec: 127,103 | bf16_mfu: 5.09 | epoch: 1 pq: 58 rg: 70 | total time: 346.65m | eta: 423.1m
step 02514/05568 (45.15%) | loss: 2.543221 | lrm: 0.85 | dt: 8254.91ms | tok/sec: 127,024 | bf16_mfu: 5.09 | epoch: 1 pq: 58 rg: 71 | total time: 346.78m | eta: 423.0m
step 02515/05568 (45.17%) | loss: 2.563742 | lrm: 0.85 | dt: 8245.29ms | tok/sec: 127,172 | bf16_mfu: 5.10 | epoch: 1 pq: 58 rg: 73 | total time: 346.92m | eta: 422.8m
step 02516/05568 (45.19%) | loss: 2.564645 | lrm: 0.85 | dt: 8253.98ms | tok/sec: 127,038 | bf16_mfu: 5.09 | epoch: 1 pq: 58 rg: 75 | total time: 347.06m | eta: 422.7m
step 02517/05568 (45.20%) | loss: 2.549844 | lrm: 0.85 | dt: 8248.19ms | tok/sec: 127,127 | bf16_mfu: 5.10 | epoch: 1 pq: 58 rg: 77 | total time: 347.20m | eta: 422.5m
step 02518/05568 (45.22%) | loss: 2.559459 | lrm: 0.85 | dt: 8247.58ms | tok/sec: 127,137 | bf16_mfu: 5.10 | epoch: 1 pq: 58 rg: 79 | total time: 347.33m | eta: 422.4m
step 02519/05568 (45.24%) | loss: 2.572905 | lrm: 0.85 | dt: 8252.84ms | tok/sec: 127,056 | bf16_mfu: 5.09 | epoch: 1 pq: 58 rg: 81 | total time: 347.47m | eta: 422.3m
step 02520/05568 (45.26%) | loss: 2.568193 | lrm: 0.85 | dt: 8252.29ms | tok/sec: 127,064 | bf16_mfu: 5.09 | epoch: 1 pq: 59 rg: 1 | total time: 347.61m | eta: 422.1m
step 02521/05568 (45.28%) | loss: 2.560144 | lrm: 0.85 | dt: 8254.27ms | tok/sec: 127,034 | bf16_mfu: 5.09 | epoch: 1 pq: 59 rg: 3 | total time: 347.75m | eta: 422.0m
step 02522/05568 (45.29%) | loss: 2.548372 | lrm: 0.85 | dt: 8252.70ms | tok/sec: 127,058 | bf16_mfu: 5.09 | epoch: 1 pq: 59 rg: 5 | total time: 347.88m | eta: 421.8m
step 02523/05568 (45.31%) | loss: 2.555078 | lrm: 0.85 | dt: 8251.18ms | tok/sec: 127,081 | bf16_mfu: 5.09 | epoch: 1 pq: 59 rg: 7 | total time: 348.02m | eta: 421.7m
step 02524/05568 (45.33%) | loss: 2.539393 | lrm: 0.85 | dt: 8251.07ms | tok/sec: 127,083 | bf16_mfu: 5.09 | epoch: 1 pq: 59 rg: 9 | total time: 348.16m | eta: 421.6m
step 02525/05568 (45.35%) | loss: 2.534503 | lrm: 0.85 | dt: 8248.93ms | tok/sec: 127,116 | bf16_mfu: 5.09 | epoch: 1 pq: 59 rg: 11 | total time: 348.30m | eta: 421.4m
step 02526/05568 (45.37%) | loss: 2.549595 | lrm: 0.85 | dt: 8257.96ms | tok/sec: 126,977 | bf16_mfu: 5.09 | epoch: 1 pq: 59 rg: 13 | total time: 348.43m | eta: 421.3m
step 02527/05568 (45.38%) | loss: 2.552581 | lrm: 0.85 | dt: 8250.15ms | tok/sec: 127,097 | bf16_mfu: 5.09 | epoch: 1 pq: 59 rg: 15 | total time: 348.57m | eta: 421.1m
step 02528/05568 (45.40%) | loss: 2.557898 | lrm: 0.85 | dt: 8254.15ms | tok/sec: 127,036 | bf16_mfu: 5.09 | epoch: 1 pq: 59 rg: 17 | total time: 348.71m | eta: 421.0m
step 02529/05568 (45.42%) | loss: 2.553056 | lrm: 0.85 | dt: 8262.10ms | tok/sec: 126,913 | bf16_mfu: 5.09 | epoch: 1 pq: 59 rg: 19 | total time: 348.85m | eta: 420.9m
step 02530/05568 (45.44%) | loss: 2.558463 | lrm: 0.85 | dt: 8261.71ms | tok/sec: 126,920 | bf16_mfu: 5.09 | epoch: 1 pq: 59 rg: 21 | total time: 348.98m | eta: 420.7m
step 02531/05568 (45.46%) | loss: 2.565852 | lrm: 0.85 | dt: 8254.77ms | tok/sec: 127,026 | bf16_mfu: 5.09 | epoch: 1 pq: 59 rg: 22 | total time: 349.12m | eta: 420.6m
step 02532/05568 (45.47%) | loss: 2.562434 | lrm: 0.85 | dt: 8251.48ms | tok/sec: 127,077 | bf16_mfu: 5.09 | epoch: 1 pq: 59 rg: 24 | total time: 349.26m | eta: 420.4m
step 02533/05568 (45.49%) | loss: 2.566906 | lrm: 0.85 | dt: 8251.64ms | tok/sec: 127,074 | bf16_mfu: 5.09 | epoch: 1 pq: 59 rg: 26 | total time: 349.40m | eta: 420.3m
step 02534/05568 (45.51%) | loss: 2.581664 | lrm: 0.85 | dt: 8255.47ms | tok/sec: 127,015 | bf16_mfu: 5.09 | epoch: 1 pq: 59 rg: 28 | total time: 349.53m | eta: 420.2m
step 02535/05568 (45.53%) | loss: 2.572354 | lrm: 0.85 | dt: 8241.07ms | tok/sec: 127,237 | bf16_mfu: 5.10 | epoch: 1 pq: 59 rg: 30 | total time: 349.67m | eta: 420.0m
step 02536/05568 (45.55%) | loss: 2.564451 | lrm: 0.85 | dt: 8242.90ms | tok/sec: 127,209 | bf16_mfu: 5.10 | epoch: 1 pq: 59 rg: 32 | total time: 349.81m | eta: 419.9m
step 02537/05568 (45.56%) | loss: 2.559486 | lrm: 0.85 | dt: 8251.53ms | tok/sec: 127,076 | bf16_mfu: 5.09 | epoch: 1 pq: 59 rg: 34 | total time: 349.95m | eta: 419.7m
step 02538/05568 (45.58%) | loss: 2.567255 | lrm: 0.85 | dt: 8249.11ms | tok/sec: 127,113 | bf16_mfu: 5.09 | epoch: 1 pq: 59 rg: 36 | total time: 350.08m | eta: 419.6m
step 02539/05568 (45.60%) | loss: 2.573052 | lrm: 0.85 | dt: 8253.22ms | tok/sec: 127,050 | bf16_mfu: 5.09 | epoch: 1 pq: 59 rg: 38 | total time: 350.22m | eta: 419.5m
step 02540/05568 (45.62%) | loss: 2.581323 | lrm: 0.84 | dt: 8244.46ms | tok/sec: 127,185 | bf16_mfu: 5.10 | epoch: 1 pq: 59 rg: 40 | total time: 350.36m | eta: 419.3m
step 02541/05568 (45.64%) | loss: 2.593810 | lrm: 0.84 | dt: 8253.65ms | tok/sec: 127,043 | bf16_mfu: 5.09 | epoch: 1 pq: 59 rg: 42 | total time: 350.50m | eta: 419.2m
step 02542/05568 (45.65%) | loss: 2.604522 | lrm: 0.84 | dt: 8251.64ms | tok/sec: 127,074 | bf16_mfu: 5.09 | epoch: 1 pq: 59 rg: 44 | total time: 350.63m | eta: 419.0m
step 02543/05568 (45.67%) | loss: 2.589865 | lrm: 0.84 | dt: 8259.05ms | tok/sec: 126,960 | bf16_mfu: 5.09 | epoch: 1 pq: 59 rg: 46 | total time: 350.77m | eta: 418.9m
step 02544/05568 (45.69%) | loss: 2.588472 | lrm: 0.84 | dt: 8262.12ms | tok/sec: 126,913 | bf16_mfu: 5.09 | epoch: 1 pq: 59 rg: 48 | total time: 350.91m | eta: 418.8m
step 02545/05568 (45.71%) | loss: 2.589621 | lrm: 0.84 | dt: 8246.49ms | tok/sec: 127,154 | bf16_mfu: 5.10 | epoch: 1 pq: 59 rg: 50 | total time: 351.05m | eta: 418.6m
step 02546/05568 (45.73%) | loss: 2.590580 | lrm: 0.84 | dt: 8313.09ms | tok/sec: 126,135 | bf16_mfu: 5.06 | epoch: 1 pq: 59 rg: 52 | total time: 351.19m | eta: 418.5m
step 02547/05568 (45.74%) | loss: 2.574076 | lrm: 0.84 | dt: 8256.13ms | tok/sec: 127,005 | bf16_mfu: 5.09 | epoch: 1 pq: 59 rg: 54 | total time: 351.32m | eta: 418.3m
step 02548/05568 (45.76%) | loss: 2.571455 | lrm: 0.84 | dt: 8253.53ms | tok/sec: 127,045 | bf16_mfu: 5.09 | epoch: 1 pq: 59 rg: 56 | total time: 351.46m | eta: 418.2m
step 02549/05568 (45.78%) | loss: 2.571125 | lrm: 0.84 | dt: 8244.32ms | tok/sec: 127,187 | bf16_mfu: 5.10 | epoch: 1 pq: 59 rg: 57 | total time: 351.60m | eta: 418.1m
step 02550/05568 (45.80%) | loss: 2.567418 | lrm: 0.84 | dt: 8255.74ms | tok/sec: 127,011 | bf16_mfu: 5.09 | epoch: 1 pq: 59 rg: 59 | total time: 351.74m | eta: 417.9m
step 02551/05568 (45.82%) | loss: 2.570022 | lrm: 0.84 | dt: 8262.20ms | tok/sec: 126,912 | bf16_mfu: 5.09 | epoch: 1 pq: 59 rg: 61 | total time: 351.87m | eta: 417.8m
step 02552/05568 (45.83%) | loss: 2.558500 | lrm: 0.84 | dt: 8257.12ms | tok/sec: 126,990 | bf16_mfu: 5.09 | epoch: 1 pq: 59 rg: 63 | total time: 352.01m | eta: 417.6m
step 02553/05568 (45.85%) | loss: 2.576718 | lrm: 0.84 | dt: 8258.72ms | tok/sec: 126,965 | bf16_mfu: 5.09 | epoch: 1 pq: 59 rg: 65 | total time: 352.15m | eta: 417.5m
step 02554/05568 (45.87%) | loss: 2.571549 | lrm: 0.84 | dt: 8250.70ms | tok/sec: 127,089 | bf16_mfu: 5.09 | epoch: 1 pq: 59 rg: 67 | total time: 352.29m | eta: 417.4m
step 02555/05568 (45.89%) | loss: 2.582764 | lrm: 0.84 | dt: 8248.84ms | tok/sec: 127,118 | bf16_mfu: 5.09 | epoch: 1 pq: 59 rg: 69 | total time: 352.42m | eta: 417.2m
step 02556/05568 (45.91%) | loss: 2.575156 | lrm: 0.84 | dt: 8253.01ms | tok/sec: 127,053 | bf16_mfu: 5.09 | epoch: 1 pq: 59 rg: 71 | total time: 352.56m | eta: 417.1m
step 02557/05568 (45.92%) | loss: 2.585762 | lrm: 0.84 | dt: 8252.05ms | tok/sec: 127,068 | bf16_mfu: 5.09 | epoch: 1 pq: 59 rg: 73 | total time: 352.70m | eta: 417.0m
step 02558/05568 (45.94%) | loss: 2.597121 | lrm: 0.84 | dt: 8247.35ms | tok/sec: 127,141 | bf16_mfu: 5.10 | epoch: 1 pq: 59 rg: 75 | total time: 352.84m | eta: 416.8m
step 02559/05568 (45.96%) | loss: 2.617605 | lrm: 0.84 | dt: 8250.04ms | tok/sec: 127,099 | bf16_mfu: 5.09 | epoch: 1 pq: 59 rg: 77 | total time: 352.97m | eta: 416.7m
step 02560/05568 (45.98%) | loss: 2.635173 | lrm: 0.84 | dt: 8246.20ms | tok/sec: 127,158 | bf16_mfu: 5.10 | epoch: 1 pq: 59 rg: 79 | total time: 353.11m | eta: 416.5m
step 02561/05568 (45.99%) | loss: 2.655845 | lrm: 0.84 | dt: 8261.24ms | tok/sec: 126,927 | bf16_mfu: 5.09 | epoch: 1 pq: 59 rg: 81 | total time: 353.25m | eta: 416.4m
step 02562/05568 (46.01%) | loss: 2.652977 | lrm: 0.84 | dt: 8263.19ms | tok/sec: 126,897 | bf16_mfu: 5.09 | epoch: 1 pq: 60 rg: 0 | total time: 353.39m | eta: 416.3m
step 02563/05568 (46.03%) | loss: 2.647224 | lrm: 0.84 | dt: 8257.00ms | tok/sec: 126,992 | bf16_mfu: 5.09 | epoch: 1 pq: 60 rg: 2 | total time: 353.52m | eta: 416.1m
step 02564/05568 (46.05%) | loss: 2.633649 | lrm: 0.84 | dt: 8255.84ms | tok/sec: 127,010 | bf16_mfu: 5.09 | epoch: 1 pq: 60 rg: 4 | total time: 353.66m | eta: 416.0m
step 02565/05568 (46.07%) | loss: 2.631764 | lrm: 0.84 | dt: 8268.87ms | tok/sec: 126,810 | bf16_mfu: 5.08 | epoch: 1 pq: 60 rg: 5 | total time: 353.80m | eta: 415.8m
step 02566/05568 (46.08%) | loss: 2.618032 | lrm: 0.84 | dt: 8261.59ms | tok/sec: 126,921 | bf16_mfu: 5.09 | epoch: 1 pq: 60 rg: 7 | total time: 353.94m | eta: 415.7m
step 02567/05568 (46.10%) | loss: 2.616209 | lrm: 0.84 | dt: 8250.64ms | tok/sec: 127,090 | bf16_mfu: 5.09 | epoch: 1 pq: 60 rg: 9 | total time: 354.07m | eta: 415.6m
step 02568/05568 (46.12%) | loss: 2.625626 | lrm: 0.84 | dt: 8258.73ms | tok/sec: 126,965 | bf16_mfu: 5.09 | epoch: 1 pq: 60 rg: 11 | total time: 354.21m | eta: 415.4m
step 02569/05568 (46.14%) | loss: 2.616249 | lrm: 0.84 | dt: 8261.61ms | tok/sec: 126,921 | bf16_mfu: 5.09 | epoch: 1 pq: 60 rg: 13 | total time: 354.35m | eta: 415.3m
step 02570/05568 (46.16%) | loss: 2.628936 | lrm: 0.84 | dt: 8253.04ms | tok/sec: 127,053 | bf16_mfu: 5.09 | epoch: 1 pq: 60 rg: 15 | total time: 354.49m | eta: 415.1m
step 02571/05568 (46.17%) | loss: 2.609577 | lrm: 0.84 | dt: 8254.86ms | tok/sec: 127,025 | bf16_mfu: 5.09 | epoch: 1 pq: 60 rg: 17 | total time: 354.62m | eta: 415.0m
step 02572/05568 (46.19%) | loss: 2.603446 | lrm: 0.84 | dt: 8256.38ms | tok/sec: 127,001 | bf16_mfu: 5.09 | epoch: 1 pq: 60 rg: 19 | total time: 354.76m | eta: 414.9m
step 02573/05568 (46.21%) | loss: 2.614648 | lrm: 0.84 | dt: 8245.39ms | tok/sec: 127,171 | bf16_mfu: 5.10 | epoch: 1 pq: 60 rg: 21 | total time: 354.90m | eta: 414.7m
step 02574/05568 (46.23%) | loss: 2.610581 | lrm: 0.84 | dt: 8256.50ms | tok/sec: 127,000 | bf16_mfu: 5.09 | epoch: 1 pq: 60 rg: 23 | total time: 355.04m | eta: 414.6m
step 02575/05568 (46.25%) | loss: 2.623506 | lrm: 0.84 | dt: 8258.00ms | tok/sec: 126,976 | bf16_mfu: 5.09 | epoch: 1 pq: 60 rg: 25 | total time: 355.18m | eta: 414.4m
step 02576/05568 (46.26%) | loss: 2.630346 | lrm: 0.84 | dt: 8249.53ms | tok/sec: 127,107 | bf16_mfu: 5.09 | epoch: 1 pq: 60 rg: 27 | total time: 355.31m | eta: 414.3m
step 02577/05568 (46.28%) | loss: 2.617568 | lrm: 0.84 | dt: 8258.35ms | tok/sec: 126,971 | bf16_mfu: 5.09 | epoch: 1 pq: 60 rg: 29 | total time: 355.45m | eta: 414.2m
step 02578/05568 (46.30%) | loss: 2.628826 | lrm: 0.83 | dt: 8253.38ms | tok/sec: 127,048 | bf16_mfu: 5.09 | epoch: 1 pq: 60 rg: 31 | total time: 355.59m | eta: 414.0m
step 02579/05568 (46.32%) | loss: 2.622797 | lrm: 0.83 | dt: 8248.29ms | tok/sec: 127,126 | bf16_mfu: 5.09 | epoch: 1 pq: 60 rg: 33 | total time: 355.73m | eta: 413.9m
step 02580/05568 (46.34%) | loss: 2.618679 | lrm: 0.83 | dt: 8274.26ms | tok/sec: 126,727 | bf16_mfu: 5.08 | epoch: 1 pq: 60 rg: 35 | total time: 355.86m | eta: 413.7m
step 02581/05568 (46.35%) | loss: 2.650852 | lrm: 0.83 | dt: 8262.00ms | tok/sec: 126,915 | bf16_mfu: 5.09 | epoch: 1 pq: 60 rg: 36 | total time: 356.00m | eta: 413.6m
step 02582/05568 (46.37%) | loss: 2.659096 | lrm: 0.83 | dt: 8255.96ms | tok/sec: 127,008 | bf16_mfu: 5.09 | epoch: 1 pq: 60 rg: 38 | total time: 356.14m | eta: 413.5m
step 02583/05568 (46.39%) | loss: 2.652129 | lrm: 0.83 | dt: 8253.64ms | tok/sec: 127,044 | bf16_mfu: 5.09 | epoch: 1 pq: 60 rg: 40 | total time: 356.28m | eta: 413.3m
step 02584/05568 (46.41%) | loss: 2.666284 | lrm: 0.83 | dt: 8254.99ms | tok/sec: 127,023 | bf16_mfu: 5.09 | epoch: 1 pq: 60 rg: 42 | total time: 356.41m | eta: 413.2m
step 02585/05568 (46.43%) | loss: 2.643854 | lrm: 0.83 | dt: 8252.49ms | tok/sec: 127,061 | bf16_mfu: 5.09 | epoch: 1 pq: 60 rg: 44 | total time: 356.55m | eta: 413.0m
step 02586/05568 (46.44%) | loss: 2.627613 | lrm: 0.83 | dt: 8256.16ms | tok/sec: 127,005 | bf16_mfu: 5.09 | epoch: 1 pq: 60 rg: 46 | total time: 356.69m | eta: 412.9m
step 02587/05568 (46.46%) | loss: 2.645206 | lrm: 0.83 | dt: 8281.63ms | tok/sec: 126,614 | bf16_mfu: 5.07 | epoch: 1 pq: 60 rg: 48 | total time: 356.83m | eta: 412.8m
step 02588/05568 (46.48%) | loss: 2.642750 | lrm: 0.83 | dt: 8252.50ms | tok/sec: 127,061 | bf16_mfu: 5.09 | epoch: 1 pq: 60 rg: 50 | total time: 356.96m | eta: 412.6m
step 02589/05568 (46.50%) | loss: 2.638228 | lrm: 0.83 | dt: 8252.93ms | tok/sec: 127,054 | bf16_mfu: 5.09 | epoch: 1 pq: 60 rg: 52 | total time: 357.10m | eta: 412.5m
step 02590/05568 (46.52%) | loss: 2.634810 | lrm: 0.83 | dt: 8253.95ms | tok/sec: 127,039 | bf16_mfu: 5.09 | epoch: 1 pq: 60 rg: 54 | total time: 357.24m | eta: 412.3m
step 02591/05568 (46.53%) | loss: 2.626613 | lrm: 0.83 | dt: 8256.10ms | tok/sec: 127,006 | bf16_mfu: 5.09 | epoch: 1 pq: 60 rg: 56 | total time: 357.38m | eta: 412.2m
step 02592/05568 (46.55%) | loss: 2.611680 | lrm: 0.83 | dt: 8250.07ms | tok/sec: 127,099 | bf16_mfu: 5.09 | epoch: 1 pq: 60 rg: 58 | total time: 357.51m | eta: 412.1m
step 02593/05568 (46.57%) | loss: 2.596961 | lrm: 0.83 | dt: 8249.74ms | tok/sec: 127,104 | bf16_mfu: 5.09 | epoch: 1 pq: 60 rg: 60 | total time: 357.65m | eta: 411.9m
step 02594/05568 (46.59%) | loss: 2.583751 | lrm: 0.83 | dt: 8258.66ms | tok/sec: 126,966 | bf16_mfu: 5.09 | epoch: 1 pq: 60 rg: 62 | total time: 357.79m | eta: 411.8m
step 02595/05568 (46.61%) | loss: 2.567679 | lrm: 0.83 | dt: 8259.03ms | tok/sec: 126,961 | bf16_mfu: 5.09 | epoch: 1 pq: 60 rg: 63 | total time: 357.93m | eta: 411.7m
step 02596/05568 (46.62%) | loss: 2.562857 | lrm: 0.83 | dt: 8254.19ms | tok/sec: 127,035 | bf16_mfu: 5.09 | epoch: 1 pq: 60 rg: 65 | total time: 358.06m | eta: 411.5m
step 02597/05568 (46.64%) | loss: 2.572449 | lrm: 0.83 | dt: 8248.85ms | tok/sec: 127,117 | bf16_mfu: 5.09 | epoch: 1 pq: 60 rg: 67 | total time: 358.20m | eta: 411.4m
step 02598/05568 (46.66%) | loss: 2.575130 | lrm: 0.83 | dt: 8254.74ms | tok/sec: 127,027 | bf16_mfu: 5.09 | epoch: 1 pq: 60 rg: 69 | total time: 358.34m | eta: 411.2m
step 02599/05568 (46.68%) | loss: 2.570829 | lrm: 0.83 | dt: 8257.14ms | tok/sec: 126,990 | bf16_mfu: 5.09 | epoch: 1 pq: 60 rg: 71 | total time: 358.48m | eta: 411.1m
step 02600/05568 (46.70%) | loss: 2.573874 | lrm: 0.83 | dt: 8249.52ms | tok/sec: 127,107 | bf16_mfu: 5.09 | epoch: 1 pq: 60 rg: 73 | total time: 358.62m | eta: 411.0m
step 02601/05568 (46.71%) | loss: 2.543728 | lrm: 0.83 | dt: 8253.02ms | tok/sec: 127,053 | bf16_mfu: 5.09 | epoch: 1 pq: 60 rg: 75 | total time: 358.75m | eta: 410.8m
step 02602/05568 (46.73%) | loss: 2.522688 | lrm: 0.83 | dt: 8257.53ms | tok/sec: 126,984 | bf16_mfu: 5.09 | epoch: 1 pq: 60 rg: 77 | total time: 358.89m | eta: 410.7m
step 02603/05568 (46.75%) | loss: 2.519401 | lrm: 0.83 | dt: 8255.51ms | tok/sec: 127,015 | bf16_mfu: 5.09 | epoch: 1 pq: 60 rg: 79 | total time: 359.03m | eta: 410.5m
step 02604/05568 (46.77%) | loss: 2.529346 | lrm: 0.83 | dt: 8244.66ms | tok/sec: 127,182 | bf16_mfu: 5.10 | epoch: 1 pq: 60 rg: 81 | total time: 359.17m | eta: 410.4m
step 02605/05568 (46.79%) | loss: 2.522122 | lrm: 0.83 | dt: 8260.66ms | tok/sec: 126,936 | bf16_mfu: 5.09 | epoch: 1 pq: 61 rg: 1 | total time: 359.30m | eta: 410.3m
step 02606/05568 (46.80%) | loss: 2.533919 | lrm: 0.83 | dt: 8255.25ms | tok/sec: 127,019 | bf16_mfu: 5.09 | epoch: 1 pq: 61 rg: 3 | total time: 359.44m | eta: 410.1m
step 02607/05568 (46.82%) | loss: 2.522233 | lrm: 0.83 | dt: 8248.47ms | tok/sec: 127,123 | bf16_mfu: 5.09 | epoch: 1 pq: 61 rg: 5 | total time: 359.58m | eta: 410.0m
step 02608/05568 (46.84%) | loss: 2.519201 | lrm: 0.83 | dt: 8257.29ms | tok/sec: 126,987 | bf16_mfu: 5.09 | epoch: 1 pq: 61 rg: 6 | total time: 359.72m | eta: 409.8m
step 02609/05568 (46.86%) | loss: 2.539585 | lrm: 0.83 | dt: 8240.82ms | tok/sec: 127,241 | bf16_mfu: 5.10 | epoch: 1 pq: 61 rg: 8 | total time: 359.85m | eta: 409.7m
step 02610/05568 (46.88%) | loss: 2.537509 | lrm: 0.83 | dt: 8254.12ms | tok/sec: 127,036 | bf16_mfu: 5.09 | epoch: 1 pq: 61 rg: 10 | total time: 359.99m | eta: 409.6m
step 02611/05568 (46.89%) | loss: 2.550940 | lrm: 0.83 | dt: 8256.12ms | tok/sec: 127,005 | bf16_mfu: 5.09 | epoch: 1 pq: 61 rg: 12 | total time: 360.13m | eta: 409.4m
step 02612/05568 (46.91%) | loss: 2.566463 | lrm: 0.83 | dt: 8264.12ms | tok/sec: 126,882 | bf16_mfu: 5.09 | epoch: 1 pq: 61 rg: 14 | total time: 360.27m | eta: 409.3m
step 02613/05568 (46.93%) | loss: 2.556145 | lrm: 0.83 | dt: 8240.94ms | tok/sec: 127,239 | bf16_mfu: 5.10 | epoch: 1 pq: 61 rg: 16 | total time: 360.40m | eta: 409.1m
step 02614/05568 (46.95%) | loss: 2.539170 | lrm: 0.83 | dt: 8250.37ms | tok/sec: 127,094 | bf16_mfu: 5.09 | epoch: 1 pq: 61 rg: 18 | total time: 360.54m | eta: 409.0m
step 02615/05568 (46.96%) | loss: 2.558304 | lrm: 0.83 | dt: 8246.93ms | tok/sec: 127,147 | bf16_mfu: 5.10 | epoch: 1 pq: 61 rg: 20 | total time: 360.68m | eta: 408.9m
step 02616/05568 (46.98%) | loss: 2.553888 | lrm: 0.82 | dt: 8249.71ms | tok/sec: 127,104 | bf16_mfu: 5.09 | epoch: 1 pq: 61 rg: 22 | total time: 360.82m | eta: 408.7m
step 02617/05568 (47.00%) | loss: 2.557506 | lrm: 0.82 | dt: 8256.04ms | tok/sec: 127,007 | bf16_mfu: 5.09 | epoch: 1 pq: 61 rg: 24 | total time: 360.95m | eta: 408.6m
step 02618/05568 (47.02%) | loss: 2.560438 | lrm: 0.82 | dt: 8253.45ms | tok/sec: 127,046 | bf16_mfu: 5.09 | epoch: 1 pq: 61 rg: 26 | total time: 361.09m | eta: 408.4m
step 02619/05568 (47.04%) | loss: 2.560876 | lrm: 0.82 | dt: 8257.43ms | tok/sec: 126,985 | bf16_mfu: 5.09 | epoch: 1 pq: 61 rg: 28 | total time: 361.23m | eta: 408.3m
step 02620/05568 (47.05%) | loss: 2.570635 | lrm: 0.82 | dt: 8258.36ms | tok/sec: 126,971 | bf16_mfu: 5.09 | epoch: 1 pq: 61 rg: 30 | total time: 361.37m | eta: 408.2m
step 02621/05568 (47.07%) | loss: 2.564464 | lrm: 0.82 | dt: 8251.32ms | tok/sec: 127,079 | bf16_mfu: 5.09 | epoch: 1 pq: 61 rg: 32 | total time: 361.50m | eta: 408.0m
step 02622/05568 (47.09%) | loss: 2.569927 | lrm: 0.82 | dt: 8247.95ms | tok/sec: 127,131 | bf16_mfu: 5.10 | epoch: 1 pq: 61 rg: 34 | total time: 361.64m | eta: 407.9m
step 02623/05568 (47.11%) | loss: 2.574418 | lrm: 0.82 | dt: 8248.96ms | tok/sec: 127,116 | bf16_mfu: 5.09 | epoch: 1 pq: 61 rg: 36 | total time: 361.78m | eta: 407.7m
step 02624/05568 (47.13%) | loss: 2.581950 | lrm: 0.82 | dt: 8250.98ms | tok/sec: 127,084 | bf16_mfu: 5.09 | epoch: 1 pq: 61 rg: 38 | total time: 361.92m | eta: 407.6m
step 02625/05568 (47.14%) | loss: 2.586489 | lrm: 0.82 | dt: 8244.14ms | tok/sec: 127,190 | bf16_mfu: 5.10 | epoch: 1 pq: 61 rg: 39 | total time: 362.05m | eta: 407.5m
step 02626/05568 (47.16%) | loss: 2.587514 | lrm: 0.82 | dt: 8250.32ms | tok/sec: 127,095 | bf16_mfu: 5.09 | epoch: 1 pq: 61 rg: 41 | total time: 362.19m | eta: 407.3m
step 02627/05568 (47.18%) | loss: 2.592627 | lrm: 0.82 | dt: 8253.58ms | tok/sec: 127,044 | bf16_mfu: 5.09 | epoch: 1 pq: 61 rg: 43 | total time: 362.33m | eta: 407.2m
step 02628/05568 (47.20%) | loss: 2.594268 | lrm: 0.82 | dt: 8248.29ms | tok/sec: 127,126 | bf16_mfu: 5.09 | epoch: 1 pq: 61 rg: 45 | total time: 362.47m | eta: 407.0m
step 02629/05568 (47.22%) | loss: 2.598088 | lrm: 0.82 | dt: 8254.79ms | tok/sec: 127,026 | bf16_mfu: 5.09 | epoch: 1 pq: 61 rg: 47 | total time: 362.60m | eta: 406.9m
step 02630/05568 (47.23%) | loss: 2.570947 | lrm: 0.82 | dt: 8260.84ms | tok/sec: 126,933 | bf16_mfu: 5.09 | epoch: 1 pq: 61 rg: 49 | total time: 362.74m | eta: 406.8m
step 02631/05568 (47.25%) | loss: 2.568104 | lrm: 0.82 | dt: 8252.72ms | tok/sec: 127,058 | bf16_mfu: 5.09 | epoch: 1 pq: 61 rg: 51 | total time: 362.88m | eta: 406.6m
step 02632/05568 (47.27%) | loss: 2.578545 | lrm: 0.82 | dt: 8250.08ms | tok/sec: 127,098 | bf16_mfu: 5.09 | epoch: 1 pq: 61 rg: 53 | total time: 363.02m | eta: 406.5m
step 02633/05568 (47.29%) | loss: 2.579729 | lrm: 0.82 | dt: 8255.46ms | tok/sec: 127,016 | bf16_mfu: 5.09 | epoch: 1 pq: 61 rg: 55 | total time: 363.15m | eta: 406.4m
step 02634/05568 (47.31%) | loss: 2.589455 | lrm: 0.82 | dt: 8254.08ms | tok/sec: 127,037 | bf16_mfu: 5.09 | epoch: 1 pq: 61 rg: 57 | total time: 363.29m | eta: 406.2m
step 02635/05568 (47.32%) | loss: 2.576757 | lrm: 0.82 | dt: 8254.32ms | tok/sec: 127,033 | bf16_mfu: 5.09 | epoch: 1 pq: 61 rg: 59 | total time: 363.43m | eta: 406.1m
step 02636/05568 (47.34%) | loss: 2.586481 | lrm: 0.82 | dt: 8256.81ms | tok/sec: 126,995 | bf16_mfu: 5.09 | epoch: 1 pq: 61 rg: 61 | total time: 363.57m | eta: 405.9m
step 02637/05568 (47.36%) | loss: 2.567093 | lrm: 0.82 | dt: 8255.29ms | tok/sec: 127,018 | bf16_mfu: 5.09 | epoch: 1 pq: 61 rg: 63 | total time: 363.70m | eta: 405.8m
step 02638/05568 (47.38%) | loss: 2.563728 | lrm: 0.82 | dt: 8247.92ms | tok/sec: 127,132 | bf16_mfu: 5.10 | epoch: 1 pq: 61 rg: 65 | total time: 363.84m | eta: 405.7m
step 02639/05568 (47.40%) | loss: 2.563681 | lrm: 0.82 | dt: 8250.66ms | tok/sec: 127,090 | bf16_mfu: 5.09 | epoch: 1 pq: 61 rg: 66 | total time: 363.98m | eta: 405.5m
step 02640/05568 (47.41%) | loss: 2.550344 | lrm: 0.82 | dt: 8258.28ms | tok/sec: 126,972 | bf16_mfu: 5.09 | epoch: 1 pq: 61 rg: 68 | total time: 364.12m | eta: 405.4m
step 02641/05568 (47.43%) | loss: 2.558379 | lrm: 0.82 | dt: 8252.66ms | tok/sec: 127,059 | bf16_mfu: 5.09 | epoch: 1 pq: 61 rg: 70 | total time: 364.25m | eta: 405.2m
step 02642/05568 (47.45%) | loss: 2.555714 | lrm: 0.82 | dt: 8249.91ms | tok/sec: 127,101 | bf16_mfu: 5.09 | epoch: 1 pq: 61 rg: 72 | total time: 364.39m | eta: 405.1m
step 02643/05568 (47.47%) | loss: 2.540998 | lrm: 0.82 | dt: 8255.28ms | tok/sec: 127,018 | bf16_mfu: 5.09 | epoch: 1 pq: 61 rg: 74 | total time: 364.53m | eta: 405.0m
step 02644/05568 (47.49%) | loss: 2.541321 | lrm: 0.82 | dt: 8251.71ms | tok/sec: 127,073 | bf16_mfu: 5.09 | epoch: 1 pq: 61 rg: 76 | total time: 364.67m | eta: 404.8m
step 02645/05568 (47.50%) | loss: 2.543128 | lrm: 0.82 | dt: 8252.24ms | tok/sec: 127,065 | bf16_mfu: 5.09 | epoch: 1 pq: 61 rg: 78 | total time: 364.80m | eta: 404.7m
step 02646/05568 (47.52%) | loss: 2.551717 | lrm: 0.82 | dt: 8255.91ms | tok/sec: 127,009 | bf16_mfu: 5.09 | epoch: 1 pq: 61 rg: 80 | total time: 364.94m | eta: 404.5m
step 02647/05568 (47.54%) | loss: 2.563849 | lrm: 0.82 | dt: 8246.94ms | tok/sec: 127,147 | bf16_mfu: 5.10 | epoch: 1 pq: 61 rg: 82 | total time: 365.08m | eta: 404.4m
step 02648/05568 (47.56%) | loss: 2.565575 | lrm: 0.82 | dt: 8247.86ms | tok/sec: 127,133 | bf16_mfu: 5.10 | epoch: 1 pq: 62 rg: 1 | total time: 365.22m | eta: 404.3m
step 02649/05568 (47.58%) | loss: 2.571375 | lrm: 0.82 | dt: 8255.44ms | tok/sec: 127,016 | bf16_mfu: 5.09 | epoch: 1 pq: 62 rg: 3 | total time: 365.35m | eta: 404.1m
step 02650/05568 (47.59%) | loss: 2.570233 | lrm: 0.82 | dt: 8254.18ms | tok/sec: 127,035 | bf16_mfu: 5.09 | epoch: 1 pq: 62 rg: 5 | total time: 365.49m | eta: 404.0m
step 02651/05568 (47.61%) | loss: 2.571085 | lrm: 0.82 | dt: 8255.78ms | tok/sec: 127,011 | bf16_mfu: 5.09 | epoch: 1 pq: 62 rg: 7 | total time: 365.63m | eta: 403.8m
step 02652/05568 (47.63%) | loss: 2.580873 | lrm: 0.82 | dt: 8250.35ms | tok/sec: 127,094 | bf16_mfu: 5.09 | epoch: 1 pq: 62 rg: 9 | total time: 365.77m | eta: 403.7m
step 02653/05568 (47.65%) | loss: 2.578156 | lrm: 0.82 | dt: 8256.70ms | tok/sec: 126,997 | bf16_mfu: 5.09 | epoch: 1 pq: 62 rg: 11 | total time: 365.90m | eta: 403.6m
step 02654/05568 (47.67%) | loss: 2.581080 | lrm: 0.81 | dt: 8259.88ms | tok/sec: 126,948 | bf16_mfu: 5.09 | epoch: 1 pq: 62 rg: 12 | total time: 366.04m | eta: 403.4m
step 02655/05568 (47.68%) | loss: 2.600921 | lrm: 0.81 | dt: 8252.07ms | tok/sec: 127,068 | bf16_mfu: 5.09 | epoch: 1 pq: 62 rg: 14 | total time: 366.18m | eta: 403.3m
step 02656/05568 (47.70%) | loss: 2.616100 | lrm: 0.81 | dt: 8249.44ms | tok/sec: 127,108 | bf16_mfu: 5.09 | epoch: 1 pq: 62 rg: 16 | total time: 366.32m | eta: 403.1m
step 02657/05568 (47.72%) | loss: 2.620329 | lrm: 0.81 | dt: 8257.14ms | tok/sec: 126,990 | bf16_mfu: 5.09 | epoch: 1 pq: 62 rg: 18 | total time: 366.46m | eta: 403.0m
step 02658/05568 (47.74%) | loss: 2.606379 | lrm: 0.81 | dt: 8254.46ms | tok/sec: 127,031 | bf16_mfu: 5.09 | epoch: 1 pq: 62 rg: 20 | total time: 366.59m | eta: 402.9m
step 02659/05568 (47.76%) | loss: 2.608766 | lrm: 0.81 | dt: 8253.71ms | tok/sec: 127,043 | bf16_mfu: 5.09 | epoch: 1 pq: 62 rg: 22 | total time: 366.73m | eta: 402.7m
step 02660/05568 (47.77%) | loss: 2.611388 | lrm: 0.81 | dt: 8256.05ms | tok/sec: 127,007 | bf16_mfu: 5.09 | epoch: 1 pq: 62 rg: 24 | total time: 366.87m | eta: 402.6m
step 02661/05568 (47.79%) | loss: 2.606485 | lrm: 0.81 | dt: 8262.27ms | tok/sec: 126,911 | bf16_mfu: 5.09 | epoch: 1 pq: 62 rg: 26 | total time: 367.01m | eta: 402.4m
step 02662/05568 (47.81%) | loss: 2.604666 | lrm: 0.81 | dt: 8258.69ms | tok/sec: 126,966 | bf16_mfu: 5.09 | epoch: 1 pq: 62 rg: 28 | total time: 367.14m | eta: 402.3m
step 02663/05568 (47.83%) | loss: 2.606115 | lrm: 0.81 | dt: 8252.98ms | tok/sec: 127,054 | bf16_mfu: 5.09 | epoch: 1 pq: 62 rg: 30 | total time: 367.28m | eta: 402.2m
step 02664/05568 (47.84%) | loss: 2.605117 | lrm: 0.81 | dt: 8244.60ms | tok/sec: 127,183 | bf16_mfu: 5.10 | epoch: 1 pq: 62 rg: 32 | total time: 367.42m | eta: 402.0m
step 02665/05568 (47.86%) | loss: 2.584315 | lrm: 0.81 | dt: 8248.43ms | tok/sec: 127,124 | bf16_mfu: 5.09 | epoch: 1 pq: 62 rg: 34 | total time: 367.56m | eta: 401.9m
step 02666/05568 (47.88%) | loss: 2.567883 | lrm: 0.81 | dt: 8263.53ms | tok/sec: 126,892 | bf16_mfu: 5.09 | epoch: 1 pq: 62 rg: 36 | total time: 367.69m | eta: 401.7m
step 02667/05568 (47.90%) | loss: 2.568003 | lrm: 0.81 | dt: 8248.30ms | tok/sec: 127,126 | bf16_mfu: 5.09 | epoch: 1 pq: 62 rg: 38 | total time: 367.83m | eta: 401.6m
step 02668/05568 (47.92%) | loss: 2.571882 | lrm: 0.81 | dt: 8252.48ms | tok/sec: 127,061 | bf16_mfu: 5.09 | epoch: 1 pq: 62 rg: 40 | total time: 367.97m | eta: 401.5m
step 02669/05568 (47.93%) | loss: 2.570268 | lrm: 0.81 | dt: 8250.43ms | tok/sec: 127,093 | bf16_mfu: 5.09 | epoch: 1 pq: 62 rg: 42 | total time: 368.11m | eta: 401.3m
step 02670/05568 (47.95%) | loss: 2.567130 | lrm: 0.81 | dt: 8255.19ms | tok/sec: 127,020 | bf16_mfu: 5.09 | epoch: 1 pq: 62 rg: 43 | total time: 368.24m | eta: 401.2m
step 02671/05568 (47.97%) | loss: 2.562371 | lrm: 0.81 | dt: 8261.92ms | tok/sec: 126,916 | bf16_mfu: 5.09 | epoch: 1 pq: 62 rg: 45 | total time: 368.38m | eta: 401.1m
step 02672/05568 (47.99%) | loss: 2.563133 | lrm: 0.81 | dt: 8250.01ms | tok/sec: 127,099 | bf16_mfu: 5.09 | epoch: 1 pq: 62 rg: 47 | total time: 368.52m | eta: 400.9m
step 02673/05568 (48.01%) | loss: 2.565652 | lrm: 0.81 | dt: 8249.70ms | tok/sec: 127,104 | bf16_mfu: 5.09 | epoch: 1 pq: 62 rg: 49 | total time: 368.66m | eta: 400.8m
step 02674/05568 (48.02%) | loss: 2.578681 | lrm: 0.81 | dt: 8257.06ms | tok/sec: 126,991 | bf16_mfu: 5.09 | epoch: 1 pq: 62 rg: 51 | total time: 368.79m | eta: 400.6m
step 02675/05568 (48.04%) | loss: 2.586897 | lrm: 0.81 | dt: 8260.29ms | tok/sec: 126,941 | bf16_mfu: 5.09 | epoch: 1 pq: 62 rg: 53 | total time: 368.93m | eta: 400.5m
step 02676/05568 (48.06%) | loss: 2.583945 | lrm: 0.81 | dt: 8249.70ms | tok/sec: 127,104 | bf16_mfu: 5.09 | epoch: 1 pq: 62 rg: 55 | total time: 369.07m | eta: 400.4m
step 02677/05568 (48.08%) | loss: 2.584050 | lrm: 0.81 | dt: 8269.37ms | tok/sec: 126,802 | bf16_mfu: 5.08 | epoch: 1 pq: 62 rg: 57 | total time: 369.21m | eta: 400.2m
step 02678/05568 (48.10%) | loss: 2.582403 | lrm: 0.81 | dt: 8248.92ms | tok/sec: 127,116 | bf16_mfu: 5.09 | epoch: 1 pq: 62 rg: 59 | total time: 369.34m | eta: 400.1m
step 02679/05568 (48.11%) | loss: 2.578444 | lrm: 0.81 | dt: 8274.62ms | tok/sec: 126,721 | bf16_mfu: 5.08 | epoch: 1 pq: 62 rg: 61 | total time: 369.48m | eta: 399.9m
step 02680/05568 (48.13%) | loss: 2.580944 | lrm: 0.81 | dt: 8257.83ms | tok/sec: 126,979 | bf16_mfu: 5.09 | epoch: 1 pq: 62 rg: 63 | total time: 369.62m | eta: 399.8m
step 02681/05568 (48.15%) | loss: 2.591769 | lrm: 0.81 | dt: 8261.74ms | tok/sec: 126,919 | bf16_mfu: 5.09 | epoch: 1 pq: 62 rg: 65 | total time: 369.76m | eta: 399.7m
step 02682/05568 (48.17%) | loss: 2.590919 | lrm: 0.81 | dt: 8258.42ms | tok/sec: 126,970 | bf16_mfu: 5.09 | epoch: 1 pq: 62 rg: 67 | total time: 369.90m | eta: 399.5m
step 02683/05568 (48.19%) | loss: 2.583663 | lrm: 0.81 | dt: 8262.19ms | tok/sec: 126,912 | bf16_mfu: 5.09 | epoch: 1 pq: 62 rg: 69 | total time: 370.03m | eta: 399.4m
step 02684/05568 (48.20%) | loss: 2.591464 | lrm: 0.81 | dt: 8256.60ms | tok/sec: 126,998 | bf16_mfu: 5.09 | epoch: 1 pq: 62 rg: 71 | total time: 370.17m | eta: 399.2m
step 02685/05568 (48.22%) | loss: 2.588253 | lrm: 0.81 | dt: 8247.57ms | tok/sec: 127,137 | bf16_mfu: 5.10 | epoch: 1 pq: 62 rg: 72 | total time: 370.31m | eta: 399.1m
step 02686/05568 (48.24%) | loss: 2.571153 | lrm: 0.81 | dt: 8250.21ms | tok/sec: 127,096 | bf16_mfu: 5.09 | epoch: 1 pq: 62 rg: 74 | total time: 370.45m | eta: 399.0m
step 02687/05568 (48.26%) | loss: 2.565780 | lrm: 0.81 | dt: 8257.35ms | tok/sec: 126,986 | bf16_mfu: 5.09 | epoch: 1 pq: 62 rg: 76 | total time: 370.58m | eta: 398.8m
step 02688/05568 (48.28%) | loss: 2.536630 | lrm: 0.81 | dt: 8254.72ms | tok/sec: 127,027 | bf16_mfu: 5.09 | epoch: 1 pq: 62 rg: 78 | total time: 370.72m | eta: 398.7m
step 02689/05568 (48.29%) | loss: 2.530602 | lrm: 0.81 | dt: 8249.24ms | tok/sec: 127,111 | bf16_mfu: 5.09 | epoch: 1 pq: 62 rg: 80 | total time: 370.86m | eta: 398.5m
step 02690/05568 (48.31%) | loss: 2.535130 | lrm: 0.81 | dt: 8258.25ms | tok/sec: 126,973 | bf16_mfu: 5.09 | epoch: 1 pq: 62 rg: 82 | total time: 371.00m | eta: 398.4m
step 02691/05568 (48.33%) | loss: 2.527674 | lrm: 0.81 | dt: 8254.84ms | tok/sec: 127,025 | bf16_mfu: 5.09 | epoch: 1 pq: 63 rg: 1 | total time: 371.13m | eta: 398.3m
step 02692/05568 (48.35%) | loss: 2.534404 | lrm: 0.80 | dt: 8251.59ms | tok/sec: 127,075 | bf16_mfu: 5.09 | epoch: 1 pq: 63 rg: 3 | total time: 371.27m | eta: 398.1m
step 02693/05568 (48.37%) | loss: 2.544826 | lrm: 0.80 | dt: 8259.85ms | tok/sec: 126,948 | bf16_mfu: 5.09 | epoch: 1 pq: 63 rg: 5 | total time: 371.41m | eta: 398.0m
step 02694/05568 (48.38%) | loss: 2.557792 | lrm: 0.80 | dt: 8252.29ms | tok/sec: 127,064 | bf16_mfu: 5.09 | epoch: 1 pq: 63 rg: 7 | total time: 371.55m | eta: 397.8m
step 02695/05568 (48.40%) | loss: 2.559460 | lrm: 0.80 | dt: 8277.32ms | tok/sec: 126,680 | bf16_mfu: 5.08 | epoch: 1 pq: 63 rg: 9 | total time: 371.68m | eta: 397.7m
step 02696/05568 (48.42%) | loss: 2.558960 | lrm: 0.80 | dt: 8252.07ms | tok/sec: 127,068 | bf16_mfu: 5.09 | epoch: 1 pq: 63 rg: 11 | total time: 371.82m | eta: 397.6m
step 02697/05568 (48.44%) | loss: 2.552699 | lrm: 0.80 | dt: 8251.86ms | tok/sec: 127,071 | bf16_mfu: 5.09 | epoch: 1 pq: 63 rg: 13 | total time: 371.96m | eta: 397.4m
step 02698/05568 (48.46%) | loss: 2.538355 | lrm: 0.80 | dt: 8252.82ms | tok/sec: 127,056 | bf16_mfu: 5.09 | epoch: 1 pq: 63 rg: 14 | total time: 372.10m | eta: 397.3m
step 02699/05568 (48.47%) | loss: 2.538181 | lrm: 0.80 | dt: 8251.80ms | tok/sec: 127,072 | bf16_mfu: 5.09 | epoch: 1 pq: 63 rg: 16 | total time: 372.23m | eta: 397.2m
step 02700/05568 (48.49%) | loss: 2.544784 | lrm: 0.80 | dt: 8250.46ms | tok/sec: 127,093 | bf16_mfu: 5.09 | epoch: 1 pq: 63 rg: 18 | total time: 372.37m | eta: 397.0m
step 02701/05568 (48.51%) | loss: 2.555418 | lrm: 0.80 | dt: 8260.61ms | tok/sec: 126,936 | bf16_mfu: 5.09 | epoch: 1 pq: 63 rg: 20 | total time: 372.51m | eta: 396.9m
step 02702/05568 (48.53%) | loss: 2.547818 | lrm: 0.80 | dt: 8263.28ms | tok/sec: 126,895 | bf16_mfu: 5.09 | epoch: 1 pq: 63 rg: 22 | total time: 372.65m | eta: 396.7m
step 02703/05568 (48.55%) | loss: 2.519949 | lrm: 0.80 | dt: 8263.45ms | tok/sec: 126,893 | bf16_mfu: 5.09 | epoch: 1 pq: 63 rg: 24 | total time: 372.78m | eta: 396.6m
step 02704/05568 (48.56%) | loss: 2.514353 | lrm: 0.80 | dt: 8254.88ms | tok/sec: 127,025 | bf16_mfu: 5.09 | epoch: 1 pq: 63 rg: 26 | total time: 372.92m | eta: 396.5m
step 02705/05568 (48.58%) | loss: 2.535098 | lrm: 0.80 | dt: 8257.06ms | tok/sec: 126,991 | bf16_mfu: 5.09 | epoch: 1 pq: 63 rg: 28 | total time: 373.06m | eta: 396.3m
step 02706/05568 (48.60%) | loss: 2.546030 | lrm: 0.80 | dt: 8260.53ms | tok/sec: 126,938 | bf16_mfu: 5.09 | epoch: 1 pq: 63 rg: 30 | total time: 373.20m | eta: 396.2m
step 02707/05568 (48.62%) | loss: 2.555417 | lrm: 0.80 | dt: 8256.20ms | tok/sec: 127,004 | bf16_mfu: 5.09 | epoch: 1 pq: 63 rg: 32 | total time: 373.34m | eta: 396.0m
step 02708/05568 (48.64%) | loss: 2.566804 | lrm: 0.80 | dt: 8254.34ms | tok/sec: 127,033 | bf16_mfu: 5.09 | epoch: 1 pq: 63 rg: 34 | total time: 373.47m | eta: 395.9m
step 02709/05568 (48.65%) | loss: 2.571374 | lrm: 0.80 | dt: 8259.53ms | tok/sec: 126,953 | bf16_mfu: 5.09 | epoch: 1 pq: 63 rg: 36 | total time: 373.61m | eta: 395.8m
step 02710/05568 (48.67%) | loss: 2.560433 | lrm: 0.80 | dt: 8261.32ms | tok/sec: 126,925 | bf16_mfu: 5.09 | epoch: 1 pq: 63 rg: 38 | total time: 373.75m | eta: 395.6m
step 02711/05568 (48.69%) | loss: 2.567810 | lrm: 0.80 | dt: 8255.00ms | tok/sec: 127,023 | bf16_mfu: 5.09 | epoch: 1 pq: 63 rg: 39 | total time: 373.89m | eta: 395.5m
step 02712/05568 (48.71%) | loss: 2.561454 | lrm: 0.80 | dt: 8250.48ms | tok/sec: 127,092 | bf16_mfu: 5.09 | epoch: 1 pq: 63 rg: 41 | total time: 374.02m | eta: 395.3m
step 02713/05568 (48.72%) | loss: 2.549021 | lrm: 0.80 | dt: 8247.87ms | tok/sec: 127,132 | bf16_mfu: 5.10 | epoch: 1 pq: 63 rg: 43 | total time: 374.16m | eta: 395.2m
step 02714/05568 (48.74%) | loss: 2.546358 | lrm: 0.80 | dt: 8254.78ms | tok/sec: 127,026 | bf16_mfu: 5.09 | epoch: 1 pq: 63 rg: 45 | total time: 374.30m | eta: 395.1m
step 02715/05568 (48.76%) | loss: 2.557642 | lrm: 0.80 | dt: 8251.67ms | tok/sec: 127,074 | bf16_mfu: 5.09 | epoch: 1 pq: 63 rg: 47 | total time: 374.44m | eta: 394.9m
step 02716/05568 (48.78%) | loss: 2.564986 | lrm: 0.80 | dt: 8255.65ms | tok/sec: 127,013 | bf16_mfu: 5.09 | epoch: 1 pq: 63 rg: 49 | total time: 374.57m | eta: 394.8m
step 02717/05568 (48.80%) | loss: 2.558699 | lrm: 0.80 | dt: 8254.60ms | tok/sec: 127,029 | bf16_mfu: 5.09 | epoch: 1 pq: 63 rg: 51 | total time: 374.71m | eta: 394.6m
step 02718/05568 (48.81%) | loss: 2.551245 | lrm: 0.80 | dt: 8255.86ms | tok/sec: 127,009 | bf16_mfu: 5.09 | epoch: 1 pq: 63 rg: 53 | total time: 374.85m | eta: 394.5m
step 02719/05568 (48.83%) | loss: 2.550208 | lrm: 0.80 | dt: 8252.49ms | tok/sec: 127,061 | bf16_mfu: 5.09 | epoch: 1 pq: 63 rg: 55 | total time: 374.99m | eta: 394.4m
step 02720/05568 (48.85%) | loss: 2.529359 | lrm: 0.80 | dt: 8249.96ms | tok/sec: 127,100 | bf16_mfu: 5.09 | epoch: 1 pq: 63 rg: 57 | total time: 375.12m | eta: 394.2m
step 02721/05568 (48.87%) | loss: 2.550415 | lrm: 0.80 | dt: 8261.74ms | tok/sec: 126,919 | bf16_mfu: 5.09 | epoch: 1 pq: 63 rg: 59 | total time: 375.26m | eta: 394.1m
step 02722/05568 (48.89%) | loss: 2.542331 | lrm: 0.80 | dt: 8253.25ms | tok/sec: 127,050 | bf16_mfu: 5.09 | epoch: 1 pq: 63 rg: 61 | total time: 375.40m | eta: 393.9m
step 02723/05568 (48.90%) | loss: 2.545291 | lrm: 0.80 | dt: 8249.99ms | tok/sec: 127,100 | bf16_mfu: 5.09 | epoch: 1 pq: 63 rg: 63 | total time: 375.54m | eta: 393.8m
step 02724/05568 (48.92%) | loss: 2.535890 | lrm: 0.80 | dt: 8248.49ms | tok/sec: 127,123 | bf16_mfu: 5.09 | epoch: 1 pq: 63 rg: 65 | total time: 375.67m | eta: 393.7m
step 02725/05568 (48.94%) | loss: 2.529471 | lrm: 0.80 | dt: 8250.96ms | tok/sec: 127,085 | bf16_mfu: 5.09 | epoch: 1 pq: 63 rg: 66 | total time: 375.81m | eta: 393.5m
step 02726/05568 (48.96%) | loss: 2.516783 | lrm: 0.80 | dt: 8259.04ms | tok/sec: 126,960 | bf16_mfu: 5.09 | epoch: 1 pq: 63 rg: 68 | total time: 375.95m | eta: 393.4m
step 02727/05568 (48.98%) | loss: 2.510138 | lrm: 0.80 | dt: 8260.94ms | tok/sec: 126,931 | bf16_mfu: 5.09 | epoch: 1 pq: 63 rg: 70 | total time: 376.09m | eta: 393.3m
step 02728/05568 (48.99%) | loss: 2.512655 | lrm: 0.80 | dt: 8263.42ms | tok/sec: 126,893 | bf16_mfu: 5.09 | epoch: 1 pq: 63 rg: 72 | total time: 376.22m | eta: 393.1m
step 02729/05568 (49.01%) | loss: 2.503262 | lrm: 0.80 | dt: 8254.08ms | tok/sec: 127,037 | bf16_mfu: 5.09 | epoch: 1 pq: 63 rg: 74 | total time: 376.36m | eta: 393.0m
step 02730/05568 (49.03%) | loss: 2.499172 | lrm: 0.79 | dt: 8260.69ms | tok/sec: 126,935 | bf16_mfu: 5.09 | epoch: 1 pq: 63 rg: 76 | total time: 376.50m | eta: 392.8m
step 02731/05568 (49.05%) | loss: 2.515280 | lrm: 0.79 | dt: 8252.06ms | tok/sec: 127,068 | bf16_mfu: 5.09 | epoch: 1 pq: 63 rg: 78 | total time: 376.64m | eta: 392.7m
step 02732/05568 (49.07%) | loss: 2.508765 | lrm: 0.79 | dt: 8249.73ms | tok/sec: 127,104 | bf16_mfu: 5.09 | epoch: 1 pq: 63 rg: 80 | total time: 376.77m | eta: 392.6m
step 02733/05568 (49.08%) | loss: 2.513793 | lrm: 0.79 | dt: 8254.93ms | tok/sec: 127,024 | bf16_mfu: 5.09 | epoch: 1 pq: 63 rg: 82 | total time: 376.91m | eta: 392.4m
step 02734/05568 (49.10%) | loss: 2.523262 | lrm: 0.79 | dt: 8249.95ms | tok/sec: 127,100 | bf16_mfu: 5.09 | epoch: 1 pq: 64 rg: 1 | total time: 377.05m | eta: 392.3m
step 02735/05568 (49.12%) | loss: 2.531208 | lrm: 0.79 | dt: 8253.25ms | tok/sec: 127,050 | bf16_mfu: 5.09 | epoch: 1 pq: 64 rg: 3 | total time: 377.19m | eta: 392.1m
step 02736/05568 (49.14%) | loss: 2.551065 | lrm: 0.79 | dt: 8257.96ms | tok/sec: 126,977 | bf16_mfu: 5.09 | epoch: 1 pq: 64 rg: 5 | total time: 377.33m | eta: 392.0m
step 02737/05568 (49.16%) | loss: 2.553746 | lrm: 0.79 | dt: 8270.34ms | tok/sec: 126,787 | bf16_mfu: 5.08 | epoch: 1 pq: 64 rg: 7 | total time: 377.46m | eta: 391.9m
step 02738/05568 (49.17%) | loss: 2.552181 | lrm: 0.79 | dt: 8253.14ms | tok/sec: 127,051 | bf16_mfu: 5.09 | epoch: 1 pq: 64 rg: 9 | total time: 377.60m | eta: 391.7m
step 02739/05568 (49.19%) | loss: 2.542347 | lrm: 0.79 | dt: 8251.33ms | tok/sec: 127,079 | bf16_mfu: 5.09 | epoch: 1 pq: 64 rg: 11 | total time: 377.74m | eta: 391.6m
step 02740/05568 (49.21%) | loss: 2.531713 | lrm: 0.79 | dt: 8259.97ms | tok/sec: 126,946 | bf16_mfu: 5.09 | epoch: 1 pq: 64 rg: 12 | total time: 377.88m | eta: 391.4m
step 02741/05568 (49.23%) | loss: 2.540229 | lrm: 0.79 | dt: 8241.68ms | tok/sec: 127,228 | bf16_mfu: 5.10 | epoch: 1 pq: 64 rg: 14 | total time: 378.01m | eta: 391.3m
step 02742/05568 (49.25%) | loss: 2.543816 | lrm: 0.79 | dt: 8245.85ms | tok/sec: 127,164 | bf16_mfu: 5.10 | epoch: 1 pq: 64 rg: 16 | total time: 378.15m | eta: 391.2m
step 02743/05568 (49.26%) | loss: 2.548037 | lrm: 0.79 | dt: 8260.85ms | tok/sec: 126,933 | bf16_mfu: 5.09 | epoch: 1 pq: 64 rg: 18 | total time: 378.29m | eta: 391.0m
step 02744/05568 (49.28%) | loss: 2.559764 | lrm: 0.79 | dt: 8253.42ms | tok/sec: 127,047 | bf16_mfu: 5.09 | epoch: 1 pq: 64 rg: 20 | total time: 378.43m | eta: 390.9m
step 02745/05568 (49.30%) | loss: 2.573342 | lrm: 0.79 | dt: 8277.14ms | tok/sec: 126,683 | bf16_mfu: 5.08 | epoch: 1 pq: 64 rg: 22 | total time: 378.56m | eta: 390.7m
step 02746/05568 (49.32%) | loss: 2.575557 | lrm: 0.79 | dt: 8252.95ms | tok/sec: 127,054 | bf16_mfu: 5.09 | epoch: 1 pq: 64 rg: 24 | total time: 378.70m | eta: 390.6m
step 02747/05568 (49.34%) | loss: 2.589584 | lrm: 0.79 | dt: 8252.56ms | tok/sec: 127,060 | bf16_mfu: 5.09 | epoch: 1 pq: 64 rg: 26 | total time: 378.84m | eta: 390.5m
step 02748/05568 (49.35%) | loss: 2.592274 | lrm: 0.79 | dt: 8243.79ms | tok/sec: 127,195 | bf16_mfu: 5.10 | epoch: 1 pq: 64 rg: 28 | total time: 378.98m | eta: 390.3m
step 02749/05568 (49.37%) | loss: 2.586309 | lrm: 0.79 | dt: 8252.61ms | tok/sec: 127,059 | bf16_mfu: 5.09 | epoch: 1 pq: 64 rg: 30 | total time: 379.11m | eta: 390.2m
Step 02750 | Validation bpb: 0.780506
2026-10-08 02:21:34,965 - nanochat.checkpoint_manager - [32m[1mINFO[0m - Saved model parameters to: /home/astarostin/.cache/nanochat/base_checkpoints/d24_1xh100/model_002750.pt
2026-10-08 02:21:34,966 - nanochat.checkpoint_manager - [32m[1mINFO[0m - Saved metadata to: /home/astarostin/.cache/nanochat/base_checkpoints/d24_1xh100/meta_002750.json
2026-10-08 02:21:43,983 - nanochat.checkpoint_manager - [32m[1mINFO[0m - Saved optimizer state to: /home/astarostin/.cache/nanochat/base_checkpoints/d24_1xh100/optim_002750_rank0.pt
step 02750/05568 (49.39%) | loss: 2.576735 | lrm: 0.79 | dt: 8249.95ms | tok/sec: 127,100 | bf16_mfu: 5.09 | epoch: 1 pq: 64 rg: 32 | total time: 379.25m | eta: 390.0m
step 02751/05568 (49.41%) | loss: 2.573137 | lrm: 0.79 | dt: 8271.74ms | tok/sec: 126,766 | bf16_mfu: 5.08 | epoch: 1 pq: 64 rg: 34 | total time: 379.39m | eta: 389.9m
step 02752/05568 (49.43%) | loss: 2.575944 | lrm: 0.79 | dt: 8277.03ms | tok/sec: 126,685 | bf16_mfu: 5.08 | epoch: 1 pq: 64 rg: 36 | total time: 379.53m | eta: 389.8m
step 02753/05568 (49.44%) | loss: 2.583607 | lrm: 0.79 | dt: 8283.69ms | tok/sec: 126,583 | bf16_mfu: 5.07 | epoch: 1 pq: 64 rg: 37 | total time: 379.67m | eta: 389.6m
step 02754/05568 (49.46%) | loss: 2.586551 | lrm: 0.79 | dt: 8292.27ms | tok/sec: 126,452 | bf16_mfu: 5.07 | epoch: 1 pq: 64 rg: 39 | total time: 379.80m | eta: 389.5m
step 02755/05568 (49.48%) | loss: 2.586790 | lrm: 0.79 | dt: 8295.43ms | tok/sec: 126,403 | bf16_mfu: 5.07 | epoch: 1 pq: 64 rg: 41 | total time: 379.94m | eta: 389.4m
step 02756/05568 (49.50%) | loss: 2.587444 | lrm: 0.79 | dt: 8292.78ms | tok/sec: 126,444 | bf16_mfu: 5.07 | epoch: 1 pq: 64 rg: 43 | total time: 380.08m | eta: 389.2m
step 02757/05568 (49.52%) | loss: 2.601310 | lrm: 0.79 | dt: 8303.95ms | tok/sec: 126,274 | bf16_mfu: 5.06 | epoch: 1 pq: 64 rg: 45 | total time: 380.22m | eta: 389.1m
step 02758/05568 (49.53%) | loss: 2.599378 | lrm: 0.79 | dt: 8300.19ms | tok/sec: 126,331 | bf16_mfu: 5.06 | epoch: 1 pq: 64 rg: 47 | total time: 380.36m | eta: 388.9m
step 02759/05568 (49.55%) | loss: 2.593389 | lrm: 0.79 | dt: 8304.11ms | tok/sec: 126,271 | bf16_mfu: 5.06 | epoch: 1 pq: 64 rg: 49 | total time: 380.49m | eta: 388.8m
step 02760/05568 (49.57%) | loss: 2.592434 | lrm: 0.79 | dt: 8297.68ms | tok/sec: 126,369 | bf16_mfu: 5.06 | epoch: 1 pq: 64 rg: 51 | total time: 380.63m | eta: 388.7m
step 02761/05568 (49.59%) | loss: 2.601786 | lrm: 0.79 | dt: 8295.15ms | tok/sec: 126,408 | bf16_mfu: 5.07 | epoch: 1 pq: 64 rg: 53 | total time: 380.77m | eta: 388.5m
step 02762/05568 (49.60%) | loss: 2.593540 | lrm: 0.79 | dt: 8296.08ms | tok/sec: 126,394 | bf16_mfu: 5.07 | epoch: 1 pq: 64 rg: 55 | total time: 380.91m | eta: 388.4m
step 02763/05568 (49.62%) | loss: 2.579890 | lrm: 0.79 | dt: 8301.72ms | tok/sec: 126,308 | bf16_mfu: 5.06 | epoch: 1 pq: 64 rg: 57 | total time: 381.05m | eta: 388.2m
step 02764/05568 (49.64%) | loss: 2.596165 | lrm: 0.79 | dt: 8297.67ms | tok/sec: 126,369 | bf16_mfu: 5.06 | epoch: 1 pq: 64 rg: 59 | total time: 381.19m | eta: 388.1m
step 02765/05568 (49.66%) | loss: 2.599044 | lrm: 0.79 | dt: 8301.07ms | tok/sec: 126,318 | bf16_mfu: 5.06 | epoch: 1 pq: 64 rg: 61 | total time: 381.32m | eta: 388.0m
step 02766/05568 (49.68%) | loss: 2.609993 | lrm: 0.79 | dt: 8303.35ms | tok/sec: 126,283 | bf16_mfu: 5.06 | epoch: 1 pq: 64 rg: 63 | total time: 381.46m | eta: 387.8m
step 02767/05568 (49.69%) | loss: 2.612772 | lrm: 0.79 | dt: 8298.02ms | tok/sec: 126,364 | bf16_mfu: 5.06 | epoch: 1 pq: 64 rg: 64 | total time: 381.60m | eta: 387.7m
step 02768/05568 (49.71%) | loss: 2.599189 | lrm: 0.79 | dt: 8306.05ms | tok/sec: 126,242 | bf16_mfu: 5.06 | epoch: 1 pq: 64 rg: 66 | total time: 381.74m | eta: 387.6m
step 02769/05568 (49.73%) | loss: 2.597557 | lrm: 0.78 | dt: 8311.78ms | tok/sec: 126,155 | bf16_mfu: 5.06 | epoch: 1 pq: 64 rg: 68 | total time: 381.88m | eta: 387.4m
step 02770/05568 (49.75%) | loss: 2.587612 | lrm: 0.78 | dt: 8301.47ms | tok/sec: 126,312 | bf16_mfu: 5.06 | epoch: 1 pq: 64 rg: 70 | total time: 382.02m | eta: 387.3m
step 02771/05568 (49.77%) | loss: 2.564215 | lrm: 0.78 | dt: 8298.15ms | tok/sec: 126,362 | bf16_mfu: 5.06 | epoch: 1 pq: 64 rg: 72 | total time: 382.16m | eta: 387.1m
step 02772/05568 (49.78%) | loss: 2.568852 | lrm: 0.78 | dt: 8305.75ms | tok/sec: 126,247 | bf16_mfu: 5.06 | epoch: 1 pq: 64 rg: 74 | total time: 382.29m | eta: 387.0m
step 02773/05568 (49.80%) | loss: 2.571233 | lrm: 0.78 | dt: 8304.77ms | tok/sec: 126,261 | bf16_mfu: 5.06 | epoch: 1 pq: 64 rg: 76 | total time: 382.43m | eta: 386.9m
step 02774/05568 (49.82%) | loss: 2.564075 | lrm: 0.78 | dt: 8300.26ms | tok/sec: 126,330 | bf16_mfu: 5.06 | epoch: 1 pq: 64 rg: 78 | total time: 382.57m | eta: 386.7m
step 02775/05568 (49.84%) | loss: 2.588253 | lrm: 0.78 | dt: 8303.38ms | tok/sec: 126,283 | bf16_mfu: 5.06 | epoch: 1 pq: 64 rg: 80 | total time: 382.71m | eta: 386.6m
step 02776/05568 (49.86%) | loss: 2.588544 | lrm: 0.78 | dt: 8301.09ms | tok/sec: 126,317 | bf16_mfu: 5.06 | epoch: 1 pq: 64 rg: 82 | total time: 382.85m | eta: 386.4m
step 02777/05568 (49.87%) | loss: 2.602466 | lrm: 0.78 | dt: 8302.36ms | tok/sec: 126,298 | bf16_mfu: 5.06 | epoch: 1 pq: 65 rg: 1 | total time: 382.99m | eta: 386.3m
step 02778/05568 (49.89%) | loss: 2.586817 | lrm: 0.78 | dt: 8302.47ms | tok/sec: 126,296 | bf16_mfu: 5.06 | epoch: 1 pq: 65 rg: 3 | total time: 383.12m | eta: 386.2m
step 02779/05568 (49.91%) | loss: 2.603613 | lrm: 0.78 | dt: 8312.54ms | tok/sec: 126,143 | bf16_mfu: 5.06 | epoch: 1 pq: 65 rg: 5 | total time: 383.26m | eta: 386.0m
step 02780/05568 (49.93%) | loss: 2.598186 | lrm: 0.78 | dt: 8294.31ms | tok/sec: 126,421 | bf16_mfu: 5.07 | epoch: 1 pq: 65 rg: 7 | total time: 383.40m | eta: 385.9m
step 02781/05568 (49.95%) | loss: 2.605499 | lrm: 0.78 | dt: 8301.84ms | tok/sec: 126,306 | bf16_mfu: 5.06 | epoch: 1 pq: 65 rg: 9 | total time: 383.54m | eta: 385.8m
step 02782/05568 (49.96%) | loss: 2.594710 | lrm: 0.78 | dt: 8294.88ms | tok/sec: 126,412 | bf16_mfu: 5.07 | epoch: 1 pq: 65 rg: 11 | total time: 383.68m | eta: 385.6m
step 02783/05568 (49.98%) | loss: 2.592086 | lrm: 0.78 | dt: 8304.35ms | tok/sec: 126,268 | bf16_mfu: 5.06 | epoch: 1 pq: 65 rg: 12 | total time: 383.82m | eta: 385.5m
step 02784/05568 (50.00%) | loss: 2.596942 | lrm: 0.78 | dt: 8294.21ms | tok/sec: 126,422 | bf16_mfu: 5.07 | epoch: 1 pq: 65 rg: 14 | total time: 383.95m | eta: 385.3m
step 02785/05568 (50.02%) | loss: 2.602334 | lrm: 0.78 | dt: 8300.59ms | tok/sec: 126,325 | bf16_mfu: 5.06 | epoch: 1 pq: 65 rg: 16 | total time: 384.09m | eta: 385.2m
step 02786/05568 (50.04%) | loss: 2.604039 | lrm: 0.78 | dt: 8298.56ms | tok/sec: 126,356 | bf16_mfu: 5.06 | epoch: 1 pq: 65 rg: 18 | total time: 384.23m | eta: 385.1m
step 02787/05568 (50.05%) | loss: 2.598248 | lrm: 0.78 | dt: 8302.39ms | tok/sec: 126,298 | bf16_mfu: 5.06 | epoch: 1 pq: 65 rg: 20 | total time: 384.37m | eta: 384.9m
step 02788/05568 (50.07%) | loss: 2.589827 | lrm: 0.78 | dt: 8295.01ms | tok/sec: 126,410 | bf16_mfu: 5.07 | epoch: 1 pq: 65 rg: 22 | total time: 384.51m | eta: 384.8m
step 02789/05568 (50.09%) | loss: 2.582905 | lrm: 0.78 | dt: 8302.65ms | tok/sec: 126,294 | bf16_mfu: 5.06 | epoch: 1 pq: 65 rg: 24 | total time: 384.65m | eta: 384.6m
step 02790/05568 (50.11%) | loss: 2.596096 | lrm: 0.78 | dt: 8298.18ms | tok/sec: 126,362 | bf16_mfu: 5.06 | epoch: 1 pq: 65 rg: 26 | total time: 384.78m | eta: 384.5m
step 02791/05568 (50.13%) | loss: 2.589683 | lrm: 0.78 | dt: 8313.91ms | tok/sec: 126,123 | bf16_mfu: 5.05 | epoch: 1 pq: 65 rg: 28 | total time: 384.92m | eta: 384.4m
step 02792/05568 (50.14%) | loss: 2.581539 | lrm: 0.78 | dt: 8295.77ms | tok/sec: 126,398 | bf16_mfu: 5.07 | epoch: 1 pq: 65 rg: 30 | total time: 385.06m | eta: 384.2m
step 02793/05568 (50.16%) | loss: 2.577082 | lrm: 0.78 | dt: 8295.65ms | tok/sec: 126,400 | bf16_mfu: 5.07 | epoch: 1 pq: 65 rg: 32 | total time: 385.20m | eta: 384.1m
step 02794/05568 (50.18%) | loss: 2.585627 | lrm: 0.78 | dt: 8310.41ms | tok/sec: 126,176 | bf16_mfu: 5.06 | epoch: 1 pq: 65 rg: 34 | total time: 385.34m | eta: 384.0m
step 02795/05568 (50.20%) | loss: 2.595368 | lrm: 0.78 | dt: 8299.00ms | tok/sec: 126,349 | bf16_mfu: 5.06 | epoch: 1 pq: 65 rg: 36 | total time: 385.48m | eta: 383.8m
step 02796/05568 (50.22%) | loss: 2.594150 | lrm: 0.78 | dt: 8297.82ms | tok/sec: 126,367 | bf16_mfu: 5.06 | epoch: 1 pq: 65 rg: 38 | total time: 385.61m | eta: 383.7m
step 02797/05568 (50.23%) | loss: 2.579807 | lrm: 0.78 | dt: 8302.77ms | tok/sec: 126,292 | bf16_mfu: 5.06 | epoch: 1 pq: 65 rg: 40 | total time: 385.75m | eta: 383.5m
step 02798/05568 (50.25%) | loss: 2.566487 | lrm: 0.78 | dt: 8304.96ms | tok/sec: 126,259 | bf16_mfu: 5.06 | epoch: 1 pq: 65 rg: 42 | total time: 385.89m | eta: 383.4m
step 02799/05568 (50.27%) | loss: 2.542279 | lrm: 0.78 | dt: 8300.33ms | tok/sec: 126,329 | bf16_mfu: 5.06 | epoch: 1 pq: 65 rg: 43 | total time: 386.03m | eta: 383.3m
step 02800/05568 (50.29%) | loss: 2.535867 | lrm: 0.78 | dt: 8300.40ms | tok/sec: 126,328 | bf16_mfu: 5.06 | epoch: 1 pq: 65 rg: 45 | total time: 386.17m | eta: 383.1m
step 02801/05568 (50.31%) | loss: 2.541622 | lrm: 0.78 | dt: 8299.87ms | tok/sec: 126,336 | bf16_mfu: 5.06 | epoch: 1 pq: 65 rg: 47 | total time: 386.31m | eta: 383.0m
step 02802/05568 (50.32%) | loss: 2.541896 | lrm: 0.78 | dt: 8302.98ms | tok/sec: 126,289 | bf16_mfu: 5.06 | epoch: 1 pq: 65 rg: 49 | total time: 386.44m | eta: 382.8m
step 02803/05568 (50.34%) | loss: 2.548980 | lrm: 0.78 | dt: 8293.37ms | tok/sec: 126,435 | bf16_mfu: 5.07 | epoch: 1 pq: 65 rg: 51 | total time: 386.58m | eta: 382.7m
step 02804/05568 (50.36%) | loss: 2.567578 | lrm: 0.78 | dt: 8315.29ms | tok/sec: 126,102 | bf16_mfu: 5.05 | epoch: 1 pq: 65 rg: 53 | total time: 386.72m | eta: 382.6m
step 02805/05568 (50.38%) | loss: 2.564413 | lrm: 0.78 | dt: 8296.54ms | tok/sec: 126,387 | bf16_mfu: 5.07 | epoch: 1 pq: 65 rg: 55 | total time: 386.86m | eta: 382.4m
step 02806/05568 (50.40%) | loss: 2.551642 | lrm: 0.78 | dt: 8294.99ms | tok/sec: 126,410 | bf16_mfu: 5.07 | epoch: 1 pq: 65 rg: 57 | total time: 387.00m | eta: 382.3m
step 02807/05568 (50.41%) | loss: 2.518415 | lrm: 0.77 | dt: 8304.65ms | tok/sec: 126,263 | bf16_mfu: 5.06 | epoch: 1 pq: 65 rg: 59 | total time: 387.14m | eta: 382.2m
step 02808/05568 (50.43%) | loss: 2.533590 | lrm: 0.77 | dt: 8302.01ms | tok/sec: 126,303 | bf16_mfu: 5.06 | epoch: 1 pq: 65 rg: 61 | total time: 387.27m | eta: 382.0m
step 02809/05568 (50.45%) | loss: 2.545592 | lrm: 0.77 | dt: 8304.37ms | tok/sec: 126,268 | bf16_mfu: 5.06 | epoch: 1 pq: 65 rg: 63 | total time: 387.41m | eta: 381.9m
step 02810/05568 (50.47%) | loss: 2.562077 | lrm: 0.77 | dt: 8303.62ms | tok/sec: 126,279 | bf16_mfu: 5.06 | epoch: 1 pq: 65 rg: 65 | total time: 387.55m | eta: 381.7m
step 02811/05568 (50.48%) | loss: 2.549648 | lrm: 0.77 | dt: 8297.82ms | tok/sec: 126,367 | bf16_mfu: 5.06 | epoch: 1 pq: 65 rg: 67 | total time: 387.69m | eta: 381.6m
step 02812/05568 (50.50%) | loss: 2.544516 | lrm: 0.77 | dt: 8306.56ms | tok/sec: 126,234 | bf16_mfu: 5.06 | epoch: 1 pq: 65 rg: 69 | total time: 387.83m | eta: 381.5m
step 02813/05568 (50.52%) | loss: 2.532160 | lrm: 0.77 | dt: 8296.02ms | tok/sec: 126,395 | bf16_mfu: 5.07 | epoch: 1 pq: 65 rg: 71 | total time: 387.97m | eta: 381.3m
step 02814/05568 (50.54%) | loss: 2.542631 | lrm: 0.77 | dt: 8303.05ms | tok/sec: 126,288 | bf16_mfu: 5.06 | epoch: 1 pq: 65 rg: 73 | total time: 388.10m | eta: 381.2m
step 02815/05568 (50.56%) | loss: 2.548553 | lrm: 0.77 | dt: 8311.34ms | tok/sec: 126,162 | bf16_mfu: 5.06 | epoch: 1 pq: 65 rg: 75 | total time: 388.24m | eta: 381.0m
step 02816/05568 (50.57%) | loss: 2.545083 | lrm: 0.77 | dt: 8298.78ms | tok/sec: 126,353 | bf16_mfu: 5.06 | epoch: 1 pq: 65 rg: 76 | total time: 388.38m | eta: 380.9m
step 02817/05568 (50.59%) | loss: 2.559259 | lrm: 0.77 | dt: 8314.05ms | tok/sec: 126,120 | bf16_mfu: 5.05 | epoch: 1 pq: 65 rg: 78 | total time: 388.52m | eta: 380.8m
step 02818/05568 (50.61%) | loss: 2.541147 | lrm: 0.77 | dt: 8301.70ms | tok/sec: 126,308 | bf16_mfu: 5.06 | epoch: 1 pq: 65 rg: 80 | total time: 388.66m | eta: 380.6m
step 02819/05568 (50.63%) | loss: 2.535823 | lrm: 0.77 | dt: 8288.41ms | tok/sec: 126,511 | bf16_mfu: 5.07 | epoch: 1 pq: 66 rg: 0 | total time: 388.80m | eta: 380.5m
step 02820/05568 (50.65%) | loss: 2.533548 | lrm: 0.77 | dt: 8296.03ms | tok/sec: 126,394 | bf16_mfu: 5.07 | epoch: 1 pq: 66 rg: 2 | total time: 388.93m | eta: 380.4m
step 02821/05568 (50.66%) | loss: 2.521254 | lrm: 0.77 | dt: 8295.27ms | tok/sec: 126,406 | bf16_mfu: 5.07 | epoch: 1 pq: 66 rg: 4 | total time: 389.07m | eta: 380.2m
step 02822/05568 (50.68%) | loss: 2.520448 | lrm: 0.77 | dt: 8294.85ms | tok/sec: 126,412 | bf16_mfu: 5.07 | epoch: 1 pq: 66 rg: 6 | total time: 389.21m | eta: 380.1m
step 02823/05568 (50.70%) | loss: 2.524297 | lrm: 0.77 | dt: 8301.38ms | tok/sec: 126,313 | bf16_mfu: 5.06 | epoch: 1 pq: 66 rg: 8 | total time: 389.35m | eta: 379.9m
step 02824/05568 (50.72%) | loss: 2.510816 | lrm: 0.77 | dt: 8304.63ms | tok/sec: 126,264 | bf16_mfu: 5.06 | epoch: 1 pq: 66 rg: 10 | total time: 389.49m | eta: 379.8m
step 02825/05568 (50.74%) | loss: 2.513787 | lrm: 0.77 | dt: 8327.06ms | tok/sec: 125,923 | bf16_mfu: 5.05 | epoch: 1 pq: 66 rg: 12 | total time: 389.63m | eta: 379.7m
step 02826/05568 (50.75%) | loss: 2.527156 | lrm: 0.77 | dt: 8302.66ms | tok/sec: 126,293 | bf16_mfu: 5.06 | epoch: 1 pq: 66 rg: 14 | total time: 389.77m | eta: 379.5m
step 02827/05568 (50.77%) | loss: 2.524947 | lrm: 0.77 | dt: 8304.68ms | tok/sec: 126,263 | bf16_mfu: 5.06 | epoch: 1 pq: 66 rg: 16 | total time: 389.90m | eta: 379.4m
step 02828/05568 (50.79%) | loss: 2.531058 | lrm: 0.77 | dt: 8302.73ms | tok/sec: 126,292 | bf16_mfu: 5.06 | epoch: 1 pq: 66 rg: 17 | total time: 390.04m | eta: 379.2m
step 02829/05568 (50.81%) | loss: 2.534478 | lrm: 0.77 | dt: 8298.92ms | tok/sec: 126,350 | bf16_mfu: 5.06 | epoch: 1 pq: 66 rg: 19 | total time: 390.18m | eta: 379.1m
step 02830/05568 (50.83%) | loss: 2.540035 | lrm: 0.77 | dt: 8302.38ms | tok/sec: 126,298 | bf16_mfu: 5.06 | epoch: 1 pq: 66 rg: 21 | total time: 390.32m | eta: 379.0m
step 02831/05568 (50.84%) | loss: 2.562669 | lrm: 0.77 | dt: 8308.92ms | tok/sec: 126,198 | bf16_mfu: 5.06 | epoch: 1 pq: 66 rg: 23 | total time: 390.46m | eta: 378.8m
step 02832/05568 (50.86%) | loss: 2.568347 | lrm: 0.77 | dt: 8304.90ms | tok/sec: 126,259 | bf16_mfu: 5.06 | epoch: 1 pq: 66 rg: 25 | total time: 390.60m | eta: 378.7m
step 02833/05568 (50.88%) | loss: 2.569961 | lrm: 0.77 | dt: 8293.57ms | tok/sec: 126,432 | bf16_mfu: 5.07 | epoch: 1 pq: 66 rg: 27 | total time: 390.73m | eta: 378.6m
step 02834/05568 (50.90%) | loss: 2.553591 | lrm: 0.77 | dt: 8292.79ms | tok/sec: 126,444 | bf16_mfu: 5.07 | epoch: 1 pq: 66 rg: 29 | total time: 390.87m | eta: 378.4m
step 02835/05568 (50.92%) | loss: 2.541958 | lrm: 0.77 | dt: 8306.30ms | tok/sec: 126,238 | bf16_mfu: 5.06 | epoch: 1 pq: 66 rg: 31 | total time: 391.01m | eta: 378.3m
step 02836/05568 (50.93%) | loss: 2.533248 | lrm: 0.77 | dt: 8299.04ms | tok/sec: 126,349 | bf16_mfu: 5.06 | epoch: 1 pq: 66 rg: 33 | total time: 391.15m | eta: 378.1m
step 02837/05568 (50.95%) | loss: 2.536921 | lrm: 0.77 | dt: 8299.37ms | tok/sec: 126,344 | bf16_mfu: 5.06 | epoch: 1 pq: 66 rg: 35 | total time: 391.29m | eta: 378.0m
step 02838/05568 (50.97%) | loss: 2.535707 | lrm: 0.77 | dt: 8312.31ms | tok/sec: 126,147 | bf16_mfu: 5.06 | epoch: 1 pq: 66 rg: 37 | total time: 391.43m | eta: 377.9m
step 02839/05568 (50.99%) | loss: 2.543564 | lrm: 0.77 | dt: 8302.71ms | tok/sec: 126,293 | bf16_mfu: 5.06 | epoch: 1 pq: 66 rg: 39 | total time: 391.56m | eta: 377.7m
step 02840/05568 (51.01%) | loss: 2.561290 | lrm: 0.77 | dt: 8310.73ms | tok/sec: 126,171 | bf16_mfu: 5.06 | epoch: 1 pq: 66 rg: 41 | total time: 391.70m | eta: 377.6m
step 02841/05568 (51.02%) | loss: 2.566743 | lrm: 0.77 | dt: 8318.04ms | tok/sec: 126,060 | bf16_mfu: 5.05 | epoch: 1 pq: 66 rg: 43 | total time: 391.84m | eta: 377.4m
step 02842/05568 (51.04%) | loss: 2.571486 | lrm: 0.77 | dt: 8316.55ms | tok/sec: 126,083 | bf16_mfu: 5.05 | epoch: 1 pq: 66 rg: 44 | total time: 391.98m | eta: 377.3m
step 02843/05568 (51.06%) | loss: 2.565077 | lrm: 0.77 | dt: 8293.01ms | tok/sec: 126,440 | bf16_mfu: 5.07 | epoch: 1 pq: 66 rg: 46 | total time: 392.12m | eta: 377.2m
step 02844/05568 (51.08%) | loss: 2.587039 | lrm: 0.77 | dt: 8295.46ms | tok/sec: 126,403 | bf16_mfu: 5.07 | epoch: 1 pq: 66 rg: 48 | total time: 392.26m | eta: 377.0m
step 02845/05568 (51.10%) | loss: 2.574667 | lrm: 0.76 | dt: 8299.14ms | tok/sec: 126,347 | bf16_mfu: 5.06 | epoch: 1 pq: 66 rg: 50 | total time: 392.39m | eta: 376.9m
step 02846/05568 (51.11%) | loss: 2.572141 | lrm: 0.76 | dt: 8291.39ms | tok/sec: 126,465 | bf16_mfu: 5.07 | epoch: 1 pq: 66 rg: 52 | total time: 392.53m | eta: 376.8m
step 02847/05568 (51.13%) | loss: 2.575246 | lrm: 0.76 | dt: 8310.80ms | tok/sec: 126,170 | bf16_mfu: 5.06 | epoch: 1 pq: 66 rg: 54 | total time: 392.67m | eta: 376.6m
step 02848/05568 (51.15%) | loss: 2.569292 | lrm: 0.76 | dt: 8298.90ms | tok/sec: 126,351 | bf16_mfu: 5.06 | epoch: 1 pq: 66 rg: 56 | total time: 392.81m | eta: 376.5m
step 02849/05568 (51.17%) | loss: 2.561700 | lrm: 0.76 | dt: 8298.83ms | tok/sec: 126,352 | bf16_mfu: 5.06 | epoch: 1 pq: 66 rg: 58 | total time: 392.95m | eta: 376.3m
step 02850/05568 (51.19%) | loss: 2.555726 | lrm: 0.76 | dt: 8299.82ms | tok/sec: 126,337 | bf16_mfu: 5.06 | epoch: 1 pq: 66 rg: 60 | total time: 393.09m | eta: 376.2m
step 02851/05568 (51.20%) | loss: 2.570898 | lrm: 0.76 | dt: 8299.70ms | tok/sec: 126,338 | bf16_mfu: 5.06 | epoch: 1 pq: 66 rg: 62 | total time: 393.22m | eta: 376.1m
step 02852/05568 (51.22%) | loss: 2.582460 | lrm: 0.76 | dt: 8294.67ms | tok/sec: 126,415 | bf16_mfu: 5.07 | epoch: 1 pq: 66 rg: 64 | total time: 393.36m | eta: 375.9m
step 02853/05568 (51.24%) | loss: 2.565998 | lrm: 0.76 | dt: 8303.17ms | tok/sec: 126,286 | bf16_mfu: 5.06 | epoch: 1 pq: 66 rg: 65 | total time: 393.50m | eta: 375.8m
step 02854/05568 (51.26%) | loss: 2.543855 | lrm: 0.76 | dt: 8306.22ms | tok/sec: 126,239 | bf16_mfu: 5.06 | epoch: 1 pq: 66 rg: 67 | total time: 393.64m | eta: 375.6m
step 02855/05568 (51.28%) | loss: 2.536656 | lrm: 0.76 | dt: 8306.87ms | tok/sec: 126,229 | bf16_mfu: 5.06 | epoch: 1 pq: 66 rg: 69 | total time: 393.78m | eta: 375.5m
step 02856/05568 (51.29%) | loss: 2.522336 | lrm: 0.76 | dt: 8304.03ms | tok/sec: 126,273 | bf16_mfu: 5.06 | epoch: 1 pq: 66 rg: 71 | total time: 393.92m | eta: 375.4m
step 02857/05568 (51.31%) | loss: 2.543490 | lrm: 0.76 | dt: 8301.70ms | tok/sec: 126,308 | bf16_mfu: 5.06 | epoch: 1 pq: 66 rg: 73 | total time: 394.05m | eta: 375.2m
step 02858/05568 (51.33%) | loss: 2.541382 | lrm: 0.76 | dt: 8293.50ms | tok/sec: 126,433 | bf16_mfu: 5.07 | epoch: 1 pq: 66 rg: 75 | total time: 394.19m | eta: 375.1m
step 02859/05568 (51.35%) | loss: 2.530056 | lrm: 0.76 | dt: 8300.44ms | tok/sec: 126,327 | bf16_mfu: 5.06 | epoch: 1 pq: 66 rg: 77 | total time: 394.33m | eta: 375.0m
step 02860/05568 (51.36%) | loss: 2.524942 | lrm: 0.76 | dt: 8305.53ms | tok/sec: 126,250 | bf16_mfu: 5.06 | epoch: 1 pq: 66 rg: 79 | total time: 394.47m | eta: 374.8m
step 02861/05568 (51.38%) | loss: 2.508305 | lrm: 0.76 | dt: 8326.66ms | tok/sec: 125,930 | bf16_mfu: 5.05 | epoch: 1 pq: 66 rg: 81 | total time: 394.61m | eta: 374.7m
step 02862/05568 (51.40%) | loss: 2.514962 | lrm: 0.76 | dt: 8303.14ms | tok/sec: 126,286 | bf16_mfu: 5.06 | epoch: 1 pq: 67 rg: 1 | total time: 394.75m | eta: 374.5m
step 02863/05568 (51.42%) | loss: 2.507733 | lrm: 0.76 | dt: 8298.52ms | tok/sec: 126,356 | bf16_mfu: 5.06 | epoch: 1 pq: 67 rg: 3 | total time: 394.89m | eta: 374.4m
step 02864/05568 (51.44%) | loss: 2.542881 | lrm: 0.76 | dt: 8307.55ms | tok/sec: 126,219 | bf16_mfu: 5.06 | epoch: 1 pq: 67 rg: 5 | total time: 395.02m | eta: 374.3m
step 02865/05568 (51.45%) | loss: 2.530105 | lrm: 0.76 | dt: 8300.54ms | tok/sec: 126,326 | bf16_mfu: 5.06 | epoch: 1 pq: 67 rg: 7 | total time: 395.16m | eta: 374.1m
step 02866/05568 (51.47%) | loss: 2.530418 | lrm: 0.76 | dt: 8294.29ms | tok/sec: 126,421 | bf16_mfu: 5.07 | epoch: 1 pq: 67 rg: 9 | total time: 395.30m | eta: 374.0m
step 02867/05568 (51.49%) | loss: 2.525618 | lrm: 0.76 | dt: 8288.75ms | tok/sec: 126,505 | bf16_mfu: 5.07 | epoch: 1 pq: 67 rg: 11 | total time: 395.44m | eta: 373.8m
step 02868/05568 (51.51%) | loss: 2.492985 | lrm: 0.76 | dt: 8296.25ms | tok/sec: 126,391 | bf16_mfu: 5.07 | epoch: 1 pq: 67 rg: 13 | total time: 395.58m | eta: 373.7m
step 02869/05568 (51.53%) | loss: 2.505553 | lrm: 0.76 | dt: 8291.25ms | tok/sec: 126,467 | bf16_mfu: 5.07 | epoch: 1 pq: 67 rg: 15 | total time: 395.71m | eta: 373.6m
step 02870/05568 (51.54%) | loss: 2.513016 | lrm: 0.76 | dt: 8302.16ms | tok/sec: 126,301 | bf16_mfu: 5.06 | epoch: 1 pq: 67 rg: 16 | total time: 395.85m | eta: 373.4m
step 02871/05568 (51.56%) | loss: 2.506578 | lrm: 0.76 | dt: 8295.75ms | tok/sec: 126,399 | bf16_mfu: 5.07 | epoch: 1 pq: 67 rg: 18 | total time: 395.99m | eta: 373.3m
step 02872/05568 (51.58%) | loss: 2.525107 | lrm: 0.76 | dt: 8298.05ms | tok/sec: 126,364 | bf16_mfu: 5.06 | epoch: 1 pq: 67 rg: 20 | total time: 396.13m | eta: 373.2m
step 02873/05568 (51.60%) | loss: 2.504021 | lrm: 0.76 | dt: 8298.21ms | tok/sec: 126,361 | bf16_mfu: 5.06 | epoch: 1 pq: 67 rg: 22 | total time: 396.27m | eta: 373.0m
step 02874/05568 (51.62%) | loss: 2.515582 | lrm: 0.76 | dt: 8302.24ms | tok/sec: 126,300 | bf16_mfu: 5.06 | epoch: 1 pq: 67 rg: 24 | total time: 396.41m | eta: 372.9m
step 02875/05568 (51.63%) | loss: 2.513018 | lrm: 0.76 | dt: 8301.41ms | tok/sec: 126,313 | bf16_mfu: 5.06 | epoch: 1 pq: 67 rg: 26 | total time: 396.54m | eta: 372.7m
step 02876/05568 (51.65%) | loss: 2.534162 | lrm: 0.76 | dt: 8301.32ms | tok/sec: 126,314 | bf16_mfu: 5.06 | epoch: 1 pq: 67 rg: 28 | total time: 396.68m | eta: 372.6m
step 02877/05568 (51.67%) | loss: 2.538813 | lrm: 0.76 | dt: 8312.42ms | tok/sec: 126,145 | bf16_mfu: 5.06 | epoch: 1 pq: 67 rg: 30 | total time: 396.82m | eta: 372.5m
step 02878/05568 (51.69%) | loss: 2.549258 | lrm: 0.76 | dt: 8284.99ms | tok/sec: 126,563 | bf16_mfu: 5.07 | epoch: 1 pq: 67 rg: 32 | total time: 396.96m | eta: 372.3m
step 02879/05568 (51.71%) | loss: 2.559484 | lrm: 0.76 | dt: 8307.80ms | tok/sec: 126,215 | bf16_mfu: 5.06 | epoch: 1 pq: 67 rg: 34 | total time: 397.10m | eta: 372.2m
step 02880/05568 (51.72%) | loss: 2.559692 | lrm: 0.76 | dt: 8302.35ms | tok/sec: 126,298 | bf16_mfu: 5.06 | epoch: 1 pq: 67 rg: 36 | total time: 397.24m | eta: 372.0m
step 02881/05568 (51.74%) | loss: 2.550516 | lrm: 0.76 | dt: 8297.09ms | tok/sec: 126,378 | bf16_mfu: 5.07 | epoch: 1 pq: 67 rg: 38 | total time: 397.37m | eta: 371.9m
step 02882/05568 (51.76%) | loss: 2.574777 | lrm: 0.76 | dt: 8300.99ms | tok/sec: 126,319 | bf16_mfu: 5.06 | epoch: 1 pq: 67 rg: 40 | total time: 397.51m | eta: 371.8m
step 02883/05568 (51.78%) | loss: 2.575025 | lrm: 0.75 | dt: 8307.45ms | tok/sec: 126,221 | bf16_mfu: 5.06 | epoch: 1 pq: 67 rg: 41 | total time: 397.65m | eta: 371.6m
step 02884/05568 (51.80%) | loss: 2.566274 | lrm: 0.75 | dt: 8314.17ms | tok/sec: 126,119 | bf16_mfu: 5.05 | epoch: 1 pq: 67 rg: 43 | total time: 397.79m | eta: 371.5m
step 02885/05568 (51.81%) | loss: 2.559588 | lrm: 0.75 | dt: 8288.97ms | tok/sec: 126,502 | bf16_mfu: 5.07 | epoch: 1 pq: 67 rg: 45 | total time: 397.93m | eta: 371.4m
step 02886/05568 (51.83%) | loss: 2.562751 | lrm: 0.75 | dt: 8305.38ms | tok/sec: 126,252 | bf16_mfu: 5.06 | epoch: 1 pq: 67 rg: 47 | total time: 398.07m | eta: 371.2m
step 02887/05568 (51.85%) | loss: 2.563964 | lrm: 0.75 | dt: 8288.70ms | tok/sec: 126,506 | bf16_mfu: 5.07 | epoch: 1 pq: 67 rg: 49 | total time: 398.20m | eta: 371.1m
step 02888/05568 (51.87%) | loss: 2.553705 | lrm: 0.75 | dt: 8303.35ms | tok/sec: 126,283 | bf16_mfu: 5.06 | epoch: 1 pq: 67 rg: 51 | total time: 398.34m | eta: 370.9m
step 02889/05568 (51.89%) | loss: 2.557314 | lrm: 0.75 | dt: 8296.70ms | tok/sec: 126,384 | bf16_mfu: 5.07 | epoch: 1 pq: 67 rg: 53 | total time: 398.48m | eta: 370.8m
step 02890/05568 (51.90%) | loss: 2.559743 | lrm: 0.75 | dt: 8306.60ms | tok/sec: 126,234 | bf16_mfu: 5.06 | epoch: 1 pq: 67 rg: 55 | total time: 398.62m | eta: 370.7m
step 02891/05568 (51.92%) | loss: 2.568931 | lrm: 0.75 | dt: 8323.39ms | tok/sec: 125,979 | bf16_mfu: 5.05 | epoch: 1 pq: 67 rg: 57 | total time: 398.76m | eta: 370.5m
step 02892/05568 (51.94%) | loss: 2.567514 | lrm: 0.75 | dt: 8296.84ms | tok/sec: 126,382 | bf16_mfu: 5.07 | epoch: 1 pq: 67 rg: 59 | total time: 398.90m | eta: 370.4m
step 02893/05568 (51.96%) | loss: 2.552234 | lrm: 0.75 | dt: 8307.34ms | tok/sec: 126,222 | bf16_mfu: 5.06 | epoch: 1 pq: 67 rg: 61 | total time: 399.04m | eta: 370.2m
step 02894/05568 (51.98%) | loss: 2.553665 | lrm: 0.75 | dt: 8306.80ms | tok/sec: 126,230 | bf16_mfu: 5.06 | epoch: 1 pq: 67 rg: 63 | total time: 399.17m | eta: 370.1m
step 02895/05568 (51.99%) | loss: 2.549567 | lrm: 0.75 | dt: 8295.21ms | tok/sec: 126,407 | bf16_mfu: 5.07 | epoch: 1 pq: 67 rg: 65 | total time: 399.31m | eta: 370.0m
step 02896/05568 (52.01%) | loss: 2.547125 | lrm: 0.75 | dt: 8298.44ms | tok/sec: 126,358 | bf16_mfu: 5.06 | epoch: 1 pq: 67 rg: 67 | total time: 399.45m | eta: 369.8m
step 02897/05568 (52.03%) | loss: 2.542347 | lrm: 0.75 | dt: 8304.12ms | tok/sec: 126,271 | bf16_mfu: 5.06 | epoch: 1 pq: 67 rg: 69 | total time: 399.59m | eta: 369.7m
step 02898/05568 (52.05%) | loss: 2.548366 | lrm: 0.75 | dt: 8298.78ms | tok/sec: 126,352 | bf16_mfu: 5.06 | epoch: 1 pq: 67 rg: 71 | total time: 399.73m | eta: 369.6m
step 02899/05568 (52.07%) | loss: 2.528354 | lrm: 0.75 | dt: 8299.56ms | tok/sec: 126,341 | bf16_mfu: 5.06 | epoch: 1 pq: 67 rg: 72 | total time: 399.87m | eta: 369.4m
step 02900/05568 (52.08%) | loss: 2.528794 | lrm: 0.75 | dt: 8305.91ms | tok/sec: 126,244 | bf16_mfu: 5.06 | epoch: 1 pq: 67 rg: 74 | total time: 400.00m | eta: 369.3m
step 02901/05568 (52.10%) | loss: 2.535375 | lrm: 0.75 | dt: 8292.45ms | tok/sec: 126,449 | bf16_mfu: 5.07 | epoch: 1 pq: 67 rg: 76 | total time: 400.14m | eta: 369.1m
step 02902/05568 (52.12%) | loss: 2.536465 | lrm: 0.75 | dt: 8297.01ms | tok/sec: 126,379 | bf16_mfu: 5.07 | epoch: 1 pq: 67 rg: 78 | total time: 400.28m | eta: 369.0m
step 02903/05568 (52.14%) | loss: 2.530256 | lrm: 0.75 | dt: 8295.56ms | tok/sec: 126,402 | bf16_mfu: 5.07 | epoch: 1 pq: 67 rg: 80 | total time: 400.42m | eta: 368.9m
step 02904/05568 (52.16%) | loss: 2.530095 | lrm: 0.75 | dt: 8301.15ms | tok/sec: 126,316 | bf16_mfu: 5.06 | epoch: 1 pq: 67 rg: 82 | total time: 400.56m | eta: 368.7m
step 02905/05568 (52.17%) | loss: 2.535068 | lrm: 0.75 | dt: 8289.13ms | tok/sec: 126,500 | bf16_mfu: 5.07 | epoch: 1 pq: 68 rg: 1 | total time: 400.70m | eta: 368.6m
step 02906/05568 (52.19%) | loss: 2.536023 | lrm: 0.75 | dt: 8295.01ms | tok/sec: 126,410 | bf16_mfu: 5.07 | epoch: 1 pq: 68 rg: 3 | total time: 400.83m | eta: 368.4m
step 02907/05568 (52.21%) | loss: 2.538576 | lrm: 0.75 | dt: 8315.38ms | tok/sec: 126,100 | bf16_mfu: 5.05 | epoch: 1 pq: 68 rg: 5 | total time: 400.97m | eta: 368.3m
step 02908/05568 (52.23%) | loss: 2.538340 | lrm: 0.75 | dt: 8301.39ms | tok/sec: 126,313 | bf16_mfu: 5.06 | epoch: 1 pq: 68 rg: 7 | total time: 401.11m | eta: 368.2m
step 02909/05568 (52.24%) | loss: 2.545976 | lrm: 0.75 | dt: 8298.05ms | tok/sec: 126,364 | bf16_mfu: 5.06 | epoch: 1 pq: 68 rg: 9 | total time: 401.25m | eta: 368.0m
step 02910/05568 (52.26%) | loss: 2.555398 | lrm: 0.75 | dt: 8298.38ms | tok/sec: 126,359 | bf16_mfu: 5.06 | epoch: 1 pq: 68 rg: 11 | total time: 401.39m | eta: 367.9m
step 02911/05568 (52.28%) | loss: 2.553035 | lrm: 0.75 | dt: 8302.20ms | tok/sec: 126,301 | bf16_mfu: 5.06 | epoch: 1 pq: 68 rg: 13 | total time: 401.53m | eta: 367.8m
step 02912/05568 (52.30%) | loss: 2.545447 | lrm: 0.75 | dt: 8300.59ms | tok/sec: 126,325 | bf16_mfu: 5.06 | epoch: 1 pq: 68 rg: 15 | total time: 401.66m | eta: 367.6m
step 02913/05568 (52.32%) | loss: 2.554623 | lrm: 0.75 | dt: 8294.64ms | tok/sec: 126,416 | bf16_mfu: 5.07 | epoch: 1 pq: 68 rg: 17 | total time: 401.80m | eta: 367.5m
step 02914/05568 (52.33%) | loss: 2.567663 | lrm: 0.75 | dt: 8309.30ms | tok/sec: 126,193 | bf16_mfu: 5.06 | epoch: 1 pq: 68 rg: 19 | total time: 401.94m | eta: 367.3m
step 02915/05568 (52.35%) | loss: 2.576202 | lrm: 0.75 | dt: 8297.99ms | tok/sec: 126,365 | bf16_mfu: 5.06 | epoch: 1 pq: 68 rg: 20 | total time: 402.08m | eta: 367.2m
step 02916/05568 (52.37%) | loss: 2.560074 | lrm: 0.75 | dt: 8305.99ms | tok/sec: 126,243 | bf16_mfu: 5.06 | epoch: 1 pq: 68 rg: 22 | total time: 402.22m | eta: 367.1m
step 02917/05568 (52.39%) | loss: 2.558919 | lrm: 0.75 | dt: 8307.08ms | tok/sec: 126,226 | bf16_mfu: 5.06 | epoch: 1 pq: 68 rg: 24 | total time: 402.36m | eta: 366.9m
step 02918/05568 (52.41%) | loss: 2.558306 | lrm: 0.75 | dt: 8292.48ms | tok/sec: 126,448 | bf16_mfu: 5.07 | epoch: 1 pq: 68 rg: 26 | total time: 402.49m | eta: 366.8m
step 02919/05568 (52.42%) | loss: 2.546684 | lrm: 0.75 | dt: 8289.62ms | tok/sec: 126,492 | bf16_mfu: 5.07 | epoch: 1 pq: 68 rg: 28 | total time: 402.63m | eta: 366.6m
step 02920/05568 (52.44%) | loss: 2.556788 | lrm: 0.75 | dt: 8297.34ms | tok/sec: 126,375 | bf16_mfu: 5.06 | epoch: 1 pq: 68 rg: 30 | total time: 402.77m | eta: 366.5m
step 02921/05568 (52.46%) | loss: 2.558799 | lrm: 0.74 | dt: 8297.20ms | tok/sec: 126,377 | bf16_mfu: 5.06 | epoch: 1 pq: 68 rg: 32 | total time: 402.91m | eta: 366.4m
step 02922/05568 (52.48%) | loss: 2.563985 | lrm: 0.74 | dt: 8307.94ms | tok/sec: 126,213 | bf16_mfu: 5.06 | epoch: 1 pq: 68 rg: 34 | total time: 403.05m | eta: 366.2m
step 02923/05568 (52.50%) | loss: 2.557313 | lrm: 0.74 | dt: 8304.56ms | tok/sec: 126,265 | bf16_mfu: 5.06 | epoch: 1 pq: 68 rg: 36 | total time: 403.19m | eta: 366.1m
step 02924/05568 (52.51%) | loss: 2.553682 | lrm: 0.74 | dt: 8294.38ms | tok/sec: 126,420 | bf16_mfu: 5.07 | epoch: 1 pq: 68 rg: 38 | total time: 403.32m | eta: 366.0m
step 02925/05568 (52.53%) | loss: 2.565958 | lrm: 0.74 | dt: 8300.71ms | tok/sec: 126,323 | bf16_mfu: 5.06 | epoch: 1 pq: 68 rg: 40 | total time: 403.46m | eta: 365.8m
step 02926/05568 (52.55%) | loss: 2.567180 | lrm: 0.74 | dt: 8299.83ms | tok/sec: 126,337 | bf16_mfu: 5.06 | epoch: 1 pq: 68 rg: 42 | total time: 403.60m | eta: 365.7m
step 02927/05568 (52.57%) | loss: 2.562870 | lrm: 0.74 | dt: 8302.39ms | tok/sec: 126,298 | bf16_mfu: 5.06 | epoch: 1 pq: 68 rg: 44 | total time: 403.74m | eta: 365.5m
step 02928/05568 (52.59%) | loss: 2.554756 | lrm: 0.74 | dt: 8296.46ms | tok/sec: 126,388 | bf16_mfu: 5.07 | epoch: 1 pq: 68 rg: 46 | total time: 403.88m | eta: 365.4m
step 02929/05568 (52.60%) | loss: 2.544803 | lrm: 0.74 | dt: 8318.59ms | tok/sec: 126,052 | bf16_mfu: 5.05 | epoch: 1 pq: 68 rg: 48 | total time: 404.02m | eta: 365.3m
step 02930/05568 (52.62%) | loss: 2.533829 | lrm: 0.74 | dt: 8298.58ms | tok/sec: 126,356 | bf16_mfu: 5.06 | epoch: 1 pq: 68 rg: 50 | total time: 404.15m | eta: 365.1m
step 02931/05568 (52.64%) | loss: 2.537850 | lrm: 0.74 | dt: 8297.78ms | tok/sec: 126,368 | bf16_mfu: 5.06 | epoch: 1 pq: 68 rg: 51 | total time: 404.29m | eta: 365.0m
step 02932/05568 (52.66%) | loss: 2.536365 | lrm: 0.74 | dt: 8306.96ms | tok/sec: 126,228 | bf16_mfu: 5.06 | epoch: 1 pq: 68 rg: 53 | total time: 404.43m | eta: 364.8m
step 02933/05568 (52.68%) | loss: 2.534428 | lrm: 0.74 | dt: 8303.42ms | tok/sec: 126,282 | bf16_mfu: 5.06 | epoch: 1 pq: 68 rg: 55 | total time: 404.57m | eta: 364.7m
step 02934/05568 (52.69%) | loss: 2.527712 | lrm: 0.74 | dt: 8302.46ms | tok/sec: 126,297 | bf16_mfu: 5.06 | epoch: 1 pq: 68 rg: 57 | total time: 404.71m | eta: 364.6m
step 02935/05568 (52.71%) | loss: 2.533571 | lrm: 0.74 | dt: 8304.25ms | tok/sec: 126,269 | bf16_mfu: 5.06 | epoch: 1 pq: 68 rg: 59 | total time: 404.85m | eta: 364.4m
step 02936/05568 (52.73%) | loss: 2.533705 | lrm: 0.74 | dt: 8298.91ms | tok/sec: 126,350 | bf16_mfu: 5.06 | epoch: 1 pq: 68 rg: 61 | total time: 404.98m | eta: 364.3m
step 02937/05568 (52.75%) | loss: 2.551192 | lrm: 0.74 | dt: 8311.16ms | tok/sec: 126,164 | bf16_mfu: 5.06 | epoch: 1 pq: 68 rg: 63 | total time: 405.12m | eta: 364.2m
step 02938/05568 (52.77%) | loss: 2.558686 | lrm: 0.74 | dt: 8300.40ms | tok/sec: 126,328 | bf16_mfu: 5.06 | epoch: 1 pq: 68 rg: 65 | total time: 405.26m | eta: 364.0m
step 02939/05568 (52.78%) | loss: 2.548248 | lrm: 0.74 | dt: 8297.14ms | tok/sec: 126,378 | bf16_mfu: 5.06 | epoch: 1 pq: 68 rg: 67 | total time: 405.40m | eta: 363.9m
step 02940/05568 (52.80%) | loss: 2.535860 | lrm: 0.74 | dt: 8305.12ms | tok/sec: 126,256 | bf16_mfu: 5.06 | epoch: 1 pq: 68 rg: 69 | total time: 405.54m | eta: 363.7m
step 02941/05568 (52.82%) | loss: 2.531272 | lrm: 0.74 | dt: 8301.73ms | tok/sec: 126,308 | bf16_mfu: 5.06 | epoch: 1 pq: 68 rg: 71 | total time: 405.68m | eta: 363.6m
step 02942/05568 (52.84%) | loss: 2.540330 | lrm: 0.74 | dt: 8299.37ms | tok/sec: 126,344 | bf16_mfu: 5.06 | epoch: 1 pq: 68 rg: 73 | total time: 405.81m | eta: 363.5m
step 02943/05568 (52.86%) | loss: 2.537344 | lrm: 0.74 | dt: 8375.60ms | tok/sec: 125,194 | bf16_mfu: 5.02 | epoch: 1 pq: 68 rg: 75 | total time: 405.95m | eta: 363.3m
step 02944/05568 (52.87%) | loss: 2.544286 | lrm: 0.74 | dt: 8313.53ms | tok/sec: 126,128 | bf16_mfu: 5.06 | epoch: 1 pq: 68 rg: 77 | total time: 406.09m | eta: 363.2m
step 02945/05568 (52.89%) | loss: 2.566955 | lrm: 0.74 | dt: 8301.74ms | tok/sec: 126,308 | bf16_mfu: 5.06 | epoch: 1 pq: 68 rg: 79 | total time: 406.23m | eta: 363.0m
step 02946/05568 (52.91%) | loss: 2.580565 | lrm: 0.74 | dt: 8304.84ms | tok/sec: 126,260 | bf16_mfu: 5.06 | epoch: 1 pq: 68 rg: 80 | total time: 406.37m | eta: 362.9m
step 02947/05568 (52.93%) | loss: 2.580591 | lrm: 0.74 | dt: 8297.58ms | tok/sec: 126,371 | bf16_mfu: 5.06 | epoch: 1 pq: 68 rg: 82 | total time: 406.51m | eta: 362.8m
step 02948/05568 (52.95%) | loss: 2.574559 | lrm: 0.74 | dt: 8306.22ms | tok/sec: 126,239 | bf16_mfu: 5.06 | epoch: 1 pq: 69 rg: 1 | total time: 406.65m | eta: 362.6m
step 02949/05568 (52.96%) | loss: 2.573257 | lrm: 0.74 | dt: 8286.65ms | tok/sec: 126,537 | bf16_mfu: 5.07 | epoch: 1 pq: 69 rg: 3 | total time: 406.78m | eta: 362.5m
step 02950/05568 (52.98%) | loss: 2.569231 | lrm: 0.74 | dt: 8308.84ms | tok/sec: 126,200 | bf16_mfu: 5.06 | epoch: 1 pq: 69 rg: 5 | total time: 406.92m | eta: 362.4m
step 02951/05568 (53.00%) | loss: 2.552204 | lrm: 0.74 | dt: 8303.52ms | tok/sec: 126,280 | bf16_mfu: 5.06 | epoch: 1 pq: 69 rg: 7 | total time: 407.06m | eta: 362.2m
step 02952/05568 (53.02%) | loss: 2.553182 | lrm: 0.74 | dt: 8302.35ms | tok/sec: 126,298 | bf16_mfu: 5.06 | epoch: 1 pq: 69 rg: 9 | total time: 407.20m | eta: 362.1m
step 02953/05568 (53.04%) | loss: 2.558345 | lrm: 0.74 | dt: 8296.40ms | tok/sec: 126,389 | bf16_mfu: 5.07 | epoch: 1 pq: 69 rg: 11 | total time: 407.34m | eta: 361.9m
step 02954/05568 (53.05%) | loss: 2.552310 | lrm: 0.74 | dt: 8326.29ms | tok/sec: 125,935 | bf16_mfu: 5.05 | epoch: 1 pq: 69 rg: 13 | total time: 407.48m | eta: 361.8m
step 02955/05568 (53.07%) | loss: 2.540073 | lrm: 0.74 | dt: 8311.44ms | tok/sec: 126,160 | bf16_mfu: 5.06 | epoch: 1 pq: 69 rg: 15 | total time: 407.62m | eta: 361.7m
step 02956/05568 (53.09%) | loss: 2.540166 | lrm: 0.74 | dt: 8297.97ms | tok/sec: 126,365 | bf16_mfu: 5.06 | epoch: 1 pq: 69 rg: 17 | total time: 407.75m | eta: 361.5m
step 02957/05568 (53.11%) | loss: 2.544995 | lrm: 0.74 | dt: 8299.02ms | tok/sec: 126,349 | bf16_mfu: 5.06 | epoch: 1 pq: 69 rg: 19 | total time: 407.89m | eta: 361.4m
step 02958/05568 (53.12%) | loss: 2.545349 | lrm: 0.74 | dt: 8300.57ms | tok/sec: 126,325 | bf16_mfu: 5.06 | epoch: 1 pq: 69 rg: 21 | total time: 408.03m | eta: 361.2m
step 02959/05568 (53.14%) | loss: 2.546875 | lrm: 0.73 | dt: 8311.65ms | tok/sec: 126,157 | bf16_mfu: 5.06 | epoch: 1 pq: 69 rg: 23 | total time: 408.17m | eta: 361.1m
step 02960/05568 (53.16%) | loss: 2.532671 | lrm: 0.73 | dt: 8306.24ms | tok/sec: 126,239 | bf16_mfu: 5.06 | epoch: 1 pq: 69 rg: 25 | total time: 408.31m | eta: 361.0m
step 02961/05568 (53.18%) | loss: 2.533783 | lrm: 0.73 | dt: 8309.44ms | tok/sec: 126,190 | bf16_mfu: 5.06 | epoch: 1 pq: 69 rg: 27 | total time: 408.45m | eta: 360.8m
step 02962/05568 (53.20%) | loss: 2.548877 | lrm: 0.73 | dt: 8300.31ms | tok/sec: 126,329 | bf16_mfu: 5.06 | epoch: 1 pq: 69 rg: 29 | total time: 408.58m | eta: 360.7m
step 02963/05568 (53.21%) | loss: 2.529868 | lrm: 0.73 | dt: 8290.46ms | tok/sec: 126,479 | bf16_mfu: 5.07 | epoch: 1 pq: 69 rg: 31 | total time: 408.72m | eta: 360.6m
step 02964/05568 (53.23%) | loss: 2.520744 | lrm: 0.73 | dt: 8307.57ms | tok/sec: 126,219 | bf16_mfu: 5.06 | epoch: 1 pq: 69 rg: 32 | total time: 408.86m | eta: 360.4m
step 02965/05568 (53.25%) | loss: 2.522797 | lrm: 0.73 | dt: 8306.17ms | tok/sec: 126,240 | bf16_mfu: 5.06 | epoch: 1 pq: 69 rg: 34 | total time: 409.00m | eta: 360.3m
step 02966/05568 (53.27%) | loss: 2.528114 | lrm: 0.73 | dt: 8296.21ms | tok/sec: 126,392 | bf16_mfu: 5.07 | epoch: 1 pq: 69 rg: 36 | total time: 409.14m | eta: 360.1m
step 02967/05568 (53.29%) | loss: 2.513124 | lrm: 0.73 | dt: 8313.54ms | tok/sec: 126,128 | bf16_mfu: 5.05 | epoch: 1 pq: 69 rg: 38 | total time: 409.28m | eta: 360.0m
step 02968/05568 (53.30%) | loss: 2.521435 | lrm: 0.73 | dt: 8301.24ms | tok/sec: 126,315 | bf16_mfu: 5.06 | epoch: 1 pq: 69 rg: 40 | total time: 409.41m | eta: 359.9m
step 02969/05568 (53.32%) | loss: 2.522691 | lrm: 0.73 | dt: 8316.77ms | tok/sec: 126,079 | bf16_mfu: 5.05 | epoch: 1 pq: 69 rg: 42 | total time: 409.55m | eta: 359.7m
step 02970/05568 (53.34%) | loss: 2.530285 | lrm: 0.73 | dt: 8320.70ms | tok/sec: 126,020 | bf16_mfu: 5.05 | epoch: 1 pq: 69 rg: 44 | total time: 409.69m | eta: 359.6m
step 02971/05568 (53.36%) | loss: 2.540627 | lrm: 0.73 | dt: 8300.93ms | tok/sec: 126,320 | bf16_mfu: 5.06 | epoch: 1 pq: 69 rg: 46 | total time: 409.83m | eta: 359.4m
step 02972/05568 (53.38%) | loss: 2.525010 | lrm: 0.73 | dt: 8306.21ms | tok/sec: 126,239 | bf16_mfu: 5.06 | epoch: 1 pq: 69 rg: 48 | total time: 409.97m | eta: 359.3m
step 02973/05568 (53.39%) | loss: 2.539872 | lrm: 0.73 | dt: 8293.64ms | tok/sec: 126,431 | bf16_mfu: 5.07 | epoch: 1 pq: 69 rg: 50 | total time: 410.11m | eta: 359.2m
step 02974/05568 (53.41%) | loss: 2.549442 | lrm: 0.73 | dt: 8302.37ms | tok/sec: 126,298 | bf16_mfu: 5.06 | epoch: 1 pq: 69 rg: 52 | total time: 410.24m | eta: 359.0m
step 02975/05568 (53.43%) | loss: 2.564772 | lrm: 0.73 | dt: 8297.28ms | tok/sec: 126,375 | bf16_mfu: 5.06 | epoch: 1 pq: 69 rg: 54 | total time: 410.38m | eta: 358.9m
step 02976/05568 (53.45%) | loss: 2.567659 | lrm: 0.73 | dt: 8305.46ms | tok/sec: 126,251 | bf16_mfu: 5.06 | epoch: 1 pq: 69 rg: 56 | total time: 410.52m | eta: 358.8m
step 02977/05568 (53.47%) | loss: 2.574094 | lrm: 0.73 | dt: 8313.29ms | tok/sec: 126,132 | bf16_mfu: 5.06 | epoch: 1 pq: 69 rg: 58 | total time: 410.66m | eta: 358.6m
step 02978/05568 (53.48%) | loss: 2.567899 | lrm: 0.73 | dt: 8297.73ms | tok/sec: 126,368 | bf16_mfu: 5.06 | epoch: 1 pq: 69 rg: 60 | total time: 410.80m | eta: 358.5m
step 02979/05568 (53.50%) | loss: 2.575361 | lrm: 0.73 | dt: 8314.14ms | tok/sec: 126,119 | bf16_mfu: 5.05 | epoch: 1 pq: 69 rg: 61 | total time: 410.94m | eta: 358.3m
step 02980/05568 (53.52%) | loss: 2.561858 | lrm: 0.73 | dt: 8295.09ms | tok/sec: 126,409 | bf16_mfu: 5.07 | epoch: 1 pq: 69 rg: 63 | total time: 411.08m | eta: 358.2m
step 02981/05568 (53.54%) | loss: 2.547894 | lrm: 0.73 | dt: 8293.26ms | tok/sec: 126,437 | bf16_mfu: 5.07 | epoch: 1 pq: 69 rg: 65 | total time: 411.21m | eta: 358.1m
step 02982/05568 (53.56%) | loss: 2.554990 | lrm: 0.73 | dt: 8306.70ms | tok/sec: 126,232 | bf16_mfu: 5.06 | epoch: 1 pq: 69 rg: 67 | total time: 411.35m | eta: 357.9m
step 02983/05568 (53.57%) | loss: 2.556853 | lrm: 0.73 | dt: 8294.55ms | tok/sec: 126,417 | bf16_mfu: 5.07 | epoch: 1 pq: 69 rg: 69 | total time: 411.49m | eta: 357.8m
step 02984/05568 (53.59%) | loss: 2.539894 | lrm: 0.73 | dt: 8316.97ms | tok/sec: 126,076 | bf16_mfu: 5.05 | epoch: 1 pq: 69 rg: 71 | total time: 411.63m | eta: 357.6m
step 02985/05568 (53.61%) | loss: 2.534503 | lrm: 0.73 | dt: 8313.19ms | tok/sec: 126,134 | bf16_mfu: 5.06 | epoch: 1 pq: 69 rg: 73 | total time: 411.77m | eta: 357.5m
step 02986/05568 (53.63%) | loss: 2.535219 | lrm: 0.73 | dt: 8314.75ms | tok/sec: 126,110 | bf16_mfu: 5.05 | epoch: 1 pq: 69 rg: 75 | total time: 411.91m | eta: 357.4m
step 02987/05568 (53.65%) | loss: 2.526485 | lrm: 0.73 | dt: 8300.74ms | tok/sec: 126,323 | bf16_mfu: 5.06 | epoch: 1 pq: 69 rg: 77 | total time: 412.04m | eta: 357.2m
step 02988/05568 (53.66%) | loss: 2.509064 | lrm: 0.73 | dt: 8302.00ms | tok/sec: 126,304 | bf16_mfu: 5.06 | epoch: 1 pq: 69 rg: 79 | total time: 412.18m | eta: 357.1m
step 02989/05568 (53.68%) | loss: 2.505560 | lrm: 0.73 | dt: 8306.35ms | tok/sec: 126,237 | bf16_mfu: 5.06 | epoch: 1 pq: 69 rg: 81 | total time: 412.32m | eta: 357.0m
step 02990/05568 (53.70%) | loss: 2.484965 | lrm: 0.73 | dt: 8304.55ms | tok/sec: 126,265 | bf16_mfu: 5.06 | epoch: 1 pq: 70 rg: 0 | total time: 412.46m | eta: 356.8m
step 02991/05568 (53.72%) | loss: 2.485400 | lrm: 0.73 | dt: 8304.93ms | tok/sec: 126,259 | bf16_mfu: 5.06 | epoch: 1 pq: 70 rg: 2 | total time: 412.60m | eta: 356.7m
step 02992/05568 (53.74%) | loss: 2.509966 | lrm: 0.73 | dt: 8307.67ms | tok/sec: 126,217 | bf16_mfu: 5.06 | epoch: 1 pq: 70 rg: 4 | total time: 412.74m | eta: 356.5m
step 02993/05568 (53.75%) | loss: 2.529260 | lrm: 0.73 | dt: 8308.54ms | tok/sec: 126,204 | bf16_mfu: 5.06 | epoch: 1 pq: 70 rg: 5 | total time: 412.87m | eta: 356.4m
step 02994/05568 (53.77%) | loss: 2.533435 | lrm: 0.73 | dt: 8300.35ms | tok/sec: 126,329 | bf16_mfu: 5.06 | epoch: 1 pq: 70 rg: 7 | total time: 413.01m | eta: 356.3m
step 02995/05568 (53.79%) | loss: 2.539508 | lrm: 0.73 | dt: 8312.17ms | tok/sec: 126,149 | bf16_mfu: 5.06 | epoch: 1 pq: 70 rg: 9 | total time: 413.15m | eta: 356.1m
step 02996/05568 (53.81%) | loss: 2.537434 | lrm: 0.73 | dt: 8305.87ms | tok/sec: 126,245 | bf16_mfu: 5.06 | epoch: 1 pq: 70 rg: 11 | total time: 413.29m | eta: 356.0m
step 02997/05568 (53.83%) | loss: 2.546156 | lrm: 0.72 | dt: 8305.79ms | tok/sec: 126,246 | bf16_mfu: 5.06 | epoch: 1 pq: 70 rg: 13 | total time: 413.43m | eta: 355.9m
step 02998/05568 (53.84%) | loss: 2.534843 | lrm: 0.72 | dt: 8301.66ms | tok/sec: 126,309 | bf16_mfu: 5.06 | epoch: 1 pq: 70 rg: 15 | total time: 413.57m | eta: 355.7m
step 02999/05568 (53.86%) | loss: 2.535089 | lrm: 0.72 | dt: 8309.32ms | tok/sec: 126,192 | bf16_mfu: 5.06 | epoch: 1 pq: 70 rg: 17 | total time: 413.71m | eta: 355.6m
Step 03000 | Validation bpb: 0.772708
Evaluating: hellaswag_zeroshot (0-shot, type: multiple_choice)... accuracy: 0.4920 | centered: 0.3227 | time: 12.81s
Evaluating: jeopardy (10-shot, type: language_modeling)... accuracy: 0.0520 | centered: 0.0520 | time: 12.92s
Evaluating: bigbench_qa_wikidata (10-shot, type: language_modeling)... accuracy: 0.4160 | centered: 0.4160 | time: 12.79s
Evaluating: arc_easy (10-shot, type: multiple_choice)... accuracy: 0.6380 | centered: 0.5173 | time: 12.65s
Evaluating: arc_challenge (10-shot, type: multiple_choice)... accuracy: 0.3980 | centered: 0.1973 | time: 12.43s
Evaluating: copa (0-shot, type: multiple_choice)... accuracy: 0.6100 | centered: 0.2200 | time: 2.27s
Evaluating: commonsense_qa (10-shot, type: multiple_choice)... accuracy: 0.3840 | centered: 0.2300 | time: 12.86s
Evaluating: piqa (10-shot, type: multiple_choice)... accuracy: 0.7360 | centered: 0.4720 | time: 12.70s
Evaluating: openbook_qa (0-shot, type: multiple_choice)... accuracy: 0.3720 | centered: 0.1627 | time: 12.04s
Evaluating: lambada_openai (0-shot, type: language_modeling)... accuracy: 0.4020 | centered: 0.4020 | time: 11.93s
Evaluating: hellaswag (10-shot, type: multiple_choice)... accuracy: 0.4760 | centered: 0.3013 | time: 14.71s
Evaluating: winograd (0-shot, type: schema)... accuracy: 0.6374 | centered: 0.2747 | time: 6.62s
Evaluating: winogrande (0-shot, type: schema)... accuracy: 0.5600 | centered: 0.1200 | time: 12.08s
Evaluating: bigbench_dyck_languages (10-shot, type: language_modeling)... accuracy: 0.1100 | centered: 0.1100 | time: 12.55s
Evaluating: agi_eval_lsat_ar (3-shot, type: multiple_choice)... accuracy: 0.2435 | centered: 0.0543 | time: 6.78s
Evaluating: bigbench_cs_algorithms (10-shot, type: language_modeling)... accuracy: 0.4140 | centered: 0.4140 | time: 12.19s
Evaluating: bigbench_operators (10-shot, type: language_modeling)... accuracy: 0.1429 | centered: 0.1429 | time: 5.05s
Evaluating: bigbench_repeat_copy_logic (10-shot, type: language_modeling)... accuracy: 0.0000 | centered: 0.0000 | time: 0.79s
Evaluating: squad (10-shot, type: language_modeling)... accuracy: 0.3460 | centered: 0.3460 | time: 14.40s
Evaluating: coqa (0-shot, type: language_modeling)... accuracy: 0.2640 | centered: 0.2640 | time: 12.36s
Evaluating: boolq (10-shot, type: multiple_choice)... accuracy: 0.5560 | centered: -0.1684 | time: 14.97s
Evaluating: bigbench_language_identification (10-shot, type: multiple_choice)... accuracy: 0.2760 | centered: 0.2035 | time: 21.66s
Step 03000 | CORE metric: 0.2297
2026-10-08 03:03:02,196 - nanochat.checkpoint_manager - [32m[1mINFO[0m - Saved model parameters to: /home/astarostin/.cache/nanochat/base_checkpoints/d24_1xh100/model_003000.pt
2026-10-08 03:03:02,197 - nanochat.checkpoint_manager - [32m[1mINFO[0m - Saved metadata to: /home/astarostin/.cache/nanochat/base_checkpoints/d24_1xh100/meta_003000.json
2026-10-08 03:03:10,740 - nanochat.checkpoint_manager - [32m[1mINFO[0m - Saved optimizer state to: /home/astarostin/.cache/nanochat/base_checkpoints/d24_1xh100/optim_003000_rank0.pt
step 03000/05568 (53.88%) | loss: 2.522926 | lrm: 0.72 | dt: 8238.00ms | tok/sec: 127,285 | bf16_mfu: 5.10 | epoch: 1 pq: 70 rg: 19 | total time: 413.84m | eta: 355.4m
step 03001/05568 (53.90%) | loss: 2.523546 | lrm: 0.72 | dt: 8257.97ms | tok/sec: 126,977 | bf16_mfu: 5.09 | epoch: 1 pq: 70 rg: 21 | total time: 413.98m | eta: 355.3m
step 03002/05568 (53.92%) | loss: 2.533905 | lrm: 0.72 | dt: 8270.49ms | tok/sec: 126,785 | bf16_mfu: 5.08 | epoch: 1 pq: 70 rg: 23 | total time: 414.12m | eta: 355.2m
step 03003/05568 (53.93%) | loss: 2.533692 | lrm: 0.72 | dt: 8270.60ms | tok/sec: 126,783 | bf16_mfu: 5.08 | epoch: 1 pq: 70 rg: 25 | total time: 414.26m | eta: 355.0m
step 03004/05568 (53.95%) | loss: 2.510829 | lrm: 0.72 | dt: 8283.57ms | tok/sec: 126,585 | bf16_mfu: 5.07 | epoch: 1 pq: 70 rg: 27 | total time: 414.39m | eta: 354.9m
step 03005/05568 (53.97%) | loss: 2.511112 | lrm: 0.72 | dt: 8283.60ms | tok/sec: 126,584 | bf16_mfu: 5.07 | epoch: 1 pq: 70 rg: 28 | total time: 414.53m | eta: 354.7m
step 03006/05568 (53.99%) | loss: 2.498747 | lrm: 0.72 | dt: 8286.97ms | tok/sec: 126,533 | bf16_mfu: 5.07 | epoch: 1 pq: 70 rg: 30 | total time: 414.67m | eta: 354.6m
step 03007/05568 (54.01%) | loss: 2.491074 | lrm: 0.72 | dt: 8279.73ms | tok/sec: 126,643 | bf16_mfu: 5.08 | epoch: 1 pq: 70 rg: 32 | total time: 414.81m | eta: 354.5m
step 03008/05568 (54.02%) | loss: 2.494609 | lrm: 0.72 | dt: 8287.55ms | tok/sec: 126,524 | bf16_mfu: 5.07 | epoch: 1 pq: 70 rg: 34 | total time: 414.95m | eta: 354.3m
step 03009/05568 (54.04%) | loss: 2.497797 | lrm: 0.72 | dt: 8300.31ms | tok/sec: 126,329 | bf16_mfu: 5.06 | epoch: 1 pq: 70 rg: 36 | total time: 415.08m | eta: 354.2m
step 03010/05568 (54.06%) | loss: 2.507790 | lrm: 0.72 | dt: 8282.95ms | tok/sec: 126,594 | bf16_mfu: 5.07 | epoch: 1 pq: 70 rg: 38 | total time: 415.22m | eta: 354.0m
step 03011/05568 (54.08%) | loss: 2.493230 | lrm: 0.72 | dt: 8249.01ms | tok/sec: 127,115 | bf16_mfu: 5.09 | epoch: 1 pq: 70 rg: 40 | total time: 415.36m | eta: 353.9m
step 03012/05568 (54.09%) | loss: 2.491179 | lrm: 0.72 | dt: 8248.17ms | tok/sec: 127,128 | bf16_mfu: 5.10 | epoch: 1 pq: 70 rg: 42 | total time: 415.50m | eta: 353.8m
step 03013/05568 (54.11%) | loss: 2.509494 | lrm: 0.72 | dt: 8254.07ms | tok/sec: 127,037 | bf16_mfu: 5.09 | epoch: 1 pq: 70 rg: 44 | total time: 415.64m | eta: 353.6m
step 03014/05568 (54.13%) | loss: 2.517287 | lrm: 0.72 | dt: 8248.84ms | tok/sec: 127,118 | bf16_mfu: 5.09 | epoch: 1 pq: 70 rg: 46 | total time: 415.77m | eta: 353.5m
step 03015/05568 (54.15%) | loss: 2.529171 | lrm: 0.72 | dt: 8251.10ms | tok/sec: 127,083 | bf16_mfu: 5.09 | epoch: 1 pq: 70 rg: 48 | total time: 415.91m | eta: 353.4m
step 03016/05568 (54.17%) | loss: 2.543576 | lrm: 0.72 | dt: 8249.95ms | tok/sec: 127,100 | bf16_mfu: 5.09 | epoch: 1 pq: 70 rg: 50 | total time: 416.05m | eta: 353.2m
step 03017/05568 (54.18%) | loss: 2.556062 | lrm: 0.72 | dt: 8250.56ms | tok/sec: 127,091 | bf16_mfu: 5.09 | epoch: 1 pq: 70 rg: 52 | total time: 416.19m | eta: 353.1m
step 03018/05568 (54.20%) | loss: 2.551371 | lrm: 0.72 | dt: 8260.61ms | tok/sec: 126,936 | bf16_mfu: 5.09 | epoch: 1 pq: 70 rg: 54 | total time: 416.32m | eta: 352.9m
step 03019/05568 (54.22%) | loss: 2.560109 | lrm: 0.72 | dt: 8255.50ms | tok/sec: 127,015 | bf16_mfu: 5.09 | epoch: 1 pq: 70 rg: 56 | total time: 416.46m | eta: 352.8m
step 03020/05568 (54.24%) | loss: 2.553078 | lrm: 0.72 | dt: 8248.85ms | tok/sec: 127,117 | bf16_mfu: 5.09 | epoch: 1 pq: 70 rg: 58 | total time: 416.60m | eta: 352.7m
step 03021/05568 (54.26%) | loss: 2.552193 | lrm: 0.72 | dt: 8253.21ms | tok/sec: 127,050 | bf16_mfu: 5.09 | epoch: 1 pq: 70 rg: 59 | total time: 416.74m | eta: 352.5m
step 03022/05568 (54.27%) | loss: 2.555288 | lrm: 0.72 | dt: 8252.78ms | tok/sec: 127,057 | bf16_mfu: 5.09 | epoch: 1 pq: 70 rg: 61 | total time: 416.87m | eta: 352.4m
step 03023/05568 (54.29%) | loss: 2.542715 | lrm: 0.72 | dt: 8256.06ms | tok/sec: 127,006 | bf16_mfu: 5.09 | epoch: 1 pq: 70 rg: 63 | total time: 417.01m | eta: 352.2m
step 03024/05568 (54.31%) | loss: 2.550964 | lrm: 0.72 | dt: 8257.31ms | tok/sec: 126,987 | bf16_mfu: 5.09 | epoch: 1 pq: 70 rg: 65 | total time: 417.15m | eta: 352.1m
step 03025/05568 (54.33%) | loss: 2.530465 | lrm: 0.72 | dt: 8250.94ms | tok/sec: 127,085 | bf16_mfu: 5.09 | epoch: 1 pq: 70 rg: 67 | total time: 417.29m | eta: 352.0m
step 03026/05568 (54.35%) | loss: 2.532371 | lrm: 0.72 | dt: 8247.00ms | tok/sec: 127,146 | bf16_mfu: 5.10 | epoch: 1 pq: 70 rg: 69 | total time: 417.42m | eta: 351.8m
step 03027/05568 (54.36%) | loss: 2.531898 | lrm: 0.72 | dt: 8256.70ms | tok/sec: 126,997 | bf16_mfu: 5.09 | epoch: 1 pq: 70 rg: 71 | total time: 417.56m | eta: 351.7m
step 03028/05568 (54.38%) | loss: 2.529961 | lrm: 0.72 | dt: 8253.42ms | tok/sec: 127,047 | bf16_mfu: 5.09 | epoch: 1 pq: 70 rg: 73 | total time: 417.70m | eta: 351.5m
step 03029/05568 (54.40%) | loss: 2.535326 | lrm: 0.72 | dt: 8259.28ms | tok/sec: 126,957 | bf16_mfu: 5.09 | epoch: 1 pq: 70 rg: 75 | total time: 417.84m | eta: 351.4m
step 03030/05568 (54.42%) | loss: 2.544146 | lrm: 0.72 | dt: 8250.86ms | tok/sec: 127,086 | bf16_mfu: 5.09 | epoch: 1 pq: 70 rg: 77 | total time: 417.97m | eta: 351.3m
step 03031/05568 (54.44%) | loss: 2.536855 | lrm: 0.72 | dt: 8250.60ms | tok/sec: 127,090 | bf16_mfu: 5.09 | epoch: 1 pq: 70 rg: 79 | total time: 418.11m | eta: 351.1m
step 03032/05568 (54.45%) | loss: 2.541943 | lrm: 0.72 | dt: 8250.72ms | tok/sec: 127,088 | bf16_mfu: 5.09 | epoch: 1 pq: 70 rg: 80 | total time: 418.25m | eta: 351.0m
step 03033/05568 (54.47%) | loss: 2.538147 | lrm: 0.72 | dt: 8262.97ms | tok/sec: 126,900 | bf16_mfu: 5.09 | epoch: 1 pq: 71 rg: 0 | total time: 418.39m | eta: 350.8m
step 03034/05568 (54.49%) | loss: 2.550046 | lrm: 0.72 | dt: 8246.88ms | tok/sec: 127,148 | bf16_mfu: 5.10 | epoch: 1 pq: 71 rg: 2 | total time: 418.52m | eta: 350.7m
step 03035/05568 (54.51%) | loss: 2.560960 | lrm: 0.71 | dt: 8252.06ms | tok/sec: 127,068 | bf16_mfu: 5.09 | epoch: 1 pq: 71 rg: 4 | total time: 418.66m | eta: 350.6m
step 03036/05568 (54.53%) | loss: 2.550346 | lrm: 0.71 | dt: 8236.16ms | tok/sec: 127,313 | bf16_mfu: 5.10 | epoch: 1 pq: 71 rg: 6 | total time: 418.80m | eta: 350.4m
step 03037/05568 (54.54%) | loss: 2.543244 | lrm: 0.71 | dt: 8248.59ms | tok/sec: 127,121 | bf16_mfu: 5.09 | epoch: 1 pq: 71 rg: 8 | total time: 418.94m | eta: 350.3m
step 03038/05568 (54.56%) | loss: 2.543172 | lrm: 0.71 | dt: 8250.50ms | tok/sec: 127,092 | bf16_mfu: 5.09 | epoch: 1 pq: 71 rg: 10 | total time: 419.07m | eta: 350.2m
step 03039/05568 (54.58%) | loss: 2.538984 | lrm: 0.71 | dt: 8254.23ms | tok/sec: 127,035 | bf16_mfu: 5.09 | epoch: 1 pq: 71 rg: 12 | total time: 419.21m | eta: 350.0m
step 03040/05568 (54.60%) | loss: 2.542940 | lrm: 0.71 | dt: 8245.63ms | tok/sec: 127,167 | bf16_mfu: 5.10 | epoch: 1 pq: 71 rg: 14 | total time: 419.35m | eta: 349.9m
step 03041/05568 (54.62%) | loss: 2.548138 | lrm: 0.71 | dt: 8240.67ms | tok/sec: 127,244 | bf16_mfu: 5.10 | epoch: 1 pq: 71 rg: 16 | total time: 419.49m | eta: 349.7m
step 03042/05568 (54.63%) | loss: 2.564043 | lrm: 0.71 | dt: 8242.11ms | tok/sec: 127,221 | bf16_mfu: 5.10 | epoch: 1 pq: 71 rg: 18 | total time: 419.62m | eta: 349.6m
step 03043/05568 (54.65%) | loss: 2.558513 | lrm: 0.71 | dt: 8248.22ms | tok/sec: 127,127 | bf16_mfu: 5.10 | epoch: 1 pq: 71 rg: 20 | total time: 419.76m | eta: 349.5m
step 03044/05568 (54.67%) | loss: 2.542857 | lrm: 0.71 | dt: 8247.41ms | tok/sec: 127,139 | bf16_mfu: 5.10 | epoch: 1 pq: 71 rg: 22 | total time: 419.90m | eta: 349.3m
step 03045/05568 (54.69%) | loss: 2.531699 | lrm: 0.71 | dt: 8247.98ms | tok/sec: 127,131 | bf16_mfu: 5.10 | epoch: 1 pq: 71 rg: 24 | total time: 420.04m | eta: 349.2m
step 03046/05568 (54.71%) | loss: 2.539986 | lrm: 0.71 | dt: 8243.03ms | tok/sec: 127,207 | bf16_mfu: 5.10 | epoch: 1 pq: 71 rg: 26 | total time: 420.17m | eta: 349.0m
step 03047/05568 (54.72%) | loss: 2.528878 | lrm: 0.71 | dt: 8243.06ms | tok/sec: 127,207 | bf16_mfu: 5.10 | epoch: 1 pq: 71 rg: 27 | total time: 420.31m | eta: 348.9m
step 03048/05568 (54.74%) | loss: 2.527084 | lrm: 0.71 | dt: 8244.83ms | tok/sec: 127,179 | bf16_mfu: 5.10 | epoch: 1 pq: 71 rg: 29 | total time: 420.45m | eta: 348.8m
step 03049/05568 (54.76%) | loss: 2.525475 | lrm: 0.71 | dt: 8243.54ms | tok/sec: 127,199 | bf16_mfu: 5.10 | epoch: 1 pq: 71 rg: 31 | total time: 420.59m | eta: 348.6m
step 03050/05568 (54.78%) | loss: 2.526108 | lrm: 0.71 | dt: 8244.42ms | tok/sec: 127,186 | bf16_mfu: 5.10 | epoch: 1 pq: 71 rg: 33 | total time: 420.72m | eta: 348.5m
step 03051/05568 (54.80%) | loss: 2.524369 | lrm: 0.71 | dt: 8243.02ms | tok/sec: 127,207 | bf16_mfu: 5.10 | epoch: 1 pq: 71 rg: 35 | total time: 420.86m | eta: 348.3m
step 03052/05568 (54.81%) | loss: 2.517151 | lrm: 0.71 | dt: 8246.58ms | tok/sec: 127,152 | bf16_mfu: 5.10 | epoch: 1 pq: 71 rg: 37 | total time: 421.00m | eta: 348.2m
step 03053/05568 (54.83%) | loss: 2.512807 | lrm: 0.71 | dt: 8250.71ms | tok/sec: 127,089 | bf16_mfu: 5.09 | epoch: 1 pq: 71 rg: 39 | total time: 421.13m | eta: 348.1m
step 03054/05568 (54.85%) | loss: 2.536897 | lrm: 0.71 | dt: 8254.03ms | tok/sec: 127,038 | bf16_mfu: 5.09 | epoch: 1 pq: 71 rg: 41 | total time: 421.27m | eta: 347.9m
step 03055/05568 (54.87%) | loss: 2.544685 | lrm: 0.71 | dt: 8234.50ms | tok/sec: 127,339 | bf16_mfu: 5.10 | epoch: 1 pq: 71 rg: 43 | total time: 421.41m | eta: 347.8m
step 03056/05568 (54.89%) | loss: 2.555072 | lrm: 0.71 | dt: 8242.56ms | tok/sec: 127,214 | bf16_mfu: 5.10 | epoch: 1 pq: 71 rg: 45 | total time: 421.55m | eta: 347.6m
step 03057/05568 (54.90%) | loss: 2.550537 | lrm: 0.71 | dt: 8246.61ms | tok/sec: 127,152 | bf16_mfu: 5.10 | epoch: 1 pq: 71 rg: 47 | total time: 421.68m | eta: 347.5m
step 03058/05568 (54.92%) | loss: 2.527084 | lrm: 0.71 | dt: 8242.01ms | tok/sec: 127,223 | bf16_mfu: 5.10 | epoch: 1 pq: 71 rg: 49 | total time: 421.82m | eta: 347.4m
step 03059/05568 (54.94%) | loss: 2.530748 | lrm: 0.71 | dt: 8240.87ms | tok/sec: 127,240 | bf16_mfu: 5.10 | epoch: 1 pq: 71 rg: 51 | total time: 421.96m | eta: 347.2m
step 03060/05568 (54.96%) | loss: 2.532477 | lrm: 0.71 | dt: 8242.24ms | tok/sec: 127,219 | bf16_mfu: 5.10 | epoch: 1 pq: 71 rg: 53 | total time: 422.10m | eta: 347.1m
step 03061/05568 (54.97%) | loss: 2.550181 | lrm: 0.71 | dt: 8250.05ms | tok/sec: 127,099 | bf16_mfu: 5.09 | epoch: 1 pq: 71 rg: 54 | total time: 422.23m | eta: 346.9m
step 03062/05568 (54.99%) | loss: 2.540507 | lrm: 0.71 | dt: 8259.65ms | tok/sec: 126,951 | bf16_mfu: 5.09 | epoch: 1 pq: 71 rg: 56 | total time: 422.37m | eta: 346.8m
step 03063/05568 (55.01%) | loss: 2.521819 | lrm: 0.71 | dt: 8238.69ms | tok/sec: 127,274 | bf16_mfu: 5.10 | epoch: 1 pq: 71 rg: 58 | total time: 422.51m | eta: 346.7m
step 03064/05568 (55.03%) | loss: 2.524474 | lrm: 0.71 | dt: 8242.89ms | tok/sec: 127,209 | bf16_mfu: 5.10 | epoch: 1 pq: 71 rg: 60 | total time: 422.65m | eta: 346.5m
step 03065/05568 (55.05%) | loss: 2.506236 | lrm: 0.71 | dt: 8247.05ms | tok/sec: 127,145 | bf16_mfu: 5.10 | epoch: 1 pq: 71 rg: 62 | total time: 422.78m | eta: 346.4m
step 03066/05568 (55.06%) | loss: 2.508683 | lrm: 0.71 | dt: 8241.55ms | tok/sec: 127,230 | bf16_mfu: 5.10 | epoch: 1 pq: 71 rg: 64 | total time: 422.92m | eta: 346.3m
step 03067/05568 (55.08%) | loss: 2.501754 | lrm: 0.71 | dt: 8251.70ms | tok/sec: 127,073 | bf16_mfu: 5.09 | epoch: 1 pq: 71 rg: 66 | total time: 423.06m | eta: 346.1m
step 03068/05568 (55.10%) | loss: 2.512451 | lrm: 0.71 | dt: 8251.37ms | tok/sec: 127,079 | bf16_mfu: 5.09 | epoch: 1 pq: 71 rg: 68 | total time: 423.20m | eta: 346.0m
step 03069/05568 (55.12%) | loss: 2.500326 | lrm: 0.71 | dt: 8241.13ms | tok/sec: 127,236 | bf16_mfu: 5.10 | epoch: 1 pq: 71 rg: 70 | total time: 423.33m | eta: 345.8m
step 03070/05568 (55.14%) | loss: 2.508858 | lrm: 0.71 | dt: 8243.00ms | tok/sec: 127,208 | bf16_mfu: 5.10 | epoch: 1 pq: 71 rg: 72 | total time: 423.47m | eta: 345.7m
step 03071/05568 (55.15%) | loss: 2.519952 | lrm: 0.71 | dt: 8242.86ms | tok/sec: 127,210 | bf16_mfu: 5.10 | epoch: 1 pq: 71 rg: 74 | total time: 423.61m | eta: 345.6m
step 03072/05568 (55.17%) | loss: 2.522598 | lrm: 0.71 | dt: 8232.38ms | tok/sec: 127,372 | bf16_mfu: 5.10 | epoch: 1 pq: 71 rg: 76 | total time: 423.75m | eta: 345.4m
step 03073/05568 (55.19%) | loss: 2.531968 | lrm: 0.70 | dt: 8243.34ms | tok/sec: 127,202 | bf16_mfu: 5.10 | epoch: 1 pq: 71 rg: 78 | total time: 423.88m | eta: 345.3m
step 03074/05568 (55.21%) | loss: 2.520424 | lrm: 0.70 | dt: 8238.90ms | tok/sec: 127,271 | bf16_mfu: 5.10 | epoch: 1 pq: 71 rg: 80 | total time: 424.02m | eta: 345.1m
step 03075/05568 (55.23%) | loss: 2.522141 | lrm: 0.70 | dt: 8253.63ms | tok/sec: 127,044 | bf16_mfu: 5.09 | epoch: 1 pq: 71 rg: 82 | total time: 424.16m | eta: 345.0m
step 03076/05568 (55.24%) | loss: 2.501151 | lrm: 0.70 | dt: 8250.85ms | tok/sec: 127,087 | bf16_mfu: 5.09 | epoch: 1 pq: 72 rg: 0 | total time: 424.30m | eta: 344.9m
step 03077/05568 (55.26%) | loss: 2.520085 | lrm: 0.70 | dt: 8244.48ms | tok/sec: 127,185 | bf16_mfu: 5.10 | epoch: 1 pq: 72 rg: 2 | total time: 424.43m | eta: 344.7m
step 03078/05568 (55.28%) | loss: 2.509562 | lrm: 0.70 | dt: 8253.46ms | tok/sec: 127,046 | bf16_mfu: 5.09 | epoch: 1 pq: 72 rg: 4 | total time: 424.57m | eta: 344.6m
step 03079/05568 (55.30%) | loss: 2.516026 | lrm: 0.70 | dt: 8254.93ms | tok/sec: 127,024 | bf16_mfu: 5.09 | epoch: 1 pq: 72 rg: 6 | total time: 424.71m | eta: 344.4m
step 03080/05568 (55.32%) | loss: 2.513603 | lrm: 0.70 | dt: 8247.27ms | tok/sec: 127,142 | bf16_mfu: 5.10 | epoch: 1 pq: 72 rg: 8 | total time: 424.85m | eta: 344.3m
step 03081/05568 (55.33%) | loss: 2.524098 | lrm: 0.70 | dt: 8247.14ms | tok/sec: 127,144 | bf16_mfu: 5.10 | epoch: 1 pq: 72 rg: 10 | total time: 424.98m | eta: 344.2m
step 03082/05568 (55.35%) | loss: 2.518345 | lrm: 0.70 | dt: 8242.39ms | tok/sec: 127,217 | bf16_mfu: 5.10 | epoch: 1 pq: 72 rg: 12 | total time: 425.12m | eta: 344.0m
step 03083/05568 (55.37%) | loss: 2.526617 | lrm: 0.70 | dt: 8247.10ms | tok/sec: 127,144 | bf16_mfu: 5.10 | epoch: 1 pq: 72 rg: 14 | total time: 425.26m | eta: 343.9m
step 03084/05568 (55.39%) | loss: 2.532849 | lrm: 0.70 | dt: 8242.75ms | tok/sec: 127,211 | bf16_mfu: 5.10 | epoch: 1 pq: 72 rg: 16 | total time: 425.40m | eta: 343.7m
step 03085/05568 (55.41%) | loss: 2.556511 | lrm: 0.70 | dt: 8247.42ms | tok/sec: 127,139 | bf16_mfu: 5.10 | epoch: 1 pq: 72 rg: 18 | total time: 425.53m | eta: 343.6m
step 03086/05568 (55.42%) | loss: 2.548182 | lrm: 0.70 | dt: 8238.95ms | tok/sec: 127,270 | bf16_mfu: 5.10 | epoch: 1 pq: 72 rg: 20 | total time: 425.67m | eta: 343.5m
step 03087/05568 (55.44%) | loss: 2.538951 | lrm: 0.70 | dt: 8242.60ms | tok/sec: 127,214 | bf16_mfu: 5.10 | epoch: 1 pq: 72 rg: 22 | total time: 425.81m | eta: 343.3m
step 03088/05568 (55.46%) | loss: 2.525892 | lrm: 0.70 | dt: 8247.78ms | tok/sec: 127,134 | bf16_mfu: 5.10 | epoch: 1 pq: 72 rg: 24 | total time: 425.94m | eta: 343.2m
step 03089/05568 (55.48%) | loss: 2.533644 | lrm: 0.70 | dt: 8240.90ms | tok/sec: 127,240 | bf16_mfu: 5.10 | epoch: 1 pq: 72 rg: 26 | total time: 426.08m | eta: 343.1m
step 03090/05568 (55.50%) | loss: 2.542862 | lrm: 0.70 | dt: 8242.79ms | tok/sec: 127,211 | bf16_mfu: 5.10 | epoch: 1 pq: 72 rg: 28 | total time: 426.22m | eta: 342.9m
step 03091/05568 (55.51%) | loss: 2.539681 | lrm: 0.70 | dt: 8246.02ms | tok/sec: 127,161 | bf16_mfu: 5.10 | epoch: 1 pq: 72 rg: 30 | total time: 426.36m | eta: 342.8m
step 03092/05568 (55.53%) | loss: 2.549406 | lrm: 0.70 | dt: 8246.75ms | tok/sec: 127,150 | bf16_mfu: 5.10 | epoch: 1 pq: 72 rg: 31 | total time: 426.49m | eta: 342.6m
step 03093/05568 (55.55%) | loss: 2.552270 | lrm: 0.70 | dt: 8245.45ms | tok/sec: 127,170 | bf16_mfu: 5.10 | epoch: 1 pq: 72 rg: 33 | total time: 426.63m | eta: 342.5m
step 03094/05568 (55.57%) | loss: 2.535138 | lrm: 0.70 | dt: 8245.51ms | tok/sec: 127,169 | bf16_mfu: 5.10 | epoch: 1 pq: 72 rg: 35 | total time: 426.77m | eta: 342.4m
step 03095/05568 (55.59%) | loss: 2.537638 | lrm: 0.70 | dt: 8247.66ms | tok/sec: 127,136 | bf16_mfu: 5.10 | epoch: 1 pq: 72 rg: 37 | total time: 426.91m | eta: 342.2m
step 03096/05568 (55.60%) | loss: 2.517824 | lrm: 0.70 | dt: 8240.70ms | tok/sec: 127,243 | bf16_mfu: 5.10 | epoch: 1 pq: 72 rg: 39 | total time: 427.04m | eta: 342.1m
step 03097/05568 (55.62%) | loss: 2.526756 | lrm: 0.70 | dt: 8251.96ms | tok/sec: 127,069 | bf16_mfu: 5.09 | epoch: 1 pq: 72 rg: 41 | total time: 427.18m | eta: 341.9m
step 03098/05568 (55.64%) | loss: 2.548346 | lrm: 0.70 | dt: 8246.72ms | tok/sec: 127,150 | bf16_mfu: 5.10 | epoch: 1 pq: 72 rg: 43 | total time: 427.32m | eta: 341.8m
step 03099/05568 (55.66%) | loss: 2.533804 | lrm: 0.70 | dt: 8257.81ms | tok/sec: 126,979 | bf16_mfu: 5.09 | epoch: 1 pq: 72 rg: 45 | total time: 427.46m | eta: 341.7m
step 03100/05568 (55.68%) | loss: 2.519283 | lrm: 0.70 | dt: 8242.19ms | tok/sec: 127,220 | bf16_mfu: 5.10 | epoch: 1 pq: 72 rg: 47 | total time: 427.59m | eta: 341.5m
step 03101/05568 (55.69%) | loss: 2.518747 | lrm: 0.70 | dt: 8246.06ms | tok/sec: 127,160 | bf16_mfu: 5.10 | epoch: 1 pq: 72 rg: 49 | total time: 427.73m | eta: 341.4m
step 03102/05568 (55.71%) | loss: 2.522177 | lrm: 0.70 | dt: 8245.21ms | tok/sec: 127,173 | bf16_mfu: 5.10 | epoch: 1 pq: 72 rg: 51 | total time: 427.87m | eta: 341.2m
step 03103/05568 (55.73%) | loss: 2.515526 | lrm: 0.70 | dt: 8249.69ms | tok/sec: 127,104 | bf16_mfu: 5.09 | epoch: 1 pq: 72 rg: 53 | total time: 428.01m | eta: 341.1m
step 03104/05568 (55.75%) | loss: 2.499207 | lrm: 0.70 | dt: 8241.02ms | tok/sec: 127,238 | bf16_mfu: 5.10 | epoch: 1 pq: 72 rg: 55 | total time: 428.14m | eta: 341.0m
step 03105/05568 (55.77%) | loss: 2.497745 | lrm: 0.70 | dt: 8245.48ms | tok/sec: 127,169 | bf16_mfu: 5.10 | epoch: 1 pq: 72 rg: 57 | total time: 428.28m | eta: 340.8m
step 03106/05568 (55.78%) | loss: 2.506894 | lrm: 0.70 | dt: 8246.62ms | tok/sec: 127,152 | bf16_mfu: 5.10 | epoch: 1 pq: 72 rg: 59 | total time: 428.42m | eta: 340.7m
step 03107/05568 (55.80%) | loss: 2.512404 | lrm: 0.70 | dt: 8242.64ms | tok/sec: 127,213 | bf16_mfu: 5.10 | epoch: 1 pq: 72 rg: 61 | total time: 428.56m | eta: 340.5m
step 03108/05568 (55.82%) | loss: 2.531512 | lrm: 0.70 | dt: 8242.30ms | tok/sec: 127,218 | bf16_mfu: 5.10 | epoch: 1 pq: 72 rg: 63 | total time: 428.69m | eta: 340.4m
step 03109/05568 (55.84%) | loss: 2.528717 | lrm: 0.70 | dt: 8255.95ms | tok/sec: 127,008 | bf16_mfu: 5.09 | epoch: 1 pq: 72 rg: 65 | total time: 428.83m | eta: 340.3m
step 03110/05568 (55.85%) | loss: 2.521764 | lrm: 0.70 | dt: 8236.49ms | tok/sec: 127,308 | bf16_mfu: 5.10 | epoch: 1 pq: 72 rg: 67 | total time: 428.97m | eta: 340.1m
step 03111/05568 (55.87%) | loss: 2.516809 | lrm: 0.69 | dt: 8250.32ms | tok/sec: 127,095 | bf16_mfu: 5.09 | epoch: 1 pq: 72 rg: 68 | total time: 429.11m | eta: 340.0m
step 03112/05568 (55.89%) | loss: 2.536471 | lrm: 0.69 | dt: 8244.16ms | tok/sec: 127,190 | bf16_mfu: 5.10 | epoch: 1 pq: 72 rg: 70 | total time: 429.24m | eta: 339.9m
step 03113/05568 (55.91%) | loss: 2.522486 | lrm: 0.69 | dt: 8251.02ms | tok/sec: 127,084 | bf16_mfu: 5.09 | epoch: 1 pq: 72 rg: 72 | total time: 429.38m | eta: 339.7m
step 03114/05568 (55.93%) | loss: 2.522955 | lrm: 0.69 | dt: 8244.27ms | tok/sec: 127,188 | bf16_mfu: 5.10 | epoch: 1 pq: 72 rg: 74 | total time: 429.52m | eta: 339.6m
step 03115/05568 (55.94%) | loss: 2.541948 | lrm: 0.69 | dt: 8246.82ms | tok/sec: 127,149 | bf16_mfu: 5.10 | epoch: 1 pq: 72 rg: 76 | total time: 429.66m | eta: 339.4m
step 03116/05568 (55.96%) | loss: 2.524197 | lrm: 0.69 | dt: 8239.93ms | tok/sec: 127,255 | bf16_mfu: 5.10 | epoch: 1 pq: 72 rg: 78 | total time: 429.79m | eta: 339.3m
step 03117/05568 (55.98%) | loss: 2.519878 | lrm: 0.69 | dt: 8244.97ms | tok/sec: 127,177 | bf16_mfu: 5.10 | epoch: 1 pq: 72 rg: 80 | total time: 429.93m | eta: 339.2m
step 03118/05568 (56.00%) | loss: 2.518027 | lrm: 0.69 | dt: 8253.57ms | tok/sec: 127,045 | bf16_mfu: 5.09 | epoch: 1 pq: 72 rg: 82 | total time: 430.07m | eta: 339.0m
step 03119/05568 (56.02%) | loss: 2.516646 | lrm: 0.69 | dt: 8252.19ms | tok/sec: 127,066 | bf16_mfu: 5.09 | epoch: 1 pq: 73 rg: 1 | total time: 430.21m | eta: 338.9m
step 03120/05568 (56.03%) | loss: 2.506066 | lrm: 0.69 | dt: 8244.47ms | tok/sec: 127,185 | bf16_mfu: 5.10 | epoch: 1 pq: 73 rg: 3 | total time: 430.34m | eta: 338.7m
step 03121/05568 (56.05%) | loss: 2.512510 | lrm: 0.69 | dt: 8240.93ms | tok/sec: 127,240 | bf16_mfu: 5.10 | epoch: 1 pq: 73 rg: 5 | total time: 430.48m | eta: 338.6m
step 03122/05568 (56.07%) | loss: 2.511899 | lrm: 0.69 | dt: 8243.59ms | tok/sec: 127,198 | bf16_mfu: 5.10 | epoch: 1 pq: 73 rg: 7 | total time: 430.62m | eta: 338.5m
step 03123/05568 (56.09%) | loss: 2.503638 | lrm: 0.69 | dt: 8263.45ms | tok/sec: 126,893 | bf16_mfu: 5.09 | epoch: 1 pq: 73 rg: 9 | total time: 430.76m | eta: 338.3m
step 03124/05568 (56.11%) | loss: 2.518475 | lrm: 0.69 | dt: 8242.96ms | tok/sec: 127,208 | bf16_mfu: 5.10 | epoch: 1 pq: 73 rg: 11 | total time: 430.89m | eta: 338.2m
step 03125/05568 (56.12%) | loss: 2.528038 | lrm: 0.69 | dt: 8245.89ms | tok/sec: 127,163 | bf16_mfu: 5.10 | epoch: 1 pq: 73 rg: 12 | total time: 431.03m | eta: 338.0m
step 03126/05568 (56.14%) | loss: 2.524534 | lrm: 0.69 | dt: 8247.79ms | tok/sec: 127,134 | bf16_mfu: 5.10 | epoch: 1 pq: 73 rg: 14 | total time: 431.17m | eta: 337.9m
step 03127/05568 (56.16%) | loss: 2.512177 | lrm: 0.69 | dt: 8245.76ms | tok/sec: 127,165 | bf16_mfu: 5.10 | epoch: 1 pq: 73 rg: 16 | total time: 431.30m | eta: 337.8m
step 03128/05568 (56.18%) | loss: 2.500919 | lrm: 0.69 | dt: 8234.30ms | tok/sec: 127,342 | bf16_mfu: 5.10 | epoch: 1 pq: 73 rg: 18 | total time: 431.44m | eta: 337.6m
step 03129/05568 (56.20%) | loss: 2.500729 | lrm: 0.69 | dt: 8242.17ms | tok/sec: 127,220 | bf16_mfu: 5.10 | epoch: 1 pq: 73 rg: 20 | total time: 431.58m | eta: 337.5m
step 03130/05568 (56.21%) | loss: 2.508979 | lrm: 0.69 | dt: 8246.10ms | tok/sec: 127,160 | bf16_mfu: 5.10 | epoch: 1 pq: 73 rg: 22 | total time: 431.72m | eta: 337.3m
step 03131/05568 (56.23%) | loss: 2.501538 | lrm: 0.69 | dt: 8254.98ms | tok/sec: 127,023 | bf16_mfu: 5.09 | epoch: 1 pq: 73 rg: 24 | total time: 431.85m | eta: 337.2m
step 03132/05568 (56.25%) | loss: 2.508444 | lrm: 0.69 | dt: 8247.02ms | tok/sec: 127,146 | bf16_mfu: 5.10 | epoch: 1 pq: 73 rg: 26 | total time: 431.99m | eta: 337.1m
step 03133/05568 (56.27%) | loss: 2.521457 | lrm: 0.69 | dt: 8245.20ms | tok/sec: 127,174 | bf16_mfu: 5.10 | epoch: 1 pq: 73 rg: 28 | total time: 432.13m | eta: 336.9m
step 03134/05568 (56.29%) | loss: 2.512681 | lrm: 0.69 | dt: 8251.68ms | tok/sec: 127,074 | bf16_mfu: 5.09 | epoch: 1 pq: 73 rg: 30 | total time: 432.27m | eta: 336.8m
step 03135/05568 (56.30%) | loss: 2.495278 | lrm: 0.69 | dt: 8245.92ms | tok/sec: 127,163 | bf16_mfu: 5.10 | epoch: 1 pq: 73 rg: 32 | total time: 432.40m | eta: 336.7m
step 03136/05568 (56.32%) | loss: 2.481237 | lrm: 0.69 | dt: 8251.68ms | tok/sec: 127,074 | bf16_mfu: 5.09 | epoch: 1 pq: 73 rg: 34 | total time: 432.54m | eta: 336.5m
step 03137/05568 (56.34%) | loss: 2.489478 | lrm: 0.69 | dt: 8239.13ms | tok/sec: 127,267 | bf16_mfu: 5.10 | epoch: 1 pq: 73 rg: 36 | total time: 432.68m | eta: 336.4m
step 03138/05568 (56.36%) | loss: 2.507697 | lrm: 0.69 | dt: 8237.00ms | tok/sec: 127,300 | bf16_mfu: 5.10 | epoch: 1 pq: 73 rg: 38 | total time: 432.82m | eta: 336.2m
step 03139/05568 (56.38%) | loss: 2.531402 | lrm: 0.69 | dt: 8242.93ms | tok/sec: 127,209 | bf16_mfu: 5.10 | epoch: 1 pq: 73 rg: 40 | total time: 432.95m | eta: 336.1m
step 03140/05568 (56.39%) | loss: 2.532023 | lrm: 0.69 | dt: 8256.08ms | tok/sec: 127,006 | bf16_mfu: 5.09 | epoch: 1 pq: 73 rg: 42 | total time: 433.09m | eta: 336.0m
step 03141/05568 (56.41%) | loss: 2.512398 | lrm: 0.69 | dt: 8249.67ms | tok/sec: 127,105 | bf16_mfu: 5.09 | epoch: 1 pq: 73 rg: 43 | total time: 433.23m | eta: 335.8m
step 03142/05568 (56.43%) | loss: 2.483197 | lrm: 0.69 | dt: 8243.64ms | tok/sec: 127,198 | bf16_mfu: 5.10 | epoch: 1 pq: 73 rg: 45 | total time: 433.37m | eta: 335.7m
step 03143/05568 (56.45%) | loss: 2.494233 | lrm: 0.69 | dt: 8245.73ms | tok/sec: 127,166 | bf16_mfu: 5.10 | epoch: 1 pq: 73 rg: 47 | total time: 433.50m | eta: 335.5m
step 03144/05568 (56.47%) | loss: 2.491208 | lrm: 0.69 | dt: 8244.15ms | tok/sec: 127,190 | bf16_mfu: 5.10 | epoch: 1 pq: 73 rg: 49 | total time: 433.64m | eta: 335.4m
step 03145/05568 (56.48%) | loss: 2.514386 | lrm: 0.69 | dt: 8239.26ms | tok/sec: 127,265 | bf16_mfu: 5.10 | epoch: 1 pq: 73 rg: 51 | total time: 433.78m | eta: 335.3m
step 03146/05568 (56.50%) | loss: 2.509648 | lrm: 0.69 | dt: 8247.58ms | tok/sec: 127,137 | bf16_mfu: 5.10 | epoch: 1 pq: 73 rg: 53 | total time: 433.92m | eta: 335.1m
step 03147/05568 (56.52%) | loss: 2.535011 | lrm: 0.69 | dt: 8251.71ms | tok/sec: 127,073 | bf16_mfu: 5.09 | epoch: 1 pq: 73 rg: 55 | total time: 434.05m | eta: 335.0m
step 03148/05568 (56.54%) | loss: 2.542547 | lrm: 0.69 | dt: 8239.50ms | tok/sec: 127,262 | bf16_mfu: 5.10 | epoch: 1 pq: 73 rg: 57 | total time: 434.19m | eta: 334.8m
step 03149/05568 (56.56%) | loss: 2.541541 | lrm: 0.68 | dt: 8247.98ms | tok/sec: 127,131 | bf16_mfu: 5.10 | epoch: 1 pq: 73 rg: 59 | total time: 434.33m | eta: 334.7m
step 03150/05568 (56.57%) | loss: 2.522608 | lrm: 0.68 | dt: 8242.56ms | tok/sec: 127,214 | bf16_mfu: 5.10 | epoch: 1 pq: 73 rg: 61 | total time: 434.47m | eta: 334.6m
step 03151/05568 (56.59%) | loss: 2.522761 | lrm: 0.68 | dt: 8241.08ms | tok/sec: 127,237 | bf16_mfu: 5.10 | epoch: 1 pq: 73 rg: 63 | total time: 434.60m | eta: 334.4m
step 03152/05568 (56.61%) | loss: 2.516957 | lrm: 0.68 | dt: 8246.31ms | tok/sec: 127,157 | bf16_mfu: 5.10 | epoch: 1 pq: 73 rg: 65 | total time: 434.74m | eta: 334.3m
step 03153/05568 (56.63%) | loss: 2.528551 | lrm: 0.68 | dt: 8240.16ms | tok/sec: 127,251 | bf16_mfu: 5.10 | epoch: 1 pq: 73 rg: 67 | total time: 434.88m | eta: 334.1m
step 03154/05568 (56.65%) | loss: 2.508706 | lrm: 0.68 | dt: 8243.31ms | tok/sec: 127,203 | bf16_mfu: 5.10 | epoch: 1 pq: 73 rg: 69 | total time: 435.02m | eta: 334.0m
step 03155/05568 (56.66%) | loss: 2.509841 | lrm: 0.68 | dt: 8247.21ms | tok/sec: 127,143 | bf16_mfu: 5.10 | epoch: 1 pq: 73 rg: 70 | total time: 435.15m | eta: 333.9m
step 03156/05568 (56.68%) | loss: 2.512047 | lrm: 0.68 | dt: 8248.74ms | tok/sec: 127,119 | bf16_mfu: 5.09 | epoch: 1 pq: 73 rg: 72 | total time: 435.29m | eta: 333.7m
step 03157/05568 (56.70%) | loss: 2.528491 | lrm: 0.68 | dt: 8245.85ms | tok/sec: 127,164 | bf16_mfu: 5.10 | epoch: 1 pq: 73 rg: 74 | total time: 435.43m | eta: 333.6m
step 03158/05568 (56.72%) | loss: 2.543953 | lrm: 0.68 | dt: 8249.47ms | tok/sec: 127,108 | bf16_mfu: 5.09 | epoch: 1 pq: 73 rg: 76 | total time: 435.57m | eta: 333.5m
step 03159/05568 (56.73%) | loss: 2.528342 | lrm: 0.68 | dt: 8250.62ms | tok/sec: 127,090 | bf16_mfu: 5.09 | epoch: 1 pq: 73 rg: 78 | total time: 435.70m | eta: 333.3m
step 03160/05568 (56.75%) | loss: 2.527588 | lrm: 0.68 | dt: 8248.02ms | tok/sec: 127,130 | bf16_mfu: 5.10 | epoch: 1 pq: 73 rg: 80 | total time: 435.84m | eta: 333.2m
step 03161/05568 (56.77%) | loss: 2.527686 | lrm: 0.68 | dt: 8248.16ms | tok/sec: 127,128 | bf16_mfu: 5.10 | epoch: 1 pq: 73 rg: 82 | total time: 435.98m | eta: 333.0m
step 03162/05568 (56.79%) | loss: 2.508178 | lrm: 0.68 | dt: 8244.50ms | tok/sec: 127,184 | bf16_mfu: 5.10 | epoch: 1 pq: 74 rg: 1 | total time: 436.11m | eta: 332.9m
step 03163/05568 (56.81%) | loss: 2.507891 | lrm: 0.68 | dt: 8246.06ms | tok/sec: 127,160 | bf16_mfu: 5.10 | epoch: 1 pq: 74 rg: 3 | total time: 436.25m | eta: 332.8m
step 03164/05568 (56.82%) | loss: 2.495856 | lrm: 0.68 | dt: 8246.88ms | tok/sec: 127,148 | bf16_mfu: 5.10 | epoch: 1 pq: 74 rg: 5 | total time: 436.39m | eta: 332.6m
step 03165/05568 (56.84%) | loss: 2.493609 | lrm: 0.68 | dt: 8249.99ms | tok/sec: 127,100 | bf16_mfu: 5.09 | epoch: 1 pq: 74 rg: 7 | total time: 436.53m | eta: 332.5m
step 03166/05568 (56.86%) | loss: 2.495655 | lrm: 0.68 | dt: 8250.05ms | tok/sec: 127,099 | bf16_mfu: 5.09 | epoch: 1 pq: 74 rg: 9 | total time: 436.66m | eta: 332.3m
step 03167/05568 (56.88%) | loss: 2.500609 | lrm: 0.68 | dt: 8234.03ms | tok/sec: 127,346 | bf16_mfu: 5.10 | epoch: 1 pq: 74 rg: 11 | total time: 436.80m | eta: 332.2m
step 03168/05568 (56.90%) | loss: 2.503560 | lrm: 0.68 | dt: 8243.05ms | tok/sec: 127,207 | bf16_mfu: 5.10 | epoch: 1 pq: 74 rg: 13 | total time: 436.94m | eta: 332.1m
step 03169/05568 (56.91%) | loss: 2.504758 | lrm: 0.68 | dt: 8243.94ms | tok/sec: 127,193 | bf16_mfu: 5.10 | epoch: 1 pq: 74 rg: 15 | total time: 437.08m | eta: 331.9m
step 03170/05568 (56.93%) | loss: 2.524719 | lrm: 0.68 | dt: 8241.86ms | tok/sec: 127,225 | bf16_mfu: 5.10 | epoch: 1 pq: 74 rg: 16 | total time: 437.21m | eta: 331.8m
step 03171/05568 (56.95%) | loss: 2.521425 | lrm: 0.68 | dt: 8249.26ms | tok/sec: 127,111 | bf16_mfu: 5.09 | epoch: 1 pq: 74 rg: 18 | total time: 437.35m | eta: 331.6m
step 03172/05568 (56.97%) | loss: 2.523989 | lrm: 0.68 | dt: 8243.97ms | tok/sec: 127,193 | bf16_mfu: 5.10 | epoch: 1 pq: 74 rg: 20 | total time: 437.49m | eta: 331.5m
step 03173/05568 (56.99%) | loss: 2.514611 | lrm: 0.68 | dt: 8240.72ms | tok/sec: 127,243 | bf16_mfu: 5.10 | epoch: 1 pq: 74 rg: 22 | total time: 437.63m | eta: 331.4m
step 03174/05568 (57.00%) | loss: 2.519908 | lrm: 0.68 | dt: 8238.49ms | tok/sec: 127,277 | bf16_mfu: 5.10 | epoch: 1 pq: 74 rg: 24 | total time: 437.76m | eta: 331.2m
step 03175/05568 (57.02%) | loss: 2.521691 | lrm: 0.68 | dt: 8241.56ms | tok/sec: 127,230 | bf16_mfu: 5.10 | epoch: 1 pq: 74 rg: 26 | total time: 437.90m | eta: 331.1m
step 03176/05568 (57.04%) | loss: 2.531355 | lrm: 0.68 | dt: 8246.57ms | tok/sec: 127,152 | bf16_mfu: 5.10 | epoch: 1 pq: 74 rg: 28 | total time: 438.04m | eta: 331.0m
step 03177/05568 (57.06%) | loss: 2.533939 | lrm: 0.68 | dt: 8247.23ms | tok/sec: 127,142 | bf16_mfu: 5.10 | epoch: 1 pq: 74 rg: 30 | total time: 438.18m | eta: 330.8m
step 03178/05568 (57.08%) | loss: 2.534724 | lrm: 0.68 | dt: 8247.67ms | tok/sec: 127,135 | bf16_mfu: 5.10 | epoch: 1 pq: 74 rg: 32 | total time: 438.31m | eta: 330.7m
step 03179/05568 (57.09%) | loss: 2.519252 | lrm: 0.68 | dt: 8246.30ms | tok/sec: 127,157 | bf16_mfu: 5.10 | epoch: 1 pq: 74 rg: 34 | total time: 438.45m | eta: 330.5m
step 03180/05568 (57.11%) | loss: 2.533238 | lrm: 0.68 | dt: 8242.02ms | tok/sec: 127,223 | bf16_mfu: 5.10 | epoch: 1 pq: 74 rg: 36 | total time: 438.59m | eta: 330.4m
step 03181/05568 (57.13%) | loss: 2.518984 | lrm: 0.68 | dt: 8241.62ms | tok/sec: 127,229 | bf16_mfu: 5.10 | epoch: 1 pq: 74 rg: 38 | total time: 438.73m | eta: 330.3m
step 03182/05568 (57.15%) | loss: 2.514324 | lrm: 0.68 | dt: 8250.59ms | tok/sec: 127,091 | bf16_mfu: 5.09 | epoch: 1 pq: 74 rg: 40 | total time: 438.86m | eta: 330.1m
step 03183/05568 (57.17%) | loss: 2.506776 | lrm: 0.68 | dt: 8253.71ms | tok/sec: 127,042 | bf16_mfu: 5.09 | epoch: 1 pq: 74 rg: 42 | total time: 439.00m | eta: 330.0m
step 03184/05568 (57.18%) | loss: 2.499437 | lrm: 0.68 | dt: 8244.44ms | tok/sec: 127,185 | bf16_mfu: 5.10 | epoch: 1 pq: 74 rg: 44 | total time: 439.14m | eta: 329.8m
step 03185/05568 (57.20%) | loss: 2.513569 | lrm: 0.68 | dt: 8255.49ms | tok/sec: 127,015 | bf16_mfu: 5.09 | epoch: 1 pq: 74 rg: 46 | total time: 439.28m | eta: 329.7m
step 03186/05568 (57.22%) | loss: 2.514402 | lrm: 0.68 | dt: 8247.47ms | tok/sec: 127,139 | bf16_mfu: 5.10 | epoch: 1 pq: 74 rg: 47 | total time: 439.41m | eta: 329.6m
step 03187/05568 (57.24%) | loss: 2.505201 | lrm: 0.68 | dt: 8248.69ms | tok/sec: 127,120 | bf16_mfu: 5.09 | epoch: 1 pq: 74 rg: 49 | total time: 439.55m | eta: 329.4m
step 03188/05568 (57.26%) | loss: 2.527490 | lrm: 0.67 | dt: 8249.10ms | tok/sec: 127,113 | bf16_mfu: 5.09 | epoch: 1 pq: 74 rg: 51 | total time: 439.69m | eta: 329.3m
step 03189/05568 (57.27%) | loss: 2.522991 | lrm: 0.67 | dt: 8248.38ms | tok/sec: 127,125 | bf16_mfu: 5.09 | epoch: 1 pq: 74 rg: 53 | total time: 439.83m | eta: 329.1m
step 03190/05568 (57.29%) | loss: 2.533209 | lrm: 0.67 | dt: 8241.90ms | tok/sec: 127,225 | bf16_mfu: 5.10 | epoch: 1 pq: 74 rg: 55 | total time: 439.96m | eta: 329.0m
step 03191/05568 (57.31%) | loss: 2.533508 | lrm: 0.67 | dt: 8248.90ms | tok/sec: 127,116 | bf16_mfu: 5.09 | epoch: 1 pq: 74 rg: 57 | total time: 440.10m | eta: 328.9m
step 03192/05568 (57.33%) | loss: 2.540922 | lrm: 0.67 | dt: 8236.83ms | tok/sec: 127,303 | bf16_mfu: 5.10 | epoch: 1 pq: 74 rg: 59 | total time: 440.24m | eta: 328.7m
step 03193/05568 (57.35%) | loss: 2.547368 | lrm: 0.67 | dt: 8240.03ms | tok/sec: 127,253 | bf16_mfu: 5.10 | epoch: 1 pq: 74 rg: 61 | total time: 440.38m | eta: 328.6m
step 03194/05568 (57.36%) | loss: 2.539331 | lrm: 0.67 | dt: 8246.52ms | tok/sec: 127,153 | bf16_mfu: 5.10 | epoch: 1 pq: 74 rg: 63 | total time: 440.51m | eta: 328.4m
step 03195/05568 (57.38%) | loss: 2.535545 | lrm: 0.67 | dt: 8238.48ms | tok/sec: 127,277 | bf16_mfu: 5.10 | epoch: 1 pq: 74 rg: 65 | total time: 440.65m | eta: 328.3m
step 03196/05568 (57.40%) | loss: 2.532820 | lrm: 0.67 | dt: 8252.55ms | tok/sec: 127,060 | bf16_mfu: 5.09 | epoch: 1 pq: 74 rg: 67 | total time: 440.79m | eta: 328.2m
step 03197/05568 (57.42%) | loss: 2.543297 | lrm: 0.67 | dt: 8243.74ms | tok/sec: 127,196 | bf16_mfu: 5.10 | epoch: 1 pq: 74 rg: 69 | total time: 440.92m | eta: 328.0m
step 03198/05568 (57.44%) | loss: 2.537749 | lrm: 0.67 | dt: 8248.28ms | tok/sec: 127,126 | bf16_mfu: 5.09 | epoch: 1 pq: 74 rg: 71 | total time: 441.06m | eta: 327.9m
step 03199/05568 (57.45%) | loss: 2.564244 | lrm: 0.67 | dt: 8247.74ms | tok/sec: 127,134 | bf16_mfu: 5.10 | epoch: 1 pq: 74 rg: 73 | total time: 441.20m | eta: 327.8m
step 03200/05568 (57.47%) | loss: 2.545231 | lrm: 0.67 | dt: 8254.04ms | tok/sec: 127,037 | bf16_mfu: 5.09 | epoch: 1 pq: 74 rg: 74 | total time: 441.34m | eta: 327.6m
step 03201/05568 (57.49%) | loss: 2.541123 | lrm: 0.67 | dt: 8241.31ms | tok/sec: 127,234 | bf16_mfu: 5.10 | epoch: 1 pq: 74 rg: 76 | total time: 441.47m | eta: 327.5m
step 03202/05568 (57.51%) | loss: 2.543032 | lrm: 0.67 | dt: 8241.57ms | tok/sec: 127,230 | bf16_mfu: 5.10 | epoch: 1 pq: 74 rg: 78 | total time: 441.61m | eta: 327.3m
step 03203/05568 (57.53%) | loss: 2.533694 | lrm: 0.67 | dt: 8252.83ms | tok/sec: 127,056 | bf16_mfu: 5.09 | epoch: 1 pq: 74 rg: 80 | total time: 441.75m | eta: 327.2m
step 03204/05568 (57.54%) | loss: 2.539251 | lrm: 0.67 | dt: 8249.02ms | tok/sec: 127,115 | bf16_mfu: 5.09 | epoch: 1 pq: 74 rg: 82 | total time: 441.89m | eta: 327.1m
step 03205/05568 (57.56%) | loss: 2.559895 | lrm: 0.67 | dt: 8240.52ms | tok/sec: 127,246 | bf16_mfu: 5.10 | epoch: 1 pq: 75 rg: 1 | total time: 442.02m | eta: 326.9m
step 03206/05568 (57.58%) | loss: 2.543352 | lrm: 0.67 | dt: 8250.89ms | tok/sec: 127,086 | bf16_mfu: 5.09 | epoch: 1 pq: 75 rg: 3 | total time: 442.16m | eta: 326.8m
step 03207/05568 (57.60%) | loss: 2.540620 | lrm: 0.67 | dt: 8243.55ms | tok/sec: 127,199 | bf16_mfu: 5.10 | epoch: 1 pq: 75 rg: 5 | total time: 442.30m | eta: 326.6m
step 03208/05568 (57.61%) | loss: 2.531218 | lrm: 0.67 | dt: 8248.75ms | tok/sec: 127,119 | bf16_mfu: 5.09 | epoch: 1 pq: 75 rg: 7 | total time: 442.44m | eta: 326.5m
step 03209/05568 (57.63%) | loss: 2.514613 | lrm: 0.67 | dt: 8252.02ms | tok/sec: 127,068 | bf16_mfu: 5.09 | epoch: 1 pq: 75 rg: 9 | total time: 442.57m | eta: 326.4m
step 03210/05568 (57.65%) | loss: 2.509358 | lrm: 0.67 | dt: 8237.52ms | tok/sec: 127,292 | bf16_mfu: 5.10 | epoch: 1 pq: 75 rg: 11 | total time: 442.71m | eta: 326.2m
step 03211/05568 (57.67%) | loss: 2.510405 | lrm: 0.67 | dt: 8241.25ms | tok/sec: 127,235 | bf16_mfu: 5.10 | epoch: 1 pq: 75 rg: 13 | total time: 442.85m | eta: 326.1m
step 03212/05568 (57.69%) | loss: 2.505601 | lrm: 0.67 | dt: 8244.41ms | tok/sec: 127,186 | bf16_mfu: 5.10 | epoch: 1 pq: 75 rg: 15 | total time: 442.99m | eta: 325.9m
step 03213/05568 (57.70%) | loss: 2.492560 | lrm: 0.67 | dt: 8257.96ms | tok/sec: 126,977 | bf16_mfu: 5.09 | epoch: 1 pq: 75 rg: 16 | total time: 443.12m | eta: 325.8m
step 03214/05568 (57.72%) | loss: 2.505627 | lrm: 0.67 | dt: 8242.54ms | tok/sec: 127,215 | bf16_mfu: 5.10 | epoch: 1 pq: 75 rg: 18 | total time: 443.26m | eta: 325.7m
step 03215/05568 (57.74%) | loss: 2.501710 | lrm: 0.67 | dt: 8256.50ms | tok/sec: 126,999 | bf16_mfu: 5.09 | epoch: 1 pq: 75 rg: 20 | total time: 443.40m | eta: 325.5m
step 03216/05568 (57.76%) | loss: 2.514353 | lrm: 0.67 | dt: 8248.43ms | tok/sec: 127,124 | bf16_mfu: 5.09 | epoch: 1 pq: 75 rg: 22 | total time: 443.54m | eta: 325.4m
step 03217/05568 (57.78%) | loss: 2.512690 | lrm: 0.67 | dt: 8241.73ms | tok/sec: 127,227 | bf16_mfu: 5.10 | epoch: 1 pq: 75 rg: 24 | total time: 443.67m | eta: 325.3m
step 03218/05568 (57.79%) | loss: 2.511161 | lrm: 0.67 | dt: 8238.67ms | tok/sec: 127,274 | bf16_mfu: 5.10 | epoch: 1 pq: 75 rg: 26 | total time: 443.81m | eta: 325.1m
step 03219/05568 (57.81%) | loss: 2.511217 | lrm: 0.67 | dt: 8247.99ms | tok/sec: 127,131 | bf16_mfu: 5.10 | epoch: 1 pq: 75 rg: 28 | total time: 443.95m | eta: 325.0m
step 03220/05568 (57.83%) | loss: 2.504009 | lrm: 0.67 | dt: 8245.42ms | tok/sec: 127,170 | bf16_mfu: 5.10 | epoch: 1 pq: 75 rg: 30 | total time: 444.09m | eta: 324.8m
step 03221/05568 (57.85%) | loss: 2.513559 | lrm: 0.67 | dt: 8246.86ms | tok/sec: 127,148 | bf16_mfu: 5.10 | epoch: 1 pq: 75 rg: 32 | total time: 444.22m | eta: 324.7m
step 03222/05568 (57.87%) | loss: 2.520112 | lrm: 0.67 | dt: 8251.27ms | tok/sec: 127,080 | bf16_mfu: 5.09 | epoch: 1 pq: 75 rg: 34 | total time: 444.36m | eta: 324.6m
step 03223/05568 (57.88%) | loss: 2.511797 | lrm: 0.67 | dt: 8240.66ms | tok/sec: 127,244 | bf16_mfu: 5.10 | epoch: 1 pq: 75 rg: 36 | total time: 444.50m | eta: 324.4m
step 03224/05568 (57.90%) | loss: 2.517862 | lrm: 0.67 | dt: 8249.18ms | tok/sec: 127,112 | bf16_mfu: 5.09 | epoch: 1 pq: 75 rg: 38 | total time: 444.64m | eta: 324.3m
step 03225/05568 (57.92%) | loss: 2.523167 | lrm: 0.67 | dt: 8238.43ms | tok/sec: 127,278 | bf16_mfu: 5.10 | epoch: 1 pq: 75 rg: 40 | total time: 444.77m | eta: 324.1m
step 03226/05568 (57.94%) | loss: 2.520721 | lrm: 0.66 | dt: 8242.54ms | tok/sec: 127,215 | bf16_mfu: 5.10 | epoch: 1 pq: 75 rg: 42 | total time: 444.91m | eta: 324.0m
step 03227/05568 (57.96%) | loss: 2.508975 | lrm: 0.66 | dt: 8248.22ms | tok/sec: 127,127 | bf16_mfu: 5.10 | epoch: 1 pq: 75 rg: 44 | total time: 445.05m | eta: 323.9m
step 03228/05568 (57.97%) | loss: 2.515883 | lrm: 0.66 | dt: 8246.50ms | tok/sec: 127,154 | bf16_mfu: 5.10 | epoch: 1 pq: 75 rg: 45 | total time: 445.19m | eta: 323.7m
step 03229/05568 (57.99%) | loss: 2.541428 | lrm: 0.66 | dt: 8241.76ms | tok/sec: 127,227 | bf16_mfu: 5.10 | epoch: 1 pq: 75 rg: 47 | total time: 445.32m | eta: 323.6m
step 03230/05568 (58.01%) | loss: 2.548322 | lrm: 0.66 | dt: 8244.65ms | tok/sec: 127,182 | bf16_mfu: 5.10 | epoch: 1 pq: 75 rg: 49 | total time: 445.46m | eta: 323.4m
step 03231/05568 (58.03%) | loss: 2.551287 | lrm: 0.66 | dt: 8244.66ms | tok/sec: 127,182 | bf16_mfu: 5.10 | epoch: 1 pq: 75 rg: 51 | total time: 445.60m | eta: 323.3m
step 03232/05568 (58.05%) | loss: 2.554723 | lrm: 0.66 | dt: 8252.39ms | tok/sec: 127,063 | bf16_mfu: 5.09 | epoch: 1 pq: 75 rg: 53 | total time: 445.74m | eta: 323.2m
step 03233/05568 (58.06%) | loss: 2.565072 | lrm: 0.66 | dt: 8246.44ms | tok/sec: 127,154 | bf16_mfu: 5.10 | epoch: 1 pq: 75 rg: 55 | total time: 445.87m | eta: 323.0m
step 03234/05568 (58.08%) | loss: 2.539226 | lrm: 0.66 | dt: 8245.91ms | tok/sec: 127,163 | bf16_mfu: 5.10 | epoch: 1 pq: 75 rg: 57 | total time: 446.01m | eta: 322.9m
step 03235/05568 (58.10%) | loss: 2.565471 | lrm: 0.66 | dt: 8245.10ms | tok/sec: 127,175 | bf16_mfu: 5.10 | epoch: 1 pq: 75 rg: 59 | total time: 446.15m | eta: 322.7m
step 03236/05568 (58.12%) | loss: 2.565702 | lrm: 0.66 | dt: 8253.19ms | tok/sec: 127,050 | bf16_mfu: 5.09 | epoch: 1 pq: 75 rg: 61 | total time: 446.28m | eta: 322.6m
step 03237/05568 (58.14%) | loss: 2.560810 | lrm: 0.66 | dt: 8239.02ms | tok/sec: 127,269 | bf16_mfu: 5.10 | epoch: 1 pq: 75 rg: 63 | total time: 446.42m | eta: 322.5m
step 03238/05568 (58.15%) | loss: 2.545525 | lrm: 0.66 | dt: 8243.00ms | tok/sec: 127,208 | bf16_mfu: 5.10 | epoch: 1 pq: 75 rg: 65 | total time: 446.56m | eta: 322.3m
step 03239/05568 (58.17%) | loss: 2.539068 | lrm: 0.66 | dt: 8250.55ms | tok/sec: 127,091 | bf16_mfu: 5.09 | epoch: 1 pq: 75 rg: 67 | total time: 446.70m | eta: 322.2m
step 03240/05568 (58.19%) | loss: 2.531099 | lrm: 0.66 | dt: 8251.27ms | tok/sec: 127,080 | bf16_mfu: 5.09 | epoch: 1 pq: 75 rg: 69 | total time: 446.83m | eta: 322.1m
step 03241/05568 (58.21%) | loss: 2.515340 | lrm: 0.66 | dt: 8251.41ms | tok/sec: 127,078 | bf16_mfu: 5.09 | epoch: 1 pq: 75 rg: 71 | total time: 446.97m | eta: 321.9m
step 03242/05568 (58.23%) | loss: 2.507135 | lrm: 0.66 | dt: 8253.24ms | tok/sec: 127,050 | bf16_mfu: 5.09 | epoch: 1 pq: 75 rg: 73 | total time: 447.11m | eta: 321.8m
step 03243/05568 (58.24%) | loss: 2.500697 | lrm: 0.66 | dt: 8238.84ms | tok/sec: 127,272 | bf16_mfu: 5.10 | epoch: 1 pq: 75 rg: 74 | total time: 447.25m | eta: 321.6m
step 03244/05568 (58.26%) | loss: 2.506803 | lrm: 0.66 | dt: 8251.70ms | tok/sec: 127,073 | bf16_mfu: 5.09 | epoch: 1 pq: 75 rg: 76 | total time: 447.38m | eta: 321.5m
step 03245/05568 (58.28%) | loss: 2.498832 | lrm: 0.66 | dt: 8243.12ms | tok/sec: 127,206 | bf16_mfu: 5.10 | epoch: 1 pq: 75 rg: 78 | total time: 447.52m | eta: 321.4m
step 03246/05568 (58.30%) | loss: 2.501303 | lrm: 0.66 | dt: 8250.03ms | tok/sec: 127,099 | bf16_mfu: 5.09 | epoch: 1 pq: 75 rg: 80 | total time: 447.66m | eta: 321.2m
step 03247/05568 (58.32%) | loss: 2.507102 | lrm: 0.66 | dt: 8246.87ms | tok/sec: 127,148 | bf16_mfu: 5.10 | epoch: 1 pq: 76 rg: 0 | total time: 447.80m | eta: 321.1m
step 03248/05568 (58.33%) | loss: 2.488594 | lrm: 0.66 | dt: 8257.29ms | tok/sec: 126,987 | bf16_mfu: 5.09 | epoch: 1 pq: 76 rg: 2 | total time: 447.93m | eta: 320.9m
step 03249/05568 (58.35%) | loss: 2.499926 | lrm: 0.66 | dt: 8240.20ms | tok/sec: 127,251 | bf16_mfu: 5.10 | epoch: 1 pq: 76 rg: 4 | total time: 448.07m | eta: 320.8m
Step 03250 | Validation bpb: 0.766111
2026-10-08 03:40:01,494 - nanochat.checkpoint_manager - [32m[1mINFO[0m - Saved model parameters to: /home/astarostin/.cache/nanochat/base_checkpoints/d24_1xh100/model_003250.pt
2026-10-08 03:40:01,496 - nanochat.checkpoint_manager - [32m[1mINFO[0m - Saved metadata to: /home/astarostin/.cache/nanochat/base_checkpoints/d24_1xh100/meta_003250.json
2026-10-08 03:40:09,153 - nanochat.checkpoint_manager - [32m[1mINFO[0m - Saved optimizer state to: /home/astarostin/.cache/nanochat/base_checkpoints/d24_1xh100/optim_003250_rank0.pt
step 03250/05568 (58.37%) | loss: 2.502709 | lrm: 0.66 | dt: 8248.23ms | tok/sec: 127,127 | bf16_mfu: 5.10 | epoch: 1 pq: 76 rg: 6 | total time: 448.21m | eta: 320.7m
step 03251/05568 (58.39%) | loss: 2.498909 | lrm: 0.66 | dt: 8263.28ms | tok/sec: 126,895 | bf16_mfu: 5.09 | epoch: 1 pq: 76 rg: 8 | total time: 448.35m | eta: 320.5m
step 03252/05568 (58.41%) | loss: 2.511477 | lrm: 0.66 | dt: 8279.60ms | tok/sec: 126,645 | bf16_mfu: 5.08 | epoch: 1 pq: 76 rg: 10 | total time: 448.48m | eta: 320.4m
step 03253/05568 (58.42%) | loss: 2.511666 | lrm: 0.66 | dt: 8270.76ms | tok/sec: 126,781 | bf16_mfu: 5.08 | epoch: 1 pq: 76 rg: 12 | total time: 448.62m | eta: 320.2m
step 03254/05568 (58.44%) | loss: 2.499672 | lrm: 0.66 | dt: 8287.40ms | tok/sec: 126,526 | bf16_mfu: 5.07 | epoch: 1 pq: 76 rg: 14 | total time: 448.76m | eta: 320.1m
step 03255/05568 (58.46%) | loss: 2.509472 | lrm: 0.66 | dt: 8283.65ms | tok/sec: 126,583 | bf16_mfu: 5.07 | epoch: 1 pq: 76 rg: 15 | total time: 448.90m | eta: 320.0m
step 03256/05568 (58.48%) | loss: 2.504123 | lrm: 0.66 | dt: 8287.09ms | tok/sec: 126,531 | bf16_mfu: 5.07 | epoch: 1 pq: 76 rg: 17 | total time: 449.04m | eta: 319.8m
step 03257/05568 (58.49%) | loss: 2.515025 | lrm: 0.66 | dt: 8282.48ms | tok/sec: 126,601 | bf16_mfu: 5.07 | epoch: 1 pq: 76 rg: 19 | total time: 449.18m | eta: 319.7m
step 03258/05568 (58.51%) | loss: 2.512160 | lrm: 0.66 | dt: 8277.61ms | tok/sec: 126,676 | bf16_mfu: 5.08 | epoch: 1 pq: 76 rg: 21 | total time: 449.31m | eta: 319.6m
step 03259/05568 (58.53%) | loss: 2.500640 | lrm: 0.66 | dt: 8291.23ms | tok/sec: 126,468 | bf16_mfu: 5.07 | epoch: 1 pq: 76 rg: 23 | total time: 449.45m | eta: 319.4m
step 03260/05568 (58.55%) | loss: 2.492046 | lrm: 0.66 | dt: 8291.53ms | tok/sec: 126,463 | bf16_mfu: 5.07 | epoch: 1 pq: 76 rg: 25 | total time: 449.59m | eta: 319.3m
step 03261/05568 (58.57%) | loss: 2.492440 | lrm: 0.66 | dt: 8284.04ms | tok/sec: 126,577 | bf16_mfu: 5.07 | epoch: 1 pq: 76 rg: 27 | total time: 449.73m | eta: 319.1m
step 03262/05568 (58.58%) | loss: 2.500435 | lrm: 0.66 | dt: 8284.89ms | tok/sec: 126,564 | bf16_mfu: 5.07 | epoch: 1 pq: 76 rg: 29 | total time: 449.87m | eta: 319.0m
step 03263/05568 (58.60%) | loss: 2.499541 | lrm: 0.66 | dt: 8293.91ms | tok/sec: 126,427 | bf16_mfu: 5.07 | epoch: 1 pq: 76 rg: 31 | total time: 450.00m | eta: 318.9m
step 03264/05568 (58.62%) | loss: 2.493032 | lrm: 0.65 | dt: 8288.90ms | tok/sec: 126,503 | bf16_mfu: 5.07 | epoch: 1 pq: 76 rg: 33 | total time: 450.14m | eta: 318.7m
step 03265/05568 (58.64%) | loss: 2.491232 | lrm: 0.65 | dt: 8303.11ms | tok/sec: 126,287 | bf16_mfu: 5.06 | epoch: 1 pq: 76 rg: 35 | total time: 450.28m | eta: 318.6m
step 03266/05568 (58.66%) | loss: 2.507770 | lrm: 0.65 | dt: 8277.50ms | tok/sec: 126,677 | bf16_mfu: 5.08 | epoch: 1 pq: 76 rg: 37 | total time: 450.42m | eta: 318.4m
step 03267/05568 (58.67%) | loss: 2.500594 | lrm: 0.65 | dt: 8280.82ms | tok/sec: 126,627 | bf16_mfu: 5.07 | epoch: 1 pq: 76 rg: 39 | total time: 450.56m | eta: 318.3m
step 03268/05568 (58.69%) | loss: 2.512019 | lrm: 0.65 | dt: 8300.20ms | tok/sec: 126,331 | bf16_mfu: 5.06 | epoch: 1 pq: 76 rg: 41 | total time: 450.69m | eta: 318.2m
step 03269/05568 (58.71%) | loss: 2.506370 | lrm: 0.65 | dt: 8293.66ms | tok/sec: 126,431 | bf16_mfu: 5.07 | epoch: 1 pq: 76 rg: 43 | total time: 450.83m | eta: 318.0m
step 03270/05568 (58.73%) | loss: 2.494276 | lrm: 0.65 | dt: 8287.95ms | tok/sec: 126,518 | bf16_mfu: 5.07 | epoch: 1 pq: 76 rg: 44 | total time: 450.97m | eta: 317.9m
step 03271/05568 (58.75%) | loss: 2.504691 | lrm: 0.65 | dt: 8293.41ms | tok/sec: 126,434 | bf16_mfu: 5.07 | epoch: 1 pq: 76 rg: 46 | total time: 451.11m | eta: 317.8m
step 03272/05568 (58.76%) | loss: 2.519957 | lrm: 0.65 | dt: 8290.48ms | tok/sec: 126,479 | bf16_mfu: 5.07 | epoch: 1 pq: 76 rg: 48 | total time: 451.25m | eta: 317.6m
step 03273/05568 (58.78%) | loss: 2.508530 | lrm: 0.65 | dt: 8299.52ms | tok/sec: 126,341 | bf16_mfu: 5.06 | epoch: 1 pq: 76 rg: 50 | total time: 451.39m | eta: 317.5m
step 03274/05568 (58.80%) | loss: 2.505094 | lrm: 0.65 | dt: 8301.35ms | tok/sec: 126,313 | bf16_mfu: 5.06 | epoch: 1 pq: 76 rg: 52 | total time: 451.52m | eta: 317.3m
step 03275/05568 (58.82%) | loss: 2.499054 | lrm: 0.65 | dt: 8290.83ms | tok/sec: 126,474 | bf16_mfu: 5.07 | epoch: 1 pq: 76 rg: 54 | total time: 451.66m | eta: 317.2m
step 03276/05568 (58.84%) | loss: 2.494070 | lrm: 0.65 | dt: 8294.26ms | tok/sec: 126,421 | bf16_mfu: 5.07 | epoch: 1 pq: 76 rg: 56 | total time: 451.80m | eta: 317.1m
step 03277/05568 (58.85%) | loss: 2.495731 | lrm: 0.65 | dt: 8289.20ms | tok/sec: 126,499 | bf16_mfu: 5.07 | epoch: 1 pq: 76 rg: 58 | total time: 451.94m | eta: 316.9m
step 03278/05568 (58.87%) | loss: 2.498088 | lrm: 0.65 | dt: 8286.57ms | tok/sec: 126,539 | bf16_mfu: 5.07 | epoch: 1 pq: 76 rg: 60 | total time: 452.08m | eta: 316.8m
step 03279/05568 (58.89%) | loss: 2.499321 | lrm: 0.65 | dt: 8290.78ms | tok/sec: 126,474 | bf16_mfu: 5.07 | epoch: 1 pq: 76 rg: 62 | total time: 452.22m | eta: 316.6m
step 03280/05568 (58.91%) | loss: 2.472324 | lrm: 0.65 | dt: 8290.72ms | tok/sec: 126,475 | bf16_mfu: 5.07 | epoch: 1 pq: 76 rg: 64 | total time: 452.35m | eta: 316.5m
step 03281/05568 (58.93%) | loss: 2.472468 | lrm: 0.65 | dt: 8288.82ms | tok/sec: 126,504 | bf16_mfu: 5.07 | epoch: 1 pq: 76 rg: 66 | total time: 452.49m | eta: 316.4m
step 03282/05568 (58.94%) | loss: 2.480629 | lrm: 0.65 | dt: 8296.40ms | tok/sec: 126,389 | bf16_mfu: 5.07 | epoch: 1 pq: 76 rg: 68 | total time: 452.63m | eta: 316.2m
step 03283/05568 (58.96%) | loss: 2.478734 | lrm: 0.65 | dt: 8305.45ms | tok/sec: 126,251 | bf16_mfu: 5.06 | epoch: 1 pq: 76 rg: 70 | total time: 452.77m | eta: 316.1m
step 03284/05568 (58.98%) | loss: 2.485424 | lrm: 0.65 | dt: 8294.52ms | tok/sec: 126,417 | bf16_mfu: 5.07 | epoch: 1 pq: 76 rg: 72 | total time: 452.91m | eta: 316.0m
step 03285/05568 (59.00%) | loss: 2.461673 | lrm: 0.65 | dt: 8307.90ms | tok/sec: 126,214 | bf16_mfu: 5.06 | epoch: 1 pq: 76 rg: 74 | total time: 453.04m | eta: 315.8m
step 03286/05568 (59.02%) | loss: 2.489117 | lrm: 0.65 | dt: 8295.21ms | tok/sec: 126,407 | bf16_mfu: 5.07 | epoch: 1 pq: 76 rg: 75 | total time: 453.18m | eta: 315.7m
step 03287/05568 (59.03%) | loss: 2.494173 | lrm: 0.65 | dt: 8280.59ms | tok/sec: 126,630 | bf16_mfu: 5.08 | epoch: 1 pq: 76 rg: 77 | total time: 453.32m | eta: 315.5m
step 03288/05568 (59.05%) | loss: 2.490822 | lrm: 0.65 | dt: 8296.79ms | tok/sec: 126,383 | bf16_mfu: 5.07 | epoch: 1 pq: 76 rg: 79 | total time: 453.46m | eta: 315.4m
step 03289/05568 (59.07%) | loss: 2.489881 | lrm: 0.65 | dt: 8297.72ms | tok/sec: 126,369 | bf16_mfu: 5.06 | epoch: 1 pq: 76 rg: 81 | total time: 453.60m | eta: 315.3m
step 03290/05568 (59.09%) | loss: 2.471343 | lrm: 0.65 | dt: 8284.25ms | tok/sec: 126,574 | bf16_mfu: 5.07 | epoch: 1 pq: 77 rg: 0 | total time: 453.74m | eta: 315.1m
step 03291/05568 (59.11%) | loss: 2.465652 | lrm: 0.65 | dt: 8291.94ms | tok/sec: 126,457 | bf16_mfu: 5.07 | epoch: 1 pq: 77 rg: 2 | total time: 453.87m | eta: 315.0m
step 03292/05568 (59.12%) | loss: 2.463186 | lrm: 0.65 | dt: 8299.26ms | tok/sec: 126,345 | bf16_mfu: 5.06 | epoch: 1 pq: 77 rg: 4 | total time: 454.01m | eta: 314.8m
step 03293/05568 (59.14%) | loss: 2.451971 | lrm: 0.65 | dt: 8297.66ms | tok/sec: 126,370 | bf16_mfu: 5.06 | epoch: 1 pq: 77 rg: 6 | total time: 454.15m | eta: 314.7m
step 03294/05568 (59.16%) | loss: 2.466519 | lrm: 0.65 | dt: 8285.28ms | tok/sec: 126,558 | bf16_mfu: 5.07 | epoch: 1 pq: 77 rg: 8 | total time: 454.29m | eta: 314.6m
step 03295/05568 (59.18%) | loss: 2.477668 | lrm: 0.65 | dt: 8296.30ms | tok/sec: 126,390 | bf16_mfu: 5.07 | epoch: 1 pq: 77 rg: 10 | total time: 454.43m | eta: 314.4m
step 03296/05568 (59.20%) | loss: 2.490192 | lrm: 0.65 | dt: 8284.61ms | tok/sec: 126,569 | bf16_mfu: 5.07 | epoch: 1 pq: 77 rg: 12 | total time: 454.56m | eta: 314.3m
step 03297/05568 (59.21%) | loss: 2.484515 | lrm: 0.65 | dt: 8292.98ms | tok/sec: 126,441 | bf16_mfu: 5.07 | epoch: 1 pq: 77 rg: 14 | total time: 454.70m | eta: 314.2m
step 03298/05568 (59.23%) | loss: 2.484899 | lrm: 0.65 | dt: 8296.91ms | tok/sec: 126,381 | bf16_mfu: 5.07 | epoch: 1 pq: 77 rg: 15 | total time: 454.84m | eta: 314.0m
step 03299/05568 (59.25%) | loss: 2.499210 | lrm: 0.65 | dt: 8311.32ms | tok/sec: 126,162 | bf16_mfu: 5.06 | epoch: 1 pq: 77 rg: 17 | total time: 454.98m | eta: 313.9m
step 03300/05568 (59.27%) | loss: 2.494743 | lrm: 0.65 | dt: 8290.14ms | tok/sec: 126,484 | bf16_mfu: 5.07 | epoch: 1 pq: 77 rg: 19 | total time: 455.12m | eta: 313.7m
step 03301/05568 (59.29%) | loss: 2.496328 | lrm: 0.65 | dt: 8291.65ms | tok/sec: 126,461 | bf16_mfu: 5.07 | epoch: 1 pq: 77 rg: 21 | total time: 455.26m | eta: 313.6m
step 03302/05568 (59.30%) | loss: 2.497026 | lrm: 0.64 | dt: 8291.03ms | tok/sec: 126,471 | bf16_mfu: 5.07 | epoch: 1 pq: 77 rg: 23 | total time: 455.39m | eta: 313.5m
step 03303/05568 (59.32%) | loss: 2.489283 | lrm: 0.64 | dt: 8290.50ms | tok/sec: 126,479 | bf16_mfu: 5.07 | epoch: 1 pq: 77 rg: 25 | total time: 455.53m | eta: 313.3m
step 03304/05568 (59.34%) | loss: 2.511029 | lrm: 0.64 | dt: 8290.66ms | tok/sec: 126,476 | bf16_mfu: 5.07 | epoch: 1 pq: 77 rg: 27 | total time: 455.67m | eta: 313.2m
step 03305/05568 (59.36%) | loss: 2.522594 | lrm: 0.64 | dt: 8295.73ms | tok/sec: 126,399 | bf16_mfu: 5.07 | epoch: 1 pq: 77 rg: 29 | total time: 455.81m | eta: 313.0m
step 03306/05568 (59.38%) | loss: 2.545901 | lrm: 0.64 | dt: 8279.68ms | tok/sec: 126,644 | bf16_mfu: 5.08 | epoch: 1 pq: 77 rg: 31 | total time: 455.95m | eta: 312.9m
step 03307/05568 (59.39%) | loss: 2.539714 | lrm: 0.64 | dt: 8289.51ms | tok/sec: 126,494 | bf16_mfu: 5.07 | epoch: 1 pq: 77 rg: 33 | total time: 456.09m | eta: 312.8m
step 03308/05568 (59.41%) | loss: 2.518360 | lrm: 0.64 | dt: 8287.17ms | tok/sec: 126,530 | bf16_mfu: 5.07 | epoch: 1 pq: 77 rg: 35 | total time: 456.22m | eta: 312.6m
step 03309/05568 (59.43%) | loss: 2.523596 | lrm: 0.64 | dt: 8293.45ms | tok/sec: 126,434 | bf16_mfu: 5.07 | epoch: 1 pq: 77 rg: 37 | total time: 456.36m | eta: 312.5m
step 03310/05568 (59.45%) | loss: 2.514798 | lrm: 0.64 | dt: 8293.38ms | tok/sec: 126,435 | bf16_mfu: 5.07 | epoch: 1 pq: 77 rg: 39 | total time: 456.50m | eta: 312.4m
step 03311/05568 (59.46%) | loss: 2.502181 | lrm: 0.64 | dt: 8292.43ms | tok/sec: 126,449 | bf16_mfu: 5.07 | epoch: 1 pq: 77 rg: 41 | total time: 456.64m | eta: 312.2m
step 03312/05568 (59.48%) | loss: 2.509043 | lrm: 0.64 | dt: 8296.11ms | tok/sec: 126,393 | bf16_mfu: 5.07 | epoch: 1 pq: 77 rg: 43 | total time: 456.78m | eta: 312.1m
step 03313/05568 (59.50%) | loss: 2.503034 | lrm: 0.64 | dt: 8293.91ms | tok/sec: 126,427 | bf16_mfu: 5.07 | epoch: 1 pq: 77 rg: 45 | total time: 456.91m | eta: 311.9m
step 03314/05568 (59.52%) | loss: 2.503684 | lrm: 0.64 | dt: 8308.31ms | tok/sec: 126,208 | bf16_mfu: 5.06 | epoch: 1 pq: 77 rg: 46 | total time: 457.05m | eta: 311.8m
step 03315/05568 (59.54%) | loss: 2.496188 | lrm: 0.64 | dt: 8298.11ms | tok/sec: 126,363 | bf16_mfu: 5.06 | epoch: 1 pq: 77 rg: 48 | total time: 457.19m | eta: 311.7m
step 03316/05568 (59.55%) | loss: 2.499958 | lrm: 0.64 | dt: 8297.04ms | tok/sec: 126,379 | bf16_mfu: 5.07 | epoch: 1 pq: 77 rg: 50 | total time: 457.33m | eta: 311.5m
step 03317/05568 (59.57%) | loss: 2.492472 | lrm: 0.64 | dt: 8279.73ms | tok/sec: 126,643 | bf16_mfu: 5.08 | epoch: 1 pq: 77 rg: 52 | total time: 457.47m | eta: 311.4m
step 03318/05568 (59.59%) | loss: 2.489482 | lrm: 0.64 | dt: 8298.51ms | tok/sec: 126,357 | bf16_mfu: 5.06 | epoch: 1 pq: 77 rg: 54 | total time: 457.61m | eta: 311.2m
step 03319/05568 (59.61%) | loss: 2.476858 | lrm: 0.64 | dt: 8300.68ms | tok/sec: 126,324 | bf16_mfu: 5.06 | epoch: 1 pq: 77 rg: 56 | total time: 457.74m | eta: 311.1m
step 03320/05568 (59.63%) | loss: 2.493390 | lrm: 0.64 | dt: 8296.21ms | tok/sec: 126,392 | bf16_mfu: 5.07 | epoch: 1 pq: 77 rg: 58 | total time: 457.88m | eta: 311.0m
step 03321/05568 (59.64%) | loss: 2.501665 | lrm: 0.64 | dt: 8299.91ms | tok/sec: 126,335 | bf16_mfu: 5.06 | epoch: 1 pq: 77 rg: 60 | total time: 458.02m | eta: 310.8m
step 03322/05568 (59.66%) | loss: 2.490967 | lrm: 0.64 | dt: 8281.71ms | tok/sec: 126,613 | bf16_mfu: 5.07 | epoch: 1 pq: 77 rg: 62 | total time: 458.16m | eta: 310.7m
step 03323/05568 (59.68%) | loss: 2.500804 | lrm: 0.64 | dt: 8299.73ms | tok/sec: 126,338 | bf16_mfu: 5.06 | epoch: 1 pq: 77 rg: 64 | total time: 458.30m | eta: 310.6m
step 03324/05568 (59.70%) | loss: 2.489724 | lrm: 0.64 | dt: 8297.60ms | tok/sec: 126,371 | bf16_mfu: 5.06 | epoch: 1 pq: 77 rg: 66 | total time: 458.44m | eta: 310.4m
step 03325/05568 (59.72%) | loss: 2.500338 | lrm: 0.64 | dt: 8290.80ms | tok/sec: 126,474 | bf16_mfu: 5.07 | epoch: 1 pq: 77 rg: 68 | total time: 458.57m | eta: 310.3m
step 03326/05568 (59.73%) | loss: 2.511358 | lrm: 0.64 | dt: 8305.56ms | tok/sec: 126,249 | bf16_mfu: 5.06 | epoch: 1 pq: 77 rg: 70 | total time: 458.71m | eta: 310.1m
step 03327/05568 (59.75%) | loss: 2.504898 | lrm: 0.64 | dt: 8294.92ms | tok/sec: 126,411 | bf16_mfu: 5.07 | epoch: 1 pq: 77 rg: 71 | total time: 458.85m | eta: 310.0m
step 03328/05568 (59.77%) | loss: 2.506739 | lrm: 0.64 | dt: 8288.23ms | tok/sec: 126,513 | bf16_mfu: 5.07 | epoch: 1 pq: 77 rg: 73 | total time: 458.99m | eta: 309.9m
step 03329/05568 (59.79%) | loss: 2.509957 | lrm: 0.64 | dt: 8291.67ms | tok/sec: 126,461 | bf16_mfu: 5.07 | epoch: 1 pq: 77 rg: 75 | total time: 459.13m | eta: 309.7m
step 03330/05568 (59.81%) | loss: 2.493715 | lrm: 0.64 | dt: 8295.89ms | tok/sec: 126,397 | bf16_mfu: 5.07 | epoch: 1 pq: 77 rg: 77 | total time: 459.26m | eta: 309.6m
step 03331/05568 (59.82%) | loss: 2.492557 | lrm: 0.64 | dt: 8302.77ms | tok/sec: 126,292 | bf16_mfu: 5.06 | epoch: 1 pq: 77 rg: 79 | total time: 459.40m | eta: 309.5m
step 03332/05568 (59.84%) | loss: 2.482460 | lrm: 0.64 | dt: 8286.11ms | tok/sec: 126,546 | bf16_mfu: 5.07 | epoch: 1 pq: 77 rg: 81 | total time: 459.54m | eta: 309.3m
step 03333/05568 (59.86%) | loss: 2.482173 | lrm: 0.64 | dt: 8293.15ms | tok/sec: 126,438 | bf16_mfu: 5.07 | epoch: 1 pq: 78 rg: 1 | total time: 459.68m | eta: 309.2m
step 03334/05568 (59.88%) | loss: 2.480721 | lrm: 0.64 | dt: 8297.19ms | tok/sec: 126,377 | bf16_mfu: 5.06 | epoch: 1 pq: 78 rg: 3 | total time: 459.82m | eta: 309.0m
step 03335/05568 (59.90%) | loss: 2.490682 | lrm: 0.64 | dt: 8296.03ms | tok/sec: 126,394 | bf16_mfu: 5.07 | epoch: 1 pq: 78 rg: 5 | total time: 459.96m | eta: 308.9m
step 03336/05568 (59.91%) | loss: 2.518626 | lrm: 0.64 | dt: 8286.50ms | tok/sec: 126,540 | bf16_mfu: 5.07 | epoch: 1 pq: 78 rg: 7 | total time: 460.09m | eta: 308.8m
step 03337/05568 (59.93%) | loss: 2.523468 | lrm: 0.64 | dt: 8296.42ms | tok/sec: 126,388 | bf16_mfu: 5.07 | epoch: 1 pq: 78 rg: 9 | total time: 460.23m | eta: 308.6m
step 03338/05568 (59.95%) | loss: 2.515830 | lrm: 0.64 | dt: 8284.78ms | tok/sec: 126,566 | bf16_mfu: 5.07 | epoch: 1 pq: 78 rg: 11 | total time: 460.37m | eta: 308.5m
step 03339/05568 (59.97%) | loss: 2.517458 | lrm: 0.64 | dt: 8296.05ms | tok/sec: 126,394 | bf16_mfu: 5.07 | epoch: 1 pq: 78 rg: 13 | total time: 460.51m | eta: 308.3m
step 03340/05568 (59.99%) | loss: 2.518429 | lrm: 0.63 | dt: 8291.63ms | tok/sec: 126,461 | bf16_mfu: 5.07 | epoch: 1 pq: 78 rg: 15 | total time: 460.65m | eta: 308.2m
step 03341/05568 (60.00%) | loss: 2.496569 | lrm: 0.63 | dt: 8285.90ms | tok/sec: 126,549 | bf16_mfu: 5.07 | epoch: 1 pq: 78 rg: 17 | total time: 460.79m | eta: 308.1m
step 03342/05568 (60.02%) | loss: 2.512498 | lrm: 0.63 | dt: 8290.31ms | tok/sec: 126,482 | bf16_mfu: 5.07 | epoch: 1 pq: 78 rg: 19 | total time: 460.92m | eta: 307.9m
step 03343/05568 (60.04%) | loss: 2.511290 | lrm: 0.63 | dt: 8289.22ms | tok/sec: 126,498 | bf16_mfu: 5.07 | epoch: 1 pq: 78 rg: 21 | total time: 461.06m | eta: 307.8m
step 03344/05568 (60.06%) | loss: 2.513645 | lrm: 0.63 | dt: 8292.98ms | tok/sec: 126,441 | bf16_mfu: 5.07 | epoch: 1 pq: 78 rg: 22 | total time: 461.20m | eta: 307.7m
step 03345/05568 (60.08%) | loss: 2.533344 | lrm: 0.63 | dt: 8300.24ms | tok/sec: 126,330 | bf16_mfu: 5.06 | epoch: 1 pq: 78 rg: 24 | total time: 461.34m | eta: 307.5m
step 03346/05568 (60.09%) | loss: 2.527192 | lrm: 0.63 | dt: 8286.92ms | tok/sec: 126,533 | bf16_mfu: 5.07 | epoch: 1 pq: 78 rg: 26 | total time: 461.48m | eta: 307.4m
step 03347/05568 (60.11%) | loss: 2.513986 | lrm: 0.63 | dt: 8299.35ms | tok/sec: 126,344 | bf16_mfu: 5.06 | epoch: 1 pq: 78 rg: 28 | total time: 461.61m | eta: 307.2m
step 03348/05568 (60.13%) | loss: 2.511516 | lrm: 0.63 | dt: 8292.66ms | tok/sec: 126,446 | bf16_mfu: 5.07 | epoch: 1 pq: 78 rg: 30 | total time: 461.75m | eta: 307.1m
step 03349/05568 (60.15%) | loss: 2.517002 | lrm: 0.63 | dt: 8288.32ms | tok/sec: 126,512 | bf16_mfu: 5.07 | epoch: 1 pq: 78 rg: 32 | total time: 461.89m | eta: 307.0m
step 03350/05568 (60.17%) | loss: 2.521868 | lrm: 0.63 | dt: 8289.18ms | tok/sec: 126,499 | bf16_mfu: 5.07 | epoch: 1 pq: 78 rg: 34 | total time: 462.03m | eta: 306.8m
step 03351/05568 (60.18%) | loss: 2.512034 | lrm: 0.63 | dt: 8296.34ms | tok/sec: 126,390 | bf16_mfu: 5.07 | epoch: 1 pq: 78 rg: 36 | total time: 462.17m | eta: 306.7m
step 03352/05568 (60.20%) | loss: 2.522129 | lrm: 0.63 | dt: 8294.46ms | tok/sec: 126,418 | bf16_mfu: 5.07 | epoch: 1 pq: 78 rg: 38 | total time: 462.31m | eta: 306.5m
step 03353/05568 (60.22%) | loss: 2.531128 | lrm: 0.63 | dt: 8295.52ms | tok/sec: 126,402 | bf16_mfu: 5.07 | epoch: 1 pq: 78 rg: 40 | total time: 462.44m | eta: 306.4m
step 03354/05568 (60.24%) | loss: 2.545458 | lrm: 0.63 | dt: 8365.62ms | tok/sec: 125,343 | bf16_mfu: 5.02 | epoch: 1 pq: 78 rg: 42 | total time: 462.58m | eta: 306.3m
step 03355/05568 (60.26%) | loss: 2.532998 | lrm: 0.63 | dt: 8290.52ms | tok/sec: 126,478 | bf16_mfu: 5.07 | epoch: 1 pq: 78 rg: 44 | total time: 462.72m | eta: 306.1m
step 03356/05568 (60.27%) | loss: 2.527227 | lrm: 0.63 | dt: 8287.00ms | tok/sec: 126,532 | bf16_mfu: 5.07 | epoch: 1 pq: 78 rg: 46 | total time: 462.86m | eta: 306.0m
step 03357/05568 (60.29%) | loss: 2.509396 | lrm: 0.63 | dt: 8294.65ms | tok/sec: 126,415 | bf16_mfu: 5.07 | epoch: 1 pq: 78 rg: 47 | total time: 463.00m | eta: 305.9m
step 03358/05568 (60.31%) | loss: 2.506307 | lrm: 0.63 | dt: 8288.75ms | tok/sec: 126,505 | bf16_mfu: 5.07 | epoch: 1 pq: 78 rg: 49 | total time: 463.14m | eta: 305.7m
step 03359/05568 (60.33%) | loss: 2.500101 | lrm: 0.63 | dt: 8302.32ms | tok/sec: 126,299 | bf16_mfu: 5.06 | epoch: 1 pq: 78 rg: 51 | total time: 463.27m | eta: 305.6m
step 03360/05568 (60.34%) | loss: 2.493055 | lrm: 0.63 | dt: 8296.72ms | tok/sec: 126,384 | bf16_mfu: 5.07 | epoch: 1 pq: 78 rg: 53 | total time: 463.41m | eta: 305.4m
step 03361/05568 (60.36%) | loss: 2.500964 | lrm: 0.63 | dt: 8294.34ms | tok/sec: 126,420 | bf16_mfu: 5.07 | epoch: 1 pq: 78 rg: 55 | total time: 463.55m | eta: 305.3m
step 03362/05568 (60.38%) | loss: 2.497212 | lrm: 0.63 | dt: 8286.60ms | tok/sec: 126,538 | bf16_mfu: 5.07 | epoch: 1 pq: 78 rg: 57 | total time: 463.69m | eta: 305.2m
step 03363/05568 (60.40%) | loss: 2.495765 | lrm: 0.63 | dt: 8291.27ms | tok/sec: 126,467 | bf16_mfu: 5.07 | epoch: 1 pq: 78 rg: 59 | total time: 463.83m | eta: 305.0m
step 03364/05568 (60.42%) | loss: 2.485373 | lrm: 0.63 | dt: 8293.64ms | tok/sec: 126,431 | bf16_mfu: 5.07 | epoch: 1 pq: 78 rg: 61 | total time: 463.97m | eta: 304.9m
step 03365/05568 (60.43%) | loss: 2.490267 | lrm: 0.63 | dt: 8291.33ms | tok/sec: 126,466 | bf16_mfu: 5.07 | epoch: 1 pq: 78 rg: 63 | total time: 464.10m | eta: 304.7m
step 03366/05568 (60.45%) | loss: 2.497878 | lrm: 0.63 | dt: 8298.52ms | tok/sec: 126,357 | bf16_mfu: 5.06 | epoch: 1 pq: 78 rg: 65 | total time: 464.24m | eta: 304.6m
step 03367/05568 (60.47%) | loss: 2.484718 | lrm: 0.63 | dt: 8291.10ms | tok/sec: 126,470 | bf16_mfu: 5.07 | epoch: 1 pq: 78 rg: 67 | total time: 464.38m | eta: 304.5m
step 03368/05568 (60.49%) | loss: 2.497065 | lrm: 0.63 | dt: 8302.08ms | tok/sec: 126,302 | bf16_mfu: 5.06 | epoch: 1 pq: 78 rg: 69 | total time: 464.52m | eta: 304.3m
step 03369/05568 (60.51%) | loss: 2.484185 | lrm: 0.63 | dt: 8288.09ms | tok/sec: 126,515 | bf16_mfu: 5.07 | epoch: 1 pq: 78 rg: 71 | total time: 464.66m | eta: 304.2m
step 03370/05568 (60.52%) | loss: 2.479639 | lrm: 0.63 | dt: 8292.86ms | tok/sec: 126,443 | bf16_mfu: 5.07 | epoch: 1 pq: 78 rg: 73 | total time: 464.79m | eta: 304.1m
step 03371/05568 (60.54%) | loss: 2.467743 | lrm: 0.63 | dt: 8290.90ms | tok/sec: 126,473 | bf16_mfu: 5.07 | epoch: 1 pq: 78 rg: 75 | total time: 464.93m | eta: 303.9m
step 03372/05568 (60.56%) | loss: 2.469398 | lrm: 0.63 | dt: 8294.88ms | tok/sec: 126,412 | bf16_mfu: 5.07 | epoch: 1 pq: 78 rg: 77 | total time: 465.07m | eta: 303.8m
step 03373/05568 (60.58%) | loss: 2.480806 | lrm: 0.63 | dt: 8297.93ms | tok/sec: 126,365 | bf16_mfu: 5.06 | epoch: 1 pq: 78 rg: 79 | total time: 465.21m | eta: 303.6m
step 03374/05568 (60.60%) | loss: 2.488339 | lrm: 0.63 | dt: 8299.97ms | tok/sec: 126,334 | bf16_mfu: 5.06 | epoch: 1 pq: 78 rg: 80 | total time: 465.35m | eta: 303.5m
step 03375/05568 (60.61%) | loss: 2.484922 | lrm: 0.63 | dt: 8294.71ms | tok/sec: 126,415 | bf16_mfu: 5.07 | epoch: 1 pq: 78 rg: 82 | total time: 465.49m | eta: 303.4m
step 03376/05568 (60.63%) | loss: 2.486884 | lrm: 0.63 | dt: 8287.37ms | tok/sec: 126,527 | bf16_mfu: 5.07 | epoch: 1 pq: 79 rg: 1 | total time: 465.62m | eta: 303.2m
step 03377/05568 (60.65%) | loss: 2.486971 | lrm: 0.63 | dt: 8288.27ms | tok/sec: 126,513 | bf16_mfu: 5.07 | epoch: 1 pq: 79 rg: 3 | total time: 465.76m | eta: 303.1m
step 03378/05568 (60.67%) | loss: 2.486309 | lrm: 0.62 | dt: 8301.21ms | tok/sec: 126,316 | bf16_mfu: 5.06 | epoch: 1 pq: 79 rg: 5 | total time: 465.90m | eta: 302.9m
step 03379/05568 (60.69%) | loss: 2.486190 | lrm: 0.62 | dt: 8296.62ms | tok/sec: 126,385 | bf16_mfu: 5.07 | epoch: 1 pq: 79 rg: 7 | total time: 466.04m | eta: 302.8m
step 03380/05568 (60.70%) | loss: 2.488755 | lrm: 0.62 | dt: 8289.24ms | tok/sec: 126,498 | bf16_mfu: 5.07 | epoch: 1 pq: 79 rg: 9 | total time: 466.18m | eta: 302.7m
step 03381/05568 (60.72%) | loss: 2.482783 | lrm: 0.62 | dt: 8293.33ms | tok/sec: 126,436 | bf16_mfu: 5.07 | epoch: 1 pq: 79 rg: 11 | total time: 466.32m | eta: 302.5m
step 03382/05568 (60.74%) | loss: 2.479281 | lrm: 0.62 | dt: 8299.62ms | tok/sec: 126,340 | bf16_mfu: 5.06 | epoch: 1 pq: 79 rg: 13 | total time: 466.45m | eta: 302.4m
step 03383/05568 (60.76%) | loss: 2.484353 | lrm: 0.62 | dt: 8303.15ms | tok/sec: 126,286 | bf16_mfu: 5.06 | epoch: 1 pq: 79 rg: 15 | total time: 466.59m | eta: 302.3m
step 03384/05568 (60.78%) | loss: 2.475287 | lrm: 0.62 | dt: 8304.54ms | tok/sec: 126,265 | bf16_mfu: 5.06 | epoch: 1 pq: 79 rg: 17 | total time: 466.73m | eta: 302.1m
step 03385/05568 (60.79%) | loss: 2.478636 | lrm: 0.62 | dt: 8301.62ms | tok/sec: 126,309 | bf16_mfu: 5.06 | epoch: 1 pq: 79 rg: 19 | total time: 466.87m | eta: 302.0m
step 03386/05568 (60.81%) | loss: 2.468185 | lrm: 0.62 | dt: 8286.76ms | tok/sec: 126,536 | bf16_mfu: 5.07 | epoch: 1 pq: 79 rg: 21 | total time: 467.01m | eta: 301.8m
step 03387/05568 (60.83%) | loss: 2.490620 | lrm: 0.62 | dt: 8289.87ms | tok/sec: 126,488 | bf16_mfu: 5.07 | epoch: 1 pq: 79 rg: 22 | total time: 467.15m | eta: 301.7m
step 03388/05568 (60.85%) | loss: 2.503759 | lrm: 0.62 | dt: 8306.50ms | tok/sec: 126,235 | bf16_mfu: 5.06 | epoch: 1 pq: 79 rg: 24 | total time: 467.28m | eta: 301.6m
step 03389/05568 (60.87%) | loss: 2.500843 | lrm: 0.62 | dt: 8284.63ms | tok/sec: 126,568 | bf16_mfu: 5.07 | epoch: 1 pq: 79 rg: 26 | total time: 467.42m | eta: 301.4m
step 03390/05568 (60.88%) | loss: 2.495222 | lrm: 0.62 | dt: 8298.64ms | tok/sec: 126,355 | bf16_mfu: 5.06 | epoch: 1 pq: 79 rg: 28 | total time: 467.56m | eta: 301.3m
step 03391/05568 (60.90%) | loss: 2.510657 | lrm: 0.62 | dt: 8296.97ms | tok/sec: 126,380 | bf16_mfu: 5.07 | epoch: 1 pq: 79 rg: 30 | total time: 467.70m | eta: 301.1m
step 03392/05568 (60.92%) | loss: 2.515554 | lrm: 0.62 | dt: 8290.94ms | tok/sec: 126,472 | bf16_mfu: 5.07 | epoch: 1 pq: 79 rg: 32 | total time: 467.84m | eta: 301.0m
step 03393/05568 (60.94%) | loss: 2.505991 | lrm: 0.62 | dt: 8285.82ms | tok/sec: 126,550 | bf16_mfu: 5.07 | epoch: 1 pq: 79 rg: 34 | total time: 467.97m | eta: 300.9m
step 03394/05568 (60.96%) | loss: 2.502394 | lrm: 0.62 | dt: 8285.18ms | tok/sec: 126,560 | bf16_mfu: 5.07 | epoch: 1 pq: 79 rg: 36 | total time: 468.11m | eta: 300.7m
step 03395/05568 (60.97%) | loss: 2.517439 | lrm: 0.62 | dt: 8293.67ms | tok/sec: 126,430 | bf16_mfu: 5.07 | epoch: 1 pq: 79 rg: 38 | total time: 468.25m | eta: 300.6m
step 03396/05568 (60.99%) | loss: 2.502926 | lrm: 0.62 | dt: 8315.52ms | tok/sec: 126,098 | bf16_mfu: 5.05 | epoch: 1 pq: 79 rg: 40 | total time: 468.39m | eta: 300.5m
step 03397/05568 (61.01%) | loss: 2.507109 | lrm: 0.62 | dt: 8288.91ms | tok/sec: 126,503 | bf16_mfu: 5.07 | epoch: 1 pq: 79 rg: 41 | total time: 468.53m | eta: 300.3m
step 03398/05568 (61.03%) | loss: 2.499261 | lrm: 0.62 | dt: 8292.95ms | tok/sec: 126,441 | bf16_mfu: 5.07 | epoch: 1 pq: 79 rg: 43 | total time: 468.67m | eta: 300.2m
step 03399/05568 (61.05%) | loss: 2.479162 | lrm: 0.62 | dt: 8296.56ms | tok/sec: 126,386 | bf16_mfu: 5.07 | epoch: 1 pq: 79 rg: 45 | total time: 468.80m | eta: 300.0m
step 03400/05568 (61.06%) | loss: 2.496819 | lrm: 0.62 | dt: 8289.20ms | tok/sec: 126,499 | bf16_mfu: 5.07 | epoch: 1 pq: 79 rg: 47 | total time: 468.94m | eta: 299.9m
step 03401/05568 (61.08%) | loss: 2.492560 | lrm: 0.62 | dt: 8296.38ms | tok/sec: 126,389 | bf16_mfu: 5.07 | epoch: 1 pq: 79 rg: 49 | total time: 469.08m | eta: 299.8m
step 03402/05568 (61.10%) | loss: 2.494354 | lrm: 0.62 | dt: 8284.66ms | tok/sec: 126,568 | bf16_mfu: 5.07 | epoch: 1 pq: 79 rg: 51 | total time: 469.22m | eta: 299.6m
step 03403/05568 (61.12%) | loss: 2.502819 | lrm: 0.62 | dt: 8294.00ms | tok/sec: 126,425 | bf16_mfu: 5.07 | epoch: 1 pq: 79 rg: 53 | total time: 469.36m | eta: 299.5m
step 03404/05568 (61.14%) | loss: 2.508689 | lrm: 0.62 | dt: 8293.13ms | tok/sec: 126,439 | bf16_mfu: 5.07 | epoch: 1 pq: 79 rg: 55 | total time: 469.49m | eta: 299.3m
step 03405/05568 (61.15%) | loss: 2.496556 | lrm: 0.62 | dt: 8296.37ms | tok/sec: 126,389 | bf16_mfu: 5.07 | epoch: 1 pq: 79 rg: 57 | total time: 469.63m | eta: 299.2m
step 03406/05568 (61.17%) | loss: 2.495158 | lrm: 0.62 | dt: 8293.66ms | tok/sec: 126,430 | bf16_mfu: 5.07 | epoch: 1 pq: 79 rg: 59 | total time: 469.77m | eta: 299.1m
step 03407/05568 (61.19%) | loss: 2.478043 | lrm: 0.62 | dt: 8287.09ms | tok/sec: 126,531 | bf16_mfu: 5.07 | epoch: 1 pq: 79 rg: 61 | total time: 469.91m | eta: 298.9m
step 03408/05568 (61.21%) | loss: 2.472490 | lrm: 0.62 | dt: 8290.44ms | tok/sec: 126,480 | bf16_mfu: 5.07 | epoch: 1 pq: 79 rg: 63 | total time: 470.05m | eta: 298.8m
step 03409/05568 (61.22%) | loss: 2.488435 | lrm: 0.62 | dt: 8290.82ms | tok/sec: 126,474 | bf16_mfu: 5.07 | epoch: 1 pq: 79 rg: 65 | total time: 470.19m | eta: 298.7m
step 03410/05568 (61.24%) | loss: 2.489709 | lrm: 0.62 | dt: 8291.23ms | tok/sec: 126,468 | bf16_mfu: 5.07 | epoch: 1 pq: 79 rg: 66 | total time: 470.32m | eta: 298.5m
step 03411/05568 (61.26%) | loss: 2.486071 | lrm: 0.62 | dt: 8289.55ms | tok/sec: 126,493 | bf16_mfu: 5.07 | epoch: 1 pq: 79 rg: 68 | total time: 470.46m | eta: 298.4m
step 03412/05568 (61.28%) | loss: 2.496333 | lrm: 0.62 | dt: 8284.81ms | tok/sec: 126,566 | bf16_mfu: 5.07 | epoch: 1 pq: 79 rg: 70 | total time: 470.60m | eta: 298.2m
step 03413/05568 (61.30%) | loss: 2.499610 | lrm: 0.62 | dt: 8299.43ms | tok/sec: 126,343 | bf16_mfu: 5.06 | epoch: 1 pq: 79 rg: 72 | total time: 470.74m | eta: 298.1m
step 03414/05568 (61.31%) | loss: 2.508020 | lrm: 0.62 | dt: 8291.73ms | tok/sec: 126,460 | bf16_mfu: 5.07 | epoch: 1 pq: 79 rg: 74 | total time: 470.88m | eta: 298.0m
step 03415/05568 (61.33%) | loss: 2.488198 | lrm: 0.62 | dt: 8293.72ms | tok/sec: 126,430 | bf16_mfu: 5.07 | epoch: 1 pq: 79 rg: 76 | total time: 471.02m | eta: 297.8m
step 03416/05568 (61.35%) | loss: 2.498753 | lrm: 0.61 | dt: 8287.45ms | tok/sec: 126,525 | bf16_mfu: 5.07 | epoch: 1 pq: 79 rg: 78 | total time: 471.15m | eta: 297.7m
step 03417/05568 (61.37%) | loss: 2.486488 | lrm: 0.61 | dt: 8292.81ms | tok/sec: 126,444 | bf16_mfu: 5.07 | epoch: 1 pq: 79 rg: 80 | total time: 471.29m | eta: 297.5m
step 03418/05568 (61.39%) | loss: 2.485180 | lrm: 0.61 | dt: 8292.48ms | tok/sec: 126,448 | bf16_mfu: 5.07 | epoch: 1 pq: 80 rg: 0 | total time: 471.43m | eta: 297.4m
step 03419/05568 (61.40%) | loss: 2.489962 | lrm: 0.61 | dt: 8293.13ms | tok/sec: 126,439 | bf16_mfu: 5.07 | epoch: 1 pq: 80 rg: 2 | total time: 471.57m | eta: 297.3m
step 03420/05568 (61.42%) | loss: 2.484147 | lrm: 0.61 | dt: 8291.02ms | tok/sec: 126,471 | bf16_mfu: 5.07 | epoch: 1 pq: 80 rg: 4 | total time: 471.71m | eta: 297.1m
step 03421/05568 (61.44%) | loss: 2.481941 | lrm: 0.61 | dt: 8286.14ms | tok/sec: 126,545 | bf16_mfu: 5.07 | epoch: 1 pq: 80 rg: 6 | total time: 471.84m | eta: 297.0m
step 03422/05568 (61.46%) | loss: 2.497290 | lrm: 0.61 | dt: 8298.09ms | tok/sec: 126,363 | bf16_mfu: 5.06 | epoch: 1 pq: 80 rg: 8 | total time: 471.98m | eta: 296.9m
step 03423/05568 (61.48%) | loss: 2.487373 | lrm: 0.61 | dt: 8299.92ms | tok/sec: 126,335 | bf16_mfu: 5.06 | epoch: 1 pq: 80 rg: 10 | total time: 472.12m | eta: 296.7m
step 03424/05568 (61.49%) | loss: 2.479582 | lrm: 0.61 | dt: 8282.26ms | tok/sec: 126,605 | bf16_mfu: 5.07 | epoch: 1 pq: 80 rg: 11 | total time: 472.26m | eta: 296.6m
step 03425/05568 (61.51%) | loss: 2.478265 | lrm: 0.61 | dt: 8284.84ms | tok/sec: 126,565 | bf16_mfu: 5.07 | epoch: 1 pq: 80 rg: 13 | total time: 472.40m | eta: 296.4m
step 03426/05568 (61.53%) | loss: 2.490835 | lrm: 0.61 | dt: 8291.18ms | tok/sec: 126,468 | bf16_mfu: 5.07 | epoch: 1 pq: 80 rg: 15 | total time: 472.54m | eta: 296.3m
step 03427/05568 (61.55%) | loss: 2.485387 | lrm: 0.61 | dt: 8285.93ms | tok/sec: 126,548 | bf16_mfu: 5.07 | epoch: 1 pq: 80 rg: 17 | total time: 472.67m | eta: 296.2m
step 03428/05568 (61.57%) | loss: 2.484794 | lrm: 0.61 | dt: 8285.54ms | tok/sec: 126,554 | bf16_mfu: 5.07 | epoch: 1 pq: 80 rg: 19 | total time: 472.81m | eta: 296.0m
step 03429/05568 (61.58%) | loss: 2.485413 | lrm: 0.61 | dt: 8277.52ms | tok/sec: 126,677 | bf16_mfu: 5.08 | epoch: 1 pq: 80 rg: 21 | total time: 472.95m | eta: 295.9m
step 03430/05568 (61.60%) | loss: 2.494546 | lrm: 0.61 | dt: 8296.80ms | tok/sec: 126,383 | bf16_mfu: 5.07 | epoch: 1 pq: 80 rg: 23 | total time: 473.09m | eta: 295.7m
step 03431/05568 (61.62%) | loss: 2.487980 | lrm: 0.61 | dt: 8287.10ms | tok/sec: 126,531 | bf16_mfu: 5.07 | epoch: 1 pq: 80 rg: 25 | total time: 473.23m | eta: 295.6m
step 03432/05568 (61.64%) | loss: 2.505217 | lrm: 0.61 | dt: 8293.63ms | tok/sec: 126,431 | bf16_mfu: 5.07 | epoch: 1 pq: 80 rg: 27 | total time: 473.36m | eta: 295.5m
step 03433/05568 (61.66%) | loss: 2.512774 | lrm: 0.61 | dt: 8289.23ms | tok/sec: 126,498 | bf16_mfu: 5.07 | epoch: 1 pq: 80 rg: 29 | total time: 473.50m | eta: 295.3m
step 03434/05568 (61.67%) | loss: 2.528577 | lrm: 0.61 | dt: 8290.62ms | tok/sec: 126,477 | bf16_mfu: 5.07 | epoch: 1 pq: 80 rg: 31 | total time: 473.64m | eta: 295.2m
step 03435/05568 (61.69%) | loss: 2.529327 | lrm: 0.61 | dt: 8284.39ms | tok/sec: 126,572 | bf16_mfu: 5.07 | epoch: 1 pq: 80 rg: 33 | total time: 473.78m | eta: 295.1m
step 03436/05568 (61.71%) | loss: 2.524804 | lrm: 0.61 | dt: 8298.69ms | tok/sec: 126,354 | bf16_mfu: 5.06 | epoch: 1 pq: 80 rg: 35 | total time: 473.92m | eta: 294.9m
step 03437/05568 (61.73%) | loss: 2.493778 | lrm: 0.61 | dt: 8278.45ms | tok/sec: 126,663 | bf16_mfu: 5.08 | epoch: 1 pq: 80 rg: 37 | total time: 474.05m | eta: 294.8m
step 03438/05568 (61.75%) | loss: 2.488227 | lrm: 0.61 | dt: 8292.21ms | tok/sec: 126,453 | bf16_mfu: 5.07 | epoch: 1 pq: 80 rg: 39 | total time: 474.19m | eta: 294.6m
step 03439/05568 (61.76%) | loss: 2.493759 | lrm: 0.61 | dt: 8287.46ms | tok/sec: 126,525 | bf16_mfu: 5.07 | epoch: 1 pq: 80 rg: 41 | total time: 474.33m | eta: 294.5m
step 03440/05568 (61.78%) | loss: 2.505284 | lrm: 0.61 | dt: 8297.12ms | tok/sec: 126,378 | bf16_mfu: 5.07 | epoch: 1 pq: 80 rg: 42 | total time: 474.47m | eta: 294.4m
step 03441/05568 (61.80%) | loss: 2.493770 | lrm: 0.61 | dt: 8284.45ms | tok/sec: 126,571 | bf16_mfu: 5.07 | epoch: 1 pq: 80 rg: 44 | total time: 474.61m | eta: 294.2m
step 03442/05568 (61.82%) | loss: 2.497209 | lrm: 0.61 | dt: 8298.44ms | tok/sec: 126,358 | bf16_mfu: 5.06 | epoch: 1 pq: 80 rg: 46 | total time: 474.75m | eta: 294.1m
step 03443/05568 (61.84%) | loss: 2.488026 | lrm: 0.61 | dt: 8293.46ms | tok/sec: 126,434 | bf16_mfu: 5.07 | epoch: 1 pq: 80 rg: 48 | total time: 474.88m | eta: 293.9m
step 03444/05568 (61.85%) | loss: 2.495806 | lrm: 0.61 | dt: 8288.92ms | tok/sec: 126,503 | bf16_mfu: 5.07 | epoch: 1 pq: 80 rg: 50 | total time: 475.02m | eta: 293.8m
step 03445/05568 (61.87%) | loss: 2.474952 | lrm: 0.61 | dt: 8290.93ms | tok/sec: 126,472 | bf16_mfu: 5.07 | epoch: 1 pq: 80 rg: 52 | total time: 475.16m | eta: 293.7m
step 03446/05568 (61.89%) | loss: 2.475182 | lrm: 0.61 | dt: 8294.30ms | tok/sec: 126,421 | bf16_mfu: 5.07 | epoch: 1 pq: 80 rg: 54 | total time: 475.30m | eta: 293.5m
step 03447/05568 (61.91%) | loss: 2.469409 | lrm: 0.61 | dt: 8303.65ms | tok/sec: 126,278 | bf16_mfu: 5.06 | epoch: 1 pq: 80 rg: 56 | total time: 475.44m | eta: 293.4m
step 03448/05568 (61.93%) | loss: 2.462489 | lrm: 0.61 | dt: 8286.41ms | tok/sec: 126,541 | bf16_mfu: 5.07 | epoch: 1 pq: 80 rg: 58 | total time: 475.57m | eta: 293.3m
step 03449/05568 (61.94%) | loss: 2.473656 | lrm: 0.61 | dt: 8288.33ms | tok/sec: 126,512 | bf16_mfu: 5.07 | epoch: 1 pq: 80 rg: 60 | total time: 475.71m | eta: 293.1m
step 03450/05568 (61.96%) | loss: 2.458527 | lrm: 0.61 | dt: 8287.13ms | tok/sec: 126,530 | bf16_mfu: 5.07 | epoch: 1 pq: 80 rg: 62 | total time: 475.85m | eta: 293.0m
step 03451/05568 (61.98%) | loss: 2.448121 | lrm: 0.61 | dt: 8287.43ms | tok/sec: 126,526 | bf16_mfu: 5.07 | epoch: 1 pq: 80 rg: 64 | total time: 475.99m | eta: 292.8m
step 03452/05568 (62.00%) | loss: 2.446240 | lrm: 0.61 | dt: 8297.12ms | tok/sec: 126,378 | bf16_mfu: 5.07 | epoch: 1 pq: 80 rg: 66 | total time: 476.13m | eta: 292.7m
step 03453/05568 (62.02%) | loss: 2.453954 | lrm: 0.61 | dt: 8290.17ms | tok/sec: 126,484 | bf16_mfu: 5.07 | epoch: 1 pq: 80 rg: 68 | total time: 476.27m | eta: 292.6m
step 03454/05568 (62.03%) | loss: 2.454832 | lrm: 0.60 | dt: 8285.55ms | tok/sec: 126,554 | bf16_mfu: 5.07 | epoch: 1 pq: 80 rg: 70 | total time: 476.40m | eta: 292.4m
step 03455/05568 (62.05%) | loss: 2.440648 | lrm: 0.60 | dt: 8284.18ms | tok/sec: 126,575 | bf16_mfu: 5.07 | epoch: 1 pq: 80 rg: 72 | total time: 476.54m | eta: 292.3m
step 03456/05568 (62.07%) | loss: 2.462404 | lrm: 0.60 | dt: 8288.62ms | tok/sec: 126,507 | bf16_mfu: 5.07 | epoch: 1 pq: 80 rg: 73 | total time: 476.68m | eta: 292.1m
step 03457/05568 (62.09%) | loss: 2.466718 | lrm: 0.60 | dt: 8292.11ms | tok/sec: 126,454 | bf16_mfu: 5.07 | epoch: 1 pq: 80 rg: 75 | total time: 476.82m | eta: 292.0m
step 03458/05568 (62.10%) | loss: 2.459743 | lrm: 0.60 | dt: 8297.53ms | tok/sec: 126,372 | bf16_mfu: 5.06 | epoch: 1 pq: 80 rg: 77 | total time: 476.96m | eta: 291.9m
step 03459/05568 (62.12%) | loss: 2.470499 | lrm: 0.60 | dt: 8293.75ms | tok/sec: 126,429 | bf16_mfu: 5.07 | epoch: 1 pq: 80 rg: 79 | total time: 477.09m | eta: 291.7m
step 03460/05568 (62.14%) | loss: 2.463734 | lrm: 0.60 | dt: 8290.74ms | tok/sec: 126,475 | bf16_mfu: 5.07 | epoch: 1 pq: 80 rg: 81 | total time: 477.23m | eta: 291.6m
step 03461/05568 (62.16%) | loss: 2.465546 | lrm: 0.60 | dt: 8298.80ms | tok/sec: 126,352 | bf16_mfu: 5.06 | epoch: 1 pq: 81 rg: 0 | total time: 477.37m | eta: 291.5m
step 03462/05568 (62.18%) | loss: 2.475729 | lrm: 0.60 | dt: 8296.77ms | tok/sec: 126,383 | bf16_mfu: 5.07 | epoch: 1 pq: 81 rg: 2 | total time: 477.51m | eta: 291.3m
step 03463/05568 (62.19%) | loss: 2.473127 | lrm: 0.60 | dt: 8293.21ms | tok/sec: 126,437 | bf16_mfu: 5.07 | epoch: 1 pq: 81 rg: 4 | total time: 477.65m | eta: 291.2m
step 03464/05568 (62.21%) | loss: 2.476456 | lrm: 0.60 | dt: 8292.75ms | tok/sec: 126,444 | bf16_mfu: 5.07 | epoch: 1 pq: 81 rg: 6 | total time: 477.79m | eta: 291.0m
step 03465/05568 (62.23%) | loss: 2.482991 | lrm: 0.60 | dt: 8288.03ms | tok/sec: 126,516 | bf16_mfu: 5.07 | epoch: 1 pq: 81 rg: 8 | total time: 477.92m | eta: 290.9m
step 03466/05568 (62.25%) | loss: 2.475028 | lrm: 0.60 | dt: 8300.68ms | tok/sec: 126,324 | bf16_mfu: 5.06 | epoch: 1 pq: 81 rg: 10 | total time: 478.06m | eta: 290.8m
step 03467/05568 (62.27%) | loss: 2.474538 | lrm: 0.60 | dt: 8298.54ms | tok/sec: 126,356 | bf16_mfu: 5.06 | epoch: 1 pq: 81 rg: 12 | total time: 478.20m | eta: 290.6m
step 03468/05568 (62.28%) | loss: 2.484759 | lrm: 0.60 | dt: 8290.07ms | tok/sec: 126,485 | bf16_mfu: 5.07 | epoch: 1 pq: 81 rg: 14 | total time: 478.34m | eta: 290.5m
step 03469/05568 (62.30%) | loss: 2.500818 | lrm: 0.60 | dt: 8298.07ms | tok/sec: 126,363 | bf16_mfu: 5.06 | epoch: 1 pq: 81 rg: 15 | total time: 478.48m | eta: 290.4m
step 03470/05568 (62.32%) | loss: 2.487476 | lrm: 0.60 | dt: 8290.91ms | tok/sec: 126,473 | bf16_mfu: 5.07 | epoch: 1 pq: 81 rg: 17 | total time: 478.62m | eta: 290.2m
step 03471/05568 (62.34%) | loss: 2.482522 | lrm: 0.60 | dt: 8282.02ms | tok/sec: 126,608 | bf16_mfu: 5.07 | epoch: 1 pq: 81 rg: 19 | total time: 478.75m | eta: 290.1m
step 03472/05568 (62.36%) | loss: 2.482437 | lrm: 0.60 | dt: 8285.14ms | tok/sec: 126,561 | bf16_mfu: 5.07 | epoch: 1 pq: 81 rg: 21 | total time: 478.89m | eta: 289.9m
step 03473/05568 (62.37%) | loss: 2.483372 | lrm: 0.60 | dt: 8295.88ms | tok/sec: 126,397 | bf16_mfu: 5.07 | epoch: 1 pq: 81 rg: 23 | total time: 479.03m | eta: 289.8m
step 03474/05568 (62.39%) | loss: 2.473919 | lrm: 0.60 | dt: 8295.33ms | tok/sec: 126,405 | bf16_mfu: 5.07 | epoch: 1 pq: 81 rg: 25 | total time: 479.17m | eta: 289.7m
step 03475/05568 (62.41%) | loss: 2.486964 | lrm: 0.60 | dt: 8301.89ms | tok/sec: 126,305 | bf16_mfu: 5.06 | epoch: 1 pq: 81 rg: 27 | total time: 479.31m | eta: 289.5m
step 03476/05568 (62.43%) | loss: 2.500841 | lrm: 0.60 | dt: 8293.08ms | tok/sec: 126,439 | bf16_mfu: 5.07 | epoch: 1 pq: 81 rg: 29 | total time: 479.44m | eta: 289.4m
step 03477/05568 (62.45%) | loss: 2.499133 | lrm: 0.60 | dt: 8290.27ms | tok/sec: 126,482 | bf16_mfu: 5.07 | epoch: 1 pq: 81 rg: 31 | total time: 479.58m | eta: 289.2m
step 03478/05568 (62.46%) | loss: 2.487028 | lrm: 0.60 | dt: 8291.43ms | tok/sec: 126,464 | bf16_mfu: 5.07 | epoch: 1 pq: 81 rg: 33 | total time: 479.72m | eta: 289.1m
step 03479/05568 (62.48%) | loss: 2.493821 | lrm: 0.60 | dt: 8293.07ms | tok/sec: 126,440 | bf16_mfu: 5.07 | epoch: 1 pq: 81 rg: 35 | total time: 479.86m | eta: 289.0m
step 03480/05568 (62.50%) | loss: 2.480391 | lrm: 0.60 | dt: 8292.53ms | tok/sec: 126,448 | bf16_mfu: 5.07 | epoch: 1 pq: 81 rg: 37 | total time: 480.00m | eta: 288.8m
step 03481/05568 (62.52%) | loss: 2.499427 | lrm: 0.60 | dt: 8295.16ms | tok/sec: 126,408 | bf16_mfu: 5.07 | epoch: 1 pq: 81 rg: 39 | total time: 480.14m | eta: 288.7m
step 03482/05568 (62.54%) | loss: 2.488781 | lrm: 0.60 | dt: 8295.30ms | tok/sec: 126,406 | bf16_mfu: 5.07 | epoch: 1 pq: 81 rg: 41 | total time: 480.27m | eta: 288.6m
step 03483/05568 (62.55%) | loss: 2.485820 | lrm: 0.60 | dt: 8289.68ms | tok/sec: 126,491 | bf16_mfu: 5.07 | epoch: 1 pq: 81 rg: 43 | total time: 480.41m | eta: 288.4m
step 03484/05568 (62.57%) | loss: 2.515121 | lrm: 0.60 | dt: 8292.71ms | tok/sec: 126,445 | bf16_mfu: 5.07 | epoch: 1 pq: 81 rg: 44 | total time: 480.55m | eta: 288.3m
step 03485/05568 (62.59%) | loss: 2.518895 | lrm: 0.60 | dt: 8300.22ms | tok/sec: 126,331 | bf16_mfu: 5.06 | epoch: 1 pq: 81 rg: 46 | total time: 480.69m | eta: 288.1m
step 03486/05568 (62.61%) | loss: 2.504352 | lrm: 0.60 | dt: 8292.26ms | tok/sec: 126,452 | bf16_mfu: 5.07 | epoch: 1 pq: 81 rg: 48 | total time: 480.83m | eta: 288.0m
step 03487/05568 (62.63%) | loss: 2.511216 | lrm: 0.60 | dt: 8284.68ms | tok/sec: 126,568 | bf16_mfu: 5.07 | epoch: 1 pq: 81 rg: 50 | total time: 480.96m | eta: 287.9m
step 03488/05568 (62.64%) | loss: 2.503811 | lrm: 0.60 | dt: 8291.25ms | tok/sec: 126,467 | bf16_mfu: 5.07 | epoch: 1 pq: 81 rg: 52 | total time: 481.10m | eta: 287.7m
step 03489/05568 (62.66%) | loss: 2.491778 | lrm: 0.60 | dt: 8289.30ms | tok/sec: 126,497 | bf16_mfu: 5.07 | epoch: 1 pq: 81 rg: 54 | total time: 481.24m | eta: 287.6m
step 03490/05568 (62.68%) | loss: 2.488724 | lrm: 0.60 | dt: 8293.62ms | tok/sec: 126,431 | bf16_mfu: 5.07 | epoch: 1 pq: 81 rg: 56 | total time: 481.38m | eta: 287.4m
step 03491/05568 (62.70%) | loss: 2.482728 | lrm: 0.60 | dt: 8297.63ms | tok/sec: 126,370 | bf16_mfu: 5.06 | epoch: 1 pq: 81 rg: 58 | total time: 481.52m | eta: 287.3m
step 03492/05568 (62.72%) | loss: 2.480807 | lrm: 0.59 | dt: 8298.05ms | tok/sec: 126,364 | bf16_mfu: 5.06 | epoch: 1 pq: 81 rg: 60 | total time: 481.66m | eta: 287.2m
step 03493/05568 (62.73%) | loss: 2.476292 | lrm: 0.59 | dt: 8288.48ms | tok/sec: 126,510 | bf16_mfu: 5.07 | epoch: 1 pq: 81 rg: 62 | total time: 481.79m | eta: 287.0m
step 03494/05568 (62.75%) | loss: 2.481018 | lrm: 0.59 | dt: 8296.71ms | tok/sec: 126,384 | bf16_mfu: 5.07 | epoch: 1 pq: 81 rg: 64 | total time: 481.93m | eta: 286.9m
step 03495/05568 (62.77%) | loss: 2.476964 | lrm: 0.59 | dt: 8296.69ms | tok/sec: 126,384 | bf16_mfu: 5.07 | epoch: 1 pq: 81 rg: 66 | total time: 482.07m | eta: 286.8m
step 03496/05568 (62.79%) | loss: 2.467683 | lrm: 0.59 | dt: 8299.83ms | tok/sec: 126,336 | bf16_mfu: 5.06 | epoch: 1 pq: 81 rg: 68 | total time: 482.21m | eta: 286.6m
step 03497/05568 (62.81%) | loss: 2.463745 | lrm: 0.59 | dt: 8293.56ms | tok/sec: 126,432 | bf16_mfu: 5.07 | epoch: 1 pq: 81 rg: 70 | total time: 482.35m | eta: 286.5m
step 03498/05568 (62.82%) | loss: 2.477802 | lrm: 0.59 | dt: 8294.56ms | tok/sec: 126,417 | bf16_mfu: 5.07 | epoch: 1 pq: 81 rg: 72 | total time: 482.49m | eta: 286.3m
step 03499/05568 (62.84%) | loss: 2.494335 | lrm: 0.59 | dt: 8278.47ms | tok/sec: 126,663 | bf16_mfu: 5.08 | epoch: 1 pq: 81 rg: 74 | total time: 482.62m | eta: 286.2m
Step 03500 | Validation bpb: 0.759054
Evaluating: hellaswag_zeroshot (0-shot, type: multiple_choice)... accuracy: 0.5060 | centered: 0.3413 | time: 11.18s
Evaluating: jeopardy (10-shot, type: language_modeling)... accuracy: 0.0740 | centered: 0.0740 | time: 11.34s
Evaluating: bigbench_qa_wikidata (10-shot, type: language_modeling)... accuracy: 0.4380 | centered: 0.4380 | time: 11.10s
Evaluating: arc_easy (10-shot, type: multiple_choice)... accuracy: 0.6640 | centered: 0.5520 | time: 12.24s
Evaluating: arc_challenge (10-shot, type: multiple_choice)... accuracy: 0.3680 | centered: 0.1573 | time: 12.49s
Evaluating: copa (0-shot, type: multiple_choice)... accuracy: 0.6200 | centered: 0.2400 | time: 2.23s
Evaluating: commonsense_qa (10-shot, type: multiple_choice)... accuracy: 0.4240 | centered: 0.2800 | time: 12.39s
Evaluating: piqa (10-shot, type: multiple_choice)... accuracy: 0.7480 | centered: 0.4960 | time: 11.61s
Evaluating: openbook_qa (0-shot, type: multiple_choice)... accuracy: 0.3800 | centered: 0.1733 | time: 10.92s
Evaluating: lambada_openai (0-shot, type: language_modeling)... accuracy: 0.4140 | centered: 0.4140 | time: 11.04s
Evaluating: hellaswag (10-shot, type: multiple_choice)... accuracy: 0.5180 | centered: 0.3573 | time: 13.95s
Evaluating: winograd (0-shot, type: schema)... accuracy: 0.6813 | centered: 0.3626 | time: 5.75s
Evaluating: winogrande (0-shot, type: schema)... accuracy: 0.5280 | centered: 0.0560 | time: 10.67s
Evaluating: bigbench_dyck_languages (10-shot, type: language_modeling)... accuracy: 0.1400 | centered: 0.1400 | time: 10.45s
Evaluating: agi_eval_lsat_ar (3-shot, type: multiple_choice)... accuracy: 0.2652 | centered: 0.0815 | time: 6.03s
Evaluating: bigbench_cs_algorithms (10-shot, type: language_modeling)... accuracy: 0.4520 | centered: 0.4520 | time: 10.33s
Evaluating: bigbench_operators (10-shot, type: language_modeling)... accuracy: 0.1381 | centered: 0.1381 | time: 4.27s
Evaluating: bigbench_repeat_copy_logic (10-shot, type: language_modeling)... accuracy: 0.0000 | centered: 0.0000 | time: 0.66s
Evaluating: squad (10-shot, type: language_modeling)... accuracy: 0.4120 | centered: 0.4120 | time: 12.21s
Evaluating: coqa (0-shot, type: language_modeling)... accuracy: 0.2680 | centered: 0.2680 | time: 10.48s
Evaluating: boolq (10-shot, type: multiple_choice)... accuracy: 0.5380 | centered: -0.2158 | time: 13.31s
Evaluating: bigbench_language_identification (10-shot, type: multiple_choice)... accuracy: 0.2580 | centered: 0.1837 | time: 21.36s
Step 03500 | CORE metric: 0.2455
2026-10-08 04:20:57,235 - nanochat.checkpoint_manager - [32m[1mINFO[0m - Saved model parameters to: /home/astarostin/.cache/nanochat/base_checkpoints/d24_1xh100/model_003500.pt
2026-10-08 04:20:57,236 - nanochat.checkpoint_manager - [32m[1mINFO[0m - Saved metadata to: /home/astarostin/.cache/nanochat/base_checkpoints/d24_1xh100/meta_003500.json
2026-10-08 04:21:05,012 - nanochat.checkpoint_manager - [32m[1mINFO[0m - Saved optimizer state to: /home/astarostin/.cache/nanochat/base_checkpoints/d24_1xh100/optim_003500_rank0.pt
step 03500/05568 (62.86%) | loss: 2.496707 | lrm: 0.59 | dt: 8233.95ms | tok/sec: 127,347 | bf16_mfu: 5.10 | epoch: 1 pq: 81 rg: 76 | total time: 482.76m | eta: 286.1m
step 03501/05568 (62.88%) | loss: 2.517215 | lrm: 0.59 | dt: 8244.88ms | tok/sec: 127,179 | bf16_mfu: 5.10 | epoch: 1 pq: 81 rg: 77 | total time: 482.90m | eta: 285.9m
step 03502/05568 (62.90%) | loss: 2.535568 | lrm: 0.59 | dt: 8270.59ms | tok/sec: 126,783 | bf16_mfu: 5.08 | epoch: 1 pq: 81 rg: 79 | total time: 483.04m | eta: 285.8m
step 03503/05568 (62.91%) | loss: 2.520236 | lrm: 0.59 | dt: 8271.53ms | tok/sec: 126,769 | bf16_mfu: 5.08 | epoch: 1 pq: 81 rg: 81 | total time: 483.17m | eta: 285.6m
step 03504/05568 (62.93%) | loss: 2.513254 | lrm: 0.59 | dt: 8276.68ms | tok/sec: 126,690 | bf16_mfu: 5.08 | epoch: 1 pq: 82 rg: 0 | total time: 483.31m | eta: 285.5m
step 03505/05568 (62.95%) | loss: 2.497318 | lrm: 0.59 | dt: 8279.46ms | tok/sec: 126,647 | bf16_mfu: 5.08 | epoch: 1 pq: 82 rg: 2 | total time: 483.45m | eta: 285.4m
step 03506/05568 (62.97%) | loss: 2.500265 | lrm: 0.59 | dt: 8292.00ms | tok/sec: 126,456 | bf16_mfu: 5.07 | epoch: 1 pq: 82 rg: 4 | total time: 483.59m | eta: 285.2m
step 03507/05568 (62.98%) | loss: 2.508605 | lrm: 0.59 | dt: 8286.21ms | tok/sec: 126,544 | bf16_mfu: 5.07 | epoch: 1 pq: 82 rg: 6 | total time: 483.73m | eta: 285.1m
step 03508/05568 (63.00%) | loss: 2.528759 | lrm: 0.59 | dt: 8291.66ms | tok/sec: 126,461 | bf16_mfu: 5.07 | epoch: 1 pq: 82 rg: 8 | total time: 483.86m | eta: 285.0m
step 03509/05568 (63.02%) | loss: 2.531538 | lrm: 0.59 | dt: 8290.73ms | tok/sec: 126,475 | bf16_mfu: 5.07 | epoch: 1 pq: 82 rg: 10 | total time: 484.00m | eta: 284.8m
step 03510/05568 (63.04%) | loss: 2.530786 | lrm: 0.59 | dt: 8282.73ms | tok/sec: 126,597 | bf16_mfu: 5.07 | epoch: 1 pq: 82 rg: 12 | total time: 484.14m | eta: 284.7m
step 03511/05568 (63.06%) | loss: 2.517004 | lrm: 0.59 | dt: 8297.50ms | tok/sec: 126,372 | bf16_mfu: 5.06 | epoch: 1 pq: 82 rg: 14 | total time: 484.28m | eta: 284.5m
step 03512/05568 (63.07%) | loss: 2.508003 | lrm: 0.59 | dt: 8355.18ms | tok/sec: 125,500 | bf16_mfu: 5.03 | epoch: 1 pq: 82 rg: 16 | total time: 484.42m | eta: 284.4m
step 03513/05568 (63.09%) | loss: 2.513077 | lrm: 0.59 | dt: 8286.17ms | tok/sec: 126,545 | bf16_mfu: 5.07 | epoch: 1 pq: 82 rg: 18 | total time: 484.56m | eta: 284.3m
step 03514/05568 (63.11%) | loss: 2.523586 | lrm: 0.59 | dt: 8297.08ms | tok/sec: 126,378 | bf16_mfu: 5.07 | epoch: 1 pq: 82 rg: 20 | total time: 484.69m | eta: 284.1m
step 03515/05568 (63.13%) | loss: 2.541818 | lrm: 0.59 | dt: 8288.18ms | tok/sec: 126,514 | bf16_mfu: 5.07 | epoch: 1 pq: 82 rg: 22 | total time: 484.83m | eta: 284.0m
step 03516/05568 (63.15%) | loss: 2.539736 | lrm: 0.59 | dt: 8295.31ms | tok/sec: 126,405 | bf16_mfu: 5.07 | epoch: 1 pq: 82 rg: 24 | total time: 484.97m | eta: 283.8m
step 03517/05568 (63.16%) | loss: 2.520060 | lrm: 0.59 | dt: 8291.37ms | tok/sec: 126,466 | bf16_mfu: 5.07 | epoch: 1 pq: 82 rg: 25 | total time: 485.11m | eta: 283.7m
step 03518/05568 (63.18%) | loss: 2.523512 | lrm: 0.59 | dt: 8285.66ms | tok/sec: 126,553 | bf16_mfu: 5.07 | epoch: 1 pq: 82 rg: 27 | total time: 485.25m | eta: 283.6m
step 03519/05568 (63.20%) | loss: 2.510010 | lrm: 0.59 | dt: 8295.30ms | tok/sec: 126,406 | bf16_mfu: 5.07 | epoch: 1 pq: 82 rg: 29 | total time: 485.39m | eta: 283.4m
step 03520/05568 (63.22%) | loss: 2.495536 | lrm: 0.59 | dt: 8281.61ms | tok/sec: 126,615 | bf16_mfu: 5.07 | epoch: 1 pq: 82 rg: 31 | total time: 485.52m | eta: 283.3m
step 03521/05568 (63.24%) | loss: 2.499382 | lrm: 0.59 | dt: 8294.12ms | tok/sec: 126,424 | bf16_mfu: 5.07 | epoch: 1 pq: 82 rg: 33 | total time: 485.66m | eta: 283.2m
step 03522/05568 (63.25%) | loss: 2.487166 | lrm: 0.59 | dt: 8300.47ms | tok/sec: 126,327 | bf16_mfu: 5.06 | epoch: 1 pq: 82 rg: 35 | total time: 485.80m | eta: 283.0m
step 03523/05568 (63.27%) | loss: 2.499422 | lrm: 0.59 | dt: 8281.91ms | tok/sec: 126,610 | bf16_mfu: 5.07 | epoch: 1 pq: 82 rg: 37 | total time: 485.94m | eta: 282.9m
step 03524/05568 (63.29%) | loss: 2.488803 | lrm: 0.59 | dt: 8290.75ms | tok/sec: 126,475 | bf16_mfu: 5.07 | epoch: 1 pq: 82 rg: 39 | total time: 486.08m | eta: 282.7m
step 03525/05568 (63.31%) | loss: 2.499099 | lrm: 0.59 | dt: 8296.06ms | tok/sec: 126,394 | bf16_mfu: 5.07 | epoch: 1 pq: 82 rg: 41 | total time: 486.21m | eta: 282.6m
step 03526/05568 (63.33%) | loss: 2.492931 | lrm: 0.59 | dt: 8295.37ms | tok/sec: 126,404 | bf16_mfu: 5.07 | epoch: 1 pq: 82 rg: 43 | total time: 486.35m | eta: 282.5m
step 03527/05568 (63.34%) | loss: 2.515957 | lrm: 0.59 | dt: 8288.05ms | tok/sec: 126,516 | bf16_mfu: 5.07 | epoch: 1 pq: 82 rg: 45 | total time: 486.49m | eta: 282.3m
step 03528/05568 (63.36%) | loss: 2.508501 | lrm: 0.59 | dt: 8284.97ms | tok/sec: 126,563 | bf16_mfu: 5.07 | epoch: 1 pq: 82 rg: 47 | total time: 486.63m | eta: 282.2m
step 03529/05568 (63.38%) | loss: 2.532940 | lrm: 0.59 | dt: 8316.72ms | tok/sec: 126,080 | bf16_mfu: 5.05 | epoch: 1 pq: 82 rg: 49 | total time: 486.77m | eta: 282.0m
step 03530/05568 (63.40%) | loss: 2.515689 | lrm: 0.58 | dt: 8294.50ms | tok/sec: 126,418 | bf16_mfu: 5.07 | epoch: 1 pq: 82 rg: 51 | total time: 486.91m | eta: 281.9m
step 03531/05568 (63.42%) | loss: 2.526484 | lrm: 0.58 | dt: 8303.33ms | tok/sec: 126,283 | bf16_mfu: 5.06 | epoch: 1 pq: 82 rg: 53 | total time: 487.04m | eta: 281.8m
step 03532/05568 (63.43%) | loss: 2.515247 | lrm: 0.58 | dt: 8299.79ms | tok/sec: 126,337 | bf16_mfu: 5.06 | epoch: 1 pq: 82 rg: 55 | total time: 487.18m | eta: 281.6m
step 03533/05568 (63.45%) | loss: 2.511196 | lrm: 0.58 | dt: 8291.75ms | tok/sec: 126,460 | bf16_mfu: 5.07 | epoch: 1 pq: 82 rg: 56 | total time: 487.32m | eta: 281.5m
step 03534/05568 (63.47%) | loss: 2.527562 | lrm: 0.58 | dt: 8271.17ms | tok/sec: 126,774 | bf16_mfu: 5.08 | epoch: 1 pq: 82 rg: 58 | total time: 487.46m | eta: 281.4m
step 03535/05568 (63.49%) | loss: 2.535738 | lrm: 0.58 | dt: 8244.03ms | tok/sec: 127,192 | bf16_mfu: 5.10 | epoch: 1 pq: 82 rg: 60 | total time: 487.60m | eta: 281.2m
step 03536/05568 (63.51%) | loss: 2.552882 | lrm: 0.58 | dt: 8251.38ms | tok/sec: 127,078 | bf16_mfu: 5.09 | epoch: 1 pq: 82 rg: 62 | total time: 487.73m | eta: 281.1m
step 03537/05568 (63.52%) | loss: 2.539727 | lrm: 0.58 | dt: 8237.94ms | tok/sec: 127,286 | bf16_mfu: 5.10 | epoch: 1 pq: 82 rg: 64 | total time: 487.87m | eta: 280.9m
step 03538/05568 (63.54%) | loss: 2.536955 | lrm: 0.58 | dt: 8241.17ms | tok/sec: 127,236 | bf16_mfu: 5.10 | epoch: 1 pq: 82 rg: 66 | total time: 488.01m | eta: 280.8m
step 03539/05568 (63.56%) | loss: 2.529103 | lrm: 0.58 | dt: 8239.39ms | tok/sec: 127,263 | bf16_mfu: 5.10 | epoch: 1 pq: 82 rg: 68 | total time: 488.15m | eta: 280.7m
step 03540/05568 (63.58%) | loss: 2.523844 | lrm: 0.58 | dt: 8248.13ms | tok/sec: 127,128 | bf16_mfu: 5.10 | epoch: 1 pq: 82 rg: 70 | total time: 488.28m | eta: 280.5m
step 03541/05568 (63.60%) | loss: 2.522762 | lrm: 0.58 | dt: 8248.57ms | tok/sec: 127,122 | bf16_mfu: 5.09 | epoch: 1 pq: 82 rg: 72 | total time: 488.42m | eta: 280.4m
step 03542/05568 (63.61%) | loss: 2.519026 | lrm: 0.58 | dt: 8233.43ms | tok/sec: 127,355 | bf16_mfu: 5.10 | epoch: 1 pq: 82 rg: 74 | total time: 488.56m | eta: 280.2m
step 03543/05568 (63.63%) | loss: 2.514587 | lrm: 0.58 | dt: 8247.19ms | tok/sec: 127,143 | bf16_mfu: 5.10 | epoch: 1 pq: 82 rg: 76 | total time: 488.70m | eta: 280.1m
step 03544/05568 (63.65%) | loss: 2.504631 | lrm: 0.58 | dt: 8244.39ms | tok/sec: 127,186 | bf16_mfu: 5.10 | epoch: 1 pq: 82 rg: 78 | total time: 488.83m | eta: 280.0m
step 03545/05568 (63.67%) | loss: 2.503621 | lrm: 0.58 | dt: 8255.84ms | tok/sec: 127,010 | bf16_mfu: 5.09 | epoch: 1 pq: 82 rg: 79 | total time: 488.97m | eta: 279.8m
step 03546/05568 (63.69%) | loss: 2.487008 | lrm: 0.58 | dt: 8238.58ms | tok/sec: 127,276 | bf16_mfu: 5.10 | epoch: 1 pq: 82 rg: 81 | total time: 489.11m | eta: 279.7m
step 03547/05568 (63.70%) | loss: 2.487482 | lrm: 0.58 | dt: 8252.80ms | tok/sec: 127,056 | bf16_mfu: 5.09 | epoch: 1 pq: 83 rg: 1 | total time: 489.24m | eta: 279.5m
step 03548/05568 (63.72%) | loss: 2.498899 | lrm: 0.58 | dt: 8251.59ms | tok/sec: 127,075 | bf16_mfu: 5.09 | epoch: 1 pq: 83 rg: 3 | total time: 489.38m | eta: 279.4m
step 03549/05568 (63.74%) | loss: 2.512287 | lrm: 0.58 | dt: 8244.44ms | tok/sec: 127,185 | bf16_mfu: 5.10 | epoch: 1 pq: 83 rg: 5 | total time: 489.52m | eta: 279.3m
step 03550/05568 (63.76%) | loss: 2.515657 | lrm: 0.58 | dt: 8245.33ms | tok/sec: 127,172 | bf16_mfu: 5.10 | epoch: 1 pq: 83 rg: 7 | total time: 489.66m | eta: 279.1m
step 03551/05568 (63.78%) | loss: 2.503948 | lrm: 0.58 | dt: 8246.42ms | tok/sec: 127,155 | bf16_mfu: 5.10 | epoch: 1 pq: 83 rg: 9 | total time: 489.79m | eta: 279.0m
step 03552/05568 (63.79%) | loss: 2.500395 | lrm: 0.58 | dt: 8252.03ms | tok/sec: 127,068 | bf16_mfu: 5.09 | epoch: 1 pq: 83 rg: 11 | total time: 489.93m | eta: 278.9m
step 03553/05568 (63.81%) | loss: 2.498595 | lrm: 0.58 | dt: 8236.63ms | tok/sec: 127,306 | bf16_mfu: 5.10 | epoch: 1 pq: 83 rg: 13 | total time: 490.07m | eta: 278.7m
step 03554/05568 (63.83%) | loss: 2.497418 | lrm: 0.58 | dt: 8242.55ms | tok/sec: 127,215 | bf16_mfu: 5.10 | epoch: 1 pq: 83 rg: 15 | total time: 490.21m | eta: 278.6m
step 03555/05568 (63.85%) | loss: 2.489075 | lrm: 0.58 | dt: 8244.05ms | tok/sec: 127,191 | bf16_mfu: 5.10 | epoch: 1 pq: 83 rg: 17 | total time: 490.34m | eta: 278.4m
step 03556/05568 (63.86%) | loss: 2.518349 | lrm: 0.58 | dt: 8243.36ms | tok/sec: 127,202 | bf16_mfu: 5.10 | epoch: 1 pq: 83 rg: 19 | total time: 490.48m | eta: 278.3m
step 03557/05568 (63.88%) | loss: 2.529816 | lrm: 0.58 | dt: 8251.05ms | tok/sec: 127,083 | bf16_mfu: 5.09 | epoch: 1 pq: 83 rg: 21 | total time: 490.62m | eta: 278.2m
step 03558/05568 (63.90%) | loss: 2.523112 | lrm: 0.58 | dt: 8249.64ms | tok/sec: 127,105 | bf16_mfu: 5.09 | epoch: 1 pq: 83 rg: 23 | total time: 490.76m | eta: 278.0m
step 03559/05568 (63.92%) | loss: 2.511742 | lrm: 0.58 | dt: 8245.76ms | tok/sec: 127,165 | bf16_mfu: 5.10 | epoch: 1 pq: 83 rg: 25 | total time: 490.89m | eta: 277.9m
step 03560/05568 (63.94%) | loss: 2.518407 | lrm: 0.58 | dt: 8247.03ms | tok/sec: 127,145 | bf16_mfu: 5.10 | epoch: 1 pq: 83 rg: 26 | total time: 491.03m | eta: 277.7m
step 03561/05568 (63.95%) | loss: 2.516795 | lrm: 0.58 | dt: 8253.24ms | tok/sec: 127,050 | bf16_mfu: 5.09 | epoch: 1 pq: 83 rg: 28 | total time: 491.17m | eta: 277.6m
step 03562/05568 (63.97%) | loss: 2.520537 | lrm: 0.58 | dt: 8246.66ms | tok/sec: 127,151 | bf16_mfu: 5.10 | epoch: 1 pq: 83 rg: 30 | total time: 491.31m | eta: 277.5m
step 03563/05568 (63.99%) | loss: 2.516461 | lrm: 0.58 | dt: 8251.59ms | tok/sec: 127,075 | bf16_mfu: 5.09 | epoch: 1 pq: 83 rg: 32 | total time: 491.44m | eta: 277.3m
step 03564/05568 (64.01%) | loss: 2.520396 | lrm: 0.58 | dt: 8250.11ms | tok/sec: 127,098 | bf16_mfu: 5.09 | epoch: 1 pq: 83 rg: 34 | total time: 491.58m | eta: 277.2m
step 03565/05568 (64.03%) | loss: 2.501876 | lrm: 0.58 | dt: 8256.71ms | tok/sec: 126,996 | bf16_mfu: 5.09 | epoch: 1 pq: 83 rg: 36 | total time: 491.72m | eta: 277.1m
step 03566/05568 (64.04%) | loss: 2.497870 | lrm: 0.58 | dt: 8241.44ms | tok/sec: 127,232 | bf16_mfu: 5.10 | epoch: 1 pq: 83 rg: 38 | total time: 491.86m | eta: 276.9m
step 03567/05568 (64.06%) | loss: 2.497633 | lrm: 0.58 | dt: 8246.49ms | tok/sec: 127,154 | bf16_mfu: 5.10 | epoch: 1 pq: 83 rg: 40 | total time: 491.99m | eta: 276.8m
step 03568/05568 (64.08%) | loss: 2.483615 | lrm: 0.58 | dt: 8239.77ms | tok/sec: 127,257 | bf16_mfu: 5.10 | epoch: 1 pq: 83 rg: 42 | total time: 492.13m | eta: 276.6m
step 03569/05568 (64.10%) | loss: 2.485953 | lrm: 0.57 | dt: 8249.15ms | tok/sec: 127,113 | bf16_mfu: 5.09 | epoch: 1 pq: 83 rg: 44 | total time: 492.27m | eta: 276.5m
step 03570/05568 (64.12%) | loss: 2.482705 | lrm: 0.57 | dt: 8255.86ms | tok/sec: 127,009 | bf16_mfu: 5.09 | epoch: 1 pq: 83 rg: 46 | total time: 492.41m | eta: 276.4m
step 03571/05568 (64.13%) | loss: 2.492629 | lrm: 0.57 | dt: 8242.66ms | tok/sec: 127,213 | bf16_mfu: 5.10 | epoch: 1 pq: 83 rg: 48 | total time: 492.54m | eta: 276.2m
step 03572/05568 (64.15%) | loss: 2.486737 | lrm: 0.57 | dt: 8247.13ms | tok/sec: 127,144 | bf16_mfu: 5.10 | epoch: 1 pq: 83 rg: 50 | total time: 492.68m | eta: 276.1m
step 03573/05568 (64.17%) | loss: 2.476225 | lrm: 0.57 | dt: 8246.63ms | tok/sec: 127,152 | bf16_mfu: 5.10 | epoch: 1 pq: 83 rg: 52 | total time: 492.82m | eta: 275.9m
step 03574/05568 (64.19%) | loss: 2.465891 | lrm: 0.57 | dt: 8248.25ms | tok/sec: 127,127 | bf16_mfu: 5.10 | epoch: 1 pq: 83 rg: 54 | total time: 492.96m | eta: 275.8m
step 03575/05568 (64.21%) | loss: 2.469131 | lrm: 0.57 | dt: 8245.74ms | tok/sec: 127,165 | bf16_mfu: 5.10 | epoch: 1 pq: 83 rg: 56 | total time: 493.09m | eta: 275.7m
step 03576/05568 (64.22%) | loss: 2.450142 | lrm: 0.57 | dt: 8241.11ms | tok/sec: 127,237 | bf16_mfu: 5.10 | epoch: 1 pq: 83 rg: 57 | total time: 493.23m | eta: 275.5m
step 03577/05568 (64.24%) | loss: 2.465795 | lrm: 0.57 | dt: 8248.50ms | tok/sec: 127,123 | bf16_mfu: 5.09 | epoch: 1 pq: 83 rg: 59 | total time: 493.37m | eta: 275.4m
step 03578/05568 (64.26%) | loss: 2.446494 | lrm: 0.57 | dt: 8246.70ms | tok/sec: 127,150 | bf16_mfu: 5.10 | epoch: 1 pq: 83 rg: 61 | total time: 493.51m | eta: 275.2m
step 03579/05568 (64.28%) | loss: 2.452699 | lrm: 0.57 | dt: 8252.61ms | tok/sec: 127,059 | bf16_mfu: 5.09 | epoch: 1 pq: 83 rg: 63 | total time: 493.64m | eta: 275.1m
step 03580/05568 (64.30%) | loss: 2.451361 | lrm: 0.57 | dt: 8244.77ms | tok/sec: 127,180 | bf16_mfu: 5.10 | epoch: 1 pq: 83 rg: 65 | total time: 493.78m | eta: 275.0m
step 03581/05568 (64.31%) | loss: 2.446762 | lrm: 0.57 | dt: 8233.98ms | tok/sec: 127,347 | bf16_mfu: 5.10 | epoch: 1 pq: 83 rg: 67 | total time: 493.92m | eta: 274.8m
step 03582/05568 (64.33%) | loss: 2.443887 | lrm: 0.57 | dt: 8247.17ms | tok/sec: 127,143 | bf16_mfu: 5.10 | epoch: 1 pq: 83 rg: 69 | total time: 494.06m | eta: 274.7m
step 03583/05568 (64.35%) | loss: 2.445943 | lrm: 0.57 | dt: 8242.64ms | tok/sec: 127,213 | bf16_mfu: 5.10 | epoch: 1 pq: 83 rg: 71 | total time: 494.19m | eta: 274.6m
step 03584/05568 (64.37%) | loss: 2.457311 | lrm: 0.57 | dt: 8238.80ms | tok/sec: 127,272 | bf16_mfu: 5.10 | epoch: 1 pq: 83 rg: 73 | total time: 494.33m | eta: 274.4m
step 03585/05568 (64.39%) | loss: 2.468404 | lrm: 0.57 | dt: 8246.04ms | tok/sec: 127,161 | bf16_mfu: 5.10 | epoch: 1 pq: 83 rg: 75 | total time: 494.47m | eta: 274.3m
step 03586/05568 (64.40%) | loss: 2.460334 | lrm: 0.57 | dt: 8288.12ms | tok/sec: 126,515 | bf16_mfu: 5.07 | epoch: 1 pq: 83 rg: 77 | total time: 494.61m | eta: 274.1m
step 03587/05568 (64.42%) | loss: 2.471685 | lrm: 0.57 | dt: 8248.06ms | tok/sec: 127,129 | bf16_mfu: 5.10 | epoch: 1 pq: 83 rg: 79 | total time: 494.74m | eta: 274.0m
step 03588/05568 (64.44%) | loss: 2.465128 | lrm: 0.57 | dt: 8247.55ms | tok/sec: 127,137 | bf16_mfu: 5.10 | epoch: 1 pq: 83 rg: 81 | total time: 494.88m | eta: 273.9m
step 03589/05568 (64.46%) | loss: 2.460951 | lrm: 0.57 | dt: 8230.60ms | tok/sec: 127,399 | bf16_mfu: 5.11 | epoch: 1 pq: 84 rg: 0 | total time: 495.02m | eta: 273.7m
step 03590/05568 (64.48%) | loss: 2.458864 | lrm: 0.57 | dt: 8240.99ms | tok/sec: 127,239 | bf16_mfu: 5.10 | epoch: 1 pq: 84 rg: 2 | total time: 495.16m | eta: 273.6m
step 03591/05568 (64.49%) | loss: 2.452412 | lrm: 0.57 | dt: 8246.99ms | tok/sec: 127,146 | bf16_mfu: 5.10 | epoch: 1 pq: 84 rg: 4 | total time: 495.29m | eta: 273.4m
step 03592/05568 (64.51%) | loss: 2.461352 | lrm: 0.57 | dt: 8239.07ms | tok/sec: 127,268 | bf16_mfu: 5.10 | epoch: 1 pq: 84 rg: 5 | total time: 495.43m | eta: 273.3m
step 03593/05568 (64.53%) | loss: 2.469083 | lrm: 0.57 | dt: 8245.35ms | tok/sec: 127,171 | bf16_mfu: 5.10 | epoch: 1 pq: 84 rg: 7 | total time: 495.57m | eta: 273.2m
step 03594/05568 (64.55%) | loss: 2.468201 | lrm: 0.57 | dt: 8239.85ms | tok/sec: 127,256 | bf16_mfu: 5.10 | epoch: 1 pq: 84 rg: 9 | total time: 495.70m | eta: 273.0m
step 03595/05568 (64.57%) | loss: 2.472992 | lrm: 0.57 | dt: 8239.17ms | tok/sec: 127,267 | bf16_mfu: 5.10 | epoch: 1 pq: 84 rg: 11 | total time: 495.84m | eta: 272.9m
step 03596/05568 (64.58%) | loss: 2.501357 | lrm: 0.57 | dt: 8243.16ms | tok/sec: 127,205 | bf16_mfu: 5.10 | epoch: 1 pq: 84 rg: 13 | total time: 495.98m | eta: 272.7m
step 03597/05568 (64.60%) | loss: 2.488581 | lrm: 0.57 | dt: 8241.07ms | tok/sec: 127,237 | bf16_mfu: 5.10 | epoch: 1 pq: 84 rg: 15 | total time: 496.12m | eta: 272.6m
step 03598/05568 (64.62%) | loss: 2.477712 | lrm: 0.57 | dt: 8237.24ms | tok/sec: 127,297 | bf16_mfu: 5.10 | epoch: 1 pq: 84 rg: 17 | total time: 496.25m | eta: 272.5m
step 03599/05568 (64.64%) | loss: 2.464193 | lrm: 0.57 | dt: 8243.71ms | tok/sec: 127,197 | bf16_mfu: 5.10 | epoch: 1 pq: 84 rg: 19 | total time: 496.39m | eta: 272.3m
step 03600/05568 (64.66%) | loss: 2.468453 | lrm: 0.57 | dt: 8250.48ms | tok/sec: 127,092 | bf16_mfu: 5.09 | epoch: 1 pq: 84 rg: 21 | total time: 496.53m | eta: 272.2m
step 03601/05568 (64.67%) | loss: 2.465673 | lrm: 0.57 | dt: 8253.24ms | tok/sec: 127,050 | bf16_mfu: 5.09 | epoch: 1 pq: 84 rg: 23 | total time: 496.67m | eta: 272.1m
step 03602/05568 (64.69%) | loss: 2.467157 | lrm: 0.57 | dt: 8243.75ms | tok/sec: 127,196 | bf16_mfu: 5.10 | epoch: 1 pq: 84 rg: 25 | total time: 496.80m | eta: 271.9m
step 03603/05568 (64.71%) | loss: 2.459784 | lrm: 0.57 | dt: 8257.55ms | tok/sec: 126,983 | bf16_mfu: 5.09 | epoch: 1 pq: 84 rg: 27 | total time: 496.94m | eta: 271.8m
step 03604/05568 (64.73%) | loss: 2.465767 | lrm: 0.57 | dt: 8246.26ms | tok/sec: 127,157 | bf16_mfu: 5.10 | epoch: 1 pq: 84 rg: 29 | total time: 497.08m | eta: 271.6m
step 03605/05568 (64.74%) | loss: 2.457477 | lrm: 0.57 | dt: 8237.34ms | tok/sec: 127,295 | bf16_mfu: 5.10 | epoch: 1 pq: 84 rg: 31 | total time: 497.22m | eta: 271.5m
step 03606/05568 (64.76%) | loss: 2.467909 | lrm: 0.57 | dt: 8239.10ms | tok/sec: 127,268 | bf16_mfu: 5.10 | epoch: 1 pq: 84 rg: 33 | total time: 497.35m | eta: 271.4m
step 03607/05568 (64.78%) | loss: 2.470268 | lrm: 0.56 | dt: 8235.79ms | tok/sec: 127,319 | bf16_mfu: 5.10 | epoch: 1 pq: 84 rg: 34 | total time: 497.49m | eta: 271.2m
step 03608/05568 (64.80%) | loss: 2.470895 | lrm: 0.56 | dt: 8238.88ms | tok/sec: 127,271 | bf16_mfu: 5.10 | epoch: 1 pq: 84 rg: 36 | total time: 497.63m | eta: 271.1m
step 03609/05568 (64.82%) | loss: 2.458823 | lrm: 0.56 | dt: 8245.36ms | tok/sec: 127,171 | bf16_mfu: 5.10 | epoch: 1 pq: 84 rg: 38 | total time: 497.77m | eta: 270.9m
step 03610/05568 (64.83%) | loss: 2.466173 | lrm: 0.56 | dt: 8241.89ms | tok/sec: 127,225 | bf16_mfu: 5.10 | epoch: 1 pq: 84 rg: 40 | total time: 497.90m | eta: 270.8m
step 03611/05568 (64.85%) | loss: 2.466653 | lrm: 0.56 | dt: 8244.25ms | tok/sec: 127,188 | bf16_mfu: 5.10 | epoch: 1 pq: 84 rg: 42 | total time: 498.04m | eta: 270.7m
step 03612/05568 (64.87%) | loss: 2.475372 | lrm: 0.56 | dt: 8245.37ms | tok/sec: 127,171 | bf16_mfu: 5.10 | epoch: 1 pq: 84 rg: 44 | total time: 498.18m | eta: 270.5m
step 03613/05568 (64.89%) | loss: 2.471529 | lrm: 0.56 | dt: 8245.26ms | tok/sec: 127,173 | bf16_mfu: 5.10 | epoch: 1 pq: 84 rg: 46 | total time: 498.32m | eta: 270.4m
step 03614/05568 (64.91%) | loss: 2.491912 | lrm: 0.56 | dt: 8247.58ms | tok/sec: 127,137 | bf16_mfu: 5.10 | epoch: 1 pq: 84 rg: 48 | total time: 498.45m | eta: 270.2m
step 03615/05568 (64.92%) | loss: 2.498993 | lrm: 0.56 | dt: 8247.15ms | tok/sec: 127,144 | bf16_mfu: 5.10 | epoch: 1 pq: 84 rg: 50 | total time: 498.59m | eta: 270.1m
step 03616/05568 (64.94%) | loss: 2.503342 | lrm: 0.56 | dt: 8255.18ms | tok/sec: 127,020 | bf16_mfu: 5.09 | epoch: 1 pq: 84 rg: 52 | total time: 498.73m | eta: 270.0m
step 03617/05568 (64.96%) | loss: 2.499816 | lrm: 0.56 | dt: 8252.47ms | tok/sec: 127,062 | bf16_mfu: 5.09 | epoch: 1 pq: 84 rg: 54 | total time: 498.87m | eta: 269.8m
step 03618/05568 (64.98%) | loss: 2.488448 | lrm: 0.56 | dt: 8245.80ms | tok/sec: 127,164 | bf16_mfu: 5.10 | epoch: 1 pq: 84 rg: 56 | total time: 499.00m | eta: 269.7m
step 03619/05568 (65.00%) | loss: 2.484254 | lrm: 0.56 | dt: 8250.31ms | tok/sec: 127,095 | bf16_mfu: 5.09 | epoch: 1 pq: 84 rg: 58 | total time: 499.14m | eta: 269.6m
step 03620/05568 (65.01%) | loss: 2.480063 | lrm: 0.56 | dt: 8245.02ms | tok/sec: 127,176 | bf16_mfu: 5.10 | epoch: 1 pq: 84 rg: 60 | total time: 499.28m | eta: 269.4m
step 03621/05568 (65.03%) | loss: 2.482609 | lrm: 0.56 | dt: 8251.31ms | tok/sec: 127,079 | bf16_mfu: 5.09 | epoch: 1 pq: 84 rg: 62 | total time: 499.42m | eta: 269.3m
step 03622/05568 (65.05%) | loss: 2.472105 | lrm: 0.56 | dt: 8239.11ms | tok/sec: 127,268 | bf16_mfu: 5.10 | epoch: 1 pq: 84 rg: 64 | total time: 499.55m | eta: 269.1m
step 03623/05568 (65.07%) | loss: 2.486380 | lrm: 0.56 | dt: 8249.94ms | tok/sec: 127,101 | bf16_mfu: 5.09 | epoch: 1 pq: 84 rg: 65 | total time: 499.69m | eta: 269.0m
step 03624/05568 (65.09%) | loss: 2.480839 | lrm: 0.56 | dt: 8241.54ms | tok/sec: 127,230 | bf16_mfu: 5.10 | epoch: 1 pq: 84 rg: 67 | total time: 499.83m | eta: 268.9m
step 03625/05568 (65.10%) | loss: 2.452326 | lrm: 0.56 | dt: 8244.43ms | tok/sec: 127,186 | bf16_mfu: 5.10 | epoch: 1 pq: 84 rg: 69 | total time: 499.96m | eta: 268.7m
step 03626/05568 (65.12%) | loss: 2.463681 | lrm: 0.56 | dt: 8240.40ms | tok/sec: 127,248 | bf16_mfu: 5.10 | epoch: 1 pq: 84 rg: 71 | total time: 500.10m | eta: 268.6m
step 03627/05568 (65.14%) | loss: 2.464598 | lrm: 0.56 | dt: 8246.42ms | tok/sec: 127,155 | bf16_mfu: 5.10 | epoch: 1 pq: 84 rg: 73 | total time: 500.24m | eta: 268.4m
step 03628/05568 (65.16%) | loss: 2.476357 | lrm: 0.56 | dt: 8251.29ms | tok/sec: 127,080 | bf16_mfu: 5.09 | epoch: 1 pq: 84 rg: 75 | total time: 500.38m | eta: 268.3m
step 03629/05568 (65.18%) | loss: 2.474916 | lrm: 0.56 | dt: 8252.88ms | tok/sec: 127,055 | bf16_mfu: 5.09 | epoch: 1 pq: 84 rg: 77 | total time: 500.51m | eta: 268.2m
step 03630/05568 (65.19%) | loss: 2.471328 | lrm: 0.56 | dt: 8247.65ms | tok/sec: 127,136 | bf16_mfu: 5.10 | epoch: 1 pq: 84 rg: 79 | total time: 500.65m | eta: 268.0m
step 03631/05568 (65.21%) | loss: 2.469370 | lrm: 0.56 | dt: 8249.26ms | tok/sec: 127,111 | bf16_mfu: 5.09 | epoch: 1 pq: 84 rg: 81 | total time: 500.79m | eta: 267.9m
step 03632/05568 (65.23%) | loss: 2.489632 | lrm: 0.56 | dt: 8251.73ms | tok/sec: 127,073 | bf16_mfu: 5.09 | epoch: 1 pq: 85 rg: 0 | total time: 500.93m | eta: 267.8m
step 03633/05568 (65.25%) | loss: 2.459335 | lrm: 0.56 | dt: 8249.61ms | tok/sec: 127,106 | bf16_mfu: 5.09 | epoch: 1 pq: 85 rg: 2 | total time: 501.06m | eta: 267.6m
step 03634/05568 (65.27%) | loss: 2.460402 | lrm: 0.56 | dt: 8232.84ms | tok/sec: 127,364 | bf16_mfu: 5.10 | epoch: 1 pq: 85 rg: 4 | total time: 501.20m | eta: 267.5m
step 03635/05568 (65.28%) | loss: 2.469676 | lrm: 0.56 | dt: 8251.15ms | tok/sec: 127,082 | bf16_mfu: 5.09 | epoch: 1 pq: 85 rg: 6 | total time: 501.34m | eta: 267.3m
step 03636/05568 (65.30%) | loss: 2.467160 | lrm: 0.56 | dt: 8249.44ms | tok/sec: 127,108 | bf16_mfu: 5.09 | epoch: 1 pq: 85 rg: 8 | total time: 501.48m | eta: 267.2m
step 03637/05568 (65.32%) | loss: 2.457637 | lrm: 0.56 | dt: 8246.98ms | tok/sec: 127,146 | bf16_mfu: 5.10 | epoch: 1 pq: 85 rg: 10 | total time: 501.61m | eta: 267.1m
step 03638/05568 (65.34%) | loss: 2.452561 | lrm: 0.56 | dt: 8242.17ms | tok/sec: 127,220 | bf16_mfu: 5.10 | epoch: 1 pq: 85 rg: 12 | total time: 501.75m | eta: 266.9m
step 03639/05568 (65.36%) | loss: 2.475200 | lrm: 0.56 | dt: 8244.85ms | tok/sec: 127,179 | bf16_mfu: 5.10 | epoch: 1 pq: 85 rg: 13 | total time: 501.89m | eta: 266.8m
step 03640/05568 (65.37%) | loss: 2.488315 | lrm: 0.56 | dt: 8244.00ms | tok/sec: 127,192 | bf16_mfu: 5.10 | epoch: 1 pq: 85 rg: 15 | total time: 502.03m | eta: 266.6m
step 03641/05568 (65.39%) | loss: 2.472003 | lrm: 0.56 | dt: 8249.59ms | tok/sec: 127,106 | bf16_mfu: 5.09 | epoch: 1 pq: 85 rg: 17 | total time: 502.16m | eta: 266.5m
step 03642/05568 (65.41%) | loss: 2.473873 | lrm: 0.56 | dt: 8245.56ms | tok/sec: 127,168 | bf16_mfu: 5.10 | epoch: 1 pq: 85 rg: 19 | total time: 502.30m | eta: 266.4m
step 03643/05568 (65.43%) | loss: 2.464145 | lrm: 0.56 | dt: 8252.08ms | tok/sec: 127,068 | bf16_mfu: 5.09 | epoch: 1 pq: 85 rg: 21 | total time: 502.44m | eta: 266.2m
step 03644/05568 (65.45%) | loss: 2.466599 | lrm: 0.56 | dt: 8237.87ms | tok/sec: 127,287 | bf16_mfu: 5.10 | epoch: 1 pq: 85 rg: 23 | total time: 502.58m | eta: 266.1m
step 03645/05568 (65.46%) | loss: 2.463248 | lrm: 0.55 | dt: 8238.78ms | tok/sec: 127,273 | bf16_mfu: 5.10 | epoch: 1 pq: 85 rg: 25 | total time: 502.71m | eta: 265.9m
step 03646/05568 (65.48%) | loss: 2.459454 | lrm: 0.55 | dt: 8242.32ms | tok/sec: 127,218 | bf16_mfu: 5.10 | epoch: 1 pq: 85 rg: 27 | total time: 502.85m | eta: 265.8m
step 03647/05568 (65.50%) | loss: 2.460223 | lrm: 0.55 | dt: 8246.25ms | tok/sec: 127,157 | bf16_mfu: 5.10 | epoch: 1 pq: 85 rg: 29 | total time: 502.99m | eta: 265.7m
step 03648/05568 (65.52%) | loss: 2.454254 | lrm: 0.55 | dt: 8250.02ms | tok/sec: 127,099 | bf16_mfu: 5.09 | epoch: 1 pq: 85 rg: 31 | total time: 503.13m | eta: 265.5m
step 03649/05568 (65.54%) | loss: 2.453808 | lrm: 0.55 | dt: 8244.77ms | tok/sec: 127,180 | bf16_mfu: 5.10 | epoch: 1 pq: 85 rg: 33 | total time: 503.26m | eta: 265.4m
step 03650/05568 (65.55%) | loss: 2.459427 | lrm: 0.55 | dt: 8250.59ms | tok/sec: 127,091 | bf16_mfu: 5.09 | epoch: 1 pq: 85 rg: 35 | total time: 503.40m | eta: 265.3m
step 03651/05568 (65.57%) | loss: 2.454003 | lrm: 0.55 | dt: 8242.82ms | tok/sec: 127,210 | bf16_mfu: 5.10 | epoch: 1 pq: 85 rg: 36 | total time: 503.54m | eta: 265.1m
step 03652/05568 (65.59%) | loss: 2.450701 | lrm: 0.55 | dt: 8248.71ms | tok/sec: 127,120 | bf16_mfu: 5.09 | epoch: 1 pq: 85 rg: 38 | total time: 503.68m | eta: 265.0m
step 03653/05568 (65.61%) | loss: 2.457125 | lrm: 0.55 | dt: 8245.49ms | tok/sec: 127,169 | bf16_mfu: 5.10 | epoch: 1 pq: 85 rg: 40 | total time: 503.81m | eta: 264.8m
step 03654/05568 (65.62%) | loss: 2.456650 | lrm: 0.55 | dt: 8254.23ms | tok/sec: 127,035 | bf16_mfu: 5.09 | epoch: 1 pq: 85 rg: 42 | total time: 503.95m | eta: 264.7m
step 03655/05568 (65.64%) | loss: 2.447726 | lrm: 0.55 | dt: 8249.14ms | tok/sec: 127,113 | bf16_mfu: 5.09 | epoch: 1 pq: 85 rg: 44 | total time: 504.09m | eta: 264.6m
step 03656/05568 (65.66%) | loss: 2.449317 | lrm: 0.55 | dt: 8240.46ms | tok/sec: 127,247 | bf16_mfu: 5.10 | epoch: 1 pq: 85 rg: 46 | total time: 504.23m | eta: 264.4m
step 03657/05568 (65.68%) | loss: 2.445853 | lrm: 0.55 | dt: 8246.41ms | tok/sec: 127,155 | bf16_mfu: 5.10 | epoch: 1 pq: 85 rg: 48 | total time: 504.36m | eta: 264.3m
step 03658/05568 (65.70%) | loss: 2.454421 | lrm: 0.55 | dt: 8248.54ms | tok/sec: 127,122 | bf16_mfu: 5.09 | epoch: 1 pq: 85 rg: 50 | total time: 504.50m | eta: 264.1m
step 03659/05568 (65.71%) | loss: 2.453008 | lrm: 0.55 | dt: 8243.08ms | tok/sec: 127,206 | bf16_mfu: 5.10 | epoch: 1 pq: 85 rg: 52 | total time: 504.64m | eta: 264.0m
step 03660/05568 (65.73%) | loss: 2.458143 | lrm: 0.55 | dt: 8236.62ms | tok/sec: 127,306 | bf16_mfu: 5.10 | epoch: 1 pq: 85 rg: 54 | total time: 504.77m | eta: 263.9m
step 03661/05568 (65.75%) | loss: 2.466594 | lrm: 0.55 | dt: 8246.35ms | tok/sec: 127,156 | bf16_mfu: 5.10 | epoch: 1 pq: 85 rg: 56 | total time: 504.91m | eta: 263.7m
step 03662/05568 (65.77%) | loss: 2.466399 | lrm: 0.55 | dt: 8247.35ms | tok/sec: 127,140 | bf16_mfu: 5.10 | epoch: 1 pq: 85 rg: 58 | total time: 505.05m | eta: 263.6m
step 03663/05568 (65.79%) | loss: 2.474807 | lrm: 0.55 | dt: 8247.37ms | tok/sec: 127,140 | bf16_mfu: 5.10 | epoch: 1 pq: 85 rg: 59 | total time: 505.19m | eta: 263.4m
step 03664/05568 (65.80%) | loss: 2.473687 | lrm: 0.55 | dt: 8242.34ms | tok/sec: 127,218 | bf16_mfu: 5.10 | epoch: 1 pq: 85 rg: 61 | total time: 505.32m | eta: 263.3m
step 03665/05568 (65.82%) | loss: 2.471903 | lrm: 0.55 | dt: 8233.88ms | tok/sec: 127,348 | bf16_mfu: 5.10 | epoch: 1 pq: 85 rg: 63 | total time: 505.46m | eta: 263.2m
step 03666/05568 (65.84%) | loss: 2.462223 | lrm: 0.55 | dt: 8244.41ms | tok/sec: 127,186 | bf16_mfu: 5.10 | epoch: 1 pq: 85 rg: 65 | total time: 505.60m | eta: 263.0m
step 03667/05568 (65.86%) | loss: 2.466438 | lrm: 0.55 | dt: 8246.81ms | tok/sec: 127,149 | bf16_mfu: 5.10 | epoch: 1 pq: 85 rg: 67 | total time: 505.74m | eta: 262.9m
step 03668/05568 (65.88%) | loss: 2.464992 | lrm: 0.55 | dt: 8244.91ms | tok/sec: 127,178 | bf16_mfu: 5.10 | epoch: 1 pq: 85 rg: 69 | total time: 505.87m | eta: 262.8m
step 03669/05568 (65.89%) | loss: 2.480059 | lrm: 0.55 | dt: 8240.26ms | tok/sec: 127,250 | bf16_mfu: 5.10 | epoch: 1 pq: 85 rg: 71 | total time: 506.01m | eta: 262.6m
step 03670/05568 (65.91%) | loss: 2.463938 | lrm: 0.55 | dt: 8248.64ms | tok/sec: 127,121 | bf16_mfu: 5.09 | epoch: 1 pq: 85 rg: 73 | total time: 506.15m | eta: 262.5m
step 03671/05568 (65.93%) | loss: 2.445533 | lrm: 0.55 | dt: 8242.21ms | tok/sec: 127,220 | bf16_mfu: 5.10 | epoch: 1 pq: 85 rg: 75 | total time: 506.29m | eta: 262.3m
step 03672/05568 (65.95%) | loss: 2.444139 | lrm: 0.55 | dt: 8250.53ms | tok/sec: 127,091 | bf16_mfu: 5.09 | epoch: 1 pq: 85 rg: 77 | total time: 506.42m | eta: 262.2m
step 03673/05568 (65.97%) | loss: 2.448788 | lrm: 0.55 | dt: 8245.60ms | tok/sec: 127,167 | bf16_mfu: 5.10 | epoch: 1 pq: 85 rg: 79 | total time: 506.56m | eta: 262.1m
step 03674/05568 (65.98%) | loss: 2.447269 | lrm: 0.55 | dt: 8258.07ms | tok/sec: 126,975 | bf16_mfu: 5.09 | epoch: 1 pq: 85 rg: 81 | total time: 506.70m | eta: 261.9m
step 03675/05568 (66.00%) | loss: 2.466976 | lrm: 0.55 | dt: 8244.93ms | tok/sec: 127,178 | bf16_mfu: 5.10 | epoch: 1 pq: 86 rg: 1 | total time: 506.84m | eta: 261.8m
step 03676/05568 (66.02%) | loss: 2.471527 | lrm: 0.55 | dt: 8240.36ms | tok/sec: 127,248 | bf16_mfu: 5.10 | epoch: 1 pq: 86 rg: 3 | total time: 506.97m | eta: 261.6m
step 03677/05568 (66.04%) | loss: 2.485202 | lrm: 0.55 | dt: 8237.87ms | tok/sec: 127,287 | bf16_mfu: 5.10 | epoch: 1 pq: 86 rg: 5 | total time: 507.11m | eta: 261.5m
step 03678/05568 (66.06%) | loss: 2.476419 | lrm: 0.55 | dt: 8246.58ms | tok/sec: 127,152 | bf16_mfu: 5.10 | epoch: 1 pq: 86 rg: 6 | total time: 507.25m | eta: 261.4m
step 03679/05568 (66.07%) | loss: 2.474274 | lrm: 0.55 | dt: 8242.45ms | tok/sec: 127,216 | bf16_mfu: 5.10 | epoch: 1 pq: 86 rg: 8 | total time: 507.39m | eta: 261.2m
step 03680/05568 (66.09%) | loss: 2.469930 | lrm: 0.55 | dt: 8240.57ms | tok/sec: 127,245 | bf16_mfu: 5.10 | epoch: 1 pq: 86 rg: 10 | total time: 507.52m | eta: 261.1m
step 03681/05568 (66.11%) | loss: 2.471934 | lrm: 0.55 | dt: 8250.32ms | tok/sec: 127,095 | bf16_mfu: 5.09 | epoch: 1 pq: 86 rg: 12 | total time: 507.66m | eta: 261.0m
step 03682/05568 (66.13%) | loss: 2.467843 | lrm: 0.55 | dt: 8238.96ms | tok/sec: 127,270 | bf16_mfu: 5.10 | epoch: 1 pq: 86 rg: 14 | total time: 507.80m | eta: 260.8m
step 03683/05568 (66.15%) | loss: 2.475782 | lrm: 0.54 | dt: 8247.11ms | tok/sec: 127,144 | bf16_mfu: 5.10 | epoch: 1 pq: 86 rg: 16 | total time: 507.94m | eta: 260.7m
step 03684/05568 (66.16%) | loss: 2.479692 | lrm: 0.54 | dt: 8240.66ms | tok/sec: 127,244 | bf16_mfu: 5.10 | epoch: 1 pq: 86 rg: 18 | total time: 508.07m | eta: 260.5m
step 03685/05568 (66.18%) | loss: 2.484854 | lrm: 0.54 | dt: 8247.31ms | tok/sec: 127,141 | bf16_mfu: 5.10 | epoch: 1 pq: 86 rg: 20 | total time: 508.21m | eta: 260.4m
step 03686/05568 (66.20%) | loss: 2.489739 | lrm: 0.54 | dt: 8245.85ms | tok/sec: 127,164 | bf16_mfu: 5.10 | epoch: 1 pq: 86 rg: 22 | total time: 508.35m | eta: 260.3m
step 03687/05568 (66.22%) | loss: 2.490643 | lrm: 0.54 | dt: 8241.53ms | tok/sec: 127,230 | bf16_mfu: 5.10 | epoch: 1 pq: 86 rg: 24 | total time: 508.49m | eta: 260.1m
step 03688/05568 (66.24%) | loss: 2.495444 | lrm: 0.54 | dt: 8236.74ms | tok/sec: 127,304 | bf16_mfu: 5.10 | epoch: 1 pq: 86 rg: 26 | total time: 508.62m | eta: 260.0m
step 03689/05568 (66.25%) | loss: 2.492857 | lrm: 0.54 | dt: 8245.14ms | tok/sec: 127,174 | bf16_mfu: 5.10 | epoch: 1 pq: 86 rg: 28 | total time: 508.76m | eta: 259.8m
step 03690/05568 (66.27%) | loss: 2.481850 | lrm: 0.54 | dt: 8250.56ms | tok/sec: 127,091 | bf16_mfu: 5.09 | epoch: 1 pq: 86 rg: 30 | total time: 508.90m | eta: 259.7m
step 03691/05568 (66.29%) | loss: 2.472098 | lrm: 0.54 | dt: 8244.21ms | tok/sec: 127,189 | bf16_mfu: 5.10 | epoch: 1 pq: 86 rg: 32 | total time: 509.03m | eta: 259.6m
step 03692/05568 (66.31%) | loss: 2.486010 | lrm: 0.54 | dt: 8248.73ms | tok/sec: 127,119 | bf16_mfu: 5.09 | epoch: 1 pq: 86 rg: 34 | total time: 509.17m | eta: 259.4m
step 03693/05568 (66.33%) | loss: 2.486391 | lrm: 0.54 | dt: 8244.20ms | tok/sec: 127,189 | bf16_mfu: 5.10 | epoch: 1 pq: 86 rg: 36 | total time: 509.31m | eta: 259.3m
step 03694/05568 (66.34%) | loss: 2.488195 | lrm: 0.54 | dt: 8247.38ms | tok/sec: 127,140 | bf16_mfu: 5.10 | epoch: 1 pq: 86 rg: 37 | total time: 509.45m | eta: 259.1m
step 03695/05568 (66.36%) | loss: 2.494703 | lrm: 0.54 | dt: 8240.88ms | tok/sec: 127,240 | bf16_mfu: 5.10 | epoch: 1 pq: 86 rg: 39 | total time: 509.58m | eta: 259.0m
step 03696/05568 (66.38%) | loss: 2.496708 | lrm: 0.54 | dt: 8252.47ms | tok/sec: 127,062 | bf16_mfu: 5.09 | epoch: 1 pq: 86 rg: 41 | total time: 509.72m | eta: 258.9m
step 03697/05568 (66.40%) | loss: 2.482704 | lrm: 0.54 | dt: 8246.18ms | tok/sec: 127,158 | bf16_mfu: 5.10 | epoch: 1 pq: 86 rg: 43 | total time: 509.86m | eta: 258.7m
step 03698/05568 (66.42%) | loss: 2.489852 | lrm: 0.54 | dt: 8251.48ms | tok/sec: 127,077 | bf16_mfu: 5.09 | epoch: 1 pq: 86 rg: 45 | total time: 510.00m | eta: 258.6m
step 03699/05568 (66.43%) | loss: 2.494365 | lrm: 0.54 | dt: 8241.07ms | tok/sec: 127,237 | bf16_mfu: 5.10 | epoch: 1 pq: 86 rg: 47 | total time: 510.13m | eta: 258.5m
step 03700/05568 (66.45%) | loss: 2.482089 | lrm: 0.54 | dt: 8253.78ms | tok/sec: 127,041 | bf16_mfu: 5.09 | epoch: 1 pq: 86 rg: 49 | total time: 510.27m | eta: 258.3m
step 03701/05568 (66.47%) | loss: 2.483402 | lrm: 0.54 | dt: 8250.67ms | tok/sec: 127,089 | bf16_mfu: 5.09 | epoch: 1 pq: 86 rg: 51 | total time: 510.41m | eta: 258.2m
step 03702/05568 (66.49%) | loss: 2.474480 | lrm: 0.54 | dt: 8250.92ms | tok/sec: 127,086 | bf16_mfu: 5.09 | epoch: 1 pq: 86 rg: 53 | total time: 510.55m | eta: 258.0m
step 03703/05568 (66.51%) | loss: 2.458085 | lrm: 0.54 | dt: 8250.88ms | tok/sec: 127,086 | bf16_mfu: 5.09 | epoch: 1 pq: 86 rg: 55 | total time: 510.68m | eta: 257.9m
step 03704/05568 (66.52%) | loss: 2.456255 | lrm: 0.54 | dt: 8249.51ms | tok/sec: 127,107 | bf16_mfu: 5.09 | epoch: 1 pq: 86 rg: 57 | total time: 510.82m | eta: 257.8m
step 03705/05568 (66.54%) | loss: 2.464529 | lrm: 0.54 | dt: 8251.25ms | tok/sec: 127,080 | bf16_mfu: 5.09 | epoch: 1 pq: 86 rg: 59 | total time: 510.96m | eta: 257.6m
step 03706/05568 (66.56%) | loss: 2.463499 | lrm: 0.54 | dt: 8248.72ms | tok/sec: 127,119 | bf16_mfu: 5.09 | epoch: 1 pq: 86 rg: 61 | total time: 511.10m | eta: 257.5m
step 03707/05568 (66.58%) | loss: 2.458943 | lrm: 0.54 | dt: 8246.88ms | tok/sec: 127,148 | bf16_mfu: 5.10 | epoch: 1 pq: 86 rg: 63 | total time: 511.23m | eta: 257.3m
step 03708/05568 (66.59%) | loss: 2.434241 | lrm: 0.54 | dt: 8250.73ms | tok/sec: 127,088 | bf16_mfu: 5.09 | epoch: 1 pq: 86 rg: 65 | total time: 511.37m | eta: 257.2m
step 03709/05568 (66.61%) | loss: 2.449133 | lrm: 0.54 | dt: 8253.20ms | tok/sec: 127,050 | bf16_mfu: 5.09 | epoch: 1 pq: 86 rg: 66 | total time: 511.51m | eta: 257.1m
step 03710/05568 (66.63%) | loss: 2.448638 | lrm: 0.54 | dt: 8250.26ms | tok/sec: 127,096 | bf16_mfu: 5.09 | epoch: 1 pq: 86 rg: 68 | total time: 511.65m | eta: 256.9m
step 03711/05568 (66.65%) | loss: 2.459095 | lrm: 0.54 | dt: 8250.91ms | tok/sec: 127,086 | bf16_mfu: 5.09 | epoch: 1 pq: 86 rg: 70 | total time: 511.78m | eta: 256.8m
step 03712/05568 (66.67%) | loss: 2.466697 | lrm: 0.54 | dt: 8246.22ms | tok/sec: 127,158 | bf16_mfu: 5.10 | epoch: 1 pq: 86 rg: 72 | total time: 511.92m | eta: 256.7m
step 03713/05568 (66.68%) | loss: 2.461197 | lrm: 0.54 | dt: 8253.16ms | tok/sec: 127,051 | bf16_mfu: 5.09 | epoch: 1 pq: 86 rg: 74 | total time: 512.06m | eta: 256.5m
step 03714/05568 (66.70%) | loss: 2.465758 | lrm: 0.54 | dt: 8240.63ms | tok/sec: 127,244 | bf16_mfu: 5.10 | epoch: 1 pq: 86 rg: 76 | total time: 512.20m | eta: 256.4m
step 03715/05568 (66.72%) | loss: 2.460069 | lrm: 0.54 | dt: 8249.61ms | tok/sec: 127,106 | bf16_mfu: 5.09 | epoch: 1 pq: 86 rg: 78 | total time: 512.33m | eta: 256.2m
step 03716/05568 (66.74%) | loss: 2.448899 | lrm: 0.54 | dt: 8243.63ms | tok/sec: 127,198 | bf16_mfu: 5.10 | epoch: 1 pq: 86 rg: 80 | total time: 512.47m | eta: 256.1m
step 03717/05568 (66.76%) | loss: 2.452396 | lrm: 0.54 | dt: 8241.99ms | tok/sec: 127,223 | bf16_mfu: 5.10 | epoch: 1 pq: 86 rg: 82 | total time: 512.61m | eta: 256.0m
step 03718/05568 (66.77%) | loss: 2.431302 | lrm: 0.54 | dt: 8249.11ms | tok/sec: 127,113 | bf16_mfu: 5.09 | epoch: 1 pq: 87 rg: 1 | total time: 512.75m | eta: 255.8m
step 03719/05568 (66.79%) | loss: 2.425550 | lrm: 0.54 | dt: 8245.45ms | tok/sec: 127,170 | bf16_mfu: 5.10 | epoch: 1 pq: 87 rg: 3 | total time: 512.88m | eta: 255.7m
step 03720/05568 (66.81%) | loss: 2.436948 | lrm: 0.54 | dt: 8251.41ms | tok/sec: 127,078 | bf16_mfu: 5.09 | epoch: 1 pq: 87 rg: 5 | total time: 513.02m | eta: 255.5m
step 03721/05568 (66.83%) | loss: 2.423405 | lrm: 0.53 | dt: 8250.67ms | tok/sec: 127,089 | bf16_mfu: 5.09 | epoch: 1 pq: 87 rg: 7 | total time: 513.16m | eta: 255.4m
step 03722/05568 (66.85%) | loss: 2.441735 | lrm: 0.53 | dt: 8250.06ms | tok/sec: 127,099 | bf16_mfu: 5.09 | epoch: 1 pq: 87 rg: 9 | total time: 513.30m | eta: 255.3m
step 03723/05568 (66.86%) | loss: 2.461710 | lrm: 0.53 | dt: 8247.41ms | tok/sec: 127,139 | bf16_mfu: 5.10 | epoch: 1 pq: 87 rg: 11 | total time: 513.43m | eta: 255.1m
step 03724/05568 (66.88%) | loss: 2.450513 | lrm: 0.53 | dt: 8244.45ms | tok/sec: 127,185 | bf16_mfu: 5.10 | epoch: 1 pq: 87 rg: 13 | total time: 513.57m | eta: 255.0m
step 03725/05568 (66.90%) | loss: 2.458148 | lrm: 0.53 | dt: 8249.37ms | tok/sec: 127,109 | bf16_mfu: 5.09 | epoch: 1 pq: 87 rg: 14 | total time: 513.71m | eta: 254.8m
step 03726/05568 (66.92%) | loss: 2.466076 | lrm: 0.53 | dt: 8251.14ms | tok/sec: 127,082 | bf16_mfu: 5.09 | epoch: 1 pq: 87 rg: 16 | total time: 513.85m | eta: 254.7m
step 03727/05568 (66.94%) | loss: 2.467334 | lrm: 0.53 | dt: 8254.79ms | tok/sec: 127,026 | bf16_mfu: 5.09 | epoch: 1 pq: 87 rg: 18 | total time: 513.98m | eta: 254.6m
step 03728/05568 (66.95%) | loss: 2.466479 | lrm: 0.53 | dt: 8257.62ms | tok/sec: 126,982 | bf16_mfu: 5.09 | epoch: 1 pq: 87 rg: 20 | total time: 514.12m | eta: 254.4m
step 03729/05568 (66.97%) | loss: 2.470299 | lrm: 0.53 | dt: 8249.60ms | tok/sec: 127,106 | bf16_mfu: 5.09 | epoch: 1 pq: 87 rg: 22 | total time: 514.26m | eta: 254.3m
step 03730/05568 (66.99%) | loss: 2.451649 | lrm: 0.53 | dt: 8247.19ms | tok/sec: 127,143 | bf16_mfu: 5.10 | epoch: 1 pq: 87 rg: 24 | total time: 514.40m | eta: 254.2m
step 03731/05568 (67.01%) | loss: 2.461706 | lrm: 0.53 | dt: 8252.91ms | tok/sec: 127,055 | bf16_mfu: 5.09 | epoch: 1 pq: 87 rg: 26 | total time: 514.53m | eta: 254.0m
step 03732/05568 (67.03%) | loss: 2.454423 | lrm: 0.53 | dt: 8244.47ms | tok/sec: 127,185 | bf16_mfu: 5.10 | epoch: 1 pq: 87 rg: 28 | total time: 514.67m | eta: 253.9m
step 03733/05568 (67.04%) | loss: 2.452290 | lrm: 0.53 | dt: 8258.79ms | tok/sec: 126,964 | bf16_mfu: 5.09 | epoch: 1 pq: 87 rg: 30 | total time: 514.81m | eta: 253.7m
step 03734/05568 (67.06%) | loss: 2.446273 | lrm: 0.53 | dt: 8254.66ms | tok/sec: 127,028 | bf16_mfu: 5.09 | epoch: 1 pq: 87 rg: 32 | total time: 514.95m | eta: 253.6m
step 03735/05568 (67.08%) | loss: 2.472639 | lrm: 0.53 | dt: 8242.80ms | tok/sec: 127,211 | bf16_mfu: 5.10 | epoch: 1 pq: 87 rg: 34 | total time: 515.08m | eta: 253.5m
step 03736/05568 (67.10%) | loss: 2.463414 | lrm: 0.53 | dt: 8250.22ms | tok/sec: 127,096 | bf16_mfu: 5.09 | epoch: 1 pq: 87 rg: 36 | total time: 515.22m | eta: 253.3m
step 03737/05568 (67.12%) | loss: 2.458864 | lrm: 0.53 | dt: 8247.82ms | tok/sec: 127,133 | bf16_mfu: 5.10 | epoch: 1 pq: 87 rg: 38 | total time: 515.36m | eta: 253.2m
step 03738/05568 (67.13%) | loss: 2.454252 | lrm: 0.53 | dt: 8246.12ms | tok/sec: 127,159 | bf16_mfu: 5.10 | epoch: 1 pq: 87 rg: 40 | total time: 515.50m | eta: 253.0m
step 03739/05568 (67.15%) | loss: 2.468267 | lrm: 0.53 | dt: 8252.83ms | tok/sec: 127,056 | bf16_mfu: 5.09 | epoch: 1 pq: 87 rg: 41 | total time: 515.63m | eta: 252.9m
step 03740/05568 (67.17%) | loss: 2.466072 | lrm: 0.53 | dt: 8254.06ms | tok/sec: 127,037 | bf16_mfu: 5.09 | epoch: 1 pq: 87 rg: 43 | total time: 515.77m | eta: 252.8m
step 03741/05568 (67.19%) | loss: 2.454873 | lrm: 0.53 | dt: 8248.49ms | tok/sec: 127,123 | bf16_mfu: 5.09 | epoch: 1 pq: 87 rg: 45 | total time: 515.91m | eta: 252.6m
step 03742/05568 (67.21%) | loss: 2.451789 | lrm: 0.53 | dt: 8250.01ms | tok/sec: 127,100 | bf16_mfu: 5.09 | epoch: 1 pq: 87 rg: 47 | total time: 516.05m | eta: 252.5m
step 03743/05568 (67.22%) | loss: 2.447982 | lrm: 0.53 | dt: 8257.54ms | tok/sec: 126,984 | bf16_mfu: 5.09 | epoch: 1 pq: 87 rg: 49 | total time: 516.18m | eta: 252.4m
step 03744/05568 (67.24%) | loss: 2.451773 | lrm: 0.53 | dt: 8249.91ms | tok/sec: 127,101 | bf16_mfu: 5.09 | epoch: 1 pq: 87 rg: 51 | total time: 516.32m | eta: 252.2m
step 03745/05568 (67.26%) | loss: 2.430827 | lrm: 0.53 | dt: 8240.80ms | tok/sec: 127,242 | bf16_mfu: 5.10 | epoch: 1 pq: 87 rg: 53 | total time: 516.46m | eta: 252.1m
step 03746/05568 (67.28%) | loss: 2.432923 | lrm: 0.53 | dt: 8246.60ms | tok/sec: 127,152 | bf16_mfu: 5.10 | epoch: 1 pq: 87 rg: 55 | total time: 516.60m | eta: 251.9m
step 03747/05568 (67.30%) | loss: 2.426776 | lrm: 0.53 | dt: 8242.03ms | tok/sec: 127,222 | bf16_mfu: 5.10 | epoch: 1 pq: 87 rg: 57 | total time: 516.73m | eta: 251.8m
step 03748/05568 (67.31%) | loss: 2.427409 | lrm: 0.53 | dt: 8246.26ms | tok/sec: 127,157 | bf16_mfu: 5.10 | epoch: 1 pq: 87 rg: 59 | total time: 516.87m | eta: 251.7m
step 03749/05568 (67.33%) | loss: 2.423841 | lrm: 0.53 | dt: 8248.25ms | tok/sec: 127,127 | bf16_mfu: 5.10 | epoch: 1 pq: 87 rg: 61 | total time: 517.01m | eta: 251.5m
Step 03750 | Validation bpb: 0.752673
2026-10-08 04:57:55,038 - nanochat.checkpoint_manager - [32m[1mINFO[0m - Saved model parameters to: /home/astarostin/.cache/nanochat/base_checkpoints/d24_1xh100/model_003750.pt
2026-10-08 04:57:55,039 - nanochat.checkpoint_manager - [32m[1mINFO[0m - Saved metadata to: /home/astarostin/.cache/nanochat/base_checkpoints/d24_1xh100/meta_003750.json
2026-10-08 04:58:02,335 - nanochat.checkpoint_manager - [32m[1mINFO[0m - Saved optimizer state to: /home/astarostin/.cache/nanochat/base_checkpoints/d24_1xh100/optim_003750_rank0.pt
step 03750/05568 (67.35%) | loss: 2.431971 | lrm: 0.53 | dt: 8237.74ms | tok/sec: 127,289 | bf16_mfu: 5.10 | epoch: 1 pq: 87 rg: 63 | total time: 517.15m | eta: 251.4m
step 03751/05568 (67.37%) | loss: 2.448312 | lrm: 0.53 | dt: 8262.33ms | tok/sec: 126,910 | bf16_mfu: 5.09 | epoch: 1 pq: 87 rg: 64 | total time: 517.28m | eta: 251.2m
step 03752/05568 (67.39%) | loss: 2.444966 | lrm: 0.53 | dt: 8257.40ms | tok/sec: 126,986 | bf16_mfu: 5.09 | epoch: 1 pq: 87 rg: 66 | total time: 517.42m | eta: 251.1m
step 03753/05568 (67.40%) | loss: 2.463079 | lrm: 0.53 | dt: 8275.53ms | tok/sec: 126,708 | bf16_mfu: 5.08 | epoch: 1 pq: 87 rg: 68 | total time: 517.56m | eta: 251.0m
step 03754/05568 (67.42%) | loss: 2.466560 | lrm: 0.53 | dt: 8282.02ms | tok/sec: 126,608 | bf16_mfu: 5.07 | epoch: 1 pq: 87 rg: 70 | total time: 517.70m | eta: 250.8m
step 03755/05568 (67.44%) | loss: 2.478238 | lrm: 0.53 | dt: 8290.74ms | tok/sec: 126,475 | bf16_mfu: 5.07 | epoch: 1 pq: 87 rg: 72 | total time: 517.84m | eta: 250.7m
step 03756/05568 (67.46%) | loss: 2.470069 | lrm: 0.53 | dt: 8282.92ms | tok/sec: 126,594 | bf16_mfu: 5.07 | epoch: 1 pq: 87 rg: 74 | total time: 517.97m | eta: 250.6m
step 03757/05568 (67.47%) | loss: 2.467788 | lrm: 0.53 | dt: 8286.72ms | tok/sec: 126,536 | bf16_mfu: 5.07 | epoch: 1 pq: 87 rg: 76 | total time: 518.11m | eta: 250.4m
step 03758/05568 (67.49%) | loss: 2.491072 | lrm: 0.53 | dt: 8303.64ms | tok/sec: 126,279 | bf16_mfu: 5.06 | epoch: 1 pq: 87 rg: 78 | total time: 518.25m | eta: 250.3m
step 03759/05568 (67.51%) | loss: 2.484073 | lrm: 0.52 | dt: 8292.42ms | tok/sec: 126,450 | bf16_mfu: 5.07 | epoch: 1 pq: 87 rg: 80 | total time: 518.39m | eta: 250.1m
step 03760/05568 (67.53%) | loss: 2.500287 | lrm: 0.52 | dt: 8297.50ms | tok/sec: 126,372 | bf16_mfu: 5.06 | epoch: 1 pq: 88 rg: 0 | total time: 518.53m | eta: 250.0m
step 03761/05568 (67.55%) | loss: 2.490429 | lrm: 0.52 | dt: 8292.73ms | tok/sec: 126,445 | bf16_mfu: 5.07 | epoch: 1 pq: 88 rg: 2 | total time: 518.66m | eta: 249.9m
step 03762/05568 (67.56%) | loss: 2.476962 | lrm: 0.52 | dt: 8296.76ms | tok/sec: 126,383 | bf16_mfu: 5.07 | epoch: 1 pq: 88 rg: 4 | total time: 518.80m | eta: 249.7m
step 03763/05568 (67.58%) | loss: 2.479336 | lrm: 0.52 | dt: 8286.12ms | tok/sec: 126,546 | bf16_mfu: 5.07 | epoch: 1 pq: 88 rg: 6 | total time: 518.94m | eta: 249.6m
step 03764/05568 (67.60%) | loss: 2.484042 | lrm: 0.52 | dt: 8282.96ms | tok/sec: 126,594 | bf16_mfu: 5.07 | epoch: 1 pq: 88 rg: 8 | total time: 519.08m | eta: 249.4m
step 03765/05568 (67.62%) | loss: 2.492136 | lrm: 0.52 | dt: 8292.58ms | tok/sec: 126,447 | bf16_mfu: 5.07 | epoch: 1 pq: 88 rg: 10 | total time: 519.22m | eta: 249.3m
step 03766/05568 (67.64%) | loss: 2.495128 | lrm: 0.52 | dt: 8284.10ms | tok/sec: 126,576 | bf16_mfu: 5.07 | epoch: 1 pq: 88 rg: 12 | total time: 519.36m | eta: 249.2m
step 03767/05568 (67.65%) | loss: 2.483328 | lrm: 0.52 | dt: 8287.19ms | tok/sec: 126,529 | bf16_mfu: 5.07 | epoch: 1 pq: 88 rg: 14 | total time: 519.49m | eta: 249.0m
step 03768/05568 (67.67%) | loss: 2.472177 | lrm: 0.52 | dt: 8298.66ms | tok/sec: 126,354 | bf16_mfu: 5.06 | epoch: 1 pq: 88 rg: 15 | total time: 519.63m | eta: 248.9m
step 03769/05568 (67.69%) | loss: 2.470602 | lrm: 0.52 | dt: 8293.26ms | tok/sec: 126,437 | bf16_mfu: 5.07 | epoch: 1 pq: 88 rg: 17 | total time: 519.77m | eta: 248.8m
step 03770/05568 (67.71%) | loss: 2.470574 | lrm: 0.52 | dt: 8290.11ms | tok/sec: 126,485 | bf16_mfu: 5.07 | epoch: 1 pq: 88 rg: 19 | total time: 519.91m | eta: 248.6m
step 03771/05568 (67.73%) | loss: 2.463013 | lrm: 0.52 | dt: 8285.58ms | tok/sec: 126,554 | bf16_mfu: 5.07 | epoch: 1 pq: 88 rg: 21 | total time: 520.05m | eta: 248.5m
step 03772/05568 (67.74%) | loss: 2.449971 | lrm: 0.52 | dt: 8286.37ms | tok/sec: 126,542 | bf16_mfu: 5.07 | epoch: 1 pq: 88 rg: 23 | total time: 520.18m | eta: 248.3m
step 03773/05568 (67.76%) | loss: 2.429797 | lrm: 0.52 | dt: 8293.56ms | tok/sec: 126,432 | bf16_mfu: 5.07 | epoch: 1 pq: 88 rg: 25 | total time: 520.32m | eta: 248.2m
step 03774/05568 (67.78%) | loss: 2.428633 | lrm: 0.52 | dt: 8297.33ms | tok/sec: 126,375 | bf16_mfu: 5.06 | epoch: 1 pq: 88 rg: 27 | total time: 520.46m | eta: 248.1m
step 03775/05568 (67.80%) | loss: 2.427398 | lrm: 0.52 | dt: 8294.84ms | tok/sec: 126,413 | bf16_mfu: 5.07 | epoch: 1 pq: 88 rg: 29 | total time: 520.60m | eta: 247.9m
step 03776/05568 (67.82%) | loss: 2.420603 | lrm: 0.52 | dt: 8284.92ms | tok/sec: 126,564 | bf16_mfu: 5.07 | epoch: 1 pq: 88 rg: 31 | total time: 520.74m | eta: 247.8m
step 03777/05568 (67.83%) | loss: 2.433105 | lrm: 0.52 | dt: 8283.87ms | tok/sec: 126,580 | bf16_mfu: 5.07 | epoch: 1 pq: 88 rg: 33 | total time: 520.88m | eta: 247.6m
step 03778/05568 (67.85%) | loss: 2.442088 | lrm: 0.52 | dt: 8294.08ms | tok/sec: 126,424 | bf16_mfu: 5.07 | epoch: 1 pq: 88 rg: 35 | total time: 521.01m | eta: 247.5m
step 03779/05568 (67.87%) | loss: 2.436401 | lrm: 0.52 | dt: 8290.29ms | tok/sec: 126,482 | bf16_mfu: 5.07 | epoch: 1 pq: 88 rg: 37 | total time: 521.15m | eta: 247.4m
step 03780/05568 (67.89%) | loss: 2.440231 | lrm: 0.52 | dt: 8291.65ms | tok/sec: 126,461 | bf16_mfu: 5.07 | epoch: 1 pq: 88 rg: 39 | total time: 521.29m | eta: 247.2m
step 03781/05568 (67.91%) | loss: 2.432198 | lrm: 0.52 | dt: 8295.46ms | tok/sec: 126,403 | bf16_mfu: 5.07 | epoch: 1 pq: 88 rg: 41 | total time: 521.43m | eta: 247.1m
step 03782/05568 (67.92%) | loss: 2.430576 | lrm: 0.52 | dt: 8289.72ms | tok/sec: 126,491 | bf16_mfu: 5.07 | epoch: 1 pq: 88 rg: 43 | total time: 521.57m | eta: 247.0m
step 03783/05568 (67.94%) | loss: 2.431972 | lrm: 0.52 | dt: 8289.54ms | tok/sec: 126,493 | bf16_mfu: 5.07 | epoch: 1 pq: 88 rg: 45 | total time: 521.70m | eta: 246.8m
step 03784/05568 (67.96%) | loss: 2.430203 | lrm: 0.52 | dt: 8289.82ms | tok/sec: 126,489 | bf16_mfu: 5.07 | epoch: 1 pq: 88 rg: 47 | total time: 521.84m | eta: 246.7m
step 03785/05568 (67.98%) | loss: 2.430597 | lrm: 0.52 | dt: 8299.06ms | tok/sec: 126,348 | bf16_mfu: 5.06 | epoch: 1 pq: 88 rg: 48 | total time: 521.98m | eta: 246.5m
step 03786/05568 (68.00%) | loss: 2.445026 | lrm: 0.52 | dt: 8306.02ms | tok/sec: 126,242 | bf16_mfu: 5.06 | epoch: 1 pq: 88 rg: 50 | total time: 522.12m | eta: 246.4m
step 03787/05568 (68.01%) | loss: 2.430385 | lrm: 0.52 | dt: 8296.97ms | tok/sec: 126,380 | bf16_mfu: 5.07 | epoch: 1 pq: 88 rg: 52 | total time: 522.26m | eta: 246.3m
step 03788/05568 (68.03%) | loss: 2.435622 | lrm: 0.52 | dt: 8286.81ms | tok/sec: 126,535 | bf16_mfu: 5.07 | epoch: 1 pq: 88 rg: 54 | total time: 522.40m | eta: 246.1m
step 03789/05568 (68.05%) | loss: 2.450695 | lrm: 0.52 | dt: 8295.78ms | tok/sec: 126,398 | bf16_mfu: 5.07 | epoch: 1 pq: 88 rg: 56 | total time: 522.53m | eta: 246.0m
step 03790/05568 (68.07%) | loss: 2.439506 | lrm: 0.52 | dt: 8291.89ms | tok/sec: 126,457 | bf16_mfu: 5.07 | epoch: 1 pq: 88 rg: 58 | total time: 522.67m | eta: 245.8m
step 03791/05568 (68.09%) | loss: 2.441394 | lrm: 0.52 | dt: 8288.13ms | tok/sec: 126,515 | bf16_mfu: 5.07 | epoch: 1 pq: 88 rg: 60 | total time: 522.81m | eta: 245.7m
step 03792/05568 (68.10%) | loss: 2.431668 | lrm: 0.52 | dt: 8295.03ms | tok/sec: 126,410 | bf16_mfu: 5.07 | epoch: 1 pq: 88 rg: 62 | total time: 522.95m | eta: 245.6m
step 03793/05568 (68.12%) | loss: 2.456088 | lrm: 0.52 | dt: 8297.89ms | tok/sec: 126,366 | bf16_mfu: 5.06 | epoch: 1 pq: 88 rg: 64 | total time: 523.09m | eta: 245.4m
step 03794/05568 (68.14%) | loss: 2.474584 | lrm: 0.52 | dt: 8286.52ms | tok/sec: 126,539 | bf16_mfu: 5.07 | epoch: 1 pq: 88 rg: 66 | total time: 523.23m | eta: 245.3m
step 03795/05568 (68.16%) | loss: 2.485483 | lrm: 0.52 | dt: 8287.05ms | tok/sec: 126,531 | bf16_mfu: 5.07 | epoch: 1 pq: 88 rg: 68 | total time: 523.36m | eta: 245.2m
step 03796/05568 (68.18%) | loss: 2.494712 | lrm: 0.52 | dt: 8287.37ms | tok/sec: 126,526 | bf16_mfu: 5.07 | epoch: 1 pq: 88 rg: 70 | total time: 523.50m | eta: 245.0m
step 03797/05568 (68.19%) | loss: 2.489702 | lrm: 0.51 | dt: 8294.74ms | tok/sec: 126,414 | bf16_mfu: 5.07 | epoch: 1 pq: 88 rg: 72 | total time: 523.64m | eta: 244.9m
step 03798/05568 (68.21%) | loss: 2.480985 | lrm: 0.51 | dt: 8283.61ms | tok/sec: 126,584 | bf16_mfu: 5.07 | epoch: 1 pq: 88 rg: 74 | total time: 523.78m | eta: 244.7m
step 03799/05568 (68.23%) | loss: 2.491189 | lrm: 0.51 | dt: 8279.49ms | tok/sec: 126,647 | bf16_mfu: 5.08 | epoch: 1 pq: 88 rg: 76 | total time: 523.92m | eta: 244.6m
step 03800/05568 (68.25%) | loss: 2.479909 | lrm: 0.51 | dt: 8297.43ms | tok/sec: 126,373 | bf16_mfu: 5.06 | epoch: 1 pq: 88 rg: 78 | total time: 524.05m | eta: 244.5m
step 03801/05568 (68.27%) | loss: 2.485309 | lrm: 0.51 | dt: 8288.29ms | tok/sec: 126,513 | bf16_mfu: 5.07 | epoch: 1 pq: 88 rg: 80 | total time: 524.19m | eta: 244.3m
step 03802/05568 (68.28%) | loss: 2.508383 | lrm: 0.51 | dt: 8294.45ms | tok/sec: 126,419 | bf16_mfu: 5.07 | epoch: 1 pq: 88 rg: 82 | total time: 524.33m | eta: 244.2m
step 03803/05568 (68.30%) | loss: 2.501203 | lrm: 0.51 | dt: 8295.97ms | tok/sec: 126,395 | bf16_mfu: 5.07 | epoch: 1 pq: 89 rg: 1 | total time: 524.47m | eta: 244.1m
step 03804/05568 (68.32%) | loss: 2.518243 | lrm: 0.51 | dt: 8302.88ms | tok/sec: 126,290 | bf16_mfu: 5.06 | epoch: 1 pq: 89 rg: 2 | total time: 524.61m | eta: 243.9m
step 03805/05568 (68.34%) | loss: 2.538033 | lrm: 0.51 | dt: 8287.21ms | tok/sec: 126,529 | bf16_mfu: 5.07 | epoch: 1 pq: 89 rg: 4 | total time: 524.75m | eta: 243.8m
step 03806/05568 (68.35%) | loss: 2.524494 | lrm: 0.51 | dt: 8294.92ms | tok/sec: 126,411 | bf16_mfu: 5.07 | epoch: 1 pq: 89 rg: 6 | total time: 524.88m | eta: 243.6m
step 03807/05568 (68.37%) | loss: 2.528417 | lrm: 0.51 | dt: 8287.41ms | tok/sec: 126,526 | bf16_mfu: 5.07 | epoch: 1 pq: 89 rg: 8 | total time: 525.02m | eta: 243.5m
step 03808/05568 (68.39%) | loss: 2.503664 | lrm: 0.51 | dt: 8287.42ms | tok/sec: 126,526 | bf16_mfu: 5.07 | epoch: 1 pq: 89 rg: 10 | total time: 525.16m | eta: 243.4m
step 03809/05568 (68.41%) | loss: 2.489245 | lrm: 0.51 | dt: 8295.89ms | tok/sec: 126,396 | bf16_mfu: 5.07 | epoch: 1 pq: 89 rg: 12 | total time: 525.30m | eta: 243.2m
step 03810/05568 (68.43%) | loss: 2.508192 | lrm: 0.51 | dt: 8280.34ms | tok/sec: 126,634 | bf16_mfu: 5.08 | epoch: 1 pq: 89 rg: 14 | total time: 525.44m | eta: 243.1m
step 03811/05568 (68.44%) | loss: 2.496011 | lrm: 0.51 | dt: 8283.71ms | tok/sec: 126,582 | bf16_mfu: 5.07 | epoch: 1 pq: 89 rg: 16 | total time: 525.57m | eta: 242.9m
step 03812/05568 (68.46%) | loss: 2.499875 | lrm: 0.51 | dt: 8291.55ms | tok/sec: 126,463 | bf16_mfu: 5.07 | epoch: 1 pq: 89 rg: 18 | total time: 525.71m | eta: 242.8m
step 03813/05568 (68.48%) | loss: 2.486894 | lrm: 0.51 | dt: 8297.81ms | tok/sec: 126,367 | bf16_mfu: 5.06 | epoch: 1 pq: 89 rg: 20 | total time: 525.85m | eta: 242.7m
step 03814/05568 (68.50%) | loss: 2.489167 | lrm: 0.51 | dt: 8284.65ms | tok/sec: 126,568 | bf16_mfu: 5.07 | epoch: 1 pq: 89 rg: 22 | total time: 525.99m | eta: 242.5m
step 03815/05568 (68.52%) | loss: 2.479650 | lrm: 0.51 | dt: 8297.98ms | tok/sec: 126,365 | bf16_mfu: 5.06 | epoch: 1 pq: 89 rg: 24 | total time: 526.13m | eta: 242.4m
step 03816/05568 (68.53%) | loss: 2.466146 | lrm: 0.51 | dt: 8284.25ms | tok/sec: 126,574 | bf16_mfu: 5.07 | epoch: 1 pq: 89 rg: 26 | total time: 526.26m | eta: 242.3m
step 03817/05568 (68.55%) | loss: 2.463344 | lrm: 0.51 | dt: 8287.30ms | tok/sec: 126,528 | bf16_mfu: 5.07 | epoch: 1 pq: 89 rg: 27 | total time: 526.40m | eta: 242.1m
step 03818/05568 (68.57%) | loss: 2.449551 | lrm: 0.51 | dt: 8288.09ms | tok/sec: 126,516 | bf16_mfu: 5.07 | epoch: 1 pq: 89 rg: 29 | total time: 526.54m | eta: 242.0m
step 03819/05568 (68.59%) | loss: 2.464005 | lrm: 0.51 | dt: 8294.58ms | tok/sec: 126,416 | bf16_mfu: 5.07 | epoch: 1 pq: 89 rg: 31 | total time: 526.68m | eta: 241.8m
step 03820/05568 (68.61%) | loss: 2.459073 | lrm: 0.51 | dt: 8285.29ms | tok/sec: 126,558 | bf16_mfu: 5.07 | epoch: 1 pq: 89 rg: 33 | total time: 526.82m | eta: 241.7m
step 03821/05568 (68.62%) | loss: 2.451631 | lrm: 0.51 | dt: 8289.08ms | tok/sec: 126,500 | bf16_mfu: 5.07 | epoch: 1 pq: 89 rg: 35 | total time: 526.96m | eta: 241.6m
step 03822/05568 (68.64%) | loss: 2.446247 | lrm: 0.51 | dt: 8293.76ms | tok/sec: 126,429 | bf16_mfu: 5.07 | epoch: 1 pq: 89 rg: 37 | total time: 527.09m | eta: 241.4m
step 03823/05568 (68.66%) | loss: 2.453915 | lrm: 0.51 | dt: 8291.61ms | tok/sec: 126,462 | bf16_mfu: 5.07 | epoch: 1 pq: 89 rg: 39 | total time: 527.23m | eta: 241.3m
step 03824/05568 (68.68%) | loss: 2.442689 | lrm: 0.51 | dt: 8292.12ms | tok/sec: 126,454 | bf16_mfu: 5.07 | epoch: 1 pq: 89 rg: 41 | total time: 527.37m | eta: 241.1m
step 03825/05568 (68.70%) | loss: 2.436863 | lrm: 0.51 | dt: 8282.27ms | tok/sec: 126,604 | bf16_mfu: 5.07 | epoch: 1 pq: 89 rg: 43 | total time: 527.51m | eta: 241.0m
step 03826/05568 (68.71%) | loss: 2.431487 | lrm: 0.51 | dt: 8285.78ms | tok/sec: 126,551 | bf16_mfu: 5.07 | epoch: 1 pq: 89 rg: 45 | total time: 527.65m | eta: 240.9m
step 03827/05568 (68.73%) | loss: 2.439092 | lrm: 0.51 | dt: 8293.74ms | tok/sec: 126,429 | bf16_mfu: 5.07 | epoch: 1 pq: 89 rg: 47 | total time: 527.78m | eta: 240.7m
step 03828/05568 (68.75%) | loss: 2.449527 | lrm: 0.51 | dt: 8294.09ms | tok/sec: 126,424 | bf16_mfu: 5.07 | epoch: 1 pq: 89 rg: 49 | total time: 527.92m | eta: 240.6m
step 03829/05568 (68.77%) | loss: 2.450002 | lrm: 0.51 | dt: 8282.97ms | tok/sec: 126,594 | bf16_mfu: 5.07 | epoch: 1 pq: 89 rg: 51 | total time: 528.06m | eta: 240.5m
step 03830/05568 (68.79%) | loss: 2.447971 | lrm: 0.51 | dt: 8282.83ms | tok/sec: 126,596 | bf16_mfu: 5.07 | epoch: 1 pq: 89 rg: 53 | total time: 528.20m | eta: 240.3m
step 03831/05568 (68.80%) | loss: 2.442655 | lrm: 0.51 | dt: 8283.87ms | tok/sec: 126,580 | bf16_mfu: 5.07 | epoch: 1 pq: 89 rg: 55 | total time: 528.34m | eta: 240.2m
step 03832/05568 (68.82%) | loss: 2.449811 | lrm: 0.51 | dt: 8290.54ms | tok/sec: 126,478 | bf16_mfu: 5.07 | epoch: 1 pq: 89 rg: 56 | total time: 528.48m | eta: 240.0m
step 03833/05568 (68.84%) | loss: 2.442281 | lrm: 0.51 | dt: 8286.78ms | tok/sec: 126,536 | bf16_mfu: 5.07 | epoch: 1 pq: 89 rg: 58 | total time: 528.61m | eta: 239.9m
step 03834/05568 (68.86%) | loss: 2.444794 | lrm: 0.51 | dt: 8298.26ms | tok/sec: 126,360 | bf16_mfu: 5.06 | epoch: 1 pq: 89 rg: 60 | total time: 528.75m | eta: 239.8m
step 03835/05568 (68.88%) | loss: 2.454460 | lrm: 0.50 | dt: 8296.47ms | tok/sec: 126,388 | bf16_mfu: 5.07 | epoch: 1 pq: 89 rg: 62 | total time: 528.89m | eta: 239.6m
step 03836/05568 (68.89%) | loss: 2.468460 | lrm: 0.50 | dt: 8282.86ms | tok/sec: 126,595 | bf16_mfu: 5.07 | epoch: 1 pq: 89 rg: 64 | total time: 529.03m | eta: 239.5m
step 03837/05568 (68.91%) | loss: 2.470523 | lrm: 0.50 | dt: 8293.66ms | tok/sec: 126,431 | bf16_mfu: 5.07 | epoch: 1 pq: 89 rg: 66 | total time: 529.17m | eta: 239.3m
step 03838/05568 (68.93%) | loss: 2.466480 | lrm: 0.50 | dt: 8287.65ms | tok/sec: 126,522 | bf16_mfu: 5.07 | epoch: 1 pq: 89 rg: 68 | total time: 529.30m | eta: 239.2m
step 03839/05568 (68.95%) | loss: 2.462825 | lrm: 0.50 | dt: 8280.16ms | tok/sec: 126,637 | bf16_mfu: 5.08 | epoch: 1 pq: 89 rg: 70 | total time: 529.44m | eta: 239.1m
step 03840/05568 (68.97%) | loss: 2.451835 | lrm: 0.50 | dt: 8295.85ms | tok/sec: 126,397 | bf16_mfu: 5.07 | epoch: 1 pq: 89 rg: 72 | total time: 529.58m | eta: 238.9m
step 03841/05568 (68.98%) | loss: 2.462053 | lrm: 0.50 | dt: 8290.78ms | tok/sec: 126,474 | bf16_mfu: 5.07 | epoch: 1 pq: 89 rg: 74 | total time: 529.72m | eta: 238.8m
step 03842/05568 (69.00%) | loss: 2.466165 | lrm: 0.50 | dt: 8284.96ms | tok/sec: 126,563 | bf16_mfu: 5.07 | epoch: 1 pq: 89 rg: 76 | total time: 529.86m | eta: 238.7m
step 03843/05568 (69.02%) | loss: 2.462578 | lrm: 0.50 | dt: 8297.13ms | tok/sec: 126,378 | bf16_mfu: 5.06 | epoch: 1 pq: 89 rg: 78 | total time: 529.99m | eta: 238.5m
step 03844/05568 (69.04%) | loss: 2.455922 | lrm: 0.50 | dt: 8290.41ms | tok/sec: 126,480 | bf16_mfu: 5.07 | epoch: 1 pq: 89 rg: 80 | total time: 530.13m | eta: 238.4m
step 03845/05568 (69.06%) | loss: 2.442370 | lrm: 0.50 | dt: 8283.33ms | tok/sec: 126,588 | bf16_mfu: 5.07 | epoch: 1 pq: 89 rg: 82 | total time: 530.27m | eta: 238.2m
step 03846/05568 (69.07%) | loss: 2.442072 | lrm: 0.50 | dt: 8285.96ms | tok/sec: 126,548 | bf16_mfu: 5.07 | epoch: 1 pq: 90 rg: 0 | total time: 530.41m | eta: 238.1m
step 03847/05568 (69.09%) | loss: 2.444044 | lrm: 0.50 | dt: 8294.98ms | tok/sec: 126,410 | bf16_mfu: 5.07 | epoch: 1 pq: 90 rg: 2 | total time: 530.55m | eta: 238.0m
step 03848/05568 (69.11%) | loss: 2.449310 | lrm: 0.50 | dt: 8284.25ms | tok/sec: 126,574 | bf16_mfu: 5.07 | epoch: 1 pq: 90 rg: 4 | total time: 530.69m | eta: 237.8m
step 03849/05568 (69.13%) | loss: 2.467148 | lrm: 0.50 | dt: 8281.04ms | tok/sec: 126,623 | bf16_mfu: 5.07 | epoch: 1 pq: 90 rg: 6 | total time: 530.82m | eta: 237.7m
step 03850/05568 (69.15%) | loss: 2.467218 | lrm: 0.50 | dt: 8293.75ms | tok/sec: 126,429 | bf16_mfu: 5.07 | epoch: 1 pq: 90 rg: 8 | total time: 530.96m | eta: 237.6m
step 03851/05568 (69.16%) | loss: 2.466405 | lrm: 0.50 | dt: 8296.42ms | tok/sec: 126,388 | bf16_mfu: 5.07 | epoch: 1 pq: 90 rg: 10 | total time: 531.10m | eta: 237.4m
step 03852/05568 (69.18%) | loss: 2.464364 | lrm: 0.50 | dt: 8287.25ms | tok/sec: 126,528 | bf16_mfu: 5.07 | epoch: 1 pq: 90 rg: 12 | total time: 531.24m | eta: 237.3m
step 03853/05568 (69.20%) | loss: 2.460891 | lrm: 0.50 | dt: 8288.31ms | tok/sec: 126,512 | bf16_mfu: 5.07 | epoch: 1 pq: 90 rg: 14 | total time: 531.38m | eta: 237.1m
step 03854/05568 (69.22%) | loss: 2.465847 | lrm: 0.50 | dt: 8284.17ms | tok/sec: 126,575 | bf16_mfu: 5.07 | epoch: 1 pq: 90 rg: 16 | total time: 531.51m | eta: 237.0m
step 03855/05568 (69.23%) | loss: 2.454910 | lrm: 0.50 | dt: 8283.38ms | tok/sec: 126,588 | bf16_mfu: 5.07 | epoch: 1 pq: 90 rg: 18 | total time: 531.65m | eta: 236.9m
step 03856/05568 (69.25%) | loss: 2.451595 | lrm: 0.50 | dt: 8296.11ms | tok/sec: 126,393 | bf16_mfu: 5.07 | epoch: 1 pq: 90 rg: 20 | total time: 531.79m | eta: 236.7m
step 03857/05568 (69.27%) | loss: 2.451825 | lrm: 0.50 | dt: 8288.84ms | tok/sec: 126,504 | bf16_mfu: 5.07 | epoch: 1 pq: 90 rg: 22 | total time: 531.93m | eta: 236.6m
step 03858/05568 (69.29%) | loss: 2.458926 | lrm: 0.50 | dt: 8289.20ms | tok/sec: 126,499 | bf16_mfu: 5.07 | epoch: 1 pq: 90 rg: 24 | total time: 532.07m | eta: 236.4m
step 03859/05568 (69.31%) | loss: 2.447304 | lrm: 0.50 | dt: 8294.86ms | tok/sec: 126,412 | bf16_mfu: 5.07 | epoch: 1 pq: 90 rg: 25 | total time: 532.21m | eta: 236.3m
step 03860/05568 (69.32%) | loss: 2.451066 | lrm: 0.50 | dt: 8297.06ms | tok/sec: 126,379 | bf16_mfu: 5.07 | epoch: 1 pq: 90 rg: 27 | total time: 532.34m | eta: 236.2m
step 03861/05568 (69.34%) | loss: 2.442385 | lrm: 0.50 | dt: 8295.79ms | tok/sec: 126,398 | bf16_mfu: 5.07 | epoch: 1 pq: 90 rg: 29 | total time: 532.48m | eta: 236.0m
step 03862/05568 (69.36%) | loss: 2.432073 | lrm: 0.50 | dt: 8302.57ms | tok/sec: 126,295 | bf16_mfu: 5.06 | epoch: 1 pq: 90 rg: 31 | total time: 532.62m | eta: 235.9m
step 03863/05568 (69.38%) | loss: 2.426642 | lrm: 0.50 | dt: 8295.97ms | tok/sec: 126,395 | bf16_mfu: 5.07 | epoch: 1 pq: 90 rg: 33 | total time: 532.76m | eta: 235.8m
step 03864/05568 (69.40%) | loss: 2.431065 | lrm: 0.50 | dt: 8290.80ms | tok/sec: 126,474 | bf16_mfu: 5.07 | epoch: 1 pq: 90 rg: 35 | total time: 532.90m | eta: 235.6m
step 03865/05568 (69.41%) | loss: 2.428113 | lrm: 0.50 | dt: 8297.85ms | tok/sec: 126,367 | bf16_mfu: 5.06 | epoch: 1 pq: 90 rg: 37 | total time: 533.04m | eta: 235.5m
step 03866/05568 (69.43%) | loss: 2.437078 | lrm: 0.50 | dt: 8295.28ms | tok/sec: 126,406 | bf16_mfu: 5.07 | epoch: 1 pq: 90 rg: 39 | total time: 533.17m | eta: 235.3m
step 03867/05568 (69.45%) | loss: 2.449239 | lrm: 0.50 | dt: 8297.32ms | tok/sec: 126,375 | bf16_mfu: 5.06 | epoch: 1 pq: 90 rg: 41 | total time: 533.31m | eta: 235.2m
step 03868/05568 (69.47%) | loss: 2.441407 | lrm: 0.50 | dt: 8299.72ms | tok/sec: 126,338 | bf16_mfu: 5.06 | epoch: 1 pq: 90 rg: 43 | total time: 533.45m | eta: 235.1m
step 03869/05568 (69.49%) | loss: 2.445652 | lrm: 0.50 | dt: 8300.57ms | tok/sec: 126,325 | bf16_mfu: 5.06 | epoch: 1 pq: 90 rg: 45 | total time: 533.59m | eta: 234.9m
step 03870/05568 (69.50%) | loss: 2.453370 | lrm: 0.50 | dt: 8284.84ms | tok/sec: 126,565 | bf16_mfu: 5.07 | epoch: 1 pq: 90 rg: 47 | total time: 533.73m | eta: 234.8m
step 03871/05568 (69.52%) | loss: 2.441750 | lrm: 0.50 | dt: 8282.28ms | tok/sec: 126,604 | bf16_mfu: 5.07 | epoch: 1 pq: 90 rg: 48 | total time: 533.86m | eta: 234.6m
step 03872/05568 (69.54%) | loss: 2.450820 | lrm: 0.50 | dt: 8292.39ms | tok/sec: 126,450 | bf16_mfu: 5.07 | epoch: 1 pq: 90 rg: 50 | total time: 534.00m | eta: 234.5m
step 03873/05568 (69.56%) | loss: 2.454612 | lrm: 0.49 | dt: 8295.51ms | tok/sec: 126,402 | bf16_mfu: 5.07 | epoch: 1 pq: 90 rg: 52 | total time: 534.14m | eta: 234.4m
step 03874/05568 (69.58%) | loss: 2.448536 | lrm: 0.49 | dt: 8308.79ms | tok/sec: 126,200 | bf16_mfu: 5.06 | epoch: 1 pq: 90 rg: 54 | total time: 534.28m | eta: 234.2m
step 03875/05568 (69.59%) | loss: 2.446820 | lrm: 0.49 | dt: 8299.33ms | tok/sec: 126,344 | bf16_mfu: 5.06 | epoch: 1 pq: 90 rg: 56 | total time: 534.42m | eta: 234.1m
step 03876/05568 (69.61%) | loss: 2.455582 | lrm: 0.49 | dt: 8308.82ms | tok/sec: 126,200 | bf16_mfu: 5.06 | epoch: 1 pq: 90 rg: 58 | total time: 534.56m | eta: 234.0m
step 03877/05568 (69.63%) | loss: 2.468170 | lrm: 0.49 | dt: 8294.62ms | tok/sec: 126,416 | bf16_mfu: 5.07 | epoch: 1 pq: 90 rg: 60 | total time: 534.69m | eta: 233.8m
step 03878/05568 (69.65%) | loss: 2.462424 | lrm: 0.49 | dt: 8291.35ms | tok/sec: 126,466 | bf16_mfu: 5.07 | epoch: 1 pq: 90 rg: 62 | total time: 534.83m | eta: 233.7m
step 03879/05568 (69.67%) | loss: 2.466635 | lrm: 0.49 | dt: 8289.62ms | tok/sec: 126,492 | bf16_mfu: 5.07 | epoch: 1 pq: 90 rg: 64 | total time: 534.97m | eta: 233.5m
step 03880/05568 (69.68%) | loss: 2.459747 | lrm: 0.49 | dt: 8295.98ms | tok/sec: 126,395 | bf16_mfu: 5.07 | epoch: 1 pq: 90 rg: 66 | total time: 535.11m | eta: 233.4m
step 03881/05568 (69.70%) | loss: 2.456371 | lrm: 0.49 | dt: 8290.07ms | tok/sec: 126,485 | bf16_mfu: 5.07 | epoch: 1 pq: 90 rg: 68 | total time: 535.25m | eta: 233.3m
step 03882/05568 (69.72%) | loss: 2.467703 | lrm: 0.49 | dt: 8294.14ms | tok/sec: 126,423 | bf16_mfu: 5.07 | epoch: 1 pq: 90 rg: 70 | total time: 535.39m | eta: 233.1m
step 03883/05568 (69.74%) | loss: 2.458841 | lrm: 0.49 | dt: 8293.59ms | tok/sec: 126,432 | bf16_mfu: 5.07 | epoch: 1 pq: 90 rg: 72 | total time: 535.52m | eta: 233.0m
step 03884/05568 (69.76%) | loss: 2.463943 | lrm: 0.49 | dt: 8299.18ms | tok/sec: 126,346 | bf16_mfu: 5.06 | epoch: 1 pq: 90 rg: 74 | total time: 535.66m | eta: 232.8m
step 03885/05568 (69.77%) | loss: 2.464822 | lrm: 0.49 | dt: 8299.93ms | tok/sec: 126,335 | bf16_mfu: 5.06 | epoch: 1 pq: 90 rg: 76 | total time: 535.80m | eta: 232.7m
step 03886/05568 (69.79%) | loss: 2.462711 | lrm: 0.49 | dt: 8288.76ms | tok/sec: 126,505 | bf16_mfu: 5.07 | epoch: 1 pq: 90 rg: 78 | total time: 535.94m | eta: 232.6m
step 03887/05568 (69.81%) | loss: 2.462323 | lrm: 0.49 | dt: 8282.35ms | tok/sec: 126,603 | bf16_mfu: 5.07 | epoch: 1 pq: 90 rg: 80 | total time: 536.08m | eta: 232.4m
step 03888/05568 (69.83%) | loss: 2.437168 | lrm: 0.49 | dt: 8294.71ms | tok/sec: 126,415 | bf16_mfu: 5.07 | epoch: 1 pq: 90 rg: 81 | total time: 536.21m | eta: 232.3m
step 03889/05568 (69.85%) | loss: 2.438602 | lrm: 0.49 | dt: 8291.27ms | tok/sec: 126,467 | bf16_mfu: 5.07 | epoch: 1 pq: 91 rg: 0 | total time: 536.35m | eta: 232.2m
step 03890/05568 (69.86%) | loss: 2.437975 | lrm: 0.49 | dt: 8286.39ms | tok/sec: 126,541 | bf16_mfu: 5.07 | epoch: 1 pq: 91 rg: 2 | total time: 536.49m | eta: 232.0m
step 03891/05568 (69.88%) | loss: 2.443643 | lrm: 0.49 | dt: 8280.64ms | tok/sec: 126,629 | bf16_mfu: 5.08 | epoch: 1 pq: 91 rg: 4 | total time: 536.63m | eta: 231.9m
step 03892/05568 (69.90%) | loss: 2.433094 | lrm: 0.49 | dt: 8295.50ms | tok/sec: 126,402 | bf16_mfu: 5.07 | epoch: 1 pq: 91 rg: 6 | total time: 536.77m | eta: 231.7m
step 03893/05568 (69.92%) | loss: 2.452524 | lrm: 0.49 | dt: 8298.29ms | tok/sec: 126,360 | bf16_mfu: 5.06 | epoch: 1 pq: 91 rg: 8 | total time: 536.91m | eta: 231.6m
step 03894/05568 (69.94%) | loss: 2.457527 | lrm: 0.49 | dt: 8299.36ms | tok/sec: 126,344 | bf16_mfu: 5.06 | epoch: 1 pq: 91 rg: 10 | total time: 537.04m | eta: 231.5m
step 03895/05568 (69.95%) | loss: 2.453659 | lrm: 0.49 | dt: 8288.03ms | tok/sec: 126,516 | bf16_mfu: 5.07 | epoch: 1 pq: 91 rg: 12 | total time: 537.18m | eta: 231.3m
step 03896/05568 (69.97%) | loss: 2.452628 | lrm: 0.49 | dt: 8287.68ms | tok/sec: 126,522 | bf16_mfu: 5.07 | epoch: 1 pq: 91 rg: 14 | total time: 537.32m | eta: 231.2m
step 03897/05568 (69.99%) | loss: 2.463820 | lrm: 0.49 | dt: 8293.39ms | tok/sec: 126,435 | bf16_mfu: 5.07 | epoch: 1 pq: 91 rg: 16 | total time: 537.46m | eta: 231.1m
step 03898/05568 (70.01%) | loss: 2.445569 | lrm: 0.49 | dt: 8288.42ms | tok/sec: 126,510 | bf16_mfu: 5.07 | epoch: 1 pq: 91 rg: 18 | total time: 537.60m | eta: 230.9m
step 03899/05568 (70.03%) | loss: 2.445311 | lrm: 0.49 | dt: 8308.49ms | tok/sec: 126,205 | bf16_mfu: 5.06 | epoch: 1 pq: 91 rg: 20 | total time: 537.73m | eta: 230.8m
step 03900/05568 (70.04%) | loss: 2.434840 | lrm: 0.49 | dt: 8284.49ms | tok/sec: 126,571 | bf16_mfu: 5.07 | epoch: 1 pq: 91 rg: 22 | total time: 537.87m | eta: 230.6m
step 03901/05568 (70.06%) | loss: 2.432517 | lrm: 0.49 | dt: 8304.06ms | tok/sec: 126,272 | bf16_mfu: 5.06 | epoch: 1 pq: 91 rg: 24 | total time: 538.01m | eta: 230.5m
step 03902/05568 (70.08%) | loss: 2.433535 | lrm: 0.49 | dt: 8290.64ms | tok/sec: 126,477 | bf16_mfu: 5.07 | epoch: 1 pq: 91 rg: 26 | total time: 538.15m | eta: 230.4m
step 03903/05568 (70.10%) | loss: 2.403530 | lrm: 0.49 | dt: 8292.85ms | tok/sec: 126,443 | bf16_mfu: 5.07 | epoch: 1 pq: 91 rg: 27 | total time: 538.29m | eta: 230.2m
step 03904/05568 (70.11%) | loss: 2.420887 | lrm: 0.49 | dt: 8293.40ms | tok/sec: 126,435 | bf16_mfu: 5.07 | epoch: 1 pq: 91 rg: 29 | total time: 538.43m | eta: 230.1m
step 03905/05568 (70.13%) | loss: 2.414855 | lrm: 0.49 | dt: 8307.70ms | tok/sec: 126,217 | bf16_mfu: 5.06 | epoch: 1 pq: 91 rg: 31 | total time: 538.56m | eta: 229.9m
step 03906/05568 (70.15%) | loss: 2.412997 | lrm: 0.49 | dt: 8299.61ms | tok/sec: 126,340 | bf16_mfu: 5.06 | epoch: 1 pq: 91 rg: 33 | total time: 538.70m | eta: 229.8m
step 03907/05568 (70.17%) | loss: 2.426314 | lrm: 0.49 | dt: 8291.89ms | tok/sec: 126,458 | bf16_mfu: 5.07 | epoch: 1 pq: 91 rg: 35 | total time: 538.84m | eta: 229.7m
step 03908/05568 (70.19%) | loss: 2.428055 | lrm: 0.49 | dt: 8287.00ms | tok/sec: 126,532 | bf16_mfu: 5.07 | epoch: 1 pq: 91 rg: 37 | total time: 538.98m | eta: 229.5m
step 03909/05568 (70.20%) | loss: 2.419986 | lrm: 0.49 | dt: 8294.03ms | tok/sec: 126,425 | bf16_mfu: 5.07 | epoch: 1 pq: 91 rg: 39 | total time: 539.12m | eta: 229.4m
step 03910/05568 (70.22%) | loss: 2.436650 | lrm: 0.49 | dt: 8292.56ms | tok/sec: 126,447 | bf16_mfu: 5.07 | epoch: 1 pq: 91 rg: 41 | total time: 539.26m | eta: 229.3m
step 03911/05568 (70.24%) | loss: 2.442380 | lrm: 0.48 | dt: 8304.78ms | tok/sec: 126,261 | bf16_mfu: 5.06 | epoch: 1 pq: 91 rg: 43 | total time: 539.39m | eta: 229.1m
step 03912/05568 (70.26%) | loss: 2.433189 | lrm: 0.48 | dt: 8300.12ms | tok/sec: 126,332 | bf16_mfu: 5.06 | epoch: 1 pq: 91 rg: 45 | total time: 539.53m | eta: 229.0m
step 03913/05568 (70.28%) | loss: 2.440051 | lrm: 0.48 | dt: 8308.39ms | tok/sec: 126,206 | bf16_mfu: 5.06 | epoch: 1 pq: 91 rg: 47 | total time: 539.67m | eta: 228.8m
step 03914/05568 (70.29%) | loss: 2.447461 | lrm: 0.48 | dt: 8294.71ms | tok/sec: 126,415 | bf16_mfu: 5.07 | epoch: 1 pq: 91 rg: 49 | total time: 539.81m | eta: 228.7m
step 03915/05568 (70.31%) | loss: 2.452227 | lrm: 0.48 | dt: 8291.41ms | tok/sec: 126,465 | bf16_mfu: 5.07 | epoch: 1 pq: 91 rg: 51 | total time: 539.95m | eta: 228.6m
step 03916/05568 (70.33%) | loss: 2.454976 | lrm: 0.48 | dt: 8290.98ms | tok/sec: 126,471 | bf16_mfu: 5.07 | epoch: 1 pq: 91 rg: 53 | total time: 540.09m | eta: 228.4m
step 03917/05568 (70.35%) | loss: 2.466204 | lrm: 0.48 | dt: 8292.51ms | tok/sec: 126,448 | bf16_mfu: 5.07 | epoch: 1 pq: 91 rg: 54 | total time: 540.22m | eta: 228.3m
step 03918/05568 (70.37%) | loss: 2.464980 | lrm: 0.48 | dt: 8296.43ms | tok/sec: 126,388 | bf16_mfu: 5.07 | epoch: 1 pq: 91 rg: 56 | total time: 540.36m | eta: 228.1m
step 03919/05568 (70.38%) | loss: 2.450586 | lrm: 0.48 | dt: 8293.48ms | tok/sec: 126,433 | bf16_mfu: 5.07 | epoch: 1 pq: 91 rg: 58 | total time: 540.50m | eta: 228.0m
step 03920/05568 (70.40%) | loss: 2.454477 | lrm: 0.48 | dt: 8298.76ms | tok/sec: 126,353 | bf16_mfu: 5.06 | epoch: 1 pq: 91 rg: 60 | total time: 540.64m | eta: 227.9m
step 03921/05568 (70.42%) | loss: 2.470609 | lrm: 0.48 | dt: 8302.66ms | tok/sec: 126,293 | bf16_mfu: 5.06 | epoch: 1 pq: 91 rg: 62 | total time: 540.78m | eta: 227.7m
step 03922/05568 (70.44%) | loss: 2.464801 | lrm: 0.48 | dt: 8295.52ms | tok/sec: 126,402 | bf16_mfu: 5.07 | epoch: 1 pq: 91 rg: 64 | total time: 540.92m | eta: 227.6m
step 03923/05568 (70.46%) | loss: 2.457123 | lrm: 0.48 | dt: 8288.91ms | tok/sec: 126,503 | bf16_mfu: 5.07 | epoch: 1 pq: 91 rg: 66 | total time: 541.05m | eta: 227.5m
step 03924/05568 (70.47%) | loss: 2.469849 | lrm: 0.48 | dt: 8285.36ms | tok/sec: 126,557 | bf16_mfu: 5.07 | epoch: 1 pq: 91 rg: 68 | total time: 541.19m | eta: 227.3m
step 03925/05568 (70.49%) | loss: 2.474776 | lrm: 0.48 | dt: 8296.98ms | tok/sec: 126,380 | bf16_mfu: 5.07 | epoch: 1 pq: 91 rg: 70 | total time: 541.33m | eta: 227.2m
step 03926/05568 (70.51%) | loss: 2.488779 | lrm: 0.48 | dt: 8283.40ms | tok/sec: 126,587 | bf16_mfu: 5.07 | epoch: 1 pq: 91 rg: 72 | total time: 541.47m | eta: 227.0m
step 03927/05568 (70.53%) | loss: 2.490569 | lrm: 0.48 | dt: 8292.72ms | tok/sec: 126,445 | bf16_mfu: 5.07 | epoch: 1 pq: 91 rg: 74 | total time: 541.61m | eta: 226.9m
step 03928/05568 (70.55%) | loss: 2.484906 | lrm: 0.48 | dt: 8298.79ms | tok/sec: 126,352 | bf16_mfu: 5.06 | epoch: 1 pq: 91 rg: 76 | total time: 541.74m | eta: 226.8m
step 03929/05568 (70.56%) | loss: 2.475710 | lrm: 0.48 | dt: 8302.91ms | tok/sec: 126,290 | bf16_mfu: 5.06 | epoch: 1 pq: 91 rg: 78 | total time: 541.88m | eta: 226.6m
step 03930/05568 (70.58%) | loss: 2.465849 | lrm: 0.48 | dt: 8292.25ms | tok/sec: 126,452 | bf16_mfu: 5.07 | epoch: 1 pq: 91 rg: 80 | total time: 542.02m | eta: 226.5m
step 03931/05568 (70.60%) | loss: 2.464134 | lrm: 0.48 | dt: 8290.93ms | tok/sec: 126,472 | bf16_mfu: 5.07 | epoch: 1 pq: 91 rg: 81 | total time: 542.16m | eta: 226.3m
step 03932/05568 (70.62%) | loss: 2.454835 | lrm: 0.48 | dt: 8295.56ms | tok/sec: 126,402 | bf16_mfu: 5.07 | epoch: 1 pq: 92 rg: 1 | total time: 542.30m | eta: 226.2m
step 03933/05568 (70.64%) | loss: 2.449159 | lrm: 0.48 | dt: 8289.60ms | tok/sec: 126,492 | bf16_mfu: 5.07 | epoch: 1 pq: 92 rg: 3 | total time: 542.44m | eta: 226.1m
step 03934/05568 (70.65%) | loss: 2.436042 | lrm: 0.48 | dt: 8291.18ms | tok/sec: 126,468 | bf16_mfu: 5.07 | epoch: 1 pq: 92 rg: 5 | total time: 542.57m | eta: 225.9m
step 03935/05568 (70.67%) | loss: 2.437339 | lrm: 0.48 | dt: 8281.69ms | tok/sec: 126,613 | bf16_mfu: 5.07 | epoch: 1 pq: 92 rg: 7 | total time: 542.71m | eta: 225.8m
step 03936/05568 (70.69%) | loss: 2.435639 | lrm: 0.48 | dt: 8282.41ms | tok/sec: 126,602 | bf16_mfu: 5.07 | epoch: 1 pq: 92 rg: 9 | total time: 542.85m | eta: 225.7m
step 03937/05568 (70.71%) | loss: 2.429154 | lrm: 0.48 | dt: 8291.36ms | tok/sec: 126,466 | bf16_mfu: 5.07 | epoch: 1 pq: 92 rg: 11 | total time: 542.99m | eta: 225.5m
step 03938/05568 (70.73%) | loss: 2.420934 | lrm: 0.48 | dt: 8301.55ms | tok/sec: 126,310 | bf16_mfu: 5.06 | epoch: 1 pq: 92 rg: 13 | total time: 543.13m | eta: 225.4m
step 03939/05568 (70.74%) | loss: 2.430665 | lrm: 0.48 | dt: 8300.66ms | tok/sec: 126,324 | bf16_mfu: 5.06 | epoch: 1 pq: 92 rg: 15 | total time: 543.26m | eta: 225.2m
step 03940/05568 (70.76%) | loss: 2.430326 | lrm: 0.48 | dt: 8294.39ms | tok/sec: 126,419 | bf16_mfu: 5.07 | epoch: 1 pq: 92 rg: 17 | total time: 543.40m | eta: 225.1m
step 03941/05568 (70.78%) | loss: 2.428967 | lrm: 0.48 | dt: 8287.36ms | tok/sec: 126,527 | bf16_mfu: 5.07 | epoch: 1 pq: 92 rg: 19 | total time: 543.54m | eta: 225.0m
step 03942/05568 (70.80%) | loss: 2.432801 | lrm: 0.48 | dt: 8285.92ms | tok/sec: 126,549 | bf16_mfu: 5.07 | epoch: 1 pq: 92 rg: 21 | total time: 543.68m | eta: 224.8m
step 03943/05568 (70.82%) | loss: 2.426304 | lrm: 0.48 | dt: 8289.42ms | tok/sec: 126,495 | bf16_mfu: 5.07 | epoch: 1 pq: 92 rg: 23 | total time: 543.82m | eta: 224.7m
step 03944/05568 (70.83%) | loss: 2.460485 | lrm: 0.48 | dt: 8291.77ms | tok/sec: 126,459 | bf16_mfu: 5.07 | epoch: 1 pq: 92 rg: 25 | total time: 543.96m | eta: 224.6m
step 03945/05568 (70.85%) | loss: 2.458720 | lrm: 0.48 | dt: 8283.75ms | tok/sec: 126,582 | bf16_mfu: 5.07 | epoch: 1 pq: 92 rg: 26 | total time: 544.09m | eta: 224.4m
step 03946/05568 (70.87%) | loss: 2.456016 | lrm: 0.48 | dt: 8284.25ms | tok/sec: 126,574 | bf16_mfu: 5.07 | epoch: 1 pq: 92 rg: 28 | total time: 544.23m | eta: 224.3m
step 03947/05568 (70.89%) | loss: 2.465014 | lrm: 0.48 | dt: 8294.58ms | tok/sec: 126,417 | bf16_mfu: 5.07 | epoch: 1 pq: 92 rg: 30 | total time: 544.37m | eta: 224.1m
step 03948/05568 (70.91%) | loss: 2.468504 | lrm: 0.48 | dt: 8293.62ms | tok/sec: 126,431 | bf16_mfu: 5.07 | epoch: 1 pq: 92 rg: 32 | total time: 544.51m | eta: 224.0m
step 03949/05568 (70.92%) | loss: 2.482061 | lrm: 0.47 | dt: 8341.20ms | tok/sec: 125,710 | bf16_mfu: 5.04 | epoch: 1 pq: 92 rg: 34 | total time: 544.65m | eta: 223.9m
step 03950/05568 (70.94%) | loss: 2.487059 | lrm: 0.47 | dt: 8249.98ms | tok/sec: 127,100 | bf16_mfu: 5.09 | epoch: 1 pq: 92 rg: 36 | total time: 544.78m | eta: 223.7m
step 03951/05568 (70.96%) | loss: 2.495168 | lrm: 0.47 | dt: 8247.88ms | tok/sec: 127,132 | bf16_mfu: 5.10 | epoch: 1 pq: 92 rg: 38 | total time: 544.92m | eta: 223.6m
step 03952/05568 (70.98%) | loss: 2.496656 | lrm: 0.47 | dt: 8255.30ms | tok/sec: 127,018 | bf16_mfu: 5.09 | epoch: 1 pq: 92 rg: 40 | total time: 545.06m | eta: 223.4m
step 03953/05568 (70.99%) | loss: 2.498619 | lrm: 0.47 | dt: 8246.89ms | tok/sec: 127,148 | bf16_mfu: 5.10 | epoch: 1 pq: 92 rg: 42 | total time: 545.20m | eta: 223.3m
step 03954/05568 (71.01%) | loss: 2.492607 | lrm: 0.47 | dt: 8251.30ms | tok/sec: 127,080 | bf16_mfu: 5.09 | epoch: 1 pq: 92 rg: 44 | total time: 545.33m | eta: 223.2m
step 03955/05568 (71.03%) | loss: 2.502960 | lrm: 0.47 | dt: 8246.62ms | tok/sec: 127,152 | bf16_mfu: 5.10 | epoch: 1 pq: 92 rg: 46 | total time: 545.47m | eta: 223.0m
step 03956/05568 (71.05%) | loss: 2.501429 | lrm: 0.47 | dt: 8245.40ms | tok/sec: 127,170 | bf16_mfu: 5.10 | epoch: 1 pq: 92 rg: 48 | total time: 545.61m | eta: 222.9m
step 03957/05568 (71.07%) | loss: 2.506218 | lrm: 0.47 | dt: 8247.41ms | tok/sec: 127,140 | bf16_mfu: 5.10 | epoch: 1 pq: 92 rg: 50 | total time: 545.75m | eta: 222.8m
step 03958/05568 (71.08%) | loss: 2.500839 | lrm: 0.47 | dt: 8257.11ms | tok/sec: 126,990 | bf16_mfu: 5.09 | epoch: 1 pq: 92 rg: 52 | total time: 545.88m | eta: 222.6m
step 03959/05568 (71.10%) | loss: 2.507905 | lrm: 0.47 | dt: 8242.58ms | tok/sec: 127,214 | bf16_mfu: 5.10 | epoch: 1 pq: 92 rg: 54 | total time: 546.02m | eta: 222.5m
step 03960/05568 (71.12%) | loss: 2.503944 | lrm: 0.47 | dt: 8244.86ms | tok/sec: 127,179 | bf16_mfu: 5.10 | epoch: 1 pq: 92 rg: 56 | total time: 546.16m | eta: 222.3m
step 03961/05568 (71.14%) | loss: 2.514526 | lrm: 0.47 | dt: 8254.25ms | tok/sec: 127,034 | bf16_mfu: 5.09 | epoch: 1 pq: 92 rg: 57 | total time: 546.30m | eta: 222.2m
step 03962/05568 (71.16%) | loss: 2.499635 | lrm: 0.47 | dt: 8242.43ms | tok/sec: 127,216 | bf16_mfu: 5.10 | epoch: 1 pq: 92 rg: 59 | total time: 546.43m | eta: 222.1m
step 03963/05568 (71.17%) | loss: 2.507402 | lrm: 0.47 | dt: 8254.99ms | tok/sec: 127,023 | bf16_mfu: 5.09 | epoch: 1 pq: 92 rg: 61 | total time: 546.57m | eta: 221.9m
step 03964/05568 (71.19%) | loss: 2.505500 | lrm: 0.47 | dt: 8241.21ms | tok/sec: 127,235 | bf16_mfu: 5.10 | epoch: 1 pq: 92 rg: 63 | total time: 546.71m | eta: 221.8m
step 03965/05568 (71.21%) | loss: 2.504241 | lrm: 0.47 | dt: 8256.00ms | tok/sec: 127,007 | bf16_mfu: 5.09 | epoch: 1 pq: 92 rg: 65 | total time: 546.85m | eta: 221.6m
step 03966/05568 (71.23%) | loss: 2.502691 | lrm: 0.47 | dt: 8246.89ms | tok/sec: 127,148 | bf16_mfu: 5.10 | epoch: 1 pq: 92 rg: 67 | total time: 546.98m | eta: 221.5m
step 03967/05568 (71.25%) | loss: 2.490487 | lrm: 0.47 | dt: 8244.19ms | tok/sec: 127,189 | bf16_mfu: 5.10 | epoch: 1 pq: 92 rg: 69 | total time: 547.12m | eta: 221.4m
step 03968/05568 (71.26%) | loss: 2.497994 | lrm: 0.47 | dt: 8242.94ms | tok/sec: 127,208 | bf16_mfu: 5.10 | epoch: 1 pq: 92 rg: 71 | total time: 547.26m | eta: 221.2m
step 03969/05568 (71.28%) | loss: 2.483866 | lrm: 0.47 | dt: 8247.52ms | tok/sec: 127,138 | bf16_mfu: 5.10 | epoch: 1 pq: 92 rg: 73 | total time: 547.40m | eta: 221.1m
step 03970/05568 (71.30%) | loss: 2.472078 | lrm: 0.47 | dt: 8246.24ms | tok/sec: 127,158 | bf16_mfu: 5.10 | epoch: 1 pq: 92 rg: 75 | total time: 547.53m | eta: 220.9m
step 03971/05568 (71.32%) | loss: 2.468164 | lrm: 0.47 | dt: 8248.29ms | tok/sec: 127,126 | bf16_mfu: 5.09 | epoch: 1 pq: 92 rg: 77 | total time: 547.67m | eta: 220.8m
step 03972/05568 (71.34%) | loss: 2.479391 | lrm: 0.47 | dt: 8254.11ms | tok/sec: 127,036 | bf16_mfu: 5.09 | epoch: 1 pq: 92 rg: 79 | total time: 547.81m | eta: 220.7m
step 03973/05568 (71.35%) | loss: 2.484673 | lrm: 0.47 | dt: 8250.19ms | tok/sec: 127,097 | bf16_mfu: 5.09 | epoch: 1 pq: 92 rg: 81 | total time: 547.95m | eta: 220.5m
step 03974/05568 (71.37%) | loss: 2.487160 | lrm: 0.47 | dt: 8242.95ms | tok/sec: 127,208 | bf16_mfu: 5.10 | epoch: 1 pq: 93 rg: 1 | total time: 548.08m | eta: 220.4m
step 03975/05568 (71.39%) | loss: 2.465955 | lrm: 0.47 | dt: 8248.54ms | tok/sec: 127,122 | bf16_mfu: 5.09 | epoch: 1 pq: 93 rg: 3 | total time: 548.22m | eta: 220.3m
step 03976/05568 (71.41%) | loss: 2.464097 | lrm: 0.47 | dt: 8246.35ms | tok/sec: 127,156 | bf16_mfu: 5.10 | epoch: 1 pq: 93 rg: 4 | total time: 548.36m | eta: 220.1m
step 03977/05568 (71.43%) | loss: 2.443477 | lrm: 0.47 | dt: 8246.70ms | tok/sec: 127,150 | bf16_mfu: 5.10 | epoch: 1 pq: 93 rg: 6 | total time: 548.50m | eta: 220.0m
step 03978/05568 (71.44%) | loss: 2.445903 | lrm: 0.47 | dt: 8248.97ms | tok/sec: 127,116 | bf16_mfu: 5.09 | epoch: 1 pq: 93 rg: 8 | total time: 548.63m | eta: 219.8m
step 03979/05568 (71.46%) | loss: 2.449826 | lrm: 0.47 | dt: 8255.04ms | tok/sec: 127,022 | bf16_mfu: 5.09 | epoch: 1 pq: 93 rg: 10 | total time: 548.77m | eta: 219.7m
step 03980/05568 (71.48%) | loss: 2.461416 | lrm: 0.47 | dt: 8252.76ms | tok/sec: 127,057 | bf16_mfu: 5.09 | epoch: 1 pq: 93 rg: 12 | total time: 548.91m | eta: 219.6m
step 03981/05568 (71.50%) | loss: 2.448922 | lrm: 0.47 | dt: 8247.20ms | tok/sec: 127,143 | bf16_mfu: 5.10 | epoch: 1 pq: 93 rg: 14 | total time: 549.05m | eta: 219.4m
step 03982/05568 (71.52%) | loss: 2.445761 | lrm: 0.47 | dt: 8247.14ms | tok/sec: 127,144 | bf16_mfu: 5.10 | epoch: 1 pq: 93 rg: 16 | total time: 549.18m | eta: 219.3m
step 03983/05568 (71.53%) | loss: 2.439855 | lrm: 0.47 | dt: 8251.36ms | tok/sec: 127,079 | bf16_mfu: 5.09 | epoch: 1 pq: 93 rg: 18 | total time: 549.32m | eta: 219.1m
step 03984/05568 (71.55%) | loss: 2.430662 | lrm: 0.47 | dt: 8242.35ms | tok/sec: 127,218 | bf16_mfu: 5.10 | epoch: 1 pq: 93 rg: 20 | total time: 549.46m | eta: 219.0m
step 03985/05568 (71.57%) | loss: 2.438896 | lrm: 0.47 | dt: 8248.54ms | tok/sec: 127,122 | bf16_mfu: 5.09 | epoch: 1 pq: 93 rg: 22 | total time: 549.60m | eta: 218.9m
step 03986/05568 (71.59%) | loss: 2.432688 | lrm: 0.47 | dt: 8250.80ms | tok/sec: 127,087 | bf16_mfu: 5.09 | epoch: 1 pq: 93 rg: 24 | total time: 549.73m | eta: 218.7m
step 03987/05568 (71.61%) | loss: 2.434039 | lrm: 0.47 | dt: 8241.97ms | tok/sec: 127,223 | bf16_mfu: 5.10 | epoch: 1 pq: 93 rg: 26 | total time: 549.87m | eta: 218.6m
step 03988/05568 (71.62%) | loss: 2.426460 | lrm: 0.46 | dt: 8245.66ms | tok/sec: 127,167 | bf16_mfu: 5.10 | epoch: 1 pq: 93 rg: 28 | total time: 550.01m | eta: 218.5m
step 03989/05568 (71.64%) | loss: 2.431922 | lrm: 0.46 | dt: 8247.18ms | tok/sec: 127,143 | bf16_mfu: 5.10 | epoch: 1 pq: 93 rg: 30 | total time: 550.15m | eta: 218.3m
step 03990/05568 (71.66%) | loss: 2.428833 | lrm: 0.46 | dt: 8246.53ms | tok/sec: 127,153 | bf16_mfu: 5.10 | epoch: 1 pq: 93 rg: 32 | total time: 550.28m | eta: 218.2m
step 03991/05568 (71.68%) | loss: 2.426376 | lrm: 0.46 | dt: 8244.83ms | tok/sec: 127,179 | bf16_mfu: 5.10 | epoch: 1 pq: 93 rg: 34 | total time: 550.42m | eta: 218.0m
step 03992/05568 (71.70%) | loss: 2.418536 | lrm: 0.46 | dt: 8240.15ms | tok/sec: 127,252 | bf16_mfu: 5.10 | epoch: 1 pq: 93 rg: 36 | total time: 550.56m | eta: 217.9m
step 03993/05568 (71.71%) | loss: 2.412265 | lrm: 0.46 | dt: 8240.02ms | tok/sec: 127,253 | bf16_mfu: 5.10 | epoch: 1 pq: 93 rg: 37 | total time: 550.70m | eta: 217.8m
step 03994/05568 (71.73%) | loss: 2.412306 | lrm: 0.46 | dt: 8248.70ms | tok/sec: 127,120 | bf16_mfu: 5.09 | epoch: 1 pq: 93 rg: 39 | total time: 550.83m | eta: 217.6m
step 03995/05568 (71.75%) | loss: 2.418390 | lrm: 0.46 | dt: 8247.43ms | tok/sec: 127,139 | bf16_mfu: 5.10 | epoch: 1 pq: 93 rg: 41 | total time: 550.97m | eta: 217.5m
step 03996/05568 (71.77%) | loss: 2.418786 | lrm: 0.46 | dt: 8254.41ms | tok/sec: 127,032 | bf16_mfu: 5.09 | epoch: 1 pq: 93 rg: 43 | total time: 551.11m | eta: 217.3m
step 03997/05568 (71.79%) | loss: 2.438241 | lrm: 0.46 | dt: 8245.29ms | tok/sec: 127,172 | bf16_mfu: 5.10 | epoch: 1 pq: 93 rg: 45 | total time: 551.25m | eta: 217.2m
step 03998/05568 (71.80%) | loss: 2.431613 | lrm: 0.46 | dt: 8249.99ms | tok/sec: 127,100 | bf16_mfu: 5.09 | epoch: 1 pq: 93 rg: 47 | total time: 551.38m | eta: 217.1m
step 03999/05568 (71.82%) | loss: 2.407750 | lrm: 0.46 | dt: 8243.19ms | tok/sec: 127,205 | bf16_mfu: 5.10 | epoch: 1 pq: 93 rg: 49 | total time: 551.52m | eta: 216.9m
Step 04000 | Validation bpb: 0.746876
Evaluating: hellaswag_zeroshot (0-shot, type: multiple_choice)... accuracy: 0.5460 | centered: 0.3947 | time: 10.81s
Evaluating: jeopardy (10-shot, type: language_modeling)... accuracy: 0.0700 | centered: 0.0700 | time: 10.88s
Evaluating: bigbench_qa_wikidata (10-shot, type: language_modeling)... accuracy: 0.4700 | centered: 0.4700 | time: 10.76s
Evaluating: arc_easy (10-shot, type: multiple_choice)... accuracy: 0.6560 | centered: 0.5413 | time: 11.52s
Evaluating: arc_challenge (10-shot, type: multiple_choice)... accuracy: 0.3740 | centered: 0.1653 | time: 11.56s
Evaluating: copa (0-shot, type: multiple_choice)... accuracy: 0.6300 | centered: 0.2600 | time: 2.07s
Evaluating: commonsense_qa (10-shot, type: multiple_choice)... accuracy: 0.2380 | centered: 0.0475 | time: 11.62s
Evaluating: piqa (10-shot, type: multiple_choice)... accuracy: 0.7420 | centered: 0.4840 | time: 10.66s
Evaluating: openbook_qa (0-shot, type: multiple_choice)... accuracy: 0.3860 | centered: 0.1813 | time: 10.10s
Evaluating: lambada_openai (0-shot, type: language_modeling)... accuracy: 0.4360 | centered: 0.4360 | time: 10.12s
Evaluating: hellaswag (10-shot, type: multiple_choice)... accuracy: 0.5480 | centered: 0.3973 | time: 13.68s
Evaluating: winograd (0-shot, type: schema)... accuracy: 0.6374 | centered: 0.2747 | time: 5.68s
Evaluating: winogrande (0-shot, type: schema)... accuracy: 0.5520 | centered: 0.1040 | time: 10.22s
Evaluating: bigbench_dyck_languages (10-shot, type: language_modeling)... accuracy: 0.1540 | centered: 0.1540 | time: 10.77s
Evaluating: agi_eval_lsat_ar (3-shot, type: multiple_choice)... accuracy: 0.2174 | centered: 0.0217 | time: 6.11s
Evaluating: bigbench_cs_algorithms (10-shot, type: language_modeling)... accuracy: 0.3840 | centered: 0.3840 | time: 10.64s
Evaluating: bigbench_operators (10-shot, type: language_modeling)... accuracy: 0.1381 | centered: 0.1381 | time: 4.31s
Evaluating: bigbench_repeat_copy_logic (10-shot, type: language_modeling)... accuracy: 0.0000 | centered: 0.0000 | time: 0.65s
Evaluating: squad (10-shot, type: language_modeling)... accuracy: 0.3900 | centered: 0.3900 | time: 12.11s
Evaluating: coqa (0-shot, type: language_modeling)... accuracy: 0.2800 | centered: 0.2800 | time: 10.44s
Evaluating: boolq (10-shot, type: multiple_choice)... accuracy: 0.5580 | centered: -0.1632 | time: 13.56s
Evaluating: bigbench_language_identification (10-shot, type: multiple_choice)... accuracy: 0.2780 | centered: 0.2057 | time: 21.33s
Step 04000 | CORE metric: 0.2380
<|bos|>The capital of France is Paris, and the capital of France is Paris. The capital of France is Paris
<|bos|>The chemical symbol of gold is Au. It is a soft, malleable, ductile, and a good
<|bos|>If yesterday was Friday, then tomorrow will be Monday. If yesterday was Monday, then tomorrow will be Tuesday. If yesterday was
<|bos|>The opposite of hot is cold. Cold is the opposite of hot. It is the opposite of warm.
<|bos|>The planets of the solar system are: Mercury, Venus, Earth, Mars, Jupiter, Saturn, Uranus, Ne
<|bos|>My favorite color is blue. I love the color blue because it is calming and soothing. It is
<|bos|>If 5*x + 3 = 13, then x is 5. If 5*x + 3 = 13, then
2026-10-08 05:38:43,154 - nanochat.checkpoint_manager - [32m[1mINFO[0m - Saved model parameters to: /home/astarostin/.cache/nanochat/base_checkpoints/d24_1xh100/model_004000.pt
2026-10-08 05:38:43,155 - nanochat.checkpoint_manager - [32m[1mINFO[0m - Saved metadata to: /home/astarostin/.cache/nanochat/base_checkpoints/d24_1xh100/meta_004000.json
2026-10-08 05:38:50,452 - nanochat.checkpoint_manager - [32m[1mINFO[0m - Saved optimizer state to: /home/astarostin/.cache/nanochat/base_checkpoints/d24_1xh100/optim_004000_rank0.pt
step 04000/05568 (71.84%) | loss: 2.420947 | lrm: 0.46 | dt: 8226.07ms | tok/sec: 127,469 | bf16_mfu: 5.11 | epoch: 1 pq: 93 rg: 51 | total time: 551.66m | eta: 216.8m
step 04001/05568 (71.86%) | loss: 2.419081 | lrm: 0.46 | dt: 8249.40ms | tok/sec: 127,109 | bf16_mfu: 5.09 | epoch: 1 pq: 93 rg: 53 | total time: 551.79m | eta: 216.7m
step 04002/05568 (71.88%) | loss: 2.428588 | lrm: 0.46 | dt: 8266.79ms | tok/sec: 126,841 | bf16_mfu: 5.08 | epoch: 1 pq: 93 rg: 55 | total time: 551.93m | eta: 216.5m
step 04003/05568 (71.89%) | loss: 2.424982 | lrm: 0.46 | dt: 8277.33ms | tok/sec: 126,680 | bf16_mfu: 5.08 | epoch: 1 pq: 93 rg: 57 | total time: 552.07m | eta: 216.4m
step 04004/05568 (71.91%) | loss: 2.416991 | lrm: 0.46 | dt: 8270.77ms | tok/sec: 126,780 | bf16_mfu: 5.08 | epoch: 1 pq: 93 rg: 59 | total time: 552.21m | eta: 216.2m
step 04005/05568 (71.93%) | loss: 2.413606 | lrm: 0.46 | dt: 8280.68ms | tok/sec: 126,629 | bf16_mfu: 5.08 | epoch: 1 pq: 93 rg: 61 | total time: 552.35m | eta: 216.1m
step 04006/05568 (71.95%) | loss: 2.425064 | lrm: 0.46 | dt: 8278.17ms | tok/sec: 126,667 | bf16_mfu: 5.08 | epoch: 1 pq: 93 rg: 62 | total time: 552.48m | eta: 216.0m
step 04007/05568 (71.96%) | loss: 2.426097 | lrm: 0.46 | dt: 8292.01ms | tok/sec: 126,456 | bf16_mfu: 5.07 | epoch: 1 pq: 93 rg: 64 | total time: 552.62m | eta: 215.8m
step 04008/05568 (71.98%) | loss: 2.426040 | lrm: 0.46 | dt: 8285.56ms | tok/sec: 126,554 | bf16_mfu: 5.07 | epoch: 1 pq: 93 rg: 66 | total time: 552.76m | eta: 215.7m
step 04009/05568 (72.00%) | loss: 2.432004 | lrm: 0.46 | dt: 8281.14ms | tok/sec: 126,622 | bf16_mfu: 5.07 | epoch: 1 pq: 93 rg: 68 | total time: 552.90m | eta: 215.5m
step 04010/05568 (72.02%) | loss: 2.425871 | lrm: 0.46 | dt: 8291.71ms | tok/sec: 126,460 | bf16_mfu: 5.07 | epoch: 1 pq: 93 rg: 70 | total time: 553.04m | eta: 215.4m
step 04011/05568 (72.04%) | loss: 2.419623 | lrm: 0.46 | dt: 8284.01ms | tok/sec: 126,578 | bf16_mfu: 5.07 | epoch: 1 pq: 93 rg: 72 | total time: 553.17m | eta: 215.3m
step 04012/05568 (72.05%) | loss: 2.427141 | lrm: 0.46 | dt: 8296.81ms | tok/sec: 126,383 | bf16_mfu: 5.07 | epoch: 1 pq: 93 rg: 74 | total time: 553.31m | eta: 215.1m
step 04013/05568 (72.07%) | loss: 2.434069 | lrm: 0.46 | dt: 8295.67ms | tok/sec: 126,400 | bf16_mfu: 5.07 | epoch: 1 pq: 93 rg: 76 | total time: 553.45m | eta: 215.0m
step 04014/05568 (72.09%) | loss: 2.438462 | lrm: 0.46 | dt: 8290.50ms | tok/sec: 126,479 | bf16_mfu: 5.07 | epoch: 1 pq: 93 rg: 78 | total time: 553.59m | eta: 214.9m
step 04015/05568 (72.11%) | loss: 2.443157 | lrm: 0.46 | dt: 8296.92ms | tok/sec: 126,381 | bf16_mfu: 5.07 | epoch: 1 pq: 93 rg: 80 | total time: 553.73m | eta: 214.7m
step 04016/05568 (72.13%) | loss: 2.448019 | lrm: 0.46 | dt: 8263.08ms | tok/sec: 126,898 | bf16_mfu: 5.09 | epoch: 1 pq: 93 rg: 82 | total time: 553.87m | eta: 214.6m
step 04017/05568 (72.14%) | loss: 2.439778 | lrm: 0.46 | dt: 8242.00ms | tok/sec: 127,223 | bf16_mfu: 5.10 | epoch: 1 pq: 94 rg: 1 | total time: 554.00m | eta: 214.4m
step 04018/05568 (72.16%) | loss: 2.453610 | lrm: 0.46 | dt: 8246.59ms | tok/sec: 127,152 | bf16_mfu: 5.10 | epoch: 1 pq: 94 rg: 3 | total time: 554.14m | eta: 214.3m
step 04019/05568 (72.18%) | loss: 2.424864 | lrm: 0.46 | dt: 8241.79ms | tok/sec: 127,226 | bf16_mfu: 5.10 | epoch: 1 pq: 94 rg: 5 | total time: 554.28m | eta: 214.2m
step 04020/05568 (72.20%) | loss: 2.420594 | lrm: 0.46 | dt: 8252.33ms | tok/sec: 127,064 | bf16_mfu: 5.09 | epoch: 1 pq: 94 rg: 6 | total time: 554.42m | eta: 214.0m
step 04021/05568 (72.22%) | loss: 2.421839 | lrm: 0.46 | dt: 8244.84ms | tok/sec: 127,179 | bf16_mfu: 5.10 | epoch: 1 pq: 94 rg: 8 | total time: 554.55m | eta: 213.9m
step 04022/05568 (72.23%) | loss: 2.423654 | lrm: 0.46 | dt: 8239.13ms | tok/sec: 127,267 | bf16_mfu: 5.10 | epoch: 1 pq: 94 rg: 10 | total time: 554.69m | eta: 213.7m
step 04023/05568 (72.25%) | loss: 2.430105 | lrm: 0.46 | dt: 8236.76ms | tok/sec: 127,304 | bf16_mfu: 5.10 | epoch: 1 pq: 94 rg: 12 | total time: 554.83m | eta: 213.6m
step 04024/05568 (72.27%) | loss: 2.427280 | lrm: 0.46 | dt: 8251.49ms | tok/sec: 127,077 | bf16_mfu: 5.09 | epoch: 1 pq: 94 rg: 14 | total time: 554.96m | eta: 213.5m
step 04025/05568 (72.29%) | loss: 2.420860 | lrm: 0.46 | dt: 8249.83ms | tok/sec: 127,102 | bf16_mfu: 5.09 | epoch: 1 pq: 94 rg: 16 | total time: 555.10m | eta: 213.3m
step 04026/05568 (72.31%) | loss: 2.415035 | lrm: 0.45 | dt: 8256.89ms | tok/sec: 126,994 | bf16_mfu: 5.09 | epoch: 1 pq: 94 rg: 18 | total time: 555.24m | eta: 213.2m
step 04027/05568 (72.32%) | loss: 2.411526 | lrm: 0.45 | dt: 8248.98ms | tok/sec: 127,115 | bf16_mfu: 5.09 | epoch: 1 pq: 94 rg: 20 | total time: 555.38m | eta: 213.1m
step 04028/05568 (72.34%) | loss: 2.403883 | lrm: 0.45 | dt: 8243.17ms | tok/sec: 127,205 | bf16_mfu: 5.10 | epoch: 1 pq: 94 rg: 22 | total time: 555.51m | eta: 212.9m
step 04029/05568 (72.36%) | loss: 2.396113 | lrm: 0.45 | dt: 8248.55ms | tok/sec: 127,122 | bf16_mfu: 5.09 | epoch: 1 pq: 94 rg: 24 | total time: 555.65m | eta: 212.8m
step 04030/05568 (72.38%) | loss: 2.387678 | lrm: 0.45 | dt: 8240.23ms | tok/sec: 127,250 | bf16_mfu: 5.10 | epoch: 1 pq: 94 rg: 26 | total time: 555.79m | eta: 212.6m
step 04031/05568 (72.40%) | loss: 2.406070 | lrm: 0.45 | dt: 8241.27ms | tok/sec: 127,234 | bf16_mfu: 5.10 | epoch: 1 pq: 94 rg: 27 | total time: 555.93m | eta: 212.5m
step 04032/05568 (72.41%) | loss: 2.408502 | lrm: 0.45 | dt: 8246.93ms | tok/sec: 127,147 | bf16_mfu: 5.10 | epoch: 1 pq: 94 rg: 29 | total time: 556.06m | eta: 212.4m
step 04033/05568 (72.43%) | loss: 2.417000 | lrm: 0.45 | dt: 8247.11ms | tok/sec: 127,144 | bf16_mfu: 5.10 | epoch: 1 pq: 94 rg: 31 | total time: 556.20m | eta: 212.2m
step 04034/05568 (72.45%) | loss: 2.410722 | lrm: 0.45 | dt: 8241.73ms | tok/sec: 127,227 | bf16_mfu: 5.10 | epoch: 1 pq: 94 rg: 33 | total time: 556.34m | eta: 212.1m
step 04035/05568 (72.47%) | loss: 2.408558 | lrm: 0.45 | dt: 8249.59ms | tok/sec: 127,106 | bf16_mfu: 5.09 | epoch: 1 pq: 94 rg: 35 | total time: 556.48m | eta: 211.9m
step 04036/05568 (72.49%) | loss: 2.422869 | lrm: 0.45 | dt: 8244.33ms | tok/sec: 127,187 | bf16_mfu: 5.10 | epoch: 1 pq: 94 rg: 37 | total time: 556.61m | eta: 211.8m
step 04037/05568 (72.50%) | loss: 2.427151 | lrm: 0.45 | dt: 8242.03ms | tok/sec: 127,223 | bf16_mfu: 5.10 | epoch: 1 pq: 94 rg: 39 | total time: 556.75m | eta: 211.7m
step 04038/05568 (72.52%) | loss: 2.433394 | lrm: 0.45 | dt: 8246.35ms | tok/sec: 127,156 | bf16_mfu: 5.10 | epoch: 1 pq: 94 rg: 41 | total time: 556.89m | eta: 211.5m
step 04039/05568 (72.54%) | loss: 2.457626 | lrm: 0.45 | dt: 8253.99ms | tok/sec: 127,038 | bf16_mfu: 5.09 | epoch: 1 pq: 94 rg: 43 | total time: 557.03m | eta: 211.4m
step 04040/05568 (72.56%) | loss: 2.456706 | lrm: 0.45 | dt: 8240.32ms | tok/sec: 127,249 | bf16_mfu: 5.10 | epoch: 1 pq: 94 rg: 45 | total time: 557.16m | eta: 211.3m
step 04041/05568 (72.58%) | loss: 2.466550 | lrm: 0.45 | dt: 8242.75ms | tok/sec: 127,211 | bf16_mfu: 5.10 | epoch: 1 pq: 94 rg: 47 | total time: 557.30m | eta: 211.1m
step 04042/05568 (72.59%) | loss: 2.471145 | lrm: 0.45 | dt: 8249.64ms | tok/sec: 127,105 | bf16_mfu: 5.09 | epoch: 1 pq: 94 rg: 49 | total time: 557.44m | eta: 211.0m
step 04043/05568 (72.61%) | loss: 2.467602 | lrm: 0.45 | dt: 8244.12ms | tok/sec: 127,190 | bf16_mfu: 5.10 | epoch: 1 pq: 94 rg: 51 | total time: 557.58m | eta: 210.8m
step 04044/05568 (72.63%) | loss: 2.477753 | lrm: 0.45 | dt: 8248.39ms | tok/sec: 127,124 | bf16_mfu: 5.09 | epoch: 1 pq: 94 rg: 52 | total time: 557.71m | eta: 210.7m
step 04045/05568 (72.65%) | loss: 2.456016 | lrm: 0.45 | dt: 8258.25ms | tok/sec: 126,973 | bf16_mfu: 5.09 | epoch: 1 pq: 94 rg: 54 | total time: 557.85m | eta: 210.6m
step 04046/05568 (72.67%) | loss: 2.454363 | lrm: 0.45 | dt: 8250.88ms | tok/sec: 127,086 | bf16_mfu: 5.09 | epoch: 1 pq: 94 rg: 56 | total time: 557.99m | eta: 210.4m
step 04047/05568 (72.68%) | loss: 2.455277 | lrm: 0.45 | dt: 8256.52ms | tok/sec: 126,999 | bf16_mfu: 5.09 | epoch: 1 pq: 94 rg: 58 | total time: 558.13m | eta: 210.3m
step 04048/05568 (72.70%) | loss: 2.451395 | lrm: 0.45 | dt: 8244.59ms | tok/sec: 127,183 | bf16_mfu: 5.10 | epoch: 1 pq: 94 rg: 60 | total time: 558.26m | eta: 210.1m
step 04049/05568 (72.72%) | loss: 2.446258 | lrm: 0.45 | dt: 8254.32ms | tok/sec: 127,033 | bf16_mfu: 5.09 | epoch: 1 pq: 94 rg: 62 | total time: 558.40m | eta: 210.0m
step 04050/05568 (72.74%) | loss: 2.439114 | lrm: 0.45 | dt: 8250.66ms | tok/sec: 127,089 | bf16_mfu: 5.09 | epoch: 1 pq: 94 rg: 64 | total time: 558.54m | eta: 209.9m
step 04051/05568 (72.76%) | loss: 2.444491 | lrm: 0.45 | dt: 8252.63ms | tok/sec: 127,059 | bf16_mfu: 5.09 | epoch: 1 pq: 94 rg: 66 | total time: 558.68m | eta: 209.7m
step 04052/05568 (72.77%) | loss: 2.429267 | lrm: 0.45 | dt: 8252.71ms | tok/sec: 127,058 | bf16_mfu: 5.09 | epoch: 1 pq: 94 rg: 68 | total time: 558.81m | eta: 209.6m
step 04053/05568 (72.79%) | loss: 2.439142 | lrm: 0.45 | dt: 8250.14ms | tok/sec: 127,098 | bf16_mfu: 5.09 | epoch: 1 pq: 94 rg: 70 | total time: 558.95m | eta: 209.5m
step 04054/05568 (72.81%) | loss: 2.434225 | lrm: 0.45 | dt: 8249.44ms | tok/sec: 127,108 | bf16_mfu: 5.09 | epoch: 1 pq: 94 rg: 72 | total time: 559.09m | eta: 209.3m
step 04055/05568 (72.83%) | loss: 2.432332 | lrm: 0.45 | dt: 8249.21ms | tok/sec: 127,112 | bf16_mfu: 5.09 | epoch: 1 pq: 94 rg: 74 | total time: 559.23m | eta: 209.2m
step 04056/05568 (72.84%) | loss: 2.444340 | lrm: 0.45 | dt: 8247.56ms | tok/sec: 127,137 | bf16_mfu: 5.10 | epoch: 1 pq: 94 rg: 76 | total time: 559.36m | eta: 209.0m
step 04057/05568 (72.86%) | loss: 2.447327 | lrm: 0.45 | dt: 8241.21ms | tok/sec: 127,235 | bf16_mfu: 5.10 | epoch: 1 pq: 94 rg: 78 | total time: 559.50m | eta: 208.9m
step 04058/05568 (72.88%) | loss: 2.461020 | lrm: 0.45 | dt: 8236.57ms | tok/sec: 127,307 | bf16_mfu: 5.10 | epoch: 1 pq: 94 rg: 80 | total time: 559.64m | eta: 208.8m
step 04059/05568 (72.90%) | loss: 2.461106 | lrm: 0.45 | dt: 8256.74ms | tok/sec: 126,996 | bf16_mfu: 5.09 | epoch: 1 pq: 95 rg: 0 | total time: 559.78m | eta: 208.6m
step 04060/05568 (72.92%) | loss: 2.468905 | lrm: 0.45 | dt: 8252.18ms | tok/sec: 127,066 | bf16_mfu: 5.09 | epoch: 1 pq: 95 rg: 2 | total time: 559.91m | eta: 208.5m
step 04061/05568 (72.93%) | loss: 2.470913 | lrm: 0.45 | dt: 8247.32ms | tok/sec: 127,141 | bf16_mfu: 5.10 | epoch: 1 pq: 95 rg: 4 | total time: 560.05m | eta: 208.3m
step 04062/05568 (72.95%) | loss: 2.459650 | lrm: 0.45 | dt: 8242.55ms | tok/sec: 127,215 | bf16_mfu: 5.10 | epoch: 1 pq: 95 rg: 5 | total time: 560.19m | eta: 208.2m
step 04063/05568 (72.97%) | loss: 2.457926 | lrm: 0.45 | dt: 8246.33ms | tok/sec: 127,156 | bf16_mfu: 5.10 | epoch: 1 pq: 95 rg: 7 | total time: 560.33m | eta: 208.1m
step 04064/05568 (72.99%) | loss: 2.469216 | lrm: 0.44 | dt: 8249.60ms | tok/sec: 127,106 | bf16_mfu: 5.09 | epoch: 1 pq: 95 rg: 9 | total time: 560.46m | eta: 207.9m
step 04065/05568 (73.01%) | loss: 2.464534 | lrm: 0.44 | dt: 8246.84ms | tok/sec: 127,148 | bf16_mfu: 5.10 | epoch: 1 pq: 95 rg: 11 | total time: 560.60m | eta: 207.8m
step 04066/05568 (73.02%) | loss: 2.452537 | lrm: 0.44 | dt: 8254.24ms | tok/sec: 127,034 | bf16_mfu: 5.09 | epoch: 1 pq: 95 rg: 13 | total time: 560.74m | eta: 207.7m
step 04067/05568 (73.04%) | loss: 2.436224 | lrm: 0.44 | dt: 8249.10ms | tok/sec: 127,113 | bf16_mfu: 5.09 | epoch: 1 pq: 95 rg: 15 | total time: 560.88m | eta: 207.5m
step 04068/05568 (73.06%) | loss: 2.449553 | lrm: 0.44 | dt: 8243.73ms | tok/sec: 127,196 | bf16_mfu: 5.10 | epoch: 1 pq: 95 rg: 17 | total time: 561.01m | eta: 207.4m
step 04069/05568 (73.08%) | loss: 2.432143 | lrm: 0.44 | dt: 8248.78ms | tok/sec: 127,118 | bf16_mfu: 5.09 | epoch: 1 pq: 95 rg: 19 | total time: 561.15m | eta: 207.2m
step 04070/05568 (73.10%) | loss: 2.432123 | lrm: 0.44 | dt: 8256.40ms | tok/sec: 127,001 | bf16_mfu: 5.09 | epoch: 1 pq: 95 rg: 21 | total time: 561.29m | eta: 207.1m
step 04071/05568 (73.11%) | loss: 2.453328 | lrm: 0.44 | dt: 8254.08ms | tok/sec: 127,037 | bf16_mfu: 5.09 | epoch: 1 pq: 95 rg: 23 | total time: 561.43m | eta: 207.0m
step 04072/05568 (73.13%) | loss: 2.450375 | lrm: 0.44 | dt: 8241.60ms | tok/sec: 127,229 | bf16_mfu: 5.10 | epoch: 1 pq: 95 rg: 25 | total time: 561.56m | eta: 206.8m
step 04073/05568 (73.15%) | loss: 2.436834 | lrm: 0.44 | dt: 8248.33ms | tok/sec: 127,125 | bf16_mfu: 5.09 | epoch: 1 pq: 95 rg: 27 | total time: 561.70m | eta: 206.7m
step 04074/05568 (73.17%) | loss: 2.436546 | lrm: 0.44 | dt: 8251.60ms | tok/sec: 127,075 | bf16_mfu: 5.09 | epoch: 1 pq: 95 rg: 29 | total time: 561.84m | eta: 206.5m
step 04075/05568 (73.19%) | loss: 2.422366 | lrm: 0.44 | dt: 8240.64ms | tok/sec: 127,244 | bf16_mfu: 5.10 | epoch: 1 pq: 95 rg: 30 | total time: 561.98m | eta: 206.4m
step 04076/05568 (73.20%) | loss: 2.427303 | lrm: 0.44 | dt: 8243.13ms | tok/sec: 127,205 | bf16_mfu: 5.10 | epoch: 1 pq: 95 rg: 32 | total time: 562.11m | eta: 206.3m
step 04077/05568 (73.22%) | loss: 2.446892 | lrm: 0.44 | dt: 8253.63ms | tok/sec: 127,044 | bf16_mfu: 5.09 | epoch: 1 pq: 95 rg: 34 | total time: 562.25m | eta: 206.1m
step 04078/05568 (73.24%) | loss: 2.461811 | lrm: 0.44 | dt: 8241.29ms | tok/sec: 127,234 | bf16_mfu: 5.10 | epoch: 1 pq: 95 rg: 36 | total time: 562.39m | eta: 206.0m
step 04079/05568 (73.26%) | loss: 2.452167 | lrm: 0.44 | dt: 8251.49ms | tok/sec: 127,077 | bf16_mfu: 5.09 | epoch: 1 pq: 95 rg: 38 | total time: 562.53m | eta: 205.8m
step 04080/05568 (73.28%) | loss: 2.426158 | lrm: 0.44 | dt: 8258.85ms | tok/sec: 126,963 | bf16_mfu: 5.09 | epoch: 1 pq: 95 rg: 40 | total time: 562.66m | eta: 205.7m
step 04081/05568 (73.29%) | loss: 2.440617 | lrm: 0.44 | dt: 8248.69ms | tok/sec: 127,120 | bf16_mfu: 5.09 | epoch: 1 pq: 95 rg: 42 | total time: 562.80m | eta: 205.6m
step 04082/05568 (73.31%) | loss: 2.431175 | lrm: 0.44 | dt: 8251.32ms | tok/sec: 127,079 | bf16_mfu: 5.09 | epoch: 1 pq: 95 rg: 44 | total time: 562.94m | eta: 205.4m
step 04083/05568 (73.33%) | loss: 2.438991 | lrm: 0.44 | dt: 8244.16ms | tok/sec: 127,190 | bf16_mfu: 5.10 | epoch: 1 pq: 95 rg: 46 | total time: 563.08m | eta: 205.3m
step 04084/05568 (73.35%) | loss: 2.451507 | lrm: 0.44 | dt: 8247.40ms | tok/sec: 127,140 | bf16_mfu: 5.10 | epoch: 1 pq: 95 rg: 48 | total time: 563.21m | eta: 205.2m
step 04085/05568 (73.37%) | loss: 2.452249 | lrm: 0.44 | dt: 8250.92ms | tok/sec: 127,085 | bf16_mfu: 5.09 | epoch: 1 pq: 95 rg: 50 | total time: 563.35m | eta: 205.0m
step 04086/05568 (73.38%) | loss: 2.440886 | lrm: 0.44 | dt: 8248.23ms | tok/sec: 127,127 | bf16_mfu: 5.10 | epoch: 1 pq: 95 rg: 52 | total time: 563.49m | eta: 204.9m
step 04087/05568 (73.40%) | loss: 2.446021 | lrm: 0.44 | dt: 8251.01ms | tok/sec: 127,084 | bf16_mfu: 5.09 | epoch: 1 pq: 95 rg: 54 | total time: 563.63m | eta: 204.7m
step 04088/05568 (73.42%) | loss: 2.454461 | lrm: 0.44 | dt: 8253.84ms | tok/sec: 127,041 | bf16_mfu: 5.09 | epoch: 1 pq: 95 rg: 55 | total time: 563.76m | eta: 204.6m
step 04089/05568 (73.44%) | loss: 2.455199 | lrm: 0.44 | dt: 8244.30ms | tok/sec: 127,188 | bf16_mfu: 5.10 | epoch: 1 pq: 95 rg: 57 | total time: 563.90m | eta: 204.5m
step 04090/05568 (73.46%) | loss: 2.471227 | lrm: 0.44 | dt: 8253.25ms | tok/sec: 127,050 | bf16_mfu: 5.09 | epoch: 1 pq: 95 rg: 59 | total time: 564.04m | eta: 204.3m
step 04091/05568 (73.47%) | loss: 2.472347 | lrm: 0.44 | dt: 8252.75ms | tok/sec: 127,057 | bf16_mfu: 5.09 | epoch: 1 pq: 95 rg: 61 | total time: 564.18m | eta: 204.2m
step 04092/05568 (73.49%) | loss: 2.480944 | lrm: 0.44 | dt: 8247.99ms | tok/sec: 127,131 | bf16_mfu: 5.10 | epoch: 1 pq: 95 rg: 63 | total time: 564.31m | eta: 204.0m
step 04093/05568 (73.51%) | loss: 2.486700 | lrm: 0.44 | dt: 8243.95ms | tok/sec: 127,193 | bf16_mfu: 5.10 | epoch: 1 pq: 95 rg: 65 | total time: 564.45m | eta: 203.9m
step 04094/05568 (73.53%) | loss: 2.488935 | lrm: 0.44 | dt: 8238.69ms | tok/sec: 127,274 | bf16_mfu: 5.10 | epoch: 1 pq: 95 rg: 67 | total time: 564.59m | eta: 203.8m
step 04095/05568 (73.55%) | loss: 2.475807 | lrm: 0.44 | dt: 8240.85ms | tok/sec: 127,241 | bf16_mfu: 5.10 | epoch: 1 pq: 95 rg: 69 | total time: 564.73m | eta: 203.6m
step 04096/05568 (73.56%) | loss: 2.473699 | lrm: 0.44 | dt: 8246.40ms | tok/sec: 127,155 | bf16_mfu: 5.10 | epoch: 1 pq: 95 rg: 71 | total time: 564.86m | eta: 203.5m
step 04097/05568 (73.58%) | loss: 2.470252 | lrm: 0.44 | dt: 8247.50ms | tok/sec: 127,138 | bf16_mfu: 5.10 | epoch: 1 pq: 95 rg: 73 | total time: 565.00m | eta: 203.4m
step 04098/05568 (73.60%) | loss: 2.467866 | lrm: 0.44 | dt: 8244.25ms | tok/sec: 127,188 | bf16_mfu: 5.10 | epoch: 1 pq: 95 rg: 74 | total time: 565.14m | eta: 203.2m
step 04099/05568 (73.62%) | loss: 2.477918 | lrm: 0.44 | dt: 8246.56ms | tok/sec: 127,153 | bf16_mfu: 5.10 | epoch: 1 pq: 95 rg: 76 | total time: 565.27m | eta: 203.1m
step 04100/05568 (73.64%) | loss: 2.474142 | lrm: 0.44 | dt: 8241.98ms | tok/sec: 127,223 | bf16_mfu: 5.10 | epoch: 1 pq: 95 rg: 78 | total time: 565.41m | eta: 202.9m
step 04101/05568 (73.65%) | loss: 2.459463 | lrm: 0.44 | dt: 8243.04ms | tok/sec: 127,207 | bf16_mfu: 5.10 | epoch: 1 pq: 95 rg: 80 | total time: 565.55m | eta: 202.8m
step 04102/05568 (73.67%) | loss: 2.448506 | lrm: 0.43 | dt: 8251.32ms | tok/sec: 127,079 | bf16_mfu: 5.09 | epoch: 1 pq: 96 rg: 0 | total time: 565.69m | eta: 202.7m
step 04103/05568 (73.69%) | loss: 2.440885 | lrm: 0.43 | dt: 8258.45ms | tok/sec: 126,970 | bf16_mfu: 5.09 | epoch: 1 pq: 96 rg: 2 | total time: 565.82m | eta: 202.5m
step 04104/05568 (73.71%) | loss: 2.433022 | lrm: 0.43 | dt: 8247.01ms | tok/sec: 127,146 | bf16_mfu: 5.10 | epoch: 1 pq: 96 rg: 4 | total time: 565.96m | eta: 202.4m
step 04105/05568 (73.72%) | loss: 2.435711 | lrm: 0.43 | dt: 8249.69ms | tok/sec: 127,104 | bf16_mfu: 5.09 | epoch: 1 pq: 96 rg: 6 | total time: 566.10m | eta: 202.2m
step 04106/05568 (73.74%) | loss: 2.438582 | lrm: 0.43 | dt: 8248.44ms | tok/sec: 127,124 | bf16_mfu: 5.09 | epoch: 1 pq: 96 rg: 8 | total time: 566.24m | eta: 202.1m
step 04107/05568 (73.76%) | loss: 2.429187 | lrm: 0.43 | dt: 8245.39ms | tok/sec: 127,171 | bf16_mfu: 5.10 | epoch: 1 pq: 96 rg: 10 | total time: 566.37m | eta: 202.0m
step 04108/05568 (73.78%) | loss: 2.425155 | lrm: 0.43 | dt: 8241.95ms | tok/sec: 127,224 | bf16_mfu: 5.10 | epoch: 1 pq: 96 rg: 12 | total time: 566.51m | eta: 201.8m
step 04109/05568 (73.80%) | loss: 2.419309 | lrm: 0.43 | dt: 8236.61ms | tok/sec: 127,306 | bf16_mfu: 5.10 | epoch: 1 pq: 96 rg: 14 | total time: 566.65m | eta: 201.7m
step 04110/05568 (73.81%) | loss: 2.419590 | lrm: 0.43 | dt: 8251.01ms | tok/sec: 127,084 | bf16_mfu: 5.09 | epoch: 1 pq: 96 rg: 16 | total time: 566.79m | eta: 201.6m
step 04111/05568 (73.83%) | loss: 2.422654 | lrm: 0.43 | dt: 8250.09ms | tok/sec: 127,098 | bf16_mfu: 5.09 | epoch: 1 pq: 96 rg: 18 | total time: 566.92m | eta: 201.4m
step 04112/05568 (73.85%) | loss: 2.412131 | lrm: 0.43 | dt: 8252.20ms | tok/sec: 127,066 | bf16_mfu: 5.09 | epoch: 1 pq: 96 rg: 20 | total time: 567.06m | eta: 201.3m
step 04113/05568 (73.87%) | loss: 2.433751 | lrm: 0.43 | dt: 8239.90ms | tok/sec: 127,255 | bf16_mfu: 5.10 | epoch: 1 pq: 96 rg: 21 | total time: 567.20m | eta: 201.1m
step 04114/05568 (73.89%) | loss: 2.426151 | lrm: 0.43 | dt: 8247.23ms | tok/sec: 127,142 | bf16_mfu: 5.10 | epoch: 1 pq: 96 rg: 23 | total time: 567.34m | eta: 201.0m
step 04115/05568 (73.90%) | loss: 2.433689 | lrm: 0.43 | dt: 8252.38ms | tok/sec: 127,063 | bf16_mfu: 5.09 | epoch: 1 pq: 96 rg: 25 | total time: 567.47m | eta: 200.9m
step 04116/05568 (73.92%) | loss: 2.447694 | lrm: 0.43 | dt: 8244.37ms | tok/sec: 127,186 | bf16_mfu: 5.10 | epoch: 1 pq: 96 rg: 27 | total time: 567.61m | eta: 200.7m
step 04117/05568 (73.94%) | loss: 2.419361 | lrm: 0.43 | dt: 8247.97ms | tok/sec: 127,131 | bf16_mfu: 5.10 | epoch: 1 pq: 96 rg: 29 | total time: 567.75m | eta: 200.6m
step 04118/05568 (73.96%) | loss: 2.417606 | lrm: 0.43 | dt: 8259.16ms | tok/sec: 126,959 | bf16_mfu: 5.09 | epoch: 1 pq: 96 rg: 31 | total time: 567.89m | eta: 200.4m
step 04119/05568 (73.98%) | loss: 2.409768 | lrm: 0.43 | dt: 8245.46ms | tok/sec: 127,170 | bf16_mfu: 5.10 | epoch: 1 pq: 96 rg: 33 | total time: 568.02m | eta: 200.3m
step 04120/05568 (73.99%) | loss: 2.412018 | lrm: 0.43 | dt: 8252.46ms | tok/sec: 127,062 | bf16_mfu: 5.09 | epoch: 1 pq: 96 rg: 35 | total time: 568.16m | eta: 200.2m
step 04121/05568 (74.01%) | loss: 2.420378 | lrm: 0.43 | dt: 8247.05ms | tok/sec: 127,145 | bf16_mfu: 5.10 | epoch: 1 pq: 96 rg: 37 | total time: 568.30m | eta: 200.0m
step 04122/05568 (74.03%) | loss: 2.412148 | lrm: 0.43 | dt: 8245.61ms | tok/sec: 127,167 | bf16_mfu: 5.10 | epoch: 1 pq: 96 rg: 39 | total time: 568.44m | eta: 199.9m
step 04123/05568 (74.05%) | loss: 2.412904 | lrm: 0.43 | dt: 8247.88ms | tok/sec: 127,132 | bf16_mfu: 5.10 | epoch: 1 pq: 96 rg: 41 | total time: 568.57m | eta: 199.8m
step 04124/05568 (74.07%) | loss: 2.420154 | lrm: 0.43 | dt: 8249.62ms | tok/sec: 127,106 | bf16_mfu: 5.09 | epoch: 1 pq: 96 rg: 43 | total time: 568.71m | eta: 199.6m
step 04125/05568 (74.08%) | loss: 2.432807 | lrm: 0.43 | dt: 8242.84ms | tok/sec: 127,210 | bf16_mfu: 5.10 | epoch: 1 pq: 96 rg: 45 | total time: 568.85m | eta: 199.5m
step 04126/05568 (74.10%) | loss: 2.439626 | lrm: 0.43 | dt: 8253.28ms | tok/sec: 127,049 | bf16_mfu: 5.09 | epoch: 1 pq: 96 rg: 46 | total time: 568.99m | eta: 199.3m
step 04127/05568 (74.12%) | loss: 2.434732 | lrm: 0.43 | dt: 8255.21ms | tok/sec: 127,019 | bf16_mfu: 5.09 | epoch: 1 pq: 96 rg: 48 | total time: 569.12m | eta: 199.2m
step 04128/05568 (74.14%) | loss: 2.431738 | lrm: 0.43 | dt: 8244.75ms | tok/sec: 127,181 | bf16_mfu: 5.10 | epoch: 1 pq: 96 rg: 50 | total time: 569.26m | eta: 199.1m
step 04129/05568 (74.16%) | loss: 2.437658 | lrm: 0.43 | dt: 8253.89ms | tok/sec: 127,040 | bf16_mfu: 5.09 | epoch: 1 pq: 96 rg: 52 | total time: 569.40m | eta: 198.9m
step 04130/05568 (74.17%) | loss: 2.440383 | lrm: 0.43 | dt: 8248.22ms | tok/sec: 127,127 | bf16_mfu: 5.10 | epoch: 1 pq: 96 rg: 54 | total time: 569.54m | eta: 198.8m
step 04131/05568 (74.19%) | loss: 2.442038 | lrm: 0.43 | dt: 8249.72ms | tok/sec: 127,104 | bf16_mfu: 5.09 | epoch: 1 pq: 96 rg: 56 | total time: 569.67m | eta: 198.6m
step 04132/05568 (74.21%) | loss: 2.438908 | lrm: 0.43 | dt: 8248.28ms | tok/sec: 127,126 | bf16_mfu: 5.09 | epoch: 1 pq: 96 rg: 58 | total time: 569.81m | eta: 198.5m
step 04133/05568 (74.23%) | loss: 2.447383 | lrm: 0.43 | dt: 8247.62ms | tok/sec: 127,136 | bf16_mfu: 5.10 | epoch: 1 pq: 96 rg: 60 | total time: 569.95m | eta: 198.4m
step 04134/05568 (74.25%) | loss: 2.458825 | lrm: 0.43 | dt: 8257.22ms | tok/sec: 126,988 | bf16_mfu: 5.09 | epoch: 1 pq: 96 rg: 62 | total time: 570.09m | eta: 198.2m
step 04135/05568 (74.26%) | loss: 2.453374 | lrm: 0.43 | dt: 8250.94ms | tok/sec: 127,085 | bf16_mfu: 5.09 | epoch: 1 pq: 96 rg: 64 | total time: 570.22m | eta: 198.1m
step 04136/05568 (74.28%) | loss: 2.460432 | lrm: 0.43 | dt: 8258.97ms | tok/sec: 126,962 | bf16_mfu: 5.09 | epoch: 1 pq: 96 rg: 66 | total time: 570.36m | eta: 198.0m
step 04137/05568 (74.30%) | loss: 2.447904 | lrm: 0.43 | dt: 8252.94ms | tok/sec: 127,054 | bf16_mfu: 5.09 | epoch: 1 pq: 96 rg: 68 | total time: 570.50m | eta: 197.8m
step 04138/05568 (74.32%) | loss: 2.454374 | lrm: 0.43 | dt: 8245.79ms | tok/sec: 127,165 | bf16_mfu: 5.10 | epoch: 1 pq: 96 rg: 70 | total time: 570.64m | eta: 197.7m
step 04139/05568 (74.34%) | loss: 2.477621 | lrm: 0.43 | dt: 8251.27ms | tok/sec: 127,080 | bf16_mfu: 5.09 | epoch: 1 pq: 96 rg: 72 | total time: 570.77m | eta: 197.5m
step 04140/05568 (74.35%) | loss: 2.461168 | lrm: 0.42 | dt: 8237.99ms | tok/sec: 127,285 | bf16_mfu: 5.10 | epoch: 1 pq: 96 rg: 73 | total time: 570.91m | eta: 197.4m
step 04141/05568 (74.37%) | loss: 2.438444 | lrm: 0.42 | dt: 8246.46ms | tok/sec: 127,154 | bf16_mfu: 5.10 | epoch: 1 pq: 96 rg: 75 | total time: 571.05m | eta: 197.3m
step 04142/05568 (74.39%) | loss: 2.437196 | lrm: 0.42 | dt: 8243.86ms | tok/sec: 127,194 | bf16_mfu: 5.10 | epoch: 1 pq: 96 rg: 77 | total time: 571.19m | eta: 197.1m
step 04143/05568 (74.41%) | loss: 2.437277 | lrm: 0.42 | dt: 8252.21ms | tok/sec: 127,066 | bf16_mfu: 5.09 | epoch: 1 pq: 96 rg: 79 | total time: 571.32m | eta: 197.0m
step 04144/05568 (74.43%) | loss: 2.448394 | lrm: 0.42 | dt: 8247.18ms | tok/sec: 127,143 | bf16_mfu: 5.10 | epoch: 1 pq: 96 rg: 81 | total time: 571.46m | eta: 196.8m
step 04145/05568 (74.44%) | loss: 2.445182 | lrm: 0.42 | dt: 8245.73ms | tok/sec: 127,165 | bf16_mfu: 5.10 | epoch: 1 pq: 97 rg: 0 | total time: 571.60m | eta: 196.7m
step 04146/05568 (74.46%) | loss: 2.447792 | lrm: 0.42 | dt: 8247.15ms | tok/sec: 127,144 | bf16_mfu: 5.10 | epoch: 1 pq: 97 rg: 2 | total time: 571.74m | eta: 196.6m
step 04147/05568 (74.48%) | loss: 2.445179 | lrm: 0.42 | dt: 8252.67ms | tok/sec: 127,058 | bf16_mfu: 5.09 | epoch: 1 pq: 97 rg: 4 | total time: 571.87m | eta: 196.4m
step 04148/05568 (74.50%) | loss: 2.457045 | lrm: 0.42 | dt: 8253.87ms | tok/sec: 127,040 | bf16_mfu: 5.09 | epoch: 1 pq: 97 rg: 6 | total time: 572.01m | eta: 196.3m
step 04149/05568 (74.52%) | loss: 2.465343 | lrm: 0.42 | dt: 8241.37ms | tok/sec: 127,233 | bf16_mfu: 5.10 | epoch: 1 pq: 97 rg: 8 | total time: 572.15m | eta: 196.2m
step 04150/05568 (74.53%) | loss: 2.472728 | lrm: 0.42 | dt: 8248.31ms | tok/sec: 127,126 | bf16_mfu: 5.09 | epoch: 1 pq: 97 rg: 10 | total time: 572.29m | eta: 196.0m
step 04151/05568 (74.55%) | loss: 2.469350 | lrm: 0.42 | dt: 8253.11ms | tok/sec: 127,052 | bf16_mfu: 5.09 | epoch: 1 pq: 97 rg: 12 | total time: 572.42m | eta: 195.9m
step 04152/05568 (74.57%) | loss: 2.483484 | lrm: 0.42 | dt: 8248.47ms | tok/sec: 127,123 | bf16_mfu: 5.09 | epoch: 1 pq: 97 rg: 14 | total time: 572.56m | eta: 195.7m
step 04153/05568 (74.59%) | loss: 2.478431 | lrm: 0.42 | dt: 8251.65ms | tok/sec: 127,074 | bf16_mfu: 5.09 | epoch: 1 pq: 97 rg: 16 | total time: 572.70m | eta: 195.6m
step 04154/05568 (74.60%) | loss: 2.470160 | lrm: 0.42 | dt: 8247.16ms | tok/sec: 127,143 | bf16_mfu: 5.10 | epoch: 1 pq: 97 rg: 18 | total time: 572.84m | eta: 195.5m
step 04155/05568 (74.62%) | loss: 2.445779 | lrm: 0.42 | dt: 8248.41ms | tok/sec: 127,124 | bf16_mfu: 5.09 | epoch: 1 pq: 97 rg: 20 | total time: 572.97m | eta: 195.3m
step 04156/05568 (74.64%) | loss: 2.448976 | lrm: 0.42 | dt: 8260.12ms | tok/sec: 126,944 | bf16_mfu: 5.09 | epoch: 1 pq: 97 rg: 21 | total time: 573.11m | eta: 195.2m
step 04157/05568 (74.66%) | loss: 2.448877 | lrm: 0.42 | dt: 8247.25ms | tok/sec: 127,142 | bf16_mfu: 5.10 | epoch: 1 pq: 97 rg: 23 | total time: 573.25m | eta: 195.0m
step 04158/05568 (74.68%) | loss: 2.465478 | lrm: 0.42 | dt: 8241.73ms | tok/sec: 127,227 | bf16_mfu: 5.10 | epoch: 1 pq: 97 rg: 25 | total time: 573.39m | eta: 194.9m
step 04159/05568 (74.69%) | loss: 2.461248 | lrm: 0.42 | dt: 8247.38ms | tok/sec: 127,140 | bf16_mfu: 5.10 | epoch: 1 pq: 97 rg: 27 | total time: 573.52m | eta: 194.8m
step 04160/05568 (74.71%) | loss: 2.447967 | lrm: 0.42 | dt: 8247.90ms | tok/sec: 127,132 | bf16_mfu: 5.10 | epoch: 1 pq: 97 rg: 29 | total time: 573.66m | eta: 194.6m
step 04161/05568 (74.73%) | loss: 2.460218 | lrm: 0.42 | dt: 8244.62ms | tok/sec: 127,183 | bf16_mfu: 5.10 | epoch: 1 pq: 97 rg: 31 | total time: 573.80m | eta: 194.5m
step 04162/05568 (74.75%) | loss: 2.446991 | lrm: 0.42 | dt: 8253.08ms | tok/sec: 127,052 | bf16_mfu: 5.09 | epoch: 1 pq: 97 rg: 33 | total time: 573.94m | eta: 194.4m
step 04163/05568 (74.77%) | loss: 2.441185 | lrm: 0.42 | dt: 8252.02ms | tok/sec: 127,068 | bf16_mfu: 5.09 | epoch: 1 pq: 97 rg: 35 | total time: 574.07m | eta: 194.2m
step 04164/05568 (74.78%) | loss: 2.438026 | lrm: 0.42 | dt: 8241.61ms | tok/sec: 127,229 | bf16_mfu: 5.10 | epoch: 1 pq: 97 rg: 37 | total time: 574.21m | eta: 194.1m
step 04165/05568 (74.80%) | loss: 2.435289 | lrm: 0.42 | dt: 8246.59ms | tok/sec: 127,152 | bf16_mfu: 5.10 | epoch: 1 pq: 97 rg: 39 | total time: 574.35m | eta: 193.9m
step 04166/05568 (74.82%) | loss: 2.441433 | lrm: 0.42 | dt: 8255.22ms | tok/sec: 127,019 | bf16_mfu: 5.09 | epoch: 1 pq: 97 rg: 41 | total time: 574.49m | eta: 193.8m
step 04167/05568 (74.84%) | loss: 2.423060 | lrm: 0.42 | dt: 8241.63ms | tok/sec: 127,229 | bf16_mfu: 5.10 | epoch: 1 pq: 97 rg: 43 | total time: 574.62m | eta: 193.7m
step 04168/05568 (74.86%) | loss: 2.450163 | lrm: 0.42 | dt: 8246.87ms | tok/sec: 127,148 | bf16_mfu: 5.10 | epoch: 1 pq: 97 rg: 45 | total time: 574.76m | eta: 193.5m
step 04169/05568 (74.87%) | loss: 2.439420 | lrm: 0.42 | dt: 8245.10ms | tok/sec: 127,175 | bf16_mfu: 5.10 | epoch: 1 pq: 97 rg: 46 | total time: 574.90m | eta: 193.4m
step 04170/05568 (74.89%) | loss: 2.445306 | lrm: 0.42 | dt: 8253.42ms | tok/sec: 127,047 | bf16_mfu: 5.09 | epoch: 1 pq: 97 rg: 48 | total time: 575.04m | eta: 193.2m
step 04171/05568 (74.91%) | loss: 2.452444 | lrm: 0.42 | dt: 8245.25ms | tok/sec: 127,173 | bf16_mfu: 5.10 | epoch: 1 pq: 97 rg: 50 | total time: 575.17m | eta: 193.1m
step 04172/05568 (74.93%) | loss: 2.455554 | lrm: 0.42 | dt: 8252.22ms | tok/sec: 127,065 | bf16_mfu: 5.09 | epoch: 1 pq: 97 rg: 52 | total time: 575.31m | eta: 193.0m
step 04173/05568 (74.95%) | loss: 2.439591 | lrm: 0.42 | dt: 8243.57ms | tok/sec: 127,199 | bf16_mfu: 5.10 | epoch: 1 pq: 97 rg: 54 | total time: 575.45m | eta: 192.8m
step 04174/05568 (74.96%) | loss: 2.437675 | lrm: 0.42 | dt: 8251.25ms | tok/sec: 127,080 | bf16_mfu: 5.09 | epoch: 1 pq: 97 rg: 56 | total time: 575.59m | eta: 192.7m
step 04175/05568 (74.98%) | loss: 2.447572 | lrm: 0.42 | dt: 8242.08ms | tok/sec: 127,222 | bf16_mfu: 5.10 | epoch: 1 pq: 97 rg: 58 | total time: 575.72m | eta: 192.6m
step 04176/05568 (75.00%) | loss: 2.461133 | lrm: 0.42 | dt: 8239.52ms | tok/sec: 127,261 | bf16_mfu: 5.10 | epoch: 1 pq: 97 rg: 60 | total time: 575.86m | eta: 192.4m
step 04177/05568 (75.02%) | loss: 2.451651 | lrm: 0.42 | dt: 8247.25ms | tok/sec: 127,142 | bf16_mfu: 5.10 | epoch: 1 pq: 97 rg: 62 | total time: 576.00m | eta: 192.3m
step 04178/05568 (75.04%) | loss: 2.467149 | lrm: 0.41 | dt: 8248.76ms | tok/sec: 127,119 | bf16_mfu: 5.09 | epoch: 1 pq: 97 rg: 64 | total time: 576.14m | eta: 192.1m
step 04179/05568 (75.05%) | loss: 2.450109 | lrm: 0.41 | dt: 8260.88ms | tok/sec: 126,932 | bf16_mfu: 5.09 | epoch: 1 pq: 97 rg: 66 | total time: 576.27m | eta: 192.0m
step 04180/05568 (75.07%) | loss: 2.441491 | lrm: 0.41 | dt: 8250.05ms | tok/sec: 127,099 | bf16_mfu: 5.09 | epoch: 1 pq: 97 rg: 68 | total time: 576.41m | eta: 191.9m
step 04181/05568 (75.09%) | loss: 2.472747 | lrm: 0.41 | dt: 8247.24ms | tok/sec: 127,142 | bf16_mfu: 5.10 | epoch: 1 pq: 97 rg: 70 | total time: 576.55m | eta: 191.7m
step 04182/05568 (75.11%) | loss: 2.464606 | lrm: 0.41 | dt: 8255.75ms | tok/sec: 127,011 | bf16_mfu: 5.09 | epoch: 1 pq: 97 rg: 72 | total time: 576.69m | eta: 191.6m
step 04183/05568 (75.13%) | loss: 2.459120 | lrm: 0.41 | dt: 8252.16ms | tok/sec: 127,066 | bf16_mfu: 5.09 | epoch: 1 pq: 97 rg: 74 | total time: 576.82m | eta: 191.4m
step 04184/05568 (75.14%) | loss: 2.443097 | lrm: 0.41 | dt: 8246.51ms | tok/sec: 127,153 | bf16_mfu: 5.10 | epoch: 1 pq: 97 rg: 76 | total time: 576.96m | eta: 191.3m
step 04185/05568 (75.16%) | loss: 2.440236 | lrm: 0.41 | dt: 8248.47ms | tok/sec: 127,123 | bf16_mfu: 5.09 | epoch: 1 pq: 97 rg: 77 | total time: 577.10m | eta: 191.2m
step 04186/05568 (75.18%) | loss: 2.436252 | lrm: 0.41 | dt: 8248.59ms | tok/sec: 127,121 | bf16_mfu: 5.09 | epoch: 1 pq: 97 rg: 79 | total time: 577.24m | eta: 191.0m
step 04187/05568 (75.20%) | loss: 2.453962 | lrm: 0.41 | dt: 8250.46ms | tok/sec: 127,092 | bf16_mfu: 5.09 | epoch: 1 pq: 97 rg: 81 | total time: 577.37m | eta: 190.9m
step 04188/05568 (75.22%) | loss: 2.458561 | lrm: 0.41 | dt: 8241.40ms | tok/sec: 127,232 | bf16_mfu: 5.10 | epoch: 1 pq: 98 rg: 0 | total time: 577.51m | eta: 190.8m
step 04189/05568 (75.23%) | loss: 2.464802 | lrm: 0.41 | dt: 8241.63ms | tok/sec: 127,229 | bf16_mfu: 5.10 | epoch: 1 pq: 98 rg: 2 | total time: 577.65m | eta: 190.6m
step 04190/05568 (75.25%) | loss: 2.477593 | lrm: 0.41 | dt: 8245.97ms | tok/sec: 127,162 | bf16_mfu: 5.10 | epoch: 1 pq: 98 rg: 4 | total time: 577.78m | eta: 190.5m
step 04191/05568 (75.27%) | loss: 2.460656 | lrm: 0.41 | dt: 8248.87ms | tok/sec: 127,117 | bf16_mfu: 5.09 | epoch: 1 pq: 98 rg: 6 | total time: 577.92m | eta: 190.3m
step 04192/05568 (75.29%) | loss: 2.451161 | lrm: 0.41 | dt: 8242.20ms | tok/sec: 127,220 | bf16_mfu: 5.10 | epoch: 1 pq: 98 rg: 8 | total time: 578.06m | eta: 190.2m
step 04193/05568 (75.31%) | loss: 2.457312 | lrm: 0.41 | dt: 8246.38ms | tok/sec: 127,155 | bf16_mfu: 5.10 | epoch: 1 pq: 98 rg: 10 | total time: 578.20m | eta: 190.1m
step 04194/05568 (75.32%) | loss: 2.455678 | lrm: 0.41 | dt: 8243.01ms | tok/sec: 127,207 | bf16_mfu: 5.10 | epoch: 1 pq: 98 rg: 12 | total time: 578.33m | eta: 189.9m
step 04195/05568 (75.34%) | loss: 2.458420 | lrm: 0.41 | dt: 8252.18ms | tok/sec: 127,066 | bf16_mfu: 5.09 | epoch: 1 pq: 98 rg: 14 | total time: 578.47m | eta: 189.8m
step 04196/05568 (75.36%) | loss: 2.446642 | lrm: 0.41 | dt: 8247.99ms | tok/sec: 127,131 | bf16_mfu: 5.10 | epoch: 1 pq: 98 rg: 16 | total time: 578.61m | eta: 189.6m
step 04197/05568 (75.38%) | loss: 2.446477 | lrm: 0.41 | dt: 8269.74ms | tok/sec: 126,796 | bf16_mfu: 5.08 | epoch: 1 pq: 98 rg: 18 | total time: 578.75m | eta: 189.5m
step 04198/05568 (75.40%) | loss: 2.435384 | lrm: 0.41 | dt: 8250.34ms | tok/sec: 127,094 | bf16_mfu: 5.09 | epoch: 1 pq: 98 rg: 20 | total time: 578.88m | eta: 189.4m
step 04199/05568 (75.41%) | loss: 2.440038 | lrm: 0.41 | dt: 8251.99ms | tok/sec: 127,069 | bf16_mfu: 5.09 | epoch: 1 pq: 98 rg: 22 | total time: 579.02m | eta: 189.2m
step 04200/05568 (75.43%) | loss: 2.431176 | lrm: 0.41 | dt: 8253.05ms | tok/sec: 127,053 | bf16_mfu: 5.09 | epoch: 1 pq: 98 rg: 24 | total time: 579.16m | eta: 189.1m
step 04201/05568 (75.45%) | loss: 2.441872 | lrm: 0.41 | dt: 8239.45ms | tok/sec: 127,262 | bf16_mfu: 5.10 | epoch: 1 pq: 98 rg: 25 | total time: 579.30m | eta: 189.0m
step 04202/05568 (75.47%) | loss: 2.452957 | lrm: 0.41 | dt: 8252.39ms | tok/sec: 127,063 | bf16_mfu: 5.09 | epoch: 1 pq: 98 rg: 27 | total time: 579.43m | eta: 188.8m
step 04203/05568 (75.48%) | loss: 2.463731 | lrm: 0.41 | dt: 8251.92ms | tok/sec: 127,070 | bf16_mfu: 5.09 | epoch: 1 pq: 98 rg: 29 | total time: 579.57m | eta: 188.7m
step 04204/05568 (75.50%) | loss: 2.469504 | lrm: 0.41 | dt: 8245.21ms | tok/sec: 127,174 | bf16_mfu: 5.10 | epoch: 1 pq: 98 rg: 31 | total time: 579.71m | eta: 188.5m
step 04205/05568 (75.52%) | loss: 2.451761 | lrm: 0.41 | dt: 8253.00ms | tok/sec: 127,053 | bf16_mfu: 5.09 | epoch: 1 pq: 98 rg: 33 | total time: 579.85m | eta: 188.4m
step 04206/05568 (75.54%) | loss: 2.445388 | lrm: 0.41 | dt: 8249.95ms | tok/sec: 127,100 | bf16_mfu: 5.09 | epoch: 1 pq: 98 rg: 35 | total time: 579.98m | eta: 188.3m
step 04207/05568 (75.56%) | loss: 2.432742 | lrm: 0.41 | dt: 8251.10ms | tok/sec: 127,083 | bf16_mfu: 5.09 | epoch: 1 pq: 98 rg: 37 | total time: 580.12m | eta: 188.1m
step 04208/05568 (75.57%) | loss: 2.434173 | lrm: 0.41 | dt: 8248.94ms | tok/sec: 127,116 | bf16_mfu: 5.09 | epoch: 1 pq: 98 rg: 39 | total time: 580.26m | eta: 188.0m
step 04209/05568 (75.59%) | loss: 2.439662 | lrm: 0.41 | dt: 8250.58ms | tok/sec: 127,091 | bf16_mfu: 5.09 | epoch: 1 pq: 98 rg: 41 | total time: 580.40m | eta: 187.8m
step 04210/05568 (75.61%) | loss: 2.445929 | lrm: 0.41 | dt: 8245.26ms | tok/sec: 127,173 | bf16_mfu: 5.10 | epoch: 1 pq: 98 rg: 43 | total time: 580.53m | eta: 187.7m
step 04211/05568 (75.63%) | loss: 2.455012 | lrm: 0.41 | dt: 8251.50ms | tok/sec: 127,077 | bf16_mfu: 5.09 | epoch: 1 pq: 98 rg: 45 | total time: 580.67m | eta: 187.6m
step 04212/05568 (75.65%) | loss: 2.439930 | lrm: 0.41 | dt: 8245.69ms | tok/sec: 127,166 | bf16_mfu: 5.10 | epoch: 1 pq: 98 rg: 47 | total time: 580.81m | eta: 187.4m
step 04213/05568 (75.66%) | loss: 2.454420 | lrm: 0.41 | dt: 8240.52ms | tok/sec: 127,246 | bf16_mfu: 5.10 | epoch: 1 pq: 98 rg: 49 | total time: 580.95m | eta: 187.3m
step 04214/05568 (75.68%) | loss: 2.460509 | lrm: 0.41 | dt: 8244.24ms | tok/sec: 127,188 | bf16_mfu: 5.10 | epoch: 1 pq: 98 rg: 50 | total time: 581.08m | eta: 187.2m
step 04215/05568 (75.70%) | loss: 2.454523 | lrm: 0.41 | dt: 8246.34ms | tok/sec: 127,156 | bf16_mfu: 5.10 | epoch: 1 pq: 98 rg: 52 | total time: 581.22m | eta: 187.0m
step 04216/05568 (75.72%) | loss: 2.442699 | lrm: 0.40 | dt: 8252.04ms | tok/sec: 127,068 | bf16_mfu: 5.09 | epoch: 1 pq: 98 rg: 54 | total time: 581.36m | eta: 186.9m
step 04217/05568 (75.74%) | loss: 2.426821 | lrm: 0.40 | dt: 8253.71ms | tok/sec: 127,042 | bf16_mfu: 5.09 | epoch: 1 pq: 98 rg: 56 | total time: 581.50m | eta: 186.7m
step 04218/05568 (75.75%) | loss: 2.407253 | lrm: 0.40 | dt: 8248.25ms | tok/sec: 127,127 | bf16_mfu: 5.10 | epoch: 1 pq: 98 rg: 58 | total time: 581.63m | eta: 186.6m
step 04219/05568 (75.77%) | loss: 2.407002 | lrm: 0.40 | dt: 8251.42ms | tok/sec: 127,078 | bf16_mfu: 5.09 | epoch: 1 pq: 98 rg: 60 | total time: 581.77m | eta: 186.5m
step 04220/05568 (75.79%) | loss: 2.429400 | lrm: 0.40 | dt: 8246.40ms | tok/sec: 127,155 | bf16_mfu: 5.10 | epoch: 1 pq: 98 rg: 62 | total time: 581.91m | eta: 186.3m
step 04221/05568 (75.81%) | loss: 2.446085 | lrm: 0.40 | dt: 8250.83ms | tok/sec: 127,087 | bf16_mfu: 5.09 | epoch: 1 pq: 98 rg: 64 | total time: 582.05m | eta: 186.2m
step 04222/05568 (75.83%) | loss: 2.435500 | lrm: 0.40 | dt: 8254.49ms | tok/sec: 127,030 | bf16_mfu: 5.09 | epoch: 1 pq: 98 rg: 66 | total time: 582.18m | eta: 186.0m
step 04223/05568 (75.84%) | loss: 2.424142 | lrm: 0.40 | dt: 8240.04ms | tok/sec: 127,253 | bf16_mfu: 5.10 | epoch: 1 pq: 98 rg: 68 | total time: 582.32m | eta: 185.9m
step 04224/05568 (75.86%) | loss: 2.430324 | lrm: 0.40 | dt: 8258.52ms | tok/sec: 126,968 | bf16_mfu: 5.09 | epoch: 1 pq: 98 rg: 70 | total time: 582.46m | eta: 185.8m
step 04225/05568 (75.88%) | loss: 2.418894 | lrm: 0.40 | dt: 8244.50ms | tok/sec: 127,184 | bf16_mfu: 5.10 | epoch: 1 pq: 98 rg: 72 | total time: 582.60m | eta: 185.6m
step 04226/05568 (75.90%) | loss: 2.438727 | lrm: 0.40 | dt: 8252.05ms | tok/sec: 127,068 | bf16_mfu: 5.09 | epoch: 1 pq: 98 rg: 74 | total time: 582.73m | eta: 185.5m
step 04227/05568 (75.92%) | loss: 2.436781 | lrm: 0.40 | dt: 8244.04ms | tok/sec: 127,192 | bf16_mfu: 5.10 | epoch: 1 pq: 98 rg: 76 | total time: 582.87m | eta: 185.4m
step 04228/05568 (75.93%) | loss: 2.434977 | lrm: 0.40 | dt: 8260.34ms | tok/sec: 126,940 | bf16_mfu: 5.09 | epoch: 1 pq: 98 rg: 78 | total time: 583.01m | eta: 185.2m
step 04229/05568 (75.95%) | loss: 2.430132 | lrm: 0.40 | dt: 8240.02ms | tok/sec: 127,254 | bf16_mfu: 5.10 | epoch: 1 pq: 98 rg: 79 | total time: 583.15m | eta: 185.1m
step 04230/05568 (75.97%) | loss: 2.414034 | lrm: 0.40 | dt: 8251.64ms | tok/sec: 127,074 | bf16_mfu: 5.09 | epoch: 1 pq: 98 rg: 81 | total time: 583.28m | eta: 184.9m
step 04231/05568 (75.99%) | loss: 2.405563 | lrm: 0.40 | dt: 8248.15ms | tok/sec: 127,128 | bf16_mfu: 5.10 | epoch: 1 pq: 99 rg: 0 | total time: 583.42m | eta: 184.8m
step 04232/05568 (76.01%) | loss: 2.414797 | lrm: 0.40 | dt: 8237.14ms | tok/sec: 127,298 | bf16_mfu: 5.10 | epoch: 1 pq: 99 rg: 2 | total time: 583.56m | eta: 184.7m
step 04233/05568 (76.02%) | loss: 2.415063 | lrm: 0.40 | dt: 8237.27ms | tok/sec: 127,296 | bf16_mfu: 5.10 | epoch: 1 pq: 99 rg: 4 | total time: 583.70m | eta: 184.5m
step 04234/05568 (76.04%) | loss: 2.438814 | lrm: 0.40 | dt: 8245.99ms | tok/sec: 127,161 | bf16_mfu: 5.10 | epoch: 1 pq: 99 rg: 6 | total time: 583.83m | eta: 184.4m
step 04235/05568 (76.06%) | loss: 2.445031 | lrm: 0.40 | dt: 8254.51ms | tok/sec: 127,030 | bf16_mfu: 5.09 | epoch: 1 pq: 99 rg: 8 | total time: 583.97m | eta: 184.2m
step 04236/05568 (76.08%) | loss: 2.448950 | lrm: 0.40 | dt: 8245.53ms | tok/sec: 127,169 | bf16_mfu: 5.10 | epoch: 1 pq: 99 rg: 10 | total time: 584.11m | eta: 184.1m
step 04237/05568 (76.10%) | loss: 2.461707 | lrm: 0.40 | dt: 8242.61ms | tok/sec: 127,214 | bf16_mfu: 5.10 | epoch: 1 pq: 99 rg: 12 | total time: 584.25m | eta: 184.0m
step 04238/05568 (76.11%) | loss: 2.456857 | lrm: 0.40 | dt: 8249.12ms | tok/sec: 127,113 | bf16_mfu: 5.09 | epoch: 1 pq: 99 rg: 14 | total time: 584.38m | eta: 183.8m
step 04239/05568 (76.13%) | loss: 2.451932 | lrm: 0.40 | dt: 8248.34ms | tok/sec: 127,125 | bf16_mfu: 5.09 | epoch: 1 pq: 99 rg: 16 | total time: 584.52m | eta: 183.7m
step 04240/05568 (76.15%) | loss: 2.444292 | lrm: 0.40 | dt: 8252.24ms | tok/sec: 127,065 | bf16_mfu: 5.09 | epoch: 1 pq: 99 rg: 18 | total time: 584.66m | eta: 183.6m
step 04241/05568 (76.17%) | loss: 2.423743 | lrm: 0.40 | dt: 8255.54ms | tok/sec: 127,014 | bf16_mfu: 5.09 | epoch: 1 pq: 99 rg: 20 | total time: 584.80m | eta: 183.4m
step 04242/05568 (76.19%) | loss: 2.436143 | lrm: 0.40 | dt: 8246.58ms | tok/sec: 127,152 | bf16_mfu: 5.10 | epoch: 1 pq: 99 rg: 22 | total time: 584.93m | eta: 183.3m
step 04243/05568 (76.20%) | loss: 2.425366 | lrm: 0.40 | dt: 8248.45ms | tok/sec: 127,124 | bf16_mfu: 5.09 | epoch: 1 pq: 99 rg: 24 | total time: 585.07m | eta: 183.1m
step 04244/05568 (76.22%) | loss: 2.405068 | lrm: 0.40 | dt: 8247.91ms | tok/sec: 127,132 | bf16_mfu: 5.10 | epoch: 1 pq: 99 rg: 25 | total time: 585.21m | eta: 183.0m
step 04245/05568 (76.24%) | loss: 2.400618 | lrm: 0.40 | dt: 8256.91ms | tok/sec: 126,993 | bf16_mfu: 5.09 | epoch: 1 pq: 99 rg: 27 | total time: 585.35m | eta: 182.9m
step 04246/05568 (76.26%) | loss: 2.406956 | lrm: 0.40 | dt: 8243.20ms | tok/sec: 127,204 | bf16_mfu: 5.10 | epoch: 1 pq: 99 rg: 29 | total time: 585.48m | eta: 182.7m
step 04247/05568 (76.28%) | loss: 2.400226 | lrm: 0.40 | dt: 8254.02ms | tok/sec: 127,038 | bf16_mfu: 5.09 | epoch: 1 pq: 99 rg: 31 | total time: 585.62m | eta: 182.6m
step 04248/05568 (76.29%) | loss: 2.389595 | lrm: 0.40 | dt: 8247.47ms | tok/sec: 127,139 | bf16_mfu: 5.10 | epoch: 1 pq: 99 rg: 33 | total time: 585.76m | eta: 182.4m
step 04249/05568 (76.31%) | loss: 2.404886 | lrm: 0.40 | dt: 8248.92ms | tok/sec: 127,116 | bf16_mfu: 5.09 | epoch: 1 pq: 99 rg: 35 | total time: 585.90m | eta: 182.3m
Step 04250 | Validation bpb: 0.741274
2026-10-08 06:15:41,509 - nanochat.checkpoint_manager - [32m[1mINFO[0m - Saved model parameters to: /home/astarostin/.cache/nanochat/base_checkpoints/d24_1xh100/model_004250.pt
2026-10-08 06:15:41,511 - nanochat.checkpoint_manager - [32m[1mINFO[0m - Saved metadata to: /home/astarostin/.cache/nanochat/base_checkpoints/d24_1xh100/meta_004250.json
2026-10-08 06:15:49,113 - nanochat.checkpoint_manager - [32m[1mINFO[0m - Saved optimizer state to: /home/astarostin/.cache/nanochat/base_checkpoints/d24_1xh100/optim_004250_rank0.pt
step 04250/05568 (76.33%) | loss: 2.405269 | lrm: 0.40 | dt: 8252.13ms | tok/sec: 127,067 | bf16_mfu: 5.09 | epoch: 1 pq: 99 rg: 37 | total time: 586.03m | eta: 182.2m
step 04251/05568 (76.35%) | loss: 2.405363 | lrm: 0.40 | dt: 8271.21ms | tok/sec: 126,774 | bf16_mfu: 5.08 | epoch: 1 pq: 99 rg: 39 | total time: 586.17m | eta: 182.0m
step 04252/05568 (76.36%) | loss: 2.405459 | lrm: 0.40 | dt: 8280.72ms | tok/sec: 126,628 | bf16_mfu: 5.08 | epoch: 1 pq: 99 rg: 41 | total time: 586.31m | eta: 181.9m
step 04253/05568 (76.38%) | loss: 2.402943 | lrm: 0.40 | dt: 8277.82ms | tok/sec: 126,672 | bf16_mfu: 5.08 | epoch: 1 pq: 99 rg: 43 | total time: 586.45m | eta: 181.8m
step 04254/05568 (76.40%) | loss: 2.414288 | lrm: 0.39 | dt: 8291.77ms | tok/sec: 126,459 | bf16_mfu: 5.07 | epoch: 1 pq: 99 rg: 45 | total time: 586.59m | eta: 181.6m
step 04255/05568 (76.42%) | loss: 2.415785 | lrm: 0.39 | dt: 8287.71ms | tok/sec: 126,521 | bf16_mfu: 5.07 | epoch: 1 pq: 99 rg: 47 | total time: 586.72m | eta: 181.5m
step 04256/05568 (76.44%) | loss: 2.416715 | lrm: 0.39 | dt: 8298.36ms | tok/sec: 126,359 | bf16_mfu: 5.06 | epoch: 1 pq: 99 rg: 49 | total time: 586.86m | eta: 181.3m
step 04257/05568 (76.45%) | loss: 2.415059 | lrm: 0.39 | dt: 8302.79ms | tok/sec: 126,292 | bf16_mfu: 5.06 | epoch: 1 pq: 99 rg: 51 | total time: 587.00m | eta: 181.2m
step 04258/05568 (76.47%) | loss: 2.415656 | lrm: 0.39 | dt: 8286.56ms | tok/sec: 126,539 | bf16_mfu: 5.07 | epoch: 1 pq: 99 rg: 52 | total time: 587.14m | eta: 181.1m
step 04259/05568 (76.49%) | loss: 2.435952 | lrm: 0.39 | dt: 8286.59ms | tok/sec: 126,538 | bf16_mfu: 5.07 | epoch: 1 pq: 99 rg: 54 | total time: 587.28m | eta: 180.9m
step 04260/05568 (76.51%) | loss: 2.468574 | lrm: 0.39 | dt: 8283.85ms | tok/sec: 126,580 | bf16_mfu: 5.07 | epoch: 1 pq: 99 rg: 56 | total time: 587.41m | eta: 180.8m
step 04261/05568 (76.53%) | loss: 2.456532 | lrm: 0.39 | dt: 8276.63ms | tok/sec: 126,691 | bf16_mfu: 5.08 | epoch: 1 pq: 99 rg: 58 | total time: 587.55m | eta: 180.6m
step 04262/05568 (76.54%) | loss: 2.454171 | lrm: 0.39 | dt: 8286.94ms | tok/sec: 126,533 | bf16_mfu: 5.07 | epoch: 1 pq: 99 rg: 60 | total time: 587.69m | eta: 180.5m
step 04263/05568 (76.56%) | loss: 2.447592 | lrm: 0.39 | dt: 8290.36ms | tok/sec: 126,481 | bf16_mfu: 5.07 | epoch: 1 pq: 99 rg: 62 | total time: 587.83m | eta: 180.4m
step 04264/05568 (76.58%) | loss: 2.441479 | lrm: 0.39 | dt: 8288.30ms | tok/sec: 126,512 | bf16_mfu: 5.07 | epoch: 1 pq: 99 rg: 64 | total time: 587.97m | eta: 180.2m
step 04265/05568 (76.60%) | loss: 2.446800 | lrm: 0.39 | dt: 8291.85ms | tok/sec: 126,458 | bf16_mfu: 5.07 | epoch: 1 pq: 99 rg: 66 | total time: 588.11m | eta: 180.1m
step 04266/05568 (76.62%) | loss: 2.447234 | lrm: 0.39 | dt: 8291.82ms | tok/sec: 126,459 | bf16_mfu: 5.07 | epoch: 1 pq: 99 rg: 68 | total time: 588.24m | eta: 180.0m
step 04267/05568 (76.63%) | loss: 2.430659 | lrm: 0.39 | dt: 8288.82ms | tok/sec: 126,504 | bf16_mfu: 5.07 | epoch: 1 pq: 99 rg: 70 | total time: 588.38m | eta: 179.8m
step 04268/05568 (76.65%) | loss: 2.449959 | lrm: 0.39 | dt: 8296.27ms | tok/sec: 126,391 | bf16_mfu: 5.07 | epoch: 1 pq: 99 rg: 72 | total time: 588.52m | eta: 179.7m
step 04269/05568 (76.67%) | loss: 2.447297 | lrm: 0.39 | dt: 8300.00ms | tok/sec: 126,334 | bf16_mfu: 5.06 | epoch: 1 pq: 99 rg: 74 | total time: 588.66m | eta: 179.5m
step 04270/05568 (76.69%) | loss: 2.440925 | lrm: 0.39 | dt: 8288.51ms | tok/sec: 126,509 | bf16_mfu: 5.07 | epoch: 1 pq: 99 rg: 76 | total time: 588.80m | eta: 179.4m
step 04271/05568 (76.71%) | loss: 2.445230 | lrm: 0.39 | dt: 8290.17ms | tok/sec: 126,484 | bf16_mfu: 5.07 | epoch: 1 pq: 99 rg: 78 | total time: 588.93m | eta: 179.3m
step 04272/05568 (76.72%) | loss: 2.461265 | lrm: 0.39 | dt: 8295.10ms | tok/sec: 126,409 | bf16_mfu: 5.07 | epoch: 1 pq: 99 rg: 79 | total time: 589.07m | eta: 179.1m
step 04273/05568 (76.74%) | loss: 2.462545 | lrm: 0.39 | dt: 8281.53ms | tok/sec: 126,616 | bf16_mfu: 5.07 | epoch: 1 pq: 99 rg: 81 | total time: 589.21m | eta: 179.0m
step 04274/05568 (76.76%) | loss: 2.453255 | lrm: 0.39 | dt: 8292.87ms | tok/sec: 126,443 | bf16_mfu: 5.07 | epoch: 1 pq: 100 rg: 1 | total time: 589.35m | eta: 178.9m
step 04275/05568 (76.78%) | loss: 2.452249 | lrm: 0.39 | dt: 8297.14ms | tok/sec: 126,377 | bf16_mfu: 5.06 | epoch: 1 pq: 100 rg: 3 | total time: 589.49m | eta: 178.7m
step 04276/05568 (76.80%) | loss: 2.440121 | lrm: 0.39 | dt: 8296.62ms | tok/sec: 126,385 | bf16_mfu: 5.07 | epoch: 1 pq: 100 rg: 5 | total time: 589.63m | eta: 178.6m
step 04277/05568 (76.81%) | loss: 2.457717 | lrm: 0.39 | dt: 8288.46ms | tok/sec: 126,510 | bf16_mfu: 5.07 | epoch: 1 pq: 100 rg: 7 | total time: 589.76m | eta: 178.4m
step 04278/05568 (76.83%) | loss: 2.431520 | lrm: 0.39 | dt: 8283.50ms | tok/sec: 126,586 | bf16_mfu: 5.07 | epoch: 1 pq: 100 rg: 9 | total time: 589.90m | eta: 178.3m
step 04279/05568 (76.85%) | loss: 2.436564 | lrm: 0.39 | dt: 8281.82ms | tok/sec: 126,611 | bf16_mfu: 5.07 | epoch: 1 pq: 100 rg: 11 | total time: 590.04m | eta: 178.2m
step 04280/05568 (76.87%) | loss: 2.443162 | lrm: 0.39 | dt: 8295.45ms | tok/sec: 126,403 | bf16_mfu: 5.07 | epoch: 1 pq: 100 rg: 13 | total time: 590.18m | eta: 178.0m
step 04281/05568 (76.89%) | loss: 2.425450 | lrm: 0.39 | dt: 8300.51ms | tok/sec: 126,326 | bf16_mfu: 5.06 | epoch: 1 pq: 100 rg: 15 | total time: 590.32m | eta: 177.9m
step 04282/05568 (76.90%) | loss: 2.422126 | lrm: 0.39 | dt: 8291.00ms | tok/sec: 126,471 | bf16_mfu: 5.07 | epoch: 1 pq: 100 rg: 17 | total time: 590.45m | eta: 177.7m
step 04283/05568 (76.92%) | loss: 2.421912 | lrm: 0.39 | dt: 8297.81ms | tok/sec: 126,367 | bf16_mfu: 5.06 | epoch: 1 pq: 100 rg: 19 | total time: 590.59m | eta: 177.6m
step 04284/05568 (76.94%) | loss: 2.421431 | lrm: 0.39 | dt: 8291.12ms | tok/sec: 126,469 | bf16_mfu: 5.07 | epoch: 1 pq: 100 rg: 21 | total time: 590.73m | eta: 177.5m
step 04285/05568 (76.96%) | loss: 2.423973 | lrm: 0.39 | dt: 8289.33ms | tok/sec: 126,497 | bf16_mfu: 5.07 | epoch: 1 pq: 100 rg: 23 | total time: 590.87m | eta: 177.3m
step 04286/05568 (76.98%) | loss: 2.417720 | lrm: 0.39 | dt: 8281.72ms | tok/sec: 126,613 | bf16_mfu: 5.07 | epoch: 1 pq: 100 rg: 25 | total time: 591.01m | eta: 177.2m
step 04287/05568 (76.99%) | loss: 2.418310 | lrm: 0.39 | dt: 8286.23ms | tok/sec: 126,544 | bf16_mfu: 5.07 | epoch: 1 pq: 100 rg: 27 | total time: 591.15m | eta: 177.1m
step 04288/05568 (77.01%) | loss: 2.422353 | lrm: 0.39 | dt: 8295.25ms | tok/sec: 126,406 | bf16_mfu: 5.07 | epoch: 1 pq: 100 rg: 28 | total time: 591.28m | eta: 176.9m
step 04289/05568 (77.03%) | loss: 2.417302 | lrm: 0.39 | dt: 8296.85ms | tok/sec: 126,382 | bf16_mfu: 5.07 | epoch: 1 pq: 100 rg: 30 | total time: 591.42m | eta: 176.8m
step 04290/05568 (77.05%) | loss: 2.419722 | lrm: 0.39 | dt: 8280.99ms | tok/sec: 126,624 | bf16_mfu: 5.07 | epoch: 1 pq: 100 rg: 32 | total time: 591.56m | eta: 176.6m
step 04291/05568 (77.07%) | loss: 2.404267 | lrm: 0.39 | dt: 8283.50ms | tok/sec: 126,586 | bf16_mfu: 5.07 | epoch: 1 pq: 100 rg: 34 | total time: 591.70m | eta: 176.5m
step 04292/05568 (77.08%) | loss: 2.411073 | lrm: 0.38 | dt: 8283.85ms | tok/sec: 126,580 | bf16_mfu: 5.07 | epoch: 1 pq: 100 rg: 36 | total time: 591.84m | eta: 176.4m
step 04293/05568 (77.10%) | loss: 2.409116 | lrm: 0.38 | dt: 8292.64ms | tok/sec: 126,446 | bf16_mfu: 5.07 | epoch: 1 pq: 100 rg: 38 | total time: 591.97m | eta: 176.2m
step 04294/05568 (77.12%) | loss: 2.413656 | lrm: 0.38 | dt: 8292.69ms | tok/sec: 126,445 | bf16_mfu: 5.07 | epoch: 1 pq: 100 rg: 40 | total time: 592.11m | eta: 176.1m
step 04295/05568 (77.14%) | loss: 2.410937 | lrm: 0.38 | dt: 8293.78ms | tok/sec: 126,429 | bf16_mfu: 5.07 | epoch: 1 pq: 100 rg: 42 | total time: 592.25m | eta: 175.9m
step 04296/05568 (77.16%) | loss: 2.407074 | lrm: 0.38 | dt: 8303.69ms | tok/sec: 126,278 | bf16_mfu: 5.06 | epoch: 1 pq: 100 rg: 44 | total time: 592.39m | eta: 175.8m
step 04297/05568 (77.17%) | loss: 2.395551 | lrm: 0.38 | dt: 8289.42ms | tok/sec: 126,495 | bf16_mfu: 5.07 | epoch: 1 pq: 100 rg: 46 | total time: 592.53m | eta: 175.7m
step 04298/05568 (77.19%) | loss: 2.404166 | lrm: 0.38 | dt: 8287.41ms | tok/sec: 126,526 | bf16_mfu: 5.07 | epoch: 1 pq: 100 rg: 48 | total time: 592.67m | eta: 175.5m
step 04299/05568 (77.21%) | loss: 2.396151 | lrm: 0.38 | dt: 8298.40ms | tok/sec: 126,358 | bf16_mfu: 5.06 | epoch: 1 pq: 100 rg: 50 | total time: 592.80m | eta: 175.4m
step 04300/05568 (77.23%) | loss: 2.395880 | lrm: 0.38 | dt: 8301.22ms | tok/sec: 126,315 | bf16_mfu: 5.06 | epoch: 1 pq: 100 rg: 52 | total time: 592.94m | eta: 175.3m
step 04301/05568 (77.24%) | loss: 2.405553 | lrm: 0.38 | dt: 8297.12ms | tok/sec: 126,378 | bf16_mfu: 5.06 | epoch: 1 pq: 100 rg: 54 | total time: 593.08m | eta: 175.1m
step 04302/05568 (77.26%) | loss: 2.412033 | lrm: 0.38 | dt: 8291.36ms | tok/sec: 126,466 | bf16_mfu: 5.07 | epoch: 1 pq: 100 rg: 55 | total time: 593.22m | eta: 175.0m
step 04303/05568 (77.28%) | loss: 2.415127 | lrm: 0.38 | dt: 8283.31ms | tok/sec: 126,588 | bf16_mfu: 5.07 | epoch: 1 pq: 100 rg: 57 | total time: 593.36m | eta: 174.8m
step 04304/05568 (77.30%) | loss: 2.398585 | lrm: 0.38 | dt: 8295.13ms | tok/sec: 126,408 | bf16_mfu: 5.07 | epoch: 1 pq: 100 rg: 59 | total time: 593.50m | eta: 174.7m
step 04305/05568 (77.32%) | loss: 2.393949 | lrm: 0.38 | dt: 8295.50ms | tok/sec: 126,403 | bf16_mfu: 5.07 | epoch: 1 pq: 100 rg: 61 | total time: 593.63m | eta: 174.6m
step 04306/05568 (77.33%) | loss: 2.387487 | lrm: 0.38 | dt: 8290.45ms | tok/sec: 126,480 | bf16_mfu: 5.07 | epoch: 1 pq: 100 rg: 63 | total time: 593.77m | eta: 174.4m
step 04307/05568 (77.35%) | loss: 2.383077 | lrm: 0.38 | dt: 8290.98ms | tok/sec: 126,471 | bf16_mfu: 5.07 | epoch: 1 pq: 100 rg: 65 | total time: 593.91m | eta: 174.3m
step 04308/05568 (77.37%) | loss: 2.379883 | lrm: 0.38 | dt: 8293.92ms | tok/sec: 126,427 | bf16_mfu: 5.07 | epoch: 1 pq: 100 rg: 67 | total time: 594.05m | eta: 174.2m
step 04309/05568 (77.39%) | loss: 2.385873 | lrm: 0.38 | dt: 8299.88ms | tok/sec: 126,336 | bf16_mfu: 5.06 | epoch: 1 pq: 100 rg: 69 | total time: 594.19m | eta: 174.0m
step 04310/05568 (77.41%) | loss: 2.421370 | lrm: 0.38 | dt: 8283.12ms | tok/sec: 126,591 | bf16_mfu: 5.07 | epoch: 1 pq: 100 rg: 71 | total time: 594.32m | eta: 173.9m
step 04311/05568 (77.42%) | loss: 2.418090 | lrm: 0.38 | dt: 8291.80ms | tok/sec: 126,459 | bf16_mfu: 5.07 | epoch: 1 pq: 100 rg: 73 | total time: 594.46m | eta: 173.7m
step 04312/05568 (77.44%) | loss: 2.403619 | lrm: 0.38 | dt: 8292.74ms | tok/sec: 126,445 | bf16_mfu: 5.07 | epoch: 1 pq: 100 rg: 75 | total time: 594.60m | eta: 173.6m
step 04313/05568 (77.46%) | loss: 2.407668 | lrm: 0.38 | dt: 8287.01ms | tok/sec: 126,532 | bf16_mfu: 5.07 | epoch: 1 pq: 100 rg: 77 | total time: 594.74m | eta: 173.5m
step 04314/05568 (77.48%) | loss: 2.398043 | lrm: 0.38 | dt: 8287.25ms | tok/sec: 126,528 | bf16_mfu: 5.07 | epoch: 1 pq: 100 rg: 79 | total time: 594.88m | eta: 173.3m
step 04315/05568 (77.50%) | loss: 2.402731 | lrm: 0.38 | dt: 8283.17ms | tok/sec: 126,591 | bf16_mfu: 5.07 | epoch: 1 pq: 100 rg: 81 | total time: 595.01m | eta: 173.2m
step 04316/05568 (77.51%) | loss: 2.399967 | lrm: 0.38 | dt: 8294.02ms | tok/sec: 126,425 | bf16_mfu: 5.07 | epoch: 1 pq: 101 rg: 0 | total time: 595.15m | eta: 173.0m
step 04317/05568 (77.53%) | loss: 2.404108 | lrm: 0.38 | dt: 8297.20ms | tok/sec: 126,377 | bf16_mfu: 5.06 | epoch: 1 pq: 101 rg: 2 | total time: 595.29m | eta: 172.9m
step 04318/05568 (77.55%) | loss: 2.401938 | lrm: 0.38 | dt: 8300.70ms | tok/sec: 126,323 | bf16_mfu: 5.06 | epoch: 1 pq: 101 rg: 4 | total time: 595.43m | eta: 172.8m
step 04319/05568 (77.57%) | loss: 2.395056 | lrm: 0.38 | dt: 8293.31ms | tok/sec: 126,436 | bf16_mfu: 5.07 | epoch: 1 pq: 101 rg: 5 | total time: 595.57m | eta: 172.6m
step 04320/05568 (77.59%) | loss: 2.418787 | lrm: 0.38 | dt: 8286.69ms | tok/sec: 126,537 | bf16_mfu: 5.07 | epoch: 1 pq: 101 rg: 7 | total time: 595.71m | eta: 172.5m
step 04321/05568 (77.60%) | loss: 2.415953 | lrm: 0.38 | dt: 8300.86ms | tok/sec: 126,321 | bf16_mfu: 5.06 | epoch: 1 pq: 101 rg: 9 | total time: 595.84m | eta: 172.4m
step 04322/05568 (77.62%) | loss: 2.421852 | lrm: 0.38 | dt: 8297.97ms | tok/sec: 126,365 | bf16_mfu: 5.06 | epoch: 1 pq: 101 rg: 11 | total time: 595.98m | eta: 172.2m
step 04323/05568 (77.64%) | loss: 2.411359 | lrm: 0.38 | dt: 8295.11ms | tok/sec: 126,408 | bf16_mfu: 5.07 | epoch: 1 pq: 101 rg: 13 | total time: 596.12m | eta: 172.1m
step 04324/05568 (77.66%) | loss: 2.436256 | lrm: 0.38 | dt: 8300.31ms | tok/sec: 126,329 | bf16_mfu: 5.06 | epoch: 1 pq: 101 rg: 15 | total time: 596.26m | eta: 171.9m
step 04325/05568 (77.68%) | loss: 2.459753 | lrm: 0.38 | dt: 8297.29ms | tok/sec: 126,375 | bf16_mfu: 5.06 | epoch: 1 pq: 101 rg: 17 | total time: 596.40m | eta: 171.8m
step 04326/05568 (77.69%) | loss: 2.446553 | lrm: 0.38 | dt: 8303.27ms | tok/sec: 126,284 | bf16_mfu: 5.06 | epoch: 1 pq: 101 rg: 19 | total time: 596.54m | eta: 171.7m
step 04327/05568 (77.71%) | loss: 2.450757 | lrm: 0.38 | dt: 8284.52ms | tok/sec: 126,570 | bf16_mfu: 5.07 | epoch: 1 pq: 101 rg: 21 | total time: 596.67m | eta: 171.5m
step 04328/05568 (77.73%) | loss: 2.460825 | lrm: 0.38 | dt: 8294.74ms | tok/sec: 126,414 | bf16_mfu: 5.07 | epoch: 1 pq: 101 rg: 23 | total time: 596.81m | eta: 171.4m
step 04329/05568 (77.75%) | loss: 2.464217 | lrm: 0.38 | dt: 8301.04ms | tok/sec: 126,318 | bf16_mfu: 5.06 | epoch: 1 pq: 101 rg: 25 | total time: 596.95m | eta: 171.2m
step 04330/05568 (77.77%) | loss: 2.474201 | lrm: 0.37 | dt: 8290.64ms | tok/sec: 126,477 | bf16_mfu: 5.07 | epoch: 1 pq: 101 rg: 27 | total time: 597.09m | eta: 171.1m
step 04331/05568 (77.78%) | loss: 2.464182 | lrm: 0.37 | dt: 8286.46ms | tok/sec: 126,540 | bf16_mfu: 5.07 | epoch: 1 pq: 101 rg: 29 | total time: 597.23m | eta: 171.0m
step 04332/05568 (77.80%) | loss: 2.466606 | lrm: 0.37 | dt: 8292.85ms | tok/sec: 126,443 | bf16_mfu: 5.07 | epoch: 1 pq: 101 rg: 31 | total time: 597.37m | eta: 170.8m
step 04333/05568 (77.82%) | loss: 2.464121 | lrm: 0.37 | dt: 8295.84ms | tok/sec: 126,397 | bf16_mfu: 5.07 | epoch: 1 pq: 101 rg: 33 | total time: 597.50m | eta: 170.7m
step 04334/05568 (77.84%) | loss: 2.454347 | lrm: 0.37 | dt: 8282.98ms | tok/sec: 126,594 | bf16_mfu: 5.07 | epoch: 1 pq: 101 rg: 34 | total time: 597.64m | eta: 170.6m
step 04335/05568 (77.86%) | loss: 2.438897 | lrm: 0.37 | dt: 8297.18ms | tok/sec: 126,377 | bf16_mfu: 5.06 | epoch: 1 pq: 101 rg: 36 | total time: 597.78m | eta: 170.4m
step 04336/05568 (77.87%) | loss: 2.457235 | lrm: 0.37 | dt: 8294.38ms | tok/sec: 126,420 | bf16_mfu: 5.07 | epoch: 1 pq: 101 rg: 38 | total time: 597.92m | eta: 170.3m
step 04337/05568 (77.89%) | loss: 2.450130 | lrm: 0.37 | dt: 8302.56ms | tok/sec: 126,295 | bf16_mfu: 5.06 | epoch: 1 pq: 101 rg: 40 | total time: 598.06m | eta: 170.1m
step 04338/05568 (77.91%) | loss: 2.444391 | lrm: 0.37 | dt: 8291.50ms | tok/sec: 126,464 | bf16_mfu: 5.07 | epoch: 1 pq: 101 rg: 42 | total time: 598.19m | eta: 170.0m
step 04339/05568 (77.93%) | loss: 2.446406 | lrm: 0.37 | dt: 8301.27ms | tok/sec: 126,315 | bf16_mfu: 5.06 | epoch: 1 pq: 101 rg: 44 | total time: 598.33m | eta: 169.9m
step 04340/05568 (77.95%) | loss: 2.430047 | lrm: 0.37 | dt: 8291.70ms | tok/sec: 126,460 | bf16_mfu: 5.07 | epoch: 1 pq: 101 rg: 46 | total time: 598.47m | eta: 169.7m
step 04341/05568 (77.96%) | loss: 2.434180 | lrm: 0.37 | dt: 8295.24ms | tok/sec: 126,406 | bf16_mfu: 5.07 | epoch: 1 pq: 101 rg: 48 | total time: 598.61m | eta: 169.6m
step 04342/05568 (77.98%) | loss: 2.434677 | lrm: 0.37 | dt: 8302.44ms | tok/sec: 126,297 | bf16_mfu: 5.06 | epoch: 1 pq: 101 rg: 50 | total time: 598.75m | eta: 169.5m
step 04343/05568 (78.00%) | loss: 2.437603 | lrm: 0.37 | dt: 8289.51ms | tok/sec: 126,494 | bf16_mfu: 5.07 | epoch: 1 pq: 101 rg: 52 | total time: 598.89m | eta: 169.3m
step 04344/05568 (78.02%) | loss: 2.441066 | lrm: 0.37 | dt: 8299.78ms | tok/sec: 126,337 | bf16_mfu: 5.06 | epoch: 1 pq: 101 rg: 54 | total time: 599.02m | eta: 169.2m
step 04345/05568 (78.04%) | loss: 2.422313 | lrm: 0.37 | dt: 8288.23ms | tok/sec: 126,513 | bf16_mfu: 5.07 | epoch: 1 pq: 101 rg: 56 | total time: 599.16m | eta: 169.0m
step 04346/05568 (78.05%) | loss: 2.436042 | lrm: 0.37 | dt: 8293.90ms | tok/sec: 126,427 | bf16_mfu: 5.07 | epoch: 1 pq: 101 rg: 58 | total time: 599.30m | eta: 168.9m
step 04347/05568 (78.07%) | loss: 2.427582 | lrm: 0.37 | dt: 8300.44ms | tok/sec: 126,327 | bf16_mfu: 5.06 | epoch: 1 pq: 101 rg: 59 | total time: 599.44m | eta: 168.8m
step 04348/05568 (78.09%) | loss: 2.424686 | lrm: 0.37 | dt: 8285.55ms | tok/sec: 126,554 | bf16_mfu: 5.07 | epoch: 1 pq: 101 rg: 61 | total time: 599.58m | eta: 168.6m
step 04349/05568 (78.11%) | loss: 2.418831 | lrm: 0.37 | dt: 8297.09ms | tok/sec: 126,378 | bf16_mfu: 5.07 | epoch: 1 pq: 101 rg: 63 | total time: 599.72m | eta: 168.5m
step 04350/05568 (78.12%) | loss: 2.421052 | lrm: 0.37 | dt: 8300.39ms | tok/sec: 126,328 | bf16_mfu: 5.06 | epoch: 1 pq: 101 rg: 65 | total time: 599.85m | eta: 168.3m
step 04351/05568 (78.14%) | loss: 2.428161 | lrm: 0.37 | dt: 8298.85ms | tok/sec: 126,351 | bf16_mfu: 5.06 | epoch: 1 pq: 101 rg: 67 | total time: 599.99m | eta: 168.2m
step 04352/05568 (78.16%) | loss: 2.426038 | lrm: 0.37 | dt: 8296.27ms | tok/sec: 126,391 | bf16_mfu: 5.07 | epoch: 1 pq: 101 rg: 69 | total time: 600.13m | eta: 168.1m
step 04353/05568 (78.18%) | loss: 2.426036 | lrm: 0.37 | dt: 8297.87ms | tok/sec: 126,366 | bf16_mfu: 5.06 | epoch: 1 pq: 101 rg: 71 | total time: 600.27m | eta: 167.9m
step 04354/05568 (78.20%) | loss: 2.429070 | lrm: 0.37 | dt: 8288.46ms | tok/sec: 126,510 | bf16_mfu: 5.07 | epoch: 1 pq: 101 rg: 73 | total time: 600.41m | eta: 167.8m
step 04355/05568 (78.21%) | loss: 2.430002 | lrm: 0.37 | dt: 8294.82ms | tok/sec: 126,413 | bf16_mfu: 5.07 | epoch: 1 pq: 101 rg: 75 | total time: 600.55m | eta: 167.7m
step 04356/05568 (78.23%) | loss: 2.430856 | lrm: 0.37 | dt: 8331.57ms | tok/sec: 125,855 | bf16_mfu: 5.04 | epoch: 1 pq: 101 rg: 77 | total time: 600.68m | eta: 167.5m
step 04357/05568 (78.25%) | loss: 2.425314 | lrm: 0.37 | dt: 8285.94ms | tok/sec: 126,548 | bf16_mfu: 5.07 | epoch: 1 pq: 101 rg: 79 | total time: 600.82m | eta: 167.4m
step 04358/05568 (78.27%) | loss: 2.410833 | lrm: 0.37 | dt: 8301.41ms | tok/sec: 126,312 | bf16_mfu: 5.06 | epoch: 1 pq: 101 rg: 81 | total time: 600.96m | eta: 167.2m
step 04359/05568 (78.29%) | loss: 2.422272 | lrm: 0.37 | dt: 8290.45ms | tok/sec: 126,480 | bf16_mfu: 5.07 | epoch: 1 pq: 102 rg: 0 | total time: 601.10m | eta: 167.1m
step 04360/05568 (78.30%) | loss: 2.428739 | lrm: 0.37 | dt: 8290.16ms | tok/sec: 126,484 | bf16_mfu: 5.07 | epoch: 1 pq: 102 rg: 2 | total time: 601.24m | eta: 167.0m
step 04361/05568 (78.32%) | loss: 2.430935 | lrm: 0.37 | dt: 8296.19ms | tok/sec: 126,392 | bf16_mfu: 5.07 | epoch: 1 pq: 102 rg: 4 | total time: 601.37m | eta: 166.8m
step 04362/05568 (78.34%) | loss: 2.415970 | lrm: 0.37 | dt: 8295.68ms | tok/sec: 126,400 | bf16_mfu: 5.07 | epoch: 1 pq: 102 rg: 6 | total time: 601.51m | eta: 166.7m
step 04363/05568 (78.36%) | loss: 2.427790 | lrm: 0.37 | dt: 8287.08ms | tok/sec: 126,531 | bf16_mfu: 5.07 | epoch: 1 pq: 102 rg: 7 | total time: 601.65m | eta: 166.5m
step 04364/05568 (78.38%) | loss: 2.418090 | lrm: 0.37 | dt: 8290.76ms | tok/sec: 126,475 | bf16_mfu: 5.07 | epoch: 1 pq: 102 rg: 9 | total time: 601.79m | eta: 166.4m
step 04365/05568 (78.39%) | loss: 2.425798 | lrm: 0.37 | dt: 8294.38ms | tok/sec: 126,420 | bf16_mfu: 5.07 | epoch: 1 pq: 102 rg: 11 | total time: 601.93m | eta: 166.3m
step 04366/05568 (78.41%) | loss: 2.420659 | lrm: 0.37 | dt: 8288.93ms | tok/sec: 126,503 | bf16_mfu: 5.07 | epoch: 1 pq: 102 rg: 13 | total time: 602.07m | eta: 166.1m
step 04367/05568 (78.43%) | loss: 2.443858 | lrm: 0.37 | dt: 8285.47ms | tok/sec: 126,555 | bf16_mfu: 5.07 | epoch: 1 pq: 102 rg: 15 | total time: 602.20m | eta: 166.0m
step 04368/05568 (78.45%) | loss: 2.435674 | lrm: 0.37 | dt: 8292.34ms | tok/sec: 126,451 | bf16_mfu: 5.07 | epoch: 1 pq: 102 rg: 17 | total time: 602.34m | eta: 165.9m
step 04369/05568 (78.47%) | loss: 2.433394 | lrm: 0.36 | dt: 8290.86ms | tok/sec: 126,473 | bf16_mfu: 5.07 | epoch: 1 pq: 102 rg: 19 | total time: 602.48m | eta: 165.7m
step 04370/05568 (78.48%) | loss: 2.418263 | lrm: 0.36 | dt: 8293.94ms | tok/sec: 126,426 | bf16_mfu: 5.07 | epoch: 1 pq: 102 rg: 21 | total time: 602.62m | eta: 165.6m
step 04371/05568 (78.50%) | loss: 2.423774 | lrm: 0.36 | dt: 8300.52ms | tok/sec: 126,326 | bf16_mfu: 5.06 | epoch: 1 pq: 102 rg: 23 | total time: 602.76m | eta: 165.4m
step 04372/05568 (78.52%) | loss: 2.432138 | lrm: 0.36 | dt: 8293.94ms | tok/sec: 126,426 | bf16_mfu: 5.07 | epoch: 1 pq: 102 rg: 25 | total time: 602.90m | eta: 165.3m
step 04373/05568 (78.54%) | loss: 2.431635 | lrm: 0.36 | dt: 8290.84ms | tok/sec: 126,473 | bf16_mfu: 5.07 | epoch: 1 pq: 102 rg: 27 | total time: 603.03m | eta: 165.2m
step 04374/05568 (78.56%) | loss: 2.432412 | lrm: 0.36 | dt: 8294.46ms | tok/sec: 126,418 | bf16_mfu: 5.07 | epoch: 1 pq: 102 rg: 29 | total time: 603.17m | eta: 165.0m
step 04375/05568 (78.57%) | loss: 2.423402 | lrm: 0.36 | dt: 8289.40ms | tok/sec: 126,496 | bf16_mfu: 5.07 | epoch: 1 pq: 102 rg: 31 | total time: 603.31m | eta: 164.9m
step 04376/05568 (78.59%) | loss: 2.411441 | lrm: 0.36 | dt: 8303.30ms | tok/sec: 126,284 | bf16_mfu: 5.06 | epoch: 1 pq: 102 rg: 32 | total time: 603.45m | eta: 164.8m
step 04377/05568 (78.61%) | loss: 2.410521 | lrm: 0.36 | dt: 8290.44ms | tok/sec: 126,480 | bf16_mfu: 5.07 | epoch: 1 pq: 102 rg: 34 | total time: 603.59m | eta: 164.6m
step 04378/05568 (78.63%) | loss: 2.423898 | lrm: 0.36 | dt: 8285.29ms | tok/sec: 126,558 | bf16_mfu: 5.07 | epoch: 1 pq: 102 rg: 36 | total time: 603.72m | eta: 164.5m
step 04379/05568 (78.65%) | loss: 2.403471 | lrm: 0.36 | dt: 8290.43ms | tok/sec: 126,480 | bf16_mfu: 5.07 | epoch: 1 pq: 102 rg: 38 | total time: 603.86m | eta: 164.3m
step 04380/05568 (78.66%) | loss: 2.409105 | lrm: 0.36 | dt: 8302.96ms | tok/sec: 126,289 | bf16_mfu: 5.06 | epoch: 1 pq: 102 rg: 40 | total time: 604.00m | eta: 164.2m
step 04381/05568 (78.68%) | loss: 2.402563 | lrm: 0.36 | dt: 8285.45ms | tok/sec: 126,556 | bf16_mfu: 5.07 | epoch: 1 pq: 102 rg: 42 | total time: 604.14m | eta: 164.1m
step 04382/05568 (78.70%) | loss: 2.400988 | lrm: 0.36 | dt: 8296.29ms | tok/sec: 126,390 | bf16_mfu: 5.07 | epoch: 1 pq: 102 rg: 44 | total time: 604.28m | eta: 163.9m
step 04383/05568 (78.72%) | loss: 2.408070 | lrm: 0.36 | dt: 8288.70ms | tok/sec: 126,506 | bf16_mfu: 5.07 | epoch: 1 pq: 102 rg: 46 | total time: 604.42m | eta: 163.8m
step 04384/05568 (78.74%) | loss: 2.413415 | lrm: 0.36 | dt: 8283.89ms | tok/sec: 126,580 | bf16_mfu: 5.07 | epoch: 1 pq: 102 rg: 48 | total time: 604.55m | eta: 163.6m
step 04385/05568 (78.75%) | loss: 2.414904 | lrm: 0.36 | dt: 8297.38ms | tok/sec: 126,374 | bf16_mfu: 5.06 | epoch: 1 pq: 102 rg: 50 | total time: 604.69m | eta: 163.5m
step 04386/05568 (78.77%) | loss: 2.412294 | lrm: 0.36 | dt: 8287.28ms | tok/sec: 126,528 | bf16_mfu: 5.07 | epoch: 1 pq: 102 rg: 52 | total time: 604.83m | eta: 163.4m
step 04387/05568 (78.79%) | loss: 2.431996 | lrm: 0.36 | dt: 8293.45ms | tok/sec: 126,434 | bf16_mfu: 5.07 | epoch: 1 pq: 102 rg: 54 | total time: 604.97m | eta: 163.2m
step 04388/05568 (78.81%) | loss: 2.439800 | lrm: 0.36 | dt: 8297.87ms | tok/sec: 126,366 | bf16_mfu: 5.06 | epoch: 1 pq: 102 rg: 56 | total time: 605.11m | eta: 163.1m
step 04389/05568 (78.83%) | loss: 2.440655 | lrm: 0.36 | dt: 8288.53ms | tok/sec: 126,509 | bf16_mfu: 5.07 | epoch: 1 pq: 102 rg: 58 | total time: 605.24m | eta: 163.0m
step 04390/05568 (78.84%) | loss: 2.444903 | lrm: 0.36 | dt: 8296.25ms | tok/sec: 126,391 | bf16_mfu: 5.07 | epoch: 1 pq: 102 rg: 59 | total time: 605.38m | eta: 162.8m
step 04391/05568 (78.86%) | loss: 2.415161 | lrm: 0.36 | dt: 8281.44ms | tok/sec: 126,617 | bf16_mfu: 5.07 | epoch: 1 pq: 102 rg: 61 | total time: 605.52m | eta: 162.7m
step 04392/05568 (78.88%) | loss: 2.390288 | lrm: 0.36 | dt: 8276.26ms | tok/sec: 126,696 | bf16_mfu: 5.08 | epoch: 1 pq: 102 rg: 63 | total time: 605.66m | eta: 162.5m
step 04393/05568 (78.90%) | loss: 2.398358 | lrm: 0.36 | dt: 8293.95ms | tok/sec: 126,426 | bf16_mfu: 5.07 | epoch: 1 pq: 102 rg: 65 | total time: 605.80m | eta: 162.4m
step 04394/05568 (78.92%) | loss: 2.404263 | lrm: 0.36 | dt: 8302.42ms | tok/sec: 126,297 | bf16_mfu: 5.06 | epoch: 1 pq: 102 rg: 67 | total time: 605.94m | eta: 162.3m
step 04395/05568 (78.93%) | loss: 2.402217 | lrm: 0.36 | dt: 8285.08ms | tok/sec: 126,561 | bf16_mfu: 5.07 | epoch: 1 pq: 102 rg: 69 | total time: 606.07m | eta: 162.1m
step 04396/05568 (78.95%) | loss: 2.387616 | lrm: 0.36 | dt: 8298.90ms | tok/sec: 126,351 | bf16_mfu: 5.06 | epoch: 1 pq: 102 rg: 71 | total time: 606.21m | eta: 162.0m
step 04397/05568 (78.97%) | loss: 2.388946 | lrm: 0.36 | dt: 8299.54ms | tok/sec: 126,341 | bf16_mfu: 5.06 | epoch: 1 pq: 102 rg: 73 | total time: 606.35m | eta: 161.9m
step 04398/05568 (78.99%) | loss: 2.387688 | lrm: 0.36 | dt: 8294.94ms | tok/sec: 126,411 | bf16_mfu: 5.07 | epoch: 1 pq: 102 rg: 75 | total time: 606.49m | eta: 161.7m
step 04399/05568 (79.01%) | loss: 2.373558 | lrm: 0.36 | dt: 8296.33ms | tok/sec: 126,390 | bf16_mfu: 5.07 | epoch: 1 pq: 102 rg: 77 | total time: 606.63m | eta: 161.6m
step 04400/05568 (79.02%) | loss: 2.359016 | lrm: 0.36 | dt: 8282.96ms | tok/sec: 126,594 | bf16_mfu: 5.07 | epoch: 1 pq: 102 rg: 79 | total time: 606.76m | eta: 161.4m
step 04401/05568 (79.04%) | loss: 2.360281 | lrm: 0.36 | dt: 8300.18ms | tok/sec: 126,331 | bf16_mfu: 5.06 | epoch: 1 pq: 102 rg: 81 | total time: 606.90m | eta: 161.3m
step 04402/05568 (79.06%) | loss: 2.375593 | lrm: 0.36 | dt: 8307.26ms | tok/sec: 126,223 | bf16_mfu: 5.06 | epoch: 1 pq: 103 rg: 1 | total time: 607.04m | eta: 161.2m
step 04403/05568 (79.08%) | loss: 2.366435 | lrm: 0.36 | dt: 8290.86ms | tok/sec: 126,473 | bf16_mfu: 5.07 | epoch: 1 pq: 103 rg: 3 | total time: 607.18m | eta: 161.0m
step 04404/05568 (79.09%) | loss: 2.370295 | lrm: 0.36 | dt: 8294.27ms | tok/sec: 126,421 | bf16_mfu: 5.07 | epoch: 1 pq: 103 rg: 5 | total time: 607.32m | eta: 160.9m
step 04405/05568 (79.11%) | loss: 2.383598 | lrm: 0.36 | dt: 8298.31ms | tok/sec: 126,360 | bf16_mfu: 5.06 | epoch: 1 pq: 103 rg: 6 | total time: 607.46m | eta: 160.7m
step 04406/05568 (79.13%) | loss: 2.388552 | lrm: 0.36 | dt: 8295.65ms | tok/sec: 126,400 | bf16_mfu: 5.07 | epoch: 1 pq: 103 rg: 8 | total time: 607.59m | eta: 160.6m
step 04407/05568 (79.15%) | loss: 2.382946 | lrm: 0.35 | dt: 8299.94ms | tok/sec: 126,335 | bf16_mfu: 5.06 | epoch: 1 pq: 103 rg: 10 | total time: 607.73m | eta: 160.5m
step 04408/05568 (79.17%) | loss: 2.360619 | lrm: 0.35 | dt: 8303.98ms | tok/sec: 126,273 | bf16_mfu: 5.06 | epoch: 1 pq: 103 rg: 12 | total time: 607.87m | eta: 160.3m
step 04409/05568 (79.18%) | loss: 2.350215 | lrm: 0.35 | dt: 8294.21ms | tok/sec: 126,422 | bf16_mfu: 5.07 | epoch: 1 pq: 103 rg: 14 | total time: 608.01m | eta: 160.2m
step 04410/05568 (79.20%) | loss: 2.355515 | lrm: 0.35 | dt: 8287.59ms | tok/sec: 126,523 | bf16_mfu: 5.07 | epoch: 1 pq: 103 rg: 16 | total time: 608.15m | eta: 160.1m
step 04411/05568 (79.22%) | loss: 2.368526 | lrm: 0.35 | dt: 8299.19ms | tok/sec: 126,346 | bf16_mfu: 5.06 | epoch: 1 pq: 103 rg: 18 | total time: 608.29m | eta: 159.9m
step 04412/05568 (79.24%) | loss: 2.378705 | lrm: 0.35 | dt: 8288.55ms | tok/sec: 126,508 | bf16_mfu: 5.07 | epoch: 1 pq: 103 rg: 20 | total time: 608.42m | eta: 159.8m
step 04413/05568 (79.26%) | loss: 2.367291 | lrm: 0.35 | dt: 8290.79ms | tok/sec: 126,474 | bf16_mfu: 5.07 | epoch: 1 pq: 103 rg: 22 | total time: 608.56m | eta: 159.6m
step 04414/05568 (79.27%) | loss: 2.358935 | lrm: 0.35 | dt: 8297.34ms | tok/sec: 126,374 | bf16_mfu: 5.06 | epoch: 1 pq: 103 rg: 24 | total time: 608.70m | eta: 159.5m
step 04415/05568 (79.29%) | loss: 2.374282 | lrm: 0.35 | dt: 8290.02ms | tok/sec: 126,486 | bf16_mfu: 5.07 | epoch: 1 pq: 103 rg: 26 | total time: 608.84m | eta: 159.4m
step 04416/05568 (79.31%) | loss: 2.374886 | lrm: 0.35 | dt: 8309.26ms | tok/sec: 126,193 | bf16_mfu: 5.06 | epoch: 1 pq: 103 rg: 28 | total time: 608.98m | eta: 159.2m
step 04417/05568 (79.33%) | loss: 2.383128 | lrm: 0.35 | dt: 8291.87ms | tok/sec: 126,458 | bf16_mfu: 5.07 | epoch: 1 pq: 103 rg: 30 | total time: 609.12m | eta: 159.1m
step 04418/05568 (79.35%) | loss: 2.392369 | lrm: 0.35 | dt: 8295.62ms | tok/sec: 126,401 | bf16_mfu: 5.07 | epoch: 1 pq: 103 rg: 32 | total time: 609.25m | eta: 158.9m
step 04419/05568 (79.36%) | loss: 2.390312 | lrm: 0.35 | dt: 8291.86ms | tok/sec: 126,458 | bf16_mfu: 5.07 | epoch: 1 pq: 103 rg: 34 | total time: 609.39m | eta: 158.8m
step 04420/05568 (79.38%) | loss: 2.393009 | lrm: 0.35 | dt: 8297.79ms | tok/sec: 126,368 | bf16_mfu: 5.06 | epoch: 1 pq: 103 rg: 36 | total time: 609.53m | eta: 158.7m
step 04421/05568 (79.40%) | loss: 2.393369 | lrm: 0.35 | dt: 8308.22ms | tok/sec: 126,209 | bf16_mfu: 5.06 | epoch: 1 pq: 103 rg: 38 | total time: 609.67m | eta: 158.5m
step 04422/05568 (79.42%) | loss: 2.389738 | lrm: 0.35 | dt: 8302.05ms | tok/sec: 126,303 | bf16_mfu: 5.06 | epoch: 1 pq: 103 rg: 40 | total time: 609.81m | eta: 158.4m
step 04423/05568 (79.44%) | loss: 2.402649 | lrm: 0.35 | dt: 8288.30ms | tok/sec: 126,512 | bf16_mfu: 5.07 | epoch: 1 pq: 103 rg: 41 | total time: 609.95m | eta: 158.3m
step 04424/05568 (79.45%) | loss: 2.406639 | lrm: 0.35 | dt: 8296.32ms | tok/sec: 126,390 | bf16_mfu: 5.07 | epoch: 1 pq: 103 rg: 43 | total time: 610.08m | eta: 158.1m
step 04425/05568 (79.47%) | loss: 2.398994 | lrm: 0.35 | dt: 8308.96ms | tok/sec: 126,198 | bf16_mfu: 5.06 | epoch: 1 pq: 103 rg: 45 | total time: 610.22m | eta: 158.0m
step 04426/05568 (79.49%) | loss: 2.423100 | lrm: 0.35 | dt: 8319.55ms | tok/sec: 126,037 | bf16_mfu: 5.05 | epoch: 1 pq: 103 rg: 47 | total time: 610.36m | eta: 157.8m
step 04427/05568 (79.51%) | loss: 2.417845 | lrm: 0.35 | dt: 8304.55ms | tok/sec: 126,265 | bf16_mfu: 5.06 | epoch: 1 pq: 103 rg: 49 | total time: 610.50m | eta: 157.7m
step 04428/05568 (79.53%) | loss: 2.418039 | lrm: 0.35 | dt: 8310.88ms | tok/sec: 126,169 | bf16_mfu: 5.06 | epoch: 1 pq: 103 rg: 51 | total time: 610.64m | eta: 157.6m
step 04429/05568 (79.54%) | loss: 2.404142 | lrm: 0.35 | dt: 8309.31ms | tok/sec: 126,192 | bf16_mfu: 5.06 | epoch: 1 pq: 103 rg: 53 | total time: 610.78m | eta: 157.4m
step 04430/05568 (79.56%) | loss: 2.417663 | lrm: 0.35 | dt: 8318.11ms | tok/sec: 126,059 | bf16_mfu: 5.05 | epoch: 1 pq: 103 rg: 55 | total time: 610.91m | eta: 157.3m
step 04431/05568 (79.58%) | loss: 2.411487 | lrm: 0.35 | dt: 8292.96ms | tok/sec: 126,441 | bf16_mfu: 5.07 | epoch: 1 pq: 103 rg: 57 | total time: 611.05m | eta: 157.2m
step 04432/05568 (79.60%) | loss: 2.412490 | lrm: 0.35 | dt: 8305.40ms | tok/sec: 126,252 | bf16_mfu: 5.06 | epoch: 1 pq: 103 rg: 59 | total time: 611.19m | eta: 157.0m
step 04433/05568 (79.62%) | loss: 2.408282 | lrm: 0.35 | dt: 8293.64ms | tok/sec: 126,431 | bf16_mfu: 5.07 | epoch: 1 pq: 103 rg: 61 | total time: 611.33m | eta: 156.9m
step 04434/05568 (79.63%) | loss: 2.427921 | lrm: 0.35 | dt: 8294.54ms | tok/sec: 126,417 | bf16_mfu: 5.07 | epoch: 1 pq: 103 rg: 63 | total time: 611.47m | eta: 156.7m
step 04435/05568 (79.65%) | loss: 2.426676 | lrm: 0.35 | dt: 8285.51ms | tok/sec: 126,555 | bf16_mfu: 5.07 | epoch: 1 pq: 103 rg: 65 | total time: 611.61m | eta: 156.6m
step 04436/05568 (79.67%) | loss: 2.409136 | lrm: 0.35 | dt: 8302.20ms | tok/sec: 126,301 | bf16_mfu: 5.06 | epoch: 1 pq: 103 rg: 67 | total time: 611.74m | eta: 156.5m
step 04437/05568 (79.69%) | loss: 2.420536 | lrm: 0.35 | dt: 8301.64ms | tok/sec: 126,309 | bf16_mfu: 5.06 | epoch: 1 pq: 103 rg: 69 | total time: 611.88m | eta: 156.3m
step 04438/05568 (79.71%) | loss: 2.435828 | lrm: 0.35 | dt: 8293.72ms | tok/sec: 126,430 | bf16_mfu: 5.07 | epoch: 1 pq: 103 rg: 70 | total time: 612.02m | eta: 156.2m
step 04439/05568 (79.72%) | loss: 2.431640 | lrm: 0.35 | dt: 8305.19ms | tok/sec: 126,255 | bf16_mfu: 5.06 | epoch: 1 pq: 103 rg: 72 | total time: 612.16m | eta: 156.0m
step 04440/05568 (79.74%) | loss: 2.434631 | lrm: 0.35 | dt: 8295.10ms | tok/sec: 126,409 | bf16_mfu: 5.07 | epoch: 1 pq: 103 rg: 74 | total time: 612.30m | eta: 155.9m
step 04441/05568 (79.76%) | loss: 2.426030 | lrm: 0.35 | dt: 8281.76ms | tok/sec: 126,612 | bf16_mfu: 5.07 | epoch: 1 pq: 103 rg: 76 | total time: 612.44m | eta: 155.8m
step 04442/05568 (79.78%) | loss: 2.425741 | lrm: 0.35 | dt: 8288.40ms | tok/sec: 126,511 | bf16_mfu: 5.07 | epoch: 1 pq: 103 rg: 78 | total time: 612.57m | eta: 155.6m
step 04443/05568 (79.80%) | loss: 2.426787 | lrm: 0.35 | dt: 8296.37ms | tok/sec: 126,389 | bf16_mfu: 5.07 | epoch: 1 pq: 103 rg: 80 | total time: 612.71m | eta: 155.5m
step 04444/05568 (79.81%) | loss: 2.413559 | lrm: 0.35 | dt: 8307.77ms | tok/sec: 126,216 | bf16_mfu: 5.06 | epoch: 1 pq: 103 rg: 82 | total time: 612.85m | eta: 155.4m
step 04445/05568 (79.83%) | loss: 2.408918 | lrm: 0.34 | dt: 8290.97ms | tok/sec: 126,472 | bf16_mfu: 5.07 | epoch: 1 pq: 104 rg: 1 | total time: 612.99m | eta: 155.2m
step 04446/05568 (79.85%) | loss: 2.410507 | lrm: 0.34 | dt: 8291.74ms | tok/sec: 126,460 | bf16_mfu: 5.07 | epoch: 1 pq: 104 rg: 3 | total time: 613.13m | eta: 155.1m
step 04447/05568 (79.87%) | loss: 2.395343 | lrm: 0.34 | dt: 8301.66ms | tok/sec: 126,309 | bf16_mfu: 5.06 | epoch: 1 pq: 104 rg: 5 | total time: 613.27m | eta: 154.9m
step 04448/05568 (79.89%) | loss: 2.395431 | lrm: 0.34 | dt: 8292.28ms | tok/sec: 126,452 | bf16_mfu: 5.07 | epoch: 1 pq: 104 rg: 7 | total time: 613.40m | eta: 154.8m
step 04449/05568 (79.90%) | loss: 2.402542 | lrm: 0.34 | dt: 8295.74ms | tok/sec: 126,399 | bf16_mfu: 5.07 | epoch: 1 pq: 104 rg: 9 | total time: 613.54m | eta: 154.7m
step 04450/05568 (79.92%) | loss: 2.396904 | lrm: 0.34 | dt: 8308.02ms | tok/sec: 126,212 | bf16_mfu: 5.06 | epoch: 1 pq: 104 rg: 11 | total time: 613.68m | eta: 154.5m
step 04451/05568 (79.94%) | loss: 2.402335 | lrm: 0.34 | dt: 8287.26ms | tok/sec: 126,528 | bf16_mfu: 5.07 | epoch: 1 pq: 104 rg: 13 | total time: 613.82m | eta: 154.4m
step 04452/05568 (79.96%) | loss: 2.402956 | lrm: 0.34 | dt: 8295.01ms | tok/sec: 126,410 | bf16_mfu: 5.07 | epoch: 1 pq: 104 rg: 15 | total time: 613.96m | eta: 154.2m
step 04453/05568 (79.97%) | loss: 2.401450 | lrm: 0.34 | dt: 8295.97ms | tok/sec: 126,395 | bf16_mfu: 5.07 | epoch: 1 pq: 104 rg: 17 | total time: 614.09m | eta: 154.1m
step 04454/05568 (79.99%) | loss: 2.405090 | lrm: 0.34 | dt: 8301.60ms | tok/sec: 126,310 | bf16_mfu: 5.06 | epoch: 1 pq: 104 rg: 19 | total time: 614.23m | eta: 154.0m
step 04455/05568 (80.01%) | loss: 2.416311 | lrm: 0.34 | dt: 8311.45ms | tok/sec: 126,160 | bf16_mfu: 5.06 | epoch: 1 pq: 104 rg: 20 | total time: 614.37m | eta: 153.8m
step 04456/05568 (80.03%) | loss: 2.415283 | lrm: 0.34 | dt: 8300.28ms | tok/sec: 126,330 | bf16_mfu: 5.06 | epoch: 1 pq: 104 rg: 22 | total time: 614.51m | eta: 153.7m
step 04457/05568 (80.05%) | loss: 2.410981 | lrm: 0.34 | dt: 8332.23ms | tok/sec: 125,845 | bf16_mfu: 5.04 | epoch: 1 pq: 104 rg: 24 | total time: 614.65m | eta: 153.6m
step 04458/05568 (80.06%) | loss: 2.412744 | lrm: 0.34 | dt: 8283.89ms | tok/sec: 126,580 | bf16_mfu: 5.07 | epoch: 1 pq: 104 rg: 26 | total time: 614.79m | eta: 153.4m
step 04459/05568 (80.08%) | loss: 2.411381 | lrm: 0.34 | dt: 8302.72ms | tok/sec: 126,293 | bf16_mfu: 5.06 | epoch: 1 pq: 104 rg: 28 | total time: 614.93m | eta: 153.3m
step 04460/05568 (80.10%) | loss: 2.404483 | lrm: 0.34 | dt: 8301.19ms | tok/sec: 126,316 | bf16_mfu: 5.06 | epoch: 1 pq: 104 rg: 30 | total time: 615.06m | eta: 153.1m
step 04461/05568 (80.12%) | loss: 2.432945 | lrm: 0.34 | dt: 8298.18ms | tok/sec: 126,362 | bf16_mfu: 5.06 | epoch: 1 pq: 104 rg: 32 | total time: 615.20m | eta: 153.0m
step 04462/05568 (80.14%) | loss: 2.410268 | lrm: 0.34 | dt: 8293.67ms | tok/sec: 126,430 | bf16_mfu: 5.07 | epoch: 1 pq: 104 rg: 34 | total time: 615.34m | eta: 152.9m
step 04463/05568 (80.15%) | loss: 2.419950 | lrm: 0.34 | dt: 8293.80ms | tok/sec: 126,428 | bf16_mfu: 5.07 | epoch: 1 pq: 104 rg: 36 | total time: 615.48m | eta: 152.7m
step 04464/05568 (80.17%) | loss: 2.411432 | lrm: 0.34 | dt: 8288.10ms | tok/sec: 126,515 | bf16_mfu: 5.07 | epoch: 1 pq: 104 rg: 38 | total time: 615.62m | eta: 152.6m
step 04465/05568 (80.19%) | loss: 2.413781 | lrm: 0.34 | dt: 8297.83ms | tok/sec: 126,367 | bf16_mfu: 5.06 | epoch: 1 pq: 104 rg: 40 | total time: 615.75m | eta: 152.5m
step 04466/05568 (80.21%) | loss: 2.419522 | lrm: 0.34 | dt: 8293.13ms | tok/sec: 126,439 | bf16_mfu: 5.07 | epoch: 1 pq: 104 rg: 42 | total time: 615.89m | eta: 152.3m
step 04467/05568 (80.23%) | loss: 2.415006 | lrm: 0.34 | dt: 8297.40ms | tok/sec: 126,374 | bf16_mfu: 5.06 | epoch: 1 pq: 104 rg: 44 | total time: 616.03m | eta: 152.2m
step 04468/05568 (80.24%) | loss: 2.426148 | lrm: 0.34 | dt: 8290.83ms | tok/sec: 126,474 | bf16_mfu: 5.07 | epoch: 1 pq: 104 rg: 45 | total time: 616.17m | eta: 152.0m
step 04469/05568 (80.26%) | loss: 2.425059 | lrm: 0.34 | dt: 8296.89ms | tok/sec: 126,381 | bf16_mfu: 5.07 | epoch: 1 pq: 104 rg: 47 | total time: 616.31m | eta: 151.9m
step 04470/05568 (80.28%) | loss: 2.404856 | lrm: 0.34 | dt: 8292.35ms | tok/sec: 126,450 | bf16_mfu: 5.07 | epoch: 1 pq: 104 rg: 49 | total time: 616.45m | eta: 151.8m
step 04471/05568 (80.30%) | loss: 2.392345 | lrm: 0.34 | dt: 8295.18ms | tok/sec: 126,407 | bf16_mfu: 5.07 | epoch: 1 pq: 104 rg: 51 | total time: 616.58m | eta: 151.6m
step 04472/05568 (80.32%) | loss: 2.378696 | lrm: 0.34 | dt: 8295.17ms | tok/sec: 126,408 | bf16_mfu: 5.07 | epoch: 1 pq: 104 rg: 53 | total time: 616.72m | eta: 151.5m
step 04473/05568 (80.33%) | loss: 2.395541 | lrm: 0.34 | dt: 8303.85ms | tok/sec: 126,275 | bf16_mfu: 5.06 | epoch: 1 pq: 104 rg: 55 | total time: 616.86m | eta: 151.3m
step 04474/05568 (80.35%) | loss: 2.400113 | lrm: 0.34 | dt: 8304.06ms | tok/sec: 126,272 | bf16_mfu: 5.06 | epoch: 1 pq: 104 rg: 57 | total time: 617.00m | eta: 151.2m
step 04475/05568 (80.37%) | loss: 2.387024 | lrm: 0.34 | dt: 8300.10ms | tok/sec: 126,333 | bf16_mfu: 5.06 | epoch: 1 pq: 104 rg: 59 | total time: 617.14m | eta: 151.1m
step 04476/05568 (80.39%) | loss: 2.402615 | lrm: 0.34 | dt: 8295.61ms | tok/sec: 126,401 | bf16_mfu: 5.07 | epoch: 1 pq: 104 rg: 61 | total time: 617.28m | eta: 150.9m
step 04477/05568 (80.41%) | loss: 2.421099 | lrm: 0.34 | dt: 8298.98ms | tok/sec: 126,350 | bf16_mfu: 5.06 | epoch: 1 pq: 104 rg: 63 | total time: 617.41m | eta: 150.8m
step 04478/05568 (80.42%) | loss: 2.444609 | lrm: 0.34 | dt: 8290.37ms | tok/sec: 126,481 | bf16_mfu: 5.07 | epoch: 1 pq: 104 rg: 65 | total time: 617.55m | eta: 150.7m
step 04479/05568 (80.44%) | loss: 2.446874 | lrm: 0.34 | dt: 8298.35ms | tok/sec: 126,359 | bf16_mfu: 5.06 | epoch: 1 pq: 104 rg: 67 | total time: 617.69m | eta: 150.5m
step 04480/05568 (80.46%) | loss: 2.449951 | lrm: 0.34 | dt: 8294.73ms | tok/sec: 126,414 | bf16_mfu: 5.07 | epoch: 1 pq: 104 rg: 69 | total time: 617.83m | eta: 150.4m
step 04481/05568 (80.48%) | loss: 2.434770 | lrm: 0.34 | dt: 8283.56ms | tok/sec: 126,585 | bf16_mfu: 5.07 | epoch: 1 pq: 104 rg: 70 | total time: 617.97m | eta: 150.2m
step 04482/05568 (80.50%) | loss: 2.437538 | lrm: 0.34 | dt: 8293.79ms | tok/sec: 126,429 | bf16_mfu: 5.07 | epoch: 1 pq: 104 rg: 72 | total time: 618.11m | eta: 150.1m
step 04483/05568 (80.51%) | loss: 2.439550 | lrm: 0.33 | dt: 8300.99ms | tok/sec: 126,319 | bf16_mfu: 5.06 | epoch: 1 pq: 104 rg: 74 | total time: 618.24m | eta: 150.0m
step 04484/05568 (80.53%) | loss: 2.433253 | lrm: 0.33 | dt: 8301.16ms | tok/sec: 126,316 | bf16_mfu: 5.06 | epoch: 1 pq: 104 rg: 76 | total time: 618.38m | eta: 149.8m
step 04485/05568 (80.55%) | loss: 2.429703 | lrm: 0.33 | dt: 8293.89ms | tok/sec: 126,427 | bf16_mfu: 5.07 | epoch: 1 pq: 104 rg: 78 | total time: 618.52m | eta: 149.7m
step 04486/05568 (80.57%) | loss: 2.429880 | lrm: 0.33 | dt: 8287.18ms | tok/sec: 126,529 | bf16_mfu: 5.07 | epoch: 1 pq: 104 rg: 80 | total time: 618.66m | eta: 149.6m
step 04487/05568 (80.59%) | loss: 2.441180 | lrm: 0.33 | dt: 8294.88ms | tok/sec: 126,412 | bf16_mfu: 5.07 | epoch: 1 pq: 105 rg: 0 | total time: 618.80m | eta: 149.4m
step 04488/05568 (80.60%) | loss: 2.428585 | lrm: 0.33 | dt: 8285.62ms | tok/sec: 126,553 | bf16_mfu: 5.07 | epoch: 1 pq: 105 rg: 2 | total time: 618.93m | eta: 149.3m
step 04489/05568 (80.62%) | loss: 2.436456 | lrm: 0.33 | dt: 8281.57ms | tok/sec: 126,615 | bf16_mfu: 5.07 | epoch: 1 pq: 105 rg: 4 | total time: 619.07m | eta: 149.1m
step 04490/05568 (80.64%) | loss: 2.437020 | lrm: 0.33 | dt: 8293.27ms | tok/sec: 126,437 | bf16_mfu: 5.07 | epoch: 1 pq: 105 rg: 6 | total time: 619.21m | eta: 149.0m
step 04491/05568 (80.66%) | loss: 2.428509 | lrm: 0.33 | dt: 8290.42ms | tok/sec: 126,480 | bf16_mfu: 5.07 | epoch: 1 pq: 105 rg: 8 | total time: 619.35m | eta: 148.9m
step 04492/05568 (80.68%) | loss: 2.413576 | lrm: 0.33 | dt: 8288.18ms | tok/sec: 126,514 | bf16_mfu: 5.07 | epoch: 1 pq: 105 rg: 10 | total time: 619.49m | eta: 148.7m
step 04493/05568 (80.69%) | loss: 2.418145 | lrm: 0.33 | dt: 8295.80ms | tok/sec: 126,398 | bf16_mfu: 5.07 | epoch: 1 pq: 105 rg: 12 | total time: 619.63m | eta: 148.6m
step 04494/05568 (80.71%) | loss: 2.413459 | lrm: 0.33 | dt: 8297.79ms | tok/sec: 126,368 | bf16_mfu: 5.06 | epoch: 1 pq: 105 rg: 14 | total time: 619.76m | eta: 148.4m
step 04495/05568 (80.73%) | loss: 2.416124 | lrm: 0.33 | dt: 8292.87ms | tok/sec: 126,443 | bf16_mfu: 5.07 | epoch: 1 pq: 105 rg: 16 | total time: 619.90m | eta: 148.3m
step 04496/05568 (80.75%) | loss: 2.404457 | lrm: 0.33 | dt: 8301.20ms | tok/sec: 126,316 | bf16_mfu: 5.06 | epoch: 1 pq: 105 rg: 18 | total time: 620.04m | eta: 148.2m
step 04497/05568 (80.77%) | loss: 2.394239 | lrm: 0.33 | dt: 8306.69ms | tok/sec: 126,232 | bf16_mfu: 5.06 | epoch: 1 pq: 105 rg: 19 | total time: 620.18m | eta: 148.0m
step 04498/05568 (80.78%) | loss: 2.391684 | lrm: 0.33 | dt: 8288.73ms | tok/sec: 126,506 | bf16_mfu: 5.07 | epoch: 1 pq: 105 rg: 21 | total time: 620.32m | eta: 147.9m
step 04499/05568 (80.80%) | loss: 2.386406 | lrm: 0.33 | dt: 8288.04ms | tok/sec: 126,516 | bf16_mfu: 5.07 | epoch: 1 pq: 105 rg: 23 | total time: 620.45m | eta: 147.8m
Step 04500 | Validation bpb: 0.735846
Evaluating: hellaswag_zeroshot (0-shot, type: multiple_choice)... accuracy: 0.5380 | centered: 0.3840 | time: 9.95s
Evaluating: jeopardy (10-shot, type: language_modeling)... accuracy: 0.0760 | centered: 0.0760 | time: 9.84s
Evaluating: bigbench_qa_wikidata (10-shot, type: language_modeling)... accuracy: 0.4720 | centered: 0.4720 | time: 9.68s
Evaluating: arc_easy (10-shot, type: multiple_choice)... accuracy: 0.6900 | centered: 0.5867 | time: 10.66s
Evaluating: arc_challenge (10-shot, type: multiple_choice)... accuracy: 0.3840 | centered: 0.1787 | time: 10.81s
Evaluating: copa (0-shot, type: multiple_choice)... accuracy: 0.6700 | centered: 0.3400 | time: 1.92s
Evaluating: commonsense_qa (10-shot, type: multiple_choice)... accuracy: 0.2600 | centered: 0.0750 | time: 11.05s
Evaluating: piqa (10-shot, type: multiple_choice)... accuracy: 0.7520 | centered: 0.5040 | time: 10.19s
Evaluating: openbook_qa (0-shot, type: multiple_choice)... accuracy: 0.3920 | centered: 0.1893 | time: 9.68s
Evaluating: lambada_openai (0-shot, type: language_modeling)... accuracy: 0.4300 | centered: 0.4300 | time: 9.79s
Evaluating: hellaswag (10-shot, type: multiple_choice)... accuracy: 0.5340 | centered: 0.3787 | time: 13.51s
Evaluating: winograd (0-shot, type: schema)... accuracy: 0.6520 | centered: 0.3040 | time: 5.20s
Evaluating: winogrande (0-shot, type: schema)... accuracy: 0.5580 | centered: 0.1160 | time: 9.58s
Evaluating: bigbench_dyck_languages (10-shot, type: language_modeling)... accuracy: 0.1360 | centered: 0.1360 | time: 10.06s
Evaluating: agi_eval_lsat_ar (3-shot, type: multiple_choice)... accuracy: 0.2652 | centered: 0.0815 | time: 5.99s
Evaluating: bigbench_cs_algorithms (10-shot, type: language_modeling)... accuracy: 0.4220 | centered: 0.4220 | time: 9.92s
Evaluating: bigbench_operators (10-shot, type: language_modeling)... accuracy: 0.1238 | centered: 0.1238 | time: 4.15s
Evaluating: bigbench_repeat_copy_logic (10-shot, type: language_modeling)... accuracy: 0.0000 | centered: 0.0000 | time: 0.63s
Evaluating: squad (10-shot, type: language_modeling)... accuracy: 0.4220 | centered: 0.4220 | time: 11.63s
Evaluating: coqa (0-shot, type: language_modeling)... accuracy: 0.2740 | centered: 0.2740 | time: 10.07s
Evaluating: boolq (10-shot, type: multiple_choice)... accuracy: 0.5520 | centered: -0.1789 | time: 13.06s
Evaluating: bigbench_language_identification (10-shot, type: multiple_choice)... accuracy: 0.2860 | centered: 0.2145 | time: 21.15s
Step 04500 | CORE metric: 0.2513
2026-10-08 06:56:17,795 - nanochat.checkpoint_manager - [32m[1mINFO[0m - Saved model parameters to: /home/astarostin/.cache/nanochat/base_checkpoints/d24_1xh100/model_004500.pt
2026-10-08 06:56:17,796 - nanochat.checkpoint_manager - [32m[1mINFO[0m - Saved metadata to: /home/astarostin/.cache/nanochat/base_checkpoints/d24_1xh100/meta_004500.json
2026-10-08 06:56:25,038 - nanochat.checkpoint_manager - [32m[1mINFO[0m - Saved optimizer state to: /home/astarostin/.cache/nanochat/base_checkpoints/d24_1xh100/optim_004500_rank0.pt
step 04500/05568 (80.82%) | loss: 2.397737 | lrm: 0.33 | dt: 8217.83ms | tok/sec: 127,597 | bf16_mfu: 5.11 | epoch: 1 pq: 105 rg: 25 | total time: 620.59m | eta: 147.6m
step 04501/05568 (80.84%) | loss: 2.406653 | lrm: 0.33 | dt: 8248.49ms | tok/sec: 127,123 | bf16_mfu: 5.09 | epoch: 1 pq: 105 rg: 27 | total time: 620.73m | eta: 147.5m
step 04502/05568 (80.85%) | loss: 2.377335 | lrm: 0.33 | dt: 8257.68ms | tok/sec: 126,981 | bf16_mfu: 5.09 | epoch: 1 pq: 105 rg: 29 | total time: 620.87m | eta: 147.3m
step 04503/05568 (80.87%) | loss: 2.385048 | lrm: 0.33 | dt: 8284.92ms | tok/sec: 126,564 | bf16_mfu: 5.07 | epoch: 1 pq: 105 rg: 31 | total time: 621.01m | eta: 147.2m
step 04504/05568 (80.89%) | loss: 2.398905 | lrm: 0.33 | dt: 8276.27ms | tok/sec: 126,696 | bf16_mfu: 5.08 | epoch: 1 pq: 105 rg: 33 | total time: 621.14m | eta: 147.1m
step 04505/05568 (80.91%) | loss: 2.414856 | lrm: 0.33 | dt: 8280.89ms | tok/sec: 126,625 | bf16_mfu: 5.07 | epoch: 1 pq: 105 rg: 35 | total time: 621.28m | eta: 146.9m
step 04506/05568 (80.93%) | loss: 2.400239 | lrm: 0.33 | dt: 8278.11ms | tok/sec: 126,668 | bf16_mfu: 5.08 | epoch: 1 pq: 105 rg: 37 | total time: 621.42m | eta: 146.8m
step 04507/05568 (80.94%) | loss: 2.395562 | lrm: 0.33 | dt: 8279.48ms | tok/sec: 126,647 | bf16_mfu: 5.08 | epoch: 1 pq: 105 rg: 39 | total time: 621.56m | eta: 146.6m
step 04508/05568 (80.96%) | loss: 2.395752 | lrm: 0.33 | dt: 8284.60ms | tok/sec: 126,569 | bf16_mfu: 5.07 | epoch: 1 pq: 105 rg: 41 | total time: 621.70m | eta: 146.5m
step 04509/05568 (80.98%) | loss: 2.382690 | lrm: 0.33 | dt: 8276.32ms | tok/sec: 126,695 | bf16_mfu: 5.08 | epoch: 1 pq: 105 rg: 43 | total time: 621.83m | eta: 146.4m
step 04510/05568 (81.00%) | loss: 2.397983 | lrm: 0.33 | dt: 8281.91ms | tok/sec: 126,610 | bf16_mfu: 5.07 | epoch: 1 pq: 105 rg: 45 | total time: 621.97m | eta: 146.2m
step 04511/05568 (81.02%) | loss: 2.385203 | lrm: 0.33 | dt: 8278.36ms | tok/sec: 126,664 | bf16_mfu: 5.08 | epoch: 1 pq: 105 rg: 47 | total time: 622.11m | eta: 146.1m
step 04512/05568 (81.03%) | loss: 2.383259 | lrm: 0.33 | dt: 8279.53ms | tok/sec: 126,646 | bf16_mfu: 5.08 | epoch: 1 pq: 105 rg: 48 | total time: 622.25m | eta: 146.0m
step 04513/05568 (81.05%) | loss: 2.374028 | lrm: 0.33 | dt: 8293.00ms | tok/sec: 126,441 | bf16_mfu: 5.07 | epoch: 1 pq: 105 rg: 50 | total time: 622.39m | eta: 145.8m
step 04514/05568 (81.07%) | loss: 2.380551 | lrm: 0.33 | dt: 8282.88ms | tok/sec: 126,595 | bf16_mfu: 5.07 | epoch: 1 pq: 105 rg: 52 | total time: 622.52m | eta: 145.7m
step 04515/05568 (81.09%) | loss: 2.390161 | lrm: 0.33 | dt: 8295.25ms | tok/sec: 126,406 | bf16_mfu: 5.07 | epoch: 1 pq: 105 rg: 54 | total time: 622.66m | eta: 145.5m
step 04516/05568 (81.11%) | loss: 2.394228 | lrm: 0.33 | dt: 8285.42ms | tok/sec: 126,556 | bf16_mfu: 5.07 | epoch: 1 pq: 105 rg: 56 | total time: 622.80m | eta: 145.4m
step 04517/05568 (81.12%) | loss: 2.385577 | lrm: 0.33 | dt: 8287.68ms | tok/sec: 126,522 | bf16_mfu: 5.07 | epoch: 1 pq: 105 rg: 58 | total time: 622.94m | eta: 145.3m
step 04518/05568 (81.14%) | loss: 2.400069 | lrm: 0.33 | dt: 8284.30ms | tok/sec: 126,573 | bf16_mfu: 5.07 | epoch: 1 pq: 105 rg: 60 | total time: 623.08m | eta: 145.1m
step 04519/05568 (81.16%) | loss: 2.400884 | lrm: 0.33 | dt: 8286.80ms | tok/sec: 126,535 | bf16_mfu: 5.07 | epoch: 1 pq: 105 rg: 62 | total time: 623.21m | eta: 145.0m
step 04520/05568 (81.18%) | loss: 2.396151 | lrm: 0.33 | dt: 8291.77ms | tok/sec: 126,459 | bf16_mfu: 5.07 | epoch: 1 pq: 105 rg: 64 | total time: 623.35m | eta: 144.8m
step 04521/05568 (81.20%) | loss: 2.412102 | lrm: 0.32 | dt: 8291.06ms | tok/sec: 126,470 | bf16_mfu: 5.07 | epoch: 1 pq: 105 rg: 66 | total time: 623.49m | eta: 144.7m
step 04522/05568 (81.21%) | loss: 2.421412 | lrm: 0.32 | dt: 8294.93ms | tok/sec: 126,411 | bf16_mfu: 5.07 | epoch: 1 pq: 105 rg: 68 | total time: 623.63m | eta: 144.6m
step 04523/05568 (81.23%) | loss: 2.409324 | lrm: 0.32 | dt: 8288.24ms | tok/sec: 126,513 | bf16_mfu: 5.07 | epoch: 1 pq: 105 rg: 70 | total time: 623.77m | eta: 144.4m
step 04524/05568 (81.25%) | loss: 2.411552 | lrm: 0.32 | dt: 8290.42ms | tok/sec: 126,480 | bf16_mfu: 5.07 | epoch: 1 pq: 105 rg: 72 | total time: 623.90m | eta: 144.3m
step 04525/05568 (81.27%) | loss: 2.403002 | lrm: 0.32 | dt: 8291.34ms | tok/sec: 126,466 | bf16_mfu: 5.07 | epoch: 1 pq: 105 rg: 74 | total time: 624.04m | eta: 144.2m
step 04526/05568 (81.29%) | loss: 2.429116 | lrm: 0.32 | dt: 8288.17ms | tok/sec: 126,514 | bf16_mfu: 5.07 | epoch: 1 pq: 105 rg: 75 | total time: 624.18m | eta: 144.0m
step 04527/05568 (81.30%) | loss: 2.422241 | lrm: 0.32 | dt: 8292.12ms | tok/sec: 126,454 | bf16_mfu: 5.07 | epoch: 1 pq: 105 rg: 77 | total time: 624.32m | eta: 143.9m
step 04528/05568 (81.32%) | loss: 2.430190 | lrm: 0.32 | dt: 8280.27ms | tok/sec: 126,635 | bf16_mfu: 5.08 | epoch: 1 pq: 105 rg: 79 | total time: 624.46m | eta: 143.7m
step 04529/05568 (81.34%) | loss: 2.433449 | lrm: 0.32 | dt: 8297.43ms | tok/sec: 126,373 | bf16_mfu: 5.06 | epoch: 1 pq: 105 rg: 81 | total time: 624.60m | eta: 143.6m
step 04530/05568 (81.36%) | loss: 2.434912 | lrm: 0.32 | dt: 8287.26ms | tok/sec: 126,528 | bf16_mfu: 5.07 | epoch: 1 pq: 106 rg: 0 | total time: 624.73m | eta: 143.5m
step 04531/05568 (81.38%) | loss: 2.429803 | lrm: 0.32 | dt: 8293.65ms | tok/sec: 126,431 | bf16_mfu: 5.07 | epoch: 1 pq: 106 rg: 2 | total time: 624.87m | eta: 143.3m
step 04532/05568 (81.39%) | loss: 2.428462 | lrm: 0.32 | dt: 8288.98ms | tok/sec: 126,502 | bf16_mfu: 5.07 | epoch: 1 pq: 106 rg: 4 | total time: 625.01m | eta: 143.2m
step 04533/05568 (81.41%) | loss: 2.411425 | lrm: 0.32 | dt: 8293.22ms | tok/sec: 126,437 | bf16_mfu: 5.07 | epoch: 1 pq: 106 rg: 6 | total time: 625.15m | eta: 143.1m
step 04534/05568 (81.43%) | loss: 2.395425 | lrm: 0.32 | dt: 8299.08ms | tok/sec: 126,348 | bf16_mfu: 5.06 | epoch: 1 pq: 106 rg: 8 | total time: 625.29m | eta: 142.9m
step 04535/05568 (81.45%) | loss: 2.394553 | lrm: 0.32 | dt: 8285.01ms | tok/sec: 126,563 | bf16_mfu: 5.07 | epoch: 1 pq: 106 rg: 10 | total time: 625.42m | eta: 142.8m
step 04536/05568 (81.47%) | loss: 2.397057 | lrm: 0.32 | dt: 8282.99ms | tok/sec: 126,593 | bf16_mfu: 5.07 | epoch: 1 pq: 106 rg: 12 | total time: 625.56m | eta: 142.6m
step 04537/05568 (81.48%) | loss: 2.405769 | lrm: 0.32 | dt: 8294.02ms | tok/sec: 126,425 | bf16_mfu: 5.07 | epoch: 1 pq: 106 rg: 14 | total time: 625.70m | eta: 142.5m
step 04538/05568 (81.50%) | loss: 2.406821 | lrm: 0.32 | dt: 8289.72ms | tok/sec: 126,491 | bf16_mfu: 5.07 | epoch: 1 pq: 106 rg: 16 | total time: 625.84m | eta: 142.4m
step 04539/05568 (81.52%) | loss: 2.396874 | lrm: 0.32 | dt: 8296.79ms | tok/sec: 126,383 | bf16_mfu: 5.07 | epoch: 1 pq: 106 rg: 18 | total time: 625.98m | eta: 142.2m
step 04540/05568 (81.54%) | loss: 2.402866 | lrm: 0.32 | dt: 8289.03ms | tok/sec: 126,501 | bf16_mfu: 5.07 | epoch: 1 pq: 106 rg: 20 | total time: 626.12m | eta: 142.1m
step 04541/05568 (81.56%) | loss: 2.406193 | lrm: 0.32 | dt: 8293.41ms | tok/sec: 126,434 | bf16_mfu: 5.07 | epoch: 1 pq: 106 rg: 21 | total time: 626.25m | eta: 141.9m
step 04542/05568 (81.57%) | loss: 2.395450 | lrm: 0.32 | dt: 8300.12ms | tok/sec: 126,332 | bf16_mfu: 5.06 | epoch: 1 pq: 106 rg: 23 | total time: 626.39m | eta: 141.8m
step 04543/05568 (81.59%) | loss: 2.406814 | lrm: 0.32 | dt: 8282.38ms | tok/sec: 126,603 | bf16_mfu: 5.07 | epoch: 1 pq: 106 rg: 25 | total time: 626.53m | eta: 141.7m
step 04544/05568 (81.61%) | loss: 2.389633 | lrm: 0.32 | dt: 8287.75ms | tok/sec: 126,521 | bf16_mfu: 5.07 | epoch: 1 pq: 106 rg: 27 | total time: 626.67m | eta: 141.5m
step 04545/05568 (81.63%) | loss: 2.393851 | lrm: 0.32 | dt: 8302.88ms | tok/sec: 126,290 | bf16_mfu: 5.06 | epoch: 1 pq: 106 rg: 29 | total time: 626.81m | eta: 141.4m
step 04546/05568 (81.65%) | loss: 2.409204 | lrm: 0.32 | dt: 8285.16ms | tok/sec: 126,560 | bf16_mfu: 5.07 | epoch: 1 pq: 106 rg: 31 | total time: 626.94m | eta: 141.3m
step 04547/05568 (81.66%) | loss: 2.421830 | lrm: 0.32 | dt: 8294.28ms | tok/sec: 126,421 | bf16_mfu: 5.07 | epoch: 1 pq: 106 rg: 33 | total time: 627.08m | eta: 141.1m
step 04548/05568 (81.68%) | loss: 2.424337 | lrm: 0.32 | dt: 8297.00ms | tok/sec: 126,380 | bf16_mfu: 5.07 | epoch: 1 pq: 106 rg: 35 | total time: 627.22m | eta: 141.0m
step 04549/05568 (81.70%) | loss: 2.416333 | lrm: 0.32 | dt: 8301.72ms | tok/sec: 126,308 | bf16_mfu: 5.06 | epoch: 1 pq: 106 rg: 37 | total time: 627.36m | eta: 140.8m
step 04550/05568 (81.72%) | loss: 2.413892 | lrm: 0.32 | dt: 8286.38ms | tok/sec: 126,542 | bf16_mfu: 5.07 | epoch: 1 pq: 106 rg: 39 | total time: 627.50m | eta: 140.7m
step 04551/05568 (81.73%) | loss: 2.401542 | lrm: 0.32 | dt: 8281.79ms | tok/sec: 126,612 | bf16_mfu: 5.07 | epoch: 1 pq: 106 rg: 41 | total time: 627.64m | eta: 140.6m
step 04552/05568 (81.75%) | loss: 2.396345 | lrm: 0.32 | dt: 8288.18ms | tok/sec: 126,514 | bf16_mfu: 5.07 | epoch: 1 pq: 106 rg: 43 | total time: 627.77m | eta: 140.4m
step 04553/05568 (81.77%) | loss: 2.397273 | lrm: 0.32 | dt: 8291.68ms | tok/sec: 126,461 | bf16_mfu: 5.07 | epoch: 1 pq: 106 rg: 45 | total time: 627.91m | eta: 140.3m
step 04554/05568 (81.79%) | loss: 2.402589 | lrm: 0.32 | dt: 8289.13ms | tok/sec: 126,500 | bf16_mfu: 5.07 | epoch: 1 pq: 106 rg: 47 | total time: 628.05m | eta: 140.2m
step 04555/05568 (81.81%) | loss: 2.410577 | lrm: 0.32 | dt: 8294.27ms | tok/sec: 126,421 | bf16_mfu: 5.07 | epoch: 1 pq: 106 rg: 49 | total time: 628.19m | eta: 140.0m
step 04556/05568 (81.82%) | loss: 2.405539 | lrm: 0.32 | dt: 8291.84ms | tok/sec: 126,458 | bf16_mfu: 5.07 | epoch: 1 pq: 106 rg: 51 | total time: 628.33m | eta: 139.9m
step 04557/05568 (81.84%) | loss: 2.437750 | lrm: 0.32 | dt: 8299.57ms | tok/sec: 126,340 | bf16_mfu: 5.06 | epoch: 1 pq: 106 rg: 53 | total time: 628.47m | eta: 139.7m
step 04558/05568 (81.86%) | loss: 2.430315 | lrm: 0.32 | dt: 8288.04ms | tok/sec: 126,516 | bf16_mfu: 5.07 | epoch: 1 pq: 106 rg: 55 | total time: 628.60m | eta: 139.6m
step 04559/05568 (81.88%) | loss: 2.432661 | lrm: 0.31 | dt: 8296.98ms | tok/sec: 126,380 | bf16_mfu: 5.07 | epoch: 1 pq: 106 rg: 56 | total time: 628.74m | eta: 139.5m
step 04560/05568 (81.90%) | loss: 2.423381 | lrm: 0.31 | dt: 8285.65ms | tok/sec: 126,553 | bf16_mfu: 5.07 | epoch: 1 pq: 106 rg: 58 | total time: 628.88m | eta: 139.3m
step 04561/05568 (81.91%) | loss: 2.421009 | lrm: 0.31 | dt: 8294.85ms | tok/sec: 126,412 | bf16_mfu: 5.07 | epoch: 1 pq: 106 rg: 60 | total time: 629.02m | eta: 139.2m
step 04562/05568 (81.93%) | loss: 2.431306 | lrm: 0.31 | dt: 8297.06ms | tok/sec: 126,379 | bf16_mfu: 5.07 | epoch: 1 pq: 106 rg: 62 | total time: 629.16m | eta: 139.0m
step 04563/05568 (81.95%) | loss: 2.427750 | lrm: 0.31 | dt: 8288.52ms | tok/sec: 126,509 | bf16_mfu: 5.07 | epoch: 1 pq: 106 rg: 64 | total time: 629.29m | eta: 138.9m
step 04564/05568 (81.97%) | loss: 2.438993 | lrm: 0.31 | dt: 8290.20ms | tok/sec: 126,483 | bf16_mfu: 5.07 | epoch: 1 pq: 106 rg: 66 | total time: 629.43m | eta: 138.8m
step 04565/05568 (81.99%) | loss: 2.434341 | lrm: 0.31 | dt: 8292.73ms | tok/sec: 126,445 | bf16_mfu: 5.07 | epoch: 1 pq: 106 rg: 68 | total time: 629.57m | eta: 138.6m
step 04566/05568 (82.00%) | loss: 2.436248 | lrm: 0.31 | dt: 8297.51ms | tok/sec: 126,372 | bf16_mfu: 5.06 | epoch: 1 pq: 106 rg: 70 | total time: 629.71m | eta: 138.5m
step 04567/05568 (82.02%) | loss: 2.431920 | lrm: 0.31 | dt: 8301.78ms | tok/sec: 126,307 | bf16_mfu: 5.06 | epoch: 1 pq: 106 rg: 72 | total time: 629.85m | eta: 138.4m
step 04568/05568 (82.04%) | loss: 2.445897 | lrm: 0.31 | dt: 8283.66ms | tok/sec: 126,583 | bf16_mfu: 5.07 | epoch: 1 pq: 106 rg: 74 | total time: 629.99m | eta: 138.2m
step 04569/05568 (82.06%) | loss: 2.440918 | lrm: 0.31 | dt: 8299.61ms | tok/sec: 126,340 | bf16_mfu: 5.06 | epoch: 1 pq: 106 rg: 76 | total time: 630.12m | eta: 138.1m
step 04570/05568 (82.08%) | loss: 2.450199 | lrm: 0.31 | dt: 8286.32ms | tok/sec: 126,542 | bf16_mfu: 5.07 | epoch: 1 pq: 106 rg: 77 | total time: 630.26m | eta: 137.9m
step 04571/05568 (82.09%) | loss: 2.434297 | lrm: 0.31 | dt: 8289.33ms | tok/sec: 126,497 | bf16_mfu: 5.07 | epoch: 1 pq: 106 rg: 79 | total time: 630.40m | eta: 137.8m
step 04572/05568 (82.11%) | loss: 2.441871 | lrm: 0.31 | dt: 8287.72ms | tok/sec: 126,521 | bf16_mfu: 5.07 | epoch: 1 pq: 106 rg: 81 | total time: 630.54m | eta: 137.7m
step 04573/05568 (82.13%) | loss: 2.440368 | lrm: 0.31 | dt: 8287.54ms | tok/sec: 126,524 | bf16_mfu: 5.07 | epoch: 1 pq: 107 rg: 0 | total time: 630.68m | eta: 137.5m
step 04574/05568 (82.15%) | loss: 2.441409 | lrm: 0.31 | dt: 8291.68ms | tok/sec: 126,461 | bf16_mfu: 5.07 | epoch: 1 pq: 107 rg: 2 | total time: 630.81m | eta: 137.4m
step 04575/05568 (82.17%) | loss: 2.420372 | lrm: 0.31 | dt: 8312.26ms | tok/sec: 126,148 | bf16_mfu: 5.06 | epoch: 1 pq: 107 rg: 4 | total time: 630.95m | eta: 137.2m
step 04576/05568 (82.18%) | loss: 2.418399 | lrm: 0.31 | dt: 8298.04ms | tok/sec: 126,364 | bf16_mfu: 5.06 | epoch: 1 pq: 107 rg: 6 | total time: 631.09m | eta: 137.1m
step 04577/05568 (82.20%) | loss: 2.416167 | lrm: 0.31 | dt: 8308.67ms | tok/sec: 126,202 | bf16_mfu: 5.06 | epoch: 1 pq: 107 rg: 8 | total time: 631.23m | eta: 137.0m
step 04578/05568 (82.22%) | loss: 2.410455 | lrm: 0.31 | dt: 8290.82ms | tok/sec: 126,474 | bf16_mfu: 5.07 | epoch: 1 pq: 107 rg: 10 | total time: 631.37m | eta: 136.8m
step 04579/05568 (82.24%) | loss: 2.404904 | lrm: 0.31 | dt: 8294.77ms | tok/sec: 126,414 | bf16_mfu: 5.07 | epoch: 1 pq: 107 rg: 12 | total time: 631.51m | eta: 136.7m
step 04580/05568 (82.26%) | loss: 2.399571 | lrm: 0.31 | dt: 8301.24ms | tok/sec: 126,315 | bf16_mfu: 5.06 | epoch: 1 pq: 107 rg: 14 | total time: 631.64m | eta: 136.6m
step 04581/05568 (82.27%) | loss: 2.408974 | lrm: 0.31 | dt: 8293.44ms | tok/sec: 126,434 | bf16_mfu: 5.07 | epoch: 1 pq: 107 rg: 16 | total time: 631.78m | eta: 136.4m
step 04582/05568 (82.29%) | loss: 2.413417 | lrm: 0.31 | dt: 8289.94ms | tok/sec: 126,487 | bf16_mfu: 5.07 | epoch: 1 pq: 107 rg: 18 | total time: 631.92m | eta: 136.3m
step 04583/05568 (82.31%) | loss: 2.403358 | lrm: 0.31 | dt: 8293.31ms | tok/sec: 126,436 | bf16_mfu: 5.07 | epoch: 1 pq: 107 rg: 20 | total time: 632.06m | eta: 136.1m
step 04584/05568 (82.33%) | loss: 2.413207 | lrm: 0.31 | dt: 8280.77ms | tok/sec: 126,627 | bf16_mfu: 5.08 | epoch: 1 pq: 107 rg: 22 | total time: 632.20m | eta: 136.0m
step 04585/05568 (82.35%) | loss: 2.405540 | lrm: 0.31 | dt: 8285.78ms | tok/sec: 126,551 | bf16_mfu: 5.07 | epoch: 1 pq: 107 rg: 23 | total time: 632.34m | eta: 135.9m
step 04586/05568 (82.36%) | loss: 2.407599 | lrm: 0.31 | dt: 8284.23ms | tok/sec: 126,574 | bf16_mfu: 5.07 | epoch: 1 pq: 107 rg: 25 | total time: 632.47m | eta: 135.7m
step 04587/05568 (82.38%) | loss: 2.410376 | lrm: 0.31 | dt: 8287.75ms | tok/sec: 126,521 | bf16_mfu: 5.07 | epoch: 1 pq: 107 rg: 27 | total time: 632.61m | eta: 135.6m
step 04588/05568 (82.40%) | loss: 2.402471 | lrm: 0.31 | dt: 8288.61ms | tok/sec: 126,508 | bf16_mfu: 5.07 | epoch: 1 pq: 107 rg: 29 | total time: 632.75m | eta: 135.5m
step 04589/05568 (82.42%) | loss: 2.399432 | lrm: 0.31 | dt: 8295.52ms | tok/sec: 126,402 | bf16_mfu: 5.07 | epoch: 1 pq: 107 rg: 31 | total time: 632.89m | eta: 135.3m
step 04590/05568 (82.44%) | loss: 2.405002 | lrm: 0.31 | dt: 8291.78ms | tok/sec: 126,459 | bf16_mfu: 5.07 | epoch: 1 pq: 107 rg: 33 | total time: 633.03m | eta: 135.2m
step 04591/05568 (82.45%) | loss: 2.427678 | lrm: 0.31 | dt: 8288.18ms | tok/sec: 126,514 | bf16_mfu: 5.07 | epoch: 1 pq: 107 rg: 35 | total time: 633.16m | eta: 135.0m
step 04592/05568 (82.47%) | loss: 2.438406 | lrm: 0.31 | dt: 8283.50ms | tok/sec: 126,586 | bf16_mfu: 5.07 | epoch: 1 pq: 107 rg: 37 | total time: 633.30m | eta: 134.9m
step 04593/05568 (82.49%) | loss: 2.467411 | lrm: 0.31 | dt: 8300.27ms | tok/sec: 126,330 | bf16_mfu: 5.06 | epoch: 1 pq: 107 rg: 39 | total time: 633.44m | eta: 134.8m
step 04594/05568 (82.51%) | loss: 2.446331 | lrm: 0.31 | dt: 8289.96ms | tok/sec: 126,487 | bf16_mfu: 5.07 | epoch: 1 pq: 107 rg: 41 | total time: 633.58m | eta: 134.6m
step 04595/05568 (82.53%) | loss: 2.427401 | lrm: 0.31 | dt: 8294.07ms | tok/sec: 126,424 | bf16_mfu: 5.07 | epoch: 1 pq: 107 rg: 43 | total time: 633.72m | eta: 134.5m
step 04596/05568 (82.54%) | loss: 2.431792 | lrm: 0.31 | dt: 8287.09ms | tok/sec: 126,531 | bf16_mfu: 5.07 | epoch: 1 pq: 107 rg: 45 | total time: 633.86m | eta: 134.3m
step 04597/05568 (82.56%) | loss: 2.422119 | lrm: 0.30 | dt: 8285.93ms | tok/sec: 126,549 | bf16_mfu: 5.07 | epoch: 1 pq: 107 rg: 47 | total time: 633.99m | eta: 134.2m
step 04598/05568 (82.58%) | loss: 2.440673 | lrm: 0.30 | dt: 8294.07ms | tok/sec: 126,424 | bf16_mfu: 5.07 | epoch: 1 pq: 107 rg: 49 | total time: 634.13m | eta: 134.1m
step 04599/05568 (82.60%) | loss: 2.436257 | lrm: 0.30 | dt: 8292.52ms | tok/sec: 126,448 | bf16_mfu: 5.07 | epoch: 1 pq: 107 rg: 51 | total time: 634.27m | eta: 133.9m
step 04600/05568 (82.61%) | loss: 2.419857 | lrm: 0.30 | dt: 8292.60ms | tok/sec: 126,447 | bf16_mfu: 5.07 | epoch: 1 pq: 107 rg: 53 | total time: 634.41m | eta: 133.8m
step 04601/05568 (82.63%) | loss: 2.435823 | lrm: 0.30 | dt: 8288.31ms | tok/sec: 126,512 | bf16_mfu: 5.07 | epoch: 1 pq: 107 rg: 55 | total time: 634.55m | eta: 133.7m
step 04602/05568 (82.65%) | loss: 2.446591 | lrm: 0.30 | dt: 8285.32ms | tok/sec: 126,558 | bf16_mfu: 5.07 | epoch: 1 pq: 107 rg: 56 | total time: 634.68m | eta: 133.5m
step 04603/05568 (82.67%) | loss: 2.437058 | lrm: 0.30 | dt: 8283.96ms | tok/sec: 126,579 | bf16_mfu: 5.07 | epoch: 1 pq: 107 rg: 58 | total time: 634.82m | eta: 133.4m
step 04604/05568 (82.69%) | loss: 2.424765 | lrm: 0.30 | dt: 8299.36ms | tok/sec: 126,344 | bf16_mfu: 5.06 | epoch: 1 pq: 107 rg: 60 | total time: 634.96m | eta: 133.2m
step 04605/05568 (82.70%) | loss: 2.417278 | lrm: 0.30 | dt: 8291.48ms | tok/sec: 126,464 | bf16_mfu: 5.07 | epoch: 1 pq: 107 rg: 62 | total time: 635.10m | eta: 133.1m
step 04606/05568 (82.72%) | loss: 2.420552 | lrm: 0.30 | dt: 8305.91ms | tok/sec: 126,244 | bf16_mfu: 5.06 | epoch: 1 pq: 107 rg: 64 | total time: 635.24m | eta: 133.0m
step 04607/05568 (82.74%) | loss: 2.411269 | lrm: 0.30 | dt: 8304.34ms | tok/sec: 126,268 | bf16_mfu: 5.06 | epoch: 1 pq: 107 rg: 66 | total time: 635.38m | eta: 132.8m
step 04608/05568 (82.76%) | loss: 2.400490 | lrm: 0.30 | dt: 8286.01ms | tok/sec: 126,547 | bf16_mfu: 5.07 | epoch: 1 pq: 107 rg: 68 | total time: 635.51m | eta: 132.7m
step 04609/05568 (82.78%) | loss: 2.406010 | lrm: 0.30 | dt: 8294.88ms | tok/sec: 126,412 | bf16_mfu: 5.07 | epoch: 1 pq: 107 rg: 70 | total time: 635.65m | eta: 132.5m
step 04610/05568 (82.79%) | loss: 2.404531 | lrm: 0.30 | dt: 8292.60ms | tok/sec: 126,447 | bf16_mfu: 5.07 | epoch: 1 pq: 107 rg: 72 | total time: 635.79m | eta: 132.4m
step 04611/05568 (82.81%) | loss: 2.400748 | lrm: 0.30 | dt: 8286.05ms | tok/sec: 126,547 | bf16_mfu: 5.07 | epoch: 1 pq: 107 rg: 74 | total time: 635.93m | eta: 132.3m
step 04612/05568 (82.83%) | loss: 2.398833 | lrm: 0.30 | dt: 8286.93ms | tok/sec: 126,533 | bf16_mfu: 5.07 | epoch: 1 pq: 107 rg: 76 | total time: 636.07m | eta: 132.1m
step 04613/05568 (82.85%) | loss: 2.389174 | lrm: 0.30 | dt: 8294.04ms | tok/sec: 126,425 | bf16_mfu: 5.07 | epoch: 1 pq: 107 rg: 78 | total time: 636.20m | eta: 132.0m
step 04614/05568 (82.87%) | loss: 2.396952 | lrm: 0.30 | dt: 8297.15ms | tok/sec: 126,377 | bf16_mfu: 5.06 | epoch: 1 pq: 107 rg: 80 | total time: 636.34m | eta: 131.9m
step 04615/05568 (82.88%) | loss: 2.388552 | lrm: 0.30 | dt: 8300.72ms | tok/sec: 126,323 | bf16_mfu: 5.06 | epoch: 1 pq: 107 rg: 81 | total time: 636.48m | eta: 131.7m
step 04616/05568 (82.90%) | loss: 2.365853 | lrm: 0.30 | dt: 8294.26ms | tok/sec: 126,421 | bf16_mfu: 5.07 | epoch: 1 pq: 108 rg: 0 | total time: 636.62m | eta: 131.6m
step 04617/05568 (82.92%) | loss: 2.372929 | lrm: 0.30 | dt: 8292.36ms | tok/sec: 126,450 | bf16_mfu: 5.07 | epoch: 1 pq: 108 rg: 2 | total time: 636.76m | eta: 131.4m
step 04618/05568 (82.94%) | loss: 2.378430 | lrm: 0.30 | dt: 8296.27ms | tok/sec: 126,391 | bf16_mfu: 5.07 | epoch: 1 pq: 108 rg: 4 | total time: 636.90m | eta: 131.3m
step 04619/05568 (82.96%) | loss: 2.386241 | lrm: 0.30 | dt: 8295.57ms | tok/sec: 126,401 | bf16_mfu: 5.07 | epoch: 1 pq: 108 rg: 6 | total time: 637.03m | eta: 131.2m
step 04620/05568 (82.97%) | loss: 2.365617 | lrm: 0.30 | dt: 8298.53ms | tok/sec: 126,356 | bf16_mfu: 5.06 | epoch: 1 pq: 108 rg: 8 | total time: 637.17m | eta: 131.0m
step 04621/05568 (82.99%) | loss: 2.357073 | lrm: 0.30 | dt: 8281.87ms | tok/sec: 126,611 | bf16_mfu: 5.07 | epoch: 1 pq: 108 rg: 10 | total time: 637.31m | eta: 130.9m
step 04622/05568 (83.01%) | loss: 2.344152 | lrm: 0.30 | dt: 8290.03ms | tok/sec: 126,486 | bf16_mfu: 5.07 | epoch: 1 pq: 108 rg: 12 | total time: 637.45m | eta: 130.8m
step 04623/05568 (83.03%) | loss: 2.348820 | lrm: 0.30 | dt: 8302.66ms | tok/sec: 126,293 | bf16_mfu: 5.06 | epoch: 1 pq: 108 rg: 14 | total time: 637.59m | eta: 130.6m
step 04624/05568 (83.05%) | loss: 2.338182 | lrm: 0.30 | dt: 8286.06ms | tok/sec: 126,546 | bf16_mfu: 5.07 | epoch: 1 pq: 108 rg: 16 | total time: 637.73m | eta: 130.5m
step 04625/05568 (83.06%) | loss: 2.350676 | lrm: 0.30 | dt: 8287.89ms | tok/sec: 126,519 | bf16_mfu: 5.07 | epoch: 1 pq: 108 rg: 18 | total time: 637.86m | eta: 130.3m
step 04626/05568 (83.08%) | loss: 2.357572 | lrm: 0.30 | dt: 8289.01ms | tok/sec: 126,502 | bf16_mfu: 5.07 | epoch: 1 pq: 108 rg: 20 | total time: 638.00m | eta: 130.2m
step 04627/05568 (83.10%) | loss: 2.383555 | lrm: 0.30 | dt: 8301.25ms | tok/sec: 126,315 | bf16_mfu: 5.06 | epoch: 1 pq: 108 rg: 21 | total time: 638.14m | eta: 130.1m
step 04628/05568 (83.12%) | loss: 2.377108 | lrm: 0.30 | dt: 8291.60ms | tok/sec: 126,462 | bf16_mfu: 5.07 | epoch: 1 pq: 108 rg: 23 | total time: 638.28m | eta: 129.9m
step 04629/05568 (83.14%) | loss: 2.367934 | lrm: 0.30 | dt: 8291.50ms | tok/sec: 126,464 | bf16_mfu: 5.07 | epoch: 1 pq: 108 rg: 25 | total time: 638.42m | eta: 129.8m
step 04630/05568 (83.15%) | loss: 2.367455 | lrm: 0.30 | dt: 8290.68ms | tok/sec: 126,476 | bf16_mfu: 5.07 | epoch: 1 pq: 108 rg: 27 | total time: 638.55m | eta: 129.6m
step 04631/05568 (83.17%) | loss: 2.375632 | lrm: 0.30 | dt: 8292.81ms | tok/sec: 126,444 | bf16_mfu: 5.07 | epoch: 1 pq: 108 rg: 29 | total time: 638.69m | eta: 129.5m
step 04632/05568 (83.19%) | loss: 2.404165 | lrm: 0.30 | dt: 8284.78ms | tok/sec: 126,566 | bf16_mfu: 5.07 | epoch: 1 pq: 108 rg: 31 | total time: 638.83m | eta: 129.4m
step 04633/05568 (83.21%) | loss: 2.412920 | lrm: 0.30 | dt: 8296.69ms | tok/sec: 126,384 | bf16_mfu: 5.07 | epoch: 1 pq: 108 rg: 33 | total time: 638.97m | eta: 129.2m
step 04634/05568 (83.23%) | loss: 2.419792 | lrm: 0.30 | dt: 8298.81ms | tok/sec: 126,352 | bf16_mfu: 5.06 | epoch: 1 pq: 108 rg: 35 | total time: 639.11m | eta: 129.1m
step 04635/05568 (83.24%) | loss: 2.419309 | lrm: 0.29 | dt: 8285.50ms | tok/sec: 126,555 | bf16_mfu: 5.07 | epoch: 1 pq: 108 rg: 37 | total time: 639.25m | eta: 129.0m
step 04636/05568 (83.26%) | loss: 2.426779 | lrm: 0.29 | dt: 8289.01ms | tok/sec: 126,501 | bf16_mfu: 5.07 | epoch: 1 pq: 108 rg: 39 | total time: 639.38m | eta: 128.8m
step 04637/05568 (83.28%) | loss: 2.428042 | lrm: 0.29 | dt: 8288.62ms | tok/sec: 126,507 | bf16_mfu: 5.07 | epoch: 1 pq: 108 rg: 41 | total time: 639.52m | eta: 128.7m
step 04638/05568 (83.30%) | loss: 2.414440 | lrm: 0.29 | dt: 8284.41ms | tok/sec: 126,572 | bf16_mfu: 5.07 | epoch: 1 pq: 108 rg: 43 | total time: 639.66m | eta: 128.5m
step 04639/05568 (83.32%) | loss: 2.415293 | lrm: 0.29 | dt: 8292.18ms | tok/sec: 126,453 | bf16_mfu: 5.07 | epoch: 1 pq: 108 rg: 45 | total time: 639.80m | eta: 128.4m
step 04640/05568 (83.33%) | loss: 2.420095 | lrm: 0.29 | dt: 8292.01ms | tok/sec: 126,456 | bf16_mfu: 5.07 | epoch: 1 pq: 108 rg: 47 | total time: 639.94m | eta: 128.3m
step 04641/05568 (83.35%) | loss: 2.415733 | lrm: 0.29 | dt: 8283.92ms | tok/sec: 126,579 | bf16_mfu: 5.07 | epoch: 1 pq: 108 rg: 49 | total time: 640.07m | eta: 128.1m
step 04642/05568 (83.37%) | loss: 2.405979 | lrm: 0.29 | dt: 8300.88ms | tok/sec: 126,321 | bf16_mfu: 5.06 | epoch: 1 pq: 108 rg: 51 | total time: 640.21m | eta: 128.0m
step 04643/05568 (83.39%) | loss: 2.409899 | lrm: 0.29 | dt: 8291.73ms | tok/sec: 126,460 | bf16_mfu: 5.07 | epoch: 1 pq: 108 rg: 53 | total time: 640.35m | eta: 127.8m
step 04644/05568 (83.41%) | loss: 2.426502 | lrm: 0.29 | dt: 8307.77ms | tok/sec: 126,216 | bf16_mfu: 5.06 | epoch: 1 pq: 108 rg: 55 | total time: 640.49m | eta: 127.7m
step 04645/05568 (83.42%) | loss: 2.426144 | lrm: 0.29 | dt: 8285.80ms | tok/sec: 126,550 | bf16_mfu: 5.07 | epoch: 1 pq: 108 rg: 57 | total time: 640.63m | eta: 127.6m
step 04646/05568 (83.44%) | loss: 2.399363 | lrm: 0.29 | dt: 8302.21ms | tok/sec: 126,300 | bf16_mfu: 5.06 | epoch: 1 pq: 108 rg: 58 | total time: 640.77m | eta: 127.4m
step 04647/05568 (83.46%) | loss: 2.418573 | lrm: 0.29 | dt: 8287.07ms | tok/sec: 126,531 | bf16_mfu: 5.07 | epoch: 1 pq: 108 rg: 60 | total time: 640.90m | eta: 127.3m
step 04648/05568 (83.48%) | loss: 2.412961 | lrm: 0.29 | dt: 8295.17ms | tok/sec: 126,408 | bf16_mfu: 5.07 | epoch: 1 pq: 108 rg: 62 | total time: 641.04m | eta: 127.2m
step 04649/05568 (83.49%) | loss: 2.404333 | lrm: 0.29 | dt: 8299.52ms | tok/sec: 126,341 | bf16_mfu: 5.06 | epoch: 1 pq: 108 rg: 64 | total time: 641.18m | eta: 127.0m
step 04650/05568 (83.51%) | loss: 2.403255 | lrm: 0.29 | dt: 8305.14ms | tok/sec: 126,256 | bf16_mfu: 5.06 | epoch: 1 pq: 108 rg: 66 | total time: 641.32m | eta: 126.9m
step 04651/05568 (83.53%) | loss: 2.388452 | lrm: 0.29 | dt: 8290.37ms | tok/sec: 126,481 | bf16_mfu: 5.07 | epoch: 1 pq: 108 rg: 68 | total time: 641.46m | eta: 126.7m
step 04652/05568 (83.55%) | loss: 2.418143 | lrm: 0.29 | dt: 8290.73ms | tok/sec: 126,475 | bf16_mfu: 5.07 | epoch: 1 pq: 108 rg: 70 | total time: 641.60m | eta: 126.6m
step 04653/05568 (83.57%) | loss: 2.425376 | lrm: 0.29 | dt: 8294.26ms | tok/sec: 126,421 | bf16_mfu: 5.07 | epoch: 1 pq: 108 rg: 72 | total time: 641.73m | eta: 126.5m
step 04654/05568 (83.58%) | loss: 2.430873 | lrm: 0.29 | dt: 8283.76ms | tok/sec: 126,582 | bf16_mfu: 5.07 | epoch: 1 pq: 108 rg: 74 | total time: 641.87m | eta: 126.3m
step 04655/05568 (83.60%) | loss: 2.427819 | lrm: 0.29 | dt: 8300.62ms | tok/sec: 126,324 | bf16_mfu: 5.06 | epoch: 1 pq: 108 rg: 76 | total time: 642.01m | eta: 126.2m
step 04656/05568 (83.62%) | loss: 2.441795 | lrm: 0.29 | dt: 8296.60ms | tok/sec: 126,386 | bf16_mfu: 5.07 | epoch: 1 pq: 108 rg: 78 | total time: 642.15m | eta: 126.1m
step 04657/05568 (83.64%) | loss: 2.429449 | lrm: 0.29 | dt: 8299.35ms | tok/sec: 126,344 | bf16_mfu: 5.06 | epoch: 1 pq: 108 rg: 80 | total time: 642.29m | eta: 125.9m
step 04658/05568 (83.66%) | loss: 2.435588 | lrm: 0.29 | dt: 8292.52ms | tok/sec: 126,448 | bf16_mfu: 5.07 | epoch: 1 pq: 108 rg: 82 | total time: 642.42m | eta: 125.8m
step 04659/05568 (83.67%) | loss: 2.419895 | lrm: 0.29 | dt: 8286.64ms | tok/sec: 126,538 | bf16_mfu: 5.07 | epoch: 1 pq: 109 rg: 1 | total time: 642.56m | eta: 125.6m
step 04660/05568 (83.69%) | loss: 2.410847 | lrm: 0.29 | dt: 8301.67ms | tok/sec: 126,309 | bf16_mfu: 5.06 | epoch: 1 pq: 109 rg: 2 | total time: 642.70m | eta: 125.5m
step 04661/05568 (83.71%) | loss: 2.424807 | lrm: 0.29 | dt: 8298.77ms | tok/sec: 126,353 | bf16_mfu: 5.06 | epoch: 1 pq: 109 rg: 4 | total time: 642.84m | eta: 125.4m
step 04662/05568 (83.73%) | loss: 2.425717 | lrm: 0.29 | dt: 8295.27ms | tok/sec: 126,406 | bf16_mfu: 5.07 | epoch: 1 pq: 109 rg: 6 | total time: 642.98m | eta: 125.2m
step 04663/05568 (83.75%) | loss: 2.432932 | lrm: 0.29 | dt: 8297.91ms | tok/sec: 126,366 | bf16_mfu: 5.06 | epoch: 1 pq: 109 rg: 8 | total time: 643.12m | eta: 125.1m
step 04664/05568 (83.76%) | loss: 2.434315 | lrm: 0.29 | dt: 8298.39ms | tok/sec: 126,359 | bf16_mfu: 5.06 | epoch: 1 pq: 109 rg: 10 | total time: 643.25m | eta: 124.9m
step 04665/05568 (83.78%) | loss: 2.415517 | lrm: 0.29 | dt: 8290.45ms | tok/sec: 126,479 | bf16_mfu: 5.07 | epoch: 1 pq: 109 rg: 12 | total time: 643.39m | eta: 124.8m
step 04666/05568 (83.80%) | loss: 2.416787 | lrm: 0.29 | dt: 8293.46ms | tok/sec: 126,434 | bf16_mfu: 5.07 | epoch: 1 pq: 109 rg: 14 | total time: 643.53m | eta: 124.7m
step 04667/05568 (83.82%) | loss: 2.412232 | lrm: 0.29 | dt: 8294.39ms | tok/sec: 126,419 | bf16_mfu: 5.07 | epoch: 1 pq: 109 rg: 16 | total time: 643.67m | eta: 124.5m
step 04668/05568 (83.84%) | loss: 2.415902 | lrm: 0.29 | dt: 8296.83ms | tok/sec: 126,382 | bf16_mfu: 5.07 | epoch: 1 pq: 109 rg: 18 | total time: 643.81m | eta: 124.4m
step 04669/05568 (83.85%) | loss: 2.394628 | lrm: 0.29 | dt: 8304.57ms | tok/sec: 126,264 | bf16_mfu: 5.06 | epoch: 1 pq: 109 rg: 20 | total time: 643.95m | eta: 124.3m
step 04670/05568 (83.87%) | loss: 2.391698 | lrm: 0.29 | dt: 8293.89ms | tok/sec: 126,427 | bf16_mfu: 5.07 | epoch: 1 pq: 109 rg: 22 | total time: 644.08m | eta: 124.1m
step 04671/05568 (83.89%) | loss: 2.390145 | lrm: 0.29 | dt: 8285.97ms | tok/sec: 126,548 | bf16_mfu: 5.07 | epoch: 1 pq: 109 rg: 24 | total time: 644.22m | eta: 124.0m
step 04672/05568 (83.91%) | loss: 2.383459 | lrm: 0.29 | dt: 8292.47ms | tok/sec: 126,449 | bf16_mfu: 5.07 | epoch: 1 pq: 109 rg: 26 | total time: 644.36m | eta: 123.8m
step 04673/05568 (83.93%) | loss: 2.398049 | lrm: 0.28 | dt: 8299.11ms | tok/sec: 126,347 | bf16_mfu: 5.06 | epoch: 1 pq: 109 rg: 28 | total time: 644.50m | eta: 123.7m
step 04674/05568 (83.94%) | loss: 2.405314 | lrm: 0.28 | dt: 8291.88ms | tok/sec: 126,458 | bf16_mfu: 5.07 | epoch: 1 pq: 109 rg: 30 | total time: 644.64m | eta: 123.6m
step 04675/05568 (83.96%) | loss: 2.397612 | lrm: 0.28 | dt: 8307.86ms | tok/sec: 126,214 | bf16_mfu: 5.06 | epoch: 1 pq: 109 rg: 32 | total time: 644.78m | eta: 123.4m
step 04676/05568 (83.98%) | loss: 2.389145 | lrm: 0.28 | dt: 8299.59ms | tok/sec: 126,340 | bf16_mfu: 5.06 | epoch: 1 pq: 109 rg: 34 | total time: 644.91m | eta: 123.3m
step 04677/05568 (84.00%) | loss: 2.404422 | lrm: 0.28 | dt: 8283.91ms | tok/sec: 126,579 | bf16_mfu: 5.07 | epoch: 1 pq: 109 rg: 36 | total time: 645.05m | eta: 123.1m
step 04678/05568 (84.02%) | loss: 2.402380 | lrm: 0.28 | dt: 8288.92ms | tok/sec: 126,503 | bf16_mfu: 5.07 | epoch: 1 pq: 109 rg: 37 | total time: 645.19m | eta: 123.0m
step 04679/05568 (84.03%) | loss: 2.398434 | lrm: 0.28 | dt: 8301.18ms | tok/sec: 126,316 | bf16_mfu: 5.06 | epoch: 1 pq: 109 rg: 39 | total time: 645.33m | eta: 122.9m
step 04680/05568 (84.05%) | loss: 2.406620 | lrm: 0.28 | dt: 8294.86ms | tok/sec: 126,412 | bf16_mfu: 5.07 | epoch: 1 pq: 109 rg: 41 | total time: 645.47m | eta: 122.7m
step 04681/05568 (84.07%) | loss: 2.384100 | lrm: 0.28 | dt: 8288.67ms | tok/sec: 126,507 | bf16_mfu: 5.07 | epoch: 1 pq: 109 rg: 43 | total time: 645.60m | eta: 122.6m
step 04682/05568 (84.09%) | loss: 2.376944 | lrm: 0.28 | dt: 8285.04ms | tok/sec: 126,562 | bf16_mfu: 5.07 | epoch: 1 pq: 109 rg: 45 | total time: 645.74m | eta: 122.5m
step 04683/05568 (84.11%) | loss: 2.366684 | lrm: 0.28 | dt: 8289.62ms | tok/sec: 126,492 | bf16_mfu: 5.07 | epoch: 1 pq: 109 rg: 47 | total time: 645.88m | eta: 122.3m
step 04684/05568 (84.12%) | loss: 2.372742 | lrm: 0.28 | dt: 8292.69ms | tok/sec: 126,445 | bf16_mfu: 5.07 | epoch: 1 pq: 109 rg: 49 | total time: 646.02m | eta: 122.2m
step 04685/05568 (84.14%) | loss: 2.377428 | lrm: 0.28 | dt: 8291.56ms | tok/sec: 126,463 | bf16_mfu: 5.07 | epoch: 1 pq: 109 rg: 51 | total time: 646.16m | eta: 122.0m
step 04686/05568 (84.16%) | loss: 2.372801 | lrm: 0.28 | dt: 8291.44ms | tok/sec: 126,464 | bf16_mfu: 5.07 | epoch: 1 pq: 109 rg: 53 | total time: 646.30m | eta: 121.9m
step 04687/05568 (84.18%) | loss: 2.382159 | lrm: 0.28 | dt: 8294.09ms | tok/sec: 126,424 | bf16_mfu: 5.07 | epoch: 1 pq: 109 rg: 55 | total time: 646.43m | eta: 121.8m
step 04688/05568 (84.20%) | loss: 2.381850 | lrm: 0.28 | dt: 8293.88ms | tok/sec: 126,427 | bf16_mfu: 5.07 | epoch: 1 pq: 109 rg: 57 | total time: 646.57m | eta: 121.6m
step 04689/05568 (84.21%) | loss: 2.378470 | lrm: 0.28 | dt: 8298.05ms | tok/sec: 126,364 | bf16_mfu: 5.06 | epoch: 1 pq: 109 rg: 59 | total time: 646.71m | eta: 121.5m
step 04690/05568 (84.23%) | loss: 2.386776 | lrm: 0.28 | dt: 8294.66ms | tok/sec: 126,415 | bf16_mfu: 5.07 | epoch: 1 pq: 109 rg: 61 | total time: 646.85m | eta: 121.4m
step 04691/05568 (84.25%) | loss: 2.396017 | lrm: 0.28 | dt: 8291.96ms | tok/sec: 126,456 | bf16_mfu: 5.07 | epoch: 1 pq: 109 rg: 62 | total time: 646.99m | eta: 121.2m
step 04692/05568 (84.27%) | loss: 2.408291 | lrm: 0.28 | dt: 8292.18ms | tok/sec: 126,453 | bf16_mfu: 5.07 | epoch: 1 pq: 109 rg: 64 | total time: 647.12m | eta: 121.1m
step 04693/05568 (84.29%) | loss: 2.398126 | lrm: 0.28 | dt: 8294.88ms | tok/sec: 126,412 | bf16_mfu: 5.07 | epoch: 1 pq: 109 rg: 66 | total time: 647.26m | eta: 120.9m
step 04694/05568 (84.30%) | loss: 2.396443 | lrm: 0.28 | dt: 8291.04ms | tok/sec: 126,470 | bf16_mfu: 5.07 | epoch: 1 pq: 109 rg: 68 | total time: 647.40m | eta: 120.8m
step 04695/05568 (84.32%) | loss: 2.396306 | lrm: 0.28 | dt: 8302.19ms | tok/sec: 126,301 | bf16_mfu: 5.06 | epoch: 1 pq: 109 rg: 70 | total time: 647.54m | eta: 120.7m
step 04696/05568 (84.34%) | loss: 2.407308 | lrm: 0.28 | dt: 8290.24ms | tok/sec: 126,483 | bf16_mfu: 5.07 | epoch: 1 pq: 109 rg: 72 | total time: 647.68m | eta: 120.5m
step 04697/05568 (84.36%) | loss: 2.403337 | lrm: 0.28 | dt: 8295.07ms | tok/sec: 126,409 | bf16_mfu: 5.07 | epoch: 1 pq: 109 rg: 74 | total time: 647.82m | eta: 120.4m
step 04698/05568 (84.38%) | loss: 2.405933 | lrm: 0.28 | dt: 8292.66ms | tok/sec: 126,446 | bf16_mfu: 5.07 | epoch: 1 pq: 109 rg: 76 | total time: 647.95m | eta: 120.2m
step 04699/05568 (84.39%) | loss: 2.399880 | lrm: 0.28 | dt: 8288.96ms | tok/sec: 126,502 | bf16_mfu: 5.07 | epoch: 1 pq: 109 rg: 78 | total time: 648.09m | eta: 120.1m
step 04700/05568 (84.41%) | loss: 2.389866 | lrm: 0.28 | dt: 8296.51ms | tok/sec: 126,387 | bf16_mfu: 5.07 | epoch: 1 pq: 109 rg: 80 | total time: 648.23m | eta: 120.0m
step 04701/05568 (84.43%) | loss: 2.382896 | lrm: 0.28 | dt: 8301.27ms | tok/sec: 126,315 | bf16_mfu: 5.06 | epoch: 1 pq: 109 rg: 82 | total time: 648.37m | eta: 119.8m
step 04702/05568 (84.45%) | loss: 2.397063 | lrm: 0.28 | dt: 8290.62ms | tok/sec: 126,477 | bf16_mfu: 5.07 | epoch: 1 pq: 110 rg: 1 | total time: 648.51m | eta: 119.7m
step 04703/05568 (84.46%) | loss: 2.393794 | lrm: 0.28 | dt: 8304.38ms | tok/sec: 126,267 | bf16_mfu: 5.06 | epoch: 1 pq: 110 rg: 3 | total time: 648.65m | eta: 119.6m
step 04704/05568 (84.48%) | loss: 2.405135 | lrm: 0.28 | dt: 8305.05ms | tok/sec: 126,257 | bf16_mfu: 5.06 | epoch: 1 pq: 110 rg: 5 | total time: 648.78m | eta: 119.4m
step 04705/05568 (84.50%) | loss: 2.410985 | lrm: 0.28 | dt: 8297.20ms | tok/sec: 126,377 | bf16_mfu: 5.06 | epoch: 1 pq: 110 rg: 7 | total time: 648.92m | eta: 119.3m
step 04706/05568 (84.52%) | loss: 2.412620 | lrm: 0.28 | dt: 8307.95ms | tok/sec: 126,213 | bf16_mfu: 5.06 | epoch: 1 pq: 110 rg: 9 | total time: 649.06m | eta: 119.1m
step 04707/05568 (84.54%) | loss: 2.407128 | lrm: 0.28 | dt: 8286.64ms | tok/sec: 126,538 | bf16_mfu: 5.07 | epoch: 1 pq: 110 rg: 11 | total time: 649.20m | eta: 119.0m
step 04708/05568 (84.55%) | loss: 2.398796 | lrm: 0.28 | dt: 8296.07ms | tok/sec: 126,394 | bf16_mfu: 5.07 | epoch: 1 pq: 110 rg: 12 | total time: 649.34m | eta: 118.9m
step 04709/05568 (84.57%) | loss: 2.382020 | lrm: 0.28 | dt: 8295.46ms | tok/sec: 126,403 | bf16_mfu: 5.07 | epoch: 1 pq: 110 rg: 14 | total time: 649.48m | eta: 118.7m
step 04710/05568 (84.59%) | loss: 2.387829 | lrm: 0.28 | dt: 8291.07ms | tok/sec: 126,470 | bf16_mfu: 5.07 | epoch: 1 pq: 110 rg: 16 | total time: 649.61m | eta: 118.6m
step 04711/05568 (84.61%) | loss: 2.401434 | lrm: 0.27 | dt: 8296.59ms | tok/sec: 126,386 | bf16_mfu: 5.07 | epoch: 1 pq: 110 rg: 18 | total time: 649.75m | eta: 118.5m
step 04712/05568 (84.63%) | loss: 2.404648 | lrm: 0.27 | dt: 8288.64ms | tok/sec: 126,507 | bf16_mfu: 5.07 | epoch: 1 pq: 110 rg: 20 | total time: 649.89m | eta: 118.3m
step 04713/05568 (84.64%) | loss: 2.402860 | lrm: 0.27 | dt: 8292.26ms | tok/sec: 126,452 | bf16_mfu: 5.07 | epoch: 1 pq: 110 rg: 22 | total time: 650.03m | eta: 118.2m
step 04714/05568 (84.66%) | loss: 2.439773 | lrm: 0.27 | dt: 8297.74ms | tok/sec: 126,368 | bf16_mfu: 5.06 | epoch: 1 pq: 110 rg: 24 | total time: 650.17m | eta: 118.0m
step 04715/05568 (84.68%) | loss: 2.435571 | lrm: 0.27 | dt: 8290.82ms | tok/sec: 126,474 | bf16_mfu: 5.07 | epoch: 1 pq: 110 rg: 26 | total time: 650.30m | eta: 117.9m
step 04716/05568 (84.70%) | loss: 2.432071 | lrm: 0.27 | dt: 8291.03ms | tok/sec: 126,471 | bf16_mfu: 5.07 | epoch: 1 pq: 110 rg: 28 | total time: 650.44m | eta: 117.8m
step 04717/05568 (84.72%) | loss: 2.425882 | lrm: 0.27 | dt: 8290.69ms | tok/sec: 126,476 | bf16_mfu: 5.07 | epoch: 1 pq: 110 rg: 30 | total time: 650.58m | eta: 117.6m
step 04718/05568 (84.73%) | loss: 2.415709 | lrm: 0.27 | dt: 8295.36ms | tok/sec: 126,405 | bf16_mfu: 5.07 | epoch: 1 pq: 110 rg: 32 | total time: 650.72m | eta: 117.5m
step 04719/05568 (84.75%) | loss: 2.418816 | lrm: 0.27 | dt: 8287.70ms | tok/sec: 126,521 | bf16_mfu: 5.07 | epoch: 1 pq: 110 rg: 34 | total time: 650.86m | eta: 117.3m
step 04720/05568 (84.77%) | loss: 2.411705 | lrm: 0.27 | dt: 8291.70ms | tok/sec: 126,460 | bf16_mfu: 5.07 | epoch: 1 pq: 110 rg: 36 | total time: 651.00m | eta: 117.2m
step 04721/05568 (84.79%) | loss: 2.417153 | lrm: 0.27 | dt: 8289.57ms | tok/sec: 126,493 | bf16_mfu: 5.07 | epoch: 1 pq: 110 rg: 38 | total time: 651.13m | eta: 117.1m
step 04722/05568 (84.81%) | loss: 2.420167 | lrm: 0.27 | dt: 8292.72ms | tok/sec: 126,445 | bf16_mfu: 5.07 | epoch: 1 pq: 110 rg: 40 | total time: 651.27m | eta: 116.9m
step 04723/05568 (84.82%) | loss: 2.408911 | lrm: 0.27 | dt: 8285.83ms | tok/sec: 126,550 | bf16_mfu: 5.07 | epoch: 1 pq: 110 rg: 41 | total time: 651.41m | eta: 116.8m
step 04724/05568 (84.84%) | loss: 2.403180 | lrm: 0.27 | dt: 8289.25ms | tok/sec: 126,498 | bf16_mfu: 5.07 | epoch: 1 pq: 110 rg: 43 | total time: 651.55m | eta: 116.7m
step 04725/05568 (84.86%) | loss: 2.398739 | lrm: 0.27 | dt: 8288.62ms | tok/sec: 126,507 | bf16_mfu: 5.07 | epoch: 1 pq: 110 rg: 45 | total time: 651.69m | eta: 116.5m
step 04726/05568 (84.88%) | loss: 2.406477 | lrm: 0.27 | dt: 8305.03ms | tok/sec: 126,258 | bf16_mfu: 5.06 | epoch: 1 pq: 110 rg: 47 | total time: 651.82m | eta: 116.4m
step 04727/05568 (84.90%) | loss: 2.388263 | lrm: 0.27 | dt: 8291.59ms | tok/sec: 126,462 | bf16_mfu: 5.07 | epoch: 1 pq: 110 rg: 49 | total time: 651.96m | eta: 116.2m
step 04728/05568 (84.91%) | loss: 2.403501 | lrm: 0.27 | dt: 8295.97ms | tok/sec: 126,395 | bf16_mfu: 5.07 | epoch: 1 pq: 110 rg: 51 | total time: 652.10m | eta: 116.1m
step 04729/05568 (84.93%) | loss: 2.388890 | lrm: 0.27 | dt: 8298.92ms | tok/sec: 126,350 | bf16_mfu: 5.06 | epoch: 1 pq: 110 rg: 53 | total time: 652.24m | eta: 116.0m
step 04730/05568 (84.95%) | loss: 2.386289 | lrm: 0.27 | dt: 8294.23ms | tok/sec: 126,422 | bf16_mfu: 5.07 | epoch: 1 pq: 110 rg: 55 | total time: 652.38m | eta: 115.8m
step 04731/05568 (84.97%) | loss: 2.388966 | lrm: 0.27 | dt: 8285.18ms | tok/sec: 126,560 | bf16_mfu: 5.07 | epoch: 1 pq: 110 rg: 57 | total time: 652.52m | eta: 115.7m
step 04732/05568 (84.99%) | loss: 2.387377 | lrm: 0.27 | dt: 8283.84ms | tok/sec: 126,580 | bf16_mfu: 5.07 | epoch: 1 pq: 110 rg: 59 | total time: 652.65m | eta: 115.5m
step 04733/05568 (85.00%) | loss: 2.390008 | lrm: 0.27 | dt: 8289.65ms | tok/sec: 126,492 | bf16_mfu: 5.07 | epoch: 1 pq: 110 rg: 61 | total time: 652.79m | eta: 115.4m
step 04734/05568 (85.02%) | loss: 2.389807 | lrm: 0.27 | dt: 8301.64ms | tok/sec: 126,309 | bf16_mfu: 5.06 | epoch: 1 pq: 110 rg: 63 | total time: 652.93m | eta: 115.3m
step 04735/05568 (85.04%) | loss: 2.390734 | lrm: 0.27 | dt: 8296.99ms | tok/sec: 126,380 | bf16_mfu: 5.07 | epoch: 1 pq: 110 rg: 65 | total time: 653.07m | eta: 115.1m
step 04736/05568 (85.06%) | loss: 2.388719 | lrm: 0.27 | dt: 8295.85ms | tok/sec: 126,397 | bf16_mfu: 5.07 | epoch: 1 pq: 110 rg: 66 | total time: 653.21m | eta: 115.0m
step 04737/05568 (85.08%) | loss: 2.379978 | lrm: 0.27 | dt: 8292.60ms | tok/sec: 126,447 | bf16_mfu: 5.07 | epoch: 1 pq: 110 rg: 68 | total time: 653.35m | eta: 114.9m
step 04738/05568 (85.09%) | loss: 2.385601 | lrm: 0.27 | dt: 8294.69ms | tok/sec: 126,415 | bf16_mfu: 5.07 | epoch: 1 pq: 110 rg: 70 | total time: 653.48m | eta: 114.7m
step 04739/05568 (85.11%) | loss: 2.385322 | lrm: 0.27 | dt: 8299.97ms | tok/sec: 126,334 | bf16_mfu: 5.06 | epoch: 1 pq: 110 rg: 72 | total time: 653.62m | eta: 114.6m
step 04740/05568 (85.13%) | loss: 2.387212 | lrm: 0.27 | dt: 8294.40ms | tok/sec: 126,419 | bf16_mfu: 5.07 | epoch: 1 pq: 110 rg: 74 | total time: 653.76m | eta: 114.4m
step 04741/05568 (85.15%) | loss: 2.392746 | lrm: 0.27 | dt: 8300.60ms | tok/sec: 126,325 | bf16_mfu: 5.06 | epoch: 1 pq: 110 rg: 76 | total time: 653.90m | eta: 114.3m
step 04742/05568 (85.17%) | loss: 2.397662 | lrm: 0.27 | dt: 8285.84ms | tok/sec: 126,550 | bf16_mfu: 5.07 | epoch: 1 pq: 110 rg: 78 | total time: 654.04m | eta: 114.2m
step 04743/05568 (85.18%) | loss: 2.404772 | lrm: 0.27 | dt: 8295.94ms | tok/sec: 126,396 | bf16_mfu: 5.07 | epoch: 1 pq: 110 rg: 80 | total time: 654.17m | eta: 114.0m
step 04744/05568 (85.20%) | loss: 2.404706 | lrm: 0.27 | dt: 8297.04ms | tok/sec: 126,379 | bf16_mfu: 5.07 | epoch: 1 pq: 110 rg: 82 | total time: 654.31m | eta: 113.9m
step 04745/05568 (85.22%) | loss: 2.397234 | lrm: 0.27 | dt: 8291.31ms | tok/sec: 126,466 | bf16_mfu: 5.07 | epoch: 1 pq: 111 rg: 1 | total time: 654.45m | eta: 113.8m
step 04746/05568 (85.24%) | loss: 2.390827 | lrm: 0.27 | dt: 8304.37ms | tok/sec: 126,267 | bf16_mfu: 5.06 | epoch: 1 pq: 111 rg: 3 | total time: 654.59m | eta: 113.6m
step 04747/05568 (85.26%) | loss: 2.390757 | lrm: 0.27 | dt: 8294.07ms | tok/sec: 126,424 | bf16_mfu: 5.07 | epoch: 1 pq: 111 rg: 5 | total time: 654.73m | eta: 113.5m
step 04748/05568 (85.27%) | loss: 2.397749 | lrm: 0.27 | dt: 8290.10ms | tok/sec: 126,485 | bf16_mfu: 5.07 | epoch: 1 pq: 111 rg: 7 | total time: 654.87m | eta: 113.3m
step 04749/05568 (85.29%) | loss: 2.399669 | lrm: 0.26 | dt: 8299.43ms | tok/sec: 126,343 | bf16_mfu: 5.06 | epoch: 1 pq: 111 rg: 9 | total time: 655.00m | eta: 113.2m
Step 04750 | Validation bpb: 0.731118
2026-10-08 07:33:24,898 - nanochat.checkpoint_manager - [32m[1mINFO[0m - Saved model parameters to: /home/astarostin/.cache/nanochat/base_checkpoints/d24_1xh100/model_004750.pt
2026-10-08 07:33:24,900 - nanochat.checkpoint_manager - [32m[1mINFO[0m - Saved metadata to: /home/astarostin/.cache/nanochat/base_checkpoints/d24_1xh100/meta_004750.json
2026-10-08 07:33:32,283 - nanochat.checkpoint_manager - [32m[1mINFO[0m - Saved optimizer state to: /home/astarostin/.cache/nanochat/base_checkpoints/d24_1xh100/optim_004750_rank0.pt
step 04750/05568 (85.31%) | loss: 2.382001 | lrm: 0.26 | dt: 8246.27ms | tok/sec: 127,157 | bf16_mfu: 5.10 | epoch: 1 pq: 111 rg: 10 | total time: 655.14m | eta: 113.1m
step 04751/05568 (85.33%) | loss: 2.391639 | lrm: 0.26 | dt: 8267.99ms | tok/sec: 126,823 | bf16_mfu: 5.08 | epoch: 1 pq: 111 rg: 12 | total time: 655.28m | eta: 112.9m
step 04752/05568 (85.34%) | loss: 2.384514 | lrm: 0.26 | dt: 8276.60ms | tok/sec: 126,691 | bf16_mfu: 5.08 | epoch: 1 pq: 111 rg: 14 | total time: 655.42m | eta: 112.8m
step 04753/05568 (85.36%) | loss: 2.404055 | lrm: 0.26 | dt: 8288.67ms | tok/sec: 126,507 | bf16_mfu: 5.07 | epoch: 1 pq: 111 rg: 16 | total time: 655.56m | eta: 112.6m
step 04754/05568 (85.38%) | loss: 2.397854 | lrm: 0.26 | dt: 8278.21ms | tok/sec: 126,666 | bf16_mfu: 5.08 | epoch: 1 pq: 111 rg: 18 | total time: 655.69m | eta: 112.5m
step 04755/05568 (85.40%) | loss: 2.392202 | lrm: 0.26 | dt: 8285.53ms | tok/sec: 126,555 | bf16_mfu: 5.07 | epoch: 1 pq: 111 rg: 20 | total time: 655.83m | eta: 112.4m
step 04756/05568 (85.42%) | loss: 2.399491 | lrm: 0.26 | dt: 8292.47ms | tok/sec: 126,449 | bf16_mfu: 5.07 | epoch: 1 pq: 111 rg: 22 | total time: 655.97m | eta: 112.2m
step 04757/05568 (85.43%) | loss: 2.398798 | lrm: 0.26 | dt: 8294.39ms | tok/sec: 126,419 | bf16_mfu: 5.07 | epoch: 1 pq: 111 rg: 24 | total time: 656.11m | eta: 112.1m
step 04758/05568 (85.45%) | loss: 2.386497 | lrm: 0.26 | dt: 8301.86ms | tok/sec: 126,306 | bf16_mfu: 5.06 | epoch: 1 pq: 111 rg: 26 | total time: 656.25m | eta: 112.0m
step 04759/05568 (85.47%) | loss: 2.385316 | lrm: 0.26 | dt: 8282.56ms | tok/sec: 126,600 | bf16_mfu: 5.07 | epoch: 1 pq: 111 rg: 28 | total time: 656.38m | eta: 111.8m
step 04760/05568 (85.49%) | loss: 2.407764 | lrm: 0.26 | dt: 8296.56ms | tok/sec: 126,386 | bf16_mfu: 5.07 | epoch: 1 pq: 111 rg: 30 | total time: 656.52m | eta: 111.7m
step 04761/05568 (85.51%) | loss: 2.410360 | lrm: 0.26 | dt: 8281.46ms | tok/sec: 126,617 | bf16_mfu: 5.07 | epoch: 1 pq: 111 rg: 32 | total time: 656.66m | eta: 111.5m
step 04762/05568 (85.52%) | loss: 2.398421 | lrm: 0.26 | dt: 8282.92ms | tok/sec: 126,595 | bf16_mfu: 5.07 | epoch: 1 pq: 111 rg: 34 | total time: 656.80m | eta: 111.4m
step 04763/05568 (85.54%) | loss: 2.412716 | lrm: 0.26 | dt: 8298.38ms | tok/sec: 126,359 | bf16_mfu: 5.06 | epoch: 1 pq: 111 rg: 36 | total time: 656.94m | eta: 111.3m
step 04764/05568 (85.56%) | loss: 2.414907 | lrm: 0.26 | dt: 8284.31ms | tok/sec: 126,573 | bf16_mfu: 5.07 | epoch: 1 pq: 111 rg: 37 | total time: 657.08m | eta: 111.1m
step 04765/05568 (85.58%) | loss: 2.403957 | lrm: 0.26 | dt: 8285.68ms | tok/sec: 126,552 | bf16_mfu: 5.07 | epoch: 1 pq: 111 rg: 39 | total time: 657.21m | eta: 111.0m
step 04766/05568 (85.60%) | loss: 2.400443 | lrm: 0.26 | dt: 8288.04ms | tok/sec: 126,516 | bf16_mfu: 5.07 | epoch: 1 pq: 111 rg: 41 | total time: 657.35m | eta: 110.8m
step 04767/05568 (85.61%) | loss: 2.393062 | lrm: 0.26 | dt: 8291.76ms | tok/sec: 126,459 | bf16_mfu: 5.07 | epoch: 1 pq: 111 rg: 43 | total time: 657.49m | eta: 110.7m
step 04768/05568 (85.63%) | loss: 2.405512 | lrm: 0.26 | dt: 8284.12ms | tok/sec: 126,576 | bf16_mfu: 5.07 | epoch: 1 pq: 111 rg: 45 | total time: 657.63m | eta: 110.6m
step 04769/05568 (85.65%) | loss: 2.395519 | lrm: 0.26 | dt: 8295.94ms | tok/sec: 126,396 | bf16_mfu: 5.07 | epoch: 1 pq: 111 rg: 47 | total time: 657.77m | eta: 110.4m
step 04770/05568 (85.67%) | loss: 2.391973 | lrm: 0.26 | dt: 8280.97ms | tok/sec: 126,624 | bf16_mfu: 5.07 | epoch: 1 pq: 111 rg: 49 | total time: 657.90m | eta: 110.3m
step 04771/05568 (85.69%) | loss: 2.376222 | lrm: 0.26 | dt: 8290.06ms | tok/sec: 126,485 | bf16_mfu: 5.07 | epoch: 1 pq: 111 rg: 51 | total time: 658.04m | eta: 110.2m
step 04772/05568 (85.70%) | loss: 2.365639 | lrm: 0.26 | dt: 8298.44ms | tok/sec: 126,358 | bf16_mfu: 5.06 | epoch: 1 pq: 111 rg: 53 | total time: 658.18m | eta: 110.0m
step 04773/05568 (85.72%) | loss: 2.379400 | lrm: 0.26 | dt: 8292.50ms | tok/sec: 126,448 | bf16_mfu: 5.07 | epoch: 1 pq: 111 rg: 55 | total time: 658.32m | eta: 109.9m
step 04774/05568 (85.74%) | loss: 2.372655 | lrm: 0.26 | dt: 8293.89ms | tok/sec: 126,427 | bf16_mfu: 5.07 | epoch: 1 pq: 111 rg: 57 | total time: 658.46m | eta: 109.7m
step 04775/05568 (85.76%) | loss: 2.382634 | lrm: 0.26 | dt: 8289.63ms | tok/sec: 126,492 | bf16_mfu: 5.07 | epoch: 1 pq: 111 rg: 59 | total time: 658.59m | eta: 109.6m
step 04776/05568 (85.78%) | loss: 2.387879 | lrm: 0.26 | dt: 8287.65ms | tok/sec: 126,522 | bf16_mfu: 5.07 | epoch: 1 pq: 111 rg: 61 | total time: 658.73m | eta: 109.5m
step 04777/05568 (85.79%) | loss: 2.382518 | lrm: 0.26 | dt: 8295.80ms | tok/sec: 126,398 | bf16_mfu: 5.07 | epoch: 1 pq: 111 rg: 63 | total time: 658.87m | eta: 109.3m
step 04778/05568 (85.81%) | loss: 2.394415 | lrm: 0.26 | dt: 8285.39ms | tok/sec: 126,557 | bf16_mfu: 5.07 | epoch: 1 pq: 111 rg: 65 | total time: 659.01m | eta: 109.2m
step 04779/05568 (85.83%) | loss: 2.400833 | lrm: 0.26 | dt: 8290.98ms | tok/sec: 126,471 | bf16_mfu: 5.07 | epoch: 1 pq: 111 rg: 66 | total time: 659.15m | eta: 109.1m
step 04780/05568 (85.85%) | loss: 2.411266 | lrm: 0.26 | dt: 8298.59ms | tok/sec: 126,355 | bf16_mfu: 5.06 | epoch: 1 pq: 111 rg: 68 | total time: 659.29m | eta: 108.9m
step 04781/05568 (85.87%) | loss: 2.410033 | lrm: 0.26 | dt: 8287.88ms | tok/sec: 126,519 | bf16_mfu: 5.07 | epoch: 1 pq: 111 rg: 70 | total time: 659.42m | eta: 108.8m
step 04782/05568 (85.88%) | loss: 2.401183 | lrm: 0.26 | dt: 8285.37ms | tok/sec: 126,557 | bf16_mfu: 5.07 | epoch: 1 pq: 111 rg: 72 | total time: 659.56m | eta: 108.6m
step 04783/05568 (85.90%) | loss: 2.415349 | lrm: 0.26 | dt: 8289.23ms | tok/sec: 126,498 | bf16_mfu: 5.07 | epoch: 1 pq: 111 rg: 74 | total time: 659.70m | eta: 108.5m
step 04784/05568 (85.92%) | loss: 2.410778 | lrm: 0.26 | dt: 8284.78ms | tok/sec: 126,566 | bf16_mfu: 5.07 | epoch: 1 pq: 111 rg: 76 | total time: 659.84m | eta: 108.4m
step 04785/05568 (85.94%) | loss: 2.425194 | lrm: 0.26 | dt: 8293.36ms | tok/sec: 126,435 | bf16_mfu: 5.07 | epoch: 1 pq: 111 rg: 78 | total time: 659.98m | eta: 108.2m
step 04786/05568 (85.96%) | loss: 2.420594 | lrm: 0.26 | dt: 8287.61ms | tok/sec: 126,523 | bf16_mfu: 5.07 | epoch: 1 pq: 111 rg: 80 | total time: 660.11m | eta: 108.1m
step 04787/05568 (85.97%) | loss: 2.411922 | lrm: 0.26 | dt: 8294.25ms | tok/sec: 126,421 | bf16_mfu: 5.07 | epoch: 1 pq: 111 rg: 82 | total time: 660.25m | eta: 107.9m
step 04788/05568 (85.99%) | loss: 2.391647 | lrm: 0.25 | dt: 8297.14ms | tok/sec: 126,378 | bf16_mfu: 5.06 | epoch: 1 pq: 112 rg: 1 | total time: 660.39m | eta: 107.8m
step 04789/05568 (86.01%) | loss: 2.397107 | lrm: 0.25 | dt: 8291.65ms | tok/sec: 126,461 | bf16_mfu: 5.07 | epoch: 1 pq: 112 rg: 3 | total time: 660.53m | eta: 107.7m
step 04790/05568 (86.03%) | loss: 2.392829 | lrm: 0.25 | dt: 8284.72ms | tok/sec: 126,567 | bf16_mfu: 5.07 | epoch: 1 pq: 112 rg: 5 | total time: 660.67m | eta: 107.5m
step 04791/05568 (86.05%) | loss: 2.381799 | lrm: 0.25 | dt: 8285.18ms | tok/sec: 126,560 | bf16_mfu: 5.07 | epoch: 1 pq: 112 rg: 7 | total time: 660.81m | eta: 107.4m
step 04792/05568 (86.06%) | loss: 2.381858 | lrm: 0.25 | dt: 8300.06ms | tok/sec: 126,333 | bf16_mfu: 5.06 | epoch: 1 pq: 112 rg: 9 | total time: 660.94m | eta: 107.3m
step 04793/05568 (86.08%) | loss: 2.378042 | lrm: 0.25 | dt: 8294.77ms | tok/sec: 126,414 | bf16_mfu: 5.07 | epoch: 1 pq: 112 rg: 11 | total time: 661.08m | eta: 107.1m
step 04794/05568 (86.10%) | loss: 2.384359 | lrm: 0.25 | dt: 8292.41ms | tok/sec: 126,450 | bf16_mfu: 5.07 | epoch: 1 pq: 112 rg: 12 | total time: 661.22m | eta: 107.0m
step 04795/05568 (86.12%) | loss: 2.380515 | lrm: 0.25 | dt: 8290.98ms | tok/sec: 126,471 | bf16_mfu: 5.07 | epoch: 1 pq: 112 rg: 14 | total time: 661.36m | eta: 106.8m
step 04796/05568 (86.14%) | loss: 2.383569 | lrm: 0.25 | dt: 8310.67ms | tok/sec: 126,172 | bf16_mfu: 5.06 | epoch: 1 pq: 112 rg: 16 | total time: 661.50m | eta: 106.7m
step 04797/05568 (86.15%) | loss: 2.386086 | lrm: 0.25 | dt: 8302.80ms | tok/sec: 126,291 | bf16_mfu: 5.06 | epoch: 1 pq: 112 rg: 18 | total time: 661.64m | eta: 106.6m
step 04798/05568 (86.17%) | loss: 2.376103 | lrm: 0.25 | dt: 8303.40ms | tok/sec: 126,282 | bf16_mfu: 5.06 | epoch: 1 pq: 112 rg: 20 | total time: 661.77m | eta: 106.4m
step 04799/05568 (86.19%) | loss: 2.386285 | lrm: 0.25 | dt: 8299.36ms | tok/sec: 126,344 | bf16_mfu: 5.06 | epoch: 1 pq: 112 rg: 22 | total time: 661.91m | eta: 106.3m
step 04800/05568 (86.21%) | loss: 2.384577 | lrm: 0.25 | dt: 8306.01ms | tok/sec: 126,243 | bf16_mfu: 5.06 | epoch: 1 pq: 112 rg: 24 | total time: 662.05m | eta: 106.1m
step 04801/05568 (86.22%) | loss: 2.389618 | lrm: 0.25 | dt: 8305.53ms | tok/sec: 126,250 | bf16_mfu: 5.06 | epoch: 1 pq: 112 rg: 26 | total time: 662.19m | eta: 106.0m
step 04802/05568 (86.24%) | loss: 2.383027 | lrm: 0.25 | dt: 8301.99ms | tok/sec: 126,304 | bf16_mfu: 5.06 | epoch: 1 pq: 112 rg: 28 | total time: 662.33m | eta: 105.9m
step 04803/05568 (86.26%) | loss: 2.391547 | lrm: 0.25 | dt: 8296.40ms | tok/sec: 126,389 | bf16_mfu: 5.07 | epoch: 1 pq: 112 rg: 30 | total time: 662.47m | eta: 105.7m
step 04804/05568 (86.28%) | loss: 2.384333 | lrm: 0.25 | dt: 8303.54ms | tok/sec: 126,280 | bf16_mfu: 5.06 | epoch: 1 pq: 112 rg: 32 | total time: 662.60m | eta: 105.6m
step 04805/05568 (86.30%) | loss: 2.370209 | lrm: 0.25 | dt: 8287.34ms | tok/sec: 126,527 | bf16_mfu: 5.07 | epoch: 1 pq: 112 rg: 34 | total time: 662.74m | eta: 105.5m
step 04806/05568 (86.31%) | loss: 2.350594 | lrm: 0.25 | dt: 8295.45ms | tok/sec: 126,403 | bf16_mfu: 5.07 | epoch: 1 pq: 112 rg: 36 | total time: 662.88m | eta: 105.3m
step 04807/05568 (86.33%) | loss: 2.364331 | lrm: 0.25 | dt: 8294.41ms | tok/sec: 126,419 | bf16_mfu: 5.07 | epoch: 1 pq: 112 rg: 38 | total time: 663.02m | eta: 105.2m
step 04808/05568 (86.35%) | loss: 2.380903 | lrm: 0.25 | dt: 8295.84ms | tok/sec: 126,397 | bf16_mfu: 5.07 | epoch: 1 pq: 112 rg: 40 | total time: 663.16m | eta: 105.0m
step 04809/05568 (86.37%) | loss: 2.387373 | lrm: 0.25 | dt: 8297.70ms | tok/sec: 126,369 | bf16_mfu: 5.06 | epoch: 1 pq: 112 rg: 42 | total time: 663.30m | eta: 104.9m
step 04810/05568 (86.39%) | loss: 2.378547 | lrm: 0.25 | dt: 8293.28ms | tok/sec: 126,436 | bf16_mfu: 5.07 | epoch: 1 pq: 112 rg: 44 | total time: 663.43m | eta: 104.8m
step 04811/05568 (86.40%) | loss: 2.390989 | lrm: 0.25 | dt: 8306.04ms | tok/sec: 126,242 | bf16_mfu: 5.06 | epoch: 1 pq: 112 rg: 45 | total time: 663.57m | eta: 104.6m
step 04812/05568 (86.42%) | loss: 2.364285 | lrm: 0.25 | dt: 8297.56ms | tok/sec: 126,371 | bf16_mfu: 5.06 | epoch: 1 pq: 112 rg: 47 | total time: 663.71m | eta: 104.5m
step 04813/05568 (86.44%) | loss: 2.367062 | lrm: 0.25 | dt: 8296.80ms | tok/sec: 126,383 | bf16_mfu: 5.07 | epoch: 1 pq: 112 rg: 49 | total time: 663.85m | eta: 104.4m
step 04814/05568 (86.46%) | loss: 2.365992 | lrm: 0.25 | dt: 8304.58ms | tok/sec: 126,264 | bf16_mfu: 5.06 | epoch: 1 pq: 112 rg: 51 | total time: 663.99m | eta: 104.2m
step 04815/05568 (86.48%) | loss: 2.373343 | lrm: 0.25 | dt: 8297.22ms | tok/sec: 126,376 | bf16_mfu: 5.06 | epoch: 1 pq: 112 rg: 53 | total time: 664.13m | eta: 104.1m
step 04816/05568 (86.49%) | loss: 2.385248 | lrm: 0.25 | dt: 8299.53ms | tok/sec: 126,341 | bf16_mfu: 5.06 | epoch: 1 pq: 112 rg: 55 | total time: 664.26m | eta: 103.9m
step 04817/05568 (86.51%) | loss: 2.402781 | lrm: 0.25 | dt: 8297.50ms | tok/sec: 126,372 | bf16_mfu: 5.06 | epoch: 1 pq: 112 rg: 57 | total time: 664.40m | eta: 103.8m
step 04818/05568 (86.53%) | loss: 2.389291 | lrm: 0.25 | dt: 8304.20ms | tok/sec: 126,270 | bf16_mfu: 5.06 | epoch: 1 pq: 112 rg: 59 | total time: 664.54m | eta: 103.7m
step 04819/05568 (86.55%) | loss: 2.382504 | lrm: 0.25 | dt: 8304.20ms | tok/sec: 126,270 | bf16_mfu: 5.06 | epoch: 1 pq: 112 rg: 61 | total time: 664.68m | eta: 103.5m
step 04820/05568 (86.57%) | loss: 2.370626 | lrm: 0.25 | dt: 8303.87ms | tok/sec: 126,275 | bf16_mfu: 5.06 | epoch: 1 pq: 112 rg: 63 | total time: 664.82m | eta: 103.4m
step 04821/05568 (86.58%) | loss: 2.370093 | lrm: 0.25 | dt: 8296.13ms | tok/sec: 126,393 | bf16_mfu: 5.07 | epoch: 1 pq: 112 rg: 65 | total time: 664.96m | eta: 103.2m
step 04822/05568 (86.60%) | loss: 2.379335 | lrm: 0.25 | dt: 8303.83ms | tok/sec: 126,276 | bf16_mfu: 5.06 | epoch: 1 pq: 112 rg: 67 | total time: 665.09m | eta: 103.1m
step 04823/05568 (86.62%) | loss: 2.368754 | lrm: 0.25 | dt: 8298.03ms | tok/sec: 126,364 | bf16_mfu: 5.06 | epoch: 1 pq: 112 rg: 69 | total time: 665.23m | eta: 103.0m
step 04824/05568 (86.64%) | loss: 2.361286 | lrm: 0.25 | dt: 8304.95ms | tok/sec: 126,259 | bf16_mfu: 5.06 | epoch: 1 pq: 112 rg: 71 | total time: 665.37m | eta: 102.8m
step 04825/05568 (86.66%) | loss: 2.354379 | lrm: 0.25 | dt: 8299.86ms | tok/sec: 126,336 | bf16_mfu: 5.06 | epoch: 1 pq: 112 rg: 72 | total time: 665.51m | eta: 102.7m
step 04826/05568 (86.67%) | loss: 2.359103 | lrm: 0.24 | dt: 8305.72ms | tok/sec: 126,247 | bf16_mfu: 5.06 | epoch: 1 pq: 112 rg: 74 | total time: 665.65m | eta: 102.6m
step 04827/05568 (86.69%) | loss: 2.364284 | lrm: 0.24 | dt: 8310.73ms | tok/sec: 126,171 | bf16_mfu: 5.06 | epoch: 1 pq: 112 rg: 76 | total time: 665.79m | eta: 102.4m
step 04828/05568 (86.71%) | loss: 2.369256 | lrm: 0.24 | dt: 8303.43ms | tok/sec: 126,282 | bf16_mfu: 5.06 | epoch: 1 pq: 112 rg: 78 | total time: 665.92m | eta: 102.3m
step 04829/05568 (86.73%) | loss: 2.384342 | lrm: 0.24 | dt: 8295.72ms | tok/sec: 126,399 | bf16_mfu: 5.07 | epoch: 1 pq: 112 rg: 80 | total time: 666.06m | eta: 102.1m
step 04830/05568 (86.75%) | loss: 2.368537 | lrm: 0.24 | dt: 8305.87ms | tok/sec: 126,245 | bf16_mfu: 5.06 | epoch: 1 pq: 112 rg: 82 | total time: 666.20m | eta: 102.0m
step 04831/05568 (86.76%) | loss: 2.367128 | lrm: 0.24 | dt: 8299.35ms | tok/sec: 126,344 | bf16_mfu: 5.06 | epoch: 1 pq: 113 rg: 1 | total time: 666.34m | eta: 101.9m
step 04832/05568 (86.78%) | loss: 2.366380 | lrm: 0.24 | dt: 8308.65ms | tok/sec: 126,202 | bf16_mfu: 5.06 | epoch: 1 pq: 113 rg: 3 | total time: 666.48m | eta: 101.7m
step 04833/05568 (86.80%) | loss: 2.391186 | lrm: 0.24 | dt: 8299.85ms | tok/sec: 126,336 | bf16_mfu: 5.06 | epoch: 1 pq: 113 rg: 5 | total time: 666.62m | eta: 101.6m
step 04834/05568 (86.82%) | loss: 2.398177 | lrm: 0.24 | dt: 8299.58ms | tok/sec: 126,340 | bf16_mfu: 5.06 | epoch: 1 pq: 113 rg: 7 | total time: 666.75m | eta: 101.5m
step 04835/05568 (86.84%) | loss: 2.390920 | lrm: 0.24 | dt: 8304.45ms | tok/sec: 126,266 | bf16_mfu: 5.06 | epoch: 1 pq: 113 rg: 9 | total time: 666.89m | eta: 101.3m
step 04836/05568 (86.85%) | loss: 2.392822 | lrm: 0.24 | dt: 8299.08ms | tok/sec: 126,348 | bf16_mfu: 5.06 | epoch: 1 pq: 113 rg: 11 | total time: 667.03m | eta: 101.2m
step 04837/05568 (86.87%) | loss: 2.391534 | lrm: 0.24 | dt: 8303.28ms | tok/sec: 126,284 | bf16_mfu: 5.06 | epoch: 1 pq: 113 rg: 12 | total time: 667.17m | eta: 101.0m
step 04838/05568 (86.89%) | loss: 2.387932 | lrm: 0.24 | dt: 8307.53ms | tok/sec: 126,219 | bf16_mfu: 5.06 | epoch: 1 pq: 113 rg: 14 | total time: 667.31m | eta: 100.9m
step 04839/05568 (86.91%) | loss: 2.384602 | lrm: 0.24 | dt: 8301.42ms | tok/sec: 126,312 | bf16_mfu: 5.06 | epoch: 1 pq: 113 rg: 16 | total time: 667.45m | eta: 100.8m
step 04840/05568 (86.93%) | loss: 2.377191 | lrm: 0.24 | dt: 8304.48ms | tok/sec: 126,266 | bf16_mfu: 5.06 | epoch: 1 pq: 113 rg: 18 | total time: 667.58m | eta: 100.6m
step 04841/05568 (86.94%) | loss: 2.388017 | lrm: 0.24 | dt: 8297.43ms | tok/sec: 126,373 | bf16_mfu: 5.06 | epoch: 1 pq: 113 rg: 20 | total time: 667.72m | eta: 100.5m
step 04842/05568 (86.96%) | loss: 2.398507 | lrm: 0.24 | dt: 8303.11ms | tok/sec: 126,287 | bf16_mfu: 5.06 | epoch: 1 pq: 113 rg: 22 | total time: 667.86m | eta: 100.3m
step 04843/05568 (86.98%) | loss: 2.394902 | lrm: 0.24 | dt: 8297.54ms | tok/sec: 126,371 | bf16_mfu: 5.06 | epoch: 1 pq: 113 rg: 24 | total time: 668.00m | eta: 100.2m
step 04844/05568 (87.00%) | loss: 2.389211 | lrm: 0.24 | dt: 8308.21ms | tok/sec: 126,209 | bf16_mfu: 5.06 | epoch: 1 pq: 113 rg: 26 | total time: 668.14m | eta: 100.1m
step 04845/05568 (87.02%) | loss: 2.405624 | lrm: 0.24 | dt: 8301.83ms | tok/sec: 126,306 | bf16_mfu: 5.06 | epoch: 1 pq: 113 rg: 28 | total time: 668.28m | eta: 99.9m
step 04846/05568 (87.03%) | loss: 2.402851 | lrm: 0.24 | dt: 8306.78ms | tok/sec: 126,231 | bf16_mfu: 5.06 | epoch: 1 pq: 113 rg: 30 | total time: 668.41m | eta: 99.8m
step 04847/05568 (87.05%) | loss: 2.393478 | lrm: 0.24 | dt: 8300.84ms | tok/sec: 126,321 | bf16_mfu: 5.06 | epoch: 1 pq: 113 rg: 32 | total time: 668.55m | eta: 99.7m
step 04848/05568 (87.07%) | loss: 2.417673 | lrm: 0.24 | dt: 8294.85ms | tok/sec: 126,412 | bf16_mfu: 5.07 | epoch: 1 pq: 113 rg: 34 | total time: 668.69m | eta: 99.5m
step 04849/05568 (87.09%) | loss: 2.411115 | lrm: 0.24 | dt: 8295.65ms | tok/sec: 126,400 | bf16_mfu: 5.07 | epoch: 1 pq: 113 rg: 36 | total time: 668.83m | eta: 99.4m
step 04850/05568 (87.10%) | loss: 2.414193 | lrm: 0.24 | dt: 8296.68ms | tok/sec: 126,384 | bf16_mfu: 5.07 | epoch: 1 pq: 113 rg: 38 | total time: 668.97m | eta: 99.2m
step 04851/05568 (87.12%) | loss: 2.398656 | lrm: 0.24 | dt: 8305.86ms | tok/sec: 126,245 | bf16_mfu: 5.06 | epoch: 1 pq: 113 rg: 40 | total time: 669.11m | eta: 99.1m
step 04852/05568 (87.14%) | loss: 2.392104 | lrm: 0.24 | dt: 8303.77ms | tok/sec: 126,277 | bf16_mfu: 5.06 | epoch: 1 pq: 113 rg: 42 | total time: 669.24m | eta: 99.0m
step 04853/05568 (87.16%) | loss: 2.382639 | lrm: 0.24 | dt: 8293.81ms | tok/sec: 126,428 | bf16_mfu: 5.07 | epoch: 1 pq: 113 rg: 44 | total time: 669.38m | eta: 98.8m
step 04854/05568 (87.18%) | loss: 2.379926 | lrm: 0.24 | dt: 8292.62ms | tok/sec: 126,446 | bf16_mfu: 5.07 | epoch: 1 pq: 113 rg: 45 | total time: 669.52m | eta: 98.7m
step 04855/05568 (87.19%) | loss: 2.388482 | lrm: 0.24 | dt: 8305.31ms | tok/sec: 126,253 | bf16_mfu: 5.06 | epoch: 1 pq: 113 rg: 47 | total time: 669.66m | eta: 98.5m
step 04856/05568 (87.21%) | loss: 2.393412 | lrm: 0.24 | dt: 8309.58ms | tok/sec: 126,188 | bf16_mfu: 5.06 | epoch: 1 pq: 113 rg: 49 | total time: 669.80m | eta: 98.4m
step 04857/05568 (87.23%) | loss: 2.408046 | lrm: 0.24 | dt: 8304.25ms | tok/sec: 126,269 | bf16_mfu: 5.06 | epoch: 1 pq: 113 rg: 51 | total time: 669.94m | eta: 98.3m
step 04858/05568 (87.25%) | loss: 2.421856 | lrm: 0.24 | dt: 8307.64ms | tok/sec: 126,218 | bf16_mfu: 5.06 | epoch: 1 pq: 113 rg: 53 | total time: 670.07m | eta: 98.1m
step 04859/05568 (87.27%) | loss: 2.422048 | lrm: 0.24 | dt: 8304.36ms | tok/sec: 126,268 | bf16_mfu: 5.06 | epoch: 1 pq: 113 rg: 55 | total time: 670.21m | eta: 98.0m
step 04860/05568 (87.28%) | loss: 2.417129 | lrm: 0.24 | dt: 8294.79ms | tok/sec: 126,413 | bf16_mfu: 5.07 | epoch: 1 pq: 113 rg: 57 | total time: 670.35m | eta: 97.9m
step 04861/05568 (87.30%) | loss: 2.410450 | lrm: 0.24 | dt: 8307.17ms | tok/sec: 126,225 | bf16_mfu: 5.06 | epoch: 1 pq: 113 rg: 59 | total time: 670.49m | eta: 97.7m
step 04862/05568 (87.32%) | loss: 2.396982 | lrm: 0.24 | dt: 8303.65ms | tok/sec: 126,278 | bf16_mfu: 5.06 | epoch: 1 pq: 113 rg: 61 | total time: 670.63m | eta: 97.6m
step 04863/05568 (87.34%) | loss: 2.391167 | lrm: 0.24 | dt: 8295.60ms | tok/sec: 126,401 | bf16_mfu: 5.07 | epoch: 1 pq: 113 rg: 63 | total time: 670.77m | eta: 97.4m
step 04864/05568 (87.36%) | loss: 2.386938 | lrm: 0.23 | dt: 8292.96ms | tok/sec: 126,441 | bf16_mfu: 5.07 | epoch: 1 pq: 113 rg: 65 | total time: 670.90m | eta: 97.3m
step 04865/05568 (87.37%) | loss: 2.396582 | lrm: 0.23 | dt: 8290.50ms | tok/sec: 126,479 | bf16_mfu: 5.07 | epoch: 1 pq: 113 rg: 67 | total time: 671.04m | eta: 97.2m
step 04866/05568 (87.39%) | loss: 2.379987 | lrm: 0.23 | dt: 8294.99ms | tok/sec: 126,410 | bf16_mfu: 5.07 | epoch: 1 pq: 113 rg: 69 | total time: 671.18m | eta: 97.0m
step 04867/05568 (87.41%) | loss: 2.391917 | lrm: 0.23 | dt: 8302.77ms | tok/sec: 126,292 | bf16_mfu: 5.06 | epoch: 1 pq: 113 rg: 70 | total time: 671.32m | eta: 96.9m
step 04868/05568 (87.43%) | loss: 2.397566 | lrm: 0.23 | dt: 8306.69ms | tok/sec: 126,232 | bf16_mfu: 5.06 | epoch: 1 pq: 113 rg: 72 | total time: 671.46m | eta: 96.8m
step 04869/05568 (87.45%) | loss: 2.402747 | lrm: 0.23 | dt: 8287.45ms | tok/sec: 126,525 | bf16_mfu: 5.07 | epoch: 1 pq: 113 rg: 74 | total time: 671.60m | eta: 96.6m
step 04870/05568 (87.46%) | loss: 2.399622 | lrm: 0.23 | dt: 8304.06ms | tok/sec: 126,272 | bf16_mfu: 5.06 | epoch: 1 pq: 113 rg: 76 | total time: 671.73m | eta: 96.5m
step 04871/05568 (87.48%) | loss: 2.386461 | lrm: 0.23 | dt: 8296.99ms | tok/sec: 126,380 | bf16_mfu: 5.07 | epoch: 1 pq: 113 rg: 78 | total time: 671.87m | eta: 96.3m
step 04872/05568 (87.50%) | loss: 2.386547 | lrm: 0.23 | dt: 8286.55ms | tok/sec: 126,539 | bf16_mfu: 5.07 | epoch: 1 pq: 113 rg: 80 | total time: 672.01m | eta: 96.2m
step 04873/05568 (87.52%) | loss: 2.395921 | lrm: 0.23 | dt: 8296.10ms | tok/sec: 126,393 | bf16_mfu: 5.07 | epoch: 1 pq: 113 rg: 82 | total time: 672.15m | eta: 96.1m
step 04874/05568 (87.54%) | loss: 2.398644 | lrm: 0.23 | dt: 8301.35ms | tok/sec: 126,313 | bf16_mfu: 5.06 | epoch: 1 pq: 114 rg: 1 | total time: 672.29m | eta: 95.9m
step 04875/05568 (87.55%) | loss: 2.397619 | lrm: 0.23 | dt: 8298.99ms | tok/sec: 126,349 | bf16_mfu: 5.06 | epoch: 1 pq: 114 rg: 3 | total time: 672.43m | eta: 95.8m
step 04876/05568 (87.57%) | loss: 2.407277 | lrm: 0.23 | dt: 8301.86ms | tok/sec: 126,306 | bf16_mfu: 5.06 | epoch: 1 pq: 114 rg: 5 | total time: 672.56m | eta: 95.6m
step 04877/05568 (87.59%) | loss: 2.395816 | lrm: 0.23 | dt: 8295.91ms | tok/sec: 126,396 | bf16_mfu: 5.07 | epoch: 1 pq: 114 rg: 7 | total time: 672.70m | eta: 95.5m
step 04878/05568 (87.61%) | loss: 2.390494 | lrm: 0.23 | dt: 8300.74ms | tok/sec: 126,323 | bf16_mfu: 5.06 | epoch: 1 pq: 114 rg: 9 | total time: 672.84m | eta: 95.4m
step 04879/05568 (87.63%) | loss: 2.385676 | lrm: 0.23 | dt: 8298.19ms | tok/sec: 126,361 | bf16_mfu: 5.06 | epoch: 1 pq: 114 rg: 11 | total time: 672.98m | eta: 95.2m
step 04880/05568 (87.64%) | loss: 2.379079 | lrm: 0.23 | dt: 8299.54ms | tok/sec: 126,341 | bf16_mfu: 5.06 | epoch: 1 pq: 114 rg: 13 | total time: 673.12m | eta: 95.1m
step 04881/05568 (87.66%) | loss: 2.381109 | lrm: 0.23 | dt: 8304.17ms | tok/sec: 126,270 | bf16_mfu: 5.06 | epoch: 1 pq: 114 rg: 15 | total time: 673.26m | eta: 95.0m
step 04882/05568 (87.68%) | loss: 2.387578 | lrm: 0.23 | dt: 8289.99ms | tok/sec: 126,486 | bf16_mfu: 5.07 | epoch: 1 pq: 114 rg: 17 | total time: 673.39m | eta: 94.8m
step 04883/05568 (87.70%) | loss: 2.373179 | lrm: 0.23 | dt: 8311.71ms | tok/sec: 126,156 | bf16_mfu: 5.06 | epoch: 1 pq: 114 rg: 19 | total time: 673.53m | eta: 94.7m
step 04884/05568 (87.72%) | loss: 2.381669 | lrm: 0.23 | dt: 8307.32ms | tok/sec: 126,223 | bf16_mfu: 5.06 | epoch: 1 pq: 114 rg: 20 | total time: 673.67m | eta: 94.5m
step 04885/05568 (87.73%) | loss: 2.377977 | lrm: 0.23 | dt: 8298.21ms | tok/sec: 126,361 | bf16_mfu: 5.06 | epoch: 1 pq: 114 rg: 22 | total time: 673.81m | eta: 94.4m
step 04886/05568 (87.75%) | loss: 2.377214 | lrm: 0.23 | dt: 8302.47ms | tok/sec: 126,296 | bf16_mfu: 5.06 | epoch: 1 pq: 114 rg: 24 | total time: 673.95m | eta: 94.3m
step 04887/05568 (87.77%) | loss: 2.378927 | lrm: 0.23 | dt: 8299.17ms | tok/sec: 126,347 | bf16_mfu: 5.06 | epoch: 1 pq: 114 rg: 26 | total time: 674.09m | eta: 94.1m
step 04888/05568 (87.79%) | loss: 2.376183 | lrm: 0.23 | dt: 8302.22ms | tok/sec: 126,300 | bf16_mfu: 5.06 | epoch: 1 pq: 114 rg: 28 | total time: 674.22m | eta: 94.0m
step 04889/05568 (87.81%) | loss: 2.383314 | lrm: 0.23 | dt: 8311.73ms | tok/sec: 126,156 | bf16_mfu: 5.06 | epoch: 1 pq: 114 rg: 30 | total time: 674.36m | eta: 93.8m
step 04890/05568 (87.82%) | loss: 2.373699 | lrm: 0.23 | dt: 8305.89ms | tok/sec: 126,244 | bf16_mfu: 5.06 | epoch: 1 pq: 114 rg: 32 | total time: 674.50m | eta: 93.7m
step 04891/05568 (87.84%) | loss: 2.369607 | lrm: 0.23 | dt: 8306.11ms | tok/sec: 126,241 | bf16_mfu: 5.06 | epoch: 1 pq: 114 rg: 34 | total time: 674.64m | eta: 93.6m
step 04892/05568 (87.86%) | loss: 2.365254 | lrm: 0.23 | dt: 8293.60ms | tok/sec: 126,431 | bf16_mfu: 5.07 | epoch: 1 pq: 114 rg: 36 | total time: 674.78m | eta: 93.4m
step 04893/05568 (87.88%) | loss: 2.380615 | lrm: 0.23 | dt: 8296.08ms | tok/sec: 126,394 | bf16_mfu: 5.07 | epoch: 1 pq: 114 rg: 38 | total time: 674.92m | eta: 93.3m
step 04894/05568 (87.90%) | loss: 2.370460 | lrm: 0.23 | dt: 8291.07ms | tok/sec: 126,470 | bf16_mfu: 5.07 | epoch: 1 pq: 114 rg: 40 | total time: 675.05m | eta: 93.2m
step 04895/05568 (87.91%) | loss: 2.384013 | lrm: 0.23 | dt: 8303.11ms | tok/sec: 126,287 | bf16_mfu: 5.06 | epoch: 1 pq: 114 rg: 42 | total time: 675.19m | eta: 93.0m
step 04896/05568 (87.93%) | loss: 2.372558 | lrm: 0.23 | dt: 8304.40ms | tok/sec: 126,267 | bf16_mfu: 5.06 | epoch: 1 pq: 114 rg: 44 | total time: 675.33m | eta: 92.9m
step 04897/05568 (87.95%) | loss: 2.391959 | lrm: 0.23 | dt: 8290.37ms | tok/sec: 126,481 | bf16_mfu: 5.07 | epoch: 1 pq: 114 rg: 46 | total time: 675.47m | eta: 92.7m
step 04898/05568 (87.97%) | loss: 2.370008 | lrm: 0.23 | dt: 8302.73ms | tok/sec: 126,292 | bf16_mfu: 5.06 | epoch: 1 pq: 114 rg: 48 | total time: 675.61m | eta: 92.6m
step 04899/05568 (87.98%) | loss: 2.373859 | lrm: 0.23 | dt: 8300.40ms | tok/sec: 126,328 | bf16_mfu: 5.06 | epoch: 1 pq: 114 rg: 49 | total time: 675.75m | eta: 92.5m
step 04900/05568 (88.00%) | loss: 2.382399 | lrm: 0.23 | dt: 8284.21ms | tok/sec: 126,575 | bf16_mfu: 5.07 | epoch: 1 pq: 114 rg: 51 | total time: 675.88m | eta: 92.3m
step 04901/05568 (88.02%) | loss: 2.372728 | lrm: 0.23 | dt: 8307.46ms | tok/sec: 126,221 | bf16_mfu: 5.06 | epoch: 1 pq: 114 rg: 53 | total time: 676.02m | eta: 92.2m
step 04902/05568 (88.04%) | loss: 2.388659 | lrm: 0.22 | dt: 8310.57ms | tok/sec: 126,173 | bf16_mfu: 5.06 | epoch: 1 pq: 114 rg: 55 | total time: 676.16m | eta: 92.1m
step 04903/05568 (88.06%) | loss: 2.375606 | lrm: 0.22 | dt: 8304.44ms | tok/sec: 126,266 | bf16_mfu: 5.06 | epoch: 1 pq: 114 rg: 57 | total time: 676.30m | eta: 91.9m
step 04904/05568 (88.07%) | loss: 2.382123 | lrm: 0.22 | dt: 8301.05ms | tok/sec: 126,318 | bf16_mfu: 5.06 | epoch: 1 pq: 114 rg: 59 | total time: 676.44m | eta: 91.8m
step 04905/05568 (88.09%) | loss: 2.389781 | lrm: 0.22 | dt: 8289.37ms | tok/sec: 126,496 | bf16_mfu: 5.07 | epoch: 1 pq: 114 rg: 61 | total time: 676.58m | eta: 91.6m
step 04906/05568 (88.11%) | loss: 2.393513 | lrm: 0.22 | dt: 8300.18ms | tok/sec: 126,331 | bf16_mfu: 5.06 | epoch: 1 pq: 114 rg: 63 | total time: 676.71m | eta: 91.5m
step 04907/05568 (88.13%) | loss: 2.387512 | lrm: 0.22 | dt: 8296.38ms | tok/sec: 126,389 | bf16_mfu: 5.07 | epoch: 1 pq: 114 rg: 65 | total time: 676.85m | eta: 91.4m
step 04908/05568 (88.15%) | loss: 2.398466 | lrm: 0.22 | dt: 8294.54ms | tok/sec: 126,417 | bf16_mfu: 5.07 | epoch: 1 pq: 114 rg: 67 | total time: 676.99m | eta: 91.2m
step 04909/05568 (88.16%) | loss: 2.388514 | lrm: 0.22 | dt: 8295.45ms | tok/sec: 126,403 | bf16_mfu: 5.07 | epoch: 1 pq: 114 rg: 69 | total time: 677.13m | eta: 91.1m
step 04910/05568 (88.18%) | loss: 2.407479 | lrm: 0.22 | dt: 8298.24ms | tok/sec: 126,361 | bf16_mfu: 5.06 | epoch: 1 pq: 114 rg: 71 | total time: 677.27m | eta: 90.9m
step 04911/05568 (88.20%) | loss: 2.408185 | lrm: 0.22 | dt: 8307.44ms | tok/sec: 126,221 | bf16_mfu: 5.06 | epoch: 1 pq: 114 rg: 73 | total time: 677.41m | eta: 90.8m
step 04912/05568 (88.22%) | loss: 2.394653 | lrm: 0.22 | dt: 8306.30ms | tok/sec: 126,238 | bf16_mfu: 5.06 | epoch: 1 pq: 114 rg: 75 | total time: 677.54m | eta: 90.7m
step 04913/05568 (88.24%) | loss: 2.399245 | lrm: 0.22 | dt: 8299.36ms | tok/sec: 126,344 | bf16_mfu: 5.06 | epoch: 1 pq: 114 rg: 77 | total time: 677.68m | eta: 90.5m
step 04914/05568 (88.25%) | loss: 2.383508 | lrm: 0.22 | dt: 8303.28ms | tok/sec: 126,284 | bf16_mfu: 5.06 | epoch: 1 pq: 114 rg: 79 | total time: 677.82m | eta: 90.4m
step 04915/05568 (88.27%) | loss: 2.382037 | lrm: 0.22 | dt: 8297.29ms | tok/sec: 126,375 | bf16_mfu: 5.06 | epoch: 1 pq: 114 rg: 81 | total time: 677.96m | eta: 90.3m
step 04916/05568 (88.29%) | loss: 2.377132 | lrm: 0.22 | dt: 8295.52ms | tok/sec: 126,402 | bf16_mfu: 5.07 | epoch: 1 pq: 115 rg: 0 | total time: 678.10m | eta: 90.1m
step 04917/05568 (88.31%) | loss: 2.356341 | lrm: 0.22 | dt: 8299.98ms | tok/sec: 126,334 | bf16_mfu: 5.06 | epoch: 1 pq: 115 rg: 1 | total time: 678.24m | eta: 90.0m
step 04918/05568 (88.33%) | loss: 2.367939 | lrm: 0.22 | dt: 8304.48ms | tok/sec: 126,266 | bf16_mfu: 5.06 | epoch: 1 pq: 115 rg: 3 | total time: 678.37m | eta: 89.8m
step 04919/05568 (88.34%) | loss: 2.361448 | lrm: 0.22 | dt: 8301.23ms | tok/sec: 126,315 | bf16_mfu: 5.06 | epoch: 1 pq: 115 rg: 5 | total time: 678.51m | eta: 89.7m
step 04920/05568 (88.36%) | loss: 2.351914 | lrm: 0.22 | dt: 8302.35ms | tok/sec: 126,298 | bf16_mfu: 5.06 | epoch: 1 pq: 115 rg: 7 | total time: 678.65m | eta: 89.6m
step 04921/05568 (88.38%) | loss: 2.361873 | lrm: 0.22 | dt: 8312.33ms | tok/sec: 126,147 | bf16_mfu: 5.06 | epoch: 1 pq: 115 rg: 9 | total time: 678.79m | eta: 89.4m
step 04922/05568 (88.40%) | loss: 2.357436 | lrm: 0.22 | dt: 8300.02ms | tok/sec: 126,334 | bf16_mfu: 5.06 | epoch: 1 pq: 115 rg: 11 | total time: 678.93m | eta: 89.3m
step 04923/05568 (88.42%) | loss: 2.349591 | lrm: 0.22 | dt: 8298.88ms | tok/sec: 126,351 | bf16_mfu: 5.06 | epoch: 1 pq: 115 rg: 13 | total time: 679.07m | eta: 89.2m
step 04924/05568 (88.43%) | loss: 2.347965 | lrm: 0.22 | dt: 8293.65ms | tok/sec: 126,431 | bf16_mfu: 5.07 | epoch: 1 pq: 115 rg: 15 | total time: 679.20m | eta: 89.0m
step 04925/05568 (88.45%) | loss: 2.360812 | lrm: 0.22 | dt: 8304.60ms | tok/sec: 126,264 | bf16_mfu: 5.06 | epoch: 1 pq: 115 rg: 17 | total time: 679.34m | eta: 88.9m
step 04926/05568 (88.47%) | loss: 2.367076 | lrm: 0.22 | dt: 8300.06ms | tok/sec: 126,333 | bf16_mfu: 5.06 | epoch: 1 pq: 115 rg: 19 | total time: 679.48m | eta: 88.7m
step 04927/05568 (88.49%) | loss: 2.364952 | lrm: 0.22 | dt: 8298.65ms | tok/sec: 126,355 | bf16_mfu: 5.06 | epoch: 1 pq: 115 rg: 21 | total time: 679.62m | eta: 88.6m
step 04928/05568 (88.51%) | loss: 2.373542 | lrm: 0.22 | dt: 8307.93ms | tok/sec: 126,213 | bf16_mfu: 5.06 | epoch: 1 pq: 115 rg: 23 | total time: 679.76m | eta: 88.5m
step 04929/05568 (88.52%) | loss: 2.381809 | lrm: 0.22 | dt: 8297.72ms | tok/sec: 126,369 | bf16_mfu: 5.06 | epoch: 1 pq: 115 rg: 25 | total time: 679.90m | eta: 88.3m
step 04930/05568 (88.54%) | loss: 2.373680 | lrm: 0.22 | dt: 8306.61ms | tok/sec: 126,233 | bf16_mfu: 5.06 | epoch: 1 pq: 115 rg: 27 | total time: 680.04m | eta: 88.2m
step 04931/05568 (88.56%) | loss: 2.367730 | lrm: 0.22 | dt: 8293.17ms | tok/sec: 126,438 | bf16_mfu: 5.07 | epoch: 1 pq: 115 rg: 29 | total time: 680.17m | eta: 88.0m
step 04932/05568 (88.58%) | loss: 2.362580 | lrm: 0.22 | dt: 8297.73ms | tok/sec: 126,369 | bf16_mfu: 5.06 | epoch: 1 pq: 115 rg: 31 | total time: 680.31m | eta: 87.9m
step 04933/05568 (88.60%) | loss: 2.375159 | lrm: 0.22 | dt: 8317.62ms | tok/sec: 126,066 | bf16_mfu: 5.05 | epoch: 1 pq: 115 rg: 33 | total time: 680.45m | eta: 87.8m
step 04934/05568 (88.61%) | loss: 2.358802 | lrm: 0.22 | dt: 8305.50ms | tok/sec: 126,250 | bf16_mfu: 5.06 | epoch: 1 pq: 115 rg: 35 | total time: 680.59m | eta: 87.6m
step 04935/05568 (88.63%) | loss: 2.374438 | lrm: 0.22 | dt: 8301.23ms | tok/sec: 126,315 | bf16_mfu: 5.06 | epoch: 1 pq: 115 rg: 37 | total time: 680.73m | eta: 87.5m
step 04936/05568 (88.65%) | loss: 2.384727 | lrm: 0.22 | dt: 8305.85ms | tok/sec: 126,245 | bf16_mfu: 5.06 | epoch: 1 pq: 115 rg: 38 | total time: 680.87m | eta: 87.4m
step 04937/05568 (88.67%) | loss: 2.379777 | lrm: 0.22 | dt: 8314.11ms | tok/sec: 126,120 | bf16_mfu: 5.05 | epoch: 1 pq: 115 rg: 40 | total time: 681.00m | eta: 87.2m
step 04938/05568 (88.69%) | loss: 2.355996 | lrm: 0.22 | dt: 8297.03ms | tok/sec: 126,379 | bf16_mfu: 5.07 | epoch: 1 pq: 115 rg: 42 | total time: 681.14m | eta: 87.1m
step 04939/05568 (88.70%) | loss: 2.341900 | lrm: 0.22 | dt: 8287.34ms | tok/sec: 126,527 | bf16_mfu: 5.07 | epoch: 1 pq: 115 rg: 44 | total time: 681.28m | eta: 86.9m
step 04940/05568 (88.72%) | loss: 2.350321 | lrm: 0.21 | dt: 8291.74ms | tok/sec: 126,460 | bf16_mfu: 5.07 | epoch: 1 pq: 115 rg: 46 | total time: 681.42m | eta: 86.8m
step 04941/05568 (88.74%) | loss: 2.366578 | lrm: 0.21 | dt: 8297.33ms | tok/sec: 126,375 | bf16_mfu: 5.06 | epoch: 1 pq: 115 rg: 48 | total time: 681.56m | eta: 86.7m
step 04942/05568 (88.76%) | loss: 2.375088 | lrm: 0.21 | dt: 8301.16ms | tok/sec: 126,316 | bf16_mfu: 5.06 | epoch: 1 pq: 115 rg: 50 | total time: 681.70m | eta: 86.5m
step 04943/05568 (88.78%) | loss: 2.368448 | lrm: 0.21 | dt: 8288.31ms | tok/sec: 126,512 | bf16_mfu: 5.07 | epoch: 1 pq: 115 rg: 52 | total time: 681.83m | eta: 86.4m
step 04944/05568 (88.79%) | loss: 2.373142 | lrm: 0.21 | dt: 8293.63ms | tok/sec: 126,431 | bf16_mfu: 5.07 | epoch: 1 pq: 115 rg: 54 | total time: 681.97m | eta: 86.2m
step 04945/05568 (88.81%) | loss: 2.368549 | lrm: 0.21 | dt: 8296.08ms | tok/sec: 126,394 | bf16_mfu: 5.07 | epoch: 1 pq: 115 rg: 56 | total time: 682.11m | eta: 86.1m
step 04946/05568 (88.83%) | loss: 2.385356 | lrm: 0.21 | dt: 8299.71ms | tok/sec: 126,338 | bf16_mfu: 5.06 | epoch: 1 pq: 115 rg: 58 | total time: 682.25m | eta: 86.0m
step 04947/05568 (88.85%) | loss: 2.397851 | lrm: 0.21 | dt: 8299.66ms | tok/sec: 126,339 | bf16_mfu: 5.06 | epoch: 1 pq: 115 rg: 60 | total time: 682.39m | eta: 85.8m
step 04948/05568 (88.86%) | loss: 2.384530 | lrm: 0.21 | dt: 8297.91ms | tok/sec: 126,366 | bf16_mfu: 5.06 | epoch: 1 pq: 115 rg: 62 | total time: 682.52m | eta: 85.7m
step 04949/05568 (88.88%) | loss: 2.397019 | lrm: 0.21 | dt: 8286.07ms | tok/sec: 126,546 | bf16_mfu: 5.07 | epoch: 1 pq: 115 rg: 64 | total time: 682.66m | eta: 85.6m
step 04950/05568 (88.90%) | loss: 2.390458 | lrm: 0.21 | dt: 8298.42ms | tok/sec: 126,358 | bf16_mfu: 5.06 | epoch: 1 pq: 115 rg: 66 | total time: 682.80m | eta: 85.4m
step 04951/05568 (88.92%) | loss: 2.377372 | lrm: 0.21 | dt: 8296.93ms | tok/sec: 126,381 | bf16_mfu: 5.07 | epoch: 1 pq: 115 rg: 67 | total time: 682.94m | eta: 85.3m
step 04952/05568 (88.94%) | loss: 2.381943 | lrm: 0.21 | dt: 8304.88ms | tok/sec: 126,260 | bf16_mfu: 5.06 | epoch: 1 pq: 115 rg: 69 | total time: 683.08m | eta: 85.1m
step 04953/05568 (88.95%) | loss: 2.369784 | lrm: 0.21 | dt: 8295.82ms | tok/sec: 126,398 | bf16_mfu: 5.07 | epoch: 1 pq: 115 rg: 71 | total time: 683.22m | eta: 85.0m
step 04954/05568 (88.97%) | loss: 2.374932 | lrm: 0.21 | dt: 8298.41ms | tok/sec: 126,358 | bf16_mfu: 5.06 | epoch: 1 pq: 115 rg: 73 | total time: 683.35m | eta: 84.9m
step 04955/05568 (88.99%) | loss: 2.354278 | lrm: 0.21 | dt: 8290.65ms | tok/sec: 126,476 | bf16_mfu: 5.07 | epoch: 1 pq: 115 rg: 75 | total time: 683.49m | eta: 84.7m
step 04956/05568 (89.01%) | loss: 2.373503 | lrm: 0.21 | dt: 8311.78ms | tok/sec: 126,155 | bf16_mfu: 5.06 | epoch: 1 pq: 115 rg: 77 | total time: 683.63m | eta: 84.6m
step 04957/05568 (89.03%) | loss: 2.382811 | lrm: 0.21 | dt: 8289.33ms | tok/sec: 126,497 | bf16_mfu: 5.07 | epoch: 1 pq: 115 rg: 79 | total time: 683.77m | eta: 84.5m
step 04958/05568 (89.04%) | loss: 2.378245 | lrm: 0.21 | dt: 8295.60ms | tok/sec: 126,401 | bf16_mfu: 5.07 | epoch: 1 pq: 115 rg: 81 | total time: 683.91m | eta: 84.3m
step 04959/05568 (89.06%) | loss: 2.385550 | lrm: 0.21 | dt: 8286.92ms | tok/sec: 126,533 | bf16_mfu: 5.07 | epoch: 1 pq: 116 rg: 0 | total time: 684.05m | eta: 84.2m
step 04960/05568 (89.08%) | loss: 2.378037 | lrm: 0.21 | dt: 8298.92ms | tok/sec: 126,350 | bf16_mfu: 5.06 | epoch: 1 pq: 116 rg: 2 | total time: 684.18m | eta: 84.0m
step 04961/05568 (89.10%) | loss: 2.373025 | lrm: 0.21 | dt: 8290.07ms | tok/sec: 126,485 | bf16_mfu: 5.07 | epoch: 1 pq: 116 rg: 4 | total time: 684.32m | eta: 83.9m
step 04962/05568 (89.12%) | loss: 2.364372 | lrm: 0.21 | dt: 8289.06ms | tok/sec: 126,501 | bf16_mfu: 5.07 | epoch: 1 pq: 116 rg: 6 | total time: 684.46m | eta: 83.8m
step 04963/05568 (89.13%) | loss: 2.363585 | lrm: 0.21 | dt: 8288.77ms | tok/sec: 126,505 | bf16_mfu: 5.07 | epoch: 1 pq: 116 rg: 8 | total time: 684.60m | eta: 83.6m
step 04964/05568 (89.15%) | loss: 2.342919 | lrm: 0.21 | dt: 8289.84ms | tok/sec: 126,489 | bf16_mfu: 5.07 | epoch: 1 pq: 116 rg: 10 | total time: 684.74m | eta: 83.5m
step 04965/05568 (89.17%) | loss: 2.341034 | lrm: 0.21 | dt: 8293.82ms | tok/sec: 126,428 | bf16_mfu: 5.07 | epoch: 1 pq: 116 rg: 12 | total time: 684.87m | eta: 83.3m
step 04966/05568 (89.19%) | loss: 2.340399 | lrm: 0.21 | dt: 8299.13ms | tok/sec: 126,347 | bf16_mfu: 5.06 | epoch: 1 pq: 116 rg: 13 | total time: 685.01m | eta: 83.2m
step 04967/05568 (89.21%) | loss: 2.340586 | lrm: 0.21 | dt: 8300.63ms | tok/sec: 126,324 | bf16_mfu: 5.06 | epoch: 1 pq: 116 rg: 15 | total time: 685.15m | eta: 83.1m
step 04968/05568 (89.22%) | loss: 2.356196 | lrm: 0.21 | dt: 8290.80ms | tok/sec: 126,474 | bf16_mfu: 5.07 | epoch: 1 pq: 116 rg: 17 | total time: 685.29m | eta: 82.9m
step 04969/05568 (89.24%) | loss: 2.355137 | lrm: 0.21 | dt: 8286.40ms | tok/sec: 126,541 | bf16_mfu: 5.07 | epoch: 1 pq: 116 rg: 19 | total time: 685.43m | eta: 82.8m
step 04970/05568 (89.26%) | loss: 2.347082 | lrm: 0.21 | dt: 8279.65ms | tok/sec: 126,644 | bf16_mfu: 5.08 | epoch: 1 pq: 116 rg: 21 | total time: 685.57m | eta: 82.7m
step 04971/05568 (89.28%) | loss: 2.345506 | lrm: 0.21 | dt: 8284.75ms | tok/sec: 126,566 | bf16_mfu: 5.07 | epoch: 1 pq: 116 rg: 23 | total time: 685.70m | eta: 82.5m
step 04972/05568 (89.30%) | loss: 2.354247 | lrm: 0.21 | dt: 8296.12ms | tok/sec: 126,393 | bf16_mfu: 5.07 | epoch: 1 pq: 116 rg: 25 | total time: 685.84m | eta: 82.4m
step 04973/05568 (89.31%) | loss: 2.352646 | lrm: 0.21 | dt: 8284.05ms | tok/sec: 126,577 | bf16_mfu: 5.07 | epoch: 1 pq: 116 rg: 27 | total time: 685.98m | eta: 82.2m
step 04974/05568 (89.33%) | loss: 2.353015 | lrm: 0.21 | dt: 8297.43ms | tok/sec: 126,373 | bf16_mfu: 5.06 | epoch: 1 pq: 116 rg: 29 | total time: 686.12m | eta: 82.1m
step 04975/05568 (89.35%) | loss: 2.365620 | lrm: 0.21 | dt: 8292.99ms | tok/sec: 126,441 | bf16_mfu: 5.07 | epoch: 1 pq: 116 rg: 31 | total time: 686.26m | eta: 82.0m
step 04976/05568 (89.37%) | loss: 2.354002 | lrm: 0.21 | dt: 8284.91ms | tok/sec: 126,564 | bf16_mfu: 5.07 | epoch: 1 pq: 116 rg: 33 | total time: 686.39m | eta: 81.8m
step 04977/05568 (89.39%) | loss: 2.359970 | lrm: 0.21 | dt: 8296.46ms | tok/sec: 126,388 | bf16_mfu: 5.07 | epoch: 1 pq: 116 rg: 35 | total time: 686.53m | eta: 81.7m
step 04978/05568 (89.40%) | loss: 2.376013 | lrm: 0.20 | dt: 8284.72ms | tok/sec: 126,567 | bf16_mfu: 5.07 | epoch: 1 pq: 116 rg: 37 | total time: 686.67m | eta: 81.5m
step 04979/05568 (89.42%) | loss: 2.378858 | lrm: 0.20 | dt: 8297.08ms | tok/sec: 126,378 | bf16_mfu: 5.07 | epoch: 1 pq: 116 rg: 39 | total time: 686.81m | eta: 81.4m
step 04980/05568 (89.44%) | loss: 2.376596 | lrm: 0.20 | dt: 8306.68ms | tok/sec: 126,232 | bf16_mfu: 5.06 | epoch: 1 pq: 116 rg: 41 | total time: 686.95m | eta: 81.3m
step 04981/05568 (89.46%) | loss: 2.377467 | lrm: 0.20 | dt: 8285.40ms | tok/sec: 126,557 | bf16_mfu: 5.07 | epoch: 1 pq: 116 rg: 43 | total time: 687.09m | eta: 81.1m
step 04982/05568 (89.48%) | loss: 2.385292 | lrm: 0.20 | dt: 8283.24ms | tok/sec: 126,590 | bf16_mfu: 5.07 | epoch: 1 pq: 116 rg: 44 | total time: 687.22m | eta: 81.0m
step 04983/05568 (89.49%) | loss: 2.369975 | lrm: 0.20 | dt: 8280.76ms | tok/sec: 126,627 | bf16_mfu: 5.08 | epoch: 1 pq: 116 rg: 46 | total time: 687.36m | eta: 80.9m
step 04984/05568 (89.51%) | loss: 2.375816 | lrm: 0.20 | dt: 8292.56ms | tok/sec: 126,447 | bf16_mfu: 5.07 | epoch: 1 pq: 116 rg: 48 | total time: 687.50m | eta: 80.7m
step 04985/05568 (89.53%) | loss: 2.363585 | lrm: 0.20 | dt: 8299.50ms | tok/sec: 126,342 | bf16_mfu: 5.06 | epoch: 1 pq: 116 rg: 50 | total time: 687.64m | eta: 80.6m
step 04986/05568 (89.55%) | loss: 2.354553 | lrm: 0.20 | dt: 8283.23ms | tok/sec: 126,590 | bf16_mfu: 5.07 | epoch: 1 pq: 116 rg: 52 | total time: 687.78m | eta: 80.4m
step 04987/05568 (89.57%) | loss: 2.345756 | lrm: 0.20 | dt: 8287.07ms | tok/sec: 126,531 | bf16_mfu: 5.07 | epoch: 1 pq: 116 rg: 54 | total time: 687.91m | eta: 80.3m
step 04988/05568 (89.58%) | loss: 2.344086 | lrm: 0.20 | dt: 8288.13ms | tok/sec: 126,515 | bf16_mfu: 5.07 | epoch: 1 pq: 116 rg: 56 | total time: 688.05m | eta: 80.2m
step 04989/05568 (89.60%) | loss: 2.367504 | lrm: 0.20 | dt: 8302.99ms | tok/sec: 126,288 | bf16_mfu: 5.06 | epoch: 1 pq: 116 rg: 58 | total time: 688.19m | eta: 80.0m
step 04990/05568 (89.62%) | loss: 2.375382 | lrm: 0.20 | dt: 8301.41ms | tok/sec: 126,313 | bf16_mfu: 5.06 | epoch: 1 pq: 116 rg: 60 | total time: 688.33m | eta: 79.9m
step 04991/05568 (89.64%) | loss: 2.372380 | lrm: 0.20 | dt: 8283.49ms | tok/sec: 126,586 | bf16_mfu: 5.07 | epoch: 1 pq: 116 rg: 62 | total time: 688.47m | eta: 79.8m
step 04992/05568 (89.66%) | loss: 2.357022 | lrm: 0.20 | dt: 8286.87ms | tok/sec: 126,534 | bf16_mfu: 5.07 | epoch: 1 pq: 116 rg: 64 | total time: 688.61m | eta: 79.6m
step 04993/05568 (89.67%) | loss: 2.374495 | lrm: 0.20 | dt: 8296.14ms | tok/sec: 126,393 | bf16_mfu: 5.07 | epoch: 1 pq: 116 rg: 66 | total time: 688.74m | eta: 79.5m
step 04994/05568 (89.69%) | loss: 2.373416 | lrm: 0.20 | dt: 8296.26ms | tok/sec: 126,391 | bf16_mfu: 5.07 | epoch: 1 pq: 116 rg: 68 | total time: 688.88m | eta: 79.3m
step 04995/05568 (89.71%) | loss: 2.384896 | lrm: 0.20 | dt: 8298.69ms | tok/sec: 126,354 | bf16_mfu: 5.06 | epoch: 1 pq: 116 rg: 70 | total time: 689.02m | eta: 79.2m
step 04996/05568 (89.73%) | loss: 2.378056 | lrm: 0.20 | dt: 8292.29ms | tok/sec: 126,451 | bf16_mfu: 5.07 | epoch: 1 pq: 116 rg: 72 | total time: 689.16m | eta: 79.1m
step 04997/05568 (89.74%) | loss: 2.377395 | lrm: 0.20 | dt: 8284.68ms | tok/sec: 126,568 | bf16_mfu: 5.07 | epoch: 1 pq: 116 rg: 74 | total time: 689.30m | eta: 78.9m
step 04998/05568 (89.76%) | loss: 2.370882 | lrm: 0.20 | dt: 8290.93ms | tok/sec: 126,472 | bf16_mfu: 5.07 | epoch: 1 pq: 116 rg: 75 | total time: 689.44m | eta: 78.8m
step 04999/05568 (89.78%) | loss: 2.364331 | lrm: 0.20 | dt: 8296.81ms | tok/sec: 126,383 | bf16_mfu: 5.07 | epoch: 1 pq: 116 rg: 77 | total time: 689.57m | eta: 78.6m
Step 05000 | Validation bpb: 0.726716
Evaluating: hellaswag_zeroshot (0-shot, type: multiple_choice)... accuracy: 0.5480 | centered: 0.3973 | time: 9.84s
Evaluating: jeopardy (10-shot, type: language_modeling)... accuracy: 0.0840 | centered: 0.0840 | time: 9.93s
Evaluating: bigbench_qa_wikidata (10-shot, type: language_modeling)... accuracy: 0.4780 | centered: 0.4780 | time: 9.77s
Evaluating: arc_easy (10-shot, type: multiple_choice)... accuracy: 0.6900 | centered: 0.5867 | time: 10.65s
Evaluating: arc_challenge (10-shot, type: multiple_choice)... accuracy: 0.4020 | centered: 0.2027 | time: 10.84s
Evaluating: copa (0-shot, type: multiple_choice)... accuracy: 0.6000 | centered: 0.2000 | time: 1.92s
Evaluating: commonsense_qa (10-shot, type: multiple_choice)... accuracy: 0.2420 | centered: 0.0525 | time: 11.09s
Evaluating: piqa (10-shot, type: multiple_choice)... accuracy: 0.7540 | centered: 0.5080 | time: 10.25s
Evaluating: openbook_qa (0-shot, type: multiple_choice)... accuracy: 0.3960 | centered: 0.1947 | time: 9.70s
Evaluating: lambada_openai (0-shot, type: language_modeling)... accuracy: 0.4240 | centered: 0.4240 | time: 9.72s
Evaluating: hellaswag (10-shot, type: multiple_choice)... accuracy: 0.5580 | centered: 0.4107 | time: 13.60s
Evaluating: winograd (0-shot, type: schema)... accuracy: 0.6740 | centered: 0.3480 | time: 5.21s
Evaluating: winogrande (0-shot, type: schema)... accuracy: 0.5480 | centered: 0.0960 | time: 9.62s
Evaluating: bigbench_dyck_languages (10-shot, type: language_modeling)... accuracy: 0.1380 | centered: 0.1380 | time: 10.20s
Evaluating: agi_eval_lsat_ar (3-shot, type: multiple_choice)... accuracy: 0.3000 | centered: 0.1250 | time: 6.05s
Evaluating: bigbench_cs_algorithms (10-shot, type: language_modeling)... accuracy: 0.4260 | centered: 0.4260 | time: 10.03s
Evaluating: bigbench_operators (10-shot, type: language_modeling)... accuracy: 0.1429 | centered: 0.1429 | time: 4.21s
Evaluating: bigbench_repeat_copy_logic (10-shot, type: language_modeling)... accuracy: 0.0000 | centered: 0.0000 | time: 0.64s
Evaluating: squad (10-shot, type: language_modeling)... accuracy: 0.4140 | centered: 0.4140 | time: 11.74s
Evaluating: coqa (0-shot, type: language_modeling)... accuracy: 0.2800 | centered: 0.2800 | time: 10.05s
Evaluating: boolq (10-shot, type: multiple_choice)... accuracy: 0.5240 | centered: -0.2526 | time: 13.15s
Evaluating: bigbench_language_identification (10-shot, type: multiple_choice)... accuracy: 0.2520 | centered: 0.1771 | time: 21.24s
Step 05000 | CORE metric: 0.2469
2026-10-08 08:14:04,260 - nanochat.checkpoint_manager - [32m[1mINFO[0m - Saved model parameters to: /home/astarostin/.cache/nanochat/base_checkpoints/d24_1xh100/model_005000.pt
2026-10-08 08:14:04,262 - nanochat.checkpoint_manager - [32m[1mINFO[0m - Saved metadata to: /home/astarostin/.cache/nanochat/base_checkpoints/d24_1xh100/meta_005000.json
2026-10-08 08:14:11,482 - nanochat.checkpoint_manager - [32m[1mINFO[0m - Saved optimizer state to: /home/astarostin/.cache/nanochat/base_checkpoints/d24_1xh100/optim_005000_rank0.pt
step 05000/05568 (89.80%) | loss: 2.364116 | lrm: 0.20 | dt: 8222.95ms | tok/sec: 127,518 | bf16_mfu: 5.11 | epoch: 1 pq: 116 rg: 79 | total time: 689.71m | eta: 78.5m
step 05001/05568 (89.82%) | loss: 2.357376 | lrm: 0.20 | dt: 8246.56ms | tok/sec: 127,153 | bf16_mfu: 5.10 | epoch: 1 pq: 116 rg: 81 | total time: 689.85m | eta: 78.4m
step 05002/05568 (89.83%) | loss: 2.368173 | lrm: 0.20 | dt: 8256.94ms | tok/sec: 126,993 | bf16_mfu: 5.09 | epoch: 1 pq: 117 rg: 0 | total time: 689.99m | eta: 78.2m
step 05003/05568 (89.85%) | loss: 2.392950 | lrm: 0.20 | dt: 8277.01ms | tok/sec: 126,685 | bf16_mfu: 5.08 | epoch: 1 pq: 117 rg: 2 | total time: 690.12m | eta: 78.1m
step 05004/05568 (89.87%) | loss: 2.393239 | lrm: 0.20 | dt: 8282.08ms | tok/sec: 126,607 | bf16_mfu: 5.07 | epoch: 1 pq: 117 rg: 4 | total time: 690.26m | eta: 78.0m
step 05005/05568 (89.89%) | loss: 2.383454 | lrm: 0.20 | dt: 8281.88ms | tok/sec: 126,610 | bf16_mfu: 5.07 | epoch: 1 pq: 117 rg: 6 | total time: 690.40m | eta: 77.8m
step 05006/05568 (89.91%) | loss: 2.368660 | lrm: 0.20 | dt: 8276.94ms | tok/sec: 126,686 | bf16_mfu: 5.08 | epoch: 1 pq: 117 rg: 8 | total time: 690.54m | eta: 77.7m
step 05007/05568 (89.92%) | loss: 2.361907 | lrm: 0.20 | dt: 8274.95ms | tok/sec: 126,716 | bf16_mfu: 5.08 | epoch: 1 pq: 117 rg: 10 | total time: 690.68m | eta: 77.5m
step 05008/05568 (89.94%) | loss: 2.367015 | lrm: 0.20 | dt: 8279.34ms | tok/sec: 126,649 | bf16_mfu: 5.08 | epoch: 1 pq: 117 rg: 12 | total time: 690.81m | eta: 77.4m
step 05009/05568 (89.96%) | loss: 2.359613 | lrm: 0.20 | dt: 8286.49ms | tok/sec: 126,540 | bf16_mfu: 5.07 | epoch: 1 pq: 117 rg: 14 | total time: 690.95m | eta: 77.3m
step 05010/05568 (89.98%) | loss: 2.349639 | lrm: 0.20 | dt: 8288.47ms | tok/sec: 126,510 | bf16_mfu: 5.07 | epoch: 1 pq: 117 rg: 16 | total time: 691.09m | eta: 77.1m
step 05011/05568 (90.00%) | loss: 2.358571 | lrm: 0.20 | dt: 8286.34ms | tok/sec: 126,542 | bf16_mfu: 5.07 | epoch: 1 pq: 117 rg: 17 | total time: 691.23m | eta: 77.0m
step 05012/05568 (90.01%) | loss: 2.361592 | lrm: 0.20 | dt: 8281.19ms | tok/sec: 126,621 | bf16_mfu: 5.07 | epoch: 1 pq: 117 rg: 19 | total time: 691.37m | eta: 76.8m
step 05013/05568 (90.03%) | loss: 2.369825 | lrm: 0.20 | dt: 8294.95ms | tok/sec: 126,411 | bf16_mfu: 5.07 | epoch: 1 pq: 117 rg: 21 | total time: 691.50m | eta: 76.7m
step 05014/05568 (90.05%) | loss: 2.374362 | lrm: 0.20 | dt: 8298.39ms | tok/sec: 126,359 | bf16_mfu: 5.06 | epoch: 1 pq: 117 rg: 23 | total time: 691.64m | eta: 76.6m
step 05015/05568 (90.07%) | loss: 2.373148 | lrm: 0.20 | dt: 8285.70ms | tok/sec: 126,552 | bf16_mfu: 5.07 | epoch: 1 pq: 117 rg: 25 | total time: 691.78m | eta: 76.4m
step 05016/05568 (90.09%) | loss: 2.393111 | lrm: 0.19 | dt: 8290.89ms | tok/sec: 126,473 | bf16_mfu: 5.07 | epoch: 1 pq: 117 rg: 27 | total time: 691.92m | eta: 76.3m
step 05017/05568 (90.10%) | loss: 2.396251 | lrm: 0.19 | dt: 8290.40ms | tok/sec: 126,480 | bf16_mfu: 5.07 | epoch: 1 pq: 117 rg: 29 | total time: 692.06m | eta: 76.2m
step 05018/05568 (90.12%) | loss: 2.389809 | lrm: 0.19 | dt: 8290.05ms | tok/sec: 126,486 | bf16_mfu: 5.07 | epoch: 1 pq: 117 rg: 31 | total time: 692.19m | eta: 76.0m
step 05019/05568 (90.14%) | loss: 2.387894 | lrm: 0.19 | dt: 8281.49ms | tok/sec: 126,616 | bf16_mfu: 5.07 | epoch: 1 pq: 117 rg: 33 | total time: 692.33m | eta: 75.9m
step 05020/05568 (90.16%) | loss: 2.385724 | lrm: 0.19 | dt: 8303.46ms | tok/sec: 126,281 | bf16_mfu: 5.06 | epoch: 1 pq: 117 rg: 35 | total time: 692.47m | eta: 75.7m
step 05021/05568 (90.18%) | loss: 2.389938 | lrm: 0.19 | dt: 8278.11ms | tok/sec: 126,668 | bf16_mfu: 5.08 | epoch: 1 pq: 117 rg: 37 | total time: 692.61m | eta: 75.6m
step 05022/05568 (90.19%) | loss: 2.380727 | lrm: 0.19 | dt: 8291.31ms | tok/sec: 126,466 | bf16_mfu: 5.07 | epoch: 1 pq: 117 rg: 39 | total time: 692.75m | eta: 75.5m
step 05023/05568 (90.21%) | loss: 2.374102 | lrm: 0.19 | dt: 8302.50ms | tok/sec: 126,296 | bf16_mfu: 5.06 | epoch: 1 pq: 117 rg: 41 | total time: 692.89m | eta: 75.3m
step 05024/05568 (90.23%) | loss: 2.376450 | lrm: 0.19 | dt: 8292.93ms | tok/sec: 126,442 | bf16_mfu: 5.07 | epoch: 1 pq: 117 rg: 43 | total time: 693.02m | eta: 75.2m
step 05025/05568 (90.25%) | loss: 2.378971 | lrm: 0.19 | dt: 8274.94ms | tok/sec: 126,717 | bf16_mfu: 5.08 | epoch: 1 pq: 117 rg: 45 | total time: 693.16m | eta: 75.1m
step 05026/05568 (90.27%) | loss: 2.380938 | lrm: 0.19 | dt: 8304.99ms | tok/sec: 126,258 | bf16_mfu: 5.06 | epoch: 1 pq: 117 rg: 47 | total time: 693.30m | eta: 74.9m
step 05027/05568 (90.28%) | loss: 2.380964 | lrm: 0.19 | dt: 8293.23ms | tok/sec: 126,437 | bf16_mfu: 5.07 | epoch: 1 pq: 117 rg: 49 | total time: 693.44m | eta: 74.8m
step 05028/05568 (90.30%) | loss: 2.400955 | lrm: 0.19 | dt: 8291.28ms | tok/sec: 126,467 | bf16_mfu: 5.07 | epoch: 1 pq: 117 rg: 51 | total time: 693.58m | eta: 74.6m
step 05029/05568 (90.32%) | loss: 2.385075 | lrm: 0.19 | dt: 8293.78ms | tok/sec: 126,429 | bf16_mfu: 5.07 | epoch: 1 pq: 117 rg: 53 | total time: 693.72m | eta: 74.5m
step 05030/05568 (90.34%) | loss: 2.389434 | lrm: 0.19 | dt: 8296.96ms | tok/sec: 126,380 | bf16_mfu: 5.07 | epoch: 1 pq: 117 rg: 54 | total time: 693.85m | eta: 74.4m
step 05031/05568 (90.36%) | loss: 2.383767 | lrm: 0.19 | dt: 8302.21ms | tok/sec: 126,300 | bf16_mfu: 5.06 | epoch: 1 pq: 117 rg: 56 | total time: 693.99m | eta: 74.2m
step 05032/05568 (90.37%) | loss: 2.380009 | lrm: 0.19 | dt: 8289.00ms | tok/sec: 126,502 | bf16_mfu: 5.07 | epoch: 1 pq: 117 rg: 58 | total time: 694.13m | eta: 74.1m
step 05033/05568 (90.39%) | loss: 2.390337 | lrm: 0.19 | dt: 8292.02ms | tok/sec: 126,456 | bf16_mfu: 5.07 | epoch: 1 pq: 117 rg: 60 | total time: 694.27m | eta: 73.9m
step 05034/05568 (90.41%) | loss: 2.406446 | lrm: 0.19 | dt: 8287.29ms | tok/sec: 126,528 | bf16_mfu: 5.07 | epoch: 1 pq: 117 rg: 62 | total time: 694.41m | eta: 73.8m
step 05035/05568 (90.43%) | loss: 2.403985 | lrm: 0.19 | dt: 8284.48ms | tok/sec: 126,571 | bf16_mfu: 5.07 | epoch: 1 pq: 117 rg: 64 | total time: 694.54m | eta: 73.7m
step 05036/05568 (90.45%) | loss: 2.415220 | lrm: 0.19 | dt: 8292.52ms | tok/sec: 126,448 | bf16_mfu: 5.07 | epoch: 1 pq: 117 rg: 66 | total time: 694.68m | eta: 73.5m
step 05037/05568 (90.46%) | loss: 2.416558 | lrm: 0.19 | dt: 8301.24ms | tok/sec: 126,315 | bf16_mfu: 5.06 | epoch: 1 pq: 117 rg: 68 | total time: 694.82m | eta: 73.4m
step 05038/05568 (90.48%) | loss: 2.409659 | lrm: 0.19 | dt: 8293.17ms | tok/sec: 126,438 | bf16_mfu: 5.07 | epoch: 1 pq: 117 rg: 70 | total time: 694.96m | eta: 73.3m
step 05039/05568 (90.50%) | loss: 2.411712 | lrm: 0.19 | dt: 8297.07ms | tok/sec: 126,379 | bf16_mfu: 5.07 | epoch: 1 pq: 117 rg: 72 | total time: 695.10m | eta: 73.1m
step 05040/05568 (90.52%) | loss: 2.408376 | lrm: 0.19 | dt: 8290.27ms | tok/sec: 126,482 | bf16_mfu: 5.07 | epoch: 1 pq: 117 rg: 74 | total time: 695.24m | eta: 73.0m
step 05041/05568 (90.54%) | loss: 2.421036 | lrm: 0.19 | dt: 8293.27ms | tok/sec: 126,436 | bf16_mfu: 5.07 | epoch: 1 pq: 117 rg: 76 | total time: 695.37m | eta: 72.8m
step 05042/05568 (90.55%) | loss: 2.400416 | lrm: 0.19 | dt: 8292.48ms | tok/sec: 126,448 | bf16_mfu: 5.07 | epoch: 1 pq: 117 rg: 78 | total time: 695.51m | eta: 72.7m
step 05043/05568 (90.57%) | loss: 2.409765 | lrm: 0.19 | dt: 8288.67ms | tok/sec: 126,507 | bf16_mfu: 5.07 | epoch: 1 pq: 117 rg: 80 | total time: 695.65m | eta: 72.6m
step 05044/05568 (90.59%) | loss: 2.385880 | lrm: 0.19 | dt: 8295.67ms | tok/sec: 126,400 | bf16_mfu: 5.07 | epoch: 1 pq: 117 rg: 82 | total time: 695.79m | eta: 72.4m
step 05045/05568 (90.61%) | loss: 2.369055 | lrm: 0.19 | dt: 8287.92ms | tok/sec: 126,518 | bf16_mfu: 5.07 | epoch: 1 pq: 118 rg: 1 | total time: 695.93m | eta: 72.3m
step 05046/05568 (90.62%) | loss: 2.375089 | lrm: 0.19 | dt: 8291.77ms | tok/sec: 126,459 | bf16_mfu: 5.07 | epoch: 1 pq: 118 rg: 3 | total time: 696.06m | eta: 72.1m
step 05047/05568 (90.64%) | loss: 2.374998 | lrm: 0.19 | dt: 8292.34ms | tok/sec: 126,451 | bf16_mfu: 5.07 | epoch: 1 pq: 118 rg: 5 | total time: 696.20m | eta: 72.0m
step 05048/05568 (90.66%) | loss: 2.366944 | lrm: 0.19 | dt: 8297.21ms | tok/sec: 126,376 | bf16_mfu: 5.06 | epoch: 1 pq: 118 rg: 6 | total time: 696.34m | eta: 71.9m
step 05049/05568 (90.68%) | loss: 2.347138 | lrm: 0.19 | dt: 8288.38ms | tok/sec: 126,511 | bf16_mfu: 5.07 | epoch: 1 pq: 118 rg: 8 | total time: 696.48m | eta: 71.7m
step 05050/05568 (90.70%) | loss: 2.349994 | lrm: 0.19 | dt: 8296.41ms | tok/sec: 126,389 | bf16_mfu: 5.07 | epoch: 1 pq: 118 rg: 10 | total time: 696.62m | eta: 71.6m
step 05051/05568 (90.71%) | loss: 2.358495 | lrm: 0.19 | dt: 8293.76ms | tok/sec: 126,429 | bf16_mfu: 5.07 | epoch: 1 pq: 118 rg: 12 | total time: 696.76m | eta: 71.5m
step 05052/05568 (90.73%) | loss: 2.366890 | lrm: 0.19 | dt: 8289.11ms | tok/sec: 126,500 | bf16_mfu: 5.07 | epoch: 1 pq: 118 rg: 14 | total time: 696.89m | eta: 71.3m
step 05053/05568 (90.75%) | loss: 2.381975 | lrm: 0.19 | dt: 8303.75ms | tok/sec: 126,277 | bf16_mfu: 5.06 | epoch: 1 pq: 118 rg: 16 | total time: 697.03m | eta: 71.2m
step 05054/05568 (90.77%) | loss: 2.382291 | lrm: 0.18 | dt: 8292.06ms | tok/sec: 126,455 | bf16_mfu: 5.07 | epoch: 1 pq: 118 rg: 18 | total time: 697.17m | eta: 71.0m
step 05055/05568 (90.79%) | loss: 2.400217 | lrm: 0.18 | dt: 8296.82ms | tok/sec: 126,382 | bf16_mfu: 5.07 | epoch: 1 pq: 118 rg: 20 | total time: 697.31m | eta: 70.9m
step 05056/05568 (90.80%) | loss: 2.395499 | lrm: 0.18 | dt: 8282.21ms | tok/sec: 126,605 | bf16_mfu: 5.07 | epoch: 1 pq: 118 rg: 22 | total time: 697.45m | eta: 70.8m
step 05057/05568 (90.82%) | loss: 2.379929 | lrm: 0.18 | dt: 8297.36ms | tok/sec: 126,374 | bf16_mfu: 5.06 | epoch: 1 pq: 118 rg: 24 | total time: 697.59m | eta: 70.6m
step 05058/05568 (90.84%) | loss: 2.363716 | lrm: 0.18 | dt: 8299.52ms | tok/sec: 126,341 | bf16_mfu: 5.06 | epoch: 1 pq: 118 rg: 26 | total time: 697.72m | eta: 70.5m
step 05059/05568 (90.86%) | loss: 2.377056 | lrm: 0.18 | dt: 8301.09ms | tok/sec: 126,317 | bf16_mfu: 5.06 | epoch: 1 pq: 118 rg: 28 | total time: 697.86m | eta: 70.4m
step 05060/05568 (90.88%) | loss: 2.377286 | lrm: 0.18 | dt: 8297.34ms | tok/sec: 126,375 | bf16_mfu: 5.06 | epoch: 1 pq: 118 rg: 30 | total time: 698.00m | eta: 70.2m
step 05061/05568 (90.89%) | loss: 2.377703 | lrm: 0.18 | dt: 8292.01ms | tok/sec: 126,456 | bf16_mfu: 5.07 | epoch: 1 pq: 118 rg: 32 | total time: 698.14m | eta: 70.1m
step 05062/05568 (90.91%) | loss: 2.385114 | lrm: 0.18 | dt: 8288.95ms | tok/sec: 126,502 | bf16_mfu: 5.07 | epoch: 1 pq: 118 rg: 34 | total time: 698.28m | eta: 69.9m
step 05063/05568 (90.93%) | loss: 2.367226 | lrm: 0.18 | dt: 8287.25ms | tok/sec: 126,528 | bf16_mfu: 5.07 | epoch: 1 pq: 118 rg: 36 | total time: 698.41m | eta: 69.8m
step 05064/05568 (90.95%) | loss: 2.355736 | lrm: 0.18 | dt: 8285.81ms | tok/sec: 126,550 | bf16_mfu: 5.07 | epoch: 1 pq: 118 rg: 37 | total time: 698.55m | eta: 69.7m
step 05065/05568 (90.97%) | loss: 2.353475 | lrm: 0.18 | dt: 8295.75ms | tok/sec: 126,399 | bf16_mfu: 5.07 | epoch: 1 pq: 118 rg: 39 | total time: 698.69m | eta: 69.5m
step 05066/05568 (90.98%) | loss: 2.332115 | lrm: 0.18 | dt: 8298.93ms | tok/sec: 126,350 | bf16_mfu: 5.06 | epoch: 1 pq: 118 rg: 41 | total time: 698.83m | eta: 69.4m
step 05067/05568 (91.00%) | loss: 2.343897 | lrm: 0.18 | dt: 8287.58ms | tok/sec: 126,523 | bf16_mfu: 5.07 | epoch: 1 pq: 118 rg: 43 | total time: 698.97m | eta: 69.2m
step 05068/05568 (91.02%) | loss: 2.353443 | lrm: 0.18 | dt: 8294.74ms | tok/sec: 126,414 | bf16_mfu: 5.07 | epoch: 1 pq: 118 rg: 45 | total time: 699.11m | eta: 69.1m
step 05069/05568 (91.04%) | loss: 2.345308 | lrm: 0.18 | dt: 8286.42ms | tok/sec: 126,541 | bf16_mfu: 5.07 | epoch: 1 pq: 118 rg: 47 | total time: 699.24m | eta: 69.0m
step 05070/05568 (91.06%) | loss: 2.349613 | lrm: 0.18 | dt: 8298.22ms | tok/sec: 126,361 | bf16_mfu: 5.06 | epoch: 1 pq: 118 rg: 49 | total time: 699.38m | eta: 68.8m
step 05071/05568 (91.07%) | loss: 2.350655 | lrm: 0.18 | dt: 8288.17ms | tok/sec: 126,514 | bf16_mfu: 5.07 | epoch: 1 pq: 118 rg: 51 | total time: 699.52m | eta: 68.7m
step 05072/05568 (91.09%) | loss: 2.343521 | lrm: 0.18 | dt: 8298.40ms | tok/sec: 126,358 | bf16_mfu: 5.06 | epoch: 1 pq: 118 rg: 53 | total time: 699.66m | eta: 68.6m
step 05073/05568 (91.11%) | loss: 2.354824 | lrm: 0.18 | dt: 8287.95ms | tok/sec: 126,518 | bf16_mfu: 5.07 | epoch: 1 pq: 118 rg: 55 | total time: 699.80m | eta: 68.4m
step 05074/05568 (91.13%) | loss: 2.347734 | lrm: 0.18 | dt: 8289.27ms | tok/sec: 126,498 | bf16_mfu: 5.07 | epoch: 1 pq: 118 rg: 57 | total time: 699.93m | eta: 68.3m
step 05075/05568 (91.15%) | loss: 2.336922 | lrm: 0.18 | dt: 8295.42ms | tok/sec: 126,404 | bf16_mfu: 5.07 | epoch: 1 pq: 118 rg: 59 | total time: 700.07m | eta: 68.1m
step 05076/05568 (91.16%) | loss: 2.327970 | lrm: 0.18 | dt: 8298.69ms | tok/sec: 126,354 | bf16_mfu: 5.06 | epoch: 1 pq: 118 rg: 61 | total time: 700.21m | eta: 68.0m
step 05077/05568 (91.18%) | loss: 2.327569 | lrm: 0.18 | dt: 8291.89ms | tok/sec: 126,458 | bf16_mfu: 5.07 | epoch: 1 pq: 118 rg: 62 | total time: 700.35m | eta: 67.9m
step 05078/05568 (91.20%) | loss: 2.329813 | lrm: 0.18 | dt: 8300.21ms | tok/sec: 126,331 | bf16_mfu: 5.06 | epoch: 1 pq: 118 rg: 64 | total time: 700.49m | eta: 67.7m
step 05079/05568 (91.22%) | loss: 2.343731 | lrm: 0.18 | dt: 8290.47ms | tok/sec: 126,479 | bf16_mfu: 5.07 | epoch: 1 pq: 118 rg: 66 | total time: 700.63m | eta: 67.6m
step 05080/05568 (91.24%) | loss: 2.326632 | lrm: 0.18 | dt: 8290.94ms | tok/sec: 126,472 | bf16_mfu: 5.07 | epoch: 1 pq: 118 rg: 68 | total time: 700.76m | eta: 67.5m
step 05081/05568 (91.25%) | loss: 2.334558 | lrm: 0.18 | dt: 8287.03ms | tok/sec: 126,532 | bf16_mfu: 5.07 | epoch: 1 pq: 118 rg: 70 | total time: 700.90m | eta: 67.3m
step 05082/05568 (91.27%) | loss: 2.350332 | lrm: 0.18 | dt: 8287.98ms | tok/sec: 126,517 | bf16_mfu: 5.07 | epoch: 1 pq: 118 rg: 72 | total time: 701.04m | eta: 67.2m
step 05083/05568 (91.29%) | loss: 2.335263 | lrm: 0.18 | dt: 8301.24ms | tok/sec: 126,315 | bf16_mfu: 5.06 | epoch: 1 pq: 118 rg: 74 | total time: 701.18m | eta: 67.0m
step 05084/05568 (91.31%) | loss: 2.346005 | lrm: 0.18 | dt: 8295.21ms | tok/sec: 126,407 | bf16_mfu: 5.07 | epoch: 1 pq: 118 rg: 76 | total time: 701.32m | eta: 66.9m
step 05085/05568 (91.33%) | loss: 2.351503 | lrm: 0.18 | dt: 8305.69ms | tok/sec: 126,247 | bf16_mfu: 5.06 | epoch: 1 pq: 118 rg: 78 | total time: 701.46m | eta: 66.8m
step 05086/05568 (91.34%) | loss: 2.342169 | lrm: 0.18 | dt: 8298.98ms | tok/sec: 126,349 | bf16_mfu: 5.06 | epoch: 1 pq: 118 rg: 80 | total time: 701.59m | eta: 66.6m
step 05087/05568 (91.36%) | loss: 2.328269 | lrm: 0.18 | dt: 8293.18ms | tok/sec: 126,438 | bf16_mfu: 5.07 | epoch: 1 pq: 118 rg: 82 | total time: 701.73m | eta: 66.5m
step 05088/05568 (91.38%) | loss: 2.336327 | lrm: 0.18 | dt: 8289.01ms | tok/sec: 126,501 | bf16_mfu: 5.07 | epoch: 1 pq: 119 rg: 1 | total time: 701.87m | eta: 66.3m
step 05089/05568 (91.40%) | loss: 2.338989 | lrm: 0.18 | dt: 8288.40ms | tok/sec: 126,511 | bf16_mfu: 5.07 | epoch: 1 pq: 119 rg: 3 | total time: 702.01m | eta: 66.2m
step 05090/05568 (91.42%) | loss: 2.332074 | lrm: 0.18 | dt: 8294.20ms | tok/sec: 126,422 | bf16_mfu: 5.07 | epoch: 1 pq: 119 rg: 5 | total time: 702.15m | eta: 66.1m
step 05091/05568 (91.43%) | loss: 2.343043 | lrm: 0.18 | dt: 8292.43ms | tok/sec: 126,449 | bf16_mfu: 5.07 | epoch: 1 pq: 119 rg: 7 | total time: 702.28m | eta: 65.9m
step 05092/05568 (91.45%) | loss: 2.333718 | lrm: 0.17 | dt: 8292.98ms | tok/sec: 126,441 | bf16_mfu: 5.07 | epoch: 1 pq: 119 rg: 9 | total time: 702.42m | eta: 65.8m
step 05093/05568 (91.47%) | loss: 2.336932 | lrm: 0.17 | dt: 8299.48ms | tok/sec: 126,342 | bf16_mfu: 5.06 | epoch: 1 pq: 119 rg: 11 | total time: 702.56m | eta: 65.7m
step 05094/05568 (91.49%) | loss: 2.341563 | lrm: 0.17 | dt: 8291.37ms | tok/sec: 126,465 | bf16_mfu: 5.07 | epoch: 1 pq: 119 rg: 13 | total time: 702.70m | eta: 65.5m
step 05095/05568 (91.51%) | loss: 2.339167 | lrm: 0.17 | dt: 8291.93ms | tok/sec: 126,457 | bf16_mfu: 5.07 | epoch: 1 pq: 119 rg: 14 | total time: 702.84m | eta: 65.4m
step 05096/05568 (91.52%) | loss: 2.321254 | lrm: 0.17 | dt: 8292.42ms | tok/sec: 126,449 | bf16_mfu: 5.07 | epoch: 1 pq: 119 rg: 16 | total time: 702.98m | eta: 65.2m
step 05097/05568 (91.54%) | loss: 2.334809 | lrm: 0.17 | dt: 8292.79ms | tok/sec: 126,444 | bf16_mfu: 5.07 | epoch: 1 pq: 119 rg: 18 | total time: 703.11m | eta: 65.1m
step 05098/05568 (91.56%) | loss: 2.328521 | lrm: 0.17 | dt: 8303.04ms | tok/sec: 126,288 | bf16_mfu: 5.06 | epoch: 1 pq: 119 rg: 20 | total time: 703.25m | eta: 65.0m
step 05099/05568 (91.58%) | loss: 2.339112 | lrm: 0.17 | dt: 8287.79ms | tok/sec: 126,520 | bf16_mfu: 5.07 | epoch: 1 pq: 119 rg: 22 | total time: 703.39m | eta: 64.8m
step 05100/05568 (91.59%) | loss: 2.344186 | lrm: 0.17 | dt: 8292.49ms | tok/sec: 126,448 | bf16_mfu: 5.07 | epoch: 1 pq: 119 rg: 24 | total time: 703.53m | eta: 64.7m
step 05101/05568 (91.61%) | loss: 2.343972 | lrm: 0.17 | dt: 8290.73ms | tok/sec: 126,475 | bf16_mfu: 5.07 | epoch: 1 pq: 119 rg: 26 | total time: 703.67m | eta: 64.5m
step 05102/05568 (91.63%) | loss: 2.346853 | lrm: 0.17 | dt: 8295.19ms | tok/sec: 126,407 | bf16_mfu: 5.07 | epoch: 1 pq: 119 rg: 28 | total time: 703.81m | eta: 64.4m
step 05103/05568 (91.65%) | loss: 2.351989 | lrm: 0.17 | dt: 8295.58ms | tok/sec: 126,401 | bf16_mfu: 5.07 | epoch: 1 pq: 119 rg: 30 | total time: 703.94m | eta: 64.3m
step 05104/05568 (91.67%) | loss: 2.345835 | lrm: 0.17 | dt: 8292.84ms | tok/sec: 126,443 | bf16_mfu: 5.07 | epoch: 1 pq: 119 rg: 32 | total time: 704.08m | eta: 64.1m
step 05105/05568 (91.68%) | loss: 2.347750 | lrm: 0.17 | dt: 8284.87ms | tok/sec: 126,565 | bf16_mfu: 5.07 | epoch: 1 pq: 119 rg: 34 | total time: 704.22m | eta: 64.0m
step 05106/05568 (91.70%) | loss: 2.351029 | lrm: 0.17 | dt: 8302.82ms | tok/sec: 126,291 | bf16_mfu: 5.06 | epoch: 1 pq: 119 rg: 36 | total time: 704.36m | eta: 63.9m
step 05107/05568 (91.72%) | loss: 2.349705 | lrm: 0.17 | dt: 8292.26ms | tok/sec: 126,452 | bf16_mfu: 5.07 | epoch: 1 pq: 119 rg: 38 | total time: 704.50m | eta: 63.7m
step 05108/05568 (91.74%) | loss: 2.347419 | lrm: 0.17 | dt: 8285.15ms | tok/sec: 126,560 | bf16_mfu: 5.07 | epoch: 1 pq: 119 rg: 40 | total time: 704.63m | eta: 63.6m
step 05109/05568 (91.76%) | loss: 2.328952 | lrm: 0.17 | dt: 8287.43ms | tok/sec: 126,526 | bf16_mfu: 5.07 | epoch: 1 pq: 119 rg: 41 | total time: 704.77m | eta: 63.4m
step 05110/05568 (91.77%) | loss: 2.344880 | lrm: 0.17 | dt: 8300.57ms | tok/sec: 126,325 | bf16_mfu: 5.06 | epoch: 1 pq: 119 rg: 43 | total time: 704.91m | eta: 63.3m
step 05111/05568 (91.79%) | loss: 2.335245 | lrm: 0.17 | dt: 8284.75ms | tok/sec: 126,567 | bf16_mfu: 5.07 | epoch: 1 pq: 119 rg: 45 | total time: 705.05m | eta: 63.2m
step 05112/05568 (91.81%) | loss: 2.338929 | lrm: 0.17 | dt: 8302.65ms | tok/sec: 126,294 | bf16_mfu: 5.06 | epoch: 1 pq: 119 rg: 47 | total time: 705.19m | eta: 63.0m
step 05113/05568 (91.83%) | loss: 2.346589 | lrm: 0.17 | dt: 8294.96ms | tok/sec: 126,411 | bf16_mfu: 5.07 | epoch: 1 pq: 119 rg: 49 | total time: 705.33m | eta: 62.9m
step 05114/05568 (91.85%) | loss: 2.326433 | lrm: 0.17 | dt: 8291.59ms | tok/sec: 126,462 | bf16_mfu: 5.07 | epoch: 1 pq: 119 rg: 51 | total time: 705.46m | eta: 62.8m
step 05115/05568 (91.86%) | loss: 2.322393 | lrm: 0.17 | dt: 8301.03ms | tok/sec: 126,318 | bf16_mfu: 5.06 | epoch: 1 pq: 119 rg: 53 | total time: 705.60m | eta: 62.6m
step 05116/05568 (91.88%) | loss: 2.325958 | lrm: 0.17 | dt: 8292.70ms | tok/sec: 126,445 | bf16_mfu: 5.07 | epoch: 1 pq: 119 rg: 55 | total time: 705.74m | eta: 62.5m
step 05117/05568 (91.90%) | loss: 2.343898 | lrm: 0.17 | dt: 8296.09ms | tok/sec: 126,394 | bf16_mfu: 5.07 | epoch: 1 pq: 119 rg: 57 | total time: 705.88m | eta: 62.3m
step 05118/05568 (91.92%) | loss: 2.335516 | lrm: 0.17 | dt: 8295.85ms | tok/sec: 126,397 | bf16_mfu: 5.07 | epoch: 1 pq: 119 rg: 59 | total time: 706.02m | eta: 62.2m
step 05119/05568 (91.94%) | loss: 2.343336 | lrm: 0.17 | dt: 8304.70ms | tok/sec: 126,262 | bf16_mfu: 5.06 | epoch: 1 pq: 119 rg: 61 | total time: 706.16m | eta: 62.1m
step 05120/05568 (91.95%) | loss: 2.343160 | lrm: 0.17 | dt: 8295.10ms | tok/sec: 126,409 | bf16_mfu: 5.07 | epoch: 1 pq: 119 rg: 63 | total time: 706.29m | eta: 61.9m
step 05121/05568 (91.97%) | loss: 2.371902 | lrm: 0.17 | dt: 8287.73ms | tok/sec: 126,521 | bf16_mfu: 5.07 | epoch: 1 pq: 119 rg: 65 | total time: 706.43m | eta: 61.8m
step 05122/05568 (91.99%) | loss: 2.379129 | lrm: 0.17 | dt: 8293.81ms | tok/sec: 126,428 | bf16_mfu: 5.07 | epoch: 1 pq: 119 rg: 67 | total time: 706.57m | eta: 61.6m
step 05123/05568 (92.01%) | loss: 2.373981 | lrm: 0.17 | dt: 8296.27ms | tok/sec: 126,391 | bf16_mfu: 5.07 | epoch: 1 pq: 119 rg: 69 | total time: 706.71m | eta: 61.5m
step 05124/05568 (92.03%) | loss: 2.381131 | lrm: 0.17 | dt: 8289.33ms | tok/sec: 126,497 | bf16_mfu: 5.07 | epoch: 1 pq: 119 rg: 71 | total time: 706.85m | eta: 61.4m
step 05125/05568 (92.04%) | loss: 2.384884 | lrm: 0.17 | dt: 8288.88ms | tok/sec: 126,503 | bf16_mfu: 5.07 | epoch: 1 pq: 119 rg: 73 | total time: 706.98m | eta: 61.2m
step 05126/05568 (92.06%) | loss: 2.384768 | lrm: 0.17 | dt: 8293.09ms | tok/sec: 126,439 | bf16_mfu: 5.07 | epoch: 1 pq: 119 rg: 75 | total time: 707.12m | eta: 61.1m
step 05127/05568 (92.08%) | loss: 2.374856 | lrm: 0.17 | dt: 8295.95ms | tok/sec: 126,396 | bf16_mfu: 5.07 | epoch: 1 pq: 119 rg: 77 | total time: 707.26m | eta: 61.0m
step 05128/05568 (92.10%) | loss: 2.379018 | lrm: 0.17 | dt: 8291.16ms | tok/sec: 126,469 | bf16_mfu: 5.07 | epoch: 1 pq: 119 rg: 78 | total time: 707.40m | eta: 60.8m
step 05129/05568 (92.12%) | loss: 2.379597 | lrm: 0.17 | dt: 8293.24ms | tok/sec: 126,437 | bf16_mfu: 5.07 | epoch: 1 pq: 119 rg: 80 | total time: 707.54m | eta: 60.7m
step 05130/05568 (92.13%) | loss: 2.378551 | lrm: 0.16 | dt: 8286.91ms | tok/sec: 126,534 | bf16_mfu: 5.07 | epoch: 1 pq: 119 rg: 82 | total time: 707.68m | eta: 60.5m
step 05131/05568 (92.15%) | loss: 2.371234 | lrm: 0.16 | dt: 8297.83ms | tok/sec: 126,367 | bf16_mfu: 5.06 | epoch: 1 pq: 120 rg: 1 | total time: 707.81m | eta: 60.4m
step 05132/05568 (92.17%) | loss: 2.380250 | lrm: 0.16 | dt: 8284.29ms | tok/sec: 126,573 | bf16_mfu: 5.07 | epoch: 1 pq: 120 rg: 3 | total time: 707.95m | eta: 60.3m
step 05133/05568 (92.19%) | loss: 2.383163 | lrm: 0.16 | dt: 8301.91ms | tok/sec: 126,305 | bf16_mfu: 5.06 | epoch: 1 pq: 120 rg: 5 | total time: 708.09m | eta: 60.1m
step 05134/05568 (92.21%) | loss: 2.384827 | lrm: 0.16 | dt: 8295.25ms | tok/sec: 126,406 | bf16_mfu: 5.07 | epoch: 1 pq: 120 rg: 7 | total time: 708.23m | eta: 60.0m
step 05135/05568 (92.22%) | loss: 2.371978 | lrm: 0.16 | dt: 8299.32ms | tok/sec: 126,344 | bf16_mfu: 5.06 | epoch: 1 pq: 120 rg: 9 | total time: 708.37m | eta: 59.8m
step 05136/05568 (92.24%) | loss: 2.344046 | lrm: 0.16 | dt: 8306.76ms | tok/sec: 126,231 | bf16_mfu: 5.06 | epoch: 1 pq: 120 rg: 11 | total time: 708.51m | eta: 59.7m
step 05137/05568 (92.26%) | loss: 2.344483 | lrm: 0.16 | dt: 8286.62ms | tok/sec: 126,538 | bf16_mfu: 5.07 | epoch: 1 pq: 120 rg: 13 | total time: 708.64m | eta: 59.6m
step 05138/05568 (92.28%) | loss: 2.343102 | lrm: 0.16 | dt: 8293.94ms | tok/sec: 126,426 | bf16_mfu: 5.07 | epoch: 1 pq: 120 rg: 15 | total time: 708.78m | eta: 59.4m
step 05139/05568 (92.30%) | loss: 2.340136 | lrm: 0.16 | dt: 8295.67ms | tok/sec: 126,400 | bf16_mfu: 5.07 | epoch: 1 pq: 120 rg: 17 | total time: 708.92m | eta: 59.3m
step 05140/05568 (92.31%) | loss: 2.325398 | lrm: 0.16 | dt: 8293.89ms | tok/sec: 126,427 | bf16_mfu: 5.07 | epoch: 1 pq: 120 rg: 19 | total time: 709.06m | eta: 59.2m
step 05141/05568 (92.33%) | loss: 2.322716 | lrm: 0.16 | dt: 8297.83ms | tok/sec: 126,367 | bf16_mfu: 5.06 | epoch: 1 pq: 120 rg: 21 | total time: 709.20m | eta: 59.0m
step 05142/05568 (92.35%) | loss: 2.319812 | lrm: 0.16 | dt: 8303.06ms | tok/sec: 126,287 | bf16_mfu: 5.06 | epoch: 1 pq: 120 rg: 23 | total time: 709.33m | eta: 58.9m
step 05143/05568 (92.37%) | loss: 2.335725 | lrm: 0.16 | dt: 8290.59ms | tok/sec: 126,477 | bf16_mfu: 5.07 | epoch: 1 pq: 120 rg: 25 | total time: 709.47m | eta: 58.7m
step 05144/05568 (92.39%) | loss: 2.348418 | lrm: 0.16 | dt: 8297.55ms | tok/sec: 126,371 | bf16_mfu: 5.06 | epoch: 1 pq: 120 rg: 26 | total time: 709.61m | eta: 58.6m
step 05145/05568 (92.40%) | loss: 2.370623 | lrm: 0.16 | dt: 8297.35ms | tok/sec: 126,374 | bf16_mfu: 5.06 | epoch: 1 pq: 120 rg: 28 | total time: 709.75m | eta: 58.5m
step 05146/05568 (92.42%) | loss: 2.349060 | lrm: 0.16 | dt: 8297.40ms | tok/sec: 126,373 | bf16_mfu: 5.06 | epoch: 1 pq: 120 rg: 30 | total time: 709.89m | eta: 58.3m
step 05147/05568 (92.44%) | loss: 2.345855 | lrm: 0.16 | dt: 8286.25ms | tok/sec: 126,544 | bf16_mfu: 5.07 | epoch: 1 pq: 120 rg: 32 | total time: 710.03m | eta: 58.2m
step 05148/05568 (92.46%) | loss: 2.338385 | lrm: 0.16 | dt: 8288.72ms | tok/sec: 126,506 | bf16_mfu: 5.07 | epoch: 1 pq: 120 rg: 34 | total time: 710.16m | eta: 58.1m
step 05149/05568 (92.47%) | loss: 2.339101 | lrm: 0.16 | dt: 8299.58ms | tok/sec: 126,340 | bf16_mfu: 5.06 | epoch: 1 pq: 120 rg: 36 | total time: 710.30m | eta: 57.9m
step 05150/05568 (92.49%) | loss: 2.330464 | lrm: 0.16 | dt: 8290.83ms | tok/sec: 126,474 | bf16_mfu: 5.07 | epoch: 1 pq: 120 rg: 38 | total time: 710.44m | eta: 57.8m
step 05151/05568 (92.51%) | loss: 2.323516 | lrm: 0.16 | dt: 8301.85ms | tok/sec: 126,306 | bf16_mfu: 5.06 | epoch: 1 pq: 120 rg: 40 | total time: 710.58m | eta: 57.6m
step 05152/05568 (92.53%) | loss: 2.321128 | lrm: 0.16 | dt: 8282.76ms | tok/sec: 126,597 | bf16_mfu: 5.07 | epoch: 1 pq: 120 rg: 42 | total time: 710.72m | eta: 57.5m
step 05153/05568 (92.55%) | loss: 2.344952 | lrm: 0.16 | dt: 8291.00ms | tok/sec: 126,471 | bf16_mfu: 5.07 | epoch: 1 pq: 120 rg: 44 | total time: 710.86m | eta: 57.4m
step 05154/05568 (92.56%) | loss: 2.351655 | lrm: 0.16 | dt: 8291.87ms | tok/sec: 126,458 | bf16_mfu: 5.07 | epoch: 1 pq: 120 rg: 46 | total time: 710.99m | eta: 57.2m
step 05155/05568 (92.58%) | loss: 2.352143 | lrm: 0.16 | dt: 8290.56ms | tok/sec: 126,478 | bf16_mfu: 5.07 | epoch: 1 pq: 120 rg: 48 | total time: 711.13m | eta: 57.1m
step 05156/05568 (92.60%) | loss: 2.362073 | lrm: 0.16 | dt: 8309.83ms | tok/sec: 126,184 | bf16_mfu: 5.06 | epoch: 1 pq: 120 rg: 50 | total time: 711.27m | eta: 56.9m
step 05157/05568 (92.62%) | loss: 2.354344 | lrm: 0.16 | dt: 8295.87ms | tok/sec: 126,397 | bf16_mfu: 5.07 | epoch: 1 pq: 120 rg: 52 | total time: 711.41m | eta: 56.8m
step 05158/05568 (92.64%) | loss: 2.358652 | lrm: 0.16 | dt: 8285.13ms | tok/sec: 126,561 | bf16_mfu: 5.07 | epoch: 1 pq: 120 rg: 53 | total time: 711.55m | eta: 56.7m
step 05159/05568 (92.65%) | loss: 2.361707 | lrm: 0.16 | dt: 8294.33ms | tok/sec: 126,420 | bf16_mfu: 5.07 | epoch: 1 pq: 120 rg: 55 | total time: 711.68m | eta: 56.5m
step 05160/05568 (92.67%) | loss: 2.381033 | lrm: 0.16 | dt: 8286.46ms | tok/sec: 126,540 | bf16_mfu: 5.07 | epoch: 1 pq: 120 rg: 57 | total time: 711.82m | eta: 56.4m
step 05161/05568 (92.69%) | loss: 2.373919 | lrm: 0.16 | dt: 8295.39ms | tok/sec: 126,404 | bf16_mfu: 5.07 | epoch: 1 pq: 120 rg: 59 | total time: 711.96m | eta: 56.3m
step 05162/05568 (92.71%) | loss: 2.376523 | lrm: 0.16 | dt: 8296.23ms | tok/sec: 126,391 | bf16_mfu: 5.07 | epoch: 1 pq: 120 rg: 61 | total time: 712.10m | eta: 56.1m
step 05163/05568 (92.73%) | loss: 2.387037 | lrm: 0.16 | dt: 8303.13ms | tok/sec: 126,286 | bf16_mfu: 5.06 | epoch: 1 pq: 120 rg: 63 | total time: 712.24m | eta: 56.0m
step 05164/05568 (92.74%) | loss: 2.376147 | lrm: 0.16 | dt: 8290.88ms | tok/sec: 126,473 | bf16_mfu: 5.07 | epoch: 1 pq: 120 rg: 65 | total time: 712.38m | eta: 55.8m
step 05165/05568 (92.76%) | loss: 2.385166 | lrm: 0.16 | dt: 8287.79ms | tok/sec: 126,520 | bf16_mfu: 5.07 | epoch: 1 pq: 120 rg: 67 | total time: 712.51m | eta: 55.7m
step 05166/05568 (92.78%) | loss: 2.393414 | lrm: 0.16 | dt: 8295.50ms | tok/sec: 126,403 | bf16_mfu: 5.07 | epoch: 1 pq: 120 rg: 69 | total time: 712.65m | eta: 55.6m
step 05167/05568 (92.80%) | loss: 2.389489 | lrm: 0.16 | dt: 8297.82ms | tok/sec: 126,367 | bf16_mfu: 5.06 | epoch: 1 pq: 120 rg: 71 | total time: 712.79m | eta: 55.4m
step 05168/05568 (92.82%) | loss: 2.377442 | lrm: 0.16 | dt: 8297.68ms | tok/sec: 126,369 | bf16_mfu: 5.06 | epoch: 1 pq: 120 rg: 73 | total time: 712.93m | eta: 55.3m
step 05169/05568 (92.83%) | loss: 2.373206 | lrm: 0.15 | dt: 8287.27ms | tok/sec: 126,528 | bf16_mfu: 5.07 | epoch: 1 pq: 120 rg: 75 | total time: 713.07m | eta: 55.1m
step 05170/05568 (92.85%) | loss: 2.370497 | lrm: 0.15 | dt: 8295.60ms | tok/sec: 126,401 | bf16_mfu: 5.07 | epoch: 1 pq: 120 rg: 77 | total time: 713.21m | eta: 55.0m
step 05171/05568 (92.87%) | loss: 2.355483 | lrm: 0.15 | dt: 8295.63ms | tok/sec: 126,401 | bf16_mfu: 5.07 | epoch: 1 pq: 120 rg: 79 | total time: 713.34m | eta: 54.9m
step 05172/05568 (92.89%) | loss: 2.348988 | lrm: 0.15 | dt: 8287.47ms | tok/sec: 126,525 | bf16_mfu: 5.07 | epoch: 1 pq: 120 rg: 81 | total time: 713.48m | eta: 54.7m
step 05173/05568 (92.91%) | loss: 2.361834 | lrm: 0.15 | dt: 8290.66ms | tok/sec: 126,476 | bf16_mfu: 5.07 | epoch: 1 pq: 121 rg: 0 | total time: 713.62m | eta: 54.6m
step 05174/05568 (92.92%) | loss: 2.355580 | lrm: 0.15 | dt: 8302.56ms | tok/sec: 126,295 | bf16_mfu: 5.06 | epoch: 1 pq: 121 rg: 2 | total time: 713.76m | eta: 54.5m
step 05175/05568 (92.94%) | loss: 2.351929 | lrm: 0.15 | dt: 8303.81ms | tok/sec: 126,276 | bf16_mfu: 5.06 | epoch: 1 pq: 121 rg: 4 | total time: 713.90m | eta: 54.3m
step 05176/05568 (92.96%) | loss: 2.350481 | lrm: 0.15 | dt: 8286.15ms | tok/sec: 126,545 | bf16_mfu: 5.07 | epoch: 1 pq: 121 rg: 6 | total time: 714.03m | eta: 54.2m
step 05177/05568 (92.98%) | loss: 2.358912 | lrm: 0.15 | dt: 8307.41ms | tok/sec: 126,221 | bf16_mfu: 5.06 | epoch: 1 pq: 121 rg: 8 | total time: 714.17m | eta: 54.0m
step 05178/05568 (93.00%) | loss: 2.347000 | lrm: 0.15 | dt: 8286.14ms | tok/sec: 126,545 | bf16_mfu: 5.07 | epoch: 1 pq: 121 rg: 9 | total time: 714.31m | eta: 53.9m
step 05179/05568 (93.01%) | loss: 2.349244 | lrm: 0.15 | dt: 8289.11ms | tok/sec: 126,500 | bf16_mfu: 5.07 | epoch: 1 pq: 121 rg: 11 | total time: 714.45m | eta: 53.8m
step 05180/05568 (93.03%) | loss: 2.342865 | lrm: 0.15 | dt: 8285.37ms | tok/sec: 126,557 | bf16_mfu: 5.07 | epoch: 1 pq: 121 rg: 13 | total time: 714.59m | eta: 53.6m
step 05181/05568 (93.05%) | loss: 2.347745 | lrm: 0.15 | dt: 8292.58ms | tok/sec: 126,447 | bf16_mfu: 5.07 | epoch: 1 pq: 121 rg: 15 | total time: 714.73m | eta: 53.5m
step 05182/05568 (93.07%) | loss: 2.346882 | lrm: 0.15 | dt: 8307.11ms | tok/sec: 126,226 | bf16_mfu: 5.06 | epoch: 1 pq: 121 rg: 17 | total time: 714.86m | eta: 53.4m
step 05183/05568 (93.09%) | loss: 2.369648 | lrm: 0.15 | dt: 8291.87ms | tok/sec: 126,458 | bf16_mfu: 5.07 | epoch: 1 pq: 121 rg: 19 | total time: 715.00m | eta: 53.2m
step 05184/05568 (93.10%) | loss: 2.375940 | lrm: 0.15 | dt: 8301.41ms | tok/sec: 126,312 | bf16_mfu: 5.06 | epoch: 1 pq: 121 rg: 21 | total time: 715.14m | eta: 53.1m
step 05185/05568 (93.12%) | loss: 2.369913 | lrm: 0.15 | dt: 8297.89ms | tok/sec: 126,366 | bf16_mfu: 5.06 | epoch: 1 pq: 121 rg: 23 | total time: 715.28m | eta: 52.9m
step 05186/05568 (93.14%) | loss: 2.379913 | lrm: 0.15 | dt: 8295.77ms | tok/sec: 126,398 | bf16_mfu: 5.07 | epoch: 1 pq: 121 rg: 25 | total time: 715.42m | eta: 52.8m
step 05187/05568 (93.16%) | loss: 2.391423 | lrm: 0.15 | dt: 8297.64ms | tok/sec: 126,370 | bf16_mfu: 5.06 | epoch: 1 pq: 121 rg: 27 | total time: 715.56m | eta: 52.7m
step 05188/05568 (93.18%) | loss: 2.380815 | lrm: 0.15 | dt: 8290.54ms | tok/sec: 126,478 | bf16_mfu: 5.07 | epoch: 1 pq: 121 rg: 29 | total time: 715.69m | eta: 52.5m
step 05189/05568 (93.19%) | loss: 2.391957 | lrm: 0.15 | dt: 8298.14ms | tok/sec: 126,362 | bf16_mfu: 5.06 | epoch: 1 pq: 121 rg: 31 | total time: 715.83m | eta: 52.4m
step 05190/05568 (93.21%) | loss: 2.395101 | lrm: 0.15 | dt: 8293.66ms | tok/sec: 126,430 | bf16_mfu: 5.07 | epoch: 1 pq: 121 rg: 33 | total time: 715.97m | eta: 52.2m
step 05191/05568 (93.23%) | loss: 2.400714 | lrm: 0.15 | dt: 8287.24ms | tok/sec: 126,528 | bf16_mfu: 5.07 | epoch: 1 pq: 121 rg: 35 | total time: 716.11m | eta: 52.1m
step 05192/05568 (93.25%) | loss: 2.386719 | lrm: 0.15 | dt: 8296.57ms | tok/sec: 126,386 | bf16_mfu: 5.07 | epoch: 1 pq: 121 rg: 37 | total time: 716.25m | eta: 52.0m
step 05193/05568 (93.27%) | loss: 2.387947 | lrm: 0.15 | dt: 8301.96ms | tok/sec: 126,304 | bf16_mfu: 5.06 | epoch: 1 pq: 121 rg: 38 | total time: 716.39m | eta: 51.8m
step 05194/05568 (93.28%) | loss: 2.386331 | lrm: 0.15 | dt: 8295.68ms | tok/sec: 126,400 | bf16_mfu: 5.07 | epoch: 1 pq: 121 rg: 40 | total time: 716.52m | eta: 51.7m
step 05195/05568 (93.30%) | loss: 2.388225 | lrm: 0.15 | dt: 8294.87ms | tok/sec: 126,412 | bf16_mfu: 5.07 | epoch: 1 pq: 121 rg: 42 | total time: 716.66m | eta: 51.6m
step 05196/05568 (93.32%) | loss: 2.390457 | lrm: 0.15 | dt: 8303.01ms | tok/sec: 126,288 | bf16_mfu: 5.06 | epoch: 1 pq: 121 rg: 44 | total time: 716.80m | eta: 51.4m
step 05197/05568 (93.34%) | loss: 2.396397 | lrm: 0.15 | dt: 8295.14ms | tok/sec: 126,408 | bf16_mfu: 5.07 | epoch: 1 pq: 121 rg: 46 | total time: 716.94m | eta: 51.3m
step 05198/05568 (93.35%) | loss: 2.406836 | lrm: 0.15 | dt: 8292.94ms | tok/sec: 126,441 | bf16_mfu: 5.07 | epoch: 1 pq: 121 rg: 48 | total time: 717.08m | eta: 51.1m
step 05199/05568 (93.37%) | loss: 2.388733 | lrm: 0.15 | dt: 8284.31ms | tok/sec: 126,573 | bf16_mfu: 5.07 | epoch: 1 pq: 121 rg: 50 | total time: 717.21m | eta: 51.0m
step 05200/05568 (93.39%) | loss: 2.393765 | lrm: 0.15 | dt: 8293.64ms | tok/sec: 126,431 | bf16_mfu: 5.07 | epoch: 1 pq: 121 rg: 52 | total time: 717.35m | eta: 50.9m
step 05201/05568 (93.41%) | loss: 2.400375 | lrm: 0.15 | dt: 8292.95ms | tok/sec: 126,441 | bf16_mfu: 5.07 | epoch: 1 pq: 121 rg: 54 | total time: 717.49m | eta: 50.7m
step 05202/05568 (93.43%) | loss: 2.408864 | lrm: 0.15 | dt: 8290.34ms | tok/sec: 126,481 | bf16_mfu: 5.07 | epoch: 1 pq: 121 rg: 56 | total time: 717.63m | eta: 50.6m
step 05203/05568 (93.44%) | loss: 2.396367 | lrm: 0.15 | dt: 8302.43ms | tok/sec: 126,297 | bf16_mfu: 5.06 | epoch: 1 pq: 121 rg: 58 | total time: 717.77m | eta: 50.4m
step 05204/05568 (93.46%) | loss: 2.400308 | lrm: 0.15 | dt: 8294.93ms | tok/sec: 126,411 | bf16_mfu: 5.07 | epoch: 1 pq: 121 rg: 59 | total time: 717.91m | eta: 50.3m
step 05205/05568 (93.48%) | loss: 2.408201 | lrm: 0.15 | dt: 8291.82ms | tok/sec: 126,459 | bf16_mfu: 5.07 | epoch: 1 pq: 121 rg: 61 | total time: 718.04m | eta: 50.2m
step 05206/05568 (93.50%) | loss: 2.402711 | lrm: 0.15 | dt: 8293.03ms | tok/sec: 126,440 | bf16_mfu: 5.07 | epoch: 1 pq: 121 rg: 63 | total time: 718.18m | eta: 50.0m
step 05207/05568 (93.52%) | loss: 2.401382 | lrm: 0.14 | dt: 8289.51ms | tok/sec: 126,494 | bf16_mfu: 5.07 | epoch: 1 pq: 121 rg: 65 | total time: 718.32m | eta: 49.9m
step 05208/05568 (93.53%) | loss: 2.372021 | lrm: 0.14 | dt: 8290.77ms | tok/sec: 126,475 | bf16_mfu: 5.07 | epoch: 1 pq: 121 rg: 67 | total time: 718.46m | eta: 49.8m
step 05209/05568 (93.55%) | loss: 2.356985 | lrm: 0.14 | dt: 8294.97ms | tok/sec: 126,411 | bf16_mfu: 5.07 | epoch: 1 pq: 121 rg: 69 | total time: 718.60m | eta: 49.6m
step 05210/05568 (93.57%) | loss: 2.337380 | lrm: 0.14 | dt: 8291.64ms | tok/sec: 126,461 | bf16_mfu: 5.07 | epoch: 1 pq: 121 rg: 71 | total time: 718.73m | eta: 49.5m
step 05211/05568 (93.59%) | loss: 2.363934 | lrm: 0.14 | dt: 8293.88ms | tok/sec: 126,427 | bf16_mfu: 5.07 | epoch: 1 pq: 121 rg: 73 | total time: 718.87m | eta: 49.3m
step 05212/05568 (93.61%) | loss: 2.379718 | lrm: 0.14 | dt: 8288.39ms | tok/sec: 126,511 | bf16_mfu: 5.07 | epoch: 1 pq: 121 rg: 75 | total time: 719.01m | eta: 49.2m
step 05213/05568 (93.62%) | loss: 2.378653 | lrm: 0.14 | dt: 8306.54ms | tok/sec: 126,235 | bf16_mfu: 5.06 | epoch: 1 pq: 121 rg: 77 | total time: 719.15m | eta: 49.1m
step 05214/05568 (93.64%) | loss: 2.378819 | lrm: 0.14 | dt: 8284.82ms | tok/sec: 126,565 | bf16_mfu: 5.07 | epoch: 1 pq: 121 rg: 79 | total time: 719.29m | eta: 48.9m
step 05215/05568 (93.66%) | loss: 2.380300 | lrm: 0.14 | dt: 8291.13ms | tok/sec: 126,469 | bf16_mfu: 5.07 | epoch: 1 pq: 121 rg: 81 | total time: 719.43m | eta: 48.8m
step 05216/05568 (93.68%) | loss: 2.376464 | lrm: 0.14 | dt: 8279.18ms | tok/sec: 126,652 | bf16_mfu: 5.08 | epoch: 1 pq: 122 rg: 1 | total time: 719.56m | eta: 48.7m
step 05217/05568 (93.70%) | loss: 2.387394 | lrm: 0.14 | dt: 8286.04ms | tok/sec: 126,547 | bf16_mfu: 5.07 | epoch: 1 pq: 122 rg: 3 | total time: 719.70m | eta: 48.5m
step 05218/05568 (93.71%) | loss: 2.402349 | lrm: 0.14 | dt: 8297.61ms | tok/sec: 126,370 | bf16_mfu: 5.06 | epoch: 1 pq: 122 rg: 4 | total time: 719.84m | eta: 48.4m
step 05219/05568 (93.73%) | loss: 2.411709 | lrm: 0.14 | dt: 8292.91ms | tok/sec: 126,442 | bf16_mfu: 5.07 | epoch: 1 pq: 122 rg: 6 | total time: 719.98m | eta: 48.2m
step 05220/05568 (93.75%) | loss: 2.408346 | lrm: 0.14 | dt: 8291.73ms | tok/sec: 126,460 | bf16_mfu: 5.07 | epoch: 1 pq: 122 rg: 8 | total time: 720.12m | eta: 48.1m
step 05221/05568 (93.77%) | loss: 2.401844 | lrm: 0.14 | dt: 8298.24ms | tok/sec: 126,361 | bf16_mfu: 5.06 | epoch: 1 pq: 122 rg: 10 | total time: 720.26m | eta: 48.0m
step 05222/05568 (93.79%) | loss: 2.410661 | lrm: 0.14 | dt: 8289.64ms | tok/sec: 126,492 | bf16_mfu: 5.07 | epoch: 1 pq: 122 rg: 12 | total time: 720.39m | eta: 47.8m
step 05223/05568 (93.80%) | loss: 2.412926 | lrm: 0.14 | dt: 8288.96ms | tok/sec: 126,502 | bf16_mfu: 5.07 | epoch: 1 pq: 122 rg: 14 | total time: 720.53m | eta: 47.7m
step 05224/05568 (93.82%) | loss: 2.402026 | lrm: 0.14 | dt: 8289.62ms | tok/sec: 126,492 | bf16_mfu: 5.07 | epoch: 1 pq: 122 rg: 16 | total time: 720.67m | eta: 47.5m
step 05225/05568 (93.84%) | loss: 2.380853 | lrm: 0.14 | dt: 8283.50ms | tok/sec: 126,586 | bf16_mfu: 5.07 | epoch: 1 pq: 122 rg: 18 | total time: 720.81m | eta: 47.4m
step 05226/05568 (93.86%) | loss: 2.381197 | lrm: 0.14 | dt: 8284.54ms | tok/sec: 126,570 | bf16_mfu: 5.07 | epoch: 1 pq: 122 rg: 20 | total time: 720.95m | eta: 47.3m
step 05227/05568 (93.88%) | loss: 2.386686 | lrm: 0.14 | dt: 8298.79ms | tok/sec: 126,352 | bf16_mfu: 5.06 | epoch: 1 pq: 122 rg: 22 | total time: 721.08m | eta: 47.1m
step 05228/05568 (93.89%) | loss: 2.377244 | lrm: 0.14 | dt: 8298.03ms | tok/sec: 126,364 | bf16_mfu: 5.06 | epoch: 1 pq: 122 rg: 24 | total time: 721.22m | eta: 47.0m
step 05229/05568 (93.91%) | loss: 2.378931 | lrm: 0.14 | dt: 8283.17ms | tok/sec: 126,591 | bf16_mfu: 5.07 | epoch: 1 pq: 122 rg: 26 | total time: 721.36m | eta: 46.9m
step 05230/05568 (93.93%) | loss: 2.399389 | lrm: 0.14 | dt: 8294.68ms | tok/sec: 126,415 | bf16_mfu: 5.07 | epoch: 1 pq: 122 rg: 28 | total time: 721.50m | eta: 46.7m
step 05231/05568 (93.95%) | loss: 2.390815 | lrm: 0.14 | dt: 8279.35ms | tok/sec: 126,649 | bf16_mfu: 5.08 | epoch: 1 pq: 122 rg: 30 | total time: 721.64m | eta: 46.6m
step 05232/05568 (93.97%) | loss: 2.397899 | lrm: 0.14 | dt: 8293.89ms | tok/sec: 126,427 | bf16_mfu: 5.07 | epoch: 1 pq: 122 rg: 32 | total time: 721.77m | eta: 46.4m
step 05233/05568 (93.98%) | loss: 2.400810 | lrm: 0.14 | dt: 8302.08ms | tok/sec: 126,302 | bf16_mfu: 5.06 | epoch: 1 pq: 122 rg: 33 | total time: 721.91m | eta: 46.3m
step 05234/05568 (94.00%) | loss: 2.388981 | lrm: 0.14 | dt: 8301.82ms | tok/sec: 126,306 | bf16_mfu: 5.06 | epoch: 1 pq: 122 rg: 35 | total time: 722.05m | eta: 46.2m
step 05235/05568 (94.02%) | loss: 2.394281 | lrm: 0.14 | dt: 8301.21ms | tok/sec: 126,316 | bf16_mfu: 5.06 | epoch: 1 pq: 122 rg: 37 | total time: 722.19m | eta: 46.0m
step 05236/05568 (94.04%) | loss: 2.399742 | lrm: 0.14 | dt: 8293.52ms | tok/sec: 126,433 | bf16_mfu: 5.07 | epoch: 1 pq: 122 rg: 39 | total time: 722.33m | eta: 45.9m
step 05237/05568 (94.06%) | loss: 2.406187 | lrm: 0.14 | dt: 8292.24ms | tok/sec: 126,452 | bf16_mfu: 5.07 | epoch: 1 pq: 122 rg: 41 | total time: 722.47m | eta: 45.8m
step 05238/05568 (94.07%) | loss: 2.399699 | lrm: 0.14 | dt: 8301.50ms | tok/sec: 126,311 | bf16_mfu: 5.06 | epoch: 1 pq: 122 rg: 43 | total time: 722.60m | eta: 45.6m
step 05239/05568 (94.09%) | loss: 2.392472 | lrm: 0.14 | dt: 8310.52ms | tok/sec: 126,174 | bf16_mfu: 5.06 | epoch: 1 pq: 122 rg: 45 | total time: 722.74m | eta: 45.5m
step 05240/05568 (94.11%) | loss: 2.382209 | lrm: 0.14 | dt: 8295.67ms | tok/sec: 126,400 | bf16_mfu: 5.07 | epoch: 1 pq: 122 rg: 47 | total time: 722.88m | eta: 45.3m
step 05241/05568 (94.13%) | loss: 2.382771 | lrm: 0.14 | dt: 8289.07ms | tok/sec: 126,501 | bf16_mfu: 5.07 | epoch: 1 pq: 122 rg: 49 | total time: 723.02m | eta: 45.2m
step 05242/05568 (94.15%) | loss: 2.368109 | lrm: 0.14 | dt: 8300.69ms | tok/sec: 126,323 | bf16_mfu: 5.06 | epoch: 1 pq: 122 rg: 51 | total time: 723.16m | eta: 45.1m
step 05243/05568 (94.16%) | loss: 2.385174 | lrm: 0.14 | dt: 8288.92ms | tok/sec: 126,503 | bf16_mfu: 5.07 | epoch: 1 pq: 122 rg: 53 | total time: 723.30m | eta: 44.9m
step 05244/05568 (94.18%) | loss: 2.373588 | lrm: 0.14 | dt: 8301.32ms | tok/sec: 126,314 | bf16_mfu: 5.06 | epoch: 1 pq: 122 rg: 55 | total time: 723.43m | eta: 44.8m
step 05245/05568 (94.20%) | loss: 2.341185 | lrm: 0.13 | dt: 8293.04ms | tok/sec: 126,440 | bf16_mfu: 5.07 | epoch: 1 pq: 122 rg: 57 | total time: 723.57m | eta: 44.6m
step 05246/05568 (94.22%) | loss: 2.340443 | lrm: 0.13 | dt: 8301.90ms | tok/sec: 126,305 | bf16_mfu: 5.06 | epoch: 1 pq: 122 rg: 59 | total time: 723.71m | eta: 44.5m
step 05247/05568 (94.23%) | loss: 2.360191 | lrm: 0.13 | dt: 8290.34ms | tok/sec: 126,481 | bf16_mfu: 5.07 | epoch: 1 pq: 122 rg: 60 | total time: 723.85m | eta: 44.4m
step 05248/05568 (94.25%) | loss: 2.357676 | lrm: 0.13 | dt: 8287.29ms | tok/sec: 126,528 | bf16_mfu: 5.07 | epoch: 1 pq: 122 rg: 62 | total time: 723.99m | eta: 44.2m
step 05249/05568 (94.27%) | loss: 2.363739 | lrm: 0.13 | dt: 8309.22ms | tok/sec: 126,194 | bf16_mfu: 5.06 | epoch: 1 pq: 122 rg: 64 | total time: 724.13m | eta: 44.1m
Step 05250 | Validation bpb: 0.722840
2026-10-08 08:51:13,355 - nanochat.checkpoint_manager - [32m[1mINFO[0m - Saved model parameters to: /home/astarostin/.cache/nanochat/base_checkpoints/d24_1xh100/model_005250.pt
2026-10-08 08:51:13,357 - nanochat.checkpoint_manager - [32m[1mINFO[0m - Saved metadata to: /home/astarostin/.cache/nanochat/base_checkpoints/d24_1xh100/meta_005250.json
2026-10-08 08:51:20,639 - nanochat.checkpoint_manager - [32m[1mINFO[0m - Saved optimizer state to: /home/astarostin/.cache/nanochat/base_checkpoints/d24_1xh100/optim_005250_rank0.pt
step 05250/05568 (94.29%) | loss: 2.349527 | lrm: 0.13 | dt: 8248.07ms | tok/sec: 127,129 | bf16_mfu: 5.10 | epoch: 1 pq: 122 rg: 66 | total time: 724.26m | eta: 44.0m
step 05251/05568 (94.31%) | loss: 2.338074 | lrm: 0.13 | dt: 8271.92ms | tok/sec: 126,763 | bf16_mfu: 5.08 | epoch: 1 pq: 122 rg: 68 | total time: 724.40m | eta: 43.8m
step 05252/05568 (94.32%) | loss: 2.354246 | lrm: 0.13 | dt: 8283.96ms | tok/sec: 126,579 | bf16_mfu: 5.07 | epoch: 1 pq: 122 rg: 70 | total time: 724.54m | eta: 43.7m
step 05253/05568 (94.34%) | loss: 2.353621 | lrm: 0.13 | dt: 8288.16ms | tok/sec: 126,514 | bf16_mfu: 5.07 | epoch: 1 pq: 122 rg: 72 | total time: 724.68m | eta: 43.5m
step 05254/05568 (94.36%) | loss: 2.348089 | lrm: 0.13 | dt: 8275.89ms | tok/sec: 126,702 | bf16_mfu: 5.08 | epoch: 1 pq: 122 rg: 74 | total time: 724.82m | eta: 43.4m
step 05255/05568 (94.38%) | loss: 2.353073 | lrm: 0.13 | dt: 8297.13ms | tok/sec: 126,378 | bf16_mfu: 5.06 | epoch: 1 pq: 122 rg: 76 | total time: 724.95m | eta: 43.3m
step 05256/05568 (94.40%) | loss: 2.356593 | lrm: 0.13 | dt: 8282.50ms | tok/sec: 126,601 | bf16_mfu: 5.07 | epoch: 1 pq: 122 rg: 78 | total time: 725.09m | eta: 43.1m
step 05257/05568 (94.41%) | loss: 2.346652 | lrm: 0.13 | dt: 8287.14ms | tok/sec: 126,530 | bf16_mfu: 5.07 | epoch: 1 pq: 122 rg: 80 | total time: 725.23m | eta: 43.0m
step 05258/05568 (94.43%) | loss: 2.350121 | lrm: 0.13 | dt: 8288.49ms | tok/sec: 126,509 | bf16_mfu: 5.07 | epoch: 1 pq: 123 rg: 0 | total time: 725.37m | eta: 42.8m
step 05259/05568 (94.45%) | loss: 2.350759 | lrm: 0.13 | dt: 8294.57ms | tok/sec: 126,417 | bf16_mfu: 5.07 | epoch: 1 pq: 123 rg: 2 | total time: 725.51m | eta: 42.7m
step 05260/05568 (94.47%) | loss: 2.362093 | lrm: 0.13 | dt: 8284.70ms | tok/sec: 126,567 | bf16_mfu: 5.07 | epoch: 1 pq: 123 rg: 4 | total time: 725.64m | eta: 42.6m
step 05261/05568 (94.49%) | loss: 2.372198 | lrm: 0.13 | dt: 8286.12ms | tok/sec: 126,546 | bf16_mfu: 5.07 | epoch: 1 pq: 123 rg: 6 | total time: 725.78m | eta: 42.4m
step 05262/05568 (94.50%) | loss: 2.366921 | lrm: 0.13 | dt: 8293.29ms | tok/sec: 126,436 | bf16_mfu: 5.07 | epoch: 1 pq: 123 rg: 8 | total time: 725.92m | eta: 42.3m
step 05263/05568 (94.52%) | loss: 2.362833 | lrm: 0.13 | dt: 8293.72ms | tok/sec: 126,430 | bf16_mfu: 5.07 | epoch: 1 pq: 123 rg: 10 | total time: 726.06m | eta: 42.2m
step 05264/05568 (94.54%) | loss: 2.369901 | lrm: 0.13 | dt: 8285.69ms | tok/sec: 126,552 | bf16_mfu: 5.07 | epoch: 1 pq: 123 rg: 12 | total time: 726.20m | eta: 42.0m
step 05265/05568 (94.56%) | loss: 2.357235 | lrm: 0.13 | dt: 8292.22ms | tok/sec: 126,453 | bf16_mfu: 5.07 | epoch: 1 pq: 123 rg: 14 | total time: 726.34m | eta: 41.9m
step 05266/05568 (94.58%) | loss: 2.376517 | lrm: 0.13 | dt: 8302.92ms | tok/sec: 126,290 | bf16_mfu: 5.06 | epoch: 1 pq: 123 rg: 15 | total time: 726.47m | eta: 41.7m
step 05267/05568 (94.59%) | loss: 2.386671 | lrm: 0.13 | dt: 8286.55ms | tok/sec: 126,539 | bf16_mfu: 5.07 | epoch: 1 pq: 123 rg: 17 | total time: 726.61m | eta: 41.6m
step 05268/05568 (94.61%) | loss: 2.364635 | lrm: 0.13 | dt: 8293.74ms | tok/sec: 126,429 | bf16_mfu: 5.07 | epoch: 1 pq: 123 rg: 19 | total time: 726.75m | eta: 41.5m
step 05269/05568 (94.63%) | loss: 2.355164 | lrm: 0.13 | dt: 8287.12ms | tok/sec: 126,530 | bf16_mfu: 5.07 | epoch: 1 pq: 123 rg: 21 | total time: 726.89m | eta: 41.3m
step 05270/05568 (94.65%) | loss: 2.358114 | lrm: 0.13 | dt: 8299.52ms | tok/sec: 126,341 | bf16_mfu: 5.06 | epoch: 1 pq: 123 rg: 23 | total time: 727.03m | eta: 41.2m
step 05271/05568 (94.67%) | loss: 2.348933 | lrm: 0.13 | dt: 8294.04ms | tok/sec: 126,425 | bf16_mfu: 5.07 | epoch: 1 pq: 123 rg: 25 | total time: 727.16m | eta: 41.1m
step 05272/05568 (94.68%) | loss: 2.353488 | lrm: 0.13 | dt: 8294.54ms | tok/sec: 126,417 | bf16_mfu: 5.07 | epoch: 1 pq: 123 rg: 27 | total time: 727.30m | eta: 40.9m
step 05273/05568 (94.70%) | loss: 2.359834 | lrm: 0.13 | dt: 8293.78ms | tok/sec: 126,429 | bf16_mfu: 5.07 | epoch: 1 pq: 123 rg: 29 | total time: 727.44m | eta: 40.8m
step 05274/05568 (94.72%) | loss: 2.382792 | lrm: 0.13 | dt: 8293.64ms | tok/sec: 126,431 | bf16_mfu: 5.07 | epoch: 1 pq: 123 rg: 31 | total time: 727.58m | eta: 40.6m
step 05275/05568 (94.74%) | loss: 2.369432 | lrm: 0.13 | dt: 8300.20ms | tok/sec: 126,331 | bf16_mfu: 5.06 | epoch: 1 pq: 123 rg: 33 | total time: 727.72m | eta: 40.5m
step 05276/05568 (94.76%) | loss: 2.370733 | lrm: 0.13 | dt: 8286.51ms | tok/sec: 126,540 | bf16_mfu: 5.07 | epoch: 1 pq: 123 rg: 35 | total time: 727.86m | eta: 40.4m
step 05277/05568 (94.77%) | loss: 2.364471 | lrm: 0.13 | dt: 8296.98ms | tok/sec: 126,380 | bf16_mfu: 5.07 | epoch: 1 pq: 123 rg: 37 | total time: 727.99m | eta: 40.2m
step 05278/05568 (94.79%) | loss: 2.376303 | lrm: 0.13 | dt: 8299.79ms | tok/sec: 126,337 | bf16_mfu: 5.06 | epoch: 1 pq: 123 rg: 39 | total time: 728.13m | eta: 40.1m
step 05279/05568 (94.81%) | loss: 2.368960 | lrm: 0.13 | dt: 8295.67ms | tok/sec: 126,400 | bf16_mfu: 5.07 | epoch: 1 pq: 123 rg: 41 | total time: 728.27m | eta: 39.9m
step 05280/05568 (94.83%) | loss: 2.348840 | lrm: 0.13 | dt: 8299.77ms | tok/sec: 126,337 | bf16_mfu: 5.06 | epoch: 1 pq: 123 rg: 43 | total time: 728.41m | eta: 39.8m
step 05281/05568 (94.85%) | loss: 2.341922 | lrm: 0.13 | dt: 8297.23ms | tok/sec: 126,376 | bf16_mfu: 5.06 | epoch: 1 pq: 123 rg: 44 | total time: 728.55m | eta: 39.7m
step 05282/05568 (94.86%) | loss: 2.343707 | lrm: 0.13 | dt: 8299.05ms | tok/sec: 126,348 | bf16_mfu: 5.06 | epoch: 1 pq: 123 rg: 46 | total time: 728.69m | eta: 39.5m
step 05283/05568 (94.88%) | loss: 2.355990 | lrm: 0.12 | dt: 8292.74ms | tok/sec: 126,445 | bf16_mfu: 5.07 | epoch: 1 pq: 123 rg: 48 | total time: 728.82m | eta: 39.4m
step 05284/05568 (94.90%) | loss: 2.352619 | lrm: 0.12 | dt: 8296.02ms | tok/sec: 126,395 | bf16_mfu: 5.07 | epoch: 1 pq: 123 rg: 50 | total time: 728.96m | eta: 39.3m
step 05285/05568 (94.92%) | loss: 2.351031 | lrm: 0.12 | dt: 8286.17ms | tok/sec: 126,545 | bf16_mfu: 5.07 | epoch: 1 pq: 123 rg: 52 | total time: 729.10m | eta: 39.1m
step 05286/05568 (94.94%) | loss: 2.337291 | lrm: 0.12 | dt: 8313.41ms | tok/sec: 126,130 | bf16_mfu: 5.06 | epoch: 1 pq: 123 rg: 54 | total time: 729.24m | eta: 39.0m
step 05287/05568 (94.95%) | loss: 2.339997 | lrm: 0.12 | dt: 8291.43ms | tok/sec: 126,465 | bf16_mfu: 5.07 | epoch: 1 pq: 123 rg: 56 | total time: 729.38m | eta: 38.8m
step 05288/05568 (94.97%) | loss: 2.331766 | lrm: 0.12 | dt: 8301.64ms | tok/sec: 126,309 | bf16_mfu: 5.06 | epoch: 1 pq: 123 rg: 58 | total time: 729.52m | eta: 38.7m
step 05289/05568 (94.99%) | loss: 2.341092 | lrm: 0.12 | dt: 8283.18ms | tok/sec: 126,590 | bf16_mfu: 5.07 | epoch: 1 pq: 123 rg: 60 | total time: 729.65m | eta: 38.6m
step 05290/05568 (95.01%) | loss: 2.340038 | lrm: 0.12 | dt: 8295.72ms | tok/sec: 126,399 | bf16_mfu: 5.07 | epoch: 1 pq: 123 rg: 62 | total time: 729.79m | eta: 38.4m
step 05291/05568 (95.03%) | loss: 2.338566 | lrm: 0.12 | dt: 8287.00ms | tok/sec: 126,532 | bf16_mfu: 5.07 | epoch: 1 pq: 123 rg: 64 | total time: 729.93m | eta: 38.3m
step 05292/05568 (95.04%) | loss: 2.331944 | lrm: 0.12 | dt: 8290.69ms | tok/sec: 126,476 | bf16_mfu: 5.07 | epoch: 1 pq: 123 rg: 66 | total time: 730.07m | eta: 38.1m
step 05293/05568 (95.06%) | loss: 2.326986 | lrm: 0.12 | dt: 8285.41ms | tok/sec: 126,556 | bf16_mfu: 5.07 | epoch: 1 pq: 123 rg: 68 | total time: 730.21m | eta: 38.0m
step 05294/05568 (95.08%) | loss: 2.316619 | lrm: 0.12 | dt: 8290.85ms | tok/sec: 126,473 | bf16_mfu: 5.07 | epoch: 1 pq: 123 rg: 69 | total time: 730.34m | eta: 37.9m
step 05295/05568 (95.10%) | loss: 2.332035 | lrm: 0.12 | dt: 8300.43ms | tok/sec: 126,327 | bf16_mfu: 5.06 | epoch: 1 pq: 123 rg: 71 | total time: 730.48m | eta: 37.7m
step 05296/05568 (95.11%) | loss: 2.341044 | lrm: 0.12 | dt: 8292.49ms | tok/sec: 126,448 | bf16_mfu: 5.07 | epoch: 1 pq: 123 rg: 73 | total time: 730.62m | eta: 37.6m
step 05297/05568 (95.13%) | loss: 2.354896 | lrm: 0.12 | dt: 8287.81ms | tok/sec: 126,520 | bf16_mfu: 5.07 | epoch: 1 pq: 123 rg: 75 | total time: 730.76m | eta: 37.5m
step 05298/05568 (95.15%) | loss: 2.343724 | lrm: 0.12 | dt: 8282.29ms | tok/sec: 126,604 | bf16_mfu: 5.07 | epoch: 1 pq: 123 rg: 77 | total time: 730.90m | eta: 37.3m
step 05299/05568 (95.17%) | loss: 2.343007 | lrm: 0.12 | dt: 8291.86ms | tok/sec: 126,458 | bf16_mfu: 5.07 | epoch: 1 pq: 123 rg: 79 | total time: 731.03m | eta: 37.2m
step 05300/05568 (95.19%) | loss: 2.352149 | lrm: 0.12 | dt: 8298.08ms | tok/sec: 126,363 | bf16_mfu: 5.06 | epoch: 1 pq: 123 rg: 81 | total time: 731.17m | eta: 37.0m
step 05301/05568 (95.20%) | loss: 2.347177 | lrm: 0.12 | dt: 8298.55ms | tok/sec: 126,356 | bf16_mfu: 5.06 | epoch: 1 pq: 124 rg: 1 | total time: 731.31m | eta: 36.9m
step 05302/05568 (95.22%) | loss: 2.334372 | lrm: 0.12 | dt: 8299.11ms | tok/sec: 126,347 | bf16_mfu: 5.06 | epoch: 1 pq: 124 rg: 3 | total time: 731.45m | eta: 36.8m
step 05303/05568 (95.24%) | loss: 2.345620 | lrm: 0.12 | dt: 8295.58ms | tok/sec: 126,401 | bf16_mfu: 5.07 | epoch: 1 pq: 124 rg: 5 | total time: 731.59m | eta: 36.6m
step 05304/05568 (95.26%) | loss: 2.339043 | lrm: 0.12 | dt: 8289.63ms | tok/sec: 126,492 | bf16_mfu: 5.07 | epoch: 1 pq: 124 rg: 7 | total time: 731.73m | eta: 36.5m
step 05305/05568 (95.28%) | loss: 2.344223 | lrm: 0.12 | dt: 8301.12ms | tok/sec: 126,317 | bf16_mfu: 5.06 | epoch: 1 pq: 124 rg: 9 | total time: 731.86m | eta: 36.4m
step 05306/05568 (95.29%) | loss: 2.343114 | lrm: 0.12 | dt: 8295.29ms | tok/sec: 126,406 | bf16_mfu: 5.07 | epoch: 1 pq: 124 rg: 11 | total time: 732.00m | eta: 36.2m
step 05307/05568 (95.31%) | loss: 2.338823 | lrm: 0.12 | dt: 8295.66ms | tok/sec: 126,400 | bf16_mfu: 5.07 | epoch: 1 pq: 124 rg: 13 | total time: 732.14m | eta: 36.1m
step 05308/05568 (95.33%) | loss: 2.362680 | lrm: 0.12 | dt: 8284.11ms | tok/sec: 126,576 | bf16_mfu: 5.07 | epoch: 1 pq: 124 rg: 14 | total time: 732.28m | eta: 35.9m
step 05309/05568 (95.35%) | loss: 2.346341 | lrm: 0.12 | dt: 8293.74ms | tok/sec: 126,429 | bf16_mfu: 5.07 | epoch: 1 pq: 124 rg: 16 | total time: 732.42m | eta: 35.8m
step 05310/05568 (95.37%) | loss: 2.346804 | lrm: 0.12 | dt: 8287.02ms | tok/sec: 126,532 | bf16_mfu: 5.07 | epoch: 1 pq: 124 rg: 18 | total time: 732.56m | eta: 35.7m
step 05311/05568 (95.38%) | loss: 2.358851 | lrm: 0.12 | dt: 8287.41ms | tok/sec: 126,526 | bf16_mfu: 5.07 | epoch: 1 pq: 124 rg: 20 | total time: 732.69m | eta: 35.5m
step 05312/05568 (95.40%) | loss: 2.341247 | lrm: 0.12 | dt: 8290.15ms | tok/sec: 126,484 | bf16_mfu: 5.07 | epoch: 1 pq: 124 rg: 22 | total time: 732.83m | eta: 35.4m
step 05313/05568 (95.42%) | loss: 2.346338 | lrm: 0.12 | dt: 8292.30ms | tok/sec: 126,451 | bf16_mfu: 5.07 | epoch: 1 pq: 124 rg: 24 | total time: 732.97m | eta: 35.2m
step 05314/05568 (95.44%) | loss: 2.323343 | lrm: 0.12 | dt: 8303.96ms | tok/sec: 126,274 | bf16_mfu: 5.06 | epoch: 1 pq: 124 rg: 26 | total time: 733.11m | eta: 35.1m
step 05315/05568 (95.46%) | loss: 2.311257 | lrm: 0.12 | dt: 8301.05ms | tok/sec: 126,318 | bf16_mfu: 5.06 | epoch: 1 pq: 124 rg: 28 | total time: 733.25m | eta: 35.0m
step 05316/05568 (95.47%) | loss: 2.337278 | lrm: 0.12 | dt: 8292.74ms | tok/sec: 126,445 | bf16_mfu: 5.07 | epoch: 1 pq: 124 rg: 30 | total time: 733.38m | eta: 34.8m
step 05317/05568 (95.49%) | loss: 2.337144 | lrm: 0.12 | dt: 8287.04ms | tok/sec: 126,531 | bf16_mfu: 5.07 | epoch: 1 pq: 124 rg: 32 | total time: 733.52m | eta: 34.7m
step 05318/05568 (95.51%) | loss: 2.363532 | lrm: 0.12 | dt: 8284.37ms | tok/sec: 126,572 | bf16_mfu: 5.07 | epoch: 1 pq: 124 rg: 34 | total time: 733.66m | eta: 34.6m
step 05319/05568 (95.53%) | loss: 2.353091 | lrm: 0.12 | dt: 8299.78ms | tok/sec: 126,337 | bf16_mfu: 5.06 | epoch: 1 pq: 124 rg: 36 | total time: 733.80m | eta: 34.4m
step 05320/05568 (95.55%) | loss: 2.344852 | lrm: 0.12 | dt: 8292.38ms | tok/sec: 126,450 | bf16_mfu: 5.07 | epoch: 1 pq: 124 rg: 38 | total time: 733.94m | eta: 34.3m
step 05321/05568 (95.56%) | loss: 2.350083 | lrm: 0.11 | dt: 8288.95ms | tok/sec: 126,502 | bf16_mfu: 5.07 | epoch: 1 pq: 124 rg: 40 | total time: 734.08m | eta: 34.1m
step 05322/05568 (95.58%) | loss: 2.338056 | lrm: 0.11 | dt: 8301.25ms | tok/sec: 126,315 | bf16_mfu: 5.06 | epoch: 1 pq: 124 rg: 41 | total time: 734.21m | eta: 34.0m
step 05323/05568 (95.60%) | loss: 2.347418 | lrm: 0.11 | dt: 8299.86ms | tok/sec: 126,336 | bf16_mfu: 5.06 | epoch: 1 pq: 124 rg: 43 | total time: 734.35m | eta: 33.9m
step 05324/05568 (95.62%) | loss: 2.354968 | lrm: 0.11 | dt: 8286.79ms | tok/sec: 126,535 | bf16_mfu: 5.07 | epoch: 1 pq: 124 rg: 45 | total time: 734.49m | eta: 33.7m
step 05325/05568 (95.64%) | loss: 2.346234 | lrm: 0.11 | dt: 8288.28ms | tok/sec: 126,513 | bf16_mfu: 5.07 | epoch: 1 pq: 124 rg: 47 | total time: 734.63m | eta: 33.6m
step 05326/05568 (95.65%) | loss: 2.365868 | lrm: 0.11 | dt: 8301.87ms | tok/sec: 126,306 | bf16_mfu: 5.06 | epoch: 1 pq: 124 rg: 49 | total time: 734.77m | eta: 33.4m
step 05327/05568 (95.67%) | loss: 2.378186 | lrm: 0.11 | dt: 8293.35ms | tok/sec: 126,435 | bf16_mfu: 5.07 | epoch: 1 pq: 124 rg: 51 | total time: 734.91m | eta: 33.3m
step 05328/05568 (95.69%) | loss: 2.367975 | lrm: 0.11 | dt: 8293.17ms | tok/sec: 126,438 | bf16_mfu: 5.07 | epoch: 1 pq: 124 rg: 53 | total time: 735.04m | eta: 33.2m
step 05329/05568 (95.71%) | loss: 2.380313 | lrm: 0.11 | dt: 8297.28ms | tok/sec: 126,375 | bf16_mfu: 5.06 | epoch: 1 pq: 124 rg: 55 | total time: 735.18m | eta: 33.0m
step 05330/05568 (95.73%) | loss: 2.386974 | lrm: 0.11 | dt: 8293.33ms | tok/sec: 126,436 | bf16_mfu: 5.07 | epoch: 1 pq: 124 rg: 57 | total time: 735.32m | eta: 32.9m
step 05331/05568 (95.74%) | loss: 2.371334 | lrm: 0.11 | dt: 8298.14ms | tok/sec: 126,362 | bf16_mfu: 5.06 | epoch: 1 pq: 124 rg: 59 | total time: 735.46m | eta: 32.8m
step 05332/05568 (95.76%) | loss: 2.365034 | lrm: 0.11 | dt: 8289.89ms | tok/sec: 126,488 | bf16_mfu: 5.07 | epoch: 1 pq: 124 rg: 61 | total time: 735.60m | eta: 32.6m
step 05333/05568 (95.78%) | loss: 2.379894 | lrm: 0.11 | dt: 8298.75ms | tok/sec: 126,353 | bf16_mfu: 5.06 | epoch: 1 pq: 124 rg: 63 | total time: 735.73m | eta: 32.5m
step 05334/05568 (95.80%) | loss: 2.367888 | lrm: 0.11 | dt: 8298.98ms | tok/sec: 126,349 | bf16_mfu: 5.06 | epoch: 1 pq: 124 rg: 65 | total time: 735.87m | eta: 32.3m
step 05335/05568 (95.82%) | loss: 2.378216 | lrm: 0.11 | dt: 8294.26ms | tok/sec: 126,421 | bf16_mfu: 5.07 | epoch: 1 pq: 124 rg: 67 | total time: 736.01m | eta: 32.2m
step 05336/05568 (95.83%) | loss: 2.377481 | lrm: 0.11 | dt: 8299.34ms | tok/sec: 126,344 | bf16_mfu: 5.06 | epoch: 1 pq: 124 rg: 68 | total time: 736.15m | eta: 32.1m
step 05337/05568 (95.85%) | loss: 2.386983 | lrm: 0.11 | dt: 8301.45ms | tok/sec: 126,312 | bf16_mfu: 5.06 | epoch: 1 pq: 124 rg: 70 | total time: 736.29m | eta: 31.9m
step 05338/05568 (95.87%) | loss: 2.380976 | lrm: 0.11 | dt: 8295.91ms | tok/sec: 126,396 | bf16_mfu: 5.07 | epoch: 1 pq: 124 rg: 72 | total time: 736.43m | eta: 31.8m
step 05339/05568 (95.89%) | loss: 2.371159 | lrm: 0.11 | dt: 8292.24ms | tok/sec: 126,452 | bf16_mfu: 5.07 | epoch: 1 pq: 124 rg: 74 | total time: 736.56m | eta: 31.7m
step 05340/05568 (95.91%) | loss: 2.371043 | lrm: 0.11 | dt: 8291.31ms | tok/sec: 126,466 | bf16_mfu: 5.07 | epoch: 1 pq: 124 rg: 76 | total time: 736.70m | eta: 31.5m
step 05341/05568 (95.92%) | loss: 2.352513 | lrm: 0.11 | dt: 8299.92ms | tok/sec: 126,335 | bf16_mfu: 5.06 | epoch: 1 pq: 124 rg: 78 | total time: 736.84m | eta: 31.4m
step 05342/05568 (95.94%) | loss: 2.347643 | lrm: 0.11 | dt: 8293.05ms | tok/sec: 126,440 | bf16_mfu: 5.07 | epoch: 1 pq: 124 rg: 80 | total time: 736.98m | eta: 31.2m
step 05343/05568 (95.96%) | loss: 2.373806 | lrm: 0.11 | dt: 8290.12ms | tok/sec: 126,485 | bf16_mfu: 5.07 | epoch: 1 pq: 125 rg: 0 | total time: 737.12m | eta: 31.1m
step 05344/05568 (95.98%) | loss: 2.369898 | lrm: 0.11 | dt: 8289.86ms | tok/sec: 126,488 | bf16_mfu: 5.07 | epoch: 1 pq: 125 rg: 2 | total time: 737.26m | eta: 31.0m
step 05345/05568 (95.99%) | loss: 2.364684 | lrm: 0.11 | dt: 8282.45ms | tok/sec: 126,602 | bf16_mfu: 5.07 | epoch: 1 pq: 125 rg: 4 | total time: 737.39m | eta: 30.8m
step 05346/05568 (96.01%) | loss: 2.371384 | lrm: 0.11 | dt: 8295.77ms | tok/sec: 126,398 | bf16_mfu: 5.07 | epoch: 1 pq: 125 rg: 6 | total time: 737.53m | eta: 30.7m
step 05347/05568 (96.03%) | loss: 2.357047 | lrm: 0.11 | dt: 8295.36ms | tok/sec: 126,405 | bf16_mfu: 5.07 | epoch: 1 pq: 125 rg: 8 | total time: 737.67m | eta: 30.5m
step 05348/05568 (96.05%) | loss: 2.357275 | lrm: 0.11 | dt: 8294.97ms | tok/sec: 126,411 | bf16_mfu: 5.07 | epoch: 1 pq: 125 rg: 10 | total time: 737.81m | eta: 30.4m
step 05349/05568 (96.07%) | loss: 2.367590 | lrm: 0.11 | dt: 8307.61ms | tok/sec: 126,218 | bf16_mfu: 5.06 | epoch: 1 pq: 125 rg: 11 | total time: 737.95m | eta: 30.3m
step 05350/05568 (96.08%) | loss: 2.376630 | lrm: 0.11 | dt: 8292.75ms | tok/sec: 126,444 | bf16_mfu: 5.07 | epoch: 1 pq: 125 rg: 13 | total time: 738.09m | eta: 30.1m
step 05351/05568 (96.10%) | loss: 2.364094 | lrm: 0.11 | dt: 8299.07ms | tok/sec: 126,348 | bf16_mfu: 5.06 | epoch: 1 pq: 125 rg: 15 | total time: 738.22m | eta: 30.0m
step 05352/05568 (96.12%) | loss: 2.369329 | lrm: 0.11 | dt: 8298.58ms | tok/sec: 126,356 | bf16_mfu: 5.06 | epoch: 1 pq: 125 rg: 17 | total time: 738.36m | eta: 29.9m
step 05353/05568 (96.14%) | loss: 2.373189 | lrm: 0.11 | dt: 8299.28ms | tok/sec: 126,345 | bf16_mfu: 5.06 | epoch: 1 pq: 125 rg: 19 | total time: 738.50m | eta: 29.7m
step 05354/05568 (96.16%) | loss: 2.372952 | lrm: 0.11 | dt: 8300.56ms | tok/sec: 126,325 | bf16_mfu: 5.06 | epoch: 1 pq: 125 rg: 21 | total time: 738.64m | eta: 29.6m
step 05355/05568 (96.17%) | loss: 2.355959 | lrm: 0.11 | dt: 8292.76ms | tok/sec: 126,444 | bf16_mfu: 5.07 | epoch: 1 pq: 125 rg: 23 | total time: 738.78m | eta: 29.4m
step 05356/05568 (96.19%) | loss: 2.354045 | lrm: 0.11 | dt: 8310.52ms | tok/sec: 126,174 | bf16_mfu: 5.06 | epoch: 1 pq: 125 rg: 25 | total time: 738.92m | eta: 29.3m
step 05357/05568 (96.21%) | loss: 2.352649 | lrm: 0.11 | dt: 8299.65ms | tok/sec: 126,339 | bf16_mfu: 5.06 | epoch: 1 pq: 125 rg: 27 | total time: 739.05m | eta: 29.2m
step 05358/05568 (96.23%) | loss: 2.339326 | lrm: 0.11 | dt: 8293.02ms | tok/sec: 126,440 | bf16_mfu: 5.07 | epoch: 1 pq: 125 rg: 29 | total time: 739.19m | eta: 29.0m
step 05359/05568 (96.25%) | loss: 2.338972 | lrm: 0.10 | dt: 8302.04ms | tok/sec: 126,303 | bf16_mfu: 5.06 | epoch: 1 pq: 125 rg: 31 | total time: 739.33m | eta: 28.9m
step 05360/05568 (96.26%) | loss: 2.343364 | lrm: 0.10 | dt: 8291.67ms | tok/sec: 126,461 | bf16_mfu: 5.07 | epoch: 1 pq: 125 rg: 33 | total time: 739.47m | eta: 28.7m
step 05361/05568 (96.28%) | loss: 2.365090 | lrm: 0.10 | dt: 8300.96ms | tok/sec: 126,319 | bf16_mfu: 5.06 | epoch: 1 pq: 125 rg: 35 | total time: 739.61m | eta: 28.6m
step 05362/05568 (96.30%) | loss: 2.375396 | lrm: 0.10 | dt: 8290.40ms | tok/sec: 126,480 | bf16_mfu: 5.07 | epoch: 1 pq: 125 rg: 37 | total time: 739.74m | eta: 28.5m
step 05363/05568 (96.32%) | loss: 2.369047 | lrm: 0.10 | dt: 8304.20ms | tok/sec: 126,270 | bf16_mfu: 5.06 | epoch: 1 pq: 125 rg: 39 | total time: 739.88m | eta: 28.3m
step 05364/05568 (96.34%) | loss: 2.363934 | lrm: 0.10 | dt: 8296.31ms | tok/sec: 126,390 | bf16_mfu: 5.07 | epoch: 1 pq: 125 rg: 40 | total time: 740.02m | eta: 28.2m
step 05365/05568 (96.35%) | loss: 2.374856 | lrm: 0.10 | dt: 8299.21ms | tok/sec: 126,346 | bf16_mfu: 5.06 | epoch: 1 pq: 125 rg: 42 | total time: 740.16m | eta: 28.1m
step 05366/05568 (96.37%) | loss: 2.368780 | lrm: 0.10 | dt: 8301.19ms | tok/sec: 126,316 | bf16_mfu: 5.06 | epoch: 1 pq: 125 rg: 44 | total time: 740.30m | eta: 27.9m
step 05367/05568 (96.39%) | loss: 2.375481 | lrm: 0.10 | dt: 8308.79ms | tok/sec: 126,200 | bf16_mfu: 5.06 | epoch: 1 pq: 125 rg: 46 | total time: 740.44m | eta: 27.8m
step 05368/05568 (96.41%) | loss: 2.371885 | lrm: 0.10 | dt: 8292.62ms | tok/sec: 126,446 | bf16_mfu: 5.07 | epoch: 1 pq: 125 rg: 48 | total time: 740.57m | eta: 27.6m
step 05369/05568 (96.43%) | loss: 2.372759 | lrm: 0.10 | dt: 8292.87ms | tok/sec: 126,443 | bf16_mfu: 5.07 | epoch: 1 pq: 125 rg: 50 | total time: 740.71m | eta: 27.5m
step 05370/05568 (96.44%) | loss: 2.362383 | lrm: 0.10 | dt: 8299.10ms | tok/sec: 126,348 | bf16_mfu: 5.06 | epoch: 1 pq: 125 rg: 52 | total time: 740.85m | eta: 27.4m
step 05371/05568 (96.46%) | loss: 2.362519 | lrm: 0.10 | dt: 8288.83ms | tok/sec: 126,504 | bf16_mfu: 5.07 | epoch: 1 pq: 125 rg: 54 | total time: 740.99m | eta: 27.2m
step 05372/05568 (96.48%) | loss: 2.374915 | lrm: 0.10 | dt: 8282.26ms | tok/sec: 126,605 | bf16_mfu: 5.07 | epoch: 1 pq: 125 rg: 56 | total time: 741.13m | eta: 27.1m
step 05373/05568 (96.50%) | loss: 2.364857 | lrm: 0.10 | dt: 8304.19ms | tok/sec: 126,270 | bf16_mfu: 5.06 | epoch: 1 pq: 125 rg: 58 | total time: 741.27m | eta: 27.0m
step 05374/05568 (96.52%) | loss: 2.384087 | lrm: 0.10 | dt: 8296.46ms | tok/sec: 126,388 | bf16_mfu: 5.07 | epoch: 1 pq: 125 rg: 60 | total time: 741.40m | eta: 26.8m
step 05375/05568 (96.53%) | loss: 2.374461 | lrm: 0.10 | dt: 8307.72ms | tok/sec: 126,217 | bf16_mfu: 5.06 | epoch: 1 pq: 125 rg: 62 | total time: 741.54m | eta: 26.7m
step 05376/05568 (96.55%) | loss: 2.373937 | lrm: 0.10 | dt: 8288.26ms | tok/sec: 126,513 | bf16_mfu: 5.07 | epoch: 1 pq: 125 rg: 64 | total time: 741.68m | eta: 26.5m
step 05377/05568 (96.57%) | loss: 2.380831 | lrm: 0.10 | dt: 8303.43ms | tok/sec: 126,282 | bf16_mfu: 5.06 | epoch: 1 pq: 125 rg: 66 | total time: 741.82m | eta: 26.4m
step 05378/05568 (96.59%) | loss: 2.357586 | lrm: 0.10 | dt: 8295.36ms | tok/sec: 126,405 | bf16_mfu: 5.07 | epoch: 1 pq: 125 rg: 68 | total time: 741.96m | eta: 26.3m
step 05379/05568 (96.61%) | loss: 2.350484 | lrm: 0.10 | dt: 8292.77ms | tok/sec: 126,444 | bf16_mfu: 5.07 | epoch: 1 pq: 125 rg: 69 | total time: 742.10m | eta: 26.1m
step 05380/05568 (96.62%) | loss: 2.374697 | lrm: 0.10 | dt: 8296.72ms | tok/sec: 126,384 | bf16_mfu: 5.07 | epoch: 1 pq: 125 rg: 71 | total time: 742.23m | eta: 26.0m
step 05381/05568 (96.64%) | loss: 2.369517 | lrm: 0.10 | dt: 8304.35ms | tok/sec: 126,268 | bf16_mfu: 5.06 | epoch: 1 pq: 125 rg: 73 | total time: 742.37m | eta: 25.8m
step 05382/05568 (96.66%) | loss: 2.382170 | lrm: 0.10 | dt: 8301.72ms | tok/sec: 126,308 | bf16_mfu: 5.06 | epoch: 1 pq: 125 rg: 75 | total time: 742.51m | eta: 25.7m
step 05383/05568 (96.68%) | loss: 2.371689 | lrm: 0.10 | dt: 8285.57ms | tok/sec: 126,554 | bf16_mfu: 5.07 | epoch: 1 pq: 125 rg: 77 | total time: 742.65m | eta: 25.6m
step 05384/05568 (96.70%) | loss: 2.387403 | lrm: 0.10 | dt: 8290.24ms | tok/sec: 126,483 | bf16_mfu: 5.07 | epoch: 1 pq: 125 rg: 79 | total time: 742.79m | eta: 25.4m
step 05385/05568 (96.71%) | loss: 2.402291 | lrm: 0.10 | dt: 8296.40ms | tok/sec: 126,389 | bf16_mfu: 5.07 | epoch: 1 pq: 125 rg: 81 | total time: 742.93m | eta: 25.3m
step 05386/05568 (96.73%) | loss: 2.391843 | lrm: 0.10 | dt: 8300.85ms | tok/sec: 126,321 | bf16_mfu: 5.06 | epoch: 1 pq: 126 rg: 0 | total time: 743.06m | eta: 25.2m
step 05387/05568 (96.75%) | loss: 2.380824 | lrm: 0.10 | dt: 8291.25ms | tok/sec: 126,467 | bf16_mfu: 5.07 | epoch: 1 pq: 126 rg: 2 | total time: 743.20m | eta: 25.0m
step 05388/05568 (96.77%) | loss: 2.369850 | lrm: 0.10 | dt: 8291.45ms | tok/sec: 126,464 | bf16_mfu: 5.07 | epoch: 1 pq: 126 rg: 4 | total time: 743.34m | eta: 24.9m
step 05389/05568 (96.79%) | loss: 2.365056 | lrm: 0.10 | dt: 8296.68ms | tok/sec: 126,384 | bf16_mfu: 5.07 | epoch: 1 pq: 126 rg: 6 | total time: 743.48m | eta: 24.7m
step 05390/05568 (96.80%) | loss: 2.363345 | lrm: 0.10 | dt: 8289.85ms | tok/sec: 126,489 | bf16_mfu: 5.07 | epoch: 1 pq: 126 rg: 8 | total time: 743.62m | eta: 24.6m
step 05391/05568 (96.82%) | loss: 2.361624 | lrm: 0.10 | dt: 8295.73ms | tok/sec: 126,399 | bf16_mfu: 5.07 | epoch: 1 pq: 126 rg: 10 | total time: 743.75m | eta: 24.5m
step 05392/05568 (96.84%) | loss: 2.368379 | lrm: 0.10 | dt: 8298.02ms | tok/sec: 126,364 | bf16_mfu: 5.06 | epoch: 1 pq: 126 rg: 12 | total time: 743.89m | eta: 24.3m
step 05393/05568 (96.86%) | loss: 2.362897 | lrm: 0.10 | dt: 8298.50ms | tok/sec: 126,357 | bf16_mfu: 5.06 | epoch: 1 pq: 126 rg: 14 | total time: 744.03m | eta: 24.2m
step 05394/05568 (96.88%) | loss: 2.368944 | lrm: 0.10 | dt: 8296.12ms | tok/sec: 126,393 | bf16_mfu: 5.07 | epoch: 1 pq: 126 rg: 15 | total time: 744.17m | eta: 24.1m
step 05395/05568 (96.89%) | loss: 2.388613 | lrm: 0.10 | dt: 8298.56ms | tok/sec: 126,356 | bf16_mfu: 5.06 | epoch: 1 pq: 126 rg: 17 | total time: 744.31m | eta: 23.9m
step 05396/05568 (96.91%) | loss: 2.396271 | lrm: 0.10 | dt: 8302.02ms | tok/sec: 126,303 | bf16_mfu: 5.06 | epoch: 1 pq: 126 rg: 19 | total time: 744.45m | eta: 23.8m
step 05397/05568 (96.93%) | loss: 2.390801 | lrm: 0.09 | dt: 8297.43ms | tok/sec: 126,373 | bf16_mfu: 5.06 | epoch: 1 pq: 126 rg: 21 | total time: 744.58m | eta: 23.6m
step 05398/05568 (96.95%) | loss: 2.390586 | lrm: 0.09 | dt: 8293.69ms | tok/sec: 126,430 | bf16_mfu: 5.07 | epoch: 1 pq: 126 rg: 23 | total time: 744.72m | eta: 23.5m
step 05399/05568 (96.96%) | loss: 2.387097 | lrm: 0.09 | dt: 8291.86ms | tok/sec: 126,458 | bf16_mfu: 5.07 | epoch: 1 pq: 126 rg: 25 | total time: 744.86m | eta: 23.4m
step 05400/05568 (96.98%) | loss: 2.396419 | lrm: 0.09 | dt: 8300.83ms | tok/sec: 126,321 | bf16_mfu: 5.06 | epoch: 1 pq: 126 rg: 27 | total time: 745.00m | eta: 23.2m
step 05401/05568 (97.00%) | loss: 2.390136 | lrm: 0.09 | dt: 8310.49ms | tok/sec: 126,175 | bf16_mfu: 5.06 | epoch: 1 pq: 126 rg: 29 | total time: 745.14m | eta: 23.1m
step 05402/05568 (97.02%) | loss: 2.398207 | lrm: 0.09 | dt: 8303.92ms | tok/sec: 126,274 | bf16_mfu: 5.06 | epoch: 1 pq: 126 rg: 31 | total time: 745.28m | eta: 22.9m
step 05403/05568 (97.04%) | loss: 2.387986 | lrm: 0.09 | dt: 8292.61ms | tok/sec: 126,447 | bf16_mfu: 5.07 | epoch: 1 pq: 126 rg: 33 | total time: 745.41m | eta: 22.8m
step 05404/05568 (97.05%) | loss: 2.392198 | lrm: 0.09 | dt: 8304.11ms | tok/sec: 126,271 | bf16_mfu: 5.06 | epoch: 1 pq: 126 rg: 35 | total time: 745.55m | eta: 22.7m
step 05405/05568 (97.07%) | loss: 2.394228 | lrm: 0.09 | dt: 8301.39ms | tok/sec: 126,313 | bf16_mfu: 5.06 | epoch: 1 pq: 126 rg: 37 | total time: 745.69m | eta: 22.5m
step 05406/05568 (97.09%) | loss: 2.397413 | lrm: 0.09 | dt: 8292.94ms | tok/sec: 126,442 | bf16_mfu: 5.07 | epoch: 1 pq: 126 rg: 39 | total time: 745.83m | eta: 22.4m
step 05407/05568 (97.11%) | loss: 2.398697 | lrm: 0.09 | dt: 8303.93ms | tok/sec: 126,274 | bf16_mfu: 5.06 | epoch: 1 pq: 126 rg: 41 | total time: 745.97m | eta: 22.3m
step 05408/05568 (97.13%) | loss: 2.394785 | lrm: 0.09 | dt: 8297.81ms | tok/sec: 126,367 | bf16_mfu: 5.06 | epoch: 1 pq: 126 rg: 43 | total time: 746.11m | eta: 22.1m
step 05409/05568 (97.14%) | loss: 2.398832 | lrm: 0.09 | dt: 8298.32ms | tok/sec: 126,359 | bf16_mfu: 5.06 | epoch: 1 pq: 126 rg: 44 | total time: 746.24m | eta: 22.0m
step 05410/05568 (97.16%) | loss: 2.400518 | lrm: 0.09 | dt: 8294.46ms | tok/sec: 126,418 | bf16_mfu: 5.07 | epoch: 1 pq: 126 rg: 46 | total time: 746.38m | eta: 21.8m
step 05411/05568 (97.18%) | loss: 2.395237 | lrm: 0.09 | dt: 8295.66ms | tok/sec: 126,400 | bf16_mfu: 5.07 | epoch: 1 pq: 126 rg: 48 | total time: 746.52m | eta: 21.7m
step 05412/05568 (97.20%) | loss: 2.374499 | lrm: 0.09 | dt: 8291.14ms | tok/sec: 126,469 | bf16_mfu: 5.07 | epoch: 1 pq: 126 rg: 50 | total time: 746.66m | eta: 21.6m
step 05413/05568 (97.22%) | loss: 2.385552 | lrm: 0.09 | dt: 8301.90ms | tok/sec: 126,305 | bf16_mfu: 5.06 | epoch: 1 pq: 126 rg: 52 | total time: 746.80m | eta: 21.4m
step 05414/05568 (97.23%) | loss: 2.400434 | lrm: 0.09 | dt: 8296.58ms | tok/sec: 126,386 | bf16_mfu: 5.07 | epoch: 1 pq: 126 rg: 54 | total time: 746.94m | eta: 21.3m
step 05415/05568 (97.25%) | loss: 2.402696 | lrm: 0.09 | dt: 8289.26ms | tok/sec: 126,498 | bf16_mfu: 5.07 | epoch: 1 pq: 126 rg: 56 | total time: 747.07m | eta: 21.1m
step 05416/05568 (97.27%) | loss: 2.396493 | lrm: 0.09 | dt: 8292.83ms | tok/sec: 126,443 | bf16_mfu: 5.07 | epoch: 1 pq: 126 rg: 58 | total time: 747.21m | eta: 21.0m
step 05417/05568 (97.29%) | loss: 2.385323 | lrm: 0.09 | dt: 8296.53ms | tok/sec: 126,387 | bf16_mfu: 5.07 | epoch: 1 pq: 126 rg: 60 | total time: 747.35m | eta: 20.9m
step 05418/05568 (97.31%) | loss: 2.373268 | lrm: 0.09 | dt: 8292.14ms | tok/sec: 126,454 | bf16_mfu: 5.07 | epoch: 1 pq: 126 rg: 62 | total time: 747.49m | eta: 20.7m
step 05419/05568 (97.32%) | loss: 2.369515 | lrm: 0.09 | dt: 8279.36ms | tok/sec: 126,649 | bf16_mfu: 5.08 | epoch: 1 pq: 126 rg: 64 | total time: 747.63m | eta: 20.6m
step 05420/05568 (97.34%) | loss: 2.367682 | lrm: 0.09 | dt: 8295.31ms | tok/sec: 126,405 | bf16_mfu: 5.07 | epoch: 1 pq: 126 rg: 66 | total time: 747.76m | eta: 20.5m
step 05421/05568 (97.36%) | loss: 2.359661 | lrm: 0.09 | dt: 8300.96ms | tok/sec: 126,319 | bf16_mfu: 5.06 | epoch: 1 pq: 126 rg: 68 | total time: 747.90m | eta: 20.3m
step 05422/05568 (97.38%) | loss: 2.361537 | lrm: 0.09 | dt: 8293.98ms | tok/sec: 126,426 | bf16_mfu: 5.07 | epoch: 1 pq: 126 rg: 69 | total time: 748.04m | eta: 20.2m
step 05423/05568 (97.40%) | loss: 2.358228 | lrm: 0.09 | dt: 8299.94ms | tok/sec: 126,335 | bf16_mfu: 5.06 | epoch: 1 pq: 126 rg: 71 | total time: 748.18m | eta: 20.0m
step 05424/05568 (97.41%) | loss: 2.343540 | lrm: 0.09 | dt: 8290.77ms | tok/sec: 126,475 | bf16_mfu: 5.07 | epoch: 1 pq: 126 rg: 73 | total time: 748.32m | eta: 19.9m
step 05425/05568 (97.43%) | loss: 2.347041 | lrm: 0.09 | dt: 8291.76ms | tok/sec: 126,459 | bf16_mfu: 5.07 | epoch: 1 pq: 126 rg: 75 | total time: 748.46m | eta: 19.8m
step 05426/05568 (97.45%) | loss: 2.365357 | lrm: 0.09 | dt: 8298.95ms | tok/sec: 126,350 | bf16_mfu: 5.06 | epoch: 1 pq: 126 rg: 77 | total time: 748.59m | eta: 19.6m
step 05427/05568 (97.47%) | loss: 2.364920 | lrm: 0.09 | dt: 8295.87ms | tok/sec: 126,397 | bf16_mfu: 5.07 | epoch: 1 pq: 126 rg: 79 | total time: 748.73m | eta: 19.5m
step 05428/05568 (97.49%) | loss: 2.367352 | lrm: 0.09 | dt: 8299.57ms | tok/sec: 126,340 | bf16_mfu: 5.06 | epoch: 1 pq: 126 rg: 81 | total time: 748.87m | eta: 19.4m
step 05429/05568 (97.50%) | loss: 2.352622 | lrm: 0.09 | dt: 8294.53ms | tok/sec: 126,417 | bf16_mfu: 5.07 | epoch: 1 pq: 127 rg: 1 | total time: 749.01m | eta: 19.2m
step 05430/05568 (97.52%) | loss: 2.377056 | lrm: 0.09 | dt: 8293.72ms | tok/sec: 126,430 | bf16_mfu: 5.07 | epoch: 1 pq: 127 rg: 3 | total time: 749.15m | eta: 19.1m
step 05431/05568 (97.54%) | loss: 2.361434 | lrm: 0.09 | dt: 8292.70ms | tok/sec: 126,445 | bf16_mfu: 5.07 | epoch: 1 pq: 127 rg: 5 | total time: 749.29m | eta: 18.9m
step 05432/05568 (97.56%) | loss: 2.350396 | lrm: 0.09 | dt: 8305.50ms | tok/sec: 126,250 | bf16_mfu: 5.06 | epoch: 1 pq: 127 rg: 7 | total time: 749.42m | eta: 18.8m
step 05433/05568 (97.58%) | loss: 2.336874 | lrm: 0.09 | dt: 8293.13ms | tok/sec: 126,439 | bf16_mfu: 5.07 | epoch: 1 pq: 127 rg: 9 | total time: 749.56m | eta: 18.7m
step 05434/05568 (97.59%) | loss: 2.333356 | lrm: 0.09 | dt: 8296.20ms | tok/sec: 126,392 | bf16_mfu: 5.07 | epoch: 1 pq: 127 rg: 11 | total time: 749.70m | eta: 18.5m
step 05435/05568 (97.61%) | loss: 2.345883 | lrm: 0.08 | dt: 8305.70ms | tok/sec: 126,247 | bf16_mfu: 5.06 | epoch: 1 pq: 127 rg: 13 | total time: 749.84m | eta: 18.4m
step 05436/05568 (97.63%) | loss: 2.340877 | lrm: 0.08 | dt: 8295.43ms | tok/sec: 126,404 | bf16_mfu: 5.07 | epoch: 1 pq: 127 rg: 15 | total time: 749.98m | eta: 18.2m
step 05437/05568 (97.65%) | loss: 2.340257 | lrm: 0.08 | dt: 8305.01ms | tok/sec: 126,258 | bf16_mfu: 5.06 | epoch: 1 pq: 127 rg: 16 | total time: 750.12m | eta: 18.1m
step 05438/05568 (97.67%) | loss: 2.352489 | lrm: 0.08 | dt: 8292.96ms | tok/sec: 126,441 | bf16_mfu: 5.07 | epoch: 1 pq: 127 rg: 18 | total time: 750.25m | eta: 18.0m
step 05439/05568 (97.68%) | loss: 2.325599 | lrm: 0.08 | dt: 8302.75ms | tok/sec: 126,292 | bf16_mfu: 5.06 | epoch: 1 pq: 127 rg: 20 | total time: 750.39m | eta: 17.8m
step 05440/05568 (97.70%) | loss: 2.329342 | lrm: 0.08 | dt: 8299.95ms | tok/sec: 126,335 | bf16_mfu: 5.06 | epoch: 1 pq: 127 rg: 22 | total time: 750.53m | eta: 17.7m
step 05441/05568 (97.72%) | loss: 2.336522 | lrm: 0.08 | dt: 8311.25ms | tok/sec: 126,163 | bf16_mfu: 5.06 | epoch: 1 pq: 127 rg: 24 | total time: 750.67m | eta: 17.6m
step 05442/05568 (97.74%) | loss: 2.340370 | lrm: 0.08 | dt: 8295.54ms | tok/sec: 126,402 | bf16_mfu: 5.07 | epoch: 1 pq: 127 rg: 26 | total time: 750.81m | eta: 17.4m
step 05443/05568 (97.76%) | loss: 2.338566 | lrm: 0.08 | dt: 8316.49ms | tok/sec: 126,083 | bf16_mfu: 5.05 | epoch: 1 pq: 127 rg: 28 | total time: 750.95m | eta: 17.3m
step 05444/05568 (97.77%) | loss: 2.350200 | lrm: 0.08 | dt: 8313.51ms | tok/sec: 126,129 | bf16_mfu: 5.06 | epoch: 1 pq: 127 rg: 30 | total time: 751.08m | eta: 17.1m
step 05445/05568 (97.79%) | loss: 2.370117 | lrm: 0.08 | dt: 8298.47ms | tok/sec: 126,357 | bf16_mfu: 5.06 | epoch: 1 pq: 127 rg: 32 | total time: 751.22m | eta: 17.0m
step 05446/05568 (97.81%) | loss: 2.367422 | lrm: 0.08 | dt: 8313.71ms | tok/sec: 126,126 | bf16_mfu: 5.05 | epoch: 1 pq: 127 rg: 34 | total time: 751.36m | eta: 16.9m
step 05447/05568 (97.83%) | loss: 2.353211 | lrm: 0.08 | dt: 8306.06ms | tok/sec: 126,242 | bf16_mfu: 5.06 | epoch: 1 pq: 127 rg: 36 | total time: 751.50m | eta: 16.7m
step 05448/05568 (97.84%) | loss: 2.350625 | lrm: 0.08 | dt: 8302.62ms | tok/sec: 126,294 | bf16_mfu: 5.06 | epoch: 1 pq: 127 rg: 38 | total time: 751.64m | eta: 16.6m
step 05449/05568 (97.86%) | loss: 2.358910 | lrm: 0.08 | dt: 8294.23ms | tok/sec: 126,422 | bf16_mfu: 5.07 | epoch: 1 pq: 127 rg: 40 | total time: 751.78m | eta: 16.4m
step 05450/05568 (97.88%) | loss: 2.357032 | lrm: 0.08 | dt: 8303.51ms | tok/sec: 126,281 | bf16_mfu: 5.06 | epoch: 1 pq: 127 rg: 42 | total time: 751.91m | eta: 16.3m
step 05451/05568 (97.90%) | loss: 2.364529 | lrm: 0.08 | dt: 8296.87ms | tok/sec: 126,382 | bf16_mfu: 5.07 | epoch: 1 pq: 127 rg: 44 | total time: 752.05m | eta: 16.2m
step 05452/05568 (97.92%) | loss: 2.372593 | lrm: 0.08 | dt: 8311.46ms | tok/sec: 126,160 | bf16_mfu: 5.06 | epoch: 1 pq: 127 rg: 45 | total time: 752.19m | eta: 16.0m
step 05453/05568 (97.93%) | loss: 2.367032 | lrm: 0.08 | dt: 8306.34ms | tok/sec: 126,238 | bf16_mfu: 5.06 | epoch: 1 pq: 127 rg: 47 | total time: 752.33m | eta: 15.9m
step 05454/05568 (97.95%) | loss: 2.369435 | lrm: 0.08 | dt: 8318.05ms | tok/sec: 126,060 | bf16_mfu: 5.05 | epoch: 1 pq: 127 rg: 49 | total time: 752.47m | eta: 15.8m
step 05455/05568 (97.97%) | loss: 2.373537 | lrm: 0.08 | dt: 8302.04ms | tok/sec: 126,303 | bf16_mfu: 5.06 | epoch: 1 pq: 127 rg: 51 | total time: 752.61m | eta: 15.6m
step 05456/05568 (97.99%) | loss: 2.370203 | lrm: 0.08 | dt: 8312.27ms | tok/sec: 126,148 | bf16_mfu: 5.06 | epoch: 1 pq: 127 rg: 53 | total time: 752.75m | eta: 15.5m
step 05457/05568 (98.01%) | loss: 2.400807 | lrm: 0.08 | dt: 8297.17ms | tok/sec: 126,377 | bf16_mfu: 5.06 | epoch: 1 pq: 127 rg: 55 | total time: 752.88m | eta: 15.3m
step 05458/05568 (98.02%) | loss: 2.388185 | lrm: 0.08 | dt: 8300.97ms | tok/sec: 126,319 | bf16_mfu: 5.06 | epoch: 1 pq: 127 rg: 57 | total time: 753.02m | eta: 15.2m
step 05459/05568 (98.04%) | loss: 2.393523 | lrm: 0.08 | dt: 8298.91ms | tok/sec: 126,351 | bf16_mfu: 5.06 | epoch: 1 pq: 127 rg: 59 | total time: 753.16m | eta: 15.1m
step 05460/05568 (98.06%) | loss: 2.390200 | lrm: 0.08 | dt: 8311.19ms | tok/sec: 126,164 | bf16_mfu: 5.06 | epoch: 1 pq: 127 rg: 61 | total time: 753.30m | eta: 14.9m
step 05461/05568 (98.08%) | loss: 2.379763 | lrm: 0.08 | dt: 8299.04ms | tok/sec: 126,349 | bf16_mfu: 5.06 | epoch: 1 pq: 127 rg: 63 | total time: 753.44m | eta: 14.8m
step 05462/05568 (98.10%) | loss: 2.379043 | lrm: 0.08 | dt: 8298.04ms | tok/sec: 126,364 | bf16_mfu: 5.06 | epoch: 1 pq: 127 rg: 65 | total time: 753.58m | eta: 14.7m
step 05463/05568 (98.11%) | loss: 2.375046 | lrm: 0.08 | dt: 8306.84ms | tok/sec: 126,230 | bf16_mfu: 5.06 | epoch: 1 pq: 127 rg: 67 | total time: 753.71m | eta: 14.5m
step 05464/05568 (98.13%) | loss: 2.386876 | lrm: 0.08 | dt: 8303.29ms | tok/sec: 126,284 | bf16_mfu: 5.06 | epoch: 1 pq: 127 rg: 69 | total time: 753.85m | eta: 14.4m
step 05465/05568 (98.15%) | loss: 2.378612 | lrm: 0.08 | dt: 8304.58ms | tok/sec: 126,264 | bf16_mfu: 5.06 | epoch: 1 pq: 127 rg: 71 | total time: 753.99m | eta: 14.2m
step 05466/05568 (98.17%) | loss: 2.355573 | lrm: 0.08 | dt: 8291.18ms | tok/sec: 126,468 | bf16_mfu: 5.07 | epoch: 1 pq: 127 rg: 73 | total time: 754.13m | eta: 14.1m
step 05467/05568 (98.19%) | loss: 2.358449 | lrm: 0.08 | dt: 8286.60ms | tok/sec: 126,538 | bf16_mfu: 5.07 | epoch: 1 pq: 127 rg: 75 | total time: 754.27m | eta: 14.0m
step 05468/05568 (98.20%) | loss: 2.354824 | lrm: 0.08 | dt: 8295.80ms | tok/sec: 126,398 | bf16_mfu: 5.07 | epoch: 1 pq: 127 rg: 76 | total time: 754.41m | eta: 13.8m
step 05469/05568 (98.22%) | loss: 2.347266 | lrm: 0.08 | dt: 8294.11ms | tok/sec: 126,424 | bf16_mfu: 5.07 | epoch: 1 pq: 127 rg: 78 | total time: 754.54m | eta: 13.7m
step 05470/05568 (98.24%) | loss: 2.345407 | lrm: 0.08 | dt: 8289.40ms | tok/sec: 126,496 | bf16_mfu: 5.07 | epoch: 1 pq: 127 rg: 80 | total time: 754.68m | eta: 13.5m
step 05471/05568 (98.26%) | loss: 2.348971 | lrm: 0.08 | dt: 8293.48ms | tok/sec: 126,433 | bf16_mfu: 5.07 | epoch: 1 pq: 127 rg: 82 | total time: 754.82m | eta: 13.4m
step 05472/05568 (98.28%) | loss: 2.354744 | lrm: 0.08 | dt: 8287.85ms | tok/sec: 126,519 | bf16_mfu: 5.07 | epoch: 1 pq: 128 rg: 1 | total time: 754.96m | eta: 13.3m
step 05473/05568 (98.29%) | loss: 2.345339 | lrm: 0.07 | dt: 8292.90ms | tok/sec: 126,442 | bf16_mfu: 5.07 | epoch: 1 pq: 128 rg: 3 | total time: 755.10m | eta: 13.1m
step 05474/05568 (98.31%) | loss: 2.349564 | lrm: 0.07 | dt: 8297.04ms | tok/sec: 126,379 | bf16_mfu: 5.07 | epoch: 1 pq: 128 rg: 5 | total time: 755.23m | eta: 13.0m
step 05475/05568 (98.33%) | loss: 2.354187 | lrm: 0.07 | dt: 8300.57ms | tok/sec: 126,325 | bf16_mfu: 5.06 | epoch: 1 pq: 128 rg: 7 | total time: 755.37m | eta: 12.9m
step 05476/05568 (98.35%) | loss: 2.364988 | lrm: 0.07 | dt: 8298.49ms | tok/sec: 126,357 | bf16_mfu: 5.06 | epoch: 1 pq: 128 rg: 9 | total time: 755.51m | eta: 12.7m
step 05477/05568 (98.37%) | loss: 2.368691 | lrm: 0.07 | dt: 8297.40ms | tok/sec: 126,374 | bf16_mfu: 5.06 | epoch: 1 pq: 128 rg: 11 | total time: 755.65m | eta: 12.6m
step 05478/05568 (98.38%) | loss: 2.366345 | lrm: 0.07 | dt: 8289.30ms | tok/sec: 126,497 | bf16_mfu: 5.07 | epoch: 1 pq: 128 rg: 13 | total time: 755.79m | eta: 12.4m
step 05479/05568 (98.40%) | loss: 2.367515 | lrm: 0.07 | dt: 8292.92ms | tok/sec: 126,442 | bf16_mfu: 5.07 | epoch: 1 pq: 128 rg: 15 | total time: 755.93m | eta: 12.3m
step 05480/05568 (98.42%) | loss: 2.359233 | lrm: 0.07 | dt: 8298.19ms | tok/sec: 126,361 | bf16_mfu: 5.06 | epoch: 1 pq: 128 rg: 17 | total time: 756.06m | eta: 12.2m
step 05481/05568 (98.44%) | loss: 2.366050 | lrm: 0.07 | dt: 8300.26ms | tok/sec: 126,330 | bf16_mfu: 5.06 | epoch: 1 pq: 128 rg: 18 | total time: 756.20m | eta: 12.0m
step 05482/05568 (98.46%) | loss: 2.374904 | lrm: 0.07 | dt: 8300.72ms | tok/sec: 126,323 | bf16_mfu: 5.06 | epoch: 1 pq: 128 rg: 20 | total time: 756.34m | eta: 11.9m
step 05483/05568 (98.47%) | loss: 2.373248 | lrm: 0.07 | dt: 8296.30ms | tok/sec: 126,390 | bf16_mfu: 5.07 | epoch: 1 pq: 128 rg: 22 | total time: 756.48m | eta: 11.7m
step 05484/05568 (98.49%) | loss: 2.375042 | lrm: 0.07 | dt: 8297.79ms | tok/sec: 126,368 | bf16_mfu: 5.06 | epoch: 1 pq: 128 rg: 24 | total time: 756.62m | eta: 11.6m
step 05485/05568 (98.51%) | loss: 2.386287 | lrm: 0.07 | dt: 8283.40ms | tok/sec: 126,587 | bf16_mfu: 5.07 | epoch: 1 pq: 128 rg: 26 | total time: 756.76m | eta: 11.5m
step 05486/05568 (98.53%) | loss: 2.377893 | lrm: 0.07 | dt: 8292.31ms | tok/sec: 126,451 | bf16_mfu: 5.07 | epoch: 1 pq: 128 rg: 28 | total time: 756.89m | eta: 11.3m
step 05487/05568 (98.55%) | loss: 2.368447 | lrm: 0.07 | dt: 8293.85ms | tok/sec: 126,428 | bf16_mfu: 5.07 | epoch: 1 pq: 128 rg: 30 | total time: 757.03m | eta: 11.2m
step 05488/05568 (98.56%) | loss: 2.381407 | lrm: 0.07 | dt: 8300.43ms | tok/sec: 126,327 | bf16_mfu: 5.06 | epoch: 1 pq: 128 rg: 32 | total time: 757.17m | eta: 11.1m
step 05489/05568 (98.58%) | loss: 2.395783 | lrm: 0.07 | dt: 8288.99ms | tok/sec: 126,502 | bf16_mfu: 5.07 | epoch: 1 pq: 128 rg: 34 | total time: 757.31m | eta: 10.9m
step 05490/05568 (98.60%) | loss: 2.376270 | lrm: 0.07 | dt: 8293.28ms | tok/sec: 126,436 | bf16_mfu: 5.07 | epoch: 1 pq: 128 rg: 36 | total time: 757.45m | eta: 10.8m
step 05491/05568 (98.62%) | loss: 2.361226 | lrm: 0.07 | dt: 8297.66ms | tok/sec: 126,370 | bf16_mfu: 5.06 | epoch: 1 pq: 128 rg: 38 | total time: 757.59m | eta: 10.6m
step 05492/05568 (98.64%) | loss: 2.362593 | lrm: 0.07 | dt: 8292.62ms | tok/sec: 126,446 | bf16_mfu: 5.07 | epoch: 1 pq: 128 rg: 40 | total time: 757.72m | eta: 10.5m
step 05493/05568 (98.65%) | loss: 2.349600 | lrm: 0.07 | dt: 8290.91ms | tok/sec: 126,472 | bf16_mfu: 5.07 | epoch: 1 pq: 128 rg: 42 | total time: 757.86m | eta: 10.4m
step 05494/05568 (98.67%) | loss: 2.342999 | lrm: 0.07 | dt: 8291.72ms | tok/sec: 126,460 | bf16_mfu: 5.07 | epoch: 1 pq: 128 rg: 44 | total time: 758.00m | eta: 10.2m
step 05495/05568 (98.69%) | loss: 2.346451 | lrm: 0.07 | dt: 8305.84ms | tok/sec: 126,245 | bf16_mfu: 5.06 | epoch: 1 pq: 128 rg: 46 | total time: 758.14m | eta: 10.1m
step 05496/05568 (98.71%) | loss: 2.348401 | lrm: 0.07 | dt: 8294.74ms | tok/sec: 126,414 | bf16_mfu: 5.07 | epoch: 1 pq: 128 rg: 48 | total time: 758.28m | eta: 10.0m
step 05497/05568 (98.72%) | loss: 2.328690 | lrm: 0.07 | dt: 8288.80ms | tok/sec: 126,505 | bf16_mfu: 5.07 | epoch: 1 pq: 128 rg: 50 | total time: 758.41m | eta: 9.8m
step 05498/05568 (98.74%) | loss: 2.297975 | lrm: 0.07 | dt: 8300.03ms | tok/sec: 126,334 | bf16_mfu: 5.06 | epoch: 1 pq: 128 rg: 52 | total time: 758.55m | eta: 9.7m
step 05499/05568 (98.76%) | loss: 2.308017 | lrm: 0.07 | dt: 8294.68ms | tok/sec: 126,415 | bf16_mfu: 5.07 | epoch: 1 pq: 128 rg: 54 | total time: 758.69m | eta: 9.5m
Step 05500 | Validation bpb: 0.719807
Evaluating: hellaswag_zeroshot (0-shot, type: multiple_choice)... accuracy: 0.5680 | centered: 0.4240 | time: 9.96s
Evaluating: jeopardy (10-shot, type: language_modeling)... accuracy: 0.0840 | centered: 0.0840 | time: 9.95s
Evaluating: bigbench_qa_wikidata (10-shot, type: language_modeling)... accuracy: 0.4780 | centered: 0.4780 | time: 9.88s
Evaluating: arc_easy (10-shot, type: multiple_choice)... accuracy: 0.6960 | centered: 0.5947 | time: 10.78s
Evaluating: arc_challenge (10-shot, type: multiple_choice)... accuracy: 0.4060 | centered: 0.2080 | time: 10.86s
Evaluating: copa (0-shot, type: multiple_choice)... accuracy: 0.6700 | centered: 0.3400 | time: 1.91s
Evaluating: commonsense_qa (10-shot, type: multiple_choice)... accuracy: 0.2360 | centered: 0.0450 | time: 11.05s
Evaluating: piqa (10-shot, type: multiple_choice)... accuracy: 0.7600 | centered: 0.5200 | time: 10.26s
Evaluating: openbook_qa (0-shot, type: multiple_choice)... accuracy: 0.4040 | centered: 0.2053 | time: 9.71s
Evaluating: lambada_openai (0-shot, type: language_modeling)... accuracy: 0.4300 | centered: 0.4300 | time: 9.71s
Evaluating: hellaswag (10-shot, type: multiple_choice)... accuracy: 0.5700 | centered: 0.4267 | time: 13.57s
Evaluating: winograd (0-shot, type: schema)... accuracy: 0.6630 | centered: 0.3260 | time: 5.33s
Evaluating: winogrande (0-shot, type: schema)... accuracy: 0.5700 | centered: 0.1400 | time: 9.63s
Evaluating: bigbench_dyck_languages (10-shot, type: language_modeling)... accuracy: 0.1240 | centered: 0.1240 | time: 10.11s
Evaluating: agi_eval_lsat_ar (3-shot, type: multiple_choice)... accuracy: 0.2696 | centered: 0.0870 | time: 6.05s
Evaluating: bigbench_cs_algorithms (10-shot, type: language_modeling)... accuracy: 0.4360 | centered: 0.4360 | time: 10.24s
Evaluating: bigbench_operators (10-shot, type: language_modeling)... accuracy: 0.1429 | centered: 0.1429 | time: 4.21s
Evaluating: bigbench_repeat_copy_logic (10-shot, type: language_modeling)... accuracy: 0.0000 | centered: 0.0000 | time: 0.66s
Evaluating: squad (10-shot, type: language_modeling)... accuracy: 0.4100 | centered: 0.4100 | time: 11.91s
Evaluating: coqa (0-shot, type: language_modeling)... accuracy: 0.2920 | centered: 0.2920 | time: 10.08s
Evaluating: boolq (10-shot, type: multiple_choice)... accuracy: 0.5580 | centered: -0.1632 | time: 13.16s
Evaluating: bigbench_language_identification (10-shot, type: multiple_choice)... accuracy: 0.2380 | centered: 0.1617 | time: 21.28s
Step 05500 | CORE metric: 0.2596
2026-10-08 09:31:53,308 - nanochat.checkpoint_manager - [32m[1mINFO[0m - Saved model parameters to: /home/astarostin/.cache/nanochat/base_checkpoints/d24_1xh100/model_005500.pt
2026-10-08 09:31:53,309 - nanochat.checkpoint_manager - [32m[1mINFO[0m - Saved metadata to: /home/astarostin/.cache/nanochat/base_checkpoints/d24_1xh100/meta_005500.json
2026-10-08 09:32:01,105 - nanochat.checkpoint_manager - [32m[1mINFO[0m - Saved optimizer state to: /home/astarostin/.cache/nanochat/base_checkpoints/d24_1xh100/optim_005500_rank0.pt
step 05500/05568 (98.78%) | loss: 2.318789 | lrm: 0.07 | dt: 8230.34ms | tok/sec: 127,403 | bf16_mfu: 5.11 | epoch: 1 pq: 128 rg: 55 | total time: 758.83m | eta: 9.4m
step 05501/05568 (98.80%) | loss: 2.316368 | lrm: 0.07 | dt: 8249.00ms | tok/sec: 127,115 | bf16_mfu: 5.09 | epoch: 1 pq: 128 rg: 57 | total time: 758.97m | eta: 9.3m
step 05502/05568 (98.81%) | loss: 2.312856 | lrm: 0.07 | dt: 8263.27ms | tok/sec: 126,896 | bf16_mfu: 5.09 | epoch: 1 pq: 128 rg: 59 | total time: 759.10m | eta: 9.1m
step 05503/05568 (98.83%) | loss: 2.326198 | lrm: 0.07 | dt: 8278.94ms | tok/sec: 126,655 | bf16_mfu: 5.08 | epoch: 1 pq: 128 rg: 61 | total time: 759.24m | eta: 9.0m
step 05504/05568 (98.85%) | loss: 2.327731 | lrm: 0.07 | dt: 8273.87ms | tok/sec: 126,733 | bf16_mfu: 5.08 | epoch: 1 pq: 128 rg: 63 | total time: 759.38m | eta: 8.8m
step 05505/05568 (98.87%) | loss: 2.335533 | lrm: 0.07 | dt: 8285.41ms | tok/sec: 126,556 | bf16_mfu: 5.07 | epoch: 1 pq: 128 rg: 65 | total time: 759.52m | eta: 8.7m
step 05506/05568 (98.89%) | loss: 2.347740 | lrm: 0.07 | dt: 8285.40ms | tok/sec: 126,557 | bf16_mfu: 5.07 | epoch: 1 pq: 128 rg: 67 | total time: 759.66m | eta: 8.6m
step 05507/05568 (98.90%) | loss: 2.352302 | lrm: 0.07 | dt: 8278.92ms | tok/sec: 126,656 | bf16_mfu: 5.08 | epoch: 1 pq: 128 rg: 69 | total time: 759.79m | eta: 8.4m
step 05508/05568 (98.92%) | loss: 2.350312 | lrm: 0.07 | dt: 8305.75ms | tok/sec: 126,246 | bf16_mfu: 5.06 | epoch: 1 pq: 128 rg: 71 | total time: 759.93m | eta: 8.3m
step 05509/05568 (98.94%) | loss: 2.345307 | lrm: 0.07 | dt: 8289.36ms | tok/sec: 126,496 | bf16_mfu: 5.07 | epoch: 1 pq: 128 rg: 73 | total time: 760.07m | eta: 8.2m
step 05510/05568 (98.96%) | loss: 2.330376 | lrm: 0.07 | dt: 8287.13ms | tok/sec: 126,530 | bf16_mfu: 5.07 | epoch: 1 pq: 128 rg: 75 | total time: 760.21m | eta: 8.0m
step 05511/05568 (98.98%) | loss: 2.347265 | lrm: 0.06 | dt: 8281.91ms | tok/sec: 126,610 | bf16_mfu: 5.07 | epoch: 1 pq: 128 rg: 77 | total time: 760.35m | eta: 7.9m
step 05512/05568 (98.99%) | loss: 2.346720 | lrm: 0.06 | dt: 8287.84ms | tok/sec: 126,519 | bf16_mfu: 5.07 | epoch: 1 pq: 128 rg: 79 | total time: 760.48m | eta: 7.7m
step 05513/05568 (99.01%) | loss: 2.335022 | lrm: 0.06 | dt: 8293.03ms | tok/sec: 126,440 | bf16_mfu: 5.07 | epoch: 1 pq: 128 rg: 80 | total time: 760.62m | eta: 7.6m
step 05514/05568 (99.03%) | loss: 2.322384 | lrm: 0.06 | dt: 8288.99ms | tok/sec: 126,502 | bf16_mfu: 5.07 | epoch: 1 pq: 128 rg: 82 | total time: 760.76m | eta: 7.5m
step 05515/05568 (99.05%) | loss: 2.340518 | lrm: 0.06 | dt: 8292.37ms | tok/sec: 126,450 | bf16_mfu: 5.07 | epoch: 1 pq: 129 rg: 1 | total time: 760.90m | eta: 7.3m
step 05516/05568 (99.07%) | loss: 2.337659 | lrm: 0.06 | dt: 8292.08ms | tok/sec: 126,455 | bf16_mfu: 5.07 | epoch: 1 pq: 129 rg: 3 | total time: 761.04m | eta: 7.2m
step 05517/05568 (99.08%) | loss: 2.355844 | lrm: 0.06 | dt: 8303.49ms | tok/sec: 126,281 | bf16_mfu: 5.06 | epoch: 1 pq: 129 rg: 5 | total time: 761.18m | eta: 7.0m
step 05518/05568 (99.10%) | loss: 2.346692 | lrm: 0.06 | dt: 8292.10ms | tok/sec: 126,454 | bf16_mfu: 5.07 | epoch: 1 pq: 129 rg: 7 | total time: 761.31m | eta: 6.9m
step 05519/05568 (99.12%) | loss: 2.342438 | lrm: 0.06 | dt: 8295.68ms | tok/sec: 126,400 | bf16_mfu: 5.07 | epoch: 1 pq: 129 rg: 9 | total time: 761.45m | eta: 6.8m
step 05520/05568 (99.14%) | loss: 2.343003 | lrm: 0.06 | dt: 8301.33ms | tok/sec: 126,314 | bf16_mfu: 5.06 | epoch: 1 pq: 129 rg: 11 | total time: 761.59m | eta: 6.6m
step 05521/05568 (99.16%) | loss: 2.344071 | lrm: 0.06 | dt: 8302.11ms | tok/sec: 126,302 | bf16_mfu: 5.06 | epoch: 1 pq: 129 rg: 13 | total time: 761.73m | eta: 6.5m
step 05522/05568 (99.17%) | loss: 2.340316 | lrm: 0.06 | dt: 8292.32ms | tok/sec: 126,451 | bf16_mfu: 5.07 | epoch: 1 pq: 129 rg: 15 | total time: 761.87m | eta: 6.4m
step 05523/05568 (99.19%) | loss: 2.338854 | lrm: 0.06 | dt: 8295.82ms | tok/sec: 126,398 | bf16_mfu: 5.07 | epoch: 1 pq: 129 rg: 17 | total time: 762.01m | eta: 6.2m
step 05524/05568 (99.21%) | loss: 2.328178 | lrm: 0.06 | dt: 8303.24ms | tok/sec: 126,285 | bf16_mfu: 5.06 | epoch: 1 pq: 129 rg: 19 | total time: 762.14m | eta: 6.1m
step 05525/05568 (99.23%) | loss: 2.332796 | lrm: 0.06 | dt: 8286.88ms | tok/sec: 126,534 | bf16_mfu: 5.07 | epoch: 1 pq: 129 rg: 21 | total time: 762.28m | eta: 5.9m
step 05526/05568 (99.25%) | loss: 2.329074 | lrm: 0.06 | dt: 8301.77ms | tok/sec: 126,307 | bf16_mfu: 5.06 | epoch: 1 pq: 129 rg: 23 | total time: 762.42m | eta: 5.8m
step 05527/05568 (99.26%) | loss: 2.329481 | lrm: 0.06 | dt: 8295.47ms | tok/sec: 126,403 | bf16_mfu: 5.07 | epoch: 1 pq: 129 rg: 24 | total time: 762.56m | eta: 5.7m
step 05528/05568 (99.28%) | loss: 2.335487 | lrm: 0.06 | dt: 8292.96ms | tok/sec: 126,441 | bf16_mfu: 5.07 | epoch: 1 pq: 129 rg: 26 | total time: 762.70m | eta: 5.5m
step 05529/05568 (99.30%) | loss: 2.343109 | lrm: 0.06 | dt: 8292.24ms | tok/sec: 126,452 | bf16_mfu: 5.07 | epoch: 1 pq: 129 rg: 28 | total time: 762.83m | eta: 5.4m
step 05530/05568 (99.32%) | loss: 2.347694 | lrm: 0.06 | dt: 8291.03ms | tok/sec: 126,471 | bf16_mfu: 5.07 | epoch: 1 pq: 129 rg: 30 | total time: 762.97m | eta: 5.3m
step 05531/05568 (99.34%) | loss: 2.344097 | lrm: 0.06 | dt: 8296.07ms | tok/sec: 126,394 | bf16_mfu: 5.07 | epoch: 1 pq: 129 rg: 32 | total time: 763.11m | eta: 5.1m
step 05532/05568 (99.35%) | loss: 2.350666 | lrm: 0.06 | dt: 8302.45ms | tok/sec: 126,297 | bf16_mfu: 5.06 | epoch: 1 pq: 129 rg: 34 | total time: 763.25m | eta: 5.0m
step 05533/05568 (99.37%) | loss: 2.358922 | lrm: 0.06 | dt: 8299.62ms | tok/sec: 126,340 | bf16_mfu: 5.06 | epoch: 1 pq: 129 rg: 36 | total time: 763.39m | eta: 4.8m
step 05534/05568 (99.39%) | loss: 2.340448 | lrm: 0.06 | dt: 8288.60ms | tok/sec: 126,508 | bf16_mfu: 5.07 | epoch: 1 pq: 129 rg: 38 | total time: 763.53m | eta: 4.7m
step 05535/05568 (99.41%) | loss: 2.349155 | lrm: 0.06 | dt: 8303.51ms | tok/sec: 126,281 | bf16_mfu: 5.06 | epoch: 1 pq: 129 rg: 40 | total time: 763.66m | eta: 4.6m
step 05536/05568 (99.43%) | loss: 2.339548 | lrm: 0.06 | dt: 8299.71ms | tok/sec: 126,338 | bf16_mfu: 5.06 | epoch: 1 pq: 129 rg: 42 | total time: 763.80m | eta: 4.4m
step 05537/05568 (99.44%) | loss: 2.329394 | lrm: 0.06 | dt: 8306.31ms | tok/sec: 126,238 | bf16_mfu: 5.06 | epoch: 1 pq: 129 rg: 44 | total time: 763.94m | eta: 4.3m
step 05538/05568 (99.46%) | loss: 2.335738 | lrm: 0.06 | dt: 8291.07ms | tok/sec: 126,470 | bf16_mfu: 5.07 | epoch: 1 pq: 129 rg: 46 | total time: 764.08m | eta: 4.1m
step 05539/05568 (99.48%) | loss: 2.337605 | lrm: 0.06 | dt: 8295.31ms | tok/sec: 126,405 | bf16_mfu: 5.07 | epoch: 1 pq: 129 rg: 48 | total time: 764.22m | eta: 4.0m
step 05540/05568 (99.50%) | loss: 2.337012 | lrm: 0.06 | dt: 8291.15ms | tok/sec: 126,469 | bf16_mfu: 5.07 | epoch: 1 pq: 129 rg: 50 | total time: 764.36m | eta: 3.9m
step 05541/05568 (99.52%) | loss: 2.341757 | lrm: 0.06 | dt: 8296.44ms | tok/sec: 126,388 | bf16_mfu: 5.07 | epoch: 1 pq: 129 rg: 51 | total time: 764.49m | eta: 3.7m
step 05542/05568 (99.53%) | loss: 2.342398 | lrm: 0.06 | dt: 8300.39ms | tok/sec: 126,328 | bf16_mfu: 5.06 | epoch: 1 pq: 129 rg: 53 | total time: 764.63m | eta: 3.6m
step 05543/05568 (99.55%) | loss: 2.343088 | lrm: 0.06 | dt: 8295.50ms | tok/sec: 126,402 | bf16_mfu: 5.07 | epoch: 1 pq: 129 rg: 55 | total time: 764.77m | eta: 3.5m
step 05544/05568 (99.57%) | loss: 2.340530 | lrm: 0.06 | dt: 8301.96ms | tok/sec: 126,304 | bf16_mfu: 5.06 | epoch: 1 pq: 129 rg: 57 | total time: 764.91m | eta: 3.3m
step 05545/05568 (99.59%) | loss: 2.345630 | lrm: 0.06 | dt: 8297.84ms | tok/sec: 126,367 | bf16_mfu: 5.06 | epoch: 1 pq: 129 rg: 59 | total time: 765.05m | eta: 3.2m
step 05546/05568 (99.60%) | loss: 2.325838 | lrm: 0.06 | dt: 8297.18ms | tok/sec: 126,377 | bf16_mfu: 5.06 | epoch: 1 pq: 129 rg: 61 | total time: 765.19m | eta: 3.0m
step 05547/05568 (99.62%) | loss: 2.336024 | lrm: 0.06 | dt: 8298.41ms | tok/sec: 126,358 | bf16_mfu: 5.06 | epoch: 1 pq: 129 rg: 63 | total time: 765.32m | eta: 2.9m
step 05548/05568 (99.64%) | loss: 2.340555 | lrm: 0.06 | dt: 8300.09ms | tok/sec: 126,333 | bf16_mfu: 5.06 | epoch: 1 pq: 129 rg: 65 | total time: 765.46m | eta: 2.8m
step 05549/05568 (99.66%) | loss: 2.355574 | lrm: 0.05 | dt: 8299.28ms | tok/sec: 126,345 | bf16_mfu: 5.06 | epoch: 1 pq: 129 rg: 67 | total time: 765.60m | eta: 2.6m
step 05550/05568 (99.68%) | loss: 2.323363 | lrm: 0.05 | dt: 8306.32ms | tok/sec: 126,238 | bf16_mfu: 5.06 | epoch: 1 pq: 129 rg: 69 | total time: 765.74m | eta: 2.5m
step 05551/05568 (99.69%) | loss: 2.342104 | lrm: 0.05 | dt: 8301.35ms | tok/sec: 126,313 | bf16_mfu: 5.06 | epoch: 1 pq: 129 rg: 71 | total time: 765.88m | eta: 2.3m
step 05552/05568 (99.71%) | loss: 2.354677 | lrm: 0.05 | dt: 8298.44ms | tok/sec: 126,358 | bf16_mfu: 5.06 | epoch: 1 pq: 129 rg: 73 | total time: 766.02m | eta: 2.2m
step 05553/05568 (99.73%) | loss: 2.362372 | lrm: 0.05 | dt: 8295.43ms | tok/sec: 126,404 | bf16_mfu: 5.07 | epoch: 1 pq: 129 rg: 75 | total time: 766.15m | eta: 2.1m
step 05554/05568 (99.75%) | loss: 2.351202 | lrm: 0.05 | dt: 8292.83ms | tok/sec: 126,443 | bf16_mfu: 5.07 | epoch: 1 pq: 129 rg: 77 | total time: 766.29m | eta: 1.9m
step 05555/05568 (99.77%) | loss: 2.342365 | lrm: 0.05 | dt: 8289.78ms | tok/sec: 126,490 | bf16_mfu: 5.07 | epoch: 1 pq: 129 rg: 79 | total time: 766.43m | eta: 1.8m
step 05556/05568 (99.78%) | loss: 2.347497 | lrm: 0.05 | dt: 8292.82ms | tok/sec: 126,443 | bf16_mfu: 5.07 | epoch: 1 pq: 129 rg: 81 | total time: 766.57m | eta: 1.7m
step 05557/05568 (99.80%) | loss: 2.345617 | lrm: 0.05 | dt: 8298.54ms | tok/sec: 126,356 | bf16_mfu: 5.06 | epoch: 1 pq: 130 rg: 0 | total time: 766.71m | eta: 1.5m
step 05558/05568 (99.82%) | loss: 2.369899 | lrm: 0.05 | dt: 8352.62ms | tok/sec: 125,538 | bf16_mfu: 5.03 | epoch: 1 pq: 130 rg: 2 | total time: 766.85m | eta: 1.4m
step 05559/05568 (99.84%) | loss: 2.362749 | lrm: 0.05 | dt: 8295.73ms | tok/sec: 126,399 | bf16_mfu: 5.07 | epoch: 1 pq: 130 rg: 4 | total time: 766.98m | eta: 1.2m
step 05560/05568 (99.86%) | loss: 2.355888 | lrm: 0.05 | dt: 8302.23ms | tok/sec: 126,300 | bf16_mfu: 5.06 | epoch: 1 pq: 130 rg: 6 | total time: 767.12m | eta: 1.1m
step 05561/05568 (99.87%) | loss: 2.357525 | lrm: 0.05 | dt: 8302.13ms | tok/sec: 126,302 | bf16_mfu: 5.06 | epoch: 1 pq: 130 rg: 8 | total time: 767.26m | eta: 1.0m
step 05562/05568 (99.89%) | loss: 2.367824 | lrm: 0.05 | dt: 8287.31ms | tok/sec: 126,527 | bf16_mfu: 5.07 | epoch: 1 pq: 130 rg: 10 | total time: 767.40m | eta: 0.8m
step 05563/05568 (99.91%) | loss: 2.354142 | lrm: 0.05 | dt: 8303.17ms | tok/sec: 126,286 | bf16_mfu: 5.06 | epoch: 1 pq: 130 rg: 12 | total time: 767.54m | eta: 0.7m
step 05564/05568 (99.93%) | loss: 2.366469 | lrm: 0.05 | dt: 8298.85ms | tok/sec: 126,352 | bf16_mfu: 5.06 | epoch: 1 pq: 130 rg: 14 | total time: 767.68m | eta: 0.6m
step 05565/05568 (99.95%) | loss: 2.345931 | lrm: 0.05 | dt: 8287.68ms | tok/sec: 126,522 | bf16_mfu: 5.07 | epoch: 1 pq: 130 rg: 16 | total time: 767.81m | eta: 0.4m
step 05566/05568 (99.96%) | loss: 2.356388 | lrm: 0.05 | dt: 8317.91ms | tok/sec: 126,062 | bf16_mfu: 5.05 | epoch: 1 pq: 130 rg: 18 | total time: 767.95m | eta: 0.3m
step 05567/05568 (99.98%) | loss: 2.367534 | lrm: 0.05 | dt: 8299.43ms | tok/sec: 126,343 | bf16_mfu: 5.06 | epoch: 1 pq: 130 rg: 20 | total time: 768.09m | eta: 0.1m
Step 05568 | Validation bpb: 0.719344
Evaluating: hellaswag_zeroshot (0-shot, type: multiple_choice)... accuracy: 0.5640 | centered: 0.4187 | time: 11.04s
Evaluating: jeopardy (10-shot, type: language_modeling)... accuracy: 0.0880 | centered: 0.0880 | time: 11.02s
Evaluating: bigbench_qa_wikidata (10-shot, type: language_modeling)... accuracy: 0.4740 | centered: 0.4740 | time: 10.87s
Evaluating: arc_easy (10-shot, type: multiple_choice)... accuracy: 0.6920 | centered: 0.5893 | time: 11.69s
Evaluating: arc_challenge (10-shot, type: multiple_choice)... accuracy: 0.4080 | centered: 0.2107 | time: 12.02s
Evaluating: copa (0-shot, type: multiple_choice)... accuracy: 0.6600 | centered: 0.3200 | time: 2.20s
Evaluating: commonsense_qa (10-shot, type: multiple_choice)... accuracy: 0.2280 | centered: 0.0350 | time: 12.17s
Evaluating: piqa (10-shot, type: multiple_choice)... accuracy: 0.7560 | centered: 0.5120 | time: 11.35s
Evaluating: openbook_qa (0-shot, type: multiple_choice)... accuracy: 0.4040 | centered: 0.2053 | time: 10.90s
Evaluating: lambada_openai (0-shot, type: language_modeling)... accuracy: 0.4240 | centered: 0.4240 | time: 11.13s
Evaluating: hellaswag (10-shot, type: multiple_choice)... accuracy: 0.5720 | centered: 0.4293 | time: 14.00s
Evaluating: winograd (0-shot, type: schema)... accuracy: 0.6447 | centered: 0.2894 | time: 5.96s
Evaluating: winogrande (0-shot, type: schema)... accuracy: 0.5520 | centered: 0.1040 | time: 10.65s
Evaluating: bigbench_dyck_languages (10-shot, type: language_modeling)... accuracy: 0.1300 | centered: 0.1300 | time: 11.20s
Evaluating: agi_eval_lsat_ar (3-shot, type: multiple_choice)... accuracy: 0.2565 | centered: 0.0707 | time: 6.24s
Evaluating: bigbench_cs_algorithms (10-shot, type: language_modeling)... accuracy: 0.4320 | centered: 0.4320 | time: 11.24s
Evaluating: bigbench_operators (10-shot, type: language_modeling)... accuracy: 0.1476 | centered: 0.1476 | time: 4.65s
Evaluating: bigbench_repeat_copy_logic (10-shot, type: language_modeling)... accuracy: 0.0000 | centered: 0.0000 | time: 0.72s
Evaluating: squad (10-shot, type: language_modeling)... accuracy: 0.4160 | centered: 0.4160 | time: 13.25s
Evaluating: coqa (0-shot, type: language_modeling)... accuracy: 0.2920 | centered: 0.2920 | time: 11.22s
Evaluating: boolq (10-shot, type: multiple_choice)... accuracy: 0.5540 | centered: -0.1737 | time: 13.85s
Evaluating: bigbench_language_identification (10-shot, type: multiple_choice)... accuracy: 0.2620 | centered: 0.1881 | time: 21.36s
Step 05568 | CORE metric: 0.2547
<|bos|>The capital of France is Paris, the capital of France is Paris, the capital of France is Paris,
<|bos|>The chemical symbol of gold is Au. It is a soft, malleable, and ductile metal. It
<|bos|>If yesterday was Friday, then tomorrow will be Saturday. If yesterday was Monday, then tomorrow will be Sunday. If yesterday was
<|bos|>The opposite of hot is cold. The opposite of cold is hot. The opposite of hot is cold.
<|bos|>The planets of the solar system are: Mercury, Venus, Earth, Mars, Jupiter, Saturn, Uranus, Ne
<|bos|>My favorite color is blue. I love the color blue. I love the color blue. I love
<|bos|>If 5*x + 3 = 13, then x is a prime number. If 5*x + 3 = 13,
2026-10-08 09:47:43,205 - nanochat.checkpoint_manager - [32m[1mINFO[0m - Saved model parameters to: /home/astarostin/.cache/nanochat/base_checkpoints/d24_1xh100/model_005568.pt
2026-10-08 09:47:43,206 - nanochat.checkpoint_manager - [32m[1mINFO[0m - Saved metadata to: /home/astarostin/.cache/nanochat/base_checkpoints/d24_1xh100/meta_005568.json
2026-10-08 09:47:51,270 - nanochat.checkpoint_manager - [32m[1mINFO[0m - Saved optimizer state to: /home/astarostin/.cache/nanochat/base_checkpoints/d24_1xh100/optim_005568_rank0.pt
Peak memory usage: 52672.91MiB
Peak memory reserved: 53474.00MiB
Total training time: 768.09m
Minimum validation bpb: 0.719344
wandb:                                                                                
wandb: 
wandb: Run history:
wandb:          core_metric ▁▃▄▄▅▆▇▇█▇██
wandb:                 step ▁▁▂▂▂▂▂▃▃▃▄▄▄▄▄▄▅▅▅▅▅▅▆▆▆▆▆▆▆▇▇▇▇▇▇█████
wandb: total_training_flops ▁▁▁▁▁▂▂▂▂▃▃▃▃▄▄▄▄▄▄▅▅▅▅▅▅▆▆▆▆▆▆▆▆▆▇▇▇▇██
wandb:  total_training_time ▁▁▂▂▂▂▂▂▃▃▃▃▃▃▃▃▄▄▄▄▄▄▄▄▄▅▅▅▅▆▆▆▆▆▇▇▇▇██
wandb:             train/dt ▇██▇▅▅▃▄▄▁▄▄▄▂▆▃▂▄▂▄▃▁▁▃▃▃▄▃▂▂▂▄▃▄▃▃▄▄▄▄
wandb:           train/loss █▆▄▃▄▃▃▃▃▃▃▃▃▃▃▂▂▃▃▂▂▂▂▂▂▂▁▁▁▁▁▁▁▁▁▁▁▁▁▁
wandb:       train/loss_raw █▇▃▃▂▂▂▁▂▂▂▂▂▂▂▂▂▂▂▁▂▁▂▂▂▁▁▁▂▂▁▁▂▁▁▂▁▁▁▁
wandb:      train/lr_matrix █████████████████▇▇▇▇▇▆▆▆▆▆▆▆▆▄▄▄▃▃▃▂▂▁▁
wandb:            train/lrm ▁▂█████████████▇▇▇▇▆▆▅▅▄▄▃▃▃▃▃▂▂▂▂▂▂▂▁▁▁
wandb:            train/mfu ▂▁▄▃▃▆▅▅▅▄▅▅▅▅▅█▇▅█▅▅▅▆█▆██▆▅▆█▇█▅▆▆▅▅▅▅
wandb:                   +3 ...
wandb: 
wandb: Run summary:
wandb:          core_metric 0.25466
wandb:                 step 5568
wandb: total_training_flops 2314207895035576320
wandb:  total_training_time 46085.46421
wandb:             train/dt 8.29943
wandb:          train/epoch 1 pq: 130 rg: 20
wandb:           train/loss 2.36753
wandb:       train/loss_raw 2.46785
wandb:      train/lr_matrix 0.00142
wandb:            train/lrm 0.05026
wandb:                   +4 ...
wandb: 
wandb: You can sync this run to the cloud by running:
wandb: wandb sync /home/astarostin/projects/lut_nanochat_wt/experiments/lut_nanochat/nanochat/wandb/offline-run-20261007_190546-d24-dense-1xh100-s0-4bad20ea
wandb: Find logs at: ./wandb/offline-run-20261007_190546-d24-dense-1xh100-s0-4bad20ea/logs
