step,param_name,weight_norm,delta_norm,rel_delta
200,tok_emb_E.weight,2.048195e+02,4.407757e+00,2.152021e-02
200,emb_resid_lut.weights,1.300000e+01,1.293750e+01,9.951923e-01
200,emb_resid_lut.log_soft_score_temp,7.072642e-01,1.411700e-02,1.996001e-02
200,emb_resid_lut.log_select_temp,7.072130e-01,1.406580e-02,1.988906e-02
200,unembedder.weight,1.070367e+02,2.562456e+01,2.393997e-01
200,layers.0.qk_lut.weights,6.625000e+00,6.562500e+00,9.905660e-01
200,layers.0.qk_lut.log_soft_score_temp,6.996951e-01,6.547868e-03,9.358174e-03
200,layers.0.qk_lut.log_select_temp,6.985331e-01,5.385876e-03,7.710266e-03
200,layers.0.v_lut.weights,8.437500e+00,8.312500e+00,9.851852e-01
200,layers.0.v_lut.log_soft_score_temp,7.025912e-01,9.444058e-03,1.344175e-02
200,layers.0.v_lut.log_select_temp,7.024940e-01,9.346783e-03,1.330514e-02
200,layers.0.out_proj.weights,2.100000e+01,2.075000e+01,9.880952e-01
200,layers.0.out_proj.log_soft_score_temp,7.010254e-01,7.878184e-03,1.123809e-02
200,layers.0.out_proj.log_select_temp,7.015657e-01,8.418500e-03,1.199959e-02
200,layers.0.residual_lut.weights,1.118750e+01,1.112500e+01,9.944134e-01
200,layers.0.residual_lut.log_soft_score_temp,6.894088e-01,3.738403e-03,5.422622e-03
200,layers.0.residual_lut.log_select_temp,6.923414e-01,8.057952e-04,1.163870e-03
200,layers.0.q_norm.weight,8.044805e+00,5.352990e-02,6.653972e-03
200,layers.0.q_norm.bias,2.480957e-02,2.480957e-02,1.000000e+00
200,layers.0.k_norm.weight,8.042595e+00,5.109104e-02,6.352556e-03
200,layers.0.k_norm.bias,3.376380e-02,3.376380e-02,1.000000e+00
200,layers.1.qk_lut.weights,6.625000e+00,6.531250e+00,9.858491e-01
200,layers.1.qk_lut.log_soft_score_temp,6.914235e-01,1.723707e-03,2.492983e-03
200,layers.1.qk_lut.log_select_temp,6.958316e-01,2.684414e-03,3.857851e-03
200,layers.1.v_lut.weights,8.437500e+00,8.312500e+00,9.851852e-01
200,layers.1.v_lut.log_soft_score_temp,7.000189e-01,6.871700e-03,9.816450e-03
200,layers.1.v_lut.log_select_temp,7.002777e-01,7.130504e-03,1.018239e-02
200,layers.1.out_proj.weights,2.337500e+01,2.312500e+01,9.893048e-01
200,layers.1.out_proj.log_soft_score_temp,6.923262e-01,8.209348e-04,1.185763e-03
200,layers.1.out_proj.log_select_temp,6.928213e-01,3.259182e-04,4.704218e-04
200,layers.1.residual_lut.weights,1.125000e+01,1.118750e+01,9.944444e-01
200,layers.1.residual_lut.log_soft_score_temp,6.874875e-01,5.659640e-03,8.232353e-03
200,layers.1.residual_lut.log_select_temp,6.899799e-01,3.167272e-03,4.590382e-03
200,layers.1.q_norm.weight,8.018338e+00,2.932332e-02,3.657032e-03
200,layers.1.q_norm.bias,2.237343e-02,2.237343e-02,1.000000e+00
200,layers.1.k_norm.weight,8.018370e+00,2.957558e-02,3.688478e-03
200,layers.1.k_norm.bias,3.528958e-02,3.528958e-02,1.000000e+00
200,layers.2.qk_lut.weights,6.875000e+00,6.781250e+00,9.863636e-01
200,layers.2.qk_lut.log_soft_score_temp,6.892931e-01,3.854096e-03,5.591375e-03
200,layers.2.qk_lut.log_select_temp,6.940338e-01,8.866191e-04,1.277487e-03
200,layers.2.v_lut.weights,9.250000e+00,9.125000e+00,9.864865e-01
200,layers.2.v_lut.log_soft_score_temp,6.982499e-01,5.102694e-03,7.307834e-03
200,layers.2.v_lut.log_select_temp,6.988153e-01,5.668104e-03,8.111018e-03
200,layers.2.out_proj.weights,2.950000e+01,2.937500e+01,9.957627e-01
200,layers.2.out_proj.log_soft_score_temp,6.932191e-01,7.188320e-05,1.036948e-04
200,layers.2.out_proj.log_select_temp,6.934885e-01,3.412962e-04,4.921440e-04
200,layers.2.residual_lut.weights,1.256250e+01,1.250000e+01,9.950249e-01
200,layers.2.residual_lut.log_soft_score_temp,6.887636e-01,4.383564e-03,6.364395e-03
200,layers.2.residual_lut.log_select_temp,6.911070e-01,2.040207e-03,2.952086e-03
200,layers.2.q_norm.weight,8.017257e+00,3.359659e-02,4.190535e-03
200,layers.2.q_norm.bias,2.951370e-02,2.951370e-02,1.000000e+00
200,layers.2.k_norm.weight,8.017124e+00,3.299798e-02,4.115938e-03
200,layers.2.k_norm.bias,4.237132e-02,4.237132e-02,1.000000e+00
200,layers.3.qk_lut.weights,7.187500e+00,7.093750e+00,9.869565e-01
200,layers.3.qk_lut.log_soft_score_temp,6.944740e-01,1.326799e-03,1.910510e-03
200,layers.3.qk_lut.log_select_temp,6.956944e-01,2.547204e-03,3.661384e-03
200,layers.3.v_lut.weights,1.031250e+01,1.018750e+01,9.878788e-01
200,layers.3.v_lut.log_soft_score_temp,6.939345e-01,7.873178e-04,1.134571e-03
200,layers.3.v_lut.log_select_temp,6.940143e-01,8.670688e-04,1.249353e-03
200,layers.3.out_proj.weights,3.100000e+01,3.087500e+01,9.959677e-01
200,layers.3.out_proj.log_soft_score_temp,6.901339e-01,3.013253e-03,4.366186e-03
200,layers.3.out_proj.log_select_temp,6.902849e-01,2.862275e-03,4.146512e-03
200,layers.3.residual_lut.weights,1.462500e+01,1.456250e+01,9.957265e-01
200,layers.3.residual_lut.log_soft_score_temp,6.891034e-01,4.043758e-03,5.868144e-03
200,layers.3.residual_lut.log_select_temp,6.910059e-01,2.141297e-03,3.098811e-03
200,layers.3.q_norm.weight,7.997910e+00,9.219966e-03,1.152797e-03
200,layers.3.q_norm.bias,7.707230e-03,7.707230e-03,1.000000e+00
200,layers.3.k_norm.weight,7.997846e+00,9.191643e-03,1.149265e-03
200,layers.3.k_norm.bias,1.147940e-02,1.147940e-02,1.000000e+00
200,layers.4.qk_lut.weights,7.593750e+00,7.531250e+00,9.917695e-01
200,layers.4.qk_lut.log_soft_score_temp,6.931131e-01,3.403425e-05,4.910346e-05
200,layers.4.qk_lut.log_select_temp,6.948486e-01,1.701415e-03,2.448612e-03
200,layers.4.v_lut.weights,1.231250e+01,1.225000e+01,9.949239e-01
200,layers.4.v_lut.log_soft_score_temp,6.943248e-01,1.177609e-03,1.696049e-03
200,layers.4.v_lut.log_select_temp,6.942924e-01,1.145244e-03,1.649512e-03
200,layers.4.out_proj.weights,4.175000e+01,4.175000e+01,1.000000e+00
200,layers.4.out_proj.log_soft_score_temp,6.929512e-01,1.959801e-04,2.828194e-04
200,layers.4.out_proj.log_select_temp,6.930475e-01,9.971857e-05,1.438842e-04
200,layers.4.residual_lut.weights,1.900000e+01,1.900000e+01,1.000000e+00
200,layers.4.residual_lut.log_soft_score_temp,6.907612e-01,2.385974e-03,3.454123e-03
200,layers.4.residual_lut.log_select_temp,6.921588e-01,9.883642e-04,1.427944e-03
200,layers.4.q_norm.weight,8.009890e+00,2.058286e-02,2.569681e-03
200,layers.4.q_norm.bias,1.402621e-02,1.402621e-02,1.000000e+00
200,layers.4.k_norm.weight,8.009625e+00,2.005646e-02,2.504044e-03
200,layers.4.k_norm.bias,2.149082e-02,2.149082e-02,1.000000e+00
200,layers.5.qk_lut.weights,9.625000e+00,9.562500e+00,9.935065e-01
200,layers.5.qk_lut.log_soft_score_temp,6.922318e-01,9.154081e-04,1.322401e-03
200,layers.5.qk_lut.log_select_temp,6.927111e-01,4.360676e-04,6.295086e-04
200,layers.5.v_lut.weights,1.687500e+01,1.675000e+01,9.925926e-01
200,layers.5.v_lut.log_soft_score_temp,6.938592e-01,7.119775e-04,1.026112e-03
200,layers.5.v_lut.log_select_temp,6.937722e-01,6.250143e-04,9.008927e-04
200,layers.5.out_proj.weights,4.650000e+01,4.650000e+01,1.000000e+00
200,layers.5.out_proj.log_soft_score_temp,6.936467e-01,4.995465e-04,7.201743e-04
200,layers.5.out_proj.log_select_temp,6.937702e-01,6.230474e-04,8.980601e-04
200,layers.5.residual_lut.weights,2.175000e+01,2.162500e+01,9.942529e-01
200,layers.5.residual_lut.log_soft_score_temp,6.920737e-01,1.073480e-03,1.551106e-03
200,layers.5.residual_lut.log_select_temp,6.930646e-01,8.261204e-05,1.191982e-04
200,layers.5.q_norm.weight,8.003659e+00,1.630593e-02,2.037310e-03
200,layers.5.q_norm.bias,9.846439e-03,9.846439e-03,1.000000e+00
200,layers.5.k_norm.weight,8.003257e+00,1.565485e-02,1.956059e-03
200,layers.5.k_norm.bias,1.506570e-02,1.506570e-02,1.000000e+00
200,ln_final.weight,1.987944e+01,2.836891e-01,1.427047e-02
200,ln_final.bias,2.722077e-01,2.722077e-01,1.000000e+00
400,tok_emb_E.weight,2.051152e+02,1.138894e+01,5.552460e-02
400,emb_resid_lut.weights,3.525000e+01,2.800000e+01,7.943262e-01
400,emb_resid_lut.log_soft_score_temp,7.466179e-01,3.935367e-02,5.270925e-02
400,emb_resid_lut.log_select_temp,7.464761e-01,3.926313e-02,5.259797e-02
400,unembedder.weight,1.158886e+02,3.166542e+01,2.732402e-01
400,layers.0.qk_lut.weights,1.850000e+01,1.550000e+01,8.378378e-01
400,layers.0.qk_lut.log_soft_score_temp,7.203293e-01,2.063423e-02,2.864556e-02
400,layers.0.qk_lut.log_select_temp,7.116086e-01,1.307553e-02,1.837461e-02
400,layers.0.v_lut.weights,2.512500e+01,2.150000e+01,8.557214e-01
400,layers.0.v_lut.log_soft_score_temp,7.334867e-01,3.089547e-02,4.212138e-02
400,layers.0.v_lut.log_select_temp,7.318337e-01,2.933973e-02,4.009071e-02
400,layers.0.out_proj.weights,5.600000e+01,5.025000e+01,8.973214e-01
400,layers.0.out_proj.log_soft_score_temp,7.391851e-01,3.815973e-02,5.162405e-02
400,layers.0.out_proj.log_select_temp,7.400654e-01,3.849971e-02,5.202204e-02
400,layers.0.residual_lut.weights,2.662500e+01,2.350000e+01,8.826291e-01
400,layers.0.residual_lut.log_soft_score_temp,6.784714e-01,1.093739e-02,1.612064e-02
400,layers.0.residual_lut.log_select_temp,6.872714e-01,5.070031e-03,7.377043e-03
400,layers.0.q_norm.weight,8.192768e+00,1.782235e-01,2.175375e-02
400,layers.0.q_norm.bias,1.116619e-01,8.995374e-02,8.055900e-01
400,layers.0.k_norm.weight,8.187864e+00,1.743901e-01,2.129861e-02
400,layers.0.k_norm.bias,1.443272e-01,1.185494e-01,8.213934e-01
400,layers.1.qk_lut.weights,1.812500e+01,1.612500e+01,8.896552e-01
400,layers.1.qk_lut.log_soft_score_temp,6.758438e-01,1.557970e-02,2.305222e-02
400,layers.1.qk_lut.log_select_temp,6.974378e-01,1.606226e-03,2.303038e-03
400,layers.1.v_lut.weights,2.487500e+01,2.212500e+01,8.894472e-01
400,layers.1.v_lut.log_soft_score_temp,7.276604e-01,2.764148e-02,3.798678e-02
400,layers.1.v_lut.log_select_temp,7.309608e-01,3.068316e-02,4.197648e-02
400,layers.1.out_proj.weights,5.800000e+01,5.150000e+01,8.879310e-01
400,layers.1.out_proj.log_soft_score_temp,7.016897e-01,9.363413e-03,1.334409e-02
400,layers.1.out_proj.log_select_temp,7.054894e-01,1.266813e-02,1.795652e-02
400,layers.1.residual_lut.weights,2.650000e+01,2.350000e+01,8.867925e-01
400,layers.1.residual_lut.log_soft_score_temp,6.732271e-01,1.426047e-02,2.118226e-02
400,layers.1.residual_lut.log_select_temp,6.829682e-01,7.011712e-03,1.026653e-02
400,layers.1.q_norm.weight,8.089914e+00,8.940366e-02,1.105125e-02
400,layers.1.q_norm.bias,9.178448e-02,7.026079e-02,7.654975e-01
400,layers.1.k_norm.weight,8.089612e+00,8.746341e-02,1.081182e-02
400,layers.1.k_norm.bias,1.387295e-01,1.069612e-01,7.710056e-01
400,layers.2.qk_lut.weights,1.862500e+01,1.637500e+01,8.791946e-01
400,layers.2.qk_lut.log_soft_score_temp,6.673334e-01,2.195972e-02,3.290667e-02
400,layers.2.qk_lut.log_select_temp,6.937426e-01,2.912283e-04,4.197930e-04
400,layers.2.v_lut.weights,2.450000e+01,2.137500e+01,8.724490e-01
400,layers.2.v_lut.log_soft_score_temp,7.084492e-01,1.019931e-02,1.439667e-02
400,layers.2.v_lut.log_select_temp,7.118866e-01,1.307136e-02,1.836157e-02
400,layers.2.out_proj.weights,6.950000e+01,5.850000e+01,8.417266e-01
400,layers.2.out_proj.log_soft_score_temp,6.960558e-01,2.836704e-03,4.075398e-03
400,layers.2.out_proj.log_select_temp,6.980289e-01,4.540384e-03,6.504579e-03
400,layers.2.residual_lut.weights,2.712500e+01,2.362500e+01,8.709677e-01
400,layers.2.residual_lut.log_soft_score_temp,6.784568e-01,1.030684e-02,1.519159e-02
400,layers.2.residual_lut.log_select_temp,6.858410e-01,5.266011e-03,7.678181e-03
400,layers.2.q_norm.weight,8.072559e+00,8.198559e-02,1.015608e-02
400,layers.2.q_norm.bias,1.001806e-01,7.113151e-02,7.100327e-01
400,layers.2.k_norm.weight,8.072303e+00,8.530202e-02,1.056725e-02
400,layers.2.k_norm.bias,1.475644e-01,1.067515e-01,7.234234e-01
400,layers.3.qk_lut.weights,1.875000e+01,1.637500e+01,8.733333e-01
400,layers.3.qk_lut.log_soft_score_temp,6.972696e-01,2.795577e-03,4.009320e-03
400,layers.3.qk_lut.log_select_temp,7.054923e-01,9.797931e-03,1.388808e-02
400,layers.3.v_lut.weights,2.512500e+01,2.125000e+01,8.457711e-01
400,layers.3.v_lut.log_soft_score_temp,6.962911e-01,2.356589e-03,3.384488e-03
400,layers.3.v_lut.log_select_temp,6.964019e-01,2.387643e-03,3.428542e-03
400,layers.3.out_proj.weights,6.850000e+01,5.800000e+01,8.467153e-01
400,layers.3.out_proj.log_soft_score_temp,6.747243e-01,1.540959e-02,2.283835e-02
400,layers.3.out_proj.log_select_temp,6.768307e-01,1.345420e-02,1.987823e-02
400,layers.3.residual_lut.weights,2.850000e+01,2.387500e+01,8.377193e-01
400,layers.3.residual_lut.log_soft_score_temp,6.795284e-01,9.575009e-03,1.409067e-02
400,layers.3.residual_lut.log_select_temp,6.852286e-01,5.777299e-03,8.431200e-03
400,layers.3.q_norm.weight,8.004333e+00,2.224130e-02,2.778657e-03
400,layers.3.q_norm.bias,2.016914e-02,1.435441e-02,7.117014e-01
400,layers.3.k_norm.weight,8.003964e+00,2.055233e-02,2.567769e-03
400,layers.3.k_norm.bias,3.327623e-02,2.422596e-02,7.280258e-01
400,layers.4.qk_lut.weights,1.887500e+01,1.650000e+01,8.741722e-01
400,layers.4.qk_lut.log_soft_score_temp,6.894626e-01,3.650546e-03,5.294770e-03
400,layers.4.qk_lut.log_select_temp,6.975688e-01,2.720237e-03,3.899596e-03
400,layers.4.v_lut.weights,2.825000e+01,2.362500e+01,8.362832e-01
400,layers.4.v_lut.log_soft_score_temp,6.964148e-01,2.090037e-03,3.001138e-03
400,layers.4.v_lut.log_select_temp,6.964419e-01,2.149463e-03,3.086349e-03
400,layers.4.out_proj.weights,1.125000e+02,8.450000e+01,7.511111e-01
400,layers.4.out_proj.log_soft_score_temp,6.909404e-01,2.010822e-03,2.910269e-03
400,layers.4.out_proj.log_select_temp,6.915855e-01,1.461983e-03,2.113958e-03
400,layers.4.residual_lut.weights,4.650000e+01,3.500000e+01,7.526882e-01
400,layers.4.residual_lut.log_soft_score_temp,6.854925e-01,5.268753e-03,7.686084e-03
400,layers.4.residual_lut.log_select_temp,6.889832e-01,3.175616e-03,4.609135e-03
400,layers.4.q_norm.weight,8.034109e+00,4.583524e-02,5.705080e-03
400,layers.4.q_norm.bias,4.390528e-02,3.218779e-02,7.331187e-01
400,layers.4.k_norm.weight,8.034378e+00,4.694080e-02,5.842493e-03
400,layers.4.k_norm.bias,7.208972e-02,5.324144e-02,7.385441e-01
400,layers.5.qk_lut.weights,2.337500e+01,1.900000e+01,8.128342e-01
400,layers.5.qk_lut.log_soft_score_temp,6.935911e-01,1.359344e-03,1.959863e-03
400,layers.5.qk_lut.log_select_temp,6.944315e-01,1.720428e-03,2.477463e-03
400,layers.5.v_lut.weights,4.500000e+01,3.450000e+01,7.666667e-01
400,layers.5.v_lut.log_soft_score_temp,6.947190e-01,8.597970e-04,1.237618e-03
400,layers.5.v_lut.log_select_temp,6.944538e-01,6.816387e-04,9.815465e-04
400,layers.5.out_proj.weights,1.410000e+02,1.045000e+02,7.411348e-01
400,layers.5.out_proj.log_soft_score_temp,6.881208e-01,5.525887e-03,8.030402e-03
400,layers.5.out_proj.log_select_temp,6.890293e-01,4.740894e-03,6.880540e-03
400,layers.5.residual_lut.weights,6.800000e+01,5.100000e+01,7.500000e-01
400,layers.5.residual_lut.log_soft_score_temp,6.889960e-01,3.077686e-03,4.466914e-03
400,layers.5.residual_lut.log_select_temp,6.911862e-01,1.878321e-03,2.717533e-03
400,layers.5.q_norm.weight,8.004952e+00,3.129489e-02,3.909442e-03
400,layers.5.q_norm.bias,2.212879e-02,1.510927e-02,6.827880e-01
400,layers.5.k_norm.weight,8.004894e+00,2.949665e-02,3.684826e-03
400,layers.5.k_norm.bias,3.133088e-02,2.305604e-02,7.358887e-01
400,ln_final.weight,2.057686e+01,7.015932e-01,3.409622e-02
400,ln_final.bias,6.314748e-01,3.602844e-01,5.705444e-01
600,tok_emb_E.weight,2.056311e+02,1.254857e+01,6.102468e-02
600,emb_resid_lut.weights,5.675000e+01,3.225000e+01,5.682819e-01
600,emb_resid_lut.log_soft_score_temp,7.969413e-01,5.032349e-02,6.314578e-02
600,emb_resid_lut.log_select_temp,7.969831e-01,5.050695e-02,6.337268e-02
600,unembedder.weight,1.249674e+02,2.652464e+01,2.122524e-01
600,layers.0.qk_lut.weights,2.962500e+01,1.875000e+01,6.329114e-01
600,layers.0.qk_lut.log_soft_score_temp,7.487927e-01,2.846342e-02,3.801242e-02
600,layers.0.qk_lut.log_select_temp,7.321839e-01,2.057534e-02,2.810133e-02
600,layers.0.v_lut.weights,4.100000e+01,2.637500e+01,6.432927e-01
600,layers.0.v_lut.log_soft_score_temp,7.746304e-01,4.114372e-02,5.311399e-02
600,layers.0.v_lut.log_select_temp,7.716205e-01,3.978682e-02,5.156267e-02
600,layers.0.out_proj.weights,8.850000e+01,6.325000e+01,7.146893e-01
600,layers.0.out_proj.log_soft_score_temp,7.799650e-01,4.077989e-02,5.228426e-02
600,layers.0.out_proj.log_select_temp,7.865081e-01,4.644275e-02,5.904929e-02
600,layers.0.residual_lut.weights,4.075000e+01,2.887500e+01,7.085890e-01
600,layers.0.residual_lut.log_soft_score_temp,6.589364e-01,1.953501e-02,2.964627e-02
600,layers.0.residual_lut.log_select_temp,6.779033e-01,9.368062e-03,1.381917e-02
600,layers.0.q_norm.weight,8.333566e+00,1.691093e-01,2.029255e-02
600,layers.0.q_norm.bias,1.940110e-01,8.518516e-02,4.390739e-01
600,layers.0.k_norm.weight,8.323666e+00,1.623564e-01,1.950540e-02
600,layers.0.k_norm.bias,2.495827e-01,1.102438e-01,4.417126e-01
600,layers.1.qk_lut.weights,2.925000e+01,2.050000e+01,7.008547e-01
600,layers.1.qk_lut.log_soft_score_temp,6.452226e-01,3.062117e-02,4.745830e-02
600,layers.1.qk_lut.log_select_temp,6.980019e-01,5.640388e-04,8.080763e-04
600,layers.1.v_lut.weights,4.050000e+01,2.825000e+01,6.975309e-01
600,layers.1.v_lut.log_soft_score_temp,7.575064e-01,2.984601e-02,3.940035e-02
600,layers.1.v_lut.log_select_temp,7.712705e-01,4.030961e-02,5.226391e-02
600,layers.1.out_proj.weights,9.000000e+01,6.500000e+01,7.222222e-01
600,layers.1.out_proj.log_soft_score_temp,7.177017e-01,1.601207e-02,2.231020e-02
600,layers.1.out_proj.log_select_temp,7.303937e-01,2.490431e-02,3.409710e-02
600,layers.1.residual_lut.weights,4.125000e+01,2.950000e+01,7.151515e-01
600,layers.1.residual_lut.log_soft_score_temp,6.501655e-01,2.306157e-02,3.547031e-02
600,layers.1.residual_lut.log_select_temp,6.737487e-01,9.219468e-03,1.368384e-02
600,layers.1.q_norm.weight,8.198916e+00,1.241057e-01,1.513685e-02
600,layers.1.q_norm.bias,1.679092e-01,7.837283e-02,4.667571e-01
600,layers.1.k_norm.weight,8.194204e+00,1.189202e-01,1.451273e-02
600,layers.1.k_norm.bias,2.557797e-01,1.232490e-01,4.818560e-01
600,layers.2.qk_lut.weights,2.962500e+01,2.075000e+01,7.004219e-01
600,layers.2.qk_lut.log_soft_score_temp,6.270102e-01,4.032320e-02,6.431028e-02
600,layers.2.qk_lut.log_select_temp,6.943817e-01,6.390810e-04,9.203599e-04
600,layers.2.v_lut.weights,3.975000e+01,2.762500e+01,6.949686e-01
600,layers.2.v_lut.log_soft_score_temp,7.256632e-01,1.721406e-02,2.372183e-02
600,layers.2.v_lut.log_select_temp,7.394705e-01,2.758384e-02,3.730215e-02
600,layers.2.out_proj.weights,1.030000e+02,7.050000e+01,6.844660e-01
600,layers.2.out_proj.log_soft_score_temp,7.041590e-01,8.103251e-03,1.150770e-02
600,layers.2.out_proj.log_select_temp,7.129740e-01,1.494515e-02,2.096170e-02
600,layers.2.residual_lut.weights,4.200000e+01,2.975000e+01,7.083333e-01
600,layers.2.residual_lut.log_soft_score_temp,6.613216e-01,1.713520e-02,2.591055e-02
600,layers.2.residual_lut.log_select_temp,6.793548e-01,6.486177e-03,9.547555e-03
600,layers.2.q_norm.weight,8.167992e+00,1.179655e-01,1.444241e-02
600,layers.2.q_norm.bias,1.860198e-01,8.696596e-02,4.675092e-01
600,layers.2.k_norm.weight,8.163818e+00,1.165466e-01,1.427599e-02
600,layers.2.k_norm.bias,2.783390e-01,1.335428e-01,4.797846e-01
600,layers.3.qk_lut.weights,2.975000e+01,2.087500e+01,7.016807e-01
600,layers.3.qk_lut.log_soft_score_temp,6.882668e-01,9.002805e-03,1.308040e-02
600,layers.3.qk_lut.log_select_temp,7.180825e-01,1.259023e-02,1.753312e-02
600,layers.3.v_lut.weights,3.975000e+01,2.762500e+01,6.949686e-01
600,layers.3.v_lut.log_soft_score_temp,7.013705e-01,5.079448e-03,7.242175e-03
600,layers.3.v_lut.log_select_temp,7.017413e-01,5.339384e-03,7.608764e-03
600,layers.3.out_proj.weights,1.030000e+02,7.300000e+01,7.087379e-01
600,layers.3.out_proj.log_soft_score_temp,6.526731e-01,2.205122e-02,3.378600e-02
600,layers.3.out_proj.log_select_temp,6.614715e-01,1.535922e-02,2.321978e-02
600,layers.3.residual_lut.weights,4.275000e+01,3.012500e+01,7.046784e-01
600,layers.3.residual_lut.log_soft_score_temp,6.628699e-01,1.665854e-02,2.513094e-02
600,layers.3.residual_lut.log_select_temp,6.771250e-01,8.103609e-03,1.196767e-02
600,layers.3.q_norm.weight,8.043394e+00,4.715975e-02,5.863165e-03
600,layers.3.q_norm.bias,4.163818e-02,2.420486e-02,5.813141e-01
600,layers.3.k_norm.weight,8.041971e+00,4.355587e-02,5.416069e-03
600,layers.3.k_norm.bias,7.158482e-02,4.198481e-02,5.865044e-01
600,layers.4.qk_lut.weights,3.000000e+01,2.125000e+01,7.083333e-01
600,layers.4.qk_lut.log_soft_score_temp,6.719029e-01,1.755971e-02,2.613429e-02
600,layers.4.qk_lut.log_select_temp,7.022465e-01,4.677653e-03,6.660985e-03
600,layers.4.v_lut.weights,4.350000e+01,2.962500e+01,6.810345e-01
600,layers.4.v_lut.log_soft_score_temp,6.996178e-01,3.202975e-03,4.578178e-03
600,layers.4.v_lut.log_select_temp,7.002891e-01,3.847182e-03,5.493705e-03
600,layers.4.out_proj.weights,1.700000e+02,9.700000e+01,5.705882e-01
600,layers.4.out_proj.log_soft_score_temp,6.874098e-01,3.530622e-03,5.136124e-03
600,layers.4.out_proj.log_select_temp,6.917434e-01,1.579523e-04,2.283394e-04
600,layers.4.residual_lut.weights,6.600000e+01,3.675000e+01,5.568182e-01
600,layers.4.residual_lut.log_soft_score_temp,6.773935e-01,8.098960e-03,1.195606e-02
600,layers.4.residual_lut.log_select_temp,6.850024e-01,3.980815e-03,5.811389e-03
600,layers.4.q_norm.weight,8.090489e+00,7.440221e-02,9.196256e-03
600,layers.4.q_norm.bias,9.295348e-02,5.042845e-02,5.425128e-01
600,layers.4.k_norm.weight,8.090181e+00,7.567670e-02,9.354142e-03
600,layers.4.k_norm.bias,1.555860e-01,8.670756e-02,5.572966e-01
600,layers.5.qk_lut.weights,3.500000e+01,2.250000e+01,6.428571e-01
600,layers.5.qk_lut.log_soft_score_temp,6.949682e-01,1.377046e-03,1.981452e-03
600,layers.5.qk_lut.log_select_temp,6.977819e-01,3.350317e-03,4.801382e-03
600,layers.5.v_lut.weights,6.650000e+01,3.700000e+01,5.563910e-01
600,layers.5.v_lut.log_soft_score_temp,6.958198e-01,1.100838e-03,1.582074e-03
600,layers.5.v_lut.log_select_temp,6.954653e-01,1.011431e-03,1.454323e-03
600,layers.5.out_proj.weights,2.280000e+02,1.240000e+02,5.438596e-01
600,layers.5.out_proj.log_soft_score_temp,6.801741e-01,7.946789e-03,1.168346e-02
600,layers.5.out_proj.log_select_temp,6.833956e-01,5.633771e-03,8.243793e-03
600,layers.5.residual_lut.weights,1.145000e+02,5.775000e+01,5.043668e-01
600,layers.5.residual_lut.log_soft_score_temp,6.854886e-01,3.507435e-03,5.116694e-03
600,layers.5.residual_lut.log_select_temp,6.895034e-01,1.682818e-03,2.440623e-03
600,layers.5.q_norm.weight,8.018486e+00,3.953297e-02,4.930229e-03
600,layers.5.q_norm.bias,4.521842e-02,2.473848e-02,5.470886e-01
600,layers.5.k_norm.weight,8.017847e+00,3.782791e-02,4.717964e-03
600,layers.5.k_norm.bias,6.263120e-02,3.393342e-02,5.417975e-01
600,ln_final.weight,2.147483e+01,9.069021e-01,4.223093e-02
600,ln_final.bias,8.131376e-01,1.902663e-01,2.339903e-01
800,tok_emb_E.weight,2.061351e+02,1.157274e+01,5.614152e-02
800,emb_resid_lut.weights,7.250000e+01,2.950000e+01,4.068966e-01
800,emb_resid_lut.log_soft_score_temp,8.477811e-01,5.083978e-02,5.996805e-02
800,emb_resid_lut.log_select_temp,8.481748e-01,5.119169e-02,6.035512e-02
800,unembedder.weight,1.326978e+02,2.205789e+01,1.662265e-01
800,layers.0.qk_lut.weights,3.750000e+01,1.775000e+01,4.733333e-01
800,layers.0.qk_lut.log_soft_score_temp,7.722274e-01,2.343470e-02,3.034689e-02
800,layers.0.qk_lut.log_select_temp,7.518474e-01,1.966351e-02,2.615359e-02
800,layers.0.v_lut.weights,5.200000e+01,2.575000e+01,4.951923e-01
800,layers.0.v_lut.log_soft_score_temp,8.114322e-01,3.680176e-02,4.535407e-02
800,layers.0.v_lut.log_select_temp,8.095697e-01,3.794914e-02,4.687570e-02
800,layers.0.out_proj.weights,1.105000e+02,6.100000e+01,5.520362e-01
800,layers.0.out_proj.log_soft_score_temp,7.964589e-01,1.649392e-02,2.070906e-02
800,layers.0.out_proj.log_select_temp,8.238984e-01,3.739023e-02,4.538209e-02
800,layers.0.residual_lut.weights,5.025000e+01,2.800000e+01,5.572139e-01
800,layers.0.residual_lut.log_soft_score_temp,6.289683e-01,2.996808e-02,4.764641e-02
800,layers.0.residual_lut.log_select_temp,6.622338e-01,1.566952e-02,2.366162e-02
800,layers.0.q_norm.weight,8.425338e+00,1.080683e-01,1.282659e-02
800,layers.0.q_norm.bias,2.455683e-01,5.354142e-02,2.180307e-01
800,layers.0.k_norm.weight,8.411632e+00,1.027715e-01,1.221779e-02
800,layers.0.k_norm.bias,3.200428e-01,7.448073e-02,2.327212e-01
800,layers.1.qk_lut.weights,3.725000e+01,1.987500e+01,5.335570e-01
800,layers.1.qk_lut.log_soft_score_temp,6.081219e-01,3.710067e-02,6.100861e-02
800,layers.1.qk_lut.log_select_temp,6.998947e-01,1.892805e-03,2.704414e-03
800,layers.1.v_lut.weights,5.150000e+01,2.750000e+01,5.339806e-01
800,layers.1.v_lut.log_soft_score_temp,7.630808e-01,5.574465e-03,7.305209e-03
800,layers.1.v_lut.log_select_temp,8.037294e-01,3.245890e-02,4.038536e-02
800,layers.1.out_proj.weights,1.125000e+02,6.300000e+01,5.600000e-01
800,layers.1.out_proj.log_soft_score_temp,7.253842e-01,7.682443e-03,1.059086e-02
800,layers.1.out_proj.log_select_temp,7.548814e-01,2.448773e-02,3.243918e-02
800,layers.1.residual_lut.weights,5.150000e+01,2.850000e+01,5.533981e-01
800,layers.1.residual_lut.log_soft_score_temp,6.196266e-01,3.053892e-02,4.928600e-02
800,layers.1.residual_lut.log_select_temp,6.619854e-01,1.176333e-02,1.776978e-02
800,layers.1.q_norm.weight,8.308021e+00,1.190014e-01,1.432368e-02
800,layers.1.q_norm.bias,2.337220e-01,6.807497e-02,2.912647e-01
800,layers.1.k_norm.weight,8.298086e+00,1.130704e-01,1.362609e-02
800,layers.1.k_norm.bias,3.564141e-01,1.076577e-01,3.020578e-01
800,layers.2.qk_lut.weights,3.750000e+01,2.025000e+01,5.400000e-01
800,layers.2.qk_lut.log_soft_score_temp,5.827030e-01,4.430717e-02,7.603732e-02
800,layers.2.qk_lut.log_select_temp,6.941416e-01,2.400279e-04,3.457910e-04
800,layers.2.v_lut.weights,5.050000e+01,2.737500e+01,5.420792e-01
800,layers.2.v_lut.log_soft_score_temp,7.374497e-01,1.178646e-02,1.598273e-02
800,layers.2.v_lut.log_select_temp,7.740313e-01,3.456086e-02,4.465046e-02
800,layers.2.out_proj.weights,1.250000e+02,6.600000e+01,5.280000e-01
800,layers.2.out_proj.log_soft_score_temp,7.134587e-01,9.299636e-03,1.303458e-02
800,layers.2.out_proj.log_select_temp,7.364289e-01,2.345490e-02,3.184952e-02
800,layers.2.residual_lut.weights,5.250000e+01,2.875000e+01,5.476190e-01
800,layers.2.residual_lut.log_soft_score_temp,6.387130e-01,2.260858e-02,3.539708e-02
800,layers.2.residual_lut.log_select_temp,6.724954e-01,6.859362e-03,1.019986e-02
800,layers.2.q_norm.weight,8.256358e+00,1.027234e-01,1.244173e-02
800,layers.2.q_norm.bias,2.491340e-01,6.510859e-02,2.613397e-01
800,layers.2.k_norm.weight,8.249953e+00,1.025271e-01,1.242760e-02
800,layers.2.k_norm.bias,3.873100e-01,1.125367e-01,2.905598e-01
800,layers.3.qk_lut.weights,3.775000e+01,2.037500e+01,5.397351e-01
800,layers.3.qk_lut.log_soft_score_temp,6.654031e-01,2.286369e-02,3.436066e-02
800,layers.3.qk_lut.log_select_temp,7.307000e-01,1.261747e-02,1.726765e-02
800,layers.3.v_lut.weights,5.050000e+01,2.762500e+01,5.470297e-01
800,layers.3.v_lut.log_soft_score_temp,7.084438e-01,7.073283e-03,9.984254e-03
800,layers.3.v_lut.log_select_temp,7.097870e-01,8.045733e-03,1.133542e-02
800,layers.3.out_proj.weights,1.255000e+02,6.750000e+01,5.378486e-01
800,layers.3.out_proj.log_soft_score_temp,6.271782e-01,2.549493e-02,4.065022e-02
800,layers.3.out_proj.log_select_temp,6.501901e-01,1.128137e-02,1.735088e-02
800,layers.3.residual_lut.weights,5.300000e+01,2.925000e+01,5.518868e-01
800,layers.3.residual_lut.log_soft_score_temp,6.429731e-01,1.989681e-02,3.094501e-02
800,layers.3.residual_lut.log_select_temp,6.694790e-01,7.646024e-03,1.142086e-02
800,layers.3.q_norm.weight,8.105053e+00,6.687937e-02,8.251565e-03
800,layers.3.q_norm.bias,6.853800e-02,2.981488e-02,4.350124e-01
800,layers.3.k_norm.weight,8.101891e+00,6.504279e-02,8.028101e-03
800,layers.3.k_norm.bias,1.171308e-01,5.109766e-02,4.362446e-01
800,layers.4.qk_lut.weights,3.800000e+01,2.062500e+01,5.427632e-01
800,layers.4.qk_lut.log_soft_score_temp,6.396362e-01,3.226674e-02,5.044545e-02
800,layers.4.qk_lut.log_select_temp,7.036554e-01,1.408935e-03,2.002308e-03
800,layers.4.v_lut.weights,5.425000e+01,2.900000e+01,5.345622e-01
800,layers.4.v_lut.log_soft_score_temp,7.027615e-01,3.143728e-03,4.473392e-03
800,layers.4.v_lut.log_select_temp,7.051433e-01,4.854202e-03,6.883994e-03
800,layers.4.out_proj.weights,2.070000e+02,8.600000e+01,4.154589e-01
800,layers.4.out_proj.log_soft_score_temp,6.827906e-01,4.619122e-03,6.765063e-03
800,layers.4.out_proj.log_select_temp,6.950835e-01,3.340065e-03,4.805272e-03
800,layers.4.residual_lut.weights,7.900000e+01,3.375000e+01,4.272152e-01
800,layers.4.residual_lut.log_soft_score_temp,6.678922e-01,9.501278e-03,1.422577e-02
800,layers.4.residual_lut.log_select_temp,6.812842e-01,3.718138e-03,5.457542e-03
800,layers.4.q_norm.weight,8.153893e+00,7.400380e-02,9.075885e-03
800,layers.4.q_norm.bias,1.403673e-01,4.864601e-02,3.465623e-01
800,layers.4.k_norm.weight,8.152767e+00,7.511090e-02,9.212934e-03
800,layers.4.k_norm.bias,2.346584e-01,8.201253e-02,3.494975e-01
800,layers.5.qk_lut.weights,4.375000e+01,2.162500e+01,4.942857e-01
800,layers.5.qk_lut.log_soft_score_temp,6.952012e-01,2.329946e-04,3.351470e-04
800,layers.5.qk_lut.log_select_temp,7.025236e-01,4.741728e-03,6.749565e-03
800,layers.5.v_lut.weights,8.150000e+01,3.400000e+01,4.171779e-01
800,layers.5.v_lut.log_soft_score_temp,6.969069e-01,1.087129e-03,1.559934e-03
800,layers.5.v_lut.log_select_temp,6.965510e-01,1.085758e-03,1.558763e-03
800,layers.5.out_proj.weights,2.940000e+02,1.125000e+02,3.826531e-01
800,layers.5.out_proj.log_soft_score_temp,6.739165e-01,6.257594e-03,9.285414e-03
800,layers.5.out_proj.log_select_temp,6.829050e-01,4.906058e-04,7.184101e-04
800,layers.5.residual_lut.weights,1.520000e+02,5.250000e+01,3.453947e-01
800,layers.5.residual_lut.log_soft_score_temp,6.818974e-01,3.591180e-03,5.266452e-03
800,layers.5.residual_lut.log_select_temp,6.882298e-01,1.273632e-03,1.850591e-03
800,layers.5.q_norm.weight,8.055351e+00,5.013082e-02,6.223294e-03
800,layers.5.q_norm.bias,7.017849e-02,2.834035e-02,4.038324e-01
800,layers.5.k_norm.weight,8.052972e+00,4.926995e-02,6.118232e-03
800,layers.5.k_norm.bias,1.032233e-01,4.463831e-02,4.324441e-01
800,ln_final.weight,2.241497e+01,9.451460e-01,4.216584e-02
800,ln_final.bias,9.530862e-01,1.563660e-01,1.640628e-01
1000,tok_emb_E.weight,2.066095e+02,1.092301e+01,5.286788e-02
1000,emb_resid_lut.weights,8.450000e+01,2.737500e+01,3.239645e-01
1000,emb_resid_lut.log_soft_score_temp,8.982252e-01,5.044407e-02,5.615971e-02
1000,emb_resid_lut.log_select_temp,8.990521e-01,5.087733e-02,5.658997e-02
1000,unembedder.weight,1.388867e+02,1.883339e+01,1.356025e-01
1000,layers.0.qk_lut.weights,4.350000e+01,1.712500e+01,3.936782e-01
1000,layers.0.qk_lut.log_soft_score_temp,7.906445e-01,1.841706e-02,2.329373e-02
1000,layers.0.qk_lut.log_select_temp,7.698051e-01,1.795763e-02,2.332750e-02
1000,layers.0.v_lut.weights,6.050000e+01,2.512500e+01,4.152893e-01
1000,layers.0.v_lut.log_soft_score_temp,8.389362e-01,2.750403e-02,3.278441e-02
1000,layers.0.v_lut.log_select_temp,8.413937e-01,3.182405e-02,3.782302e-02
1000,layers.0.out_proj.weights,1.280000e+02,5.900000e+01,4.609375e-01
1000,layers.0.out_proj.log_soft_score_temp,7.817696e-01,1.468927e-02,1.878976e-02
1000,layers.0.out_proj.log_select_temp,8.519529e-01,2.805448e-02,3.292961e-02
1000,layers.0.residual_lut.weights,5.775000e+01,2.700000e+01,4.675325e-01
1000,layers.0.residual_lut.log_soft_score_temp,5.941157e-01,3.485262e-02,5.866303e-02
1000,layers.0.residual_lut.log_select_temp,6.433095e-01,1.892430e-02,2.941709e-02
1000,layers.0.q_norm.weight,8.491184e+00,7.795237e-02,9.180388e-03
1000,layers.0.q_norm.bias,2.816176e-01,3.776515e-02,1.341008e-01
1000,layers.0.k_norm.weight,8.474356e+00,7.383335e-02,8.712562e-03
1000,layers.0.k_norm.bias,3.724669e-01,5.575541e-02,1.496923e-01
1000,layers.1.qk_lut.weights,4.350000e+01,1.912500e+01,4.396552e-01
1000,layers.1.qk_lut.log_soft_score_temp,5.689490e-01,3.917289e-02,6.885131e-02
1000,layers.1.qk_lut.log_select_temp,7.034398e-01,3.545105e-03,5.039672e-03
1000,layers.1.v_lut.weights,6.000000e+01,2.687500e+01,4.479167e-01
1000,layers.1.v_lut.log_soft_score_temp,7.424486e-01,2.063221e-02,2.778941e-02
1000,layers.1.v_lut.log_select_temp,8.280956e-01,2.436626e-02,2.942445e-02
1000,layers.1.out_proj.weights,1.300000e+02,6.050000e+01,4.653846e-01
1000,layers.1.out_proj.log_soft_score_temp,7.198177e-01,5.566478e-03,7.733177e-03
1000,layers.1.out_proj.log_select_temp,7.766336e-01,2.175218e-02,2.800829e-02
1000,layers.1.residual_lut.weights,5.950000e+01,2.737500e+01,4.600840e-01
1000,layers.1.residual_lut.log_soft_score_temp,5.865561e-01,3.307050e-02,5.638081e-02
1000,layers.1.residual_lut.log_select_temp,6.504459e-01,1.153952e-02,1.774094e-02
1000,layers.1.q_norm.weight,8.406972e+00,1.040726e-01,1.237932e-02
1000,layers.1.q_norm.bias,2.858348e-01,5.432497e-02,1.900572e-01
1000,layers.1.k_norm.weight,8.392392e+00,1.008552e-01,1.201745e-02
1000,layers.1.k_norm.bias,4.372137e-01,8.750941e-02,2.001525e-01
1000,layers.2.qk_lut.weights,4.375000e+01,1.962500e+01,4.485714e-01
1000,layers.2.qk_lut.log_soft_score_temp,5.376216e-01,4.508144e-02,8.385348e-02
1000,layers.2.qk_lut.log_select_temp,6.968125e-01,2.670884e-03,3.833003e-03
1000,layers.2.v_lut.weights,5.925000e+01,2.675000e+01,4.514768e-01
1000,layers.2.v_lut.log_soft_score_temp,7.307147e-01,6.735027e-03,9.217041e-03
1000,layers.2.v_lut.log_select_temp,8.066906e-01,3.265929e-02,4.048552e-02
1000,layers.2.out_proj.weights,1.420000e+02,6.300000e+01,4.436620e-01
1000,layers.2.out_proj.log_soft_score_temp,7.180741e-01,4.615486e-03,6.427589e-03
1000,layers.2.out_proj.log_select_temp,7.594652e-01,2.303630e-02,3.033227e-02
1000,layers.2.residual_lut.weights,6.075000e+01,2.775000e+01,4.567901e-01
1000,layers.2.residual_lut.log_soft_score_temp,6.140045e-01,2.470851e-02,4.024158e-02
1000,layers.2.residual_lut.log_select_temp,6.667318e-01,5.763590e-03,8.644540e-03
1000,layers.2.q_norm.weight,8.336557e+00,8.922886e-02,1.070332e-02
1000,layers.2.q_norm.bias,2.964112e-01,4.940111e-02,1.666641e-01
1000,layers.2.k_norm.weight,8.327925e+00,8.972906e-02,1.077448e-02
1000,layers.2.k_norm.bias,4.674511e-01,8.393618e-02,1.795614e-01
1000,layers.3.qk_lut.weights,4.375000e+01,1.975000e+01,4.514286e-01
1000,layers.3.qk_lut.log_soft_score_temp,6.343522e-01,3.105086e-02,4.894893e-02
1000,layers.3.qk_lut.log_select_temp,7.374548e-01,6.754816e-03,9.159633e-03
1000,layers.3.v_lut.weights,5.900000e+01,2.675000e+01,4.533898e-01
1000,layers.3.v_lut.log_soft_score_temp,7.170335e-01,8.589685e-03,1.197948e-02
1000,layers.3.v_lut.log_select_temp,7.205551e-01,1.076806e-02,1.494411e-02
1000,layers.3.out_proj.weights,1.420000e+02,6.350000e+01,4.471831e-01
1000,layers.3.out_proj.log_soft_score_temp,6.066297e-01,2.054852e-02,3.387326e-02
1000,layers.3.out_proj.log_select_temp,6.473284e-01,2.861679e-03,4.420752e-03
1000,layers.3.residual_lut.weights,6.125000e+01,2.812500e+01,4.591837e-01
1000,layers.3.residual_lut.log_soft_score_temp,6.230828e-01,1.989031e-02,3.192242e-02
1000,layers.3.residual_lut.log_select_temp,6.635121e-01,5.966902e-03,8.992906e-03
1000,layers.3.q_norm.weight,8.175380e+00,7.689815e-02,9.406065e-03
1000,layers.3.q_norm.bias,9.624662e-02,3.113742e-02,3.235171e-01
1000,layers.3.k_norm.weight,8.170392e+00,7.424217e-02,9.086733e-03
1000,layers.3.k_norm.bias,1.604767e-01,5.131146e-02,3.197440e-01
1000,layers.4.qk_lut.weights,4.425000e+01,1.987500e+01,4.491525e-01
1000,layers.4.qk_lut.log_soft_score_temp,6.029723e-01,3.666389e-02,6.080527e-02
1000,layers.4.qk_lut.log_select_temp,7.065197e-01,2.864242e-03,4.054015e-03
1000,layers.4.v_lut.weights,6.300000e+01,2.812500e+01,4.464286e-01
1000,layers.4.v_lut.log_soft_score_temp,7.055756e-01,2.814054e-03,3.988310e-03
1000,layers.4.v_lut.log_select_temp,7.106068e-01,5.463481e-03,7.688473e-03
1000,layers.4.out_proj.weights,2.320000e+02,7.850000e+01,3.383621e-01
1000,layers.4.out_proj.log_soft_score_temp,6.790027e-01,3.787935e-03,5.578674e-03
1000,layers.4.out_proj.log_select_temp,7.011144e-01,6.030858e-03,8.601817e-03
1000,layers.4.residual_lut.weights,8.950000e+01,3.150000e+01,3.519553e-01
1000,layers.4.residual_lut.log_soft_score_temp,6.573346e-01,1.055759e-02,1.606121e-02
1000,layers.4.residual_lut.log_select_temp,6.779642e-01,3.320098e-03,4.897159e-03
1000,layers.4.q_norm.weight,8.215602e+00,7.027233e-02,8.553522e-03
1000,layers.4.q_norm.bias,1.822774e-01,4.316935e-02,2.368333e-01
1000,layers.4.k_norm.weight,8.212751e+00,7.012448e-02,8.538488e-03
1000,layers.4.k_norm.bias,3.080735e-01,7.672325e-02,2.490420e-01
1000,layers.5.qk_lut.weights,5.100000e+01,2.087500e+01,4.093137e-01
1000,layers.5.qk_lut.log_soft_score_temp,6.923487e-01,2.852499e-03,4.120033e-03
1000,layers.5.qk_lut.log_select_temp,7.069398e-01,4.416227e-03,6.246964e-03
1000,layers.5.v_lut.weights,9.400000e+01,3.250000e+01,3.457447e-01
1000,layers.5.v_lut.log_soft_score_temp,6.977472e-01,8.402467e-04,1.204228e-03
1000,layers.5.v_lut.log_select_temp,6.975064e-01,9.553432e-04,1.369655e-03
1000,layers.5.out_proj.weights,3.480000e+02,1.075000e+02,3.089080e-01
1000,layers.5.out_proj.log_soft_score_temp,6.694320e-01,4.484475e-03,6.698925e-03
1000,layers.5.out_proj.log_select_temp,6.866750e-01,3.769994e-03,5.490216e-03
1000,layers.5.residual_lut.weights,1.840000e+02,4.875000e+01,2.649457e-01
1000,layers.5.residual_lut.log_soft_score_temp,6.783972e-01,3.500223e-03,5.159549e-03
1000,layers.5.residual_lut.log_select_temp,6.873021e-01,9.277463e-04,1.349838e-03
1000,layers.5.q_norm.weight,8.092003e+00,4.931717e-02,6.094557e-03
1000,layers.5.q_norm.bias,9.558722e-02,2.798240e-02,2.927420e-01
1000,layers.5.k_norm.weight,8.089018e+00,4.863436e-02,6.012393e-03
1000,layers.5.k_norm.bias,1.427548e-01,4.213697e-02,2.951702e-01
1000,ln_final.weight,2.333704e+01,9.260527e-01,3.968167e-02
1000,ln_final.bias,1.058676e+00,1.273162e-01,1.202598e-01
1200,tok_emb_E.weight,2.070405e+02,1.036664e+01,5.007059e-02
1200,emb_resid_lut.weights,9.450000e+01,2.575000e+01,2.724868e-01
1200,emb_resid_lut.log_soft_score_temp,9.476218e-01,4.939663e-02,5.212695e-02
1200,emb_resid_lut.log_select_temp,9.490336e-01,4.998147e-02,5.266566e-02
1200,unembedder.weight,1.437612e+02,1.669342e+01,1.161191e-01
1200,layers.0.qk_lut.weights,4.875000e+01,1.637500e+01,3.358974e-01
1200,layers.0.qk_lut.log_soft_score_temp,8.055865e-01,1.494205e-02,1.854804e-02
1200,layers.0.qk_lut.log_select_temp,7.863364e-01,1.653129e-02,2.102318e-02
1200,layers.0.v_lut.weights,6.750000e+01,2.450000e+01,3.629630e-01
1200,layers.0.v_lut.log_soft_score_temp,8.581491e-01,1.921284e-02,2.238870e-02
1200,layers.0.v_lut.log_select_temp,8.687875e-01,2.739382e-02,3.153109e-02
1200,layers.0.out_proj.weights,1.420000e+02,5.625000e+01,3.961268e-01
1200,layers.0.out_proj.log_soft_score_temp,7.465355e-01,3.523415e-02,4.719689e-02
1200,layers.0.out_proj.log_select_temp,8.709686e-01,1.901573e-02,2.183285e-02
1200,layers.0.residual_lut.weights,6.375000e+01,2.587500e+01,4.058824e-01
1200,layers.0.residual_lut.log_soft_score_temp,5.560115e-01,3.810418e-02,6.853127e-02
1200,layers.0.residual_lut.log_select_temp,6.220180e-01,2.129149e-02,3.422971e-02
1200,layers.0.q_norm.weight,8.548168e+00,6.715886e-02,7.856520e-03
1200,layers.0.q_norm.bias,3.122890e-01,3.269546e-02,1.046962e-01
1200,layers.0.k_norm.weight,8.528641e+00,6.246868e-02,7.324576e-03
1200,layers.0.k_norm.bias,4.172419e-01,4.832295e-02,1.158152e-01
1200,layers.1.qk_lut.weights,4.850000e+01,1.825000e+01,3.762887e-01
1200,layers.1.qk_lut.log_soft_score_temp,5.291516e-01,3.979748e-02,7.520999e-02
1200,layers.1.qk_lut.log_select_temp,7.092848e-01,5.845010e-03,8.240710e-03
1200,layers.1.v_lut.weights,6.700000e+01,2.600000e+01,3.880597e-01
1200,layers.1.v_lut.log_soft_score_temp,7.043732e-01,3.807545e-02,5.405579e-02
1200,layers.1.v_lut.log_select_temp,8.454748e-01,1.737916e-02,2.055551e-02
1200,layers.1.out_proj.weights,1.440000e+02,5.800000e+01,4.027778e-01
1200,layers.1.out_proj.log_soft_score_temp,7.018893e-01,1.792842e-02,2.554309e-02
1200,layers.1.out_proj.log_select_temp,7.944298e-01,1.779622e-02,2.240125e-02
1200,layers.1.residual_lut.weights,6.600000e+01,2.625000e+01,3.977273e-01
1200,layers.1.residual_lut.log_soft_score_temp,5.513276e-01,3.522849e-02,6.389757e-02
1200,layers.1.residual_lut.log_select_temp,6.395209e-01,1.092499e-02,1.708309e-02
1200,layers.1.q_norm.weight,8.490711e+00,8.822895e-02,1.039123e-02
1200,layers.1.q_norm.bias,3.286622e-01,4.492606e-02,1.366937e-01
1200,layers.1.k_norm.weight,8.471767e+00,8.397703e-02,9.912575e-03
1200,layers.1.k_norm.bias,5.056228e-01,7.234210e-02,1.430752e-01
1200,layers.2.qk_lut.weights,4.875000e+01,1.887500e+01,3.871795e-01
1200,layers.2.qk_lut.log_soft_score_temp,4.956490e-01,4.197255e-02,8.468200e-02
1200,layers.2.qk_lut.log_select_temp,7.015604e-01,4.747927e-03,6.767667e-03
1200,layers.2.v_lut.weights,6.600000e+01,2.587500e+01,3.920455e-01
1200,layers.2.v_lut.log_soft_score_temp,7.011036e-01,2.961111e-02,4.223500e-02
1200,layers.2.v_lut.log_select_temp,8.393316e-01,3.264093e-02,3.888920e-02
1200,layers.2.out_proj.weights,1.560000e+02,5.950000e+01,3.814103e-01
1200,layers.2.out_proj.log_soft_score_temp,7.154779e-01,2.596200e-03,3.628623e-03
1200,layers.2.out_proj.log_select_temp,7.814255e-01,2.196026e-02,2.810282e-02
1200,layers.2.residual_lut.weights,6.750000e+01,2.650000e+01,3.925926e-01
1200,layers.2.residual_lut.log_soft_score_temp,5.870994e-01,2.690512e-02,4.582720e-02
1200,layers.2.residual_lut.log_select_temp,6.625066e-01,4.225254e-03,6.377679e-03
1200,layers.2.q_norm.weight,8.412160e+00,8.195601e-02,9.742564e-03
1200,layers.2.q_norm.bias,3.321382e-01,3.765039e-02,1.133576e-01
1200,layers.2.k_norm.weight,8.400598e+00,8.198671e-02,9.759628e-03
1200,layers.2.k_norm.bias,5.304984e-01,6.696003e-02,1.262210e-01
1200,layers.3.qk_lut.weights,4.900000e+01,1.887500e+01,3.852041e-01
1200,layers.3.qk_lut.log_soft_score_temp,6.006287e-01,3.372347e-02,5.614695e-02
1200,layers.3.qk_lut.log_select_temp,7.427217e-01,5.266905e-03,7.091357e-03
1200,layers.3.v_lut.weights,6.600000e+01,2.587500e+01,3.920455e-01
1200,layers.3.v_lut.log_soft_score_temp,7.250081e-01,7.974565e-03,1.099928e-02
1200,layers.3.v_lut.log_select_temp,7.324396e-01,1.188457e-02,1.622601e-02
1200,layers.3.out_proj.weights,1.560000e+02,6.025000e+01,3.862179e-01
1200,layers.3.out_proj.log_soft_score_temp,5.893920e-01,1.723766e-02,2.924652e-02
1200,layers.3.out_proj.log_select_temp,6.514061e-01,4.077673e-03,6.259802e-03
1200,layers.3.residual_lut.weights,6.800000e+01,2.700000e+01,3.970588e-01
1200,layers.3.residual_lut.log_soft_score_temp,6.010339e-01,2.204883e-02,3.668484e-02
1200,layers.3.residual_lut.log_select_temp,6.588344e-01,4.677653e-03,7.099892e-03
1200,layers.3.q_norm.weight,8.247841e+00,7.822422e-02,9.484206e-03
1200,layers.3.q_norm.bias,1.224337e-01,2.894897e-02,2.364461e-01
1200,layers.3.k_norm.weight,8.242717e+00,7.704935e-02,9.347568e-03
1200,layers.3.k_norm.bias,2.036904e-01,4.808580e-02,2.360730e-01
1200,layers.4.qk_lut.weights,4.925000e+01,1.912500e+01,3.883249e-01
1200,layers.4.qk_lut.log_soft_score_temp,5.664612e-01,3.651106e-02,6.445466e-02
1200,layers.4.qk_lut.log_select_temp,7.095219e-01,3.002226e-03,4.231337e-03
1200,layers.4.v_lut.weights,7.000000e+01,2.712500e+01,3.875000e-01
1200,layers.4.v_lut.log_soft_score_temp,7.081923e-01,2.616704e-03,3.694905e-03
1200,layers.4.v_lut.log_select_temp,7.175394e-01,6.932676e-03,9.661735e-03
1200,layers.4.out_proj.weights,2.520000e+02,7.200000e+01,2.857143e-01
1200,layers.4.out_proj.log_soft_score_temp,6.738326e-01,5.170107e-03,7.672687e-03
1200,layers.4.out_proj.log_select_temp,7.109413e-01,9.826899e-03,1.382238e-02
1200,layers.4.residual_lut.weights,9.800000e+01,2.975000e+01,3.035714e-01
1200,layers.4.residual_lut.log_soft_score_temp,6.447614e-01,1.257318e-02,1.950052e-02
1200,layers.4.residual_lut.log_select_temp,6.749976e-01,2.966583e-03,4.394953e-03
1200,layers.4.q_norm.weight,8.268002e+00,6.048389e-02,7.315418e-03
1200,layers.4.q_norm.bias,2.149604e-01,3.481573e-02,1.619634e-01
1200,layers.4.k_norm.weight,8.264054e+00,6.155640e-02,7.448693e-03
1200,layers.4.k_norm.bias,3.659358e-01,6.069356e-02,1.658585e-01
1200,layers.5.qk_lut.weights,5.700000e+01,2.012500e+01,3.530702e-01
1200,layers.5.qk_lut.log_soft_score_temp,6.829178e-01,9.430885e-03,1.380969e-02
1200,layers.5.qk_lut.log_select_temp,7.113457e-01,4.405916e-03,6.193775e-03
1200,layers.5.v_lut.weights,1.045000e+02,3.075000e+01,2.942584e-01
1200,layers.5.v_lut.log_soft_score_temp,6.988013e-01,1.054108e-03,1.508452e-03
1200,layers.5.v_lut.log_select_temp,6.988918e-01,1.385450e-03,1.982353e-03
1200,layers.5.out_proj.weights,3.960000e+02,9.900000e+01,2.500000e-01
1200,layers.5.out_proj.log_soft_score_temp,6.660668e-01,3.365219e-03,5.052374e-03
1200,layers.5.out_proj.log_select_temp,6.926624e-01,5.987465e-03,8.644132e-03
1200,layers.5.residual_lut.weights,2.140000e+02,4.550000e+01,2.126168e-01
1200,layers.5.residual_lut.log_soft_score_temp,6.745681e-01,3.829122e-03,5.676405e-03
1200,layers.5.residual_lut.log_select_temp,6.865471e-01,7.549524e-04,1.099637e-03
1200,layers.5.q_norm.weight,8.135345e+00,5.621703e-02,6.910221e-03
1200,layers.5.q_norm.bias,1.198716e-01,2.760952e-02,2.303257e-01
1200,layers.5.k_norm.weight,8.130370e+00,5.367241e-02,6.601472e-03
1200,layers.5.k_norm.bias,1.860276e-01,4.636000e-02,2.492103e-01
1200,ln_final.weight,2.422918e+01,8.946077e-01,3.692275e-02
1200,ln_final.bias,1.152649e+00,1.191417e-01,1.033633e-01
1400,tok_emb_E.weight,2.074265e+02,9.756452e+00,4.703569e-02
1400,emb_resid_lut.weights,1.025000e+02,2.400000e+01,2.341463e-01
1400,emb_resid_lut.log_soft_score_temp,9.961951e-01,4.857326e-02,4.875878e-02
1400,emb_resid_lut.log_select_temp,9.981073e-01,4.907376e-02,4.916681e-02
1400,unembedder.weight,1.478402e+02,1.529288e+01,1.034420e-01
1400,layers.0.qk_lut.weights,5.275000e+01,1.537500e+01,2.914692e-01
1400,layers.0.qk_lut.log_soft_score_temp,8.201725e-01,1.458597e-02,1.778403e-02
1400,layers.0.qk_lut.log_select_temp,8.031992e-01,1.686287e-02,2.099463e-02
1400,layers.0.v_lut.weights,7.300000e+01,2.325000e+01,3.184932e-01
1400,layers.0.v_lut.log_soft_score_temp,8.699435e-01,1.179445e-02,1.355772e-02
1400,layers.0.v_lut.log_select_temp,8.918412e-01,2.305371e-02,2.584956e-02
1400,layers.0.out_proj.weights,1.540000e+02,5.325000e+01,3.457792e-01
1400,layers.0.out_proj.log_soft_score_temp,7.045456e-01,4.198986e-02,5.959850e-02
1400,layers.0.out_proj.log_select_temp,8.815464e-01,1.057786e-02,1.199921e-02
1400,layers.0.residual_lut.weights,6.850000e+01,2.450000e+01,3.576642e-01
1400,layers.0.residual_lut.log_soft_score_temp,5.173367e-01,3.867483e-02,7.475757e-02
1400,layers.0.residual_lut.log_select_temp,6.002823e-01,2.173573e-02,3.620918e-02
1400,layers.0.q_norm.weight,8.595139e+00,5.466288e-02,6.359744e-03
1400,layers.0.q_norm.bias,3.362342e-01,2.584139e-02,7.685531e-02
1400,layers.0.k_norm.weight,8.573215e+00,5.140257e-02,5.995717e-03
1400,layers.0.k_norm.bias,4.508232e-01,3.652894e-02,8.102721e-02
1400,layers.1.qk_lut.weights,5.275000e+01,1.737500e+01,3.293839e-01
1400,layers.1.qk_lut.log_soft_score_temp,4.927546e-01,3.639695e-02,7.386425e-02
1400,layers.1.qk_lut.log_select_temp,7.170606e-01,7.775843e-03,1.084405e-02
1400,layers.1.v_lut.weights,7.250000e+01,2.462500e+01,3.396552e-01
1400,layers.1.v_lut.log_soft_score_temp,6.619012e-01,4.247200e-02,6.416669e-02
1400,layers.1.v_lut.log_select_temp,8.546152e-01,9.140372e-03,1.069531e-02
1400,layers.1.out_proj.weights,1.560000e+02,5.450000e+01,3.493590e-01
1400,layers.1.out_proj.log_soft_score_temp,6.705434e-01,3.134590e-02,4.674702e-02
1400,layers.1.out_proj.log_select_temp,8.090003e-01,1.457042e-02,1.801040e-02
1400,layers.1.residual_lut.weights,7.100000e+01,2.487500e+01,3.503521e-01
1400,layers.1.residual_lut.log_soft_score_temp,5.146137e-01,3.671384e-02,7.134251e-02
1400,layers.1.residual_lut.log_select_temp,6.300586e-01,9.462237e-03,1.501803e-02
1400,layers.1.q_norm.weight,8.565225e+00,7.828610e-02,9.139994e-03
1400,layers.1.q_norm.bias,3.643064e-01,3.786516e-02,1.039377e-01
1400,layers.1.k_norm.weight,8.543955e+00,7.676201e-02,8.984365e-03
1400,layers.1.k_norm.bias,5.631528e-01,6.279863e-02,1.115126e-01
1400,layers.2.qk_lut.weights,5.300000e+01,1.775000e+01,3.349057e-01
1400,layers.2.qk_lut.log_soft_score_temp,4.560450e-01,3.960404e-02,8.684240e-02
1400,layers.2.qk_lut.log_select_temp,7.099938e-01,8.433342e-03,1.187805e-02
1400,layers.2.v_lut.weights,7.200000e+01,2.462500e+01,3.420139e-01
1400,layers.2.v_lut.log_soft_score_temp,6.634095e-01,3.769404e-02,5.681865e-02
1400,layers.2.v_lut.log_select_temp,8.634861e-01,2.415454e-02,2.797329e-02
1400,layers.2.out_proj.weights,1.680000e+02,5.575000e+01,3.318452e-01
1400,layers.2.out_proj.log_soft_score_temp,7.054169e-01,1.006109e-02,1.426261e-02
1400,layers.2.out_proj.log_select_temp,8.049695e-01,2.354407e-02,2.924840e-02
1400,layers.2.residual_lut.weights,7.300000e+01,2.500000e+01,3.424658e-01
1400,layers.2.residual_lut.log_soft_score_temp,5.576294e-01,2.946997e-02,5.284866e-02
1400,layers.2.residual_lut.log_select_temp,6.601815e-01,2.325058e-03,3.521846e-03
1400,layers.2.q_norm.weight,8.476957e+00,7.097676e-02,8.372905e-03
1400,layers.2.q_norm.bias,3.593260e-01,3.044995e-02,8.474186e-02
1400,layers.2.k_norm.weight,8.462664e+00,7.139424e-02,8.436380e-03
1400,layers.2.k_norm.bias,5.773793e-01,5.142811e-02,8.907162e-02
1400,layers.3.qk_lut.weights,5.300000e+01,1.787500e+01,3.372642e-01
1400,layers.3.qk_lut.log_soft_score_temp,5.645263e-01,3.610241e-02,6.395169e-02
1400,layers.3.qk_lut.log_select_temp,7.465837e-01,3.861964e-03,5.172848e-03
1400,layers.3.v_lut.weights,7.200000e+01,2.450000e+01,3.402778e-01
1400,layers.3.v_lut.log_soft_score_temp,7.326018e-01,7.593751e-03,1.036545e-02
1400,layers.3.v_lut.log_select_temp,7.467306e-01,1.429093e-02,1.913800e-02
1400,layers.3.out_proj.weights,1.670000e+02,5.650000e+01,3.383234e-01
1400,layers.3.out_proj.log_soft_score_temp,5.740691e-01,1.532292e-02,2.669178e-02
1400,layers.3.out_proj.log_select_temp,6.612424e-01,9.836316e-03,1.487551e-02
1400,layers.3.residual_lut.weights,7.350000e+01,2.537500e+01,3.452381e-01
1400,layers.3.residual_lut.log_soft_score_temp,5.763690e-01,2.466494e-02,4.279366e-02
1400,layers.3.residual_lut.log_select_temp,6.560488e-01,2.785623e-03,4.246061e-03
1400,layers.3.q_norm.weight,8.327536e+00,8.467060e-02,1.016755e-02
1400,layers.3.q_norm.bias,1.517738e-01,3.107011e-02,2.047133e-01
1400,layers.3.k_norm.weight,8.321492e+00,8.289209e-02,9.961205e-03
1400,layers.3.k_norm.bias,2.424373e-01,4.666489e-02,1.924823e-01
1400,layers.4.qk_lut.weights,5.350000e+01,1.812500e+01,3.387850e-01
1400,layers.4.qk_lut.log_soft_score_temp,5.310835e-01,3.537768e-02,6.661416e-02
1400,layers.4.qk_lut.log_select_temp,7.115266e-01,2.004743e-03,2.817523e-03
1400,layers.4.v_lut.weights,7.600000e+01,2.562500e+01,3.371711e-01
1400,layers.4.v_lut.log_soft_score_temp,7.095901e-01,1.397848e-03,1.969937e-03
1400,layers.4.v_lut.log_select_temp,7.251362e-01,7.596731e-03,1.047628e-02
1400,layers.4.out_proj.weights,2.680000e+02,6.650000e+01,2.481343e-01
1400,layers.4.out_proj.log_soft_score_temp,6.668037e-01,7.028937e-03,1.054124e-02
1400,layers.4.out_proj.log_select_temp,7.226909e-01,1.174968e-02,1.625824e-02
1400,layers.4.residual_lut.weights,1.050000e+02,2.787500e+01,2.654762e-01
1400,layers.4.residual_lut.log_soft_score_temp,6.292374e-01,1.552409e-02,2.467128e-02
1400,layers.4.residual_lut.log_select_temp,6.720921e-01,2.905488e-03,4.323051e-03
1400,layers.4.q_norm.weight,8.320447e+00,5.928604e-02,7.125344e-03
1400,layers.4.q_norm.bias,2.470497e-01,3.354764e-02,1.357931e-01
1400,layers.4.k_norm.weight,8.313930e+00,5.917672e-02,7.117780e-03
1400,layers.4.k_norm.bias,4.200927e-01,5.720127e-02,1.361634e-01
1400,layers.5.qk_lut.weights,6.250000e+01,1.900000e+01,3.040000e-01
1400,layers.5.qk_lut.log_soft_score_temp,6.726858e-01,1.023197e-02,1.521063e-02
1400,layers.5.qk_lut.log_select_temp,7.197016e-01,8.355916e-03,1.161025e-02
1400,layers.5.v_lut.weights,1.140000e+02,2.887500e+01,2.532895e-01
1400,layers.5.v_lut.log_soft_score_temp,6.998773e-01,1.075983e-03,1.537388e-03
1400,layers.5.v_lut.log_select_temp,7.005144e-01,1.622617e-03,2.316322e-03
1400,layers.5.out_proj.weights,4.360000e+02,9.200000e+01,2.110092e-01
1400,layers.5.out_proj.log_soft_score_temp,6.608354e-01,5.231380e-03,7.916314e-03
1400,layers.5.out_proj.log_select_temp,6.988289e-01,6.166458e-03,8.823989e-03
1400,layers.5.residual_lut.weights,2.400000e+02,4.175000e+01,1.739583e-01
1400,layers.5.residual_lut.log_soft_score_temp,6.699411e-01,4.626930e-03,6.906472e-03
1400,layers.5.residual_lut.log_select_temp,6.858938e-01,6.532669e-04,9.524315e-04
1400,layers.5.q_norm.weight,8.179341e+00,5.293433e-02,6.471711e-03
1400,layers.5.q_norm.bias,1.456571e-01,2.814091e-02,1.931997e-01
1400,layers.5.k_norm.weight,8.174141e+00,5.207170e-02,6.370296e-03
1400,layers.5.k_norm.bias,2.233049e-01,4.105682e-02,1.838599e-01
1400,ln_final.weight,2.507771e+01,8.497208e-01,3.388351e-02
1400,ln_final.bias,1.242495e+00,1.206442e-01,9.709839e-02
1600,tok_emb_E.weight,2.077638e+02,9.070517e+00,4.365782e-02
1600,emb_resid_lut.weights,1.095000e+02,2.212500e+01,2.020548e-01
1600,emb_resid_lut.log_soft_score_temp,1.041268e+00,4.507315e-02,4.328678e-02
1600,emb_resid_lut.log_select_temp,1.043703e+00,4.559541e-02,4.368620e-02
1600,unembedder.weight,1.511599e+02,1.395546e+01,9.232249e-02
1600,layers.0.qk_lut.weights,5.600000e+01,1.437500e+01,2.566964e-01
1600,layers.0.qk_lut.log_soft_score_temp,8.309674e-01,1.079488e-02,1.299074e-02
1600,layers.0.qk_lut.log_select_temp,8.176264e-01,1.442719e-02,1.764520e-02
1600,layers.0.v_lut.weights,7.750000e+01,2.187500e+01,2.822581e-01
1600,layers.0.v_lut.log_soft_score_temp,8.766140e-01,6.670475e-03,7.609364e-03
1600,layers.0.v_lut.log_select_temp,9.115044e-01,1.966316e-02,2.157220e-02
1600,layers.0.out_proj.weights,1.630000e+02,4.925000e+01,3.021472e-01
1600,layers.0.out_proj.log_soft_score_temp,6.630942e-01,4.145139e-02,6.251207e-02
1600,layers.0.out_proj.log_select_temp,8.873355e-01,5.789042e-03,6.524073e-03
1600,layers.0.residual_lut.weights,7.250000e+01,2.275000e+01,3.137931e-01
1600,layers.0.residual_lut.log_soft_score_temp,4.805438e-01,3.679287e-02,7.656508e-02
1600,layers.0.residual_lut.log_select_temp,5.812292e-01,1.905304e-02,3.278060e-02
1600,layers.0.q_norm.weight,8.633460e+00,4.363502e-02,5.054175e-03
1600,layers.0.q_norm.bias,3.571193e-01,2.209721e-02,6.187626e-02
1600,layers.0.k_norm.weight,8.609674e+00,4.095639e-02,4.757020e-03
1600,layers.0.k_norm.bias,4.807391e-01,3.351448e-02,6.971448e-02
1600,layers.1.qk_lut.weights,5.600000e+01,1.612500e+01,2.879464e-01
1600,layers.1.qk_lut.log_soft_score_temp,4.610729e-01,3.168169e-02,6.871296e-02
1600,layers.1.qk_lut.log_select_temp,7.262913e-01,9.230673e-03,1.270933e-02
1600,layers.1.v_lut.weights,7.700000e+01,2.300000e+01,2.987013e-01
1600,layers.1.v_lut.log_soft_score_temp,6.212153e-01,4.068589e-02,6.549403e-02
1600,layers.1.v_lut.log_select_temp,8.593732e-01,4.758000e-03,5.536594e-03
1600,layers.1.out_proj.weights,1.650000e+02,5.050000e+01,3.060606e-01
1600,layers.1.out_proj.log_soft_score_temp,6.350049e-01,3.553849e-02,5.596570e-02
1600,layers.1.out_proj.log_select_temp,8.198649e-01,1.086462e-02,1.325171e-02
1600,layers.1.residual_lut.weights,7.500000e+01,2.312500e+01,3.083333e-01
1600,layers.1.residual_lut.log_soft_score_temp,4.796825e-01,3.493121e-02,7.282152e-02
1600,layers.1.residual_lut.log_select_temp,6.247190e-01,5.339622e-03,8.547239e-03
1600,layers.1.q_norm.weight,8.625924e+00,6.398310e-02,7.417535e-03
1600,layers.1.q_norm.bias,3.928875e-01,3.043506e-02,7.746507e-02
1600,layers.1.k_norm.weight,8.602599e+00,6.281052e-02,7.301342e-03
1600,layers.1.k_norm.bias,6.089441e-01,4.986797e-02,8.189253e-02
1600,layers.2.qk_lut.weights,5.625000e+01,1.662500e+01,2.955556e-01
1600,layers.2.qk_lut.log_soft_score_temp,4.192676e-01,3.677738e-02,8.771815e-02
1600,layers.2.qk_lut.log_select_temp,7.187843e-01,8.790493e-03,1.222967e-02
1600,layers.2.v_lut.weights,7.650000e+01,2.300000e+01,3.006536e-01
1600,layers.2.v_lut.log_soft_score_temp,6.260457e-01,3.736383e-02,5.968227e-02
1600,layers.2.v_lut.log_select_temp,8.835194e-01,2.003330e-02,2.267443e-02
1600,layers.2.out_proj.weights,1.770000e+02,5.200000e+01,2.937853e-01
1600,layers.2.out_proj.log_soft_score_temp,6.878417e-01,1.757520e-02,2.555124e-02
1600,layers.2.out_proj.log_select_temp,8.255131e-01,2.054352e-02,2.488575e-02
1600,layers.2.residual_lut.weights,7.750000e+01,2.325000e+01,3.000000e-01
1600,layers.2.residual_lut.log_soft_score_temp,5.299991e-01,2.763033e-02,5.213279e-02
1600,layers.2.residual_lut.log_select_temp,6.629771e-01,2.795577e-03,4.216702e-03
1600,layers.2.q_norm.weight,8.537532e+00,6.630252e-02,7.766006e-03
1600,layers.2.q_norm.bias,3.823489e-01,2.640647e-02,6.906380e-02
1600,layers.2.k_norm.weight,8.521043e+00,6.604565e-02,7.750888e-03
1600,layers.2.k_norm.bias,6.151565e-01,4.448894e-02,7.232134e-02
1600,layers.3.qk_lut.weights,5.625000e+01,1.662500e+01,2.955556e-01
1600,layers.3.qk_lut.log_soft_score_temp,5.314930e-01,3.303331e-02,6.215192e-02
1600,layers.3.qk_lut.log_select_temp,7.528799e-01,6.296217e-03,8.362844e-03
1600,layers.3.v_lut.weights,7.650000e+01,2.287500e+01,2.990196e-01
1600,layers.3.v_lut.log_soft_score_temp,7.377801e-01,5.178273e-03,7.018721e-03
1600,layers.3.v_lut.log_select_temp,7.616355e-01,1.490498e-02,1.956970e-02
1600,layers.3.out_proj.weights,1.760000e+02,5.225000e+01,2.968750e-01
1600,layers.3.out_proj.log_soft_score_temp,5.622761e-01,1.179302e-02,2.097371e-02
1600,layers.3.out_proj.log_select_temp,6.762395e-01,1.499707e-02,2.217715e-02
1600,layers.3.residual_lut.weights,7.800000e+01,2.362500e+01,3.028846e-01
1600,layers.3.residual_lut.log_soft_score_temp,5.524900e-01,2.387899e-02,4.322068e-02
1600,layers.3.residual_lut.log_select_temp,6.568902e-01,8.414388e-04,1.280943e-03
1600,layers.3.q_norm.weight,8.397115e+00,7.611015e-02,9.063846e-03
1600,layers.3.q_norm.bias,1.727233e-01,2.440958e-02,1.413218e-01
1600,layers.3.k_norm.weight,8.390772e+00,7.468670e-02,8.901052e-03
1600,layers.3.k_norm.bias,2.759050e-01,3.798415e-02,1.376711e-01
1600,layers.4.qk_lut.weights,5.675000e+01,1.687500e+01,2.973568e-01
1600,layers.4.qk_lut.log_soft_score_temp,5.007670e-01,3.031653e-02,6.054020e-02
1600,layers.4.qk_lut.log_select_temp,7.159805e-01,4.453897e-03,6.220696e-03
1600,layers.4.v_lut.weights,8.050000e+01,2.387500e+01,2.965839e-01
1600,layers.4.v_lut.log_soft_score_temp,7.100031e-01,4.129410e-04,5.816045e-04
1600,layers.4.v_lut.log_select_temp,7.335591e-01,8.422911e-03,1.148225e-02
1600,layers.4.out_proj.weights,2.800000e+02,6.025000e+01,2.151786e-01
1600,layers.4.out_proj.log_soft_score_temp,6.580478e-01,8.755863e-03,1.330582e-02
1600,layers.4.out_proj.log_select_temp,7.357774e-01,1.308650e-02,1.778595e-02
1600,layers.4.residual_lut.weights,1.110000e+02,2.575000e+01,2.319820e-01
1600,layers.4.residual_lut.log_soft_score_temp,6.143984e-01,1.483893e-02,2.415197e-02
1600,layers.4.residual_lut.log_select_temp,6.710232e-01,1.068890e-03,1.592926e-03
1600,layers.4.q_norm.weight,8.359821e+00,4.540138e-02,5.430903e-03
1600,layers.4.q_norm.bias,2.727903e-01,2.746089e-02,1.006667e-01
1600,layers.4.k_norm.weight,8.350834e+00,4.731980e-02,5.666476e-03
1600,layers.4.k_norm.bias,4.649502e-01,4.798822e-02,1.032115e-01
1600,layers.5.qk_lut.weights,6.700000e+01,1.775000e+01,2.649254e-01
1600,layers.5.qk_lut.log_soft_score_temp,6.565021e-01,1.618373e-02,2.465146e-02
1600,layers.5.qk_lut.log_select_temp,7.234730e-01,3.771305e-03,5.212780e-03
1600,layers.5.v_lut.weights,1.220000e+02,2.675000e+01,2.192623e-01
1600,layers.5.v_lut.log_soft_score_temp,7.010208e-01,1.143515e-03,1.631214e-03
1600,layers.5.v_lut.log_select_temp,7.024723e-01,1.957834e-03,2.787062e-03
1600,layers.5.out_proj.weights,4.700000e+02,8.400000e+01,1.787234e-01
1600,layers.5.out_proj.log_soft_score_temp,6.564605e-01,4.374921e-03,6.664409e-03
1600,layers.5.out_proj.log_select_temp,7.068825e-01,8.053660e-03,1.139321e-02
1600,layers.5.residual_lut.weights,2.620000e+02,3.800000e+01,1.450382e-01
1600,layers.5.residual_lut.log_soft_score_temp,6.655911e-01,4.350066e-03,6.535644e-03
1600,layers.5.residual_lut.log_select_temp,6.856610e-01,2.328753e-04,3.396363e-04
1600,layers.5.q_norm.weight,8.213577e+00,4.308851e-02,5.246010e-03
1600,layers.5.q_norm.bias,1.681373e-01,2.431150e-02,1.445932e-01
1600,layers.5.k_norm.weight,8.207531e+00,4.196551e-02,5.113049e-03
1600,layers.5.k_norm.bias,2.593619e-01,3.836003e-02,1.479016e-01
1600,ln_final.weight,2.586159e+01,7.845927e-01,3.033814e-02
1600,ln_final.bias,1.320734e+00,1.113365e-01,8.429897e-02
1800,tok_emb_E.weight,2.080474e+02,8.340319e+00,4.008856e-02
1800,emb_resid_lut.weights,1.145000e+02,2.025000e+01,1.768559e-01
1800,emb_resid_lut.log_soft_score_temp,1.082802e+00,4.153347e-02,3.835741e-02
1800,emb_resid_lut.log_select_temp,1.085882e+00,4.217923e-02,3.884329e-02
1800,unembedder.weight,1.536897e+02,1.244427e+01,8.097010e-02
1800,layers.0.qk_lut.weights,5.875000e+01,1.318750e+01,2.244681e-01
1800,layers.0.qk_lut.log_soft_score_temp,8.432708e-01,1.230341e-02,1.459011e-02
1800,layers.0.qk_lut.log_select_temp,8.330016e-01,1.537514e-02,1.845751e-02
1800,layers.0.v_lut.weights,8.100000e+01,2.012500e+01,2.484568e-01
1800,layers.0.v_lut.log_soft_score_temp,8.810498e-01,4.435837e-03,5.034718e-03
1800,layers.0.v_lut.log_select_temp,9.301223e-01,1.861793e-02,2.001664e-02
1800,layers.0.out_proj.weights,1.700000e+02,4.500000e+01,2.647059e-01
1800,layers.0.out_proj.log_soft_score_temp,6.236770e-01,3.941727e-02,6.320142e-02
1800,layers.0.out_proj.log_select_temp,8.941045e-01,6.769061e-03,7.570771e-03
1800,layers.0.residual_lut.weights,7.550000e+01,2.100000e+01,2.781457e-01
1800,layers.0.residual_lut.log_soft_score_temp,4.472688e-01,3.327495e-02,7.439586e-02
1800,layers.0.residual_lut.log_select_temp,5.676560e-01,1.357317e-02,2.391091e-02
1800,layers.0.q_norm.weight,8.666355e+00,3.788066e-02,4.371002e-03
1800,layers.0.q_norm.bias,3.742437e-01,1.927420e-02,5.150174e-02
1800,layers.0.k_norm.weight,8.640928e+00,3.594108e-02,4.159400e-03
1800,layers.0.k_norm.bias,5.061569e-01,2.880510e-02,5.690944e-02
1800,layers.1.qk_lut.weights,5.875000e+01,1.481250e+01,2.521277e-01
1800,layers.1.qk_lut.log_soft_score_temp,4.346890e-01,2.638391e-02,6.069605e-02
1800,layers.1.qk_lut.log_select_temp,7.367499e-01,1.045865e-02,1.419566e-02
1800,layers.1.v_lut.weights,8.050000e+01,2.100000e+01,2.608696e-01
1800,layers.1.v_lut.log_soft_score_temp,5.851663e-01,3.604901e-02,6.160473e-02
1800,layers.1.v_lut.log_select_temp,8.635103e-01,4.137158e-03,4.791093e-03
1800,layers.1.out_proj.weights,1.730000e+02,4.625000e+01,2.673410e-01
1800,layers.1.out_proj.log_soft_score_temp,5.985876e-01,3.641725e-02,6.083862e-02
1800,layers.1.out_proj.log_select_temp,8.263137e-01,6.448865e-03,7.804378e-03
1800,layers.1.residual_lut.weights,7.850000e+01,2.125000e+01,2.707006e-01
1800,layers.1.residual_lut.log_soft_score_temp,4.491375e-01,3.054506e-02,6.800825e-02
1800,layers.1.residual_lut.log_select_temp,6.276163e-01,2.897322e-03,4.616391e-03
1800,layers.1.q_norm.weight,8.677894e+00,5.666355e-02,6.529644e-03
1800,layers.1.q_norm.bias,4.146807e-01,2.346890e-02,5.659512e-02
1800,layers.1.k_norm.weight,8.653688e+00,5.610166e-02,6.482977e-03
1800,layers.1.k_norm.bias,6.453809e-01,3.975673e-02,6.160196e-02
1800,layers.2.qk_lut.weights,5.900000e+01,1.525000e+01,2.584746e-01
1800,layers.2.qk_lut.log_soft_score_temp,3.891116e-01,3.015596e-02,7.749950e-02
1800,layers.2.qk_lut.log_select_temp,7.317091e-01,1.292485e-02,1.766392e-02
1800,layers.2.v_lut.weights,8.000000e+01,2.100000e+01,2.625000e-01
1800,layers.2.v_lut.log_soft_score_temp,5.904683e-01,3.557736e-02,6.025278e-02
1800,layers.2.v_lut.log_select_temp,8.982156e-01,1.469618e-02,1.636153e-02
1800,layers.2.out_proj.weights,1.850000e+02,4.725000e+01,2.554054e-01
1800,layers.2.out_proj.log_soft_score_temp,6.663061e-01,2.153552e-02,3.232075e-02
1800,layers.2.out_proj.log_select_temp,8.462890e-01,2.077591e-02,2.454943e-02
1800,layers.2.residual_lut.weights,8.100000e+01,2.137500e+01,2.638889e-01
1800,layers.2.residual_lut.log_soft_score_temp,5.048902e-01,2.510887e-02,4.973135e-02
1800,layers.2.residual_lut.log_select_temp,6.708155e-01,7.838428e-03,1.168492e-02
1800,layers.2.q_norm.weight,8.595544e+00,6.369959e-02,7.410769e-03
1800,layers.2.q_norm.bias,4.000679e-01,2.200001e-02,5.499068e-02
1800,layers.2.k_norm.weight,8.576874e+00,6.346636e-02,7.399707e-03
1800,layers.2.k_norm.bias,6.468202e-01,3.660606e-02,5.659388e-02
1800,layers.3.qk_lut.weights,5.900000e+01,1.525000e+01,2.584746e-01
1800,layers.3.qk_lut.log_soft_score_temp,5.023746e-01,2.911842e-02,5.796157e-02
1800,layers.3.qk_lut.log_select_temp,7.589143e-01,6.034374e-03,7.951325e-03
1800,layers.3.v_lut.weights,8.050000e+01,2.087500e+01,2.593168e-01
1800,layers.3.v_lut.log_soft_score_temp,7.397689e-01,1.988828e-03,2.688445e-03
1800,layers.3.v_lut.log_select_temp,7.739778e-01,1.234221e-02,1.594647e-02
1800,layers.3.out_proj.weights,1.840000e+02,4.750000e+01,2.581522e-01
1800,layers.3.out_proj.log_soft_score_temp,5.512553e-01,1.102078e-02,1.999215e-02
1800,layers.3.out_proj.log_select_temp,6.901751e-01,1.393563e-02,2.019143e-02
1800,layers.3.residual_lut.weights,8.200000e+01,2.175000e+01,2.652439e-01
1800,layers.3.residual_lut.log_soft_score_temp,5.312200e-01,2.127004e-02,4.003998e-02
1800,layers.3.residual_lut.log_select_temp,6.620129e-01,5.122721e-03,7.738098e-03
1800,layers.3.q_norm.weight,8.461255e+00,6.908616e-02,8.165002e-03
1800,layers.3.q_norm.bias,1.943080e-01,2.343868e-02,1.206264e-01
1800,layers.3.k_norm.weight,8.454103e+00,6.839599e-02,8.090272e-03
1800,layers.3.k_norm.bias,3.024973e-01,3.243616e-02,1.072279e-01
1800,layers.4.qk_lut.weights,5.950000e+01,1.543750e+01,2.594538e-01
1800,layers.4.qk_lut.log_soft_score_temp,4.746990e-01,2.606797e-02,5.491474e-02
1800,layers.4.qk_lut.log_select_temp,7.220210e-01,6.040454e-03,8.366037e-03
1800,layers.4.v_lut.weights,8.400000e+01,2.175000e+01,2.589286e-01
1800,layers.4.v_lut.log_soft_score_temp,7.106691e-01,6.660223e-04,9.371764e-04
1800,layers.4.v_lut.log_select_temp,7.422666e-01,8.707523e-03,1.173099e-02
1800,layers.4.out_proj.weights,2.880000e+02,5.475000e+01,1.901042e-01
1800,layers.4.out_proj.log_soft_score_temp,6.482524e-01,9.795427e-03,1.511052e-02
1800,layers.4.out_proj.log_select_temp,7.481989e-01,1.242149e-02,1.660185e-02
1800,layers.4.residual_lut.weights,1.160000e+02,2.350000e+01,2.025862e-01
1800,layers.4.residual_lut.log_soft_score_temp,5.995246e-01,1.487380e-02,2.480933e-02
1800,layers.4.residual_lut.log_select_temp,6.714279e-01,4.047155e-04,6.027684e-04
1800,layers.4.q_norm.weight,8.398139e+00,4.320911e-02,5.145082e-03
1800,layers.4.q_norm.bias,2.947680e-01,2.396610e-02,8.130496e-02
1800,layers.4.k_norm.weight,8.387231e+00,4.347470e-02,5.183440e-03
1800,layers.4.k_norm.bias,5.019344e-01,4.140947e-02,8.249976e-02
1800,layers.5.qk_lut.weights,7.050000e+01,1.612500e+01,2.287234e-01
1800,layers.5.qk_lut.log_soft_score_temp,6.401095e-01,1.639253e-02,2.560894e-02
1800,layers.5.qk_lut.log_select_temp,7.303836e-01,6.910682e-03,9.461715e-03
1800,layers.5.v_lut.weights,1.290000e+02,2.437500e+01,1.889535e-01
1800,layers.5.v_lut.log_soft_score_temp,7.018145e-01,7.936954e-04,1.130919e-03
1800,layers.5.v_lut.log_select_temp,7.043696e-01,1.897335e-03,2.693664e-03
1800,layers.5.out_proj.weights,4.980000e+02,7.450000e+01,1.495984e-01
1800,layers.5.out_proj.log_soft_score_temp,6.497987e-01,6.661773e-03,1.025206e-02
1800,layers.5.out_proj.log_select_temp,7.156796e-01,8.797109e-03,1.229196e-02
1800,layers.5.residual_lut.weights,2.820000e+02,3.425000e+01,1.214539e-01
1800,layers.5.residual_lut.log_soft_score_temp,6.614388e-01,4.152298e-03,6.277676e-03
1800,layers.5.residual_lut.log_select_temp,6.857626e-01,1.016855e-04,1.482809e-04
1800,layers.5.q_norm.weight,8.241303e+00,3.386402e-02,4.109061e-03
1800,layers.5.q_norm.bias,1.870073e-01,2.187730e-02,1.169864e-01
1800,layers.5.k_norm.weight,8.234923e+00,3.482615e-02,4.229080e-03
1800,layers.5.k_norm.bias,2.856001e-01,3.105638e-02,1.087408e-01
1800,ln_final.weight,2.657899e+01,7.178142e-01,2.700683e-02
1800,ln_final.bias,1.394159e+00,1.086951e-01,7.796465e-02
2000,tok_emb_E.weight,2.082795e+02,7.548864e+00,3.624392e-02
2000,emb_resid_lut.weights,1.190000e+02,1.825000e+01,1.533613e-01
2000,emb_resid_lut.log_soft_score_temp,1.119744e+00,3.694260e-02,3.299200e-02
2000,emb_resid_lut.log_select_temp,1.123607e+00,3.772461e-02,3.357458e-02
2000,unembedder.weight,1.558019e+02,1.123905e+01,7.213682e-02
2000,layers.0.qk_lut.weights,6.100000e+01,1.193750e+01,1.956967e-01
2000,layers.0.qk_lut.log_soft_score_temp,8.532586e-01,9.987831e-03,1.170551e-02
2000,layers.0.qk_lut.log_select_temp,8.459905e-01,1.298892e-02,1.535351e-02
2000,layers.0.v_lut.weights,8.400000e+01,1.825000e+01,2.172619e-01
2000,layers.0.v_lut.log_soft_score_temp,8.827245e-01,1.674712e-03,1.897208e-03
2000,layers.0.v_lut.log_select_temp,9.463454e-01,1.622307e-02,1.714287e-02
2000,layers.0.out_proj.weights,1.760000e+02,4.050000e+01,2.301136e-01
2000,layers.0.out_proj.log_soft_score_temp,5.878065e-01,3.587043e-02,6.102422e-02
2000,layers.0.out_proj.log_select_temp,8.996301e-01,5.525589e-03,6.142068e-03
2000,layers.0.residual_lut.weights,7.750000e+01,1.887500e+01,2.435484e-01
2000,layers.0.residual_lut.log_soft_score_temp,4.203110e-01,2.695784e-02,6.413784e-02
2000,layers.0.residual_lut.log_select_temp,5.618412e-01,5.814791e-03,1.034953e-02
2000,layers.0.q_norm.weight,8.696017e+00,3.423578e-02,3.936949e-03
2000,layers.0.q_norm.bias,3.890319e-01,1.647096e-02,4.233833e-02
2000,layers.0.k_norm.weight,8.668855e+00,3.189161e-02,3.678873e-03
2000,layers.0.k_norm.bias,5.285168e-01,2.522086e-02,4.772007e-02
2000,layers.1.qk_lut.weights,6.075000e+01,1.337500e+01,2.201646e-01
2000,layers.1.qk_lut.log_soft_score_temp,4.117517e-01,2.293730e-02,5.570662e-02
2000,layers.1.qk_lut.log_select_temp,7.493622e-01,1.261228e-02,1.683069e-02
2000,layers.1.v_lut.weights,8.300000e+01,1.900000e+01,2.289157e-01
2000,layers.1.v_lut.log_soft_score_temp,5.516961e-01,3.347021e-02,6.066785e-02
2000,layers.1.v_lut.log_select_temp,8.685263e-01,5.015969e-03,5.775265e-03
2000,layers.1.out_proj.weights,1.780000e+02,4.150000e+01,2.331461e-01
2000,layers.1.out_proj.log_soft_score_temp,5.644081e-01,3.417951e-02,6.055814e-02
2000,layers.1.out_proj.log_select_temp,8.314366e-01,5.122900e-03,6.161504e-03
2000,layers.1.residual_lut.weights,8.100000e+01,1.925000e+01,2.376543e-01
2000,layers.1.residual_lut.log_soft_score_temp,4.239531e-01,2.518436e-02,5.940365e-02
2000,layers.1.residual_lut.log_select_temp,6.374906e-01,9.874284e-03,1.548930e-02
2000,layers.1.q_norm.weight,8.725128e+00,5.257795e-02,6.026038e-03
2000,layers.1.q_norm.bias,4.332658e-01,2.051144e-02,4.734147e-02
2000,layers.1.k_norm.weight,8.699955e+00,5.243995e-02,6.027611e-03
2000,layers.1.k_norm.bias,6.763281e-01,3.305679e-02,4.887686e-02
2000,layers.2.qk_lut.weights,6.100000e+01,1.381250e+01,2.264344e-01
2000,layers.2.qk_lut.log_soft_score_temp,3.631256e-01,2.598602e-02,7.156206e-02
2000,layers.2.qk_lut.log_select_temp,7.461310e-01,1.442188e-02,1.932888e-02
2000,layers.2.v_lut.weights,8.300000e+01,1.900000e+01,2.289157e-01
2000,layers.2.v_lut.log_soft_score_temp,5.578892e-01,3.257918e-02,5.839723e-02
2000,layers.2.v_lut.log_select_temp,9.098981e-01,1.168251e-02,1.283936e-02
2000,layers.2.out_proj.weights,1.910000e+02,4.225000e+01,2.212042e-01
2000,layers.2.out_proj.log_soft_score_temp,6.432638e-01,2.304238e-02,3.582105e-02
2000,layers.2.out_proj.log_select_temp,8.646117e-01,1.832271e-02,2.119183e-02
2000,layers.2.residual_lut.weights,8.400000e+01,1.925000e+01,2.291667e-01
2000,layers.2.residual_lut.log_soft_score_temp,4.822929e-01,2.259728e-02,4.685386e-02
2000,layers.2.residual_lut.log_select_temp,6.844817e-01,1.366615e-02,1.996570e-02
2000,layers.2.q_norm.weight,8.648461e+00,6.148634e-02,7.109512e-03
2000,layers.2.q_norm.bias,4.125583e-01,1.784481e-02,4.325404e-02
2000,layers.2.k_norm.weight,8.628736e+00,6.211728e-02,7.198885e-03
2000,layers.2.k_norm.bias,6.705160e-01,3.251144e-02,4.848719e-02
2000,layers.3.qk_lut.weights,6.100000e+01,1.381250e+01,2.264344e-01
2000,layers.3.qk_lut.log_soft_score_temp,4.777255e-01,2.464908e-02,5.159675e-02
2000,layers.3.qk_lut.log_select_temp,7.670676e-01,8.153319e-03,1.062921e-02
2000,layers.3.v_lut.weights,8.350000e+01,1.887500e+01,2.260479e-01
2000,layers.3.v_lut.log_soft_score_temp,7.414216e-01,1.652718e-03,2.229120e-03
2000,layers.3.v_lut.log_select_temp,7.878034e-01,1.382565e-02,1.754963e-02
2000,layers.3.out_proj.weights,1.890000e+02,4.275000e+01,2.261905e-01
2000,layers.3.out_proj.log_soft_score_temp,5.429940e-01,8.261323e-03,1.521439e-02
2000,layers.3.out_proj.log_select_temp,7.071945e-01,1.701939e-02,2.406607e-02
2000,layers.3.residual_lut.weights,8.450000e+01,1.962500e+01,2.322485e-01
2000,layers.3.residual_lut.log_soft_score_temp,5.132824e-01,1.793760e-02,3.494685e-02
2000,layers.3.residual_lut.log_select_temp,6.719034e-01,9.890437e-03,1.472003e-02
2000,layers.3.q_norm.weight,8.522674e+00,6.583890e-02,7.725147e-03
2000,layers.3.q_norm.bias,2.105647e-01,1.848659e-02,8.779530e-02
2000,layers.3.k_norm.weight,8.515234e+00,6.532592e-02,7.671652e-03
2000,layers.3.k_norm.bias,3.247565e-01,2.687410e-02,8.275154e-02
2000,layers.4.qk_lut.weights,6.150000e+01,1.393750e+01,2.266260e-01
2000,layers.4.qk_lut.log_soft_score_temp,4.505537e-01,2.414531e-02,5.359029e-02
2000,layers.4.qk_lut.log_select_temp,7.286470e-01,6.626010e-03,9.093580e-03
2000,layers.4.v_lut.weights,8.700000e+01,1.962500e+01,2.255747e-01
2000,layers.4.v_lut.log_soft_score_temp,7.093517e-01,1.317382e-03,1.857163e-03
2000,layers.4.v_lut.log_select_temp,7.508360e-01,8.569419e-03,1.141317e-02
2000,layers.4.out_proj.weights,2.960000e+02,4.825000e+01,1.630068e-01
2000,layers.4.out_proj.log_soft_score_temp,6.401482e-01,8.104205e-03,1.265989e-02
2000,layers.4.out_proj.log_select_temp,7.620210e-01,1.382208e-02,1.813871e-02
2000,layers.4.residual_lut.weights,1.205000e+02,2.112500e+01,1.753112e-01
2000,layers.4.residual_lut.log_soft_score_temp,5.866083e-01,1.291633e-02,2.201866e-02
2000,layers.4.residual_lut.log_select_temp,6.741815e-01,2.753615e-03,4.084383e-03
2000,layers.4.q_norm.weight,8.427540e+00,3.554495e-02,4.217714e-03
2000,layers.4.q_norm.bias,3.123371e-01,2.001331e-02,6.407598e-02
2000,layers.4.k_norm.weight,8.413740e+00,3.484057e-02,4.140913e-03
2000,layers.4.k_norm.bias,5.331036e-01,3.492216e-02,6.550726e-02
2000,layers.5.qk_lut.weights,7.400000e+01,1.456250e+01,1.967905e-01
2000,layers.5.qk_lut.log_soft_score_temp,6.263974e-01,1.371211e-02,2.189043e-02
2000,layers.5.qk_lut.log_select_temp,7.358207e-01,5.437016e-03,7.389051e-03
2000,layers.5.v_lut.weights,1.350000e+02,2.187500e+01,1.620370e-01
2000,layers.5.v_lut.log_soft_score_temp,7.029766e-01,1.162171e-03,1.653215e-03
2000,layers.5.v_lut.log_select_temp,7.066904e-01,2.320826e-03,3.284077e-03
2000,layers.5.out_proj.weights,5.240000e+02,6.550000e+01,1.250000e-01
2000,layers.5.out_proj.log_soft_score_temp,6.456707e-01,4.127979e-03,6.393320e-03
2000,layers.5.out_proj.log_select_temp,7.249498e-01,9.270132e-03,1.278727e-02
2000,layers.5.residual_lut.weights,3.000000e+02,3.037500e+01,1.012500e-01
2000,layers.5.residual_lut.log_soft_score_temp,6.576287e-01,3.810048e-03,5.793616e-03
2000,layers.5.residual_lut.log_select_temp,6.861839e-01,4.212856e-04,6.139544e-04
2000,layers.5.q_norm.weight,8.268964e+00,3.342777e-02,4.042558e-03
2000,layers.5.q_norm.bias,1.996073e-01,1.569058e-02,7.860728e-02
2000,layers.5.k_norm.weight,8.261969e+00,3.284286e-02,3.975186e-03
2000,layers.5.k_norm.bias,3.096702e-01,2.790416e-02,9.010928e-02
2000,ln_final.weight,2.722532e+01,6.465869e-01,2.374947e-02
2000,ln_final.bias,1.459978e+00,1.005405e-01,6.886441e-02
2200,tok_emb_E.weight,2.084624e+02,6.707528e+00,3.217620e-02
2200,emb_resid_lut.weights,1.220000e+02,1.612500e+01,1.321721e-01
2200,emb_resid_lut.log_soft_score_temp,1.151768e+00,3.202379e-02,2.780402e-02
2200,emb_resid_lut.log_select_temp,1.156705e+00,3.309798e-02,2.861403e-02
2200,unembedder.weight,1.574466e+02,9.919670e+00,6.300340e-02
2200,layers.0.qk_lut.weights,6.250000e+01,1.062500e+01,1.700000e-01
2200,layers.0.qk_lut.log_soft_score_temp,8.610131e-01,7.754505e-03,9.006256e-03
2200,layers.0.qk_lut.log_select_temp,8.568218e-01,1.083136e-02,1.264132e-02
2200,layers.0.v_lut.weights,8.600000e+01,1.625000e+01,1.889535e-01
2200,layers.0.v_lut.log_soft_score_temp,8.837560e-01,1.031518e-03,1.167198e-03
2200,layers.0.v_lut.log_select_temp,9.598803e-01,1.353490e-02,1.410062e-02
2200,layers.0.out_proj.weights,1.810000e+02,3.575000e+01,1.975138e-01
2200,layers.0.out_proj.log_soft_score_temp,5.561528e-01,3.165370e-02,5.691548e-02
2200,layers.0.out_proj.log_select_temp,9.084815e-01,8.851409e-03,9.743081e-03
2200,layers.0.residual_lut.weights,7.950000e+01,1.675000e+01,2.106918e-01
2200,layers.0.residual_lut.log_soft_score_temp,4.005247e-01,1.978633e-02,4.940102e-02
2200,layers.0.residual_lut.log_select_temp,5.634854e-01,1.644194e-03,2.917900e-03
2200,layers.0.q_norm.weight,8.727638e+00,3.553953e-02,4.072067e-03
2200,layers.0.q_norm.bias,4.024878e-01,1.496963e-02,3.719275e-02
2200,layers.0.k_norm.weight,8.698523e+00,3.395363e-02,3.903378e-03
2200,layers.0.k_norm.bias,5.485087e-01,2.298293e-02,4.190076e-02
2200,layers.1.qk_lut.weights,6.225000e+01,1.187500e+01,1.907631e-01
2200,layers.1.qk_lut.log_soft_score_temp,3.936229e-01,1.812881e-02,4.605629e-02
2200,layers.1.qk_lut.log_select_temp,7.616641e-01,1.230186e-02,1.615130e-02
2200,layers.1.v_lut.weights,8.500000e+01,1.687500e+01,1.985294e-01
2200,layers.1.v_lut.log_soft_score_temp,5.237186e-01,2.797747e-02,5.342080e-02
2200,layers.1.v_lut.log_select_temp,8.727542e-01,4.227936e-03,4.844361e-03
2200,layers.1.out_proj.weights,1.830000e+02,3.675000e+01,2.008197e-01
2200,layers.1.out_proj.log_soft_score_temp,5.343097e-01,3.009838e-02,5.633133e-02
2200,layers.1.out_proj.log_select_temp,8.349365e-01,3.499866e-03,4.191775e-03
2200,layers.1.residual_lut.weights,8.250000e+01,1.700000e+01,2.060606e-01
2200,layers.1.residual_lut.log_soft_score_temp,4.030601e-01,2.089301e-02,5.183596e-02
2200,layers.1.residual_lut.log_select_temp,6.506157e-01,1.312506e-02,2.017329e-02
2200,layers.1.q_norm.weight,8.765121e+00,4.621599e-02,5.272716e-03
2200,layers.1.q_norm.bias,4.475840e-01,1.640097e-02,3.664334e-02
2200,layers.1.k_norm.weight,8.739334e+00,4.552624e-02,5.209349e-03
2200,layers.1.k_norm.bias,6.990952e-01,2.602454e-02,3.722604e-02
2200,layers.2.qk_lut.weights,6.250000e+01,1.225000e+01,1.960000e-01
2200,layers.2.qk_lut.log_soft_score_temp,3.410953e-01,2.203035e-02,6.458710e-02
2200,layers.2.qk_lut.log_select_temp,7.587657e-01,1.263469e-02,1.665164e-02
2200,layers.2.v_lut.weights,8.500000e+01,1.687500e+01,1.985294e-01
2200,layers.2.v_lut.log_soft_score_temp,5.306519e-01,2.723730e-02,5.132799e-02
2200,layers.2.v_lut.log_select_temp,9.187055e-01,8.807361e-03,9.586708e-03
2200,layers.2.out_proj.weights,1.950000e+02,3.725000e+01,1.910256e-01
2200,layers.2.out_proj.log_soft_score_temp,6.222748e-01,2.098894e-02,3.372938e-02
2200,layers.2.out_proj.log_select_temp,8.794359e-01,1.482421e-02,1.685650e-02
2200,layers.2.residual_lut.weights,8.600000e+01,1.712500e+01,1.991279e-01
2200,layers.2.residual_lut.log_soft_score_temp,4.651206e-01,1.717231e-02,3.692012e-02
2200,layers.2.residual_lut.log_select_temp,6.999623e-01,1.548058e-02,2.211630e-02
2200,layers.2.q_norm.weight,8.692269e+00,5.109487e-02,5.878197e-03
2200,layers.2.q_norm.bias,4.247780e-01,1.619482e-02,3.812538e-02
2200,layers.2.k_norm.weight,8.671914e+00,5.160939e-02,5.951326e-03
2200,layers.2.k_norm.bias,6.884483e-01,2.362703e-02,3.431925e-02
2200,layers.3.qk_lut.weights,6.250000e+01,1.225000e+01,1.960000e-01
2200,layers.3.qk_lut.log_soft_score_temp,4.549702e-01,2.275532e-02,5.001498e-02
2200,layers.3.qk_lut.log_select_temp,7.742233e-01,7.155716e-03,9.242445e-03
2200,layers.3.v_lut.weights,8.550000e+01,1.675000e+01,1.959064e-01
2200,layers.3.v_lut.log_soft_score_temp,7.385961e-01,2.825499e-03,3.825499e-03
2200,layers.3.v_lut.log_select_temp,7.983063e-01,1.050293e-02,1.315652e-02
2200,layers.3.out_proj.weights,1.940000e+02,3.750000e+01,1.932990e-01
2200,layers.3.out_proj.log_soft_score_temp,5.353378e-01,7.656157e-03,1.430154e-02
2200,layers.3.out_proj.log_select_temp,7.210503e-01,1.385581e-02,1.921616e-02
2200,layers.3.residual_lut.weights,8.700000e+01,1.737500e+01,1.997126e-01
2200,layers.3.residual_lut.log_soft_score_temp,4.985876e-01,1.469478e-02,2.947282e-02
2200,layers.3.residual_lut.log_select_temp,6.832536e-01,1.135021e-02,1.661201e-02
2200,layers.3.q_norm.weight,8.574774e+00,5.760549e-02,6.718019e-03
2200,layers.3.q_norm.bias,2.256134e-01,1.666565e-02,7.386815e-02
2200,layers.3.k_norm.weight,8.566656e+00,5.659852e-02,6.606839e-03
2200,layers.3.k_norm.bias,3.441109e-01,2.391057e-02,6.948508e-02
2200,layers.4.qk_lut.weights,6.325000e+01,1.237500e+01,1.956522e-01
2200,layers.4.qk_lut.log_soft_score_temp,4.320346e-01,1.851910e-02,4.286486e-02
2200,layers.4.qk_lut.log_select_temp,7.372856e-01,8.638620e-03,1.171679e-02
2200,layers.4.v_lut.weights,8.950000e+01,1.750000e+01,1.955307e-01
2200,layers.4.v_lut.log_soft_score_temp,7.066440e-01,2.707720e-03,3.831802e-03
2200,layers.4.v_lut.log_select_temp,7.578846e-01,7.048547e-03,9.300291e-03
2200,layers.4.out_proj.weights,3.020000e+02,4.225000e+01,1.399007e-01
2200,layers.4.out_proj.log_soft_score_temp,6.290951e-01,1.105303e-02,1.756972e-02
2200,layers.4.out_proj.log_select_temp,7.727332e-01,1.071215e-02,1.386267e-02
2200,layers.4.residual_lut.weights,1.240000e+02,1.862500e+01,1.502016e-01
2200,layers.4.residual_lut.log_soft_score_temp,5.758379e-01,1.077038e-02,1.870384e-02
2200,layers.4.residual_lut.log_select_temp,6.780536e-01,3.872037e-03,5.710518e-03
2200,layers.4.q_norm.weight,8.454885e+00,3.191021e-02,3.774175e-03
2200,layers.4.q_norm.bias,3.248212e-01,1.486678e-02,4.576913e-02
2200,layers.4.k_norm.weight,8.439809e+00,3.151815e-02,3.734462e-03
2200,layers.4.k_norm.bias,5.576506e-01,2.705765e-02,4.852079e-02
2200,layers.5.qk_lut.weights,7.650000e+01,1.287500e+01,1.683007e-01
2200,layers.5.qk_lut.log_soft_score_temp,6.112661e-01,1.513129e-02,2.475402e-02
2200,layers.5.qk_lut.log_select_temp,7.401897e-01,4.369080e-03,5.902649e-03
2200,layers.5.v_lut.weights,1.400000e+02,1.925000e+01,1.375000e-01
2200,layers.5.v_lut.log_soft_score_temp,7.037428e-01,7.661581e-04,1.088691e-03
2200,layers.5.v_lut.log_select_temp,7.088495e-01,2.159059e-03,3.045864e-03
2200,layers.5.out_proj.weights,5.440000e+02,5.775000e+01,1.061581e-01
2200,layers.5.out_proj.log_soft_score_temp,6.406123e-01,5.058408e-03,7.896208e-03
2200,layers.5.out_proj.log_select_temp,7.330659e-01,8.116126e-03,1.107148e-02
2200,layers.5.residual_lut.weights,3.160000e+02,2.662500e+01,8.425633e-02
2200,layers.5.residual_lut.log_soft_score_temp,6.546615e-01,2.967238e-03,4.532478e-03
2200,layers.5.residual_lut.log_select_temp,6.868339e-01,6.499887e-04,9.463549e-04
2200,layers.5.q_norm.weight,8.294756e+00,3.058975e-02,3.687843e-03
2200,layers.5.q_norm.bias,2.138932e-01,1.602540e-02,7.492243e-02
2200,layers.5.k_norm.weight,8.287157e+00,2.973524e-02,3.588111e-03
2200,layers.5.k_norm.bias,3.318380e-01,2.448074e-02,7.377319e-02
2200,ln_final.weight,2.779621e+01,5.710926e-01,2.054570e-02
2200,ln_final.bias,1.516858e+00,8.694569e-02,5.731958e-02
2400,tok_emb_E.weight,2.086024e+02,5.859385e+00,2.808877e-02
2400,emb_resid_lut.weights,1.245000e+02,1.406250e+01,1.129518e-01
2400,emb_resid_lut.log_soft_score_temp,1.179499e+00,2.773106e-02,2.351088e-02
2400,emb_resid_lut.log_select_temp,1.185412e+00,2.870739e-02,2.421722e-02
2400,unembedder.weight,1.588310e+02,8.824738e+00,5.556055e-02
2400,layers.0.qk_lut.weights,6.375000e+01,9.250000e+00,1.450980e-01
2400,layers.0.qk_lut.log_soft_score_temp,8.683140e-01,7.300854e-03,8.408080e-03
2400,layers.0.qk_lut.log_select_temp,8.661160e-01,9.294152e-03,1.073084e-02
2400,layers.0.v_lut.weights,8.750000e+01,1.418750e+01,1.621429e-01
2400,layers.0.v_lut.log_soft_score_temp,8.866163e-01,2.860308e-03,3.226094e-03
2400,layers.0.v_lut.log_select_temp,9.737338e-01,1.385355e-02,1.422725e-02
2400,layers.0.out_proj.weights,1.840000e+02,3.100000e+01,1.684783e-01
2400,layers.0.out_proj.log_soft_score_temp,5.282512e-01,2.790159e-02,5.281879e-02
2400,layers.0.out_proj.log_select_temp,9.184276e-01,9.946108e-03,1.082950e-02
2400,layers.0.residual_lut.weights,8.050000e+01,1.462500e+01,1.816770e-01
2400,layers.0.residual_lut.log_soft_score_temp,3.846696e-01,1.585504e-02,4.121730e-02
2400,layers.0.residual_lut.log_select_temp,5.703295e-01,6.844103e-03,1.200026e-02
2400,layers.0.q_norm.weight,8.753577e+00,2.961471e-02,3.383155e-03
2400,layers.0.q_norm.bias,4.165560e-01,1.527893e-02,3.667918e-02
2400,layers.0.k_norm.weight,8.723354e+00,2.852508e-02,3.269967e-03
2400,layers.0.k_norm.bias,5.665273e-01,2.045006e-02,3.609722e-02
2400,layers.1.qk_lut.weights,6.350000e+01,1.037500e+01,1.633858e-01
2400,layers.1.qk_lut.log_soft_score_temp,3.773938e-01,1.622912e-02,4.300315e-02
2400,layers.1.qk_lut.log_select_temp,7.719532e-01,1.028913e-02,1.332870e-02
2400,layers.1.v_lut.weights,8.650000e+01,1.462500e+01,1.690751e-01
2400,layers.1.v_lut.log_soft_score_temp,4.990879e-01,2.463067e-02,4.935136e-02
2400,layers.1.v_lut.log_select_temp,8.776381e-01,4.883885e-03,5.564806e-03
2400,layers.1.out_proj.weights,1.860000e+02,3.187500e+01,1.713710e-01
2400,layers.1.out_proj.log_soft_score_temp,5.072507e-01,2.705902e-02,5.334447e-02
2400,layers.1.out_proj.log_select_temp,8.403087e-01,5.372167e-03,6.393087e-03
2400,layers.1.residual_lut.weights,8.400000e+01,1.487500e+01,1.770833e-01
2400,layers.1.residual_lut.log_soft_score_temp,3.853536e-01,1.770654e-02,4.594882e-02
2400,layers.1.residual_lut.log_select_temp,6.673820e-01,1.676631e-02,2.512251e-02
2400,layers.1.q_norm.weight,8.799049e+00,3.757991e-02,4.270905e-03
2400,layers.1.q_norm.bias,4.592578e-01,1.404253e-02,3.057656e-02
2400,layers.1.k_norm.weight,8.772492e+00,3.762321e-02,4.288771e-03
2400,layers.1.k_norm.bias,7.171433e-01,2.233944e-02,3.115059e-02
2400,layers.2.qk_lut.weights,6.375000e+01,1.068750e+01,1.676471e-01
2400,layers.2.qk_lut.log_soft_score_temp,3.229181e-01,1.817715e-02,5.629028e-02
2400,layers.2.qk_lut.log_select_temp,7.725554e-01,1.378971e-02,1.784948e-02
2400,layers.2.v_lut.weights,8.650000e+01,1.468750e+01,1.697977e-01
2400,layers.2.v_lut.log_soft_score_temp,5.061252e-01,2.452672e-02,4.845978e-02
2400,layers.2.v_lut.log_select_temp,9.266240e-01,7.918537e-03,8.545577e-03
2400,layers.2.out_proj.weights,1.980000e+02,3.225000e+01,1.628788e-01
2400,layers.2.out_proj.log_soft_score_temp,6.017393e-01,2.053547e-02,3.412685e-02
2400,layers.2.out_proj.log_select_temp,8.930209e-01,1.358503e-02,1.521244e-02
2400,layers.2.residual_lut.weights,8.750000e+01,1.487500e+01,1.700000e-01
2400,layers.2.residual_lut.log_soft_score_temp,4.490139e-01,1.610669e-02,3.587126e-02
2400,layers.2.residual_lut.log_select_temp,7.178874e-01,1.792514e-02,2.496930e-02
2400,layers.2.q_norm.weight,8.734646e+00,4.870225e-02,5.575756e-03
2400,layers.2.q_norm.bias,4.334843e-01,1.430731e-02,3.300538e-02
2400,layers.2.k_norm.weight,8.713428e+00,4.873203e-02,5.592751e-03
2400,layers.2.k_norm.bias,7.028307e-01,2.103098e-02,2.992326e-02
2400,layers.3.qk_lut.weights,6.375000e+01,1.062500e+01,1.666667e-01
2400,layers.3.qk_lut.log_soft_score_temp,4.349445e-01,2.002567e-02,4.604190e-02
2400,layers.3.qk_lut.log_select_temp,7.818457e-01,7.622421e-03,9.749264e-03
2400,layers.3.v_lut.weights,8.700000e+01,1.456250e+01,1.673851e-01
2400,layers.3.v_lut.log_soft_score_temp,7.335931e-01,5.003035e-03,6.819905e-03
2400,layers.3.v_lut.log_select_temp,8.065267e-01,8.220315e-03,1.019224e-02
2400,layers.3.out_proj.weights,1.970000e+02,3.250000e+01,1.649746e-01
2400,layers.3.out_proj.log_soft_score_temp,5.286943e-01,6.643534e-03,1.256593e-02
2400,layers.3.out_proj.log_select_temp,7.357493e-01,1.469898e-02,1.997825e-02
2400,layers.3.residual_lut.weights,8.850000e+01,1.512500e+01,1.709040e-01
2400,layers.3.residual_lut.log_soft_score_temp,4.854926e-01,1.309496e-02,2.697252e-02
2400,layers.3.residual_lut.log_select_temp,6.976365e-01,1.438290e-02,2.061661e-02
2400,layers.3.q_norm.weight,8.618597e+00,4.768397e-02,5.532684e-03
2400,layers.3.q_norm.bias,2.379487e-01,1.516792e-02,6.374448e-02
2400,layers.3.k_norm.weight,8.610314e+00,4.745870e-02,5.511843e-03
2400,layers.3.k_norm.bias,3.595470e-01,2.053855e-02,5.712342e-02
2400,layers.4.qk_lut.weights,6.450000e+01,1.068750e+01,1.656977e-01
2400,layers.4.qk_lut.log_soft_score_temp,4.159266e-01,1.610798e-02,3.872793e-02
2400,layers.4.qk_lut.log_select_temp,7.448906e-01,7.604957e-03,1.020950e-02
2400,layers.4.v_lut.weights,9.100000e+01,1.518750e+01,1.668956e-01
2400,layers.4.v_lut.log_soft_score_temp,7.036194e-01,3.024638e-03,4.298685e-03
2400,layers.4.v_lut.log_select_temp,7.650763e-01,7.191777e-03,9.400078e-03
2400,layers.4.out_proj.weights,3.080000e+02,3.600000e+01,1.168831e-01
2400,layers.4.out_proj.log_soft_score_temp,6.191347e-01,9.960413e-03,1.608763e-02
2400,layers.4.out_proj.log_select_temp,7.850569e-01,1.232380e-02,1.569797e-02
2400,layers.4.residual_lut.weights,1.270000e+02,1.612500e+01,1.269685e-01
2400,layers.4.residual_lut.log_soft_score_temp,5.655720e-01,1.026595e-02,1.815144e-02
2400,layers.4.residual_lut.log_select_temp,6.839763e-01,5.922735e-03,8.659269e-03
2400,layers.4.q_norm.weight,8.475961e+00,2.436572e-02,2.874685e-03
2400,layers.4.q_norm.bias,3.363768e-01,1.353586e-02,4.024017e-02
2400,layers.4.k_norm.weight,8.459818e+00,2.448555e-02,2.894336e-03
2400,layers.4.k_norm.bias,5.748726e-01,1.989874e-02,3.461417e-02
2400,layers.5.qk_lut.weights,7.800000e+01,1.112500e+01,1.426282e-01
2400,layers.5.qk_lut.log_soft_score_temp,5.989955e-01,1.227063e-02,2.048534e-02
2400,layers.5.qk_lut.log_select_temp,7.439057e-01,3.715932e-03,4.995166e-03
2400,layers.5.v_lut.weights,1.440000e+02,1.662500e+01,1.154514e-01
2400,layers.5.v_lut.log_soft_score_temp,7.044917e-01,7.488728e-04,1.062997e-03
2400,layers.5.v_lut.log_select_temp,7.112797e-01,2.430260e-03,3.416743e-03
2400,layers.5.out_proj.weights,5.600000e+02,4.825000e+01,8.616071e-02
2400,layers.5.out_proj.log_soft_score_temp,6.381977e-01,2.414644e-03,3.783536e-03
2400,layers.5.out_proj.log_select_temp,7.428800e-01,9.814143e-03,1.321094e-02
2400,layers.5.residual_lut.weights,3.280000e+02,2.287500e+01,6.974085e-02
2400,layers.5.residual_lut.log_soft_score_temp,6.516405e-01,3.020942e-03,4.635903e-03
2400,layers.5.residual_lut.log_select_temp,6.878321e-01,9.981990e-04,1.451225e-03
2400,layers.5.q_norm.weight,8.313167e+00,2.302548e-02,2.769761e-03
2400,layers.5.q_norm.bias,2.247586e-01,1.284756e-02,5.716160e-02
2400,layers.5.k_norm.weight,8.304938e+00,2.243276e-02,2.701135e-03
2400,layers.5.k_norm.bias,3.487797e-01,2.057451e-02,5.898999e-02
2400,ln_final.weight,2.829302e+01,4.969748e-01,1.756528e-02
2400,ln_final.bias,1.570966e+00,8.479575e-02,5.397684e-02
2600,tok_emb_E.weight,2.087046e+02,5.018775e+00,2.404727e-02
2600,emb_resid_lut.weights,1.265000e+02,1.206250e+01,9.535573e-02
2600,emb_resid_lut.log_soft_score_temp,1.202189e+00,2.268946e-02,1.887346e-02
2600,emb_resid_lut.log_select_temp,1.209416e+00,2.400434e-02,1.984787e-02
2600,unembedder.weight,1.598591e+02,7.445260e+00,4.657388e-02
2600,layers.0.qk_lut.weights,6.450000e+01,7.937500e+00,1.230620e-01
2600,layers.0.qk_lut.log_soft_score_temp,8.759936e-01,7.679641e-03,8.766778e-03
2600,layers.0.qk_lut.log_select_temp,8.749880e-01,8.872032e-03,1.013960e-02
2600,layers.0.v_lut.weights,8.850000e+01,1.218750e+01,1.377119e-01
2600,layers.0.v_lut.log_soft_score_temp,8.886517e-01,2.035320e-03,2.290346e-03
2600,layers.0.v_lut.log_select_temp,9.836924e-01,9.958565e-03,1.012366e-02
2600,layers.0.out_proj.weights,1.860000e+02,2.637500e+01,1.418011e-01
2600,layers.0.out_proj.log_soft_score_temp,5.050759e-01,2.317530e-02,4.588478e-02
2600,layers.0.out_proj.log_select_temp,9.292068e-01,1.077914e-02,1.160037e-02
2600,layers.0.residual_lut.weights,8.150000e+01,1.250000e+01,1.533742e-01
2600,layers.0.residual_lut.log_soft_score_temp,3.759217e-01,8.747935e-03,2.327063e-02
2600,layers.0.residual_lut.log_select_temp,5.797236e-01,9.394050e-03,1.620436e-02
2600,layers.0.q_norm.weight,8.774210e+00,2.307427e-02,2.629783e-03
2600,layers.0.q_norm.bias,4.251565e-01,9.992679e-03,2.350353e-02
2600,layers.0.k_norm.weight,8.742832e+00,2.195215e-02,2.510874e-03
2600,layers.0.k_norm.bias,5.794550e-01,1.449527e-02,2.501535e-02
2600,layers.1.qk_lut.weights,6.450000e+01,8.812500e+00,1.366279e-01
2600,layers.1.qk_lut.log_soft_score_temp,3.642317e-01,1.316208e-02,3.613655e-02
2600,layers.1.qk_lut.log_select_temp,7.818801e-01,9.926856e-03,1.269614e-02
2600,layers.1.v_lut.weights,8.750000e+01,1.250000e+01,1.428571e-01
2600,layers.1.v_lut.log_soft_score_temp,4.773687e-01,2.171925e-02,4.549785e-02
2600,layers.1.v_lut.log_select_temp,8.802174e-01,2.579272e-03,2.930267e-03
2600,layers.1.out_proj.weights,1.880000e+02,2.700000e+01,1.436170e-01
2600,layers.1.out_proj.log_soft_score_temp,4.841401e-01,2.311066e-02,4.773548e-02
2600,layers.1.out_proj.log_select_temp,8.442711e-01,3.962457e-03,4.693347e-03
2600,layers.1.residual_lut.weights,8.500000e+01,1.268750e+01,1.492647e-01
2600,layers.1.residual_lut.log_soft_score_temp,3.720486e-01,1.330501e-02,3.576148e-02
2600,layers.1.residual_lut.log_select_temp,6.829252e-01,1.554322e-02,2.275977e-02
2600,layers.1.q_norm.weight,8.827923e+00,3.478147e-02,3.939939e-03
2600,layers.1.q_norm.bias,4.679080e-01,1.116799e-02,2.386792e-02
2600,layers.1.k_norm.weight,8.800926e+00,3.443507e-02,3.912664e-03
2600,layers.1.k_norm.bias,7.295978e-01,1.598118e-02,2.190409e-02
2600,layers.2.qk_lut.weights,6.450000e+01,9.125000e+00,1.414729e-01
2600,layers.2.qk_lut.log_soft_score_temp,3.074737e-01,1.544446e-02,5.023018e-02
2600,layers.2.qk_lut.log_select_temp,7.835830e-01,1.102757e-02,1.407327e-02
2600,layers.2.v_lut.weights,8.800000e+01,1.250000e+01,1.420455e-01
2600,layers.2.v_lut.log_soft_score_temp,4.856441e-01,2.048102e-02,4.217290e-02
2600,layers.2.v_lut.log_select_temp,9.325988e-01,5.974829e-03,6.406645e-03
2600,layers.2.out_proj.weights,2.010000e+02,2.750000e+01,1.368159e-01
2600,layers.2.out_proj.log_soft_score_temp,5.840215e-01,1.771784e-02,3.033765e-02
2600,layers.2.out_proj.log_select_temp,9.056335e-01,1.261258e-02,1.392680e-02
2600,layers.2.residual_lut.weights,8.850000e+01,1.268750e+01,1.433616e-01
2600,layers.2.residual_lut.log_soft_score_temp,4.380711e-01,1.094282e-02,2.497954e-02
2600,layers.2.residual_lut.log_select_temp,7.342944e-01,1.640695e-02,2.234384e-02
2600,layers.2.q_norm.weight,8.768735e+00,4.137971e-02,4.719005e-03
2600,layers.2.q_norm.bias,4.399152e-01,1.068697e-02,2.429326e-02
2600,layers.2.k_norm.weight,8.747034e+00,4.161167e-02,4.757232e-03
2600,layers.2.k_norm.bias,7.142931e-01,1.698740e-02,2.378212e-02
2600,layers.3.qk_lut.weights,6.450000e+01,9.125000e+00,1.414729e-01
2600,layers.3.qk_lut.log_soft_score_temp,4.171135e-01,1.783106e-02,4.274870e-02
2600,layers.3.qk_lut.log_select_temp,7.899194e-01,8.073628e-03,1.022083e-02
2600,layers.3.v_lut.weights,8.850000e+01,1.237500e+01,1.398305e-01
2600,layers.3.v_lut.log_soft_score_temp,7.286864e-01,4.906714e-03,6.733643e-03
2600,layers.3.v_lut.log_select_temp,8.144630e-01,7.936358e-03,9.744283e-03
2600,layers.3.out_proj.weights,1.990000e+02,2.762500e+01,1.388191e-01
2600,layers.3.out_proj.log_soft_score_temp,5.250761e-01,3.618181e-03,6.890774e-03
2600,layers.3.out_proj.log_select_temp,7.488205e-01,1.307124e-02,1.745577e-02
2600,layers.3.residual_lut.weights,8.950000e+01,1.287500e+01,1.438547e-01
2600,layers.3.residual_lut.log_soft_score_temp,4.762320e-01,9.260654e-03,1.944568e-02
2600,layers.3.residual_lut.log_select_temp,7.117922e-01,1.415569e-02,1.988739e-02
2600,layers.3.q_norm.weight,8.655709e+00,4.248471e-02,4.908288e-03
2600,layers.3.q_norm.bias,2.473054e-01,1.224876e-02,4.952889e-02
2600,layers.3.k_norm.weight,8.647124e+00,4.239889e-02,4.903236e-03
2600,layers.3.k_norm.bias,3.730106e-01,1.656140e-02,4.439928e-02
2600,layers.4.qk_lut.weights,6.550000e+01,9.187500e+00,1.402672e-01
2600,layers.4.qk_lut.log_soft_score_temp,4.015930e-01,1.433367e-02,3.569202e-02
2600,layers.4.qk_lut.log_select_temp,7.495629e-01,4.672348e-03,6.233431e-03
2600,layers.4.v_lut.weights,9.200000e+01,1.287500e+01,1.399457e-01
2600,layers.4.v_lut.log_soft_score_temp,6.998481e-01,3.771305e-03,5.388748e-03
2600,layers.4.v_lut.log_select_temp,7.706235e-01,5.547166e-03,7.198283e-03
2600,layers.4.out_proj.weights,3.100000e+02,3.037500e+01,9.798387e-02
2600,layers.4.out_proj.log_soft_score_temp,6.102739e-01,8.860826e-03,1.451943e-02
2600,layers.4.out_proj.log_select_temp,7.942278e-01,9.170830e-03,1.154685e-02
2600,layers.4.residual_lut.weights,1.290000e+02,1.368750e+01,1.061047e-01
2600,layers.4.residual_lut.log_soft_score_temp,5.586136e-01,6.958365e-03,1.245649e-02
2600,layers.4.residual_lut.log_select_temp,6.908786e-01,6.902277e-03,9.990580e-03
2600,layers.4.q_norm.weight,8.490181e+00,1.790184e-02,2.108535e-03
2600,layers.4.q_norm.bias,3.442621e-01,1.000428e-02,2.906006e-02
2600,layers.4.k_norm.weight,8.472659e+00,1.896634e-02,2.238534e-03
2600,layers.4.k_norm.bias,5.878924e-01,1.649326e-02,2.805490e-02
2600,layers.5.qk_lut.weights,7.950000e+01,9.437500e+00,1.187107e-01
2600,layers.5.qk_lut.log_soft_score_temp,5.893489e-01,9.646595e-03,1.636822e-02
2600,layers.5.qk_lut.log_select_temp,7.478991e-01,3.993392e-03,5.339480e-03
2600,layers.5.v_lut.weights,1.470000e+02,1.412500e+01,9.608844e-02
2600,layers.5.v_lut.log_soft_score_temp,7.045676e-01,7.593632e-05,1.077772e-04
2600,layers.5.v_lut.log_select_temp,7.129241e-01,1.644313e-03,2.306435e-03
2600,layers.5.out_proj.weights,5.720000e+02,4.025000e+01,7.036713e-02
2600,layers.5.out_proj.log_soft_score_temp,6.341764e-01,4.021287e-03,6.340960e-03
2600,layers.5.out_proj.log_select_temp,7.498923e-01,7.012248e-03,9.351007e-03
2600,layers.5.residual_lut.weights,3.400000e+02,1.937500e+01,5.698529e-02
2600,layers.5.residual_lut.log_soft_score_temp,6.496589e-01,1.981616e-03,3.050241e-03
2600,layers.5.residual_lut.log_select_temp,6.890149e-01,1.182795e-03,1.716646e-03
2600,layers.5.q_norm.weight,8.330022e+00,2.002194e-02,2.403588e-03
2600,layers.5.q_norm.bias,2.321789e-01,9.174602e-03,3.951523e-02
2600,layers.5.k_norm.weight,8.321302e+00,1.939124e-02,2.330313e-03
2600,layers.5.k_norm.bias,3.608472e-01,1.500874e-02,4.159307e-02
2600,ln_final.weight,2.871812e+01,4.252413e-01,1.480742e-02
2600,ln_final.bias,1.618921e+00,7.266854e-02,4.488704e-02
2800,tok_emb_E.weight,2.087766e+02,4.213402e+00,2.018139e-02
2800,emb_resid_lut.weights,1.275000e+02,1.012500e+01,7.941176e-02
2800,emb_resid_lut.log_soft_score_temp,1.220938e+00,1.874900e-02,1.535623e-02
2800,emb_resid_lut.log_select_temp,1.229379e+00,1.996255e-02,1.623792e-02
2800,unembedder.weight,1.606807e+02,6.284835e+00,3.911382e-02
2800,layers.0.qk_lut.weights,6.500000e+01,6.687500e+00,1.028846e-01
2800,layers.0.qk_lut.log_soft_score_temp,8.817893e-01,5.795658e-03,6.572611e-03
2800,layers.0.qk_lut.log_select_temp,8.814702e-01,6.482184e-03,7.353832e-03
2800,layers.0.v_lut.weights,8.900000e+01,1.018750e+01,1.144663e-01
2800,layers.0.v_lut.log_soft_score_temp,8.920801e-01,3.428400e-03,3.843152e-03
2800,layers.0.v_lut.log_select_temp,9.929793e-01,9.286880e-03,9.352542e-03
2800,layers.0.out_proj.weights,1.880000e+02,2.200000e+01,1.170213e-01
2800,layers.0.out_proj.log_soft_score_temp,4.863681e-01,1.870781e-02,3.846431e-02
2800,layers.0.out_proj.log_select_temp,9.391937e-01,9.986877e-03,1.063346e-02
2800,layers.0.residual_lut.weights,8.200000e+01,1.043750e+01,1.272866e-01
2800,layers.0.residual_lut.log_soft_score_temp,3.722397e-01,3.681988e-03,9.891442e-03
2800,layers.0.residual_lut.log_select_temp,5.901947e-01,1.047111e-02,1.774178e-02
2800,layers.0.q_norm.weight,8.793918e+00,2.134822e-02,2.427612e-03
2800,layers.0.q_norm.bias,4.339777e-01,1.006917e-02,2.320205e-02
2800,layers.0.k_norm.weight,8.761056e+00,2.016099e-02,2.301205e-03
2800,layers.0.k_norm.bias,5.922087e-01,1.433940e-02,2.421342e-02
2800,layers.1.qk_lut.weights,6.500000e+01,7.375000e+00,1.134615e-01
2800,layers.1.qk_lut.log_soft_score_temp,3.544268e-01,9.804875e-03,2.766403e-02
2800,layers.1.qk_lut.log_select_temp,7.898421e-01,7.961988e-03,1.008048e-02
2800,layers.1.v_lut.weights,8.800000e+01,1.043750e+01,1.186080e-01
2800,layers.1.v_lut.log_soft_score_temp,4.591602e-01,1.820850e-02,3.965610e-02
2800,layers.1.v_lut.log_select_temp,8.842777e-01,4.060328e-03,4.591689e-03
2800,layers.1.out_proj.weights,1.890000e+02,2.250000e+01,1.190476e-01
2800,layers.1.out_proj.log_soft_score_temp,4.649786e-01,1.916149e-02,4.120941e-02
2800,layers.1.out_proj.log_select_temp,8.481179e-01,3.846824e-03,4.535718e-03
2800,layers.1.residual_lut.weights,8.550000e+01,1.062500e+01,1.242690e-01
2800,layers.1.residual_lut.log_soft_score_temp,3.635467e-01,8.501828e-03,2.338579e-02
2800,layers.1.residual_lut.log_select_temp,6.973465e-01,1.442128e-02,2.068023e-02
2800,layers.1.q_norm.weight,8.852595e+00,2.841410e-02,3.209692e-03
2800,layers.1.q_norm.bias,4.754291e-01,9.120445e-03,1.918361e-02
2800,layers.1.k_norm.weight,8.825006e+00,2.820160e-02,3.195646e-03
2800,layers.1.k_norm.bias,7.417367e-01,1.678465e-02,2.262886e-02
2800,layers.2.qk_lut.weights,6.500000e+01,7.625000e+00,1.173077e-01
2800,layers.2.qk_lut.log_soft_score_temp,2.955281e-01,1.194561e-02,4.042122e-02
2800,layers.2.qk_lut.log_select_temp,7.937557e-01,1.017267e-02,1.281586e-02
2800,layers.2.v_lut.weights,8.850000e+01,1.037500e+01,1.172316e-01
2800,layers.2.v_lut.log_soft_score_temp,4.678674e-01,1.777676e-02,3.799529e-02
2800,layers.2.v_lut.log_select_temp,9.378960e-01,5.297184e-03,5.647944e-03
2800,layers.2.out_proj.weights,2.030000e+02,2.275000e+01,1.120690e-01
2800,layers.2.out_proj.log_soft_score_temp,5.694335e-01,1.458800e-02,2.561844e-02
2800,layers.2.out_proj.log_select_temp,9.157003e-01,1.006681e-02,1.099356e-02
2800,layers.2.residual_lut.weights,8.950000e+01,1.062500e+01,1.187151e-01
2800,layers.2.residual_lut.log_soft_score_temp,4.289597e-01,9.111434e-03,2.124077e-02
2800,layers.2.residual_lut.log_select_temp,7.489056e-01,1.461124e-02,1.951013e-02
2800,layers.2.q_norm.weight,8.800432e+00,3.888331e-02,4.418341e-03
2800,layers.2.q_norm.bias,4.452033e-01,9.538242e-03,2.142446e-02
2800,layers.2.k_norm.weight,8.778239e+00,3.875088e-02,4.414426e-03
2800,layers.2.k_norm.bias,7.224040e-01,1.550078e-02,2.145722e-02
2800,layers.3.qk_lut.weights,6.500000e+01,7.593750e+00,1.168269e-01
2800,layers.3.qk_lut.log_soft_score_temp,4.019362e-01,1.517725e-02,3.776035e-02
2800,layers.3.qk_lut.log_select_temp,7.949938e-01,5.074382e-03,6.382920e-03
2800,layers.3.v_lut.weights,8.900000e+01,1.031250e+01,1.158708e-01
2800,layers.3.v_lut.log_soft_score_temp,7.233537e-01,5.332649e-03,7.372117e-03
2800,layers.3.v_lut.log_select_temp,8.200228e-01,5.559802e-03,6.780058e-03
2800,layers.3.out_proj.weights,2.010000e+02,2.287500e+01,1.138060e-01
2800,layers.3.out_proj.log_soft_score_temp,5.221760e-01,2.900064e-03,5.553805e-03
2800,layers.3.out_proj.log_select_temp,7.589726e-01,1.015210e-02,1.337611e-02
2800,layers.3.residual_lut.weights,9.050000e+01,1.075000e+01,1.187845e-01
2800,layers.3.residual_lut.log_soft_score_temp,4.691575e-01,7.074505e-03,1.507917e-02
2800,layers.3.residual_lut.log_select_temp,7.249791e-01,1.318693e-02,1.818940e-02
2800,layers.3.q_norm.weight,8.686760e+00,3.515901e-02,4.047425e-03
2800,layers.3.q_norm.bias,2.564029e-01,1.085698e-02,4.234342e-02
2800,layers.3.k_norm.weight,8.677725e+00,3.470738e-02,3.999594e-03
2800,layers.3.k_norm.bias,3.845983e-01,1.628595e-02,4.234536e-02
2800,layers.4.qk_lut.weights,6.600000e+01,7.625000e+00,1.155303e-01
2800,layers.4.qk_lut.log_soft_score_temp,3.898384e-01,1.175457e-02,3.015242e-02
2800,layers.4.qk_lut.log_select_temp,7.537973e-01,4.234374e-03,5.617390e-03
2800,layers.4.v_lut.weights,9.300000e+01,1.068750e+01,1.149194e-01
2800,layers.4.v_lut.log_soft_score_temp,6.960495e-01,3.798544e-03,5.457291e-03
2800,layers.4.v_lut.log_select_temp,7.754149e-01,4.791379e-03,6.179117e-03
2800,layers.4.out_proj.weights,3.120000e+02,2.500000e+01,8.012821e-02
2800,layers.4.out_proj.log_soft_score_temp,6.025950e-01,7.678926e-03,1.274310e-02
2800,layers.4.out_proj.log_select_temp,8.029419e-01,8.714139e-03,1.085276e-02
2800,layers.4.residual_lut.weights,1.310000e+02,1.137500e+01,8.683206e-02
2800,layers.4.residual_lut.log_soft_score_temp,5.528809e-01,5.732715e-03,1.036881e-02
2800,layers.4.residual_lut.log_select_temp,6.975348e-01,6.656229e-03,9.542505e-03
2800,layers.4.q_norm.weight,8.502334e+00,1.522710e-02,1.790932e-03
2800,layers.4.q_norm.bias,3.500588e-01,7.648835e-03,2.185014e-02
2800,layers.4.k_norm.weight,8.483958e+00,1.498953e-02,1.766809e-03
2800,layers.4.k_norm.bias,5.980200e-01,1.234860e-02,2.064914e-02
2800,layers.5.qk_lut.weights,8.050000e+01,7.875000e+00,9.782609e-02
2800,layers.5.qk_lut.log_soft_score_temp,5.805521e-01,8.796811e-03,1.515249e-02
2800,layers.5.qk_lut.log_select_temp,7.503520e-01,2.452910e-03,3.269012e-03
2800,layers.5.v_lut.weights,1.490000e+02,1.175000e+01,7.885906e-02
2800,layers.5.v_lut.log_soft_score_temp,7.049134e-01,3.458261e-04,4.905938e-04
2800,layers.5.v_lut.log_select_temp,7.146358e-01,1.711726e-03,2.395243e-03
2800,layers.5.out_proj.weights,5.800000e+02,3.350000e+01,5.775862e-02
2800,layers.5.out_proj.log_soft_score_temp,6.324170e-01,1.759410e-03,2.782041e-03
2800,layers.5.out_proj.log_select_temp,7.578288e-01,7.936478e-03,1.047265e-02
2800,layers.5.residual_lut.weights,3.480000e+02,1.600000e+01,4.597701e-02
2800,layers.5.residual_lut.log_soft_score_temp,6.479762e-01,1.682699e-03,2.596853e-03
2800,layers.5.residual_lut.log_select_temp,6.901572e-01,1.142323e-03,1.655163e-03
2800,layers.5.q_norm.weight,8.341391e+00,1.490317e-02,1.786652e-03
2800,layers.5.q_norm.bias,2.393212e-01,9.540664e-03,3.986551e-02
2800,layers.5.k_norm.weight,8.332161e+00,1.395808e-02,1.675206e-03
2800,layers.5.k_norm.bias,3.700936e-01,1.352250e-02,3.653807e-02
2800,ln_final.weight,2.907253e+01,3.545268e-01,1.219456e-02
2800,ln_final.bias,1.658610e+00,6.153698e-02,3.710153e-02
3000,tok_emb_E.weight,2.088255e+02,3.453212e+00,1.653635e-02
3000,emb_resid_lut.weights,1.290000e+02,8.312500e+00,6.443798e-02
3000,emb_resid_lut.log_soft_score_temp,1.235507e+00,1.456904e-02,1.179196e-02
3000,emb_resid_lut.log_select_temp,1.245266e+00,1.588738e-02,1.275822e-02
3000,unembedder.weight,1.612478e+02,5.098321e+00,3.161793e-02
3000,layers.0.qk_lut.weights,6.550000e+01,5.531250e+00,8.444656e-02
3000,layers.0.qk_lut.log_soft_score_temp,8.868643e-01,5.075037e-03,5.722451e-03
3000,layers.0.qk_lut.log_select_temp,8.865713e-01,5.101085e-03,5.753722e-03
3000,layers.0.v_lut.weights,8.950000e+01,8.375000e+00,9.357542e-02
3000,layers.0.v_lut.log_soft_score_temp,8.955894e-01,3.509283e-03,3.918406e-03
3000,layers.0.v_lut.log_select_temp,1.000128e+00,7.148504e-03,7.147591e-03
3000,layers.0.out_proj.weights,1.890000e+02,1.787500e+01,9.457672e-02
3000,layers.0.out_proj.log_soft_score_temp,4.714512e-01,1.491696e-02,3.164051e-02
3000,layers.0.out_proj.log_select_temp,9.492920e-01,1.009834e-02,1.063776e-02
3000,layers.0.residual_lut.weights,8.250000e+01,8.562500e+00,1.037879e-01
3000,layers.0.residual_lut.log_soft_score_temp,3.716227e-01,6.169677e-04,1.660199e-03
3000,layers.0.residual_lut.log_select_temp,6.003631e-01,1.016837e-02,1.693704e-02
3000,layers.0.q_norm.weight,8.809682e+00,1.737965e-02,1.972790e-03
3000,layers.0.q_norm.bias,4.402274e-01,7.383767e-03,1.677262e-02
3000,layers.0.k_norm.weight,8.775880e+00,1.647962e-02,1.877831e-03
3000,layers.0.k_norm.bias,6.012077e-01,1.127205e-02,1.874902e-02
3000,layers.1.qk_lut.weights,6.550000e+01,6.031250e+00,9.208015e-02
3000,layers.1.qk_lut.log_soft_score_temp,3.455909e-01,8.835971e-03,2.556772e-02
3000,layers.1.qk_lut.log_select_temp,7.967208e-01,6.878734e-03,8.633807e-03
3000,layers.1.v_lut.weights,8.850000e+01,8.500000e+00,9.604520e-02
3000,layers.1.v_lut.log_soft_score_temp,4.441107e-01,1.504952e-02,3.388686e-02
3000,layers.1.v_lut.log_select_temp,8.869298e-01,2.652049e-03,2.990146e-03
3000,layers.1.out_proj.weights,1.900000e+02,1.825000e+01,9.605263e-02
3000,layers.1.out_proj.log_soft_score_temp,4.492337e-01,1.574486e-02,3.504827e-02
3000,layers.1.out_proj.log_select_temp,8.516567e-01,3.538728e-03,4.155111e-03
3000,layers.1.residual_lut.weights,8.600000e+01,8.687500e+00,1.010174e-01
3000,layers.1.residual_lut.log_soft_score_temp,3.564777e-01,7.069051e-03,1.983028e-02
3000,layers.1.residual_lut.log_select_temp,7.100061e-01,1.265961e-02,1.783028e-02
3000,layers.1.q_norm.weight,8.873165e+00,2.444264e-02,2.754670e-03
3000,layers.1.q_norm.bias,4.807321e-01,7.465759e-03,1.552998e-02
3000,layers.1.k_norm.weight,8.845254e+00,2.424619e-02,2.741152e-03
3000,layers.1.k_norm.bias,7.507032e-01,1.155229e-02,1.538863e-02
3000,layers.2.qk_lut.weights,6.550000e+01,6.218750e+00,9.494275e-02
3000,layers.2.qk_lut.log_soft_score_temp,2.858490e-01,9.679079e-03,3.386081e-02
3000,layers.2.qk_lut.log_select_temp,8.021010e-01,8.345306e-03,1.040431e-02
3000,layers.2.v_lut.weights,8.900000e+01,8.500000e+00,9.550562e-02
3000,layers.2.v_lut.log_soft_score_temp,4.535971e-01,1.427025e-02,3.146018e-02
3000,layers.2.v_lut.log_select_temp,9.418015e-01,3.905535e-03,4.146877e-03
3000,layers.2.out_proj.weights,2.040000e+02,1.850000e+01,9.068627e-02
3000,layers.2.out_proj.log_soft_score_temp,5.574150e-01,1.201850e-02,2.156114e-02
3000,layers.2.out_proj.log_select_temp,9.239186e-01,8.218288e-03,8.895035e-03
3000,layers.2.residual_lut.weights,9.000000e+01,8.687500e+00,9.652778e-02
3000,layers.2.residual_lut.log_soft_score_temp,4.229649e-01,5.994737e-03,1.417313e-02
3000,layers.2.residual_lut.log_select_temp,7.621712e-01,1.326561e-02,1.740503e-02
3000,layers.2.q_norm.weight,8.826786e+00,3.223151e-02,3.651557e-03
3000,layers.2.q_norm.bias,4.489716e-01,8.160071e-03,1.817502e-02
3000,layers.2.k_norm.weight,8.804350e+00,3.194184e-02,3.627961e-03
3000,layers.2.k_norm.bias,7.287933e-01,1.354570e-02,1.858648e-02
3000,layers.3.qk_lut.weights,6.550000e+01,6.218750e+00,9.494275e-02
3000,layers.3.qk_lut.log_soft_score_temp,3.908403e-01,1.109588e-02,2.838981e-02
3000,layers.3.qk_lut.log_select_temp,8.001506e-01,5.156875e-03,6.444880e-03
3000,layers.3.v_lut.weights,9.000000e+01,8.437500e+00,9.375000e-02
3000,layers.3.v_lut.log_soft_score_temp,7.175978e-01,5.755961e-03,8.021152e-03
3000,layers.3.v_lut.log_select_temp,8.244595e-01,4.436672e-03,5.381310e-03
3000,layers.3.out_proj.weights,2.020000e+02,1.862500e+01,9.220297e-02
3000,layers.3.out_proj.log_soft_score_temp,5.199276e-01,2.248466e-03,4.324576e-03
3000,layers.3.out_proj.log_select_temp,7.682059e-01,9.233296e-03,1.201930e-02
3000,layers.3.residual_lut.weights,9.100000e+01,8.812500e+00,9.684066e-02
3000,layers.3.residual_lut.log_soft_score_temp,4.638273e-01,5.330145e-03,1.149166e-02
3000,layers.3.residual_lut.log_select_temp,7.370505e-01,1.207137e-02,1.637794e-02
3000,layers.3.q_norm.weight,8.712478e+00,2.878265e-02,3.303613e-03
3000,layers.3.q_norm.bias,2.630883e-01,8.358568e-03,3.177095e-02
3000,layers.3.k_norm.weight,8.703239e+00,2.850846e-02,3.275615e-03
3000,layers.3.k_norm.bias,3.927220e-01,1.115856e-02,2.841337e-02
3000,layers.4.qk_lut.weights,6.600000e+01,6.218750e+00,9.422348e-02
3000,layers.4.qk_lut.log_soft_score_temp,3.810847e-01,8.753717e-03,2.297053e-02
3000,layers.4.qk_lut.log_select_temp,7.588416e-01,5.044281e-03,6.647345e-03
3000,layers.4.v_lut.weights,9.350000e+01,8.750000e+00,9.358289e-02
3000,layers.4.v_lut.log_soft_score_temp,6.925957e-01,3.453791e-03,4.986735e-03
3000,layers.4.v_lut.log_select_temp,7.795804e-01,4.165471e-03,5.343222e-03
3000,layers.4.out_proj.weights,3.140000e+02,2.012500e+01,6.409236e-02
3000,layers.4.out_proj.log_soft_score_temp,5.966448e-01,5.950153e-03,9.972688e-03
3000,layers.4.out_proj.log_select_temp,8.106740e-01,7.732034e-03,9.537785e-03
3000,layers.4.residual_lut.weights,1.320000e+02,9.312500e+00,7.054924e-02
3000,layers.4.residual_lut.log_soft_score_temp,5.488821e-01,3.998816e-03,7.285383e-03
3000,layers.4.residual_lut.log_select_temp,7.041693e-01,6.634533e-03,9.421787e-03
3000,layers.4.q_norm.weight,8.514812e+00,1.475411e-02,1.732758e-03
3000,layers.4.q_norm.bias,3.557451e-01,7.006609e-03,1.969559e-02
3000,layers.4.k_norm.weight,8.495206e+00,1.429509e-02,1.682724e-03
3000,layers.4.k_norm.bias,6.089271e-01,1.311917e-02,2.154473e-02
3000,layers.5.qk_lut.weights,8.100000e+01,6.406250e+00,7.908951e-02
3000,layers.5.qk_lut.log_soft_score_temp,5.733607e-01,7.191420e-03,1.254258e-02
3000,layers.5.qk_lut.log_select_temp,7.532791e-01,2.927184e-03,3.885922e-03
3000,layers.5.v_lut.weights,1.510000e+02,9.500000e+00,6.291391e-02
3000,layers.5.v_lut.log_soft_score_temp,7.050721e-01,1.586676e-04,2.250374e-04
3000,layers.5.v_lut.log_select_temp,7.161728e-01,1.536965e-03,2.146082e-03
3000,layers.5.out_proj.weights,5.880000e+02,2.675000e+01,4.549320e-02
3000,layers.5.out_proj.log_soft_score_temp,6.309517e-01,1.465261e-03,2.322303e-03
3000,layers.5.out_proj.log_select_temp,7.640989e-01,6.270170e-03,8.205966e-03
3000,layers.5.residual_lut.weights,3.540000e+02,1.293750e+01,3.654661e-02
3000,layers.5.residual_lut.log_soft_score_temp,6.467901e-01,1.186132e-03,1.833875e-03
3000,layers.5.residual_lut.log_select_temp,6.912761e-01,1.118839e-03,1.618512e-03
3000,layers.5.q_norm.weight,8.350428e+00,1.149613e-02,1.376712e-03
3000,layers.5.q_norm.bias,2.439750e-01,6.541030e-03,2.681025e-02
3000,layers.5.k_norm.weight,8.341012e+00,1.086105e-02,1.302126e-03
3000,layers.5.k_norm.bias,3.775298e-01,9.560480e-03,2.532378e-02
3000,ln_final.weight,2.936148e+01,2.890540e-01,9.844666e-03
3000,ln_final.bias,1.691830e+00,5.215443e-02,3.082723e-02
3200,tok_emb_E.weight,2.088586e+02,2.774175e+00,1.328255e-02
3200,emb_resid_lut.weights,1.290000e+02,6.718750e+00,5.208333e-02
3200,emb_resid_lut.log_soft_score_temp,1.247151e+00,1.164412e-02,9.336582e-03
3200,emb_resid_lut.log_select_temp,1.257947e+00,1.268065e-02,1.008043e-02
3200,unembedder.weight,1.616943e+02,4.132949e+00,2.556027e-02
3200,layers.0.qk_lut.weights,6.550000e+01,4.468750e+00,6.822519e-02
3200,layers.0.qk_lut.log_soft_score_temp,8.909969e-01,4.132628e-03,4.638207e-03
3200,layers.0.qk_lut.log_select_temp,8.905336e-01,3.962278e-03,4.449331e-03
3200,layers.0.v_lut.weights,9.000000e+01,6.750000e+00,7.500000e-02
3200,layers.0.v_lut.log_soft_score_temp,8.995214e-01,3.932059e-03,4.371279e-03
3200,layers.0.v_lut.log_select_temp,1.006356e+00,6.227732e-03,6.188401e-03
3200,layers.0.out_proj.weights,1.890000e+02,1.431250e+01,7.572751e-02
3200,layers.0.out_proj.log_soft_score_temp,4.599262e-01,1.152498e-02,2.505832e-02
3200,layers.0.out_proj.log_select_temp,9.582310e-01,8.939028e-03,9.328677e-03
3200,layers.0.residual_lut.weights,8.250000e+01,6.843750e+00,8.295455e-02
3200,layers.0.residual_lut.log_soft_score_temp,3.733517e-01,1.728952e-03,4.630894e-03
3200,layers.0.residual_lut.log_select_temp,6.094531e-01,9.090006e-03,1.491502e-02
3200,layers.0.q_norm.weight,8.822253e+00,1.411670e-02,1.600124e-03
3200,layers.0.q_norm.bias,4.460338e-01,6.760639e-03,1.515723e-02
3200,layers.0.k_norm.weight,8.787679e+00,1.320868e-02,1.503091e-03
3200,layers.0.k_norm.bias,6.083719e-01,8.240486e-03,1.354514e-02
3200,layers.1.qk_lut.weights,6.550000e+01,4.812500e+00,7.347328e-02
3200,layers.1.qk_lut.log_soft_score_temp,3.391435e-01,6.447375e-03,1.901076e-02
3200,layers.1.qk_lut.log_select_temp,8.021297e-01,5.408943e-03,6.743227e-03
3200,layers.1.v_lut.weights,8.900000e+01,6.781250e+00,7.619382e-02
3200,layers.1.v_lut.log_soft_score_temp,4.326972e-01,1.141348e-02,2.637753e-02
3200,layers.1.v_lut.log_select_temp,8.891578e-01,2.228081e-03,2.505833e-03
3200,layers.1.out_proj.weights,1.910000e+02,1.456250e+01,7.624346e-02
3200,layers.1.out_proj.log_soft_score_temp,4.366933e-01,1.254037e-02,2.871665e-02
3200,layers.1.out_proj.log_select_temp,8.543643e-01,2.707660e-03,3.169210e-03
3200,layers.1.residual_lut.weights,8.600000e+01,6.937500e+00,8.066860e-02
3200,layers.1.residual_lut.log_soft_score_temp,3.522590e-01,4.218727e-03,1.197621e-02
3200,layers.1.residual_lut.log_select_temp,7.209789e-01,1.097280e-02,1.521930e-02
3200,layers.1.q_norm.weight,8.888249e+00,1.805340e-02,2.031153e-03
3200,layers.1.q_norm.bias,4.852000e-01,6.569633e-03,1.354005e-02
3200,layers.1.k_norm.weight,8.860082e+00,1.796675e-02,2.027831e-03
3200,layers.1.k_norm.bias,7.571226e-01,8.333532e-03,1.100685e-02
3200,layers.2.qk_lut.weights,6.550000e+01,4.968750e+00,7.585878e-02
3200,layers.2.qk_lut.log_soft_score_temp,2.781233e-01,7.725656e-03,2.777781e-02
3200,layers.2.qk_lut.log_select_temp,8.081657e-01,6.064773e-03,7.504367e-03
3200,layers.2.v_lut.weights,8.950000e+01,6.781250e+00,7.576816e-02
3200,layers.2.v_lut.log_soft_score_temp,4.420382e-01,1.155892e-02,2.614914e-02
3200,layers.2.v_lut.log_select_temp,9.445783e-01,2.776742e-03,2.939663e-03
3200,layers.2.out_proj.weights,2.040000e+02,1.475000e+01,7.230392e-02
3200,layers.2.out_proj.log_soft_score_temp,5.473263e-01,1.008868e-02,1.843266e-02
3200,layers.2.out_proj.log_select_temp,9.305601e-01,6.641507e-03,7.137107e-03
3200,layers.2.residual_lut.weights,9.000000e+01,6.968750e+00,7.743056e-02
3200,layers.2.residual_lut.log_soft_score_temp,4.182566e-01,4.708320e-03,1.125701e-02
3200,layers.2.residual_lut.log_select_temp,7.726822e-01,1.051104e-02,1.360332e-02
3200,layers.2.q_norm.weight,8.845984e+00,2.357320e-02,2.664848e-03
3200,layers.2.q_norm.bias,4.527014e-01,6.513902e-03,1.438896e-02
3200,layers.2.k_norm.weight,8.823410e+00,2.377409e-02,2.694433e-03
3200,layers.2.k_norm.bias,7.340416e-01,1.103954e-02,1.503940e-02
3200,layers.3.qk_lut.weights,6.550000e+01,4.968750e+00,7.585878e-02
3200,layers.3.qk_lut.log_soft_score_temp,3.812689e-01,9.571373e-03,2.510399e-02
3200,layers.3.qk_lut.log_select_temp,8.042451e-01,4.094422e-03,5.091013e-03
3200,layers.3.v_lut.weights,9.000000e+01,6.718750e+00,7.465278e-02
3200,layers.3.v_lut.log_soft_score_temp,7.127556e-01,4.842162e-03,6.793580e-03
3200,layers.3.v_lut.log_select_temp,8.279053e-01,3.445804e-03,4.162075e-03
3200,layers.3.out_proj.weights,2.030000e+02,1.475000e+01,7.266010e-02
3200,layers.3.out_proj.log_soft_score_temp,5.181203e-01,1.807272e-03,3.488133e-03
3200,layers.3.out_proj.log_select_temp,7.755163e-01,7.310331e-03,9.426406e-03
3200,layers.3.residual_lut.weights,9.150000e+01,7.031250e+00,7.684426e-02
3200,layers.3.residual_lut.log_soft_score_temp,4.600194e-01,3.807962e-03,8.277830e-03
3200,layers.3.residual_lut.log_select_temp,7.466261e-01,9.575665e-03,1.282525e-02
3200,layers.3.q_norm.weight,8.730412e+00,2.198200e-02,2.517866e-03
3200,layers.3.q_norm.bias,2.673002e-01,6.022231e-03,2.252984e-02
3200,layers.3.k_norm.weight,8.721072e+00,2.188721e-02,2.509693e-03
3200,layers.3.k_norm.bias,3.975899e-01,8.978695e-03,2.258280e-02
3200,layers.4.qk_lut.weights,6.650000e+01,4.968750e+00,7.471805e-02
3200,layers.4.qk_lut.log_soft_score_temp,3.735366e-01,7.548034e-03,2.020694e-02
3200,layers.4.qk_lut.log_select_temp,7.617382e-01,2.896607e-03,3.802628e-03
3200,layers.4.v_lut.weights,9.400000e+01,7.000000e+00,7.446809e-02
3200,layers.4.v_lut.log_soft_score_temp,6.885104e-01,4.085302e-03,5.933537e-03
3200,layers.4.v_lut.log_select_temp,7.825674e-01,2.987087e-03,3.817034e-03
3200,layers.4.out_proj.weights,3.160000e+02,1.600000e+01,5.063291e-02
3200,layers.4.out_proj.log_soft_score_temp,5.929078e-01,3.737032e-03,6.302890e-03
3200,layers.4.out_proj.log_select_temp,8.169568e-01,6.282866e-03,7.690573e-03
3200,layers.4.residual_lut.weights,1.330000e+02,7.406250e+00,5.568609e-02
3200,layers.4.residual_lut.log_soft_score_temp,5.458971e-01,2.984941e-03,5.467955e-03
3200,layers.4.residual_lut.log_select_temp,7.098219e-01,5.652547e-03,7.963331e-03
3200,layers.4.q_norm.weight,8.522538e+00,9.769563e-03,1.146321e-03
3200,layers.4.q_norm.bias,3.600455e-01,5.743806e-03,1.595300e-02
3200,layers.4.k_norm.weight,8.502595e+00,1.006048e-02,1.183225e-03
3200,layers.4.k_norm.bias,6.144269e-01,8.423902e-03,1.371018e-02
3200,layers.5.qk_lut.weights,8.150000e+01,5.125000e+00,6.288344e-02
3200,layers.5.qk_lut.log_soft_score_temp,5.662511e-01,7.109582e-03,1.255553e-02
3200,layers.5.qk_lut.log_select_temp,7.534524e-01,1.732111e-04,2.298899e-04
3200,layers.5.v_lut.weights,1.520000e+02,7.593750e+00,4.995888e-02
3200,layers.5.v_lut.log_soft_score_temp,7.047142e-01,3.578663e-04,5.078176e-04
3200,layers.5.v_lut.log_select_temp,7.170016e-01,8.288622e-04,1.156012e-03
3200,layers.5.out_proj.weights,5.960000e+02,2.137500e+01,3.586409e-02
3200,layers.5.out_proj.log_soft_score_temp,6.304458e-01,5.059242e-04,8.024865e-04
3200,layers.5.out_proj.log_select_temp,7.695723e-01,5.473375e-03,7.112230e-03
3200,layers.5.residual_lut.weights,3.600000e+02,1.031250e+01,2.864583e-02
3200,layers.5.residual_lut.log_soft_score_temp,6.459247e-01,8.653998e-04,1.339784e-03
3200,layers.5.residual_lut.log_select_temp,6.922767e-01,1.000583e-03,1.445352e-03
3200,layers.5.q_norm.weight,8.356015e+00,7.638588e-03,9.141424e-04
3200,layers.5.q_norm.bias,2.470303e-01,5.206152e-03,2.107495e-02
3200,layers.5.k_norm.weight,8.346509e+00,7.399511e-03,8.865396e-04
3200,layers.5.k_norm.bias,3.820560e-01,6.133018e-03,1.605267e-02
3200,ln_final.weight,2.959140e+01,2.299994e-01,7.772510e-03
3200,ln_final.bias,1.718588e+00,4.242601e-02,2.468655e-02
